pair_id,group_id,enzyme_class,enz_ac,sub_ac,enz_gene,sub_gene,label,fold,y_true,prob,model_name,loss_name
E3|O14543|O60674,E3|O14543,E3,O14543,O60674,SOCS3,JAK2,1,0,1,0.6062732934951782,neural_pair_scorer_resmlp_focal,focal
E3|O14543|P35568,E3|O14543,E3,O14543,P35568,SOCS3,IRS1,1,0,1,0.36903226375579834,neural_pair_scorer_resmlp_focal,focal
E3|O14543|P40189,E3|O14543,E3,O14543,P40189,SOCS3,IL6ST,1,0,1,0.30819714069366455,neural_pair_scorer_resmlp_focal,focal
E3|O14543|Q9Y286,E3|O14543,E3,O14543,Q9Y286,SOCS3,SIGLEC7,1,0,1,0.26369479298591614,neural_pair_scorer_resmlp_focal,focal
E3|O14543|Q9Y4H2,E3|O14543,E3,O14543,Q9Y4H2,SOCS3,IRS2,1,0,1,0.39379024505615234,neural_pair_scorer_resmlp_focal,focal
E3|O14544|P10721,E3|O14544,E3,O14544,P10721,SOCS6,KIT,1,0,1,0.5532543063163757,neural_pair_scorer_resmlp_focal,focal
E3|O14965|P04179,E3|O14965,E3,O14965,P04179,AURKA,SOD2,1,0,1,0.42902082204818726,neural_pair_scorer_resmlp_focal,focal
E3|O43567|O43567,E3|O43567,E3,O43567,O43567,RNF13,RNF13,1,0,1,0.8259189128875732,neural_pair_scorer_resmlp_focal,focal
E3|O43567|O95295,E3|O43567,E3,O43567,O95295,RNF13,SNAPIN,1,0,1,0.3602573871612549,neural_pair_scorer_resmlp_focal,focal
E3|O43734|Q9Y4K3,E3|O43734,E3,O43734,Q9Y4K3,TRAF3IP2,TRAF6,1,0,1,0.8504008054733276,neural_pair_scorer_resmlp_focal,focal
E3|O60291|Q99816,E3|O60291,E3,O60291,Q99816,MGRN1,TSG101,1,0,1,0.6039280891418457,neural_pair_scorer_resmlp_focal,focal
E3|O60784|Q15742,E3|O60784,E3,O60784,Q15742,TOM1,NAB2,1,0,1,0.20543546974658966,neural_pair_scorer_resmlp_focal,focal
E3|O60784|Q99741,E3|O60784,E3,O60784,Q99741,TOM1,CDC6,1,0,1,0.34167784452438354,neural_pair_scorer_resmlp_focal,focal
E3|O75150|Q16623,E3|O75150,E3,O75150,Q16623,RNF40,STX1A,1,0,1,0.5548883080482483,neural_pair_scorer_resmlp_focal,focal
E3|O75150|Q16778,E3|O75150,E3,O75150,Q16778,RNF40,H2BC21,1,0,1,0.7797311544418335,neural_pair_scorer_resmlp_focal,focal
E3|O75150|Q96A08,E3|O75150,E3,O75150,Q96A08,RNF40,H2BC1,1,0,1,0.7237411141395569,neural_pair_scorer_resmlp_focal,focal
E3|O75150|Q9UQ80,E3|O75150,E3,O75150,Q9UQ80,RNF40,PA2G4,1,0,1,0.7969972491264343,neural_pair_scorer_resmlp_focal,focal
E3|O95376|O95376,E3|O95376,E3,O95376,O95376,ARIH2,ARIH2,1,0,1,0.9168606996536255,neural_pair_scorer_resmlp_focal,focal
E3|O95376|Q15653,E3|O95376,E3,O95376,Q15653,ARIH2,NFKBIB,1,0,1,0.5719821453094482,neural_pair_scorer_resmlp_focal,focal
E3|O95376|Q99684,E3|O95376,E3,O95376,Q99684,ARIH2,GFI1,1,0,1,0.4926176071166992,neural_pair_scorer_resmlp_focal,focal
E3|O95376|Q9HC16,E3|O95376,E3,O95376,Q9HC16,ARIH2,APOBEC3G,1,0,1,0.5733045935630798,neural_pair_scorer_resmlp_focal,focal
E3|P03126|O43166,E3|P03126,E3,P03126,O43166,E6,SIPA1L1,1,0,1,0.33063265681266785,neural_pair_scorer_resmlp_focal,focal
E3|P03126|P04637,E3|P03126,E3,P03126,P04637,E6,TP53,1,0,1,0.918830394744873,neural_pair_scorer_resmlp_focal,focal
E3|P03126|P41229,E3|P03126,E3,P03126,P41229,E6,KDM5C,1,0,1,0.40062078833580017,neural_pair_scorer_resmlp_focal,focal
E3|P03126|Q12959,E3|P03126,E3,P03126,Q12959,E6,DLG1,1,0,1,0.5334376692771912,neural_pair_scorer_resmlp_focal,focal
E3|P08393|O76064,E3|P08393,E3,P08393,O76064,ICP0,RNF8,1,0,1,0.42792806029319763,neural_pair_scorer_resmlp_focal,focal
E3|P08393|P04637,E3|P08393,E3,P08393,P04637,ICP0,TP53,1,0,1,0.8651741147041321,neural_pair_scorer_resmlp_focal,focal
E3|P08393|P07199,E3|P08393,E3,P08393,P07199,ICP0,CENPB,1,0,1,0.612904965877533,neural_pair_scorer_resmlp_focal,focal
E3|P08393|P08393,E3|P08393,E3,P08393,P08393,ICP0,ICP0,1,0,1,0.8823443055152893,neural_pair_scorer_resmlp_focal,focal
E3|P08393|P23497,E3|P08393,E3,P08393,P23497,ICP0,SP100,1,0,1,0.5094243884086609,neural_pair_scorer_resmlp_focal,focal
E3|P08393|P29590,E3|P08393,E3,P08393,P29590,ICP0,PML,1,0,1,0.48151668906211853,neural_pair_scorer_resmlp_focal,focal
E3|P08393|P41212,E3|P08393,E3,P08393,P41212,ICP0,ETV6,1,0,1,0.35145819187164307,neural_pair_scorer_resmlp_focal,focal
E3|P08393|P46100,E3|P08393,E3,P08393,P46100,ICP0,ATRX,1,0,1,0.4256715178489685,neural_pair_scorer_resmlp_focal,focal
E3|P08393|P49450,E3|P08393,E3,P08393,P49450,ICP0,CENPA,1,0,1,0.42503517866134644,neural_pair_scorer_resmlp_focal,focal
E3|P08393|P78527,E3|P08393,E3,P08393,P78527,ICP0,PRKDC,1,0,1,0.5755898952484131,neural_pair_scorer_resmlp_focal,focal
E3|P08393|Q03188,E3|P08393,E3,P08393,Q03188,ICP0,CENPC,1,0,1,0.2999850809574127,neural_pair_scorer_resmlp_focal,focal
E3|P08393|Q14149,E3|P08393,E3,P08393,Q14149,ICP0,MORC3,1,0,1,0.5423713326454163,neural_pair_scorer_resmlp_focal,focal
E3|P08393|Q16666,E3|P08393,E3,P08393,Q16666,ICP0,IFI16,1,0,1,0.7317503690719604,neural_pair_scorer_resmlp_focal,focal
E3|P08393|Q5T5X7,E3|P08393,E3,P08393,Q5T5X7,ICP0,BEND3,1,0,1,0.4474812150001526,neural_pair_scorer_resmlp_focal,focal
E3|P08393|Q8IYW5,E3|P08393,E3,P08393,Q8IYW5,ICP0,RNF168,1,0,1,0.231983482837677,neural_pair_scorer_resmlp_focal,focal
E3|P08393|Q8NAP3,E3|P08393,E3,P08393,Q8NAP3,ICP0,ZBTB38,1,0,1,0.37098705768585205,neural_pair_scorer_resmlp_focal,focal
E3|P08393|Q93009,E3|P08393,E3,P08393,Q93009,ICP0,USP7,1,0,1,0.6734897494316101,neural_pair_scorer_resmlp_focal,focal
E3|P08393|Q96BF6,E3|P08393,E3,P08393,Q96BF6,ICP0,NACC2,1,0,1,0.5084086656570435,neural_pair_scorer_resmlp_focal,focal
E3|P08393|Q96DT7,E3|P08393,E3,P08393,Q96DT7,ICP0,ZBTB10,1,0,1,0.43376484513282776,neural_pair_scorer_resmlp_focal,focal
E3|P08393|Q96RE7,E3|P08393,E3,P08393,Q96RE7,ICP0,NACC1,1,0,1,0.5465078353881836,neural_pair_scorer_resmlp_focal,focal
E3|P08393|Q99856,E3|P08393,E3,P08393,Q99856,ICP0,ARID3A,1,0,1,0.5446087121963501,neural_pair_scorer_resmlp_focal,focal
E3|P08393|Q9P1Z0,E3|P08393,E3,P08393,Q9P1Z0,ICP0,ZBTB4,1,0,1,0.5210399627685547,neural_pair_scorer_resmlp_focal,focal
E3|P08393|Q9UIS9,E3|P08393,E3,P08393,Q9UIS9,ICP0,MBD1,1,0,1,0.4494611322879791,neural_pair_scorer_resmlp_focal,focal
E3|P09874|Q8IUQ4,E3|P09874,E3,P09874,Q8IUQ4,PARP1,SIAH1,1,0,1,0.839332103729248,neural_pair_scorer_resmlp_focal,focal
E3|P0CI25|P54132,E3|P0CI25,E3,P0CI25,P54132,TRIM49,BLM,1,0,1,0.2842816412448883,neural_pair_scorer_resmlp_focal,focal
E3|P12830|O14965,E3|P12830,E3,P12830,O14965,CDH1,AURKA,1,0,1,0.48038819432258606,neural_pair_scorer_resmlp_focal,focal
E3|P38398|O14818,E3|P38398,E3,P38398,O14818,BRCA1,PSMA7,1,0,1,0.6990644931793213,neural_pair_scorer_resmlp_focal,focal
E3|P38398|P03372,E3|P38398,E3,P38398,P03372,BRCA1,ESR1,1,0,1,0.7495586276054382,neural_pair_scorer_resmlp_focal,focal
E3|P38398|P04908,E3|P38398,E3,P38398,P04908,BRCA1,H2AC4,1,0,1,0.9015598893165588,neural_pair_scorer_resmlp_focal,focal
E3|P38398|P06401,E3|P38398,E3,P38398,P06401,BRCA1,PGR,1,0,1,0.6926312446594238,neural_pair_scorer_resmlp_focal,focal
E3|P38398|P06748,E3|P38398,E3,P38398,P06748,BRCA1,NPM1,1,0,1,0.8895511627197266,neural_pair_scorer_resmlp_focal,focal
E3|P38398|P0C0S8,E3|P38398,E3,P38398,P0C0S8,BRCA1,H2AC11,1,0,1,0.9049463868141174,neural_pair_scorer_resmlp_focal,focal
E3|P38398|P0DP91,E3|P38398,E3,P38398,P0DP91,BRCA1,ERCC6,1,0,1,0.7650612592697144,neural_pair_scorer_resmlp_focal,focal
E3|P38398|P11388,E3|P38398,E3,P38398,P11388,BRCA1,TOP2A,1,0,1,0.8083208203315735,neural_pair_scorer_resmlp_focal,focal
E3|P38398|P14635,E3|P38398,E3,P38398,P14635,BRCA1,CCNB1,1,0,1,0.8525097966194153,neural_pair_scorer_resmlp_focal,focal
E3|P38398|P14859,E3|P38398,E3,P38398,P14859,BRCA1,POU2F1,1,0,1,0.6802024245262146,neural_pair_scorer_resmlp_focal,focal
E3|P38398|P16104,E3|P38398,E3,P38398,P16104,BRCA1,H2AFX,1,0,1,0.9073097109794617,neural_pair_scorer_resmlp_focal,focal
E3|P38398|P23258,E3|P38398,E3,P38398,P23258,BRCA1,TUBG1,1,0,1,0.5773422718048096,neural_pair_scorer_resmlp_focal,focal
E3|P38398|P24928,E3|P38398,E3,P38398,P24928,BRCA1,POLR2A,1,0,1,0.7432922720909119,neural_pair_scorer_resmlp_focal,focal
E3|P38398|P30307,E3|P38398,E3,P38398,P30307,BRCA1,CDC25C,1,0,1,0.4890548288822174,neural_pair_scorer_resmlp_focal,focal
E3|P38398|P31749,E3|P38398,E3,P38398,P31749,BRCA1,AKT1,1,0,1,0.8774569630622864,neural_pair_scorer_resmlp_focal,focal
E3|P38398|P35240,E3|P38398,E3,P38398,P35240,BRCA1,NF2,1,0,1,0.5138678550720215,neural_pair_scorer_resmlp_focal,focal
E3|P38398|P38398,E3|P38398,E3,P38398,P38398,BRCA1,BRCA1,1,0,1,0.9251877665519714,neural_pair_scorer_resmlp_focal,focal
E3|P38398|P52434,E3|P38398,E3,P38398,P52434,BRCA1,POLR2H,1,0,1,0.6264898777008057,neural_pair_scorer_resmlp_focal,focal
E3|P38398|Q13133,E3|P38398,E3,P38398,Q13133,BRCA1,NR1H3,1,0,1,0.7856304049491882,neural_pair_scorer_resmlp_focal,focal
E3|P38398|Q16777,E3|P38398,E3,P38398,Q16777,BRCA1,H2AC20,1,0,1,0.9098639488220215,neural_pair_scorer_resmlp_focal,focal
E3|P38398|Q2PQ59,E3|P38398,E3,P38398,Q2PQ59,BRCA1,TOP2alpha,1,0,1,0.6350284814834595,neural_pair_scorer_resmlp_focal,focal
E3|P38398|Q86WV6,E3|P38398,E3,P38398,Q86WV6,BRCA1,HIST1H2AB,1,0,1,0.5655922293663025,neural_pair_scorer_resmlp_focal,focal
E3|P38398|Q96A08,E3|P38398,E3,P38398,Q96A08,BRCA1,H2BC1,1,0,1,0.9031128287315369,neural_pair_scorer_resmlp_focal,focal
E3|P38398|Q96QV6,E3|P38398,E3,P38398,Q96QV6,BRCA1,H2AC1,1,0,1,0.8993027806282043,neural_pair_scorer_resmlp_focal,focal
E3|P38398|Q99708,E3|P38398,E3,P38398,Q99708,BRCA1,RBBP8,1,0,1,0.8808960318565369,neural_pair_scorer_resmlp_focal,focal
E3|P38398|Q99728,E3|P38398,E3,P38398,Q99728,BRCA1,BARD1,1,0,1,0.7797992825508118,neural_pair_scorer_resmlp_focal,focal
E3|P38398|Q9BXW9,E3|P38398,E3,P38398,Q9BXW9,BRCA1,FANCD2,1,0,1,0.7508459091186523,neural_pair_scorer_resmlp_focal,focal
E3|P38398|Q9HAW4,E3|P38398,E3,P38398,Q9HAW4,BRCA1,CLSPN,1,0,1,0.8729342222213745,neural_pair_scorer_resmlp_focal,focal
E3|P49427|P10244,E3|P49427,E3,P49427,P10244,CDC34,MYBL2,1,0,1,0.7107046842575073,neural_pair_scorer_resmlp_focal,focal
E3|P49427|P25963,E3|P49427,E3,P49427,P25963,CDC34,NFKBIA,1,0,1,0.73631352186203,neural_pair_scorer_resmlp_focal,focal
E3|P49427|P35222,E3|P49427,E3,P49427,P35222,CDC34,CTNNB1,1,0,1,0.7063083648681641,neural_pair_scorer_resmlp_focal,focal
E3|P49427|P46527,E3|P49427,E3,P49427,P46527,CDC34,CDKN1B,1,0,1,0.7935324311256409,neural_pair_scorer_resmlp_focal,focal
E3|P49427|Q03060,E3|P49427,E3,P49427,Q03060,CDC34,CREM,1,0,1,0.8462521433830261,neural_pair_scorer_resmlp_focal,focal
E3|P49427|Q9Y297,E3|P49427,E3,P49427,Q9Y297,CDC34,BTRC,1,0,1,0.6396393775939941,neural_pair_scorer_resmlp_focal,focal
E3|P51617|Q96FA3,E3|P51617,E3,P51617,Q96FA3,IRAK1,PELI1,1,0,1,0.44630739092826843,neural_pair_scorer_resmlp_focal,focal
E3|P62253|O60337,E3|P62253,E3,P62253,O60337,UBE2G1,MARCHF6,1,0,1,0.30520376563072205,neural_pair_scorer_resmlp_focal,focal
E3|P69720|Q8IUX4,E3|P69720,E3,P69720,Q8IUX4,vif,APOBEC3F,1,0,1,0.43273937702178955,neural_pair_scorer_resmlp_focal,focal
E3|P69720|Q9HC16,E3|P69720,E3,P69720,Q9HC16,vif,APOBEC3G,1,0,1,0.3879702091217041,neural_pair_scorer_resmlp_focal,focal
E3|P69720|Q9NRW3,E3|P69720,E3,P69720,Q9NRW3,vif,APOBEC3C,1,0,1,0.41252684593200684,neural_pair_scorer_resmlp_focal,focal
E3|P90495|P04439,E3|P90495,E3,P90495,P04439,K3,HLA-A,1,0,1,0.5388720631599426,neural_pair_scorer_resmlp_focal,focal
E3|P90495|P15260,E3|P90495,E3,P90495,P15260,K3,IFNGR1,1,0,1,0.42533454298973083,neural_pair_scorer_resmlp_focal,focal
E3|P90495|P15813,E3|P90495,E3,P90495,P15813,K3,CD1D,1,0,1,0.5541474223136902,neural_pair_scorer_resmlp_focal,focal
E3|Q13049|P01106,E3|Q13049,E3,Q13049,P01106,TRIM32,MYC,1,0,1,0.7792959213256836,neural_pair_scorer_resmlp_focal,focal
E3|Q13049|P04198,E3|Q13049,E3,Q13049,P04198,TRIM32,MYCN,1,0,1,0.4305765628814697,neural_pair_scorer_resmlp_focal,focal
E3|Q13049|P17661,E3|Q13049,E3,Q13049,P17661,TRIM32,DES,1,0,1,0.5365586876869202,neural_pair_scorer_resmlp_focal,focal
E3|Q13049|P68133,E3|Q13049,E3,Q13049,P68133,TRIM32,ACTA1,1,0,1,0.3017297089099884,neural_pair_scorer_resmlp_focal,focal
E3|Q13049|P98170,E3|Q13049,E3,Q13049,P98170,TRIM32,XIAP,1,0,1,0.7078104615211487,neural_pair_scorer_resmlp_focal,focal
E3|Q13049|Q05513,E3|Q13049,E3,Q13049,Q05513,TRIM32,PRKCZ,1,0,1,0.8298014402389526,neural_pair_scorer_resmlp_focal,focal
E3|Q13049|Q12933,E3|Q13049,E3,Q13049,Q12933,TRIM32,TRAF2,1,0,1,0.8508331179618835,neural_pair_scorer_resmlp_focal,focal
E3|Q13049|Q13049,E3|Q13049,E3,Q13049,Q13049,TRIM32,TRIM32,1,0,1,0.9004108905792236,neural_pair_scorer_resmlp_focal,focal
E3|Q13049|Q13501,E3|Q13049,E3,Q13049,Q13501,TRIM32,SQSTM1,1,0,1,0.7655742764472961,neural_pair_scorer_resmlp_focal,focal
E3|Q13049|Q86WV6,E3|Q13049,E3,Q13049,Q86WV6,TRIM32,STING1,1,0,1,0.7721526026725769,neural_pair_scorer_resmlp_focal,focal
E3|Q13049|Q8N2W9,E3|Q13049,E3,Q13049,Q8N2W9,TRIM32,PIAS4,1,0,1,0.7640384435653687,neural_pair_scorer_resmlp_focal,focal
E3|Q13049|Q96BN8,E3|Q13049,E3,Q13049,Q96BN8,TRIM32,OTULIN,1,0,1,0.7466495633125305,neural_pair_scorer_resmlp_focal,focal
E3|Q13049|Q96EV8,E3|Q13049,E3,Q13049,Q96EV8,TRIM32,DTNBP1,1,0,1,0.48890286684036255,neural_pair_scorer_resmlp_focal,focal
E3|Q13049|Q9BXC9,E3|Q13049,E3,Q13049,Q9BXC9,TRIM32,BBS2,1,0,1,0.5464299917221069,neural_pair_scorer_resmlp_focal,focal
E3|Q13049|Q9H9R9,E3|Q13049,E3,Q13049,Q9H9R9,TRIM32,DBNDD1,1,0,1,0.27127763628959656,neural_pair_scorer_resmlp_focal,focal
E3|Q13049|Q9NYB9,E3|Q13049,E3,Q13049,Q9NYB9,TRIM32,ABI2,1,0,1,0.6094693541526794,neural_pair_scorer_resmlp_focal,focal
E3|Q13049|Q9UHD2,E3|Q13049,E3,Q13049,Q9UHD2,TRIM32,TBK1,1,0,1,0.7818213701248169,neural_pair_scorer_resmlp_focal,focal
E3|Q13049|Q9Y6X2,E3|Q13049,E3,Q13049,Q9Y6X2,TRIM32,PIAS3,1,0,1,0.758793830871582,neural_pair_scorer_resmlp_focal,focal
E3|Q13233|P05412,E3|Q13233,E3,Q13233,P05412,MAP3K1,JUN,1,0,1,0.8196767568588257,neural_pair_scorer_resmlp_focal,focal
E3|Q13233|P15408,E3|Q13233,E3,Q13233,P15408,MAP3K1,FOSL2,1,0,1,0.5099616050720215,neural_pair_scorer_resmlp_focal,focal
E3|Q13233|P27361,E3|Q13233,E3,Q13233,P27361,MAP3K1,MAPK3,1,0,1,0.8955291509628296,neural_pair_scorer_resmlp_focal,focal
E3|Q13233|P28482,E3|Q13233,E3,Q13233,P28482,MAP3K1,MAPK1,1,0,1,0.8816468715667725,neural_pair_scorer_resmlp_focal,focal
E3|Q13233|Q86Y01,E3|Q13233,E3,Q13233,Q86Y01,MAP3K1,DTX1,1,0,1,0.5122599005699158,neural_pair_scorer_resmlp_focal,focal
E3|Q13356|O95863,E3|Q13356,E3,Q13356,O95863,PPIL2,SNAI1,1,0,1,0.8728700876235962,neural_pair_scorer_resmlp_focal,focal
E3|Q14139|Q14139,E3|Q14139,E3,Q14139,Q14139,UBE4A,UBE4A,1,0,1,0.9129298329353333,neural_pair_scorer_resmlp_focal,focal
E3|Q14669|P35712,E3|Q14669,E3,Q14669,P35712,TRIP12,SOX6,1,0,1,0.6563892960548401,neural_pair_scorer_resmlp_focal,focal
E3|Q14669|Q13564,E3|Q14669,E3,Q14669,Q13564,TRIP12,NAE1,1,0,1,0.31693747639656067,neural_pair_scorer_resmlp_focal,focal
E3|Q14669|Q8N6T3,E3|Q14669,E3,Q14669,Q8N6T3,TRIP12,ARFGAP1,1,0,1,0.5634298920631409,neural_pair_scorer_resmlp_focal,focal
E3|Q14669|Q8N726,E3|Q14669,E3,Q14669,Q8N726,TRIP12,CDKN2A,1,0,1,0.3749021589756012,neural_pair_scorer_resmlp_focal,focal
E3|Q14669|Q969G3,E3|Q14669,E3,Q14669,Q969G3,TRIP12,SMARCE1,1,0,1,0.5625905990600586,neural_pair_scorer_resmlp_focal,focal
E3|Q15386|O15169,E3|Q15386,E3,Q15386,O15169,UBE3C,AXIN1,1,0,1,0.5017123222351074,neural_pair_scorer_resmlp_focal,focal
E3|Q15386|O75155,E3|Q15386,E3,Q15386,O75155,UBE3C,CAND2,1,0,1,0.5725792050361633,neural_pair_scorer_resmlp_focal,focal
E3|Q15386|Q09666,E3|Q15386,E3,Q15386,Q09666,UBE3C,AHNAK,1,0,1,0.7236303687095642,neural_pair_scorer_resmlp_focal,focal
E3|Q15386|Q15386,E3|Q15386,E3,Q15386,Q15386,UBE3C,UBE3C,1,0,1,0.8057491183280945,neural_pair_scorer_resmlp_focal,focal
E3|Q15386|Q8NEB9,E3|Q15386,E3,Q15386,Q8NEB9,UBE3C,PIK3C3,1,0,1,0.43104666471481323,neural_pair_scorer_resmlp_focal,focal
E3|Q2Q1W2|Q6ZN17,E3|Q2Q1W2,E3,Q2Q1W2,Q6ZN17,TRIM71,LIN28B,1,0,1,0.3536459505558014,neural_pair_scorer_resmlp_focal,focal
E3|Q5TAQ9|Q15773,E3|Q5TAQ9,E3,Q5TAQ9,Q15773,DCAF8,MLF2,1,0,1,0.39439913630485535,neural_pair_scorer_resmlp_focal,focal
E3|Q5XUX0|O95863,E3|Q5XUX0,E3,Q5XUX0,O95863,FBXO31,SNAI1,1,0,1,0.7399939298629761,neural_pair_scorer_resmlp_focal,focal
E3|Q5XUX0|P24385,E3|Q5XUX0,E3,Q5XUX0,P24385,FBXO31,CCND1,1,0,1,0.8367716073989868,neural_pair_scorer_resmlp_focal,focal
E3|Q5XUX0|P30279,E3|Q5XUX0,E3,Q5XUX0,P30279,FBXO31,CCND2,1,0,1,0.802625834941864,neural_pair_scorer_resmlp_focal,focal
E3|Q5XUX0|P52564,E3|Q5XUX0,E3,Q5XUX0,P52564,FBXO31,MAP2K6,1,0,1,0.7267462611198425,neural_pair_scorer_resmlp_focal,focal
E3|Q5XUX0|Q00987,E3|Q5XUX0,E3,Q5XUX0,Q00987,FBXO31,MDM2,1,0,1,0.6470019221305847,neural_pair_scorer_resmlp_focal,focal
E3|Q5XUX0|Q9H211,E3|Q5XUX0,E3,Q5XUX0,Q9H211,FBXO31,CDT1,1,0,1,0.8008377552032471,neural_pair_scorer_resmlp_focal,focal
E3|Q5XUX0|Q9NPB6,E3|Q5XUX0,E3,Q5XUX0,Q9NPB6,FBXO31,PARD6A,1,0,1,0.40858176350593567,neural_pair_scorer_resmlp_focal,focal
E3|Q5XX13|P45973,E3|Q5XX13,E3,Q5XX13,P45973,FBXW10,CBX5,1,0,1,0.5167300701141357,neural_pair_scorer_resmlp_focal,focal
E3|Q66K64|Q14498,E3|Q66K64,E3,Q66K64,Q14498,DCAF15,RBM39,1,0,1,0.4624553620815277,neural_pair_scorer_resmlp_focal,focal
E3|Q6P3S6|P04637,E3|Q6P3S6,E3,Q6P3S6,P04637,FBXO42,TP53,1,0,1,0.8909648656845093,neural_pair_scorer_resmlp_focal,focal
E3|Q6PCD5|P04637,E3|Q6PCD5,E3,Q6PCD5,P04637,RFWD3,TP53,1,0,1,0.9681274890899658,neural_pair_scorer_resmlp_focal,focal
E3|Q6PCD5|Q06609,E3|Q6PCD5,E3,Q6PCD5,Q06609,RFWD3,RAD51,1,0,1,0.6717854142189026,neural_pair_scorer_resmlp_focal,focal
E3|Q6Q0C0|O43474,E3|Q6Q0C0,E3,Q6Q0C0,O43474,TRAF7,KLF4,1,0,1,0.686030387878418,neural_pair_scorer_resmlp_focal,focal
E3|Q6Q0C0|P04637,E3|Q6Q0C0,E3,Q6Q0C0,P04637,TRAF7,TP53,1,0,1,0.9580543637275696,neural_pair_scorer_resmlp_focal,focal
E3|Q6Q0C0|Q6Q0C0,E3|Q6Q0C0,E3,Q6Q0C0,Q6Q0C0,TRAF7,TRAF7,1,0,1,0.8439311981201172,neural_pair_scorer_resmlp_focal,focal
E3|Q6ZMZ0|Q9NWZ5,E3|Q6ZMZ0,E3,Q6ZMZ0,Q9NWZ5,RNF19B,UCKL1,1,0,1,0.3728545904159546,neural_pair_scorer_resmlp_focal,focal
E3|Q7Z419|O60294,E3|Q7Z419,E3,Q7Z419,O60294,RNF144B,LCMT2,1,0,1,0.3505852222442627,neural_pair_scorer_resmlp_focal,focal
E3|Q7Z419|P06748,E3|Q7Z419,E3,Q7Z419,P06748,RNF144B,NPM1,1,0,1,0.4647655785083771,neural_pair_scorer_resmlp_focal,focal
E3|Q7Z419|P38936,E3|Q7Z419,E3,Q7Z419,P38936,RNF144B,CDKN1A,1,0,1,0.5813850164413452,neural_pair_scorer_resmlp_focal,focal
E3|Q7Z419|Q07812,E3|Q7Z419,E3,Q7Z419,Q07812,RNF144B,BAX,1,0,1,0.4900148808956146,neural_pair_scorer_resmlp_focal,focal
E3|Q7Z569|Q7Z569,E3|Q7Z569,E3,Q7Z569,Q7Z569,BRAP,BRAP,1,0,1,0.91568523645401,neural_pair_scorer_resmlp_focal,focal
E3|Q7Z569|Q9UNH5,E3|Q7Z569,E3,Q7Z569,Q9UNH5,BRAP,CDC14A,1,0,1,0.3669195771217346,neural_pair_scorer_resmlp_focal,focal
E3|Q7Z569|Q9Y4E8,E3|Q7Z569,E3,Q7Z569,Q9Y4E8,BRAP,USP15,1,0,1,0.7316149473190308,neural_pair_scorer_resmlp_focal,focal
E3|Q7Z6Z7|O14757,E3|Q7Z6Z7,E3,Q7Z6Z7,O14757,HUWE1,CHEK1,1,0,1,0.6733578443527222,neural_pair_scorer_resmlp_focal,focal
E3|Q7Z6Z7|O15294,E3|Q7Z6Z7,E3,Q7Z6Z7,O15294,HUWE1,OGT,1,0,1,0.5386389493942261,neural_pair_scorer_resmlp_focal,focal
E3|Q7Z6Z7|O75928,E3|Q7Z6Z7,E3,Q7Z6Z7,O75928,HUWE1,PIAS2,1,0,1,0.5798199772834778,neural_pair_scorer_resmlp_focal,focal
E3|Q7Z6Z7|P01106,E3|Q7Z6Z7,E3,Q7Z6Z7,P01106,HUWE1,MYC,1,0,1,0.7850572466850281,neural_pair_scorer_resmlp_focal,focal
E3|Q7Z6Z7|P04198,E3|Q7Z6Z7,E3,Q7Z6Z7,P04198,HUWE1,MYCN,1,0,1,0.5562124848365784,neural_pair_scorer_resmlp_focal,focal
E3|Q7Z6Z7|P04637,E3|Q7Z6Z7,E3,Q7Z6Z7,P04637,HUWE1,TP53,1,0,1,0.9179561138153076,neural_pair_scorer_resmlp_focal,focal
E3|Q7Z6Z7|P06746,E3|Q7Z6Z7,E3,Q7Z6Z7,P06746,HUWE1,POLB,1,0,1,0.5018414258956909,neural_pair_scorer_resmlp_focal,focal
E3|Q7Z6Z7|P12004,E3|Q7Z6Z7,E3,Q7Z6Z7,P12004,HUWE1,PCNA,1,0,1,0.5155775547027588,neural_pair_scorer_resmlp_focal,focal
E3|Q7Z6Z7|P15172,E3|Q7Z6Z7,E3,Q7Z6Z7,P15172,HUWE1,MYOD1,1,0,1,0.657322883605957,neural_pair_scorer_resmlp_focal,focal
E3|Q7Z6Z7|P16401,E3|Q7Z6Z7,E3,Q7Z6Z7,P16401,HUWE1,H1-5,1,0,1,0.613864541053772,neural_pair_scorer_resmlp_focal,focal
E3|Q7Z6Z7|P20393,E3|Q7Z6Z7,E3,Q7Z6Z7,P20393,HUWE1,NR1D1,1,0,1,0.7317066788673401,neural_pair_scorer_resmlp_focal,focal
E3|Q7Z6Z7|P33778,E3|Q7Z6Z7,E3,Q7Z6Z7,P33778,HUWE1,H2BC3,1,0,1,0.5944405198097229,neural_pair_scorer_resmlp_focal,focal
E3|Q7Z6Z7|P37173,E3|Q7Z6Z7,E3,Q7Z6Z7,P37173,HUWE1,TGFBR2,1,0,1,0.45452722907066345,neural_pair_scorer_resmlp_focal,focal
E3|Q7Z6Z7|P38398,E3|Q7Z6Z7,E3,Q7Z6Z7,P38398,HUWE1,BRCA1,1,0,1,0.4364725649356842,neural_pair_scorer_resmlp_focal,focal
E3|Q7Z6Z7|P50553,E3|Q7Z6Z7,E3,Q7Z6Z7,P50553,HUWE1,ASCL1,1,0,1,0.7276163101196289,neural_pair_scorer_resmlp_focal,focal
E3|Q7Z6Z7|P52789,E3|Q7Z6Z7,E3,Q7Z6Z7,P52789,HUWE1,HK2,1,0,1,0.645592212677002,neural_pair_scorer_resmlp_focal,focal
E3|Q7Z6Z7|P62805,E3|Q7Z6Z7,E3,Q7Z6Z7,P62805,HUWE1,H4C1,1,0,1,0.42988622188568115,neural_pair_scorer_resmlp_focal,focal
E3|Q7Z6Z7|Q02539,E3|Q7Z6Z7,E3,Q7Z6Z7,Q02539,HUWE1,H1-1,1,0,1,0.5456250905990601,neural_pair_scorer_resmlp_focal,focal
E3|Q7Z6Z7|Q07820,E3|Q7Z6Z7,E3,Q7Z6Z7,Q07820,HUWE1,MCL1,1,0,1,0.6558251976966858,neural_pair_scorer_resmlp_focal,focal
E3|Q7Z6Z7|Q07869,E3|Q7Z6Z7,E3,Q7Z6Z7,Q07869,HUWE1,PPARA,1,0,1,0.7979298233985901,neural_pair_scorer_resmlp_focal,focal
E3|Q7Z6Z7|Q13105,E3|Q7Z6Z7,E3,Q7Z6Z7,Q13105,HUWE1,ZBTB17,1,0,1,0.680740475654602,neural_pair_scorer_resmlp_focal,focal
E3|Q7Z6Z7|Q13115,E3|Q7Z6Z7,E3,Q7Z6Z7,Q13115,HUWE1,DUSP4,1,0,1,0.331157922744751,neural_pair_scorer_resmlp_focal,focal
E3|Q7Z6Z7|Q16777,E3|Q7Z6Z7,E3,Q7Z6Z7,Q16777,HUWE1,H2AC20,1,0,1,0.494445264339447,neural_pair_scorer_resmlp_focal,focal
E3|Q7Z6Z7|Q71DI3,E3|Q7Z6Z7,E3,Q7Z6Z7,Q71DI3,HUWE1,H3C15,1,0,1,0.5748602747917175,neural_pair_scorer_resmlp_focal,focal
E3|Q7Z6Z7|Q7Z6Z7,E3|Q7Z6Z7,E3,Q7Z6Z7,Q7Z6Z7,HUWE1,HUWE1,1,0,1,0.9168386459350586,neural_pair_scorer_resmlp_focal,focal
E3|Q7Z6Z7|Q8IUE6,E3|Q7Z6Z7,E3,Q7Z6Z7,Q8IUE6,HUWE1,H2AC21,1,0,1,0.4776906967163086,neural_pair_scorer_resmlp_focal,focal
E3|Q7Z6Z7|Q8IZG5,E3|Q7Z6Z7,E3,Q7Z6Z7,Q8IZG5,HUWE1,SS18,1,0,1,0.2575634717941284,neural_pair_scorer_resmlp_focal,focal
E3|Q7Z6Z7|Q92769,E3|Q7Z6Z7,E3,Q7Z6Z7,Q92769,HUWE1,HDAC2,1,0,1,0.7007433176040649,neural_pair_scorer_resmlp_focal,focal
E3|Q7Z6Z7|Q92858,E3|Q7Z6Z7,E3,Q7Z6Z7,Q92858,HUWE1,ATOH1,1,0,1,0.57363361120224,neural_pair_scorer_resmlp_focal,focal
E3|Q7Z6Z7|Q96A08,E3|Q7Z6Z7,E3,Q7Z6Z7,Q96A08,HUWE1,H2BC1,1,0,1,0.5398042798042297,neural_pair_scorer_resmlp_focal,focal
E3|Q7Z6Z7|Q99741,E3|Q7Z6Z7,E3,Q7Z6Z7,Q99741,HUWE1,CDC6,1,0,1,0.4624737501144409,neural_pair_scorer_resmlp_focal,focal
E3|Q7Z6Z7|Q9UGP5,E3|Q7Z6Z7,E3,Q7Z6Z7,Q9UGP5,HUWE1,POLL,1,0,1,0.4648645520210266,neural_pair_scorer_resmlp_focal,focal
E3|Q7Z6Z7|Q9UIF7,E3|Q7Z6Z7,E3,Q7Z6Z7,Q9UIF7,HUWE1,MUTYH,1,0,1,0.45554277300834656,neural_pair_scorer_resmlp_focal,focal
E3|Q7Z6Z7|Q9UQ80,E3|Q7Z6Z7,E3,Q7Z6Z7,Q9UQ80,HUWE1,PA2G4,1,0,1,0.6004418730735779,neural_pair_scorer_resmlp_focal,focal
E3|Q7Z6Z7|Q9Y4C1,E3|Q7Z6Z7,E3,Q7Z6Z7,Q9Y4C1,HUWE1,KDM3A,1,0,1,0.5656143426895142,neural_pair_scorer_resmlp_focal,focal
E3|Q7Z6Z7|Q9Y4P8,E3|Q7Z6Z7,E3,Q7Z6Z7,Q9Y4P8,HUWE1,WIPI2,1,0,1,0.4923323690891266,neural_pair_scorer_resmlp_focal,focal
E3|Q86YJ5|O60486,E3|Q86YJ5,E3,Q86YJ5,O60486,MARCHF9,PLXNC1,1,0,1,0.5745981335639954,neural_pair_scorer_resmlp_focal,focal
E3|Q86YJ5|P01730,E3|Q86YJ5,E3,Q86YJ5,P01730,MARCHF9,CD4,1,0,1,0.5809778571128845,neural_pair_scorer_resmlp_focal,focal
E3|Q86YJ5|P01880,E3|Q86YJ5,E3,Q86YJ5,P01880,MARCHF9,IGHD,1,0,1,0.4695814251899719,neural_pair_scorer_resmlp_focal,focal
E3|Q86YJ5|P01909,E3|Q86YJ5,E3,Q86YJ5,P01909,MARCHF9,HLA-DQA1,1,0,1,0.3441036343574524,neural_pair_scorer_resmlp_focal,focal
E3|Q86YJ5|P01920,E3|Q86YJ5,E3,Q86YJ5,P01920,MARCHF9,HLA-DQB1,1,0,1,0.41172853112220764,neural_pair_scorer_resmlp_focal,focal
E3|Q86YJ5|P05362,E3|Q86YJ5,E3,Q86YJ5,P05362,MARCHF9,ICAM1,1,0,1,0.5375191569328308,neural_pair_scorer_resmlp_focal,focal
E3|Q86YJ5|P10586,E3|Q86YJ5,E3,Q86YJ5,P10586,MARCHF9,PTPRF,1,0,1,0.5324755311012268,neural_pair_scorer_resmlp_focal,focal
E3|Q86YJ5|P15151,E3|Q86YJ5,E3,Q86YJ5,P15151,MARCHF9,PVR,1,0,1,0.45090189576148987,neural_pair_scorer_resmlp_focal,focal
E3|Q86YJ5|P18433,E3|Q86YJ5,E3,Q86YJ5,P18433,MARCHF9,PTPRA,1,0,1,0.4726455509662628,neural_pair_scorer_resmlp_focal,focal
E3|Q86YJ5|P31994,E3|Q86YJ5,E3,Q86YJ5,P31994,MARCHF9,FCGR2B,1,0,1,0.47681158781051636,neural_pair_scorer_resmlp_focal,focal
E3|Q86YJ5|Q12913,E3|Q86YJ5,E3,Q86YJ5,Q12913,MARCHF9,PTPRJ,1,0,1,0.512428343296051,neural_pair_scorer_resmlp_focal,focal
E3|Q86YJ5|Q13291,E3|Q86YJ5,E3,Q86YJ5,Q13291,MARCHF9,SLAMF1,1,0,1,0.5035107135772705,neural_pair_scorer_resmlp_focal,focal
E3|Q86YJ5|Q6BAA4,E3|Q86YJ5,E3,Q86YJ5,Q6BAA4,MARCHF9,FCRLB,1,0,1,0.4311363697052002,neural_pair_scorer_resmlp_focal,focal
E3|Q86YJ5|Q8NHL6,E3|Q86YJ5,E3,Q86YJ5,Q8NHL6,MARCHF9,LILRB1,1,0,1,0.4117913544178009,neural_pair_scorer_resmlp_focal,focal
E3|Q86YJ5|Q96LA5,E3|Q86YJ5,E3,Q86YJ5,Q96LA5,MARCHF9,FCRL2,1,0,1,0.475477010011673,neural_pair_scorer_resmlp_focal,focal
E3|Q86YJ5|Q9BV40,E3|Q86YJ5,E3,Q86YJ5,Q9BV40,MARCHF9,VAMP8,1,0,1,0.22592563927173615,neural_pair_scorer_resmlp_focal,focal
E3|Q86YJ5|Q9UHN6,E3|Q86YJ5,E3,Q86YJ5,Q9UHN6,MARCHF9,CEMIP2,1,0,1,0.5445627570152283,neural_pair_scorer_resmlp_focal,focal
E3|Q8IWV8|P0C0S8,E3|Q8IWV8,E3,Q8IWV8,P0C0S8,UBR2,H2AC11,1,0,1,0.27429109811782837,neural_pair_scorer_resmlp_focal,focal
E3|Q8IWV8|Q16777,E3|Q8IWV8,E3,Q8IWV8,Q16777,UBR2,H2AC20,1,0,1,0.28588271141052246,neural_pair_scorer_resmlp_focal,focal
E3|Q8IX12|P04637,E3|Q8IX12,E3,Q8IX12,P04637,CCAR1,TP53,1,0,1,0.9613888263702393,neural_pair_scorer_resmlp_focal,focal
E3|Q8N448|P49757,E3|Q8N448,E3,Q8N448,P49757,LNX2,NUMB,1,0,1,0.6458819508552551,neural_pair_scorer_resmlp_focal,focal
E3|Q8N448|Q9UKL4,E3|Q8N448,E3,Q8N448,Q9UKL4,LNX2,GJD2,1,0,1,0.2482924461364746,neural_pair_scorer_resmlp_focal,focal
E3|Q8N531|P04637,E3|Q8N531,E3,Q8N531,P04637,FBXL6,TP53,1,0,1,0.9104080200195312,neural_pair_scorer_resmlp_focal,focal
E3|Q8N5Z5|Q9BT92,E3|Q8N5Z5,E3,Q8N5Z5,Q9BT92,KCTD17,TCHP,1,0,1,0.31165894865989685,neural_pair_scorer_resmlp_focal,focal
E3|Q8N8N0|O95859,E3|Q8N8N0,E3,Q8N8N0,O95859,RNF152,TSPAN12,1,0,1,0.3567570447921753,neural_pair_scorer_resmlp_focal,focal
E3|Q8N8N0|Q15382,E3|Q8N8N0,E3,Q8N8N0,Q15382,RNF152,RHEB,1,0,1,0.4876716732978821,neural_pair_scorer_resmlp_focal,focal
E3|Q8N8N0|Q7L523,E3|Q8N8N0,E3,Q8N8N0,Q7L523,RNF152,RRAGA,1,0,1,0.6393928527832031,neural_pair_scorer_resmlp_focal,focal
E3|Q8TBB1|O60828,E3|Q8TBB1,E3,Q8TBB1,O60828,LNX1,PQBP1,1,0,1,0.5174387693405151,neural_pair_scorer_resmlp_focal,focal
E3|Q8TBB1|O76021,E3|Q8TBB1,E3,Q8TBB1,O76021,LNX1,RSL1D1,1,0,1,0.5078177452087402,neural_pair_scorer_resmlp_focal,focal
E3|Q8TBB1|P01732,E3|Q8TBB1,E3,Q8TBB1,P01732,LNX1,CD8A,1,0,1,0.2038896381855011,neural_pair_scorer_resmlp_focal,focal
E3|Q8TBB1|P12931,E3|Q8TBB1,E3,Q8TBB1,P12931,LNX1,SRC,1,0,1,0.8094685077667236,neural_pair_scorer_resmlp_focal,focal
E3|Q8TBB1|P22459,E3|Q8TBB1,E3,Q8TBB1,P22459,LNX1,KCNA4,1,0,1,0.28640216588974,neural_pair_scorer_resmlp_focal,focal
E3|Q8TBB1|P41595,E3|Q8TBB1,E3,Q8TBB1,P41595,LNX1,HTR2B,1,0,1,0.14708580076694489,neural_pair_scorer_resmlp_focal,focal
E3|Q8TBB1|P48546,E3|Q8TBB1,E3,Q8TBB1,P48546,LNX1,GIPR,1,0,1,0.16188611090183258,neural_pair_scorer_resmlp_focal,focal
E3|Q8TBB1|P49757,E3|Q8TBB1,E3,Q8TBB1,P49757,LNX1,NUMB,1,0,1,0.5879331827163696,neural_pair_scorer_resmlp_focal,focal
E3|Q8TBB1|P56750,E3|Q8TBB1,E3,Q8TBB1,P56750,LNX1,CLDN17,1,0,1,0.11192576587200165,neural_pair_scorer_resmlp_focal,focal
E3|Q8TBB1|Q05586,E3|Q8TBB1,E3,Q8TBB1,Q05586,LNX1,GRIN1,1,0,1,0.5204423666000366,neural_pair_scorer_resmlp_focal,focal
E3|Q8TBB1|Q96BR9,E3|Q8TBB1,E3,Q8TBB1,Q96BR9,LNX1,ZBTB8A,1,0,1,0.22690030932426453,neural_pair_scorer_resmlp_focal,focal
E3|Q8TBB1|Q96KB5,E3|Q8TBB1,E3,Q8TBB1,Q96KB5,LNX1,PBK,1,0,1,0.550629198551178,neural_pair_scorer_resmlp_focal,focal
E3|Q8TBB1|Q9UKL4,E3|Q8TBB1,E3,Q8TBB1,Q9UKL4,LNX1,GJD2,1,0,1,0.1966850757598877,neural_pair_scorer_resmlp_focal,focal
E3|Q8TBB1|Q9UMX1,E3|Q8TBB1,E3,Q8TBB1,Q9UMX1,LNX1,SUFU,1,0,1,0.7504827380180359,neural_pair_scorer_resmlp_focal,focal
E3|Q8TCQ1|P01730,E3|Q8TCQ1,E3,Q8TCQ1,P01730,MARCHF1,CD4,1,0,1,0.6442427039146423,neural_pair_scorer_resmlp_focal,focal
E3|Q8TCQ1|P01903,E3|Q8TCQ1,E3,Q8TCQ1,P01903,MARCHF1,HLA-DRA,1,0,1,0.7198849320411682,neural_pair_scorer_resmlp_focal,focal
E3|Q8TCQ1|P01911,E3|Q8TCQ1,E3,Q8TCQ1,P01911,MARCHF1,HLA-DRB1,1,0,1,0.788422703742981,neural_pair_scorer_resmlp_focal,focal
E3|Q8TCQ1|P01912,E3|Q8TCQ1,E3,Q8TCQ1,P01912,MARCHF1,HLA-DRB1,1,0,1,0.788422703742981,neural_pair_scorer_resmlp_focal,focal
E3|Q8TCQ1|P02786,E3|Q8TCQ1,E3,Q8TCQ1,P02786,MARCHF1,TFRC,1,0,1,0.7104468941688538,neural_pair_scorer_resmlp_focal,focal
E3|Q8TCQ1|P04229,E3|Q8TCQ1,E3,Q8TCQ1,P04229,MARCHF1,HLA-DRB1,1,0,1,0.788422703742981,neural_pair_scorer_resmlp_focal,focal
E3|Q8TCQ1|P13760,E3|Q8TCQ1,E3,Q8TCQ1,P13760,MARCHF1,HLA-DRB1,1,0,1,0.788422703742981,neural_pair_scorer_resmlp_focal,focal
E3|Q8TCQ1|P13761,E3|Q8TCQ1,E3,Q8TCQ1,P13761,MARCHF1,HLA-DRB1,1,0,1,0.788422703742981,neural_pair_scorer_resmlp_focal,focal
E3|Q8TCQ1|P13762,E3|Q8TCQ1,E3,Q8TCQ1,P13762,MARCHF1,HLA-DRB4,1,0,1,0.7766165137290955,neural_pair_scorer_resmlp_focal,focal
E3|Q8TCQ1|P20039,E3|Q8TCQ1,E3,Q8TCQ1,P20039,MARCHF1,HLA-DRB1,1,0,1,0.788422703742981,neural_pair_scorer_resmlp_focal,focal
E3|Q8TCQ1|P33076,E3|Q8TCQ1,E3,Q8TCQ1,P33076,MARCHF1,CIITA,1,0,1,0.5711640119552612,neural_pair_scorer_resmlp_focal,focal
E3|Q8TCQ1|P42081,E3|Q8TCQ1,E3,Q8TCQ1,P42081,MARCHF1,CD86,1,0,1,0.7086650133132935,neural_pair_scorer_resmlp_focal,focal
E3|Q8TCQ1|P49327,E3|Q8TCQ1,E3,Q8TCQ1,P49327,MARCHF1,FASN,1,0,1,0.5451674461364746,neural_pair_scorer_resmlp_focal,focal
E3|Q8TCQ1|P79483,E3|Q8TCQ1,E3,Q8TCQ1,P79483,MARCHF1,HLA-DRB3,1,0,1,0.7755815386772156,neural_pair_scorer_resmlp_focal,focal
E3|Q8TCQ1|Q29974,E3|Q8TCQ1,E3,Q8TCQ1,Q29974,MARCHF1,HLA-DRB1,1,0,1,0.788422703742981,neural_pair_scorer_resmlp_focal,focal
E3|Q8TCQ1|Q30134,E3|Q8TCQ1,E3,Q8TCQ1,Q30134,MARCHF1,HLA-DRB1,1,0,1,0.788422703742981,neural_pair_scorer_resmlp_focal,focal
E3|Q8TCQ1|Q30154,E3|Q8TCQ1,E3,Q8TCQ1,Q30154,MARCHF1,HLA-DRB5,1,0,1,0.7946668863296509,neural_pair_scorer_resmlp_focal,focal
E3|Q8TCQ1|Q30167,E3|Q8TCQ1,E3,Q8TCQ1,Q30167,MARCHF1,HLA-DRB1,1,0,1,0.788422703742981,neural_pair_scorer_resmlp_focal,focal
E3|Q8TCQ1|Q5Y7A7,E3|Q8TCQ1,E3,Q8TCQ1,Q5Y7A7,MARCHF1,HLA-DRB1,1,0,1,0.788422703742981,neural_pair_scorer_resmlp_focal,focal
E3|Q8TCQ1|Q95IE3,E3|Q8TCQ1,E3,Q8TCQ1,Q95IE3,MARCHF1,HLA-DRB1,1,0,1,0.788422703742981,neural_pair_scorer_resmlp_focal,focal
E3|Q8TCQ1|Q9GIY3,E3|Q8TCQ1,E3,Q8TCQ1,Q9GIY3,MARCHF1,HLA-DRB1,1,0,1,0.788422703742981,neural_pair_scorer_resmlp_focal,focal
E3|Q8TCQ1|Q9TQE0,E3|Q8TCQ1,E3,Q8TCQ1,Q9TQE0,MARCHF1,HLA-DRB1,1,0,1,0.788422703742981,neural_pair_scorer_resmlp_focal,focal
E3|Q8TEL6|P01106,E3|Q8TEL6,E3,Q8TEL6,P01106,TRPC4AP,MYC,1,0,1,0.8168327808380127,neural_pair_scorer_resmlp_focal,focal
E3|Q8TEL6|P19838,E3|Q8TEL6,E3,Q8TEL6,P19838,TRPC4AP,NFKB1,1,0,1,0.6889492273330688,neural_pair_scorer_resmlp_focal,focal
E3|Q8WZ73|P04637,E3|Q8WZ73,E3,Q8WZ73,P04637,RFFL,TP53,1,0,1,0.9602351188659668,neural_pair_scorer_resmlp_focal,focal
E3|Q8WZ73|P13569,E3|Q8WZ73,E3,Q8WZ73,P13569,RFFL,CFTR,1,0,1,0.6428947448730469,neural_pair_scorer_resmlp_focal,focal
E3|Q8WZ73|P31947,E3|Q8WZ73,E3,Q8WZ73,P31947,RFFL,SFN,1,0,1,0.7290224432945251,neural_pair_scorer_resmlp_focal,focal
E3|Q8WZ73|Q13546,E3|Q8WZ73,E3,Q8WZ73,Q13546,RFFL,RIPK1,1,0,1,0.8930854797363281,neural_pair_scorer_resmlp_focal,focal
E3|Q8WZ73|Q14790,E3|Q8WZ73,E3,Q8WZ73,Q14790,RFFL,CASP8,1,0,1,0.8272712826728821,neural_pair_scorer_resmlp_focal,focal
E3|Q8WZ73|Q6MZQ0,E3|Q8WZ73,E3,Q8WZ73,Q6MZQ0,RFFL,PRR5L,1,0,1,0.6760668754577637,neural_pair_scorer_resmlp_focal,focal
E3|Q8WZ73|Q8WZ73,E3|Q8WZ73,E3,Q8WZ73,Q8WZ73,RFFL,RFFL,1,0,1,0.9333617091178894,neural_pair_scorer_resmlp_focal,focal
E3|Q8WZ73|Q92851,E3|Q8WZ73,E3,Q8WZ73,Q92851,RFFL,CASP10,1,0,1,0.6981443762779236,neural_pair_scorer_resmlp_focal,focal
E3|Q92466|P0C0S8,E3|Q92466,E3,Q92466,P0C0S8,DDB2,H2AC11,1,0,1,0.31253647804260254,neural_pair_scorer_resmlp_focal,focal
E3|Q92466|Q01831,E3|Q92466,E3,Q92466,Q01831,DDB2,XPC,1,0,1,0.678702175617218,neural_pair_scorer_resmlp_focal,focal
E3|Q92466|Q92466,E3|Q92466,E3,Q92466,Q92466,DDB2,DDB2,1,0,1,0.9104514122009277,neural_pair_scorer_resmlp_focal,focal
E3|Q92466|Q96QV6,E3|Q92466,E3,Q92466,Q96QV6,DDB2,HIST1H2AA,1,0,1,0.29064345359802246,neural_pair_scorer_resmlp_focal,focal
E3|Q92466|Q9NZJ0,E3|Q92466,E3,Q92466,Q9NZJ0,DDB2,DTL,1,0,1,0.8111852407455444,neural_pair_scorer_resmlp_focal,focal
E3|Q96CA5|Q9NR28,E3|Q96CA5,E3,Q96CA5,Q9NR28,BIRC7,DIABLO,1,0,1,0.6837891936302185,neural_pair_scorer_resmlp_focal,focal
E3|Q96EP1|O14965,E3|Q96EP1,E3,Q96EP1,O14965,CHFR,AURKA,1,0,1,0.6567921042442322,neural_pair_scorer_resmlp_focal,focal
E3|Q96EP1|P09874,E3|Q96EP1,E3,Q96EP1,P09874,CHFR,PARP1,1,0,1,0.6628808975219727,neural_pair_scorer_resmlp_focal,focal
E3|Q96EP1|P51532,E3|Q96EP1,E3,Q96EP1,P51532,CHFR,SMARCA4,1,0,1,0.39660245180130005,neural_pair_scorer_resmlp_focal,focal
E3|Q96EP1|P53350,E3|Q96EP1,E3,Q96EP1,P53350,CHFR,PLK1,1,0,1,0.7362015843391418,neural_pair_scorer_resmlp_focal,focal
E3|Q96EP1|Q12824,E3|Q96EP1,E3,Q96EP1,Q12824,CHFR,SMARCB1,1,0,1,0.46977508068084717,neural_pair_scorer_resmlp_focal,focal
E3|Q96EP1|Q13547,E3|Q96EP1,E3,Q96EP1,Q13547,CHFR,HDAC1,1,0,1,0.6061564087867737,neural_pair_scorer_resmlp_focal,focal
E3|Q96EP1|Q14527,E3|Q96EP1,E3,Q96EP1,Q14527,CHFR,HLTF,1,0,1,0.5623840093612671,neural_pair_scorer_resmlp_focal,focal
E3|Q96EP1|Q14807,E3|Q96EP1,E3,Q96EP1,Q14807,CHFR,KIF22,1,0,1,0.48563721776008606,neural_pair_scorer_resmlp_focal,focal
E3|Q96EP1|Q86WJ1,E3|Q96EP1,E3,Q96EP1,Q86WJ1,CHFR,CHD1L,1,0,1,0.5387439727783203,neural_pair_scorer_resmlp_focal,focal
E3|Q96EP1|Q96EP1,E3|Q96EP1,E3,Q96EP1,Q96EP1,CHFR,CHFR,1,0,1,0.8623957633972168,neural_pair_scorer_resmlp_focal,focal
E3|Q96EP1|Q96GM5,E3|Q96EP1,E3,Q96EP1,Q96GM5,CHFR,SMARCD1,1,0,1,0.5610259175300598,neural_pair_scorer_resmlp_focal,focal
E3|Q96EP1|Q96KB5,E3|Q96EP1,E3,Q96EP1,Q96KB5,CHFR,PBK,1,0,1,0.5715420246124268,neural_pair_scorer_resmlp_focal,focal
E3|Q96FA3|O15151,E3|Q96FA3,E3,Q96FA3,O15151,PELI1,MDM4,1,0,1,0.3386685252189636,neural_pair_scorer_resmlp_focal,focal
E3|Q96FA3|P41182,E3|Q96FA3,E3,Q96FA3,P41182,PELI1,BCL6,1,0,1,0.33901840448379517,neural_pair_scorer_resmlp_focal,focal
E3|Q96FA3|P51617,E3|Q96FA3,E3,Q96FA3,P51617,PELI1,IRAK1,1,0,1,0.3922770619392395,neural_pair_scorer_resmlp_focal,focal
E3|Q96FA3|Q13114,E3|Q96FA3,E3,Q96FA3,Q13114,PELI1,TRAF3,1,0,1,0.37466567754745483,neural_pair_scorer_resmlp_focal,focal
E3|Q96FA3|Q13546,E3|Q96FA3,E3,Q96FA3,Q13546,PELI1,RIPK1,1,0,1,0.507021427154541,neural_pair_scorer_resmlp_focal,focal
E3|Q96FA3|Q15311,E3|Q96FA3,E3,Q96FA3,Q15311,PELI1,RALBP1,1,0,1,0.3836923837661743,neural_pair_scorer_resmlp_focal,focal
E3|Q96FA3|Q99558,E3|Q96FA3,E3,Q96FA3,Q99558,PELI1,MAP3K14,1,0,1,0.41718509793281555,neural_pair_scorer_resmlp_focal,focal
E3|Q96FA3|Q9Y572,E3|Q96FA3,E3,Q96FA3,Q9Y572,PELI1,RIPK3,1,0,1,0.39859217405319214,neural_pair_scorer_resmlp_focal,focal
E3|Q96JP5|P52597,E3|Q96JP5,E3,Q96JP5,P52597,ZFP91,HNRNPF,1,0,1,0.5626709461212158,neural_pair_scorer_resmlp_focal,focal
E3|Q96JP5|Q14457,E3|Q96JP5,E3,Q96JP5,Q14457,ZFP91,BECN1,1,0,1,0.6603518724441528,neural_pair_scorer_resmlp_focal,focal
E3|Q96JP5|Q99558,E3|Q96JP5,E3,Q96JP5,Q99558,ZFP91,MAP3K14,1,0,1,0.45586761832237244,neural_pair_scorer_resmlp_focal,focal
E3|Q96PM5|O14579,E3|Q96PM5,E3,Q96PM5,O14579,RCHY1,COPE,1,0,1,0.5646656155586243,neural_pair_scorer_resmlp_focal,focal
E3|Q96PM5|O15350,E3|Q96PM5,E3,Q96PM5,O15350,RCHY1,TP73,1,0,1,0.8650323748588562,neural_pair_scorer_resmlp_focal,focal
E3|Q96PM5|O75417,E3|Q96PM5,E3,Q96PM5,O75417,RCHY1,POLQ,1,0,1,0.6287038326263428,neural_pair_scorer_resmlp_focal,focal
E3|Q96PM5|O96017,E3|Q96PM5,E3,Q96PM5,O96017,RCHY1,CHEK2,1,0,1,0.8291983008384705,neural_pair_scorer_resmlp_focal,focal
E3|Q96PM5|P04637,E3|Q96PM5,E3,Q96PM5,P04637,RCHY1,TP53,1,0,1,0.9194576144218445,neural_pair_scorer_resmlp_focal,focal
E3|Q96PM5|P46527,E3|Q96PM5,E3,Q96PM5,P46527,RCHY1,CDKN1B,1,0,1,0.7983048558235168,neural_pair_scorer_resmlp_focal,focal
E3|Q96PM5|P49458,E3|Q96PM5,E3,Q96PM5,P49458,RCHY1,SRP9,1,0,1,0.6922822594642639,neural_pair_scorer_resmlp_focal,focal
E3|Q96PM5|Q13547,E3|Q96PM5,E3,Q96PM5,Q13547,RCHY1,HDAC1,1,0,1,0.8220373392105103,neural_pair_scorer_resmlp_focal,focal
E3|Q96PM5|Q15717,E3|Q96PM5,E3,Q96PM5,Q15717,RCHY1,ELAVL1,1,0,1,0.8367089629173279,neural_pair_scorer_resmlp_focal,focal
E3|Q96PM5|Q5T7V8,E3|Q96PM5,E3,Q96PM5,Q5T7V8,RCHY1,GORAB,1,0,1,0.5950075387954712,neural_pair_scorer_resmlp_focal,focal
E3|Q96PM5|Q96J02,E3|Q96PM5,E3,Q96PM5,Q96J02,RCHY1,ITCH,1,0,1,0.6391853094100952,neural_pair_scorer_resmlp_focal,focal
E3|Q96PM5|Q9H3D4,E3|Q96PM5,E3,Q96PM5,Q9H3D4,RCHY1,TP63,1,0,1,0.8427101969718933,neural_pair_scorer_resmlp_focal,focal
E3|Q96PM5|Q9Y253,E3|Q96PM5,E3,Q96PM5,Q9Y253,RCHY1,POLH,1,0,1,0.5196624398231506,neural_pair_scorer_resmlp_focal,focal
E3|Q96PM5|Q9Y5M8,E3|Q96PM5,E3,Q96PM5,Q9Y5M8,RCHY1,SRPRB,1,0,1,0.3712496757507324,neural_pair_scorer_resmlp_focal,focal
E3|Q96PU4|P24385,E3|Q96PU4,E3,Q96PU4,P24385,UHRF2,CCND1,1,0,1,0.8771748542785645,neural_pair_scorer_resmlp_focal,focal
E3|Q96PU4|P24864,E3|Q96PU4,E3,Q96PU4,P24864,UHRF2,CCNE1,1,0,1,0.8449760675430298,neural_pair_scorer_resmlp_focal,focal
E3|Q96PU4|P38936,E3|Q96PU4,E3,Q96PU4,P38936,UHRF2,CDKN1A,1,0,1,0.7586281895637512,neural_pair_scorer_resmlp_focal,focal
E3|Q96PU4|Q71DI3,E3|Q96PU4,E3,Q96PU4,Q71DI3,UHRF2,H3C14,1,0,1,0.8455301523208618,neural_pair_scorer_resmlp_focal,focal
E3|Q96PU4|Q8WW12,E3|Q96PU4,E3,Q96PU4,Q8WW12,UHRF2,PCNP,1,0,1,0.699769139289856,neural_pair_scorer_resmlp_focal,focal
E3|Q96SW2|P10636,E3|Q96SW2,E3,Q96SW2,P10636,CRBN,MAPT,1,0,1,0.4564976990222931,neural_pair_scorer_resmlp_focal,focal
E3|Q96SW2|Q13422,E3|Q96SW2,E3,Q96SW2,Q13422,CRBN,IKZF1,1,0,1,0.288264662027359,neural_pair_scorer_resmlp_focal,focal
E3|Q96SW2|Q96SW2,E3|Q96SW2,E3,Q96SW2,Q96SW2,CRBN,CRBN,1,0,1,0.894166886806488,neural_pair_scorer_resmlp_focal,focal
E3|Q96SW2|Q9H3D4,E3|Q96SW2,E3,Q96SW2,Q9H3D4,CRBN,TP63,1,0,1,0.8015828728675842,neural_pair_scorer_resmlp_focal,focal
E3|Q96SW2|Q9UJQ4,E3|Q96SW2,E3,Q96SW2,Q9UJQ4,CRBN,SALL4,1,0,1,0.3463667631149292,neural_pair_scorer_resmlp_focal,focal
E3|Q96SW2|Q9UKT9,E3|Q96SW2,E3,Q96SW2,Q9UKT9,CRBN,IKZF3,1,0,1,0.31419116258621216,neural_pair_scorer_resmlp_focal,focal
E3|Q9BSM1|P0C0S8,E3|Q9BSM1,E3,Q9BSM1,P0C0S8,PCGF1,H2AC11,1,0,1,0.7166355848312378,neural_pair_scorer_resmlp_focal,focal
E3|Q9H0A0|Q00987,E3|Q9H0A0,E3,Q9H0A0,Q00987,NAT10,MDM2,1,0,1,0.5112702250480652,neural_pair_scorer_resmlp_focal,focal
E3|Q9H0F6|P46937,E3|Q9H0F6,E3,Q9H0F6,P46937,SHARPIN,YAP1,1,0,1,0.5375707149505615,neural_pair_scorer_resmlp_focal,focal
E3|Q9H2S5|O00571,E3|Q9H2S5,E3,Q9H2S5,O00571,RNF39,DDX3X,1,0,1,0.8056784272193909,neural_pair_scorer_resmlp_focal,focal
E3|Q9H992|P10636,E3|Q9H992,E3,Q9H992,P10636,MARCHF7,MAPT,1,0,1,0.5643996596336365,neural_pair_scorer_resmlp_focal,focal
E3|Q9H992|Q00987,E3|Q9H992,E3,Q9H992,Q00987,MARCHF7,MDM2,1,0,1,0.74025958776474,neural_pair_scorer_resmlp_focal,focal
E3|Q9H992|Q9H992,E3|Q9H992,E3,Q9H992,Q9H992,MARCHF7,MARCHF7,1,0,1,0.9302962422370911,neural_pair_scorer_resmlp_focal,focal
E3|Q9HCE7|A6NI79,E3|Q9HCE7,E3,Q9HCE7,A6NI79,SMURF1,CCDC69,1,0,1,0.4362175762653351,neural_pair_scorer_resmlp_focal,focal
E3|Q9HCE7|O00238,E3|Q9HCE7,E3,Q9HCE7,O00238,SMURF1,BMPR1B,1,0,1,0.5428786277770996,neural_pair_scorer_resmlp_focal,focal
E3|Q9HCE7|O00291,E3|Q9HCE7,E3,Q9HCE7,O00291,SMURF1,HIP1,1,0,1,0.47306889295578003,neural_pair_scorer_resmlp_focal,focal
E3|Q9HCE7|O14730,E3|Q9HCE7,E3,Q9HCE7,O14730,SMURF1,RIOK3,1,0,1,0.41443562507629395,neural_pair_scorer_resmlp_focal,focal
E3|Q9HCE7|O15105,E3|Q9HCE7,E3,Q9HCE7,O15105,SMURF1,SMAD7,1,0,1,0.6699151396751404,neural_pair_scorer_resmlp_focal,focal
E3|Q9HCE7|O15169,E3|Q9HCE7,E3,Q9HCE7,O15169,SMURF1,AXIN1,1,0,1,0.5586029887199402,neural_pair_scorer_resmlp_focal,focal
E3|Q9HCE7|O43541,E3|Q9HCE7,E3,Q9HCE7,O43541,SMURF1,SMAD6,1,0,1,0.6592520475387573,neural_pair_scorer_resmlp_focal,focal
E3|Q9HCE7|O60784,E3|Q9HCE7,E3,Q9HCE7,O60784,SMURF1,TOM1,1,0,1,0.577972412109375,neural_pair_scorer_resmlp_focal,focal
E3|Q9HCE7|O76013,E3|Q9HCE7,E3,Q9HCE7,O76013,SMURF1,KRT36,1,0,1,0.19907863438129425,neural_pair_scorer_resmlp_focal,focal
E3|Q9HCE7|O76080,E3|Q9HCE7,E3,Q9HCE7,O76080,SMURF1,ZFAND5,1,0,1,0.5266226530075073,neural_pair_scorer_resmlp_focal,focal
E3|Q9HCE7|O95947,E3|Q9HCE7,E3,Q9HCE7,O95947,SMURF1,TBX6,1,0,1,0.7441816329956055,neural_pair_scorer_resmlp_focal,focal
E3|Q9HCE7|P04626,E3|Q9HCE7,E3,Q9HCE7,P04626,SMURF1,ERBB2,1,0,1,0.6964898109436035,neural_pair_scorer_resmlp_focal,focal
E3|Q9HCE7|P05129,E3|Q9HCE7,E3,Q9HCE7,P05129,SMURF1,PRKCG,1,0,1,0.7813958525657654,neural_pair_scorer_resmlp_focal,focal
E3|Q9HCE7|P06239,E3|Q9HCE7,E3,Q9HCE7,P06239,SMURF1,LCK,1,0,1,0.685806393623352,neural_pair_scorer_resmlp_focal,focal
E3|Q9HCE7|P07332,E3|Q9HCE7,E3,Q9HCE7,P07332,SMURF1,FES,1,0,1,0.4779481887817383,neural_pair_scorer_resmlp_focal,focal
E3|Q9HCE7|P08133,E3|Q9HCE7,E3,Q9HCE7,P08133,SMURF1,ANXA6,1,0,1,0.6367895007133484,neural_pair_scorer_resmlp_focal,focal
E3|Q9HCE7|P09769,E3|Q9HCE7,E3,Q9HCE7,P09769,SMURF1,FGR,1,0,1,0.7067784667015076,neural_pair_scorer_resmlp_focal,focal
E3|Q9HCE7|P16234,E3|Q9HCE7,E3,Q9HCE7,P16234,SMURF1,PDGFRA,1,0,1,0.5224581956863403,neural_pair_scorer_resmlp_focal,focal
E3|Q9HCE7|P17252,E3|Q9HCE7,E3,Q9HCE7,P17252,SMURF1,PRKCA,1,0,1,0.8381263613700867,neural_pair_scorer_resmlp_focal,focal
E3|Q9HCE7|P19784,E3|Q9HCE7,E3,Q9HCE7,P19784,SMURF1,CSNK2A2,1,0,1,0.6136508584022522,neural_pair_scorer_resmlp_focal,focal
E3|Q9HCE7|P21709,E3|Q9HCE7,E3,Q9HCE7,P21709,SMURF1,EPHA1,1,0,1,0.43699178099632263,neural_pair_scorer_resmlp_focal,focal
E3|Q9HCE7|P26038,E3|Q9HCE7,E3,Q9HCE7,P26038,SMURF1,MSN,1,0,1,0.6090919971466064,neural_pair_scorer_resmlp_focal,focal
E3|Q9HCE7|P35626,E3|Q9HCE7,E3,Q9HCE7,P35626,SMURF1,ADRBK2,1,0,1,0.7977131605148315,neural_pair_scorer_resmlp_focal,focal
E3|Q9HCE7|P36894,E3|Q9HCE7,E3,Q9HCE7,P36894,SMURF1,BMPR1A,1,0,1,0.5113159418106079,neural_pair_scorer_resmlp_focal,focal
E3|Q9HCE7|P36897,E3|Q9HCE7,E3,Q9HCE7,P36897,SMURF1,TGFBR1,1,0,1,0.5901862978935242,neural_pair_scorer_resmlp_focal,focal
E3|Q9HCE7|P37173,E3|Q9HCE7,E3,Q9HCE7,P37173,SMURF1,TGFBR2,1,0,1,0.6550303101539612,neural_pair_scorer_resmlp_focal,focal
E3|Q9HCE7|P37231,E3|Q9HCE7,E3,Q9HCE7,P37231,SMURF1,PPARG,1,0,1,0.8050981760025024,neural_pair_scorer_resmlp_focal,focal
E3|Q9HCE7|P41743,E3|Q9HCE7,E3,Q9HCE7,P41743,SMURF1,PRKCI,1,0,1,0.879431962966919,neural_pair_scorer_resmlp_focal,focal
E3|Q9HCE7|P42679,E3|Q9HCE7,E3,Q9HCE7,P42679,SMURF1,MATK,1,0,1,0.5660893321037292,neural_pair_scorer_resmlp_focal,focal
E3|Q9HCE7|P45974,E3|Q9HCE7,E3,Q9HCE7,P45974,SMURF1,USP5,1,0,1,0.43029168248176575,neural_pair_scorer_resmlp_focal,focal
E3|Q9HCE7|P48730,E3|Q9HCE7,E3,Q9HCE7,P48730,SMURF1,CSNK1D,1,0,1,0.792034387588501,neural_pair_scorer_resmlp_focal,focal
E3|Q9HCE7|P51668,E3|Q9HCE7,E3,Q9HCE7,P51668,SMURF1,UBE2D1,1,0,1,0.6452680230140686,neural_pair_scorer_resmlp_focal,focal
E3|Q9HCE7|P51955,E3|Q9HCE7,E3,Q9HCE7,P51955,SMURF1,NEK2,1,0,1,0.5763119459152222,neural_pair_scorer_resmlp_focal,focal
E3|Q9HCE7|P54252,E3|Q9HCE7,E3,Q9HCE7,P54252,SMURF1,ATXN3,1,0,1,0.5597358345985413,neural_pair_scorer_resmlp_focal,focal
E3|Q9HCE7|P54725,E3|Q9HCE7,E3,Q9HCE7,P54725,SMURF1,RAD23A,1,0,1,0.5652335286140442,neural_pair_scorer_resmlp_focal,focal
E3|Q9HCE7|P55036,E3|Q9HCE7,E3,Q9HCE7,P55036,SMURF1,PSMD4,1,0,1,0.3647491931915283,neural_pair_scorer_resmlp_focal,focal
E3|Q9HCE7|P60002,E3|Q9HCE7,E3,Q9HCE7,P60002,SMURF1,ELOF1,1,0,1,0.2603730261325836,neural_pair_scorer_resmlp_focal,focal
E3|Q9HCE7|P60484,E3|Q9HCE7,E3,Q9HCE7,P60484,SMURF1,PTEN,1,0,1,0.8247149586677551,neural_pair_scorer_resmlp_focal,focal
E3|Q9HCE7|P61077,E3|Q9HCE7,E3,Q9HCE7,P61077,SMURF1,UBE2D3,1,0,1,0.6181979775428772,neural_pair_scorer_resmlp_focal,focal
E3|Q9HCE7|P61086,E3|Q9HCE7,E3,Q9HCE7,P61086,SMURF1,UBE2K,1,0,1,0.5880106687545776,neural_pair_scorer_resmlp_focal,focal
E3|Q9HCE7|P61328,E3|Q9HCE7,E3,Q9HCE7,P61328,SMURF1,FGF12,1,0,1,0.3332456052303314,neural_pair_scorer_resmlp_focal,focal
E3|Q9HCE7|P61586,E3|Q9HCE7,E3,Q9HCE7,P61586,SMURF1,RHOA,1,0,1,0.7903878092765808,neural_pair_scorer_resmlp_focal,focal
E3|Q9HCE7|P62253,E3|Q9HCE7,E3,Q9HCE7,P62253,SMURF1,UBE2G1,1,0,1,0.5114023089408875,neural_pair_scorer_resmlp_focal,focal
E3|Q9HCE7|P63000,E3|Q9HCE7,E3,Q9HCE7,P63000,SMURF1,RAC1,1,0,1,0.7646489143371582,neural_pair_scorer_resmlp_focal,focal
E3|Q9HCE7|P67936,E3|Q9HCE7,E3,Q9HCE7,P67936,SMURF1,TPM4,1,0,1,0.48389163613319397,neural_pair_scorer_resmlp_focal,focal
E3|Q9HCE7|P80192,E3|Q9HCE7,E3,Q9HCE7,P80192,SMURF1,MAP3K9,1,0,1,0.4151183068752289,neural_pair_scorer_resmlp_focal,focal
E3|Q9HCE7|Q00688,E3|Q9HCE7,E3,Q9HCE7,Q00688,SMURF1,FKBP3,1,0,1,0.5449765920639038,neural_pair_scorer_resmlp_focal,focal
E3|Q9HCE7|Q02779,E3|Q9HCE7,E3,Q9HCE7,Q02779,SMURF1,MAP3K10,1,0,1,0.46614253520965576,neural_pair_scorer_resmlp_focal,focal
E3|Q9HCE7|Q04771,E3|Q9HCE7,E3,Q9HCE7,Q04771,SMURF1,ACVR1,1,0,1,0.5168507695198059,neural_pair_scorer_resmlp_focal,focal
E3|Q9HCE7|Q06187,E3|Q9HCE7,E3,Q9HCE7,Q06187,SMURF1,BTK,1,0,1,0.6395516991615295,neural_pair_scorer_resmlp_focal,focal
E3|Q9HCE7|Q08881,E3|Q9HCE7,E3,Q9HCE7,Q08881,SMURF1,ITK,1,0,1,0.5779367089271545,neural_pair_scorer_resmlp_focal,focal
E3|Q9HCE7|Q13404,E3|Q9HCE7,E3,Q9HCE7,Q13404,SMURF1,UBE2V1,1,0,1,0.5778762102127075,neural_pair_scorer_resmlp_focal,focal
E3|Q9HCE7|Q13492,E3|Q9HCE7,E3,Q9HCE7,Q13492,SMURF1,PICALM,1,0,1,0.7013518810272217,neural_pair_scorer_resmlp_focal,focal
E3|Q9HCE7|Q13873,E3|Q9HCE7,E3,Q9HCE7,Q13873,SMURF1,BMPR2,1,0,1,0.4601217210292816,neural_pair_scorer_resmlp_focal,focal
E3|Q9HCE7|Q13950,E3|Q9HCE7,E3,Q9HCE7,Q13950,SMURF1,RUNX2,1,0,1,0.8001494407653809,neural_pair_scorer_resmlp_focal,focal
E3|Q9HCE7|Q14247,E3|Q9HCE7,E3,Q9HCE7,Q14247,SMURF1,CTTN,1,0,1,0.7971625924110413,neural_pair_scorer_resmlp_focal,focal
E3|Q9HCE7|Q15642,E3|Q9HCE7,E3,Q9HCE7,Q15642,SMURF1,TRIP10,1,0,1,0.41186830401420593,neural_pair_scorer_resmlp_focal,focal
E3|Q9HCE7|Q15726,E3|Q9HCE7,E3,Q9HCE7,Q15726,SMURF1,KISS1,1,0,1,0.1546565741300583,neural_pair_scorer_resmlp_focal,focal
E3|Q9HCE7|Q15750,E3|Q9HCE7,E3,Q9HCE7,Q15750,SMURF1,TAB1,1,0,1,0.6152859330177307,neural_pair_scorer_resmlp_focal,focal
E3|Q9HCE7|Q15797,E3|Q9HCE7,E3,Q9HCE7,Q15797,SMURF1,SMAD1,1,0,1,0.9315345287322998,neural_pair_scorer_resmlp_focal,focal
E3|Q9HCE7|Q16186,E3|Q9HCE7,E3,Q9HCE7,Q16186,SMURF1,ADRM1,1,0,1,0.4292035698890686,neural_pair_scorer_resmlp_focal,focal
E3|Q9HCE7|Q569H4,E3|Q9HCE7,E3,Q9HCE7,Q569H4,SMURF1,PRR16,1,0,1,0.3276509940624237,neural_pair_scorer_resmlp_focal,focal
E3|Q9HCE7|Q5BJF6,E3|Q9HCE7,E3,Q9HCE7,Q5BJF6,SMURF1,ODF2,1,0,1,0.4738427996635437,neural_pair_scorer_resmlp_focal,focal
E3|Q9HCE7|Q6ZTN6,E3|Q9HCE7,E3,Q9HCE7,Q6ZTN6,SMURF1,ANKRD13D,1,0,1,0.49615854024887085,neural_pair_scorer_resmlp_focal,focal
E3|Q9HCE7|Q6ZVM7,E3|Q9HCE7,E3,Q9HCE7,Q6ZVM7,SMURF1,TOM1L2,1,0,1,0.542121946811676,neural_pair_scorer_resmlp_focal,focal
E3|Q9HCE7|Q7KZI7,E3|Q9HCE7,E3,Q9HCE7,Q7KZI7,SMURF1,MARK2,1,0,1,0.7516567707061768,neural_pair_scorer_resmlp_focal,focal
E3|Q9HCE7|Q7Z434,E3|Q9HCE7,E3,Q9HCE7,Q7Z434,SMURF1,MAVS,1,0,1,0.5788233280181885,neural_pair_scorer_resmlp_focal,focal
E3|Q9HCE7|Q7Z4L4,E3|Q9HCE7,E3,Q9HCE7,Q7Z4L4,SMURF1,TNIK,1,0,1,0.6444743275642395,neural_pair_scorer_resmlp_focal,focal
E3|Q9HCE7|Q8IZ07,E3|Q9HCE7,E3,Q9HCE7,Q8IZ07,SMURF1,ANKRD13A,1,0,1,0.5298423767089844,neural_pair_scorer_resmlp_focal,focal
E3|Q9HCE7|Q8N0X7,E3|Q9HCE7,E3,Q9HCE7,Q8N0X7,SMURF1,SPART,1,0,1,0.5381709337234497,neural_pair_scorer_resmlp_focal,focal
E3|Q9HCE7|Q8N519,E3|Q9HCE7,E3,Q9HCE7,Q8N519,SMURF1,,1,0,1,0.22619421780109406,neural_pair_scorer_resmlp_focal,focal
E3|Q9HCE7|Q8N6M0,E3|Q9HCE7,E3,Q9HCE7,Q8N6M0,SMURF1,OTUD6B,1,0,1,0.30072274804115295,neural_pair_scorer_resmlp_focal,focal
E3|Q9HCE7|Q8N8V4,E3|Q9HCE7,E3,Q9HCE7,Q8N8V4,SMURF1,ANKS4B,1,0,1,0.3526902496814728,neural_pair_scorer_resmlp_focal,focal
E3|Q9HCE7|Q8NFZ5,E3|Q9HCE7,E3,Q9HCE7,Q8NFZ5,SMURF1,TNIP2,1,0,1,0.5819475650787354,neural_pair_scorer_resmlp_focal,focal
E3|Q9HCE7|Q8TB46,E3|Q9HCE7,E3,Q9HCE7,Q8TB46,SMURF1,ANKRD50,1,0,1,0.3541567325592041,neural_pair_scorer_resmlp_focal,focal
E3|Q9HCE7|Q92519,E3|Q9HCE7,E3,Q9HCE7,Q92519,SMURF1,TRIB2,1,0,1,0.747639000415802,neural_pair_scorer_resmlp_focal,focal
E3|Q9HCE7|Q96C92,E3|Q9HCE7,E3,Q9HCE7,Q96C92,SMURF1,ENTR1,1,0,1,0.48111480474472046,neural_pair_scorer_resmlp_focal,focal
E3|Q9HCE7|Q96CS3,E3|Q9HCE7,E3,Q9HCE7,Q96CS3,SMURF1,FAF2,1,0,1,0.4526769816875458,neural_pair_scorer_resmlp_focal,focal
E3|Q9HCE7|Q96KG9,E3|Q9HCE7,E3,Q9HCE7,Q96KG9,SMURF1,SCYL1,1,0,1,0.5216691493988037,neural_pair_scorer_resmlp_focal,focal
E3|Q9HCE7|Q99717,E3|Q9HCE7,E3,Q9HCE7,Q99717,SMURF1,SMAD5,1,0,1,0.9251258969306946,neural_pair_scorer_resmlp_focal,focal
E3|Q9HCE7|Q99988,E3|Q9HCE7,E3,Q9HCE7,Q99988,SMURF1,GDF15,1,0,1,0.33045753836631775,neural_pair_scorer_resmlp_focal,focal
E3|Q9HCE7|Q9BRJ6,E3|Q9HCE7,E3,Q9HCE7,Q9BRJ6,SMURF1,C7orf50,1,0,1,0.7366349101066589,neural_pair_scorer_resmlp_focal,focal
E3|Q9HCE7|Q9BSL1,E3|Q9HCE7,E3,Q9HCE7,Q9BSL1,SMURF1,UBAC1,1,0,1,0.5001752376556396,neural_pair_scorer_resmlp_focal,focal
E3|Q9HCE7|Q9BUZ4,E3|Q9HCE7,E3,Q9HCE7,Q9BUZ4,SMURF1,TRAF4,1,0,1,0.6949936747550964,neural_pair_scorer_resmlp_focal,focal
E3|Q9HCE7|Q9BYM8,E3|Q9HCE7,E3,Q9HCE7,Q9BYM8,SMURF1,RBCK1,1,0,1,0.46363112330436707,neural_pair_scorer_resmlp_focal,focal
E3|Q9HCE7|Q9BZV1,E3|Q9HCE7,E3,Q9HCE7,Q9BZV1,SMURF1,UBXN6,1,0,1,0.35621964931488037,neural_pair_scorer_resmlp_focal,focal
E3|Q9HCE7|Q9H160,E3|Q9HCE7,E3,Q9HCE7,Q9H160,SMURF1,ING2,1,0,1,0.585063636302948,neural_pair_scorer_resmlp_focal,focal
E3|Q9HCE7|Q9H1I8,E3|Q9HCE7,E3,Q9HCE7,Q9H1I8,SMURF1,ASCC2,1,0,1,0.5499783158302307,neural_pair_scorer_resmlp_focal,focal
E3|Q9HCE7|Q9H2K8,E3|Q9HCE7,E3,Q9HCE7,Q9H2K8,SMURF1,TAOK3,1,0,1,0.46985873579978943,neural_pair_scorer_resmlp_focal,focal
E3|Q9HCE7|Q9H5N1,E3|Q9HCE7,E3,Q9HCE7,Q9H5N1,SMURF1,RABEP2,1,0,1,0.5209278464317322,neural_pair_scorer_resmlp_focal,focal
E3|Q9HCE7|Q9H6K1,E3|Q9HCE7,E3,Q9HCE7,Q9H6K1,SMURF1,C6orf106,1,0,1,0.7019023299217224,neural_pair_scorer_resmlp_focal,focal
E3|Q9HCE7|Q9H8M7,E3|Q9HCE7,E3,Q9HCE7,Q9H8M7,SMURF1,FAM188A,1,0,1,0.5057308077812195,neural_pair_scorer_resmlp_focal,focal
E3|Q9HCE7|Q9NSB8,E3|Q9HCE7,E3,Q9HCE7,Q9NSB8,SMURF1,HOMER2,1,0,1,0.6243318319320679,neural_pair_scorer_resmlp_focal,focal
E3|Q9HCE7|Q9NWM3,E3|Q9HCE7,E3,Q9HCE7,Q9NWM3,SMURF1,CUEDC1,1,0,1,0.47922009229660034,neural_pair_scorer_resmlp_focal,focal
E3|Q9HCE7|Q9NZ63,E3|Q9HCE7,E3,Q9HCE7,Q9NZ63,SMURF1,C9orf78,1,0,1,0.44296008348464966,neural_pair_scorer_resmlp_focal,focal
E3|Q9HCE7|Q9P1Z2,E3|Q9HCE7,E3,Q9HCE7,Q9P1Z2,SMURF1,CALCOCO1,1,0,1,0.5332207679748535,neural_pair_scorer_resmlp_focal,focal
E3|Q9HCE7|Q9P270,E3|Q9HCE7,E3,Q9HCE7,Q9P270,SMURF1,SLAIN2,1,0,1,0.5144516229629517,neural_pair_scorer_resmlp_focal,focal
E3|Q9HCE7|Q9P2X3,E3|Q9HCE7,E3,Q9HCE7,Q9P2X3,SMURF1,IMPACT,1,0,1,0.423855185508728,neural_pair_scorer_resmlp_focal,focal
E3|Q9HCE7|Q9P2Y5,E3|Q9HCE7,E3,Q9HCE7,Q9P2Y5,SMURF1,UVRAG,1,0,1,0.5012721419334412,neural_pair_scorer_resmlp_focal,focal
E3|Q9HCE7|Q9UHD2,E3|Q9HCE7,E3,Q9HCE7,Q9UHD2,SMURF1,TBK1,1,0,1,0.6586529016494751,neural_pair_scorer_resmlp_focal,focal
E3|Q9HCE7|Q9UHD9,E3|Q9HCE7,E3,Q9HCE7,Q9UHD9,SMURF1,UBQLN2,1,0,1,0.49292075634002686,neural_pair_scorer_resmlp_focal,focal
E3|Q9HCE7|Q9UKE5,E3|Q9HCE7,E3,Q9HCE7,Q9UKE5,SMURF1,TNIK,1,0,1,0.6906416416168213,neural_pair_scorer_resmlp_focal,focal
E3|Q9HCE7|Q9ULJ7,E3|Q9HCE7,E3,Q9HCE7,Q9ULJ7,SMURF1,ANKRD50,1,0,1,0.3652566969394684,neural_pair_scorer_resmlp_focal,focal
E3|Q9HCE7|Q9UM07,E3|Q9HCE7,E3,Q9HCE7,Q9UM07,SMURF1,PADI4,1,0,1,0.6563130021095276,neural_pair_scorer_resmlp_focal,focal
E3|Q9HCE7|Q9UMX0,E3|Q9HCE7,E3,Q9HCE7,Q9UMX0,SMURF1,UBQLN1,1,0,1,0.4462173581123352,neural_pair_scorer_resmlp_focal,focal
E3|Q9HCE7|Q9Y261,E3|Q9HCE7,E3,Q9HCE7,Q9Y261,SMURF1,FOXA2,1,0,1,0.712477445602417,neural_pair_scorer_resmlp_focal,focal
E3|Q9HCE7|Q9Y2U5,E3|Q9HCE7,E3,Q9HCE7,Q9Y2U5,SMURF1,MAP3K2,1,0,1,0.5354180932044983,neural_pair_scorer_resmlp_focal,focal
E3|Q9HCE7|Q9Y490,E3|Q9HCE7,E3,Q9HCE7,Q9Y490,SMURF1,TLN1,1,0,1,0.5650854110717773,neural_pair_scorer_resmlp_focal,focal
E3|Q9HCE7|Q9Y4K4,E3|Q9HCE7,E3,Q9HCE7,Q9Y4K4,SMURF1,MAP4K5,1,0,1,0.4494468867778778,neural_pair_scorer_resmlp_focal,focal
E3|Q9HCE7|Q9Y508,E3|Q9HCE7,E3,Q9HCE7,Q9Y508,SMURF1,RNF114,1,0,1,0.5092871189117432,neural_pair_scorer_resmlp_focal,focal
E3|Q9HCE7|Q9Y5W3,E3|Q9HCE7,E3,Q9HCE7,Q9Y5W3,SMURF1,KLF2,1,0,1,0.6953218579292297,neural_pair_scorer_resmlp_focal,focal
E3|Q9HCE7|Q9Y6I3,E3|Q9HCE7,E3,Q9HCE7,Q9Y6I3,SMURF1,EPN1,1,0,1,0.715150773525238,neural_pair_scorer_resmlp_focal,focal
E3|Q9HCM9|P04637,E3|Q9HCM9,E3,Q9HCM9,P04637,TRIM39,TP53,1,0,1,0.9159361124038696,neural_pair_scorer_resmlp_focal,focal
E3|Q9HCM9|Q96BY2,E3|Q9HCM9,E3,Q9HCM9,Q96BY2,TRIM39,MOAP1,1,0,1,0.5010051727294922,neural_pair_scorer_resmlp_focal,focal
E3|Q9NS56|P04637,E3|Q9NS56,E3,Q9NS56,P04637,TOPORS,TP53,1,0,1,0.9508352279663086,neural_pair_scorer_resmlp_focal,focal
E3|Q9NS56|P16104,E3|Q9NS56,E3,Q9NS56,P16104,TOPORS,H2AX,1,0,1,0.8120659589767456,neural_pair_scorer_resmlp_focal,focal
E3|Q9NS56|Q99801,E3|Q9NS56,E3,Q9NS56,Q99801,TOPORS,NKX3-1,1,0,1,0.682002604007721,neural_pair_scorer_resmlp_focal,focal
E3|Q9NV58|P00441,E3|Q9NV58,E3,Q9NV58,P00441,RNF19A,SOD1,1,0,1,0.7445189952850342,neural_pair_scorer_resmlp_focal,focal
E3|Q9NV58|P04637,E3|Q9NV58,E3,Q9NV58,P04637,RNF19A,TP53,1,0,1,0.9074825644493103,neural_pair_scorer_resmlp_focal,focal
E3|Q9NV58|P41180,E3|Q9NV58,E3,Q9NV58,P41180,RNF19A,CASR,1,0,1,0.4907338321208954,neural_pair_scorer_resmlp_focal,focal
E3|Q9NV58|Q9NV58,E3|Q9NV58,E3,Q9NV58,Q9NV58,RNF19A,RNF19A,1,0,1,0.8982745409011841,neural_pair_scorer_resmlp_focal,focal
E3|Q9NV58|Q9Y4K3,E3|Q9NV58,E3,Q9NV58,Q9Y4K3,RNF19A,TRAF6,1,0,1,0.6512899398803711,neural_pair_scorer_resmlp_focal,focal
E3|Q9NV58|Q9Y6H5,E3|Q9NV58,E3,Q9NV58,Q9Y6H5,RNF19A,SNCAIP,1,0,1,0.2881489098072052,neural_pair_scorer_resmlp_focal,focal
E3|Q9NWF9|O00206,E3|Q9NWF9,E3,Q9NWF9,O00206,RNF216,TLR4,1,0,1,0.4872526526451111,neural_pair_scorer_resmlp_focal,focal
E3|Q9NWF9|Q13114,E3|Q9NWF9,E3,Q9NWF9,Q13114,RNF216,TRAF3,1,0,1,0.8529378771781921,neural_pair_scorer_resmlp_focal,focal
E3|Q9NWF9|Q13546,E3|Q9NWF9,E3,Q9NWF9,Q13546,RNF216,RIPK1,1,0,1,0.8081986904144287,neural_pair_scorer_resmlp_focal,focal
E3|Q9NWF9|Q9NR96,E3|Q9NWF9,E3,Q9NWF9,Q9NR96,RNF216,TLR9,1,0,1,0.47304567694664,neural_pair_scorer_resmlp_focal,focal
E3|Q9NWF9|Q9NR97,E3|Q9NWF9,E3,Q9NWF9,Q9NR97,RNF216,TLR8,1,0,1,0.48462429642677307,neural_pair_scorer_resmlp_focal,focal
E3|Q9NWF9|Q9NWF9,E3|Q9NWF9,E3,Q9NWF9,Q9NWF9,RNF216,RNF216,1,0,1,0.9300040602684021,neural_pair_scorer_resmlp_focal,focal
E3|Q9NWZ3|Q96FA3,E3|Q9NWZ3,E3,Q9NWZ3,Q96FA3,IRAK4,PELI1,1,0,1,0.523715078830719,neural_pair_scorer_resmlp_focal,focal
E3|Q9P2G9|Q13702,E3|Q9P2G9,E3,Q9P2G9,Q13702,KLHL8,RAPSN,1,0,1,0.23799864947795868,neural_pair_scorer_resmlp_focal,focal
E3|Q9P2N7|P14635,E3|Q9P2N7,E3,Q9P2N7,P14635,KLHL13,CCNB1,1,0,1,0.5700575113296509,neural_pair_scorer_resmlp_focal,focal
E3|Q9P2N7|Q6PGQ7,E3|Q9P2N7,E3,Q9P2N7,Q6PGQ7,KLHL13,BORA,1,0,1,0.589591383934021,neural_pair_scorer_resmlp_focal,focal
E3|Q9P2N7|Q96GD4,E3|Q9P2N7,E3,Q9P2N7,Q96GD4,KLHL13,AURKB,1,0,1,0.5130845904350281,neural_pair_scorer_resmlp_focal,focal
E3|Q9UH90|P35568,E3|Q9UH90,E3,Q9UH90,P35568,FBXO40,IRS1,1,0,1,0.3013036847114563,neural_pair_scorer_resmlp_focal,focal
E3|Q9UK99|Q09472,E3|Q9UK99,E3,Q9UK99,Q09472,FBXO3,EP300,1,0,1,0.5810652375221252,neural_pair_scorer_resmlp_focal,focal
E3|Q9UK99|Q9H2X6,E3|Q9UK99,E3,Q9UK99,Q9H2X6,FBXO3,HIPK2,1,0,1,0.6824801564216614,neural_pair_scorer_resmlp_focal,focal
E3|Q9UK99|Q9HCE7,E3|Q9UK99,E3,Q9UK99,Q9HCE7,FBXO3,SMURF1,1,0,1,0.3762468099594116,neural_pair_scorer_resmlp_focal,focal
E3|Q9UK99|Q9NXK8,E3|Q9UK99,E3,Q9UK99,Q9NXK8,FBXO3,FBXL12,1,0,1,0.37158024311065674,neural_pair_scorer_resmlp_focal,focal
E3|Q9UKB1|O00444,E3|Q9UKB1,E3,Q9UKB1,O00444,FBXW11,PLK4,1,0,1,0.5991025567054749,neural_pair_scorer_resmlp_focal,focal
E3|Q9UKB1|O14503,E3|Q9UKB1,E3,Q9UKB1,O14503,FBXW11,BHLHE40,1,0,1,0.6597352027893066,neural_pair_scorer_resmlp_focal,focal
E3|Q9UKB1|O14920,E3|Q9UKB1,E3,Q9UKB1,O14920,FBXW11,IKBKB,1,0,1,0.4923774003982544,neural_pair_scorer_resmlp_focal,focal
E3|Q9UKB1|O15055,E3|Q9UKB1,E3,Q9UKB1,O15055,FBXW11,PER2,1,0,1,0.7373213171958923,neural_pair_scorer_resmlp_focal,focal
E3|Q9UKB1|O15111,E3|Q9UKB1,E3,Q9UKB1,O15111,FBXW11,CHUK,1,0,1,0.5038508176803589,neural_pair_scorer_resmlp_focal,focal
E3|Q9UKB1|O15534,E3|Q9UKB1,E3,Q9UKB1,O15534,FBXW11,PER1,1,0,1,0.715501070022583,neural_pair_scorer_resmlp_focal,focal
E3|Q9UKB1|O60343,E3|Q9UKB1,E3,Q9UKB1,O60343,FBXW11,TBC1D4,1,0,1,0.6389577388763428,neural_pair_scorer_resmlp_focal,focal
E3|Q9UKB1|P16471,E3|Q9UKB1,E3,Q9UKB1,P16471,FBXW11,PRLR,1,0,1,0.5036143064498901,neural_pair_scorer_resmlp_focal,focal
E3|Q9UKB1|P17181,E3|Q9UKB1,E3,Q9UKB1,P17181,FBXW11,IFNAR1,1,0,1,0.37780582904815674,neural_pair_scorer_resmlp_focal,focal
E3|Q9UKB1|P19838,E3|Q9UKB1,E3,Q9UKB1,P19838,FBXW11,NFKB1,1,0,1,0.6493010520935059,neural_pair_scorer_resmlp_focal,focal
E3|Q9UKB1|P25963,E3|Q9UKB1,E3,Q9UKB1,P25963,FBXW11,NFKBIA,1,0,1,0.5806754231452942,neural_pair_scorer_resmlp_focal,focal
E3|Q9UKB1|P30291,E3|Q9UKB1,E3,Q9UKB1,P30291,FBXW11,WEE1,1,0,1,0.6029829382896423,neural_pair_scorer_resmlp_focal,focal
E3|Q9UKB1|P30304,E3|Q9UKB1,E3,Q9UKB1,P30304,FBXW11,CDC25A,1,0,1,0.6703915596008301,neural_pair_scorer_resmlp_focal,focal
E3|Q9UKB1|P30305,E3|Q9UKB1,E3,Q9UKB1,P30305,FBXW11,CDC25B,1,0,1,0.6502918601036072,neural_pair_scorer_resmlp_focal,focal
E3|Q9UKB1|P35222,E3|Q9UKB1,E3,Q9UKB1,P35222,FBXW11,CTNNB1,1,0,1,0.7137935161590576,neural_pair_scorer_resmlp_focal,focal
E3|Q9UKB1|P46937,E3|Q9UKB1,E3,Q9UKB1,P46937,FBXW11,YAP1,1,0,1,0.8393803834915161,neural_pair_scorer_resmlp_focal,focal
E3|Q9UKB1|P53805,E3|Q9UKB1,E3,Q9UKB1,P53805,FBXW11,RCAN1,1,0,1,0.5532805323600769,neural_pair_scorer_resmlp_focal,focal
E3|Q9UKB1|Q12959,E3|Q9UKB1,E3,Q9UKB1,Q12959,FBXW11,DLG1,1,0,1,0.7055125832557678,neural_pair_scorer_resmlp_focal,focal
E3|Q9UKB1|Q13127,E3|Q9UKB1,E3,Q9UKB1,Q13127,FBXW11,REST,1,0,1,0.6468134522438049,neural_pair_scorer_resmlp_focal,focal
E3|Q9UKB1|Q53EL6,E3|Q9UKB1,E3,Q9UKB1,Q53EL6,FBXW11,PDCD4,1,0,1,0.4911021292209625,neural_pair_scorer_resmlp_focal,focal
E3|Q9UKB1|Q76N32,E3|Q9UKB1,E3,Q9UKB1,Q76N32,FBXW11,CEP68,1,0,1,0.5702552199363708,neural_pair_scorer_resmlp_focal,focal
E3|Q9UKB1|Q8IYD8,E3|Q9UKB1,E3,Q9UKB1,Q8IYD8,FBXW11,FANCM,1,0,1,0.6479170918464661,neural_pair_scorer_resmlp_focal,focal
E3|Q9UKB1|Q8TB45,E3|Q9UKB1,E3,Q9UKB1,Q8TB45,FBXW11,DEPTOR,1,0,1,0.5632694959640503,neural_pair_scorer_resmlp_focal,focal
E3|Q9UKB1|Q9HAW4,E3|Q9UKB1,E3,Q9UKB1,Q9HAW4,FBXW11,CLSPN,1,0,1,0.7067794799804688,neural_pair_scorer_resmlp_focal,focal
E3|Q9UKB1|Q9NX09,E3|Q9UKB1,E3,Q9UKB1,Q9NX09,FBXW11,DDIT4,1,0,1,0.5141326189041138,neural_pair_scorer_resmlp_focal,focal
E3|Q9UKB1|Q9P2F8,E3|Q9UKB1,E3,Q9UKB1,Q9P2F8,FBXW11,SIPA1L2,1,0,1,0.6965506076812744,neural_pair_scorer_resmlp_focal,focal
E3|Q9UKB1|Q9UKB1,E3|Q9UKB1,E3,Q9UKB1,Q9UKB1,FBXW11,FBXW11,1,0,1,0.8087177276611328,neural_pair_scorer_resmlp_focal,focal
E3|Q9UKB1|Q9UKT4,E3|Q9UKB1,E3,Q9UKB1,Q9UKT4,FBXW11,FBXO5,1,0,1,0.6351665258407593,neural_pair_scorer_resmlp_focal,focal
E3|Q9UKB1|Q9Y297,E3|Q9UKB1,E3,Q9UKB1,Q9Y297,FBXW11,BTRC,1,0,1,0.801040530204773,neural_pair_scorer_resmlp_focal,focal
E3|Q9UKC9|O00459,E3|Q9UKC9,E3,Q9UKC9,O00459,FBXL2,PIK3R2,1,0,1,0.3749145567417145,neural_pair_scorer_resmlp_focal,focal
E3|Q9UKC9|P05067,E3|Q9UKC9,E3,Q9UKC9,P05067,FBXL2,APP,1,0,1,0.3313497304916382,neural_pair_scorer_resmlp_focal,focal
E3|Q9UKC9|P30279,E3|Q9UKC9,E3,Q9UKC9,P30279,FBXL2,CCND2,1,0,1,0.5292672514915466,neural_pair_scorer_resmlp_focal,focal
E3|Q9UKC9|P30281,E3|Q9UKC9,E3,Q9UKC9,P30281,FBXL2,CCND3,1,0,1,0.5109833478927612,neural_pair_scorer_resmlp_focal,focal
E3|Q9UKC9|P49585,E3|Q9UKC9,E3,Q9UKC9,P49585,FBXL2,PCYT1A,1,0,1,0.45072099566459656,neural_pair_scorer_resmlp_focal,focal
E3|Q9UKC9|Q08050,E3|Q9UKC9,E3,Q9UKC9,Q08050,FBXL2,FOXM1,1,0,1,0.6281988620758057,neural_pair_scorer_resmlp_focal,focal
E3|Q9UKC9|Q14573,E3|Q9UKC9,E3,Q9UKC9,Q14573,FBXL2,ITPR3,1,0,1,0.42403945326805115,neural_pair_scorer_resmlp_focal,focal
E3|Q9UKC9|Q96GD4,E3|Q9UKC9,E3,Q9UKC9,Q96GD4,FBXL2,AURKB,1,0,1,0.6079562902450562,neural_pair_scorer_resmlp_focal,focal
E3|Q9UKC9|Q96P20,E3|Q9UKC9,E3,Q9UKC9,Q96P20,FBXL2,NLRP3,1,0,1,0.42147496342658997,neural_pair_scorer_resmlp_focal,focal
E3|Q9UKT7|P08678,E3|Q9UKT7,E3,Q9UKT7,P08678,FBXL3,CYR1,1,0,1,0.48841604590415955,neural_pair_scorer_resmlp_focal,focal
E3|Q9UKT7|Q16526,E3|Q9UKT7,E3,Q9UKT7,Q16526,FBXL3,CRY1,1,0,1,0.9075546264648438,neural_pair_scorer_resmlp_focal,focal
E3|Q9UKT7|Q49AN0,E3|Q9UKT7,E3,Q9UKT7,Q49AN0,FBXL3,CRY2,1,0,1,0.9143148064613342,neural_pair_scorer_resmlp_focal,focal
E3|Q9Y3I1|P16150,E3|Q9Y3I1,E3,Q9Y3I1,P16150,FBXO7,SPN,1,0,1,0.4790869951248169,neural_pair_scorer_resmlp_focal,focal
E3|Q9Y3I1|Q12933,E3|Q9Y3I1,E3,Q9Y3I1,Q12933,FBXO7,TRAF2,1,0,1,0.8471441864967346,neural_pair_scorer_resmlp_focal,focal
E3|Q9Y3I1|Q13490,E3|Q9Y3I1,E3,Q9Y3I1,Q13490,FBXO7,BIRC2,1,0,1,0.8728832602500916,neural_pair_scorer_resmlp_focal,focal
E3|Q9Y3I1|Q15398,E3|Q9Y3I1,E3,Q9Y3I1,Q15398,FBXO7,DLGAP5,1,0,1,0.7317045331001282,neural_pair_scorer_resmlp_focal,focal
E3|Q9Y3I1|Q96SW2,E3|Q9Y3I1,E3,Q9Y3I1,Q96SW2,FBXO7,CRBN,1,0,1,0.7727269530296326,neural_pair_scorer_resmlp_focal,focal
E3|Q9Y4X5|O60573,E3|Q9Y4X5,E3,Q9Y4X5,O60573,ARIH1,EIF4E2,1,0,1,0.34518226981163025,neural_pair_scorer_resmlp_focal,focal
E3|Q9Y4X5|Q14190,E3|Q9Y4X5,E3,Q9Y4X5,Q14190,ARIH1,SIM2,1,0,1,0.4926437735557556,neural_pair_scorer_resmlp_focal,focal
E3|Q9Y575|P20333,E3|Q9Y575,E3,Q9Y575,P20333,ASB3,TNFRSF1B,1,0,1,0.2602977156639099,neural_pair_scorer_resmlp_focal,focal
E3|Q9Y6I7|Q92813,E3|Q9Y6I7,E3,Q9Y6I7,Q92813,WSB1,DIO2,1,0,1,0.3290775418281555,neural_pair_scorer_resmlp_focal,focal
E3|Q9Y6I7|Q9H2X6,E3|Q9Y6I7,E3,Q9Y6I7,Q9H2X6,WSB1,HIPK2,1,0,1,0.683777928352356,neural_pair_scorer_resmlp_focal,focal
DUB|O00487|O95863,DUB|O00487,DUB,O00487,O95863,PSMD14,SNAI1,1,0,1,0.8714717030525208,neural_pair_scorer_resmlp_focal,focal
DUB|O00487|P01584,DUB|O00487,DUB,O00487,P01584,PSMD14,IL1B,1,0,1,0.4881889820098877,neural_pair_scorer_resmlp_focal,focal
DUB|O00487|P04626,DUB|O00487,DUB,O00487,P04626,PSMD14,ERBB2,1,0,1,0.34481480717658997,neural_pair_scorer_resmlp_focal,focal
DUB|O00487|P62993,DUB|O00487,DUB,O00487,P62993,PSMD14,GRB2,1,0,1,0.47129303216934204,neural_pair_scorer_resmlp_focal,focal
DUB|O00487|Q01860,DUB|O00487,DUB,O00487,Q01860,PSMD14,POU5F1,1,0,1,0.7785301804542542,neural_pair_scorer_resmlp_focal,focal
DUB|O00487|Q04771,DUB|O00487,DUB,O00487,Q04771,PSMD14,ACVR1,1,0,1,0.30855661630630493,neural_pair_scorer_resmlp_focal,focal
DUB|O00507|Q13485,DUB|O00507,DUB,O00507,Q13485,USP9Y,SMAD4,1,0,1,0.5590130686759949,neural_pair_scorer_resmlp_focal,focal
DUB|O94966|O60337,DUB|O94966,DUB,O94966,O60337,USP19,MARCHF6,1,0,1,0.4053386449813843,neural_pair_scorer_resmlp_focal,focal
DUB|O94966|O75581,DUB|O94966,DUB,O94966,O75581,USP19,LRP6,1,0,1,0.4310782253742218,neural_pair_scorer_resmlp_focal,focal
DUB|O94966|P04150,DUB|O94966,DUB,O94966,P04150,USP19,NR3C1,1,0,1,0.8185352087020874,neural_pair_scorer_resmlp_focal,focal
DUB|O94966|Q01844,DUB|O94966,DUB,O94966,Q01844,USP19,EWSR1,1,0,1,0.7783845067024231,neural_pair_scorer_resmlp_focal,focal
DUB|O94966|Q13114,DUB|O94966,DUB,O94966,Q13114,USP19,TRAF3,1,0,1,0.916697084903717,neural_pair_scorer_resmlp_focal,focal
DUB|O94966|Q13489,DUB|O94966,DUB,O94966,Q13489,USP19,BIRC3,1,0,1,0.8092833757400513,neural_pair_scorer_resmlp_focal,focal
DUB|O94966|Q13490,DUB|O94966,DUB,O94966,Q13490,USP19,BIRC2,1,0,1,0.8425025343894958,neural_pair_scorer_resmlp_focal,focal
DUB|O94966|Q13547,DUB|O94966,DUB,O94966,Q13547,USP19,HDAC1,1,0,1,0.8906162977218628,neural_pair_scorer_resmlp_focal,focal
DUB|O94966|Q14457,DUB|O94966,DUB,O94966,Q14457,USP19,BECN1,1,0,1,0.6825494170188904,neural_pair_scorer_resmlp_focal,focal
DUB|O94966|Q5XPI4,DUB|O94966,DUB,O94966,Q5XPI4,USP19,RNF123,1,0,1,0.5357553958892822,neural_pair_scorer_resmlp_focal,focal
DUB|O94966|Q86TM6,DUB|O94966,DUB,O94966,Q86TM6,USP19,SYVN1,1,0,1,0.3032667338848114,neural_pair_scorer_resmlp_focal,focal
DUB|O94966|Q8IVP5,DUB|O94966,DUB,O94966,Q8IVP5,USP19,FUNDC1,1,0,1,0.27873173356056213,neural_pair_scorer_resmlp_focal,focal
DUB|O94966|Q92769,DUB|O94966,DUB,O94966,Q92769,USP19,HDAC2,1,0,1,0.8954815864562988,neural_pair_scorer_resmlp_focal,focal
DUB|O94966|Q92828,DUB|O94966,DUB,O94966,Q92828,USP19,CORO2A,1,0,1,0.5427705645561218,neural_pair_scorer_resmlp_focal,focal
DUB|O94966|Q9Y6Q9,DUB|O94966,DUB,O94966,Q9Y6Q9,USP19,NCOA3,1,0,1,0.38177695870399475,neural_pair_scorer_resmlp_focal,focal
DUB|Q0WX57|O95760,DUB|Q0WX57,DUB,Q0WX57,O95760,USP17L30,IL33,1,0,1,0.6534618139266968,neural_pair_scorer_resmlp_focal,focal
DUB|Q0WX57|P51449,DUB|Q0WX57,DUB,Q0WX57,P51449,USP17L30,RORC,1,0,1,0.8282510638237,neural_pair_scorer_resmlp_focal,focal
DUB|Q0WX57|Q92769,DUB|Q0WX57,DUB,Q0WX57,Q92769,USP17L30,HDAC2,1,0,1,0.9069226384162903,neural_pair_scorer_resmlp_focal,focal
DUB|Q0WX57|Q9H7L9,DUB|Q0WX57,DUB,Q0WX57,Q9H7L9,USP17L30,SUDS3,1,0,1,0.525009036064148,neural_pair_scorer_resmlp_focal,focal
DUB|Q0WX57|Q9Y256,DUB|Q0WX57,DUB,Q0WX57,Q9Y256,USP17L30,RCE1,1,0,1,0.37778040766716003,neural_pair_scorer_resmlp_focal,focal
DUB|Q15018|Q96P20,DUB|Q15018,DUB,Q15018,Q96P20,ABRAXAS2,NLRP3,1,0,1,0.785981297492981,neural_pair_scorer_resmlp_focal,focal
DUB|Q15040|O15524,DUB|Q15040,DUB,Q15040,O15524,JOSD1,SOCS1,1,0,1,0.3219534754753113,neural_pair_scorer_resmlp_focal,focal
DUB|Q15040|Q07820,DUB|Q15040,DUB,Q15040,Q07820,JOSD1,MCL1,1,0,1,0.5089170336723328,neural_pair_scorer_resmlp_focal,focal
DUB|Q53GS9|O96017,DUB|Q53GS9,DUB,Q53GS9,O96017,USP39,CHEK2,1,0,1,0.644277036190033,neural_pair_scorer_resmlp_focal,focal
DUB|Q53GS9|P37275,DUB|Q53GS9,DUB,Q53GS9,P37275,USP39,ZEB1,1,0,1,0.5783708691596985,neural_pair_scorer_resmlp_focal,focal
DUB|Q53GS9|P42224,DUB|Q53GS9,DUB,Q53GS9,P42224,USP39,STAT1,1,0,1,0.5784093141555786,neural_pair_scorer_resmlp_focal,focal
DUB|Q53GS9|Q96GD4,DUB|Q53GS9,DUB,Q53GS9,Q96GD4,USP39,AURKB,1,0,1,0.6465939879417419,neural_pair_scorer_resmlp_focal,focal
DUB|Q5VV17|O15105,DUB|Q5VV17,DUB,Q5VV17,O15105,OTUD1,SMAD7,1,0,1,0.3987845182418823,neural_pair_scorer_resmlp_focal,focal
DUB|Q5VV17|P04637,DUB|Q5VV17,DUB,Q5VV17,P04637,OTUD1,TP53,1,0,1,0.9084727764129639,neural_pair_scorer_resmlp_focal,focal
DUB|Q5VV17|P46937,DUB|Q5VV17,DUB,Q5VV17,P46937,OTUD1,YAP1,1,0,1,0.5687315464019775,neural_pair_scorer_resmlp_focal,focal
DUB|Q5VV17|Q07820,DUB|Q5VV17,DUB,Q5VV17,Q07820,OTUD1,MCL1,1,0,1,0.5868414044380188,neural_pair_scorer_resmlp_focal,focal
DUB|Q5VV17|Q14653,DUB|Q5VV17,DUB,Q5VV17,Q14653,OTUD1,IRF3,1,0,1,0.6888220310211182,neural_pair_scorer_resmlp_focal,focal
DUB|Q5VV17|Q9HCE7,DUB|Q5VV17,DUB,Q5VV17,Q9HCE7,OTUD1,SMURF1,1,0,1,0.4575064778327942,neural_pair_scorer_resmlp_focal,focal
DUB|Q5VVJ2|P0C0S8,DUB|Q5VVJ2,DUB,Q5VVJ2,P0C0S8,MYSM1,HIST1H2AM,1,0,1,0.7489084601402283,neural_pair_scorer_resmlp_focal,focal
DUB|Q5VVJ2|Q16777,DUB|Q5VVJ2,DUB,Q5VVJ2,Q16777,MYSM1,HIST2H2AC,1,0,1,0.7659775018692017,neural_pair_scorer_resmlp_focal,focal
DUB|Q5VVJ2|Q86WV6,DUB|Q5VVJ2,DUB,Q5VVJ2,Q86WV6,MYSM1,STING1,1,0,1,0.62359219789505,neural_pair_scorer_resmlp_focal,focal
DUB|Q5VVQ6|P17661,DUB|Q5VVQ6,DUB,Q5VVQ6,P17661,YOD1,DES,1,0,1,0.4511222839355469,neural_pair_scorer_resmlp_focal,focal
DUB|Q5VVQ6|P55072,DUB|Q5VVQ6,DUB,Q5VVQ6,P55072,YOD1,VCP,1,0,1,0.4334685504436493,neural_pair_scorer_resmlp_focal,focal
DUB|Q5VVQ6|Q96J02,DUB|Q5VVQ6,DUB,Q5VVQ6,Q96J02,YOD1,ITCH,1,0,1,0.36100438237190247,neural_pair_scorer_resmlp_focal,focal
DUB|Q6R6M4|O43623,DUB|Q6R6M4,DUB,Q6R6M4,O43623,USP17L2,SNAI2,1,0,1,0.8527414798736572,neural_pair_scorer_resmlp_focal,focal
DUB|Q6R6M4|O60885,DUB|Q6R6M4,DUB,Q6R6M4,O60885,USP17L2,BRD4,1,0,1,0.5967602133750916,neural_pair_scorer_resmlp_focal,focal
DUB|Q6R6M4|O95786,DUB|Q6R6M4,DUB,Q6R6M4,O95786,USP17L2,DDX58,1,0,1,0.8454167246818542,neural_pair_scorer_resmlp_focal,focal
DUB|Q6R6M4|O95863,DUB|Q6R6M4,DUB,Q6R6M4,O95863,USP17L2,SNAI1,1,0,1,0.8732917308807373,neural_pair_scorer_resmlp_focal,focal
DUB|Q6R6M4|P16104,DUB|Q6R6M4,DUB,Q6R6M4,P16104,USP17L2,H2AFX,1,0,1,0.8577015995979309,neural_pair_scorer_resmlp_focal,focal
DUB|Q6R6M4|P30304,DUB|Q6R6M4,DUB,Q6R6M4,P30304,USP17L2,CDC25A,1,0,1,0.20294225215911865,neural_pair_scorer_resmlp_focal,focal
DUB|Q6R6M4|Q15672,DUB|Q6R6M4,DUB,Q6R6M4,Q15672,USP17L2,TWIST1,1,0,1,0.7132208347320557,neural_pair_scorer_resmlp_focal,focal
DUB|Q6R6M4|Q16236,DUB|Q6R6M4,DUB,Q6R6M4,Q16236,USP17L2,NFE2L2,1,0,1,0.8219443559646606,neural_pair_scorer_resmlp_focal,focal
DUB|Q6R6M4|Q92819,DUB|Q6R6M4,DUB,Q6R6M4,Q92819,USP17L2,HAS2,1,0,1,0.44441473484039307,neural_pair_scorer_resmlp_focal,focal
DUB|Q6R6M4|Q99538,DUB|Q6R6M4,DUB,Q6R6M4,Q99538,USP17L2,LGMN,1,0,1,0.5750380158424377,neural_pair_scorer_resmlp_focal,focal
DUB|Q6R6M4|Q9BYX4,DUB|Q6R6M4,DUB,Q6R6M4,Q9BYX4,USP17L2,IFIH1,1,0,1,0.8502073884010315,neural_pair_scorer_resmlp_focal,focal
DUB|Q6R6M4|Q9H7L9,DUB|Q6R6M4,DUB,Q6R6M4,Q9H7L9,USP17L2,SUDS3,1,0,1,0.5378189086914062,neural_pair_scorer_resmlp_focal,focal
DUB|Q6R6M4|Q9Y256,DUB|Q6R6M4,DUB,Q6R6M4,Q9Y256,USP17L2,RCE1,1,0,1,0.3879547715187073,neural_pair_scorer_resmlp_focal,focal
DUB|Q7L8S5|O00429,DUB|Q7L8S5,DUB,Q7L8S5,O00429,OTUD6A,DNM1L,1,0,1,0.3761177361011505,neural_pair_scorer_resmlp_focal,focal
DUB|Q7L8S5|O14965,DUB|Q7L8S5,DUB,Q7L8S5,O14965,OTUD6A,AURKA,1,0,1,0.8731812834739685,neural_pair_scorer_resmlp_focal,focal
DUB|Q8N5J2|P46937,DUB|Q8N5J2,DUB,Q8N5J2,P46937,MINDY1,YAP1,1,0,1,0.7177095413208008,neural_pair_scorer_resmlp_focal,focal
DUB|Q92560|O15294,DUB|Q92560,DUB,Q92560,O15294,BAP1,OGT,1,0,1,0.5790835618972778,neural_pair_scorer_resmlp_focal,focal
DUB|Q92560|P0C0S8,DUB|Q92560,DUB,Q92560,P0C0S8,BAP1,HIST1H2AM,1,0,1,0.6810899376869202,neural_pair_scorer_resmlp_focal,focal
DUB|Q92560|P16104,DUB|Q92560,DUB,Q92560,P16104,BAP1,H2AFX,1,0,1,0.7284241914749146,neural_pair_scorer_resmlp_focal,focal
DUB|Q92560|P25490,DUB|Q92560,DUB,Q92560,P25490,BAP1,YY1,1,0,1,0.8823327422142029,neural_pair_scorer_resmlp_focal,focal
DUB|Q92560|P27348,DUB|Q92560,DUB,Q92560,P27348,BAP1,YWHAQ,1,0,1,0.60982346534729,neural_pair_scorer_resmlp_focal,focal
DUB|Q92560|P38398,DUB|Q92560,DUB,Q92560,P38398,BAP1,BRCA1,1,0,1,0.34913918375968933,neural_pair_scorer_resmlp_focal,focal
DUB|Q92560|P46531,DUB|Q92560,DUB,Q92560,P46531,BAP1,NOTCH1,1,0,1,0.7146223187446594,neural_pair_scorer_resmlp_focal,focal
DUB|Q92560|P51610,DUB|Q92560,DUB,Q92560,P51610,BAP1,HCFC1,1,0,1,0.5925034284591675,neural_pair_scorer_resmlp_focal,focal
DUB|Q92560|P60484,DUB|Q92560,DUB,Q92560,P60484,BAP1,PTEN,1,0,1,0.7972537875175476,neural_pair_scorer_resmlp_focal,focal
DUB|Q92560|Q01167,DUB|Q92560,DUB,Q92560,Q01167,BAP1,FOXK2,1,0,1,0.7153984904289246,neural_pair_scorer_resmlp_focal,focal
DUB|Q92560|Q13887,DUB|Q92560,DUB,Q92560,Q13887,BAP1,KLF5,1,0,1,0.7015915513038635,neural_pair_scorer_resmlp_focal,focal
DUB|Q92560|Q15831,DUB|Q92560,DUB,Q92560,Q15831,BAP1,STK11,1,0,1,0.6180712580680847,neural_pair_scorer_resmlp_focal,focal
DUB|Q92560|Q16777,DUB|Q92560,DUB,Q92560,Q16777,BAP1,HIST2H2AC,1,0,1,0.7034891247749329,neural_pair_scorer_resmlp_focal,focal
DUB|Q92560|Q6FI13,DUB|Q92560,DUB,Q92560,Q6FI13,BAP1,HIST2H2AA4,1,0,1,0.6906295418739319,neural_pair_scorer_resmlp_focal,focal
DUB|Q92560|Q96CW5,DUB|Q92560,DUB,Q92560,Q96CW5,BAP1,TUBGCP3,1,0,1,0.3625008761882782,neural_pair_scorer_resmlp_focal,focal
DUB|Q93008|A5PKW4,DUB|Q93008,DUB,Q93008,A5PKW4,USP9X,PSD,1,0,1,0.4442554712295532,neural_pair_scorer_resmlp_focal,focal
DUB|Q93008|O00327,DUB|Q93008,DUB,Q93008,O00327,USP9X,ARNTL,1,0,1,0.5759434700012207,neural_pair_scorer_resmlp_focal,focal
DUB|Q93008|O00512,DUB|Q93008,DUB,Q93008,O00512,USP9X,BCL9,1,0,1,0.4673924446105957,neural_pair_scorer_resmlp_focal,focal
DUB|Q93008|O14641,DUB|Q93008,DUB,Q93008,O14641,USP9X,DVL2,1,0,1,0.7497339844703674,neural_pair_scorer_resmlp_focal,focal
DUB|Q93008|O14684,DUB|Q93008,DUB,Q93008,O14684,USP9X,PTGES,1,0,1,0.359263151884079,neural_pair_scorer_resmlp_focal,focal
DUB|Q93008|O43524,DUB|Q93008,DUB,Q93008,O43524,USP9X,FOXO3,1,0,1,0.6412796378135681,neural_pair_scorer_resmlp_focal,focal
DUB|Q93008|O60285,DUB|Q93008,DUB,Q93008,O60285,USP9X,NUAK1,1,0,1,0.44305580854415894,neural_pair_scorer_resmlp_focal,focal
DUB|Q93008|O95835,DUB|Q93008,DUB,Q93008,O95835,USP9X,LATS1,1,0,1,0.45175835490226746,neural_pair_scorer_resmlp_focal,focal
DUB|Q93008|O95999,DUB|Q93008,DUB,Q93008,O95999,USP9X,BCL10,1,0,1,0.47572121024131775,neural_pair_scorer_resmlp_focal,focal
DUB|Q93008|P04626,DUB|Q93008,DUB,Q93008,P04626,USP9X,ERBB2,1,0,1,0.5195206999778748,neural_pair_scorer_resmlp_focal,focal
DUB|Q93008|P04637,DUB|Q93008,DUB,Q93008,P04637,USP9X,TP53,1,0,1,0.8298479318618774,neural_pair_scorer_resmlp_focal,focal
DUB|Q93008|P11308,DUB|Q93008,DUB,Q93008,P11308,USP9X,ERG,1,0,1,0.4977066218852997,neural_pair_scorer_resmlp_focal,focal
DUB|Q93008|P12830,DUB|Q93008,DUB,Q93008,P12830,USP9X,CDH1,1,0,1,0.6410940289497375,neural_pair_scorer_resmlp_focal,focal
DUB|Q93008|P14921,DUB|Q93008,DUB,Q93008,P14921,USP9X,ETS1,1,0,1,0.5370606184005737,neural_pair_scorer_resmlp_focal,focal
DUB|Q93008|P16949,DUB|Q93008,DUB,Q93008,P16949,USP9X,STMN1,1,0,1,0.41881391406059265,neural_pair_scorer_resmlp_focal,focal
DUB|Q93008|P23588,DUB|Q93008,DUB,Q93008,P23588,USP9X,EIF4B,1,0,1,0.4121726155281067,neural_pair_scorer_resmlp_focal,focal
DUB|Q93008|P33981,DUB|Q93008,DUB,Q93008,P33981,USP9X,TTK,1,0,1,0.3636396527290344,neural_pair_scorer_resmlp_focal,focal
DUB|Q93008|P35222,DUB|Q93008,DUB,Q93008,P35222,USP9X,CTNNB1,1,0,1,0.7473072409629822,neural_pair_scorer_resmlp_focal,focal
DUB|Q93008|P37840,DUB|Q93008,DUB,Q93008,P37840,USP9X,SNCA,1,0,1,0.6546343564987183,neural_pair_scorer_resmlp_focal,focal
DUB|Q93008|P38398,DUB|Q93008,DUB,Q93008,P38398,USP9X,BRCA1,1,0,1,0.3092430830001831,neural_pair_scorer_resmlp_focal,focal
DUB|Q93008|P42345,DUB|Q93008,DUB,Q93008,P42345,USP9X,MTOR,1,0,1,0.6878527402877808,neural_pair_scorer_resmlp_focal,focal
DUB|Q93008|P42566,DUB|Q93008,DUB,Q93008,P42566,USP9X,EPS15,1,0,1,0.6208227276802063,neural_pair_scorer_resmlp_focal,focal
DUB|Q93008|P43403,DUB|Q93008,DUB,Q93008,P43403,USP9X,ZAP70,1,0,1,0.5110600590705872,neural_pair_scorer_resmlp_focal,focal
DUB|Q93008|P46937,DUB|Q93008,DUB,Q93008,P46937,USP9X,YAP1,1,0,1,0.6334892511367798,neural_pair_scorer_resmlp_focal,focal
DUB|Q93008|P47895,DUB|Q93008,DUB,Q93008,P47895,USP9X,ALDH1A3,1,0,1,0.3224014937877655,neural_pair_scorer_resmlp_focal,focal
DUB|Q93008|P48431,DUB|Q93008,DUB,Q93008,P48431,USP9X,SOX2,1,0,1,0.5672765970230103,neural_pair_scorer_resmlp_focal,focal
DUB|Q93008|P50542,DUB|Q93008,DUB,Q93008,P50542,USP9X,PEX5,1,0,1,0.5909066796302795,neural_pair_scorer_resmlp_focal,focal
DUB|Q93008|P60842,DUB|Q93008,DUB,Q93008,P60842,USP9X,EIF4A1,1,0,1,0.4690631031990051,neural_pair_scorer_resmlp_focal,focal
DUB|Q93008|Q07820,DUB|Q93008,DUB,Q93008,Q07820,USP9X,MCL1,1,0,1,0.5400431156158447,neural_pair_scorer_resmlp_focal,focal
DUB|Q93008|Q12809,DUB|Q93008,DUB,Q93008,Q12809,USP9X,KCNH2,1,0,1,0.3212660253047943,neural_pair_scorer_resmlp_focal,focal
DUB|Q93008|Q13485,DUB|Q93008,DUB,Q93008,Q13485,USP9X,SMAD4,1,0,1,0.4795416593551636,neural_pair_scorer_resmlp_focal,focal
DUB|Q93008|Q14457,DUB|Q93008,DUB,Q93008,Q14457,USP9X,BECN1,1,0,1,0.6660208106040955,neural_pair_scorer_resmlp_focal,focal
DUB|Q93008|Q15051,DUB|Q93008,DUB,Q93008,Q15051,USP9X,IQCB1,1,0,1,0.49160659313201904,neural_pair_scorer_resmlp_focal,focal
DUB|Q93008|Q15154,DUB|Q93008,DUB,Q93008,Q15154,USP9X,PCM1,1,0,1,0.423104852437973,neural_pair_scorer_resmlp_focal,focal
DUB|Q93008|Q15797,DUB|Q93008,DUB,Q93008,Q15797,USP9X,SMAD1,1,0,1,0.4933130145072937,neural_pair_scorer_resmlp_focal,focal
DUB|Q93008|Q53EZ4,DUB|Q93008,DUB,Q93008,Q53EZ4,USP9X,CEP55,1,0,1,0.5098033547401428,neural_pair_scorer_resmlp_focal,focal
DUB|Q93008|Q6R327,DUB|Q93008,DUB,Q93008,Q6R327,USP9X,RICTOR,1,0,1,0.7141996622085571,neural_pair_scorer_resmlp_focal,focal
DUB|Q93008|Q86YR5,DUB|Q93008,DUB,Q93008,Q86YR5,USP9X,GPSM1,1,0,1,0.4836326241493225,neural_pair_scorer_resmlp_focal,focal
DUB|Q93008|Q86YT6,DUB|Q93008,DUB,Q93008,Q86YT6,USP9X,MIB1,1,0,1,0.5632200837135315,neural_pair_scorer_resmlp_focal,focal
DUB|Q93008|Q8NAP3,DUB|Q93008,DUB,Q93008,Q8NAP3,USP9X,ZBTB38,1,0,1,0.265731543302536,neural_pair_scorer_resmlp_focal,focal
DUB|Q93008|Q8WTU0,DUB|Q93008,DUB,Q93008,Q8WTU0,USP9X,DDI1,1,0,1,0.40479397773742676,neural_pair_scorer_resmlp_focal,focal
DUB|Q93008|Q969H0,DUB|Q93008,DUB,Q93008,Q969H0,USP9X,FBXW7,1,0,1,0.3837606906890869,neural_pair_scorer_resmlp_focal,focal
DUB|Q93008|Q96J02,DUB|Q93008,DUB,Q93008,Q96J02,USP9X,ITCH,1,0,1,0.46885260939598083,neural_pair_scorer_resmlp_focal,focal
DUB|Q93008|Q96L34,DUB|Q93008,DUB,Q93008,Q96L34,USP9X,MARK4,1,0,1,0.47375568747520447,neural_pair_scorer_resmlp_focal,focal
DUB|Q93008|Q96RU7,DUB|Q93008,DUB,Q93008,Q96RU7,USP9X,TRIB3,1,0,1,0.384671688079834,neural_pair_scorer_resmlp_focal,focal
DUB|Q93008|Q99683,DUB|Q93008,DUB,Q93008,Q99683,USP9X,MAP3K5,1,0,1,0.6771132349967957,neural_pair_scorer_resmlp_focal,focal
DUB|Q93008|Q9H3R0,DUB|Q93008,DUB,Q93008,Q9H3R0,USP9X,KDM4C,1,0,1,0.3952610492706299,neural_pair_scorer_resmlp_focal,focal
DUB|Q93008|Q9H6Z9,DUB|Q93008,DUB,Q93008,Q9H6Z9,USP9X,EGLN3,1,0,1,0.4086986184120178,neural_pair_scorer_resmlp_focal,focal
DUB|Q93008|Q9H992,DUB|Q93008,DUB,Q93008,Q9H992,USP9X,MARCHF7,1,0,1,0.3963950276374817,neural_pair_scorer_resmlp_focal,focal
DUB|Q93008|Q9HCE7,DUB|Q93008,DUB,Q93008,Q9HCE7,USP9X,SMURF1,1,0,1,0.42610013484954834,neural_pair_scorer_resmlp_focal,focal
DUB|Q93008|Q9NRM7,DUB|Q93008,DUB,Q93008,Q9NRM7,USP9X,LATS2,1,0,1,0.4860380291938782,neural_pair_scorer_resmlp_focal,focal
DUB|Q93008|Q9NYV9,DUB|Q93008,DUB,Q93008,Q9NYV9,USP9X,TAS2R13,1,0,1,0.24913817644119263,neural_pair_scorer_resmlp_focal,focal
DUB|Q93008|Q9NZQ7,DUB|Q93008,DUB,Q93008,Q9NZQ7,USP9X,CD274,1,0,1,0.4061319828033447,neural_pair_scorer_resmlp_focal,focal
DUB|Q93008|Q9UPN4,DUB|Q93008,DUB,Q93008,Q9UPN4,USP9X,CEP131,1,0,1,0.46816450357437134,neural_pair_scorer_resmlp_focal,focal
DUB|Q93008|Q9Y2J4,DUB|Q93008,DUB,Q93008,Q9Y2J4,USP9X,AMOTL2,1,0,1,0.5485701560974121,neural_pair_scorer_resmlp_focal,focal
DUB|Q93008|Q9Y4H2,DUB|Q93008,DUB,Q93008,Q9Y4H2,USP9X,IRS2,1,0,1,0.6635836362838745,neural_pair_scorer_resmlp_focal,focal
DUB|Q93008|Q9Y4L5,DUB|Q93008,DUB,Q93008,Q9Y4L5,USP9X,RNF115,1,0,1,0.3184548318386078,neural_pair_scorer_resmlp_focal,focal
DUB|Q96JH7|Q9H040,DUB|Q96JH7,DUB,Q96JH7,Q9H040,VCPIP1,SPRTN,1,0,1,0.6627131700515747,neural_pair_scorer_resmlp_focal,focal
DUB|Q96JH7|Q9NY99,DUB|Q96JH7,DUB,Q96JH7,Q9NY99,VCPIP1,SNTG2,1,0,1,0.3443949818611145,neural_pair_scorer_resmlp_focal,focal
DUB|Q9C040|O95863,DUB|Q9C040,DUB,Q9C040,O95863,TRIM2,SNAI1,1,0,1,0.5965774655342102,neural_pair_scorer_resmlp_focal,focal
DUB|Q9H0E7|O15169,DUB|Q9H0E7,DUB,Q9H0E7,O15169,USP44,AXIN1,1,0,1,0.2987060844898224,neural_pair_scorer_resmlp_focal,focal
DUB|Q9H0E7|P09467,DUB|Q9H0E7,DUB,Q9H0E7,P09467,USP44,FBP1,1,0,1,0.7721245288848877,neural_pair_scorer_resmlp_focal,focal
DUB|Q9H0E7|P0C0S8,DUB|Q9H0E7,DUB,Q9H0E7,P0C0S8,USP44,HIST1H2AM,1,0,1,0.8339117765426636,neural_pair_scorer_resmlp_focal,focal
DUB|Q9H0E7|Q01860,DUB|Q9H0E7,DUB,Q9H0E7,Q01860,USP44,POU5F1,1,0,1,0.6611500382423401,neural_pair_scorer_resmlp_focal,focal
DUB|Q9H0E7|Q12834,DUB|Q9H0E7,DUB,Q9H0E7,Q12834,USP44,CDC20,1,0,1,0.844515323638916,neural_pair_scorer_resmlp_focal,focal
DUB|Q9H0E7|Q13257,DUB|Q9H0E7,DUB,Q9H0E7,Q13257,USP44,MAD2L1,1,0,1,0.7596072554588318,neural_pair_scorer_resmlp_focal,focal
DUB|Q9H0E7|Q15910,DUB|Q9H0E7,DUB,Q9H0E7,Q15910,USP44,EZH2,1,0,1,0.761599063873291,neural_pair_scorer_resmlp_focal,focal
DUB|Q9H0E7|Q16777,DUB|Q9H0E7,DUB,Q9H0E7,Q16777,USP44,HIST2H2AC,1,0,1,0.8431432247161865,neural_pair_scorer_resmlp_focal,focal
DUB|Q9H0E7|Q16778,DUB|Q9H0E7,DUB,Q9H0E7,Q16778,USP44,HIST2H2BE,1,0,1,0.8973231315612793,neural_pair_scorer_resmlp_focal,focal
DUB|Q9H0E7|Q86WV6,DUB|Q9H0E7,DUB,Q9H0E7,Q86WV6,USP44,STING1,1,0,1,0.7492268681526184,neural_pair_scorer_resmlp_focal,focal
DUB|Q9H0E7|Q9BZS1,DUB|Q9H0E7,DUB,Q9H0E7,Q9BZS1,USP44,FOXP3,1,0,1,0.622713029384613,neural_pair_scorer_resmlp_focal,focal
DUB|Q9P275|O95602,DUB|Q9P275,DUB,Q9P275,O95602,USP36,POLR1A,1,0,1,0.7798134684562683,neural_pair_scorer_resmlp_focal,focal
DUB|Q9P275|P01106,DUB|Q9P275,DUB,Q9P275,P01106,USP36,MYC,1,0,1,0.8510663509368896,neural_pair_scorer_resmlp_focal,focal
DUB|Q9P275|P04179,DUB|Q9P275,DUB,Q9P275,P04179,USP36,SOD2,1,0,1,0.3284991681575775,neural_pair_scorer_resmlp_focal,focal
DUB|Q9P275|Q05195,DUB|Q9P275,DUB,Q9P275,Q05195,USP36,MXD1,1,0,1,0.7151079773902893,neural_pair_scorer_resmlp_focal,focal
DUB|Q9P275|Q15910,DUB|Q9P275,DUB,Q9P275,Q15910,USP36,EZH2,1,0,1,0.8225781917572021,neural_pair_scorer_resmlp_focal,focal
DUB|Q9P275|Q16778,DUB|Q9P275,DUB,Q9P275,Q16778,USP36,HIST2H2BE,1,0,1,0.9227818250656128,neural_pair_scorer_resmlp_focal,focal
DUB|Q9P275|Q9H6R0,DUB|Q9P275,DUB,Q9P275,Q9H6R0,USP36,DHX33,1,0,1,0.7789358496665955,neural_pair_scorer_resmlp_focal,focal
DUB|Q9P275|Q9Y570,DUB|Q9P275,DUB,Q9P275,Q9Y570,USP36,PPME1,1,0,1,0.377724826335907,neural_pair_scorer_resmlp_focal,focal
DUB|Q9UGI0|Q15910,DUB|Q9UGI0,DUB,Q9UGI0,Q15910,ZRANB1,EZH2,1,0,1,0.7817219495773315,neural_pair_scorer_resmlp_focal,focal
DUB|Q9UGI0|Q8NEB9,DUB|Q9UGI0,DUB,Q9UGI0,Q8NEB9,ZRANB1,PIK3C3,1,0,1,0.5517251491546631,neural_pair_scorer_resmlp_focal,focal
DUB|Q9UGI0|Q9P2Y5,DUB|Q9UGI0,DUB,Q9UGI0,Q9P2Y5,ZRANB1,UVRAG,1,0,1,0.5321784019470215,neural_pair_scorer_resmlp_focal,focal
DUB|Q9UGI0|Q9ULT8,DUB|Q9UGI0,DUB,Q9UGI0,Q9ULT8,ZRANB1,HECTD1,1,0,1,0.45462197065353394,neural_pair_scorer_resmlp_focal,focal
DUB|Q9Y2K6|O43623,DUB|Q9Y2K6,DUB,Q9Y2K6,O43623,USP20,SNAI2,1,0,1,0.7614474296569824,neural_pair_scorer_resmlp_focal,focal
DUB|Q9Y2K6|O75385,DUB|Q9Y2K6,DUB,Q9Y2K6,O75385,USP20,ULK1,1,0,1,0.3818678855895996,neural_pair_scorer_resmlp_focal,focal
DUB|Q9Y2K6|O75943,DUB|Q9Y2K6,DUB,Q9Y2K6,O75943,USP20,RAD17,1,0,1,0.1880098432302475,neural_pair_scorer_resmlp_focal,focal
DUB|Q9Y2K6|P07550,DUB|Q9Y2K6,DUB,Q9Y2K6,P07550,USP20,ADRB2,1,0,1,0.47572728991508484,neural_pair_scorer_resmlp_focal,focal
DUB|Q9Y2K6|P14618,DUB|Q9Y2K6,DUB,Q9Y2K6,P14618,USP20,PKM,1,0,1,0.6434496641159058,neural_pair_scorer_resmlp_focal,focal
DUB|Q9Y2K6|P35222,DUB|Q9Y2K6,DUB,Q9Y2K6,P35222,USP20,CTNNB1,1,0,1,0.7092365026473999,neural_pair_scorer_resmlp_focal,focal
DUB|Q9Y2K6|Q13501,DUB|Q9Y2K6,DUB,Q9Y2K6,Q13501,USP20,SQSTM1,1,0,1,0.5942404866218567,neural_pair_scorer_resmlp_focal,focal
DUB|Q9Y2K6|Q13546,DUB|Q9Y2K6,DUB,Q9Y2K6,Q13546,USP20,RIPK1,1,0,1,0.6169382929801941,neural_pair_scorer_resmlp_focal,focal
DUB|Q9Y2K6|Q16659,DUB|Q9Y2K6,DUB,Q9Y2K6,Q16659,USP20,MAPK6,1,0,1,0.45678937435150146,neural_pair_scorer_resmlp_focal,focal
DUB|Q9Y2K6|Q16665,DUB|Q9Y2K6,DUB,Q9Y2K6,Q16665,USP20,HIF1A,1,0,1,0.8418375253677368,neural_pair_scorer_resmlp_focal,focal
DUB|Q9Y2K6|Q86WV6,DUB|Q9Y2K6,DUB,Q9Y2K6,Q86WV6,USP20,TMEM173,1,0,1,0.704477071762085,neural_pair_scorer_resmlp_focal,focal
DUB|Q9Y2K6|Q92813,DUB|Q9Y2K6,DUB,Q9Y2K6,Q92813,USP20,DIO2,1,0,1,0.5246591567993164,neural_pair_scorer_resmlp_focal,focal
DUB|Q9Y2K6|Q9HAW4,DUB|Q9Y2K6,DUB,Q9Y2K6,Q9HAW4,USP20,CLSPN,1,0,1,0.47541552782058716,neural_pair_scorer_resmlp_focal,focal
DUB|Q9Y2K6|Q9Y4K3,DUB|Q9Y2K6,DUB,Q9Y2K6,Q9Y4K3,USP20,TRAF6,1,0,1,0.8361586928367615,neural_pair_scorer_resmlp_focal,focal
DUB|Q9Y5T5|P01106,DUB|Q9Y5T5,DUB,Q9Y5T5,P01106,USP16,MYC,1,0,1,0.9198030233383179,neural_pair_scorer_resmlp_focal,focal
DUB|Q9Y5T5|P0C0S8,DUB|Q9Y5T5,DUB,Q9Y5T5,P0C0S8,USP16,HIST1H2AM,1,0,1,0.8874660730361938,neural_pair_scorer_resmlp_focal,focal
DUB|Q9Y5T5|P53350,DUB|Q9Y5T5,DUB,Q9Y5T5,P53350,USP16,PLK1,1,0,1,0.8133407831192017,neural_pair_scorer_resmlp_focal,focal
DUB|Q9Y5T5|P62979,DUB|Q9Y5T5,DUB,Q9Y5T5,P62979,USP16,RPS27A,1,0,1,0.8363598585128784,neural_pair_scorer_resmlp_focal,focal
DUB|Q9Y5T5|Q16777,DUB|Q9Y5T5,DUB,Q9Y5T5,Q16777,USP16,HIST2H2AC,1,0,1,0.891707181930542,neural_pair_scorer_resmlp_focal,focal
DUB|Q9Y5T5|Q16778,DUB|Q9Y5T5,DUB,Q9Y5T5,Q16778,USP16,HIST2H2BE,1,0,1,0.9079663753509521,neural_pair_scorer_resmlp_focal,focal
DUB|Q9Y5T5|Q9H9S0,DUB|Q9Y5T5,DUB,Q9Y5T5,Q9H9S0,USP16,NANOG,1,0,1,0.8420126438140869,neural_pair_scorer_resmlp_focal,focal
E3|O14543|Q9P055,E3|O14543,E3,O14543,Q9P055,SOCS3,JKAMP,0,0,0,0.4020572304725647,neural_pair_scorer_resmlp_focal,focal
E3|O14543|P55895,E3|O14543,E3,O14543,P55895,SOCS3,RAG2,0,0,0,0.39519715309143066,neural_pair_scorer_resmlp_focal,focal
E3|O14543|Q99717,E3|O14543,E3,O14543,Q99717,SOCS3,SMAD5,0,0,0,0.8996015191078186,neural_pair_scorer_resmlp_focal,focal
E3|O14543|P33993,E3|O14543,E3,O14543,P33993,SOCS3,MCM7,0,0,0,0.6189956068992615,neural_pair_scorer_resmlp_focal,focal
E3|O14543|Q7Z698,E3|O14543,E3,O14543,Q7Z698,SOCS3,SPRED2,0,0,0,0.4298492670059204,neural_pair_scorer_resmlp_focal,focal
E3|O14543|Q13535,E3|O14543,E3,O14543,Q13535,SOCS3,ATR,0,0,0,0.5011173486709595,neural_pair_scorer_resmlp_focal,focal
E3|O14543|Q8IZ07,E3|O14543,E3,O14543,Q8IZ07,SOCS3,ANKRD13A,0,0,0,0.5158669352531433,neural_pair_scorer_resmlp_focal,focal
E3|O14544|Q96FJ0,E3|O14544,E3,O14544,Q96FJ0,SOCS6,STAMBPL1,0,0,0,0.6306906938552856,neural_pair_scorer_resmlp_focal,focal
E3|O43734|P27986,E3|O43734,E3,O43734,P27986,TRAF3IP2,PIK3R1,0,0,0,0.6546657681465149,neural_pair_scorer_resmlp_focal,focal
E3|O43734|Q13563,E3|O43734,E3,O43734,Q13563,TRAF3IP2,PKD2,0,0,0,0.447971373796463,neural_pair_scorer_resmlp_focal,focal
E3|O60784|P49450,E3|O60784,E3,O60784,P49450,TOM1,CENPA,0,0,0,0.2813663184642792,neural_pair_scorer_resmlp_focal,focal
E3|O60784|Q9Y657,E3|O60784,E3,O60784,Q9Y657,TOM1,SPIN1,0,0,0,0.42239630222320557,neural_pair_scorer_resmlp_focal,focal
E3|O75150|Q9NR09,E3|O75150,E3,O75150,Q9NR09,RNF40,BIRC6,0,0,0,0.3163483142852783,neural_pair_scorer_resmlp_focal,focal
E3|O75150|P10911,E3|O75150,E3,O75150,P10911,RNF40,MCF2,0,0,0,0.4095393717288971,neural_pair_scorer_resmlp_focal,focal
E3|O75150|P61073,E3|O75150,E3,O75150,P61073,RNF40,CXCR4,0,0,0,0.2325771152973175,neural_pair_scorer_resmlp_focal,focal
E3|O75150|P19367,E3|O75150,E3,O75150,P19367,RNF40,HK1,0,0,0,0.7063610553741455,neural_pair_scorer_resmlp_focal,focal
E3|O95376|P08393,E3|O95376,E3,O95376,P08393,ARIH2,ICP0,0,0,0,0.28056636452674866,neural_pair_scorer_resmlp_focal,focal
E3|O95376|O95140,E3|O95376,E3,O95376,O95140,ARIH2,MFN2,0,0,0,0.7125030755996704,neural_pair_scorer_resmlp_focal,focal
E3|O95376|Q15849,E3|O95376,E3,O95376,Q15849,ARIH2,SLC14A2,0,0,0,0.6462761163711548,neural_pair_scorer_resmlp_focal,focal
E3|P03126|Q8ND25,E3|P03126,E3,P03126,Q8ND25,E6,ZNRF1,0,0,0,0.25530844926834106,neural_pair_scorer_resmlp_focal,focal
E3|P03126|P14077,E3|P03126,E3,P03126,P14077,E6,gag,0,0,0,0.20452170073986053,neural_pair_scorer_resmlp_focal,focal
E3|P03126|P50579,E3|P03126,E3,P03126,P50579,E6,METAP2,0,0,0,0.421631783246994,neural_pair_scorer_resmlp_focal,focal
E3|P03126|Q96BR9,E3|P03126,E3,P03126,Q96BR9,E6,ZBTB8A,0,0,0,0.2536400258541107,neural_pair_scorer_resmlp_focal,focal
E3|P03126|P35558,E3|P03126,E3,P03126,P35558,E6,PCK1,0,0,0,0.5720229148864746,neural_pair_scorer_resmlp_focal,focal
E3|P03126|Q14164,E3|P03126,E3,P03126,Q14164,E6,IKBKE,0,0,0,0.5566014051437378,neural_pair_scorer_resmlp_focal,focal
E3|P03126|P07333,E3|P03126,E3,P03126,P07333,E6,CSF1R,0,0,0,0.2550930380821228,neural_pair_scorer_resmlp_focal,focal
E3|P03126|P29474,E3|P03126,E3,P03126,P29474,E6,NOS3,0,0,0,0.3684360384941101,neural_pair_scorer_resmlp_focal,focal
E3|P08393|Q9BYX4,E3|P08393,E3,P08393,Q9BYX4,ICP0,IFIH1,0,0,0,0.6379590630531311,neural_pair_scorer_resmlp_focal,focal
E3|P08393|O75460,E3|P08393,E3,P08393,O75460,ICP0,ERN1,0,0,0,0.5146347880363464,neural_pair_scorer_resmlp_focal,focal
E3|P08393|Q9HB71,E3|P08393,E3,P08393,Q9HB71,ICP0,CACYBP,0,0,0,0.38849350810050964,neural_pair_scorer_resmlp_focal,focal
E3|P08393|Q8WZ73,E3|P08393,E3,P08393,Q8WZ73,ICP0,RFFL,0,0,0,0.3753450810909271,neural_pair_scorer_resmlp_focal,focal
E3|P08393|Q92674,E3|P08393,E3,P08393,Q92674,ICP0,CENPI,0,0,0,0.45446452498435974,neural_pair_scorer_resmlp_focal,focal
E3|P08393|P23258,E3|P08393,E3,P08393,P23258,ICP0,TUBG1,0,0,0,0.4218517541885376,neural_pair_scorer_resmlp_focal,focal
E3|P08393|P04035,E3|P08393,E3,P08393,P04035,ICP0,HMGCR,0,0,0,0.41932213306427,neural_pair_scorer_resmlp_focal,focal
E3|P08393|O75417,E3|P08393,E3,P08393,O75417,ICP0,POLQ,0,0,0,0.42338863015174866,neural_pair_scorer_resmlp_focal,focal
E3|P08393|P98174,E3|P08393,E3,P08393,P98174,ICP0,FGD1,0,0,0,0.2585466504096985,neural_pair_scorer_resmlp_focal,focal
E3|P08393|Q7Z6J0,E3|P08393,E3,P08393,Q7Z6J0,ICP0,SH3RF1,0,0,0,0.37162157893180847,neural_pair_scorer_resmlp_focal,focal
E3|P08393|Q9Y4E8,E3|P08393,E3,P08393,Q9Y4E8,ICP0,USP15,0,0,0,0.5369774699211121,neural_pair_scorer_resmlp_focal,focal
E3|P08393|P62979,E3|P08393,E3,P08393,P62979,ICP0,RPS27A,0,0,0,0.4192897379398346,neural_pair_scorer_resmlp_focal,focal
E3|P08393|Q6Q0C0,E3|P08393,E3,P08393,Q6Q0C0,ICP0,TRAF7,0,0,0,0.4933319687843323,neural_pair_scorer_resmlp_focal,focal
E3|P08393|P05129,E3|P08393,E3,P08393,P05129,ICP0,PRKCG,0,0,0,0.5419617891311646,neural_pair_scorer_resmlp_focal,focal
E3|P08393|Q16537,E3|P08393,E3,P08393,Q16537,ICP0,PPP2R5E,0,0,0,0.5119414329528809,neural_pair_scorer_resmlp_focal,focal
E3|P08393|P41182,E3|P08393,E3,P08393,P41182,ICP0,BCL6,0,0,0,0.3668007254600525,neural_pair_scorer_resmlp_focal,focal
E3|P08393|O00716,E3|P08393,E3,P08393,O00716,ICP0,E2F3,0,0,0,0.44942039251327515,neural_pair_scorer_resmlp_focal,focal
E3|P08393|Q9Y490,E3|P08393,E3,P08393,Q9Y490,ICP0,TLN1,0,0,0,0.45265257358551025,neural_pair_scorer_resmlp_focal,focal
E3|P08393|P12757,E3|P08393,E3,P08393,P12757,ICP0,SKIL,0,0,0,0.35838693380355835,neural_pair_scorer_resmlp_focal,focal
E3|P08393|Q9Y253,E3|P08393,E3,P08393,Q9Y253,ICP0,POLH,0,0,0,0.300007164478302,neural_pair_scorer_resmlp_focal,focal
E3|P08393|P06748,E3|P08393,E3,P08393,P06748,ICP0,NPM1,0,0,0,0.6899173259735107,neural_pair_scorer_resmlp_focal,focal
E3|P08393|Q02535,E3|P08393,E3,P08393,Q02535,ICP0,ID3,0,0,0,0.336763471364975,neural_pair_scorer_resmlp_focal,focal
E3|P08393|Q99988,E3|P08393,E3,P08393,Q99988,ICP0,GDF15,0,0,0,0.3843463659286499,neural_pair_scorer_resmlp_focal,focal
E3|P08393|Q8N6P7,E3|P08393,E3,P08393,Q8N6P7,ICP0,IL22RA1,0,0,0,0.3566953241825104,neural_pair_scorer_resmlp_focal,focal
E3|P08393|P10275,E3|P08393,E3,P08393,P10275,ICP0,AR,0,0,0,0.6439117789268494,neural_pair_scorer_resmlp_focal,focal
E3|P08393|Q9NQA5,E3|P08393,E3,P08393,Q9NQA5,ICP0,TRPV5,0,0,0,0.39951422810554504,neural_pair_scorer_resmlp_focal,focal
E3|P08393|Q9NS87,E3|P08393,E3,P08393,Q9NS87,ICP0,KIF15,0,0,0,0.5717895030975342,neural_pair_scorer_resmlp_focal,focal
E3|P08393|P35226,E3|P08393,E3,P08393,P35226,ICP0,BMI1,0,0,0,0.3580212891101837,neural_pair_scorer_resmlp_focal,focal
E3|P08393|Q06187,E3|P08393,E3,P08393,Q06187,ICP0,BTK,0,0,0,0.49685749411582947,neural_pair_scorer_resmlp_focal,focal
E3|P08393|Q9H8M7,E3|P08393,E3,P08393,Q9H8M7,ICP0,FAM188A,0,0,0,0.3991307318210602,neural_pair_scorer_resmlp_focal,focal
E3|P08393|Q16828,E3|P08393,E3,P08393,Q16828,ICP0,DUSP6,0,0,0,0.23148538172245026,neural_pair_scorer_resmlp_focal,focal
E3|P08393|P42261,E3|P08393,E3,P08393,P42261,ICP0,GRIA1,0,0,0,0.583962082862854,neural_pair_scorer_resmlp_focal,focal
E3|P08393|Q30167,E3|P08393,E3,P08393,Q30167,ICP0,HLA-DRB1,0,0,0,0.26350536942481995,neural_pair_scorer_resmlp_focal,focal
E3|P08393|Q14790,E3|P08393,E3,P08393,Q14790,ICP0,CASP8,0,0,0,0.4167458117008209,neural_pair_scorer_resmlp_focal,focal
E3|P08393|P09874,E3|P08393,E3,P08393,P09874,ICP0,PARP1,0,0,0,0.6060115098953247,neural_pair_scorer_resmlp_focal,focal
E3|P08393|Q9UJT9,E3|P08393,E3,P08393,Q9UJT9,ICP0,FBXL7,0,0,0,0.4682927131652832,neural_pair_scorer_resmlp_focal,focal
E3|P08393|O15534,E3|P08393,E3,P08393,O15534,ICP0,PER1,0,0,0,0.44597283005714417,neural_pair_scorer_resmlp_focal,focal
E3|P08393|Q16620,E3|P08393,E3,P08393,Q16620,ICP0,NTRK2,0,0,0,0.49909132719039917,neural_pair_scorer_resmlp_focal,focal
E3|P08393|Q53EL6,E3|P08393,E3,P08393,Q53EL6,ICP0,PDCD4,0,0,0,0.3883897364139557,neural_pair_scorer_resmlp_focal,focal
E3|P08393|Q569H4,E3|P08393,E3,P08393,Q569H4,ICP0,PRR16,0,0,0,0.2091989815235138,neural_pair_scorer_resmlp_focal,focal
E3|P08393|P20963,E3|P08393,E3,P08393,P20963,ICP0,CD247,0,0,0,0.4374333620071411,neural_pair_scorer_resmlp_focal,focal
E3|P08393|Q9BRS2,E3|P08393,E3,P08393,Q9BRS2,ICP0,RIOK1,0,0,0,0.38625574111938477,neural_pair_scorer_resmlp_focal,focal
E3|P08393|O95994,E3|P08393,E3,P08393,O95994,ICP0,AGR2,0,0,0,0.3605799376964569,neural_pair_scorer_resmlp_focal,focal
E3|P08393|O75915,E3|P08393,E3,P08393,O75915,ICP0,ARL6IP5,0,0,0,0.4280300438404083,neural_pair_scorer_resmlp_focal,focal
E3|P08393|Q8WUI4,E3|P08393,E3,P08393,Q8WUI4,ICP0,HDAC7,0,0,0,0.4313215911388397,neural_pair_scorer_resmlp_focal,focal
E3|P08393|O95859,E3|P08393,E3,P08393,O95859,ICP0,TSPAN12,0,0,0,0.3609063923358917,neural_pair_scorer_resmlp_focal,focal
E3|P0CI25|P61224,E3|P0CI25,E3,P0CI25,P61224,TRIM49,RAP1B,0,0,0,0.4432469308376312,neural_pair_scorer_resmlp_focal,focal
E3|P0CI25|O43561,E3|P0CI25,E3,P0CI25,O43561,TRIM49,LAT,0,0,0,0.22204655408859253,neural_pair_scorer_resmlp_focal,focal
E3|P12830|P51825,E3|P12830,E3,P12830,P51825,CDH1,AFF1,0,0,0,0.2815534174442291,neural_pair_scorer_resmlp_focal,focal
E3|P38398|O75365,E3|P38398,E3,P38398,O75365,BRCA1,PTP4A3,0,0,0,0.5578723549842834,neural_pair_scorer_resmlp_focal,focal
E3|P38398|Q9ULT6,E3|P38398,E3,P38398,Q9ULT6,BRCA1,ZNRF3,0,0,0,0.44995740056037903,neural_pair_scorer_resmlp_focal,focal
E3|P38398|O75460,E3|P38398,E3,P38398,O75460,BRCA1,ERN1,0,0,0,0.4038107991218567,neural_pair_scorer_resmlp_focal,focal
E3|P38398|Q14558,E3|P38398,E3,P38398,Q14558,BRCA1,PRPSAP1,0,0,0,0.449433296918869,neural_pair_scorer_resmlp_focal,focal
E3|P38398|P07333,E3|P38398,E3,P38398,P07333,BRCA1,CSF1R,0,0,0,0.22826489806175232,neural_pair_scorer_resmlp_focal,focal
E3|P38398|P16070,E3|P38398,E3,P38398,P16070,BRCA1,CD44,0,0,0,0.24511712789535522,neural_pair_scorer_resmlp_focal,focal
E3|P38398|P42081,E3|P38398,E3,P38398,P42081,BRCA1,CD86,0,0,0,0.23070195317268372,neural_pair_scorer_resmlp_focal,focal
E3|P38398|Q9HB29,E3|P38398,E3,P38398,Q9HB29,BRCA1,IL1RL2,0,0,0,0.24979548156261444,neural_pair_scorer_resmlp_focal,focal
E3|P38398|P40189,E3|P38398,E3,P38398,P40189,BRCA1,IL6ST,0,0,0,0.2852496802806854,neural_pair_scorer_resmlp_focal,focal
E3|P38398|Q12981,E3|P38398,E3,P38398,Q12981,BRCA1,BNIP1,0,0,0,0.3212713599205017,neural_pair_scorer_resmlp_focal,focal
E3|P38398|P15813,E3|P38398,E3,P38398,P15813,BRCA1,CD1D,0,0,0,0.15579499304294586,neural_pair_scorer_resmlp_focal,focal
E3|P38398|Q15726,E3|P38398,E3,P38398,Q15726,BRCA1,KISS1,0,0,0,0.1597534716129303,neural_pair_scorer_resmlp_focal,focal
E3|P38398|O95994,E3|P38398,E3,P38398,O95994,BRCA1,AGR2,0,0,0,0.29160091280937195,neural_pair_scorer_resmlp_focal,focal
E3|P38398|P55085,E3|P38398,E3,P38398,P55085,BRCA1,F2RL1,0,0,0,0.252815842628479,neural_pair_scorer_resmlp_focal,focal
E3|P38398|P19174,E3|P38398,E3,P38398,P19174,BRCA1,PLCG1,0,0,0,0.46474963426589966,neural_pair_scorer_resmlp_focal,focal
E3|P38398|P37173,E3|P38398,E3,P38398,P37173,BRCA1,TGFBR2,0,0,0,0.43427523970603943,neural_pair_scorer_resmlp_focal,focal
E3|P38398|P42261,E3|P38398,E3,P38398,P42261,BRCA1,GRIA1,0,0,0,0.4434545934200287,neural_pair_scorer_resmlp_focal,focal
E3|P49427|P18065,E3|P49427,E3,P49427,P18065,CDC34,IGFBP2,0,0,0,0.28985199332237244,neural_pair_scorer_resmlp_focal,focal
E3|P49427|O60883,E3|P49427,E3,P49427,O60883,CDC34,GPR37L1,0,0,0,0.29652732610702515,neural_pair_scorer_resmlp_focal,focal
E3|P62253|Q92542,E3|P62253,E3,P62253,Q92542,UBE2G1,NCSTN,0,0,0,0.3612934350967407,neural_pair_scorer_resmlp_focal,focal
E3|P62253|O43313,E3|P62253,E3,P62253,O43313,UBE2G1,ATMIN,0,0,0,0.5440195202827454,neural_pair_scorer_resmlp_focal,focal
E3|P69720|P24941,E3|P69720,E3,P69720,P24941,vif,CDK2,0,0,0,0.6631072759628296,neural_pair_scorer_resmlp_focal,focal
E3|P69720|Q15173,E3|P69720,E3,P69720,Q15173,vif,PPP2R5B,0,0,0,0.4559587240219116,neural_pair_scorer_resmlp_focal,focal
E3|P69720|Q9BSA4,E3|P69720,E3,P69720,Q9BSA4,vif,TTYH2,0,0,0,0.2650987505912781,neural_pair_scorer_resmlp_focal,focal
E3|P69720|P40189,E3|P69720,E3,P69720,P40189,vif,IL6ST,0,0,0,0.28771018981933594,neural_pair_scorer_resmlp_focal,focal
E3|P69720|Q9BUZ4,E3|P69720,E3,P69720,Q9BUZ4,vif,TRAF4,0,0,0,0.3347179591655731,neural_pair_scorer_resmlp_focal,focal
E3|P69720|P16284,E3|P69720,E3,P69720,P16284,vif,PECAM1,0,0,0,0.3645145297050476,neural_pair_scorer_resmlp_focal,focal
E3|P90495|Q30134,E3|P90495,E3,P90495,Q30134,K3,HLA-DRB1,0,0,0,0.4841160476207733,neural_pair_scorer_resmlp_focal,focal
E3|P90495|Q96GM5,E3|P90495,E3,P90495,Q96GM5,K3,SMARCD1,0,0,0,0.4112161099910736,neural_pair_scorer_resmlp_focal,focal
E3|P90495|P08133,E3|P90495,E3,P90495,P08133,K3,ANXA6,0,0,0,0.4864848554134369,neural_pair_scorer_resmlp_focal,focal
E3|P90495|P41595,E3|P90495,E3,P90495,P41595,K3,HTR2B,0,0,0,0.40639597177505493,neural_pair_scorer_resmlp_focal,focal
E3|P90495|Q9UGK3,E3|P90495,E3,P90495,Q9UGK3,K3,STAP2,0,0,0,0.2722187340259552,neural_pair_scorer_resmlp_focal,focal
E3|P90495|O14730,E3|P90495,E3,P90495,O14730,K3,RIOK3,0,0,0,0.32246914505958557,neural_pair_scorer_resmlp_focal,focal
E3|Q13049|P04085,E3|Q13049,E3,Q13049,P04085,TRIM32,PDGFA,0,0,0,0.21298538148403168,neural_pair_scorer_resmlp_focal,focal
E3|Q13049|Q9I788,E3|Q13049,E3,Q13049,Q9I788,TRIM32,exoT,0,0,0,0.4726884961128235,neural_pair_scorer_resmlp_focal,focal
E3|Q13049|O43561,E3|Q13049,E3,Q13049,O43561,TRIM32,LAT,0,0,0,0.26491299271583557,neural_pair_scorer_resmlp_focal,focal
E3|Q13233|P67870,E3|Q13233,E3,Q13233,P67870,MAP3K1,CSNK2B,0,0,0,0.7887012362480164,neural_pair_scorer_resmlp_focal,focal
E3|Q13233|Q9Y577,E3|Q13233,E3,Q13233,Q9Y577,MAP3K1,TRIM17,0,0,0,0.21395838260650635,neural_pair_scorer_resmlp_focal,focal
E3|Q13233|O75473,E3|Q13233,E3,Q13233,O75473,MAP3K1,LGR5,0,0,0,0.4066200852394104,neural_pair_scorer_resmlp_focal,focal
E3|Q13233|Q9Y2R9,E3|Q13233,E3,Q13233,Q9Y2R9,MAP3K1,MRPS7,0,0,0,0.3142807185649872,neural_pair_scorer_resmlp_focal,focal
E3|Q13233|Q05086,E3|Q13233,E3,Q13233,Q05086,MAP3K1,UBE3A,0,0,0,0.5740231871604919,neural_pair_scorer_resmlp_focal,focal
E3|Q13233|P49427,E3|Q13233,E3,Q13233,P49427,MAP3K1,CDC34,0,0,0,0.4627416133880615,neural_pair_scorer_resmlp_focal,focal
E3|Q13233|Q16630,E3|Q13233,E3,Q13233,Q16630,MAP3K1,CPSF6,0,0,0,0.49585095047950745,neural_pair_scorer_resmlp_focal,focal
E3|Q13233|O60260,E3|Q13233,E3,Q13233,O60260,MAP3K1,PARK2,0,0,0,0.51242995262146,neural_pair_scorer_resmlp_focal,focal
E3|Q13233|P01909,E3|Q13233,E3,Q13233,P01909,MAP3K1,HLA-DQA1,0,0,0,0.19348736107349396,neural_pair_scorer_resmlp_focal,focal
E3|Q13233|Q86U70,E3|Q13233,E3,Q13233,Q86U70,MAP3K1,LDB1,0,0,0,0.6468344330787659,neural_pair_scorer_resmlp_focal,focal
E3|Q14669|O43303,E3|Q14669,E3,Q14669,O43303,TRIP12,CCP110,0,0,0,0.5337883234024048,neural_pair_scorer_resmlp_focal,focal
E3|Q14669|O76083,E3|Q14669,E3,Q14669,O76083,TRIP12,PDE9A,0,0,0,0.4885351061820984,neural_pair_scorer_resmlp_focal,focal
E3|Q14669|O15399,E3|Q14669,E3,Q14669,O15399,TRIP12,GRIN2D,0,0,0,0.21832357347011566,neural_pair_scorer_resmlp_focal,focal
E3|Q14669|P19320,E3|Q14669,E3,Q14669,P19320,TRIP12,VCAM1,0,0,0,0.38081416487693787,neural_pair_scorer_resmlp_focal,focal
E3|Q14669|P07197,E3|Q14669,E3,Q14669,P07197,TRIP12,NEFM,0,0,0,0.7866379618644714,neural_pair_scorer_resmlp_focal,focal
E3|Q14669|P56750,E3|Q14669,E3,Q14669,P56750,TRIP12,CLDN17,0,0,0,0.12110066413879395,neural_pair_scorer_resmlp_focal,focal
E3|Q14669|Q9NWM3,E3|Q14669,E3,Q14669,Q9NWM3,TRIP12,CUEDC1,0,0,0,0.3263969123363495,neural_pair_scorer_resmlp_focal,focal
E3|Q15386|P03345,E3|Q15386,E3,Q15386,P03345,UBE3C,gag,0,0,0,0.16257885098457336,neural_pair_scorer_resmlp_focal,focal
E3|Q15386|P24385,E3|Q15386,E3,Q15386,P24385,UBE3C,CCND1,0,0,0,0.5368385314941406,neural_pair_scorer_resmlp_focal,focal
E3|Q15386|Q13546,E3|Q15386,E3,Q15386,Q13546,UBE3C,RIPK1,0,0,0,0.5790963172912598,neural_pair_scorer_resmlp_focal,focal
E3|Q15386|P54727,E3|Q15386,E3,Q15386,P54727,UBE3C,RAD23B,0,0,0,0.5189546942710876,neural_pair_scorer_resmlp_focal,focal
E3|Q15386|Q9UM07,E3|Q15386,E3,Q15386,Q9UM07,UBE3C,PADI4,0,0,0,0.4627206027507782,neural_pair_scorer_resmlp_focal,focal
E3|Q15386|P35613,E3|Q15386,E3,Q15386,P35613,UBE3C,BSG,0,0,0,0.28576651215553284,neural_pair_scorer_resmlp_focal,focal
E3|Q15386|P35226,E3|Q15386,E3,Q15386,P35226,UBE3C,BMI1,0,0,0,0.5658711194992065,neural_pair_scorer_resmlp_focal,focal
E3|Q15386|Q9P2X3,E3|Q15386,E3,Q15386,Q9P2X3,UBE3C,IMPACT,0,0,0,0.43014612793922424,neural_pair_scorer_resmlp_focal,focal
E3|Q15386|O95149,E3|Q15386,E3,Q15386,O95149,UBE3C,SNUPN,0,0,0,0.4868306517601013,neural_pair_scorer_resmlp_focal,focal
E3|Q15386|Q92844,E3|Q15386,E3,Q15386,Q92844,UBE3C,TANK,0,0,0,0.40730583667755127,neural_pair_scorer_resmlp_focal,focal
E3|Q2Q1W2|P62745,E3|Q2Q1W2,E3,Q2Q1W2,P62745,TRIM71,RHOB,0,0,0,0.6210100054740906,neural_pair_scorer_resmlp_focal,focal
E3|Q5TAQ9|Q13873,E3|Q5TAQ9,E3,Q5TAQ9,Q13873,DCAF8,BMPR2,0,0,0,0.3914525806903839,neural_pair_scorer_resmlp_focal,focal
E3|Q5XUX0|Q9NRC1,E3|Q5XUX0,E3,Q5XUX0,Q9NRC1,FBXO31,ST7,0,0,0,0.5231304168701172,neural_pair_scorer_resmlp_focal,focal
E3|Q5XUX0|P28715,E3|Q5XUX0,E3,Q5XUX0,P28715,FBXO31,ERCC5,0,0,0,0.3906520903110504,neural_pair_scorer_resmlp_focal,focal
E3|Q5XUX0|Q2F514,E3|Q5XUX0,E3,Q5XUX0,Q2F514,FBXO31,X,0,0,0,0.2988233268260956,neural_pair_scorer_resmlp_focal,focal
E3|Q5XUX0|Q9NZ52,E3|Q5XUX0,E3,Q5XUX0,Q9NZ52,FBXO31,GGA3,0,0,0,0.4917030334472656,neural_pair_scorer_resmlp_focal,focal
E3|Q5XUX0|Q8IYD8,E3|Q5XUX0,E3,Q5XUX0,Q8IYD8,FBXO31,FANCM,0,0,0,0.5166649222373962,neural_pair_scorer_resmlp_focal,focal
E3|Q5XUX0|Q15012,E3|Q5XUX0,E3,Q5XUX0,Q15012,FBXO31,LAPTM4A,0,0,0,0.4328792095184326,neural_pair_scorer_resmlp_focal,focal
E3|Q5XX13|P01009,E3|Q5XX13,E3,Q5XX13,P01009,FBXW10,SERPINA1,0,0,0,0.417598158121109,neural_pair_scorer_resmlp_focal,focal
E3|Q5XX13|P10114,E3|Q5XX13,E3,Q5XX13,P10114,FBXW10,RAP2A,0,0,0,0.6098853349685669,neural_pair_scorer_resmlp_focal,focal
E3|Q66K64|O94782,E3|Q66K64,E3,Q66K64,O94782,DCAF15,USP1,0,0,0,0.22575616836547852,neural_pair_scorer_resmlp_focal,focal
E3|Q66K64|P01100,E3|Q66K64,E3,Q66K64,P01100,DCAF15,FOS,0,0,0,0.6772407293319702,neural_pair_scorer_resmlp_focal,focal
E3|Q6P3S6|Q71DI3,E3|Q6P3S6,E3,Q6P3S6,Q71DI3,FBXO42,H3C15,0,0,0,0.3208143413066864,neural_pair_scorer_resmlp_focal,focal
E3|Q6P3S6|Q14145,E3|Q6P3S6,E3,Q6P3S6,Q14145,FBXO42,KEAP1,0,0,0,0.5920179486274719,neural_pair_scorer_resmlp_focal,focal
E3|Q6PCD5|P43360,E3|Q6PCD5,E3,Q6PCD5,P43360,RFWD3,MAGEA6,0,0,0,0.36925143003463745,neural_pair_scorer_resmlp_focal,focal
E3|Q6Q0C0|P60903,E3|Q6Q0C0,E3,Q6Q0C0,P60903,TRAF7,S100A10,0,0,0,0.3969188630580902,neural_pair_scorer_resmlp_focal,focal
E3|Q7Z419|Q99607,E3|Q7Z419,E3,Q7Z419,Q99607,RNF144B,ELF4,0,0,0,0.3380991816520691,neural_pair_scorer_resmlp_focal,focal
E3|Q7Z419|Q05195,E3|Q7Z419,E3,Q7Z419,Q05195,RNF144B,MXD1,0,0,0,0.3005307614803314,neural_pair_scorer_resmlp_focal,focal
E3|Q7Z419|Q5VTR2,E3|Q7Z419,E3,Q7Z419,Q5VTR2,RNF144B,RNF20,0,0,0,0.23889073729515076,neural_pair_scorer_resmlp_focal,focal
E3|Q7Z569|Q9UGP5,E3|Q7Z569,E3,Q7Z569,Q9UGP5,BRAP,POLL,0,0,0,0.3521641492843628,neural_pair_scorer_resmlp_focal,focal
E3|Q7Z569|P19429,E3|Q7Z569,E3,Q7Z569,P19429,BRAP,TNNI3,0,0,0,0.22523047029972076,neural_pair_scorer_resmlp_focal,focal
E3|Q7Z6Z7|P08648,E3|Q7Z6Z7,E3,Q7Z6Z7,P08648,HUWE1,ITGA5,0,0,0,0.2575702667236328,neural_pair_scorer_resmlp_focal,focal
E3|Q7Z6Z7|P23919,E3|Q7Z6Z7,E3,Q7Z6Z7,P23919,HUWE1,DTYMK,0,0,0,0.25248217582702637,neural_pair_scorer_resmlp_focal,focal
E3|Q7Z6Z7|P10912,E3|Q7Z6Z7,E3,Q7Z6Z7,P10912,HUWE1,GHR,0,0,0,0.3668312728404999,neural_pair_scorer_resmlp_focal,focal
E3|Q7Z6Z7|Q13635,E3|Q7Z6Z7,E3,Q7Z6Z7,Q13635,HUWE1,PTCH1,0,0,0,0.3835410475730896,neural_pair_scorer_resmlp_focal,focal
E3|Q7Z6Z7|Q86TM6,E3|Q7Z6Z7,E3,Q7Z6Z7,Q86TM6,HUWE1,SYVN1,0,0,0,0.38580942153930664,neural_pair_scorer_resmlp_focal,focal
E3|Q7Z6Z7|P03956,E3|Q7Z6Z7,E3,Q7Z6Z7,P03956,HUWE1,MMP1,0,0,0,0.3332727253437042,neural_pair_scorer_resmlp_focal,focal
E3|Q7Z6Z7|O75581,E3|Q7Z6Z7,E3,Q7Z6Z7,O75581,HUWE1,LRP6,0,0,0,0.4258747398853302,neural_pair_scorer_resmlp_focal,focal
E3|Q7Z6Z7|Q13002,E3|Q7Z6Z7,E3,Q7Z6Z7,Q13002,HUWE1,GRIK2,0,0,0,0.5071938037872314,neural_pair_scorer_resmlp_focal,focal
E3|Q7Z6Z7|P01848,E3|Q7Z6Z7,E3,Q7Z6Z7,P01848,HUWE1,TRAC,0,0,0,0.3172520399093628,neural_pair_scorer_resmlp_focal,focal
E3|Q7Z6Z7|O76090,E3|Q7Z6Z7,E3,Q7Z6Z7,O76090,HUWE1,BEST1,0,0,0,0.5587496757507324,neural_pair_scorer_resmlp_focal,focal
E3|Q7Z6Z7|P19235,E3|Q7Z6Z7,E3,Q7Z6Z7,P19235,HUWE1,EPOR,0,0,0,0.2320275753736496,neural_pair_scorer_resmlp_focal,focal
E3|Q7Z6Z7|P18065,E3|Q7Z6Z7,E3,Q7Z6Z7,P18065,HUWE1,IGFBP2,0,0,0,0.41021114587783813,neural_pair_scorer_resmlp_focal,focal
E3|Q7Z6Z7|P11686,E3|Q7Z6Z7,E3,Q7Z6Z7,P11686,HUWE1,SFTPC,0,0,0,0.30647334456443787,neural_pair_scorer_resmlp_focal,focal
E3|Q7Z6Z7|Q15465,E3|Q7Z6Z7,E3,Q7Z6Z7,Q15465,HUWE1,SHH,0,0,0,0.41057905554771423,neural_pair_scorer_resmlp_focal,focal
E3|Q7Z6Z7|O60858,E3|Q7Z6Z7,E3,Q7Z6Z7,O60858,HUWE1,TRIM13,0,0,0,0.2983528673648834,neural_pair_scorer_resmlp_focal,focal
E3|Q86YJ5|P00367,E3|Q86YJ5,E3,Q86YJ5,P00367,MARCHF9,GLUD1,0,0,0,0.32454392313957214,neural_pair_scorer_resmlp_focal,focal
E3|Q86YJ5|Q9H5N1,E3|Q86YJ5,E3,Q86YJ5,Q9H5N1,MARCHF9,RABEP2,0,0,0,0.22132478654384613,neural_pair_scorer_resmlp_focal,focal
E3|Q86YJ5|Q14653,E3|Q86YJ5,E3,Q86YJ5,Q14653,MARCHF9,IRF3,0,0,0,0.5514058470726013,neural_pair_scorer_resmlp_focal,focal
E3|Q86YJ5|Q9UQ80,E3|Q86YJ5,E3,Q86YJ5,Q9UQ80,MARCHF9,PA2G4,0,0,0,0.39138346910476685,neural_pair_scorer_resmlp_focal,focal
E3|Q86YJ5|Q9BQF6,E3|Q86YJ5,E3,Q86YJ5,Q9BQF6,MARCHF9,SENP7,0,0,0,0.2785209119319916,neural_pair_scorer_resmlp_focal,focal
E3|Q86YJ5|Q9UM11,E3|Q86YJ5,E3,Q86YJ5,Q9UM11,MARCHF9,FZR1,0,0,0,0.20595258474349976,neural_pair_scorer_resmlp_focal,focal
E3|Q86YJ5|P02751,E3|Q86YJ5,E3,Q86YJ5,P02751,MARCHF9,FN1,0,0,0,0.47610175609588623,neural_pair_scorer_resmlp_focal,focal
E3|Q86YJ5|Q16633,E3|Q86YJ5,E3,Q86YJ5,Q16633,MARCHF9,POU2AF1,0,0,0,0.4410780370235443,neural_pair_scorer_resmlp_focal,focal
E3|Q86YJ5|Q13191,E3|Q86YJ5,E3,Q86YJ5,Q13191,MARCHF9,CBLB,0,0,0,0.2453838586807251,neural_pair_scorer_resmlp_focal,focal
E3|Q86YJ5|P62805,E3|Q86YJ5,E3,Q86YJ5,P62805,MARCHF9,H4C1,0,0,0,0.27890312671661377,neural_pair_scorer_resmlp_focal,focal
E3|Q86YJ5|Q15173,E3|Q86YJ5,E3,Q86YJ5,Q15173,MARCHF9,PPP2R5B,0,0,0,0.30432677268981934,neural_pair_scorer_resmlp_focal,focal
E3|Q86YJ5|P32314,E3|Q86YJ5,E3,Q86YJ5,P32314,MARCHF9,FOXN2,0,0,0,0.20574145019054413,neural_pair_scorer_resmlp_focal,focal
E3|Q86YJ5|P23258,E3|Q86YJ5,E3,Q86YJ5,P23258,MARCHF9,TUBG1,0,0,0,0.3122584819793701,neural_pair_scorer_resmlp_focal,focal
E3|Q86YJ5|Q96RR4,E3|Q86YJ5,E3,Q86YJ5,Q96RR4,MARCHF9,CAMKK2,0,0,0,0.2633301615715027,neural_pair_scorer_resmlp_focal,focal
E3|Q86YJ5|Q8NEA6,E3|Q86YJ5,E3,Q86YJ5,Q8NEA6,MARCHF9,GLIS3,0,0,0,0.24516093730926514,neural_pair_scorer_resmlp_focal,focal
E3|Q86YJ5|Q14164,E3|Q86YJ5,E3,Q86YJ5,Q14164,MARCHF9,IKBKE,0,0,0,0.3946291506290436,neural_pair_scorer_resmlp_focal,focal
E3|Q86YJ5|Q9Y508,E3|Q86YJ5,E3,Q86YJ5,Q9Y508,MARCHF9,RNF114,0,0,0,0.23630736768245697,neural_pair_scorer_resmlp_focal,focal
E3|Q86YJ5|Q9Y2R9,E3|Q86YJ5,E3,Q86YJ5,Q9Y2R9,MARCHF9,MRPS7,0,0,0,0.26252394914627075,neural_pair_scorer_resmlp_focal,focal
E3|Q86YJ5|Q8IYD8,E3|Q86YJ5,E3,Q86YJ5,Q8IYD8,MARCHF9,FANCM,0,0,0,0.20520946383476257,neural_pair_scorer_resmlp_focal,focal
E3|Q86YJ5|Q99856,E3|Q86YJ5,E3,Q86YJ5,Q99856,MARCHF9,ARID3A,0,0,0,0.24948523938655853,neural_pair_scorer_resmlp_focal,focal
E3|Q8IWV8|A9UEZ6,E3|Q8IWV8,E3,Q8IWV8,A9UEZ6,UBR2,BCR/ABL fusion,0,0,0,0.360073447227478,neural_pair_scorer_resmlp_focal,focal
E3|Q8IWV8|P03427,E3|Q8IWV8,E3,Q8IWV8,P03427,UBR2,PB2,0,0,0,0.6636360883712769,neural_pair_scorer_resmlp_focal,focal
E3|Q8IX12|Q13564,E3|Q8IX12,E3,Q8IX12,Q13564,CCAR1,NAE1,0,0,0,0.5466395616531372,neural_pair_scorer_resmlp_focal,focal
E3|Q8N448|Q15554,E3|Q8N448,E3,Q8N448,Q15554,LNX2,TERF2,0,0,0,0.5703020691871643,neural_pair_scorer_resmlp_focal,focal
E3|Q8N448|P05412,E3|Q8N448,E3,Q8N448,P05412,LNX2,JUN,0,0,0,0.8415184617042542,neural_pair_scorer_resmlp_focal,focal
E3|Q8N448|Q9NRD5,E3|Q8N448,E3,Q8N448,Q9NRD5,LNX2,PICK1,0,0,0,0.7212660908699036,neural_pair_scorer_resmlp_focal,focal
E3|Q8N531|Q04725,E3|Q8N531,E3,Q8N531,Q04725,FBXL6,TLE2,0,0,0,0.702804446220398,neural_pair_scorer_resmlp_focal,focal
E3|Q8N531|P98161,E3|Q8N531,E3,Q8N531,P98161,FBXL6,PKD1,0,0,0,0.4537044167518616,neural_pair_scorer_resmlp_focal,focal
E3|Q8N8N0|O43395,E3|Q8N8N0,E3,Q8N8N0,O43395,RNF152,PRPF3,0,0,0,0.34969085454940796,neural_pair_scorer_resmlp_focal,focal
E3|Q8N8N0|P35712,E3|Q8N8N0,E3,Q8N8N0,P35712,RNF152,SOX6,0,0,0,0.2612396776676178,neural_pair_scorer_resmlp_focal,focal
E3|Q8N8N0|Q9UBP5,E3|Q8N8N0,E3,Q8N8N0,Q9UBP5,RNF152,HEY2,0,0,0,0.3407613933086395,neural_pair_scorer_resmlp_focal,focal
E3|Q8N8N0|P16104,E3|Q8N8N0,E3,Q8N8N0,P16104,RNF152,H2AX,0,0,0,0.46318382024765015,neural_pair_scorer_resmlp_focal,focal
E3|Q8N8N0|Q8N6M0,E3|Q8N8N0,E3,Q8N8N0,Q8N6M0,RNF152,OTUD6B,0,0,0,0.31017473340034485,neural_pair_scorer_resmlp_focal,focal
E3|Q8TBB1|P19634,E3|Q8TBB1,E3,Q8TBB1,P19634,LNX1,SLC9A1,0,0,0,0.2261696755886078,neural_pair_scorer_resmlp_focal,focal
E3|Q8TBB1|P29034,E3|Q8TBB1,E3,Q8TBB1,P29034,LNX1,S100A2,0,0,0,0.37606605887413025,neural_pair_scorer_resmlp_focal,focal
E3|Q8TBB1|O00548,E3|Q8TBB1,E3,Q8TBB1,O00548,LNX1,DLL1,0,0,0,0.524368166923523,neural_pair_scorer_resmlp_focal,focal
E3|Q8TBB1|Q9Y3Z3,E3|Q8TBB1,E3,Q8TBB1,Q9Y3Z3,LNX1,SAMHD1,0,0,0,0.681209146976471,neural_pair_scorer_resmlp_focal,focal
E3|Q8TBB1|Q12888,E3|Q8TBB1,E3,Q8TBB1,Q12888,LNX1,TP53BP1,0,0,0,0.339303582906723,neural_pair_scorer_resmlp_focal,focal
E3|Q8TBB1|Q8N6M0,E3|Q8TBB1,E3,Q8TBB1,Q8N6M0,LNX1,OTUD6B,0,0,0,0.30684220790863037,neural_pair_scorer_resmlp_focal,focal
E3|Q8TBB1|P16401,E3|Q8TBB1,E3,Q8TBB1,P16401,LNX1,H1-5,0,0,0,0.6428735852241516,neural_pair_scorer_resmlp_focal,focal
E3|Q8TBB1|Q02539,E3|Q8TBB1,E3,Q8TBB1,Q02539,LNX1,H1-1,0,0,0,0.6007303595542908,neural_pair_scorer_resmlp_focal,focal
E3|Q8TBB1|P04629,E3|Q8TBB1,E3,Q8TBB1,P04629,LNX1,NTRK1,0,0,0,0.43811944127082825,neural_pair_scorer_resmlp_focal,focal
E3|Q8TBB1|Q96BI1,E3|Q8TBB1,E3,Q8TBB1,Q96BI1,LNX1,SLC22A18,0,0,0,0.345146119594574,neural_pair_scorer_resmlp_focal,focal
E3|Q8TBB1|P08195,E3|Q8TBB1,E3,Q8TBB1,P08195,LNX1,SLC3A2,0,0,0,0.32334887981414795,neural_pair_scorer_resmlp_focal,focal
E3|Q8TBB1|P13051,E3|Q8TBB1,E3,Q8TBB1,P13051,LNX1,UNG,0,0,0,0.5349187254905701,neural_pair_scorer_resmlp_focal,focal
E3|Q8TBB1|P20700,E3|Q8TBB1,E3,Q8TBB1,P20700,LNX1,LMNB1,0,0,0,0.3089999258518219,neural_pair_scorer_resmlp_focal,focal
E3|Q8TBB1|Q08AJ9,E3|Q8TBB1,E3,Q8TBB1,Q08AJ9,LNX1,HIST1H2AB,0,0,0,0.5934947729110718,neural_pair_scorer_resmlp_focal,focal
E3|Q8TCQ1|Q9HAW4,E3|Q8TCQ1,E3,Q8TCQ1,Q9HAW4,MARCHF1,CLSPN,0,0,0,0.3030456304550171,neural_pair_scorer_resmlp_focal,focal
E3|Q8TCQ1|Q93077,E3|Q8TCQ1,E3,Q8TCQ1,Q93077,MARCHF1,H2AC6,0,0,0,0.5779198408126831,neural_pair_scorer_resmlp_focal,focal
E3|Q8TCQ1|Q9HCS4,E3|Q8TCQ1,E3,Q8TCQ1,Q9HCS4,MARCHF1,TCF7L1,0,0,0,0.2857067883014679,neural_pair_scorer_resmlp_focal,focal
E3|Q8TCQ1|Q99714,E3|Q8TCQ1,E3,Q8TCQ1,Q99714,MARCHF1,PTPN5,0,0,0,0.5993181467056274,neural_pair_scorer_resmlp_focal,focal
E3|Q8TCQ1|P62487,E3|Q8TCQ1,E3,Q8TCQ1,P62487,MARCHF1,POLR2G,0,0,0,0.5388893485069275,neural_pair_scorer_resmlp_focal,focal
E3|Q8TCQ1|P25440,E3|Q8TCQ1,E3,Q8TCQ1,P25440,MARCHF1,BRD2,0,0,0,0.2513030469417572,neural_pair_scorer_resmlp_focal,focal
E3|Q8TCQ1|P25490,E3|Q8TCQ1,E3,Q8TCQ1,P25490,MARCHF1,YY1,0,0,0,0.6708612442016602,neural_pair_scorer_resmlp_focal,focal
E3|Q8TCQ1|Q96NT3,E3|Q8TCQ1,E3,Q8TCQ1,Q96NT3,MARCHF1,GUCD1,0,0,0,0.4822779595851898,neural_pair_scorer_resmlp_focal,focal
E3|Q8TCQ1|P26927,E3|Q8TCQ1,E3,Q8TCQ1,P26927,MARCHF1,MST1,0,0,0,0.4054163992404938,neural_pair_scorer_resmlp_focal,focal
E3|Q8TCQ1|P33993,E3|Q8TCQ1,E3,Q8TCQ1,P33993,MARCHF1,MCM7,0,0,0,0.5026311874389648,neural_pair_scorer_resmlp_focal,focal
E3|Q8TCQ1|Q92918,E3|Q8TCQ1,E3,Q8TCQ1,Q92918,MARCHF1,MAP4K1,0,0,0,0.2767926752567291,neural_pair_scorer_resmlp_focal,focal
E3|Q8TEL6|P01732,E3|Q8TEL6,E3,Q8TEL6,P01732,TRPC4AP,CD8A,0,0,0,0.2694762647151947,neural_pair_scorer_resmlp_focal,focal
E3|Q8TEL6|Q9HAW4,E3|Q8TEL6,E3,Q8TEL6,Q9HAW4,TRPC4AP,CLSPN,0,0,0,0.3816511929035187,neural_pair_scorer_resmlp_focal,focal
E3|Q8TEL6|P04908,E3|Q8TEL6,E3,Q8TEL6,P04908,TRPC4AP,H2AC4,0,0,0,0.33654263615608215,neural_pair_scorer_resmlp_focal,focal
E3|Q8TEL6|Q15726,E3|Q8TEL6,E3,Q8TEL6,Q15726,TRPC4AP,KISS1,0,0,0,0.1366422176361084,neural_pair_scorer_resmlp_focal,focal
E3|Q8WZ73|Q04725,E3|Q8WZ73,E3,Q8WZ73,Q04725,RFFL,TLE2,0,0,0,0.7599837779998779,neural_pair_scorer_resmlp_focal,focal
E3|Q8WZ73|B3EWF7,E3|Q8WZ73,E3,Q8WZ73,B3EWF7,RFFL,EPM2A,0,0,0,0.432547926902771,neural_pair_scorer_resmlp_focal,focal
E3|Q8WZ73|Q969R5,E3|Q8WZ73,E3,Q8WZ73,Q969R5,RFFL,L3MBTL2,0,0,0,0.6792724132537842,neural_pair_scorer_resmlp_focal,focal
E3|Q92466|P43403,E3|Q92466,E3,Q92466,P43403,DDB2,ZAP70,0,0,0,0.3125078082084656,neural_pair_scorer_resmlp_focal,focal
E3|Q92466|Q15388,E3|Q92466,E3,Q92466,Q15388,DDB2,TOMM20,0,0,0,0.24562864005565643,neural_pair_scorer_resmlp_focal,focal
E3|Q92466|O14974,E3|Q92466,E3,Q92466,O14974,DDB2,PPP1R12A,0,0,0,0.5271784067153931,neural_pair_scorer_resmlp_focal,focal
E3|Q92466|P35626,E3|Q92466,E3,Q92466,P35626,DDB2,ADRBK2,0,0,0,0.46602311730384827,neural_pair_scorer_resmlp_focal,focal
E3|Q92466|Q8TB46,E3|Q92466,E3,Q92466,Q8TB46,DDB2,ANKRD50,0,0,0,0.33130142092704773,neural_pair_scorer_resmlp_focal,focal
E3|Q96CA5|P53805,E3|Q96CA5,E3,Q96CA5,P53805,BIRC7,RCAN1,0,0,0,0.4209177494049072,neural_pair_scorer_resmlp_focal,focal
E3|Q96EP1|P21802,E3|Q96EP1,E3,Q96EP1,P21802,CHFR,FGFR2,0,0,0,0.6762810349464417,neural_pair_scorer_resmlp_focal,focal
E3|Q96EP1|P10636,E3|Q96EP1,E3,Q96EP1,P10636,CHFR,MAPT,0,0,0,0.44415971636772156,neural_pair_scorer_resmlp_focal,focal
E3|Q96EP1|P16070,E3|Q96EP1,E3,Q96EP1,P16070,CHFR,CD44,0,0,0,0.3751493990421295,neural_pair_scorer_resmlp_focal,focal
E3|Q96EP1|P49327,E3|Q96EP1,E3,Q96EP1,P49327,CHFR,FASN,0,0,0,0.5400978922843933,neural_pair_scorer_resmlp_focal,focal
E3|Q96EP1|P62324,E3|Q96EP1,E3,Q96EP1,P62324,CHFR,BTG1,0,0,0,0.4256671965122223,neural_pair_scorer_resmlp_focal,focal
E3|Q96EP1|Q8WY41,E3|Q96EP1,E3,Q96EP1,Q8WY41,CHFR,NANOS1,0,0,0,0.424905389547348,neural_pair_scorer_resmlp_focal,focal
E3|Q96EP1|P12757,E3|Q96EP1,E3,Q96EP1,P12757,CHFR,SKIL,0,0,0,0.38450193405151367,neural_pair_scorer_resmlp_focal,focal
E3|Q96EP1|Q9P2A4,E3|Q96EP1,E3,Q96EP1,Q9P2A4,CHFR,ABI3,0,0,0,0.5624099969863892,neural_pair_scorer_resmlp_focal,focal
E3|Q96EP1|O60784,E3|Q96EP1,E3,Q96EP1,O60784,CHFR,TOM1,0,0,0,0.3765217661857605,neural_pair_scorer_resmlp_focal,focal
E3|Q96EP1|Q9UPN3,E3|Q96EP1,E3,Q96EP1,Q9UPN3,CHFR,MACF1,0,0,0,0.5899820327758789,neural_pair_scorer_resmlp_focal,focal
E3|Q96EP1|O00221,E3|Q96EP1,E3,Q96EP1,O00221,CHFR,NFKBIE,0,0,0,0.5039535164833069,neural_pair_scorer_resmlp_focal,focal
E3|Q96FA3|Q9H992,E3|Q96FA3,E3,Q96FA3,Q9H992,PELI1,MARCHF7,0,0,0,0.2730120122432709,neural_pair_scorer_resmlp_focal,focal
E3|Q96FA3|P00367,E3|Q96FA3,E3,Q96FA3,P00367,PELI1,GLUD1,0,0,0,0.34718161821365356,neural_pair_scorer_resmlp_focal,focal
E3|Q96FA3|P12277,E3|Q96FA3,E3,Q96FA3,P12277,PELI1,CKB,0,0,0,0.4119895398616791,neural_pair_scorer_resmlp_focal,focal
E3|Q96FA3|Q99062,E3|Q96FA3,E3,Q96FA3,Q99062,PELI1,CSF3R,0,0,0,0.3391322195529938,neural_pair_scorer_resmlp_focal,focal
E3|Q96FA3|Q86XT4,E3|Q96FA3,E3,Q96FA3,Q86XT4,PELI1,TRIM50,0,0,0,0.28480151295661926,neural_pair_scorer_resmlp_focal,focal
E3|Q96FA3|P01130,E3|Q96FA3,E3,Q96FA3,P01130,PELI1,LDLR,0,0,0,0.32021698355674744,neural_pair_scorer_resmlp_focal,focal
E3|Q96FA3|P49675,E3|Q96FA3,E3,Q96FA3,P49675,PELI1,STAR,0,0,0,0.30081668496131897,neural_pair_scorer_resmlp_focal,focal
E3|Q96FA3|P03427,E3|Q96FA3,E3,Q96FA3,P03427,PELI1,PB2,0,0,0,0.4464719593524933,neural_pair_scorer_resmlp_focal,focal
E3|Q96JP5|O60294,E3|Q96JP5,E3,Q96JP5,O60294,ZFP91,LCMT2,0,0,0,0.3006991446018219,neural_pair_scorer_resmlp_focal,focal
E3|Q96JP5|O60858,E3|Q96JP5,E3,Q96JP5,O60858,ZFP91,TRIM13,0,0,0,0.18440218269824982,neural_pair_scorer_resmlp_focal,focal
E3|Q96PM5|A9UEZ6,E3|Q96PM5,E3,Q96PM5,A9UEZ6,RCHY1,BCR/ABL fusion,0,0,0,0.305733323097229,neural_pair_scorer_resmlp_focal,focal
E3|Q96PM5|P01023,E3|Q96PM5,E3,Q96PM5,P01023,RCHY1,A2M,0,0,0,0.37855181097984314,neural_pair_scorer_resmlp_focal,focal
E3|Q96PM5|Q9UM73,E3|Q96PM5,E3,Q96PM5,Q9UM73,RCHY1,ALK,0,0,0,0.41602960228919983,neural_pair_scorer_resmlp_focal,focal
E3|Q96PM5|Q02779,E3|Q96PM5,E3,Q96PM5,Q02779,RCHY1,MAP3K10,0,0,0,0.3711284101009369,neural_pair_scorer_resmlp_focal,focal
E3|Q96PU4|P04035,E3|Q96PU4,E3,Q96PU4,P04035,UHRF2,HMGCR,0,0,0,0.6560705304145813,neural_pair_scorer_resmlp_focal,focal
E3|Q96PU4|O60573,E3|Q96PU4,E3,Q96PU4,O60573,UHRF2,EIF4E2,0,0,0,0.7448980212211609,neural_pair_scorer_resmlp_focal,focal
E3|Q96PU4|Q96J92,E3|Q96PU4,E3,Q96PU4,Q96J92,UHRF2,WNK4,0,0,0,0.6370854377746582,neural_pair_scorer_resmlp_focal,focal
E3|Q96PU4|Q9UKL4,E3|Q96PU4,E3,Q96PU4,Q9UKL4,UHRF2,GJD2,0,0,0,0.5105922818183899,neural_pair_scorer_resmlp_focal,focal
E3|Q96PU4|Q9Y2K6,E3|Q96PU4,E3,Q96PU4,Q9Y2K6,UHRF2,USP20,0,0,0,0.4569929838180542,neural_pair_scorer_resmlp_focal,focal
E3|Q96SW2|P11686,E3|Q96SW2,E3,Q96SW2,P11686,CRBN,SFTPC,0,0,0,0.3243577778339386,neural_pair_scorer_resmlp_focal,focal
E3|Q9BSM1|Q8IZG5,E3|Q9BSM1,E3,Q9BSM1,Q8IZG5,PCGF1,SS18,0,0,0,0.19917933642864227,neural_pair_scorer_resmlp_focal,focal
E3|Q9H0A0|Q9P219,E3|Q9H0A0,E3,Q9H0A0,Q9P219,NAT10,CCDC88C,0,0,0,0.23555393517017365,neural_pair_scorer_resmlp_focal,focal
E3|Q9H0A0|Q5T5C0,E3|Q9H0A0,E3,Q9H0A0,Q5T5C0,NAT10,STXBP5,0,0,0,0.4307325780391693,neural_pair_scorer_resmlp_focal,focal
E3|Q9H0F6|P21589,E3|Q9H0F6,E3,Q9H0F6,P21589,SHARPIN,NT5E,0,0,0,0.44966021180152893,neural_pair_scorer_resmlp_focal,focal
E3|Q9H2S5|Q6MZQ0,E3|Q9H2S5,E3,Q9H2S5,Q6MZQ0,RNF39,PRR5L,0,0,0,0.6583820581436157,neural_pair_scorer_resmlp_focal,focal
E3|Q9H2S5|P35555,E3|Q9H2S5,E3,Q9H2S5,P35555,RNF39,FBN1,0,0,0,0.6291438937187195,neural_pair_scorer_resmlp_focal,focal
E3|Q9H992|Q16777,E3|Q9H992,E3,Q9H992,Q16777,MARCHF7,H2AC20,0,0,0,0.5351519584655762,neural_pair_scorer_resmlp_focal,focal
E3|Q9H992|P56545,E3|Q9H992,E3,Q9H992,P56545,MARCHF7,CTBP2,0,0,0,0.5784775614738464,neural_pair_scorer_resmlp_focal,focal
E3|Q9H992|Q15388,E3|Q9H992,E3,Q9H992,Q15388,MARCHF7,TOMM20,0,0,0,0.4655136466026306,neural_pair_scorer_resmlp_focal,focal
E3|Q9HCE7|Q14149,E3|Q9HCE7,E3,Q9HCE7,Q14149,SMURF1,MORC3,0,0,0,0.5989373922348022,neural_pair_scorer_resmlp_focal,focal
E3|Q9HCE7|P62807,E3|Q9HCE7,E3,Q9HCE7,P62807,SMURF1,H2BC4,0,0,0,0.6860200762748718,neural_pair_scorer_resmlp_focal,focal
E3|Q9HCE7|P43357,E3|Q9HCE7,E3,Q9HCE7,P43357,SMURF1,MAGEA3,0,0,0,0.42410480976104736,neural_pair_scorer_resmlp_focal,focal
E3|Q9HCE7|O75469,E3|Q9HCE7,E3,Q9HCE7,O75469,SMURF1,NR1I2,0,0,0,0.7229489684104919,neural_pair_scorer_resmlp_focal,focal
E3|Q9HCE7|P15259,E3|Q9HCE7,E3,Q9HCE7,P15259,SMURF1,PGAM2,0,0,0,0.3249262571334839,neural_pair_scorer_resmlp_focal,focal
E3|Q9HCE7|P17542,E3|Q9HCE7,E3,Q9HCE7,P17542,SMURF1,TAL1,0,0,0,0.5614845156669617,neural_pair_scorer_resmlp_focal,focal
E3|Q9HCE7|P20700,E3|Q9HCE7,E3,Q9HCE7,P20700,SMURF1,LMNB1,0,0,0,0.2675010561943054,neural_pair_scorer_resmlp_focal,focal
E3|Q9HCE7|P35555,E3|Q9HCE7,E3,Q9HCE7,P35555,SMURF1,FBN1,0,0,0,0.6234722137451172,neural_pair_scorer_resmlp_focal,focal
E3|Q9HCE7|Q15361,E3|Q9HCE7,E3,Q9HCE7,Q15361,SMURF1,TTF1,0,0,0,0.6853631138801575,neural_pair_scorer_resmlp_focal,focal
E3|Q9HCE7|Q96ST3,E3|Q9HCE7,E3,Q9HCE7,Q96ST3,SMURF1,SIN3A,0,0,0,0.6316581964492798,neural_pair_scorer_resmlp_focal,focal
E3|Q9HCE7|P16401,E3|Q9HCE7,E3,Q9HCE7,P16401,SMURF1,H1-5,0,0,0,0.5636646747589111,neural_pair_scorer_resmlp_focal,focal
E3|Q9HCE7|A6MI22,E3|Q9HCE7,E3,Q9HCE7,A6MI22,SMURF1,tat,0,0,0,0.24903170764446259,neural_pair_scorer_resmlp_focal,focal
E3|Q9HCE7|P48436,E3|Q9HCE7,E3,Q9HCE7,P48436,SMURF1,SOX9,0,0,0,0.8015130758285522,neural_pair_scorer_resmlp_focal,focal
E3|Q9HCE7|P23025,E3|Q9HCE7,E3,Q9HCE7,P23025,SMURF1,XPA,0,0,0,0.31630566716194153,neural_pair_scorer_resmlp_focal,focal
E3|Q9HCE7|P61968,E3|Q9HCE7,E3,Q9HCE7,P61968,SMURF1,LMO4,0,0,0,0.4703720808029175,neural_pair_scorer_resmlp_focal,focal
E3|Q9HCE7|P02751,E3|Q9HCE7,E3,Q9HCE7,P02751,SMURF1,FN1,0,0,0,0.42785346508026123,neural_pair_scorer_resmlp_focal,focal
E3|Q9HCE7|Q9NVW2,E3|Q9HCE7,E3,Q9HCE7,Q9NVW2,SMURF1,RLIM,0,0,0,0.5317968726158142,neural_pair_scorer_resmlp_focal,focal
E3|Q9HCE7|Q8NFD5,E3|Q9HCE7,E3,Q9HCE7,Q8NFD5,SMURF1,ARID1B,0,0,0,0.6396603584289551,neural_pair_scorer_resmlp_focal,focal
E3|Q9HCE7|Q9I788,E3|Q9HCE7,E3,Q9HCE7,Q9I788,SMURF1,exoT,0,0,0,0.4577986001968384,neural_pair_scorer_resmlp_focal,focal
E3|Q9HCE7|Q9H2A3,E3|Q9HCE7,E3,Q9HCE7,Q9H2A3,SMURF1,NEUROG2,0,0,0,0.5769235491752625,neural_pair_scorer_resmlp_focal,focal
E3|Q9HCE7|Q7L8J4,E3|Q9HCE7,E3,Q9HCE7,Q7L8J4,SMURF1,SH3BP5L,0,0,0,0.4497112035751343,neural_pair_scorer_resmlp_focal,focal
E3|Q9HCE7|P49715,E3|Q9HCE7,E3,Q9HCE7,P49715,SMURF1,CEBPA,0,0,0,0.6450425982475281,neural_pair_scorer_resmlp_focal,focal
E3|Q9HCE7|O15151,E3|Q9HCE7,E3,Q9HCE7,O15151,SMURF1,MDM4,0,0,0,0.44388043880462646,neural_pair_scorer_resmlp_focal,focal
E3|Q9HCE7|Q96A32,E3|Q9HCE7,E3,Q9HCE7,Q96A32,SMURF1,MYLPF,0,0,0,0.5467971563339233,neural_pair_scorer_resmlp_focal,focal
E3|Q9HCE7|P45973,E3|Q9HCE7,E3,Q9HCE7,P45973,SMURF1,CBX5,0,0,0,0.4687020480632782,neural_pair_scorer_resmlp_focal,focal
E3|Q9HCE7|Q5VSY0,E3|Q9HCE7,E3,Q9HCE7,Q5VSY0,SMURF1,GKAP1,0,0,0,0.3796409070491791,neural_pair_scorer_resmlp_focal,focal
E3|Q9HCE7|Q9GIY3,E3|Q9HCE7,E3,Q9HCE7,Q9GIY3,SMURF1,HLA-DRB1,0,0,0,0.17789091169834137,neural_pair_scorer_resmlp_focal,focal
E3|Q9HCE7|O60934,E3|Q9HCE7,E3,Q9HCE7,O60934,SMURF1,NBN,0,0,0,0.4025132954120636,neural_pair_scorer_resmlp_focal,focal
E3|Q9HCE7|Q96GM5,E3|Q9HCE7,E3,Q9HCE7,Q96GM5,SMURF1,SMARCD1,0,0,0,0.6442155838012695,neural_pair_scorer_resmlp_focal,focal
E3|Q9HCE7|P50458,E3|Q9HCE7,E3,Q9HCE7,P50458,SMURF1,LHX2,0,0,0,0.5801019072532654,neural_pair_scorer_resmlp_focal,focal
E3|Q9HCE7|P35659,E3|Q9HCE7,E3,Q9HCE7,P35659,SMURF1,DEK,0,0,0,0.488696813583374,neural_pair_scorer_resmlp_focal,focal
E3|Q9HCE7|Q12888,E3|Q9HCE7,E3,Q9HCE7,Q12888,SMURF1,TP53BP1,0,0,0,0.462746798992157,neural_pair_scorer_resmlp_focal,focal
E3|Q9HCE7|O94953,E3|Q9HCE7,E3,Q9HCE7,O94953,SMURF1,KDM4B,0,0,0,0.6173620223999023,neural_pair_scorer_resmlp_focal,focal
E3|Q9HCE7|P05412,E3|Q9HCE7,E3,Q9HCE7,P05412,SMURF1,JUN,0,0,0,0.8068235516548157,neural_pair_scorer_resmlp_focal,focal
E3|Q9HCE7|P83916,E3|Q9HCE7,E3,Q9HCE7,P83916,SMURF1,CBX1,0,0,0,0.4154418408870697,neural_pair_scorer_resmlp_focal,focal
E3|Q9HCE7|Q08050,E3|Q9HCE7,E3,Q9HCE7,Q08050,SMURF1,FOXM1,0,0,0,0.5702441930770874,neural_pair_scorer_resmlp_focal,focal
E3|Q9HCE7|O75417,E3|Q9HCE7,E3,Q9HCE7,O75417,SMURF1,POLQ,0,0,0,0.5980897545814514,neural_pair_scorer_resmlp_focal,focal
E3|Q9HCE7|Q30134,E3|Q9HCE7,E3,Q9HCE7,Q30134,SMURF1,HLA-DRB1,0,0,0,0.17789091169834137,neural_pair_scorer_resmlp_focal,focal
E3|Q9HCE7|Q13569,E3|Q9HCE7,E3,Q9HCE7,Q13569,SMURF1,TDG,0,0,0,0.5815868973731995,neural_pair_scorer_resmlp_focal,focal
E3|Q9HCE7|Q16778,E3|Q9HCE7,E3,Q9HCE7,Q16778,SMURF1,H2BC21,0,0,0,0.6835055947303772,neural_pair_scorer_resmlp_focal,focal
E3|Q9HCE7|Q9NTG7,E3|Q9HCE7,E3,Q9HCE7,Q9NTG7,SMURF1,SIRT3,0,0,0,0.45251893997192383,neural_pair_scorer_resmlp_focal,focal
E3|Q9HCE7|O43679,E3|Q9HCE7,E3,Q9HCE7,O43679,SMURF1,LDB2,0,0,0,0.6835047006607056,neural_pair_scorer_resmlp_focal,focal
E3|Q9HCE7|P55211,E3|Q9HCE7,E3,Q9HCE7,P55211,SMURF1,CASP9,0,0,0,0.30214542150497437,neural_pair_scorer_resmlp_focal,focal
E3|Q9HCE7|Q13627,E3|Q9HCE7,E3,Q9HCE7,Q13627,SMURF1,DYRK1A,0,0,0,0.8621285557746887,neural_pair_scorer_resmlp_focal,focal
E3|Q9HCE7|Q86U70,E3|Q9HCE7,E3,Q9HCE7,Q86U70,SMURF1,LDB1,0,0,0,0.7245926856994629,neural_pair_scorer_resmlp_focal,focal
E3|Q9HCE7|P07199,E3|Q9HCE7,E3,Q9HCE7,P07199,SMURF1,CENPB,0,0,0,0.6839012503623962,neural_pair_scorer_resmlp_focal,focal
E3|Q9HCE7|Q8IYD8,E3|Q9HCE7,E3,Q9HCE7,Q8IYD8,SMURF1,FANCM,0,0,0,0.48210906982421875,neural_pair_scorer_resmlp_focal,focal
E3|Q9HCE7|P10244,E3|Q9HCE7,E3,Q9HCE7,P10244,SMURF1,MYBL2,0,0,0,0.6398265361785889,neural_pair_scorer_resmlp_focal,focal
E3|Q9HCE7|P11161,E3|Q9HCE7,E3,Q9HCE7,P11161,SMURF1,EGR2,0,0,0,0.7610490918159485,neural_pair_scorer_resmlp_focal,focal
E3|Q9HCE7|P06935,E3|Q9HCE7,E3,Q9HCE7,P06935,SMURF1,,0,0,0,0.5280083417892456,neural_pair_scorer_resmlp_focal,focal
E3|Q9HCE7|P43268,E3|Q9HCE7,E3,Q9HCE7,P43268,SMURF1,ETV4,0,0,0,0.7792888283729553,neural_pair_scorer_resmlp_focal,focal
E3|Q9HCE7|Q92851,E3|Q9HCE7,E3,Q9HCE7,Q92851,SMURF1,CASP10,0,0,0,0.3296651840209961,neural_pair_scorer_resmlp_focal,focal
E3|Q9HCE7|Q9UBP5,E3|Q9HCE7,E3,Q9HCE7,Q9UBP5,SMURF1,HEY2,0,0,0,0.5650535225868225,neural_pair_scorer_resmlp_focal,focal
E3|Q9HCE7|P15498,E3|Q9HCE7,E3,Q9HCE7,P15498,SMURF1,VAV1,0,0,0,0.5082352161407471,neural_pair_scorer_resmlp_focal,focal
E3|Q9HCE7|P26927,E3|Q9HCE7,E3,Q9HCE7,P26927,SMURF1,MST1,0,0,0,0.25250735878944397,neural_pair_scorer_resmlp_focal,focal
E3|Q9HCE7|Q7Z7J5,E3|Q9HCE7,E3,Q9HCE7,Q7Z7J5,SMURF1,DPPA2,0,0,0,0.36326101422309875,neural_pair_scorer_resmlp_focal,focal
E3|Q9HCE7|P28562,E3|Q9HCE7,E3,Q9HCE7,P28562,SMURF1,DUSP1,0,0,0,0.34606292843818665,neural_pair_scorer_resmlp_focal,focal
E3|Q9HCE7|Q15554,E3|Q9HCE7,E3,Q9HCE7,Q15554,SMURF1,TERF2,0,0,0,0.5224645137786865,neural_pair_scorer_resmlp_focal,focal
E3|Q9HCE7|Q5MJ70,E3|Q9HCE7,E3,Q9HCE7,Q5MJ70,SMURF1,SPDYA,0,0,0,0.46512219309806824,neural_pair_scorer_resmlp_focal,focal
E3|Q9HCE7|P01912,E3|Q9HCE7,E3,Q9HCE7,P01912,SMURF1,HLA-DRB1,0,0,0,0.17789091169834137,neural_pair_scorer_resmlp_focal,focal
E3|Q9HCE7|Q9NXR8,E3|Q9HCE7,E3,Q9HCE7,Q9NXR8,SMURF1,ING3,0,0,0,0.617752730846405,neural_pair_scorer_resmlp_focal,focal
E3|Q9HCE7|P62805,E3|Q9HCE7,E3,Q9HCE7,P62805,SMURF1,H4C1,0,0,0,0.5675233006477356,neural_pair_scorer_resmlp_focal,focal
E3|Q9HCE7|Q9H4P4,E3|Q9HCE7,E3,Q9HCE7,Q9H4P4,SMURF1,RNF41,0,0,0,0.5706879496574402,neural_pair_scorer_resmlp_focal,focal
E3|Q9HCE7|P60903,E3|Q9HCE7,E3,Q9HCE7,P60903,SMURF1,S100A10,0,0,0,0.4930804371833801,neural_pair_scorer_resmlp_focal,focal
E3|Q9HCE7|P51530,E3|Q9HCE7,E3,Q9HCE7,P51530,SMURF1,DNA2,0,0,0,0.5094425678253174,neural_pair_scorer_resmlp_focal,focal
E3|Q9HCE7|O60381,E3|Q9HCE7,E3,Q9HCE7,O60381,SMURF1,HBP1,0,0,0,0.4855566620826721,neural_pair_scorer_resmlp_focal,focal
E3|Q9HCE7|P02647,E3|Q9HCE7,E3,Q9HCE7,P02647,SMURF1,APOA1,0,0,0,0.4687230587005615,neural_pair_scorer_resmlp_focal,focal
E3|Q9HCE7|Q92858,E3|Q9HCE7,E3,Q9HCE7,Q92858,SMURF1,ATOH1,0,0,0,0.6249988079071045,neural_pair_scorer_resmlp_focal,focal
E3|Q9HCE7|Q13535,E3|Q9HCE7,E3,Q9HCE7,Q13535,SMURF1,ATR,0,0,0,0.5909746289253235,neural_pair_scorer_resmlp_focal,focal
E3|Q9HCE7|Q71DI3,E3|Q9HCE7,E3,Q9HCE7,Q71DI3,SMURF1,H3C15,0,0,0,0.6477536559104919,neural_pair_scorer_resmlp_focal,focal
E3|Q9HCE7|Q01664,E3|Q9HCE7,E3,Q9HCE7,Q01664,SMURF1,TFAP4,0,0,0,0.6594157218933105,neural_pair_scorer_resmlp_focal,focal
E3|Q9HCM9|P03129,E3|Q9HCM9,E3,Q9HCM9,P03129,TRIM39,E7,0,0,0,0.4032500684261322,neural_pair_scorer_resmlp_focal,focal
E3|Q9HCM9|O76013,E3|Q9HCM9,E3,Q9HCM9,O76013,TRIM39,KRT36,0,0,0,0.7555481195449829,neural_pair_scorer_resmlp_focal,focal
E3|Q9NS56|Q9UNE0,E3|Q9NS56,E3,Q9NS56,Q9UNE0,TOPORS,EDAR,0,0,0,0.36728593707084656,neural_pair_scorer_resmlp_focal,focal
E3|Q9NS56|Q9NR09,E3|Q9NS56,E3,Q9NS56,Q9NR09,TOPORS,BIRC6,0,0,0,0.6460961699485779,neural_pair_scorer_resmlp_focal,focal
E3|Q9NV58|Q01664,E3|Q9NV58,E3,Q9NV58,Q01664,RNF19A,TFAP4,0,0,0,0.6385224461555481,neural_pair_scorer_resmlp_focal,focal
E3|Q9NV58|P14076,E3|Q9NV58,E3,Q9NV58,P14076,RNF19A,gag,0,0,0,0.18968483805656433,neural_pair_scorer_resmlp_focal,focal
E3|Q9NV58|Q5T5X7,E3|Q9NV58,E3,Q9NV58,Q5T5X7,RNF19A,BEND3,0,0,0,0.3705538213253021,neural_pair_scorer_resmlp_focal,focal
E3|Q9NWF9|Q8IUE6,E3|Q9NWF9,E3,Q9NWF9,Q8IUE6,RNF216,H2AC21,0,0,0,0.5857684016227722,neural_pair_scorer_resmlp_focal,focal
E3|Q9NWF9|Q7L7L0,E3|Q9NWF9,E3,Q9NWF9,Q7L7L0,RNF216,H2AW,0,0,0,0.5767403841018677,neural_pair_scorer_resmlp_focal,focal
E3|Q9NWF9|P13569,E3|Q9NWF9,E3,Q9NWF9,P13569,RNF216,CFTR,0,0,0,0.5816269516944885,neural_pair_scorer_resmlp_focal,focal
E3|Q9NWF9|Q03164,E3|Q9NWF9,E3,Q9NWF9,Q03164,RNF216,KMT2A,0,0,0,0.5617165565490723,neural_pair_scorer_resmlp_focal,focal
E3|Q9NWZ3|P20700,E3|Q9NWZ3,E3,Q9NWZ3,P20700,IRAK4,LMNB1,0,0,0,0.35858118534088135,neural_pair_scorer_resmlp_focal,focal
E3|Q9NWZ3|P08678,E3|Q9NWZ3,E3,Q9NWZ3,P08678,IRAK4,CYR1,0,0,0,0.36219626665115356,neural_pair_scorer_resmlp_focal,focal
E3|Q9P2G9|O00429,E3|Q9P2G9,E3,Q9P2G9,O00429,KLHL8,DNM1L,0,0,0,0.4356367290019989,neural_pair_scorer_resmlp_focal,focal
E3|Q9P2G9|P28715,E3|Q9P2G9,E3,Q9P2G9,P28715,KLHL8,ERCC5,0,0,0,0.33569255471229553,neural_pair_scorer_resmlp_focal,focal
E3|Q9P2N7|Q96RE7,E3|Q9P2N7,E3,Q9P2N7,Q96RE7,KLHL13,NACC1,0,0,0,0.3605668842792511,neural_pair_scorer_resmlp_focal,focal
E3|Q9P2N7|Q9UJQ4,E3|Q9P2N7,E3,Q9P2N7,Q9UJQ4,KLHL13,SALL4,0,0,0,0.4221940040588379,neural_pair_scorer_resmlp_focal,focal
E3|Q9P2N7|P42226,E3|Q9P2N7,E3,Q9P2N7,P42226,KLHL13,STAT6,0,0,0,0.4887969493865967,neural_pair_scorer_resmlp_focal,focal
E3|Q9P2N7|O15078,E3|Q9P2N7,E3,Q9P2N7,O15078,KLHL13,CEP290,0,0,0,0.5192081928253174,neural_pair_scorer_resmlp_focal,focal
E3|Q9P2N7|Q9P0P0,E3|Q9P2N7,E3,Q9P2N7,Q9P0P0,KLHL13,RNF181,0,0,0,0.18571165204048157,neural_pair_scorer_resmlp_focal,focal
E3|Q9P2N7|Q9UMX0,E3|Q9P2N7,E3,Q9P2N7,Q9UMX0,KLHL13,UBQLN1,0,0,0,0.260140985250473,neural_pair_scorer_resmlp_focal,focal
E3|Q9UH90|Q9BQ15,E3|Q9UH90,E3,Q9UH90,Q9BQ15,FBXO40,NABP2,0,0,0,0.4701089560985565,neural_pair_scorer_resmlp_focal,focal
E3|Q9UK99|Q13794,E3|Q9UK99,E3,Q9UK99,Q13794,FBXO3,PMAIP1,0,0,0,0.2776321470737457,neural_pair_scorer_resmlp_focal,focal
E3|Q9UK99|O14763,E3|Q9UK99,E3,Q9UK99,O14763,FBXO3,TNFRSF10B,0,0,0,0.3774438798427582,neural_pair_scorer_resmlp_focal,focal
E3|Q9UKB1|Q2F514,E3|Q9UKB1,E3,Q9UKB1,Q2F514,FBXW11,X,0,0,0,0.4200601875782013,neural_pair_scorer_resmlp_focal,focal
E3|Q9UKB1|Q9Y5U5,E3|Q9UKB1,E3,Q9UKB1,Q9Y5U5,FBXW11,TNFRSF18,0,0,0,0.3244289457798004,neural_pair_scorer_resmlp_focal,focal
E3|Q9UKB1|P40189,E3|Q9UKB1,E3,Q9UKB1,P40189,FBXW11,IL6ST,0,0,0,0.41143426299095154,neural_pair_scorer_resmlp_focal,focal
E3|Q9UKB1|P03345,E3|Q9UKB1,E3,Q9UKB1,P03345,FBXW11,gag,0,0,0,0.2720395624637604,neural_pair_scorer_resmlp_focal,focal
E3|Q9UKB1|O14773,E3|Q9UKB1,E3,Q9UKB1,O14773,FBXW11,TPP1,0,0,0,0.29925721883773804,neural_pair_scorer_resmlp_focal,focal
E3|Q9UKB1|P08581,E3|Q9UKB1,E3,Q9UKB1,P08581,FBXW11,MET,0,0,0,0.339986115694046,neural_pair_scorer_resmlp_focal,focal
E3|Q9UKB1|O43561,E3|Q9UKB1,E3,Q9UKB1,O43561,FBXW11,LAT,0,0,0,0.4835803806781769,neural_pair_scorer_resmlp_focal,focal
E3|Q9UKB1|Q8N6M0,E3|Q9UKB1,E3,Q9UKB1,Q8N6M0,FBXW11,OTUD6B,0,0,0,0.334250271320343,neural_pair_scorer_resmlp_focal,focal
E3|Q9UKB1|P15498,E3|Q9UKB1,E3,Q9UKB1,P15498,FBXW11,VAV1,0,0,0,0.4632856845855713,neural_pair_scorer_resmlp_focal,focal
E3|Q9UKB1|P25116,E3|Q9UKB1,E3,Q9UKB1,P25116,FBXW11,F2R,0,0,0,0.2497706115245819,neural_pair_scorer_resmlp_focal,focal
E3|Q9UKB1|P61587,E3|Q9UKB1,E3,Q9UKB1,P61587,FBXW11,RND3,0,0,0,0.47811439633369446,neural_pair_scorer_resmlp_focal,focal
E3|Q9UKB1|P16070,E3|Q9UKB1,E3,Q9UKB1,P16070,FBXW11,CD44,0,0,0,0.35952338576316833,neural_pair_scorer_resmlp_focal,focal
E3|Q9UKB1|Q01638,E3|Q9UKB1,E3,Q9UKB1,Q01638,FBXW11,IL1RL1,0,0,0,0.2845613658428192,neural_pair_scorer_resmlp_focal,focal
E3|Q9UKC9|Q8IZQ8,E3|Q9UKC9,E3,Q9UKC9,Q8IZQ8,FBXL2,MYOCD,0,0,0,0.7000007629394531,neural_pair_scorer_resmlp_focal,focal
E3|Q9UKC9|Q14527,E3|Q9UKC9,E3,Q9UKC9,Q14527,FBXL2,HLTF,0,0,0,0.4124414026737213,neural_pair_scorer_resmlp_focal,focal
E3|Q9UKC9|P35659,E3|Q9UKC9,E3,Q9UKC9,P35659,FBXL2,DEK,0,0,0,0.44905713200569153,neural_pair_scorer_resmlp_focal,focal
E3|Q9UKC9|P45973,E3|Q9UKC9,E3,Q9UKC9,P45973,FBXL2,CBX5,0,0,0,0.4847310483455658,neural_pair_scorer_resmlp_focal,focal
E3|Q9UKC9|Q03468,E3|Q9UKC9,E3,Q9UKC9,Q03468,FBXL2,ERCC6,0,0,0,0.47684186697006226,neural_pair_scorer_resmlp_focal,focal
E3|Q9UKC9|Q9ULW0,E3|Q9UKC9,E3,Q9UKC9,Q9ULW0,FBXL2,TPX2,0,0,0,0.5333128571510315,neural_pair_scorer_resmlp_focal,focal
E3|Q9UKC9|P40424,E3|Q9UKC9,E3,Q9UKC9,P40424,FBXL2,PBX1,0,0,0,0.7621347308158875,neural_pair_scorer_resmlp_focal,focal
E3|Q9UKC9|P33993,E3|Q9UKC9,E3,Q9UKC9,P33993,FBXL2,MCM7,0,0,0,0.38389796018600464,neural_pair_scorer_resmlp_focal,focal
E3|Q9UKC9|Q53EL6,E3|Q9UKC9,E3,Q9UKC9,Q53EL6,FBXL2,PDCD4,0,0,0,0.4266034960746765,neural_pair_scorer_resmlp_focal,focal
E3|Q9UKC9|Q99708,E3|Q9UKC9,E3,Q9UKC9,Q99708,FBXL2,RBBP8,0,0,0,0.6093634366989136,neural_pair_scorer_resmlp_focal,focal
E3|Q9UKC9|Q969R5,E3|Q9UKC9,E3,Q9UKC9,Q969R5,FBXL2,L3MBTL2,0,0,0,0.3569754660129547,neural_pair_scorer_resmlp_focal,focal
E3|Q9UKC9|Q02535,E3|Q9UKC9,E3,Q9UKC9,Q02535,FBXL2,ID3,0,0,0,0.3956023156642914,neural_pair_scorer_resmlp_focal,focal
E3|Q9Y3I1|Q04912,E3|Q9Y3I1,E3,Q9Y3I1,Q04912,FBXO7,MST1R,0,0,0,0.4418145716190338,neural_pair_scorer_resmlp_focal,focal
E3|Q9Y4X5|Q15836,E3|Q9Y4X5,E3,Q9Y4X5,Q15836,ARIH1,VAMP3,0,0,0,0.26033782958984375,neural_pair_scorer_resmlp_focal,focal
E3|Q9Y4X5|P46109,E3|Q9Y4X5,E3,Q9Y4X5,P46109,ARIH1,CRKL,0,0,0,0.4627804458141327,neural_pair_scorer_resmlp_focal,focal
E3|Q9Y6I7|P79483,E3|Q9Y6I7,E3,Q9Y6I7,P79483,WSB1,HLA-DRB3,0,0,0,0.10715026408433914,neural_pair_scorer_resmlp_focal,focal
E3|Q9Y6I7|P17302,E3|Q9Y6I7,E3,Q9Y6I7,P17302,WSB1,GJA1,0,0,0,0.24508881568908691,neural_pair_scorer_resmlp_focal,focal
E3|Q9Y6I7|Q9Y286,E3|Q9Y6I7,E3,Q9Y6I7,Q9Y286,WSB1,SIGLEC7,0,0,0,0.2089967131614685,neural_pair_scorer_resmlp_focal,focal
E3|Q9Y6I7|Q15173,E3|Q9Y6I7,E3,Q9Y6I7,Q15173,WSB1,PPP2R5B,0,0,0,0.5968984961509705,neural_pair_scorer_resmlp_focal,focal
DUB|O00487|Q96P20,DUB|O00487,DUB,O00487,Q96P20,PSMD14,NLRP3,0,0,0,0.6479671001434326,neural_pair_scorer_resmlp_focal,focal
DUB|O00487|O15287,DUB|O00487,DUB,O00487,O15287,PSMD14,FANCG,0,0,0,0.5077617168426514,neural_pair_scorer_resmlp_focal,focal
DUB|O00487|P43246,DUB|O00487,DUB,O00487,P43246,PSMD14,MSH2,0,0,0,0.5069295763969421,neural_pair_scorer_resmlp_focal,focal
DUB|O00487|Q14694,DUB|O00487,DUB,O00487,Q14694,PSMD14,USP10,0,0,0,0.6186865568161011,neural_pair_scorer_resmlp_focal,focal
DUB|O00487|O43395,DUB|O00487,DUB,O00487,O43395,PSMD14,PRPF3,0,0,0,0.38447681069374084,neural_pair_scorer_resmlp_focal,focal
DUB|O00487|P05412,DUB|O00487,DUB,O00487,P05412,PSMD14,JUN,0,0,0,0.8890724182128906,neural_pair_scorer_resmlp_focal,focal
DUB|O00487|O14497,DUB|O00487,DUB,O00487,O14497,PSMD14,ARID1A,0,0,0,0.6449465751647949,neural_pair_scorer_resmlp_focal,focal
DUB|O00487|Q9NZN5,DUB|O00487,DUB,O00487,Q9NZN5,PSMD14,ARHGEF12,0,0,0,0.5399104952812195,neural_pair_scorer_resmlp_focal,focal
DUB|O00487|O15111,DUB|O00487,DUB,O00487,O15111,PSMD14,CHUK,0,0,0,0.6092708706855774,neural_pair_scorer_resmlp_focal,focal
DUB|O00487|O95786,DUB|O00487,DUB,O00487,O95786,PSMD14,DDX58,0,0,0,0.6684438586235046,neural_pair_scorer_resmlp_focal,focal
DUB|O00487|P60484,DUB|O00487,DUB,O00487,P60484,PSMD14,PTEN,0,0,0,0.7246387600898743,neural_pair_scorer_resmlp_focal,focal
DUB|O00507|P98170,DUB|O00507,DUB,O00507,P98170,USP9Y,XIAP,0,0,0,0.3769228458404541,neural_pair_scorer_resmlp_focal,focal
DUB|O00507|Q15388,DUB|O00507,DUB,O00507,Q15388,USP9Y,TOMM20,0,0,0,0.277462899684906,neural_pair_scorer_resmlp_focal,focal
DUB|O94966|Q8WWY3,DUB|O94966,DUB,O94966,Q8WWY3,USP19,PRPF31,0,0,0,0.4807230234146118,neural_pair_scorer_resmlp_focal,focal
DUB|O94966|P51955,DUB|O94966,DUB,O94966,P51955,USP19,NEK2,0,0,0,0.6277016997337341,neural_pair_scorer_resmlp_focal,focal
DUB|O94966|Q08999,DUB|O94966,DUB,O94966,Q08999,USP19,RBL2,0,0,0,0.5537525415420532,neural_pair_scorer_resmlp_focal,focal
DUB|O94966|Q9UMS4,DUB|O94966,DUB,O94966,Q9UMS4,USP19,PRPF19,0,0,0,0.6945232152938843,neural_pair_scorer_resmlp_focal,focal
DUB|O94966|P42773,DUB|O94966,DUB,O94966,P42773,USP19,CDKN2C,0,0,0,0.3944050073623657,neural_pair_scorer_resmlp_focal,focal
DUB|O94966|Q13042,DUB|O94966,DUB,O94966,Q13042,USP19,CDC16,0,0,0,0.5013187527656555,neural_pair_scorer_resmlp_focal,focal
DUB|O94966|Q8NAP3,DUB|O94966,DUB,O94966,Q8NAP3,USP19,ZBTB38,0,0,0,0.5708812475204468,neural_pair_scorer_resmlp_focal,focal
DUB|O94966|P51587,DUB|O94966,DUB,O94966,P51587,USP19,BRCA2,0,0,0,0.6626750230789185,neural_pair_scorer_resmlp_focal,focal
DUB|O94966|O43663,DUB|O94966,DUB,O94966,O43663,USP19,PRC1,0,0,0,0.6677649021148682,neural_pair_scorer_resmlp_focal,focal
DUB|O94966|O95602,DUB|O94966,DUB,O94966,O95602,USP19,POLR1A,0,0,0,0.8039129972457886,neural_pair_scorer_resmlp_focal,focal
DUB|O94966|P35226,DUB|O94966,DUB,O94966,P35226,USP19,BMI1,0,0,0,0.48432210087776184,neural_pair_scorer_resmlp_focal,focal
DUB|O94966|P11441,DUB|O94966,DUB,O94966,P11441,USP19,UBL4A,0,0,0,0.4745844602584839,neural_pair_scorer_resmlp_focal,focal
DUB|O94966|P30304,DUB|O94966,DUB,O94966,P30304,USP19,CDC25A,0,0,0,0.17768968641757965,neural_pair_scorer_resmlp_focal,focal
DUB|O94966|Q03468,DUB|O94966,DUB,O94966,Q03468,USP19,ERCC6,0,0,0,0.7326259613037109,neural_pair_scorer_resmlp_focal,focal
DUB|Q0WX57|Q9UBS5,DUB|Q0WX57,DUB,Q0WX57,Q9UBS5,USP17L30,GABBR1,0,0,0,0.4992744028568268,neural_pair_scorer_resmlp_focal,focal
DUB|Q15040|Q14469,DUB|Q15040,DUB,Q15040,Q14469,JOSD1,HES1,0,0,0,0.3873419761657715,neural_pair_scorer_resmlp_focal,focal
DUB|Q15040|Q13619,DUB|Q15040,DUB,Q15040,Q13619,JOSD1,CUL4A,0,0,0,0.3564864993095398,neural_pair_scorer_resmlp_focal,focal
DUB|Q15040|P20226,DUB|Q15040,DUB,Q15040,P20226,JOSD1,TBP,0,0,0,0.3235347867012024,neural_pair_scorer_resmlp_focal,focal
DUB|Q53GS9|O75385,DUB|Q53GS9,DUB,Q53GS9,O75385,USP39,ULK1,0,0,0,0.5069003701210022,neural_pair_scorer_resmlp_focal,focal
DUB|Q53GS9|Q13546,DUB|Q53GS9,DUB,Q53GS9,Q13546,USP39,RIPK1,0,0,0,0.5223034024238586,neural_pair_scorer_resmlp_focal,focal
DUB|Q53GS9|Q15154,DUB|Q53GS9,DUB,Q53GS9,Q15154,USP39,PCM1,0,0,0,0.5383579730987549,neural_pair_scorer_resmlp_focal,focal
DUB|Q5VV17|P35228,DUB|Q5VV17,DUB,Q5VV17,P35228,OTUD1,NOS2,0,0,0,0.4617883563041687,neural_pair_scorer_resmlp_focal,focal
DUB|Q5VV17|P04150,DUB|Q5VV17,DUB,Q5VV17,P04150,OTUD1,NR3C1,0,0,0,0.5881058573722839,neural_pair_scorer_resmlp_focal,focal
DUB|Q5VV17|Q02556,DUB|Q5VV17,DUB,Q5VV17,Q02556,OTUD1,IRF8,0,0,0,0.7683293223381042,neural_pair_scorer_resmlp_focal,focal
DUB|Q5VV17|P41134,DUB|Q5VV17,DUB,Q5VV17,P41134,OTUD1,ID1,0,0,0,0.5054802298545837,neural_pair_scorer_resmlp_focal,focal
DUB|Q5VV17|Q9HAU4,DUB|Q5VV17,DUB,Q5VV17,Q9HAU4,OTUD1,SMURF2,0,0,0,0.4895648658275604,neural_pair_scorer_resmlp_focal,focal
DUB|Q5VV17|O43623,DUB|Q5VV17,DUB,Q5VV17,O43623,OTUD1,SNAI2,0,0,0,0.6678024530410767,neural_pair_scorer_resmlp_focal,focal
DUB|Q5VV17|Q05516,DUB|Q5VV17,DUB,Q5VV17,Q05516,OTUD1,ZBTB16,0,0,0,0.44344738125801086,neural_pair_scorer_resmlp_focal,focal
DUB|Q5VV17|P40763,DUB|Q5VV17,DUB,Q5VV17,P40763,OTUD1,STAT3,0,0,0,0.5322074890136719,neural_pair_scorer_resmlp_focal,focal
DUB|Q5VV17|P08581,DUB|Q5VV17,DUB,Q5VV17,P08581,OTUD1,MET,0,0,0,0.5122988820075989,neural_pair_scorer_resmlp_focal,focal
DUB|Q5VV17|P37173,DUB|Q5VV17,DUB,Q5VV17,P37173,OTUD1,TGFBR2,0,0,0,0.4304516911506653,neural_pair_scorer_resmlp_focal,focal
DUB|Q5VV17|Q14790,DUB|Q5VV17,DUB,Q5VV17,Q14790,OTUD1,CASP8,0,0,0,0.4870196580886841,neural_pair_scorer_resmlp_focal,focal
DUB|Q5VV17|Q13042,DUB|Q5VV17,DUB,Q5VV17,Q13042,OTUD1,CDC16,0,0,0,0.36807578802108765,neural_pair_scorer_resmlp_focal,focal
DUB|Q5VVQ6|Q08999,DUB|Q5VVQ6,DUB,Q5VVQ6,Q08999,YOD1,RBL2,0,0,0,0.31061044335365295,neural_pair_scorer_resmlp_focal,focal
DUB|Q5VVQ6|Q9H211,DUB|Q5VVQ6,DUB,Q5VVQ6,Q9H211,YOD1,CDT1,0,0,0,0.6372384428977966,neural_pair_scorer_resmlp_focal,focal
DUB|Q5VVQ6|Q96T88,DUB|Q5VVQ6,DUB,Q5VVQ6,Q96T88,YOD1,UHRF1,0,0,0,0.39150452613830566,neural_pair_scorer_resmlp_focal,focal
DUB|Q6R6M4|P53396,DUB|Q6R6M4,DUB,Q6R6M4,P53396,USP17L2,ACLY,0,0,0,0.6772077083587646,neural_pair_scorer_resmlp_focal,focal
DUB|Q6R6M4|O60493,DUB|Q6R6M4,DUB,Q6R6M4,O60493,USP17L2,SNX3,0,0,0,0.5546513199806213,neural_pair_scorer_resmlp_focal,focal
DUB|Q6R6M4|P37173,DUB|Q6R6M4,DUB,Q6R6M4,P37173,USP17L2,TGFBR2,0,0,0,0.5006258487701416,neural_pair_scorer_resmlp_focal,focal
DUB|Q6R6M4|Q16828,DUB|Q6R6M4,DUB,Q6R6M4,Q16828,USP17L2,DUSP6,0,0,0,0.2822599411010742,neural_pair_scorer_resmlp_focal,focal
DUB|Q6R6M4|Q9UBS5,DUB|Q6R6M4,DUB,Q6R6M4,Q9UBS5,USP17L2,GABBR1,0,0,0,0.5076765418052673,neural_pair_scorer_resmlp_focal,focal
DUB|Q6R6M4|O95140,DUB|Q6R6M4,DUB,Q6R6M4,O95140,USP17L2,MFN2,0,0,0,0.7750309109687805,neural_pair_scorer_resmlp_focal,focal
DUB|Q6R6M4|Q13635,DUB|Q6R6M4,DUB,Q6R6M4,Q13635,USP17L2,PTCH1,0,0,0,0.4035463333129883,neural_pair_scorer_resmlp_focal,focal
DUB|Q7L8S5|P04179,DUB|Q7L8S5,DUB,Q7L8S5,P04179,OTUD6A,SOD2,0,0,0,0.24832002818584442,neural_pair_scorer_resmlp_focal,focal
DUB|Q7L8S5|P04049,DUB|Q7L8S5,DUB,Q7L8S5,P04049,OTUD6A,RAF1,0,0,0,0.28706324100494385,neural_pair_scorer_resmlp_focal,focal
DUB|Q7L8S5|Q9H6Z9,DUB|Q7L8S5,DUB,Q7L8S5,Q9H6Z9,OTUD6A,EGLN3,0,0,0,0.5296579599380493,neural_pair_scorer_resmlp_focal,focal
DUB|Q7L8S5|Q8WWY3,DUB|Q7L8S5,DUB,Q7L8S5,Q8WWY3,OTUD6A,PRPF31,0,0,0,0.46249595284461975,neural_pair_scorer_resmlp_focal,focal
DUB|Q8N5J2|O14737,DUB|Q8N5J2,DUB,Q8N5J2,O14737,MINDY1,PDCD5,0,0,0,0.32599130272865295,neural_pair_scorer_resmlp_focal,focal
DUB|Q8N5J2|P23759,DUB|Q8N5J2,DUB,Q8N5J2,P23759,MINDY1,PAX7,0,0,0,0.6295965909957886,neural_pair_scorer_resmlp_focal,focal
DUB|Q92560|P10145,DUB|Q92560,DUB,Q92560,P10145,BAP1,CXCL8,0,0,0,0.28316953778266907,neural_pair_scorer_resmlp_focal,focal
DUB|Q92560|Q8IXI2,DUB|Q92560,DUB,Q92560,Q8IXI2,BAP1,RHOT1,0,0,0,0.40904250741004944,neural_pair_scorer_resmlp_focal,focal
DUB|Q92560|Q96JA1,DUB|Q92560,DUB,Q92560,Q96JA1,BAP1,LRIG1,0,0,0,0.3072998821735382,neural_pair_scorer_resmlp_focal,focal
DUB|Q92560|P26927,DUB|Q92560,DUB,Q92560,P26927,BAP1,MST1,0,0,0,0.20841021835803986,neural_pair_scorer_resmlp_focal,focal
DUB|Q92560|Q9ULT8,DUB|Q92560,DUB,Q92560,Q9ULT8,BAP1,HECTD1,0,0,0,0.3759366273880005,neural_pair_scorer_resmlp_focal,focal
DUB|Q92560|P37173,DUB|Q92560,DUB,Q92560,P37173,BAP1,TGFBR2,0,0,0,0.34308382868766785,neural_pair_scorer_resmlp_focal,focal
DUB|Q92560|P07550,DUB|Q92560,DUB,Q92560,P07550,BAP1,ADRB2,0,0,0,0.47921374440193176,neural_pair_scorer_resmlp_focal,focal
DUB|Q92560|Q03518,DUB|Q92560,DUB,Q92560,Q03518,BAP1,TAP1,0,0,0,0.3190266788005829,neural_pair_scorer_resmlp_focal,focal
DUB|Q92560|Q13619,DUB|Q92560,DUB,Q92560,Q13619,BAP1,CUL4A,0,0,0,0.5712206959724426,neural_pair_scorer_resmlp_focal,focal
DUB|Q93008|P20226,DUB|Q93008,DUB,Q93008,P20226,USP9X,TBP,0,0,0,0.5327886939048767,neural_pair_scorer_resmlp_focal,focal
DUB|Q93008|P04198,DUB|Q93008,DUB,Q93008,P04198,USP9X,MYCN,0,0,0,0.6441845893859863,neural_pair_scorer_resmlp_focal,focal
DUB|Q93008|Q8IVP5,DUB|Q93008,DUB,Q93008,Q8IVP5,USP9X,FUNDC1,0,0,0,0.27666527032852173,neural_pair_scorer_resmlp_focal,focal
DUB|Q93008|P42261,DUB|Q93008,DUB,Q93008,P42261,USP9X,GRIA1,0,0,0,0.4687831997871399,neural_pair_scorer_resmlp_focal,focal
DUB|Q93008|Q9UBS5,DUB|Q93008,DUB,Q93008,Q9UBS5,USP9X,GABBR1,0,0,0,0.4014716148376465,neural_pair_scorer_resmlp_focal,focal
DUB|Q93008|Q86TM6,DUB|Q93008,DUB,Q93008,Q86TM6,USP9X,SYVN1,0,0,0,0.40333735942840576,neural_pair_scorer_resmlp_focal,focal
DUB|Q93008|P04908,DUB|Q93008,DUB,Q93008,P04908,USP9X,HIST1H2AE,0,0,0,0.23803001642227173,neural_pair_scorer_resmlp_focal,focal
DUB|Q93008|P37173,DUB|Q93008,DUB,Q93008,P37173,USP9X,TGFBR2,0,0,0,0.42880064249038696,neural_pair_scorer_resmlp_focal,focal
DUB|Q93008|O75444,DUB|Q93008,DUB,Q93008,O75444,USP9X,MAF,0,0,0,0.6578962802886963,neural_pair_scorer_resmlp_focal,focal
DUB|Q93008|Q9H4P4,DUB|Q93008,DUB,Q93008,Q9H4P4,USP9X,RNF41,0,0,0,0.3749181628227234,neural_pair_scorer_resmlp_focal,focal
DUB|Q93008|P40305,DUB|Q93008,DUB,Q93008,P40305,USP9X,IFI27,0,0,0,0.3634442090988159,neural_pair_scorer_resmlp_focal,focal
DUB|Q93008|P04234,DUB|Q93008,DUB,Q93008,P04234,USP9X,CD3D,0,0,0,0.42631295323371887,neural_pair_scorer_resmlp_focal,focal
DUB|Q93008|Q9H040,DUB|Q93008,DUB,Q93008,Q9H040,USP9X,SPRTN,0,0,0,0.38183945417404175,neural_pair_scorer_resmlp_focal,focal
DUB|Q93008|P78344,DUB|Q93008,DUB,Q93008,P78344,USP9X,EIF4G2,0,0,0,0.4089450538158417,neural_pair_scorer_resmlp_focal,focal
DUB|Q93008|P37275,DUB|Q93008,DUB,Q93008,P37275,USP9X,ZEB1,0,0,0,0.3172968626022339,neural_pair_scorer_resmlp_focal,focal
DUB|Q93008|Q9UL17,DUB|Q93008,DUB,Q93008,Q9UL17,USP9X,TBX21,0,0,0,0.6213603615760803,neural_pair_scorer_resmlp_focal,focal
DUB|Q93008|Q02218,DUB|Q93008,DUB,Q93008,Q02218,USP9X,OGDH,0,0,0,0.4637688398361206,neural_pair_scorer_resmlp_focal,focal
DUB|Q93008|Q16777,DUB|Q93008,DUB,Q93008,Q16777,USP9X,HIST2H2AC,0,0,0,0.24805761873722076,neural_pair_scorer_resmlp_focal,focal
DUB|Q93008|Q9UGP5,DUB|Q93008,DUB,Q93008,Q9UGP5,USP9X,POLL,0,0,0,0.34528493881225586,neural_pair_scorer_resmlp_focal,focal
DUB|Q93008|Q86YC2,DUB|Q93008,DUB,Q93008,Q86YC2,USP9X,PALB2,0,0,0,0.35640183091163635,neural_pair_scorer_resmlp_focal,focal
DUB|Q93008|Q9Y253,DUB|Q93008,DUB,Q93008,Q9Y253,USP9X,POLH,0,0,0,0.3616439700126648,neural_pair_scorer_resmlp_focal,focal
DUB|Q93008|P26358,DUB|Q93008,DUB,Q93008,P26358,USP9X,DNMT1,0,0,0,0.5194737315177917,neural_pair_scorer_resmlp_focal,focal
DUB|Q93008|Q9HCX3,DUB|Q93008,DUB,Q93008,Q9HCX3,USP9X,ZNF304,0,0,0,0.4791824519634247,neural_pair_scorer_resmlp_focal,focal
DUB|Q93008|Q04771,DUB|Q93008,DUB,Q93008,Q04771,USP9X,ACVR1,0,0,0,0.35367321968078613,neural_pair_scorer_resmlp_focal,focal
DUB|Q93008|P51170,DUB|Q93008,DUB,Q93008,P51170,USP9X,SCNN1G,0,0,0,0.3994983732700348,neural_pair_scorer_resmlp_focal,focal
DUB|Q93008|Q05516,DUB|Q93008,DUB,Q93008,Q05516,USP9X,ZBTB16,0,0,0,0.41018977761268616,neural_pair_scorer_resmlp_focal,focal
DUB|Q93008|P09467,DUB|Q93008,DUB,Q93008,P09467,USP9X,FBP1,0,0,0,0.4977972209453583,neural_pair_scorer_resmlp_focal,focal
DUB|Q93008|Q02246,DUB|Q93008,DUB,Q93008,Q02246,USP9X,CNTN2,0,0,0,0.41920730471611023,neural_pair_scorer_resmlp_focal,focal
DUB|Q93008|Q14669,DUB|Q93008,DUB,Q93008,Q14669,USP9X,TRIP12,0,0,0,0.6979861259460449,neural_pair_scorer_resmlp_focal,focal
DUB|Q93008|Q15233,DUB|Q93008,DUB,Q93008,Q15233,USP9X,NONO,0,0,0,0.6589840650558472,neural_pair_scorer_resmlp_focal,focal
DUB|Q93008|P55085,DUB|Q93008,DUB,Q93008,P55085,USP9X,F2RL1,0,0,0,0.3625014126300812,neural_pair_scorer_resmlp_focal,focal
DUB|Q93008|Q9Y294,DUB|Q93008,DUB,Q93008,Q9Y294,USP9X,ASF1A,0,0,0,0.4444027841091156,neural_pair_scorer_resmlp_focal,focal
DUB|Q93008|Q6FI13,DUB|Q93008,DUB,Q93008,Q6FI13,USP9X,HIST2H2AA4,0,0,0,0.24181704223155975,neural_pair_scorer_resmlp_focal,focal
DUB|Q93008|P24864,DUB|Q93008,DUB,Q93008,P24864,USP9X,CCNE1,0,0,0,0.4954994320869446,neural_pair_scorer_resmlp_focal,focal
DUB|Q93008|Q9UKV5,DUB|Q93008,DUB,Q93008,Q9UKV5,USP9X,AMFR,0,0,0,0.32235798239707947,neural_pair_scorer_resmlp_focal,focal
DUB|Q93008|P29274,DUB|Q93008,DUB,Q93008,P29274,USP9X,ADORA2A,0,0,0,0.2904784083366394,neural_pair_scorer_resmlp_focal,focal
DUB|Q93008|P16104,DUB|Q93008,DUB,Q93008,P16104,USP9X,H2AFX,0,0,0,0.2523126006126404,neural_pair_scorer_resmlp_focal,focal
DUB|Q93008|Q15388,DUB|Q93008,DUB,Q93008,Q15388,USP9X,TOMM20,0,0,0,0.31114694476127625,neural_pair_scorer_resmlp_focal,focal
DUB|Q93008|Q8N4S9,DUB|Q93008,DUB,Q93008,Q8N4S9,USP9X,MARVELD2,0,0,0,0.4588072597980499,neural_pair_scorer_resmlp_focal,focal
DUB|Q93008|Q99708,DUB|Q93008,DUB,Q93008,Q99708,USP9X,RBBP8,0,0,0,0.41078445315361023,neural_pair_scorer_resmlp_focal,focal
DUB|Q9C040|Q8NAP3,DUB|Q9C040,DUB,Q9C040,Q8NAP3,TRIM2,ZBTB38,0,0,0,0.24336887896060944,neural_pair_scorer_resmlp_focal,focal
DUB|Q9C040|P28562,DUB|Q9C040,DUB,Q9C040,P28562,TRIM2,DUSP1,0,0,0,0.412204772233963,neural_pair_scorer_resmlp_focal,focal
DUB|Q9H0E7|Q9Y256,DUB|Q9H0E7,DUB,Q9H0E7,Q9Y256,USP44,RCE1,0,0,0,0.31238019466400146,neural_pair_scorer_resmlp_focal,focal
DUB|Q9H0E7|P05556,DUB|Q9H0E7,DUB,Q9H0E7,P05556,USP44,ITGB1,0,0,0,0.47715553641319275,neural_pair_scorer_resmlp_focal,focal
DUB|Q9H0E7|Q9H5J4,DUB|Q9H0E7,DUB,Q9H0E7,Q9H5J4,USP44,ELOVL6,0,0,0,0.3888225853443146,neural_pair_scorer_resmlp_focal,focal
DUB|Q9P275|P37023,DUB|Q9P275,DUB,Q9P275,P37023,USP36,ACVRL1,0,0,0,0.32721924781799316,neural_pair_scorer_resmlp_focal,focal
DUB|Q9P275|P36894,DUB|Q9P275,DUB,Q9P275,P36894,USP36,BMPR1A,0,0,0,0.33294880390167236,neural_pair_scorer_resmlp_focal,focal
DUB|Q9P275|O75365,DUB|Q9P275,DUB,Q9P275,O75365,USP36,PTP4A3,0,0,0,0.5593776702880859,neural_pair_scorer_resmlp_focal,focal
DUB|Q9UGI0|P55085,DUB|Q9UGI0,DUB,Q9UGI0,P55085,ZRANB1,F2RL1,0,0,0,0.54668128490448,neural_pair_scorer_resmlp_focal,focal
DUB|Q9Y2K6|O60341,DUB|Q9Y2K6,DUB,Q9Y2K6,O60341,USP20,KDM1A,0,0,0,0.8043259382247925,neural_pair_scorer_resmlp_focal,focal
DUB|Q9Y2K6|O75461,DUB|Q9Y2K6,DUB,Q9Y2K6,O75461,USP20,E2F6,0,0,0,0.5002288222312927,neural_pair_scorer_resmlp_focal,focal
DUB|Q9Y2K6|Q9Y253,DUB|Q9Y2K6,DUB,Q9Y2K6,Q9Y253,USP20,POLH,0,0,0,0.3498948812484741,neural_pair_scorer_resmlp_focal,focal
DUB|Q9Y2K6|Q9HCX3,DUB|Q9Y2K6,DUB,Q9Y2K6,Q9HCX3,USP20,ZNF304,0,0,0,0.7937721610069275,neural_pair_scorer_resmlp_focal,focal
DUB|Q9Y2K6|P36897,DUB|Q9Y2K6,DUB,Q9Y2K6,P36897,USP20,TGFBR1,0,0,0,0.2690652012825012,neural_pair_scorer_resmlp_focal,focal
DUB|Q9Y2K6|P24864,DUB|Q9Y2K6,DUB,Q9Y2K6,P24864,USP20,CCNE1,0,0,0,0.761204719543457,neural_pair_scorer_resmlp_focal,focal
DUB|Q9Y2K6|O43521,DUB|Q9Y2K6,DUB,Q9Y2K6,O43521,USP20,BCL2L11,0,0,0,0.261320561170578,neural_pair_scorer_resmlp_focal,focal
DUB|Q9Y2K6|Q8IVP5,DUB|Q9Y2K6,DUB,Q9Y2K6,Q8IVP5,USP20,FUNDC1,0,0,0,0.18998165428638458,neural_pair_scorer_resmlp_focal,focal
DUB|Q9Y2K6|A2AIR5,DUB|Q9Y2K6,DUB,Q9Y2K6,A2AIR5,USP20,Grin3a,0,0,0,0.1875678151845932,neural_pair_scorer_resmlp_focal,focal
DUB|Q9Y2K6|P20226,DUB|Q9Y2K6,DUB,Q9Y2K6,P20226,USP20,TBP,0,0,0,0.7498395442962646,neural_pair_scorer_resmlp_focal,focal
DUB|Q9Y2K6|P04198,DUB|Q9Y2K6,DUB,Q9Y2K6,P04198,USP20,MYCN,0,0,0,0.30216169357299805,neural_pair_scorer_resmlp_focal,focal
DUB|Q9Y5T5|Q8TB45,DUB|Q9Y5T5,DUB,Q9Y5T5,Q8TB45,USP16,DEPTOR,0,0,0,0.5687045454978943,neural_pair_scorer_resmlp_focal,focal
DUB|Q9Y5T5|O14737,DUB|Q9Y5T5,DUB,Q9Y5T5,O14737,USP16,PDCD5,0,0,0,0.32678696513175964,neural_pair_scorer_resmlp_focal,focal
E3|B3SRS0|Q14653,E3|B3SRS0,E3,B3SRS0,Q14653,,IRF3,1,1,1,0.9847134947776794,neural_pair_scorer_resmlp_focal,focal
E3|O14508|O14543,E3|O14508,E3,O14508,O14543,SOCS2,SOCS3,1,1,1,0.4404982030391693,neural_pair_scorer_resmlp_focal,focal
E3|O14508|O15524,E3|O14508,E3,O14508,O15524,SOCS2,SOCS1,1,1,1,0.9860673546791077,neural_pair_scorer_resmlp_focal,focal
E3|O14508|P10912,E3|O14508,E3,O14508,P10912,SOCS2,GHR,1,1,1,0.03424657881259918,neural_pair_scorer_resmlp_focal,focal
E3|O15151|P04637,E3|O15151,E3,O15151,P04637,MDM4,TP53,1,1,1,0.9974887371063232,neural_pair_scorer_resmlp_focal,focal
E3|O15151|P38936,E3|O15151,E3,O15151,P38936,MDM4,CDKN1A,1,1,1,0.9968940019607544,neural_pair_scorer_resmlp_focal,focal
E3|O15151|Q00987,E3|O15151,E3,O15151,Q00987,MDM4,MDM2,1,1,1,0.9940886497497559,neural_pair_scorer_resmlp_focal,focal
E3|O15344|P51668,E3|O15344,E3,O15344,P51668,MID1,UBE2D1,1,1,1,0.2786344885826111,neural_pair_scorer_resmlp_focal,focal
E3|O15344|P54829,E3|O15344,E3,O15344,P54829,MID1,STK36,1,1,1,0.01108374074101448,neural_pair_scorer_resmlp_focal,focal
E3|O15344|P62714,E3|O15344,E3,O15344,P62714,MID1,PPP2CB,1,1,1,0.9602887630462646,neural_pair_scorer_resmlp_focal,focal
E3|O15344|P67775,E3|O15344,E3,O15344,P67775,MID1,PPP2CA,1,1,1,0.9631679058074951,neural_pair_scorer_resmlp_focal,focal
E3|O15344|P78318,E3|O15344,E3,O15344,P78318,MID1,IGBP1,1,1,1,0.007803935557603836,neural_pair_scorer_resmlp_focal,focal
E3|O15344|Q14653,E3|O15344,E3,O15344,Q14653,MID1,IRF3,1,1,1,0.9806488156318665,neural_pair_scorer_resmlp_focal,focal
E3|O15344|Q9NRP7,E3|O15344,E3,O15344,Q9NRP7,MID1,PPP2R4,1,1,1,0.5273193717002869,neural_pair_scorer_resmlp_focal,focal
E3|O60260|O00429,E3|O60260,E3,O60260,O00429,PARK2,DNM1L,1,1,1,0.705517590045929,neural_pair_scorer_resmlp_focal,focal
E3|O60260|O15354,E3|O60260,E3,O60260,O15354,PARK2,GPR37,1,1,1,0.007873301394283772,neural_pair_scorer_resmlp_focal,focal
E3|O60260|O43175,E3|O60260,E3,O60260,O43175,PRKN,PHGDH,1,1,1,0.19657419621944427,neural_pair_scorer_resmlp_focal,focal
E3|O60260|O43236,E3|O60260,E3,O60260,O43236,PRKN,SEPTIN4,1,1,1,0.7850256562232971,neural_pair_scorer_resmlp_focal,focal
E3|O60260|O60260,E3|O60260,E3,O60260,O60260,PARK2,PARK2,1,1,1,0.9951338171958923,neural_pair_scorer_resmlp_focal,focal
E3|O60260|O60883,E3|O60260,E3,O60260,O60883,PRKN,GPR37L1,1,1,1,0.01160653680562973,neural_pair_scorer_resmlp_focal,focal
E3|O60260|O95140,E3|O60260,E3,O60260,O95140,PRKN,MFN2,1,1,1,0.07598070055246353,neural_pair_scorer_resmlp_focal,focal
E3|O60260|O95147,E3|O60260,E3,O60260,O95147,PARK2,NEK2,1,1,1,0.9364591240882874,neural_pair_scorer_resmlp_focal,focal
E3|O60260|O96020,E3|O60260,E3,O60260,O96020,PRKN,CCNE2,1,1,1,0.9553329944610596,neural_pair_scorer_resmlp_focal,focal
E3|O60260|P07437,E3|O60260,E3,O60260,P07437,PARK2,TUBB,1,1,1,0.8349459767341614,neural_pair_scorer_resmlp_focal,focal
E3|O60260|P08247,E3|O60260,E3,O60260,P08247,PRKN,SYP,1,1,1,0.05266152694821358,neural_pair_scorer_resmlp_focal,focal
E3|O60260|P09936,E3|O60260,E3,O60260,P09936,PRKN,UCHL1,1,1,1,0.9797680974006653,neural_pair_scorer_resmlp_focal,focal
E3|O60260|P10415,E3|O60260,E3,O60260,P10415,PRKN,BCL2,1,1,1,0.9907912015914917,neural_pair_scorer_resmlp_focal,focal
E3|O60260|P14635,E3|O60260,E3,O60260,P14635,PRKN,CCNB1,1,1,1,0.9917049407958984,neural_pair_scorer_resmlp_focal,focal
E3|O60260|P19174,E3|O60260,E3,O60260,P19174,PRKN,PLCG1,1,1,1,0.06127680093050003,neural_pair_scorer_resmlp_focal,focal
E3|O60260|P19367,E3|O60260,E3,O60260,P19367,PRKN,HK1,1,1,1,0.8257266283035278,neural_pair_scorer_resmlp_focal,focal
E3|O60260|P21796,E3|O60260,E3,O60260,P21796,PRKN,VDAC1,1,1,1,0.11451353877782822,neural_pair_scorer_resmlp_focal,focal
E3|O60260|P21860,E3|O60260,E3,O60260,P21860,PRKN,ERBB3,1,1,1,0.8470363020896912,neural_pair_scorer_resmlp_focal,focal
E3|O60260|P24864,E3|O60260,E3,O60260,P24864,PARK2,CCNE1,1,1,1,0.9140543937683105,neural_pair_scorer_resmlp_focal,focal
E3|O60260|P37840,E3|O60260,E3,O60260,P37840,PARK2,SNCA,1,1,1,0.8485760688781738,neural_pair_scorer_resmlp_focal,focal
E3|O60260|P42566,E3|O60260,E3,O60260,P42566,PARK2,EPS15,1,1,1,0.10300596803426743,neural_pair_scorer_resmlp_focal,focal
E3|O60260|P46527,E3|O60260,E3,O60260,P46527,PARK2,HSD17B10,1,1,1,0.9960999488830566,neural_pair_scorer_resmlp_focal,focal
E3|O60260|P46937,E3|O60260,E3,O60260,P46937,PRKN,YAP1,1,1,1,0.9831037521362305,neural_pair_scorer_resmlp_focal,focal
E3|O60260|P49792,E3|O60260,E3,O60260,P49792,PARK2,RANBP2,1,1,1,0.9880083799362183,neural_pair_scorer_resmlp_focal,focal
E3|O60260|P51955,E3|O60260,E3,O60260,P51955,PRKN,NEK2,1,1,1,0.8824213743209839,neural_pair_scorer_resmlp_focal,focal
E3|O60260|P53667,E3|O60260,E3,O60260,P53667,PARK2,LIMK1,1,1,1,0.9612394571304321,neural_pair_scorer_resmlp_focal,focal
E3|O60260|P54252,E3|O60260,E3,O60260,P54252,PRKN,ATXN3,1,1,1,0.978845477104187,neural_pair_scorer_resmlp_focal,focal
E3|O60260|P54829,E3|O60260,E3,O60260,P54829,PRKN,PTPN5,1,1,1,0.03691643849015236,neural_pair_scorer_resmlp_focal,focal
E3|O60260|P55036,E3|O60260,E3,O60260,P55036,PARK2,PSMD4,1,1,1,0.22386962175369263,neural_pair_scorer_resmlp_focal,focal
E3|O60260|P68363,E3|O60260,E3,O60260,P68363,PRKN,TUBA1B,1,1,1,0.929650068283081,neural_pair_scorer_resmlp_focal,focal
E3|O60260|Q07812,E3|O60260,E3,O60260,Q07812,PRKN,BAX,1,1,1,0.9928876757621765,neural_pair_scorer_resmlp_focal,focal
E3|O60260|Q07817,E3|O60260,E3,O60260,Q07817,PRKN,BCL2L1,1,1,1,0.9952859282493591,neural_pair_scorer_resmlp_focal,focal
E3|O60260|Q13148,E3|O60260,E3,O60260,Q13148,PRKN,TARDBP,1,1,1,0.9838067293167114,neural_pair_scorer_resmlp_focal,focal
E3|O60260|Q13155,E3|O60260,E3,O60260,Q13155,PARK2,AIMP2,1,1,1,0.8970010876655579,neural_pair_scorer_resmlp_focal,focal
E3|O60260|Q13501,E3|O60260,E3,O60260,Q13501,PRKN,SQSTM1,1,1,1,0.9948504567146301,neural_pair_scorer_resmlp_focal,focal
E3|O60260|Q14190,E3|O60260,E3,O60260,Q14190,PARK2,SIM2,1,1,1,0.5332629084587097,neural_pair_scorer_resmlp_focal,focal
E3|O60260|Q15303,E3|O60260,E3,O60260,Q15303,PRKN,ERBB4,1,1,1,0.9596174359321594,neural_pair_scorer_resmlp_focal,focal
E3|O60260|Q15388,E3|O60260,E3,O60260,Q15388,PRKN,TOMM20,1,1,1,0.005352485924959183,neural_pair_scorer_resmlp_focal,focal
E3|O60260|Q16342,E3|O60260,E3,O60260,Q16342,PRKN,PDCD2,1,1,1,0.09160356223583221,neural_pair_scorer_resmlp_focal,focal
E3|O60260|Q16665,E3|O60260,E3,O60260,Q16665,PRKN,HIF1A,1,1,1,0.21133287250995636,neural_pair_scorer_resmlp_focal,focal
E3|O60260|Q6NUN9,E3|O60260,E3,O60260,Q6NUN9,PARK2,ZNF746,1,1,1,0.948399007320404,neural_pair_scorer_resmlp_focal,focal
E3|O60260|Q70CQ3,E3|O60260,E3,O60260,Q70CQ3,PRKN,USP30,1,1,1,0.007722734939306974,neural_pair_scorer_resmlp_focal,focal
E3|O60260|Q8IWA4,E3|O60260,E3,O60260,Q8IWA4,PARK2,MFN1,1,1,1,0.1755579560995102,neural_pair_scorer_resmlp_focal,focal
E3|O60260|Q8IXI1,E3|O60260,E3,O60260,Q8IXI1,PRKN,RHOT2,1,1,1,0.019276924431324005,neural_pair_scorer_resmlp_focal,focal
E3|O60260|Q8IXI2,E3|O60260,E3,O60260,Q8IXI2,PRKN,RHOT1,1,1,1,0.13636183738708496,neural_pair_scorer_resmlp_focal,focal
E3|O60260|Q92844,E3|O60260,E3,O60260,Q92844,PRKN,TANK,1,1,1,0.9815400242805481,neural_pair_scorer_resmlp_focal,focal
E3|O60260|Q96AE4,E3|O60260,E3,O60260,Q96AE4,PRKN,FUBP1,1,1,1,0.9845825433731079,neural_pair_scorer_resmlp_focal,focal
E3|O60260|Q96P20,E3|O60260,E3,O60260,Q96P20,PRKN,NLRP3,1,1,1,0.9548627734184265,neural_pair_scorer_resmlp_focal,focal
E3|O60260|Q96QK1,E3|O60260,E3,O60260,Q96QK1,PRKN,VPS35,1,1,1,0.7347986102104187,neural_pair_scorer_resmlp_focal,focal
E3|O60260|Q99497,E3|O60260,E3,O60260,Q99497,PARK2,PARK7,1,1,1,0.9843901991844177,neural_pair_scorer_resmlp_focal,focal
E3|O60260|Q99648,E3|O60260,E3,O60260,Q99648,PRKN,CDCrel-1,1,1,1,0.7842384576797485,neural_pair_scorer_resmlp_focal,focal
E3|O60260|Q99714,E3|O60260,E3,O60260,Q99714,PARK2,PTPN5,1,1,1,0.17691750824451447,neural_pair_scorer_resmlp_focal,focal
E3|O60260|Q99719,E3|O60260,E3,O60260,Q99719,PARK2,PRKN,1,1,1,0.7189732193946838,neural_pair_scorer_resmlp_focal,focal
E3|O60260|Q99962,E3|O60260,E3,O60260,Q99962,PRKN,SH3GL2,1,1,1,0.011056861840188503,neural_pair_scorer_resmlp_focal,focal
E3|O60260|Q99963,E3|O60260,E3,O60260,Q99963,PRKN,SH3GL3,1,1,1,0.011163950897753239,neural_pair_scorer_resmlp_focal,focal
E3|O60260|Q9BT88,E3|O60260,E3,O60260,Q9BT88,PRKN,SYT11,1,1,1,0.01997806504368782,neural_pair_scorer_resmlp_focal,focal
E3|O60260|Q9BXM7,E3|O60260,E3,O60260,Q9BXM7,PARK2,PINK1,1,1,1,0.7232339382171631,neural_pair_scorer_resmlp_focal,focal
E3|O60260|Q9NRD5,E3|O60260,E3,O60260,Q9NRD5,PARK2,PICK1,1,1,1,0.016032636165618896,neural_pair_scorer_resmlp_focal,focal
E3|O60260|Q9NX09,E3|O60260,E3,O60260,Q9NX09,PRKN,DDIT4,1,1,1,0.04661557078361511,neural_pair_scorer_resmlp_focal,focal
E3|O60260|Q9NZ45,E3|O60260,E3,O60260,Q9NZ45,PRKN,CISD1,1,1,1,0.008340667933225632,neural_pair_scorer_resmlp_focal,focal
E3|O60260|Q9UNE7,E3|O60260,E3,O60260,Q9UNE7,PRKN,STUB1,1,1,1,0.9077232480049133,neural_pair_scorer_resmlp_focal,focal
E3|O60260|Q9UNN5,E3|O60260,E3,O60260,Q9UNN5,PRKN,FAF1,1,1,1,0.9373624324798584,neural_pair_scorer_resmlp_focal,focal
E3|O60260|Q9Y4K3,E3|O60260,E3,O60260,Q9Y4K3,PRKN,TRAF6,1,1,1,0.9967337846755981,neural_pair_scorer_resmlp_focal,focal
E3|O60260|Q9Y6H5,E3|O60260,E3,O60260,Q9Y6H5,PARK2,SNCAIP,1,1,1,0.1389639526605606,neural_pair_scorer_resmlp_focal,focal
E3|O60260|Q9Y6K9,E3|O60260,E3,O60260,Q9Y6K9,PARK2,IKBKG,1,1,1,0.8787053227424622,neural_pair_scorer_resmlp_focal,focal
E3|O60337|O60337,E3|O60337,E3,O60337,O60337,MARCHF6,MARCHF6,1,1,1,0.9850814938545227,neural_pair_scorer_resmlp_focal,focal
E3|O60337|Q14534,E3|O60337,E3,O60337,Q14534,MARCHF6,SQLE,1,1,1,0.5970829129219055,neural_pair_scorer_resmlp_focal,focal
E3|O60337|Q92813,E3|O60337,E3,O60337,Q92813,MARCHF6,DIO2,1,1,1,0.9362426996231079,neural_pair_scorer_resmlp_focal,focal
E3|O94844|O76074,E3|O94844,E3,O94844,O76074,RHOBTB1,PDE5A,1,1,1,0.980523407459259,neural_pair_scorer_resmlp_focal,focal
E3|O94952|P08183,E3|O94952,E3,O94952,P08183,FBXO21,ABCB1,1,1,1,0.16943933069705963,neural_pair_scorer_resmlp_focal,focal
E3|O94952|P24468,E3|O94952,E3,O94952,P24468,FBXO21,NR2F2,1,1,1,0.9910749197006226,neural_pair_scorer_resmlp_focal,focal
E3|O94952|Q9Y6B2,E3|O94952,E3,O94952,Q9Y6B2,FBXO21,EID1,1,1,1,0.7220693826675415,neural_pair_scorer_resmlp_focal,focal
E3|O95071|O43313,E3|O95071,E3,O95071,O43313,UBR5,ATMIN,1,1,1,0.8670608401298523,neural_pair_scorer_resmlp_focal,focal
E3|O95071|O75469,E3|O95071,E3,O95071,O75469,UBR5,NR1I2,1,1,1,0.3790326416492462,neural_pair_scorer_resmlp_focal,focal
E3|O95071|O95071,E3|O95071,E3,O95071,O95071,UBR5,UBR5,1,1,1,0.9846551418304443,neural_pair_scorer_resmlp_focal,focal
E3|O95071|O95994,E3|O95071,E3,O95071,O95994,UBR5,AGR2,1,1,1,0.013366412371397018,neural_pair_scorer_resmlp_focal,focal
E3|O95071|P01106,E3|O95071,E3,O95071,P01106,UBR5,MYC,1,1,1,0.9665141105651855,neural_pair_scorer_resmlp_focal,focal
E3|O95071|P35558,E3|O95071,E3,O95071,P35558,UBR5,PCK1,1,1,1,0.05720086023211479,neural_pair_scorer_resmlp_focal,focal
E3|O95071|P42858,E3|O95071,E3,O95071,P42858,UBR5,HTT,1,1,1,0.9484522938728333,neural_pair_scorer_resmlp_focal,focal
E3|O95071|P48431,E3|O95071,E3,O95071,P48431,UBR5,SOX2,1,1,1,0.9302151799201965,neural_pair_scorer_resmlp_focal,focal
E3|O95071|P49715,E3|O95071,E3,O95071,P49715,UBR5,CEBPA,1,1,1,0.7538341283798218,neural_pair_scorer_resmlp_focal,focal
E3|O95071|P50750,E3|O95071,E3,O95071,P50750,UBR5,CDK9,1,1,1,0.7479387521743774,neural_pair_scorer_resmlp_focal,focal
E3|O95071|P52907,E3|O95071,E3,O95071,P52907,UBR5,CAPZA1,1,1,1,0.900144636631012,neural_pair_scorer_resmlp_focal,focal
E3|O95071|P67775,E3|O95071,E3,O95071,P67775,UBR5,PPP2CA,1,1,1,0.8613356947898865,neural_pair_scorer_resmlp_focal,focal
E3|O95071|Q92547,E3|O95071,E3,O95071,Q92547,UBR5,TOPBP1,1,1,1,0.986777126789093,neural_pair_scorer_resmlp_focal,focal
E3|O95071|Q9BPZ3,E3|O95071,E3,O95071,Q9BPZ3,UBR5,PAIP2,1,1,1,0.9820178747177124,neural_pair_scorer_resmlp_focal,focal
E3|O95628|O95628,E3|O95628,E3,O95628,O95628,CNOT4,CNOT4,1,1,1,0.9960267543792725,neural_pair_scorer_resmlp_focal,focal
E3|O95628|P41229,E3|O95628,E3,O95628,P41229,CNOT4,KDM5C,1,1,1,0.8634457588195801,neural_pair_scorer_resmlp_focal,focal
E3|O95628|P46937,E3|O95628,E3,O95628,P46937,CNOT4,YAP1,1,1,1,0.9963470101356506,neural_pair_scorer_resmlp_focal,focal
E3|O95628|Q96T37,E3|O95628,E3,O95628,Q96T37,CNOT4,RBM15,1,1,1,0.8664326071739197,neural_pair_scorer_resmlp_focal,focal
E3|O95630|Q96P20,E3|O95630,E3,O95630,Q96P20,STAMBP,NLRP3,1,1,1,0.9930227994918823,neural_pair_scorer_resmlp_focal,focal
E3|O95786|Q9NX47,E3|O95786,E3,O95786,Q9NX47,DDX58,MARCHF5,1,1,1,0.06636234372854233,neural_pair_scorer_resmlp_focal,focal
E3|P00748|Q16665,E3|P00748,E3,P00748,Q16665,F12,HIF1A,1,1,1,0.019061898812651634,neural_pair_scorer_resmlp_focal,focal
E3|P22681|O14964,E3|P22681,E3,P22681,O14964,CBL,HGS,1,1,1,0.6839138269424438,neural_pair_scorer_resmlp_focal,focal
E3|P22681|O43521,E3|P22681,E3,P22681,O43521,CBL,BCL2L11,1,1,1,0.9893382787704468,neural_pair_scorer_resmlp_focal,focal
E3|P22681|O43597,E3|P22681,E3,P22681,O43597,CBL,SPRY2,1,1,1,0.5642040371894836,neural_pair_scorer_resmlp_focal,focal
E3|P22681|O94875,E3|P22681,E3,P22681,O94875,CBL,SORBS2,1,1,1,0.8753641247749329,neural_pair_scorer_resmlp_focal,focal
E3|P22681|O95644,E3|P22681,E3,P22681,O95644,CBL,NFATC1,1,1,1,0.9645204544067383,neural_pair_scorer_resmlp_focal,focal
E3|P22681|P00519,E3|P22681,E3,P22681,P00519,CBL,ABL1,1,1,1,0.7922259569168091,neural_pair_scorer_resmlp_focal,focal
E3|P22681|P00533,E3|P22681,E3,P22681,P00533,CBL,EGFR,1,1,1,0.9716074466705322,neural_pair_scorer_resmlp_focal,focal
E3|P22681|P04085,E3|P22681,E3,P22681,P04085,CBL,PDGFA,1,1,1,0.02322031743824482,neural_pair_scorer_resmlp_focal,focal
E3|P22681|P04271,E3|P22681,E3,P22681,P04271,CBL,S100B,1,1,1,0.14184962213039398,neural_pair_scorer_resmlp_focal,focal
E3|P22681|P04626,E3|P22681,E3,P22681,P04626,CBL,ERBB2,1,1,1,0.975236177444458,neural_pair_scorer_resmlp_focal,focal
E3|P22681|P06127,E3|P22681,E3,P22681,P06127,CBL,CD5,1,1,1,0.03246067091822624,neural_pair_scorer_resmlp_focal,focal
E3|P22681|P06239,E3|P22681,E3,P22681,P06239,CBL,LCK,1,1,1,0.9252545237541199,neural_pair_scorer_resmlp_focal,focal
E3|P22681|P06241,E3|P22681,E3,P22681,P06241,CBL,FYN,1,1,1,0.9717042446136475,neural_pair_scorer_resmlp_focal,focal
E3|P22681|P07333,E3|P22681,E3,P22681,P07333,CBL,CSF1R,1,1,1,0.6065367460250854,neural_pair_scorer_resmlp_focal,focal
E3|P22681|P07947,E3|P22681,E3,P22681,P07947,CBL,YES1,1,1,1,0.9893583059310913,neural_pair_scorer_resmlp_focal,focal
E3|P22681|P07948,E3|P22681,E3,P22681,P07948,CBL,LYN,1,1,1,0.959070086479187,neural_pair_scorer_resmlp_focal,focal
E3|P22681|P08069,E3|P22681,E3,P22681,P08069,CBL,IGF1R,1,1,1,0.5095290541648865,neural_pair_scorer_resmlp_focal,focal
E3|P22681|P08138,E3|P22681,E3,P22681,P08138,CBL,NGFR,1,1,1,0.9393573999404907,neural_pair_scorer_resmlp_focal,focal
E3|P22681|P08581,E3|P22681,E3,P22681,P08581,CBL,MET,1,1,1,0.1066797524690628,neural_pair_scorer_resmlp_focal,focal
E3|P22681|P08648,E3|P22681,E3,P22681,P08648,CBL,ITGA5,1,1,1,0.056898027658462524,neural_pair_scorer_resmlp_focal,focal
E3|P22681|P09619,E3|P22681,E3,P22681,P09619,CBL,PDGFRB,1,1,1,0.8440406918525696,neural_pair_scorer_resmlp_focal,focal
E3|P22681|P09769,E3|P22681,E3,P22681,P09769,CBL,FGR,1,1,1,0.9685683846473694,neural_pair_scorer_resmlp_focal,focal
E3|P22681|P10721,E3|P22681,E3,P22681,P10721,CBL,KIT,1,1,1,0.6689422726631165,neural_pair_scorer_resmlp_focal,focal
E3|P22681|P11274,E3|P22681,E3,P22681,P11274,CBL,BCR,1,1,1,0.9811558723449707,neural_pair_scorer_resmlp_focal,focal
E3|P22681|P11362,E3|P22681,E3,P22681,P11362,CBL,FGFR1,1,1,1,0.089427649974823,neural_pair_scorer_resmlp_focal,focal
E3|P22681|P12318,E3|P22681,E3,P22681,P12318,CBL,FCGR2A,1,1,1,0.23960402607917786,neural_pair_scorer_resmlp_focal,focal
E3|P22681|P12931,E3|P22681,E3,P22681,P12931,CBL,SRC,1,1,1,0.9842146635055542,neural_pair_scorer_resmlp_focal,focal
E3|P22681|P13569,E3|P22681,E3,P22681,P13569,CBL,CFTR,1,1,1,0.7630828022956848,neural_pair_scorer_resmlp_focal,focal
E3|P22681|P15498,E3|P22681,E3,P22681,P15498,CBL,VAV1,1,1,1,0.7570850253105164,neural_pair_scorer_resmlp_focal,focal
E3|P22681|P16234,E3|P22681,E3,P22681,P16234,CBL,PDGFRA,1,1,1,0.8649102449417114,neural_pair_scorer_resmlp_focal,focal
E3|P22681|P17948,E3|P22681,E3,P22681,P17948,CBL,FLT1,1,1,1,0.5434792637825012,neural_pair_scorer_resmlp_focal,focal
E3|P22681|P19174,E3|P22681,E3,P22681,P19174,CBL,PLCG1,1,1,1,0.9718770384788513,neural_pair_scorer_resmlp_focal,focal
E3|P22681|P21802,E3|P22681,E3,P22681,P21802,CBL,FGFR2,1,1,1,0.0507676899433136,neural_pair_scorer_resmlp_focal,focal
E3|P22681|P22455,E3|P22681,E3,P22681,P22455,CBL,FGFR4,1,1,1,0.05001159384846687,neural_pair_scorer_resmlp_focal,focal
E3|P22681|P22607,E3|P22681,E3,P22681,P22607,CBL,FGFR3,1,1,1,0.07588395476341248,neural_pair_scorer_resmlp_focal,focal
E3|P22681|P27986,E3|P22681,E3,P22681,P27986,CBL,PIK3R1,1,1,1,0.9731312990188599,neural_pair_scorer_resmlp_focal,focal
E3|P22681|P29317,E3|P22681,E3,P22681,P29317,CBL,EPHA2,1,1,1,0.17455071210861206,neural_pair_scorer_resmlp_focal,focal
E3|P22681|P29322,E3|P22681,E3,P22681,P29322,CBL,EPHA8,1,1,1,0.11839524656534195,neural_pair_scorer_resmlp_focal,focal
E3|P22681|P31785,E3|P22681,E3,P22681,P31785,CBL,IL2RG,1,1,1,0.05407562851905823,neural_pair_scorer_resmlp_focal,focal
E3|P22681|P35222,E3|P22681,E3,P22681,P35222,CBL,CTNNB1,1,1,1,0.9895651340484619,neural_pair_scorer_resmlp_focal,focal
E3|P22681|P35968,E3|P22681,E3,P22681,P35968,CBL,KDR,1,1,1,0.7546630501747131,neural_pair_scorer_resmlp_focal,focal
E3|P22681|P40189,E3|P22681,E3,P22681,P40189,CBL,IL6ST,1,1,1,0.449979692697525,neural_pair_scorer_resmlp_focal,focal
E3|P22681|P40238,E3|P22681,E3,P22681,P40238,CBL,MPL,1,1,1,0.02955685183405876,neural_pair_scorer_resmlp_focal,focal
E3|P22681|P42229,E3|P22681,E3,P22681,P42229,CBL,STAT5A,1,1,1,0.9482550024986267,neural_pair_scorer_resmlp_focal,focal
E3|P22681|P42345,E3|P22681,E3,P22681,P42345,CBL,MTOR,1,1,1,0.9383232593536377,neural_pair_scorer_resmlp_focal,focal
E3|P22681|P43403,E3|P22681,E3,P22681,P43403,CBL,ZAP70,1,1,1,0.9759334921836853,neural_pair_scorer_resmlp_focal,focal
E3|P22681|P43405,E3|P22681,E3,P22681,P43405,CBL,SYK,1,1,1,0.9758108854293823,neural_pair_scorer_resmlp_focal,focal
E3|P22681|P46109,E3|P22681,E3,P22681,P46109,CBL,CRKL,1,1,1,0.8110167384147644,neural_pair_scorer_resmlp_focal,focal
E3|P22681|P48736,E3|P22681,E3,P22681,P48736,CBL,PIK3CG,1,1,1,0.9888032078742981,neural_pair_scorer_resmlp_focal,focal
E3|P22681|P51692,E3|P22681,E3,P22681,P51692,CBL,STAT5B,1,1,1,0.9553208947181702,neural_pair_scorer_resmlp_focal,focal
E3|P22681|P54762,E3|P22681,E3,P22681,P54762,CBL,EPHB1,1,1,1,0.18084047734737396,neural_pair_scorer_resmlp_focal,focal
E3|P22681|P55085,E3|P22681,E3,P22681,P55085,CBL,F2RL1,1,1,1,0.010036952793598175,neural_pair_scorer_resmlp_focal,focal
E3|P22681|Q02556,E3|P22681,E3,P22681,Q02556,CBL,IRF8,1,1,1,0.9089364409446716,neural_pair_scorer_resmlp_focal,focal
E3|P22681|Q02763,E3|P22681,E3,P22681,Q02763,CBL,TEK,1,1,1,0.22350436449050903,neural_pair_scorer_resmlp_focal,focal
E3|P22681|Q04912,E3|P22681,E3,P22681,Q04912,CBL,MST1R,1,1,1,0.16899432241916656,neural_pair_scorer_resmlp_focal,focal
E3|P22681|Q14155,E3|P22681,E3,P22681,Q14155,CBL,ARHGEF7,1,1,1,0.8930516242980957,neural_pair_scorer_resmlp_focal,focal
E3|P22681|Q7Z698,E3|P22681,E3,P22681,Q7Z698,CBL,SPRED2,1,1,1,0.7538514137268066,neural_pair_scorer_resmlp_focal,focal
E3|P22681|Q8TBZ2,E3|P22681,E3,P22681,Q8TBZ2,CBL,MYCBPAP,1,1,1,0.9010399580001831,neural_pair_scorer_resmlp_focal,focal
E3|P22681|Q8WU20,E3|P22681,E3,P22681,Q8WU20,CBL,FRS2,1,1,1,0.9890280961990356,neural_pair_scorer_resmlp_focal,focal
E3|P22681|Q96B97,E3|P22681,E3,P22681,Q96B97,CBL,SH3KBP1,1,1,1,0.9857280850410461,neural_pair_scorer_resmlp_focal,focal
E3|P22681|Q96JA1,E3|P22681,E3,P22681,Q96JA1,CBL,LRIG1,1,1,1,0.08470190316438675,neural_pair_scorer_resmlp_focal,focal
E3|P22681|Q96P20,E3|P22681,E3,P22681,Q96P20,CBL,NLRP3,1,1,1,0.9876108765602112,neural_pair_scorer_resmlp_focal,focal
E3|P22681|Q9UGK3,E3|P22681,E3,P22681,Q9UGK3,CBL,STAP2,1,1,1,0.938562273979187,neural_pair_scorer_resmlp_focal,focal
E3|P22681|Q9UM73,E3|P22681,E3,P22681,Q9UM73,CBL,ALK,1,1,1,0.3893476724624634,neural_pair_scorer_resmlp_focal,focal
E3|P41002|O43303,E3|P41002,E3,P41002,O43303,CCNF,CCP110,1,1,1,0.9364237189292908,neural_pair_scorer_resmlp_focal,focal
E3|P41002|P31350,E3|P41002,E3,P41002,P31350,CCNF,RRM2,1,1,1,0.8495306372642517,neural_pair_scorer_resmlp_focal,focal
E3|P41002|Q99741,E3|P41002,E3,P41002,Q99741,CCNF,CDC6,1,1,1,0.992752194404602,neural_pair_scorer_resmlp_focal,focal
E3|P50876|P00533,E3|P50876,E3,P50876,P00533,RNF144A,EGFR,1,1,1,0.9182018041610718,neural_pair_scorer_resmlp_focal,focal
E3|P50876|P54652,E3|P50876,E3,P50876,P54652,RNF144A,HSPA2,1,1,1,0.052106328308582306,neural_pair_scorer_resmlp_focal,focal
E3|P50876|P78527,E3|P50876,E3,P50876,P78527,RNF144A,PRKDC,1,1,1,0.931311845779419,neural_pair_scorer_resmlp_focal,focal
E3|P54725|Q15672,E3|P54725,E3,P54725,Q15672,RAD23A,TWIST1,1,1,1,0.02663310430943966,neural_pair_scorer_resmlp_focal,focal
E3|P78317|P08047,E3|P78317,E3,P78317,P08047,RNF4,SP1,1,1,1,0.9872768521308899,neural_pair_scorer_resmlp_focal,focal
E3|P78317|P09874,E3|P78317,E3,P78317,P09874,RNF4,PARP1,1,1,1,0.9947633147239685,neural_pair_scorer_resmlp_focal,focal
E3|P78317|P29590,E3|P78317,E3,P78317,P29590,RNF4,PML,1,1,1,0.9643717408180237,neural_pair_scorer_resmlp_focal,focal
E3|P78317|P43268,E3|P78317,E3,P78317,P43268,RNF4,ETV4,1,1,1,0.9903822541236877,neural_pair_scorer_resmlp_focal,focal
E3|P78317|P54253,E3|P78317,E3,P78317,P54253,RNF4,ATXN1,1,1,1,0.9820302128791809,neural_pair_scorer_resmlp_focal,focal
E3|P78317|P61956,E3|P78317,E3,P78317,P61956,RNF4,SUMO2,1,1,1,0.9959056377410889,neural_pair_scorer_resmlp_focal,focal
E3|P78317|P78317,E3|P78317,E3,P78317,P78317,RNF4,RNF4,1,1,1,0.9960689544677734,neural_pair_scorer_resmlp_focal,focal
E3|P78317|Q6NUN9,E3|P78317,E3,P78317,Q6NUN9,RNF4,ZNF746,1,1,1,0.8521326184272766,neural_pair_scorer_resmlp_focal,focal
E3|P78317|Q8N907,E3|P78317,E3,P78317,Q8N907,RNF4,DAND5,1,1,1,0.006587243638932705,neural_pair_scorer_resmlp_focal,focal
E3|P78317|Q92674,E3|P78317,E3,P78317,Q92674,RNF4,CENPI,1,1,1,0.7853429913520813,neural_pair_scorer_resmlp_focal,focal
E3|P78317|Q99708,E3|P78317,E3,P78317,Q99708,RNF4,RBBP8,1,1,1,0.9943051934242249,neural_pair_scorer_resmlp_focal,focal
E3|P78317|Q99814,E3|P78317,E3,P78317,Q99814,RNF4,EPAS1,1,1,1,0.8260331749916077,neural_pair_scorer_resmlp_focal,focal
E3|Q05086|O00327,E3|Q05086,E3,Q05086,O00327,UBE3A,ARNTL,1,1,1,0.9922143816947937,neural_pair_scorer_resmlp_focal,focal
E3|Q05086|O15145,E3|Q05086,E3,Q05086,O15145,UBE3A,ARPC3,1,1,1,0.7954873442649841,neural_pair_scorer_resmlp_focal,focal
E3|Q05086|O43166,E3|Q05086,E3,Q05086,O43166,UBE3A,SIPA1L1,1,1,1,0.7358611822128296,neural_pair_scorer_resmlp_focal,focal
E3|Q05086|P03372,E3|Q05086,E3,Q05086,P03372,UBE3A,ESR1,1,1,1,0.938965916633606,neural_pair_scorer_resmlp_focal,focal
E3|Q05086|P04083,E3|Q05086,E3,Q05086,P04083,UBE3A,ANXA1,1,1,1,0.3211260735988617,neural_pair_scorer_resmlp_focal,focal
E3|Q05086|P04271,E3|Q05086,E3,Q05086,P04271,UBE3A,S100B,1,1,1,0.022649435326457024,neural_pair_scorer_resmlp_focal,focal
E3|Q05086|P04637,E3|Q05086,E3,Q05086,P04637,UBE3A,TP53,1,1,1,0.9952645301818848,neural_pair_scorer_resmlp_focal,focal
E3|Q05086|P06400,E3|Q05086,E3,Q05086,P06400,UBE3A,RB1,1,1,1,0.1259443461894989,neural_pair_scorer_resmlp_focal,focal
E3|Q05086|P06733,E3|Q05086,E3,Q05086,P06733,UBE3A,ENO1,1,1,1,0.9043998718261719,neural_pair_scorer_resmlp_focal,focal
E3|Q05086|P26045,E3|Q05086,E3,Q05086,P26045,UBE3A,PTPN3,1,1,1,0.8535497188568115,neural_pair_scorer_resmlp_focal,focal
E3|Q05086|P29590,E3|Q05086,E3,Q05086,P29590,UBE3A,PML,1,1,1,0.14616157114505768,neural_pair_scorer_resmlp_focal,focal
E3|Q05086|P33993,E3|Q05086,E3,Q05086,P33993,UBE3A,MCM7,1,1,1,0.08846744894981384,neural_pair_scorer_resmlp_focal,focal
E3|Q05086|P37840,E3|Q05086,E3,Q05086,P37840,UBE3A,SNCA,1,1,1,0.9674479961395264,neural_pair_scorer_resmlp_focal,focal
E3|Q05086|P46527,E3|Q05086,E3,Q05086,P46527,UBE3A,CDKN1B,1,1,1,0.9735389351844788,neural_pair_scorer_resmlp_focal,focal
E3|Q05086|P49715,E3|Q05086,E3,Q05086,P49715,UBE3A,CEBPA,1,1,1,0.8749641180038452,neural_pair_scorer_resmlp_focal,focal
E3|Q05086|P49815,E3|Q05086,E3,Q05086,P49815,UBE3A,TSC2,1,1,1,0.5106835961341858,neural_pair_scorer_resmlp_focal,focal
E3|Q05086|P51451,E3|Q05086,E3,Q05086,P51451,UBE3A,BLK,1,1,1,0.9368899464607239,neural_pair_scorer_resmlp_focal,focal
E3|Q05086|P54725,E3|Q05086,E3,Q05086,P54725,UBE3A,RAD23A,1,1,1,0.22561094164848328,neural_pair_scorer_resmlp_focal,focal
E3|Q05086|P54727,E3|Q05086,E3,Q05086,P54727,UBE3A,RAD23B,1,1,1,0.0843590795993805,neural_pair_scorer_resmlp_focal,focal
E3|Q05086|P54821,E3|Q05086,E3,Q05086,P54821,UBE3A,PRRX1,1,1,1,0.5715773105621338,neural_pair_scorer_resmlp_focal,focal
E3|Q05086|P55036,E3|Q05086,E3,Q05086,P55036,UBE3A,PSMD4,1,1,1,0.050486866384744644,neural_pair_scorer_resmlp_focal,focal
E3|Q05086|P78352,E3|Q05086,E3,Q05086,P78352,UBE3A,DLG4,1,1,1,0.9818626046180725,neural_pair_scorer_resmlp_focal,focal
E3|Q05086|Q05086,E3|Q05086,E3,Q05086,Q05086,UBE3A,UBE3A,1,1,1,0.9909399747848511,neural_pair_scorer_resmlp_focal,focal
E3|Q05086|Q06830,E3|Q05086,E3,Q05086,Q06830,UBE3A,PRDX1,1,1,1,0.5500742793083191,neural_pair_scorer_resmlp_focal,focal
E3|Q05086|Q12959,E3|Q05086,E3,Q05086,Q12959,UBE3A,DLG1,1,1,1,0.9886849522590637,neural_pair_scorer_resmlp_focal,focal
E3|Q05086|Q14160,E3|Q05086,E3,Q05086,Q14160,UBE3A,SCRIB,1,1,1,0.9406272768974304,neural_pair_scorer_resmlp_focal,focal
E3|Q05086|Q15257,E3|Q05086,E3,Q05086,Q15257,UBE3A,PTPA,1,1,1,0.9872817397117615,neural_pair_scorer_resmlp_focal,focal
E3|Q05086|Q15334,E3|Q05086,E3,Q05086,Q15334,UBE3A,LLGL1,1,1,1,0.685941755771637,neural_pair_scorer_resmlp_focal,focal
E3|Q05086|Q16611,E3|Q05086,E3,Q05086,Q16611,UBE3A,BAK1,1,1,1,0.06821178644895554,neural_pair_scorer_resmlp_focal,focal
E3|Q05086|Q8IXH7,E3|Q05086,E3,Q05086,Q8IXH7,UBE3A,NELFCD,1,1,1,0.8881725668907166,neural_pair_scorer_resmlp_focal,focal
E3|Q05086|Q8WTU0,E3|Q05086,E3,Q05086,Q8WTU0,UBE3A,DDI1,1,1,1,0.19862088561058044,neural_pair_scorer_resmlp_focal,focal
E3|Q05086|Q9HD26,E3|Q05086,E3,Q05086,Q9HD26,UBE3A,GOPC,1,1,1,0.7273264527320862,neural_pair_scorer_resmlp_focal,focal
E3|Q05086|Q9Y5K5,E3|Q05086,E3,Q05086,Q9Y5K5,UBE3A,UCHL5,1,1,1,0.8028452396392822,neural_pair_scorer_resmlp_focal,focal
E3|Q05086|Q9Y6Q9,E3|Q05086,E3,Q05086,Q9Y6Q9,UBE3A,NCOA3,1,1,1,0.8045399785041809,neural_pair_scorer_resmlp_focal,focal
E3|Q12834|O60566,E3|Q12834,E3,Q12834,O60566,CDC20,BUB1B,1,1,1,0.9967505931854248,neural_pair_scorer_resmlp_focal,focal
E3|Q12834|O95997,E3|Q12834,E3,Q12834,O95997,CDC20,PTTG1,1,1,1,0.9972805976867676,neural_pair_scorer_resmlp_focal,focal
E3|Q12834|P13762,E3|Q12834,E3,Q12834,P13762,CDC20,HLA-DRB4,1,1,1,0.006314965430647135,neural_pair_scorer_resmlp_focal,focal
E3|Q12834|P14635,E3|Q12834,E3,Q12834,P14635,CDC20,CCNB1,1,1,1,0.9965733289718628,neural_pair_scorer_resmlp_focal,focal
E3|Q12834|P20248,E3|Q12834,E3,Q12834,P20248,CDC20,CCNA2,1,1,1,0.9973479509353638,neural_pair_scorer_resmlp_focal,focal
E3|Q12834|P23497,E3|Q12834,E3,Q12834,P23497,CDC20,SP100,1,1,1,0.9965457320213318,neural_pair_scorer_resmlp_focal,focal
E3|Q12834|P38936,E3|Q12834,E3,Q12834,P38936,CDC20,CDKN1A,1,1,1,0.9966995120048523,neural_pair_scorer_resmlp_focal,focal
E3|Q12834|P46527,E3|Q12834,E3,Q12834,P46527,CDC20,CDKN1B,1,1,1,0.9977684020996094,neural_pair_scorer_resmlp_focal,focal
E3|Q12834|P49454,E3|Q12834,E3,Q12834,P49454,CDC20,CENPF,1,1,1,0.9966642260551453,neural_pair_scorer_resmlp_focal,focal
E3|Q12834|P51955,E3|Q12834,E3,Q12834,P51955,CDC20,NEK2,1,1,1,0.9949946403503418,neural_pair_scorer_resmlp_focal,focal
E3|Q12834|Q01196,E3|Q12834,E3,Q12834,Q01196,CDC20,RUNX1,1,1,1,0.9944656491279602,neural_pair_scorer_resmlp_focal,focal
E3|Q12834|Q03164,E3|Q12834,E3,Q12834,Q03164,CDC20,KMT2A,1,1,1,0.991969645023346,neural_pair_scorer_resmlp_focal,focal
E3|Q12834|Q07820,E3|Q12834,E3,Q12834,Q07820,CDC20,MCL1,1,1,1,0.9931186437606812,neural_pair_scorer_resmlp_focal,focal
E3|Q12834|Q15784,E3|Q12834,E3,Q12834,Q15784,CDC20,NEUROD2,1,1,1,0.9921061992645264,neural_pair_scorer_resmlp_focal,focal
E3|Q12834|Q9H492,E3|Q12834,E3,Q12834,Q9H492,CDC20,MAP1LC3A,1,1,1,0.9890367388725281,neural_pair_scorer_resmlp_focal,focal
E3|Q12834|Q9NS23,E3|Q12834,E3,Q12834,Q9NS23,CDC20,RASSF1,1,1,1,0.056632064282894135,neural_pair_scorer_resmlp_focal,focal
E3|Q12834|Q9UBZ9,E3|Q12834,E3,Q12834,Q9UBZ9,CDC20,REV1,1,1,1,0.9895533323287964,neural_pair_scorer_resmlp_focal,focal
E3|Q12834|Q9UPP1,E3|Q12834,E3,Q12834,Q9UPP1,CDC20,PHF8,1,1,1,0.9908492565155029,neural_pair_scorer_resmlp_focal,focal
E3|Q12834|Q9Y2T1,E3|Q12834,E3,Q12834,Q9Y2T1,CDC20,AXIN2,1,1,1,0.9948117733001709,neural_pair_scorer_resmlp_focal,focal
E3|Q12834|Q9Y4A5,E3|Q12834,E3,Q12834,Q9Y4A5,CDC20,TRRAP,1,1,1,0.9949284791946411,neural_pair_scorer_resmlp_focal,focal
E3|Q13064|P11940,E3|Q13064,E3,Q13064,P11940,MKRN3,PABPC1,1,1,1,0.355903297662735,neural_pair_scorer_resmlp_focal,focal
E3|Q13114|O43318,E3|Q13114,E3,Q13114,O43318,TRAF3,MAP3K7,1,1,1,0.9866427183151245,neural_pair_scorer_resmlp_focal,focal
E3|Q13114|O75385,E3|Q13114,E3,Q13114,O75385,TRAF3,ULK1,1,1,1,0.9805648922920227,neural_pair_scorer_resmlp_focal,focal
E3|Q13114|P63279,E3|Q13114,E3,Q13114,P63279,TRAF3,UBE2I,1,1,1,0.9949786067008972,neural_pair_scorer_resmlp_focal,focal
E3|Q13114|Q14164,E3|Q13114,E3,Q13114,Q14164,TRAF3,IKBKE,1,1,1,0.9929798245429993,neural_pair_scorer_resmlp_focal,focal
E3|Q13114|Q99558,E3|Q13114,E3,Q13114,Q99558,TRAF3,MAP3K14,1,1,1,0.9946638345718384,neural_pair_scorer_resmlp_focal,focal
E3|Q13114|Q9UHD2,E3|Q13114,E3,Q13114,Q9UHD2,TRAF3,TBK1,1,1,1,0.9947741627693176,neural_pair_scorer_resmlp_focal,focal
E3|Q13216|P0DP91,E3|Q13216,E3,Q13216,P0DP91,ERCC8,ERCC6,1,1,1,0.9884445667266846,neural_pair_scorer_resmlp_focal,focal
E3|Q13216|Q03468,E3|Q13216,E3,Q13216,Q03468,ERCC8,ERCC6,1,1,1,0.9870801568031311,neural_pair_scorer_resmlp_focal,focal
E3|Q13501|P00338,E3|Q13501,E3,Q13501,P00338,SQSTM1,LDHA,1,1,1,0.8335654139518738,neural_pair_scorer_resmlp_focal,focal
E3|Q149N8|P12004,E3|Q149N8,E3,Q149N8,P12004,SHPRH,PCNA,1,1,1,0.9785977005958557,neural_pair_scorer_resmlp_focal,focal
E3|Q53G59|O94979,E3|Q53G59,E3,Q53G59,O94979,KLHL12,SEC31A,1,1,1,0.9625197649002075,neural_pair_scorer_resmlp_focal,focal
E3|Q53G59|P14635,E3|Q53G59,E3,Q53G59,P14635,KLHL12,CCNB1,1,1,1,0.9900763630867004,neural_pair_scorer_resmlp_focal,focal
E3|Q53G59|P21917,E3|Q53G59,E3,Q53G59,P21917,KLHL12,DRD4,1,1,1,0.1712767630815506,neural_pair_scorer_resmlp_focal,focal
E3|Q53G59|Q92945,E3|Q53G59,E3,Q53G59,Q92945,KLHL12,KHSRP,1,1,1,0.3411208987236023,neural_pair_scorer_resmlp_focal,focal
E3|Q53G59|Q92997,E3|Q53G59,E3,Q53G59,Q92997,KLHL12,DVL3,1,1,1,0.9534875750541687,neural_pair_scorer_resmlp_focal,focal
E3|Q53G59|Q9C0E8,E3|Q53G59,E3,Q53G59,Q9C0E8,KLHL12,LNPK,1,1,1,0.12694261968135834,neural_pair_scorer_resmlp_focal,focal
E3|Q53G59|Q9NQW1,E3|Q53G59,E3,Q53G59,Q9NQW1,KLHL12,SEC31B,1,1,1,0.944092333316803,neural_pair_scorer_resmlp_focal,focal
E3|Q53G59|Q9UBV8,E3|Q53G59,E3,Q53G59,Q9UBV8,KLHL12,PEF1,1,1,1,0.3052477538585663,neural_pair_scorer_resmlp_focal,focal
E3|Q53GT1|O75140,E3|Q53GT1,E3,Q53GT1,O75140,KLHL22,DEPDC5,1,1,1,0.8547991514205933,neural_pair_scorer_resmlp_focal,focal
E3|Q53GT1|P53350,E3|Q53GT1,E3,Q53GT1,P53350,KLHL22,PLK1,1,1,1,0.9808684587478638,neural_pair_scorer_resmlp_focal,focal
E3|Q5T0T0|P00441,E3|Q5T0T0,E3,Q5T0T0,P00441,MARCHF8,SOD1,1,1,1,0.7390761375427246,neural_pair_scorer_resmlp_focal,focal
E3|Q5T0T0|P01023,E3|Q5T0T0,E3,Q5T0T0,P01023,MARCHF8,A2M,1,1,1,0.5723926424980164,neural_pair_scorer_resmlp_focal,focal
E3|Q5T0T0|P01903,E3|Q5T0T0,E3,Q5T0T0,P01903,MARCHF8,HLA-DRA,1,1,1,0.9801519513130188,neural_pair_scorer_resmlp_focal,focal
E3|Q5T0T0|P01911,E3|Q5T0T0,E3,Q5T0T0,P01911,MARCHF8,HLA-DRB1,1,1,1,0.9658305048942566,neural_pair_scorer_resmlp_focal,focal
E3|Q5T0T0|P01912,E3|Q5T0T0,E3,Q5T0T0,P01912,MARCHF8,HLA-DRB1,1,1,1,0.9658305048942566,neural_pair_scorer_resmlp_focal,focal
E3|Q5T0T0|P02786,E3|Q5T0T0,E3,Q5T0T0,P02786,MARCHF8,TFRC,1,1,1,0.9669384956359863,neural_pair_scorer_resmlp_focal,focal
E3|Q5T0T0|P04229,E3|Q5T0T0,E3,Q5T0T0,P04229,MARCHF8,HLA-DRB1,1,1,1,0.9658305048942566,neural_pair_scorer_resmlp_focal,focal
E3|Q5T0T0|P04233,E3|Q5T0T0,E3,Q5T0T0,P04233,MARCHF8,CD74,1,1,1,0.3106319308280945,neural_pair_scorer_resmlp_focal,focal
E3|Q5T0T0|P08195,E3|Q5T0T0,E3,Q5T0T0,P08195,MARCHF8,SLC3A2,1,1,1,0.9495400190353394,neural_pair_scorer_resmlp_focal,focal
E3|Q5T0T0|P08684,E3|Q5T0T0,E3,Q5T0T0,P08684,MARCHF8,CYP3A4,1,1,1,0.9501419067382812,neural_pair_scorer_resmlp_focal,focal
E3|Q5T0T0|P12830,E3|Q5T0T0,E3,Q5T0T0,P12830,MARCHF8,CDH1,1,1,1,0.9603604078292847,neural_pair_scorer_resmlp_focal,focal
E3|Q5T0T0|P13760,E3|Q5T0T0,E3,Q5T0T0,P13760,MARCHF8,HLA-DRB1,1,1,1,0.9658305048942566,neural_pair_scorer_resmlp_focal,focal
E3|Q5T0T0|P13761,E3|Q5T0T0,E3,Q5T0T0,P13761,MARCHF8,HLA-DRB1,1,1,1,0.9658305048942566,neural_pair_scorer_resmlp_focal,focal
E3|Q5T0T0|P13762,E3|Q5T0T0,E3,Q5T0T0,P13762,MARCHF8,HLA-DRB4,1,1,1,0.9682163596153259,neural_pair_scorer_resmlp_focal,focal
E3|Q5T0T0|P20039,E3|Q5T0T0,E3,Q5T0T0,P20039,MARCHF8,HLA-DRB1,1,1,1,0.9658305048942566,neural_pair_scorer_resmlp_focal,focal
E3|Q5T0T0|P33076,E3|Q5T0T0,E3,Q5T0T0,P33076,MARCHF8,CIITA,1,1,1,0.981813907623291,neural_pair_scorer_resmlp_focal,focal
E3|Q5T0T0|P42081,E3|Q5T0T0,E3,Q5T0T0,P42081,MARCHF8,CD86,1,1,1,0.9799509048461914,neural_pair_scorer_resmlp_focal,focal
E3|Q5T0T0|P49327,E3|Q5T0T0,E3,Q5T0T0,P49327,MARCHF8,FASN,1,1,1,0.9070929884910583,neural_pair_scorer_resmlp_focal,focal
E3|Q5T0T0|P54252,E3|Q5T0T0,E3,Q5T0T0,P54252,MARCHF8,ATXN3,1,1,1,0.871383011341095,neural_pair_scorer_resmlp_focal,focal
E3|Q5T0T0|P79483,E3|Q5T0T0,E3,Q5T0T0,P79483,MARCHF8,HLA-DRB3,1,1,1,0.9626993536949158,neural_pair_scorer_resmlp_focal,focal
E3|Q5T0T0|Q29974,E3|Q5T0T0,E3,Q5T0T0,Q29974,MARCHF8,HLA-DRB1,1,1,1,0.9658305048942566,neural_pair_scorer_resmlp_focal,focal
E3|Q5T0T0|Q30134,E3|Q5T0T0,E3,Q5T0T0,Q30134,MARCHF8,HLA-DRB1,1,1,1,0.9658305048942566,neural_pair_scorer_resmlp_focal,focal
E3|Q5T0T0|Q30154,E3|Q5T0T0,E3,Q5T0T0,Q30154,MARCHF8,HLA-DRB5,1,1,1,0.9725217819213867,neural_pair_scorer_resmlp_focal,focal
E3|Q5T0T0|Q30167,E3|Q5T0T0,E3,Q5T0T0,Q30167,MARCHF8,HLA-DRB1,1,1,1,0.9658305048942566,neural_pair_scorer_resmlp_focal,focal
E3|Q5T0T0|Q5Y7A7,E3|Q5T0T0,E3,Q5T0T0,Q5Y7A7,MARCHF8,HLA-DRB1,1,1,1,0.9658305048942566,neural_pair_scorer_resmlp_focal,focal
E3|Q5T0T0|Q7Z434,E3|Q5T0T0,E3,Q5T0T0,Q7Z434,MARCHF8,MAVS,1,1,1,0.8868571519851685,neural_pair_scorer_resmlp_focal,focal
E3|Q5T0T0|Q95IE3,E3|Q5T0T0,E3,Q5T0T0,Q95IE3,MARCHF8,HLA-DRB1,1,1,1,0.9658305048942566,neural_pair_scorer_resmlp_focal,focal
E3|Q5T0T0|Q9GIY3,E3|Q5T0T0,E3,Q5T0T0,Q9GIY3,MARCHF8,HLA-DRB1,1,1,1,0.9658305048942566,neural_pair_scorer_resmlp_focal,focal
E3|Q5T0T0|Q9NPH3,E3|Q5T0T0,E3,Q5T0T0,Q9NPH3,MARCHF8,IL1RAP,1,1,1,0.9687157869338989,neural_pair_scorer_resmlp_focal,focal
E3|Q5T0T0|Q9NZQ7,E3|Q5T0T0,E3,Q5T0T0,Q9NZQ7,MARCHF8,CD274,1,1,1,0.9852327704429626,neural_pair_scorer_resmlp_focal,focal
E3|Q5T0T0|Q9TQE0,E3|Q5T0T0,E3,Q5T0T0,Q9TQE0,MARCHF8,HLA-DRB1,1,1,1,0.9658305048942566,neural_pair_scorer_resmlp_focal,focal
E3|Q5TA31|P46937,E3|Q5TA31,E3,Q5TA31,P46937,RNF187,YAP1,1,1,1,0.9854377508163452,neural_pair_scorer_resmlp_focal,focal
E3|Q5TC82|Q9Y6W8,E3|Q5TC82,E3,Q5TC82,Q9Y6W8,RC3H1,ICOS,1,1,1,0.041201189160346985,neural_pair_scorer_resmlp_focal,focal
E3|Q5XPI4|O14641,E3|Q5XPI4,E3,Q5XPI4,O14641,RNF123,DVL2,1,1,1,0.9342840909957886,neural_pair_scorer_resmlp_focal,focal
E3|Q5XPI4|P19838,E3|Q5XPI4,E3,Q5XPI4,P19838,RNF123,NFKB1,1,1,1,0.9809689521789551,neural_pair_scorer_resmlp_focal,focal
E3|Q5XPI4|P45973,E3|Q5XPI4,E3,Q5XPI4,P45973,RNF123,CBX5,1,1,1,0.03827853873372078,neural_pair_scorer_resmlp_focal,focal
E3|Q5XPI4|P46527,E3|Q5XPI4,E3,Q5XPI4,P46527,RNF123,CDKN1B,1,1,1,0.8730942010879517,neural_pair_scorer_resmlp_focal,focal
E3|Q5XPI4|P83916,E3|Q5XPI4,E3,Q5XPI4,P83916,RNF123,CBX1,1,1,1,0.031434182077646255,neural_pair_scorer_resmlp_focal,focal
E3|Q5XPI4|Q16589,E3|Q5XPI4,E3,Q5XPI4,Q16589,RNF123,CCNG2,1,1,1,0.038698554039001465,neural_pair_scorer_resmlp_focal,focal
E3|Q68DV7|Q13467,E3|Q68DV7,E3,Q68DV7,Q13467,RNF43,FZD5,1,1,1,0.6886191368103027,neural_pair_scorer_resmlp_focal,focal
E3|Q68DV7|Q68DV7,E3|Q68DV7,E3,Q68DV7,Q68DV7,RNF43,RNF43,1,1,1,0.9847788214683533,neural_pair_scorer_resmlp_focal,focal
E3|Q68DV7|Q9ULX6,E3|Q68DV7,E3,Q68DV7,Q9ULX6,RNF43,AKAP8L,1,1,1,0.15993636846542358,neural_pair_scorer_resmlp_focal,focal
E3|Q6TDP4|Q13002,E3|Q6TDP4,E3,Q6TDP4,Q13002,KLHL17,GRIK2,1,1,1,0.061133820563554764,neural_pair_scorer_resmlp_focal,focal
E3|Q6VVB1|B3EWF7,E3|Q6VVB1,E3,Q6VVB1,B3EWF7,NHLRC1,EPM2A,1,1,1,0.05371193587779999,neural_pair_scorer_resmlp_focal,focal
E3|Q6VVB1|O14641,E3|Q6VVB1,E3,Q6VVB1,O14641,NHLRC1,DVL2,1,1,1,0.9703013300895691,neural_pair_scorer_resmlp_focal,focal
E3|Q6VVB1|O95278,E3|Q6VVB1,E3,Q6VVB1,O95278,NHLRC1,EPM2A,1,1,1,0.9636920690536499,neural_pair_scorer_resmlp_focal,focal
E3|Q6VVB1|P35573,E3|Q6VVB1,E3,Q6VVB1,P35573,NHLRC1,AGL,1,1,1,0.13826528191566467,neural_pair_scorer_resmlp_focal,focal
E3|Q6VVB1|Q9UQK1,E3|Q6VVB1,E3,Q6VVB1,Q9UQK1,NHLRC1,PPP1R3C,1,1,1,0.12986987829208374,neural_pair_scorer_resmlp_focal,focal
E3|Q6ZN04|O95149,E3|Q6ZN04,E3,Q6ZN04,O95149,MEX3B,SNUPN,1,1,1,0.5697988867759705,neural_pair_scorer_resmlp_focal,focal
E3|Q6ZW49|P12004,E3|Q6ZW49,E3,Q6ZW49,P12004,PAXIP1,PCNA,1,1,1,0.9793307185173035,neural_pair_scorer_resmlp_focal,focal
E3|Q7Z6E9|P62993,E3|Q7Z6E9,E3,Q7Z6E9,P62993,RBBP6,GRB2,1,1,1,0.05225539579987526,neural_pair_scorer_resmlp_focal,focal
E3|Q7Z6E9|P67809,E3|Q7Z6E9,E3,Q7Z6E9,P67809,RBBP6,YBX1,1,1,1,0.992088258266449,neural_pair_scorer_resmlp_focal,focal
E3|Q7Z6E9|Q8NAP3,E3|Q7Z6E9,E3,Q7Z6E9,Q8NAP3,RBBP6,ZBTB38,1,1,1,0.9381190538406372,neural_pair_scorer_resmlp_focal,focal
E3|Q7Z6M2|O00303,E3|Q7Z6M2,E3,Q7Z6M2,O00303,FBXO33,EIF3F,1,1,1,0.980164110660553,neural_pair_scorer_resmlp_focal,focal
E3|Q7Z6M2|P67809,E3|Q7Z6M2,E3,Q7Z6M2,P67809,FBXO33,YBX1,1,1,1,0.32306545972824097,neural_pair_scorer_resmlp_focal,focal
E3|Q86T96|O95388,E3|Q86T96,E3,Q86T96,O95388,RNF180,CCN4,1,1,1,0.021448347717523575,neural_pair_scorer_resmlp_focal,focal
E3|Q86T96|O95409,E3|Q86T96,E3,Q86T96,O95409,RNF180,ZIC2,1,1,1,0.05713578313589096,neural_pair_scorer_resmlp_focal,focal
E3|Q86T96|P08134,E3|Q86T96,E3,Q86T96,P08134,RNF180,RHOC,1,1,1,0.5675820708274841,neural_pair_scorer_resmlp_focal,focal
E3|Q86T96|Q9NYY3,E3|Q86T96,E3,Q86T96,Q9NYY3,RNF180,PLK2,1,1,1,0.9661608934402466,neural_pair_scorer_resmlp_focal,focal
E3|Q86YT6|O00548,E3|Q86YT6,E3,Q86YT6,O00548,MIB1,DLL1,1,1,1,0.4124138653278351,neural_pair_scorer_resmlp_focal,focal
E3|Q86YT6|O15078,E3|Q86YT6,E3,Q86YT6,O15078,MIB1,CEP290,1,1,1,0.4579874575138092,neural_pair_scorer_resmlp_focal,focal
E3|Q86YT6|P53355,E3|Q86YT6,E3,Q86YT6,P53355,MIB1,DAPK1,1,1,1,0.8515768051147461,neural_pair_scorer_resmlp_focal,focal
E3|Q86YT6|P54132,E3|Q86YT6,E3,Q86YT6,P54132,MIB1,BLM,1,1,1,0.9460034370422363,neural_pair_scorer_resmlp_focal,focal
E3|Q86YT6|P78504,E3|Q86YT6,E3,Q86YT6,P78504,MIB1,JAG1,1,1,1,0.24651159346103668,neural_pair_scorer_resmlp_focal,focal
E3|Q86YT6|Q15154,E3|Q86YT6,E3,Q86YT6,Q15154,MIB1,PCM1,1,1,1,0.24194782972335815,neural_pair_scorer_resmlp_focal,focal
E3|Q86YT6|Q16637,E3|Q86YT6,E3,Q86YT6,Q16637,MIB1,SMN1,1,1,1,0.13379983603954315,neural_pair_scorer_resmlp_focal,focal
E3|Q86YT6|Q86YT6,E3|Q86YT6,E3,Q86YT6,Q86YT6,MIB1,MIB1,1,1,1,0.9945811629295349,neural_pair_scorer_resmlp_focal,focal
E3|Q86YT6|Q9HCM4,E3|Q86YT6,E3,Q86YT6,Q9HCM4,MIB1,EPB41L5,1,1,1,0.8806228637695312,neural_pair_scorer_resmlp_focal,focal
E3|Q86YT6|Q9NR61,E3|Q86YT6,E3,Q86YT6,Q9NR61,MIB1,DLL4,1,1,1,0.39399176836013794,neural_pair_scorer_resmlp_focal,focal
E3|Q86YT6|Q9NYJ7,E3|Q86YT6,E3,Q86YT6,Q9NYJ7,MIB1,DLL3,1,1,1,0.5163457989692688,neural_pair_scorer_resmlp_focal,focal
E3|Q86YT6|Q9UHD2,E3|Q86YT6,E3,Q86YT6,Q9UHD2,MIB1,TBK1,1,1,1,0.9760885238647461,neural_pair_scorer_resmlp_focal,focal
E3|Q86YT6|Q9UNE0,E3|Q86YT6,E3,Q86YT6,Q9UNE0,MIB1,EDAR,1,1,1,0.9827919602394104,neural_pair_scorer_resmlp_focal,focal
E3|Q86YT6|Q9UPN4,E3|Q86YT6,E3,Q86YT6,Q9UPN4,MIB1,CEP131,1,1,1,0.04199518635869026,neural_pair_scorer_resmlp_focal,focal
E3|Q8IXQ5|Q9H6E5,E3|Q8IXQ5,E3,Q8IXQ5,Q9H6E5,KLHL7,TUT1,1,1,1,0.7696027159690857,neural_pair_scorer_resmlp_focal,focal
E3|Q8IYM9|P19838,E3|Q8IYM9,E3,Q8IYM9,P19838,TRIM22,NFKB1,1,1,1,0.5875903964042664,neural_pair_scorer_resmlp_focal,focal
E3|Q8IYM9|Q14653,E3|Q8IYM9,E3,Q8IYM9,Q14653,TRIM22,IRF3,1,1,1,0.9936550855636597,neural_pair_scorer_resmlp_focal,focal
E3|Q8IYM9|Q8IYM9,E3|Q8IYM9,E3,Q8IYM9,Q8IYM9,TRIM22,TRIM22,1,1,1,0.9931493401527405,neural_pair_scorer_resmlp_focal,focal
E3|Q8IYW5|O75164,E3|Q8IYW5,E3,Q8IYW5,O75164,RNF168,KDM4A,1,1,1,0.980402946472168,neural_pair_scorer_resmlp_focal,focal
E3|Q8IYW5|O75367,E3|Q8IYW5,E3,Q8IYW5,O75367,RNF168,MACROH2A1,1,1,1,0.9968722462654114,neural_pair_scorer_resmlp_focal,focal
E3|Q8IYW5|P08134,E3|Q8IYW5,E3,Q8IYW5,P08134,RNF168,RHOC,1,1,1,0.8797077536582947,neural_pair_scorer_resmlp_focal,focal
E3|Q8IYW5|P0C0S5,E3|Q8IYW5,E3,Q8IYW5,P0C0S5,RNF168,H2AZ1,1,1,1,0.9972142577171326,neural_pair_scorer_resmlp_focal,focal
E3|Q8IYW5|P0C0S8,E3|Q8IYW5,E3,Q8IYW5,P0C0S8,RNF168,H2AC11,1,1,1,0.9974579215049744,neural_pair_scorer_resmlp_focal,focal
E3|Q8IYW5|P16104,E3|Q8IYW5,E3,Q8IYW5,P16104,RNF168,H2AX,1,1,1,0.9975783228874207,neural_pair_scorer_resmlp_focal,focal
E3|Q8IYW5|Q16777,E3|Q8IYW5,E3,Q8IYW5,Q16777,RNF168,H2AC20,1,1,1,0.9975117444992065,neural_pair_scorer_resmlp_focal,focal
E3|Q8IYW5|Q6FI13,E3|Q8IYW5,E3,Q8IYW5,Q6FI13,RNF168,H2AC18,1,1,1,0.9974767565727234,neural_pair_scorer_resmlp_focal,focal
E3|Q8IYW5|Q8IYW5,E3|Q8IYW5,E3,Q8IYW5,Q8IYW5,RNF168,RNF168,1,1,1,0.9957892298698425,neural_pair_scorer_resmlp_focal,focal
E3|Q8IYW5|Q9P0M6,E3|Q8IYW5,E3,Q8IYW5,Q9P0M6,RNF168,MACROH2A2,1,1,1,0.9961929321289062,neural_pair_scorer_resmlp_focal,focal
E3|Q8N1E6|O43623,E3|Q8N1E6,E3,Q8N1E6,O43623,FBXL14,SNAI2,1,1,1,0.9849908947944641,neural_pair_scorer_resmlp_focal,focal
E3|Q8N1E6|O95863,E3|Q8N1E6,E3,Q8N1E6,O95863,FBXL14,SNAI1,1,1,1,0.992867112159729,neural_pair_scorer_resmlp_focal,focal
E3|Q8N1E6|Q15672,E3|Q8N1E6,E3,Q8N1E6,Q15672,FBXL14,TWIST1,1,1,1,0.9585217833518982,neural_pair_scorer_resmlp_focal,focal
E3|Q8N1E6|Q16828,E3|Q8N1E6,E3,Q8N1E6,Q16828,FBXL14,DUSP6,1,1,1,0.03450187295675278,neural_pair_scorer_resmlp_focal,focal
E3|Q8N1E6|Q9H5V8,E3|Q8N1E6,E3,Q8N1E6,Q9H5V8,FBXL14,CDCP1,1,1,1,0.020657386630773544,neural_pair_scorer_resmlp_focal,focal
E3|Q8N3Y1|P18065,E3|Q8N3Y1,E3,Q8N3Y1,P18065,FBXW8,IGFBP2,1,1,1,0.012619642540812492,neural_pair_scorer_resmlp_focal,focal
E3|Q8N3Y1|P24385,E3|Q8N3Y1,E3,Q8N3Y1,P24385,FBXW8,CCND1,1,1,1,0.9953172206878662,neural_pair_scorer_resmlp_focal,focal
E3|Q8N3Y1|P35568,E3|Q8N3Y1,E3,Q8N3Y1,P35568,FBXW8,IRS1,1,1,1,0.972418487071991,neural_pair_scorer_resmlp_focal,focal
E3|Q8N3Y1|Q8IZP1,E3|Q8N3Y1,E3,Q8N3Y1,Q8IZP1,FBXW8,TBC1D3,1,1,1,0.30904561281204224,neural_pair_scorer_resmlp_focal,focal
E3|Q8N3Y1|Q92918,E3|Q8N3Y1,E3,Q8N3Y1,Q92918,FBXW8,MAP4K1,1,1,1,0.04414122924208641,neural_pair_scorer_resmlp_focal,focal
E3|Q8N3Y1|Q9BQQ3,E3|Q8N3Y1,E3,Q8N3Y1,Q9BQQ3,FBXW8,GORASP1,1,1,1,0.892544686794281,neural_pair_scorer_resmlp_focal,focal
E3|Q8NCQ5|P08183,E3|Q8NCQ5,E3,Q8NCQ5,P08183,FBXO15,ABCB1,1,1,1,0.03433939814567566,neural_pair_scorer_resmlp_focal,focal
E3|Q8NCQ5|Q9UJA2,E3|Q8NCQ5,E3,Q8NCQ5,Q9UJA2,FBXO15,CRLS1,1,1,1,0.0047063324600458145,neural_pair_scorer_resmlp_focal,focal
E3|Q8NFZ0|P30153,E3|Q8NFZ0,E3,Q8NFZ0,P30153,FBXO18,RAD51,1,1,1,0.9941546320915222,neural_pair_scorer_resmlp_focal,focal
E3|Q8NFZ0|P84077,E3|Q8NFZ0,E3,Q8NFZ0,P84077,FBH1,ARF1,1,1,1,0.06359934061765671,neural_pair_scorer_resmlp_focal,focal
E3|Q8NFZ0|Q06609,E3|Q8NFZ0,E3,Q8NFZ0,Q06609,FBH1,RAD51,1,1,1,0.9580097198486328,neural_pair_scorer_resmlp_focal,focal
E3|Q8NFZ0|Q8NFZ0,E3|Q8NFZ0,E3,Q8NFZ0,Q8NFZ0,FBXO18,FBXO18,1,1,1,0.9864124059677124,neural_pair_scorer_resmlp_focal,focal
E3|Q8NG06|O14576,E3|Q8NG06,E3,Q8NG06,O14576,TRIM58,DYNC1I1,1,1,1,0.31743621826171875,neural_pair_scorer_resmlp_focal,focal
E3|Q8NG06|O43237,E3|Q8NG06,E3,Q8NG06,O43237,TRIM58,DYNC1LI2,1,1,1,0.8421245217323303,neural_pair_scorer_resmlp_focal,focal
E3|Q8NHY2|O00399,E3|Q8NHY2,E3,Q8NHY2,O00399,COP1,DCTN6,1,1,1,0.9746943116188049,neural_pair_scorer_resmlp_focal,focal
E3|Q8NHY2|O00763,E3|Q8NHY2,E3,Q8NHY2,O00763,COP1,ACACB,1,1,1,0.80711430311203,neural_pair_scorer_resmlp_focal,focal
E3|Q8NHY2|P03956,E3|Q8NHY2,E3,Q8NHY2,P03956,COP1,MMP1,1,1,1,0.006699434481561184,neural_pair_scorer_resmlp_focal,focal
E3|Q8NHY2|P04637,E3|Q8NHY2,E3,Q8NHY2,P04637,COP1,TP53,1,1,1,0.9972770810127258,neural_pair_scorer_resmlp_focal,focal
E3|Q8NHY2|P05412,E3|Q8NHY2,E3,Q8NHY2,P05412,COP1,JUN,1,1,1,0.9952693581581116,neural_pair_scorer_resmlp_focal,focal
E3|Q8NHY2|P14635,E3|Q8NHY2,E3,Q8NHY2,P14635,RFWD2,CDKN1B,1,1,1,0.9959419369697571,neural_pair_scorer_resmlp_focal,focal
E3|Q8NHY2|P21589,E3|Q8NHY2,E3,Q8NHY2,P21589,COP1,NT5E,1,1,1,0.0074595240876078606,neural_pair_scorer_resmlp_focal,focal
E3|Q8NHY2|P31947,E3|Q8NHY2,E3,Q8NHY2,P31947,COP1,SFN,1,1,1,0.9617385864257812,neural_pair_scorer_resmlp_focal,focal
E3|Q8NHY2|P35222,E3|Q8NHY2,E3,Q8NHY2,P35222,COP1,CTNNB1,1,1,1,0.9941697120666504,neural_pair_scorer_resmlp_focal,focal
E3|Q8NHY2|P40763,E3|Q8NHY2,E3,Q8NHY2,P40763,COP1,STAT3,1,1,1,0.9845592379570007,neural_pair_scorer_resmlp_focal,focal
E3|Q8NHY2|P41161,E3|Q8NHY2,E3,Q8NHY2,P41161,COP1,ETV5,1,1,1,0.9952227473258972,neural_pair_scorer_resmlp_focal,focal
E3|Q8NHY2|P43268,E3|Q8NHY2,E3,Q8NHY2,P43268,COP1,ETV4,1,1,1,0.991672694683075,neural_pair_scorer_resmlp_focal,focal
E3|Q8NHY2|P46527,E3|Q8NHY2,E3,Q8NHY2,P46527,COP1,CDKN1B,1,1,1,0.9930760860443115,neural_pair_scorer_resmlp_focal,focal
E3|Q8NHY2|P48431,E3|Q8NHY2,E3,Q8NHY2,P48431,COP1,SOX2,1,1,1,0.9927157759666443,neural_pair_scorer_resmlp_focal,focal
E3|Q8NHY2|P50549,E3|Q8NHY2,E3,Q8NHY2,P50549,COP1,ETV1,1,1,1,0.9964357614517212,neural_pair_scorer_resmlp_focal,focal
E3|Q8NHY2|P50991,E3|Q8NHY2,E3,Q8NHY2,P50991,COP1,CCT4,1,1,1,0.4702396094799042,neural_pair_scorer_resmlp_focal,focal
E3|Q8NHY2|P98177,E3|Q8NHY2,E3,Q8NHY2,P98177,COP1,FOXO4,1,1,1,0.995032548904419,neural_pair_scorer_resmlp_focal,focal
E3|Q8NHY2|Q13085,E3|Q8NHY2,E3,Q8NHY2,Q13085,COP1,ACACA,1,1,1,0.8597013354301453,neural_pair_scorer_resmlp_focal,focal
E3|Q8NHY2|Q13330,E3|Q8NHY2,E3,Q8NHY2,Q13330,COP1,MTA1,1,1,1,0.9911649823188782,neural_pair_scorer_resmlp_focal,focal
E3|Q8NHY2|Q53ET0,E3|Q8NHY2,E3,Q8NHY2,Q53ET0,COP1,CRTC2,1,1,1,0.9916227459907532,neural_pair_scorer_resmlp_focal,focal
E3|Q8NHY2|Q6UUV9,E3|Q8NHY2,E3,Q8NHY2,Q6UUV9,COP1,CRTC1,1,1,1,0.9930451512336731,neural_pair_scorer_resmlp_focal,focal
E3|Q8NHY2|Q8NHY2,E3|Q8NHY2,E3,Q8NHY2,Q8NHY2,COP1,COP1,1,1,1,0.9947417974472046,neural_pair_scorer_resmlp_focal,focal
E3|Q8NHY2|Q96EB6,E3|Q8NHY2,E3,Q8NHY2,Q96EB6,COP1,SIRT1,1,1,1,0.9182542562484741,neural_pair_scorer_resmlp_focal,focal
E3|Q8TE67|O43623,E3|Q8TE67,E3,Q8TE67,O43623,EPS8L3,SNAI2,1,1,1,0.017472345381975174,neural_pair_scorer_resmlp_focal,focal
E3|Q8TEB1|P03427,E3|Q8TEB1,E3,Q8TEB1,P03427,DCAF11,PB2,1,1,1,0.8061941266059875,neural_pair_scorer_resmlp_focal,focal
E3|Q8TEB1|Q13263,E3|Q8TEB1,E3,Q8TEB1,Q13263,DCAF11,TRIM28,1,1,1,0.683856189250946,neural_pair_scorer_resmlp_focal,focal
E3|Q8TEB1|Q16236,E3|Q8TEB1,E3,Q8TEB1,Q16236,DCAF11,NFE2L2,1,1,1,0.9956513047218323,neural_pair_scorer_resmlp_focal,focal
E3|Q8TEB1|Q17RS7,E3|Q8TEB1,E3,Q8TEB1,Q17RS7,DCAF11,GEN1,1,1,1,0.9432776570320129,neural_pair_scorer_resmlp_focal,focal
E3|Q8WU17|O15503,E3|Q8WU17,E3,Q8WU17,O15503,RNF139,INSIG1,1,1,1,0.8375412821769714,neural_pair_scorer_resmlp_focal,focal
E3|Q8WU17|Q8WU17,E3|Q8WU17,E3,Q8WU17,Q8WU17,RNF139,RNF139,1,1,1,0.9852824211120605,neural_pair_scorer_resmlp_focal,focal
E3|Q8WV16|Q96CV9,E3|Q8WV16,E3,Q8WV16,Q96CV9,DCAF4,OPTN,1,1,1,0.8116515874862671,neural_pair_scorer_resmlp_focal,focal
E3|Q8WV16|Q9NRC1,E3|Q8WV16,E3,Q8WV16,Q9NRC1,DCAF4,ST7,1,1,1,0.025546345859766006,neural_pair_scorer_resmlp_focal,focal
E3|Q8WV44|O95999,E3|Q8WV44,E3,Q8WV44,O95999,TRIM41,BCL10,1,1,1,0.1494271606206894,neural_pair_scorer_resmlp_focal,focal
E3|Q8WV44|P05771,E3|Q8WV44,E3,Q8WV44,P05771,TRIM41,PRKCB,1,1,1,0.9828559756278992,neural_pair_scorer_resmlp_focal,focal
E3|Q8WV44|Q02156,E3|Q8WV44,E3,Q8WV44,Q02156,TRIM41,PRKCE,1,1,1,0.9494967460632324,neural_pair_scorer_resmlp_focal,focal
E3|Q8WV44|Q8N884,E3|Q8WV44,E3,Q8WV44,Q8N884,TRIM41,CGAS,1,1,1,0.9809281229972839,neural_pair_scorer_resmlp_focal,focal
E3|Q8WV44|Q9Y5A6,E3|Q8WV44,E3,Q8WV44,Q9Y5A6,TRIM41,ZSCAN21,1,1,1,0.9862366914749146,neural_pair_scorer_resmlp_focal,focal
E3|Q8WXH5|O75553,E3|Q8WXH5,E3,Q8WXH5,O75553,SOCS4,DAB1,1,1,1,0.9910477995872498,neural_pair_scorer_resmlp_focal,focal
E3|Q8WY64|P01130,E3|Q8WY64,E3,Q8WY64,P01130,MYLIP,LDLR,1,1,1,0.009661443531513214,neural_pair_scorer_resmlp_focal,focal
E3|Q8WY64|P98155,E3|Q8WY64,E3,Q8WY64,P98155,MYLIP,VLDLR,1,1,1,0.009378806687891483,neural_pair_scorer_resmlp_focal,focal
E3|Q8WY64|Q14114,E3|Q8WY64,E3,Q8WY64,Q14114,MYLIP,LRP8,1,1,1,0.012277974747121334,neural_pair_scorer_resmlp_focal,focal
E3|Q8WY64|Q8WY64,E3|Q8WY64,E3,Q8WY64,Q8WY64,MYLIP,MYLIP,1,1,1,0.995022177696228,neural_pair_scorer_resmlp_focal,focal
E3|Q8WZ19|P61586,E3|Q8WZ19,E3,Q8WZ19,P61586,KCTD13,RHOA,1,1,1,0.9911518692970276,neural_pair_scorer_resmlp_focal,focal
E3|Q96BH1|Q969F2,E3|Q96BH1,E3,Q96BH1,Q969F2,RNF25,NKD2,1,1,1,0.9220263957977295,neural_pair_scorer_resmlp_focal,focal
E3|Q96MT1|P04035,E3|Q96MT1,E3,Q96MT1,P04035,RNF145,HMGCR,1,1,1,0.9502240419387817,neural_pair_scorer_resmlp_focal,focal
E3|Q96S21|P63244,E3|Q96S21,E3,Q96S21,P63244,RAB40C,RACK1,1,1,1,0.9500247240066528,neural_pair_scorer_resmlp_focal,focal
E3|Q99728|P03372,E3|Q99728,E3,Q99728,P03372,BARD1,ESR1,1,1,1,0.9968339800834656,neural_pair_scorer_resmlp_focal,focal
E3|Q99728|P16104,E3|Q99728,E3,Q99728,P16104,BARD1,H2AX,1,1,1,0.9900280833244324,neural_pair_scorer_resmlp_focal,focal
E3|Q99728|P24928,E3|Q99728,E3,Q99728,P24928,BARD1,POLR2A,1,1,1,0.9945756196975708,neural_pair_scorer_resmlp_focal,focal
E3|Q99728|P38398,E3|Q99728,E3,Q99728,P38398,BARD1,BRCA1,1,1,1,0.9911195635795593,neural_pair_scorer_resmlp_focal,focal
E3|Q99728|P52434,E3|Q99728,E3,Q99728,P52434,BARD1,POLR2H,1,1,1,0.9822176098823547,neural_pair_scorer_resmlp_focal,focal
E3|Q9BUZ4|O14757,E3|Q9BUZ4,E3,Q9BUZ4,O14757,TRAF4,CHEK1,1,1,1,0.9964564442634583,neural_pair_scorer_resmlp_focal,focal
E3|Q9BUZ4|P04629,E3|Q9BUZ4,E3,Q9BUZ4,P04629,TRAF4,NTRK1,1,1,1,0.620296835899353,neural_pair_scorer_resmlp_focal,focal
E3|Q9BUZ4|P31749,E3|Q9BUZ4,E3,Q9BUZ4,P31749,TRAF4,AKT1,1,1,1,0.9964737296104431,neural_pair_scorer_resmlp_focal,focal
E3|Q9BUZ4|P35568,E3|Q9BUZ4,E3,Q9BUZ4,P35568,TRAF4,IRS1,1,1,1,0.9526910781860352,neural_pair_scorer_resmlp_focal,focal
E3|Q9BUZ4|Q9HAU4,E3|Q9BUZ4,E3,Q9BUZ4,Q9HAU4,TRAF4,SMURF2,1,1,1,0.8875203728675842,neural_pair_scorer_resmlp_focal,focal
E3|Q9C019|P02647,E3|Q9C019,E3,Q9C019,P02647,TRIM15,APOA1,1,1,1,0.01212941575795412,neural_pair_scorer_resmlp_focal,focal
E3|Q9C026|P50552,E3|Q9C026,E3,Q9C026,P50552,TRIM9,VASP,1,1,1,0.9922574758529663,neural_pair_scorer_resmlp_focal,focal
E3|Q9C026|Q9C026,E3|Q9C026,E3,Q9C026,Q9C026,TRIM9,TRIM9,1,1,1,0.9939694404602051,neural_pair_scorer_resmlp_focal,focal
E3|Q9C029|Q04206,E3|Q9C029,E3,Q9C029,Q04206,TRIM7,RELA,1,1,1,0.9920742511749268,neural_pair_scorer_resmlp_focal,focal
E3|Q9C029|Q9HCU9,E3|Q9C029,E3,Q9C029,Q9HCU9,TRIM7,BRMS1,1,1,1,0.9596019387245178,neural_pair_scorer_resmlp_focal,focal
E3|Q9C037|O95786,E3|Q9C037,E3,Q9C037,O95786,TRIM4,DDX58,1,1,1,0.9839406609535217,neural_pair_scorer_resmlp_focal,focal
E3|Q9C037|Q7Z2W7,E3|Q9C037,E3,Q9C037,Q7Z2W7,TRIM4,TRPM8,1,1,1,0.012542747892439365,neural_pair_scorer_resmlp_focal,focal
E3|Q9H0H3|Q13541,E3|Q9H0H3,E3,Q9H0H3,Q13541,KLHL25,EIF4EBP1,1,1,1,0.048743002116680145,neural_pair_scorer_resmlp_focal,focal
E3|Q9H0M0|O14641,E3|Q9H0M0,E3,Q9H0M0,O14641,WWP1,DVL2,1,1,1,0.9751268625259399,neural_pair_scorer_resmlp_focal,focal
E3|Q9H0M0|O14681,E3|Q9H0M0,E3,Q9H0M0,O14681,WWP1,EI24,1,1,1,0.5137282013893127,neural_pair_scorer_resmlp_focal,focal
E3|Q9H0M0|O15105,E3|Q9H0M0,E3,Q9H0M0,O15105,WWP1,SMAD7,1,1,1,0.9870128035545349,neural_pair_scorer_resmlp_focal,focal
E3|Q9H0M0|O43541,E3|Q9H0M0,E3,Q9H0M0,O43541,WWP1,SMAD6,1,1,1,0.9803840517997742,neural_pair_scorer_resmlp_focal,focal
E3|Q9H0M0|O95835,E3|Q9H0M0,E3,Q9H0M0,O95835,WWP1,LATS1,1,1,1,0.8169663548469543,neural_pair_scorer_resmlp_focal,focal
E3|Q9H0M0|P00533,E3|Q9H0M0,E3,Q9H0M0,P00533,WWP1,EGFR,1,1,1,0.9866786599159241,neural_pair_scorer_resmlp_focal,focal
E3|Q9H0M0|P03345,E3|Q9H0M0,E3,Q9H0M0,P03345,WWP1,gag,1,1,1,0.023279806599020958,neural_pair_scorer_resmlp_focal,focal
E3|Q9H0M0|P04637,E3|Q9H0M0,E3,Q9H0M0,P04637,WWP1,TP53,1,1,1,0.9969411492347717,neural_pair_scorer_resmlp_focal,focal
E3|Q9H0M0|P0C209,E3|Q9H0M0,E3,Q9H0M0,P0C209,WWP1,gag,1,1,1,0.023556513711810112,neural_pair_scorer_resmlp_focal,focal
E3|Q9H0M0|P14076,E3|Q9H0M0,E3,Q9H0M0,P14076,WWP1,gag,1,1,1,0.023310940712690353,neural_pair_scorer_resmlp_focal,focal
E3|Q9H0M0|P14077,E3|Q9H0M0,E3,Q9H0M0,P14077,WWP1,gag,1,1,1,0.02335217036306858,neural_pair_scorer_resmlp_focal,focal
E3|Q9H0M0|P15941,E3|Q9H0M0,E3,Q9H0M0,P15941,WWP1,MUC1,1,1,1,0.9913000464439392,neural_pair_scorer_resmlp_focal,focal
E3|Q9H0M0|P36897,E3|Q9H0M0,E3,Q9H0M0,P36897,WWP1,TGFBR1,1,1,1,0.9375903606414795,neural_pair_scorer_resmlp_focal,focal
E3|Q9H0M0|P37173,E3|Q9H0M0,E3,Q9H0M0,P37173,WWP1,TGFBR2,1,1,1,0.9784547686576843,neural_pair_scorer_resmlp_focal,focal
E3|Q9H0M0|P42566,E3|Q9H0M0,E3,Q9H0M0,P42566,WWP1,EPS15,1,1,1,0.953416645526886,neural_pair_scorer_resmlp_focal,focal
E3|Q9H0M0|P46527,E3|Q9H0M0,E3,Q9H0M0,P46527,WWP1,CDKN1B,1,1,1,0.9736627340316772,neural_pair_scorer_resmlp_focal,focal
E3|Q9H0M0|P60484,E3|Q9H0M0,E3,Q9H0M0,P60484,WWP1,PTEN,1,1,1,0.9938222169876099,neural_pair_scorer_resmlp_focal,focal
E3|Q9H0M0|P61073,E3|Q9H0M0,E3,Q9H0M0,P61073,WWP1,CXCR4,1,1,1,0.978276789188385,neural_pair_scorer_resmlp_focal,focal
E3|Q9H0M0|Q13485,E3|Q9H0M0,E3,Q9H0M0,Q13485,WWP1,SMAD4,1,1,1,0.9905981421470642,neural_pair_scorer_resmlp_focal,focal
E3|Q9H0M0|Q13887,E3|Q9H0M0,E3,Q9H0M0,Q13887,WWP1,KLF5,1,1,1,0.9165089130401611,neural_pair_scorer_resmlp_focal,focal
E3|Q9H0M0|Q13950,E3|Q9H0M0,E3,Q9H0M0,Q13950,WWP1,RUNX2,1,1,1,0.9685214161872864,neural_pair_scorer_resmlp_focal,focal
E3|Q9H0M0|Q15303,E3|Q9H0M0,E3,Q9H0M0,Q15303,WWP1,ERBB4,1,1,1,0.9686639904975891,neural_pair_scorer_resmlp_focal,focal
E3|Q9H0M0|Q15796,E3|Q9H0M0,E3,Q9H0M0,Q15796,WWP1,SMAD2,1,1,1,0.9955477714538574,neural_pair_scorer_resmlp_focal,focal
E3|Q9H0M0|Q8N0X7,E3|Q9H0M0,E3,Q9H0M0,Q8N0X7,WWP1,SPART,1,1,1,0.914476752281189,neural_pair_scorer_resmlp_focal,focal
E3|Q9H0M0|Q9H0M0,E3|Q9H0M0,E3,Q9H0M0,Q9H0M0,WWP1,WWP1,1,1,1,0.9912471175193787,neural_pair_scorer_resmlp_focal,focal
E3|Q9H0M0|Q9H3D4,E3|Q9H0M0,E3,Q9H0M0,Q9H3D4,WWP1,TP63,1,1,1,0.9819560647010803,neural_pair_scorer_resmlp_focal,focal
E3|Q9H0M0|Q9Y2J4,E3|Q9H0M0,E3,Q9H0M0,Q9Y2J4,WWP1,AMOTL2,1,1,1,0.9134570956230164,neural_pair_scorer_resmlp_focal,focal
E3|Q9H0M0|Q9Y3C5,E3|Q9H0M0,E3,Q9H0M0,Q9Y3C5,WWP1,RNF11,1,1,1,0.9652919173240662,neural_pair_scorer_resmlp_focal,focal
E3|Q9H0M0|Q9Y4K3,E3|Q9H0M0,E3,Q9H0M0,Q9Y4K3,WWP1,TRAF6,1,1,1,0.984653890132904,neural_pair_scorer_resmlp_focal,focal
E3|Q9H0M0|Q9Y5W3,E3|Q9H0M0,E3,Q9H0M0,Q9Y5W3,WWP1,KLF2,1,1,1,0.9905301928520203,neural_pair_scorer_resmlp_focal,focal
E3|Q9H0X6|P08670,E3|Q9H0X6,E3,Q9H0X6,P08670,RNF208,VIM,1,1,1,0.8523162603378296,neural_pair_scorer_resmlp_focal,focal
E3|Q9H2C0|P14136,E3|Q9H2C0,E3,Q9H2C0,P14136,GAN,GFAP,1,1,1,0.20929911732673645,neural_pair_scorer_resmlp_focal,focal
E3|Q9H2C0|P46821,E3|Q9H2C0,E3,Q9H2C0,P46821,GAN,MAP1B,1,1,1,0.9822446703910828,neural_pair_scorer_resmlp_focal,focal
E3|Q9H2C0|Q15465,E3|Q9H2C0,E3,Q9H2C0,Q15465,GAN,SHH,1,1,1,0.007812520489096642,neural_pair_scorer_resmlp_focal,focal
E3|Q9H2C0|Q66K74,E3|Q9H2C0,E3,Q9H2C0,Q66K74,GAN,MAP1S,1,1,1,0.6066122651100159,neural_pair_scorer_resmlp_focal,focal
E3|Q9H2C0|Q676U5,E3|Q9H2C0,E3,Q9H2C0,Q676U5,GAN,ATG16L1,1,1,1,0.016484951600432396,neural_pair_scorer_resmlp_focal,focal
E3|Q9H2C0|Q99426,E3|Q9H2C0,E3,Q9H2C0,Q99426,GAN,TBCB,1,1,1,0.17701447010040283,neural_pair_scorer_resmlp_focal,focal
E3|Q9HCI7|P04637,E3|Q9HCI7,E3,Q9HCI7,P04637,MSL2,TP53,1,1,1,0.9980467557907104,neural_pair_scorer_resmlp_focal,focal
E3|Q9HCI7|P62807,E3|Q9HCI7,E3,Q9HCI7,P62807,MSL2,H2BC4,1,1,1,0.9977405071258545,neural_pair_scorer_resmlp_focal,focal
E3|Q9HCI7|Q16778,E3|Q9HCI7,E3,Q9HCI7,Q16778,MSL2,H2BC21,1,1,1,0.9977007508277893,neural_pair_scorer_resmlp_focal,focal
E3|Q9NPC3|P14635,E3|Q9NPC3,E3,Q9NPC3,P14635,CCNB1IP1,CCNB1,1,1,1,0.9956152439117432,neural_pair_scorer_resmlp_focal,focal
E3|Q9NPC3|Q9NPC3,E3|Q9NPC3,E3,Q9NPC3,Q9NPC3,CCNB1IP1,CCNB1IP1,1,1,1,0.9958987832069397,neural_pair_scorer_resmlp_focal,focal
E3|Q9NS91|P04637,E3|Q9NS91,E3,Q9NS91,P04637,RAD18,TP53,1,1,1,0.9977503418922424,neural_pair_scorer_resmlp_focal,focal
E3|Q9NS91|P12004,E3|Q9NS91,E3,Q9NS91,P12004,RAD18,PCNA,1,1,1,0.993517279624939,neural_pair_scorer_resmlp_focal,focal
E3|Q9NS91|P35250,E3|Q9NS91,E3,Q9NS91,P35250,RAD18,RFC2,1,1,1,0.9402470588684082,neural_pair_scorer_resmlp_focal,focal
E3|Q9NS91|Q12888,E3|Q9NS91,E3,Q9NS91,Q12888,RAD18,TP53BP1,1,1,1,0.9899694323539734,neural_pair_scorer_resmlp_focal,focal
E3|Q9NS91|Q9BXW9,E3|Q9NS91,E3,Q9NS91,Q9BXW9,RAD18,FANCD2,1,1,1,0.9946112632751465,neural_pair_scorer_resmlp_focal,focal
E3|Q9NS91|Q9NS91,E3|Q9NS91,E3,Q9NS91,Q9NS91,RAD18,RAD18,1,1,1,0.9959014058113098,neural_pair_scorer_resmlp_focal,focal
E3|Q9NVF7|Q9NVF7,E3|Q9NVF7,E3,Q9NVF7,Q9NVF7,FBXO28,FBXO28,1,1,1,0.9954257607460022,neural_pair_scorer_resmlp_focal,focal
E3|Q9NVW2|O43679,E3|Q9NVW2,E3,Q9NVW2,O43679,RLIM,LDB2,1,1,1,0.4344257712364197,neural_pair_scorer_resmlp_focal,focal
E3|Q9NVW2|P04637,E3|Q9NVW2,E3,Q9NVW2,P04637,RLIM,TP53,1,1,1,0.994461178779602,neural_pair_scorer_resmlp_focal,focal
E3|Q9NVW2|P16949,E3|Q9NVW2,E3,Q9NVW2,P16949,RLIM,STMN1,1,1,1,0.7766700387001038,neural_pair_scorer_resmlp_focal,focal
E3|Q9NVW2|P25791,E3|Q9NVW2,E3,Q9NVW2,P25791,RLIM,LMO2,1,1,1,0.8203771114349365,neural_pair_scorer_resmlp_focal,focal
E3|Q9NVW2|P50458,E3|Q9NVW2,E3,Q9NVW2,P50458,RLIM,LHX2,1,1,1,0.6339993476867676,neural_pair_scorer_resmlp_focal,focal
E3|Q9NVW2|P53667,E3|Q9NVW2,E3,Q9NVW2,P53667,RLIM,LIMK1,1,1,1,0.6691284775733948,neural_pair_scorer_resmlp_focal,focal
E3|Q9NVW2|P54274,E3|Q9NVW2,E3,Q9NVW2,P54274,RLIM,TERF1,1,1,1,0.9460564851760864,neural_pair_scorer_resmlp_focal,focal
E3|Q9NVW2|P61968,E3|Q9NVW2,E3,Q9NVW2,P61968,RLIM,LMO4,1,1,1,0.50786954164505,neural_pair_scorer_resmlp_focal,focal
E3|Q9NVW2|Q00987,E3|Q9NVW2,E3,Q9NVW2,Q00987,RLIM,MDM2,1,1,1,0.9809173345565796,neural_pair_scorer_resmlp_focal,focal
E3|Q9NVW2|Q86U70,E3|Q9NVW2,E3,Q9NVW2,Q86U70,RLIM,LDB1,1,1,1,0.5897312760353088,neural_pair_scorer_resmlp_focal,focal
E3|Q9NVW2|Q92769,E3|Q9NVW2,E3,Q9NVW2,Q92769,RLIM,HDAC2,1,1,1,0.8436406850814819,neural_pair_scorer_resmlp_focal,focal
E3|Q9NVW2|Q92994,E3|Q9NVW2,E3,Q9NVW2,Q92994,RLIM,BRF1,1,1,1,0.2008146196603775,neural_pair_scorer_resmlp_focal,focal
E3|Q9NVW2|Q96MM3,E3|Q9NVW2,E3,Q9NVW2,Q96MM3,RLIM,ZFP42,1,1,1,0.9563188552856445,neural_pair_scorer_resmlp_focal,focal
E3|Q9NVW2|Q9NVW2,E3|Q9NVW2,E3,Q9NVW2,Q9NVW2,RLIM,RLIM,1,1,1,0.9939514398574829,neural_pair_scorer_resmlp_focal,focal
E3|Q9NVW2|Q9UBR4,E3|Q9NVW2,E3,Q9NVW2,Q9UBR4,RLIM,LHX3,1,1,1,0.8378818035125732,neural_pair_scorer_resmlp_focal,focal
E3|Q9NWN3|P15172,E3|Q9NWN3,E3,Q9NWN3,P15172,FBXO34,MYOD1,1,1,1,0.426667183637619,neural_pair_scorer_resmlp_focal,focal
E3|Q9NX47|O00220,E3|Q9NX47,E3,Q9NX47,O00220,MARCHF5,TNFRSF10A,1,1,1,0.21155999600887299,neural_pair_scorer_resmlp_focal,focal
E3|Q9NX47|O00429,E3|Q9NX47,E3,Q9NX47,O00429,MARCHF5,DNM1L,1,1,1,0.4481169581413269,neural_pair_scorer_resmlp_focal,focal
E3|Q9NX47|O95140,E3|Q9NX47,E3,Q9NX47,O95140,MARCHF5,MFN2,1,1,1,0.6086766719818115,neural_pair_scorer_resmlp_focal,focal
E3|Q9NX47|P00441,E3|Q9NX47,E3,Q9NX47,P00441,MARCHF5,SOD1,1,1,1,0.4283299744129181,neural_pair_scorer_resmlp_focal,focal
E3|Q9NX47|P33076,E3|Q9NX47,E3,Q9NX47,P33076,MARCHF5,CIITA,1,1,1,0.6072177886962891,neural_pair_scorer_resmlp_focal,focal
E3|Q9NX47|P46821,E3|Q9NX47,E3,Q9NX47,P46821,MARCHF5,MAP1B,1,1,1,0.7827311754226685,neural_pair_scorer_resmlp_focal,focal
E3|Q9NX47|P46939,E3|Q9NX47,E3,Q9NX47,P46939,MARCHF5,UTRN,1,1,1,0.4652349650859833,neural_pair_scorer_resmlp_focal,focal
E3|Q9NX47|P54252,E3|Q9NX47,E3,Q9NX47,P54252,MARCHF5,ATXN3,1,1,1,0.9575591683387756,neural_pair_scorer_resmlp_focal,focal
E3|Q9NX47|Q07820,E3|Q9NX47,E3,Q9NX47,Q07820,MARCHF5,MCL1,1,1,1,0.9147793650627136,neural_pair_scorer_resmlp_focal,focal
E3|Q9NX47|Q7Z434,E3|Q9NX47,E3,Q9NX47,Q7Z434,MARCHF5,MAVS,1,1,1,0.2938259541988373,neural_pair_scorer_resmlp_focal,focal
E3|Q9NX47|Q8IWA4,E3|Q9NX47,E3,Q9NX47,Q8IWA4,MARCHF5,MFN1,1,1,1,0.7939921617507935,neural_pair_scorer_resmlp_focal,focal
E3|Q9NX47|Q92844,E3|Q9NX47,E3,Q9NX47,Q92844,MARCHF5,TANK,1,1,1,0.4322550594806671,neural_pair_scorer_resmlp_focal,focal
E3|Q9NX47|Q9NX47,E3|Q9NX47,E3,Q9NX47,Q9NX47,MARCHF5,MARCHF5,1,1,1,0.9791423082351685,neural_pair_scorer_resmlp_focal,focal
E3|Q9NX47|Q9Y3D6,E3|Q9NX47,E3,Q9NX47,Q9Y3D6,MARCHF5,FIS1,1,1,1,0.09381744265556335,neural_pair_scorer_resmlp_focal,focal
E3|Q9UHC7|O14746,E3|Q9UHC7,E3,Q9UHC7,O14746,MKRN1,TERT,1,1,1,0.9161777496337891,neural_pair_scorer_resmlp_focal,focal
E3|Q9UHC7|O95259,E3|Q9UHC7,E3,Q9UHC7,O95259,MKRN1,KCNH1,1,1,1,0.00748051330447197,neural_pair_scorer_resmlp_focal,focal
E3|Q9UHC7|P04637,E3|Q9UHC7,E3,Q9UHC7,P04637,MKRN1,TP53,1,1,1,0.9980542659759521,neural_pair_scorer_resmlp_focal,focal
E3|Q9UHC7|P06935,E3|Q9UHC7,E3,Q9UHC7,P06935,MKRN1,,1,1,1,0.015118880197405815,neural_pair_scorer_resmlp_focal,focal
E3|Q9UHC7|P11940,E3|Q9UHC7,E3,Q9UHC7,P11940,MKRN1,PABPC1,1,1,1,0.9570109844207764,neural_pair_scorer_resmlp_focal,focal
E3|Q9UHC7|P38936,E3|Q9UHC7,E3,Q9UHC7,P38936,MKRN1,CDKN1A,1,1,1,0.9974318146705627,neural_pair_scorer_resmlp_focal,focal
E3|Q9UHC7|P46783,E3|Q9UHC7,E3,Q9UHC7,P46783,MKRN1,RPS10,1,1,1,0.8091557025909424,neural_pair_scorer_resmlp_focal,focal
E3|Q9UHC7|P54098,E3|Q9UHC7,E3,Q9UHC7,P54098,MKRN1,POLG,1,1,1,0.024351665750145912,neural_pair_scorer_resmlp_focal,focal
E3|Q9UHC7|Q7Z7B0,E3|Q9UHC7,E3,Q9UHC7,Q7Z7B0,MKRN1,FILIP1,1,1,1,0.6759963035583496,neural_pair_scorer_resmlp_focal,focal
E3|Q9UHC7|Q8N726,E3|Q9UHC7,E3,Q9UHC7,Q8N726,MKRN1,CDKN2A,1,1,1,0.06510704010725021,neural_pair_scorer_resmlp_focal,focal
E3|Q9UII4|P22392,E3|Q9UII4,E3,Q9UII4,P22392,HERC5,NME2,1,1,1,0.9826973080635071,neural_pair_scorer_resmlp_focal,focal
E3|Q9UII4|Q13363,E3|Q9UII4,E3,Q9UII4,Q13363,HERC5,CTBP1,1,1,1,0.7565595507621765,neural_pair_scorer_resmlp_focal,focal
E3|Q9ULV8|P00533,E3|Q9ULV8,E3,Q9ULV8,P00533,CBLC,EGFR,1,1,1,0.9285652041435242,neural_pair_scorer_resmlp_focal,focal
E3|Q9ULV8|P12931,E3|Q9ULV8,E3,Q9ULV8,P12931,CBLC,SRC,1,1,1,0.9781872630119324,neural_pair_scorer_resmlp_focal,focal
E3|Q9UPQ4|Q13114,E3|Q9UPQ4,E3,Q9UPQ4,Q13114,TRIM35,TRAF3,1,1,1,0.9946615099906921,neural_pair_scorer_resmlp_focal,focal
E3|Q9Y297|A0A1B0GVQ0,E3|Q9Y297,E3,Q9Y297,A0A1B0GVQ0,BTRC,SPAAR,1,1,1,0.0638536810874939,neural_pair_scorer_resmlp_focal,focal
E3|Q9Y297|O00221,E3|Q9Y297,E3,Q9Y297,O00221,BTRC,NFKBIE,1,1,1,0.9601237773895264,neural_pair_scorer_resmlp_focal,focal
E3|Q9Y297|O00418,E3|Q9Y297,E3,Q9Y297,O00418,BTRC,EEF2K,1,1,1,0.9228413701057434,neural_pair_scorer_resmlp_focal,focal
E3|Q9Y297|O00444,E3|Q9Y297,E3,Q9Y297,O00444,BTRC,PLK4,1,1,1,0.987825334072113,neural_pair_scorer_resmlp_focal,focal
E3|Q9Y297|O14503,E3|Q9Y297,E3,Q9Y297,O14503,BTRC,BHLHE40,1,1,1,0.9899839162826538,neural_pair_scorer_resmlp_focal,focal
E3|Q9Y297|O15055,E3|Q9Y297,E3,Q9Y297,O15055,BTRC,PER2,1,1,1,0.9935321807861328,neural_pair_scorer_resmlp_focal,focal
E3|Q9Y297|O15111,E3|Q9Y297,E3,Q9Y297,O15111,BTRC,CHUK,1,1,1,0.987384557723999,neural_pair_scorer_resmlp_focal,focal
E3|Q9Y297|O15534,E3|Q9Y297,E3,Q9Y297,O15534,BTRC,PER1,1,1,1,0.991067111492157,neural_pair_scorer_resmlp_focal,focal
E3|Q9Y297|O43521,E3|Q9Y297,E3,Q9Y297,O43521,BTRC,BCL2L11,1,1,1,0.9865044951438904,neural_pair_scorer_resmlp_focal,focal
E3|Q9Y297|O43524,E3|Q9Y297,E3,Q9Y297,O43524,BTRC,FOXO3,1,1,1,0.9930811524391174,neural_pair_scorer_resmlp_focal,focal
E3|Q9Y297|O43734,E3|Q9Y297,E3,Q9Y297,O43734,BTRC,TRAF3IP2,1,1,1,0.9154502153396606,neural_pair_scorer_resmlp_focal,focal
E3|Q9Y297|O60346,E3|Q9Y297,E3,Q9Y297,O60346,BTRC,PHLPP1,1,1,1,0.9874336123466492,neural_pair_scorer_resmlp_focal,focal
E3|Q9Y297|O75365,E3|Q9Y297,E3,Q9Y297,O75365,BTRC,PTP4A3,1,1,1,0.05502573400735855,neural_pair_scorer_resmlp_focal,focal
E3|Q9Y297|O95863,E3|Q9Y297,E3,Q9Y297,O95863,BTRC,SNAI1,1,1,1,0.9945048689842224,neural_pair_scorer_resmlp_focal,focal
E3|Q9Y297|O95997,E3|Q9Y297,E3,Q9Y297,O95997,BTRC,PTTG1,1,1,1,0.9955470561981201,neural_pair_scorer_resmlp_focal,focal
E3|Q9Y297|O95999,E3|Q9Y297,E3,Q9Y297,O95999,BTRC,BCL10,1,1,1,0.9876997470855713,neural_pair_scorer_resmlp_focal,focal
E3|Q9Y297|P01106,E3|Q9Y297,E3,Q9Y297,P01106,BTRC,MYC,1,1,1,0.993441104888916,neural_pair_scorer_resmlp_focal,focal
E3|Q9Y297|P01112,E3|Q9Y297,E3,Q9Y297,P01112,BTRC,HRAS,1,1,1,0.2646707594394684,neural_pair_scorer_resmlp_focal,focal
E3|Q9Y297|P01730,E3|Q9Y297,E3,Q9Y297,P01730,BTRC,CD4,1,1,1,0.37985759973526,neural_pair_scorer_resmlp_focal,focal
E3|Q9Y297|P02751,E3|Q9Y297,E3,Q9Y297,P02751,BTRC,FN1,1,1,1,0.17609530687332153,neural_pair_scorer_resmlp_focal,focal
E3|Q9Y297|P02786,E3|Q9Y297,E3,Q9Y297,P02786,BTRC,TFRC,1,1,1,0.06711546331644058,neural_pair_scorer_resmlp_focal,focal
E3|Q9Y297|P04637,E3|Q9Y297,E3,Q9Y297,P04637,BTRC,TP53,1,1,1,0.9970020651817322,neural_pair_scorer_resmlp_focal,focal
E3|Q9Y297|P06493,E3|Q9Y297,E3,Q9Y297,P06493,BTRC,CDK1,1,1,1,0.9528930187225342,neural_pair_scorer_resmlp_focal,focal
E3|Q9Y297|P08047,E3|Q9Y297,E3,Q9Y297,P08047,BTRC,SP1,1,1,1,0.9828685522079468,neural_pair_scorer_resmlp_focal,focal
E3|Q9Y297|P10070,E3|Q9Y297,E3,Q9Y297,P10070,BTRC,GLI2,1,1,1,0.9923632144927979,neural_pair_scorer_resmlp_focal,focal
E3|Q9Y297|P10071,E3|Q9Y297,E3,Q9Y297,P10071,BTRC,GLI3,1,1,1,0.9931210875511169,neural_pair_scorer_resmlp_focal,focal
E3|Q9Y297|P10912,E3|Q9Y297,E3,Q9Y297,P10912,BTRC,GHR,1,1,1,0.6483126282691956,neural_pair_scorer_resmlp_focal,focal
E3|Q9Y297|P12830,E3|Q9Y297,E3,Q9Y297,P12830,BTRC,CDH1,1,1,1,0.8812893033027649,neural_pair_scorer_resmlp_focal,focal
E3|Q9Y297|P15260,E3|Q9Y297,E3,Q9Y297,P15260,BTRC,IFNGR1,1,1,1,0.5477426052093506,neural_pair_scorer_resmlp_focal,focal
E3|Q9Y297|P16471,E3|Q9Y297,E3,Q9Y297,P16471,BTRC,PRLR,1,1,1,0.8302972912788391,neural_pair_scorer_resmlp_focal,focal
E3|Q9Y297|P17181,E3|Q9Y297,E3,Q9Y297,P17181,BTRC,IFNAR1,1,1,1,0.8604111671447754,neural_pair_scorer_resmlp_focal,focal
E3|Q9Y297|P18848,E3|Q9Y297,E3,Q9Y297,P18848,BTRC,ATF4,1,1,1,0.9956537485122681,neural_pair_scorer_resmlp_focal,focal
E3|Q9Y297|P18887,E3|Q9Y297,E3,Q9Y297,P18887,BTRC,XRCC1,1,1,1,0.9755395650863647,neural_pair_scorer_resmlp_focal,focal
E3|Q9Y297|P19235,E3|Q9Y297,E3,Q9Y297,P19235,BTRC,EPOR,1,1,1,0.2575230002403259,neural_pair_scorer_resmlp_focal,focal
E3|Q9Y297|P19838,E3|Q9Y297,E3,Q9Y297,P19838,BTRC,NFKB1,1,1,1,0.9926735758781433,neural_pair_scorer_resmlp_focal,focal
E3|Q9Y297|P24385,E3|Q9Y297,E3,Q9Y297,P24385,BTRC,CCND1,1,1,1,0.981447696685791,neural_pair_scorer_resmlp_focal,focal
E3|Q9Y297|P24864,E3|Q9Y297,E3,Q9Y297,P24864,BTRC,CCNE1,1,1,1,0.9731746912002563,neural_pair_scorer_resmlp_focal,focal
E3|Q9Y297|P25963,E3|Q9Y297,E3,Q9Y297,P25963,BTRC,NFKBIA,1,1,1,0.9923589825630188,neural_pair_scorer_resmlp_focal,focal
E3|Q9Y297|P30291,E3|Q9Y297,E3,Q9Y297,P30291,BTRC,WEE1,1,1,1,0.9838268160820007,neural_pair_scorer_resmlp_focal,focal
E3|Q9Y297|P30304,E3|Q9Y297,E3,Q9Y297,P30304,BTRC,CDC25A,1,1,1,0.988807737827301,neural_pair_scorer_resmlp_focal,focal
E3|Q9Y297|P30305,E3|Q9Y297,E3,Q9Y297,P30305,BTRC,CDC25B,1,1,1,0.9884073138237,neural_pair_scorer_resmlp_focal,focal
E3|Q9Y297|P32314,E3|Q9Y297,E3,Q9Y297,P32314,BTRC,FOXN2,1,1,1,0.9921701550483704,neural_pair_scorer_resmlp_focal,focal
E3|Q9Y297|P35222,E3|Q9Y297,E3,Q9Y297,P35222,BTRC,CTNNB1,1,1,1,0.9922795295715332,neural_pair_scorer_resmlp_focal,focal
E3|Q9Y297|P35226,E3|Q9Y297,E3,Q9Y297,P35226,BTRC,BMI1,1,1,1,0.9900062680244446,neural_pair_scorer_resmlp_focal,focal
E3|Q9Y297|P35968,E3|Q9Y297,E3,Q9Y297,P35968,BTRC,KDR,1,1,1,0.6990962624549866,neural_pair_scorer_resmlp_focal,focal
E3|Q9Y297|P42224,E3|Q9Y297,E3,Q9Y297,P42224,BTRC,STAT1,1,1,1,0.929542601108551,neural_pair_scorer_resmlp_focal,focal
E3|Q9Y297|P42574,E3|Q9Y297,E3,Q9Y297,P42574,BTRC,CASP3,1,1,1,0.8768418431282043,neural_pair_scorer_resmlp_focal,focal
E3|Q9Y297|P46937,E3|Q9Y297,E3,Q9Y297,P46937,BTRC,YAP1,1,1,1,0.9945599436759949,neural_pair_scorer_resmlp_focal,focal
E3|Q9Y297|P49841,E3|Q9Y297,E3,Q9Y297,P49841,BTRC,GSK3B,1,1,1,0.9802182912826538,neural_pair_scorer_resmlp_focal,focal
E3|Q9Y297|P50539,E3|Q9Y297,E3,Q9Y297,P50539,BTRC,MXI1,1,1,1,0.9900568127632141,neural_pair_scorer_resmlp_focal,focal
E3|Q9Y297|P50579,E3|Q9Y297,E3,Q9Y297,P50579,BTRC,METAP2,1,1,1,0.9936936497688293,neural_pair_scorer_resmlp_focal,focal
E3|Q9Y297|P51617,E3|Q9Y297,E3,Q9Y297,P51617,BTRC,IRAK1,1,1,1,0.903605580329895,neural_pair_scorer_resmlp_focal,focal
E3|Q9Y297|P53805,E3|Q9Y297,E3,Q9Y297,P53805,BTRC,RCAN1,1,1,1,0.985063910484314,neural_pair_scorer_resmlp_focal,focal
E3|Q9Y297|P54274,E3|Q9Y297,E3,Q9Y297,P54274,BTRC,TERF1,1,1,1,0.9932631850242615,neural_pair_scorer_resmlp_focal,focal
E3|Q9Y297|P55036,E3|Q9Y297,E3,Q9Y297,P55036,BTRC,PSMD4,1,1,1,0.9162012934684753,neural_pair_scorer_resmlp_focal,focal
E3|Q9Y297|P62324,E3|Q9Y297,E3,Q9Y297,P62324,BTRC,BTG1,1,1,1,0.98091721534729,neural_pair_scorer_resmlp_focal,focal
E3|Q9Y297|P78543,E3|Q9Y297,E3,Q9Y297,P78543,BTRC,BTG2,1,1,1,0.47041016817092896,neural_pair_scorer_resmlp_focal,focal
E3|Q9Y297|P78545,E3|Q9Y297,E3,Q9Y297,P78545,BTRC,ELF3,1,1,1,0.9932582378387451,neural_pair_scorer_resmlp_focal,focal
E3|Q9Y297|P84022,E3|Q9Y297,E3,Q9Y297,P84022,BTRC,SMAD3,1,1,1,0.9952216744422913,neural_pair_scorer_resmlp_focal,focal
E3|Q9Y297|P98174,E3|Q9Y297,E3,Q9Y297,P98174,BTRC,FGD1,1,1,1,0.9004483819007874,neural_pair_scorer_resmlp_focal,focal
E3|Q9Y297|Q00613,E3|Q9Y297,E3,Q9Y297,Q00613,BTRC,HSF1,1,1,1,0.9931617975234985,neural_pair_scorer_resmlp_focal,focal
E3|Q9Y297|Q00653,E3|Q9Y297,E3,Q9Y297,Q00653,BTRC,NFKB2,1,1,1,0.9840601682662964,neural_pair_scorer_resmlp_focal,focal
E3|Q9Y297|Q00987,E3|Q9Y297,E3,Q9Y297,Q00987,BTRC,MDM2,1,1,1,0.9915380477905273,neural_pair_scorer_resmlp_focal,focal
E3|Q9Y297|Q01664,E3|Q9Y297,E3,Q9Y297,Q01664,BTRC,TFAP4,1,1,1,0.9888289570808411,neural_pair_scorer_resmlp_focal,focal
E3|Q9Y297|Q07820,E3|Q9Y297,E3,Q9Y297,Q07820,BTRC,MCL1,1,1,1,0.9867197871208191,neural_pair_scorer_resmlp_focal,focal
E3|Q9Y297|Q10589,E3|Q9Y297,E3,Q9Y297,Q10589,BTRC,BST2,1,1,1,0.04021887853741646,neural_pair_scorer_resmlp_focal,focal
E3|Q9Y297|Q12959,E3|Q9Y297,E3,Q9Y297,Q12959,BTRC,DLG1,1,1,1,0.978377640247345,neural_pair_scorer_resmlp_focal,focal
E3|Q9Y297|Q13009,E3|Q9Y297,E3,Q9Y297,Q13009,BTRC,TIAM1,1,1,1,0.9754737615585327,neural_pair_scorer_resmlp_focal,focal
E3|Q9Y297|Q13127,E3|Q9Y297,E3,Q9Y297,Q13127,BTRC,REST,1,1,1,0.9909845590591431,neural_pair_scorer_resmlp_focal,focal
E3|Q9Y297|Q13485,E3|Q9Y297,E3,Q9Y297,Q13485,BTRC,SMAD4,1,1,1,0.9940578937530518,neural_pair_scorer_resmlp_focal,focal
E3|Q9Y297|Q13563,E3|Q9Y297,E3,Q9Y297,Q13563,BTRC,PKD2,1,1,1,0.09249667078256607,neural_pair_scorer_resmlp_focal,focal
E3|Q9Y297|Q13651,E3|Q9Y297,E3,Q9Y297,Q13651,BTRC,IL10RA,1,1,1,0.4337104856967926,neural_pair_scorer_resmlp_focal,focal
E3|Q9Y297|Q14103,E3|Q9Y297,E3,Q9Y297,Q14103,BTRC,HNRNPD,1,1,1,0.9946302175521851,neural_pair_scorer_resmlp_focal,focal
E3|Q9Y297|Q14247,E3|Q9Y297,E3,Q9Y297,Q14247,BTRC,CTTN,1,1,1,0.9938979744911194,neural_pair_scorer_resmlp_focal,focal
E3|Q9Y297|Q14494,E3|Q9Y297,E3,Q9Y297,Q14494,BTRC,NFE2L1,1,1,1,0.9897393584251404,neural_pair_scorer_resmlp_focal,focal
E3|Q9Y297|Q15653,E3|Q9Y297,E3,Q9Y297,Q15653,BTRC,NFKBIB,1,1,1,0.9824619889259338,neural_pair_scorer_resmlp_focal,focal
E3|Q9Y297|Q15672,E3|Q9Y297,E3,Q9Y297,Q15672,BTRC,TWIST1,1,1,1,0.9858686923980713,neural_pair_scorer_resmlp_focal,focal
E3|Q9Y297|Q15717,E3|Q9Y297,E3,Q9Y297,Q15717,BTRC,ELAVL1,1,1,1,0.9653350114822388,neural_pair_scorer_resmlp_focal,focal
E3|Q9Y297|Q16236,E3|Q9Y297,E3,Q9Y297,Q16236,BTRC,NFE2L2,1,1,1,0.9953904151916504,neural_pair_scorer_resmlp_focal,focal
E3|Q9Y297|Q16635,E3|Q9Y297,E3,Q9Y297,Q16635,BTRC,TAZ,1,1,1,0.9715553522109985,neural_pair_scorer_resmlp_focal,focal
E3|Q9Y297|Q16656,E3|Q9Y297,E3,Q9Y297,Q16656,BTRC,NRF1,1,1,1,0.988651692867279,neural_pair_scorer_resmlp_focal,focal
E3|Q9Y297|Q16875,E3|Q9Y297,E3,Q9Y297,Q16875,BTRC,PFKFB3,1,1,1,0.9642094969749451,neural_pair_scorer_resmlp_focal,focal
E3|Q9Y297|Q53EL6,E3|Q9Y297,E3,Q9Y297,Q53EL6,BTRC,PDCD4,1,1,1,0.9264055490493774,neural_pair_scorer_resmlp_focal,focal
E3|Q9Y297|Q5JSP0,E3|Q9Y297,E3,Q9Y297,Q5JSP0,BTRC,FGD3,1,1,1,0.6063991785049438,neural_pair_scorer_resmlp_focal,focal
E3|Q9Y297|Q6PGQ7,E3|Q9Y297,E3,Q9Y297,Q6PGQ7,BTRC,BORA,1,1,1,0.9957197308540344,neural_pair_scorer_resmlp_focal,focal
E3|Q9Y297|Q76N32,E3|Q9Y297,E3,Q9Y297,Q76N32,BTRC,CEP68,1,1,1,0.9664086699485779,neural_pair_scorer_resmlp_focal,focal
E3|Q9Y297|Q86T82,E3|Q9Y297,E3,Q9Y297,Q86T82,BTRC,USP37,1,1,1,0.9871435761451721,neural_pair_scorer_resmlp_focal,focal
E3|Q9Y297|Q8IYD8,E3|Q9Y297,E3,Q9Y297,Q8IYD8,BTRC,FANCM,1,1,1,0.9862328767776489,neural_pair_scorer_resmlp_focal,focal
E3|Q9Y297|Q8N668,E3|Q9Y297,E3,Q9Y297,Q8N668,BTRC,COMMD1,1,1,1,0.9570536613464355,neural_pair_scorer_resmlp_focal,focal
E3|Q9Y297|Q8N907,E3|Q9Y297,E3,Q9Y297,Q8N907,BTRC,DAND5,1,1,1,0.03613466024398804,neural_pair_scorer_resmlp_focal,focal
E3|Q9Y297|Q8NF37,E3|Q9Y297,E3,Q9Y297,Q8NF37,BTRC,LPCAT1,1,1,1,0.44628649950027466,neural_pair_scorer_resmlp_focal,focal
E3|Q9Y297|Q8TB45,E3|Q9Y297,E3,Q9Y297,Q8TB45,BTRC,DEPTOR,1,1,1,0.9705913066864014,neural_pair_scorer_resmlp_focal,focal
E3|Q9Y297|Q8TDM6,E3|Q9Y297,E3,Q9Y297,Q8TDM6,BTRC,DLG5,1,1,1,0.9648271799087524,neural_pair_scorer_resmlp_focal,focal
E3|Q9Y297|Q92519,E3|Q9Y297,E3,Q9Y297,Q92519,BTRC,TRIB2,1,1,1,0.9853047728538513,neural_pair_scorer_resmlp_focal,focal
E3|Q9Y297|Q92538,E3|Q9Y297,E3,Q9Y297,Q92538,BTRC,GBF1,1,1,1,0.9794192314147949,neural_pair_scorer_resmlp_focal,focal
E3|Q9Y297|Q92539,E3|Q9Y297,E3,Q9Y297,Q92539,BTRC,LPIN2,1,1,1,0.991940975189209,neural_pair_scorer_resmlp_focal,focal
E3|Q9Y297|Q96K76,E3|Q9Y297,E3,Q9Y297,Q96K76,BTRC,USP47,1,1,1,0.9852714538574219,neural_pair_scorer_resmlp_focal,focal
E3|Q9Y297|Q96T88,E3|Q9Y297,E3,Q9Y297,Q96T88,BTRC,UHRF1,1,1,1,0.9180878400802612,neural_pair_scorer_resmlp_focal,focal
E3|Q9Y297|Q9BZB8,E3|Q9Y297,E3,Q9Y297,Q9BZB8,BTRC,CPEB1,1,1,1,0.9904342889785767,neural_pair_scorer_resmlp_focal,focal
E3|Q9Y297|Q9GZV5,E3|Q9Y297,E3,Q9Y297,Q9GZV5,BTRC,WWTR1,1,1,1,0.9935762286186218,neural_pair_scorer_resmlp_focal,focal
E3|Q9Y297|Q9HAW4,E3|Q9Y297,E3,Q9Y297,Q9HAW4,BTRC,CLSPN,1,1,1,0.9946035742759705,neural_pair_scorer_resmlp_focal,focal
E3|Q9Y297|Q9NS23,E3|Q9Y297,E3,Q9Y297,Q9NS23,BTRC,RASSF1,1,1,1,0.5100394487380981,neural_pair_scorer_resmlp_focal,focal
E3|Q9Y297|Q9NS37,E3|Q9Y297,E3,Q9Y297,Q9NS37,BTRC,CREBZF,1,1,1,0.9933775067329407,neural_pair_scorer_resmlp_focal,focal
E3|Q9Y297|Q9NX09,E3|Q9Y297,E3,Q9Y297,Q9NX09,BTRC,DDIT4,1,1,1,0.9698359966278076,neural_pair_scorer_resmlp_focal,focal
E3|Q9Y297|Q9NYP9,E3|Q9Y297,E3,Q9Y297,Q9NYP9,BTRC,MIS18A,1,1,1,0.9715219140052795,neural_pair_scorer_resmlp_focal,focal
E3|Q9Y297|Q9P0N9,E3|Q9Y297,E3,Q9Y297,Q9P0N9,BTRC,TBC1D7,1,1,1,0.9768794178962708,neural_pair_scorer_resmlp_focal,focal
E3|Q9Y297|Q9UKB1,E3|Q9Y297,E3,Q9Y297,Q9UKB1,BTRC,FBXW11,1,1,1,0.9933521747589111,neural_pair_scorer_resmlp_focal,focal
E3|Q9Y297|Q9UKT4,E3|Q9Y297,E3,Q9Y297,Q9UKT4,BTRC,FBXO5,1,1,1,0.9920666217803955,neural_pair_scorer_resmlp_focal,focal
E3|Q9Y297|Q9ULT6,E3|Q9Y297,E3,Q9Y297,Q9ULT6,BTRC,ZNRF3,1,1,1,0.896459698677063,neural_pair_scorer_resmlp_focal,focal
E3|Q9Y297|Q9UM11,E3|Q9Y297,E3,Q9Y297,Q9UM11,BTRC,FZR1,1,1,1,0.9812001585960388,neural_pair_scorer_resmlp_focal,focal
E3|Q9Y2K7|Q16875,E3|Q9Y2K7,E3,Q9Y2K7,Q16875,KDM2A,PFKFB3,1,1,1,0.21268504858016968,neural_pair_scorer_resmlp_focal,focal
E3|Q9Y2M5|O15085,E3|Q9Y2M5,E3,Q9Y2M5,O15085,KLHL20,ARHGEF11,1,1,1,0.9686412811279297,neural_pair_scorer_resmlp_focal,focal
E3|Q9Y2M5|O75385,E3|Q9Y2M5,E3,Q9Y2M5,O75385,KLHL20,ULK1,1,1,1,0.9884436726570129,neural_pair_scorer_resmlp_focal,focal
E3|Q9Y2M5|P29590,E3|Q9Y2M5,E3,Q9Y2M5,P29590,KLHL20,PML,1,1,1,0.12770679593086243,neural_pair_scorer_resmlp_focal,focal
E3|Q9Y2M5|P53355,E3|Q9Y2M5,E3,Q9Y2M5,P53355,KLHL20,DAPK1,1,1,1,0.554783046245575,neural_pair_scorer_resmlp_focal,focal
E3|Q9Y2M5|P57737,E3|Q9Y2M5,E3,Q9Y2M5,P57737,KLHL20,CORO7,1,1,1,0.21612712740898132,neural_pair_scorer_resmlp_focal,focal
E3|Q9Y2M5|Q14457,E3|Q9Y2M5,E3,Q9Y2M5,Q14457,KLHL20,BECN1,1,1,1,0.5480584502220154,neural_pair_scorer_resmlp_focal,focal
E3|Q9Y2M5|Q8NEB9,E3|Q9Y2M5,E3,Q9Y2M5,Q8NEB9,KLHL20,PIK3C3,1,1,1,0.5449305176734924,neural_pair_scorer_resmlp_focal,focal
E3|Q9Y4B6|O14746,E3|Q9Y4B6,E3,Q9Y4B6,O14746,DCAF1,TERT,1,1,1,0.04855470731854439,neural_pair_scorer_resmlp_focal,focal
E3|Q9Y4B6|O75449,E3|Q9Y4B6,E3,Q9Y4B6,O75449,DCAF1,KATNA1,1,1,1,0.032853927463293076,neural_pair_scorer_resmlp_focal,focal
E3|Q9Y4B6|O95835,E3|Q9Y4B6,E3,Q9Y4B6,O95835,DCAF1,LATS1,1,1,1,0.5725329518318176,neural_pair_scorer_resmlp_focal,focal
E3|Q9Y4B6|P13051,E3|Q9Y4B6,E3,Q9Y4B6,P13051,DCAF1,UNG,1,1,1,0.009856484830379486,neural_pair_scorer_resmlp_focal,focal
E3|Q9Y4B6|P30153,E3|Q9Y4B6,E3,Q9Y4B6,P30153,DCAF1,PPP2R1A,1,1,1,0.9832773804664612,neural_pair_scorer_resmlp_focal,focal
E3|Q9Y4B6|P35240,E3|Q9Y4B6,E3,Q9Y4B6,P35240,VPRBP,NF2,1,1,1,0.20573139190673828,neural_pair_scorer_resmlp_focal,focal
E3|Q9Y4B6|Q7L590,E3|Q9Y4B6,E3,Q9Y4B6,Q7L590,DCAF1,MCM10,1,1,1,0.4432768225669861,neural_pair_scorer_resmlp_focal,focal
E3|Q9Y4B6|Q8IXI2,E3|Q9Y4B6,E3,Q9Y4B6,Q8IXI2,VPRBP,PPP2R1A,1,1,1,0.028902633115649223,neural_pair_scorer_resmlp_focal,focal
E3|Q9Y4B6|Q9NRM7,E3|Q9Y4B6,E3,Q9Y4B6,Q9NRM7,DCAF1,LATS2,1,1,1,0.8484340310096741,neural_pair_scorer_resmlp_focal,focal
E3|Q9Y4B6|Q9Y3Z3,E3|Q9Y4B6,E3,Q9Y4B6,Q9Y3Z3,DCAF1,SAMHD1,1,1,1,0.028508976101875305,neural_pair_scorer_resmlp_focal,focal
DUB|O15372|O95863,DUB|O15372,DUB,O15372,O95863,EIF3H,SNAI1,1,1,1,0.9891513586044312,neural_pair_scorer_resmlp_focal,focal
DUB|O75604|O14965,DUB|O75604,DUB,O75604,O14965,USP2,AURKA,1,1,1,0.9966705441474915,neural_pair_scorer_resmlp_focal,focal
DUB|O75604|O15151,DUB|O75604,DUB,O75604,O15151,USP2,MDM4,1,1,1,0.1867915242910385,neural_pair_scorer_resmlp_focal,focal
DUB|O75604|O15534,DUB|O75604,DUB,O75604,O15534,USP2,PER1,1,1,1,0.98757404088974,neural_pair_scorer_resmlp_focal,focal
DUB|O75604|P08253,DUB|O75604,DUB,O75604,P08253,USP2,MMP2,1,1,1,0.979655385017395,neural_pair_scorer_resmlp_focal,focal
DUB|O75604|P24385,DUB|O75604,DUB,O75604,P24385,USP2,CCND1,1,1,1,0.9965648055076599,neural_pair_scorer_resmlp_focal,focal
DUB|O75604|P25445,DUB|O75604,DUB,O75604,P25445,USP2,FAS,1,1,1,0.20357587933540344,neural_pair_scorer_resmlp_focal,focal
DUB|O75604|P37088,DUB|O75604,DUB,O75604,P37088,USP2,SCNN1A,1,1,1,0.8369081020355225,neural_pair_scorer_resmlp_focal,focal
DUB|O75604|P49327,DUB|O75604,DUB,O75604,P49327,USP2,FASN,1,1,1,0.9750450253486633,neural_pair_scorer_resmlp_focal,focal
DUB|O75604|P51168,DUB|O75604,DUB,O75604,P51168,USP2,SCNN1B,1,1,1,0.8744640946388245,neural_pair_scorer_resmlp_focal,focal
DUB|O75604|P51170,DUB|O75604,DUB,O75604,P51170,USP2,SCNN1G,1,1,1,0.8005256056785583,neural_pair_scorer_resmlp_focal,focal
DUB|O75604|Q00987,DUB|O75604,DUB,O75604,Q00987,USP2,MDM2,1,1,1,0.9941657781600952,neural_pair_scorer_resmlp_focal,focal
DUB|O75604|Q03431,DUB|O75604,DUB,O75604,Q03431,USP2,PTH1R,1,1,1,0.5605959892272949,neural_pair_scorer_resmlp_focal,focal
DUB|O75604|Q12933,DUB|O75604,DUB,O75604,Q12933,USP2,TRAF2,1,1,1,0.9959831237792969,neural_pair_scorer_resmlp_focal,focal
DUB|O75604|Q13546,DUB|O75604,DUB,O75604,Q13546,USP2,RIPK1,1,1,1,0.98663330078125,neural_pair_scorer_resmlp_focal,focal
DUB|O75604|Q16526,DUB|O75604,DUB,O75604,Q16526,USP2,CRY1,1,1,1,0.9963104128837585,neural_pair_scorer_resmlp_focal,focal
DUB|O75604|Q96EB6,DUB|O75604,DUB,O75604,Q96EB6,USP2,SIRT1,1,1,1,0.9958731532096863,neural_pair_scorer_resmlp_focal,focal
DUB|O75604|Q9H5J4,DUB|O75604,DUB,O75604,Q9H5J4,USP2,ELOVL6,1,1,1,0.9668370485305786,neural_pair_scorer_resmlp_focal,focal
DUB|O95630|P00533,DUB|O95630,DUB,O95630,P00533,STAMBP,EGFR,1,1,1,0.9644798636436462,neural_pair_scorer_resmlp_focal,focal
DUB|O95630|P17302,DUB|O95630,DUB,O95630,P17302,STAMBP,GJA1,1,1,1,0.11174912005662918,neural_pair_scorer_resmlp_focal,focal
DUB|O95630|P55085,DUB|O95630,DUB,O95630,P55085,STAMBP,F2RL1,1,1,1,0.007405607029795647,neural_pair_scorer_resmlp_focal,focal
DUB|P09936|P04637,DUB|P09936,DUB,P09936,P04637,UCHL1,TP53,1,1,1,0.9923040270805359,neural_pair_scorer_resmlp_focal,focal
DUB|P09936|P05231,DUB|P09936,DUB,P09936,P05231,UCHL1,IL6,1,1,1,0.06670991331338882,neural_pair_scorer_resmlp_focal,focal
DUB|P09936|P09936,DUB|P09936,DUB,P09936,P09936,UCHL1,UCHL1,1,1,1,0.9952458739280701,neural_pair_scorer_resmlp_focal,focal
DUB|P09936|P10145,DUB|P09936,DUB,P09936,P10145,UCHL1,CXCL8,1,1,1,0.019659988582134247,neural_pair_scorer_resmlp_focal,focal
DUB|P09936|P10636,DUB|P09936,DUB,P09936,P10636,UCHL1,MAPT,1,1,1,0.9928223490715027,neural_pair_scorer_resmlp_focal,focal
DUB|P09936|P19838,DUB|P09936,DUB,P09936,P19838,UCHL1,NFKB1,1,1,1,0.9855684638023376,neural_pair_scorer_resmlp_focal,focal
DUB|P09936|P25963,DUB|P09936,DUB,P09936,P25963,UCHL1,NFKBIA,1,1,1,0.9938082098960876,neural_pair_scorer_resmlp_focal,focal
DUB|P09936|P36897,DUB|P09936,DUB,P09936,P36897,UCHL1,TGFBR1,1,1,1,0.13778525590896606,neural_pair_scorer_resmlp_focal,focal
DUB|P09936|P37840,DUB|P09936,DUB,P09936,P37840,UCHL1,SNCA,1,1,1,0.9835548996925354,neural_pair_scorer_resmlp_focal,focal
DUB|P09936|P84022,DUB|P09936,DUB,P09936,P84022,UCHL1,SMAD3,1,1,1,0.989501416683197,neural_pair_scorer_resmlp_focal,focal
DUB|P09936|Q15796,DUB|P09936,DUB,P09936,Q15796,UCHL1,SMAD2,1,1,1,0.9688835144042969,neural_pair_scorer_resmlp_focal,focal
DUB|P09936|Q16620,DUB|P09936,DUB,P09936,Q16620,UCHL1,NTRK2,1,1,1,0.09463360905647278,neural_pair_scorer_resmlp_focal,focal
DUB|P09936|Q16665,DUB|P09936,DUB,P09936,Q16665,UCHL1,HIF1A,1,1,1,0.9883409142494202,neural_pair_scorer_resmlp_focal,focal
DUB|P09936|Q92905,DUB|P09936,DUB,P09936,Q92905,UCHL1,COPS5,1,1,1,0.5360511541366577,neural_pair_scorer_resmlp_focal,focal
DUB|P09936|Q9GZV3,DUB|P09936,DUB,P09936,Q9GZV3,UCHL1,SLC5A7,1,1,1,0.06219306215643883,neural_pair_scorer_resmlp_focal,focal
DUB|P09936|Q9NPH5,DUB|P09936,DUB,P09936,Q9NPH5,UCHL1,NOX4,1,1,1,0.27235639095306396,neural_pair_scorer_resmlp_focal,focal
DUB|P09936|Q9UBN7,DUB|P09936,DUB,P09936,Q9UBN7,UCHL1,HDAC6,1,1,1,0.9926264882087708,neural_pair_scorer_resmlp_focal,focal
DUB|P21580|O43353,DUB|P21580,DUB,P21580,O43353,TNFAIP3,RIPK2,1,1,1,0.9467242956161499,neural_pair_scorer_resmlp_focal,focal
DUB|P21580|P04637,DUB|P21580,DUB,P21580,P04637,TNFAIP3,TP53,1,1,1,0.9963841438293457,neural_pair_scorer_resmlp_focal,focal
DUB|P21580|P19838,DUB|P21580,DUB,P21580,P19838,TNFAIP3,NFKB1,1,1,1,0.9918308854103088,neural_pair_scorer_resmlp_focal,focal
DUB|P21580|Q12933,DUB|P21580,DUB,P21580,Q12933,TNFAIP3,TRAF2,1,1,1,0.986426591873169,neural_pair_scorer_resmlp_focal,focal
DUB|P21580|Q13137,DUB|P21580,DUB,P21580,Q13137,TNFAIP3,CALCOCO2,1,1,1,0.9867737293243408,neural_pair_scorer_resmlp_focal,focal
DUB|P21580|Q13546,DUB|P21580,DUB,P21580,Q13546,TNFAIP3,RIPK1,1,1,1,0.9910154938697815,neural_pair_scorer_resmlp_focal,focal
DUB|P21580|Q14457,DUB|P21580,DUB,P21580,Q14457,TNFAIP3,BECN1,1,1,1,0.9906821250915527,neural_pair_scorer_resmlp_focal,focal
DUB|P21580|Q14790,DUB|P21580,DUB,P21580,Q14790,TNFAIP3,CASP8,1,1,1,0.9797042608261108,neural_pair_scorer_resmlp_focal,focal
DUB|P21580|Q16625,DUB|P21580,DUB,P21580,Q16625,TNFAIP3,OCLN,1,1,1,0.12524963915348053,neural_pair_scorer_resmlp_focal,focal
DUB|P21580|Q92985,DUB|P21580,DUB,P21580,Q92985,TNFAIP3,IRF7,1,1,1,0.9589076042175293,neural_pair_scorer_resmlp_focal,focal
DUB|P21580|Q99683,DUB|P21580,DUB,P21580,Q99683,TNFAIP3,MAP3K5,1,1,1,0.9872560501098633,neural_pair_scorer_resmlp_focal,focal
DUB|P21580|Q9Y4K3,DUB|P21580,DUB,P21580,Q9Y4K3,TNFAIP3,TRAF6,1,1,1,0.9947974681854248,neural_pair_scorer_resmlp_focal,focal
DUB|P21580|Q9Y572,DUB|P21580,DUB,P21580,Q9Y572,TNFAIP3,RIPK3,1,1,1,0.974004864692688,neural_pair_scorer_resmlp_focal,focal
DUB|P21580|Q9Y6K9,DUB|P21580,DUB,P21580,Q9Y6K9,TNFAIP3,IKBKG,1,1,1,0.9907258152961731,neural_pair_scorer_resmlp_focal,focal
DUB|Q01804|Q01831,DUB|Q01804,DUB,Q01804,Q01831,OTUD4,XPC,1,1,1,0.9880813360214233,neural_pair_scorer_resmlp_focal,focal
DUB|Q01804|Q7Z434,DUB|Q01804,DUB,Q01804,Q7Z434,OTUD4,MAVS,1,1,1,0.978178083896637,neural_pair_scorer_resmlp_focal,focal
DUB|Q5T2D3|P04637,DUB|Q5T2D3,DUB,Q5T2D3,P04637,OTUD3,TP53,1,1,1,0.9977085590362549,neural_pair_scorer_resmlp_focal,focal
DUB|Q5T2D3|P60484,DUB|Q5T2D3,DUB,Q5T2D3,P60484,OTUD3,PTEN,1,1,1,0.9246603846549988,neural_pair_scorer_resmlp_focal,focal
DUB|Q6GQQ9|O60341,DUB|Q6GQQ9,DUB,Q6GQQ9,O60341,OTUD7B,KDM1A,1,1,1,0.8009594082832336,neural_pair_scorer_resmlp_focal,focal
DUB|Q6GQQ9|P00533,DUB|Q6GQQ9,DUB,Q6GQQ9,P00533,OTUD7B,EGFR,1,1,1,0.9847038984298706,neural_pair_scorer_resmlp_focal,focal
DUB|Q6GQQ9|P08069,DUB|Q6GQQ9,DUB,Q6GQQ9,P08069,OTUD7B,IGF1R,1,1,1,0.7359197735786438,neural_pair_scorer_resmlp_focal,focal
DUB|Q6GQQ9|P35222,DUB|Q6GQQ9,DUB,Q6GQQ9,P35222,OTUD7B,CTNNB1,1,1,1,0.9831770062446594,neural_pair_scorer_resmlp_focal,focal
DUB|Q6GQQ9|P43403,DUB|Q6GQQ9,DUB,Q6GQQ9,P43403,OTUD7B,ZAP70,1,1,1,0.9687745571136475,neural_pair_scorer_resmlp_focal,focal
DUB|Q6GQQ9|P48431,DUB|Q6GQQ9,DUB,Q6GQQ9,P48431,OTUD7B,SOX2,1,1,1,0.9755006432533264,neural_pair_scorer_resmlp_focal,focal
DUB|Q6GQQ9|Q13042,DUB|Q6GQQ9,DUB,Q6GQQ9,Q13042,OTUD7B,CDC16,1,1,1,0.1346016824245453,neural_pair_scorer_resmlp_focal,focal
DUB|Q6GQQ9|Q13114,DUB|Q6GQQ9,DUB,Q6GQQ9,Q13114,OTUD7B,TRAF3,1,1,1,0.9939290285110474,neural_pair_scorer_resmlp_focal,focal
DUB|Q6GQQ9|Q13546,DUB|Q6GQQ9,DUB,Q6GQQ9,Q13546,OTUD7B,RIPK1,1,1,1,0.9899895191192627,neural_pair_scorer_resmlp_focal,focal
DUB|Q6GQQ9|Q9Y4K3,DUB|Q6GQQ9,DUB,Q6GQQ9,Q9Y4K3,OTUD7B,TRAF6,1,1,1,0.9955790638923645,neural_pair_scorer_resmlp_focal,focal
DUB|Q70CQ3|O94826,DUB|Q70CQ3,DUB,Q70CQ3,O94826,USP30,TOMM70A,1,1,1,0.07226959615945816,neural_pair_scorer_resmlp_focal,focal
DUB|Q70CQ3|O95140,DUB|Q70CQ3,DUB,Q70CQ3,O95140,USP30,MFN2,1,1,1,0.27959299087524414,neural_pair_scorer_resmlp_focal,focal
DUB|Q70CQ3|P21796,DUB|Q70CQ3,DUB,Q70CQ3,P21796,USP30,VDAC1,1,1,1,0.11550697684288025,neural_pair_scorer_resmlp_focal,focal
DUB|Q70CQ3|Q15388,DUB|Q70CQ3,DUB,Q70CQ3,Q15388,USP30,TOMM20,1,1,1,0.004797679837793112,neural_pair_scorer_resmlp_focal,focal
DUB|Q70CQ3|Q8IWA4,DUB|Q70CQ3,DUB,Q70CQ3,Q8IWA4,USP30,MFN1,1,1,1,0.6230652332305908,neural_pair_scorer_resmlp_focal,focal
DUB|Q70CQ3|Q8IXI2,DUB|Q70CQ3,DUB,Q70CQ3,Q8IXI2,USP30,RHOT1,1,1,1,0.012235084548592567,neural_pair_scorer_resmlp_focal,focal
DUB|Q70EK9|P37275,DUB|Q70EK9,DUB,Q70EK9,P37275,USP51,ZEB1,1,1,1,0.9869328141212463,neural_pair_scorer_resmlp_focal,focal
DUB|Q70EK9|P62807,DUB|Q70EK9,DUB,Q70EK9,P62807,USP51,HIST1H2BI,1,1,1,0.9972900152206421,neural_pair_scorer_resmlp_focal,focal
DUB|Q70EK9|Q16777,DUB|Q70EK9,DUB,Q70EK9,Q16777,USP51,HIST2H2AC,1,1,1,0.9967711567878723,neural_pair_scorer_resmlp_focal,focal
DUB|Q70EK9|Q8WYQ5,DUB|Q70EK9,DUB,Q70EK9,Q8WYQ5,USP51,DGCR8,1,1,1,0.9947214126586914,neural_pair_scorer_resmlp_focal,focal
DUB|Q70EL4|P37275,DUB|Q70EL4,DUB,Q70EL4,P37275,USP43,ZEB1,1,1,1,0.11149278283119202,neural_pair_scorer_resmlp_focal,focal
DUB|Q9P2H5|P03372,DUB|Q9P2H5,DUB,Q9P2H5,P03372,USP35,ESR1,1,1,1,0.9906428456306458,neural_pair_scorer_resmlp_focal,focal
DUB|Q9P2H5|P21796,DUB|Q9P2H5,DUB,Q9P2H5,P21796,USP35,VDAC1,1,1,1,0.5150699615478516,neural_pair_scorer_resmlp_focal,focal
DUB|Q9P2H5|Q8NFZ5,DUB|Q9P2H5,DUB,Q9P2H5,Q8NFZ5,USP35,TNIP2,1,1,1,0.9925548434257507,neural_pair_scorer_resmlp_focal,focal
DUB|Q9P2H5|Q96GD4,DUB|Q9P2H5,DUB,Q9P2H5,Q96GD4,USP35,AURKB,1,1,1,0.9930718541145325,neural_pair_scorer_resmlp_focal,focal
DUB|Q9UHP3|O00463,DUB|Q9UHP3,DUB,Q9UHP3,O00463,USP25,TRAF5,1,1,1,0.8225315809249878,neural_pair_scorer_resmlp_focal,focal
DUB|Q9UHP3|O95271,DUB|Q9UHP3,DUB,Q9UHP3,O95271,USP25,TNKS,1,1,1,0.9967633485794067,neural_pair_scorer_resmlp_focal,focal
DUB|Q9UHP3|P04234,DUB|Q9UHP3,DUB,Q9UHP3,P04234,USP25,CD3D,1,1,1,0.01931663788855076,neural_pair_scorer_resmlp_focal,focal
DUB|Q9UHP3|P05067,DUB|Q9UHP3,DUB,Q9UHP3,P05067,USP25,APP,1,1,1,0.9784960150718689,neural_pair_scorer_resmlp_focal,focal
DUB|Q9UHP3|P46531,DUB|Q9UHP3,DUB,Q9UHP3,P46531,USP25,NOTCH1,1,1,1,0.9927605390548706,neural_pair_scorer_resmlp_focal,focal
DUB|Q9UHP3|P50991,DUB|Q9UHP3,DUB,Q9UHP3,P50991,USP25,CCT4,1,1,1,0.8840639591217041,neural_pair_scorer_resmlp_focal,focal
DUB|Q9UHP3|Q13114,DUB|Q9UHP3,DUB,Q9UHP3,Q13114,USP25,TRAF3,1,1,1,0.9049301147460938,neural_pair_scorer_resmlp_focal,focal
DUB|Q9UHP3|Q8N4S9,DUB|Q9UHP3,DUB,Q9UHP3,Q8N4S9,USP25,MARVELD2,1,1,1,0.0190749391913414,neural_pair_scorer_resmlp_focal,focal
DUB|Q9UHP3|Q9Y4K3,DUB|Q9UHP3,DUB,Q9UHP3,Q9Y4K3,USP25,TRAF6,1,1,1,0.9923548698425293,neural_pair_scorer_resmlp_focal,focal
DUB|Q9Y4E8|O15111,DUB|Q9Y4E8,DUB,Q9Y4E8,O15111,USP15,CHUK,1,1,1,0.9948587417602539,neural_pair_scorer_resmlp_focal,focal
DUB|Q9Y4E8|O43541,DUB|Q9Y4E8,DUB,Q9Y4E8,O43541,USP15,SMAD6,1,1,1,0.9790888428688049,neural_pair_scorer_resmlp_focal,focal
DUB|Q9Y4E8|O95140,DUB|Q9Y4E8,DUB,Q9Y4E8,O95140,USP15,MFN2,1,1,1,0.10421960055828094,neural_pair_scorer_resmlp_focal,focal
DUB|Q9Y4E8|O95786,DUB|Q9Y4E8,DUB,Q9Y4E8,O95786,USP15,DDX58,1,1,1,0.9950921535491943,neural_pair_scorer_resmlp_focal,focal
DUB|Q9Y4E8|P21796,DUB|Q9Y4E8,DUB,Q9Y4E8,P21796,USP15,VDAC1,1,1,1,0.07157307118177414,neural_pair_scorer_resmlp_focal,focal
DUB|Q9Y4E8|P25054,DUB|Q9Y4E8,DUB,Q9Y4E8,P25054,USP15,APC,1,1,1,0.8730437755584717,neural_pair_scorer_resmlp_focal,focal
DUB|Q9Y4E8|P25963,DUB|Q9Y4E8,DUB,Q9Y4E8,P25963,USP15,NFKBIA,1,1,1,0.9972602128982544,neural_pair_scorer_resmlp_focal,focal
DUB|Q9Y4E8|P35222,DUB|Q9Y4E8,DUB,Q9Y4E8,P35222,USP15,CTNNB1,1,1,1,0.9941990375518799,neural_pair_scorer_resmlp_focal,focal
DUB|Q9Y4E8|P35659,DUB|Q9Y4E8,DUB,Q9Y4E8,P35659,USP15,DEK,1,1,1,0.9850001335144043,neural_pair_scorer_resmlp_focal,focal
DUB|Q9Y4E8|P36894,DUB|Q9Y4E8,DUB,Q9Y4E8,P36894,USP15,BMPR1A,1,1,1,0.047276485711336136,neural_pair_scorer_resmlp_focal,focal
DUB|Q9Y4E8|P36897,DUB|Q9Y4E8,DUB,Q9Y4E8,P36897,USP15,TGFBR1,1,1,1,0.6706404089927673,neural_pair_scorer_resmlp_focal,focal
DUB|Q9Y4E8|P42574,DUB|Q9Y4E8,DUB,Q9Y4E8,P42574,USP15,CASP3,1,1,1,0.5490555763244629,neural_pair_scorer_resmlp_focal,focal
DUB|Q9Y4E8|P51449,DUB|Q9Y4E8,DUB,Q9Y4E8,P51449,USP15,RORC,1,1,1,0.9959050416946411,neural_pair_scorer_resmlp_focal,focal
DUB|Q9Y4E8|P55212,DUB|Q9Y4E8,DUB,Q9Y4E8,P55212,USP15,CASP6,1,1,1,0.4023377001285553,neural_pair_scorer_resmlp_focal,focal
DUB|Q9Y4E8|P60842,DUB|Q9Y4E8,DUB,Q9Y4E8,P60842,USP15,EIF4A1,1,1,1,0.9970101118087769,neural_pair_scorer_resmlp_focal,focal
DUB|Q9Y4E8|P62807,DUB|Q9Y4E8,DUB,Q9Y4E8,P62807,USP15,HIST1H2BI,1,1,1,0.9926525354385376,neural_pair_scorer_resmlp_focal,focal
DUB|Q9Y4E8|P62877,DUB|Q9Y4E8,DUB,Q9Y4E8,P62877,USP15,RBX1,1,1,1,0.8285993337631226,neural_pair_scorer_resmlp_focal,focal
DUB|Q9Y4E8|P84022,DUB|Q9Y4E8,DUB,Q9Y4E8,P84022,USP15,SMAD3,1,1,1,0.9975355863571167,neural_pair_scorer_resmlp_focal,focal
DUB|Q9Y4E8|Q00987,DUB|Q9Y4E8,DUB,Q9Y4E8,Q00987,USP15,MDM2,1,1,1,0.9957492351531982,neural_pair_scorer_resmlp_focal,focal
DUB|Q9Y4E8|Q04206,DUB|Q9Y4E8,DUB,Q9Y4E8,Q04206,USP15,RELA,1,1,1,0.9975123405456543,neural_pair_scorer_resmlp_focal,focal
DUB|Q9Y4E8|Q13127,DUB|Q9Y4E8,DUB,Q9Y4E8,Q13127,USP15,REST,1,1,1,0.9951992630958557,neural_pair_scorer_resmlp_focal,focal
DUB|Q9Y4E8|Q13451,DUB|Q9Y4E8,DUB,Q9Y4E8,Q13451,USP15,FKBP5,1,1,1,0.9950503706932068,neural_pair_scorer_resmlp_focal,focal
DUB|Q9Y4E8|Q13501,DUB|Q9Y4E8,DUB,Q9Y4E8,Q13501,USP15,SQSTM1,1,1,1,0.9953336119651794,neural_pair_scorer_resmlp_focal,focal
DUB|Q9Y4E8|Q14145,DUB|Q9Y4E8,DUB,Q9Y4E8,Q14145,USP15,KEAP1,1,1,1,0.9623410701751709,neural_pair_scorer_resmlp_focal,focal
DUB|Q9Y4E8|Q14258,DUB|Q9Y4E8,DUB,Q9Y4E8,Q14258,USP15,TRIM25,1,1,1,0.9929012656211853,neural_pair_scorer_resmlp_focal,focal
DUB|Q9Y4E8|Q14494,DUB|Q9Y4E8,DUB,Q9Y4E8,Q14494,USP15,NFE2L1,1,1,1,0.9957948923110962,neural_pair_scorer_resmlp_focal,focal
DUB|Q9Y4E8|Q15020,DUB|Q9Y4E8,DUB,Q9Y4E8,Q15020,USP15,SART3,1,1,1,0.993350088596344,neural_pair_scorer_resmlp_focal,focal
DUB|Q9Y4E8|Q15796,DUB|Q9Y4E8,DUB,Q9Y4E8,Q15796,USP15,SMAD2,1,1,1,0.997195839881897,neural_pair_scorer_resmlp_focal,focal
DUB|Q9Y4E8|Q15797,DUB|Q9Y4E8,DUB,Q9Y4E8,Q15797,USP15,SMAD1,1,1,1,0.9976281523704529,neural_pair_scorer_resmlp_focal,focal
DUB|Q9Y4E8|Q16656,DUB|Q9Y4E8,DUB,Q9Y4E8,Q16656,USP15,NRF1,1,1,1,0.994158148765564,neural_pair_scorer_resmlp_focal,focal
DUB|Q9Y4E8|Q16778,DUB|Q9Y4E8,DUB,Q9Y4E8,Q16778,USP15,HIST2H2BE,1,1,1,0.9923323392868042,neural_pair_scorer_resmlp_focal,focal
DUB|Q9Y4E8|Q6N021,DUB|Q9Y4E8,DUB,Q9Y4E8,Q6N021,USP15,TET2,1,1,1,0.992301344871521,neural_pair_scorer_resmlp_focal,focal
DUB|Q9Y4E8|Q7Z569,DUB|Q9Y4E8,DUB,Q9Y4E8,Q7Z569,USP15,BRAP,1,1,1,0.9942845702171326,neural_pair_scorer_resmlp_focal,focal
DUB|Q9Y4E8|Q8WWY3,DUB|Q9Y4E8,DUB,Q9Y4E8,Q8WWY3,USP15,PRPF31,1,1,1,0.9764994978904724,neural_pair_scorer_resmlp_focal,focal
DUB|Q9Y4E8|Q9H257,DUB|Q9Y4E8,DUB,Q9Y4E8,Q9H257,USP15,CARD9,1,1,1,0.8308916091918945,neural_pair_scorer_resmlp_focal,focal
DUB|Q9Y4E8|Q9HAU4,DUB|Q9Y4E8,DUB,Q9Y4E8,Q9HAU4,USP15,SMURF2,1,1,1,0.9881288409233093,neural_pair_scorer_resmlp_focal,focal
DUB|Q9Y4E8|Q9NVV4,DUB|Q9Y4E8,DUB,Q9Y4E8,Q9NVV4,USP15,MTPAP,1,1,1,0.979534387588501,neural_pair_scorer_resmlp_focal,focal
DUB|Q9Y4E8|Q9UHD2,DUB|Q9Y4E8,DUB,Q9Y4E8,Q9UHD2,USP15,TBK1,1,1,1,0.9944823980331421,neural_pair_scorer_resmlp_focal,focal
DUB|Q9Y5K5|P25963,DUB|Q9Y5K5,DUB,Q9Y5K5,P25963,UCHL5,NFKBIA,1,1,1,0.9877495169639587,neural_pair_scorer_resmlp_focal,focal
DUB|Q9Y5K5|P35228,DUB|Q9Y5K5,DUB,Q9Y5K5,P35228,UCHL5,NOS2,1,1,1,0.8806715607643127,neural_pair_scorer_resmlp_focal,focal
DUB|Q9Y5K5|P36897,DUB|Q9Y5K5,DUB,Q9Y5K5,P36897,UCHL5,TGFBR1,1,1,1,0.0590822659432888,neural_pair_scorer_resmlp_focal,focal
DUB|Q9Y5K5|Q01094,DUB|Q9Y5K5,DUB,Q9Y5K5,Q01094,UCHL5,E2F1,1,1,1,0.9630301594734192,neural_pair_scorer_resmlp_focal,focal
DUB|Q9Y5K5|Q6P4R8,DUB|Q9Y5K5,DUB,Q9Y5K5,Q6P4R8,UCHL5,NFRKB,1,1,1,0.7510203123092651,neural_pair_scorer_resmlp_focal,focal
DUB|Q9Y5K5|Q99835,DUB|Q9Y5K5,DUB,Q9Y5K5,Q99835,UCHL5,SMO,1,1,1,0.09384792298078537,neural_pair_scorer_resmlp_focal,focal
DUB|Q9Y5K5|Q9UMS4,DUB|Q9Y5K5,DUB,Q9Y5K5,Q9UMS4,UCHL5,PRPF19,1,1,1,0.9124179482460022,neural_pair_scorer_resmlp_focal,focal
E3|B3SRS0|Q96KG9,E3|B3SRS0,E3,B3SRS0,Q96KG9,,SCYL1,0,1,0,0.1539563089609146,neural_pair_scorer_resmlp_focal,focal
E3|B3SRS0|Q86VP3,E3|B3SRS0,E3,B3SRS0,Q86VP3,,PACS2,0,1,0,0.6060083508491516,neural_pair_scorer_resmlp_focal,focal
E3|O14508|P41182,E3|O14508,E3,O14508,P41182,SOCS2,BCL6,0,1,0,0.08416025340557098,neural_pair_scorer_resmlp_focal,focal
E3|O14508|Q70SY1,E3|O14508,E3,O14508,Q70SY1,SOCS2,CREB3L2,0,1,0,0.7335936427116394,neural_pair_scorer_resmlp_focal,focal
E3|O14508|P61587,E3|O14508,E3,O14508,P61587,SOCS2,RND3,0,1,0,0.013671280816197395,neural_pair_scorer_resmlp_focal,focal
E3|O15151|Q96EQ8,E3|O15151,E3,O15151,Q96EQ8,MDM4,RNF125,0,1,0,0.42636123299598694,neural_pair_scorer_resmlp_focal,focal
E3|O15151|Q8NEB9,E3|O15151,E3,O15151,Q8NEB9,MDM4,PIK3C3,0,1,0,0.4678332805633545,neural_pair_scorer_resmlp_focal,focal
E3|O15151|O60486,E3|O15151,E3,O15151,O60486,MDM4,PLXNC1,0,1,0,0.0434877946972847,neural_pair_scorer_resmlp_focal,focal
E3|O15151|Q16589,E3|O15151,E3,O15151,Q16589,MDM4,CCNG2,0,1,0,0.9711841344833374,neural_pair_scorer_resmlp_focal,focal
E3|O15344|Q96KB5,E3|O15344,E3,O15344,Q96KB5,MID1,PBK,0,1,0,0.9892812967300415,neural_pair_scorer_resmlp_focal,focal
E3|O15344|Q8WXF7,E3|O15344,E3,O15344,Q8WXF7,MID1,ATL1,0,1,0,0.03758725896477699,neural_pair_scorer_resmlp_focal,focal
E3|O15344|Q9NV92,E3|O15344,E3,O15344,Q9NV92,MID1,NDFIP2,0,1,0,0.004941526800394058,neural_pair_scorer_resmlp_focal,focal
E3|O15344|O75473,E3|O15344,E3,O15344,O75473,MID1,LGR5,0,1,0,0.007757129613310099,neural_pair_scorer_resmlp_focal,focal
E3|O15344|P06127,E3|O15344,E3,O15344,P06127,MID1,CD5,0,1,0,0.007006193045526743,neural_pair_scorer_resmlp_focal,focal
E3|O15344|P42336,E3|O15344,E3,O15344,P42336,MID1,PIK3CA,0,1,0,0.02248159795999527,neural_pair_scorer_resmlp_focal,focal
E3|O15344|P80192,E3|O15344,E3,O15344,P80192,MID1,MAP3K9,0,1,0,0.08829385787248611,neural_pair_scorer_resmlp_focal,focal
E3|O15344|P46109,E3|O15344,E3,O15344,P46109,MID1,CRKL,0,1,0,0.023342564702033997,neural_pair_scorer_resmlp_focal,focal
E3|O60260|Q8NEG5,E3|O60260,E3,O60260,Q8NEG5,PARK2,ZSWIM2,0,1,0,0.4967919886112213,neural_pair_scorer_resmlp_focal,focal
E3|O60260|O00418,E3|O60260,E3,O60260,O00418,PARK2,EEF2K,0,1,0,0.014719994738698006,neural_pair_scorer_resmlp_focal,focal
E3|O60260|P04085,E3|O60260,E3,O60260,P04085,PARK2,PDGFA,0,1,0,0.0146455317735672,neural_pair_scorer_resmlp_focal,focal
E3|O60260|P80192,E3|O60260,E3,O60260,P80192,PARK2,MAP3K9,0,1,0,0.013314406387507915,neural_pair_scorer_resmlp_focal,focal
E3|O60260|Q569H4,E3|O60260,E3,O60260,Q569H4,PARK2,PRR16,0,1,0,0.09309274703264236,neural_pair_scorer_resmlp_focal,focal
E3|O60260|P05777,E3|O60260,E3,O60260,P05777,PARK2,M,0,1,0,0.052328240126371384,neural_pair_scorer_resmlp_focal,focal
E3|O60260|Q92918,E3|O60260,E3,O60260,Q92918,PARK2,MAP4K1,0,1,0,0.021258192136883736,neural_pair_scorer_resmlp_focal,focal
E3|O60260|Q14324,E3|O60260,E3,O60260,Q14324,PARK2,MYBPC2,0,1,0,0.9012746810913086,neural_pair_scorer_resmlp_focal,focal
E3|O60260|Q15726,E3|O60260,E3,O60260,Q15726,PARK2,KISS1,0,1,0,0.01565294712781906,neural_pair_scorer_resmlp_focal,focal
E3|O60260|P14076,E3|O60260,E3,O60260,P14076,PARK2,gag,0,1,0,0.0358264334499836,neural_pair_scorer_resmlp_focal,focal
E3|O60260|P43360,E3|O60260,E3,O60260,P43360,PARK2,MAGEA6,0,1,0,0.0173178818076849,neural_pair_scorer_resmlp_focal,focal
E3|O60337|Q9P2X3,E3|O60337,E3,O60337,Q9P2X3,MARCHF6,IMPACT,0,1,0,0.24654392898082733,neural_pair_scorer_resmlp_focal,focal
E3|O60337|Q8TCG1,E3|O60337,E3,O60337,Q8TCG1,MARCHF6,CIP2A,0,1,0,0.9417140483856201,neural_pair_scorer_resmlp_focal,focal
E3|O60337|Q9NYY3,E3|O60337,E3,O60337,Q9NYY3,MARCHF6,PLK2,0,1,0,0.8716050982475281,neural_pair_scorer_resmlp_focal,focal
E3|O60337|P62993,E3|O60337,E3,O60337,P62993,MARCHF6,GRB2,0,1,0,0.3770630657672882,neural_pair_scorer_resmlp_focal,focal
E3|O94844|Q96FV9,E3|O94844,E3,O94844,Q96FV9,RHOBTB1,THOC1,0,1,0,0.4187086820602417,neural_pair_scorer_resmlp_focal,focal
E3|O94844|P19320,E3|O94844,E3,O94844,P19320,RHOBTB1,VCAM1,0,1,0,0.925505518913269,neural_pair_scorer_resmlp_focal,focal
E3|O94952|Q96AE4,E3|O94952,E3,O94952,Q96AE4,FBXO21,FUBP1,0,1,0,0.8478901386260986,neural_pair_scorer_resmlp_focal,focal
E3|O94952|Q05086,E3|O94952,E3,O94952,Q05086,FBXO21,UBE3A,0,1,0,0.10716542601585388,neural_pair_scorer_resmlp_focal,focal
E3|O94952|P43146,E3|O94952,E3,O94952,P43146,FBXO21,DCC,0,1,0,0.04485732689499855,neural_pair_scorer_resmlp_focal,focal
E3|O94952|P30838,E3|O94952,E3,O94952,P30838,FBXO21,ALDH3A1,0,1,0,0.5399574041366577,neural_pair_scorer_resmlp_focal,focal
E3|O94952|P17302,E3|O94952,E3,O94952,P17302,FBXO21,GJA1,0,1,0,0.011096794158220291,neural_pair_scorer_resmlp_focal,focal
E3|O94952|Q7Z2W7,E3|O94952,E3,O94952,Q7Z2W7,FBXO21,TRPM8,0,1,0,0.023464245721697807,neural_pair_scorer_resmlp_focal,focal
E3|O95071|Q9UJA2,E3|O95071,E3,O95071,Q9UJA2,UBR5,CRLS1,0,1,0,0.00736347958445549,neural_pair_scorer_resmlp_focal,focal
E3|O95071|P23919,E3|O95071,E3,O95071,P23919,UBR5,DTYMK,0,1,0,0.013703320175409317,neural_pair_scorer_resmlp_focal,focal
E3|O95071|Q9NWM3,E3|O95071,E3,O95071,Q9NWM3,UBR5,CUEDC1,0,1,0,0.17221835255622864,neural_pair_scorer_resmlp_focal,focal
E3|O95628|P31994,E3|O95628,E3,O95628,P31994,CNOT4,FCGR2B,0,1,0,0.01636955328285694,neural_pair_scorer_resmlp_focal,focal
E3|O95786|Q01664,E3|O95786,E3,O95786,Q01664,DDX58,TFAP4,0,1,0,0.9048586487770081,neural_pair_scorer_resmlp_focal,focal
E3|O95786|Q9UNN5,E3|O95786,E3,O95786,Q9UNN5,DDX58,FAF1,0,1,0,0.8907646536827087,neural_pair_scorer_resmlp_focal,focal
E3|P22681|Q08999,E3|P22681,E3,P22681,Q08999,CBL,RBL2,0,1,0,0.1317017823457718,neural_pair_scorer_resmlp_focal,focal
E3|P22681|Q9NQB0,E3|P22681,E3,P22681,Q9NQB0,CBL,TCF7L2,0,1,0,0.9065706729888916,neural_pair_scorer_resmlp_focal,focal
E3|P22681|Q15742,E3|P22681,E3,P22681,Q15742,CBL,NAB2,0,1,0,0.4024646580219269,neural_pair_scorer_resmlp_focal,focal
E3|P22681|O00308,E3|P22681,E3,P22681,O00308,CBL,WWP2,0,1,0,0.9079181551933289,neural_pair_scorer_resmlp_focal,focal
E3|P22681|P37275,E3|P22681,E3,P22681,P37275,CBL,ZEB1,0,1,0,0.1873796284198761,neural_pair_scorer_resmlp_focal,focal
E3|P22681|Q7L8J4,E3|P22681,E3,P22681,Q7L8J4,CBL,SH3BP5L,0,1,0,0.07920031994581223,neural_pair_scorer_resmlp_focal,focal
E3|P22681|O60381,E3|P22681,E3,P22681,O60381,CBL,HBP1,0,1,0,0.566539466381073,neural_pair_scorer_resmlp_focal,focal
E3|P22681|Q12888,E3|P22681,E3,P22681,Q12888,CBL,TP53BP1,0,1,0,0.8197318911552429,neural_pair_scorer_resmlp_focal,focal
E3|P22681|P17947,E3|P22681,E3,P22681,P17947,CBL,SPI1,0,1,0,0.9830290079116821,neural_pair_scorer_resmlp_focal,focal
E3|P22681|P62487,E3|P22681,E3,P22681,P62487,CBL,POLR2G,0,1,0,0.9204443097114563,neural_pair_scorer_resmlp_focal,focal
E3|P22681|P50458,E3|P22681,E3,P22681,P50458,CBL,LHX2,0,1,0,0.18741871416568756,neural_pair_scorer_resmlp_focal,focal
E3|P22681|Q9H9R9,E3|P22681,E3,P22681,Q9H9R9,CBL,DBNDD1,0,1,0,0.12281332910060883,neural_pair_scorer_resmlp_focal,focal
E3|P22681|Q14190,E3|P22681,E3,P22681,Q14190,CBL,SIM2,0,1,0,0.9588581323623657,neural_pair_scorer_resmlp_focal,focal
E3|P22681|P02751,E3|P22681,E3,P22681,P02751,CBL,FN1,0,1,0,0.09868237376213074,neural_pair_scorer_resmlp_focal,focal
E3|P22681|P43694,E3|P22681,E3,P22681,P43694,CBL,GATA4,0,1,0,0.14604322612285614,neural_pair_scorer_resmlp_focal,focal
E3|P22681|P31937,E3|P22681,E3,P22681,P31937,CBL,HIBADH,0,1,0,0.0326215997338295,neural_pair_scorer_resmlp_focal,focal
E3|P22681|P15173,E3|P22681,E3,P22681,P15173,CBL,MYOG,0,1,0,0.9569646716117859,neural_pair_scorer_resmlp_focal,focal
E3|P22681|Q15386,E3|P22681,E3,P22681,Q15386,CBL,UBE3C,0,1,0,0.09959802031517029,neural_pair_scorer_resmlp_focal,focal
E3|P22681|P61968,E3|P22681,E3,P22681,P61968,CBL,LMO4,0,1,0,0.296529084444046,neural_pair_scorer_resmlp_focal,focal
E3|P22681|P19237,E3|P22681,E3,P22681,P19237,CBL,TNNI1,0,1,0,0.0697067603468895,neural_pair_scorer_resmlp_focal,focal
E3|P22681|Q9NXR8,E3|P22681,E3,P22681,Q9NXR8,CBL,ING3,0,1,0,0.16285213828086853,neural_pair_scorer_resmlp_focal,focal
E3|P22681|Q86U70,E3|P22681,E3,P22681,Q86U70,CBL,LDB1,0,1,0,0.013108428567647934,neural_pair_scorer_resmlp_focal,focal
E3|P22681|P15923,E3|P22681,E3,P22681,P15923,CBL,TCF3,0,1,0,0.27717891335487366,neural_pair_scorer_resmlp_focal,focal
E3|P22681|P12004,E3|P22681,E3,P22681,P12004,CBL,PCNA,0,1,0,0.8740021586418152,neural_pair_scorer_resmlp_focal,focal
E3|P22681|O00330,E3|P22681,E3,P22681,O00330,CBL,PDHX,0,1,0,0.2447538673877716,neural_pair_scorer_resmlp_focal,focal
E3|P22681|P08678,E3|P22681,E3,P22681,P08678,CBL,CYR1,0,1,0,0.5072018504142761,neural_pair_scorer_resmlp_focal,focal
E3|P22681|P54725,E3|P22681,E3,P22681,P54725,CBL,RAD23A,0,1,0,0.08003052324056625,neural_pair_scorer_resmlp_focal,focal
E3|P22681|P20700,E3|P22681,E3,P22681,P20700,CBL,LMNB1,0,1,0,0.22875535488128662,neural_pair_scorer_resmlp_focal,focal
E3|P22681|P12755,E3|P22681,E3,P22681,P12755,CBL,SKI,0,1,0,0.8879761099815369,neural_pair_scorer_resmlp_focal,focal
E3|P22681|P10244,E3|P22681,E3,P22681,P10244,CBL,MYBL2,0,1,0,0.7443830966949463,neural_pair_scorer_resmlp_focal,focal
E3|P22681|P10193,E3|P22681,E3,P22681,P10193,CBL,UL9,0,1,0,0.13556928932666779,neural_pair_scorer_resmlp_focal,focal
E3|P22681|O75417,E3|P22681,E3,P22681,O75417,CBL,POLQ,0,1,0,0.4947105050086975,neural_pair_scorer_resmlp_focal,focal
E3|P22681|Q9NS37,E3|P22681,E3,P22681,Q9NS37,CBL,CREBZF,0,1,0,0.41149505972862244,neural_pair_scorer_resmlp_focal,focal
E3|P22681|O76021,E3|P22681,E3,P22681,O76021,CBL,RSL1D1,0,1,0,0.12364393472671509,neural_pair_scorer_resmlp_focal,focal
E3|P22681|Q99814,E3|P22681,E3,P22681,Q99814,CBL,EPAS1,0,1,0,0.9892197251319885,neural_pair_scorer_resmlp_focal,focal
E3|P22681|P49450,E3|P22681,E3,P22681,P49450,CBL,CENPA,0,1,0,0.030584732070565224,neural_pair_scorer_resmlp_focal,focal
E3|P22681|O60885,E3|P22681,E3,P22681,O60885,CBL,BRD4,0,1,0,0.5708176493644714,neural_pair_scorer_resmlp_focal,focal
E3|P41002|Q99759,E3|P41002,E3,P41002,Q99759,CCNF,MAP3K3,0,1,0,0.2700437307357788,neural_pair_scorer_resmlp_focal,focal
E3|P41002|O15503,E3|P41002,E3,P41002,O15503,CCNF,INSIG1,0,1,0,0.24125909805297852,neural_pair_scorer_resmlp_focal,focal
E3|P41002|Q8WU17,E3|P41002,E3,P41002,Q8WU17,CCNF,RNF139,0,1,0,0.06952739506959915,neural_pair_scorer_resmlp_focal,focal
E3|P50876|P06935,E3|P50876,E3,P50876,P06935,RNF144A,,0,1,0,0.03527407348155975,neural_pair_scorer_resmlp_focal,focal
E3|P50876|O75444,E3|P50876,E3,P50876,O75444,RNF144A,MAF,0,1,0,0.41784435510635376,neural_pair_scorer_resmlp_focal,focal
E3|P78317|P01857,E3|P78317,E3,P78317,P01857,RNF4,IGHG1,0,1,0,0.09411691874265671,neural_pair_scorer_resmlp_focal,focal
E3|P78317|Q96PH1,E3|P78317,E3,P78317,Q96PH1,RNF4,NOX5,0,1,0,0.004427328705787659,neural_pair_scorer_resmlp_focal,focal
E3|P78317|P55017,E3|P78317,E3,P78317,P55017,RNF4,SLC12A3,0,1,0,0.005573145113885403,neural_pair_scorer_resmlp_focal,focal
E3|P78317|P43003,E3|P78317,E3,P78317,P43003,RNF4,SLC1A3,0,1,0,0.005774916149675846,neural_pair_scorer_resmlp_focal,focal
E3|P78317|O00330,E3|P78317,E3,P78317,O00330,RNF4,PDHX,0,1,0,0.015163050033152103,neural_pair_scorer_resmlp_focal,focal
E3|Q05086|Q96EQ8,E3|Q05086,E3,Q05086,Q96EQ8,UBE3A,RNF125,0,1,0,0.023618387058377266,neural_pair_scorer_resmlp_focal,focal
E3|Q05086|Q00059,E3|Q05086,E3,Q05086,Q00059,UBE3A,TFAM,0,1,0,0.028109386563301086,neural_pair_scorer_resmlp_focal,focal
E3|Q05086|Q8IXI2,E3|Q05086,E3,Q05086,Q8IXI2,UBE3A,RHOT1,0,1,0,0.38881048560142517,neural_pair_scorer_resmlp_focal,focal
E3|Q05086|O60858,E3|Q05086,E3,Q05086,O60858,UBE3A,TRIM13,0,1,0,0.016808832064270973,neural_pair_scorer_resmlp_focal,focal
E3|Q05086|P80192,E3|Q05086,E3,Q05086,P80192,UBE3A,MAP3K9,0,1,0,0.40510615706443787,neural_pair_scorer_resmlp_focal,focal
E3|Q05086|O76074,E3|Q05086,E3,Q05086,O76074,UBE3A,PDE5A,0,1,0,0.6778746247291565,neural_pair_scorer_resmlp_focal,focal
E3|Q05086|P29475,E3|Q05086,E3,Q05086,P29475,UBE3A,NOS1,0,1,0,0.5800009369850159,neural_pair_scorer_resmlp_focal,focal
E3|Q05086|P49675,E3|Q05086,E3,Q05086,P49675,UBE3A,STAR,0,1,0,0.022510280832648277,neural_pair_scorer_resmlp_focal,focal
E3|Q05086|P08678,E3|Q05086,E3,Q05086,P08678,UBE3A,CYR1,0,1,0,0.3244706988334656,neural_pair_scorer_resmlp_focal,focal
E3|Q05086|P15813,E3|Q05086,E3,Q05086,P15813,UBE3A,CD1D,0,1,0,0.013256967067718506,neural_pair_scorer_resmlp_focal,focal
E3|Q05086|P01023,E3|Q05086,E3,Q05086,P01023,UBE3A,A2M,0,1,0,0.015336280688643456,neural_pair_scorer_resmlp_focal,focal
E3|Q05086|P02765,E3|Q05086,E3,Q05086,P02765,UBE3A,AHSG,0,1,0,0.01851910538971424,neural_pair_scorer_resmlp_focal,focal
E3|Q05086|P41180,E3|Q05086,E3,Q05086,P41180,UBE3A,CASR,0,1,0,0.06184515729546547,neural_pair_scorer_resmlp_focal,focal
E3|Q05086|Q15849,E3|Q05086,E3,Q05086,Q15849,UBE3A,SLC14A2,0,1,0,0.6791428923606873,neural_pair_scorer_resmlp_focal,focal
E3|Q05086|P15260,E3|Q05086,E3,Q05086,P15260,UBE3A,IFNGR1,0,1,0,0.028522882610559464,neural_pair_scorer_resmlp_focal,focal
E3|Q05086|Q9BYM8,E3|Q05086,E3,Q05086,Q9BYM8,UBE3A,RBCK1,0,1,0,0.11047165840864182,neural_pair_scorer_resmlp_focal,focal
E3|Q05086|P46695,E3|Q05086,E3,Q05086,P46695,UBE3A,IER3,0,1,0,0.11818893253803253,neural_pair_scorer_resmlp_focal,focal
E3|Q05086|O43734,E3|Q05086,E3,Q05086,O43734,UBE3A,TRAF3IP2,0,1,0,0.05129987373948097,neural_pair_scorer_resmlp_focal,focal
E3|Q12834|P15151,E3|Q12834,E3,Q12834,P15151,CDC20,PVR,0,1,0,0.021710915490984917,neural_pair_scorer_resmlp_focal,focal
E3|Q12834|Q13740,E3|Q12834,E3,Q12834,Q13740,CDC20,ALCAM,0,1,0,0.7708826661109924,neural_pair_scorer_resmlp_focal,focal
E3|Q12834|Q08AJ9,E3|Q12834,E3,Q12834,Q08AJ9,CDC20,HIST1H2AB,0,1,0,0.9945726990699768,neural_pair_scorer_resmlp_focal,focal
E3|Q12834|Q00059,E3|Q12834,E3,Q12834,Q00059,CDC20,TFAM,0,1,0,0.9888054132461548,neural_pair_scorer_resmlp_focal,focal
E3|Q13064|Q96BF3,E3|Q13064,E3,Q13064,Q96BF3,MKRN3,TMIGD2,0,1,0,0.03879565745592117,neural_pair_scorer_resmlp_focal,focal
E3|Q13064|Q9UQK1,E3|Q13064,E3,Q13064,Q9UQK1,MKRN3,PPP1R3C,0,1,0,0.3397861123085022,neural_pair_scorer_resmlp_focal,focal
E3|Q13114|P30291,E3|Q13114,E3,Q13114,P30291,TRAF3,WEE1,0,1,0,0.08121345192193985,neural_pair_scorer_resmlp_focal,focal
E3|Q13114|Q8IYD8,E3|Q13114,E3,Q13114,Q8IYD8,TRAF3,FANCM,0,1,0,0.6715145707130432,neural_pair_scorer_resmlp_focal,focal
E3|Q13114|P0C0S5,E3|Q13114,E3,Q13114,P0C0S5,TRAF3,H2AZ1,0,1,0,0.9791820049285889,neural_pair_scorer_resmlp_focal,focal
E3|Q13114|O00308,E3|Q13114,E3,Q13114,O00308,TRAF3,WWP2,0,1,0,0.8397229313850403,neural_pair_scorer_resmlp_focal,focal
E3|Q13114|Q9UBP5,E3|Q13114,E3,Q13114,Q9UBP5,TRAF3,HEY2,0,1,0,0.9009420871734619,neural_pair_scorer_resmlp_focal,focal
E3|Q13114|O60486,E3|Q13114,E3,Q13114,O60486,TRAF3,PLXNC1,0,1,0,0.011054432950913906,neural_pair_scorer_resmlp_focal,focal
E3|Q13216|P62324,E3|Q13216,E3,Q13216,P62324,ERCC8,BTG1,0,1,0,0.9308127164840698,neural_pair_scorer_resmlp_focal,focal
E3|Q13216|P60321,E3|Q13216,E3,Q13216,P60321,ERCC8,NANOS2,0,1,0,0.9678826332092285,neural_pair_scorer_resmlp_focal,focal
E3|Q149N8|P31323,E3|Q149N8,E3,Q149N8,P31323,SHPRH,PRKAR2B,0,1,0,0.9146211743354797,neural_pair_scorer_resmlp_focal,focal
E3|Q149N8|P23258,E3|Q149N8,E3,Q149N8,P23258,SHPRH,TUBG1,0,1,0,0.037827786058187485,neural_pair_scorer_resmlp_focal,focal
E3|Q53G59|P61328,E3|Q53G59,E3,Q53G59,P61328,KLHL12,FGF12,0,1,0,0.2877293825149536,neural_pair_scorer_resmlp_focal,focal
E3|Q53G59|P25116,E3|Q53G59,E3,Q53G59,P25116,KLHL12,F2R,0,1,0,0.015162394382059574,neural_pair_scorer_resmlp_focal,focal
E3|Q53G59|P16150,E3|Q53G59,E3,Q53G59,P16150,KLHL12,SPN,0,1,0,0.15513072907924652,neural_pair_scorer_resmlp_focal,focal
E3|Q53G59|Q9NZ52,E3|Q53G59,E3,Q53G59,Q9NZ52,KLHL12,GGA3,0,1,0,0.3763691782951355,neural_pair_scorer_resmlp_focal,focal
E3|Q53G59|P00367,E3|Q53G59,E3,Q53G59,P00367,KLHL12,GLUD1,0,1,0,0.06591113656759262,neural_pair_scorer_resmlp_focal,focal
E3|Q53G59|O00584,E3|Q53G59,E3,Q53G59,O00584,KLHL12,RNASET2,0,1,0,0.21791471540927887,neural_pair_scorer_resmlp_focal,focal
E3|Q53G59|Q16611,E3|Q53G59,E3,Q53G59,Q16611,KLHL12,BAK1,0,1,0,0.05352179706096649,neural_pair_scorer_resmlp_focal,focal
E3|Q53GT1|P43005,E3|Q53GT1,E3,Q53GT1,P43005,KLHL22,SLC1A1,0,1,0,0.007182363420724869,neural_pair_scorer_resmlp_focal,focal
E3|Q5T0T0|Q9NXR8,E3|Q5T0T0,E3,Q5T0T0,Q9NXR8,MARCHF8,ING3,0,1,0,0.011559206061065197,neural_pair_scorer_resmlp_focal,focal
E3|Q5T0T0|Q8NEA6,E3|Q5T0T0,E3,Q5T0T0,Q8NEA6,MARCHF8,GLIS3,0,1,0,0.01590915396809578,neural_pair_scorer_resmlp_focal,focal
E3|Q5T0T0|P49715,E3|Q5T0T0,E3,Q5T0T0,P49715,MARCHF8,CEBPA,0,1,0,0.01235914509743452,neural_pair_scorer_resmlp_focal,focal
E3|Q5T0T0|O60381,E3|Q5T0T0,E3,Q5T0T0,O60381,MARCHF8,HBP1,0,1,0,0.008034711703658104,neural_pair_scorer_resmlp_focal,focal
E3|Q5T0T0|Q969G3,E3|Q5T0T0,E3,Q5T0T0,Q969G3,MARCHF8,SMARCE1,0,1,0,0.8890695571899414,neural_pair_scorer_resmlp_focal,focal
E3|Q5T0T0|P12757,E3|Q5T0T0,E3,Q5T0T0,P12757,MARCHF8,SKIL,0,1,0,0.04868553578853607,neural_pair_scorer_resmlp_focal,focal
E3|Q5T0T0|Q13077,E3|Q5T0T0,E3,Q5T0T0,Q13077,MARCHF8,TRAF1,0,1,0,0.5620490312576294,neural_pair_scorer_resmlp_focal,focal
E3|Q5T0T0|P05777,E3|Q5T0T0,E3,Q5T0T0,P05777,MARCHF8,M,0,1,0,0.036992039531469345,neural_pair_scorer_resmlp_focal,focal
E3|Q5T0T0|Q8NEG5,E3|Q5T0T0,E3,Q5T0T0,Q8NEG5,MARCHF8,ZSWIM2,0,1,0,0.012289407663047314,neural_pair_scorer_resmlp_focal,focal
E3|Q5T0T0|Q9BSI4,E3|Q5T0T0,E3,Q5T0T0,Q9BSI4,MARCHF8,TINF2,0,1,0,0.08503390848636627,neural_pair_scorer_resmlp_focal,focal
E3|Q5T0T0|P61328,E3|Q5T0T0,E3,Q5T0T0,P61328,MARCHF8,FGF12,0,1,0,0.5522478222846985,neural_pair_scorer_resmlp_focal,focal
E3|Q5T0T0|P25791,E3|Q5T0T0,E3,Q5T0T0,P25791,MARCHF8,LMO2,0,1,0,0.16120381653308868,neural_pair_scorer_resmlp_focal,focal
E3|Q5T0T0|Q8WW12,E3|Q5T0T0,E3,Q5T0T0,Q8WW12,MARCHF8,PCNP,0,1,0,0.02748280204832554,neural_pair_scorer_resmlp_focal,focal
E3|Q5T0T0|Q9UBZ9,E3|Q5T0T0,E3,Q5T0T0,Q9UBZ9,MARCHF8,REV1,0,1,0,0.00798613578081131,neural_pair_scorer_resmlp_focal,focal
E3|Q5T0T0|Q01826,E3|Q5T0T0,E3,Q5T0T0,Q01826,MARCHF8,SATB1,0,1,0,0.09090309590101242,neural_pair_scorer_resmlp_focal,focal
E3|Q5T0T0|Q8IZQ8,E3|Q5T0T0,E3,Q5T0T0,Q8IZQ8,MARCHF8,MYOCD,0,1,0,0.012149903923273087,neural_pair_scorer_resmlp_focal,focal
E3|Q5TC82|Q5VSY0,E3|Q5TC82,E3,Q5TC82,Q5VSY0,RC3H1,GKAP1,0,1,0,0.6253593564033508,neural_pair_scorer_resmlp_focal,focal
E3|Q5XPI4|P23025,E3|Q5XPI4,E3,Q5XPI4,P23025,RNF123,XPA,0,1,0,0.04845835641026497,neural_pair_scorer_resmlp_focal,focal
E3|Q5XPI4|P20963,E3|Q5XPI4,E3,Q5XPI4,P20963,RNF123,CD247,0,1,0,0.024527261033654213,neural_pair_scorer_resmlp_focal,focal
E3|Q5XPI4|Q99708,E3|Q5XPI4,E3,Q5XPI4,Q99708,RNF123,RBBP8,0,1,0,0.10414477437734604,neural_pair_scorer_resmlp_focal,focal
E3|Q5XPI4|P04439,E3|Q5XPI4,E3,Q5XPI4,P04439,RNF123,HLA-A,0,1,0,0.021034428849816322,neural_pair_scorer_resmlp_focal,focal
E3|Q5XPI4|P56545,E3|Q5XPI4,E3,Q5XPI4,P56545,RNF123,CTBP2,0,1,0,0.014760228805243969,neural_pair_scorer_resmlp_focal,focal
E3|Q6TDP4|O43164,E3|Q6TDP4,E3,Q6TDP4,O43164,KLHL17,PJA2,0,1,0,0.7872487902641296,neural_pair_scorer_resmlp_focal,focal
E3|Q6TDP4|P04085,E3|Q6TDP4,E3,Q6TDP4,P04085,KLHL17,PDGFA,0,1,0,0.01580929197371006,neural_pair_scorer_resmlp_focal,focal
E3|Q6VVB1|P68133,E3|Q6VVB1,E3,Q6VVB1,P68133,NHLRC1,ACTA1,0,1,0,0.8777331709861755,neural_pair_scorer_resmlp_focal,focal
E3|Q6VVB1|Q9NV92,E3|Q6VVB1,E3,Q6VVB1,Q9NV92,NHLRC1,NDFIP2,0,1,0,0.01683327741920948,neural_pair_scorer_resmlp_focal,focal
E3|Q6VVB1|O60343,E3|Q6VVB1,E3,Q6VVB1,O60343,NHLRC1,TBC1D4,0,1,0,0.9906858801841736,neural_pair_scorer_resmlp_focal,focal
E3|Q6VVB1|Q9Y6W8,E3|Q6VVB1,E3,Q6VVB1,Q9Y6W8,NHLRC1,ICOS,0,1,0,0.09924416244029999,neural_pair_scorer_resmlp_focal,focal
E3|Q6ZW49|Q96NT3,E3|Q6ZW49,E3,Q6ZW49,Q96NT3,PAXIP1,GUCD1,0,1,0,0.10240869224071503,neural_pair_scorer_resmlp_focal,focal
E3|Q7Z6E9|Q9H5V8,E3|Q7Z6E9,E3,Q7Z6E9,Q9H5V8,RBBP6,CDCP1,0,1,0,0.012735201977193356,neural_pair_scorer_resmlp_focal,focal
E3|Q7Z6M2|P52566,E3|Q7Z6M2,E3,Q7Z6M2,P52566,FBXO33,ARHGDIB,0,1,0,0.7587019205093384,neural_pair_scorer_resmlp_focal,focal
E3|Q7Z6M2|P20671,E3|Q7Z6M2,E3,Q7Z6M2,P20671,FBXO33,H2AC7,0,1,0,0.014938815496861935,neural_pair_scorer_resmlp_focal,focal
E3|Q7Z6M2|P01732,E3|Q7Z6M2,E3,Q7Z6M2,P01732,FBXO33,CD8A,0,1,0,0.03236695006489754,neural_pair_scorer_resmlp_focal,focal
E3|Q7Z6M2|P50552,E3|Q7Z6M2,E3,Q7Z6M2,P50552,FBXO33,VASP,0,1,0,0.21280322968959808,neural_pair_scorer_resmlp_focal,focal
E3|Q86T96|Q6UVJ0,E3|Q86T96,E3,Q86T96,Q6UVJ0,RNF180,SASS6,0,1,0,0.07591123133897781,neural_pair_scorer_resmlp_focal,focal
E3|Q86YT6|P05777,E3|Q86YT6,E3,Q86YT6,P05777,MIB1,M,0,1,0,0.022640516981482506,neural_pair_scorer_resmlp_focal,focal
E3|Q86YT6|Q96BF6,E3|Q86YT6,E3,Q86YT6,Q96BF6,MIB1,NACC2,0,1,0,0.5182185173034668,neural_pair_scorer_resmlp_focal,focal
E3|Q86YT6|P62487,E3|Q86YT6,E3,Q86YT6,P62487,MIB1,POLR2G,0,1,0,0.32317349314689636,neural_pair_scorer_resmlp_focal,focal
E3|Q86YT6|Q99759,E3|Q86YT6,E3,Q86YT6,Q99759,MIB1,MAP3K3,0,1,0,0.7186614871025085,neural_pair_scorer_resmlp_focal,focal
E3|Q86YT6|P41182,E3|Q86YT6,E3,Q86YT6,P41182,MIB1,BCL6,0,1,0,0.7897866368293762,neural_pair_scorer_resmlp_focal,focal
E3|Q86YT6|P56545,E3|Q86YT6,E3,Q86YT6,P56545,MIB1,CTBP2,0,1,0,0.19820941984653473,neural_pair_scorer_resmlp_focal,focal
E3|Q8IYM9|O95994,E3|Q8IYM9,E3,Q8IYM9,O95994,TRIM22,AGR2,0,1,0,0.012800361029803753,neural_pair_scorer_resmlp_focal,focal
E3|Q8IYW5|Q96JN8,E3|Q8IYW5,E3,Q8IYW5,Q96JN8,RNF168,NEURL4,0,1,0,0.8723296523094177,neural_pair_scorer_resmlp_focal,focal
E3|Q8IYW5|Q9NRD5,E3|Q8IYW5,E3,Q8IYW5,Q9NRD5,RNF168,PICK1,0,1,0,0.06192365288734436,neural_pair_scorer_resmlp_focal,focal
E3|Q8IYW5|A6MI22,E3|Q8IYW5,E3,Q8IYW5,A6MI22,RNF168,tat,0,1,0,0.01337587833404541,neural_pair_scorer_resmlp_focal,focal
E3|Q8IYW5|O95295,E3|Q8IYW5,E3,Q8IYW5,O95295,RNF168,SNAPIN,0,1,0,0.9878396391868591,neural_pair_scorer_resmlp_focal,focal
E3|Q8IYW5|Q9P2A4,E3|Q8IYW5,E3,Q8IYW5,Q9P2A4,RNF168,ABI3,0,1,0,0.6894030570983887,neural_pair_scorer_resmlp_focal,focal
E3|Q8IYW5|P07355,E3|Q8IYW5,E3,Q8IYW5,P07355,RNF168,ANXA2,0,1,0,0.7810397744178772,neural_pair_scorer_resmlp_focal,focal
E3|Q8IYW5|P49327,E3|Q8IYW5,E3,Q8IYW5,P49327,RNF168,FASN,0,1,0,0.8405992984771729,neural_pair_scorer_resmlp_focal,focal
E3|Q8IYW5|Q92813,E3|Q8IYW5,E3,Q8IYW5,Q92813,RNF168,DIO2,0,1,0,0.014945821836590767,neural_pair_scorer_resmlp_focal,focal
E3|Q8IYW5|Q9Y2T1,E3|Q8IYW5,E3,Q8IYW5,Q9Y2T1,RNF168,AXIN2,0,1,0,0.9110152125358582,neural_pair_scorer_resmlp_focal,focal
E3|Q8IYW5|Q5UEC6,E3|Q8IYW5,E3,Q8IYW5,Q5UEC6,RNF168,EB1,0,1,0,0.9773992300033569,neural_pair_scorer_resmlp_focal,focal
E3|Q8IYW5|P48200,E3|Q8IYW5,E3,Q8IYW5,P48200,RNF168,IREB2,0,1,0,0.9187541007995605,neural_pair_scorer_resmlp_focal,focal
E3|Q8N1E6|Q9HAW4,E3|Q8N1E6,E3,Q8N1E6,Q9HAW4,FBXL14,CLSPN,0,1,0,0.9386286735534668,neural_pair_scorer_resmlp_focal,focal
E3|Q8N1E6|Q9UIS9,E3|Q8N1E6,E3,Q8N1E6,Q9UIS9,FBXL14,MBD1,0,1,0,0.9579946994781494,neural_pair_scorer_resmlp_focal,focal
E3|Q8N1E6|P98161,E3|Q8N1E6,E3,Q8N1E6,P98161,FBXL14,PKD1,0,1,0,0.021440481767058372,neural_pair_scorer_resmlp_focal,focal
E3|Q8N1E6|Q5Y7A7,E3|Q8N1E6,E3,Q8N1E6,Q5Y7A7,FBXL14,HLA-DRB1,0,1,0,0.00807095319032669,neural_pair_scorer_resmlp_focal,focal
E3|Q8N1E6|Q15386,E3|Q8N1E6,E3,Q8N1E6,Q15386,FBXL14,UBE3C,0,1,0,0.08193112164735794,neural_pair_scorer_resmlp_focal,focal
E3|Q8N3Y1|Q99759,E3|Q8N3Y1,E3,Q8N3Y1,Q99759,FBXW8,MAP3K3,0,1,0,0.11528453230857849,neural_pair_scorer_resmlp_focal,focal
E3|Q8N3Y1|Q92674,E3|Q8N3Y1,E3,Q8N3Y1,Q92674,FBXW8,CENPI,0,1,0,0.9219126105308533,neural_pair_scorer_resmlp_focal,focal
E3|Q8N3Y1|Q9Y5M8,E3|Q8N3Y1,E3,Q8N3Y1,Q9Y5M8,FBXW8,SRPRB,0,1,0,0.012672428041696548,neural_pair_scorer_resmlp_focal,focal
E3|Q8N3Y1|Q9BXB1,E3|Q8N3Y1,E3,Q8N3Y1,Q9BXB1,FBXW8,LGR4,0,1,0,0.0824444517493248,neural_pair_scorer_resmlp_focal,focal
E3|Q8N3Y1|P29033,E3|Q8N3Y1,E3,Q8N3Y1,P29033,FBXW8,GJB2,0,1,0,0.037089768797159195,neural_pair_scorer_resmlp_focal,focal
E3|Q8NCQ5|P04554,E3|Q8NCQ5,E3,Q8NCQ5,P04554,FBXO15,PRM2,0,1,0,0.02955230325460434,neural_pair_scorer_resmlp_focal,focal
E3|Q8NCQ5|P26045,E3|Q8NCQ5,E3,Q8NCQ5,P26045,FBXO15,PTPN3,0,1,0,0.12456142157316208,neural_pair_scorer_resmlp_focal,focal
E3|Q8NCQ5|Q6UVJ0,E3|Q8NCQ5,E3,Q8NCQ5,Q6UVJ0,FBXO15,SASS6,0,1,0,0.6135048270225525,neural_pair_scorer_resmlp_focal,focal
E3|Q8NCQ5|P63252,E3|Q8NCQ5,E3,Q8NCQ5,P63252,FBXO15,KCNJ2,0,1,0,0.008919170126318932,neural_pair_scorer_resmlp_focal,focal
E3|Q8NFZ0|P10193,E3|Q8NFZ0,E3,Q8NFZ0,P10193,FBXO18,UL9,0,1,0,0.9145857691764832,neural_pair_scorer_resmlp_focal,focal
E3|Q8NFZ0|P11021,E3|Q8NFZ0,E3,Q8NFZ0,P11021,FBXO18,HSPA5,0,1,0,0.03775345906615257,neural_pair_scorer_resmlp_focal,focal
E3|Q8NFZ0|Q96A32,E3|Q8NFZ0,E3,Q8NFZ0,Q96A32,FBXO18,MYLPF,0,1,0,0.01994776912033558,neural_pair_scorer_resmlp_focal,focal
E3|Q8NFZ0|Q5Y7A7,E3|Q8NFZ0,E3,Q8NFZ0,Q5Y7A7,FBXO18,HLA-DRB1,0,1,0,0.007805837318301201,neural_pair_scorer_resmlp_focal,focal
E3|Q8NFZ0|Q9P0P0,E3|Q8NFZ0,E3,Q8NFZ0,Q9P0P0,FBXO18,RNF181,0,1,0,0.0232174564152956,neural_pair_scorer_resmlp_focal,focal
E3|Q8NG06|Q9H5J0,E3|Q8NG06,E3,Q8NG06,Q9H5J0,TRIM58,ZBTB3,0,1,0,0.9618720412254333,neural_pair_scorer_resmlp_focal,focal
E3|Q8NG06|P60321,E3|Q8NG06,E3,Q8NG06,P60321,TRIM58,NANOS2,0,1,0,0.901091992855072,neural_pair_scorer_resmlp_focal,focal
E3|Q8NG06|Q01628,E3|Q8NG06,E3,Q8NG06,Q01628,TRIM58,IFITM3,0,1,0,0.013126100413501263,neural_pair_scorer_resmlp_focal,focal
E3|Q8NG06|A8MYT4,E3|Q8NG06,E3,Q8NG06,A8MYT4,TRIM58,PIK3C3,0,1,0,0.9375596642494202,neural_pair_scorer_resmlp_focal,focal
E3|Q8NHY2|Q8N907,E3|Q8NHY2,E3,Q8NHY2,Q8N907,COP1,DAND5,0,1,0,0.00887554045766592,neural_pair_scorer_resmlp_focal,focal
E3|Q8NHY2|Q15465,E3|Q8NHY2,E3,Q8NHY2,Q15465,COP1,SHH,0,1,0,0.025459036231040955,neural_pair_scorer_resmlp_focal,focal
E3|Q8NHY2|Q9UNE0,E3|Q8NHY2,E3,Q8NHY2,Q9UNE0,COP1,EDAR,0,1,0,0.414605975151062,neural_pair_scorer_resmlp_focal,focal
E3|Q8NHY2|Q9P055,E3|Q8NHY2,E3,Q8NHY2,Q9P055,COP1,JKAMP,0,1,0,0.007664894685149193,neural_pair_scorer_resmlp_focal,focal
E3|Q8NHY2|O60858,E3|Q8NHY2,E3,Q8NHY2,O60858,COP1,TRIM13,0,1,0,0.017989780753850937,neural_pair_scorer_resmlp_focal,focal
E3|Q8NHY2|Q9H4P4,E3|Q8NHY2,E3,Q8NHY2,Q9H4P4,COP1,RNF41,0,1,0,0.017581559717655182,neural_pair_scorer_resmlp_focal,focal
E3|Q8NHY2|Q8NHL6,E3|Q8NHY2,E3,Q8NHY2,Q8NHL6,COP1,LILRB1,0,1,0,0.009937465190887451,neural_pair_scorer_resmlp_focal,focal
E3|Q8NHY2|Q9Y6W8,E3|Q8NHY2,E3,Q8NHY2,Q9Y6W8,COP1,ICOS,0,1,0,0.015985824167728424,neural_pair_scorer_resmlp_focal,focal
E3|Q8NHY2|Q8N8V4,E3|Q8NHY2,E3,Q8NHY2,Q8N8V4,COP1,ANKS4B,0,1,0,0.015985779464244843,neural_pair_scorer_resmlp_focal,focal
E3|Q8NHY2|Q9NZ52,E3|Q8NHY2,E3,Q8NHY2,Q9NZ52,COP1,GGA3,0,1,0,0.5540993213653564,neural_pair_scorer_resmlp_focal,focal
E3|Q8NHY2|Q969V5,E3|Q8NHY2,E3,Q8NHY2,Q969V5,COP1,MUL1,0,1,0,0.06390407681465149,neural_pair_scorer_resmlp_focal,focal
E3|Q8NHY2|O43521,E3|Q8NHY2,E3,Q8NHY2,O43521,COP1,BCL2L11,0,1,0,0.9885089993476868,neural_pair_scorer_resmlp_focal,focal
E3|Q8NHY2|P02765,E3|Q8NHY2,E3,Q8NHY2,P02765,COP1,AHSG,0,1,0,0.014028370380401611,neural_pair_scorer_resmlp_focal,focal
E3|Q8NHY2|P01880,E3|Q8NHY2,E3,Q8NHY2,P01880,COP1,IGHD,0,1,0,0.02348022535443306,neural_pair_scorer_resmlp_focal,focal
E3|Q8TE67|P48048,E3|Q8TE67,E3,Q8TE67,P48048,EPS8L3,KCNJ1,0,1,0,0.7397416830062866,neural_pair_scorer_resmlp_focal,focal
E3|Q8TEB1|P19429,E3|Q8TEB1,E3,Q8TEB1,P19429,DCAF11,TNNI3,0,1,0,0.02738209255039692,neural_pair_scorer_resmlp_focal,focal
E3|Q8TEB1|P30305,E3|Q8TEB1,E3,Q8TEB1,P30305,DCAF11,CDC25B,0,1,0,0.39146360754966736,neural_pair_scorer_resmlp_focal,focal
E3|Q8TEB1|Q9BXC9,E3|Q8TEB1,E3,Q8TEB1,Q9BXC9,DCAF11,BBS2,0,1,0,0.8770572543144226,neural_pair_scorer_resmlp_focal,focal
E3|Q8TEB1|P43357,E3|Q8TEB1,E3,Q8TEB1,P43357,DCAF11,MAGEA3,0,1,0,0.8436295986175537,neural_pair_scorer_resmlp_focal,focal
E3|Q8TEB1|P08034,E3|Q8TEB1,E3,Q8TEB1,P08034,DCAF11,GJB1,0,1,0,0.007815448567271233,neural_pair_scorer_resmlp_focal,focal
E3|Q8TEB1|O00303,E3|Q8TEB1,E3,Q8TEB1,O00303,DCAF11,EIF3F,0,1,0,0.10869686305522919,neural_pair_scorer_resmlp_focal,focal
E3|Q8TEB1|Q16342,E3|Q8TEB1,E3,Q8TEB1,Q16342,DCAF11,PDCD2,0,1,0,0.12137695401906967,neural_pair_scorer_resmlp_focal,focal
E3|Q8TEB1|O15145,E3|Q8TEB1,E3,Q8TEB1,O15145,DCAF11,ARPC3,0,1,0,0.05696387216448784,neural_pair_scorer_resmlp_focal,focal
E3|Q8WU17|P17844,E3|Q8WU17,E3,Q8WU17,P17844,RNF139,DDX5,0,1,0,0.016047576442360878,neural_pair_scorer_resmlp_focal,focal
E3|Q8WU17|P30838,E3|Q8WU17,E3,Q8WU17,P30838,RNF139,ALDH3A1,0,1,0,0.026601437479257584,neural_pair_scorer_resmlp_focal,focal
E3|Q8WU17|P43268,E3|Q8WU17,E3,Q8WU17,P43268,RNF139,ETV4,0,1,0,0.004936487879604101,neural_pair_scorer_resmlp_focal,focal
E3|Q8WV16|O14763,E3|Q8WV16,E3,Q8WV16,O14763,DCAF4,TNFRSF10B,0,1,0,0.012212359346449375,neural_pair_scorer_resmlp_focal,focal
E3|Q8WV16|O95863,E3|Q8WV16,E3,Q8WV16,O95863,DCAF4,SNAI1,0,1,0,0.996531069278717,neural_pair_scorer_resmlp_focal,focal
E3|Q8WV16|P51825,E3|Q8WV16,E3,Q8WV16,P51825,DCAF4,AFF1,0,1,0,0.9957797527313232,neural_pair_scorer_resmlp_focal,focal
E3|Q8WV16|P04908,E3|Q8WV16,E3,Q8WV16,P04908,DCAF4,H2AC4,0,1,0,0.9938685297966003,neural_pair_scorer_resmlp_focal,focal
E3|Q8WV44|P55211,E3|Q8WV44,E3,Q8WV44,P55211,TRIM41,CASP9,0,1,0,0.029678568243980408,neural_pair_scorer_resmlp_focal,focal
E3|Q8WXH5|Q07812,E3|Q8WXH5,E3,Q8WXH5,Q07812,SOCS4,BAX,0,1,0,0.6899415850639343,neural_pair_scorer_resmlp_focal,focal
E3|Q8WXH5|Q9C026,E3|Q8WXH5,E3,Q8WXH5,Q9C026,SOCS4,TRIM9,0,1,0,0.012558369897305965,neural_pair_scorer_resmlp_focal,focal
E3|Q8WY64|Q9H8M7,E3|Q8WY64,E3,Q8WY64,Q9H8M7,MYLIP,FAM188A,0,1,0,0.025532329455018044,neural_pair_scorer_resmlp_focal,focal
E3|Q8WY64|Q9UBR4,E3|Q8WY64,E3,Q8WY64,Q9UBR4,MYLIP,LHX3,0,1,0,0.9861471056938171,neural_pair_scorer_resmlp_focal,focal
E3|Q8WY64|Q9UHV7,E3|Q8WY64,E3,Q8WY64,Q9UHV7,MYLIP,MED13,0,1,0,0.30890023708343506,neural_pair_scorer_resmlp_focal,focal
E3|Q8WY64|Q9H4L7,E3|Q8WY64,E3,Q8WY64,Q9H4L7,MYLIP,SMARCAD1,0,1,0,0.7431609630584717,neural_pair_scorer_resmlp_focal,focal
E3|Q8WZ19|P08138,E3|Q8WZ19,E3,Q8WZ19,P08138,KCTD13,NGFR,0,1,0,0.898010790348053,neural_pair_scorer_resmlp_focal,focal
E3|Q96MT1|Q9NS23,E3|Q96MT1,E3,Q96MT1,Q9NS23,RNF145,RASSF1,0,1,0,0.6163774728775024,neural_pair_scorer_resmlp_focal,focal
E3|Q96S21|Q99878,E3|Q96S21,E3,Q96S21,Q99878,RAB40C,H2AC14,0,1,0,0.8472424745559692,neural_pair_scorer_resmlp_focal,focal
E3|Q99728|P31785,E3|Q99728,E3,Q99728,P31785,BARD1,IL2RG,0,1,0,0.011241687461733818,neural_pair_scorer_resmlp_focal,focal
E3|Q99728|Q9H5V8,E3|Q99728,E3,Q99728,Q9H5V8,BARD1,CDCP1,0,1,0,0.01560602430254221,neural_pair_scorer_resmlp_focal,focal
E3|Q9BUZ4|P02751,E3|Q9BUZ4,E3,Q9BUZ4,P02751,TRAF4,FN1,0,1,0,0.015665913000702858,neural_pair_scorer_resmlp_focal,focal
E3|Q9C019|O00584,E3|Q9C019,E3,Q9C019,O00584,TRIM15,RNASET2,0,1,0,0.047465987503528595,neural_pair_scorer_resmlp_focal,focal
E3|Q9C026|P01730,E3|Q9C026,E3,Q9C026,P01730,TRIM9,CD4,0,1,0,0.14061099290847778,neural_pair_scorer_resmlp_focal,focal
E3|Q9C026|Q9Y657,E3|Q9C026,E3,Q9C026,Q9Y657,TRIM9,SPIN1,0,1,0,0.42078468203544617,neural_pair_scorer_resmlp_focal,focal
E3|Q9C029|P04234,E3|Q9C029,E3,Q9C029,P04234,TRIM7,CD3D,0,1,0,0.01808999292552471,neural_pair_scorer_resmlp_focal,focal
E3|Q9C029|P01912,E3|Q9C029,E3,Q9C029,P01912,TRIM7,HLA-DRB1,0,1,0,0.012415117584168911,neural_pair_scorer_resmlp_focal,focal
E3|Q9C037|Q7Z434,E3|Q9C037,E3,Q9C037,Q7Z434,TRIM4,MAVS,0,1,0,0.964884340763092,neural_pair_scorer_resmlp_focal,focal
E3|Q9H0H3|P26038,E3|Q9H0H3,E3,Q9H0H3,P26038,KLHL25,MSN,0,1,0,0.9708524346351624,neural_pair_scorer_resmlp_focal,focal
E3|Q9H0H3|P30307,E3|Q9H0H3,E3,Q9H0H3,P30307,KLHL25,CDC25C,0,1,0,0.4205533564090729,neural_pair_scorer_resmlp_focal,focal
E3|Q9H0M0|P26927,E3|Q9H0M0,E3,Q9H0M0,P26927,WWP1,MST1,0,1,0,0.01993575505912304,neural_pair_scorer_resmlp_focal,focal
E3|Q9H0M0|P08678,E3|Q9H0M0,E3,Q9H0M0,P08678,WWP1,CYR1,0,1,0,0.10664650052785873,neural_pair_scorer_resmlp_focal,focal
E3|Q9H0M0|Q9UQK1,E3|Q9H0M0,E3,Q9H0M0,Q9UQK1,WWP1,PPP1R3C,0,1,0,0.017803147435188293,neural_pair_scorer_resmlp_focal,focal
E3|Q9H0M0|Q99648,E3|Q9H0M0,E3,Q9H0M0,Q99648,WWP1,CDCrel-1,0,1,0,0.6310935616493225,neural_pair_scorer_resmlp_focal,focal
E3|Q9H0M0|O76013,E3|Q9H0M0,E3,Q9H0M0,O76013,WWP1,KRT36,0,1,0,0.12666629254817963,neural_pair_scorer_resmlp_focal,focal
E3|Q9H0X6|P38398,E3|Q9H0X6,E3,Q9H0X6,P38398,RNF208,BRCA1,0,1,0,0.2928391695022583,neural_pair_scorer_resmlp_focal,focal
E3|Q9H0X6|P01911,E3|Q9H0X6,E3,Q9H0X6,P01911,RNF208,HLA-DRB1,0,1,0,0.037428662180900574,neural_pair_scorer_resmlp_focal,focal
E3|Q9H2C0|P46695,E3|Q9H2C0,E3,Q9H2C0,P46695,GAN,IER3,0,1,0,0.04535115510225296,neural_pair_scorer_resmlp_focal,focal
E3|Q9H2C0|Q9HCS4,E3|Q9H2C0,E3,Q9H2C0,Q9HCS4,GAN,TCF7L1,0,1,0,0.9839400053024292,neural_pair_scorer_resmlp_focal,focal
E3|Q9H2C0|P10523,E3|Q9H2C0,E3,Q9H2C0,P10523,GAN,SAG,0,1,0,0.2548411190509796,neural_pair_scorer_resmlp_focal,focal
E3|Q9H2C0|O75581,E3|Q9H2C0,E3,Q9H2C0,O75581,GAN,LRP6,0,1,0,0.006706635467708111,neural_pair_scorer_resmlp_focal,focal
E3|Q9HCI7|P01730,E3|Q9HCI7,E3,Q9HCI7,P01730,MSL2,CD4,0,1,0,0.08708128333091736,neural_pair_scorer_resmlp_focal,focal
E3|Q9HCI7|Q8ND25,E3|Q9HCI7,E3,Q9HCI7,Q8ND25,MSL2,ZNRF1,0,1,0,0.01191951334476471,neural_pair_scorer_resmlp_focal,focal
E3|Q9HCI7|P22681,E3|Q9HCI7,E3,Q9HCI7,P22681,MSL2,CBL,0,1,0,0.9835455417633057,neural_pair_scorer_resmlp_focal,focal
E3|Q9HCI7|O43734,E3|Q9HCI7,E3,Q9HCI7,O43734,MSL2,TRAF3IP2,0,1,0,0.9483234286308289,neural_pair_scorer_resmlp_focal,focal
E3|Q9HCI7|P37088,E3|Q9HCI7,E3,Q9HCI7,P37088,MSL2,SCNN1A,0,1,0,0.04888595640659332,neural_pair_scorer_resmlp_focal,focal
E3|Q9HCI7|Q15836,E3|Q9HCI7,E3,Q9HCI7,Q15836,MSL2,VAMP3,0,1,0,0.06404811888933182,neural_pair_scorer_resmlp_focal,focal
E3|Q9NPC3|O60858,E3|Q9NPC3,E3,Q9NPC3,O60858,CCNB1IP1,TRIM13,0,1,0,0.9538609385490417,neural_pair_scorer_resmlp_focal,focal
E3|Q9NS91|P29322,E3|Q9NS91,E3,Q9NS91,P29322,RAD18,EPHA8,0,1,0,0.008130509406328201,neural_pair_scorer_resmlp_focal,focal
E3|Q9NS91|P12318,E3|Q9NS91,E3,Q9NS91,P12318,RAD18,FCGR2A,0,1,0,0.00686392979696393,neural_pair_scorer_resmlp_focal,focal
E3|Q9NS91|Q14114,E3|Q9NS91,E3,Q9NS91,Q14114,RAD18,LRP8,0,1,0,0.0062367478385567665,neural_pair_scorer_resmlp_focal,focal
E3|Q9NVF7|Q13702,E3|Q9NVF7,E3,Q9NVF7,Q13702,FBXO28,RAPSN,0,1,0,0.030174775049090385,neural_pair_scorer_resmlp_focal,focal
E3|Q9NVW2|P35626,E3|Q9NVW2,E3,Q9NVW2,P35626,RLIM,ADRBK2,0,1,0,0.16369041800498962,neural_pair_scorer_resmlp_focal,focal
E3|Q9NVW2|P23258,E3|Q9NVW2,E3,Q9NVW2,P23258,RLIM,TUBG1,0,1,0,0.18232133984565735,neural_pair_scorer_resmlp_focal,focal
E3|Q9NVW2|Q8NHG8,E3|Q9NVW2,E3,Q9NVW2,Q8NHG8,RLIM,ZNRF2,0,1,0,0.9654424786567688,neural_pair_scorer_resmlp_focal,focal
E3|Q9NVW2|O43156,E3|Q9NVW2,E3,Q9NVW2,O43156,RLIM,TTI1,0,1,0,0.09395751357078552,neural_pair_scorer_resmlp_focal,focal
E3|Q9NVW2|Q99962,E3|Q9NVW2,E3,Q9NVW2,Q99962,RLIM,SH3GL2,0,1,0,0.02136390656232834,neural_pair_scorer_resmlp_focal,focal
E3|Q9NVW2|Q9BZY9,E3|Q9NVW2,E3,Q9NVW2,Q9BZY9,RLIM,TRIM31,0,1,0,0.27517935633659363,neural_pair_scorer_resmlp_focal,focal
E3|Q9NVW2|P11686,E3|Q9NVW2,E3,Q9NVW2,P11686,RLIM,SFTPC,0,1,0,0.034563589841127396,neural_pair_scorer_resmlp_focal,focal
E3|Q9NVW2|P51170,E3|Q9NVW2,E3,Q9NVW2,P51170,RLIM,SCNN1G,0,1,0,0.022351110354065895,neural_pair_scorer_resmlp_focal,focal
E3|Q9NVW2|P15260,E3|Q9NVW2,E3,Q9NVW2,P15260,RLIM,IFNGR1,0,1,0,0.2565245032310486,neural_pair_scorer_resmlp_focal,focal
E3|Q9NVW2|Q13564,E3|Q9NVW2,E3,Q9NVW2,Q13564,RLIM,NAE1,0,1,0,0.038783468306064606,neural_pair_scorer_resmlp_focal,focal
E3|Q9NWN3|P35613,E3|Q9NWN3,E3,Q9NWN3,P35613,FBXO34,BSG,0,1,0,0.032935600727796555,neural_pair_scorer_resmlp_focal,focal
E3|Q9NWN3|Q8NDV7,E3|Q9NWN3,E3,Q9NWN3,Q8NDV7,FBXO34,TNRC6A,0,1,0,0.7378680109977722,neural_pair_scorer_resmlp_focal,focal
E3|Q9NX47|O94992,E3|Q9NX47,E3,Q9NX47,O94992,MARCHF5,HEXIM1,0,1,0,0.34351402521133423,neural_pair_scorer_resmlp_focal,focal
E3|Q9NX47|P08047,E3|Q9NX47,E3,Q9NX47,P08047,MARCHF5,SP1,0,1,0,0.0237739197909832,neural_pair_scorer_resmlp_focal,focal
E3|Q9NX47|Q9BRJ6,E3|Q9NX47,E3,Q9NX47,Q9BRJ6,MARCHF5,C7orf50,0,1,0,0.05407284200191498,neural_pair_scorer_resmlp_focal,focal
E3|Q9NX47|Q9H6R0,E3|Q9NX47,E3,Q9NX47,Q9H6R0,MARCHF5,DHX33,0,1,0,0.17054720222949982,neural_pair_scorer_resmlp_focal,focal
E3|Q9NX47|Q14498,E3|Q9NX47,E3,Q9NX47,Q14498,MARCHF5,RBM39,0,1,0,0.30388253927230835,neural_pair_scorer_resmlp_focal,focal
E3|Q9NX47|Q9P0W2,E3|Q9NX47,E3,Q9NX47,Q9P0W2,MARCHF5,HMG20B,0,1,0,0.7754810452461243,neural_pair_scorer_resmlp_focal,focal
E3|Q9NX47|Q9UDY8,E3|Q9NX47,E3,Q9NX47,Q9UDY8,MARCHF5,MALT1,0,1,0,0.5476887822151184,neural_pair_scorer_resmlp_focal,focal
E3|Q9NX47|P24468,E3|Q9NX47,E3,Q9NX47,P24468,MARCHF5,NR2F2,0,1,0,0.2781626284122467,neural_pair_scorer_resmlp_focal,focal
E3|Q9NX47|Q16204,E3|Q9NX47,E3,Q9NX47,Q16204,MARCHF5,CCDC6,0,1,0,0.7538350820541382,neural_pair_scorer_resmlp_focal,focal
E3|Q9NX47|Q9UPP1,E3|Q9NX47,E3,Q9NX47,Q9UPP1,MARCHF5,PHF8,0,1,0,0.1191503256559372,neural_pair_scorer_resmlp_focal,focal
E3|Q9NX47|Q96AJ1,E3|Q9NX47,E3,Q9NX47,Q96AJ1,MARCHF5,CLUAP1,0,1,0,0.7259219884872437,neural_pair_scorer_resmlp_focal,focal
E3|Q9NX47|Q92985,E3|Q9NX47,E3,Q9NX47,Q92985,MARCHF5,IRF7,0,1,0,0.14106467366218567,neural_pair_scorer_resmlp_focal,focal
E3|Q9NX47|Q96GD4,E3|Q9NX47,E3,Q9NX47,Q96GD4,MARCHF5,AURKB,0,1,0,0.9173922538757324,neural_pair_scorer_resmlp_focal,focal
E3|Q9NX47|Q969R5,E3|Q9NX47,E3,Q9NX47,Q969R5,MARCHF5,L3MBTL2,0,1,0,0.09373007714748383,neural_pair_scorer_resmlp_focal,focal
E3|Q9NX47|Q16342,E3|Q9NX47,E3,Q9NX47,Q16342,MARCHF5,PDCD2,0,1,0,0.6279287934303284,neural_pair_scorer_resmlp_focal,focal
E3|Q9NX47|Q9NYB9,E3|Q9NX47,E3,Q9NX47,Q9NYB9,MARCHF5,ABI2,0,1,0,0.4222052991390228,neural_pair_scorer_resmlp_focal,focal
E3|Q9NX47|Q8N5C8,E3|Q9NX47,E3,Q9NX47,Q8N5C8,MARCHF5,TAB3,0,1,0,0.2200452983379364,neural_pair_scorer_resmlp_focal,focal
E3|Q9NX47|Q15554,E3|Q9NX47,E3,Q9NX47,Q15554,MARCHF5,TERF2,0,1,0,0.0466388575732708,neural_pair_scorer_resmlp_focal,focal
E3|Q9UHC7|Q13651,E3|Q9UHC7,E3,Q9UHC7,Q13651,MKRN1,IL10RA,0,1,0,0.016403447836637497,neural_pair_scorer_resmlp_focal,focal
E3|Q9UHC7|Q99541,E3|Q9UHC7,E3,Q9UHC7,Q99541,MKRN1,PLIN2,0,1,0,0.010929113253951073,neural_pair_scorer_resmlp_focal,focal
E3|Q9UHC7|Q86WG3,E3|Q9UHC7,E3,Q9UHC7,Q86WG3,MKRN1,ATCAY,0,1,0,0.9768030643463135,neural_pair_scorer_resmlp_focal,focal
E3|Q9UHC7|Q9UPW8,E3|Q9UHC7,E3,Q9UHC7,Q9UPW8,MKRN1,UNC13A,0,1,0,0.9868422150611877,neural_pair_scorer_resmlp_focal,focal
E3|Q9UHC7|P31146,E3|Q9UHC7,E3,Q9UHC7,P31146,MKRN1,CORO1A,0,1,0,0.9036813378334045,neural_pair_scorer_resmlp_focal,focal
E3|Q9UHC7|Q13415,E3|Q9UHC7,E3,Q9UHC7,Q13415,MKRN1,ORC1,0,1,0,0.5971766710281372,neural_pair_scorer_resmlp_focal,focal
E3|Q9UHC7|Q16637,E3|Q9UHC7,E3,Q9UHC7,Q16637,MKRN1,SMN1,0,1,0,0.9968723654747009,neural_pair_scorer_resmlp_focal,focal
E3|Q9UHC7|P31947,E3|Q9UHC7,E3,Q9UHC7,P31947,MKRN1,SFN,0,1,0,0.9963943362236023,neural_pair_scorer_resmlp_focal,focal
E3|Q9UHC7|Q9Y490,E3|Q9UHC7,E3,Q9UHC7,Q9Y490,MKRN1,TLN1,0,1,0,0.9267672896385193,neural_pair_scorer_resmlp_focal,focal
E3|Q9UHC7|Q13257,E3|Q9UHC7,E3,Q9UHC7,Q13257,MKRN1,MAD2L1,0,1,0,0.9956873059272766,neural_pair_scorer_resmlp_focal,focal
E3|Q9UHC7|O95140,E3|Q9UHC7,E3,Q9UHC7,O95140,MKRN1,MFN2,0,1,0,0.028990453109145164,neural_pair_scorer_resmlp_focal,focal
E3|Q9UHC7|O00635,E3|Q9UHC7,E3,Q9UHC7,O00635,MKRN1,TRIM38,0,1,0,0.011179543100297451,neural_pair_scorer_resmlp_focal,focal
E3|Q9UHC7|P35232,E3|Q9UHC7,E3,Q9UHC7,P35232,MKRN1,PHB,0,1,0,0.9604669809341431,neural_pair_scorer_resmlp_focal,focal
E3|Q9UHC7|O15357,E3|Q9UHC7,E3,Q9UHC7,O15357,MKRN1,INPPL1,0,1,0,0.6549529433250427,neural_pair_scorer_resmlp_focal,focal
E3|Q9UHC7|O75882,E3|Q9UHC7,E3,Q9UHC7,O75882,MKRN1,ATRN,0,1,0,0.09842108935117722,neural_pair_scorer_resmlp_focal,focal
E3|Q9UHC7|Q9NVI1,E3|Q9UHC7,E3,Q9UHC7,Q9NVI1,MKRN1,FANCI,0,1,0,0.9939965009689331,neural_pair_scorer_resmlp_focal,focal
E3|Q9UHC7|Q9UHN6,E3|Q9UHC7,E3,Q9UHC7,Q9UHN6,MKRN1,CEMIP2,0,1,0,0.18118293583393097,neural_pair_scorer_resmlp_focal,focal
E3|Q9UHC7|Q9UBF6,E3|Q9UHC7,E3,Q9UHC7,Q9UBF6,MKRN1,RNF7,0,1,0,0.9883208870887756,neural_pair_scorer_resmlp_focal,focal
E3|Q9UII4|Q9NZQ7,E3|Q9UII4,E3,Q9UII4,Q9NZQ7,HERC5,CD274,0,1,0,0.959908664226532,neural_pair_scorer_resmlp_focal,focal
E3|Q9ULV8|Q96RR4,E3|Q9ULV8,E3,Q9ULV8,Q96RR4,CBLC,CAMKK2,0,1,0,0.9516048431396484,neural_pair_scorer_resmlp_focal,focal
E3|Q9ULV8|O00763,E3|Q9ULV8,E3,Q9ULV8,O00763,CBLC,ACACB,0,1,0,0.007193352095782757,neural_pair_scorer_resmlp_focal,focal
E3|Q9ULV8|Q12929,E3|Q9ULV8,E3,Q9ULV8,Q12929,CBLC,EPS8,0,1,0,0.7382926344871521,neural_pair_scorer_resmlp_focal,focal
E3|Q9UPQ4|Q30154,E3|Q9UPQ4,E3,Q9UPQ4,Q30154,TRIM35,HLA-DRB5,0,1,0,0.009858244098722935,neural_pair_scorer_resmlp_focal,focal
E3|Q9Y297|Q13571,E3|Q9Y297,E3,Q9Y297,Q13571,BTRC,LAPTM5,0,1,0,0.023020511493086815,neural_pair_scorer_resmlp_focal,focal
E3|Q9Y297|Q8IZP1,E3|Q9Y297,E3,Q9Y297,Q8IZP1,BTRC,TBC1D3,0,1,0,0.635437548160553,neural_pair_scorer_resmlp_focal,focal
E3|Q9Y297|Q9Y3D6,E3|Q9Y297,E3,Q9Y297,Q9Y3D6,BTRC,FIS1,0,1,0,0.523360013961792,neural_pair_scorer_resmlp_focal,focal
E3|Q9Y297|Q9Y5Y9,E3|Q9Y297,E3,Q9Y297,Q9Y5Y9,BTRC,SCN10A,0,1,0,0.21466472744941711,neural_pair_scorer_resmlp_focal,focal
E3|Q9Y297|P06576,E3|Q9Y297,E3,Q9Y297,P06576,BTRC,ATP5F1B,0,1,0,0.7757634520530701,neural_pair_scorer_resmlp_focal,focal
E3|Q9Y297|O75882,E3|Q9Y297,E3,Q9Y297,O75882,BTRC,ATRN,0,1,0,0.1209641844034195,neural_pair_scorer_resmlp_focal,focal
E3|Q9Y297|Q15465,E3|Q9Y297,E3,Q9Y297,Q15465,BTRC,SHH,0,1,0,0.7678213715553284,neural_pair_scorer_resmlp_focal,focal
E3|Q9Y297|P79483,E3|Q9Y297,E3,Q9Y297,P79483,BTRC,HLA-DRB3,0,1,0,0.017676113173365593,neural_pair_scorer_resmlp_focal,focal
E3|Q9Y297|O43490,E3|Q9Y297,E3,Q9Y297,O43490,BTRC,PROM1,0,1,0,0.01807069405913353,neural_pair_scorer_resmlp_focal,focal
E3|Q9Y297|O95140,E3|Q9Y297,E3,Q9Y297,O95140,BTRC,MFN2,0,1,0,0.6884081363677979,neural_pair_scorer_resmlp_focal,focal
E3|Q9Y297|P54098,E3|Q9Y297,E3,Q9Y297,P54098,BTRC,POLG,0,1,0,0.49927374720573425,neural_pair_scorer_resmlp_focal,focal
E3|Q9Y297|O60294,E3|Q9Y297,E3,Q9Y297,O60294,BTRC,LCMT2,0,1,0,0.15187788009643555,neural_pair_scorer_resmlp_focal,focal
E3|Q9Y297|Q14896,E3|Q9Y297,E3,Q9Y297,Q14896,BTRC,MYBPC3,0,1,0,0.9528008103370667,neural_pair_scorer_resmlp_focal,focal
E3|Q9Y297|Q7Z434,E3|Q9Y297,E3,Q9Y297,Q7Z434,BTRC,MAVS,0,1,0,0.7369062900543213,neural_pair_scorer_resmlp_focal,focal
E3|Q9Y297|Q9NV92,E3|Q9Y297,E3,Q9Y297,Q9NV92,BTRC,NDFIP2,0,1,0,0.34501880407333374,neural_pair_scorer_resmlp_focal,focal
E3|Q9Y297|P08393,E3|Q9Y297,E3,Q9Y297,P08393,BTRC,ICP0,0,1,0,0.12731415033340454,neural_pair_scorer_resmlp_focal,focal
E3|Q9Y297|Q9HBA0,E3|Q9Y297,E3,Q9Y297,Q9HBA0,BTRC,TRPV4,0,1,0,0.5870671272277832,neural_pair_scorer_resmlp_focal,focal
E3|Q9Y297|Q16611,E3|Q9Y297,E3,Q9Y297,Q16611,BTRC,BAK1,0,1,0,0.5785509943962097,neural_pair_scorer_resmlp_focal,focal
E3|Q9Y297|P01023,E3|Q9Y297,E3,Q9Y297,P01023,BTRC,A2M,0,1,0,0.09788676351308823,neural_pair_scorer_resmlp_focal,focal
E3|Q9Y297|Q15386,E3|Q9Y297,E3,Q9Y297,Q15386,BTRC,UBE3C,0,1,0,0.20066428184509277,neural_pair_scorer_resmlp_focal,focal
E3|Q9Y297|Q9UQK1,E3|Q9Y297,E3,Q9Y297,Q9UQK1,BTRC,PPP1R3C,0,1,0,0.9169830083847046,neural_pair_scorer_resmlp_focal,focal
E3|Q9Y297|O76074,E3|Q9Y297,E3,Q9Y297,O76074,BTRC,PDE5A,0,1,0,0.9791655540466309,neural_pair_scorer_resmlp_focal,focal
E3|Q9Y297|O14543,E3|Q9Y297,E3,Q9Y297,O14543,BTRC,SOCS3,0,1,0,0.056104876101017,neural_pair_scorer_resmlp_focal,focal
E3|Q9Y297|P62253,E3|Q9Y297,E3,Q9Y297,P62253,BTRC,UBE2G1,0,1,0,0.15734058618545532,neural_pair_scorer_resmlp_focal,focal
E3|Q9Y297|P01848,E3|Q9Y297,E3,Q9Y297,P01848,BTRC,TRAC,0,1,0,0.696891725063324,neural_pair_scorer_resmlp_focal,focal
E3|Q9Y297|P10586,E3|Q9Y297,E3,Q9Y297,P10586,BTRC,PTPRF,0,1,0,0.09246717393398285,neural_pair_scorer_resmlp_focal,focal
E3|Q9Y297|O60762,E3|Q9Y297,E3,Q9Y297,O60762,BTRC,DPM1,0,1,0,0.9640663266181946,neural_pair_scorer_resmlp_focal,focal
E3|Q9Y297|Q14324,E3|Q9Y297,E3,Q9Y297,Q14324,BTRC,MYBPC2,0,1,0,0.9735115766525269,neural_pair_scorer_resmlp_focal,focal
E3|Q9Y297|Q9H9R9,E3|Q9Y297,E3,Q9Y297,Q9H9R9,BTRC,DBNDD1,0,1,0,0.9470170736312866,neural_pair_scorer_resmlp_focal,focal
E3|Q9Y297|Q9UKV5,E3|Q9Y297,E3,Q9Y297,Q9UKV5,BTRC,AMFR,0,1,0,0.04390642046928406,neural_pair_scorer_resmlp_focal,focal
E3|Q9Y297|O60858,E3|Q9Y297,E3,Q9Y297,O60858,BTRC,TRIM13,0,1,0,0.45472437143325806,neural_pair_scorer_resmlp_focal,focal
E3|Q9Y297|O95147,E3|Q9Y297,E3,Q9Y297,O95147,BTRC,NEK2,0,1,0,0.08829080313444138,neural_pair_scorer_resmlp_focal,focal
E3|Q9Y297|P25116,E3|Q9Y297,E3,Q9Y297,P25116,BTRC,F2R,0,1,0,0.011486129835247993,neural_pair_scorer_resmlp_focal,focal
E3|Q9Y297|P29034,E3|Q9Y297,E3,Q9Y297,P29034,BTRC,S100A2,0,1,0,0.09107352793216705,neural_pair_scorer_resmlp_focal,focal
E3|Q9Y297|P19429,E3|Q9Y297,E3,Q9Y297,P19429,BTRC,TNNI3,0,1,0,0.6544702053070068,neural_pair_scorer_resmlp_focal,focal
E3|Q9Y297|O95994,E3|Q9Y297,E3,Q9Y297,O95994,BTRC,AGR2,0,1,0,0.13100406527519226,neural_pair_scorer_resmlp_focal,focal
E3|Q9Y297|Q99538,E3|Q9Y297,E3,Q9Y297,Q99538,BTRC,LGMN,0,1,0,0.13791728019714355,neural_pair_scorer_resmlp_focal,focal
E3|Q9Y297|P04085,E3|Q9Y297,E3,Q9Y297,P04085,BTRC,PDGFA,0,1,0,0.17983195185661316,neural_pair_scorer_resmlp_focal,focal
E3|Q9Y297|Q13794,E3|Q9Y297,E3,Q9Y297,Q13794,BTRC,PMAIP1,0,1,0,0.8729497790336609,neural_pair_scorer_resmlp_focal,focal
E3|Q9Y297|Q9BV40,E3|Q9Y297,E3,Q9Y297,Q9BV40,BTRC,VAMP8,0,1,0,0.026805181056261063,neural_pair_scorer_resmlp_focal,focal
E3|Q9Y297|P03345,E3|Q9Y297,E3,Q9Y297,P03345,BTRC,gag,0,1,0,0.019203195348381996,neural_pair_scorer_resmlp_focal,focal
E3|Q9Y297|Q8NHL6,E3|Q9Y297,E3,Q9Y297,Q8NHL6,BTRC,LILRB1,0,1,0,0.05900115892291069,neural_pair_scorer_resmlp_focal,focal
E3|Q9Y297|Q9HB29,E3|Q9Y297,E3,Q9Y297,Q9HB29,BTRC,IL1RL2,0,1,0,0.23508548736572266,neural_pair_scorer_resmlp_focal,focal
E3|Q9Y297|Q92813,E3|Q9Y297,E3,Q9Y297,Q92813,BTRC,DIO2,0,1,0,0.8855762481689453,neural_pair_scorer_resmlp_focal,focal
E3|Q9Y297|Q03135,E3|Q9Y297,E3,Q9Y297,Q03135,BTRC,CAV1,0,1,0,0.13280661404132843,neural_pair_scorer_resmlp_focal,focal
E3|Q9Y297|Q9BYM8,E3|Q9Y297,E3,Q9Y297,Q9BYM8,BTRC,RBCK1,0,1,0,0.161563903093338,neural_pair_scorer_resmlp_focal,focal
E3|Q9Y297|Q9UNE0,E3|Q9Y297,E3,Q9Y297,Q9UNE0,BTRC,EDAR,0,1,0,0.9216424226760864,neural_pair_scorer_resmlp_focal,focal
E3|Q9Y297|O75473,E3|Q9Y297,E3,Q9Y297,O75473,BTRC,LGR5,0,1,0,0.09209267795085907,neural_pair_scorer_resmlp_focal,focal
E3|Q9Y297|Q9UKL4,E3|Q9Y297,E3,Q9Y297,Q9UKL4,BTRC,GJD2,0,1,0,0.24044106900691986,neural_pair_scorer_resmlp_focal,focal
E3|Q9Y297|Q12913,E3|Q9Y297,E3,Q9Y297,Q12913,BTRC,PTPRJ,0,1,0,0.4090256094932556,neural_pair_scorer_resmlp_focal,focal
E3|Q9Y297|P05777,E3|Q9Y297,E3,Q9Y297,P05777,BTRC,M,0,1,0,0.754593014717102,neural_pair_scorer_resmlp_focal,focal
E3|Q9Y2K7|Q9NRC1,E3|Q9Y2K7,E3,Q9Y2K7,Q9NRC1,KDM2A,ST7,0,1,0,0.02291356958448887,neural_pair_scorer_resmlp_focal,focal
E3|Q9Y2M5|P54829,E3|Q9Y2M5,E3,Q9Y2M5,P54829,KLHL20,STK36,0,1,0,0.2928241789340973,neural_pair_scorer_resmlp_focal,focal
E3|Q9Y4B6|P29475,E3|Q9Y4B6,E3,Q9Y4B6,P29475,DCAF1,NOS1,0,1,0,0.10260659456253052,neural_pair_scorer_resmlp_focal,focal
E3|Q9Y4B6|P05026,E3|Q9Y4B6,E3,Q9Y4B6,P05026,DCAF1,ATP1B1,0,1,0,0.008823556825518608,neural_pair_scorer_resmlp_focal,focal
E3|Q9Y4B6|Q92851,E3|Q9Y4B6,E3,Q9Y4B6,Q92851,DCAF1,CASP10,0,1,0,0.029705651104450226,neural_pair_scorer_resmlp_focal,focal
E3|Q9Y4B6|Q9NZ45,E3|Q9Y4B6,E3,Q9Y4B6,Q9NZ45,DCAF1,CISD1,0,1,0,0.008351042866706848,neural_pair_scorer_resmlp_focal,focal
E3|Q9Y4B6|Q7Z2W7,E3|Q9Y4B6,E3,Q9Y4B6,Q7Z2W7,DCAF1,TRPM8,0,1,0,0.02721850387752056,neural_pair_scorer_resmlp_focal,focal
E3|Q9Y4B6|O76074,E3|Q9Y4B6,E3,Q9Y4B6,O76074,DCAF1,PDE5A,0,1,0,0.2404264360666275,neural_pair_scorer_resmlp_focal,focal
E3|Q9Y4B6|P03129,E3|Q9Y4B6,E3,Q9Y4B6,P03129,DCAF1,E7,0,1,0,0.16303156316280365,neural_pair_scorer_resmlp_focal,focal
DUB|O75604|O15519,DUB|O75604,DUB,O75604,O15519,USP2,CFLAR,0,1,0,0.2214592695236206,neural_pair_scorer_resmlp_focal,focal
DUB|O75604|P42773,DUB|O75604,DUB,O75604,P42773,USP2,CDKN2C,0,1,0,0.5305377244949341,neural_pair_scorer_resmlp_focal,focal
DUB|O95630|P49411,DUB|O95630,DUB,O95630,P49411,STAMBP,TUFM,0,1,0,0.993115246295929,neural_pair_scorer_resmlp_focal,focal
DUB|P09936|Q9H7L9,DUB|P09936,DUB,P09936,Q9H7L9,UCHL1,SUDS3,0,1,0,0.21698097884655,neural_pair_scorer_resmlp_focal,focal
DUB|P09936|O43684,DUB|P09936,DUB,P09936,O43684,UCHL1,BUB3,0,1,0,0.47973841428756714,neural_pair_scorer_resmlp_focal,focal
DUB|P09936|P51965,DUB|P09936,DUB,P09936,P51965,UCHL1,UBE2E1,0,1,0,0.9770118594169617,neural_pair_scorer_resmlp_focal,focal
DUB|P09936|Q9H211,DUB|P09936,DUB,P09936,Q9H211,UCHL1,CDT1,0,1,0,0.8836179971694946,neural_pair_scorer_resmlp_focal,focal
DUB|P09936|P14780,DUB|P09936,DUB,P09936,P14780,UCHL1,MMP9,0,1,0,0.2248809039592743,neural_pair_scorer_resmlp_focal,focal
DUB|P09936|Q12888,DUB|P09936,DUB,P09936,Q12888,UCHL1,TP53BP1,0,1,0,0.9904487729072571,neural_pair_scorer_resmlp_focal,focal
DUB|P09936|Q6FI13,DUB|P09936,DUB,P09936,Q6FI13,UCHL1,HIST2H2AA4,0,1,0,0.033931706100702286,neural_pair_scorer_resmlp_focal,focal
DUB|P09936|Q9ULT8,DUB|P09936,DUB,P09936,Q9ULT8,UCHL1,HECTD1,0,1,0,0.059480633586645126,neural_pair_scorer_resmlp_focal,focal
DUB|P09936|O75461,DUB|P09936,DUB,P09936,O75461,UCHL1,E2F6,0,1,0,0.9572826027870178,neural_pair_scorer_resmlp_focal,focal
DUB|P21580|Q99835,DUB|P21580,DUB,P21580,Q99835,TNFAIP3,SMO,0,1,0,0.09849448502063751,neural_pair_scorer_resmlp_focal,focal
DUB|P21580|Q04771,DUB|P21580,DUB,P21580,Q04771,TNFAIP3,ACVR1,0,1,0,0.019611453637480736,neural_pair_scorer_resmlp_focal,focal
DUB|P21580|P33981,DUB|P21580,DUB,P21580,P33981,TNFAIP3,TTK,0,1,0,0.98798006772995,neural_pair_scorer_resmlp_focal,focal
DUB|P21580|Q13619,DUB|P21580,DUB,P21580,Q13619,TNFAIP3,CUL4A,0,1,0,0.20552818477153778,neural_pair_scorer_resmlp_focal,focal
DUB|P21580|O60337,DUB|P21580,DUB,P21580,O60337,TNFAIP3,MARCHF6,0,1,0,0.19950905442237854,neural_pair_scorer_resmlp_focal,focal
DUB|P21580|O95140,DUB|P21580,DUB,P21580,O95140,TNFAIP3,MFN2,0,1,0,0.5275590419769287,neural_pair_scorer_resmlp_focal,focal
DUB|Q01804|Q92819,DUB|Q01804,DUB,Q01804,Q92819,OTUD4,HAS2,0,1,0,0.3021371364593506,neural_pair_scorer_resmlp_focal,focal
DUB|Q01804|P33981,DUB|Q01804,DUB,Q01804,P33981,OTUD4,TTK,0,1,0,0.9209669232368469,neural_pair_scorer_resmlp_focal,focal
DUB|Q6GQQ9|Q15388,DUB|Q6GQQ9,DUB,Q6GQQ9,Q15388,OTUD7B,TOMM20,0,1,0,0.010792444460093975,neural_pair_scorer_resmlp_focal,focal
DUB|Q6GQQ9|P04629,DUB|Q6GQQ9,DUB,Q6GQQ9,P04629,OTUD7B,NTRK1,0,1,0,0.27843576669692993,neural_pair_scorer_resmlp_focal,focal
DUB|Q6GQQ9|Q8TB45,DUB|Q6GQQ9,DUB,Q6GQQ9,Q8TB45,OTUD7B,DEPTOR,0,1,0,0.9367920160293579,neural_pair_scorer_resmlp_focal,focal
DUB|Q70CQ3|Q13887,DUB|Q70CQ3,DUB,Q70CQ3,Q13887,USP30,KLF5,0,1,0,0.9348711371421814,neural_pair_scorer_resmlp_focal,focal
DUB|Q70CQ3|Q92905,DUB|Q70CQ3,DUB,Q70CQ3,Q92905,USP30,COPS5,0,1,0,0.7914476990699768,neural_pair_scorer_resmlp_focal,focal
DUB|Q70CQ3|Q92466,DUB|Q70CQ3,DUB,Q70CQ3,Q92466,USP30,DDB2,0,1,0,0.059867970645427704,neural_pair_scorer_resmlp_focal,focal
DUB|Q70CQ3|Q15154,DUB|Q70CQ3,DUB,Q70CQ3,Q15154,USP30,PCM1,0,1,0,0.8948708772659302,neural_pair_scorer_resmlp_focal,focal
DUB|Q70CQ3|Q05195,DUB|Q70CQ3,DUB,Q70CQ3,Q05195,USP30,MXD1,0,1,0,0.9681372046470642,neural_pair_scorer_resmlp_focal,focal
DUB|Q70CQ3|Q8WYQ5,DUB|Q70CQ3,DUB,Q70CQ3,Q8WYQ5,USP30,DGCR8,0,1,0,0.2391103208065033,neural_pair_scorer_resmlp_focal,focal
DUB|Q70CQ3|P16104,DUB|Q70CQ3,DUB,Q70CQ3,P16104,USP30,H2AFX,0,1,0,0.9839644432067871,neural_pair_scorer_resmlp_focal,focal
DUB|Q70EK9|Q99683,DUB|Q70EK9,DUB,Q70EK9,Q99683,USP51,MAP3K5,0,1,0,0.9810286164283752,neural_pair_scorer_resmlp_focal,focal
DUB|Q70EK9|Q9NR09,DUB|Q70EK9,DUB,Q70EK9,Q9NR09,USP51,BIRC6,0,1,0,0.977097749710083,neural_pair_scorer_resmlp_focal,focal
DUB|Q70EK9|Q16828,DUB|Q70EK9,DUB,Q70EK9,Q16828,USP51,DUSP6,0,1,0,0.12773552536964417,neural_pair_scorer_resmlp_focal,focal
DUB|Q70EK9|Q96JA1,DUB|Q70EK9,DUB,Q70EK9,Q96JA1,USP51,LRIG1,0,1,0,0.09431668370962143,neural_pair_scorer_resmlp_focal,focal
DUB|Q70EL4|Q01860,DUB|Q70EL4,DUB,Q70EL4,Q01860,USP43,POU5F1,0,1,0,0.8208888173103333,neural_pair_scorer_resmlp_focal,focal
DUB|Q70EL4|Q9BXW9,DUB|Q70EL4,DUB,Q70EL4,Q9BXW9,USP43,FANCD2,0,1,0,0.9736310243606567,neural_pair_scorer_resmlp_focal,focal
DUB|Q9P2H5|Q9Y256,DUB|Q9P2H5,DUB,Q9P2H5,Q9Y256,USP35,RCE1,0,1,0,0.031564053148031235,neural_pair_scorer_resmlp_focal,focal
DUB|Q9P2H5|P12004,DUB|Q9P2H5,DUB,Q9P2H5,P12004,USP35,PCNA,0,1,0,0.9935719966888428,neural_pair_scorer_resmlp_focal,focal
DUB|Q9P2H5|Q8WYQ5,DUB|Q9P2H5,DUB,Q9P2H5,Q8WYQ5,USP35,DGCR8,0,1,0,0.5642717480659485,neural_pair_scorer_resmlp_focal,focal
DUB|Q9UHP3|P30304,DUB|Q9UHP3,DUB,Q9UHP3,P30304,USP25,CDC25A,0,1,0,0.5788370370864868,neural_pair_scorer_resmlp_focal,focal
DUB|Q9UHP3|P42773,DUB|Q9UHP3,DUB,Q9UHP3,P42773,USP25,CDKN2C,0,1,0,0.1450905054807663,neural_pair_scorer_resmlp_focal,focal
DUB|Q9Y4E8|Q16625,DUB|Q9Y4E8,DUB,Q9Y4E8,Q16625,USP15,OCLN,0,1,0,0.11447646468877792,neural_pair_scorer_resmlp_focal,focal
DUB|Q9Y4E8|Q9UKV5,DUB|Q9Y4E8,DUB,Q9Y4E8,Q9UKV5,USP15,AMFR,0,1,0,0.3680729866027832,neural_pair_scorer_resmlp_focal,focal
DUB|Q9Y4E8|P01130,DUB|Q9Y4E8,DUB,Q9Y4E8,P01130,USP15,LDLR,0,1,0,0.0244144219905138,neural_pair_scorer_resmlp_focal,focal
DUB|Q9Y4E8|O75365,DUB|Q9Y4E8,DUB,Q9Y4E8,O75365,USP15,PTP4A3,0,1,0,0.9525583386421204,neural_pair_scorer_resmlp_focal,focal
DUB|Q9Y5K5|Q4U2R8,DUB|Q9Y5K5,DUB,Q9Y5K5,Q4U2R8,UCHL5,SLC22A6,0,1,0,0.03972327336668968,neural_pair_scorer_resmlp_focal,focal
DUB|Q9Y5K5|Q9NYV9,DUB|Q9Y5K5,DUB,Q9Y5K5,Q9NYV9,UCHL5,TAS2R13,0,1,0,0.8678852319717407,neural_pair_scorer_resmlp_focal,focal
DUB|Q9Y5K5|P37023,DUB|Q9Y5K5,DUB,Q9Y5K5,P37023,UCHL5,ACVRL1,0,1,0,0.03192804008722305,neural_pair_scorer_resmlp_focal,focal
DUB|Q9Y5K5|P36894,DUB|Q9Y5K5,DUB,Q9Y5K5,P36894,UCHL5,BMPR1A,0,1,0,0.01975918747484684,neural_pair_scorer_resmlp_focal,focal
DUB|Q9Y5K5|Q92819,DUB|Q9Y5K5,DUB,Q9Y5K5,Q92819,UCHL5,HAS2,0,1,0,0.06048254668712616,neural_pair_scorer_resmlp_focal,focal
E3|A6NNE9|P01730,E3|A6NNE9,E3,A6NNE9,P01730,MARCHF11,CD4,1,2,1,0.939731776714325,neural_pair_scorer_resmlp_focal,focal
E3|O00308|O00308,E3|O00308,E3,O00308,O00308,WWP2,WWP2,1,2,1,0.9685556292533875,neural_pair_scorer_resmlp_focal,focal
E3|O00308|O15105,E3|O00308,E3,O00308,O15105,WWP2,SMAD7,1,2,1,0.8568586111068726,neural_pair_scorer_resmlp_focal,focal
E3|O00308|O15350,E3|O00308,E3,O00308,O15350,WWP2,TP73,1,2,1,0.9457602500915527,neural_pair_scorer_resmlp_focal,focal
E3|O00308|P11161,E3|O00308,E3,O00308,P11161,WWP2,EGR2,1,2,1,0.7009371519088745,neural_pair_scorer_resmlp_focal,focal
E3|O00308|P24928,E3|O00308,E3,O00308,P24928,WWP2,POLR2A,1,2,1,0.7507811784744263,neural_pair_scorer_resmlp_focal,focal
E3|O00308|P49281,E3|O00308,E3,O00308,P49281,WWP2,SLC11A2,1,2,1,0.9208341836929321,neural_pair_scorer_resmlp_focal,focal
E3|O00308|P60484,E3|O00308,E3,O00308,P60484,WWP2,PTEN,1,2,1,0.9407716989517212,neural_pair_scorer_resmlp_focal,focal
E3|O00308|P84022,E3|O00308,E3,O00308,P84022,WWP2,SMAD3,1,2,1,0.9692596793174744,neural_pair_scorer_resmlp_focal,focal
E3|O00308|Q01860,E3|O00308,E3,O00308,Q01860,WWP2,POU5F1,1,2,1,0.4184960722923279,neural_pair_scorer_resmlp_focal,focal
E3|O00308|Q13950,E3|O00308,E3,O00308,Q13950,WWP2,RUNX2,1,2,1,0.9231787919998169,neural_pair_scorer_resmlp_focal,focal
E3|O00308|Q8IUC6,E3|O00308,E3,O00308,Q8IUC6,WWP2,TICAM1,1,2,1,0.9426111578941345,neural_pair_scorer_resmlp_focal,focal
E3|O00308|Q9H074,E3|O00308,E3,O00308,Q9H074,WWP2,PAIP1,1,2,1,0.7568345665931702,neural_pair_scorer_resmlp_focal,focal
E3|O00308|Q9P2A4,E3|O00308,E3,O00308,Q9P2A4,WWP2,ABI3,1,2,1,0.9307186603546143,neural_pair_scorer_resmlp_focal,focal
E3|O00308|Q9UM47,E3|O00308,E3,O00308,Q9UM47,WWP2,NOTCH3,1,2,1,0.9802137017250061,neural_pair_scorer_resmlp_focal,focal
E3|O00308|Q9Y5R6,E3|O00308,E3,O00308,Q9Y5R6,WWP2,DMT1,1,2,1,0.5977592468261719,neural_pair_scorer_resmlp_focal,focal
E3|O00623|P50542,E3|O00623,E3,O00623,P50542,PEX12,PEX5,1,2,1,0.8344348073005676,neural_pair_scorer_resmlp_focal,focal
E3|O15304|P98170,E3|O15304,E3,O15304,P98170,SIVA1,XIAP,1,2,1,0.9355510473251343,neural_pair_scorer_resmlp_focal,focal
E3|O15304|Q8N726,E3|O15304,E3,O15304,Q8N726,SIVA1,CDKN2A,1,2,1,0.6813787817955017,neural_pair_scorer_resmlp_focal,focal
E3|O15524|O60674,E3|O15524,E3,O15524,O60674,SOCS1,JAK2,1,2,1,0.78078693151474,neural_pair_scorer_resmlp_focal,focal
E3|O15524|P07948,E3|O15524,E3,O15524,P07948,SOCS1,LYN,1,2,1,0.9394627809524536,neural_pair_scorer_resmlp_focal,focal
E3|O15524|P15498,E3|O15524,E3,O15524,P15498,SOCS1,VAV1,1,2,1,0.8942693471908569,neural_pair_scorer_resmlp_focal,focal
E3|O15524|P23458,E3|O15524,E3,O15524,P23458,SOCS1,JAK1,1,2,1,0.8554172515869141,neural_pair_scorer_resmlp_focal,focal
E3|O15524|P35568,E3|O15524,E3,O15524,P35568,SOCS1,IRS1,1,2,1,0.6895761489868164,neural_pair_scorer_resmlp_focal,focal
E3|O15524|Q04206,E3|O15524,E3,O15524,Q04206,SOCS1,RELA,1,2,1,0.9122276902198792,neural_pair_scorer_resmlp_focal,focal
E3|O15524|Q9Y4H2,E3|O15524,E3,O15524,Q9Y4H2,SOCS1,IRS2,1,2,1,0.7853675484657288,neural_pair_scorer_resmlp_focal,focal
E3|O60858|O60858,E3|O60858,E3,O60858,O60858,TRIM13,TRIM13,1,2,1,0.9614965915679932,neural_pair_scorer_resmlp_focal,focal
E3|O60858|P04234,E3|O60858,E3,O60858,P04234,TRIM13,CD3D,1,2,1,0.13974927365779877,neural_pair_scorer_resmlp_focal,focal
E3|O60858|P22736,E3|O60858,E3,O60858,P22736,TRIM13,NR4A1,1,2,1,0.18477095663547516,neural_pair_scorer_resmlp_focal,focal
E3|O60858|P31749,E3|O60858,E3,O60858,P31749,TRIM13,AKT1,1,2,1,0.9657080769538879,neural_pair_scorer_resmlp_focal,focal
E3|O60858|P31751,E3|O60858,E3,O60858,P31751,TRIM13,AKT2,1,2,1,0.9504283666610718,neural_pair_scorer_resmlp_focal,focal
E3|O60858|P55072,E3|O60858,E3,O60858,P55072,TRIM13,VCP,1,2,1,0.8284814357757568,neural_pair_scorer_resmlp_focal,focal
E3|O60858|Q00987,E3|O60858,E3,O60858,Q00987,TRIM13,MDM2,1,2,1,0.10403013229370117,neural_pair_scorer_resmlp_focal,focal
E3|O75592|P49815,E3|O75592,E3,O75592,P49815,MYCBP2,TSC2,1,2,1,0.8574739694595337,neural_pair_scorer_resmlp_focal,focal
E3|O75592|Q9BZQ4,E3|O75592,E3,O75592,Q9BZQ4,MYCBP2,NMNAT2,1,2,1,0.8761975765228271,neural_pair_scorer_resmlp_focal,focal
E3|O76064|O14773,E3|O76064,E3,O76064,O14773,RNF8,TPP1,1,2,1,0.04511987417936325,neural_pair_scorer_resmlp_focal,focal
E3|O76064|O60934,E3|O76064,E3,O76064,O60934,RNF8,NBN,1,2,1,0.9680995941162109,neural_pair_scorer_resmlp_focal,focal
E3|O76064|O75164,E3|O76064,E3,O76064,O75164,RNF8,KDM4A,1,2,1,0.7897966504096985,neural_pair_scorer_resmlp_focal,focal
E3|O76064|O76064,E3|O76064,E3,O76064,O76064,RNF8,RNF8,1,2,1,0.9853879809379578,neural_pair_scorer_resmlp_focal,focal
E3|O76064|O94761,E3|O76064,E3,O76064,O94761,RNF8,RECQL4,1,2,1,0.5004088282585144,neural_pair_scorer_resmlp_focal,focal
E3|O76064|O96017,E3|O76064,E3,O76064,O96017,RNF8,CHEK2,1,2,1,0.9925178289413452,neural_pair_scorer_resmlp_focal,focal
E3|O76064|P0C0S8,E3|O76064,E3,O76064,P0C0S8,RNF8,H2AC11,1,2,1,0.9792698621749878,neural_pair_scorer_resmlp_focal,focal
E3|O76064|P12004,E3|O76064,E3,O76064,P12004,RNF8,PCNA,1,2,1,0.9731288552284241,neural_pair_scorer_resmlp_focal,focal
E3|O76064|P13010,E3|O76064,E3,O76064,P13010,RNF8,XRCC5,1,2,1,0.978746235370636,neural_pair_scorer_resmlp_focal,focal
E3|O76064|P16104,E3|O76064,E3,O76064,P16104,RNF8,H2AFX,1,2,1,0.9833248853683472,neural_pair_scorer_resmlp_focal,focal
E3|O76064|P29590,E3|O76064,E3,O76064,P29590,RNF8,PML,1,2,1,0.8594085574150085,neural_pair_scorer_resmlp_focal,focal
E3|O76064|P35222,E3|O76064,E3,O76064,P35222,RNF8,CTNNB1,1,2,1,0.949550986289978,neural_pair_scorer_resmlp_focal,focal
E3|O76064|P54132,E3|O76064,E3,O76064,P54132,RNF8,BLM,1,2,1,0.9601343274116516,neural_pair_scorer_resmlp_focal,focal
E3|O76064|Q15233,E3|O76064,E3,O76064,Q15233,RNF8,NONO,1,2,1,0.9403600692749023,neural_pair_scorer_resmlp_focal,focal
E3|O76064|Q16777,E3|O76064,E3,O76064,Q16777,RNF8,H2AC20,1,2,1,0.982160210609436,neural_pair_scorer_resmlp_focal,focal
E3|O76064|Q8IUE6,E3|O76064,E3,O76064,Q8IUE6,RNF8,H2AC21,1,2,1,0.9783364534378052,neural_pair_scorer_resmlp_focal,focal
E3|O76064|Q969R5,E3|O76064,E3,O76064,Q969R5,RNF8,L3MBTL2,1,2,1,0.6893227100372314,neural_pair_scorer_resmlp_focal,focal
E3|O76064|Q96A08,E3|O76064,E3,O76064,Q96A08,RNF8,H2BC1,1,2,1,0.9892687201499939,neural_pair_scorer_resmlp_focal,focal
E3|O76064|Q96FW1,E3|O76064,E3,O76064,Q96FW1,RNF8,OTUB1,1,2,1,0.8095438480377197,neural_pair_scorer_resmlp_focal,focal
E3|O76064|Q96QV6,E3|O76064,E3,O76064,Q96QV6,RNF8,HIST1H2AA,1,2,1,0.9770089983940125,neural_pair_scorer_resmlp_focal,focal
E3|O76064|Q9HCU8,E3|O76064,E3,O76064,Q9HCU8,RNF8,POLD4,1,2,1,0.4111678898334503,neural_pair_scorer_resmlp_focal,focal
E3|O76064|Q9NQR1,E3|O76064,E3,O76064,Q9NQR1,RNF8,KMT5A,1,2,1,0.7920407652854919,neural_pair_scorer_resmlp_focal,focal
E3|O94955|P24864,E3|O94955,E3,O94955,P24864,RHOBTB3,CCNE1,1,2,1,0.6547398567199707,neural_pair_scorer_resmlp_focal,focal
E3|O95835|Q14457,E3|O95835,E3,O95835,Q14457,LATS1,BECN1,1,2,1,0.892536997795105,neural_pair_scorer_resmlp_focal,focal
E3|P06463|P41229,E3|P06463,E3,P06463,P41229,E6,KDM5C,1,2,1,0.9405096769332886,neural_pair_scorer_resmlp_focal,focal
E3|P09936|P11021,E3|P09936,E3,P09936,P11021,UCHL1,HSPA5,1,2,1,0.5651408433914185,neural_pair_scorer_resmlp_focal,focal
E3|P09936|Q14247,E3|P09936,E3,P09936,Q14247,UCHL1,CTTN,1,2,1,0.7058424949645996,neural_pair_scorer_resmlp_focal,focal
E3|P09936|Q16637,E3|P09936,E3,P09936,Q16637,UCHL1,SMN1,1,2,1,0.17447532713413239,neural_pair_scorer_resmlp_focal,focal
E3|P0C2W1|O15350,E3|P0C2W1,E3,P0C2W1,O15350,FBXO45,TP73,1,2,1,0.9304832816123962,neural_pair_scorer_resmlp_focal,focal
E3|P0C2W1|O43623,E3|P0C2W1,E3,P0C2W1,O43623,FBXO45,SNAI2,1,2,1,0.9600813388824463,neural_pair_scorer_resmlp_focal,focal
E3|P0C2W1|O60315,E3|P0C2W1,E3,P0C2W1,O60315,FBXO45,ZEB2,1,2,1,0.539017379283905,neural_pair_scorer_resmlp_focal,focal
E3|P0C2W1|O95863,E3|P0C2W1,E3,P0C2W1,O95863,FBXO45,SNAI1,1,2,1,0.9252230525016785,neural_pair_scorer_resmlp_focal,focal
E3|P0C2W1|P37275,E3|P0C2W1,E3,P0C2W1,P37275,FBXO45,ZEB1,1,2,1,0.3354022800922394,neural_pair_scorer_resmlp_focal,focal
E3|P0C2W1|Q15672,E3|P0C2W1,E3,P0C2W1,Q15672,FBXO45,TWIST1,1,2,1,0.8441698551177979,neural_pair_scorer_resmlp_focal,focal
E3|P0C2W1|Q969H0,E3|P0C2W1,E3,P0C2W1,Q969H0,FBXO45,FBXW7,1,2,1,0.1272975206375122,neural_pair_scorer_resmlp_focal,focal
E3|P0C2W1|Q96IZ0,E3|P0C2W1,E3,P0C2W1,Q96IZ0,FBXO45,PAWR,1,2,1,0.3535974621772766,neural_pair_scorer_resmlp_focal,focal
E3|P11441|Q9Y4K3,E3|P11441,E3,P11441,Q9Y4K3,UBL4A,TRAF6,1,2,1,0.8935590386390686,neural_pair_scorer_resmlp_focal,focal
E3|P29372|P04554,E3|P29372,E3,P29372,P04554,MPG,PRM2,1,2,1,0.05349225923418999,neural_pair_scorer_resmlp_focal,focal
E3|P29372|P51668,E3|P29372,E3,P29372,P51668,MPG,UBE2D1,1,2,1,0.10713452100753784,neural_pair_scorer_resmlp_focal,focal
E3|P29372|P62714,E3|P29372,E3,P29372,P62714,MPG,PPP2CB,1,2,1,0.5243362188339233,neural_pair_scorer_resmlp_focal,focal
E3|P29372|P67775,E3|P29372,E3,P29372,P67775,MPG,PPP2CA,1,2,1,0.511398196220398,neural_pair_scorer_resmlp_focal,focal
E3|P29372|P78318,E3|P29372,E3,P29372,P78318,MPG,IGBP1,1,2,1,0.2919221520423889,neural_pair_scorer_resmlp_focal,focal
E3|P29372|Q15257,E3|P29372,E3,P29372,Q15257,MPG,PTPA,1,2,1,0.9298427700996399,neural_pair_scorer_resmlp_focal,focal
E3|P29372|Q9NRP7,E3|P29372,E3,P29372,Q9NRP7,MPG,STK36,1,2,1,0.3958544135093689,neural_pair_scorer_resmlp_focal,focal
E3|P29372|Q9P0W2,E3|P29372,E3,P29372,Q9P0W2,MPG,HMG20B,1,2,1,0.5903574228286743,neural_pair_scorer_resmlp_focal,focal
E3|P62877|P03372,E3|P62877,E3,P62877,P03372,RBX1,ESR1,1,2,1,0.4066920280456543,neural_pair_scorer_resmlp_focal,focal
E3|P62877|P23443,E3|P62877,E3,P62877,P23443,RBX1,RPS6KB1,1,2,1,0.7026232481002808,neural_pair_scorer_resmlp_focal,focal
E3|P62877|P24928,E3|P62877,E3,P62877,P24928,RBX1,POLR2A,1,2,1,0.2525814473628998,neural_pair_scorer_resmlp_focal,focal
E3|P62877|Q16236,E3|P62877,E3,P62877,Q16236,RBX1,NFE2L2,1,2,1,0.7581812739372253,neural_pair_scorer_resmlp_focal,focal
E3|P62877|Q9UMX1,E3|P62877,E3,P62877,Q9UMX1,RBX1,SUFU,1,2,1,0.37529876828193665,neural_pair_scorer_resmlp_focal,focal
E3|Q13077|Q99558,E3|Q13077,E3,Q13077,Q99558,TRAF1,MAP3K14,1,2,1,0.6836664080619812,neural_pair_scorer_resmlp_focal,focal
E3|Q13191|O00459,E3|Q13191,E3,Q13191,O00459,CBLB,PIK3R2,1,2,1,0.8501861095428467,neural_pair_scorer_resmlp_focal,focal
E3|Q13191|P00533,E3|Q13191,E3,Q13191,P00533,CBLB,EGFR,1,2,1,0.9790846109390259,neural_pair_scorer_resmlp_focal,focal
E3|Q13191|P12931,E3|Q13191,E3,Q13191,P12931,CBLB,SRC,1,2,1,0.9866484999656677,neural_pair_scorer_resmlp_focal,focal
E3|Q13191|P16234,E3|Q13191,E3,Q13191,P16234,CBLB,PDGFRA,1,2,1,0.944416344165802,neural_pair_scorer_resmlp_focal,focal
E3|Q13191|P19174,E3|Q13191,E3,Q13191,P19174,CBLB,PLCG1,1,2,1,0.9515826106071472,neural_pair_scorer_resmlp_focal,focal
E3|Q13191|P20963,E3|Q13191,E3,Q13191,P20963,CBLB,CD247,1,2,1,0.9183483719825745,neural_pair_scorer_resmlp_focal,focal
E3|Q13191|P27986,E3|Q13191,E3,Q13191,P27986,CBLB,PIK3R1,1,2,1,0.9626873135566711,neural_pair_scorer_resmlp_focal,focal
E3|Q13191|P35568,E3|Q13191,E3,Q13191,P35568,CBLB,IRS1,1,2,1,0.9195994138717651,neural_pair_scorer_resmlp_focal,focal
E3|Q13191|P43405,E3|Q13191,E3,Q13191,P43405,CBLB,SYK,1,2,1,0.961874783039093,neural_pair_scorer_resmlp_focal,focal
E3|Q13191|Q13191,E3|Q13191,E3,Q13191,Q13191,CBLB,CBLB,1,2,1,0.977286696434021,neural_pair_scorer_resmlp_focal,focal
E3|Q13191|Q96B97,E3|Q13191,E3,Q13191,Q96B97,CBLB,SH3KBP1,1,2,1,0.8240613341331482,neural_pair_scorer_resmlp_focal,focal
E3|Q13191|Q96P20,E3|Q13191,E3,Q13191,Q96P20,CBLB,NLRP3,1,2,1,0.9531697630882263,neural_pair_scorer_resmlp_focal,focal
E3|Q13191|Q9I788,E3|Q13191,E3,Q13191,Q9I788,CBLB,exoT,1,2,1,0.12112458050251007,neural_pair_scorer_resmlp_focal,focal
E3|Q13263|P04637,E3|Q13263,E3,Q13263,P04637,TRIM28,TP53,1,2,1,0.9908628463745117,neural_pair_scorer_resmlp_focal,focal
E3|Q13263|P07203,E3|Q13263,E3,Q13263,P07203,TRIM28,GPX1,1,2,1,0.887705385684967,neural_pair_scorer_resmlp_focal,focal
E3|Q13263|P09467,E3|Q13263,E3,Q13263,P09467,TRIM28,FBP1,1,2,1,0.6149021983146667,neural_pair_scorer_resmlp_focal,focal
E3|Q13263|Q13131,E3|Q13263,E3,Q13263,Q13131,TRIM28,PRKAA1,1,2,1,0.9530655741691589,neural_pair_scorer_resmlp_focal,focal
E3|Q13263|Q92985,E3|Q13263,E3,Q13263,Q92985,TRIM28,IRF7,1,2,1,0.974908173084259,neural_pair_scorer_resmlp_focal,focal
E3|Q13309|A9UEZ6,E3|Q13309,E3,Q13309,A9UEZ6,SKP2,BCR/ABL fusion,1,2,1,0.6027737259864807,neural_pair_scorer_resmlp_focal,focal
E3|Q13309|O00221,E3|Q13309,E3,Q13309,O00221,SKP2,NFKBIE,1,2,1,0.49434515833854675,neural_pair_scorer_resmlp_focal,focal
E3|Q13309|O00233,E3|Q13309,E3,Q13309,O00233,SKP2,PSMD9,1,2,1,0.8945765495300293,neural_pair_scorer_resmlp_focal,focal
E3|Q13309|O00399,E3|Q13309,E3,Q13309,O00399,SKP2,DCTN6,1,2,1,0.9726403951644897,neural_pair_scorer_resmlp_focal,focal
E3|Q13309|O15553,E3|Q13309,E3,Q13309,O15553,SKP2,MEFV,1,2,1,0.12578053772449493,neural_pair_scorer_resmlp_focal,focal
E3|Q13309|O43524,E3|Q13309,E3,Q13309,O43524,SKP2,FOXO3,1,2,1,0.979526162147522,neural_pair_scorer_resmlp_focal,focal
E3|Q13309|O60934,E3|Q13309,E3,Q13309,O60934,SKP2,NBN,1,2,1,0.9837726950645447,neural_pair_scorer_resmlp_focal,focal
E3|Q13309|P01106,E3|Q13309,E3,Q13309,P01106,SKP2,MYC,1,2,1,0.9872109889984131,neural_pair_scorer_resmlp_focal,focal
E3|Q13309|P03129,E3|Q13309,E3,Q13309,P03129,SKP2,E7,1,2,1,0.04056396707892418,neural_pair_scorer_resmlp_focal,focal
E3|Q13309|P03372,E3|Q13309,E3,Q13309,P03372,SKP2,ESR1,1,2,1,0.9893779158592224,neural_pair_scorer_resmlp_focal,focal
E3|Q13309|P04637,E3|Q13309,E3,Q13309,P04637,SKP2,TP53,1,2,1,0.9944321513175964,neural_pair_scorer_resmlp_focal,focal
E3|Q13309|P05362,E3|Q13309,E3,Q13309,P05362,SKP2,ICAM1,1,2,1,0.21965648233890533,neural_pair_scorer_resmlp_focal,focal
E3|Q13309|P06400,E3|Q13309,E3,Q13309,P06400,SKP2,RB1,1,2,1,0.9837049841880798,neural_pair_scorer_resmlp_focal,focal
E3|Q13309|P06790,E3|Q13309,E3,Q13309,P06790,SKP2,E2,1,2,1,0.10781797766685486,neural_pair_scorer_resmlp_focal,focal
E3|Q13309|P10244,E3|Q13309,E3,Q13309,P10244,SKP2,MYBL2,1,2,1,0.9719544053077698,neural_pair_scorer_resmlp_focal,focal
E3|Q13309|P12830,E3|Q13309,E3,Q13309,P12830,SKP2,CDH1,1,2,1,0.925941526889801,neural_pair_scorer_resmlp_focal,focal
E3|Q13309|P15923,E3|Q13309,E3,Q13309,P15923,SKP2,TCF3,1,2,1,0.7022750377655029,neural_pair_scorer_resmlp_focal,focal
E3|Q13309|P17542,E3|Q13309,E3,Q13309,P17542,SKP2,TAL1,1,2,1,0.8870295286178589,neural_pair_scorer_resmlp_focal,focal
E3|Q13309|P20248,E3|Q13309,E3,Q13309,P20248,SKP2,CCNA2,1,2,1,0.9845106601715088,neural_pair_scorer_resmlp_focal,focal
E3|Q13309|P24385,E3|Q13309,E3,Q13309,P24385,SKP2,CCND1,1,2,1,0.9902958273887634,neural_pair_scorer_resmlp_focal,focal
E3|Q13309|P24864,E3|Q13309,E3,Q13309,P24864,SKP2,CCNE1,1,2,1,0.988526463508606,neural_pair_scorer_resmlp_focal,focal
E3|Q13309|P25963,E3|Q13309,E3,Q13309,P25963,SKP2,NFKBIA,1,2,1,0.9542431235313416,neural_pair_scorer_resmlp_focal,focal
E3|Q13309|P28562,E3|Q13309,E3,Q13309,P28562,SKP2,DUSP1,1,2,1,0.9649280905723572,neural_pair_scorer_resmlp_focal,focal
E3|Q13309|P31749,E3|Q13309,E3,Q13309,P31749,SKP2,AKT1,1,2,1,0.9886853694915771,neural_pair_scorer_resmlp_focal,focal
E3|Q13309|P31751,E3|Q13309,E3,Q13309,P31751,SKP2,AKT2,1,2,1,0.9886858463287354,neural_pair_scorer_resmlp_focal,focal
E3|Q13309|P35222,E3|Q13309,E3,Q13309,P35222,SKP2,CTNNB1,1,2,1,0.9723405838012695,neural_pair_scorer_resmlp_focal,focal
E3|Q13309|P35232,E3|Q13309,E3,Q13309,P35232,SKP2,PHB,1,2,1,0.8835986256599426,neural_pair_scorer_resmlp_focal,focal
E3|Q13309|P36639,E3|Q13309,E3,Q13309,P36639,SKP2,NUDT1,1,2,1,0.9048052430152893,neural_pair_scorer_resmlp_focal,focal
E3|Q13309|P38398,E3|Q13309,E3,Q13309,P38398,SKP2,BRCA1,1,2,1,0.9751068353652954,neural_pair_scorer_resmlp_focal,focal
E3|Q13309|P38936,E3|Q13309,E3,Q13309,P38936,SKP2,CDKN1A,1,2,1,0.9882810711860657,neural_pair_scorer_resmlp_focal,focal
E3|Q13309|P46527,E3|Q13309,E3,Q13309,P46527,SKP2,CDKN1B,1,2,1,0.9940977096557617,neural_pair_scorer_resmlp_focal,focal
E3|Q13309|P46937,E3|Q13309,E3,Q13309,P46937,SKP2,YAP1,1,2,1,0.9720074534416199,neural_pair_scorer_resmlp_focal,focal
E3|Q13309|P49336,E3|Q13309,E3,Q13309,P49336,SKP2,CDK8,1,2,1,0.9846383929252625,neural_pair_scorer_resmlp_focal,focal
E3|Q13309|P49715,E3|Q13309,E3,Q13309,P49715,SKP2,CEBPA,1,2,1,0.9610899090766907,neural_pair_scorer_resmlp_focal,focal
E3|Q13309|P49918,E3|Q13309,E3,Q13309,P49918,SKP2,CDKN1C,1,2,1,0.9914241433143616,neural_pair_scorer_resmlp_focal,focal
E3|Q13309|P50616,E3|Q13309,E3,Q13309,P50616,SKP2,TOB1,1,2,1,0.9721704721450806,neural_pair_scorer_resmlp_focal,focal
E3|Q13309|P50750,E3|Q13309,E3,Q13309,P50750,SKP2,CDK9,1,2,1,0.9899464249610901,neural_pair_scorer_resmlp_focal,focal
E3|Q13309|P51587,E3|Q13309,E3,Q13309,P51587,SKP2,BRCA2,1,2,1,0.9745420813560486,neural_pair_scorer_resmlp_focal,focal
E3|Q13309|P52333,E3|Q13309,E3,Q13309,P52333,SKP2,JAK3,1,2,1,0.7785899639129639,neural_pair_scorer_resmlp_focal,focal
E3|Q13309|P55895,E3|Q13309,E3,Q13309,P55895,SKP2,RAG2,1,2,1,0.11988603323698044,neural_pair_scorer_resmlp_focal,focal
E3|Q13309|P61587,E3|Q13309,E3,Q13309,P61587,SKP2,RND3,1,2,1,0.2878515124320984,neural_pair_scorer_resmlp_focal,focal
E3|Q13309|P78543,E3|Q13309,E3,Q13309,P78543,SKP2,BTG2,1,2,1,0.2911043167114258,neural_pair_scorer_resmlp_focal,focal
E3|Q13309|P98174,E3|Q13309,E3,Q13309,P98174,SKP2,FGD1,1,2,1,0.6466004848480225,neural_pair_scorer_resmlp_focal,focal
E3|Q13309|Q01094,E3|Q13309,E3,Q13309,Q01094,SKP2,E2F1,1,2,1,0.9572947025299072,neural_pair_scorer_resmlp_focal,focal
E3|Q13309|Q03164,E3|Q13309,E3,Q13309,Q03164,SKP2,KMT2A,1,2,1,0.6595548987388611,neural_pair_scorer_resmlp_focal,focal
E3|Q13309|Q08999,E3|Q13309,E3,Q13309,Q08999,SKP2,RBL2,1,2,1,0.9608345031738281,neural_pair_scorer_resmlp_focal,focal
E3|Q13309|Q12778,E3|Q13309,E3,Q13309,Q12778,SKP2,FOXO1,1,2,1,0.9827417731285095,neural_pair_scorer_resmlp_focal,focal
E3|Q13309|Q13309,E3|Q13309,E3,Q13309,Q13309,SKP2,SKP2,1,2,1,0.9859631657600403,neural_pair_scorer_resmlp_focal,focal
E3|Q13309|Q13415,E3|Q13309,E3,Q13309,Q13415,SKP2,ORC1,1,2,1,0.9920333027839661,neural_pair_scorer_resmlp_focal,focal
E3|Q13309|Q13485,E3|Q13309,E3,Q13309,Q13485,SKP2,SMAD4,1,2,1,0.9738674759864807,neural_pair_scorer_resmlp_focal,focal
E3|Q13309|Q15672,E3|Q13309,E3,Q13309,Q15672,SKP2,TWIST1,1,2,1,0.9867410063743591,neural_pair_scorer_resmlp_focal,focal
E3|Q13309|Q15831,E3|Q13309,E3,Q13309,Q15831,SKP2,STK11,1,2,1,0.977624773979187,neural_pair_scorer_resmlp_focal,focal
E3|Q13309|Q53EL6,E3|Q13309,E3,Q13309,Q53EL6,SKP2,PDCD4,1,2,1,0.8319089412689209,neural_pair_scorer_resmlp_focal,focal
E3|Q13309|Q5MJ70,E3|Q13309,E3,Q13309,Q5MJ70,SKP2,SPDYA,1,2,1,0.909679114818573,neural_pair_scorer_resmlp_focal,focal
E3|Q13309|Q6PGQ7,E3|Q13309,E3,Q13309,Q6PGQ7,SKP2,BORA,1,2,1,0.9854980707168579,neural_pair_scorer_resmlp_focal,focal
E3|Q13309|Q7L523,E3|Q13309,E3,Q13309,Q7L523,SKP2,RRAGA,1,2,1,0.9700810313224792,neural_pair_scorer_resmlp_focal,focal
E3|Q13309|Q86X55,E3|Q13309,E3,Q13309,Q86X55,SKP2,CARM1,1,2,1,0.9540504813194275,neural_pair_scorer_resmlp_focal,focal
E3|Q13309|Q8WWM9,E3|Q13309,E3,Q13309,Q8WWM9,SKP2,CYGB,1,2,1,0.8578212261199951,neural_pair_scorer_resmlp_focal,focal
E3|Q13309|Q96FS4,E3|Q13309,E3,Q13309,Q96FS4,SKP2,SIPA1,1,2,1,0.9179665446281433,neural_pair_scorer_resmlp_focal,focal
E3|Q13309|Q99607,E3|Q13309,E3,Q13309,Q99607,SKP2,ELF4,1,2,1,0.9483054876327515,neural_pair_scorer_resmlp_focal,focal
E3|Q13309|Q99801,E3|Q13309,E3,Q13309,Q99801,SKP2,NKX3-1,1,2,1,0.8829163908958435,neural_pair_scorer_resmlp_focal,focal
E3|Q13309|Q9BYF1,E3|Q13309,E3,Q13309,Q9BYF1,SKP2,ACE2,1,2,1,0.3121333420276642,neural_pair_scorer_resmlp_focal,focal
E3|Q13309|Q9H211,E3|Q13309,E3,Q13309,Q9H211,SKP2,CDT1,1,2,1,0.9891552329063416,neural_pair_scorer_resmlp_focal,focal
E3|Q13309|Q9HCS4,E3|Q13309,E3,Q13309,Q9HCS4,SKP2,TCF7L1,1,2,1,0.844202995300293,neural_pair_scorer_resmlp_focal,focal
E3|Q13309|Q9NS23,E3|Q13309,E3,Q13309,Q9NS23,SKP2,RASSF1,1,2,1,0.8199940323829651,neural_pair_scorer_resmlp_focal,focal
E3|Q13309|Q9NTG7,E3|Q13309,E3,Q13309,Q9NTG7,SKP2,SIRT3,1,2,1,0.8396750092506409,neural_pair_scorer_resmlp_focal,focal
E3|Q13309|Q9NXR8,E3|Q13309,E3,Q13309,Q9NXR8,SKP2,ING3,1,2,1,0.9638614058494568,neural_pair_scorer_resmlp_focal,focal
E3|Q13309|Q9UMW8,E3|Q13309,E3,Q13309,Q9UMW8,SKP2,USP18,1,2,1,0.3204861879348755,neural_pair_scorer_resmlp_focal,focal
E3|Q13309|Q9Y297,E3|Q13309,E3,Q13309,Q9Y297,SKP2,BTRC,1,2,1,0.9814111590385437,neural_pair_scorer_resmlp_focal,focal
E3|Q13489|O43353,E3|Q13489,E3,Q13489,O43353,BIRC3,RIPK2,1,2,1,0.985544741153717,neural_pair_scorer_resmlp_focal,focal
E3|Q13489|O95999,E3|Q13489,E3,Q13489,O95999,BIRC3,BCL10,1,2,1,0.9858964085578918,neural_pair_scorer_resmlp_focal,focal
E3|Q13489|P10914,E3|Q13489,E3,Q13489,P10914,BIRC3,IRF1,1,2,1,0.9793846607208252,neural_pair_scorer_resmlp_focal,focal
E3|Q13489|P42574,E3|Q13489,E3,Q13489,P42574,BIRC3,CASP3,1,2,1,0.9814650416374207,neural_pair_scorer_resmlp_focal,focal
E3|Q13489|P55210,E3|Q13489,E3,Q13489,P55210,BIRC3,CASP7,1,2,1,0.9795253276824951,neural_pair_scorer_resmlp_focal,focal
E3|Q13489|P57078,E3|Q13489,E3,Q13489,P57078,BIRC3,RIPK4,1,2,1,0.9780132174491882,neural_pair_scorer_resmlp_focal,focal
E3|Q13489|Q12933,E3|Q13489,E3,Q13489,Q12933,BIRC3,TRAF2,1,2,1,0.9854022264480591,neural_pair_scorer_resmlp_focal,focal
E3|Q13489|Q13077,E3|Q13489,E3,Q13489,Q13077,BIRC3,TRAF1,1,2,1,0.9328015446662903,neural_pair_scorer_resmlp_focal,focal
E3|Q13489|Q13114,E3|Q13489,E3,Q13489,Q13114,BIRC3,TRAF3,1,2,1,0.9887577891349792,neural_pair_scorer_resmlp_focal,focal
E3|Q13489|Q13489,E3|Q13489,E3,Q13489,Q13489,BIRC3,BIRC3,1,2,1,0.9868157505989075,neural_pair_scorer_resmlp_focal,focal
E3|Q13489|Q13546,E3|Q13489,E3,Q13489,Q13546,BIRC3,RIPK1,1,2,1,0.9887105822563171,neural_pair_scorer_resmlp_focal,focal
E3|Q13489|Q13601,E3|Q13489,E3,Q13489,Q13601,BIRC3,KRR1,1,2,1,0.961965024471283,neural_pair_scorer_resmlp_focal,focal
E3|Q13489|Q14164,E3|Q13489,E3,Q13489,Q14164,BIRC3,IKBKE,1,2,1,0.951641321182251,neural_pair_scorer_resmlp_focal,focal
E3|Q13489|Q14790,E3|Q13489,E3,Q13489,Q14790,BIRC3,CASP8,1,2,1,0.9864287972450256,neural_pair_scorer_resmlp_focal,focal
E3|Q13489|Q86VP3,E3|Q13489,E3,Q13489,Q86VP3,BIRC3,PACS2,1,2,1,0.5106149911880493,neural_pair_scorer_resmlp_focal,focal
E3|Q13489|Q92844,E3|Q13489,E3,Q13489,Q92844,BIRC3,TANK,1,2,1,0.9616376757621765,neural_pair_scorer_resmlp_focal,focal
E3|Q13489|Q99558,E3|Q13489,E3,Q13489,Q99558,BIRC3,MAP3K14,1,2,1,0.9824825525283813,neural_pair_scorer_resmlp_focal,focal
E3|Q13489|Q9NR28,E3|Q13489,E3,Q13489,Q9NR28,BIRC3,DIABLO,1,2,1,0.9195303916931152,neural_pair_scorer_resmlp_focal,focal
E3|Q13489|Q9UDY8,E3|Q13489,E3,Q13489,Q9UDY8,BIRC3,MALT1,1,2,1,0.9586541056632996,neural_pair_scorer_resmlp_focal,focal
E3|Q13489|Q9Y4K3,E3|Q13489,E3,Q13489,Q9Y4K3,BIRC3,TRAF6,1,2,1,0.9912382960319519,neural_pair_scorer_resmlp_focal,focal
E3|Q13489|Q9Y572,E3|Q13489,E3,Q13489,Q9Y572,BIRC3,RIPK3,1,2,1,0.9759637117385864,neural_pair_scorer_resmlp_focal,focal
E3|Q13829|P61586,E3|Q13829,E3,Q13829,P61586,TNFAIP1,RHOA,1,2,1,0.9890009164810181,neural_pair_scorer_resmlp_focal,focal
E3|Q13829|P67870,E3|Q13829,E3,Q13829,P67870,TNFAIP1,CSNK2B,1,2,1,0.11158347129821777,neural_pair_scorer_resmlp_focal,focal
E3|Q14145|O14920,E3|Q14145,E3,Q14145,O14920,KEAP1,IKBKB,1,2,1,0.25838565826416016,neural_pair_scorer_resmlp_focal,focal
E3|Q14145|P25205,E3|Q14145,E3,Q14145,P25205,KEAP1,MCM3,1,2,1,0.05494801700115204,neural_pair_scorer_resmlp_focal,focal
E3|Q14145|P48436,E3|Q14145,E3,Q14145,P48436,KEAP1,SOX9,1,2,1,0.3887723684310913,neural_pair_scorer_resmlp_focal,focal
E3|Q14145|Q13501,E3|Q14145,E3,Q14145,Q13501,KEAP1,SQSTM1,1,2,1,0.17480504512786865,neural_pair_scorer_resmlp_focal,focal
E3|Q14145|Q16236,E3|Q14145,E3,Q14145,Q16236,KEAP1,NFE2L2,1,2,1,0.39821958541870117,neural_pair_scorer_resmlp_focal,focal
E3|Q14145|Q86YC2,E3|Q14145,E3,Q14145,Q86YC2,KEAP1,PALB2,1,2,1,0.2736698389053345,neural_pair_scorer_resmlp_focal,focal
E3|Q14145|Q96HS1,E3|Q14145,E3,Q14145,Q96HS1,KEAP1,PGAM5,1,2,1,0.14377917349338531,neural_pair_scorer_resmlp_focal,focal
E3|Q14145|Q9GZT9,E3|Q14145,E3,Q14145,Q9GZT9,KEAP1,EGLN1,1,2,1,0.18265947699546814,neural_pair_scorer_resmlp_focal,focal
E3|Q5U5Q3|O95786,E3|Q5U5Q3,E3,Q5U5Q3,O95786,MEX3C,DDX58,1,2,1,0.788174569606781,neural_pair_scorer_resmlp_focal,focal
E3|Q5VTB9|O75182,E3|Q5VTB9,E3,Q5VTB9,O75182,RNF220,SIN3B,1,2,1,0.0788584053516388,neural_pair_scorer_resmlp_focal,focal
E3|Q5VTB9|Q5VTB9,E3|Q5VTB9,E3,Q5VTB9,Q5VTB9,RNF220,RNF220,1,2,1,0.974428117275238,neural_pair_scorer_resmlp_focal,focal
E3|Q5VTB9|Q96ST3,E3|Q5VTB9,E3,Q5VTB9,Q96ST3,RNF220,SIN3A,1,2,1,0.09692053496837616,neural_pair_scorer_resmlp_focal,focal
E3|Q5VTR2|P62807,E3|Q5VTR2,E3,Q5VTR2,P62807,RNF20,H2BC4,1,2,1,0.9300689697265625,neural_pair_scorer_resmlp_focal,focal
E3|Q5VTR2|Q16778,E3|Q5VTR2,E3,Q5VTR2,Q16778,RNF20,H2BC21,1,2,1,0.9253773093223572,neural_pair_scorer_resmlp_focal,focal
E3|Q5VTR2|Q96A08,E3|Q5VTR2,E3,Q5VTR2,Q96A08,RNF20,HIST1H2BA,1,2,1,0.8746956586837769,neural_pair_scorer_resmlp_focal,focal
E3|Q5VTR2|Q9UQ80,E3|Q5VTR2,E3,Q5VTR2,Q9UQ80,RNF20,PA2G4,1,2,1,0.9641710519790649,neural_pair_scorer_resmlp_focal,focal
E3|Q63HN8|P00367,E3|Q63HN8,E3,Q63HN8,P00367,RNF213,GLUD1,1,2,1,0.482450395822525,neural_pair_scorer_resmlp_focal,focal
E3|Q66K89|P04637,E3|Q66K89,E3,Q66K89,P04637,E4F1,TP53,1,2,1,0.9861059188842773,neural_pair_scorer_resmlp_focal,focal
E3|Q693B1|Q13547,E3|Q693B1,E3,Q693B1,Q13547,KCTD11,HDAC1,1,2,1,0.6313621401786804,neural_pair_scorer_resmlp_focal,focal
E3|Q6P050|P35609,E3|Q6P050,E3,Q6P050,P35609,FBXL22,ACTN2,1,2,1,0.0888441652059555,neural_pair_scorer_resmlp_focal,focal
E3|Q6P050|Q14315,E3|Q6P050,E3,Q6P050,Q14315,FBXL22,FLNC,1,2,1,0.3672763407230377,neural_pair_scorer_resmlp_focal,focal
E3|Q6PJ21|O95863,E3|Q6PJ21,E3,Q6PJ21,O95863,SPSB3,SNAI1,1,2,1,0.9822248816490173,neural_pair_scorer_resmlp_focal,focal
E3|Q6ZNA4|O15105,E3|Q6ZNA4,E3,Q6ZNA4,O15105,RNF111,SMAD7,1,2,1,0.5570362210273743,neural_pair_scorer_resmlp_focal,focal
E3|Q6ZNA4|P12755,E3|Q6ZNA4,E3,Q6ZNA4,P12755,RNF111,SKI,1,2,1,0.3739960193634033,neural_pair_scorer_resmlp_focal,focal
E3|Q6ZNA4|P12757,E3|Q6ZNA4,E3,Q6ZNA4,P12757,RNF111,SKIL,1,2,1,0.7581247687339783,neural_pair_scorer_resmlp_focal,focal
E3|Q6ZNA4|P29590,E3|Q6ZNA4,E3,Q6ZNA4,P29590,RNF111,PML,1,2,1,0.920142412185669,neural_pair_scorer_resmlp_focal,focal
E3|Q6ZNA4|P61956,E3|Q6ZNA4,E3,Q6ZNA4,P61956,RNF111,SUMO2,1,2,1,0.9576463103294373,neural_pair_scorer_resmlp_focal,focal
E3|Q6ZNA4|P84022,E3|Q6ZNA4,E3,Q6ZNA4,P84022,RNF111,SMAD3,1,2,1,0.9680286645889282,neural_pair_scorer_resmlp_focal,focal
E3|Q6ZNA4|Q15796,E3|Q6ZNA4,E3,Q6ZNA4,Q15796,RNF111,SMAD2,1,2,1,0.9646307826042175,neural_pair_scorer_resmlp_focal,focal
E3|Q6ZNA4|Q16236,E3|Q6ZNA4,E3,Q6ZNA4,Q16236,RNF111,NFE2L2,1,2,1,0.9723039865493774,neural_pair_scorer_resmlp_focal,focal
E3|Q76N89|O14640,E3|Q76N89,E3,Q76N89,O14640,HECW1,DVL1,1,2,1,0.852668046951294,neural_pair_scorer_resmlp_focal,focal
E3|Q76N89|Q13485,E3|Q76N89,E3,Q76N89,Q13485,HECW1,SMAD4,1,2,1,0.8035906553268433,neural_pair_scorer_resmlp_focal,focal
E3|Q76N89|Q15361,E3|Q76N89,E3,Q76N89,Q15361,HECW1,TTF1,1,2,1,0.15552039444446564,neural_pair_scorer_resmlp_focal,focal
E3|Q7Z4K8|Q07869,E3|Q7Z4K8,E3,Q7Z4K8,Q07869,TRIM46,PPARA,1,2,1,0.8654226064682007,neural_pair_scorer_resmlp_focal,focal
E3|Q7Z6J0|O14964,E3|Q7Z6J0,E3,Q7Z6J0,O14964,SH3RF1,HGS,1,2,1,0.9361119866371155,neural_pair_scorer_resmlp_focal,focal
E3|Q7Z6J0|P48048,E3|Q7Z6J0,E3,Q7Z6J0,P48048,SH3RF1,KCNJ1,1,2,1,0.03326685354113579,neural_pair_scorer_resmlp_focal,focal
E3|Q7Z6J0|P63252,E3|Q7Z6J0,E3,Q7Z6J0,P63252,SH3RF1,KCNJ2,1,2,1,0.08224064111709595,neural_pair_scorer_resmlp_focal,focal
E3|Q7Z6J0|Q15011,E3|Q7Z6J0,E3,Q7Z6J0,Q15011,SH3RF1,HERPUD1,1,2,1,0.19173617660999298,neural_pair_scorer_resmlp_focal,focal
E3|Q7Z6J0|Q7Z6J0,E3|Q7Z6J0,E3,Q7Z6J0,Q7Z6J0,SH3RF1,SH3RF1,1,2,1,0.971589207649231,neural_pair_scorer_resmlp_focal,focal
E3|Q7Z6J0|Q8WUM4,E3|Q7Z6J0,E3,Q7Z6J0,Q8WUM4,SH3RF1,PDCD6IP,1,2,1,0.8022908568382263,neural_pair_scorer_resmlp_focal,focal
E3|Q7Z6J0|Q9UBP5,E3|Q7Z6J0,E3,Q7Z6J0,Q9UBP5,SH3RF1,HEY2,1,2,1,0.591182291507721,neural_pair_scorer_resmlp_focal,focal
E3|Q86UW9|Q86UW9,E3|Q86UW9,E3,Q86UW9,Q86UW9,DTX2,DTX2,1,2,1,0.9841946363449097,neural_pair_scorer_resmlp_focal,focal
E3|Q86WT6|P04637,E3|Q86WT6,E3,Q86WT6,P04637,TRIM69,TP53,1,2,1,0.8894005417823792,neural_pair_scorer_resmlp_focal,focal
E3|Q86Y13|P04908,E3|Q86Y13,E3,Q86Y13,P04908,DZIP3,H2AC4,1,2,1,0.36998552083969116,neural_pair_scorer_resmlp_focal,focal
E3|Q86Y13|P54253,E3|Q86Y13,E3,Q86Y13,P54253,DZIP3,ATXN1,1,2,1,0.356641560792923,neural_pair_scorer_resmlp_focal,focal
E3|Q86Y13|Q08AJ9,E3|Q86Y13,E3,Q86Y13,Q08AJ9,DZIP3,HIST1H2AB,1,2,1,0.36998552083969116,neural_pair_scorer_resmlp_focal,focal
E3|Q8IUD6|O95786,E3|Q8IUD6,E3,Q8IUD6,O95786,RNF135,DDX58,1,2,1,0.8953786492347717,neural_pair_scorer_resmlp_focal,focal
E3|Q8N2H9|O43353,E3|Q8N2H9,E3,Q8N2H9,O43353,PELI3,RIPK2,1,2,1,0.8451589941978455,neural_pair_scorer_resmlp_focal,focal
E3|Q8N2H9|P51617,E3|Q8N2H9,E3,Q8N2H9,P51617,PELI3,IRAK1,1,2,1,0.8910344243049622,neural_pair_scorer_resmlp_focal,focal
E3|Q8N2H9|Q9Y4K3,E3|Q8N2H9,E3,Q8N2H9,Q9Y4K3,PELI3,TRAF6,1,2,1,0.9068307280540466,neural_pair_scorer_resmlp_focal,focal
E3|Q8N2W9|P14921,E3|Q8N2W9,E3,Q8N2W9,P14921,PIAS4,ETS1,1,2,1,0.9904558062553406,neural_pair_scorer_resmlp_focal,focal
E3|Q8N2W9|P25490,E3|Q8N2W9,E3,Q8N2W9,P25490,PIAS4,YY1,1,2,1,0.9712507128715515,neural_pair_scorer_resmlp_focal,focal
E3|Q8N806|Q14558,E3|Q8N806,E3,Q8N806,Q14558,UBR7,PRPSAP1,1,2,1,0.1546485871076584,neural_pair_scorer_resmlp_focal,focal
E3|Q8NEZ5|O14867,E3|Q8NEZ5,E3,Q8NEZ5,O14867,FBXO22,BACH1,1,2,1,0.22820863127708435,neural_pair_scorer_resmlp_focal,focal
E3|Q8NEZ5|O43474,E3|Q8NEZ5,E3,Q8NEZ5,O43474,FBXO22,KLF4,1,2,1,0.8724170923233032,neural_pair_scorer_resmlp_focal,focal
E3|Q8NEZ5|O60346,E3|Q8NEZ5,E3,Q8NEZ5,O60346,FBXO22,PHLPP1,1,2,1,0.2860901653766632,neural_pair_scorer_resmlp_focal,focal
E3|Q8NEZ5|O75164,E3|Q8NEZ5,E3,Q8NEZ5,O75164,FBXO22,KDM4A,1,2,1,0.871685266494751,neural_pair_scorer_resmlp_focal,focal
E3|Q8NEZ5|O94953,E3|Q8NEZ5,E3,Q8NEZ5,O94953,FBXO22,KDM4B,1,2,1,0.8985607028007507,neural_pair_scorer_resmlp_focal,focal
E3|Q8NEZ5|O95817,E3|Q8NEZ5,E3,Q8NEZ5,O95817,FBXO22,BAG3,1,2,1,0.7485728859901428,neural_pair_scorer_resmlp_focal,focal
E3|Q8NEZ5|O95863,E3|Q8NEZ5,E3,Q8NEZ5,O95863,FBXO22,SNAI1,1,2,1,0.9681799411773682,neural_pair_scorer_resmlp_focal,focal
E3|Q8NEZ5|P04637,E3|Q8NEZ5,E3,Q8NEZ5,P04637,FBXO22,TP53,1,2,1,0.9877991676330566,neural_pair_scorer_resmlp_focal,focal
E3|Q8NEZ5|P35613,E3|Q8NEZ5,E3,Q8NEZ5,P35613,FBXO22,BSG,1,2,1,0.03230906277894974,neural_pair_scorer_resmlp_focal,focal
E3|Q8NEZ5|P38936,E3|Q8NEZ5,E3,Q8NEZ5,P38936,FBXO22,CDKN1A,1,2,1,0.9771634340286255,neural_pair_scorer_resmlp_focal,focal
E3|Q8NEZ5|P60484,E3|Q8NEZ5,E3,Q8NEZ5,P60484,FBXO22,PTEN,1,2,1,0.9575970768928528,neural_pair_scorer_resmlp_focal,focal
E3|Q8NEZ5|Q00987,E3|Q8NEZ5,E3,Q8NEZ5,Q00987,FBXO22,MDM2,1,2,1,0.9764187932014465,neural_pair_scorer_resmlp_focal,focal
E3|Q8NEZ5|Q15831,E3|Q8NEZ5,E3,Q8NEZ5,Q15831,FBXO22,STK11,1,2,1,0.9192756414413452,neural_pair_scorer_resmlp_focal,focal
E3|Q8NFD5|Q8NFD5,E3|Q8NFD5,E3,Q8NFD5,Q8NFD5,ARID1B,ARID1B,1,2,1,0.9815949201583862,neural_pair_scorer_resmlp_focal,focal
E3|Q8NG27|P32519,E3|Q8NG27,E3,Q8NG27,P32519,PJA1,ELF1,1,2,1,0.4119158089160919,neural_pair_scorer_resmlp_focal,focal
E3|Q8NG27|P84022,E3|Q8NG27,E3,Q8NG27,P84022,PJA1,SMAD3,1,2,1,0.904633641242981,neural_pair_scorer_resmlp_focal,focal
E3|Q8NG27|Q13148,E3|Q8NG27,E3,Q8NG27,Q13148,PJA1,TARDBP,1,2,1,0.8222439289093018,neural_pair_scorer_resmlp_focal,focal
E3|Q8NG27|Q15022,E3|Q8NG27,E3,Q8NG27,Q15022,PJA1,SUZ12,1,2,1,0.2906733751296997,neural_pair_scorer_resmlp_focal,focal
E3|Q8NG27|Q15910,E3|Q8NG27,E3,Q8NG27,Q15910,PJA1,EZH2,1,2,1,0.8459590077400208,neural_pair_scorer_resmlp_focal,focal
E3|Q8NG27|Q6PJQ5,E3|Q8NG27,E3,Q8NG27,Q6PJQ5,PJA1,FOXR2,1,2,1,0.48381584882736206,neural_pair_scorer_resmlp_focal,focal
E3|Q8NG27|Q9Y5V3,E3|Q8NG27,E3,Q8NG27,Q9Y5V3,PJA1,MAGED1,1,2,1,0.619733989238739,neural_pair_scorer_resmlp_focal,focal
E3|Q8TCJ0|O96004,E3|Q8TCJ0,E3,Q8TCJ0,O96004,FBXO25,HAND1,1,2,1,0.9185035228729248,neural_pair_scorer_resmlp_focal,focal
E3|Q8TCJ0|P19419,E3|Q8TCJ0,E3,Q8TCJ0,P19419,FBXO25,ELK1,1,2,1,0.4947217106819153,neural_pair_scorer_resmlp_focal,focal
E3|Q8TCJ0|P52952,E3|Q8TCJ0,E3,Q8TCJ0,P52952,FBXO25,NKX2-5,1,2,1,0.8091021776199341,neural_pair_scorer_resmlp_focal,focal
E3|Q8TCJ0|P61371,E3|Q8TCJ0,E3,Q8TCJ0,P61371,FBXO25,ISL1,1,2,1,0.7821635007858276,neural_pair_scorer_resmlp_focal,focal
E3|Q8WXH4|P04843,E3|Q8WXH4,E3,Q8WXH4,P04843,ASB11,RPN1,1,2,1,0.5616817474365234,neural_pair_scorer_resmlp_focal,focal
E3|Q8WXH4|Q13323,E3|Q8WXH4,E3,Q8WXH4,Q13323,ASB11,BIK,1,2,1,0.14308711886405945,neural_pair_scorer_resmlp_focal,focal
E3|Q8WZ60|P24941,E3|Q8WZ60,E3,Q8WZ60,P24941,KLHL6,CDK2,1,2,1,0.9700213670730591,neural_pair_scorer_resmlp_focal,focal
E3|Q8WZ60|Q9HBD1,E3|Q8WZ60,E3,Q8WZ60,Q9HBD1,KLHL6,RC3H2,1,2,1,0.1891888678073883,neural_pair_scorer_resmlp_focal,focal
E3|Q92844|O95147,E3|Q92844,E3,Q92844,O95147,TANK,DUSP14,1,2,1,0.14396436512470245,neural_pair_scorer_resmlp_focal,focal
E3|Q92844|Q13114,E3|Q92844,E3,Q92844,Q13114,TANK,TRAF3,1,2,1,0.5120199918746948,neural_pair_scorer_resmlp_focal,focal
E3|Q92844|Q13489,E3|Q92844,E3,Q92844,Q13489,TANK,BIRC3,1,2,1,0.7069583535194397,neural_pair_scorer_resmlp_focal,focal
E3|Q92844|Q13546,E3|Q92844,E3,Q92844,Q13546,TANK,RIPK1,1,2,1,0.6861432790756226,neural_pair_scorer_resmlp_focal,focal
E3|Q92844|Q13601,E3|Q92844,E3,Q92844,Q13601,TANK,KRR1,1,2,1,0.7716530561447144,neural_pair_scorer_resmlp_focal,focal
E3|Q92844|Q14164,E3|Q92844,E3,Q92844,Q14164,TANK,IKBKE,1,2,1,0.07741834968328476,neural_pair_scorer_resmlp_focal,focal
E3|Q92844|Q15759,E3|Q92844,E3,Q92844,Q15759,TANK,MAPK11,1,2,1,0.9204736948013306,neural_pair_scorer_resmlp_focal,focal
E3|Q92844|Q8IUC6,E3|Q92844,E3,Q92844,Q8IUC6,TANK,TICAM1,1,2,1,0.4811081886291504,neural_pair_scorer_resmlp_focal,focal
E3|Q92844|Q9BVC4,E3|Q92844,E3,Q92844,Q9BVC4,TANK,MLST8,1,2,1,0.6940587759017944,neural_pair_scorer_resmlp_focal,focal
E3|Q969K3|P04637,E3|Q969K3,E3,Q969K3,P04637,RNF34,TP53,1,2,1,0.9949588179588318,neural_pair_scorer_resmlp_focal,focal
E3|Q969K3|Q13546,E3|Q969K3,E3,Q969K3,Q13546,RNF34,RIPK1,1,2,1,0.9849457740783691,neural_pair_scorer_resmlp_focal,focal
E3|Q969K3|Q14790,E3|Q969K3,E3,Q969K3,Q14790,RNF34,CASP8,1,2,1,0.947489321231842,neural_pair_scorer_resmlp_focal,focal
E3|Q969K3|Q92851,E3|Q969K3,E3,Q969K3,Q92851,RNF34,CASP10,1,2,1,0.17408345639705658,neural_pair_scorer_resmlp_focal,focal
E3|Q969K3|Q9UBK2,E3|Q969K3,E3,Q969K3,Q9UBK2,RNF34,PPARGC1A,1,2,1,0.5585470795631409,neural_pair_scorer_resmlp_focal,focal
E3|Q969K3|Q9Y239,E3|Q969K3,E3,Q969K3,Q9Y239,RNF34,NOD1,1,2,1,0.9113481640815735,neural_pair_scorer_resmlp_focal,focal
E3|Q969Q1|P05976,E3|Q969Q1,E3,Q969Q1,P05976,TRIM63,MYL1,1,2,1,0.41286778450012207,neural_pair_scorer_resmlp_focal,focal
E3|Q969Q1|P06576,E3|Q969Q1,E3,Q969Q1,P06576,TRIM63,ATP5F1B,1,2,1,0.03985892981290817,neural_pair_scorer_resmlp_focal,focal
E3|Q969Q1|P06732,E3|Q969Q1,E3,Q969Q1,P06732,TRIM63,CKM,1,2,1,0.3715949058532715,neural_pair_scorer_resmlp_focal,focal
E3|Q969Q1|P10827,E3|Q969Q1,E3,Q969Q1,P10827,TRIM63,THRA,1,2,1,0.9279482960700989,neural_pair_scorer_resmlp_focal,focal
E3|Q969Q1|P10916,E3|Q969Q1,E3,Q969Q1,P10916,TRIM63,MYL2,1,2,1,0.12557585537433624,neural_pair_scorer_resmlp_focal,focal
E3|Q969Q1|P19237,E3|Q969Q1,E3,Q969Q1,P19237,TRIM63,TNNI1,1,2,1,0.24175173044204712,neural_pair_scorer_resmlp_focal,focal
E3|Q969Q1|P19429,E3|Q969Q1,E3,Q969Q1,P19429,TRIM63,TNNI3,1,2,1,0.13828369975090027,neural_pair_scorer_resmlp_focal,focal
E3|Q969Q1|P25963,E3|Q969Q1,E3,Q969Q1,P25963,TRIM63,NFKBIA,1,2,1,0.8604717254638672,neural_pair_scorer_resmlp_focal,focal
E3|Q969Q1|P31937,E3|Q969Q1,E3,Q969Q1,P31937,TRIM63,HIBADH,1,2,1,0.04744449630379677,neural_pair_scorer_resmlp_focal,focal
E3|Q969Q1|P55036,E3|Q969Q1,E3,Q969Q1,P55036,TRIM63,PSMD4,1,2,1,0.8940869569778442,neural_pair_scorer_resmlp_focal,focal
E3|Q969Q1|P63316,E3|Q969Q1,E3,Q969Q1,P63316,TRIM63,TNNC1,1,2,1,0.4259059727191925,neural_pair_scorer_resmlp_focal,focal
E3|Q969Q1|P68133,E3|Q969Q1,E3,Q969Q1,P68133,TRIM63,ACTA1,1,2,1,0.24155208468437195,neural_pair_scorer_resmlp_focal,focal
E3|Q969Q1|Q14324,E3|Q969Q1,E3,Q969Q1,Q14324,TRIM63,MYBPC2,1,2,1,0.235725536942482,neural_pair_scorer_resmlp_focal,focal
E3|Q969Q1|Q14896,E3|Q969Q1,E3,Q969Q1,Q14896,TRIM63,MYBPC3,1,2,1,0.16914325952529907,neural_pair_scorer_resmlp_focal,focal
E3|Q969Q1|Q96A32,E3|Q969Q1,E3,Q969Q1,Q96A32,TRIM63,MYLPF,1,2,1,0.06397529691457748,neural_pair_scorer_resmlp_focal,focal
E3|Q969Q1|Q9Y692,E3|Q969Q1,E3,Q969Q1,Q9Y692,TRIM63,GMEB1,1,2,1,0.9062427878379822,neural_pair_scorer_resmlp_focal,focal
E3|Q969U6|P49815,E3|Q969U6,E3,Q969U6,P49815,FBXW5,TSC2,1,2,1,0.8527776002883911,neural_pair_scorer_resmlp_focal,focal
E3|Q969U6|Q12929,E3|Q969U6,E3,Q969U6,Q12929,FBXW5,EPS8,1,2,1,0.3113524317741394,neural_pair_scorer_resmlp_focal,focal
E3|Q969U6|Q6UVJ0,E3|Q969U6,E3,Q969U6,Q6UVJ0,FBXW5,SASS6,1,2,1,0.15687566995620728,neural_pair_scorer_resmlp_focal,focal
E3|Q969U6|Q96QB1,E3|Q969U6,E3,Q969U6,Q96QB1,FBXW5,DLC1,1,2,1,0.10821321606636047,neural_pair_scorer_resmlp_focal,focal
E3|Q969U6|Q9Y238,E3|Q969U6,E3,Q969U6,Q9Y238,FBXW5,DLEC1,1,2,1,0.8011540770530701,neural_pair_scorer_resmlp_focal,focal
E3|Q969V5|O00429,E3|Q969V5,E3,Q969V5,O00429,MUL1,DNM1L,1,2,1,0.8897304534912109,neural_pair_scorer_resmlp_focal,focal
E3|Q969V5|O15350,E3|Q969V5,E3,Q969V5,O15350,MUL1,TP73,1,2,1,0.32533541321754456,neural_pair_scorer_resmlp_focal,focal
E3|Q969V5|O75385,E3|Q969V5,E3,Q969V5,O75385,MUL1,ULK1,1,2,1,0.21181924641132355,neural_pair_scorer_resmlp_focal,focal
E3|Q969V5|P04637,E3|Q969V5,E3,Q969V5,P04637,MUL1,TP53,1,2,1,0.9599032402038574,neural_pair_scorer_resmlp_focal,focal
E3|Q969V5|P11021,E3|Q969V5,E3,Q969V5,P11021,MUL1,HSPA5,1,2,1,0.335938960313797,neural_pair_scorer_resmlp_focal,focal
E3|Q969V5|P31749,E3|Q969V5,E3,Q969V5,P31749,MUL1,AKT1,1,2,1,0.9485653042793274,neural_pair_scorer_resmlp_focal,focal
E3|Q969V5|Q969V5,E3|Q969V5,E3,Q969V5,Q969V5,MUL1,MUL1,1,2,1,0.9763951301574707,neural_pair_scorer_resmlp_focal,focal
E3|Q96EX2|P26951,E3|Q96EX2,E3,Q96EX2,P26951,RNFT2,IL3RA,1,2,1,0.9275311827659607,neural_pair_scorer_resmlp_focal,focal
E3|Q96K19|Q14643,E3|Q96K19,E3,Q96K19,Q14643,RNF170,ITPR1,1,2,1,0.20515413582324982,neural_pair_scorer_resmlp_focal,focal
E3|Q96LD4|P04637,E3|Q96LD4,E3,Q96LD4,P04637,TRIM47,TP53,1,2,1,0.9699484705924988,neural_pair_scorer_resmlp_focal,focal
E3|Q96LD4|Q12906,E3|Q96LD4,E3,Q96LD4,Q12906,TRIM47,ILF3,1,2,1,0.8130190968513489,neural_pair_scorer_resmlp_focal,focal
E3|Q96LD4|Q13485,E3|Q96LD4,E3,Q96LD4,Q13485,TRIM47,SMAD4,1,2,1,0.6537059545516968,neural_pair_scorer_resmlp_focal,focal
E3|Q99618|P30291,E3|Q99618,E3,Q99618,P30291,CDCA3,WEE1,1,2,1,0.35364946722984314,neural_pair_scorer_resmlp_focal,focal
E3|Q99618|P38936,E3|Q99618,E3,Q99618,P38936,CDCA3,CDKN1A,1,2,1,0.9712843298912048,neural_pair_scorer_resmlp_focal,focal
E3|Q99619|P35228,E3|Q99619,E3,Q99619,P35228,SPSB2,NOS2,1,2,1,0.09086024761199951,neural_pair_scorer_resmlp_focal,focal
E3|Q99619|P60321,E3|Q99619,E3,Q99619,P60321,SPSB2,NANOS2,1,2,1,0.02817470021545887,neural_pair_scorer_resmlp_focal,focal
E3|Q99942|O43511,E3|Q99942,E3,Q99942,O43511,RNF5,SLC26A4,1,2,1,0.8138865232467651,neural_pair_scorer_resmlp_focal,focal
E3|Q99942|P13569,E3|Q99942,E3,Q99942,P13569,RNF5,CFTR,1,2,1,0.9479787349700928,neural_pair_scorer_resmlp_focal,focal
E3|Q99942|P49023,E3|Q99942,E3,Q99942,P49023,RNF5,PXN,1,2,1,0.3251054286956787,neural_pair_scorer_resmlp_focal,focal
E3|Q99942|P68036,E3|Q99942,E3,Q99942,P68036,RNF5,UBE2L3,1,2,1,0.9527351260185242,neural_pair_scorer_resmlp_focal,focal
E3|Q99942|Q12770,E3|Q99942,E3,Q99942,Q12770,RNF5,SCAP,1,2,1,0.6586663126945496,neural_pair_scorer_resmlp_focal,focal
E3|Q99942|Q14653,E3|Q99942,E3,Q99942,Q14653,RNF5,IRF3,1,2,1,0.9707037210464478,neural_pair_scorer_resmlp_focal,focal
E3|Q99942|Q7Z434,E3|Q99942,E3,Q99942,Q7Z434,RNF5,MAVS,1,2,1,0.752661406993866,neural_pair_scorer_resmlp_focal,focal
E3|Q99942|Q86WV6,E3|Q99942,E3,Q99942,Q86WV6,RNF5,STING1,1,2,1,0.9410611987113953,neural_pair_scorer_resmlp_focal,focal
E3|Q99942|Q8ZNR3,E3|Q99942,E3,Q99942,Q8ZNR3,RNF5,sopA,1,2,1,0.34853044152259827,neural_pair_scorer_resmlp_focal,focal
E3|Q99942|Q9P055,E3|Q99942,E3,Q99942,Q9P055,RNF5,JKAMP,1,2,1,0.9331330060958862,neural_pair_scorer_resmlp_focal,focal
E3|Q9BRZ2|O00422,E3|Q9BRZ2,E3,Q9BRZ2,O00422,TRIM56,SAP18,1,2,1,0.8560023903846741,neural_pair_scorer_resmlp_focal,focal
E3|Q9BRZ2|P08670,E3|Q9BRZ2,E3,Q9BRZ2,P08670,TRIM56,VIM,1,2,1,0.808386504650116,neural_pair_scorer_resmlp_focal,focal
E3|Q9BRZ2|Q86WV6,E3|Q9BRZ2,E3,Q9BRZ2,Q86WV6,TRIM56,STING1,1,2,1,0.8830671310424805,neural_pair_scorer_resmlp_focal,focal
E3|Q9BVG3|Q9BVG3,E3|Q9BVG3,E3,Q9BVG3,Q9BVG3,TRIM62,TRIM62,1,2,1,0.9766871929168701,neural_pair_scorer_resmlp_focal,focal
E3|Q9BVG3|Q9H257,E3|Q9BVG3,E3,Q9BVG3,Q9H257,TRIM62,CARD9,1,2,1,0.40198254585266113,neural_pair_scorer_resmlp_focal,focal
E3|Q9BWF2|Q14678,E3|Q9BWF2,E3,Q9BWF2,Q14678,TRAIP,KANK1,1,2,1,0.3505695164203644,neural_pair_scorer_resmlp_focal,focal
E3|Q9BXM7|P21796,E3|Q9BXM7,E3,Q9BXM7,P21796,PINK1,VDAC1,1,2,1,0.634606659412384,neural_pair_scorer_resmlp_focal,focal
E3|Q9C035|Q9C035,E3|Q9C035,E3,Q9C035,Q9C035,TRIM5,TRIM5,1,2,1,0.9578654170036316,neural_pair_scorer_resmlp_focal,focal
E3|Q9C040|O43521,E3|Q9C040,E3,Q9C040,O43521,TRIM2,BCL2L11,1,2,1,0.45046520233154297,neural_pair_scorer_resmlp_focal,focal
E3|Q9C040|P07196,E3|Q9C040,E3,Q9C040,P07196,TRIM2,NEFL,1,2,1,0.6456076502799988,neural_pair_scorer_resmlp_focal,focal
E3|Q9C0C7|Q14457,E3|Q9C0C7,E3,Q9C0C7,Q14457,AMBRA1,BECN1,1,2,1,0.9305174946784973,neural_pair_scorer_resmlp_focal,focal
E3|Q9H4M3|P38398,E3|Q9H4M3,E3,Q9H4M3,P38398,FBXO44,BRCA1,1,2,1,0.7681905031204224,neural_pair_scorer_resmlp_focal,focal
E3|Q9H4M3|Q9UPW8,E3|Q9H4M3,E3,Q9H4M3,Q9UPW8,FBXO44,UNC13A,1,2,1,0.8887436985969543,neural_pair_scorer_resmlp_focal,focal
E3|Q9NQ86|Q14653,E3|Q9NQ86,E3,Q9NQ86,Q14653,TRIM36,IRF3,1,2,1,0.9803842902183533,neural_pair_scorer_resmlp_focal,focal
E3|Q9NRD0|P01106,E3|Q9NRD0,E3,Q9NRD0,P01106,FBXO8,MYC,1,2,1,0.8632615804672241,neural_pair_scorer_resmlp_focal,focal
E3|Q9NRD0|P09211,E3|Q9NRD0,E3,Q9NRD0,P09211,FBXO8,GSTP1,1,2,1,0.5548310875892639,neural_pair_scorer_resmlp_focal,focal
E3|Q9NRD0|P62330,E3|Q9NRD0,E3,Q9NRD0,P62330,FBXO8,ARF6,1,2,1,0.4779299795627594,neural_pair_scorer_resmlp_focal,focal
E3|Q9NRD1|O00584,E3|Q9NRD1,E3,Q9NRD1,O00584,FBXO6,RNASET2,1,2,1,0.807233452796936,neural_pair_scorer_resmlp_focal,focal
E3|Q9NRD1|O14757,E3|Q9NRD1,E3,Q9NRD1,O14757,FBXO6,CHEK1,1,2,1,0.9577999114990234,neural_pair_scorer_resmlp_focal,focal
E3|Q9NRD1|O75882,E3|Q9NRD1,E3,Q9NRD1,O75882,FBXO6,ATRN,1,2,1,0.7726591229438782,neural_pair_scorer_resmlp_focal,focal
E3|Q9NRD1|P02786,E3|Q9NRD1,E3,Q9NRD1,P02786,FBXO6,TFRC,1,2,1,0.9406315088272095,neural_pair_scorer_resmlp_focal,focal
E3|Q9NRD1|Q14653,E3|Q9NRD1,E3,Q9NRD1,Q14653,FBXO6,IRF3,1,2,1,0.9836951494216919,neural_pair_scorer_resmlp_focal,focal
E3|Q9NRD1|Q96HE7,E3|Q9NRD1,E3,Q9NRD1,Q96HE7,FBXO6,ERO1A,1,2,1,0.7636758685112,neural_pair_scorer_resmlp_focal,focal
E3|Q9NRD1|Q9BRS2,E3|Q9NRD1,E3,Q9NRD1,Q9BRS2,FBXO6,RIOK1,1,2,1,0.4957554042339325,neural_pair_scorer_resmlp_focal,focal
E3|Q9NVR0|P14635,E3|Q9NVR0,E3,Q9NVR0,P14635,KLHL11,CCNB1,1,2,1,0.9837998151779175,neural_pair_scorer_resmlp_focal,focal
E3|Q9P0N8|P02786,E3|Q9P0N8,E3,Q9P0N8,P02786,MARCHF2,TFRC,1,2,1,0.9703400135040283,neural_pair_scorer_resmlp_focal,focal
E3|Q9P0N8|P13569,E3|Q9P0N8,E3,Q9P0N8,P13569,MARCHF2,CFTR,1,2,1,0.5768332481384277,neural_pair_scorer_resmlp_focal,focal
E3|Q9P0N8|P42081,E3|Q9P0N8,E3,Q9P0N8,P42081,MARCHF2,CD86,1,2,1,0.963634729385376,neural_pair_scorer_resmlp_focal,focal
E3|Q9P0N8|Q12959,E3|Q9P0N8,E3,Q9P0N8,Q12959,MARCHF2,DLG1,1,2,1,0.2521570324897766,neural_pair_scorer_resmlp_focal,focal
E3|Q9P0N8|Q9Y282,E3|Q9P0N8,E3,Q9P0N8,Q9Y282,MARCHF2,ERGIC3,1,2,1,0.8863316774368286,neural_pair_scorer_resmlp_focal,focal
E3|Q9P2K6|Q16537,E3|Q9P2K6,E3,Q9P2K6,Q16537,KLHL42,PPP2R5E,1,2,1,0.5037361979484558,neural_pair_scorer_resmlp_focal,focal
E3|Q9UF56|O14867,E3|Q9UF56,E3,Q9UF56,O14867,FBXL17,BACH1,1,2,1,0.1350870281457901,neural_pair_scorer_resmlp_focal,focal
E3|Q9UF56|Q9BX63,E3|Q9UF56,E3,Q9UF56,Q9BX63,FBXL17,BRIP1,1,2,1,0.13584427535533905,neural_pair_scorer_resmlp_focal,focal
E3|Q9UF56|Q9UMX1,E3|Q9UF56,E3,Q9UF56,Q9UMX1,FBXL17,SUFU,1,2,1,0.9414616823196411,neural_pair_scorer_resmlp_focal,focal
E3|Q9UJP4|Q5UEC6,E3|Q9UJP4,E3,Q9UJP4,Q5UEC6,KLHL21,EB1,1,2,1,0.05480832979083061,neural_pair_scorer_resmlp_focal,focal
E3|Q9UJP4|Q96GD4,E3|Q9UJP4,E3,Q9UJP4,Q96GD4,KLHL21,AURKB,1,2,1,0.9697083830833435,neural_pair_scorer_resmlp_focal,focal
E3|Q9UJT9|O14965,E3|Q9UJT9,E3,Q9UJT9,O14965,FBXL7,AURKA,1,2,1,0.9930698275566101,neural_pair_scorer_resmlp_focal,focal
E3|Q9UJT9|O15392,E3|Q9UJT9,E3,Q9UJT9,O15392,FBXL7,BIRC5,1,2,1,0.9506067037582397,neural_pair_scorer_resmlp_focal,focal
E3|Q9UJT9|O95863,E3|Q9UJT9,E3,Q9UJT9,O95863,FBXL7,SNAI1,1,2,1,0.9899389743804932,neural_pair_scorer_resmlp_focal,focal
E3|Q9UJT9|P12931,E3|Q9UJT9,E3,Q9UJT9,P12931,FBXL7,SRC,1,2,1,0.9891594052314758,neural_pair_scorer_resmlp_focal,focal
E3|Q9UJX6|O95997,E3|Q9UJX6,E3,Q9UJX6,O95997,ANAPC2,PTTG1,1,2,1,0.4203539192676544,neural_pair_scorer_resmlp_focal,focal
E3|Q9UKT8|O96020,E3|Q9UKT8,E3,Q9UKT8,O96020,FBXW2,CCNE2,1,2,1,0.9574360847473145,neural_pair_scorer_resmlp_focal,focal
E3|Q9UKT8|P24864,E3|Q9UKT8,E3,Q9UKT8,P24864,FBXW2,CCNE1,1,2,1,0.9639356136322021,neural_pair_scorer_resmlp_focal,focal
E3|Q9UKT8|P35548,E3|Q9UKT8,E3,Q9UKT8,P35548,FBXW2,MSX2,1,2,1,0.7915568351745605,neural_pair_scorer_resmlp_focal,focal
E3|Q9UKT8|Q9NP62,E3|Q9UKT8,E3,Q9UKT8,Q9NP62,FBXW2,GCM1,1,2,1,0.9627716541290283,neural_pair_scorer_resmlp_focal,focal
E3|Q9UM11|O00429,E3|Q9UM11,E3,Q9UM11,O00429,FZR1,DNM1L,1,2,1,0.9804603457450867,neural_pair_scorer_resmlp_focal,focal
E3|Q9UM11|O00716,E3|Q9UM11,E3,Q9UM11,O00716,FZR1,E2F3,1,2,1,0.9919520020484924,neural_pair_scorer_resmlp_focal,focal
E3|Q9UM11|O14777,E3|Q9UM11,E3,Q9UM11,O14777,FZR1,NDC80,1,2,1,0.9849565625190735,neural_pair_scorer_resmlp_focal,focal
E3|Q9UM11|O14965,E3|Q9UM11,E3,Q9UM11,O14965,FZR1,AURKA,1,2,1,0.9948646426200867,neural_pair_scorer_resmlp_focal,focal
E3|Q9UM11|O43474,E3|Q9UM11,E3,Q9UM11,O43474,FZR1,KLF4,1,2,1,0.991287887096405,neural_pair_scorer_resmlp_focal,focal
E3|Q9UM11|O43683,E3|Q9UM11,E3,Q9UM11,O43683,FZR1,BUB1,1,2,1,0.9918647408485413,neural_pair_scorer_resmlp_focal,focal
E3|Q9UM11|O60313,E3|Q9UM11,E3,Q9UM11,O60313,FZR1,OPA1,1,2,1,0.600182831287384,neural_pair_scorer_resmlp_focal,focal
E3|Q9UM11|O60566,E3|Q9UM11,E3,Q9UM11,O60566,FZR1,BUB1B,1,2,1,0.9932689070701599,neural_pair_scorer_resmlp_focal,focal
E3|Q9UM11|O75496,E3|Q9UM11,E3,Q9UM11,O75496,FZR1,GMNN,1,2,1,0.9924437403678894,neural_pair_scorer_resmlp_focal,focal
E3|Q9UM11|O94782,E3|Q9UM11,E3,Q9UM11,O94782,FZR1,USP1,1,2,1,0.9951051473617554,neural_pair_scorer_resmlp_focal,focal
E3|Q9UM11|O95997,E3|Q9UM11,E3,Q9UM11,O95997,FZR1,PTTG1,1,2,1,0.9934460520744324,neural_pair_scorer_resmlp_focal,focal
E3|Q9UM11|P04183,E3|Q9UM11,E3,Q9UM11,P04183,FZR1,TK1,1,2,1,0.970579981803894,neural_pair_scorer_resmlp_focal,focal
E3|Q9UM11|P12757,E3|Q9UM11,E3,Q9UM11,P12757,FZR1,SKIL,1,2,1,0.9949374198913574,neural_pair_scorer_resmlp_focal,focal
E3|Q9UM11|P13349,E3|Q9UM11,E3,Q9UM11,P13349,FZR1,MYF5,1,2,1,0.9908934831619263,neural_pair_scorer_resmlp_focal,focal
E3|Q9UM11|P14635,E3|Q9UM11,E3,Q9UM11,P14635,FZR1,CCNB1,1,2,1,0.9948500990867615,neural_pair_scorer_resmlp_focal,focal
E3|Q9UM11|P16284,E3|Q9UM11,E3,Q9UM11,P16284,FZR1,PECAM1,1,2,1,0.20271892845630646,neural_pair_scorer_resmlp_focal,focal
E3|Q9UM11|P20248,E3|Q9UM11,E3,Q9UM11,P20248,FZR1,CCNA2,1,2,1,0.9915858507156372,neural_pair_scorer_resmlp_focal,focal
E3|Q9UM11|P23760,E3|Q9UM11,E3,Q9UM11,P23760,FZR1,PAX3,1,2,1,0.9867419600486755,neural_pair_scorer_resmlp_focal,focal
E3|Q9UM11|P23919,E3|Q9UM11,E3,Q9UM11,P23919,FZR1,DTYMK,1,2,1,0.44204628467559814,neural_pair_scorer_resmlp_focal,focal
E3|Q9UM11|P26358,E3|Q9UM11,E3,Q9UM11,P26358,FZR1,DNMT1,1,2,1,0.9908507466316223,neural_pair_scorer_resmlp_focal,focal
E3|Q9UM11|P30304,E3|Q9UM11,E3,Q9UM11,P30304,FZR1,CDC25A,1,2,1,0.9904530048370361,neural_pair_scorer_resmlp_focal,focal
E3|Q9UM11|P41134,E3|Q9UM11,E3,Q9UM11,P41134,FZR1,ID1,1,2,1,0.9551500082015991,neural_pair_scorer_resmlp_focal,focal
E3|Q9UM11|P45983,E3|Q9UM11,E3,Q9UM11,P45983,FZR1,MAPK8,1,2,1,0.9953611493110657,neural_pair_scorer_resmlp_focal,focal
E3|Q9UM11|P45984,E3|Q9UM11,E3,Q9UM11,P45984,FZR1,MAPK9,1,2,1,0.9954683780670166,neural_pair_scorer_resmlp_focal,focal
E3|Q9UM11|P48431,E3|Q9UM11,E3,Q9UM11,P48431,FZR1,SOX2,1,2,1,0.9859485626220703,neural_pair_scorer_resmlp_focal,focal
E3|Q9UM11|P51955,E3|Q9UM11,E3,Q9UM11,P51955,FZR1,NEK2,1,2,1,0.9949122071266174,neural_pair_scorer_resmlp_focal,focal
E3|Q9UM11|P53350,E3|Q9UM11,E3,Q9UM11,P53350,FZR1,PLK1,1,2,1,0.9955105781555176,neural_pair_scorer_resmlp_focal,focal
E3|Q9UM11|P53779,E3|Q9UM11,E3,Q9UM11,P53779,FZR1,MAPK10,1,2,1,0.9952066540718079,neural_pair_scorer_resmlp_focal,focal
E3|Q9UM11|P55290,E3|Q9UM11,E3,Q9UM11,P55290,FZR1,CDH13,1,2,1,0.9608851671218872,neural_pair_scorer_resmlp_focal,focal
E3|Q9UM11|Q00059,E3|Q9UM11,E3,Q9UM11,Q00059,FZR1,TFAM,1,2,1,0.03914451599121094,neural_pair_scorer_resmlp_focal,focal
E3|Q9UM11|Q01094,E3|Q9UM11,E3,Q9UM11,Q01094,FZR1,E2F1,1,2,1,0.9909648895263672,neural_pair_scorer_resmlp_focal,focal
E3|Q9UM11|Q01196,E3|Q9UM11,E3,Q9UM11,Q01196,FZR1,RUNX1,1,2,1,0.9775306582450867,neural_pair_scorer_resmlp_focal,focal
E3|Q9UM11|Q02363,E3|Q9UM11,E3,Q9UM11,Q02363,FZR1,ID2,1,2,1,0.9721503853797913,neural_pair_scorer_resmlp_focal,focal
E3|Q9UM11|Q08050,E3|Q9UM11,E3,Q9UM11,Q08050,FZR1,FOXM1,1,2,1,0.9935431480407715,neural_pair_scorer_resmlp_focal,focal
E3|Q9UM11|Q12834,E3|Q9UM11,E3,Q9UM11,Q12834,FZR1,CDC20,1,2,1,0.9933547973632812,neural_pair_scorer_resmlp_focal,focal
E3|Q9UM11|Q13309,E3|Q9UM11,E3,Q9UM11,Q13309,FZR1,SKP2,1,2,1,0.9926947355270386,neural_pair_scorer_resmlp_focal,focal
E3|Q9UM11|Q14511,E3|Q9UM11,E3,Q9UM11,Q14511,FZR1,NEDD9,1,2,1,0.9843665361404419,neural_pair_scorer_resmlp_focal,focal
E3|Q9UM11|Q15004,E3|Q9UM11,E3,Q9UM11,Q15004,FZR1,PCLAF,1,2,1,0.9945076107978821,neural_pair_scorer_resmlp_focal,focal
E3|Q9UM11|Q15468,E3|Q9UM11,E3,Q9UM11,Q15468,FZR1,STIL,1,2,1,0.9925954937934875,neural_pair_scorer_resmlp_focal,focal
E3|Q9UM11|Q16875,E3|Q9UM11,E3,Q9UM11,Q16875,FZR1,PFKFB3,1,2,1,0.9866719841957092,neural_pair_scorer_resmlp_focal,focal
E3|Q9UM11|Q5FBB7,E3|Q9UM11,E3,Q9UM11,Q5FBB7,FZR1,SGOL1,1,2,1,0.9945133924484253,neural_pair_scorer_resmlp_focal,focal
E3|Q9UM11|Q6UVJ0,E3|Q9UM11,E3,Q9UM11,Q6UVJ0,FZR1,SASS6,1,2,1,0.9919907450675964,neural_pair_scorer_resmlp_focal,focal
E3|Q9UM11|Q86WB0,E3|Q9UM11,E3,Q9UM11,Q86WB0,FZR1,ZC3HC1,1,2,1,0.9852222800254822,neural_pair_scorer_resmlp_focal,focal
E3|Q9UM11|Q8IWA4,E3|Q9UM11,E3,Q9UM11,Q8IWA4,FZR1,MFN1,1,2,1,0.49923014640808105,neural_pair_scorer_resmlp_focal,focal
E3|Q9UM11|Q8WWK9,E3|Q9UM11,E3,Q9UM11,Q8WWK9,FZR1,CKAP2,1,2,1,0.9939952492713928,neural_pair_scorer_resmlp_focal,focal
E3|Q9UM11|Q96BY2,E3|Q9UM11,E3,Q9UM11,Q96BY2,FZR1,MOAP1,1,2,1,0.8318565487861633,neural_pair_scorer_resmlp_focal,focal
E3|Q9UM11|Q96C86,E3|Q9UM11,E3,Q9UM11,Q96C86,FZR1,DCPS,1,2,1,0.9851166605949402,neural_pair_scorer_resmlp_focal,focal
E3|Q9UM11|Q96GD4,E3|Q9UM11,E3,Q9UM11,Q96GD4,FZR1,AURKB,1,2,1,0.9940570592880249,neural_pair_scorer_resmlp_focal,focal
E3|Q9UM11|Q99708,E3|Q9UM11,E3,Q9UM11,Q99708,FZR1,RBBP8,1,2,1,0.9957275390625,neural_pair_scorer_resmlp_focal,focal
E3|Q9UM11|Q99741,E3|Q9UM11,E3,Q9UM11,Q99741,FZR1,CDC6,1,2,1,0.9923920035362244,neural_pair_scorer_resmlp_focal,focal
E3|Q9UM11|Q9BXS6,E3|Q9UM11,E3,Q9UM11,Q9BXS6,FZR1,NUSAP1,1,2,1,0.9938997030258179,neural_pair_scorer_resmlp_focal,focal
E3|Q9UM11|Q9HAW4,E3|Q9UM11,E3,Q9UM11,Q9HAW4,FZR1,CLSPN,1,2,1,0.9950699806213379,neural_pair_scorer_resmlp_focal,focal
E3|Q9UM11|Q9NQW6,E3|Q9UM11,E3,Q9UM11,Q9NQW6,FZR1,ANLN,1,2,1,0.9934592247009277,neural_pair_scorer_resmlp_focal,focal
E3|Q9UM11|Q9NRM7,E3|Q9UM11,E3,Q9UM11,Q9NRM7,FZR1,LATS2,1,2,1,0.9884582161903381,neural_pair_scorer_resmlp_focal,focal
E3|Q9UM11|Q9P2P5,E3|Q9UM11,E3,Q9UM11,Q9P2P5,FZR1,HECW2,1,2,1,0.951641857624054,neural_pair_scorer_resmlp_focal,focal
E3|Q9UM11|Q9ULW0,E3|Q9UM11,E3,Q9UM11,Q9ULW0,FZR1,TPX2,1,2,1,0.9950893521308899,neural_pair_scorer_resmlp_focal,focal
E3|Q9UM11|Q9Y4A5,E3|Q9UM11,E3,Q9UM11,Q9Y4A5,FZR1,TRRAP,1,2,1,0.9856176972389221,neural_pair_scorer_resmlp_focal,focal
E3|Q9UMS4|O43395,E3|Q9UMS4,E3,Q9UMS4,O43395,PRPF19,PRPF3,1,2,1,0.859467625617981,neural_pair_scorer_resmlp_focal,focal
E3|Q9UMS4|P15927,E3|Q9UMS4,E3,Q9UMS4,P15927,PRPF19,RPA2,1,2,1,0.9824967980384827,neural_pair_scorer_resmlp_focal,focal
E3|Q9UMS4|P27694,E3|Q9UMS4,E3,Q9UMS4,P27694,PRPF19,RPA1,1,2,1,0.988929808139801,neural_pair_scorer_resmlp_focal,focal
E3|Q9UMS4|P67809,E3|Q9UMS4,E3,Q9UMS4,P67809,PRPF19,YBX1,1,2,1,0.978383481502533,neural_pair_scorer_resmlp_focal,focal
E3|Q9UNE7|A6MI22,E3|Q9UNE7,E3,Q9UNE7,A6MI22,STUB1,tat,1,2,1,0.037853337824344635,neural_pair_scorer_resmlp_focal,focal
E3|Q9UNE7|O00141,E3|Q9UNE7,E3,Q9UNE7,O00141,STUB1,SGK1,1,2,1,0.9867923259735107,neural_pair_scorer_resmlp_focal,focal
E3|Q9UNE7|O00327,E3|Q9UNE7,E3,Q9UNE7,O00327,STUB1,ARNTL,1,2,1,0.9434791207313538,neural_pair_scorer_resmlp_focal,focal
E3|Q9UNE7|O15079,E3|Q9UNE7,E3,Q9UNE7,O15079,STUB1,SNPH,1,2,1,0.618156373500824,neural_pair_scorer_resmlp_focal,focal
E3|Q9UNE7|O60762,E3|Q9UNE7,E3,Q9UNE7,O60762,STUB1,DPM1,1,2,1,0.39932066202163696,neural_pair_scorer_resmlp_focal,focal
E3|Q9UNE7|O75460,E3|Q9UNE7,E3,Q9UNE7,O75460,STUB1,ERN1,1,2,1,0.19846059381961823,neural_pair_scorer_resmlp_focal,focal
E3|Q9UNE7|P00441,E3|Q9UNE7,E3,Q9UNE7,P00441,STUB1,SOD1,1,2,1,0.9761838912963867,neural_pair_scorer_resmlp_focal,focal
E3|Q9UNE7|P00558,E3|Q9UNE7,E3,Q9UNE7,P00558,STUB1,PGK1,1,2,1,0.8079507350921631,neural_pair_scorer_resmlp_focal,focal
E3|Q9UNE7|P01106,E3|Q9UNE7,E3,Q9UNE7,P01106,STUB1,MYC,1,2,1,0.6794922351837158,neural_pair_scorer_resmlp_focal,focal
E3|Q9UNE7|P03372,E3|Q9UNE7,E3,Q9UNE7,P03372,STUB1,ESR1,1,2,1,0.8455712795257568,neural_pair_scorer_resmlp_focal,focal
E3|Q9UNE7|P04049,E3|Q9UNE7,E3,Q9UNE7,P04049,STUB1,RAF1,1,2,1,0.7134289741516113,neural_pair_scorer_resmlp_focal,focal
E3|Q9UNE7|P04150,E3|Q9UNE7,E3,Q9UNE7,P04150,STUB1,NR3C1,1,2,1,0.6558675765991211,neural_pair_scorer_resmlp_focal,focal
E3|Q9UNE7|P04626,E3|Q9UNE7,E3,Q9UNE7,P04626,STUB1,ERBB2,1,2,1,0.5190865993499756,neural_pair_scorer_resmlp_focal,focal
E3|Q9UNE7|P04637,E3|Q9UNE7,E3,Q9UNE7,P04637,STUB1,TP53,1,2,1,0.9783254861831665,neural_pair_scorer_resmlp_focal,focal
E3|Q9UNE7|P04839,E3|Q9UNE7,E3,Q9UNE7,P04839,STUB1,CYBB,1,2,1,0.3231468200683594,neural_pair_scorer_resmlp_focal,focal
E3|Q9UNE7|P06213,E3|Q9UNE7,E3,Q9UNE7,P06213,STUB1,INSR,1,2,1,0.3854990005493164,neural_pair_scorer_resmlp_focal,focal
E3|Q9UNE7|P06746,E3|Q9UNE7,E3,Q9UNE7,P06746,STUB1,POLB,1,2,1,0.849414587020874,neural_pair_scorer_resmlp_focal,focal
E3|Q9UNE7|P06748,E3|Q9UNE7,E3,Q9UNE7,P06748,STUB1,NPM1,1,2,1,0.873771071434021,neural_pair_scorer_resmlp_focal,focal
E3|Q9UNE7|P07197,E3|Q9UNE7,E3,Q9UNE7,P07197,STUB1,NEFM,1,2,1,0.7735399603843689,neural_pair_scorer_resmlp_focal,focal
E3|Q9UNE7|P07900,E3|Q9UNE7,E3,Q9UNE7,P07900,STUB1,HSP90AA1,1,2,1,0.8813573718070984,neural_pair_scorer_resmlp_focal,focal
E3|Q9UNE7|P08684,E3|Q9UNE7,E3,Q9UNE7,P08684,STUB1,CYP3A4,1,2,1,0.8886961340904236,neural_pair_scorer_resmlp_focal,focal
E3|Q9UNE7|P10275,E3|Q9UNE7,E3,Q9UNE7,P10275,STUB1,AR,1,2,1,0.5654860734939575,neural_pair_scorer_resmlp_focal,focal
E3|Q9UNE7|P10636,E3|Q9UNE7,E3,Q9UNE7,P10636,STUB1,MAPT,1,2,1,0.6937804818153381,neural_pair_scorer_resmlp_focal,focal
E3|Q9UNE7|P10911,E3|Q9UNE7,E3,Q9UNE7,P10911,STUB1,MCF2,1,2,1,0.5257419347763062,neural_pair_scorer_resmlp_focal,focal
E3|Q9UNE7|P10914,E3|Q9UNE7,E3,Q9UNE7,P10914,STUB1,IRF1,1,2,1,0.8092880249023438,neural_pair_scorer_resmlp_focal,focal
E3|Q9UNE7|P11142,E3|Q9UNE7,E3,Q9UNE7,P11142,STUB1,HSPA8,1,2,1,0.43150171637535095,neural_pair_scorer_resmlp_focal,focal
E3|Q9UNE7|P12931,E3|Q9UNE7,E3,Q9UNE7,P12931,STUB1,SRC,1,2,1,0.9654338955879211,neural_pair_scorer_resmlp_focal,focal
E3|Q9UNE7|P13569,E3|Q9UNE7,E3,Q9UNE7,P13569,STUB1,CFTR,1,2,1,0.7353162169456482,neural_pair_scorer_resmlp_focal,focal
E3|Q9UNE7|P15559,E3|Q9UNE7,E3,Q9UNE7,P15559,STUB1,NQO1,1,2,1,0.506959080696106,neural_pair_scorer_resmlp_focal,focal
E3|Q9UNE7|P17542,E3|Q9UNE7,E3,Q9UNE7,P17542,STUB1,TAL1,1,2,1,0.181223526597023,neural_pair_scorer_resmlp_focal,focal
E3|Q9UNE7|P17612,E3|Q9UNE7,E3,Q9UNE7,P17612,STUB1,PRKACA,1,2,1,0.9899313449859619,neural_pair_scorer_resmlp_focal,focal
E3|Q9UNE7|P22694,E3|Q9UNE7,E3,Q9UNE7,P22694,STUB1,PRKACB,1,2,1,0.9898476004600525,neural_pair_scorer_resmlp_focal,focal
E3|Q9UNE7|P25815,E3|Q9UNE7,E3,Q9UNE7,P25815,STUB1,S100P,1,2,1,0.6725337505340576,neural_pair_scorer_resmlp_focal,focal
E3|Q9UNE7|P29034,E3|Q9UNE7,E3,Q9UNE7,P29034,STUB1,S100A2,1,2,1,0.4178081452846527,neural_pair_scorer_resmlp_focal,focal
E3|Q9UNE7|P29317,E3|Q9UNE7,E3,Q9UNE7,P29317,STUB1,EPHA2,1,2,1,0.24538631737232208,neural_pair_scorer_resmlp_focal,focal
E3|Q9UNE7|P29474,E3|Q9UNE7,E3,Q9UNE7,P29474,STUB1,NOS3,1,2,1,0.09045877307653427,neural_pair_scorer_resmlp_focal,focal
E3|Q9UNE7|P29475,E3|Q9UNE7,E3,Q9UNE7,P29475,STUB1,NOS1,1,2,1,0.14289329946041107,neural_pair_scorer_resmlp_focal,focal
E3|Q9UNE7|P31645,E3|Q9UNE7,E3,Q9UNE7,P31645,STUB1,SLC6A4,1,2,1,0.26823797821998596,neural_pair_scorer_resmlp_focal,focal
E3|Q9UNE7|P31749,E3|Q9UNE7,E3,Q9UNE7,P31749,STUB1,AKT1,1,2,1,0.9823908805847168,neural_pair_scorer_resmlp_focal,focal
E3|Q9UNE7|P33402,E3|Q9UNE7,E3,Q9UNE7,P33402,STUB1,GUCY1A2,1,2,1,0.5936655402183533,neural_pair_scorer_resmlp_focal,focal
E3|Q9UNE7|P34932,E3|Q9UNE7,E3,Q9UNE7,P34932,STUB1,HSPA4,1,2,1,0.9139271378517151,neural_pair_scorer_resmlp_focal,focal
E3|Q9UNE7|P35228,E3|Q9UNE7,E3,Q9UNE7,P35228,STUB1,NOS2,1,2,1,0.120063416659832,neural_pair_scorer_resmlp_focal,focal
E3|Q9UNE7|P35869,E3|Q9UNE7,E3,Q9UNE7,P35869,STUB1,AHR,1,2,1,0.8338674306869507,neural_pair_scorer_resmlp_focal,focal
E3|Q9UNE7|P37840,E3|Q9UNE7,E3,Q9UNE7,P37840,STUB1,SNCA,1,2,1,0.837904691696167,neural_pair_scorer_resmlp_focal,focal
E3|Q9UNE7|P43694,E3|Q9UNE7,E3,Q9UNE7,P43694,STUB1,GATA4,1,2,1,0.1589270681142807,neural_pair_scorer_resmlp_focal,focal
E3|Q9UNE7|P46937,E3|Q9UNE7,E3,Q9UNE7,P46937,STUB1,YAP1,1,2,1,0.8689587712287903,neural_pair_scorer_resmlp_focal,focal
E3|Q9UNE7|P53355,E3|Q9UNE7,E3,Q9UNE7,P53355,STUB1,DAPK1,1,2,1,0.5483461618423462,neural_pair_scorer_resmlp_focal,focal
E3|Q9UNE7|P54252,E3|Q9UNE7,E3,Q9UNE7,P54252,STUB1,ATXN3,1,2,1,0.9544973969459534,neural_pair_scorer_resmlp_focal,focal
E3|Q9UNE7|P54253,E3|Q9UNE7,E3,Q9UNE7,P54253,STUB1,ATXN1,1,2,1,0.3779681921005249,neural_pair_scorer_resmlp_focal,focal
E3|Q9UNE7|P55017,E3|Q9UNE7,E3,Q9UNE7,P55017,STUB1,SLC12A3,1,2,1,0.4692864418029785,neural_pair_scorer_resmlp_focal,focal
E3|Q9UNE7|P55036,E3|Q9UNE7,E3,Q9UNE7,P55036,STUB1,PSMD4,1,2,1,0.462952584028244,neural_pair_scorer_resmlp_focal,focal
E3|Q9UNE7|P56545,E3|Q9UNE7,E3,Q9UNE7,P56545,STUB1,CTBP2,1,2,1,0.5614026188850403,neural_pair_scorer_resmlp_focal,focal
E3|Q9UNE7|P56817,E3|Q9UNE7,E3,Q9UNE7,P56817,STUB1,BACE1,1,2,1,0.47628167271614075,neural_pair_scorer_resmlp_focal,focal
E3|Q9UNE7|P60321,E3|Q9UNE7,E3,Q9UNE7,P60321,STUB1,NANOS2,1,2,1,0.027840685099363327,neural_pair_scorer_resmlp_focal,focal
E3|Q9UNE7|P60484,E3|Q9UNE7,E3,Q9UNE7,P60484,STUB1,PTEN,1,2,1,0.980614423751831,neural_pair_scorer_resmlp_focal,focal
E3|Q9UNE7|P63241,E3|Q9UNE7,E3,Q9UNE7,P63241,STUB1,EIF5A,1,2,1,0.6820048093795776,neural_pair_scorer_resmlp_focal,focal
E3|Q9UNE7|P80370,E3|Q9UNE7,E3,Q9UNE7,P80370,STUB1,DLK1,1,2,1,0.17560282349586487,neural_pair_scorer_resmlp_focal,focal
E3|Q9UNE7|P84022,E3|Q9UNE7,E3,Q9UNE7,P84022,STUB1,SMAD3,1,2,1,0.5663161277770996,neural_pair_scorer_resmlp_focal,focal
E3|Q9UNE7|Q00613,E3|Q9UNE7,E3,Q9UNE7,Q00613,STUB1,HSF1,1,2,1,0.25047793984413147,neural_pair_scorer_resmlp_focal,focal
E3|Q9UNE7|Q01196,E3|Q9UNE7,E3,Q9UNE7,Q01196,STUB1,RUNX1,1,2,1,0.4917827546596527,neural_pair_scorer_resmlp_focal,focal
E3|Q9UNE7|Q03060,E3|Q9UNE7,E3,Q9UNE7,Q03060,STUB1,CREM,1,2,1,0.573209285736084,neural_pair_scorer_resmlp_focal,focal
E3|Q9UNE7|Q04912,E3|Q9UNE7,E3,Q9UNE7,Q04912,STUB1,MST1R,1,2,1,0.09672077745199203,neural_pair_scorer_resmlp_focal,focal
E3|Q9UNE7|Q05513,E3|Q9UNE7,E3,Q9UNE7,Q05513,STUB1,PRKCZ,1,2,1,0.9634914994239807,neural_pair_scorer_resmlp_focal,focal
E3|Q9UNE7|Q12778,E3|Q9UNE7,E3,Q9UNE7,Q12778,STUB1,FOXO1,1,2,1,0.7849335074424744,neural_pair_scorer_resmlp_focal,focal
E3|Q9UNE7|Q12852,E3|Q9UNE7,E3,Q9UNE7,Q12852,STUB1,MAP3K12,1,2,1,0.18099282681941986,neural_pair_scorer_resmlp_focal,focal
E3|Q9UNE7|Q12933,E3|Q9UNE7,E3,Q9UNE7,Q12933,STUB1,TRAF2,1,2,1,0.8694385886192322,neural_pair_scorer_resmlp_focal,focal
E3|Q9UNE7|Q13043,E3|Q9UNE7,E3,Q9UNE7,Q13043,STUB1,STK4,1,2,1,0.8997037410736084,neural_pair_scorer_resmlp_focal,focal
E3|Q9UNE7|Q13114,E3|Q9UNE7,E3,Q9UNE7,Q13114,STUB1,TRAF3,1,2,1,0.9472553133964539,neural_pair_scorer_resmlp_focal,focal
E3|Q9UNE7|Q13485,E3|Q9UNE7,E3,Q9UNE7,Q13485,STUB1,SMAD4,1,2,1,0.561581552028656,neural_pair_scorer_resmlp_focal,focal
E3|Q9UNE7|Q13950,E3|Q9UNE7,E3,Q9UNE7,Q13950,STUB1,RUNX2,1,2,1,0.47495943307876587,neural_pair_scorer_resmlp_focal,focal
E3|Q9UNE7|Q15797,E3|Q9UNE7,E3,Q9UNE7,Q15797,STUB1,SMAD1,1,2,1,0.7058738470077515,neural_pair_scorer_resmlp_focal,focal
E3|Q9UNE7|Q15831,E3|Q9UNE7,E3,Q9UNE7,Q15831,STUB1,STK11,1,2,1,0.9601995944976807,neural_pair_scorer_resmlp_focal,focal
E3|Q9UNE7|Q16584,E3|Q9UNE7,E3,Q9UNE7,Q16584,STUB1,MAP3K11,1,2,1,0.16139782965183258,neural_pair_scorer_resmlp_focal,focal
E3|Q9UNE7|Q16665,E3|Q9UNE7,E3,Q9UNE7,Q16665,STUB1,HIF1A,1,2,1,0.9015868306159973,neural_pair_scorer_resmlp_focal,focal
E3|Q9UNE7|Q5S007,E3|Q9UNE7,E3,Q9UNE7,Q5S007,STUB1,LRRK2,1,2,1,0.6834433078765869,neural_pair_scorer_resmlp_focal,focal
E3|Q9UNE7|Q6ZWH5,E3|Q9UNE7,E3,Q9UNE7,Q6ZWH5,STUB1,NEK10,1,2,1,0.8903128504753113,neural_pair_scorer_resmlp_focal,focal
E3|Q9UNE7|Q7Z434,E3|Q9UNE7,E3,Q9UNE7,Q7Z434,STUB1,MAVS,1,2,1,0.1707000583410263,neural_pair_scorer_resmlp_focal,focal
E3|Q9UNE7|Q86WG3,E3|Q9UNE7,E3,Q9UNE7,Q86WG3,STUB1,ATCAY,1,2,1,0.13010923564434052,neural_pair_scorer_resmlp_focal,focal
E3|Q9UNE7|Q8IZQ8,E3|Q9UNE7,E3,Q9UNE7,Q8IZQ8,STUB1,MYOCD,1,2,1,0.484391450881958,neural_pair_scorer_resmlp_focal,focal
E3|Q9UNE7|Q8N6T7,E3|Q9UNE7,E3,Q9UNE7,Q8N6T7,STUB1,SIRT6,1,2,1,0.32382795214653015,neural_pair_scorer_resmlp_focal,focal
E3|Q9UNE7|Q8TCG1,E3|Q9UNE7,E3,Q9UNE7,Q8TCG1,STUB1,CIP2A,1,2,1,0.5833433270454407,neural_pair_scorer_resmlp_focal,focal
E3|Q9UNE7|Q8WY41,E3|Q9UNE7,E3,Q9UNE7,Q8WY41,STUB1,NANOS1,1,2,1,0.0983230397105217,neural_pair_scorer_resmlp_focal,focal
E3|Q9UNE7|Q92731,E3|Q9UNE7,E3,Q9UNE7,Q92731,STUB1,ESR2,1,2,1,0.7336827516555786,neural_pair_scorer_resmlp_focal,focal
E3|Q9UNE7|Q96PH1,E3|Q9UNE7,E3,Q9UNE7,Q96PH1,STUB1,NOX5,1,2,1,0.23412205278873444,neural_pair_scorer_resmlp_focal,focal
E3|Q9UNE7|Q99683,E3|Q9UNE7,E3,Q9UNE7,Q99683,STUB1,MAP3K5,1,2,1,0.7752789258956909,neural_pair_scorer_resmlp_focal,focal
E3|Q9UNE7|Q99933,E3|Q9UNE7,E3,Q9UNE7,Q99933,STUB1,BAG1,1,2,1,0.8411180377006531,neural_pair_scorer_resmlp_focal,focal
E3|Q9UNE7|Q9BZS1,E3|Q9UNE7,E3,Q9UNE7,Q9BZS1,STUB1,FOXP3,1,2,1,0.22460579872131348,neural_pair_scorer_resmlp_focal,focal
E3|Q9UNE7|Q9NPJ1,E3|Q9UNE7,E3,Q9UNE7,Q9NPJ1,STUB1,MKKS,1,2,1,0.5450747013092041,neural_pair_scorer_resmlp_focal,focal
E3|Q9UNE7|Q9UM73,E3|Q9UNE7,E3,Q9UNE7,Q9UM73,STUB1,ALK,1,2,1,0.1843756139278412,neural_pair_scorer_resmlp_focal,focal
E3|Q9UNE7|Q9UNE7,E3|Q9UNE7,E3,Q9UNE7,Q9UNE7,STUB1,STUB1,1,2,1,0.984752357006073,neural_pair_scorer_resmlp_focal,focal
E3|Q9UNE7|Q9UPR3,E3|Q9UNE7,E3,Q9UNE7,Q9UPR3,STUB1,SMG5,1,2,1,0.9405394196510315,neural_pair_scorer_resmlp_focal,focal
E3|Q9UNE7|Q9Y2U5,E3|Q9UNE7,E3,Q9UNE7,Q9Y2U5,STUB1,MAP3K2,1,2,1,0.5744521021842957,neural_pair_scorer_resmlp_focal,focal
E3|Q9UNE7|Q9Y4K3,E3|Q9UNE7,E3,Q9UNE7,Q9Y4K3,STUB1,TRAF6,1,2,1,0.8800145983695984,neural_pair_scorer_resmlp_focal,focal
E3|Q9UNE7|Q9Y697,E3|Q9UNE7,E3,Q9UNE7,Q9Y697,STUB1,NFS1,1,2,1,0.8987084031105042,neural_pair_scorer_resmlp_focal,focal
E3|Q9UNE7|Q9Y6Q9,E3|Q9UNE7,E3,Q9UNE7,Q9Y6Q9,STUB1,NCOA3,1,2,1,0.8060153722763062,neural_pair_scorer_resmlp_focal,focal
E3|Q9UNL4|Q04206,E3|Q9UNL4,E3,Q9UNL4,Q04206,ING4,RELA,1,2,1,0.9868209958076477,neural_pair_scorer_resmlp_focal,focal
E3|Q9Y314|P19235,E3|Q9Y314,E3,Q9Y314,P19235,NOSIP,EPOR,1,2,1,0.04794907942414284,neural_pair_scorer_resmlp_focal,focal
E3|Q9Y314|P67775,E3|Q9Y314,E3,Q9Y314,P67775,NOSIP,PPP2CA,1,2,1,0.947617769241333,neural_pair_scorer_resmlp_focal,focal
E3|Q9Y4K3|O43318,E3|Q9Y4K3,E3,Q9Y4K3,O43318,TRAF6,MAP3K7,1,2,1,0.9601829648017883,neural_pair_scorer_resmlp_focal,focal
E3|Q9Y4K3|O43353,E3|Q9Y4K3,E3,Q9Y4K3,O43353,TRAF6,RIPK2,1,2,1,0.9673852920532227,neural_pair_scorer_resmlp_focal,focal
E3|Q9Y4K3|O43561,E3|Q9Y4K3,E3,Q9Y4K3,O43561,TRAF6,LAT,1,2,1,0.045249395072460175,neural_pair_scorer_resmlp_focal,focal
E3|Q9Y4K3|P04629,E3|Q9Y4K3,E3,Q9Y4K3,P04629,TRAF6,NTRK1,1,2,1,0.6088604927062988,neural_pair_scorer_resmlp_focal,focal
E3|Q9Y4K3|P08138,E3|Q9Y4K3,E3,Q9Y4K3,P08138,TRAF6,NGFR,1,2,1,0.46456483006477356,neural_pair_scorer_resmlp_focal,focal
E3|Q9Y4K3|P26927,E3|Q9Y4K3,E3,Q9Y4K3,P26927,TRAF6,MST1,1,2,1,0.04606880992650986,neural_pair_scorer_resmlp_focal,focal
E3|Q9Y4K3|P31749,E3|Q9Y4K3,E3,Q9Y4K3,P31749,TRAF6,AKT1,1,2,1,0.9833488464355469,neural_pair_scorer_resmlp_focal,focal
E3|Q9Y4K3|P31751,E3|Q9Y4K3,E3,Q9Y4K3,P31751,TRAF6,AKT2,1,2,1,0.9849435091018677,neural_pair_scorer_resmlp_focal,focal
E3|Q9Y4K3|P34932,E3|Q9Y4K3,E3,Q9Y4K3,P34932,TRAF6,HSPA4,1,2,1,0.6742658019065857,neural_pair_scorer_resmlp_focal,focal
E3|Q9Y4K3|P35222,E3|Q9Y4K3,E3,Q9Y4K3,P35222,TRAF6,CTNNB1,1,2,1,0.9537079334259033,neural_pair_scorer_resmlp_focal,focal
E3|Q9Y4K3|P36897,E3|Q9Y4K3,E3,Q9Y4K3,P36897,TRAF6,TGFBR1,1,2,1,0.5981864333152771,neural_pair_scorer_resmlp_focal,focal
E3|Q9Y4K3|P37840,E3|Q9Y4K3,E3,Q9Y4K3,P37840,TRAF6,SNCA,1,2,1,0.8586586117744446,neural_pair_scorer_resmlp_focal,focal
E3|Q9Y4K3|P42226,E3|Q9Y4K3,E3,Q9Y4K3,P42226,TRAF6,STAT6,1,2,1,0.8946415185928345,neural_pair_scorer_resmlp_focal,focal
E3|Q9Y4K3|P42336,E3|Q9Y4K3,E3,Q9Y4K3,P42336,TRAF6,PIK3CA,1,2,1,0.4550677537918091,neural_pair_scorer_resmlp_focal,focal
E3|Q9Y4K3|P42345,E3|Q9Y4K3,E3,Q9Y4K3,P42345,TRAF6,MTOR,1,2,1,0.7121992707252502,neural_pair_scorer_resmlp_focal,focal
E3|Q9Y4K3|P49116,E3|Q9Y4K3,E3,Q9Y4K3,P49116,TRAF6,NR2C2,1,2,1,0.930303692817688,neural_pair_scorer_resmlp_focal,focal
E3|Q9Y4K3|P49768,E3|Q9Y4K3,E3,Q9Y4K3,P49768,TRAF6,PSEN1,1,2,1,0.5570324063301086,neural_pair_scorer_resmlp_focal,focal
E3|Q9Y4K3|P51530,E3|Q9Y4K3,E3,Q9Y4K3,P51530,TRAF6,DNA2,1,2,1,0.5809262990951538,neural_pair_scorer_resmlp_focal,focal
E3|Q9Y4K3|P51617,E3|Q9Y4K3,E3,Q9Y4K3,P51617,TRAF6,IRAK1,1,2,1,0.94099360704422,neural_pair_scorer_resmlp_focal,focal
E3|Q9Y4K3|P52789,E3|Q9Y4K3,E3,Q9Y4K3,P52789,TRAF6,HK2,1,2,1,0.7963908910751343,neural_pair_scorer_resmlp_focal,focal
E3|Q9Y4K3|Q08380,E3|Q9Y4K3,E3,Q9Y4K3,Q08380,TRAF6,LGALS3BP,1,2,1,0.25468185544013977,neural_pair_scorer_resmlp_focal,focal
E3|Q9Y4K3|Q13352,E3|Q9Y4K3,E3,Q9Y4K3,Q13352,TRAF6,ITGB3BP,1,2,1,0.9158856868743896,neural_pair_scorer_resmlp_focal,focal
E3|Q9Y4K3|Q13568,E3|Q9Y4K3,E3,Q9Y4K3,Q13568,TRAF6,IRF5,1,2,1,0.9650757312774658,neural_pair_scorer_resmlp_focal,focal
E3|Q9Y4K3|Q14192,E3|Q9Y4K3,E3,Q9Y4K3,Q14192,TRAF6,FHL2,1,2,1,0.9538657069206238,neural_pair_scorer_resmlp_focal,focal
E3|Q9Y4K3|Q14457,E3|Q9Y4K3,E3,Q9Y4K3,Q14457,TRAF6,BECN1,1,2,1,0.9527097940444946,neural_pair_scorer_resmlp_focal,focal
E3|Q9Y4K3|Q16584,E3|Q9Y4K3,E3,Q9Y4K3,Q16584,TRAF6,MAP3K11,1,2,1,0.5514574646949768,neural_pair_scorer_resmlp_focal,focal
E3|Q9Y4K3|Q8IUC6,E3|Q9Y4K3,E3,Q9Y4K3,Q8IUC6,TRAF6,TICAM1,1,2,1,0.9601410031318665,neural_pair_scorer_resmlp_focal,focal
E3|Q9Y4K3|Q92985,E3|Q9Y4K3,E3,Q9Y4K3,Q92985,TRAF6,IRF7,1,2,1,0.9725499749183655,neural_pair_scorer_resmlp_focal,focal
E3|Q9Y4K3|Q99497,E3|Q9Y4K3,E3,Q9Y4K3,Q99497,TRAF6,PARK7,1,2,1,0.8826748132705688,neural_pair_scorer_resmlp_focal,focal
E3|Q9Y4K3|Q99538,E3|Q9Y4K3,E3,Q9Y4K3,Q99538,TRAF6,LGMN,1,2,1,0.08814973384141922,neural_pair_scorer_resmlp_focal,focal
E3|Q9Y4K3|Q9BQ95,E3|Q9Y4K3,E3,Q9Y4K3,Q9BQ95,TRAF6,ECSIT,1,2,1,0.20795923471450806,neural_pair_scorer_resmlp_focal,focal
E3|Q9Y4K3|Q9BVN2,E3|Q9Y4K3,E3,Q9Y4K3,Q9BVN2,TRAF6,RUSC1,1,2,1,0.22138643264770508,neural_pair_scorer_resmlp_focal,focal
E3|Q9Y4K3|Q9BXM7,E3|Q9Y4K3,E3,Q9Y4K3,Q9BXM7,TRAF6,PINK1,1,2,1,0.8018954396247864,neural_pair_scorer_resmlp_focal,focal
E3|Q9Y4K3|Q9GZQ8,E3|Q9Y4K3,E3,Q9Y4K3,Q9GZQ8,TRAF6,MAP1LC3B,1,2,1,0.8988568782806396,neural_pair_scorer_resmlp_focal,focal
E3|Q9Y4K3|Q9UDY8,E3|Q9Y4K3,E3,Q9Y4K3,Q9UDY8,TRAF6,MALT1,1,2,1,0.8182816505432129,neural_pair_scorer_resmlp_focal,focal
E3|Q9Y4K3|Q9Y4K3,E3|Q9Y4K3,E3,Q9Y4K3,Q9Y4K3,TRAF6,TRAF6,1,2,1,0.9843425750732422,neural_pair_scorer_resmlp_focal,focal
E3|Q9Y4K3|Q9Y6K9,E3|Q9Y4K3,E3,Q9Y4K3,Q9Y6K9,TRAF6,IKBKG,1,2,1,0.9866611361503601,neural_pair_scorer_resmlp_focal,focal
DUB|O94782|O60346,DUB|O94782,DUB,O94782,O60346,USP1,PHLPP1,1,2,1,0.20721518993377686,neural_pair_scorer_resmlp_focal,focal
DUB|O94782|O75385,DUB|O94782,DUB,O94782,O75385,USP1,ULK1,1,2,1,0.7194673418998718,neural_pair_scorer_resmlp_focal,focal
DUB|O94782|O95863,DUB|O94782,DUB,O94782,O95863,USP1,SNAI1,1,2,1,0.9835303425788879,neural_pair_scorer_resmlp_focal,focal
DUB|O94782|P03372,DUB|O94782,DUB,O94782,P03372,USP1,ESR1,1,2,1,0.9458938837051392,neural_pair_scorer_resmlp_focal,focal
DUB|O94782|P10914,DUB|O94782,DUB,O94782,P10914,USP1,IRF1,1,2,1,0.9781981706619263,neural_pair_scorer_resmlp_focal,focal
DUB|O94782|P12004,DUB|O94782,DUB,O94782,P12004,USP1,PCNA,1,2,1,0.9790905714035034,neural_pair_scorer_resmlp_focal,focal
DUB|O94782|P41134,DUB|O94782,DUB,O94782,P41134,USP1,ID1,1,2,1,0.4271068871021271,neural_pair_scorer_resmlp_focal,focal
DUB|O94782|P62249,DUB|O94782,DUB,O94782,P62249,USP1,RPS16,1,2,1,0.8264679908752441,neural_pair_scorer_resmlp_focal,focal
DUB|O94782|Q02363,DUB|O94782,DUB,O94782,Q02363,USP1,ID2,1,2,1,0.654409646987915,neural_pair_scorer_resmlp_focal,focal
DUB|O94782|Q02535,DUB|O94782,DUB,O94782,Q02535,USP1,ID3,1,2,1,0.33183690905570984,neural_pair_scorer_resmlp_focal,focal
DUB|O94782|Q16635,DUB|O94782,DUB,O94782,Q16635,USP1,TAZ,1,2,1,0.060341086238622665,neural_pair_scorer_resmlp_focal,focal
DUB|O94782|Q9BXW9,DUB|O94782,DUB,O94782,Q9BXW9,USP1,FANCD2,1,2,1,0.8892291188240051,neural_pair_scorer_resmlp_focal,focal
DUB|O94782|Q9BZK7,DUB|O94782,DUB,O94782,Q9BZK7,USP1,TBL1XR1,1,2,1,0.9507044553756714,neural_pair_scorer_resmlp_focal,focal
DUB|O94782|Q9NVI1,DUB|O94782,DUB,O94782,Q9NVI1,USP1,FANCI,1,2,1,0.878232479095459,neural_pair_scorer_resmlp_focal,focal
DUB|P12956|Q07820,DUB|P12956,DUB,P12956,Q07820,XRCC6,MCL1,1,2,1,0.9756956696510315,neural_pair_scorer_resmlp_focal,focal
DUB|P35125|A2AIR5,DUB|P35125,DUB,P35125,A2AIR5,USP6,Grin3a,1,2,1,0.06706796586513519,neural_pair_scorer_resmlp_focal,focal
DUB|P35125|P05412,DUB|P35125,DUB,P35125,P05412,USP6,JUN,1,2,1,0.847686231136322,neural_pair_scorer_resmlp_focal,focal
DUB|P35125|P14780,DUB|P35125,DUB,P35125,P14780,USP6,MMP9,1,2,1,0.23550353944301605,neural_pair_scorer_resmlp_focal,focal
DUB|P35125|Q05586,DUB|P35125,DUB,P35125,Q05586,USP6,GRIN1,1,2,1,0.48990386724472046,neural_pair_scorer_resmlp_focal,focal
DUB|P40818|O15519,DUB|P40818,DUB,P40818,O15519,USP8,CFLAR,1,2,1,0.12448573857545853,neural_pair_scorer_resmlp_focal,focal
DUB|P40818|O15554,DUB|P40818,DUB,P40818,O15554,USP8,KCNN4,1,2,1,0.06152859702706337,neural_pair_scorer_resmlp_focal,focal
DUB|P40818|O60260,DUB|P40818,DUB,P40818,O60260,USP8,PRKN,1,2,1,0.9717162847518921,neural_pair_scorer_resmlp_focal,focal
DUB|P40818|O94979,DUB|P40818,DUB,P40818,O94979,USP8,SEC31A,1,2,1,0.9290695786476135,neural_pair_scorer_resmlp_focal,focal
DUB|P40818|P00533,DUB|P40818,DUB,P40818,P00533,USP8,EGFR,1,2,1,0.9778953194618225,neural_pair_scorer_resmlp_focal,focal
DUB|P40818|P01130,DUB|P40818,DUB,P40818,P01130,USP8,LDLR,1,2,1,0.2984262704849243,neural_pair_scorer_resmlp_focal,focal
DUB|P40818|P04626,DUB|P40818,DUB,P40818,P04626,USP8,ERBB2,1,2,1,0.9009395241737366,neural_pair_scorer_resmlp_focal,focal
DUB|P40818|P04629,DUB|P40818,DUB,P40818,P04629,USP8,NTRK1,1,2,1,0.457485556602478,neural_pair_scorer_resmlp_focal,focal
DUB|P40818|P08581,DUB|P40818,DUB,P40818,P08581,USP8,MET,1,2,1,0.2244996279478073,neural_pair_scorer_resmlp_focal,focal
DUB|P40818|P17302,DUB|P40818,DUB,P40818,P17302,USP8,GJA1,1,2,1,0.37725523114204407,neural_pair_scorer_resmlp_focal,focal
DUB|P40818|P21860,DUB|P40818,DUB,P40818,P21860,USP8,ERBB3,1,2,1,0.8160027861595154,neural_pair_scorer_resmlp_focal,focal
DUB|P40818|P29466,DUB|P40818,DUB,P40818,P29466,USP8,CASP1,1,2,1,0.9076477885246277,neural_pair_scorer_resmlp_focal,focal
DUB|P40818|P37088,DUB|P40818,DUB,P40818,P37088,USP8,SCNN1A,1,2,1,0.0637594535946846,neural_pair_scorer_resmlp_focal,focal
DUB|P40818|P37840,DUB|P40818,DUB,P40818,P37840,USP8,SNCA,1,2,1,0.942234992980957,neural_pair_scorer_resmlp_focal,focal
DUB|P40818|P42261,DUB|P40818,DUB,P40818,P42261,USP8,GRIA1,1,2,1,0.7338858842849731,neural_pair_scorer_resmlp_focal,focal
DUB|P40818|P42566,DUB|P40818,DUB,P40818,P42566,USP8,EPS15,1,2,1,0.979117751121521,neural_pair_scorer_resmlp_focal,focal
DUB|P40818|P48431,DUB|P40818,DUB,P40818,P48431,USP8,SOX2,1,2,1,0.9650630354881287,neural_pair_scorer_resmlp_focal,focal
DUB|P40818|P55085,DUB|P40818,DUB,P40818,P55085,USP8,F2RL1,1,2,1,0.45489364862442017,neural_pair_scorer_resmlp_focal,focal
DUB|P40818|P56817,DUB|P40818,DUB,P40818,P56817,USP8,BACE1,1,2,1,0.6783056259155273,neural_pair_scorer_resmlp_focal,focal
DUB|P40818|Q02241,DUB|P40818,DUB,P40818,Q02241,USP8,KIF23,1,2,1,0.9505397081375122,neural_pair_scorer_resmlp_focal,focal
DUB|P40818|Q16620,DUB|P40818,DUB,P40818,Q16620,USP8,NTRK2,1,2,1,0.912854015827179,neural_pair_scorer_resmlp_focal,focal
DUB|P40818|Q16665,DUB|P40818,DUB,P40818,Q16665,USP8,HIF1A,1,2,1,0.9869444966316223,neural_pair_scorer_resmlp_focal,focal
DUB|P40818|Q4U2R8,DUB|P40818,DUB,P40818,Q4U2R8,USP8,SLC22A6,1,2,1,0.33368390798568726,neural_pair_scorer_resmlp_focal,focal
DUB|P40818|Q6FHJ7,DUB|P40818,DUB,P40818,Q6FHJ7,USP8,SFRP4,1,2,1,0.6834231615066528,neural_pair_scorer_resmlp_focal,focal
DUB|P40818|Q7LBR1,DUB|P40818,DUB,P40818,Q7LBR1,USP8,CHMP1B,1,2,1,0.9653398394584656,neural_pair_scorer_resmlp_focal,focal
DUB|P40818|Q8NEM0,DUB|P40818,DUB,P40818,Q8NEM0,USP8,MCPH1,1,2,1,0.9643853902816772,neural_pair_scorer_resmlp_focal,focal
DUB|P40818|Q92783,DUB|P40818,DUB,P40818,Q92783,USP8,STAM,1,2,1,0.9189273118972778,neural_pair_scorer_resmlp_focal,focal
DUB|P40818|Q96J02,DUB|P40818,DUB,P40818,Q96J02,USP8,ITCH,1,2,1,0.8970378041267395,neural_pair_scorer_resmlp_focal,focal
DUB|P40818|Q96JA1,DUB|P40818,DUB,P40818,Q96JA1,USP8,LRIG1,1,2,1,0.24292971193790436,neural_pair_scorer_resmlp_focal,focal
DUB|P40818|Q99835,DUB|P40818,DUB,P40818,Q99835,USP8,SMO,1,2,1,0.0995362251996994,neural_pair_scorer_resmlp_focal,focal
DUB|P40818|Q9BYB0,DUB|P40818,DUB,P40818,Q9BYB0,USP8,SHANK3,1,2,1,0.8320278525352478,neural_pair_scorer_resmlp_focal,focal
DUB|P40818|Q9H4P4,DUB|P40818,DUB,P40818,Q9H4P4,USP8,RNF41,1,2,1,0.3999810814857483,neural_pair_scorer_resmlp_focal,focal
DUB|P40818|Q9HCE0,DUB|P40818,DUB,P40818,Q9HCE0,USP8,EPG5,1,2,1,0.8397170305252075,neural_pair_scorer_resmlp_focal,focal
DUB|P40818|Q9NR09,DUB|P40818,DUB,P40818,Q9NR09,USP8,BIRC6,1,2,1,0.3358534574508667,neural_pair_scorer_resmlp_focal,focal
DUB|P45974|O43623,DUB|P45974,DUB,P45974,O43623,USP5,SNAI2,1,2,1,0.9042313098907471,neural_pair_scorer_resmlp_focal,focal
DUB|P45974|O75444,DUB|P45974,DUB,P45974,O75444,USP5,MAF,1,2,1,0.04750813543796539,neural_pair_scorer_resmlp_focal,focal
DUB|P45974|O95180,DUB|P45974,DUB,P45974,O95180,USP5,CACNA1H,1,2,1,0.07359176874160767,neural_pair_scorer_resmlp_focal,focal
DUB|P45974|P04637,DUB|P45974,DUB,P45974,P04637,USP5,TP53,1,2,1,0.9911205172538757,neural_pair_scorer_resmlp_focal,focal
DUB|P45974|P19544,DUB|P45974,DUB,P45974,P19544,USP5,WT1,1,2,1,0.5031179189682007,neural_pair_scorer_resmlp_focal,focal
DUB|P45974|P35222,DUB|P45974,DUB,P45974,P35222,USP5,CTNNB1,1,2,1,0.9535086750984192,neural_pair_scorer_resmlp_focal,focal
DUB|P45974|P49411,DUB|P45974,DUB,P45974,P49411,USP5,TUFM,1,2,1,0.2701583802700043,neural_pair_scorer_resmlp_focal,focal
DUB|P45974|Q08050,DUB|P45974,DUB,P45974,Q08050,USP5,FOXM1,1,2,1,0.7666371464729309,neural_pair_scorer_resmlp_focal,focal
DUB|P45974|Q86WV6,DUB|P45974,DUB,P45974,Q86WV6,USP5,TMEM173,1,2,1,0.9050658941268921,neural_pair_scorer_resmlp_focal,focal
DUB|P45974|Q92769,DUB|P45974,DUB,P45974,Q92769,USP5,HDAC2,1,2,1,0.6626008749008179,neural_pair_scorer_resmlp_focal,focal
DUB|P45974|Q9Y4K3,DUB|P45974,DUB,P45974,Q9Y4K3,USP5,TRAF6,1,2,1,0.9536826610565186,neural_pair_scorer_resmlp_focal,focal
DUB|P45974|Q9Y5Q3,DUB|P45974,DUB,P45974,Q9Y5Q3,USP5,MAFB,1,2,1,0.07708938419818878,neural_pair_scorer_resmlp_focal,focal
DUB|P51784|O00425,DUB|P51784,DUB,P51784,O00425,USP11,IGF2BP3,1,2,1,0.9761542677879333,neural_pair_scorer_resmlp_focal,focal
DUB|P51784|O14497,DUB|P51784,DUB,P51784,O14497,USP11,ARID1A,1,2,1,0.8272258043289185,neural_pair_scorer_resmlp_focal,focal
DUB|P51784|O14920,DUB|P51784,DUB,P51784,O14920,USP11,IKBKB,1,2,1,0.9674948453903198,neural_pair_scorer_resmlp_focal,focal
DUB|P51784|O15111,DUB|P51784,DUB,P51784,O15111,USP11,CHUK,1,2,1,0.9592820405960083,neural_pair_scorer_resmlp_focal,focal
DUB|P51784|O43663,DUB|P51784,DUB,P51784,O43663,USP11,PRC1,1,2,1,0.6973817348480225,neural_pair_scorer_resmlp_focal,focal
DUB|P51784|O95863,DUB|P51784,DUB,P51784,O95863,USP11,SNAI1,1,2,1,0.9814484715461731,neural_pair_scorer_resmlp_focal,focal
DUB|P51784|P04637,DUB|P51784,DUB,P51784,P04637,USP11,TP53,1,2,1,0.9930342435836792,neural_pair_scorer_resmlp_focal,focal
DUB|P51784|P16104,DUB|P51784,DUB,P51784,P16104,USP11,H2AFX,1,2,1,0.7065551280975342,neural_pair_scorer_resmlp_focal,focal
DUB|P51784|P25963,DUB|P51784,DUB,P51784,P25963,USP11,NFKBIA,1,2,1,0.9858061671257019,neural_pair_scorer_resmlp_focal,focal
DUB|P51784|P29590,DUB|P51784,DUB,P51784,P29590,USP11,PML,1,2,1,0.975642204284668,neural_pair_scorer_resmlp_focal,focal
DUB|P51784|P35226,DUB|P51784,DUB,P51784,P35226,USP11,BMI1,1,2,1,0.9197035431861877,neural_pair_scorer_resmlp_focal,focal
DUB|P51784|P36897,DUB|P51784,DUB,P51784,P36897,USP11,TGFBR1,1,2,1,0.8484671711921692,neural_pair_scorer_resmlp_focal,focal
DUB|P51784|P37173,DUB|P51784,DUB,P51784,P37173,USP11,TGFBR2,1,2,1,0.9017975330352783,neural_pair_scorer_resmlp_focal,focal
DUB|P51784|P38936,DUB|P51784,DUB,P51784,P38936,USP11,CDKN1A,1,2,1,0.987614631652832,neural_pair_scorer_resmlp_focal,focal
DUB|P51784|P51587,DUB|P51784,DUB,P51784,P51587,USP11,BRCA2,1,2,1,0.9722475409507751,neural_pair_scorer_resmlp_focal,focal
DUB|P51784|P62136,DUB|P51784,DUB,P51784,P62136,USP11,PPP1CA,1,2,1,0.9942495822906494,neural_pair_scorer_resmlp_focal,focal
DUB|P51784|P78406,DUB|P51784,DUB,P51784,P78406,USP11,RAE1,1,2,1,0.9608754515647888,neural_pair_scorer_resmlp_focal,focal
DUB|P51784|P98170,DUB|P51784,DUB,P51784,P98170,USP11,XIAP,1,2,1,0.9703240990638733,neural_pair_scorer_resmlp_focal,focal
DUB|P51784|Q01094,DUB|P51784,DUB,P51784,Q01094,USP11,E2F1,1,2,1,0.9062209129333496,neural_pair_scorer_resmlp_focal,focal
DUB|P51784|Q01831,DUB|P51784,DUB,P51784,Q01831,USP11,XPC,1,2,1,0.9654709100723267,neural_pair_scorer_resmlp_focal,focal
DUB|P51784|Q14135,DUB|P51784,DUB,P51784,Q14135,USP11,VGLL4,1,2,1,0.9341561198234558,neural_pair_scorer_resmlp_focal,focal
DUB|P51784|Q15233,DUB|P51784,DUB,P51784,Q15233,USP11,NONO,1,2,1,0.9442697167396545,neural_pair_scorer_resmlp_focal,focal
DUB|P51784|Q16236,DUB|P51784,DUB,P51784,Q16236,USP11,NFE2L2,1,2,1,0.9865095019340515,neural_pair_scorer_resmlp_focal,focal
DUB|P51784|Q86YC2,DUB|P51784,DUB,P51784,Q86YC2,USP11,PALB2,1,2,1,0.9286388158798218,neural_pair_scorer_resmlp_focal,focal
DUB|P51784|Q92633,DUB|P51784,DUB,P51784,Q92633,USP11,LPAR1,1,2,1,0.23502402007579803,neural_pair_scorer_resmlp_focal,focal
DUB|P51784|Q96S59,DUB|P51784,DUB,P51784,Q96S59,USP11,RANBP9,1,2,1,0.9411566257476807,neural_pair_scorer_resmlp_focal,focal
DUB|P51784|Q9H040,DUB|P51784,DUB,P51784,Q9H040,USP11,SPRTN,1,2,1,0.9480570554733276,neural_pair_scorer_resmlp_focal,focal
DUB|Q13107|O15530,DUB|Q13107,DUB,Q13107,O15530,USP4,PDPK1,1,2,1,0.9878273606300354,neural_pair_scorer_resmlp_focal,focal
DUB|Q13107|O43318,DUB|Q13107,DUB,Q13107,O43318,USP4,MAP3K7,1,2,1,0.9757416248321533,neural_pair_scorer_resmlp_focal,focal
DUB|Q13107|O43395,DUB|Q13107,DUB,Q13107,O43395,USP4,PRPF3,1,2,1,0.9212683439254761,neural_pair_scorer_resmlp_focal,focal
DUB|Q13107|O75365,DUB|Q13107,DUB,Q13107,O75365,USP4,PTP4A3,1,2,1,0.060221001505851746,neural_pair_scorer_resmlp_focal,focal
DUB|Q13107|O95786,DUB|Q13107,DUB,Q13107,O95786,USP4,DDX58,1,2,1,0.9905219078063965,neural_pair_scorer_resmlp_focal,focal
DUB|Q13107|P04637,DUB|Q13107,DUB,Q13107,P04637,USP4,TP53,1,2,1,0.9945212602615356,neural_pair_scorer_resmlp_focal,focal
DUB|Q13107|P06400,DUB|Q13107,DUB,Q13107,P06400,USP4,RB1,1,2,1,0.975222647190094,neural_pair_scorer_resmlp_focal,focal
DUB|Q13107|P15884,DUB|Q13107,DUB,Q13107,P15884,USP4,TCF4,1,2,1,0.9777202606201172,neural_pair_scorer_resmlp_focal,focal
DUB|Q13107|P19474,DUB|Q13107,DUB,Q13107,P19474,USP4,TRIM21,1,2,1,0.9127888679504395,neural_pair_scorer_resmlp_focal,focal
DUB|Q13107|P28749,DUB|Q13107,DUB,Q13107,P28749,USP4,RBL1,1,2,1,0.9200097918510437,neural_pair_scorer_resmlp_focal,focal
DUB|Q13107|P29274,DUB|Q13107,DUB,Q13107,P29274,USP4,ADORA2A,1,2,1,0.4820573627948761,neural_pair_scorer_resmlp_focal,focal
DUB|Q13107|P35222,DUB|Q13107,DUB,Q13107,P35222,USP4,CTNNB1,1,2,1,0.9815234541893005,neural_pair_scorer_resmlp_focal,focal
DUB|Q13107|P36897,DUB|Q13107,DUB,Q13107,P36897,USP4,TGFBR1,1,2,1,0.8638949990272522,neural_pair_scorer_resmlp_focal,focal
DUB|Q13107|P49116,DUB|Q13107,DUB,Q13107,P49116,USP4,NR2C2,1,2,1,0.9816319942474365,neural_pair_scorer_resmlp_focal,focal
DUB|Q13107|P51449,DUB|Q13107,DUB,Q13107,P51449,USP4,RORC,1,2,1,0.985386848449707,neural_pair_scorer_resmlp_focal,focal
DUB|Q13107|P62937,DUB|Q13107,DUB,Q13107,P62937,USP4,PPIA,1,2,1,0.9919445514678955,neural_pair_scorer_resmlp_focal,focal
DUB|Q13107|Q02556,DUB|Q13107,DUB,Q13107,Q02556,USP4,IRF8,1,2,1,0.9905475974082947,neural_pair_scorer_resmlp_focal,focal
DUB|Q13107|Q08999,DUB|Q13107,DUB,Q13107,Q08999,USP4,RBL2,1,2,1,0.9476413130760193,neural_pair_scorer_resmlp_focal,focal
DUB|Q13107|Q12933,DUB|Q13107,DUB,Q13107,Q12933,USP4,TRAF2,1,2,1,0.9852095246315002,neural_pair_scorer_resmlp_focal,focal
DUB|Q13107|Q13107,DUB|Q13107,DUB,Q13107,Q13107,USP4,USP4,1,2,1,0.9886208176612854,neural_pair_scorer_resmlp_focal,focal
DUB|Q13107|Q13485,DUB|Q13107,DUB,Q13107,Q13485,USP4,SMAD4,1,2,1,0.9803655743598938,neural_pair_scorer_resmlp_focal,focal
DUB|Q13107|Q13546,DUB|Q13107,DUB,Q13107,Q13546,USP4,RIPK1,1,2,1,0.991555392742157,neural_pair_scorer_resmlp_focal,focal
DUB|Q13107|Q15287,DUB|Q13107,DUB,Q13107,Q15287,USP4,RNPS1,1,2,1,0.9820237755775452,neural_pair_scorer_resmlp_focal,focal
DUB|Q13107|Q15306,DUB|Q13107,DUB,Q13107,Q15306,USP4,IRF4,1,2,1,0.9922963976860046,neural_pair_scorer_resmlp_focal,focal
DUB|Q13107|Q15382,DUB|Q13107,DUB,Q13107,Q15382,USP4,RHEB,1,2,1,0.9621490240097046,neural_pair_scorer_resmlp_focal,focal
DUB|Q13107|Q15672,DUB|Q13107,DUB,Q13107,Q15672,USP4,TWIST1,1,2,1,0.9742142558097839,neural_pair_scorer_resmlp_focal,focal
DUB|Q13107|Q7Z6Z7,DUB|Q13107,DUB,Q13107,Q7Z6Z7,USP4,HUWE1,1,2,1,0.8254367113113403,neural_pair_scorer_resmlp_focal,focal
DUB|Q13107|Q8WWY3,DUB|Q13107,DUB,Q13107,Q8WWY3,USP4,PRPF31,1,2,1,0.9721497297286987,neural_pair_scorer_resmlp_focal,focal
DUB|Q13107|Q92769,DUB|Q13107,DUB,Q13107,Q92769,USP4,HDAC2,1,2,1,0.9943707585334778,neural_pair_scorer_resmlp_focal,focal
DUB|Q13107|Q92819,DUB|Q13107,DUB,Q13107,Q92819,USP4,HAS2,1,2,1,0.2993761897087097,neural_pair_scorer_resmlp_focal,focal
DUB|Q13107|Q9Y4K3,DUB|Q13107,DUB,Q13107,Q9Y4K3,USP4,TRAF6,1,2,1,0.9916084408760071,neural_pair_scorer_resmlp_focal,focal
DUB|Q14694|O43474,DUB|Q14694,DUB,Q14694,O43474,USP10,KLF4,1,2,1,0.7161028385162354,neural_pair_scorer_resmlp_focal,focal
DUB|Q14694|O43623,DUB|Q14694,DUB,Q14694,O43623,USP10,SNAI2,1,2,1,0.9821794629096985,neural_pair_scorer_resmlp_focal,focal
DUB|Q14694|O60493,DUB|Q14694,DUB,Q14694,O60493,USP10,SNX3,1,2,1,0.7281163930892944,neural_pair_scorer_resmlp_focal,focal
DUB|Q14694|P04049,DUB|Q14694,DUB,Q14694,P04049,USP10,RAF1,1,2,1,0.8438921570777893,neural_pair_scorer_resmlp_focal,focal
DUB|Q14694|P04637,DUB|Q14694,DUB,Q14694,P04637,USP10,TP53,1,2,1,0.9941125512123108,neural_pair_scorer_resmlp_focal,focal
DUB|Q14694|P05556,DUB|Q14694,DUB,Q14694,P05556,USP10,ITGB1,1,2,1,0.41464710235595703,neural_pair_scorer_resmlp_focal,focal
DUB|Q14694|P0C0S5,DUB|Q14694,DUB,Q14694,P0C0S5,USP10,H2AFZ,1,2,1,0.42240360379219055,neural_pair_scorer_resmlp_focal,focal
DUB|Q14694|P13569,DUB|Q14694,DUB,Q14694,P13569,USP10,CFTR,1,2,1,0.48752281069755554,neural_pair_scorer_resmlp_focal,focal
DUB|Q14694|P15880,DUB|Q14694,DUB,Q14694,P15880,USP10,RPS2,1,2,1,0.9507599472999573,neural_pair_scorer_resmlp_focal,focal
DUB|Q14694|P18084,DUB|Q14694,DUB,Q14694,P18084,USP10,ITGB5,1,2,1,0.1192852035164833,neural_pair_scorer_resmlp_focal,focal
DUB|Q14694|P20226,DUB|Q14694,DUB,Q14694,P20226,USP10,TBP,1,2,1,0.2517935335636139,neural_pair_scorer_resmlp_focal,focal
DUB|Q14694|P23396,DUB|Q14694,DUB,Q14694,P23396,USP10,RPS3,1,2,1,0.8160853385925293,neural_pair_scorer_resmlp_focal,focal
DUB|Q14694|P24385,DUB|Q14694,DUB,Q14694,P24385,USP10,CCND1,1,2,1,0.9234761595726013,neural_pair_scorer_resmlp_focal,focal
DUB|Q14694|P36888,DUB|Q14694,DUB,Q14694,P36888,USP10,FLT3,1,2,1,0.23964306712150574,neural_pair_scorer_resmlp_focal,focal
DUB|Q14694|P37198,DUB|Q14694,DUB,Q14694,P37198,USP10,NUP62,1,2,1,0.9095662236213684,neural_pair_scorer_resmlp_focal,focal
DUB|Q14694|P42771,DUB|Q14694,DUB,Q14694,P42771,USP10,CDKN2A,1,2,1,0.2054775208234787,neural_pair_scorer_resmlp_focal,focal
DUB|Q14694|P43246,DUB|Q14694,DUB,Q14694,P43246,USP10,MSH2,1,2,1,0.693464994430542,neural_pair_scorer_resmlp_focal,focal
DUB|Q14694|P43405,DUB|Q14694,DUB,Q14694,P43405,USP10,SYK,1,2,1,0.7990859746932983,neural_pair_scorer_resmlp_focal,focal
DUB|Q14694|P48764,DUB|Q14694,DUB,Q14694,P48764,USP10,SLC9A3,1,2,1,0.506223201751709,neural_pair_scorer_resmlp_focal,focal
DUB|Q14694|P54646,DUB|Q14694,DUB,Q14694,P54646,USP10,PRKAA2,1,2,1,0.9775159358978271,neural_pair_scorer_resmlp_focal,focal
DUB|Q14694|P60484,DUB|Q14694,DUB,Q14694,P60484,USP10,PTEN,1,2,1,0.9805592894554138,neural_pair_scorer_resmlp_focal,focal
DUB|Q14694|P62807,DUB|Q14694,DUB,Q14694,P62807,USP10,HIST1H2BI,1,2,1,0.9570772647857666,neural_pair_scorer_resmlp_focal,focal
DUB|Q14694|Q03518,DUB|Q14694,DUB,Q14694,Q03518,USP10,TAP1,1,2,1,0.09862168878316879,neural_pair_scorer_resmlp_focal,focal
DUB|Q14694|Q13131,DUB|Q14694,DUB,Q14694,Q13131,USP10,PRKAA1,1,2,1,0.9616524577140808,neural_pair_scorer_resmlp_focal,focal
DUB|Q14694|Q13309,DUB|Q14694,DUB,Q14694,Q13309,USP10,SKP2,1,2,1,0.7101860642433167,neural_pair_scorer_resmlp_focal,focal
DUB|Q14694|Q13485,DUB|Q14694,DUB,Q14694,Q13485,USP10,SMAD4,1,2,1,0.9347227811813354,neural_pair_scorer_resmlp_focal,focal
DUB|Q14694|Q14457,DUB|Q14694,DUB,Q14694,Q14457,USP10,BECN1,1,2,1,0.9747364521026611,neural_pair_scorer_resmlp_focal,focal
DUB|Q14694|Q8N6T7,DUB|Q14694,DUB,Q14694,Q8N6T7,USP10,SIRT6,1,2,1,0.9834369421005249,neural_pair_scorer_resmlp_focal,focal
DUB|Q14694|Q8WX94,DUB|Q14694,DUB,Q14694,Q8WX94,USP10,NLRP7,1,2,1,0.6114673614501953,neural_pair_scorer_resmlp_focal,focal
DUB|Q14694|Q96DH6,DUB|Q14694,DUB,Q14694,Q96DH6,USP10,MSI2,1,2,1,0.9473406076431274,neural_pair_scorer_resmlp_focal,focal
DUB|Q14694|Q9GZQ8,DUB|Q14694,DUB,Q14694,Q9GZQ8,USP10,MAP1LC3B,1,2,1,0.3084847629070282,neural_pair_scorer_resmlp_focal,focal
DUB|Q14694|Q9UL17,DUB|Q14694,DUB,Q14694,Q9UL17,USP10,TBX21,1,2,1,0.4529140591621399,neural_pair_scorer_resmlp_focal,focal
DUB|Q14694|Q9Y4K3,DUB|Q14694,DUB,Q14694,Q9Y4K3,USP10,TRAF6,1,2,1,0.8770759701728821,neural_pair_scorer_resmlp_focal,focal
DUB|Q14694|Q9Y6K9,DUB|Q14694,DUB,Q14694,Q9Y6K9,USP10,IKBKG,1,2,1,0.9621962904930115,neural_pair_scorer_resmlp_focal,focal
DUB|Q70CQ2|O15169,DUB|Q70CQ2,DUB,Q70CQ2,O15169,USP34,AXIN1,1,2,1,0.8460412621498108,neural_pair_scorer_resmlp_focal,focal
DUB|Q70CQ2|Q8IYW5,DUB|Q70CQ2,DUB,Q70CQ2,Q8IYW5,USP34,RNF168,1,2,1,0.976965069770813,neural_pair_scorer_resmlp_focal,focal
DUB|Q70CQ2|Q9UKV5,DUB|Q70CQ2,DUB,Q70CQ2,Q9UKV5,USP34,AMFR,1,2,1,0.17699070274829865,neural_pair_scorer_resmlp_focal,focal
DUB|Q70CQ2|Q9Y2T1,DUB|Q70CQ2,DUB,Q70CQ2,Q9Y2T1,USP34,AXIN2,1,2,1,0.8390592932701111,neural_pair_scorer_resmlp_focal,focal
DUB|Q70EL3|P12956,DUB|Q70EL3,DUB,Q70EL3,P12956,USP50,XRCC6,1,2,1,0.9878467917442322,neural_pair_scorer_resmlp_focal,focal
DUB|Q70EL3|P30291,DUB|Q70EL3,DUB,Q70EL3,P30291,USP50,WEE1,1,2,1,0.7330061197280884,neural_pair_scorer_resmlp_focal,focal
DUB|Q70EL3|Q9ULZ3,DUB|Q70EL3,DUB,Q70EL3,Q9ULZ3,USP50,PYCARD,1,2,1,0.953177809715271,neural_pair_scorer_resmlp_focal,focal
DUB|Q92905|O43623,DUB|Q92905,DUB,Q92905,O43623,COPS5,SNAI2,1,2,1,0.9856252074241638,neural_pair_scorer_resmlp_focal,focal
DUB|Q92905|O95863,DUB|Q92905,DUB,Q92905,O95863,COPS5,SNAI1,1,2,1,0.984169602394104,neural_pair_scorer_resmlp_focal,focal
DUB|Q92905|Q13619,DUB|Q92905,DUB,Q92905,Q13619,COPS5,CUL4A,1,2,1,0.2886198163032532,neural_pair_scorer_resmlp_focal,focal
DUB|Q92905|Q9NZQ7,DUB|Q92905,DUB,Q92905,Q9NZQ7,COPS5,CD274,1,2,1,0.49134883284568787,neural_pair_scorer_resmlp_focal,focal
DUB|Q96F44|Q16828,DUB|Q96F44,DUB,Q96F44,Q16828,TRIM11,DUSP6,1,2,1,0.4415712356567383,neural_pair_scorer_resmlp_focal,focal
DUB|Q96G74|O00463,DUB|Q96G74,DUB,Q96G74,O00463,OTUD5,TRAF5,1,2,1,0.9259454011917114,neural_pair_scorer_resmlp_focal,focal
DUB|Q96G74|O14737,DUB|Q96G74,DUB,Q96G74,O14737,OTUD5,PDCD5,1,2,1,0.0944342389702797,neural_pair_scorer_resmlp_focal,focal
DUB|Q96G74|O95071,DUB|Q96G74,DUB,Q96G74,O95071,OTUD5,UBR5,1,2,1,0.6285117268562317,neural_pair_scorer_resmlp_focal,focal
DUB|Q96G74|P04637,DUB|Q96G74,DUB,Q96G74,P04637,OTUD5,TP53,1,2,1,0.9857994318008423,neural_pair_scorer_resmlp_focal,focal
DUB|Q96G74|P13010,DUB|Q96G74,DUB,Q96G74,P13010,OTUD5,XRCC5,1,2,1,0.8543079495429993,neural_pair_scorer_resmlp_focal,focal
DUB|Q96G74|Q12933,DUB|Q96G74,DUB,Q96G74,Q12933,OTUD5,TRAF2,1,2,1,0.958151638507843,neural_pair_scorer_resmlp_focal,focal
DUB|Q96G74|Q13114,DUB|Q96G74,DUB,Q96G74,Q13114,OTUD5,TRAF3,1,2,1,0.9633423686027527,neural_pair_scorer_resmlp_focal,focal
DUB|Q96G74|Q14258,DUB|Q96G74,DUB,Q96G74,Q14258,OTUD5,TRIM25,1,2,1,0.585395872592926,neural_pair_scorer_resmlp_focal,focal
DUB|Q96G74|Q9Y4K3,DUB|Q96G74,DUB,Q96G74,Q9Y4K3,OTUD5,TRAF6,1,2,1,0.9763271808624268,neural_pair_scorer_resmlp_focal,focal
DUB|Q96K76|O95863,DUB|Q96K76,DUB,Q96K76,O95863,USP47,SNAI1,1,2,1,0.9573383331298828,neural_pair_scorer_resmlp_focal,focal
DUB|Q96K76|P06746,DUB|Q96K76,DUB,Q96K76,P06746,USP47,POLB,1,2,1,0.8563889265060425,neural_pair_scorer_resmlp_focal,focal
DUB|Q96K76|P12830,DUB|Q96K76,DUB,Q96K76,P12830,USP47,CDH1,1,2,1,0.9100460410118103,neural_pair_scorer_resmlp_focal,focal
DUB|Q96K76|P35222,DUB|Q96K76,DUB,Q96K76,P35222,USP47,CTNNB1,1,2,1,0.9797384738922119,neural_pair_scorer_resmlp_focal,focal
DUB|Q96K76|Q9UGP5,DUB|Q96K76,DUB,Q96K76,Q9UGP5,USP47,POLL,1,2,1,0.13809612393379211,neural_pair_scorer_resmlp_focal,focal
DUB|Q9HBJ7|P04637,DUB|Q9HBJ7,DUB,Q9HBJ7,P04637,USP29,TP53,1,2,1,0.9911319613456726,neural_pair_scorer_resmlp_focal,focal
DUB|Q9HBJ7|Q16777,DUB|Q9HBJ7,DUB,Q9HBJ7,Q16777,USP29,HIST2H2AC,1,2,1,0.9860512018203735,neural_pair_scorer_resmlp_focal,focal
DUB|Q9HBJ7|Q8N884,DUB|Q9HBJ7,DUB,Q9HBJ7,Q8N884,USP29,CGAS,1,2,1,0.9485265016555786,neural_pair_scorer_resmlp_focal,focal
DUB|Q9HBJ7|Q9HAW4,DUB|Q9HBJ7,DUB,Q9HBJ7,Q9HAW4,USP29,CLSPN,1,2,1,0.981253445148468,neural_pair_scorer_resmlp_focal,focal
DUB|Q9UPU5|O75385,DUB|Q9UPU5,DUB,Q9UPU5,O75385,USP24,ULK1,1,2,1,0.9355520606040955,neural_pair_scorer_resmlp_focal,focal
DUB|Q9UPU5|P04637,DUB|Q9UPU5,DUB,Q9UPU5,P04637,USP24,TP53,1,2,1,0.9842697381973267,neural_pair_scorer_resmlp_focal,focal
DUB|Q9UPU5|Q92466,DUB|Q9UPU5,DUB,Q9UPU5,Q92466,USP24,DDB2,1,2,1,0.821571946144104,neural_pair_scorer_resmlp_focal,focal
E3|O00308|Q04771,E3|O00308,E3,O00308,Q04771,WWP2,ACVR1,0,2,0,0.9592201113700867,neural_pair_scorer_resmlp_focal,focal
E3|O00308|Q8NBP7,E3|O00308,E3,O00308,Q8NBP7,WWP2,PCSK9,0,2,0,0.921848475933075,neural_pair_scorer_resmlp_focal,focal
E3|O00308|Q16537,E3|O00308,E3,O00308,Q16537,WWP2,PPP2R5E,0,2,0,0.8502081036567688,neural_pair_scorer_resmlp_focal,focal
E3|O00308|P78380,E3|O00308,E3,O00308,P78380,WWP2,OLR1,0,2,0,0.13395991921424866,neural_pair_scorer_resmlp_focal,focal
E3|O00308|Q96HE7,E3|O00308,E3,O00308,Q96HE7,WWP2,ERO1A,0,2,0,0.24755075573921204,neural_pair_scorer_resmlp_focal,focal
E3|O00308|P56750,E3|O00308,E3,O00308,P56750,WWP2,CLDN17,0,2,0,0.7733729481697083,neural_pair_scorer_resmlp_focal,focal
E3|O00308|Q12959,E3|O00308,E3,O00308,Q12959,WWP2,DLG1,0,2,0,0.9267652034759521,neural_pair_scorer_resmlp_focal,focal
E3|O00308|P49757,E3|O00308,E3,O00308,P49757,WWP2,NUMB,0,2,0,0.9253842234611511,neural_pair_scorer_resmlp_focal,focal
E3|O00308|O95502,E3|O00308,E3,O00308,O95502,WWP2,NPTXR,0,2,0,0.2749820649623871,neural_pair_scorer_resmlp_focal,focal
E3|O00308|Q01813,E3|O00308,E3,O00308,Q01813,WWP2,PFKP,0,2,0,0.870994508266449,neural_pair_scorer_resmlp_focal,focal
E3|O00308|Q16620,E3|O00308,E3,O00308,Q16620,WWP2,NTRK2,0,2,0,0.9565706253051758,neural_pair_scorer_resmlp_focal,focal
E3|O00308|Q96BN8,E3|O00308,E3,O00308,Q96BN8,WWP2,OTULIN,0,2,0,0.6966500878334045,neural_pair_scorer_resmlp_focal,focal
E3|O00308|O00418,E3|O00308,E3,O00308,O00418,WWP2,EEF2K,0,2,0,0.10615664720535278,neural_pair_scorer_resmlp_focal,focal
E3|O00623|Q01094,E3|O00623,E3,O00623,Q01094,PEX12,E2F1,0,2,0,0.06043047830462456,neural_pair_scorer_resmlp_focal,focal
E3|O00623|O15111,E3|O00623,E3,O00623,O15111,PEX12,CHUK,0,2,0,0.5703121423721313,neural_pair_scorer_resmlp_focal,focal
E3|O15304|Q15386,E3|O15304,E3,O15304,Q15386,SIVA1,UBE3C,0,2,0,0.5065197944641113,neural_pair_scorer_resmlp_focal,focal
E3|O15304|O43511,E3|O15304,E3,O15304,O43511,SIVA1,SLC26A4,0,2,0,0.3858577609062195,neural_pair_scorer_resmlp_focal,focal
E3|O15524|P10523,E3|O15524,E3,O15524,P10523,SOCS1,SAG,0,2,0,0.13046494126319885,neural_pair_scorer_resmlp_focal,focal
E3|O15524|P0C209,E3|O15524,E3,O15524,P0C209,SOCS1,gag,0,2,0,0.04213738068938255,neural_pair_scorer_resmlp_focal,focal
E3|O15524|Q8N907,E3|O15524,E3,O15524,Q8N907,SOCS1,DAND5,0,2,0,0.1367342472076416,neural_pair_scorer_resmlp_focal,focal
E3|O15524|P55211,E3|O15524,E3,O15524,P55211,SOCS1,CASP9,0,2,0,0.3841366171836853,neural_pair_scorer_resmlp_focal,focal
E3|O60858|P83916,E3|O60858,E3,O60858,P83916,TRIM13,CBX1,0,2,0,0.9285579323768616,neural_pair_scorer_resmlp_focal,focal
E3|O60858|Q9NS91,E3|O60858,E3,O60858,Q9NS91,TRIM13,RAD18,0,2,0,0.1299540102481842,neural_pair_scorer_resmlp_focal,focal
E3|O60858|P19419,E3|O60858,E3,O60858,P19419,TRIM13,ELK1,0,2,0,0.06738507747650146,neural_pair_scorer_resmlp_focal,focal
E3|O60858|Q9UPN4,E3|O60858,E3,O60858,Q9UPN4,TRIM13,CEP131,0,2,0,0.19165557622909546,neural_pair_scorer_resmlp_focal,focal
E3|O60858|Q8NEA6,E3|O60858,E3,O60858,Q8NEA6,TRIM13,GLIS3,0,2,0,0.12542788684368134,neural_pair_scorer_resmlp_focal,focal
E3|O60858|O95149,E3|O60858,E3,O60858,O95149,TRIM13,SNUPN,0,2,0,0.4081976115703583,neural_pair_scorer_resmlp_focal,focal
E3|O60858|Q9BXS6,E3|O60858,E3,O60858,Q9BXS6,TRIM13,NUSAP1,0,2,0,0.38185688853263855,neural_pair_scorer_resmlp_focal,focal
E3|O60858|Q15233,E3|O60858,E3,O60858,Q15233,TRIM13,NONO,0,2,0,0.39417052268981934,neural_pair_scorer_resmlp_focal,focal
E3|O60858|Q8TCG1,E3|O60858,E3,O60858,Q8TCG1,TRIM13,CIP2A,0,2,0,0.12379082292318344,neural_pair_scorer_resmlp_focal,focal
E3|O60858|P49959,E3|O60858,E3,O60858,P49959,TRIM13,MRE11,0,2,0,0.3133089244365692,neural_pair_scorer_resmlp_focal,focal
E3|O75592|P46109,E3|O75592,E3,O75592,P46109,MYCBP2,CRKL,0,2,0,0.8505452275276184,neural_pair_scorer_resmlp_focal,focal
E3|O76064|O76090,E3|O76064,E3,O76064,O76090,RNF8,BEST1,0,2,0,0.05575371906161308,neural_pair_scorer_resmlp_focal,focal
E3|O76064|Q96PH1,E3|O76064,E3,O76064,Q96PH1,RNF8,NOX5,0,2,0,0.028626415878534317,neural_pair_scorer_resmlp_focal,focal
E3|O76064|P78380,E3|O76064,E3,O76064,P78380,RNF8,OLR1,0,2,0,0.02022150717675686,neural_pair_scorer_resmlp_focal,focal
E3|O76064|Q9Y5M8,E3|O76064,E3,O76064,Q9Y5M8,RNF8,SRPRB,0,2,0,0.050991859287023544,neural_pair_scorer_resmlp_focal,focal
E3|O76064|Q9NWM3,E3|O76064,E3,O76064,Q9NWM3,RNF8,CUEDC1,0,2,0,0.1981191635131836,neural_pair_scorer_resmlp_focal,focal
E3|O76064|O60337,E3|O76064,E3,O76064,O60337,RNF8,MARCHF6,0,2,0,0.2862618863582611,neural_pair_scorer_resmlp_focal,focal
E3|O76064|P01903,E3|O76064,E3,O76064,P01903,RNF8,HLA-DRA,0,2,0,0.023834584280848503,neural_pair_scorer_resmlp_focal,focal
E3|O76064|P06576,E3|O76064,E3,O76064,P06576,RNF8,ATP5F1B,0,2,0,0.16318461298942566,neural_pair_scorer_resmlp_focal,focal
E3|O76064|Q13635,E3|O76064,E3,O76064,Q13635,RNF8,PTCH1,0,2,0,0.10819044709205627,neural_pair_scorer_resmlp_focal,focal
E3|O76064|Q96NT3,E3|O76064,E3,O76064,Q96NT3,RNF8,GUCD1,0,2,0,0.23761016130447388,neural_pair_scorer_resmlp_focal,focal
E3|O94955|P37275,E3|O94955,E3,O94955,P37275,RHOBTB3,ZEB1,0,2,0,0.1609766036272049,neural_pair_scorer_resmlp_focal,focal
E3|O94955|Q6NUN9,E3|O94955,E3,O94955,Q6NUN9,RHOBTB3,ZNF746,0,2,0,0.2975417971611023,neural_pair_scorer_resmlp_focal,focal
E3|O95835|O75444,E3|O95835,E3,O95835,O75444,LATS1,MAF,0,2,0,0.834377110004425,neural_pair_scorer_resmlp_focal,focal
E3|P06463|O60936,E3|P06463,E3,P06463,O60936,E6,NOL3,0,2,0,0.9503762125968933,neural_pair_scorer_resmlp_focal,focal
E3|P06463|Q9NZJ0,E3|P06463,E3,P06463,Q9NZJ0,E6,DTL,0,2,0,0.21640421450138092,neural_pair_scorer_resmlp_focal,focal
E3|P09936|Q6ZWH5,E3|P09936,E3,P09936,Q6ZWH5,UCHL1,NEK10,0,2,0,0.27154892683029175,neural_pair_scorer_resmlp_focal,focal
E3|P0C2W1|Q9H074,E3|P0C2W1,E3,P0C2W1,Q9H074,FBXO45,PAIP1,0,2,0,0.43306171894073486,neural_pair_scorer_resmlp_focal,focal
E3|P0C2W1|Q9I788,E3|P0C2W1,E3,P0C2W1,Q9I788,FBXO45,exoT,0,2,0,0.07674907147884369,neural_pair_scorer_resmlp_focal,focal
E3|P0C2W1|P49915,E3|P0C2W1,E3,P0C2W1,P49915,FBXO45,GMPS,0,2,0,0.21445582807064056,neural_pair_scorer_resmlp_focal,focal
E3|P11441|Q13794,E3|P11441,E3,P11441,Q13794,UBL4A,PMAIP1,0,2,0,0.08823715150356293,neural_pair_scorer_resmlp_focal,focal
E3|P29372|P26006,E3|P29372,E3,P29372,P26006,MPG,ITGA3,0,2,0,0.35801878571510315,neural_pair_scorer_resmlp_focal,focal
E3|P29372|Q14114,E3|P29372,E3,P29372,Q14114,MPG,LRP8,0,2,0,0.30208808183670044,neural_pair_scorer_resmlp_focal,focal
E3|P62877|P16471,E3|P62877,E3,P62877,P16471,RBX1,PRLR,0,2,0,0.46534109115600586,neural_pair_scorer_resmlp_focal,focal
E3|P62877|Q99759,E3|P62877,E3,P62877,Q99759,RBX1,MAP3K3,0,2,0,0.500159740447998,neural_pair_scorer_resmlp_focal,focal
E3|P62877|Q7Z434,E3|P62877,E3,P62877,Q7Z434,RBX1,MAVS,0,2,0,0.3485463857650757,neural_pair_scorer_resmlp_focal,focal
E3|Q13077|P55036,E3|Q13077,E3,Q13077,P55036,TRAF1,PSMD4,0,2,0,0.49939703941345215,neural_pair_scorer_resmlp_focal,focal
E3|Q13077|P26045,E3|Q13077,E3,Q13077,P26045,TRAF1,PTPN3,0,2,0,0.17207881808280945,neural_pair_scorer_resmlp_focal,focal
E3|Q13191|P13051,E3|Q13191,E3,Q13191,P13051,CBLB,UNG,0,2,0,0.038774434477090836,neural_pair_scorer_resmlp_focal,focal
E3|Q13191|O43734,E3|Q13191,E3,Q13191,O43734,CBLB,TRAF3IP2,0,2,0,0.26496291160583496,neural_pair_scorer_resmlp_focal,focal
E3|Q13191|Q15672,E3|Q13191,E3,Q13191,Q15672,CBLB,TWIST1,0,2,0,0.05019274726510048,neural_pair_scorer_resmlp_focal,focal
E3|Q13191|P43005,E3|Q13191,E3,Q13191,P43005,CBLB,SLC1A1,0,2,0,0.7321269512176514,neural_pair_scorer_resmlp_focal,focal
E3|Q13191|P01857,E3|Q13191,E3,Q13191,P01857,CBLB,IGHG1,0,2,0,0.7695150971412659,neural_pair_scorer_resmlp_focal,focal
E3|Q13191|O43679,E3|Q13191,E3,Q13191,O43679,CBLB,LDB2,0,2,0,0.10394243150949478,neural_pair_scorer_resmlp_focal,focal
E3|Q13191|Q16778,E3|Q13191,E3,Q13191,Q16778,CBLB,H2BC21,0,2,0,0.07374421507120132,neural_pair_scorer_resmlp_focal,focal
E3|Q13191|Q6ZTN6,E3|Q13191,E3,Q13191,Q6ZTN6,CBLB,ANKRD13D,0,2,0,0.10762135684490204,neural_pair_scorer_resmlp_focal,focal
E3|Q13191|Q02539,E3|Q13191,E3,Q13191,Q02539,CBLB,H1-1,0,2,0,0.04904620721936226,neural_pair_scorer_resmlp_focal,focal
E3|Q13191|P04839,E3|Q13191,E3,Q13191,P04839,CBLB,CYBB,0,2,0,0.6296579241752625,neural_pair_scorer_resmlp_focal,focal
E3|Q13191|Q9UIF7,E3|Q13191,E3,Q13191,Q9UIF7,CBLB,MUTYH,0,2,0,0.04573756456375122,neural_pair_scorer_resmlp_focal,focal
E3|Q13191|Q9BSA4,E3|Q13191,E3,Q13191,Q9BSA4,CBLB,TTYH2,0,2,0,0.7354056239128113,neural_pair_scorer_resmlp_focal,focal
E3|Q13191|Q8IZG5,E3|Q13191,E3,Q13191,Q8IZG5,CBLB,SS18,0,2,0,0.062459539622068405,neural_pair_scorer_resmlp_focal,focal
E3|Q13191|O15146,E3|Q13191,E3,Q13191,O15146,CBLB,MUSK,0,2,0,0.9538507461547852,neural_pair_scorer_resmlp_focal,focal
E3|Q13263|Q8N8V4,E3|Q13263,E3,Q13263,Q8N8V4,TRIM28,ANKS4B,0,2,0,0.11330237984657288,neural_pair_scorer_resmlp_focal,focal
E3|Q13263|P54652,E3|Q13263,E3,Q13263,P54652,TRIM28,HSPA2,0,2,0,0.3497324287891388,neural_pair_scorer_resmlp_focal,focal
E3|Q13263|Q8IVT5,E3|Q13263,E3,Q13263,Q8IVT5,TRIM28,KSR1,0,2,0,0.41678357124328613,neural_pair_scorer_resmlp_focal,focal
E3|Q13263|Q16635,E3|Q13263,E3,Q13263,Q16635,TRIM28,TAZ,0,2,0,0.1564493328332901,neural_pair_scorer_resmlp_focal,focal
E3|Q13309|P46109,E3|Q13309,E3,Q13309,P46109,SKP2,CRKL,0,2,0,0.752290666103363,neural_pair_scorer_resmlp_focal,focal
E3|Q13309|O00330,E3|Q13309,E3,Q13309,O00330,SKP2,PDHX,0,2,0,0.6715885400772095,neural_pair_scorer_resmlp_focal,focal
E3|Q13309|P46695,E3|Q13309,E3,Q13309,P46695,SKP2,IER3,0,2,0,0.21507161855697632,neural_pair_scorer_resmlp_focal,focal
E3|Q13309|P31645,E3|Q13309,E3,Q13309,P31645,SKP2,SLC6A4,0,2,0,0.4001571834087372,neural_pair_scorer_resmlp_focal,focal
E3|Q13309|O60883,E3|Q13309,E3,Q13309,O60883,SKP2,GPR37L1,0,2,0,0.05422421172261238,neural_pair_scorer_resmlp_focal,focal
E3|Q13309|P22455,E3|Q13309,E3,Q13309,P22455,SKP2,FGFR4,0,2,0,0.16174547374248505,neural_pair_scorer_resmlp_focal,focal
E3|Q13309|P29034,E3|Q13309,E3,Q13309,P29034,SKP2,S100A2,0,2,0,0.05094258114695549,neural_pair_scorer_resmlp_focal,focal
E3|Q13309|P15260,E3|Q13309,E3,Q13309,P15260,SKP2,IFNGR1,0,2,0,0.05673632398247719,neural_pair_scorer_resmlp_focal,focal
E3|Q13309|Q92813,E3|Q13309,E3,Q13309,Q92813,SKP2,DIO2,0,2,0,0.9257634282112122,neural_pair_scorer_resmlp_focal,focal
E3|Q13309|P41595,E3|Q13309,E3,Q13309,P41595,SKP2,HTR2B,0,2,0,0.17668284475803375,neural_pair_scorer_resmlp_focal,focal
E3|Q13309|A6MI22,E3|Q13309,E3,Q13309,A6MI22,SKP2,tat,0,2,0,0.02773406356573105,neural_pair_scorer_resmlp_focal,focal
E3|Q13309|Q15726,E3|Q13309,E3,Q13309,Q15726,SKP2,KISS1,0,2,0,0.03776213526725769,neural_pair_scorer_resmlp_focal,focal
E3|Q13309|P15498,E3|Q13309,E3,Q13309,P15498,SKP2,VAV1,0,2,0,0.5775875449180603,neural_pair_scorer_resmlp_focal,focal
E3|Q13309|Q9Y6W8,E3|Q13309,E3,Q13309,Q9Y6W8,SKP2,ICOS,0,2,0,0.09173009544610977,neural_pair_scorer_resmlp_focal,focal
E3|Q13309|Q9UJA2,E3|Q13309,E3,Q13309,Q9UJA2,SKP2,CRLS1,0,2,0,0.1284751147031784,neural_pair_scorer_resmlp_focal,focal
E3|Q13309|P51795,E3|Q13309,E3,Q13309,P51795,SKP2,CLCN5,0,2,0,0.201723113656044,neural_pair_scorer_resmlp_focal,focal
E3|Q13309|Q9UBN4,E3|Q13309,E3,Q13309,Q9UBN4,SKP2,TRPC4,0,2,0,0.33079394698143005,neural_pair_scorer_resmlp_focal,focal
E3|Q13309|O14543,E3|Q13309,E3,Q13309,O14543,SKP2,SOCS3,0,2,0,0.20659185945987701,neural_pair_scorer_resmlp_focal,focal
E3|Q13309|P35555,E3|Q13309,E3,Q13309,P35555,SKP2,FBN1,0,2,0,0.27908855676651,neural_pair_scorer_resmlp_focal,focal
E3|Q13309|Q13873,E3|Q13309,E3,Q13309,Q13873,SKP2,BMPR2,0,2,0,0.6324253678321838,neural_pair_scorer_resmlp_focal,focal
E3|Q13309|P02765,E3|Q13309,E3,Q13309,P02765,SKP2,AHSG,0,2,0,0.24719826877117157,neural_pair_scorer_resmlp_focal,focal
E3|Q13309|Q13077,E3|Q13309,E3,Q13309,Q13077,SKP2,TRAF1,0,2,0,0.5314933657646179,neural_pair_scorer_resmlp_focal,focal
E3|Q13309|Q8TB45,E3|Q13309,E3,Q13309,Q8TB45,SKP2,DEPTOR,0,2,0,0.5925780534744263,neural_pair_scorer_resmlp_focal,focal
E3|Q13309|Q99759,E3|Q13309,E3,Q13309,Q99759,SKP2,MAP3K3,0,2,0,0.33124035596847534,neural_pair_scorer_resmlp_focal,focal
E3|Q13309|P14076,E3|Q13309,E3,Q13309,P14076,SKP2,gag,0,2,0,0.04406924918293953,neural_pair_scorer_resmlp_focal,focal
E3|Q13309|Q03135,E3|Q13309,E3,Q13309,Q03135,SKP2,CAV1,0,2,0,0.437138170003891,neural_pair_scorer_resmlp_focal,focal
E3|Q13309|Q9I788,E3|Q13309,E3,Q13309,Q9I788,SKP2,exoT,0,2,0,0.08914835751056671,neural_pair_scorer_resmlp_focal,focal
E3|Q13309|Q15858,E3|Q13309,E3,Q13309,Q15858,SKP2,SCN9A,0,2,0,0.1064068004488945,neural_pair_scorer_resmlp_focal,focal
E3|Q13309|P43146,E3|Q13309,E3,Q13309,P43146,SKP2,DCC,0,2,0,0.8499840497970581,neural_pair_scorer_resmlp_focal,focal
E3|Q13309|P11686,E3|Q13309,E3,Q13309,P11686,SKP2,SFTPC,0,2,0,0.03775760903954506,neural_pair_scorer_resmlp_focal,focal
E3|Q13309|Q70CQ3,E3|Q13309,E3,Q13309,Q70CQ3,SKP2,USP30,0,2,0,0.07737655937671661,neural_pair_scorer_resmlp_focal,focal
E3|Q13309|O76013,E3|Q13309,E3,Q13309,O76013,SKP2,KRT36,0,2,0,0.46876606345176697,neural_pair_scorer_resmlp_focal,focal
E3|Q13309|Q8IZG5,E3|Q13309,E3,Q13309,Q8IZG5,SKP2,SS18,0,2,0,0.13033539056777954,neural_pair_scorer_resmlp_focal,focal
E3|Q13309|Q8N907,E3|Q13309,E3,Q13309,Q8N907,SKP2,DAND5,0,2,0,0.0849546492099762,neural_pair_scorer_resmlp_focal,focal
E3|Q13309|Q9Y282,E3|Q13309,E3,Q13309,Q9Y282,SKP2,ERGIC3,0,2,0,0.13578416407108307,neural_pair_scorer_resmlp_focal,focal
E3|Q13309|Q9Y5M8,E3|Q13309,E3,Q13309,Q9Y5M8,SKP2,SRPRB,0,2,0,0.21838076412677765,neural_pair_scorer_resmlp_focal,focal
E3|Q13309|P05777,E3|Q13309,E3,Q13309,P05777,SKP2,M,0,2,0,0.139716237783432,neural_pair_scorer_resmlp_focal,focal
E3|Q13309|Q9NQA5,E3|Q13309,E3,Q13309,Q9NQA5,SKP2,TRPV5,0,2,0,0.12772633135318756,neural_pair_scorer_resmlp_focal,focal
E3|Q13309|Q9BT67,E3|Q13309,E3,Q13309,Q9BT67,SKP2,NDFIP1,0,2,0,0.15811149775981903,neural_pair_scorer_resmlp_focal,focal
E3|Q13309|O75581,E3|Q13309,E3,Q13309,O75581,SKP2,LRP6,0,2,0,0.48598024249076843,neural_pair_scorer_resmlp_focal,focal
E3|Q13309|F5HEZ4,E3|Q13309,E3,Q13309,F5HEZ4,SKP2,ORF71,0,2,0,0.19438330829143524,neural_pair_scorer_resmlp_focal,focal
E3|Q13309|Q96JA1,E3|Q13309,E3,Q13309,Q96JA1,SKP2,LRIG1,0,2,0,0.31884104013442993,neural_pair_scorer_resmlp_focal,focal
E3|Q13309|Q15388,E3|Q13309,E3,Q13309,Q15388,SKP2,TOMM20,0,2,0,0.26317939162254333,neural_pair_scorer_resmlp_focal,focal
E3|Q13489|Q9P2F8,E3|Q13489,E3,Q13489,Q9P2F8,BIRC3,SIPA1L2,0,2,0,0.5830033421516418,neural_pair_scorer_resmlp_focal,focal
E3|Q13489|Q8N519,E3|Q13489,E3,Q13489,Q8N519,BIRC3,,0,2,0,0.45692339539527893,neural_pair_scorer_resmlp_focal,focal
E3|Q13489|Q8ZNR3,E3|Q13489,E3,Q13489,Q8ZNR3,BIRC3,sopA,0,2,0,0.04096369445323944,neural_pair_scorer_resmlp_focal,focal
E3|Q13829|P78504,E3|Q13829,E3,Q13829,P78504,TNFAIP1,JAG1,0,2,0,0.21346813440322876,neural_pair_scorer_resmlp_focal,focal
E3|Q13829|Q8N8V4,E3|Q13829,E3,Q13829,Q8N8V4,TNFAIP1,ANKS4B,0,2,0,0.07521952688694,neural_pair_scorer_resmlp_focal,focal
E3|Q14145|P31994,E3|Q14145,E3,Q14145,P31994,KEAP1,FCGR2B,0,2,0,0.027172507718205452,neural_pair_scorer_resmlp_focal,focal
E3|Q14145|Q12913,E3|Q14145,E3,Q14145,Q12913,KEAP1,PTPRJ,0,2,0,0.03330741822719574,neural_pair_scorer_resmlp_focal,focal
E3|Q14145|Q9HBA0,E3|Q14145,E3,Q14145,Q9HBA0,KEAP1,TRPV4,0,2,0,0.04190733656287193,neural_pair_scorer_resmlp_focal,focal
E3|Q14145|O43175,E3|Q14145,E3,Q14145,O43175,KEAP1,PHGDH,0,2,0,0.2070501744747162,neural_pair_scorer_resmlp_focal,focal
E3|Q14145|Q9P055,E3|Q14145,E3,Q14145,Q9P055,KEAP1,JKAMP,0,2,0,0.044607967138290405,neural_pair_scorer_resmlp_focal,focal
E3|Q5VTB9|Q12809,E3|Q5VTB9,E3,Q5VTB9,Q12809,RNF220,KCNH2,0,2,0,0.2680581212043762,neural_pair_scorer_resmlp_focal,focal
E3|Q5VTB9|O60294,E3|Q5VTB9,E3,Q5VTB9,O60294,RNF220,LCMT2,0,2,0,0.3428480923175812,neural_pair_scorer_resmlp_focal,focal
E3|Q5VTR2|Q9NYJ8,E3|Q5VTR2,E3,Q5VTR2,Q9NYJ8,RNF20,TAB2,0,2,0,0.6006909012794495,neural_pair_scorer_resmlp_focal,focal
E3|Q5VTR2|F5HEZ4,E3|Q5VTR2,E3,Q5VTR2,F5HEZ4,RNF20,ORF71,0,2,0,0.21660393476486206,neural_pair_scorer_resmlp_focal,focal
E3|Q66K89|P16284,E3|Q66K89,E3,Q66K89,P16284,E4F1,PECAM1,0,2,0,0.7711639404296875,neural_pair_scorer_resmlp_focal,focal
E3|Q693B1|P49918,E3|Q693B1,E3,Q693B1,P49918,KCTD11,CDKN1C,0,2,0,0.7094964385032654,neural_pair_scorer_resmlp_focal,focal
E3|Q693B1|Q9Y6Q9,E3|Q693B1,E3,Q693B1,Q9Y6Q9,KCTD11,NCOA3,0,2,0,0.3480389714241028,neural_pair_scorer_resmlp_focal,focal
E3|Q6P050|Q6ZVM7,E3|Q6P050,E3,Q6P050,Q6ZVM7,FBXL22,TOM1L2,0,2,0,0.4504842758178711,neural_pair_scorer_resmlp_focal,focal
E3|Q6P050|P46109,E3|Q6P050,E3,Q6P050,P46109,FBXL22,CRKL,0,2,0,0.18410460650920868,neural_pair_scorer_resmlp_focal,focal
E3|Q6P050|Q9NWM3,E3|Q6P050,E3,Q6P050,Q9NWM3,FBXL22,CUEDC1,0,2,0,0.2007150501012802,neural_pair_scorer_resmlp_focal,focal
E3|Q6PJ21|P01903,E3|Q6PJ21,E3,Q6PJ21,P01903,SPSB3,HLA-DRA,0,2,0,0.08954682946205139,neural_pair_scorer_resmlp_focal,focal
E3|Q6ZNA4|Q16558,E3|Q6ZNA4,E3,Q6ZNA4,Q16558,RNF111,KCNMB1,0,2,0,0.07314416766166687,neural_pair_scorer_resmlp_focal,focal
E3|Q6ZNA4|P36888,E3|Q6ZNA4,E3,Q6ZNA4,P36888,RNF111,FLT3,0,2,0,0.5515347123146057,neural_pair_scorer_resmlp_focal,focal
E3|Q6ZNA4|Q16875,E3|Q6ZNA4,E3,Q6ZNA4,Q16875,RNF111,PFKFB3,0,2,0,0.8377638459205627,neural_pair_scorer_resmlp_focal,focal
E3|Q6ZNA4|Q8IZ07,E3|Q6ZNA4,E3,Q6ZNA4,Q8IZ07,RNF111,ANKRD13A,0,2,0,0.570344090461731,neural_pair_scorer_resmlp_focal,focal
E3|Q76N89|Q92858,E3|Q76N89,E3,Q76N89,Q92858,HECW1,ATOH1,0,2,0,0.1241646409034729,neural_pair_scorer_resmlp_focal,focal
E3|Q76N89|P19419,E3|Q76N89,E3,Q76N89,P19419,HECW1,ELK1,0,2,0,0.11890552937984467,neural_pair_scorer_resmlp_focal,focal
E3|Q76N89|P49959,E3|Q76N89,E3,Q76N89,P49959,HECW1,MRE11,0,2,0,0.19212758541107178,neural_pair_scorer_resmlp_focal,focal
E3|Q76N89|P61371,E3|Q76N89,E3,Q76N89,P61371,HECW1,ISL1,0,2,0,0.3415980041027069,neural_pair_scorer_resmlp_focal,focal
E3|Q76N89|Q96LA5,E3|Q76N89,E3,Q76N89,Q96LA5,HECW1,FCRL2,0,2,0,0.3730939030647278,neural_pair_scorer_resmlp_focal,focal
E3|Q7Z4K8|P06935,E3|Q7Z4K8,E3,Q7Z4K8,P06935,TRIM46,,0,2,0,0.06366249918937683,neural_pair_scorer_resmlp_focal,focal
E3|Q7Z6J0|Q92994,E3|Q7Z6J0,E3,Q7Z6J0,Q92994,SH3RF1,BRF1,0,2,0,0.41841942071914673,neural_pair_scorer_resmlp_focal,focal
E3|Q7Z6J0|Q95IE3,E3|Q7Z6J0,E3,Q7Z6J0,Q95IE3,SH3RF1,HLA-DRB1,0,2,0,0.0391557477414608,neural_pair_scorer_resmlp_focal,focal
E3|Q7Z6J0|P15259,E3|Q7Z6J0,E3,Q7Z6J0,P15259,SH3RF1,PGAM2,0,2,0,0.7644476890563965,neural_pair_scorer_resmlp_focal,focal
E3|Q7Z6J0|Q8N907,E3|Q7Z6J0,E3,Q7Z6J0,Q8N907,SH3RF1,DAND5,0,2,0,0.2086731344461441,neural_pair_scorer_resmlp_focal,focal
E3|Q86Y13|P55211,E3|Q86Y13,E3,Q86Y13,P55211,DZIP3,CASP9,0,2,0,0.17490053176879883,neural_pair_scorer_resmlp_focal,focal
E3|Q8IUD6|Q9UHV7,E3|Q8IUD6,E3,Q8IUD6,Q9UHV7,RNF135,MED13,0,2,0,0.13212893903255463,neural_pair_scorer_resmlp_focal,focal
E3|Q8N2H9|Q99683,E3|Q8N2H9,E3,Q8N2H9,Q99683,PELI3,MAP3K5,0,2,0,0.40341639518737793,neural_pair_scorer_resmlp_focal,focal
E3|Q8N2H9|P60321,E3|Q8N2H9,E3,Q8N2H9,P60321,PELI3,NANOS2,0,2,0,0.03185400739312172,neural_pair_scorer_resmlp_focal,focal
E3|Q8N2H9|P30307,E3|Q8N2H9,E3,Q8N2H9,P30307,PELI3,CDC25C,0,2,0,0.039621662348508835,neural_pair_scorer_resmlp_focal,focal
E3|Q8N2H9|Q9NVW2,E3|Q8N2H9,E3,Q8N2H9,Q9NVW2,PELI3,RLIM,0,2,0,0.041937101632356644,neural_pair_scorer_resmlp_focal,focal
E3|Q8N2H9|Q9GZX7,E3|Q8N2H9,E3,Q8N2H9,Q9GZX7,PELI3,AICDA,0,2,0,0.8721801042556763,neural_pair_scorer_resmlp_focal,focal
E3|Q8N2H9|O00716,E3|Q8N2H9,E3,Q8N2H9,O00716,PELI3,E2F3,0,2,0,0.028616294264793396,neural_pair_scorer_resmlp_focal,focal
E3|Q8N2W9|P35555,E3|Q8N2W9,E3,Q8N2W9,P35555,PIAS4,FBN1,0,2,0,0.511170506477356,neural_pair_scorer_resmlp_focal,focal
E3|Q8N2W9|O00429,E3|Q8N2W9,E3,Q8N2W9,O00429,PIAS4,DNM1L,0,2,0,0.9889435768127441,neural_pair_scorer_resmlp_focal,focal
E3|Q8N2W9|P55290,E3|Q8N2W9,E3,Q8N2W9,P55290,PIAS4,CDH13,0,2,0,0.9694241881370544,neural_pair_scorer_resmlp_focal,focal
E3|Q8N806|Q9UKE5,E3|Q8N806,E3,Q8N806,Q9UKE5,UBR7,TNIK,0,2,0,0.680330216884613,neural_pair_scorer_resmlp_focal,focal
E3|Q8N806|O14773,E3|Q8N806,E3,Q8N806,O14773,UBR7,TPP1,0,2,0,0.20202293992042542,neural_pair_scorer_resmlp_focal,focal
E3|Q8NEZ5|Q9NY46,E3|Q8NEZ5,E3,Q8NEZ5,Q9NY46,FBXO22,SCN3A,0,2,0,0.430653840303421,neural_pair_scorer_resmlp_focal,focal
E3|Q8NEZ5|P61968,E3|Q8NEZ5,E3,Q8NEZ5,P61968,FBXO22,LMO4,0,2,0,0.367387592792511,neural_pair_scorer_resmlp_focal,focal
E3|Q8NEZ5|P23919,E3|Q8NEZ5,E3,Q8NEZ5,P23919,FBXO22,DTYMK,0,2,0,0.05937286093831062,neural_pair_scorer_resmlp_focal,focal
E3|Q8NEZ5|Q9H1D0,E3|Q8NEZ5,E3,Q8NEZ5,Q9H1D0,FBXO22,TRPV6,0,2,0,0.690653383731842,neural_pair_scorer_resmlp_focal,focal
E3|Q8NFD5|O00459,E3|Q8NFD5,E3,Q8NFD5,O00459,ARID1B,PIK3R2,0,2,0,0.5244489908218384,neural_pair_scorer_resmlp_focal,focal
E3|Q8NFD5|P13761,E3|Q8NFD5,E3,Q8NFD5,P13761,ARID1B,HLA-DRB1,0,2,0,0.0687379315495491,neural_pair_scorer_resmlp_focal,focal
E3|Q8NG27|O95628,E3|Q8NG27,E3,Q8NG27,O95628,PJA1,CNOT4,0,2,0,0.15139804780483246,neural_pair_scorer_resmlp_focal,focal
E3|Q8NG27|P15056,E3|Q8NG27,E3,Q8NG27,P15056,PJA1,BRAF,0,2,0,0.5178853273391724,neural_pair_scorer_resmlp_focal,focal
E3|Q8NG27|P40305,E3|Q8NG27,E3,Q8NG27,P40305,PJA1,IFI27,0,2,0,0.3998546302318573,neural_pair_scorer_resmlp_focal,focal
E3|Q8NG27|Q9BT92,E3|Q8NG27,E3,Q8NG27,Q9BT92,PJA1,TCHP,0,2,0,0.5729891061782837,neural_pair_scorer_resmlp_focal,focal
E3|Q8NG27|Q9NV92,E3|Q8NG27,E3,Q8NG27,Q9NV92,PJA1,NDFIP2,0,2,0,0.8006423711776733,neural_pair_scorer_resmlp_focal,focal
E3|Q8NG27|O96017,E3|Q8NG27,E3,Q8NG27,O96017,PJA1,CHEK2,0,2,0,0.8392210602760315,neural_pair_scorer_resmlp_focal,focal
E3|Q8NG27|P47989,E3|Q8NG27,E3,Q8NG27,P47989,PJA1,XDH,0,2,0,0.5456793904304504,neural_pair_scorer_resmlp_focal,focal
E3|Q8NG27|Q8NFD5,E3|Q8NG27,E3,Q8NG27,Q8NFD5,PJA1,ARID1B,0,2,0,0.6440147757530212,neural_pair_scorer_resmlp_focal,focal
E3|Q8NG27|Q9HBA0,E3|Q8NG27,E3,Q8NG27,Q9HBA0,PJA1,TRPV4,0,2,0,0.7830561399459839,neural_pair_scorer_resmlp_focal,focal
E3|Q8NG27|P56817,E3|Q8NG27,E3,Q8NG27,P56817,PJA1,BACE1,0,2,0,0.7889449596405029,neural_pair_scorer_resmlp_focal,focal
E3|Q8NG27|O00308,E3|Q8NG27,E3,Q8NG27,O00308,PJA1,WWP2,0,2,0,0.9006852507591248,neural_pair_scorer_resmlp_focal,focal
E3|Q8NG27|Q9UBN4,E3|Q8NG27,E3,Q8NG27,Q9UBN4,PJA1,TRPC4,0,2,0,0.5037084221839905,neural_pair_scorer_resmlp_focal,focal
E3|Q8NG27|P13051,E3|Q8NG27,E3,Q8NG27,P13051,PJA1,UNG,0,2,0,0.24942731857299805,neural_pair_scorer_resmlp_focal,focal
E3|Q8TCJ0|P60321,E3|Q8TCJ0,E3,Q8TCJ0,P60321,FBXO25,NANOS2,0,2,0,0.26546749472618103,neural_pair_scorer_resmlp_focal,focal
E3|Q8TCJ0|P05976,E3|Q8TCJ0,E3,Q8TCJ0,P05976,FBXO25,MYL1,0,2,0,0.4964374303817749,neural_pair_scorer_resmlp_focal,focal
E3|Q8TCJ0|Q13873,E3|Q8TCJ0,E3,Q8TCJ0,Q13873,FBXO25,BMPR2,0,2,0,0.24346104264259338,neural_pair_scorer_resmlp_focal,focal
E3|Q8TCJ0|O15273,E3|Q8TCJ0,E3,Q8TCJ0,O15273,FBXO25,TCAP,0,2,0,0.37324365973472595,neural_pair_scorer_resmlp_focal,focal
E3|Q8WXH4|O95630,E3|Q8WXH4,E3,Q8WXH4,O95630,ASB11,STAMBP,0,2,0,0.8318428993225098,neural_pair_scorer_resmlp_focal,focal
E3|Q8WXH4|P03956,E3|Q8WXH4,E3,Q8WXH4,P03956,ASB11,MMP1,0,2,0,0.26001882553100586,neural_pair_scorer_resmlp_focal,focal
E3|Q8WXH4|Q7Z6J0,E3|Q8WXH4,E3,Q8WXH4,Q7Z6J0,ASB11,SH3RF1,0,2,0,0.1727108359336853,neural_pair_scorer_resmlp_focal,focal
E3|Q8WXH4|P98170,E3|Q8WXH4,E3,Q8WXH4,P98170,ASB11,XIAP,0,2,0,0.15894350409507751,neural_pair_scorer_resmlp_focal,focal
E3|Q8WZ60|Q13873,E3|Q8WZ60,E3,Q8WZ60,Q13873,KLHL6,BMPR2,0,2,0,0.06453292816877365,neural_pair_scorer_resmlp_focal,focal
E3|Q8WZ60|P56817,E3|Q8WZ60,E3,Q8WZ60,P56817,KLHL6,BACE1,0,2,0,0.18801604211330414,neural_pair_scorer_resmlp_focal,focal
E3|Q8WZ60|Q96RU7,E3|Q8WZ60,E3,Q8WZ60,Q96RU7,KLHL6,TRIB3,0,2,0,0.9388476014137268,neural_pair_scorer_resmlp_focal,focal
E3|Q8WZ60|Q8WY41,E3|Q8WZ60,E3,Q8WZ60,Q8WY41,KLHL6,NANOS1,0,2,0,0.523176908493042,neural_pair_scorer_resmlp_focal,focal
E3|Q92844|Q8N6T7,E3|Q92844,E3,Q92844,Q8N6T7,TANK,SIRT6,0,2,0,0.6483108401298523,neural_pair_scorer_resmlp_focal,focal
E3|Q92844|P21359,E3|Q92844,E3,Q92844,P21359,TANK,NF1,0,2,0,0.2608899176120758,neural_pair_scorer_resmlp_focal,focal
E3|Q92844|Q15784,E3|Q92844,E3,Q92844,Q15784,TANK,NEUROD2,0,2,0,0.29964813590049744,neural_pair_scorer_resmlp_focal,focal
E3|Q92844|A0A1B0GVQ0,E3|Q92844,E3,Q92844,A0A1B0GVQ0,TANK,SPAAR,0,2,0,0.0581110380589962,neural_pair_scorer_resmlp_focal,focal
E3|Q92844|O14777,E3|Q92844,E3,Q92844,O14777,TANK,NDC80,0,2,0,0.29397186636924744,neural_pair_scorer_resmlp_focal,focal
E3|Q92844|A4F535,E3|Q92844,E3,Q92844,A4F535,TANK,P,0,2,0,0.2343408167362213,neural_pair_scorer_resmlp_focal,focal
E3|Q92844|P26927,E3|Q92844,E3,Q92844,P26927,TANK,MST1,0,2,0,0.01648099347949028,neural_pair_scorer_resmlp_focal,focal
E3|Q92844|Q9NVF7,E3|Q92844,E3,Q92844,Q9NVF7,TANK,FBXO28,0,2,0,0.7865217328071594,neural_pair_scorer_resmlp_focal,focal
E3|Q92844|Q15858,E3|Q92844,E3,Q92844,Q15858,TANK,SCN9A,0,2,0,0.03412466123700142,neural_pair_scorer_resmlp_focal,focal
E3|Q92844|P43360,E3|Q92844,E3,Q92844,P43360,TANK,MAGEA6,0,2,0,0.04307270422577858,neural_pair_scorer_resmlp_focal,focal
E3|Q969K3|Q8N8V4,E3|Q969K3,E3,Q969K3,Q8N8V4,RNF34,ANKS4B,0,2,0,0.5821057558059692,neural_pair_scorer_resmlp_focal,focal
E3|Q969Q1|P20963,E3|Q969Q1,E3,Q969Q1,P20963,TRIM63,CD247,0,2,0,0.023584140464663506,neural_pair_scorer_resmlp_focal,focal
E3|Q969Q1|Q04912,E3|Q969Q1,E3,Q969Q1,Q04912,TRIM63,MST1R,0,2,0,0.029999956488609314,neural_pair_scorer_resmlp_focal,focal
E3|Q969Q1|P41594,E3|Q969Q1,E3,Q969Q1,P41594,TRIM63,GRM5,0,2,0,0.02632896602153778,neural_pair_scorer_resmlp_focal,focal
E3|Q969Q1|Q9TQE0,E3|Q969Q1,E3,Q969Q1,Q9TQE0,TRIM63,HLA-DRB1,0,2,0,0.014490608125925064,neural_pair_scorer_resmlp_focal,focal
E3|Q969Q1|Q8NEG5,E3|Q969Q1,E3,Q969Q1,Q8NEG5,TRIM63,ZSWIM2,0,2,0,0.047405779361724854,neural_pair_scorer_resmlp_focal,focal
E3|Q969Q1|P05777,E3|Q969Q1,E3,Q969Q1,P05777,TRIM63,M,0,2,0,0.04493752494454384,neural_pair_scorer_resmlp_focal,focal
E3|Q969Q1|P61073,E3|Q969Q1,E3,Q969Q1,P61073,TRIM63,CXCR4,0,2,0,0.043467581272125244,neural_pair_scorer_resmlp_focal,focal
E3|Q969Q1|Q7L8J4,E3|Q969Q1,E3,Q969Q1,Q7L8J4,TRIM63,SH3BP5L,0,2,0,0.28020942211151123,neural_pair_scorer_resmlp_focal,focal
E3|Q969Q1|P43005,E3|Q969Q1,E3,Q969Q1,P43005,TRIM63,SLC1A1,0,2,0,0.033095475286245346,neural_pair_scorer_resmlp_focal,focal
E3|Q969U6|Q9NZ63,E3|Q969U6,E3,Q969U6,Q9NZ63,FBXW5,C9orf78,0,2,0,0.9239263534545898,neural_pair_scorer_resmlp_focal,focal
E3|Q969U6|P42336,E3|Q969U6,E3,Q969U6,P42336,FBXW5,PIK3CA,0,2,0,0.5218566060066223,neural_pair_scorer_resmlp_focal,focal
E3|Q969U6|P51795,E3|Q969U6,E3,Q969U6,P51795,FBXW5,CLCN5,0,2,0,0.3468676805496216,neural_pair_scorer_resmlp_focal,focal
E3|Q969U6|P23760,E3|Q969U6,E3,Q969U6,P23760,FBXW5,PAX3,0,2,0,0.5232967734336853,neural_pair_scorer_resmlp_focal,focal
E3|Q969U6|Q8IYD8,E3|Q969U6,E3,Q969U6,Q8IYD8,FBXW5,FANCM,0,2,0,0.5660987496376038,neural_pair_scorer_resmlp_focal,focal
E3|Q969V5|O75928,E3|Q969V5,E3,Q969V5,O75928,MUL1,PIAS2,0,2,0,0.04143119230866432,neural_pair_scorer_resmlp_focal,focal
E3|Q969V5|Q6NUN9,E3|Q969V5,E3,Q969V5,Q6NUN9,MUL1,ZNF746,0,2,0,0.12910452485084534,neural_pair_scorer_resmlp_focal,focal
E3|Q969V5|Q96A32,E3|Q969V5,E3,Q969V5,Q96A32,MUL1,MYLPF,0,2,0,0.17929847538471222,neural_pair_scorer_resmlp_focal,focal
E3|Q969V5|P20248,E3|Q969V5,E3,Q969V5,P20248,MUL1,CCNA2,0,2,0,0.11681471765041351,neural_pair_scorer_resmlp_focal,focal
E3|Q969V5|Q08AJ9,E3|Q969V5,E3,Q969V5,Q08AJ9,MUL1,HIST1H2AB,0,2,0,0.0425310954451561,neural_pair_scorer_resmlp_focal,focal
E3|Q969V5|Q8WTU0,E3|Q969V5,E3,Q969V5,Q8WTU0,MUL1,DDI1,0,2,0,0.578292965888977,neural_pair_scorer_resmlp_focal,focal
E3|Q969V5|Q96RE7,E3|Q969V5,E3,Q969V5,Q96RE7,MUL1,NACC1,0,2,0,0.04379091411828995,neural_pair_scorer_resmlp_focal,focal
E3|Q969V5|Q05086,E3|Q969V5,E3,Q969V5,Q05086,MUL1,UBE3A,0,2,0,0.40895766019821167,neural_pair_scorer_resmlp_focal,focal
E3|Q96EX2|Q53ET0,E3|Q96EX2,E3,Q96EX2,Q53ET0,RNFT2,CRTC2,0,2,0,0.06639414280653,neural_pair_scorer_resmlp_focal,focal
E3|Q96EX2|P30307,E3|Q96EX2,E3,Q96EX2,P30307,RNFT2,CDC25C,0,2,0,0.01748836599290371,neural_pair_scorer_resmlp_focal,focal
E3|Q96K19|O14618,E3|Q96K19,E3,Q96K19,O14618,RNF170,CCS,0,2,0,0.4517013430595398,neural_pair_scorer_resmlp_focal,focal
E3|Q96K19|Q92769,E3|Q96K19,E3,Q96K19,Q92769,RNF170,HDAC2,0,2,0,0.03500482067465782,neural_pair_scorer_resmlp_focal,focal
E3|Q96LD4|O60762,E3|Q96LD4,E3,Q96LD4,O60762,TRIM47,DPM1,0,2,0,0.431544691324234,neural_pair_scorer_resmlp_focal,focal
E3|Q96LD4|P26951,E3|Q96LD4,E3,Q96LD4,P26951,TRIM47,IL3RA,0,2,0,0.16534096002578735,neural_pair_scorer_resmlp_focal,focal
E3|Q99618|P13761,E3|Q99618,E3,Q99618,P13761,CDCA3,HLA-DRB1,0,2,0,0.03164610266685486,neural_pair_scorer_resmlp_focal,focal
E3|Q99619|Q14558,E3|Q99619,E3,Q99619,Q14558,SPSB2,PRPSAP1,0,2,0,0.2019810676574707,neural_pair_scorer_resmlp_focal,focal
E3|Q99619|O94953,E3|Q99619,E3,Q99619,O94953,SPSB2,KDM4B,0,2,0,0.05288143455982208,neural_pair_scorer_resmlp_focal,focal
E3|Q99619|Q9GIY3,E3|Q99619,E3,Q99619,Q9GIY3,SPSB2,HLA-DRB1,0,2,0,0.05544166639447212,neural_pair_scorer_resmlp_focal,focal
E3|Q99619|P48436,E3|Q99619,E3,Q99619,P48436,SPSB2,SOX9,0,2,0,0.25936779379844666,neural_pair_scorer_resmlp_focal,focal
E3|Q99942|Q8IYW5,E3|Q99942,E3,Q99942,Q8IYW5,RNF5,RNF168,0,2,0,0.21271713078022003,neural_pair_scorer_resmlp_focal,focal
E3|Q99942|Q8IUE6,E3|Q99942,E3,Q99942,Q8IUE6,RNF5,H2AC21,0,2,0,0.048737041652202606,neural_pair_scorer_resmlp_focal,focal
E3|Q99942|Q04725,E3|Q99942,E3,Q99942,Q04725,RNF5,TLE2,0,2,0,0.04490596801042557,neural_pair_scorer_resmlp_focal,focal
E3|Q9BRZ2|P60002,E3|Q9BRZ2,E3,Q9BRZ2,P60002,TRIM56,ELOF1,0,2,0,0.23877090215682983,neural_pair_scorer_resmlp_focal,focal
E3|Q9BRZ2|P26358,E3|Q9BRZ2,E3,Q9BRZ2,P26358,TRIM56,DNMT1,0,2,0,0.9357284307479858,neural_pair_scorer_resmlp_focal,focal
E3|Q9BVG3|P0DP91,E3|Q9BVG3,E3,Q9BVG3,P0DP91,TRIM62,ERCC6,0,2,0,0.08498246967792511,neural_pair_scorer_resmlp_focal,focal
E3|Q9BVG3|Q9Y2Y9,E3|Q9BVG3,E3,Q9BVG3,Q9Y2Y9,TRIM62,KLF13,0,2,0,0.6238767504692078,neural_pair_scorer_resmlp_focal,focal
E3|Q9BXM7|O00308,E3|Q9BXM7,E3,Q9BXM7,O00308,PINK1,WWP2,0,2,0,0.7574073076248169,neural_pair_scorer_resmlp_focal,focal
E3|Q9C040|Q16777,E3|Q9C040,E3,Q9C040,Q16777,TRIM2,H2AC20,0,2,0,0.14972256124019623,neural_pair_scorer_resmlp_focal,focal
E3|Q9C040|P06213,E3|Q9C040,E3,Q9C040,P06213,TRIM2,INSR,0,2,0,0.09689312428236008,neural_pair_scorer_resmlp_focal,focal
E3|Q9C040|Q15059,E3|Q9C040,E3,Q9C040,Q15059,TRIM2,BRD3,0,2,0,0.8024147152900696,neural_pair_scorer_resmlp_focal,focal
E3|Q9C0C7|Q14324,E3|Q9C0C7,E3,Q9C0C7,Q14324,AMBRA1,MYBPC2,0,2,0,0.5589315295219421,neural_pair_scorer_resmlp_focal,focal
E3|Q9H4M3|P32314,E3|Q9H4M3,E3,Q9H4M3,P32314,FBXO44,FOXN2,0,2,0,0.7583284974098206,neural_pair_scorer_resmlp_focal,focal
E3|Q9H4M3|P35609,E3|Q9H4M3,E3,Q9H4M3,P35609,FBXO44,ACTN2,0,2,0,0.5281074643135071,neural_pair_scorer_resmlp_focal,focal
E3|Q9H4M3|Q05513,E3|Q9H4M3,E3,Q9H4M3,Q05513,FBXO44,PRKCZ,0,2,0,0.9664174914360046,neural_pair_scorer_resmlp_focal,focal
E3|Q9H4M3|Q99814,E3|Q9H4M3,E3,Q9H4M3,Q99814,FBXO44,EPAS1,0,2,0,0.8927665948867798,neural_pair_scorer_resmlp_focal,focal
E3|Q9NRD0|P51114,E3|Q9NRD0,E3,Q9NRD0,P51114,FBXO8,FXR1,0,2,0,0.5797660946846008,neural_pair_scorer_resmlp_focal,focal
E3|Q9NRD0|P15056,E3|Q9NRD0,E3,Q9NRD0,P15056,FBXO8,BRAF,0,2,0,0.9476546049118042,neural_pair_scorer_resmlp_focal,focal
E3|Q9NRD0|P26006,E3|Q9NRD0,E3,Q9NRD0,P26006,FBXO8,ITGA3,0,2,0,0.7036107778549194,neural_pair_scorer_resmlp_focal,focal
E3|Q9NRD0|P11308,E3|Q9NRD0,E3,Q9NRD0,P11308,FBXO8,ERG,0,2,0,0.5861721038818359,neural_pair_scorer_resmlp_focal,focal
E3|Q9NRD0|O00291,E3|Q9NRD0,E3,Q9NRD0,O00291,FBXO8,HIP1,0,2,0,0.7467682957649231,neural_pair_scorer_resmlp_focal,focal
E3|Q9NRD0|Q5T9L3,E3|Q9NRD0,E3,Q9NRD0,Q5T9L3,FBXO8,WLS,0,2,0,0.3386676013469696,neural_pair_scorer_resmlp_focal,focal
E3|Q9NRD1|Q13002,E3|Q9NRD1,E3,Q9NRD1,Q13002,FBXO6,GRIK2,0,2,0,0.9161846041679382,neural_pair_scorer_resmlp_focal,focal
E3|Q9NRD1|Q99988,E3|Q9NRD1,E3,Q9NRD1,Q99988,FBXO6,GDF15,0,2,0,0.4236185550689697,neural_pair_scorer_resmlp_focal,focal
E3|Q9NRD1|Q8IXI2,E3|Q9NRD1,E3,Q9NRD1,Q8IXI2,FBXO6,RHOT1,0,2,0,0.8173035383224487,neural_pair_scorer_resmlp_focal,focal
E3|Q9NRD1|P26927,E3|Q9NRD1,E3,Q9NRD1,P26927,FBXO6,MST1,0,2,0,0.27548274397850037,neural_pair_scorer_resmlp_focal,focal
E3|Q9NRD1|P15923,E3|Q9NRD1,E3,Q9NRD1,P15923,FBXO6,TCF3,0,2,0,0.32216694951057434,neural_pair_scorer_resmlp_focal,focal
E3|Q9NRD1|Q15361,E3|Q9NRD1,E3,Q9NRD1,Q15361,FBXO6,TTF1,0,2,0,0.9494341015815735,neural_pair_scorer_resmlp_focal,focal
E3|Q9NRD1|Q8N6M0,E3|Q9NRD1,E3,Q9NRD1,Q8N6M0,FBXO6,OTUD6B,0,2,0,0.305550217628479,neural_pair_scorer_resmlp_focal,focal
E3|Q9NRD1|P01911,E3|Q9NRD1,E3,Q9NRD1,P01911,FBXO6,HLA-DRB1,0,2,0,0.07393736392259598,neural_pair_scorer_resmlp_focal,focal
E3|Q9NRD1|P01903,E3|Q9NRD1,E3,Q9NRD1,P01903,FBXO6,HLA-DRA,0,2,0,0.3288457691669464,neural_pair_scorer_resmlp_focal,focal
E3|Q9NVR0|Q9Y657,E3|Q9NVR0,E3,Q9NVR0,Q9Y657,KLHL11,SPIN1,0,2,0,0.6049809455871582,neural_pair_scorer_resmlp_focal,focal
E3|Q9NVR0|P54253,E3|Q9NVR0,E3,Q9NVR0,P54253,KLHL11,ATXN1,0,2,0,0.3208438456058502,neural_pair_scorer_resmlp_focal,focal
E3|Q9P0N8|A9UEZ6,E3|Q9P0N8,E3,Q9P0N8,A9UEZ6,MARCHF2,BCR/ABL fusion,0,2,0,0.045375507324934006,neural_pair_scorer_resmlp_focal,focal
E3|Q9P0N8|Q9P1Z0,E3|Q9P0N8,E3,Q9P0N8,Q9P1Z0,MARCHF2,ZBTB4,0,2,0,0.03199409320950508,neural_pair_scorer_resmlp_focal,focal
E3|Q9P2K6|O60240,E3|Q9P2K6,E3,Q9P2K6,O60240,KLHL42,PLIN1,0,2,0,0.08215387910604477,neural_pair_scorer_resmlp_focal,focal
E3|Q9UJP4|Q96QD8,E3|Q9UJP4,E3,Q9UJP4,Q96QD8,KLHL21,SLC38A2,0,2,0,0.4713425040245056,neural_pair_scorer_resmlp_focal,focal
E3|Q9UJT9|P01903,E3|Q9UJT9,E3,Q9UJT9,P01903,FBXL7,HLA-DRA,0,2,0,0.35351434350013733,neural_pair_scorer_resmlp_focal,focal
E3|Q9UJT9|O75473,E3|Q9UJT9,E3,Q9UJT9,O75473,FBXL7,LGR5,0,2,0,0.8883880972862244,neural_pair_scorer_resmlp_focal,focal
E3|Q9UJT9|Q9UM47,E3|Q9UJT9,E3,Q9UJT9,Q9UM47,FBXL7,NOTCH3,0,2,0,0.9839155077934265,neural_pair_scorer_resmlp_focal,focal
E3|Q9UJX6|O43175,E3|Q9UJX6,E3,Q9UJX6,O43175,ANAPC2,PHGDH,0,2,0,0.2242501825094223,neural_pair_scorer_resmlp_focal,focal
E3|Q9UJX6|Q9UBZ9,E3|Q9UJX6,E3,Q9UJX6,Q9UBZ9,ANAPC2,REV1,0,2,0,0.08190421015024185,neural_pair_scorer_resmlp_focal,focal
E3|Q9UKT8|P26038,E3|Q9UKT8,E3,Q9UKT8,P26038,FBXW2,MSN,0,2,0,0.22448116540908813,neural_pair_scorer_resmlp_focal,focal
E3|Q9UKT8|Q99816,E3|Q9UKT8,E3,Q9UKT8,Q99816,FBXW2,TSG101,0,2,0,0.9127259850502014,neural_pair_scorer_resmlp_focal,focal
E3|Q9UKT8|O15511,E3|Q9UKT8,E3,Q9UKT8,O15511,FBXW2,ARPC5,0,2,0,0.7449751496315002,neural_pair_scorer_resmlp_focal,focal
E3|Q9UKT8|Q9Y4L5,E3|Q9UKT8,E3,Q9UKT8,Q9Y4L5,FBXW2,RNF115,0,2,0,0.0994885116815567,neural_pair_scorer_resmlp_focal,focal
E3|Q9UKT8|Q9NR61,E3|Q9UKT8,E3,Q9UKT8,Q9NR61,FBXW2,DLL4,0,2,0,0.355336993932724,neural_pair_scorer_resmlp_focal,focal
E3|Q9UKT8|Q92985,E3|Q9UKT8,E3,Q9UKT8,Q92985,FBXW2,IRF7,0,2,0,0.9852168560028076,neural_pair_scorer_resmlp_focal,focal
E3|Q9UKT8|Q9NQR1,E3|Q9UKT8,E3,Q9UKT8,Q9NQR1,FBXW2,KMT5A,0,2,0,0.9810689091682434,neural_pair_scorer_resmlp_focal,focal
E3|Q9UKT8|P43694,E3|Q9UKT8,E3,Q9UKT8,P43694,FBXW2,GATA4,0,2,0,0.9408102035522461,neural_pair_scorer_resmlp_focal,focal
E3|Q9UM11|Q8IZG5,E3|Q9UM11,E3,Q9UM11,Q8IZG5,FZR1,SS18,0,2,0,0.2745284140110016,neural_pair_scorer_resmlp_focal,focal
E3|Q9UM11|P16471,E3|Q9UM11,E3,Q9UM11,P16471,FZR1,PRLR,0,2,0,0.8802438974380493,neural_pair_scorer_resmlp_focal,focal
E3|Q9UM11|P04233,E3|Q9UM11,E3,Q9UM11,P04233,FZR1,CD74,0,2,0,0.7663357853889465,neural_pair_scorer_resmlp_focal,focal
E3|Q9UM11|O00233,E3|Q9UM11,E3,Q9UM11,O00233,FZR1,PSMD9,0,2,0,0.9807400703430176,neural_pair_scorer_resmlp_focal,focal
E3|Q9UM11|Q95IE3,E3|Q9UM11,E3,Q9UM11,Q95IE3,FZR1,HLA-DRB1,0,2,0,0.11377407610416412,neural_pair_scorer_resmlp_focal,focal
E3|Q9UM11|P29965,E3|Q9UM11,E3,Q9UM11,P29965,FZR1,CD40LG,0,2,0,0.2108473926782608,neural_pair_scorer_resmlp_focal,focal
E3|Q9UM11|P08678,E3|Q9UM11,E3,Q9UM11,P08678,FZR1,CYR1,0,2,0,0.9602412581443787,neural_pair_scorer_resmlp_focal,focal
E3|Q9UM11|P62253,E3|Q9UM11,E3,Q9UM11,P62253,FZR1,UBE2G1,0,2,0,0.9597294926643372,neural_pair_scorer_resmlp_focal,focal
E3|Q9UM11|P61968,E3|Q9UM11,E3,Q9UM11,P61968,FZR1,LMO4,0,2,0,0.9150218367576599,neural_pair_scorer_resmlp_focal,focal
E3|Q9UM11|Q7L8J4,E3|Q9UM11,E3,Q9UM11,Q7L8J4,FZR1,SH3BP5L,0,2,0,0.9571527242660522,neural_pair_scorer_resmlp_focal,focal
E3|Q9UM11|Q13571,E3|Q9UM11,E3,Q9UM11,Q13571,FZR1,LAPTM5,0,2,0,0.09372278302907944,neural_pair_scorer_resmlp_focal,focal
E3|Q9UM11|P11686,E3|Q9UM11,E3,Q9UM11,P11686,FZR1,SFTPC,0,2,0,0.16670849919319153,neural_pair_scorer_resmlp_focal,focal
E3|Q9UM11|Q15388,E3|Q9UM11,E3,Q9UM11,Q15388,FZR1,TOMM20,0,2,0,0.4342484474182129,neural_pair_scorer_resmlp_focal,focal
E3|Q9UM11|O15399,E3|Q9UM11,E3,Q9UM11,O15399,FZR1,GRIN2D,0,2,0,0.22613616287708282,neural_pair_scorer_resmlp_focal,focal
E3|Q9UM11|Q9UNK0,E3|Q9UM11,E3,Q9UM11,Q9UNK0,FZR1,STX8,0,2,0,0.6544693112373352,neural_pair_scorer_resmlp_focal,focal
E3|Q9UM11|P10586,E3|Q9UM11,E3,Q9UM11,P10586,FZR1,PTPRF,0,2,0,0.14326103031635284,neural_pair_scorer_resmlp_focal,focal
E3|Q9UM11|O43561,E3|Q9UM11,E3,Q9UM11,O43561,FZR1,LAT,0,2,0,0.13731810450553894,neural_pair_scorer_resmlp_focal,focal
E3|Q9UM11|Q96LA5,E3|Q9UM11,E3,Q9UM11,Q96LA5,FZR1,FCRL2,0,2,0,0.12868180871009827,neural_pair_scorer_resmlp_focal,focal
E3|Q9UM11|Q30167,E3|Q9UM11,E3,Q9UM11,Q30167,FZR1,HLA-DRB1,0,2,0,0.11377407610416412,neural_pair_scorer_resmlp_focal,focal
E3|Q9UM11|Q8WU17,E3|Q9UM11,E3,Q9UM11,Q8WU17,FZR1,RNF139,0,2,0,0.04532995820045471,neural_pair_scorer_resmlp_focal,focal
E3|Q9UM11|Q15386,E3|Q9UM11,E3,Q9UM11,Q15386,FZR1,UBE3C,0,2,0,0.935943603515625,neural_pair_scorer_resmlp_focal,focal
E3|Q9UM11|F5HEZ4,E3|Q9UM11,E3,Q9UM11,F5HEZ4,FZR1,ORF71,0,2,0,0.2974521815776825,neural_pair_scorer_resmlp_focal,focal
E3|Q9UM11|Q13873,E3|Q9UM11,E3,Q9UM11,Q13873,FZR1,BMPR2,0,2,0,0.9039145112037659,neural_pair_scorer_resmlp_focal,focal
E3|Q9UM11|P55085,E3|Q9UM11,E3,Q9UM11,P55085,FZR1,F2RL1,0,2,0,0.07336679846048355,neural_pair_scorer_resmlp_focal,focal
E3|Q9UMS4|P19174,E3|Q9UMS4,E3,Q9UMS4,P19174,PRPF19,PLCG1,0,2,0,0.8651829361915588,neural_pair_scorer_resmlp_focal,focal
E3|Q9UMS4|P05777,E3|Q9UMS4,E3,Q9UMS4,P05777,PRPF19,M,0,2,0,0.2246522307395935,neural_pair_scorer_resmlp_focal,focal
E3|Q9UMS4|O15519,E3|Q9UMS4,E3,Q9UMS4,O15519,PRPF19,CFLAR,0,2,0,0.11816038191318512,neural_pair_scorer_resmlp_focal,focal
E3|Q9UNE7|Q8N8V4,E3|Q9UNE7,E3,Q9UNE7,Q8N8V4,STUB1,ANKS4B,0,2,0,0.2601047158241272,neural_pair_scorer_resmlp_focal,focal
E3|Q9UNE7|P03345,E3|Q9UNE7,E3,Q9UNE7,P03345,STUB1,gag,0,2,0,0.03928114101290703,neural_pair_scorer_resmlp_focal,focal
E3|Q9UNE7|Q9GIY3,E3|Q9UNE7,E3,Q9UNE7,Q9GIY3,STUB1,HLA-DRB1,0,2,0,0.05676012486219406,neural_pair_scorer_resmlp_focal,focal
E3|Q9UNE7|P17302,E3|Q9UNE7,E3,Q9UNE7,P17302,STUB1,GJA1,0,2,0,0.16496528685092926,neural_pair_scorer_resmlp_focal,focal
E3|Q9UNE7|Q8IZG5,E3|Q9UNE7,E3,Q9UNE7,Q8IZG5,STUB1,SS18,0,2,0,0.06457440555095673,neural_pair_scorer_resmlp_focal,focal
E3|Q9UNE7|P30304,E3|Q9UNE7,E3,Q9UNE7,P30304,STUB1,CDC25A,0,2,0,0.16716589033603668,neural_pair_scorer_resmlp_focal,focal
E3|Q9UNE7|P29965,E3|Q9UNE7,E3,Q9UNE7,P29965,STUB1,CD40LG,0,2,0,0.2198934555053711,neural_pair_scorer_resmlp_focal,focal
E3|Q9UNE7|Q9NRC1,E3|Q9UNE7,E3,Q9UNE7,Q9NRC1,STUB1,ST7,0,2,0,0.7742093205451965,neural_pair_scorer_resmlp_focal,focal
E3|Q9UNE7|Q6MZQ0,E3|Q9UNE7,E3,Q9UNE7,Q6MZQ0,STUB1,PRR5L,0,2,0,0.8250335454940796,neural_pair_scorer_resmlp_focal,focal
E3|Q9UNE7|P55061,E3|Q9UNE7,E3,Q9UNE7,P55061,STUB1,TMBIM6,0,2,0,0.4018714427947998,neural_pair_scorer_resmlp_focal,focal
E3|Q9UNE7|Q05586,E3|Q9UNE7,E3,Q9UNE7,Q05586,STUB1,GRIN1,0,2,0,0.8293262124061584,neural_pair_scorer_resmlp_focal,focal
E3|Q9UNE7|O00238,E3|Q9UNE7,E3,Q9UNE7,O00238,STUB1,BMPR1B,0,2,0,0.16582708060741425,neural_pair_scorer_resmlp_focal,focal
E3|Q9UNE7|P53805,E3|Q9UNE7,E3,Q9UNE7,P53805,STUB1,RCAN1,0,2,0,0.8741788268089294,neural_pair_scorer_resmlp_focal,focal
E3|Q9UNE7|P98155,E3|Q9UNE7,E3,Q9UNE7,P98155,STUB1,VLDLR,0,2,0,0.2739644944667816,neural_pair_scorer_resmlp_focal,focal
E3|Q9UNE7|P78543,E3|Q9UNE7,E3,Q9UNE7,P78543,STUB1,BTG2,0,2,0,0.6156482100486755,neural_pair_scorer_resmlp_focal,focal
E3|Q9UNE7|P20039,E3|Q9UNE7,E3,Q9UNE7,P20039,STUB1,HLA-DRB1,0,2,0,0.05676012486219406,neural_pair_scorer_resmlp_focal,focal
E3|Q9UNE7|P43005,E3|Q9UNE7,E3,Q9UNE7,P43005,STUB1,SLC1A1,0,2,0,0.6295648813247681,neural_pair_scorer_resmlp_focal,focal
E3|Q9UNE7|Q16875,E3|Q9UNE7,E3,Q9UNE7,Q16875,STUB1,PFKFB3,0,2,0,0.4645646810531616,neural_pair_scorer_resmlp_focal,focal
E3|Q9UNE7|Q99541,E3|Q9UNE7,E3,Q9UNE7,Q99541,STUB1,PLIN2,0,2,0,0.38462239503860474,neural_pair_scorer_resmlp_focal,focal
E3|Q9UNE7|Q16625,E3|Q9UNE7,E3,Q9UNE7,Q16625,STUB1,OCLN,0,2,0,0.32622775435447693,neural_pair_scorer_resmlp_focal,focal
E3|Q9UNE7|P13762,E3|Q9UNE7,E3,Q9UNE7,P13762,STUB1,HLA-DRB4,0,2,0,0.06634434312582016,neural_pair_scorer_resmlp_focal,focal
E3|Q9UNE7|P10586,E3|Q9UNE7,E3,Q9UNE7,P10586,STUB1,PTPRF,0,2,0,0.17307084798812866,neural_pair_scorer_resmlp_focal,focal
E3|Q9UNE7|Q02779,E3|Q9UNE7,E3,Q9UNE7,Q02779,STUB1,MAP3K10,0,2,0,0.1301826685667038,neural_pair_scorer_resmlp_focal,focal
E3|Q9UNE7|Q12913,E3|Q9UNE7,E3,Q9UNE7,Q12913,STUB1,PTPRJ,0,2,0,0.10904214531183243,neural_pair_scorer_resmlp_focal,focal
E3|Q9UNE7|P08514,E3|Q9UNE7,E3,Q9UNE7,P08514,STUB1,ITGA2B,0,2,0,0.22653944790363312,neural_pair_scorer_resmlp_focal,focal
E3|Q9UNE7|P60903,E3|Q9UNE7,E3,Q9UNE7,P60903,STUB1,S100A10,0,2,0,0.6396836638450623,neural_pair_scorer_resmlp_focal,focal
E3|Q9UNE7|Q15386,E3|Q9UNE7,E3,Q9UNE7,Q15386,STUB1,UBE3C,0,2,0,0.569220781326294,neural_pair_scorer_resmlp_focal,focal
E3|Q9UNE7|P78380,E3|Q9UNE7,E3,Q9UNE7,P78380,STUB1,OLR1,0,2,0,0.15011687576770782,neural_pair_scorer_resmlp_focal,focal
E3|Q9UNE7|P05556,E3|Q9UNE7,E3,Q9UNE7,P05556,STUB1,ITGB1,0,2,0,0.46081075072288513,neural_pair_scorer_resmlp_focal,focal
E3|Q9UNE7|Q29974,E3|Q9UNE7,E3,Q9UNE7,Q29974,STUB1,HLA-DRB1,0,2,0,0.05676012486219406,neural_pair_scorer_resmlp_focal,focal
E3|Q9UNE7|P35626,E3|Q9UNE7,E3,Q9UNE7,P35626,STUB1,ADRBK2,0,2,0,0.9355328679084778,neural_pair_scorer_resmlp_focal,focal
E3|Q9UNE7|Q9Y6W8,E3|Q9UNE7,E3,Q9UNE7,Q9Y6W8,STUB1,ICOS,0,2,0,0.19814202189445496,neural_pair_scorer_resmlp_focal,focal
E3|Q9UNE7|O95859,E3|Q9UNE7,E3,Q9UNE7,O95859,STUB1,TSPAN12,0,2,0,0.12227475643157959,neural_pair_scorer_resmlp_focal,focal
E3|Q9UNE7|Q9Y5Y9,E3|Q9UNE7,E3,Q9UNE7,Q9Y5Y9,STUB1,SCN10A,0,2,0,0.09383835643529892,neural_pair_scorer_resmlp_focal,focal
E3|Q9UNE7|Q9ULJ7,E3|Q9UNE7,E3,Q9UNE7,Q9ULJ7,STUB1,ANKRD50,0,2,0,0.1954154521226883,neural_pair_scorer_resmlp_focal,focal
E3|Q9UNE7|A0A1B0GVQ0,E3|Q9UNE7,E3,Q9UNE7,A0A1B0GVQ0,STUB1,SPAAR,0,2,0,0.12984834611415863,neural_pair_scorer_resmlp_focal,focal
E3|Q9UNE7|P01023,E3|Q9UNE7,E3,Q9UNE7,P01023,STUB1,A2M,0,2,0,0.43004900217056274,neural_pair_scorer_resmlp_focal,focal
E3|Q9UNE7|Q01638,E3|Q9UNE7,E3,Q9UNE7,Q01638,STUB1,IL1RL1,0,2,0,0.16681593656539917,neural_pair_scorer_resmlp_focal,focal
E3|Q9UNE7|P0C209,E3|Q9UNE7,E3,Q9UNE7,P0C209,STUB1,gag,0,2,0,0.03898896649479866,neural_pair_scorer_resmlp_focal,focal
E3|Q9UNE7|P41595,E3|Q9UNE7,E3,Q9UNE7,P41595,STUB1,HTR2B,0,2,0,0.15737898647785187,neural_pair_scorer_resmlp_focal,focal
E3|Q9UNE7|O00459,E3|Q9UNE7,E3,Q9UNE7,O00459,STUB1,PIK3R2,0,2,0,0.8771136403083801,neural_pair_scorer_resmlp_focal,focal
E3|Q9UNE7|P40189,E3|Q9UNE7,E3,Q9UNE7,P40189,STUB1,IL6ST,0,2,0,0.25279226899147034,neural_pair_scorer_resmlp_focal,focal
E3|Q9UNE7|Q9BRJ6,E3|Q9UNE7,E3,Q9UNE7,Q9BRJ6,STUB1,C7orf50,0,2,0,0.437804251909256,neural_pair_scorer_resmlp_focal,focal
E3|Q9UNL4|A9UEZ6,E3|Q9UNL4,E3,Q9UNL4,A9UEZ6,ING4,BCR/ABL fusion,0,2,0,0.24206328392028809,neural_pair_scorer_resmlp_focal,focal
E3|Q9Y314|Q13233,E3|Q9Y314,E3,Q9Y314,Q13233,NOSIP,MAP3K1,0,2,0,0.3261570334434509,neural_pair_scorer_resmlp_focal,focal
E3|Q9Y314|Q9HBA0,E3|Q9Y314,E3,Q9Y314,Q9HBA0,NOSIP,TRPV4,0,2,0,0.20491214096546173,neural_pair_scorer_resmlp_focal,focal
E3|Q9Y4K3|P26006,E3|Q9Y4K3,E3,Q9Y4K3,P26006,TRAF6,ITGA3,0,2,0,0.11609578877687454,neural_pair_scorer_resmlp_focal,focal
E3|Q9Y4K3|A9UEZ6,E3|Q9Y4K3,E3,Q9Y4K3,A9UEZ6,TRAF6,BCR/ABL fusion,0,2,0,0.3253612816333771,neural_pair_scorer_resmlp_focal,focal
E3|Q9Y4K3|Q9UQK1,E3|Q9Y4K3,E3,Q9Y4K3,Q9UQK1,TRAF6,PPP1R3C,0,2,0,0.26947057247161865,neural_pair_scorer_resmlp_focal,focal
E3|Q9Y4K3|P07333,E3|Q9Y4K3,E3,Q9Y4K3,P07333,TRAF6,CSF1R,0,2,0,0.35050803422927856,neural_pair_scorer_resmlp_focal,focal
E3|Q9Y4K3|Q8N6M0,E3|Q9Y4K3,E3,Q9Y4K3,Q8N6M0,TRAF6,OTUD6B,0,2,0,0.767318606376648,neural_pair_scorer_resmlp_focal,focal
E3|Q9Y4K3|Q9NV92,E3|Q9Y4K3,E3,Q9Y4K3,Q9NV92,TRAF6,NDFIP2,0,2,0,0.21571603417396545,neural_pair_scorer_resmlp_focal,focal
E3|Q9Y4K3|Q92813,E3|Q9Y4K3,E3,Q9Y4K3,Q92813,TRAF6,DIO2,0,2,0,0.8460033535957336,neural_pair_scorer_resmlp_focal,focal
E3|Q9Y4K3|P01130,E3|Q9Y4K3,E3,Q9Y4K3,P01130,TRAF6,LDLR,0,2,0,0.15404166281223297,neural_pair_scorer_resmlp_focal,focal
E3|Q9Y4K3|O95502,E3|Q9Y4K3,E3,Q9Y4K3,O95502,TRAF6,NPTXR,0,2,0,0.088706374168396,neural_pair_scorer_resmlp_focal,focal
E3|Q9Y4K3|P40189,E3|Q9Y4K3,E3,Q9Y4K3,P40189,TRAF6,IL6ST,0,2,0,0.45801910758018494,neural_pair_scorer_resmlp_focal,focal
E3|Q9Y4K3|Q8NBJ4,E3|Q9Y4K3,E3,Q9Y4K3,Q8NBJ4,TRAF6,GOLM1,0,2,0,0.5296481251716614,neural_pair_scorer_resmlp_focal,focal
E3|Q9Y4K3|Q95IE3,E3|Q9Y4K3,E3,Q9Y4K3,Q95IE3,TRAF6,HLA-DRB1,0,2,0,0.02370855025947094,neural_pair_scorer_resmlp_focal,focal
E3|Q9Y4K3|P22455,E3|Q9Y4K3,E3,Q9Y4K3,P22455,TRAF6,FGFR4,0,2,0,0.4481290280818939,neural_pair_scorer_resmlp_focal,focal
E3|Q9Y4K3|Q13571,E3|Q9Y4K3,E3,Q9Y4K3,Q13571,TRAF6,LAPTM5,0,2,0,0.14695875346660614,neural_pair_scorer_resmlp_focal,focal
E3|Q9Y4K3|Q01151,E3|Q9Y4K3,E3,Q9Y4K3,Q01151,TRAF6,CD83,0,2,0,0.0653955489397049,neural_pair_scorer_resmlp_focal,focal
E3|Q9Y4K3|P29322,E3|Q9Y4K3,E3,Q9Y4K3,P29322,TRAF6,EPHA8,0,2,0,0.5596209168434143,neural_pair_scorer_resmlp_focal,focal
DUB|O94782|O14640,DUB|O94782,DUB,O94782,O14640,USP1,DVL1,0,2,0,0.8050613403320312,neural_pair_scorer_resmlp_focal,focal
DUB|O94782|O43353,DUB|O94782,DUB,O94782,O43353,USP1,RIPK2,0,2,0,0.8311450481414795,neural_pair_scorer_resmlp_focal,focal
DUB|O94782|Q15465,DUB|O94782,DUB,O94782,Q15465,USP1,SHH,0,2,0,0.09695529192686081,neural_pair_scorer_resmlp_focal,focal
DUB|O94782|P42773,DUB|O94782,DUB,O94782,P42773,USP1,CDKN2C,0,2,0,0.08165334910154343,neural_pair_scorer_resmlp_focal,focal
DUB|O94782|Q86YR5,DUB|O94782,DUB,O94782,Q86YR5,USP1,GPSM1,0,2,0,0.48597410321235657,neural_pair_scorer_resmlp_focal,focal
DUB|O94782|Q8N4S9,DUB|O94782,DUB,O94782,Q8N4S9,USP1,MARVELD2,0,2,0,0.11432328075170517,neural_pair_scorer_resmlp_focal,focal
DUB|O94782|Q9Y577,DUB|O94782,DUB,O94782,Q9Y577,USP1,TRIM17,0,2,0,0.09765534847974777,neural_pair_scorer_resmlp_focal,focal
DUB|P35125|P27694,DUB|P35125,DUB,P35125,P27694,USP6,RPA1,0,2,0,0.9074575901031494,neural_pair_scorer_resmlp_focal,focal
DUB|P35125|O43684,DUB|P35125,DUB,P35125,O43684,USP6,BUB3,0,2,0,0.9507367610931396,neural_pair_scorer_resmlp_focal,focal
DUB|P45974|Q9HA47,DUB|P45974,DUB,P45974,Q9HA47,USP5,UCK1,0,2,0,0.23012331128120422,neural_pair_scorer_resmlp_focal,focal
DUB|P45974|P36897,DUB|P45974,DUB,P45974,P36897,USP5,TGFBR1,0,2,0,0.4481430947780609,neural_pair_scorer_resmlp_focal,focal
DUB|P45974|Q96RJ0,DUB|P45974,DUB,P45974,Q96RJ0,USP5,TAAR1,0,2,0,0.7420153617858887,neural_pair_scorer_resmlp_focal,focal
DUB|P45974|Q8IVP5,DUB|P45974,DUB,P45974,Q8IVP5,USP5,FUNDC1,0,2,0,0.22362107038497925,neural_pair_scorer_resmlp_focal,focal
DUB|P51784|P04179,DUB|P51784,DUB,P51784,P04179,USP11,SOD2,0,2,0,0.2046445906162262,neural_pair_scorer_resmlp_focal,focal
DUB|P51784|Q04771,DUB|P51784,DUB,P51784,Q04771,USP11,ACVR1,0,2,0,0.8363839983940125,neural_pair_scorer_resmlp_focal,focal
DUB|P51784|O15519,DUB|P51784,DUB,P51784,O15519,USP11,CFLAR,0,2,0,0.22897367179393768,neural_pair_scorer_resmlp_focal,focal
DUB|P51784|Q9UBS5,DUB|P51784,DUB,P51784,Q9UBS5,USP11,GABBR1,0,2,0,0.6977350115776062,neural_pair_scorer_resmlp_focal,focal
DUB|P51784|Q92819,DUB|P51784,DUB,P51784,Q92819,USP11,HAS2,0,2,0,0.4054456949234009,neural_pair_scorer_resmlp_focal,focal
DUB|P51784|P14780,DUB|P51784,DUB,P51784,P14780,USP11,MMP9,0,2,0,0.3683392107486725,neural_pair_scorer_resmlp_focal,focal
DUB|P51784|P18084,DUB|P51784,DUB,P51784,P18084,USP11,ITGB5,0,2,0,0.3896803557872772,neural_pair_scorer_resmlp_focal,focal
DUB|P51784|P33981,DUB|P51784,DUB,P51784,P33981,USP11,TTK,0,2,0,0.8905432224273682,neural_pair_scorer_resmlp_focal,focal
DUB|P51784|A2AIR5,DUB|P51784,DUB,P51784,A2AIR5,USP11,Grin3a,0,2,0,0.11332190781831741,neural_pair_scorer_resmlp_focal,focal
DUB|P51784|Q4U2R8,DUB|P51784,DUB,P51784,Q4U2R8,USP11,SLC22A6,0,2,0,0.6839172840118408,neural_pair_scorer_resmlp_focal,focal
DUB|P51784|Q8WTU0,DUB|P51784,DUB,P51784,Q8WTU0,USP11,DDI1,0,2,0,0.9468822479248047,neural_pair_scorer_resmlp_focal,focal
DUB|P51784|P10145,DUB|P51784,DUB,P51784,P10145,USP11,CXCL8,0,2,0,0.10771197080612183,neural_pair_scorer_resmlp_focal,focal
DUB|P51784|Q12809,DUB|P51784,DUB,P51784,Q12809,USP11,KCNH2,0,2,0,0.1913437396287918,neural_pair_scorer_resmlp_focal,focal
DUB|P51784|Q8IVP5,DUB|P51784,DUB,P51784,Q8IVP5,USP11,FUNDC1,0,2,0,0.699027955532074,neural_pair_scorer_resmlp_focal,focal
DUB|Q13107|O15519,DUB|Q13107,DUB,Q13107,O15519,USP4,CFLAR,0,2,0,0.35394009947776794,neural_pair_scorer_resmlp_focal,focal
DUB|Q13107|P04234,DUB|Q13107,DUB,Q13107,P04234,USP4,CD3D,0,2,0,0.20987844467163086,neural_pair_scorer_resmlp_focal,focal
DUB|Q13107|Q96RJ0,DUB|Q13107,DUB,Q13107,Q96RJ0,USP4,TAAR1,0,2,0,0.6599920988082886,neural_pair_scorer_resmlp_focal,focal
DUB|Q13107|O43521,DUB|Q13107,DUB,Q13107,O43521,USP4,BCL2L11,0,2,0,0.9186948537826538,neural_pair_scorer_resmlp_focal,focal
DUB|Q13107|Q04771,DUB|Q13107,DUB,Q13107,Q04771,USP4,ACVR1,0,2,0,0.8632758855819702,neural_pair_scorer_resmlp_focal,focal
DUB|Q13107|Q16625,DUB|Q13107,DUB,Q13107,Q16625,USP4,OCLN,0,2,0,0.11766234785318375,neural_pair_scorer_resmlp_focal,focal
DUB|Q13107|Q9Y570,DUB|Q13107,DUB,Q13107,Q9Y570,USP4,PPME1,0,2,0,0.9275402426719666,neural_pair_scorer_resmlp_focal,focal
DUB|Q13107|P36894,DUB|Q13107,DUB,Q13107,P36894,USP4,BMPR1A,0,2,0,0.8486436009407043,neural_pair_scorer_resmlp_focal,focal
DUB|Q13107|O95180,DUB|Q13107,DUB,Q13107,O95180,USP4,CACNA1H,0,2,0,0.18577240407466888,neural_pair_scorer_resmlp_focal,focal
DUB|Q13107|P04179,DUB|Q13107,DUB,Q13107,P04179,USP4,SOD2,0,2,0,0.574073076248169,neural_pair_scorer_resmlp_focal,focal
DUB|Q13107|O14737,DUB|Q13107,DUB,Q13107,O14737,USP4,PDCD5,0,2,0,0.7361730933189392,neural_pair_scorer_resmlp_focal,focal
DUB|Q14694|P08069,DUB|Q14694,DUB,Q14694,P08069,USP10,IGF1R,0,2,0,0.6535897850990295,neural_pair_scorer_resmlp_focal,focal
DUB|Q14694|Q96RJ0,DUB|Q14694,DUB,Q14694,Q96RJ0,USP10,TAAR1,0,2,0,0.549426257610321,neural_pair_scorer_resmlp_focal,focal
DUB|Q14694|A0A291NLA3,DUB|Q14694,DUB,Q14694,A0A291NLA3,USP10,SIGIRR,0,2,0,0.06793477386236191,neural_pair_scorer_resmlp_focal,focal
DUB|Q14694|Q02246,DUB|Q14694,DUB,Q14694,Q02246,USP10,CNTN2,0,2,0,0.2861994802951813,neural_pair_scorer_resmlp_focal,focal
DUB|Q14694|Q8N4S9,DUB|Q14694,DUB,Q14694,Q8N4S9,USP10,MARVELD2,0,2,0,0.256560742855072,neural_pair_scorer_resmlp_focal,focal
DUB|Q14694|P08581,DUB|Q14694,DUB,Q14694,P08581,USP10,MET,0,2,0,0.09505333006381989,neural_pair_scorer_resmlp_focal,focal
DUB|Q14694|P36897,DUB|Q14694,DUB,Q14694,P36897,USP10,TGFBR1,0,2,0,0.19959448277950287,neural_pair_scorer_resmlp_focal,focal
DUB|Q14694|O15554,DUB|Q14694,DUB,Q14694,O15554,USP10,KCNN4,0,2,0,0.05635683611035347,neural_pair_scorer_resmlp_focal,focal
DUB|Q14694|P36894,DUB|Q14694,DUB,Q14694,P36894,USP10,BMPR1A,0,2,0,0.10758974403142929,neural_pair_scorer_resmlp_focal,focal
DUB|Q14694|Q15388,DUB|Q14694,DUB,Q14694,Q15388,USP10,TOMM20,0,2,0,0.19123394787311554,neural_pair_scorer_resmlp_focal,focal
DUB|Q14694|P37023,DUB|Q14694,DUB,Q14694,P37023,USP10,ACVRL1,0,2,0,0.07487525790929794,neural_pair_scorer_resmlp_focal,focal
DUB|Q14694|Q96JA1,DUB|Q14694,DUB,Q14694,Q96JA1,USP10,LRIG1,0,2,0,0.14344176650047302,neural_pair_scorer_resmlp_focal,focal
DUB|Q14694|P04234,DUB|Q14694,DUB,Q14694,P04234,USP10,CD3D,0,2,0,0.43631821870803833,neural_pair_scorer_resmlp_focal,focal
DUB|Q14694|P26927,DUB|Q14694,DUB,Q14694,P26927,USP10,MST1,0,2,0,0.03810519352555275,neural_pair_scorer_resmlp_focal,focal
DUB|Q14694|O95180,DUB|Q14694,DUB,Q14694,O95180,USP10,CACNA1H,0,2,0,0.12568674981594086,neural_pair_scorer_resmlp_focal,focal
DUB|Q70CQ2|P12004,DUB|Q70CQ2,DUB,Q70CQ2,P12004,USP34,PCNA,0,2,0,0.9656080603599548,neural_pair_scorer_resmlp_focal,focal
DUB|Q70CQ2|Q13546,DUB|Q70CQ2,DUB,Q70CQ2,Q13546,USP34,RIPK1,0,2,0,0.9795432090759277,neural_pair_scorer_resmlp_focal,focal
DUB|Q70CQ2|Q05586,DUB|Q70CQ2,DUB,Q70CQ2,Q05586,USP34,GRIN1,0,2,0,0.6621760725975037,neural_pair_scorer_resmlp_focal,focal
DUB|Q70CQ2|P53350,DUB|Q70CQ2,DUB,Q70CQ2,P53350,USP34,PLK1,0,2,0,0.9806906580924988,neural_pair_scorer_resmlp_focal,focal
DUB|Q70CQ2|Q9HA47,DUB|Q70CQ2,DUB,Q70CQ2,Q9HA47,USP34,UCK1,0,2,0,0.8606024384498596,neural_pair_scorer_resmlp_focal,focal
DUB|Q70CQ2|Q9UMS4,DUB|Q70CQ2,DUB,Q70CQ2,Q9UMS4,USP34,PRPF19,0,2,0,0.854105532169342,neural_pair_scorer_resmlp_focal,focal
DUB|Q70CQ2|Q15051,DUB|Q70CQ2,DUB,Q70CQ2,Q15051,USP34,IQCB1,0,2,0,0.9086359739303589,neural_pair_scorer_resmlp_focal,focal
DUB|Q70CQ2|P53396,DUB|Q70CQ2,DUB,Q70CQ2,P53396,USP34,ACLY,0,2,0,0.37110549211502075,neural_pair_scorer_resmlp_focal,focal
DUB|Q92905|P37023,DUB|Q92905,DUB,Q92905,P37023,COPS5,ACVRL1,0,2,0,0.8828054666519165,neural_pair_scorer_resmlp_focal,focal
DUB|Q92905|P04179,DUB|Q92905,DUB,Q92905,P04179,COPS5,SOD2,0,2,0,0.29115545749664307,neural_pair_scorer_resmlp_focal,focal
DUB|Q96F44|P05231,DUB|Q96F44,DUB,Q96F44,P05231,TRIM11,IL6,0,2,0,0.2505618631839752,neural_pair_scorer_resmlp_focal,focal
DUB|Q96G74|O75581,DUB|Q96G74,DUB,Q96G74,O75581,OTUD5,LRP6,0,2,0,0.6027790307998657,neural_pair_scorer_resmlp_focal,focal
DUB|Q96G74|Q9Y4H2,DUB|Q96G74,DUB,Q96G74,Q9Y4H2,OTUD5,IRS2,0,2,0,0.8208976984024048,neural_pair_scorer_resmlp_focal,focal
DUB|Q96G74|Q8IWA4,DUB|Q96G74,DUB,Q96G74,Q8IWA4,OTUD5,MFN1,0,2,0,0.10591411590576172,neural_pair_scorer_resmlp_focal,focal
DUB|Q96G74|P30304,DUB|Q96G74,DUB,Q96G74,P30304,OTUD5,CDC25A,0,2,0,0.04911443963646889,neural_pair_scorer_resmlp_focal,focal
DUB|Q96G74|Q99259,DUB|Q96G74,DUB,Q96G74,Q99259,OTUD5,GAD1,0,2,0,0.8356249928474426,neural_pair_scorer_resmlp_focal,focal
DUB|Q96G74|P18084,DUB|Q96G74,DUB,Q96G74,P18084,OTUD5,ITGB5,0,2,0,0.06883655488491058,neural_pair_scorer_resmlp_focal,focal
DUB|Q96G74|O43353,DUB|Q96G74,DUB,Q96G74,O43353,OTUD5,RIPK2,0,2,0,0.8350605368614197,neural_pair_scorer_resmlp_focal,focal
DUB|Q96G74|P05556,DUB|Q96G74,DUB,Q96G74,P05556,OTUD5,ITGB1,0,2,0,0.7068960070610046,neural_pair_scorer_resmlp_focal,focal
DUB|Q96G74|Q86TM6,DUB|Q96G74,DUB,Q96G74,Q86TM6,OTUD5,SYVN1,0,2,0,0.09711955487728119,neural_pair_scorer_resmlp_focal,focal
DUB|Q96G74|Q13635,DUB|Q96G74,DUB,Q96G74,Q13635,OTUD5,PTCH1,0,2,0,0.09930900484323502,neural_pair_scorer_resmlp_focal,focal
DUB|Q96G74|O75143,DUB|Q96G74,DUB,Q96G74,O75143,OTUD5,ATG13,0,2,0,0.7010252475738525,neural_pair_scorer_resmlp_focal,focal
DUB|Q96K76|Q8NAP3,DUB|Q96K76,DUB,Q96K76,Q8NAP3,USP47,ZBTB38,0,2,0,0.3566346764564514,neural_pair_scorer_resmlp_focal,focal
DUB|Q96K76|P04179,DUB|Q96K76,DUB,Q96K76,P04179,USP47,SOD2,0,2,0,0.07612883299589157,neural_pair_scorer_resmlp_focal,focal
DUB|Q96K76|P37023,DUB|Q96K76,DUB,Q96K76,P37023,USP47,ACVRL1,0,2,0,0.09939268976449966,neural_pair_scorer_resmlp_focal,focal
DUB|Q96K76|P23759,DUB|Q96K76,DUB,Q96K76,P23759,USP47,PAX7,0,2,0,0.6230890154838562,neural_pair_scorer_resmlp_focal,focal
DUB|Q9HBJ7|Q08050,DUB|Q9HBJ7,DUB,Q9HBJ7,Q08050,USP29,FOXM1,0,2,0,0.9780922532081604,neural_pair_scorer_resmlp_focal,focal
DUB|Q9UPU5|O14965,DUB|Q9UPU5,DUB,Q9UPU5,O14965,USP24,AURKA,0,2,0,0.9839655160903931,neural_pair_scorer_resmlp_focal,focal
DUB|Q9UPU5|Q8IYW5,DUB|Q9UPU5,DUB,Q9UPU5,Q8IYW5,USP24,RNF168,0,2,0,0.9469177722930908,neural_pair_scorer_resmlp_focal,focal
DUB|Q9UPU5|Q9NYV9,DUB|Q9UPU5,DUB,Q9UPU5,Q9NYV9,USP24,TAS2R13,0,2,0,0.7641304731369019,neural_pair_scorer_resmlp_focal,focal
DUB|Q9UPU5|P33981,DUB|Q9UPU5,DUB,Q9UPU5,P33981,USP24,TTK,0,2,0,0.9409050345420837,neural_pair_scorer_resmlp_focal,focal
DUB|Q9UPU5|O60885,DUB|Q9UPU5,DUB,Q9UPU5,O60885,USP24,BRD4,0,2,0,0.6157196164131165,neural_pair_scorer_resmlp_focal,focal
DUB|Q9UPU5|P04179,DUB|Q9UPU5,DUB,Q9UPU5,P04179,USP24,SOD2,0,2,0,0.1346263587474823,neural_pair_scorer_resmlp_focal,focal
E3|A8MQ27|O00548,E3|A8MQ27,E3,A8MQ27,O00548,NEURL1B,DLL1,1,3,1,0.5234066843986511,neural_pair_scorer_resmlp_focal,focal
E3|A8MQ27|Q9NR61,E3|A8MQ27,E3,A8MQ27,Q9NR61,NEURL1B,DLL4,1,3,1,0.5199840664863586,neural_pair_scorer_resmlp_focal,focal
E3|A8MQ27|Q9NYJ7,E3|A8MQ27,E3,A8MQ27,Q9NYJ7,NEURL1B,DLL3,1,3,1,0.8124287724494934,neural_pair_scorer_resmlp_focal,focal
E3|A8MQ27|Q9UNE0,E3|A8MQ27,E3,A8MQ27,Q9UNE0,NEURL1B,EDAR,1,3,1,0.03164724260568619,neural_pair_scorer_resmlp_focal,focal
E3|O14512|O75553,E3|O14512,E3,O14512,O75553,SOCS7,DAB1,1,3,1,0.9091376662254333,neural_pair_scorer_resmlp_focal,focal
E3|O15164|P04637,E3|O15164,E3,O15164,P04637,TRIM24,TP53,1,3,1,0.9984065890312195,neural_pair_scorer_resmlp_focal,focal
E3|O15164|Q13114,E3|O15164,E3,O15164,Q13114,TRIM24,TRAF3,1,3,1,0.9981632828712463,neural_pair_scorer_resmlp_focal,focal
E3|O43164|O43164,E3|O43164,E3,O43164,O43164,PJA2,PJA2,1,3,1,0.9959635734558105,neural_pair_scorer_resmlp_focal,focal
E3|O43164|P10644,E3|O43164,E3,O43164,P10644,PJA2,PRKAR1A,1,3,1,0.6819935441017151,neural_pair_scorer_resmlp_focal,focal
E3|O43164|P13861,E3|O43164,E3,O43164,P13861,PJA2,PRKAR2A,1,3,1,0.033793531358242035,neural_pair_scorer_resmlp_focal,focal
E3|O43164|P31321,E3|O43164,E3,O43164,P31321,PJA2,PRKAR1B,1,3,1,0.77981036901474,neural_pair_scorer_resmlp_focal,focal
E3|O43164|P31323,E3|O43164,E3,O43164,P31323,PJA2,PRKAR2B,1,3,1,0.10912821441888809,neural_pair_scorer_resmlp_focal,focal
E3|O43164|Q8IVT5,E3|O43164,E3,O43164,Q8IVT5,PJA2,KSR1,1,3,1,0.02563263475894928,neural_pair_scorer_resmlp_focal,focal
E3|O43164|Q9Y4C4,E3|O43164,E3,O43164,Q9Y4C4,PJA2,MFHAS1,1,3,1,0.06415559351444244,neural_pair_scorer_resmlp_focal,focal
E3|O43255|O14974,E3|O43255,E3,O43255,O14974,SIAH2,PPP1R12A,1,3,1,0.9304260611534119,neural_pair_scorer_resmlp_focal,focal
E3|O43255|O15379,E3|O43255,E3,O43255,O15379,SIAH2,HDAC3,1,3,1,0.8528303503990173,neural_pair_scorer_resmlp_focal,focal
E3|O43255|O43597,E3|O43255,E3,O43255,O43597,SIAH2,SPRY2,1,3,1,0.10323280096054077,neural_pair_scorer_resmlp_focal,focal
E3|O43255|O75376,E3|O43255,E3,O43255,O75376,SIAH2,NCOR1,1,3,1,0.9810388088226318,neural_pair_scorer_resmlp_focal,focal
E3|O43255|O75925,E3|O43255,E3,O43255,O75925,SIAH2,PIAS1,1,3,1,0.9925119876861572,neural_pair_scorer_resmlp_focal,focal
E3|O43255|O96017,E3|O43255,E3,O43255,O96017,SIAH2,CHEK2,1,3,1,0.9956721067428589,neural_pair_scorer_resmlp_focal,focal
E3|O43255|P04637,E3|O43255,E3,O43255,P04637,SIAH2,TP53,1,3,1,0.9968151450157166,neural_pair_scorer_resmlp_focal,focal
E3|O43255|P08247,E3|O43255,E3,O43255,P08247,SIAH2,SYP,1,3,1,0.9318575859069824,neural_pair_scorer_resmlp_focal,focal
E3|O43255|P10275,E3|O43255,E3,O43255,P10275,SIAH2,AR,1,3,1,0.9804818034172058,neural_pair_scorer_resmlp_focal,focal
E3|O43255|P29590,E3|O43255,E3,O43255,P29590,SIAH2,PML,1,3,1,0.9900813698768616,neural_pair_scorer_resmlp_focal,focal
E3|O43255|P37231,E3|O43255,E3,O43255,P37231,SIAH2,PPARG,1,3,1,0.9956470131874084,neural_pair_scorer_resmlp_focal,focal
E3|O43255|P37275,E3|O43255,E3,O43255,P37275,SIAH2,ZEB1,1,3,1,0.9964728951454163,neural_pair_scorer_resmlp_focal,focal
E3|O43255|P37840,E3|O43255,E3,O43255,P37840,SIAH2,SNCA,1,3,1,0.9852854609489441,neural_pair_scorer_resmlp_focal,focal
E3|O43255|P43146,E3|O43255,E3,O43255,P43146,SIAH2,DCC,1,3,1,0.875003457069397,neural_pair_scorer_resmlp_focal,focal
E3|O43255|P46527,E3|O43255,E3,O43255,P46527,SIAH2,CDKN1B,1,3,1,0.9911509156227112,neural_pair_scorer_resmlp_focal,focal
E3|O43255|P55036,E3|O43255,E3,O43255,P55036,SIAH2,PSMD4,1,3,1,0.9776982665061951,neural_pair_scorer_resmlp_focal,focal
E3|O43255|Q12933,E3|O43255,E3,O43255,Q12933,SIAH2,TRAF2,1,3,1,0.9935494065284729,neural_pair_scorer_resmlp_focal,focal
E3|O43255|Q13625,E3|O43255,E3,O43255,Q13625,SIAH2,TP53BP2,1,3,1,0.9262863993644714,neural_pair_scorer_resmlp_focal,focal
E3|O43255|Q16633,E3|O43255,E3,O43255,Q16633,SIAH2,POU2AF1,1,3,1,0.9828379154205322,neural_pair_scorer_resmlp_focal,focal
E3|O43255|Q16656,E3|O43255,E3,O43255,Q16656,SIAH2,NRF1,1,3,1,0.9861933588981628,neural_pair_scorer_resmlp_focal,focal
E3|O43255|Q16665,E3|O43255,E3,O43255,Q16665,SIAH2,HIF1A,1,3,1,0.9884871244430542,neural_pair_scorer_resmlp_focal,focal
E3|O43255|Q92630,E3|O43255,E3,O43255,Q92630,SIAH2,DYRK2,1,3,1,0.9706289172172546,neural_pair_scorer_resmlp_focal,focal
E3|O43255|Q92667,E3|O43255,E3,O43255,Q92667,SIAH2,AKAP1,1,3,1,0.9234173893928528,neural_pair_scorer_resmlp_focal,focal
E3|O43255|Q92844,E3|O43255,E3,O43255,Q92844,SIAH2,TANK,1,3,1,0.3265705406665802,neural_pair_scorer_resmlp_focal,focal
E3|O43255|Q96B97,E3|O43255,E3,O43255,Q96B97,SIAH2,SH3KBP1,1,3,1,0.9922164678573608,neural_pair_scorer_resmlp_focal,focal
E3|O43255|Q96KS0,E3|O43255,E3,O43255,Q96KS0,SIAH2,EGLN2,1,3,1,0.9347540140151978,neural_pair_scorer_resmlp_focal,focal
E3|O43255|Q99933,E3|O43255,E3,O43255,Q99933,SIAH2,BAG1,1,3,1,0.9715632200241089,neural_pair_scorer_resmlp_focal,focal
E3|O43255|Q9BQF6,E3|O43255,E3,O43255,Q9BQF6,SIAH2,SENP7,1,3,1,0.42627274990081787,neural_pair_scorer_resmlp_focal,focal
E3|O43255|Q9BSI4,E3|O43255,E3,O43255,Q9BSI4,SIAH2,TINF2,1,3,1,0.5007257461547852,neural_pair_scorer_resmlp_focal,focal
E3|O43255|Q9GZT9,E3|O43255,E3,O43255,Q9GZT9,SIAH2,EGLN1,1,3,1,0.9897536039352417,neural_pair_scorer_resmlp_focal,focal
E3|O43255|Q9H6Z9,E3|O43255,E3,O43255,Q9H6Z9,SIAH2,EGLN3,1,3,1,0.9310239553451538,neural_pair_scorer_resmlp_focal,focal
E3|O43255|Q9NRM7,E3|O43255,E3,O43255,Q9NRM7,SIAH2,LATS2,1,3,1,0.9391363263130188,neural_pair_scorer_resmlp_focal,focal
E3|O43255|Q9NS87,E3|O43255,E3,O43255,Q9NS87,SIAH2,KIF15,1,3,1,0.8569861650466919,neural_pair_scorer_resmlp_focal,focal
E3|O43255|Q9P212,E3|O43255,E3,O43255,Q9P212,SIAH2,PLCE1,1,3,1,0.8736236691474915,neural_pair_scorer_resmlp_focal,focal
E3|O43255|Q9Y6H5,E3|O43255,E3,O43255,Q9Y6H5,SIAH2,SNCAIP,1,3,1,0.9857739210128784,neural_pair_scorer_resmlp_focal,focal
E3|O43791|O00330,E3|O43791,E3,O43791,O00330,SPOP,PDHX,1,3,1,0.06008250638842583,neural_pair_scorer_resmlp_focal,focal
E3|O43791|O15164,E3|O43791,E3,O43791,O15164,SPOP,TRIM24,1,3,1,0.758240282535553,neural_pair_scorer_resmlp_focal,focal
E3|O43791|O60885,E3|O43791,E3,O43791,O60885,SPOP,BRD4,1,3,1,0.810323178768158,neural_pair_scorer_resmlp_focal,focal
E3|O43791|O75367,E3|O43791,E3,O43791,O75367,SPOP,MACROH2A1,1,3,1,0.7184399366378784,neural_pair_scorer_resmlp_focal,focal
E3|O43791|O95835,E3|O43791,E3,O43791,O95835,SPOP,LATS1,1,3,1,0.8861427903175354,neural_pair_scorer_resmlp_focal,focal
E3|O43791|P03372,E3|O43791,E3,O43791,P03372,SPOP,ESR1,1,3,1,0.9695608019828796,neural_pair_scorer_resmlp_focal,focal
E3|O43791|P05412,E3|O43791,E3,O43791,P05412,SPOP,JUN,1,3,1,0.9567030668258667,neural_pair_scorer_resmlp_focal,focal
E3|O43791|P06401,E3|O43791,E3,O43791,P06401,SPOP,PGR,1,3,1,0.9509381055831909,neural_pair_scorer_resmlp_focal,focal
E3|O43791|P08151,E3|O43791,E3,O43791,P08151,SPOP,GLI1,1,3,1,0.9837923049926758,neural_pair_scorer_resmlp_focal,focal
E3|O43791|P10070,E3|O43791,E3,O43791,P10070,SPOP,GLI2,1,3,1,0.9716424345970154,neural_pair_scorer_resmlp_focal,focal
E3|O43791|P10071,E3|O43791,E3,O43791,P10071,SPOP,GLI3,1,3,1,0.9802711009979248,neural_pair_scorer_resmlp_focal,focal
E3|O43791|P10275,E3|O43791,E3,O43791,P10275,SPOP,AR,1,3,1,0.980726420879364,neural_pair_scorer_resmlp_focal,focal
E3|O43791|P11308,E3|O43791,E3,O43791,P11308,SPOP,ERG,1,3,1,0.9409712553024292,neural_pair_scorer_resmlp_focal,focal
E3|O43791|P24864,E3|O43791,E3,O43791,P24864,SPOP,CCNE1,1,3,1,0.533921480178833,neural_pair_scorer_resmlp_focal,focal
E3|O43791|P25440,E3|O43791,E3,O43791,P25440,SPOP,BRD2,1,3,1,0.9081302285194397,neural_pair_scorer_resmlp_focal,focal
E3|O43791|P35226,E3|O43791,E3,O43791,P35226,SPOP,BMI1,1,3,1,0.9703847169876099,neural_pair_scorer_resmlp_focal,focal
E3|O43791|P35659,E3|O43791,E3,O43791,P35659,SPOP,DEK,1,3,1,0.5853531956672668,neural_pair_scorer_resmlp_focal,focal
E3|O43791|P49327,E3|O43791,E3,O43791,P49327,SPOP,FASN,1,3,1,0.11426932364702225,neural_pair_scorer_resmlp_focal,focal
E3|O43791|P60484,E3|O43791,E3,O43791,P60484,SPOP,PTEN,1,3,1,0.9898079037666321,neural_pair_scorer_resmlp_focal,focal
E3|O43791|Q12809,E3|O43791,E3,O43791,Q12809,SPOP,KCNH2,1,3,1,0.19768717885017395,neural_pair_scorer_resmlp_focal,focal
E3|O43791|Q12834,E3|O43791,E3,O43791,Q12834,SPOP,CDC20,1,3,1,0.902883768081665,neural_pair_scorer_resmlp_focal,focal
E3|O43791|Q12888,E3|O43791,E3,O43791,Q12888,SPOP,TP53BP1,1,3,1,0.8654122352600098,neural_pair_scorer_resmlp_focal,focal
E3|O43791|Q12906,E3|O43791,E3,O43791,Q12906,SPOP,ILF3,1,3,1,0.9702050089836121,neural_pair_scorer_resmlp_focal,focal
E3|O43791|Q13158,E3|O43791,E3,O43791,Q13158,SPOP,FADD,1,3,1,0.05437968298792839,neural_pair_scorer_resmlp_focal,focal
E3|O43791|Q14444,E3|O43791,E3,O43791,Q14444,SPOP,CAPRIN1,1,3,1,0.9524620175361633,neural_pair_scorer_resmlp_focal,focal
E3|O43791|Q15059,E3|O43791,E3,O43791,Q15059,SPOP,BRD3,1,3,1,0.6941373944282532,neural_pair_scorer_resmlp_focal,focal
E3|O43791|Q16828,E3|O43791,E3,O43791,Q16828,SPOP,DUSP6,1,3,1,0.38217729330062866,neural_pair_scorer_resmlp_focal,focal
E3|O43791|Q16829,E3|O43791,E3,O43791,Q16829,SPOP,DUSP7,1,3,1,0.8412780165672302,neural_pair_scorer_resmlp_focal,focal
E3|O43791|Q27J81,E3|O43791,E3,O43791,Q27J81,SPOP,INF2,1,3,1,0.5734072923660278,neural_pair_scorer_resmlp_focal,focal
E3|O43791|Q49A26,E3|O43791,E3,O43791,Q49A26,SPOP,GLYR1,1,3,1,0.6636885404586792,neural_pair_scorer_resmlp_focal,focal
E3|O43791|Q7Z7J5,E3|O43791,E3,O43791,Q7Z7J5,SPOP,DPPA2,1,3,1,0.04163374379277229,neural_pair_scorer_resmlp_focal,focal
E3|O43791|Q99836,E3|O43791,E3,O43791,Q99836,SPOP,MYD88,1,3,1,0.13798537850379944,neural_pair_scorer_resmlp_focal,focal
E3|O43791|Q9BYW2,E3|O43791,E3,O43791,Q9BYW2,SPOP,SETD2,1,3,1,0.9033814072608948,neural_pair_scorer_resmlp_focal,focal
E3|O43791|Q9H2X6,E3|O43791,E3,O43791,Q9H2X6,SPOP,HIPK2,1,3,1,0.9176463484764099,neural_pair_scorer_resmlp_focal,focal
E3|O43791|Q9H5J0,E3|O43791,E3,O43791,Q9H5J0,SPOP,ZBTB3,1,3,1,0.8554248213768005,neural_pair_scorer_resmlp_focal,focal
E3|O43791|Q9H9S0,E3|O43791,E3,O43791,Q9H9S0,SPOP,NANOG,1,3,1,0.9622649550437927,neural_pair_scorer_resmlp_focal,focal
E3|O43791|Q9HCU9,E3|O43791,E3,O43791,Q9HCU9,SPOP,BRMS1,1,3,1,0.406838983297348,neural_pair_scorer_resmlp_focal,focal
E3|O43791|Q9NZQ7,E3|O43791,E3,O43791,Q9NZQ7,SPOP,CD274,1,3,1,0.09840627759695053,neural_pair_scorer_resmlp_focal,focal
E3|O43791|Q9UBN7,E3|O43791,E3,O43791,Q9UBN7,SPOP,HDAC6,1,3,1,0.28429827094078064,neural_pair_scorer_resmlp_focal,focal
E3|O43791|Q9UER7,E3|O43791,E3,O43791,Q9UER7,SPOP,DAXX,1,3,1,0.36026105284690857,neural_pair_scorer_resmlp_focal,focal
E3|O43791|Q9Y6Q9,E3|O43791,E3,O43791,Q9Y6Q9,SPOP,NCOA3,1,3,1,0.9804399609565735,neural_pair_scorer_resmlp_focal,focal
E3|O60683|P50542,E3|O60683,E3,O60683,P50542,PEX10,PEX5,1,3,1,0.7786337733268738,neural_pair_scorer_resmlp_focal,focal
E3|O60907|P35222,E3|O60907,E3,O60907,P35222,TBL1X,CTNNB1,1,3,1,0.9955645799636841,neural_pair_scorer_resmlp_focal,focal
E3|O75159|P00533,E3|O75159,E3,O75159,P00533,SOCS5,EGFR,1,3,1,0.9699684381484985,neural_pair_scorer_resmlp_focal,focal
E3|O75159|P42224,E3|O75159,E3,O75159,P42224,SOCS5,STAT1,1,3,1,0.8527077436447144,neural_pair_scorer_resmlp_focal,focal
E3|O75382|P04637,E3|O75382,E3,O75382,P04637,TRIM3,TP53,1,3,1,0.9960464835166931,neural_pair_scorer_resmlp_focal,focal
E3|O75382|Q14457,E3|O75382,E3,O75382,Q14457,TRIM3,BECN1,1,3,1,0.9813000559806824,neural_pair_scorer_resmlp_focal,focal
E3|O75382|Q5VSY0,E3|O75382,E3,O75382,Q5VSY0,TRIM3,GKAP1,1,3,1,0.3641933798789978,neural_pair_scorer_resmlp_focal,focal
E3|O75717|Q15555,E3|O75717,E3,O75717,Q15555,WDHD1,MAPRE2,1,3,1,0.9917182922363281,neural_pair_scorer_resmlp_focal,focal
E3|O92608|Q9Y5J3,E3|O92608,E3,O92608,Q9Y5J3,ORF50,HEY1,1,3,1,0.2544717490673065,neural_pair_scorer_resmlp_focal,focal
E3|O94889|O14965,E3|O94889,E3,O94889,O14965,KLHL18,AURKA,1,3,1,0.97664874792099,neural_pair_scorer_resmlp_focal,focal
E3|O94972|O15105,E3|O94972,E3,O94972,O15105,TRIM37,SMAD7,1,3,1,0.9776536822319031,neural_pair_scorer_resmlp_focal,focal
E3|O94972|O94972,E3|O94972,E3,O94972,O94972,TRIM37,TRIM37,1,3,1,0.9970625042915344,neural_pair_scorer_resmlp_focal,focal
E3|O94972|Q12933,E3|O94972,E3,O94972,Q12933,TRIM37,TRAF2,1,3,1,0.9978724718093872,neural_pair_scorer_resmlp_focal,focal
E3|O94972|Q9Y4K3,E3|O94972,E3,O94972,Q9Y4K3,TRIM37,TRAF6,1,3,1,0.9980776309967041,neural_pair_scorer_resmlp_focal,focal
E3|O95155|O95997,E3|O95155,E3,O95155,O95997,UBE4B,PTTG1,1,3,1,0.9863866567611694,neural_pair_scorer_resmlp_focal,focal
E3|O95155|P04637,E3|O95155,E3,O95155,P04637,UBE4B,TP53,1,3,1,0.9979348182678223,neural_pair_scorer_resmlp_focal,focal
E3|O95155|P54252,E3|O95155,E3,O95155,P54252,UBE4B,ATXN3,1,3,1,0.9241362810134888,neural_pair_scorer_resmlp_focal,focal
E3|O95155|Q8IWX7,E3|O95155,E3,O95155,Q8IWX7,UBE4B,UNC45B,1,3,1,0.9655942916870117,neural_pair_scorer_resmlp_focal,focal
E3|O95155|Q99689,E3|O95155,E3,O95155,Q99689,UBE4B,FEZ1,1,3,1,0.9659860134124756,neural_pair_scorer_resmlp_focal,focal
E3|P10523|P05412,E3|P10523,E3,P10523,P05412,SAG,JUN,1,3,1,0.02663859911262989,neural_pair_scorer_resmlp_focal,focal
E3|P10523|P21359,E3|P10523,E3,P10523,P21359,SAG,NF1,1,3,1,0.2735559344291687,neural_pair_scorer_resmlp_focal,focal
E3|P10523|P25963,E3|P10523,E3,P10523,P25963,SAG,NFKBIA,1,3,1,0.8580098748207092,neural_pair_scorer_resmlp_focal,focal
E3|P10523|P46527,E3|P10523,E3,P10523,P46527,SAG,CDKN1B,1,3,1,0.9649308323860168,neural_pair_scorer_resmlp_focal,focal
E3|P10523|P49427,E3|P10523,E3,P10523,P49427,SAG,CDC34,1,3,1,0.8856044411659241,neural_pair_scorer_resmlp_focal,focal
E3|P10523|Q13794,E3|P10523,E3,P10523,Q13794,SAG,PMAIP1,1,3,1,0.01261825766414404,neural_pair_scorer_resmlp_focal,focal
E3|P10523|Q16665,E3|P10523,E3,P10523,Q16665,SAG,HIF1A,1,3,1,0.9692485928535461,neural_pair_scorer_resmlp_focal,focal
E3|P10523|Q8TB45,E3|P10523,E3,P10523,Q8TB45,SAG,DEPTOR,1,3,1,0.02990911900997162,neural_pair_scorer_resmlp_focal,focal
E3|P15918|C9JYI4,E3|P15918,E3,P15918,C9JYI4,RAG1,KPNA1,1,3,1,0.9905974268913269,neural_pair_scorer_resmlp_focal,focal
E3|P15918|P15918,E3|P15918,E3,P15918,P15918,RAG1,RAG1,1,3,1,0.996494472026825,neural_pair_scorer_resmlp_focal,focal
E3|P15918|P52292,E3|P15918,E3,P15918,P52292,RAG1,KPNA2,1,3,1,0.9520795345306396,neural_pair_scorer_resmlp_focal,focal
E3|P15918|P52294,E3|P15918,E3,P15918,P52294,RAG1,KPNA1,1,3,1,0.9858391880989075,neural_pair_scorer_resmlp_focal,focal
E3|P15918|Q16695,E3|P15918,E3,P15918,Q16695,RAG1,H3-4,1,3,1,0.9714944958686829,neural_pair_scorer_resmlp_focal,focal
E3|P19474|O14920,E3|P19474,E3,P19474,O14920,TRIM21,IKBKB,1,3,1,0.8922474384307861,neural_pair_scorer_resmlp_focal,focal
E3|P19474|O95863,E3|P19474,E3,P19474,O95863,TRIM21,SNAI1,1,3,1,0.5915476083755493,neural_pair_scorer_resmlp_focal,focal
E3|P19474|P01857,E3|P19474,E3,P19474,P01857,TRIM21,IGHG1,1,3,1,0.02278381958603859,neural_pair_scorer_resmlp_focal,focal
E3|P19474|P19474,E3|P19474,E3,P19474,P19474,TRIM21,TRIM21,1,3,1,0.9945012331008911,neural_pair_scorer_resmlp_focal,focal
E3|P19474|P34897,E3|P19474,E3,P19474,P34897,TRIM21,SHMT2,1,3,1,0.589348554611206,neural_pair_scorer_resmlp_focal,focal
E3|P19474|P35232,E3|P19474,E3,P19474,P35232,TRIM21,PHB,1,3,1,0.3141494393348694,neural_pair_scorer_resmlp_focal,focal
E3|P19474|P37198,E3|P19474,E3,P19474,P37198,TRIM21,NUP62,1,3,1,0.4386221468448639,neural_pair_scorer_resmlp_focal,focal
E3|P19474|P38936,E3|P19474,E3,P19474,P38936,TRIM21,CDKN1A,1,3,1,0.8980218768119812,neural_pair_scorer_resmlp_focal,focal
E3|P19474|P46527,E3|P19474,E3,P19474,P46527,TRIM21,CDKN1B,1,3,1,0.9342197775840759,neural_pair_scorer_resmlp_focal,focal
E3|P19474|P49915,E3|P19474,E3,P19474,P49915,TRIM21,GMPS,1,3,1,0.4785768985748291,neural_pair_scorer_resmlp_focal,focal
E3|P19474|Q02556,E3|P19474,E3,P19474,Q02556,TRIM21,IRF8,1,3,1,0.9669092893600464,neural_pair_scorer_resmlp_focal,focal
E3|P19474|Q04206,E3|P19474,E3,P19474,Q04206,TRIM21,RELA,1,3,1,0.9889995455741882,neural_pair_scorer_resmlp_focal,focal
E3|P19474|Q13107,E3|P19474,E3,P19474,Q13107,TRIM21,USP4,1,3,1,0.9741744995117188,neural_pair_scorer_resmlp_focal,focal
E3|P19474|Q14653,E3|P19474,E3,P19474,Q14653,TRIM21,IRF3,1,3,1,0.9889623522758484,neural_pair_scorer_resmlp_focal,focal
E3|P19474|Q16666,E3|P19474,E3,P19474,Q16666,TRIM21,IFI16,1,3,1,0.975290834903717,neural_pair_scorer_resmlp_focal,focal
E3|P19474|Q2F514,E3|P19474,E3,P19474,Q2F514,TRIM21,X,1,3,1,0.04512692987918854,neural_pair_scorer_resmlp_focal,focal
E3|P19474|Q92985,E3|P19474,E3,P19474,Q92985,TRIM21,IRF7,1,3,1,0.9827479720115662,neural_pair_scorer_resmlp_focal,focal
E3|P19474|Q9C035,E3|P19474,E3,P19474,Q9C035,TRIM21,TRIM5,1,3,1,0.9590758681297302,neural_pair_scorer_resmlp_focal,focal
E3|P19474|Q9H211,E3|P19474,E3,P19474,Q9H211,TRIM21,CDT1,1,3,1,0.9501551389694214,neural_pair_scorer_resmlp_focal,focal
E3|P21580|P21580,E3|P21580,E3,P21580,P21580,TNFAIP3,TNFAIP3,1,3,1,0.9937083721160889,neural_pair_scorer_resmlp_focal,focal
E3|P21580|Q13546,E3|P21580,E3,P21580,Q13546,TNFAIP3,RIPK1,1,3,1,0.9910609126091003,neural_pair_scorer_resmlp_focal,focal
E3|P21580|Q9H4P4,E3|P21580,E3,P21580,Q9H4P4,TNFAIP3,RNF41,1,3,1,0.15066832304000854,neural_pair_scorer_resmlp_focal,focal
E3|P21580|Q9NR96,E3|P21580,E3,P21580,Q9NR96,TNFAIP3,TLR9,1,3,1,0.8479350805282593,neural_pair_scorer_resmlp_focal,focal
E3|P21583|Q9NVF7,E3|P21583,E3,P21583,Q9NVF7,KITLG,FBXO28,1,3,1,0.061069976538419724,neural_pair_scorer_resmlp_focal,focal
E3|P35226|O75496,E3|P35226,E3,P35226,O75496,BMI1,GMNN,1,3,1,0.9944781064987183,neural_pair_scorer_resmlp_focal,focal
E3|P35226|P04908,E3|P35226,E3,P35226,P04908,BMI1,H2AC4,1,3,1,0.8651272654533386,neural_pair_scorer_resmlp_focal,focal
E3|P35226|P0C0S5,E3|P35226,E3,P35226,P0C0S5,BMI1,H2AFZ,1,3,1,0.7689573764801025,neural_pair_scorer_resmlp_focal,focal
E3|P35226|P0C0S8,E3|P35226,E3,P35226,P0C0S8,BMI1,HIST1H2AM,1,3,1,0.9000943899154663,neural_pair_scorer_resmlp_focal,focal
E3|P35226|P16104,E3|P35226,E3,P35226,P16104,BMI1,H2AFX,1,3,1,0.9690684080123901,neural_pair_scorer_resmlp_focal,focal
E3|P35226|P20671,E3|P35226,E3,P35226,P20671,BMI1,H2AC7,1,3,1,0.8875237107276917,neural_pair_scorer_resmlp_focal,focal
E3|P35226|P23921,E3|P35226,E3,P35226,P23921,BMI1,RRM1,1,3,1,0.41138947010040283,neural_pair_scorer_resmlp_focal,focal
E3|P35226|Q16777,E3|P35226,E3,P35226,Q16777,BMI1,H2AC20,1,3,1,0.9432848691940308,neural_pair_scorer_resmlp_focal,focal
E3|P35226|Q6FI13,E3|P35226,E3,P35226,Q6FI13,BMI1,H2AC18,1,3,1,0.9085270166397095,neural_pair_scorer_resmlp_focal,focal
E3|P35226|Q7L7L0,E3|P35226,E3,P35226,Q7L7L0,BMI1,HIST3H2A,1,3,1,0.8768866658210754,neural_pair_scorer_resmlp_focal,focal
E3|P35226|Q8IUE6,E3|P35226,E3,P35226,Q8IUE6,BMI1,HIST2H2AB,1,3,1,0.9265631437301636,neural_pair_scorer_resmlp_focal,focal
E3|P35226|Q93077,E3|P35226,E3,P35226,Q93077,BMI1,HIST1H2AC,1,3,1,0.8916959166526794,neural_pair_scorer_resmlp_focal,focal
E3|P35226|Q96KK5,E3|P35226,E3,P35226,Q96KK5,BMI1,HIST1H2AH,1,3,1,0.8980790376663208,neural_pair_scorer_resmlp_focal,focal
E3|P35226|Q96QV6,E3|P35226,E3,P35226,Q96QV6,BMI1,HIST1H2AA,1,3,1,0.9158976674079895,neural_pair_scorer_resmlp_focal,focal
E3|P35226|Q99496,E3|P35226,E3,P35226,Q99496,BMI1,RNF2,1,3,1,0.9967522621154785,neural_pair_scorer_resmlp_focal,focal
E3|P35226|Q99878,E3|P35226,E3,P35226,Q99878,BMI1,HIST1H2AJ,1,3,1,0.8887768983840942,neural_pair_scorer_resmlp_focal,focal
E3|P40337|O14503,E3|P40337,E3,P40337,O14503,VHL,BHLHE40,1,3,1,0.014870241284370422,neural_pair_scorer_resmlp_focal,focal
E3|P40337|O14641,E3|P40337,E3,P40337,O14641,VHL,DVL2,1,3,1,0.8892084956169128,neural_pair_scorer_resmlp_focal,focal
E3|P40337|O14965,E3|P40337,E3,P40337,O14965,VHL,AURKA,1,3,1,0.96916663646698,neural_pair_scorer_resmlp_focal,focal
E3|P40337|P02751,E3|P40337,E3,P40337,P02751,VHL,FN1,1,3,1,0.01963288150727749,neural_pair_scorer_resmlp_focal,focal
E3|P40337|P07550,E3|P40337,E3,P40337,P07550,VHL,ADRB2,1,3,1,0.023531939834356308,neural_pair_scorer_resmlp_focal,focal
E3|P40337|P10909,E3|P40337,E3,P40337,P10909,VHL,CLU,1,3,1,0.09081712365150452,neural_pair_scorer_resmlp_focal,focal
E3|P40337|P36897,E3|P40337,E3,P40337,P36897,VHL,TGFBR1,1,3,1,0.026861930266022682,neural_pair_scorer_resmlp_focal,focal
E3|P40337|P37231,E3|P40337,E3,P40337,P37231,VHL,PPARG,1,3,1,0.9886908531188965,neural_pair_scorer_resmlp_focal,focal
E3|P40337|P41743,E3|P40337,E3,P40337,P41743,VHL,PRKCI,1,3,1,0.8344823718070984,neural_pair_scorer_resmlp_focal,focal
E3|P40337|P48200,E3|P40337,E3,P40337,P48200,VHL,IREB2,1,3,1,0.23711848258972168,neural_pair_scorer_resmlp_focal,focal
E3|P40337|P62487,E3|P40337,E3,P40337,P62487,VHL,POLR2G,1,3,1,0.030475672334432602,neural_pair_scorer_resmlp_focal,focal
E3|P40337|Q13309,E3|P40337,E3,P40337,Q13309,VHL,SKP2,1,3,1,0.0615718774497509,neural_pair_scorer_resmlp_focal,focal
E3|P40337|Q14103,E3|P40337,E3,P40337,Q14103,VHL,HNRNPD,1,3,1,0.9956997632980347,neural_pair_scorer_resmlp_focal,focal
E3|P40337|Q16665,E3|P40337,E3,P40337,Q16665,VHL,HIF1A,1,3,1,0.5453894734382629,neural_pair_scorer_resmlp_focal,focal
E3|P40337|Q8N122,E3|P40337,E3,P40337,Q8N122,VHL,RPTOR,1,3,1,0.05979856848716736,neural_pair_scorer_resmlp_focal,focal
E3|P40337|Q8TEY7,E3|P40337,E3,P40337,Q8TEY7,VHL,USP33,1,3,1,0.017079537734389305,neural_pair_scorer_resmlp_focal,focal
E3|P40337|Q99814,E3|P40337,E3,P40337,Q99814,VHL,EPAS1,1,3,1,0.07045654207468033,neural_pair_scorer_resmlp_focal,focal
E3|P40337|Q9GZQ8,E3|P40337,E3,P40337,Q9GZQ8,VHL,MAP1LC3B,1,3,1,0.48676568269729614,neural_pair_scorer_resmlp_focal,focal
E3|P40337|Q9NWT6,E3|P40337,E3,P40337,Q9NWT6,VHL,HIF1AN,1,3,1,0.20575858652591705,neural_pair_scorer_resmlp_focal,focal
E3|P40337|Q9Y2K6,E3|P40337,E3,P40337,Q9Y2K6,VHL,USP20,1,3,1,0.02205056883394718,neural_pair_scorer_resmlp_focal,focal
E3|P40337|Q9Y2N7,E3|P40337,E3,P40337,Q9Y2N7,VHL,HIF3A,1,3,1,0.07027022540569305,neural_pair_scorer_resmlp_focal,focal
E3|P53804|P31749,E3|P53804,E3,P53804,P31749,TTC3,AKT1,1,3,1,0.9924303889274597,neural_pair_scorer_resmlp_focal,focal
E3|P53804|P31751,E3|P53804,E3,P53804,P31751,TTC3,AKT2,1,3,1,0.9216365814208984,neural_pair_scorer_resmlp_focal,focal
E3|P53804|Q9Y243,E3|P53804,E3,P53804,Q9Y243,TTC3,AKT3,1,3,1,0.9517497420310974,neural_pair_scorer_resmlp_focal,focal
E3|P98170|O14618,E3|P98170,E3,P98170,O14618,XIAP,CCS,1,3,1,0.9823002219200134,neural_pair_scorer_resmlp_focal,focal
E3|P98170|O15392,E3|P98170,E3,P98170,O15392,XIAP,BIRC5,1,3,1,0.9962859153747559,neural_pair_scorer_resmlp_focal,focal
E3|P98170|O43236,E3|P98170,E3,P98170,O43236,XIAP,SEPTIN4,1,3,1,0.026253581047058105,neural_pair_scorer_resmlp_focal,focal
E3|P98170|O43318,E3|P98170,E3,P98170,O43318,XIAP,MAP3K7,1,3,1,0.9959176182746887,neural_pair_scorer_resmlp_focal,focal
E3|P98170|O43353,E3|P98170,E3,P98170,O43353,XIAP,RIPK2,1,3,1,0.9924412965774536,neural_pair_scorer_resmlp_focal,focal
E3|P98170|O95831,E3|P98170,E3,P98170,O95831,XIAP,AIFM1,1,3,1,0.260177344083786,neural_pair_scorer_resmlp_focal,focal
E3|P98170|P04049,E3|P98170,E3,P98170,P04049,XIAP,RAF1,1,3,1,0.8572759628295898,neural_pair_scorer_resmlp_focal,focal
E3|P98170|P0DMV8,E3|P98170,E3,P98170,P0DMV8,XIAP,HSPA1A,1,3,1,0.9799725413322449,neural_pair_scorer_resmlp_focal,focal
E3|P98170|P37198,E3|P98170,E3,P98170,P37198,XIAP,NUP62,1,3,1,0.6597227454185486,neural_pair_scorer_resmlp_focal,focal
E3|P98170|P42574,E3|P98170,E3,P98170,P42574,XIAP,CASP3,1,3,1,0.991050124168396,neural_pair_scorer_resmlp_focal,focal
E3|P98170|P55008,E3|P98170,E3,P98170,P55008,XIAP,AIF1,1,3,1,0.33695581555366516,neural_pair_scorer_resmlp_focal,focal
E3|P98170|P55210,E3|P98170,E3,P98170,P55210,XIAP,CASP7,1,3,1,0.9954284429550171,neural_pair_scorer_resmlp_focal,focal
E3|P98170|P55211,E3|P98170,E3,P98170,P55211,XIAP,CASP9,1,3,1,0.8103342652320862,neural_pair_scorer_resmlp_focal,focal
E3|P98170|P57078,E3|P98170,E3,P98170,P57078,XIAP,RIPK4,1,3,1,0.9943082928657532,neural_pair_scorer_resmlp_focal,focal
E3|P98170|P60484,E3|P98170,E3,P98170,P60484,XIAP,PTEN,1,3,1,0.9964125752449036,neural_pair_scorer_resmlp_focal,focal
E3|P98170|P98170,E3|P98170,E3,P98170,P98170,XIAP,XIAP,1,3,1,0.9979236125946045,neural_pair_scorer_resmlp_focal,focal
E3|P98170|Q04724,E3|P98170,E3,P98170,Q04724,XIAP,TLE1,1,3,1,0.606831431388855,neural_pair_scorer_resmlp_focal,focal
E3|P98170|Q04725,E3|P98170,E3,P98170,Q04725,XIAP,TLE2,1,3,1,0.43199247121810913,neural_pair_scorer_resmlp_focal,focal
E3|P98170|Q04726,E3|P98170,E3,P98170,Q04726,XIAP,TLE3,1,3,1,0.48017647862434387,neural_pair_scorer_resmlp_focal,focal
E3|P98170|Q04727,E3|P98170,E3,P98170,Q04727,XIAP,TLE4,1,3,1,0.6388694047927856,neural_pair_scorer_resmlp_focal,focal
E3|P98170|Q08117,E3|P98170,E3,P98170,Q08117,XIAP,TLE5,1,3,1,0.16522826254367828,neural_pair_scorer_resmlp_focal,focal
E3|P98170|Q14790,E3|P98170,E3,P98170,Q14790,XIAP,CASP8,1,3,1,0.991877555847168,neural_pair_scorer_resmlp_focal,focal
E3|P98170|Q6GPH4,E3|P98170,E3,P98170,Q6GPH4,XIAP,XAF1,1,3,1,0.9745339751243591,neural_pair_scorer_resmlp_focal,focal
E3|P98170|Q8N668,E3|P98170,E3,P98170,Q8N668,XIAP,COMMD1,1,3,1,0.537605881690979,neural_pair_scorer_resmlp_focal,focal
E3|P98170|Q96HS1,E3|P98170,E3,P98170,Q96HS1,XIAP,PGAM5,1,3,1,0.9846574664115906,neural_pair_scorer_resmlp_focal,focal
E3|P98170|Q99759,E3|P98170,E3,P98170,Q99759,XIAP,MAP3K3,1,3,1,0.18154098093509674,neural_pair_scorer_resmlp_focal,focal
E3|P98170|Q9NR28,E3|P98170,E3,P98170,Q9NR28,XIAP,DIABLO,1,3,1,0.993087112903595,neural_pair_scorer_resmlp_focal,focal
E3|P98170|Q9Y2U5,E3|P98170,E3,P98170,Q9Y2U5,XIAP,MAP3K2,1,3,1,0.6958659887313843,neural_pair_scorer_resmlp_focal,focal
E3|Q00987|O14746,E3|Q00987,E3,Q00987,O14746,MDM2,TERT,1,3,1,0.9881667494773865,neural_pair_scorer_resmlp_focal,focal
E3|Q00987|O15055,E3|Q00987,E3,Q00987,O15055,MDM2,PER2,1,3,1,0.9823576211929321,neural_pair_scorer_resmlp_focal,focal
E3|Q00987|O15145,E3|Q00987,E3,Q00987,O15145,MDM2,ARPC3,1,3,1,0.01675252430140972,neural_pair_scorer_resmlp_focal,focal
E3|Q00987|O15151,E3|Q00987,E3,Q00987,O15151,MDM2,MDM4,1,3,1,0.9966747760772705,neural_pair_scorer_resmlp_focal,focal
E3|Q00987|O15273,E3|Q00987,E3,Q00987,O15273,MDM2,TCAP,1,3,1,0.0329139269888401,neural_pair_scorer_resmlp_focal,focal
E3|Q00987|O15350,E3|Q00987,E3,Q00987,O15350,MDM2,TP73,1,3,1,0.998050332069397,neural_pair_scorer_resmlp_focal,focal
E3|Q00987|O43463,E3|Q00987,E3,Q00987,O43463,MDM2,SUV39H1,1,3,1,0.4454035758972168,neural_pair_scorer_resmlp_focal,focal
E3|Q00987|O43524,E3|Q00987,E3,Q00987,O43524,MDM2,FOXO3,1,3,1,0.9741976261138916,neural_pair_scorer_resmlp_focal,focal
E3|Q00987|O43602,E3|Q00987,E3,Q00987,O43602,MDM2,DCX,1,3,1,0.03943416103720665,neural_pair_scorer_resmlp_focal,focal
E3|Q00987|O60381,E3|Q00987,E3,Q00987,O60381,MDM2,HBP1,1,3,1,0.8912847638130188,neural_pair_scorer_resmlp_focal,focal
E3|Q00987|O60936,E3|Q00987,E3,Q00987,O60936,MDM2,NOL3,1,3,1,0.9616780281066895,neural_pair_scorer_resmlp_focal,focal
E3|Q00987|O75417,E3|Q00987,E3,Q00987,O75417,MDM2,POLQ,1,3,1,0.45247286558151245,neural_pair_scorer_resmlp_focal,focal
E3|Q00987|O94916,E3|Q00987,E3,Q00987,O94916,MDM2,NFAT5,1,3,1,0.9934569001197815,neural_pair_scorer_resmlp_focal,focal
E3|Q00987|O94992,E3|Q00987,E3,Q00987,O94992,MDM2,HEXIM1,1,3,1,0.8276144862174988,neural_pair_scorer_resmlp_focal,focal
E3|Q00987|O95376,E3|Q00987,E3,Q00987,O95376,MDM2,ARIH2,1,3,1,0.6462675333023071,neural_pair_scorer_resmlp_focal,focal
E3|Q00987|O95863,E3|Q00987,E3,Q00987,O95863,MDM2,SNAI1,1,3,1,0.9278836250305176,neural_pair_scorer_resmlp_focal,focal
E3|Q00987|P00374,E3|Q00987,E3,Q00987,P00374,MDM2,DHFR,1,3,1,0.9653531312942505,neural_pair_scorer_resmlp_focal,focal
E3|Q00987|P04150,E3|Q00987,E3,Q00987,P04150,MDM2,NR3C1,1,3,1,0.9838801026344299,neural_pair_scorer_resmlp_focal,focal
E3|Q00987|P04637,E3|Q00987,E3,Q00987,P04637,MDM2,TP53,1,3,1,0.997879147529602,neural_pair_scorer_resmlp_focal,focal
E3|Q00987|P06400,E3|Q00987,E3,Q00987,P06400,MDM2,RB1,1,3,1,0.834777295589447,neural_pair_scorer_resmlp_focal,focal
E3|Q00987|P08069,E3|Q00987,E3,Q00987,P08069,MDM2,IGF1R,1,3,1,0.011859667487442493,neural_pair_scorer_resmlp_focal,focal
E3|Q00987|P10275,E3|Q00987,E3,Q00987,P10275,MDM2,AR,1,3,1,0.8870183825492859,neural_pair_scorer_resmlp_focal,focal
E3|Q00987|P10276,E3|Q00987,E3,Q00987,P10276,MDM2,RARA,1,3,1,0.9938551783561707,neural_pair_scorer_resmlp_focal,focal
E3|Q00987|P10914,E3|Q00987,E3,Q00987,P10914,MDM2,IRF1,1,3,1,0.9948651194572449,neural_pair_scorer_resmlp_focal,focal
E3|Q00987|P12830,E3|Q00987,E3,Q00987,P12830,MDM2,CDH1,1,3,1,0.32112523913383484,neural_pair_scorer_resmlp_focal,focal
E3|Q00987|P12956,E3|Q00987,E3,Q00987,P12956,MDM2,XRCC6,1,3,1,0.9949743747711182,neural_pair_scorer_resmlp_focal,focal
E3|Q00987|P14316,E3|Q00987,E3,Q00987,P14316,MDM2,IRF2,1,3,1,0.9963796734809875,neural_pair_scorer_resmlp_focal,focal
E3|Q00987|P15259,E3|Q00987,E3,Q00987,P15259,MDM2,PGAM2,1,3,1,0.151826411485672,neural_pair_scorer_resmlp_focal,focal
E3|Q00987|P15880,E3|Q00987,E3,Q00987,P15880,MDM2,RPS2,1,3,1,0.993219792842865,neural_pair_scorer_resmlp_focal,focal
E3|Q00987|P18847,E3|Q00987,E3,Q00987,P18847,MDM2,ATF3,1,3,1,0.957239031791687,neural_pair_scorer_resmlp_focal,focal
E3|Q00987|P19338,E3|Q00987,E3,Q00987,P19338,MDM2,NCL,1,3,1,0.9974105954170227,neural_pair_scorer_resmlp_focal,focal
E3|Q00987|P24522,E3|Q00987,E3,Q00987,P24522,MDM2,GADD45A,1,3,1,0.08606995642185211,neural_pair_scorer_resmlp_focal,focal
E3|Q00987|P24864,E3|Q00987,E3,Q00987,P24864,MDM2,CCNE1,1,3,1,0.8030804395675659,neural_pair_scorer_resmlp_focal,focal
E3|Q00987|P25098,E3|Q00987,E3,Q00987,P25098,MDM2,ADRBK1,1,3,1,0.01357189379632473,neural_pair_scorer_resmlp_focal,focal
E3|Q00987|P27695,E3|Q00987,E3,Q00987,P27695,MDM2,APEX1,1,3,1,0.6495575308799744,neural_pair_scorer_resmlp_focal,focal
E3|Q00987|P32121,E3|Q00987,E3,Q00987,P32121,MDM2,ARRB2,1,3,1,0.06554445624351501,neural_pair_scorer_resmlp_focal,focal
E3|Q00987|P35568,E3|Q00987,E3,Q00987,P35568,MDM2,IRS1,1,3,1,0.9230949878692627,neural_pair_scorer_resmlp_focal,focal
E3|Q00987|P35637,E3|Q00987,E3,Q00987,P35637,MDM2,FUS,1,3,1,0.9898911714553833,neural_pair_scorer_resmlp_focal,focal
E3|Q00987|P38936,E3|Q00987,E3,Q00987,P38936,MDM2,CDKN1A,1,3,1,0.9963551759719849,neural_pair_scorer_resmlp_focal,focal
E3|Q00987|P40424,E3|Q00987,E3,Q00987,P40424,MDM2,PBX1,1,3,1,0.9914944171905518,neural_pair_scorer_resmlp_focal,focal
E3|Q00987|P40763,E3|Q00987,E3,Q00987,P40763,MDM2,STAT3,1,3,1,0.914393961429596,neural_pair_scorer_resmlp_focal,focal
E3|Q00987|P41181,E3|Q00987,E3,Q00987,P41181,MDM2,AQP2,1,3,1,0.009773081168532372,neural_pair_scorer_resmlp_focal,focal
E3|Q00987|P46531,E3|Q00987,E3,Q00987,P46531,MDM2,NOTCH1,1,3,1,0.04209556058049202,neural_pair_scorer_resmlp_focal,focal
E3|Q00987|P46695,E3|Q00987,E3,Q00987,P46695,MDM2,IER3,1,3,1,0.022979794070124626,neural_pair_scorer_resmlp_focal,focal
E3|Q00987|P49137,E3|Q00987,E3,Q00987,P49137,MDM2,MAPKAPK2,1,3,1,0.990142822265625,neural_pair_scorer_resmlp_focal,focal
E3|Q00987|P49407,E3|Q00987,E3,Q00987,P49407,MDM2,ARRB1,1,3,1,0.9123978018760681,neural_pair_scorer_resmlp_focal,focal
E3|Q00987|P49757,E3|Q00987,E3,Q00987,P49757,MDM2,NUMB,1,3,1,0.42236328125,neural_pair_scorer_resmlp_focal,focal
E3|Q00987|P55036,E3|Q00987,E3,Q00987,P55036,MDM2,PSMD4,1,3,1,0.9938985109329224,neural_pair_scorer_resmlp_focal,focal
E3|Q00987|P61254,E3|Q00987,E3,Q00987,P61254,MDM2,RPL26,1,3,1,0.9616562128067017,neural_pair_scorer_resmlp_focal,focal
E3|Q00987|P62979,E3|Q00987,E3,Q00987,P62979,MDM2,RPS27A,1,3,1,0.9975577592849731,neural_pair_scorer_resmlp_focal,focal
E3|Q00987|P78352,E3|Q00987,E3,Q00987,P78352,MDM2,DLG4,1,3,1,0.039135873317718506,neural_pair_scorer_resmlp_focal,focal
E3|Q00987|P98177,E3|Q00987,E3,Q00987,P98177,MDM2,FOXO4,1,3,1,0.8573721647262573,neural_pair_scorer_resmlp_focal,focal
E3|Q00987|Q00987,E3|Q00987,E3,Q00987,Q00987,MDM2,MDM2,1,3,1,0.9978658556938171,neural_pair_scorer_resmlp_focal,focal
E3|Q00987|Q01094,E3|Q00987,E3,Q00987,Q01094,MDM2,E2F1,1,3,1,0.4441547989845276,neural_pair_scorer_resmlp_focal,focal
E3|Q00987|Q08499,E3|Q00987,E3,Q00987,Q08499,MDM2,PDE4D,1,3,1,0.04939012974500656,neural_pair_scorer_resmlp_focal,focal
E3|Q00987|Q09472,E3|Q00987,E3,Q00987,Q09472,MDM2,EP300,1,3,1,0.95240718126297,neural_pair_scorer_resmlp_focal,focal
E3|Q00987|Q12778,E3|Q00987,E3,Q00987,Q12778,MDM2,FOXO1,1,3,1,0.9804329872131348,neural_pair_scorer_resmlp_focal,focal
E3|Q00987|Q13469,E3|Q00987,E3,Q00987,Q13469,MDM2,NFATC2,1,3,1,0.9675186276435852,neural_pair_scorer_resmlp_focal,focal
E3|Q00987|Q13761,E3|Q00987,E3,Q00987,Q13761,MDM2,RUNX3,1,3,1,0.3037949800491333,neural_pair_scorer_resmlp_focal,focal
E3|Q00987|Q14191,E3|Q00987,E3,Q00987,Q14191,MDM2,WRN,1,3,1,0.9894934892654419,neural_pair_scorer_resmlp_focal,focal
E3|Q00987|Q15334,E3|Q00987,E3,Q00987,Q15334,MDM2,LLGL1,1,3,1,0.019850505515933037,neural_pair_scorer_resmlp_focal,focal
E3|Q00987|Q15361,E3|Q00987,E3,Q00987,Q15361,MDM2,TTF1,1,3,1,0.9960994720458984,neural_pair_scorer_resmlp_focal,focal
E3|Q00987|Q15466,E3|Q00987,E3,Q00987,Q15466,MDM2,NR0B2,1,3,1,0.12063208967447281,neural_pair_scorer_resmlp_focal,focal
E3|Q00987|Q15849,E3|Q00987,E3,Q00987,Q15849,MDM2,SLC14A2,1,3,1,0.01460544764995575,neural_pair_scorer_resmlp_focal,focal
E3|Q00987|Q16665,E3|Q00987,E3,Q00987,Q16665,MDM2,HIF1A,1,3,1,0.9875587224960327,neural_pair_scorer_resmlp_focal,focal
E3|Q00987|Q16778,E3|Q00987,E3,Q00987,Q16778,MDM2,H2BC21,1,3,1,0.9964269995689392,neural_pair_scorer_resmlp_focal,focal
E3|Q00987|Q7LG56,E3|Q00987,E3,Q00987,Q7LG56,MDM2,RRM2B,1,3,1,0.9745458364486694,neural_pair_scorer_resmlp_focal,focal
E3|Q00987|Q7Z6Z7,E3|Q00987,E3,Q00987,Q7Z6Z7,MDM2,HUWE1,1,3,1,0.2383093684911728,neural_pair_scorer_resmlp_focal,focal
E3|Q00987|Q86Z02,E3|Q00987,E3,Q00987,Q86Z02,MDM2,HIPK1,1,3,1,0.7320577502250671,neural_pair_scorer_resmlp_focal,focal
E3|Q00987|Q8N9B5,E3|Q00987,E3,Q00987,Q8N9B5,MDM2,JMY,1,3,1,0.8164699077606201,neural_pair_scorer_resmlp_focal,focal
E3|Q00987|Q92630,E3|Q00987,E3,Q00987,Q92630,MDM2,DYRK2,1,3,1,0.04405129700899124,neural_pair_scorer_resmlp_focal,focal
E3|Q00987|Q92731,E3|Q00987,E3,Q00987,Q92731,MDM2,ESR2,1,3,1,0.9812192320823669,neural_pair_scorer_resmlp_focal,focal
E3|Q00987|Q92793,E3|Q00987,E3,Q00987,Q92793,MDM2,CREBBP,1,3,1,0.9377349019050598,neural_pair_scorer_resmlp_focal,focal
E3|Q00987|Q92831,E3|Q00987,E3,Q00987,Q92831,MDM2,KAT2B,1,3,1,0.28015586733818054,neural_pair_scorer_resmlp_focal,focal
E3|Q00987|Q92993,E3|Q00987,E3,Q00987,Q92993,MDM2,KAT5,1,3,1,0.9028207659721375,neural_pair_scorer_resmlp_focal,focal
E3|Q00987|Q96AQ6,E3|Q00987,E3,Q00987,Q96AQ6,MDM2,PBXIP1,1,3,1,0.4063604772090912,neural_pair_scorer_resmlp_focal,focal
E3|Q00987|Q9BVP2,E3|Q00987,E3,Q00987,Q9BVP2,MDM2,GNL3,1,3,1,0.41959765553474426,neural_pair_scorer_resmlp_focal,focal
E3|Q00987|Q9BZS1,E3|Q00987,E3,Q00987,Q9BZS1,MDM2,FOXP3,1,3,1,0.037393126636743546,neural_pair_scorer_resmlp_focal,focal
E3|Q00987|Q9GZR7,E3|Q00987,E3,Q00987,Q9GZR7,MDM2,DDX24,1,3,1,0.9935908317565918,neural_pair_scorer_resmlp_focal,focal
E3|Q00987|Q9H2X6,E3|Q00987,E3,Q00987,Q9H2X6,MDM2,HIPK2,1,3,1,0.9528942108154297,neural_pair_scorer_resmlp_focal,focal
E3|Q00987|Q9UER7,E3|Q00987,E3,Q00987,Q9UER7,MDM2,DAXX,1,3,1,0.9796573519706726,neural_pair_scorer_resmlp_focal,focal
E3|Q00987|Q9UHR4,E3|Q00987,E3,Q00987,Q9UHR4,MDM2,BAIAP2L1,1,3,1,0.0158607829362154,neural_pair_scorer_resmlp_focal,focal
E3|Q00987|Q9Y2R9,E3|Q00987,E3,Q00987,Q9Y2R9,MDM2,MRPS7,1,3,1,0.02971113659441471,neural_pair_scorer_resmlp_focal,focal
E3|Q00987|Q9Y6B2,E3|Q00987,E3,Q00987,Q9Y6B2,MDM2,EID1,1,3,1,0.7253516912460327,neural_pair_scorer_resmlp_focal,focal
E3|Q06587|P0C0S8,E3|Q06587,E3,Q06587,P0C0S8,RING1,H2AC11,1,3,1,0.96094810962677,neural_pair_scorer_resmlp_focal,focal
E3|Q06587|Q9H4L7,E3|Q06587,E3,Q06587,Q9H4L7,RING1,SMARCAD1,1,3,1,0.9830764532089233,neural_pair_scorer_resmlp_focal,focal
E3|Q07869|P10415,E3|Q07869,E3,Q07869,P10415,PPARA,BCL2,1,3,1,0.9813560247421265,neural_pair_scorer_resmlp_focal,focal
E3|Q14527|P12004,E3|Q14527,E3,Q14527,P12004,HLTF,PCNA,1,3,1,0.9909378290176392,neural_pair_scorer_resmlp_focal,focal
E3|Q16531|O00482,E3|Q16531,E3,Q16531,O00482,DDB1,NR5A2,1,3,1,0.9875813722610474,neural_pair_scorer_resmlp_focal,focal
E3|Q16531|O15350,E3|Q16531,E3,Q16531,O15350,DDB1,TP73,1,3,1,0.9973646998405457,neural_pair_scorer_resmlp_focal,focal
E3|Q16531|O75909,E3|Q16531,E3,Q16531,O75909,DDB1,CCNK,1,3,1,0.46705543994903564,neural_pair_scorer_resmlp_focal,focal
E3|Q16531|Q92905,E3|Q16531,E3,Q16531,Q92905,DDB1,COPS5,1,3,1,0.9872368574142456,neural_pair_scorer_resmlp_focal,focal
E3|Q5GLZ8|O95835,E3|Q5GLZ8,E3,Q5GLZ8,O95835,HERC4,LATS1,1,3,1,0.5094540119171143,neural_pair_scorer_resmlp_focal,focal
E3|Q5T4S7|Q15678,E3|Q5T4S7,E3,Q5T4S7,Q15678,UBR4,PTPN14,1,3,1,0.8770206570625305,neural_pair_scorer_resmlp_focal,focal
E3|Q5T4S7|Q9NQA5,E3|Q5T4S7,E3,Q5T4S7,Q9NQA5,UBR4,TRPV5,1,3,1,0.13152077794075012,neural_pair_scorer_resmlp_focal,focal
E3|Q5VU92|P03427,E3|Q5VU92,E3,Q5VU92,P03427,DCAF12L1,PB2,1,3,1,0.9797565340995789,neural_pair_scorer_resmlp_focal,focal
E3|Q6R327|O00141,E3|Q6R327,E3,Q6R327,O00141,RICTOR,SGK1,1,3,1,0.960304319858551,neural_pair_scorer_resmlp_focal,focal
E3|Q75N03|P07355,E3|Q75N03,E3,Q75N03,P07355,CBLL1,ANXA2,1,3,1,0.2880129814147949,neural_pair_scorer_resmlp_focal,focal
E3|Q75N03|P12830,E3|Q75N03,E3,Q75N03,P12830,CBLL1,CDH1,1,3,1,0.6929179430007935,neural_pair_scorer_resmlp_focal,focal
E3|Q75N03|Q14247,E3|Q75N03,E3,Q75N03,Q14247,CBLL1,CTTN,1,3,1,0.9755145907402039,neural_pair_scorer_resmlp_focal,focal
E3|Q75N03|Q93070,E3|Q75N03,E3,Q75N03,Q93070,CBLL1,ART4,1,3,1,0.28692251443862915,neural_pair_scorer_resmlp_focal,focal
E3|Q86WB0|P14635,E3|Q86WB0,E3,Q86WB0,P14635,ZC3HC1,CCNB1,1,3,1,0.9946199655532837,neural_pair_scorer_resmlp_focal,focal
E3|Q86WC4|P08754,E3|Q86WC4,E3,Q86WC4,P08754,OSTM1,GNAI3,1,3,1,0.9740781188011169,neural_pair_scorer_resmlp_focal,focal
E3|Q86XK2|O75626,E3|Q86XK2,E3,Q86XK2,O75626,FBXO11,PRDM1,1,3,1,0.9760238528251648,neural_pair_scorer_resmlp_focal,focal
E3|Q86XK2|O95863,E3|Q86XK2,E3,Q86XK2,O95863,FBXO11,SNAI1,1,3,1,0.9792540073394775,neural_pair_scorer_resmlp_focal,focal
E3|Q86XK2|P04637,E3|Q86XK2,E3,Q86XK2,P04637,FBXO11,TP53,1,3,1,0.9975801706314087,neural_pair_scorer_resmlp_focal,focal
E3|Q86XK2|P41182,E3|Q86XK2,E3,Q86XK2,P41182,FBXO11,BCL6,1,3,1,0.936381459236145,neural_pair_scorer_resmlp_focal,focal
E3|Q86XK2|Q9NZJ0,E3|Q86XK2,E3,Q86XK2,Q9NZJ0,FBXO11,DTL,1,3,1,0.9864590167999268,neural_pair_scorer_resmlp_focal,focal
E3|Q86XS8|Q15836,E3|Q86XS8,E3,Q86XS8,Q15836,RNF130,VAMP3,1,3,1,0.8805966973304749,neural_pair_scorer_resmlp_focal,focal
E3|Q86XT4|Q86XT4,E3|Q86XT4,E3,Q86XT4,Q86XT4,TRIM50,TRIM50,1,3,1,0.995912492275238,neural_pair_scorer_resmlp_focal,focal
E3|Q86Y01|Q13233,E3|Q86Y01,E3,Q86Y01,Q13233,DTX1,MAP3K1,1,3,1,0.027769021689891815,neural_pair_scorer_resmlp_focal,focal
E3|Q86Y01|Q86Y01,E3|Q86Y01,E3,Q86Y01,Q86Y01,DTX1,DTX1,1,3,1,0.9963411688804626,neural_pair_scorer_resmlp_focal,focal
E3|Q8IWV7|P08100,E3|Q8IWV7,E3,Q8IWV7,P08100,UBR1,RHO,1,3,1,0.055297162383794785,neural_pair_scorer_resmlp_focal,focal
E3|Q8IYU2|P10276,E3|Q8IYU2,E3,Q8IYU2,P10276,HACE1,RARA,1,3,1,0.9053200483322144,neural_pair_scorer_resmlp_focal,focal
E3|Q8IYU2|P10826,E3|Q8IYU2,E3,Q8IYU2,P10826,HACE1,RARB,1,3,1,0.8569501638412476,neural_pair_scorer_resmlp_focal,focal
E3|Q8IYU2|P24385,E3|Q8IYU2,E3,Q8IYU2,P24385,HACE1,CCND1,1,3,1,0.7867759466171265,neural_pair_scorer_resmlp_focal,focal
E3|Q8IYU2|P63000,E3|Q8IYU2,E3,Q8IYU2,P63000,HACE1,RAC1,1,3,1,0.9768552780151367,neural_pair_scorer_resmlp_focal,focal
E3|Q8IYU2|Q8NBJ4,E3|Q8IYU2,E3,Q8IYU2,Q8NBJ4,HACE1,GOLM1,1,3,1,0.041358865797519684,neural_pair_scorer_resmlp_focal,focal
E3|Q8IYU2|Q96CV9,E3|Q8IYU2,E3,Q8IYU2,Q96CV9,HACE1,OPTN,1,3,1,0.9726386666297913,neural_pair_scorer_resmlp_focal,focal
E3|Q8IYU2|Q9Y657,E3|Q8IYU2,E3,Q8IYU2,Q9Y657,HACE1,SPIN1,1,3,1,0.031499896198511124,neural_pair_scorer_resmlp_focal,focal
E3|Q8N9I9|P13010,E3|Q8N9I9,E3,Q8N9I9,P13010,DTX3,XRCC5,1,3,1,0.993279755115509,neural_pair_scorer_resmlp_focal,focal
E3|Q8N9I9|Q04721,E3|Q8N9I9,E3,Q8N9I9,Q04721,DTX3,NOTCH2,1,3,1,0.5262629389762878,neural_pair_scorer_resmlp_focal,focal
E3|Q8N9I9|Q8N9I9,E3|Q8N9I9,E3,Q8N9I9,Q8N9I9,DTX3,DTX3,1,3,1,0.9966155886650085,neural_pair_scorer_resmlp_focal,focal
E3|Q8NHM5|P01100,E3|Q8NHM5,E3,Q8NHM5,P01100,KDM2B,FOS,1,3,1,0.8613782525062561,neural_pair_scorer_resmlp_focal,focal
E3|Q8NHM5|Q16777,E3|Q8NHM5,E3,Q8NHM5,Q16777,KDM2B,H2AC20,1,3,1,0.9848693609237671,neural_pair_scorer_resmlp_focal,focal
E3|Q8TDB6|P06899,E3|Q8TDB6,E3,Q8TDB6,P06899,DTX3L,H2BC11,1,3,1,0.9709802269935608,neural_pair_scorer_resmlp_focal,focal
E3|Q8TDB6|P62805,E3|Q8TDB6,E3,Q8TDB6,P62805,DTX3L,H4C1,1,3,1,0.24790571630001068,neural_pair_scorer_resmlp_focal,focal
E3|Q8TDB6|Q13501,E3|Q8TDB6,E3,Q8TDB6,Q13501,DTX3L,HIST1H2BJ,1,3,1,0.9939494132995605,neural_pair_scorer_resmlp_focal,focal
E3|Q8TDB6|Q8TDB6,E3|Q8TDB6,E3,Q8TDB6,Q8TDB6,DTX3L,DTX3L,1,3,1,0.9967606663703918,neural_pair_scorer_resmlp_focal,focal
E3|Q8TEB7|O15511,E3|Q8TEB7,E3,Q8TEB7,O15511,RNF128,ARPC5,1,3,1,0.20041601359844208,neural_pair_scorer_resmlp_focal,focal
E3|Q8TEB7|P04637,E3|Q8TEB7,E3,Q8TEB7,P04637,RNF128,TP53,1,3,1,0.9938026666641235,neural_pair_scorer_resmlp_focal,focal
E3|Q8TEB7|P16070,E3|Q8TEB7,E3,Q8TEB7,P16070,RNF128,CD44,1,3,1,0.8298701643943787,neural_pair_scorer_resmlp_focal,focal
E3|Q8TEB7|P29965,E3|Q8TEB7,E3,Q8TEB7,P29965,RNF128,CD40LG,1,3,1,0.5527703762054443,neural_pair_scorer_resmlp_focal,focal
E3|Q8TEB7|P31146,E3|Q8TEB7,E3,Q8TEB7,P31146,RNF128,CORO1A,1,3,1,0.2232561856508255,neural_pair_scorer_resmlp_focal,focal
E3|Q8TEB7|P52565,E3|Q8TEB7,E3,Q8TEB7,P52565,RNF128,ARHGDIA,1,3,1,0.8575376868247986,neural_pair_scorer_resmlp_focal,focal
E3|Q8TEB7|P52566,E3|Q8TEB7,E3,Q8TEB7,P52566,RNF128,ARHGDIB,1,3,1,0.9205644726753235,neural_pair_scorer_resmlp_focal,focal
E3|Q8TEB7|Q01151,E3|Q8TEB7,E3,Q8TEB7,Q01151,RNF128,CD83,1,3,1,0.9247249364852905,neural_pair_scorer_resmlp_focal,focal
E3|Q8WXG1|P51617,E3|Q8WXG1,E3,Q8WXG1,P51617,RSAD2,IRAK1,1,3,1,0.2953101098537445,neural_pair_scorer_resmlp_focal,focal
E3|Q96D59|O14763,E3|Q96D59,E3,Q96D59,O14763,RNF183,TNFRSF10B,1,3,1,0.963121235370636,neural_pair_scorer_resmlp_focal,focal
E3|Q96D59|P05026,E3|Q96D59,E3,Q96D59,P05026,RNF183,ATP1B1,1,3,1,0.9783977270126343,neural_pair_scorer_resmlp_focal,focal
E3|Q96D59|Q07817,E3|Q96D59,E3,Q96D59,Q07817,RNF183,BCL2L1,1,3,1,0.9561265707015991,neural_pair_scorer_resmlp_focal,focal
E3|Q96DX5|P12277,E3|Q96DX5,E3,Q96DX5,P12277,ASB9,CKB,1,3,1,0.9816861152648926,neural_pair_scorer_resmlp_focal,focal
E3|Q96DX5|P12532,E3|Q96DX5,E3,Q96DX5,P12532,ASB9,CKMT1A,1,3,1,0.938206672668457,neural_pair_scorer_resmlp_focal,focal
E3|Q96EQ8|O95786,E3|Q96EQ8,E3,Q96EQ8,O95786,RNF125,DDX58,1,3,1,0.861972987651825,neural_pair_scorer_resmlp_focal,focal
E3|Q96EQ8|P04637,E3|Q96EQ8,E3,Q96EQ8,P04637,RNF125,TP53,1,3,1,0.9954251646995544,neural_pair_scorer_resmlp_focal,focal
E3|Q96EQ8|P23458,E3|Q96EQ8,E3,Q96EQ8,P23458,RNF125,JAK1,1,3,1,0.15194274485111237,neural_pair_scorer_resmlp_focal,focal
E3|Q96EQ8|Q7Z434,E3|Q96EQ8,E3,Q96EQ8,Q7Z434,RNF125,MAVS,1,3,1,0.05474068969488144,neural_pair_scorer_resmlp_focal,focal
E3|Q96EQ8|Q96EQ8,E3|Q96EQ8,E3,Q96EQ8,Q96EQ8,RNF125,RNF125,1,3,1,0.9969193935394287,neural_pair_scorer_resmlp_focal,focal
E3|Q96EQ8|Q96P20,E3|Q96EQ8,E3,Q96EQ8,Q96P20,RNF125,NLRP3,1,3,1,0.030812615528702736,neural_pair_scorer_resmlp_focal,focal
E3|Q96EQ8|Q9BYX4,E3|Q96EQ8,E3,Q96EQ8,Q9BYX4,RNF125,IFIH1,1,3,1,0.7851436138153076,neural_pair_scorer_resmlp_focal,focal
E3|Q96EQ8|Q9HB29,E3|Q96EQ8,E3,Q96EQ8,Q9HB29,RNF125,IL1RL2,1,3,1,0.014135844074189663,neural_pair_scorer_resmlp_focal,focal
E3|Q96GF1|O14641,E3|Q96GF1,E3,Q96GF1,O14641,RNF185,DVL2,1,3,1,0.2370022088289261,neural_pair_scorer_resmlp_focal,focal
E3|Q96GF1|O75915,E3|Q96GF1,E3,Q96GF1,O75915,RNF185,ARL6IP5,1,3,1,0.9114564061164856,neural_pair_scorer_resmlp_focal,focal
E3|Q96GF1|P13569,E3|Q96GF1,E3,Q96GF1,P13569,RNF185,CFTR,1,3,1,0.9598406553268433,neural_pair_scorer_resmlp_focal,focal
E3|Q96GF1|Q12981,E3|Q96GF1,E3,Q96GF1,Q12981,RNF185,BNIP1,1,3,1,0.3201957046985626,neural_pair_scorer_resmlp_focal,focal
E3|Q96GF1|Q9BRJ7,E3|Q96GF1,E3,Q96GF1,Q9BRJ7,RNF185,NUDT16L1,1,3,1,0.7544212341308594,neural_pair_scorer_resmlp_focal,focal
E3|Q96J02|F5HEZ4,E3|Q96J02,E3,Q96J02,F5HEZ4,ITCH,ORF71,1,3,1,0.02657979167997837,neural_pair_scorer_resmlp_focal,focal
E3|Q96J02|O14641,E3|Q96J02,E3,Q96J02,O14641,ITCH,DVL2,1,3,1,0.9819069504737854,neural_pair_scorer_resmlp_focal,focal
E3|Q96J02|O14964,E3|Q96J02,E3,Q96J02,O14964,ITCH,HGS,1,3,1,0.9922047257423401,neural_pair_scorer_resmlp_focal,focal
E3|Q96J02|O15105,E3|Q96J02,E3,Q96J02,O15105,ITCH,SMAD7,1,3,1,0.9877555966377258,neural_pair_scorer_resmlp_focal,focal
E3|Q96J02|O15350,E3|Q96J02,E3,Q96J02,O15350,ITCH,TP73,1,3,1,0.9971662163734436,neural_pair_scorer_resmlp_focal,focal
E3|Q96J02|O15357,E3|Q96J02,E3,Q96J02,O15357,ITCH,INPPL1,1,3,1,0.9752253890037537,neural_pair_scorer_resmlp_focal,focal
E3|Q96J02|O15519,E3|Q96J02,E3,Q96J02,O15519,ITCH,CFLAR,1,3,1,0.06819362193346024,neural_pair_scorer_resmlp_focal,focal
E3|Q96J02|O43294,E3|Q96J02,E3,Q96J02,O43294,ITCH,TGFB1I1,1,3,1,0.994049072265625,neural_pair_scorer_resmlp_focal,focal
E3|Q96J02|O43318,E3|Q96J02,E3,Q96J02,O43318,ITCH,MAP3K7,1,3,1,0.9931414723396301,neural_pair_scorer_resmlp_focal,focal
E3|Q96J02|O43353,E3|Q96J02,E3,Q96J02,O43353,ITCH,RIPK2,1,3,1,0.9858661890029907,neural_pair_scorer_resmlp_focal,focal
E3|Q96J02|O60240,E3|Q96J02,E3,Q96J02,O60240,ITCH,PLIN1,1,3,1,0.08805958181619644,neural_pair_scorer_resmlp_focal,focal
E3|Q96J02|O75581,E3|Q96J02,E3,Q96J02,O75581,ITCH,LRP6,1,3,1,0.6691190004348755,neural_pair_scorer_resmlp_focal,focal
E3|Q96J02|O95835,E3|Q96J02,E3,Q96J02,O95835,ITCH,LATS1,1,3,1,0.9707279801368713,neural_pair_scorer_resmlp_focal,focal
E3|Q96J02|O95999,E3|Q96J02,E3,Q96J02,O95999,ITCH,BCL10,1,3,1,0.986156165599823,neural_pair_scorer_resmlp_focal,focal
E3|Q96J02|P00533,E3|Q96J02,E3,Q96J02,P00533,ITCH,EGFR,1,3,1,0.9862902760505676,neural_pair_scorer_resmlp_focal,focal
E3|Q96J02|P05412,E3|Q96J02,E3,Q96J02,P05412,ITCH,JUN,1,3,1,0.3595048189163208,neural_pair_scorer_resmlp_focal,focal
E3|Q96J02|P05777,E3|Q96J02,E3,Q96J02,P05777,ITCH,M,1,3,1,0.016743116080760956,neural_pair_scorer_resmlp_focal,focal
E3|Q96J02|P06241,E3|Q96J02,E3,Q96J02,P06241,ITCH,FYN,1,3,1,0.989929735660553,neural_pair_scorer_resmlp_focal,focal
E3|Q96J02|P08151,E3|Q96J02,E3,Q96J02,P08151,ITCH,GLI1,1,3,1,0.9845187664031982,neural_pair_scorer_resmlp_focal,focal
E3|Q96J02|P15056,E3|Q96J02,E3,Q96J02,P15056,ITCH,BRAF,1,3,1,0.9846398830413818,neural_pair_scorer_resmlp_focal,focal
E3|Q96J02|P16403,E3|Q96J02,E3,Q96J02,P16403,ITCH,H1-2,1,3,1,0.05300825089216232,neural_pair_scorer_resmlp_focal,focal
E3|Q96J02|P17275,E3|Q96J02,E3,Q96J02,P17275,ITCH,JUNB,1,3,1,0.25895461440086365,neural_pair_scorer_resmlp_focal,focal
E3|Q96J02|P17844,E3|Q96J02,E3,Q96J02,P17844,ITCH,DDX5,1,3,1,0.9520323872566223,neural_pair_scorer_resmlp_focal,focal
E3|Q96J02|P19174,E3|Q96J02,E3,Q96J02,P19174,ITCH,PLCG1,1,3,1,0.08155277371406555,neural_pair_scorer_resmlp_focal,focal
E3|Q96J02|P20963,E3|Q96J02,E3,Q96J02,P20963,ITCH,CD247,1,3,1,0.27088508009910583,neural_pair_scorer_resmlp_focal,focal
E3|Q96J02|P21860,E3|Q96J02,E3,Q96J02,P21860,ITCH,ERBB3,1,3,1,0.9648293852806091,neural_pair_scorer_resmlp_focal,focal
E3|Q96J02|P22681,E3|Q96J02,E3,Q96J02,P22681,ITCH,CBL,1,3,1,0.9608153700828552,neural_pair_scorer_resmlp_focal,focal
E3|Q96J02|P45985,E3|Q96J02,E3,Q96J02,P45985,ITCH,MAP2K4,1,3,1,0.9925782084465027,neural_pair_scorer_resmlp_focal,focal
E3|Q96J02|P46531,E3|Q96J02,E3,Q96J02,P46531,ITCH,NOTCH1,1,3,1,0.9802149534225464,neural_pair_scorer_resmlp_focal,focal
E3|Q96J02|P46937,E3|Q96J02,E3,Q96J02,P46937,ITCH,YAP1,1,3,1,0.995335042476654,neural_pair_scorer_resmlp_focal,focal
E3|Q96J02|P55957,E3|Q96J02,E3,Q96J02,P55957,ITCH,BID,1,3,1,0.9656241536140442,neural_pair_scorer_resmlp_focal,focal
E3|Q96J02|P61073,E3|Q96J02,E3,Q96J02,P61073,ITCH,CXCR4,1,3,1,0.9352386593818665,neural_pair_scorer_resmlp_focal,focal
E3|Q96J02|Q01860,E3|Q96J02,E3,Q96J02,Q01860,ITCH,POU5F1,1,3,1,0.9785488247871399,neural_pair_scorer_resmlp_focal,focal
E3|Q96J02|Q12778,E3|Q96J02,E3,Q96J02,Q12778,ITCH,FOXO1,1,3,1,0.9548798203468323,neural_pair_scorer_resmlp_focal,focal
E3|Q96J02|Q13118,E3|Q96J02,E3,Q96J02,Q13118,ITCH,KLF10,1,3,1,0.7323436141014099,neural_pair_scorer_resmlp_focal,focal
E3|Q96J02|Q13490,E3|Q96J02,E3,Q96J02,Q13490,ITCH,BIRC2,1,3,1,0.9911755323410034,neural_pair_scorer_resmlp_focal,focal
E3|Q96J02|Q13546,E3|Q96J02,E3,Q96J02,Q13546,ITCH,RIPK1,1,3,1,0.9920657277107239,neural_pair_scorer_resmlp_focal,focal
E3|Q96J02|Q13571,E3|Q96J02,E3,Q96J02,Q13571,ITCH,LAPTM5,1,3,1,0.8590285778045654,neural_pair_scorer_resmlp_focal,focal
E3|Q96J02|Q13635,E3|Q96J02,E3,Q96J02,Q13635,ITCH,PTCH1,1,3,1,0.8521755337715149,neural_pair_scorer_resmlp_focal,focal
E3|Q96J02|Q14511,E3|Q96J02,E3,Q96J02,Q14511,ITCH,NEDD9,1,3,1,0.9888274669647217,neural_pair_scorer_resmlp_focal,focal
E3|Q96J02|Q15303,E3|Q96J02,E3,Q96J02,Q15303,ITCH,ERBB4,1,3,1,0.963874876499176,neural_pair_scorer_resmlp_focal,focal
E3|Q96J02|Q15583,E3|Q96J02,E3,Q96J02,Q15583,ITCH,TGIF1,1,3,1,0.9327107071876526,neural_pair_scorer_resmlp_focal,focal
E3|Q96J02|Q15750,E3|Q96J02,E3,Q96J02,Q15750,ITCH,TAB1,1,3,1,0.984252393245697,neural_pair_scorer_resmlp_focal,focal
E3|Q96J02|Q15796,E3|Q96J02,E3,Q96J02,Q15796,ITCH,SMAD2,1,3,1,0.9942578077316284,neural_pair_scorer_resmlp_focal,focal
E3|Q96J02|Q15811,E3|Q96J02,E3,Q96J02,Q15811,ITCH,ITSN1,1,3,1,0.7699787616729736,neural_pair_scorer_resmlp_focal,focal
E3|Q96J02|Q16621,E3|Q96J02,E3,Q96J02,Q16621,ITCH,NFE2,1,3,1,0.9623159170150757,neural_pair_scorer_resmlp_focal,focal
E3|Q96J02|Q16625,E3|Q96J02,E3,Q96J02,Q16625,ITCH,OCLN,1,3,1,0.9601200222969055,neural_pair_scorer_resmlp_focal,focal
E3|Q96J02|Q16630,E3|Q96J02,E3,Q96J02,Q16630,ITCH,CPSF6,1,3,1,0.8240439295768738,neural_pair_scorer_resmlp_focal,focal
E3|Q96J02|Q16655,E3|Q96J02,E3,Q96J02,Q16655,ITCH,MLANA,1,3,1,0.9163342714309692,neural_pair_scorer_resmlp_focal,focal
E3|Q96J02|Q3T906,E3|Q96J02,E3,Q96J02,Q3T906,ITCH,GNPTAB,1,3,1,0.032891396433115005,neural_pair_scorer_resmlp_focal,focal
E3|Q96J02|Q4VCS5,E3|Q96J02,E3,Q96J02,Q4VCS5,ITCH,AMOT,1,3,1,0.9922214150428772,neural_pair_scorer_resmlp_focal,focal
E3|Q96J02|Q6PJG6,E3|Q96J02,E3,Q96J02,Q6PJG6,ITCH,BRAT1,1,3,1,0.992606520652771,neural_pair_scorer_resmlp_focal,focal
E3|Q96J02|Q7Z434,E3|Q96J02,E3,Q96J02,Q7Z434,ITCH,MAVS,1,3,1,0.9539449214935303,neural_pair_scorer_resmlp_focal,focal
E3|Q96J02|Q86Y01,E3|Q96J02,E3,Q96J02,Q86Y01,ITCH,DTX1,1,3,1,0.98807293176651,neural_pair_scorer_resmlp_focal,focal
E3|Q96J02|Q8NEA6,E3|Q96J02,E3,Q96J02,Q8NEA6,ITCH,GLIS3,1,3,1,0.9657442569732666,neural_pair_scorer_resmlp_focal,focal
E3|Q96J02|Q8WWW0,E3|Q96J02,E3,Q96J02,Q8WWW0,ITCH,RASSF5,1,3,1,0.9541622400283813,neural_pair_scorer_resmlp_focal,focal
E3|Q96J02|Q96J02,E3|Q96J02,E3,Q96J02,Q96J02,ITCH,ITCH,1,3,1,0.9949054718017578,neural_pair_scorer_resmlp_focal,focal
E3|Q96J02|Q99541,E3|Q96J02,E3,Q96J02,Q99541,ITCH,PLIN2,1,3,1,0.12487400323152542,neural_pair_scorer_resmlp_focal,focal
E3|Q96J02|Q99962,E3|Q96J02,E3,Q96J02,Q99962,ITCH,SH3GL2,1,3,1,0.9467067122459412,neural_pair_scorer_resmlp_focal,focal
E3|Q96J02|Q9BTU6,E3|Q96J02,E3,Q96J02,Q9BTU6,ITCH,PI4K2A,1,3,1,0.6680724024772644,neural_pair_scorer_resmlp_focal,focal
E3|Q96J02|Q9H3D4,E3|Q96J02,E3,Q96J02,Q9H3D4,ITCH,TP63,1,3,1,0.9971714615821838,neural_pair_scorer_resmlp_focal,focal
E3|Q96J02|Q9H3M7,E3|Q96J02,E3,Q96J02,Q9H3M7,ITCH,TXNIP,1,3,1,0.9674324989318848,neural_pair_scorer_resmlp_focal,focal
E3|Q96J02|Q9HBA0,E3|Q96J02,E3,Q96J02,Q9HBA0,ITCH,TRPV4,1,3,1,0.9454121589660645,neural_pair_scorer_resmlp_focal,focal
E3|Q96J02|Q9UBN4,E3|Q96J02,E3,Q96J02,Q9UBN4,ITCH,TRPC4,1,3,1,0.9382805228233337,neural_pair_scorer_resmlp_focal,focal
E3|Q96J02|Q9UM47,E3|Q96J02,E3,Q96J02,Q9UM47,ITCH,NOTCH3,1,3,1,0.9759024977684021,neural_pair_scorer_resmlp_focal,focal
E3|Q96J02|Q9UMX1,E3|Q96J02,E3,Q96J02,Q9UMX1,ITCH,SUFU,1,3,1,0.9901414513587952,neural_pair_scorer_resmlp_focal,focal
E3|Q96J02|Q9Y371,E3|Q96J02,E3,Q96J02,Q9Y371,ITCH,SH3GLB1,1,3,1,0.8837525248527527,neural_pair_scorer_resmlp_focal,focal
E3|Q96J02|Q9Y5X1,E3|Q96J02,E3,Q96J02,Q9Y5X1,ITCH,SNX9,1,3,1,0.9877410531044006,neural_pair_scorer_resmlp_focal,focal
E3|Q96M94|Q15173,E3|Q96M94,E3,Q96M94,Q15173,KLHL15,PPP2R5B,1,3,1,0.22626811265945435,neural_pair_scorer_resmlp_focal,focal
E3|Q96M94|Q99708,E3|Q96M94,E3,Q96M94,Q99708,KLHL15,RBBP8,1,3,1,0.09610453248023987,neural_pair_scorer_resmlp_focal,focal
E3|Q96RU7|Q07869,E3|Q96RU7,E3,Q96RU7,Q07869,TRIB3,PPARA,1,3,1,0.9510586261749268,neural_pair_scorer_resmlp_focal,focal
E3|Q96T88|P04637,E3|Q96T88,E3,Q96T88,P04637,UHRF1,TP53,1,3,1,0.9981852173805237,neural_pair_scorer_resmlp_focal,focal
E3|Q96T88|P26358,E3|Q96T88,E3,Q96T88,P26358,UHRF1,DNMT1,1,3,1,0.948555588722229,neural_pair_scorer_resmlp_focal,focal
E3|Q96T88|P29590,E3|Q96T88,E3,Q96T88,P29590,UHRF1,PML,1,3,1,0.9863988161087036,neural_pair_scorer_resmlp_focal,focal
E3|Q96T88|P68431,E3|Q96T88,E3,Q96T88,P68431,UHRF1,H3C1,1,3,1,0.9827871322631836,neural_pair_scorer_resmlp_focal,focal
E3|Q96T88|Q16778,E3|Q96T88,E3,Q96T88,Q16778,UHRF1,H2BC21,1,3,1,0.9818155169487,neural_pair_scorer_resmlp_focal,focal
E3|Q99496|A6NK89,E3|Q99496,E3,Q99496,A6NK89,RNF2,RASSF10,1,3,1,0.9625556468963623,neural_pair_scorer_resmlp_focal,focal
E3|Q99496|O75496,E3|Q99496,E3,Q99496,O75496,RNF2,GMNN,1,3,1,0.9972537159919739,neural_pair_scorer_resmlp_focal,focal
E3|Q99496|P0C0S5,E3|Q99496,E3,Q99496,P0C0S5,RNF2,H2AZ1,1,3,1,0.9760231971740723,neural_pair_scorer_resmlp_focal,focal
E3|Q99496|P0C0S8,E3|Q99496,E3,Q99496,P0C0S8,RNF2,H2AC11,1,3,1,0.9847570061683655,neural_pair_scorer_resmlp_focal,focal
E3|Q99496|P16104,E3|Q99496,E3,Q99496,P16104,RNF2,H2AX,1,3,1,0.9911052584648132,neural_pair_scorer_resmlp_focal,focal
E3|Q99496|P23921,E3|Q99496,E3,Q99496,P23921,RNF2,RRM1,1,3,1,0.9740619659423828,neural_pair_scorer_resmlp_focal,focal
E3|Q99496|Q16777,E3|Q99496,E3,Q99496,Q16777,RNF2,H2AC20,1,3,1,0.9875723123550415,neural_pair_scorer_resmlp_focal,focal
E3|Q99496|Q6FI13,E3|Q99496,E3,Q99496,Q6FI13,RNF2,H2AC18,1,3,1,0.9839904308319092,neural_pair_scorer_resmlp_focal,focal
E3|Q99496|Q8N488,E3|Q99496,E3,Q99496,Q8N488,RNF2,RYBP,1,3,1,0.9481992721557617,neural_pair_scorer_resmlp_focal,focal
E3|Q99496|Q99496,E3|Q99496,E3,Q99496,Q99496,RNF2,RNF2,1,3,1,0.998210072517395,neural_pair_scorer_resmlp_focal,focal
E3|Q99496|Q9C0C7,E3|Q99496,E3,Q99496,Q9C0C7,RNF2,AMBRA1,1,3,1,0.08492904901504517,neural_pair_scorer_resmlp_focal,focal
E3|Q99675|P00533,E3|Q99675,E3,Q99675,P00533,CGRRF1,EGFR,1,3,1,0.9056627750396729,neural_pair_scorer_resmlp_focal,focal
E3|Q99675|Q5T9L3,E3|Q99675,E3,Q99675,Q5T9L3,CGRRF1,WLS,1,3,1,0.06073054298758507,neural_pair_scorer_resmlp_focal,focal
E3|Q9BV68|P00533,E3|Q9BV68,E3,Q9BV68,P00533,RNF126,EGFR,1,3,1,0.9906722903251648,neural_pair_scorer_resmlp_focal,focal
E3|Q9BV68|P04637,E3|Q9BV68,E3,Q9BV68,P04637,RNF126,TP53,1,3,1,0.9959868788719177,neural_pair_scorer_resmlp_focal,focal
E3|Q9BV68|P08581,E3|Q9BV68,E3,Q9BV68,P08581,RNF126,MET,1,3,1,0.14009176194667816,neural_pair_scorer_resmlp_focal,focal
E3|Q9BV68|P36888,E3|Q9BV68,E3,Q9BV68,P36888,RNF126,FLT3,1,3,1,0.09516125172376633,neural_pair_scorer_resmlp_focal,focal
E3|Q9BV68|P38936,E3|Q9BV68,E3,Q9BV68,P38936,RNF126,CDKN1A,1,3,1,0.9845589995384216,neural_pair_scorer_resmlp_focal,focal
E3|Q9BV68|P60484,E3|Q9BV68,E3,Q9BV68,P60484,RNF126,PTEN,1,3,1,0.9946439266204834,neural_pair_scorer_resmlp_focal,focal
E3|Q9BV68|P61073,E3|Q9BV68,E3,Q9BV68,P61073,RNF126,CXCR4,1,3,1,0.11928888410329819,neural_pair_scorer_resmlp_focal,focal
E3|Q9BV68|Q9GZX7,E3|Q9BV68,E3,Q9BV68,Q9GZX7,RNF126,AICDA,1,3,1,0.15707096457481384,neural_pair_scorer_resmlp_focal,focal
E3|Q9BYM8|O14867,E3|Q9BYM8,E3,Q9BYM8,O14867,RBCK1,BACH1,1,3,1,0.024351585656404495,neural_pair_scorer_resmlp_focal,focal
E3|Q9BYM8|O75469,E3|Q9BYM8,E3,Q9BYM8,O75469,RBCK1,NR1I2,1,3,1,0.04882633313536644,neural_pair_scorer_resmlp_focal,focal
E3|Q9BYM8|P17252,E3|Q9BYM8,E3,Q9BYM8,P17252,RBCK1,PRKCA,1,3,1,0.9917824268341064,neural_pair_scorer_resmlp_focal,focal
E3|Q9BYM8|P48200,E3|Q9BYM8,E3,Q9BYM8,P48200,RBCK1,IREB2,1,3,1,0.35627642273902893,neural_pair_scorer_resmlp_focal,focal
E3|Q9BYM8|Q13546,E3|Q9BYM8,E3,Q9BYM8,Q13546,RBCK1,RIPK1,1,3,1,0.9883643388748169,neural_pair_scorer_resmlp_focal,focal
E3|Q9BYM8|Q14258,E3|Q9BYM8,E3,Q9BYM8,Q14258,RBCK1,TRIM25,1,3,1,0.16007861495018005,neural_pair_scorer_resmlp_focal,focal
E3|Q9BYM8|Q14653,E3|Q9BYM8,E3,Q9BYM8,Q14653,RBCK1,IRF3,1,3,1,0.6941166520118713,neural_pair_scorer_resmlp_focal,focal
E3|Q9BYM8|Q8N5C8,E3|Q9BYM8,E3,Q9BYM8,Q8N5C8,RBCK1,TAB3,1,3,1,0.118631511926651,neural_pair_scorer_resmlp_focal,focal
E3|Q9BYM8|Q9BYM8,E3|Q9BYM8,E3,Q9BYM8,Q9BYM8,RBCK1,RBCK1,1,3,1,0.9910597205162048,neural_pair_scorer_resmlp_focal,focal
E3|Q9BYM8|Q9NYJ8,E3|Q9BYM8,E3,Q9BYM8,Q9NYJ8,RBCK1,TAB2,1,3,1,0.12002633512020111,neural_pair_scorer_resmlp_focal,focal
E3|Q9BYM8|Q9Y6K9,E3|Q9BYM8,E3,Q9BYM8,Q9Y6K9,RBCK1,IKBKG,1,3,1,0.8477748036384583,neural_pair_scorer_resmlp_focal,focal
E3|Q9BZR9|O15524,E3|Q9BZR9,E3,Q9BZR9,O15524,TRIM8,SOCS1,1,3,1,0.8053041100502014,neural_pair_scorer_resmlp_focal,focal
E3|Q9BZR9|O43318,E3|Q9BZR9,E3,Q9BZR9,O43318,TRIM8,MAP3K7,1,3,1,0.9831033945083618,neural_pair_scorer_resmlp_focal,focal
E3|Q9BZR9|P03372,E3|Q9BZR9,E3,Q9BZR9,P03372,TRIM8,ESR1,1,3,1,0.9916176199913025,neural_pair_scorer_resmlp_focal,focal
E3|Q9C030|P78543,E3|Q9C030,E3,Q9C030,P78543,TRIM6,BTG2,1,3,1,0.4651195704936981,neural_pair_scorer_resmlp_focal,focal
E3|Q9C0C9|O94992,E3|Q9C0C9,E3,Q9C0C9,O94992,UBE2O,HEXIM1,1,3,1,0.8870529532432556,neural_pair_scorer_resmlp_focal,focal
E3|Q9C0C9|P50539,E3|Q9C0C9,E3,Q9C0C9,P50539,UBE2O,MXI1,1,3,1,0.9334481358528137,neural_pair_scorer_resmlp_focal,focal
E3|Q9H000|O00425,E3|Q9H000,E3,Q9H000,O00425,MKRN2,IGF2BP3,1,3,1,0.9883337020874023,neural_pair_scorer_resmlp_focal,focal
E3|Q9H000|P04637,E3|Q9H000,E3,Q9H000,P04637,MKRN2,TP53,1,3,1,0.9982486963272095,neural_pair_scorer_resmlp_focal,focal
E3|Q9H469|O00308,E3|Q9H469,E3,Q9H469,O00308,FBXL15,WWP2,1,3,1,0.6114746332168579,neural_pair_scorer_resmlp_focal,focal
E3|Q9H469|Q9HAU4,E3|Q9H469,E3,Q9H469,Q9HAU4,FBXL15,SMURF2,1,3,1,0.8536087870597839,neural_pair_scorer_resmlp_focal,focal
E3|Q9H469|Q9HCE7,E3|Q9H469,E3,Q9H469,Q9HCE7,FBXL15,SMURF1,1,3,1,0.8438661098480225,neural_pair_scorer_resmlp_focal,focal
E3|Q9H4P4|O60260,E3|Q9H4P4,E3,Q9H4P4,O60260,RNF41,PARK2,1,3,1,0.09425106644630432,neural_pair_scorer_resmlp_focal,focal
E3|Q9H4P4|P11678,E3|Q9H4P4,E3,Q9H4P4,P11678,RNF41,EPX,1,3,1,0.11423967033624649,neural_pair_scorer_resmlp_focal,focal
E3|Q9H4P4|P17676,E3|Q9H4P4,E3,Q9H4P4,P17676,RNF41,CEBPB,1,3,1,0.038356341421604156,neural_pair_scorer_resmlp_focal,focal
E3|Q9H4P4|P21860,E3|Q9H4P4,E3,Q9H4P4,P21860,RNF41,ERBB3,1,3,1,0.11261651664972305,neural_pair_scorer_resmlp_focal,focal
E3|Q9H4P4|P43403,E3|Q9H4P4,E3,Q9H4P4,P43403,RNF41,ZAP70,1,3,1,0.02848145179450512,neural_pair_scorer_resmlp_focal,focal
E3|Q9H4P4|Q14653,E3|Q9H4P4,E3,Q9H4P4,Q14653,RNF41,IRF3,1,3,1,0.992358386516571,neural_pair_scorer_resmlp_focal,focal
E3|Q9H4P4|Q15303,E3|Q9H4P4,E3,Q9H4P4,Q15303,RNF41,ERBB4,1,3,1,0.16364136338233948,neural_pair_scorer_resmlp_focal,focal
E3|Q9H4P4|Q6NUN9,E3|Q9H4P4,E3,Q9H4P4,Q6NUN9,RNF41,ZNF746,1,3,1,0.4473491907119751,neural_pair_scorer_resmlp_focal,focal
E3|Q9H4P4|Q99836,E3|Q9H4P4,E3,Q9H4P4,Q99836,RNF41,MYD88,1,3,1,0.09778318554162979,neural_pair_scorer_resmlp_focal,focal
E3|Q9H4P4|Q9H4P4,E3|Q9H4P4,E3,Q9H4P4,Q9H4P4,RNF41,RNF41,1,3,1,0.9968780279159546,neural_pair_scorer_resmlp_focal,focal
E3|Q9H4P4|Q9HB71,E3|Q9H4P4,E3,Q9H4P4,Q9HB71,RNF41,CACYBP,1,3,1,0.3468315005302429,neural_pair_scorer_resmlp_focal,focal
E3|Q9H4P4|Q9NR09,E3|Q9H4P4,E3,Q9H4P4,Q9NR09,RNF41,BIRC6,1,3,1,0.04756983742117882,neural_pair_scorer_resmlp_focal,focal
E3|Q9H4P4|Q9UHD2,E3|Q9H4P4,E3,Q9H4P4,Q9UHD2,RNF41,TBK1,1,3,1,0.09929878264665604,neural_pair_scorer_resmlp_focal,focal
E3|Q9NR09|Q9NR28,E3|Q9NR09,E3,Q9NR09,Q9NR28,BIRC6,DIABLO,1,3,1,0.9713397026062012,neural_pair_scorer_resmlp_focal,focal
E3|Q9NSE2|O43521,E3|Q9NSE2,E3,Q9NSE2,O43521,CISH,BCL2L11,1,3,1,0.9363225102424622,neural_pair_scorer_resmlp_focal,focal
E3|Q9NTX7|O15169,E3|Q9NTX7,E3,Q9NTX7,O15169,RNF146,AXIN1,1,3,1,0.9542930126190186,neural_pair_scorer_resmlp_focal,focal
E3|Q9NTX7|O15234,E3|Q9NTX7,E3,Q9NTX7,O15234,RNF146,CASC3,1,3,1,0.9735018610954285,neural_pair_scorer_resmlp_focal,focal
E3|Q9NTX7|O60239,E3|Q9NTX7,E3,Q9NTX7,O60239,RNF146,SH3BP5,1,3,1,0.34551483392715454,neural_pair_scorer_resmlp_focal,focal
E3|Q9NTX7|O95271,E3|Q9NTX7,E3,Q9NTX7,O95271,RNF146,TNKS,1,3,1,0.9899049401283264,neural_pair_scorer_resmlp_focal,focal
E3|Q9NTX7|P09874,E3|Q9NTX7,E3,Q9NTX7,P09874,RNF146,PARP1,1,3,1,0.9981364011764526,neural_pair_scorer_resmlp_focal,focal
E3|Q9NTX7|P12956,E3|Q9NTX7,E3,Q9NTX7,P12956,RNF146,XRCC6,1,3,1,0.9966051578521729,neural_pair_scorer_resmlp_focal,focal
E3|Q9NTX7|P18887,E3|Q9NTX7,E3,Q9NTX7,P18887,RNF146,XRCC1,1,3,1,0.9955098628997803,neural_pair_scorer_resmlp_focal,focal
E3|Q9NTX7|Q7L8J4,E3|Q9NTX7,E3,Q9NTX7,Q7L8J4,RNF146,SH3BP5L,1,3,1,0.017822934314608574,neural_pair_scorer_resmlp_focal,focal
E3|Q9NTX7|Q9H2G9,E3|Q9NTX7,E3,Q9NTX7,Q9H2G9,RNF146,BLZF1,1,3,1,0.9160193204879761,neural_pair_scorer_resmlp_focal,focal
E3|Q9NTX7|Q9H2K2,E3|Q9NTX7,E3,Q9NTX7,Q9H2K2,RNF146,TNKS2,1,3,1,0.9959302544593811,neural_pair_scorer_resmlp_focal,focal
E3|Q9NTX7|Q9Y2T1,E3|Q9NTX7,E3,Q9NTX7,Q9Y2T1,RNF146,AXIN2,1,3,1,0.8811803460121155,neural_pair_scorer_resmlp_focal,focal
E3|Q9NW38|P35222,E3|Q9NW38,E3,Q9NW38,P35222,FANCL,CTNNB1,1,3,1,0.9129824638366699,neural_pair_scorer_resmlp_focal,focal
E3|Q9NW38|Q9BXW9,E3|Q9NW38,E3,Q9NW38,Q9BXW9,FANCL,FANCD2,1,3,1,0.30644193291664124,neural_pair_scorer_resmlp_focal,focal
E3|Q9NW38|Q9NVI1,E3|Q9NW38,E3,Q9NW38,Q9NVI1,FANCL,FANCI,1,3,1,0.2385842204093933,neural_pair_scorer_resmlp_focal,focal
E3|Q9NXI6|P58004,E3|Q9NXI6,E3,Q9NXI6,P58004,RNF186,SESN2,1,3,1,0.09449581056833267,neural_pair_scorer_resmlp_focal,focal
E3|Q9NZS9|P01135,E3|Q9NZS9,E3,Q9NZS9,P01135,BFAR,TGFA,1,3,1,0.7065282464027405,neural_pair_scorer_resmlp_focal,focal
E3|Q9NZS9|P55061,E3|Q9NZS9,E3,Q9NZS9,P55061,BFAR,TMBIM6,1,3,1,0.6276880502700806,neural_pair_scorer_resmlp_focal,focal
E3|Q9P2E8|P01730,E3|Q9P2E8,E3,Q9P2E8,P01730,MARCHF4,CD4,1,3,1,0.9869272112846375,neural_pair_scorer_resmlp_focal,focal
E3|Q9P2E8|P01911,E3|Q9P2E8,E3,Q9P2E8,P01911,MARCHF4,HLA-DRB1,1,3,1,0.8592527508735657,neural_pair_scorer_resmlp_focal,focal
E3|Q9P2E8|Q9GIY3,E3|Q9P2E8,E3,Q9P2E8,Q9GIY3,MARCHF4,HLA-DRB1,1,3,1,0.8592527508735657,neural_pair_scorer_resmlp_focal,focal
E3|Q9P2J3|P14635,E3|Q9P2J3,E3,Q9P2J3,P14635,KLHL9,CCNB1,1,3,1,0.9816005229949951,neural_pair_scorer_resmlp_focal,focal
E3|Q9P2J3|P17676,E3|Q9P2J3,E3,Q9P2J3,P17676,KLHL9,CEBPB,1,3,1,0.10631418228149414,neural_pair_scorer_resmlp_focal,focal
E3|Q9P2J3|Q6PGQ7,E3|Q9P2J3,E3,Q9P2J3,Q6PGQ7,KLHL9,BORA,1,3,1,0.949907660484314,neural_pair_scorer_resmlp_focal,focal
E3|Q9P2J3|Q96GD4,E3|Q9P2J3,E3,Q9P2J3,Q96GD4,KLHL9,AURKB,1,3,1,0.8995821475982666,neural_pair_scorer_resmlp_focal,focal
E3|Q9UDY8|Q9Y6K9,E3|Q9UDY8,E3,Q9UDY8,Q9Y6K9,MALT1,IKBKG,1,3,1,0.9929487705230713,neural_pair_scorer_resmlp_focal,focal
E3|Q9UH77|Q96J92,E3|Q9UH77,E3,Q9UH77,Q96J92,KLHL3,WNK4,1,3,1,0.9391807913780212,neural_pair_scorer_resmlp_focal,focal
E3|Q9UH77|Q9H4A3,E3|Q9UH77,E3,Q9UH77,Q9H4A3,KLHL3,WNK1,1,3,1,0.9454524517059326,neural_pair_scorer_resmlp_focal,focal
E3|Q9UK22|P02765,E3|Q9UK22,E3,Q9UK22,P02765,FBXO2,AHSG,1,3,1,0.056372690945863724,neural_pair_scorer_resmlp_focal,focal
E3|Q9UK22|P05556,E3|Q9UK22,E3,Q9UK22,P05556,FBXO2,ITGB1,1,3,1,0.026799814775586128,neural_pair_scorer_resmlp_focal,focal
E3|Q9UK22|P10193,E3|Q9UK22,E3,Q9UK22,P10193,FBXO2,UL9,1,3,1,0.02956843562424183,neural_pair_scorer_resmlp_focal,focal
E3|Q9UK22|P29033,E3|Q9UK22,E3,Q9UK22,P29033,FBXO2,GJB2,1,3,1,0.03142637014389038,neural_pair_scorer_resmlp_focal,focal
E3|Q9UK22|P35555,E3|Q9UK22,E3,Q9UK22,P35555,FBXO2,FBN1,1,3,1,0.0269620418548584,neural_pair_scorer_resmlp_focal,focal
E3|Q9UK22|P56817,E3|Q9UK22,E3,Q9UK22,P56817,FBXO2,BACE1,1,3,1,0.732477605342865,neural_pair_scorer_resmlp_focal,focal
E3|Q9UK22|P78324,E3|Q9UK22,E3,Q9UK22,P78324,FBXO2,SIRPA,1,3,1,0.0357607938349247,neural_pair_scorer_resmlp_focal,focal
E3|Q9UK22|Q05586,E3|Q9UK22,E3,Q9UK22,Q05586,FBXO2,GRIN1,1,3,1,0.7440704703330994,neural_pair_scorer_resmlp_focal,focal
E3|Q9UK22|Q9UHB4,E3|Q9UK22,E3,Q9UK22,Q9UHB4,FBXO2,NDOR1,1,3,1,0.30940037965774536,neural_pair_scorer_resmlp_focal,focal
E3|Q9UK22|Q9UNE7,E3|Q9UK22,E3,Q9UK22,Q9UNE7,FBXO2,STUB1,1,3,1,0.57828688621521,neural_pair_scorer_resmlp_focal,focal
E3|Q9UK97|O43156,E3|Q9UK97,E3,Q9UK97,O43156,FBXO9,TTI1,1,3,1,0.2202182412147522,neural_pair_scorer_resmlp_focal,focal
E3|Q9UK97|Q9H2A3,E3|Q9UK97,E3,Q9UK97,Q9H2A3,FBXO9,NEUROG2,1,3,1,0.3781737685203552,neural_pair_scorer_resmlp_focal,focal
E3|Q9UK97|Q9Y4R8,E3|Q9UK97,E3,Q9UK97,Q9Y4R8,FBXO9,TELO2,1,3,1,0.4986630082130432,neural_pair_scorer_resmlp_focal,focal
E3|Q9UKT6|Q16526,E3|Q9UKT6,E3,Q9UKT6,Q16526,FBXL21P,CRY1,1,3,1,0.990915834903717,neural_pair_scorer_resmlp_focal,focal
E3|Q9UKT6|Q49AN0,E3|Q9UKT6,E3,Q9UKT6,Q49AN0,FBXL21P,CRY2,1,3,1,0.9938779473304749,neural_pair_scorer_resmlp_focal,focal
E3|Q9ULT8|O60331,E3|Q9ULT8,E3,Q9ULT8,O60331,HECTD1,PIP5K1C,1,3,1,0.9368243217468262,neural_pair_scorer_resmlp_focal,focal
E3|Q9ULT8|O95863,E3|Q9ULT8,E3,Q9ULT8,O95863,HECTD1,SNAI1,1,3,1,0.9947341680526733,neural_pair_scorer_resmlp_focal,focal
E3|Q9ULT8|Q9UPN3,E3|Q9ULT8,E3,Q9ULT8,Q9UPN3,HECTD1,MACF1,1,3,1,0.8770015835762024,neural_pair_scorer_resmlp_focal,focal
E3|Q9UPN9|P35222,E3|Q9UPN9,E3,Q9UPN9,P35222,TRIM33,CTNNB1,1,3,1,0.9963610768318176,neural_pair_scorer_resmlp_focal,focal
E3|Q9UPN9|Q13485,E3|Q9UPN9,E3,Q9UPN9,Q13485,TRIM33,SMAD4,1,3,1,0.9978117346763611,neural_pair_scorer_resmlp_focal,focal
E3|Q9UPN9|Q9H6R0,E3|Q9UPN9,E3,Q9UPN9,Q9H6R0,TRIM33,DHX33,1,3,1,0.9499378800392151,neural_pair_scorer_resmlp_focal,focal
E3|Q9Y4L5|P00533,E3|Q9Y4L5,E3,Q9Y4L5,P00533,RNF115,EGFR,1,3,1,0.9907287359237671,neural_pair_scorer_resmlp_focal,focal
E3|Q9Y4L5|P08581,E3|Q9Y4L5,E3,Q9Y4L5,P08581,RNF115,MET,1,3,1,0.1777460128068924,neural_pair_scorer_resmlp_focal,focal
E3|Q9Y4L5|P36888,E3|Q9Y4L5,E3,Q9Y4L5,P36888,RNF115,FLT3,1,3,1,0.22898651659488678,neural_pair_scorer_resmlp_focal,focal
E3|Q9Y4L5|P61073,E3|Q9Y4L5,E3,Q9Y4L5,P61073,RNF115,CXCR4,1,3,1,0.1320265382528305,neural_pair_scorer_resmlp_focal,focal
E3|Q9Y4L5|Q7Z434,E3|Q9Y4L5,E3,Q9Y4L5,Q7Z434,RNF115,MAVS,1,3,1,0.9413740038871765,neural_pair_scorer_resmlp_focal,focal
E3|Q9Y4L5|Q9Y4L5,E3|Q9Y4L5,E3,Q9Y4L5,Q9Y4L5,RNF115,RNF115,1,3,1,0.9958022236824036,neural_pair_scorer_resmlp_focal,focal
E3|Q9Y574|Q02363,E3|Q9Y574,E3,Q9Y574,Q02363,ASB4,ID2,1,3,1,0.7088950276374817,neural_pair_scorer_resmlp_focal,focal
DUB|O75317|O60346,DUB|O75317,DUB,O75317,O60346,USP12,PHLPP1,1,3,1,0.9893971681594849,neural_pair_scorer_resmlp_focal,focal
DUB|O75317|P0C0S8,DUB|O75317,DUB,O75317,P0C0S8,USP12,HIST1H2AM,1,3,1,0.9579741358757019,neural_pair_scorer_resmlp_focal,focal
DUB|O75317|P10275,DUB|O75317,DUB,O75317,P10275,USP12,AR,1,3,1,0.9937236905097961,neural_pair_scorer_resmlp_focal,focal
DUB|O75317|P62807,DUB|O75317,DUB,O75317,P62807,USP12,HIST1H2BI,1,3,1,0.9895357489585876,neural_pair_scorer_resmlp_focal,focal
DUB|O75317|Q00987,DUB|O75317,DUB,O75317,Q00987,USP12,MDM2,1,3,1,0.9944443106651306,neural_pair_scorer_resmlp_focal,focal
DUB|O75317|Q16777,DUB|O75317,DUB,O75317,Q16777,USP12,HIST2H2AC,1,3,1,0.9676718711853027,neural_pair_scorer_resmlp_focal,focal
DUB|O75317|Q16778,DUB|O75317,DUB,O75317,Q16778,USP12,HIST2H2BE,1,3,1,0.988784909248352,neural_pair_scorer_resmlp_focal,focal
DUB|O75317|Q6ZVD8,DUB|O75317,DUB,O75317,Q6ZVD8,USP12,PHLPP2,1,3,1,0.9147447347640991,neural_pair_scorer_resmlp_focal,focal
DUB|P46736|O15287,DUB|P46736,DUB,P46736,O15287,BRCC3,FANCG,1,3,1,0.652575671672821,neural_pair_scorer_resmlp_focal,focal
DUB|P46736|O60674,DUB|P46736,DUB,P46736,O60674,BRCC3,JAK2,1,3,1,0.15587012469768524,neural_pair_scorer_resmlp_focal,focal
DUB|P46736|O95271,DUB|P46736,DUB,P46736,O95271,BRCC3,TNKS,1,3,1,0.9446929693222046,neural_pair_scorer_resmlp_focal,focal
DUB|P46736|P0C0S8,DUB|P46736,DUB,P46736,P0C0S8,BRCC3,HIST1H2AM,1,3,1,0.13025665283203125,neural_pair_scorer_resmlp_focal,focal
DUB|P46736|P16104,DUB|P46736,DUB,P46736,P16104,BRCC3,H2AFX,1,3,1,0.18263497948646545,neural_pair_scorer_resmlp_focal,focal
DUB|P46736|Q14980,DUB|P46736,DUB,P46736,Q14980,BRCC3,NUMA1,1,3,1,0.950308620929718,neural_pair_scorer_resmlp_focal,focal
DUB|P46736|Q96P20,DUB|P46736,DUB,P46736,Q96P20,BRCC3,NLRP3,1,3,1,0.751682698726654,neural_pair_scorer_resmlp_focal,focal
DUB|P54578|O14641,DUB|P54578,DUB,P54578,O14641,USP14,DVL2,1,3,1,0.8861514329910278,neural_pair_scorer_resmlp_focal,focal
DUB|P54578|O14920,DUB|P54578,DUB,P54578,O14920,USP14,IKBKB,1,3,1,0.9924501180648804,neural_pair_scorer_resmlp_focal,focal
DUB|P54578|O95786,DUB|P54578,DUB,P54578,O95786,USP14,DDX58,1,3,1,0.9954812526702881,neural_pair_scorer_resmlp_focal,focal
DUB|P54578|P08670,DUB|P54578,DUB,P54578,P08670,USP14,VIM,1,3,1,0.8570216298103333,neural_pair_scorer_resmlp_focal,focal
DUB|P54578|P10275,DUB|P54578,DUB,P54578,P10275,USP14,AR,1,3,1,0.9947092533111572,neural_pair_scorer_resmlp_focal,focal
DUB|P54578|P12956,DUB|P54578,DUB,P54578,P12956,USP14,XRCC6,1,3,1,0.9929991960525513,neural_pair_scorer_resmlp_focal,focal
DUB|P54578|P14635,DUB|P54578,DUB,P54578,P14635,USP14,CCNB1,1,3,1,0.9965806603431702,neural_pair_scorer_resmlp_focal,focal
DUB|P54578|P25963,DUB|P54578,DUB,P54578,P25963,USP14,NFKBIA,1,3,1,0.9917547702789307,neural_pair_scorer_resmlp_focal,focal
DUB|P54578|P35222,DUB|P54578,DUB,P54578,P35222,USP14,CTNNB1,1,3,1,0.9855867624282837,neural_pair_scorer_resmlp_focal,focal
DUB|P54578|P61073,DUB|P54578,DUB,P54578,P61073,USP14,CXCR4,1,3,1,0.06307215988636017,neural_pair_scorer_resmlp_focal,focal
DUB|P54578|Q14457,DUB|P54578,DUB,P54578,Q14457,USP14,BECN1,1,3,1,0.9898390769958496,neural_pair_scorer_resmlp_focal,focal
DUB|P54578|Q86WI3,DUB|P54578,DUB,P54578,Q86WI3,USP14,NLRC5,1,3,1,0.9883728623390198,neural_pair_scorer_resmlp_focal,focal
DUB|P54578|Q96GD4,DUB|P54578,DUB,P54578,Q96GD4,USP14,AURKB,1,3,1,0.9951621890068054,neural_pair_scorer_resmlp_focal,focal
DUB|P54578|Q96RJ0,DUB|P54578,DUB,P54578,Q96RJ0,USP14,TAAR1,1,3,1,0.024384506046772003,neural_pair_scorer_resmlp_focal,focal
DUB|P54578|Q9H5J4,DUB|P54578,DUB,P54578,Q9H5J4,USP14,ELOVL6,1,3,1,0.7332571744918823,neural_pair_scorer_resmlp_focal,focal
DUB|P54578|Q9NYJ8,DUB|P54578,DUB,P54578,Q9NYJ8,USP14,TAB2,1,3,1,0.7150143384933472,neural_pair_scorer_resmlp_focal,focal
DUB|P54578|Q9UBS5,DUB|P54578,DUB,P54578,Q9UBS5,USP14,GABBR1,1,3,1,0.1594599485397339,neural_pair_scorer_resmlp_focal,focal
DUB|P54578|Q9UPN3,DUB|P54578,DUB,P54578,Q9UPN3,USP14,MACF1,1,3,1,0.9581755995750427,neural_pair_scorer_resmlp_focal,focal
DUB|P62068|O60346,DUB|P62068,DUB,P62068,O60346,USP46,PHLPP1,1,3,1,0.9894890189170837,neural_pair_scorer_resmlp_focal,focal
DUB|P62068|P06733,DUB|P62068,DUB,P62068,P06733,USP46,ENO1,1,3,1,0.9889681935310364,neural_pair_scorer_resmlp_focal,focal
DUB|P62068|P10275,DUB|P62068,DUB,P62068,P10275,USP46,AR,1,3,1,0.9941133856773376,neural_pair_scorer_resmlp_focal,focal
DUB|P62068|P26927,DUB|P62068,DUB,P62068,P26927,USP46,MST1,1,3,1,0.10943719744682312,neural_pair_scorer_resmlp_focal,focal
DUB|P62068|P42261,DUB|P62068,DUB,P62068,P42261,USP46,GRIA1,1,3,1,0.46884098649024963,neural_pair_scorer_resmlp_focal,focal
DUB|P62068|Q16777,DUB|P62068,DUB,P62068,Q16777,USP46,HIST2H2AC,1,3,1,0.9753178358078003,neural_pair_scorer_resmlp_focal,focal
DUB|P62068|Q16778,DUB|P62068,DUB,P62068,Q16778,USP46,HIST2H2BE,1,3,1,0.9900229573249817,neural_pair_scorer_resmlp_focal,focal
DUB|P62068|Q99259,DUB|P62068,DUB,P62068,Q99259,USP46,GAD1,1,3,1,0.9379754662513733,neural_pair_scorer_resmlp_focal,focal
DUB|Q504Q3|Q99708,DUB|Q504Q3,DUB,Q504Q3,Q99708,PAN2,RBBP8,1,3,1,0.2701208293437958,neural_pair_scorer_resmlp_focal,focal
DUB|Q504Q3|Q9Y294,DUB|Q504Q3,DUB,Q504Q3,Q9Y294,PAN2,ASF1A,1,3,1,0.041042715311050415,neural_pair_scorer_resmlp_focal,focal
DUB|Q6P468|Q07820,DUB|Q6P468,DUB,Q6P468,Q07820,USP9X,MCL1,1,3,1,0.9562158584594727,neural_pair_scorer_resmlp_focal,focal
DUB|Q6P468|Q9H992,DUB|Q6P468,DUB,Q6P468,Q9H992,USP9X,MARCHF7,1,3,1,0.6715269684791565,neural_pair_scorer_resmlp_focal,focal
DUB|Q70EK8|P25963,DUB|Q70EK8,DUB,Q70EK8,P25963,USP53,NFKBIA,1,3,1,0.8929661512374878,neural_pair_scorer_resmlp_focal,focal
DUB|Q70EL2|P07992,DUB|Q70EL2,DUB,Q70EL2,P07992,USP45,ERCC1,1,3,1,0.5169290900230408,neural_pair_scorer_resmlp_focal,focal
DUB|Q86T82|O95863,DUB|Q86T82,DUB,Q86T82,O95863,USP37,SNAI1,1,3,1,0.99298495054245,neural_pair_scorer_resmlp_focal,focal
DUB|Q86T82|P01106,DUB|Q86T82,DUB,Q86T82,P01106,USP37,MYC,1,3,1,0.9970876574516296,neural_pair_scorer_resmlp_focal,focal
DUB|Q86T82|P0C0S8,DUB|Q86T82,DUB,Q86T82,P0C0S8,USP37,HIST1H2AM,1,3,1,0.9926653504371643,neural_pair_scorer_resmlp_focal,focal
DUB|Q86T82|P20248,DUB|Q86T82,DUB,Q86T82,P20248,USP37,CCNA2,1,3,1,0.9715366363525391,neural_pair_scorer_resmlp_focal,focal
DUB|Q86T82|P40305,DUB|Q86T82,DUB,Q86T82,P40305,USP37,IFI27,1,3,1,0.0733996108174324,neural_pair_scorer_resmlp_focal,focal
DUB|Q86T82|P46527,DUB|Q86T82,DUB,Q86T82,P46527,USP37,CDKN1B,1,3,1,0.9971094727516174,neural_pair_scorer_resmlp_focal,focal
DUB|Q86T82|P78396,DUB|Q86T82,DUB,Q86T82,P78396,USP37,CCNA1,1,3,1,0.37374621629714966,neural_pair_scorer_resmlp_focal,focal
DUB|Q86T82|Q05516,DUB|Q86T82,DUB,Q86T82,Q05516,USP37,ZBTB16,1,3,1,0.98415607213974,neural_pair_scorer_resmlp_focal,focal
DUB|Q86T82|Q99814,DUB|Q86T82,DUB,Q86T82,Q99814,USP37,EPAS1,1,3,1,0.9900824427604675,neural_pair_scorer_resmlp_focal,focal
DUB|Q86T82|Q9H211,DUB|Q86T82,DUB,Q86T82,Q9H211,USP37,CDT1,1,3,1,0.9946225881576538,neural_pair_scorer_resmlp_focal,focal
DUB|Q8TEY7|O43303,DUB|Q8TEY7,DUB,Q8TEY7,O43303,USP33,CCP110,1,3,1,0.9531693458557129,neural_pair_scorer_resmlp_focal,focal
DUB|Q8TEY7|O60260,DUB|Q8TEY7,DUB,Q8TEY7,O60260,USP33,PRKN,1,3,1,0.9352707266807556,neural_pair_scorer_resmlp_focal,focal
DUB|Q8TEY7|P01106,DUB|Q8TEY7,DUB,Q8TEY7,P01106,USP33,MYC,1,3,1,0.997011661529541,neural_pair_scorer_resmlp_focal,focal
DUB|Q8TEY7|P07550,DUB|Q8TEY7,DUB,Q8TEY7,P07550,USP33,ADRB2,1,3,1,0.32896581292152405,neural_pair_scorer_resmlp_focal,focal
DUB|Q8TEY7|P11234,DUB|Q8TEY7,DUB,Q8TEY7,P11234,USP33,RALB,1,3,1,0.9955398440361023,neural_pair_scorer_resmlp_focal,focal
DUB|Q8TEY7|P28562,DUB|Q8TEY7,DUB,Q8TEY7,P28562,USP33,DUSP1,1,3,1,0.8534420132637024,neural_pair_scorer_resmlp_focal,focal
DUB|Q8TEY7|P32121,DUB|Q8TEY7,DUB,Q8TEY7,P32121,USP33,ARRB2,1,3,1,0.04748225584626198,neural_pair_scorer_resmlp_focal,focal
DUB|Q8TEY7|P35813,DUB|Q8TEY7,DUB,Q8TEY7,P35813,USP33,PPM1A,1,3,1,0.9872292280197144,neural_pair_scorer_resmlp_focal,focal
DUB|Q8TEY7|P49407,DUB|Q8TEY7,DUB,Q8TEY7,P49407,USP33,ARRB1,1,3,1,0.34830325841903687,neural_pair_scorer_resmlp_focal,focal
DUB|Q8TEY7|Q92813,DUB|Q8TEY7,DUB,Q8TEY7,Q92813,USP33,DIO2,1,3,1,0.34593403339385986,neural_pair_scorer_resmlp_focal,focal
DUB|Q8TEY7|Q9Y6N7,DUB|Q8TEY7,DUB,Q8TEY7,Q9Y6N7,USP33,ROBO1,1,3,1,0.016214460134506226,neural_pair_scorer_resmlp_focal,focal
DUB|Q93009|O14757,DUB|Q93009,DUB,Q93009,O14757,USP7,CHEK1,1,3,1,0.9929130673408508,neural_pair_scorer_resmlp_focal,focal
DUB|Q93009|O14773,DUB|Q93009,DUB,Q93009,O14773,USP7,TPP1,1,3,1,0.5272735357284546,neural_pair_scorer_resmlp_focal,focal
DUB|Q93009|O14965,DUB|Q93009,DUB,Q93009,O14965,USP7,AURKA,1,3,1,0.9953165054321289,neural_pair_scorer_resmlp_focal,focal
DUB|Q93009|O15151,DUB|Q93009,DUB,Q93009,O15151,USP7,MDM4,1,3,1,0.9667393565177917,neural_pair_scorer_resmlp_focal,focal
DUB|Q93009|O15169,DUB|Q93009,DUB,Q93009,O15169,USP7,AXIN1,1,3,1,0.9942535758018494,neural_pair_scorer_resmlp_focal,focal
DUB|Q93009|O15524,DUB|Q93009,DUB,Q93009,O15524,USP7,SOCS1,1,3,1,0.9161874055862427,neural_pair_scorer_resmlp_focal,focal
DUB|Q93009|O43524,DUB|Q93009,DUB,Q93009,O43524,USP7,FOXO3,1,3,1,0.9960283041000366,neural_pair_scorer_resmlp_focal,focal
DUB|Q93009|O43663,DUB|Q93009,DUB,Q93009,O43663,USP7,PRC1,1,3,1,0.976482629776001,neural_pair_scorer_resmlp_focal,focal
DUB|Q93009|O43684,DUB|Q93009,DUB,Q93009,O43684,USP7,BUB3,1,3,1,0.10938606411218643,neural_pair_scorer_resmlp_focal,focal
DUB|Q93009|O60341,DUB|Q93009,DUB,Q93009,O60341,USP7,KDM1A,1,3,1,0.9744385480880737,neural_pair_scorer_resmlp_focal,focal
DUB|Q93009|O75444,DUB|Q93009,DUB,Q93009,O75444,USP7,MAF,1,3,1,0.9612323045730591,neural_pair_scorer_resmlp_focal,focal
DUB|Q93009|P00519,DUB|Q93009,DUB,Q93009,P00519,USP7,ABL1,1,3,1,0.9839975833892822,neural_pair_scorer_resmlp_focal,focal
DUB|Q93009|P01106,DUB|Q93009,DUB,Q93009,P01106,USP7,MYC,1,3,1,0.9949027299880981,neural_pair_scorer_resmlp_focal,focal
DUB|Q93009|P04198,DUB|Q93009,DUB,Q93009,P04198,USP7,MYCN,1,3,1,0.10573521256446838,neural_pair_scorer_resmlp_focal,focal
DUB|Q93009|P04637,DUB|Q93009,DUB,Q93009,P04637,USP7,TP53,1,3,1,0.9982460737228394,neural_pair_scorer_resmlp_focal,focal
DUB|Q93009|P06400,DUB|Q93009,DUB,Q93009,P06400,USP7,RB1,1,3,1,0.9840725064277649,neural_pair_scorer_resmlp_focal,focal
DUB|Q93009|P08151,DUB|Q93009,DUB,Q93009,P08151,USP7,GLI1,1,3,1,0.9945259094238281,neural_pair_scorer_resmlp_focal,focal
DUB|Q93009|P10275,DUB|Q93009,DUB,Q93009,P10275,USP7,AR,1,3,1,0.9936233162879944,neural_pair_scorer_resmlp_focal,focal
DUB|Q93009|P10276,DUB|Q93009,DUB,Q93009,P10276,USP7,RARA,1,3,1,0.9782078862190247,neural_pair_scorer_resmlp_focal,focal
DUB|Q93009|P11474,DUB|Q93009,DUB,Q93009,P11474,USP7,ESRRA,1,3,1,0.9889339804649353,neural_pair_scorer_resmlp_focal,focal
DUB|Q93009|P12004,DUB|Q93009,DUB,Q93009,P12004,USP7,PCNA,1,3,1,0.9799177050590515,neural_pair_scorer_resmlp_focal,focal
DUB|Q93009|P14373,DUB|Q93009,DUB,Q93009,P14373,USP7,TRIM27,1,3,1,0.1848844289779663,neural_pair_scorer_resmlp_focal,focal
DUB|Q93009|P19838,DUB|Q93009,DUB,Q93009,P19838,USP7,NFKB1,1,3,1,0.9976027607917786,neural_pair_scorer_resmlp_focal,focal
DUB|Q93009|P23759,DUB|Q93009,DUB,Q93009,P23759,USP7,PAX7,1,3,1,0.8819359540939331,neural_pair_scorer_resmlp_focal,focal
DUB|Q93009|P26358,DUB|Q93009,DUB,Q93009,P26358,USP7,DNMT1,1,3,1,0.9641064405441284,neural_pair_scorer_resmlp_focal,focal
DUB|Q93009|P29590,DUB|Q93009,DUB,Q93009,P29590,USP7,PML,1,3,1,0.9813795685768127,neural_pair_scorer_resmlp_focal,focal
DUB|Q93009|P30304,DUB|Q93009,DUB,Q93009,P30304,USP7,CDC25A,1,3,1,0.02352204918861389,neural_pair_scorer_resmlp_focal,focal
DUB|Q93009|P35222,DUB|Q93009,DUB,Q93009,P35222,USP7,CTNNB1,1,3,1,0.9779586791992188,neural_pair_scorer_resmlp_focal,focal
DUB|Q93009|P35226,DUB|Q93009,DUB,Q93009,P35226,USP7,BMI1,1,3,1,0.5909638404846191,neural_pair_scorer_resmlp_focal,focal
DUB|Q93009|P35568,DUB|Q93009,DUB,Q93009,P35568,USP7,IRS1,1,3,1,0.9940053820610046,neural_pair_scorer_resmlp_focal,focal
DUB|Q93009|P37231,DUB|Q93009,DUB,Q93009,P37231,USP7,PPARG,1,3,1,0.9960423707962036,neural_pair_scorer_resmlp_focal,focal
DUB|Q93009|P46531,DUB|Q93009,DUB,Q93009,P46531,USP7,NOTCH1,1,3,1,0.9882877469062805,neural_pair_scorer_resmlp_focal,focal
DUB|Q93009|P46937,DUB|Q93009,DUB,Q93009,P46937,USP7,YAP1,1,3,1,0.9973106384277344,neural_pair_scorer_resmlp_focal,focal
DUB|Q93009|P48764,DUB|Q93009,DUB,Q93009,P48764,USP7,SLC9A3,1,3,1,0.26678362488746643,neural_pair_scorer_resmlp_focal,focal
DUB|Q93009|P51955,DUB|Q93009,DUB,Q93009,P51955,USP7,NEK2,1,3,1,0.9289640784263611,neural_pair_scorer_resmlp_focal,focal
DUB|Q93009|P51965,DUB|Q93009,DUB,Q93009,P51965,USP7,UBE2E1,1,3,1,0.9893122315406799,neural_pair_scorer_resmlp_focal,focal
DUB|Q93009|P53350,DUB|Q93009,DUB,Q93009,P53350,USP7,PLK1,1,3,1,0.9867959022521973,neural_pair_scorer_resmlp_focal,focal
DUB|Q93009|P60484,DUB|Q93009,DUB,Q93009,P60484,USP7,PTEN,1,3,1,0.986905038356781,neural_pair_scorer_resmlp_focal,focal
DUB|Q93009|P62807,DUB|Q93009,DUB,Q93009,P62807,USP7,HIST1H2BI,1,3,1,0.8844426870346069,neural_pair_scorer_resmlp_focal,focal
DUB|Q93009|P98177,DUB|Q93009,DUB,Q93009,P98177,USP7,FOXO4,1,3,1,0.9922630786895752,neural_pair_scorer_resmlp_focal,focal
DUB|Q93009|Q00987,DUB|Q93009,DUB,Q93009,Q00987,USP7,MDM2,1,3,1,0.9950149655342102,neural_pair_scorer_resmlp_focal,focal
DUB|Q93009|Q01831,DUB|Q93009,DUB,Q93009,Q01831,USP7,XPC,1,3,1,0.9300804138183594,neural_pair_scorer_resmlp_focal,focal
DUB|Q93009|Q01860,DUB|Q93009,DUB,Q93009,Q01860,USP7,POU5F1,1,3,1,0.9874497652053833,neural_pair_scorer_resmlp_focal,focal
DUB|Q93009|Q03468,DUB|Q93009,DUB,Q93009,Q03468,USP7,ERCC6,1,3,1,0.9763670563697815,neural_pair_scorer_resmlp_focal,focal
DUB|Q93009|Q04206,DUB|Q93009,DUB,Q93009,Q04206,USP7,RELA,1,3,1,0.9963604807853699,neural_pair_scorer_resmlp_focal,focal
DUB|Q93009|Q07820,DUB|Q93009,DUB,Q93009,Q07820,USP7,MCL1,1,3,1,0.9919677376747131,neural_pair_scorer_resmlp_focal,focal
DUB|Q93009|Q12778,DUB|Q93009,DUB,Q93009,Q12778,USP7,FOXO1,1,3,1,0.9960978031158447,neural_pair_scorer_resmlp_focal,focal
DUB|Q93009|Q12888,DUB|Q93009,DUB,Q93009,Q12888,USP7,TP53BP1,1,3,1,0.9928568601608276,neural_pair_scorer_resmlp_focal,focal
DUB|Q93009|Q13127,DUB|Q93009,DUB,Q93009,Q13127,USP7,REST,1,3,1,0.9935362339019775,neural_pair_scorer_resmlp_focal,focal
DUB|Q93009|Q13546,DUB|Q93009,DUB,Q93009,Q13546,USP7,RIPK1,1,3,1,0.9684590101242065,neural_pair_scorer_resmlp_focal,focal
DUB|Q93009|Q14527,DUB|Q93009,DUB,Q93009,Q14527,USP7,HLTF,1,3,1,0.9908275008201599,neural_pair_scorer_resmlp_focal,focal
DUB|Q93009|Q14669,DUB|Q93009,DUB,Q93009,Q14669,USP7,TRIP12,1,3,1,0.388010174036026,neural_pair_scorer_resmlp_focal,focal
DUB|Q93009|Q15910,DUB|Q93009,DUB,Q93009,Q15910,USP7,EZH2,1,3,1,0.9948943853378296,neural_pair_scorer_resmlp_focal,focal
DUB|Q93009|Q16204,DUB|Q93009,DUB,Q93009,Q16204,USP7,CCDC6,1,3,1,0.8543300628662109,neural_pair_scorer_resmlp_focal,focal
DUB|Q93009|Q16526,DUB|Q93009,DUB,Q93009,Q16526,USP7,CRY1,1,3,1,0.9901684522628784,neural_pair_scorer_resmlp_focal,focal
DUB|Q93009|Q16656,DUB|Q93009,DUB,Q93009,Q16656,USP7,NRF1,1,3,1,0.19101129472255707,neural_pair_scorer_resmlp_focal,focal
DUB|Q93009|Q16665,DUB|Q93009,DUB,Q93009,Q16665,USP7,HIF1A,1,3,1,0.9969868063926697,neural_pair_scorer_resmlp_focal,focal
DUB|Q93009|Q16778,DUB|Q93009,DUB,Q93009,Q16778,USP7,H2BC21,1,3,1,0.8549075722694397,neural_pair_scorer_resmlp_focal,focal
DUB|Q93009|Q2YD98,DUB|Q93009,DUB,Q93009,Q2YD98,USP7,UVSSA,1,3,1,0.9205531477928162,neural_pair_scorer_resmlp_focal,focal
DUB|Q93009|Q49AN0,DUB|Q93009,DUB,Q93009,Q49AN0,USP7,CRY2,1,3,1,0.9892043471336365,neural_pair_scorer_resmlp_focal,focal
DUB|Q93009|Q8IXJ9,DUB|Q93009,DUB,Q93009,Q8IXJ9,USP7,ASXL1,1,3,1,0.9524373412132263,neural_pair_scorer_resmlp_focal,focal
DUB|Q93009|Q8IYW5,DUB|Q93009,DUB,Q93009,Q8IYW5,USP7,RNF168,1,3,1,0.9781631827354431,neural_pair_scorer_resmlp_focal,focal
DUB|Q93009|Q8NHW3,DUB|Q93009,DUB,Q93009,Q8NHW3,USP7,MAFA,1,3,1,0.9638960361480713,neural_pair_scorer_resmlp_focal,focal
DUB|Q93009|Q92993,DUB|Q93009,DUB,Q93009,Q92993,USP7,KAT5,1,3,1,0.9650286436080933,neural_pair_scorer_resmlp_focal,focal
DUB|Q93009|Q96C12,DUB|Q93009,DUB,Q93009,Q96C12,USP7,ARMC5,1,3,1,0.9819517731666565,neural_pair_scorer_resmlp_focal,focal
DUB|Q93009|Q96EP1,DUB|Q93009,DUB,Q93009,Q96EP1,USP7,CHFR,1,3,1,0.4605242609977722,neural_pair_scorer_resmlp_focal,focal
DUB|Q93009|Q96PU5,DUB|Q93009,DUB,Q93009,Q96PU5,USP7,NEDD4L,1,3,1,0.9893892407417297,neural_pair_scorer_resmlp_focal,focal
DUB|Q93009|Q96T88,DUB|Q93009,DUB,Q93009,Q96T88,USP7,UHRF1,1,3,1,0.9887303709983826,neural_pair_scorer_resmlp_focal,focal
DUB|Q93009|Q99496,DUB|Q93009,DUB,Q93009,Q99496,USP7,RNF2,1,3,1,0.9949593544006348,neural_pair_scorer_resmlp_focal,focal
DUB|Q93009|Q9BZS1,DUB|Q93009,DUB,Q93009,Q9BZS1,USP7,FOXP3,1,3,1,0.9690366387367249,neural_pair_scorer_resmlp_focal,focal
DUB|Q93009|Q9H8V3,DUB|Q93009,DUB,Q93009,Q9H8V3,USP7,ECT2,1,3,1,0.9895881414413452,neural_pair_scorer_resmlp_focal,focal
DUB|Q93009|Q9H992,DUB|Q93009,DUB,Q93009,Q9H992,USP7,MARCHF7,1,3,1,0.07616639137268066,neural_pair_scorer_resmlp_focal,focal
DUB|Q93009|Q9HAW4,DUB|Q93009,DUB,Q93009,Q9HAW4,USP7,CLSPN,1,3,1,0.990938663482666,neural_pair_scorer_resmlp_focal,focal
DUB|Q93009|Q9NRC8,DUB|Q93009,DUB,Q93009,Q9NRC8,USP7,SIRT7,1,3,1,0.9664132595062256,neural_pair_scorer_resmlp_focal,focal
DUB|Q93009|Q9NS91,DUB|Q93009,DUB,Q93009,Q9NS91,USP7,RAD18,1,3,1,0.984966516494751,neural_pair_scorer_resmlp_focal,focal
DUB|Q93009|Q9NSA3,DUB|Q93009,DUB,Q93009,Q9NSA3,USP7,CTNNBIP1,1,3,1,0.3532598912715912,neural_pair_scorer_resmlp_focal,focal
DUB|Q93009|Q9UER7,DUB|Q93009,DUB,Q93009,Q9UER7,USP7,DAXX,1,3,1,0.9876345992088318,neural_pair_scorer_resmlp_focal,focal
DUB|Q93009|Q9UPP1,DUB|Q93009,DUB,Q93009,Q9UPP1,USP7,PHF8,1,3,1,0.7226484417915344,neural_pair_scorer_resmlp_focal,focal
DUB|Q93009|Q9Y253,DUB|Q93009,DUB,Q93009,Q9Y253,USP7,POLH,1,3,1,0.371548056602478,neural_pair_scorer_resmlp_focal,focal
DUB|Q93009|Q9Y4H2,DUB|Q93009,DUB,Q93009,Q9Y4H2,USP7,IRS2,1,3,1,0.9906452894210815,neural_pair_scorer_resmlp_focal,focal
DUB|Q93009|Q9Y6K9,DUB|Q93009,DUB,Q93009,Q9Y6K9,USP7,IKBKG,1,3,1,0.996665894985199,neural_pair_scorer_resmlp_focal,focal
DUB|Q96DC9|P10070,DUB|Q96DC9,DUB,Q96DC9,P10070,OTUB2,GLI2,1,3,1,0.025824474170804024,neural_pair_scorer_resmlp_focal,focal
DUB|Q96DC9|Q13114,DUB|Q96DC9,DUB,Q96DC9,Q13114,OTUB2,TRAF3,1,3,1,0.9844443798065186,neural_pair_scorer_resmlp_focal,focal
DUB|Q96DC9|Q9Y468,DUB|Q96DC9,DUB,Q96DC9,Q9Y468,OTUB2,L3MBTL1,1,3,1,0.08944305032491684,neural_pair_scorer_resmlp_focal,focal
DUB|Q96DC9|Q9Y4K3,DUB|Q96DC9,DUB,Q96DC9,Q9Y4K3,OTUB2,TRAF6,1,3,1,0.8153761625289917,neural_pair_scorer_resmlp_focal,focal
DUB|Q96DX7|Q16665,DUB|Q96DX7,DUB,Q96DX7,Q16665,TRIM44,HIF1A,1,3,1,0.9809185862541199,neural_pair_scorer_resmlp_focal,focal
DUB|Q96DX7|Q9Y577,DUB|Q96DX7,DUB,Q96DX7,Q9Y577,TRIM44,TRIM17,1,3,1,0.3336629271507263,neural_pair_scorer_resmlp_focal,focal
DUB|Q96RU2|O60341,DUB|Q96RU2,DUB,Q96RU2,O60341,USP28,KDM1A,1,3,1,0.9726381301879883,neural_pair_scorer_resmlp_focal,focal
DUB|Q96RU2|O96017,DUB|Q96RU2,DUB,Q96RU2,O96017,USP28,CHEK2,1,3,1,0.9972483515739441,neural_pair_scorer_resmlp_focal,focal
DUB|Q96RU2|P01106,DUB|Q96RU2,DUB,Q96RU2,P01106,USP28,MYC,1,3,1,0.9963682889938354,neural_pair_scorer_resmlp_focal,focal
DUB|Q96RU2|P04637,DUB|Q96RU2,DUB,Q96RU2,P04637,USP28,TP53,1,3,1,0.9980055689811707,neural_pair_scorer_resmlp_focal,focal
DUB|Q96RU2|P05412,DUB|Q96RU2,DUB,Q96RU2,P05412,USP28,JUN,1,3,1,0.9410884380340576,neural_pair_scorer_resmlp_focal,focal
DUB|Q96RU2|P15056,DUB|Q96RU2,DUB,Q96RU2,P15056,USP28,BRAF,1,3,1,0.9428990483283997,neural_pair_scorer_resmlp_focal,focal
DUB|Q96RU2|P24864,DUB|Q96RU2,DUB,Q96RU2,P24864,USP28,CCNE1,1,3,1,0.9924238920211792,neural_pair_scorer_resmlp_focal,focal
DUB|Q96RU2|P40763,DUB|Q96RU2,DUB,Q96RU2,P40763,USP28,STAT3,1,3,1,0.9860184192657471,neural_pair_scorer_resmlp_focal,focal
DUB|Q96RU2|P46531,DUB|Q96RU2,DUB,Q96RU2,P46531,USP28,NOTCH1,1,3,1,0.9188773036003113,neural_pair_scorer_resmlp_focal,focal
DUB|Q96RU2|Q12888,DUB|Q96RU2,DUB,Q96RU2,Q12888,USP28,TP53BP1,1,3,1,0.9769747257232666,neural_pair_scorer_resmlp_focal,focal
DUB|Q96RU2|Q16665,DUB|Q96RU2,DUB,Q96RU2,Q16665,USP28,HIF1A,1,3,1,0.9967945218086243,neural_pair_scorer_resmlp_focal,focal
DUB|Q96RU2|Q969H0,DUB|Q96RU2,DUB,Q96RU2,Q969H0,USP28,FBXW7,1,3,1,0.7763685584068298,neural_pair_scorer_resmlp_focal,focal
DUB|Q96RU2|Q9HA47,DUB|Q96RU2,DUB,Q96RU2,Q9HA47,USP28,UCK1,1,3,1,0.022280253469944,neural_pair_scorer_resmlp_focal,focal
DUB|Q96RU2|Q9HAW4,DUB|Q96RU2,DUB,Q96RU2,Q9HAW4,USP28,CLSPN,1,3,1,0.9886942505836487,neural_pair_scorer_resmlp_focal,focal
DUB|Q96RU2|Q9HCX3,DUB|Q96RU2,DUB,Q96RU2,Q9HCX3,USP28,ZNF304,1,3,1,0.1942986398935318,neural_pair_scorer_resmlp_focal,focal
DUB|Q9BXU7|O15105,DUB|Q9BXU7,DUB,Q9BXU7,O15105,USP26,SMAD7,1,3,1,0.9639449119567871,neural_pair_scorer_resmlp_focal,focal
DUB|Q9BXU7|O43663,DUB|Q9BXU7,DUB,Q9BXU7,O43663,USP26,PRC1,1,3,1,0.6379289627075195,neural_pair_scorer_resmlp_focal,focal
DUB|Q9BXU7|O95863,DUB|Q9BXU7,DUB,Q9BXU7,O95863,USP26,SNAI1,1,3,1,0.8738250136375427,neural_pair_scorer_resmlp_focal,focal
DUB|Q9BXU7|P0C0S8,DUB|Q9BXU7,DUB,Q9BXU7,P0C0S8,USP26,HIST1H2AM,1,3,1,0.9942483901977539,neural_pair_scorer_resmlp_focal,focal
DUB|Q9BXU7|P10275,DUB|Q9BXU7,DUB,Q9BXU7,P10275,USP26,AR,1,3,1,0.9679645299911499,neural_pair_scorer_resmlp_focal,focal
DUB|Q9BXU7|Q00987,DUB|Q9BXU7,DUB,Q9BXU7,Q00987,USP26,MDM2,1,3,1,0.9917241930961609,neural_pair_scorer_resmlp_focal,focal
DUB|Q9NQC7|O14640,DUB|Q9NQC7,DUB,Q9NQC7,O14640,CYLD,DVL1,1,3,1,0.945320725440979,neural_pair_scorer_resmlp_focal,focal
DUB|Q9NQC7|O15105,DUB|Q9NQC7,DUB,Q9NQC7,O15105,CYLD,SMAD7,1,3,1,0.5865952968597412,neural_pair_scorer_resmlp_focal,focal
DUB|Q9NQC7|O43318,DUB|Q9NQC7,DUB,Q9NQC7,O43318,CYLD,MAP3K7,1,3,1,0.9608995318412781,neural_pair_scorer_resmlp_focal,focal
DUB|Q9NQC7|O43353,DUB|Q9NQC7,DUB,Q9NQC7,O43353,CYLD,RIPK2,1,3,1,0.20032615959644318,neural_pair_scorer_resmlp_focal,focal
DUB|Q9NQC7|O95786,DUB|Q9NQC7,DUB,Q9NQC7,O95786,CYLD,DDX58,1,3,1,0.9846442937850952,neural_pair_scorer_resmlp_focal,focal
DUB|Q9NQC7|P04629,DUB|Q9NQC7,DUB,Q9NQC7,P04629,CYLD,NTRK1,1,3,1,0.11037767678499222,neural_pair_scorer_resmlp_focal,focal
DUB|Q9NQC7|P04637,DUB|Q9NQC7,DUB,Q9NQC7,P04637,CYLD,TP53,1,3,1,0.9976905584335327,neural_pair_scorer_resmlp_focal,focal
DUB|Q9NQC7|P06239,DUB|Q9NQC7,DUB,Q9NQC7,P06239,CYLD,LCK,1,3,1,0.03728895261883736,neural_pair_scorer_resmlp_focal,focal
DUB|Q9NQC7|P20749,DUB|Q9NQC7,DUB,Q9NQC7,P20749,CYLD,BCL3,1,3,1,0.4679134488105774,neural_pair_scorer_resmlp_focal,focal
DUB|Q9NQC7|P31749,DUB|Q9NQC7,DUB,Q9NQC7,P31749,CYLD,AKT1,1,3,1,0.9956527948379517,neural_pair_scorer_resmlp_focal,focal
DUB|Q9NQC7|P36897,DUB|Q9NQC7,DUB,Q9NQC7,P36897,CYLD,TGFBR1,1,3,1,0.02999412827193737,neural_pair_scorer_resmlp_focal,focal
DUB|Q9NQC7|P42773,DUB|Q9NQC7,DUB,Q9NQC7,P42773,CYLD,CDKN2C,1,3,1,0.01748325303196907,neural_pair_scorer_resmlp_focal,focal
DUB|Q9NQC7|P49116,DUB|Q9NQC7,DUB,Q9NQC7,P49116,CYLD,NR2C2,1,3,1,0.7073870897293091,neural_pair_scorer_resmlp_focal,focal
DUB|Q9NQC7|P53350,DUB|Q9NQC7,DUB,Q9NQC7,P53350,CYLD,PLK1,1,3,1,0.8079016804695129,neural_pair_scorer_resmlp_focal,focal
DUB|Q9NQC7|P59044,DUB|Q9NQC7,DUB,Q9NQC7,P59044,CYLD,NLRP6,1,3,1,0.9518674612045288,neural_pair_scorer_resmlp_focal,focal
DUB|Q9NQC7|P78352,DUB|Q9NQC7,DUB,Q9NQC7,P78352,CYLD,DLG4,1,3,1,0.9627670049667358,neural_pair_scorer_resmlp_focal,focal
DUB|Q9NQC7|Q02246,DUB|Q9NQC7,DUB,Q9NQC7,Q02246,CYLD,CNTN2,1,3,1,0.0157718975096941,neural_pair_scorer_resmlp_focal,focal
DUB|Q9NQC7|Q04206,DUB|Q9NQC7,DUB,Q9NQC7,Q04206,CYLD,RELA,1,3,1,0.9931348562240601,neural_pair_scorer_resmlp_focal,focal
DUB|Q9NQC7|Q12933,DUB|Q9NQC7,DUB,Q9NQC7,Q12933,CYLD,TRAF2,1,3,1,0.9905189871788025,neural_pair_scorer_resmlp_focal,focal
DUB|Q9NQC7|Q13546,DUB|Q9NQC7,DUB,Q9NQC7,Q13546,CYLD,RIPK1,1,3,1,0.6587467789649963,neural_pair_scorer_resmlp_focal,focal
DUB|Q9NQC7|Q14669,DUB|Q9NQC7,DUB,Q9NQC7,Q14669,CYLD,TRIP12,1,3,1,0.024100976064801216,neural_pair_scorer_resmlp_focal,focal
DUB|Q9NQC7|Q15154,DUB|Q9NQC7,DUB,Q9NQC7,Q15154,CYLD,PCM1,1,3,1,0.10537036508321762,neural_pair_scorer_resmlp_focal,focal
DUB|Q9NQC7|Q6Q0C0,DUB|Q9NQC7,DUB,Q9NQC7,Q6Q0C0,CYLD,TRAF7,1,3,1,0.464270681142807,neural_pair_scorer_resmlp_focal,focal
DUB|Q9NQC7|Q8NHQ1,DUB|Q9NQC7,DUB,Q9NQC7,Q8NHQ1,CYLD,CEP70,1,3,1,0.41826578974723816,neural_pair_scorer_resmlp_focal,focal
DUB|Q9NQC7|Q96AX9,DUB|Q9NQC7,DUB,Q9NQC7,Q96AX9,CYLD,MIB2,1,3,1,0.9100677967071533,neural_pair_scorer_resmlp_focal,focal
DUB|Q9NQC7|Q9NPH5,DUB|Q9NQC7,DUB,Q9NQC7,Q9NPH5,CYLD,NOX4,1,3,1,0.0706530436873436,neural_pair_scorer_resmlp_focal,focal
DUB|Q9NQC7|Q9NZN5,DUB|Q9NQC7,DUB,Q9NQC7,Q9NZN5,CYLD,ARHGEF12,1,3,1,0.8468806147575378,neural_pair_scorer_resmlp_focal,focal
DUB|Q9NQC7|Q9UHD2,DUB|Q9NQC7,DUB,Q9NQC7,Q9UHD2,CYLD,TBK1,1,3,1,0.11306633055210114,neural_pair_scorer_resmlp_focal,focal
DUB|Q9NQC7|Q9Y4K3,DUB|Q9NQC7,DUB,Q9NQC7,Q9Y4K3,CYLD,TRAF6,1,3,1,0.9783970713615417,neural_pair_scorer_resmlp_focal,focal
DUB|Q9NQC7|Q9Y6K9,DUB|Q9NQC7,DUB,Q9NQC7,Q9Y6K9,CYLD,IKBKG,1,3,1,0.9931104183197021,neural_pair_scorer_resmlp_focal,focal
DUB|Q9UK80|O95760,DUB|Q9UK80,DUB,Q9UK80,O95760,USP21,IL33,1,3,1,0.9709094166755676,neural_pair_scorer_resmlp_focal,focal
DUB|Q9UK80|O95786,DUB|Q9UK80,DUB,Q9UK80,O95786,USP21,DDX58,1,3,1,0.9906625151634216,neural_pair_scorer_resmlp_focal,focal
DUB|Q9UK80|P0C0S8,DUB|Q9UK80,DUB,Q9UK80,P0C0S8,USP21,HIST1H2AM,1,3,1,0.8262643218040466,neural_pair_scorer_resmlp_focal,focal
DUB|Q9UK80|P15407,DUB|Q9UK80,DUB,Q9UK80,P15407,USP21,FOSL1,1,3,1,0.3940674662590027,neural_pair_scorer_resmlp_focal,focal
DUB|Q9UK80|P23771,DUB|Q9UK80,DUB,Q9UK80,P23771,USP21,GATA3,1,3,1,0.09530629217624664,neural_pair_scorer_resmlp_focal,focal
DUB|Q9UK80|P36507,DUB|Q9UK80,DUB,Q9UK80,P36507,USP21,MAP2K2,1,3,1,0.9829868078231812,neural_pair_scorer_resmlp_focal,focal
DUB|Q9UK80|P51587,DUB|Q9UK80,DUB,Q9UK80,P51587,USP21,BRCA2,1,3,1,0.7312447428703308,neural_pair_scorer_resmlp_focal,focal
DUB|Q9UK80|Q08050,DUB|Q9UK80,DUB,Q9UK80,Q08050,USP21,FOXM1,1,3,1,0.7658756375312805,neural_pair_scorer_resmlp_focal,focal
DUB|Q9UK80|Q13546,DUB|Q9UK80,DUB,Q9UK80,Q13546,USP21,RIPK1,1,3,1,0.9886799454689026,neural_pair_scorer_resmlp_focal,focal
DUB|Q9UK80|Q15910,DUB|Q9UK80,DUB,Q9UK80,Q15910,USP21,EZH2,1,3,1,0.9318448305130005,neural_pair_scorer_resmlp_focal,focal
DUB|Q9UK80|Q16777,DUB|Q9UK80,DUB,Q9UK80,Q16777,USP21,HIST2H2AC,1,3,1,0.8601279854774475,neural_pair_scorer_resmlp_focal,focal
DUB|Q9UK80|Q86WV6,DUB|Q9UK80,DUB,Q9UK80,Q86WV6,USP21,TMEM173,1,3,1,0.9934090375900269,neural_pair_scorer_resmlp_focal,focal
DUB|Q9UK80|Q9BZS1,DUB|Q9UK80,DUB,Q9UK80,Q9BZS1,USP21,FOXP3,1,3,1,0.3772064447402954,neural_pair_scorer_resmlp_focal,focal
DUB|Q9UK80|Q9H9S0,DUB|Q9UK80,DUB,Q9UK80,Q9H9S0,USP21,NANOG,1,3,1,0.9777536392211914,neural_pair_scorer_resmlp_focal,focal
DUB|Q9UK80|Q9UIF9,DUB|Q9UK80,DUB,Q9UK80,Q9UIF9,USP21,BAZ2A,1,3,1,0.3773476779460907,neural_pair_scorer_resmlp_focal,focal
DUB|Q9Y5E6|P19838,DUB|Q9Y5E6,DUB,Q9Y5E6,P19838,PCDHB3,NFKB1,1,3,1,0.7087461352348328,neural_pair_scorer_resmlp_focal,focal
E3|A8MQ27|P05026,E3|A8MQ27,E3,A8MQ27,P05026,NEURL1B,ATP1B1,0,3,0,0.33549290895462036,neural_pair_scorer_resmlp_focal,focal
E3|A8MQ27|O15354,E3|A8MQ27,E3,A8MQ27,O15354,NEURL1B,GPR37,0,3,0,0.16327504813671112,neural_pair_scorer_resmlp_focal,focal
E3|A8MQ27|O00763,E3|A8MQ27,E3,A8MQ27,O00763,NEURL1B,ACACB,0,3,0,0.01927257515490055,neural_pair_scorer_resmlp_focal,focal
E3|A8MQ27|P43699,E3|A8MQ27,E3,A8MQ27,P43699,NEURL1B,NKX2-1,0,3,0,0.4160420596599579,neural_pair_scorer_resmlp_focal,focal
E3|O43164|Q9H2A3,E3|O43164,E3,O43164,Q9H2A3,PJA2,NEUROG2,0,3,0,0.5219888091087341,neural_pair_scorer_resmlp_focal,focal
E3|O43164|O43395,E3|O43164,E3,O43164,O43395,PJA2,PRPF3,0,3,0,0.9756280183792114,neural_pair_scorer_resmlp_focal,focal
E3|O43164|Q9BVP2,E3|O43164,E3,O43164,Q9BVP2,PJA2,GNL3,0,3,0,0.13470198214054108,neural_pair_scorer_resmlp_focal,focal
E3|O43255|P35613,E3|O43255,E3,O43255,P35613,SIAH2,BSG,0,3,0,0.07475151866674423,neural_pair_scorer_resmlp_focal,focal
E3|O43255|P07333,E3|O43255,E3,O43255,P07333,SIAH2,CSF1R,0,3,0,0.356418639421463,neural_pair_scorer_resmlp_focal,focal
E3|O43255|Q13794,E3|O43255,E3,O43255,Q13794,SIAH2,PMAIP1,0,3,0,0.020457912236452103,neural_pair_scorer_resmlp_focal,focal
E3|O43255|P22304,E3|O43255,E3,O43255,P22304,SIAH2,IDS,0,3,0,0.04891699552536011,neural_pair_scorer_resmlp_focal,focal
E3|O43255|Q96HE7,E3|O43255,E3,O43255,Q96HE7,SIAH2,ERO1A,0,3,0,0.027128634974360466,neural_pair_scorer_resmlp_focal,focal
E3|O43255|Q3T906,E3|O43255,E3,O43255,Q3T906,SIAH2,GNPTAB,0,3,0,0.027008233591914177,neural_pair_scorer_resmlp_focal,focal
E3|O43255|P08100,E3|O43255,E3,O43255,P08100,SIAH2,RHO,0,3,0,0.17960122227668762,neural_pair_scorer_resmlp_focal,focal
E3|O43255|Q92851,E3|O43255,E3,O43255,Q92851,SIAH2,CASP10,0,3,0,0.06809878349304199,neural_pair_scorer_resmlp_focal,focal
E3|O43255|P06576,E3|O43255,E3,O43255,P06576,SIAH2,ATP5F1B,0,3,0,0.18344786763191223,neural_pair_scorer_resmlp_focal,focal
E3|O43255|P04179,E3|O43255,E3,O43255,P04179,SIAH2,SOD2,0,3,0,0.12417330592870712,neural_pair_scorer_resmlp_focal,focal
E3|O43255|P01903,E3|O43255,E3,O43255,P01903,SIAH2,HLA-DRA,0,3,0,0.04595290869474411,neural_pair_scorer_resmlp_focal,focal
E3|O43255|Q01959,E3|O43255,E3,O43255,Q01959,SIAH2,SLC6A3,0,3,0,0.643158495426178,neural_pair_scorer_resmlp_focal,focal
E3|O43255|P01009,E3|O43255,E3,O43255,P01009,SIAH2,SERPINA1,0,3,0,0.5972303152084351,neural_pair_scorer_resmlp_focal,focal
E3|O43255|P20039,E3|O43255,E3,O43255,P20039,SIAH2,HLA-DRB1,0,3,0,0.02594980224967003,neural_pair_scorer_resmlp_focal,focal
E3|O43255|P31645,E3|O43255,E3,O43255,P31645,SIAH2,SLC6A4,0,3,0,0.5525521636009216,neural_pair_scorer_resmlp_focal,focal
E3|O43255|P63252,E3|O43255,E3,O43255,P63252,SIAH2,KCNJ2,0,3,0,0.08651597797870636,neural_pair_scorer_resmlp_focal,focal
E3|O43791|P78380,E3|O43791,E3,O43791,P78380,SPOP,OLR1,0,3,0,0.04780116304755211,neural_pair_scorer_resmlp_focal,focal
E3|O43791|Q8IZ07,E3|O43791,E3,O43791,Q8IZ07,SPOP,ANKRD13A,0,3,0,0.15815269947052002,neural_pair_scorer_resmlp_focal,focal
E3|O43791|P0DMV8,E3|O43791,E3,O43791,P0DMV8,SPOP,HSPA1A,0,3,0,0.9836781024932861,neural_pair_scorer_resmlp_focal,focal
E3|O43791|P55036,E3|O43791,E3,O43791,P55036,SPOP,PSMD4,0,3,0,0.9834107756614685,neural_pair_scorer_resmlp_focal,focal
E3|O43791|P06935,E3|O43791,E3,O43791,P06935,SPOP,,0,3,0,0.06542981415987015,neural_pair_scorer_resmlp_focal,focal
E3|O43791|P01911,E3|O43791,E3,O43791,P01911,SPOP,HLA-DRB1,0,3,0,0.02039947174489498,neural_pair_scorer_resmlp_focal,focal
E3|O43791|P09467,E3|O43791,E3,O43791,P09467,SPOP,FBP1,0,3,0,0.6674384474754333,neural_pair_scorer_resmlp_focal,focal
E3|O43791|P23458,E3|O43791,E3,O43791,P23458,SPOP,JAK1,0,3,0,0.17383736371994019,neural_pair_scorer_resmlp_focal,focal
E3|O43791|Q6ZVM7,E3|O43791,E3,O43791,Q6ZVM7,SPOP,TOM1L2,0,3,0,0.833706259727478,neural_pair_scorer_resmlp_focal,focal
E3|O43791|Q96D31,E3|O43791,E3,O43791,Q96D31,SPOP,ORAI1,0,3,0,0.49282020330429077,neural_pair_scorer_resmlp_focal,focal
E3|O43791|P42081,E3|O43791,E3,O43791,P42081,SPOP,CD86,0,3,0,0.04277672618627548,neural_pair_scorer_resmlp_focal,focal
E3|O43791|Q70CQ3,E3|O43791,E3,O43791,Q70CQ3,SPOP,USP30,0,3,0,0.036441411823034286,neural_pair_scorer_resmlp_focal,focal
E3|O43791|Q9UHN6,E3|O43791,E3,O43791,Q9UHN6,SPOP,CEMIP2,0,3,0,0.13088317215442657,neural_pair_scorer_resmlp_focal,focal
E3|O43791|Q8N6P7,E3|O43791,E3,O43791,Q8N6P7,SPOP,IL22RA1,0,3,0,0.14098787307739258,neural_pair_scorer_resmlp_focal,focal
E3|O43791|Q15011,E3|O43791,E3,O43791,Q15011,SPOP,HERPUD1,0,3,0,0.16210676729679108,neural_pair_scorer_resmlp_focal,focal
E3|O60683|P49327,E3|O60683,E3,O60683,P49327,PEX10,FASN,0,3,0,0.1173289492726326,neural_pair_scorer_resmlp_focal,focal
E3|O75159|P26006,E3|O75159,E3,O75159,P26006,SOCS5,ITGA3,0,3,0,0.1687159538269043,neural_pair_scorer_resmlp_focal,focal
E3|O75159|P63165,E3|O75159,E3,O75159,P63165,SOCS5,SUMO1,0,3,0,0.9341459274291992,neural_pair_scorer_resmlp_focal,focal
E3|O75159|P41182,E3|O75159,E3,O75159,P41182,SOCS5,BCL6,0,3,0,0.2885698080062866,neural_pair_scorer_resmlp_focal,focal
E3|O75159|P49281,E3|O75159,E3,O75159,P49281,SOCS5,SLC11A2,0,3,0,0.032081808894872665,neural_pair_scorer_resmlp_focal,focal
E3|O75382|Q9UKV5,E3|O75382,E3,O75382,Q9UKV5,TRIM3,AMFR,0,3,0,0.6271735429763794,neural_pair_scorer_resmlp_focal,focal
E3|O75717|Q8N0X7,E3|O75717,E3,O75717,Q8N0X7,WDHD1,SPART,0,3,0,0.9312077164649963,neural_pair_scorer_resmlp_focal,focal
E3|O92608|Q6PGQ7,E3|O92608,E3,O92608,Q6PGQ7,ORF50,BORA,0,3,0,0.968679666519165,neural_pair_scorer_resmlp_focal,focal
E3|O92608|P54652,E3|O92608,E3,O92608,P54652,ORF50,HSPA2,0,3,0,0.04259735718369484,neural_pair_scorer_resmlp_focal,focal
E3|O94889|Q9Y5M8,E3|O94889,E3,O94889,Q9Y5M8,KLHL18,SRPRB,0,3,0,0.32904595136642456,neural_pair_scorer_resmlp_focal,focal
E3|O94889|Q86U70,E3|O94889,E3,O94889,Q86U70,KLHL18,LDB1,0,3,0,0.08983635157346725,neural_pair_scorer_resmlp_focal,focal
E3|O94972|P19429,E3|O94972,E3,O94972,P19429,TRIM37,TNNI3,0,3,0,0.03652044013142586,neural_pair_scorer_resmlp_focal,focal
E3|O94972|P15498,E3|O94972,E3,O94972,P15498,TRIM37,VAV1,0,3,0,0.025212980806827545,neural_pair_scorer_resmlp_focal,focal
E3|O95155|P05026,E3|O95155,E3,O95155,P05026,UBE4B,ATP1B1,0,3,0,0.05885382369160652,neural_pair_scorer_resmlp_focal,focal
E3|O95155|Q15858,E3|O95155,E3,O95155,Q15858,UBE4B,SCN9A,0,3,0,0.03896357864141464,neural_pair_scorer_resmlp_focal,focal
E3|O95155|Q13077,E3|O95155,E3,O95155,Q13077,UBE4B,TRAF1,0,3,0,0.38479965925216675,neural_pair_scorer_resmlp_focal,focal
E3|P10523|Q16589,E3|P10523,E3,P10523,Q16589,SAG,CCNG2,0,3,0,0.17255261540412903,neural_pair_scorer_resmlp_focal,focal
E3|P10523|Q8IUE6,E3|P10523,E3,P10523,Q8IUE6,SAG,H2AC21,0,3,0,0.1596503108739853,neural_pair_scorer_resmlp_focal,focal
E3|P10523|Q9H5N1,E3|P10523,E3,P10523,Q9H5N1,SAG,RABEP2,0,3,0,0.04931322857737541,neural_pair_scorer_resmlp_focal,focal
E3|P10523|Q99836,E3|P10523,E3,P10523,Q99836,SAG,MYD88,0,3,0,0.031865112483501434,neural_pair_scorer_resmlp_focal,focal
E3|P10523|Q8NFZ5,E3|P10523,E3,P10523,Q8NFZ5,SAG,TNIP2,0,3,0,0.903830885887146,neural_pair_scorer_resmlp_focal,focal
E3|P10523|P55895,E3|P10523,E3,P10523,P55895,SAG,RAG2,0,3,0,0.018353484570980072,neural_pair_scorer_resmlp_focal,focal
E3|P10523|P10275,E3|P10523,E3,P10523,P10275,SAG,AR,0,3,0,0.405525267124176,neural_pair_scorer_resmlp_focal,focal
E3|P10523|P11441,E3|P10523,E3,P10523,P11441,SAG,UBL4A,0,3,0,0.08157255500555038,neural_pair_scorer_resmlp_focal,focal
E3|P10523|Q8NEB9,E3|P10523,E3,P10523,Q8NEB9,SAG,PIK3C3,0,3,0,0.036499716341495514,neural_pair_scorer_resmlp_focal,focal
E3|P10523|Q96BF6,E3|P10523,E3,P10523,Q96BF6,SAG,NACC2,0,3,0,0.0284709632396698,neural_pair_scorer_resmlp_focal,focal
E3|P10523|Q9UIH9,E3|P10523,E3,P10523,Q9UIH9,SAG,KLF15,0,3,0,0.744745135307312,neural_pair_scorer_resmlp_focal,focal
E3|P10523|P00558,E3|P10523,E3,P10523,P00558,SAG,PGK1,0,3,0,0.9314138889312744,neural_pair_scorer_resmlp_focal,focal
E3|P15918|P61254,E3|P15918,E3,P15918,P61254,RAG1,RPL26,0,3,0,0.7083592414855957,neural_pair_scorer_resmlp_focal,focal
E3|P15918|P51795,E3|P15918,E3,P15918,P51795,RAG1,CLCN5,0,3,0,0.1705995500087738,neural_pair_scorer_resmlp_focal,focal
E3|P15918|O43318,E3|P15918,E3,P15918,O43318,RAG1,MAP3K7,0,3,0,0.9881641864776611,neural_pair_scorer_resmlp_focal,focal
E3|P15918|Q08499,E3|P15918,E3,P15918,Q08499,RAG1,PDE4D,0,3,0,0.7314873933792114,neural_pair_scorer_resmlp_focal,focal
E3|P19474|O60337,E3|P19474,E3,P19474,O60337,TRIM21,MARCHF6,0,3,0,0.560273289680481,neural_pair_scorer_resmlp_focal,focal
E3|P19474|Q15388,E3|P19474,E3,P19474,Q15388,TRIM21,TOMM20,0,3,0,0.11154434829950333,neural_pair_scorer_resmlp_focal,focal
E3|P19474|Q8N6P7,E3|P19474,E3,P19474,Q8N6P7,TRIM21,IL22RA1,0,3,0,0.08385317772626877,neural_pair_scorer_resmlp_focal,focal
E3|P19474|P56750,E3|P19474,E3,P19474,P56750,TRIM21,CLDN17,0,3,0,0.022768473252654076,neural_pair_scorer_resmlp_focal,focal
E3|P19474|P18433,E3|P19474,E3,P19474,P18433,TRIM21,PTPRA,0,3,0,0.3474598228931427,neural_pair_scorer_resmlp_focal,focal
E3|P19474|P48048,E3|P19474,E3,P19474,P48048,TRIM21,KCNJ1,0,3,0,0.018521055579185486,neural_pair_scorer_resmlp_focal,focal
E3|P19474|O43511,E3|P19474,E3,P19474,O43511,TRIM21,SLC26A4,0,3,0,0.033576931804418564,neural_pair_scorer_resmlp_focal,focal
E3|P19474|Q92851,E3|P19474,E3,P19474,Q92851,TRIM21,CASP10,0,3,0,0.4150732159614563,neural_pair_scorer_resmlp_focal,focal
E3|P19474|Q3T906,E3|P19474,E3,P19474,Q3T906,TRIM21,GNPTAB,0,3,0,0.02350020781159401,neural_pair_scorer_resmlp_focal,focal
E3|P21580|P03956,E3|P21580,E3,P21580,P03956,TNFAIP3,MMP1,0,3,0,0.20981726050376892,neural_pair_scorer_resmlp_focal,focal
E3|P21580|P41180,E3|P21580,E3,P21580,P41180,TNFAIP3,CASR,0,3,0,0.21802189946174622,neural_pair_scorer_resmlp_focal,focal
E3|P21580|Q99714,E3|P21580,E3,P21580,Q99714,TNFAIP3,PTPN5,0,3,0,0.1411879062652588,neural_pair_scorer_resmlp_focal,focal
E3|P35226|Q9NPH3,E3|P35226,E3,P35226,Q9NPH3,BMI1,IL1RAP,0,3,0,0.08425192534923553,neural_pair_scorer_resmlp_focal,focal
E3|P35226|Q92918,E3|P35226,E3,P35226,Q92918,BMI1,MAP4K1,0,3,0,0.9384626746177673,neural_pair_scorer_resmlp_focal,focal
E3|P35226|P08195,E3|P35226,E3,P35226,P08195,BMI1,SLC3A2,0,3,0,0.11027733236551285,neural_pair_scorer_resmlp_focal,focal
E3|P35226|P20039,E3|P35226,E3,P35226,P20039,BMI1,HLA-DRB1,0,3,0,0.018841629847884178,neural_pair_scorer_resmlp_focal,focal
E3|P35226|Q7Z434,E3|P35226,E3,P35226,Q7Z434,BMI1,MAVS,0,3,0,0.09575413167476654,neural_pair_scorer_resmlp_focal,focal
E3|P35226|Q13794,E3|P35226,E3,P35226,Q13794,BMI1,PMAIP1,0,3,0,0.012096276506781578,neural_pair_scorer_resmlp_focal,focal
E3|P35226|Q9Y286,E3|P35226,E3,P35226,Q9Y286,BMI1,SIGLEC7,0,3,0,0.06953262537717819,neural_pair_scorer_resmlp_focal,focal
E3|P40337|P03956,E3|P40337,E3,P40337,P03956,VHL,MMP1,0,3,0,0.02414257451891899,neural_pair_scorer_resmlp_focal,focal
E3|P40337|P02765,E3|P40337,E3,P40337,P02765,VHL,AHSG,0,3,0,0.017029983922839165,neural_pair_scorer_resmlp_focal,focal
E3|P40337|P05976,E3|P40337,E3,P40337,P05976,VHL,MYL1,0,3,0,0.017097942531108856,neural_pair_scorer_resmlp_focal,focal
E3|P40337|Q9P2F8,E3|P40337,E3,P40337,Q9P2F8,VHL,SIPA1L2,0,3,0,0.05487252026796341,neural_pair_scorer_resmlp_focal,focal
E3|P53804|P02765,E3|P53804,E3,P53804,P02765,TTC3,AHSG,0,3,0,0.11576735228300095,neural_pair_scorer_resmlp_focal,focal
E3|P98170|Q03135,E3|P98170,E3,P98170,Q03135,XIAP,CAV1,0,3,0,0.04015344753861427,neural_pair_scorer_resmlp_focal,focal
E3|P98170|P19634,E3|P98170,E3,P98170,P19634,XIAP,SLC9A1,0,3,0,0.01881747506558895,neural_pair_scorer_resmlp_focal,focal
E3|P98170|Q15849,E3|P98170,E3,P98170,Q15849,XIAP,SLC14A2,0,3,0,0.028428779914975166,neural_pair_scorer_resmlp_focal,focal
E3|P98170|P31785,E3|P98170,E3,P98170,P31785,XIAP,IL2RG,0,3,0,0.034365441650152206,neural_pair_scorer_resmlp_focal,focal
E3|P98170|Q8NEG5,E3|P98170,E3,P98170,Q8NEG5,XIAP,ZSWIM2,0,3,0,0.9081569910049438,neural_pair_scorer_resmlp_focal,focal
E3|P98170|P10523,E3|P98170,E3,P98170,P10523,XIAP,SAG,0,3,0,0.9158948659896851,neural_pair_scorer_resmlp_focal,focal
E3|P98170|P13760,E3|P98170,E3,P98170,P13760,XIAP,HLA-DRB1,0,3,0,0.014946958050131798,neural_pair_scorer_resmlp_focal,focal
E3|P98170|Q7Z4L4,E3|P98170,E3,P98170,Q7Z4L4,XIAP,TNIK,0,3,0,0.02307404763996601,neural_pair_scorer_resmlp_focal,focal
E3|Q00987|Q8NHL6,E3|Q00987,E3,Q00987,Q8NHL6,MDM2,LILRB1,0,3,0,0.02056419663131237,neural_pair_scorer_resmlp_focal,focal
E3|Q00987|Q93070,E3|Q00987,E3,Q00987,Q93070,MDM2,ART4,0,3,0,0.013968280516564846,neural_pair_scorer_resmlp_focal,focal
E3|Q00987|P51170,E3|Q00987,E3,Q00987,P51170,MDM2,SCNN1G,0,3,0,0.015027453191578388,neural_pair_scorer_resmlp_focal,focal
E3|Q00987|Q13571,E3|Q00987,E3,Q00987,Q13571,MDM2,LAPTM5,0,3,0,0.011706026270985603,neural_pair_scorer_resmlp_focal,focal
E3|Q00987|P02647,E3|Q00987,E3,Q00987,P02647,MDM2,APOA1,0,3,0,0.04415641725063324,neural_pair_scorer_resmlp_focal,focal
E3|Q00987|P20333,E3|Q00987,E3,Q00987,P20333,MDM2,TNFRSF1B,0,3,0,0.2567719519138336,neural_pair_scorer_resmlp_focal,focal
E3|Q00987|P12532,E3|Q00987,E3,Q00987,P12532,MDM2,CKMT1A,0,3,0,0.9158061146736145,neural_pair_scorer_resmlp_focal,focal
E3|Q00987|Q6ZVM7,E3|Q00987,E3,Q00987,Q6ZVM7,MDM2,TOM1L2,0,3,0,0.3345976769924164,neural_pair_scorer_resmlp_focal,focal
E3|Q00987|P08581,E3|Q00987,E3,Q00987,P08581,MDM2,MET,0,3,0,0.010908879339694977,neural_pair_scorer_resmlp_focal,focal
E3|Q00987|Q9BSA4,E3|Q00987,E3,Q00987,Q9BSA4,MDM2,TTYH2,0,3,0,0.019017167389392853,neural_pair_scorer_resmlp_focal,focal
E3|Q00987|O60883,E3|Q00987,E3,Q00987,O60883,MDM2,GPR37L1,0,3,0,0.014411374926567078,neural_pair_scorer_resmlp_focal,focal
E3|Q00987|Q8N519,E3|Q00987,E3,Q00987,Q8N519,MDM2,,0,3,0,0.02541973814368248,neural_pair_scorer_resmlp_focal,focal
E3|Q00987|Q569H4,E3|Q00987,E3,Q00987,Q569H4,MDM2,PRR16,0,3,0,0.02302025444805622,neural_pair_scorer_resmlp_focal,focal
E3|Q00987|Q9H1D0,E3|Q00987,E3,Q00987,Q9H1D0,MDM2,TRPV6,0,3,0,0.009329899214208126,neural_pair_scorer_resmlp_focal,focal
E3|Q00987|P01889,E3|Q00987,E3,Q00987,P01889,MDM2,HLA-B,0,3,0,0.0531628280878067,neural_pair_scorer_resmlp_focal,focal
E3|Q00987|P48048,E3|Q00987,E3,Q00987,P48048,MDM2,KCNJ1,0,3,0,0.013115826062858105,neural_pair_scorer_resmlp_focal,focal
E3|Q00987|Q9UNK0,E3|Q00987,E3,Q00987,Q9UNK0,MDM2,STX8,0,3,0,0.04899077117443085,neural_pair_scorer_resmlp_focal,focal
E3|Q00987|Q9UBN4,E3|Q00987,E3,Q00987,Q9UBN4,MDM2,TRPC4,0,3,0,0.009881818667054176,neural_pair_scorer_resmlp_focal,focal
E3|Q00987|O15146,E3|Q00987,E3,Q00987,O15146,MDM2,MUSK,0,3,0,0.01146005280315876,neural_pair_scorer_resmlp_focal,focal
E3|Q00987|Q9BYM8,E3|Q00987,E3,Q00987,Q9BYM8,MDM2,RBCK1,0,3,0,0.01835728995501995,neural_pair_scorer_resmlp_focal,focal
E3|Q00987|Q8TB46,E3|Q00987,E3,Q00987,Q8TB46,MDM2,ANKRD50,0,3,0,0.014357090927660465,neural_pair_scorer_resmlp_focal,focal
E3|Q00987|O75581,E3|Q00987,E3,Q00987,O75581,MDM2,LRP6,0,3,0,0.010167992673814297,neural_pair_scorer_resmlp_focal,focal
E3|Q00987|Q99062,E3|Q00987,E3,Q00987,Q99062,MDM2,CSF3R,0,3,0,0.049547966569662094,neural_pair_scorer_resmlp_focal,focal
E3|Q00987|O60313,E3|Q00987,E3,Q00987,O60313,MDM2,OPA1,0,3,0,0.07563236355781555,neural_pair_scorer_resmlp_focal,focal
E3|Q00987|Q9Y6D0,E3|Q00987,E3,Q00987,Q9Y6D0,MDM2,SELENOK,0,3,0,0.10565442591905594,neural_pair_scorer_resmlp_focal,focal
E3|Q00987|Q9BV40,E3|Q00987,E3,Q00987,Q9BV40,MDM2,VAMP8,0,3,0,0.042033758014440536,neural_pair_scorer_resmlp_focal,focal
E3|Q00987|P31645,E3|Q00987,E3,Q00987,P31645,MDM2,SLC6A4,0,3,0,0.01770894043147564,neural_pair_scorer_resmlp_focal,focal
E3|Q00987|P16070,E3|Q00987,E3,Q00987,P16070,MDM2,CD44,0,3,0,0.020464088767766953,neural_pair_scorer_resmlp_focal,focal
E3|Q00987|P17302,E3|Q00987,E3,Q00987,P17302,MDM2,GJA1,0,3,0,0.01226232573390007,neural_pair_scorer_resmlp_focal,focal
E3|Q00987|Q70CQ3,E3|Q00987,E3,Q00987,Q70CQ3,MDM2,USP30,0,3,0,0.009744249284267426,neural_pair_scorer_resmlp_focal,focal
E3|Q00987|P60903,E3|Q00987,E3,Q00987,P60903,MDM2,S100A10,0,3,0,0.09246213734149933,neural_pair_scorer_resmlp_focal,focal
E3|Q00987|Q99759,E3|Q00987,E3,Q00987,Q99759,MDM2,MAP3K3,0,3,0,0.012298167683184147,neural_pair_scorer_resmlp_focal,focal
E3|Q00987|O00459,E3|Q00987,E3,Q00987,O00459,MDM2,PIK3R2,0,3,0,0.01197147648781538,neural_pair_scorer_resmlp_focal,focal
E3|Q00987|P01912,E3|Q00987,E3,Q00987,P01912,MDM2,HLA-DRB1,0,3,0,0.013690835796296597,neural_pair_scorer_resmlp_focal,focal
E3|Q00987|P08393,E3|Q00987,E3,Q00987,P08393,MDM2,ICP0,0,3,0,0.03018147498369217,neural_pair_scorer_resmlp_focal,focal
E3|Q00987|P29033,E3|Q00987,E3,Q00987,P29033,MDM2,GJB2,0,3,0,0.017028842121362686,neural_pair_scorer_resmlp_focal,focal
E3|Q00987|P00367,E3|Q00987,E3,Q00987,P00367,MDM2,GLUD1,0,3,0,0.9028566479682922,neural_pair_scorer_resmlp_focal,focal
E3|Q00987|O60762,E3|Q00987,E3,Q00987,O60762,MDM2,DPM1,0,3,0,0.6529927253723145,neural_pair_scorer_resmlp_focal,focal
E3|Q00987|P06127,E3|Q00987,E3,Q00987,P06127,MDM2,CD5,0,3,0,0.015964394435286522,neural_pair_scorer_resmlp_focal,focal
E3|Q00987|P0DMV8,E3|Q00987,E3,Q00987,P0DMV8,MDM2,HSPA1A,0,3,0,0.5762003660202026,neural_pair_scorer_resmlp_focal,focal
E3|Q00987|P04085,E3|Q00987,E3,Q00987,P04085,MDM2,PDGFA,0,3,0,0.011489221826195717,neural_pair_scorer_resmlp_focal,focal
E3|Q00987|O14773,E3|Q00987,E3,Q00987,O14773,MDM2,TPP1,0,3,0,0.12192755192518234,neural_pair_scorer_resmlp_focal,focal
E3|Q00987|P61968,E3|Q00987,E3,Q00987,P61968,MDM2,LMO4,0,3,0,0.10233791917562485,neural_pair_scorer_resmlp_focal,focal
E3|Q00987|P02751,E3|Q00987,E3,Q00987,P02751,MDM2,FN1,0,3,0,0.015163185074925423,neural_pair_scorer_resmlp_focal,focal
E3|Q00987|P05556,E3|Q00987,E3,Q00987,P05556,MDM2,ITGB1,0,3,0,0.01314654853194952,neural_pair_scorer_resmlp_focal,focal
E3|Q00987|P36894,E3|Q00987,E3,Q00987,P36894,MDM2,BMPR1A,0,3,0,0.014561256393790245,neural_pair_scorer_resmlp_focal,focal
E3|Q06587|Q9Y5Y9,E3|Q06587,E3,Q06587,Q9Y5Y9,RING1,SCN10A,0,3,0,0.01987820863723755,neural_pair_scorer_resmlp_focal,focal
E3|Q07869|Q93070,E3|Q07869,E3,Q07869,Q93070,PPARA,ART4,0,3,0,0.03218100219964981,neural_pair_scorer_resmlp_focal,focal
E3|Q14527|P36897,E3|Q14527,E3,Q14527,P36897,HLTF,TGFBR1,0,3,0,0.04693327471613884,neural_pair_scorer_resmlp_focal,focal
E3|Q16531|Q14534,E3|Q16531,E3,Q16531,Q14534,DDB1,SQLE,0,3,0,0.04413213953375816,neural_pair_scorer_resmlp_focal,focal
E3|Q5GLZ8|P55211,E3|Q5GLZ8,E3,Q5GLZ8,P55211,HERC4,CASP9,0,3,0,0.04587431997060776,neural_pair_scorer_resmlp_focal,focal
E3|Q5VU92|Q96GM5,E3|Q5VU92,E3,Q5VU92,Q96GM5,DCAF12L1,SMARCD1,0,3,0,0.6480187177658081,neural_pair_scorer_resmlp_focal,focal
E3|Q5VU92|Q9BYF1,E3|Q5VU92,E3,Q5VU92,Q9BYF1,DCAF12L1,ACE2,0,3,0,0.9459567070007324,neural_pair_scorer_resmlp_focal,focal
E3|Q6R327|O75928,E3|Q6R327,E3,Q6R327,O75928,RICTOR,PIAS2,0,3,0,0.972919225692749,neural_pair_scorer_resmlp_focal,focal
E3|Q6R327|Q15173,E3|Q6R327,E3,Q6R327,Q15173,RICTOR,PPP2R5B,0,3,0,0.0306059792637825,neural_pair_scorer_resmlp_focal,focal
E3|Q75N03|P08034,E3|Q75N03,E3,Q75N03,P08034,CBLL1,GJB1,0,3,0,0.01916433311998844,neural_pair_scorer_resmlp_focal,focal
E3|Q86WB0|P22459,E3|Q86WB0,E3,Q86WB0,P22459,ZC3HC1,KCNA4,0,3,0,0.02780940569937229,neural_pair_scorer_resmlp_focal,focal
E3|Q86WB0|P07355,E3|Q86WB0,E3,Q86WB0,P07355,ZC3HC1,ANXA2,0,3,0,0.9609411954879761,neural_pair_scorer_resmlp_focal,focal
E3|Q86WC4|Q9Y4K4,E3|Q86WC4,E3,Q86WC4,Q9Y4K4,OSTM1,MAP4K5,0,3,0,0.9540770649909973,neural_pair_scorer_resmlp_focal,focal
E3|Q86WC4|Q9NR28,E3|Q86WC4,E3,Q86WC4,Q9NR28,OSTM1,DIABLO,0,3,0,0.965286910533905,neural_pair_scorer_resmlp_focal,focal
E3|Q86XK2|Q8N519,E3|Q86XK2,E3,Q86XK2,Q8N519,FBXO11,,0,3,0,0.9207229018211365,neural_pair_scorer_resmlp_focal,focal
E3|Q86XK2|Q8N907,E3|Q86XK2,E3,Q86XK2,Q8N907,FBXO11,DAND5,0,3,0,0.7740246057510376,neural_pair_scorer_resmlp_focal,focal
E3|Q86XK2|P04179,E3|Q86XK2,E3,Q86XK2,P04179,FBXO11,SOD2,0,3,0,0.05312089994549751,neural_pair_scorer_resmlp_focal,focal
E3|Q86XK2|P18065,E3|Q86XK2,E3,Q86XK2,P18065,FBXO11,IGFBP2,0,3,0,0.39346596598625183,neural_pair_scorer_resmlp_focal,focal
E3|Q86XK2|P17302,E3|Q86XK2,E3,Q86XK2,P17302,FBXO11,GJA1,0,3,0,0.36766698956489563,neural_pair_scorer_resmlp_focal,focal
E3|Q86XK2|Q9Y2J4,E3|Q86XK2,E3,Q86XK2,Q9Y2J4,FBXO11,AMOTL2,0,3,0,0.9658114910125732,neural_pair_scorer_resmlp_focal,focal
E3|Q86XT4|Q9Y253,E3|Q86XT4,E3,Q86XT4,Q9Y253,TRIM50,POLH,0,3,0,0.04171779006719589,neural_pair_scorer_resmlp_focal,focal
E3|Q86XT4|Q96T88,E3|Q86XT4,E3,Q86XT4,Q96T88,TRIM50,UHRF1,0,3,0,0.03979974985122681,neural_pair_scorer_resmlp_focal,focal
E3|Q86Y01|P46695,E3|Q86Y01,E3,Q86Y01,P46695,DTX1,IER3,0,3,0,0.07610248029232025,neural_pair_scorer_resmlp_focal,focal
E3|Q86Y01|Q8IZG5,E3|Q86Y01,E3,Q86Y01,Q8IZG5,DTX1,SS18,0,3,0,0.03294295072555542,neural_pair_scorer_resmlp_focal,focal
E3|Q8IWV7|P35250,E3|Q8IWV7,E3,Q8IWV7,P35250,UBR1,RFC2,0,3,0,0.6878690123558044,neural_pair_scorer_resmlp_focal,focal
E3|Q8IWV7|P54098,E3|Q8IWV7,E3,Q8IWV7,P54098,UBR1,POLG,0,3,0,0.027923136949539185,neural_pair_scorer_resmlp_focal,focal
E3|Q8IYU2|P14859,E3|Q8IYU2,E3,Q8IYU2,P14859,HACE1,POU2F1,0,3,0,0.101054847240448,neural_pair_scorer_resmlp_focal,focal
E3|Q8IYU2|O00418,E3|Q8IYU2,E3,Q8IYU2,O00418,HACE1,EEF2K,0,3,0,0.05385452136397362,neural_pair_scorer_resmlp_focal,focal
E3|Q8IYU2|Q8TB46,E3|Q8IYU2,E3,Q8IYU2,Q8TB46,HACE1,ANKRD50,0,3,0,0.05106525123119354,neural_pair_scorer_resmlp_focal,focal
E3|Q8IYU2|O94782,E3|Q8IYU2,E3,Q8IYU2,O94782,HACE1,USP1,0,3,0,0.040611982345581055,neural_pair_scorer_resmlp_focal,focal
E3|Q8IYU2|O75525,E3|Q8IYU2,E3,Q8IYU2,O75525,HACE1,KHDRBS3,0,3,0,0.5679426789283752,neural_pair_scorer_resmlp_focal,focal
E3|Q8N9I9|P50553,E3|Q8N9I9,E3,Q8N9I9,P50553,DTX3,ASCL1,0,3,0,0.8354636430740356,neural_pair_scorer_resmlp_focal,focal
E3|Q8N9I9|Q9Y2R9,E3|Q8N9I9,E3,Q8N9I9,Q9Y2R9,DTX3,MRPS7,0,3,0,0.018973983824253082,neural_pair_scorer_resmlp_focal,focal
E3|Q8N9I9|P53805,E3|Q8N9I9,E3,Q8N9I9,P53805,DTX3,RCAN1,0,3,0,0.07379455864429474,neural_pair_scorer_resmlp_focal,focal
E3|Q8N9I9|P05026,E3|Q8N9I9,E3,Q8N9I9,P05026,DTX3,ATP1B1,0,3,0,0.9272732734680176,neural_pair_scorer_resmlp_focal,focal
E3|Q8N9I9|Q15561,E3|Q8N9I9,E3,Q8N9I9,Q15561,DTX3,TEAD4,0,3,0,0.9584122896194458,neural_pair_scorer_resmlp_focal,focal
E3|Q8NHM5|Q04912,E3|Q8NHM5,E3,Q8NHM5,Q04912,KDM2B,MST1R,0,3,0,0.01805363968014717,neural_pair_scorer_resmlp_focal,focal
E3|Q8NHM5|Q15386,E3|Q8NHM5,E3,Q8NHM5,Q15386,KDM2B,UBE3C,0,3,0,0.014169873669743538,neural_pair_scorer_resmlp_focal,focal
E3|Q8NHM5|P52333,E3|Q8NHM5,E3,Q8NHM5,P52333,KDM2B,JAK3,0,3,0,0.7692379951477051,neural_pair_scorer_resmlp_focal,focal
E3|Q8TEB7|Q86T82,E3|Q8TEB7,E3,Q8TEB7,Q86T82,RNF128,USP37,0,3,0,0.8560182452201843,neural_pair_scorer_resmlp_focal,focal
E3|Q8TEB7|O60934,E3|Q8TEB7,E3,Q8TEB7,O60934,RNF128,NBN,0,3,0,0.6419535875320435,neural_pair_scorer_resmlp_focal,focal
E3|Q8TEB7|Q00059,E3|Q8TEB7,E3,Q8TEB7,Q00059,RNF128,TFAM,0,3,0,0.7159357666969299,neural_pair_scorer_resmlp_focal,focal
E3|Q8TEB7|C9JYI4,E3|Q8TEB7,E3,Q8TEB7,C9JYI4,RNF128,KPNA1,0,3,0,0.9477438926696777,neural_pair_scorer_resmlp_focal,focal
E3|Q8TEB7|Q16342,E3|Q8TEB7,E3,Q8TEB7,Q16342,RNF128,PDCD2,0,3,0,0.7864331603050232,neural_pair_scorer_resmlp_focal,focal
E3|Q96D59|P14859,E3|Q96D59,E3,Q96D59,P14859,RNF183,POU2F1,0,3,0,0.01791117899119854,neural_pair_scorer_resmlp_focal,focal
E3|Q96D59|Q13547,E3|Q96D59,E3,Q96D59,Q13547,RNF183,HDAC1,0,3,0,0.11333543062210083,neural_pair_scorer_resmlp_focal,focal
E3|Q96D59|O95628,E3|Q96D59,E3,Q96D59,O95628,RNF183,CNOT4,0,3,0,0.2928301990032196,neural_pair_scorer_resmlp_focal,focal
E3|Q96DX5|Q92793,E3|Q96DX5,E3,Q96DX5,Q92793,ASB9,CREBBP,0,3,0,0.09285733103752136,neural_pair_scorer_resmlp_focal,focal
E3|Q96DX5|P06733,E3|Q96DX5,E3,Q96DX5,P06733,ASB9,ENO1,0,3,0,0.9560062885284424,neural_pair_scorer_resmlp_focal,focal
E3|Q96DX5|Q9NWF9,E3|Q96DX5,E3,Q96DX5,Q9NWF9,ASB9,RNF216,0,3,0,0.1892361342906952,neural_pair_scorer_resmlp_focal,focal
E3|Q96EQ8|Q9H5N1,E3|Q96EQ8,E3,Q96EQ8,Q9H5N1,RNF125,RABEP2,0,3,0,0.07638372480869293,neural_pair_scorer_resmlp_focal,focal
E3|Q96EQ8|O76064,E3|Q96EQ8,E3,Q96EQ8,O76064,RNF125,RNF8,0,3,0,0.15749190747737885,neural_pair_scorer_resmlp_focal,focal
E3|Q96EQ8|Q6Q0C0,E3|Q96EQ8,E3,Q96EQ8,Q6Q0C0,RNF125,TRAF7,0,3,0,0.1493902951478958,neural_pair_scorer_resmlp_focal,focal
E3|Q96EQ8|Q86Y01,E3|Q96EQ8,E3,Q96EQ8,Q86Y01,RNF125,DTX1,0,3,0,0.030249591916799545,neural_pair_scorer_resmlp_focal,focal
E3|Q96EQ8|P15918,E3|Q96EQ8,E3,Q96EQ8,P15918,RNF125,RAG1,0,3,0,0.969619870185852,neural_pair_scorer_resmlp_focal,focal
E3|Q96EQ8|P42574,E3|Q96EQ8,E3,Q96EQ8,P42574,RNF125,CASP3,0,3,0,0.6099100708961487,neural_pair_scorer_resmlp_focal,focal
E3|Q96EQ8|Q9H6E5,E3|Q96EQ8,E3,Q96EQ8,Q9H6E5,RNF125,TUT1,0,3,0,0.3931457996368408,neural_pair_scorer_resmlp_focal,focal
E3|Q96EQ8|Q9Y2N7,E3|Q96EQ8,E3,Q96EQ8,Q9Y2N7,RNF125,HIF3A,0,3,0,0.02023143880069256,neural_pair_scorer_resmlp_focal,focal
E3|Q96EQ8|Q96BF6,E3|Q96EQ8,E3,Q96EQ8,Q96BF6,RNF125,NACC2,0,3,0,0.028867369517683983,neural_pair_scorer_resmlp_focal,focal
E3|Q96GF1|Q9NRM7,E3|Q96GF1,E3,Q96GF1,Q9NRM7,RNF185,LATS2,0,3,0,0.06135091558098793,neural_pair_scorer_resmlp_focal,focal
E3|Q96GF1|P26927,E3|Q96GF1,E3,Q96GF1,P26927,RNF185,MST1,0,3,0,0.5758332014083862,neural_pair_scorer_resmlp_focal,focal
E3|Q96GF1|Q96J92,E3|Q96GF1,E3,Q96GF1,Q96J92,RNF185,WNK4,0,3,0,0.5714665651321411,neural_pair_scorer_resmlp_focal,focal
E3|Q96GF1|Q8WUM4,E3|Q96GF1,E3,Q96GF1,Q8WUM4,RNF185,PDCD6IP,0,3,0,0.7507632374763489,neural_pair_scorer_resmlp_focal,focal
E3|Q96GF1|Q16665,E3|Q96GF1,E3,Q96GF1,Q16665,RNF185,HIF1A,0,3,0,0.16328932344913483,neural_pair_scorer_resmlp_focal,focal
E3|Q96J02|O95388,E3|Q96J02,E3,Q96J02,O95388,ITCH,CCN4,0,3,0,0.5936644673347473,neural_pair_scorer_resmlp_focal,focal
E3|Q96J02|Q92918,E3|Q96J02,E3,Q96J02,Q92918,ITCH,MAP4K1,0,3,0,0.9286187887191772,neural_pair_scorer_resmlp_focal,focal
E3|Q96J02|Q13233,E3|Q96J02,E3,Q96J02,Q13233,ITCH,MAP3K1,0,3,0,0.1634102761745453,neural_pair_scorer_resmlp_focal,focal
E3|Q96J02|P31937,E3|Q96J02,E3,Q96J02,P31937,ITCH,HIBADH,0,3,0,0.7903665900230408,neural_pair_scorer_resmlp_focal,focal
E3|Q96J02|Q8N519,E3|Q96J02,E3,Q96J02,Q8N519,ITCH,,0,3,0,0.3298022150993347,neural_pair_scorer_resmlp_focal,focal
E3|Q96J02|Q30134,E3|Q96J02,E3,Q96J02,Q30134,ITCH,HLA-DRB1,0,3,0,0.029587648808956146,neural_pair_scorer_resmlp_focal,focal
E3|Q96J02|P55036,E3|Q96J02,E3,Q96J02,P55036,ITCH,PSMD4,0,3,0,0.9912644624710083,neural_pair_scorer_resmlp_focal,focal
E3|Q96J02|P03129,E3|Q96J02,E3,Q96J02,P03129,ITCH,E7,0,3,0,0.2932468056678772,neural_pair_scorer_resmlp_focal,focal
E3|Q96J02|P54098,E3|Q96J02,E3,Q96J02,P54098,ITCH,POLG,0,3,0,0.8712025284767151,neural_pair_scorer_resmlp_focal,focal
E3|Q96J02|A9UEZ6,E3|Q96J02,E3,Q96J02,A9UEZ6,ITCH,BCR/ABL fusion,0,3,0,0.6405813097953796,neural_pair_scorer_resmlp_focal,focal
E3|Q96J02|O00233,E3|Q96J02,E3,Q96J02,O00233,ITCH,PSMD9,0,3,0,0.9022550582885742,neural_pair_scorer_resmlp_focal,focal
E3|Q96J02|P19429,E3|Q96J02,E3,Q96J02,P19429,ITCH,TNNI3,0,3,0,0.10411271452903748,neural_pair_scorer_resmlp_focal,focal
E3|Q96J02|Q92734,E3|Q96J02,E3,Q96J02,Q92734,ITCH,TFG,0,3,0,0.9642970561981201,neural_pair_scorer_resmlp_focal,focal
E3|Q96M94|O60486,E3|Q96M94,E3,Q96M94,O60486,KLHL15,PLXNC1,0,3,0,0.023973427712917328,neural_pair_scorer_resmlp_focal,focal
E3|Q96M94|P84077,E3|Q96M94,E3,Q96M94,P84077,KLHL15,ARF1,0,3,0,0.9655887484550476,neural_pair_scorer_resmlp_focal,focal
E3|Q96M94|Q9UJA2,E3|Q96M94,E3,Q96M94,Q9UJA2,KLHL15,CRLS1,0,3,0,0.059577103704214096,neural_pair_scorer_resmlp_focal,focal
E3|Q96RU7|Q9NWF9,E3|Q96RU7,E3,Q96RU7,Q9NWF9,TRIB3,RNF216,0,3,0,0.045176781713962555,neural_pair_scorer_resmlp_focal,focal
E3|Q96T88|O00628,E3|Q96T88,E3,Q96T88,O00628,UHRF1,PEX7,0,3,0,0.8409348726272583,neural_pair_scorer_resmlp_focal,focal
E3|Q96T88|P18065,E3|Q96T88,E3,Q96T88,P18065,UHRF1,IGFBP2,0,3,0,0.29184654355049133,neural_pair_scorer_resmlp_focal,focal
E3|Q96T88|Q8N6T3,E3|Q96T88,E3,Q96T88,Q8N6T3,UHRF1,ARFGAP1,0,3,0,0.9923087358474731,neural_pair_scorer_resmlp_focal,focal
E3|Q96T88|P29317,E3|Q96T88,E3,Q96T88,P29317,UHRF1,EPHA2,0,3,0,0.027244048193097115,neural_pair_scorer_resmlp_focal,focal
E3|Q99496|P05777,E3|Q99496,E3,Q99496,P05777,RNF2,M,0,3,0,0.01144977193325758,neural_pair_scorer_resmlp_focal,focal
E3|Q99496|Q9BSA4,E3|Q99496,E3,Q99496,Q9BSA4,RNF2,TTYH2,0,3,0,0.043602656573057175,neural_pair_scorer_resmlp_focal,focal
E3|Q99496|Q9BV40,E3|Q99496,E3,Q99496,Q9BV40,RNF2,VAMP8,0,3,0,0.6402356028556824,neural_pair_scorer_resmlp_focal,focal
E3|Q99496|Q99062,E3|Q99496,E3,Q99496,Q99062,RNF2,CSF3R,0,3,0,0.2647475004196167,neural_pair_scorer_resmlp_focal,focal
E3|Q99496|P08034,E3|Q99496,E3,Q99496,P08034,RNF2,GJB1,0,3,0,0.04761597886681557,neural_pair_scorer_resmlp_focal,focal
E3|Q99675|C9JYI4,E3|Q99675,E3,Q99675,C9JYI4,CGRRF1,KPNA1,0,3,0,0.8697428703308105,neural_pair_scorer_resmlp_focal,focal
E3|Q9BV68|O95502,E3|Q9BV68,E3,Q9BV68,O95502,RNF126,NPTXR,0,3,0,0.08808977901935577,neural_pair_scorer_resmlp_focal,focal
E3|Q9BV68|P11274,E3|Q9BV68,E3,Q9BV68,P11274,RNF126,BCR,0,3,0,0.9844915270805359,neural_pair_scorer_resmlp_focal,focal
E3|Q9BV68|P55017,E3|Q9BV68,E3,Q9BV68,P55017,RNF126,SLC12A3,0,3,0,0.2708110809326172,neural_pair_scorer_resmlp_focal,focal
E3|Q9BYM8|Q15797,E3|Q9BYM8,E3,Q9BYM8,Q15797,RBCK1,SMAD1,0,3,0,0.959480345249176,neural_pair_scorer_resmlp_focal,focal
E3|Q9BYM8|O43353,E3|Q9BYM8,E3,Q9BYM8,O43353,RBCK1,RIPK2,0,3,0,0.976111888885498,neural_pair_scorer_resmlp_focal,focal
E3|Q9BYM8|Q13490,E3|Q9BYM8,E3,Q9BYM8,Q13490,RBCK1,BIRC2,0,3,0,0.7024539113044739,neural_pair_scorer_resmlp_focal,focal
E3|Q9BYM8|Q99426,E3|Q9BYM8,E3,Q9BYM8,Q99426,RBCK1,TBCB,0,3,0,0.9334973692893982,neural_pair_scorer_resmlp_focal,focal
E3|Q9BYM8|Q13535,E3|Q9BYM8,E3,Q9BYM8,Q13535,RBCK1,ATR,0,3,0,0.7265127301216125,neural_pair_scorer_resmlp_focal,focal
E3|Q9BYM8|O95863,E3|Q9BYM8,E3,Q9BYM8,O95863,RBCK1,SNAI1,0,3,0,0.03288762643933296,neural_pair_scorer_resmlp_focal,focal
E3|Q9BYM8|P20393,E3|Q9BYM8,E3,Q9BYM8,P20393,RBCK1,NR1D1,0,3,0,0.05494663491845131,neural_pair_scorer_resmlp_focal,focal
E3|Q9BYM8|O15399,E3|Q9BYM8,E3,Q9BYM8,O15399,RBCK1,GRIN2D,0,3,0,0.04324951022863388,neural_pair_scorer_resmlp_focal,focal
E3|Q9BYM8|Q16623,E3|Q9BYM8,E3,Q9BYM8,Q16623,RBCK1,STX1A,0,3,0,0.9610188007354736,neural_pair_scorer_resmlp_focal,focal
E3|Q9BYM8|P21589,E3|Q9BYM8,E3,Q9BYM8,P21589,RBCK1,NT5E,0,3,0,0.7781059741973877,neural_pair_scorer_resmlp_focal,focal
E3|Q9BYM8|P10911,E3|Q9BYM8,E3,Q9BYM8,P10911,RBCK1,MCF2,0,3,0,0.6349561810493469,neural_pair_scorer_resmlp_focal,focal
E3|Q9BYM8|Q14643,E3|Q9BYM8,E3,Q9BYM8,Q14643,RBCK1,ITPR1,0,3,0,0.5925553441047668,neural_pair_scorer_resmlp_focal,focal
E3|Q9BYM8|Q13131,E3|Q9BYM8,E3,Q9BYM8,Q13131,RBCK1,PRKAA1,0,3,0,0.9350746273994446,neural_pair_scorer_resmlp_focal,focal
E3|Q9BYM8|P42229,E3|Q9BYM8,E3,Q9BYM8,P42229,RBCK1,STAT5A,0,3,0,0.7960047721862793,neural_pair_scorer_resmlp_focal,focal
E3|Q9BYM8|O75928,E3|Q9BYM8,E3,Q9BYM8,O75928,RBCK1,PIAS2,0,3,0,0.07001791894435883,neural_pair_scorer_resmlp_focal,focal
E3|Q9BYM8|P42566,E3|Q9BYM8,E3,Q9BYM8,P42566,RBCK1,EPS15,0,3,0,0.8842096328735352,neural_pair_scorer_resmlp_focal,focal
E3|Q9BYM8|P37275,E3|Q9BYM8,E3,Q9BYM8,P37275,RBCK1,ZEB1,0,3,0,0.031788796186447144,neural_pair_scorer_resmlp_focal,focal
E3|Q9BYM8|O14980,E3|Q9BYM8,E3,Q9BYM8,O14980,RBCK1,XPO1,0,3,0,0.3473229706287384,neural_pair_scorer_resmlp_focal,focal
E3|Q9BYM8|P52564,E3|Q9BYM8,E3,Q9BYM8,P52564,RBCK1,MAP2K6,0,3,0,0.9797226786613464,neural_pair_scorer_resmlp_focal,focal
E3|Q9BYM8|Q8N488,E3|Q9BYM8,E3,Q9BYM8,Q8N488,RBCK1,RYBP,0,3,0,0.07191187143325806,neural_pair_scorer_resmlp_focal,focal
E3|Q9BYM8|Q86UW9,E3|Q9BYM8,E3,Q9BYM8,Q86UW9,RBCK1,DTX2,0,3,0,0.5906405448913574,neural_pair_scorer_resmlp_focal,focal
E3|Q9BZR9|P10912,E3|Q9BZR9,E3,Q9BZR9,P10912,TRIM8,GHR,0,3,0,0.05723791942000389,neural_pair_scorer_resmlp_focal,focal
E3|Q9BZR9|P08393,E3|Q9BZR9,E3,Q9BZR9,P08393,TRIM8,ICP0,0,3,0,0.03184396028518677,neural_pair_scorer_resmlp_focal,focal
E3|Q9C0C9|P21796,E3|Q9C0C9,E3,Q9C0C9,P21796,UBE2O,VDAC1,0,3,0,0.9509257078170776,neural_pair_scorer_resmlp_focal,focal
E3|Q9H469|Q02535,E3|Q9H469,E3,Q9H469,Q02535,FBXL15,ID3,0,3,0,0.33401426672935486,neural_pair_scorer_resmlp_focal,focal
E3|Q9H469|Q8NEG5,E3|Q9H469,E3,Q9H469,Q8NEG5,FBXL15,ZSWIM2,0,3,0,0.2903277575969696,neural_pair_scorer_resmlp_focal,focal
E3|Q9H469|Q96BF3,E3|Q9H469,E3,Q9H469,Q96BF3,FBXL15,TMIGD2,0,3,0,0.05240045487880707,neural_pair_scorer_resmlp_focal,focal
E3|Q9H4P4|Q9H1I8,E3|Q9H4P4,E3,Q9H4P4,Q9H1I8,RNF41,ASCC2,0,3,0,0.4142025411128998,neural_pair_scorer_resmlp_focal,focal
E3|Q9H4P4|Q29974,E3|Q9H4P4,E3,Q9H4P4,Q29974,RNF41,HLA-DRB1,0,3,0,0.014718320220708847,neural_pair_scorer_resmlp_focal,focal
E3|Q9H4P4|Q9BUZ4,E3|Q9H4P4,E3,Q9H4P4,Q9BUZ4,RNF41,TRAF4,0,3,0,0.9957563281059265,neural_pair_scorer_resmlp_focal,focal
E3|Q9H4P4|O75444,E3|Q9H4P4,E3,Q9H4P4,O75444,RNF41,MAF,0,3,0,0.04528382048010826,neural_pair_scorer_resmlp_focal,focal
E3|Q9H4P4|O95947,E3|Q9H4P4,E3,Q9H4P4,O95947,RNF41,TBX6,0,3,0,0.20369912683963776,neural_pair_scorer_resmlp_focal,focal
E3|Q9H4P4|Q13148,E3|Q9H4P4,E3,Q9H4P4,Q13148,RNF41,TARDBP,0,3,0,0.9714499115943909,neural_pair_scorer_resmlp_focal,focal
E3|Q9H4P4|Q9NZJ0,E3|Q9H4P4,E3,Q9H4P4,Q9NZJ0,RNF41,DTL,0,3,0,0.021564330905675888,neural_pair_scorer_resmlp_focal,focal
E3|Q9H4P4|O15431,E3|Q9H4P4,E3,Q9H4P4,O15431,RNF41,SLC31A1,0,3,0,0.07630816847085953,neural_pair_scorer_resmlp_focal,focal
E3|Q9H4P4|O15105,E3|Q9H4P4,E3,Q9H4P4,O15105,RNF41,SMAD7,0,3,0,0.737148642539978,neural_pair_scorer_resmlp_focal,focal
E3|Q9H4P4|P37275,E3|Q9H4P4,E3,Q9H4P4,P37275,RNF41,ZEB1,0,3,0,0.5940858721733093,neural_pair_scorer_resmlp_focal,focal
E3|Q9H4P4|O14763,E3|Q9H4P4,E3,Q9H4P4,O14763,RNF41,TNFRSF10B,0,3,0,0.025367755442857742,neural_pair_scorer_resmlp_focal,focal
E3|Q9H4P4|Q9BYP7,E3|Q9H4P4,E3,Q9H4P4,Q9BYP7,RNF41,WNK3,0,3,0,0.04107952117919922,neural_pair_scorer_resmlp_focal,focal
E3|Q9H4P4|O14543,E3|Q9H4P4,E3,Q9H4P4,O14543,RNF41,SOCS3,0,3,0,0.01690543256700039,neural_pair_scorer_resmlp_focal,focal
E3|Q9H4P4|P35659,E3|Q9H4P4,E3,Q9H4P4,P35659,RNF41,DEK,0,3,0,0.07758984714746475,neural_pair_scorer_resmlp_focal,focal
E3|Q9H4P4|Q96HS1,E3|Q9H4P4,E3,Q9H4P4,Q96HS1,RNF41,PGAM5,0,3,0,0.07985348254442215,neural_pair_scorer_resmlp_focal,focal
E3|Q9H4P4|Q9H160,E3|Q9H4P4,E3,Q9H4P4,Q9H160,RNF41,ING2,0,3,0,0.15962430834770203,neural_pair_scorer_resmlp_focal,focal
E3|Q9H4P4|Q96ST3,E3|Q9H4P4,E3,Q9H4P4,Q96ST3,RNF41,SIN3A,0,3,0,0.032328322529792786,neural_pair_scorer_resmlp_focal,focal
E3|Q9H4P4|P31785,E3|Q9H4P4,E3,Q9H4P4,P31785,RNF41,IL2RG,0,3,0,0.04329231008887291,neural_pair_scorer_resmlp_focal,focal
E3|Q9H4P4|P60321,E3|Q9H4P4,E3,Q9H4P4,P60321,RNF41,NANOS2,0,3,0,0.05858937278389931,neural_pair_scorer_resmlp_focal,focal
E3|Q9H4P4|Q8TDM6,E3|Q9H4P4,E3,Q9H4P4,Q8TDM6,RNF41,DLG5,0,3,0,0.10442943871021271,neural_pair_scorer_resmlp_focal,focal
E3|Q9H4P4|Q13740,E3|Q9H4P4,E3,Q9H4P4,Q13740,RNF41,ALCAM,0,3,0,0.032062407582998276,neural_pair_scorer_resmlp_focal,focal
E3|Q9H4P4|P35869,E3|Q9H4P4,E3,Q9H4P4,P35869,RNF41,AHR,0,3,0,0.8120169639587402,neural_pair_scorer_resmlp_focal,focal
E3|Q9H4P4|Q8TCG1,E3|Q9H4P4,E3,Q9H4P4,Q8TCG1,RNF41,CIP2A,0,3,0,0.018815696239471436,neural_pair_scorer_resmlp_focal,focal
E3|Q9H4P4|O43395,E3|Q9H4P4,E3,Q9H4P4,O43395,RNF41,PRPF3,0,3,0,0.09121894836425781,neural_pair_scorer_resmlp_focal,focal
E3|Q9H4P4|Q8IYM9,E3|Q9H4P4,E3,Q9H4P4,Q8IYM9,RNF41,TRIM22,0,3,0,0.013962739147245884,neural_pair_scorer_resmlp_focal,focal
E3|Q9H4P4|P46100,E3|Q9H4P4,E3,Q9H4P4,P46100,RNF41,ATRX,0,3,0,0.07180741429328918,neural_pair_scorer_resmlp_focal,focal
E3|Q9NSE2|Q9I788,E3|Q9NSE2,E3,Q9NSE2,Q9I788,CISH,exoT,0,3,0,0.3686576187610626,neural_pair_scorer_resmlp_focal,focal
E3|Q9NSE2|P53350,E3|Q9NSE2,E3,Q9NSE2,P53350,CISH,PLK1,0,3,0,0.3762154281139374,neural_pair_scorer_resmlp_focal,focal
E3|Q9NTX7|O95502,E3|Q9NTX7,E3,Q9NTX7,O95502,RNF146,NPTXR,0,3,0,0.015886198729276657,neural_pair_scorer_resmlp_focal,focal
E3|Q9NTX7|Q96JA1,E3|Q9NTX7,E3,Q9NTX7,Q96JA1,RNF146,LRIG1,0,3,0,0.022127291187644005,neural_pair_scorer_resmlp_focal,focal
E3|Q9NTX7|Q15011,E3|Q9NTX7,E3,Q9NTX7,Q15011,RNF146,HERPUD1,0,3,0,0.8789016008377075,neural_pair_scorer_resmlp_focal,focal
E3|Q9NTX7|Q92918,E3|Q9NTX7,E3,Q9NTX7,Q92918,RNF146,MAP4K1,0,3,0,0.013341011479496956,neural_pair_scorer_resmlp_focal,focal
E3|Q9NW38|P55085,E3|Q9NW38,E3,Q9NW38,P55085,FANCL,F2RL1,0,3,0,0.03405478969216347,neural_pair_scorer_resmlp_focal,focal
E3|Q9NXI6|P04271,E3|Q9NXI6,E3,Q9NXI6,P04271,RNF186,S100B,0,3,0,0.9439812302589417,neural_pair_scorer_resmlp_focal,focal
E3|Q9NXI6|O14503,E3|Q9NXI6,E3,Q9NXI6,O14503,RNF186,BHLHE40,0,3,0,0.01997287943959236,neural_pair_scorer_resmlp_focal,focal
E3|Q9NZS9|Q5MJ70,E3|Q9NZS9,E3,Q9NZS9,Q5MJ70,BFAR,SPDYA,0,3,0,0.17072753608226776,neural_pair_scorer_resmlp_focal,focal
E3|Q9NZS9|O75113,E3|Q9NZS9,E3,Q9NZS9,O75113,BFAR,N4BP1,0,3,0,0.21858540177345276,neural_pair_scorer_resmlp_focal,focal
E3|Q9NZS9|Q9BSI4,E3|Q9NZS9,E3,Q9NZS9,Q9BSI4,BFAR,TINF2,0,3,0,0.04530315101146698,neural_pair_scorer_resmlp_focal,focal
E3|Q9NZS9|Q96KK5,E3|Q9NZS9,E3,Q9NZS9,Q96KK5,BFAR,H2AC12,0,3,0,0.042432136833667755,neural_pair_scorer_resmlp_focal,focal
E3|Q9P2E8|Q8WUM4,E3|Q9P2E8,E3,Q9P2E8,Q8WUM4,MARCHF4,PDCD6IP,0,3,0,0.045430488884449005,neural_pair_scorer_resmlp_focal,focal
E3|Q9P2E8|P04229,E3|Q9P2E8,E3,Q9P2E8,P04229,MARCHF4,HLA-DRB1,0,3,0,0.8592527508735657,neural_pair_scorer_resmlp_focal,focal
E3|Q9P2E8|Q16656,E3|Q9P2E8,E3,Q9P2E8,Q16656,MARCHF4,NRF1,0,3,0,0.012461993843317032,neural_pair_scorer_resmlp_focal,focal
E3|Q9P2E8|O75925,E3|Q9P2E8,E3,Q9P2E8,O75925,MARCHF4,PIAS1,0,3,0,0.009356155060231686,neural_pair_scorer_resmlp_focal,focal
E3|Q9P2E8|P15923,E3|Q9P2E8,E3,Q9P2E8,P15923,MARCHF4,TCF3,0,3,0,0.011479738168418407,neural_pair_scorer_resmlp_focal,focal
E3|Q9P2J3|O15294,E3|Q9P2J3,E3,Q9P2J3,O15294,KLHL9,OGT,0,3,0,0.6927946209907532,neural_pair_scorer_resmlp_focal,focal
E3|Q9P2J3|Q16558,E3|Q9P2J3,E3,Q9P2J3,Q16558,KLHL9,KCNMB1,0,3,0,0.06718895584344864,neural_pair_scorer_resmlp_focal,focal
E3|Q9P2J3|Q99836,E3|Q9P2J3,E3,Q9P2J3,Q99836,KLHL9,MYD88,0,3,0,0.0546838752925396,neural_pair_scorer_resmlp_focal,focal
E3|Q9P2J3|P35558,E3|Q9P2J3,E3,Q9P2J3,P35558,KLHL9,PCK1,0,3,0,0.3005741238594055,neural_pair_scorer_resmlp_focal,focal
E3|Q9P2J3|O15392,E3|Q9P2J3,E3,Q9P2J3,O15392,KLHL9,BIRC5,0,3,0,0.15052558481693268,neural_pair_scorer_resmlp_focal,focal
E3|Q9P2J3|Q8TBZ2,E3|Q9P2J3,E3,Q9P2J3,Q8TBZ2,KLHL9,MYCBPAP,0,3,0,0.4757712781429291,neural_pair_scorer_resmlp_focal,focal
E3|Q9P2J3|P35626,E3|Q9P2J3,E3,Q9P2J3,P35626,KLHL9,ADRBK2,0,3,0,0.08515246212482452,neural_pair_scorer_resmlp_focal,focal
E3|Q9P2J3|Q08999,E3|Q9P2J3,E3,Q9P2J3,Q08999,KLHL9,RBL2,0,3,0,0.06971494108438492,neural_pair_scorer_resmlp_focal,focal
E3|Q9UDY8|P61077,E3|Q9UDY8,E3,Q9UDY8,P61077,MALT1,UBE2D3,0,3,0,0.7933537364006042,neural_pair_scorer_resmlp_focal,focal
E3|Q9UDY8|Q7Z2W7,E3|Q9UDY8,E3,Q9UDY8,Q7Z2W7,MALT1,TRPM8,0,3,0,0.03847862780094147,neural_pair_scorer_resmlp_focal,focal
E3|Q9UH77|Q9NTG7,E3|Q9UH77,E3,Q9UH77,Q9NTG7,KLHL3,SIRT3,0,3,0,0.12489393353462219,neural_pair_scorer_resmlp_focal,focal
E3|Q9UH77|Q12913,E3|Q9UH77,E3,Q9UH77,Q12913,KLHL3,PTPRJ,0,3,0,0.03231721743941307,neural_pair_scorer_resmlp_focal,focal
E3|Q9UK22|Q7L7L0,E3|Q9UK22,E3,Q9UK22,Q7L7L0,FBXO2,H2AW,0,3,0,0.06613025814294815,neural_pair_scorer_resmlp_focal,focal
E3|Q9UK22|Q92466,E3|Q9UK22,E3,Q9UK22,Q92466,FBXO2,DDB2,0,3,0,0.13649633526802063,neural_pair_scorer_resmlp_focal,focal
E3|Q9UK22|Q9UHV7,E3|Q9UK22,E3,Q9UK22,Q9UHV7,FBXO2,MED13,0,3,0,0.01672195829451084,neural_pair_scorer_resmlp_focal,focal
E3|Q9UK22|P13761,E3|Q9UK22,E3,Q9UK22,P13761,FBXO2,HLA-DRB1,0,3,0,0.014343613758683205,neural_pair_scorer_resmlp_focal,focal
E3|Q9UK97|Q9NZQ7,E3|Q9UK97,E3,Q9UK97,Q9NZQ7,FBXO9,CD274,0,3,0,0.12425176054239273,neural_pair_scorer_resmlp_focal,focal
E3|Q9UK97|Q92466,E3|Q9UK97,E3,Q9UK97,Q92466,FBXO9,DDB2,0,3,0,0.07834518700838089,neural_pair_scorer_resmlp_focal,focal
E3|Q9UK97|Q8N519,E3|Q9UK97,E3,Q9UK97,Q8N519,FBXO9,,0,3,0,0.25701090693473816,neural_pair_scorer_resmlp_focal,focal
E3|Q9ULT8|Q07869,E3|Q9ULT8,E3,Q9ULT8,Q07869,HECTD1,PPARA,0,3,0,0.9964672327041626,neural_pair_scorer_resmlp_focal,focal
E3|Q9ULT8|P43403,E3|Q9ULT8,E3,Q9ULT8,P43403,HECTD1,ZAP70,0,3,0,0.9321556687355042,neural_pair_scorer_resmlp_focal,focal
E3|Q9ULT8|Q13761,E3|Q9ULT8,E3,Q9ULT8,Q13761,HECTD1,RUNX3,0,3,0,0.9967484474182129,neural_pair_scorer_resmlp_focal,focal
E3|Q9ULT8|Q16589,E3|Q9ULT8,E3,Q9ULT8,Q16589,HECTD1,CCNG2,0,3,0,0.9489644765853882,neural_pair_scorer_resmlp_focal,focal
E3|Q9ULT8|P07332,E3|Q9ULT8,E3,Q9ULT8,P07332,HECTD1,FES,0,3,0,0.6216822266578674,neural_pair_scorer_resmlp_focal,focal
E3|Q9ULT8|P21860,E3|Q9ULT8,E3,Q9ULT8,P21860,HECTD1,ERBB3,0,3,0,0.5931817889213562,neural_pair_scorer_resmlp_focal,focal
E3|Q9UPN9|P23458,E3|Q9UPN9,E3,Q9UPN9,P23458,TRIM33,JAK1,0,3,0,0.9920369386672974,neural_pair_scorer_resmlp_focal,focal
E3|Q9UPN9|Q8N0X7,E3|Q9UPN9,E3,Q9UPN9,Q8N0X7,TRIM33,SPART,0,3,0,0.928354024887085,neural_pair_scorer_resmlp_focal,focal
E3|Q9UPN9|Q14324,E3|Q9UPN9,E3,Q9UPN9,Q14324,TRIM33,MYBPC2,0,3,0,0.10896742343902588,neural_pair_scorer_resmlp_focal,focal
E3|Q9UPN9|Q16828,E3|Q9UPN9,E3,Q9UPN9,Q16828,TRIM33,DUSP6,0,3,0,0.025733985006809235,neural_pair_scorer_resmlp_focal,focal
E3|Q9Y4L5|Q08AJ9,E3|Q9Y4L5,E3,Q9Y4L5,Q08AJ9,RNF115,HIST1H2AB,0,3,0,0.06620100885629654,neural_pair_scorer_resmlp_focal,focal
E3|Q9Y4L5|Q8NHL6,E3|Q9Y4L5,E3,Q9Y4L5,Q8NHL6,RNF115,LILRB1,0,3,0,0.1462056189775467,neural_pair_scorer_resmlp_focal,focal
DUB|O75317|O14737,DUB|O75317,DUB,O75317,O14737,USP12,PDCD5,0,3,0,0.05128741264343262,neural_pair_scorer_resmlp_focal,focal
DUB|P46736|O95180,DUB|P46736,DUB,P46736,O95180,BRCC3,CACNA1H,0,3,0,0.16753317415714264,neural_pair_scorer_resmlp_focal,focal
DUB|P46736|Q12809,DUB|P46736,DUB,P46736,Q12809,BRCC3,KCNH2,0,3,0,0.15217576920986176,neural_pair_scorer_resmlp_focal,focal
DUB|P46736|P25445,DUB|P46736,DUB,P46736,P25445,BRCC3,FAS,0,3,0,0.37474316358566284,neural_pair_scorer_resmlp_focal,focal
DUB|P46736|O95140,DUB|P46736,DUB,P46736,O95140,BRCC3,MFN2,0,3,0,0.07694979757070541,neural_pair_scorer_resmlp_focal,focal
DUB|P54578|Q05516,DUB|P54578,DUB,P54578,Q05516,USP14,ZBTB16,0,3,0,0.9960352778434753,neural_pair_scorer_resmlp_focal,focal
DUB|P54578|Q9HA47,DUB|P54578,DUB,P54578,Q9HA47,USP14,UCK1,0,3,0,0.12820036709308624,neural_pair_scorer_resmlp_focal,focal
DUB|P54578|P04908,DUB|P54578,DUB,P54578,P04908,USP14,HIST1H2AE,0,3,0,0.9658874869346619,neural_pair_scorer_resmlp_focal,focal
DUB|P54578|Q9ULT8,DUB|P54578,DUB,P54578,Q9ULT8,USP14,HECTD1,0,3,0,0.34379056096076965,neural_pair_scorer_resmlp_focal,focal
DUB|P54578|P23759,DUB|P54578,DUB,P54578,P23759,USP14,PAX7,0,3,0,0.9841093420982361,neural_pair_scorer_resmlp_focal,focal
DUB|P54578|Q92828,DUB|P54578,DUB,P54578,Q92828,USP14,CORO2A,0,3,0,0.8870360851287842,neural_pair_scorer_resmlp_focal,focal
DUB|P54578|A0A291NLA3,DUB|P54578,DUB,P54578,A0A291NLA3,USP14,SIGIRR,0,3,0,0.8995203971862793,neural_pair_scorer_resmlp_focal,focal
DUB|P54578|Q8WYQ5,DUB|P54578,DUB,P54578,Q8WYQ5,USP14,DGCR8,0,3,0,0.9968979358673096,neural_pair_scorer_resmlp_focal,focal
DUB|P62068|P20226,DUB|P62068,DUB,P62068,P20226,USP46,TBP,0,3,0,0.9137863516807556,neural_pair_scorer_resmlp_focal,focal
DUB|P62068|P08581,DUB|P62068,DUB,P62068,P08581,USP46,MET,0,3,0,0.07422876358032227,neural_pair_scorer_resmlp_focal,focal
DUB|P62068|O15151,DUB|P62068,DUB,P62068,O15151,USP46,MDM4,0,3,0,0.9859098196029663,neural_pair_scorer_resmlp_focal,focal
DUB|P62068|Q8N4S9,DUB|P62068,DUB,P62068,Q8N4S9,USP46,MARVELD2,0,3,0,0.07670034468173981,neural_pair_scorer_resmlp_focal,focal
DUB|P62068|O95180,DUB|P62068,DUB,P62068,O95180,USP46,CACNA1H,0,3,0,0.8452003002166748,neural_pair_scorer_resmlp_focal,focal
DUB|P62068|Q9UGP5,DUB|P62068,DUB,P62068,Q9UGP5,USP46,POLL,0,3,0,0.953172504901886,neural_pair_scorer_resmlp_focal,focal
DUB|P62068|Q9UPP1,DUB|P62068,DUB,P62068,Q9UPP1,USP46,PHF8,0,3,0,0.9872851967811584,neural_pair_scorer_resmlp_focal,focal
DUB|Q504Q3|A2AIR5,DUB|Q504Q3,DUB,Q504Q3,A2AIR5,PAN2,Grin3a,0,3,0,0.044656164944171906,neural_pair_scorer_resmlp_focal,focal
DUB|Q6P468|P61073,DUB|Q6P468,DUB,Q6P468,P61073,USP9X,CXCR4,0,3,0,0.03272261470556259,neural_pair_scorer_resmlp_focal,focal
DUB|Q6P468|P26927,DUB|Q6P468,DUB,Q6P468,P26927,USP9X,MST1,0,3,0,0.045886509120464325,neural_pair_scorer_resmlp_focal,focal
DUB|Q6P468|Q9UER7,DUB|Q6P468,DUB,Q6P468,Q9UER7,USP9X,DAXX,0,3,0,0.6390096545219421,neural_pair_scorer_resmlp_focal,focal
DUB|Q70EK8|O15105,DUB|Q70EK8,DUB,Q70EK8,O15105,USP53,SMAD7,0,3,0,0.9205471873283386,neural_pair_scorer_resmlp_focal,focal
DUB|Q86T82|Q99538,DUB|Q86T82,DUB,Q86T82,Q99538,USP37,LGMN,0,3,0,0.702897846698761,neural_pair_scorer_resmlp_focal,focal
DUB|Q86T82|Q9UHD2,DUB|Q86T82,DUB,Q86T82,Q9UHD2,USP37,TBK1,0,3,0,0.884748637676239,neural_pair_scorer_resmlp_focal,focal
DUB|Q86T82|Q96CW5,DUB|Q86T82,DUB,Q86T82,Q96CW5,USP37,TUBGCP3,0,3,0,0.9682250618934631,neural_pair_scorer_resmlp_focal,focal
DUB|Q86T82|Q86WI3,DUB|Q86T82,DUB,Q86T82,Q86WI3,USP37,NLRC5,0,3,0,0.9695380330085754,neural_pair_scorer_resmlp_focal,focal
DUB|Q86T82|P47895,DUB|Q86T82,DUB,Q86T82,P47895,USP37,ALDH1A3,0,3,0,0.9944016337394714,neural_pair_scorer_resmlp_focal,focal
DUB|Q86T82|Q13114,DUB|Q86T82,DUB,Q86T82,Q13114,USP37,TRAF3,0,3,0,0.9961035251617432,neural_pair_scorer_resmlp_focal,focal
DUB|Q86T82|Q8IXI2,DUB|Q86T82,DUB,Q86T82,Q8IXI2,USP37,RHOT1,0,3,0,0.9131245613098145,neural_pair_scorer_resmlp_focal,focal
DUB|Q8TEY7|P43246,DUB|Q8TEY7,DUB,Q8TEY7,P43246,USP33,MSH2,0,3,0,0.886716365814209,neural_pair_scorer_resmlp_focal,focal
DUB|Q8TEY7|O14773,DUB|Q8TEY7,DUB,Q8TEY7,O14773,USP33,TPP1,0,3,0,0.43607231974601746,neural_pair_scorer_resmlp_focal,focal
DUB|Q8TEY7|O15151,DUB|Q8TEY7,DUB,Q8TEY7,O15151,USP33,MDM4,0,3,0,0.9384418725967407,neural_pair_scorer_resmlp_focal,focal
DUB|Q8TEY7|Q8NHW3,DUB|Q8TEY7,DUB,Q8TEY7,Q8NHW3,USP33,MAFA,0,3,0,0.980487048625946,neural_pair_scorer_resmlp_focal,focal
DUB|Q8TEY7|Q9H3R0,DUB|Q8TEY7,DUB,Q8TEY7,Q9H3R0,USP33,KDM4C,0,3,0,0.9860219955444336,neural_pair_scorer_resmlp_focal,focal
DUB|Q8TEY7|Q14135,DUB|Q8TEY7,DUB,Q8TEY7,Q14135,USP33,VGLL4,0,3,0,0.9894618391990662,neural_pair_scorer_resmlp_focal,focal
DUB|Q8TEY7|Q8IXJ9,DUB|Q8TEY7,DUB,Q8TEY7,Q8IXJ9,USP33,ASXL1,0,3,0,0.5575559139251709,neural_pair_scorer_resmlp_focal,focal
DUB|Q8TEY7|P36894,DUB|Q8TEY7,DUB,Q8TEY7,P36894,USP33,BMPR1A,0,3,0,0.026106394827365875,neural_pair_scorer_resmlp_focal,focal
DUB|Q93009|Q05586,DUB|Q93009,DUB,Q93009,Q05586,USP7,GRIN1,0,3,0,0.24528592824935913,neural_pair_scorer_resmlp_focal,focal
DUB|Q93009|Q15388,DUB|Q93009,DUB,Q93009,Q15388,USP7,TOMM20,0,3,0,0.08519883453845978,neural_pair_scorer_resmlp_focal,focal
DUB|Q93009|P42261,DUB|Q93009,DUB,Q93009,P42261,USP7,GRIA1,0,3,0,0.5580140352249146,neural_pair_scorer_resmlp_focal,focal
DUB|Q93009|Q9UPY5,DUB|Q93009,DUB,Q93009,Q9UPY5,USP7,SLC7A11,0,3,0,0.9428617358207703,neural_pair_scorer_resmlp_focal,focal
DUB|Q93009|Q9NYV9,DUB|Q93009,DUB,Q93009,Q9NYV9,USP7,TAS2R13,0,3,0,0.06502091884613037,neural_pair_scorer_resmlp_focal,focal
DUB|Q93009|Q9HA47,DUB|Q93009,DUB,Q93009,Q9HA47,USP7,UCK1,0,3,0,0.03861071541905403,neural_pair_scorer_resmlp_focal,focal
DUB|Q93009|O15554,DUB|Q93009,DUB,Q93009,O15554,USP7,KCNN4,0,3,0,0.24290867149829865,neural_pair_scorer_resmlp_focal,focal
DUB|Q93009|Q8IVP5,DUB|Q93009,DUB,Q93009,Q8IVP5,USP7,FUNDC1,0,3,0,0.05376391485333443,neural_pair_scorer_resmlp_focal,focal
DUB|Q93009|P10145,DUB|Q93009,DUB,Q93009,P10145,USP7,CXCL8,0,3,0,0.2848637104034424,neural_pair_scorer_resmlp_focal,focal
DUB|Q93009|P36897,DUB|Q93009,DUB,Q93009,P36897,USP7,TGFBR1,0,3,0,0.3347431421279907,neural_pair_scorer_resmlp_focal,focal
DUB|Q93009|Q9UKV5,DUB|Q93009,DUB,Q93009,Q9UKV5,USP7,AMFR,0,3,0,0.10236373543739319,neural_pair_scorer_resmlp_focal,focal
DUB|Q93009|A0A291NLA3,DUB|Q93009,DUB,Q93009,A0A291NLA3,USP7,SIGIRR,0,3,0,0.8443759083747864,neural_pair_scorer_resmlp_focal,focal
DUB|Q93009|A2AIR5,DUB|Q93009,DUB,Q93009,A2AIR5,USP7,Grin3a,0,3,0,0.03443345054984093,neural_pair_scorer_resmlp_focal,focal
DUB|Q93009|Q03518,DUB|Q93009,DUB,Q93009,Q03518,USP7,TAP1,0,3,0,0.18420112133026123,neural_pair_scorer_resmlp_focal,focal
DUB|Q93009|Q12809,DUB|Q93009,DUB,Q93009,Q12809,USP7,KCNH2,0,3,0,0.6568409204483032,neural_pair_scorer_resmlp_focal,focal
DUB|Q93009|P08069,DUB|Q93009,DUB,Q93009,P08069,USP7,IGF1R,0,3,0,0.05953346565365791,neural_pair_scorer_resmlp_focal,focal
DUB|Q93009|P25445,DUB|Q93009,DUB,Q93009,P25445,USP7,FAS,0,3,0,0.5017610192298889,neural_pair_scorer_resmlp_focal,focal
DUB|Q93009|P14780,DUB|Q93009,DUB,Q93009,P14780,USP7,MMP9,0,3,0,0.05903646722435951,neural_pair_scorer_resmlp_focal,focal
DUB|Q93009|Q13635,DUB|Q93009,DUB,Q93009,Q13635,USP7,PTCH1,0,3,0,0.05497046560049057,neural_pair_scorer_resmlp_focal,focal
DUB|Q93009|Q04771,DUB|Q93009,DUB,Q93009,Q04771,USP7,ACVR1,0,3,0,0.07107585668563843,neural_pair_scorer_resmlp_focal,focal
DUB|Q93009|Q9Y256,DUB|Q93009,DUB,Q93009,Q9Y256,USP7,RCE1,0,3,0,0.25963684916496277,neural_pair_scorer_resmlp_focal,focal
DUB|Q93009|P07550,DUB|Q93009,DUB,Q93009,P07550,USP7,ADRB2,0,3,0,0.6478424668312073,neural_pair_scorer_resmlp_focal,focal
DUB|Q93009|P18084,DUB|Q93009,DUB,Q93009,P18084,USP7,ITGB5,0,3,0,0.6678264737129211,neural_pair_scorer_resmlp_focal,focal
DUB|Q93009|O15519,DUB|Q93009,DUB,Q93009,O15519,USP7,CFLAR,0,3,0,0.1866375058889389,neural_pair_scorer_resmlp_focal,focal
DUB|Q93009|Q9Y570,DUB|Q93009,DUB,Q93009,Q9Y570,USP7,PPME1,0,3,0,0.05648193880915642,neural_pair_scorer_resmlp_focal,focal
DUB|Q93009|Q9UBS5,DUB|Q93009,DUB,Q93009,Q9UBS5,USP7,GABBR1,0,3,0,0.07272358238697052,neural_pair_scorer_resmlp_focal,focal
DUB|Q93009|P78344,DUB|Q93009,DUB,Q93009,P78344,USP7,EIF4G2,0,3,0,0.9932054281234741,neural_pair_scorer_resmlp_focal,focal
DUB|Q93009|Q9ULT8,DUB|Q93009,DUB,Q93009,Q9ULT8,USP7,HECTD1,0,3,0,0.4325356185436249,neural_pair_scorer_resmlp_focal,focal
DUB|Q93009|O95180,DUB|Q93009,DUB,Q93009,O95180,USP7,CACNA1H,0,3,0,0.5252262353897095,neural_pair_scorer_resmlp_focal,focal
DUB|Q93009|Q9H5J4,DUB|Q93009,DUB,Q93009,Q9H5J4,USP7,ELOVL6,0,3,0,0.061716120690107346,neural_pair_scorer_resmlp_focal,focal
DUB|Q93009|O75365,DUB|Q93009,DUB,Q93009,O75365,USP7,PTP4A3,0,3,0,0.3400117754936218,neural_pair_scorer_resmlp_focal,focal
DUB|Q93009|P37023,DUB|Q93009,DUB,Q93009,P37023,USP7,ACVRL1,0,3,0,0.08813038468360901,neural_pair_scorer_resmlp_focal,focal
DUB|Q96DC9|Q00987,DUB|Q96DC9,DUB,Q96DC9,Q00987,OTUB2,MDM2,0,3,0,0.09512542933225632,neural_pair_scorer_resmlp_focal,focal
DUB|Q96DC9|Q99496,DUB|Q96DC9,DUB,Q96DC9,Q99496,OTUB2,RNF2,0,3,0,0.03212874010205269,neural_pair_scorer_resmlp_focal,focal
DUB|Q96DC9|P08253,DUB|Q96DC9,DUB,Q96DC9,P08253,OTUB2,MMP2,0,3,0,0.07771194726228714,neural_pair_scorer_resmlp_focal,focal
DUB|Q96DC9|Q96J02,DUB|Q96DC9,DUB,Q96DC9,Q96J02,OTUB2,ITCH,0,3,0,0.18456274271011353,neural_pair_scorer_resmlp_focal,focal
DUB|Q96DC9|O15111,DUB|Q96DC9,DUB,Q96DC9,O15111,OTUB2,CHUK,0,3,0,0.2070649415254593,neural_pair_scorer_resmlp_focal,focal
DUB|Q96DC9|Q9P2Y5,DUB|Q96DC9,DUB,Q96DC9,Q9P2Y5,OTUB2,UVRAG,0,3,0,0.04989619553089142,neural_pair_scorer_resmlp_focal,focal
DUB|Q96DC9|Q9UGP5,DUB|Q96DC9,DUB,Q96DC9,Q9UGP5,OTUB2,POLL,0,3,0,0.1725282520055771,neural_pair_scorer_resmlp_focal,focal
DUB|Q96DC9|Q9H8V3,DUB|Q96DC9,DUB,Q96DC9,Q9H8V3,OTUB2,ECT2,0,3,0,0.1558944433927536,neural_pair_scorer_resmlp_focal,focal
DUB|Q96DX7|Q9H6R0,DUB|Q96DX7,DUB,Q96DX7,Q9H6R0,TRIM44,DHX33,0,3,0,0.9712555408477783,neural_pair_scorer_resmlp_focal,focal
DUB|Q96DX7|O43623,DUB|Q96DX7,DUB,Q96DX7,O43623,TRIM44,SNAI2,0,3,0,0.9146117568016052,neural_pair_scorer_resmlp_focal,focal
DUB|Q96DX7|Q92633,DUB|Q96DX7,DUB,Q96DX7,Q92633,TRIM44,LPAR1,0,3,0,0.30527448654174805,neural_pair_scorer_resmlp_focal,focal
DUB|Q96DX7|P25054,DUB|Q96DX7,DUB,Q96DX7,P25054,TRIM44,APC,0,3,0,0.7084539532661438,neural_pair_scorer_resmlp_focal,focal
DUB|Q96RU2|P35228,DUB|Q96RU2,DUB,Q96RU2,P35228,USP28,NOS2,0,3,0,0.9226580858230591,neural_pair_scorer_resmlp_focal,focal
DUB|Q96RU2|P01584,DUB|Q96RU2,DUB,Q96RU2,P01584,USP28,IL1B,0,3,0,0.9957008957862854,neural_pair_scorer_resmlp_focal,focal
DUB|Q96RU2|Q96RJ0,DUB|Q96RU2,DUB,Q96RU2,Q96RJ0,USP28,TAAR1,0,3,0,0.018717598170042038,neural_pair_scorer_resmlp_focal,focal
DUB|Q96RU2|O95835,DUB|Q96RU2,DUB,Q96RU2,O95835,USP28,LATS1,0,3,0,0.7919172644615173,neural_pair_scorer_resmlp_focal,focal
DUB|Q96RU2|P37088,DUB|Q96RU2,DUB,Q96RU2,P37088,USP28,SCNN1A,0,3,0,0.9528026580810547,neural_pair_scorer_resmlp_focal,focal
DUB|Q96RU2|Q16828,DUB|Q96RU2,DUB,Q96RU2,Q16828,USP28,DUSP6,0,3,0,0.0726204365491867,neural_pair_scorer_resmlp_focal,focal
DUB|Q96RU2|Q12809,DUB|Q96RU2,DUB,Q96RU2,Q12809,USP28,KCNH2,0,3,0,0.06232919543981552,neural_pair_scorer_resmlp_focal,focal
DUB|Q96RU2|Q9H257,DUB|Q96RU2,DUB,Q96RU2,Q9H257,USP28,CARD9,0,3,0,0.9958546757698059,neural_pair_scorer_resmlp_focal,focal
DUB|Q9BXU7|P48764,DUB|Q9BXU7,DUB,Q9BXU7,P48764,USP26,SLC9A3,0,3,0,0.022274576127529144,neural_pair_scorer_resmlp_focal,focal
DUB|Q9NQC7|P15407,DUB|Q9NQC7,DUB,Q9NQC7,P15407,CYLD,FOSL1,0,3,0,0.040906745940446854,neural_pair_scorer_resmlp_focal,focal
DUB|Q9NQC7|O14737,DUB|Q9NQC7,DUB,Q9NQC7,O14737,CYLD,PDCD5,0,3,0,0.05201053246855736,neural_pair_scorer_resmlp_focal,focal
DUB|Q9NQC7|O00512,DUB|Q9NQC7,DUB,Q9NQC7,O00512,CYLD,BCL9,0,3,0,0.7926707863807678,neural_pair_scorer_resmlp_focal,focal
DUB|Q9NQC7|P51965,DUB|Q9NQC7,DUB,Q9NQC7,P51965,CYLD,UBE2E1,0,3,0,0.3672736883163452,neural_pair_scorer_resmlp_focal,focal
DUB|Q9NQC7|P62807,DUB|Q9NQC7,DUB,Q9NQC7,P62807,CYLD,HIST1H2BI,0,3,0,0.8799565434455872,neural_pair_scorer_resmlp_focal,focal
DUB|Q9NQC7|Q16778,DUB|Q9NQC7,DUB,Q9NQC7,Q16778,CYLD,HIST2H2BE,0,3,0,0.8607714772224426,neural_pair_scorer_resmlp_focal,focal
DUB|Q9NQC7|P04908,DUB|Q9NQC7,DUB,Q9NQC7,P04908,CYLD,HIST1H2AE,0,3,0,0.5405506491661072,neural_pair_scorer_resmlp_focal,focal
DUB|Q9NQC7|Q8NAP3,DUB|Q9NQC7,DUB,Q9NQC7,Q8NAP3,CYLD,ZBTB38,0,3,0,0.06405703723430634,neural_pair_scorer_resmlp_focal,focal
DUB|Q9NQC7|Q99538,DUB|Q9NQC7,DUB,Q9NQC7,Q99538,CYLD,LGMN,0,3,0,0.7546576857566833,neural_pair_scorer_resmlp_focal,focal
DUB|Q9NQC7|P26927,DUB|Q9NQC7,DUB,Q9NQC7,P26927,CYLD,MST1,0,3,0,0.035449668765068054,neural_pair_scorer_resmlp_focal,focal
DUB|Q9NQC7|Q16777,DUB|Q9NQC7,DUB,Q9NQC7,Q16777,CYLD,HIST2H2AC,0,3,0,0.7158606052398682,neural_pair_scorer_resmlp_focal,focal
DUB|Q9NQC7|Q8IXJ9,DUB|Q9NQC7,DUB,Q9NQC7,Q8IXJ9,CYLD,ASXL1,0,3,0,0.05532199144363403,neural_pair_scorer_resmlp_focal,focal
DUB|Q9NQC7|O75943,DUB|Q9NQC7,DUB,Q9NQC7,O75943,CYLD,RAD17,0,3,0,0.9351156949996948,neural_pair_scorer_resmlp_focal,focal
DUB|Q9NQC7|P35659,DUB|Q9NQC7,DUB,Q9NQC7,P35659,CYLD,DEK,0,3,0,0.6809817552566528,neural_pair_scorer_resmlp_focal,focal
DUB|Q9NQC7|P30291,DUB|Q9NQC7,DUB,Q9NQC7,P30291,CYLD,WEE1,0,3,0,0.30552518367767334,neural_pair_scorer_resmlp_focal,focal
DUB|Q9UK80|O15554,DUB|Q9UK80,DUB,Q9UK80,O15554,USP21,KCNN4,0,3,0,0.05769766494631767,neural_pair_scorer_resmlp_focal,focal
DUB|Q9UK80|O14737,DUB|Q9UK80,DUB,Q9UK80,O14737,USP21,PDCD5,0,3,0,0.11323000490665436,neural_pair_scorer_resmlp_focal,focal
DUB|Q9UK80|Q8IVP5,DUB|Q9UK80,DUB,Q9UK80,Q8IVP5,USP21,FUNDC1,0,3,0,0.11894025653600693,neural_pair_scorer_resmlp_focal,focal
DUB|Q9UK80|A0A291NLA3,DUB|Q9UK80,DUB,Q9UK80,A0A291NLA3,USP21,SIGIRR,0,3,0,0.3065391480922699,neural_pair_scorer_resmlp_focal,focal
DUB|Q9Y5E6|Q53EZ4,DUB|Q9Y5E6,DUB,Q9Y5E6,Q53EZ4,PCDHB3,CEP55,0,3,0,0.6889631748199463,neural_pair_scorer_resmlp_focal,focal
DUB|Q9Y5E6|Q8WTU0,DUB|Q9Y5E6,DUB,Q9Y5E6,Q8WTU0,PCDHB3,DDI1,0,3,0,0.09973794221878052,neural_pair_scorer_resmlp_focal,focal
E3|A6NLU0|P14635,E3|A6NLU0,E3,A6NLU0,P14635,RFPL4A,CCNB1,1,4,1,0.998602569103241,neural_pair_scorer_resmlp_focal,focal
E3|O00635|O00635,E3|O00635,E3,O00635,O00635,TRIM38,TRIM38,1,4,1,0.9988359808921814,neural_pair_scorer_resmlp_focal,focal
E3|O00635|Q9Y4K3,E3|O00635,E3,O00635,Q9Y4K3,TRIM38,TRAF6,1,4,1,0.9961189031600952,neural_pair_scorer_resmlp_focal,focal
E3|O43663|P04908,E3|O43663,E3,O43663,P04908,PRC1,H2AC4,1,4,1,0.9952418804168701,neural_pair_scorer_resmlp_focal,focal
E3|O43663|P0C0S5,E3|O43663,E3,O43663,P0C0S5,PRC1,H2AZ1,1,4,1,0.9923542737960815,neural_pair_scorer_resmlp_focal,focal
E3|O43663|P16104,E3|O43663,E3,O43663,P16104,PRC1,H2AX,1,4,1,0.9965088963508606,neural_pair_scorer_resmlp_focal,focal
E3|O43663|Q6FI13,E3|O43663,E3,O43663,Q6FI13,PRC1,H2AC18,1,4,1,0.9962798953056335,neural_pair_scorer_resmlp_focal,focal
E3|O43663|Q96KK5,E3|O43663,E3,O43663,Q96KK5,PRC1,H2AC12,1,4,1,0.9963577389717102,neural_pair_scorer_resmlp_focal,focal
E3|O43663|Q96QV6,E3|O43663,E3,O43663,Q96QV6,PRC1,H2AC1,1,4,1,0.9953115582466125,neural_pair_scorer_resmlp_focal,focal
E3|O43663|Q99496,E3|O43663,E3,O43663,Q99496,PRC1,RNF2,1,4,1,0.9938992261886597,neural_pair_scorer_resmlp_focal,focal
E3|O75928|P42224,E3|O75928,E3,O75928,P42224,PIAS2,STAT1,1,4,1,0.9975327253341675,neural_pair_scorer_resmlp_focal,focal
E3|O76050|O76083,E3|O76050,E3,O76050,O76083,NEURL1,PDE9A,1,4,1,0.70878005027771,neural_pair_scorer_resmlp_focal,focal
E3|O95198|O95502,E3|O95198,E3,O95198,O95502,KLHL2,NPTXR,1,4,1,0.04585149139165878,neural_pair_scorer_resmlp_focal,focal
E3|O95198|Q14155,E3|O95198,E3,O95198,Q14155,KLHL2,ARHGEF7,1,4,1,0.9860504269599915,neural_pair_scorer_resmlp_focal,focal
E3|O95198|Q96J92,E3|O95198,E3,O95198,Q96J92,KLHL2,WNK4,1,4,1,0.9979530572891235,neural_pair_scorer_resmlp_focal,focal
E3|O95198|Q9BYP7,E3|O95198,E3,O95198,Q9BYP7,KLHL2,WNK3,1,4,1,0.9988183379173279,neural_pair_scorer_resmlp_focal,focal
E3|O95198|Q9H4A3,E3|O95198,E3,O95198,Q9H4A3,KLHL2,WNK1,1,4,1,0.9977916479110718,neural_pair_scorer_resmlp_focal,focal
E3|O95714|P23025,E3|O95714,E3,O95714,P23025,HERC2,XPA,1,4,1,0.9723573923110962,neural_pair_scorer_resmlp_focal,focal
E3|O95714|P38398,E3|O95714,E3,O95714,P38398,HERC2,BRCA1,1,4,1,0.9984227418899536,neural_pair_scorer_resmlp_focal,focal
E3|O95714|P63165,E3|O95714,E3,O95714,P63165,HERC2,SUMO1,1,4,1,0.9972381591796875,neural_pair_scorer_resmlp_focal,focal
E3|O95714|Q96JN8,E3|O95714,E3,O95714,Q96JN8,HERC2,NEURL4,1,4,1,0.998225748538971,neural_pair_scorer_resmlp_focal,focal
E3|O95714|Q9Y2K6,E3|O95714,E3,O95714,Q9Y2K6,HERC2,USP20,1,4,1,0.9961942434310913,neural_pair_scorer_resmlp_focal,focal
E3|P14373|O00750,E3|P14373,E3,P14373,O00750,TRIM27,PIK3C2B,1,4,1,0.9895852208137512,neural_pair_scorer_resmlp_focal,focal
E3|P14373|P38936,E3|P14373,E3,P14373,P38936,TRIM27,CDKN1A,1,4,1,0.9990566372871399,neural_pair_scorer_resmlp_focal,focal
E3|P14373|P60484,E3|P14373,E3,P14373,P60484,TRIM27,PTEN,1,4,1,0.9988498687744141,neural_pair_scorer_resmlp_focal,focal
E3|P14373|Q15561,E3|P14373,E3,P14373,Q15561,TRIM27,TEAD4,1,4,1,0.9981220364570618,neural_pair_scorer_resmlp_focal,focal
E3|P14373|Q9UHD2,E3|P14373,E3,P14373,Q9UHD2,TRIM27,TBK1,1,4,1,0.9986324906349182,neural_pair_scorer_resmlp_focal,focal
E3|P14373|Q9Y6X2,E3|P14373,E3,P14373,Q9Y6X2,TRIM27,PIAS3,1,4,1,0.998824417591095,neural_pair_scorer_resmlp_focal,focal
E3|P29590|P68431,E3|P29590,E3,P29590,P68431,PML,H3C12,1,4,1,0.22383278608322144,neural_pair_scorer_resmlp_focal,focal
E3|P35869|P03372,E3|P35869,E3,P35869,P03372,AHR,ESR1,1,4,1,0.9986047148704529,neural_pair_scorer_resmlp_focal,focal
E3|P35869|P37231,E3|P35869,E3,P35869,P37231,AHR,PPARG,1,4,1,0.9992175102233887,neural_pair_scorer_resmlp_focal,focal
E3|P36406|P04637,E3|P36406,E3,P36406,P04637,TRIM23,TP53,1,4,1,0.9993894100189209,neural_pair_scorer_resmlp_focal,focal
E3|P36406|P36406,E3|P36406,E3,P36406,P36406,TRIM23,TRIM23,1,4,1,0.9991025924682617,neural_pair_scorer_resmlp_focal,focal
E3|P36406|Q9Y4K3,E3|P36406,E3,P36406,Q9Y4K3,TRIM23,TRAF6,1,4,1,0.9991216063499451,neural_pair_scorer_resmlp_focal,focal
E3|P36406|Q9Y6K9,E3|P36406,E3,P36406,Q9Y6K9,TRIM23,IKBKG,1,4,1,0.999196469783783,neural_pair_scorer_resmlp_focal,focal
E3|P37231|P15941,E3|P37231,E3,P37231,P15941,PPARG,MUC1,1,4,1,0.9974545836448669,neural_pair_scorer_resmlp_focal,focal
E3|P37231|Q04206,E3|P37231,E3,P37231,Q04206,PPARG,RELA,1,4,1,0.9992905855178833,neural_pair_scorer_resmlp_focal,focal
E3|P37231|Q9BQE4,E3|P37231,E3,P37231,Q9BQE4,PPARG,SELENOS,1,4,1,0.8491477370262146,neural_pair_scorer_resmlp_focal,focal
E3|P37231|Q9Y6D0,E3|P37231,E3,P37231,Q9Y6D0,PPARG,SELENOK,1,4,1,0.003557174000889063,neural_pair_scorer_resmlp_focal,focal
E3|P46934|A8MYT4,E3|P46934,E3,P46934,A8MYT4,NEDD4,PIK3C3,1,4,1,0.9844005703926086,neural_pair_scorer_resmlp_focal,focal
E3|P46934|O14641,E3|P46934,E3,P46934,O14641,NEDD4,DVL2,1,4,1,0.9964053630828857,neural_pair_scorer_resmlp_focal,focal
E3|P46934|O14964,E3|P46934,E3,P46934,O14964,NEDD4,HGS,1,4,1,0.9164171814918518,neural_pair_scorer_resmlp_focal,focal
E3|P46934|O14980,E3|P46934,E3,P46934,O14980,NEDD4,XPO1,1,4,1,0.4527500867843628,neural_pair_scorer_resmlp_focal,focal
E3|P46934|O15399,E3|P46934,E3,P46934,O15399,NEDD4,GRIN2D,1,4,1,0.025704825296998024,neural_pair_scorer_resmlp_focal,focal
E3|P46934|O15431,E3|P46934,E3,P46934,O15431,NEDD4,SLC31A1,1,4,1,0.004392063245177269,neural_pair_scorer_resmlp_focal,focal
E3|P46934|O43490,E3|P46934,E3,P46934,O43490,NEDD4,PROM1,1,4,1,0.33390307426452637,neural_pair_scorer_resmlp_focal,focal
E3|P46934|O43597,E3|P46934,E3,P46934,O43597,NEDD4,SPRY2,1,4,1,0.9956727027893066,neural_pair_scorer_resmlp_focal,focal
E3|P46934|O75113,E3|P46934,E3,P46934,O75113,NEDD4,N4BP1,1,4,1,0.9957534074783325,neural_pair_scorer_resmlp_focal,focal
E3|P46934|O75444,E3|P46934,E3,P46934,O75444,NEDD4,MAF,1,4,1,0.005635018926113844,neural_pair_scorer_resmlp_focal,focal
E3|P46934|O75473,E3|P46934,E3,P46934,O75473,NEDD4,LGR5,1,4,1,0.8094558715820312,neural_pair_scorer_resmlp_focal,focal
E3|P46934|O75843,E3|P46934,E3,P46934,O75843,NEDD4,AP1G2,1,4,1,0.006452735513448715,neural_pair_scorer_resmlp_focal,focal
E3|P46934|O95835,E3|P46934,E3,P46934,O95835,NEDD4,LATS1,1,4,1,0.9975549578666687,neural_pair_scorer_resmlp_focal,focal
E3|P46934|O95999,E3|P46934,E3,P46934,O95999,NEDD4,BCL10,1,4,1,0.9980906844139099,neural_pair_scorer_resmlp_focal,focal
E3|P46934|P00533,E3|P46934,E3,P46934,P00533,NEDD4,EGFR,1,4,1,0.9975637197494507,neural_pair_scorer_resmlp_focal,focal
E3|P46934|P01106,E3|P46934,E3,P46934,P01106,NEDD4,MYC,1,4,1,0.9932544827461243,neural_pair_scorer_resmlp_focal,focal
E3|P46934|P01111,E3|P46934,E3,P46934,P01111,NEDD4,NRAS,1,4,1,0.9981156587600708,neural_pair_scorer_resmlp_focal,focal
E3|P46934|P01112,E3|P46934,E3,P46934,P01112,NEDD4,HRAS,1,4,1,0.9968360662460327,neural_pair_scorer_resmlp_focal,focal
E3|P46934|P01116,E3|P46934,E3,P46934,P01116,NEDD4,KRAS,1,4,1,0.9976492524147034,neural_pair_scorer_resmlp_focal,focal
E3|P46934|P04198,E3|P46934,E3,P46934,P04198,NEDD4,MYCN,1,4,1,0.21461230516433716,neural_pair_scorer_resmlp_focal,focal
E3|P46934|P04629,E3|P46934,E3,P46934,P04629,NEDD4,NTRK1,1,4,1,0.006811561994254589,neural_pair_scorer_resmlp_focal,focal
E3|P46934|P07550,E3|P46934,E3,P46934,P07550,NEDD4,ADRB2,1,4,1,0.9888260364532471,neural_pair_scorer_resmlp_focal,focal
E3|P46934|P07948,E3|P46934,E3,P46934,P07948,NEDD4,LYN,1,4,1,0.9977397918701172,neural_pair_scorer_resmlp_focal,focal
E3|P46934|P08069,E3|P46934,E3,P46934,P08069,NEDD4,IGF1R,1,4,1,0.9966461062431335,neural_pair_scorer_resmlp_focal,focal
E3|P46934|P08183,E3|P46934,E3,P46934,P08183,NEDD4,ABCB1,1,4,1,0.9241122603416443,neural_pair_scorer_resmlp_focal,focal
E3|P46934|P10114,E3|P46934,E3,P46934,P10114,NEDD4,RAP2A,1,4,1,0.9919533133506775,neural_pair_scorer_resmlp_focal,focal
E3|P46934|P10275,E3|P46934,E3,P46934,P10275,NEDD4,AR,1,4,1,0.24743296205997467,neural_pair_scorer_resmlp_focal,focal
E3|P46934|P10523,E3|P46934,E3,P46934,P10523,NEDD4,SAG,1,4,1,0.01749010942876339,neural_pair_scorer_resmlp_focal,focal
E3|P46934|P11362,E3|P46934,E3,P46934,P11362,NEDD4,FGFR1,1,4,1,0.21417303383350372,neural_pair_scorer_resmlp_focal,focal
E3|P46934|P12931,E3|P46934,E3,P46934,P12931,NEDD4,SRC,1,4,1,0.997739315032959,neural_pair_scorer_resmlp_focal,focal
E3|P46934|P17302,E3|P46934,E3,P46934,P17302,NEDD4,GJA1,1,4,1,0.8719567656517029,neural_pair_scorer_resmlp_focal,focal
E3|P46934|P19634,E3|P46934,E3,P46934,P19634,NEDD4,SLC9A1,1,4,1,0.008285664021968842,neural_pair_scorer_resmlp_focal,focal
E3|P46934|P21860,E3|P46934,E3,P46934,P21860,NEDD4,ERBB3,1,4,1,0.9967368245124817,neural_pair_scorer_resmlp_focal,focal
E3|P46934|P23759,E3|P46934,E3,P46934,P23759,NEDD4,PAX7,1,4,1,0.11129442602396011,neural_pair_scorer_resmlp_focal,focal
E3|P46934|P24928,E3|P46934,E3,P46934,P24928,NEDD4,POLR2A,1,4,1,0.9959096908569336,neural_pair_scorer_resmlp_focal,focal
E3|P46934|P25116,E3|P46934,E3,P46934,P25116,NEDD4,F2R,1,4,1,0.03337658569216728,neural_pair_scorer_resmlp_focal,focal
E3|P46934|P27216,E3|P46934,E3,P46934,P27216,NEDD4,ANXA13,1,4,1,0.022349881008267403,neural_pair_scorer_resmlp_focal,focal
E3|P46934|P31749,E3|P46934,E3,P46934,P31749,NEDD4,AKT1,1,4,1,0.9985886216163635,neural_pair_scorer_resmlp_focal,focal
E3|P46934|P31751,E3|P46934,E3,P46934,P31751,NEDD4,AKT2,1,4,1,0.9983091354370117,neural_pair_scorer_resmlp_focal,focal
E3|P46934|P35968,E3|P46934,E3,P46934,P35968,NEDD4,KDR,1,4,1,0.9954309463500977,neural_pair_scorer_resmlp_focal,focal
E3|P46934|P37231,E3|P46934,E3,P46934,P37231,NEDD4,PPARG,1,4,1,0.9987937211990356,neural_pair_scorer_resmlp_focal,focal
E3|P46934|P37840,E3|P46934,E3,P46934,P37840,NEDD4,SNCA,1,4,1,0.9960110187530518,neural_pair_scorer_resmlp_focal,focal
E3|P46934|P38936,E3|P46934,E3,P46934,P38936,NEDD4,CDKN1A,1,4,1,0.9988235831260681,neural_pair_scorer_resmlp_focal,focal
E3|P46934|P42261,E3|P46934,E3,P46934,P42261,NEDD4,GRIA1,1,4,1,0.038473088294267654,neural_pair_scorer_resmlp_focal,focal
E3|P46934|P42566,E3|P46934,E3,P46934,P42566,NEDD4,EPS15,1,4,1,0.990610659122467,neural_pair_scorer_resmlp_focal,focal
E3|P46934|P43005,E3|P46934,E3,P46934,P43005,NEDD4,SLC1A1,1,4,1,0.0017873800825327635,neural_pair_scorer_resmlp_focal,focal
E3|P46934|P43405,E3|P46934,E3,P46934,P43405,NEDD4,SYK,1,4,1,0.9972522854804993,neural_pair_scorer_resmlp_focal,focal
E3|P46934|P46531,E3|P46934,E3,P46934,P46531,NEDD4,NOTCH1,1,4,1,0.9988100528717041,neural_pair_scorer_resmlp_focal,focal
E3|P46934|P46934,E3|P46934,E3,P46934,P46934,NEDD4,NEDD4,1,4,1,0.9983371496200562,neural_pair_scorer_resmlp_focal,focal
E3|P46934|P51168,E3|P46934,E3,P46934,P51168,NEDD4,SCNN1B,1,4,1,0.9394108057022095,neural_pair_scorer_resmlp_focal,focal
E3|P46934|P51170,E3|P46934,E3,P46934,P51170,NEDD4,SCNN1G,1,4,1,0.08927398920059204,neural_pair_scorer_resmlp_focal,focal
E3|P46934|P55036,E3|P46934,E3,P46934,P55036,NEDD4,PSMD4,1,4,1,0.012202451936900616,neural_pair_scorer_resmlp_focal,focal
E3|P46934|P60484,E3|P46934,E3,P46934,P60484,NEDD4,PTEN,1,4,1,0.9976467490196228,neural_pair_scorer_resmlp_focal,focal
E3|P46934|P68431,E3|P46934,E3,P46934,P68431,NEDD4,H3C1,1,4,1,0.6575459837913513,neural_pair_scorer_resmlp_focal,focal
E3|P46934|P98170,E3|P46934,E3,P46934,P98170,NEDD4,XIAP,1,4,1,0.9982024431228638,neural_pair_scorer_resmlp_focal,focal
E3|P46934|Q00987,E3|P46934,E3,P46934,Q00987,NEDD4,MDM2,1,4,1,0.99845290184021,neural_pair_scorer_resmlp_focal,focal
E3|P46934|Q01628,E3|P46934,E3,P46934,Q01628,NEDD4,IFITM3,1,4,1,0.06094014644622803,neural_pair_scorer_resmlp_focal,focal
E3|P46934|Q01959,E3|P46934,E3,P46934,Q01959,NEDD4,SLC6A3,1,4,1,0.9733493328094482,neural_pair_scorer_resmlp_focal,focal
E3|P46934|Q07912,E3|P46934,E3,P46934,Q07912,NEDD4,TNK2,1,4,1,0.993622362613678,neural_pair_scorer_resmlp_focal,focal
E3|P46934|Q13501,E3|P46934,E3,P46934,Q13501,NEDD4,SQSTM1,1,4,1,0.9931527376174927,neural_pair_scorer_resmlp_focal,focal
E3|P46934|Q13571,E3|P46934,E3,P46934,Q13571,NEDD4,LAPTM5,1,4,1,0.7918069362640381,neural_pair_scorer_resmlp_focal,focal
E3|P46934|Q14457,E3|P46934,E3,P46934,Q14457,NEDD4,BECN1,1,4,1,0.9982376098632812,neural_pair_scorer_resmlp_focal,focal
E3|P46934|Q14524,E3|P46934,E3,P46934,Q14524,NEDD4,SCN5A,1,4,1,0.04739728569984436,neural_pair_scorer_resmlp_focal,focal
E3|P46934|Q15012,E3|P46934,E3,P46934,Q15012,NEDD4,LAPTM4A,1,4,1,0.9881134629249573,neural_pair_scorer_resmlp_focal,focal
E3|P46934|Q15303,E3|P46934,E3,P46934,Q15303,NEDD4,ERBB4,1,4,1,0.9966378211975098,neural_pair_scorer_resmlp_focal,focal
E3|P46934|Q16655,E3|P46934,E3,P46934,Q16655,NEDD4,MLANA,1,4,1,0.9887503981590271,neural_pair_scorer_resmlp_focal,focal
E3|P46934|Q2F514,E3|P46934,E3,P46934,Q2F514,NEDD4,X,1,4,1,0.12713243067264557,neural_pair_scorer_resmlp_focal,focal
E3|P46934|Q2KJY2,E3|P46934,E3,P46934,Q2KJY2,NEDD4,KIF26B,1,4,1,0.043592169880867004,neural_pair_scorer_resmlp_focal,focal
E3|P46934|Q4VCS5,E3|P46934,E3,P46934,Q4VCS5,NEDD4,AMOT,1,4,1,0.9891826510429382,neural_pair_scorer_resmlp_focal,focal
E3|P46934|Q5MJ70,E3|P46934,E3,P46934,Q5MJ70,NEDD4,SPDYA,1,4,1,0.6551638245582581,neural_pair_scorer_resmlp_focal,focal
E3|P46934|Q6PJG6,E3|P46934,E3,P46934,Q6PJG6,NEDD4,BRAT1,1,4,1,0.9987033605575562,neural_pair_scorer_resmlp_focal,focal
E3|P46934|Q86Y01,E3|P46934,E3,P46934,Q86Y01,NEDD4,DTX1,1,4,1,0.9980522394180298,neural_pair_scorer_resmlp_focal,focal
E3|P46934|Q8WUM4,E3|P46934,E3,P46934,Q8WUM4,NEDD4,PDCD6IP,1,4,1,0.007272954098880291,neural_pair_scorer_resmlp_focal,focal
E3|P46934|Q92734,E3|P46934,E3,P46934,Q92734,NEDD4,TFG,1,4,1,0.017118509858846664,neural_pair_scorer_resmlp_focal,focal
E3|P46934|Q969T9,E3|P46934,E3,P46934,Q969T9,NEDD4,WBP2,1,4,1,0.9931968450546265,neural_pair_scorer_resmlp_focal,focal
E3|P46934|Q96BF3,E3|P46934,E3,P46934,Q96BF3,NEDD4,TMIGD2,1,4,1,0.057434096932411194,neural_pair_scorer_resmlp_focal,focal
E3|P46934|Q96FV9,E3|P46934,E3,P46934,Q96FV9,NEDD4,THOC1,1,4,1,0.9975048899650574,neural_pair_scorer_resmlp_focal,focal
E3|P46934|Q96GG9,E3|P46934,E3,P46934,Q96GG9,NEDD4,DCUN1D1,1,4,1,0.21020029485225677,neural_pair_scorer_resmlp_focal,focal
E3|P46934|Q96NT3,E3|P46934,E3,P46934,Q96NT3,NEDD4,GUCD1,1,4,1,0.9822762608528137,neural_pair_scorer_resmlp_focal,focal
E3|P46934|Q99755,E3|P46934,E3,P46934,Q99755,NEDD4,PIP5K1A,1,4,1,0.9984188079833984,neural_pair_scorer_resmlp_focal,focal
E3|P46934|Q99816,E3|P46934,E3,P46934,Q99816,NEDD4,TSG101,1,4,1,0.9919098019599915,neural_pair_scorer_resmlp_focal,focal
E3|P46934|Q9BSA4,E3|P46934,E3,P46934,Q9BSA4,NEDD4,TTYH2,1,4,1,0.08058672398328781,neural_pair_scorer_resmlp_focal,focal
E3|P46934|Q9BT67,E3|P46934,E3,P46934,Q9BT67,NEDD4,NDFIP1,1,4,1,0.974965512752533,neural_pair_scorer_resmlp_focal,focal
E3|P46934|Q9BXB1,E3|P46934,E3,P46934,Q9BXB1,NEDD4,LGR4,1,4,1,0.19719766080379486,neural_pair_scorer_resmlp_focal,focal
E3|P46934|Q9H4B6,E3|P46934,E3,P46934,Q9H4B6,NEDD4,SAV1,1,4,1,0.9964044094085693,neural_pair_scorer_resmlp_focal,focal
E3|P46934|Q9HC16,E3|P46934,E3,P46934,Q9HC16,NEDD4,APOBEC3G,1,4,1,0.9977522492408752,neural_pair_scorer_resmlp_focal,focal
E3|P46934|Q9NV92,E3|P46934,E3,P46934,Q9NV92,NEDD4,NDFIP2,1,4,1,0.9591690897941589,neural_pair_scorer_resmlp_focal,focal
E3|P46934|Q9NYA4,E3|P46934,E3,P46934,Q9NYA4,NEDD4,MTMR4,1,4,1,0.9949913620948792,neural_pair_scorer_resmlp_focal,focal
E3|P46934|Q9NZ52,E3|P46934,E3,P46934,Q9NZ52,NEDD4,GGA3,1,4,1,0.12000633776187897,neural_pair_scorer_resmlp_focal,focal
E3|P46934|Q9UBF6,E3|P46934,E3,P46934,Q9UBF6,NEDD4,RNF7,1,4,1,0.023811081424355507,neural_pair_scorer_resmlp_focal,focal
E3|P46934|Q9UHD2,E3|P46934,E3,P46934,Q9UHD2,NEDD4,TBK1,1,4,1,0.9977378845214844,neural_pair_scorer_resmlp_focal,focal
E3|P46934|Q9UIH9,E3|P46934,E3,P46934,Q9UIH9,NEDD4,KLF15,1,4,1,0.998310923576355,neural_pair_scorer_resmlp_focal,focal
E3|P46934|Q9UJM3,E3|P46934,E3,P46934,Q9UJM3,NEDD4,ERRFI1,1,4,1,0.977776288986206,neural_pair_scorer_resmlp_focal,focal
E3|P46934|Q9UKG1,E3|P46934,E3,P46934,Q9UKG1,NEDD4,APPL1,1,4,1,0.9791218638420105,neural_pair_scorer_resmlp_focal,focal
E3|P46934|Q9Y243,E3|P46934,E3,P46934,Q9Y243,NEDD4,AKT3,1,4,1,0.998691737651825,neural_pair_scorer_resmlp_focal,focal
E3|P46934|Q9Y3C5,E3|P46934,E3,P46934,Q9Y3C5,NEDD4,RNF11,1,4,1,0.9881138205528259,neural_pair_scorer_resmlp_focal,focal
E3|P46934|Q9Y4G8,E3|P46934,E3,P46934,Q9Y4G8,NEDD4,RAPGEF2,1,4,1,0.9941773414611816,neural_pair_scorer_resmlp_focal,focal
E3|P46934|Q9Y4H2,E3|P46934,E3,P46934,Q9Y4H2,NEDD4,IRS2,1,4,1,0.9407832026481628,neural_pair_scorer_resmlp_focal,focal
E3|P46934|Q9Y5U5,E3|P46934,E3,P46934,Q9Y5U5,NEDD4,TNFRSF18,1,4,1,0.002574716228991747,neural_pair_scorer_resmlp_focal,focal
E3|P48742|P53667,E3|P48742,E3,P48742,P53667,LHX1,LIMK1,1,4,1,0.8170912861824036,neural_pair_scorer_resmlp_focal,focal
E3|P63244|Q16665,E3|P63244,E3,P63244,Q16665,RACK1,HIF1A,1,4,1,0.998577356338501,neural_pair_scorer_resmlp_focal,focal
E3|P63244|Q9P126,E3|P63244,E3,P63244,Q9P126,RACK1,CLEC1B,1,4,1,0.006672700401395559,neural_pair_scorer_resmlp_focal,focal
E3|P90489|P01889,E3|P90489,E3,P90489,P01889,K5,HLA-B,1,4,1,0.8788594603538513,neural_pair_scorer_resmlp_focal,focal
E3|P90489|P05362,E3|P90489,E3,P90489,P05362,K5,ICAM1,1,4,1,0.9945360422134399,neural_pair_scorer_resmlp_focal,focal
E3|P90489|P15260,E3|P90489,E3,P90489,P15260,K5,IFNGR1,1,4,1,0.9939731955528259,neural_pair_scorer_resmlp_focal,focal
E3|P90489|P15813,E3|P90489,E3,P90489,P15813,K5,CD1D,1,4,1,0.9929585456848145,neural_pair_scorer_resmlp_focal,focal
E3|P90489|P16284,E3|P90489,E3,P90489,P16284,K5,PECAM1,1,4,1,0.9877146482467651,neural_pair_scorer_resmlp_focal,focal
E3|P90489|P42081,E3|P90489,E3,P90489,P42081,K5,CD86,1,4,1,0.9938920736312866,neural_pair_scorer_resmlp_focal,focal
E3|P90489|Q10589,E3|P90489,E3,P90489,Q10589,K5,BST2,1,4,1,0.9643183350563049,neural_pair_scorer_resmlp_focal,focal
E3|P90489|Q13740,E3|P90489,E3,P90489,Q13740,K5,ALCAM,1,4,1,0.969696044921875,neural_pair_scorer_resmlp_focal,focal
E3|Q09472|P04637,E3|Q09472,E3,Q09472,P04637,EP300,TP53,1,4,1,0.9992953538894653,neural_pair_scorer_resmlp_focal,focal
E3|Q09472|Q01094,E3|Q09472,E3,Q09472,Q01094,EP300,E2F1,1,4,1,0.9974370002746582,neural_pair_scorer_resmlp_focal,focal
E3|Q12899|P37275,E3|Q12899,E3,Q12899,P37275,TRIM26,ZEB1,1,4,1,0.9798821210861206,neural_pair_scorer_resmlp_focal,focal
E3|Q12899|Q14653,E3|Q12899,E3,Q12899,Q14653,TRIM26,IRF3,1,4,1,0.999117910861969,neural_pair_scorer_resmlp_focal,focal
E3|Q12933|O95147,E3|Q12933,E3,Q12933,O95147,TRAF2,DUSP14,1,4,1,0.35913750529289246,neural_pair_scorer_resmlp_focal,focal
E3|Q12933|P00966,E3|Q12933,E3,Q12933,P00966,TRAF2,ASS1,1,4,1,0.017581576481461525,neural_pair_scorer_resmlp_focal,focal
E3|Q12933|Q12933,E3|Q12933,E3,Q12933,Q12933,TRAF2,TRAF2,1,4,1,0.9991419315338135,neural_pair_scorer_resmlp_focal,focal
E3|Q12933|Q13105,E3|Q12933,E3,Q12933,Q13105,TRAF2,ZBTB17,1,4,1,0.99064040184021,neural_pair_scorer_resmlp_focal,focal
E3|Q12933|Q13489,E3|Q12933,E3,Q12933,Q13489,TRAF2,BIRC3,1,4,1,0.9987112283706665,neural_pair_scorer_resmlp_focal,focal
E3|Q12933|Q13546,E3|Q12933,E3,Q12933,Q13546,TRAF2,RIPK1,1,4,1,0.9980175495147705,neural_pair_scorer_resmlp_focal,focal
E3|Q12933|Q13601,E3|Q12933,E3,Q12933,Q13601,TRAF2,KRR1,1,4,1,0.9969276785850525,neural_pair_scorer_resmlp_focal,focal
E3|Q12933|Q13627,E3|Q12933,E3,Q12933,Q13627,TRAF2,DYRK1A,1,4,1,0.9559434056282043,neural_pair_scorer_resmlp_focal,focal
E3|Q12933|Q14164,E3|Q12933,E3,Q12933,Q14164,TRAF2,IKBKE,1,4,1,0.9990645051002502,neural_pair_scorer_resmlp_focal,focal
E3|Q12933|Q15759,E3|Q12933,E3,Q12933,Q15759,TRAF2,MAPK11,1,4,1,0.9991191029548645,neural_pair_scorer_resmlp_focal,focal
E3|Q12933|Q8IUC6,E3|Q12933,E3,Q12933,Q8IUC6,TRAF2,TICAM1,1,4,1,0.9990702271461487,neural_pair_scorer_resmlp_focal,focal
E3|Q12933|Q96BY2,E3|Q12933,E3,Q12933,Q96BY2,TRAF2,MOAP1,1,4,1,0.9977566599845886,neural_pair_scorer_resmlp_focal,focal
E3|Q12933|Q99558,E3|Q12933,E3,Q12933,Q99558,TRAF2,MAP3K14,1,4,1,0.9986869692802429,neural_pair_scorer_resmlp_focal,focal
E3|Q13490|O43353,E3|Q13490,E3,Q13490,O43353,BIRC2,RIPK2,1,4,1,0.99853515625,neural_pair_scorer_resmlp_focal,focal
E3|Q13490|P42574,E3|Q13490,E3,Q13490,P42574,BIRC2,CASP3,1,4,1,0.9978185892105103,neural_pair_scorer_resmlp_focal,focal
E3|Q13490|P55060,E3|Q13490,E3,Q13490,P55060,BIRC2,CSE1L,1,4,1,0.033724892884492874,neural_pair_scorer_resmlp_focal,focal
E3|Q13490|P55210,E3|Q13490,E3,Q13490,P55210,BIRC2,CASP7,1,4,1,0.9986469149589539,neural_pair_scorer_resmlp_focal,focal
E3|Q13490|P57078,E3|Q13490,E3,Q13490,P57078,BIRC2,RIPK4,1,4,1,0.9992853999137878,neural_pair_scorer_resmlp_focal,focal
E3|Q13490|P63000,E3|Q13490,E3,Q13490,P63000,BIRC2,RAC1,1,4,1,0.9980792999267578,neural_pair_scorer_resmlp_focal,focal
E3|Q13490|Q05195,E3|Q13490,E3,Q13490,Q05195,BIRC2,MXD1,1,4,1,0.9969624876976013,neural_pair_scorer_resmlp_focal,focal
E3|Q13490|Q12933,E3|Q13490,E3,Q13490,Q12933,BIRC2,TRAF2,1,4,1,0.9993330836296082,neural_pair_scorer_resmlp_focal,focal
E3|Q13490|Q13077,E3|Q13490,E3,Q13490,Q13077,BIRC2,TRAF1,1,4,1,0.9969672560691833,neural_pair_scorer_resmlp_focal,focal
E3|Q13490|Q13114,E3|Q13490,E3,Q13490,Q13114,BIRC2,TRAF3,1,4,1,0.999329686164856,neural_pair_scorer_resmlp_focal,focal
E3|Q13490|Q13490,E3|Q13490,E3,Q13490,Q13490,BIRC2,BIRC2,1,4,1,0.9991974234580994,neural_pair_scorer_resmlp_focal,focal
E3|Q13490|Q13546,E3|Q13490,E3,Q13490,Q13546,BIRC2,RIPK1,1,4,1,0.9988729357719421,neural_pair_scorer_resmlp_focal,focal
E3|Q13490|Q14164,E3|Q13490,E3,Q13490,Q14164,BIRC2,IKBKE,1,4,1,0.9991143345832825,neural_pair_scorer_resmlp_focal,focal
E3|Q13490|Q14790,E3|Q13490,E3,Q13490,Q14790,BIRC2,CASP8,1,4,1,0.9988923668861389,neural_pair_scorer_resmlp_focal,focal
E3|Q13490|Q86VP3,E3|Q13490,E3,Q13490,Q86VP3,BIRC2,PACS2,1,4,1,0.997255265712738,neural_pair_scorer_resmlp_focal,focal
E3|Q13490|Q8NBP7,E3|Q13490,E3,Q13490,Q8NBP7,BIRC2,PCSK9,1,4,1,0.12624125182628632,neural_pair_scorer_resmlp_focal,focal
E3|Q13490|Q92844,E3|Q13490,E3,Q13490,Q92844,BIRC2,TANK,1,4,1,0.9990882873535156,neural_pair_scorer_resmlp_focal,focal
E3|Q13490|Q96HS1,E3|Q13490,E3,Q13490,Q96HS1,BIRC2,PGAM5,1,4,1,0.9878492951393127,neural_pair_scorer_resmlp_focal,focal
E3|Q13490|Q99558,E3|Q13490,E3,Q13490,Q99558,BIRC2,MAP3K14,1,4,1,0.9992313385009766,neural_pair_scorer_resmlp_focal,focal
E3|Q13490|Q99683,E3|Q13490,E3,Q13490,Q99683,BIRC2,MAP3K5,1,4,1,0.9197497367858887,neural_pair_scorer_resmlp_focal,focal
E3|Q13490|Q9NR28,E3|Q13490,E3,Q13490,Q9NR28,BIRC2,DIABLO,1,4,1,0.9992117881774902,neural_pair_scorer_resmlp_focal,focal
E3|Q13490|Q9Y4K3,E3|Q13490,E3,Q13490,Q9Y4K3,BIRC2,TRAF6,1,4,1,0.9993332028388977,neural_pair_scorer_resmlp_focal,focal
E3|Q13490|Q9Y572,E3|Q13490,E3,Q13490,Q9Y572,BIRC2,RIPK3,1,4,1,0.9993060827255249,neural_pair_scorer_resmlp_focal,focal
E3|Q13490|Q9Y6D9,E3|Q13490,E3,Q13490,Q9Y6D9,BIRC2,MAD1L1,1,4,1,0.9991069436073303,neural_pair_scorer_resmlp_focal,focal
E3|Q13490|Q9Y6K9,E3|Q13490,E3,Q13490,Q9Y6K9,BIRC2,IKBKG,1,4,1,0.999238133430481,neural_pair_scorer_resmlp_focal,focal
E3|Q14258|O95786,E3|Q14258,E3,Q14258,O95786,TRIM25,DDX58,1,4,1,0.9981484413146973,neural_pair_scorer_resmlp_focal,focal
E3|Q14258|P03372,E3|Q14258,E3,Q14258,P03372,TRIM25,ESR1,1,4,1,0.9991029500961304,neural_pair_scorer_resmlp_focal,focal
E3|Q14258|P31947,E3|Q14258,E3,Q14258,P31947,TRIM25,SFN,1,4,1,0.9987039566040039,neural_pair_scorer_resmlp_focal,focal
E3|Q14258|P60484,E3|Q14258,E3,Q14258,P60484,TRIM25,PTEN,1,4,1,0.9983733892440796,neural_pair_scorer_resmlp_focal,focal
E3|Q14258|Q12933,E3|Q14258,E3,Q14258,Q12933,TRIM25,TRAF2,1,4,1,0.9989230036735535,neural_pair_scorer_resmlp_focal,focal
E3|Q14258|Q13330,E3|Q14258,E3,Q14258,Q13330,TRIM25,MTA1,1,4,1,0.992864727973938,neural_pair_scorer_resmlp_focal,focal
E3|Q14258|Q13887,E3|Q14258,E3,Q14258,Q13887,TRIM25,KLF5,1,4,1,0.9711763858795166,neural_pair_scorer_resmlp_focal,focal
E3|Q14258|Q14145,E3|Q14258,E3,Q14258,Q14145,TRIM25,KEAP1,1,4,1,0.32914677262306213,neural_pair_scorer_resmlp_focal,focal
E3|Q14258|Q14258,E3|Q14258,E3,Q14258,Q14258,TRIM25,TRIM25,1,4,1,0.9990409016609192,neural_pair_scorer_resmlp_focal,focal
E3|Q14258|Q15911,E3|Q14258,E3,Q14258,Q15911,TRIM25,ZFHX3,1,4,1,0.3595966398715973,neural_pair_scorer_resmlp_focal,focal
E3|Q14258|Q7Z434,E3|Q14258,E3,Q14258,Q7Z434,TRIM25,MAVS,1,4,1,0.8390911221504211,neural_pair_scorer_resmlp_focal,focal
E3|Q14258|Q96RK0,E3|Q14258,E3,Q14258,Q96RK0,TRIM25,CIC,1,4,1,0.1660449504852295,neural_pair_scorer_resmlp_focal,focal
E3|Q14258|Q9UKV5,E3|Q14258,E3,Q14258,Q9UKV5,TRIM25,AMFR,1,4,1,0.002636085730046034,neural_pair_scorer_resmlp_focal,focal
E3|Q14258|Q9Y572,E3|Q14258,E3,Q14258,Q9Y572,TRIM25,RIPK3,1,4,1,0.8206561803817749,neural_pair_scorer_resmlp_focal,focal
E3|Q15257|P35226,E3|Q15257,E3,Q15257,P35226,PTPA,BMI1,1,4,1,0.019930599257349968,neural_pair_scorer_resmlp_focal,focal
E3|Q15751|P04049,E3|Q15751,E3,Q15751,P04049,HERC1,RAF1,1,4,1,0.8754519820213318,neural_pair_scorer_resmlp_focal,focal
E3|Q15751|P48436,E3|Q15751,E3,Q15751,P48436,HERC1,SOX9,1,4,1,0.9979938268661499,neural_pair_scorer_resmlp_focal,focal
E3|Q15751|P49815,E3|Q15751,E3,Q15751,P49815,HERC1,TSC2,1,4,1,0.9984488487243652,neural_pair_scorer_resmlp_focal,focal
E3|Q5T447|P04049,E3|Q5T447,E3,Q5T447,P04049,HECTD3,RAF1,1,4,1,0.4282425045967102,neural_pair_scorer_resmlp_focal,focal
E3|Q5T447|P55211,E3|Q5T447,E3,Q5T447,P55211,HECTD3,CASP9,1,4,1,0.0017796600004658103,neural_pair_scorer_resmlp_focal,focal
E3|Q5T447|Q14790,E3|Q5T447,E3,Q5T447,Q14790,HECTD3,CASP8,1,4,1,0.00587755162268877,neural_pair_scorer_resmlp_focal,focal
E3|Q5T447|Q9H2D6,E3|Q5T447,E3,Q5T447,Q9H2D6,HECTD3,TRIOBP,1,4,1,0.9882729649543762,neural_pair_scorer_resmlp_focal,focal
E3|Q5T447|Q9UDY8,E3|Q5T447,E3,Q5T447,Q9UDY8,HECTD3,MALT1,1,4,1,0.00868495088070631,neural_pair_scorer_resmlp_focal,focal
E3|Q5T447|Q9UNK0,E3|Q5T447,E3,Q5T447,Q9UNK0,HECTD3,STX8,1,4,1,0.08654462546110153,neural_pair_scorer_resmlp_focal,focal
E3|Q5T6F0|P43357,E3|Q5T6F0,E3,Q5T6F0,P43357,DCAF12,MAGEA3,1,4,1,0.0022656130604445934,neural_pair_scorer_resmlp_focal,focal
E3|Q5T6F0|P43360,E3|Q5T6F0,E3,Q5T6F0,P43360,DCAF12,MAGEA6,1,4,1,0.002295753685757518,neural_pair_scorer_resmlp_focal,focal
E3|Q5U5R9|O75925,E3|Q5U5R9,E3,Q5U5R9,O75925,HECTD2,PIAS1,1,4,1,0.9975316524505615,neural_pair_scorer_resmlp_focal,focal
E3|Q6JEL2|P14635,E3|Q6JEL2,E3,Q6JEL2,P14635,KLHL10,CCNB1,1,4,1,0.9982733726501465,neural_pair_scorer_resmlp_focal,focal
E3|Q6PCT2|P43699,E3|Q6PCT2,E3,Q6PCT2,P43699,FBXL19,NKX2-1,1,4,1,0.12702412903308868,neural_pair_scorer_resmlp_focal,focal
E3|Q6PCT2|P60953,E3|Q6PCT2,E3,Q6PCT2,P60953,FBXL19,CDC42,1,4,1,0.9774219989776611,neural_pair_scorer_resmlp_focal,focal
E3|Q6PCT2|P61586,E3|Q6PCT2,E3,Q6PCT2,P61586,FBXL19,RHOA,1,4,1,0.9952789545059204,neural_pair_scorer_resmlp_focal,focal
E3|Q6PCT2|P63000,E3|Q6PCT2,E3,Q6PCT2,P63000,FBXL19,RAC1,1,4,1,0.996978759765625,neural_pair_scorer_resmlp_focal,focal
E3|Q6PCT2|Q01638,E3|Q6PCT2,E3,Q6PCT2,Q01638,FBXL19,IL1RL1,1,4,1,0.0015757204964756966,neural_pair_scorer_resmlp_focal,focal
E3|Q6PJ69|P07355,E3|Q6PJ69,E3,Q6PJ69,P07355,TRIM65,ANXA2,1,4,1,0.002146057551726699,neural_pair_scorer_resmlp_focal,focal
E3|Q6PJ69|P19320,E3|Q6PJ69,E3,Q6PJ69,P19320,TRIM65,VCAM1,1,4,1,0.0018650965066626668,neural_pair_scorer_resmlp_focal,focal
E3|Q6PJ69|Q8NDV7,E3|Q6PJ69,E3,Q6PJ69,Q8NDV7,TRIM65,TNRC6A,1,4,1,0.08477799594402313,neural_pair_scorer_resmlp_focal,focal
E3|Q6PJ69|Q9NRY4,E3|Q6PJ69,E3,Q6PJ69,Q9NRY4,TRIM65,ARHGAP35,1,4,1,0.0030346540734171867,neural_pair_scorer_resmlp_focal,focal
E3|Q6UWE0|P00519,E3|Q6UWE0,E3,Q6UWE0,P00519,LRSAM1,ABL1,1,4,1,0.8512483239173889,neural_pair_scorer_resmlp_focal,focal
E3|Q6UWE0|Q05086,E3|Q6UWE0,E3,Q6UWE0,Q05086,LRSAM1,UBE3A,1,4,1,0.00339316762983799,neural_pair_scorer_resmlp_focal,focal
E3|Q6UWE0|Q99816,E3|Q6UWE0,E3,Q6UWE0,Q99816,LRSAM1,TSG101,1,4,1,0.9920988082885742,neural_pair_scorer_resmlp_focal,focal
E3|Q6X9E4|Q8N6P7,E3|Q6X9E4,E3,Q6X9E4,Q8N6P7,FBXW12,IL22RA1,1,4,1,0.01095763873308897,neural_pair_scorer_resmlp_focal,focal
E3|Q7L5Y6|O00763,E3|Q7L5Y6,E3,Q7L5Y6,O00763,DET1,ACACB,1,4,1,0.004743403289467096,neural_pair_scorer_resmlp_focal,focal
E3|Q7L5Y6|P04637,E3|Q7L5Y6,E3,Q7L5Y6,P04637,DET1,TP53,1,4,1,0.9991379976272583,neural_pair_scorer_resmlp_focal,focal
E3|Q7L5Y6|P05412,E3|Q7L5Y6,E3,Q7L5Y6,P05412,DET1,JUN,1,4,1,0.009684652090072632,neural_pair_scorer_resmlp_focal,focal
E3|Q7L5Y6|Q12778,E3|Q7L5Y6,E3,Q7L5Y6,Q12778,DET1,FOXO1,1,4,1,0.9800921678543091,neural_pair_scorer_resmlp_focal,focal
E3|Q7L5Y6|Q13085,E3|Q7L5Y6,E3,Q7L5Y6,Q13085,DET1,ACACA,1,4,1,0.0064934017136693,neural_pair_scorer_resmlp_focal,focal
E3|Q7L5Y6|Q13330,E3|Q7L5Y6,E3,Q7L5Y6,Q13330,DET1,MTA1,1,4,1,0.004058880731463432,neural_pair_scorer_resmlp_focal,focal
E3|Q7L5Y6|Q53ET0,E3|Q7L5Y6,E3,Q7L5Y6,Q53ET0,DET1,CRTC2,1,4,1,0.0468742735683918,neural_pair_scorer_resmlp_focal,focal
E3|Q86TM6|O00141,E3|Q86TM6,E3,Q86TM6,O00141,SYVN1,SGK1,1,4,1,0.7798534035682678,neural_pair_scorer_resmlp_focal,focal
E3|Q86TM6|O00327,E3|Q86TM6,E3,Q86TM6,O00327,SYVN1,ARNTL,1,4,1,0.7039954662322998,neural_pair_scorer_resmlp_focal,focal
E3|Q86TM6|O15354,E3|Q86TM6,E3,Q86TM6,O15354,SYVN1,GPR37,1,4,1,0.943995475769043,neural_pair_scorer_resmlp_focal,focal
E3|Q86TM6|O75460,E3|Q86TM6,E3,Q86TM6,O75460,SYVN1,ERN1,1,4,1,0.8200246691703796,neural_pair_scorer_resmlp_focal,focal
E3|Q86TM6|P01009,E3|Q86TM6,E3,Q86TM6,P01009,SYVN1,SERPINA1,1,4,1,0.08999160677194595,neural_pair_scorer_resmlp_focal,focal
E3|Q86TM6|P01848,E3|Q86TM6,E3,Q86TM6,P01848,SYVN1,TRAC,1,4,1,0.01690346747636795,neural_pair_scorer_resmlp_focal,focal
E3|Q86TM6|P04035,E3|Q86TM6,E3,Q86TM6,P04035,SYVN1,HMGCR,1,4,1,0.992989182472229,neural_pair_scorer_resmlp_focal,focal
E3|Q86TM6|P04234,E3|Q86TM6,E3,Q86TM6,P04234,SYVN1,CD3D,1,4,1,0.026778660714626312,neural_pair_scorer_resmlp_focal,focal
E3|Q86TM6|P04637,E3|Q86TM6,E3,Q86TM6,P04637,SYVN1,TP53,1,4,1,0.9990596175193787,neural_pair_scorer_resmlp_focal,focal
E3|Q86TM6|P05067,E3|Q86TM6,E3,Q86TM6,P05067,SYVN1,APP,1,4,1,0.9895254373550415,neural_pair_scorer_resmlp_focal,focal
E3|Q86TM6|P10636,E3|Q86TM6,E3,Q86TM6,P10636,SYVN1,MAPT,1,4,1,0.9779453873634338,neural_pair_scorer_resmlp_focal,focal
E3|Q86TM6|P10909,E3|Q86TM6,E3,Q86TM6,P10909,SYVN1,CLU,1,4,1,0.9872503280639648,neural_pair_scorer_resmlp_focal,focal
E3|Q86TM6|P22304,E3|Q86TM6,E3,Q86TM6,P22304,SYVN1,IDS,1,4,1,0.08696837723255157,neural_pair_scorer_resmlp_focal,focal
E3|Q86TM6|P31645,E3|Q86TM6,E3,Q86TM6,P31645,SYVN1,SLC6A4,1,4,1,0.9916660189628601,neural_pair_scorer_resmlp_focal,focal
E3|Q86TM6|P42858,E3|Q86TM6,E3,Q86TM6,P42858,SYVN1,HTT,1,4,1,0.9436447024345398,neural_pair_scorer_resmlp_focal,focal
E3|Q86TM6|P78380,E3|Q86TM6,E3,Q86TM6,P78380,SYVN1,OLR1,1,4,1,0.005598835181444883,neural_pair_scorer_resmlp_focal,focal
E3|Q86TM6|Q5T5C0,E3|Q86TM6,E3,Q86TM6,Q5T5C0,SYVN1,STXBP5,1,4,1,0.003786421148106456,neural_pair_scorer_resmlp_focal,focal
E3|Q86TM6|Q86TM6,E3|Q86TM6,E3,Q86TM6,Q86TM6,SYVN1,SYVN1,1,4,1,0.9957167506217957,neural_pair_scorer_resmlp_focal,focal
E3|Q86TM6|Q8WXF7,E3|Q86TM6,E3,Q86TM6,Q8WXF7,SYVN1,ATL1,1,4,1,0.9896730184555054,neural_pair_scorer_resmlp_focal,focal
E3|Q86TM6|Q92542,E3|Q86TM6,E3,Q86TM6,Q92542,SYVN1,NCSTN,1,4,1,0.27932289242744446,neural_pair_scorer_resmlp_focal,focal
E3|Q86TM6|Q96AJ1,E3|Q86TM6,E3,Q86TM6,Q96AJ1,SYVN1,CLUAP1,1,4,1,0.0032602439168840647,neural_pair_scorer_resmlp_focal,focal
E3|Q86TM6|Q96M98,E3|Q86TM6,E3,Q86TM6,Q96M98,SYVN1,PACRG,1,4,1,0.9557632803916931,neural_pair_scorer_resmlp_focal,focal
E3|Q86TM6|Q9UKV5,E3|Q86TM6,E3,Q86TM6,Q9UKV5,SYVN1,AMFR,1,4,1,0.42717716097831726,neural_pair_scorer_resmlp_focal,focal
E3|Q8IUQ4|O00472,E3|Q8IUQ4,E3,Q8IUQ4,O00472,SIAH1,ELL2,1,4,1,0.9990054965019226,neural_pair_scorer_resmlp_focal,focal
E3|Q8IUQ4|O75525,E3|Q8IUQ4,E3,Q8IUQ4,O75525,SIAH1,KHDRBS3,1,4,1,0.9980265498161316,neural_pair_scorer_resmlp_focal,focal
E3|Q8IUQ4|P08247,E3|Q8IUQ4,E3,Q8IUQ4,P08247,SIAH1,SYP,1,4,1,0.9940367937088013,neural_pair_scorer_resmlp_focal,focal
E3|Q8IUQ4|P10242,E3|Q8IUQ4,E3,Q8IUQ4,P10242,SIAH1,MYB,1,4,1,0.9988033771514893,neural_pair_scorer_resmlp_focal,focal
E3|Q8IUQ4|P29590,E3|Q8IUQ4,E3,Q8IUQ4,P29590,SIAH1,PML,1,4,1,0.9990202188491821,neural_pair_scorer_resmlp_focal,focal
E3|Q8IUQ4|P35222,E3|Q8IUQ4,E3,Q8IUQ4,P35222,SIAH1,CTNNB1,1,4,1,0.9987121820449829,neural_pair_scorer_resmlp_focal,focal
E3|Q8IUQ4|P36888,E3|Q8IUQ4,E3,Q8IUQ4,P36888,SIAH1,FLT3,1,4,1,0.012889748439192772,neural_pair_scorer_resmlp_focal,focal
E3|Q8IUQ4|P37275,E3|Q8IUQ4,E3,Q8IUQ4,P37275,SIAH1,ZEB1,1,4,1,0.9991214871406555,neural_pair_scorer_resmlp_focal,focal
E3|Q8IUQ4|P37840,E3|Q8IUQ4,E3,Q8IUQ4,P37840,SIAH1,SNCA,1,4,1,0.9982896447181702,neural_pair_scorer_resmlp_focal,focal
E3|Q8IUQ4|P40305,E3|Q8IUQ4,E3,Q8IUQ4,P40305,SIAH1,IFI27,1,4,1,0.15385885536670685,neural_pair_scorer_resmlp_focal,focal
E3|Q8IUQ4|P41594,E3|Q8IUQ4,E3,Q8IUQ4,P41594,SIAH1,GRM5,1,4,1,0.2950109839439392,neural_pair_scorer_resmlp_focal,focal
E3|Q8IUQ4|P43146,E3|Q8IUQ4,E3,Q8IUQ4,P43146,SIAH1,DCC,1,4,1,0.9939287900924683,neural_pair_scorer_resmlp_focal,focal
E3|Q8IUQ4|P49675,E3|Q8IUQ4,E3,Q8IUQ4,P49675,SIAH1,STAR,1,4,1,0.992493748664856,neural_pair_scorer_resmlp_focal,focal
E3|Q8IUQ4|P49757,E3|Q8IUQ4,E3,Q8IUQ4,P49757,SIAH1,NUMB,1,4,1,0.9984266757965088,neural_pair_scorer_resmlp_focal,focal
E3|Q8IUQ4|P51825,E3|Q8IUQ4,E3,Q8IUQ4,P51825,SIAH1,AFF1,1,4,1,0.9991428852081299,neural_pair_scorer_resmlp_focal,focal
E3|Q8IUQ4|P55199,E3|Q8IUQ4,E3,Q8IUQ4,P55199,SIAH1,ELL,1,4,1,0.9990720748901367,neural_pair_scorer_resmlp_focal,focal
E3|Q8IUQ4|P60903,E3|Q8IUQ4,E3,Q8IUQ4,P60903,SIAH1,S100A10,1,4,1,0.002866840921342373,neural_pair_scorer_resmlp_focal,focal
E3|Q8IUQ4|P98161,E3|Q8IUQ4,E3,Q8IUQ4,P98161,SIAH1,PKD1,1,4,1,0.8306596279144287,neural_pair_scorer_resmlp_focal,focal
E3|Q8IUQ4|P98170,E3|Q8IUQ4,E3,Q8IUQ4,P98170,SIAH1,XIAP,1,4,1,0.9961663484573364,neural_pair_scorer_resmlp_focal,focal
E3|Q8IUQ4|Q07912,E3|Q8IUQ4,E3,Q8IUQ4,Q07912,SIAH1,TNK2,1,4,1,0.9986656904220581,neural_pair_scorer_resmlp_focal,focal
E3|Q8IUQ4|Q13118,E3|Q8IUQ4,E3,Q8IUQ4,Q13118,SIAH1,KLF10,1,4,1,0.9988425374031067,neural_pair_scorer_resmlp_focal,focal
E3|Q8IUQ4|Q14807,E3|Q8IUQ4,E3,Q8IUQ4,Q14807,SIAH1,KIF22,1,4,1,0.9989479184150696,neural_pair_scorer_resmlp_focal,focal
E3|Q8IUQ4|Q15554,E3|Q8IUQ4,E3,Q8IUQ4,Q15554,SIAH1,TERF2,1,4,1,0.9990443587303162,neural_pair_scorer_resmlp_focal,focal
E3|Q8IUQ4|Q16633,E3|Q8IUQ4,E3,Q8IUQ4,Q16633,SIAH1,POU2AF1,1,4,1,0.9988272786140442,neural_pair_scorer_resmlp_focal,focal
E3|Q8IUQ4|Q16665,E3|Q8IUQ4,E3,Q8IUQ4,Q16665,SIAH1,HIF1A,1,4,1,0.9991336464881897,neural_pair_scorer_resmlp_focal,focal
E3|Q8IUQ4|Q6IE81,E3|Q8IUQ4,E3,Q8IUQ4,Q6IE81,SIAH1,JADE1,1,4,1,0.9990578293800354,neural_pair_scorer_resmlp_focal,focal
E3|Q8IUQ4|Q96KS0,E3|Q8IUQ4,E3,Q8IUQ4,Q96KS0,SIAH1,EGLN2,1,4,1,0.9987500905990601,neural_pair_scorer_resmlp_focal,focal
E3|Q8IUQ4|Q96RU7,E3|Q8IUQ4,E3,Q8IUQ4,Q96RU7,SIAH1,TRIB3,1,4,1,0.9989063739776611,neural_pair_scorer_resmlp_focal,focal
E3|Q8IUQ4|Q99708,E3|Q8IUQ4,E3,Q8IUQ4,Q99708,SIAH1,RBBP8,1,4,1,0.9988885521888733,neural_pair_scorer_resmlp_focal,focal
E3|Q8IUQ4|Q99933,E3|Q8IUQ4,E3,Q8IUQ4,Q99933,SIAH1,BAG1,1,4,1,0.9991359114646912,neural_pair_scorer_resmlp_focal,focal
E3|Q8IUQ4|Q9GZT9,E3|Q8IUQ4,E3,Q8IUQ4,Q9GZT9,SIAH1,EGLN1,1,4,1,0.9990392923355103,neural_pair_scorer_resmlp_focal,focal
E3|Q8IUQ4|Q9H2X6,E3|Q8IUQ4,E3,Q8IUQ4,Q9H2X6,SIAH1,HIPK2,1,4,1,0.9989192485809326,neural_pair_scorer_resmlp_focal,focal
E3|Q8IUQ4|Q9H6Z9,E3|Q8IUQ4,E3,Q8IUQ4,Q9H6Z9,SIAH1,EGLN3,1,4,1,0.9985380172729492,neural_pair_scorer_resmlp_focal,focal
E3|Q8IUQ4|Q9HB71,E3|Q8IUQ4,E3,Q8IUQ4,Q9HB71,SIAH1,CACYBP,1,4,1,0.9984796643257141,neural_pair_scorer_resmlp_focal,focal
E3|Q8IUQ4|Q9NWT6,E3|Q8IUQ4,E3,Q8IUQ4,Q9NWT6,SIAH1,HIF1AN,1,4,1,0.9987094402313232,neural_pair_scorer_resmlp_focal,focal
E3|Q8IUQ4|Q9P212,E3|Q8IUQ4,E3,Q8IUQ4,Q9P212,SIAH1,PLCE1,1,4,1,0.9988791346549988,neural_pair_scorer_resmlp_focal,focal
E3|Q8IUQ4|Q9UPY8,E3|Q8IUQ4,E3,Q8IUQ4,Q9UPY8,SIAH1,MAPRE3,1,4,1,0.9561014771461487,neural_pair_scorer_resmlp_focal,focal
E3|Q8IUQ4|Q9Y243,E3|Q8IUQ4,E3,Q8IUQ4,Q9Y243,SIAH1,AKT3,1,4,1,0.9991620779037476,neural_pair_scorer_resmlp_focal,focal
E3|Q8IUQ4|Q9Y6H5,E3|Q8IUQ4,E3,Q8IUQ4,Q9Y6H5,SIAH1,SNCAIP,1,4,1,0.9990960359573364,neural_pair_scorer_resmlp_focal,focal
E3|Q8IWR1|O75367,E3|Q8IWR1,E3,Q8IWR1,O75367,TRIM59,MACROH2A1,1,4,1,0.9978286623954773,neural_pair_scorer_resmlp_focal,focal
E3|Q8IWR1|P04637,E3|Q8IWR1,E3,Q8IWR1,P04637,TRIM59,TP53,1,4,1,0.9991014003753662,neural_pair_scorer_resmlp_focal,focal
E3|Q8IWR1|P35813,E3|Q8IWR1,E3,Q8IWR1,P35813,TRIM59,PPM1A,1,4,1,0.9883682131767273,neural_pair_scorer_resmlp_focal,focal
E3|Q8IWR1|P60484,E3|Q8IWR1,E3,Q8IWR1,P60484,TRIM59,PTEN,1,4,1,0.9969252943992615,neural_pair_scorer_resmlp_focal,focal
E3|Q8N6D2|P27449,E3|Q8N6D2,E3,Q8N6D2,P27449,RNF182,ATP6V0C,1,4,1,0.8834317922592163,neural_pair_scorer_resmlp_focal,focal
E3|Q8N6D2|Q04206,E3|Q8N6D2,E3,Q8N6D2,Q04206,RNF182,RELA,1,4,1,0.9630364775657654,neural_pair_scorer_resmlp_focal,focal
E3|Q8NC42|P15056,E3|Q8NC42,E3,Q8NC42,P15056,RNF149,BRAF,1,4,1,0.9923533797264099,neural_pair_scorer_resmlp_focal,focal
E3|Q8ND25|P00533,E3|Q8ND25,E3,Q8ND25,P00533,ZNRF1,EGFR,1,4,1,0.9972822666168213,neural_pair_scorer_resmlp_focal,focal
E3|Q8ND25|P15104,E3|Q8ND25,E3,Q8ND25,P15104,ZNRF1,GLUL,1,4,1,0.7182819247245789,neural_pair_scorer_resmlp_focal,focal
E3|Q8ND25|P31749,E3|Q8ND25,E3,Q8ND25,P31749,ZNRF1,AKT1,1,4,1,0.9930164813995361,neural_pair_scorer_resmlp_focal,focal
E3|Q8ND25|Q03135,E3|Q8ND25,E3,Q8ND25,Q03135,ZNRF1,CAV1,1,4,1,0.0097958380356431,neural_pair_scorer_resmlp_focal,focal
E3|Q8ND25|Q8ND25,E3|Q8ND25,E3,Q8ND25,Q8ND25,ZNRF1,ZNRF1,1,4,1,0.9977399110794067,neural_pair_scorer_resmlp_focal,focal
E3|Q8NEG5|Q8NEG5,E3|Q8NEG5,E3,Q8NEG5,Q8NEG5,ZSWIM2,ZSWIM2,1,4,1,0.9948258996009827,neural_pair_scorer_resmlp_focal,focal
E3|Q8NHG8|Q8NHG8,E3|Q8NHG8,E3,Q8NHG8,Q8NHG8,ZNRF2,ZNRF2,1,4,1,0.9980582594871521,neural_pair_scorer_resmlp_focal,focal
E3|Q8NI29|P13473,E3|Q8NI29,E3,Q8NI29,P13473,FBXO27,LAMP2,1,4,1,0.020947813987731934,neural_pair_scorer_resmlp_focal,focal
E3|Q8TB52|P13631,E3|Q8TB52,E3,Q8TB52,P13631,FBXO30,RARG,1,4,1,0.998714804649353,neural_pair_scorer_resmlp_focal,focal
E3|Q8WVD3|P13010,E3|Q8WVD3,E3,Q8WVD3,P13010,RNF138,XRCC5,1,4,1,0.9981845021247864,neural_pair_scorer_resmlp_focal,focal
E3|Q8WVD3|Q8WVD3,E3|Q8WVD3,E3,Q8WVD3,Q8WVD3,RNF138,RNF138,1,4,1,0.9969362020492554,neural_pair_scorer_resmlp_focal,focal
E3|Q8WVD3|Q99708,E3|Q8WVD3,E3,Q8WVD3,Q99708,RNF138,RBBP8,1,4,1,0.9806846976280212,neural_pair_scorer_resmlp_focal,focal
E3|Q8WVD3|Q9NQB0,E3|Q8WVD3,E3,Q8WVD3,Q9NQB0,RNF138,TCF7L2,1,4,1,0.030251983553171158,neural_pair_scorer_resmlp_focal,focal
E3|Q8WVD3|Q9UJU2,E3|Q8WVD3,E3,Q8WVD3,Q9UJU2,RNF138,LEF1,1,4,1,0.08417212963104248,neural_pair_scorer_resmlp_focal,focal
E3|Q92630|O14746,E3|Q92630,E3,Q92630,O14746,DYRK2,TERT,1,4,1,0.9319273233413696,neural_pair_scorer_resmlp_focal,focal
E3|Q969H0|O14965,E3|Q969H0,E3,Q969H0,O14965,FBXW7,AURKA,1,4,1,0.9991937279701233,neural_pair_scorer_resmlp_focal,focal
E3|Q969H0|O60315,E3|Q969H0,E3,Q969H0,O60315,FBXW7,ZEB2,1,4,1,0.9991602897644043,neural_pair_scorer_resmlp_focal,focal
E3|Q969H0|O95863,E3|Q969H0,E3,Q969H0,O95863,FBXW7,SNAI1,1,4,1,0.9991626739501953,neural_pair_scorer_resmlp_focal,focal
E3|Q969H0|O96020,E3|Q969H0,E3,Q969H0,O96020,FBXW7,CCNE2,1,4,1,0.9990057349205017,neural_pair_scorer_resmlp_focal,focal
E3|Q969H0|P01106,E3|Q969H0,E3,Q969H0,P01106,FBXW7,MYC,1,4,1,0.9989110231399536,neural_pair_scorer_resmlp_focal,focal
E3|Q969H0|P02765,E3|Q969H0,E3,Q969H0,P02765,FBXW7,AHSG,1,4,1,0.0017305311048403382,neural_pair_scorer_resmlp_focal,focal
E3|Q969H0|P04150,E3|Q969H0,E3,Q969H0,P04150,FBXW7,NR3C1,1,4,1,0.9991662502288818,neural_pair_scorer_resmlp_focal,focal
E3|Q969H0|P04198,E3|Q969H0,E3,Q969H0,P04198,FBXW7,MYCN,1,4,1,0.9965240359306335,neural_pair_scorer_resmlp_focal,focal
E3|Q969H0|P04637,E3|Q969H0,E3,Q969H0,P04637,FBXW7,TP53,1,4,1,0.9993163347244263,neural_pair_scorer_resmlp_focal,focal
E3|Q969H0|P05412,E3|Q969H0,E3,Q969H0,P05412,FBXW7,JUN,1,4,1,0.9986425042152405,neural_pair_scorer_resmlp_focal,focal
E3|Q969H0|P06733,E3|Q969H0,E3,Q969H0,P06733,FBXW7,ENO1,1,4,1,0.15120728313922882,neural_pair_scorer_resmlp_focal,focal
E3|Q969H0|P10242,E3|Q969H0,E3,Q969H0,P10242,FBXW7,MYB,1,4,1,0.9989461302757263,neural_pair_scorer_resmlp_focal,focal
E3|Q969H0|P11388,E3|Q969H0,E3,Q969H0,P11388,FBXW7,TOP2A,1,4,1,0.9982043504714966,neural_pair_scorer_resmlp_focal,focal
E3|Q969H0|P15056,E3|Q969H0,E3,Q969H0,P15056,FBXW7,BRAF,1,4,1,0.9956761002540588,neural_pair_scorer_resmlp_focal,focal
E3|Q969H0|P17275,E3|Q969H0,E3,Q969H0,P17275,FBXW7,JUNB,1,4,1,0.998656153678894,neural_pair_scorer_resmlp_focal,focal
E3|Q969H0|P17861,E3|Q969H0,E3,Q969H0,P17861,FBXW7,XBP1,1,4,1,0.9824627637863159,neural_pair_scorer_resmlp_focal,focal
E3|Q969H0|P17947,E3|Q969H0,E3,Q969H0,P17947,FBXW7,SPI1,1,4,1,0.9988223910331726,neural_pair_scorer_resmlp_focal,focal
E3|Q969H0|P21359,E3|Q969H0,E3,Q969H0,P21359,FBXW7,NF1,1,4,1,0.9959843158721924,neural_pair_scorer_resmlp_focal,focal
E3|Q969H0|P24864,E3|Q969H0,E3,Q969H0,P24864,FBXW7,CCNE1,1,4,1,0.9989172220230103,neural_pair_scorer_resmlp_focal,focal
E3|Q969H0|P35659,E3|Q969H0,E3,Q969H0,P35659,FBXW7,DEK,1,4,1,0.9411078095436096,neural_pair_scorer_resmlp_focal,focal
E3|Q969H0|P36956,E3|Q969H0,E3,Q969H0,P36956,FBXW7,SREBF1,1,4,1,0.9978443384170532,neural_pair_scorer_resmlp_focal,focal
E3|Q969H0|P42345,E3|Q969H0,E3,Q969H0,P42345,FBXW7,MTOR,1,4,1,0.9156233668327332,neural_pair_scorer_resmlp_focal,focal
E3|Q969H0|P46531,E3|Q969H0,E3,Q969H0,P46531,FBXW7,NOTCH1,1,4,1,0.9987803101539612,neural_pair_scorer_resmlp_focal,focal
E3|Q969H0|P48436,E3|Q969H0,E3,Q969H0,P48436,FBXW7,SOX9,1,4,1,0.9983171224594116,neural_pair_scorer_resmlp_focal,focal
E3|Q969H0|P49715,E3|Q969H0,E3,Q969H0,P49715,FBXW7,CEBPA,1,4,1,0.9973541498184204,neural_pair_scorer_resmlp_focal,focal
E3|Q969H0|P49716,E3|Q969H0,E3,Q969H0,P49716,FBXW7,CEBPD,1,4,1,0.9973601698875427,neural_pair_scorer_resmlp_focal,focal
E3|Q969H0|P49768,E3|Q969H0,E3,Q969H0,P49768,FBXW7,PSEN1,1,4,1,0.8916791677474976,neural_pair_scorer_resmlp_focal,focal
E3|Q969H0|P52630,E3|Q969H0,E3,Q969H0,P52630,FBXW7,STAT2,1,4,1,0.9982700347900391,neural_pair_scorer_resmlp_focal,focal
E3|Q969H0|P53805,E3|Q969H0,E3,Q969H0,P53805,FBXW7,RCAN1,1,4,1,0.9971529245376587,neural_pair_scorer_resmlp_focal,focal
E3|Q969H0|Q00613,E3|Q969H0,E3,Q969H0,Q00613,FBXW7,HSF1,1,4,1,0.9991266131401062,neural_pair_scorer_resmlp_focal,focal
E3|Q969H0|Q00653,E3|Q969H0,E3,Q969H0,Q00653,FBXW7,NFKB2,1,4,1,0.9988800883293152,neural_pair_scorer_resmlp_focal,focal
E3|Q969H0|Q06124,E3|Q969H0,E3,Q969H0,Q06124,FBXW7,PTPN11,1,4,1,0.9970435500144958,neural_pair_scorer_resmlp_focal,focal
E3|Q969H0|Q07820,E3|Q969H0,E3,Q969H0,Q07820,FBXW7,MCL1,1,4,1,0.9981279969215393,neural_pair_scorer_resmlp_focal,focal
E3|Q969H0|Q12772,E3|Q969H0,E3,Q969H0,Q12772,FBXW7,SREBF2,1,4,1,0.9986009001731873,neural_pair_scorer_resmlp_focal,focal
E3|Q969H0|Q13118,E3|Q969H0,E3,Q969H0,Q13118,FBXW7,KLF10,1,4,1,0.9991113543510437,neural_pair_scorer_resmlp_focal,focal
E3|Q969H0|Q13490,E3|Q969H0,E3,Q969H0,Q13490,FBXW7,BIRC2,1,4,1,0.9989014863967896,neural_pair_scorer_resmlp_focal,focal
E3|Q969H0|Q13887,E3|Q969H0,E3,Q969H0,Q13887,FBXW7,KLF5,1,4,1,0.9990015625953674,neural_pair_scorer_resmlp_focal,focal
E3|Q969H0|Q13950,E3|Q969H0,E3,Q969H0,Q13950,FBXW7,RUNX2,1,4,1,0.9988628625869751,neural_pair_scorer_resmlp_focal,focal
E3|Q969H0|Q14494,E3|Q969H0,E3,Q969H0,Q14494,FBXW7,NFE2L1,1,4,1,0.9990988969802856,neural_pair_scorer_resmlp_focal,focal
E3|Q969H0|Q15233,E3|Q969H0,E3,Q969H0,Q15233,FBXW7,NONO,1,4,1,0.9988158941268921,neural_pair_scorer_resmlp_focal,focal
E3|Q969H0|Q15583,E3|Q969H0,E3,Q969H0,Q15583,FBXW7,TGIF1,1,4,1,0.9984373450279236,neural_pair_scorer_resmlp_focal,focal
E3|Q969H0|Q16204,E3|Q969H0,E3,Q969H0,Q16204,FBXW7,CCDC6,1,4,1,0.9984474778175354,neural_pair_scorer_resmlp_focal,focal
E3|Q969H0|Q16656,E3|Q969H0,E3,Q969H0,Q16656,FBXW7,NRF1,1,4,1,0.9989086389541626,neural_pair_scorer_resmlp_focal,focal
E3|Q969H0|Q16665,E3|Q969H0,E3,Q969H0,Q16665,FBXW7,HIF1A,1,4,1,0.9990010857582092,neural_pair_scorer_resmlp_focal,focal
E3|Q969H0|Q49AN0,E3|Q969H0,E3,Q969H0,Q49AN0,FBXW7,CRY2,1,4,1,0.9943950176239014,neural_pair_scorer_resmlp_focal,focal
E3|Q969H0|Q70SY1,E3|Q969H0,E3,Q969H0,Q70SY1,FBXW7,CREB3L2,1,4,1,0.9988126754760742,neural_pair_scorer_resmlp_focal,focal
E3|Q969H0|Q71F56,E3|Q969H0,E3,Q969H0,Q71F56,FBXW7,MED13L,1,4,1,0.9988542795181274,neural_pair_scorer_resmlp_focal,focal
E3|Q969H0|Q8WUI4,E3|Q969H0,E3,Q969H0,Q8WUI4,FBXW7,HDAC7,1,4,1,0.9984126091003418,neural_pair_scorer_resmlp_focal,focal
E3|Q969H0|Q96BA8,E3|Q969H0,E3,Q969H0,Q96BA8,FBXW7,CREB3L1,1,4,1,0.9987831711769104,neural_pair_scorer_resmlp_focal,focal
E3|Q969H0|Q96GD4,E3|Q969H0,E3,Q969H0,Q96GD4,FBXW7,AURKB,1,4,1,0.99919193983078,neural_pair_scorer_resmlp_focal,focal
E3|Q969H0|Q99062,E3|Q969H0,E3,Q969H0,Q99062,FBXW7,CSF3R,1,4,1,0.0022685618605464697,neural_pair_scorer_resmlp_focal,focal
E3|Q969H0|Q99848,E3|Q969H0,E3,Q969H0,Q99848,FBXW7,EBNA1BP2,1,4,1,0.9952378273010254,neural_pair_scorer_resmlp_focal,focal
E3|Q969H0|Q9H0K1,E3|Q969H0,E3,Q969H0,Q9H0K1,FBXW7,SIK2,1,4,1,0.9990863800048828,neural_pair_scorer_resmlp_focal,focal
E3|Q969H0|Q9H1I8,E3|Q969H0,E3,Q969H0,Q9H1I8,FBXW7,ASCC2,1,4,1,0.9727771878242493,neural_pair_scorer_resmlp_focal,focal
E3|Q969H0|Q9H3D4,E3|Q969H0,E3,Q969H0,Q9H3D4,FBXW7,TP63,1,4,1,0.9992793202400208,neural_pair_scorer_resmlp_focal,focal
E3|Q969H0|Q9NRI5,E3|Q969H0,E3,Q969H0,Q9NRI5,FBXW7,DISC1,1,4,1,0.10064791887998581,neural_pair_scorer_resmlp_focal,focal
E3|Q969H0|Q9UBK2,E3|Q969H0,E3,Q969H0,Q9UBK2,FBXW7,PPARGC1A,1,4,1,0.9990456700325012,neural_pair_scorer_resmlp_focal,focal
E3|Q969H0|Q9UHV7,E3|Q969H0,E3,Q969H0,Q9UHV7,FBXW7,MED13,1,4,1,0.9988709092140198,neural_pair_scorer_resmlp_focal,focal
E3|Q969H0|Q9UQ13,E3|Q969H0,E3,Q969H0,Q9UQ13,FBXW7,SHOC2,1,4,1,0.9965084195137024,neural_pair_scorer_resmlp_focal,focal
E3|Q969H0|Q9Y2Y9,E3|Q969H0,E3,Q969H0,Q9Y2Y9,FBXW7,KLF13,1,4,1,0.9986454844474792,neural_pair_scorer_resmlp_focal,focal
E3|Q969H0|Q9Y5W3,E3|Q969H0,E3,Q969H0,Q9Y5W3,FBXW7,KLF2,1,4,1,0.99836665391922,neural_pair_scorer_resmlp_focal,focal
E3|Q969H0|Q9Y6Q9,E3|Q969H0,E3,Q969H0,Q9Y6Q9,FBXW7,NCOA3,1,4,1,0.9987667798995972,neural_pair_scorer_resmlp_focal,focal
E3|Q969P5|O00303,E3|Q969P5,E3,Q969P5,O00303,FBXO32,EIF3F,1,4,1,0.6613074541091919,neural_pair_scorer_resmlp_focal,focal
E3|Q969P5|O43474,E3|Q969P5,E3,Q969P5,O43474,FBXO32,KLF4,1,4,1,0.9975130558013916,neural_pair_scorer_resmlp_focal,focal
E3|Q969P5|P01106,E3|Q969P5,E3,Q969P5,P01106,FBXO32,MYC,1,4,1,0.9974076151847839,neural_pair_scorer_resmlp_focal,focal
E3|Q969P5|P15172,E3|Q969P5,E3,Q969P5,P15172,FBXO32,MYOD1,1,4,1,0.9983371496200562,neural_pair_scorer_resmlp_focal,focal
E3|Q969P5|P15173,E3|Q969P5,E3,Q969P5,P15173,FBXO32,MYOG,1,4,1,0.998196542263031,neural_pair_scorer_resmlp_focal,focal
E3|Q969P5|P19429,E3|Q969P5,E3,Q969P5,P19429,FBXO32,TNNI3,1,4,1,0.0026516832876950502,neural_pair_scorer_resmlp_focal,focal
E3|Q969P5|P28562,E3|Q969P5,E3,Q969P5,P28562,FBXO32,DUSP1,1,4,1,0.6455253958702087,neural_pair_scorer_resmlp_focal,focal
E3|Q969P5|Q12778,E3|Q969P5,E3,Q969P5,Q12778,FBXO32,FOXO1,1,4,1,0.9953787326812744,neural_pair_scorer_resmlp_focal,focal
E3|Q969P5|Q13535,E3|Q969P5,E3,Q969P5,Q13535,FBXO32,ATR,1,4,1,0.02524901181459427,neural_pair_scorer_resmlp_focal,focal
E3|Q969P5|Q14896,E3|Q969P5,E3,Q969P5,Q14896,FBXO32,MYBPC3,1,4,1,0.0029099429957568645,neural_pair_scorer_resmlp_focal,focal
E3|Q969P5|Q16558,E3|Q969P5,E3,Q969P5,Q16558,FBXO32,KCNMB1,1,4,1,0.0018259602366015315,neural_pair_scorer_resmlp_focal,focal
E3|Q969P5|Q9UBF9,E3|Q969P5,E3,Q969P5,Q9UBF9,FBXO32,MYOT,1,4,1,0.004566995892673731,neural_pair_scorer_resmlp_focal,focal
E3|Q969P5|Q9Y6J0,E3|Q969P5,E3,Q969P5,Q9Y6J0,FBXO32,CABIN1,1,4,1,0.9872292280197144,neural_pair_scorer_resmlp_focal,focal
E3|Q96A61|P35813,E3|Q96A61,E3,Q96A61,P35813,TRIM52,PPM1A,1,4,1,0.7699869871139526,neural_pair_scorer_resmlp_focal,focal
E3|Q96A61|Q06124,E3|Q96A61,E3,Q96A61,Q06124,TRIM52,PTPN11,1,4,1,0.9968318343162537,neural_pair_scorer_resmlp_focal,focal
E3|Q96A61|Q12933,E3|Q96A61,E3,Q96A61,Q12933,TRIM52,TRAF2,1,4,1,0.9956958293914795,neural_pair_scorer_resmlp_focal,focal
E3|Q96AX9|O00548,E3|Q96AX9,E3,Q96AX9,O00548,MIB2,DLL1,1,4,1,0.9971291422843933,neural_pair_scorer_resmlp_focal,focal
E3|Q96AX9|P47989,E3|Q96AX9,E3,Q96AX9,P47989,MIB2,XDH,1,4,1,0.13378575444221497,neural_pair_scorer_resmlp_focal,focal
E3|Q96AX9|Q9NQC7,E3|Q96AX9,E3,Q96AX9,Q9NQC7,MIB2,CYLD,1,4,1,0.9950586557388306,neural_pair_scorer_resmlp_focal,focal
E3|Q96AX9|Q9NR61,E3|Q96AX9,E3,Q96AX9,Q9NR61,MIB2,DLL4,1,4,1,0.9961126446723938,neural_pair_scorer_resmlp_focal,focal
E3|Q96AX9|Q9NYJ7,E3|Q96AX9,E3,Q96AX9,Q9NYJ7,MIB2,DLL3,1,4,1,0.9961720108985901,neural_pair_scorer_resmlp_focal,focal
E3|Q96AX9|Q9UHD2,E3|Q96AX9,E3,Q96AX9,Q9UHD2,MIB2,TBK1,1,4,1,0.9784008264541626,neural_pair_scorer_resmlp_focal,focal
E3|Q96AX9|Q9Y6K9,E3|Q96AX9,E3,Q96AX9,Q9Y6K9,MIB2,IKBKG,1,4,1,0.9989087581634521,neural_pair_scorer_resmlp_focal,focal
E3|Q96CS3|P21359,E3|Q96CS3,E3,Q96CS3,P21359,FAF2,NF1,1,4,1,0.9972028732299805,neural_pair_scorer_resmlp_focal,focal
E3|Q96EP0|O95786,E3|Q96EP0,E3,Q96EP0,O95786,RNF31,DDX58,1,4,1,0.9957807064056396,neural_pair_scorer_resmlp_focal,focal
E3|Q96EP0|P05771,E3|Q96EP0,E3,Q96EP0,P05771,RNF31,PRKCB,1,4,1,0.998893678188324,neural_pair_scorer_resmlp_focal,focal
E3|Q96EP0|P17252,E3|Q96EP0,E3,Q96EP0,P17252,RNF31,PRKCA,1,4,1,0.9988872408866882,neural_pair_scorer_resmlp_focal,focal
E3|Q96EP0|P29466,E3|Q96EP0,E3,Q96EP0,P29466,RNF31,CASP1,1,4,1,0.3321632444858551,neural_pair_scorer_resmlp_focal,focal
E3|Q96EP0|P51843,E3|Q96EP0,E3,Q96EP0,P51843,RNF31,NR0B1,1,4,1,0.9648039937019348,neural_pair_scorer_resmlp_focal,focal
E3|Q96EP0|Q13077,E3|Q96EP0,E3,Q96EP0,Q13077,RNF31,TRAF1,1,4,1,0.9895345568656921,neural_pair_scorer_resmlp_focal,focal
E3|Q96EP0|Q13546,E3|Q96EP0,E3,Q96EP0,Q13546,RNF31,RIPK1,1,4,1,0.9973223805427551,neural_pair_scorer_resmlp_focal,focal
E3|Q96EP0|Q14258,E3|Q96EP0,E3,Q96EP0,Q14258,RNF31,TRIM25,1,4,1,0.99813312292099,neural_pair_scorer_resmlp_focal,focal
E3|Q96EP0|Q9Y6K9,E3|Q96EP0,E3,Q96EP0,Q9Y6K9,RNF31,IKBKG,1,4,1,0.9982726573944092,neural_pair_scorer_resmlp_focal,focal
E3|Q96F44|O15169,E3|Q96F44,E3,Q96F44,O15169,TRIM11,AXIN1,1,4,1,0.997916042804718,neural_pair_scorer_resmlp_focal,focal
E3|Q96F44|O60346,E3|Q96F44,E3,Q96F44,O60346,TRIM11,PHLPP1,1,4,1,0.995528519153595,neural_pair_scorer_resmlp_focal,focal
E3|Q96F44|P03372,E3|Q96F44,E3,Q96F44,P03372,TRIM11,ESR1,1,4,1,0.9980446100234985,neural_pair_scorer_resmlp_focal,focal
E3|Q96F44|P0CJ68,E3|Q96F44,E3,Q96F44,P0CJ68,TRIM11,MTRNR2L1,1,4,1,0.028762418776750565,neural_pair_scorer_resmlp_focal,focal
E3|Q96F44|P26367,E3|Q96F44,E3,Q96F44,P26367,TRIM11,PAX6,1,4,1,0.08007248491048813,neural_pair_scorer_resmlp_focal,focal
E3|Q96F44|P31645,E3|Q96F44,E3,Q96F44,P31645,TRIM11,SLC6A4,1,4,1,0.0037098638713359833,neural_pair_scorer_resmlp_focal,focal
E3|Q96F44|P42858,E3|Q96F44,E3,Q96F44,P42858,TRIM11,HTT,1,4,1,0.013025312684476376,neural_pair_scorer_resmlp_focal,focal
E3|Q96F44|Q16828,E3|Q96F44,E3,Q96F44,Q16828,TRIM11,DUSP6,1,4,1,0.9976261258125305,neural_pair_scorer_resmlp_focal,focal
E3|Q96F44|Q96QS3,E3|Q96F44,E3,Q96F44,Q96QS3,TRIM11,ARX,1,4,1,0.00274885562248528,neural_pair_scorer_resmlp_focal,focal
E3|Q96F44|Q96RN5,E3|Q96F44,E3,Q96F44,Q96RN5,TRIM11,MED15,1,4,1,0.06836756318807602,neural_pair_scorer_resmlp_focal,focal
E3|Q96F44|Q9P219,E3|Q96F44,E3,Q96F44,Q9P219,TRIM11,CCDC88C,1,4,1,0.977717399597168,neural_pair_scorer_resmlp_focal,focal
E3|Q96JY6|P42224,E3|Q96JY6,E3,Q96JY6,P42224,PDLIM2,STAT1,1,4,1,0.9914913773536682,neural_pair_scorer_resmlp_focal,focal
E3|Q96JY6|Q04206,E3|Q96JY6,E3,Q96JY6,Q04206,PDLIM2,RELA,1,4,1,0.9987779259681702,neural_pair_scorer_resmlp_focal,focal
E3|Q96M02|P04637,E3|Q96M02,E3,Q96M02,P04637,C10orf90,TP53,1,4,1,0.9991409778594971,neural_pair_scorer_resmlp_focal,focal
E3|Q96ME1|Q9UJT9,E3|Q96ME1,E3,Q96ME1,Q9UJT9,FBXL18,FBXL7,1,4,1,0.976267397403717,neural_pair_scorer_resmlp_focal,focal
E3|Q96PU5|O00141,E3|Q96PU5,E3,Q96PU5,O00141,NEDD4L,SGK1,1,4,1,0.9986825585365295,neural_pair_scorer_resmlp_focal,focal
E3|Q96PU5|O00213,E3|Q96PU5,E3,Q96PU5,O00213,NEDD4L,APBB1,1,4,1,0.9881141781806946,neural_pair_scorer_resmlp_focal,focal
E3|Q96PU5|O14641,E3|Q96PU5,E3,Q96PU5,O14641,NEDD4L,DVL2,1,4,1,0.9976050853729248,neural_pair_scorer_resmlp_focal,focal
E3|Q96PU5|O14964,E3|Q96PU5,E3,Q96PU5,O14964,NEDD4L,HGS,1,4,1,0.9968369007110596,neural_pair_scorer_resmlp_focal,focal
E3|Q96PU5|O15527,E3|Q96PU5,E3,Q96PU5,O15527,NEDD4L,OGG1,1,4,1,0.6648421287536621,neural_pair_scorer_resmlp_focal,focal
E3|Q96PU5|O75473,E3|Q96PU5,E3,Q96PU5,O75473,NEDD4L,LGR5,1,4,1,0.9924019575119019,neural_pair_scorer_resmlp_focal,focal
E3|Q96PU5|O76090,E3|Q96PU5,E3,Q96PU5,O76090,NEDD4L,BEST1,1,4,1,0.9317944645881653,neural_pair_scorer_resmlp_focal,focal
E3|Q96PU5|P04629,E3|Q96PU5,E3,Q96PU5,P04629,NEDD4L,NTRK1,1,4,1,0.04591704532504082,neural_pair_scorer_resmlp_focal,focal
E3|Q96PU5|P04637,E3|Q96PU5,E3,Q96PU5,P04637,NEDD4L,TP53,1,4,1,0.9992448091506958,neural_pair_scorer_resmlp_focal,focal
E3|Q96PU5|P11686,E3|Q96PU5,E3,Q96PU5,P11686,NEDD4L,SFTPC,1,4,1,0.5448825359344482,neural_pair_scorer_resmlp_focal,focal
E3|Q96PU5|P22001,E3|Q96PU5,E3,Q96PU5,P22001,NEDD4L,KCNA3,1,4,1,0.9053303599357605,neural_pair_scorer_resmlp_focal,focal
E3|Q96PU5|P31749,E3|Q96PU5,E3,Q96PU5,P31749,NEDD4L,AKT1,1,4,1,0.9982720613479614,neural_pair_scorer_resmlp_focal,focal
E3|Q96PU5|P33527,E3|Q96PU5,E3,Q96PU5,P33527,NEDD4L,ABCC1,1,4,1,0.7067214250564575,neural_pair_scorer_resmlp_focal,focal
E3|Q96PU5|P35240,E3|Q96PU5,E3,Q96PU5,P35240,NEDD4L,NF2,1,4,1,0.9955241680145264,neural_pair_scorer_resmlp_focal,focal
E3|Q96PU5|P36897,E3|Q96PU5,E3,Q96PU5,P36897,NEDD4L,TGFBR1,1,4,1,0.9897123575210571,neural_pair_scorer_resmlp_focal,focal
E3|Q96PU5|P37088,E3|Q96PU5,E3,Q96PU5,P37088,NEDD4L,SCNN1A,1,4,1,0.9475996494293213,neural_pair_scorer_resmlp_focal,focal
E3|Q96PU5|P37173,E3|Q96PU5,E3,Q96PU5,P37173,NEDD4L,TGFBR2,1,4,1,0.9941511750221252,neural_pair_scorer_resmlp_focal,focal
E3|Q96PU5|P40189,E3|Q96PU5,E3,Q96PU5,P40189,NEDD4L,IL6ST,1,4,1,0.7626330256462097,neural_pair_scorer_resmlp_focal,focal
E3|Q96PU5|P43003,E3|Q96PU5,E3,Q96PU5,P43003,NEDD4L,SLC1A3,1,4,1,0.00759501475840807,neural_pair_scorer_resmlp_focal,focal
E3|Q96PU5|P49281,E3|Q96PU5,E3,Q96PU5,P49281,NEDD4L,SLC11A2,1,4,1,0.9941204190254211,neural_pair_scorer_resmlp_focal,focal
E3|Q96PU5|P51168,E3|Q96PU5,E3,Q96PU5,P51168,NEDD4L,SCNN1B,1,4,1,0.9927663803100586,neural_pair_scorer_resmlp_focal,focal
E3|Q96PU5|P51170,E3|Q96PU5,E3,Q96PU5,P51170,NEDD4L,SCNN1G,1,4,1,0.8826116919517517,neural_pair_scorer_resmlp_focal,focal
E3|Q96PU5|P51795,E3|Q96PU5,E3,Q96PU5,P51795,NEDD4L,CLCN5,1,4,1,0.9845879077911377,neural_pair_scorer_resmlp_focal,focal
E3|Q96PU5|P53805,E3|Q96PU5,E3,Q96PU5,P53805,NEDD4L,RCAN1,1,4,1,0.20971792936325073,neural_pair_scorer_resmlp_focal,focal
E3|Q96PU5|P62745,E3|Q96PU5,E3,Q96PU5,P62745,NEDD4L,RHOB,1,4,1,0.9965594410896301,neural_pair_scorer_resmlp_focal,focal
E3|Q96PU5|P84022,E3|Q96PU5,E3,Q96PU5,P84022,NEDD4L,SMAD3,1,4,1,0.9986390471458435,neural_pair_scorer_resmlp_focal,focal
E3|Q96PU5|Q01813,E3|Q96PU5,E3,Q96PU5,Q01813,NEDD4L,PFKP,1,4,1,0.007099540438503027,neural_pair_scorer_resmlp_focal,focal
E3|Q96PU5|Q01959,E3|Q96PU5,E3,Q96PU5,Q01959,NEDD4L,SLC6A3,1,4,1,0.9959206581115723,neural_pair_scorer_resmlp_focal,focal
E3|Q96PU5|Q07912,E3|Q96PU5,E3,Q96PU5,Q07912,NEDD4L,TNK2,1,4,1,0.9831686019897461,neural_pair_scorer_resmlp_focal,focal
E3|Q96PU5|Q12809,E3|Q96PU5,E3,Q96PU5,Q12809,NEDD4L,KCNH2,1,4,1,0.6237050890922546,neural_pair_scorer_resmlp_focal,focal
E3|Q96PU5|Q13114,E3|Q96PU5,E3,Q96PU5,Q13114,NEDD4L,TRAF3,1,4,1,0.9146345257759094,neural_pair_scorer_resmlp_focal,focal
E3|Q96PU5|Q14524,E3|Q96PU5,E3,Q96PU5,Q14524,NEDD4L,SCN5A,1,4,1,0.6118338704109192,neural_pair_scorer_resmlp_focal,focal
E3|Q96PU5|Q15796,E3|Q96PU5,E3,Q96PU5,Q15796,NEDD4L,SMAD2,1,4,1,0.9979618787765503,neural_pair_scorer_resmlp_focal,focal
E3|Q96PU5|Q15858,E3|Q96PU5,E3,Q96PU5,Q15858,NEDD4L,SCN9A,1,4,1,0.3280057907104492,neural_pair_scorer_resmlp_focal,focal
E3|Q96PU5|Q16620,E3|Q96PU5,E3,Q96PU5,Q16620,NEDD4L,NTRK2,1,4,1,0.021013079211115837,neural_pair_scorer_resmlp_focal,focal
E3|Q96PU5|Q16625,E3|Q96PU5,E3,Q96PU5,Q16625,NEDD4L,OCLN,1,4,1,0.976620078086853,neural_pair_scorer_resmlp_focal,focal
E3|Q96PU5|Q4VCS5,E3|Q96PU5,E3,Q96PU5,Q4VCS5,NEDD4L,AMOT,1,4,1,0.9939516186714172,neural_pair_scorer_resmlp_focal,focal
E3|Q96PU5|Q6PJG6,E3|Q96PU5,E3,Q96PU5,Q6PJG6,NEDD4L,BRAT1,1,4,1,0.998421311378479,neural_pair_scorer_resmlp_focal,focal
E3|Q96PU5|Q6UUV7,E3|Q96PU5,E3,Q96PU5,Q6UUV7,NEDD4L,CRTC3,1,4,1,0.9984251260757446,neural_pair_scorer_resmlp_focal,focal
E3|Q96PU5|Q8TCC7,E3|Q96PU5,E3,Q96PU5,Q8TCC7,NEDD4L,SLC22A8,1,4,1,0.1938895583152771,neural_pair_scorer_resmlp_focal,focal
E3|Q96PU5|Q8TDR2,E3|Q96PU5,E3,Q96PU5,Q8TDR2,NEDD4L,STK35,1,4,1,0.9923904538154602,neural_pair_scorer_resmlp_focal,focal
E3|Q96PU5|Q8WXF1,E3|Q96PU5,E3,Q96PU5,Q8WXF1,NEDD4L,PSPC1,1,4,1,0.99626225233078,neural_pair_scorer_resmlp_focal,focal
E3|Q96PU5|Q96D31,E3|Q96PU5,E3,Q96PU5,Q96D31,NEDD4L,ORAI1,1,4,1,0.9925383925437927,neural_pair_scorer_resmlp_focal,focal
E3|Q96PU5|Q96PU5,E3|Q96PU5,E3,Q96PU5,Q96PU5,NEDD4L,NEDD4L,1,4,1,0.9986636638641357,neural_pair_scorer_resmlp_focal,focal
E3|Q96PU5|Q96QD8,E3|Q96PU5,E3,Q96PU5,Q96QD8,NEDD4L,SLC38A2,1,4,1,0.9964461922645569,neural_pair_scorer_resmlp_focal,focal
E3|Q96PU5|Q99250,E3|Q96PU5,E3,Q96PU5,Q99250,NEDD4L,SCN2A,1,4,1,0.3823103904724121,neural_pair_scorer_resmlp_focal,focal
E3|Q96PU5|Q99816,E3|Q96PU5,E3,Q96PU5,Q99816,NEDD4L,TSG101,1,4,1,0.9947570562362671,neural_pair_scorer_resmlp_focal,focal
E3|Q96PU5|Q9BSA4,E3|Q96PU5,E3,Q96PU5,Q9BSA4,NEDD4L,TTYH2,1,4,1,0.9731570482254028,neural_pair_scorer_resmlp_focal,focal
E3|Q96PU5|Q9BXB1,E3|Q96PU5,E3,Q96PU5,Q9BXB1,NEDD4L,LGR4,1,4,1,0.8882910013198853,neural_pair_scorer_resmlp_focal,focal
E3|Q96PU5|Q9H1D0,E3|Q96PU5,E3,Q96PU5,Q9H1D0,NEDD4L,TRPV6,1,4,1,0.9923646450042725,neural_pair_scorer_resmlp_focal,focal
E3|Q96PU5|Q9H3D4,E3|Q96PU5,E3,Q96PU5,Q9H3D4,NEDD4L,TP63,1,4,1,0.9987292885780334,neural_pair_scorer_resmlp_focal,focal
E3|Q96PU5|Q9NRA0,E3|Q96PU5,E3,Q96PU5,Q9NRA0,NEDD4L,SPHK2,1,4,1,0.9973194003105164,neural_pair_scorer_resmlp_focal,focal
E3|Q96PU5|Q9NV92,E3|Q96PU5,E3,Q96PU5,Q9NV92,NEDD4L,NDFIP2,1,4,1,0.9636320471763611,neural_pair_scorer_resmlp_focal,focal
E3|Q96PU5|Q9NY46,E3|Q96PU5,E3,Q96PU5,Q9NY46,NEDD4L,SCN3A,1,4,1,0.16324125230312347,neural_pair_scorer_resmlp_focal,focal
E3|Q96PU5|Q9P2K8,E3|Q96PU5,E3,Q96PU5,Q9P2K8,NEDD4L,EIF2AK4,1,4,1,0.08252441883087158,neural_pair_scorer_resmlp_focal,focal
E3|Q96PU5|Q9UQD0,E3|Q96PU5,E3,Q96PU5,Q9UQD0,NEDD4L,SCN8A,1,4,1,0.31386685371398926,neural_pair_scorer_resmlp_focal,focal
E3|Q96PU5|Q9Y5Y9,E3|Q96PU5,E3,Q96PU5,Q9Y5Y9,NEDD4L,SCN10A,1,4,1,0.7083781361579895,neural_pair_scorer_resmlp_focal,focal
E3|Q96Q27|O75369,E3|Q96Q27,E3,Q96Q27,O75369,ASB2,FLNB,1,4,1,0.1547730714082718,neural_pair_scorer_resmlp_focal,focal
E3|Q96Q27|P21333,E3|Q96Q27,E3,Q96Q27,P21333,ASB2,FLNA,1,4,1,0.838554322719574,neural_pair_scorer_resmlp_focal,focal
E3|Q9BR09|P35222,E3|Q9BR09,E3,Q9BR09,P35222,NEURL2,CTNNB1,1,4,1,0.9633013010025024,neural_pair_scorer_resmlp_focal,focal
E3|Q9BY78|P09936,E3|Q9BY78,E3,Q9BY78,P09936,RNF26,TMEM173,1,4,1,0.9931065440177917,neural_pair_scorer_resmlp_focal,focal
E3|Q9BY78|Q13501,E3|Q9BY78,E3,Q9BY78,Q13501,RNF26,SQSTM1,1,4,1,0.9072271585464478,neural_pair_scorer_resmlp_focal,focal
E3|Q9BY78|Q14653,E3|Q9BY78,E3,Q9BY78,Q14653,RNF26,IRF3,1,4,1,0.9929829835891724,neural_pair_scorer_resmlp_focal,focal
E3|Q9BY78|Q86WV6,E3|Q9BY78,E3,Q9BY78,Q86WV6,RNF26,STING1,1,4,1,0.9947182536125183,neural_pair_scorer_resmlp_focal,focal
E3|Q9BZY9|O43318,E3|Q9BZY9,E3,Q9BZY9,O43318,TRIM31,MAP3K7,1,4,1,0.9983211159706116,neural_pair_scorer_resmlp_focal,focal
E3|Q9BZY9|Q96P20,E3|Q9BZY9,E3,Q9BZY9,Q96P20,TRIM31,NLRP3,1,4,1,0.9965596795082092,neural_pair_scorer_resmlp_focal,focal
E3|Q9BZY9|Q9BZY9,E3|Q9BZY9,E3,Q9BZY9,Q9BZY9,TRIM31,TRIM31,1,4,1,0.9989396929740906,neural_pair_scorer_resmlp_focal,focal
E3|Q9BZY9|Q9NQ88,E3|Q9BZY9,E3,Q9BZY9,Q9NQ88,TRIM31,TIGAR,1,4,1,0.06940267235040665,neural_pair_scorer_resmlp_focal,focal
E3|Q9H0F5|P04637,E3|Q9H0F5,E3,Q9H0F5,P04637,RNF38,TP53,1,4,1,0.9992319345474243,neural_pair_scorer_resmlp_focal,focal
E3|Q9H0F5|P29350,E3|Q9H0F5,E3,Q9H0F5,P29350,RNF38,PTPN6,1,4,1,0.008513065055012703,neural_pair_scorer_resmlp_focal,focal
E3|Q9H0F5|Q01196,E3|Q9H0F5,E3,Q9H0F5,Q01196,RNF38,RUNX1,1,4,1,0.9979909658432007,neural_pair_scorer_resmlp_focal,focal
E3|Q9H0F5|Q86U70,E3|Q9H0F5,E3,Q9H0F5,Q86U70,RNF38,LDB1,1,4,1,0.09442020952701569,neural_pair_scorer_resmlp_focal,focal
E3|Q9H3F6|P62745,E3|Q9H3F6,E3,Q9H3F6,P62745,KCTD10,RHOB,1,4,1,0.9982783794403076,neural_pair_scorer_resmlp_focal,focal
E3|Q9H3F6|Q8IUC6,E3|Q9H3F6,E3,Q9H3F6,Q8IUC6,KCTD10,TICAM1,1,4,1,0.9957733750343323,neural_pair_scorer_resmlp_focal,focal
E3|Q9H3F6|Q8IW35,E3|Q9H3F6,E3,Q9H3F6,Q8IW35,KCTD10,CEP97,1,4,1,0.0046937004663050175,neural_pair_scorer_resmlp_focal,focal
E3|Q9H6Y7|Q8WTX7,E3|Q9H6Y7,E3,Q9H6Y7,Q8WTX7,RNF167,CASTOR1,1,4,1,0.9972260594367981,neural_pair_scorer_resmlp_focal,focal
E3|Q9H6Y7|Q96BI1,E3|Q9H6Y7,E3,Q9H6Y7,Q96BI1,RNF167,SLC22A18,1,4,1,0.9943095445632935,neural_pair_scorer_resmlp_focal,focal
E3|Q9H765|Q13123,E3|Q9H765,E3,Q9H765,Q13123,ASB8,IK,1,4,1,0.00340783572755754,neural_pair_scorer_resmlp_focal,focal
E3|Q9HAU4|O15105,E3|Q9HAU4,E3,Q9HAU4,O15105,SMURF2,SMAD7,1,4,1,0.9942885637283325,neural_pair_scorer_resmlp_focal,focal
E3|Q9HAU4|O15169,E3|Q9HAU4,E3,Q9HAU4,O15169,SMURF2,AXIN1,1,4,1,0.9312217235565186,neural_pair_scorer_resmlp_focal,focal
E3|Q9HAU4|O95630,E3|Q9HAU4,E3,Q9HAU4,O95630,SMURF2,STAMBP,1,4,1,0.9353633522987366,neural_pair_scorer_resmlp_focal,focal
E3|Q9HAU4|P00533,E3|Q9HAU4,E3,Q9HAU4,P00533,SMURF2,EGFR,1,4,1,0.9971023201942444,neural_pair_scorer_resmlp_focal,focal
E3|Q9HAU4|P09874,E3|Q9HAU4,E3,Q9HAU4,P09874,SMURF2,PARP1,1,4,1,0.007605879567563534,neural_pair_scorer_resmlp_focal,focal
E3|Q9HAU4|P11388,E3|Q9HAU4,E3,Q9HAU4,P11388,SMURF2,TOP2A,1,4,1,0.00990038551390171,neural_pair_scorer_resmlp_focal,focal
E3|Q9HAU4|P12757,E3|Q9HAU4,E3,Q9HAU4,P12757,SMURF2,SKIL,1,4,1,0.0045722490176558495,neural_pair_scorer_resmlp_focal,focal
E3|Q9HAU4|P16104,E3|Q9HAU4,E3,Q9HAU4,P16104,SMURF2,H2AX,1,4,1,0.006477578543126583,neural_pair_scorer_resmlp_focal,focal
E3|Q9HAU4|P20333,E3|Q9HAU4,E3,Q9HAU4,P20333,SMURF2,TNFRSF1B,1,4,1,0.9667872786521912,neural_pair_scorer_resmlp_focal,focal
E3|Q9HAU4|P35222,E3|Q9HAU4,E3,Q9HAU4,P35222,SMURF2,CTNNB1,1,4,1,0.9968289732933044,neural_pair_scorer_resmlp_focal,focal
E3|Q9HAU4|P36897,E3|Q9HAU4,E3,Q9HAU4,P36897,SMURF2,TGFBR1,1,4,1,0.9964824914932251,neural_pair_scorer_resmlp_focal,focal
E3|Q9HAU4|P37173,E3|Q9HAU4,E3,Q9HAU4,P37173,SMURF2,TGFBR2,1,4,1,0.9961567521095276,neural_pair_scorer_resmlp_focal,focal
E3|Q9HAU4|P41134,E3|Q9HAU4,E3,Q9HAU4,P41134,SMURF2,ID1,1,4,1,0.0028631913010030985,neural_pair_scorer_resmlp_focal,focal
E3|Q9HAU4|P49841,E3|Q9HAU4,E3,Q9HAU4,P49841,SMURF2,GSK3B,1,4,1,0.9960657954216003,neural_pair_scorer_resmlp_focal,focal
E3|Q9HAU4|P61224,E3|Q9HAU4,E3,Q9HAU4,P61224,SMURF2,RAP1B,1,4,1,0.9929376244544983,neural_pair_scorer_resmlp_focal,focal
E3|Q9HAU4|P61586,E3|Q9HAU4,E3,Q9HAU4,P61586,SMURF2,RHOA,1,4,1,0.9966138005256653,neural_pair_scorer_resmlp_focal,focal
E3|Q9HAU4|P84022,E3|Q9HAU4,E3,Q9HAU4,P84022,SMURF2,SMAD3,1,4,1,0.9981589913368225,neural_pair_scorer_resmlp_focal,focal
E3|Q9HAU4|Q01826,E3|Q9HAU4,E3,Q9HAU4,Q01826,SMURF2,SATB1,1,4,1,0.889692485332489,neural_pair_scorer_resmlp_focal,focal
E3|Q9HAU4|Q02535,E3|Q9HAU4,E3,Q9HAU4,Q02535,SMURF2,ID3,1,4,1,0.0035492831375449896,neural_pair_scorer_resmlp_focal,focal
E3|Q9HAU4|Q13257,E3|Q9HAU4,E3,Q9HAU4,Q13257,SMURF2,MAD2L1,1,4,1,0.9111607670783997,neural_pair_scorer_resmlp_focal,focal
E3|Q9HAU4|Q13485,E3|Q9HAU4,E3,Q9HAU4,Q13485,SMURF2,SMAD4,1,4,1,0.9930985569953918,neural_pair_scorer_resmlp_focal,focal
E3|Q9HAU4|Q13887,E3|Q9HAU4,E3,Q9HAU4,Q13887,SMURF2,KLF5,1,4,1,0.1219746544957161,neural_pair_scorer_resmlp_focal,focal
E3|Q9HAU4|Q13950,E3|Q9HAU4,E3,Q9HAU4,Q13950,SMURF2,RUNX2,1,4,1,0.9915796518325806,neural_pair_scorer_resmlp_focal,focal
E3|Q9HAU4|Q15796,E3|Q9HAU4,E3,Q9HAU4,Q15796,SMURF2,SMAD2,1,4,1,0.9971280694007874,neural_pair_scorer_resmlp_focal,focal
E3|Q9HAU4|Q15797,E3|Q9HAU4,E3,Q9HAU4,Q15797,SMURF2,SMAD1,1,4,1,0.9985742568969727,neural_pair_scorer_resmlp_focal,focal
E3|Q9HAU4|Q15910,E3|Q9HAU4,E3,Q9HAU4,Q15910,SMURF2,EZH2,1,4,1,0.011325857602059841,neural_pair_scorer_resmlp_focal,focal
E3|Q9HAU4|Q5VTR2,E3|Q9HAU4,E3,Q9HAU4,Q5VTR2,SMURF2,RNF20,1,4,1,0.23511388897895813,neural_pair_scorer_resmlp_focal,focal
E3|Q9HAU4|Q96EB6,E3|Q9HAU4,E3,Q9HAU4,Q96EB6,SMURF2,SIRT1,1,4,1,0.00471005542203784,neural_pair_scorer_resmlp_focal,focal
E3|Q9HAU4|Q96FJ0,E3|Q9HAU4,E3,Q9HAU4,Q96FJ0,SMURF2,STAMBPL1,1,4,1,0.8012543320655823,neural_pair_scorer_resmlp_focal,focal
E3|Q9HAU4|Q99717,E3|Q9HAU4,E3,Q9HAU4,Q99717,SMURF2,SMAD5,1,4,1,0.9982860684394836,neural_pair_scorer_resmlp_focal,focal
E3|Q9HAU4|Q9BUZ4,E3|Q9HAU4,E3,Q9HAU4,Q9BUZ4,SMURF2,TRAF4,1,4,1,0.9966529011726379,neural_pair_scorer_resmlp_focal,focal
E3|Q9HAU4|Q9HCE7,E3|Q9HAU4,E3,Q9HAU4,Q9HCE7,SMURF2,SMURF1,1,4,1,0.9981142282485962,neural_pair_scorer_resmlp_focal,focal
E3|Q9HAU4|Q9NP71,E3|Q9HAU4,E3,Q9HAU4,Q9NP71,SMURF2,MLXIPL,1,4,1,0.9488879442214966,neural_pair_scorer_resmlp_focal,focal
E3|Q9HAU4|Q9Y297,E3|Q9HAU4,E3,Q9HAU4,Q9Y297,SMURF2,BTRC,1,4,1,0.9830709099769592,neural_pair_scorer_resmlp_focal,focal
E3|Q9HAU4|Q9Y3C5,E3|Q9HAU4,E3,Q9HAU4,Q9Y3C5,SMURF2,RNF11,1,4,1,0.9945422410964966,neural_pair_scorer_resmlp_focal,focal
E3|Q9NRM6|O00628,E3|Q9NRM6,E3,Q9NRM6,O00628,IL17RB,PEX7,1,4,1,0.3409298360347748,neural_pair_scorer_resmlp_focal,focal
E3|Q9NXF7|Q56A73,E3|Q9NXF7,E3,Q9NXF7,Q56A73,DCAF16,SPIN4,1,4,1,0.034751471132040024,neural_pair_scorer_resmlp_focal,focal
E3|Q9NXK8|P13010,E3|Q9NXK8,E3,Q9NXK8,P13010,FBXL12,XRCC5,1,4,1,0.9987645149230957,neural_pair_scorer_resmlp_focal,focal
E3|Q9NXK8|P30838,E3|Q9NXK8,E3,Q9NXK8,P30838,FBXL12,ALDH3A1,1,4,1,0.09480797499418259,neural_pair_scorer_resmlp_focal,focal
E3|Q9NXK8|P49918,E3|Q9NXK8,E3,Q9NXK8,P49918,FBXL12,CDKN1C,1,4,1,0.9989122152328491,neural_pair_scorer_resmlp_focal,focal
E3|Q9NXK8|Q14012,E3|Q9NXK8,E3,Q9NXK8,Q14012,FBXL12,CAMK1,1,4,1,0.9985800981521606,neural_pair_scorer_resmlp_focal,focal
E3|Q9NXK8|Q96RR4,E3|Q9NXK8,E3,Q9NXK8,Q96RR4,FBXL12,CAMKK2,1,4,1,0.9985350370407104,neural_pair_scorer_resmlp_focal,focal
E3|Q9NYG5|O75496,E3|Q9NYG5,E3,Q9NYG5,O75496,ANAPC11,GMNN,1,4,1,0.9984111785888672,neural_pair_scorer_resmlp_focal,focal
E3|Q9NYG5|O95997,E3|Q9NYG5,E3,Q9NYG5,O95997,ANAPC11,PTTG1,1,4,1,0.9967365860939026,neural_pair_scorer_resmlp_focal,focal
E3|Q9NYG5|P14635,E3|Q9NYG5,E3,Q9NYG5,P14635,ANAPC11,CCNB1,1,4,1,0.9974986910820007,neural_pair_scorer_resmlp_focal,focal
E3|Q9NYG5|Q9NQW6,E3|Q9NYG5,E3,Q9NYG5,Q9NQW6,ANAPC11,ANLN,1,4,1,0.9774245023727417,neural_pair_scorer_resmlp_focal,focal
E3|Q9NZJ0|A4F535,E3|Q9NZJ0,E3,Q9NZJ0,A4F535,DTL,P,1,4,1,0.0019135262118652463,neural_pair_scorer_resmlp_focal,focal
E3|Q9NZJ0|O14757,E3|Q9NZJ0,E3,Q9NZJ0,O14757,DTL,CHEK1,1,4,1,0.9972242116928101,neural_pair_scorer_resmlp_focal,focal
E3|Q9NZJ0|P04637,E3|Q9NZJ0,E3,Q9NZJ0,P04637,DTL,TP53,1,4,1,0.9992231130599976,neural_pair_scorer_resmlp_focal,focal
E3|Q9NZJ0|P12004,E3|Q9NZJ0,E3,Q9NZJ0,P12004,DTL,PCNA,1,4,1,0.9956861734390259,neural_pair_scorer_resmlp_focal,focal
E3|Q9NZJ0|P28715,E3|Q9NZJ0,E3,Q9NZJ0,P28715,DTL,ERCC5,1,4,1,0.5143427848815918,neural_pair_scorer_resmlp_focal,focal
E3|Q9NZJ0|P38936,E3|Q9NZJ0,E3,Q9NZJ0,P38936,DTL,CDKN1A,1,4,1,0.998532772064209,neural_pair_scorer_resmlp_focal,focal
E3|Q9NZJ0|Q13569,E3|Q9NZJ0,E3,Q9NZJ0,Q13569,DTL,TDG,1,4,1,0.998450756072998,neural_pair_scorer_resmlp_focal,focal
E3|Q9NZJ0|Q16526,E3|Q9NZJ0,E3,Q9NZJ0,Q16526,DTL,CRY1,1,4,1,0.9895783066749573,neural_pair_scorer_resmlp_focal,focal
E3|Q9NZJ0|Q53EL6,E3|Q9NZJ0,E3,Q9NZJ0,Q53EL6,DTL,PDCD4,1,4,1,0.012257764115929604,neural_pair_scorer_resmlp_focal,focal
E3|Q9NZJ0|Q6IQ49,E3|Q9NZJ0,E3,Q9NZJ0,Q6IQ49,DTL,SDE2,1,4,1,0.9976226687431335,neural_pair_scorer_resmlp_focal,focal
E3|Q9NZJ0|Q8NFZ0,E3|Q9NZJ0,E3,Q9NZJ0,Q8NFZ0,DTL,FBH1,1,4,1,0.8929100036621094,neural_pair_scorer_resmlp_focal,focal
E3|Q9NZJ0|Q92830,E3|Q9NZJ0,E3,Q9NZJ0,Q92830,DTL,KAT2A,1,4,1,0.3908693790435791,neural_pair_scorer_resmlp_focal,focal
E3|Q9NZJ0|Q99741,E3|Q9NZJ0,E3,Q9NZJ0,Q99741,DTL,CDC6,1,4,1,0.9988609552383423,neural_pair_scorer_resmlp_focal,focal
E3|Q9NZJ0|Q9H211,E3|Q9NZJ0,E3,Q9NZJ0,Q9H211,DTL,CDT1,1,4,1,0.9988822340965271,neural_pair_scorer_resmlp_focal,focal
E3|Q9NZJ0|Q9HCU8,E3|Q9NZJ0,E3,Q9NZJ0,Q9HCU8,DTL,POLD4,1,4,1,0.09509069472551346,neural_pair_scorer_resmlp_focal,focal
E3|Q9NZJ0|Q9NQR1,E3|Q9NZJ0,E3,Q9NZJ0,Q9NQR1,DTL,KMT5A,1,4,1,0.9943484663963318,neural_pair_scorer_resmlp_focal,focal
E3|Q9NZJ0|Q9Y253,E3|Q9NZJ0,E3,Q9NZJ0,Q9Y253,DTL,POLH,1,4,1,0.98334139585495,neural_pair_scorer_resmlp_focal,focal
E3|Q9P0P0|P03372,E3|Q9P0P0,E3,Q9P0P0,P03372,RNF181,ESR1,1,4,1,0.9881880879402161,neural_pair_scorer_resmlp_focal,focal
E3|Q9P0P0|P08514,E3|Q9P0P0,E3,Q9P0P0,P08514,RNF181,ITGA2B,1,4,1,0.03133537620306015,neural_pair_scorer_resmlp_focal,focal
E3|Q9P0P0|Q9P0P0,E3|Q9P0P0,E3,Q9P0P0,Q9P0P0,RNF181,RNF181,1,4,1,0.9988356232643127,neural_pair_scorer_resmlp_focal,focal
E3|Q9P253|Q9NYY3,E3|Q9P253,E3,Q9P253,Q9NYY3,VPS18,PLK2,1,4,1,0.06839822977781296,neural_pair_scorer_resmlp_focal,focal
E3|Q9P253|Q9NZ52,E3|Q9P253,E3,Q9P253,Q9NZ52,VPS18,GGA3,1,4,1,0.0030922600999474525,neural_pair_scorer_resmlp_focal,focal
E3|Q9P2P5|O15350,E3|Q9P2P5,E3,Q9P2P5,O15350,HECW2,TP73,1,4,1,0.9989494681358337,neural_pair_scorer_resmlp_focal,focal
E3|Q9P2P5|P12004,E3|Q9P2P5,E3,Q9P2P5,P12004,HECW2,PCNA,1,4,1,0.01626724749803543,neural_pair_scorer_resmlp_focal,focal
E3|Q9P2P5|P20700,E3|Q9P2P5,E3,Q9P2P5,P20700,HECW2,LMNB1,1,4,1,0.003449386917054653,neural_pair_scorer_resmlp_focal,focal
E3|Q9UBN7|O14757,E3|Q9UBN7,E3,Q9UBN7,O14757,HDAC6,CHEK1,1,4,1,0.9988812804222107,neural_pair_scorer_resmlp_focal,focal
E3|Q9UBN7|P08151,E3|Q9UBN7,E3,Q9UBN7,P08151,HDAC6,GLI1,1,4,1,0.9987555742263794,neural_pair_scorer_resmlp_focal,focal
E3|Q9UBS8|Q9UBS8,E3|Q9UBS8,E3,Q9UBS8,Q9UBS8,RNF14,RNF14,1,4,1,0.9989473223686218,neural_pair_scorer_resmlp_focal,focal
E3|Q9UK96|P10415,E3|Q9UK96,E3,Q9UK96,P10415,FBXO10,BCL2,1,4,1,0.9736425280570984,neural_pair_scorer_resmlp_focal,focal
E3|Q9UKA1|O95863,E3|Q9UKA1,E3,Q9UKA1,O95863,FBXL5,SNAI1,1,4,1,0.9965324401855469,neural_pair_scorer_resmlp_focal,focal
E3|Q9UKA1|P00519,E3|Q9UKA1,E3,Q9UKA1,P00519,FBXL5,ABL1,1,4,1,0.6801400184631348,neural_pair_scorer_resmlp_focal,focal
E3|Q9UKA1|P37840,E3|Q9UKA1,E3,Q9UKA1,P37840,FBXL5,SNCA,1,4,1,0.9713547825813293,neural_pair_scorer_resmlp_focal,focal
E3|Q9UKA1|P48200,E3|Q9UKA1,E3,Q9UKA1,P48200,FBXL5,IREB2,1,4,1,0.99503493309021,neural_pair_scorer_resmlp_focal,focal
E3|Q9UKA1|Q14203,E3|Q9UKA1,E3,Q9UKA1,Q14203,FBXL5,DCTN1,1,4,1,0.5136271715164185,neural_pair_scorer_resmlp_focal,focal
E3|Q9UKA1|Q9BQ15,E3|Q9UKA1,E3,Q9UKA1,Q9BQ15,FBXL5,NABP2,1,4,1,0.0034277429804205894,neural_pair_scorer_resmlp_focal,focal
E3|Q9UKA2|O75164,E3|Q9UKA2,E3,Q9UKA2,O75164,FBXL4,KDM4A,1,4,1,0.9768393635749817,neural_pair_scorer_resmlp_focal,focal
E3|Q9UKT5|P05362,E3|Q9UKT5,E3,Q9UKT5,P05362,FBXO4,ICAM1,1,4,1,0.5562089085578918,neural_pair_scorer_resmlp_focal,focal
E3|Q9UKT5|P24385,E3|Q9UKT5,E3,Q9UKT5,P24385,FBXO4,CCND1,1,4,1,0.9985841512680054,neural_pair_scorer_resmlp_focal,focal
E3|Q9UKT5|P51114,E3|Q9UKT5,E3,Q9UKT5,P51114,FBXO4,FXR1,1,4,1,0.44475361704826355,neural_pair_scorer_resmlp_focal,focal
E3|Q9UKT5|P54274,E3|Q9UKT5,E3,Q9UKT5,P54274,FBXO4,TERF1,1,4,1,0.8232497572898865,neural_pair_scorer_resmlp_focal,focal
E3|Q9UKT5|Q07820,E3|Q9UKT5,E3,Q9UKT5,Q07820,FBXO4,MCL1,1,4,1,0.9977930784225464,neural_pair_scorer_resmlp_focal,focal
E3|Q9UKV5|O15503,E3|Q9UKV5,E3,Q9UKV5,O15503,AMFR,INSIG1,1,4,1,0.984957218170166,neural_pair_scorer_resmlp_focal,focal
E3|Q9UKV5|O95140,E3|Q9UKV5,E3,Q9UKV5,O95140,AMFR,MFN2,1,4,1,0.7560872435569763,neural_pair_scorer_resmlp_focal,focal
E3|Q9UKV5|P00441,E3|Q9UKV5,E3,Q9UKV5,P00441,AMFR,SOD1,1,4,1,0.9966468214988708,neural_pair_scorer_resmlp_focal,focal
E3|Q9UKV5|P01009,E3|Q9UKV5,E3,Q9UKV5,P01009,AMFR,SERPINA1,1,4,1,0.0325811542570591,neural_pair_scorer_resmlp_focal,focal
E3|Q9UKV5|P04035,E3|Q9UKV5,E3,Q9UKV5,P04035,AMFR,HMGCR,1,4,1,0.9656646251678467,neural_pair_scorer_resmlp_focal,focal
E3|Q9UKV5|P04114,E3|Q9UKV5,E3,Q9UKV5,P04114,AMFR,APOB,1,4,1,0.9960624575614929,neural_pair_scorer_resmlp_focal,focal
E3|Q9UKV5|P04234,E3|Q9UKV5,E3,Q9UKV5,P04234,AMFR,CD3D,1,4,1,0.9742447733879089,neural_pair_scorer_resmlp_focal,focal
E3|Q9UKV5|P08034,E3|Q9UKV5,E3,Q9UKV5,P08034,AMFR,GJB1,1,4,1,0.9936261177062988,neural_pair_scorer_resmlp_focal,focal
E3|Q9UKV5|P08684,E3|Q9UKV5,E3,Q9UKV5,P08684,AMFR,CYP3A4,1,4,1,0.9960432052612305,neural_pair_scorer_resmlp_focal,focal
E3|Q9UKV5|P11441,E3|Q9UKV5,E3,Q9UKV5,P11441,AMFR,UBL4A,1,4,1,0.004016896244138479,neural_pair_scorer_resmlp_focal,focal
E3|Q9UKV5|P13569,E3|Q9UKV5,E3,Q9UKV5,P13569,AMFR,CFTR,1,4,1,0.9935356378555298,neural_pair_scorer_resmlp_focal,focal
E3|Q9UKV5|P27701,E3|Q9UKV5,E3,Q9UKV5,P27701,AMFR,CD82,1,4,1,0.9439566731452942,neural_pair_scorer_resmlp_focal,focal
E3|Q9UKV5|Q15011,E3|Q9UKV5,E3,Q9UKV5,Q15011,AMFR,HERPUD1,1,4,1,0.8589136600494385,neural_pair_scorer_resmlp_focal,focal
E3|Q9UKV5|Q8IWA4,E3|Q9UKV5,E3,Q9UKV5,Q8IWA4,AMFR,MFN1,1,4,1,0.941647469997406,neural_pair_scorer_resmlp_focal,focal
E3|Q9UKV5|Q99574,E3|Q9UKV5,E3,Q9UKV5,Q99574,AMFR,SERPINI1,1,4,1,0.986647367477417,neural_pair_scorer_resmlp_focal,focal
E3|Q9UPQ7|O15146,E3|Q9UPQ7,E3,Q9UPQ7,O15146,PDZRN3,MUSK,1,4,1,0.450427770614624,neural_pair_scorer_resmlp_focal,focal
E3|Q9Y252|P10275,E3|Q9Y252,E3,Q9Y252,P10275,RNF6,AR,1,4,1,0.04894435033202171,neural_pair_scorer_resmlp_focal,focal
E3|Q9Y252|P48059,E3|Q9Y252,E3,Q9Y252,P48059,RNF6,LIMS1,1,4,1,0.9715362191200256,neural_pair_scorer_resmlp_focal,focal
E3|Q9Y252|P53667,E3|Q9Y252,E3,Q9Y252,P53667,RNF6,LIMK1,1,4,1,0.990817666053772,neural_pair_scorer_resmlp_focal,focal
E3|Q9Y252|P55317,E3|Q9Y252,E3,Q9Y252,P55317,RNF6,FOXA1,1,4,1,0.9966444969177246,neural_pair_scorer_resmlp_focal,focal
E3|Q9Y252|Q04726,E3|Q9Y252,E3,Q9Y252,Q04726,RNF6,TLE3,1,4,1,0.9946973323822021,neural_pair_scorer_resmlp_focal,focal
E3|Q9Y252|Q05195,E3|Q9Y252,E3,Q9Y252,Q05195,RNF6,MXD1,1,4,1,0.9834060668945312,neural_pair_scorer_resmlp_focal,focal
E3|Q9Y252|Q15466,E3|Q9Y252,E3,Q9Y252,Q15466,RNF6,NR0B2,1,4,1,0.05990713834762573,neural_pair_scorer_resmlp_focal,focal
E3|Q9Y2E6|Q9UHD2,E3|Q9Y2E6,E3,Q9Y2E6,Q9UHD2,DTX4,TBK1,1,4,1,0.9979485869407654,neural_pair_scorer_resmlp_focal,focal
E3|Q9Y3C5|Q9HAU4,E3|Q9Y3C5,E3,Q9Y3C5,Q9HAU4,RNF11,SMURF2,1,4,1,0.9906721711158752,neural_pair_scorer_resmlp_focal,focal
E3|Q9Y3C5|Q9Y3C5,E3|Q9Y3C5,E3,Q9Y3C5,Q9Y3C5,RNF11,RNF11,1,4,1,0.9987174272537231,neural_pair_scorer_resmlp_focal,focal
E3|Q9Y577|Q07820,E3|Q9Y577,E3,Q9Y577,Q07820,TRIM17,MCL1,1,4,1,0.9807986617088318,neural_pair_scorer_resmlp_focal,focal
E3|Q9Y577|Q14653,E3|Q9Y577,E3,Q9Y577,Q14653,TRIM17,IRF3,1,4,1,0.9991070628166199,neural_pair_scorer_resmlp_focal,focal
E3|Q9Y577|Q9Y577,E3|Q9Y577,E3,Q9Y577,Q9Y577,TRIM17,TRIM17,1,4,1,0.9990200996398926,neural_pair_scorer_resmlp_focal,focal
E3|Q9Y577|Q9Y5A6,E3|Q9Y577,E3,Q9Y577,Q9Y5A6,TRIM17,ZSCAN21,1,4,1,0.9520642757415771,neural_pair_scorer_resmlp_focal,focal
DUB|A6NNY8|O43521,DUB|A6NNY8,DUB,A6NNY8,O43521,USP27X,BCL2L11,1,4,1,0.17905208468437195,neural_pair_scorer_resmlp_focal,focal
DUB|A6NNY8|O95786,DUB|A6NNY8,DUB,A6NNY8,O95786,USP27X,DDX58,1,4,1,0.9981791973114014,neural_pair_scorer_resmlp_focal,focal
DUB|A6NNY8|O95863,DUB|A6NNY8,DUB,A6NNY8,O95863,USP27X,SNAI1,1,4,1,0.9989308714866638,neural_pair_scorer_resmlp_focal,focal
DUB|A6NNY8|P62807,DUB|A6NNY8,DUB,A6NNY8,P62807,USP27X,HIST1H2BI,1,4,1,0.9971688389778137,neural_pair_scorer_resmlp_focal,focal
DUB|A6NNY8|Q14469,DUB|A6NNY8,DUB,A6NNY8,Q14469,USP27X,HES1,1,4,1,0.9967293739318848,neural_pair_scorer_resmlp_focal,focal
DUB|P15374|O15315,DUB|P15374,DUB,P15374,O15315,UCHL3,RAD51B,1,4,1,0.006488855928182602,neural_pair_scorer_resmlp_focal,focal
DUB|P15374|Q06609,DUB|P15374,DUB,P15374,Q06609,UCHL3,RAD51,1,4,1,0.9976382255554199,neural_pair_scorer_resmlp_focal,focal
DUB|P15374|Q08050,DUB|P15374,DUB,P15374,Q08050,UCHL3,FOXM1,1,4,1,0.9971166849136353,neural_pair_scorer_resmlp_focal,focal
DUB|P15374|Q15797,DUB|P15374,DUB,P15374,Q15797,UCHL3,SMAD1,1,4,1,0.9984164237976074,neural_pair_scorer_resmlp_focal,focal
DUB|P54252|O14757,DUB|P54252,DUB,P54252,O14757,ATXN3,CHEK1,1,4,1,0.9951352477073669,neural_pair_scorer_resmlp_focal,focal
DUB|P54252|O15379,DUB|P54252,DUB,P54252,O15379,ATXN3,HDAC3,1,4,1,0.9910003542900085,neural_pair_scorer_resmlp_focal,focal
DUB|P54252|O43474,DUB|P54252,DUB,P54252,O43474,ATXN3,KLF4,1,4,1,0.9942080974578857,neural_pair_scorer_resmlp_focal,focal
DUB|P54252|O60260,DUB|P54252,DUB,P54252,O60260,ATXN3,PRKN,1,4,1,0.2659689486026764,neural_pair_scorer_resmlp_focal,focal
DUB|P54252|O95166,DUB|P54252,DUB,P54252,O95166,ATXN3,GABARAP,1,4,1,0.9220918416976929,neural_pair_scorer_resmlp_focal,focal
DUB|P54252|P04637,DUB|P54252,DUB,P54252,P04637,ATXN3,TP53,1,4,1,0.9992327690124512,neural_pair_scorer_resmlp_focal,focal
DUB|P54252|P55072,DUB|P54252,DUB,P54252,P55072,ATXN3,VCP,1,4,1,0.9693619012832642,neural_pair_scorer_resmlp_focal,focal
DUB|P54252|P78344,DUB|P54252,DUB,P54252,P78344,ATXN3,EIF4G2,1,4,1,0.03763303533196449,neural_pair_scorer_resmlp_focal,focal
DUB|P54252|Q07812,DUB|P54252,DUB,P54252,Q07812,ATXN3,BAX,1,4,1,0.9971470236778259,neural_pair_scorer_resmlp_focal,focal
DUB|P54252|Q13635,DUB|P54252,DUB,P54252,Q13635,ATXN3,PTCH1,1,4,1,0.9381182193756104,neural_pair_scorer_resmlp_focal,focal
DUB|P54252|Q14457,DUB|P54252,DUB,P54252,Q14457,ATXN3,BECN1,1,4,1,0.9977408647537231,neural_pair_scorer_resmlp_focal,focal
DUB|P54252|Q15382,DUB|P54252,DUB,P54252,Q15382,ATXN3,RHEB,1,4,1,0.6921398043632507,neural_pair_scorer_resmlp_focal,focal
DUB|P54252|Q92934,DUB|P54252,DUB,P54252,Q92934,ATXN3,BAD,1,4,1,0.9947254061698914,neural_pair_scorer_resmlp_focal,focal
DUB|P54252|Q9BXW4,DUB|P54252,DUB,P54252,Q9BXW4,ATXN3,MAP1LC3C,1,4,1,0.9893853068351746,neural_pair_scorer_resmlp_focal,focal
DUB|P54252|Q9UNE7,DUB|P54252,DUB,P54252,Q9UNE7,ATXN3,STUB1,1,4,1,0.93302983045578,neural_pair_scorer_resmlp_focal,focal
DUB|Q05CD9|Q9H4P4,DUB|Q05CD9,DUB,Q05CD9,Q9H4P4,USP8,RNF41,1,4,1,0.9440912008285522,neural_pair_scorer_resmlp_focal,focal
DUB|Q4G0A6|Q08050,DUB|Q4G0A6,DUB,Q4G0A6,Q08050,MINDY4,FOXM1,1,4,1,0.9169093370437622,neural_pair_scorer_resmlp_focal,focal
DUB|Q5D1E8|O43474,DUB|Q5D1E8,DUB,Q5D1E8,O43474,ZC3H12A,KLF4,1,4,1,0.0026264411862939596,neural_pair_scorer_resmlp_focal,focal
DUB|Q5D1E8|Q12933,DUB|Q5D1E8,DUB,Q5D1E8,Q12933,ZC3H12A,TRAF2,1,4,1,0.9978119134902954,neural_pair_scorer_resmlp_focal,focal
DUB|Q5D1E8|Q13546,DUB|Q5D1E8,DUB,Q5D1E8,Q13546,ZC3H12A,RIPK1,1,4,1,0.9971508383750916,neural_pair_scorer_resmlp_focal,focal
DUB|Q5D1E8|Q9Y4K3,DUB|Q5D1E8,DUB,Q5D1E8,Q9Y4K3,ZC3H12A,TRAF6,1,4,1,0.9978396892547607,neural_pair_scorer_resmlp_focal,focal
DUB|Q70CQ1|P04637,DUB|Q70CQ1,DUB,Q70CQ1,P04637,USP49,TP53,1,4,1,0.9993581175804138,neural_pair_scorer_resmlp_focal,focal
DUB|Q70CQ1|P28562,DUB|Q70CQ1,DUB,Q70CQ1,P28562,USP49,DUSP1,1,4,1,0.9964286684989929,neural_pair_scorer_resmlp_focal,focal
DUB|Q70CQ1|P60484,DUB|Q70CQ1,DUB,Q70CQ1,P60484,USP49,PTEN,1,4,1,0.9970632195472717,neural_pair_scorer_resmlp_focal,focal
DUB|Q70CQ1|P62807,DUB|Q70CQ1,DUB,Q70CQ1,P62807,USP49,HIST1H2BI,1,4,1,0.997747004032135,neural_pair_scorer_resmlp_focal,focal
DUB|Q70CQ1|Q02790,DUB|Q70CQ1,DUB,Q70CQ1,Q02790,USP49,FKBP4,1,4,1,0.9988572597503662,neural_pair_scorer_resmlp_focal,focal
DUB|Q70CQ1|Q13451,DUB|Q70CQ1,DUB,Q70CQ1,Q13451,USP49,FKBP5,1,4,1,0.9988780617713928,neural_pair_scorer_resmlp_focal,focal
DUB|Q70CQ1|Q16778,DUB|Q70CQ1,DUB,Q70CQ1,Q16778,USP49,HIST2H2BE,1,4,1,0.9973534345626831,neural_pair_scorer_resmlp_focal,focal
DUB|Q70CQ1|Q86WV6,DUB|Q70CQ1,DUB,Q70CQ1,Q86WV6,USP49,STING1,1,4,1,0.998842179775238,neural_pair_scorer_resmlp_focal,focal
DUB|Q70CQ1|Q9HC16,DUB|Q70CQ1,DUB,Q70CQ1,Q9HC16,USP49,APOBEC3G,1,4,1,0.9967857599258423,neural_pair_scorer_resmlp_focal,focal
DUB|Q86UV5|P04908,DUB|Q86UV5,DUB,Q86UV5,P04908,USP48,HIST1H2AE,1,4,1,0.9791598320007324,neural_pair_scorer_resmlp_focal,focal
DUB|Q86UV5|P08151,DUB|Q86UV5,DUB,Q86UV5,P08151,USP48,GLI1,1,4,1,0.9976517558097839,neural_pair_scorer_resmlp_focal,focal
DUB|Q86UV5|Q04206,DUB|Q86UV5,DUB,Q86UV5,Q04206,USP48,RELA,1,4,1,0.9983692765235901,neural_pair_scorer_resmlp_focal,focal
DUB|Q86UV5|Q12933,DUB|Q86UV5,DUB,Q86UV5,Q12933,USP48,TRAF2,1,4,1,0.9793775677680969,neural_pair_scorer_resmlp_focal,focal
DUB|Q86UV5|Q6FI13,DUB|Q86UV5,DUB,Q86UV5,Q6FI13,USP48,HIST2H2AA4,1,4,1,0.9863558411598206,neural_pair_scorer_resmlp_focal,focal
DUB|Q86UV5|Q8N6T7,DUB|Q86UV5,DUB,Q86UV5,Q8N6T7,USP48,SIRT6,1,4,1,0.1264203041791916,neural_pair_scorer_resmlp_focal,focal
DUB|Q8NB14|O60341,DUB|Q8NB14,DUB,Q8NB14,O60341,USP38,KDM1A,1,4,1,0.021041883155703545,neural_pair_scorer_resmlp_focal,focal
DUB|Q8NB14|P01106,DUB|Q8NB14,DUB,Q8NB14,P01106,USP38,MYC,1,4,1,0.997319757938385,neural_pair_scorer_resmlp_focal,focal
DUB|Q8NB14|Q9UHD2,DUB|Q8NB14,DUB,Q8NB14,Q9UHD2,USP38,TBK1,1,4,1,0.023139098659157753,neural_pair_scorer_resmlp_focal,focal
DUB|Q92995|A0A291NLA3,DUB|Q92995,DUB,Q92995,A0A291NLA3,USP13,SIGIRR,1,4,1,0.004200657829642296,neural_pair_scorer_resmlp_focal,focal
DUB|Q92995|O75030,DUB|Q92995,DUB,Q92995,O75030,USP13,MITF,1,4,1,0.9984461665153503,neural_pair_scorer_resmlp_focal,focal
DUB|Q92995|P01106,DUB|Q92995,DUB,Q92995,P01106,USP13,MYC,1,4,1,0.9986258745193481,neural_pair_scorer_resmlp_focal,focal
DUB|Q92995|P11441,DUB|Q92995,DUB,Q92995,P11441,USP13,UBL4A,1,4,1,0.004156496375799179,neural_pair_scorer_resmlp_focal,focal
DUB|Q92995|P53396,DUB|Q92995,DUB,Q92995,P53396,USP13,ACLY,1,4,1,0.7434194087982178,neural_pair_scorer_resmlp_focal,focal
DUB|Q92995|P60484,DUB|Q92995,DUB,Q92995,P60484,USP13,PTEN,1,4,1,0.9963060617446899,neural_pair_scorer_resmlp_focal,focal
DUB|Q92995|Q02218,DUB|Q92995,DUB,Q92995,Q02218,USP13,OGDH,1,4,1,0.8271586298942566,neural_pair_scorer_resmlp_focal,focal
DUB|Q92995|Q07820,DUB|Q92995,DUB,Q92995,Q07820,USP13,MCL1,1,4,1,0.9974420070648193,neural_pair_scorer_resmlp_focal,focal
DUB|Q92995|Q13309,DUB|Q92995,DUB,Q92995,Q13309,USP13,SKP2,1,4,1,0.6722697019577026,neural_pair_scorer_resmlp_focal,focal
DUB|Q92995|Q14457,DUB|Q92995,DUB,Q92995,Q14457,USP13,BECN1,1,4,1,0.998643696308136,neural_pair_scorer_resmlp_focal,focal
DUB|Q92995|Q14694,DUB|Q92995,DUB,Q92995,Q14694,USP13,USP10,1,4,1,0.9783036112785339,neural_pair_scorer_resmlp_focal,focal
DUB|Q92995|Q86WV6,DUB|Q92995,DUB,Q92995,Q86WV6,USP13,TMEM173,1,4,1,0.9971875548362732,neural_pair_scorer_resmlp_focal,focal
DUB|Q92995|Q8NEB9,DUB|Q92995,DUB,Q92995,Q8NEB9,USP13,PIK3C3,1,4,1,0.9958804845809937,neural_pair_scorer_resmlp_focal,focal
DUB|Q92995|Q92547,DUB|Q92995,DUB,Q92995,Q92547,USP13,TOPBP1,1,4,1,0.9931435585021973,neural_pair_scorer_resmlp_focal,focal
DUB|Q92995|Q96P20,DUB|Q92995,DUB,Q92995,Q96P20,USP13,NLRP3,1,4,1,0.9968121647834778,neural_pair_scorer_resmlp_focal,focal
DUB|Q92995|Q96RL1,DUB|Q92995,DUB,Q92995,Q96RL1,USP13,UIMC1,1,4,1,0.9441236853599548,neural_pair_scorer_resmlp_focal,focal
DUB|Q96BN8|O75143,DUB|Q96BN8,DUB,Q96BN8,O75143,OTULIN,ATG13,1,4,1,0.0075489310547709465,neural_pair_scorer_resmlp_focal,focal
DUB|Q96BN8|P37023,DUB|Q96BN8,DUB,Q96BN8,P37023,OTULIN,ACVRL1,1,4,1,0.003200088394805789,neural_pair_scorer_resmlp_focal,focal
DUB|Q96BN8|Q9Y6K9,DUB|Q96BN8,DUB,Q96BN8,Q9Y6K9,OTULIN,IKBKG,1,4,1,0.9935437440872192,neural_pair_scorer_resmlp_focal,focal
DUB|Q96FW1|O95863,DUB|Q96FW1,DUB,Q96FW1,O95863,OTUB1,SNAI1,1,4,1,0.9982519745826721,neural_pair_scorer_resmlp_focal,focal
DUB|Q96FW1|P03372,DUB|Q96FW1,DUB,Q96FW1,P03372,OTUB1,ESR1,1,4,1,0.9969444870948792,neural_pair_scorer_resmlp_focal,focal
DUB|Q96FW1|P04637,DUB|Q96FW1,DUB,Q96FW1,P04637,OTUB1,TP53,1,4,1,0.998878538608551,neural_pair_scorer_resmlp_focal,focal
DUB|Q96FW1|P10636,DUB|Q96FW1,DUB,Q96FW1,P10636,OTUB1,MAPT,1,4,1,0.9979498982429504,neural_pair_scorer_resmlp_focal,focal
DUB|Q96FW1|P22736,DUB|Q96FW1,DUB,Q96FW1,P22736,OTUB1,NR4A1,1,4,1,0.9978203773498535,neural_pair_scorer_resmlp_focal,focal
DUB|Q96FW1|P27694,DUB|Q96FW1,DUB,Q96FW1,P27694,OTUB1,RPA1,1,4,1,0.9851874113082886,neural_pair_scorer_resmlp_focal,focal
DUB|Q96FW1|P43246,DUB|Q96FW1,DUB,Q96FW1,P43246,OTUB1,MSH2,1,4,1,0.00989481620490551,neural_pair_scorer_resmlp_focal,focal
DUB|Q96FW1|P51965,DUB|Q96FW1,DUB,Q96FW1,P51965,OTUB1,UBE2E1,1,4,1,0.9494381546974182,neural_pair_scorer_resmlp_focal,focal
DUB|Q96FW1|P61088,DUB|Q96FW1,DUB,Q96FW1,P61088,OTUB1,UBE2N,1,4,1,0.9755452275276184,neural_pair_scorer_resmlp_focal,focal
DUB|Q96FW1|P84022,DUB|Q96FW1,DUB,Q96FW1,P84022,OTUB1,SMAD3,1,4,1,0.9970166683197021,neural_pair_scorer_resmlp_focal,focal
DUB|Q96FW1|Q08050,DUB|Q96FW1,DUB,Q96FW1,Q08050,OTUB1,FOXM1,1,4,1,0.9930353164672852,neural_pair_scorer_resmlp_focal,focal
DUB|Q96FW1|Q13114,DUB|Q96FW1,DUB,Q96FW1,Q13114,OTUB1,TRAF3,1,4,1,0.9980469942092896,neural_pair_scorer_resmlp_focal,focal
DUB|Q96FW1|Q13490,DUB|Q96FW1,DUB,Q96FW1,Q13490,OTUB1,BIRC2,1,4,1,0.6086764335632324,neural_pair_scorer_resmlp_focal,focal
DUB|Q96FW1|Q15796,DUB|Q96FW1,DUB,Q96FW1,Q15796,OTUB1,SMAD2,1,4,1,0.9941428303718567,neural_pair_scorer_resmlp_focal,focal
DUB|Q96FW1|Q8TB45,DUB|Q96FW1,DUB,Q96FW1,Q8TB45,OTUB1,DEPTOR,1,4,1,0.009495771490037441,neural_pair_scorer_resmlp_focal,focal
DUB|Q96FW1|Q9NZQ7,DUB|Q96FW1,DUB,Q96FW1,Q9NZQ7,OTUB1,CD274,1,4,1,0.32399144768714905,neural_pair_scorer_resmlp_focal,focal
DUB|Q96FW1|Q9UPY5,DUB|Q96FW1,DUB,Q96FW1,Q9UPY5,OTUB1,SLC7A11,1,4,1,0.24047288298606873,neural_pair_scorer_resmlp_focal,focal
DUB|Q96FW1|Q9Y4K3,DUB|Q96FW1,DUB,Q96FW1,Q9Y4K3,OTUB1,TRAF6,1,4,1,0.9936861395835876,neural_pair_scorer_resmlp_focal,focal
DUB|Q9H3M9|Q13887,DUB|Q9H3M9,DUB,Q9H3M9,Q13887,ATXN3L,KLF5,1,4,1,0.9979082345962524,neural_pair_scorer_resmlp_focal,focal
DUB|Q9H9J4|P04637,DUB|Q9H9J4,DUB,Q9H9J4,P04637,USP42,TP53,1,4,1,0.9993042945861816,neural_pair_scorer_resmlp_focal,focal
DUB|Q9H9J4|P14780,DUB|Q9H9J4,DUB,Q9H9J4,P14780,USP42,MMP9,1,4,1,0.00404501985758543,neural_pair_scorer_resmlp_focal,focal
DUB|Q9H9J4|P62807,DUB|Q9H9J4,DUB,Q9H9J4,P62807,USP42,HIST1H2BI,1,4,1,0.9989259839057922,neural_pair_scorer_resmlp_focal,focal
DUB|Q9UMW8|O43318,DUB|Q9UMW8,DUB,Q9UMW8,O43318,USP18,MAP3K7,1,4,1,0.9681295156478882,neural_pair_scorer_resmlp_focal,focal
DUB|Q9UMW8|O95863,DUB|Q9UMW8,DUB,Q9UMW8,O95863,USP18,SNAI1,1,4,1,0.9969469904899597,neural_pair_scorer_resmlp_focal,focal
DUB|Q9UMW8|P05161,DUB|Q9UMW8,DUB,Q9UMW8,P05161,USP18,ISG15,1,4,1,0.9967085123062134,neural_pair_scorer_resmlp_focal,focal
DUB|Q9UMW8|P46531,DUB|Q9UMW8,DUB,Q9UMW8,P46531,USP18,NOTCH1,1,4,1,0.8672307133674622,neural_pair_scorer_resmlp_focal,focal
DUB|Q9UMW8|P49116,DUB|Q9UMW8,DUB,Q9UMW8,P49116,USP18,NR2C2,1,4,1,0.9928728342056274,neural_pair_scorer_resmlp_focal,focal
DUB|Q9UMW8|P60484,DUB|Q9UMW8,DUB,Q9UMW8,P60484,USP18,PTEN,1,4,1,0.9948369264602661,neural_pair_scorer_resmlp_focal,focal
DUB|Q9UMW8|Q15672,DUB|Q9UMW8,DUB,Q9UMW8,Q15672,USP18,TWIST1,1,4,1,0.9963780045509338,neural_pair_scorer_resmlp_focal,focal
DUB|Q9UMW8|Q15750,DUB|Q9UMW8,DUB,Q9UMW8,Q15750,USP18,TAB1,1,4,1,0.985597550868988,neural_pair_scorer_resmlp_focal,focal
DUB|Q9UMW8|Q9C0B1,DUB|Q9UMW8,DUB,Q9UMW8,Q9C0B1,USP18,FTO,1,4,1,0.9972453117370605,neural_pair_scorer_resmlp_focal,focal
DUB|Q9UMW8|Q9Y6K9,DUB|Q9UMW8,DUB,Q9UMW8,Q9Y6K9,USP18,IKBKG,1,4,1,0.998187243938446,neural_pair_scorer_resmlp_focal,focal
DUB|Q9UPT9|O60341,DUB|Q9UPT9,DUB,Q9UPT9,O60341,USP22,KDM1A,1,4,1,0.9968487620353699,neural_pair_scorer_resmlp_focal,focal
DUB|Q9UPT9|O75461,DUB|Q9UPT9,DUB,Q9UPT9,O75461,USP22,E2F6,1,4,1,0.15083006024360657,neural_pair_scorer_resmlp_focal,focal
DUB|Q9UPT9|P00533,DUB|Q9UPT9,DUB,Q9UPT9,P00533,USP22,EGFR,1,4,1,0.9930964112281799,neural_pair_scorer_resmlp_focal,focal
DUB|Q9UPT9|P01106,DUB|Q9UPT9,DUB,Q9UPT9,P01106,USP22,MYC,1,4,1,0.9987201690673828,neural_pair_scorer_resmlp_focal,focal
DUB|Q9UPT9|P09467,DUB|Q9UPT9,DUB,Q9UPT9,P09467,USP22,FBP1,1,4,1,0.9979286193847656,neural_pair_scorer_resmlp_focal,focal
DUB|Q9UPT9|P0C0S8,DUB|Q9UPT9,DUB,Q9UPT9,P0C0S8,USP22,HIST1H2AM,1,4,1,0.9911331534385681,neural_pair_scorer_resmlp_focal,focal
DUB|Q9UPT9|P14635,DUB|Q9UPT9,DUB,Q9UPT9,P14635,USP22,CCNB1,1,4,1,0.9986316561698914,neural_pair_scorer_resmlp_focal,focal
DUB|Q9UPT9|P14780,DUB|Q9UPT9,DUB,Q9UPT9,P14780,USP22,MMP9,1,4,1,0.0047760698944330215,neural_pair_scorer_resmlp_focal,focal
DUB|Q9UPT9|P35226,DUB|Q9UPT9,DUB,Q9UPT9,P35226,USP22,BMI1,1,4,1,0.7746357917785645,neural_pair_scorer_resmlp_focal,focal
DUB|Q9UPT9|P35354,DUB|Q9UPT9,DUB,Q9UPT9,P35354,USP22,PTGS2,1,4,1,0.9530794620513916,neural_pair_scorer_resmlp_focal,focal
DUB|Q9UPT9|P46937,DUB|Q9UPT9,DUB,Q9UPT9,P46937,USP22,YAP1,1,4,1,0.9987654685974121,neural_pair_scorer_resmlp_focal,focal
DUB|Q9UPT9|P48431,DUB|Q9UPT9,DUB,Q9UPT9,P48431,USP22,SOX2,1,4,1,0.997432291507721,neural_pair_scorer_resmlp_focal,focal
DUB|Q9UPT9|P54274,DUB|Q9UPT9,DUB,Q9UPT9,P54274,USP22,TERF1,1,4,1,0.9968609809875488,neural_pair_scorer_resmlp_focal,focal
DUB|Q9UPT9|P62807,DUB|Q9UPT9,DUB,Q9UPT9,P62807,USP22,HIST1H2BI,1,4,1,0.9866154193878174,neural_pair_scorer_resmlp_focal,focal
DUB|Q9UPT9|Q13469,DUB|Q9UPT9,DUB,Q9UPT9,Q13469,USP22,NFATC2,1,4,1,0.9974763989448547,neural_pair_scorer_resmlp_focal,focal
DUB|Q9UPT9|Q14469,DUB|Q9UPT9,DUB,Q9UPT9,Q14469,USP22,HES1,1,4,1,0.9618168473243713,neural_pair_scorer_resmlp_focal,focal
DUB|Q9UPT9|Q15465,DUB|Q9UPT9,DUB,Q9UPT9,Q15465,USP22,SHH,1,4,1,0.531868577003479,neural_pair_scorer_resmlp_focal,focal
DUB|Q9UPT9|Q16665,DUB|Q9UPT9,DUB,Q9UPT9,Q16665,USP22,HIF1A,1,4,1,0.9990742206573486,neural_pair_scorer_resmlp_focal,focal
DUB|Q9UPT9|Q16777,DUB|Q9UPT9,DUB,Q9UPT9,Q16777,USP22,HIST2H2AC,1,4,1,0.9884146451950073,neural_pair_scorer_resmlp_focal,focal
DUB|Q9UPT9|Q16778,DUB|Q9UPT9,DUB,Q9UPT9,Q16778,USP22,HIST2H2BE,1,4,1,0.9749488234519958,neural_pair_scorer_resmlp_focal,focal
DUB|Q9UPT9|Q86WV6,DUB|Q9UPT9,DUB,Q9UPT9,Q86WV6,USP22,TMEM173,1,4,1,0.9982770681381226,neural_pair_scorer_resmlp_focal,focal
DUB|Q9UPT9|Q92905,DUB|Q9UPT9,DUB,Q9UPT9,Q92905,USP22,COPS5,1,4,1,0.987784206867218,neural_pair_scorer_resmlp_focal,focal
DUB|Q9UPT9|Q96EB6,DUB|Q9UPT9,DUB,Q9UPT9,Q96EB6,USP22,SIRT1,1,4,1,0.9986770749092102,neural_pair_scorer_resmlp_focal,focal
DUB|Q9UPT9|Q9NZQ7,DUB|Q9UPT9,DUB,Q9UPT9,Q9NZQ7,USP22,CD274,1,4,1,0.8569322824478149,neural_pair_scorer_resmlp_focal,focal
DUB|Q9Y6I4|O14757,DUB|Q9Y6I4,DUB,Q9Y6I4,O14757,USP3,CHEK1,1,4,1,0.9982031583786011,neural_pair_scorer_resmlp_focal,focal
DUB|Q9Y6I4|O95786,DUB|Q9Y6I4,DUB,Q9Y6I4,O95786,USP3,DDX58,1,4,1,0.997731626033783,neural_pair_scorer_resmlp_focal,focal
DUB|Q9Y6I4|O95863,DUB|Q9Y6I4,DUB,Q9Y6I4,O95863,USP3,SNAI1,1,4,1,0.9978035092353821,neural_pair_scorer_resmlp_focal,focal
DUB|Q9Y6I4|P04198,DUB|Q9Y6I4,DUB,Q9Y6I4,P04198,USP3,MYCN,1,4,1,0.7173435688018799,neural_pair_scorer_resmlp_focal,focal
DUB|Q9Y6I4|P04637,DUB|Q9Y6I4,DUB,Q9Y6I4,P04637,USP3,TP53,1,4,1,0.9992833733558655,neural_pair_scorer_resmlp_focal,focal
DUB|Q9Y6I4|P0C0S8,DUB|Q9Y6I4,DUB,Q9Y6I4,P0C0S8,USP3,HIST1H2AM,1,4,1,0.9937593936920166,neural_pair_scorer_resmlp_focal,focal
DUB|Q9Y6I4|P16104,DUB|Q9Y6I4,DUB,Q9Y6I4,P16104,USP3,H2AFX,1,4,1,0.995577335357666,neural_pair_scorer_resmlp_focal,focal
DUB|Q9Y6I4|P30304,DUB|Q9Y6I4,DUB,Q9Y6I4,P30304,USP3,CDC25A,1,4,1,0.10001014173030853,neural_pair_scorer_resmlp_focal,focal
DUB|Q9Y6I4|P62807,DUB|Q9Y6I4,DUB,Q9Y6I4,P62807,USP3,HIST1H2BI,1,4,1,0.99191814661026,neural_pair_scorer_resmlp_focal,focal
DUB|Q9Y6I4|Q01860,DUB|Q9Y6I4,DUB,Q9Y6I4,Q01860,USP3,POU5F1,1,4,1,0.9948256015777588,neural_pair_scorer_resmlp_focal,focal
DUB|Q9Y6I4|Q13887,DUB|Q9Y6I4,DUB,Q9Y6I4,Q13887,USP3,KLF5,1,4,1,0.9974115490913391,neural_pair_scorer_resmlp_focal,focal
DUB|Q9Y6I4|Q15022,DUB|Q9Y6I4,DUB,Q9Y6I4,Q15022,USP3,SUZ12,1,4,1,0.8099708557128906,neural_pair_scorer_resmlp_focal,focal
DUB|Q9Y6I4|Q16777,DUB|Q9Y6I4,DUB,Q9Y6I4,Q16777,USP3,HIST2H2AC,1,4,1,0.9924969673156738,neural_pair_scorer_resmlp_focal,focal
DUB|Q9Y6I4|Q16778,DUB|Q9Y6I4,DUB,Q9Y6I4,Q16778,USP3,HIST2H2BE,1,4,1,0.9871381521224976,neural_pair_scorer_resmlp_focal,focal
DUB|Q9Y6I4|Q96RL1,DUB|Q9Y6I4,DUB,Q9Y6I4,Q96RL1,USP3,UIMC1,1,4,1,0.4030126631259918,neural_pair_scorer_resmlp_focal,focal
DUB|Q9Y6I4|Q9H9S0,DUB|Q9Y6I4,DUB,Q9Y6I4,Q9H9S0,USP3,NANOG,1,4,1,0.9984050393104553,neural_pair_scorer_resmlp_focal,focal
DUB|Q9Y6I4|Q9HAW4,DUB|Q9Y6I4,DUB,Q9Y6I4,Q9HAW4,USP3,CLSPN,1,4,1,0.9986482262611389,neural_pair_scorer_resmlp_focal,focal
E3|A6NLU0|Q9BYM8,E3|A6NLU0,E3,A6NLU0,Q9BYM8,RFPL4A,RBCK1,0,4,0,0.995558500289917,neural_pair_scorer_resmlp_focal,focal
E3|O00635|Q13887,E3|O00635,E3,O00635,Q13887,TRIM38,KLF5,0,4,0,0.8708551526069641,neural_pair_scorer_resmlp_focal,focal
E3|O00635|P00533,E3|O00635,E3,O00635,P00533,TRIM38,EGFR,0,4,0,0.9973046779632568,neural_pair_scorer_resmlp_focal,focal
E3|O43663|Q5UEC6,E3|O43663,E3,O43663,Q5UEC6,PRC1,EB1,0,4,0,0.00553761376067996,neural_pair_scorer_resmlp_focal,focal
E3|O43663|Q9BSA4,E3|O43663,E3,O43663,Q9BSA4,PRC1,TTYH2,0,4,0,0.0017000860534608364,neural_pair_scorer_resmlp_focal,focal
E3|O43663|P35613,E3|O43663,E3,O43663,P35613,PRC1,BSG,0,4,0,0.0026673513930290937,neural_pair_scorer_resmlp_focal,focal
E3|O75928|O15354,E3|O75928,E3,O75928,O15354,PIAS2,GPR37,0,4,0,0.001246855827048421,neural_pair_scorer_resmlp_focal,focal
E3|O75928|P61073,E3|O75928,E3,O75928,P61073,PIAS2,CXCR4,0,4,0,0.005152981728315353,neural_pair_scorer_resmlp_focal,focal
E3|O76050|Q92851,E3|O76050,E3,O76050,Q92851,NEURL1,CASP10,0,4,0,0.41081687808036804,neural_pair_scorer_resmlp_focal,focal
E3|O95198|O14543,E3|O95198,E3,O95198,O14543,KLHL2,SOCS3,0,4,0,0.005872443318367004,neural_pair_scorer_resmlp_focal,focal
E3|O95198|P12755,E3|O95198,E3,O95198,P12755,KLHL2,SKI,0,4,0,0.9976958632469177,neural_pair_scorer_resmlp_focal,focal
E3|O95198|O14867,E3|O95198,E3,O95198,O14867,KLHL2,BACH1,0,4,0,0.9989039897918701,neural_pair_scorer_resmlp_focal,focal
E3|O95198|P24864,E3|O95198,E3,O95198,P24864,KLHL2,CCNE1,0,4,0,0.9976475834846497,neural_pair_scorer_resmlp_focal,focal
E3|O95198|P37275,E3|O95198,E3,O95198,P37275,KLHL2,ZEB1,0,4,0,0.9985779523849487,neural_pair_scorer_resmlp_focal,focal
E3|O95198|O00308,E3|O95198,E3,O95198,O00308,KLHL2,WWP2,0,4,0,0.022539570927619934,neural_pair_scorer_resmlp_focal,focal
E3|O95714|Q13467,E3|O95714,E3,O95714,Q13467,HERC2,FZD5,0,4,0,0.21145962178707123,neural_pair_scorer_resmlp_focal,focal
E3|P14373|Q9TQE0,E3|P14373,E3,P14373,Q9TQE0,TRIM27,HLA-DRB1,0,4,0,0.018726028501987457,neural_pair_scorer_resmlp_focal,focal
E3|P36406|Q15910,E3|P36406,E3,P36406,Q15910,TRIM23,EZH2,0,4,0,0.997819185256958,neural_pair_scorer_resmlp_focal,focal
E3|P36406|P19237,E3|P36406,E3,P36406,P19237,TRIM23,TNNI1,0,4,0,0.8482973575592041,neural_pair_scorer_resmlp_focal,focal
E3|P36406|O00308,E3|P36406,E3,P36406,O00308,TRIM23,WWP2,0,4,0,0.006847397889941931,neural_pair_scorer_resmlp_focal,focal
E3|P37231|P63252,E3|P37231,E3,P37231,P63252,PPARG,KCNJ2,0,4,0,0.816696286201477,neural_pair_scorer_resmlp_focal,focal
E3|P46934|O95147,E3|P46934,E3,P46934,O95147,NEDD4,NEK2,0,4,0,0.20476692914962769,neural_pair_scorer_resmlp_focal,focal
E3|P46934|O76013,E3|P46934,E3,P46934,O76013,NEDD4,KRT36,0,4,0,0.0047842226922512054,neural_pair_scorer_resmlp_focal,focal
E3|P46934|P06790,E3|P46934,E3,P46934,P06790,NEDD4,E2,0,4,0,0.9893611073493958,neural_pair_scorer_resmlp_focal,focal
E3|P46934|Q29974,E3|P46934,E3,P46934,Q29974,NEDD4,HLA-DRB1,0,4,0,0.008061747066676617,neural_pair_scorer_resmlp_focal,focal
E3|P46934|Q2PQ59,E3|P46934,E3,P46934,Q2PQ59,NEDD4,TOP2alpha,0,4,0,0.14566251635551453,neural_pair_scorer_resmlp_focal,focal
E3|P46934|Q13233,E3|P46934,E3,P46934,Q13233,NEDD4,MAP3K1,0,4,0,0.4408334493637085,neural_pair_scorer_resmlp_focal,focal
E3|P46934|O00763,E3|P46934,E3,P46934,O00763,NEDD4,ACACB,0,4,0,0.027478577569127083,neural_pair_scorer_resmlp_focal,focal
E3|P46934|Q30134,E3|P46934,E3,P46934,Q30134,NEDD4,HLA-DRB1,0,4,0,0.008061747066676617,neural_pair_scorer_resmlp_focal,focal
E3|P46934|Q6ZWH5,E3|P46934,E3,P46934,Q6ZWH5,NEDD4,NEK10,0,4,0,0.9953665733337402,neural_pair_scorer_resmlp_focal,focal
E3|P46934|Q9H9R9,E3|P46934,E3,P46934,Q9H9R9,NEDD4,DBNDD1,0,4,0,0.9228794574737549,neural_pair_scorer_resmlp_focal,focal
E3|P46934|P04085,E3|P46934,E3,P46934,P04085,NEDD4,PDGFA,0,4,0,0.010500752367079258,neural_pair_scorer_resmlp_focal,focal
E3|P46934|A4F535,E3|P46934,E3,P46934,A4F535,NEDD4,P,0,4,0,0.008650808595120907,neural_pair_scorer_resmlp_focal,focal
E3|P46934|Q08AJ9,E3|P46934,E3,P46934,Q08AJ9,NEDD4,HIST1H2AB,0,4,0,0.03529895097017288,neural_pair_scorer_resmlp_focal,focal
E3|P46934|Q9Y2R9,E3|P46934,E3,P46934,Q9Y2R9,NEDD4,MRPS7,0,4,0,0.02578146755695343,neural_pair_scorer_resmlp_focal,focal
E3|P46934|P19429,E3|P46934,E3,P46934,P19429,NEDD4,TNNI3,0,4,0,0.002627355745062232,neural_pair_scorer_resmlp_focal,focal
E3|P90489|P22681,E3|P90489,E3,P90489,P22681,K5,CBL,0,4,0,0.005222438368946314,neural_pair_scorer_resmlp_focal,focal
E3|P90489|Q5JSP0,E3|P90489,E3,P90489,Q5JSP0,K5,FGD3,0,4,0,0.0021067794878035784,neural_pair_scorer_resmlp_focal,focal
E3|P90489|Q15784,E3|P90489,E3,P90489,Q15784,K5,NEUROD2,0,4,0,0.0026333138812333345,neural_pair_scorer_resmlp_focal,focal
E3|P90489|Q6PGQ7,E3|P90489,E3,P90489,Q6PGQ7,K5,BORA,0,4,0,0.001956244930624962,neural_pair_scorer_resmlp_focal,focal
E3|P90489|Q71DI3,E3|P90489,E3,P90489,Q71DI3,K5,H3C15,0,4,0,0.00622723251581192,neural_pair_scorer_resmlp_focal,focal
E3|P90489|P38936,E3|P90489,E3,P90489,P38936,K5,CDKN1A,0,4,0,0.9243863224983215,neural_pair_scorer_resmlp_focal,focal
E3|P90489|Q9H492,E3|P90489,E3,P90489,Q9H492,K5,MAP1LC3A,0,4,0,0.010405760258436203,neural_pair_scorer_resmlp_focal,focal
E3|P90489|Q12824,E3|P90489,E3,P90489,Q12824,K5,SMARCB1,0,4,0,0.003267509862780571,neural_pair_scorer_resmlp_focal,focal
E3|P90489|Q8NEG5,E3|P90489,E3,P90489,Q8NEG5,K5,ZSWIM2,0,4,0,0.002275384496897459,neural_pair_scorer_resmlp_focal,focal
E3|P90489|Q96PH1,E3|P90489,E3,P90489,Q96PH1,K5,NOX5,0,4,0,0.06369490176439285,neural_pair_scorer_resmlp_focal,focal
E3|P90489|Q99801,E3|P90489,E3,P90489,Q99801,K5,NKX3-1,0,4,0,0.006194434128701687,neural_pair_scorer_resmlp_focal,focal
E3|P90489|P08393,E3|P90489,E3,P90489,P08393,K5,ICP0,0,4,0,0.006000400986522436,neural_pair_scorer_resmlp_focal,focal
E3|P90489|Q9Y508,E3|P90489,E3,P90489,Q9Y508,K5,RNF114,0,4,0,0.01678822748363018,neural_pair_scorer_resmlp_focal,focal
E3|P90489|Q9P1Z2,E3|P90489,E3,P90489,Q9P1Z2,K5,CALCOCO1,0,4,0,0.14219151437282562,neural_pair_scorer_resmlp_focal,focal
E3|P90489|Q9P126,E3|P90489,E3,P90489,Q9P126,K5,CLEC1B,0,4,0,0.9905140399932861,neural_pair_scorer_resmlp_focal,focal
E3|P90489|P62330,E3|P90489,E3,P90489,P62330,K5,ARF6,0,4,0,0.9948323965072632,neural_pair_scorer_resmlp_focal,focal
E3|Q09472|P23919,E3|Q09472,E3,Q09472,P23919,EP300,DTYMK,0,4,0,0.002623936627060175,neural_pair_scorer_resmlp_focal,focal
E3|Q09472|P19235,E3|Q09472,E3,Q09472,P19235,EP300,EPOR,0,4,0,0.0016102776862680912,neural_pair_scorer_resmlp_focal,focal
E3|Q09472|Q8NBJ4,E3|Q09472,E3,Q09472,Q8NBJ4,EP300,GOLM1,0,4,0,0.018888287246227264,neural_pair_scorer_resmlp_focal,focal
E3|Q12899|Q96PH1,E3|Q12899,E3,Q12899,Q96PH1,TRIM26,NOX5,0,4,0,0.9929935336112976,neural_pair_scorer_resmlp_focal,focal
E3|Q12899|Q9NZ45,E3|Q12899,E3,Q12899,Q9NZ45,TRIM26,CISD1,0,4,0,0.13731111586093903,neural_pair_scorer_resmlp_focal,focal
E3|Q12933|P33993,E3|Q12933,E3,Q12933,P33993,TRAF2,MCM7,0,4,0,0.8274750113487244,neural_pair_scorer_resmlp_focal,focal
E3|Q12933|P08195,E3|Q12933,E3,Q12933,P08195,TRAF2,SLC3A2,0,4,0,0.8228445649147034,neural_pair_scorer_resmlp_focal,focal
E3|Q12933|P04554,E3|Q12933,E3,Q12933,P04554,TRAF2,PRM2,0,4,0,0.017331892624497414,neural_pair_scorer_resmlp_focal,focal
E3|Q12933|Q17RS7,E3|Q12933,E3,Q12933,Q17RS7,TRAF2,GEN1,0,4,0,0.0028372392989695072,neural_pair_scorer_resmlp_focal,focal
E3|Q12933|Q9NS37,E3|Q12933,E3,Q12933,Q9NS37,TRAF2,CREBZF,0,4,0,0.30915284156799316,neural_pair_scorer_resmlp_focal,focal
E3|Q12933|Q9UJA2,E3|Q12933,E3,Q12933,Q9UJA2,TRAF2,CRLS1,0,4,0,0.003564981045201421,neural_pair_scorer_resmlp_focal,focal
E3|Q12933|Q86WB0,E3|Q12933,E3,Q12933,Q86WB0,TRAF2,ZC3HC1,0,4,0,0.9988817572593689,neural_pair_scorer_resmlp_focal,focal
E3|Q12933|Q9HB29,E3|Q12933,E3,Q12933,Q9HB29,TRAF2,IL1RL2,0,4,0,0.2916250228881836,neural_pair_scorer_resmlp_focal,focal
E3|Q12933|A6MI22,E3|Q12933,E3,Q12933,A6MI22,TRAF2,tat,0,4,0,0.014462796039879322,neural_pair_scorer_resmlp_focal,focal
E3|Q12933|Q96RK0,E3|Q12933,E3,Q12933,Q96RK0,TRAF2,CIC,0,4,0,0.04070357233285904,neural_pair_scorer_resmlp_focal,focal
E3|Q12933|P55895,E3|Q12933,E3,Q12933,P55895,TRAF2,RAG2,0,4,0,0.012295035645365715,neural_pair_scorer_resmlp_focal,focal
E3|Q13490|O60240,E3|Q13490,E3,Q13490,O60240,BIRC2,PLIN1,0,4,0,0.9923392534255981,neural_pair_scorer_resmlp_focal,focal
E3|Q13490|Q9Y5U5,E3|Q13490,E3,Q13490,Q9Y5U5,BIRC2,TNFRSF18,0,4,0,0.010129201225936413,neural_pair_scorer_resmlp_focal,focal
E3|Q13490|Q96QD8,E3|Q13490,E3,Q13490,Q96QD8,BIRC2,SLC38A2,0,4,0,0.9573661684989929,neural_pair_scorer_resmlp_focal,focal
E3|Q13490|Q03135,E3|Q13490,E3,Q13490,Q03135,BIRC2,CAV1,0,4,0,0.0021700954530388117,neural_pair_scorer_resmlp_focal,focal
E3|Q13490|Q13571,E3|Q13490,E3,Q13490,Q13571,BIRC2,LAPTM5,0,4,0,0.008560900576412678,neural_pair_scorer_resmlp_focal,focal
E3|Q13490|Q13794,E3|Q13490,E3,Q13490,Q13794,BIRC2,PMAIP1,0,4,0,0.005290681030601263,neural_pair_scorer_resmlp_focal,focal
E3|Q13490|P56750,E3|Q13490,E3,Q13490,P56750,BIRC2,CLDN17,0,4,0,0.007033847738057375,neural_pair_scorer_resmlp_focal,focal
E3|Q13490|Q8N8V4,E3|Q13490,E3,Q13490,Q8N8V4,BIRC2,ANKS4B,0,4,0,0.9921550154685974,neural_pair_scorer_resmlp_focal,focal
E3|Q13490|Q9NYJ7,E3|Q13490,E3,Q13490,Q9NYJ7,BIRC2,DLL3,0,4,0,0.972375214099884,neural_pair_scorer_resmlp_focal,focal
E3|Q13490|Q99062,E3|Q13490,E3,Q13490,Q99062,BIRC2,CSF3R,0,4,0,0.0021103101316839457,neural_pair_scorer_resmlp_focal,focal
E3|Q13490|P16234,E3|Q13490,E3,Q13490,P16234,BIRC2,PDGFRA,0,4,0,0.9963473677635193,neural_pair_scorer_resmlp_focal,focal
E3|Q13490|P36897,E3|Q13490,E3,Q13490,P36897,BIRC2,TGFBR1,0,4,0,0.9982085227966309,neural_pair_scorer_resmlp_focal,focal
E3|Q13490|Q92734,E3|Q13490,E3,Q13490,Q92734,BIRC2,TFG,0,4,0,0.03150361403822899,neural_pair_scorer_resmlp_focal,focal
E3|Q13490|O15431,E3|Q13490,E3,Q13490,O15431,BIRC2,SLC31A1,0,4,0,0.0018974246922880411,neural_pair_scorer_resmlp_focal,focal
E3|Q13490|Q15836,E3|Q13490,E3,Q13490,Q15836,BIRC2,VAMP3,0,4,0,0.9516385197639465,neural_pair_scorer_resmlp_focal,focal
E3|Q14258|Q13233,E3|Q14258,E3,Q14258,Q13233,TRIM25,MAP3K1,0,4,0,0.030683260411024094,neural_pair_scorer_resmlp_focal,focal
E3|Q14258|P01912,E3|Q14258,E3,Q14258,P01912,TRIM25,HLA-DRB1,0,4,0,0.008508482947945595,neural_pair_scorer_resmlp_focal,focal
E3|Q14258|P43003,E3|Q14258,E3,Q14258,P43003,TRIM25,SLC1A3,0,4,0,0.0014016858767718077,neural_pair_scorer_resmlp_focal,focal
E3|Q14258|O15503,E3|Q14258,E3,Q14258,O15503,TRIM25,INSIG1,0,4,0,0.008128764107823372,neural_pair_scorer_resmlp_focal,focal
E3|Q14258|Q96JA1,E3|Q14258,E3,Q14258,Q96JA1,TRIM25,LRIG1,0,4,0,0.0032873640302568674,neural_pair_scorer_resmlp_focal,focal
E3|Q14258|O15354,E3|Q14258,E3,Q14258,O15354,TRIM25,GPR37,0,4,0,0.0025656837970018387,neural_pair_scorer_resmlp_focal,focal
E3|Q14258|Q13794,E3|Q14258,E3,Q14258,Q13794,TRIM25,PMAIP1,0,4,0,0.0036232962738722563,neural_pair_scorer_resmlp_focal,focal
E3|Q15751|P32519,E3|Q15751,E3,Q15751,P32519,HERC1,ELF1,0,4,0,0.9986416697502136,neural_pair_scorer_resmlp_focal,focal
E3|Q15751|Q92918,E3|Q15751,E3,Q15751,Q92918,HERC1,MAP4K1,0,4,0,0.12602074444293976,neural_pair_scorer_resmlp_focal,focal
E3|Q5T447|Q70CQ3,E3|Q5T447,E3,Q5T447,Q70CQ3,HECTD3,USP30,0,4,0,0.027780769392848015,neural_pair_scorer_resmlp_focal,focal
E3|Q5T447|Q13077,E3|Q5T447,E3,Q5T447,Q13077,HECTD3,TRAF1,0,4,0,0.9835520386695862,neural_pair_scorer_resmlp_focal,focal
E3|Q5T447|Q15742,E3|Q5T447,E3,Q5T447,Q15742,HECTD3,NAB2,0,4,0,0.011079628951847553,neural_pair_scorer_resmlp_focal,focal
E3|Q5T447|Q9UIH9,E3|Q5T447,E3,Q5T447,Q9UIH9,HECTD3,KLF15,0,4,0,0.2145836353302002,neural_pair_scorer_resmlp_focal,focal
E3|Q5T447|P16070,E3|Q5T447,E3,Q5T447,P16070,HECTD3,CD44,0,4,0,0.004651576280593872,neural_pair_scorer_resmlp_focal,focal
E3|Q5T447|P10912,E3|Q5T447,E3,Q5T447,P10912,HECTD3,GHR,0,4,0,0.00294323218986392,neural_pair_scorer_resmlp_focal,focal
E3|Q5T6F0|Q9NXK8,E3|Q5T6F0,E3,Q5T6F0,Q9NXK8,DCAF12,FBXL12,0,4,0,0.7854288816452026,neural_pair_scorer_resmlp_focal,focal
E3|Q5U5R9|P35226,E3|Q5U5R9,E3,Q5U5R9,P35226,HECTD2,BMI1,0,4,0,0.11719837784767151,neural_pair_scorer_resmlp_focal,focal
E3|Q5U5R9|Q96QV6,E3|Q5U5R9,E3,Q5U5R9,Q96QV6,HECTD2,H2AC1,0,4,0,0.667946457862854,neural_pair_scorer_resmlp_focal,focal
E3|Q6PCT2|Q30134,E3|Q6PCT2,E3,Q6PCT2,Q30134,FBXL19,HLA-DRB1,0,4,0,0.018619704991579056,neural_pair_scorer_resmlp_focal,focal
E3|Q6PCT2|P29965,E3|Q6PCT2,E3,Q6PCT2,P29965,FBXL19,CD40LG,0,4,0,0.0015386538580060005,neural_pair_scorer_resmlp_focal,focal
E3|Q6PJ69|P31645,E3|Q6PJ69,E3,Q6PJ69,P31645,TRIM65,SLC6A4,0,4,0,0.0017192552331835032,neural_pair_scorer_resmlp_focal,focal
E3|Q6UWE0|A0A1B0GVQ0,E3|Q6UWE0,E3,Q6UWE0,A0A1B0GVQ0,LRSAM1,SPAAR,0,4,0,0.020558085292577744,neural_pair_scorer_resmlp_focal,focal
E3|Q6UWE0|A6MI22,E3|Q6UWE0,E3,Q6UWE0,A6MI22,LRSAM1,tat,0,4,0,0.010450391098856926,neural_pair_scorer_resmlp_focal,focal
E3|Q6UWE0|Q15784,E3|Q6UWE0,E3,Q6UWE0,Q15784,LRSAM1,NEUROD2,0,4,0,0.3613586127758026,neural_pair_scorer_resmlp_focal,focal
E3|Q6X9E4|Q9UHD9,E3|Q6X9E4,E3,Q6X9E4,Q9UHD9,FBXW12,UBQLN2,0,4,0,0.34241026639938354,neural_pair_scorer_resmlp_focal,focal
E3|Q6X9E4|Q30154,E3|Q6X9E4,E3,Q6X9E4,Q30154,FBXW12,HLA-DRB5,0,4,0,0.009285766631364822,neural_pair_scorer_resmlp_focal,focal
E3|Q7L5Y6|P10721,E3|Q7L5Y6,E3,Q7L5Y6,P10721,DET1,KIT,0,4,0,0.04725780338048935,neural_pair_scorer_resmlp_focal,focal
E3|Q7L5Y6|Q99714,E3|Q7L5Y6,E3,Q7L5Y6,Q99714,DET1,PTPN5,0,4,0,0.005093927960842848,neural_pair_scorer_resmlp_focal,focal
E3|Q7L5Y6|P23258,E3|Q7L5Y6,E3,Q7L5Y6,P23258,DET1,TUBG1,0,4,0,0.004727870691567659,neural_pair_scorer_resmlp_focal,focal
E3|Q7L5Y6|Q92851,E3|Q7L5Y6,E3,Q7L5Y6,Q92851,DET1,CASP10,0,4,0,0.003632894018664956,neural_pair_scorer_resmlp_focal,focal
E3|Q7L5Y6|P63316,E3|Q7L5Y6,E3,Q7L5Y6,P63316,DET1,TNNC1,0,4,0,0.003567834384739399,neural_pair_scorer_resmlp_focal,focal
E3|Q7L5Y6|O15399,E3|Q7L5Y6,E3,Q7L5Y6,O15399,DET1,GRIN2D,0,4,0,0.0018093151738867164,neural_pair_scorer_resmlp_focal,focal
E3|Q7L5Y6|Q9NS87,E3|Q7L5Y6,E3,Q7L5Y6,Q9NS87,DET1,KIF15,0,4,0,0.9749050736427307,neural_pair_scorer_resmlp_focal,focal
E3|Q7L5Y6|A6NI79,E3|Q7L5Y6,E3,Q7L5Y6,A6NI79,DET1,CCDC69,0,4,0,0.9745492339134216,neural_pair_scorer_resmlp_focal,focal
E3|Q7L5Y6|P36888,E3|Q7L5Y6,E3,Q7L5Y6,P36888,DET1,FLT3,0,4,0,0.10363824665546417,neural_pair_scorer_resmlp_focal,focal
E3|Q86TM6|P68133,E3|Q86TM6,E3,Q86TM6,P68133,SYVN1,ACTA1,0,4,0,0.9920523166656494,neural_pair_scorer_resmlp_focal,focal
E3|Q86TM6|P24864,E3|Q86TM6,E3,Q86TM6,P24864,SYVN1,CCNE1,0,4,0,0.007210036274045706,neural_pair_scorer_resmlp_focal,focal
E3|Q86TM6|Q9Y577,E3|Q86TM6,E3,Q86TM6,Q9Y577,SYVN1,TRIM17,0,4,0,0.867210328578949,neural_pair_scorer_resmlp_focal,focal
E3|Q86TM6|Q13422,E3|Q86TM6,E3,Q86TM6,Q13422,SYVN1,IKZF1,0,4,0,0.009681927040219307,neural_pair_scorer_resmlp_focal,focal
E3|Q86TM6|Q8N726,E3|Q86TM6,E3,Q86TM6,Q8N726,SYVN1,CDKN2A,0,4,0,0.9638150930404663,neural_pair_scorer_resmlp_focal,focal
E3|Q86TM6|Q9P270,E3|Q86TM6,E3,Q86TM6,Q9P270,SYVN1,SLAIN2,0,4,0,0.12652552127838135,neural_pair_scorer_resmlp_focal,focal
E3|Q86TM6|Q8NDV7,E3|Q86TM6,E3,Q86TM6,Q8NDV7,SYVN1,TNRC6A,0,4,0,0.6691767573356628,neural_pair_scorer_resmlp_focal,focal
E3|Q86TM6|Q96FA3,E3|Q86TM6,E3,Q86TM6,Q96FA3,SYVN1,PELI1,0,4,0,0.007659568917006254,neural_pair_scorer_resmlp_focal,focal
E3|Q86TM6|P23921,E3|Q86TM6,E3,Q86TM6,P23921,SYVN1,RRM1,0,4,0,0.990337610244751,neural_pair_scorer_resmlp_focal,focal
E3|Q86TM6|O60315,E3|Q86TM6,E3,Q86TM6,O60315,SYVN1,ZEB2,0,4,0,0.05113578587770462,neural_pair_scorer_resmlp_focal,focal
E3|Q86TM6|Q16777,E3|Q86TM6,E3,Q86TM6,Q16777,SYVN1,H2AC20,0,4,0,0.03225294128060341,neural_pair_scorer_resmlp_focal,focal
E3|Q86TM6|Q5VSY0,E3|Q86TM6,E3,Q86TM6,Q5VSY0,SYVN1,GKAP1,0,4,0,0.005732213146984577,neural_pair_scorer_resmlp_focal,focal
E3|Q86TM6|Q16656,E3|Q86TM6,E3,Q86TM6,Q16656,SYVN1,NRF1,0,4,0,0.8449176549911499,neural_pair_scorer_resmlp_focal,focal
E3|Q86TM6|Q9NVF7,E3|Q86TM6,E3,Q86TM6,Q9NVF7,SYVN1,FBXO28,0,4,0,0.0040681432001292706,neural_pair_scorer_resmlp_focal,focal
E3|Q86TM6|Q13485,E3|Q86TM6,E3,Q86TM6,Q13485,SYVN1,SMAD4,0,4,0,0.9912692308425903,neural_pair_scorer_resmlp_focal,focal
E3|Q86TM6|Q96BN8,E3|Q86TM6,E3,Q86TM6,Q96BN8,SYVN1,OTULIN,0,4,0,0.7641065120697021,neural_pair_scorer_resmlp_focal,focal
E3|Q86TM6|Q8TEY7,E3|Q86TM6,E3,Q86TM6,Q8TEY7,SYVN1,USP33,0,4,0,0.004568084143102169,neural_pair_scorer_resmlp_focal,focal
E3|Q86TM6|Q9UIH9,E3|Q86TM6,E3,Q86TM6,Q9UIH9,SYVN1,KLF15,0,4,0,0.010221618227660656,neural_pair_scorer_resmlp_focal,focal
E3|Q86TM6|Q9Y5R6,E3|Q86TM6,E3,Q86TM6,Q9Y5R6,SYVN1,DMT1,0,4,0,0.02164209634065628,neural_pair_scorer_resmlp_focal,focal
E3|Q86TM6|Q8N2W9,E3|Q86TM6,E3,Q86TM6,Q8N2W9,SYVN1,PIAS4,0,4,0,0.00209727231413126,neural_pair_scorer_resmlp_focal,focal
E3|Q86TM6|Q04724,E3|Q86TM6,E3,Q86TM6,Q04724,SYVN1,TLE1,0,4,0,0.29116979241371155,neural_pair_scorer_resmlp_focal,focal
E3|Q86TM6|Q99878,E3|Q86TM6,E3,Q86TM6,Q99878,SYVN1,H2AC14,0,4,0,0.03233380615711212,neural_pair_scorer_resmlp_focal,focal
E3|Q86TM6|Q9Y5K5,E3|Q86TM6,E3,Q86TM6,Q9Y5K5,SYVN1,UCHL5,0,4,0,0.976100742816925,neural_pair_scorer_resmlp_focal,focal
E3|Q86TM6|O15350,E3|Q86TM6,E3,Q86TM6,O15350,SYVN1,TP73,0,4,0,0.9954598546028137,neural_pair_scorer_resmlp_focal,focal
E3|Q86TM6|Q9ULJ7,E3|Q86TM6,E3,Q86TM6,Q9ULJ7,SYVN1,ANKRD50,0,4,0,0.001821616548113525,neural_pair_scorer_resmlp_focal,focal
E3|Q8IUQ4|Q96BF3,E3|Q8IUQ4,E3,Q8IUQ4,Q96BF3,SIAH1,TMIGD2,0,4,0,0.060602739453315735,neural_pair_scorer_resmlp_focal,focal
E3|Q8IUQ4|P30304,E3|Q8IUQ4,E3,Q8IUQ4,P30304,SIAH1,CDC25A,0,4,0,0.9984737038612366,neural_pair_scorer_resmlp_focal,focal
E3|Q8IUQ4|P35613,E3|Q8IUQ4,E3,Q8IUQ4,P35613,SIAH1,BSG,0,4,0,0.009772342629730701,neural_pair_scorer_resmlp_focal,focal
E3|Q8IUQ4|Q29974,E3|Q8IUQ4,E3,Q8IUQ4,Q29974,SIAH1,HLA-DRB1,0,4,0,0.008852951228618622,neural_pair_scorer_resmlp_focal,focal
E3|Q8IUQ4|P42336,E3|Q8IUQ4,E3,Q8IUQ4,P42336,SIAH1,PIK3CA,0,4,0,0.9944353103637695,neural_pair_scorer_resmlp_focal,focal
E3|Q8IUQ4|Q93070,E3|Q8IUQ4,E3,Q8IUQ4,Q93070,SIAH1,ART4,0,4,0,0.0026958042290061712,neural_pair_scorer_resmlp_focal,focal
E3|Q8IUQ4|Q15726,E3|Q8IUQ4,E3,Q8IUQ4,Q15726,SIAH1,KISS1,0,4,0,0.021589597687125206,neural_pair_scorer_resmlp_focal,focal
E3|Q8IUQ4|Q13873,E3|Q8IUQ4,E3,Q8IUQ4,Q13873,SIAH1,BMPR2,0,4,0,0.9710595011711121,neural_pair_scorer_resmlp_focal,focal
E3|Q8IUQ4|O75473,E3|Q8IUQ4,E3,Q8IUQ4,O75473,SIAH1,LGR5,0,4,0,0.011183956637978554,neural_pair_scorer_resmlp_focal,focal
E3|Q8IUQ4|P10523,E3|Q8IUQ4,E3,Q8IUQ4,P10523,SIAH1,SAG,0,4,0,0.38992995023727417,neural_pair_scorer_resmlp_focal,focal
E3|Q8IUQ4|P21796,E3|Q8IUQ4,E3,Q8IUQ4,P21796,SIAH1,VDAC1,0,4,0,0.9481896162033081,neural_pair_scorer_resmlp_focal,focal
E3|Q8IUQ4|Q12809,E3|Q8IUQ4,E3,Q8IUQ4,Q12809,SIAH1,KCNH2,0,4,0,0.9361443519592285,neural_pair_scorer_resmlp_focal,focal
E3|Q8IUQ4|Q9Y5M8,E3|Q8IUQ4,E3,Q8IUQ4,Q9Y5M8,SIAH1,SRPRB,0,4,0,0.9668996930122375,neural_pair_scorer_resmlp_focal,focal
E3|Q8IUQ4|P08393,E3|Q8IUQ4,E3,Q8IUQ4,P08393,SIAH1,ICP0,0,4,0,0.08379557728767395,neural_pair_scorer_resmlp_focal,focal
E3|Q8IUQ4|Q8ZNR3,E3|Q8IUQ4,E3,Q8IUQ4,Q8ZNR3,SIAH1,sopA,0,4,0,0.1818629950284958,neural_pair_scorer_resmlp_focal,focal
E3|Q8IUQ4|Q00059,E3|Q8IUQ4,E3,Q8IUQ4,Q00059,SIAH1,TFAM,0,4,0,0.12373988330364227,neural_pair_scorer_resmlp_focal,focal
E3|Q8IUQ4|P10644,E3|Q8IUQ4,E3,Q8IUQ4,P10644,SIAH1,PRKAR1A,0,4,0,0.9395554065704346,neural_pair_scorer_resmlp_focal,focal
E3|Q8IUQ4|Q8N5C8,E3|Q8IUQ4,E3,Q8IUQ4,Q8N5C8,SIAH1,TAB3,0,4,0,0.9989444613456726,neural_pair_scorer_resmlp_focal,focal
E3|Q8IUQ4|P33527,E3|Q8IUQ4,E3,Q8IUQ4,P33527,SIAH1,ABCC1,0,4,0,0.00406413059681654,neural_pair_scorer_resmlp_focal,focal
E3|Q8IUQ4|Q9UJA2,E3|Q8IUQ4,E3,Q8IUQ4,Q9UJA2,SIAH1,CRLS1,0,4,0,0.00618785060942173,neural_pair_scorer_resmlp_focal,focal
E3|Q8IUQ4|Q96HE7,E3|Q8IUQ4,E3,Q8IUQ4,Q96HE7,SIAH1,ERO1A,0,4,0,0.03065755032002926,neural_pair_scorer_resmlp_focal,focal
E3|Q8IUQ4|O00459,E3|Q8IUQ4,E3,Q8IUQ4,O00459,SIAH1,PIK3R2,0,4,0,0.9757442474365234,neural_pair_scorer_resmlp_focal,focal
E3|Q8IWR1|Q9NXR8,E3|Q8IWR1,E3,Q8IWR1,Q9NXR8,TRIM59,ING3,0,4,0,0.009604751132428646,neural_pair_scorer_resmlp_focal,focal
E3|Q8IWR1|P50579,E3|Q8IWR1,E3,Q8IWR1,P50579,TRIM59,METAP2,0,4,0,0.9837636947631836,neural_pair_scorer_resmlp_focal,focal
E3|Q8IWR1|P09467,E3|Q8IWR1,E3,Q8IWR1,P09467,TRIM59,FBP1,0,4,0,0.9984344840049744,neural_pair_scorer_resmlp_focal,focal
E3|Q8IWR1|Q9UIS9,E3|Q8IWR1,E3,Q8IWR1,Q9UIS9,TRIM59,MBD1,0,4,0,0.029741667211055756,neural_pair_scorer_resmlp_focal,focal
E3|Q8IWR1|P58004,E3|Q8IWR1,E3,Q8IWR1,P58004,TRIM59,SESN2,0,4,0,0.9933021068572998,neural_pair_scorer_resmlp_focal,focal
E3|Q8NC42|Q6UUV9,E3|Q8NC42,E3,Q8NC42,Q6UUV9,RNF149,CRTC1,0,4,0,0.0999615266919136,neural_pair_scorer_resmlp_focal,focal
E3|Q8ND25|P51825,E3|Q8ND25,E3,Q8ND25,P51825,ZNRF1,AFF1,0,4,0,0.0020148137118667364,neural_pair_scorer_resmlp_focal,focal
E3|Q8ND25|P55317,E3|Q8ND25,E3,Q8ND25,P55317,ZNRF1,FOXA1,0,4,0,0.12227977812290192,neural_pair_scorer_resmlp_focal,focal
E3|Q8ND25|Q92734,E3|Q8ND25,E3,Q8ND25,Q92734,ZNRF1,TFG,0,4,0,0.021683236584067345,neural_pair_scorer_resmlp_focal,focal
E3|Q8NEG5|Q15311,E3|Q8NEG5,E3,Q8NEG5,Q15311,ZSWIM2,RALBP1,0,4,0,0.8963379263877869,neural_pair_scorer_resmlp_focal,focal
E3|Q8NEG5|O15553,E3|Q8NEG5,E3,Q8NEG5,O15553,ZSWIM2,MEFV,0,4,0,0.0037140431813895702,neural_pair_scorer_resmlp_focal,focal
E3|Q8NI29|Q8N907,E3|Q8NI29,E3,Q8NI29,Q8N907,FBXO27,DAND5,0,4,0,0.5924538969993591,neural_pair_scorer_resmlp_focal,focal
E3|Q8NI29|Q9Y2K6,E3|Q8NI29,E3,Q8NI29,Q9Y2K6,FBXO27,USP20,0,4,0,0.4411689043045044,neural_pair_scorer_resmlp_focal,focal
E3|Q8TB52|P10070,E3|Q8TB52,E3,Q8TB52,P10070,FBXO30,GLI2,0,4,0,0.9854812026023865,neural_pair_scorer_resmlp_focal,focal
E3|Q8TB52|Q8NDV7,E3|Q8TB52,E3,Q8TB52,Q8NDV7,FBXO30,TNRC6A,0,4,0,0.0341038815677166,neural_pair_scorer_resmlp_focal,focal
E3|Q8WVD3|P01920,E3|Q8WVD3,E3,Q8WVD3,P01920,RNF138,HLA-DQB1,0,4,0,0.010322723537683487,neural_pair_scorer_resmlp_focal,focal
E3|Q8WVD3|Q96C92,E3|Q8WVD3,E3,Q8WVD3,Q96C92,RNF138,ENTR1,0,4,0,0.9911049008369446,neural_pair_scorer_resmlp_focal,focal
E3|Q8WVD3|P01023,E3|Q8WVD3,E3,Q8WVD3,P01023,RNF138,A2M,0,4,0,0.002025506692007184,neural_pair_scorer_resmlp_focal,focal
E3|Q8WVD3|Q9ULJ7,E3|Q8WVD3,E3,Q8WVD3,Q9ULJ7,RNF138,ANKRD50,0,4,0,0.0021098412107676268,neural_pair_scorer_resmlp_focal,focal
E3|Q8WVD3|P36888,E3|Q8WVD3,E3,Q8WVD3,P36888,RNF138,FLT3,0,4,0,0.9168689250946045,neural_pair_scorer_resmlp_focal,focal
E3|Q8WVD3|Q9NR28,E3|Q8WVD3,E3,Q8WVD3,Q9NR28,RNF138,DIABLO,0,4,0,0.8734658360481262,neural_pair_scorer_resmlp_focal,focal
E3|Q8WVD3|Q13635,E3|Q8WVD3,E3,Q8WVD3,Q13635,RNF138,PTCH1,0,4,0,0.002212029416114092,neural_pair_scorer_resmlp_focal,focal
E3|Q969H0|Q8N6M0,E3|Q969H0,E3,Q969H0,Q8N6M0,FBXW7,OTUD6B,0,4,0,0.23972997069358826,neural_pair_scorer_resmlp_focal,focal
E3|Q969H0|Q9ULJ7,E3|Q969H0,E3,Q969H0,Q9ULJ7,FBXW7,ANKRD50,0,4,0,0.9904520511627197,neural_pair_scorer_resmlp_focal,focal
E3|Q969H0|P04839,E3|Q969H0,E3,Q969H0,P04839,FBXW7,CYBB,0,4,0,0.005179597530514002,neural_pair_scorer_resmlp_focal,focal
E3|Q969H0|Q93070,E3|Q969H0,E3,Q969H0,Q93070,FBXW7,ART4,0,4,0,0.001872419030405581,neural_pair_scorer_resmlp_focal,focal
E3|Q969H0|P56750,E3|Q969H0,E3,Q969H0,P56750,FBXW7,CLDN17,0,4,0,0.0029012286104261875,neural_pair_scorer_resmlp_focal,focal
E3|Q969H0|Q9H9R9,E3|Q969H0,E3,Q969H0,Q9H9R9,FBXW7,DBNDD1,0,4,0,0.34088313579559326,neural_pair_scorer_resmlp_focal,focal
E3|Q969H0|P40238,E3|Q969H0,E3,Q969H0,P40238,FBXW7,MPL,0,4,0,0.003004105994477868,neural_pair_scorer_resmlp_focal,focal
E3|Q969H0|P15259,E3|Q969H0,E3,Q969H0,P15259,FBXW7,PGAM2,0,4,0,0.06897140294313431,neural_pair_scorer_resmlp_focal,focal
E3|Q969H0|P16234,E3|Q969H0,E3,Q969H0,P16234,FBXW7,PDGFRA,0,4,0,0.9676101207733154,neural_pair_scorer_resmlp_focal,focal
E3|Q969H0|P37173,E3|Q969H0,E3,Q969H0,P37173,FBXW7,TGFBR2,0,4,0,0.8849340677261353,neural_pair_scorer_resmlp_focal,focal
E3|Q969H0|P21709,E3|Q969H0,E3,Q969H0,P21709,FBXW7,EPHA1,0,4,0,0.002794328611344099,neural_pair_scorer_resmlp_focal,focal
E3|Q969H0|P22304,E3|Q969H0,E3,Q969H0,P22304,FBXW7,IDS,0,4,0,0.002161013660952449,neural_pair_scorer_resmlp_focal,focal
E3|Q969H0|Q9UJA2,E3|Q969H0,E3,Q969H0,Q9UJA2,FBXW7,CRLS1,0,4,0,0.002911992836743593,neural_pair_scorer_resmlp_focal,focal
E3|Q969H0|Q14558,E3|Q969H0,E3,Q969H0,Q14558,FBXW7,PRPSAP1,0,4,0,0.8317070603370667,neural_pair_scorer_resmlp_focal,focal
E3|Q969H0|Q8NHL6,E3|Q969H0,E3,Q969H0,Q8NHL6,FBXW7,LILRB1,0,4,0,0.002495821798220277,neural_pair_scorer_resmlp_focal,focal
E3|Q969H0|P15813,E3|Q969H0,E3,Q969H0,P15813,FBXW7,CD1D,0,4,0,0.008304012939333916,neural_pair_scorer_resmlp_focal,focal
E3|Q969H0|Q8N8V4,E3|Q969H0,E3,Q969H0,Q8N8V4,FBXW7,ANKS4B,0,4,0,0.995625376701355,neural_pair_scorer_resmlp_focal,focal
E3|Q969H0|A6MI22,E3|Q969H0,E3,Q969H0,A6MI22,FBXW7,tat,0,4,0,0.02443668805062771,neural_pair_scorer_resmlp_focal,focal
E3|Q969H0|Q9P126,E3|Q969H0,E3,Q969H0,Q9P126,FBXW7,CLEC1B,0,4,0,0.002713083056733012,neural_pair_scorer_resmlp_focal,focal
E3|Q969H0|Q95IE3,E3|Q969H0,E3,Q969H0,Q95IE3,FBXW7,HLA-DRB1,0,4,0,0.013302935287356377,neural_pair_scorer_resmlp_focal,focal
E3|Q969H0|P55017,E3|Q969H0,E3,Q969H0,P55017,FBXW7,SLC12A3,0,4,0,0.05665767192840576,neural_pair_scorer_resmlp_focal,focal
E3|Q969H0|P10523,E3|Q969H0,E3,Q969H0,P10523,FBXW7,SAG,0,4,0,0.463808536529541,neural_pair_scorer_resmlp_focal,focal
E3|Q969H0|P54829,E3|Q969H0,E3,Q969H0,P54829,FBXW7,STK36,0,4,0,0.053164124488830566,neural_pair_scorer_resmlp_focal,focal
E3|Q969H0|P10644,E3|Q969H0,E3,Q969H0,P10644,FBXW7,PRKAR1A,0,4,0,0.9721524119377136,neural_pair_scorer_resmlp_focal,focal
E3|Q969H0|Q9Y5Y9,E3|Q969H0,E3,Q969H0,Q9Y5Y9,FBXW7,SCN10A,0,4,0,0.001613056636415422,neural_pair_scorer_resmlp_focal,focal
E3|Q969H0|P31937,E3|Q969H0,E3,Q969H0,P31937,FBXW7,HIBADH,0,4,0,0.05113614350557327,neural_pair_scorer_resmlp_focal,focal
E3|Q969H0|P04843,E3|Q969H0,E3,Q969H0,P04843,FBXW7,RPN1,0,4,0,0.0023564682342112064,neural_pair_scorer_resmlp_focal,focal
E3|Q969H0|O60858,E3|Q969H0,E3,Q969H0,O60858,FBXW7,TRIM13,0,4,0,0.0036963580641895533,neural_pair_scorer_resmlp_focal,focal
E3|Q969H0|O60883,E3|Q969H0,E3,Q969H0,O60883,FBXW7,GPR37L1,0,4,0,0.0037144983652979136,neural_pair_scorer_resmlp_focal,focal
E3|Q969H0|P41595,E3|Q969H0,E3,Q969H0,P41595,FBXW7,HTR2B,0,4,0,0.002261246321722865,neural_pair_scorer_resmlp_focal,focal
E3|Q969H0|Q9NRC1,E3|Q969H0,E3,Q969H0,Q9NRC1,FBXW7,ST7,0,4,0,0.01361523661762476,neural_pair_scorer_resmlp_focal,focal
E3|Q969H0|P43003,E3|Q969H0,E3,Q969H0,P43003,FBXW7,SLC1A3,0,4,0,0.0016692007193341851,neural_pair_scorer_resmlp_focal,focal
E3|Q969P5|P29322,E3|Q969P5,E3,Q969P5,P29322,FBXO32,EPHA8,0,4,0,0.006107754074037075,neural_pair_scorer_resmlp_focal,focal
E3|Q969P5|Q96BF3,E3|Q969P5,E3,Q969P5,Q96BF3,FBXO32,TMIGD2,0,4,0,0.0021933913230895996,neural_pair_scorer_resmlp_focal,focal
E3|Q969P5|Q9P0P0,E3|Q969P5,E3,Q969P5,Q9P0P0,FBXO32,RNF181,0,4,0,0.00394962914288044,neural_pair_scorer_resmlp_focal,focal
E3|Q969P5|Q93070,E3|Q969P5,E3,Q969P5,Q93070,FBXO32,ART4,0,4,0,0.0016608465230092406,neural_pair_scorer_resmlp_focal,focal
E3|Q969P5|P78380,E3|Q969P5,E3,Q969P5,P78380,FBXO32,OLR1,0,4,0,0.0019176459172740579,neural_pair_scorer_resmlp_focal,focal
E3|Q969P5|Q9Y3D6,E3|Q969P5,E3,Q969P5,Q9Y3D6,FBXO32,FIS1,0,4,0,0.00490267388522625,neural_pair_scorer_resmlp_focal,focal
E3|Q969P5|Q16875,E3|Q969P5,E3,Q969P5,Q16875,FBXO32,PFKFB3,0,4,0,0.8092383742332458,neural_pair_scorer_resmlp_focal,focal
E3|Q96A61|P51451,E3|Q96A61,E3,Q96A61,P51451,TRIM52,BLK,0,4,0,0.9924179315567017,neural_pair_scorer_resmlp_focal,focal
E3|Q96A61|Q12913,E3|Q96A61,E3,Q96A61,Q12913,TRIM52,PTPRJ,0,4,0,0.8589131832122803,neural_pair_scorer_resmlp_focal,focal
E3|Q96A61|Q96BF3,E3|Q96A61,E3,Q96A61,Q96BF3,TRIM52,TMIGD2,0,4,0,0.10795079916715622,neural_pair_scorer_resmlp_focal,focal
E3|Q96A61|P35613,E3|Q96A61,E3,Q96A61,P35613,TRIM52,BSG,0,4,0,0.3832350969314575,neural_pair_scorer_resmlp_focal,focal
E3|Q96AX9|P25116,E3|Q96AX9,E3,Q96AX9,P25116,MIB2,F2R,0,4,0,0.003763103624805808,neural_pair_scorer_resmlp_focal,focal
E3|Q96AX9|Q9NTG7,E3|Q96AX9,E3,Q96AX9,Q9NTG7,MIB2,SIRT3,0,4,0,0.010671543888747692,neural_pair_scorer_resmlp_focal,focal
E3|Q96AX9|O75909,E3|Q96AX9,E3,Q96AX9,O75909,MIB2,CCNK,0,4,0,0.005781389307230711,neural_pair_scorer_resmlp_focal,focal
E3|Q96AX9|O75525,E3|Q96AX9,E3,Q96AX9,O75525,MIB2,KHDRBS3,0,4,0,0.007877756841480732,neural_pair_scorer_resmlp_focal,focal
E3|Q96AX9|Q15742,E3|Q96AX9,E3,Q96AX9,Q15742,MIB2,NAB2,0,4,0,0.7514663934707642,neural_pair_scorer_resmlp_focal,focal
E3|Q96AX9|P60002,E3|Q96AX9,E3,Q96AX9,P60002,MIB2,ELOF1,0,4,0,0.003193191485479474,neural_pair_scorer_resmlp_focal,focal
E3|Q96AX9|O14763,E3|Q96AX9,E3,Q96AX9,O14763,MIB2,TNFRSF10B,0,4,0,0.8577796220779419,neural_pair_scorer_resmlp_focal,focal
E3|Q96AX9|P05412,E3|Q96AX9,E3,Q96AX9,P05412,MIB2,JUN,0,4,0,0.7671769261360168,neural_pair_scorer_resmlp_focal,focal
E3|Q96AX9|Q01826,E3|Q96AX9,E3,Q96AX9,Q01826,MIB2,SATB1,0,4,0,0.8161726593971252,neural_pair_scorer_resmlp_focal,focal
E3|Q96AX9|P40305,E3|Q96AX9,E3,Q96AX9,P40305,MIB2,IFI27,0,4,0,0.024228546768426895,neural_pair_scorer_resmlp_focal,focal
E3|Q96CS3|O43541,E3|Q96CS3,E3,Q96CS3,O43541,FAF2,SMAD6,0,4,0,0.9967759251594543,neural_pair_scorer_resmlp_focal,focal
E3|Q96EP0|Q9UNK0,E3|Q96EP0,E3,Q96EP0,Q9UNK0,RNF31,STX8,0,4,0,0.0028660243842750788,neural_pair_scorer_resmlp_focal,focal
E3|Q96EP0|Q01826,E3|Q96EP0,E3,Q96EP0,Q01826,RNF31,SATB1,0,4,0,0.005120443645864725,neural_pair_scorer_resmlp_focal,focal
E3|Q96EP0|P37173,E3|Q96EP0,E3,Q96EP0,P37173,RNF31,TGFBR2,0,4,0,0.0344536192715168,neural_pair_scorer_resmlp_focal,focal
E3|Q96EP0|Q9ULJ7,E3|Q96EP0,E3,Q96EP0,Q9ULJ7,RNF31,ANKRD50,0,4,0,0.0016912095015868545,neural_pair_scorer_resmlp_focal,focal
E3|Q96EP0|P54098,E3|Q96EP0,E3,Q96EP0,P54098,RNF31,POLG,0,4,0,0.007710407953709364,neural_pair_scorer_resmlp_focal,focal
E3|Q96F44|P0C209,E3|Q96F44,E3,Q96F44,P0C209,TRIM11,gag,0,4,0,0.011804117821156979,neural_pair_scorer_resmlp_focal,focal
E3|Q96F44|P02647,E3|Q96F44,E3,Q96F44,P02647,TRIM11,APOA1,0,4,0,0.9952754974365234,neural_pair_scorer_resmlp_focal,focal
E3|Q96F44|Q2F514,E3|Q96F44,E3,Q96F44,Q2F514,TRIM11,X,0,4,0,0.0224282406270504,neural_pair_scorer_resmlp_focal,focal
E3|Q96F44|Q9UNK0,E3|Q96F44,E3,Q96F44,Q9UNK0,TRIM11,STX8,0,4,0,0.22829315066337585,neural_pair_scorer_resmlp_focal,focal
E3|Q96ME1|O43175,E3|Q96ME1,E3,Q96ME1,O43175,FBXL18,PHGDH,0,4,0,0.9160858988761902,neural_pair_scorer_resmlp_focal,focal
E3|Q96ME1|Q9Y5X1,E3|Q96ME1,E3,Q96ME1,Q9Y5X1,FBXL18,SNX9,0,4,0,0.9930243492126465,neural_pair_scorer_resmlp_focal,focal
E3|Q96PU5|O00482,E3|Q96PU5,E3,Q96PU5,O00482,NEDD4L,NR5A2,0,4,0,0.9968799352645874,neural_pair_scorer_resmlp_focal,focal
E3|Q96PU5|Q96A32,E3|Q96PU5,E3,Q96PU5,Q96A32,NEDD4L,MYLPF,0,4,0,0.005678053945302963,neural_pair_scorer_resmlp_focal,focal
E3|Q96PU5|P31994,E3|Q96PU5,E3,Q96PU5,P31994,NEDD4L,FCGR2B,0,4,0,0.7774456739425659,neural_pair_scorer_resmlp_focal,focal
E3|Q96PU5|Q86TM6,E3|Q96PU5,E3,Q96PU5,Q86TM6,NEDD4L,SYVN1,0,4,0,0.9823556542396545,neural_pair_scorer_resmlp_focal,focal
E3|Q96PU5|Q12981,E3|Q96PU5,E3,Q96PU5,Q12981,NEDD4L,BNIP1,0,4,0,0.9542772769927979,neural_pair_scorer_resmlp_focal,focal
E3|Q96PU5|P23919,E3|Q96PU5,E3,Q96PU5,P23919,NEDD4L,DTYMK,0,4,0,0.0032435469329357147,neural_pair_scorer_resmlp_focal,focal
E3|Q96PU5|P02765,E3|Q96PU5,E3,Q96PU5,P02765,NEDD4L,AHSG,0,4,0,0.0042461492121219635,neural_pair_scorer_resmlp_focal,focal
E3|Q96PU5|Q13564,E3|Q96PU5,E3,Q96PU5,Q13564,NEDD4L,NAE1,0,4,0,0.9734858274459839,neural_pair_scorer_resmlp_focal,focal
E3|Q96PU5|Q96GM5,E3|Q96PU5,E3,Q96PU5,Q96GM5,NEDD4L,SMARCD1,0,4,0,0.017218826338648796,neural_pair_scorer_resmlp_focal,focal
E3|Q96PU5|Q9Y5A6,E3|Q96PU5,E3,Q96PU5,Q9Y5A6,NEDD4L,ZSCAN21,0,4,0,0.9417138695716858,neural_pair_scorer_resmlp_focal,focal
E3|Q96PU5|Q04912,E3|Q96PU5,E3,Q96PU5,Q04912,NEDD4L,MST1R,0,4,0,0.05899784341454506,neural_pair_scorer_resmlp_focal,focal
E3|Q96PU5|P07333,E3|Q96PU5,E3,Q96PU5,P07333,NEDD4L,CSF1R,0,4,0,0.9911971092224121,neural_pair_scorer_resmlp_focal,focal
E3|Q96PU5|Q9Y3Z3,E3|Q96PU5,E3,Q96PU5,Q9Y3Z3,NEDD4L,SAMHD1,0,4,0,0.5089136362075806,neural_pair_scorer_resmlp_focal,focal
E3|Q96PU5|P23025,E3|Q96PU5,E3,Q96PU5,P23025,NEDD4L,XPA,0,4,0,0.0043410854414105415,neural_pair_scorer_resmlp_focal,focal
E3|Q96PU5|Q8WW12,E3|Q96PU5,E3,Q96PU5,Q8WW12,NEDD4L,PCNP,0,4,0,0.7940141558647156,neural_pair_scorer_resmlp_focal,focal
E3|Q96PU5|Q9NP71,E3|Q96PU5,E3,Q96PU5,Q9NP71,NEDD4L,MLXIPL,0,4,0,0.9969332218170166,neural_pair_scorer_resmlp_focal,focal
E3|Q96PU5|P04179,E3|Q96PU5,E3,Q96PU5,P04179,NEDD4L,SOD2,0,4,0,0.005535035859793425,neural_pair_scorer_resmlp_focal,focal
E3|Q96PU5|P16070,E3|Q96PU5,E3,Q96PU5,P16070,NEDD4L,CD44,0,4,0,0.9270492196083069,neural_pair_scorer_resmlp_focal,focal
E3|Q96PU5|Q5VTR2,E3|Q96PU5,E3,Q96PU5,Q5VTR2,NEDD4L,RNF20,0,4,0,0.03256133571267128,neural_pair_scorer_resmlp_focal,focal
E3|Q96PU5|Q08117,E3|Q96PU5,E3,Q96PU5,Q08117,NEDD4L,TLE5,0,4,0,0.9966647028923035,neural_pair_scorer_resmlp_focal,focal
E3|Q96PU5|Q9UQK1,E3|Q96PU5,E3,Q96PU5,Q9UQK1,NEDD4L,PPP1R3C,0,4,0,0.0038308764342218637,neural_pair_scorer_resmlp_focal,focal
E3|Q96PU5|P04439,E3|Q96PU5,E3,Q96PU5,P04439,NEDD4L,HLA-A,0,4,0,0.9645651578903198,neural_pair_scorer_resmlp_focal,focal
E3|Q96PU5|Q7L7L0,E3|Q96PU5,E3,Q96PU5,Q7L7L0,NEDD4L,H2AW,0,4,0,0.006295489147305489,neural_pair_scorer_resmlp_focal,focal
E3|Q96PU5|P35548,E3|Q96PU5,E3,Q96PU5,P35548,NEDD4L,MSX2,0,4,0,0.9401695132255554,neural_pair_scorer_resmlp_focal,focal
E3|Q96PU5|Q9NQR1,E3|Q96PU5,E3,Q96PU5,Q9NQR1,NEDD4L,KMT5A,0,4,0,0.007551067508757114,neural_pair_scorer_resmlp_focal,focal
E3|Q96PU5|Q8WVD3,E3|Q96PU5,E3,Q96PU5,Q8WVD3,NEDD4L,RNF138,0,4,0,0.074259914457798,neural_pair_scorer_resmlp_focal,focal
E3|Q96PU5|P32314,E3|Q96PU5,E3,Q96PU5,P32314,NEDD4L,FOXN2,0,4,0,0.739183783531189,neural_pair_scorer_resmlp_focal,focal
E3|Q96PU5|P30307,E3|Q96PU5,E3,Q96PU5,P30307,NEDD4L,CDC25C,0,4,0,0.004101183265447617,neural_pair_scorer_resmlp_focal,focal
E3|Q96PU5|P16401,E3|Q96PU5,E3,Q96PU5,P16401,NEDD4L,H1-5,0,4,0,0.6708099246025085,neural_pair_scorer_resmlp_focal,focal
E3|Q96PU5|P19634,E3|Q96PU5,E3,Q96PU5,P19634,NEDD4L,SLC9A1,0,4,0,0.1858799159526825,neural_pair_scorer_resmlp_focal,focal
E3|Q96PU5|P49116,E3|Q96PU5,E3,Q96PU5,P49116,NEDD4L,NR2C2,0,4,0,0.995776891708374,neural_pair_scorer_resmlp_focal,focal
E3|Q96PU5|P0DP91,E3|Q96PU5,E3,Q96PU5,P0DP91,NEDD4L,ERCC6,0,4,0,0.19497749209403992,neural_pair_scorer_resmlp_focal,focal
E3|Q96PU5|Q9Y6D0,E3|Q96PU5,E3,Q96PU5,Q9Y6D0,NEDD4L,SELENOK,0,4,0,0.8859522342681885,neural_pair_scorer_resmlp_focal,focal
E3|Q96PU5|Q16875,E3|Q96PU5,E3,Q96PU5,Q16875,NEDD4L,PFKFB3,0,4,0,0.005111756734549999,neural_pair_scorer_resmlp_focal,focal
E3|Q96PU5|Q9UBZ9,E3|Q96PU5,E3,Q96PU5,Q9UBZ9,NEDD4L,REV1,0,4,0,0.003984012175351381,neural_pair_scorer_resmlp_focal,focal
E3|Q96PU5|P21359,E3|Q96PU5,E3,Q96PU5,P21359,NEDD4L,NF1,0,4,0,0.04562831670045853,neural_pair_scorer_resmlp_focal,focal
E3|Q96PU5|Q96EP1,E3|Q96PU5,E3,Q96PU5,Q96EP1,NEDD4L,CHFR,0,4,0,0.1149933710694313,neural_pair_scorer_resmlp_focal,focal
E3|Q96PU5|P06127,E3|Q96PU5,E3,Q96PU5,P06127,NEDD4L,CD5,0,4,0,0.05015973001718521,neural_pair_scorer_resmlp_focal,focal
E3|Q96PU5|Q9Y5M8,E3|Q96PU5,E3,Q96PU5,Q9Y5M8,NEDD4L,SRPRB,0,4,0,0.0974760428071022,neural_pair_scorer_resmlp_focal,focal
E3|Q96PU5|Q15672,E3|Q96PU5,E3,Q96PU5,Q15672,NEDD4L,TWIST1,0,4,0,0.0076631540432572365,neural_pair_scorer_resmlp_focal,focal
E3|Q96PU5|P0C0S5,E3|Q96PU5,E3,Q96PU5,P0C0S5,NEDD4L,H2AZ1,0,4,0,0.004768007900565863,neural_pair_scorer_resmlp_focal,focal
E3|Q96PU5|O95502,E3|Q96PU5,E3,Q96PU5,O95502,NEDD4L,NPTXR,0,4,0,0.013103265315294266,neural_pair_scorer_resmlp_focal,focal
E3|Q96PU5|Q9UKL4,E3|Q96PU5,E3,Q96PU5,Q9UKL4,NEDD4L,GJD2,0,4,0,0.9945815205574036,neural_pair_scorer_resmlp_focal,focal
E3|Q96PU5|Q9P0M6,E3|Q96PU5,E3,Q96PU5,Q9P0M6,NEDD4L,MACROH2A2,0,4,0,0.9539581537246704,neural_pair_scorer_resmlp_focal,focal
E3|Q96PU5|Q15726,E3|Q96PU5,E3,Q96PU5,Q15726,NEDD4L,KISS1,0,4,0,0.986262321472168,neural_pair_scorer_resmlp_focal,focal
E3|Q96PU5|Q96FA3,E3|Q96PU5,E3,Q96PU5,Q96FA3,NEDD4L,PELI1,0,4,0,0.9055931568145752,neural_pair_scorer_resmlp_focal,focal
E3|Q96PU5|Q08050,E3|Q96PU5,E3,Q96PU5,Q08050,NEDD4L,FOXM1,0,4,0,0.8044402003288269,neural_pair_scorer_resmlp_focal,focal
E3|Q96PU5|P22304,E3|Q96PU5,E3,Q96PU5,P22304,NEDD4L,IDS,0,4,0,0.7987654209136963,neural_pair_scorer_resmlp_focal,focal
E3|Q96PU5|O14867,E3|Q96PU5,E3,Q96PU5,O14867,NEDD4L,BACH1,0,4,0,0.00495118647813797,neural_pair_scorer_resmlp_focal,focal
E3|Q96PU5|Q8N519,E3|Q96PU5,E3,Q96PU5,Q8N519,NEDD4L,,0,4,0,0.02629566378891468,neural_pair_scorer_resmlp_focal,focal
E3|Q96PU5|P49675,E3|Q96PU5,E3,Q96PU5,P49675,NEDD4L,STAR,0,4,0,0.3914929926395416,neural_pair_scorer_resmlp_focal,focal
E3|Q96PU5|Q9Y253,E3|Q96PU5,E3,Q96PU5,Q9Y253,NEDD4L,POLH,0,4,0,0.2500942349433899,neural_pair_scorer_resmlp_focal,focal
E3|Q96PU5|Q9NQB0,E3|Q96PU5,E3,Q96PU5,Q9NQB0,NEDD4L,TCF7L2,0,4,0,0.9920582175254822,neural_pair_scorer_resmlp_focal,focal
E3|Q96PU5|O75525,E3|Q96PU5,E3,Q96PU5,O75525,NEDD4L,KHDRBS3,0,4,0,0.9909244179725647,neural_pair_scorer_resmlp_focal,focal
E3|Q96PU5|P55211,E3|Q96PU5,E3,Q96PU5,P55211,NEDD4L,CASP9,0,4,0,0.0028413243126124144,neural_pair_scorer_resmlp_focal,focal
E3|Q96PU5|Q70CQ3,E3|Q96PU5,E3,Q96PU5,Q70CQ3,NEDD4L,USP30,0,4,0,0.19263342022895813,neural_pair_scorer_resmlp_focal,focal
E3|Q96PU5|Q9P055,E3|Q96PU5,E3,Q96PU5,Q9P055,NEDD4L,JKAMP,0,4,0,0.7391740083694458,neural_pair_scorer_resmlp_focal,focal
E3|Q96PU5|Q5MJ70,E3|Q96PU5,E3,Q96PU5,Q5MJ70,NEDD4L,SPDYA,0,4,0,0.005122914910316467,neural_pair_scorer_resmlp_focal,focal
E3|Q96Q27|P13761,E3|Q96Q27,E3,Q96Q27,P13761,ASB2,HLA-DRB1,0,4,0,0.012687083333730698,neural_pair_scorer_resmlp_focal,focal
E3|Q96Q27|O00763,E3|Q96Q27,E3,Q96Q27,O00763,ASB2,ACACB,0,4,0,0.03127520531415939,neural_pair_scorer_resmlp_focal,focal
E3|Q9BR09|Q92466,E3|Q9BR09,E3,Q9BR09,Q92466,NEURL2,DDB2,0,4,0,0.003548900131136179,neural_pair_scorer_resmlp_focal,focal
E3|Q9BR09|Q96NT3,E3|Q9BR09,E3,Q9BR09,Q96NT3,NEURL2,GUCD1,0,4,0,0.009219417348504066,neural_pair_scorer_resmlp_focal,focal
E3|Q9BY78|P01106,E3|Q9BY78,E3,Q9BY78,P01106,RNF26,MYC,0,4,0,0.014777136035263538,neural_pair_scorer_resmlp_focal,focal
E3|Q9BY78|P30291,E3|Q9BY78,E3,Q9BY78,P30291,RNF26,WEE1,0,4,0,0.004174168687313795,neural_pair_scorer_resmlp_focal,focal
E3|Q9BY78|Q99848,E3|Q9BY78,E3,Q9BY78,Q99848,RNF26,EBNA1BP2,0,4,0,0.01018477976322174,neural_pair_scorer_resmlp_focal,focal
E3|Q9BY78|Q9BVN2,E3|Q9BY78,E3,Q9BY78,Q9BVN2,RNF26,RUSC1,0,4,0,0.8421941995620728,neural_pair_scorer_resmlp_focal,focal
E3|Q9BY78|Q9NWT6,E3|Q9BY78,E3,Q9BY78,Q9NWT6,RNF26,HIF1AN,0,4,0,0.9973486661911011,neural_pair_scorer_resmlp_focal,focal
E3|Q9BY78|Q9UJU2,E3|Q9BY78,E3,Q9BY78,Q9UJU2,RNF26,LEF1,0,4,0,0.0034000808373093605,neural_pair_scorer_resmlp_focal,focal
E3|Q9BY78|Q15653,E3|Q9BY78,E3,Q9BY78,Q15653,RNF26,NFKBIB,0,4,0,0.6393222212791443,neural_pair_scorer_resmlp_focal,focal
E3|Q9BZY9|Q99814,E3|Q9BZY9,E3,Q9BZY9,Q99814,TRIM31,EPAS1,0,4,0,0.9974896907806396,neural_pair_scorer_resmlp_focal,focal
E3|Q9BZY9|P61371,E3|Q9BZY9,E3,Q9BZY9,P61371,TRIM31,ISL1,0,4,0,0.9832942485809326,neural_pair_scorer_resmlp_focal,focal
E3|Q9H0F5|Q9C0E8,E3|Q9H0F5,E3,Q9H0F5,Q9C0E8,RNF38,LNPK,0,4,0,0.45748889446258545,neural_pair_scorer_resmlp_focal,focal
E3|Q9H0F5|P08247,E3|Q9H0F5,E3,Q9H0F5,P08247,RNF38,SYP,0,4,0,0.9914559721946716,neural_pair_scorer_resmlp_focal,focal
E3|Q9H3F6|Q8WUM4,E3|Q9H3F6,E3,Q9H3F6,Q8WUM4,KCTD10,PDCD6IP,0,4,0,0.9839819073677063,neural_pair_scorer_resmlp_focal,focal
E3|Q9H3F6|Q8N0X7,E3|Q9H3F6,E3,Q9H3F6,Q8N0X7,KCTD10,SPART,0,4,0,0.005417377222329378,neural_pair_scorer_resmlp_focal,focal
E3|Q9H3F6|Q99963,E3|Q9H3F6,E3,Q9H3F6,Q99963,KCTD10,SH3GL3,0,4,0,0.9983623623847961,neural_pair_scorer_resmlp_focal,focal
E3|Q9H6Y7|P19237,E3|Q9H6Y7,E3,Q9H6Y7,P19237,RNF167,TNNI1,0,4,0,0.02457541786134243,neural_pair_scorer_resmlp_focal,focal
E3|Q9H6Y7|Q96QS3,E3|Q9H6Y7,E3,Q9H6Y7,Q96QS3,RNF167,ARX,0,4,0,0.0037320409901440144,neural_pair_scorer_resmlp_focal,focal
E3|Q9H6Y7|Q12824,E3|Q9H6Y7,E3,Q9H6Y7,Q12824,RNF167,SMARCB1,0,4,0,0.9957755208015442,neural_pair_scorer_resmlp_focal,focal
E3|Q9H765|P01912,E3|Q9H765,E3,Q9H765,P01912,ASB8,HLA-DRB1,0,4,0,0.008194157853722572,neural_pair_scorer_resmlp_focal,focal
E3|Q9H765|Q14149,E3|Q9H765,E3,Q9H765,Q14149,ASB8,MORC3,0,4,0,0.976876437664032,neural_pair_scorer_resmlp_focal,focal
E3|Q9HAU4|A8MYT4,E3|Q9HAU4,E3,Q9HAU4,A8MYT4,SMURF2,PIK3C3,0,4,0,0.986664891242981,neural_pair_scorer_resmlp_focal,focal
E3|Q9HAU4|O00418,E3|Q9HAU4,E3,Q9HAU4,O00418,SMURF2,EEF2K,0,4,0,0.005010716617107391,neural_pair_scorer_resmlp_focal,focal
E3|Q9HAU4|O60240,E3|Q9HAU4,E3,Q9HAU4,O60240,SMURF2,PLIN1,0,4,0,0.9923991560935974,neural_pair_scorer_resmlp_focal,focal
E3|Q9HAU4|O00330,E3|Q9HAU4,E3,Q9HAU4,O00330,SMURF2,PDHX,0,4,0,0.02597281150519848,neural_pair_scorer_resmlp_focal,focal
E3|Q9HAU4|Q16875,E3|Q9HAU4,E3,Q9HAU4,Q16875,SMURF2,PFKFB3,0,4,0,0.007438754662871361,neural_pair_scorer_resmlp_focal,focal
E3|Q9HAU4|O76013,E3|Q9HAU4,E3,Q9HAU4,O76013,SMURF2,KRT36,0,4,0,0.9529293179512024,neural_pair_scorer_resmlp_focal,focal
E3|Q9HAU4|P19174,E3|Q9HAU4,E3,Q9HAU4,P19174,SMURF2,PLCG1,0,4,0,0.9923834204673767,neural_pair_scorer_resmlp_focal,focal
E3|Q9HAU4|Q96A32,E3|Q9HAU4,E3,Q9HAU4,Q96A32,SMURF2,MYLPF,0,4,0,0.004035297781229019,neural_pair_scorer_resmlp_focal,focal
E3|Q9NRM6|O15524,E3|Q9NRM6,E3,Q9NRM6,O15524,IL17RB,SOCS1,0,4,0,0.9923610091209412,neural_pair_scorer_resmlp_focal,focal
E3|Q9NXF7|P62253,E3|Q9NXF7,E3,Q9NXF7,P62253,DCAF16,UBE2G1,0,4,0,0.007151057943701744,neural_pair_scorer_resmlp_focal,focal
E3|Q9NXF7|Q86XT4,E3|Q9NXF7,E3,Q9NXF7,Q86XT4,DCAF16,TRIM50,0,4,0,0.0016806503990665078,neural_pair_scorer_resmlp_focal,focal
E3|Q9NXK8|P19838,E3|Q9NXK8,E3,Q9NXK8,P19838,FBXL12,NFKB1,0,4,0,0.9983044862747192,neural_pair_scorer_resmlp_focal,focal
E3|Q9NXK8|P48048,E3|Q9NXK8,E3,Q9NXK8,P48048,FBXL12,KCNJ1,0,4,0,0.020845213904976845,neural_pair_scorer_resmlp_focal,focal
E3|Q9NXK8|Q9BRJ7,E3|Q9NXK8,E3,Q9NXK8,Q9BRJ7,FBXL12,NUDT16L1,0,4,0,0.9982275366783142,neural_pair_scorer_resmlp_focal,focal
E3|Q9NXK8|O15399,E3|Q9NXK8,E3,Q9NXK8,O15399,FBXL12,GRIN2D,0,4,0,0.30822986364364624,neural_pair_scorer_resmlp_focal,focal
E3|Q9NXK8|Q99714,E3|Q9NXK8,E3,Q9NXK8,Q99714,FBXL12,PTPN5,0,4,0,0.9057943820953369,neural_pair_scorer_resmlp_focal,focal
E3|Q9NXK8|P26038,E3|Q9NXK8,E3,Q9NXK8,P26038,FBXL12,MSN,0,4,0,0.9976997971534729,neural_pair_scorer_resmlp_focal,focal
E3|Q9NXK8|P78543,E3|Q9NXK8,E3,Q9NXK8,P78543,FBXL12,BTG2,0,4,0,0.9963638186454773,neural_pair_scorer_resmlp_focal,focal
E3|Q9NXK8|P41212,E3|Q9NXK8,E3,Q9NXK8,P41212,FBXL12,ETV6,0,4,0,0.07100322842597961,neural_pair_scorer_resmlp_focal,focal
E3|Q9NXK8|Q9Y5Y9,E3|Q9NXK8,E3,Q9NXK8,Q9Y5Y9,FBXL12,SCN10A,0,4,0,0.001361144008114934,neural_pair_scorer_resmlp_focal,focal
E3|Q9NXK8|Q70SY1,E3|Q9NXK8,E3,Q9NXK8,Q70SY1,FBXL12,CREB3L2,0,4,0,0.9320584535598755,neural_pair_scorer_resmlp_focal,focal
E3|Q9NYG5|O75882,E3|Q9NYG5,E3,Q9NYG5,O75882,ANAPC11,ATRN,0,4,0,0.716162383556366,neural_pair_scorer_resmlp_focal,focal
E3|Q9P0P0|O43602,E3|Q9P0P0,E3,Q9P0P0,O43602,RNF181,DCX,0,4,0,0.9879293441772461,neural_pair_scorer_resmlp_focal,focal
E3|Q9P0P0|O94953,E3|Q9P0P0,E3,Q9P0P0,O94953,RNF181,KDM4B,0,4,0,0.03796350955963135,neural_pair_scorer_resmlp_focal,focal
E3|Q9P0P0|O75376,E3|Q9P0P0,E3,Q9P0P0,O75376,RNF181,NCOR1,0,4,0,0.004043546970933676,neural_pair_scorer_resmlp_focal,focal
E3|Q9P0P0|Q9Y6J0,E3|Q9P0P0,E3,Q9P0P0,Q9Y6J0,RNF181,CABIN1,0,4,0,0.16802935302257538,neural_pair_scorer_resmlp_focal,focal
E3|Q9P0P0|P01100,E3|Q9P0P0,E3,Q9P0P0,P01100,RNF181,FOS,0,4,0,0.9961513876914978,neural_pair_scorer_resmlp_focal,focal
E3|Q9P0P0|Q9H5V8,E3|Q9P0P0,E3,Q9P0P0,Q9H5V8,RNF181,CDCP1,0,4,0,0.9913995265960693,neural_pair_scorer_resmlp_focal,focal
E3|Q9P253|P26927,E3|Q9P253,E3,Q9P253,P26927,VPS18,MST1,0,4,0,0.0040108151733875275,neural_pair_scorer_resmlp_focal,focal
E3|Q9P2P5|Q6ZTN6,E3|Q9P2P5,E3,Q9P2P5,Q6ZTN6,HECW2,ANKRD13D,0,4,0,0.9882181286811829,neural_pair_scorer_resmlp_focal,focal
E3|Q9P2P5|P60903,E3|Q9P2P5,E3,Q9P2P5,P60903,HECW2,S100A10,0,4,0,0.001929902471601963,neural_pair_scorer_resmlp_focal,focal
E3|Q9P2P5|Q86WB0,E3|Q9P2P5,E3,Q9P2P5,Q86WB0,HECW2,ZC3HC1,0,4,0,0.9977169036865234,neural_pair_scorer_resmlp_focal,focal
E3|Q9UBN7|Q01638,E3|Q9UBN7,E3,Q9UBN7,Q01638,HDAC6,IL1RL1,0,4,0,0.00958339311182499,neural_pair_scorer_resmlp_focal,focal
E3|Q9UK96|Q15303,E3|Q9UK96,E3,Q9UK96,Q15303,FBXO10,ERBB4,0,4,0,0.9788819551467896,neural_pair_scorer_resmlp_focal,focal
E3|Q9UKA1|P06576,E3|Q9UKA1,E3,Q9UKA1,P06576,FBXL5,ATP5F1B,0,4,0,0.002535104053094983,neural_pair_scorer_resmlp_focal,focal
E3|Q9UKA1|P08648,E3|Q9UKA1,E3,Q9UKA1,P08648,FBXL5,ITGA5,0,4,0,0.0020373594015836716,neural_pair_scorer_resmlp_focal,focal
E3|Q9UKA1|P98155,E3|Q9UKA1,E3,Q9UKA1,P98155,FBXL5,VLDLR,0,4,0,0.0019939930643886328,neural_pair_scorer_resmlp_focal,focal
E3|Q9UKA1|Q9GIY3,E3|Q9UKA1,E3,Q9UKA1,Q9GIY3,FBXL5,HLA-DRB1,0,4,0,0.006036007311195135,neural_pair_scorer_resmlp_focal,focal
E3|Q9UKA1|Q01151,E3|Q9UKA1,E3,Q9UKA1,Q01151,FBXL5,CD83,0,4,0,0.005832471419125795,neural_pair_scorer_resmlp_focal,focal
E3|Q9UKT5|Q71F56,E3|Q9UKT5,E3,Q9UKT5,Q71F56,FBXO4,MED13L,0,4,0,0.0036923440638929605,neural_pair_scorer_resmlp_focal,focal
E3|Q9UKT5|O14543,E3|Q9UKT5,E3,Q9UKT5,O14543,FBXO4,SOCS3,0,4,0,0.0028848007787019014,neural_pair_scorer_resmlp_focal,focal
E3|Q9UKT5|P49281,E3|Q9UKT5,E3,Q9UKT5,P49281,FBXO4,SLC11A2,0,4,0,0.01024902705103159,neural_pair_scorer_resmlp_focal,focal
E3|Q9UKT5|P29475,E3|Q9UKT5,E3,Q9UKT5,P29475,FBXO4,NOS1,0,4,0,0.04308577626943588,neural_pair_scorer_resmlp_focal,focal
E3|Q9UKV5|Q9NYB9,E3|Q9UKV5,E3,Q9UKV5,Q9NYB9,AMFR,ABI2,0,4,0,0.003836486954241991,neural_pair_scorer_resmlp_focal,focal
E3|Q9UKV5|P19784,E3|Q9UKV5,E3,Q9UKV5,P19784,AMFR,CSNK2A2,0,4,0,0.98988276720047,neural_pair_scorer_resmlp_focal,focal
E3|Q9UKV5|P35573,E3|Q9UKV5,E3,Q9UKV5,P35573,AMFR,AGL,0,4,0,0.9890820980072021,neural_pair_scorer_resmlp_focal,focal
E3|Q9UKV5|Q15911,E3|Q9UKV5,E3,Q9UKV5,Q15911,AMFR,ZFHX3,0,4,0,0.0018828032771125436,neural_pair_scorer_resmlp_focal,focal
E3|Q9UKV5|Q86YC2,E3|Q9UKV5,E3,Q9UKV5,Q86YC2,AMFR,PALB2,0,4,0,0.0026392831932753325,neural_pair_scorer_resmlp_focal,focal
E3|Q9UKV5|P04198,E3|Q9UKV5,E3,Q9UKV5,P04198,AMFR,MYCN,0,4,0,0.002619058359414339,neural_pair_scorer_resmlp_focal,focal
E3|Q9UKV5|O75376,E3|Q9UKV5,E3,Q9UKV5,O75376,AMFR,NCOR1,0,4,0,0.0017616759287193418,neural_pair_scorer_resmlp_focal,focal
E3|Q9UKV5|Q9UBN7,E3|Q9UKV5,E3,Q9UKV5,Q9UBN7,AMFR,HDAC6,0,4,0,0.010607587173581123,neural_pair_scorer_resmlp_focal,focal
E3|Q9UKV5|Q15726,E3|Q9UKV5,E3,Q9UKV5,Q15726,AMFR,KISS1,0,4,0,0.004716331604868174,neural_pair_scorer_resmlp_focal,focal
E3|Q9UKV5|Q13547,E3|Q9UKV5,E3,Q9UKV5,Q13547,AMFR,HDAC1,0,4,0,0.9828448295593262,neural_pair_scorer_resmlp_focal,focal
E3|Q9UKV5|P0DP91,E3|Q9UKV5,E3,Q9UKV5,P0DP91,AMFR,ERCC6,0,4,0,0.002926056971773505,neural_pair_scorer_resmlp_focal,focal
E3|Q9UKV5|Q9BSL1,E3|Q9UKV5,E3,Q9UKV5,Q9BSL1,AMFR,UBAC1,0,4,0,0.9928245544433594,neural_pair_scorer_resmlp_focal,focal
E3|Q9UKV5|Q9P219,E3|Q9UKV5,E3,Q9UKV5,Q9P219,AMFR,CCDC88C,0,4,0,0.01018980797380209,neural_pair_scorer_resmlp_focal,focal
E3|Q9UKV5|Q96C92,E3|Q9UKV5,E3,Q9UKV5,Q96C92,AMFR,ENTR1,0,4,0,0.04325277730822563,neural_pair_scorer_resmlp_focal,focal
E3|Q9UKV5|O94782,E3|Q9UKV5,E3,Q9UKV5,O94782,AMFR,USP1,0,4,0,0.0029976603109389544,neural_pair_scorer_resmlp_focal,focal
E3|Q9UKV5|P11686,E3|Q9UKV5,E3,Q9UKV5,P11686,AMFR,SFTPC,0,4,0,0.13156691193580627,neural_pair_scorer_resmlp_focal,focal
E3|Q9UKV5|Q8NFZ0,E3|Q9UKV5,E3,Q9UKV5,Q8NFZ0,AMFR,FBXO18,0,4,0,0.02488788589835167,neural_pair_scorer_resmlp_focal,focal
E3|Q9UKV5|O15379,E3|Q9UKV5,E3,Q9UKV5,O15379,AMFR,HDAC3,0,4,0,0.6148044466972351,neural_pair_scorer_resmlp_focal,focal
E3|Q9UKV5|P62805,E3|Q9UKV5,E3,Q9UKV5,P62805,AMFR,H4C1,0,4,0,0.0067400140687823296,neural_pair_scorer_resmlp_focal,focal
E3|Q9UKV5|P09467,E3|Q9UKV5,E3,Q9UKV5,P09467,AMFR,FBP1,0,4,0,0.9952694773674011,neural_pair_scorer_resmlp_focal,focal
E3|Q9UKV5|Q96FW1,E3|Q9UKV5,E3,Q9UKV5,Q96FW1,AMFR,OTUB1,0,4,0,0.22598494589328766,neural_pair_scorer_resmlp_focal,focal
E3|Q9UPQ7|P61587,E3|Q9UPQ7,E3,Q9UPQ7,P61587,PDZRN3,RND3,0,4,0,0.9862242937088013,neural_pair_scorer_resmlp_focal,focal
E3|Q9UPQ7|Q13740,E3|Q9UPQ7,E3,Q9UPQ7,Q13740,PDZRN3,ALCAM,0,4,0,0.401470810174942,neural_pair_scorer_resmlp_focal,focal
E3|Q9Y252|P53805,E3|Q9Y252,E3,Q9Y252,P53805,RNF6,RCAN1,0,4,0,0.9256880283355713,neural_pair_scorer_resmlp_focal,focal
E3|Q9Y252|Q96HE7,E3|Q9Y252,E3,Q9Y252,Q96HE7,RNF6,ERO1A,0,4,0,0.003525590291246772,neural_pair_scorer_resmlp_focal,focal
E3|Q9Y3C5|P42336,E3|Q9Y3C5,E3,Q9Y3C5,P42336,RNF11,PIK3CA,0,4,0,0.9967939257621765,neural_pair_scorer_resmlp_focal,focal
E3|Q9Y577|Q9H1I8,E3|Q9Y577,E3,Q9Y577,Q9H1I8,TRIM17,ASCC2,0,4,0,0.9980348944664001,neural_pair_scorer_resmlp_focal,focal
E3|Q9Y577|Q9P2F8,E3|Q9Y577,E3,Q9Y577,Q9P2F8,TRIM17,SIPA1L2,0,4,0,0.006304068490862846,neural_pair_scorer_resmlp_focal,focal
E3|Q9Y577|Q9BQ15,E3|Q9Y577,E3,Q9Y577,Q9BQ15,TRIM17,NABP2,0,4,0,0.12857146561145782,neural_pair_scorer_resmlp_focal,focal
E3|Q9Y577|Q8IXI2,E3|Q9Y577,E3,Q9Y577,Q8IXI2,TRIM17,RHOT1,0,4,0,0.9693423509597778,neural_pair_scorer_resmlp_focal,focal
E3|Q9Y577|Q16558,E3|Q9Y577,E3,Q9Y577,Q16558,TRIM17,KCNMB1,0,4,0,0.0021277961786836386,neural_pair_scorer_resmlp_focal,focal
DUB|A6NNY8|P08069,DUB|A6NNY8,DUB,A6NNY8,P08069,USP27X,IGF1R,0,4,0,0.4144393801689148,neural_pair_scorer_resmlp_focal,focal
DUB|A6NNY8|O14737,DUB|A6NNY8,DUB,A6NNY8,O14737,USP27X,PDCD5,0,4,0,0.004895567428320646,neural_pair_scorer_resmlp_focal,focal
DUB|A6NNY8|P36894,DUB|A6NNY8,DUB,A6NNY8,P36894,USP27X,BMPR1A,0,4,0,0.004777973983436823,neural_pair_scorer_resmlp_focal,focal
DUB|P15374|Q92819,DUB|P15374,DUB,P15374,Q92819,UCHL3,HAS2,0,4,0,0.990006148815155,neural_pair_scorer_resmlp_focal,focal
DUB|P15374|Q9UL17,DUB|P15374,DUB,P15374,Q9UL17,UCHL3,TBX21,0,4,0,0.9855008721351624,neural_pair_scorer_resmlp_focal,focal
DUB|P15374|Q9HA47,DUB|P15374,DUB,P15374,Q9HA47,UCHL3,UCK1,0,4,0,0.10431802272796631,neural_pair_scorer_resmlp_focal,focal
DUB|P15374|Q14469,DUB|P15374,DUB,P15374,Q14469,UCHL3,HES1,0,4,0,0.929578959941864,neural_pair_scorer_resmlp_focal,focal
DUB|P54252|Q5XPI4,DUB|P54252,DUB,P54252,Q5XPI4,ATXN3,RNF123,0,4,0,0.9968886971473694,neural_pair_scorer_resmlp_focal,focal
DUB|P54252|Q9UHD2,DUB|P54252,DUB,P54252,Q9UHD2,ATXN3,TBK1,0,4,0,0.9958826303482056,neural_pair_scorer_resmlp_focal,focal
DUB|P54252|Q15154,DUB|P54252,DUB,P54252,Q15154,ATXN3,PCM1,0,4,0,0.9951391220092773,neural_pair_scorer_resmlp_focal,focal
DUB|P54252|A0A291NLA3,DUB|P54252,DUB,P54252,A0A291NLA3,ATXN3,SIGIRR,0,4,0,0.04372243210673332,neural_pair_scorer_resmlp_focal,focal
DUB|Q05CD9|O60346,DUB|Q05CD9,DUB,Q05CD9,O60346,USP8,PHLPP1,0,4,0,0.9982245564460754,neural_pair_scorer_resmlp_focal,focal
DUB|Q05CD9|O95835,DUB|Q05CD9,DUB,Q05CD9,O95835,USP8,LATS1,0,4,0,0.9988024234771729,neural_pair_scorer_resmlp_focal,focal
DUB|Q4G0A6|P15407,DUB|Q4G0A6,DUB,Q4G0A6,P15407,MINDY4,FOSL1,0,4,0,0.0985235944390297,neural_pair_scorer_resmlp_focal,focal
DUB|Q4G0A6|P06239,DUB|Q4G0A6,DUB,Q4G0A6,P06239,MINDY4,LCK,0,4,0,0.9615827202796936,neural_pair_scorer_resmlp_focal,focal
DUB|Q5D1E8|Q92828,DUB|Q5D1E8,DUB,Q5D1E8,Q92828,ZC3H12A,CORO2A,0,4,0,0.9911288022994995,neural_pair_scorer_resmlp_focal,focal
DUB|Q70CQ1|Q03518,DUB|Q70CQ1,DUB,Q70CQ1,Q03518,USP49,TAP1,0,4,0,0.9961540102958679,neural_pair_scorer_resmlp_focal,focal
DUB|Q70CQ1|P36894,DUB|Q70CQ1,DUB,Q70CQ1,P36894,USP49,BMPR1A,0,4,0,0.0031614257022738457,neural_pair_scorer_resmlp_focal,focal
DUB|Q70CQ1|O14737,DUB|Q70CQ1,DUB,Q70CQ1,O14737,USP49,PDCD5,0,4,0,0.0034408445935696363,neural_pair_scorer_resmlp_focal,focal
DUB|Q86UV5|P21860,DUB|Q86UV5,DUB,Q86UV5,P21860,USP48,ERBB3,0,4,0,0.04919479414820671,neural_pair_scorer_resmlp_focal,focal
DUB|Q8NB14|Q96JA1,DUB|Q8NB14,DUB,Q8NB14,Q96JA1,USP38,LRIG1,0,4,0,0.0038838048931211233,neural_pair_scorer_resmlp_focal,focal
DUB|Q92995|Q13619,DUB|Q92995,DUB,Q92995,Q13619,USP13,CUL4A,0,4,0,0.15603648126125336,neural_pair_scorer_resmlp_focal,focal
DUB|Q92995|Q03431,DUB|Q92995,DUB,Q92995,Q03431,USP13,PTH1R,0,4,0,0.9908661246299744,neural_pair_scorer_resmlp_focal,focal
DUB|Q92995|P23771,DUB|Q92995,DUB,Q92995,P23771,USP13,GATA3,0,4,0,0.9982742071151733,neural_pair_scorer_resmlp_focal,focal
DUB|Q92995|Q16656,DUB|Q92995,DUB,Q92995,Q16656,USP13,NRF1,0,4,0,0.995612382888794,neural_pair_scorer_resmlp_focal,focal
DUB|Q92995|Q9ULT8,DUB|Q92995,DUB,Q92995,Q9ULT8,USP13,HECTD1,0,4,0,0.005284180399030447,neural_pair_scorer_resmlp_focal,focal
DUB|Q92995|Q6FI13,DUB|Q92995,DUB,Q92995,Q6FI13,USP13,HIST2H2AA4,0,4,0,0.22297517955303192,neural_pair_scorer_resmlp_focal,focal
DUB|Q92995|P30304,DUB|Q92995,DUB,Q92995,P30304,USP13,CDC25A,0,4,0,0.04124214127659798,neural_pair_scorer_resmlp_focal,focal
DUB|Q92995|Q14669,DUB|Q92995,DUB,Q92995,Q14669,USP13,TRIP12,0,4,0,0.46827080845832825,neural_pair_scorer_resmlp_focal,focal
DUB|Q92995|Q92828,DUB|Q92995,DUB,Q92995,Q92828,USP13,CORO2A,0,4,0,0.00881021749228239,neural_pair_scorer_resmlp_focal,focal
DUB|Q92995|Q08999,DUB|Q92995,DUB,Q92995,Q08999,USP13,RBL2,0,4,0,0.9977668523788452,neural_pair_scorer_resmlp_focal,focal
DUB|Q92995|P78396,DUB|Q92995,DUB,Q92995,P78396,USP13,CCNA1,0,4,0,0.998346209526062,neural_pair_scorer_resmlp_focal,focal
DUB|Q96BN8|Q9UIF9,DUB|Q96BN8,DUB,Q96BN8,Q9UIF9,OTULIN,BAZ2A,0,4,0,0.00708054332062602,neural_pair_scorer_resmlp_focal,focal
DUB|Q96FW1|P04198,DUB|Q96FW1,DUB,Q96FW1,P04198,OTUB1,MYCN,0,4,0,0.40794000029563904,neural_pair_scorer_resmlp_focal,focal
DUB|Q96FW1|P08581,DUB|Q96FW1,DUB,Q96FW1,P08581,OTUB1,MET,0,4,0,0.003061722032725811,neural_pair_scorer_resmlp_focal,focal
DUB|Q96FW1|P35354,DUB|Q96FW1,DUB,Q96FW1,P35354,OTUB1,PTGS2,0,4,0,0.46454474329948425,neural_pair_scorer_resmlp_focal,focal
DUB|Q96FW1|P23771,DUB|Q96FW1,DUB,Q96FW1,P23771,OTUB1,GATA3,0,4,0,0.9971234202384949,neural_pair_scorer_resmlp_focal,focal
DUB|Q96FW1|P0C0S8,DUB|Q96FW1,DUB,Q96FW1,P0C0S8,OTUB1,HIST1H2AM,0,4,0,0.013565504923462868,neural_pair_scorer_resmlp_focal,focal
DUB|Q96FW1|Q9BZK7,DUB|Q96FW1,DUB,Q96FW1,Q9BZK7,OTUB1,TBL1XR1,0,4,0,0.10994867235422134,neural_pair_scorer_resmlp_focal,focal
DUB|Q96FW1|Q03518,DUB|Q96FW1,DUB,Q96FW1,Q03518,OTUB1,TAP1,0,4,0,0.012504858896136284,neural_pair_scorer_resmlp_focal,focal
DUB|Q96FW1|P62807,DUB|Q96FW1,DUB,Q96FW1,P62807,OTUB1,HIST1H2BI,0,4,0,0.7325349450111389,neural_pair_scorer_resmlp_focal,focal
DUB|Q96FW1|Q13887,DUB|Q96FW1,DUB,Q96FW1,Q13887,OTUB1,KLF5,0,4,0,0.9974362254142761,neural_pair_scorer_resmlp_focal,focal
DUB|Q96FW1|Q86TM6,DUB|Q96FW1,DUB,Q96FW1,Q86TM6,OTUB1,SYVN1,0,4,0,0.004714214708656073,neural_pair_scorer_resmlp_focal,focal
DUB|Q96FW1|P0C0S5,DUB|Q96FW1,DUB,Q96FW1,P0C0S5,OTUB1,H2AFZ,0,4,0,0.00781370047479868,neural_pair_scorer_resmlp_focal,focal
DUB|Q9H3M9|O95166,DUB|Q9H3M9,DUB,Q9H3M9,O95166,ATXN3L,GABARAP,0,4,0,0.9973427653312683,neural_pair_scorer_resmlp_focal,focal
DUB|Q9H9J4|Q16204,DUB|Q9H9J4,DUB,Q9H9J4,Q16204,USP42,CCDC6,0,4,0,0.9982353448867798,neural_pair_scorer_resmlp_focal,focal
DUB|Q9H9J4|O15151,DUB|Q9H9J4,DUB,Q9H9J4,O15151,USP42,MDM4,0,4,0,0.9979840517044067,neural_pair_scorer_resmlp_focal,focal
DUB|Q9H9J4|P30304,DUB|Q9H9J4,DUB,Q9H9J4,P30304,USP42,CDC25A,0,4,0,0.9955132603645325,neural_pair_scorer_resmlp_focal,focal
DUB|Q9H9J4|P23771,DUB|Q9H9J4,DUB,Q9H9J4,P23771,USP42,GATA3,0,4,0,0.9988709092140198,neural_pair_scorer_resmlp_focal,focal
DUB|Q9H9J4|Q9P2Y5,DUB|Q9H9J4,DUB,Q9H9J4,Q9P2Y5,USP42,UVRAG,0,4,0,0.9982476234436035,neural_pair_scorer_resmlp_focal,focal
DUB|Q9H9J4|Q12888,DUB|Q9H9J4,DUB,Q9H9J4,Q12888,USP42,TP53BP1,0,4,0,0.9990936517715454,neural_pair_scorer_resmlp_focal,focal
DUB|Q9UMW8|P21796,DUB|Q9UMW8,DUB,Q9UMW8,P21796,USP18,VDAC1,0,4,0,0.9949690699577332,neural_pair_scorer_resmlp_focal,focal
DUB|Q9UMW8|P07550,DUB|Q9UMW8,DUB,Q9UMW8,P07550,USP18,ADRB2,0,4,0,0.7093248963356018,neural_pair_scorer_resmlp_focal,focal
DUB|Q9UMW8|P17302,DUB|Q9UMW8,DUB,Q9UMW8,P17302,USP18,GJA1,0,4,0,0.06678769737482071,neural_pair_scorer_resmlp_focal,focal
DUB|Q9UPT9|Q02246,DUB|Q9UPT9,DUB,Q9UPT9,Q02246,USP22,CNTN2,0,4,0,0.007321222219616175,neural_pair_scorer_resmlp_focal,focal
DUB|Q9UPT9|O75365,DUB|Q9UPT9,DUB,Q9UPT9,O75365,USP22,PTP4A3,0,4,0,0.9876559972763062,neural_pair_scorer_resmlp_focal,focal
DUB|Q9UPT9|O14737,DUB|Q9UPT9,DUB,Q9UPT9,O14737,USP22,PDCD5,0,4,0,0.004049265757203102,neural_pair_scorer_resmlp_focal,focal
DUB|Q9UPT9|P04234,DUB|Q9UPT9,DUB,Q9UPT9,P04234,USP22,CD3D,0,4,0,0.006851810030639172,neural_pair_scorer_resmlp_focal,focal
DUB|Q9UPT9|P23588,DUB|Q9UPT9,DUB,Q9UPT9,P23588,USP22,EIF4B,0,4,0,0.9801923632621765,neural_pair_scorer_resmlp_focal,focal
DUB|Q9UPT9|Q9H4P4,DUB|Q9UPT9,DUB,Q9UPT9,Q9H4P4,USP22,RNF41,0,4,0,0.22440274059772491,neural_pair_scorer_resmlp_focal,focal
DUB|Q9Y6I4|P14780,DUB|Q9Y6I4,DUB,Q9Y6I4,P14780,USP3,MMP9,0,4,0,0.006425140425562859,neural_pair_scorer_resmlp_focal,focal
DUB|Q9Y6I4|Q4U2R8,DUB|Q9Y6I4,DUB,Q9Y6I4,Q4U2R8,USP3,SLC22A6,0,4,0,0.010016685351729393,neural_pair_scorer_resmlp_focal,focal
DUB|Q9Y6I4|P37173,DUB|Q9Y6I4,DUB,Q9Y6I4,P37173,USP3,TGFBR2,0,4,0,0.007923366501927376,neural_pair_scorer_resmlp_focal,focal
DUB|Q9Y6I4|P51170,DUB|Q9Y6I4,DUB,Q9Y6I4,P51170,USP3,SCNN1G,0,4,0,0.003598354058340192,neural_pair_scorer_resmlp_focal,focal
