pair_id,enzyme_class,enz_gene,sub_gene,enz_node,sub_node,node_id,gene,uniprot,degree,base_prob_fold0,masked_prob,importance_drop,prob_hgt_mean_day16,prob_hgt_std_day16
DUB|Q9Y4E8|P31749,DUB,USP15,AKT1,492,671,671,AKT1,P31749,731,0.9953226447105408,0.9932509064674377,0.0020717382431030273,0.9949152,0.0017240107
DUB|Q9Y4E8|P31749,DUB,USP15,AKT1,492,671,528,TP53,P04637,998,0.9953226447105408,0.9953183531761169,4.291534423828125e-06,0.9949152,0.0017240107
DUB|Q9Y4E8|P31749,DUB,USP15,AKT1,492,671,1298,MAPT,P10636,803,0.9953226447105408,0.9953193068504333,3.337860107421875e-06,0.9949152,0.0017240107
DUB|Q9Y4E8|P31749,DUB,USP15,AKT1,492,671,586,ESR1,P03372,919,0.9953226447105408,0.9953199028968811,2.7418136596679688e-06,0.9949152,0.0017240107
DUB|Q9Y4E8|P31749,DUB,USP15,AKT1,492,671,77,VHL,P40337,669,0.9953226447105408,0.9953201413154602,2.5033950805664062e-06,0.9949152,0.0017240107
DUB|Q9Y4E8|P31749,DUB,USP15,AKT1,492,671,754,CTTN,Q14247,818,0.9953226447105408,0.9953202605247498,2.384185791015625e-06,0.9949152,0.0017240107
DUB|Q9Y4E8|P31749,DUB,USP15,AKT1,492,671,1881,LRRK2,Q5S007,788,0.9953226447105408,0.9953204989433289,2.1457672119140625e-06,0.9949152,0.0017240107
DUB|Q9Y4E8|P31749,DUB,USP15,AKT1,492,671,1869,NOS3,P29474,705,0.9953226447105408,0.995320737361908,1.9073486328125e-06,0.9949152,0.0017240107
DUB|Q9Y4E8|P31749,DUB,USP15,AKT1,492,671,1861,HSP90AA1,P07900,882,0.9953226447105408,0.9953208565711975,1.7881393432617188e-06,0.9949152,0.0017240107
DUB|Q9Y4E8|P31749,DUB,USP15,AKT1,492,671,158,RICTOR,Q6R327,673,0.9953226447105408,0.9953208565711975,1.7881393432617188e-06,0.9949152,0.0017240107
DUB|Q9Y4E8|P31749,DUB,USP15,AKT1,492,671,11,AURKA,O14965,782,0.9953226447105408,0.9953209757804871,1.6689300537109375e-06,0.9949152,0.0017240107
DUB|Q9Y4E8|P31749,DUB,USP15,AKT1,492,671,309,AMBRA1,Q9C0C7,690,0.9953226447105408,0.9953209757804871,1.6689300537109375e-06,0.9949152,0.0017240107
DUB|Q9Y4E8|P31749,DUB,USP15,AKT1,492,671,1637,DDX3X,O00571,879,0.9953226447105408,0.9953210949897766,1.5497207641601562e-06,0.9949152,0.0017240107
DUB|Q9Y4E8|P31749,DUB,USP15,AKT1,492,671,632,YAP1,P46937,687,0.9953226447105408,0.9953210949897766,1.5497207641601562e-06,0.9949152,0.0017240107
DUB|Q9Y4E8|P31749,DUB,USP15,AKT1,492,671,1237,ANXA2,P07355,658,0.9953226447105408,0.9953210949897766,1.5497207641601562e-06,0.9949152,0.0017240107
DUB|Q9Y4E8|P31749,DUB,USP15,AKT1,492,671,2097,APC,P25054,701,0.9953226447105408,0.9953213334083557,1.3113021850585938e-06,0.9949152,0.0017240107
DUB|Q9Y4E8|P31749,DUB,USP15,AKT1,492,671,821,MTOR,P42345,819,0.9953226447105408,0.9953215718269348,1.0728836059570312e-06,0.9949152,0.0017240107
DUB|Q9Y4E8|P31749,DUB,USP15,AKT1,492,671,189,MIB1,Q86YT6,803,0.9953226447105408,0.9953215718269348,1.0728836059570312e-06,0.9949152,0.0017240107
DUB|Q9Y4E8|P31749,DUB,USP15,AKT1,492,671,482,CYLD,Q9NQC7,772,0.9953226447105408,0.9953216910362244,9.5367431640625e-07,0.9949152,0.0017240107
DUB|Q9Y4E8|P31749,DUB,USP15,AKT1,492,671,289,RNF5,Q99942,668,0.9953226447105408,0.9953216910362244,9.5367431640625e-07,0.9949152,0.0017240107
DUB|Q9Y4E8|P31749,DUB,USP15,AKT1,492,671,1900,ATF4,P18848,667,0.9953226447105408,0.9953218102455139,8.344650268554688e-07,0.9949152,0.0017240107
DUB|Q9Y4E8|P31749,DUB,USP15,AKT1,492,671,1979,NUMA1,Q14980,732,0.9953226447105408,0.9953218102455139,8.344650268554688e-07,0.9949152,0.0017240107
DUB|Q9Y4E8|P31749,DUB,USP15,AKT1,492,671,1607,VIM,P08670,791,0.9953226447105408,0.9953219294548035,7.152557373046875e-07,0.9949152,0.0017240107
DUB|Q9Y4E8|P31749,DUB,USP15,AKT1,492,671,508,SLC11A2,P49281,753,0.9953226447105408,0.9953219294548035,7.152557373046875e-07,0.9949152,0.0017240107
DUB|Q9Y4E8|P31749,DUB,USP15,AKT1,492,671,776,PHB,P35232,731,0.9953226447105408,0.9953219294548035,7.152557373046875e-07,0.9949152,0.0017240107
DUB|Q9Y4E8|P31749,DUB,USP15,AKT1,492,671,1355,OPTN,Q96CV9,657,0.9953226447105408,0.9953219294548035,7.152557373046875e-07,0.9949152,0.0017240107
DUB|Q9Y4E8|P31749,DUB,USP15,AKT1,492,671,1050,ANXA1,P04083,813,0.9953226447105408,0.995322048664093,5.960464477539062e-07,0.9949152,0.0017240107
DUB|Q9Y4E8|P31749,DUB,USP15,AKT1,492,671,1913,DLG5,Q8TDM6,665,0.9953226447105408,0.995322048664093,5.960464477539062e-07,0.9949152,0.0017240107
DUB|Q9Y4E8|P31749,DUB,USP15,AKT1,492,671,1089,DTNBP1,Q96EV8,669,0.9953226447105408,0.995322048664093,5.960464477539062e-07,0.9949152,0.0017240107
DUB|Q9Y4E8|P31749,DUB,USP15,AKT1,492,671,293,TRAF4,Q9BUZ4,699,0.9953226447105408,0.9953221678733826,4.76837158203125e-07,0.9949152,0.0017240107
DUB|Q9Y4E8|P31749,DUB,USP15,AKT1,492,671,1907,TIAM1,Q13009,669,0.9953226447105408,0.9953221678733826,4.76837158203125e-07,0.9949152,0.0017240107
DUB|Q9Y4E8|P31749,DUB,USP15,AKT1,492,671,1615,VASP,P50552,690,0.9953226447105408,0.9953221678733826,4.76837158203125e-07,0.9949152,0.0017240107
DUB|Q9Y4E8|P31749,DUB,USP15,AKT1,492,671,787,SORBS2,O94875,656,0.9953226447105408,0.9953221678733826,4.76837158203125e-07,0.9949152,0.0017240107
DUB|Q9Y4E8|P31749,DUB,USP15,AKT1,492,671,1536,NEDD9,Q14511,715,0.9953226447105408,0.9953221678733826,4.76837158203125e-07,0.9949152,0.0017240107
DUB|Q9Y4E8|P31749,DUB,USP15,AKT1,492,671,424,USP6,P35125,695,0.9953226447105408,0.9953222870826721,3.5762786865234375e-07,0.9949152,0.0017240107
DUB|Q9Y4E8|P31749,DUB,USP15,AKT1,492,671,1551,SNX9,Q9Y5X1,756,0.9953226447105408,0.9953222870826721,3.5762786865234375e-07,0.9949152,0.0017240107
DUB|Q9Y4E8|P31749,DUB,USP15,AKT1,492,671,1687,TRIP10,Q15642,738,0.9953226447105408,0.9953222870826721,3.5762786865234375e-07,0.9949152,0.0017240107
DUB|Q9Y4E8|P31749,DUB,USP15,AKT1,492,671,1828,MACF1,Q9UPN3,732,0.9953226447105408,0.9953222870826721,3.5762786865234375e-07,0.9949152,0.0017240107
DUB|Q9Y4E8|P31749,DUB,USP15,AKT1,492,671,17,PJA2,O43164,805,0.9953226447105408,0.9953222870826721,3.5762786865234375e-07,0.9949152,0.0017240107
DUB|Q9Y4E8|P31749,DUB,USP15,AKT1,492,671,1209,PTPN14,Q15678,659,0.9953226447105408,0.9953222870826721,3.5762786865234375e-07,0.9949152,0.0017240107
DUB|Q9Y4E8|P31749,DUB,USP15,AKT1,492,671,1519,RALBP1,Q15311,779,0.9953226447105408,0.9953222870826721,3.5762786865234375e-07,0.9949152,0.0017240107
DUB|Q9Y4E8|P31749,DUB,USP15,AKT1,492,671,1297,APP,P05067,940,0.9953226447105408,0.9953222870826721,3.5762786865234375e-07,0.9949152,0.0017240107
DUB|Q9Y4E8|P31749,DUB,USP15,AKT1,492,671,1727,TLN1,Q9Y490,701,0.9953226447105408,0.9953224062919617,2.384185791015625e-07,0.9949152,0.0017240107
DUB|Q9Y4E8|P31749,DUB,USP15,AKT1,492,671,1668,MSN,P26038,696,0.9953226447105408,0.9953224062919617,2.384185791015625e-07,0.9949152,0.0017240107
DUB|Q9Y4E8|P31749,DUB,USP15,AKT1,492,671,1546,PI4K2A,Q9BTU6,695,0.9953226447105408,0.9953224062919617,2.384185791015625e-07,0.9949152,0.0017240107
DUB|Q9Y4E8|P31749,DUB,USP15,AKT1,492,671,281,RAB40C,Q96S21,700,0.9953226447105408,0.9953224062919617,2.384185791015625e-07,0.9949152,0.0017240107
DUB|Q9Y4E8|P31749,DUB,USP15,AKT1,492,671,1672,CSNK1D,P48730,741,0.9953226447105408,0.9953224062919617,2.384185791015625e-07,0.9949152,0.0017240107
DUB|Q9Y4E8|P31749,DUB,USP15,AKT1,492,671,1760,UTRN,P46939,668,0.9953226447105408,0.9953224062919617,2.384185791015625e-07,0.9949152,0.0017240107
DUB|Q9Y4E8|P31749,DUB,USP15,AKT1,492,671,1664,FES,P07332,745,0.9953226447105408,0.9953224062919617,2.384185791015625e-07,0.9949152,0.0017240107
DUB|Q9Y4E8|P31749,DUB,USP15,AKT1,492,671,1426,PRKCE,Q02156,712,0.9953226447105408,0.9953225255012512,1.1920928955078125e-07,0.9949152,0.0017240107
DUB|Q9Y4E8|P31749,DUB,USP15,AKT1,492,671,860,HIST1H2AB,Q86WV6,860,0.9953226447105408,0.9953225255012512,1.1920928955078125e-07,0.9949152,0.0017240107
DUB|Q9Y4E8|P31749,DUB,USP15,AKT1,492,671,1725,UBQLN1,Q9UMX0,658,0.9953226447105408,0.9953225255012512,1.1920928955078125e-07,0.9949152,0.0017240107
DUB|Q9Y4E8|P31749,DUB,USP15,AKT1,492,671,674,CTNNB1,P35222,875,0.9953226447105408,0.9953225255012512,1.1920928955078125e-07,0.9949152,0.0017240107
DUB|Q9Y4E8|P31749,DUB,USP15,AKT1,492,671,895,NTRK1,P04629,767,0.9953226447105408,0.9953225255012512,1.1920928955078125e-07,0.9949152,0.0017240107
DUB|Q9Y4E8|P31749,DUB,USP15,AKT1,492,671,803,FGR,P09769,764,0.9953226447105408,0.9953225255012512,1.1920928955078125e-07,0.9949152,0.0017240107
DUB|Q9Y4E8|P31749,DUB,USP15,AKT1,492,671,797,YES1,P07947,747,0.9953226447105408,0.9953225255012512,1.1920928955078125e-07,0.9949152,0.0017240107
DUB|Q9Y4E8|P31749,DUB,USP15,AKT1,492,671,1524,INPPL1,O15357,666,0.9953226447105408,0.9953225255012512,1.1920928955078125e-07,0.9949152,0.0017240107
DUB|Q9Y4E8|P31749,DUB,USP15,AKT1,492,671,1242,SGK1,O00141,666,0.9953226447105408,0.9953225255012512,1.1920928955078125e-07,0.9949152,0.0017240107
DUB|Q9Y4E8|P31749,DUB,USP15,AKT1,492,671,114,SQSTM1,Q13501,667,0.9953226447105408,0.9953225255012512,1.1920928955078125e-07,0.9949152,0.0017240107
DUB|Q9Y4E8|P31749,DUB,USP15,AKT1,492,671,1307,GNAI3,P08754,672,0.9953226447105408,0.9953226447105408,0.0,0.9949152,0.0017240107
DUB|Q9Y4E8|P31749,DUB,USP15,AKT1,492,671,1269,OGT,O15294,725,0.9953226447105408,0.9953226447105408,0.0,0.9949152,0.0017240107
DUB|Q9Y4E8|P31749,DUB,USP15,AKT1,492,671,969,RAF1,P04049,807,0.9953226447105408,0.9953226447105408,0.0,0.9949152,0.0017240107
DUB|Q9Y4E8|P31749,DUB,USP15,AKT1,492,671,23,PARK2,O60260,815,0.9953226447105408,0.9953226447105408,0.0,0.9949152,0.0017240107
DUB|Q9Y4E8|P31749,DUB,USP15,AKT1,492,671,438,JOSD1,Q15040,659,0.9953226447105408,0.9953227639198303,-1.1920928955078125e-07,0.9949152,0.0017240107
DUB|Q9Y4E8|P31749,DUB,USP15,AKT1,492,671,1343,PKD1,P98161,673,0.9953226447105408,0.9953227639198303,-1.1920928955078125e-07,0.9949152,0.0017240107
DUB|Q9Y4E8|P31749,DUB,USP15,AKT1,492,671,1583,SPHK2,Q9NRA0,684,0.9953226447105408,0.9953227639198303,-1.1920928955078125e-07,0.9949152,0.0017240107
DUB|Q9Y4E8|P31749,DUB,USP15,AKT1,492,671,822,ZAP70,P43403,655,0.9953226447105408,0.9953227639198303,-1.1920928955078125e-07,0.9949152,0.0017240107
DUB|Q9Y4E8|P31749,DUB,USP15,AKT1,492,671,1865,PRKACA,P17612,683,0.9953226447105408,0.9953228831291199,-2.384185791015625e-07,0.9949152,0.0017240107
DUB|Q9Y4E8|P31749,DUB,USP15,AKT1,492,671,1694,MARK2,Q7KZI7,681,0.9953226447105408,0.9953228831291199,-2.384185791015625e-07,0.9949152,0.0017240107
DUB|Q9Y4E8|P31749,DUB,USP15,AKT1,492,671,650,NLRP3,Q96P20,751,0.9953226447105408,0.9953228831291199,-2.384185791015625e-07,0.9949152,0.0017240107
DUB|Q9Y4E8|P31749,DUB,USP15,AKT1,492,671,1152,RHOA,P61586,747,0.9953226447105408,0.9953228831291199,-2.384185791015625e-07,0.9949152,0.0017240107
DUB|Q9Y4E8|P31749,DUB,USP15,AKT1,492,671,82,RNF144A,P50876,657,0.9953226447105408,0.9953228831291199,-2.384185791015625e-07,0.9949152,0.0017240107
DUB|Q9Y4E8|P31749,DUB,USP15,AKT1,492,671,1235,CDC42,P60953,757,0.9953226447105408,0.9953230023384094,-3.5762786865234375e-07,0.9949152,0.0017240107
DUB|Q9Y4E8|P31749,DUB,USP15,AKT1,492,671,629,VDAC1,P21796,722,0.9953226447105408,0.9953230023384094,-3.5762786865234375e-07,0.9949152,0.0017240107
DUB|Q9Y4E8|P31749,DUB,USP15,AKT1,492,671,1366,TCHP,Q9BT92,776,0.9953226447105408,0.9953230023384094,-3.5762786865234375e-07,0.9949152,0.0017240107
DUB|Q9Y4E8|P31749,DUB,USP15,AKT1,492,671,652,PARK7,Q99497,721,0.9953226447105408,0.9953230023384094,-3.5762786865234375e-07,0.9949152,0.0017240107
DUB|Q9Y4E8|P31749,DUB,USP15,AKT1,492,671,813,FGFR3,P22607,664,0.9953226447105408,0.995323121547699,-4.76837158203125e-07,0.9949152,0.0017240107
DUB|Q9Y4E8|P31749,DUB,USP15,AKT1,492,671,818,KDR,P35968,705,0.9953226447105408,0.9953232407569885,-5.960464477539062e-07,0.9949152,0.0017240107
DUB|Q9Y4E8|P31749,DUB,USP15,AKT1,492,671,1794,BACE1,P56817,680,0.9953226447105408,0.9953232407569885,-5.960464477539062e-07,0.9949152,0.0017240107
DUB|Q9Y4E8|P31749,DUB,USP15,AKT1,492,671,808,CFTR,P13569,742,0.9953226447105408,0.9953232407569885,-5.960464477539062e-07,0.9949152,0.0017240107
DUB|Q9Y4E8|P31749,DUB,USP15,AKT1,492,671,1148,PCSK9,Q8NBP7,688,0.9953226447105408,0.9953234791755676,-8.344650268554688e-07,0.9949152,0.0017240107
DUB|Q9Y4E8|P31749,DUB,USP15,AKT1,492,671,68,KITLG,P21583,685,0.9953226447105408,0.9953234791755676,-8.344650268554688e-07,0.9949152,0.0017240107
DUB|Q9Y4E8|P31749,DUB,USP15,AKT1,492,671,807,SRC,P12931,840,0.9953226447105408,0.9953235983848572,-9.5367431640625e-07,0.9949152,0.0017240107
DUB|Q9Y4E8|P31749,DUB,USP15,AKT1,492,671,1568,SCNN1A,P37088,696,0.9953226447105408,0.9953235983848572,-9.5367431640625e-07,0.9949152,0.0017240107
DUB|Q9Y4E8|P31749,DUB,USP15,AKT1,492,671,63,CDH1,P12830,814,0.9953226447105408,0.9953235983848572,-9.5367431640625e-07,0.9949152,0.0017240107
DUB|Q9Y4E8|P31749,DUB,USP15,AKT1,492,671,1520,ARL6IP5,O75915,760,0.9953226447105408,0.9953238368034363,-1.1920928955078125e-06,0.9949152,0.0017240107
DUB|Q9Y4E8|P31749,DUB,USP15,AKT1,492,671,1190,CD74,P04233,696,0.9953226447105408,0.9953238368034363,-1.1920928955078125e-06,0.9949152,0.0017240107
DUB|Q9Y4E8|P31749,DUB,USP15,AKT1,492,671,679,EGFR,P00533,867,0.9953226447105408,0.9953238368034363,-1.1920928955078125e-06,0.9949152,0.0017240107
DUB|Q9Y4E8|P31749,DUB,USP15,AKT1,492,671,1418,CD40LG,P29965,689,0.9953226447105408,0.9953239560127258,-1.3113021850585938e-06,0.9949152,0.0017240107
DUB|Q9Y4E8|P31749,DUB,USP15,AKT1,492,671,1599,WLS,Q5T9L3,660,0.9953226447105408,0.9953239560127258,-1.3113021850585938e-06,0.9949152,0.0017240107
DUB|Q9Y4E8|P31749,DUB,USP15,AKT1,492,671,1380,BSG,P35613,672,0.9953226447105408,0.9953240752220154,-1.430511474609375e-06,0.9949152,0.0017240107
DUB|Q9Y4E8|P31749,DUB,USP15,AKT1,492,671,805,FGFR1,P11362,683,0.9953226447105408,0.9953243732452393,-1.7285346984863281e-06,0.9949152,0.0017240107
DUB|Q9Y4E8|P31749,DUB,USP15,AKT1,492,671,812,FGFR4,P22455,692,0.9953226447105408,0.9953244924545288,-1.8477439880371094e-06,0.9949152,0.0017240107
DUB|Q9Y4E8|P31749,DUB,USP15,AKT1,492,671,1908,PKD2,Q13563,668,0.9953226447105408,0.9953246116638184,-1.9669532775878906e-06,0.9949152,0.0017240107
DUB|Q9Y4E8|P31749,DUB,USP15,AKT1,492,671,829,TEK,Q02763,703,0.9953226447105408,0.9953247308731079,-2.086162567138672e-06,0.9949152,0.0017240107
DUB|Q9Y4E8|P31749,DUB,USP15,AKT1,492,671,1417,CD44,P16070,717,0.9953226447105408,0.9953250885009766,-2.4437904357910156e-06,0.9949152,0.0017240107
DUB|Q9Y4E8|P31749,DUB,USP15,AKT1,492,671,1863,HSPA8,P11142,854,0.9953226447105408,0.9953259229660034,-3.2782554626464844e-06,0.9949152,0.0017240107
DUB|Q9Y4E8|P31749,DUB,USP15,AKT1,492,671,753,HSPA5,P11021,802,0.9953226447105408,0.995326042175293,-3.3974647521972656e-06,0.9949152,0.0017240107
DUB|Q9Y4E8|P31749,DUB,USP15,AKT1,492,671,970,HSPA1A,P0DMV8,679,0.9953226447105408,0.9953261613845825,-3.516674041748047e-06,0.9949152,0.0017240107
DUB|Q9Y4E8|P31749,DUB,USP15,AKT1,492,671,328,SMURF1,Q9HCE7,667,0.9953226447105408,0.9953269958496094,-4.351139068603516e-06,0.9949152,0.0017240107
DUB|Q9Y4E8|P04637,DUB,USP15,TP53,492,528,528,TP53,P04637,998,0.9953182339668274,0.9943134784698486,0.0010047554969787598,0.99485,0.0018478711
DUB|Q9Y4E8|P04637,DUB,USP15,TP53,492,528,2097,APC,P25054,701,0.9953182339668274,0.995314359664917,3.874301910400391e-06,0.99485,0.0018478711
DUB|Q9Y4E8|P04637,DUB,USP15,TP53,492,528,1637,DDX3X,O00571,879,0.9953182339668274,0.9953157901763916,2.4437904357910156e-06,0.99485,0.0018478711
DUB|Q9Y4E8|P04637,DUB,USP15,TP53,492,528,632,YAP1,P46937,687,0.9953182339668274,0.9953160285949707,2.205371856689453e-06,0.99485,0.0018478711
DUB|Q9Y4E8|P04637,DUB,USP15,TP53,492,528,1881,LRRK2,Q5S007,788,0.9953182339668274,0.9953161478042603,2.086162567138672e-06,0.99485,0.0018478711
DUB|Q9Y4E8|P04637,DUB,USP15,TP53,492,528,309,AMBRA1,Q9C0C7,690,0.9953182339668274,0.9953171014785767,1.1324882507324219e-06,0.99485,0.0018478711
DUB|Q9Y4E8|P04637,DUB,USP15,TP53,492,528,1607,VIM,P08670,791,0.9953182339668274,0.9953171014785767,1.1324882507324219e-06,0.99485,0.0018478711
DUB|Q9Y4E8|P04637,DUB,USP15,TP53,492,528,860,HIST1H2AB,Q86WV6,860,0.9953182339668274,0.9953172206878662,1.0132789611816406e-06,0.99485,0.0018478711
DUB|Q9Y4E8|P04637,DUB,USP15,TP53,492,528,114,SQSTM1,Q13501,667,0.9953182339668274,0.9953173398971558,8.940696716308594e-07,0.99485,0.0018478711
DUB|Q9Y4E8|P04637,DUB,USP15,TP53,492,528,586,ESR1,P03372,919,0.9953182339668274,0.9953173398971558,8.940696716308594e-07,0.99485,0.0018478711
DUB|Q9Y4E8|P04637,DUB,USP15,TP53,492,528,482,CYLD,Q9NQC7,772,0.9953182339668274,0.9953173398971558,8.940696716308594e-07,0.99485,0.0018478711
DUB|Q9Y4E8|P04637,DUB,USP15,TP53,492,528,11,AURKA,O14965,782,0.9953182339668274,0.9953173398971558,8.940696716308594e-07,0.99485,0.0018478711
DUB|Q9Y4E8|P04637,DUB,USP15,TP53,492,528,1861,HSP90AA1,P07900,882,0.9953182339668274,0.9953174591064453,7.748603820800781e-07,0.99485,0.0018478711
DUB|Q9Y4E8|P04637,DUB,USP15,TP53,492,528,754,CTTN,Q14247,818,0.9953182339668274,0.9953174591064453,7.748603820800781e-07,0.99485,0.0018478711
DUB|Q9Y4E8|P04637,DUB,USP15,TP53,492,528,1979,NUMA1,Q14980,732,0.9953182339668274,0.9953174591064453,7.748603820800781e-07,0.99485,0.0018478711
DUB|Q9Y4E8|P04637,DUB,USP15,TP53,492,528,189,MIB1,Q86YT6,803,0.9953182339668274,0.9953175783157349,6.556510925292969e-07,0.99485,0.0018478711
DUB|Q9Y4E8|P04637,DUB,USP15,TP53,492,528,1298,MAPT,P10636,803,0.9953182339668274,0.9953176975250244,5.364418029785156e-07,0.99485,0.0018478711
DUB|Q9Y4E8|P04637,DUB,USP15,TP53,492,528,821,MTOR,P42345,819,0.9953182339668274,0.9953176975250244,5.364418029785156e-07,0.99485,0.0018478711
DUB|Q9Y4E8|P04637,DUB,USP15,TP53,492,528,1913,DLG5,Q8TDM6,665,0.9953182339668274,0.9953176975250244,5.364418029785156e-07,0.99485,0.0018478711
DUB|Q9Y4E8|P04637,DUB,USP15,TP53,492,528,1050,ANXA1,P04083,813,0.9953182339668274,0.9953176975250244,5.364418029785156e-07,0.99485,0.0018478711
DUB|Q9Y4E8|P04637,DUB,USP15,TP53,492,528,1242,SGK1,O00141,666,0.9953182339668274,0.995317816734314,4.172325134277344e-07,0.99485,0.0018478711
DUB|Q9Y4E8|P04637,DUB,USP15,TP53,492,528,1615,VASP,P50552,690,0.9953182339668274,0.995317816734314,4.172325134277344e-07,0.99485,0.0018478711
DUB|Q9Y4E8|P04637,DUB,USP15,TP53,492,528,1546,PI4K2A,Q9BTU6,695,0.9953182339668274,0.995317816734314,4.172325134277344e-07,0.99485,0.0018478711
DUB|Q9Y4E8|P04637,DUB,USP15,TP53,492,528,1900,ATF4,P18848,667,0.9953182339668274,0.9953179359436035,2.980232238769531e-07,0.99485,0.0018478711
DUB|Q9Y4E8|P04637,DUB,USP15,TP53,492,528,424,USP6,P35125,695,0.9953182339668274,0.9953179359436035,2.980232238769531e-07,0.99485,0.0018478711
DUB|Q9Y4E8|P04637,DUB,USP15,TP53,492,528,787,SORBS2,O94875,656,0.9953182339668274,0.9953179359436035,2.980232238769531e-07,0.99485,0.0018478711
DUB|Q9Y4E8|P04637,DUB,USP15,TP53,492,528,1519,RALBP1,Q15311,779,0.9953182339668274,0.9953179359436035,2.980232238769531e-07,0.99485,0.0018478711
DUB|Q9Y4E8|P04637,DUB,USP15,TP53,492,528,1907,TIAM1,Q13009,669,0.9953182339668274,0.9953179359436035,2.980232238769531e-07,0.99485,0.0018478711
DUB|Q9Y4E8|P04637,DUB,USP15,TP53,492,528,803,FGR,P09769,764,0.9953182339668274,0.9953179359436035,2.980232238769531e-07,0.99485,0.0018478711
DUB|Q9Y4E8|P04637,DUB,USP15,TP53,492,528,1209,PTPN14,Q15678,659,0.9953182339668274,0.9953179359436035,2.980232238769531e-07,0.99485,0.0018478711
DUB|Q9Y4E8|P04637,DUB,USP15,TP53,492,528,1237,ANXA2,P07355,658,0.9953182339668274,0.9953179359436035,2.980232238769531e-07,0.99485,0.0018478711
DUB|Q9Y4E8|P04637,DUB,USP15,TP53,492,528,1668,MSN,P26038,696,0.9953182339668274,0.9953180551528931,1.7881393432617188e-07,0.99485,0.0018478711
DUB|Q9Y4E8|P04637,DUB,USP15,TP53,492,528,1089,DTNBP1,Q96EV8,669,0.9953182339668274,0.9953180551528931,1.7881393432617188e-07,0.99485,0.0018478711
DUB|Q9Y4E8|P04637,DUB,USP15,TP53,492,528,1524,INPPL1,O15357,666,0.9953182339668274,0.9953180551528931,1.7881393432617188e-07,0.99485,0.0018478711
DUB|Q9Y4E8|P04637,DUB,USP15,TP53,492,528,289,RNF5,Q99942,668,0.9953182339668274,0.9953180551528931,1.7881393432617188e-07,0.99485,0.0018478711
DUB|Q9Y4E8|P04637,DUB,USP15,TP53,492,528,1536,NEDD9,Q14511,715,0.9953182339668274,0.9953180551528931,1.7881393432617188e-07,0.99485,0.0018478711
DUB|Q9Y4E8|P04637,DUB,USP15,TP53,492,528,1869,NOS3,P29474,705,0.9953182339668274,0.9953180551528931,1.7881393432617188e-07,0.99485,0.0018478711
DUB|Q9Y4E8|P04637,DUB,USP15,TP53,492,528,1551,SNX9,Q9Y5X1,756,0.9953182339668274,0.9953180551528931,1.7881393432617188e-07,0.99485,0.0018478711
DUB|Q9Y4E8|P04637,DUB,USP15,TP53,492,528,969,RAF1,P04049,807,0.9953182339668274,0.9953180551528931,1.7881393432617188e-07,0.99485,0.0018478711
DUB|Q9Y4E8|P04637,DUB,USP15,TP53,492,528,1760,UTRN,P46939,668,0.9953182339668274,0.9953181147575378,1.1920928955078125e-07,0.99485,0.0018478711
DUB|Q9Y4E8|P04637,DUB,USP15,TP53,492,528,1664,FES,P07332,745,0.9953182339668274,0.9953181147575378,1.1920928955078125e-07,0.99485,0.0018478711
DUB|Q9Y4E8|P04637,DUB,USP15,TP53,492,528,1694,MARK2,Q7KZI7,681,0.9953182339668274,0.9953181147575378,1.1920928955078125e-07,0.99485,0.0018478711
DUB|Q9Y4E8|P04637,DUB,USP15,TP53,492,528,158,RICTOR,Q6R327,673,0.9953182339668274,0.9953181147575378,1.1920928955078125e-07,0.99485,0.0018478711
DUB|Q9Y4E8|P04637,DUB,USP15,TP53,492,528,281,RAB40C,Q96S21,700,0.9953182339668274,0.9953181147575378,1.1920928955078125e-07,0.99485,0.0018478711
DUB|Q9Y4E8|P04637,DUB,USP15,TP53,492,528,77,VHL,P40337,669,0.9953182339668274,0.9953181147575378,1.1920928955078125e-07,0.99485,0.0018478711
DUB|Q9Y4E8|P04637,DUB,USP15,TP53,492,528,1426,PRKCE,Q02156,712,0.9953182339668274,0.9953181147575378,1.1920928955078125e-07,0.99485,0.0018478711
DUB|Q9Y4E8|P04637,DUB,USP15,TP53,492,528,1687,TRIP10,Q15642,738,0.9953182339668274,0.9953181147575378,1.1920928955078125e-07,0.99485,0.0018478711
DUB|Q9Y4E8|P04637,DUB,USP15,TP53,492,528,17,PJA2,O43164,805,0.9953182339668274,0.9953181147575378,1.1920928955078125e-07,0.99485,0.0018478711
DUB|Q9Y4E8|P04637,DUB,USP15,TP53,492,528,807,SRC,P12931,840,0.9953182339668274,0.9953181147575378,1.1920928955078125e-07,0.99485,0.0018478711
DUB|Q9Y4E8|P04637,DUB,USP15,TP53,492,528,671,AKT1,P31749,731,0.9953182339668274,0.9953181147575378,1.1920928955078125e-07,0.99485,0.0018478711
DUB|Q9Y4E8|P04637,DUB,USP15,TP53,492,528,822,ZAP70,P43403,655,0.9953182339668274,0.9953181147575378,1.1920928955078125e-07,0.99485,0.0018478711
DUB|Q9Y4E8|P04637,DUB,USP15,TP53,492,528,1297,APP,P05067,940,0.9953182339668274,0.9953182339668274,0.0,0.99485,0.0018478711
DUB|Q9Y4E8|P04637,DUB,USP15,TP53,492,528,674,CTNNB1,P35222,875,0.9953182339668274,0.9953182339668274,0.0,0.99485,0.0018478711
DUB|Q9Y4E8|P04637,DUB,USP15,TP53,492,528,1727,TLN1,Q9Y490,701,0.9953182339668274,0.9953182339668274,0.0,0.99485,0.0018478711
DUB|Q9Y4E8|P04637,DUB,USP15,TP53,492,528,293,TRAF4,Q9BUZ4,699,0.9953182339668274,0.9953182339668274,0.0,0.99485,0.0018478711
DUB|Q9Y4E8|P04637,DUB,USP15,TP53,492,528,1828,MACF1,Q9UPN3,732,0.9953182339668274,0.9953182339668274,0.0,0.99485,0.0018478711
DUB|Q9Y4E8|P04637,DUB,USP15,TP53,492,528,797,YES1,P07947,747,0.9953182339668274,0.9953182339668274,0.0,0.99485,0.0018478711
DUB|Q9Y4E8|P04637,DUB,USP15,TP53,492,528,1672,CSNK1D,P48730,741,0.9953182339668274,0.9953182339668274,0.0,0.99485,0.0018478711
DUB|Q9Y4E8|P04637,DUB,USP15,TP53,492,528,1725,UBQLN1,Q9UMX0,658,0.9953182339668274,0.9953183531761169,-1.1920928955078125e-07,0.99485,0.0018478711
DUB|Q9Y4E8|P04637,DUB,USP15,TP53,492,528,1307,GNAI3,P08754,672,0.9953182339668274,0.9953183531761169,-1.1920928955078125e-07,0.99485,0.0018478711
DUB|Q9Y4E8|P04637,DUB,USP15,TP53,492,528,1865,PRKACA,P17612,683,0.9953182339668274,0.9953183531761169,-1.1920928955078125e-07,0.99485,0.0018478711
DUB|Q9Y4E8|P04637,DUB,USP15,TP53,492,528,925,PIP5K1A,Q99755,655,0.9953182339668274,0.9953183531761169,-1.1920928955078125e-07,0.99485,0.0018478711
DUB|Q9Y4E8|P04637,DUB,USP15,TP53,492,528,1583,SPHK2,Q9NRA0,684,0.9953182339668274,0.9953184723854065,-2.384185791015625e-07,0.99485,0.0018478711
DUB|Q9Y4E8|P04637,DUB,USP15,TP53,492,528,82,RNF144A,P50876,657,0.9953182339668274,0.9953184723854065,-2.384185791015625e-07,0.99485,0.0018478711
DUB|Q9Y4E8|P04637,DUB,USP15,TP53,492,528,679,EGFR,P00533,867,0.9953182339668274,0.9953184723854065,-2.384185791015625e-07,0.99485,0.0018478711
DUB|Q9Y4E8|P04637,DUB,USP15,TP53,492,528,438,JOSD1,Q15040,659,0.9953182339668274,0.9953184723854065,-2.384185791015625e-07,0.99485,0.0018478711
DUB|Q9Y4E8|P04637,DUB,USP15,TP53,492,528,813,FGFR3,P22607,664,0.9953182339668274,0.9953184723854065,-2.384185791015625e-07,0.99485,0.0018478711
DUB|Q9Y4E8|P04637,DUB,USP15,TP53,492,528,1343,PKD1,P98161,673,0.9953182339668274,0.9953184723854065,-2.384185791015625e-07,0.99485,0.0018478711
DUB|Q9Y4E8|P04637,DUB,USP15,TP53,492,528,652,PARK7,Q99497,721,0.9953182339668274,0.9953184723854065,-2.384185791015625e-07,0.99485,0.0018478711
DUB|Q9Y4E8|P04637,DUB,USP15,TP53,492,528,818,KDR,P35968,705,0.9953182339668274,0.995318591594696,-3.5762786865234375e-07,0.99485,0.0018478711
DUB|Q9Y4E8|P04637,DUB,USP15,TP53,492,528,776,PHB,P35232,731,0.9953182339668274,0.995318591594696,-3.5762786865234375e-07,0.99485,0.0018478711
DUB|Q9Y4E8|P04637,DUB,USP15,TP53,492,528,1269,OGT,O15294,725,0.9953182339668274,0.995318591594696,-3.5762786865234375e-07,0.99485,0.0018478711
DUB|Q9Y4E8|P04637,DUB,USP15,TP53,492,528,805,FGFR1,P11362,683,0.9953182339668274,0.995318591594696,-3.5762786865234375e-07,0.99485,0.0018478711
DUB|Q9Y4E8|P04637,DUB,USP15,TP53,492,528,1794,BACE1,P56817,680,0.9953182339668274,0.995318591594696,-3.5762786865234375e-07,0.99485,0.0018478711
DUB|Q9Y4E8|P04637,DUB,USP15,TP53,492,528,1152,RHOA,P61586,747,0.9953182339668274,0.995318591594696,-3.5762786865234375e-07,0.99485,0.0018478711
DUB|Q9Y4E8|P04637,DUB,USP15,TP53,492,528,808,CFTR,P13569,742,0.9953182339668274,0.9953187108039856,-4.76837158203125e-07,0.99485,0.0018478711
DUB|Q9Y4E8|P04637,DUB,USP15,TP53,492,528,23,PARK2,O60260,815,0.9953182339668274,0.9953187108039856,-4.76837158203125e-07,0.99485,0.0018478711
DUB|Q9Y4E8|P04637,DUB,USP15,TP53,492,528,63,CDH1,P12830,814,0.9953182339668274,0.9953187108039856,-4.76837158203125e-07,0.99485,0.0018478711
DUB|Q9Y4E8|P04637,DUB,USP15,TP53,492,528,812,FGFR4,P22455,692,0.9953182339668274,0.9953187108039856,-4.76837158203125e-07,0.99485,0.0018478711
DUB|Q9Y4E8|P04637,DUB,USP15,TP53,492,528,650,NLRP3,Q96P20,751,0.9953182339668274,0.9953187108039856,-4.76837158203125e-07,0.99485,0.0018478711
DUB|Q9Y4E8|P04637,DUB,USP15,TP53,492,528,895,NTRK1,P04629,767,0.9953182339668274,0.9953188300132751,-5.960464477539062e-07,0.99485,0.0018478711
DUB|Q9Y4E8|P04637,DUB,USP15,TP53,492,528,1235,CDC42,P60953,757,0.9953182339668274,0.9953188300132751,-5.960464477539062e-07,0.99485,0.0018478711
DUB|Q9Y4E8|P04637,DUB,USP15,TP53,492,528,829,TEK,Q02763,703,0.9953182339668274,0.9953188300132751,-5.960464477539062e-07,0.99485,0.0018478711
DUB|Q9Y4E8|P04637,DUB,USP15,TP53,492,528,1908,PKD2,Q13563,668,0.9953182339668274,0.9953188300132751,-5.960464477539062e-07,0.99485,0.0018478711
DUB|Q9Y4E8|P04637,DUB,USP15,TP53,492,528,1148,PCSK9,Q8NBP7,688,0.9953182339668274,0.9953189492225647,-7.152557373046875e-07,0.99485,0.0018478711
DUB|Q9Y4E8|P04637,DUB,USP15,TP53,492,528,1366,TCHP,Q9BT92,776,0.9953182339668274,0.9953189492225647,-7.152557373046875e-07,0.99485,0.0018478711
DUB|Q9Y4E8|P04637,DUB,USP15,TP53,492,528,1568,SCNN1A,P37088,696,0.9953182339668274,0.9953189492225647,-7.152557373046875e-07,0.99485,0.0018478711
DUB|Q9Y4E8|P04637,DUB,USP15,TP53,492,528,68,KITLG,P21583,685,0.9953182339668274,0.9953190684318542,-8.344650268554688e-07,0.99485,0.0018478711
DUB|Q9Y4E8|P04637,DUB,USP15,TP53,492,528,1190,CD74,P04233,696,0.9953182339668274,0.9953190684318542,-8.344650268554688e-07,0.99485,0.0018478711
DUB|Q9Y4E8|P04637,DUB,USP15,TP53,492,528,970,HSPA1A,P0DMV8,679,0.9953182339668274,0.9953190684318542,-8.344650268554688e-07,0.99485,0.0018478711
DUB|Q9Y4E8|P04637,DUB,USP15,TP53,492,528,508,SLC11A2,P49281,753,0.9953182339668274,0.9953191876411438,-9.5367431640625e-07,0.99485,0.0018478711
DUB|Q9Y4E8|P04637,DUB,USP15,TP53,492,528,753,HSPA5,P11021,802,0.9953182339668274,0.9953191876411438,-9.5367431640625e-07,0.99485,0.0018478711
DUB|Q9Y4E8|P04637,DUB,USP15,TP53,492,528,1599,WLS,Q5T9L3,660,0.9953182339668274,0.9953193068504333,-1.0728836059570312e-06,0.99485,0.0018478711
DUB|Q9Y4E8|P04637,DUB,USP15,TP53,492,528,629,VDAC1,P21796,722,0.9953182339668274,0.9953193068504333,-1.0728836059570312e-06,0.99485,0.0018478711
DUB|Q9Y4E8|P04637,DUB,USP15,TP53,492,528,1380,BSG,P35613,672,0.9953182339668274,0.9953195452690125,-1.3113021850585938e-06,0.99485,0.0018478711
DUB|Q9Y4E8|P04637,DUB,USP15,TP53,492,528,1417,CD44,P16070,717,0.9953182339668274,0.9953195452690125,-1.3113021850585938e-06,0.99485,0.0018478711
DUB|Q9Y4E8|P04637,DUB,USP15,TP53,492,528,1418,CD40LG,P29965,689,0.9953182339668274,0.9953195452690125,-1.3113021850585938e-06,0.99485,0.0018478711
DUB|Q9Y4E8|P04637,DUB,USP15,TP53,492,528,1520,ARL6IP5,O75915,760,0.9953182339668274,0.9953201413154602,-1.9073486328125e-06,0.99485,0.0018478711
DUB|Q9Y4E8|P04637,DUB,USP15,TP53,492,528,1863,HSPA8,P11142,854,0.9953182339668274,0.9953206181526184,-2.384185791015625e-06,0.99485,0.0018478711
DUB|Q9Y4E8|P04637,DUB,USP15,TP53,492,528,328,SMURF1,Q9HCE7,667,0.9953182339668274,0.9953244924545288,-6.258487701416016e-06,0.99485,0.0018478711
DUB|Q9Y4E8|P45983,DUB,USP15,MAPK8,492,1837,528,TP53,P04637,998,0.9954468607902527,0.9954392313957214,7.62939453125e-06,0.9949361,0.0017746688
DUB|Q9Y4E8|P45983,DUB,USP15,MAPK8,492,1837,1298,MAPT,P10636,803,0.9954468607902527,0.9954397678375244,7.092952728271484e-06,0.9949361,0.0017746688
DUB|Q9Y4E8|P45983,DUB,USP15,MAPK8,492,1837,1861,HSP90AA1,P07900,882,0.9954468607902527,0.9954429864883423,3.874301910400391e-06,0.9949361,0.0017746688
DUB|Q9Y4E8|P45983,DUB,USP15,MAPK8,492,1837,1355,OPTN,Q96CV9,657,0.9954468607902527,0.9954434633255005,3.3974647521972656e-06,0.9949361,0.0017746688
DUB|Q9Y4E8|P45983,DUB,USP15,MAPK8,492,1837,1089,DTNBP1,Q96EV8,669,0.9954468607902527,0.9954439401626587,2.9206275939941406e-06,0.9949361,0.0017746688
DUB|Q9Y4E8|P45983,DUB,USP15,MAPK8,492,1837,1881,LRRK2,Q5S007,788,0.9954468607902527,0.9954451322555542,1.7285346984863281e-06,0.9949361,0.0017746688
DUB|Q9Y4E8|P45983,DUB,USP15,MAPK8,492,1837,1237,ANXA2,P07355,658,0.9954468607902527,0.9954452514648438,1.6093254089355469e-06,0.9949361,0.0017746688
DUB|Q9Y4E8|P45983,DUB,USP15,MAPK8,492,1837,289,RNF5,Q99942,668,0.9954468607902527,0.9954452514648438,1.6093254089355469e-06,0.9949361,0.0017746688
DUB|Q9Y4E8|P45983,DUB,USP15,MAPK8,492,1837,776,PHB,P35232,731,0.9954468607902527,0.9954453706741333,1.4901161193847656e-06,0.9949361,0.0017746688
DUB|Q9Y4E8|P45983,DUB,USP15,MAPK8,492,1837,1050,ANXA1,P04083,813,0.9954468607902527,0.9954453706741333,1.4901161193847656e-06,0.9949361,0.0017746688
DUB|Q9Y4E8|P45983,DUB,USP15,MAPK8,492,1837,114,SQSTM1,Q13501,667,0.9954468607902527,0.9954456090927124,1.2516975402832031e-06,0.9949361,0.0017746688
DUB|Q9Y4E8|P45983,DUB,USP15,MAPK8,492,1837,148,RNF43,Q68DV7,644,0.9954468607902527,0.9954458475112915,1.0132789611816406e-06,0.9949361,0.0017746688
DUB|Q9Y4E8|P45983,DUB,USP15,MAPK8,492,1837,586,ESR1,P03372,919,0.9954468607902527,0.9954458475112915,1.0132789611816406e-06,0.9949361,0.0017746688
DUB|Q9Y4E8|P45983,DUB,USP15,MAPK8,492,1837,1536,NEDD9,Q14511,715,0.9954468607902527,0.9954458475112915,1.0132789611816406e-06,0.9949361,0.0017746688
DUB|Q9Y4E8|P45983,DUB,USP15,MAPK8,492,1837,821,MTOR,P42345,819,0.9954468607902527,0.995445966720581,8.940696716308594e-07,0.9949361,0.0017746688
DUB|Q9Y4E8|P45983,DUB,USP15,MAPK8,492,1837,1687,TRIP10,Q15642,738,0.9954468607902527,0.995445966720581,8.940696716308594e-07,0.9949361,0.0017746688
DUB|Q9Y4E8|P45983,DUB,USP15,MAPK8,492,1837,1551,SNX9,Q9Y5X1,756,0.9954468607902527,0.995445966720581,8.940696716308594e-07,0.9949361,0.0017746688
DUB|Q9Y4E8|P45983,DUB,USP15,MAPK8,492,1837,424,USP6,P35125,695,0.9954468607902527,0.9954460859298706,7.748603820800781e-07,0.9949361,0.0017746688
DUB|Q9Y4E8|P45983,DUB,USP15,MAPK8,492,1837,23,PARK2,O60260,815,0.9954468607902527,0.9954460859298706,7.748603820800781e-07,0.9949361,0.0017746688
DUB|Q9Y4E8|P45983,DUB,USP15,MAPK8,492,1837,1672,CSNK1D,P48730,741,0.9954468607902527,0.9954462051391602,6.556510925292969e-07,0.9949361,0.0017746688
DUB|Q9Y4E8|P45983,DUB,USP15,MAPK8,492,1837,309,AMBRA1,Q9C0C7,690,0.9954468607902527,0.9954462051391602,6.556510925292969e-07,0.9949361,0.0017746688
DUB|Q9Y4E8|P45983,DUB,USP15,MAPK8,492,1837,1297,APP,P05067,940,0.9954468607902527,0.9954462051391602,6.556510925292969e-07,0.9949361,0.0017746688
DUB|Q9Y4E8|P45983,DUB,USP15,MAPK8,492,1837,281,RAB40C,Q96S21,700,0.9954468607902527,0.9954462051391602,6.556510925292969e-07,0.9949361,0.0017746688
DUB|Q9Y4E8|P45983,DUB,USP15,MAPK8,492,1837,632,YAP1,P46937,687,0.9954468607902527,0.9954462647438049,5.960464477539062e-07,0.9949361,0.0017746688
DUB|Q9Y4E8|P45983,DUB,USP15,MAPK8,492,1837,17,PJA2,O43164,805,0.9954468607902527,0.9954462647438049,5.960464477539062e-07,0.9949361,0.0017746688
DUB|Q9Y4E8|P45983,DUB,USP15,MAPK8,492,1837,797,YES1,P07947,747,0.9954468607902527,0.9954462647438049,5.960464477539062e-07,0.9949361,0.0017746688
DUB|Q9Y4E8|P45983,DUB,USP15,MAPK8,492,1837,1664,FES,P07332,745,0.9954468607902527,0.9954462647438049,5.960464477539062e-07,0.9949361,0.0017746688
DUB|Q9Y4E8|P45983,DUB,USP15,MAPK8,492,1837,629,VDAC1,P21796,722,0.9954468607902527,0.9954463839530945,4.76837158203125e-07,0.9949361,0.0017746688
DUB|Q9Y4E8|P45983,DUB,USP15,MAPK8,492,1837,71,PML,P29590,652,0.9954468607902527,0.9954463839530945,4.76837158203125e-07,0.9949361,0.0017746688
DUB|Q9Y4E8|P45983,DUB,USP15,MAPK8,492,1837,1426,PRKCE,Q02156,712,0.9954468607902527,0.9954463839530945,4.76837158203125e-07,0.9949361,0.0017746688
DUB|Q9Y4E8|P45983,DUB,USP15,MAPK8,492,1837,1637,DDX3X,O00571,879,0.9954468607902527,0.9954463839530945,4.76837158203125e-07,0.9949361,0.0017746688
DUB|Q9Y4E8|P45983,DUB,USP15,MAPK8,492,1837,1828,MACF1,Q9UPN3,732,0.9954468607902527,0.9954463839530945,4.76837158203125e-07,0.9949361,0.0017746688
DUB|Q9Y4E8|P45983,DUB,USP15,MAPK8,492,1837,1674,UBE2D3,P61077,647,0.9954468607902527,0.995446503162384,3.5762786865234375e-07,0.9949361,0.0017746688
DUB|Q9Y4E8|P45983,DUB,USP15,MAPK8,492,1837,189,MIB1,Q86YT6,803,0.9954468607902527,0.995446503162384,3.5762786865234375e-07,0.9949361,0.0017746688
DUB|Q9Y4E8|P45983,DUB,USP15,MAPK8,492,1837,485,ZRANB1,Q9UGI0,627,0.9954468607902527,0.995446503162384,3.5762786865234375e-07,0.9949361,0.0017746688
DUB|Q9Y4E8|P45983,DUB,USP15,MAPK8,492,1837,860,HIST1H2AB,Q86WV6,860,0.9954468607902527,0.9954466223716736,2.384185791015625e-07,0.9949361,0.0017746688
DUB|Q9Y4E8|P45983,DUB,USP15,MAPK8,492,1837,1502,CKB,P12277,623,0.9954468607902527,0.9954466223716736,2.384185791015625e-07,0.9949361,0.0017746688
DUB|Q9Y4E8|P45983,DUB,USP15,MAPK8,492,1837,1269,OGT,O15294,725,0.9954468607902527,0.9954466223716736,2.384185791015625e-07,0.9949361,0.0017746688
DUB|Q9Y4E8|P45983,DUB,USP15,MAPK8,492,1837,895,NTRK1,P04629,767,0.9954468607902527,0.9954467415809631,1.1920928955078125e-07,0.9949361,0.0017746688
DUB|Q9Y4E8|P45983,DUB,USP15,MAPK8,492,1837,1583,SPHK2,Q9NRA0,684,0.9954468607902527,0.9954467415809631,1.1920928955078125e-07,0.9949361,0.0017746688
DUB|Q9Y4E8|P45983,DUB,USP15,MAPK8,492,1837,674,CTNNB1,P35222,875,0.9954468607902527,0.9954467415809631,1.1920928955078125e-07,0.9949361,0.0017746688
DUB|Q9Y4E8|P45983,DUB,USP15,MAPK8,492,1837,2097,APC,P25054,701,0.9954468607902527,0.9954467415809631,1.1920928955078125e-07,0.9949361,0.0017746688
DUB|Q9Y4E8|P45983,DUB,USP15,MAPK8,492,1837,1869,NOS3,P29474,705,0.9954468607902527,0.9954468607902527,0.0,0.9949361,0.0017746688
DUB|Q9Y4E8|P45983,DUB,USP15,MAPK8,492,1837,482,CYLD,Q9NQC7,772,0.9954468607902527,0.9954468607902527,0.0,0.9949361,0.0017746688
DUB|Q9Y4E8|P45983,DUB,USP15,MAPK8,492,1837,1607,VIM,P08670,791,0.9954468607902527,0.9954468607902527,0.0,0.9949361,0.0017746688
DUB|Q9Y4E8|P45983,DUB,USP15,MAPK8,492,1837,650,NLRP3,Q96P20,751,0.9954468607902527,0.9954468607902527,0.0,0.9949361,0.0017746688
DUB|Q9Y4E8|P45983,DUB,USP15,MAPK8,492,1837,652,PARK7,Q99497,721,0.9954468607902527,0.9954469799995422,-1.1920928955078125e-07,0.9949361,0.0017746688
DUB|Q9Y4E8|P45983,DUB,USP15,MAPK8,492,1837,438,JOSD1,Q15040,659,0.9954468607902527,0.9954469799995422,-1.1920928955078125e-07,0.9949361,0.0017746688
DUB|Q9Y4E8|P45983,DUB,USP15,MAPK8,492,1837,807,SRC,P12931,840,0.9954468607902527,0.9954469799995422,-1.1920928955078125e-07,0.9949361,0.0017746688
DUB|Q9Y4E8|P45983,DUB,USP15,MAPK8,492,1837,803,FGR,P09769,764,0.9954468607902527,0.9954470992088318,-2.384185791015625e-07,0.9949361,0.0017746688
DUB|Q9Y4E8|P45983,DUB,USP15,MAPK8,492,1837,1546,PI4K2A,Q9BTU6,695,0.9954468607902527,0.9954470992088318,-2.384185791015625e-07,0.9949361,0.0017746688
DUB|Q9Y4E8|P45983,DUB,USP15,MAPK8,492,1837,267,ITCH,Q96J02,611,0.9954468607902527,0.9954470992088318,-2.384185791015625e-07,0.9949361,0.0017746688
DUB|Q9Y4E8|P45983,DUB,USP15,MAPK8,492,1837,82,RNF144A,P50876,657,0.9954468607902527,0.9954472184181213,-3.5762786865234375e-07,0.9949361,0.0017746688
DUB|Q9Y4E8|P45983,DUB,USP15,MAPK8,492,1837,69,CBL,P22681,642,0.9954468607902527,0.9954472184181213,-3.5762786865234375e-07,0.9949361,0.0017746688
DUB|Q9Y4E8|P45983,DUB,USP15,MAPK8,492,1837,1504,PRKCA,P17252,616,0.9954468607902527,0.9954473376274109,-4.76837158203125e-07,0.9949361,0.0017746688
DUB|Q9Y4E8|P45983,DUB,USP15,MAPK8,492,1837,1242,SGK1,O00141,666,0.9954468607902527,0.9954473376274109,-4.76837158203125e-07,0.9949361,0.0017746688
DUB|Q9Y4E8|P45983,DUB,USP15,MAPK8,492,1837,811,FGFR2,P21802,622,0.9954468607902527,0.9954474568367004,-5.960464477539062e-07,0.9949361,0.0017746688
DUB|Q9Y4E8|P45983,DUB,USP15,MAPK8,492,1837,1519,RALBP1,Q15311,779,0.9954468607902527,0.9954474568367004,-5.960464477539062e-07,0.9949361,0.0017746688
DUB|Q9Y4E8|P45983,DUB,USP15,MAPK8,492,1837,1865,PRKACA,P17612,683,0.9954468607902527,0.9954474568367004,-5.960464477539062e-07,0.9949361,0.0017746688
DUB|Q9Y4E8|P45983,DUB,USP15,MAPK8,492,1837,1633,SHH,Q15465,631,0.9954468607902527,0.9954474568367004,-5.960464477539062e-07,0.9949361,0.0017746688
DUB|Q9Y4E8|P45983,DUB,USP15,MAPK8,492,1837,1912,LPCAT1,Q8NF37,610,0.9954468607902527,0.99544757604599,-7.152557373046875e-07,0.9949361,0.0017746688
DUB|Q9Y4E8|P45983,DUB,USP15,MAPK8,492,1837,63,CDH1,P12830,814,0.9954468607902527,0.99544757604599,-7.152557373046875e-07,0.9949361,0.0017746688
DUB|Q9Y4E8|P45983,DUB,USP15,MAPK8,492,1837,508,SLC11A2,P49281,753,0.9954468607902527,0.99544757604599,-7.152557373046875e-07,0.9949361,0.0017746688
DUB|Q9Y4E8|P45983,DUB,USP15,MAPK8,492,1837,671,AKT1,P31749,731,0.9954468607902527,0.9954476952552795,-8.344650268554688e-07,0.9949361,0.0017746688
DUB|Q9Y4E8|P45983,DUB,USP15,MAPK8,492,1837,1343,PKD1,P98161,673,0.9954468607902527,0.9954478144645691,-9.5367431640625e-07,0.9949361,0.0017746688
DUB|Q9Y4E8|P45983,DUB,USP15,MAPK8,492,1837,293,TRAF4,Q9BUZ4,699,0.9954468607902527,0.9954479336738586,-1.0728836059570312e-06,0.9949361,0.0017746688
DUB|Q9Y4E8|P45983,DUB,USP15,MAPK8,492,1837,805,FGFR1,P11362,683,0.9954468607902527,0.9954479336738586,-1.0728836059570312e-06,0.9949361,0.0017746688
DUB|Q9Y4E8|P45983,DUB,USP15,MAPK8,492,1837,808,CFTR,P13569,742,0.9954468607902527,0.9954479336738586,-1.0728836059570312e-06,0.9949361,0.0017746688
DUB|Q9Y4E8|P45983,DUB,USP15,MAPK8,492,1837,818,KDR,P35968,705,0.9954468607902527,0.9954479336738586,-1.0728836059570312e-06,0.9949361,0.0017746688
DUB|Q9Y4E8|P45983,DUB,USP15,MAPK8,492,1837,1366,TCHP,Q9BT92,776,0.9954468607902527,0.9954480528831482,-1.1920928955078125e-06,0.9949361,0.0017746688
DUB|Q9Y4E8|P45983,DUB,USP15,MAPK8,492,1837,812,FGFR4,P22455,692,0.9954468607902527,0.9954480528831482,-1.1920928955078125e-06,0.9949361,0.0017746688
DUB|Q9Y4E8|P45983,DUB,USP15,MAPK8,492,1837,969,RAF1,P04049,807,0.9954468607902527,0.9954482913017273,-1.430511474609375e-06,0.9949361,0.0017746688
DUB|Q9Y4E8|P45983,DUB,USP15,MAPK8,492,1837,1794,BACE1,P56817,680,0.9954468607902527,0.9954485297203064,-1.6689300537109375e-06,0.9949361,0.0017746688
DUB|Q9Y4E8|P45983,DUB,USP15,MAPK8,492,1837,1908,PKD2,Q13563,668,0.9954468607902527,0.9954485297203064,-1.6689300537109375e-06,0.9949361,0.0017746688
DUB|Q9Y4E8|P45983,DUB,USP15,MAPK8,492,1837,227,MARCHF1,Q8TCQ1,623,0.9954468607902527,0.995448648929596,-1.7881393432617188e-06,0.9949361,0.0017746688
DUB|Q9Y4E8|P45983,DUB,USP15,MAPK8,492,1837,1668,MSN,P26038,696,0.9954468607902527,0.9954487681388855,-1.9073486328125e-06,0.9949361,0.0017746688
DUB|Q9Y4E8|P45983,DUB,USP15,MAPK8,492,1837,614,CD274,Q9NZQ7,610,0.9954468607902527,0.9954491257667542,-2.2649765014648438e-06,0.9949361,0.0017746688
DUB|Q9Y4E8|P45983,DUB,USP15,MAPK8,492,1837,356,MARCHF2,Q9P0N8,643,0.9954468607902527,0.9954493641853333,-2.5033950805664062e-06,0.9949361,0.0017746688
DUB|Q9Y4E8|P45983,DUB,USP15,MAPK8,492,1837,2007,HAS2,Q92819,652,0.9954468607902527,0.9954493641853333,-2.5033950805664062e-06,0.9949361,0.0017746688
DUB|Q9Y4E8|P45983,DUB,USP15,MAPK8,492,1837,885,PROM1,O43490,631,0.9954468607902527,0.9954493641853333,-2.5033950805664062e-06,0.9949361,0.0017746688
DUB|Q9Y4E8|P45983,DUB,USP15,MAPK8,492,1837,1321,SLAMF1,Q13291,630,0.9954468607902527,0.9954494833946228,-2.6226043701171875e-06,0.9949361,0.0017746688
DUB|Q9Y4E8|P45983,DUB,USP15,MAPK8,492,1837,1380,BSG,P35613,672,0.9954468607902527,0.9954494833946228,-2.6226043701171875e-06,0.9949361,0.0017746688
DUB|Q9Y4E8|P45983,DUB,USP15,MAPK8,492,1837,1398,LAMP2,P13473,616,0.9954468607902527,0.9954496026039124,-2.7418136596679688e-06,0.9949361,0.0017746688
DUB|Q9Y4E8|P45983,DUB,USP15,MAPK8,492,1837,1148,PCSK9,Q8NBP7,688,0.9954468607902527,0.9954497218132019,-2.86102294921875e-06,0.9949361,0.0017746688
DUB|Q9Y4E8|P45983,DUB,USP15,MAPK8,492,1837,328,SMURF1,Q9HCE7,667,0.9954468607902527,0.9954498410224915,-2.9802322387695312e-06,0.9949361,0.0017746688
DUB|Q9Y4E8|P45983,DUB,USP15,MAPK8,492,1837,679,EGFR,P00533,867,0.9954468607902527,0.9954501986503601,-3.337860107421875e-06,0.9949361,0.0017746688
DUB|Q9Y4E8|P45983,DUB,USP15,MAPK8,492,1837,1185,HLA-DRA,P01903,624,0.9954468607902527,0.9954501986503601,-3.337860107421875e-06,0.9949361,0.0017746688
DUB|Q9Y4E8|P45983,DUB,USP15,MAPK8,492,1837,958,CD1D,P15813,620,0.9954468607902527,0.9954503178596497,-3.4570693969726562e-06,0.9949361,0.0017746688
DUB|Q9Y4E8|P45983,DUB,USP15,MAPK8,492,1837,1186,HLA-DRB1,P01911,625,0.9954468607902527,0.9954503178596497,-3.4570693969726562e-06,0.9949361,0.0017746688
DUB|Q9Y4E8|P45983,DUB,USP15,MAPK8,492,1837,1197,HLA-DRB3,P79483,620,0.9954468607902527,0.9954505562782288,-3.6954879760742188e-06,0.9949361,0.0017746688
DUB|Q9Y4E8|P45983,DUB,USP15,MAPK8,492,1837,1190,CD74,P04233,696,0.9954468607902527,0.9954507946968079,-3.933906555175781e-06,0.9949361,0.0017746688
DUB|Q9Y4E8|P45983,DUB,USP15,MAPK8,492,1837,1448,PSEN1,P49768,639,0.9954468607902527,0.9954509139060974,-4.0531158447265625e-06,0.9949361,0.0017746688
DUB|Q9Y4E8|P45983,DUB,USP15,MAPK8,492,1837,1599,WLS,Q5T9L3,660,0.9954468607902527,0.9954512715339661,-4.410743713378906e-06,0.9949361,0.0017746688
DUB|Q9Y4E8|P45983,DUB,USP15,MAPK8,492,1837,1235,CDC42,P60953,757,0.9954468607902527,0.9954527616500854,-5.900859832763672e-06,0.9949361,0.0017746688
DUB|Q9Y4E8|P45983,DUB,USP15,MAPK8,492,1837,1152,RHOA,P61586,747,0.9954468607902527,0.9954532384872437,-6.377696990966797e-06,0.9949361,0.0017746688
DUB|Q9Y4E8|P45983,DUB,USP15,MAPK8,492,1837,1314,HLA-DQA1,P01909,647,0.9954468607902527,0.9954534769058228,-6.616115570068359e-06,0.9949361,0.0017746688
DUB|Q9Y4E8|P45983,DUB,USP15,MAPK8,492,1837,1200,HLA-DRB5,Q30154,647,0.9954468607902527,0.9954534769058228,-6.616115570068359e-06,0.9949361,0.0017746688
DUB|Q9Y4E8|P45983,DUB,USP15,MAPK8,492,1837,1315,HLA-DQB1,P01920,647,0.9954468607902527,0.9954537153244019,-6.854534149169922e-06,0.9949361,0.0017746688
DUB|Q9Y4E8|P45983,DUB,USP15,MAPK8,492,1837,1065,HLA-DRB4,P13762,645,0.9954468607902527,0.995453953742981,-7.092952728271484e-06,0.9949361,0.0017746688
DUB|Q9Y4E8|P45983,DUB,USP15,MAPK8,492,1837,1863,HSPA8,P11142,854,0.9954468607902527,0.9954543113708496,-7.450580596923828e-06,0.9949361,0.0017746688
DUB|Q9Y4E8|P27361,DUB,USP15,MAPK3,492,1101,78,CCNF,P41002,576,0.9955743551254272,0.9955644607543945,9.894371032714844e-06,0.99492836,0.0017665252
DUB|Q9Y4E8|P27361,DUB,USP15,MAPK3,492,1101,528,TP53,P04637,998,0.9955743551254272,0.995566189289093,8.165836334228516e-06,0.99492836,0.0017665252
DUB|Q9Y4E8|P27361,DUB,USP15,MAPK3,492,1101,485,ZRANB1,Q9UGI0,627,0.9955743551254272,0.9955667853355408,7.569789886474609e-06,0.99492836,0.0017665252
DUB|Q9Y4E8|P27361,DUB,USP15,MAPK3,492,1101,709,MYC,P01106,546,0.9955743551254272,0.9955676198005676,6.735324859619141e-06,0.99492836,0.0017665252
DUB|Q9Y4E8|P27361,DUB,USP15,MAPK3,492,1101,850,NPM1,P06748,521,0.9955743551254272,0.9955691695213318,5.185604095458984e-06,0.99492836,0.0017665252
DUB|Q9Y4E8|P27361,DUB,USP15,MAPK3,492,1101,2097,APC,P25054,701,0.9955743551254272,0.9955704808235168,3.874301910400391e-06,0.99492836,0.0017665252
DUB|Q9Y4E8|P27361,DUB,USP15,MAPK3,492,1101,71,PML,P29590,652,0.9955743551254272,0.9955704808235168,3.874301910400391e-06,0.99492836,0.0017665252
DUB|Q9Y4E8|P27361,DUB,USP15,MAPK3,492,1101,1881,LRRK2,Q5S007,788,0.9955743551254272,0.9955710768699646,3.2782554626464844e-06,0.99492836,0.0017665252
DUB|Q9Y4E8|P27361,DUB,USP15,MAPK3,492,1101,482,CYLD,Q9NQC7,772,0.9955743551254272,0.9955713152885437,3.039836883544922e-06,0.99492836,0.0017665252
DUB|Q9Y4E8|P27361,DUB,USP15,MAPK3,492,1101,1298,MAPT,P10636,803,0.9955743551254272,0.9955714344978333,2.9206275939941406e-06,0.99492836,0.0017665252
DUB|Q9Y4E8|P27361,DUB,USP15,MAPK3,492,1101,632,YAP1,P46937,687,0.9955743551254272,0.9955714344978333,2.9206275939941406e-06,0.99492836,0.0017665252
DUB|Q9Y4E8|P27361,DUB,USP15,MAPK3,492,1101,1637,DDX3X,O00571,879,0.9955743551254272,0.9955718517303467,2.5033950805664062e-06,0.99492836,0.0017665252
DUB|Q9Y4E8|P27361,DUB,USP15,MAPK3,492,1101,1917,WWTR1,Q9GZV5,530,0.9955743551254272,0.9955718517303467,2.5033950805664062e-06,0.99492836,0.0017665252
DUB|Q9Y4E8|P27361,DUB,USP15,MAPK3,492,1101,1861,HSP90AA1,P07900,882,0.9955743551254272,0.9955724477767944,1.9073486328125e-06,0.99492836,0.0017665252
DUB|Q9Y4E8|P27361,DUB,USP15,MAPK3,492,1101,316,WWP1,Q9H0M0,522,0.9955743551254272,0.995572566986084,1.7881393432617188e-06,0.99492836,0.0017665252
DUB|Q9Y4E8|P27361,DUB,USP15,MAPK3,492,1101,904,NOTCH1,P46531,572,0.9955743551254272,0.995572566986084,1.7881393432617188e-06,0.99492836,0.0017665252
DUB|Q9Y4E8|P27361,DUB,USP15,MAPK3,492,1101,11,AURKA,O14965,782,0.9955743551254272,0.9955728054046631,1.5497207641601562e-06,0.99492836,0.0017665252
DUB|Q9Y4E8|P27361,DUB,USP15,MAPK3,492,1101,754,CTTN,Q14247,818,0.9955743551254272,0.9955730438232422,1.3113021850585938e-06,0.99492836,0.0017665252
DUB|Q9Y4E8|P27361,DUB,USP15,MAPK3,492,1101,148,RNF43,Q68DV7,644,0.9955743551254272,0.9955730438232422,1.3113021850585938e-06,0.99492836,0.0017665252
DUB|Q9Y4E8|P27361,DUB,USP15,MAPK3,492,1101,1374,GLUL,P15104,591,0.9955743551254272,0.9955731630325317,1.1920928955078125e-06,0.99492836,0.0017665252
DUB|Q9Y4E8|P27361,DUB,USP15,MAPK3,492,1101,915,AMOT,Q4VCS5,526,0.9955743551254272,0.9955731630325317,1.1920928955078125e-06,0.99492836,0.0017665252
DUB|Q9Y4E8|P27361,DUB,USP15,MAPK3,492,1101,1615,VASP,P50552,690,0.9955743551254272,0.9955731630325317,1.1920928955078125e-06,0.99492836,0.0017665252
DUB|Q9Y4E8|P27361,DUB,USP15,MAPK3,492,1101,189,MIB1,Q86YT6,803,0.9955743551254272,0.9955732822418213,1.0728836059570312e-06,0.99492836,0.0017665252
DUB|Q9Y4E8|P27361,DUB,USP15,MAPK3,492,1101,860,HIST1H2AB,Q86WV6,860,0.9955743551254272,0.9955732822418213,1.0728836059570312e-06,0.99492836,0.0017665252
DUB|Q9Y4E8|P27361,DUB,USP15,MAPK3,492,1101,419,USP2,O75604,520,0.9955743551254272,0.9955734014511108,9.5367431640625e-07,0.99492836,0.0017665252
DUB|Q9Y4E8|P27361,DUB,USP15,MAPK3,492,1101,1536,NEDD9,Q14511,715,0.9955743551254272,0.9955734014511108,9.5367431640625e-07,0.99492836,0.0017665252
DUB|Q9Y4E8|P27361,DUB,USP15,MAPK3,492,1101,735,DLG1,Q12959,587,0.9955743551254272,0.9955734014511108,9.5367431640625e-07,0.99492836,0.0017665252
DUB|Q9Y4E8|P27361,DUB,USP15,MAPK3,492,1101,425,USP8,P40818,532,0.9955743551254272,0.9955734014511108,9.5367431640625e-07,0.99492836,0.0017665252
DUB|Q9Y4E8|P27361,DUB,USP15,MAPK3,492,1101,797,YES1,P07947,747,0.9955743551254272,0.9955735206604004,8.344650268554688e-07,0.99492836,0.0017665252
DUB|Q9Y4E8|P27361,DUB,USP15,MAPK3,492,1101,1504,PRKCA,P17252,616,0.9955743551254272,0.9955735206604004,8.344650268554688e-07,0.99492836,0.0017665252
DUB|Q9Y4E8|P27361,DUB,USP15,MAPK3,492,1101,1366,TCHP,Q9BT92,776,0.9955743551254272,0.9955735206604004,8.344650268554688e-07,0.99492836,0.0017665252
DUB|Q9Y4E8|P27361,DUB,USP15,MAPK3,492,1101,681,BECN1,Q14457,576,0.9955743551254272,0.9955736398696899,7.152557373046875e-07,0.99492836,0.0017665252
DUB|Q9Y4E8|P27361,DUB,USP15,MAPK3,492,1101,821,MTOR,P42345,819,0.9955743551254272,0.9955736398696899,7.152557373046875e-07,0.99492836,0.0017665252
DUB|Q9Y4E8|P27361,DUB,USP15,MAPK3,492,1101,787,SORBS2,O94875,656,0.9955743551254272,0.9955736398696899,7.152557373046875e-07,0.99492836,0.0017665252
DUB|Q9Y4E8|P27361,DUB,USP15,MAPK3,492,1101,1020,ARRB1,P49407,558,0.9955743551254272,0.9955736398696899,7.152557373046875e-07,0.99492836,0.0017665252
DUB|Q9Y4E8|P27361,DUB,USP15,MAPK3,492,1101,1907,TIAM1,Q13009,669,0.9955743551254272,0.9955736398696899,7.152557373046875e-07,0.99492836,0.0017665252
DUB|Q9Y4E8|P27361,DUB,USP15,MAPK3,492,1101,2011,RPS3,P23396,563,0.9955743551254272,0.9955736398696899,7.152557373046875e-07,0.99492836,0.0017665252
DUB|Q9Y4E8|P27361,DUB,USP15,MAPK3,492,1101,1727,TLN1,Q9Y490,701,0.9955743551254272,0.9955737590789795,5.960464477539062e-07,0.99492836,0.0017665252
DUB|Q9Y4E8|P27361,DUB,USP15,MAPK3,492,1101,1913,DLG5,Q8TDM6,665,0.9955743551254272,0.9955737590789795,5.960464477539062e-07,0.99492836,0.0017665252
DUB|Q9Y4E8|P27361,DUB,USP15,MAPK3,492,1101,1519,RALBP1,Q15311,779,0.9955743551254272,0.9955737590789795,5.960464477539062e-07,0.99492836,0.0017665252
DUB|Q9Y4E8|P27361,DUB,USP15,MAPK3,492,1101,1001,NR3C1,P04150,543,0.9955743551254272,0.9955737590789795,5.960464477539062e-07,0.99492836,0.0017665252
DUB|Q9Y4E8|P27361,DUB,USP15,MAPK3,492,1101,243,RFFL,Q8WZ73,521,0.9955743551254272,0.9955737590789795,5.960464477539062e-07,0.99492836,0.0017665252
DUB|Q9Y4E8|P27361,DUB,USP15,MAPK3,492,1101,876,MAP1LC3B,Q9GZQ8,558,0.9955743551254272,0.995573878288269,4.76837158203125e-07,0.99492836,0.0017665252
DUB|Q9Y4E8|P27361,DUB,USP15,MAPK3,492,1101,438,JOSD1,Q15040,659,0.9955743551254272,0.995573878288269,4.76837158203125e-07,0.99492836,0.0017665252
DUB|Q9Y4E8|P27361,DUB,USP15,MAPK3,492,1101,1242,SGK1,O00141,666,0.9955743551254272,0.995573878288269,4.76837158203125e-07,0.99492836,0.0017665252
DUB|Q9Y4E8|P27361,DUB,USP15,MAPK3,492,1101,969,RAF1,P04049,807,0.9955743551254272,0.995573878288269,4.76837158203125e-07,0.99492836,0.0017665252
DUB|Q9Y4E8|P27361,DUB,USP15,MAPK3,492,1101,674,CTNNB1,P35222,875,0.9955743551254272,0.995573878288269,4.76837158203125e-07,0.99492836,0.0017665252
DUB|Q9Y4E8|P27361,DUB,USP15,MAPK3,492,1101,803,FGR,P09769,764,0.9955743551254272,0.9955739974975586,3.5762786865234375e-07,0.99492836,0.0017665252
DUB|Q9Y4E8|P27361,DUB,USP15,MAPK3,492,1101,1664,FES,P07332,745,0.9955743551254272,0.9955739974975586,3.5762786865234375e-07,0.99492836,0.0017665252
DUB|Q9Y4E8|P27361,DUB,USP15,MAPK3,492,1101,114,SQSTM1,Q13501,667,0.9955743551254272,0.9955739974975586,3.5762786865234375e-07,0.99492836,0.0017665252
DUB|Q9Y4E8|P27361,DUB,USP15,MAPK3,492,1101,909,TNK2,Q07912,577,0.9955743551254272,0.9955739974975586,3.5762786865234375e-07,0.99492836,0.0017665252
DUB|Q9Y4E8|P27361,DUB,USP15,MAPK3,492,1101,309,AMBRA1,Q9C0C7,690,0.9955743551254272,0.9955739974975586,3.5762786865234375e-07,0.99492836,0.0017665252
DUB|Q9Y4E8|P27361,DUB,USP15,MAPK3,492,1101,1013,ARRB2,P32121,585,0.9955743551254272,0.9955739974975586,3.5762786865234375e-07,0.99492836,0.0017665252
DUB|Q9Y4E8|P27361,DUB,USP15,MAPK3,492,1101,807,SRC,P12931,840,0.9955743551254272,0.9955741167068481,2.384185791015625e-07,0.99492836,0.0017665252
DUB|Q9Y4E8|P27361,DUB,USP15,MAPK3,492,1101,966,MAP3K7,O43318,557,0.9955743551254272,0.9955742359161377,1.1920928955078125e-07,0.99492836,0.0017665252
DUB|Q9Y4E8|P27361,DUB,USP15,MAPK3,492,1101,1865,PRKACA,P17612,683,0.9955743551254272,0.9955742359161377,1.1920928955078125e-07,0.99492836,0.0017665252
DUB|Q9Y4E8|P27361,DUB,USP15,MAPK3,492,1101,671,AKT1,P31749,731,0.9955743551254272,0.9955742359161377,1.1920928955078125e-07,0.99492836,0.0017665252
DUB|Q9Y4E8|P27361,DUB,USP15,MAPK3,492,1101,642,ERBB4,Q15303,589,0.9955743551254272,0.9955742359161377,1.1920928955078125e-07,0.99492836,0.0017665252
DUB|Q9Y4E8|P27361,DUB,USP15,MAPK3,492,1101,293,TRAF4,Q9BUZ4,699,0.9955743551254272,0.9955742359161377,1.1920928955078125e-07,0.99492836,0.0017665252
DUB|Q9Y4E8|P27361,DUB,USP15,MAPK3,492,1101,23,PARK2,O60260,815,0.9955743551254272,0.9955743551254272,0.0,0.99492836,0.0017665252
DUB|Q9Y4E8|P27361,DUB,USP15,MAPK3,492,1101,1225,PARD6A,Q9NPB6,654,0.9955743551254272,0.9955744743347168,-1.1920928955078125e-07,0.99492836,0.0017665252
DUB|Q9Y4E8|P27361,DUB,USP15,MAPK3,492,1101,679,EGFR,P00533,867,0.9955743551254272,0.9955744743347168,-1.1920928955078125e-07,0.99492836,0.0017665252
DUB|Q9Y4E8|P27361,DUB,USP15,MAPK3,492,1101,1859,INSR,P06213,559,0.9955743551254272,0.9955744743347168,-1.1920928955078125e-07,0.99492836,0.0017665252
DUB|Q9Y4E8|P27361,DUB,USP15,MAPK3,492,1101,1899,CDK1,P06493,573,0.9955743551254272,0.9955745935440063,-2.384185791015625e-07,0.99492836,0.0017665252
DUB|Q9Y4E8|P27361,DUB,USP15,MAPK3,492,1101,1583,SPHK2,Q9NRA0,684,0.9955743551254272,0.9955745935440063,-2.384185791015625e-07,0.99492836,0.0017665252
DUB|Q9Y4E8|P27361,DUB,USP15,MAPK3,492,1101,1433,LDLR,P01130,569,0.9955743551254272,0.9955745935440063,-2.384185791015625e-07,0.99492836,0.0017665252
DUB|Q9Y4E8|P27361,DUB,USP15,MAPK3,492,1101,1269,OGT,O15294,725,0.9955743551254272,0.9955745935440063,-2.384185791015625e-07,0.99492836,0.0017665252
DUB|Q9Y4E8|P27361,DUB,USP15,MAPK3,492,1101,1502,CKB,P12277,623,0.9955743551254272,0.9955745935440063,-2.384185791015625e-07,0.99492836,0.0017665252
DUB|Q9Y4E8|P27361,DUB,USP15,MAPK3,492,1101,650,NLRP3,Q96P20,751,0.9955743551254272,0.9955747127532959,-3.5762786865234375e-07,0.99492836,0.0017665252
DUB|Q9Y4E8|P27361,DUB,USP15,MAPK3,492,1101,818,KDR,P35968,705,0.9955743551254272,0.9955747127532959,-3.5762786865234375e-07,0.99492836,0.0017665252
DUB|Q9Y4E8|P27361,DUB,USP15,MAPK3,492,1101,1546,PI4K2A,Q9BTU6,695,0.9955743551254272,0.9955747127532959,-3.5762786865234375e-07,0.99492836,0.0017665252
DUB|Q9Y4E8|P27361,DUB,USP15,MAPK3,492,1101,638,BCL2L1,Q07817,521,0.9955743551254272,0.9955748319625854,-4.76837158203125e-07,0.99492836,0.0017665252
DUB|Q9Y4E8|P27361,DUB,USP15,MAPK3,492,1101,289,RNF5,Q99942,668,0.9955743551254272,0.9955748319625854,-4.76837158203125e-07,0.99492836,0.0017665252
DUB|Q9Y4E8|P27361,DUB,USP15,MAPK3,492,1101,1607,VIM,P08670,791,0.9955743551254272,0.9955748319625854,-4.76837158203125e-07,0.99492836,0.0017665252
DUB|Q9Y4E8|P27361,DUB,USP15,MAPK3,492,1101,652,PARK7,Q99497,721,0.9955743551254272,0.9955748319625854,-4.76837158203125e-07,0.99492836,0.0017665252
DUB|Q9Y4E8|P27361,DUB,USP15,MAPK3,492,1101,430,USP14,P54578,546,0.9955743551254272,0.9955748319625854,-4.76837158203125e-07,0.99492836,0.0017665252
DUB|Q9Y4E8|P27361,DUB,USP15,MAPK3,492,1101,1827,PIP5K1C,O60331,519,0.9955743551254272,0.995574951171875,-5.960464477539062e-07,0.99492836,0.0017665252
DUB|Q9Y4E8|P27361,DUB,USP15,MAPK3,492,1101,537,LYN,P07948,571,0.9955743551254272,0.995574951171875,-5.960464477539062e-07,0.99492836,0.0017665252
DUB|Q9Y4E8|P27361,DUB,USP15,MAPK3,492,1101,776,PHB,P35232,731,0.9955743551254272,0.9955750703811646,-7.152557373046875e-07,0.99492836,0.0017665252
DUB|Q9Y4E8|P27361,DUB,USP15,MAPK3,492,1101,1548,TRPV4,Q9HBA0,565,0.9955743551254272,0.9955751895904541,-8.344650268554688e-07,0.99492836,0.0017665252
DUB|Q9Y4E8|P27361,DUB,USP15,MAPK3,492,1101,895,NTRK1,P04629,767,0.9955743551254272,0.9955753087997437,-9.5367431640625e-07,0.99492836,0.0017665252
DUB|Q9Y4E8|P27361,DUB,USP15,MAPK3,492,1101,63,CDH1,P12830,814,0.9955743551254272,0.9955753087997437,-9.5367431640625e-07,0.99492836,0.0017665252
DUB|Q9Y4E8|P27361,DUB,USP15,MAPK3,492,1101,1191,SLC3A2,P08195,561,0.9955743551254272,0.9955754280090332,-1.0728836059570312e-06,0.99492836,0.0017665252
DUB|Q9Y4E8|P27361,DUB,USP15,MAPK3,492,1101,1959,NOX4,Q9NPH5,562,0.9955743551254272,0.9955754280090332,-1.0728836059570312e-06,0.99492836,0.0017665252
DUB|Q9Y4E8|P27361,DUB,USP15,MAPK3,492,1101,51,DDX58,O95786,567,0.9955743551254272,0.9955754280090332,-1.0728836059570312e-06,0.99492836,0.0017665252
DUB|Q9Y4E8|P27361,DUB,USP15,MAPK3,492,1101,897,GJA1,P17302,611,0.9955743551254272,0.9955755472183228,-1.1920928955078125e-06,0.99492836,0.0017665252
DUB|Q9Y4E8|P27361,DUB,USP15,MAPK3,492,1101,1375,CAV1,Q03135,590,0.9955743551254272,0.9955755472183228,-1.1920928955078125e-06,0.99492836,0.0017665252
DUB|Q9Y4E8|P27361,DUB,USP15,MAPK3,492,1101,815,EPHA2,P29317,532,0.9955743551254272,0.9955755472183228,-1.1920928955078125e-06,0.99492836,0.0017665252
DUB|Q9Y4E8|P27361,DUB,USP15,MAPK3,492,1101,1790,ITGB1,P05556,546,0.9955743551254272,0.9955755472183228,-1.1920928955078125e-06,0.99492836,0.0017665252
DUB|Q9Y4E8|P27361,DUB,USP15,MAPK3,492,1101,629,VDAC1,P21796,722,0.9955743551254272,0.9955755472183228,-1.1920928955078125e-06,0.99492836,0.0017665252
DUB|Q9Y4E8|P27361,DUB,USP15,MAPK3,492,1101,2050,EIF4A1,P60842,546,0.9955743551254272,0.9955755472183228,-1.1920928955078125e-06,0.99492836,0.0017665252
DUB|Q9Y4E8|P27361,DUB,USP15,MAPK3,492,1101,891,NRAS,P01111,540,0.9955743551254272,0.9955756664276123,-1.3113021850585938e-06,0.99492836,0.0017665252
DUB|Q9Y4E8|P27361,DUB,USP15,MAPK3,492,1101,508,SLC11A2,P49281,753,0.9955743551254272,0.9955757856369019,-1.430511474609375e-06,0.99492836,0.0017665252
DUB|Q9Y4E8|P27361,DUB,USP15,MAPK3,492,1101,829,TEK,Q02763,703,0.9955743551254272,0.9955757856369019,-1.430511474609375e-06,0.99492836,0.0017665252
DUB|Q9Y4E8|P27361,DUB,USP15,MAPK3,492,1101,1534,CXCR4,P61073,559,0.9955743551254272,0.9955761432647705,-1.7881393432617188e-06,0.99492836,0.0017665252
DUB|Q9Y4E8|P27361,DUB,USP15,MAPK3,492,1101,1853,RPA1,P27694,543,0.9955743551254272,0.9955761432647705,-1.7881393432617188e-06,0.99492836,0.0017665252
DUB|Q9Y4E8|P27361,DUB,USP15,MAPK3,492,1101,753,HSPA5,P11021,802,0.9955743551254272,0.9955767393112183,-2.384185791015625e-06,0.99492836,0.0017665252
DUB|Q9Y4E8|P27361,DUB,USP15,MAPK3,492,1101,970,HSPA1A,P0DMV8,679,0.9955743551254272,0.9955774545669556,-3.0994415283203125e-06,0.99492836,0.0017665252
DUB|Q9Y4E8|P27361,DUB,USP15,MAPK3,492,1101,328,SMURF1,Q9HCE7,667,0.9955743551254272,0.9955782294273376,-3.874301910400391e-06,0.99492836,0.0017665252
DUB|Q9Y4E8|P27361,DUB,USP15,MAPK3,492,1101,1863,HSPA8,P11142,854,0.9955743551254272,0.9955800175666809,-5.662441253662109e-06,0.99492836,0.0017665252
DUB|Q9Y4E8|P21580,DUB,USP15,TNFAIP3,492,67,528,TP53,P04637,998,0.9952709078788757,0.995253324508667,1.7583370208740234e-05,0.99481356,0.0018888309
DUB|Q9Y4E8|P21580,DUB,USP15,TNFAIP3,492,67,114,SQSTM1,Q13501,667,0.9952709078788757,0.9952582716941833,1.2636184692382812e-05,0.99481356,0.0018888309
DUB|Q9Y4E8|P21580,DUB,USP15,TNFAIP3,492,67,1012,APEX1,P27695,516,0.9952709078788757,0.9952592253684998,1.1682510375976562e-05,0.99481356,0.0018888309
DUB|Q9Y4E8|P21580,DUB,USP15,TNFAIP3,492,67,158,RICTOR,Q6R327,673,0.9952709078788757,0.9952633380889893,7.569789886474609e-06,0.99481356,0.0018888309
DUB|Q9Y4E8|P21580,DUB,USP15,TNFAIP3,492,67,1861,HSP90AA1,P07900,882,0.9952709078788757,0.995263934135437,6.973743438720703e-06,0.99481356,0.0018888309
DUB|Q9Y4E8|P21580,DUB,USP15,TNFAIP3,492,67,11,AURKA,O14965,782,0.9952709078788757,0.9952644109725952,6.496906280517578e-06,0.99481356,0.0018888309
DUB|Q9Y4E8|P21580,DUB,USP15,TNFAIP3,492,67,681,BECN1,Q14457,576,0.9952709078788757,0.9952654838562012,5.424022674560547e-06,0.99481356,0.0018888309
DUB|Q9Y4E8|P21580,DUB,USP15,TNFAIP3,492,67,1647,GSK3B,P49841,641,0.9952709078788757,0.9952659606933594,4.947185516357422e-06,0.99481356,0.0018888309
DUB|Q9Y4E8|P21580,DUB,USP15,TNFAIP3,492,67,267,ITCH,Q96J02,611,0.9952709078788757,0.9952665567398071,4.351139068603516e-06,0.99481356,0.0018888309
DUB|Q9Y4E8|P21580,DUB,USP15,TNFAIP3,492,67,821,MTOR,P42345,819,0.9952709078788757,0.9952672719955444,3.635883331298828e-06,0.99481356,0.0018888309
DUB|Q9Y4E8|P21580,DUB,USP15,TNFAIP3,492,67,674,CTNNB1,P35222,875,0.9952709078788757,0.995267927646637,2.9802322387695312e-06,0.99481356,0.0018888309
DUB|Q9Y4E8|P21580,DUB,USP15,TNFAIP3,492,67,78,CCNF,P41002,576,0.9952709078788757,0.9952681660652161,2.7418136596679688e-06,0.99481356,0.0018888309
DUB|Q9Y4E8|P21580,DUB,USP15,TNFAIP3,492,67,1687,TRIP10,Q15642,738,0.9952709078788757,0.9952682852745056,2.6226043701171875e-06,0.99481356,0.0018888309
DUB|Q9Y4E8|P21580,DUB,USP15,TNFAIP3,492,67,1355,OPTN,Q96CV9,657,0.9952709078788757,0.9952685236930847,2.384185791015625e-06,0.99481356,0.0018888309
DUB|Q9Y4E8|P21580,DUB,USP15,TNFAIP3,492,67,671,AKT1,P31749,731,0.9952709078788757,0.9952685236930847,2.384185791015625e-06,0.99481356,0.0018888309
DUB|Q9Y4E8|P21580,DUB,USP15,TNFAIP3,492,67,485,ZRANB1,Q9UGI0,627,0.9952709078788757,0.9952687621116638,2.1457672119140625e-06,0.99481356,0.0018888309
DUB|Q9Y4E8|P21580,DUB,USP15,TNFAIP3,492,67,220,ZNRF2,Q8NHG8,523,0.9952709078788757,0.9952688813209534,2.0265579223632812e-06,0.99481356,0.0018888309
DUB|Q9Y4E8|P21580,DUB,USP15,TNFAIP3,492,67,1881,LRRK2,Q5S007,788,0.9952709078788757,0.9952691197395325,1.7881393432617188e-06,0.99481356,0.0018888309
DUB|Q9Y4E8|P21580,DUB,USP15,TNFAIP3,492,67,850,NPM1,P06748,521,0.9952709078788757,0.9952691197395325,1.7881393432617188e-06,0.99481356,0.0018888309
DUB|Q9Y4E8|P21580,DUB,USP15,TNFAIP3,492,67,2097,APC,P25054,701,0.9952709078788757,0.9952693581581116,1.5497207641601562e-06,0.99481356,0.0018888309
DUB|Q9Y4E8|P21580,DUB,USP15,TNFAIP3,492,67,148,RNF43,Q68DV7,644,0.9952709078788757,0.9952697157859802,1.1920928955078125e-06,0.99481356,0.0018888309
DUB|Q9Y4E8|P21580,DUB,USP15,TNFAIP3,492,67,1635,ATG16L1,Q676U5,511,0.9952709078788757,0.9952699542045593,9.5367431640625e-07,0.99481356,0.0018888309
DUB|Q9Y4E8|P21580,DUB,USP15,TNFAIP3,492,67,860,HIST1H2AB,Q86WV6,860,0.9952709078788757,0.9952700734138489,8.344650268554688e-07,0.99481356,0.0018888309
DUB|Q9Y4E8|P21580,DUB,USP15,TNFAIP3,492,67,904,NOTCH1,P46531,572,0.9952709078788757,0.9952700734138489,8.344650268554688e-07,0.99481356,0.0018888309
DUB|Q9Y4E8|P21580,DUB,USP15,TNFAIP3,492,67,632,YAP1,P46937,687,0.9952709078788757,0.9952701926231384,7.152557373046875e-07,0.99481356,0.0018888309
DUB|Q9Y4E8|P21580,DUB,USP15,TNFAIP3,492,67,638,BCL2L1,Q07817,521,0.9952709078788757,0.995270311832428,5.960464477539062e-07,0.99481356,0.0018888309
DUB|Q9Y4E8|P21580,DUB,USP15,TNFAIP3,492,67,1374,GLUL,P15104,591,0.9952709078788757,0.9952705502510071,3.5762786865234375e-07,0.99481356,0.0018888309
DUB|Q9Y4E8|P21580,DUB,USP15,TNFAIP3,492,67,1607,VIM,P08670,791,0.9952709078788757,0.9952705502510071,3.5762786865234375e-07,0.99481356,0.0018888309
DUB|Q9Y4E8|P21580,DUB,USP15,TNFAIP3,492,67,650,NLRP3,Q96P20,751,0.9952709078788757,0.9952705502510071,3.5762786865234375e-07,0.99481356,0.0018888309
DUB|Q9Y4E8|P21580,DUB,USP15,TNFAIP3,492,67,1917,WWTR1,Q9GZV5,530,0.9952709078788757,0.9952706694602966,2.384185791015625e-07,0.99481356,0.0018888309
DUB|Q9Y4E8|P21580,DUB,USP15,TNFAIP3,492,67,482,CYLD,Q9NQC7,772,0.9952709078788757,0.9952706694602966,2.384185791015625e-07,0.99481356,0.0018888309
DUB|Q9Y4E8|P21580,DUB,USP15,TNFAIP3,492,67,1001,NR3C1,P04150,543,0.9952709078788757,0.9952706694602966,2.384185791015625e-07,0.99481356,0.0018888309
DUB|Q9Y4E8|P21580,DUB,USP15,TNFAIP3,492,67,876,MAP1LC3B,Q9GZQ8,558,0.9952709078788757,0.9952706694602966,2.384185791015625e-07,0.99481356,0.0018888309
DUB|Q9Y4E8|P21580,DUB,USP15,TNFAIP3,492,67,629,VDAC1,P21796,722,0.9952709078788757,0.9952707886695862,1.1920928955078125e-07,0.99481356,0.0018888309
DUB|Q9Y4E8|P21580,DUB,USP15,TNFAIP3,492,67,642,ERBB4,Q15303,589,0.9952709078788757,0.9952707886695862,1.1920928955078125e-07,0.99481356,0.0018888309
DUB|Q9Y4E8|P21580,DUB,USP15,TNFAIP3,492,67,1899,CDK1,P06493,573,0.9952709078788757,0.9952707886695862,1.1920928955078125e-07,0.99481356,0.0018888309
DUB|Q9Y4E8|P21580,DUB,USP15,TNFAIP3,492,67,419,USP2,O75604,520,0.9952709078788757,0.9952707886695862,1.1920928955078125e-07,0.99481356,0.0018888309
DUB|Q9Y4E8|P21580,DUB,USP15,TNFAIP3,492,67,1637,DDX3X,O00571,879,0.9952709078788757,0.9952707886695862,1.1920928955078125e-07,0.99481356,0.0018888309
DUB|Q9Y4E8|P21580,DUB,USP15,TNFAIP3,492,67,1366,TCHP,Q9BT92,776,0.9952709078788757,0.9952709078788757,0.0,0.99481356,0.0018888309
DUB|Q9Y4E8|P21580,DUB,USP15,TNFAIP3,492,67,803,FGR,P09769,764,0.9952709078788757,0.9952709078788757,0.0,0.99481356,0.0018888309
DUB|Q9Y4E8|P21580,DUB,USP15,TNFAIP3,492,67,1242,SGK1,O00141,666,0.9952709078788757,0.9952709078788757,0.0,0.99481356,0.0018888309
DUB|Q9Y4E8|P21580,DUB,USP15,TNFAIP3,492,67,1898,PTP4A3,O75365,518,0.9952709078788757,0.9952710270881653,-1.1920928955078125e-07,0.99481356,0.0018888309
DUB|Q9Y4E8|P21580,DUB,USP15,TNFAIP3,492,67,896,RAP2A,P10114,570,0.9952709078788757,0.9952710270881653,-1.1920928955078125e-07,0.99481356,0.0018888309
DUB|Q9Y4E8|P21580,DUB,USP15,TNFAIP3,492,67,2011,RPS3,P23396,563,0.9952709078788757,0.9952710270881653,-1.1920928955078125e-07,0.99481356,0.0018888309
DUB|Q9Y4E8|P21580,DUB,USP15,TNFAIP3,492,67,1504,PRKCA,P17252,616,0.9952709078788757,0.9952710270881653,-1.1920928955078125e-07,0.99481356,0.0018888309
DUB|Q9Y4E8|P21580,DUB,USP15,TNFAIP3,492,67,438,JOSD1,Q15040,659,0.9952709078788757,0.9952710270881653,-1.1920928955078125e-07,0.99481356,0.0018888309
DUB|Q9Y4E8|P21580,DUB,USP15,TNFAIP3,492,67,1865,PRKACA,P17612,683,0.9952709078788757,0.9952710270881653,-1.1920928955078125e-07,0.99481356,0.0018888309
DUB|Q9Y4E8|P21580,DUB,USP15,TNFAIP3,492,67,969,RAF1,P04049,807,0.9952709078788757,0.9952711462974548,-2.384185791015625e-07,0.99481356,0.0018888309
DUB|Q9Y4E8|P21580,DUB,USP15,TNFAIP3,492,67,652,PARK7,Q99497,721,0.9952709078788757,0.9952711462974548,-2.384185791015625e-07,0.99481356,0.0018888309
DUB|Q9Y4E8|P21580,DUB,USP15,TNFAIP3,492,67,1546,PI4K2A,Q9BTU6,695,0.9952709078788757,0.9952711462974548,-2.384185791015625e-07,0.99481356,0.0018888309
DUB|Q9Y4E8|P21580,DUB,USP15,TNFAIP3,492,67,309,AMBRA1,Q9C0C7,690,0.9952709078788757,0.9952711462974548,-2.384185791015625e-07,0.99481356,0.0018888309
DUB|Q9Y4E8|P21580,DUB,USP15,TNFAIP3,492,67,776,PHB,P35232,731,0.9952709078788757,0.9952711462974548,-2.384185791015625e-07,0.99481356,0.0018888309
DUB|Q9Y4E8|P21580,DUB,USP15,TNFAIP3,492,67,966,MAP3K7,O43318,557,0.9952709078788757,0.9952711462974548,-2.384185791015625e-07,0.99481356,0.0018888309
DUB|Q9Y4E8|P21580,DUB,USP15,TNFAIP3,492,67,71,PML,P29590,652,0.9952709078788757,0.9952712655067444,-3.5762786865234375e-07,0.99481356,0.0018888309
DUB|Q9Y4E8|P21580,DUB,USP15,TNFAIP3,492,67,967,RIPK2,O43353,571,0.9952709078788757,0.9952712655067444,-3.5762786865234375e-07,0.99481356,0.0018888309
DUB|Q9Y4E8|P21580,DUB,USP15,TNFAIP3,492,67,1519,RALBP1,Q15311,779,0.9952709078788757,0.9952712655067444,-3.5762786865234375e-07,0.99481356,0.0018888309
DUB|Q9Y4E8|P21580,DUB,USP15,TNFAIP3,492,67,425,USP8,P40818,532,0.9952709078788757,0.9952712655067444,-3.5762786865234375e-07,0.99481356,0.0018888309
DUB|Q9Y4E8|P21580,DUB,USP15,TNFAIP3,492,67,895,NTRK1,P04629,767,0.9952709078788757,0.9952713847160339,-4.76837158203125e-07,0.99481356,0.0018888309
DUB|Q9Y4E8|P21580,DUB,USP15,TNFAIP3,492,67,189,MIB1,Q86YT6,803,0.9952709078788757,0.9952713847160339,-4.76837158203125e-07,0.99481356,0.0018888309
DUB|Q9Y4E8|P21580,DUB,USP15,TNFAIP3,492,67,1269,OGT,O15294,725,0.9952709078788757,0.9952713847160339,-4.76837158203125e-07,0.99481356,0.0018888309
DUB|Q9Y4E8|P21580,DUB,USP15,TNFAIP3,492,67,23,PARK2,O60260,815,0.9952709078788757,0.9952713847160339,-4.76837158203125e-07,0.99481356,0.0018888309
DUB|Q9Y4E8|P21580,DUB,USP15,TNFAIP3,492,67,430,USP14,P54578,546,0.9952709078788757,0.9952713847160339,-4.76837158203125e-07,0.99481356,0.0018888309
DUB|Q9Y4E8|P21580,DUB,USP15,TNFAIP3,492,67,1583,SPHK2,Q9NRA0,684,0.9952709078788757,0.9952715039253235,-5.960464477539062e-07,0.99481356,0.0018888309
DUB|Q9Y4E8|P21580,DUB,USP15,TNFAIP3,492,67,1502,CKB,P12277,623,0.9952709078788757,0.9952715039253235,-5.960464477539062e-07,0.99481356,0.0018888309
DUB|Q9Y4E8|P21580,DUB,USP15,TNFAIP3,492,67,63,CDH1,P12830,814,0.9952709078788757,0.9952715039253235,-5.960464477539062e-07,0.99481356,0.0018888309
DUB|Q9Y4E8|P21580,DUB,USP15,TNFAIP3,492,67,293,TRAF4,Q9BUZ4,699,0.9952709078788757,0.9952717423439026,-8.344650268554688e-07,0.99481356,0.0018888309
DUB|Q9Y4E8|P21580,DUB,USP15,TNFAIP3,492,67,2050,EIF4A1,P60842,546,0.9952709078788757,0.9952719807624817,-1.0728836059570312e-06,0.99481356,0.0018888309
DUB|Q9Y4E8|P21580,DUB,USP15,TNFAIP3,492,67,51,DDX58,O95786,567,0.9952709078788757,0.9952731728553772,-2.2649765014648438e-06,0.99481356,0.0018888309
DUB|Q9Y4E8|P21580,DUB,USP15,TNFAIP3,492,67,1859,INSR,P06213,559,0.9952709078788757,0.9952731728553772,-2.2649765014648438e-06,0.99481356,0.0018888309
DUB|Q9Y4E8|P21580,DUB,USP15,TNFAIP3,492,67,1794,BACE1,P56817,680,0.9952709078788757,0.9952734112739563,-2.5033950805664062e-06,0.99481356,0.0018888309
DUB|Q9Y4E8|P21580,DUB,USP15,TNFAIP3,492,67,807,SRC,P12931,840,0.9952709078788757,0.9952735304832458,-2.6226043701171875e-06,0.99481356,0.0018888309
DUB|Q9Y4E8|P21580,DUB,USP15,TNFAIP3,492,67,1325,VAMP8,Q9BV40,570,0.9952709078788757,0.9952735304832458,-2.6226043701171875e-06,0.99481356,0.0018888309
DUB|Q9Y4E8|P21580,DUB,USP15,TNFAIP3,492,67,289,RNF5,Q99942,668,0.9952709078788757,0.995273768901825,-2.86102294921875e-06,0.99481356,0.0018888309
DUB|Q9Y4E8|P21580,DUB,USP15,TNFAIP3,492,67,1696,ANKRD13A,Q8IZ07,512,0.9952709078788757,0.9952743053436279,-3.3974647521972656e-06,0.99481356,0.0018888309
DUB|Q9Y4E8|P21580,DUB,USP15,TNFAIP3,492,67,1191,SLC3A2,P08195,561,0.9952709078788757,0.995274543762207,-3.635883331298828e-06,0.99481356,0.0018888309
DUB|Q9Y4E8|P21580,DUB,USP15,TNFAIP3,492,67,227,MARCHF1,Q8TCQ1,623,0.9952709078788757,0.995274543762207,-3.635883331298828e-06,0.99481356,0.0018888309
DUB|Q9Y4E8|P21580,DUB,USP15,TNFAIP3,492,67,1557,ELAVL1,Q15717,622,0.9952709078788757,0.9952746629714966,-3.7550926208496094e-06,0.99481356,0.0018888309
DUB|Q9Y4E8|P21580,DUB,USP15,TNFAIP3,492,67,1148,PCSK9,Q8NBP7,688,0.9952709078788757,0.9952749013900757,-3.993511199951172e-06,0.99481356,0.0018888309
DUB|Q9Y4E8|P21580,DUB,USP15,TNFAIP3,492,67,802,PDGFRB,P09619,565,0.9952709078788757,0.9952752590179443,-4.351139068603516e-06,0.99481356,0.0018888309
DUB|Q9Y4E8|P21580,DUB,USP15,TNFAIP3,492,67,356,MARCHF2,Q9P0N8,643,0.9952709078788757,0.995275616645813,-4.708766937255859e-06,0.99481356,0.0018888309
DUB|Q9Y4E8|P21580,DUB,USP15,TNFAIP3,492,67,1863,HSPA8,P11142,854,0.9952709078788757,0.995275616645813,-4.708766937255859e-06,0.99481356,0.0018888309
DUB|Q9Y4E8|P21580,DUB,USP15,TNFAIP3,492,67,1807,IFNAR1,P17181,528,0.9952709078788757,0.9952765703201294,-5.662441253662109e-06,0.99481356,0.0018888309
DUB|Q9Y4E8|P21580,DUB,USP15,TNFAIP3,492,67,324,RNF167,Q9H6Y7,527,0.9952709078788757,0.9952770471572876,-6.139278411865234e-06,0.99481356,0.0018888309
DUB|Q9Y4E8|P21580,DUB,USP15,TNFAIP3,492,67,1433,LDLR,P01130,569,0.9952709078788757,0.9952772855758667,-6.377696990966797e-06,0.99481356,0.0018888309
DUB|Q9Y4E8|P21580,DUB,USP15,TNFAIP3,492,67,1190,CD74,P04233,696,0.9952709078788757,0.9952776432037354,-6.735324859619141e-06,0.99481356,0.0018888309
DUB|Q9Y4E8|P21580,DUB,USP15,TNFAIP3,492,67,907,IFITM3,Q01628,551,0.9952709078788757,0.9952777624130249,-6.854534149169922e-06,0.99481356,0.0018888309
DUB|Q9Y4E8|P21580,DUB,USP15,TNFAIP3,492,67,1725,UBQLN1,Q9UMX0,658,0.9952709078788757,0.9952784776687622,-7.569789886474609e-06,0.99481356,0.0018888309
DUB|Q9Y4E8|P21580,DUB,USP15,TNFAIP3,492,67,508,SLC11A2,P49281,753,0.9952709078788757,0.9952787160873413,-7.808208465576172e-06,0.99481356,0.0018888309
DUB|Q9Y4E8|P21580,DUB,USP15,TNFAIP3,492,67,2007,HAS2,Q92819,652,0.9952709078788757,0.9952801465988159,-9.238719940185547e-06,0.99481356,0.0018888309
DUB|Q9Y4E8|P21580,DUB,USP15,TNFAIP3,492,67,1534,CXCR4,P61073,559,0.9952709078788757,0.9952804446220398,-9.5367431640625e-06,0.99481356,0.0018888309
DUB|Q9Y4E8|P21580,DUB,USP15,TNFAIP3,492,67,1398,LAMP2,P13473,616,0.9952709078788757,0.9952805638313293,-9.655952453613281e-06,0.99481356,0.0018888309
DUB|Q9Y4E8|P21580,DUB,USP15,TNFAIP3,492,67,1185,HLA-DRA,P01903,624,0.9952709078788757,0.9952815175056458,-1.0609626770019531e-05,0.99481356,0.0018888309
DUB|Q9Y4E8|P21580,DUB,USP15,TNFAIP3,492,67,1186,HLA-DRB1,P01911,625,0.9952709078788757,0.9952822327613831,-1.1324882507324219e-05,0.99481356,0.0018888309
DUB|Q9Y4E8|P21580,DUB,USP15,TNFAIP3,492,67,1200,HLA-DRB5,Q30154,647,0.9952709078788757,0.9952824711799622,-1.1563301086425781e-05,0.99481356,0.0018888309
DUB|Q9Y4E8|P21580,DUB,USP15,TNFAIP3,492,67,1314,HLA-DQA1,P01909,647,0.9952709078788757,0.9952824711799622,-1.1563301086425781e-05,0.99481356,0.0018888309
DUB|Q9Y4E8|P21580,DUB,USP15,TNFAIP3,492,67,1197,HLA-DRB3,P79483,620,0.9952709078788757,0.9952827095985413,-1.1801719665527344e-05,0.99481356,0.0018888309
DUB|Q9Y4E8|P21580,DUB,USP15,TNFAIP3,492,67,958,CD1D,P15813,620,0.9952709078788757,0.9952827095985413,-1.1801719665527344e-05,0.99481356,0.0018888309
DUB|Q9Y4E8|P21580,DUB,USP15,TNFAIP3,492,67,1315,HLA-DQB1,P01920,647,0.9952709078788757,0.9952827095985413,-1.1801719665527344e-05,0.99481356,0.0018888309
DUB|Q9Y4E8|P21580,DUB,USP15,TNFAIP3,492,67,1065,HLA-DRB4,P13762,645,0.9952709078788757,0.9952831864356995,-1.2278556823730469e-05,0.99481356,0.0018888309
DUB|Q9Y4E8|P21580,DUB,USP15,TNFAIP3,492,67,328,SMURF1,Q9HCE7,667,0.9952709078788757,0.995297372341156,-2.6464462280273438e-05,0.99481356,0.0018888309
DUB|Q14694|P35222,DUB,USP10,CTNNB1,436,674,674,CTNNB1,P35222,875,0.9953365921974182,0.9915696978569031,0.0037668943405151367,0.9948136,0.0017541168
DUB|Q14694|P35222,DUB,USP10,CTNNB1,436,674,1298,MAPT,P10636,803,0.9953365921974182,0.9953320622444153,4.5299530029296875e-06,0.9948136,0.0017541168
DUB|Q14694|P35222,DUB,USP10,CTNNB1,436,674,528,TP53,P04637,998,0.9953365921974182,0.9953321814537048,4.410743713378906e-06,0.9948136,0.0017541168
DUB|Q14694|P35222,DUB,USP10,CTNNB1,436,674,632,YAP1,P46937,687,0.9953365921974182,0.9953321814537048,4.410743713378906e-06,0.9948136,0.0017541168
DUB|Q14694|P35222,DUB,USP10,CTNNB1,436,674,586,ESR1,P03372,919,0.9953365921974182,0.9953333735466003,3.2186508178710938e-06,0.9948136,0.0017541168
DUB|Q14694|P35222,DUB,USP10,CTNNB1,436,674,895,NTRK1,P04629,767,0.9953365921974182,0.9953334927558899,3.0994415283203125e-06,0.9948136,0.0017541168
DUB|Q14694|P35222,DUB,USP10,CTNNB1,436,674,1148,PCSK9,Q8NBP7,688,0.9953365921974182,0.9953334927558899,3.0994415283203125e-06,0.9948136,0.0017541168
DUB|Q14694|P35222,DUB,USP10,CTNNB1,436,674,2097,APC,P25054,701,0.9953365921974182,0.9953336119651794,2.9802322387695312e-06,0.9948136,0.0017541168
DUB|Q14694|P35222,DUB,USP10,CTNNB1,436,674,1380,BSG,P35613,672,0.9953365921974182,0.9953339695930481,2.6226043701171875e-06,0.9948136,0.0017541168
DUB|Q14694|P35222,DUB,USP10,CTNNB1,436,674,787,SORBS2,O94875,656,0.9953365921974182,0.9953339695930481,2.6226043701171875e-06,0.9948136,0.0017541168
DUB|Q14694|P35222,DUB,USP10,CTNNB1,436,674,812,FGFR4,P22455,692,0.9953365921974182,0.9953340888023376,2.5033950805664062e-06,0.9948136,0.0017541168
DUB|Q14694|P35222,DUB,USP10,CTNNB1,436,674,1979,NUMA1,Q14980,732,0.9953365921974182,0.9953340888023376,2.5033950805664062e-06,0.9948136,0.0017541168
DUB|Q14694|P35222,DUB,USP10,CTNNB1,436,674,11,AURKA,O14965,782,0.9953365921974182,0.9953340888023376,2.5033950805664062e-06,0.9948136,0.0017541168
DUB|Q14694|P35222,DUB,USP10,CTNNB1,436,674,1637,DDX3X,O00571,879,0.9953365921974182,0.9953340888023376,2.5033950805664062e-06,0.9948136,0.0017541168
DUB|Q14694|P35222,DUB,USP10,CTNNB1,436,674,482,CYLD,Q9NQC7,772,0.9953365921974182,0.9953343272209167,2.2649765014648438e-06,0.9948136,0.0017541168
DUB|Q14694|P35222,DUB,USP10,CTNNB1,436,674,1190,CD74,P04233,696,0.9953365921974182,0.9953343272209167,2.2649765014648438e-06,0.9948136,0.0017541168
DUB|Q14694|P35222,DUB,USP10,CTNNB1,436,674,424,USP6,P35125,695,0.9953365921974182,0.9953345656394958,2.0265579223632812e-06,0.9948136,0.0017541168
DUB|Q14694|P35222,DUB,USP10,CTNNB1,436,674,114,SQSTM1,Q13501,667,0.9953365921974182,0.9953345656394958,2.0265579223632812e-06,0.9948136,0.0017541168
DUB|Q14694|P35222,DUB,USP10,CTNNB1,436,674,508,SLC11A2,P49281,753,0.9953365921974182,0.9953345656394958,2.0265579223632812e-06,0.9948136,0.0017541168
DUB|Q14694|P35222,DUB,USP10,CTNNB1,436,674,1794,BACE1,P56817,680,0.9953365921974182,0.9953346848487854,1.9073486328125e-06,0.9948136,0.0017541168
DUB|Q14694|P35222,DUB,USP10,CTNNB1,436,674,808,CFTR,P13569,742,0.9953365921974182,0.9953349232673645,1.6689300537109375e-06,0.9948136,0.0017541168
DUB|Q14694|P35222,DUB,USP10,CTNNB1,436,674,1297,APP,P05067,940,0.9953365921974182,0.995335042476654,1.5497207641601562e-06,0.9948136,0.0017541168
DUB|Q14694|P35222,DUB,USP10,CTNNB1,436,674,1900,ATF4,P18848,667,0.9953365921974182,0.995335042476654,1.5497207641601562e-06,0.9948136,0.0017541168
DUB|Q14694|P35222,DUB,USP10,CTNNB1,436,674,1546,PI4K2A,Q9BTU6,695,0.9953365921974182,0.995335042476654,1.5497207641601562e-06,0.9948136,0.0017541168
DUB|Q14694|P35222,DUB,USP10,CTNNB1,436,674,1599,WLS,Q5T9L3,660,0.9953365921974182,0.995335042476654,1.5497207641601562e-06,0.9948136,0.0017541168
DUB|Q14694|P35222,DUB,USP10,CTNNB1,436,674,754,CTTN,Q14247,818,0.9953365921974182,0.995335042476654,1.5497207641601562e-06,0.9948136,0.0017541168
DUB|Q14694|P35222,DUB,USP10,CTNNB1,436,674,1913,DLG5,Q8TDM6,665,0.9953365921974182,0.995335042476654,1.5497207641601562e-06,0.9948136,0.0017541168
DUB|Q14694|P35222,DUB,USP10,CTNNB1,436,674,818,KDR,P35968,705,0.9953365921974182,0.9953351616859436,1.430511474609375e-06,0.9948136,0.0017541168
DUB|Q14694|P35222,DUB,USP10,CTNNB1,436,674,1869,NOS3,P29474,705,0.9953365921974182,0.9953351616859436,1.430511474609375e-06,0.9948136,0.0017541168
DUB|Q14694|P35222,DUB,USP10,CTNNB1,436,674,679,EGFR,P00533,867,0.9953365921974182,0.9953354001045227,1.1920928955078125e-06,0.9948136,0.0017541168
DUB|Q14694|P35222,DUB,USP10,CTNNB1,436,674,1366,TCHP,Q9BT92,776,0.9953365921974182,0.9953354001045227,1.1920928955078125e-06,0.9948136,0.0017541168
DUB|Q14694|P35222,DUB,USP10,CTNNB1,436,674,1907,TIAM1,Q13009,669,0.9953365921974182,0.9953354001045227,1.1920928955078125e-06,0.9948136,0.0017541168
DUB|Q14694|P35222,DUB,USP10,CTNNB1,436,674,1536,NEDD9,Q14511,715,0.9953365921974182,0.9953354001045227,1.1920928955078125e-06,0.9948136,0.0017541168
DUB|Q14694|P35222,DUB,USP10,CTNNB1,436,674,1209,PTPN14,Q15678,659,0.9953365921974182,0.9953356385231018,9.5367431640625e-07,0.9948136,0.0017541168
DUB|Q14694|P35222,DUB,USP10,CTNNB1,436,674,1881,LRRK2,Q5S007,788,0.9953365921974182,0.9953356385231018,9.5367431640625e-07,0.9948136,0.0017541168
DUB|Q14694|P35222,DUB,USP10,CTNNB1,436,674,1615,VASP,P50552,690,0.9953365921974182,0.9953356385231018,9.5367431640625e-07,0.9948136,0.0017541168
DUB|Q14694|P35222,DUB,USP10,CTNNB1,436,674,1861,HSP90AA1,P07900,882,0.9953365921974182,0.9953356385231018,9.5367431640625e-07,0.9948136,0.0017541168
DUB|Q14694|P35222,DUB,USP10,CTNNB1,436,674,1664,FES,P07332,745,0.9953365921974182,0.9953356385231018,9.5367431640625e-07,0.9948136,0.0017541168
DUB|Q14694|P35222,DUB,USP10,CTNNB1,436,674,1551,SNX9,Q9Y5X1,756,0.9953365921974182,0.9953357577323914,8.344650268554688e-07,0.9948136,0.0017541168
DUB|Q14694|P35222,DUB,USP10,CTNNB1,436,674,438,JOSD1,Q15040,659,0.9953365921974182,0.9953357577323914,8.344650268554688e-07,0.9948136,0.0017541168
DUB|Q14694|P35222,DUB,USP10,CTNNB1,436,674,281,RAB40C,Q96S21,700,0.9953365921974182,0.9953357577323914,8.344650268554688e-07,0.9948136,0.0017541168
DUB|Q14694|P35222,DUB,USP10,CTNNB1,436,674,1519,RALBP1,Q15311,779,0.9953365921974182,0.9953357577323914,8.344650268554688e-07,0.9948136,0.0017541168
DUB|Q14694|P35222,DUB,USP10,CTNNB1,436,674,1687,TRIP10,Q15642,738,0.9953365921974182,0.9953357577323914,8.344650268554688e-07,0.9948136,0.0017541168
DUB|Q14694|P35222,DUB,USP10,CTNNB1,436,674,1607,VIM,P08670,791,0.9953365921974182,0.9953357577323914,8.344650268554688e-07,0.9948136,0.0017541168
DUB|Q14694|P35222,DUB,USP10,CTNNB1,436,674,189,MIB1,Q86YT6,803,0.9953365921974182,0.9953358769416809,7.152557373046875e-07,0.9948136,0.0017541168
DUB|Q14694|P35222,DUB,USP10,CTNNB1,436,674,82,RNF144A,P50876,657,0.9953365921974182,0.9953358769416809,7.152557373046875e-07,0.9948136,0.0017541168
DUB|Q14694|P35222,DUB,USP10,CTNNB1,436,674,1672,CSNK1D,P48730,741,0.9953365921974182,0.9953358769416809,7.152557373046875e-07,0.9948136,0.0017541168
DUB|Q14694|P35222,DUB,USP10,CTNNB1,436,674,797,YES1,P07947,747,0.9953365921974182,0.9953358769416809,7.152557373046875e-07,0.9948136,0.0017541168
DUB|Q14694|P35222,DUB,USP10,CTNNB1,436,674,17,PJA2,O43164,805,0.9953365921974182,0.9953359961509705,5.960464477539062e-07,0.9948136,0.0017541168
DUB|Q14694|P35222,DUB,USP10,CTNNB1,436,674,1237,ANXA2,P07355,658,0.9953365921974182,0.9953359961509705,5.960464477539062e-07,0.9948136,0.0017541168
DUB|Q14694|P35222,DUB,USP10,CTNNB1,436,674,1828,MACF1,Q9UPN3,732,0.9953365921974182,0.9953359961509705,5.960464477539062e-07,0.9948136,0.0017541168
DUB|Q14694|P35222,DUB,USP10,CTNNB1,436,674,1426,PRKCE,Q02156,712,0.9953365921974182,0.9953359961509705,5.960464477539062e-07,0.9948136,0.0017541168
DUB|Q14694|P35222,DUB,USP10,CTNNB1,436,674,63,CDH1,P12830,814,0.9953365921974182,0.99533611536026,4.76837158203125e-07,0.9948136,0.0017541168
DUB|Q14694|P35222,DUB,USP10,CTNNB1,436,674,803,FGR,P09769,764,0.9953365921974182,0.99533611536026,4.76837158203125e-07,0.9948136,0.0017541168
DUB|Q14694|P35222,DUB,USP10,CTNNB1,436,674,309,AMBRA1,Q9C0C7,690,0.9953365921974182,0.99533611536026,4.76837158203125e-07,0.9948136,0.0017541168
DUB|Q14694|P35222,DUB,USP10,CTNNB1,436,674,1694,MARK2,Q7KZI7,681,0.9953365921974182,0.99533611536026,4.76837158203125e-07,0.9948136,0.0017541168
DUB|Q14694|P35222,DUB,USP10,CTNNB1,436,674,1242,SGK1,O00141,666,0.9953365921974182,0.9953362345695496,3.5762786865234375e-07,0.9948136,0.0017541168
DUB|Q14694|P35222,DUB,USP10,CTNNB1,436,674,1307,GNAI3,P08754,672,0.9953365921974182,0.9953362345695496,3.5762786865234375e-07,0.9948136,0.0017541168
DUB|Q14694|P35222,DUB,USP10,CTNNB1,436,674,1524,INPPL1,O15357,666,0.9953365921974182,0.9953362345695496,3.5762786865234375e-07,0.9948136,0.0017541168
DUB|Q14694|P35222,DUB,USP10,CTNNB1,436,674,821,MTOR,P42345,819,0.9953365921974182,0.9953363537788391,2.384185791015625e-07,0.9948136,0.0017541168
DUB|Q14694|P35222,DUB,USP10,CTNNB1,436,674,1865,PRKACA,P17612,683,0.9953365921974182,0.9953363537788391,2.384185791015625e-07,0.9948136,0.0017541168
DUB|Q14694|P35222,DUB,USP10,CTNNB1,436,674,158,RICTOR,Q6R327,673,0.9953365921974182,0.9953363537788391,2.384185791015625e-07,0.9948136,0.0017541168
DUB|Q14694|P35222,DUB,USP10,CTNNB1,436,674,822,ZAP70,P43403,655,0.9953365921974182,0.9953363537788391,2.384185791015625e-07,0.9948136,0.0017541168
DUB|Q14694|P35222,DUB,USP10,CTNNB1,436,674,1343,PKD1,P98161,673,0.9953365921974182,0.9953364729881287,1.1920928955078125e-07,0.9948136,0.0017541168
DUB|Q14694|P35222,DUB,USP10,CTNNB1,436,674,1050,ANXA1,P04083,813,0.9953365921974182,0.9953364729881287,1.1920928955078125e-07,0.9948136,0.0017541168
DUB|Q14694|P35222,DUB,USP10,CTNNB1,436,674,652,PARK7,Q99497,721,0.9953365921974182,0.9953364729881287,1.1920928955078125e-07,0.9948136,0.0017541168
DUB|Q14694|P35222,DUB,USP10,CTNNB1,436,674,860,HIST1H2AB,Q86WV6,860,0.9953365921974182,0.9953364729881287,1.1920928955078125e-07,0.9948136,0.0017541168
DUB|Q14694|P35222,DUB,USP10,CTNNB1,436,674,23,PARK2,O60260,815,0.9953365921974182,0.9953364729881287,1.1920928955078125e-07,0.9948136,0.0017541168
DUB|Q14694|P35222,DUB,USP10,CTNNB1,436,674,776,PHB,P35232,731,0.9953365921974182,0.9953364729881287,1.1920928955078125e-07,0.9948136,0.0017541168
DUB|Q14694|P35222,DUB,USP10,CTNNB1,436,674,650,NLRP3,Q96P20,751,0.9953365921974182,0.9953364729881287,1.1920928955078125e-07,0.9948136,0.0017541168
DUB|Q14694|P35222,DUB,USP10,CTNNB1,436,674,1725,UBQLN1,Q9UMX0,658,0.9953365921974182,0.9953365921974182,0.0,0.9948136,0.0017541168
DUB|Q14694|P35222,DUB,USP10,CTNNB1,436,674,1583,SPHK2,Q9NRA0,684,0.9953365921974182,0.9953365921974182,0.0,0.9948136,0.0017541168
DUB|Q14694|P35222,DUB,USP10,CTNNB1,436,674,1568,SCNN1A,P37088,696,0.9953365921974182,0.9953365921974182,0.0,0.9948136,0.0017541168
DUB|Q14694|P35222,DUB,USP10,CTNNB1,436,674,1760,UTRN,P46939,668,0.9953365921974182,0.9953365921974182,0.0,0.9948136,0.0017541168
DUB|Q14694|P35222,DUB,USP10,CTNNB1,436,674,1727,TLN1,Q9Y490,701,0.9953365921974182,0.9953367114067078,-1.1920928955078125e-07,0.9948136,0.0017541168
DUB|Q14694|P35222,DUB,USP10,CTNNB1,436,674,1269,OGT,O15294,725,0.9953365921974182,0.9953367114067078,-1.1920928955078125e-07,0.9948136,0.0017541168
DUB|Q14694|P35222,DUB,USP10,CTNNB1,436,674,1089,DTNBP1,Q96EV8,669,0.9953365921974182,0.9953368306159973,-2.384185791015625e-07,0.9948136,0.0017541168
DUB|Q14694|P35222,DUB,USP10,CTNNB1,436,674,807,SRC,P12931,840,0.9953365921974182,0.9953368306159973,-2.384185791015625e-07,0.9948136,0.0017541168
DUB|Q14694|P35222,DUB,USP10,CTNNB1,436,674,1668,MSN,P26038,696,0.9953365921974182,0.9953368306159973,-2.384185791015625e-07,0.9948136,0.0017541168
DUB|Q14694|P35222,DUB,USP10,CTNNB1,436,674,813,FGFR3,P22607,664,0.9953365921974182,0.9953368306159973,-2.384185791015625e-07,0.9948136,0.0017541168
DUB|Q14694|P35222,DUB,USP10,CTNNB1,436,674,629,VDAC1,P21796,722,0.9953365921974182,0.9953368306159973,-2.384185791015625e-07,0.9948136,0.0017541168
DUB|Q14694|P35222,DUB,USP10,CTNNB1,436,674,77,VHL,P40337,669,0.9953365921974182,0.9953369498252869,-3.5762786865234375e-07,0.9948136,0.0017541168
DUB|Q14694|P35222,DUB,USP10,CTNNB1,436,674,671,AKT1,P31749,731,0.9953365921974182,0.9953369498252869,-3.5762786865234375e-07,0.9948136,0.0017541168
DUB|Q14694|P35222,DUB,USP10,CTNNB1,436,674,969,RAF1,P04049,807,0.9953365921974182,0.9953369498252869,-3.5762786865234375e-07,0.9948136,0.0017541168
DUB|Q14694|P35222,DUB,USP10,CTNNB1,436,674,1908,PKD2,Q13563,668,0.9953365921974182,0.9953371286392212,-5.364418029785156e-07,0.9948136,0.0017541168
DUB|Q14694|P35222,DUB,USP10,CTNNB1,436,674,1355,OPTN,Q96CV9,657,0.9953365921974182,0.9953372478485107,-6.556510925292969e-07,0.9948136,0.0017541168
DUB|Q14694|P35222,DUB,USP10,CTNNB1,436,674,289,RNF5,Q99942,668,0.9953365921974182,0.9953372478485107,-6.556510925292969e-07,0.9948136,0.0017541168
DUB|Q14694|P35222,DUB,USP10,CTNNB1,436,674,1235,CDC42,P60953,757,0.9953365921974182,0.995337724685669,-1.1324882507324219e-06,0.9948136,0.0017541168
DUB|Q14694|P35222,DUB,USP10,CTNNB1,436,674,68,KITLG,P21583,685,0.9953365921974182,0.995337724685669,-1.1324882507324219e-06,0.9948136,0.0017541168
DUB|Q14694|P35222,DUB,USP10,CTNNB1,436,674,293,TRAF4,Q9BUZ4,699,0.9953365921974182,0.995337724685669,-1.1324882507324219e-06,0.9948136,0.0017541168
DUB|Q14694|P35222,DUB,USP10,CTNNB1,436,674,1152,RHOA,P61586,747,0.9953365921974182,0.995337724685669,-1.1324882507324219e-06,0.9948136,0.0017541168
DUB|Q14694|P35222,DUB,USP10,CTNNB1,436,674,805,FGFR1,P11362,683,0.9953365921974182,0.995337963104248,-1.3709068298339844e-06,0.9948136,0.0017541168
DUB|Q14694|P35222,DUB,USP10,CTNNB1,436,674,1520,ARL6IP5,O75915,760,0.9953365921974182,0.9953382015228271,-1.6093254089355469e-06,0.9948136,0.0017541168
DUB|Q14694|P35222,DUB,USP10,CTNNB1,436,674,753,HSPA5,P11021,802,0.9953365921974182,0.9953383207321167,-1.7285346984863281e-06,0.9948136,0.0017541168
DUB|Q14694|P35222,DUB,USP10,CTNNB1,436,674,328,SMURF1,Q9HCE7,667,0.9953365921974182,0.9953385591506958,-1.9669532775878906e-06,0.9948136,0.0017541168
DUB|Q14694|P35222,DUB,USP10,CTNNB1,436,674,1418,CD40LG,P29965,689,0.9953365921974182,0.9953386783599854,-2.086162567138672e-06,0.9948136,0.0017541168
DUB|Q14694|P35222,DUB,USP10,CTNNB1,436,674,970,HSPA1A,P0DMV8,679,0.9953365921974182,0.9953389167785645,-2.3245811462402344e-06,0.9948136,0.0017541168
DUB|Q14694|P35222,DUB,USP10,CTNNB1,436,674,829,TEK,Q02763,703,0.9953365921974182,0.9953389167785645,-2.3245811462402344e-06,0.9948136,0.0017541168
DUB|Q14694|P35222,DUB,USP10,CTNNB1,436,674,1417,CD44,P16070,717,0.9953365921974182,0.995339035987854,-2.4437904357910156e-06,0.9948136,0.0017541168
DUB|Q14694|P35222,DUB,USP10,CTNNB1,436,674,1863,HSPA8,P11142,854,0.9953365921974182,0.9953391551971436,-2.562999725341797e-06,0.9948136,0.0017541168
DUB|Q14694|P27361,DUB,USP10,MAPK3,436,1101,78,CCNF,P41002,576,0.9956652522087097,0.9956574440002441,7.808208465576172e-06,0.9948578,0.0017557165
DUB|Q14694|P27361,DUB,USP10,MAPK3,436,1101,485,ZRANB1,Q9UGI0,627,0.9956652522087097,0.9956583976745605,6.854534149169922e-06,0.9948578,0.0017557165
DUB|Q14694|P27361,DUB,USP10,MAPK3,436,1101,71,PML,P29590,652,0.9956652522087097,0.9956591129302979,6.139278411865234e-06,0.9948578,0.0017557165
DUB|Q14694|P27361,DUB,USP10,MAPK3,436,1101,528,TP53,P04637,998,0.9956652522087097,0.9956598877906799,5.364418029785156e-06,0.9948578,0.0017557165
DUB|Q14694|P27361,DUB,USP10,MAPK3,436,1101,1298,MAPT,P10636,803,0.9956652522087097,0.9956609606742859,4.291534423828125e-06,0.9948578,0.0017557165
DUB|Q14694|P27361,DUB,USP10,MAPK3,436,1101,482,CYLD,Q9NQC7,772,0.9956652522087097,0.9956619143486023,3.337860107421875e-06,0.9948578,0.0017557165
DUB|Q14694|P27361,DUB,USP10,MAPK3,436,1101,11,AURKA,O14965,782,0.9956652522087097,0.9956627488136292,2.5033950805664062e-06,0.9948578,0.0017557165
DUB|Q14694|P27361,DUB,USP10,MAPK3,436,1101,1881,LRRK2,Q5S007,788,0.9956652522087097,0.9956627488136292,2.5033950805664062e-06,0.9948578,0.0017557165
DUB|Q14694|P27361,DUB,USP10,MAPK3,436,1101,114,SQSTM1,Q13501,667,0.9956652522087097,0.9956628680229187,2.384185791015625e-06,0.9948578,0.0017557165
DUB|Q14694|P27361,DUB,USP10,MAPK3,436,1101,904,NOTCH1,P46531,572,0.9956652522087097,0.9956632256507874,2.0265579223632812e-06,0.9948578,0.0017557165
DUB|Q14694|P27361,DUB,USP10,MAPK3,436,1101,424,USP6,P35125,695,0.9956652522087097,0.9956633448600769,1.9073486328125e-06,0.9948578,0.0017557165
DUB|Q14694|P27361,DUB,USP10,MAPK3,436,1101,1861,HSP90AA1,P07900,882,0.9956652522087097,0.9956634640693665,1.7881393432617188e-06,0.9948578,0.0017557165
DUB|Q14694|P27361,DUB,USP10,MAPK3,436,1101,1538,ITSN1,Q15811,579,0.9956652522087097,0.9956634640693665,1.7881393432617188e-06,0.9948578,0.0017557165
DUB|Q14694|P27361,DUB,USP10,MAPK3,436,1101,267,ITCH,Q96J02,611,0.9956652522087097,0.995663583278656,1.6689300537109375e-06,0.9948578,0.0017557165
DUB|Q14694|P27361,DUB,USP10,MAPK3,436,1101,860,HIST1H2AB,Q86WV6,860,0.9956652522087097,0.995663583278656,1.6689300537109375e-06,0.9948578,0.0017557165
DUB|Q14694|P27361,DUB,USP10,MAPK3,436,1101,679,EGFR,P00533,867,0.9956652522087097,0.995663583278656,1.6689300537109375e-06,0.9948578,0.0017557165
DUB|Q14694|P27361,DUB,USP10,MAPK3,436,1101,63,CDH1,P12830,814,0.9956652522087097,0.9956637024879456,1.5497207641601562e-06,0.9948578,0.0017557165
DUB|Q14694|P27361,DUB,USP10,MAPK3,436,1101,1546,PI4K2A,Q9BTU6,695,0.9956652522087097,0.9956640601158142,1.1920928955078125e-06,0.9948578,0.0017557165
DUB|Q14694|P27361,DUB,USP10,MAPK3,436,1101,1148,PCSK9,Q8NBP7,688,0.9956652522087097,0.9956640601158142,1.1920928955078125e-06,0.9948578,0.0017557165
DUB|Q14694|P27361,DUB,USP10,MAPK3,436,1101,586,ESR1,P03372,919,0.9956652522087097,0.9956640601158142,1.1920928955078125e-06,0.9948578,0.0017557165
DUB|Q14694|P27361,DUB,USP10,MAPK3,436,1101,1504,PRKCA,P17252,616,0.9956652522087097,0.9956640601158142,1.1920928955078125e-06,0.9948578,0.0017557165
DUB|Q14694|P27361,DUB,USP10,MAPK3,436,1101,895,NTRK1,P04629,767,0.9956652522087097,0.9956641793251038,1.0728836059570312e-06,0.9948578,0.0017557165
DUB|Q14694|P27361,DUB,USP10,MAPK3,436,1101,1013,ARRB2,P32121,585,0.9956652522087097,0.9956642985343933,9.5367431640625e-07,0.9948578,0.0017557165
DUB|Q14694|P27361,DUB,USP10,MAPK3,436,1101,792,ERBB2,P04626,573,0.9956652522087097,0.9956642985343933,9.5367431640625e-07,0.9948578,0.0017557165
DUB|Q14694|P27361,DUB,USP10,MAPK3,436,1101,812,FGFR4,P22455,692,0.9956652522087097,0.9956642985343933,9.5367431640625e-07,0.9948578,0.0017557165
DUB|Q14694|P27361,DUB,USP10,MAPK3,436,1101,1051,ENO1,P06733,593,0.9956652522087097,0.9956644177436829,8.344650268554688e-07,0.9948578,0.0017557165
DUB|Q14694|P27361,DUB,USP10,MAPK3,436,1101,909,TNK2,Q07912,577,0.9956652522087097,0.9956644177436829,8.344650268554688e-07,0.9948578,0.0017557165
DUB|Q14694|P27361,DUB,USP10,MAPK3,436,1101,1089,DTNBP1,Q96EV8,669,0.9956652522087097,0.9956645369529724,7.152557373046875e-07,0.9948578,0.0017557165
DUB|Q14694|P27361,DUB,USP10,MAPK3,436,1101,829,TEK,Q02763,703,0.9956652522087097,0.9956645369529724,7.152557373046875e-07,0.9948578,0.0017557165
DUB|Q14694|P27361,DUB,USP10,MAPK3,436,1101,1355,OPTN,Q96CV9,657,0.9956652522087097,0.9956645369529724,7.152557373046875e-07,0.9948578,0.0017557165
DUB|Q14694|P27361,DUB,USP10,MAPK3,436,1101,1297,APP,P05067,940,0.9956652522087097,0.995664656162262,5.960464477539062e-07,0.9948578,0.0017557165
DUB|Q14694|P27361,DUB,USP10,MAPK3,436,1101,1190,CD74,P04233,696,0.9956652522087097,0.9956647753715515,4.76837158203125e-07,0.9948578,0.0017557165
DUB|Q14694|P27361,DUB,USP10,MAPK3,436,1101,902,GRIA1,P42261,605,0.9956652522087097,0.9956647753715515,4.76837158203125e-07,0.9948578,0.0017557165
DUB|Q14694|P27361,DUB,USP10,MAPK3,436,1101,1647,GSK3B,P49841,641,0.9956652522087097,0.9956647753715515,4.76837158203125e-07,0.9948578,0.0017557165
DUB|Q14694|P27361,DUB,USP10,MAPK3,436,1101,1433,LDLR,P01130,569,0.9956652522087097,0.9956647753715515,4.76837158203125e-07,0.9948578,0.0017557165
DUB|Q14694|P27361,DUB,USP10,MAPK3,436,1101,807,SRC,P12931,840,0.9956652522087097,0.9956647753715515,4.76837158203125e-07,0.9948578,0.0017557165
DUB|Q14694|P27361,DUB,USP10,MAPK3,436,1101,969,RAF1,P04049,807,0.9956652522087097,0.9956648945808411,3.5762786865234375e-07,0.9948578,0.0017557165
DUB|Q14694|P27361,DUB,USP10,MAPK3,436,1101,1050,ANXA1,P04083,813,0.9956652522087097,0.9956648945808411,3.5762786865234375e-07,0.9948578,0.0017557165
DUB|Q14694|P27361,DUB,USP10,MAPK3,436,1101,818,KDR,P35968,705,0.9956652522087097,0.9956648945808411,3.5762786865234375e-07,0.9948578,0.0017557165
DUB|Q14694|P27361,DUB,USP10,MAPK3,436,1101,23,PARK2,O60260,815,0.9956652522087097,0.9956648945808411,3.5762786865234375e-07,0.9948578,0.0017557165
DUB|Q14694|P27361,DUB,USP10,MAPK3,436,1101,896,RAP2A,P10114,570,0.9956652522087097,0.9956648945808411,3.5762786865234375e-07,0.9948578,0.0017557165
DUB|Q14694|P27361,DUB,USP10,MAPK3,436,1101,1325,VAMP8,Q9BV40,570,0.9956652522087097,0.9956648945808411,3.5762786865234375e-07,0.9948578,0.0017557165
DUB|Q14694|P27361,DUB,USP10,MAPK3,436,1101,1794,BACE1,P56817,680,0.9956652522087097,0.9956650137901306,2.384185791015625e-07,0.9948578,0.0017557165
DUB|Q14694|P27361,DUB,USP10,MAPK3,436,1101,797,YES1,P07947,747,0.9956652522087097,0.9956650137901306,2.384185791015625e-07,0.9948578,0.0017557165
DUB|Q14694|P27361,DUB,USP10,MAPK3,436,1101,508,SLC11A2,P49281,753,0.9956652522087097,0.9956650137901306,2.384185791015625e-07,0.9948578,0.0017557165
DUB|Q14694|P27361,DUB,USP10,MAPK3,436,1101,735,DLG1,Q12959,587,0.9956652522087097,0.9956650137901306,2.384185791015625e-07,0.9948578,0.0017557165
DUB|Q14694|P27361,DUB,USP10,MAPK3,436,1101,681,BECN1,Q14457,576,0.9956652522087097,0.9956650137901306,2.384185791015625e-07,0.9948578,0.0017557165
DUB|Q14694|P27361,DUB,USP10,MAPK3,436,1101,537,LYN,P07948,571,0.9956652522087097,0.9956650137901306,2.384185791015625e-07,0.9948578,0.0017557165
DUB|Q14694|P27361,DUB,USP10,MAPK3,436,1101,1899,CDK1,P06493,573,0.9956652522087097,0.9956651329994202,1.1920928955078125e-07,0.9948578,0.0017557165
DUB|Q14694|P27361,DUB,USP10,MAPK3,436,1101,1732,ARF6,P62330,584,0.9956652522087097,0.9956651329994202,1.1920928955078125e-07,0.9948578,0.0017557165
DUB|Q14694|P27361,DUB,USP10,MAPK3,436,1101,1568,SCNN1A,P37088,696,0.9956652522087097,0.9956651329994202,1.1920928955078125e-07,0.9948578,0.0017557165
DUB|Q14694|P27361,DUB,USP10,MAPK3,436,1101,1637,DDX3X,O00571,879,0.9956652522087097,0.9956651329994202,1.1920928955078125e-07,0.9948578,0.0017557165
DUB|Q14694|P27361,DUB,USP10,MAPK3,436,1101,1380,BSG,P35613,672,0.9956652522087097,0.9956652522087097,0.0,0.9948578,0.0017557165
DUB|Q14694|P27361,DUB,USP10,MAPK3,436,1101,1674,UBE2D3,P61077,647,0.9956652522087097,0.9956652522087097,0.0,0.9948578,0.0017557165
DUB|Q14694|P27361,DUB,USP10,MAPK3,436,1101,1398,LAMP2,P13473,616,0.9956652522087097,0.9956652522087097,0.0,0.9948578,0.0017557165
DUB|Q14694|P27361,DUB,USP10,MAPK3,436,1101,884,SLC31A1,O15431,571,0.9956652522087097,0.9956652522087097,0.0,0.9948578,0.0017557165
DUB|Q14694|P27361,DUB,USP10,MAPK3,436,1101,82,RNF144A,P50876,657,0.9956652522087097,0.9956652522087097,0.0,0.9948578,0.0017557165
DUB|Q14694|P27361,DUB,USP10,MAPK3,436,1101,231,RNF128,Q8TEB7,599,0.9956652522087097,0.9956652522087097,0.0,0.9948578,0.0017557165
DUB|Q14694|P27361,DUB,USP10,MAPK3,436,1101,674,CTNNB1,P35222,875,0.9956652522087097,0.9956652522087097,0.0,0.9948578,0.0017557165
DUB|Q14694|P27361,DUB,USP10,MAPK3,436,1101,1536,NEDD9,Q14511,715,0.9956652522087097,0.9956652522087097,0.0,0.9948578,0.0017557165
DUB|Q14694|P27361,DUB,USP10,MAPK3,436,1101,867,ADRB2,P07550,579,0.9956652522087097,0.9956653714179993,-1.1920928955078125e-07,0.9948578,0.0017557165
DUB|Q14694|P27361,DUB,USP10,MAPK3,436,1101,808,CFTR,P13569,742,0.9956652522087097,0.9956653714179993,-1.1920928955078125e-07,0.9948578,0.0017557165
DUB|Q14694|P27361,DUB,USP10,MAPK3,436,1101,1366,TCHP,Q9BT92,776,0.9956652522087097,0.9956653714179993,-1.1920928955078125e-07,0.9948578,0.0017557165
DUB|Q14694|P27361,DUB,USP10,MAPK3,436,1101,1186,HLA-DRB1,P01911,625,0.9956652522087097,0.9956653714179993,-1.1920928955078125e-07,0.9948578,0.0017557165
DUB|Q14694|P27361,DUB,USP10,MAPK3,436,1101,1185,HLA-DRA,P01903,624,0.9956652522087097,0.9956653714179993,-1.1920928955078125e-07,0.9948578,0.0017557165
DUB|Q14694|P27361,DUB,USP10,MAPK3,436,1101,754,CTTN,Q14247,818,0.9956652522087097,0.9956653714179993,-1.1920928955078125e-07,0.9948578,0.0017557165
DUB|Q14694|P27361,DUB,USP10,MAPK3,436,1101,1314,HLA-DQA1,P01909,647,0.9956652522087097,0.9956653714179993,-1.1920928955078125e-07,0.9948578,0.0017557165
DUB|Q14694|P27361,DUB,USP10,MAPK3,436,1101,632,YAP1,P46937,687,0.9956652522087097,0.9956653714179993,-1.1920928955078125e-07,0.9948578,0.0017557165
DUB|Q14694|P27361,DUB,USP10,MAPK3,436,1101,1336,FLT3,P36888,569,0.9956652522087097,0.9956653714179993,-1.1920928955078125e-07,0.9948578,0.0017557165
DUB|Q14694|P27361,DUB,USP10,MAPK3,436,1101,356,MARCHF2,Q9P0N8,643,0.9956652522087097,0.9956653714179993,-1.1920928955078125e-07,0.9948578,0.0017557165
DUB|Q14694|P27361,DUB,USP10,MAPK3,436,1101,1315,HLA-DQB1,P01920,647,0.9956652522087097,0.9956653714179993,-1.1920928955078125e-07,0.9948578,0.0017557165
DUB|Q14694|P27361,DUB,USP10,MAPK3,436,1101,1197,HLA-DRB3,P79483,620,0.9956652522087097,0.9956654906272888,-2.384185791015625e-07,0.9948578,0.0017557165
DUB|Q14694|P27361,DUB,USP10,MAPK3,436,1101,1065,HLA-DRB4,P13762,645,0.9956652522087097,0.9956654906272888,-2.384185791015625e-07,0.9948578,0.0017557165
DUB|Q14694|P27361,DUB,USP10,MAPK3,436,1101,1200,HLA-DRB5,Q30154,647,0.9956652522087097,0.9956654906272888,-2.384185791015625e-07,0.9948578,0.0017557165
DUB|Q14694|P27361,DUB,USP10,MAPK3,436,1101,1727,TLN1,Q9Y490,701,0.9956652522087097,0.9956654906272888,-2.384185791015625e-07,0.9948578,0.0017557165
DUB|Q14694|P27361,DUB,USP10,MAPK3,436,1101,1139,ACE2,Q9BYF1,610,0.9956652522087097,0.9956654906272888,-2.384185791015625e-07,0.9948578,0.0017557165
DUB|Q14694|P27361,DUB,USP10,MAPK3,436,1101,671,AKT1,P31749,731,0.9956652522087097,0.9956654906272888,-2.384185791015625e-07,0.9948578,0.0017557165
DUB|Q14694|P27361,DUB,USP10,MAPK3,436,1101,958,CD1D,P15813,620,0.9956652522087097,0.9956654906272888,-2.384185791015625e-07,0.9948578,0.0017557165
DUB|Q14694|P27361,DUB,USP10,MAPK3,436,1101,629,VDAC1,P21796,722,0.9956652522087097,0.9956654906272888,-2.384185791015625e-07,0.9948578,0.0017557165
DUB|Q14694|P27361,DUB,USP10,MAPK3,436,1101,227,MARCHF1,Q8TCQ1,623,0.9956652522087097,0.9956656098365784,-3.5762786865234375e-07,0.9948578,0.0017557165
DUB|Q14694|P27361,DUB,USP10,MAPK3,436,1101,1664,FES,P07332,745,0.9956652522087097,0.9956656098365784,-3.5762786865234375e-07,0.9948578,0.0017557165
DUB|Q14694|P27361,DUB,USP10,MAPK3,436,1101,614,CD274,Q9NZQ7,610,0.9956652522087097,0.9956656098365784,-3.5762786865234375e-07,0.9948578,0.0017557165
DUB|Q14694|P27361,DUB,USP10,MAPK3,436,1101,1599,WLS,Q5T9L3,660,0.9956652522087097,0.9956656098365784,-3.5762786865234375e-07,0.9948578,0.0017557165
DUB|Q14694|P27361,DUB,USP10,MAPK3,436,1101,776,PHB,P35232,731,0.9956652522087097,0.9956656098365784,-3.5762786865234375e-07,0.9948578,0.0017557165
DUB|Q14694|P27361,DUB,USP10,MAPK3,436,1101,1615,VASP,P50552,690,0.9956652522087097,0.9956656098365784,-3.5762786865234375e-07,0.9948578,0.0017557165
DUB|Q14694|P27361,DUB,USP10,MAPK3,436,1101,2097,APC,P25054,701,0.9956652522087097,0.9956657290458679,-4.76837158203125e-07,0.9948578,0.0017557165
DUB|Q14694|P27361,DUB,USP10,MAPK3,436,1101,1448,PSEN1,P49768,639,0.9956652522087097,0.9956657290458679,-4.76837158203125e-07,0.9948578,0.0017557165
DUB|Q14694|P27361,DUB,USP10,MAPK3,436,1101,1907,TIAM1,Q13009,669,0.9956652522087097,0.9956657290458679,-4.76837158203125e-07,0.9948578,0.0017557165
DUB|Q14694|P27361,DUB,USP10,MAPK3,436,1101,787,SORBS2,O94875,656,0.9956652522087097,0.9956657290458679,-4.76837158203125e-07,0.9948578,0.0017557165
DUB|Q14694|P27361,DUB,USP10,MAPK3,436,1101,1375,CAV1,Q03135,590,0.9956652522087097,0.9956658482551575,-5.960464477539062e-07,0.9948578,0.0017557165
DUB|Q14694|P27361,DUB,USP10,MAPK3,436,1101,1913,DLG5,Q8TDM6,665,0.9956652522087097,0.9956658482551575,-5.960464477539062e-07,0.9948578,0.0017557165
DUB|Q14694|P27361,DUB,USP10,MAPK3,436,1101,293,TRAF4,Q9BUZ4,699,0.9956652522087097,0.995665967464447,-7.152557373046875e-07,0.9948578,0.0017557165
DUB|Q14694|P27361,DUB,USP10,MAPK3,436,1101,1607,VIM,P08670,791,0.9956652522087097,0.995665967464447,-7.152557373046875e-07,0.9948578,0.0017557165
DUB|Q14694|P27361,DUB,USP10,MAPK3,436,1101,897,GJA1,P17302,611,0.9956652522087097,0.995665967464447,-7.152557373046875e-07,0.9948578,0.0017557165
DUB|Q14694|P27361,DUB,USP10,MAPK3,436,1101,309,AMBRA1,Q9C0C7,690,0.9956652522087097,0.9956663846969604,-1.1324882507324219e-06,0.9948578,0.0017557165
DUB|Q14694|P27361,DUB,USP10,MAPK3,436,1101,1225,PARD6A,Q9NPB6,654,0.9956652522087097,0.99566650390625,-1.2516975402832031e-06,0.9948578,0.0017557165
DUB|Q14694|P27361,DUB,USP10,MAPK3,436,1101,753,HSPA5,P11021,802,0.9956652522087097,0.9956666231155396,-1.3709068298339844e-06,0.9948578,0.0017557165
DUB|Q14694|P27361,DUB,USP10,MAPK3,436,1101,51,DDX58,O95786,567,0.9956652522087097,0.9956668615341187,-1.6093254089355469e-06,0.9948578,0.0017557165
DUB|Q14694|P27361,DUB,USP10,MAPK3,436,1101,970,HSPA1A,P0DMV8,679,0.9956652522087097,0.995667576789856,-2.3245811462402344e-06,0.9948578,0.0017557165
DUB|Q14694|P27361,DUB,USP10,MAPK3,436,1101,1863,HSPA8,P11142,854,0.9956652522087097,0.9956676959991455,-2.4437904357910156e-06,0.9948578,0.0017557165
E3|Q12834|P04637,E3,CDC20,TP53,99,528,528,TP53,P04637,998,0.9954427480697632,0.9931439161300659,0.0022988319396972656,0.9948837,0.0018482589
E3|Q12834|P04637,E3,CDC20,TP53,99,528,829,TEK,Q02763,703,0.9954427480697632,0.9954415559768677,1.1920928955078125e-06,0.9948837,0.0018482589
E3|Q12834|P04637,E3,CDC20,TP53,99,528,632,YAP1,P46937,687,0.9954427480697632,0.9954416751861572,1.0728836059570312e-06,0.9948837,0.0018482589
E3|Q12834|P04637,E3,CDC20,TP53,99,528,424,USP6,P35125,695,0.9954427480697632,0.9954419136047363,8.344650268554688e-07,0.9948837,0.0018482589
E3|Q12834|P04637,E3,CDC20,TP53,99,528,1869,NOS3,P29474,705,0.9954427480697632,0.9954421520233154,5.960464477539062e-07,0.9948837,0.0018482589
E3|Q12834|P04637,E3,CDC20,TP53,99,528,1417,CD44,P16070,717,0.9954427480697632,0.9954421520233154,5.960464477539062e-07,0.9948837,0.0018482589
E3|Q12834|P04637,E3,CDC20,TP53,99,528,11,AURKA,O14965,782,0.9954427480697632,0.9954421520233154,5.960464477539062e-07,0.9948837,0.0018482589
E3|Q12834|P04637,E3,CDC20,TP53,99,528,586,ESR1,P03372,919,0.9954427480697632,0.995442271232605,4.76837158203125e-07,0.9948837,0.0018482589
E3|Q12834|P04637,E3,CDC20,TP53,99,528,925,PIP5K1A,Q99755,655,0.9954427480697632,0.995442271232605,4.76837158203125e-07,0.9948837,0.0018482589
E3|Q12834|P04637,E3,CDC20,TP53,99,528,1297,APP,P05067,940,0.9954427480697632,0.995442271232605,4.76837158203125e-07,0.9948837,0.0018482589
E3|Q12834|P04637,E3,CDC20,TP53,99,528,1881,LRRK2,Q5S007,788,0.9954427480697632,0.9954423904418945,3.5762786865234375e-07,0.9948837,0.0018482589
E3|Q12834|P04637,E3,CDC20,TP53,99,528,309,AMBRA1,Q9C0C7,690,0.9954427480697632,0.9954423904418945,3.5762786865234375e-07,0.9948837,0.0018482589
E3|Q12834|P04637,E3,CDC20,TP53,99,528,114,SQSTM1,Q13501,667,0.9954427480697632,0.9954423904418945,3.5762786865234375e-07,0.9948837,0.0018482589
E3|Q12834|P04637,E3,CDC20,TP53,99,528,754,CTTN,Q14247,818,0.9954427480697632,0.9954423904418945,3.5762786865234375e-07,0.9948837,0.0018482589
E3|Q12834|P04637,E3,CDC20,TP53,99,528,1615,VASP,P50552,690,0.9954427480697632,0.9954425096511841,2.384185791015625e-07,0.9948837,0.0018482589
E3|Q12834|P04637,E3,CDC20,TP53,99,528,1637,DDX3X,O00571,879,0.9954427480697632,0.9954425096511841,2.384185791015625e-07,0.9948837,0.0018482589
E3|Q12834|P04637,E3,CDC20,TP53,99,528,1861,HSP90AA1,P07900,882,0.9954427480697632,0.9954425096511841,2.384185791015625e-07,0.9948837,0.0018482589
E3|Q12834|P04637,E3,CDC20,TP53,99,528,2097,APC,P25054,701,0.9954427480697632,0.9954425096511841,2.384185791015625e-07,0.9948837,0.0018482589
E3|Q12834|P04637,E3,CDC20,TP53,99,528,1568,SCNN1A,P37088,696,0.9954427480697632,0.9954425096511841,2.384185791015625e-07,0.9948837,0.0018482589
E3|Q12834|P04637,E3,CDC20,TP53,99,528,1237,ANXA2,P07355,658,0.9954427480697632,0.9954426288604736,1.1920928955078125e-07,0.9948837,0.0018482589
E3|Q12834|P04637,E3,CDC20,TP53,99,528,1913,DLG5,Q8TDM6,665,0.9954427480697632,0.9954426288604736,1.1920928955078125e-07,0.9948837,0.0018482589
E3|Q12834|P04637,E3,CDC20,TP53,99,528,1298,MAPT,P10636,803,0.9954427480697632,0.9954426288604736,1.1920928955078125e-07,0.9948837,0.0018482589
E3|Q12834|P04637,E3,CDC20,TP53,99,528,860,HIST1H2AB,Q86WV6,860,0.9954427480697632,0.9954426288604736,1.1920928955078125e-07,0.9948837,0.0018482589
E3|Q12834|P04637,E3,CDC20,TP53,99,528,1760,UTRN,P46939,668,0.9954427480697632,0.9954426288604736,1.1920928955078125e-07,0.9948837,0.0018482589
E3|Q12834|P04637,E3,CDC20,TP53,99,528,671,AKT1,P31749,731,0.9954427480697632,0.9954427480697632,0.0,0.9948837,0.0018482589
E3|Q12834|P04637,E3,CDC20,TP53,99,528,787,SORBS2,O94875,656,0.9954427480697632,0.9954427480697632,0.0,0.9948837,0.0018482589
E3|Q12834|P04637,E3,CDC20,TP53,99,528,158,RICTOR,Q6R327,673,0.9954427480697632,0.9954427480697632,0.0,0.9948837,0.0018482589
E3|Q12834|P04637,E3,CDC20,TP53,99,528,821,MTOR,P42345,819,0.9954427480697632,0.9954427480697632,0.0,0.9948837,0.0018482589
E3|Q12834|P04637,E3,CDC20,TP53,99,528,1607,VIM,P08670,791,0.9954427480697632,0.9954427480697632,0.0,0.9948837,0.0018482589
E3|Q12834|P04637,E3,CDC20,TP53,99,528,1089,DTNBP1,Q96EV8,669,0.9954427480697632,0.9954427480697632,0.0,0.9948837,0.0018482589
E3|Q12834|P04637,E3,CDC20,TP53,99,528,1907,TIAM1,Q13009,669,0.9954427480697632,0.9954428672790527,-1.1920928955078125e-07,0.9948837,0.0018482589
E3|Q12834|P04637,E3,CDC20,TP53,99,528,1524,INPPL1,O15357,666,0.9954427480697632,0.9954428672790527,-1.1920928955078125e-07,0.9948837,0.0018482589
E3|Q12834|P04637,E3,CDC20,TP53,99,528,1725,UBQLN1,Q9UMX0,658,0.9954427480697632,0.9954428672790527,-1.1920928955078125e-07,0.9948837,0.0018482589
E3|Q12834|P04637,E3,CDC20,TP53,99,528,77,VHL,P40337,669,0.9954427480697632,0.9954428672790527,-1.1920928955078125e-07,0.9948837,0.0018482589
E3|Q12834|P04637,E3,CDC20,TP53,99,528,1865,PRKACA,P17612,683,0.9954427480697632,0.9954428672790527,-1.1920928955078125e-07,0.9948837,0.0018482589
E3|Q12834|P04637,E3,CDC20,TP53,99,528,1546,PI4K2A,Q9BTU6,695,0.9954427480697632,0.9954429864883423,-2.384185791015625e-07,0.9948837,0.0018482589
E3|Q12834|P04637,E3,CDC20,TP53,99,528,1209,PTPN14,Q15678,659,0.9954427480697632,0.9954429864883423,-2.384185791015625e-07,0.9948837,0.0018482589
E3|Q12834|P04637,E3,CDC20,TP53,99,528,1668,MSN,P26038,696,0.9954427480697632,0.9954429864883423,-2.384185791015625e-07,0.9948837,0.0018482589
E3|Q12834|P04637,E3,CDC20,TP53,99,528,82,RNF144A,P50876,657,0.9954427480697632,0.9954429864883423,-2.384185791015625e-07,0.9948837,0.0018482589
E3|Q12834|P04637,E3,CDC20,TP53,99,528,1583,SPHK2,Q9NRA0,684,0.9954427480697632,0.9954429864883423,-2.384185791015625e-07,0.9948837,0.0018482589
E3|Q12834|P04637,E3,CDC20,TP53,99,528,1242,SGK1,O00141,666,0.9954427480697632,0.9954429864883423,-2.384185791015625e-07,0.9948837,0.0018482589
E3|Q12834|P04637,E3,CDC20,TP53,99,528,822,ZAP70,P43403,655,0.9954427480697632,0.9954429864883423,-2.384185791015625e-07,0.9948837,0.0018482589
E3|Q12834|P04637,E3,CDC20,TP53,99,528,813,FGFR3,P22607,664,0.9954427480697632,0.9954429864883423,-2.384185791015625e-07,0.9948837,0.0018482589
E3|Q12834|P04637,E3,CDC20,TP53,99,528,1536,NEDD9,Q14511,715,0.9954427480697632,0.9954429864883423,-2.384185791015625e-07,0.9948837,0.0018482589
E3|Q12834|P04637,E3,CDC20,TP53,99,528,1052,PTPN3,P26045,655,0.9954427480697632,0.9954429864883423,-2.384185791015625e-07,0.9948837,0.0018482589
E3|Q12834|P04637,E3,CDC20,TP53,99,528,674,CTNNB1,P35222,875,0.9954427480697632,0.9954429864883423,-2.384185791015625e-07,0.9948837,0.0018482589
E3|Q12834|P04637,E3,CDC20,TP53,99,528,679,EGFR,P00533,867,0.9954427480697632,0.9954429864883423,-2.384185791015625e-07,0.9948837,0.0018482589
E3|Q12834|P04637,E3,CDC20,TP53,99,528,1269,OGT,O15294,725,0.9954427480697632,0.9954429864883423,-2.384185791015625e-07,0.9948837,0.0018482589
E3|Q12834|P04637,E3,CDC20,TP53,99,528,63,CDH1,P12830,814,0.9954427480697632,0.9954429864883423,-2.384185791015625e-07,0.9948837,0.0018482589
E3|Q12834|P04637,E3,CDC20,TP53,99,528,969,RAF1,P04049,807,0.9954427480697632,0.9954429864883423,-2.384185791015625e-07,0.9948837,0.0018482589
E3|Q12834|P04637,E3,CDC20,TP53,99,528,652,PARK7,Q99497,721,0.9954427480697632,0.9954431056976318,-3.5762786865234375e-07,0.9948837,0.0018482589
E3|Q12834|P04637,E3,CDC20,TP53,99,528,1418,CD40LG,P29965,689,0.9954427480697632,0.9954431056976318,-3.5762786865234375e-07,0.9948837,0.0018482589
E3|Q12834|P04637,E3,CDC20,TP53,99,528,23,PARK2,O60260,815,0.9954427480697632,0.9954431056976318,-3.5762786865234375e-07,0.9948837,0.0018482589
E3|Q12834|P04637,E3,CDC20,TP53,99,528,1050,ANXA1,P04083,813,0.9954427480697632,0.9954431056976318,-3.5762786865234375e-07,0.9948837,0.0018482589
E3|Q12834|P04637,E3,CDC20,TP53,99,528,189,MIB1,Q86YT6,803,0.9954427480697632,0.9954431056976318,-3.5762786865234375e-07,0.9948837,0.0018482589
E3|Q12834|P04637,E3,CDC20,TP53,99,528,1519,RALBP1,Q15311,779,0.9954427480697632,0.9954431056976318,-3.5762786865234375e-07,0.9948837,0.0018482589
E3|Q12834|P04637,E3,CDC20,TP53,99,528,1343,PKD1,P98161,673,0.9954427480697632,0.9954431056976318,-3.5762786865234375e-07,0.9948837,0.0018482589
E3|Q12834|P04637,E3,CDC20,TP53,99,528,1794,BACE1,P56817,680,0.9954427480697632,0.9954431056976318,-3.5762786865234375e-07,0.9948837,0.0018482589
E3|Q12834|P04637,E3,CDC20,TP53,99,528,1727,TLN1,Q9Y490,701,0.9954427480697632,0.9954431056976318,-3.5762786865234375e-07,0.9948837,0.0018482589
E3|Q12834|P04637,E3,CDC20,TP53,99,528,818,KDR,P35968,705,0.9954427480697632,0.9954431056976318,-3.5762786865234375e-07,0.9948837,0.0018482589
E3|Q12834|P04637,E3,CDC20,TP53,99,528,776,PHB,P35232,731,0.9954427480697632,0.9954431056976318,-3.5762786865234375e-07,0.9948837,0.0018482589
E3|Q12834|P04637,E3,CDC20,TP53,99,528,1979,NUMA1,Q14980,732,0.9954427480697632,0.9954431056976318,-3.5762786865234375e-07,0.9948837,0.0018482589
E3|Q12834|P04637,E3,CDC20,TP53,99,528,1664,FES,P07332,745,0.9954427480697632,0.9954432249069214,-4.76837158203125e-07,0.9948837,0.0018482589
E3|Q12834|P04637,E3,CDC20,TP53,99,528,1426,PRKCE,Q02156,712,0.9954427480697632,0.9954432249069214,-4.76837158203125e-07,0.9948837,0.0018482589
E3|Q12834|P04637,E3,CDC20,TP53,99,528,797,YES1,P07947,747,0.9954427480697632,0.9954432249069214,-4.76837158203125e-07,0.9948837,0.0018482589
E3|Q12834|P04637,E3,CDC20,TP53,99,528,808,CFTR,P13569,742,0.9954427480697632,0.9954432249069214,-4.76837158203125e-07,0.9948837,0.0018482589
E3|Q12834|P04637,E3,CDC20,TP53,99,528,68,KITLG,P21583,685,0.9954427480697632,0.9954432249069214,-4.76837158203125e-07,0.9948837,0.0018482589
E3|Q12834|P04637,E3,CDC20,TP53,99,528,281,RAB40C,Q96S21,700,0.9954427480697632,0.9954432249069214,-4.76837158203125e-07,0.9948837,0.0018482589
E3|Q12834|P04637,E3,CDC20,TP53,99,528,1694,MARK2,Q7KZI7,681,0.9954427480697632,0.9954432249069214,-4.76837158203125e-07,0.9948837,0.0018482589
E3|Q12834|P04637,E3,CDC20,TP53,99,528,812,FGFR4,P22455,692,0.9954427480697632,0.9954432249069214,-4.76837158203125e-07,0.9948837,0.0018482589
E3|Q12834|P04637,E3,CDC20,TP53,99,528,803,FGR,P09769,764,0.9954427480697632,0.9954432249069214,-4.76837158203125e-07,0.9948837,0.0018482589
E3|Q12834|P04637,E3,CDC20,TP53,99,528,1687,TRIP10,Q15642,738,0.9954427480697632,0.9954433441162109,-5.960464477539062e-07,0.9948837,0.0018482589
E3|Q12834|P04637,E3,CDC20,TP53,99,528,807,SRC,P12931,840,0.9954427480697632,0.9954433441162109,-5.960464477539062e-07,0.9948837,0.0018482589
E3|Q12834|P04637,E3,CDC20,TP53,99,528,1908,PKD2,Q13563,668,0.9954427480697632,0.9954433441162109,-5.960464477539062e-07,0.9948837,0.0018482589
E3|Q12834|P04637,E3,CDC20,TP53,99,528,482,CYLD,Q9NQC7,772,0.9954427480697632,0.9954433441162109,-5.960464477539062e-07,0.9948837,0.0018482589
E3|Q12834|P04637,E3,CDC20,TP53,99,528,1152,RHOA,P61586,747,0.9954427480697632,0.9954433441162109,-5.960464477539062e-07,0.9948837,0.0018482589
E3|Q12834|P04637,E3,CDC20,TP53,99,528,650,NLRP3,Q96P20,751,0.9954427480697632,0.9954433441162109,-5.960464477539062e-07,0.9948837,0.0018482589
E3|Q12834|P04637,E3,CDC20,TP53,99,528,1672,CSNK1D,P48730,741,0.9954427480697632,0.9954433441162109,-5.960464477539062e-07,0.9948837,0.0018482589
E3|Q12834|P04637,E3,CDC20,TP53,99,528,1551,SNX9,Q9Y5X1,756,0.9954427480697632,0.9954433441162109,-5.960464477539062e-07,0.9948837,0.0018482589
E3|Q12834|P04637,E3,CDC20,TP53,99,528,1307,GNAI3,P08754,672,0.9954427480697632,0.9954434633255005,-7.152557373046875e-07,0.9948837,0.0018482589
E3|Q12834|P04637,E3,CDC20,TP53,99,528,17,PJA2,O43164,805,0.9954427480697632,0.9954434633255005,-7.152557373046875e-07,0.9948837,0.0018482589
E3|Q12834|P04637,E3,CDC20,TP53,99,528,1235,CDC42,P60953,757,0.9954427480697632,0.9954434633255005,-7.152557373046875e-07,0.9948837,0.0018482589
E3|Q12834|P04637,E3,CDC20,TP53,99,528,1900,ATF4,P18848,667,0.9954427480697632,0.9954434633255005,-7.152557373046875e-07,0.9948837,0.0018482589
E3|Q12834|P04637,E3,CDC20,TP53,99,528,1148,PCSK9,Q8NBP7,688,0.9954427480697632,0.99544358253479,-8.344650268554688e-07,0.9948837,0.0018482589
E3|Q12834|P04637,E3,CDC20,TP53,99,528,1366,TCHP,Q9BT92,776,0.9954427480697632,0.99544358253479,-8.344650268554688e-07,0.9948837,0.0018482589
E3|Q12834|P04637,E3,CDC20,TP53,99,528,438,JOSD1,Q15040,659,0.9954427480697632,0.99544358253479,-8.344650268554688e-07,0.9948837,0.0018482589
E3|Q12834|P04637,E3,CDC20,TP53,99,528,805,FGFR1,P11362,683,0.9954427480697632,0.9954437017440796,-9.5367431640625e-07,0.9948837,0.0018482589
E3|Q12834|P04637,E3,CDC20,TP53,99,528,293,TRAF4,Q9BUZ4,699,0.9954427480697632,0.9954437017440796,-9.5367431640625e-07,0.9948837,0.0018482589
E3|Q12834|P04637,E3,CDC20,TP53,99,528,1190,CD74,P04233,696,0.9954427480697632,0.9954437017440796,-9.5367431640625e-07,0.9948837,0.0018482589
E3|Q12834|P04637,E3,CDC20,TP53,99,528,289,RNF5,Q99942,668,0.9954427480697632,0.9954437017440796,-9.5367431640625e-07,0.9948837,0.0018482589
E3|Q12834|P04637,E3,CDC20,TP53,99,528,629,VDAC1,P21796,722,0.9954427480697632,0.9954437017440796,-9.5367431640625e-07,0.9948837,0.0018482589
E3|Q12834|P04637,E3,CDC20,TP53,99,528,1599,WLS,Q5T9L3,660,0.9954427480697632,0.9954438209533691,-1.0728836059570312e-06,0.9948837,0.0018482589
E3|Q12834|P04637,E3,CDC20,TP53,99,528,1828,MACF1,Q9UPN3,732,0.9954427480697632,0.9954439401626587,-1.1920928955078125e-06,0.9948837,0.0018482589
E3|Q12834|P04637,E3,CDC20,TP53,99,528,508,SLC11A2,P49281,753,0.9954427480697632,0.9954439401626587,-1.1920928955078125e-06,0.9948837,0.0018482589
E3|Q12834|P04637,E3,CDC20,TP53,99,528,1380,BSG,P35613,672,0.9954427480697632,0.9954440593719482,-1.3113021850585938e-06,0.9948837,0.0018482589
E3|Q12834|P04637,E3,CDC20,TP53,99,528,1863,HSPA8,P11142,854,0.9954427480697632,0.9954442977905273,-1.5497207641601562e-06,0.9948837,0.0018482589
E3|Q12834|P04637,E3,CDC20,TP53,99,528,1520,ARL6IP5,O75915,760,0.9954427480697632,0.9954442977905273,-1.5497207641601562e-06,0.9948837,0.0018482589
E3|Q12834|P04637,E3,CDC20,TP53,99,528,753,HSPA5,P11021,802,0.9954427480697632,0.9954447746276855,-2.0265579223632812e-06,0.9948837,0.0018482589
E3|Q12834|P04637,E3,CDC20,TP53,99,528,970,HSPA1A,P0DMV8,679,0.9954427480697632,0.9954453706741333,-2.6226043701171875e-06,0.9948837,0.0018482589
E3|Q12834|P04637,E3,CDC20,TP53,99,528,328,SMURF1,Q9HCE7,667,0.9954427480697632,0.995445728302002,-2.9802322387695312e-06,0.9948837,0.0018482589
