pair_id,group_id,enzyme_class,enz_ac,sub_ac,enz_gene,sub_gene,enzyme_type,label,source,pmid
nan|A6NLU0|P14635,nan|A6NLU0,,A6NLU0,P14635,RFPL4A,CCNB1,RING,1,UbiBrowser2,12525704
nan|A6NNE9|P01730,nan|A6NNE9,,A6NNE9,P01730,MARCHF11,CD4,RING,1,UbiBrowser2,17604280
nan|A8MQ27|O00548,nan|A8MQ27,,A8MQ27,O00548,NEURL1B,DLL1,RING,1,UbiBrowser2,22199232
nan|A8MQ27|Q9NR61,nan|A8MQ27,,A8MQ27,Q9NR61,NEURL1B,DLL4,RING,1,UbiBrowser2,22199232
nan|A8MQ27|Q9NYJ7,nan|A8MQ27,,A8MQ27,Q9NYJ7,NEURL1B,DLL3,RING,1,UbiBrowser2,22199232
nan|A8MQ27|Q9UNE0,nan|A8MQ27,,A8MQ27,Q9UNE0,NEURL1B,EDAR,RING,1,UbiBrowser2,20176925
nan|B3SRS0|Q14653,nan|B3SRS0,,B3SRS0,Q14653,,IRF3,Other,1,UbiBrowser2,22199232
nan|O00308|O00308,nan|O00308,,O00308,O00308,WWP2,WWP2,HECT,1,UbiBrowser2,22199232
nan|O00308|O15105,nan|O00308,,O00308,O15105,WWP2,SMAD7,HECT,1,UbiBrowser2,21258410
nan|O00308|O15350,nan|O00308,,O00308,O15350,WWP2,TP73,HECT,1,UbiBrowser2,25071155
nan|O00308|P11161,nan|O00308,,O00308,P11161,WWP2,EGR2,HECT,1,UbiBrowser2,19651900
nan|O00308|P24928,nan|O00308,,O00308,P24928,WWP2,POLR2A,HECT,1,UbiBrowser2,22199232
nan|O00308|P49281,nan|O00308,,O00308,P49281,WWP2,SLC11A2,HECT,1,UbiBrowser2,18776082
nan|O00308|P60484,nan|O00308,,O00308,P60484,WWP2,PTEN,HECT,1,UbiBrowser2,22199232
nan|O00308|P84022,nan|O00308,,O00308,P84022,WWP2,SMAD3,HECT,1,UbiBrowser2,21258410
nan|O00308|Q01860,nan|O00308,,O00308,Q01860,WWP2,POU5F1,HECT,1,UbiBrowser2,15047715
nan|O00308|Q13950,nan|O00308,,O00308,Q13950,WWP2,RUNX2,HECT,1,UbiBrowser2,28500134
nan|O00308|Q8IUC6,nan|O00308,,O00308,Q8IUC6,WWP2,TICAM1,HECT,1,UbiBrowser2,23479606
nan|O00308|Q9H074,nan|O00308,,O00308,Q9H074,WWP2,PAIP1,HECT,1,UbiBrowser2,25266661
nan|O00308|Q9P2A4,nan|O00308,,O00308,Q9P2A4,WWP2,ABI3,HECT,1,UbiBrowser2,15998807
nan|O00308|Q9UM47,nan|O00308,,O00308,Q9UM47,WWP2,NOTCH3,HECT,1,UbiBrowser2,25356737
nan|O00308|Q9Y5R6,nan|O00308,,O00308,Q9Y5R6,WWP2,DMT1,HECT,1,UbiBrowser2,18776082
nan|O00623|P50542,nan|O00623,,O00623,P50542,PEX12,PEX5,RING,1,UbiBrowser2,19687296
nan|O00635|O00635,nan|O00635,,O00635,O00635,TRIM38,TRIM38,RING,1,UbiBrowser2,21306652
nan|O00635|Q9Y4K3,nan|O00635,,O00635,Q9Y4K3,TRIM38,TRAF6,RING,1,UbiBrowser2,22323536
nan|O14508|O14543,nan|O14508,,O14508,O14543,SOCS2,SOCS3,Other,1,UbiBrowser2,22199232
nan|O14508|O15524,nan|O14508,,O14508,O15524,SOCS2,SOCS1,Other,1,UbiBrowser2,17898043
nan|O14508|P10912,nan|O14508,,O14508,P10912,SOCS2,GHR,Other,1,UbiBrowser2,21980433
nan|O14512|O75553,nan|O14512,,O14512,O75553,SOCS7,DAB1,SOCS_VHL_BC-box,1,UbiBrowser2,24210661
nan|O14543|O60674,nan|O14543,,O14543,O60674,SOCS3,JAK2,SOCS_VHL_BC-box,1,UbiBrowser2,24438103
nan|O14543|P35568,nan|O14543,,O14543,P35568,SOCS3,IRS1,SOCS_VHL_BC-box,1,UbiBrowser2,22199232
nan|O14543|P40189,nan|O14543,,O14543,P40189,SOCS3,IL6ST,SOCS_VHL_BC-box,1,UbiBrowser2,24438103
nan|O14543|Q9Y286,nan|O14543,,O14543,Q9Y286,SOCS3,SIGLEC7,SOCS_VHL_BC-box,1,UbiBrowser2,17138568
nan|O14543|Q9Y4H2,nan|O14543,,O14543,Q9Y4H2,SOCS3,IRS2,SOCS_VHL_BC-box,1,UbiBrowser2,22199232
nan|O14544|P10721,nan|O14544,,O14544,P10721,SOCS6,KIT,SOCS_VHL_BC-box,1,UbiBrowser2,21030588
nan|O14965|P04179,nan|O14965,,O14965,P04179,AURKA,SOD2,SINGLE_OTHER,1,UbiBrowser2,30811038
nan|O15151|P04637,nan|O15151,,O15151,P04637,MDM4,TP53,RING,1,UbiBrowser2,12393902
nan|O15151|P38936,nan|O15151,,O15151,P38936,MDM4,CDKN1A,RING,1,UbiBrowser2,18086887
nan|O15151|Q00987,nan|O15151,,O15151,Q00987,MDM4,MDM2,RING,1,UbiBrowser2,11568180
nan|O15164|P04637,nan|O15164,,O15164,P04637,TRIM24,TP53,RING,1,UbiBrowser2,19844164
nan|O15164|Q13114,nan|O15164,,O15164,Q13114,TRIM24,TRAF3,RING,1,UbiBrowser2,32324863
nan|O15304|P98170,nan|O15304,,O15304,P98170,SIVA1,XIAP,Other,1,UbiBrowser2,32015347
nan|O15304|Q8N726,nan|O15304,,O15304,Q8N726,SIVA1,CDKN2A,Other,1,UbiBrowser2,23462994
nan|O15344|P51668,nan|O15344,,O15344,P51668,MID1,UBE2D1,RING,1,UbiBrowser2,21296087
nan|O15344|P54829,nan|O15344,,O15344,P54829,MID1,STK36,RING,1,UbiBrowser2,25278022
nan|O15344|P62714,nan|O15344,,O15344,P62714,MID1,PPP2CB,RING,1,UbiBrowser2,11685209
nan|O15344|P67775,nan|O15344,,O15344,P67775,MID1,PPP2CA,RING,1,UbiBrowser2,11685209
nan|O15344|P78318,nan|O15344,,O15344,P78318,MID1,IGBP1,RING,1,UbiBrowser2,22613722
nan|O15344|Q14653,nan|O15344,,O15344,Q14653,MID1,IRF3,RING,1,UbiBrowser2,33513265
nan|O15344|Q9NRP7,nan|O15344,,O15344,Q9NRP7,MID1,PPP2R4,RING,1,UbiBrowser2,25207814
nan|O15524|O60674,nan|O15524,,O15524,O60674,SOCS1,JAK2,SOCS_VHL_BC-box,1,UbiBrowser2,11278610
nan|O15524|P07948,nan|O15524,,O15524,P07948,SOCS1,LYN,SOCS_VHL_BC-box,1,UbiBrowser2,17905674
nan|O15524|P15498,nan|O15524,,O15524,P15498,SOCS1,VAV1,SOCS_VHL_BC-box,1,UbiBrowser2,10747851
nan|O15524|P23458,nan|O15524,,O15524,P23458,SOCS1,JAK1,SOCS_VHL_BC-box,1,UbiBrowser2,32532301
nan|O15524|P35568,nan|O15524,,O15524,P35568,SOCS1,IRS1,SOCS_VHL_BC-box,1,UbiBrowser2,22199232
nan|O15524|Q04206,nan|O15524,,O15524,Q04206,SOCS1,RELA,SOCS_VHL_BC-box,1,UbiBrowser2,SOCS1_HUMAN
nan|O15524|Q9Y4H2,nan|O15524,,O15524,Q9Y4H2,SOCS1,IRS2,SOCS_VHL_BC-box,1,UbiBrowser2,22199232
nan|O43164|O43164,nan|O43164,,O43164,O43164,PJA2,PJA2,RING,1,UbiBrowser2,22199232
nan|O43164|P10644,nan|O43164,,O43164,P10644,PJA2,PRKAR1A,RING,1,UbiBrowser2,21423175
nan|O43164|P13861,nan|O43164,,O43164,P13861,PJA2,PRKAR2A,RING,1,UbiBrowser2,21423175
nan|O43164|P31321,nan|O43164,,O43164,P31321,PJA2,PRKAR1B,RING,1,UbiBrowser2,21423175
nan|O43164|P31323,nan|O43164,,O43164,P31323,PJA2,PRKAR2B,RING,1,UbiBrowser2,21423175
nan|O43164|Q8IVT5,nan|O43164,,O43164,Q8IVT5,PJA2,KSR1,RING,1,UbiBrowser2,34372882
nan|O43164|Q9Y4C4,nan|O43164,,O43164,Q9Y4C4,PJA2,MFHAS1,RING,1,UbiBrowser2,30013073
nan|O43255|O14974,nan|O43255,,O43255,O14974,SIAH2,PPP1R12A,RING,1,UbiBrowser2,19744480
nan|O43255|O15379,nan|O43255,,O43255,O15379,SIAH2,HDAC3,RING,1,UbiBrowser2,20691163
nan|O43255|O43597,nan|O43255,,O43255,O43597,SIAH2,SPRY2,RING,1,UbiBrowser2,22199232
nan|O43255|O75376,nan|O43255,,O43255,O75376,SIAH2,NCOR1,RING,1,UbiBrowser2,16141343
nan|O43255|O75925,nan|O43255,,O43255,O75925,SIAH2,PIAS1,RING,1,UbiBrowser2,17533377
nan|O43255|O96017,nan|O43255,,O43255,O96017,SIAH2,CHEK2,RING,1,UbiBrowser2,26751770
nan|O43255|P04637,nan|O43255,,O43255,P04637,SIAH2,TP53,RING,1,UbiBrowser2,22199232
nan|O43255|P08247,nan|O43255,,O43255,P08247,SIAH2,SYP,RING,1,UbiBrowser2,22199232
nan|O43255|P10275,nan|O43255,,O43255,P10275,SIAH2,AR,RING,1,UbiBrowser2,23518348
nan|O43255|P29590,nan|O43255,,O43255,P29590,SIAH2,PML,RING,1,UbiBrowser2,SIAH2_HUMAN
nan|O43255|P37231,nan|O43255,,O43255,P37231,SIAH2,PPARG,RING,1,UbiBrowser2,22294748
nan|O43255|P37275,nan|O43255,,O43255,P37275,SIAH2,ZEB1,RING,1,UbiBrowser2,25528765
nan|O43255|P37840,nan|O43255,,O43255,P37840,SIAH2,SNCA,RING,1,UbiBrowser2,18070888
nan|O43255|P43146,nan|O43255,,O43255,P43146,SIAH2,DCC,RING,1,UbiBrowser2,SIAH2_HUMAN
nan|O43255|P46527,nan|O43255,,O43255,P46527,SIAH2,CDKN1B,RING,1,UbiBrowser2,21734459
nan|O43255|P55036,nan|O43255,,O43255,P55036,SIAH2,PSMD4,RING,1,UbiBrowser2,19240029
nan|O43255|Q12933,nan|O43255,,O43255,Q12933,SIAH2,TRAF2,RING,1,UbiBrowser2,12411493
nan|O43255|Q13625,nan|O43255,,O43255,Q13625,SIAH2,TP53BP2,RING,1,UbiBrowser2,23644657
nan|O43255|Q16633,nan|O43255,,O43255,Q16633,SIAH2,POU2AF1,RING,1,UbiBrowser2,SIAH2_HUMAN
nan|O43255|Q16656,nan|O43255,,O43255,Q16656,SIAH2,NRF1,RING,1,UbiBrowser2,30833558
nan|O43255|Q16665,nan|O43255,,O43255,Q16665,SIAH2,HIF1A,RING,1,UbiBrowser2,22055192
nan|O43255|Q92630,nan|O43255,,O43255,Q92630,SIAH2,DYRK2,RING,1,UbiBrowser2,22199232
nan|O43255|Q92667,nan|O43255,,O43255,Q92667,SIAH2,AKAP1,RING,1,UbiBrowser2,18323779
nan|O43255|Q92844,nan|O43255,,O43255,Q92844,SIAH2,TANK,RING,1,UbiBrowser2,22199232
nan|O43255|Q96B97,nan|O43255,,O43255,Q96B97,SIAH2,SH3KBP1,RING,1,UbiBrowser2,22199232
nan|O43255|Q96KS0,nan|O43255,,O43255,Q96KS0,SIAH2,EGLN2,RING,1,UbiBrowser2,15210114
nan|O43255|Q99933,nan|O43255,,O43255,Q99933,SIAH2,BAG1,RING,1,UbiBrowser2,22199232
nan|O43255|Q9BQF6,nan|O43255,,O43255,Q9BQF6,SIAH2,SENP7,RING,1,UbiBrowser2,31825833
nan|O43255|Q9BSI4,nan|O43255,,O43255,Q9BSI4,SIAH2,TINF2,RING,1,UbiBrowser2,22064479
nan|O43255|Q9GZT9,nan|O43255,,O43255,Q9GZT9,SIAH2,EGLN1,RING,1,UbiBrowser2,19546213
nan|O43255|Q9H6Z9,nan|O43255,,O43255,Q9H6Z9,SIAH2,EGLN3,RING,1,UbiBrowser2,16958618
nan|O43255|Q9NRM7,nan|O43255,,O43255,Q9NRM7,SIAH2,LATS2,RING,1,UbiBrowser2,25438054
nan|O43255|Q9NS87,nan|O43255,,O43255,Q9NS87,SIAH2,KIF15,RING,1,UbiBrowser2,22199232
nan|O43255|Q9P212,nan|O43255,,O43255,Q9P212,SIAH2,PLCE1,RING,1,UbiBrowser2,22199232
nan|O43255|Q9Y6H5,nan|O43255,,O43255,Q9Y6H5,SIAH2,SNCAIP,RING,1,UbiBrowser2,17982729
nan|O43567|O43567,nan|O43567,,O43567,O43567,RNF13,RNF13,RING,1,UbiBrowser2,22199232
nan|O43567|O95295,nan|O43567,,O43567,O95295,RNF13,SNAPIN,RING,1,UbiBrowser2,22890573
nan|O43663|P04908,nan|O43663,,O43663,P04908,PRC1,H2AC4,RING,1,UbiBrowser2,22199232
nan|O43663|P0C0S5,nan|O43663,,O43663,P0C0S5,PRC1,H2AZ1,RING,1,UbiBrowser2,22199232
nan|O43663|P16104,nan|O43663,,O43663,P16104,PRC1,H2AX,RING,1,UbiBrowser2,22199232
nan|O43663|Q6FI13,nan|O43663,,O43663,Q6FI13,PRC1,H2AC18,RING,1,UbiBrowser2,22199232
nan|O43663|Q96KK5,nan|O43663,,O43663,Q96KK5,PRC1,H2AC12,RING,1,UbiBrowser2,22199232
nan|O43663|Q96QV6,nan|O43663,,O43663,Q96QV6,PRC1,H2AC1,RING,1,UbiBrowser2,22199232
nan|O43663|Q99496,nan|O43663,,O43663,Q99496,PRC1,RNF2,RING,1,UbiBrowser2,22199232
nan|O43734|Q9Y4K3,nan|O43734,,O43734,Q9Y4K3,TRAF3IP2,TRAF6,UBOX,1,UbiBrowser2,19825828
nan|O43791|O00330,nan|O43791,,O43791,O00330,SPOP,PDHX,Other,1,UbiBrowser2,22199232
nan|O43791|O15164,nan|O43791,,O43791,O15164,SPOP,TRIM24,Other,1,UbiBrowser2,25278611
nan|O43791|O60885,nan|O43791,,O43791,O60885,SPOP,BRD4,Other,1,UbiBrowser2,28805820
nan|O43791|O75367,nan|O43791,,O43791,O75367,SPOP,MACROH2A1,Other,1,UbiBrowser2,15897469
nan|O43791|O95835,nan|O43791,,O43791,O95835,SPOP,LATS1,Other,1,UbiBrowser2,32460168
nan|O43791|P03372,nan|O43791,,O43791,P03372,SPOP,ESR1,Other,1,UbiBrowser2,25766326
nan|O43791|P05412,nan|O43791,,O43791,P05412,SPOP,JUN,Other,1,UbiBrowser2,19164706
nan|O43791|P06401,nan|O43791,,O43791,P06401,SPOP,PGR,Other,1,UbiBrowser2,26693071
nan|O43791|P08151,nan|O43791,,O43791,P08151,SPOP,GLI1,Other,1,UbiBrowser2,22199232
nan|O43791|P10070,nan|O43791,,O43791,P10070,SPOP,GLI2,Other,1,UbiBrowser2,22199232
nan|O43791|P10071,nan|O43791,,O43791,P10071,SPOP,GLI3,Other,1,UbiBrowser2,22199232
nan|O43791|P10275,nan|O43791,,O43791,P10275,SPOP,AR,Other,1,UbiBrowser2,24508459;25274033
nan|O43791|P11308,nan|O43791,,O43791,P11308,SPOP,ERG,Other,1,UbiBrowser2,29202479
nan|O43791|P24864,nan|O43791,,O43791,P24864,SPOP,CCNE1,Other,1,UbiBrowser2,30237511
nan|O43791|P25440,nan|O43791,,O43791,P25440,SPOP,BRD2,Other,1,UbiBrowser2,28805821
nan|O43791|P35226,nan|O43791,,O43791,P35226,SPOP,BMI1,Other,1,UbiBrowser2,15897469
nan|O43791|P35659,nan|O43791,,O43791,P35659,SPOP,DEK,Other,1,UbiBrowser2,25278611
nan|O43791|P49327,nan|O43791,,O43791,P49327,SPOP,FASN,Other,1,UbiBrowser2,30955223
nan|O43791|P60484,nan|O43791,,O43791,P60484,SPOP,PTEN,Other,1,UbiBrowser2,24656772
nan|O43791|Q12809,nan|O43791,,O43791,Q12809,SPOP,KCNH2,Other,1,UbiBrowser2,26344095
nan|O43791|Q12834,nan|O43791,,O43791,Q12834,SPOP,CDC20,Other,1,UbiBrowser2,27780719
nan|O43791|Q12888,nan|O43791,,O43791,Q12888,SPOP,TP53BP1,Other,1,UbiBrowser2,34144977
nan|O43791|Q12906,nan|O43791,,O43791,Q12906,SPOP,ILF3,Other,1,UbiBrowser2,31772275
nan|O43791|Q13158,nan|O43791,,O43791,Q13158,SPOP,FADD,Other,1,UbiBrowser2,30190126
nan|O43791|Q14444,nan|O43791,,O43791,Q14444,SPOP,CAPRIN1,Other,1,UbiBrowser2,31771591
nan|O43791|Q15059,nan|O43791,,O43791,Q15059,SPOP,BRD3,Other,1,UbiBrowser2,28805821
nan|O43791|Q16828,nan|O43791,,O43791,Q16828,SPOP,DUSP6,Other,1,UbiBrowser2,24656772
nan|O43791|Q16829,nan|O43791,,O43791,Q16829,SPOP,DUSP7,Other,1,UbiBrowser2,24656772
nan|O43791|Q27J81,nan|O43791,,O43791,Q27J81,SPOP,INF2,Other,1,UbiBrowser2,28448495
nan|O43791|Q49A26,nan|O43791,,O43791,Q49A26,SPOP,GLYR1,Other,1,UbiBrowser2,25278611
nan|O43791|Q7Z7J5,nan|O43791,,O43791,Q7Z7J5,SPOP,DPPA2,Other,1,UbiBrowser2,33862460
nan|O43791|Q99836,nan|O43791,,O43791,Q99836,SPOP,MYD88,Other,1,UbiBrowser2,31406379
nan|O43791|Q9BYW2,nan|O43791,,O43791,Q9BYW2,SPOP,SETD2,Other,1,UbiBrowser2,27614073
nan|O43791|Q9H2X6,nan|O43791,,O43791,Q9H2X6,SPOP,HIPK2,Other,1,UbiBrowser2,34133717
nan|O43791|Q9H5J0,nan|O43791,,O43791,Q9H5J0,SPOP,ZBTB3,Other,1,UbiBrowser2,28805821
nan|O43791|Q9H9S0,nan|O43791,,O43791,Q9H9S0,SPOP,NANOG,Other,1,UbiBrowser2,31624231:30595538
nan|O43791|Q9HCU9,nan|O43791,,O43791,Q9HCU9,SPOP,BRMS1,Other,1,UbiBrowser2,22199232
nan|O43791|Q9NZQ7,nan|O43791,,O43791,Q9NZQ7,SPOP,CD274,Other,1,UbiBrowser2,29160310
nan|O43791|Q9UBN7,nan|O43791,,O43791,Q9UBN7,SPOP,HDAC6,Other,1,UbiBrowser2,28599312
nan|O43791|Q9UER7,nan|O43791,,O43791,Q9UER7,SPOP,DAXX,Other,1,UbiBrowser2,16524876
nan|O43791|Q9Y6Q9,nan|O43791,,O43791,Q9Y6Q9,SPOP,NCOA3,Other,1,UbiBrowser2,21577200
nan|O60260|O00429,nan|O60260,,O60260,O00429,PARK2,DNM1L,RING,1,UbiBrowser2,21292769
nan|O60260|O15354,nan|O60260,,O60260,O15354,PARK2,GPR37,RING,1,UbiBrowser2,19218498
nan|O60260|O43175,nan|O60260,,O60260,O43175,PRKN,PHGDH,RBR,1,UbiBrowser2,32478681
nan|O60260|O43236,nan|O60260,,O60260,O43236,PRKN,SEPTIN4,RBR,1,UbiBrowser2,22792159
nan|O60260|O60260,nan|O60260,,O60260,O60260,PARK2,PARK2,RING,1,UbiBrowser2,PRKN2_HUMAN
nan|O60260|O60883,nan|O60260,,O60260,O60883,PRKN,GPR37L1,RBR,1,UbiBrowser2,18241051
nan|O60260|O95140,nan|O60260,,O60260,O95140,PRKN,MFN2,RBR,1,UbiBrowser2,20871098
nan|O60260|O95147,nan|O60260,,O60260,O95147,PARK2,NEK2,RING,1,UbiBrowser2,26387737
nan|O60260|O96020,nan|O60260,,O60260,O96020,PRKN,CCNE2,RBR,1,UbiBrowser2,12628165
nan|O60260|P07437,nan|O60260,,O60260,P07437,PARK2,TUBB,RING,1,UbiBrowser2,12716939
nan|O60260|P08247,nan|O60260,,O60260,P08247,PRKN,SYP,RBR,1,UbiBrowser2,16135753
nan|O60260|P09936,nan|O60260,,O60260,P09936,PRKN,UCHL1,RBR,1,UbiBrowser2,25403879
nan|O60260|P10415,nan|O60260,,O60260,P10415,PRKN,BCL2,RBR,1,UbiBrowser2,20889974
nan|O60260|P14635,nan|O60260,,O60260,P14635,PRKN,CCNB1,RBR,1,UbiBrowser2,26387737
nan|O60260|P19174,nan|O60260,,O60260,P19174,PRKN,PLCG1,RBR,1,UbiBrowser2,18671761
nan|O60260|P19367,nan|O60260,,O60260,P19367,PRKN,HK1,RBR,1,UbiBrowser2,23068103
nan|O60260|P21796,nan|O60260,,O60260,P21796,PRKN,VDAC1,RBR,1,UbiBrowser2,22199232
nan|O60260|P21860,nan|O60260,,O60260,P21860,PRKN,ERBB3,RBR,1,UbiBrowser2,15632191
nan|O60260|P24864,nan|O60260,,O60260,P24864,PARK2,CCNE1,RING,1,UbiBrowser2,19946270
nan|O60260|P37840,nan|O60260,,O60260,P37840,PARK2,SNCA,RING,1,UbiBrowser2,17883392
nan|O60260|P42566,nan|O60260,,O60260,P42566,PARK2,EPS15,RING,1,UbiBrowser2,16862145
nan|O60260|P46527,nan|O60260,,O60260,P46527,PARK2,HSD17B10,RING,1,UbiBrowser2,25591737
nan|O60260|P46937,nan|O60260,,O60260,P46937,PRKN,YAP1,RBR,1,UbiBrowser2,32863938
nan|O60260|P49792,nan|O60260,,O60260,P49792,PARK2,RANBP2,RING,1,UbiBrowser2,16332688
nan|O60260|P51955,nan|O60260,,O60260,P51955,PRKN,NEK2,RBR,1,UbiBrowser2,26387737
nan|O60260|P53667,nan|O60260,,O60260,P53667,PARK2,LIMK1,RING,1,UbiBrowser2,17512523
nan|O60260|P54252,nan|O60260,,O60260,P54252,PRKN,ATXN3,RBR,1,UbiBrowser2,22199232
nan|O60260|P54829,nan|O60260,,O60260,P54829,PRKN,PTPN5,RBR,1,UbiBrowser2,25583483
nan|O60260|P55036,nan|O60260,,O60260,P55036,PARK2,PSMD4,RING,1,UbiBrowser2,19240029
nan|O60260|P68363,nan|O60260,,O60260,P68363,PRKN,TUBA1B,RBR,1,UbiBrowser2,18195004
nan|O60260|Q07812,nan|O60260,,O60260,Q07812,PRKN,BAX,RBR,1,UbiBrowser2,22460798
nan|O60260|Q07817,nan|O60260,,O60260,Q07817,PRKN,BCL2L1,RBR,1,UbiBrowser2,33431795
nan|O60260|Q13148,nan|O60260,,O60260,Q13148,PRKN,TARDBP,RBR,1,UbiBrowser2,23258539
nan|O60260|Q13155,nan|O60260,,O60260,Q13155,PARK2,AIMP2,RING,1,UbiBrowser2,PRKN2_HUMAN
nan|O60260|Q13501,nan|O60260,,O60260,Q13501,PRKN,SQSTM1,RBR,1,UbiBrowser2,26746706
nan|O60260|Q14190,nan|O60260,,O60260,Q14190,PARK2,SIM2,RING,1,UbiBrowser2,17360614
nan|O60260|Q15303,nan|O60260,,O60260,Q15303,PRKN,ERBB4,RBR,1,UbiBrowser2,15632191
nan|O60260|Q15388,nan|O60260,,O60260,Q15388,PRKN,TOMM20,RBR,1,UbiBrowser2,22199232
nan|O60260|Q16342,nan|O60260,,O60260,Q16342,PRKN,PDCD2,RBR,1,UbiBrowser2,22199232
nan|O60260|Q16665,nan|O60260,,O60260,Q16665,PRKN,HIF1A,RBR,1,UbiBrowser2,29180628
nan|O60260|Q6NUN9,nan|O60260,,O60260,Q6NUN9,PARK2,ZNF746,RING,1,UbiBrowser2,21376232
nan|O60260|Q70CQ3,nan|O60260,,O60260,Q70CQ3,PRKN,USP30,RBR,1,UbiBrowser2,22199232
nan|O60260|Q8IWA4,nan|O60260,,O60260,Q8IWA4,PARK2,MFN1,RING,1,UbiBrowser2,21615408
nan|O60260|Q8IXI1,nan|O60260,,O60260,Q8IXI1,PRKN,RHOT2,RBR,1,UbiBrowser2,22078885
nan|O60260|Q8IXI2,nan|O60260,,O60260,Q8IXI2,PRKN,RHOT1,RBR,1,UbiBrowser2,26254304
nan|O60260|Q92844,nan|O60260,,O60260,Q92844,PRKN,TANK,RBR,1,UbiBrowser2,31558697
nan|O60260|Q96AE4,nan|O60260,,O60260,Q96AE4,PRKN,FUBP1,RBR,1,UbiBrowser2,16672220
nan|O60260|Q96P20,nan|O60260,,O60260,Q96P20,PRKN,NLRP3,RBR,1,UbiBrowser2,33527027
nan|O60260|Q96QK1,nan|O60260,,O60260,Q96QK1,PRKN,VPS35,RBR,1,UbiBrowser2,29893854
nan|O60260|Q99497,nan|O60260,,O60260,Q99497,PARK2,PARK7,RING,1,UbiBrowser2,20634198
nan|O60260|Q99648,nan|O60260,,O60260,Q99648,PRKN,CDCrel-1,RING,1,UbiBrowser2,11078524
nan|O60260|Q99714,nan|O60260,,O60260,Q99714,PARK2,PTPN5,RING,1,UbiBrowser2,25583483
nan|O60260|Q99719,nan|O60260,,O60260,Q99719,PARK2,PRKN,RING,1,UbiBrowser2,PRKN2_HUMAN
nan|O60260|Q99962,nan|O60260,,O60260,Q99962,PRKN,SH3GL2,RBR,1,UbiBrowser2,20064468
nan|O60260|Q99963,nan|O60260,,O60260,Q99963,PRKN,SH3GL3,RBR,1,UbiBrowser2,20064468
nan|O60260|Q9BT88,nan|O60260,,O60260,Q9BT88,PRKN,SYT11,RBR,1,UbiBrowser2,12925569
nan|O60260|Q9BXM7,nan|O60260,,O60260,Q9BXM7,PARK2,PINK1,RING,1,UbiBrowser2,22724072
nan|O60260|Q9NRD5,nan|O60260,,O60260,Q9NRD5,PARK2,PICK1,RING,1,UbiBrowser2,17553932
nan|O60260|Q9NX09,nan|O60260,,O60260,Q9NX09,PRKN,DDIT4,RBR,1,UbiBrowser2,25101677
nan|O60260|Q9NZ45,nan|O60260,,O60260,Q9NZ45,PRKN,CISD1,RBR,1,UbiBrowser2,31110043
nan|O60260|Q9UNE7,nan|O60260,,O60260,Q9UNE7,PRKN,STUB1,RBR,1,UbiBrowser2,22199232
nan|O60260|Q9UNN5,nan|O60260,,O60260,Q9UNN5,PRKN,FAF1,RBR,1,UbiBrowser2,23307929
nan|O60260|Q9Y4K3,nan|O60260,,O60260,Q9Y4K3,PRKN,TRAF6,RBR,1,UbiBrowser2,31558697
nan|O60260|Q9Y6H5,nan|O60260,,O60260,Q9Y6H5,PARK2,SNCAIP,RING,1,UbiBrowser2,PRKN2_HUMAN
nan|O60260|Q9Y6K9,nan|O60260,,O60260,Q9Y6K9,PARK2,IKBKG,RING,1,UbiBrowser2,19880420
nan|O60291|Q99816,nan|O60291,,O60291,Q99816,MGRN1,TSG101,RING,1,UbiBrowser2,17229889
nan|O60337|O60337,nan|O60337,,O60337,O60337,MARCHF6,MARCHF6,RING,1,UbiBrowser2,15673284
nan|O60337|Q14534,nan|O60337,,O60337,Q14534,MARCHF6,SQLE,RING,1,UbiBrowser2,32170014
nan|O60337|Q92813,nan|O60337,,O60337,Q92813,MARCHF6,DIO2,RING,1,UbiBrowser2,19651899
nan|O60683|P50542,nan|O60683,,O60683,P50542,PEX10,PEX5,RING,1,UbiBrowser2,22199232
nan|O60784|Q15742,nan|O60784,,O60784,Q15742,TOM1,NAB2,Other,1,UbiBrowser2,22199232
nan|O60784|Q99741,nan|O60784,,O60784,Q99741,TOM1,CDC6,Other,1,UbiBrowser2,23129771
nan|O60858|O60858,nan|O60858,,O60858,O60858,TRIM13,TRIM13,RING,1,UbiBrowser2,31744379
nan|O60858|P04234,nan|O60858,,O60858,P04234,TRIM13,CD3D,RING,1,UbiBrowser2,17314412
nan|O60858|P22736,nan|O60858,,O60858,P22736,TRIM13,NR4A1,RING,1,UbiBrowser2,30224829
nan|O60858|P31749,nan|O60858,,O60858,P31749,TRIM13,AKT1,RING,1,UbiBrowser2,21333377
nan|O60858|P31751,nan|O60858,,O60858,P31751,TRIM13,AKT2,RING,1,UbiBrowser2,21333377
nan|O60858|P55072,nan|O60858,,O60858,P55072,TRIM13,VCP,RING,1,UbiBrowser2,22199232
nan|O60858|Q00987,nan|O60858,,O60858,Q00987,TRIM13,MDM2,RING,1,UbiBrowser2,21333377
nan|O60907|P35222,nan|O60907,,O60907,P35222,TBL1X,CTNNB1,F-box,1,UbiBrowser2,20181957
nan|O75150|Q16623,nan|O75150,,O75150,Q16623,RNF40,STX1A,RING,1,UbiBrowser2,22199232
nan|O75150|Q16778,nan|O75150,,O75150,Q16778,RNF40,H2BC21,RING,1,UbiBrowser2,16307923
nan|O75150|Q96A08,nan|O75150,,O75150,Q96A08,RNF40,H2BC1,RING,1,UbiBrowser2,16307923
nan|O75150|Q9UQ80,nan|O75150,,O75150,Q9UQ80,RNF40,PA2G4,RING,1,UbiBrowser2,22199232
nan|O75159|P00533,nan|O75159,,O75159,P00533,SOCS5,EGFR,SOCS_VHL_BC-box,1,UbiBrowser2,15590694
nan|O75159|P42224,nan|O75159,,O75159,P42224,SOCS5,STAT1,SOCS_VHL_BC-box,1,UbiBrowser2,33391546
nan|O75382|P04637,nan|O75382,,O75382,P04637,TRIM3,TP53,RING,1,UbiBrowser2,33292295
nan|O75382|Q14457,nan|O75382,,O75382,Q14457,TRIM3,BECN1,RING,1,UbiBrowser2,32021240
nan|O75382|Q5VSY0,nan|O75382,,O75382,Q5VSY0,TRIM3,GKAP1,RING,1,UbiBrowser2,20352094
nan|O75592|P49815,nan|O75592,,O75592,P49815,MYCBP2,TSC2,RING,1,UbiBrowser2,14559897
nan|O75592|Q9BZQ4,nan|O75592,,O75592,Q9BZQ4,MYCBP2,NMNAT2,RING,1,UbiBrowser2,29997255
nan|O75717|Q15555,nan|O75717,,O75717,Q15555,WDHD1,MAPRE2,DWD,1,UbiBrowser2,32426268
nan|O75928|P42224,nan|O75928,,O75928,P42224,PIAS2,STAT1,RING,1,UbiBrowser2,12764129
nan|O76050|O76083,nan|O76050,,O76050,O76083,NEURL1,PDE9A,RING,1,UbiBrowser2,31068605
nan|O76064|O14773,nan|O76064,,O76064,O14773,RNF8,TPP1,RING,1,UbiBrowser2,22101936
nan|O76064|O60934,nan|O76064,,O76064,O60934,RNF8,NBN,RING,1,UbiBrowser2,23115235
nan|O76064|O75164,nan|O76064,,O76064,O75164,RNF8,KDM4A,RING,1,UbiBrowser2,22199232
nan|O76064|O76064,nan|O76064,,O76064,O76064,RNF8,RNF8,RING,1,UbiBrowser2,22199232
nan|O76064|O94761,nan|O76064,,O76064,O94761,RNF8,RECQL4,RING,1,UbiBrowser2,33674555
nan|O76064|O96017,nan|O76064,,O76064,O96017,RNF8,CHEK2,RING,1,UbiBrowser2,22266820
nan|O76064|P0C0S8,nan|O76064,,O76064,P0C0S8,RNF8,H2AC11,RING,1,UbiBrowser2,18001824
nan|O76064|P12004,nan|O76064,,O76064,P12004,RNF8,PCNA,RING,1,UbiBrowser2,18948756
nan|O76064|P13010,nan|O76064,,O76064,P13010,RNF8,XRCC5,RING,1,UbiBrowser2,22199232
nan|O76064|P16104,nan|O76064,,O76064,P16104,RNF8,H2AFX,RING,1,UbiBrowser2,20385748
nan|O76064|P29590,nan|O76064,,O76064,P29590,RNF8,PML,RING,1,UbiBrowser2,23708797
nan|O76064|P35222,nan|O76064,,O76064,P35222,RNF8,CTNNB1,RING,1,UbiBrowser2,32549753
nan|O76064|P54132,nan|O76064,,O76064,P54132,RNF8,BLM,RING,1,UbiBrowser2,23708797
nan|O76064|Q15233,nan|O76064,,O76064,Q15233,RNF8,NONO,RING,1,UbiBrowser2,30445466
nan|O76064|Q16777,nan|O76064,,O76064,Q16777,RNF8,H2AC20,RING,1,UbiBrowser2,22199232
nan|O76064|Q8IUE6,nan|O76064,,O76064,Q8IUE6,RNF8,H2AC21,RING,1,UbiBrowser2,22199232
nan|O76064|Q969R5,nan|O76064,,O76064,Q969R5,RNF8,L3MBTL2,RING,1,UbiBrowser2,31225475
nan|O76064|Q96A08,nan|O76064,,O76064,Q96A08,RNF8,H2BC1,RING,1,UbiBrowser2,22199232
nan|O76064|Q96FW1,nan|O76064,,O76064,Q96FW1,RNF8,OTUB1,RING,1,UbiBrowser2,21130715
nan|O76064|Q96QV6,nan|O76064,,O76064,Q96QV6,RNF8,HIST1H2AA,RING,1,UbiBrowser2,RNF8_HUMAN
nan|O76064|Q9HCU8,nan|O76064,,O76064,Q9HCU8,RNF8,POLD4,RING,1,UbiBrowser2,23233665
nan|O76064|Q9NQR1,nan|O76064,,O76064,Q9NQR1,RNF8,KMT5A,RING,1,UbiBrowser2,33710666
nan|O92608|Q9Y5J3,nan|O92608,,O92608,Q9Y5J3,ORF50,HEY1,Other,1,UbiBrowser2,22199232
nan|O94844|O76074,nan|O94844,,O94844,O76074,RHOBTB1,PDE5A,BTB_OTHER,1,UbiBrowser2,30896450
nan|O94889|O14965,nan|O94889,,O94889,O14965,KLHL18,AURKA,BTB_3,1,UbiBrowser2,23213400
nan|O94952|P08183,nan|O94952,,O94952,P08183,FBXO21,ABCB1,F-box,1,UbiBrowser2,26299618
nan|O94952|P24468,nan|O94952,,O94952,P24468,FBXO21,NR2F2,F-box,1,UbiBrowser2,33531987
nan|O94952|Q9Y6B2,nan|O94952,,O94952,Q9Y6B2,FBXO21,EID1,F-box,1,UbiBrowser2,26085330
nan|O94955|P24864,nan|O94955,,O94955,P24864,RHOBTB3,CCNE1,Other,1,UbiBrowser2,24145166
nan|O94972|O15105,nan|O94972,,O94972,O15105,TRIM37,SMAD7,RING,1,UbiBrowser2,32916597
nan|O94972|O94972,nan|O94972,,O94972,O94972,TRIM37,TRIM37,RING,1,UbiBrowser2,TRI37_HUMAN
nan|O94972|Q12933,nan|O94972,,O94972,Q12933,TRIM37,TRAF2,RING,1,UbiBrowser2,30043491
nan|O94972|Q9Y4K3,nan|O94972,,O94972,Q9Y4K3,TRIM37,TRAF6,RING,1,UbiBrowser2,33839419
nan|O95071|O43313,nan|O95071,,O95071,O43313,UBR5,ATMIN,HECT,1,UbiBrowser2,34321465
nan|O95071|O75469,nan|O95071,,O95071,O75469,UBR5,NR1I2,HECT,1,UbiBrowser2,24438055
nan|O95071|O95071,nan|O95071,,O95071,O95071,UBR5,UBR5,HECT,1,UbiBrowser2,11714696
nan|O95071|O95994,nan|O95071,,O95071,O95994,UBR5,AGR2,HECT,1,UbiBrowser2,30647455
nan|O95071|P01106,nan|O95071,,O95071,P01106,UBR5,MYC,HECT,1,UbiBrowser2,32029551
nan|O95071|P35558,nan|O95071,,O95071,P35558,UBR5,PCK1,HECT,1,UbiBrowser2,21726808
nan|O95071|P42858,nan|O95071,,O95071,P42858,UBR5,HTT,HECT,1,UbiBrowser2,30038412
nan|O95071|P48431,nan|O95071,,O95071,P48431,UBR5,SOX2,HECT,1,UbiBrowser2,30894683
nan|O95071|P49715,nan|O95071,,O95071,P49715,UBR5,CEBPA,HECT,1,UbiBrowser2,33122826
nan|O95071|P50750,nan|O95071,,O95071,P50750,UBR5,CDK9,HECT,1,UbiBrowser2,21127351
nan|O95071|P52907,nan|O95071,,O95071,P52907,UBR5,CAPZA1,HECT,1,UbiBrowser2,33777788
nan|O95071|P67775,nan|O95071,,O95071,P67775,UBR5,PPP2CA,HECT,1,UbiBrowser2,31392083
nan|O95071|Q92547,nan|O95071,,O95071,Q92547,UBR5,TOPBP1,HECT,1,UbiBrowser2,11714696
nan|O95071|Q9BPZ3,nan|O95071,,O95071,Q9BPZ3,UBR5,PAIP2,HECT,1,UbiBrowser2,16601676
nan|O95155|O95997,nan|O95155,,O95155,O95997,UBE4B,PTTG1,UBOX,1,UbiBrowser2,15611659
nan|O95155|P04637,nan|O95155,,O95155,P04637,UBE4B,TP53,UBOX,1,UbiBrowser2,21317885
nan|O95155|P54252,nan|O95155,,O95155,P54252,UBE4B,ATXN3,UBOX,1,UbiBrowser2,15152500
nan|O95155|Q8IWX7,nan|O95155,,O95155,Q8IWX7,UBE4B,UNC45B,UBOX,1,UbiBrowser2,15294159
nan|O95155|Q99689,nan|O95155,,O95155,Q99689,UBE4B,FEZ1,UBOX,1,UbiBrowser2,15466860
nan|O95198|O95502,nan|O95198,,O95198,O95502,KLHL2,NPTXR,Other,1,UbiBrowser2,22199232
nan|O95198|Q14155,nan|O95198,,O95198,Q14155,KLHL2,ARHGEF7,Other,1,UbiBrowser2,33163274
nan|O95198|Q96J92,nan|O95198,,O95198,Q96J92,KLHL2,WNK4,Other,1,UbiBrowser2,23838290
nan|O95198|Q9BYP7,nan|O95198,,O95198,Q9BYP7,KLHL2,WNK3,Other,1,UbiBrowser2,22199232
nan|O95198|Q9H4A3,nan|O95198,,O95198,Q9H4A3,KLHL2,WNK1,Other,1,UbiBrowser2,22199232
nan|O95376|O95376,nan|O95376,,O95376,O95376,ARIH2,ARIH2,RING,1,UbiBrowser2,16118314
nan|O95376|Q15653,nan|O95376,,O95376,Q15653,ARIH2,NFKBIB,RING,1,UbiBrowser2,23179078
nan|O95376|Q99684,nan|O95376,,O95376,Q99684,ARIH2,GFI1,RING,1,UbiBrowser2,17646546
nan|O95376|Q9HC16,nan|O95376,,O95376,Q9HC16,ARIH2,APOBEC3G,RING,1,UbiBrowser2,31253590
nan|O95628|O95628,nan|O95628,,O95628,O95628,CNOT4,CNOT4,RING,1,UbiBrowser2,11823428
nan|O95628|P41229,nan|O95628,,O95628,P41229,CNOT4,KDM5C,RING,1,UbiBrowser2,19346402
nan|O95628|P46937,nan|O95628,,O95628,P46937,CNOT4,YAP1,RING,1,UbiBrowser2,22707721
nan|O95628|Q96T37,nan|O95628,,O95628,Q96T37,CNOT4,RBM15,RING,1,UbiBrowser2,26575292
nan|O95630|Q96P20,nan|O95630,,O95630,Q96P20,STAMBP,NLRP3,SOCS_VHL_BC-box,1,UbiBrowser2,33253913
nan|O95714|P23025,nan|O95714,,O95714,P23025,HERC2,XPA,HECT,1,UbiBrowser2,21193487
nan|O95714|P38398,nan|O95714,,O95714,P38398,HERC2,BRCA1,HECT,1,UbiBrowser2,20631078
nan|O95714|P63165,nan|O95714,,O95714,P63165,HERC2,SUMO1,HECT,1,UbiBrowser2,33377049
nan|O95714|Q96JN8,nan|O95714,,O95714,Q96JN8,HERC2,NEURL4,HECT,1,UbiBrowser2,22261722
nan|O95714|Q9Y2K6,nan|O95714,,O95714,Q9Y2K6,HERC2,USP20,HECT,1,UbiBrowser2,25355518
nan|O95786|Q9NX47,nan|O95786,,O95786,Q9NX47,DDX58,MARCHF5,Other,1,UbiBrowser2,31881323
nan|O95835|Q14457,nan|O95835,,O95835,Q14457,LATS1,BECN1,Other,1,UbiBrowser2,31848340
nan|P00748|Q16665,nan|P00748,,P00748,Q16665,F12,HIF1A,Other,1,UbiBrowser2,18838541
nan|P03126|O43166,nan|P03126,,P03126,O43166,E6,SIPA1L1,Other,1,UbiBrowser2,22199232
nan|P03126|P04637,nan|P03126,,P03126,P04637,E6,TP53,Other,1,UbiBrowser2,22199232
nan|P03126|P41229,nan|P03126,,P03126,P41229,E6,KDM5C,Other,1,UbiBrowser2,25231954
nan|P03126|Q12959,nan|P03126,,P03126,Q12959,E6,DLG1,Other,1,UbiBrowser2,22199232
nan|P03243#Q6VGT3|P04637,nan|P03243#Q6VGT3,,P03243#Q6VGT3,P04637,E4,TP53,Other,1,UbiBrowser2,22199232
nan|P03243#Q6VGT3|P26006,nan|P03243#Q6VGT3,,P03243#Q6VGT3,P26006,E4,ITGA3,Other,1,UbiBrowser2,22199232
nan|P03243#Q6VGT3|P49917,nan|P03243#Q6VGT3,,P03243#Q6VGT3,P49917,E4,LIG4,Other,1,UbiBrowser2,22199232
nan|P03243#Q6VGT3|P49959,nan|P03243#Q6VGT3,,P03243#Q6VGT3,P49959,E4,MRE11,Other,1,UbiBrowser2,22199232
nan|P06463|P41229,nan|P06463,,P06463,P41229,E6,KDM5C,Other,1,UbiBrowser2,25231954
nan|P08393|O76064,nan|P08393,,P08393,O76064,ICP0,RNF8,RING,1,UbiBrowser2,32416261
nan|P08393|P04637,nan|P08393,,P08393,P04637,ICP0,TP53,RING,1,UbiBrowser2,22199232
nan|P08393|P07199,nan|P08393,,P08393,P07199,ICP0,CENPB,RING,1,UbiBrowser2,22199232
nan|P08393|P08393,nan|P08393,,P08393,P08393,ICP0,ICP0,RING,1,UbiBrowser2,32416261
nan|P08393|P23497,nan|P08393,,P08393,P23497,ICP0,SP100,RING,1,UbiBrowser2,32416261
nan|P08393|P29590,nan|P08393,,P08393,P29590,ICP0,PML,RING,1,UbiBrowser2,22199232
nan|P08393|P41212,nan|P08393,,P08393,P41212,ICP0,ETV6,RING,1,UbiBrowser2,32416261
nan|P08393|P46100,nan|P08393,,P08393,P46100,ICP0,ATRX,RING,1,UbiBrowser2,22787211
nan|P08393|P49450,nan|P08393,,P08393,P49450,ICP0,CENPA,RING,1,UbiBrowser2,22199232
nan|P08393|P78527,nan|P08393,,P08393,P78527,ICP0,PRKDC,RING,1,UbiBrowser2,32416261
nan|P08393|Q03188,nan|P08393,,P08393,Q03188,ICP0,CENPC,RING,1,UbiBrowser2,32416261
nan|P08393|Q14149,nan|P08393,,P08393,Q14149,ICP0,MORC3,RING,1,UbiBrowser2,32416261
nan|P08393|Q16666,nan|P08393,,P08393,Q16666,ICP0,IFI16,RING,1,UbiBrowser2,23427152
nan|P08393|Q5T5X7,nan|P08393,,P08393,Q5T5X7,ICP0,BEND3,RING,1,UbiBrowser2,32416261
nan|P08393|Q8IYW5,nan|P08393,,P08393,Q8IYW5,ICP0,RNF168,RING,1,UbiBrowser2,32416261
nan|P08393|Q8NAP3,nan|P08393,,P08393,Q8NAP3,ICP0,ZBTB38,RING,1,UbiBrowser2,32416261
nan|P08393|Q93009,nan|P08393,,P08393,Q93009,ICP0,USP7,RING,1,UbiBrowser2,32416261
nan|P08393|Q96BF6,nan|P08393,,P08393,Q96BF6,ICP0,NACC2,RING,1,UbiBrowser2,32416261
nan|P08393|Q96DT7,nan|P08393,,P08393,Q96DT7,ICP0,ZBTB10,RING,1,UbiBrowser2,32416261
nan|P08393|Q96RE7,nan|P08393,,P08393,Q96RE7,ICP0,NACC1,RING,1,UbiBrowser2,32416261
nan|P08393|Q99856,nan|P08393,,P08393,Q99856,ICP0,ARID3A,RING,1,UbiBrowser2,32416261
nan|P08393|Q9P1Z0,nan|P08393,,P08393,Q9P1Z0,ICP0,ZBTB4,RING,1,UbiBrowser2,32416261
nan|P08393|Q9UIS9,nan|P08393,,P08393,Q9UIS9,ICP0,MBD1,RING,1,UbiBrowser2,32416261
nan|P09874|Q8IUQ4,nan|P09874,,P09874,Q8IUQ4,PARP1,SIAH1,Other,1,UbiBrowser2,29949759
nan|P09936|P11021,nan|P09936,,P09936,P11021,UCHL1,HSPA5,SINGLE_OTHER,1,UbiBrowser2,32606430
nan|P09936|Q14247,nan|P09936,,P09936,Q14247,UCHL1,CTTN,SINGLE_OTHER,1,UbiBrowser2,32120844
nan|P09936|Q16637,nan|P09936,,P09936,Q16637,UCHL1,SMN1,SINGLE_OTHER,1,UbiBrowser2,20713032
nan|P0C2W1|O15350,nan|P0C2W1,,P0C2W1,O15350,FBXO45,TP73,F-box,1,UbiBrowser2,19581926
nan|P0C2W1|O43623,nan|P0C2W1,,P0C2W1,O43623,FBXO45,SNAI2,F-box,1,UbiBrowser2,25460509
nan|P0C2W1|O60315,nan|P0C2W1,,P0C2W1,O60315,FBXO45,ZEB2,F-box,1,UbiBrowser2,25460509
nan|P0C2W1|O95863,nan|P0C2W1,,P0C2W1,O95863,FBXO45,SNAI1,F-box,1,UbiBrowser2,25460509
nan|P0C2W1|P37275,nan|P0C2W1,,P0C2W1,P37275,FBXO45,ZEB1,F-box,1,UbiBrowser2,25460509
nan|P0C2W1|Q15672,nan|P0C2W1,,P0C2W1,Q15672,FBXO45,TWIST1,F-box,1,UbiBrowser2,25460509
nan|P0C2W1|Q969H0,nan|P0C2W1,,P0C2W1,Q969H0,FBXO45,FBXW7,F-box,1,UbiBrowser2,31285543
nan|P0C2W1|Q96IZ0,nan|P0C2W1,,P0C2W1,Q96IZ0,FBXO45,PAWR,F-box,1,UbiBrowser2,24992930
nan|P0CI25|P54132,nan|P0CI25,,P0CI25,P54132,TRIM49,BLM,RING,1,UbiBrowser2,23708797
nan|P10523|P05412,nan|P10523,,P10523,P05412,SAG,JUN,Other,1,UbiBrowser2,23136067
nan|P10523|P21359,nan|P10523,,P10523,P21359,SAG,NF1,Other,1,UbiBrowser2,23136067
nan|P10523|P25963,nan|P10523,,P10523,P25963,SAG,NFKBIA,Other,1,UbiBrowser2,23136067
nan|P10523|P46527,nan|P10523,,P10523,P46527,SAG,CDKN1B,Other,1,UbiBrowser2,23136067
nan|P10523|P49427,nan|P10523,,P10523,P49427,SAG,CDC34,Other,1,UbiBrowser2,10851089
nan|P10523|Q13794,nan|P10523,,P10523,Q13794,SAG,PMAIP1,Other,1,UbiBrowser2,23136067
nan|P10523|Q16665,nan|P10523,,P10523,Q16665,SAG,HIF1A,Other,1,UbiBrowser2,23136067
nan|P10523|Q8TB45,nan|P10523,,P10523,Q8TB45,SAG,DEPTOR,Other,1,UbiBrowser2,23136067
nan|P11441|Q9Y4K3,nan|P11441,,P11441,Q9Y4K3,UBL4A,TRAF6,Other,1,UbiBrowser2,31451677
nan|P12830|O14965,nan|P12830,,P12830,O14965,CDH1,AURKA,Other,1,UbiBrowser2,32705157
nan|P14373|O00750,nan|P14373,,P14373,O00750,TRIM27,PIK3C2B,RING,1,UbiBrowser2,22128329
nan|P14373|P38936,nan|P14373,,P14373,P38936,TRIM27,CDKN1A,RING,1,UbiBrowser2,33251042
nan|P14373|P60484,nan|P14373,,P14373,P60484,TRIM27,PTEN,RING,1,UbiBrowser2,31719796
nan|P14373|Q15561,nan|P14373,,P14373,Q15561,TRIM27,TEAD4,RING,1,UbiBrowser2,33993634
nan|P14373|Q9UHD2,nan|P14373,,P14373,Q9UHD2,TRIM27,TBK1,RING,1,UbiBrowser2,29688809
nan|P14373|Q9Y6X2,nan|P14373,,P14373,Q9Y6X2,TRIM27,PIAS3,RING,1,UbiBrowser2,31747314
nan|P15918|C9JYI4,nan|P15918,,P15918,C9JYI4,RAG1,KPNA1,RING,1,UbiBrowser2,19118899
nan|P15918|P15918,nan|P15918,,P15918,P15918,RAG1,RAG1,RING,1,UbiBrowser2,14671314
nan|P15918|P52292,nan|P15918,,P15918,P52292,RAG1,KPNA2,RING,1,UbiBrowser2,19118899
nan|P15918|P52294,nan|P15918,,P15918,P52294,RAG1,KPNA1,RING,1,UbiBrowser2,19118899
nan|P15918|Q16695,nan|P15918,,P15918,Q16695,RAG1,H3-4,RING,1,UbiBrowser2,20122409
nan|P19474|O14920,nan|P19474,,P19474,O14920,TRIM21,IKBKB,RING,1,UbiBrowser2,19675099
nan|P19474|O95863,nan|P19474,,P19474,O95863,TRIM21,SNAI1,RING,1,UbiBrowser2,30502437
nan|P19474|P01857,nan|P19474,,P19474,P01857,TRIM21,IGHG1,RING,1,UbiBrowser2,18641315
nan|P19474|P19474,nan|P19474,,P19474,P19474,TRIM21,TRIM21,RING,1,UbiBrowser2,16472766
nan|P19474|P34897,nan|P19474,,P19474,P34897,TRIM21,SHMT2,RING,1,UbiBrowser2,30367038
nan|P19474|P35232,nan|P19474,,P19474,P35232,TRIM21,PHB,RING,1,UbiBrowser2,30886235
nan|P19474|P37198,nan|P19474,,P19474,P37198,TRIM21,NUP62,RING,1,UbiBrowser2,34257278
nan|P19474|P38936,nan|P19474,,P19474,P38936,TRIM21,CDKN1A,RING,1,UbiBrowser2,33900537
nan|P19474|P46527,nan|P19474,,P19474,P46527,TRIM21,CDKN1B,RING,1,UbiBrowser2,RO52_HUMAN
nan|P19474|P49915,nan|P19474,,P19474,P49915,TRIM21,GMPS,RING,1,UbiBrowser2,33742136
nan|P19474|Q02556,nan|P19474,,P19474,Q02556,TRIM21,IRF8,RING,1,UbiBrowser2,19494276
nan|P19474|Q04206,nan|P19474,,P19474,Q04206,TRIM21,RELA,RING,1,UbiBrowser2,32232831
nan|P19474|Q13107,nan|P19474,,P19474,Q13107,TRIM21,USP4,RING,1,UbiBrowser2,16472766
nan|P19474|Q14653,nan|P19474,,P19474,Q14653,TRIM21,IRF3,RING,1,UbiBrowser2,19494276
nan|P19474|Q16666,nan|P19474,,P19474,Q16666,TRIM21,IFI16,RING,1,UbiBrowser2,33061806
nan|P19474|Q2F514,nan|P19474,,P19474,Q2F514,TRIM21,X,RING,1,UbiBrowser2,34097931
nan|P19474|Q92985,nan|P19474,,P19474,Q92985,TRIM21,IRF7,RING,1,UbiBrowser2,21183682
nan|P19474|Q9C035,nan|P19474,,P19474,Q9C035,TRIM21,TRIM5,RING,1,UbiBrowser2,18312418
nan|P19474|Q9H211,nan|P19474,,P19474,Q9H211,TRIM21,CDT1,RING,1,UbiBrowser2,16407252
nan|P21580|P21580,nan|P21580,,P21580,P21580,TNFAIP3,TNFAIP3,HECT,1,UbiBrowser2,21095585
nan|P21580|Q13546,nan|P21580,,P21580,Q13546,TNFAIP3,RIPK1,HECT,1,UbiBrowser2,TNAP3_HUMAN
nan|P21580|Q9H4P4,nan|P21580,,P21580,Q9H4P4,TNFAIP3,RNF41,HECT,1,UbiBrowser2,34023381
nan|P21580|Q9NR96,nan|P21580,,P21580,Q9NR96,TNFAIP3,TLR9,HECT,1,UbiBrowser2,30277474
nan|P21583|Q9NVF7,nan|P21583,,P21583,Q9NVF7,KITLG,FBXO28,Other,1,UbiBrowser2,31678254
nan|P22681|O14964,nan|P22681,,P22681,O14964,CBL,HGS,RING,1,UbiBrowser2,20029031
nan|P22681|O43521,nan|P22681,,P22681,O43521,CBL,BCL2L11,RING,1,UbiBrowser2,18198176
nan|P22681|O43597,nan|P22681,,P22681,O43597,CBL,SPRY2,RING,1,UbiBrowser2,16780213
nan|P22681|O94875,nan|P22681,,P22681,O94875,CBL,SORBS2,RING,1,UbiBrowser2,12475393
nan|P22681|O95644,nan|P22681,,P22681,O95644,CBL,NFATC1,RING,1,UbiBrowser2,22199232
nan|P22681|P00519,nan|P22681,,P22681,P00519,CBL,ABL1,RING,1,UbiBrowser2,8770364
nan|P22681|P00533,nan|P22681,,P22681,P00533,CBL,EGFR,RING,1,UbiBrowser2,15194809
nan|P22681|P04085,nan|P22681,,P22681,P04085,CBL,PDGFA,RING,1,UbiBrowser2,17620338
nan|P22681|P04271,nan|P22681,,P22681,P04271,CBL,S100B,RING,1,UbiBrowser2,33329486
nan|P22681|P04626,nan|P22681,,P22681,P04626,CBL,ERBB2,RING,1,UbiBrowser2,19263517
nan|P22681|P06127,nan|P22681,,P22681,P06127,CBL,CD5,RING,1,UbiBrowser2,22199232
nan|P22681|P06239,nan|P22681,,P22681,P06239,CBL,LCK,RING,1,UbiBrowser2,20150895
nan|P22681|P06241,nan|P22681,,P22681,P06241,CBL,FYN,RING,1,UbiBrowser2,15208330
nan|P22681|P07333,nan|P22681,,P22681,P07333,CBL,CSF1R,RING,1,UbiBrowser2,11847211
nan|P22681|P07947,nan|P22681,,P22681,P07947,CBL,YES1,RING,1,UbiBrowser2,21596750
nan|P22681|P07948,nan|P22681,,P22681,P07948,CBL,LYN,RING,1,UbiBrowser2,15190072
nan|P22681|P08069,nan|P22681,,P22681,P08069,CBL,IGF1R,RING,1,UbiBrowser2,22199232
nan|P22681|P08138,nan|P22681,,P22681,P08138,CBL,NGFR,RING,1,UbiBrowser2,15337528
nan|P22681|P08581,nan|P22681,,P22681,P08581,CBL,MET,RING,1,UbiBrowser2,17449471
nan|P22681|P08648,nan|P22681,,P22681,P08648,CBL,ITGA5,RING,1,UbiBrowser2,15728256
nan|P22681|P09619,nan|P22681,,P22681,P09619,CBL,PDGFRB,RING,1,UbiBrowser2,15753096
nan|P22681|P09769,nan|P22681,,P22681,P09769,CBL,FGR,RING,1,UbiBrowser2,12435267
nan|P22681|P10721,nan|P22681,,P22681,P10721,CBL,KIT,RING,1,UbiBrowser2,16780420
nan|P22681|P11274,nan|P22681,,P22681,P11274,CBL,BCR,RING,1,UbiBrowser2,20675402
nan|P22681|P11362,nan|P22681,,P22681,P11362,CBL,FGFR1,RING,1,UbiBrowser2,17944804
nan|P22681|P12318,nan|P22681,,P22681,P12318,CBL,FCGR2A,RING,1,UbiBrowser2,22199232
nan|P22681|P12931,nan|P22681,,P22681,P12931,CBL,SRC,RING,1,UbiBrowser2,10734113
nan|P22681|P13569,nan|P22681,,P22681,P13569,CBL,CFTR,RING,1,UbiBrowser2,22467879
nan|P22681|P15498,nan|P22681,,P22681,P15498,CBL,VAV1,RING,1,UbiBrowser2,11857085
nan|P22681|P16234,nan|P22681,,P22681,P16234,CBL,PDGFRA,RING,1,UbiBrowser2,10347229
nan|P22681|P17948,nan|P22681,,P22681,P17948,CBL,FLT1,RING,1,UbiBrowser2,15001553
nan|P22681|P19174,nan|P22681,,P22681,P19174,CBL,PLCG1,RING,1,UbiBrowser2,16467851
nan|P22681|P21802,nan|P22681,,P22681,P21802,CBL,FGFR2,RING,1,UbiBrowser2,17944804
nan|P22681|P22455,nan|P22681,,P22681,P22455,CBL,FGFR4,RING,1,UbiBrowser2,18480409
nan|P22681|P22607,nan|P22681,,P22681,P22607,CBL,FGFR3,RING,1,UbiBrowser2,18485666
nan|P22681|P27986,nan|P22681,,P22681,P27986,CBL,PIK3R1,RING,1,UbiBrowser2,24113870
nan|P22681|P29317,nan|P22681,,P22681,P29317,CBL,EPHA2,RING,1,UbiBrowser2,12496371
nan|P22681|P29322,nan|P22681,,P22681,P29322,CBL,EPHA8,RING,1,UbiBrowser2,20100865
nan|P22681|P31785,nan|P22681,,P22681,P31785,CBL,IL2RG,RING,1,UbiBrowser2,16004964
nan|P22681|P35222,nan|P22681,,P22681,P35222,CBL,CTNNB1,RING,1,UbiBrowser2,23744067
nan|P22681|P35968,nan|P22681,,P22681,P35968,CBL,KDR,RING,1,UbiBrowser2,22199232
nan|P22681|P40189,nan|P22681,,P22681,P40189,CBL,IL6ST,RING,1,UbiBrowser2,18519587
nan|P22681|P40238,nan|P22681,,P22681,P40238,CBL,MPL,RING,1,UbiBrowser2,19880496
nan|P22681|P42229,nan|P22681,,P22681,P42229,CBL,STAT5A,RING,1,UbiBrowser2,22199232
nan|P22681|P42345,nan|P22681,,P22681,P42345,CBL,MTOR,RING,1,UbiBrowser2,32386556
nan|P22681|P43403,nan|P22681,,P22681,P43403,CBL,ZAP70,RING,1,UbiBrowser2,29498112
nan|P22681|P43405,nan|P22681,,P22681,P43405,CBL,SYK,RING,1,UbiBrowser2,15701717
nan|P22681|P46109,nan|P22681,,P22681,P46109,CBL,CRKL,RING,1,UbiBrowser2,12671687
nan|P22681|P48736,nan|P22681,,P22681,P48736,CBL,PIK3CG,RING,1,UbiBrowser2,18374639
nan|P22681|P51692,nan|P22681,,P22681,P51692,CBL,STAT5B,RING,1,UbiBrowser2,22199232
nan|P22681|P54762,nan|P22681,,P22681,P54762,CBL,EPHB1,RING,1,UbiBrowser2,18034775
nan|P22681|P55085,nan|P22681,,P22681,P55085,CBL,F2RL1,RING,1,UbiBrowser2,CBL_HUMAN
nan|P22681|Q02556,nan|P22681,,P22681,Q02556,CBL,IRF8,RING,1,UbiBrowser2,15837792
nan|P22681|Q02763,nan|P22681,,P22681,Q02763,CBL,TEK,RING,1,UbiBrowser2,23754070
nan|P22681|Q04912,nan|P22681,,P22681,Q04912,CBL,MST1R,RING,1,UbiBrowser2,12802274
nan|P22681|Q14155,nan|P22681,,P22681,Q14155,CBL,ARHGEF7,RING,1,UbiBrowser2,16407834
nan|P22681|Q7Z698,nan|P22681,,P22681,Q7Z698,CBL,SPRED2,RING,1,UbiBrowser2,22199232
nan|P22681|Q8TBZ2,nan|P22681,,P22681,Q8TBZ2,CBL,MYCBPAP,RING,1,UbiBrowser2,17255943
nan|P22681|Q8WU20,nan|P22681,,P22681,Q8WU20,CBL,FRS2,RING,1,UbiBrowser2,11997436
nan|P22681|Q96B97,nan|P22681,,P22681,Q96B97,CBL,SH3KBP1,RING,1,UbiBrowser2,CBL_HUMAN
nan|P22681|Q96JA1,nan|P22681,,P22681,Q96JA1,CBL,LRIG1,RING,1,UbiBrowser2,15282549
nan|P22681|Q96P20,nan|P22681,,P22681,Q96P20,CBL,NLRP3,RING,1,UbiBrowser2,31553908
nan|P22681|Q9UGK3,nan|P22681,,P22681,Q9UGK3,CBL,STAP2,RING,1,UbiBrowser2,19401194
nan|P22681|Q9UM73,nan|P22681,,P22681,Q9UM73,CBL,ALK,RING,1,UbiBrowser2,22479414
nan|P29372|P04554,nan|P29372,,P29372,P04554,MPG,PRM2,Other,1,UbiBrowser2,22199232
nan|P29372|P51668,nan|P29372,,P29372,P51668,MPG,UBE2D1,Other,1,UbiBrowser2,21296087
nan|P29372|P62714,nan|P29372,,P29372,P62714,MPG,PPP2CB,Other,1,UbiBrowser2,22199232
nan|P29372|P67775,nan|P29372,,P29372,P67775,MPG,PPP2CA,Other,1,UbiBrowser2,25207814
nan|P29372|P78318,nan|P29372,,P29372,P78318,MPG,IGBP1,Other,1,UbiBrowser2,22613722
nan|P29372|Q15257,nan|P29372,,P29372,Q15257,MPG,PTPA,Other,1,UbiBrowser2,25207814
nan|P29372|Q9NRP7,nan|P29372,,P29372,Q9NRP7,MPG,STK36,Other,1,UbiBrowser2,25278022
nan|P29372|Q9P0W2,nan|P29372,,P29372,Q9P0W2,MPG,HMG20B,Other,1,UbiBrowser2,28760657
nan|P29590|P68431,nan|P29590,,P29590,P68431,PML,H3C12,RING,1,UbiBrowser2,29471350
nan|P35226#Q99496|P04908,nan|P35226#Q99496,,P35226#Q99496,P04908,BMI1#RNF2,H2AC4,Other,1,UbiBrowser2,22199232
nan|P35226#Q99496|P0C0S5,nan|P35226#Q99496,,P35226#Q99496,P0C0S5,BMI1#RNF2,H2AZ1,Other,1,UbiBrowser2,22199232
nan|P35226#Q99496|P0C0S8,nan|P35226#Q99496,,P35226#Q99496,P0C0S8,BMI1#RNF2,H2AC11,Other,1,UbiBrowser2,22199232
nan|P35226#Q99496|P16104,nan|P35226#Q99496,,P35226#Q99496,P16104,BMI1#RNF2,H2AX,Other,1,UbiBrowser2,22199232
nan|P35226#Q99496|P20671,nan|P35226#Q99496,,P35226#Q99496,P20671,BMI1#RNF2,H2AC7,Other,1,UbiBrowser2,22199232
nan|P35226#Q99496|Q16777,nan|P35226#Q99496,,P35226#Q99496,Q16777,BMI1#RNF2,H2AC20,Other,1,UbiBrowser2,22199232
nan|P35226#Q99496|Q6FI13,nan|P35226#Q99496,,P35226#Q99496,Q6FI13,BMI1#RNF2,H2AC18,Other,1,UbiBrowser2,22199232
nan|P35226#Q99496|Q7L7L0,nan|P35226#Q99496,,P35226#Q99496,Q7L7L0,BMI1#RNF2,H2AW,Other,1,UbiBrowser2,22199232
nan|P35226#Q99496|Q8IUE6,nan|P35226#Q99496,,P35226#Q99496,Q8IUE6,BMI1#RNF2,H2AC21,Other,1,UbiBrowser2,22199232
nan|P35226#Q99496|Q93077,nan|P35226#Q99496,,P35226#Q99496,Q93077,BMI1#RNF2,H2AC6,Other,1,UbiBrowser2,22199232
nan|P35226#Q99496|Q96KK5,nan|P35226#Q99496,,P35226#Q99496,Q96KK5,BMI1#RNF2,H2AC12,Other,1,UbiBrowser2,22199232
nan|P35226#Q99496|Q96QV6,nan|P35226#Q99496,,P35226#Q99496,Q96QV6,BMI1#RNF2,H2AC1,Other,1,UbiBrowser2,22199232
nan|P35226#Q99496|Q99496,nan|P35226#Q99496,,P35226#Q99496,Q99496,BMI1#RNF2,RNF2,Other,1,UbiBrowser2,22199232
nan|P35226#Q99496|Q99878,nan|P35226#Q99496,,P35226#Q99496,Q99878,BMI1#RNF2,H2AC14,Other,1,UbiBrowser2,22199232
nan|P35226|O75496,nan|P35226,,P35226,O75496,BMI1,GMNN,RING,1,UbiBrowser2,22199232
nan|P35226|P04908,nan|P35226,,P35226,P04908,BMI1,H2AC4,RING,1,UbiBrowser2,16359901
nan|P35226|P0C0S5,nan|P35226,,P35226,P0C0S5,BMI1,H2AFZ,RING,1,UbiBrowser2,17636032
nan|P35226|P0C0S8,nan|P35226,,P35226,P0C0S8,BMI1,HIST1H2AM,RING,1,UbiBrowser2,BMI1_HUMAN
nan|P35226|P16104,nan|P35226,,P35226,P16104,BMI1,H2AFX,RING,1,UbiBrowser2,20921134
nan|P35226|P20671,nan|P35226,,P35226,P20671,BMI1,H2AC7,RING,1,UbiBrowser2,16359901
nan|P35226|P23921,nan|P35226,,P35226,P23921,BMI1,RRM1,RING,1,UbiBrowser2,24614341
nan|P35226|Q16777,nan|P35226,,P35226,Q16777,BMI1,H2AC20,RING,1,UbiBrowser2,16714294
nan|P35226|Q6FI13,nan|P35226,,P35226,Q6FI13,BMI1,H2AC18,RING,1,UbiBrowser2,21772249
nan|P35226|Q7L7L0,nan|P35226,,P35226,Q7L7L0,BMI1,HIST3H2A,RING,1,UbiBrowser2,BMI1_HUMAN
nan|P35226|Q8IUE6,nan|P35226,,P35226,Q8IUE6,BMI1,HIST2H2AB,RING,1,UbiBrowser2,BMI1_HUMAN
nan|P35226|Q93077,nan|P35226,,P35226,Q93077,BMI1,HIST1H2AC,RING,1,UbiBrowser2,BMI1_HUMAN
nan|P35226|Q96KK5,nan|P35226,,P35226,Q96KK5,BMI1,HIST1H2AH,RING,1,UbiBrowser2,BMI1_HUMAN
nan|P35226|Q96QV6,nan|P35226,,P35226,Q96QV6,BMI1,HIST1H2AA,RING,1,UbiBrowser2,16751658
nan|P35226|Q99496,nan|P35226,,P35226,Q99496,BMI1,RNF2,RING,1,UbiBrowser2,BMI1_HUMAN
nan|P35226|Q99878,nan|P35226,,P35226,Q99878,BMI1,HIST1H2AJ,RING,1,UbiBrowser2,BMI1_HUMAN
nan|P35869|P03372,nan|P35869,,P35869,P03372,AHR,ESR1,Other,1,UbiBrowser2,21397018
nan|P35869|P37231,nan|P35869,,P35869,P37231,AHR,PPARG,Other,1,UbiBrowser2,31653699
nan|P36406|P04637,nan|P36406,,P36406,P04637,TRIM23,TP53,RING,1,UbiBrowser2,32227572
nan|P36406|P36406,nan|P36406,,P36406,P36406,TRIM23,TRIM23,RING,1,UbiBrowser2,15684077
nan|P36406|Q9Y4K3,nan|P36406,,P36406,Q9Y4K3,TRIM23,TRAF6,RING,1,UbiBrowser2,TRI23_HUMAN
nan|P36406|Q9Y6K9,nan|P36406,,P36406,Q9Y6K9,TRIM23,IKBKG,RING,1,UbiBrowser2,32296023
nan|P37231|P15941,nan|P37231,,P37231,P15941,PPARG,MUC1,RING,1,UbiBrowser2,24292674
nan|P37231|Q04206,nan|P37231,,P37231,Q04206,PPARG,RELA,RING,1,UbiBrowser2,23250430
nan|P37231|Q9BQE4,nan|P37231,,P37231,Q9BQE4,PPARG,SELENOS,RING,1,UbiBrowser2,30082770
nan|P37231|Q9Y6D0,nan|P37231,,P37231,Q9Y6D0,PPARG,SELENOK,RING,1,UbiBrowser2,30082770
nan|P38398|O14818,nan|P38398,,P38398,O14818,BRCA1,PSMA7,RING,1,UbiBrowser2,25620702
nan|P38398|P03372,nan|P38398,,P38398,P03372,BRCA1,ESR1,RING,1,UbiBrowser2,17392432
nan|P38398|P04908,nan|P38398,,P38398,P04908,BRCA1,H2AC4,RING,1,UbiBrowser2,25131202
nan|P38398|P06401,nan|P38398,,P38398,P06401,BRCA1,PGR,RING,1,UbiBrowser2,21531767
nan|P38398|P06748,nan|P38398,,P38398,P06748,BRCA1,NPM1,RING,1,UbiBrowser2,19117993
nan|P38398|P0C0S8,nan|P38398,,P38398,P0C0S8,BRCA1,H2AC11,RING,1,UbiBrowser2,12431996
nan|P38398|P0DP91,nan|P38398,,P38398,P0DP91,BRCA1,ERCC6,RING,1,UbiBrowser2,21756275
nan|P38398|P11388,nan|P38398,,P38398,P11388,BRCA1,TOP2A,RING,1,UbiBrowser2,22199232
nan|P38398|P14635,nan|P38398,,P38398,P14635,BRCA1,CCNB1,RING,1,UbiBrowser2,23246971
nan|P38398|P14859,nan|P38398,,P38398,P14859,BRCA1,POU2F1,RING,1,UbiBrowser2,29330289
nan|P38398|P16104,nan|P38398,,P38398,P16104,BRCA1,H2AFX,RING,1,UbiBrowser2,11927591
nan|P38398|P23258,nan|P38398,,P38398,P23258,BRCA1,TUBG1,RING,1,UbiBrowser2,22199232
nan|P38398|P24928,nan|P38398,,P38398,P24928,BRCA1,POLR2A,RING,1,UbiBrowser2,15886201
nan|P38398|P30307,nan|P38398,,P38398,P30307,BRCA1,CDC25C,RING,1,UbiBrowser2,23246971
nan|P38398|P31749,nan|P38398,,P38398,P31749,BRCA1,AKT1,RING,1,UbiBrowser2,19074868
nan|P38398|P35240,nan|P38398,,P38398,P35240,BRCA1,NF2,RING,1,UbiBrowser2,30918126
nan|P38398|P38398,nan|P38398,,P38398,P38398,BRCA1,BRCA1,RING,1,UbiBrowser2,19117993
nan|P38398|P52434,nan|P38398,,P38398,P52434,BRCA1,POLR2H,RING,1,UbiBrowser2,17283126
nan|P38398|Q13133,nan|P38398,,P38398,Q13133,BRCA1,NR1H3,RING,1,UbiBrowser2,19164445
nan|P38398|Q16777,nan|P38398,,P38398,Q16777,BRCA1,H2AC20,RING,1,UbiBrowser2,11927591
nan|P38398|Q2PQ59,nan|P38398,,P38398,Q2PQ59,BRCA1,TOP2alpha,RING,1,UbiBrowser2,18162055
nan|P38398|Q86WV6,nan|P38398,,P38398,Q86WV6,BRCA1,HIST1H2AB,RING,1,UbiBrowser2,25131202
nan|P38398|Q96A08,nan|P38398,,P38398,Q96A08,BRCA1,H2BC1,RING,1,UbiBrowser2,22199232
nan|P38398|Q96QV6,nan|P38398,,P38398,Q96QV6,BRCA1,H2AC1,RING,1,UbiBrowser2,11927591
nan|P38398|Q99708,nan|P38398,,P38398,Q99708,BRCA1,RBBP8,RING,1,UbiBrowser2,16818604
nan|P38398|Q99728,nan|P38398,,P38398,Q99728,BRCA1,BARD1,RING,1,UbiBrowser2,19117993
nan|P38398|Q9BXW9,nan|P38398,,P38398,Q9BXW9,BRCA1,FANCD2,RING,1,UbiBrowser2,12887909
nan|P38398|Q9HAW4,nan|P38398,,P38398,Q9HAW4,BRCA1,CLSPN,RING,1,UbiBrowser2,22863316
nan|P40337|O14503,nan|P40337,,P40337,O14503,VHL,BHLHE40,SOCS_VHL_BC-box,1,UbiBrowser2,11278694
nan|P40337|O14641,nan|P40337,,P40337,O14641,VHL,DVL2,SOCS_VHL_BC-box,1,UbiBrowser2,20639871
nan|P40337|O14965,nan|P40337,,P40337,O14965,VHL,AURKA,SOCS_VHL_BC-box,1,UbiBrowser2,34002003
nan|P40337|P02751,nan|P40337,,P40337,P02751,VHL,FN1,SOCS_VHL_BC-box,1,UbiBrowser2,15262424
nan|P40337|P07550,nan|P40337,,P40337,P07550,VHL,ADRB2,SOCS_VHL_BC-box,1,UbiBrowser2,22199232
nan|P40337|P10909,nan|P40337,,P40337,P10909,VHL,CLU,SOCS_VHL_BC-box,1,UbiBrowser2,22532874
nan|P40337|P36897,nan|P40337,,P40337,P36897,VHL,TGFBR1,SOCS_VHL_BC-box,1,UbiBrowser2,29662646
nan|P40337|P37231,nan|P40337,,P40337,P37231,VHL,PPARG,SOCS_VHL_BC-box,1,UbiBrowser2,32589900
nan|P40337|P41743,nan|P40337,,P40337,P41743,VHL,PRKCI,SOCS_VHL_BC-box,1,UbiBrowser2,11574546
nan|P40337|P48200,nan|P40337,,P40337,P48200,VHL,IREB2,SOCS_VHL_BC-box,1,UbiBrowser2,15777842
nan|P40337|P62487,nan|P40337,,P40337,P62487,VHL,POLR2G,SOCS_VHL_BC-box,1,UbiBrowser2,12912922
nan|P40337|Q13309,nan|P40337,,P40337,Q13309,VHL,SKP2,SOCS_VHL_BC-box,1,UbiBrowser2,21358672
nan|P40337|Q14103,nan|P40337,,P40337,Q14103,VHL,HNRNPD,SOCS_VHL_BC-box,1,UbiBrowser2,22086907
nan|P40337|Q16665,nan|P40337,,P40337,Q16665,VHL,HIF1A,SOCS_VHL_BC-box,1,UbiBrowser2,20078552
nan|P40337|Q8N122,nan|P40337,,P40337,Q8N122,VHL,RPTOR,SOCS_VHL_BC-box,1,UbiBrowser2,34290272
nan|P40337|Q8TEY7,nan|P40337,,P40337,Q8TEY7,VHL,USP33,SOCS_VHL_BC-box,1,UbiBrowser2,12056827
nan|P40337|Q99814,nan|P40337,,P40337,Q99814,VHL,EPAS1,SOCS_VHL_BC-box,1,UbiBrowser2,15574766
nan|P40337|Q9GZQ8,nan|P40337,,P40337,Q9GZQ8,VHL,MAP1LC3B,SOCS_VHL_BC-box,1,UbiBrowser2,30902965
nan|P40337|Q9NWT6,nan|P40337,,P40337,Q9NWT6,VHL,HIF1AN,SOCS_VHL_BC-box,1,UbiBrowser2,17132228
nan|P40337|Q9Y2K6,nan|P40337,,P40337,Q9Y2K6,VHL,USP20,SOCS_VHL_BC-box,1,UbiBrowser2,15776016
nan|P40337|Q9Y2N7,nan|P40337,,P40337,Q9Y2N7,VHL,HIF3A,SOCS_VHL_BC-box,1,UbiBrowser2,19243301
nan|P41002|O43303,nan|P41002,,P41002,O43303,CCNF,CCP110,F-box,1,UbiBrowser2,24658274
nan|P41002|P31350,nan|P41002,,P41002,P31350,CCNF,RRM2,F-box,1,UbiBrowser2,24658274
nan|P41002|Q99741,nan|P41002,,P41002,Q99741,CCNF,CDC6,F-box,1,UbiBrowser2,26818844
nan|P46934|A8MYT4,nan|P46934,,P46934,A8MYT4,NEDD4,PIK3C3,HECT,1,UbiBrowser2,32101753
nan|P46934|O14641,nan|P46934,,P46934,O14641,NEDD4,DVL2,HECT,1,UbiBrowser2,31867777
nan|P46934|O14964,nan|P46934,,P46934,O14964,NEDD4,HGS,HECT,1,UbiBrowser2,12230472
nan|P46934|O14980,nan|P46934,,P46934,O14980,NEDD4,XPO1,HECT,1,UbiBrowser2,31326389
nan|P46934|O15399,nan|P46934,,P46934,O15399,NEDD4,GRIN2D,HECT,1,UbiBrowser2,23639431
nan|P46934|O15431,nan|P46934,,P46934,O15431,NEDD4,SLC31A1,HECT,1,UbiBrowser2,34278744
nan|P46934|O43490,nan|P46934,,P46934,O43490,NEDD4,PROM1,HECT,1,UbiBrowser2,29760280
nan|P46934|O43597,nan|P46934,,P46934,O43597,NEDD4,SPRY2,HECT,1,UbiBrowser2,19864419
nan|P46934|O75113,nan|P46934,,P46934,O75113,NEDD4,N4BP1,HECT,1,UbiBrowser2,17114934
nan|P46934|O75444,nan|P46934,,P46934,O75444,NEDD4,MAF,HECT,1,UbiBrowser2,29467225
nan|P46934|O75473,nan|P46934,,P46934,O75473,NEDD4,LGR5,HECT,1,UbiBrowser2,31867777
nan|P46934|O75843,nan|P46934,,P46934,O75843,NEDD4,AP1G2,HECT,1,UbiBrowser2,18772139
nan|P46934|O95835,nan|P46934,,P46934,O95835,NEDD4,LATS1,HECT,1,UbiBrowser2,24107629
nan|P46934|O95999,nan|P46934,,P46934,O95999,NEDD4,BCL10,HECT,1,UbiBrowser2,15082780
nan|P46934|P00533,nan|P46934,,P46934,P00533,NEDD4,EGFR,HECT,1,UbiBrowser2,20086093
nan|P46934|P01106,nan|P46934,,P46934,P01106,NEDD4,MYC,HECT,1,UbiBrowser2,23175188
nan|P46934|P01111,nan|P46934,,P46934,P01111,NEDD4,NRAS,HECT,1,UbiBrowser2,24746824
nan|P46934|P01112,nan|P46934,,P46934,P01112,NEDD4,HRAS,HECT,1,UbiBrowser2,24746824
nan|P46934|P01116,nan|P46934,,P46934,P01116,NEDD4,KRAS,HECT,1,UbiBrowser2,24746824
nan|P46934|P04198,nan|P46934,,P46934,P04198,NEDD4,MYCN,HECT,1,UbiBrowser2,23175188
nan|P46934|P04629,nan|P46934,,P46934,P04629,NEDD4,NTRK1,HECT,1,UbiBrowser2,22199232
nan|P46934|P07550,nan|P46934,,P46934,P07550,NEDD4,ADRB2,HECT,1,UbiBrowser2,18544533
nan|P46934|P07948,nan|P46934,,P46934,P07948,NEDD4,LYN,HECT,1,UbiBrowser2,10683340
nan|P46934|P08069,nan|P46934,,P46934,P08069,NEDD4,IGF1R,HECT,1,UbiBrowser2,18286479
nan|P46934|P08183,nan|P46934,,P46934,P08183,NEDD4,ABCB1,HECT,1,UbiBrowser2,26006083
nan|P46934|P10114,nan|P46934,,P46934,P10114,NEDD4,RAP2A,HECT,1,UbiBrowser2,28405688
nan|P46934|P10275,nan|P46934,,P46934,P10275,NEDD4,AR,HECT,1,UbiBrowser2,18703514
nan|P46934|P10523,nan|P46934,,P46934,P10523,NEDD4,SAG,HECT,1,UbiBrowser2,25216516
nan|P46934|P11362,nan|P46934,,P46934,P11362,NEDD4,FGFR1,HECT,1,UbiBrowser2,21765395
nan|P46934|P12931,nan|P46934,,P46934,P12931,NEDD4,SRC,HECT,1,UbiBrowser2,12907674
nan|P46934|P17302,nan|P46934,,P46934,P17302,NEDD4,GJA1,HECT,1,UbiBrowser2,19835873
nan|P46934|P19634,nan|P46934,,P46934,P19634,NEDD4,SLC9A1,HECT,1,UbiBrowser2,20855896
nan|P46934|P21860,nan|P46934,,P46934,P21860,NEDD4,ERBB3,HECT,1,UbiBrowser2,24662824
nan|P46934|P23759,nan|P46934,,P46934,P23759,NEDD4,PAX7,HECT,1,UbiBrowser2,26304770
nan|P46934|P24928,nan|P46934,,P46934,P24928,NEDD4,POLR2A,HECT,1,UbiBrowser2,10490634
nan|P46934|P25116,nan|P46934,,P46934,P25116,NEDD4,F2R,HECT,1,UbiBrowser2,26391660
nan|P46934|P27216,nan|P46934,,P46934,P27216,NEDD4,ANXA13,HECT,1,UbiBrowser2,10871286
nan|P46934|P31749,nan|P46934,,P46934,P31749,NEDD4,AKT1,HECT,1,UbiBrowser2,23195959
nan|P46934|P31751,nan|P46934,,P46934,P31751,NEDD4,AKT2,HECT,1,UbiBrowser2,23195959
nan|P46934|P35968,nan|P46934,,P46934,P35968,NEDD4,KDR,HECT,1,UbiBrowser2,15060076
nan|P46934|P37231,nan|P46934,,P46934,P37231,NEDD4,PPARG,HECT,1,UbiBrowser2,23549616
nan|P46934|P37840,nan|P46934,,P46934,P37840,NEDD4,SNCA,HECT,1,UbiBrowser2,21953697
nan|P46934|P38936,nan|P46934,,P46934,P38936,NEDD4,CDKN1A,HECT,1,UbiBrowser2,31831018
nan|P46934|P42261,nan|P46934,,P46934,P42261,NEDD4,GRIA1,HECT,1,UbiBrowser2,21148011
nan|P46934|P42566,nan|P46934,,P46934,P42566,NEDD4,EPS15,HECT,1,UbiBrowser2,17013377
nan|P46934|P43005,nan|P46934,,P46934,P43005,NEDD4,SLC1A1,HECT,1,UbiBrowser2,18539596
nan|P46934|P43405,nan|P46934,,P46934,P43405,NEDD4,SYK,HECT,1,UbiBrowser2,11046148
nan|P46934|P46531,nan|P46934,,P46934,P46531,NEDD4,NOTCH1,HECT,1,UbiBrowser2,15620649
nan|P46934|P46934,nan|P46934,,P46934,P46934,NEDD4,NEDD4,HECT,1,UbiBrowser2,18772139
nan|P46934|P51168,nan|P46934,,P46934,P51168,NEDD4,SCNN1B,HECT,1,UbiBrowser2,19953087
nan|P46934|P51170,nan|P46934,,P46934,P51170,NEDD4,SCNN1G,HECT,1,UbiBrowser2,17013377
nan|P46934|P55036,nan|P46934,,P46934,P55036,NEDD4,PSMD4,HECT,1,UbiBrowser2,19240029
nan|P46934|P60484,nan|P46934,,P46934,P60484,NEDD4,PTEN,HECT,1,UbiBrowser2,18498243
nan|P46934|P68431,nan|P46934,,P46934,P68431,NEDD4,H3C1,HECT,1,UbiBrowser2,28300060
nan|P46934|P98170,nan|P46934,,P46934,P98170,NEDD4,XIAP,HECT,1,UbiBrowser2,31383789
nan|P46934|Q00987,nan|P46934,,P46934,Q00987,NEDD4,MDM2,HECT,1,UbiBrowser2,24413081
nan|P46934|Q01628,nan|P46934,,P46934,Q01628,NEDD4,IFITM3,HECT,1,UbiBrowser2,26263374
nan|P46934|Q01959,nan|P46934,,P46934,Q01959,NEDD4,SLC6A3,HECT,1,UbiBrowser2,20051513
nan|P46934|Q07912,nan|P46934,,P46934,Q07912,NEDD4,TNK2,HECT,1,UbiBrowser2,19144635
nan|P46934|Q13501,nan|P46934,,P46934,Q13501,NEDD4,SQSTM1,HECT,1,UbiBrowser2,29021346
nan|P46934|Q13571,nan|P46934,,P46934,Q13571,NEDD4,LAPTM5,HECT,1,UbiBrowser2,19953087
nan|P46934|Q14457,nan|P46934,,P46934,Q14457,NEDD4,BECN1,HECT,1,UbiBrowser2,21936852
nan|P46934|Q14524,nan|P46934,,P46934,Q14524,NEDD4,SCN5A,HECT,1,UbiBrowser2,15217910
nan|P46934|Q15012,nan|P46934,,P46934,Q15012,NEDD4,LAPTM4A,HECT,1,UbiBrowser2,34297722
nan|P46934|Q15303,nan|P46934,,P46934,Q15303,NEDD4,ERBB4,HECT,1,UbiBrowser2,19193720
nan|P46934|Q16655,nan|P46934,,P46934,Q16655,NEDD4,MLANA,HECT,1,UbiBrowser2,15703212
nan|P46934|Q2F514,nan|P46934,,P46934,Q2F514,NEDD4,X,HECT,1,UbiBrowser2,33767993
nan|P46934|Q2KJY2,nan|P46934,,P46934,Q2KJY2,NEDD4,KIF26B,HECT,1,UbiBrowser2,22768111
nan|P46934|Q4VCS5,nan|P46934,,P46934,Q4VCS5,NEDD4,AMOT,HECT,1,UbiBrowser2,22385262
nan|P46934|Q5MJ70,nan|P46934,,P46934,Q5MJ70,NEDD4,SPDYA,HECT,1,UbiBrowser2,19054764
nan|P46934|Q6PJG6,nan|P46934,,P46934,Q6PJG6,NEDD4,BRAT1,HECT,1,UbiBrowser2,22199232
nan|P46934|Q86Y01,nan|P46934,,P46934,Q86Y01,NEDD4,DTX1,HECT,1,UbiBrowser2,15620649
nan|P46934|Q8WUM4,nan|P46934,,P46934,Q8WUM4,NEDD4,PDCD6IP,HECT,1,UbiBrowser2,20519395
nan|P46934|Q92734,nan|P46934,,P46934,Q92734,NEDD4,TFG,HECT,1,UbiBrowser2,33176158
nan|P46934|Q969T9,nan|P46934,,P46934,Q969T9,NEDD4,WBP2,HECT,1,UbiBrowser2,26371805
nan|P46934|Q96BF3,nan|P46934,,P46934,Q96BF3,NEDD4,TMIGD2,HECT,1,UbiBrowser2,33962630
nan|P46934|Q96FV9,nan|P46934,,P46934,Q96FV9,NEDD4,THOC1,HECT,1,UbiBrowser2,23460917
nan|P46934|Q96GG9,nan|P46934,,P46934,Q96GG9,NEDD4,DCUN1D1,HECT,1,UbiBrowser2,21813641
nan|P46934|Q96NT3,nan|P46934,,P46934,Q96NT3,NEDD4,GUCD1,HECT,1,UbiBrowser2,24743017
nan|P46934|Q99755,nan|P46934,,P46934,Q99755,NEDD4,PIP5K1A,HECT,1,UbiBrowser2,29851245
nan|P46934|Q99816,nan|P46934,,P46934,Q99816,NEDD4,TSG101,HECT,1,UbiBrowser2,15126635
nan|P46934|Q9BSA4,nan|P46934,,P46934,Q9BSA4,NEDD4,TTYH2,HECT,1,UbiBrowser2,18577513
nan|P46934|Q9BT67,nan|P46934,,P46934,Q9BT67,NEDD4,NDFIP1,HECT,1,UbiBrowser2,20962770
nan|P46934|Q9BXB1,nan|P46934,,P46934,Q9BXB1,NEDD4,LGR4,HECT,1,UbiBrowser2,31867777
nan|P46934|Q9H4B6,nan|P46934,,P46934,Q9H4B6,NEDD4,SAV1,HECT,1,UbiBrowser2,25692647
nan|P46934|Q9HC16,nan|P46934,,P46934,Q9HC16,NEDD4,APOBEC3G,HECT,1,UbiBrowser2,15581898
nan|P46934|Q9NV92,nan|P46934,,P46934,Q9NV92,NEDD4,NDFIP2,HECT,1,UbiBrowser2,15252135
nan|P46934|Q9NYA4,nan|P46934,,P46934,Q9NYA4,NEDD4,MTMR4,HECT,1,UbiBrowser2,19125695
nan|P46934|Q9NZ52,nan|P46934,,P46934,Q9NZ52,NEDD4,GGA3,HECT,1,UbiBrowser2,17116753
nan|P46934|Q9UBF6,nan|P46934,,P46934,Q9UBF6,NEDD4,RNF7,HECT,1,UbiBrowser2,25216516
nan|P46934|Q9UHD2,nan|P46934,,P46934,Q9UHD2,NEDD4,TBK1,HECT,1,UbiBrowser2,34257412
nan|P46934|Q9UIH9,nan|P46934,,P46934,Q9UIH9,NEDD4,KLF15,HECT,1,UbiBrowser2,33687156
nan|P46934|Q9UJM3,nan|P46934,,P46934,Q9UJM3,NEDD4,ERRFI1,HECT,1,UbiBrowser2,27557663
nan|P46934|Q9UKG1,nan|P46934,,P46934,Q9UKG1,NEDD4,APPL1,HECT,1,UbiBrowser2,21320486
nan|P46934|Q9Y243,nan|P46934,,P46934,Q9Y243,NEDD4,AKT3,HECT,1,UbiBrowser2,23195959
nan|P46934|Q9Y3C5,nan|P46934,,P46934,Q9Y3C5,NEDD4,RNF11,HECT,1,UbiBrowser2,19953087
nan|P46934|Q9Y4G8,nan|P46934,,P46934,Q9Y4G8,NEDD4,RAPGEF2,HECT,1,UbiBrowser2,11598133
nan|P46934|Q9Y4H2,nan|P46934,,P46934,Q9Y4H2,NEDD4,IRS2,HECT,1,UbiBrowser2,28126338
nan|P46934|Q9Y5U5,nan|P46934,,P46934,Q9Y5U5,NEDD4,TNFRSF18,HECT,1,UbiBrowser2,31824170
nan|P48742|P53667,nan|P48742,,P48742,P53667,LHX1,LIMK1,Other,1,UbiBrowser2,22199232
nan|P49427|P10244,nan|P49427,,P49427,P10244,CDC34,MYBL2,Other,1,UbiBrowser2,22199232
nan|P49427|P25963,nan|P49427,,P49427,P25963,CDC34,NFKBIA,Other,1,UbiBrowser2,22199232
nan|P49427|P35222,nan|P49427,,P49427,P35222,CDC34,CTNNB1,Other,1,UbiBrowser2,22199232
nan|P49427|P46527,nan|P49427,,P49427,P46527,CDC34,CDKN1B,Other,1,UbiBrowser2,19123975
nan|P49427|Q03060,nan|P49427,,P49427,Q03060,CDC34,CREM,Other,1,UbiBrowser2,22199232
nan|P49427|Q9Y297,nan|P49427,,P49427,Q9Y297,CDC34,BTRC,Other,1,UbiBrowser2,10531035
nan|P50876|P00533,nan|P50876,,P50876,P00533,RNF144A,EGFR,SINGLE_OTHER,1,UbiBrowser2,30171075
nan|P50876|P54652,nan|P50876,,P50876,P54652,RNF144A,HSPA2,SINGLE_OTHER,1,UbiBrowser2,31406303
nan|P50876|P78527,nan|P50876,,P50876,P78527,RNF144A,PRKDC,SINGLE_OTHER,1,UbiBrowser2,24979766
nan|P51617|Q96FA3,nan|P51617,,P51617,Q96FA3,IRAK1,PELI1,SINGLE_OTHER,1,UbiBrowser2,17675297
nan|P53804|P31749,nan|P53804,,P53804,P31749,TTC3,AKT1,RING,1,UbiBrowser2,TTC3_HUMAN
nan|P53804|P31751,nan|P53804,,P53804,P31751,TTC3,AKT2,RING,1,UbiBrowser2,TTC3_HUMAN
nan|P53804|Q9Y243,nan|P53804,,P53804,Q9Y243,TTC3,AKT3,RING,1,UbiBrowser2,TTC3_HUMAN
nan|P54725|Q15672,nan|P54725,,P54725,Q15672,RAD23A,TWIST1,Other,1,UbiBrowser2,31487504
nan|P62253|O60337,nan|P62253,,P62253,O60337,UBE2G1,MARCHF6,Other,1,UbiBrowser2,31445887
nan|P62877|P03372,nan|P62877,,P62877,P03372,RBX1,ESR1,RING,1,UbiBrowser2,20130088
nan|P62877|P23443,nan|P62877,,P62877,P23443,RBX1,RPS6KB1,RING,1,UbiBrowser2,18279656
nan|P62877|P24928,nan|P62877,,P62877,P24928,RBX1,POLR2A,RING,1,UbiBrowser2,30349055
nan|P62877|Q16236,nan|P62877,,P62877,Q16236,RBX1,NFE2L2,RING,1,UbiBrowser2,23274085
nan|P62877|Q9UMX1,nan|P62877,,P62877,Q9UMX1,RBX1,SUFU,RING,1,UbiBrowser2,33499884
nan|P63244|Q16665,nan|P63244,,P63244,Q16665,RACK1,HIF1A,Other,1,UbiBrowser2,17244529
nan|P63244|Q9P126,nan|P63244,,P63244,Q9P126,RACK1,CLEC1B,Other,1,UbiBrowser2,19785988
nan|P69720|Q8IUX4,nan|P69720,,P69720,Q8IUX4,vif,APOBEC3F,Other,1,UbiBrowser2,22199232
nan|P69720|Q9HC16,nan|P69720,,P69720,Q9HC16,vif,APOBEC3G,Other,1,UbiBrowser2,22199232
nan|P69720|Q9NRW3,nan|P69720,,P69720,Q9NRW3,vif,APOBEC3C,Other,1,UbiBrowser2,22199232
nan|P78317|P08047,nan|P78317,,P78317,P08047,RNF4,SP1,RING,1,UbiBrowser2,21983342
nan|P78317|P09874,nan|P78317,,P78317,P09874,RNF4,PARP1,RING,1,UbiBrowser2,22199232
nan|P78317|P29590,nan|P78317,,P78317,P29590,RNF4,PML,RING,1,UbiBrowser2,20943951
nan|P78317|P43268,nan|P78317,,P78317,P43268,RNF4,ETV4,RING,1,UbiBrowser2,RNF4_HUMAN
nan|P78317|P54253,nan|P78317,,P78317,P54253,RNF4,ATXN1,RING,1,UbiBrowser2,24882209
nan|P78317|P61956,nan|P78317,,P78317,P61956,RNF4,SUMO2,RING,1,UbiBrowser2,18408734
nan|P78317|P78317,nan|P78317,,P78317,P78317,RNF4,RNF4,RING,1,UbiBrowser2,14987998
nan|P78317|Q6NUN9,nan|P78317,,P78317,Q6NUN9,RNF4,ZNF746,RING,1,UbiBrowser2,32197837
nan|P78317|Q8N907,nan|P78317,,P78317,Q8N907,RNF4,DAND5,RING,1,UbiBrowser2,21983342
nan|P78317|Q92674,nan|P78317,,P78317,Q92674,RNF4,CENPI,RING,1,UbiBrowser2,20212317
nan|P78317|Q99708,nan|P78317,,P78317,Q99708,RNF4,RBBP8,RING,1,UbiBrowser2,33723063
nan|P78317|Q99814,nan|P78317,,P78317,Q99814,RNF4,EPAS1,RING,1,UbiBrowser2,22199232
nan|P90489|P01889,nan|P90489,,P90489,P01889,K5,HLA-B,Other,1,UbiBrowser2,22199232
nan|P90489|P05362,nan|P90489,,P90489,P05362,K5,ICAM1,Other,1,UbiBrowser2,22199232
nan|P90489|P15260,nan|P90489,,P90489,P15260,K5,IFNGR1,Other,1,UbiBrowser2,22199232
nan|P90489|P15813,nan|P90489,,P90489,P15813,K5,CD1D,Other,1,UbiBrowser2,22199232
nan|P90489|P16284,nan|P90489,,P90489,P16284,K5,PECAM1,Other,1,UbiBrowser2,22199232
nan|P90489|P42081,nan|P90489,,P90489,P42081,K5,CD86,Other,1,UbiBrowser2,22199232
nan|P90489|Q10589,nan|P90489,,P90489,Q10589,K5,BST2,Other,1,UbiBrowser2,22199232
nan|P90489|Q13740,nan|P90489,,P90489,Q13740,K5,ALCAM,Other,1,UbiBrowser2,22199232
nan|P90495|P04439,nan|P90495,,P90495,P04439,K3,HLA-A,Other,1,UbiBrowser2,22199232
nan|P90495|P15260,nan|P90495,,P90495,P15260,K3,IFNGR1,Other,1,UbiBrowser2,22199232
nan|P90495|P15813,nan|P90495,,P90495,P15813,K3,CD1D,Other,1,UbiBrowser2,22199232
nan|P98170|O14618,nan|P98170,,P98170,O14618,XIAP,CCS,RING,1,UbiBrowser2,19948006
nan|P98170|O15392,nan|P98170,,P98170,O15392,XIAP,BIRC5,RING,1,UbiBrowser2,17613533
nan|P98170|O43236,nan|P98170,,P98170,O43236,XIAP,SEPTIN4,RING,1,UbiBrowser2,22185822
nan|P98170|O43318,nan|P98170,,P98170,O43318,XIAP,MAP3K7,RING,1,UbiBrowser2,XIAP_HUMAN
nan|P98170|O43353,nan|P98170,,P98170,O43353,XIAP,RIPK2,RING,1,UbiBrowser2,23818254
nan|P98170|O95831,nan|P98170,,P98170,O95831,XIAP,AIFM1,RING,1,UbiBrowser2,22103349
nan|P98170|P04049,nan|P98170,,P98170,P04049,XIAP,RAF1,RING,1,UbiBrowser2,19011619
nan|P98170|P08107,nan|P98170,,P98170,P08107,XIAP,HSPA1A,RING,1,UbiBrowser2,15756021
nan|P98170|P37198,nan|P98170,,P98170,P37198,XIAP,NUP62,RING,1,UbiBrowser2,30275562
nan|P98170|P42574,nan|P98170,,P98170,P42574,XIAP,CASP3,RING,1,UbiBrowser2,11447297
nan|P98170|P55008,nan|P98170,,P98170,P55008,XIAP,AIF1,RING,1,UbiBrowser2,22199232
nan|P98170|P55210,nan|P98170,,P98170,P55210,XIAP,CASP7,RING,1,UbiBrowser2,22199232
nan|P98170|P55211,nan|P98170,,P98170,P55211,XIAP,CASP9,RING,1,UbiBrowser2,15749826
nan|P98170|P57078,nan|P98170,,P98170,P57078,XIAP,RIPK4,RING,1,UbiBrowser2,21931591
nan|P98170|P60484,nan|P98170,,P98170,P60484,XIAP,PTEN,RING,1,UbiBrowser2,22199232
nan|P98170|P98170,nan|P98170,,P98170,P98170,XIAP,XIAP,RING,1,UbiBrowser2,14960576
nan|P98170|Q04724,nan|P98170,,P98170,Q04724,XIAP,TLE1,RING,1,UbiBrowser2,22199232
nan|P98170|Q04725,nan|P98170,,P98170,Q04725,XIAP,TLE2,RING,1,UbiBrowser2,22199232
nan|P98170|Q04726,nan|P98170,,P98170,Q04726,XIAP,TLE3,RING,1,UbiBrowser2,22304967
nan|P98170|Q04727,nan|P98170,,P98170,Q04727,XIAP,TLE4,RING,1,UbiBrowser2,22199232
nan|P98170|Q08117,nan|P98170,,P98170,Q08117,XIAP,TLE5,RING,1,UbiBrowser2,22199232
nan|P98170|Q14790,nan|P98170,,P98170,Q14790,XIAP,CASP8,RING,1,UbiBrowser2,22199232
nan|P98170|Q6GPH4,nan|P98170,,P98170,Q6GPH4,XIAP,XAF1,RING,1,UbiBrowser2,22811387
nan|P98170|Q8N668,nan|P98170,,P98170,Q8N668,XIAP,COMMD1,RING,1,UbiBrowser2,XIAP_HUMAN
nan|P98170|Q96HS1,nan|P98170,,P98170,Q96HS1,XIAP,PGAM5,RING,1,UbiBrowser2,23201124
nan|P98170|Q99759,nan|P98170,,P98170,Q99759,XIAP,MAP3K3,RING,1,UbiBrowser2,24975362
nan|P98170|Q9NR28,nan|P98170,,P98170,Q9NR28,XIAP,DIABLO,RING,1,UbiBrowser2,15749826
nan|P98170|Q9Y2U5,nan|P98170,,P98170,Q9Y2U5,XIAP,MAP3K2,RING,1,UbiBrowser2,18761086
nan|Q00987|O14746,nan|Q00987,,Q00987,O14746,MDM2,TERT,RING,1,UbiBrowser2,20453884
nan|Q00987|O15055,nan|Q00987,,Q00987,O15055,MDM2,PER2,RING,1,UbiBrowser2,30425162
nan|Q00987|O15145,nan|Q00987,,Q00987,O15145,MDM2,ARPC3,RING,1,UbiBrowser2,17142834
nan|Q00987|O15151,nan|Q00987,,Q00987,O15151,MDM2,MDM4,RING,1,UbiBrowser2,16227609
nan|Q00987|O15273,nan|Q00987,,Q00987,O15273,MDM2,TCAP,RING,1,UbiBrowser2,22199232
nan|Q00987|O15350,nan|Q00987,,Q00987,O15350,MDM2,TP73,RING,1,UbiBrowser2,26025930
nan|Q00987|O43463,nan|Q00987,,Q00987,O43463,MDM2,SUV39H1,RING,1,UbiBrowser2,33691908
nan|Q00987|O43524,nan|Q00987,,Q00987,O43524,MDM2,FOXO3,RING,1,UbiBrowser2,19321440
nan|Q00987|O43602,nan|Q00987,,Q00987,O43602,MDM2,DCX,RING,1,UbiBrowser2,22199232
nan|Q00987|O60381,nan|Q00987,,Q00987,O60381,MDM2,HBP1,RING,1,UbiBrowser2,30816344
nan|Q00987|O60936,nan|Q00987,,Q00987,O60936,MDM2,NOL3,RING,1,UbiBrowser2,17142834
nan|Q00987|O75417,nan|Q00987,,Q00987,O75417,MDM2,POLQ,RING,1,UbiBrowser2,22056306
nan|Q00987|O94916,nan|Q00987,,Q00987,O94916,MDM2,NFAT5,RING,1,UbiBrowser2,16338656
nan|Q00987|O94992,nan|Q00987,,Q00987,O94992,MDM2,HEXIM1,RING,1,UbiBrowser2,19617712
nan|Q00987|O95376,nan|Q00987,,Q00987,O95376,MDM2,ARIH2,RING,1,UbiBrowser2,22940738
nan|Q00987|O95863,nan|Q00987,,Q00987,O95863,MDM2,SNAI1,RING,1,UbiBrowser2,22199232
nan|Q00987|P00374,nan|Q00987,,Q00987,P00374,MDM2,DHFR,RING,1,UbiBrowser2,18451149
nan|Q00987|P04150,nan|Q00987,,Q00987,P04150,MDM2,NR3C1,RING,1,UbiBrowser2,12897156
nan|Q00987|P04637,nan|Q00987,,Q00987,P04637,MDM2,TP53,RING,1,UbiBrowser2,12080472
nan|Q00987|P06400,nan|Q00987,,Q00987,P06400,MDM2,RB1,RING,1,UbiBrowser2,17297463
nan|Q00987|P08069,nan|Q00987,,Q00987,P08069,MDM2,IGF1R,RING,1,UbiBrowser2,12821780
nan|Q00987|P10275,nan|Q00987,,Q00987,P10275,MDM2,AR,RING,1,UbiBrowser2,22199232
nan|Q00987|P10276,nan|Q00987,,Q00987,P10276,MDM2,RARA,RING,1,UbiBrowser2,26776160
nan|Q00987|P10914,nan|Q00987,,Q00987,P10914,MDM2,IRF1,RING,1,UbiBrowser2,23134341
nan|Q00987|P12830,nan|Q00987,,Q00987,P12830,MDM2,CDH1,RING,1,UbiBrowser2,16980628
nan|Q00987|P12956,nan|Q00987,,Q00987,P12956,MDM2,XRCC6,RING,1,UbiBrowser2,22199232
nan|Q00987|P14316,nan|Q00987,,Q00987,P14316,MDM2,IRF2,RING,1,UbiBrowser2,19032150
nan|Q00987|P15259,nan|Q00987,,Q00987,P15259,MDM2,PGAM2,RING,1,UbiBrowser2,24567357
nan|Q00987|P15880,nan|Q00987,,Q00987,P15880,MDM2,RPS2,RING,1,UbiBrowser2,31928715
nan|Q00987|P18847,nan|Q00987,,Q00987,P18847,MDM2,ATF3,RING,1,UbiBrowser2,20592017
nan|Q00987|P19338,nan|Q00987,,Q00987,P19338,MDM2,NCL,RING,1,UbiBrowser2,28478507
nan|Q00987|P24522,nan|Q00987,,Q00987,P24522,MDM2,GADD45A,RING,1,UbiBrowser2,23563151
nan|Q00987|P24864,nan|Q00987,,Q00987,P24864,MDM2,CCNE1,RING,1,UbiBrowser2,22199232
nan|Q00987|P25098,nan|Q00987,,Q00987,P25098,MDM2,ADRBK1,RING,1,UbiBrowser2,17006543
nan|Q00987|P27695,nan|Q00987,,Q00987,P27695,MDM2,APEX1,RING,1,UbiBrowser2,19219073
nan|Q00987|P32121,nan|Q00987,,Q00987,P32121,MDM2,ARRB2,RING,1,UbiBrowser2,MDM2_HUMAN
nan|Q00987|P35568,nan|Q00987,,Q00987,P35568,MDM2,IRS1,RING,1,UbiBrowser2,15456867
nan|Q00987|P35637,nan|Q00987,,Q00987,P35637,MDM2,FUS,RING,1,UbiBrowser2,31632968
nan|Q00987|P38936,nan|Q00987,,Q00987,P38936,MDM2,CDKN1A,RING,1,UbiBrowser2,10698510
nan|Q00987|P40424,nan|Q00987,,Q00987,P40424,MDM2,PBX1,RING,1,UbiBrowser2,23044487
nan|Q00987|P40763,nan|Q00987,,Q00987,P40763,MDM2,STAT3,RING,1,UbiBrowser2,33660414
nan|Q00987|P41181,nan|Q00987,,Q00987,P41181,MDM2,AQP2,RING,1,UbiBrowser2,22199232
nan|Q00987|P46531,nan|Q00987,,Q00987,P46531,MDM2,NOTCH1,RING,1,UbiBrowser2,23252402
nan|Q00987|P46695,nan|Q00987,,Q00987,P46695,MDM2,IER3,RING,1,UbiBrowser2,26973248
nan|Q00987|P49137,nan|Q00987,,Q00987,P49137,MDM2,MAPKAPK2,RING,1,UbiBrowser2,34272277
nan|Q00987|P49407,nan|Q00987,,Q00987,P49407,MDM2,ARRB1,RING,1,UbiBrowser2,MDM2_HUMAN
nan|Q00987|P49757,nan|Q00987,,Q00987,P49757,MDM2,NUMB,RING,1,UbiBrowser2,12646252
nan|Q00987|P55036,nan|Q00987,,Q00987,P55036,MDM2,PSMD4,RING,1,UbiBrowser2,19240029
nan|Q00987|P61254,nan|Q00987,,Q00987,P61254,MDM2,RPL26,RING,1,UbiBrowser2,18951086
nan|Q00987|P62979,nan|Q00987,,Q00987,P62979,MDM2,RPS27A,RING,1,UbiBrowser2,21561866
nan|Q00987|P78352,nan|Q00987,,Q00987,P78352,MDM2,DLG4,RING,1,UbiBrowser2,14642282
nan|Q00987|P98177,nan|Q00987,,Q00987,P98177,MDM2,FOXO4,RING,1,UbiBrowser2,18665269
nan|Q00987|Q00987,nan|Q00987,,Q00987,Q00987,MDM2,MDM2,RING,1,UbiBrowser2,18234968
nan|Q00987|Q01094,nan|Q00987,,Q00987,Q01094,MDM2,E2F1,RING,1,UbiBrowser2,22199232
nan|Q00987|Q08499,nan|Q00987,,Q00987,Q08499,MDM2,PDE4D,RING,1,UbiBrowser2,19372219
nan|Q00987|Q09472,nan|Q00987,,Q00987,Q09472,MDM2,EP300,RING,1,UbiBrowser2,10207051
nan|Q00987|Q12778,nan|Q00987,,Q00987,Q12778,MDM2,FOXO1,RING,1,UbiBrowser2,19321440
nan|Q00987|Q13469,nan|Q00987,,Q00987,Q13469,MDM2,NFATC2,RING,1,UbiBrowser2,20009572
nan|Q00987|Q13761,nan|Q00987,,Q00987,Q13761,MDM2,RUNX3,RING,1,UbiBrowser2,22199232
nan|Q00987|Q14191,nan|Q00987,,Q00987,Q14191,MDM2,WRN,RING,1,UbiBrowser2,30532073
nan|Q00987|Q15334,nan|Q00987,,Q00987,Q15334,MDM2,LLGL1,RING,1,UbiBrowser2,22199232
nan|Q00987|Q15361,nan|Q00987,,Q00987,Q15361,MDM2,TTF1,RING,1,UbiBrowser2,22383580
nan|Q00987|Q15466,nan|Q00987,,Q00987,Q15466,MDM2,NR0B2,RING,1,UbiBrowser2,22575647
nan|Q00987|Q15849,nan|Q00987,,Q00987,Q15849,MDM2,SLC14A2,RING,1,UbiBrowser2,22199232
nan|Q00987|Q16665,nan|Q00987,,Q00987,Q16665,MDM2,HIF1A,RING,1,UbiBrowser2,10640274
nan|Q00987|Q16778,nan|Q00987,,Q00987,Q16778,MDM2,H2BC21,RING,1,UbiBrowser2,15546622
nan|Q00987|Q7LG56,nan|Q00987,,Q00987,Q7LG56,MDM2,RRM2B,RING,1,UbiBrowser2,19015526
nan|Q00987|Q7Z6Z7,nan|Q00987,,Q00987,Q7Z6Z7,MDM2,HUWE1,RING,1,UbiBrowser2,30818224
nan|Q00987|Q86Z02,nan|Q00987,,Q00987,Q86Z02,MDM2,HIPK1,RING,1,UbiBrowser2,22173032
nan|Q00987|Q8N9B5,nan|Q00987,,Q00987,Q8N9B5,MDM2,JMY,RING,1,UbiBrowser2,MDM2_HUMAN
nan|Q00987|Q92630,nan|Q00987,,Q00987,Q92630,MDM2,DYRK2,RING,1,UbiBrowser2,19965871
nan|Q00987|Q92731,nan|Q00987,,Q00987,Q92731,MDM2,ESR2,RING,1,UbiBrowser2,22349818
nan|Q00987|Q92793,nan|Q00987,,Q00987,Q92793,MDM2,CREBBP,RING,1,UbiBrowser2,21374733
nan|Q00987|Q92831,nan|Q00987,,Q00987,Q92831,MDM2,KAT2B,RING,1,UbiBrowser2,19176998
nan|Q00987|Q92993,nan|Q00987,,Q00987,Q92993,MDM2,KAT5,RING,1,UbiBrowser2,15640443
nan|Q00987|Q96AQ6,nan|Q00987,,Q00987,Q96AQ6,MDM2,PBXIP1,RING,1,UbiBrowser2,24488098
nan|Q00987|Q9BVP2,nan|Q00987,,Q00987,Q9BVP2,MDM2,GNL3,RING,1,UbiBrowser2,22199232
nan|Q00987|Q9BZS1,nan|Q00987,,Q00987,Q9BZS1,MDM2,FOXP3,RING,1,UbiBrowser2,32636834
nan|Q00987|Q9GZR7,nan|Q00987,,Q00987,Q9GZR7,MDM2,DDX24,RING,1,UbiBrowser2,24980433
nan|Q00987|Q9H2X6,nan|Q00987,,Q00987,Q9H2X6,MDM2,HIPK2,RING,1,UbiBrowser2,17349959
nan|Q00987|Q9UER7,nan|Q00987,,Q00987,Q9UER7,MDM2,DAXX,RING,1,UbiBrowser2,20153724
nan|Q00987|Q9UHR4,nan|Q00987,,Q00987,Q9UHR4,MDM2,BAIAP2L1,RING,1,UbiBrowser2,21887275
nan|Q00987|Q9Y2R9,nan|Q00987,,Q00987,Q9Y2R9,MDM2,MRPS7,RING,1,UbiBrowser2,22199232
nan|Q00987|Q9Y6B2,nan|Q00987,,Q00987,Q9Y6B2,MDM2,EID1,RING,1,UbiBrowser2,11073989
nan|Q05086|O00327,nan|Q05086,,Q05086,O00327,UBE3A,ARNTL,SINGLE_OTHER,1,UbiBrowser2,22199232
nan|Q05086|O15145,nan|Q05086,,Q05086,O15145,UBE3A,ARPC3,SINGLE_OTHER,1,UbiBrowser2,22199232
nan|Q05086|O43166,nan|Q05086,,Q05086,O43166,UBE3A,SIPA1L1,SINGLE_OTHER,1,UbiBrowser2,12036950
nan|Q05086|P03372,nan|Q05086,,Q05086,P03372,UBE3A,ESR1,SINGLE_OTHER,1,UbiBrowser2,23542176
nan|Q05086|P04083,nan|Q05086,,Q05086,P04083,UBE3A,ANXA1,SINGLE_OTHER,1,UbiBrowser2,19204938
nan|Q05086|P04271,nan|Q05086,,Q05086,P04271,UBE3A,S100B,SINGLE_OTHER,1,UbiBrowser2,31783587
nan|Q05086|P04637,nan|Q05086,,Q05086,P04637,UBE3A,TP53,SINGLE_OTHER,1,UbiBrowser2,7800044
nan|Q05086|P06400,nan|Q05086,,Q05086,P06400,UBE3A,RB1,SINGLE_OTHER,1,UbiBrowser2,17907805
nan|Q05086|P06733,nan|Q05086,,Q05086,P06733,UBE3A,ENO1,SINGLE_OTHER,1,UbiBrowser2,31329371
nan|Q05086|P26045,nan|Q05086,,Q05086,P26045,UBE3A,PTPN3,SINGLE_OTHER,1,UbiBrowser2,17947517
nan|Q05086|P29590,nan|Q05086,,Q05086,P29590,UBE3A,PML,SINGLE_OTHER,1,UbiBrowser2,25231954
nan|Q05086|P33993,nan|Q05086,,Q05086,P33993,UBE3A,MCM7,SINGLE_OTHER,1,UbiBrowser2,9852095
nan|Q05086|P37840,nan|Q05086,,Q05086,P37840,UBE3A,SNCA,SINGLE_OTHER,1,UbiBrowser2,19645749
nan|Q05086|P46527,nan|Q05086,,Q05086,P46527,UBE3A,CDKN1B,SINGLE_OTHER,1,UbiBrowser2,19591933
nan|Q05086|P49715,nan|Q05086,,Q05086,P49715,UBE3A,CEBPA,SINGLE_OTHER,1,UbiBrowser2,23598402
nan|Q05086|P49815,nan|Q05086,,Q05086,P49815,UBE3A,TSC2,SINGLE_OTHER,1,UbiBrowser2,18298802
nan|Q05086|P51451,nan|Q05086,,Q05086,P51451,UBE3A,BLK,SINGLE_OTHER,1,UbiBrowser2,22199232
nan|Q05086|P54725,nan|Q05086,,Q05086,P54725,UBE3A,RAD23A,SINGLE_OTHER,1,UbiBrowser2,10373495
nan|Q05086|P54727,nan|Q05086,,Q05086,P54727,UBE3A,RAD23B,SINGLE_OTHER,1,UbiBrowser2,22199232
nan|Q05086|P54821,nan|Q05086,,Q05086,P54821,UBE3A,PRRX1,SINGLE_OTHER,1,UbiBrowser2,20589759
nan|Q05086|P55036,nan|Q05086,,Q05086,P55036,UBE3A,PSMD4,SINGLE_OTHER,1,UbiBrowser2,19240029
nan|Q05086|P78352,nan|Q05086,,Q05086,P78352,UBE3A,DLG4,SINGLE_OTHER,1,UbiBrowser2,17121805
nan|Q05086|Q05086,nan|Q05086,,Q05086,Q05086,UBE3A,UBE3A,SINGLE_OTHER,1,UbiBrowser2,10864652
nan|Q05086|Q06830,nan|Q05086,,Q05086,Q06830,UBE3A,PRDX1,SINGLE_OTHER,1,UbiBrowser2,20589759
nan|Q05086|Q12959,nan|Q05086,,Q05086,Q12959,UBE3A,DLG1,SINGLE_OTHER,1,UbiBrowser2,17023019
nan|Q05086|Q14160,nan|Q05086,,Q05086,Q14160,UBE3A,SCRIB,SINGLE_OTHER,1,UbiBrowser2,11027293
nan|Q05086|Q15257,nan|Q05086,,Q05086,Q15257,UBE3A,PTPA,SINGLE_OTHER,1,UbiBrowser2,31160454
nan|Q05086|Q15334,nan|Q05086,,Q05086,Q15334,UBE3A,LLGL1,SINGLE_OTHER,1,UbiBrowser2,22199232
nan|Q05086|Q16611,nan|Q05086,,Q05086,Q16611,UBE3A,BAK1,SINGLE_OTHER,1,UbiBrowser2,18715924
nan|Q05086|Q8IXH7,nan|Q05086,,Q05086,Q8IXH7,UBE3A,NELFCD,SINGLE_OTHER,1,UbiBrowser2,17131388
nan|Q05086|Q8WTU0,nan|Q05086,,Q05086,Q8WTU0,UBE3A,DDI1,SINGLE_OTHER,1,UbiBrowser2,31130875
nan|Q05086|Q9HD26,nan|Q05086,,Q05086,Q9HD26,UBE3A,GOPC,SINGLE_OTHER,1,UbiBrowser2,16878151
nan|Q05086|Q9Y5K5,nan|Q05086,,Q05086,Q9Y5K5,UBE3A,UCHL5,SINGLE_OTHER,1,UbiBrowser2,24743594
nan|Q05086|Q9Y6Q9,nan|Q05086,,Q05086,Q9Y6Q9,UBE3A,NCOA3,SINGLE_OTHER,1,UbiBrowser2,16951183
nan|Q06587|P0C0S8,nan|Q06587,,Q06587,P0C0S8,RING1,H2AC11,RING,1,UbiBrowser2,16359901
nan|Q06587|Q9H4L7,nan|Q06587,,Q06587,Q9H4L7,RING1,SMARCAD1,RING,1,UbiBrowser2,29888761
nan|Q07869|P10415,nan|Q07869,,Q07869,P10415,PPARA,BCL2,RING,1,UbiBrowser2,26556865
nan|Q09472|P04637,nan|Q09472,,Q09472,P04637,EP300,TP53,HECT,1,UbiBrowser2,12690203
nan|Q09472|Q01094,nan|Q09472,,Q09472,Q01094,EP300,E2F1,HECT,1,UbiBrowser2,15917652
nan|Q12834|O60566,nan|Q12834,,Q12834,O60566,CDC20,BUB1B,CDC20,1,UbiBrowser2,16856867
nan|Q12834|O95997,nan|Q12834,,Q12834,O95997,CDC20,PTTG1,CDC20,1,UbiBrowser2,17891138
nan|Q12834|P13762,nan|Q12834,,Q12834,P13762,CDC20,HLA-DRB4,CDC20,1,UbiBrowser2,22545099
nan|Q12834|P14635,nan|Q12834,,Q12834,P14635,CDC20,CCNB1,CDC20,1,UbiBrowser2,21336306
nan|Q12834|P20248,nan|Q12834,,Q12834,P20248,CDC20,CCNA2,CDC20,1,UbiBrowser2,19826003
nan|Q12834|P23497,nan|Q12834,,Q12834,P23497,CDC20,SP100,CDC20,1,UbiBrowser2,22086178
nan|Q12834|P38936,nan|Q12834,,Q12834,P38936,CDC20,CDKN1A,CDC20,1,UbiBrowser2,17679094
nan|Q12834|P46527,nan|Q12834,,Q12834,P46527,CDC20,CDKN1B,CDC20,1,UbiBrowser2,22199232
nan|Q12834|P49454,nan|Q12834,,Q12834,P49454,CDC20,CENPF,CDC20,1,UbiBrowser2,20053638
nan|Q12834|P51955,nan|Q12834,,Q12834,P51955,CDC20,NEK2,CDC20,1,UbiBrowser2,16648845
nan|Q12834|Q01196,nan|Q12834,,Q12834,Q01196,CDC20,RUNX1,CDC20,1,UbiBrowser2,17015473
nan|Q12834|Q03164,nan|Q12834,,Q12834,Q03164,CDC20,KMT2A,CDC20,1,UbiBrowser2,17908926
nan|Q12834|Q07820,nan|Q12834,,Q12834,Q07820,CDC20,MCL1,CDC20,1,UbiBrowser2,20526282
nan|Q12834|Q15784,nan|Q12834,,Q12834,Q15784,CDC20,NEUROD2,CDC20,1,UbiBrowser2,22199232
nan|Q12834|Q9H492,nan|Q12834,,Q12834,Q9H492,CDC20,MAP1LC3A,CDC20,1,UbiBrowser2,30613277
nan|Q12834|Q9NS23,nan|Q12834,,Q12834,Q9NS23,CDC20,RASSF1,CDC20,1,UbiBrowser2,21874044
nan|Q12834|Q9UBZ9,nan|Q12834,,Q12834,Q9UBZ9,CDC20,REV1,CDC20,1,UbiBrowser2,23287467
nan|Q12834|Q9UPP1,nan|Q12834,,Q12834,Q9UPP1,CDC20,PHF8,CDC20,1,UbiBrowser2,23979597
nan|Q12834|Q9Y2T1,nan|Q12834,,Q12834,Q9Y2T1,CDC20,AXIN2,CDC20,1,UbiBrowser2,22322943
nan|Q12834|Q9Y4A5,nan|Q12834,,Q12834,Q9Y4A5,CDC20,TRRAP,CDC20,1,UbiBrowser2,23318449
nan|Q12899|P37275,nan|Q12899,,Q12899,P37275,TRIM26,ZEB1,RING,1,UbiBrowser2,33649471
nan|Q12899|Q14653,nan|Q12899,,Q12899,Q14653,TRIM26,IRF3,RING,1,UbiBrowser2,25763818
nan|Q12933|O95147,nan|Q12933,,Q12933,O95147,TRAF2,DUSP14,RING,1,UbiBrowser2,26521044
nan|Q12933|P00966,nan|Q12933,,Q12933,P00966,TRAF2,ASS1,RING,1,UbiBrowser2,34184805
nan|Q12933|Q12933,nan|Q12933,,Q12933,Q12933,TRAF2,TRAF2,RING,1,UbiBrowser2,20876871
nan|Q12933|Q13105,nan|Q12933,,Q12933,Q13105,TRAF2,ZBTB17,RING,1,UbiBrowser2,20577214
nan|Q12933|Q13489,nan|Q12933,,Q12933,Q13489,TRAF2,BIRC3,RING,1,UbiBrowser2,11907583
nan|Q12933|Q13546,nan|Q12933,,Q12933,Q13546,TRAF2,RIPK1,RING,1,UbiBrowser2,18641654
nan|Q12933|Q13601,nan|Q12933,,Q12933,Q13601,TRAF2,KRR1,RING,1,UbiBrowser2,19810754
nan|Q12933|Q13627,nan|Q12933,,Q12933,Q13627,TRAF2,DYRK1A,RING,1,UbiBrowser2,34117217
nan|Q12933|Q14164,nan|Q12933,,Q12933,Q14164,TRAF2,IKBKE,RING,1,UbiBrowser2,23453969
nan|Q12933|Q15759,nan|Q12933,,Q12933,Q15759,TRAF2,MAPK11,RING,1,UbiBrowser2,19584093
nan|Q12933|Q8IUC6,nan|Q12933,,Q12933,Q8IUC6,TRAF2,TICAM1,RING,1,UbiBrowser2,20047764
nan|Q12933|Q96BY2,nan|Q12933,,Q12933,Q96BY2,TRAF2,MOAP1,RING,1,UbiBrowser2,29470995
nan|Q12933|Q99558,nan|Q12933,,Q12933,Q99558,TRAF2,MAP3K14,RING,1,UbiBrowser2,TRAF2_HUMAN
nan|Q13049|P01106,nan|Q13049,,Q13049,P01106,TRIM32,MYC,RING,1,UbiBrowser2,22199232
nan|Q13049|P04198,nan|Q13049,,Q13049,P04198,TRIM32,MYCN,RING,1,UbiBrowser2,25100564
nan|Q13049|P17661,nan|Q13049,,Q13049,P17661,TRIM32,DES,RING,1,UbiBrowser2,22908310
nan|Q13049|P68133,nan|Q13049,,Q13049,P68133,TRIM32,ACTA1,RING,1,UbiBrowser2,16243356
nan|Q13049|P98170,nan|Q13049,,Q13049,P98170,TRIM32,XIAP,RING,1,UbiBrowser2,21628460
nan|Q13049|Q05513,nan|Q13049,,Q13049,Q05513,TRIM32,PRKCZ,RING,1,UbiBrowser2,33096083
nan|Q13049|Q12933,nan|Q13049,,Q13049,Q12933,TRIM32,TRAF2,RING,1,UbiBrowser2,32145086
nan|Q13049|Q13049,nan|Q13049,,Q13049,Q13049,TRIM32,TRIM32,RING,1,UbiBrowser2,17987106
nan|Q13049|Q13501,nan|Q13049,,Q13049,Q13501,TRIM32,SQSTM1,RING,1,UbiBrowser2,31685529
nan|Q13049|Q86WV6,nan|Q13049,,Q13049,Q86WV6,TRIM32,STING1,RING,1,UbiBrowser2,22745133
nan|Q13049|Q8N2W9,nan|Q13049,,Q13049,Q8N2W9,TRIM32,PIAS4,RING,1,UbiBrowser2,17626251
nan|Q13049|Q96BN8,nan|Q13049,,Q13049,Q96BN8,TRIM32,OTULIN,RING,1,UbiBrowser2,31504727
nan|Q13049|Q96EV8,nan|Q13049,,Q13049,Q96EV8,TRIM32,DTNBP1,RING,1,UbiBrowser2,19349376
nan|Q13049|Q9BXC9,nan|Q13049,,Q13049,Q9BXC9,TRIM32,BBS2,RING,1,UbiBrowser2,22199232
nan|Q13049|Q9H9R9,nan|Q13049,,Q13049,Q9H9R9,TRIM32,DBNDD1,RING,1,UbiBrowser2,19349376
nan|Q13049|Q9NYB9,nan|Q13049,,Q13049,Q9NYB9,TRIM32,ABI2,RING,1,UbiBrowser2,20009572
nan|Q13049|Q9UHD2,nan|Q13049,,Q13049,Q9UHD2,TRIM32,TBK1,RING,1,UbiBrowser2,33269343
nan|Q13049|Q9Y6X2,nan|Q13049,,Q13049,Q9Y6X2,TRIM32,PIAS3,RING,1,UbiBrowser2,17987106
nan|Q13064|P11940,nan|Q13064,,Q13064,P11940,MKRN3,PABPC1,RING,1,UbiBrowser2,34143182
nan|Q13077|Q99558,nan|Q13077,,Q13077,Q99558,TRAF1,MAP3K14,Other,1,UbiBrowser2,22199232
nan|Q13114|O43318,nan|Q13114,,Q13114,O43318,TRAF3,MAP3K7,RING,1,UbiBrowser2,26882989
nan|Q13114|O75385,nan|Q13114,,Q13114,O75385,TRAF3,ULK1,RING,1,UbiBrowser2,32275117
nan|Q13114|P63279,nan|Q13114,,Q13114,P63279,TRAF3,UBE2I,RING,1,UbiBrowser2,34372697
nan|Q13114|Q14164,nan|Q13114,,Q13114,Q14164,TRAF3,IKBKE,RING,1,UbiBrowser2,23308279
nan|Q13114|Q99558,nan|Q13114,,Q13114,Q99558,TRAF3,MAP3K14,RING,1,UbiBrowser2,22199232
nan|Q13114|Q9UHD2,nan|Q13114,,Q13114,Q9UHD2,TRAF3,TBK1,RING,1,UbiBrowser2,23308279
nan|Q13191|O00459,nan|Q13191,,Q13191,O00459,CBLB,PIK3R2,RING,1,UbiBrowser2,11087752
nan|Q13191|P00533,nan|Q13191,,Q13191,P00533,CBLB,EGFR,RING,1,UbiBrowser2,16702950
nan|Q13191|P12931,nan|Q13191,,Q13191,P12931,CBLB,SRC,RING,1,UbiBrowser2,12907674
nan|Q13191|P16234,nan|Q13191,,Q13191,P16234,CBLB,PDGFRA,RING,1,UbiBrowser2,29237719
nan|Q13191|P19174,nan|Q13191,,Q13191,P19174,CBLB,PLCG1,RING,1,UbiBrowser2,CBLB_HUMAN
nan|Q13191|P20963,nan|Q13191,,Q13191,P20963,CBLB,CD247,RING,1,UbiBrowser2,20637659
nan|Q13191|P27986,nan|Q13191,,Q13191,P27986,CBLB,PIK3R1,RING,1,UbiBrowser2,11087752
nan|Q13191|P35568,nan|Q13191,,Q13191,P35568,CBLB,IRS1,RING,1,UbiBrowser2,23187081
nan|Q13191|P43405,nan|Q13191,,Q13191,P43405,CBLB,SYK,RING,1,UbiBrowser2,12771181
nan|Q13191|Q13191,nan|Q13191,,Q13191,Q13191,CBLB,CBLB,RING,1,UbiBrowser2,11375397
nan|Q13191|Q96B97,nan|Q13191,,Q13191,Q96B97,CBLB,SH3KBP1,RING,1,UbiBrowser2,22199232
nan|Q13191|Q96P20,nan|Q13191,,Q13191,Q96P20,CBLB,NLRP3,RING,1,UbiBrowser2,31999304
nan|Q13191|Q9I788,nan|Q13191,,Q13191,Q9I788,CBLB,exoT,RING,1,UbiBrowser2,22199232
nan|Q13216|P0DP91,nan|Q13216,,Q13216,P0DP91,ERCC8,ERCC6,DWD,1,UbiBrowser2,22199232
nan|Q13216|Q03468,nan|Q13216,,Q13216,Q03468,ERCC8,ERCC6,DWD,1,UbiBrowser2,16751180
nan|Q13233|P05412,nan|Q13233,,Q13233,P05412,MAP3K1,JUN,RING,1,UbiBrowser2,17101801
nan|Q13233|P15408,nan|Q13233,,Q13233,P15408,MAP3K1,FOSL2,RING,1,UbiBrowser2,15558021
nan|Q13233|P27361,nan|Q13233,,Q13233,P27361,MAP3K1,MAPK3,RING,1,UbiBrowser2,12049732
nan|Q13233|P28482,nan|Q13233,,Q13233,P28482,MAP3K1,MAPK1,RING,1,UbiBrowser2,12049732
nan|Q13233|Q86Y01,nan|Q13233,,Q13233,Q86Y01,MAP3K1,DTX1,RING,1,UbiBrowser2,15684388
nan|Q13263|P04637,nan|Q13263,,Q13263,P04637,TRIM28,TP53,RING,1,UbiBrowser2,20864041
nan|Q13263|P07203,nan|Q13263,,Q13263,P07203,TRIM28,GPX1,RING,1,UbiBrowser2,33398366
nan|Q13263|P09467,nan|Q13263,,Q13263,P09467,TRIM28,FBP1,RING,1,UbiBrowser2,28394358
nan|Q13263|Q13131,nan|Q13263,,Q13263,Q13131,TRIM28,PRKAA1,RING,1,UbiBrowser2,25945414
nan|Q13263|Q92985,nan|Q13263,,Q13263,Q92985,TRIM28,IRF7,RING,1,UbiBrowser2,22199232
nan|Q13309|A9UEZ6,nan|Q13309,,Q13309,A9UEZ6,SKP2,BCR/ABL fusion,F-box,1,UbiBrowser2,31044085
nan|Q13309|O00221,nan|Q13309,,Q13309,O00221,SKP2,NFKBIE,F-box,1,UbiBrowser2,22199232
nan|Q13309|O00233,nan|Q13309,,Q13309,O00233,SKP2,PSMD9,F-box,1,UbiBrowser2,22199232
nan|Q13309|O00399,nan|Q13309,,Q13309,O00399,SKP2,DCTN6,F-box,1,UbiBrowser2,33989513
nan|Q13309|O15553,nan|Q13309,,Q13309,O15553,SKP2,MEFV,F-box,1,UbiBrowser2,24658274
nan|Q13309|O43524,nan|Q13309,,Q13309,O43524,SKP2,FOXO3,F-box,1,UbiBrowser2,21841822
nan|Q13309|O60934,nan|Q13309,,Q13309,O60934,SKP2,NBN,F-box,1,UbiBrowser2,24658274
nan|Q13309|P01106,nan|Q13309,,Q13309,P01106,SKP2,MYC,F-box,1,UbiBrowser2,15103331
nan|Q13309|P03129,nan|Q13309,,Q13309,P03129,SKP2,E7,F-box,1,UbiBrowser2,15113913
nan|Q13309|P03372,nan|Q13309,,Q13309,P03372,SKP2,ESR1,F-box,1,UbiBrowser2,23770852
nan|Q13309|P04637,nan|Q13309,,Q13309,P04637,SKP2,TP53,F-box,1,UbiBrowser2,21127074
nan|Q13309|P05362,nan|Q13309,,Q13309,P05362,SKP2,ICAM1,F-box,1,UbiBrowser2,28802579
nan|Q13309|P06400,nan|Q13309,,Q13309,P06400,SKP2,RB1,F-box,1,UbiBrowser2,17187060
nan|Q13309|P06790,nan|Q13309,,Q13309,P06790,SKP2,E2,F-box,1,UbiBrowser2,19828607
nan|Q13309|P10244,nan|Q13309,,Q13309,P10244,SKP2,MYBL2,F-box,1,UbiBrowser2,10871850
nan|Q13309|P12830,nan|Q13309,,Q13309,P12830,SKP2,CDH1,F-box,1,UbiBrowser2,26474281
nan|Q13309|P15923,nan|Q13309,,Q13309,P15923,SKP2,TCF3,F-box,1,UbiBrowser2,PMC4306233
nan|Q13309|P17542,nan|Q13309,,Q13309,P17542,SKP2,TAL1,F-box,1,UbiBrowser2,17962192
nan|Q13309|P20248,nan|Q13309,,Q13309,P20248,SKP2,CCNA2,F-box,1,UbiBrowser2,24658274
nan|Q13309|P24385,nan|Q13309,,Q13309,P24385,SKP2,CCND1,F-box,1,UbiBrowser2,11439327
nan|Q13309|P24864,nan|Q13309,,Q13309,P24864,SKP2,CCNE1,F-box,1,UbiBrowser2,11237742
nan|Q13309|P25963,nan|Q13309,,Q13309,P25963,SKP2,NFKBIA,F-box,1,UbiBrowser2,22199232
nan|Q13309|P28562,nan|Q13309,,Q13309,P28562,SKP2,DUSP1,F-box,1,UbiBrowser2,19034960
nan|Q13309|P31749,nan|Q13309,,Q13309,P31749,SKP2,AKT1,F-box,1,UbiBrowser2,24658274
nan|Q13309|P31751,nan|Q13309,,Q13309,P31751,SKP2,AKT2,F-box,1,UbiBrowser2,22632973
nan|Q13309|P35222,nan|Q13309,,Q13309,P35222,SKP2,CTNNB1,F-box,1,UbiBrowser2,22199232
nan|Q13309|P35232,nan|Q13309,,Q13309,P35232,SKP2,PHB,F-box,1,UbiBrowser2,24658274
nan|Q13309|P36639,nan|Q13309,,Q13309,P36639,SKP2,NUDT1,F-box,1,UbiBrowser2,28947420
nan|Q13309|P38398,nan|Q13309,,Q13309,P38398,SKP2,BRCA1,F-box,1,UbiBrowser2,25659039
nan|Q13309|P38936,nan|Q13309,,Q13309,P38936,SKP2,CDKN1A,F-box,1,UbiBrowser2,12393444
nan|Q13309|P46527,nan|Q13309,,Q13309,P46527,SKP2,CDKN1B,F-box,1,UbiBrowser2,19112177
nan|Q13309|P46937,nan|Q13309,,Q13309,P46937,SKP2,YAP1,F-box,1,UbiBrowser2,29891922
nan|Q13309|P49336,nan|Q13309,,Q13309,P49336,SKP2,CDK8,F-box,1,UbiBrowser2,22898779
nan|Q13309|P49715,nan|Q13309,,Q13309,P49715,SKP2,CEBPA,F-box,1,UbiBrowser2,34002296
nan|Q13309|P49918,nan|Q13309,,Q13309,P49918,SKP2,CDKN1C,F-box,1,UbiBrowser2,20805359
nan|Q13309|P50616,nan|Q13309,,Q13309,P50616,SKP2,TOB1,F-box,1,UbiBrowser2,16951159
nan|Q13309|P50750,nan|Q13309,,Q13309,P50750,SKP2,CDK9,F-box,1,UbiBrowser2,11689688
nan|Q13309|P51587,nan|Q13309,,Q13309,P51587,SKP2,BRCA2,F-box,1,UbiBrowser2,24658274
nan|Q13309|P52333,nan|Q13309,,Q13309,P52333,SKP2,JAK3,F-box,1,UbiBrowser2,24658274
nan|Q13309|P55895,nan|Q13309,,Q13309,P55895,SKP2,RAG2,F-box,1,UbiBrowser2,SKP2_HUMAN
nan|Q13309|P61587,nan|Q13309,,Q13309,P61587,SKP2,RND3,F-box,1,UbiBrowser2,24045951
nan|Q13309|P78543,nan|Q13309,,Q13309,P78543,SKP2,BTG2,F-box,1,UbiBrowser2,19615363
nan|Q13309|P98174,nan|Q13309,,Q13309,P98174,SKP2,FGD1,F-box,1,UbiBrowser2,22199232
nan|Q13309|Q01094,nan|Q13309,,Q13309,Q01094,SKP2,E2F1,F-box,1,UbiBrowser2,11245432
nan|Q13309|Q03164,nan|Q13309,,Q13309,Q03164,SKP2,KMT2A,F-box,1,UbiBrowser2,17908926
nan|Q13309|Q08999,nan|Q13309,,Q13309,Q08999,SKP2,RBL2,F-box,1,UbiBrowser2,12435635
nan|Q13309|Q12778,nan|Q13309,,Q13309,Q12778,SKP2,FOXO1,F-box,1,UbiBrowser2,SKP2_HUMAN
nan|Q13309|Q13309,nan|Q13309,,Q13309,Q13309,SKP2,SKP2,F-box,1,UbiBrowser2,SKP2_HUMAN
nan|Q13309|Q13415,nan|Q13309,,Q13309,Q13415,SKP2,ORC1,F-box,1,UbiBrowser2,24658274
nan|Q13309|Q13485,nan|Q13309,,Q13309,Q13485,SKP2,SMAD4,F-box,1,UbiBrowser2,15314162
nan|Q13309|Q15672,nan|Q13309,,Q13309,Q15672,SKP2,TWIST1,F-box,1,UbiBrowser2,28346424
nan|Q13309|Q15831,nan|Q13309,,Q13309,Q15831,SKP2,STK11,F-box,1,UbiBrowser2,25728766
nan|Q13309|Q53EL6,nan|Q13309,,Q13309,Q53EL6,SKP2,PDCD4,F-box,1,UbiBrowser2,30760284
nan|Q13309|Q5MJ70,nan|Q13309,,Q13309,Q5MJ70,SKP2,SPDYA,F-box,1,UbiBrowser2,19622356
nan|Q13309|Q6PGQ7,nan|Q13309,,Q13309,Q6PGQ7,SKP2,BORA,F-box,1,UbiBrowser2,26697838
nan|Q13309|Q7L523,nan|Q13309,,Q13309,Q7L523,SKP2,RRAGA,F-box,1,UbiBrowser2,26051179
nan|Q13309|Q86X55,nan|Q13309,,Q13309,Q86X55,SKP2,CARM1,F-box,1,UbiBrowser2,27309807;27867975
nan|Q13309|Q8WWM9,nan|Q13309,,Q13309,Q8WWM9,SKP2,CYGB,F-box,1,UbiBrowser2,28948618
nan|Q13309|Q96FS4,nan|Q13309,,Q13309,Q96FS4,SKP2,SIPA1,F-box,1,UbiBrowser2,21502543
nan|Q13309|Q99607,nan|Q13309,,Q13309,Q99607,SKP2,ELF4,F-box,1,UbiBrowser2,SKP2_HUMAN
nan|Q13309|Q99801,nan|Q13309,,Q13309,Q99801,SKP2,NKX3-1,F-box,1,UbiBrowser2,27065334
nan|Q13309|Q9BYF1,nan|Q13309,,Q13309,Q9BYF1,SKP2,ACE2,F-box,1,UbiBrowser2,33511555
nan|Q13309|Q9H211,nan|Q13309,,Q13309,Q9H211,SKP2,CDT1,F-box,1,UbiBrowser2,12840033
nan|Q13309|Q9HCS4,nan|Q13309,,Q13309,Q9HCS4,SKP2,TCF7L1,F-box,1,UbiBrowser2,24658274
nan|Q13309|Q9NS23,nan|Q13309,,Q13309,Q9NS23,SKP2,RASSF1,F-box,1,UbiBrowser2,18071316
nan|Q13309|Q9NTG7,nan|Q13309,,Q13309,Q9NTG7,SKP2,SIRT3,F-box,1,UbiBrowser2,24658274
nan|Q13309|Q9NXR8,nan|Q13309,,Q13309,Q9NXR8,SKP2,ING3,F-box,1,UbiBrowser2,22199232
nan|Q13309|Q9UMW8,nan|Q13309,,Q13309,Q9UMW8,SKP2,USP18,F-box,1,UbiBrowser2,22199232
nan|Q13309|Q9Y297,nan|Q13309,,Q13309,Q9Y297,SKP2,BTRC,F-box,1,UbiBrowser2,24658274
nan|Q13356|O95863,nan|Q13356,,Q13356,O95863,PPIL2,SNAI1,UBOX,1,UbiBrowser2,29352246
nan|Q13489|O43353,nan|Q13489,,Q13489,O43353,BIRC3,RIPK2,RING,1,UbiBrowser2,21931591
nan|Q13489|O95999,nan|Q13489,,Q13489,O95999,BIRC3,BCL10,RING,1,UbiBrowser2,19279678
nan|Q13489|P10914,nan|Q13489,,Q13489,P10914,BIRC3,IRF1,RING,1,UbiBrowser2,24464131
nan|Q13489|P42574,nan|Q13489,,Q13489,P42574,BIRC3,CASP3,RING,1,UbiBrowser2,22199232
nan|Q13489|P55210,nan|Q13489,,Q13489,P55210,BIRC3,CASP7,RING,1,UbiBrowser2,22199232
nan|Q13489|P57078,nan|Q13489,,Q13489,P57078,BIRC3,RIPK4,RING,1,UbiBrowser2,21931591
nan|Q13489|Q12933,nan|Q13489,,Q13489,Q12933,BIRC3,TRAF2,RING,1,UbiBrowser2,23007157
nan|Q13489|Q13077,nan|Q13489,,Q13489,Q13077,BIRC3,TRAF1,RING,1,UbiBrowser2,15468071
nan|Q13489|Q13114,nan|Q13489,,Q13489,Q13114,BIRC3,TRAF3,RING,1,UbiBrowser2,20097753
nan|Q13489|Q13489,nan|Q13489,,Q13489,Q13489,BIRC3,BIRC3,RING,1,UbiBrowser2,18939944
nan|Q13489|Q13546,nan|Q13489,,Q13489,Q13546,BIRC3,RIPK1,RING,1,UbiBrowser2,18570872
nan|Q13489|Q13601,nan|Q13489,,Q13489,Q13601,BIRC3,KRR1,RING,1,UbiBrowser2,18570872
nan|Q13489|Q14164,nan|Q13489,,Q13489,Q14164,BIRC3,IKBKE,RING,1,UbiBrowser2,22199232
nan|Q13489|Q14790,nan|Q13489,,Q13489,Q14790,BIRC3,CASP8,RING,1,UbiBrowser2,22199232
nan|Q13489|Q86VP3,nan|Q13489,,Q13489,Q86VP3,BIRC3,PACS2,RING,1,UbiBrowser2,24633224
nan|Q13489|Q92844,nan|Q13489,,Q13489,Q92844,BIRC3,TANK,RING,1,UbiBrowser2,23007157
nan|Q13489|Q99558,nan|Q13489,,Q13489,Q99558,BIRC3,MAP3K14,RING,1,UbiBrowser2,18997792
nan|Q13489|Q9NR28,nan|Q13489,,Q13489,Q9NR28,BIRC3,DIABLO,RING,1,UbiBrowser2,12525502
nan|Q13489|Q9UDY8,nan|Q13489,,Q13489,Q9UDY8,BIRC3,MALT1,RING,1,UbiBrowser2,19279678
nan|Q13489|Q9Y4K3,nan|Q13489,,Q13489,Q9Y4K3,BIRC3,TRAF6,RING,1,UbiBrowser2,20097753
nan|Q13489|Q9Y572,nan|Q13489,,Q13489,Q9Y572,BIRC3,RIPK3,RING,1,UbiBrowser2,21931591
nan|Q13490|O43353,nan|Q13490,,Q13490,O43353,BIRC2,RIPK2,RING,1,UbiBrowser2,21931591
nan|Q13490|P42574,nan|Q13490,,Q13490,P42574,BIRC2,CASP3,RING,1,UbiBrowser2,22199232
nan|Q13490|P55060,nan|Q13490,,Q13490,P55060,BIRC2,CSE1L,RING,1,UbiBrowser2,26668314
nan|Q13490|P55210,nan|Q13490,,Q13490,P55210,BIRC2,CASP7,RING,1,UbiBrowser2,22199232
nan|Q13490|P57078,nan|Q13490,,Q13490,P57078,BIRC2,RIPK4,RING,1,UbiBrowser2,21931591
nan|Q13490|P63000,nan|Q13490,,Q13490,P63000,BIRC2,RAC1,RING,1,UbiBrowser2,22117219
nan|Q13490|Q05195,nan|Q13490,,Q13490,Q05195,BIRC2,MXD1,RING,1,UbiBrowser2,18082613
nan|Q13490|Q12933,nan|Q13490,,Q13490,Q12933,BIRC2,TRAF2,RING,1,UbiBrowser2,16282325
nan|Q13490|Q13077,nan|Q13490,,Q13490,Q13077,BIRC2,TRAF1,RING,1,UbiBrowser2,BIRC2_HUMAN
nan|Q13490|Q13114,nan|Q13490,,Q13490,Q13114,BIRC2,TRAF3,RING,1,UbiBrowser2,20097753
nan|Q13490|Q13490,nan|Q13490,,Q13490,Q13490,BIRC2,BIRC2,RING,1,UbiBrowser2,18939944
nan|Q13490|Q13546,nan|Q13490,,Q13490,Q13546,BIRC2,RIPK1,RING,1,UbiBrowser2,18570872
nan|Q13490|Q14164,nan|Q13490,,Q13490,Q14164,BIRC2,IKBKE,RING,1,UbiBrowser2,23453969
nan|Q13490|Q14790,nan|Q13490,,Q13490,Q14790,BIRC2,CASP8,RING,1,UbiBrowser2,22199232
nan|Q13490|Q86VP3,nan|Q13490,,Q13490,Q86VP3,BIRC2,PACS2,RING,1,UbiBrowser2,24633224
nan|Q13490|Q8NBP7,nan|Q13490,,Q13490,Q8NBP7,BIRC2,PCSK9,RING,1,UbiBrowser2,23085658
nan|Q13490|Q92844,nan|Q13490,,Q13490,Q92844,BIRC2,TANK,RING,1,UbiBrowser2,22199232
nan|Q13490|Q96HS1,nan|Q13490,,Q13490,Q96HS1,BIRC2,PGAM5,RING,1,UbiBrowser2,23201124
nan|Q13490|Q99558,nan|Q13490,,Q13490,Q99558,BIRC2,MAP3K14,RING,1,UbiBrowser2,18022362
nan|Q13490|Q99683,nan|Q13490,,Q13490,Q99683,BIRC2,MAP3K5,RING,1,UbiBrowser2,17220297
nan|Q13490|Q9NR28,nan|Q13490,,Q13490,Q9NR28,BIRC2,DIABLO,RING,1,UbiBrowser2,14960576
nan|Q13490|Q9Y4K3,nan|Q13490,,Q13490,Q9Y4K3,BIRC2,TRAF6,RING,1,UbiBrowser2,20097753
nan|Q13490|Q9Y572,nan|Q13490,,Q13490,Q9Y572,BIRC2,RIPK3,RING,1,UbiBrowser2,21931591
nan|Q13490|Q9Y6D9,nan|Q13490,,Q13490,Q9Y6D9,BIRC2,MAD1L1,RING,1,UbiBrowser2,18082613
nan|Q13490|Q9Y6K9,nan|Q13490,,Q13490,Q9Y6K9,BIRC2,IKBKG,RING,1,UbiBrowser2,BIRC2_HUMAN
nan|Q13501|P00338,nan|Q13501,,Q13501,P00338,SQSTM1,LDHA,Other,1,UbiBrowser2,32859246
nan|Q13829|P61586,nan|Q13829,,Q13829,P61586,TNFAIP1,RHOA,BTB_OTHER,1,UbiBrowser2,BACD2_HUMAN
nan|Q13829|P67870,nan|Q13829,,Q13829,P67870,TNFAIP1,CSNK2B,BTB_OTHER,1,UbiBrowser2,31901862
nan|Q14139|Q14139,nan|Q14139,,Q14139,Q14139,UBE4A,UBE4A,UBOX,1,UbiBrowser2,11435423
nan|Q14145|O14920,nan|Q14145,,Q14145,O14920,KEAP1,IKBKB,BTB_3,1,UbiBrowser2,19818716
nan|Q14145|P25205,nan|Q14145,,Q14145,P25205,KEAP1,MCM3,BTB_3,1,UbiBrowser2,22199232
nan|Q14145|P48436,nan|Q14145,,Q14145,P48436,KEAP1,SOX9,BTB_3,1,UbiBrowser2,33173725
nan|Q14145|Q13501,nan|Q14145,,Q14145,Q13501,KEAP1,SQSTM1,BTB_3,1,UbiBrowser2,28380357
nan|Q14145|Q16236,nan|Q14145,,Q14145,Q16236,KEAP1,NFE2L2,BTB_3,1,UbiBrowser2,15985429
nan|Q14145|Q86YC2,nan|Q14145,,Q14145,Q86YC2,KEAP1,PALB2,BTB_3,1,UbiBrowser2,26649820
nan|Q14145|Q96HS1,nan|Q14145,,Q14145,Q96HS1,KEAP1,PGAM5,BTB_3,1,UbiBrowser2,17046835
nan|Q14145|Q9GZT9,nan|Q14145,,Q14145,Q9GZT9,KEAP1,EGLN1,BTB_3,1,UbiBrowser2,31763849
nan|Q14258|O95786,nan|Q14258,,Q14258,O95786,TRIM25,DDX58,RING,1,UbiBrowser2,20485506
nan|Q14258|P03372,nan|Q14258,,Q14258,P03372,TRIM25,ESR1,RING,1,UbiBrowser2,17418098
nan|Q14258|P31947,nan|Q14258,,Q14258,P31947,TRIM25,SFN,RING,1,UbiBrowser2,22199232
nan|Q14258|P60484,nan|Q14258,,Q14258,P60484,TRIM25,PTEN,RING,1,UbiBrowser2,32196840
nan|Q14258|Q12933,nan|Q14258,,Q14258,Q12933,TRIM25,TRAF2,RING,1,UbiBrowser2,32024699
nan|Q14258|Q13330,nan|Q14258,,Q14258,Q13330,TRIM25,MTA1,RING,1,UbiBrowser2,30118695
nan|Q14258|Q13887,nan|Q14258,,Q14258,Q13887,TRIM25,KLF5,RING,1,UbiBrowser2,21542805
nan|Q14258|Q14145,nan|Q14258,,Q14258,Q14145,TRIM25,KEAP1,RING,1,UbiBrowser2,31953436
nan|Q14258|Q14258,nan|Q14258,,Q14258,Q14258,TRIM25,TRIM25,RING,1,UbiBrowser2,TRI25_HUMAN
nan|Q14258|Q15911,nan|Q14258,,Q14258,Q15911,TRIM25,ZFHX3,RING,1,UbiBrowser2,22452784
nan|Q14258|Q7Z434,nan|Q14258,,Q14258,Q7Z434,TRIM25,MAVS,RING,1,UbiBrowser2,22626058
nan|Q14258|Q96RK0,nan|Q14258,,Q14258,Q96RK0,TRIM25,CIC,RING,1,UbiBrowser2,33115448
nan|Q14258|Q9UKV5,nan|Q14258,,Q14258,Q9UKV5,TRIM25,AMFR,RING,1,UbiBrowser2,24810856
nan|Q14258|Q9Y572,nan|Q14258,,Q14258,Q9Y572,TRIM25,RIPK3,RING,1,UbiBrowser2,33953350
nan|Q14527|P12004,nan|Q14527,,Q14527,P12004,HLTF,PCNA,RING,1,UbiBrowser2,21269891
nan|Q14669|P35712,nan|Q14669,,Q14669,P35712,TRIP12,SOX6,SINGLE_OTHER,1,UbiBrowser2,23663701
nan|Q14669|Q13564,nan|Q14669,,Q14669,Q13564,TRIP12,NAE1,SINGLE_OTHER,1,UbiBrowser2,18627766
nan|Q14669|Q8N6T3,nan|Q14669,,Q14669,Q8N6T3,TRIP12,ARFGAP1,SINGLE_OTHER,1,UbiBrowser2,22028794
nan|Q14669|Q8N726,nan|Q14669,,Q14669,Q8N726,TRIP12,CDKN2A,SINGLE_OTHER,1,UbiBrowser2,22199232
nan|Q14669|Q969G3,nan|Q14669,,Q14669,Q969G3,TRIP12,SMARCE1,SINGLE_OTHER,1,UbiBrowser2,22199232
nan|Q149N8|P12004,nan|Q149N8,,Q149N8,P12004,SHPRH,PCNA,RING,1,UbiBrowser2,SHPRH_HUMAN
nan|Q15257|P35226,nan|Q15257,,Q15257,P35226,PTPA,BMI1,Other,1,UbiBrowser2,33463265
nan|Q15386|O15169,nan|Q15386,,Q15386,O15169,UBE3C,AXIN1,SINGLE_OTHER,1,UbiBrowser2,32930707
nan|Q15386|O75155,nan|Q15386,,Q15386,O75155,UBE3C,CAND2,SINGLE_OTHER,1,UbiBrowser2,12692129
nan|Q15386|Q09666,nan|Q15386,,Q15386,Q09666,UBE3C,AHNAK,SINGLE_OTHER,1,UbiBrowser2,30503554
nan|Q15386|Q15386,nan|Q15386,,Q15386,Q15386,UBE3C,UBE3C,SINGLE_OTHER,1,UbiBrowser2,11278995
nan|Q15386|Q8NEB9,nan|Q15386,,Q15386,Q8NEB9,UBE3C,PIK3C3,SINGLE_OTHER,1,UbiBrowser2,33637724
nan|Q15751|P04049,nan|Q15751,,Q15751,P04049,HERC1,RAF1,HECT,1,UbiBrowser2,30140388
nan|Q15751|P48436,nan|Q15751,,Q15751,P48436,HERC1,SOX9,HECT,1,UbiBrowser2,24155239
nan|Q15751|P49815,nan|Q15751,,Q15751,P49815,HERC1,TSC2,HECT,1,UbiBrowser2,22199232
nan|Q16531|O00482,nan|Q16531,,Q16531,O00482,DDB1,NR5A2,Other,1,UbiBrowser2,30923324
nan|Q16531|O15350,nan|Q16531,,Q16531,O15350,DDB1,TP73,Other,1,UbiBrowser2,23085759
nan|Q16531|O75909,nan|Q16531,,Q16531,O75909,DDB1,CCNK,Other,1,UbiBrowser2,32494016
nan|Q16531|Q92905,nan|Q16531,,Q16531,Q92905,DDB1,COPS5,Other,1,UbiBrowser2,23357576
nan|Q2Q1W2|Q6ZN17,nan|Q2Q1W2,,Q2Q1W2,Q6ZN17,TRIM71,LIN28B,RING,1,UbiBrowser2,24602972
nan|Q53G59|O94979,nan|Q53G59,,Q53G59,O94979,KLHL12,SEC31A,BTB_3,1,UbiBrowser2,22358839
nan|Q53G59|P14635,nan|Q53G59,,Q53G59,P14635,KLHL12,CCNB1,BTB_3,1,UbiBrowser2,22199232
nan|Q53G59|P21917,nan|Q53G59,,Q53G59,P21917,KLHL12,DRD4,BTB_3,1,UbiBrowser2,20100572
nan|Q53G59|Q92945,nan|Q53G59,,Q53G59,Q92945,KLHL12,KHSRP,BTB_3,1,UbiBrowser2,27899653;32032490
nan|Q53G59|Q92997,nan|Q53G59,,Q53G59,Q92997,KLHL12,DVL3,BTB_3,1,UbiBrowser2,22199232
nan|Q53G59|Q9C0E8,nan|Q53G59,,Q53G59,Q9C0E8,KLHL12,LNPK,BTB_3,1,UbiBrowser2,32433973
nan|Q53G59|Q9NQW1,nan|Q53G59,,Q53G59,Q9NQW1,KLHL12,SEC31B,BTB_3,1,UbiBrowser2,22358839
nan|Q53G59|Q9UBV8,nan|Q53G59,,Q53G59,Q9UBV8,KLHL12,PEF1,BTB_3,1,UbiBrowser2,22199232
nan|Q53GT1|O75140,nan|Q53GT1,,Q53GT1,O75140,KLHL22,DEPDC5,BTB_3,1,UbiBrowser2,29769719;32296023
nan|Q53GT1|P53350,nan|Q53GT1,,Q53GT1,P53350,KLHL22,PLK1,BTB_3,1,UbiBrowser2,23455478
nan|Q5GLZ8|O95835,nan|Q5GLZ8,,Q5GLZ8,O95835,HERC4,LATS1,HECT,1,UbiBrowser2,30710319
nan|Q5T0T0|P00441,nan|Q5T0T0,,Q5T0T0,P00441,MARCHF8,SOD1,RING,1,UbiBrowser2,22199232
nan|Q5T0T0|P01023,nan|Q5T0T0,,Q5T0T0,P01023,MARCHF8,A2M,RING,1,UbiBrowser2,33540066
nan|Q5T0T0|P01903,nan|Q5T0T0,,Q5T0T0,P01903,MARCHF8,HLA-DRA,RING,1,UbiBrowser2,MARH8_HUMAN
nan|Q5T0T0|P01911,nan|Q5T0T0,,Q5T0T0,P01911,MARCHF8,HLA-DRB1,RING,1,UbiBrowser2,MARH1_HUMAN
nan|Q5T0T0|P01912,nan|Q5T0T0,,Q5T0T0,P01912,MARCHF8,HLA-DRB1,RING,1,UbiBrowser2,2B13_HUMAN
nan|Q5T0T0|P02786,nan|Q5T0T0,,Q5T0T0,P02786,MARCHF8,TFRC,RING,1,UbiBrowser2,22199232
nan|Q5T0T0|P04229,nan|Q5T0T0,,Q5T0T0,P04229,MARCHF8,HLA-DRB1,RING,1,UbiBrowser2,2B11_HUMAN
nan|Q5T0T0|P04233,nan|Q5T0T0,,Q5T0T0,P04233,MARCHF8,CD74,RING,1,UbiBrowser2,22199232
nan|Q5T0T0|P08195,nan|Q5T0T0,,Q5T0T0,P08195,MARCHF8,SLC3A2,RING,1,UbiBrowser2,21757542
nan|Q5T0T0|P08684,nan|Q5T0T0,,Q5T0T0,P08684,MARCHF8,CYP3A4,RING,1,UbiBrowser2,22199232
nan|Q5T0T0|P12830,nan|Q5T0T0,,Q5T0T0,P12830,MARCHF8,CDH1,RING,1,UbiBrowser2,33540066
nan|Q5T0T0|P13760,nan|Q5T0T0,,Q5T0T0,P13760,MARCHF8,HLA-DRB1,RING,1,UbiBrowser2,MARH1_HUMAN
nan|Q5T0T0|P13761,nan|Q5T0T0,,Q5T0T0,P13761,MARCHF8,HLA-DRB1,RING,1,UbiBrowser2,MARH1_HUMAN
nan|Q5T0T0|P13762,nan|Q5T0T0,,Q5T0T0,P13762,MARCHF8,HLA-DRB4,RING,1,UbiBrowser2,MARH8_HUMAN
nan|Q5T0T0|P20039,nan|Q5T0T0,,Q5T0T0,P20039,MARCHF8,HLA-DRB1,RING,1,UbiBrowser2,MARH1_HUMAN
nan|Q5T0T0|P33076,nan|Q5T0T0,,Q5T0T0,P33076,MARCHF8,CIITA,RING,1,UbiBrowser2,19566897
nan|Q5T0T0|P42081,nan|Q5T0T0,,Q5T0T0,P42081,MARCHF8,CD86,RING,1,UbiBrowser2,MARH8_HUMAN
nan|Q5T0T0|P49327,nan|Q5T0T0,,Q5T0T0,P49327,MARCHF8,FASN,RING,1,UbiBrowser2,22199232
nan|Q5T0T0|P54252,nan|Q5T0T0,,Q5T0T0,P54252,MARCHF8,ATXN3,RING,1,UbiBrowser2,22199232
nan|Q5T0T0|P79483,nan|Q5T0T0,,Q5T0T0,P79483,MARCHF8,HLA-DRB3,RING,1,UbiBrowser2,MARH8_HUMAN
nan|Q5T0T0|Q29974,nan|Q5T0T0,,Q5T0T0,Q29974,MARCHF8,HLA-DRB1,RING,1,UbiBrowser2,MARH1_HUMAN
nan|Q5T0T0|Q30134,nan|Q5T0T0,,Q5T0T0,Q30134,MARCHF8,HLA-DRB1,RING,1,UbiBrowser2,MARH1_HUMAN
nan|Q5T0T0|Q30154,nan|Q5T0T0,,Q5T0T0,Q30154,MARCHF8,HLA-DRB5,RING,1,UbiBrowser2,MARH8_HUMAN
nan|Q5T0T0|Q30167,nan|Q5T0T0,,Q5T0T0,Q30167,MARCHF8,HLA-DRB1,RING,1,UbiBrowser2,MARH1_HUMAN
nan|Q5T0T0|Q5Y7A7,nan|Q5T0T0,,Q5T0T0,Q5Y7A7,MARCHF8,HLA-DRB1,RING,1,UbiBrowser2,MARH1_HUMAN
nan|Q5T0T0|Q7Z434,nan|Q5T0T0,,Q5T0T0,Q7Z434,MARCHF8,MAVS,RING,1,UbiBrowser2,29165031
nan|Q5T0T0|Q95IE3,nan|Q5T0T0,,Q5T0T0,Q95IE3,MARCHF8,HLA-DRB1,RING,1,UbiBrowser2,MARH1_HUMAN
nan|Q5T0T0|Q9GIY3,nan|Q5T0T0,,Q5T0T0,Q9GIY3,MARCHF8,HLA-DRB1,RING,1,UbiBrowser2,MARH1_HUMAN
nan|Q5T0T0|Q9NPH3,nan|Q5T0T0,,Q5T0T0,Q9NPH3,MARCHF8,IL1RAP,RING,1,UbiBrowser2,22904187
nan|Q5T0T0|Q9NZQ7,nan|Q5T0T0,,Q5T0T0,Q9NZQ7,MARCHF8,CD274,RING,1,UbiBrowser2,34183449
nan|Q5T0T0|Q9TQE0,nan|Q5T0T0,,Q5T0T0,Q9TQE0,MARCHF8,HLA-DRB1,RING,1,UbiBrowser2,MARH1_HUMAN
nan|Q5T447|P04049,nan|Q5T447,,Q5T447,P04049,HECTD3,RAF1,HECT,1,UbiBrowser2,28636940
nan|Q5T447|P55211,nan|Q5T447,,Q5T447,P55211,HECTD3,CASP9,HECT,1,UbiBrowser2,28716524
nan|Q5T447|Q14790,nan|Q5T447,,Q5T447,Q14790,HECTD3,CASP8,HECT,1,UbiBrowser2,24287696
nan|Q5T447|Q9H2D6,nan|Q5T447,,Q5T447,Q9H2D6,HECTD3,TRIOBP,HECT,1,UbiBrowser2,18194665
nan|Q5T447|Q9UDY8,nan|Q5T447,,Q5T447,Q9UDY8,HECTD3,MALT1,HECT,1,UbiBrowser2,23358872
nan|Q5T447|Q9UNK0,nan|Q5T447,,Q5T447,Q9UNK0,HECTD3,STX8,HECT,1,UbiBrowser2,HECD3_HUMAN
nan|Q5T4S7|Q15678,nan|Q5T4S7,,Q5T4S7,Q15678,UBR4,PTPN14,UBOX,1,UbiBrowser2,32581101
nan|Q5T4S7|Q9NQA5,nan|Q5T4S7,,Q5T4S7,Q9NQA5,UBR4,TRPV5,UBOX,1,UbiBrowser2,23747339
nan|Q5T6F0|P43357,nan|Q5T6F0,,Q5T6F0,P43357,DCAF12,MAGEA3,DWD,1,UbiBrowser2,31267705
nan|Q5T6F0|P43360,nan|Q5T6F0,,Q5T6F0,P43360,DCAF12,MAGEA6,DWD,1,UbiBrowser2,31267705
nan|Q5TA31|P46937,nan|Q5TA31,,Q5TA31,P46937,RNF187,YAP1,RING,1,UbiBrowser2,32198343
nan|Q5TAQ9|Q15773,nan|Q5TAQ9,,Q5TAQ9,Q15773,DCAF8,MLF2,DWD,1,UbiBrowser2,32703400
nan|Q5TC82|Q9Y6W8,nan|Q5TC82,,Q5TC82,Q9Y6W8,RC3H1,ICOS,RING,1,UbiBrowser2,18172933
nan|Q5U5Q3|O95786,nan|Q5U5Q3,,Q5U5Q3,O95786,MEX3C,DDX58,RING,1,UbiBrowser2,30095198
nan|Q5U5R9|O75925,nan|Q5U5R9,,Q5U5R9,O75925,HECTD2,PIAS1,HECT,1,UbiBrowser2,26157031
nan|Q5VTB9|O75182,nan|Q5VTB9,,Q5VTB9,O75182,RNF220,SIN3B,RING,1,UbiBrowser2,20170641
nan|Q5VTB9|Q5VTB9,nan|Q5VTB9,,Q5VTB9,Q5VTB9,RNF220,RNF220,RING,1,UbiBrowser2,RN220_HUMAN
nan|Q5VTB9|Q96ST3,nan|Q5VTB9,,Q5VTB9,Q96ST3,RNF220,SIN3A,RING,1,UbiBrowser2,30500349
nan|Q5VTR2|P62807,nan|Q5VTR2,,Q5VTR2,P62807,RNF20,H2BC4,RING,1,UbiBrowser2,16307923
nan|Q5VTR2|Q16778,nan|Q5VTR2,,Q5VTR2,Q16778,RNF20,H2BC21,RING,1,UbiBrowser2,21443952
nan|Q5VTR2|Q96A08,nan|Q5VTR2,,Q5VTR2,Q96A08,RNF20,HIST1H2BA,RING,1,UbiBrowser2,BRE1A_HUMAN
nan|Q5VTR2|Q9UQ80,nan|Q5VTR2,,Q5VTR2,Q9UQ80,RNF20,PA2G4,RING,1,UbiBrowser2,19037095
nan|Q5VU92|P03427,nan|Q5VU92,,Q5VU92,P03427,DCAF12L1,PB2,Other,1,UbiBrowser2,32265326
nan|Q5XPI4|O14641,nan|Q5XPI4,,Q5XPI4,O14641,RNF123,DVL2,RING,1,UbiBrowser2,33205477
nan|Q5XPI4|P19838,nan|Q5XPI4,,Q5XPI4,P19838,RNF123,NFKB1,RING,1,UbiBrowser2,25860612
nan|Q5XPI4|P45973,nan|Q5XPI4,,Q5XPI4,P45973,RNF123,CBX5,RING,1,UbiBrowser2,23077635
nan|Q5XPI4|P46527,nan|Q5XPI4,,Q5XPI4,P46527,RNF123,CDKN1B,RING,1,UbiBrowser2,RN123_HUMAN
nan|Q5XPI4|P83916,nan|Q5XPI4,,Q5XPI4,P83916,RNF123,CBX1,RING,1,UbiBrowser2,23077635
nan|Q5XPI4|Q16589,nan|Q5XPI4,,Q5XPI4,Q16589,RNF123,CCNG2,RING,1,UbiBrowser2,33205477
nan|Q5XUX0|O95863,nan|Q5XUX0,,Q5XUX0,O95863,FBXO31,SNAI1,F-box,1,UbiBrowser2,29117943
nan|Q5XUX0|P24385,nan|Q5XUX0,,Q5XUX0,P24385,FBXO31,CCND1,F-box,1,UbiBrowser2,FBX31_HUMAN
nan|Q5XUX0|P30279,nan|Q5XUX0,,Q5XUX0,P30279,FBXO31,CCND2,F-box,1,UbiBrowser2,21537837
nan|Q5XUX0|P52564,nan|Q5XUX0,,Q5XUX0,P52564,FBXO31,MAP2K6,F-box,1,UbiBrowser2,24936062
nan|Q5XUX0|Q00987,nan|Q5XUX0,,Q5XUX0,Q00987,FBXO31,MDM2,F-box,1,UbiBrowser2,26124108
nan|Q5XUX0|Q9H211,nan|Q5XUX0,,Q5XUX0,Q9H211,FBXO31,CDT1,F-box,1,UbiBrowser2,24828503
nan|Q5XUX0|Q9NPB6,nan|Q5XUX0,,Q5XUX0,Q9NPB6,FBXO31,PARD6A,F-box,1,UbiBrowser2,24658274
nan|Q5XX13|P45973,nan|Q5XX13,,Q5XX13,P45973,FBXW10,CBX5,F-box,1,UbiBrowser2,24658274
nan|Q63HN8|P00367,nan|Q63HN8,,Q63HN8,P00367,RNF213,GLUD1,RING,1,UbiBrowser2,34269483
nan|Q66K64|Q14498,nan|Q66K64,,Q66K64,Q14498,DCAF15,RBM39,Other,1,UbiBrowser2,31819272
nan|Q66K89|P04637,nan|Q66K89,,Q66K89,P04637,E4F1,TP53,HECT,1,UbiBrowser2,17110336
nan|Q68DV7|Q13467,nan|Q68DV7,,Q68DV7,Q13467,RNF43,FZD5,RING,1,UbiBrowser2,22895187
nan|Q68DV7|Q68DV7,nan|Q68DV7,,Q68DV7,Q68DV7,RNF43,RNF43,RING,1,UbiBrowser2,18313049
nan|Q68DV7|Q9ULX6,nan|Q68DV7,,Q68DV7,Q9ULX6,RNF43,AKAP8L,RING,1,UbiBrowser2,18313049
nan|Q693B1|Q13547,nan|Q693B1,,Q693B1,Q13547,KCTD11,HDAC1,BTB_OTHER,1,UbiBrowser2,20081843
nan|Q6JEL2|P14635,nan|Q6JEL2,,Q6JEL2,P14635,KLHL10,CCNB1,BTB_3,1,UbiBrowser2,22199232
nan|Q6P050|P35609,nan|Q6P050,,Q6P050,P35609,FBXL22,ACTN2,F-box,1,UbiBrowser2,22972877
nan|Q6P050|Q14315,nan|Q6P050,,Q6P050,Q14315,FBXL22,FLNC,F-box,1,UbiBrowser2,24658274
nan|Q6P3S6|P04637,nan|Q6P3S6,,Q6P3S6,P04637,FBXO42,TP53,F-box,1,UbiBrowser2,19509332
nan|Q6PCD5|P04637,nan|Q6PCD5,,Q6PCD5,P04637,RFWD3,TP53,RING,1,UbiBrowser2,RFWD3_HUMAN
nan|Q6PCD5|Q06609,nan|Q6PCD5,,Q6PCD5,Q06609,RFWD3,RAD51,RING,1,UbiBrowser2,33842359
nan|Q6PCT2|P43699,nan|Q6PCT2,,Q6PCT2,P43699,FBXL19,NKX2-1,F-box,1,UbiBrowser2,31238008
nan|Q6PCT2|P60953,nan|Q6PCT2,,Q6PCT2,P60953,FBXL19,CDC42,F-box,1,UbiBrowser2,29522376
nan|Q6PCT2|P61586,nan|Q6PCT2,,Q6PCT2,P61586,FBXL19,RHOA,F-box,1,UbiBrowser2,24658274
nan|Q6PCT2|P63000,nan|Q6PCT2,,Q6PCT2,P63000,FBXL19,RAC1,F-box,1,UbiBrowser2,24658274
nan|Q6PCT2|Q01638,nan|Q6PCT2,,Q6PCT2,Q01638,FBXL19,IL1RL1,F-box,1,UbiBrowser2,24658274
nan|Q6PJ21|O95863,nan|Q6PJ21,,Q6PJ21,O95863,SPSB3,SNAI1,SOCS_VHL_BC-box,1,UbiBrowser2,29059170
nan|Q6PJ69|P07355,nan|Q6PJ69,,Q6PJ69,P07355,TRIM65,ANXA2,RING,1,UbiBrowser2,30075204
nan|Q6PJ69|P19320,nan|Q6PJ69,,Q6PJ69,P19320,TRIM65,VCAM1,RING,1,UbiBrowser2,31310649
nan|Q6PJ69|Q8NDV7,nan|Q6PJ69,,Q6PJ69,Q8NDV7,TRIM65,TNRC6A,RING,1,UbiBrowser2,24778252
nan|Q6PJ69|Q9NRY4,nan|Q6PJ69,,Q6PJ69,Q9NRY4,TRIM65,ARHGAP35,RING,1,UbiBrowser2,31332286
nan|Q6Q0C0|O43474,nan|Q6Q0C0,,Q6Q0C0,O43474,TRAF7,KLF4,DWD,1,UbiBrowser2,31730901
nan|Q6Q0C0|P04637,nan|Q6Q0C0,,Q6Q0C0,P04637,TRAF7,TP53,DWD,1,UbiBrowser2,23128672
nan|Q6Q0C0|Q6Q0C0,nan|Q6Q0C0,,Q6Q0C0,Q6Q0C0,TRAF7,TRAF7,DWD,1,UbiBrowser2,14743216
nan|Q6R327|O00141,nan|Q6R327,,Q6R327,O00141,RICTOR,SGK1,RING,1,UbiBrowser2,20832730
nan|Q6TDP4|Q13002,nan|Q6TDP4,,Q6TDP4,Q13002,KLHL17,GRIK2,BTB_3,1,UbiBrowser2,KLH17_HUMAN
nan|Q6UWE0|P00519,nan|Q6UWE0,,Q6UWE0,P00519,LRSAM1,ABL1,RING,1,UbiBrowser2,32098768
nan|Q6UWE0|Q05086,nan|Q6UWE0,,Q6UWE0,Q05086,LRSAM1,UBE3A,RING,1,UbiBrowser2,33207262
nan|Q6UWE0|Q99816,nan|Q6UWE0,,Q6UWE0,Q99816,LRSAM1,TSG101,RING,1,UbiBrowser2,15256501
nan|Q6VVB1|B3EWF7,nan|Q6VVB1,,Q6VVB1,B3EWF7,NHLRC1,EPM2A,RING,1,UbiBrowser2,22199232
nan|Q6VVB1|O14641,nan|Q6VVB1,,Q6VVB1,O14641,NHLRC1,DVL2,RING,1,UbiBrowser2,22223637
nan|Q6VVB1|O95278,nan|Q6VVB1,,Q6VVB1,O95278,NHLRC1,EPM2A,RING,1,UbiBrowser2,NHLC1_HUMAN
nan|Q6VVB1|P35573,nan|Q6VVB1,,Q6VVB1,P35573,NHLRC1,AGL,RING,1,UbiBrowser2,NHLC1_HUMAN
nan|Q6VVB1|Q9UQK1,nan|Q6VVB1,,Q6VVB1,Q9UQK1,NHLRC1,PPP1R3C,RING,1,UbiBrowser2,18029386
nan|Q6X9E4|Q8N6P7,nan|Q6X9E4,,Q6X9E4,Q8N6P7,FBXW12,IL22RA1,F-box,1,UbiBrowser2,26171402
nan|Q6ZMZ0|Q9NWZ5,nan|Q6ZMZ0,,Q6ZMZ0,Q9NWZ5,RNF19B,UCKL1,RING,1,UbiBrowser2,16709802
nan|Q6ZN04|O95149,nan|Q6ZN04,,Q6ZN04,O95149,MEX3B,SNUPN,Other,1,UbiBrowser2,24326307
nan|Q6ZNA4|O15105,nan|Q6ZNA4,,Q6ZNA4,O15105,RNF111,SMAD7,RING,1,UbiBrowser2,18808420
nan|Q6ZNA4|P12755,nan|Q6ZNA4,,Q6ZNA4,P12755,RNF111,SKI,RING,1,UbiBrowser2,18950738
nan|Q6ZNA4|P12757,nan|Q6ZNA4,,Q6ZNA4,P12757,RNF111,SKIL,RING,1,UbiBrowser2,18808420
nan|Q6ZNA4|P29590,nan|Q6ZNA4,,Q6ZNA4,P29590,RNF111,PML,RING,1,UbiBrowser2,23530056
nan|Q6ZNA4|P61956,nan|Q6ZNA4,,Q6ZNA4,P61956,RNF111,SUMO2,RING,1,UbiBrowser2,23530056
nan|Q6ZNA4|P84022,nan|Q6ZNA4,,Q6ZNA4,P84022,RNF111,SMAD3,RING,1,UbiBrowser2,18950738
nan|Q6ZNA4|Q15796,nan|Q6ZNA4,,Q6ZNA4,Q15796,RNF111,SMAD2,RING,1,UbiBrowser2,18950738
nan|Q6ZNA4|Q16236,nan|Q6ZNA4,,Q6ZNA4,Q16236,RNF111,NFE2L2,RING,1,UbiBrowser2,29597191
nan|Q6ZW49|P12004,nan|Q6ZW49,,Q6ZW49,P12004,PAXIP1,PCNA,Other,1,UbiBrowser2,22199232
nan|Q75N03|P07355,nan|Q75N03,,Q75N03,P07355,CBLL1,ANXA2,RING,1,UbiBrowser2,31952268
nan|Q75N03|P12830,nan|Q75N03,,Q75N03,P12830,CBLL1,CDH1,RING,1,UbiBrowser2,19893985
nan|Q75N03|Q14247,nan|Q75N03,,Q75N03,Q14247,CBLL1,CTTN,RING,1,UbiBrowser2,22199232
nan|Q75N03|Q93070,nan|Q75N03,,Q75N03,Q93070,CBLL1,ART4,RING,1,UbiBrowser2,22199232
nan|Q76N89|O14640,nan|Q76N89,,Q76N89,O14640,HECW1,DVL1,HECT,1,UbiBrowser2,HECW1_HUMAN
nan|Q76N89|Q13485,nan|Q76N89,,Q76N89,Q13485,HECW1,SMAD4,HECT,1,UbiBrowser2,33529121
nan|Q76N89|Q15361,nan|Q76N89,,Q76N89,Q15361,HECW1,TTF1,HECT,1,UbiBrowser2,30849519
nan|Q7L5Y6#Q8NHY2|O00763,nan|Q7L5Y6#Q8NHY2,,Q7L5Y6#Q8NHY2,O00763,DET1#COP1,ACACB,Other,1,UbiBrowser2,22199232
nan|Q7L5Y6#Q8NHY2|P04637,nan|Q7L5Y6#Q8NHY2,,Q7L5Y6#Q8NHY2,P04637,DET1#COP1,TP53,Other,1,UbiBrowser2,22199232
nan|Q7L5Y6#Q8NHY2|P05412,nan|Q7L5Y6#Q8NHY2,,Q7L5Y6#Q8NHY2,P05412,DET1#COP1,JUN,Other,1,UbiBrowser2,22199232
nan|Q7L5Y6#Q8NHY2|Q12778,nan|Q7L5Y6#Q8NHY2,,Q7L5Y6#Q8NHY2,Q12778,DET1#COP1,FOXO1,Other,1,UbiBrowser2,22199232
nan|Q7L5Y6#Q8NHY2|Q13085,nan|Q7L5Y6#Q8NHY2,,Q7L5Y6#Q8NHY2,Q13085,DET1#COP1,ACACA,Other,1,UbiBrowser2,22199232
nan|Q7L5Y6#Q8NHY2|Q13330,nan|Q7L5Y6#Q8NHY2,,Q7L5Y6#Q8NHY2,Q13330,DET1#COP1,MTA1,Other,1,UbiBrowser2,22199232
nan|Q7L5Y6#Q8NHY2|Q53ET0,nan|Q7L5Y6#Q8NHY2,,Q7L5Y6#Q8NHY2,Q53ET0,DET1#COP1,CRTC2,Other,1,UbiBrowser2,22199232
nan|Q7L5Y6|O00763,nan|Q7L5Y6,,Q7L5Y6,O00763,DET1,ACACB,Other,1,UbiBrowser2,16794074
nan|Q7L5Y6|P04637,nan|Q7L5Y6,,Q7L5Y6,P04637,DET1,TP53,Other,1,UbiBrowser2,17968316
nan|Q7L5Y6|P05412,nan|Q7L5Y6,,Q7L5Y6,P05412,DET1,JUN,Other,1,UbiBrowser2,14739464
nan|Q7L5Y6|Q12778,nan|Q7L5Y6,,Q7L5Y6,Q12778,DET1,FOXO1,Other,1,UbiBrowser2,18815134
nan|Q7L5Y6|Q13085,nan|Q7L5Y6,,Q7L5Y6,Q13085,DET1,ACACA,Other,1,UbiBrowser2,16794074
nan|Q7L5Y6|Q13330,nan|Q7L5Y6,,Q7L5Y6,Q13330,DET1,MTA1,Other,1,UbiBrowser2,19805145
nan|Q7L5Y6|Q53ET0,nan|Q7L5Y6,,Q7L5Y6,Q53ET0,DET1,CRTC2,Other,1,UbiBrowser2,17805301
nan|Q7Z419|O60294,nan|Q7Z419,,Q7Z419,O60294,RNF144B,LCMT2,RING,1,UbiBrowser2,12853982
nan|Q7Z419|P06748,nan|Q7Z419,,Q7Z419,P06748,RNF144B,NPM1,RING,1,UbiBrowser2,20864535
nan|Q7Z419|P38936,nan|Q7Z419,,Q7Z419,P38936,RNF144B,CDKN1A,RING,1,UbiBrowser2,16427630
nan|Q7Z419|Q07812,nan|Q7Z419,,Q7Z419,Q07812,RNF144B,BAX,RING,1,UbiBrowser2,22199232
nan|Q7Z4K8|Q07869,nan|Q7Z4K8,,Q7Z4K8,Q07869,TRIM46,PPARA,RING,1,UbiBrowser2,32295675
nan|Q7Z569|Q7Z569,nan|Q7Z569,,Q7Z569,Q7Z569,BRAP,BRAP,RING,1,UbiBrowser2,23105109
nan|Q7Z569|Q9UNH5,nan|Q7Z569,,Q7Z569,Q9UNH5,BRAP,CDC14A,RING,1,UbiBrowser2,19152073
nan|Q7Z569|Q9Y4E8,nan|Q7Z569,,Q7Z569,Q9Y4E8,BRAP,USP15,RING,1,UbiBrowser2,23105109
nan|Q7Z6E9|P62993,nan|Q7Z6E9,,Q7Z6E9,P62993,RBBP6,GRB2,RING,1,UbiBrowser2,34348893
nan|Q7Z6E9|P67809,nan|Q7Z6E9,,Q7Z6E9,P67809,RBBP6,YBX1,RING,1,UbiBrowser2,18851979
nan|Q7Z6E9|Q8NAP3,nan|Q7Z6E9,,Q7Z6E9,Q8NAP3,RBBP6,ZBTB38,RING,1,UbiBrowser2,22199232
nan|Q7Z6J0|O14964,nan|Q7Z6J0,,Q7Z6J0,O14964,SH3RF1,HGS,RING,1,UbiBrowser2,16084064
nan|Q7Z6J0|P48048,nan|Q7Z6J0,,Q7Z6J0,P48048,SH3RF1,KCNJ1,RING,1,UbiBrowser2,19710010
nan|Q7Z6J0|P63252,nan|Q7Z6J0,,Q7Z6J0,P63252,SH3RF1,KCNJ2,RING,1,UbiBrowser2,22199232
nan|Q7Z6J0|Q15011,nan|Q7Z6J0,,Q7Z6J0,Q15011,SH3RF1,HERPUD1,RING,1,UbiBrowser2,17420289
nan|Q7Z6J0|Q7Z6J0,nan|Q7Z6J0,,Q7Z6J0,Q7Z6J0,SH3RF1,SH3RF1,RING,1,UbiBrowser2,15659549
nan|Q7Z6J0|Q8WUM4,nan|Q7Z6J0,,Q7Z6J0,Q8WUM4,SH3RF1,PDCD6IP,RING,1,UbiBrowser2,19393081
nan|Q7Z6J0|Q9UBP5,nan|Q7Z6J0,,Q7Z6J0,Q9UBP5,SH3RF1,HEY2,RING,1,UbiBrowser2,17420289
nan|Q7Z6M2|O00303,nan|Q7Z6M2,,Q7Z6M2,O00303,FBXO33,EIF3F,F-box,1,UbiBrowser2,18354498
nan|Q7Z6M2|P67809,nan|Q7Z6M2,,Q7Z6M2,P67809,FBXO33,YBX1,F-box,1,UbiBrowser2,FBX33_HUMAN
nan|Q7Z6Z7|O14757,nan|Q7Z6Z7,,Q7Z6Z7,O14757,HUWE1,CHEK1,HECT,1,UbiBrowser2,31713291
nan|Q7Z6Z7|O15294,nan|Q7Z6Z7,,Q7Z6Z7,O15294,HUWE1,OGT,HECT,1,UbiBrowser2,30858176
nan|Q7Z6Z7|O75928,nan|Q7Z6Z7,,Q7Z6Z7,O75928,HUWE1,PIAS2,HECT,1,UbiBrowser2,20624960
nan|Q7Z6Z7|P01106,nan|Q7Z6Z7,,Q7Z6Z7,P01106,HUWE1,MYC,HECT,1,UbiBrowser2,16269333
nan|Q7Z6Z7|P04198,nan|Q7Z6Z7,,Q7Z6Z7,P04198,HUWE1,MYCN,HECT,1,UbiBrowser2,22199232
nan|Q7Z6Z7|P04637,nan|Q7Z6Z7,,Q7Z6Z7,P04637,HUWE1,TP53,HECT,1,UbiBrowser2,21233842
nan|Q7Z6Z7|P06746,nan|Q7Z6Z7,,Q7Z6Z7,P06746,HUWE1,POLB,HECT,1,UbiBrowser2,22199232
nan|Q7Z6Z7|P12004,nan|Q7Z6Z7,,Q7Z6Z7,P12004,HUWE1,PCNA,HECT,1,UbiBrowser2,22203964
nan|Q7Z6Z7|P15172,nan|Q7Z6Z7,,Q7Z6Z7,P15172,HUWE1,MYOD1,HECT,1,UbiBrowser2,22277673
nan|Q7Z6Z7|P16401,nan|Q7Z6Z7,,Q7Z6Z7,P16401,HUWE1,H1-5,HECT,1,UbiBrowser2,22199232
nan|Q7Z6Z7|P20393,nan|Q7Z6Z7,,Q7Z6Z7,P20393,HUWE1,NR1D1,HECT,1,UbiBrowser2,20534529
nan|Q7Z6Z7|P33778,nan|Q7Z6Z7,,Q7Z6Z7,P33778,HUWE1,H2BC3,HECT,1,UbiBrowser2,22199232
nan|Q7Z6Z7|P37173,nan|Q7Z6Z7,,Q7Z6Z7,P37173,HUWE1,TGFBR2,HECT,1,UbiBrowser2,33405091
nan|Q7Z6Z7|P38398,nan|Q7Z6Z7,,Q7Z6Z7,P38398,HUWE1,BRCA1,HECT,1,UbiBrowser2,24472556
nan|Q7Z6Z7|P50553,nan|Q7Z6Z7,,Q7Z6Z7,P50553,HUWE1,ASCL1,HECT,1,UbiBrowser2,29545540
nan|Q7Z6Z7|P52789,nan|Q7Z6Z7,,Q7Z6Z7,P52789,HUWE1,HK2,HECT,1,UbiBrowser2,31201299
nan|Q7Z6Z7|P62805,nan|Q7Z6Z7,,Q7Z6Z7,P62805,HUWE1,H4C1,HECT,1,UbiBrowser2,22199232
nan|Q7Z6Z7|Q02539,nan|Q7Z6Z7,,Q7Z6Z7,Q02539,HUWE1,H1-1,HECT,1,UbiBrowser2,22199232
nan|Q7Z6Z7|Q07820,nan|Q7Z6Z7,,Q7Z6Z7,Q07820,HUWE1,MCL1,HECT,1,UbiBrowser2,16213503
nan|Q7Z6Z7|Q07869,nan|Q7Z6Z7,,Q7Z6Z7,Q07869,HUWE1,PPARA,HECT,1,UbiBrowser2,29331071
nan|Q7Z6Z7|Q13105,nan|Q7Z6Z7,,Q7Z6Z7,Q13105,HUWE1,ZBTB17,HECT,1,UbiBrowser2,26212014
nan|Q7Z6Z7|Q13115,nan|Q7Z6Z7,,Q7Z6Z7,Q13115,HUWE1,DUSP4,HECT,1,UbiBrowser2,34320342
nan|Q7Z6Z7|Q16777,nan|Q7Z6Z7,,Q7Z6Z7,Q16777,HUWE1,H2AC20,HECT,1,UbiBrowser2,22199232
nan|Q7Z6Z7|Q71DI3,nan|Q7Z6Z7,,Q7Z6Z7,Q71DI3,HUWE1,H3C15,HECT,1,UbiBrowser2,22199232
nan|Q7Z6Z7|Q7Z6Z7,nan|Q7Z6Z7,,Q7Z6Z7,Q7Z6Z7,HUWE1,HUWE1,HECT,1,UbiBrowser2,17580310
nan|Q7Z6Z7|Q8IUE6,nan|Q7Z6Z7,,Q7Z6Z7,Q8IUE6,HUWE1,H2AC21,HECT,1,UbiBrowser2,22199232
nan|Q7Z6Z7|Q8IZG5,nan|Q7Z6Z7,,Q7Z6Z7,Q8IZG5,HUWE1,SS18,HECT,1,UbiBrowser2,30818224
nan|Q7Z6Z7|Q92769,nan|Q7Z6Z7,,Q7Z6Z7,Q92769,HUWE1,HDAC2,HECT,1,UbiBrowser2,22016339
nan|Q7Z6Z7|Q92858,nan|Q7Z6Z7,,Q7Z6Z7,Q92858,HUWE1,ATOH1,HECT,1,UbiBrowser2,27542412
nan|Q7Z6Z7|Q96A08,nan|Q7Z6Z7,,Q7Z6Z7,Q96A08,HUWE1,H2BC1,HECT,1,UbiBrowser2,22199232
nan|Q7Z6Z7|Q99741,nan|Q7Z6Z7,,Q7Z6Z7,Q99741,HUWE1,CDC6,HECT,1,UbiBrowser2,18617514
nan|Q7Z6Z7|Q9UGP5,nan|Q7Z6Z7,,Q7Z6Z7,Q9UGP5,HUWE1,POLL,HECT,1,UbiBrowser2,22203964
nan|Q7Z6Z7|Q9UIF7,nan|Q7Z6Z7,,Q7Z6Z7,Q9UIF7,HUWE1,MUTYH,HECT,1,UbiBrowser2,24443563
nan|Q7Z6Z7|Q9UQ80,nan|Q7Z6Z7,,Q7Z6Z7,Q9UQ80,HUWE1,PA2G4,HECT,1,UbiBrowser2,22199232
nan|Q7Z6Z7|Q9Y4C1,nan|Q7Z6Z7,,Q7Z6Z7,Q9Y4C1,HUWE1,KDM3A,HECT,1,UbiBrowser2,32238799
nan|Q7Z6Z7|Q9Y4P8,nan|Q7Z6Z7,,Q7Z6Z7,Q9Y4P8,HUWE1,WIPI2,HECT,1,UbiBrowser2,30646805
nan|Q86T96|O95388,nan|Q86T96,,Q86T96,O95388,RNF180,CCN4,RING,1,UbiBrowser2,33553163
nan|Q86T96|O95409,nan|Q86T96,,Q86T96,O95409,RNF180,ZIC2,RING,1,UbiBrowser2,RN180_HUMAN
nan|Q86T96|P08134,nan|Q86T96,,Q86T96,P08134,RNF180,RHOC,RING,1,UbiBrowser2,33082325
nan|Q86T96|Q9NYY3,nan|Q86T96,,Q86T96,Q9NYY3,RNF180,PLK2,RING,1,UbiBrowser2,33482186
nan|Q86TM6|O00141,nan|Q86TM6,,Q86TM6,O00141,SYVN1,SGK1,RING,1,UbiBrowser2,16847254
nan|Q86TM6|O00327,nan|Q86TM6,,Q86TM6,O00327,SYVN1,ARNTL,RING,1,UbiBrowser2,32765757
nan|Q86TM6|O15354,nan|Q86TM6,,Q86TM6,O15354,SYVN1,GPR37,RING,1,UbiBrowser2,SYVN1_HUMAN
nan|Q86TM6|O75460,nan|Q86TM6,,Q86TM6,O75460,SYVN1,ERN1,RING,1,UbiBrowser2,18369366
nan|Q86TM6|P01009,nan|Q86TM6,,Q86TM6,P01009,SYVN1,SERPINA1,RING,1,UbiBrowser2,21199683
nan|Q86TM6|P01848,nan|Q86TM6,,Q86TM6,P01848,SYVN1,TRAC,RING,1,UbiBrowser2,29655804
nan|Q86TM6|P04035,nan|Q86TM6,,Q86TM6,P04035,SYVN1,HMGCR,RING,1,UbiBrowser2,SYVN1_HUMAN
nan|Q86TM6|P04234,nan|Q86TM6,,Q86TM6,P04234,SYVN1,CD3D,RING,1,UbiBrowser2,21199683
nan|Q86TM6|P04637,nan|Q86TM6,,Q86TM6,P04637,SYVN1,TP53,RING,1,UbiBrowser2,17828301
nan|Q86TM6|P05067,nan|Q86TM6,,Q86TM6,P05067,SYVN1,APP,RING,1,UbiBrowser2,20237263
nan|Q86TM6|P10636,nan|Q86TM6,,Q86TM6,P10636,SYVN1,MAPT,RING,1,UbiBrowser2,18301957
nan|Q86TM6|P10909,nan|Q86TM6,,Q86TM6,P10909,SYVN1,CLU,RING,1,UbiBrowser2,17451556
nan|Q86TM6|P22304,nan|Q86TM6,,Q86TM6,P22304,SYVN1,IDS,RING,1,UbiBrowser2,30042467
nan|Q86TM6|P31645,nan|Q86TM6,,Q86TM6,P31645,SYVN1,SLC6A4,RING,1,UbiBrowser2,22199232
nan|Q86TM6|P42858,nan|Q86TM6,,Q86TM6,P42858,SYVN1,HTT,RING,1,UbiBrowser2,17141218
nan|Q86TM6|P78380,nan|Q86TM6,,Q86TM6,P78380,SYVN1,OLR1,RING,1,UbiBrowser2,32308114
nan|Q86TM6|Q5T5C0,nan|Q86TM6,,Q86TM6,Q5T5C0,SYVN1,STXBP5,RING,1,UbiBrowser2,29269412
nan|Q86TM6|Q86TM6,nan|Q86TM6,,Q86TM6,Q86TM6,SYVN1,SYVN1,RING,1,UbiBrowser2,12459480
nan|Q86TM6|Q8WXF7,nan|Q86TM6,,Q86TM6,Q8WXF7,SYVN1,ATL1,RING,1,UbiBrowser2,32916628
nan|Q86TM6|Q8WZ42,nan|Q86TM6,,Q86TM6,Q8WZ42,SYVN1,TTN,RING,1,UbiBrowser2,17141218
nan|Q86TM6|Q92542,nan|Q86TM6,,Q86TM6,Q92542,SYVN1,NCSTN,RING,1,UbiBrowser2,19725872
nan|Q86TM6|Q96AJ1,nan|Q86TM6,,Q86TM6,Q96AJ1,SYVN1,CLUAP1,RING,1,UbiBrowser2,17451556
nan|Q86TM6|Q96M98,nan|Q86TM6,,Q86TM6,Q96M98,SYVN1,PACRG,RING,1,UbiBrowser2,15572843
nan|Q86TM6|Q9UKV5,nan|Q86TM6,,Q86TM6,Q9UKV5,SYVN1,AMFR,RING,1,UbiBrowser2,18216283
nan|Q86UW9|Q86UW9,nan|Q86UW9,,Q86UW9,Q86UW9,DTX2,DTX2,RING,1,UbiBrowser2,12670957
nan|Q86WB0|P14635,nan|Q86WB0,,Q86WB0,P14635,ZC3HC1,CCNB1,F-box,1,UbiBrowser2,NIPA_HUMAN
nan|Q86WC4|P08754,nan|Q86WC4,,Q86WC4,P08754,OSTM1,GNAI3,RING,1,UbiBrowser2,22199232
nan|Q86WT6|P04637,nan|Q86WT6,,Q86WT6,P04637,TRIM69,TP53,RING,1,UbiBrowser2,30844644
nan|Q86XK2|O75626,nan|Q86XK2,,Q86XK2,O75626,FBXO11,PRDM1,F-box,1,UbiBrowser2,22199232
nan|Q86XK2|O95863,nan|Q86XK2,,Q86XK2,O95863,FBXO11,SNAI1,F-box,1,UbiBrowser2,32657545
nan|Q86XK2|P04637,nan|Q86XK2,,Q86XK2,P04637,FBXO11,TP53,F-box,1,UbiBrowser2,FBX11_HUMAN
nan|Q86XK2|P41182,nan|Q86XK2,,Q86XK2,P41182,FBXO11,BCL6,F-box,1,UbiBrowser2,22113614
nan|Q86XK2|Q9NZJ0,nan|Q86XK2,,Q86XK2,Q9NZJ0,FBXO11,DTL,F-box,1,UbiBrowser2,23478441
nan|Q86XS8|Q15836,nan|Q86XS8,,Q86XS8,Q15836,RNF130,VAMP3,RING,1,UbiBrowser2,23353890
nan|Q86XT4|Q86XT4,nan|Q86XT4,,Q86XT4,Q86XT4,TRIM50,TRIM50,RING,1,UbiBrowser2,18398435
nan|Q86Y01|Q13233,nan|Q86Y01,,Q86Y01,Q13233,DTX1,MAP3K1,RING,1,UbiBrowser2,9590294
nan|Q86Y01|Q86Y01,nan|Q86Y01,,Q86Y01,Q86Y01,DTX1,DTX1,RING,1,UbiBrowser2,12670957
nan|Q86Y13|P04908,nan|Q86Y13,,Q86Y13,P04908,DZIP3,H2AC4,RING,1,UbiBrowser2,18206970
nan|Q86Y13|P54253,nan|Q86Y13,,Q86Y13,P54253,DZIP3,ATXN1,RING,1,UbiBrowser2,24326307
nan|Q86Y13|Q08AJ9,nan|Q86Y13,,Q86Y13,Q08AJ9,DZIP3,HIST1H2AB,RING,1,UbiBrowser2,18206970
nan|Q86YJ5|O60486,nan|Q86YJ5,,Q86YJ5,O60486,MARCHF9,PLXNC1,RING,1,UbiBrowser2,19457934
nan|Q86YJ5|P01730,nan|Q86YJ5,,Q86YJ5,P01730,MARCHF9,CD4,RING,1,UbiBrowser2,MARH9_HUMAN
nan|Q86YJ5|P01880,nan|Q86YJ5,,Q86YJ5,P01880,MARCHF9,IGHD,RING,1,UbiBrowser2,19457934
nan|Q86YJ5|P01909,nan|Q86YJ5,,Q86YJ5,P01909,MARCHF9,HLA-DQA1,RING,1,UbiBrowser2,19457934
nan|Q86YJ5|P01920,nan|Q86YJ5,,Q86YJ5,P01920,MARCHF9,HLA-DQB1,RING,1,UbiBrowser2,19457934
nan|Q86YJ5|P05362,nan|Q86YJ5,,Q86YJ5,P05362,MARCHF9,ICAM1,RING,1,UbiBrowser2,17174307
nan|Q86YJ5|P10586,nan|Q86YJ5,,Q86YJ5,P10586,MARCHF9,PTPRF,RING,1,UbiBrowser2,19457934
nan|Q86YJ5|P15151,nan|Q86YJ5,,Q86YJ5,P15151,MARCHF9,PVR,RING,1,UbiBrowser2,19457934
nan|Q86YJ5|P18433,nan|Q86YJ5,,Q86YJ5,P18433,MARCHF9,PTPRA,RING,1,UbiBrowser2,19457934
nan|Q86YJ5|P31994,nan|Q86YJ5,,Q86YJ5,P31994,MARCHF9,FCGR2B,RING,1,UbiBrowser2,19457934
nan|Q86YJ5|Q12913,nan|Q86YJ5,,Q86YJ5,Q12913,MARCHF9,PTPRJ,RING,1,UbiBrowser2,19457934
nan|Q86YJ5|Q13291,nan|Q86YJ5,,Q86YJ5,Q13291,MARCHF9,SLAMF1,RING,1,UbiBrowser2,19457934
nan|Q86YJ5|Q6BAA4,nan|Q86YJ5,,Q86YJ5,Q6BAA4,MARCHF9,FCRLB,RING,1,UbiBrowser2,22199232
nan|Q86YJ5|Q8NHL6,nan|Q86YJ5,,Q86YJ5,Q8NHL6,MARCHF9,LILRB1,RING,1,UbiBrowser2,19457934
nan|Q86YJ5|Q96LA5,nan|Q86YJ5,,Q86YJ5,Q96LA5,MARCHF9,FCRL2,RING,1,UbiBrowser2,19457934
nan|Q86YJ5|Q9BV40,nan|Q86YJ5,,Q86YJ5,Q9BV40,MARCHF9,VAMP8,RING,1,UbiBrowser2,19457934
nan|Q86YJ5|Q9UHN6,nan|Q86YJ5,,Q86YJ5,Q9UHN6,MARCHF9,CEMIP2,RING,1,UbiBrowser2,19457934
nan|Q86YT6|O00548,nan|Q86YT6,,Q86YT6,O00548,MIB1,DLL1,RING,1,UbiBrowser2,MIB1_HUMAN
nan|Q86YT6|O15078,nan|Q86YT6,,Q86YT6,O15078,MIB1,CEP290,RING,1,UbiBrowser2,24121310
nan|Q86YT6|P53355,nan|Q86YT6,,Q86YT6,P53355,MIB1,DAPK1,RING,1,UbiBrowser2,12351649
nan|Q86YT6|P54132,nan|Q86YT6,,Q86YT6,P54132,MIB1,BLM,RING,1,UbiBrowser2,24239288
nan|Q86YT6|P78504,nan|Q86YT6,,Q86YT6,P78504,MIB1,JAG1,RING,1,UbiBrowser2,25747658
nan|Q86YT6|Q15154,nan|Q86YT6,,Q86YT6,Q15154,MIB1,PCM1,RING,1,UbiBrowser2,24121310
nan|Q86YT6|Q16637,nan|Q86YT6,,Q86YT6,Q16637,MIB1,SMN1,RING,1,UbiBrowser2,23615451
nan|Q86YT6|Q86YT6,nan|Q86YT6,,Q86YT6,Q86YT6,MIB1,MIB1,RING,1,UbiBrowser2,12351649
nan|Q86YT6|Q9HCM4,nan|Q86YT6,,Q86YT6,Q9HCM4,MIB1,EPB41L5,RING,1,UbiBrowser2,31462741
nan|Q86YT6|Q9NR61,nan|Q86YT6,,Q86YT6,Q9NR61,MIB1,DLL4,RING,1,UbiBrowser2,MIB1_HUMAN
nan|Q86YT6|Q9NYJ7,nan|Q86YT6,,Q86YT6,Q9NYJ7,MIB1,DLL3,RING,1,UbiBrowser2,MIB1_HUMAN
nan|Q86YT6|Q9UHD2,nan|Q86YT6,,Q86YT6,Q9UHD2,MIB1,TBK1,RING,1,UbiBrowser2,21903422
nan|Q86YT6|Q9UNE0,nan|Q86YT6,,Q86YT6,Q9UNE0,MIB1,EDAR,RING,1,UbiBrowser2,20176925
nan|Q86YT6|Q9UPN4,nan|Q86YT6,,Q86YT6,Q9UPN4,MIB1,CEP131,RING,1,UbiBrowser2,24121310
nan|Q8IUD6|O95786,nan|Q8IUD6,,Q8IUD6,O95786,RNF135,DDX58,RING,1,UbiBrowser2,19017631
nan|Q8IUQ4|O00472,nan|Q8IUQ4,,Q8IUQ4,O00472,SIAH1,ELL2,RING,1,UbiBrowser2,22199232
nan|Q8IUQ4|O75525,nan|Q8IUQ4,,Q8IUQ4,O75525,SIAH1,KHDRBS3,RING,1,UbiBrowser2,15163637
nan|Q8IUQ4|P08247,nan|Q8IUQ4,,Q8IUQ4,P08247,SIAH1,SYP,RING,1,UbiBrowser2,SIAH1_HUMAN
nan|Q8IUQ4|P10242,nan|Q8IUQ4,,Q8IUQ4,P10242,SIAH1,MYB,RING,1,UbiBrowser2,SIAH1_HUMAN
nan|Q8IUQ4|P29590,nan|Q8IUQ4,,Q8IUQ4,P29590,SIAH1,PML,RING,1,UbiBrowser2,SIAH1_HUMAN
nan|Q8IUQ4|P35222,nan|Q8IUQ4,,Q8IUQ4,P35222,SIAH1,CTNNB1,RING,1,UbiBrowser2,12147676
nan|Q8IUQ4|P36888,nan|Q8IUQ4,,Q8IUQ4,P36888,SIAH1,FLT3,RING,1,UbiBrowser2,20508617
nan|Q8IUQ4|P37275,nan|Q8IUQ4,,Q8IUQ4,P37275,SIAH1,ZEB1,RING,1,UbiBrowser2,25528765
nan|Q8IUQ4|P37840,nan|Q8IUQ4,,Q8IUQ4,P37840,SIAH1,SNCA,RING,1,UbiBrowser2,18065497
nan|Q8IUQ4|P40305,nan|Q8IUQ4,,Q8IUQ4,P40305,SIAH1,IFI27,RING,1,UbiBrowser2,29024247
nan|Q8IUQ4|P41594,nan|Q8IUQ4,,Q8IUQ4,P41594,SIAH1,GRM5,RING,1,UbiBrowser2,22199232
nan|Q8IUQ4|P43146,nan|Q8IUQ4,,Q8IUQ4,P43146,SIAH1,DCC,RING,1,UbiBrowser2,9858595
nan|Q8IUQ4|P49675,nan|Q8IUQ4,,Q8IUQ4,P49675,SIAH1,STAR,RING,1,UbiBrowser2,22199232
nan|Q8IUQ4|P49757,nan|Q8IUQ4,,Q8IUQ4,P49757,SIAH1,NUMB,RING,1,UbiBrowser2,18213731
nan|Q8IUQ4|P51825,nan|Q8IUQ4,,Q8IUQ4,P51825,SIAH1,AFF1,RING,1,UbiBrowser2,15221006
nan|Q8IUQ4|P55199,nan|Q8IUQ4,,Q8IUQ4,P55199,SIAH1,ELL,RING,1,UbiBrowser2,32152128
nan|Q8IUQ4|P60903,nan|Q8IUQ4,,Q8IUQ4,P60903,SIAH1,S100A10,RING,1,UbiBrowser2,29321312
nan|Q8IUQ4|P98161,nan|Q8IUQ4,,Q8IUQ4,P98161,SIAH1,PKD1,RING,1,UbiBrowser2,15284290
nan|Q8IUQ4|P98170,nan|Q8IUQ4,,Q8IUQ4,P98170,SIAH1,XIAP,RING,1,UbiBrowser2,21185211
nan|Q8IUQ4|Q07912,nan|Q8IUQ4,,Q8IUQ4,Q07912,SIAH1,TNK2,RING,1,UbiBrowser2,23208506
nan|Q8IUQ4|Q13118,nan|Q8IUQ4,,Q8IUQ4,Q13118,SIAH1,KLF10,RING,1,UbiBrowser2,12072443
nan|Q8IUQ4|Q14807,nan|Q8IUQ4,,Q8IUQ4,Q14807,SIAH1,KIF22,RING,1,UbiBrowser2,20144232
nan|Q8IUQ4|Q15554,nan|Q8IUQ4,,Q8IUQ4,Q15554,SIAH1,TERF2,RING,1,UbiBrowser2,21057505
nan|Q8IUQ4|Q16633,nan|Q8IUQ4,,Q8IUQ4,Q16633,SIAH1,POU2AF1,RING,1,UbiBrowser2,SIAH1_HUMAN
nan|Q8IUQ4|Q16665,nan|Q8IUQ4,,Q8IUQ4,Q16665,SIAH1,HIF1A,RING,1,UbiBrowser2,17047048
nan|Q8IUQ4|Q6IE81,nan|Q8IUQ4,,Q8IUQ4,Q6IE81,SIAH1,JADE1,RING,1,UbiBrowser2,23001567
nan|Q8IUQ4|Q96KS0,nan|Q8IUQ4,,Q8IUQ4,Q96KS0,SIAH1,EGLN2,RING,1,UbiBrowser2,17047048
nan|Q8IUQ4|Q96RU7,nan|Q8IUQ4,,Q8IUQ4,Q96RU7,SIAH1,TRIB3,RING,1,UbiBrowser2,18276110
nan|Q8IUQ4|Q99708,nan|Q8IUQ4,,Q8IUQ4,Q99708,SIAH1,RBBP8,RING,1,UbiBrowser2,14654780
nan|Q8IUQ4|Q99933,nan|Q8IUQ4,,Q8IUQ4,Q99933,SIAH1,BAG1,RING,1,UbiBrowser2,22199232
nan|Q8IUQ4|Q9GZT9,nan|Q8IUQ4,,Q8IUQ4,Q9GZT9,SIAH1,EGLN1,RING,1,UbiBrowser2,22199232
nan|Q8IUQ4|Q9H2X6,nan|Q8IUQ4,,Q8IUQ4,Q9H2X6,SIAH1,HIPK2,RING,1,UbiBrowser2,19250734
nan|Q8IUQ4|Q9H6Z9,nan|Q8IUQ4,,Q8IUQ4,Q9H6Z9,SIAH1,EGLN3,RING,1,UbiBrowser2,17047048
nan|Q8IUQ4|Q9HB71,nan|Q8IUQ4,,Q8IUQ4,Q9HB71,SIAH1,CACYBP,RING,1,UbiBrowser2,20181957
nan|Q8IUQ4|Q9NWT6,nan|Q8IUQ4,,Q8IUQ4,Q9NWT6,SIAH1,HIF1AN,RING,1,UbiBrowser2,18280659
nan|Q8IUQ4|Q9P212,nan|Q8IUQ4,,Q8IUQ4,Q9P212,SIAH1,PLCE1,RING,1,UbiBrowser2,22199232
nan|Q8IUQ4|Q9UPY8,nan|Q8IUQ4,,Q8IUQ4,Q9UPY8,SIAH1,MAPRE3,RING,1,UbiBrowser2,19696028
nan|Q8IUQ4|Q9Y243,nan|Q8IUQ4,,Q8IUQ4,Q9Y243,SIAH1,AKT3,RING,1,UbiBrowser2,31471318
nan|Q8IUQ4|Q9Y6H5,nan|Q8IUQ4,,Q8IUQ4,Q9Y6H5,SIAH1,SNCAIP,RING,1,UbiBrowser2,14506261
nan|Q8IWR1|O75367,nan|Q8IWR1,,Q8IWR1,O75367,TRIM59,MACROH2A1,RING,1,UbiBrowser2,31488827
nan|Q8IWR1|P04637,nan|Q8IWR1,,Q8IWR1,P04637,TRIM59,TP53,RING,1,UbiBrowser2,33240412
nan|Q8IWR1|P35813,nan|Q8IWR1,,Q8IWR1,P35813,TRIM59,PPM1A,RING,1,UbiBrowser2,32348176
nan|Q8IWR1|P60484,nan|Q8IWR1,,Q8IWR1,P60484,TRIM59,PTEN,RING,1,UbiBrowser2,32165307
nan|Q8IWV7|P08100,nan|Q8IWV7,,Q8IWV7,P08100,UBR1,RHO,UBOX,1,UbiBrowser2,22199232
nan|Q8IWV8|P0C0S8,nan|Q8IWV8,,Q8IWV8,P0C0S8,UBR2,H2AC11,UBOX,1,UbiBrowser2,20080676
nan|Q8IWV8|Q16777,nan|Q8IWV8,,Q8IWV8,Q16777,UBR2,H2AC20,UBOX,1,UbiBrowser2,22616001
nan|Q8IX12|P04637,nan|Q8IX12,,Q8IX12,P04637,CCAR1,TP53,Other,1,UbiBrowser2,32296023
nan|Q8IXQ5|Q9H6E5,nan|Q8IXQ5,,Q8IXQ5,Q9H6E5,KLHL7,TUT1,BTB_3,1,UbiBrowser2,29032201
nan|Q8IYM9|P19838,nan|Q8IYM9,,Q8IYM9,P19838,TRIM22,NFKB1,RING,1,UbiBrowser2,32814880
nan|Q8IYM9|Q14653,nan|Q8IYM9,,Q8IYM9,Q14653,TRIM22,IRF3,RING,1,UbiBrowser2,33187908
nan|Q8IYM9|Q8IYM9,nan|Q8IYM9,,Q8IYM9,Q8IYM9,TRIM22,TRIM22,RING,1,UbiBrowser2,18656448
nan|Q8IYU2|P10276,nan|Q8IYU2,,Q8IYU2,P10276,HACE1,RARA,HECT,1,UbiBrowser2,19350571
nan|Q8IYU2|P10826,nan|Q8IYU2,,Q8IYU2,P10826,HACE1,RARB,HECT,1,UbiBrowser2,19350571
nan|Q8IYU2|P24385,nan|Q8IYU2,,Q8IYU2,P24385,HACE1,CCND1,HECT,1,UbiBrowser2,17694067
nan|Q8IYU2|P63000,nan|Q8IYU2,,Q8IYU2,P63000,HACE1,RAC1,HECT,1,UbiBrowser2,22036506
nan|Q8IYU2|Q8NBJ4,nan|Q8IYU2,,Q8IYU2,Q8NBJ4,HACE1,GOLM1,HECT,1,UbiBrowser2,21988917
nan|Q8IYU2|Q96CV9,nan|Q8IYU2,,Q8IYU2,Q96CV9,HACE1,OPTN,HECT,1,UbiBrowser2,25026213
nan|Q8IYU2|Q9Y657,nan|Q8IYU2,,Q8IYU2,Q9Y657,HACE1,SPIN1,HECT,1,UbiBrowser2,33421097
nan|Q8IYW5|O75164,nan|Q8IYW5,,Q8IYW5,O75164,RNF168,KDM4A,RING,1,UbiBrowser2,22199232
nan|Q8IYW5|O75367,nan|Q8IYW5,,Q8IYW5,O75367,RNF168,MACROH2A1,RING,1,UbiBrowser2,32424115
nan|Q8IYW5|P08134,nan|Q8IYW5,,Q8IYW5,P08134,RNF168,RHOC,RING,1,UbiBrowser2,33865221
nan|Q8IYW5|P0C0S5,nan|Q8IYW5,,Q8IYW5,P0C0S5,RNF168,H2AZ1,RING,1,UbiBrowser2,32424115
nan|Q8IYW5|P0C0S8,nan|Q8IYW5,,Q8IYW5,P0C0S8,RNF168,H2AC11,RING,1,UbiBrowser2,22199232
nan|Q8IYW5|P16104,nan|Q8IYW5,,Q8IYW5,P16104,RNF168,H2AX,RING,1,UbiBrowser2,22980979
nan|Q8IYW5|Q16777,nan|Q8IYW5,,Q8IYW5,Q16777,RNF168,H2AC20,RING,1,UbiBrowser2,19203578
nan|Q8IYW5|Q6FI13,nan|Q8IYW5,,Q8IYW5,Q6FI13,RNF168,H2AC18,RING,1,UbiBrowser2,32424115
nan|Q8IYW5|Q8IYW5,nan|Q8IYW5,,Q8IYW5,Q8IYW5,RNF168,RNF168,RING,1,UbiBrowser2,19203578
nan|Q8IYW5|Q9P0M6,nan|Q8IYW5,,Q8IYW5,Q9P0M6,RNF168,MACROH2A2,RING,1,UbiBrowser2,32424115
nan|Q8N1E6|O43623,nan|Q8N1E6,,Q8N1E6,O43623,FBXL14,SNAI2,F-box,1,UbiBrowser2,24658274
nan|Q8N1E6|O95863,nan|Q8N1E6,,Q8N1E6,O95863,FBXL14,SNAI1,F-box,1,UbiBrowser2,24658274
nan|Q8N1E6|Q15672,nan|Q8N1E6,,Q8N1E6,Q15672,FBXL14,TWIST1,F-box,1,UbiBrowser2,24658274
nan|Q8N1E6|Q16828,nan|Q8N1E6,,Q8N1E6,Q16828,FBXL14,DUSP6,F-box,1,UbiBrowser2,24658274
nan|Q8N1E6|Q9H5V8,nan|Q8N1E6,,Q8N1E6,Q9H5V8,FBXL14,CDCP1,F-box,1,UbiBrowser2,29973690
nan|Q8N2H9|O43353,nan|Q8N2H9,,Q8N2H9,O43353,PELI3,RIPK2,RING,1,UbiBrowser2,23892723
nan|Q8N2H9|P51617,nan|Q8N2H9,,Q8N2H9,P51617,PELI3,IRAK1,RING,1,UbiBrowser2,12874243
nan|Q8N2H9|Q9Y4K3,nan|Q8N2H9,,Q8N2H9,Q9Y4K3,PELI3,TRAF6,RING,1,UbiBrowser2,23042151
nan|Q8N2W9|P14921,nan|Q8N2W9,,Q8N2W9,P14921,PIAS4,ETS1,RING,1,UbiBrowser2,17456046
nan|Q8N2W9|P25490,nan|Q8N2W9,,Q8N2W9,P25490,PIAS4,YY1,RING,1,UbiBrowser2,17353273
nan|Q8N3Y1|P18065,nan|Q8N3Y1,,Q8N3Y1,P18065,FBXW8,IGFBP2,F-box,1,UbiBrowser2,24658274
nan|Q8N3Y1|P24385,nan|Q8N3Y1,,Q8N3Y1,P24385,FBXW8,CCND1,F-box,1,UbiBrowser2,17205132
nan|Q8N3Y1|P35568,nan|Q8N3Y1,,Q8N3Y1,P35568,FBXW8,IRS1,F-box,1,UbiBrowser2,24658274
nan|Q8N3Y1|Q8IZP1,nan|Q8N3Y1,,Q8N3Y1,Q8IZP1,FBXW8,TBC1D3,F-box,1,UbiBrowser2,24658274
nan|Q8N3Y1|Q92918,nan|Q8N3Y1,,Q8N3Y1,Q92918,FBXW8,MAP4K1,F-box,1,UbiBrowser2,24658274
nan|Q8N3Y1|Q9BQQ3,nan|Q8N3Y1,,Q8N3Y1,Q9BQQ3,FBXW8,GORASP1,F-box,1,UbiBrowser2,24658274
nan|Q8N448|P49757,nan|Q8N448,,Q8N448,P49757,LNX2,NUMB,RING,1,UbiBrowser2,26451611
nan|Q8N448|Q9UKL4,nan|Q8N448,,Q8N448,Q9UKL4,LNX2,GJD2,RING,1,UbiBrowser2,30295974
nan|Q8N531|P04637,nan|Q8N531,,Q8N531,P04637,FBXL6,TP53,F-box,1,UbiBrowser2,33568778
nan|Q8N5Z5|Q9BT92,nan|Q8N5Z5,,Q8N5Z5,Q9BT92,KCTD17,TCHP,Other,1,UbiBrowser2,25270598
nan|Q8N6D2|P27449,nan|Q8N6D2,,Q8N6D2,P27449,RNF182,ATP6V0C,RING,1,UbiBrowser2,18298843
nan|Q8N6D2|Q04206,nan|Q8N6D2,,Q8N6D2,Q04206,RNF182,RELA,RING,1,UbiBrowser2,31432514
nan|Q8N806|Q14558,nan|Q8N806,,Q8N806,Q14558,UBR7,PRPSAP1,UBOX,1,UbiBrowser2,33571115
nan|Q8N8N0|O95859,nan|Q8N8N0,,Q8N8N0,O95859,RNF152,TSPAN12,RING,1,UbiBrowser2,33602225
nan|Q8N8N0|Q15382,nan|Q8N8N0,,Q8N8N0,Q15382,RNF152,RHEB,RING,1,UbiBrowser2,32296023
nan|Q8N8N0|Q7L523,nan|Q8N8N0,,Q8N8N0,Q7L523,RNF152,RRAGA,RING,1,UbiBrowser2,25936802
nan|Q8N9I9|P13010,nan|Q8N9I9,,Q8N9I9,P13010,DTX3,XRCC5,RING,1,UbiBrowser2,33403043
nan|Q8N9I9|Q04721,nan|Q8N9I9,,Q8N9I9,Q04721,DTX3,NOTCH2,RING,1,UbiBrowser2,31854042
nan|Q8N9I9|Q8N9I9,nan|Q8N9I9,,Q8N9I9,Q8N9I9,DTX3,DTX3,RING,1,UbiBrowser2,12670957
nan|Q8NC42|P15056,nan|Q8NC42,,Q8NC42,P15056,RNF149,BRAF,RING,1,UbiBrowser2,22628551
nan|Q8NCQ5|P08183,nan|Q8NCQ5,,Q8NCQ5,P08183,FBXO15,ABCB1,F-box,1,UbiBrowser2,24658274
nan|Q8NCQ5|Q9UJA2,nan|Q8NCQ5,,Q8NCQ5,Q9UJA2,FBXO15,CRLS1,F-box,1,UbiBrowser2,24703837
nan|Q8ND25|P00533,nan|Q8ND25,,Q8ND25,P00533,ZNRF1,EGFR,RING,1,UbiBrowser2,33996800
nan|Q8ND25|P15104,nan|Q8ND25,,Q8ND25,P15104,ZNRF1,GLUL,RING,1,UbiBrowser2,14561866
nan|Q8ND25|P31749,nan|Q8ND25,,Q8ND25,P31749,ZNRF1,AKT1,RING,1,UbiBrowser2,14561866
nan|Q8ND25|Q03135,nan|Q8ND25,,Q8ND25,Q03135,ZNRF1,CAV1,RING,1,UbiBrowser2,28593998
nan|Q8ND25|Q8ND25,nan|Q8ND25,,Q8ND25,Q8ND25,ZNRF1,ZNRF1,RING,1,UbiBrowser2,14561866
nan|Q8NEG5|Q8NEG5,nan|Q8NEG5,,Q8NEG5,Q8NEG5,ZSWIM2,ZSWIM2,RING,1,UbiBrowser2,16522193
nan|Q8NEZ5|O14867,nan|Q8NEZ5,,Q8NEZ5,O14867,FBXO22,BACH1,F-box,1,UbiBrowser2,32793396
nan|Q8NEZ5|O43474,nan|Q8NEZ5,,Q8NEZ5,O43474,FBXO22,KLF4,F-box,1,UbiBrowser2,26087183
nan|Q8NEZ5|O60346,nan|Q8NEZ5,,Q8NEZ5,O60346,FBXO22,PHLPP1,F-box,1,UbiBrowser2,34182063
nan|Q8NEZ5|O75164,nan|Q8NEZ5,,Q8NEZ5,O75164,FBXO22,KDM4A,F-box,1,UbiBrowser2,24658274
nan|Q8NEZ5|O94953,nan|Q8NEZ5,,Q8NEZ5,O94953,FBXO22,KDM4B,F-box,1,UbiBrowser2,32793396
nan|Q8NEZ5|O95817,nan|Q8NEZ5,,Q8NEZ5,O95817,FBXO22,BAG3,F-box,1,UbiBrowser2,34215846
nan|Q8NEZ5|O95863,nan|Q8NEZ5,,Q8NEZ5,O95863,FBXO22,SNAI1,F-box,1,UbiBrowser2,32793396
nan|Q8NEZ5|P04637,nan|Q8NEZ5,,Q8NEZ5,P04637,FBXO22,TP53,F-box,1,UbiBrowser2,26868148
nan|Q8NEZ5|P35613,nan|Q8NEZ5,,Q8NEZ5,P35613,FBXO22,BSG,F-box,1,UbiBrowser2,28117675
nan|Q8NEZ5|P38936,nan|Q8NEZ5,,Q8NEZ5,P38936,FBXO22,CDKN1A,F-box,1,UbiBrowser2,30808376
nan|Q8NEZ5|P60484,nan|Q8NEZ5,,Q8NEZ5,P60484,FBXO22,PTEN,F-box,1,UbiBrowser2,32793396
nan|Q8NEZ5|Q00987,nan|Q8NEZ5,,Q8NEZ5,Q00987,FBXO22,MDM2,F-box,1,UbiBrowser2,31138683
nan|Q8NEZ5|Q15831,nan|Q8NEZ5,,Q8NEZ5,Q15831,FBXO22,STK11,F-box,1,UbiBrowser2,31217475
nan|Q8NFD5|Q8NFD5,nan|Q8NFD5,,Q8NFD5,Q8NFD5,ARID1B,ARID1B,Other,1,UbiBrowser2,20086098
nan|Q8NFZ0|P30153,nan|Q8NFZ0,,Q8NFZ0,P30153,FBXO18,RAD51,F-box,1,UbiBrowser2,25585578
nan|Q8NFZ0|P84077,nan|Q8NFZ0,,Q8NFZ0,P84077,FBH1,ARF1,Other,1,UbiBrowser2,24658274
nan|Q8NFZ0|Q06609,nan|Q8NFZ0,,Q8NFZ0,Q06609,FBH1,RAD51,Other,1,UbiBrowser2,25585578
nan|Q8NFZ0|Q8NFZ0,nan|Q8NFZ0,,Q8NFZ0,Q8NFZ0,FBXO18,FBXO18,F-box,1,UbiBrowser2,FBX18_HUMAN
nan|Q8NG06|O14576,nan|Q8NG06,,Q8NG06,O14576,TRIM58,DYNC1I1,RING,1,UbiBrowser2,25241935
nan|Q8NG06|O43237,nan|Q8NG06,,Q8NG06,O43237,TRIM58,DYNC1LI2,RING,1,UbiBrowser2,22199232
nan|Q8NG27|P32519,nan|Q8NG27,,Q8NG27,P32519,PJA1,ELF1,RING,1,UbiBrowser2,22199232
nan|Q8NG27|P84022,nan|Q8NG27,,Q8NG27,P84022,PJA1,SMAD3,RING,1,UbiBrowser2,22199232
nan|Q8NG27|Q13148,nan|Q8NG27,,Q8NG27,Q13148,PJA1,TARDBP,RING,1,UbiBrowser2,32686212
nan|Q8NG27|Q15022,nan|Q8NG27,,Q8NG27,Q15022,PJA1,SUZ12,RING,1,UbiBrowser2,21513699
nan|Q8NG27|Q15910,nan|Q8NG27,,Q8NG27,Q15910,PJA1,EZH2,RING,1,UbiBrowser2,21513699
nan|Q8NG27|Q6PJQ5,nan|Q8NG27,,Q8NG27,Q6PJQ5,PJA1,FOXR2,RING,1,UbiBrowser2,33839405
nan|Q8NG27|Q9Y5V3,nan|Q8NG27,,Q8NG27,Q9Y5V3,PJA1,MAGED1,RING,1,UbiBrowser2,PJA1_HUMAN
nan|Q8NHG8|Q8NHG8,nan|Q8NHG8,,Q8NHG8,Q8NHG8,ZNRF2,ZNRF2,RING,1,UbiBrowser2,14561866
nan|Q8NHM5|P01100,nan|Q8NHM5,,Q8NHM5,P01100,KDM2B,FOS,SINGLE_OTHER,1,UbiBrowser2,26725323
nan|Q8NHM5|Q16777,nan|Q8NHM5,,Q8NHM5,Q16777,KDM2B,H2AC20,SINGLE_OTHER,1,UbiBrowser2,24658274
nan|Q8NHY2|O00399,nan|Q8NHY2,,Q8NHY2,O00399,COP1,DCTN6,Other,1,UbiBrowser2,33968945
nan|Q8NHY2|O00763,nan|Q8NHY2,,Q8NHY2,O00763,COP1,ACACB,Other,1,UbiBrowser2,22199232
nan|Q8NHY2|P03956,nan|Q8NHY2,,Q8NHY2,P03956,COP1,MMP1,Other,1,UbiBrowser2,12615916
nan|Q8NHY2|P04637,nan|Q8NHY2,,Q8NHY2,P04637,COP1,TP53,Other,1,UbiBrowser2,15103385
nan|Q8NHY2|P05412,nan|Q8NHY2,,Q8NHY2,P05412,COP1,JUN,Other,1,UbiBrowser2,12615916
nan|Q8NHY2|P14635,nan|Q8NHY2,,Q8NHY2,P14635,RFWD2,CDKN1B,DWD,1,UbiBrowser2,26254224
nan|Q8NHY2|P21589,nan|Q8NHY2,,Q8NHY2,P21589,COP1,NT5E,Other,1,UbiBrowser2,33168024
nan|Q8NHY2|P31947,nan|Q8NHY2,,Q8NHY2,P31947,COP1,SFN,Other,1,UbiBrowser2,22199232
nan|Q8NHY2|P35222,nan|Q8NHY2,,Q8NHY2,P35222,COP1,CTNNB1,Other,1,UbiBrowser2,25311538
nan|Q8NHY2|P40763,nan|Q8NHY2,,Q8NHY2,P40763,COP1,STAT3,Other,1,UbiBrowser2,27820701
nan|Q8NHY2|P41161,nan|Q8NHY2,,Q8NHY2,P41161,COP1,ETV5,Other,1,UbiBrowser2,20062082
nan|Q8NHY2|P43268,nan|Q8NHY2,,Q8NHY2,P43268,COP1,ETV4,Other,1,UbiBrowser2,20062082
nan|Q8NHY2|P46527,nan|Q8NHY2,,Q8NHY2,P46527,COP1,CDKN1B,Other,1,UbiBrowser2,26254224
nan|Q8NHY2|P48431,nan|Q8NHY2,,Q8NHY2,P48431,COP1,SOX2,Other,1,UbiBrowser2,30405104
nan|Q8NHY2|P50549,nan|Q8NHY2,,Q8NHY2,P50549,COP1,ETV1,Other,1,UbiBrowser2,20062082
nan|Q8NHY2|P50991,nan|Q8NHY2,,Q8NHY2,P50991,COP1,CCT4,Other,1,UbiBrowser2,24298020
nan|Q8NHY2|P98177,nan|Q8NHY2,,Q8NHY2,P98177,COP1,FOXO4,Other,1,UbiBrowser2,33101846
nan|Q8NHY2|Q13085,nan|Q8NHY2,,Q8NHY2,Q13085,COP1,ACACA,Other,1,UbiBrowser2,22199232
nan|Q8NHY2|Q13330,nan|Q8NHY2,,Q8NHY2,Q13330,COP1,MTA1,Other,1,UbiBrowser2,19805145
nan|Q8NHY2|Q53ET0,nan|Q8NHY2,,Q8NHY2,Q53ET0,COP1,CRTC2,Other,1,UbiBrowser2,22199232
nan|Q8NHY2|Q6UUV9,nan|Q8NHY2,,Q8NHY2,Q6UUV9,COP1,CRTC1,Other,1,UbiBrowser2,29408765
nan|Q8NHY2|Q8NHY2,nan|Q8NHY2,,Q8NHY2,Q8NHY2,COP1,COP1,Other,1,UbiBrowser2,22199232
nan|Q8NHY2|Q96EB6,nan|Q8NHY2,,Q8NHY2,Q96EB6,COP1,SIRT1,Other,1,UbiBrowser2,31125554
nan|Q8NI29|P13473,nan|Q8NI29,,Q8NI29,P13473,FBXO27,LAMP2,F-box,1,UbiBrowser2,28743755
nan|Q8TB52|P13631,nan|Q8TB52,,Q8TB52,P13631,FBXO30,RARG,F-box,1,UbiBrowser2,31320612
nan|Q8TBB1|O60828,nan|Q8TBB1,,Q8TBB1,O60828,LNX1,PQBP1,RING,1,UbiBrowser2,22889411
nan|Q8TBB1|O76021,nan|Q8TBB1,,Q8TBB1,O76021,LNX1,RSL1D1,RING,1,UbiBrowser2,22889411
nan|Q8TBB1|P01732,nan|Q8TBB1,,Q8TBB1,P01732,LNX1,CD8A,RING,1,UbiBrowser2,22045731
nan|Q8TBB1|P12931,nan|Q8TBB1,,Q8TBB1,P12931,LNX1,SRC,RING,1,UbiBrowser2,17936276
nan|Q8TBB1|P22459,nan|Q8TBB1,,Q8TBB1,P22459,LNX1,KCNA4,RING,1,UbiBrowser2,22889411
nan|Q8TBB1|P41595,nan|Q8TBB1,,Q8TBB1,P41595,LNX1,HTR2B,RING,1,UbiBrowser2,22889411
nan|Q8TBB1|P48546,nan|Q8TBB1,,Q8TBB1,P48546,LNX1,GIPR,RING,1,UbiBrowser2,22889411
nan|Q8TBB1|P49757,nan|Q8TBB1,,Q8TBB1,P49757,LNX1,NUMB,RING,1,UbiBrowser2,14990566
nan|Q8TBB1|P56750,nan|Q8TBB1,,Q8TBB1,P56750,LNX1,CLDN17,RING,1,UbiBrowser2,22889411
nan|Q8TBB1|Q05586,nan|Q8TBB1,,Q8TBB1,Q05586,LNX1,GRIN1,RING,1,UbiBrowser2,22889411
nan|Q8TBB1|Q96BR9,nan|Q8TBB1,,Q8TBB1,Q96BR9,LNX1,ZBTB8A,RING,1,UbiBrowser2,19668196
nan|Q8TBB1|Q96KB5,nan|Q8TBB1,,Q8TBB1,Q96KB5,LNX1,PBK,RING,1,UbiBrowser2,22889411
nan|Q8TBB1|Q9UKL4,nan|Q8TBB1,,Q8TBB1,Q9UKL4,LNX1,GJD2,RING,1,UbiBrowser2,30295974
nan|Q8TBB1|Q9UMX1,nan|Q8TBB1,,Q8TBB1,Q9UMX1,LNX1,SUFU,RING,1,UbiBrowser2,33608498
nan|Q8TCJ0|O96004,nan|Q8TCJ0,,Q8TCJ0,O96004,FBXO25,HAND1,F-box,1,UbiBrowser2,24658274
nan|Q8TCJ0|P19419,nan|Q8TCJ0,,Q8TCJ0,P19419,FBXO25,ELK1,F-box,1,UbiBrowser2,23940030
nan|Q8TCJ0|P52952,nan|Q8TCJ0,,Q8TCJ0,P52952,FBXO25,NKX2-5,F-box,1,UbiBrowser2,24658274
nan|Q8TCJ0|P61371,nan|Q8TCJ0,,Q8TCJ0,P61371,FBXO25,ISL1,F-box,1,UbiBrowser2,24658274
nan|Q8TCQ1|P01730,nan|Q8TCQ1,,Q8TCQ1,P01730,MARCHF1,CD4,RING,1,UbiBrowser2,22199232
nan|Q8TCQ1|P01903,nan|Q8TCQ1,,Q8TCQ1,P01903,MARCHF1,HLA-DRA,RING,1,UbiBrowser2,MARH1_HUMAN
nan|Q8TCQ1|P01911,nan|Q8TCQ1,,Q8TCQ1,P01911,MARCHF1,HLA-DRB1,RING,1,UbiBrowser2,MARH8_HUMAN
nan|Q8TCQ1|P01912,nan|Q8TCQ1,,Q8TCQ1,P01912,MARCHF1,HLA-DRB1,RING,1,UbiBrowser2,MARH8_HUMAN
nan|Q8TCQ1|P02786,nan|Q8TCQ1,,Q8TCQ1,P02786,MARCHF1,TFRC,RING,1,UbiBrowser2,MARH1_HUMAN
nan|Q8TCQ1|P04229,nan|Q8TCQ1,,Q8TCQ1,P04229,MARCHF1,HLA-DRB1,RING,1,UbiBrowser2,2B11_HUMAN
nan|Q8TCQ1|P13760,nan|Q8TCQ1,,Q8TCQ1,P13760,MARCHF1,HLA-DRB1,RING,1,UbiBrowser2,MARH8_HUMAN
nan|Q8TCQ1|P13761,nan|Q8TCQ1,,Q8TCQ1,P13761,MARCHF1,HLA-DRB1,RING,1,UbiBrowser2,MARH8_HUMAN
nan|Q8TCQ1|P13762,nan|Q8TCQ1,,Q8TCQ1,P13762,MARCHF1,HLA-DRB4,RING,1,UbiBrowser2,MARH1_HUMAN
nan|Q8TCQ1|P20039,nan|Q8TCQ1,,Q8TCQ1,P20039,MARCHF1,HLA-DRB1,RING,1,UbiBrowser2,MARH8_HUMAN
nan|Q8TCQ1|P33076,nan|Q8TCQ1,,Q8TCQ1,P33076,MARCHF1,CIITA,RING,1,UbiBrowser2,19880452
nan|Q8TCQ1|P42081,nan|Q8TCQ1,,Q8TCQ1,P42081,MARCHF1,CD86,RING,1,UbiBrowser2,21220452
nan|Q8TCQ1|P49327,nan|Q8TCQ1,,Q8TCQ1,P49327,MARCHF1,FASN,RING,1,UbiBrowser2,MARH1_HUMAN
nan|Q8TCQ1|P79483,nan|Q8TCQ1,,Q8TCQ1,P79483,MARCHF1,HLA-DRB3,RING,1,UbiBrowser2,MARH1_HUMAN
nan|Q8TCQ1|Q29974,nan|Q8TCQ1,,Q8TCQ1,Q29974,MARCHF1,HLA-DRB1,RING,1,UbiBrowser2,MARH8_HUMAN
nan|Q8TCQ1|Q30134,nan|Q8TCQ1,,Q8TCQ1,Q30134,MARCHF1,HLA-DRB1,RING,1,UbiBrowser2,MARH8_HUMAN
nan|Q8TCQ1|Q30154,nan|Q8TCQ1,,Q8TCQ1,Q30154,MARCHF1,HLA-DRB5,RING,1,UbiBrowser2,MARH1_HUMAN
nan|Q8TCQ1|Q30167,nan|Q8TCQ1,,Q8TCQ1,Q30167,MARCHF1,HLA-DRB1,RING,1,UbiBrowser2,MARH8_HUMAN
nan|Q8TCQ1|Q5Y7A7,nan|Q8TCQ1,,Q8TCQ1,Q5Y7A7,MARCHF1,HLA-DRB1,RING,1,UbiBrowser2,MARH8_HUMAN
nan|Q8TCQ1|Q95IE3,nan|Q8TCQ1,,Q8TCQ1,Q95IE3,MARCHF1,HLA-DRB1,RING,1,UbiBrowser2,MARH8_HUMAN
nan|Q8TCQ1|Q9GIY3,nan|Q8TCQ1,,Q8TCQ1,Q9GIY3,MARCHF1,HLA-DRB1,RING,1,UbiBrowser2,MARH8_HUMAN
nan|Q8TCQ1|Q9TQE0,nan|Q8TCQ1,,Q8TCQ1,Q9TQE0,MARCHF1,HLA-DRB1,RING,1,UbiBrowser2,MARH8_HUMAN
nan|Q8TDB6|P06899,nan|Q8TDB6,,Q8TDB6,P06899,DTX3L,H2BC11,RING,1,UbiBrowser2,26479788
nan|Q8TDB6|P62805,nan|Q8TDB6,,Q8TDB6,P62805,DTX3L,H4C1,RING,1,UbiBrowser2,19818714
nan|Q8TDB6|Q13501,nan|Q8TDB6,,Q8TDB6,Q13501,DTX3L,HIST1H2BJ,RING,1,UbiBrowser2,26479788
nan|Q8TDB6|Q8TDB6,nan|Q8TDB6,,Q8TDB6,Q8TDB6,DTX3L,DTX3L,RING,1,UbiBrowser2,12670957
nan|Q8TE67|O43623,nan|Q8TE67,,Q8TE67,O43623,EPS8L3,SNAI2,Other,1,UbiBrowser2,32943576
nan|Q8TEB1|P03427,nan|Q8TEB1,,Q8TEB1,P03427,DCAF11,PB2,DWD,1,UbiBrowser2,32265326
nan|Q8TEB1|Q13263,nan|Q8TEB1,,Q8TEB1,Q13263,DCAF11,TRIM28,DWD,1,UbiBrowser2,29440432
nan|Q8TEB1|Q16236,nan|Q8TEB1,,Q8TEB1,Q16236,DCAF11,NFE2L2,DWD,1,UbiBrowser2,31586112
nan|Q8TEB1|Q17RS7,nan|Q8TEB1,,Q8TEB1,Q17RS7,DCAF11,GEN1,DWD,1,UbiBrowser2,31409866
nan|Q8TEB7|O15511,nan|Q8TEB7,,Q8TEB7,O15511,RNF128,ARPC5,RING,1,UbiBrowser2,22199232
nan|Q8TEB7|P04637,nan|Q8TEB7,,Q8TEB7,P04637,RNF128,TP53,RING,1,UbiBrowser2,31715145
nan|Q8TEB7|P16070,nan|Q8TEB7,,Q8TEB7,P16070,RNF128,CD44,RING,1,UbiBrowser2,30832692
nan|Q8TEB7|P29965,nan|Q8TEB7,,Q8TEB7,P29965,RNF128,CD40LG,RING,1,UbiBrowser2,22199232
nan|Q8TEB7|P31146,nan|Q8TEB7,,Q8TEB7,P31146,RNF128,CORO1A,RING,1,UbiBrowser2,22199232
nan|Q8TEB7|P52565,nan|Q8TEB7,,Q8TEB7,P52565,RNF128,ARHGDIA,RING,1,UbiBrowser2,17114425
nan|Q8TEB7|P52566,nan|Q8TEB7,,Q8TEB7,P52566,RNF128,ARHGDIB,RING,1,UbiBrowser2,17114425
nan|Q8TEB7|Q01151,nan|Q8TEB7,,Q8TEB7,Q01151,RNF128,CD83,RING,1,UbiBrowser2,19542455
nan|Q8TEL6|P01106,nan|Q8TEL6,,Q8TEL6,P01106,TRPC4AP,MYC,RING,1,UbiBrowser2,TP4AP_HUMAN
nan|Q8TEL6|P19838,nan|Q8TEL6,,Q8TEL6,P19838,TRPC4AP,NFKB1,RING,1,UbiBrowser2,32889079
nan|Q8WU17|O15503,nan|Q8WU17,,Q8WU17,O15503,RNF139,INSIG1,RING,1,UbiBrowser2,20068067
nan|Q8WU17|Q8WU17,nan|Q8WU17,,Q8WU17,Q8WU17,RNF139,RNF139,RING,1,UbiBrowser2,12032852
nan|Q8WV16|Q96CV9,nan|Q8WV16,,Q8WV16,Q96CV9,DCAF4,OPTN,DWD,1,UbiBrowser2,32014991
nan|Q8WV16|Q9NRC1,nan|Q8WV16,,Q8WV16,Q9NRC1,DCAF4,ST7,DWD,1,UbiBrowser2,30945288
nan|Q8WV44|O95999,nan|Q8WV44,,Q8WV44,O95999,TRIM41,BCL10,RING,1,UbiBrowser2,33640899
nan|Q8WV44|P05771,nan|Q8WV44,,Q8WV44,P05771,TRIM41,PRKCB,RING,1,UbiBrowser2,17893151
nan|Q8WV44|Q02156,nan|Q8WV44,,Q8WV44,Q02156,TRIM41,PRKCE,RING,1,UbiBrowser2,17893151
nan|Q8WV44|Q8N884,nan|Q8WV44,,Q8WV44,Q8N884,TRIM41,CGAS,RING,1,UbiBrowser2,29760876
nan|Q8WV44|Q9Y5A6,nan|Q8WV44,,Q8WV44,Q9Y5A6,TRIM41,ZSCAN21,RING,1,UbiBrowser2,30485814
nan|Q8WVD3|P13010,nan|Q8WVD3,,Q8WVD3,P13010,RNF138,XRCC5,RING,1,UbiBrowser2,22199232
nan|Q8WVD3|Q8WVD3,nan|Q8WVD3,,Q8WVD3,Q8WVD3,RNF138,RNF138,RING,1,UbiBrowser2,16714285
nan|Q8WVD3|Q99708,nan|Q8WVD3,,Q8WVD3,Q99708,RNF138,RBBP8,RING,1,UbiBrowser2,22199232
nan|Q8WVD3|Q9NQB0,nan|Q8WVD3,,Q8WVD3,Q9NQB0,RNF138,TCF7L2,RING,1,UbiBrowser2,16714285
nan|Q8WVD3|Q9UJU2,nan|Q8WVD3,,Q8WVD3,Q9UJU2,RNF138,LEF1,RING,1,UbiBrowser2,16714285
nan|Q8WXG1|P51617,nan|Q8WXG1,,Q8WXG1,P51617,RSAD2,IRAK1,Other,1,UbiBrowser2,31921110
nan|Q8WXH4|P04843,nan|Q8WXH4,,Q8WXH4,P04843,ASB11,RPN1,SOCS_VHL_BC-box,1,UbiBrowser2,24337577
nan|Q8WXH4|Q13323,nan|Q8WXH4,,Q8WXH4,Q13323,ASB11,BIK,SOCS_VHL_BC-box,1,UbiBrowser2,31387940
nan|Q8WXH5|O75553,nan|Q8WXH5,,Q8WXH5,O75553,SOCS4,DAB1,SOCS_VHL_BC-box,1,UbiBrowser2,24210661
nan|Q8WY64|P01130,nan|Q8WY64,,Q8WY64,P01130,MYLIP,LDLR,RING,1,UbiBrowser2,MYLIP_HUMAN
nan|Q8WY64|P98155,nan|Q8WY64,,Q8WY64,P98155,MYLIP,VLDLR,RING,1,UbiBrowser2,20427281
nan|Q8WY64|Q14114,nan|Q8WY64,,Q8WY64,Q14114,MYLIP,LRP8,RING,1,UbiBrowser2,20427281
nan|Q8WY64|Q8WY64,nan|Q8WY64,,Q8WY64,Q8WY64,MYLIP,MYLIP,RING,1,UbiBrowser2,MYLIP_HUMAN
nan|Q8WZ19|P61586,nan|Q8WZ19,,Q8WZ19,P61586,KCTD13,RHOA,BTB_OTHER,1,UbiBrowser2,BACD1_HUMAN
nan|Q8WZ60|P24941,nan|Q8WZ60,,Q8WZ60,P24941,KLHL6,CDK2,BTB_3,1,UbiBrowser2,29720484
nan|Q8WZ60|Q9HBD1,nan|Q8WZ60,,Q8WZ60,Q9HBD1,KLHL6,RC3H2,BTB_3,1,UbiBrowser2,29695787
nan|Q8WZ73|P04637,nan|Q8WZ73,,Q8WZ73,P04637,RFFL,TP53,RING,1,UbiBrowser2,17121812
nan|Q8WZ73|P13569,nan|Q8WZ73,,Q8WZ73,P13569,RFFL,CFTR,RING,1,UbiBrowser2,29503157
nan|Q8WZ73|P31947,nan|Q8WZ73,,Q8WZ73,P31947,RFFL,SFN,RING,1,UbiBrowser2,22199232
nan|Q8WZ73|Q13546,nan|Q8WZ73,,Q8WZ73,Q13546,RFFL,RIPK1,RING,1,UbiBrowser2,18450452
nan|Q8WZ73|Q14790,nan|Q8WZ73,,Q8WZ73,Q14790,RFFL,CASP8,RING,1,UbiBrowser2,15069192
nan|Q8WZ73|Q6MZQ0,nan|Q8WZ73,,Q8WZ73,Q6MZQ0,RFFL,PRR5L,RING,1,UbiBrowser2,22609986
nan|Q8WZ73|Q8WZ73,nan|Q8WZ73,,Q8WZ73,Q8WZ73,RFFL,RFFL,RING,1,UbiBrowser2,RFFL_HUMAN
nan|Q8WZ73|Q92851,nan|Q8WZ73,,Q8WZ73,Q92851,RFFL,CASP10,RING,1,UbiBrowser2,15069192
nan|Q92466|P0C0S8,nan|Q92466,,Q92466,P0C0S8,DDB2,H2AC11,DWD,1,UbiBrowser2,18593899
nan|Q92466|Q01831,nan|Q92466,,Q92466,Q01831,DDB2,XPC,DWD,1,UbiBrowser2,19481525
nan|Q92466|Q92466,nan|Q92466,,Q92466,Q92466,DDB2,DDB2,DWD,1,UbiBrowser2,18936169
nan|Q92466|Q96QV6,nan|Q92466,,Q92466,Q96QV6,DDB2,HIST1H2AA,DWD,1,UbiBrowser2,18593899
nan|Q92466|Q9NZJ0,nan|Q92466,,Q92466,Q9NZJ0,DDB2,DTL,DWD,1,UbiBrowser2,33557942
nan|Q92630|O14746,nan|Q92630,,Q92630,O14746,DYRK2,TERT,Other,1,UbiBrowser2,23362280
nan|Q92844|O95147,nan|Q92844,,Q92844,O95147,TANK,DUSP14,Other,1,UbiBrowser2,26521044
nan|Q92844|Q13114,nan|Q92844,,Q92844,Q13114,TANK,TRAF3,Other,1,UbiBrowser2,22199232
nan|Q92844|Q13489,nan|Q92844,,Q92844,Q13489,TANK,BIRC3,Other,1,UbiBrowser2,22199232
nan|Q92844|Q13546,nan|Q92844,,Q92844,Q13546,TANK,RIPK1,Other,1,UbiBrowser2,22199232
nan|Q92844|Q13601,nan|Q92844,,Q92844,Q13601,TANK,KRR1,Other,1,UbiBrowser2,22199232
nan|Q92844|Q14164,nan|Q92844,,Q92844,Q14164,TANK,IKBKE,Other,1,UbiBrowser2,23453969
nan|Q92844|Q15759,nan|Q92844,,Q92844,Q15759,TANK,MAPK11,Other,1,UbiBrowser2,22199232
nan|Q92844|Q8IUC6,nan|Q92844,,Q92844,Q8IUC6,TANK,TICAM1,Other,1,UbiBrowser2,20047764
nan|Q92844|Q9BVC4,nan|Q92844,,Q92844,Q9BVC4,TANK,MLST8,Other,1,UbiBrowser2,28489822
nan|Q969H0|O14965,nan|Q969H0,,Q969H0,O14965,FBXW7,AURKA,F-box,1,UbiBrowser2,16863506
nan|Q969H0|O60315,nan|Q969H0,,Q969H0,O60315,FBXW7,ZEB2,F-box,1,UbiBrowser2,30783098
nan|Q969H0|O95863,nan|Q969H0,,Q969H0,O95863,FBXW7,SNAI1,F-box,1,UbiBrowser2,30094882
nan|Q969H0|O96020,nan|Q969H0,,Q969H0,O96020,FBXW7,CCNE2,F-box,1,UbiBrowser2,19084516
nan|Q969H0|P01106,nan|Q969H0,,Q969H0,P01106,FBXW7,MYC,F-box,1,UbiBrowser2,16131838
nan|Q969H0|P02765,nan|Q969H0,,Q969H0,P02765,FBXW7,AHSG,F-box,1,UbiBrowser2,29475832
nan|Q969H0|P04150,nan|Q969H0,,Q969H0,P04150,FBXW7,NR3C1,F-box,1,UbiBrowser2,24658274
nan|Q969H0|P04198,nan|Q969H0,,Q969H0,P04198,FBXW7,MYCN,F-box,1,UbiBrowser2,19111882
nan|Q969H0|P04637,nan|Q969H0,,Q969H0,P04637,FBXW7,TP53,F-box,1,UbiBrowser2,31346036
nan|Q969H0|P05412,nan|Q969H0,,Q969H0,P05412,FBXW7,JUN,F-box,1,UbiBrowser2,18094723
nan|Q969H0|P06733,nan|Q969H0,,Q969H0,P06733,FBXW7,ENO1,F-box,1,UbiBrowser2,34335983
nan|Q969H0|P10242,nan|Q969H0,,Q969H0,P10242,FBXW7,MYB,F-box,1,UbiBrowser2,19421138
nan|Q969H0|P11388,nan|Q969H0,,Q969H0,P11388,FBXW7,TOP2A,F-box,1,UbiBrowser2,24658274
nan|Q969H0|P15056,nan|Q969H0,,Q969H0,P15056,FBXW7,BRAF,F-box,1,UbiBrowser2,24658274
nan|Q969H0|P17275,nan|Q969H0,,Q969H0,P17275,FBXW7,JUNB,F-box,1,UbiBrowser2,24658274
nan|Q969H0|P17861,nan|Q969H0,,Q969H0,P17861,FBXW7,XBP1,F-box,1,UbiBrowser2,30783083
nan|Q969H0|P17947,nan|Q969H0,,Q969H0,P17947,FBXW7,SPI1,F-box,1,UbiBrowser2,33188146
nan|Q969H0|P21359,nan|Q969H0,,Q969H0,P21359,FBXW7,NF1,F-box,1,UbiBrowser2,24658274
nan|Q969H0|P24864,nan|Q969H0,,Q969H0,P24864,FBXW7,CCNE1,F-box,1,UbiBrowser2,14648662
nan|Q969H0|P35659,nan|Q969H0,,Q969H0,P35659,FBXW7,DEK,F-box,1,UbiBrowser2,24658274
nan|Q969H0|P36956,nan|Q969H0,,Q969H0,P36956,FBXW7,SREBF1,F-box,1,UbiBrowser2,16054087
nan|Q969H0|P42345,nan|Q969H0,,Q969H0,P42345,FBXW7,MTOR,F-box,1,UbiBrowser2,18787170
nan|Q969H0|P46531,nan|Q969H0,,Q969H0,P46531,FBXW7,NOTCH1,F-box,1,UbiBrowser2,18185524
nan|Q969H0|P48436,nan|Q969H0,,Q969H0,P48436,FBXW7,SOX9,F-box,1,UbiBrowser2,27566146
nan|Q969H0|P49715,nan|Q969H0,,Q969H0,P49715,FBXW7,CEBPA,F-box,1,UbiBrowser2,24658274
nan|Q969H0|P49716,nan|Q969H0,,Q969H0,P49716,FBXW7,CEBPD,F-box,1,UbiBrowser2,24658274
nan|Q969H0|P49768,nan|Q969H0,,Q969H0,P49768,FBXW7,PSEN1,F-box,1,UbiBrowser2,12354302
nan|Q969H0|P52630,nan|Q969H0,,Q969H0,P52630,FBXW7,STAT2,F-box,1,UbiBrowser2,31843895
nan|Q969H0|P53805,nan|Q969H0,,Q969H0,P53805,FBXW7,RCAN1,F-box,1,UbiBrowser2,24658274
nan|Q969H0|Q00613,nan|Q969H0,,Q969H0,Q00613,FBXW7,HSF1,F-box,1,UbiBrowser2,30284149
nan|Q969H0|Q00653,nan|Q969H0,,Q969H0,Q00653,FBXW7,NFKB2,F-box,1,UbiBrowser2,24658274
nan|Q969H0|Q06124,nan|Q969H0,,Q969H0,Q06124,FBXW7,PTPN11,F-box,1,UbiBrowser2,34046815
nan|Q969H0|Q07820,nan|Q969H0,,Q969H0,Q07820,FBXW7,MCL1,F-box,1,UbiBrowser2,24658274
nan|Q969H0|Q12772,nan|Q969H0,,Q969H0,Q12772,FBXW7,SREBF2,F-box,1,UbiBrowser2,16054087
nan|Q969H0|Q13118,nan|Q969H0,,Q969H0,Q13118,FBXW7,KLF10,F-box,1,UbiBrowser2,29198712
nan|Q969H0|Q13490,nan|Q969H0,,Q969H0,Q13490,FBXW7,BIRC2,F-box,1,UbiBrowser2,16510124
nan|Q969H0|Q13887,nan|Q969H0,,Q969H0,Q13887,FBXW7,KLF5,F-box,1,UbiBrowser2,20484041
nan|Q969H0|Q13950,nan|Q969H0,,Q969H0,Q13950,FBXW7,RUNX2,F-box,1,UbiBrowser2,30610124
nan|Q969H0|Q14494,nan|Q969H0,,Q969H0,Q14494,FBXW7,NFE2L1,F-box,1,UbiBrowser2,24658274
nan|Q969H0|Q15233,nan|Q969H0,,Q969H0,Q15233,FBXW7,NONO,F-box,1,UbiBrowser2,29150959
nan|Q969H0|Q15583,nan|Q969H0,,Q969H0,Q15583,FBXW7,TGIF1,F-box,1,UbiBrowser2,24658274
nan|Q969H0|Q16204,nan|Q969H0,,Q969H0,Q16204,FBXW7,CCDC6,F-box,1,UbiBrowser2,25885523
nan|Q969H0|Q16656,nan|Q969H0,,Q969H0,Q16656,FBXW7,NRF1,F-box,1,UbiBrowser2,PMC4306233
nan|Q969H0|Q16665,nan|Q969H0,,Q969H0,Q16665,FBXW7,HIF1A,F-box,1,UbiBrowser2,24658274
nan|Q969H0|Q49AN0,nan|Q969H0,,Q969H0,Q49AN0,FBXW7,CRY2,F-box,1,UbiBrowser2,25855785
nan|Q969H0|Q70SY1,nan|Q969H0,,Q969H0,Q70SY1,FBXW7,CREB3L2,F-box,1,UbiBrowser2,24658274
nan|Q969H0|Q71F56,nan|Q969H0,,Q969H0,Q71F56,FBXW7,MED13L,F-box,1,UbiBrowser2,23322298
nan|Q969H0|Q8WUI4,nan|Q969H0,,Q969H0,Q8WUI4,FBXW7,HDAC7,F-box,1,UbiBrowser2,34288252
nan|Q969H0|Q96BA8,nan|Q969H0,,Q969H0,Q96BA8,FBXW7,CREB3L1,F-box,1,UbiBrowser2,24658274
nan|Q969H0|Q96GD4,nan|Q969H0,,Q969H0,Q96GD4,FBXW7,AURKB,F-box,1,UbiBrowser2,24658274
nan|Q969H0|Q99062,nan|Q969H0,,Q969H0,Q99062,FBXW7,CSF3R,F-box,1,UbiBrowser2,24658274
nan|Q969H0|Q99848,nan|Q969H0,,Q969H0,Q99848,FBXW7,EBNA1BP2,F-box,1,UbiBrowser2,21220517
nan|Q969H0|Q9H0K1,nan|Q969H0,,Q969H0,Q9H0K1,FBXW7,SIK2,F-box,1,UbiBrowser2,32437091
nan|Q969H0|Q9H1I8,nan|Q969H0,,Q969H0,Q9H1I8,FBXW7,ASCC2,F-box,1,UbiBrowser2,22388891
nan|Q969H0|Q9H3D4,nan|Q969H0,,Q969H0,Q9H3D4,FBXW7,TP63,F-box,1,UbiBrowser2,24658274
nan|Q969H0|Q9NRI5,nan|Q969H0,,Q969H0,Q9NRI5,FBXW7,DISC1,F-box,1,UbiBrowser2,28727686
nan|Q969H0|Q9UBK2,nan|Q969H0,,Q969H0,Q9UBK2,FBXW7,PPARGC1A,F-box,1,UbiBrowser2,24658274
nan|Q969H0|Q9UHV7,nan|Q969H0,,Q969H0,Q9UHV7,FBXW7,MED13,F-box,1,UbiBrowser2,23322298
nan|Q969H0|Q9UQ13,nan|Q969H0,,Q969H0,Q9UQ13,FBXW7,SHOC2,F-box,1,UbiBrowser2,30865892
nan|Q969H0|Q9Y2Y9,nan|Q969H0,,Q969H0,Q9Y2Y9,FBXW7,KLF13,F-box,1,UbiBrowser2,24658274
nan|Q969H0|Q9Y5W3,nan|Q969H0,,Q969H0,Q9Y5W3,FBXW7,KLF2,F-box,1,UbiBrowser2,23507969
nan|Q969H0|Q9Y6Q9,nan|Q969H0,,Q969H0,Q9Y6Q9,FBXW7,NCOA3,F-box,1,UbiBrowser2,24658274
nan|Q969K3|P04637,nan|Q969K3,,Q969K3,P04637,RNF34,TP53,RING,1,UbiBrowser2,17121812
nan|Q969K3|Q13546,nan|Q969K3,,Q969K3,Q13546,RNF34,RIPK1,RING,1,UbiBrowser2,22199232
nan|Q969K3|Q14790,nan|Q969K3,,Q969K3,Q14790,RNF34,CASP8,RING,1,UbiBrowser2,15069192
nan|Q969K3|Q92851,nan|Q969K3,,Q969K3,Q92851,RNF34,CASP10,RING,1,UbiBrowser2,15069192
nan|Q969K3|Q9UBK2,nan|Q969K3,,Q969K3,Q9UBK2,RNF34,PPARGC1A,RING,1,UbiBrowser2,22064484
nan|Q969K3|Q9Y239,nan|Q969K3,,Q969K3,Q9Y239,RNF34,NOD1,RING,1,UbiBrowser2,25012219
nan|Q969P5|O00303,nan|Q969P5,,Q969P5,O00303,FBXO32,EIF3F,F-box,1,UbiBrowser2,22199232
nan|Q969P5|O43474,nan|Q969P5,,Q969P5,O43474,FBXO32,KLF4,F-box,1,UbiBrowser2,28068319
nan|Q969P5|P01106,nan|Q969P5,,Q969P5,P01106,FBXO32,MYC,F-box,1,UbiBrowser2,25944903
nan|Q969P5|P15172,nan|Q969P5,,Q969P5,P15172,FBXO32,MYOD1,F-box,1,UbiBrowser2,19319192
nan|Q969P5|P15173,nan|Q969P5,,Q969P5,P15173,FBXO32,MYOG,F-box,1,UbiBrowser2,22199232
nan|Q969P5|P19429,nan|Q969P5,,Q969P5,P19429,FBXO32,TNNI3,F-box,1,UbiBrowser2,22199232
nan|Q969P5|P28562,nan|Q969P5,,Q969P5,P28562,FBXO32,DUSP1,F-box,1,UbiBrowser2,19117950
nan|Q969P5|Q12778,nan|Q969P5,,Q969P5,Q12778,FBXO32,FOXO1,F-box,1,UbiBrowser2,22199232
nan|Q969P5|Q13535,nan|Q969P5,,Q969P5,Q13535,FBXO32,ATR,F-box,1,UbiBrowser2,29805624
nan|Q969P5|Q14896,nan|Q969P5,,Q969P5,Q14896,FBXO32,MYBPC3,F-box,1,UbiBrowser2,19850579
nan|Q969P5|Q16558,nan|Q969P5,,Q969P5,Q16558,FBXO32,KCNMB1,F-box,1,UbiBrowser2,24658274
nan|Q969P5|Q9UBF9,nan|Q969P5,,Q969P5,Q9UBF9,FBXO32,MYOT,F-box,1,UbiBrowser2,15100091
nan|Q969P5|Q9Y6J0,nan|Q969P5,,Q969P5,Q9Y6J0,FBXO32,CABIN1,F-box,1,UbiBrowser2,18235241
nan|Q969Q1|P05976,nan|Q969Q1,,Q969Q1,P05976,TRIM63,MYL1,RING,1,UbiBrowser2,22199232
nan|Q969Q1|P06576,nan|Q969Q1,,Q969Q1,P06576,TRIM63,ATP5F1B,RING,1,UbiBrowser2,23695782
nan|Q969Q1|P06732,nan|Q969Q1,,Q969Q1,P06732,TRIM63,CKM,RING,1,UbiBrowser2,18222470
nan|Q969Q1|P10827,nan|Q969Q1,,Q969Q1,P10827,TRIM63,THRA,RING,1,UbiBrowser2,26862156
nan|Q969Q1|P10916,nan|Q969Q1,,Q969Q1,P10916,TRIM63,MYL2,RING,1,UbiBrowser2,22199232
nan|Q969Q1|P19237,nan|Q969Q1,,Q969Q1,P19237,TRIM63,TNNI1,RING,1,UbiBrowser2,19240029
nan|Q969Q1|P19429,nan|Q969Q1,,Q969Q1,P19429,TRIM63,TNNI3,RING,1,UbiBrowser2,15601779
nan|Q969Q1|P25963,nan|Q969Q1,,Q969Q1,P25963,TRIM63,NFKBIA,RING,1,UbiBrowser2,23535871
nan|Q969Q1|P31937,nan|Q969Q1,,Q969Q1,P31937,TRIM63,HIBADH,RING,1,UbiBrowser2,22199232
nan|Q969Q1|P55036,nan|Q969Q1,,Q969Q1,P55036,TRIM63,PSMD4,RING,1,UbiBrowser2,19240029
nan|Q969Q1|P63316,nan|Q969Q1,,Q969Q1,P63316,TRIM63,TNNC1,RING,1,UbiBrowser2,15601779
nan|Q969Q1|P68133,nan|Q969Q1,,Q969Q1,P68133,TRIM63,ACTA1,RING,1,UbiBrowser2,21764995
nan|Q969Q1|Q14324,nan|Q969Q1,,Q969Q1,Q14324,TRIM63,MYBPC2,RING,1,UbiBrowser2,17314137
nan|Q969Q1|Q14896,nan|Q969Q1,,Q969Q1,Q14896,TRIM63,MYBPC3,RING,1,UbiBrowser2,19506036
nan|Q969Q1|Q96A32,nan|Q969Q1,,Q969Q1,Q96A32,TRIM63,MYLPF,RING,1,UbiBrowser2,22199232
nan|Q969Q1|Q9Y692,nan|Q969Q1,,Q969Q1,Q9Y692,TRIM63,GMEB1,RING,1,UbiBrowser2,22199232
nan|Q969U6|P49815,nan|Q969U6,,Q969U6,P49815,FBXW5,TSC2,F-box,1,UbiBrowser2,18381890
nan|Q969U6|Q12929,nan|Q969U6,,Q969U6,Q12929,FBXW5,EPS8,F-box,1,UbiBrowser2,24658274
nan|Q969U6|Q6UVJ0,nan|Q969U6,,Q969U6,Q6UVJ0,FBXW5,SASS6,F-box,1,UbiBrowser2,21725316
nan|Q969U6|Q96QB1,nan|Q969U6,,Q969U6,Q96QB1,FBXW5,DLC1,F-box,1,UbiBrowser2,PMC4306233
nan|Q969U6|Q9Y238,nan|Q969U6,,Q969U6,Q9Y238,FBXW5,DLEC1,F-box,1,UbiBrowser2,24658274
nan|Q969V5|O00429,nan|Q969V5,,Q969V5,O00429,MUL1,DNM1L,RING,1,UbiBrowser2,19407830
nan|Q969V5|O15350,nan|Q969V5,,Q969V5,O15350,MUL1,TP73,RING,1,UbiBrowser2,26435500
nan|Q969V5|O75385,nan|Q969V5,,Q969V5,O75385,MUL1,ULK1,RING,1,UbiBrowser2,26018823
nan|Q969V5|P04637,nan|Q969V5,,Q969V5,P04637,MUL1,TP53,RING,1,UbiBrowser2,31235254
nan|Q969V5|P11021,nan|Q969V5,,Q969V5,P11021,MUL1,HSPA5,RING,1,UbiBrowser2,29260979
nan|Q969V5|P31749,nan|Q969V5,,Q969V5,P31749,MUL1,AKT1,RING,1,UbiBrowser2,22410793
nan|Q969V5|Q969V5,nan|Q969V5,,Q969V5,Q969V5,MUL1,MUL1,RING,1,UbiBrowser2,22199232
nan|Q96A61|P35813,nan|Q96A61,,Q96A61,P35813,TRIM52,PPM1A,RING,1,UbiBrowser2,29898761
nan|Q96A61|Q06124,nan|Q96A61,,Q96A61,Q06124,TRIM52,PTPN11,RING,1,UbiBrowser2,30918473
nan|Q96A61|Q12933,nan|Q96A61,,Q96A61,Q12933,TRIM52,TRAF2,RING,1,UbiBrowser2,32898524
nan|Q96AX9|O00548,nan|Q96AX9,,Q96AX9,O00548,MIB2,DLL1,RING,1,UbiBrowser2,MIB2_HUMAN
nan|Q96AX9|P47989,nan|Q96AX9,,Q96AX9,P47989,MIB2,XDH,RING,1,UbiBrowser2,15824097
nan|Q96AX9|Q9NQC7,nan|Q96AX9,,Q96AX9,Q9NQC7,MIB2,CYLD,RING,1,UbiBrowser2,25565632
nan|Q96AX9|Q9NR61,nan|Q96AX9,,Q96AX9,Q9NR61,MIB2,DLL4,RING,1,UbiBrowser2,MIB2_HUMAN
nan|Q96AX9|Q9NYJ7,nan|Q96AX9,,Q96AX9,Q9NYJ7,MIB2,DLL3,RING,1,UbiBrowser2,MIB2_HUMAN
nan|Q96AX9|Q9UHD2,nan|Q96AX9,,Q96AX9,Q9UHD2,MIB2,TBK1,RING,1,UbiBrowser2,21903422
nan|Q96AX9|Q9Y6K9,nan|Q96AX9,,Q96AX9,Q9Y6K9,MIB2,IKBKG,RING,1,UbiBrowser2,21896478
nan|Q96BH1|Q969F2,nan|Q96BH1,,Q96BH1,Q969F2,RNF25,NKD2,RING,1,UbiBrowser2,18757723
nan|Q96CA5|Q9NR28,nan|Q96CA5,,Q96CA5,Q9NR28,BIRC7,DIABLO,RING,1,UbiBrowser2,16729033
nan|Q96CS3|P21359,nan|Q96CS3,,Q96CS3,P21359,FAF2,NF1,Other,1,UbiBrowser2,20160012
nan|Q96D59|O14763,nan|Q96D59,,Q96D59,O14763,RNF183,TNFRSF10B,RING,1,UbiBrowser2,31889078
nan|Q96D59|P05026,nan|Q96D59,,Q96D59,P05026,RNF183,ATP1B1,RING,1,UbiBrowser2,31732153
nan|Q96D59|Q07817,nan|Q96D59,,Q96D59,Q07817,RNF183,BCL2L1,RING,1,UbiBrowser2,29507230
nan|Q96DX5|P12277,nan|Q96DX5,,Q96DX5,P12277,ASB9,CKB,SOCS_VHL_BC-box,1,UbiBrowser2,17148442
nan|Q96DX5|P12532,nan|Q96DX5,,Q96DX5,P12532,ASB9,CKMT1A,SOCS_VHL_BC-box,1,UbiBrowser2,20302626
nan|Q96EP0|O95786,nan|Q96EP0,,Q96EP0,O95786,RNF31,DDX58,RING,1,UbiBrowser2,21292167
nan|Q96EP0|P05771,nan|Q96EP0,,Q96EP0,P05771,RNF31,PRKCB,RING,1,UbiBrowser2,17069764
nan|Q96EP0|P17252,nan|Q96EP0,,Q96EP0,P17252,RNF31,PRKCA,RING,1,UbiBrowser2,17069764
nan|Q96EP0|P29466,nan|Q96EP0,,Q96EP0,P29466,RNF31,CASP1,RING,1,UbiBrowser2,32122970
nan|Q96EP0|P51843,nan|Q96EP0,,Q96EP0,P51843,RNF31,NR0B1,RING,1,UbiBrowser2,19237537
nan|Q96EP0|Q13077,nan|Q96EP0,,Q96EP0,Q13077,RNF31,TRAF1,RING,1,UbiBrowser2,25996949
nan|Q96EP0|Q13546,nan|Q96EP0,,Q96EP0,Q13546,RNF31,RIPK1,RING,1,UbiBrowser2,22199232
nan|Q96EP0|Q14258,nan|Q96EP0,,Q96EP0,Q14258,RNF31,TRIM25,RING,1,UbiBrowser2,21292167
nan|Q96EP0|Q9Y6K9,nan|Q96EP0,,Q96EP0,Q9Y6K9,RNF31,IKBKG,RING,1,UbiBrowser2,24469399
nan|Q96EP1|O14965,nan|Q96EP1,,Q96EP1,O14965,CHFR,AURKA,RING,1,UbiBrowser2,18335050
nan|Q96EP1|P09874,nan|Q96EP1,,Q96EP1,P09874,CHFR,PARP1,RING,1,UbiBrowser2,23268447
nan|Q96EP1|P51532,nan|Q96EP1,,Q96EP1,P51532,CHFR,SMARCA4,RING,1,UbiBrowser2,22285184
nan|Q96EP1|P53350,nan|Q96EP1,,Q96EP1,P53350,CHFR,PLK1,RING,1,UbiBrowser2,11807090
nan|Q96EP1|Q12824,nan|Q96EP1,,Q96EP1,Q12824,CHFR,SMARCB1,RING,1,UbiBrowser2,22285184
nan|Q96EP1|Q13547,nan|Q96EP1,,Q96EP1,Q13547,CHFR,HDAC1,RING,1,UbiBrowser2,CHFR_HUMAN
nan|Q96EP1|Q14527,nan|Q96EP1,,Q96EP1,Q14527,CHFR,HLTF,RING,1,UbiBrowser2,20388495
nan|Q96EP1|Q14807,nan|Q96EP1,,Q96EP1,Q14807,CHFR,KIF22,RING,1,UbiBrowser2,19321445
nan|Q96EP1|Q86WJ1,nan|Q96EP1,,Q96EP1,Q86WJ1,CHFR,CHD1L,RING,1,UbiBrowser2,31322269
nan|Q96EP1|Q96EP1,nan|Q96EP1,,Q96EP1,Q96EP1,CHFR,CHFR,RING,1,UbiBrowser2,17442268
nan|Q96EP1|Q96GM5,nan|Q96EP1,,Q96EP1,Q96GM5,CHFR,SMARCD1,RING,1,UbiBrowser2,22285184
nan|Q96EP1|Q96KB5,nan|Q96EP1,,Q96EP1,Q96KB5,CHFR,PBK,RING,1,UbiBrowser2,24012691
nan|Q96EQ8|O95786,nan|Q96EQ8,,Q96EQ8,O95786,RNF125,DDX58,RING,1,UbiBrowser2,17719635
nan|Q96EQ8|P04637,nan|Q96EQ8,,Q96EQ8,P04637,RNF125,TP53,RING,1,UbiBrowser2,22199232
nan|Q96EQ8|P23458,nan|Q96EQ8,,Q96EQ8,P23458,RNF125,JAK1,RING,1,UbiBrowser2,22199232
nan|Q96EQ8|Q7Z434,nan|Q96EQ8,,Q96EQ8,Q7Z434,RNF125,MAVS,RING,1,UbiBrowser2,22199232
nan|Q96EQ8|Q96EQ8,nan|Q96EQ8,,Q96EQ8,Q96EQ8,RNF125,RNF125,RING,1,UbiBrowser2,17990982
nan|Q96EQ8|Q96P20,nan|Q96EQ8,,Q96EQ8,Q96P20,RNF125,NLRP3,RING,1,UbiBrowser2,31999304
nan|Q96EQ8|Q9BYX4,nan|Q96EQ8,,Q96EQ8,Q9BYX4,RNF125,IFIH1,RING,1,UbiBrowser2,17460044
nan|Q96EQ8|Q9HB29,nan|Q96EQ8,,Q96EQ8,Q9HB29,RNF125,IL1RL2,RING,1,UbiBrowser2,29176319
nan|Q96EX2|P26951,nan|Q96EX2,,Q96EX2,P26951,RNFT2,IL3RA,RING,1,UbiBrowser2,31990690
nan|Q96F44|O15169,nan|Q96F44,,Q96F44,O15169,TRIM11,AXIN1,RING,1,UbiBrowser2,31786079
nan|Q96F44|O60346,nan|Q96F44,,Q96F44,O60346,TRIM11,PHLPP1,RING,1,UbiBrowser2,31719797
nan|Q96F44|P03372,nan|Q96F44,,Q96F44,P03372,TRIM11,ESR1,RING,1,UbiBrowser2,32599554
nan|Q96F44|P0CJ68,nan|Q96F44,,Q96F44,P0CJ68,TRIM11,MTRNR2L1,RING,1,UbiBrowser2,12670303
nan|Q96F44|P26367,nan|Q96F44,,Q96F44,P26367,TRIM11,PAX6,RING,1,UbiBrowser2,18628401
nan|Q96F44|P31645,nan|Q96F44,,Q96F44,P31645,TRIM11,SLC6A4,RING,1,UbiBrowser2,22199232
nan|Q96F44|P42858,nan|Q96F44,,Q96F44,P42858,TRIM11,HTT,RING,1,UbiBrowser2,18248090
nan|Q96F44|Q16828,nan|Q96F44,,Q96F44,Q16828,TRIM11,DUSP6,RING,1,UbiBrowser2,31950060
nan|Q96F44|Q96QS3,nan|Q96F44,,Q96F44,Q96QS3,TRIM11,ARX,RING,1,UbiBrowser2,18248090
nan|Q96F44|Q96RN5,nan|Q96F44,,Q96F44,Q96RN5,TRIM11,MED15,RING,1,UbiBrowser2,22199232
nan|Q96F44|Q9P219,nan|Q96F44,,Q96F44,Q9P219,TRIM11,CCDC88C,RING,1,UbiBrowser2,32382014
nan|Q96FA3|O15151,nan|Q96FA3,,Q96FA3,O15151,PELI1,MDM4,RING,1,UbiBrowser2,29523541
nan|Q96FA3|P41182,nan|Q96FA3,,Q96FA3,P41182,PELI1,BCL6,RING,1,UbiBrowser2,25295537
nan|Q96FA3|P51617,nan|Q96FA3,,Q96FA3,P51617,PELI1,IRAK1,RING,1,UbiBrowser2,16884718
nan|Q96FA3|Q13114,nan|Q96FA3,,Q96FA3,Q13114,PELI1,TRAF3,RING,1,UbiBrowser2,23603814
nan|Q96FA3|Q13546,nan|Q96FA3,,Q96FA3,Q13546,PELI1,RIPK1,RING,1,UbiBrowser2,19734906
nan|Q96FA3|Q15311,nan|Q96FA3,,Q96FA3,Q15311,PELI1,RALBP1,RING,1,UbiBrowser2,19734906
nan|Q96FA3|Q99558,nan|Q96FA3,,Q96FA3,Q99558,PELI1,MAP3K14,RING,1,UbiBrowser2,29555915
nan|Q96FA3|Q9Y572,nan|Q96FA3,,Q96FA3,Q9Y572,PELI1,RIPK3,RING,1,UbiBrowser2,30269743
nan|Q96GF1|O14641,nan|Q96GF1,,Q96GF1,O14641,RNF185,DVL2,RING,1,UbiBrowser2,24727453
nan|Q96GF1|O75915,nan|Q96GF1,,Q96GF1,O75915,RNF185,ARL6IP5,RING,1,UbiBrowser2,29481911
nan|Q96GF1|P13569,nan|Q96GF1,,Q96GF1,P13569,RNF185,CFTR,RING,1,UbiBrowser2,22199232
nan|Q96GF1|Q12981,nan|Q96GF1,,Q96GF1,Q12981,RNF185,BNIP1,RING,1,UbiBrowser2,21931693
nan|Q96GF1|Q9BRJ7,nan|Q96GF1,,Q96GF1,Q9BRJ7,RNF185,NUDT16L1,RING,1,UbiBrowser2,22199232
nan|Q96J02|F5HEZ4,nan|Q96J02,,Q96J02,F5HEZ4,ITCH,ORF71,HECT,1,UbiBrowser2,27912080
nan|Q96J02|O14641,nan|Q96J02,,Q96J02,O14641,ITCH,DVL2,HECT,1,UbiBrowser2,22826439
nan|Q96J02|O14964,nan|Q96J02,,Q96J02,O14964,ITCH,HGS,HECT,1,UbiBrowser2,22199232
nan|Q96J02|O15105,nan|Q96J02,,Q96J02,O15105,ITCH,SMAD7,HECT,1,UbiBrowser2,15946939
nan|Q96J02|O15350,nan|Q96J02,,Q96J02,O15350,ITCH,TP73,HECT,1,UbiBrowser2,18701449
nan|Q96J02|O15357,nan|Q96J02,,Q96J02,O15357,ITCH,INPPL1,HECT,1,UbiBrowser2,22199232
nan|Q96J02|O15519,nan|Q96J02,,Q96J02,O15519,ITCH,CFLAR,HECT,1,UbiBrowser2,22199232
nan|Q96J02|O43294,nan|Q96J02,,Q96J02,O43294,ITCH,TGFB1I1,HECT,1,UbiBrowser2,28612841
nan|Q96J02|O43318,nan|Q96J02,,Q96J02,O43318,ITCH,MAP3K7,HECT,1,UbiBrowser2,22199232
nan|Q96J02|O43353,nan|Q96J02,,Q96J02,O43353,ITCH,RIPK2,HECT,1,UbiBrowser2,19592251
nan|Q96J02|O60240,nan|Q96J02,,Q96J02,O60240,ITCH,PLIN1,HECT,1,UbiBrowser2,20504295
nan|Q96J02|O75581,nan|Q96J02,,Q96J02,O75581,ITCH,LRP6,HECT,1,UbiBrowser2,28966723
nan|Q96J02|O95835,nan|Q96J02,,Q96J02,O95835,ITCH,LATS1,HECT,1,UbiBrowser2,21383157
nan|Q96J02|O95999,nan|Q96J02,,Q96J02,O95999,ITCH,BCL10,HECT,1,UbiBrowser2,15082780
nan|Q96J02|P00533,nan|Q96J02,,Q96J02,P00533,ITCH,EGFR,HECT,1,UbiBrowser2,12226085
nan|Q96J02|P05412,nan|Q96J02,,Q96J02,P05412,ITCH,JUN,HECT,1,UbiBrowser2,15469925
nan|Q96J02|P05777,nan|Q96J02,,Q96J02,P05777,ITCH,M,HECT,1,UbiBrowser2,30328013
nan|Q96J02|P06241,nan|Q96J02,,Q96J02,P06241,ITCH,FYN,HECT,1,UbiBrowser2,22199232
nan|Q96J02|P08151,nan|Q96J02,,Q96J02,P08151,ITCH,GLI1,HECT,1,UbiBrowser2,20818436
nan|Q96J02|P15056,nan|Q96J02,,Q96J02,P15056,ITCH,BRAF,HECT,1,UbiBrowser2,31015455
nan|Q96J02|P16403,nan|Q96J02,,Q96J02,P16403,ITCH,H1-2,HECT,1,UbiBrowser2,30517763
nan|Q96J02|P17275,nan|Q96J02,,Q96J02,P17275,ITCH,JUNB,HECT,1,UbiBrowser2,15358865
nan|Q96J02|P17844,nan|Q96J02,,Q96J02,P17844,ITCH,DDX5,HECT,1,UbiBrowser2,16055720
nan|Q96J02|P19174,nan|Q96J02,,Q96J02,P19174,ITCH,PLCG1,HECT,1,UbiBrowser2,22199232
nan|Q96J02|P20963,nan|Q96J02,,Q96J02,P20963,ITCH,CD247,HECT,1,UbiBrowser2,20637659
nan|Q96J02|P21860,nan|Q96J02,,Q96J02,P21860,ITCH,ERBB3,HECT,1,UbiBrowser2,27203743
nan|Q96J02|P22681,nan|Q96J02,,Q96J02,P22681,ITCH,CBL,HECT,1,UbiBrowser2,19341794
nan|Q96J02|P45985,nan|Q96J02,,Q96J02,P45985,ITCH,MAP2K4,HECT,1,UbiBrowser2,19737936
nan|Q96J02|P46531,nan|Q96J02,,Q96J02,P46531,ITCH,NOTCH1,HECT,1,UbiBrowser2,19567869
nan|Q96J02|P46937,nan|Q96J02,,Q96J02,P46937,ITCH,YAP1,HECT,1,UbiBrowser2,23564455
nan|Q96J02|P55957,nan|Q96J02,,Q96J02,P55957,ITCH,BID,HECT,1,UbiBrowser2,ITCH_HUMAN
nan|Q96J02|P61073,nan|Q96J02,,Q96J02,P61073,ITCH,CXCR4,HECT,1,UbiBrowser2,19116316
nan|Q96J02|Q01860,nan|Q96J02,,Q96J02,Q01860,ITCH,POU5F1,HECT,1,UbiBrowser2,23255053
nan|Q96J02|Q12778,nan|Q96J02,,Q96J02,Q12778,ITCH,FOXO1,HECT,1,UbiBrowser2,24859451
nan|Q96J02|Q13118,nan|Q96J02,,Q96J02,Q13118,ITCH,KLF10,HECT,1,UbiBrowser2,22199232
nan|Q96J02|Q13490,nan|Q96J02,,Q96J02,Q13490,ITCH,BIRC2,HECT,1,UbiBrowser2,23109427
nan|Q96J02|Q13546,nan|Q96J02,,Q96J02,Q13546,ITCH,RIPK1,HECT,1,UbiBrowser2,22199232
nan|Q96J02|Q13571,nan|Q96J02,,Q96J02,Q13571,ITCH,LAPTM5,HECT,1,UbiBrowser2,22009753
nan|Q96J02|Q13635,nan|Q96J02,,Q96J02,Q13635,ITCH,PTCH1,HECT,1,UbiBrowser2,25092867
nan|Q96J02|Q14511,nan|Q96J02,,Q96J02,Q14511,ITCH,NEDD9,HECT,1,UbiBrowser2,15051726
nan|Q96J02|Q15303,nan|Q96J02,,Q96J02,Q15303,ITCH,ERBB4,HECT,1,UbiBrowser2,18334649
nan|Q96J02|Q15583,nan|Q96J02,,Q96J02,Q15583,ITCH,TGIF1,HECT,1,UbiBrowser2,22199232
nan|Q96J02|Q15750,nan|Q96J02,,Q96J02,Q15750,ITCH,TAB1,HECT,1,UbiBrowser2,25714464
nan|Q96J02|Q15796,nan|Q96J02,,Q96J02,Q15796,ITCH,SMAD2,HECT,1,UbiBrowser2,22199232
nan|Q96J02|Q15811,nan|Q96J02,,Q96J02,Q15811,ITCH,ITSN1,HECT,1,UbiBrowser2,29851086
nan|Q96J02|Q16621,nan|Q96J02,,Q96J02,Q16621,ITCH,NFE2,HECT,1,UbiBrowser2,18718448
nan|Q96J02|Q16625,nan|Q96J02,,Q96J02,Q16625,ITCH,OCLN,HECT,1,UbiBrowser2,15605377
nan|Q96J02|Q16630,nan|Q96J02,,Q96J02,Q16630,ITCH,CPSF6,HECT,1,UbiBrowser2,16055720
nan|Q96J02|Q16655,nan|Q96J02,,Q96J02,Q16655,ITCH,MLANA,HECT,1,UbiBrowser2,15703212
nan|Q96J02|Q3T906,nan|Q96J02,,Q96J02,Q3T906,ITCH,GNPTAB,HECT,1,UbiBrowser2,33789105
nan|Q96J02|Q4VCS5,nan|Q96J02,,Q96J02,Q4VCS5,ITCH,AMOT,HECT,1,UbiBrowser2,23564455
nan|Q96J02|Q6PJG6,nan|Q96J02,,Q96J02,Q6PJG6,ITCH,BRAT1,HECT,1,UbiBrowser2,22199232
nan|Q96J02|Q7Z434,nan|Q96J02,,Q96J02,Q7Z434,ITCH,MAVS,HECT,1,UbiBrowser2,19881509
nan|Q96J02|Q86Y01,nan|Q96J02,,Q96J02,Q86Y01,ITCH,DTX1,HECT,1,UbiBrowser2,22199232
nan|Q96J02|Q8NEA6,nan|Q96J02,,Q96J02,Q8NEA6,ITCH,GLIS3,HECT,1,UbiBrowser2,26147758
nan|Q96J02|Q8WWW0,nan|Q96J02,,Q96J02,Q8WWW0,ITCH,RASSF5,HECT,1,UbiBrowser2,23538446
nan|Q96J02|Q96J02,nan|Q96J02,,Q96J02,Q96J02,ITCH,ITCH,HECT,1,UbiBrowser2,17592138
nan|Q96J02|Q99541,nan|Q96J02,,Q96J02,Q99541,ITCH,PLIN2,HECT,1,UbiBrowser2,20504295
nan|Q96J02|Q99962,nan|Q96J02,,Q96J02,Q99962,ITCH,SH3GL2,HECT,1,UbiBrowser2,14684745
nan|Q96J02|Q9BTU6,nan|Q96J02,,Q96J02,Q9BTU6,ITCH,PI4K2A,HECT,1,UbiBrowser2,23146885
nan|Q96J02|Q9H3D4,nan|Q96J02,,Q96J02,Q9H3D4,ITCH,TP63,HECT,1,UbiBrowser2,17592138
nan|Q96J02|Q9H3M7,nan|Q96J02,,Q96J02,Q9H3M7,ITCH,TXNIP,HECT,1,UbiBrowser2,20068034
nan|Q96J02|Q9HBA0,nan|Q96J02,,Q96J02,Q9HBA0,ITCH,TRPV4,HECT,1,UbiBrowser2,20650893
nan|Q96J02|Q9UBN4,nan|Q96J02,,Q96J02,Q9UBN4,ITCH,TRPC4,HECT,1,UbiBrowser2,17110928
nan|Q96J02|Q9UM47,nan|Q96J02,,Q96J02,Q9UM47,ITCH,NOTCH3,HECT,1,UbiBrowser2,22199232
nan|Q96J02|Q9UMX1,nan|Q96J02,,Q96J02,Q9UMX1,ITCH,SUFU,HECT,1,UbiBrowser2,29515120
nan|Q96J02|Q9Y371,nan|Q96J02,,Q96J02,Q9Y371,ITCH,SH3GLB1,HECT,1,UbiBrowser2,22199232
nan|Q96J02|Q9Y5X1,nan|Q96J02,,Q96J02,Q9Y5X1,ITCH,SNX9,HECT,1,UbiBrowser2,20491914
nan|Q96JP5|P52597,nan|Q96JP5,,Q96JP5,P52597,ZFP91,HNRNPF,HECT,1,UbiBrowser2,29706618
nan|Q96JP5|Q14457,nan|Q96JP5,,Q96JP5,Q14457,ZFP91,BECN1,HECT,1,UbiBrowser2,33355624
nan|Q96JP5|Q99558,nan|Q96JP5,,Q96JP5,Q99558,ZFP91,MAP3K14,HECT,1,UbiBrowser2,20682767
nan|Q96JY6|P42224,nan|Q96JY6,,Q96JY6,P42224,PDLIM2,STAT1,SINGLE_OTHER,1,UbiBrowser2,20889505
nan|Q96JY6|Q04206,nan|Q96JY6,,Q96JY6,Q04206,PDLIM2,RELA,SINGLE_OTHER,1,UbiBrowser2,19052146
nan|Q96K19|Q14643,nan|Q96K19,,Q96K19,Q14643,RNF170,ITPR1,RING,1,UbiBrowser2,21610068
nan|Q96LD4|P04637,nan|Q96LD4,,Q96LD4,P04637,TRIM47,TP53,RING,1,UbiBrowser2,33622324
nan|Q96LD4|Q12906,nan|Q96LD4,,Q96LD4,Q12906,TRIM47,ILF3,RING,1,UbiBrowser2,34110282
nan|Q96LD4|Q13485,nan|Q96LD4,,Q96LD4,Q13485,TRIM47,SMAD4,RING,1,UbiBrowser2,30979374
nan|Q96M02|P04637,nan|Q96M02,,Q96M02,P04637,C10orf90,TP53,Other,1,UbiBrowser2,24240685
nan|Q96M94|Q15173,nan|Q96M94,,Q96M94,Q15173,KLHL15,PPP2R5B,SINGLE_OTHER,1,UbiBrowser2,23135275
nan|Q96M94|Q99708,nan|Q96M94,,Q96M94,Q99708,KLHL15,RBBP8,SINGLE_OTHER,1,UbiBrowser2,27561354
nan|Q96ME1|Q9UJT9,nan|Q96ME1,,Q96ME1,Q9UJT9,FBXL18,FBXL7,F-box,1,UbiBrowser2,25654763
nan|Q96MT1|P04035,nan|Q96MT1,,Q96MT1,P04035,RNF145,HMGCR,RING,1,UbiBrowser2,30543180
nan|Q96PM5|O14579,nan|Q96PM5,,Q96PM5,O14579,RCHY1,COPE,RING,1,UbiBrowser2,17721809
nan|Q96PM5|O15350,nan|Q96PM5,,Q96PM5,O15350,RCHY1,TP73,RING,1,UbiBrowser2,21994467
nan|Q96PM5|O75417,nan|Q96PM5,,Q96PM5,O75417,RCHY1,POLQ,RING,1,UbiBrowser2,21791603
nan|Q96PM5|O96017,nan|Q96PM5,,Q96PM5,O96017,RCHY1,CHEK2,RING,1,UbiBrowser2,23449389
nan|Q96PM5|P04637,nan|Q96PM5,,Q96PM5,P04637,RCHY1,TP53,RING,1,UbiBrowser2,19895323
nan|Q96PM5|P46527,nan|Q96PM5,,Q96PM5,P46527,RCHY1,CDKN1B,RING,1,UbiBrowser2,21236467
nan|Q96PM5|P49458,nan|Q96PM5,,Q96PM5,P49458,RCHY1,SRP9,RING,1,UbiBrowser2,22199232
nan|Q96PM5|Q13547,nan|Q96PM5,,Q96PM5,Q13547,RCHY1,HDAC1,RING,1,UbiBrowser2,18344599
nan|Q96PM5|Q15717,nan|Q96PM5,,Q96PM5,Q15717,RCHY1,ELAVL1,RING,1,UbiBrowser2,34091597
nan|Q96PM5|Q5T7V8,nan|Q96PM5,,Q96PM5,Q5T7V8,RCHY1,GORAB,RING,1,UbiBrowser2,20598683
nan|Q96PM5|Q96J02,nan|Q96PM5,,Q96PM5,Q96J02,RCHY1,ITCH,RING,1,UbiBrowser2,33569599
nan|Q96PM5|Q9H3D4,nan|Q96PM5,,Q96PM5,Q9H3D4,RCHY1,TP63,RING,1,UbiBrowser2,23235527
nan|Q96PM5|Q9Y253,nan|Q96PM5,,Q96PM5,Q9Y253,RCHY1,POLH,RING,1,UbiBrowser2,22199232
nan|Q96PM5|Q9Y5M8,nan|Q96PM5,,Q96PM5,Q9Y5M8,RCHY1,SRPRB,RING,1,UbiBrowser2,18344599
nan|Q96PU4|P24385,nan|Q96PU4,,Q96PU4,P24385,UHRF2,CCND1,RING,1,UbiBrowser2,21952639
nan|Q96PU4|P24864,nan|Q96PU4,,Q96PU4,P24864,UHRF2,CCNE1,RING,1,UbiBrowser2,21952639
nan|Q96PU4|P38936,nan|Q96PU4,,Q96PU4,P38936,UHRF2,CDKN1A,RING,1,UbiBrowser2,29923055
nan|Q96PU4|Q71DI3,nan|Q96PU4,,Q96PU4,Q71DI3,UHRF2,H3C14,Other,1,UbiBrowser2,29506131
nan|Q96PU4|Q8WW12,nan|Q96PU4,,Q96PU4,Q8WW12,UHRF2,PCNP,RING,1,UbiBrowser2,14741369
nan|Q96PU5|O00141,nan|Q96PU5,,Q96PU5,O00141,NEDD4L,SGK1,HECT,1,UbiBrowser2,18094676
nan|Q96PU5|O00213,nan|Q96PU5,,Q96PU5,O00213,NEDD4L,APBB1,HECT,1,UbiBrowser2,22199232
nan|Q96PU5|O14641,nan|Q96PU5,,Q96PU5,O14641,NEDD4L,DVL2,HECT,1,UbiBrowser2,31867777
nan|Q96PU5|O14964,nan|Q96PU5,,Q96PU5,O14964,NEDD4L,HGS,HECT,1,UbiBrowser2,20675381
nan|Q96PU5|O15527,nan|Q96PU5,,Q96PU5,O15527,NEDD4L,OGG1,HECT,1,UbiBrowser2,33282879
nan|Q96PU5|O75473,nan|Q96PU5,,Q96PU5,O75473,NEDD4L,LGR5,HECT,1,UbiBrowser2,31867777
nan|Q96PU5|O76090,nan|Q96PU5,,Q96PU5,O76090,NEDD4L,BEST1,HECT,1,UbiBrowser2,31036321
nan|Q96PU5|P04629,nan|Q96PU5,,Q96PU5,P04629,NEDD4L,NTRK1,HECT,1,UbiBrowser2,16701206
nan|Q96PU5|P04637,nan|Q96PU5,,Q96PU5,P04637,NEDD4L,TP53,HECT,1,UbiBrowser2,29323264
nan|Q96PU5|P11686,nan|Q96PU5,,Q96PU5,P11686,NEDD4L,SFTPC,HECT,1,UbiBrowser2,19423771
nan|Q96PU5|P22001,nan|Q96PU5,,Q96PU5,P22001,NEDD4L,KCNA3,HECT,1,UbiBrowser2,22199232
nan|Q96PU5|P31749,nan|Q96PU5,,Q96PU5,P31749,NEDD4L,AKT1,HECT,1,UbiBrowser2,32322280
nan|Q96PU5|P33527,nan|Q96PU5,,Q96PU5,P33527,NEDD4L,ABCC1,HECT,1,UbiBrowser2,32140187
nan|Q96PU5|P35240,nan|Q96PU5,,Q96PU5,P35240,NEDD4L,NF2,HECT,1,UbiBrowser2,33058421
nan|Q96PU5|P36897,nan|Q96PU5,,Q96PU5,P36897,NEDD4L,TGFBR1,HECT,1,UbiBrowser2,15817471
nan|Q96PU5|P37088,nan|Q96PU5,,Q96PU5,P37088,NEDD4L,SCNN1A,HECT,1,UbiBrowser2,18322022
nan|Q96PU5|P37173,nan|Q96PU5,,Q96PU5,P37173,NEDD4L,TGFBR2,HECT,1,UbiBrowser2,15817471
nan|Q96PU5|P40189,nan|Q96PU5,,Q96PU5,P40189,NEDD4L,IL6ST,HECT,1,UbiBrowser2,33769697
nan|Q96PU5|P43003,nan|Q96PU5,,Q96PU5,P43003,NEDD4L,SLC1A3,HECT,1,UbiBrowser2,22199232
nan|Q96PU5|P49281,nan|Q96PU5,,Q96PU5,P49281,NEDD4L,SLC11A2,HECT,1,UbiBrowser2,19706893
nan|Q96PU5|P51168,nan|Q96PU5,,Q96PU5,P51168,NEDD4L,SCNN1B,HECT,1,UbiBrowser2,17502380
nan|Q96PU5|P51170,nan|Q96PU5,,Q96PU5,P51170,NEDD4L,SCNN1G,HECT,1,UbiBrowser2,14556380
nan|Q96PU5|P51795,nan|Q96PU5,,Q96PU5,P51795,NEDD4L,CLCN5,HECT,1,UbiBrowser2,NED4L_HUMAN
nan|Q96PU5|P53805,nan|Q96PU5,,Q96PU5,P53805,NEDD4L,RCAN1,HECT,1,UbiBrowser2,22426484
nan|Q96PU5|P62745,nan|Q96PU5,,Q96PU5,P62745,NEDD4L,RHOB,HECT,1,UbiBrowser2,26949039
nan|Q96PU5|P84022,nan|Q96PU5,,Q96PU5,P84022,NEDD4L,SMAD3,HECT,1,UbiBrowser2,19917253
nan|Q96PU5|Q01813,nan|Q96PU5,,Q96PU5,Q01813,NEDD4L,PFKP,HECT,1,UbiBrowser2,32679544
nan|Q96PU5|Q01959,nan|Q96PU5,,Q96PU5,Q01959,NEDD4L,SLC6A3,HECT,1,UbiBrowser2,20051513
nan|Q96PU5|Q07912,nan|Q96PU5,,Q96PU5,Q07912,NEDD4L,TNK2,HECT,1,UbiBrowser2,19144635
nan|Q96PU5|Q12809,nan|Q96PU5,,Q96PU5,Q12809,NEDD4L,KCNH2,HECT,1,UbiBrowser2,21463633
nan|Q96PU5|Q13114,nan|Q96PU5,,Q96PU5,Q13114,NEDD4L,TRAF3,HECT,1,UbiBrowser2,33608556
nan|Q96PU5|Q14524,nan|Q96PU5,,Q96PU5,Q14524,NEDD4L,SCN5A,HECT,1,UbiBrowser2,NED4L_HUMAN
nan|Q96PU5|Q15796,nan|Q96PU5,,Q96PU5,Q15796,NEDD4L,SMAD2,HECT,1,UbiBrowser2,19917253
nan|Q96PU5|Q15858,nan|Q96PU5,,Q96PU5,Q15858,NEDD4L,SCN9A,HECT,1,UbiBrowser2,NED4L_HUMAN
nan|Q96PU5|Q16620,nan|Q96PU5,,Q96PU5,Q16620,NEDD4L,NTRK2,HECT,1,UbiBrowser2,16701206
nan|Q96PU5|Q16625,nan|Q96PU5,,Q96PU5,Q16625,NEDD4L,OCLN,HECT,1,UbiBrowser2,20504882
nan|Q96PU5|Q4VCS5,nan|Q96PU5,,Q96PU5,Q4VCS5,NEDD4L,AMOT,HECT,1,UbiBrowser2,22385262
nan|Q96PU5|Q6PJG6,nan|Q96PU5,,Q96PU5,Q6PJG6,NEDD4L,BRAT1,HECT,1,UbiBrowser2,22199232
nan|Q96PU5|Q6UUV7,nan|Q96PU5,,Q96PU5,Q6UUV7,NEDD4L,CRTC3,HECT,1,UbiBrowser2,29505301
nan|Q96PU5|Q8TCC7,nan|Q96PU5,,Q96PU5,Q8TCC7,NEDD4L,SLC22A8,HECT,1,UbiBrowser2,29487013
nan|Q96PU5|Q8TDR2,nan|Q96PU5,,Q96PU5,Q8TDR2,NEDD4L,STK35,HECT,1,UbiBrowser2,33117809
nan|Q96PU5|Q8WXF1,nan|Q96PU5,,Q96PU5,Q8WXF1,NEDD4L,PSPC1,HECT,1,UbiBrowser2,22199232
nan|Q96PU5|Q96D31,nan|Q96PU5,,Q96PU5,Q96D31,NEDD4L,ORAI1,HECT,1,UbiBrowser2,22682960
nan|Q96PU5|Q96PU5,nan|Q96PU5,,Q96PU5,Q96PU5,NEDD4L,NEDD4L,HECT,1,UbiBrowser2,18498246
nan|Q96PU5|Q96QD8,nan|Q96PU5,,Q96PU5,Q96QD8,NEDD4L,SLC38A2,HECT,1,UbiBrowser2,17003038
nan|Q96PU5|Q99250,nan|Q96PU5,,Q96PU5,Q99250,NEDD4L,SCN2A,HECT,1,UbiBrowser2,NED4L_HUMAN
nan|Q96PU5|Q99816,nan|Q96PU5,,Q96PU5,Q99816,NEDD4L,TSG101,HECT,1,UbiBrowser2,18321968
nan|Q96PU5|Q9BSA4,nan|Q96PU5,,Q96PU5,Q9BSA4,NEDD4L,TTYH2,HECT,1,UbiBrowser2,18577513
nan|Q96PU5|Q9BXB1,nan|Q96PU5,,Q96PU5,Q9BXB1,NEDD4L,LGR4,HECT,1,UbiBrowser2,31867777
nan|Q96PU5|Q9H1D0,nan|Q96PU5,,Q96PU5,Q9H1D0,NEDD4L,TRPV6,HECT,1,UbiBrowser2,20843805
nan|Q96PU5|Q9H3D4,nan|Q96PU5,,Q96PU5,Q9H3D4,NEDD4L,TP63,HECT,1,UbiBrowser2,16908849
nan|Q96PU5|Q9NRA0,nan|Q96PU5,,Q96PU5,Q9NRA0,NEDD4L,SPHK2,HECT,1,UbiBrowser2,34305532
nan|Q96PU5|Q9NV92,nan|Q96PU5,,Q96PU5,Q9NV92,NEDD4L,NDFIP2,HECT,1,UbiBrowser2,15252135
nan|Q96PU5|Q9NY46,nan|Q96PU5,,Q96PU5,Q9NY46,NEDD4L,SCN3A,HECT,1,UbiBrowser2,NED4L_HUMAN
nan|Q96PU5|Q9P2K8,nan|Q96PU5,,Q96PU5,Q9P2K8,NEDD4L,EIF2AK4,HECT,1,UbiBrowser2,25589675
nan|Q96PU5|Q9UQD0,nan|Q96PU5,,Q96PU5,Q9UQD0,NEDD4L,SCN8A,HECT,1,UbiBrowser2,NED4L_HUMAN
nan|Q96PU5|Q9Y5Y9,nan|Q96PU5,,Q96PU5,Q9Y5Y9,NEDD4L,SCN10A,HECT,1,UbiBrowser2,NED4L_HUMAN
nan|Q96Q27|O75369,nan|Q96Q27,,Q96Q27,O75369,ASB2,FLNB,SOCS_VHL_BC-box,1,UbiBrowser2,19300455
nan|Q96Q27|P21333,nan|Q96Q27,,Q96Q27,P21333,ASB2,FLNA,SOCS_VHL_BC-box,1,UbiBrowser2,18799729
nan|Q96RU7|Q07869,nan|Q96RU7,,Q96RU7,Q07869,TRIB3,PPARA,Other,1,UbiBrowser2,32621919
nan|Q96S21|P63244,nan|Q96S21,,Q96S21,P63244,RAB40C,RACK1,SOCS_VHL_BC-box,1,UbiBrowser2,30112187
nan|Q96SW2|P10636,nan|Q96SW2,,Q96SW2,P10636,CRBN,MAPT,SINGLE_OTHER,1,UbiBrowser2,30907729
nan|Q96SW2|Q13422,nan|Q96SW2,,Q96SW2,Q13422,CRBN,IKZF1,SINGLE_OTHER,1,UbiBrowser2,24292625
nan|Q96SW2|Q96SW2,nan|Q96SW2,,Q96SW2,Q96SW2,CRBN,CRBN,SINGLE_OTHER,1,UbiBrowser2,30836149:31157769
nan|Q96SW2|Q9H3D4,nan|Q96SW2,,Q96SW2,Q9H3D4,CRBN,TP63,SINGLE_OTHER,1,UbiBrowser2,31591562
nan|Q96SW2|Q9UJQ4,nan|Q96SW2,,Q96SW2,Q9UJQ4,CRBN,SALL4,SINGLE_OTHER,1,UbiBrowser2,32071327
nan|Q96SW2|Q9UKT9,nan|Q96SW2,,Q96SW2,Q9UKT9,CRBN,IKZF3,SINGLE_OTHER,1,UbiBrowser2,29496670
nan|Q96T88|P04637,nan|Q96T88,,Q96T88,P04637,UHRF1,TP53,RING,1,UbiBrowser2,26102039
nan|Q96T88|P26358,nan|Q96T88,,Q96T88,P26358,UHRF1,DNMT1,RING,1,UbiBrowser2,21268065
nan|Q96T88|P29590,nan|Q96T88,,Q96T88,P29590,UHRF1,PML,RING,1,UbiBrowser2,22945642
nan|Q96T88|P68431,nan|Q96T88,,Q96T88,P68431,UHRF1,H3C1,RING,1,UbiBrowser2,17967883
nan|Q96T88|Q16778,nan|Q96T88,,Q96T88,Q16778,UHRF1,H2BC21,RING,1,UbiBrowser2,32884836
nan|Q99496|A6NK89,nan|Q99496,,Q99496,A6NK89,RNF2,RASSF10,RING,1,UbiBrowser2,34224728
nan|Q99496|O75496,nan|Q99496,,Q99496,O75496,RNF2,GMNN,RING,1,UbiBrowser2,20697353
nan|Q99496|P0C0S5,nan|Q99496,,Q99496,P0C0S5,RNF2,H2AZ1,RING,1,UbiBrowser2,17636032
nan|Q99496|P0C0S8,nan|Q99496,,Q99496,P0C0S8,RNF2,H2AC11,RING,1,UbiBrowser2,16702407
nan|Q99496|P16104,nan|Q99496,,Q99496,P16104,RNF2,H2AX,RING,1,UbiBrowser2,21676867
nan|Q99496|P23921,nan|Q99496,,Q99496,P23921,RNF2,RRM1,RING,1,UbiBrowser2,24614341
nan|Q99496|Q16777,nan|Q99496,,Q99496,Q16777,RNF2,H2AC20,RING,1,UbiBrowser2,20351251
nan|Q99496|Q6FI13,nan|Q99496,,Q99496,Q6FI13,RNF2,H2AC18,RING,1,UbiBrowser2,22199232
nan|Q99496|Q8N488,nan|Q99496,,Q99496,Q8N488,RNF2,RYBP,RING,1,UbiBrowser2,17070805
nan|Q99496|Q99496,nan|Q99496,,Q99496,Q99496,RNF2,RNF2,RING,1,UbiBrowser2,22910419
nan|Q99496|Q9C0C7,nan|Q99496,,Q99496,Q9C0C7,RNF2,AMBRA1,RING,1,UbiBrowser2,24980959
nan|Q99618|P30291,nan|Q99618,,Q99618,P30291,CDCA3,WEE1,F-box,1,UbiBrowser2,18032919
nan|Q99618|P38936,nan|Q99618,,Q99618,P38936,CDCA3,CDKN1A,F-box,1,UbiBrowser2,14761977
nan|Q99619|P35228,nan|Q99619,,Q99619,P35228,SPSB2,NOS2,SOCS_VHL_BC-box,1,UbiBrowser2,20603330
nan|Q99619|P60321,nan|Q99619,,Q99619,P60321,SPSB2,NANOS2,SOCS_VHL_BC-box,1,UbiBrowser2,20603330
nan|Q99675|P00533,nan|Q99675,,Q99675,P00533,CGRRF1,EGFR,Other,1,UbiBrowser2,31801577
nan|Q99675|Q5T9L3,nan|Q99675,,Q99675,Q5T9L3,CGRRF1,WLS,Other,1,UbiBrowser2,29378775
nan|Q99728|P03372,nan|Q99728,,Q99728,P03372,BARD1,ESR1,RING,1,UbiBrowser2,22199232
nan|Q99728|P16104,nan|Q99728,,Q99728,P16104,BARD1,H2AX,RING,1,UbiBrowser2,22199232
nan|Q99728|P24928,nan|Q99728,,Q99728,P24928,BARD1,POLR2A,RING,1,UbiBrowser2,22199232
nan|Q99728|P38398,nan|Q99728,,Q99728,P38398,BARD1,BRCA1,RING,1,UbiBrowser2,22199232
nan|Q99728|P52434,nan|Q99728,,Q99728,P52434,BARD1,POLR2H,RING,1,UbiBrowser2,17283126
nan|Q99942|O43511,nan|Q99942,,Q99942,O43511,RNF5,SLC26A4,RING,1,UbiBrowser2,22750442
nan|Q99942|P13569,nan|Q99942,,Q99942,P13569,RNF5,CFTR,RING,1,UbiBrowser2,21148293
nan|Q99942|P49023,nan|Q99942,,Q99942,P49023,RNF5,PXN,RING,1,UbiBrowser2,12861019
nan|Q99942|P68036,nan|Q99942,,Q99942,P68036,RNF5,UBE2L3,RING,1,UbiBrowser2,22199232
nan|Q99942|Q12770,nan|Q99942,,Q99942,Q12770,RNF5,SCAP,RING,1,UbiBrowser2,32054686
nan|Q99942|Q14653,nan|Q99942,,Q99942,Q14653,RNF5,IRF3,RING,1,UbiBrowser2,33684176
nan|Q99942|Q7Z434,nan|Q99942,,Q99942,Q7Z434,RNF5,MAVS,RING,1,UbiBrowser2,20483786
nan|Q99942|Q86WV6,nan|Q99942,,Q99942,Q86WV6,RNF5,STING1,RING,1,UbiBrowser2,19285439
nan|Q99942|Q8ZNR3,nan|Q99942,,Q99942,Q8ZNR3,RNF5,sopA,RING,1,UbiBrowser2,22199232
nan|Q99942|Q9P055,nan|Q99942,,Q99942,Q9P055,RNF5,JKAMP,RING,1,UbiBrowser2,19269966
nan|Q9BR09|P35222,nan|Q9BR09,,Q9BR09,P35222,NEURL2,CTNNB1,SOCS_VHL_BC-box,1,UbiBrowser2,22199232
nan|Q9BRZ2|O00422,nan|Q9BRZ2,,Q9BRZ2,O00422,TRIM56,SAP18,RING,1,UbiBrowser2,30670829
nan|Q9BRZ2|P08670,nan|Q9BRZ2,,Q9BRZ2,P08670,TRIM56,VIM,RING,1,UbiBrowser2,28771721
nan|Q9BRZ2|Q86WV6,nan|Q9BRZ2,,Q9BRZ2,Q86WV6,TRIM56,STING1,RING,1,UbiBrowser2,23189823
nan|Q9BSM1|P0C0S8,nan|Q9BSM1,,Q9BSM1,P0C0S8,PCGF1,H2AC11,RING,1,UbiBrowser2,22199232
nan|Q9BUZ4|O14757,nan|Q9BUZ4,,Q9BUZ4,O14757,TRAF4,CHEK1,RING,1,UbiBrowser2,32357935
nan|Q9BUZ4|P04629,nan|Q9BUZ4,,Q9BUZ4,P04629,TRAF4,NTRK1,RING,1,UbiBrowser2,29715200
nan|Q9BUZ4|P31749,nan|Q9BUZ4,,Q9BUZ4,P31749,TRAF4,AKT1,RING,1,UbiBrowser2,33152664
nan|Q9BUZ4|P35568,nan|Q9BUZ4,,Q9BUZ4,P35568,TRAF4,IRS1,RING,1,UbiBrowser2,33991522
nan|Q9BUZ4|Q9HAU4,nan|Q9BUZ4,,Q9BUZ4,Q9HAU4,TRAF4,SMURF2,RING,1,UbiBrowser2,23973329
nan|Q9BV68|P00533,nan|Q9BV68,,Q9BV68,P00533,RNF126,EGFR,RING,1,UbiBrowser2,23418353
nan|Q9BV68|P04637,nan|Q9BV68,,Q9BV68,P04637,RNF126,TP53,RING,1,UbiBrowser2,33149608
nan|Q9BV68|P08581,nan|Q9BV68,,Q9BV68,P08581,RNF126,MET,RING,1,UbiBrowser2,22199232
nan|Q9BV68|P36888,nan|Q9BV68,,Q9BV68,P36888,RNF126,FLT3,RING,1,UbiBrowser2,22199232
nan|Q9BV68|P38936,nan|Q9BV68,,Q9BV68,P38936,RNF126,CDKN1A,RING,1,UbiBrowser2,23026136
nan|Q9BV68|P60484,nan|Q9BV68,,Q9BV68,P60484,RNF126,PTEN,RING,1,UbiBrowser2,33664240
nan|Q9BV68|P61073,nan|Q9BV68,,Q9BV68,P61073,RNF126,CXCR4,RING,1,UbiBrowser2,22199232
nan|Q9BV68|Q9GZX7,nan|Q9BV68,,Q9BV68,Q9GZX7,RNF126,AICDA,RING,1,UbiBrowser2,23277564
nan|Q9BVG3|Q9BVG3,nan|Q9BVG3,,Q9BVG3,Q9BVG3,TRIM62,TRIM62,RING,1,UbiBrowser2,23402750
nan|Q9BVG3|Q9H257,nan|Q9BVG3,,Q9BVG3,Q9H257,TRIM62,CARD9,RING,1,UbiBrowser2,26488816
nan|Q9BWF2|Q14678,nan|Q9BWF2,,Q9BWF2,Q14678,TRAIP,KANK1,RING,1,UbiBrowser2,34349117
nan|Q9BXM7|P21796,nan|Q9BXM7,,Q9BXM7,P21796,PINK1,VDAC1,Other,1,UbiBrowser2,32047033
nan|Q9BY78|P09936,nan|Q9BY78,,Q9BY78,P09936,RNF26,TMEM173,RING,1,UbiBrowser2,25254379
nan|Q9BY78|Q13501,nan|Q9BY78,,Q9BY78,Q13501,RNF26,SQSTM1,RING,1,UbiBrowser2,22199232
nan|Q9BY78|Q14653,nan|Q9BY78,,Q9BY78,Q14653,RNF26,IRF3,RING,1,UbiBrowser2,22199232
nan|Q9BY78|Q86WV6,nan|Q9BY78,,Q9BY78,Q86WV6,RNF26,STING1,RING,1,UbiBrowser2,25254379
nan|Q9BYM8|O14867,nan|Q9BYM8,,Q9BYM8,O14867,RBCK1,BACH1,RING,1,UbiBrowser2,17682061
nan|Q9BYM8|O75469,nan|Q9BYM8,,Q9BYM8,O75469,RBCK1,NR1I2,RING,1,UbiBrowser2,23160820
nan|Q9BYM8|P17252,nan|Q9BYM8,,Q9BYM8,P17252,RBCK1,PRKCA,RING,1,UbiBrowser2,25118570
nan|Q9BYM8|P48200,nan|Q9BYM8,,Q9BYM8,P48200,RBCK1,IREB2,RING,1,UbiBrowser2,16275334
nan|Q9BYM8|Q13546,nan|Q9BYM8,,Q9BYM8,Q13546,RBCK1,RIPK1,RING,1,UbiBrowser2,22199232
nan|Q9BYM8|Q14258,nan|Q9BYM8,,Q9BYM8,Q14258,RBCK1,TRIM25,RING,1,UbiBrowser2,21292167
nan|Q9BYM8|Q14653,nan|Q9BYM8,,Q9BYM8,Q14653,RBCK1,IRF3,RING,1,UbiBrowser2,18711448
nan|Q9BYM8|Q8N5C8,nan|Q9BYM8,,Q9BYM8,Q8N5C8,RBCK1,TAB3,RING,1,UbiBrowser2,17449468
nan|Q9BYM8|Q9BYM8,nan|Q9BYM8,,Q9BYM8,Q9BYM8,RBCK1,RBCK1,RING,1,UbiBrowser2,18303026
nan|Q9BYM8|Q9NYJ8,nan|Q9BYM8,,Q9BYM8,Q9NYJ8,RBCK1,TAB2,RING,1,UbiBrowser2,17449468
nan|Q9BYM8|Q9Y6K9,nan|Q9BYM8,,Q9BYM8,Q9Y6K9,RBCK1,IKBKG,RING,1,UbiBrowser2,19675569
nan|Q9BZR9|O15524,nan|Q9BZR9,,Q9BZR9,O15524,TRIM8,SOCS1,RING,1,UbiBrowser2,22199232
nan|Q9BZR9|O43318,nan|Q9BZR9,,Q9BZR9,O43318,TRIM8,MAP3K7,RING,1,UbiBrowser2,22084099
nan|Q9BZR9|P03372,nan|Q9BZR9,,Q9BZR9,P03372,TRIM8,ESR1,RING,1,UbiBrowser2,33163282
nan|Q9BZY9|O43318,nan|Q9BZY9,,Q9BZY9,O43318,TRIM31,MAP3K7,RING,1,UbiBrowser2,33016203
nan|Q9BZY9|Q96P20,nan|Q9BZY9,,Q9BZY9,Q96P20,TRIM31,NLRP3,RING,1,UbiBrowser2,32716108
nan|Q9BZY9|Q9BZY9,nan|Q9BZY9,,Q9BZY9,Q9BZY9,TRIM31,TRIM31,RING,1,UbiBrowser2,TRI31_HUMAN
nan|Q9BZY9|Q9NQ88,nan|Q9BZY9,,Q9BZY9,Q9NQ88,TRIM31,TIGAR,RING,1,UbiBrowser2,34218200
nan|Q9C019|P02647,nan|Q9C019,,Q9C019,P02647,TRIM15,APOA1,RING,1,UbiBrowser2,34311082
nan|Q9C026|P50552,nan|Q9C026,,Q9C026,P50552,TRIM9,VASP,RING,1,UbiBrowser2,31820781
nan|Q9C026|Q9C026,nan|Q9C026,,Q9C026,Q9C026,TRIM9,TRIM9,RING,1,UbiBrowser2,20085810
nan|Q9C029|Q04206,nan|Q9C029,,Q9C029,Q04206,TRIM7,RELA,RING,1,UbiBrowser2,31958511
nan|Q9C029|Q9HCU9,nan|Q9C029,,Q9C029,Q9HCU9,TRIM7,BRMS1,RING,1,UbiBrowser2,32853985
nan|Q9C030|P78543,nan|Q9C030,,Q9C030,P78543,TRIM6,BTG2,RING,1,UbiBrowser2,31992359
nan|Q9C035|Q9C035,nan|Q9C035,,Q9C035,Q9C035,TRIM5,TRIM5,RING,1,UbiBrowser2,18312418
nan|Q9C037|O95786,nan|Q9C037,,Q9C037,O95786,TRIM4,DDX58,RING,1,UbiBrowser2,29354136
nan|Q9C037|Q7Z2W7,nan|Q9C037,,Q9C037,Q7Z2W7,TRIM4,TRPM8,RING,1,UbiBrowser2,33037615
nan|Q9C040|O43521,nan|Q9C040,,Q9C040,O43521,TRIM2,BCL2L11,RING,1,UbiBrowser2,22199232
nan|Q9C040|P07196,nan|Q9C040,,Q9C040,P07196,TRIM2,NEFL,RING,1,UbiBrowser2,18687884
nan|Q9C0C7|Q14457,nan|Q9C0C7,,Q9C0C7,Q14457,AMBRA1,BECN1,DWD,1,UbiBrowser2,23974797
nan|Q9C0C9|O94992,nan|Q9C0C9,,Q9C0C9,O94992,UBE2O,HEXIM1,Other,1,UbiBrowser2,29845934
nan|Q9C0C9|P50539,nan|Q9C0C9,,Q9C0C9,P50539,UBE2O,MXI1,Other,1,UbiBrowser2,32901121
nan|Q9H000|O00425,nan|Q9H000,,Q9H000,O00425,MKRN2,IGF2BP3,SINGLE_OTHER,1,UbiBrowser2,32560817
nan|Q9H000|P04637,nan|Q9H000,,Q9H000,P04637,MKRN2,TP53,SINGLE_OTHER,1,UbiBrowser2,32194692
nan|Q9H0A0|Q00987,nan|Q9H0A0,,Q9H0A0,Q00987,NAT10,MDM2,Other,1,UbiBrowser2,26882543
nan|Q9H0F5|P04637,nan|Q9H0F5,,Q9H0F5,P04637,RNF38,TP53,RING,1,UbiBrowser2,23973461
nan|Q9H0F5|P29350,nan|Q9H0F5,,Q9H0F5,P29350,RNF38,PTPN6,RING,1,UbiBrowser2,30112836
nan|Q9H0F5|Q01196,nan|Q9H0F5,,Q9H0F5,Q01196,RNF38,RUNX1,RING,1,UbiBrowser2,30309654
nan|Q9H0F5|Q86U70,nan|Q9H0F5,,Q9H0F5,Q86U70,RNF38,LDB1,RING,1,UbiBrowser2,32021282
nan|Q9H0F6|P46937,nan|Q9H0F6,,Q9H0F6,P46937,SHARPIN,YAP1,Other,1,UbiBrowser2,31884247
nan|Q9H0H3|Q13541,nan|Q9H0H3,,Q9H0H3,Q13541,KLHL25,EIF4EBP1,BTB_3,1,UbiBrowser2,22578813
nan|Q9H0M0#O00308|O15350,nan|Q9H0M0#O00308,,Q9H0M0#O00308,O15350,WWP1#WWP2,TP73,HECT,1,UbiBrowser2,25071155
nan|Q9H0M0|O14641,nan|Q9H0M0,,Q9H0M0,O14641,WWP1,DVL2,HECT,1,UbiBrowser2,31340145
nan|Q9H0M0|O14681,nan|Q9H0M0,,Q9H0M0,O14681,WWP1,EI24,HECT,1,UbiBrowser2,32252198
nan|Q9H0M0|O15105,nan|Q9H0M0,,Q9H0M0,O15105,WWP1,SMAD7,HECT,1,UbiBrowser2,22199232
nan|Q9H0M0|O43541,nan|Q9H0M0,,Q9H0M0,O43541,WWP1,SMAD6,HECT,1,UbiBrowser2,WWP1_HUMAN
nan|Q9H0M0|O95835,nan|Q9H0M0,,Q9H0M0,O95835,WWP1,LATS1,HECT,1,UbiBrowser2,23573293
nan|Q9H0M0|P00533,nan|Q9H0M0,,Q9H0M0,P00533,WWP1,EGFR,HECT,1,UbiBrowser2,32694521
nan|Q9H0M0|P03345,nan|Q9H0M0,,Q9H0M0,P03345,WWP1,gag,HECT,1,UbiBrowser2,22199232
nan|Q9H0M0|P04637,nan|Q9H0M0,,Q9H0M0,P04637,WWP1,TP53,HECT,1,UbiBrowser2,16924229
nan|Q9H0M0|P0C209,nan|Q9H0M0,,Q9H0M0,P0C209,WWP1,gag,HECT,1,UbiBrowser2,22199232
nan|Q9H0M0|P14076,nan|Q9H0M0,,Q9H0M0,P14076,WWP1,gag,HECT,1,UbiBrowser2,22199232
nan|Q9H0M0|P14077,nan|Q9H0M0,,Q9H0M0,P14077,WWP1,gag,HECT,1,UbiBrowser2,22199232
nan|Q9H0M0|P15941,nan|Q9H0M0,,Q9H0M0,P15941,WWP1,MUC1,HECT,1,UbiBrowser2,34404764
nan|Q9H0M0|P36897,nan|Q9H0M0,,Q9H0M0,P36897,WWP1,TGFBR1,HECT,1,UbiBrowser2,15817471
nan|Q9H0M0|P37173,nan|Q9H0M0,,Q9H0M0,P37173,WWP1,TGFBR2,HECT,1,UbiBrowser2,15817471
nan|Q9H0M0|P42566,nan|Q9H0M0,,Q9H0M0,P42566,WWP1,EPS15,HECT,1,UbiBrowser2,22051607
nan|Q9H0M0|P46527,nan|Q9H0M0,,Q9H0M0,P46527,WWP1,CDKN1B,HECT,1,UbiBrowser2,21795702
nan|Q9H0M0|P60484,nan|Q9H0M0,,Q9H0M0,P60484,WWP1,PTEN,HECT,1,UbiBrowser2,31097636
nan|Q9H0M0|P61073,nan|Q9H0M0,,Q9H0M0,P61073,WWP1,CXCR4,HECT,1,UbiBrowser2,22266093
nan|Q9H0M0|Q13485,nan|Q9H0M0,,Q9H0M0,Q13485,WWP1,SMAD4,HECT,1,UbiBrowser2,15817471
nan|Q9H0M0|Q13887,nan|Q9H0M0,,Q9H0M0,Q13887,WWP1,KLF5,HECT,1,UbiBrowser2,16223724
nan|Q9H0M0|Q13950,nan|Q9H0M0,,Q9H0M0,Q13950,WWP1,RUNX2,HECT,1,UbiBrowser2,18083927
nan|Q9H0M0|Q15303,nan|Q9H0M0,,Q9H0M0,Q15303,WWP1,ERBB4,HECT,1,UbiBrowser2,19047365
nan|Q9H0M0|Q15796,nan|Q9H0M0,,Q9H0M0,Q15796,WWP1,SMAD2,HECT,1,UbiBrowser2,15359284
nan|Q9H0M0|Q8N0X7,nan|Q9H0M0,,Q9H0M0,Q8N0X7,WWP1,SPART,HECT,1,UbiBrowser2,22199232
nan|Q9H0M0|Q9H0M0,nan|Q9H0M0,,Q9H0M0,Q9H0M0,WWP1,WWP1,HECT,1,UbiBrowser2,22199232
nan|Q9H0M0|Q9H3D4,nan|Q9H0M0,,Q9H0M0,Q9H3D4,WWP1,TP63,HECT,1,UbiBrowser2,18806757
nan|Q9H0M0|Q9Y2J4,nan|Q9H0M0,,Q9H0M0,Q9Y2J4,WWP1,AMOTL2,HECT,1,UbiBrowser2,34404733
nan|Q9H0M0|Q9Y3C5,nan|Q9H0M0,,Q9H0M0,Q9Y3C5,WWP1,RNF11,HECT,1,UbiBrowser2,18724389
nan|Q9H0M0|Q9Y4K3,nan|Q9H0M0,,Q9H0M0,Q9Y4K3,WWP1,TRAF6,HECT,1,UbiBrowser2,23799152
nan|Q9H0M0|Q9Y5W3,nan|Q9H0M0,,Q9H0M0,Q9Y5W3,WWP1,KLF2,HECT,1,UbiBrowser2,15003522
nan|Q9H0X6|P08670,nan|Q9H0X6,,Q9H0X6,P08670,RNF208,VIM,RING,1,UbiBrowser2,31862882
nan|Q9H2C0|P14136,nan|Q9H2C0,,Q9H2C0,P14136,GAN,GFAP,BTB_3,1,UbiBrowser2,27798231
nan|Q9H2C0|P46821,nan|Q9H2C0,,Q9H2C0,P46821,GAN,MAP1B,BTB_3,1,UbiBrowser2,19168853
nan|Q9H2C0|Q15465,nan|Q9H2C0,,Q9H2C0,Q15465,GAN,SHH,BTB_3,1,UbiBrowser2,31503551
nan|Q9H2C0|Q66K74,nan|Q9H2C0,,Q9H2C0,Q66K74,GAN,MAP1S,BTB_3,1,UbiBrowser2,19168853
nan|Q9H2C0|Q676U5,nan|Q9H2C0,,Q9H2C0,Q676U5,GAN,ATG16L1,BTB_3,1,UbiBrowser2,30770803
nan|Q9H2C0|Q99426,nan|Q9H2C0,,Q9H2C0,Q99426,GAN,TBCB,BTB_3,1,UbiBrowser2,GAN_HUMAN
nan|Q9H2S5|O00571,nan|Q9H2S5,,Q9H2S5,O00571,RNF39,DDX3X,RING,1,UbiBrowser2,33674311
nan|Q9H3F6|P62745,nan|Q9H3F6,,Q9H3F6,P62745,KCTD10,RHOB,SINGLE_OTHER,1,UbiBrowser2,29358211
nan|Q9H3F6|Q8IUC6,nan|Q9H3F6,,Q9H3F6,Q8IUC6,KCTD10,TICAM1,SINGLE_OTHER,1,UbiBrowser2,32484264
nan|Q9H3F6|Q8IW35,nan|Q9H3F6,,Q9H3F6,Q8IW35,KCTD10,CEP97,SINGLE_OTHER,1,UbiBrowser2,30404837
nan|Q9H469|O00308,nan|Q9H469,,Q9H469,O00308,FBXL15,WWP2,F-box,1,UbiBrowser2,22199232
nan|Q9H469|Q9HAU4,nan|Q9H469,,Q9H469,Q9HAU4,FBXL15,SMURF2,F-box,1,UbiBrowser2,22199232
nan|Q9H469|Q9HCE7,nan|Q9H469,,Q9H469,Q9HCE7,FBXL15,SMURF1,F-box,1,UbiBrowser2,21572392
nan|Q9H4M3|P38398,nan|Q9H4M3,,Q9H4M3,P38398,FBXO44,BRCA1,F-box,1,UbiBrowser2,23086937
nan|Q9H4M3|Q9UPW8,nan|Q9H4M3,,Q9H4M3,Q9UPW8,FBXO44,UNC13A,F-box,1,UbiBrowser2,24658274
nan|Q9H4P4|O60260,nan|Q9H4P4,,Q9H4P4,O60260,RNF41,PARK2,RING,1,UbiBrowser2,19800834
nan|Q9H4P4|P11678,nan|Q9H4P4,,Q9H4P4,P11678,RNF41,EPX,RING,1,UbiBrowser2,22199232
nan|Q9H4P4|P17676,nan|Q9H4P4,,Q9H4P4,P17676,RNF41,CEBPB,RING,1,UbiBrowser2,22707723
nan|Q9H4P4|P21860,nan|Q9H4P4,,Q9H4P4,P21860,RNF41,ERBB3,RING,1,UbiBrowser2,15632191
nan|Q9H4P4|P43403,nan|Q9H4P4,,Q9H4P4,P43403,RNF41,ZAP70,RING,1,UbiBrowser2,32034311
nan|Q9H4P4|Q14653,nan|Q9H4P4,,Q9H4P4,Q14653,RNF41,IRF3,RING,1,UbiBrowser2,22199232
nan|Q9H4P4|Q15303,nan|Q9H4P4,,Q9H4P4,Q15303,RNF41,ERBB4,RING,1,UbiBrowser2,15632191
nan|Q9H4P4|Q6NUN9,nan|Q9H4P4,,Q9H4P4,Q6NUN9,RNF41,ZNF746,RING,1,UbiBrowser2,18541373
nan|Q9H4P4|Q99836,nan|Q9H4P4,,Q9H4P4,Q99836,RNF41,MYD88,RING,1,UbiBrowser2,19483718
nan|Q9H4P4|Q9H4P4,nan|Q9H4P4,,Q9H4P4,Q9H4P4,RNF41,RNF41,RING,1,UbiBrowser2,15314180
nan|Q9H4P4|Q9HB71,nan|Q9H4P4,,Q9H4P4,Q9HB71,RNF41,CACYBP,RING,1,UbiBrowser2,31754404
nan|Q9H4P4|Q9NR09,nan|Q9H4P4,,Q9H4P4,Q9NR09,RNF41,BIRC6,RING,1,UbiBrowser2,15314180
nan|Q9H4P4|Q9UHD2,nan|Q9H4P4,,Q9H4P4,Q9UHD2,RNF41,TBK1,RING,1,UbiBrowser2,19483718
nan|Q9H6Y7|Q8WTX7,nan|Q9H6Y7,,Q9H6Y7,Q8WTX7,RNF167,CASTOR1,RING,1,UbiBrowser2,33594058
nan|Q9H6Y7|Q96BI1,nan|Q9H6Y7,,Q9H6Y7,Q96BI1,RNF167,SLC22A18,RING,1,UbiBrowser2,16314844
nan|Q9H765|Q13123,nan|Q9H765,,Q9H765,Q13123,ASB8,IK,SOCS_VHL_BC-box,1,UbiBrowser2,31009856
nan|Q9H992|P10636,nan|Q9H992,,Q9H992,P10636,MARCHF7,MAPT,RING,1,UbiBrowser2,24905733
nan|Q9H992|Q00987,nan|Q9H992,,Q9H992,Q00987,MARCHF7,MDM2,RING,1,UbiBrowser2,29295817
nan|Q9H992|Q9H992,nan|Q9H992,,Q9H992,Q9H992,MARCHF7,MARCHF7,RING,1,UbiBrowser2,18410486
nan|Q9HAU4|O15105,nan|Q9HAU4,,Q9HAU4,O15105,SMURF2,SMAD7,HECT,1,UbiBrowser2,15862290
nan|Q9HAU4|O15169,nan|Q9HAU4,,Q9HAU4,O15169,SMURF2,AXIN1,HECT,1,UbiBrowser2,20858899
nan|Q9HAU4|O95630,nan|Q9HAU4,,Q9HAU4,O95630,SMURF2,STAMBP,HECT,1,UbiBrowser2,14755250
nan|Q9HAU4|P00533,nan|Q9HAU4,,Q9HAU4,P00533,SMURF2,EGFR,HECT,1,UbiBrowser2,21750651
nan|Q9HAU4|P09874,nan|Q9HAU4,,Q9HAU4,P09874,SMURF2,PARP1,HECT,1,UbiBrowser2,32167680
nan|Q9HAU4|P11388,nan|Q9HAU4,,Q9HAU4,P11388,SMURF2,TOP2A,HECT,1,UbiBrowser2,28611047
nan|Q9HAU4|P12757,nan|Q9HAU4,,Q9HAU4,P12757,SMURF2,SKIL,HECT,1,UbiBrowser2,15496141
nan|Q9HAU4|P16104,nan|Q9HAU4,,Q9HAU4,P16104,SMURF2,H2AX,HECT,1,UbiBrowser2,31533041
nan|Q9HAU4|P20333,nan|Q9HAU4,,Q9HAU4,P20333,SMURF2,TNFRSF1B,HECT,1,UbiBrowser2,18671942
nan|Q9HAU4|P35222,nan|Q9HAU4,,Q9HAU4,P35222,SMURF2,CTNNB1,HECT,1,UbiBrowser2,22199232
nan|Q9HAU4|P36897,nan|Q9HAU4,,Q9HAU4,P36897,SMURF2,TGFBR1,HECT,1,UbiBrowser2,17347560
nan|Q9HAU4|P37173,nan|Q9HAU4,,Q9HAU4,P37173,SMURF2,TGFBR2,HECT,1,UbiBrowser2,22848678
nan|Q9HAU4|P41134,nan|Q9HAU4,,Q9HAU4,P41134,SMURF2,ID1,HECT,1,UbiBrowser2,21933340
nan|Q9HAU4|P49841,nan|Q9HAU4,,Q9HAU4,P49841,SMURF2,GSK3B,HECT,1,UbiBrowser2,22199232
nan|Q9HAU4|P61224,nan|Q9HAU4,,Q9HAU4,P61224,SMURF2,RAP1B,HECT,1,UbiBrowser2,17318188
nan|Q9HAU4|P61586,nan|Q9HAU4,,Q9HAU4,P61586,SMURF2,RHOA,HECT,1,UbiBrowser2,21402695
nan|Q9HAU4|P84022,nan|Q9HAU4,,Q9HAU4,P84022,SMURF2,SMAD3,HECT,1,UbiBrowser2,15108358
nan|Q9HAU4|Q01826,nan|Q9HAU4,,Q9HAU4,Q01826,SMURF2,SATB1,HECT,1,UbiBrowser2,30742943
nan|Q9HAU4|Q02535,nan|Q9HAU4,,Q9HAU4,Q02535,SMURF2,ID3,HECT,1,UbiBrowser2,21933340
nan|Q9HAU4|Q13257,nan|Q9HAU4,,Q9HAU4,Q13257,SMURF2,MAD2L1,HECT,1,UbiBrowser2,18852296
nan|Q9HAU4|Q13485,nan|Q9HAU4,,Q9HAU4,Q13485,SMURF2,SMAD4,HECT,1,UbiBrowser2,15817471
nan|Q9HAU4|Q13887,nan|Q9HAU4,,Q9HAU4,Q13887,SMURF2,KLF5,HECT,1,UbiBrowser2,21953463
nan|Q9HAU4|Q13950,nan|Q9HAU4,,Q9HAU4,Q13950,SMURF2,RUNX2,HECT,1,UbiBrowser2,22199232
nan|Q9HAU4|Q15796,nan|Q9HAU4,,Q9HAU4,Q15796,SMURF2,SMAD2,HECT,1,UbiBrowser2,14507671
nan|Q9HAU4|Q15797,nan|Q9HAU4,,Q9HAU4,Q15797,SMURF2,SMAD1,HECT,1,UbiBrowser2,11158580
nan|Q9HAU4|Q15910,nan|Q9HAU4,,Q9HAU4,Q15910,SMURF2,EZH2,HECT,1,UbiBrowser2,31948940
nan|Q9HAU4|Q5VTR2,nan|Q9HAU4,,Q9HAU4,Q5VTR2,SMURF2,RNF20,HECT,1,UbiBrowser2,22231558
nan|Q9HAU4|Q96EB6,nan|Q9HAU4,,Q9HAU4,Q96EB6,SMURF2,SIRT1,HECT,1,UbiBrowser2,32361710
nan|Q9HAU4|Q96FJ0,nan|Q9HAU4,,Q9HAU4,Q96FJ0,SMURF2,STAMBPL1,HECT,1,UbiBrowser2,22199232
nan|Q9HAU4|Q99717,nan|Q9HAU4,,Q9HAU4,Q99717,SMURF2,SMAD5,HECT,1,UbiBrowser2,20484049
nan|Q9HAU4|Q9BUZ4,nan|Q9HAU4,,Q9HAU4,Q9BUZ4,SMURF2,TRAF4,HECT,1,UbiBrowser2,23973329
nan|Q9HAU4|Q9HCE7,nan|Q9HAU4,,Q9HAU4,Q9HCE7,SMURF2,SMURF1,HECT,1,UbiBrowser2,20009572
nan|Q9HAU4|Q9NP71,nan|Q9HAU4,,Q9HAU4,Q9NP71,SMURF2,MLXIPL,HECT,1,UbiBrowser2,31409643
nan|Q9HAU4|Q9Y297,nan|Q9HAU4,,Q9HAU4,Q9Y297,SMURF2,BTRC,HECT,1,UbiBrowser2,24709419
nan|Q9HAU4|Q9Y3C5,nan|Q9HAU4,,Q9HAU4,Q9Y3C5,SMURF2,RNF11,HECT,1,UbiBrowser2,14755250
nan|Q9HCE7|A6NI79,nan|Q9HCE7,,Q9HCE7,A6NI79,SMURF1,CCDC69,HECT,1,UbiBrowser2,20804422
nan|Q9HCE7|O00238,nan|Q9HCE7,,Q9HCE7,O00238,SMURF1,BMPR1B,HECT,1,UbiBrowser2,20558834
nan|Q9HCE7|O00291,nan|Q9HCE7,,Q9HCE7,O00291,SMURF1,HIP1,HECT,1,UbiBrowser2,20804422
nan|Q9HCE7|O14730,nan|Q9HCE7,,Q9HCE7,O14730,SMURF1,RIOK3,HECT,1,UbiBrowser2,20804422
nan|Q9HCE7|O15105,nan|Q9HCE7,,Q9HCE7,O15105,SMURF1,SMAD7,HECT,1,UbiBrowser2,11278251
nan|Q9HCE7|O15169,nan|Q9HCE7,,Q9HCE7,O15169,SMURF1,AXIN1,HECT,1,UbiBrowser2,23959799
nan|Q9HCE7|O43541,nan|Q9HCE7,,Q9HCE7,O43541,SMURF1,SMAD6,HECT,1,UbiBrowser2,16299379
nan|Q9HCE7|O60784,nan|Q9HCE7,,Q9HCE7,O60784,SMURF1,TOM1,HECT,1,UbiBrowser2,20804422
nan|Q9HCE7|O76013,nan|Q9HCE7,,Q9HCE7,O76013,SMURF1,KRT36,HECT,1,UbiBrowser2,20804422
nan|Q9HCE7|O76080,nan|Q9HCE7,,Q9HCE7,O76080,SMURF1,ZFAND5,HECT,1,UbiBrowser2,20804422
nan|Q9HCE7|O95947,nan|Q9HCE7,,Q9HCE7,O95947,SMURF1,TBX6,HECT,1,UbiBrowser2,19561075
nan|Q9HCE7|P04626,nan|Q9HCE7,,Q9HCE7,P04626,SMURF1,ERBB2,HECT,1,UbiBrowser2,33875644
nan|Q9HCE7|P05129,nan|Q9HCE7,,Q9HCE7,P05129,SMURF1,PRKCG,HECT,1,UbiBrowser2,20804422
nan|Q9HCE7|P06239,nan|Q9HCE7,,Q9HCE7,P06239,SMURF1,LCK,HECT,1,UbiBrowser2,20804422
nan|Q9HCE7|P07332,nan|Q9HCE7,,Q9HCE7,P07332,SMURF1,FES,HECT,1,UbiBrowser2,20804422
nan|Q9HCE7|P08133,nan|Q9HCE7,,Q9HCE7,P08133,SMURF1,ANXA6,HECT,1,UbiBrowser2,20804422
nan|Q9HCE7|P09769,nan|Q9HCE7,,Q9HCE7,P09769,SMURF1,FGR,HECT,1,UbiBrowser2,20804422
nan|Q9HCE7|P16234,nan|Q9HCE7,,Q9HCE7,P16234,SMURF1,PDGFRA,HECT,1,UbiBrowser2,20804422
nan|Q9HCE7|P17252,nan|Q9HCE7,,Q9HCE7,P17252,SMURF1,PRKCA,HECT,1,UbiBrowser2,20804422
nan|Q9HCE7|P19784,nan|Q9HCE7,,Q9HCE7,P19784,SMURF1,CSNK2A2,HECT,1,UbiBrowser2,20804422
nan|Q9HCE7|P21709,nan|Q9HCE7,,Q9HCE7,P21709,SMURF1,EPHA1,HECT,1,UbiBrowser2,20804422
nan|Q9HCE7|P26038,nan|Q9HCE7,,Q9HCE7,P26038,SMURF1,MSN,HECT,1,UbiBrowser2,20804422
nan|Q9HCE7|P35626,nan|Q9HCE7,,Q9HCE7,P35626,SMURF1,ADRBK2,HECT,1,UbiBrowser2,20804422
nan|Q9HCE7|P36894,nan|Q9HCE7,,Q9HCE7,P36894,SMURF1,BMPR1A,HECT,1,UbiBrowser2,20558834
nan|Q9HCE7|P36897,nan|Q9HCE7,,Q9HCE7,P36897,SMURF1,TGFBR1,HECT,1,UbiBrowser2,12151385
nan|Q9HCE7|P37173,nan|Q9HCE7,,Q9HCE7,P37173,SMURF1,TGFBR2,HECT,1,UbiBrowser2,15817471
nan|Q9HCE7|P37231,nan|Q9HCE7,,Q9HCE7,P37231,SMURF1,PPARG,HECT,1,UbiBrowser2,30566427
nan|Q9HCE7|P41743,nan|Q9HCE7,,Q9HCE7,P41743,SMURF1,PRKCI,HECT,1,UbiBrowser2,20804422
nan|Q9HCE7|P42679,nan|Q9HCE7,,Q9HCE7,P42679,SMURF1,MATK,HECT,1,UbiBrowser2,20804422
nan|Q9HCE7|P45974,nan|Q9HCE7,,Q9HCE7,P45974,SMURF1,USP5,HECT,1,UbiBrowser2,20804422
nan|Q9HCE7|P48730,nan|Q9HCE7,,Q9HCE7,P48730,SMURF1,CSNK1D,HECT,1,UbiBrowser2,20804422
nan|Q9HCE7|P51668,nan|Q9HCE7,,Q9HCE7,P51668,SMURF1,UBE2D1,HECT,1,UbiBrowser2,20804422
nan|Q9HCE7|P51955,nan|Q9HCE7,,Q9HCE7,P51955,SMURF1,NEK2,HECT,1,UbiBrowser2,20804422
nan|Q9HCE7|P54252,nan|Q9HCE7,,Q9HCE7,P54252,SMURF1,ATXN3,HECT,1,UbiBrowser2,20804422
nan|Q9HCE7|P54725,nan|Q9HCE7,,Q9HCE7,P54725,SMURF1,RAD23A,HECT,1,UbiBrowser2,20804422
nan|Q9HCE7|P55036,nan|Q9HCE7,,Q9HCE7,P55036,SMURF1,PSMD4,HECT,1,UbiBrowser2,20804422
nan|Q9HCE7|P60002,nan|Q9HCE7,,Q9HCE7,P60002,SMURF1,ELOF1,HECT,1,UbiBrowser2,20804422
nan|Q9HCE7|P60484,nan|Q9HCE7,,Q9HCE7,P60484,SMURF1,PTEN,HECT,1,UbiBrowser2,32938489
nan|Q9HCE7|P61077,nan|Q9HCE7,,Q9HCE7,P61077,SMURF1,UBE2D3,HECT,1,UbiBrowser2,20804422
nan|Q9HCE7|P61086,nan|Q9HCE7,,Q9HCE7,P61086,SMURF1,UBE2K,HECT,1,UbiBrowser2,20804422
nan|Q9HCE7|P61328,nan|Q9HCE7,,Q9HCE7,P61328,SMURF1,FGF12,HECT,1,UbiBrowser2,20804422
nan|Q9HCE7|P61586,nan|Q9HCE7,,Q9HCE7,P61586,SMURF1,RHOA,HECT,1,UbiBrowser2,14752271
nan|Q9HCE7|P62253,nan|Q9HCE7,,Q9HCE7,P62253,SMURF1,UBE2G1,HECT,1,UbiBrowser2,20804422
nan|Q9HCE7|P63000,nan|Q9HCE7,,Q9HCE7,P63000,SMURF1,RAC1,HECT,1,UbiBrowser2,16472676
nan|Q9HCE7|P67936,nan|Q9HCE7,,Q9HCE7,P67936,SMURF1,TPM4,HECT,1,UbiBrowser2,20804422
nan|Q9HCE7|P80192,nan|Q9HCE7,,Q9HCE7,P80192,SMURF1,MAP3K9,HECT,1,UbiBrowser2,20804422
nan|Q9HCE7|Q00688,nan|Q9HCE7,,Q9HCE7,Q00688,SMURF1,FKBP3,HECT,1,UbiBrowser2,20804422
nan|Q9HCE7|Q02779,nan|Q9HCE7,,Q9HCE7,Q02779,SMURF1,MAP3K10,HECT,1,UbiBrowser2,20804422
nan|Q9HCE7|Q04771,nan|Q9HCE7,,Q9HCE7,Q04771,SMURF1,ACVR1,HECT,1,UbiBrowser2,31685442
nan|Q9HCE7|Q06187,nan|Q9HCE7,,Q9HCE7,Q06187,SMURF1,BTK,HECT,1,UbiBrowser2,20804422
nan|Q9HCE7|Q08881,nan|Q9HCE7,,Q9HCE7,Q08881,SMURF1,ITK,HECT,1,UbiBrowser2,20804422
nan|Q9HCE7|Q13404,nan|Q9HCE7,,Q9HCE7,Q13404,SMURF1,UBE2V1,HECT,1,UbiBrowser2,20804422
nan|Q9HCE7|Q13492,nan|Q9HCE7,,Q9HCE7,Q13492,SMURF1,PICALM,HECT,1,UbiBrowser2,20804422
nan|Q9HCE7|Q13873,nan|Q9HCE7,,Q9HCE7,Q13873,SMURF1,BMPR2,HECT,1,UbiBrowser2,20558834
nan|Q9HCE7|Q13950,nan|Q9HCE7,,Q9HCE7,Q13950,SMURF1,RUNX2,HECT,1,UbiBrowser2,17215250
nan|Q9HCE7|Q14247,nan|Q9HCE7,,Q9HCE7,Q14247,SMURF1,CTTN,HECT,1,UbiBrowser2,22199232
nan|Q9HCE7|Q15642,nan|Q9HCE7,,Q9HCE7,Q15642,SMURF1,TRIP10,HECT,1,UbiBrowser2,20804422
nan|Q9HCE7|Q15726,nan|Q9HCE7,,Q9HCE7,Q15726,SMURF1,KISS1,HECT,1,UbiBrowser2,30244247
nan|Q9HCE7|Q15750,nan|Q9HCE7,,Q9HCE7,Q15750,SMURF1,TAB1,HECT,1,UbiBrowser2,20804422
nan|Q9HCE7|Q15797,nan|Q9HCE7,,Q9HCE7,Q15797,SMURF1,SMAD1,HECT,1,UbiBrowser2,14711801
nan|Q9HCE7|Q16186,nan|Q9HCE7,,Q9HCE7,Q16186,SMURF1,ADRM1,HECT,1,UbiBrowser2,20804422
nan|Q9HCE7|Q569H4,nan|Q9HCE7,,Q9HCE7,Q569H4,SMURF1,PRR16,HECT,1,UbiBrowser2,20804422
nan|Q9HCE7|Q5BJF6,nan|Q9HCE7,,Q9HCE7,Q5BJF6,SMURF1,ODF2,HECT,1,UbiBrowser2,20804422
nan|Q9HCE7|Q6ZTN6,nan|Q9HCE7,,Q9HCE7,Q6ZTN6,SMURF1,ANKRD13D,HECT,1,UbiBrowser2,20804422
nan|Q9HCE7|Q6ZVM7,nan|Q9HCE7,,Q9HCE7,Q6ZVM7,SMURF1,TOM1L2,HECT,1,UbiBrowser2,20804422
nan|Q9HCE7|Q7KZI7,nan|Q9HCE7,,Q9HCE7,Q7KZI7,SMURF1,MARK2,HECT,1,UbiBrowser2,20804422
nan|Q9HCE7|Q7Z434,nan|Q9HCE7,,Q9HCE7,Q7Z434,SMURF1,MAVS,HECT,1,UbiBrowser2,23087404
nan|Q9HCE7|Q7Z4L4,nan|Q9HCE7,,Q9HCE7,Q7Z4L4,SMURF1,TNIK,HECT,1,UbiBrowser2,22199232
nan|Q9HCE7|Q8IZ07,nan|Q9HCE7,,Q9HCE7,Q8IZ07,SMURF1,ANKRD13A,HECT,1,UbiBrowser2,20804422
nan|Q9HCE7|Q8N0X7,nan|Q9HCE7,,Q9HCE7,Q8N0X7,SMURF1,SPART,HECT,1,UbiBrowser2,20804422
nan|Q9HCE7|Q8N519,nan|Q9HCE7,,Q9HCE7,Q8N519,SMURF1,,HECT,1,UbiBrowser2,22199232
nan|Q9HCE7|Q8N6M0,nan|Q9HCE7,,Q9HCE7,Q8N6M0,SMURF1,OTUD6B,HECT,1,UbiBrowser2,20804422
nan|Q9HCE7|Q8N8V4,nan|Q9HCE7,,Q9HCE7,Q8N8V4,SMURF1,ANKS4B,HECT,1,UbiBrowser2,20804422
nan|Q9HCE7|Q8NFZ5,nan|Q9HCE7,,Q9HCE7,Q8NFZ5,SMURF1,TNIP2,HECT,1,UbiBrowser2,20804422
nan|Q9HCE7|Q8TB46,nan|Q9HCE7,,Q9HCE7,Q8TB46,SMURF1,ANKRD50,HECT,1,UbiBrowser2,22199232
nan|Q9HCE7|Q92519,nan|Q9HCE7,,Q9HCE7,Q92519,SMURF1,TRIB2,HECT,1,UbiBrowser2,24089522
nan|Q9HCE7|Q96C92,nan|Q9HCE7,,Q9HCE7,Q96C92,SMURF1,ENTR1,HECT,1,UbiBrowser2,20804422
nan|Q9HCE7|Q96CS3,nan|Q9HCE7,,Q9HCE7,Q96CS3,SMURF1,FAF2,HECT,1,UbiBrowser2,20804422
nan|Q9HCE7|Q96KG9,nan|Q9HCE7,,Q9HCE7,Q96KG9,SMURF1,SCYL1,HECT,1,UbiBrowser2,20804422
nan|Q9HCE7|Q99717,nan|Q9HCE7,,Q9HCE7,Q99717,SMURF1,SMAD5,HECT,1,UbiBrowser2,12871975
nan|Q9HCE7|Q99988,nan|Q9HCE7,,Q9HCE7,Q99988,SMURF1,GDF15,HECT,1,UbiBrowser2,18927080
nan|Q9HCE7|Q9BRJ6,nan|Q9HCE7,,Q9HCE7,Q9BRJ6,SMURF1,C7orf50,HECT,1,UbiBrowser2,20804422
nan|Q9HCE7|Q9BSL1,nan|Q9HCE7,,Q9HCE7,Q9BSL1,SMURF1,UBAC1,HECT,1,UbiBrowser2,20804422
nan|Q9HCE7|Q9BUZ4,nan|Q9HCE7,,Q9HCE7,Q9BUZ4,SMURF1,TRAF4,HECT,1,UbiBrowser2,19458200
nan|Q9HCE7|Q9BYM8,nan|Q9HCE7,,Q9HCE7,Q9BYM8,SMURF1,RBCK1,HECT,1,UbiBrowser2,20804422
nan|Q9HCE7|Q9BZV1,nan|Q9HCE7,,Q9HCE7,Q9BZV1,SMURF1,UBXN6,HECT,1,UbiBrowser2,20804422
nan|Q9HCE7|Q9H160,nan|Q9HCE7,,Q9HCE7,Q9H160,SMURF1,ING2,HECT,1,UbiBrowser2,20621832
nan|Q9HCE7|Q9H1I8,nan|Q9HCE7,,Q9HCE7,Q9H1I8,SMURF1,ASCC2,HECT,1,UbiBrowser2,20804422
nan|Q9HCE7|Q9H2K8,nan|Q9HCE7,,Q9HCE7,Q9H2K8,SMURF1,TAOK3,HECT,1,UbiBrowser2,20804422
nan|Q9HCE7|Q9H5N1,nan|Q9HCE7,,Q9HCE7,Q9H5N1,SMURF1,RABEP2,HECT,1,UbiBrowser2,20804422
nan|Q9HCE7|Q9H6K1,nan|Q9HCE7,,Q9HCE7,Q9H6K1,SMURF1,C6orf106,HECT,1,UbiBrowser2,20804422
nan|Q9HCE7|Q9H8M7,nan|Q9HCE7,,Q9HCE7,Q9H8M7,SMURF1,FAM188A,HECT,1,UbiBrowser2,20804422
nan|Q9HCE7|Q9NSB8,nan|Q9HCE7,,Q9HCE7,Q9NSB8,SMURF1,HOMER2,HECT,1,UbiBrowser2,20804422
nan|Q9HCE7|Q9NWM3,nan|Q9HCE7,,Q9HCE7,Q9NWM3,SMURF1,CUEDC1,HECT,1,UbiBrowser2,20804422
nan|Q9HCE7|Q9NZ63,nan|Q9HCE7,,Q9HCE7,Q9NZ63,SMURF1,C9orf78,HECT,1,UbiBrowser2,20804422
nan|Q9HCE7|Q9P1Z2,nan|Q9HCE7,,Q9HCE7,Q9P1Z2,SMURF1,CALCOCO1,HECT,1,UbiBrowser2,20804422
nan|Q9HCE7|Q9P270,nan|Q9HCE7,,Q9HCE7,Q9P270,SMURF1,SLAIN2,HECT,1,UbiBrowser2,20804422
nan|Q9HCE7|Q9P2X3,nan|Q9HCE7,,Q9HCE7,Q9P2X3,SMURF1,IMPACT,HECT,1,UbiBrowser2,20804422
nan|Q9HCE7|Q9P2Y5,nan|Q9HCE7,,Q9HCE7,Q9P2Y5,SMURF1,UVRAG,HECT,1,UbiBrowser2,30686098
nan|Q9HCE7|Q9UHD2,nan|Q9HCE7,,Q9HCE7,Q9UHD2,SMURF1,TBK1,HECT,1,UbiBrowser2,20804422
nan|Q9HCE7|Q9UHD9,nan|Q9HCE7,,Q9HCE7,Q9UHD9,SMURF1,UBQLN2,HECT,1,UbiBrowser2,20804422
nan|Q9HCE7|Q9UKE5,nan|Q9HCE7,,Q9HCE7,Q9UKE5,SMURF1,TNIK,HECT,1,UbiBrowser2,22199232
nan|Q9HCE7|Q9ULJ7,nan|Q9HCE7,,Q9HCE7,Q9ULJ7,SMURF1,ANKRD50,HECT,1,UbiBrowser2,22199232
nan|Q9HCE7|Q9UM07,nan|Q9HCE7,,Q9HCE7,Q9UM07,SMURF1,PADI4,HECT,1,UbiBrowser2,20804422
nan|Q9HCE7|Q9UMX0,nan|Q9HCE7,,Q9HCE7,Q9UMX0,SMURF1,UBQLN1,HECT,1,UbiBrowser2,20804422
nan|Q9HCE7|Q9Y261,nan|Q9HCE7,,Q9HCE7,Q9Y261,SMURF1,FOXA2,HECT,1,UbiBrowser2,31891682
nan|Q9HCE7|Q9Y2U5,nan|Q9HCE7,,Q9HCE7,Q9Y2U5,SMURF1,MAP3K2,HECT,1,UbiBrowser2,20804422
nan|Q9HCE7|Q9Y490,nan|Q9HCE7,,Q9HCE7,Q9Y490,SMURF1,TLN1,HECT,1,UbiBrowser2,22199232
nan|Q9HCE7|Q9Y4K4,nan|Q9HCE7,,Q9HCE7,Q9Y4K4,SMURF1,MAP4K5,HECT,1,UbiBrowser2,20804422
nan|Q9HCE7|Q9Y508,nan|Q9HCE7,,Q9HCE7,Q9Y508,SMURF1,RNF114,HECT,1,UbiBrowser2,20804422
nan|Q9HCE7|Q9Y5W3,nan|Q9HCE7,,Q9HCE7,Q9Y5W3,SMURF1,KLF2,HECT,1,UbiBrowser2,21382345
nan|Q9HCE7|Q9Y6I3,nan|Q9HCE7,,Q9HCE7,Q9Y6I3,SMURF1,EPN1,HECT,1,UbiBrowser2,20804422
nan|Q9HCI7|P04637,nan|Q9HCI7,,Q9HCI7,P04637,MSL2,TP53,RING,1,UbiBrowser2,19033443
nan|Q9HCI7|P62807,nan|Q9HCI7,,Q9HCI7,P62807,MSL2,H2BC4,RING,1,UbiBrowser2,16627869
nan|Q9HCI7|Q16778,nan|Q9HCI7,,Q9HCI7,Q16778,MSL2,H2BC21,RING,1,UbiBrowser2,21726816
nan|Q9HCM9|P04637,nan|Q9HCM9,,Q9HCM9,P04637,TRIM39,TP53,RING,1,UbiBrowser2,23213260
nan|Q9HCM9|Q96BY2,nan|Q9HCM9,,Q9HCM9,Q96BY2,TRIM39,MOAP1,RING,1,UbiBrowser2,22199232
nan|Q9NPC3|P14635,nan|Q9NPC3,,Q9NPC3,P14635,CCNB1IP1,CCNB1,RING,1,UbiBrowser2,12612082
nan|Q9NPC3|Q9NPC3,nan|Q9NPC3,,Q9NPC3,Q9NPC3,CCNB1IP1,CCNB1IP1,RING,1,UbiBrowser2,12612082
nan|Q9NQ86|Q14653,nan|Q9NQ86,,Q9NQ86,Q14653,TRIM36,IRF3,RING,1,UbiBrowser2,18711448
nan|Q9NR09|Q9NR28,nan|Q9NR09,,Q9NR09,Q9NR28,BIRC6,DIABLO,Other,1,UbiBrowser2,15300255
nan|Q9NRD0|P01106,nan|Q9NRD0,,Q9NRD0,P01106,FBXO8,MYC,F-box,1,UbiBrowser2,32796813
nan|Q9NRD0|P09211,nan|Q9NRD0,,Q9NRD0,P09211,FBXO8,GSTP1,F-box,1,UbiBrowser2,31024008
nan|Q9NRD0|P62330,nan|Q9NRD0,,Q9NRD0,P62330,FBXO8,ARF6,F-box,1,UbiBrowser2,18094045
nan|Q9NRD1|O00584,nan|Q9NRD1,,Q9NRD1,O00584,FBXO6,RNASET2,F-box,1,UbiBrowser2,33767133
nan|Q9NRD1|O14757,nan|Q9NRD1,,Q9NRD1,O14757,FBXO6,CHEK1,F-box,1,UbiBrowser2,19716789
nan|Q9NRD1|O75882,nan|Q9NRD1,,Q9NRD1,O75882,FBXO6,ATRN,F-box,1,UbiBrowser2,24658274
nan|Q9NRD1|P02786,nan|Q9NRD1,,Q9NRD1,P02786,FBXO6,TFRC,F-box,1,UbiBrowser2,24658274
nan|Q9NRD1|Q14653,nan|Q9NRD1,,Q9NRD1,Q14653,FBXO6,IRF3,F-box,1,UbiBrowser2,31308089
nan|Q9NRD1|Q96HE7,nan|Q9NRD1,,Q9NRD1,Q96HE7,FBXO6,ERO1A,F-box,1,UbiBrowser2,27855403
nan|Q9NRD1|Q9BRS2,nan|Q9NRD1,,Q9NRD1,Q9BRS2,FBXO6,RIOK1,F-box,1,UbiBrowser2,29384474
nan|Q9NRM6|O00628,nan|Q9NRM6,,Q9NRM6,O00628,IL17RB,PEX7,Other,1,UbiBrowser2,30378028
nan|Q9NS56|P04637,nan|Q9NS56,,Q9NS56,P04637,TOPORS,TP53,RING,1,UbiBrowser2,19895323
nan|Q9NS56|P16104,nan|Q9NS56,,Q9NS56,P16104,TOPORS,H2AX,RING,1,UbiBrowser2,22972498
nan|Q9NS56|Q99801,nan|Q9NS56,,Q9NS56,Q99801,TOPORS,NKX3-1,RING,1,UbiBrowser2,18077445
nan|Q9NS91|P04637,nan|Q9NS91,,Q9NS91,P04637,RAD18,TP53,RING,1,UbiBrowser2,33083020
nan|Q9NS91|P12004,nan|Q9NS91,,Q9NS91,P12004,RAD18,PCNA,RING,1,UbiBrowser2,12226657
nan|Q9NS91|P35250,nan|Q9NS91,,Q9NS91,P35250,RAD18,RFC2,RING,1,UbiBrowser2,18245774
nan|Q9NS91|Q12888,nan|Q9NS91,,Q9NS91,Q12888,RAD18,TP53BP1,RING,1,UbiBrowser2,19228710
nan|Q9NS91|Q9BXW9,nan|Q9NS91,,Q9NS91,Q9BXW9,RAD18,FANCD2,RING,1,UbiBrowser2,20675655
nan|Q9NS91|Q9NS91,nan|Q9NS91,,Q9NS91,Q9NS91,RAD18,RAD18,RING,1,UbiBrowser2,15509568
nan|Q9NSE2|O43521,nan|Q9NSE2,,Q9NSE2,O43521,CISH,BCL2L11,SOCS_VHL_BC-box,1,UbiBrowser2,19622774
nan|Q9NTX7|O15169,nan|Q9NTX7,,Q9NTX7,O15169,RNF146,AXIN1,RING,1,UbiBrowser2,21478859
nan|Q9NTX7|O15234,nan|Q9NTX7,,Q9NTX7,O15234,RNF146,CASC3,RING,1,UbiBrowser2,21478859
nan|Q9NTX7|O60239,nan|Q9NTX7,,Q9NTX7,O60239,RNF146,SH3BP5,RING,1,UbiBrowser2,34128958
nan|Q9NTX7|O95271,nan|Q9NTX7,,Q9NTX7,O95271,RNF146,TNKS,RING,1,UbiBrowser2,21478859
nan|Q9NTX7|P09874,nan|Q9NTX7,,Q9NTX7,P09874,RNF146,PARP1,RING,1,UbiBrowser2,21825151
nan|Q9NTX7|P12956,nan|Q9NTX7,,Q9NTX7,P12956,RNF146,XRCC6,RING,1,UbiBrowser2,21825151
nan|Q9NTX7|P18887,nan|Q9NTX7,,Q9NTX7,P18887,RNF146,XRCC1,RING,1,UbiBrowser2,21825151
nan|Q9NTX7|Q7L8J4,nan|Q9NTX7,,Q9NTX7,Q7L8J4,RNF146,SH3BP5L,RING,1,UbiBrowser2,34128958
nan|Q9NTX7|Q9H2G9,nan|Q9NTX7,,Q9NTX7,Q9H2G9,RNF146,BLZF1,RING,1,UbiBrowser2,21478859
nan|Q9NTX7|Q9H2K2,nan|Q9NTX7,,Q9NTX7,Q9H2K2,RNF146,TNKS2,RING,1,UbiBrowser2,21478859
nan|Q9NTX7|Q9Y2T1,nan|Q9NTX7,,Q9NTX7,Q9Y2T1,RNF146,AXIN2,RING,1,UbiBrowser2,21383061
nan|Q9NV58|P00441,nan|Q9NV58,,Q9NV58,P00441,RNF19A,SOD1,RING,1,UbiBrowser2,RN19A_HUMAN
nan|Q9NV58|P04637,nan|Q9NV58,,Q9NV58,P04637,RNF19A,TP53,RING,1,UbiBrowser2,34184814
nan|Q9NV58|P41180,nan|Q9NV58,,Q9NV58,P41180,RNF19A,CASR,RING,1,UbiBrowser2,RN19A_HUMAN
nan|Q9NV58|Q9NV58,nan|Q9NV58,,Q9NV58,Q9NV58,RNF19A,RNF19A,RING,1,UbiBrowser2,11237715
nan|Q9NV58|Q9Y4K3,nan|Q9NV58,,Q9NV58,Q9Y4K3,RNF19A,TRAF6,RING,1,UbiBrowser2,29215004
nan|Q9NV58|Q9Y6H5,nan|Q9NV58,,Q9NV58,Q9Y6H5,RNF19A,SNCAIP,RING,1,UbiBrowser2,18004887
nan|Q9NVF7|Q9NVF7,nan|Q9NVF7,,Q9NVF7,Q9NVF7,FBXO28,FBXO28,F-box,1,UbiBrowser2,31678254
nan|Q9NVR0|P14635,nan|Q9NVR0,,Q9NVR0,P14635,KLHL11,CCNB1,BTB_3,1,UbiBrowser2,22199232
nan|Q9NVW2|O43679,nan|Q9NVW2,,Q9NVW2,O43679,RLIM,LDB2,RING,1,UbiBrowser2,RNF12_HUMAN
nan|Q9NVW2|P04637,nan|Q9NVW2,,Q9NVW2,P04637,RLIM,TP53,RING,1,UbiBrowser2,33328571
nan|Q9NVW2|P16949,nan|Q9NVW2,,Q9NVW2,P16949,RLIM,STMN1,RING,1,UbiBrowser2,24686088
nan|Q9NVW2|P25791,nan|Q9NVW2,,Q9NVW2,P25791,RLIM,LMO2,RING,1,UbiBrowser2,31801865
nan|Q9NVW2|P50458,nan|Q9NVW2,,Q9NVW2,P50458,RLIM,LHX2,RING,1,UbiBrowser2,31801865
nan|Q9NVW2|P53667,nan|Q9NVW2,,Q9NVW2,P53667,RLIM,LIMK1,RING,1,UbiBrowser2,RNF12_HUMAN
nan|Q9NVW2|P54274,nan|Q9NVW2,,Q9NVW2,P54274,RLIM,TERF1,RING,1,UbiBrowser2,31801865
nan|Q9NVW2|P61968,nan|Q9NVW2,,Q9NVW2,P61968,RLIM,LMO4,RING,1,UbiBrowser2,31801865
nan|Q9NVW2|Q00987,nan|Q9NVW2,,Q9NVW2,Q00987,RLIM,MDM2,RING,1,UbiBrowser2,26926424
nan|Q9NVW2|Q86U70,nan|Q9NVW2,,Q9NVW2,Q86U70,RLIM,LDB1,RING,1,UbiBrowser2,17437998
nan|Q9NVW2|Q92769,nan|Q9NVW2,,Q9NVW2,Q92769,RLIM,HDAC2,RING,1,UbiBrowser2,12840003
nan|Q9NVW2|Q92994,nan|Q9NVW2,,Q9NVW2,Q92994,RLIM,BRF1,RING,1,UbiBrowser2,30413534
nan|Q9NVW2|Q96MM3,nan|Q9NVW2,,Q9NVW2,Q96MM3,RLIM,ZFP42,RING,1,UbiBrowser2,22596162
nan|Q9NVW2|Q9NVW2,nan|Q9NVW2,,Q9NVW2,Q9NVW2,RLIM,RLIM,RING,1,UbiBrowser2,31801865
nan|Q9NVW2|Q9UBR4,nan|Q9NVW2,,Q9NVW2,Q9UBR4,RLIM,LHX3,RING,1,UbiBrowser2,31801865
nan|Q9NW38|P35222,nan|Q9NW38,,Q9NW38,P35222,FANCL,CTNNB1,RING,1,UbiBrowser2,22653977
nan|Q9NW38|Q9BXW9,nan|Q9NW38,,Q9NW38,Q9BXW9,FANCL,FANCD2,RING,1,UbiBrowser2,16201245
nan|Q9NW38|Q9NVI1,nan|Q9NW38,,Q9NW38,Q9NVI1,FANCL,FANCI,RING,1,UbiBrowser2,20937699
nan|Q9NWF9|O00206,nan|Q9NWF9,,Q9NWF9,O00206,RNF216,TLR4,RING,1,UbiBrowser2,15107846
nan|Q9NWF9|Q13114,nan|Q9NWF9,,Q9NWF9,Q13114,RNF216,TRAF3,RING,1,UbiBrowser2,15107846
nan|Q9NWF9|Q13546,nan|Q9NWF9,,Q9NWF9,Q13546,RNF216,RIPK1,RING,1,UbiBrowser2,16968706
nan|Q9NWF9|Q9NR96,nan|Q9NWF9,,Q9NWF9,Q9NR96,RNF216,TLR9,RING,1,UbiBrowser2,15107846
nan|Q9NWF9|Q9NR97,nan|Q9NWF9,,Q9NWF9,Q9NR97,RNF216,TLR8,RING,1,UbiBrowser2,31385713
nan|Q9NWF9|Q9NWF9,nan|Q9NWF9,,Q9NWF9,Q9NWF9,RNF216,RNF216,RING,1,UbiBrowser2,RN216_HUMAN
nan|Q9NWN3|P15172,nan|Q9NWN3,,Q9NWN3,P15172,FBXO34,MYOD1,F-box,1,UbiBrowser2,19319192
nan|Q9NWZ3|Q96FA3,nan|Q9NWZ3,,Q9NWZ3,Q96FA3,IRAK4,PELI1,SINGLE_OTHER,1,UbiBrowser2,17675297
nan|Q9NX47|O00220,nan|Q9NX47,,Q9NX47,O00220,MARCHF5,TNFRSF10A,RING,1,UbiBrowser2,23300075
nan|Q9NX47|O00429,nan|Q9NX47,,Q9NX47,O00429,MARCHF5,DNM1L,RING,1,UbiBrowser2,16936636
nan|Q9NX47|O95140,nan|Q9NX47,,Q9NX47,O95140,MARCHF5,MFN2,RING,1,UbiBrowser2,23727017
nan|Q9NX47|P00441,nan|Q9NX47,,Q9NX47,P00441,MARCHF5,SOD1,RING,1,UbiBrowser2,19741096
nan|Q9NX47|P33076,nan|Q9NX47,,Q9NX47,P33076,MARCHF5,CIITA,RING,1,UbiBrowser2,18389477
nan|Q9NX47|P46821,nan|Q9NX47,,Q9NX47,P46821,MARCHF5,MAP1B,RING,1,UbiBrowser2,22308378
nan|Q9NX47|P46939,nan|Q9NX47,,Q9NX47,P46939,MARCHF5,UTRN,RING,1,UbiBrowser2,22199232
nan|Q9NX47|P54252,nan|Q9NX47,,Q9NX47,P54252,MARCHF5,ATXN3,RING,1,UbiBrowser2,20851218
nan|Q9NX47|Q07820,nan|Q9NX47,,Q9NX47,Q07820,MARCHF5,MCL1,RING,1,UbiBrowser2,32484436
nan|Q9NX47|Q7Z434,nan|Q9NX47,,Q9NX47,Q7Z434,MARCHF5,MAVS,RING,1,UbiBrowser2,31881323
nan|Q9NX47|Q8IWA4,nan|Q9NX47,,Q9NX47,Q8IWA4,MARCHF5,MFN1,RING,1,UbiBrowser2,MARH5_HUMAN
nan|Q9NX47|Q92844,nan|Q9NX47,,Q9NX47,Q92844,MARCHF5,TANK,RING,1,UbiBrowser2,32296023
nan|Q9NX47|Q9NX47,nan|Q9NX47,,Q9NX47,Q9NX47,MARCHF5,MARCHF5,RING,1,UbiBrowser2,MARH5_HUMAN
nan|Q9NX47|Q9Y3D6,nan|Q9NX47,,Q9NX47,Q9Y3D6,MARCHF5,FIS1,RING,1,UbiBrowser2,MARH5_HUMAN
nan|Q9NXF7|Q56A73,nan|Q9NXF7,,Q9NXF7,Q56A73,DCAF16,SPIN4,Other,1,UbiBrowser2,33636084
nan|Q9NXI6|P58004,nan|Q9NXI6,,Q9NXI6,P58004,RNF186,SESN2,RING,1,UbiBrowser2,31586034
nan|Q9NXK8|P13010,nan|Q9NXK8,,Q9NXK8,P13010,FBXL12,XRCC5,F-box,1,UbiBrowser2,24658274
nan|Q9NXK8|P30838,nan|Q9NXK8,,Q9NXK8,P30838,FBXL12,ALDH3A1,F-box,1,UbiBrowser2,26124079
nan|Q9NXK8|P49918,nan|Q9NXK8,,Q9NXK8,P49918,FBXL12,CDKN1C,F-box,1,UbiBrowser2,22199232
nan|Q9NXK8|Q14012,nan|Q9NXK8,,Q9NXK8,Q14012,FBXL12,CAMK1,F-box,1,UbiBrowser2,22199232
nan|Q9NXK8|Q96RR4,nan|Q9NXK8,,Q9NXK8,Q96RR4,FBXL12,CAMKK2,F-box,1,UbiBrowser2,23707388
nan|Q9NYG5|O75496,nan|Q9NYG5,,Q9NYG5,O75496,ANAPC11,GMNN,Other,1,UbiBrowser2,22199232
nan|Q9NYG5|O95997,nan|Q9NYG5,,Q9NYG5,O95997,ANAPC11,PTTG1,Other,1,UbiBrowser2,22199232
nan|Q9NYG5|P14635,nan|Q9NYG5,,Q9NYG5,P14635,ANAPC11,CCNB1,Other,1,UbiBrowser2,22199232
nan|Q9NYG5|Q9NQW6,nan|Q9NYG5,,Q9NYG5,Q9NQW6,ANAPC11,ANLN,Other,1,UbiBrowser2,22199232
nan|Q9NZJ0|A4F535,nan|Q9NZJ0,,Q9NZJ0,A4F535,DTL,P,DWD,1,UbiBrowser2,30775435
nan|Q9NZJ0|O14757,nan|Q9NZJ0,,Q9NZJ0,O14757,DTL,CHEK1,DWD,1,UbiBrowser2,23533280
nan|Q9NZJ0|P04637,nan|Q9NZJ0,,Q9NZJ0,P04637,DTL,TP53,DWD,1,UbiBrowser2,DTL_HUMAN
nan|Q9NZJ0|P12004,nan|Q9NZJ0,,Q9NZJ0,P12004,DTL,PCNA,DWD,1,UbiBrowser2,20129063
nan|Q9NZJ0|P28715,nan|Q9NZJ0,,Q9NZJ0,P28715,DTL,ERCC5,DWD,1,UbiBrowser2,25483071
nan|Q9NZJ0|P38936,nan|Q9NZJ0,,Q9NZJ0,P38936,DTL,CDKN1A,DWD,1,UbiBrowser2,DTL_HUMAN
nan|Q9NZJ0|Q13569,nan|Q9NZJ0,,Q9NZJ0,Q13569,DTL,TDG,DWD,1,UbiBrowser2,24962565
nan|Q9NZJ0|Q16526,nan|Q9NZJ0,,Q9NZJ0,Q16526,DTL,CRY1,DWD,1,UbiBrowser2,26431207
nan|Q9NZJ0|Q53EL6,nan|Q9NZJ0,,Q9NZJ0,Q53EL6,DTL,PDCD4,DWD,1,UbiBrowser2,31409387
nan|Q9NZJ0|Q6IQ49,nan|Q9NZJ0,,Q9NZJ0,Q6IQ49,DTL,SDE2,DWD,1,UbiBrowser2,27906959
nan|Q9NZJ0|Q8NFZ0,nan|Q9NZJ0,,Q9NZJ0,Q8NFZ0,DTL,FBH1,DWD,1,UbiBrowser2,22199232
nan|Q9NZJ0|Q92830,nan|Q9NZJ0,,Q9NZJ0,Q92830,DTL,KAT2A,DWD,1,UbiBrowser2,21987584
nan|Q9NZJ0|Q99741,nan|Q9NZJ0,,Q9NZJ0,Q99741,DTL,CDC6,DWD,1,UbiBrowser2,24434580
nan|Q9NZJ0|Q9H211,nan|Q9NZJ0,,Q9NZJ0,Q9H211,DTL,CDT1,DWD,1,UbiBrowser2,DTL_HUMAN
nan|Q9NZJ0|Q9HCU8,nan|Q9NZJ0,,Q9NZJ0,Q9HCU8,DTL,POLD4,DWD,1,UbiBrowser2,24022480
nan|Q9NZJ0|Q9NQR1,nan|Q9NZJ0,,Q9NZJ0,Q9NQR1,DTL,KMT5A,DWD,1,UbiBrowser2,21035370
nan|Q9NZJ0|Q9Y253,nan|Q9NZJ0,,Q9NZJ0,Q9Y253,DTL,POLH,DWD,1,UbiBrowser2,29208956
nan|Q9NZS9|P01135,nan|Q9NZS9,,Q9NZS9,P01135,BFAR,TGFA,RING,1,UbiBrowser2,33914044
nan|Q9NZS9|P55061,nan|Q9NZS9,,Q9NZS9,P55061,BFAR,TMBIM6,RING,1,UbiBrowser2,21068390
nan|Q9P0N8|P02786,nan|Q9P0N8,,Q9P0N8,P02786,MARCHF2,TFRC,RING,1,UbiBrowser2,MARH2_HUMAN
nan|Q9P0N8|P13569,nan|Q9P0N8,,Q9P0N8,P13569,MARCHF2,CFTR,RING,1,UbiBrowser2,23818989
nan|Q9P0N8|P42081,nan|Q9P0N8,,Q9P0N8,P42081,MARCHF2,CD86,RING,1,UbiBrowser2,MARH2_HUMAN
nan|Q9P0N8|Q12959,nan|Q9P0N8,,Q9P0N8,Q12959,MARCHF2,DLG1,RING,1,UbiBrowser2,22199232
nan|Q9P0N8|Q9Y282,nan|Q9P0N8,,Q9P0N8,Q9Y282,MARCHF2,ERGIC3,RING,1,UbiBrowser2,31142615
nan|Q9P0P0|P03372,nan|Q9P0P0,,Q9P0P0,P03372,RNF181,ESR1,RING,1,UbiBrowser2,32973333
nan|Q9P0P0|P08514,nan|Q9P0P0,,Q9P0P0,P08514,RNF181,ITGA2B,RING,1,UbiBrowser2,22199232
nan|Q9P0P0|Q9P0P0,nan|Q9P0P0,,Q9P0P0,Q9P0P0,RNF181,RNF181,RING,1,UbiBrowser2,18331836
nan|Q9P253|Q9NYY3,nan|Q9P253,,Q9P253,Q9NYY3,VPS18,PLK2,RING,1,UbiBrowser2,16203730
nan|Q9P253|Q9NZ52,nan|Q9P253,,Q9P253,Q9NZ52,VPS18,GGA3,RING,1,UbiBrowser2,16996030
nan|Q9P2E8|P01730,nan|Q9P2E8,,Q9P2E8,P01730,MARCHF4,CD4,RING,1,UbiBrowser2,MARH4_HUMAN
nan|Q9P2E8|P01911,nan|Q9P2E8,,Q9P2E8,P01911,MARCHF4,HLA-DRB1,RING,1,UbiBrowser2,22199232
nan|Q9P2E8|Q9GIY3,nan|Q9P2E8,,Q9P2E8,Q9GIY3,MARCHF4,HLA-DRB1,RING,1,UbiBrowser2,14722266
nan|Q9P2G9|Q13702,nan|Q9P2G9,,Q9P2G9,Q13702,KLHL8,RAPSN,BTB_3,1,UbiBrowser2,19158078
nan|Q9P2J3#Q9P2N7|P14635,nan|Q9P2J3#Q9P2N7,,Q9P2J3#Q9P2N7,P14635,KLHL9#KLHL13,CCNB1,Other,1,UbiBrowser2,22199232
nan|Q9P2J3|P14635,nan|Q9P2J3,,Q9P2J3,P14635,KLHL9,CCNB1,BTB_3,1,UbiBrowser2,18075312
nan|Q9P2J3|P17676,nan|Q9P2J3,,Q9P2J3,P17676,KLHL9,CEBPB,BTB_3,1,UbiBrowser2,25303533
nan|Q9P2J3|Q6PGQ7,nan|Q9P2J3,,Q9P2J3,Q6PGQ7,KLHL9,BORA,BTB_3,1,UbiBrowser2,17543862
nan|Q9P2J3|Q96GD4,nan|Q9P2J3,,Q9P2J3,Q96GD4,KLHL9,AURKB,BTB_3,1,UbiBrowser2,19995937
nan|Q9P2K6|Q16537,nan|Q9P2K6,,Q9P2K6,Q16537,KLHL42,PPP2R5E,BTB_3,1,UbiBrowser2,32071084
nan|Q9P2N7|P14635,nan|Q9P2N7,,Q9P2N7,P14635,KLHL13,CCNB1,BTB_3,1,UbiBrowser2,18075312
nan|Q9P2N7|Q6PGQ7,nan|Q9P2N7,,Q9P2N7,Q6PGQ7,KLHL13,BORA,BTB_3,1,UbiBrowser2,17543862
nan|Q9P2N7|Q96GD4,nan|Q9P2N7,,Q9P2N7,Q96GD4,KLHL13,AURKB,BTB_3,1,UbiBrowser2,19995937
nan|Q9P2P5|O15350,nan|Q9P2P5,,Q9P2P5,O15350,HECW2,TP73,HECT,1,UbiBrowser2,12890487
nan|Q9P2P5|P12004,nan|Q9P2P5,,Q9P2P5,P12004,HECW2,PCNA,HECT,1,UbiBrowser2,29753763
nan|Q9P2P5|P20700,nan|Q9P2P5,,Q9P2P5,P20700,HECW2,LMNB1,HECT,1,UbiBrowser2,29753763
nan|Q9UBN7|O14757,nan|Q9UBN7,,Q9UBN7,O14757,HDAC6,CHEK1,Other,1,UbiBrowser2,33020410
nan|Q9UBN7|P08151,nan|Q9UBN7,,Q9UBN7,P08151,HDAC6,GLI1,Other,1,UbiBrowser2,33895473
nan|Q9UBS8|Q9UBS8,nan|Q9UBS8,,Q9UBS8,Q9UBS8,RNF14,RNF14,RING,1,UbiBrowser2,22199232
nan|Q9UDY8|Q9Y6K9,nan|Q9UDY8,,Q9UDY8,Q9Y6K9,MALT1,IKBKG,HECT,1,UbiBrowser2,15125833
nan|Q9UF56|O14867,nan|Q9UF56,,Q9UF56,O14867,FBXL17,BACH1,F-box,1,UbiBrowser2,PMC4306233
nan|Q9UF56|Q9BX63,nan|Q9UF56,,Q9UF56,Q9BX63,FBXL17,BRIP1,F-box,1,UbiBrowser2,24658274
nan|Q9UF56|Q9UMX1,nan|Q9UF56,,Q9UF56,Q9UMX1,FBXL17,SUFU,F-box,1,UbiBrowser2,27234298
nan|Q9UH77|Q96J92,nan|Q9UH77,,Q9UH77,Q96J92,KLHL3,WNK4,BTB_3,1,UbiBrowser2,23453970
nan|Q9UH77|Q9H4A3,nan|Q9UH77,,Q9UH77,Q9H4A3,KLHL3,WNK1,BTB_3,1,UbiBrowser2,23387299
nan|Q9UH90|P35568,nan|Q9UH90,,Q9UH90,P35568,FBXO40,IRS1,F-box,1,UbiBrowser2,24658274
nan|Q9UHC7|O14746,nan|Q9UHC7,,Q9UHC7,O14746,MKRN1,TERT,RING,1,UbiBrowser2,15805468
nan|Q9UHC7|O95259,nan|Q9UHC7,,Q9UHC7,O95259,MKRN1,KCNH1,RING,1,UbiBrowser2,33647316
nan|Q9UHC7|P04637,nan|Q9UHC7,,Q9UHC7,P04637,MKRN1,TP53,RING,1,UbiBrowser2,MKRN1_HUMAN
nan|Q9UHC7|P06935,nan|Q9UHC7,,Q9UHC7,P06935,MKRN1,,RING,1,UbiBrowser2,22199232
nan|Q9UHC7|P11940,nan|Q9UHC7,,Q9UHC7,P11940,MKRN1,PABPC1,RING,1,UbiBrowser2,31640799
nan|Q9UHC7|P38936,nan|Q9UHC7,,Q9UHC7,P38936,MKRN1,CDKN1A,RING,1,UbiBrowser2,19536131
nan|Q9UHC7|P46783,nan|Q9UHC7,,Q9UHC7,P46783,MKRN1,RPS10,RING,1,UbiBrowser2,31640799
nan|Q9UHC7|P54098,nan|Q9UHC7,,Q9UHC7,P54098,MKRN1,POLG,RING,1,UbiBrowser2,22199232
nan|Q9UHC7|Q7Z7B0,nan|Q9UHC7,,Q9UHC7,Q7Z7B0,MKRN1,FILIP1,RING,1,UbiBrowser2,MKRN1_HUMAN
nan|Q9UHC7|Q8N726,nan|Q9UHC7,,Q9UHC7,Q8N726,MKRN1,CDKN2A,RING,1,UbiBrowser2,23104211
nan|Q9UII4|P22392,nan|Q9UII4,,Q9UII4,P22392,HERC5,NME2,HECT,1,UbiBrowser2,18535780
nan|Q9UII4|Q13363,nan|Q9UII4,,Q9UII4,Q13363,HERC5,CTBP1,HECT,1,UbiBrowser2,34147029
nan|Q9UJP4|Q5UEC6,nan|Q9UJP4,,Q9UJP4,Q5UEC6,KLHL21,EB1,BTB_3,1,UbiBrowser2,27641145
nan|Q9UJP4|Q96GD4,nan|Q9UJP4,,Q9UJP4,Q96GD4,KLHL21,AURKB,BTB_3,1,UbiBrowser2,KLH21_HUMAN
nan|Q9UJT9|O14965,nan|Q9UJT9,,Q9UJT9,O14965,FBXL7,AURKA,F-box,1,UbiBrowser2,24658274
nan|Q9UJT9|O15392,nan|Q9UJT9,,Q9UJT9,O15392,FBXL7,BIRC5,F-box,1,UbiBrowser2,25778398
nan|Q9UJT9|O95863,nan|Q9UJT9,,Q9UJT9,O95863,FBXL7,SNAI1,F-box,1,UbiBrowser2,34249081
nan|Q9UJT9|P12931,nan|Q9UJT9,,Q9UJT9,P12931,FBXL7,SRC,F-box,1,UbiBrowser2,32839549
nan|Q9UJX6|O95997,nan|Q9UJX6,,Q9UJX6,O95997,ANAPC2,PTTG1,Other,1,UbiBrowser2,12956947
nan|Q9UK22|P02765,nan|Q9UK22,,Q9UK22,P02765,FBXO2,AHSG,Other,1,UbiBrowser2,12140560
nan|Q9UK22|P05556,nan|Q9UK22,,Q9UK22,P05556,FBXO2,ITGB1,Other,1,UbiBrowser2,16275327
nan|Q9UK22|P10193,nan|Q9UK22,,Q9UK22,P10193,FBXO2,UL9,Other,1,UbiBrowser2,22199232
nan|Q9UK22|P29033,nan|Q9UK22,,Q9UK22,P29033,FBXO2,GJB2,Other,1,UbiBrowser2,24658274
nan|Q9UK22|P35555,nan|Q9UK22,,Q9UK22,P35555,FBXO2,FBN1,Other,1,UbiBrowser2,32984335
nan|Q9UK22|P56817,nan|Q9UK22,,Q9UK22,P56817,FBXO2,BACE1,Other,1,UbiBrowser2,20854419
nan|Q9UK22|P78324,nan|Q9UK22,,Q9UK22,P78324,FBXO2,SIRPA,Other,1,UbiBrowser2,24658274
nan|Q9UK22|Q05586,nan|Q9UK22,,Q9UK22,Q05586,FBXO2,GRIN1,Other,1,UbiBrowser2,22199232
nan|Q9UK22|Q9UHB4,nan|Q9UK22,,Q9UK22,Q9UHB4,FBXO2,NDOR1,Other,1,UbiBrowser2,24658274
nan|Q9UK22|Q9UNE7,nan|Q9UK22,,Q9UK22,Q9UNE7,FBXO2,STUB1,Other,1,UbiBrowser2,16682404
nan|Q9UK96|P10415,nan|Q9UK96,,Q9UK96,P10415,FBXO10,BCL2,F-box,1,UbiBrowser2,24658274
nan|Q9UK97|O43156,nan|Q9UK97,,Q9UK97,O43156,FBXO9,TTI1,F-box,1,UbiBrowser2,24658274
nan|Q9UK97|Q9H2A3,nan|Q9UK97,,Q9UK97,Q9H2A3,FBXO9,NEUROG2,F-box,1,UbiBrowser2,32029586
nan|Q9UK97|Q9Y4R8,nan|Q9UK97,,Q9UK97,Q9Y4R8,FBXO9,TELO2,F-box,1,UbiBrowser2,24658274
nan|Q9UK99|Q09472,nan|Q9UK99,,Q9UK99,Q09472,FBXO3,EP300,F-box,1,UbiBrowser2,18809579
nan|Q9UK99|Q9H2X6,nan|Q9UK99,,Q9UK99,Q9H2X6,FBXO3,HIPK2,F-box,1,UbiBrowser2,18809579
nan|Q9UK99|Q9HCE7,nan|Q9UK99,,Q9UK99,Q9HCE7,FBXO3,SMURF1,F-box,1,UbiBrowser2,25721664
nan|Q9UK99|Q9NXK8,nan|Q9UK99,,Q9UK99,Q9NXK8,FBXO3,FBXL12,F-box,1,UbiBrowser2,24658274
nan|Q9UKA1|O95863,nan|Q9UKA1,,Q9UKA1,O95863,FBXL5,SNAI1,F-box,1,UbiBrowser2,24157836
nan|Q9UKA1|P00519,nan|Q9UKA1,,Q9UKA1,P00519,FBXL5,ABL1,F-box,1,UbiBrowser2,24658274
nan|Q9UKA1|P37840,nan|Q9UKA1,,Q9UKA1,P37840,FBXL5,SNCA,F-box,1,UbiBrowser2,31167929
nan|Q9UKA1|P48200,nan|Q9UKA1,,Q9UKA1,P48200,FBXL5,IREB2,F-box,1,UbiBrowser2,19762597
nan|Q9UKA1|Q14203,nan|Q9UKA1,,Q9UKA1,Q14203,FBXL5,DCTN1,F-box,1,UbiBrowser2,FBXL5_HUMAN
nan|Q9UKA1|Q9BQ15,nan|Q9UKA1,,Q9UKA1,Q9BQ15,FBXL5,NABP2,F-box,1,UbiBrowser2,25249620
nan|Q9UKA2|O75164,nan|Q9UKA2,,Q9UKA2,O75164,FBXL4,KDM4A,F-box,1,UbiBrowser2,24658274
nan|Q9UKB1|O00444,nan|Q9UKB1,,Q9UKB1,O00444,FBXW11,PLK4,F-box,1,UbiBrowser2,19084407
nan|Q9UKB1|O14503,nan|Q9UKB1,,Q9UKB1,O14503,FBXW11,BHLHE40,F-box,1,UbiBrowser2,25202122
nan|Q9UKB1|O14920,nan|Q9UKB1,,Q9UKB1,O14920,FBXW11,IKBKB,F-box,1,UbiBrowser2,10321728
nan|Q9UKB1|O15055,nan|Q9UKB1,,Q9UKB1,O15055,FBXW11,PER2,F-box,1,UbiBrowser2,24658274
nan|Q9UKB1|O15111,nan|Q9UKB1,,Q9UKB1,O15111,FBXW11,CHUK,F-box,1,UbiBrowser2,10321728
nan|Q9UKB1|O15534,nan|Q9UKB1,,Q9UKB1,O15534,FBXW11,PER1,F-box,1,UbiBrowser2,24658274
nan|Q9UKB1|O60343,nan|Q9UKB1,,Q9UKB1,O60343,FBXW11,TBC1D4,F-box,1,UbiBrowser2,25515538
nan|Q9UKB1|P16471,nan|Q9UKB1,,Q9UKB1,P16471,FBXW11,PRLR,F-box,1,UbiBrowser2,15082796
nan|Q9UKB1|P17181,nan|Q9UKB1,,Q9UKB1,P17181,FBXW11,IFNAR1,F-box,1,UbiBrowser2,FBW1B_HUMAN
nan|Q9UKB1|P19838,nan|Q9UKB1,,Q9UKB1,P19838,FBXW11,NFKB1,F-box,1,UbiBrowser2,FBW1B_HUMAN
nan|Q9UKB1|P25963,nan|Q9UKB1,,Q9UKB1,P25963,FBXW11,NFKBIA,F-box,1,UbiBrowser2,14707120
nan|Q9UKB1|P30291,nan|Q9UKB1,,Q9UKB1,P30291,FBXW11,WEE1,F-box,1,UbiBrowser2,15070733
nan|Q9UKB1|P30304,nan|Q9UKB1,,Q9UKB1,P30304,FBXW11,CDC25A,F-box,1,UbiBrowser2,14681206
nan|Q9UKB1|P30305,nan|Q9UKB1,,Q9UKB1,P30305,FBXW11,CDC25B,F-box,1,UbiBrowser2,21807946
nan|Q9UKB1|P35222,nan|Q9UKB1,,Q9UKB1,P35222,FBXW11,CTNNB1,F-box,1,UbiBrowser2,FBW1B_HUMAN
nan|Q9UKB1|P46937,nan|Q9UKB1,,Q9UKB1,P46937,FBXW11,YAP1,F-box,1,UbiBrowser2,24658274
nan|Q9UKB1|P53805,nan|Q9UKB1,,Q9UKB1,P53805,FBXW11,RCAN1,F-box,1,UbiBrowser2,24658274
nan|Q9UKB1|Q12959,nan|Q9UKB1,,Q9UKB1,Q12959,FBXW11,DLG1,F-box,1,UbiBrowser2,24658274
nan|Q9UKB1|Q13127,nan|Q9UKB1,,Q9UKB1,Q13127,FBXW11,REST,F-box,1,UbiBrowser2,24658274
nan|Q9UKB1|Q53EL6,nan|Q9UKB1,,Q9UKB1,Q53EL6,FBXW11,PDCD4,F-box,1,UbiBrowser2,24658274
nan|Q9UKB1|Q76N32,nan|Q9UKB1,,Q9UKB1,Q76N32,FBXW11,CEP68,F-box,1,UbiBrowser2,24658274
nan|Q9UKB1|Q8IYD8,nan|Q9UKB1,,Q9UKB1,Q8IYD8,FBXW11,FANCM,F-box,1,UbiBrowser2,24658274
nan|Q9UKB1|Q8TB45,nan|Q9UKB1,,Q9UKB1,Q8TB45,FBXW11,DEPTOR,F-box,1,UbiBrowser2,24658274
nan|Q9UKB1|Q9HAW4,nan|Q9UKB1,,Q9UKB1,Q9HAW4,FBXW11,CLSPN,F-box,1,UbiBrowser2,24658274
nan|Q9UKB1|Q9NX09,nan|Q9UKB1,,Q9UKB1,Q9NX09,FBXW11,DDIT4,F-box,1,UbiBrowser2,31406304
nan|Q9UKB1|Q9P2F8,nan|Q9UKB1,,Q9UKB1,Q9P2F8,FBXW11,SIPA1L2,F-box,1,UbiBrowser2,24658274
nan|Q9UKB1|Q9UKB1,nan|Q9UKB1,,Q9UKB1,Q9UKB1,FBXW11,FBXW11,F-box,1,UbiBrowser2,FBW1B_HUMAN
nan|Q9UKB1|Q9UKT4,nan|Q9UKB1,,Q9UKB1,Q9UKT4,FBXW11,FBXO5,F-box,1,UbiBrowser2,24658274
nan|Q9UKB1|Q9Y297,nan|Q9UKB1,,Q9UKB1,Q9Y297,FBXW11,BTRC,F-box,1,UbiBrowser2,31406304
nan|Q9UKC9|O00459,nan|Q9UKC9,,Q9UKC9,O00459,FBXL2,PIK3R2,F-box,1,UbiBrowser2,23604317
nan|Q9UKC9|P05067,nan|Q9UKC9,,Q9UKC9,P05067,FBXL2,APP,F-box,1,UbiBrowser2,22399757
nan|Q9UKC9|P30279,nan|Q9UKC9,,Q9UKC9,P30279,FBXL2,CCND2,F-box,1,UbiBrowser2,22323446
nan|Q9UKC9|P30281,nan|Q9UKC9,,Q9UKC9,P30281,FBXL2,CCND3,F-box,1,UbiBrowser2,22024926
nan|Q9UKC9|P49585,nan|Q9UKC9,,Q9UKC9,P49585,FBXL2,PCYT1A,F-box,1,UbiBrowser2,22199232
nan|Q9UKC9|Q08050,nan|Q9UKC9,,Q9UKC9,Q08050,FBXL2,FOXM1,F-box,1,UbiBrowser2,31679690
nan|Q9UKC9|Q14573,nan|Q9UKC9,,Q9UKC9,Q14573,FBXL2,ITPR3,F-box,1,UbiBrowser2,30355490
nan|Q9UKC9|Q96GD4,nan|Q9UKC9,,Q9UKC9,Q96GD4,FBXL2,AURKB,F-box,1,UbiBrowser2,23370391
nan|Q9UKC9|Q96P20,nan|Q9UKC9,,Q9UKC9,Q96P20,FBXL2,NLRP3,F-box,1,UbiBrowser2,26037928
nan|Q9UKT5|P05362,nan|Q9UKT5,,Q9UKT5,P05362,FBXO4,ICAM1,F-box,1,UbiBrowser2,29137327
nan|Q9UKT5|P24385,nan|Q9UKT5,,Q9UKT5,P24385,FBXO4,CCND1,F-box,1,UbiBrowser2,19767775
nan|Q9UKT5|P51114,nan|Q9UKT5,,Q9UKT5,P51114,FBXO4,FXR1,F-box,1,UbiBrowser2,29142209
nan|Q9UKT5|P54274,nan|Q9UKT5,,Q9UKT5,P54274,FBXO4,TERF1,F-box,1,UbiBrowser2,20181953
nan|Q9UKT5|Q07820,nan|Q9UKT5,,Q9UKT5,Q07820,FBXO4,MCL1,F-box,1,UbiBrowser2,28776569
nan|Q9UKT6|Q16526,nan|Q9UKT6,,Q9UKT6,Q16526,FBXL21P,CRY1,F-box,1,UbiBrowser2,24658274
nan|Q9UKT6|Q49AN0,nan|Q9UKT6,,Q9UKT6,Q49AN0,FBXL21P,CRY2,F-box,1,UbiBrowser2,24658274
nan|Q9UKT7|P08678,nan|Q9UKT7,,Q9UKT7,P08678,FBXL3,CYR1,F-box,1,UbiBrowser2,22199232
nan|Q9UKT7|Q16526,nan|Q9UKT7,,Q9UKT7,Q16526,FBXL3,CRY1,F-box,1,UbiBrowser2,24658274
nan|Q9UKT7|Q49AN0,nan|Q9UKT7,,Q9UKT7,Q49AN0,FBXL3,CRY2,F-box,1,UbiBrowser2,17463251
nan|Q9UKT8|O96020,nan|Q9UKT8,,Q9UKT8,O96020,FBXW2,CCNE2,F-box,1,UbiBrowser2,17298674
nan|Q9UKT8|P24864,nan|Q9UKT8,,Q9UKT8,P24864,FBXW2,CCNE1,F-box,1,UbiBrowser2,17298674
nan|Q9UKT8|P35548,nan|Q9UKT8,,Q9UKT8,P35548,FBXW2,MSX2,F-box,1,UbiBrowser2,31548378
nan|Q9UKT8|Q9NP62,nan|Q9UKT8,,Q9UKT8,Q9NP62,FBXW2,GCM1,F-box,1,UbiBrowser2,FBXW2_HUMAN
nan|Q9UKV5|O15503,nan|Q9UKV5,,Q9UKV5,O15503,AMFR,INSIG1,RING,1,UbiBrowser2,17043353
nan|Q9UKV5|O95140,nan|Q9UKV5,,Q9UKV5,O95140,AMFR,MFN2,RING,1,UbiBrowser2,23427266
nan|Q9UKV5|P00441,nan|Q9UKV5,,Q9UKV5,P00441,AMFR,SOD1,RING,1,UbiBrowser2,19661182
nan|Q9UKV5|P01009,nan|Q9UKV5,,Q9UKV5,P01009,AMFR,SERPINA1,RING,1,UbiBrowser2,16979136
nan|Q9UKV5|P04035,nan|Q9UKV5,,Q9UKV5,P04035,AMFR,HMGCR,RING,1,UbiBrowser2,17681147
nan|Q9UKV5|P04114,nan|Q9UKV5,,Q9UKV5,P04114,AMFR,APOB,RING,1,UbiBrowser2,12670940
nan|Q9UKV5|P04234,nan|Q9UKV5,,Q9UKV5,P04234,AMFR,CD3D,RING,1,UbiBrowser2,11724934
nan|Q9UKV5|P08034,nan|Q9UKV5,,Q9UKV5,P08034,AMFR,GJB1,RING,1,UbiBrowser2,30737405
nan|Q9UKV5|P08684,nan|Q9UKV5,,Q9UKV5,P08684,AMFR,CYP3A4,RING,1,UbiBrowser2,19095658
nan|Q9UKV5|P11441,nan|Q9UKV5,,Q9UKV5,P11441,AMFR,UBL4A,RING,1,UbiBrowser2,24424410
nan|Q9UKV5|P13569,nan|Q9UKV5,,Q9UKV5,P13569,AMFR,CFTR,RING,1,UbiBrowser2,18216283
nan|Q9UKV5|P27701,nan|Q9UKV5,,Q9UKV5,P27701,AMFR,CD82,RING,1,UbiBrowser2,18037895
nan|Q9UKV5|Q15011,nan|Q9UKV5,,Q9UKV5,Q15011,AMFR,HERPUD1,RING,1,UbiBrowser2,17310145
nan|Q9UKV5|Q8IWA4,nan|Q9UKV5,,Q9UKV5,Q8IWA4,AMFR,MFN1,RING,1,UbiBrowser2,23427266
nan|Q9UKV5|Q99574,nan|Q9UKV5,,Q9UKV5,Q99574,AMFR,SERPINI1,RING,1,UbiBrowser2,21507957
nan|Q9ULH1#Q12888|P04637,nan|Q9ULH1#Q12888,,Q9ULH1#Q12888,P04637,ASAP1#TP53BP1,TP53,Other,1,UbiBrowser2,32296023
nan|Q9ULT8|O60331,nan|Q9ULT8,,Q9ULT8,O60331,HECTD1,PIP5K1C,HECT,1,UbiBrowser2,23572508
nan|Q9ULT8|O95863,nan|Q9ULT8,,Q9ULT8,O95863,HECTD1,SNAI1,HECT,1,UbiBrowser2,32319576
nan|Q9ULT8|Q9UPN3,nan|Q9ULT8,,Q9ULT8,Q9UPN3,HECTD1,MACF1,HECT,1,UbiBrowser2,29386124
nan|Q9ULV8|P00533,nan|Q9ULV8,,Q9ULV8,P00533,CBLC,EGFR,RING,1,UbiBrowser2,22199232
nan|Q9ULV8|P12931,nan|Q9ULV8,,Q9ULV8,P12931,CBLC,SRC,RING,1,UbiBrowser2,22199232
nan|Q9UM11|O00429,nan|Q9UM11,,Q9UM11,O00429,FZR1,DNM1L,CDC20,1,UbiBrowser2,21325626
nan|Q9UM11|O00716,nan|Q9UM11,,Q9UM11,O00716,FZR1,E2F3,CDC20,1,UbiBrowser2,22580460
nan|Q9UM11|O14777,nan|Q9UM11,,Q9UM11,O14777,FZR1,NDC80,CDC20,1,UbiBrowser2,21199005
nan|Q9UM11|O14965,nan|Q9UM11,,Q9UM11,O14965,FZR1,AURKA,CDC20,1,UbiBrowser2,12023018
nan|Q9UM11|O43474,nan|Q9UM11,,Q9UM11,O43474,FZR1,KLF4,CDC20,1,UbiBrowser2,21177849
nan|Q9UM11|O43683,nan|Q9UM11,,Q9UM11,O43683,FZR1,BUB1,CDC20,1,UbiBrowser2,17158872
nan|Q9UM11|O60313,nan|Q9UM11,,Q9UM11,O60313,FZR1,OPA1,CDC20,1,UbiBrowser2,23045728
nan|Q9UM11|O60566,nan|Q9UM11,,Q9UM11,O60566,FZR1,BUB1B,CDC20,1,UbiBrowser2,23091007
nan|Q9UM11|O75496,nan|Q9UM11,,Q9UM11,O75496,FZR1,GMNN,CDC20,1,UbiBrowser2,19101468
nan|Q9UM11|O94782,nan|Q9UM11,,Q9UM11,O94782,FZR1,USP1,CDC20,1,UbiBrowser2,21768287
nan|Q9UM11|O95997,nan|Q9UM11,,Q9UM11,O95997,FZR1,PTTG1,CDC20,1,UbiBrowser2,16355229
nan|Q9UM11|P04183,nan|Q9UM11,,Q9UM11,P04183,FZR1,TK1,CDC20,1,UbiBrowser2,16103219
nan|Q9UM11|P12757,nan|Q9UM11,,Q9UM11,P12757,FZR1,SKIL,CDC20,1,UbiBrowser2,11741538
nan|Q9UM11|P13349,nan|Q9UM11,,Q9UM11,P13349,FZR1,MYF5,CDC20,1,UbiBrowser2,17601983
nan|Q9UM11|P14635,nan|Q9UM11,,Q9UM11,P14635,FZR1,CCNB1,CDC20,1,UbiBrowser2,18753608
nan|Q9UM11|P16284,nan|Q9UM11,,Q9UM11,P16284,FZR1,PECAM1,CDC20,1,UbiBrowser2,31489637
nan|Q9UM11|P20248,nan|Q9UM11,,Q9UM11,P20248,FZR1,CCNA2,CDC20,1,UbiBrowser2,11285280
nan|Q9UM11|P23760,nan|Q9UM11,,Q9UM11,P23760,FZR1,PAX3,CDC20,1,UbiBrowser2,26329581
nan|Q9UM11|P23919,nan|Q9UM11,,Q9UM11,P23919,FZR1,DTYMK,CDC20,1,UbiBrowser2,16103219
nan|Q9UM11|P26358,nan|Q9UM11,,Q9UM11,P26358,FZR1,DNMT1,CDC20,1,UbiBrowser2,15899874
nan|Q9UM11|P30304,nan|Q9UM11,,Q9UM11,P30304,FZR1,CDC25A,CDC20,1,UbiBrowser2,12234927
nan|Q9UM11|P41134,nan|Q9UM11,,Q9UM11,P41134,FZR1,ID1,CDC20,1,UbiBrowser2,16810178
nan|Q9UM11|P45983,nan|Q9UM11,,Q9UM11,P45983,FZR1,MAPK8,CDC20,1,UbiBrowser2,20581839
nan|Q9UM11|P45984,nan|Q9UM11,,Q9UM11,P45984,FZR1,MAPK9,CDC20,1,UbiBrowser2,20581839
nan|Q9UM11|P48431,nan|Q9UM11,,Q9UM11,P48431,FZR1,SOX2,CDC20,1,UbiBrowser2,23972993
nan|Q9UM11|P51955,nan|Q9UM11,,Q9UM11,P51955,FZR1,NEK2,CDC20,1,UbiBrowser2,26387737
nan|Q9UM11|P53350,nan|Q9UM11,,Q9UM11,P53350,FZR1,PLK1,CDC20,1,UbiBrowser2,FZR_HUMAN
nan|Q9UM11|P53779,nan|Q9UM11,,Q9UM11,P53779,FZR1,MAPK10,CDC20,1,UbiBrowser2,20581839
nan|Q9UM11|P55290,nan|Q9UM11,,Q9UM11,P55290,FZR1,CDH13,CDC20,1,UbiBrowser2,17631504
nan|Q9UM11|Q00059,nan|Q9UM11,,Q9UM11,Q00059,FZR1,TFAM,CDC20,1,UbiBrowser2,23045728
nan|Q9UM11|Q01094,nan|Q9UM11,,Q9UM11,Q01094,FZR1,E2F1,CDC20,1,UbiBrowser2,22580462
nan|Q9UM11|Q01196,nan|Q9UM11,,Q9UM11,Q01196,FZR1,RUNX1,CDC20,1,UbiBrowser2,17015473
nan|Q9UM11|Q02363,nan|Q9UM11,,Q9UM11,Q02363,FZR1,ID2,CDC20,1,UbiBrowser2,16810178
nan|Q9UM11|Q08050,nan|Q9UM11,,Q9UM11,Q08050,FZR1,FOXM1,CDC20,1,UbiBrowser2,18573889
nan|Q9UM11|Q12834,nan|Q9UM11,,Q9UM11,Q12834,FZR1,CDC20,CDC20,1,UbiBrowser2,15916961
nan|Q9UM11|Q13309,nan|Q9UM11,,Q9UM11,Q13309,FZR1,SKP2,CDC20,1,UbiBrowser2,20717963
nan|Q9UM11|Q14511,nan|Q9UM11,,Q9UM11,Q14511,FZR1,NEDD9,CDC20,1,UbiBrowser2,15144564
nan|Q9UM11|Q15004,nan|Q9UM11,,Q9UM11,Q15004,FZR1,PCLAF,CDC20,1,UbiBrowser2,21700221
nan|Q9UM11|Q15468,nan|Q9UM11,,Q9UM11,Q15468,FZR1,STIL,CDC20,1,UbiBrowser2,24485834
nan|Q9UM11|Q16875,nan|Q9UM11,,Q9UM11,Q16875,FZR1,PFKFB3,CDC20,1,UbiBrowser2,20080744
nan|Q9UM11|Q5FBB7,nan|Q9UM11,,Q9UM11,Q5FBB7,FZR1,SGOL1,CDC20,1,UbiBrowser2,19015261
nan|Q9UM11|Q6UVJ0,nan|Q9UM11,,Q9UM11,Q6UVJ0,FZR1,SASS6,CDC20,1,UbiBrowser2,17681132
nan|Q9UM11|Q86WB0,nan|Q9UM11,,Q9UM11,Q86WB0,FZR1,ZC3HC1,CDC20,1,UbiBrowser2,22205987
nan|Q9UM11|Q8IWA4,nan|Q9UM11,,Q9UM11,Q8IWA4,FZR1,MFN1,CDC20,1,UbiBrowser2,23045728
nan|Q9UM11|Q8WWK9,nan|Q9UM11,,Q9UM11,Q8WWK9,FZR1,CKAP2,CDC20,1,UbiBrowser2,17339342
nan|Q9UM11|Q96BY2,nan|Q9UM11,,Q9UM11,Q96BY2,FZR1,MOAP1,CDC20,1,UbiBrowser2,22529100
nan|Q9UM11|Q96C86,nan|Q9UM11,,Q9UM11,Q96C86,FZR1,DCPS,CDC20,1,UbiBrowser2,25043029
nan|Q9UM11|Q96GD4,nan|Q9UM11,,Q9UM11,Q96GD4,FZR1,AURKB,CDC20,1,UbiBrowser2,16204042
nan|Q9UM11|Q99708,nan|Q9UM11,,Q9UM11,Q99708,FZR1,RBBP8,CDC20,1,UbiBrowser2,22199232
nan|Q9UM11|Q99741,nan|Q9UM11,,Q9UM11,Q99741,FZR1,CDC6,CDC20,1,UbiBrowser2,17567951
nan|Q9UM11|Q9BXS6,nan|Q9UM11,,Q9UM11,Q9BXS6,FZR1,NUSAP1,CDC20,1,UbiBrowser2,17618083
nan|Q9UM11|Q9HAW4,nan|Q9UM11,,Q9UM11,Q9HAW4,FZR1,CLSPN,CDC20,1,UbiBrowser2,19124652
nan|Q9UM11|Q9NQW6,nan|Q9UM11,,Q9UM11,Q9NQW6,FZR1,ANLN,CDC20,1,UbiBrowser2,16040610
nan|Q9UM11|Q9NRM7,nan|Q9UM11,,Q9UM11,Q9NRM7,FZR1,LATS2,CDC20,1,UbiBrowser2,31000600
nan|Q9UM11|Q9P2P5,nan|Q9UM11,,Q9UM11,Q9P2P5,FZR1,HECW2,CDC20,1,UbiBrowser2,24163370
nan|Q9UM11|Q9ULW0,nan|Q9UM11,,Q9UM11,Q9ULW0,FZR1,TPX2,CDC20,1,UbiBrowser2,16287863
nan|Q9UM11|Q9Y4A5,nan|Q9UM11,,Q9UM11,Q9Y4A5,FZR1,TRRAP,CDC20,1,UbiBrowser2,23318449
nan|Q9UMS4|O43395,nan|Q9UMS4,,Q9UMS4,O43395,PRPF19,PRPF3,DWD,1,UbiBrowser2,20595234
nan|Q9UMS4|P15927,nan|Q9UMS4,,Q9UMS4,P15927,PRPF19,RPA2,DWD,1,UbiBrowser2,24332808
nan|Q9UMS4|P27694,nan|Q9UMS4,,Q9UMS4,P27694,PRPF19,RPA1,DWD,1,UbiBrowser2,24332808
nan|Q9UMS4|P67809,nan|Q9UMS4,,Q9UMS4,P67809,PRPF19,YBX1,DWD,1,UbiBrowser2,33361760
nan|Q9UNE7|A6MI22,nan|Q9UNE7,,Q9UNE7,A6MI22,STUB1,tat,UBOX,1,UbiBrowser2,30885946
nan|Q9UNE7|O00141,nan|Q9UNE7,,Q9UNE7,O00141,STUB1,SGK1,UBOX,1,UbiBrowser2,16895519
nan|Q9UNE7|O00327,nan|Q9UNE7,,Q9UNE7,O00327,STUB1,ARNTL,UBOX,1,UbiBrowser2,32041778
nan|Q9UNE7|O15079,nan|Q9UNE7,,Q9UNE7,O15079,STUB1,SNPH,UBOX,1,UbiBrowser2,29898993
nan|Q9UNE7|O60762,nan|Q9UNE7,,Q9UNE7,O60762,STUB1,DPM1,UBOX,1,UbiBrowser2,16280320
nan|Q9UNE7|O75460,nan|Q9UNE7,,Q9UNE7,O75460,STUB1,ERN1,UBOX,1,UbiBrowser2,25225294
nan|Q9UNE7|P00441,nan|Q9UNE7,,Q9UNE7,P00441,STUB1,SOD1,UBOX,1,UbiBrowser2,17157513
nan|Q9UNE7|P00558,nan|Q9UNE7,,Q9UNE7,P00558,STUB1,PGK1,UBOX,1,UbiBrowser2,33940159
nan|Q9UNE7|P01106,nan|Q9UNE7,,Q9UNE7,P01106,STUB1,MYC,UBOX,1,UbiBrowser2,22543587
nan|Q9UNE7|P03372,nan|Q9UNE7,,Q9UNE7,P03372,STUB1,ESR1,UBOX,1,UbiBrowser2,19098309
nan|Q9UNE7|P04049,nan|Q9UNE7,,Q9UNE7,P04049,STUB1,RAF1,UBOX,1,UbiBrowser2,18922468
nan|Q9UNE7|P04150,nan|Q9UNE7,,Q9UNE7,P04150,STUB1,NR3C1,UBOX,1,UbiBrowser2,11676916
nan|Q9UNE7|P04626,nan|Q9UNE7,,Q9UNE7,P04626,STUB1,ERBB2,UBOX,1,UbiBrowser2,18655187
nan|Q9UNE7|P04637,nan|Q9UNE7,,Q9UNE7,P04637,STUB1,TP53,UBOX,1,UbiBrowser2,20618441
nan|Q9UNE7|P04839,nan|Q9UNE7,,Q9UNE7,P04839,STUB1,CYBB,UBOX,1,UbiBrowser2,23023377
nan|Q9UNE7|P06213,nan|Q9UNE7,,Q9UNE7,P06213,STUB1,INSR,UBOX,1,UbiBrowser2,28431247
nan|Q9UNE7|P06746,nan|Q9UNE7,,Q9UNE7,P06746,STUB1,POLB,UBOX,1,UbiBrowser2,19713937
nan|Q9UNE7|P06748,nan|Q9UNE7,,Q9UNE7,P06748,STUB1,NPM1,UBOX,1,UbiBrowser2,15126367
nan|Q9UNE7|P07197,nan|Q9UNE7,,Q9UNE7,P07197,STUB1,NEFM,UBOX,1,UbiBrowser2,21219885
nan|Q9UNE7|P07900,nan|Q9UNE7,,Q9UNE7,P07900,STUB1,HSP90AA1,UBOX,1,UbiBrowser2,19913553
nan|Q9UNE7|P08684,nan|Q9UNE7,,Q9UNE7,P08684,STUB1,CYP3A4,UBOX,1,UbiBrowser2,19103148
nan|Q9UNE7|P10275,nan|Q9UNE7,,Q9UNE7,P10275,STUB1,AR,UBOX,1,UbiBrowser2,15107424
nan|Q9UNE7|P10636,nan|Q9UNE7,,Q9UNE7,P10636,STUB1,MAPT,UBOX,1,UbiBrowser2,16807328
nan|Q9UNE7|P10911,nan|Q9UNE7,,Q9UNE7,P10911,STUB1,MCF2,UBOX,1,UbiBrowser2,17178836
nan|Q9UNE7|P10914,nan|Q9UNE7,,Q9UNE7,P10914,STUB1,IRF1,UBOX,1,UbiBrowser2,20947504
nan|Q9UNE7|P11142,nan|Q9UNE7,,Q9UNE7,P11142,STUB1,HSPA8,UBOX,1,UbiBrowser2,20675402
nan|Q9UNE7|P12931,nan|Q9UNE7,,Q9UNE7,P12931,STUB1,SRC,UBOX,1,UbiBrowser2,21911421
nan|Q9UNE7|P13569,nan|Q9UNE7,,Q9UNE7,P13569,STUB1,CFTR,UBOX,1,UbiBrowser2,19625452
nan|Q9UNE7|P15559,nan|Q9UNE7,,Q9UNE7,P15559,STUB1,NQO1,UBOX,1,UbiBrowser2,21220432
nan|Q9UNE7|P17542,nan|Q9UNE7,,Q9UNE7,P17542,STUB1,TAL1,UBOX,1,UbiBrowser2,17962192
nan|Q9UNE7|P17612,nan|Q9UNE7,,Q9UNE7,P17612,STUB1,PRKACA,UBOX,1,UbiBrowser2,31189917
nan|Q9UNE7|P22694,nan|Q9UNE7,,Q9UNE7,P22694,STUB1,PRKACB,UBOX,1,UbiBrowser2,31189917
nan|Q9UNE7|P25815,nan|Q9UNE7,,Q9UNE7,P25815,STUB1,S100P,UBOX,1,UbiBrowser2,23344957
nan|Q9UNE7|P29034,nan|Q9UNE7,,Q9UNE7,P29034,STUB1,S100A2,UBOX,1,UbiBrowser2,23344957
nan|Q9UNE7|P29317,nan|Q9UNE7,,Q9UNE7,P29317,STUB1,EPHA2,UBOX,1,UbiBrowser2,19567782
nan|Q9UNE7|P29474,nan|Q9UNE7,,Q9UNE7,P29474,STUB1,NOS3,UBOX,1,UbiBrowser2,14507928
nan|Q9UNE7|P29475,nan|Q9UNE7,,Q9UNE7,P29475,STUB1,NOS1,UBOX,1,UbiBrowser2,15466472
nan|Q9UNE7|P31645,nan|Q9UNE7,,Q9UNE7,P31645,STUB1,SLC6A4,UBOX,1,UbiBrowser2,22199232
nan|Q9UNE7|P31749,nan|Q9UNE7,,Q9UNE7,P31749,STUB1,AKT1,UBOX,1,UbiBrowser2,18292230
nan|Q9UNE7|P33402,nan|Q9UNE7,,Q9UNE7,P33402,STUB1,GUCY1A2,UBOX,1,UbiBrowser2,17873020
nan|Q9UNE7|P34932,nan|Q9UNE7,,Q9UNE7,P34932,STUB1,HSPA4,UBOX,1,UbiBrowser2,19648119
nan|Q9UNE7|P35228,nan|Q9UNE7,,Q9UNE7,P35228,STUB1,NOS2,UBOX,1,UbiBrowser2,19362296
nan|Q9UNE7|P35869,nan|Q9UNE7,,Q9UNE7,P35869,STUB1,AHR,UBOX,1,UbiBrowser2,17209571
nan|Q9UNE7|P37840,nan|Q9UNE7,,Q9UNE7,P37840,STUB1,SNCA,UBOX,1,UbiBrowser2,18436529
nan|Q9UNE7|P43694,nan|Q9UNE7,,Q9UNE7,P43694,STUB1,GATA4,UBOX,1,UbiBrowser2,22199232
nan|Q9UNE7|P46937,nan|Q9UNE7,,Q9UNE7,P46937,STUB1,YAP1,UBOX,1,UbiBrowser2,31393050
nan|Q9UNE7|P53355,nan|Q9UNE7,,Q9UNE7,P53355,STUB1,DAPK1,UBOX,1,UbiBrowser2,17324930
nan|Q9UNE7|P54252,nan|Q9UNE7,,Q9UNE7,P54252,STUB1,ATXN3,UBOX,1,UbiBrowser2,24106274
nan|Q9UNE7|P54253,nan|Q9UNE7,,Q9UNE7,P54253,STUB1,ATXN1,UBOX,1,UbiBrowser2,16831871
nan|Q9UNE7|P55017,nan|Q9UNE7,,Q9UNE7,P55017,STUB1,SLC12A3,UBOX,1,UbiBrowser2,23482560
nan|Q9UNE7|P55036,nan|Q9UNE7,,Q9UNE7,P55036,STUB1,PSMD4,UBOX,1,UbiBrowser2,19240029
nan|Q9UNE7|P56545,nan|Q9UNE7,,Q9UNE7,P56545,STUB1,CTBP2,UBOX,1,UbiBrowser2,23410750
nan|Q9UNE7|P56817,nan|Q9UNE7,,Q9UNE7,P56817,STUB1,BACE1,UBOX,1,UbiBrowser2,25773675
nan|Q9UNE7|P60321,nan|Q9UNE7,,Q9UNE7,P60321,STUB1,NANOS2,UBOX,1,UbiBrowser2,22199232
nan|Q9UNE7|P60484,nan|Q9UNE7,,Q9UNE7,P60484,STUB1,PTEN,UBOX,1,UbiBrowser2,26280536
nan|Q9UNE7|P63241,nan|Q9UNE7,,Q9UNE7,P63241,STUB1,EIF5A,UBOX,1,UbiBrowser2,24509416
nan|Q9UNE7|P80370,nan|Q9UNE7,,Q9UNE7,P80370,STUB1,DLK1,UBOX,1,UbiBrowser2,22199232
nan|Q9UNE7|P84022,nan|Q9UNE7,,Q9UNE7,P84022,STUB1,SMAD3,UBOX,1,UbiBrowser2,15781469
nan|Q9UNE7|Q00613,nan|Q9UNE7,,Q9UNE7,Q00613,STUB1,HSF1,UBOX,1,UbiBrowser2,23344957
nan|Q9UNE7|Q01196,nan|Q9UNE7,,Q9UNE7,Q01196,STUB1,RUNX1,UBOX,1,UbiBrowser2,19524548
nan|Q9UNE7|Q03060,nan|Q9UNE7,,Q9UNE7,Q03060,STUB1,CREM,UBOX,1,UbiBrowser2,22267842
nan|Q9UNE7|Q04912,nan|Q9UNE7,,Q9UNE7,Q04912,STUB1,MST1R,UBOX,1,UbiBrowser2,16740632
nan|Q9UNE7|Q05513,nan|Q9UNE7,,Q9UNE7,Q05513,STUB1,PRKCZ,UBOX,1,UbiBrowser2,21911421
nan|Q9UNE7|Q12778,nan|Q9UNE7,,Q9UNE7,Q12778,STUB1,FOXO1,UBOX,1,UbiBrowser2,19483080
nan|Q9UNE7|Q12852,nan|Q9UNE7,,Q9UNE7,Q12852,STUB1,MAP3K12,UBOX,1,UbiBrowser2,16931512
nan|Q9UNE7|Q12933,nan|Q9UNE7,,Q9UNE7,Q12933,STUB1,TRAF2,UBOX,1,UbiBrowser2,21793045
nan|Q9UNE7|Q13043,nan|Q9UNE7,,Q9UNE7,Q13043,STUB1,STK4,UBOX,1,UbiBrowser2,18381433
nan|Q9UNE7|Q13114,nan|Q9UNE7,,Q9UNE7,Q13114,STUB1,TRAF3,UBOX,1,UbiBrowser2,18922468
nan|Q9UNE7|Q13485,nan|Q9UNE7,,Q9UNE7,Q13485,STUB1,SMAD4,UBOX,1,UbiBrowser2,14701756
nan|Q9UNE7|Q13950,nan|Q9UNE7,,Q9UNE7,Q13950,STUB1,RUNX2,UBOX,1,UbiBrowser2,18541707
nan|Q9UNE7|Q15797,nan|Q9UNE7,,Q9UNE7,Q15797,STUB1,SMAD1,UBOX,1,UbiBrowser2,14701756
nan|Q9UNE7|Q15831,nan|Q9UNE7,,Q9UNE7,Q15831,STUB1,STK11,UBOX,1,UbiBrowser2,21860411
nan|Q9UNE7|Q16584,nan|Q9UNE7,,Q9UNE7,Q16584,STUB1,MAP3K11,UBOX,1,UbiBrowser2,24912674
nan|Q9UNE7|Q16665,nan|Q9UNE7,,Q9UNE7,Q16665,STUB1,HIF1A,UBOX,1,UbiBrowser2,19940151
nan|Q9UNE7|Q5S007,nan|Q9UNE7,,Q9UNE7,Q5S007,STUB1,LRRK2,UBOX,1,UbiBrowser2,19196961
nan|Q9UNE7|Q6ZWH5,nan|Q9UNE7,,Q9UNE7,Q6ZWH5,STUB1,NEK10,UBOX,1,UbiBrowser2,29581457
nan|Q9UNE7|Q7Z434,nan|Q9UNE7,,Q9UNE7,Q7Z434,STUB1,MAVS,UBOX,1,UbiBrowser2,33940459
nan|Q9UNE7|Q86WG3,nan|Q9UNE7,,Q9UNE7,Q86WG3,STUB1,ATCAY,UBOX,1,UbiBrowser2,16275660
nan|Q9UNE7|Q8IZQ8,nan|Q9UNE7,,Q9UNE7,Q8IZQ8,STUB1,MYOCD,UBOX,1,UbiBrowser2,19237536
nan|Q9UNE7|Q8N6T7,nan|Q9UNE7,,Q9UNE7,Q8N6T7,STUB1,SIRT6,UBOX,1,UbiBrowser2,24043303
nan|Q9UNE7|Q8TCG1,nan|Q9UNE7,,Q9UNE7,Q8TCG1,STUB1,CIP2A,UBOX,1,UbiBrowser2,24293411
nan|Q9UNE7|Q8WY41,nan|Q9UNE7,,Q9UNE7,Q8WY41,STUB1,NANOS1,UBOX,1,UbiBrowser2,22199232
nan|Q9UNE7|Q92731,nan|Q9UNE7,,Q9UNE7,Q92731,STUB1,ESR2,UBOX,1,UbiBrowser2,16940184
nan|Q9UNE7|Q96PH1,nan|Q9UNE7,,Q9UNE7,Q96PH1,STUB1,NOX5,UBOX,1,UbiBrowser2,23023377
nan|Q9UNE7|Q99683,nan|Q9UNE7,,Q9UNE7,Q99683,STUB1,MAP3K5,UBOX,1,UbiBrowser2,16038411
nan|Q9UNE7|Q99933,nan|Q9UNE7,,Q9UNE7,Q99933,STUB1,BAG1,UBOX,1,UbiBrowser2,11676916
nan|Q9UNE7|Q9BZS1,nan|Q9UNE7,,Q9UNE7,Q9BZS1,STUB1,FOXP3,UBOX,1,UbiBrowser2,23973223
nan|Q9UNE7|Q9NPJ1,nan|Q9UNE7,,Q9UNE7,Q9NPJ1,STUB1,MKKS,UBOX,1,UbiBrowser2,22199232
nan|Q9UNE7|Q9UM73,nan|Q9UNE7,,Q9UNE7,Q9UM73,STUB1,ALK,UBOX,1,UbiBrowser2,15126367
nan|Q9UNE7|Q9UNE7,nan|Q9UNE7,,Q9UNE7,Q9UNE7,STUB1,STUB1,UBOX,1,UbiBrowser2,CHIP_HUMAN
nan|Q9UNE7|Q9UPR3,nan|Q9UNE7,,Q9UNE7,Q9UPR3,STUB1,SMG5,UBOX,1,UbiBrowser2,16809764
nan|Q9UNE7|Q9Y2U5,nan|Q9UNE7,,Q9UNE7,Q9Y2U5,STUB1,MAP3K2,UBOX,1,UbiBrowser2,20588253
nan|Q9UNE7|Q9Y4K3,nan|Q9UNE7,,Q9UNE7,Q9Y4K3,STUB1,TRAF6,UBOX,1,UbiBrowser2,24578159
nan|Q9UNE7|Q9Y697,nan|Q9UNE7,,Q9UNE7,Q9Y697,STUB1,NFS1,UBOX,1,UbiBrowser2,21219885
nan|Q9UNE7|Q9Y6Q9,nan|Q9UNE7,,Q9UNE7,Q9Y6Q9,STUB1,NCOA3,UBOX,1,UbiBrowser2,19198599
nan|Q9UNL4|Q04206,nan|Q9UNL4,,Q9UNL4,Q04206,ING4,RELA,Other,1,UbiBrowser2,23624912
nan|Q9UPN9|P35222,nan|Q9UPN9,,Q9UPN9,P35222,TRIM33,CTNNB1,RING,1,UbiBrowser2,25639486
nan|Q9UPN9|Q13485,nan|Q9UPN9,,Q9UPN9,Q13485,TRIM33,SMAD4,RING,1,UbiBrowser2,TRI33_HUMAN
nan|Q9UPN9|Q9H6R0,nan|Q9UPN9,,Q9UPN9,Q9H6R0,TRIM33,DHX33,RING,1,UbiBrowser2,25172487
nan|Q9UPQ4|Q13114,nan|Q9UPQ4,,Q9UPQ4,Q13114,TRIM35,TRAF3,RING,1,UbiBrowser2,32562145
nan|Q9UPQ7|O15146,nan|Q9UPQ7,,Q9UPQ7,O15146,PDZRN3,MUSK,RING,1,UbiBrowser2,PZRN3_HUMAN
nan|Q9Y252|P10275,nan|Q9Y252,,Q9Y252,P10275,RNF6,AR,RING,1,UbiBrowser2,19345326
nan|Q9Y252|P48059,nan|Q9Y252,,Q9Y252,P48059,RNF6,LIMS1,RING,1,UbiBrowser2,22199232
nan|Q9Y252|P53667,nan|Q9Y252,,Q9Y252,P53667,RNF6,LIMK1,RING,1,UbiBrowser2,17188549
nan|Q9Y252|P55317,nan|Q9Y252,,Q9Y252,P55317,RNF6,FOXA1,RING,1,UbiBrowser2,30496760
nan|Q9Y252|Q04726,nan|Q9Y252,,Q9Y252,Q04726,RNF6,TLE3,RING,1,UbiBrowser2,29374067
nan|Q9Y252|Q05195,nan|Q9Y252,,Q9Y252,Q05195,RNF6,MXD1,RING,1,UbiBrowser2,34094667
nan|Q9Y252|Q15466,nan|Q9Y252,,Q9Y252,Q15466,RNF6,NR0B2,RING,1,UbiBrowser2,30323630
nan|Q9Y297|A0A1B0GVQ0,nan|Q9Y297,,Q9Y297,A0A1B0GVQ0,BTRC,SPAAR,F-box,1,UbiBrowser2,24658274
nan|Q9Y297|O00221,nan|Q9Y297,,Q9Y297,O00221,BTRC,NFKBIE,F-box,1,UbiBrowser2,FBW1A_HUMAN
nan|Q9Y297|O00418,nan|Q9Y297,,Q9Y297,O00418,BTRC,EEF2K,F-box,1,UbiBrowser2,22669845
nan|Q9Y297|O00444,nan|Q9Y297,,Q9Y297,O00444,BTRC,PLK4,F-box,1,UbiBrowser2,22199232
nan|Q9Y297|O14503,nan|Q9Y297,,Q9Y297,O14503,BTRC,BHLHE40,F-box,1,UbiBrowser2,25202122
nan|Q9Y297|O15055,nan|Q9Y297,,Q9Y297,O15055,BTRC,PER2,F-box,1,UbiBrowser2,17876059
nan|Q9Y297|O15111,nan|Q9Y297,,Q9Y297,O15111,BTRC,CHUK,F-box,1,UbiBrowser2,19109186
nan|Q9Y297|O15534,nan|Q9Y297,,Q9Y297,O15534,BTRC,PER1,F-box,1,UbiBrowser2,15917222
nan|Q9Y297|O43521,nan|Q9Y297,,Q9Y297,O43521,BTRC,BCL2L11,F-box,1,UbiBrowser2,24658274
nan|Q9Y297|O43524,nan|Q9Y297,,Q9Y297,O43524,BTRC,FOXO3,F-box,1,UbiBrowser2,20625400
nan|Q9Y297|O43734,nan|Q9Y297,,Q9Y297,O43734,BTRC,TRAF3IP2,F-box,1,UbiBrowser2,24658274
nan|Q9Y297|O60346,nan|Q9Y297,,Q9Y297,O60346,BTRC,PHLPP1,F-box,1,UbiBrowser2,24658274
nan|Q9Y297|O75365,nan|Q9Y297,,Q9Y297,O75365,BTRC,PTP4A3,F-box,1,UbiBrowser2,24658274
nan|Q9Y297|O95863,nan|Q9Y297,,Q9Y297,O95863,BTRC,SNAI1,F-box,1,UbiBrowser2,22199232
nan|Q9Y297|O95997,nan|Q9Y297,,Q9Y297,O95997,BTRC,PTTG1,F-box,1,UbiBrowser2,24658274
nan|Q9Y297|O95999,nan|Q9Y297,,Q9Y297,O95999,BTRC,BCL10,F-box,1,UbiBrowser2,24658274
nan|Q9Y297|P01106,nan|Q9Y297,,Q9Y297,P01106,BTRC,MYC,F-box,1,UbiBrowser2,20852628
nan|Q9Y297|P01112,nan|Q9Y297,,Q9Y297,P01112,BTRC,HRAS,F-box,1,UbiBrowser2,24658274
nan|Q9Y297|P01730,nan|Q9Y297,,Q9Y297,P01730,BTRC,CD4,F-box,1,UbiBrowser2,14674748
nan|Q9Y297|P02751,nan|Q9Y297,,Q9Y297,P02751,BTRC,FN1,F-box,1,UbiBrowser2,24658274
nan|Q9Y297|P02786,nan|Q9Y297,,Q9Y297,P02786,BTRC,TFRC,F-box,1,UbiBrowser2,34315867
nan|Q9Y297|P04637,nan|Q9Y297,,Q9Y297,P04637,BTRC,TP53,F-box,1,UbiBrowser2,24658274
nan|Q9Y297|P06493,nan|Q9Y297,,Q9Y297,P06493,BTRC,CDK1,F-box,1,UbiBrowser2,25149538
nan|Q9Y297|P08047,nan|Q9Y297,,Q9Y297,P08047,BTRC,SP1,F-box,1,UbiBrowser2,19372209
nan|Q9Y297|P10070,nan|Q9Y297,,Q9Y297,P10070,BTRC,GLI2,F-box,1,UbiBrowser2,24658274
nan|Q9Y297|P10071,nan|Q9Y297,,Q9Y297,P10071,BTRC,GLI3,F-box,1,UbiBrowser2,24658274
nan|Q9Y297|P10912,nan|Q9Y297,,Q9Y297,P10912,BTRC,GHR,F-box,1,UbiBrowser2,23607312
nan|Q9Y297|P12830,nan|Q9Y297,,Q9Y297,P12830,BTRC,CDH1,F-box,1,UbiBrowser2,24658274
nan|Q9Y297|P15260,nan|Q9Y297,,Q9Y297,P15260,BTRC,IFNGR1,F-box,1,UbiBrowser2,24658274
nan|Q9Y297|P16471,nan|Q9Y297,,Q9Y297,P16471,BTRC,PRLR,F-box,1,UbiBrowser2,15082796
nan|Q9Y297|P17181,nan|Q9Y297,,Q9Y297,P17181,BTRC,IFNAR1,F-box,1,UbiBrowser2,16551269
nan|Q9Y297|P18848,nan|Q9Y297,,Q9Y297,P18848,BTRC,ATF4,F-box,1,UbiBrowser2,FBW1A_HUMAN
nan|Q9Y297|P18887,nan|Q9Y297,,Q9Y297,P18887,BTRC,XRCC1,F-box,1,UbiBrowser2,31043584
nan|Q9Y297|P19235,nan|Q9Y297,,Q9Y297,P19235,BTRC,EPOR,F-box,1,UbiBrowser2,24658274
nan|Q9Y297|P19838,nan|Q9Y297,,Q9Y297,P19838,BTRC,NFKB1,F-box,1,UbiBrowser2,FBW1A_HUMAN
nan|Q9Y297|P24385,nan|Q9Y297,,Q9Y297,P24385,BTRC,CCND1,F-box,1,UbiBrowser2,24658274
nan|Q9Y297|P24864,nan|Q9Y297,,Q9Y297,P24864,BTRC,CCNE1,F-box,1,UbiBrowser2,18851830
nan|Q9Y297|P25963,nan|Q9Y297,,Q9Y297,P25963,BTRC,NFKBIA,F-box,1,UbiBrowser2,19180189
nan|Q9Y297|P30291,nan|Q9Y297,,Q9Y297,P30291,BTRC,WEE1,F-box,1,UbiBrowser2,18560763
nan|Q9Y297|P30304,nan|Q9Y297,,Q9Y297,P30304,BTRC,CDC25A,F-box,1,UbiBrowser2,15845771
nan|Q9Y297|P30305,nan|Q9Y297,,Q9Y297,P30305,BTRC,CDC25B,F-box,1,UbiBrowser2,21807946
nan|Q9Y297|P32314,nan|Q9Y297,,Q9Y297,P32314,BTRC,FOXN2,F-box,1,UbiBrowser2,29396548
nan|Q9Y297|P35222,nan|Q9Y297,,Q9Y297,P35222,BTRC,CTNNB1,F-box,1,UbiBrowser2,19795382
nan|Q9Y297|P35226,nan|Q9Y297,,Q9Y297,P35226,BTRC,BMI1,F-box,1,UbiBrowser2,24658274
nan|Q9Y297|P35968,nan|Q9Y297,,Q9Y297,P35968,BTRC,KDR,F-box,1,UbiBrowser2,22711876
nan|Q9Y297|P42224,nan|Q9Y297,,Q9Y297,P42224,BTRC,STAT1,F-box,1,UbiBrowser2,24658274
nan|Q9Y297|P42574,nan|Q9Y297,,Q9Y297,P42574,BTRC,CASP3,F-box,1,UbiBrowser2,24658274
nan|Q9Y297|P46937,nan|Q9Y297,,Q9Y297,P46937,BTRC,YAP1,F-box,1,UbiBrowser2,24658274
nan|Q9Y297|P49841,nan|Q9Y297,,Q9Y297,P49841,BTRC,GSK3B,F-box,1,UbiBrowser2,24451375
nan|Q9Y297|P50539,nan|Q9Y297,,Q9Y297,P50539,BTRC,MXI1,F-box,1,UbiBrowser2,29507620
nan|Q9Y297|P50579,nan|Q9Y297,,Q9Y297,P50579,BTRC,METAP2,F-box,1,UbiBrowser2,11438690
nan|Q9Y297|P51617,nan|Q9Y297,,Q9Y297,P51617,BTRC,IRAK1,F-box,1,UbiBrowser2,24658274
nan|Q9Y297|P53805,nan|Q9Y297,,Q9Y297,P53805,BTRC,RCAN1,F-box,1,UbiBrowser2,18575781
nan|Q9Y297|P54274,nan|Q9Y297,,Q9Y297,P54274,BTRC,TERF1,F-box,1,UbiBrowser2,24658274
nan|Q9Y297|P55036,nan|Q9Y297,,Q9Y297,P55036,BTRC,PSMD4,F-box,1,UbiBrowser2,19240029
nan|Q9Y297|P62324,nan|Q9Y297,,Q9Y297,P62324,BTRC,BTG1,F-box,1,UbiBrowser2,24658274
nan|Q9Y297|P78543,nan|Q9Y297,,Q9Y297,P78543,BTRC,BTG2,F-box,1,UbiBrowser2,24658274
nan|Q9Y297|P78545,nan|Q9Y297,,Q9Y297,P78545,BTRC,ELF3,F-box,1,UbiBrowser2,24658274
nan|Q9Y297|P84022,nan|Q9Y297,,Q9Y297,P84022,BTRC,SMAD3,F-box,1,UbiBrowser2,FBW1A_HUMAN
nan|Q9Y297|P98174,nan|Q9Y297,,Q9Y297,P98174,BTRC,FGD1,F-box,1,UbiBrowser2,24658274
nan|Q9Y297|Q00613,nan|Q9Y297,,Q9Y297,Q00613,BTRC,HSF1,F-box,1,UbiBrowser2,24658274
nan|Q9Y297|Q00653,nan|Q9Y297,,Q9Y297,Q00653,BTRC,NFKB2,F-box,1,UbiBrowser2,FBW1A_HUMAN
nan|Q9Y297|Q00987,nan|Q9Y297,,Q9Y297,Q00987,BTRC,MDM2,F-box,1,UbiBrowser2,20708156
nan|Q9Y297|Q01664,nan|Q9Y297,,Q9Y297,Q01664,BTRC,TFAP4,F-box,1,UbiBrowser2,24500709
nan|Q9Y297|Q07820,nan|Q9Y297,,Q9Y297,Q07820,BTRC,MCL1,F-box,1,UbiBrowser2,24658274
nan|Q9Y297|Q10589,nan|Q9Y297,,Q9Y297,Q10589,BTRC,BST2,F-box,1,UbiBrowser2,24658274
nan|Q9Y297|Q12959,nan|Q9Y297,,Q9Y297,Q12959,BTRC,DLG1,F-box,1,UbiBrowser2,12902344
nan|Q9Y297|Q13009,nan|Q9Y297,,Q9Y297,Q13009,BTRC,TIAM1,F-box,1,UbiBrowser2,25124033
nan|Q9Y297|Q13127,nan|Q9Y297,,Q9Y297,Q13127,BTRC,REST,F-box,1,UbiBrowser2,14523018
nan|Q9Y297|Q13485,nan|Q9Y297,,Q9Y297,Q13485,BTRC,SMAD4,F-box,1,UbiBrowser2,FBW1A_HUMAN
nan|Q9Y297|Q13563,nan|Q9Y297,,Q9Y297,Q13563,BTRC,PKD2,F-box,1,UbiBrowser2,17636028
nan|Q9Y297|Q13651,nan|Q9Y297,,Q9Y297,Q13651,BTRC,IL10RA,F-box,1,UbiBrowser2,24658274
nan|Q9Y297|Q14103,nan|Q9Y297,,Q9Y297,Q14103,BTRC,HNRNPD,F-box,1,UbiBrowser2,24658274
nan|Q9Y297|Q14247,nan|Q9Y297,,Q9Y297,Q14247,BTRC,CTTN,F-box,1,UbiBrowser2,24658274
nan|Q9Y297|Q14494,nan|Q9Y297,,Q9Y297,Q14494,BTRC,NFE2L1,F-box,1,UbiBrowser2,24658274
nan|Q9Y297|Q15653,nan|Q9Y297,,Q9Y297,Q15653,BTRC,NFKBIB,F-box,1,UbiBrowser2,FBW1A_HUMAN
nan|Q9Y297|Q15672,nan|Q9Y297,,Q9Y297,Q15672,BTRC,TWIST1,F-box,1,UbiBrowser2,24658274
nan|Q9Y297|Q15717,nan|Q9Y297,,Q9Y297,Q15717,BTRC,ELAVL1,F-box,1,UbiBrowser2,24658274
nan|Q9Y297|Q16236,nan|Q9Y297,,Q9Y297,Q16236,BTRC,NFE2L2,F-box,1,UbiBrowser2,24658274
nan|Q9Y297|Q16635,nan|Q9Y297,,Q9Y297,Q16635,BTRC,TAZ,F-box,1,UbiBrowser2,20858893
nan|Q9Y297|Q16656,nan|Q9Y297,,Q9Y297,Q16656,BTRC,NRF1,F-box,1,UbiBrowser2,21911472
nan|Q9Y297|Q16875,nan|Q9Y297,,Q9Y297,Q16875,BTRC,PFKFB3,F-box,1,UbiBrowser2,24658274
nan|Q9Y297|Q53EL6,nan|Q9Y297,,Q9Y297,Q53EL6,BTRC,PDCD4,F-box,1,UbiBrowser2,17053147
nan|Q9Y297|Q5JSP0,nan|Q9Y297,,Q9Y297,Q5JSP0,BTRC,FGD3,F-box,1,UbiBrowser2,24658274
nan|Q9Y297|Q6PGQ7,nan|Q9Y297,,Q9Y297,Q6PGQ7,BTRC,BORA,F-box,1,UbiBrowser2,19390576
nan|Q9Y297|Q76N32,nan|Q9Y297,,Q9Y297,Q76N32,BTRC,CEP68,F-box,1,UbiBrowser2,22199232
nan|Q9Y297|Q86T82,nan|Q9Y297,,Q9Y297,Q86T82,BTRC,USP37,F-box,1,UbiBrowser2,23027877
nan|Q9Y297|Q8IYD8,nan|Q9Y297,,Q9Y297,Q8IYD8,BTRC,FANCM,F-box,1,UbiBrowser2,19270156
nan|Q9Y297|Q8N668,nan|Q9Y297,,Q9Y297,Q8N668,BTRC,COMMD1,F-box,1,UbiBrowser2,20068069
nan|Q9Y297|Q8N907,nan|Q9Y297,,Q9Y297,Q8N907,BTRC,DAND5,F-box,1,UbiBrowser2,24658274
nan|Q9Y297|Q8NF37,nan|Q9Y297,,Q9Y297,Q8NF37,BTRC,LPCAT1,F-box,1,UbiBrowser2,21068446
nan|Q9Y297|Q8TB45,nan|Q9Y297,,Q9Y297,Q8TB45,BTRC,DEPTOR,F-box,1,UbiBrowser2,24658274
nan|Q9Y297|Q8TDM6,nan|Q9Y297,,Q9Y297,Q8TDM6,BTRC,DLG5,F-box,1,UbiBrowser2,12902344
nan|Q9Y297|Q92519,nan|Q9Y297,,Q9Y297,Q92519,BTRC,TRIB2,F-box,1,UbiBrowser2,24211582
nan|Q9Y297|Q92538,nan|Q9Y297,,Q9Y297,Q92538,BTRC,GBF1,F-box,1,UbiBrowser2,29898406
nan|Q9Y297|Q92539,nan|Q9Y297,,Q9Y297,Q92539,BTRC,LPIN2,F-box,1,UbiBrowser2,32008742
nan|Q9Y297|Q96K76,nan|Q9Y297,,Q9Y297,Q96K76,BTRC,USP47,F-box,1,UbiBrowser2,24658274
nan|Q9Y297|Q96T88,nan|Q9Y297,,Q9Y297,Q96T88,BTRC,UHRF1,F-box,1,UbiBrowser2,23297342
nan|Q9Y297|Q9BZB8,nan|Q9Y297,,Q9Y297,Q9BZB8,BTRC,CPEB1,F-box,1,UbiBrowser2,24658274
nan|Q9Y297|Q9GZV5,nan|Q9Y297,,Q9Y297,Q9GZV5,BTRC,WWTR1,F-box,1,UbiBrowser2,20858893
nan|Q9Y297|Q9HAW4,nan|Q9Y297,,Q9Y297,Q9HAW4,BTRC,CLSPN,F-box,1,UbiBrowser2,24658274
nan|Q9Y297|Q9NS23,nan|Q9Y297,,Q9Y297,Q9NS23,BTRC,RASSF1,F-box,1,UbiBrowser2,24658274
nan|Q9Y297|Q9NS37,nan|Q9Y297,,Q9Y297,Q9NS37,BTRC,CREBZF,F-box,1,UbiBrowser2,11238952
nan|Q9Y297|Q9NX09,nan|Q9Y297,,Q9Y297,Q9NX09,BTRC,DDIT4,F-box,1,UbiBrowser2,19557001
nan|Q9Y297|Q9NYP9,nan|Q9Y297,,Q9Y297,Q9NYP9,BTRC,MIS18A,F-box,1,UbiBrowser2,24658274
nan|Q9Y297|Q9P0N9,nan|Q9Y297,,Q9Y297,Q9P0N9,BTRC,TBC1D7,F-box,1,UbiBrowser2,30143532
nan|Q9Y297|Q9UKB1,nan|Q9Y297,,Q9Y297,Q9UKB1,BTRC,FBXW11,F-box,1,UbiBrowser2,31406304
nan|Q9Y297|Q9UKT4,nan|Q9Y297,,Q9Y297,Q9UKT4,BTRC,FBXO5,F-box,1,UbiBrowser2,17676996
nan|Q9Y297|Q9ULT6,nan|Q9Y297,,Q9Y297,Q9ULT6,BTRC,ZNRF3,F-box,1,UbiBrowser2,29497989
nan|Q9Y297|Q9UM11,nan|Q9Y297,,Q9Y297,Q9UM11,BTRC,FZR1,F-box,1,UbiBrowser2,23972993
nan|Q9Y2E6|Q9UHD2,nan|Q9Y2E6,,Q9Y2E6,Q9UHD2,DTX4,TBK1,RING,1,UbiBrowser2,22388039
nan|Q9Y2K7|Q16875,nan|Q9Y2K7,,Q9Y2K7,Q16875,KDM2A,PFKFB3,F-box,1,UbiBrowser2,34079757
nan|Q9Y2M5|O15085,nan|Q9Y2M5,,Q9Y2M5,O15085,KLHL20,ARHGEF11,BTB_3,1,UbiBrowser2,22199232
nan|Q9Y2M5|O75385,nan|Q9Y2M5,,Q9Y2M5,O75385,KLHL20,ULK1,BTB_3,1,UbiBrowser2,26687681
nan|Q9Y2M5|P29590,nan|Q9Y2M5,,Q9Y2M5,P29590,KLHL20,PML,BTB_3,1,UbiBrowser2,31279627:21840486
nan|Q9Y2M5|P53355,nan|Q9Y2M5,,Q9Y2M5,P53355,KLHL20,DAPK1,BTB_3,1,UbiBrowser2,20389280
nan|Q9Y2M5|P57737,nan|Q9Y2M5,,Q9Y2M5,P57737,KLHL20,CORO7,BTB_3,1,UbiBrowser2,22199232
nan|Q9Y2M5|Q14457,nan|Q9Y2M5,,Q9Y2M5,Q14457,KLHL20,BECN1,BTB_3,1,UbiBrowser2,26687681
nan|Q9Y2M5|Q8NEB9,nan|Q9Y2M5,,Q9Y2M5,Q8NEB9,KLHL20,PIK3C3,BTB_3,1,UbiBrowser2,26687681
nan|Q9Y314|P19235,nan|Q9Y314,,Q9Y314,P19235,NOSIP,EPOR,UBOX,1,UbiBrowser2,12746455
nan|Q9Y314|P67775,nan|Q9Y314,,Q9Y314,P67775,NOSIP,PPP2CA,UBOX,1,UbiBrowser2,25546391
nan|Q9Y3C5|Q9HAU4,nan|Q9Y3C5,,Q9Y3C5,Q9HAU4,RNF11,SMURF2,RING,1,UbiBrowser2,22199232
nan|Q9Y3C5|Q9Y3C5,nan|Q9Y3C5,,Q9Y3C5,Q9Y3C5,RNF11,RNF11,RING,1,UbiBrowser2,14562029
nan|Q9Y3I1|P16150,nan|Q9Y3I1,,Q9Y3I1,P16150,FBXO7,SPN,F-box,1,UbiBrowser2,24658274
nan|Q9Y3I1|Q12933,nan|Q9Y3I1,,Q9Y3I1,Q12933,FBXO7,TRAF2,F-box,1,UbiBrowser2,33010352
nan|Q9Y3I1|Q13490,nan|Q9Y3I1,,Q9Y3I1,Q13490,FBXO7,BIRC2,F-box,1,UbiBrowser2,16510124
nan|Q9Y3I1|Q15398,nan|Q9Y3I1,,Q9Y3I1,Q15398,FBXO7,DLGAP5,F-box,1,UbiBrowser2,18495667
nan|Q9Y3I1|Q96SW2,nan|Q9Y3I1,,Q9Y3I1,Q96SW2,FBXO7,CRBN,F-box,1,UbiBrowser2,30026574
nan|Q9Y4B6|O14746,nan|Q9Y4B6,,Q9Y4B6,O14746,DCAF1,TERT,Other,1,UbiBrowser2,22199232
nan|Q9Y4B6|O75449,nan|Q9Y4B6,,Q9Y4B6,O75449,DCAF1,KATNA1,Other,1,UbiBrowser2,19287380
nan|Q9Y4B6|O95835,nan|Q9Y4B6,,Q9Y4B6,O95835,DCAF1,LATS1,Other,1,UbiBrowser2,25026211
nan|Q9Y4B6|P13051,nan|Q9Y4B6,,Q9Y4B6,P13051,DCAF1,UNG,Other,1,UbiBrowser2,20870715
nan|Q9Y4B6|P30153,nan|Q9Y4B6,,Q9Y4B6,P30153,DCAF1,PPP2R1A,Other,1,UbiBrowser2,25720411
nan|Q9Y4B6|P35240,nan|Q9Y4B6,,Q9Y4B6,P35240,VPRBP,NF2,DWD,1,UbiBrowser2,VPRBP_HUMAN
nan|Q9Y4B6|Q7L590,nan|Q9Y4B6,,Q9Y4B6,Q7L590,DCAF1,MCM10,Other,1,UbiBrowser2,22570418
nan|Q9Y4B6|Q8IXI2,nan|Q9Y4B6,,Q9Y4B6,Q8IXI2,VPRBP,PPP2R1A,DWD,1,UbiBrowser2,25720411
nan|Q9Y4B6|Q9NRM7,nan|Q9Y4B6,,Q9Y4B6,Q9NRM7,DCAF1,LATS2,Other,1,UbiBrowser2,25026211
nan|Q9Y4B6|Q9Y3Z3,nan|Q9Y4B6,,Q9Y4B6,Q9Y3Z3,DCAF1,SAMHD1,Other,1,UbiBrowser2,23677995
nan|Q9Y4K3|O43318,nan|Q9Y4K3,,Q9Y4K3,O43318,TRAF6,MAP3K7,RING,1,UbiBrowser2,19043203
nan|Q9Y4K3|O43353,nan|Q9Y4K3,,Q9Y4K3,O43353,TRAF6,RIPK2,RING,1,UbiBrowser2,17947236
nan|Q9Y4K3|O43561,nan|Q9Y4K3,,Q9Y4K3,O43561,TRAF6,LAT,RING,1,UbiBrowser2,23514740
nan|Q9Y4K3|P04629,nan|Q9Y4K3,,Q9Y4K3,P04629,TRAF6,NTRK1,RING,1,UbiBrowser2,TRAF6_HUMAN
nan|Q9Y4K3|P08138,nan|Q9Y4K3,,Q9Y4K3,P08138,TRAF6,NGFR,RING,1,UbiBrowser2,19012753
nan|Q9Y4K3|P26927,nan|Q9Y4K3,,Q9Y4K3,P26927,TRAF6,MST1,RING,1,UbiBrowser2,30673917
nan|Q9Y4K3|P31749,nan|Q9Y4K3,,Q9Y4K3,P31749,TRAF6,AKT1,RING,1,UbiBrowser2,22199232
nan|Q9Y4K3|P31751,nan|Q9Y4K3,,Q9Y4K3,P31751,TRAF6,AKT2,RING,1,UbiBrowser2,22199232
nan|Q9Y4K3|P34932,nan|Q9Y4K3,,Q9Y4K3,P34932,TRAF6,HSPA4,RING,1,UbiBrowser2,14702098
nan|Q9Y4K3|P35222,nan|Q9Y4K3,,Q9Y4K3,P35222,TRAF6,CTNNB1,RING,1,UbiBrowser2,30806153
nan|Q9Y4K3|P36897,nan|Q9Y4K3,,Q9Y4K3,P36897,TRAF6,TGFBR1,RING,1,UbiBrowser2,25622187
nan|Q9Y4K3|P37840,nan|Q9Y4K3,,Q9Y4K3,P37840,TRAF6,SNCA,RING,1,UbiBrowser2,20634198
nan|Q9Y4K3|P42226,nan|Q9Y4K3,,Q9Y4K3,P42226,TRAF6,STAT6,RING,1,UbiBrowser2,33017719
nan|Q9Y4K3|P42336,nan|Q9Y4K3,,Q9Y4K3,P42336,TRAF6,PIK3CA,RING,1,UbiBrowser2,29729098
nan|Q9Y4K3|P42345,nan|Q9Y4K3,,Q9Y4K3,P42345,TRAF6,MTOR,RING,1,UbiBrowser2,23911927
nan|Q9Y4K3|P49116,nan|Q9Y4K3,,Q9Y4K3,P49116,TRAF6,NR2C2,RING,1,UbiBrowser2,18758450
nan|Q9Y4K3|P49768,nan|Q9Y4K3,,Q9Y4K3,P49768,TRAF6,PSEN1,RING,1,UbiBrowser2,23707529
nan|Q9Y4K3|P51530,nan|Q9Y4K3,,Q9Y4K3,P51530,TRAF6,DNA2,RING,1,UbiBrowser2,31216032
nan|Q9Y4K3|P51617,nan|Q9Y4K3,,Q9Y4K3,P51617,TRAF6,IRAK1,RING,1,UbiBrowser2,18347055
nan|Q9Y4K3|P52789,nan|Q9Y4K3,,Q9Y4K3,P52789,TRAF6,HK2,RING,1,UbiBrowser2,28980855
nan|Q9Y4K3|Q08380,nan|Q9Y4K3,,Q9Y4K3,Q08380,TRAF6,LGALS3BP,RING,1,UbiBrowser2,31404116
nan|Q9Y4K3|Q13352,nan|Q9Y4K3,,Q9Y4K3,Q13352,TRAF6,ITGB3BP,RING,1,UbiBrowser2,16252010
nan|Q9Y4K3|Q13568,nan|Q9Y4K3,,Q9Y4K3,Q13568,TRAF6,IRF5,RING,1,UbiBrowser2,18824541
nan|Q9Y4K3|Q14192,nan|Q9Y4K3,,Q9Y4K3,Q14192,TRAF6,FHL2,RING,1,UbiBrowser2,18768464
nan|Q9Y4K3|Q14457,nan|Q9Y4K3,,Q9Y4K3,Q14457,TRAF6,BECN1,RING,1,UbiBrowser2,20501938
nan|Q9Y4K3|Q16584,nan|Q9Y4K3,,Q9Y4K3,Q16584,TRAF6,MAP3K11,RING,1,UbiBrowser2,23172226
nan|Q9Y4K3|Q8IUC6,nan|Q9Y4K3,,Q9Y4K3,Q8IUC6,TRAF6,TICAM1,RING,1,UbiBrowser2,20047764
nan|Q9Y4K3|Q92985,nan|Q9Y4K3,,Q9Y4K3,Q92985,TRAF6,IRF7,RING,1,UbiBrowser2,21183682
nan|Q9Y4K3|Q99497,nan|Q9Y4K3,,Q9Y4K3,Q99497,TRAF6,PARK7,RING,1,UbiBrowser2,20634198
nan|Q9Y4K3|Q99538,nan|Q9Y4K3,,Q9Y4K3,Q99538,TRAF6,LGMN,RING,1,UbiBrowser2,24610907
nan|Q9Y4K3|Q9BQ95,nan|Q9Y4K3,,Q9Y4K3,Q9BQ95,TRAF6,ECSIT,RING,1,UbiBrowser2,32296023
nan|Q9Y4K3|Q9BVN2,nan|Q9Y4K3,,Q9Y4K3,Q9BVN2,TRAF6,RUSC1,RING,1,UbiBrowser2,19365808
nan|Q9Y4K3|Q9BXM7,nan|Q9Y4K3,,Q9Y4K3,Q9BXM7,TRAF6,PINK1,RING,1,UbiBrowser2,23885119
nan|Q9Y4K3|Q9GZQ8,nan|Q9Y4K3,,Q9Y4K3,Q9GZQ8,TRAF6,MAP1LC3B,RING,1,UbiBrowser2,30806153
nan|Q9Y4K3|Q9UDY8,nan|Q9Y4K3,,Q9Y4K3,Q9UDY8,TRAF6,MALT1,RING,1,UbiBrowser2,15125833
nan|Q9Y4K3|Q9Y4K3,nan|Q9Y4K3,,Q9Y4K3,Q9Y4K3,TRAF6,TRAF6,RING,1,UbiBrowser2,TRAF6_HUMAN
nan|Q9Y4K3|Q9Y6K9,nan|Q9Y4K3,,Q9Y4K3,Q9Y6K9,TRAF6,IKBKG,RING,1,UbiBrowser2,20529958
nan|Q9Y4L5|P00533,nan|Q9Y4L5,,Q9Y4L5,P00533,RNF115,EGFR,RING,1,UbiBrowser2,23418353
nan|Q9Y4L5|P08581,nan|Q9Y4L5,,Q9Y4L5,P08581,RNF115,MET,RING,1,UbiBrowser2,22199232
nan|Q9Y4L5|P36888,nan|Q9Y4L5,,Q9Y4L5,P36888,RNF115,FLT3,RING,1,UbiBrowser2,22199232
nan|Q9Y4L5|P61073,nan|Q9Y4L5,,Q9Y4L5,P61073,RNF115,CXCR4,RING,1,UbiBrowser2,22199232
nan|Q9Y4L5|Q7Z434,nan|Q9Y4L5,,Q9Y4L5,Q7Z434,RNF115,MAVS,RING,1,UbiBrowser2,33139700
nan|Q9Y4L5|Q9Y4L5,nan|Q9Y4L5,,Q9Y4L5,Q9Y4L5,RNF115,RNF115,RING,1,UbiBrowser2,17462600
nan|Q9Y4X5|O60573,nan|Q9Y4X5,,Q9Y4X5,O60573,ARIH1,EIF4E2,RING,1,UbiBrowser2,14623119
nan|Q9Y4X5|Q14190,nan|Q9Y4X5,,Q9Y4X5,Q14190,ARIH1,SIM2,RING,1,UbiBrowser2,22199232
nan|Q9Y574|Q02363,nan|Q9Y574,,Q9Y574,Q02363,ASB4,ID2,SOCS_VHL_BC-box,1,UbiBrowser2,24586788
nan|Q9Y575|P20333,nan|Q9Y575,,Q9Y575,P20333,ASB3,TNFRSF1B,SOCS_VHL_BC-box,1,UbiBrowser2,15899873
nan|Q9Y577|Q07820,nan|Q9Y577,,Q9Y577,Q07820,TRIM17,MCL1,RING,1,UbiBrowser2,22976837
nan|Q9Y577|Q14653,nan|Q9Y577,,Q9Y577,Q14653,TRIM17,IRF3,RING,1,UbiBrowser2,18711448
nan|Q9Y577|Q9Y577,nan|Q9Y577,,Q9Y577,Q9Y577,TRIM17,TRIM17,RING,1,UbiBrowser2,22199232
nan|Q9Y577|Q9Y5A6,nan|Q9Y577,,Q9Y577,Q9Y5A6,TRIM17,ZSCAN21,RING,1,UbiBrowser2,30485814
nan|Q9Y6I7|Q92813,nan|Q9Y6I7,,Q9Y6I7,Q92813,WSB1,DIO2,DWD,1,UbiBrowser2,WSB1_HUMAN
nan|Q9Y6I7|Q9H2X6,nan|Q9Y6I7,,Q9Y6I7,Q9H2X6,WSB1,HIPK2,DWD,1,UbiBrowser2,18093972
nan|A6NNY8|O43521,nan|A6NNY8,,A6NNY8,O43521,USP27X,BCL2L11,USP,1,UbiBrowser2,27013495
nan|A6NNY8|O95786,nan|A6NNY8,,A6NNY8,O95786,USP27X,DDX58,USP,1,UbiBrowser2,32027733
nan|A6NNY8|O95863,nan|A6NNY8,,A6NNY8,O95863,USP27X,SNAI1,USP,1,UbiBrowser2,30341066
nan|A6NNY8|P62807,nan|A6NNY8,,A6NNY8,P62807,USP27X,HIST1H2BI,USP,1,UbiBrowser2,27132940
nan|A6NNY8|Q14469,nan|A6NNY8,,A6NNY8,Q14469,USP27X,HES1,USP,1,UbiBrowser2,25846153
nan|O00487|O95863,nan|O00487,,O00487,O95863,PSMD14,SNAI1,JAMM,1,UbiBrowser2,29331416
nan|O00487|P01584,nan|O00487,,O00487,P01584,PSMD14,IL1B,JAMM,1,UbiBrowser2,30315153
nan|O00487|P04626,nan|O00487,,O00487,P04626,PSMD14,ERBB2,JAMM,1,UbiBrowser2,25121098
nan|O00487|P62993,nan|O00487,,O00487,P62993,PSMD14,GRB2,JAMM,1,UbiBrowser2,31634528
nan|O00487|Q01860,nan|O00487,,O00487,Q01860,PSMD14,POU5F1,JAMM,1,UbiBrowser2,28279784
nan|O00487|Q04771,nan|O00487,,O00487,Q04771,PSMD14,ACVR1,JAMM,1,UbiBrowser2,31685442
nan|O00507|Q13485,nan|O00507,,O00507,Q13485,USP9Y,SMAD4,USP,1,UbiBrowser2,UBP15_HUMAN
nan|O15372|O95863,nan|O15372,,O15372,O95863,EIF3H,SNAI1,JAMM,1,UbiBrowser2,32867821
nan|O75317|O60346,nan|O75317,,O75317,O60346,USP12,PHLPP1,USP,1,UbiBrowser2,25121098
nan|O75317|P0C0S8,nan|O75317,,O75317,P0C0S8,USP12,HIST1H2AM,USP,1,UbiBrowser2,28063927
nan|O75317|P10275,nan|O75317,,O75317,P10275,USP12,AR,USP,1,UbiBrowser2,26462181
nan|O75317|P62807,nan|O75317,,O75317,P62807,USP12,HIST1H2BI,USP,1,UbiBrowser2,28063927
nan|O75317|Q00987,nan|O75317,,O75317,Q00987,USP12,MDM2,USP,1,UbiBrowser2,29755129
nan|O75317|Q16777,nan|O75317,,O75317,Q16777,USP12,HIST2H2AC,USP,1,UbiBrowser2,21183687
nan|O75317|Q16778,nan|O75317,,O75317,Q16778,USP12,HIST2H2BE,USP,1,UbiBrowser2,21183687
nan|O75317|Q6ZVD8,nan|O75317,,O75317,Q6ZVD8,USP12,PHLPP2,USP,1,UbiBrowser2,25216524
nan|O75604|O14965,nan|O75604,,O75604,O14965,USP2,AURKA,USP,1,UbiBrowser2,29449607
nan|O75604|O15151,nan|O75604,,O75604,O15151,USP2,MDM4,USP,1,UbiBrowser2,25121098
nan|O75604|O15534,nan|O75604,,O75604,O15534,USP2,PER1,USP,1,UbiBrowser2,25238854
nan|O75604|P08253,nan|O75604,,O75604,P08253,USP2,MMP2,USP,1,UbiBrowser2,28279784
nan|O75604|P24385,nan|O75604,,O75604,P24385,USP2,CCND1,USP,1,UbiBrowser2,26643174
nan|O75604|P25445,nan|O75604,,O75604,P25445,USP2,FAS,USP,1,UbiBrowser2,25121098
nan|O75604|P37088,nan|O75604,,O75604,P37088,USP2,SCNN1A,USP,1,UbiBrowser2,20090362
nan|O75604|P49327,nan|O75604,,O75604,P49327,USP2,FASN,USP,1,UbiBrowser2,15050917
nan|O75604|P51168,nan|O75604,,O75604,P51168,USP2,SCNN1B,USP,1,UbiBrowser2,20090362
nan|O75604|P51170,nan|O75604,,O75604,P51170,USP2,SCNN1G,USP,1,UbiBrowser2,20090362
nan|O75604|Q00987,nan|O75604,,O75604,Q00987,USP2,MDM2,USP,1,UbiBrowser2,28801249
nan|O75604|Q03431,nan|O75604,,O75604,Q03431,USP2,PTH1R,USP,1,UbiBrowser2,26643174
nan|O75604|Q12933,nan|O75604,,O75604,Q12933,USP2,TRAF2,USP,1,UbiBrowser2,22179575
nan|O75604|Q13546,nan|O75604,,O75604,Q13546,USP2,RIPK1,USP,1,UbiBrowser2,22179575
nan|O75604|Q16526,nan|O75604,,O75604,Q16526,USP2,CRY1,USP,1,UbiBrowser2,22669941
nan|O75604|Q96EB6,nan|O75604,,O75604,Q96EB6,USP2,SIRT1,USP,1,UbiBrowser2,29142505
nan|O75604|Q9H5J4,nan|O75604,,O75604,Q9H5J4,USP2,ELOVL6,USP,1,UbiBrowser2,29449607
nan|O94782|O60346,nan|O94782,,O94782,O60346,USP1,PHLPP1,USP,1,UbiBrowser2,25121098
nan|O94782|O75385,nan|O94782,,O94782,O75385,USP1,ULK1,USP,1,UbiBrowser2,30335599
nan|O94782|O95863,nan|O94782,,O94782,O95863,USP1,SNAI1,USP,1,UbiBrowser2,33926817
nan|O94782|P03372,nan|O94782,,O94782,P03372,USP1,ESR1,USP,1,UbiBrowser2,33123289
nan|O94782|P10914,nan|O94782,,O94782,P10914,USP1,IRF1,USP,1,UbiBrowser2,31292489
nan|O94782|P12004,nan|O94782,,O94782,P12004,USP1,PCNA,USP,1,UbiBrowser2,28031783
nan|O94782|P41134,nan|O94782,,O94782,P41134,USP1,ID1,USP,1,UbiBrowser2,28279784
nan|O94782|P62249,nan|O94782,,O94782,P62249,USP1,RPS16,USP,1,UbiBrowser2,34154657
nan|O94782|Q02363,nan|O94782,,O94782,Q02363,USP1,ID2,USP,1,UbiBrowser2,28279784
nan|O94782|Q02535,nan|O94782,,O94782,Q02535,USP1,ID3,USP,1,UbiBrowser2,28279784
nan|O94782|Q16635,nan|O94782,,O94782,Q16635,USP1,TAZ,USP,1,UbiBrowser2,33114077
nan|O94782|Q9BXW9,nan|O94782,,O94782,Q9BXW9,USP1,FANCD2,USP,1,UbiBrowser2,27775833
nan|O94782|Q9BZK7,nan|O94782,,O94782,Q9BZK7,USP1,TBL1XR1,USP,1,UbiBrowser2,33102219
nan|O94782|Q9NVI1,nan|O94782,,O94782,Q9NVI1,USP1,FANCI,USP,1,UbiBrowser2,26430909
nan|O94966|O60337,nan|O94966,,O94966,O60337,USP19,MARCHF6,USP,1,UbiBrowser2,25088257
nan|O94966|O75581,nan|O94966,,O94966,O75581,USP19,LRP6,USP,1,UbiBrowser2,27751231
nan|O94966|P04150,nan|O94966,,O94966,P04150,USP19,NR3C1,USP,1,UbiBrowser2,29901692
nan|O94966|Q01844,nan|O94966,,O94966,Q01844,USP19,EWSR1,USP,1,UbiBrowser2,30700749
nan|O94966|Q13114,nan|O94966,,O94966,Q13114,USP19,TRAF3,USP,1,UbiBrowser2,28391724
nan|O94966|Q13489,nan|O94966,,O94966,Q13489,USP19,BIRC3,USP,1,UbiBrowser2,UBP8_HUMAN
nan|O94966|Q13490,nan|O94966,,O94966,Q13490,USP19,BIRC2,USP,1,UbiBrowser2,UBP19_HUMAN
nan|O94966|Q13547,nan|O94966,,O94966,Q13547,USP19,HDAC1,USP,1,UbiBrowser2,27517492
nan|O94966|Q14457,nan|O94966,,O94966,Q14457,USP19,BECN1,USP,1,UbiBrowser2,26988033
nan|O94966|Q5XPI4,nan|O94966,,O94966,Q5XPI4,USP19,RNF123,USP,1,UbiBrowser2,25121098
nan|O94966|Q86TM6,nan|O94966,,O94966,Q86TM6,USP19,SYVN1,USP,1,UbiBrowser2,27827840
nan|O94966|Q8IVP5,nan|O94966,,O94966,Q8IVP5,USP19,FUNDC1,USP,1,UbiBrowser2,33978709
nan|O94966|Q92769,nan|O94966,,O94966,Q92769,USP19,HDAC2,USP,1,UbiBrowser2,27517492
nan|O94966|Q92828,nan|O94966,,O94966,Q92828,USP19,CORO2A,USP,1,UbiBrowser2,27129179
nan|O94966|Q9Y6Q9,nan|O94966,,O94966,Q9Y6Q9,USP19,NCOA3,USP,1,UbiBrowser2,34135062
nan|O95630|P00533,nan|O95630,,O95630,P00533,STAMBP,EGFR,Other,1,UbiBrowser2,34102455
nan|O95630|P17302,nan|O95630,,O95630,P17302,STAMBP,GJA1,Other,1,UbiBrowser2,25070368
nan|O95630|P55085,nan|O95630,,O95630,P55085,STAMBP,F2RL1,Other,1,UbiBrowser2,19684015
nan|P09936|P04637,nan|P09936,,P09936,P04637,UCHL1,TP53,UCH,1,UbiBrowser2,20395212
nan|P09936|P05231,nan|P09936,,P09936,P05231,UCHL1,IL6,UCH,1,UbiBrowser2,30305579
nan|P09936|P09936,nan|P09936,,P09936,P09936,UCHL1,UCHL1,UCH,1,UbiBrowser2,17259170
nan|P09936|P10145,nan|P09936,,P09936,P10145,UCHL1,CXCL8,UCH,1,UbiBrowser2,30305579
nan|P09936|P10636,nan|P09936,,P09936,P10636,UCHL1,MAPT,UCH,1,UbiBrowser2,29964011
nan|P09936|P19838,nan|P09936,,P09936,P19838,UCHL1,NFKB1,UCH,1,UbiBrowser2,30305579
nan|P09936|P25963,nan|P09936,,P09936,P25963,UCHL1,NFKBIA,UCH,1,UbiBrowser2,34288216
nan|P09936|P36897,nan|P09936,,P09936,P36897,UCHL1,TGFBR1,UCH,1,UbiBrowser2,31857432
nan|P09936|P37840,nan|P09936,,P09936,P37840,UCHL1,SNCA,UCH,1,UbiBrowser2,30126257
nan|P09936|P84022,nan|P09936,,P09936,P84022,UCHL1,SMAD3,UCH,1,UbiBrowser2,32371398
nan|P09936|Q15796,nan|P09936,,P09936,Q15796,UCHL1,SMAD2,UCH,1,UbiBrowser2,32371398
nan|P09936|Q16620,nan|P09936,,P09936,Q16620,UCHL1,NTRK2,UCH,1,UbiBrowser2,28500221
nan|P09936|Q16665,nan|P09936,,P09936,Q16665,UCHL1,HIF1A,UCH,1,UbiBrowser2,28778421
nan|P09936|Q92905,nan|P09936,,P09936,Q92905,UCHL1,COPS5,UCH,1,UbiBrowser2,25121098
nan|P09936|Q9GZV3,nan|P09936,,P09936,Q9GZV3,UCHL1,SLC5A7,UCH,1,UbiBrowser2,24525247
nan|P09936|Q9NPH5,nan|P09936,,P09936,Q9NPH5,UCHL1,NOX4,UCH,1,UbiBrowser2,25915537
nan|P09936|Q9UBN7,nan|P09936,,P09936,Q9UBN7,UCHL1,HDAC6,UCH,1,UbiBrowser2,28540657
nan|P12956|Q07820,nan|P12956,,P12956,Q07820,XRCC6,MCL1,Other,1,UbiBrowser2,24769731
nan|P15374|O15315,nan|P15374,,P15374,O15315,UCHL3,RAD51B,UCH,1,UbiBrowser2,27941124
nan|P15374|Q06609,nan|P15374,,P15374,Q06609,UCHL3,RAD51,UCH,1,UbiBrowser2,27941124
nan|P15374|Q08050,nan|P15374,,P15374,Q08050,UCHL3,FOXM1,UCH,1,UbiBrowser2,31598398
nan|P15374|Q15797,nan|P15374,,P15374,Q15797,UCHL3,SMAD1,UCH,1,UbiBrowser2,21453705
nan|P21580|O43353,nan|P21580,,P21580,O43353,TNFAIP3,RIPK2,OTU,1,UbiBrowser2,26834734
nan|P21580|P04637,nan|P21580,,P21580,P04637,TNFAIP3,TP53,OTU,1,UbiBrowser2,27775833
nan|P21580|P19838,nan|P21580,,P21580,P19838,TNFAIP3,NFKB1,OTU,1,UbiBrowser2,27775833
nan|P21580|Q12933,nan|P21580,,P21580,Q12933,TNFAIP3,TRAF2,OTU,1,UbiBrowser2,24673262
nan|P21580|Q13137,nan|P21580,,P21580,Q13137,TNFAIP3,CALCOCO2,OTU,1,UbiBrowser2,26445063
nan|P21580|Q13546,nan|P21580,,P21580,Q13546,TNFAIP3,RIPK1,OTU,1,UbiBrowser2,25121098
nan|P21580|Q14457,nan|P21580,,P21580,Q14457,TNFAIP3,BECN1,OTU,1,UbiBrowser2,26445063
nan|P21580|Q14790,nan|P21580,,P21580,Q14790,TNFAIP3,CASP8,OTU,1,UbiBrowser2,25121098
nan|P21580|Q16625,nan|P21580,,P21580,Q16625,TNFAIP3,OCLN,OTU,1,UbiBrowser2,22031828
nan|P21580|Q92985,nan|P21580,,P21580,Q92985,TNFAIP3,IRF7,OTU,1,UbiBrowser2,20392859
nan|P21580|Q99683,nan|P21580,,P21580,Q99683,TNFAIP3,MAP3K5,OTU,1,UbiBrowser2,29227477
nan|P21580|Q9Y4K3,nan|P21580,,P21580,Q9Y4K3,TNFAIP3,TRAF6,OTU,1,UbiBrowser2,25121098
nan|P21580|Q9Y572,nan|P21580,,P21580,Q9Y572,TNFAIP3,RIPK3,OTU,1,UbiBrowser2,32599618
nan|P21580|Q9Y6K9,nan|P21580,,P21580,Q9Y6K9,TNFAIP3,IKBKG,OTU,1,UbiBrowser2,27775833
nan|P35125|A2AIR5,nan|P35125,,P35125,A2AIR5,USP6,Grin3a,USP,1,UbiBrowser2,31841517
nan|P35125|P05412,nan|P35125,,P35125,P05412,USP6,JUN,USP,1,UbiBrowser2,29061731
nan|P35125|P14780,nan|P35125,,P35125,P14780,USP6,MMP9,USP,1,UbiBrowser2,28279784
nan|P35125|Q05586,nan|P35125,,P35125,Q05586,USP6,GRIN1,USP,1,UbiBrowser2,31841517
nan|P40818|O15519,nan|P40818,,P40818,O15519,USP8,CFLAR,USP,1,UbiBrowser2,27321185
nan|P40818|O15554,nan|P40818,,P40818,O15554,USP8,KCNN4,USP,1,UbiBrowser2,27775833
nan|P40818|O60260,nan|P40818,,P40818,O60260,USP8,PRKN,USP,1,UbiBrowser2,25216678
nan|P40818|O94979,nan|P40818,,P40818,O94979,USP8,SEC31A,USP,1,UbiBrowser2,29604273
nan|P40818|P00533,nan|P40818,,P40818,P00533,USP8,EGFR,USP,1,UbiBrowser2,27775833
nan|P40818|P01130,nan|P40818,,P40818,P01130,USP8,LDLR,USP,1,UbiBrowser2,23382078
nan|P40818|P04626,nan|P40818,,P40818,P04626,USP8,ERBB2,USP,1,UbiBrowser2,21044682
nan|P40818|P04629,nan|P40818,,P40818,P04629,USP8,NTRK1,USP,1,UbiBrowser2,28335430
nan|P40818|P08581,nan|P40818,,P40818,P08581,USP8,MET,USP,1,UbiBrowser2,27919796
nan|P40818|P17302,nan|P40818,,P40818,P17302,USP8,GJA1,USP,1,UbiBrowser2,29626091
nan|P40818|P21860,nan|P40818,,P40818,P21860,USP8,ERBB3,USP,1,UbiBrowser2,25121098
nan|P40818|P29466,nan|P40818,,P40818,P29466,USP8,CASP1,USP,1,UbiBrowser2,30065070
nan|P40818|P37088,nan|P40818,,P40818,P37088,USP8,SCNN1A,USP,1,UbiBrowser2,23297398
nan|P40818|P37840,nan|P40818,,P40818,P37840,USP8,SNCA,USP,1,UbiBrowser2,30126257
nan|P40818|P42261,nan|P40818,,P40818,P42261,USP8,GRIA1,USP,1,UbiBrowser2,25505317
nan|P40818|P42566,nan|P40818,,P40818,P42566,USP8,EPS15,USP,1,UbiBrowser2,OTUB1_HUMAN
nan|P40818|P48431,nan|P40818,,P40818,P48431,USP8,SOX2,USP,1,UbiBrowser2,31243344
nan|P40818|P55085,nan|P40818,,P40818,P55085,USP8,F2RL1,USP,1,UbiBrowser2,19684015
nan|P40818|P56817,nan|P40818,,P40818,P56817,USP8,BACE1,USP,1,UbiBrowser2,27302062
nan|P40818|Q02241,nan|P40818,,P40818,Q02241,USP8,KIF23,USP,1,UbiBrowser2,UBP15_HUMAN
nan|P40818|Q16620,nan|P40818,,P40818,Q16620,USP8,NTRK2,USP,1,UbiBrowser2,33288548
nan|P40818|Q16665,nan|P40818,,P40818,Q16665,USP8,HIF1A,USP,1,UbiBrowser2,28279784
nan|P40818|Q4U2R8,nan|P40818,,P40818,Q4U2R8,USP8,SLC22A6,USP,1,UbiBrowser2,32818533
nan|P40818|Q6FHJ7,nan|P40818,,P40818,Q6FHJ7,USP8,SFRP4,USP,1,UbiBrowser2,27775833
nan|P40818|Q7LBR1,nan|P40818,,P40818,Q7LBR1,USP8,CHMP1B,USP,1,UbiBrowser2,29933386
nan|P40818|Q8NEM0,nan|P40818,,P40818,Q8NEM0,USP8,MCPH1,USP,1,UbiBrowser2,25733871
nan|P40818|Q92783,nan|P40818,,P40818,Q92783,USP8,STAM,USP,1,UbiBrowser2,16996268
nan|P40818|Q96J02,nan|P40818,,P40818,Q96J02,USP8,ITCH,USP,1,UbiBrowser2,27775833
nan|P40818|Q96JA1,nan|P40818,,P40818,Q96JA1,USP8,LRIG1,USP,1,UbiBrowser2,28279784
nan|P40818|Q99835,nan|P40818,,P40818,Q99835,USP8,SMO,USP,1,UbiBrowser2,27775833
nan|P40818|Q9BYB0,nan|P40818,,P40818,Q9BYB0,USP8,SHANK3,USP,1,UbiBrowser2,29735556
nan|P40818|Q9H4P4,nan|P40818,,P40818,Q9H4P4,USP8,RNF41,USP,1,UbiBrowser2,27775833
nan|P40818|Q9HCE0,nan|P40818,,P40818,Q9HCE0,USP8,EPG5,USP,1,UbiBrowser2,30931944
nan|P40818|Q9NR09,nan|P40818,,P40818,Q9NR09,USP8,BIRC6,USP,1,UbiBrowser2,UBP37_HUMAN
nan|P45974|O43623,nan|P45974,,P45974,O43623,USP5,SNAI2,USP,1,UbiBrowser2,30809294
nan|P45974|O75444,nan|P45974,,P45974,O75444,USP5,MAF,USP,1,UbiBrowser2,28933784
nan|P45974|O95180,nan|P45974,,P45974,O95180,USP5,CACNA1H,USP,1,UbiBrowser2,27775833
nan|P45974|P04637,nan|P45974,,P45974,P04637,USP5,TP53,USP,1,UbiBrowser2,28801249
nan|P45974|P19544,nan|P45974,,P45974,P19544,USP5,WT1,USP,1,UbiBrowser2,31845546
nan|P45974|P35222,nan|P45974,,P45974,P35222,USP5,CTNNB1,USP,1,UbiBrowser2,30555744
nan|P45974|P49411,nan|P45974,,P45974,P49411,USP5,TUFM,USP,1,UbiBrowser2,31281542
nan|P45974|Q08050,nan|P45974,,P45974,Q08050,USP5,FOXM1,USP,1,UbiBrowser2,27775833
nan|P45974|Q86WV6,nan|P45974,,P45974,Q86WV6,USP5,TMEM173,USP,1,UbiBrowser2,29732405
nan|P45974|Q92769,nan|P45974,,P45974,Q92769,USP5,HDAC2,USP,1,UbiBrowser2,31727867
nan|P45974|Q9Y4K3,nan|P45974,,P45974,Q9Y4K3,USP5,TRAF6,USP,1,UbiBrowser2,32214906
nan|P45974|Q9Y5Q3,nan|P45974,,P45974,Q9Y5Q3,USP5,MAFB,USP,1,UbiBrowser2,28933784
nan|P46736|O15287,nan|P46736,,P46736,O15287,BRCC3,FANCG,JAMM,1,UbiBrowser2,25132264
nan|P46736|O60674,nan|P46736,,P46736,O60674,BRCC3,JAK2,JAMM,1,UbiBrowser2,30755420
nan|P46736|O95271,nan|P46736,,P46736,O95271,BRCC3,TNKS,JAMM,1,UbiBrowser2,27993934
nan|P46736|P0C0S8,nan|P46736,,P46736,P0C0S8,BRCC3,HIST1H2AM,JAMM,1,UbiBrowser2,28031783
nan|P46736|P16104,nan|P46736,,P46736,P16104,BRCC3,H2AFX,JAMM,1,UbiBrowser2,28778421
nan|P46736|Q14980,nan|P46736,,P46736,Q14980,BRCC3,NUMA1,JAMM,1,UbiBrowser2,26195665
nan|P46736|Q96P20,nan|P46736,,P46736,Q96P20,BRCC3,NLRP3,JAMM,1,UbiBrowser2,32941940
nan|P51784|O00425,nan|P51784,,P51784,O00425,USP11,IGF2BP3,USP,1,UbiBrowser2,33594305
nan|P51784|O14497,nan|P51784,,P51784,O14497,USP11,ARID1A,USP,1,UbiBrowser2,31914402
nan|P51784|O14920,nan|P51784,,P51784,O14920,USP11,IKBKB,USP,1,UbiBrowser2,25121098
nan|P51784|O15111,nan|P51784,,P51784,O15111,USP11,CHUK,USP,1,UbiBrowser2,27775833
nan|P51784|O43663,nan|P51784,,P51784,O43663,USP11,PRC1,USP,1,UbiBrowser2,29142505
nan|P51784|O95863,nan|P51784,,P51784,O95863,USP11,SNAI1,USP,1,UbiBrowser2,30569152
nan|P51784|P04637,nan|P51784,,P51784,P04637,USP11,TP53,USP,1,UbiBrowser2,28801249
nan|P51784|P16104,nan|P51784,,P51784,P16104,USP11,H2AFX,USP,1,UbiBrowser2,28031783
nan|P51784|P25963,nan|P51784,,P51784,P25963,USP11,NFKBIA,USP,1,UbiBrowser2,19874889
nan|P51784|P29590,nan|P51784,,P51784,P29590,USP11,PML,USP,1,UbiBrowser2,27775833
nan|P51784|P35226,nan|P51784,,P51784,P35226,USP11,BMI1,USP,1,UbiBrowser2,27919796
nan|P51784|P36897,nan|P51784,,P51784,P36897,USP11,TGFBR1,USP,1,UbiBrowser2,27775833
nan|P51784|P37173,nan|P51784,,P51784,P37173,USP11,TGFBR2,USP,1,UbiBrowser2,29724812
nan|P51784|P38936,nan|P51784,,P51784,P38936,USP11,CDKN1A,USP,1,UbiBrowser2,29666278
nan|P51784|P51587,nan|P51784,,P51784,P51587,USP11,BRCA2,USP,1,UbiBrowser2,28031783
nan|P51784|P62136,nan|P51784,,P51784,P62136,USP11,PPP1CA,USP,1,UbiBrowser2,31521612
nan|P51784|P78406,nan|P51784,,P51784,P78406,USP11,RAE1,USP,1,UbiBrowser2,29293652
nan|P51784|P98170,nan|P51784,,P51784,P98170,USP11,XIAP,USP,1,UbiBrowser2,28279784
nan|P51784|Q01094,nan|P51784,,P51784,Q01094,USP11,E2F1,USP,1,UbiBrowser2,28992046
nan|P51784|Q01831,nan|P51784,,P51784,Q01831,USP11,XPC,USP,1,UbiBrowser2,29228550
nan|P51784|Q14135,nan|P51784,,P51784,Q14135,USP11,VGLL4,USP,1,UbiBrowser2,28042509
nan|P51784|Q15233,nan|P51784,,P51784,Q15233,USP11,NONO,USP,1,UbiBrowser2,33369124
nan|P51784|Q16236,nan|P51784,,P51784,Q16236,USP11,NFE2L2,USP,1,UbiBrowser2,33531626
nan|P51784|Q86YC2,nan|P51784,,P51784,Q86YC2,USP11,PALB2,USP,1,UbiBrowser2,26649820
nan|P51784|Q92633,nan|P51784,,P51784,Q92633,USP11,LPAR1,USP,1,UbiBrowser2,27448760
nan|P51784|Q96S59,nan|P51784,,P51784,Q96S59,USP11,RANBP9,USP,1,UbiBrowser2,27775833
nan|P51784|Q9H040,nan|P51784,,P51784,Q9H040,USP11,SPRTN,USP,1,UbiBrowser2,33567341
nan|P54252|O14757,nan|P54252,,P54252,O14757,ATXN3,CHEK1,Josephin,1,UbiBrowser2,28180282
nan|P54252|O15379,nan|P54252,,P54252,O15379,ATXN3,HDAC3,Josephin,1,UbiBrowser2,29802126
nan|P54252|O43474,nan|P54252,,P54252,O43474,ATXN3,KLF4,Josephin,1,UbiBrowser2,31563563
nan|P54252|O60260,nan|P54252,,P54252,O60260,ATXN3,PRKN,Josephin,1,UbiBrowser2,20940148
nan|P54252|O95166,nan|P54252,,P54252,O95166,ATXN3,GABARAP,Josephin,1,UbiBrowser2,31625269
nan|P54252|P04637,nan|P54252,,P54252,P04637,ATXN3,TP53,Josephin,1,UbiBrowser2,28801249
nan|P54252|P55072,nan|P54252,,P54252,P55072,ATXN3,VCP,Josephin,1,UbiBrowser2,17000876
nan|P54252|P78344,nan|P54252,,P54252,P78344,ATXN3,EIF4G2,Josephin,1,UbiBrowser2,17000876
nan|P54252|Q07812,nan|P54252,,P54252,Q07812,ATXN3,BAX,Josephin,1,UbiBrowser2,28279784
nan|P54252|Q13635,nan|P54252,,P54252,Q13635,ATXN3,PTCH1,Josephin,1,UbiBrowser2,31253779
nan|P54252|Q14457,nan|P54252,,P54252,Q14457,ATXN3,BECN1,Josephin,1,UbiBrowser2,28445460
nan|P54252|Q15382,nan|P54252,,P54252,Q15382,ATXN3,RHEB,Josephin,1,UbiBrowser2,33157014
nan|P54252|Q92934,nan|P54252,,P54252,Q92934,ATXN3,BAD,Josephin,1,UbiBrowser2,28279784
nan|P54252|Q9BXW4,nan|P54252,,P54252,Q9BXW4,ATXN3,MAP1LC3C,Josephin,1,UbiBrowser2,31625269
nan|P54252|Q9UNE7,nan|P54252,,P54252,Q9UNE7,ATXN3,STUB1,Josephin,1,UbiBrowser2,23653622
nan|P54578|O14641,nan|P54578,,P54578,O14641,USP14,DVL2,USP,1,UbiBrowser2,23958854
nan|P54578|O14920,nan|P54578,,P54578,O14920,USP14,IKBKB,USP,1,UbiBrowser2,23615914
nan|P54578|O95786,nan|P54578,,P54578,O95786,USP14,DDX58,USP,1,UbiBrowser2,30466171
nan|P54578|P08670,nan|P54578,,P54578,P08670,USP14,VIM,USP,1,UbiBrowser2,30319415
nan|P54578|P10275,nan|P54578,,P54578,P10275,USP14,AR,USP,1,UbiBrowser2,29353883
nan|P54578|P12956,nan|P54578,,P54578,P12956,USP14,XRCC6,USP,1,UbiBrowser2,31740976
nan|P54578|P14635,nan|P54578,,P54578,P14635,USP14,CCNB1,USP,1,UbiBrowser2,31474315
nan|P54578|P25963,nan|P54578,,P54578,P25963,USP14,NFKBIA,USP,1,UbiBrowser2,33762162
nan|P54578|P35222,nan|P54578,,P54578,P35222,USP14,CTNNB1,USP,1,UbiBrowser2,29080116
nan|P54578|P61073,nan|P54578,,P54578,P61073,USP14,CXCR4,USP,1,UbiBrowser2,19106094
nan|P54578|Q14457,nan|P54578,,P54578,Q14457,USP14,BECN1,USP,1,UbiBrowser2,27542828
nan|P54578|Q86WI3,nan|P54578,,P54578,Q86WI3,USP14,NLRC5,USP,1,UbiBrowser2,26620908
nan|P54578|Q96GD4,nan|P54578,,P54578,Q96GD4,USP14,AURKB,USP,1,UbiBrowser2,28662510
nan|P54578|Q96RJ0,nan|P54578,,P54578,Q96RJ0,USP14,TAAR1,USP,1,UbiBrowser2,33762162
nan|P54578|Q9H5J4,nan|P54578,,P54578,Q9H5J4,USP14,ELOVL6,USP,1,UbiBrowser2,30425250
nan|P54578|Q9NYJ8,nan|P54578,,P54578,Q9NYJ8,USP14,TAB2,USP,1,UbiBrowser2,29326710
nan|P54578|Q9UBS5,nan|P54578,,P54578,Q9UBS5,USP14,GABBR1,USP,1,UbiBrowser2,26817839
nan|P54578|Q9UPN3,nan|P54578,,P54578,Q9UPN3,USP14,MACF1,USP,1,UbiBrowser2,33737492
nan|P62068|O60346,nan|P62068,,P62068,O60346,USP46,PHLPP1,USP,1,UbiBrowser2,25121098
nan|P62068|P06733,nan|P62068,,P62068,P06733,USP46,ENO1,USP,1,UbiBrowser2,32707136
nan|P62068|P10275,nan|P62068,,P62068,P10275,USP46,AR,USP,1,UbiBrowser2,29861848
nan|P62068|P26927,nan|P62068,,P62068,P26927,USP46,MST1,USP,1,UbiBrowser2,34029571
nan|P62068|P42261,nan|P62068,,P62068,P42261,USP46,GRIA1,USP,1,UbiBrowser2,26237995
nan|P62068|Q16777,nan|P62068,,P62068,Q16777,USP46,HIST2H2AC,USP,1,UbiBrowser2,21183687
nan|P62068|Q16778,nan|P62068,,P62068,Q16778,USP46,HIST2H2BE,USP,1,UbiBrowser2,21183687
nan|P62068|Q99259,nan|P62068,,P62068,Q99259,USP46,GAD1,USP,1,UbiBrowser2,UBP16_HUMAN
nan|Q01804|Q01831,nan|Q01804,,Q01804,Q01831,OTUD4,XPC,OTU,1,UbiBrowser2,24366067
nan|Q01804|Q7Z434,nan|Q01804,,Q01804,Q7Z434,OTUD4,MAVS,OTU,1,UbiBrowser2,30410068
nan|Q05CD9|Q9H4P4,nan|Q05CD9,,Q05CD9,Q9H4P4,USP8,RNF41,USP,1,UbiBrowser2,15314180
nan|Q0WX57|O95760,nan|Q0WX57,,Q0WX57,O95760,USP17L30,IL33,USP,1,UbiBrowser2,26610488
nan|Q0WX57|P51449,nan|Q0WX57,,Q0WX57,P51449,USP17L30,RORC,USP,1,UbiBrowser2,25070893
nan|Q0WX57|Q92769,nan|Q0WX57,,Q0WX57,Q92769,USP17L30,HDAC2,USP,1,UbiBrowser2,26617781
nan|Q0WX57|Q9H7L9,nan|Q0WX57,,Q0WX57,Q9H7L9,USP17L30,SUDS3,USP,1,UbiBrowser2,21239494
nan|Q0WX57|Q9Y256,nan|Q0WX57,,Q0WX57,Q9Y256,USP17L30,RCE1,USP,1,UbiBrowser2,19188362
nan|Q13107|O15530,nan|Q13107,,Q13107,O15530,USP4,PDPK1,USP,1,UbiBrowser2,22347420
nan|Q13107|O43318,nan|Q13107,,Q13107,O43318,USP4,MAP3K7,USP,1,UbiBrowser2,21331078
nan|Q13107|O43395,nan|Q13107,,Q13107,O43395,USP4,PRPF3,USP,1,UbiBrowser2,28088760
nan|Q13107|O75365,nan|Q13107,,Q13107,O75365,USP4,PTP4A3,USP,1,UbiBrowser2,28279784
nan|Q13107|O95786,nan|Q13107,,Q13107,O95786,USP4,DDX58,USP,1,UbiBrowser2,23388719
nan|Q13107|P04637,nan|Q13107,,Q13107,P04637,USP4,TP53,USP,1,UbiBrowser2,25121098
nan|Q13107|P06400,nan|Q13107,,Q13107,P06400,USP4,RB1,USP,1,UbiBrowser2,25121098
nan|Q13107|P15884,nan|Q13107,,Q13107,P15884,USP4,TCF4,USP,1,UbiBrowser2,25121098
nan|Q13107|P19474,nan|Q13107,,Q13107,P19474,USP4,TRIM21,USP,1,UbiBrowser2,16316627
nan|Q13107|P28749,nan|Q13107,,Q13107,P28749,USP4,RBL1,USP,1,UbiBrowser2,25121098
nan|Q13107|P29274,nan|Q13107,,Q13107,P29274,USP4,ADORA2A,USP,1,UbiBrowser2,UBP33_HUMAN
nan|Q13107|P35222,nan|Q13107,,Q13107,P35222,USP4,CTNNB1,USP,1,UbiBrowser2,29080116
nan|Q13107|P36897,nan|Q13107,,Q13107,P36897,USP4,TGFBR1,USP,1,UbiBrowser2,24756567
nan|Q13107|P49116,nan|Q13107,,Q13107,P49116,USP4,NR2C2,USP,1,UbiBrowser2,29573006
nan|Q13107|P51449,nan|Q13107,,Q13107,P51449,USP4,RORC,USP,1,UbiBrowser2,25821221
nan|Q13107|P62937,nan|Q13107,,Q13107,P62937,USP4,PPIA,USP,1,UbiBrowser2,29396555
nan|Q13107|Q02556,nan|Q13107,,Q13107,Q02556,USP4,IRF8,USP,1,UbiBrowser2,28477415
nan|Q13107|Q08999,nan|Q13107,,Q13107,Q08999,USP4,RBL2,USP,1,UbiBrowser2,25121098
nan|Q13107|Q12933,nan|Q13107,,Q13107,Q12933,USP4,TRAF2,USP,1,UbiBrowser2,22029577
nan|Q13107|Q13107,nan|Q13107,,Q13107,Q13107,USP4,USP4,USP,1,UbiBrowser2,16472766
nan|Q13107|Q13485,nan|Q13107,,Q13107,Q13485,USP4,SMAD4,USP,1,UbiBrowser2,28468752
nan|Q13107|Q13546,nan|Q13107,,Q13107,Q13546,USP4,RIPK1,USP,1,UbiBrowser2,23313255
nan|Q13107|Q15287,nan|Q13107,,Q13107,Q15287,USP4,RNPS1,USP,1,UbiBrowser2,27990632
nan|Q13107|Q15306,nan|Q13107,,Q13107,Q15306,USP4,IRF4,USP,1,UbiBrowser2,28791349
nan|Q13107|Q15382,nan|Q13107,,Q13107,Q15382,USP4,RHEB,USP,1,UbiBrowser2,30514904
nan|Q13107|Q15672,nan|Q13107,,Q13107,Q15672,USP4,TWIST1,USP,1,UbiBrowser2,32549341
nan|Q13107|Q7Z6Z7,nan|Q13107,,Q13107,Q7Z6Z7,USP4,HUWE1,USP,1,UbiBrowser2,21522127
nan|Q13107|Q8WWY3,nan|Q13107,,Q13107,Q8WWY3,USP4,PRPF31,USP,1,UbiBrowser2,28088760
nan|Q13107|Q92769,nan|Q13107,,Q13107,Q92769,USP4,HDAC2,USP,1,UbiBrowser2,26411366
nan|Q13107|Q92819,nan|Q13107,,Q13107,Q92819,USP4,HAS2,USP,1,UbiBrowser2,28604766
nan|Q13107|Q9Y4K3,nan|Q13107,,Q13107,Q9Y4K3,USP4,TRAF6,USP,1,UbiBrowser2,28755289
nan|Q14694|O43474,nan|Q14694,,Q14694,O43474,USP10,KLF4,USP,1,UbiBrowser2,31748695
nan|Q14694|O43623,nan|Q14694,,Q14694,O43623,USP10,SNAI2,USP,1,UbiBrowser2,29803676
nan|Q14694|O60493,nan|Q14694,,Q14694,O60493,USP10,SNX3,USP,1,UbiBrowser2,UBP10_HUMAN
nan|Q14694|P04049,nan|Q14694,,Q14694,P04049,USP10,RAF1,USP,1,UbiBrowser2,30281322
nan|Q14694|P04637,nan|Q14694,,Q14694,P04637,USP10,TP53,USP,1,UbiBrowser2,28801249
nan|Q14694|P05556,nan|Q14694,,Q14694,P05556,USP10,ITGB1,USP,1,UbiBrowser2,28851806
nan|Q14694|P0C0S5,nan|Q14694,,Q14694,P0C0S5,USP10,H2AFZ,USP,1,UbiBrowser2,27775833
nan|Q14694|P13569,nan|Q14694,,Q14694,P13569,USP10,CFTR,USP,1,UbiBrowser2,27775833
nan|Q14694|P15880,nan|Q14694,,Q14694,P15880,USP10,RPS2,USP,1,UbiBrowser2,34348161
nan|Q14694|P18084,nan|Q14694,,Q14694,P18084,USP10,ITGB5,USP,1,UbiBrowser2,28851806
nan|Q14694|P20226,nan|Q14694,,Q14694,P20226,USP10,TBP,USP,1,UbiBrowser2,26393420
nan|Q14694|P23396,nan|Q14694,,Q14694,P23396,USP10,RPS3,USP,1,UbiBrowser2,29147007
nan|Q14694|P24385,nan|Q14694,,Q14694,P24385,USP10,CCND1,USP,1,UbiBrowser2,33184448
nan|Q14694|P36888,nan|Q14694,,Q14694,P36888,USP10,FLT3,USP,1,UbiBrowser2,30319415
nan|Q14694|P37198,nan|Q14694,,Q14694,P37198,USP10,NUP62,USP,1,UbiBrowser2,30469013
nan|Q14694|P42771,nan|Q14694,,Q14694,P42771,USP10,CDKN2A,USP,1,UbiBrowser2,29472714
nan|Q14694|P43246,nan|Q14694,,Q14694,P43246,USP10,MSH2,USP,1,UbiBrowser2,26975374
nan|Q14694|P43405,nan|Q14694,,Q14694,P43405,USP10,SYK,USP,1,UbiBrowser2,32015510
nan|Q14694|P48764,nan|Q14694,,Q14694,P48764,USP10,SLC9A3,USP,1,UbiBrowser2,33095475
nan|Q14694|P54646,nan|Q14694,,Q14694,P54646,USP10,PRKAA2,USP,1,UbiBrowser2,26876938
nan|Q14694|P60484,nan|Q14694,,Q14694,P60484,USP10,PTEN,USP,1,UbiBrowser2,28852924
nan|Q14694|P62807,nan|Q14694,,Q14694,P62807,USP10,HIST1H2BI,USP,1,UbiBrowser2,29288197
nan|Q14694|Q03518,nan|Q14694,,Q14694,Q03518,USP10,TAP1,USP,1,UbiBrowser2,27775833
nan|Q14694|Q13131,nan|Q14694,,Q14694,Q13131,USP10,PRKAA1,USP,1,UbiBrowser2,26876938
nan|Q14694|Q13309,nan|Q14694,,Q14694,Q13309,USP10,SKP2,USP,1,UbiBrowser2,31044085
nan|Q14694|Q13485,nan|Q14694,,Q14694,Q13485,USP10,SMAD4,USP,1,UbiBrowser2,31721429
nan|Q14694|Q14457,nan|Q14694,,Q14694,Q14457,USP10,BECN1,USP,1,UbiBrowser2,26445063
nan|Q14694|Q8N6T7,nan|Q14694,,Q14694,Q8N6T7,USP10,SIRT6,USP,1,UbiBrowser2,27775833
nan|Q14694|Q8WX94,nan|Q14694,,Q14694,Q8WX94,USP10,NLRP7,USP,1,UbiBrowser2,33838681
nan|Q14694|Q96DH6,nan|Q14694,,Q14694,Q96DH6,USP10,MSI2,USP,1,UbiBrowser2,30604502
nan|Q14694|Q9GZQ8,nan|Q14694,,Q14694,Q9GZQ8,USP10,MAP1LC3B,USP,1,UbiBrowser2,33577797
nan|Q14694|Q9UL17,nan|Q14694,,Q14694,Q9UL17,USP10,TBX21,USP,1,UbiBrowser2,27775833
nan|Q14694|Q9Y4K3,nan|Q14694,,Q14694,Q9Y4K3,USP10,TRAF6,USP,1,UbiBrowser2,25861989
nan|Q14694|Q9Y6K9,nan|Q14694,,Q14694,Q9Y6K9,USP10,IKBKG,USP,1,UbiBrowser2,27775833
nan|Q15018|Q96P20,nan|Q15018,,Q15018,Q96P20,ABRAXAS2,NLRP3,Other,1,UbiBrowser2,30787184
nan|Q15040|O15524,nan|Q15040,,Q15040,O15524,JOSD1,SOCS1,Josephin,1,UbiBrowser2,28355105
nan|Q15040|Q07820,nan|Q15040,,Q15040,Q07820,JOSD1,MCL1,Josephin,1,UbiBrowser2,31043700
nan|Q4G0A6|Q08050,nan|Q4G0A6,,Q4G0A6,Q08050,MINDY4,FOXM1,MINDY,1,UbiBrowser2,33142744
nan|Q504Q3|Q99708,nan|Q504Q3,,Q504Q3,Q99708,PAN2,RBBP8,USP,1,UbiBrowser2,33097710
nan|Q504Q3|Q9Y294,nan|Q504Q3,,Q504Q3,Q9Y294,PAN2,ASF1A,USP,1,UbiBrowser2,29599486
nan|Q53GS9|O96017,nan|Q53GS9,,Q53GS9,O96017,USP39,CHEK2,USP,1,UbiBrowser2,30771428
nan|Q53GS9|P37275,nan|Q53GS9,,Q53GS9,P37275,USP39,ZEB1,USP,1,UbiBrowser2,33649471
nan|Q53GS9|P42224,nan|Q53GS9,,Q53GS9,P42224,USP39,STAT1,USP,1,UbiBrowser2,33127822
nan|Q53GS9|Q96GD4,nan|Q53GS9,,Q53GS9,Q96GD4,USP39,AURKB,USP,1,UbiBrowser2,25121098
nan|Q5D1E8|O43474,nan|Q5D1E8,,Q5D1E8,O43474,ZC3H12A,KLF4,Other,1,UbiBrowser2,27919796
nan|Q5D1E8|Q12933,nan|Q5D1E8,,Q5D1E8,Q12933,ZC3H12A,TRAF2,Other,1,UbiBrowser2,25121098
nan|Q5D1E8|Q13546,nan|Q5D1E8,,Q5D1E8,Q13546,ZC3H12A,RIPK1,Other,1,UbiBrowser2,25121098
nan|Q5D1E8|Q9Y4K3,nan|Q5D1E8,,Q5D1E8,Q9Y4K3,ZC3H12A,TRAF6,Other,1,UbiBrowser2,25121098
nan|Q5T2D3|P04637,nan|Q5T2D3,,Q5T2D3,P04637,OTUD3,TP53,OTU,1,UbiBrowser2,32571254
nan|Q5T2D3|P60484,nan|Q5T2D3,,Q5T2D3,P60484,OTUD3,PTEN,OTU,1,UbiBrowser2,26280536
nan|Q5VV17|O15105,nan|Q5VV17,,Q5VV17,O15105,OTUD1,SMAD7,OTU,1,UbiBrowser2,29235476
nan|Q5VV17|P04637,nan|Q5VV17,,Q5VV17,P04637,OTUD1,TP53,OTU,1,UbiBrowser2,28801249
nan|Q5VV17|P46937,nan|Q5VV17,,Q5VV17,P46937,OTUD1,YAP1,OTU,1,UbiBrowser2,29891922
nan|Q5VV17|Q07820,nan|Q5VV17,,Q5VV17,Q07820,OTUD1,MCL1,OTU,1,UbiBrowser2,31467488
nan|Q5VV17|Q14653,nan|Q5VV17,,Q5VV17,Q14653,OTUD1,IRF3,OTU,1,UbiBrowser2,30100102
nan|Q5VV17|Q9HCE7,nan|Q5VV17,,Q5VV17,Q9HCE7,OTUD1,SMURF1,OTU,1,UbiBrowser2,33361422
nan|Q5VVJ2|P0C0S8,nan|Q5VVJ2,,Q5VVJ2,P0C0S8,MYSM1,HIST1H2AM,JAMM,1,UbiBrowser2,28031783
nan|Q5VVJ2|Q16777,nan|Q5VVJ2,,Q5VVJ2,Q16777,MYSM1,HIST2H2AC,JAMM,1,UbiBrowser2,26220525
nan|Q5VVJ2|Q86WV6,nan|Q5VVJ2,,Q5VVJ2,Q86WV6,MYSM1,STING1,JAMM,1,UbiBrowser2,33086059
nan|Q5VVQ6|P17661,nan|Q5VVQ6,,Q5VVQ6,P17661,YOD1,DES,OTU,1,UbiBrowser2,29080116
nan|Q5VVQ6|P55072,nan|Q5VVQ6,,Q5VVQ6,P55072,YOD1,VCP,OTU,1,UbiBrowser2,26463207
nan|Q5VVQ6|Q96J02,nan|Q5VVQ6,,Q5VVQ6,Q96J02,YOD1,ITCH,OTU,1,UbiBrowser2,28416659
nan|Q6GQQ9|O60341,nan|Q6GQQ9,,Q6GQQ9,O60341,OTUD7B,KDM1A,OTU,1,UbiBrowser2,34050636
nan|Q6GQQ9|P00533,nan|Q6GQQ9,,Q6GQQ9,P00533,OTUD7B,EGFR,OTU,1,UbiBrowser2,25121098
nan|Q6GQQ9|P08069,nan|Q6GQQ9,,Q6GQQ9,P08069,OTUD7B,IGF1R,OTU,1,UbiBrowser2,33415003
nan|Q6GQQ9|P35222,nan|Q6GQQ9,,Q6GQQ9,P35222,OTUD7B,CTNNB1,OTU,1,UbiBrowser2,33599243
nan|Q6GQQ9|P43403,nan|Q6GQQ9,,Q6GQQ9,P43403,OTUD7B,ZAP70,OTU,1,UbiBrowser2,26903241
nan|Q6GQQ9|P48431,nan|Q6GQQ9,,Q6GQQ9,P48431,OTUD7B,SOX2,OTU,1,UbiBrowser2,30405104
nan|Q6GQQ9|Q13042,nan|Q6GQQ9,,Q6GQQ9,Q13042,OTUD7B,CDC16,OTU,1,UbiBrowser2,29973362
nan|Q6GQQ9|Q13114,nan|Q6GQQ9,,Q6GQQ9,Q13114,OTUD7B,TRAF3,OTU,1,UbiBrowser2,23334419
nan|Q6GQQ9|Q13546,nan|Q6GQQ9,,Q6GQQ9,Q13546,OTUD7B,RIPK1,OTU,1,UbiBrowser2,25121098
nan|Q6GQQ9|Q9Y4K3,nan|Q6GQQ9,,Q6GQQ9,Q9Y4K3,OTUD7B,TRAF6,OTU,1,UbiBrowser2,23564640
nan|Q6P468|Q07820,nan|Q6P468,,Q6P468,Q07820,USP9X,MCL1,USP,1,UbiBrowser2,20023629
nan|Q6P468|Q9H992,nan|Q6P468,,Q6P468,Q9H992,USP9X,MARCHF7,USP,1,UbiBrowser2,18410486
nan|Q6R6M4|O43623,nan|Q6R6M4,,Q6R6M4,O43623,USP17L2,SNAI2,USP,1,UbiBrowser2,29088851
nan|Q6R6M4|O60885,nan|Q6R6M4,,Q6R6M4,O60885,USP17L2,BRD4,USP,1,UbiBrowser2,30057199
nan|Q6R6M4|O95786,nan|Q6R6M4,,Q6R6M4,O95786,USP17L2,DDX58,USP,1,UbiBrowser2,20368735
nan|Q6R6M4|O95863,nan|Q6R6M4,,Q6R6M4,O95863,USP17L2,SNAI1,USP,1,UbiBrowser2,28067227
nan|Q6R6M4|P16104,nan|Q6R6M4,,Q6R6M4,P16104,USP17L2,H2AFX,USP,1,UbiBrowser2,28762656
nan|Q6R6M4|P30304,nan|Q6R6M4,,Q6R6M4,P30304,USP17L2,CDC25A,USP,1,UbiBrowser2,UBP8_HUMAN
nan|Q6R6M4|Q15672,nan|Q6R6M4,,Q6R6M4,Q15672,USP17L2,TWIST1,USP,1,UbiBrowser2,29088851
nan|Q6R6M4|Q16236,nan|Q6R6M4,,Q6R6M4,Q16236,USP17L2,NFE2L2,USP,1,UbiBrowser2,34364982
nan|Q6R6M4|Q92819,nan|Q6R6M4,,Q6R6M4,Q92819,USP17L2,HAS2,USP,1,UbiBrowser2,28604766
nan|Q6R6M4|Q99538,nan|Q6R6M4,,Q6R6M4,Q99538,USP17L2,LGMN,USP,1,UbiBrowser2,24610907
nan|Q6R6M4|Q9BYX4,nan|Q6R6M4,,Q6R6M4,Q9BYX4,USP17L2,IFIH1,USP,1,UbiBrowser2,20368735
nan|Q6R6M4|Q9H7L9,nan|Q6R6M4,,Q6R6M4,Q9H7L9,USP17L2,SUDS3,USP,1,UbiBrowser2,22662218
nan|Q6R6M4|Q9Y256,nan|Q6R6M4,,Q6R6M4,Q9Y256,USP17L2,RCE1,USP,1,UbiBrowser2,19188362
nan|Q70CQ1|P04637,nan|Q70CQ1,,Q70CQ1,P04637,USP49,TP53,USP,1,UbiBrowser2,29748582
nan|Q70CQ1|P28562,nan|Q70CQ1,,Q70CQ1,P28562,USP49,DUSP1,USP,1,UbiBrowser2,30246457
nan|Q70CQ1|P60484,nan|Q70CQ1,,Q70CQ1,P60484,USP49,PTEN,USP,1,UbiBrowser2,31001918
nan|Q70CQ1|P62807,nan|Q70CQ1,,Q70CQ1,P62807,USP49,HIST1H2BI,USP,1,UbiBrowser2,23824326
nan|Q70CQ1|Q02790,nan|Q70CQ1,,Q70CQ1,Q02790,USP49,FKBP4,USP,1,UbiBrowser2,28363942
nan|Q70CQ1|Q13451,nan|Q70CQ1,,Q70CQ1,Q13451,USP49,FKBP5,USP,1,UbiBrowser2,28363942
nan|Q70CQ1|Q16778,nan|Q70CQ1,,Q70CQ1,Q16778,USP49,HIST2H2BE,USP,1,UbiBrowser2,UBP4_HUMAN
nan|Q70CQ1|Q86WV6,nan|Q70CQ1,,Q70CQ1,Q86WV6,USP49,STING1,USP,1,UbiBrowser2,30943264
nan|Q70CQ1|Q9HC16,nan|Q70CQ1,,Q70CQ1,Q9HC16,USP49,APOBEC3G,USP,1,UbiBrowser2,31397674
nan|Q70CQ2|O15169,nan|Q70CQ2,,Q70CQ2,O15169,USP34,AXIN1,USP,1,UbiBrowser2,UBP34_HUMAN
nan|Q70CQ2|Q8IYW5,nan|Q70CQ2,,Q70CQ2,Q8IYW5,USP34,RNF168,USP,1,UbiBrowser2,28031783
nan|Q70CQ2|Q9UKV5,nan|Q70CQ2,,Q70CQ2,Q9UKV5,USP34,AMFR,USP,1,UbiBrowser2,30585151
nan|Q70CQ2|Q9Y2T1,nan|Q70CQ2,,Q70CQ2,Q9Y2T1,USP34,AXIN2,USP,1,UbiBrowser2,UBP19_HUMAN
nan|Q70CQ3|O94826,nan|Q70CQ3,,Q70CQ3,O94826,USP30,TOMM70A,USP,1,UbiBrowser2,25995186
nan|Q70CQ3|O95140,nan|Q70CQ3,,Q70CQ3,O95140,USP30,MFN2,USP,1,UbiBrowser2,29178074
nan|Q70CQ3|P21796,nan|Q70CQ3,,Q70CQ3,P21796,USP30,VDAC1,USP,1,UbiBrowser2,26445063
nan|Q70CQ3|Q15388,nan|Q70CQ3,,Q70CQ3,Q15388,USP30,TOMM20,USP,1,UbiBrowser2,28279784
nan|Q70CQ3|Q8IWA4,nan|Q70CQ3,,Q70CQ3,Q8IWA4,USP30,MFN1,USP,1,UbiBrowser2,29178074
nan|Q70CQ3|Q8IXI2,nan|Q70CQ3,,Q70CQ3,Q8IXI2,USP30,RHOT1,USP,1,UbiBrowser2,UBP13_HUMAN
nan|Q70EK8|P25963,nan|Q70EK8,,Q70EK8,P25963,USP53,NFKBIA,USP,1,UbiBrowser2,33973730
nan|Q70EK9|P37275,nan|Q70EK9,,Q70EK9,P37275,USP51,ZEB1,USP,1,UbiBrowser2,29119051
nan|Q70EK9|P62807,nan|Q70EK9,,Q70EK9,P62807,USP51,HIST1H2BI,USP,1,UbiBrowser2,27132940
nan|Q70EK9|Q16777,nan|Q70EK9,,Q70EK9,Q16777,USP51,HIST2H2AC,USP,1,UbiBrowser2,27083998
nan|Q70EK9|Q8WYQ5,nan|Q70EK9,,Q70EK9,Q8WYQ5,USP51,DGCR8,USP,1,UbiBrowser2,34188037
nan|Q70EL2|P07992,nan|Q70EL2,,Q70EL2,P07992,USP45,ERCC1,USP,1,UbiBrowser2,27316462
nan|Q70EL3|P12956,nan|Q70EL3,,Q70EL3,P12956,USP50,XRCC6,Other,1,UbiBrowser2,29101126
nan|Q70EL3|P30291,nan|Q70EL3,,Q70EL3,P30291,USP50,WEE1,Other,1,UbiBrowser2,25121098
nan|Q70EL3|Q9ULZ3,nan|Q70EL3,,Q70EL3,Q9ULZ3,USP50,PYCARD,Other,1,UbiBrowser2,28094437
nan|Q70EL4|P37275,nan|Q70EL4,,Q70EL4,P37275,USP43,ZEB1,USP,1,UbiBrowser2,33391437
nan|Q7L8S5|O00429,nan|Q7L8S5,,Q7L8S5,O00429,OTUD6A,DNM1L,OTU,1,UbiBrowser2,33070427
nan|Q7L8S5|O14965,nan|Q7L8S5,,Q7L8S5,O14965,OTUD6A,AURKA,OTU,1,UbiBrowser2,33669244
nan|Q86T82|O95863,nan|Q86T82,,Q86T82,O95863,USP37,SNAI1,USP,1,UbiBrowser2,31998374
nan|Q86T82|P01106,nan|Q86T82,,Q86T82,P01106,USP37,MYC,USP,1,UbiBrowser2,27919796
nan|Q86T82|P0C0S8,nan|Q86T82,,Q86T82,P0C0S8,USP37,HIST1H2AM,USP,1,UbiBrowser2,28031783
nan|Q86T82|P20248,nan|Q86T82,,Q86T82,P20248,USP37,CCNA2,USP,1,UbiBrowser2,25347529
nan|Q86T82|P40305,nan|Q86T82,,Q86T82,P40305,USP37,IFI27,USP,1,UbiBrowser2,22665064
nan|Q86T82|P46527,nan|Q86T82,,Q86T82,P46527,USP37,CDKN1B,USP,1,UbiBrowser2,22665064
nan|Q86T82|P78396,nan|Q86T82,,Q86T82,P78396,USP37,CCNA1,USP,1,UbiBrowser2,U17L2_HUMAN
nan|Q86T82|Q05516,nan|Q86T82,,Q86T82,Q05516,USP37,ZBTB16,USP,1,UbiBrowser2,23208507
nan|Q86T82|Q99814,nan|Q86T82,,Q86T82,Q99814,USP37,EPAS1,USP,1,UbiBrowser2,32461361
nan|Q86T82|Q9H211,nan|Q86T82,,Q86T82,Q9H211,USP37,CDT1,USP,1,UbiBrowser2,27296872
nan|Q86UV5|P04908,nan|Q86UV5,,Q86UV5,P04908,USP48,HIST1H2AE,USP,1,UbiBrowser2,29335415
nan|Q86UV5|P08151,nan|Q86UV5,,Q86UV5,P08151,USP48,GLI1,USP,1,UbiBrowser2,28623188
nan|Q86UV5|Q04206,nan|Q86UV5,,Q86UV5,Q04206,USP48,RELA,USP,1,UbiBrowser2,30628021
nan|Q86UV5|Q12933,nan|Q86UV5,,Q86UV5,Q12933,USP48,TRAF2,USP,1,UbiBrowser2,28874458
nan|Q86UV5|Q6FI13,nan|Q86UV5,,Q86UV5,Q6FI13,USP48,HIST2H2AA4,USP,1,UbiBrowser2,29335415
nan|Q86UV5|Q8N6T7,nan|Q86UV5,,Q86UV5,Q8N6T7,USP48,SIRT6,USP,1,UbiBrowser2,33903120
nan|Q8N5J2|P46937,nan|Q8N5J2,,Q8N5J2,P46937,MINDY1,YAP1,MINDY,1,UbiBrowser2,34315490
nan|Q8NB14|O60341,nan|Q8NB14,,Q8NB14,O60341,USP38,KDM1A,USP,1,UbiBrowser2,30497519
nan|Q8NB14|P01106,nan|Q8NB14,,Q8NB14,P01106,USP38,MYC,USP,1,UbiBrowser2,34102342
nan|Q8NB14|Q9UHD2,nan|Q8NB14,,Q8NB14,Q9UHD2,USP38,TBK1,USP,1,UbiBrowser2,27692986
nan|Q8TEY7|O43303,nan|Q8TEY7,,Q8TEY7,O43303,USP33,CCP110,USP,1,UbiBrowser2,23486064
nan|Q8TEY7|O60260,nan|Q8TEY7,,Q8TEY7,O60260,USP33,PRKN,USP,1,UbiBrowser2,31432739
nan|Q8TEY7|P01106,nan|Q8TEY7,,Q8TEY7,P01106,USP33,MYC,USP,1,UbiBrowser2,33718387
nan|Q8TEY7|P07550,nan|Q8TEY7,,Q8TEY7,P07550,USP33,ADRB2,USP,1,UbiBrowser2,26445063
nan|Q8TEY7|P11234,nan|Q8TEY7,,Q8TEY7,P11234,USP33,RALB,USP,1,UbiBrowser2,26445063
nan|Q8TEY7|P28562,nan|Q8TEY7,,Q8TEY7,P28562,USP33,DUSP1,USP,1,UbiBrowser2,31857702
nan|Q8TEY7|P32121,nan|Q8TEY7,,Q8TEY7,P32121,USP33,ARRB2,USP,1,UbiBrowser2,UBP34_HUMAN
nan|Q8TEY7|P35813,nan|Q8TEY7,,Q8TEY7,P35813,USP33,PPM1A,USP,1,UbiBrowser2,30308513
nan|Q8TEY7|P49407,nan|Q8TEY7,,Q8TEY7,P49407,USP33,ARRB1,USP,1,UbiBrowser2,19363159
nan|Q8TEY7|Q92813,nan|Q8TEY7,,Q8TEY7,Q92813,USP33,DIO2,USP,1,UbiBrowser2,22967761
nan|Q8TEY7|Q9Y6N7,nan|Q8TEY7,,Q8TEY7,Q9Y6N7,USP33,ROBO1,USP,1,UbiBrowser2,25242263
nan|Q92560|O15294,nan|Q92560,,Q92560,O15294,BAP1,OGT,UCH,1,UbiBrowser2,29069806
nan|Q92560|P0C0S8,nan|Q92560,,Q92560,P0C0S8,BAP1,HIST1H2AM,UCH,1,UbiBrowser2,28031783
nan|Q92560|P16104,nan|Q92560,,Q92560,P16104,BAP1,H2AFX,UCH,1,UbiBrowser2,28031783
nan|Q92560|P25490,nan|Q92560,,Q92560,P25490,BAP1,YY1,UCH,1,UbiBrowser2,25121098
nan|Q92560|P27348,nan|Q92560,,Q92560,P27348,BAP1,YWHAQ,UCH,1,UbiBrowser2,29686263
nan|Q92560|P38398,nan|Q92560,,Q92560,P38398,BAP1,BRCA1,UCH,1,UbiBrowser2,25121098
nan|Q92560|P46531,nan|Q92560,,Q92560,P46531,BAP1,NOTCH1,UCH,1,UbiBrowser2,31504682
nan|Q92560|P51610,nan|Q92560,,Q92560,P51610,BAP1,HCFC1,UCH,1,UbiBrowser2,29069806
nan|Q92560|P60484,nan|Q92560,,Q92560,P60484,BAP1,PTEN,UCH,1,UbiBrowser2,34094668
nan|Q92560|Q01167,nan|Q92560,,Q92560,Q01167,BAP1,FOXK2,UCH,1,UbiBrowser2,25451922
nan|Q92560|Q13887,nan|Q92560,,Q92560,Q13887,BAP1,KLF5,UCH,1,UbiBrowser2,26419610
nan|Q92560|Q15831,nan|Q92560,,Q92560,Q15831,BAP1,STK11,UCH,1,UbiBrowser2,32819560
nan|Q92560|Q16777,nan|Q92560,,Q92560,Q16777,BAP1,HIST2H2AC,UCH,1,UbiBrowser2,28389374
nan|Q92560|Q6FI13,nan|Q92560,,Q92560,Q6FI13,BAP1,HIST2H2AA4,UCH,1,UbiBrowser2,30202049
nan|Q92560|Q96CW5,nan|Q92560,,Q92560,Q96CW5,BAP1,TUBGCP3,UCH,1,UbiBrowser2,25228651
nan|Q92905|O43623,nan|Q92905,,Q92905,O43623,COPS5,SNAI2,JAMM,1,UbiBrowser2,29755680
nan|Q92905|O95863,nan|Q92905,,Q92905,O95863,COPS5,SNAI1,JAMM,1,UbiBrowser2,29755680
nan|Q92905|Q13619,nan|Q92905,,Q92905,Q13619,COPS5,CUL4A,JAMM,1,UbiBrowser2,12732143
nan|Q92905|Q9NZQ7,nan|Q92905,,Q92905,Q9NZQ7,COPS5,CD274,JAMM,1,UbiBrowser2,27866850
nan|Q92995|A0A291NLA3,nan|Q92995,,Q92995,A0A291NLA3,USP13,SIGIRR,USP,1,UbiBrowser2,31204278
nan|Q92995|O75030,nan|Q92995,,Q92995,O75030,USP13,MITF,USP,1,UbiBrowser2,28544818
nan|Q92995|P01106,nan|Q92995,,Q92995,P01106,USP13,MYC,USP,1,UbiBrowser2,27923907
nan|Q92995|P11441,nan|Q92995,,Q92995,P11441,USP13,UBL4A,USP,1,UbiBrowser2,24424410
nan|Q92995|P53396,nan|Q92995,,Q92995,P53396,USP13,ACLY,USP,1,UbiBrowser2,30319415
nan|Q92995|P60484,nan|Q92995,,Q92995,P60484,USP13,PTEN,USP,1,UbiBrowser2,24270891
nan|Q92995|Q02218,nan|Q92995,,Q92995,Q02218,USP13,OGDH,USP,1,UbiBrowser2,30319415
nan|Q92995|Q07820,nan|Q92995,,Q92995,Q07820,USP13,MCL1,USP,1,UbiBrowser2,29335437
nan|Q92995|Q13309,nan|Q92995,,Q92995,Q13309,USP13,SKP2,USP,1,UbiBrowser2,USP9Y_HUMAN
nan|Q92995|Q14457,nan|Q92995,,Q92995,Q14457,USP13,BECN1,USP,1,UbiBrowser2,26445063
nan|Q92995|Q14694,nan|Q92995,,Q92995,Q14694,USP13,USP10,USP,1,UbiBrowser2,UBP28_HUMAN
nan|Q92995|Q86WV6,nan|Q92995,,Q92995,Q86WV6,USP13,TMEM173,USP,1,UbiBrowser2,28534493
nan|Q92995|Q8NEB9,nan|Q92995,,Q92995,Q8NEB9,USP13,PIK3C3,USP,1,UbiBrowser2,32101753
nan|Q92995|Q92547,nan|Q92995,,Q92995,Q92547,USP13,TOPBP1,USP,1,UbiBrowser2,33592542
nan|Q92995|Q96P20,nan|Q92995,,Q92995,Q96P20,USP13,NLRP3,USP,1,UbiBrowser2,33243234
nan|Q92995|Q96RL1,nan|Q92995,,Q92995,Q96RL1,USP13,UIMC1,USP,1,UbiBrowser2,28569838
nan|Q93008|A5PKW4,nan|Q93008,,Q93008,A5PKW4,USP9X,PSD,USP,1,UbiBrowser2,20339350
nan|Q93008|O00327,nan|Q93008,,Q93008,O00327,USP9X,ARNTL,USP,1,UbiBrowser2,29626158
nan|Q93008|O00512,nan|Q93008,,Q93008,O00512,USP9X,BCL9,USP,1,UbiBrowser2,31073027
nan|Q93008|O14641,nan|Q93008,,Q93008,O14641,USP9X,DVL2,USP,1,UbiBrowser2,31340145
nan|Q93008|O14684,nan|Q93008,,Q93008,O14684,USP9X,PTGES,USP,1,UbiBrowser2,31285948
nan|Q93008|O43524,nan|Q93008,,Q93008,O43524,USP9X,FOXO3,USP,1,UbiBrowser2,24990963
nan|Q93008|O60285,nan|Q93008,,Q93008,O60285,USP9X,NUAK1,USP,1,UbiBrowser2,27775833
nan|Q93008|O95835,nan|Q93008,,Q93008,O95835,USP9X,LATS1,USP,1,UbiBrowser2,30319415
nan|Q93008|O95999,nan|Q93008,,Q93008,O95999,USP9X,BCL10,USP,1,UbiBrowser2,23690623
nan|Q93008|P04626,nan|Q93008,,Q93008,P04626,USP9X,ERBB2,USP,1,UbiBrowser2,20406983
nan|Q93008|P04637,nan|Q93008,,Q93008,P04637,USP9X,TP53,USP,1,UbiBrowser2,28801249
nan|Q93008|P11308,nan|Q93008,,Q93008,P11308,USP9X,ERG,USP,1,UbiBrowser2,24591637
nan|Q93008|P12830,nan|Q93008,,Q93008,P12830,USP9X,CDH1,USP,1,UbiBrowser2,27775833
nan|Q93008|P14921,nan|Q93008,,Q93008,P14921,USP9X,ETS1,USP,1,UbiBrowser2,28198367
nan|Q93008|P16949,nan|Q93008,,Q93008,P16949,USP9X,STMN1,USP,1,UbiBrowser2,23112048
nan|Q93008|P23588,nan|Q93008,,Q93008,P23588,USP9X,EIF4B,USP,1,UbiBrowser2,29228324
nan|Q93008|P33981,nan|Q93008,,Q93008,P33981,USP9X,TTK,USP,1,UbiBrowser2,29721084
nan|Q93008|P35222,nan|Q93008,,Q93008,P35222,USP9X,CTNNB1,USP,1,UbiBrowser2,29080116
nan|Q93008|P37840,nan|Q93008,,Q93008,P37840,USP9X,SNCA,USP,1,UbiBrowser2,22361583
nan|Q93008|P38398,nan|Q93008,,Q93008,P38398,USP9X,BRCA1,USP,1,UbiBrowser2,31512408
nan|Q93008|P42345,nan|Q93008,,Q93008,P42345,USP9X,MTOR,USP,1,UbiBrowser2,27775833
nan|Q93008|P42566,nan|Q93008,,Q93008,P42566,USP9X,EPS15,USP,1,UbiBrowser2,26748853
nan|Q93008|P43403,nan|Q93008,,Q93008,P43403,USP9X,ZAP70,USP,1,UbiBrowser2,26936881
nan|Q93008|P46937,nan|Q93008,,Q93008,P46937,USP9X,YAP1,USP,1,UbiBrowser2,29449692
nan|Q93008|P47895,nan|Q93008,,Q93008,P47895,USP9X,ALDH1A3,USP,1,UbiBrowser2,30958800
nan|Q93008|P48431,nan|Q93008,,Q93008,P48431,USP9X,SOX2,USP,1,UbiBrowser2,27919796
nan|Q93008|P50542,nan|Q93008,,Q93008,P50542,USP9X,PEX5,USP,1,UbiBrowser2,26367801
nan|Q93008|P60842,nan|Q93008,,Q93008,P60842,USP9X,EIF4A1,USP,1,UbiBrowser2,29228324
nan|Q93008|Q07820,nan|Q93008,,Q93008,Q07820,USP9X,MCL1,USP,1,UbiBrowser2,28279784
nan|Q93008|Q12809,nan|Q93008,,Q93008,Q12809,USP9X,KCNH2,USP,1,UbiBrowser2,27775833
nan|Q93008|Q13485,nan|Q93008,,Q93008,Q13485,USP9X,SMAD4,USP,1,UbiBrowser2,25317929
nan|Q93008|Q14457,nan|Q93008,,Q93008,Q14457,USP9X,BECN1,USP,1,UbiBrowser2,30126257
nan|Q93008|Q15051,nan|Q93008,,Q93008,Q15051,USP9X,IQCB1,USP,1,UbiBrowser2,28498859
nan|Q93008|Q15154,nan|Q93008,,Q93008,Q15154,USP9X,PCM1,USP,1,UbiBrowser2,28620049
nan|Q93008|Q15797,nan|Q93008,,Q93008,Q15797,USP9X,SMAD1,USP,1,UbiBrowser2,27775833
nan|Q93008|Q53EZ4,nan|Q93008,,Q93008,Q53EZ4,USP9X,CEP55,USP,1,UbiBrowser2,28620049
nan|Q93008|Q6R327,nan|Q93008,,Q93008,Q6R327,USP9X,RICTOR,USP,1,UbiBrowser2,33378666
nan|Q93008|Q86YR5,nan|Q93008,,Q93008,Q86YR5,USP9X,GPSM1,USP,1,UbiBrowser2,27775833
nan|Q93008|Q86YT6,nan|Q93008,,Q93008,Q86YT6,USP9X,MIB1,USP,1,UbiBrowser2,27593927
nan|Q93008|Q8NAP3,nan|Q93008,,Q93008,Q8NAP3,USP9X,ZBTB38,USP,1,UbiBrowser2,29490077
nan|Q93008|Q8WTU0,nan|Q93008,,Q93008,Q8WTU0,USP9X,DDI1,USP,1,UbiBrowser2,31130875
nan|Q93008|Q969H0,nan|Q93008,,Q93008,Q969H0,USP9X,FBXW7,USP,1,UbiBrowser2,29346117
nan|Q93008|Q96J02,nan|Q93008,,Q93008,Q96J02,USP9X,ITCH,USP,1,UbiBrowser2,27775833
nan|Q93008|Q96L34,nan|Q93008,,Q93008,Q96L34,USP9X,MARK4,USP,1,UbiBrowser2,27775833
nan|Q93008|Q96RU7,nan|Q93008,,Q93008,Q96RU7,USP9X,TRIB3,USP,1,UbiBrowser2,27593927
nan|Q93008|Q99683,nan|Q93008,,Q93008,Q99683,USP9X,MAP3K5,USP,1,UbiBrowser2,27775833
nan|Q93008|Q9H3R0,nan|Q93008,,Q93008,Q9H3R0,USP9X,KDM4C,USP,1,UbiBrowser2,33558705
nan|Q93008|Q9H6Z9,nan|Q93008,,Q93008,Q9H6Z9,USP9X,EGLN3,USP,1,UbiBrowser2,34112167
nan|Q93008|Q9H992,nan|Q93008,,Q93008,Q9H992,USP9X,MARCHF7,USP,1,UbiBrowser2,27775833
nan|Q93008|Q9HCE7,nan|Q93008,,Q93008,Q9HCE7,USP9X,SMURF1,USP,1,UbiBrowser2,27775833
nan|Q93008|Q9NRM7,nan|Q93008,,Q93008,Q9NRM7,USP9X,LATS2,USP,1,UbiBrowser2,29183995
nan|Q93008|Q9NYV9,nan|Q93008,,Q93008,Q9NYV9,USP9X,TAS2R13,USP,1,UbiBrowser2,27593927
nan|Q93008|Q9NZQ7,nan|Q93008,,Q93008,Q9NZQ7,USP9X,CD274,USP,1,UbiBrowser2,29992764
nan|Q93008|Q9UPN4,nan|Q93008,,Q93008,Q9UPN4,USP9X,CEP131,USP,1,UbiBrowser2,30319415
nan|Q93008|Q9Y2J4,nan|Q93008,,Q93008,Q9Y2J4,USP9X,AMOTL2,USP,1,UbiBrowser2,26598551
nan|Q93008|Q9Y4H2,nan|Q93008,,Q93008,Q9Y4H2,USP9X,IRS2,USP,1,UbiBrowser2,30338032
nan|Q93008|Q9Y4L5,nan|Q93008,,Q93008,Q9Y4L5,USP9X,RNF115,USP,1,UbiBrowser2,30689267
nan|Q93009|O14757,nan|Q93009,,Q93009,O14757,USP7,CHEK1,USP,1,UbiBrowser2,31601781
nan|Q93009|O14773,nan|Q93009,,Q93009,O14773,USP7,TPP1,USP,1,UbiBrowser2,27775833
nan|Q93009|O14965,nan|Q93009,,Q93009,O14965,USP7,AURKA,USP,1,UbiBrowser2,27775833
nan|Q93009|O15151,nan|Q93009,,Q93009,O15151,USP7,MDM4,USP,1,UbiBrowser2,27775833
nan|Q93009|O15169,nan|Q93009,,Q93009,O15169,USP7,AXIN1,USP,1,UbiBrowser2,31519875
nan|Q93009|O15524,nan|Q93009,,Q93009,O15524,USP7,SOCS1,USP,1,UbiBrowser2,31691271
nan|Q93009|O43524,nan|Q93009,,Q93009,O43524,USP7,FOXO3,USP,1,UbiBrowser2,25121098
nan|Q93009|O43663,nan|Q93009,,Q93009,O43663,USP7,PRC1,USP,1,UbiBrowser2,29142505
nan|Q93009|O43684,nan|Q93009,,Q93009,O43684,USP7,BUB3,USP,1,UbiBrowser2,27775833
nan|Q93009|O60341,nan|Q93009,,Q93009,O60341,USP7,KDM1A,USP,1,UbiBrowser2,29142505
nan|Q93009|O75444,nan|Q93009,,Q93009,O75444,USP7,MAF,USP,1,UbiBrowser2,31822558
nan|Q93009|P00519,nan|Q93009,,Q93009,P00519,USP7,ABL1,USP,1,UbiBrowser2,33963175
nan|Q93009|P01106,nan|Q93009,,Q93009,P01106,USP7,MYC,USP,1,UbiBrowser2,29899379
nan|Q93009|P04198,nan|Q93009,,Q93009,P04198,USP7,MYCN,USP,1,UbiBrowser2,27618649
nan|Q93009|P04637,nan|Q93009,,Q93009,P04637,USP7,TP53,USP,1,UbiBrowser2,28801249
nan|Q93009|P06400,nan|Q93009,,Q93009,P06400,USP7,RB1,USP,1,UbiBrowser2,27775833
nan|Q93009|P08151,nan|Q93009,,Q93009,P08151,USP7,GLI1,USP,1,UbiBrowser2,26120032
nan|Q93009|P10275,nan|Q93009,,Q93009,P10275,USP7,AR,USP,1,UbiBrowser2,26175158
nan|Q93009|P10276,nan|Q93009,,Q93009,P10276,USP7,RARA,USP,1,UbiBrowser2,23208507
nan|Q93009|P11474,nan|Q93009,,Q93009,P11474,USP7,ESRRA,USP,1,UbiBrowser2,31518603
nan|Q93009|P12004,nan|Q93009,,Q93009,P12004,USP7,PCNA,USP,1,UbiBrowser2,28031783
nan|Q93009|P14373,nan|Q93009,,Q93009,P14373,USP7,TRIM27,USP,1,UbiBrowser2,29688809
nan|Q93009|P19838,nan|Q93009,,Q93009,P19838,USP7,NFKB1,USP,1,UbiBrowser2,27775833
nan|Q93009|P23759,nan|Q93009,,Q93009,P23759,USP7,PAX7,USP,1,UbiBrowser2,32115872
nan|Q93009|P26358,nan|Q93009,,Q93009,P26358,USP7,DNMT1,USP,1,UbiBrowser2,27775833
nan|Q93009|P29590,nan|Q93009,,Q93009,P29590,USP7,PML,USP,1,UbiBrowser2,27775833
nan|Q93009|P30304,nan|Q93009,,Q93009,P30304,USP7,CDC25A,USP,1,UbiBrowser2,32860838
nan|Q93009|P35222,nan|Q93009,,Q93009,P35222,USP7,CTNNB1,USP,1,UbiBrowser2,29045831
nan|Q93009|P35226,nan|Q93009,,Q93009,P35226,USP7,BMI1,USP,1,UbiBrowser2,27919796
nan|Q93009|P35568,nan|Q93009,,Q93009,P35568,USP7,IRS1,USP,1,UbiBrowser2,27775833
nan|Q93009|P37231,nan|Q93009,,Q93009,P37231,USP7,PPARG,USP,1,UbiBrowser2,27775833
nan|Q93009|P46531,nan|Q93009,,Q93009,P46531,USP7,NOTCH1,USP,1,UbiBrowser2,30224337
nan|Q93009|P46937,nan|Q93009,,Q93009,P46937,USP7,YAP1,USP,1,UbiBrowser2,30679505
nan|Q93009|P48764,nan|Q93009,,Q93009,P48764,USP7,SLC9A3,USP,1,UbiBrowser2,33095475
nan|Q93009|P51955,nan|Q93009,,Q93009,P51955,USP7,NEK2,USP,1,UbiBrowser2,29863498
nan|Q93009|P51965,nan|Q93009,,Q93009,P51965,USP7,UBE2E1,USP,1,UbiBrowser2,28073915
nan|Q93009|P53350,nan|Q93009,,Q93009,P53350,USP7,PLK1,USP,1,UbiBrowser2,31730000
nan|Q93009|P60484,nan|Q93009,,Q93009,P60484,USP7,PTEN,USP,1,UbiBrowser2,27775833
nan|Q93009|P62807,nan|Q93009,,Q93009,P62807,USP7,HIST1H2BI,USP,1,UbiBrowser2,27775833
nan|Q93009|P98177,nan|Q93009,,Q93009,P98177,USP7,FOXO4,USP,1,UbiBrowser2,27775833
nan|Q93009|Q00987,nan|Q93009,,Q93009,Q00987,USP7,MDM2,USP,1,UbiBrowser2,28801249
nan|Q93009|Q01831,nan|Q93009,,Q93009,Q01831,USP7,XPC,USP,1,UbiBrowser2,28031783
nan|Q93009|Q01860,nan|Q93009,,Q93009,Q01860,USP7,POU5F1,USP,1,UbiBrowser2,27919796
nan|Q93009|Q03468,nan|Q93009,,Q93009,Q03468,USP7,ERCC6,USP,1,UbiBrowser2,28031783
nan|Q93009|Q04206,nan|Q93009,,Q93009,Q04206,USP7,RELA,USP,1,UbiBrowser2,25121098
nan|Q93009|Q07820,nan|Q93009,,Q93009,Q07820,USP7,MCL1,USP,1,UbiBrowser2,32802178
nan|Q93009|Q12778,nan|Q93009,,Q93009,Q12778,USP7,FOXO1,USP,1,UbiBrowser2,27775833
nan|Q93009|Q12888,nan|Q93009,,Q93009,Q12888,USP7,TP53BP1,USP,1,UbiBrowser2,28930533
nan|Q93009|Q13127,nan|Q93009,,Q93009,Q13127,USP7,REST,USP,1,UbiBrowser2,28464229
nan|Q93009|Q13546,nan|Q93009,,Q93009,Q13546,USP7,RIPK1,USP,1,UbiBrowser2,27775833
nan|Q93009|Q14527,nan|Q93009,,Q93009,Q14527,USP7,HLTF,USP,1,UbiBrowser2,27775833
nan|Q93009|Q14669,nan|Q93009,,Q93009,Q14669,USP7,TRIP12,USP,1,UbiBrowser2,25557975
nan|Q93009|Q15910,nan|Q93009,,Q93009,Q15910,USP7,EZH2,USP,1,UbiBrowser2,32453339
nan|Q93009|Q16204,nan|Q93009,,Q93009,Q16204,USP7,CCDC6,USP,1,UbiBrowser2,31447003
nan|Q93009|Q16526,nan|Q93009,,Q93009,Q16526,USP7,CRY1,USP,1,UbiBrowser2,27123980
nan|Q93009|Q16656,nan|Q93009,,Q93009,Q16656,USP7,NRF1,USP,1,UbiBrowser2,33933455
nan|Q93009|Q16665,nan|Q93009,,Q93009,Q16665,USP7,HIF1A,USP,1,UbiBrowser2,27934968
nan|Q93009|Q16778,nan|Q93009,,Q93009,Q16778,USP7,H2BC21,USP,1,UbiBrowser2,32884836
nan|Q93009|Q2YD98,nan|Q93009,,Q93009,Q2YD98,USP7,UVSSA,USP,1,UbiBrowser2,29323787
nan|Q93009|Q49AN0,nan|Q93009,,Q93009,Q49AN0,USP7,CRY2,USP,1,UbiBrowser2,27123980
nan|Q93009|Q8IXJ9,nan|Q93009,,Q93009,Q8IXJ9,USP7,ASXL1,USP,1,UbiBrowser2,26189775
nan|Q93009|Q8IYW5,nan|Q93009,,Q93009,Q8IYW5,USP7,RNF168,USP,1,UbiBrowser2,28031783
nan|Q93009|Q8NHW3,nan|Q93009,,Q93009,Q8NHW3,USP7,MAFA,USP,1,UbiBrowser2,31822558
nan|Q93009|Q92993,nan|Q93009,,Q93009,Q92993,USP7,KAT5,USP,1,UbiBrowser2,25121098
nan|Q93009|Q96C12,nan|Q93009,,Q93009,Q96C12,USP7,ARMC5,USP,1,UbiBrowser2,33544460
nan|Q93009|Q96EP1,nan|Q93009,,Q93009,Q96EP1,USP7,CHFR,USP,1,UbiBrowser2,27775833
nan|Q93009|Q96PU5,nan|Q93009,,Q93009,Q96PU5,USP7,NEDD4L,USP,1,UbiBrowser2,33106424
nan|Q93009|Q96T88,nan|Q93009,,Q93009,Q96T88,USP7,UHRF1,USP,1,UbiBrowser2,27775833
nan|Q93009|Q99496,nan|Q93009,,Q93009,Q99496,USP7,RNF2,USP,1,UbiBrowser2,20800574
nan|Q93009|Q9BZS1,nan|Q93009,,Q93009,Q9BZS1,USP7,FOXP3,USP,1,UbiBrowser2,29352742
nan|Q93009|Q9H8V3,nan|Q93009,,Q93009,Q9H8V3,USP7,ECT2,USP,1,UbiBrowser2,32929379
nan|Q93009|Q9H992,nan|Q93009,,Q93009,Q9H992,USP7,MARCHF7,USP,1,UbiBrowser2,29080116
nan|Q93009|Q9HAW4,nan|Q93009,,Q93009,Q9HAW4,USP7,CLSPN,USP,1,UbiBrowser2,27775833
nan|Q93009|Q9NRC8,nan|Q93009,,Q93009,Q9NRC8,USP7,SIRT7,USP,1,UbiBrowser2,28655758
nan|Q93009|Q9NS91,nan|Q93009,,Q93009,Q9NS91,USP7,RAD18,USP,1,UbiBrowser2,25961918
nan|Q93009|Q9NSA3,nan|Q93009,,Q93009,Q9NSA3,USP7,CTNNBIP1,USP,1,UbiBrowser2,29045831
nan|Q93009|Q9UER7,nan|Q93009,,Q93009,Q9UER7,USP7,DAXX,USP,1,UbiBrowser2,27775833
nan|Q93009|Q9UPP1,nan|Q93009,,Q93009,Q9UPP1,USP7,PHF8,USP,1,UbiBrowser2,27183383
nan|Q93009|Q9Y253,nan|Q93009,,Q93009,Q9Y253,USP7,POLH,USP,1,UbiBrowser2,25435364
nan|Q93009|Q9Y4H2,nan|Q93009,,Q93009,Q9Y4H2,USP7,IRS2,USP,1,UbiBrowser2,27775833
nan|Q93009|Q9Y6K9,nan|Q93009,,Q93009,Q9Y6K9,USP7,IKBKG,USP,1,UbiBrowser2,27775833
nan|Q96BN8|O75143,nan|Q96BN8,,Q96BN8,O75143,OTULIN,ATG13,Other,1,UbiBrowser2,32543267
nan|Q96BN8|P37023,nan|Q96BN8,,Q96BN8,P37023,OTULIN,ACVRL1,Other,1,UbiBrowser2,34157307
nan|Q96BN8|Q9Y6K9,nan|Q96BN8,,Q96BN8,Q9Y6K9,OTULIN,IKBKG,Other,1,UbiBrowser2,29444948
nan|Q96DC9|P10070,nan|Q96DC9,,Q96DC9,P10070,OTUB2,GLI2,OTU,1,UbiBrowser2,30241937
nan|Q96DC9|Q13114,nan|Q96DC9,,Q96DC9,Q13114,OTUB2,TRAF3,OTU,1,UbiBrowser2,19996094
nan|Q96DC9|Q9Y468,nan|Q96DC9,,Q96DC9,Q9Y468,OTUB2,L3MBTL1,OTU,1,UbiBrowser2,24560272
nan|Q96DC9|Q9Y4K3,nan|Q96DC9,,Q96DC9,Q9Y4K3,OTUB2,TRAF6,OTU,1,UbiBrowser2,19996094
nan|Q96DX7|Q16665,nan|Q96DX7,,Q96DX7,Q16665,TRIM44,HIF1A,Other,1,UbiBrowser2,30089913
nan|Q96DX7|Q9Y577,nan|Q96DX7,,Q96DX7,Q9Y577,TRIM44,TRIM17,Other,1,UbiBrowser2,19358823
nan|Q96F44|Q16828,nan|Q96F44,,Q96F44,Q16828,TRIM11,DUSP6,Other,1,UbiBrowser2,33970779
nan|Q96FW1|O95863,nan|Q96FW1,,Q96FW1,O95863,OTUB1,SNAI1,OTU,1,UbiBrowser2,29559747
nan|Q96FW1|P03372,nan|Q96FW1,,Q96FW1,P03372,OTUB1,ESR1,OTU,1,UbiBrowser2,UBP46_HUMAN
nan|Q96FW1|P04637,nan|Q96FW1,,Q96FW1,P04637,OTUB1,TP53,OTU,1,UbiBrowser2,27919796
nan|Q96FW1|P10636,nan|Q96FW1,,Q96FW1,P10636,OTUB1,MAPT,OTU,1,UbiBrowser2,28083634
nan|Q96FW1|P22736,nan|Q96FW1,,Q96FW1,P22736,OTUB1,NR4A1,OTU,1,UbiBrowser2,30905540
nan|Q96FW1|P27694,nan|Q96FW1,,Q96FW1,P27694,OTUB1,RPA1,OTU,1,UbiBrowser2,26403191
nan|Q96FW1|P43246,nan|Q96FW1,,Q96FW1,P43246,OTUB1,MSH2,OTU,1,UbiBrowser2,33640455
nan|Q96FW1|P51965,nan|Q96FW1,,Q96FW1,P51965,OTUB1,UBE2E1,OTU,1,UbiBrowser2,30282802
nan|Q96FW1|P61088,nan|Q96FW1,,Q96FW1,P61088,OTUB1,UBE2N,OTU,1,UbiBrowser2,25121098
nan|Q96FW1|P84022,nan|Q96FW1,,Q96FW1,P84022,OTUB1,SMAD3,OTU,1,UbiBrowser2,24071738
nan|Q96FW1|Q08050,nan|Q96FW1,,Q96FW1,Q08050,OTUB1,FOXM1,OTU,1,UbiBrowser2,27167337
nan|Q96FW1|Q13114,nan|Q96FW1,,Q96FW1,Q13114,OTUB1,TRAF3,OTU,1,UbiBrowser2,19996094
nan|Q96FW1|Q13490,nan|Q96FW1,,Q96FW1,Q13490,OTUB1,BIRC2,OTU,1,UbiBrowser2,23524849
nan|Q96FW1|Q15796,nan|Q96FW1,,Q96FW1,Q15796,OTUB1,SMAD2,OTU,1,UbiBrowser2,24071738
nan|Q96FW1|Q8TB45,nan|Q96FW1,,Q96FW1,Q8TB45,OTUB1,DEPTOR,OTU,1,UbiBrowser2,29382726
nan|Q96FW1|Q9NZQ7,nan|Q96FW1,,Q96FW1,Q9NZQ7,OTUB1,CD274,OTU,1,UbiBrowser2,33328570
nan|Q96FW1|Q9UPY5,nan|Q96FW1,,Q96FW1,Q9UPY5,OTUB1,SLC7A11,OTU,1,UbiBrowser2,30709928
nan|Q96FW1|Q9Y4K3,nan|Q96FW1,,Q96FW1,Q9Y4K3,OTUB1,TRAF6,OTU,1,UbiBrowser2,19996094
nan|Q96G74|O00463,nan|Q96G74,,Q96G74,O00463,OTUD5,TRAF5,OTU,1,UbiBrowser2,24375678
nan|Q96G74|O14737,nan|Q96G74,,Q96G74,O14737,OTUD5,PDCD5,OTU,1,UbiBrowser2,25499082
nan|Q96G74|O95071,nan|Q96G74,,Q96G74,O95071,OTUD5,UBR5,OTU,1,UbiBrowser2,25470037
nan|Q96G74|P04637,nan|Q96G74,,Q96G74,P04637,OTUD5,TP53,OTU,1,UbiBrowser2,28801249
nan|Q96G74|P13010,nan|Q96G74,,Q96G74,P13010,OTUD5,XRCC5,OTU,1,UbiBrowser2,30980112
nan|Q96G74|Q12933,nan|Q96G74,,Q96G74,Q12933,OTUD5,TRAF2,OTU,1,UbiBrowser2,24375678
nan|Q96G74|Q13114,nan|Q96G74,,Q96G74,Q13114,OTUD5,TRAF3,OTU,1,UbiBrowser2,28063927
nan|Q96G74|Q14258,nan|Q96G74,,Q96G74,Q14258,OTUD5,TRIM25,OTU,1,UbiBrowser2,32826889
nan|Q96G74|Q9Y4K3,nan|Q96G74,,Q96G74,Q9Y4K3,OTUD5,TRAF6,OTU,1,UbiBrowser2,24375678
nan|Q96JH7|Q9H040,nan|Q96JH7,,Q96JH7,Q9H040,VCPIP1,SPRTN,OTU,1,UbiBrowser2,33567341
nan|Q96JH7|Q9NY99,nan|Q96JH7,,Q96JH7,Q9NY99,VCPIP1,SNTG2,OTU,1,UbiBrowser2,27404360
nan|Q96K76|O95863,nan|Q96K76,,Q96K76,O95863,USP47,SNAI1,USP,1,UbiBrowser2,29162839
nan|Q96K76|P06746,nan|Q96K76,,Q96K76,P06746,USP47,POLB,USP,1,UbiBrowser2,UBP30_HUMAN
nan|Q96K76|P12830,nan|Q96K76,,Q96K76,P12830,USP47,CDH1,USP,1,UbiBrowser2,29080116
nan|Q96K76|P35222,nan|Q96K76,,Q96K76,P35222,USP47,CTNNB1,USP,1,UbiBrowser2,29080116
nan|Q96K76|Q9UGP5,nan|Q96K76,,Q96K76,Q9UGP5,USP47,POLL,USP,1,UbiBrowser2,25121098
nan|Q96RU2|O60341,nan|Q96RU2,,Q96RU2,O60341,USP28,KDM1A,USP,1,UbiBrowser2,29142505
nan|Q96RU2|O96017,nan|Q96RU2,,Q96RU2,O96017,USP28,CHEK2,USP,1,UbiBrowser2,27775833
nan|Q96RU2|P01106,nan|Q96RU2,,Q96RU2,P01106,USP28,MYC,USP,1,UbiBrowser2,27775833
nan|Q96RU2|P04637,nan|Q96RU2,,Q96RU2,P04637,USP28,TP53,USP,1,UbiBrowser2,27371829
nan|Q96RU2|P05412,nan|Q96RU2,,Q96RU2,P05412,USP28,JUN,USP,1,UbiBrowser2,26410034
nan|Q96RU2|P15056,nan|Q96RU2,,Q96RU2,P15056,USP28,BRAF,USP,1,UbiBrowser2,29880484
nan|Q96RU2|P24864,nan|Q96RU2,,Q96RU2,P24864,USP28,CCNE1,USP,1,UbiBrowser2,26410034
nan|Q96RU2|P40763,nan|Q96RU2,,Q96RU2,P40763,USP28,STAT3,USP,1,UbiBrowser2,30881015
nan|Q96RU2|P46531,nan|Q96RU2,,Q96RU2,P46531,USP28,NOTCH1,USP,1,UbiBrowser2,32578360
nan|Q96RU2|Q12888,nan|Q96RU2,,Q96RU2,Q12888,USP28,TP53BP1,USP,1,UbiBrowser2,27775833
nan|Q96RU2|Q16665,nan|Q96RU2,,Q96RU2,Q16665,USP28,HIF1A,USP,1,UbiBrowser2,27775833
nan|Q96RU2|Q969H0,nan|Q96RU2,,Q96RU2,Q969H0,USP28,FBXW7,USP,1,UbiBrowser2,26410034
nan|Q96RU2|Q9HA47,nan|Q96RU2,,Q96RU2,Q9HA47,USP28,UCK1,USP,1,UbiBrowser2,31938050
nan|Q96RU2|Q9HAW4,nan|Q96RU2,,Q96RU2,Q9HAW4,USP28,CLSPN,USP,1,UbiBrowser2,27775833
nan|Q96RU2|Q9HCX3,nan|Q96RU2,,Q96RU2,Q9HCX3,USP28,ZNF304,USP,1,UbiBrowser2,UBP28_HUMAN
nan|Q9BXU7|O15105,nan|Q9BXU7,,Q9BXU7,O15105,USP26,SMAD7,USP,1,UbiBrowser2,28381482
nan|Q9BXU7|O43663,nan|Q9BXU7,,Q9BXU7,O43663,USP26,PRC1,USP,1,UbiBrowser2,29142505
nan|Q9BXU7|O95863,nan|Q9BXU7,,Q9BXU7,O95863,USP26,SNAI1,USP,1,UbiBrowser2,30763716
nan|Q9BXU7|P0C0S8,nan|Q9BXU7,,Q9BXU7,P0C0S8,USP26,HIST1H2AM,USP,1,UbiBrowser2,28031783
nan|Q9BXU7|P10275,nan|Q9BXU7,,Q9BXU7,P10275,USP26,AR,USP,1,UbiBrowser2,20501646
nan|Q9BXU7|Q00987,nan|Q9BXU7,,Q9BXU7,Q00987,USP26,MDM2,USP,1,UbiBrowser2,28801249
nan|Q9C040|O95863,nan|Q9C040,,Q9C040,O95863,TRIM2,SNAI1,Other,1,UbiBrowser2,32536816
nan|Q9H0E7|O15169,nan|Q9H0E7,,Q9H0E7,O15169,USP44,AXIN1,USP,1,UbiBrowser2,32285989
nan|Q9H0E7|P09467,nan|Q9H0E7,,Q9H0E7,P09467,USP44,FBP1,USP,1,UbiBrowser2,31497353
nan|Q9H0E7|P0C0S8,nan|Q9H0E7,,Q9H0E7,P0C0S8,USP44,HIST1H2AM,USP,1,UbiBrowser2,28031783
nan|Q9H0E7|Q01860,nan|Q9H0E7,,Q9H0E7,Q01860,USP44,POU5F1,USP,1,UbiBrowser2,27919796
nan|Q9H0E7|Q12834,nan|Q9H0E7,,Q9H0E7,Q12834,USP44,CDC20,USP,1,UbiBrowser2,28188342
nan|Q9H0E7|Q13257,nan|Q9H0E7,,Q9H0E7,Q13257,USP44,MAD2L1,USP,1,UbiBrowser2,25121098
nan|Q9H0E7|Q15910,nan|Q9H0E7,,Q9H0E7,Q15910,USP44,EZH2,USP,1,UbiBrowser2,30622230
nan|Q9H0E7|Q16777,nan|Q9H0E7,,Q9H0E7,Q16777,USP44,HIST2H2AC,USP,1,UbiBrowser2,23615962
nan|Q9H0E7|Q16778,nan|Q9H0E7,,Q9H0E7,Q16778,USP44,HIST2H2BE,USP,1,UbiBrowser2,UBP8_HUMAN
nan|Q9H0E7|Q86WV6,nan|Q9H0E7,,Q9H0E7,Q86WV6,USP44,STING1,USP,1,UbiBrowser2,31968013
nan|Q9H0E7|Q9BZS1,nan|Q9H0E7,,Q9H0E7,Q9BZS1,USP44,FOXP3,USP,1,UbiBrowser2,32644293
nan|Q9H3M9|Q13887,nan|Q9H3M9,,Q9H3M9,Q13887,ATXN3L,KLF5,Josephin,1,UbiBrowser2,26079537
nan|Q9H9J4|P04637,nan|Q9H9J4,,Q9H9J4,P04637,USP42,TP53,USP,1,UbiBrowser2,28801249
nan|Q9H9J4|P14780,nan|Q9H9J4,,Q9H9J4,P14780,USP42,MMP9,USP,1,UbiBrowser2,28279784
nan|Q9H9J4|P62807,nan|Q9H9J4,,Q9H9J4,P62807,USP42,HIST1H2BI,USP,1,UbiBrowser2,25336640
nan|Q9HBJ7|P04637,nan|Q9HBJ7,,Q9HBJ7,P04637,USP29,TP53,USP,1,UbiBrowser2,28801249
nan|Q9HBJ7|Q16777,nan|Q9HBJ7,,Q9HBJ7,Q16777,USP29,HIST2H2AC,USP,1,UbiBrowser2,23615962
nan|Q9HBJ7|Q8N884,nan|Q9HBJ7,,Q9HBJ7,Q8N884,USP29,CGAS,USP,1,UbiBrowser2,32457395
nan|Q9HBJ7|Q9HAW4,nan|Q9HBJ7,,Q9HBJ7,Q9HAW4,USP29,CLSPN,USP,1,UbiBrowser2,24632611
nan|Q9NQC7|O14640,nan|Q9NQC7,,Q9NQC7,O14640,CYLD,DVL1,USP,1,UbiBrowser2,28840581
nan|Q9NQC7|O15105,nan|Q9NQC7,,Q9NQC7,O15105,CYLD,SMAD7,USP,1,UbiBrowser2,24756567
nan|Q9NQC7|O43318,nan|Q9NQC7,,Q9NQC7,O43318,CYLD,MAP3K7,USP,1,UbiBrowser2,22057290
nan|Q9NQC7|O43353,nan|Q9NQC7,,Q9NQC7,O43353,CYLD,RIPK2,USP,1,UbiBrowser2,26834734
nan|Q9NQC7|O95786,nan|Q9NQC7,,Q9NQC7,O95786,CYLD,DDX58,USP,1,UbiBrowser2,27279133
nan|Q9NQC7|P04629,nan|Q9NQC7,,Q9NQC7,P04629,CYLD,NTRK1,USP,1,UbiBrowser2,28335430
nan|Q9NQC7|P04637,nan|Q9NQC7,,Q9NQC7,P04637,CYLD,TP53,USP,1,UbiBrowser2,27561390
nan|Q9NQC7|P06239,nan|Q9NQC7,,Q9NQC7,P06239,CYLD,LCK,USP,1,UbiBrowser2,26763122
nan|Q9NQC7|P20749,nan|Q9NQC7,,Q9NQC7,P20749,CYLD,BCL3,USP,1,UbiBrowser2,26763122
nan|Q9NQC7|P31749,nan|Q9NQC7,,Q9NQC7,P31749,CYLD,AKT1,USP,1,UbiBrowser2,23300340
nan|Q9NQC7|P36897,nan|Q9NQC7,,Q9NQC7,P36897,CYLD,TGFBR1,USP,1,UbiBrowser2,29235674
nan|Q9NQC7|P42773,nan|Q9NQC7,,Q9NQC7,P42773,CYLD,CDKN2C,USP,1,UbiBrowser2,33654169
nan|Q9NQC7|P49116,nan|Q9NQC7,,Q9NQC7,P49116,CYLD,NR2C2,USP,1,UbiBrowser2,26763122
nan|Q9NQC7|P53350,nan|Q9NQC7,,Q9NQC7,P53350,CYLD,PLK1,USP,1,UbiBrowser2,26763122
nan|Q9NQC7|P59044,nan|Q9NQC7,,Q9NQC7,P59044,CYLD,NLRP6,USP,1,UbiBrowser2,32424362
nan|Q9NQC7|P78352,nan|Q9NQC7,,Q9NQC7,P78352,CYLD,DLG4,USP,1,UbiBrowser2,28973854
nan|Q9NQC7|Q02246,nan|Q9NQC7,,Q9NQC7,Q02246,CYLD,CNTN2,USP,1,UbiBrowser2,21824392
nan|Q9NQC7|Q04206,nan|Q9NQC7,,Q9NQC7,Q04206,CYLD,RELA,USP,1,UbiBrowser2,29394249
nan|Q9NQC7|Q12933,nan|Q9NQC7,,Q9NQC7,Q12933,CYLD,TRAF2,USP,1,UbiBrowser2,28900035
nan|Q9NQC7|Q13546,nan|Q9NQC7,,Q9NQC7,Q13546,CYLD,RIPK1,USP,1,UbiBrowser2,28900035
nan|Q9NQC7|Q14669,nan|Q9NQC7,,Q9NQC7,Q14669,CYLD,TRIP12,USP,1,UbiBrowser2,26763122
nan|Q9NQC7|Q15154,nan|Q9NQC7,,Q9NQC7,Q15154,CYLD,PCM1,USP,1,UbiBrowser2,31067453
nan|Q9NQC7|Q6Q0C0,nan|Q9NQC7,,Q9NQC7,Q6Q0C0,CYLD,TRAF7,USP,1,UbiBrowser2,26763122
nan|Q9NQC7|Q8NHQ1,nan|Q9NQC7,,Q9NQC7,Q8NHQ1,CYLD,CEP70,USP,1,UbiBrowser2,26763122
nan|Q9NQC7|Q96AX9,nan|Q9NQC7,,Q9NQC7,Q96AX9,CYLD,MIB2,USP,1,UbiBrowser2,25565632
nan|Q9NQC7|Q9NPH5,nan|Q9NQC7,,Q9NQC7,Q9NPH5,CYLD,NOX4,USP,1,UbiBrowser2,28751569
nan|Q9NQC7|Q9NZN5,nan|Q9NQC7,,Q9NQC7,Q9NZN5,CYLD,ARHGEF12,USP,1,UbiBrowser2,23405219
nan|Q9NQC7|Q9UHD2,nan|Q9NQC7,,Q9NQC7,Q9UHD2,CYLD,TBK1,USP,1,UbiBrowser2,18636086
nan|Q9NQC7|Q9Y4K3,nan|Q9NQC7,,Q9NQC7,Q9Y4K3,CYLD,TRAF6,USP,1,UbiBrowser2,28335430
nan|Q9NQC7|Q9Y6K9,nan|Q9NQC7,,Q9NQC7,Q9Y6K9,CYLD,IKBKG,USP,1,UbiBrowser2,26763122
nan|Q9P275|O95602,nan|Q9P275,,Q9P275,O95602,USP36,POLR1A,USP,1,UbiBrowser2,22902402
nan|Q9P275|P01106,nan|Q9P275,,Q9P275,P01106,USP36,MYC,USP,1,UbiBrowser2,27919796
nan|Q9P275|P04179,nan|Q9P275,,Q9P275,P04179,USP36,SOD2,USP,1,UbiBrowser2,21268071
nan|Q9P275|Q05195,nan|Q9P275,,Q9P275,Q05195,USP36,MXD1,USP,1,UbiBrowser2,33647641
nan|Q9P275|Q15910,nan|Q9P275,,Q9P275,Q15910,USP36,EZH2,USP,1,UbiBrowser2,31434700
nan|Q9P275|Q16778,nan|Q9P275,,Q9P275,Q16778,USP36,HIST2H2BE,USP,1,UbiBrowser2,UBP44_HUMAN
nan|Q9P275|Q9H6R0,nan|Q9P275,,Q9P275,Q9H6R0,USP36,DHX33,USP,1,UbiBrowser2,29273634
nan|Q9P275|Q9Y570,nan|Q9P275,,Q9P275,Q9Y570,USP36,PPME1,USP,1,UbiBrowser2,29577269
nan|Q9P2H5|P03372,nan|Q9P2H5,,Q9P2H5,P03372,USP35,ESR1,USP,1,UbiBrowser2,34131114
nan|Q9P2H5|P21796,nan|Q9P2H5,,Q9P2H5,P21796,USP35,VDAC1,USP,1,UbiBrowser2,26445063
nan|Q9P2H5|Q8NFZ5,nan|Q9P2H5,,Q9P2H5,Q8NFZ5,USP35,TNIP2,USP,1,UbiBrowser2,26348204
nan|Q9P2H5|Q96GD4,nan|Q9P2H5,,Q9P2H5,Q96GD4,USP35,AURKB,USP,1,UbiBrowser2,29764563
nan|Q9UGI0|Q15910,nan|Q9UGI0,,Q9UGI0,Q15910,ZRANB1,EZH2,OTU,1,UbiBrowser2,29669287
nan|Q9UGI0|Q8NEB9,nan|Q9UGI0,,Q9UGI0,Q8NEB9,ZRANB1,PIK3C3,OTU,1,UbiBrowser2,33637724
nan|Q9UGI0|Q9P2Y5,nan|Q9UGI0,,Q9UGI0,Q9P2Y5,ZRANB1,UVRAG,OTU,1,UbiBrowser2,30686098
nan|Q9UGI0|Q9ULT8,nan|Q9UGI0,,Q9UGI0,Q9ULT8,ZRANB1,HECTD1,OTU,1,UbiBrowser2,33853758
nan|Q9UHP3|O00463,nan|Q9UHP3,,Q9UHP3,O00463,USP25,TRAF5,USP,1,UbiBrowser2,23042150
nan|Q9UHP3|O95271,nan|Q9UHP3,,Q9UHP3,O95271,USP25,TNKS,USP,1,UbiBrowser2,28619731
nan|Q9UHP3|P04234,nan|Q9UHP3,,Q9UHP3,P04234,USP25,CD3D,USP,1,UbiBrowser2,22590560
nan|Q9UHP3|P05067,nan|Q9UHP3,,Q9UHP3,P05067,USP25,APP,USP,1,UbiBrowser2,22590560
nan|Q9UHP3|P46531,nan|Q9UHP3,,Q9UHP3,P46531,USP25,NOTCH1,USP,1,UbiBrowser2,32578360
nan|Q9UHP3|P50991,nan|Q9UHP3,,Q9UHP3,P50991,USP25,CCT4,USP,1,UbiBrowser2,25755282
nan|Q9UHP3|Q13114,nan|Q9UHP3,,Q9UHP3,Q13114,USP25,TRAF3,USP,1,UbiBrowser2,23674823
nan|Q9UHP3|Q8N4S9,nan|Q9UHP3,,Q9UHP3,Q8N4S9,USP25,MARVELD2,USP,1,UbiBrowser2,25755282
nan|Q9UHP3|Q9Y4K3,nan|Q9UHP3,,Q9UHP3,Q9Y4K3,USP25,TRAF6,USP,1,UbiBrowser2,23042150
nan|Q9UK80|O95760,nan|Q9UK80,,Q9UK80,O95760,USP21,IL33,USP,1,UbiBrowser2,25197364
nan|Q9UK80|O95786,nan|Q9UK80,,Q9UK80,O95786,USP21,DDX58,USP,1,UbiBrowser2,27341175
nan|Q9UK80|P0C0S8,nan|Q9UK80,,Q9UK80,P0C0S8,USP21,HIST1H2AM,USP,1,UbiBrowser2,27190257
nan|Q9UK80|P15407,nan|Q9UK80,,Q9UK80,P15407,USP21,FOSL1,USP,1,UbiBrowser2,31947604
nan|Q9UK80|P23771,nan|Q9UK80,,Q9UK80,P23771,USP21,GATA3,USP,1,UbiBrowser2,28279784
nan|Q9UK80|P36507,nan|Q9UK80,,Q9UK80,P36507,USP21,MAP2K2,USP,1,UbiBrowser2,29706623
nan|Q9UK80|P51587,nan|Q9UK80,,Q9UK80,P51587,USP21,BRCA2,USP,1,UbiBrowser2,28743957
nan|Q9UK80|Q08050,nan|Q9UK80,,Q9UK80,Q08050,USP21,FOXM1,USP,1,UbiBrowser2,30865895
nan|Q9UK80|Q13546,nan|Q9UK80,,Q9UK80,Q13546,USP21,RIPK1,USP,1,UbiBrowser2,25680095
nan|Q9UK80|Q15910,nan|Q9UK80,,Q9UK80,Q15910,USP21,EZH2,USP,1,UbiBrowser2,33389794
nan|Q9UK80|Q16777,nan|Q9UK80,,Q9UK80,Q16777,USP21,HIST2H2AC,USP,1,UbiBrowser2,21179169
nan|Q9UK80|Q86WV6,nan|Q9UK80,,Q9UK80,Q86WV6,USP21,TMEM173,USP,1,UbiBrowser2,28254948
nan|Q9UK80|Q9BZS1,nan|Q9UK80,,Q9UK80,Q9BZS1,USP21,FOXP3,USP,1,UbiBrowser2,27857073
nan|Q9UK80|Q9H9S0,nan|Q9UK80,,Q9UK80,Q9H9S0,USP21,NANOG,USP,1,UbiBrowser2,28279784
nan|Q9UK80|Q9UIF9,nan|Q9UK80,,Q9UK80,Q9UIF9,USP21,BAZ2A,USP,1,UbiBrowser2,UBP21_HUMAN
nan|Q9UMW8|O43318,nan|Q9UMW8,,Q9UMW8,O43318,USP18,MAP3K7,USP,1,UbiBrowser2,26240016
nan|Q9UMW8|O95863,nan|Q9UMW8,,Q9UMW8,O95863,USP18,SNAI1,USP,1,UbiBrowser2,32742193
nan|Q9UMW8|P05161,nan|Q9UMW8,,Q9UMW8,P05161,USP18,ISG15,USP,1,UbiBrowser2,28242811
nan|Q9UMW8|P46531,nan|Q9UMW8,,Q9UMW8,P46531,USP18,NOTCH1,USP,1,UbiBrowser2,33051403
nan|Q9UMW8|P49116,nan|Q9UMW8,,Q9UMW8,P49116,USP18,NR2C2,USP,1,UbiBrowser2,26240016
nan|Q9UMW8|P60484,nan|Q9UMW8,,Q9UMW8,P60484,USP18,PTEN,USP,1,UbiBrowser2,29142505
nan|Q9UMW8|Q15672,nan|Q9UMW8,,Q9UMW8,Q15672,USP18,TWIST1,USP,1,UbiBrowser2,32368392
nan|Q9UMW8|Q15750,nan|Q9UMW8,,Q9UMW8,Q15750,USP18,TAB1,USP,1,UbiBrowser2,23825189
nan|Q9UMW8|Q9C0B1,nan|Q9UMW8,,Q9UMW8,Q9C0B1,USP18,FTO,USP,1,UbiBrowser2,33461172
nan|Q9UMW8|Q9Y6K9,nan|Q9UMW8,,Q9UMW8,Q9Y6K9,USP18,IKBKG,USP,1,UbiBrowser2,26240016
nan|Q9UPT9|O60341,nan|Q9UPT9,,Q9UPT9,O60341,USP22,KDM1A,USP,1,UbiBrowser2,27919796
nan|Q9UPT9|O75461,nan|Q9UPT9,,Q9UPT9,O75461,USP22,E2F6,USP,1,UbiBrowser2,34339800
nan|Q9UPT9|P00533,nan|Q9UPT9,,Q9UPT9,P00533,USP22,EGFR,USP,1,UbiBrowser2,29981430
nan|Q9UPT9|P01106,nan|Q9UPT9,,Q9UPT9,P01106,USP22,MYC,USP,1,UbiBrowser2,28279784
nan|Q9UPT9|P09467,nan|Q9UPT9,,Q9UPT9,P09467,USP22,FBP1,USP,1,UbiBrowser2,27775833
nan|Q9UPT9|P0C0S8,nan|Q9UPT9,,Q9UPT9,P0C0S8,USP22,HIST1H2AM,USP,1,UbiBrowser2,26880980
nan|Q9UPT9|P14635,nan|Q9UPT9,,Q9UPT9,P14635,USP22,CCNB1,USP,1,UbiBrowser2,27030811
nan|Q9UPT9|P14780,nan|Q9UPT9,,Q9UPT9,P14780,USP22,MMP9,USP,1,UbiBrowser2,28279784
nan|Q9UPT9|P35226,nan|Q9UPT9,,Q9UPT9,P35226,USP22,BMI1,USP,1,UbiBrowser2,29788550
nan|Q9UPT9|P35354,nan|Q9UPT9,,Q9UPT9,P35354,USP22,PTGS2,USP,1,UbiBrowser2,25817787
nan|Q9UPT9|P46937,nan|Q9UPT9,,Q9UPT9,P46937,USP22,YAP1,USP,1,UbiBrowser2,33777217
nan|Q9UPT9|P48431,nan|Q9UPT9,,Q9UPT9,P48431,USP22,SOX2,USP,1,UbiBrowser2,28279784
nan|Q9UPT9|P54274,nan|Q9UPT9,,Q9UPT9,P54274,USP22,TERF1,USP,1,UbiBrowser2,27775833
nan|Q9UPT9|P62807,nan|Q9UPT9,,Q9UPT9,P62807,USP22,HIST1H2BI,USP,1,UbiBrowser2,27775833
nan|Q9UPT9|Q13469,nan|Q9UPT9,,Q9UPT9,Q13469,USP22,NFATC2,USP,1,UbiBrowser2,27775833
nan|Q9UPT9|Q14469,nan|Q9UPT9,,Q9UPT9,Q14469,USP22,HES1,USP,1,UbiBrowser2,27341175
nan|Q9UPT9|Q15465,nan|Q9UPT9,,Q9UPT9,Q15465,USP22,SHH,USP,1,UbiBrowser2,33568633
nan|Q9UPT9|Q16665,nan|Q9UPT9,,Q9UPT9,Q16665,USP22,HIF1A,USP,1,UbiBrowser2,31776228
nan|Q9UPT9|Q16777,nan|Q9UPT9,,Q9UPT9,Q16777,USP22,HIST2H2AC,USP,1,UbiBrowser2,UBP22_HUMAN
nan|Q9UPT9|Q16778,nan|Q9UPT9,,Q9UPT9,Q16778,USP22,HIST2H2BE,USP,1,UbiBrowser2,UBP36_HUMAN
nan|Q9UPT9|Q86WV6,nan|Q9UPT9,,Q9UPT9,Q86WV6,USP22,TMEM173,USP,1,UbiBrowser2,29732405
nan|Q9UPT9|Q92905,nan|Q9UPT9,,Q9UPT9,Q92905,USP22,COPS5,USP,1,UbiBrowser2,32665011
nan|Q9UPT9|Q96EB6,nan|Q9UPT9,,Q9UPT9,Q96EB6,USP22,SIRT1,USP,1,UbiBrowser2,27919796
nan|Q9UPT9|Q9NZQ7,nan|Q9UPT9,,Q9UPT9,Q9NZQ7,USP22,CD274,USP,1,UbiBrowser2,31399419
nan|Q9UPU5|O75385,nan|Q9UPU5,,Q9UPU5,O75385,USP24,ULK1,USP,1,UbiBrowser2,30957634
nan|Q9UPU5|P04637,nan|Q9UPU5,,Q9UPU5,P04637,USP24,TP53,USP,1,UbiBrowser2,28801249
nan|Q9UPU5|Q92466,nan|Q9UPU5,,Q9UPU5,Q92466,USP24,DDB2,USP,1,UbiBrowser2,27316462
nan|Q9Y2K6|O43623,nan|Q9Y2K6,,Q9Y2K6,O43623,USP20,SNAI2,USP,1,UbiBrowser2,32943575
nan|Q9Y2K6|O75385,nan|Q9Y2K6,,Q9Y2K6,O75385,USP20,ULK1,USP,1,UbiBrowser2,30126257
nan|Q9Y2K6|O75943,nan|Q9Y2K6,,Q9Y2K6,O75943,USP20,RAD17,USP,1,UbiBrowser2,24923443
nan|Q9Y2K6|P07550,nan|Q9Y2K6,,Q9Y2K6,P07550,USP20,ADRB2,USP,1,UbiBrowser2,26445063
nan|Q9Y2K6|P14618,nan|Q9Y2K6,,Q9Y2K6,P14618,USP20,PKM,USP,1,UbiBrowser2,25708858
nan|Q9Y2K6|P35222,nan|Q9Y2K6,,Q9Y2K6,P35222,USP20,CTNNB1,USP,1,UbiBrowser2,29867130
nan|Q9Y2K6|Q13501,nan|Q9Y2K6,,Q9Y2K6,Q13501,USP20,SQSTM1,USP,1,UbiBrowser2,32354117
nan|Q9Y2K6|Q13546,nan|Q9Y2K6,,Q9Y2K6,Q13546,USP20,RIPK1,USP,1,UbiBrowser2,30354204
nan|Q9Y2K6|Q16659,nan|Q9Y2K6,,Q9Y2K6,Q16659,USP20,MAPK6,USP,1,UbiBrowser2,28167606
nan|Q9Y2K6|Q16665,nan|Q9Y2K6,,Q9Y2K6,Q16665,USP20,HIF1A,USP,1,UbiBrowser2,23750477
nan|Q9Y2K6|Q86WV6,nan|Q9Y2K6,,Q9Y2K6,Q86WV6,USP20,TMEM173,USP,1,UbiBrowser2,27801882
nan|Q9Y2K6|Q92813,nan|Q9Y2K6,,Q9Y2K6,Q92813,USP20,DIO2,USP,1,UbiBrowser2,22967761
nan|Q9Y2K6|Q9HAW4,nan|Q9Y2K6,,Q9Y2K6,Q9HAW4,USP20,CLSPN,USP,1,UbiBrowser2,25355518
nan|Q9Y2K6|Q9Y4K3,nan|Q9Y2K6,,Q9Y2K6,Q9Y4K3,USP20,TRAF6,USP,1,UbiBrowser2,26839314
nan|Q9Y4E8|O15111,nan|Q9Y4E8,,Q9Y4E8,O15111,USP15,CHUK,USP,1,UbiBrowser2,27775833
nan|Q9Y4E8|O43541,nan|Q9Y4E8,,Q9Y4E8,O43541,USP15,SMAD6,USP,1,UbiBrowser2,27775833
nan|Q9Y4E8|O95140,nan|Q9Y4E8,,Q9Y4E8,O95140,USP15,MFN2,USP,1,UbiBrowser2,UBP15_HUMAN
nan|Q9Y4E8|O95786,nan|Q9Y4E8,,Q9Y4E8,O95786,USP15,DDX58,USP,1,UbiBrowser2,26061460
nan|Q9Y4E8|P21796,nan|Q9Y4E8,,Q9Y4E8,P21796,USP15,VDAC1,USP,1,UbiBrowser2,26445063
nan|Q9Y4E8|P25054,nan|Q9Y4E8,,Q9Y4E8,P25054,USP15,APC,USP,1,UbiBrowser2,27775833
nan|Q9Y4E8|P25963,nan|Q9Y4E8,,Q9Y4E8,P25963,USP15,NFKBIA,USP,1,UbiBrowser2,UBP47_HUMAN
nan|Q9Y4E8|P35222,nan|Q9Y4E8,,Q9Y4E8,P35222,USP15,CTNNB1,USP,1,UbiBrowser2,29080116
nan|Q9Y4E8|P35659,nan|Q9Y4E8,,Q9Y4E8,P35659,USP15,DEK,USP,1,UbiBrowser2,34280614
nan|Q9Y4E8|P36894,nan|Q9Y4E8,,Q9Y4E8,P36894,USP15,BMPR1A,USP,1,UbiBrowser2,27775833
nan|Q9Y4E8|P36897,nan|Q9Y4E8,,Q9Y4E8,P36897,USP15,TGFBR1,USP,1,UbiBrowser2,27775833
nan|Q9Y4E8|P42574,nan|Q9Y4E8,,Q9Y4E8,P42574,USP15,CASP3,USP,1,UbiBrowser2,27775833
nan|Q9Y4E8|P51449,nan|Q9Y4E8,,Q9Y4E8,P51449,USP15,RORC,USP,1,UbiBrowser2,27430721
nan|Q9Y4E8|P55212,nan|Q9Y4E8,,Q9Y4E8,P55212,USP15,CASP6,USP,1,UbiBrowser2,31952546
nan|Q9Y4E8|P60842,nan|Q9Y4E8,,Q9Y4E8,P60842,USP15,EIF4A1,USP,1,UbiBrowser2,34422211
nan|Q9Y4E8|P62807,nan|Q9Y4E8,,Q9Y4E8,P62807,USP15,HIST1H2BI,USP,1,UbiBrowser2,27775833
nan|Q9Y4E8|P62877,nan|Q9Y4E8,,Q9Y4E8,P62877,USP15,RBX1,USP,1,UbiBrowser2,27775833
nan|Q9Y4E8|P84022,nan|Q9Y4E8,,Q9Y4E8,P84022,USP15,SMAD3,USP,1,UbiBrowser2,25317929
nan|Q9Y4E8|Q00987,nan|Q9Y4E8,,Q9Y4E8,Q00987,USP15,MDM2,USP,1,UbiBrowser2,28801249
nan|Q9Y4E8|Q04206,nan|Q9Y4E8,,Q9Y4E8,Q04206,USP15,RELA,USP,1,UbiBrowser2,30459344
nan|Q9Y4E8|Q13127,nan|Q9Y4E8,,Q9Y4E8,Q13127,USP15,REST,USP,1,UbiBrowser2,28279784
nan|Q9Y4E8|Q13451,nan|Q9Y4E8,,Q9Y4E8,Q13451,USP15,FKBP5,USP,1,UbiBrowser2,33135363
nan|Q9Y4E8|Q13501,nan|Q9Y4E8,,Q9Y4E8,Q13501,USP15,SQSTM1,USP,1,UbiBrowser2,UBP13_HUMAN
nan|Q9Y4E8|Q14145,nan|Q9Y4E8,,Q9Y4E8,Q14145,USP15,KEAP1,USP,1,UbiBrowser2,27775833
nan|Q9Y4E8|Q14258,nan|Q9Y4E8,,Q9Y4E8,Q14258,USP15,TRIM25,USP,1,UbiBrowser2,27775833
nan|Q9Y4E8|Q14494,nan|Q9Y4E8,,Q9Y4E8,Q14494,USP15,NFE2L1,USP,1,UbiBrowser2,27416755
nan|Q9Y4E8|Q15020,nan|Q9Y4E8,,Q9Y4E8,Q15020,USP15,SART3,USP,1,UbiBrowser2,27775833
nan|Q9Y4E8|Q15796,nan|Q9Y4E8,,Q9Y4E8,Q15796,USP15,SMAD2,USP,1,UbiBrowser2,28245560
nan|Q9Y4E8|Q15797,nan|Q9Y4E8,,Q9Y4E8,Q15797,USP15,SMAD1,USP,1,UbiBrowser2,28245560
nan|Q9Y4E8|Q16656,nan|Q9Y4E8,,Q9Y4E8,Q16656,USP15,NRF1,USP,1,UbiBrowser2,27416755
nan|Q9Y4E8|Q16778,nan|Q9Y4E8,,Q9Y4E8,Q16778,USP15,HIST2H2BE,USP,1,UbiBrowser2,24526689
nan|Q9Y4E8|Q6N021,nan|Q9Y4E8,,Q9Y4E8,Q6N021,USP15,TET2,USP,1,UbiBrowser2,32948596
nan|Q9Y4E8|Q7Z569,nan|Q9Y4E8,,Q9Y4E8,Q7Z569,USP15,BRAP,USP,1,UbiBrowser2,27775833
nan|Q9Y4E8|Q8WWY3,nan|Q9Y4E8,,Q9Y4E8,Q8WWY3,USP15,PRPF31,USP,1,UbiBrowser2,28132030
nan|Q9Y4E8|Q9H257,nan|Q9Y4E8,,Q9Y4E8,Q9H257,USP15,CARD9,USP,1,UbiBrowser2,33093067
nan|Q9Y4E8|Q9HAU4,nan|Q9Y4E8,,Q9Y4E8,Q9HAU4,USP15,SMURF2,USP,1,UbiBrowser2,26435193
nan|Q9Y4E8|Q9NVV4,nan|Q9Y4E8,,Q9Y4E8,Q9NVV4,USP15,MTPAP,USP,1,UbiBrowser2,32839293
nan|Q9Y4E8|Q9UHD2,nan|Q9Y4E8,,Q9Y4E8,Q9UHD2,USP15,TBK1,USP,1,UbiBrowser2,32814047
nan|Q9Y5E6|P19838,nan|Q9Y5E6,,Q9Y5E6,P19838,PCDHB3,NFKB1,Other,1,UbiBrowser2,29537081
nan|Q9Y5K5|P25963,nan|Q9Y5K5,,Q9Y5K5,P25963,UCHL5,NFKBIA,UCH,1,UbiBrowser2,20634424
nan|Q9Y5K5|P35228,nan|Q9Y5K5,,Q9Y5K5,P35228,UCHL5,NOS2,UCH,1,UbiBrowser2,20634424
nan|Q9Y5K5|P36897,nan|Q9Y5K5,,Q9Y5K5,P36897,UCHL5,TGFBR1,UCH,1,UbiBrowser2,24756567
nan|Q9Y5K5|Q01094,nan|Q9Y5K5,,Q9Y5K5,Q01094,UCHL5,E2F1,UCH,1,UbiBrowser2,26396186
nan|Q9Y5K5|Q6P4R8,nan|Q9Y5K5,,Q9Y5K5,Q6P4R8,UCHL5,NFRKB,UCH,1,UbiBrowser2,32351584
nan|Q9Y5K5|Q99835,nan|Q9Y5K5,,Q9Y5K5,Q99835,UCHL5,SMO,UCH,1,UbiBrowser2,28992318
nan|Q9Y5K5|Q9UMS4,nan|Q9Y5K5,,Q9Y5K5,Q9UMS4,UCHL5,PRPF19,UCH,1,UbiBrowser2,23220010
nan|Q9Y5T5|P01106,nan|Q9Y5T5,,Q9Y5T5,P01106,USP16,MYC,USP,1,UbiBrowser2,33546726
nan|Q9Y5T5|P0C0S8,nan|Q9Y5T5,,Q9Y5T5,P0C0S8,USP16,HIST1H2AM,USP,1,UbiBrowser2,28778421
nan|Q9Y5T5|P53350,nan|Q9Y5T5,,Q9Y5T5,P53350,USP16,PLK1,USP,1,UbiBrowser2,28188342
nan|Q9Y5T5|P62979,nan|Q9Y5T5,,Q9Y5T5,P62979,USP16,RPS27A,USP,1,UbiBrowser2,32129764
nan|Q9Y5T5|Q16777,nan|Q9Y5T5,,Q9Y5T5,Q16777,USP16,HIST2H2AC,USP,1,UbiBrowser2,UBP22_HUMAN
nan|Q9Y5T5|Q16778,nan|Q9Y5T5,,Q9Y5T5,Q16778,USP16,HIST2H2BE,USP,1,UbiBrowser2,20730552
nan|Q9Y5T5|Q9H9S0,nan|Q9Y5T5,,Q9Y5T5,Q9H9S0,USP16,NANOG,USP,1,UbiBrowser2,27919796
nan|Q9Y6I4|O14757,nan|Q9Y6I4,,Q9Y6I4,O14757,USP3,CHEK1,USP,1,UbiBrowser2,29735693
nan|Q9Y6I4|O95786,nan|Q9Y6I4,,Q9Y6I4,O95786,USP3,DDX58,USP,1,UbiBrowser2,24366338
nan|Q9Y6I4|O95863,nan|Q9Y6I4,,Q9Y6I4,O95863,USP3,SNAI1,USP,1,UbiBrowser2,31266817
nan|Q9Y6I4|P04198,nan|Q9Y6I4,,Q9Y6I4,P04198,USP3,MYCN,USP,1,UbiBrowser2,33767157
nan|Q9Y6I4|P04637,nan|Q9Y6I4,,Q9Y6I4,P04637,USP3,TP53,USP,1,UbiBrowser2,28807825
nan|Q9Y6I4|P0C0S8,nan|Q9Y6I4,,Q9Y6I4,P0C0S8,USP3,HIST1H2AM,USP,1,UbiBrowser2,28778421
nan|Q9Y6I4|P16104,nan|Q9Y6I4,,Q9Y6I4,P16104,USP3,H2AFX,USP,1,UbiBrowser2,28031783
nan|Q9Y6I4|P30304,nan|Q9Y6I4,,Q9Y6I4,P30304,USP3,CDC25A,USP,1,UbiBrowser2,32415280
nan|Q9Y6I4|P62807,nan|Q9Y6I4,,Q9Y6I4,P62807,USP3,HIST1H2BI,USP,1,UbiBrowser2,17980597
nan|Q9Y6I4|Q01860,nan|Q9Y6I4,,Q9Y6I4,Q01860,USP3,POU5F1,USP,1,UbiBrowser2,34070420
nan|Q9Y6I4|Q13887,nan|Q9Y6I4,,Q9Y6I4,Q13887,USP3,KLF5,USP,1,UbiBrowser2,31624151
nan|Q9Y6I4|Q15022,nan|Q9Y6I4,,Q9Y6I4,Q15022,USP3,SUZ12,USP,1,UbiBrowser2,31234902
nan|Q9Y6I4|Q16777,nan|Q9Y6I4,,Q9Y6I4,Q16777,USP3,HIST2H2AC,USP,1,UbiBrowser2,24196443
nan|Q9Y6I4|Q16778,nan|Q9Y6I4,,Q9Y6I4,Q16778,USP3,HIST2H2BE,USP,1,UbiBrowser2,17980597
nan|Q9Y6I4|Q96RL1,nan|Q9Y6I4,,Q9Y6I4,Q96RL1,USP3,UIMC1,USP,1,UbiBrowser2,25121098
nan|Q9Y6I4|Q9H9S0,nan|Q9Y6I4,,Q9Y6I4,Q9H9S0,USP3,NANOG,USP,1,UbiBrowser2,27919796
nan|Q9Y6I4|Q9HAW4,nan|Q9Y6I4,,Q9Y6I4,Q9HAW4,USP3,CLSPN,USP,1,UbiBrowser2,31900278
