roc_auc,pr_auc,f1,accuracy,precision,recall,brier,epoch,train_loss,fold
0.43694816329573655,0.525254737888169,0.7308085977482088,0.5758064516129032,0.5758064516129032,1.0,0.27674172855288626,0,0.7713502645492554,0
0.5017546942731466,0.5677621779752227,0.7308085977482088,0.5758064516129032,0.5758064516129032,1.0,0.24473428361970537,1,0.7155176997184753,0
0.5386738345528326,0.597824911303938,0.7308085977482088,0.5758064516129032,0.5758064516129032,1.0,0.24430227328924917,2,0.66780024766922,0
0.5458217507535333,0.6166560561380489,0.7308085977482088,0.5758064516129032,0.5758064516129032,1.0,0.2436582434477269,3,0.6730638146400452,0
0.5552662129490579,0.626011773084584,0.7308085977482088,0.5758064516129032,0.5758064516129032,1.0,0.24387757184291384,4,0.6689419746398926,0
0.5729063488513275,0.6423617049639335,0.7308085977482088,0.5758064516129032,0.5758064516129032,1.0,0.245751187284539,5,0.6648620963096619,0
0.583627557486873,0.6492989505057254,0.7308085977482088,0.5758064516129032,0.5758064516129032,1.0,0.24779167384625542,6,0.662101686000824,0
0.5880222811558085,0.6514859481823271,0.7308085977482088,0.5758064516129032,0.5758064516129032,1.0,0.2479789153999705,7,0.6671533584594727,0
0.5898222406833455,0.6555341741007763,0.7308085977482088,0.5758064516129032,0.5758064516129032,1.0,0.24652757839290357,8,0.662841796875,0
0.59042400230054,0.6566706402328097,0.7308085977482088,0.5758064516129032,0.5758064516129032,1.0,0.2444707425496089,9,0.6605822443962097,0
0.5937376851881437,0.6605912280664031,0.7308085977482088,0.5758064516129032,0.5758064516129032,1.0,0.24250073459875762,10,0.6616756319999695,0
0.5987022185299975,0.6631792370066055,0.7308085977482088,0.5758064516129032,0.5758064516129032,1.0,0.24099207511101764,11,0.6558575630187988,0
0.6028852605681055,0.6659731422012061,0.7308085977482088,0.5758064516129032,0.5758064516129032,1.0,0.23987375206779307,12,0.6579908132553101,0
0.6104658593475413,0.6709790046453501,0.7308085977482088,0.5758064516129032,0.5758064516129032,1.0,0.23905425027727,13,0.6557155251502991,0
0.6187028043156426,0.6776760133263922,0.7308085977482088,0.5758064516129032,0.5758064516129032,1.0,0.23872851940517553,14,0.6512675881385803,0
0.626420530189262,0.6861376131239438,0.7311827956989247,0.5766129032258065,0.576271186440678,1.0,0.23916505552508496,15,0.6500449180603027,0
0.6363629101830847,0.6984180351970837,0.7298821117375704,0.575,0.5755860953920776,0.9971988795518207,0.23950294118165819,16,0.6468033790588379,0
0.6427612870243153,0.7042048612039031,0.7265996827075621,0.5830645161290322,0.5836873406966865,0.9621848739495799,0.2377832493104904,17,0.6428756713867188,0
0.6462879828737579,0.7078649121837559,0.7116228070175439,0.5758064516129032,0.5846846846846847,0.9089635854341737,0.234369951217151,18,0.6383342146873474,0
0.6497481121726257,0.7122217177517158,0.708557749850389,0.6072580645161291,0.6185997910135841,0.8291316526610645,0.23139701270955854,19,0.6336157321929932,0
0.6492635076844426,0.7131710323919269,0.6965601965601965,0.6016129032258064,0.6203501094091903,0.7941176470588235,0.23036170149953403,20,0.6317632794380188,0
0.6508291529539573,0.7152477084014824,0.6860090264345583,0.6072580645161291,0.6356033452807647,0.7450980392156863,0.23072546926939932,21,0.6298171281814575,0
0.6542373603433769,0.7171855834960581,0.6845199216198563,0.6104838709677419,0.6413708690330477,0.7338935574229691,0.23090133501136564,22,0.6301558017730713,0
0.6587771990925648,0.7199060060738802,0.7022222222222222,0.6217741935483871,0.6422764227642277,0.7745098039215687,0.23069771376891632,23,0.6281443238258362,0
0.6615729942166981,0.7210721955777075,0.7105763141228626,0.6314516129032258,0.6485549132947976,0.7857142857142857,0.228468363814222,24,0.6268632411956787,0
0.6643022227902569,0.7235026686570241,0.7167192429022082,0.6379032258064516,0.6521239954075775,0.7955182072829131,0.2267079269754967,25,0.622713565826416,0
0.6649572376479109,0.7266704176126204,0.7362110311750599,0.6451612903225806,0.6436058700209644,0.8599439775910365,0.22661427729873249,26,0.6183188557624817,0
0.6656149151675879,0.7293299400209272,0.733838089691322,0.6314516129032258,0.6281156530408774,0.8823529411764706,0.22757911805863387,27,0.6152063012123108,0
0.669957716927075,0.733516701242158,0.7334137515078407,0.6435483870967742,0.6440677966101694,0.8515406162464986,0.22502456369989857,28,0.6129636764526367,0
0.677663460821591,0.741538423797563,0.7180475272960822,0.6459677419354839,0.6631079478054567,0.7829131652661064,0.22127891150694007,29,0.6049528121948242,0
0.6809465230959304,0.7481284086958655,0.7348438456827924,0.6508064516129032,0.6528835690968444,0.8403361344537815,0.22397823899531244,30,0.6015127301216125,0
0.6970476403489152,0.7600653295351881,0.6964164976335362,0.6379032258064516,0.673202614379085,0.7212885154061625,0.21758346726946307,31,0.5925695300102234,0
0.6948562695039994,0.7599720006304256,0.7354154390100177,0.6379032258064516,0.6347914547304171,0.8739495798319328,0.2303979910615373,32,0.59003746509552,0
0.7147277161815296,0.7756886612088127,0.7198969735994849,0.6491935483870968,0.66626936829559,0.7829131652661064,0.2137953920916591,33,0.5880571007728577,0
0.7259481739463847,0.7852872288132714,0.7002067539627843,0.6491935483870968,0.689280868385346,0.711484593837535,0.2082255095195754,34,0.5692007541656494,0
0.7245742403425248,0.7849022856850569,0.7495682210708118,0.6491935483870968,0.6363636363636364,0.9117647058823529,0.23418523141766576,35,0.5755360722541809,0
0.7374988018020897,0.7954052693713101,0.7382297551789078,0.6637096774193548,0.6689419795221843,0.8235294117647058,0.20544018274140666,36,0.5819678902626038,0
0.7413330351151867,0.7980878391695493,0.6936671575846833,0.6645161290322581,0.7313664596273292,0.6596638655462185,0.20232060271155902,37,0.5496960282325745,0
0.7405049472260387,0.8002647936775711,0.760186263096624,0.667741935483871,0.650398406374502,0.9145658263305322,0.21557156191427446,38,0.5601714849472046,0
0.7414714935403819,0.8015093757993057,0.7595375722543353,0.6645161290322581,0.6466535433070866,0.9201680672268907,0.21978628756062132,39,0.5435611605644226,0
0.749680480557242,0.8076118038082709,0.7384213959556425,0.6766129032258065,0.6910866910866911,0.7927170868347339,0.20069183753216924,40,0.5544525384902954,0
0.7525375169079038,0.8106023768054049,0.7341772151898734,0.6782258064516129,0.7001270648030495,0.7717086834733894,0.19894724336439323,41,0.5276466012001038,0
0.7499653853937012,0.8088414143106624,0.7605970149253731,0.6766129032258065,0.6628511966701353,0.8921568627450981,0.21132710072947702,42,0.5285202264785767,0
0.7536105697031664,0.8118486862479705,0.7495407225964482,0.6701612903225806,0.6659412404787813,0.8571428571428571,0.20798652098507375,43,0.5252044200897217,0
0.7541324514596713,0.8138764367623184,0.728882833787466,0.6790322580645162,0.7095490716180372,0.7492997198879552,0.20033548885754524,44,0.5089962482452393,0
0.7546623212022451,0.8143396280975508,0.7473487211478478,0.6733870967741935,0.6737907761529809,0.8389355742296919,0.20804692467714986,45,0.5139743089675903,0
0.7552827214536004,0.8145797693708423,0.7489096573208722,0.675,0.6745230078563412,0.8417366946778712,0.2085052282773277,46,0.5097452402114868,0
0.7568084267927704,0.8166086160904534,0.7430830039525692,0.6854838709677419,0.7014925373134329,0.7899159663865546,0.20328364036344876,47,0.4961755871772766,0
0.7581557337764002,0.8162762336767406,0.7578172900061312,0.6814516129032258,0.6739367502726281,0.865546218487395,0.21426912724418753,48,0.49475762248039246,0
0.7564090274893227,0.8170463064554838,0.7159253945480631,0.6806451612903226,0.7338235294117647,0.6988795518207283,0.2022979706609041,49,0.5008611679077148,0
0.7624532702814966,0.8214511558221321,0.7589556769884639,0.6798387096774193,0.669882100750268,0.8753501400560224,0.21026066255407114,50,0.4988026022911072,0
0.7647751115655389,0.8242999105842669,0.7549261083743842,0.6790322580645162,0.6736263736263737,0.8585434173669467,0.20459696943927022,51,0.48181357979774475,0
0.7653635598726183,0.8266904993335281,0.7234657039711191,0.6911290322580645,0.7466467958271237,0.7016806722689075,0.19658900263194162,52,0.47825494408607483,0
0.7720548295363773,0.8312555784916908,0.7620865139949109,0.6983870967741935,0.6981351981351981,0.8389355742296919,0.19893999883806593,53,0.4792851507663727,0
0.7760221959506236,0.8336370832288894,0.7684848484848484,0.6919354838709677,0.6773504273504274,0.8879551820728291,0.20499205098562948,54,0.4673059582710266,0
0.7789910641062507,0.8371972093717649,0.7379310344827587,0.6935483870967742,0.7269021739130435,0.7492997198879552,0.19153779080581884,55,0.4621531665325165,0
0.7815285810141547,0.8396139079166324,0.7508350033400134,0.6991935483870968,0.7177522349936143,0.7871148459383753,0.19212210602225108,56,0.46195971965789795,0
0.7835841560958984,0.8411571475427435,0.7669172932330827,0.7,0.6938775510204082,0.8571428571428571,0.2043545371209126,57,0.4577694833278656,0
0.7862734447391124,0.8447643939358884,0.7573194534808068,0.6991935483870968,0.707168894289186,0.8151260504201681,0.19591211295085142,58,0.44776591658592224,0
0.7849367884035743,0.843250585251114,0.7417974322396577,0.7080645161290322,0.7558139534883721,0.7282913165266106,0.19221186858677153,59,0.43863236904144287,0
0.7794304033400432,0.8357703212068412,0.7715355805243446,0.7048387096774194,0.6959459459459459,0.865546218487395,0.21129475444090812,60,0.44771891832351685,0
0.7967483571375318,0.8509298845883457,0.7664429530201342,0.7193548387096774,0.7358247422680413,0.7997198879551821,0.18804539360634254,61,0.44880411028862,0
0.8002923602901236,0.853009246027414,0.7716955941255007,0.7241935483870968,0.7372448979591837,0.8095238095238095,0.1866605486877995,62,0.4362427890300751,0
0.7962903792695786,0.848065883506882,0.7674113009198423,0.714516129032258,0.7227722772277227,0.8179271708683473,0.1918378683880709,63,0.4257122874259949,0
0.807604030205238,0.8581288796619264,0.7761806981519507,0.7362903225806452,0.7590361445783133,0.7941176470588235,0.1807749835864247,64,0.4205842614173889,0
0.8100137393360386,0.8610800351465997,0.7767235926628716,0.7153225806451613,0.7081891580161477,0.8599439775910365,0.19319803490054954,65,0.41812068223953247,0
0.8044913783003695,0.8526199996752284,0.766407904022583,0.7330645161290322,0.7724039829302988,0.7605042016806722,0.1833564050444701,66,0.4305911660194397,0
0.8018100776432247,0.8527453434706078,0.7756703727926749,0.7233870967741935,0.7276073619631902,0.8305322128851541,0.19582076959814765,67,0.42159926891326904,0
0.8080460321010534,0.86242331088024,0.7768154563624251,0.7298387096774194,0.7407878017789072,0.8165266106442577,0.1872859318778106,68,0.4123329520225525,0
0.8065709173403202,0.8604880383962505,0.7721602101116218,0.7201612903225807,0.7268232385661311,0.8235294117647058,0.19380303655034806,69,0.41244783997535706,0
0.8011257735033176,0.8533202963177249,0.7684996605566871,0.725,0.7457180500658761,0.7927170868347339,0.19033909399404877,70,0.4030911326408386,0
0.8021935009745342,0.8536447258842299,0.7719298245614035,0.7274193548387097,0.7447916666666666,0.8011204481792717,0.19101777000244785,71,0.4004603922367096,0
0.8100723179005442,0.8621243994267122,0.7795275590551181,0.7290322580645161,0.7333333333333333,0.8319327731092437,0.19306947134737393,72,0.3957298696041107,0
0.8117604456231161,0.8628907853438526,0.7774798927613941,0.7322580645161291,0.7455012853470437,0.8123249299719888,0.18931694160095297,73,0.38892149925231934,0
0.8109057311137383,0.8603951706253494,0.78099173553719,0.7435483870967742,0.7682926829268293,0.7941176470588235,0.18825455519147902,74,0.38433775305747986,0
0.8038443514287844,0.8530348004214043,0.7733333333333333,0.7258064516129032,0.7379134860050891,0.8123249299719888,0.20033497285629048,75,0.3829086124897003,0
0.8137254901960784,0.8645449721612416,0.782246879334258,0.7467741935483871,0.7747252747252747,0.7899159663865546,0.18297973317863678,76,0.3797004818916321,0
0.8113131184032549,0.8623164210356725,0.7885117493472585,0.7387096774193549,0.7383863080684596,0.84593837535014,0.1928004613848783,77,0.3771681487560272,0
0.8219318145509155,0.87217067477833,0.7633136094674556,0.7419354838709677,0.8087774294670846,0.7226890756302521,0.17789938862776566,78,0.3855825662612915,0
0.8103146201446358,0.861417347323704,0.7849740932642487,0.7322580645161291,0.7301204819277108,0.8487394957983193,0.2010738076886403,79,0.38169169425964355,0
0.8208174904942966,0.87198501657202,0.7789473684210526,0.7459677419354839,0.7805907172995781,0.7773109243697479,0.18051901759546995,80,0.3743196725845337,0
0.8265701717949537,0.8745393903027988,0.7851002865329513,0.7580645161290323,0.8035190615835777,0.7675070028011205,0.1771196461116821,81,0.36409997940063477,0
0.809787413064085,0.8559182205720537,0.7792207792207793,0.7258064516129032,0.7263922518159807,0.8403361344537815,0.2055561860109349,82,0.3638125956058502,0
0.8327581983363688,0.8823959472257051,0.7933884297520661,0.7580645161290323,0.7804878048780488,0.8067226890756303,0.17375539802905982,83,0.3775932192802429,0
0.8232684708864535,0.872660157175762,0.7763532763532763,0.7467741935483871,0.7898550724637681,0.7633053221288515,0.1809169871570254,84,0.36782965064048767,0
0.8067013877794464,0.85944132717959,0.7748830995323981,0.728225806451613,0.7407407407407407,0.8123249299719888,0.20131955366698365,85,0.347361296415329,0
0.8108391645631637,0.8659972541078529,0.766803840877915,0.7258064516129032,0.7513440860215054,0.7829131652661064,0.19482710944704784,86,0.35418280959129333,0
0.8187099935031047,0.8735901378891179,0.7640287769784173,0.7354838709677419,0.7855029585798816,0.7436974789915967,0.1879745315742171,87,0.343411922454834,0
0.8234335559318784,0.8753545851508229,0.7786885245901639,0.7387096774193549,0.76,0.7983193277310925,0.190252897225257,88,0.34503066539764404,0
0.8252707927277374,0.8725862648354735,0.7838577291381669,0.7451612903225806,0.766042780748663,0.8025210084033614,0.18856098900024437,89,0.3293287456035614,0
0.8275633447295268,0.873083504249986,0.7759717314487633,0.7443548387096774,0.7831669044222539,0.7689075630252101,0.18405776579159058,90,0.32858747243881226,0
0.8337646845810568,0.8810392427934116,0.7853757616790792,0.7443548387096774,0.7601572739187418,0.8123249299719888,0.1831250665765935,91,0.3361898362636566,0
0.8312484689693367,0.8795114432231367,0.7862440997977074,0.7443548387096774,0.7581274382314694,0.8165266106442577,0.18595255998822802,92,0.3244490623474121,0
0.8282796008137094,0.8763438365927497,0.7646198830409356,0.7403225806451613,0.7996941896024465,0.7324929971988795,0.18571035642905365,93,0.32128942012786865,0
0.820485989072435,0.8700318565130364,0.7719546742209632,0.7403225806451613,0.7808022922636103,0.7633053221288515,0.1900373321820763,94,0.31957828998565674,0
0.8164067908532233,0.8647455556193755,0.7789757412398922,0.7354838709677419,0.7506493506493507,0.8095238095238095,0.1959774220164575,95,0.306406706571579,0
0.8314401806349916,0.8786553487766873,0.7684441197954711,0.7443548387096774,0.8030534351145038,0.7366946778711485,0.18286619240139487,96,0.31361931562423706,0
0.8322735938481858,0.877223257085392,0.7872044506258693,0.7532258064516129,0.7817679558011049,0.7927170868347339,0.18310316377321953,97,0.3029809296131134,0
0.8278189602837333,0.8696953344708916,0.7918043621943159,0.7459677419354839,0.7496871088861077,0.8389355742296919,0.1912421121018441,98,0.2917455732822418,0
0.8256595413830932,0.8664086660724267,0.7794015309672929,0.7443548387096774,0.7745504840940526,0.7843137254901961,0.19070589309798047,99,0.30006715655326843,0
0.8255370589300359,0.867678005091312,0.7792571829011913,0.7459677419354839,0.7798036465638148,0.7787114845938375,0.19027640966686074,100,0.29292821884155273,0
0.8130465113802176,0.8563306931083341,0.7823218997361477,0.7338709677419355,0.7394014962593516,0.8305322128851541,0.20228681341596577,101,0.28735658526420593,0
0.8187392827853575,0.8668555388518175,0.7739678096571029,0.739516129032258,0.7734265734265734,0.7745098039215687,0.193419292473792,102,0.2849867343902588,0
0.819144007412851,0.8659726287708593,0.7742837176799441,0.739516129032258,0.7726638772663877,0.7759103641456583,0.1945030974534592,103,0.2674212157726288,0
0.8204487118041133,0.8662773520076702,0.7791327913279132,0.7370967741935484,0.7545931758530183,0.8053221288515406,0.19837858444840795,104,0.2707981467247009,0
0.8263771287982874,0.8713619358027577,0.7824296499656829,0.7443548387096774,0.7671601615074024,0.7983193277310925,0.19182288214822674,105,0.2709193527698517,0
0.8287482293297548,0.8701035231294187,0.7793296089385475,0.7451612903225806,0.7771587743732591,0.7815126050420168,0.18845103919849654,106,0.2593017816543579,0
0.8220862489482486,0.8559017320289011,0.7896825396825397,0.7435483870967742,0.7481203007518797,0.8361344537815126,0.19764647286728926,107,0.2614135146141052,0
0.8320792195205078,0.8662225580072536,0.7854694996572995,0.7475806451612903,0.7691275167785235,0.8025210084033614,0.18697882446369538,108,0.25708892941474915,0
0.8320099903079102,0.8668017434742679,0.7850725639253628,0.7491935483870967,0.7748976807639836,0.7955182072829131,0.18726651416686002,109,0.2505405843257904,0
0.8178353090285545,0.8518502284456101,0.7828418230563002,0.7387096774193549,0.7506426735218509,0.8179271708683473,0.202199478759901,110,0.252808153629303,0
0.8261814231395981,0.8702475065254148,0.7791107974594214,0.7475806451612903,0.7852062588904695,0.773109243697479,0.18803693518967898,111,0.2528200149536133,0
0.8213486915678818,0.8673351107694253,0.7746766507828454,0.7330645161290322,0.7536423841059603,0.7969187675070029,0.19484493728495064,112,0.2507022023200989,0
0.8109776229883588,0.8526343381756187,0.7767379679144385,0.7306451612903225,0.7429667519181585,0.8137254901960784,0.20546096120777796,113,0.24452397227287292,0
0.8177647484849453,0.8586886843054221,0.7713884992987378,0.7370967741935484,0.7724719101123596,0.7703081232492998,0.19881103845730655,114,0.24867555499076843,0
0.8185768604019554,0.8603260525137928,0.7746766507828454,0.7330645161290322,0.7536423841059603,0.7969187675070029,0.2016388684055532,115,0.23220956325531006,0
0.816657081083384,0.8513662201558672,0.7872763419483101,0.7411290322580645,0.7471698113207547,0.8319327731092437,0.20510749812895288,116,0.24053709208965302,0
0.8228903728791896,0.8623296315024555,0.7753673897830651,0.7411290322580645,0.7748251748251749,0.7759103641456583,0.19546965275614173,117,0.23170411586761475,0
0.826511593230448,0.8684164070658875,0.781718963165075,0.7419354838709677,0.761968085106383,0.8025210084033614,0.19418370969185583,118,0.233880877494812,0
0.435655387330741,0.587539506748531,0.7634730538922155,0.6174334140435835,0.6174334140435835,1.0,0.27846106690997113,0,0.7325304746627808,1
0.41658806982708696,0.5659166297424121,0.7634730538922155,0.6174334140435835,0.6174334140435835,1.0,0.23919673826671878,1,0.785635232925415,1
0.4718581947546951,0.5914634617979984,0.762855716425362,0.6166263115415658,0.617124394184168,0.9986928104575163,0.24658298576361834,2,0.6750345826148987,1
0.5469885000413668,0.6489283770865688,0.7634730538922155,0.6174334140435835,0.6174334140435835,1.0,0.2421051320405545,3,0.684668242931366,1
0.5838848901023138,0.679425050332599,0.7634730538922155,0.6174334140435835,0.6174334140435835,1.0,0.23639212631562584,4,0.6820124983787537,1
0.5939025399189212,0.6853094771228632,0.7634730538922155,0.6174334140435835,0.6174334140435835,1.0,0.2355928338008633,5,0.6718423962593079,1
0.614625906621439,0.6964029928614107,0.7634730538922155,0.6174334140435835,0.6174334140435835,1.0,0.23643380978563416,6,0.6728709936141968,1
0.6296392818730867,0.714372306901049,0.7634730538922155,0.6174334140435835,0.6174334140435835,1.0,0.2354651282621904,7,0.6764719486236572,1
0.6448195030473511,0.7467793998601551,0.7634730538922155,0.6174334140435835,0.6174334140435835,1.0,0.23416982528747007,8,0.672711193561554,1
0.6522076059678443,0.7609547153681002,0.7634730538922155,0.6174334140435835,0.6174334140435835,1.0,0.23367496542798147,9,0.6689141988754272,1
0.654160116930035,0.7655902370211684,0.7634730538922155,0.6174334140435835,0.6174334140435835,1.0,0.23381539564985804,10,0.6673544049263,1
0.6552825349549102,0.7676852022855092,0.7634730538922155,0.6174334140435835,0.6174334140435835,1.0,0.23391232854984903,11,0.6646336913108826,1
0.6564228785747773,0.7692754455090061,0.7634730538922155,0.6174334140435835,0.6174334140435835,1.0,0.23357391410675743,12,0.6663528084754944,1
0.6587077024902788,0.7714569539008387,0.7634730538922155,0.6174334140435835,0.6174334140435835,1.0,0.2327645864097144,13,0.6665380001068115,1
0.6622680014340476,0.7736287374330786,0.7634730538922155,0.6174334140435835,0.6174334140435835,1.0,0.2317494293321606,14,0.665715217590332,1
0.6676842889054356,0.7765663150623618,0.7634730538922155,0.6174334140435835,0.6174334140435835,1.0,0.23077570151214913,15,0.6632544994354248,1
0.6707054411075261,0.7790228652575917,0.7634730538922155,0.6174334140435835,0.6174334140435835,1.0,0.23000461986953136,16,0.6620177626609802,1
0.670733018945975,0.7801711083605019,0.7634730538922155,0.6174334140435835,0.6174334140435835,1.0,0.22936333303887368,17,0.661064624786377,1
0.6696533465706958,0.7802838561737891,0.7634730538922155,0.6174334140435835,0.6174334140435835,1.0,0.22855031576780677,18,0.6588234305381775,1
0.6712156311188329,0.7817685205357829,0.762855716425362,0.6166263115415658,0.617124394184168,0.9986928104575163,0.22729117727662984,19,0.6574470400810242,1
0.6744022503516174,0.7843867501171351,0.7610441767068273,0.615819209039548,0.6177669111654441,0.9908496732026144,0.22565770074920882,20,0.654570996761322,1
0.6769807782466011,0.787227364889382,0.7626262626262627,0.6206618240516546,0.6213991769547325,0.9869281045751634,0.22394225213681626,21,0.6505336165428162,1
0.6754088414550068,0.7867415503712047,0.7572406529752501,0.6279257465698144,0.6340388007054674,0.9398692810457516,0.22227212818349198,22,0.6472923755645752,1
0.67475248889992,0.7866207510915018,0.7418994413407821,0.6271186440677966,0.6478048780487805,0.8679738562091504,0.22064616213040233,23,0.6446130871772766,1
0.6731943410275503,0.7860392266588219,0.7336041787579802,0.6295399515738499,0.6597077244258872,0.8261437908496732,0.21935300273179423,24,0.6391968727111816,1
0.6735280328727834,0.7858722460547969,0.7315634218289085,0.632768361581921,0.6666666666666666,0.8104575163398693,0.21866009830648656,25,0.6360019445419312,1
0.6763850969361022,0.7857000278146163,0.7276029055690073,0.6368038740920097,0.677564825253664,0.7856209150326797,0.21769627904828237,26,0.6301866769790649,1
0.6825377126940791,0.7883319890205449,0.7193528313627878,0.6359967715899919,0.6864608076009501,0.7555555555555555,0.21561889360363892,27,0.6294266581535339,1
0.6903146631367034,0.7903832929233281,0.7328058429701765,0.645682001614205,0.6856492027334852,0.7869281045751634,0.21330165923730843,28,0.6287543773651123,1
0.6994484432310195,0.7941993226137396,0.7535250987027636,0.6472962066182405,0.6626984126984127,0.873202614379085,0.2128144555761698,29,0.6248122453689575,1
0.7019083864206723,0.7951874199115552,0.7474167623421355,0.6448748991121872,0.6663254861821903,0.8509803921568627,0.21153442714123105,30,0.6210642457008362,1
0.7025895590303631,0.7954600495632436,0.7376330619912336,0.6618240516545602,0.7079326923076923,0.7699346405228759,0.210437215507102,31,0.6156783699989319,1
0.7044455475579823,0.7897289291623764,0.7486694263749261,0.6569814366424536,0.683585313174946,0.8274509803921568,0.21022195562605436,32,0.6112980842590332,1
0.7164584539863765,0.8033721574085478,0.7428924598269468,0.6642453591606134,0.7045720984759671,0.7856209150326797,0.20653147105714975,33,0.6126272082328796,1
0.7298861035272057,0.817751263089763,0.7510755992624463,0.6731234866828087,0.7088167053364269,0.7986928104575164,0.20326926902150477,34,0.6042213439941406,1
0.7421692727724002,0.8283419815421222,0.7568555758683729,0.6779661016949152,0.708904109589041,0.8117647058823529,0.19986823115799227,35,0.5857941508293152,1
0.7540415322247043,0.8380704480861307,0.7650208209399167,0.6811945117029863,0.7019650655021834,0.8405228758169935,0.1967300966482657,36,0.5817058682441711,1
0.7684095860566449,0.848286979036268,0.7489711934156379,0.7046004842615012,0.7878787878787878,0.7137254901960784,0.19472224964466775,37,0.582760751247406,1
0.7623562505170844,0.8434624736315649,0.7753981328940143,0.6698950766747377,0.6685606060606061,0.9228758169934641,0.22182590641576327,38,0.5786045789718628,1
0.7783238189790685,0.8561332895392062,0.7662082514734774,0.711864406779661,0.7677165354330708,0.7647058823529411,0.1867812815598303,39,0.6062753200531006,1
0.7780590717299579,0.8572594355490402,0.7181751287711553,0.6908797417271993,0.8215488215488216,0.6379084967320261,0.19667208177226977,40,0.5644509792327881,1
0.7796117040346379,0.8571089658482371,0.7784653465346535,0.7110573042776432,0.7391304347826086,0.8222222222222222,0.1855367151490313,41,0.5819737315177917,1
0.7774826949063733,0.8540169982769887,0.7906178489702517,0.7046004842615012,0.7029501525940997,0.9032679738562092,0.19628399868145593,42,0.5504821538925171,1
0.7870191114420452,0.8616327984783534,0.7897793263646922,0.7078288942695722,0.7105538140020898,0.8888888888888888,0.18845522826569272,43,0.5653795599937439,1
0.8044096963679986,0.8753534445105324,0.7940261356565028,0.7328490718321227,0.7577197149643705,0.8339869281045752,0.1780818519964473,44,0.5565203428268433,1
0.8112021179779929,0.8810145729677306,0.7886017229953611,0.7425343018563357,0.7997311827956989,0.7777777777777778,0.17925165805888174,45,0.5428305864334106,1
0.8135545075976947,0.881086178323973,0.8015028177833438,0.7441485068603713,0.7692307692307693,0.8366013071895425,0.17450760221385314,46,0.5530960559844971,1
0.7950304735114861,0.8680523110074246,0.7962085308056872,0.7223567393058918,0.7280606717226435,0.8784313725490196,0.18316514899354883,47,0.5331677794456482,1
0.798590772455255,0.8692489049032094,0.8002371072910492,0.7280064568200162,0.7321041214750542,0.8823529411764706,0.18317264490721408,48,0.5297296047210693,1
0.8213976448525964,0.8843870844916596,0.8032683846637335,0.7473769168684423,0.7736077481840193,0.8352941176470589,0.16826740846453248,49,0.527025580406189,1
0.8219271393508176,0.8855486049643546,0.8029197080291971,0.7602905569007264,0.8153638814016172,0.7908496732026143,0.16844990899720816,50,0.5191552639007568,1
0.8252226910454759,0.8869336570924868,0.808695652173913,0.751412429378531,0.770414201183432,0.8509803921568627,0.1664893010739095,51,0.5236245393753052,1
0.8149995863324233,0.880372026386419,0.8065099457504521,0.7409200968523002,0.7483221476510067,0.8745098039215686,0.17496373325246137,52,0.5000166296958923,1
0.8306224318137945,0.8908048661436931,0.8097622027534418,0.7546408393866021,0.7767106842737095,0.8457516339869281,0.16347257938108137,53,0.5134331583976746,1
0.836278646479689,0.894689194392694,0.8066889632107024,0.7667473769168685,0.826027397260274,0.788235294117647,0.16140211132406834,54,0.4951053559780121,1
0.8385579548275006,0.8955821296963735,0.815196394075982,0.768361581920904,0.8032994923857868,0.8274509803921568,0.15876968555444365,55,0.49435293674468994,1
0.838109814952704,0.8944253701447176,0.8278433809819764,0.7764326069410815,0.7890995260663507,0.8705882352941177,0.16051346161463317,56,0.48482516407966614,1
0.8440197457323295,0.8988490597773231,0.8158750813272609,0.7715899919289749,0.8121761658031088,0.8196078431372549,0.15595883305121697,57,0.48516932129859924,1
0.8459446788560713,0.9001145145557634,0.8129973474801061,0.7723970944309927,0.8250336473755047,0.8013071895424837,0.15527184263671465,58,0.47703441977500916,1
0.8471718926670527,0.9002766619335378,0.8208469055374593,0.778046811945117,0.8181818181818182,0.8235294117647058,0.15356216110950388,59,0.4690728485584259,1
0.8501475414357023,0.9032843813237923,0.8144192256341789,0.7756255044390638,0.8321964529331515,0.7973856209150327,0.15302536923041313,60,0.47319063544273376,1
0.8505253578224539,0.9024795170493611,0.8272318561335903,0.7828894269572235,0.8131313131313131,0.8418300653594771,0.15196789818974965,61,0.4610144793987274,1
0.8437660296185985,0.8999843123292088,0.796423658872077,0.7610976594027441,0.8403483309143687,0.7568627450980392,0.16056667924988716,62,0.4639888405799866,1
0.8488982653539616,0.9009900162298871,0.8310214375788146,0.7836965294592413,0.8026796589524969,0.8614379084967321,0.1558615473821021,63,0.47155261039733887,1
0.8559002785361683,0.9076782989991011,0.8196939454424484,0.7812752219531881,0.8346883468834688,0.8052287581699347,0.149996083050689,64,0.4579602777957916,1
0.8506246380408703,0.9065216041699107,0.8027027027027027,0.7643260694108152,0.8307692307692308,0.7764705882352941,0.15575592034854538,65,0.44351398944854736,1
0.8561319323791401,0.908641379905813,0.8305519897304237,0.7869249394673123,0.8158890290037831,0.8457516339869281,0.1500456228141099,66,0.45033010840415955,1
0.8532528060450622,0.904923923824915,0.8342857142857143,0.7893462469733656,0.8111111111111111,0.8588235294117647,0.15239910654190147,67,0.4364640414714813,1
0.8595598576983536,0.9114382911416234,0.8180574555403557,0.7853107344632768,0.8579626972740315,0.7816993464052288,0.14985749031961657,68,0.4404594302177429,1
0.8597777226221008,0.9116083131419852,0.8203389830508474,0.7861178369652946,0.852112676056338,0.7908496732026143,0.1485907030860402,69,0.4295109212398529,1
0.8599955875458482,0.9101374765299445,0.8354591836734694,0.7917675544794189,0.8156911581569116,0.8562091503267973,0.14831352185096952,70,0.4249878525733948,1
0.8601831168473015,0.909040213838847,0.8269105160026127,0.7861178369652946,0.8263707571801566,0.8274509803921568,0.1481164320046423,71,0.4267803728580475,1
0.8588759273048179,0.9064799547864635,0.8101439342015079,0.7764326069410815,0.8515850144092219,0.7725490196078432,0.15139715240261514,72,0.4196622669696808,1
0.8600700477096604,0.9057623253386005,0.8268597761685319,0.7877320419693301,0.8328912466843501,0.8209150326797385,0.14825978949759175,73,0.4142856001853943,1
0.863274592537437,0.9081675292283846,0.8268974700399467,0.7901533494753834,0.8426051560379919,0.8117647058823529,0.1466055598276577,74,0.40544137358665466,1
0.864628664405284,0.9109268840446256,0.8186813186813187,0.7869249394673123,0.8625180897250362,0.7790849673202614,0.1483075595294482,75,0.4099102318286896,1
0.8651236866054439,0.9098915941364063,0.8237677245104659,0.7893462469733656,0.8519553072625698,0.7973856209150327,0.14695937614820603,76,0.3996107876300812,1
0.8667962825073772,0.9113798543183522,0.8243870112657389,0.7861178369652946,0.8360215053763441,0.8130718954248366,0.14631515120451402,77,0.3926727771759033,1
0.8632966548081961,0.9109042438840851,0.8163538873994638,0.7788539144471348,0.8376891334250344,0.796078431372549,0.14934449579556797,78,0.3959079384803772,1
0.8663881304983315,0.9081844101794031,0.8312208138759173,0.7958030669895076,0.8487738419618529,0.8143790849673203,0.1453930921144059,79,0.3857460021972656,1
0.8656104354540692,0.9061975151962851,0.8289384719405003,0.7958030669895076,0.8585434173669467,0.8013071895424837,0.14656689694510933,80,0.37070155143737793,1
0.8661757811422741,0.9051624328859446,0.8357827476038339,0.7925746569814366,0.8175,0.8549019607843137,0.14624997650589852,81,0.3666532039642334,1
0.8638509693610215,0.9052195664843432,0.8071942446043165,0.7836965294592413,0.8976,0.7333333333333333,0.15708590438992767,82,0.37691307067871094,1
0.8645155952676429,0.9037554201634889,0.8425806451612903,0.8030669895076675,0.8318471337579618,0.85359477124183,0.1461374129806099,83,0.385575532913208,1
0.8524668376492649,0.9028536435993757,0.8117099135063207,0.7715899919289749,0.8265582655826558,0.7973856209150327,0.15610404340995193,84,0.3833715617656708,1
0.8648741071674803,0.9104148519271148,0.796242774566474,0.7723970944309927,0.8901453957996769,0.7202614379084967,0.1592757335837271,85,0.38655778765678406,1
0.8531452524751109,0.8923647947264546,0.8297734627831715,0.7877320419693301,0.8217948717948718,0.8379084967320262,0.15356734199189864,86,0.3845556378364563,1
0.8678139047461461,0.9070434583528253,0.8389662027833003,0.8038740920096852,0.8508064516129032,0.8274509803921568,0.14200825928204422,87,0.38318318128585815,1
0.8560767767022421,0.9075517373916873,0.8109552438209753,0.7715899919289749,0.8292349726775956,0.7934640522875817,0.15426878835148214,88,0.3513558804988861,1
0.8608367116185434,0.9085611844131911,0.8089734874235214,0.7732041969330105,0.8427762039660056,0.7777777777777778,0.1519936638240506,89,0.3642297685146332,1
0.8598521827859131,0.9004432547601922,0.8267026298044504,0.7925746569814366,0.8537604456824512,0.8013071895424837,0.14853907308526873,90,0.3531186282634735,1
0.8608256804831637,0.8984079723359029,0.8301886792452831,0.7966101694915254,0.8567454798331016,0.8052287581699347,0.14822726688675097,91,0.3396610915660858,1
0.8700835608505006,0.9091884670226132,0.8340136054421768,0.8030669895076675,0.8695035460992908,0.8013071895424837,0.14397244576651413,92,0.3437780737876892,1
0.8674719395493782,0.9118018073971323,0.8318936877076412,0.7958030669895076,0.845945945945946,0.8183006535947712,0.14747894290233005,93,0.3227795958518982,1
0.8663936460660213,0.9089005925208311,0.8181818181818182,0.7869249394673123,0.8646288209606987,0.7764705882352941,0.1514229568307097,94,0.32930055260658264,1
0.8674222994401699,0.9013772477016015,0.8368700265251989,0.801452784503632,0.8492597577388964,0.8248366013071895,0.145544360593008,95,0.31796759366989136,1
0.8687157000634291,0.9011597068920194,0.8384512683578104,0.804681194511703,0.8567530695770805,0.8209150326797385,0.14503182318344998,96,0.3125357925891876,1
0.8689859628802294,0.9070532000293741,0.8162692847124825,0.7885391444713479,0.8804841149773072,0.7607843137254902,0.15016604548269138,97,0.3112776577472687,1
0.8649954496566559,0.9068776402260248,0.8291694800810263,0.7958030669895076,0.8575418994413407,0.8026143790849674,0.1490950495519764,98,0.30982041358947754,1
0.8650588786850888,0.899534936551726,0.833902939166097,0.8038740920096852,0.8739255014326648,0.7973856209150327,0.14929300782251698,99,0.30670225620269775,1
0.8647527646783045,0.8960808437843946,0.8247422680412371,0.7941888619854721,0.8695652173913043,0.7843137254901961,0.15008667443283005,100,0.29799655079841614,1
0.8659303383800776,0.899380639298595,0.8403693931398417,0.804681194511703,0.848202396804261,0.8326797385620915,0.14605928205284166,101,0.29975855350494385,1
0.8637103223849314,0.8991059911428547,0.8414795244385733,0.8062953995157385,0.8504672897196262,0.8326797385620915,0.14888072012664078,102,0.284354567527771,1
0.8632801081051267,0.8966544943139403,0.820054945054945,0.7885391444713479,0.8639652677279306,0.7803921568627451,0.1538316315062252,103,0.2868798077106476,1
0.8608808361600618,0.8908262565060392,0.8287441235728676,0.7941888619854721,0.8522099447513812,0.8065359477124183,0.15221209458001203,104,0.2791994512081146,1
0.8615840710405118,0.8939801771621713,0.8289384719405003,0.7958030669895076,0.8585434173669467,0.8013071895424837,0.15271132317935207,105,0.27842941880226135,1
0.8643777060753979,0.8989633442803731,0.8297297297297297,0.7966101694915254,0.8587412587412587,0.8026143790849674,0.15093492977300638,106,0.2701883614063263,1
0.8659661895700614,0.8978191544885403,0.8268309377138946,0.7958030669895076,0.867816091954023,0.7895424836601307,0.1523021602988787,107,0.2700297236442566,1
0.8647251868398556,0.8906293564021234,0.8414795244385733,0.8062953995157385,0.8504672897196262,0.8326797385620915,0.1488696740459124,108,0.26920148730278015,1
0.8589641763878547,0.886411071675412,0.8327825512227363,0.7958030669895076,0.8422459893048129,0.8235294117647058,0.1525038543626776,109,0.2690574824810028,1
0.8586415156780012,0.8966196580038901,0.8034188034188035,0.7772397094430993,0.8826291079812206,0.7372549019607844,0.16705118764125074,110,0.26483550667762756,1
0.8617302335842916,0.8984552884515558,0.8300132802124834,0.7933817594834544,0.8434547908232118,0.8169934640522876,0.1524510629087601,111,0.2772567570209503,1
0.8655249441548772,0.8945732617186302,0.8429423459244533,0.8087167070217918,0.8548387096774194,0.8313725490196079,0.14957266350110413,112,0.2538326680660248,1
0.8619260362372797,0.8949049663671389,0.8161559888579387,0.7869249394673123,0.8733233979135618,0.7660130718954249,0.16202188916430768,113,0.25517699122428894,1
0.8625947988196685,0.8939881120601452,0.8301886792452831,0.7966101694915254,0.8567454798331016,0.8052287581699347,0.15469320279787355,114,0.25850021839141846,1
0.8670155263230468,0.8937490857581035,0.8301886792452831,0.7966101694915254,0.8567454798331016,0.8052287581699347,0.1536916403937266,115,0.24545826017856598,1
0.8671989189487327,0.8983072488087089,0.8282828282828283,0.7941888619854721,0.8541666666666666,0.803921568627451,0.1529610459781389,116,0.24775974452495575,1
0.8653125947988196,0.9001213961957122,0.8244897959183674,0.7917675544794189,0.8595744680851064,0.792156862745098,0.15481082143022742,117,0.2362246960401535,1
0.8618860483715287,0.8990935282320531,0.8214285714285714,0.7901533494753834,0.8654124457308249,0.7816993464052288,0.16104309785808493,118,0.2356417030096054,1
0.8619039739665205,0.8954501549772413,0.8298587760591796,0.7958030669895076,0.8545706371191135,0.8065359477124183,0.1565338578739287,119,0.2289872169494629,1
0.8652767436088358,0.8958575276011884,0.8320971004720162,0.7990314769975787,0.8593314763231198,0.8065359477124183,0.15679693143273973,120,0.22512398660182953,1
0.8629850252337221,0.897629469844611,0.8279132791327913,0.7949959644874899,0.8593530239099859,0.7986928104575164,0.15866632721183715,121,0.22234758734703064,1
0.8655470064256362,0.8936217097912864,0.8326585695006747,0.7998385794995965,0.8605299860529986,0.8065359477124183,0.1560557412149335,122,0.22616448998451233,1
0.8645211108353328,0.8899512900266228,0.8365577051367579,0.8022598870056498,0.8542234332425068,0.8196078431372549,0.15472776756913198,123,0.2111920863389969,1
0.8610076942169272,0.8900589543408062,0.8231245698554714,0.7925746569814366,0.8691860465116279,0.7816993464052288,0.16454542142328685,124,0.22715172171592712,1
0.866306775874907,0.8920304534642565,0.8179930795847751,0.7877320419693301,0.8691176470588236,0.7725490196078432,0.15903168124718853,125,0.21707263588905334,1
0.8675546730647251,0.88889762428692,0.8480104370515329,0.8119451170298628,0.8463541666666666,0.8496732026143791,0.1521435349669726,126,0.2061171680688858,1
0.8655911309671549,0.8884366734825584,0.8240109140518418,0.7917675544794189,0.8616262482168331,0.7895424836601307,0.1614196179285934,127,0.22490359842777252,1
0.8645610987010838,0.8903798885600732,0.8203017832647462,0.7885391444713479,0.862914862914863,0.7816993464052288,0.16461269418212227,128,0.20391829311847687,1
0.5044191349106015,0.6481180013739879,0.7793103448275862,0.6384180790960452,0.6384180790960452,1.0,0.2682096069576197,0,0.6924907565116882,2
0.5327597299981939,0.6541865780226572,0.7793103448275862,0.6384180790960452,0.6384180790960452,1.0,0.2306892835951584,1,0.8172557353973389,2
0.5761990360303414,0.6963148315516101,0.7793103448275862,0.6384180790960452,0.6384180790960452,1.0,0.23549124040436173,2,0.6754603981971741,2
0.5973084477153694,0.7139823660088994,0.7793103448275862,0.6384180790960452,0.6384180790960452,1.0,0.23710801123138192,3,0.6747978925704956,2
0.6065982255734153,0.7199975508380652,0.7793103448275862,0.6384180790960452,0.6384180790960452,1.0,0.2345670109160838,4,0.6763258576393127,2
0.6091915748600325,0.7214049052568707,0.7793103448275862,0.6384180790960452,0.6384180790960452,1.0,0.2311238744470024,5,0.6743549108505249,2
0.6099563165974355,0.7223363840064096,0.7793103448275862,0.6384180790960452,0.6384180790960452,1.0,0.2292148754913972,6,0.6684234142303467,2
0.6136826688640058,0.726445100080696,0.7793103448275862,0.6384180790960452,0.6384180790960452,1.0,0.22880445344189043,7,0.6706550121307373,2
0.6229399945819036,0.7350343744522934,0.7793103448275862,0.6384180790960452,0.6384180790960452,1.0,0.2282195254321612,8,0.6704091429710388,2
0.6355342468845946,0.7435316522229416,0.7793103448275862,0.6384180790960452,0.6384180790960452,1.0,0.2274451443262818,9,0.6654595732688904,2
0.6313295782914936,0.7477374495527014,0.7793103448275862,0.6384180790960452,0.6384180790960452,1.0,0.2271079327639885,10,0.6626160740852356,2
0.6274085131840348,0.7471539086981036,0.7796944307540661,0.639225181598063,0.6389337641357028,1.0,0.22704410036974854,11,0.660304605960846,2
0.6308272756005057,0.7488954603433908,0.7784371909000989,0.6384180790960452,0.6393176279447603,0.9949431099873578,0.22633110497640485,12,0.6560317277908325,2
0.6342728463066643,0.7501889796723864,0.7773921665840356,0.6376109765940274,0.6394779771615008,0.9911504424778761,0.2243677064765321,13,0.6573853492736816,2
0.6370637303594004,0.7486819191301333,0.7775571002979146,0.6384180790960452,0.6402289452166803,0.9898862199747156,0.22207757523842078,14,0.6509771943092346,2
0.6399110529167419,0.7486517021398724,0.7761194029850746,0.6368038740920097,0.6398687448728466,0.9860935524652339,0.2209100644050676,15,0.6433345079421997,2
0.6422490179700198,0.750152858357046,0.7798408488063661,0.6650524616626311,0.6718464351005484,0.9292035398230089,0.22152556553535463,16,0.638013482093811,2
0.6446603530792849,0.7527786496775766,0.7327960322380657,0.6521388216303471,0.718978102189781,0.7471554993678887,0.22580773770405116,17,0.6318225264549255,2
0.6469432905905725,0.7537409491501592,0.6391184573002755,0.5770782889426957,0.7019667170953101,0.5865992414664981,0.23092313765698397,18,0.6288373470306396,2
0.6449848744807658,0.7498459604243373,0.760958503798948,0.6698950766747377,0.7076086956521739,0.8230088495575221,0.22517029324949606,19,0.637764573097229,2
0.6362651255192342,0.7444261843357867,0.784375,0.6658595641646489,0.66696191319752,0.9519595448798989,0.22340123853076585,20,0.6235327124595642,2
0.639115270001806,0.7465944486452364,0.7359617682198327,0.6432606941081518,0.6976217440543602,0.7787610619469026,0.22348400335844143,21,0.6274651885032654,2
0.6453573686111613,0.7504430916555087,0.6832786885245902,0.6101694915254238,0.7098092643051771,0.6586599241466498,0.22418759234432137,22,0.6239691376686096,2
0.6584736770814521,0.7654218321775118,0.7754874651810585,0.6747376916868443,0.6932270916334662,0.8798988621997471,0.21924752972561629,23,0.6161330938339233,2
0.6676519888929022,0.7768361621788495,0.7896995708154506,0.6836158192090396,0.6859273066169618,0.9304677623261695,0.21709623698122985,24,0.6159020066261292,2
0.6725409743543436,0.7799790995649539,0.757235676314235,0.6682808716707022,0.7106430155210643,0.8103666245259166,0.21534456863449586,25,0.6128880381584167,2
0.6800529393173198,0.7858129668032565,0.7216233354470514,0.645682001614205,0.7239185750636132,0.7193426042983565,0.21623012565065966,26,0.6022276878356934,2
0.6921646424056348,0.7895043404817589,0.7582547169811321,0.6690879741727199,0.7104972375690608,0.8128950695322377,0.2069811065178692,27,0.593565821647644,2
0.7104563617482392,0.8012648652470808,0.762936221419976,0.682001614205004,0.7278989667049368,0.8015170670037927,0.20250446617812254,28,0.5856869220733643,2
0.7205249909698392,0.8084912240773631,0.7394636015325671,0.6707021791767555,0.7470967741935484,0.7319848293299621,0.20410059650979676,29,0.5789830684661865,2
0.7409190446089942,0.8251412617867306,0.8024282560706402,0.7110573042776432,0.7120470127326151,0.9190897597977244,0.19641163379468526,30,0.5716858506202698,2
0.719032192523027,0.8090224920778417,0.7154150197628458,0.6513317191283293,0.7469050894085282,0.6864728192161821,0.20867892836290275,31,0.5823948979377747,2
0.7407962908614774,0.8283952115631907,0.7761904761904762,0.6965294592413237,0.7334083239595051,0.8242730720606827,0.19484277813956258,32,0.5624133944511414,2
0.7526201575763048,0.8379275942925206,0.7988571428571428,0.7158999192897498,0.7288842544316997,0.8836915297092288,0.19066837157753244,33,0.5550210475921631,2
0.7517947444464511,0.8391384769990802,0.7538071065989848,0.6868442292171105,0.756687898089172,0.7509481668773704,0.196920886947549,34,0.5546852946281433,2
0.7632630485822648,0.8468106607682975,0.7789344764237599,0.70863599677159,0.7553444180522565,0.8040455120101138,0.1893495933355979,35,0.5505200624465942,2
0.7738706655228463,0.8556734306038678,0.7915151515151515,0.7223567393058918,0.760186263096624,0.8255372945638433,0.1840278671133884,36,0.5322875380516052,2
0.7797374480765757,0.8613873158077746,0.781908302354399,0.7158999192897498,0.7667071688942891,0.797724399494311,0.18397639635226987,37,0.531366765499115,2
0.7879210312443561,0.868215139431495,0.787987987987988,0.7150928167877321,0.7505720823798627,0.8293299620733249,0.17896943602339324,38,0.5234467387199402,2
0.7968298491963157,0.8741209216813111,0.7945879458794588,0.7304277643260694,0.7736526946107785,0.8166877370417194,0.17625723364434978,39,0.5163159966468811,2
0.8056173243633737,0.8778490672302884,0.8195179306290418,0.7522195318805488,0.765934065934066,0.8811630847029077,0.17092598493227504,40,0.5096009969711304,2
0.7899245981578471,0.869848680939224,0.7313961729270021,0.6941081517352704,0.832258064516129,0.6523388116308471,0.19799327718385787,41,0.511725127696991,2
0.8116745868701463,0.8827503622734215,0.8257191201353637,0.7506053268765133,0.745417515274949,0.9254108723135271,0.17510907863771785,42,0.538740336894989,2
0.8059982842694601,0.8803839765461713,0.8159261396422389,0.7425343018563357,0.7505307855626328,0.8938053097345132,0.1738637825074749,43,0.5144868493080139,2
0.7778806212750586,0.8614100003551124,0.7694267515923567,0.7078288942695722,0.7753530166880617,0.7635903919089759,0.1858210187201058,44,0.509243369102478,2
0.8061958190355788,0.879313252107746,0.788339670468948,0.7304277643260694,0.7903430749682337,0.786346396965866,0.1732573999650417,45,0.510789155960083,2
0.8043220606826802,0.8745568849772296,0.8252483927527762,0.7586763518966909,0.7673913043478261,0.8925410872313527,0.1726988985561005,46,0.4868581295013428,2
0.8146644166516164,0.8830442302564623,0.7861715749039693,0.7304277643260694,0.7963683527885862,0.7762326169405815,0.1688638898858344,47,0.5238943696022034,2
0.7912734784179157,0.8715654322241596,0.7590847913862718,0.7110573042776432,0.8115107913669065,0.7130214917825537,0.18486568750617077,48,0.48214536905288696,2
0.8066332174462705,0.8807442720511396,0.79125,0.7304277643260694,0.7824474660074165,0.8002528445006322,0.17159667309961477,49,0.4928652048110962,2
0.8175343146108001,0.8865603138344564,0.8225058004640371,0.7530266343825666,0.759914255091104,0.8963337547408344,0.16761673243484582,50,0.4753016531467438,2
0.816998148817049,0.8874094251009661,0.8121580547112462,0.7506053268765133,0.7822014051522248,0.8445006321112516,0.16762655752651623,51,0.48630714416503906,2
0.799979117753296,0.8778635077220277,0.7661558960692871,0.7167070217917676,0.8098591549295775,0.7269279393173198,0.18462136450756678,52,0.46411895751953125,2
0.8147391976702185,0.8868550225884162,0.780327868852459,0.7296206618240516,0.8106267029972752,0.7522123893805309,0.17650885651858675,53,0.47077807784080505,2
0.8284636310276323,0.8943633768329518,0.8301655426118946,0.7764326069410815,0.805952380952381,0.8558786346396966,0.16292620379360095,54,0.4651050269603729,2
0.8336051787971825,0.89772739602592,0.8265179677819083,0.7740112994350282,0.81044957472661,0.843236409608091,0.15968825177049076,55,0.46136048436164856,2
0.8076180693516345,0.8824962604498207,0.7731755424063116,0.7215496368038741,0.8054794520547945,0.7433628318584071,0.17687736226420428,56,0.4533170461654663,2
0.8094015260971645,0.8836976541058457,0.7867177522349936,0.7304277643260694,0.7948387096774193,0.7787610619469026,0.17269864361621504,57,0.4516206979751587,2
0.8294343733068449,0.8961265949863295,0.8136835675015271,0.7538337368845843,0.7872340425531915,0.8419721871049305,0.1612284990144311,58,0.4517207443714142,2
0.8334020001806032,0.898596926748414,0.8227300802964793,0.768361581920904,0.8043478260869565,0.8419721871049305,0.1605776813125338,59,0.4409038722515106,2
0.8254582806573958,0.895192487341238,0.7871914609739826,0.7425343018563357,0.8333333333333334,0.7458912768647282,0.17103488278209483,60,0.4343627095222473,2
0.8257630485822649,0.8955440658346914,0.7833109017496636,0.7401129943502824,0.837410071942446,0.7357774968394437,0.17242516263473753,61,0.44123879075050354,2
0.8327557793028717,0.8989583793675647,0.8073979591836735,0.7562550443906376,0.8146718146718147,0.8002528445006322,0.16265631904536862,62,0.43226152658462524,2
0.8368024200830775,0.9007951193509901,0.8212974296205631,0.7643260694108152,0.7959667852906287,0.8482932996207333,0.15872248777618306,63,0.41136544942855835,2
0.83389301517067,0.8989020841325281,0.8120204603580563,0.7627118644067796,0.8214747736093143,0.8027812895069533,0.16158296830551255,64,0.4206726551055908,2
0.8382274923243633,0.9013994273476037,0.8002654280026543,0.7570621468926554,0.8421787709497207,0.7623261694058154,0.1623366046384968,65,0.4148927927017212,2
0.8448674823911866,0.9055455820570026,0.8161434977578476,0.768361581920904,0.8272727272727273,0.8053097345132744,0.15694570751919937,66,0.4119601547718048,2
0.8229636987538378,0.8936407691190867,0.7876447876447876,0.7336561743341404,0.8020969855832241,0.7737041719342604,0.17144969901605692,67,0.41121503710746765,2
0.8173113825176088,0.8904372893407426,0.7962025316455696,0.7401129943502824,0.7972116603295311,0.7951959544879899,0.17534080225001317,68,0.39676883816719055,2
0.8349597029077118,0.9015154418957393,0.8099071207430341,0.7522195318805488,0.7936893203883495,0.8268015170670038,0.16580485426663574,69,0.3973727226257324,2
0.8292848112696407,0.8978602021744835,0.7927461139896373,0.741727199354318,0.8127490039840638,0.7737041719342604,0.16812217883626696,70,0.3983801305294037,2
0.8279528625609536,0.896311530380544,0.7895791583166333,0.7457627118644068,0.8371104815864022,0.7471554993678887,0.17025186170936304,71,0.3852634131908417,2
0.8458438685208596,0.9075568633051434,0.8215613382899628,0.7675544794188862,0.8055893074119077,0.8381795195954488,0.1574495372732102,72,0.38668009638786316,2
0.8494982616940581,0.9095122162495588,0.8208020050125313,0.7691686844229217,0.8136645962732919,0.8280657395701644,0.1557952665569656,73,0.3801807463169098,2
0.8339325221238938,0.8990482606702757,0.7861035422343324,0.7465698143664246,0.8522895125553914,0.729456384323641,0.17252139787321857,74,0.37781989574432373,2
0.8500852221419541,0.910049372942038,0.8225806451612904,0.7691686844229217,0.807551766138855,0.8381795195954488,0.15698443151418306,75,0.37319236993789673,2
0.8387100415387395,0.9026245159271689,0.8177887584928969,0.7619047619047619,0.7995169082125604,0.8369152970922883,0.16465770955157963,76,0.3680124580860138,2
0.8290957422792126,0.896401441206716,0.8005164622336992,0.7506053268765133,0.8179419525065963,0.7838179519595448,0.17170860331739626,77,0.3585093915462494,2
0.8492922611522484,0.9084273156421434,0.8115755627009646,0.7635189669087974,0.8259162303664922,0.797724399494311,0.1578798344798917,78,0.3493257462978363,2
0.8441394256817771,0.9026023632100242,0.8231631382316313,0.7707828894269573,0.811042944785276,0.8356510745891277,0.15730176266258444,79,0.353926420211792,2
0.832561066461983,0.894720341775805,0.8228004956629492,0.7691686844229217,0.8068043742405833,0.8394437420986094,0.16330851641406727,80,0.35006117820739746,2
0.848521875564385,0.9092549902922713,0.8152031454783748,0.7723970944309927,0.8462585034013606,0.786346396965866,0.16015568077857523,81,0.3418470025062561,2
0.8438290139064476,0.9068303967186659,0.8184733803720333,0.7715899919289749,0.8307291666666666,0.8065739570164349,0.16372196717321144,82,0.3416369557380676,2
0.8040172927578111,0.8764889687882238,0.8073278584965256,0.7538337368845843,0.8068181818181818,0.8078381795195955,0.18300117392734888,83,0.3361545205116272,2
0.8411312533863102,0.9047266506476779,0.8225602027883396,0.7740112994350282,0.8246505717916137,0.820480404551201,0.16376915051383373,84,0.33736857771873474,2
0.8466424733610258,0.9086160006915209,0.8185926404131698,0.7732041969330105,0.8364116094986808,0.8015170670037927,0.16183991578095913,85,0.3259102404117584,2
0.8353745259165613,0.8996665671185151,0.8183556405353728,0.7699757869249395,0.8251928020565553,0.8116308470290771,0.16745278732283186,86,0.31634721159935,2
0.841989118656312,0.9040778180571294,0.8258706467661692,0.7740112994350282,0.8127294981640147,0.8394437420986094,0.16318451212735471,87,0.31819429993629456,2
0.8391389741737404,0.9046977184401264,0.8098958333333334,0.7643260694108152,0.8348993288590604,0.786346396965866,0.1681778880290487,88,0.3095288574695587,2
0.8180817681054722,0.8904862987673685,0.8028259473346179,0.7522195318805488,0.8159268929503917,0.7901390644753477,0.17761624701026266,89,0.31695225834846497,2
0.8392123442297272,0.9034923520945057,0.8243243243243243,0.7691686844229217,0.8016726403823178,0.8482932996207333,0.16951577824767455,90,0.30659186840057373,2
0.8396440987899585,0.9078167364569445,0.8042188529993408,0.7602905569007264,0.8402203856749312,0.7711757269279393,0.1743803929608851,91,0.3069961965084076,2
0.8399545105652881,0.9073646166845633,0.8112344872632267,0.7667473769168685,0.8391891891891892,0.7850821744627055,0.17236337458057943,92,0.30021464824676514,2
0.8477627776774427,0.9098962968913504,0.8303249097472925,0.7723970944309927,0.7921928817451206,0.8723135271807838,0.16847045665361593,93,0.289384663105011,2
0.8194673333935344,0.8936613458732685,0.7961290322580645,0.744955609362389,0.8129117259552042,0.7800252844500632,0.18109804783207306,94,0.30696651339530945,2
0.8305970065017158,0.9034193121741924,0.7952286282306164,0.7506053268765133,0.8356545961002786,0.7585335018963337,0.17743615713179495,95,0.292711079120636,2
0.8413767608813436,0.9061483659385914,0.825951341235184,0.774818401937046,0.8152709359605911,0.8369152970922883,0.16811737162065907,96,0.2871975302696228,2
0.8344517563662632,0.9005506217879194,0.8228080931943593,0.7667473769168685,0.7988095238095239,0.8482932996207333,0.17425121808360317,97,0.2795223593711853,2
0.8272699566552286,0.8979459284662828,0.8090909090909091,0.7627118644067796,0.8317757009345794,0.7876106194690266,0.17894850163305445,98,0.2769867777824402,2
0.8483553819757992,0.912605700174725,0.8143866409762364,0.7667473769168685,0.8276762402088773,0.8015170670037927,0.1691924547115718,99,0.27485325932502747,2
0.8310739118656312,0.8987997128145262,0.8229426433915212,0.7707828894269573,0.8118081180811808,0.8343868520859671,0.17394412305738846,100,0.27326586842536926,2
0.8373188324002168,0.9048506035935521,0.8135593220338984,0.7602905569007264,0.8079800498753117,0.8192161820480405,0.17271445660055812,101,0.2652946710586548,2
0.8443313165974354,0.912359488105851,0.8126207340631036,0.7651331719128329,0.8280839895013123,0.797724399494311,0.17166466916359832,102,0.2586418390274048,2
0.8280488080187828,0.9007695370409707,0.8134092346616065,0.7619047619047619,0.8139240506329114,0.8128950695322377,0.1817256564708632,103,0.2517601549625397,2
0.8315903241827705,0.9032464687783881,0.8153749212350346,0.7635189669087974,0.8128140703517588,0.8179519595448799,0.17874326410682295,104,0.25414833426475525,2
0.8409421843958823,0.9078795540567335,0.821608040201005,0.7707828894269573,0.8164794007490637,0.8268015170670038,0.1719058236621796,105,0.2417500913143158,2
0.8243210447895972,0.8937018628623536,0.8109517601043025,0.7659402744148507,0.8371467025572006,0.786346396965866,0.18204704845839773,106,0.25522786378860474,2
0.846422363193065,0.9085386183987253,0.8278481012658228,0.7804681194511703,0.8288973384030418,0.8268015170670038,0.16817645712113422,107,0.24581319093704224,2
0.8472858723135271,0.9111037374151956,0.8221092757306226,0.7740112994350282,0.8263090676883781,0.8179519595448799,0.1692776683325274,108,0.24297836422920227,2
0.830935637529348,0.9011752601193503,0.810012836970475,0.7610976594027441,0.8226857887874837,0.797724399494311,0.1791690129839957,109,0.23310019075870514,2
0.816611545060502,0.8908039458874959,0.8040712468193384,0.751412429378531,0.8092189500640204,0.7989886219974716,0.18725328493575397,110,0.22801291942596436,2
0.8198144301968575,0.8928217454258203,0.8072818581293157,0.7522195318805488,0.8017456359102244,0.8128950695322377,0.1901782733958722,111,0.23274797201156616,2
0.8401407576304858,0.9063993688219723,0.8134092346616065,0.7619047619047619,0.8139240506329114,0.8128950695322377,0.18234179106112774,112,0.21970565617084503,2
0.8222864366985732,0.8944879848930329,0.8040973111395646,0.7530266343825666,0.814526588845655,0.7939317319848294,0.18804307531422856,113,0.2200264036655426,2
0.8256783908253567,0.8951858498945949,0.8108791903858318,0.7586763518966909,0.8113924050632911,0.8103666245259166,0.18252413677919785,114,0.20998229086399078,2
0.825283321293119,0.8966248083700679,0.8135810377962844,0.7651331719128329,0.8246753246753247,0.8027812895069533,0.182293192989641,115,0.2151060849428177,2
0.8253058966949611,0.9012165570157189,0.8093994778067886,0.7643260694108152,0.8367071524966262,0.7838179519595448,0.18614847773046186,116,0.20796476304531097,2
0.8223626286797906,0.8965481538260691,0.8045685279187818,0.751412429378531,0.8076433121019109,0.8015170670037927,0.1896169173739994,117,0.2051410675048828,2
0.819546347299982,0.8922519519682574,0.8132417239225485,0.7586763518966909,0.8037037037037037,0.8230088495575221,0.19003180993029764,118,0.19522328674793243,2
0.827159901571248,0.8998061539428646,0.8115015974440895,0.7619047619047619,0.8204134366925064,0.8027812895069533,0.18580925820846417,119,0.19620434939861298,2
0.8383262597074228,0.9087536265926761,0.8192926045016077,0.7732041969330105,0.8337696335078534,0.8053097345132744,0.18003334318298772,120,0.194588303565979,2
0.8310231172114864,0.9036702855118661,0.8102094240837696,0.7659402744148507,0.8398914518317503,0.7825537294563844,0.18471178350966136,121,0.1951213777065277,2
0.8373668051291312,0.9046551558276856,0.8233846153846154,0.768361581920904,0.802158273381295,0.8457648546144121,0.18339721062055686,122,0.1850353330373764,2
0.8302414439227018,0.9026396140800567,0.8096446700507615,0.7578692493946732,0.8127388535031848,0.8065739570164349,0.18785133586165245,123,0.19207020103931427,2
0.8167695728733971,0.893876971014214,0.8088139987038238,0.7619047619047619,0.8297872340425532,0.7888748419721872,0.19129356224508598,124,0.18587569892406464,2
0.8311529257720788,0.9006424255796027,0.8207070707070707,0.7707828894269573,0.819672131147541,0.8217446270543616,0.1818851025217673,125,0.18560314178466797,2
0.8441817545602313,0.9081564547016021,0.8234560199625702,0.7715899919289749,0.812807881773399,0.8343868520859671,0.1782704463063247,126,0.17795071005821228,2
0.820082513093733,0.8931027714919728,0.7989521938441388,0.7522195318805488,0.8288043478260869,0.7711757269279393,0.1953837089828367,127,0.1785683035850525,2
0.8266406673288784,0.895693237383948,0.8091603053435115,0.7578692493946732,0.8143405889884763,0.8040455120101138,0.1932413000254602,128,0.18617801368236542,2
0.8349173740292577,0.8995207588035131,0.8131188118811881,0.7562550443906376,0.7963636363636364,0.8305941845764855,0.1900980038446259,129,0.1671963632106781,2
0.8075503431461082,0.8832995206268066,0.8023180940115905,0.7522195318805488,0.8175853018372703,0.7876106194690266,0.19893806082308504,130,0.18093624711036682,2
0.8065005869604479,0.8836484658667167,0.8013071895424837,0.7546408393866021,0.8294993234100135,0.7749683944374209,0.20011292143149373,131,0.16283786296844482,2
0.8354083890193247,0.9047019016029696,0.8088607594936709,0.7562550443906376,0.8098859315589354,0.8078381795195955,0.18745183828949258,132,0.17397233843803406,2
0.8047806235325989,0.8774512649180808,0.8109137055837563,0.7594834543987087,0.8140127388535032,0.8078381795195955,0.19750426362487541,133,0.18200664222240448,2
0.8106403512732527,0.8816921153650077,0.8038834951456311,0.7554479418886199,0.8236074270557029,0.7850821744627055,0.19666954593439046,134,0.17107385396957397,2
0.5965988441093183,0.6770071863543328,0.7640897755610973,0.6182405165456013,0.6182405165456013,1.0,0.30078995502415123,0,0.6735201478004456,3
0.5782530815471492,0.6911833282931326,0.7640897755610973,0.6182405165456013,0.6182405165456013,1.0,0.23494047403713775,1,0.8566924333572388,3
0.5527851224614841,0.684326303991703,0.5028294260307195,0.5036319612590799,0.6602972399150743,0.40600522193211486,0.24923685692130274,2,0.667032778263092,3
0.5854911983395802,0.7062479852452019,0.7401159725882973,0.6020984665052461,0.6206896551724138,0.9164490861618799,0.23880649762596132,3,0.6916844248771667,3
0.6045311025121578,0.7192828531562822,0.7640897755610973,0.6182405165456013,0.6182405165456013,1.0,0.23308850117128657,4,0.6741676926612854,3
0.6232039258331079,0.7370037055661341,0.7640897755610973,0.6182405165456013,0.6182405165456013,1.0,0.23414639433766557,5,0.661586344242096,3
0.6318717259424043,0.7467066051806592,0.7640897755610973,0.6182405165456013,0.6182405165456013,1.0,0.2349888683343662,6,0.6632776260375977,3
0.6332475891344067,0.7470825944762205,0.7640897755610973,0.6182405165456013,0.6182405165456013,1.0,0.23318990572845968,7,0.6639917492866516,3
0.634547552150321,0.748165951955202,0.7640897755610973,0.6182405165456013,0.6182405165456013,1.0,0.23040426032122172,8,0.6620945930480957,3
0.6393444432791084,0.7503191169268577,0.7645290581162325,0.6206618240516546,0.6203252032520326,0.9960835509138382,0.22839554883621674,9,0.6571598052978516,3
0.6502381885525974,0.7552685117467616,0.7632254750898819,0.6279257465698144,0.6291278577476714,0.9699738903394256,0.2273115285970804,10,0.6553546786308289,3
0.6598499108517931,0.7597128829710074,0.7441607821835958,0.6198547215496368,0.6372093023255814,0.8942558746736292,0.2257764543791436,11,0.6523775458335876,3
0.6665884664852422,0.7628689336414793,0.7452677122769065,0.6198547215496368,0.6361957525392429,0.8994778067885117,0.22312365130073344,12,0.6514750719070435,3
0.678724214640178,0.7711806247817635,0.7593078133193497,0.6295399515738499,0.6345311130587205,0.9451697127937336,0.22128904066789365,13,0.6453094482421875,3
0.6910145231536937,0.7799077076405208,0.763064434297311,0.6230831315577078,0.6240663900414938,0.9817232375979112,0.22131649296365088,14,0.6416308879852295,3
0.6913457239220795,0.7812394110652767,0.7601023017902814,0.6214689265536724,0.6248948696383515,0.9699738903394256,0.2207692138230111,15,0.642968475818634,3
0.6896924800865537,0.7792976674473835,0.7477039438141545,0.6230831315577078,0.6377880184331797,0.9033942558746736,0.21704854711597146,16,0.6368797421455383,3
0.6881137564239149,0.7756790364428228,0.7518072289156627,0.6674737691686844,0.697986577181208,0.814621409921671,0.2139279865372887,17,0.6328290700912476,3
0.6902693214248257,0.7755493208074633,0.7259923175416133,0.6545601291364003,0.7123115577889447,0.7402088772845953,0.21310253033071416,18,0.6311168074607849,3
0.6957644941736265,0.7773881723840338,0.7629233511586453,0.6779661016949152,0.7001090512540894,0.8381201044386423,0.21236289085928492,19,0.6323813199996948,3
0.7015660276331841,0.7791550600665842,0.769310523587351,0.6408393866020985,0.6380051590713671,0.9686684073107049,0.21472927687924748,20,0.6293635964393616,3
0.7058578375901833,0.7803248693183771,0.771047227926078,0.6400322841000807,0.6353637901861252,0.9804177545691906,0.21452863244051604,21,0.6305748820304871,3
0.7100916874127149,0.7820680422806612,0.7794198139025725,0.6747376916868443,0.6710650329877474,0.9295039164490861,0.21060434629183455,22,0.6277291774749756,3
0.7177976252904907,0.7883767180761405,0.7771836007130125,0.6973365617433414,0.7131952017448201,0.8537859007832899,0.20821366899847704,23,0.6261157393455505,3
0.7260500444361031,0.8008795307617607,0.781433607520564,0.6997578692493946,0.7104700854700855,0.8681462140992167,0.20649914077051273,24,0.6215684413909912,3
0.7301127738616353,0.8013207433428151,0.7894156560088202,0.6916868442292171,0.683206106870229,0.9347258485639687,0.20655338927248268,25,0.6177022457122803,3
0.7325774595797063,0.8010965508181024,0.7883683360258481,0.6828087167070218,0.6709440879926672,0.9556135770234987,0.2067818113029091,26,0.6143887042999268,3
0.7372943105228005,0.8047592150613843,0.7905670971364402,0.6989507667473769,0.6935960591133005,0.9190600522193212,0.20164563750769354,27,0.609140932559967,3
0.7447297677730612,0.8120443216208248,0.7730886850152905,0.7005649717514124,0.7272727272727273,0.825065274151436,0.1967808516814522,28,0.6068083047866821,3
0.7525405858941592,0.8197019984718682,0.787492762015055,0.7037933817594835,0.7075962539021852,0.8877284595300261,0.1944376450871173,29,0.6029332280158997,3
0.7650268548623033,0.8298093898861043,0.7986309184255562,0.7150928167877321,0.7092198581560284,0.9138381201044387,0.1921121282766149,30,0.5914210081100464,3
0.7804746107010968,0.8434484241740898,0.7887323943661971,0.7336561743341404,0.7738693467336684,0.804177545691906,0.1825890954548638,31,0.5775743126869202,3
0.7819484541204136,0.8450468648174342,0.7960088691796009,0.7029862792574657,0.6917148362235067,0.9373368146214099,0.20455848759438258,32,0.5747092962265015,3
0.7968718087425964,0.8604561649445328,0.7814136125654451,0.7304277643260694,0.7834645669291339,0.779373368146214,0.17811208953995447,33,0.5908439755439758,3
0.7997090953251011,0.8624806242391967,0.8083795440542206,0.7489911218724778,0.7654609101516919,0.856396866840731,0.17607550667667657,34,0.5670747756958008,3
0.7980199714063336,0.8596986706896528,0.809001731102135,0.7328490718321227,0.7249224405377456,0.9151436031331592,0.18615652528020035,35,0.5544464588165283,3
0.8028361825799436,0.8637795579159165,0.8106824925816024,0.7425343018563357,0.7431991294885746,0.891644908616188,0.17727415620439374,36,0.5620755553245544,3
0.807094872460104,0.8674910426286773,0.7927695287282117,0.7409200968523002,0.7841634738186463,0.8015665796344648,0.17348573481962837,37,0.5346766114234924,3
0.8093083975954825,0.8681090245740477,0.7990012484394506,0.7401129943502824,0.7655502392344498,0.835509138381201,0.17198500263288033,38,0.5404415726661682,3
0.8053615884388852,0.8624807934956493,0.8167539267015707,0.7457627118644068,0.7366211962224554,0.9164490861618799,0.18166647874021494,39,0.5300162434577942,3
0.8118062033903919,0.8670979102318862,0.8167164179104478,0.7522195318805488,0.7524752475247525,0.8929503916449086,0.17296827785750252,40,0.5307893753051758,3
0.8140362885641895,0.8687904095640905,0.7947712418300653,0.7465698143664246,0.7958115183246073,0.793733681462141,0.16959741923454072,41,0.5193490386009216,3
0.8224598281068013,0.8755608070302485,0.8086687306501548,0.7506053268765133,0.7691401648998822,0.8524804177545692,0.16579717546507988,42,0.5228428244590759,3
0.8181652581433988,0.8695190342501214,0.8182883939038686,0.7497982243744956,0.7425531914893617,0.9112271540469974,0.17767642336296355,43,0.5013969540596008,3
0.8338807346033044,0.8863164914871039,0.8049738219895288,0.7594834543987087,0.8070866141732284,0.8028720626631853,0.16252070433868965,44,0.5196070075035095,3
0.8337151342191114,0.8845782269909523,0.8112244897959183,0.7610976594027441,0.7930174563591023,0.8302872062663186,0.161892430527274,45,0.49634188413619995,3
0.8313415287123467,0.8790172422889895,0.8270588235294117,0.7627118644067796,0.7526766595289079,0.9177545691906005,0.17202970278244617,46,0.49255436658859253,3
0.8354760183043626,0.8834180663886297,0.8212974296205631,0.7643260694108152,0.7730414746543779,0.8759791122715405,0.1625350901762928,47,0.5005746483802795,3
0.8400603889401024,0.8886929321289194,0.80946123521682,0.7659402744148507,0.8148148148148148,0.804177545691906,0.15912424645964188,48,0.4821179509162903,3
0.8402591094011339,0.8872271764528658,0.82125,0.7691686844229217,0.7877697841726619,0.8577023498694517,0.15723256130604404,49,0.48232051730155945,3
0.8358154990919578,0.882510218294063,0.8272189349112427,0.7643260694108152,0.7564935064935064,0.912532637075718,0.16691380299009842,50,0.46705594658851624,3
0.8406675903488096,0.8870801320072447,0.8270401948842875,0.7707828894269573,0.7751141552511416,0.8864229765013055,0.1596493820477352,51,0.4690175950527191,3
0.8416529126347574,0.890106717745587,0.8168089297439265,0.774818401937046,0.821664464993395,0.8120104438642297,0.15708889547040086,52,0.4606342017650604,3
0.8373279826009197,0.8814851458218014,0.826302729528536,0.7740112994350282,0.7872340425531915,0.8694516971279374,0.16055278778075974,53,0.4719875156879425,3
0.8352717778305246,0.8771043568478756,0.8257107540173053,0.7723970944309927,0.784037558685446,0.8720626631853786,0.16117535295490895,54,0.4448140859603882,3
0.8439657980006514,0.8897925270294865,0.8314176245210728,0.7869249394673123,0.81375,0.8498694516971279,0.15482293087803073,55,0.4572420120239258,3
0.8437505175012007,0.8864232823019569,0.8298136645962733,0.7788539144471348,0.7914691943127962,0.8720626631853786,0.15568465663815098,56,0.44322675466537476,3
0.8403225895484077,0.8796702247540227,0.8321167883211679,0.7772397094430993,0.7790432801822323,0.8929503916449086,0.1600998489961002,57,0.44104212522506714,3
0.8520608967812806,0.8962037704527179,0.8269604666234608,0.784503631961259,0.8211068211068211,0.8328981723237598,0.15149479321698986,58,0.43675801157951355,3
0.8539653011994988,0.8973417556871686,0.8267868641339343,0.7828894269572235,0.8157560355781448,0.8381201044386423,0.1510985150307953,59,0.4319048225879669,3
0.8470901252490906,0.8853796354589123,0.8283808368708309,0.7715899919289749,0.7734994337485843,0.891644908616188,0.16048358213128283,60,0.430221289396286,3
0.8535402602134037,0.8944238897753453,0.8401253918495298,0.7941888619854721,0.8082026537997588,0.8746736292428199,0.1534188826452187,61,0.428885281085968,3
0.8570730684095187,0.9000056459047194,0.8213333333333334,0.7836965294592413,0.8392370572207084,0.804177545691906,0.15193893027209598,62,0.4165288209915161,3
0.8475151662351855,0.8862199757735347,0.8373531230674088,0.7877320419693301,0.7955346650998825,0.8838120104438643,0.15712452015376874,63,0.41710054874420166,3
0.847534486280008,0.8850220575019476,0.8326018808777429,0.784503631961259,0.8009650180940893,0.8668407310704961,0.1553365689556859,64,0.410832017660141,3
0.8531621393361634,0.896717726376431,0.8166776968894772,0.7764326069410815,0.8281879194630872,0.8054830287206266,0.15428160451849512,65,0.397105872631073,3
0.8551907440425263,0.8957163210689822,0.8371212121212122,0.7917675544794189,0.8105134474327629,0.8655352480417755,0.1522171088421434,66,0.4059050977230072,3
0.8424919545813346,0.8724823412686693,0.8284313725490197,0.7740112994350282,0.7806004618937644,0.8825065274151436,0.16420658451973885,67,0.392414391040802,3
0.8586269520145287,0.8946089739157175,0.8302872062663186,0.7901533494753834,0.8302872062663186,0.8302872062663186,0.1491918633140228,68,0.40306758880615234,3
0.8562367864693445,0.8907711739548169,0.8302872062663186,0.7901533494753834,0.8302872062663186,0.8302872062663186,0.14904671101582995,69,0.3850380480289459,3
0.853992901263531,0.8861142098731556,0.8400503778337531,0.7949959644874899,0.8114355231143552,0.8707571801566579,0.15101005761748432,70,0.38295450806617737,3
0.8474323660430891,0.8756073489970067,0.8411801632140615,0.7958030669895076,0.8101571946795647,0.8746736292428199,0.15714597447335543,71,0.37309229373931885,3
0.8592838335384938,0.8957058187677318,0.8385826771653543,0.801452784503632,0.8430079155672823,0.8342036553524804,0.15115968048671358,72,0.37159740924835205,3
0.8518718363426603,0.8868296340566066,0.8354430379746836,0.7901533494753834,0.8108108108108109,0.8616187989556136,0.1536565348951708,73,0.3694083094596863,3
0.8627890416705766,0.8974455705013207,0.8399222294232016,0.8006456820016142,0.833976833976834,0.8459530026109661,0.1467605789988092,74,0.3698699474334717,3
0.8586407520465447,0.8897747069004805,0.8395378690629012,0.7982243744955609,0.8257575757575758,0.8537859007832899,0.14969419387232236,75,0.3494137227535248,3
0.8610502376365513,0.8927962270002379,0.8517587939698492,0.8095238095238095,0.8208232445520581,0.8851174934725848,0.14849078130146107,76,0.36625275015830994,3
0.8620327999160958,0.8973153530301885,0.8421052631578947,0.7990314769975787,0.8187422934648582,0.8668407310704961,0.1474573309890355,77,0.3427314758300781,3
0.8702134588952246,0.909278156499068,0.8293677770224337,0.7974172719935432,0.8652482269503546,0.7963446475195822,0.15086445394478437,78,0.35331472754478455,3
0.8624468008765781,0.8968785394197133,0.841168996188056,0.7982243744955609,0.8193069306930693,0.8642297650130548,0.15096991852188607,79,0.3530941903591156,3
0.8558779856369266,0.8868814765619872,0.8395820528580209,0.7893462469733656,0.7932636469221835,0.891644908616188,0.1583271738012876,80,0.33746573328971863,3
0.8643953653972477,0.9022253310597071,0.8281879194630872,0.7933817594834544,0.8522099447513812,0.8054830287206266,0.15022250293415473,81,0.34757480025291443,3
0.8621459601786277,0.8991621512065091,0.8341105929380414,0.7990314769975787,0.8517006802721089,0.8172323759791122,0.14973883672744506,82,0.3368244469165802,3
0.8579838705225796,0.8884999811668151,0.8437697659709045,0.8006456820016142,0.8184049079754602,0.8707571801566579,0.15052166860625116,83,0.33097901940345764,3
0.8623584806716752,0.8935781038362218,0.8442466624284806,0.8022598870056498,0.8228004956629492,0.8668407310704961,0.14919028416007316,84,0.30761969089508057,3
0.8655242080161626,0.8980760190376211,0.8421733505821475,0.8030669895076675,0.8346153846153846,0.8498694516971279,0.14703973556771513,85,0.30632007122039795,3
0.8575201894468395,0.8890381130349085,0.8396166134185303,0.7974172719935432,0.8222778473091364,0.8577023498694517,0.15143516734109275,86,0.3020128309726715,3
0.8654897079361223,0.9003872621421182,0.8474358974358974,0.807909604519774,0.8324937027707808,0.8629242819843342,0.14897360304582868,87,0.3176012337207794,3
0.8662914897962561,0.9045070870442737,0.8431876606683805,0.8030669895076675,0.830379746835443,0.856396866840731,0.15417783295525403,88,0.29762905836105347,3
0.86434568528199,0.9032426758955001,0.842911877394636,0.801452784503632,0.825,0.8616187989556136,0.1553436286954581,89,0.29608047008514404,3
0.8662942498026596,0.9051423115792877,0.8411575562700965,0.8006456820016142,0.8288973384030418,0.8537859007832899,0.15095112770037436,90,0.2968541383743286,3
0.8627531615873348,0.8977277590604781,0.8411458333333334,0.8030669895076675,0.8389610389610389,0.8433420365535248,0.14786478752051146,91,0.2821063995361328,3
0.8623529606588687,0.8933631980111609,0.8484464172479391,0.8071025020177562,0.8249075215782984,0.8733681462140992,0.14933574110549958,92,0.2892492115497589,3
0.8678232933500406,0.9029196582888335,0.8451612903225807,0.8062953995157385,0.8354591836734694,0.8550913838120104,0.14786694756759028,93,0.2852412164211273,3
0.867976473705419,0.9037577515352047,0.8416988416988417,0.801452784503632,0.8299492385786802,0.8537859007832899,0.14857873442126204,94,0.2714498043060303,3
0.8660430892199671,0.902499050852395,0.8404118404118404,0.7998385794995965,0.8286802030456852,0.8524804177545692,0.14928279807589082,95,0.26472213864326477,3
0.8673071721526394,0.9041206751463206,0.8404669260700389,0.801452784503632,0.8350515463917526,0.8459530026109661,0.15107735536818503,96,0.26559922099113464,3
0.8623046605468124,0.8995491882535335,0.8436502871729419,0.8022598870056498,0.8252184769038702,0.8629242819843342,0.15696183271060665,97,0.25768882036209106,3
0.8624909609790296,0.9023618887347374,0.8349641226353555,0.7958030669895076,0.834419817470665,0.835509138381201,0.1582273783259611,98,0.25856339931488037,3
0.8648217863865444,0.9054538401091474,0.8333333333333334,0.7949959644874899,0.837730870712401,0.8289817232375979,0.15616403820347088,99,0.24840739369392395,3
0.8643236052307641,0.9023536654102782,0.8388746803069054,0.7966101694915254,0.8220551378446115,0.856396866840731,0.1544847563654532,100,0.24796351790428162,3
0.8658747288293708,0.9047452931530953,0.8428665351742275,0.8071025020177562,0.8490066225165563,0.8368146214099217,0.1521559043013327,101,0.24381029605865479,3
0.8642628850898935,0.9006525601545701,0.8438928804702809,0.8071025020177562,0.8444444444444444,0.8433420365535248,0.15167140950622546,102,0.23171904683113098,3
0.8584171915278844,0.8901745804501721,0.8401486988847584,0.7917675544794189,0.7995283018867925,0.8851174934725848,0.1590997564809476,103,0.24283170700073242,3
0.8637702239469196,0.9054225744012241,0.8297297297297297,0.7966101694915254,0.8599439775910365,0.8015665796344648,0.158606081121707,104,0.2393745332956314,3
0.8693219768269861,0.9104964187536828,0.8357615894039735,0.7998385794995965,0.8481182795698925,0.8237597911227154,0.1551200510286711,105,0.22753272950649261,3
0.8652495873790428,0.9038609185963453,0.8406695598264105,0.7925746569814366,0.8004722550177096,0.8851174934725848,0.16302815983472438,106,0.2369064837694168,3
0.8667634508912061,0.9092676346632886,0.8368700265251989,0.801452784503632,0.8504043126684636,0.8237597911227154,0.15694084879232653,107,0.2406708002090454,3
0.864725186162432,0.9091774542872599,0.8232081911262799,0.7909604519774012,0.8626609442060086,0.7872062663185379,0.16160786288588122,108,0.21950672566890717,3
0.8633658830088486,0.9045318459637006,0.8452685421994884,0.804681194511703,0.8283208020050126,0.8629242819843342,0.15650973064632184,109,0.22349096834659576,3
0.8648038463449237,0.9073742748317004,0.8403141361256544,0.8030669895076675,0.84251968503937,0.8381201044386423,0.15700377943428628,110,0.2228804975748062,3
0.8627862816641735,0.9079684988299709,0.8234501347708895,0.7885391444713479,0.850974930362117,0.7976501305483029,0.16159977082779226,111,0.21179236471652985,3
0.8644229654612798,0.9084140378101447,0.8305425318151373,0.7958030669895076,0.8528198074277854,0.8093994778067886,0.16022969221599823,112,0.21438995003700256,3
0.8693136968077766,0.9075590547295275,0.8417721518987342,0.7982243744955609,0.816953316953317,0.8681462140992167,0.16053415773120452,113,0.2073276937007904,3
0.8683200945026193,0.9059948892803302,0.840486867392697,0.7990314769975787,0.8251572327044026,0.856396866840731,0.1597012252404045,114,0.20831330120563507,3
0.8609398373804227,0.9046352129621973,0.825249169435216,0.7877320419693301,0.8403247631935047,0.8107049608355091,0.1641213785598826,115,0.2017391324043274,3
0.8550720637671879,0.9002147394733039,0.8252299605781866,0.7853107344632768,0.8306878306878307,0.8198433420365535,0.16437301042666017,116,0.1961594671010971,3
0.8586711121169801,0.9017176167841626,0.8318002628120894,0.7933817594834544,0.8373015873015873,0.8263707571801566,0.16174694616061808,117,0.19547364115715027,3
0.8600235152545553,0.9021683492235252,0.8305647840531561,0.7941888619854721,0.8457374830852503,0.8159268929503917,0.16213840529290788,118,0.1900409609079361,3
0.8582626311693042,0.8991793025712707,0.8263473053892215,0.7893462469733656,0.8426051560379919,0.8107049608355091,0.161887177200786,119,0.18106964230537415,3
0.8531814593809858,0.8920538791343511,0.8281653746770026,0.7853107344632768,0.819693094629156,0.8368146214099217,0.16518209746656637,120,0.18589259684085846,3
0.8550154836359221,0.8915184318463306,0.8324607329842932,0.7933817594834544,0.8346456692913385,0.8302872062663186,0.16512498537333475,121,0.18451455235481262,3
0.8569433481085676,0.8950329799882848,0.8276779773785762,0.7909604519774012,0.8439620081411127,0.8120104438642297,0.16768890173741388,122,0.17518781125545502,3
0.8507995738550114,0.8896097488665362,0.8346153846153846,0.7917675544794189,0.8198992443324937,0.8498694516971279,0.1678451496387146,123,0.18844787776470184,3
0.8474323660430891,0.8915402366723628,0.8266494178525227,0.7836965294592413,0.8192307692307692,0.8342036553524804,0.1698645494186241,124,0.18138697743415833,3
0.8584199515342876,0.8985777342048104,0.8369987063389392,0.7966101694915254,0.8294871794871795,0.8446475195822454,0.16708489672683288,125,0.1844913810491562,3
0.8541391816029013,0.8976718031875501,0.83203125,0.7917675544794189,0.8298701298701299,0.8342036553524804,0.17020104309799264,126,0.17473120987415314,3
0.8456742419642413,0.8942479639275243,0.8147651006711409,0.7772397094430993,0.8383977900552486,0.7924281984334204,0.17559334956922618,127,0.16944383084774017,3
0.8448020799408253,0.8923528194623289,0.8264571054354944,0.7861178369652946,0.8291721419185283,0.8237597911227154,0.17189895626165635,128,0.1615385264158249,3
0.8532766796018967,0.895223128634097,0.8392857142857143,0.7966101694915254,0.8204488778054863,0.8590078328981723,0.16715960975915753,129,0.16306975483894348,3
0.8566218073625931,0.8994202781472213,0.8311345646437994,0.7933817594834544,0.84,0.8224543080939948,0.16733798196037156,130,0.15404334664344788,3
0.8559607858290232,0.8988603008665272,0.8277227722772277,0.7893462469733656,0.8371161548731643,0.8185378590078329,0.1703700486768084,131,0.15319420397281647,3
0.8512204748315015,0.8917797558475388,0.8378893833439288,0.7941888619854721,0.8166047087980174,0.860313315926893,0.17237499927306457,132,0.15492604672908783,3
0.8417991929741276,0.8867100615908349,0.8210800260247235,0.778046811945117,0.8184176394293126,0.8237597911227154,0.17819706371269978,133,0.15415248274803162,3
0.8448710801009058,0.8942585394083438,0.8041379310344827,0.7707828894269573,0.8523391812865497,0.7610966057441253,0.18520765329268435,134,0.14948084950447083,3
0.8513529551388559,0.8968388800143331,0.8252933507170795,0.7836965294592413,0.82421875,0.8263707571801566,0.17455398804499203,135,0.1525857001543045,3
0.8541143415452723,0.8976180581818047,0.8337595907928389,0.7901533494753834,0.8170426065162907,0.8511749347258486,0.17287959687082635,136,0.1526746302843094,3
0.8520194966852324,0.897210653298014,0.8302631578947368,0.7917675544794189,0.8368700265251989,0.8237597911227154,0.17266365101408765,137,0.14498157799243927,3
0.8526680981899878,0.8967179653201109,0.8171466845277964,0.7796610169491526,0.8390646492434664,0.7963446475195822,0.1763550844561333,138,0.14311133325099945,3
0.8532863396243078,0.8930907476788741,0.8356867779204108,0.7933817594834544,0.821969696969697,0.8498694516971279,0.17264151853723547,139,0.13810746371746063,3
0.8521726770406106,0.8916253880770465,0.8340750158931977,0.7893462469733656,0.8128872366790583,0.856396866840731,0.1742559782210574,140,0.1324608325958252,3
0.49313958962146587,0.6144920317153749,0.7665505226480837,0.6214689265536724,0.6214689265536724,1.0,0.2776541602515971,0,0.7309334874153137,4
0.5262633954531609,0.6216634566769628,0.7665505226480837,0.6214689265536724,0.6214689265536724,1.0,0.23521451610058203,1,0.7935521006584167,4
0.5866737739872069,0.6700756180327548,0.7662337662337663,0.6222760290556901,0.622564935064935,0.9961038961038962,0.24606362050040106,2,0.6749681234359741,4
0.6086630853155373,0.6957742606094537,0.7665505226480837,0.6214689265536724,0.6214689265536724,1.0,0.24121046513824693,3,0.6865431666374207,4
0.6112577188270153,0.6995944237195301,0.7665505226480837,0.6214689265536724,0.6214689265536724,1.0,0.23488435563311771,4,0.680802583694458,4
0.6045869908343257,0.6991478060338174,0.7665505226480837,0.6214689265536724,0.6214689265536724,1.0,0.23339501568453566,5,0.6722710728645325,4
0.600839033035195,0.7054209879046779,0.7665505226480837,0.6214689265536724,0.6214689265536724,1.0,0.23400882569633746,6,0.670172929763794,4
0.6002132196162047,0.7098978096744066,0.7665505226480837,0.6214689265536724,0.6214689265536724,1.0,0.233724013427132,7,0.6737249493598938,4
0.6018234430814388,0.7135928251733323,0.7665505226480837,0.6214689265536724,0.6214689265536724,1.0,0.2328312397588006,8,0.6682388186454773,4
0.5987040677872235,0.7155737383450647,0.7665505226480837,0.6214689265536724,0.6214689265536724,1.0,0.23242396688681957,9,0.6659679412841797,4
0.6018289812532883,0.7203718932673459,0.7665505226480837,0.6214689265536724,0.6214689265536724,1.0,0.23259873324468044,10,0.6645784378051758,4
0.6112867942292248,0.7287010988801578,0.7659362549800797,0.6206618240516546,0.6211631663974152,0.9987012987012988,0.2325440011602126,11,0.662043571472168,4
0.621144740121286,0.7379386920278544,0.7653213751868461,0.6198547215496368,0.6208569118835894,0.9974025974025974,0.2317626541577453,12,0.6607546806335449,4
0.6286434248054718,0.7434634999017845,0.7650872817955112,0.6198547215496368,0.6210526315789474,0.9961038961038962,0.23052733403516612,13,0.6565764546394348,4
0.6333577935923351,0.7460100667765244,0.7650872817955112,0.6198547215496368,0.6210526315789474,0.9961038961038962,0.229620953365926,14,0.6547117233276367,4
0.6355827541328607,0.7464783738510867,0.7654690618762475,0.6206618240516546,0.6215559157212318,0.9961038961038962,0.22937600870924116,15,0.6534389853477478,4
0.6372442056877026,0.7472276237502649,0.7656171914042978,0.6214689265536724,0.6222583265637693,0.9948051948051948,0.22895806902603466,16,0.6503002047538757,4
0.6374186581009609,0.7476664151036656,0.7594023699124163,0.6230831315577078,0.6293766011955594,0.9571428571428572,0.2277143954754213,17,0.6496967673301697,4
0.6403206601500845,0.7497781929375756,0.7368983957219252,0.6029055690072639,0.6263636363636363,0.8948051948051948,0.2264087777967551,18,0.6445222496986389,4
0.6435466452524021,0.7524661410369469,0.7077280650784428,0.5940274414850686,0.6403785488958991,0.7909090909090909,0.225967182950544,19,0.6400572061538696,4
0.6454490072826959,0.7530797853873681,0.7069767441860465,0.5932203389830508,0.64,0.7896103896103897,0.22597874009314328,20,0.6383394002914429,4
0.6457259158751696,0.7520765034913283,0.7073880162885399,0.5940274414850686,0.6406743940990516,0.7896103896103897,0.2260395847401448,21,0.6401901841163635,4
0.6479605682164318,0.7529035472080167,0.7086247086247086,0.5964487489911219,0.642706131078224,0.7896103896103897,0.22615181247436275,22,0.6323524117469788,4
0.65175975410517,0.7550730816440818,0.71875,0.6077481840193705,0.6482254697286013,0.8064935064935065,0.22447165312342027,23,0.6344595551490784,4
0.6557721596101127,0.7574006788031902,0.7222870478413069,0.615819209039548,0.6557203389830508,0.8038961038961039,0.22150303197242754,24,0.6276178359985352,4
0.6621244427214577,0.7601331447569439,0.7103825136612022,0.6150121065375302,0.6670467502850627,0.7597402597402597,0.21867684191149606,25,0.628391683101654,4
0.6715559493811093,0.7637722264781515,0.7374036751630113,0.642453591606134,0.678298800436205,0.8077922077922078,0.21617832393845748,26,0.6286984086036682,4
0.6804834824024589,0.7678214450884178,0.7739801543550165,0.6690879741727199,0.6724137931034483,0.9116883116883117,0.21438337379666925,27,0.6209915280342102,4
0.6896851549303575,0.7728646626291634,0.7782561894510226,0.6674737691686844,0.6645220588235294,0.938961038961039,0.21295309576849783,28,0.6192930936813354,4
0.6998560075319137,0.7805871768567947,0.7769703745108999,0.6779661016949152,0.6820412168792934,0.9025974025974026,0.2093790000834819,29,0.615656852722168,4
0.7085481682496608,0.7891843388929436,0.7668819729888432,0.6795803066989508,0.69989281886388,0.8480519480519481,0.2065646701161423,30,0.6081879138946533,4
0.7152244344141998,0.7934830928336589,0.7831392124237382,0.6844229217110573,0.6834462729912875,0.9168831168831169,0.20571065272376027,31,0.6066915392875671,4
0.716946805859386,0.7934161502292585,0.7686790197250448,0.6876513317191283,0.7120708748615725,0.8350649350649351,0.20253956177267846,32,0.5918389558792114,4
0.7230083349486334,0.7943509566946153,0.7902600996126176,0.6941081517352704,0.6885245901639344,0.9272727272727272,0.20509361716368202,33,0.5867590308189392,4
0.7121978234984632,0.7882892254000984,0.7105263157894737,0.6626311541565779,0.7611275964391692,0.6662337662337663,0.21208771913822436,34,0.5861411094665527,4
0.7327915155207266,0.794128380011962,0.7953667953667953,0.7005649717514124,0.6912751677852349,0.9363636363636364,0.20302403656809706,35,0.5896573066711426,4
0.7367291557057015,0.7977963715972602,0.7986230636833046,0.7167070217917676,0.7153134635149023,0.9038961038961039,0.19684851122548247,36,0.5771788954734802,4
0.7319524824855315,0.7981240242071225,0.7302013422818792,0.6755447941888619,0.7555555555555555,0.7064935064935065,0.20155535417635864,37,0.5631747245788574,4
0.7491401988203694,0.8109592172463227,0.7943094250148192,0.7199354317998385,0.7306434023991276,0.8701298701298701,0.1911625057823457,38,0.5687891244888306,4
0.7535430454406999,0.8108909771846635,0.7993402968664101,0.705407586763519,0.6930409914204004,0.9441558441558442,0.19973453047181702,39,0.5458321571350098,4
0.7658903995790989,0.8197080627751956,0.8009592326139089,0.7320419693301049,0.7438752783964365,0.8675324675324675,0.18455850474747576,40,0.5559292435646057,4
0.7708110652673552,0.8239855711141781,0.7780678851174935,0.7255851493139629,0.7821522309711286,0.7740259740259741,0.18551699271317365,41,0.5342731475830078,4
0.7756098911749232,0.8307542005179337,0.8097447795823666,0.735270379338176,0.7316561844863732,0.9064935064935065,0.18489273234007875,42,0.5387097001075745,4
0.7792013956193061,0.8315129509203876,0.8082191780821918,0.7288135593220338,0.7209775967413442,0.9194805194805195,0.18683601685174936,43,0.530211865901947,4
0.7833356409049372,0.8339303690150228,0.8099378881987578,0.7530266343825666,0.7761904761904762,0.8467532467532467,0.17799839672694887,44,0.5269970297813416,4
0.7882009248746987,0.8387034931344239,0.8130081300813008,0.7586763518966909,0.7840772014475271,0.8441558441558441,0.17612334894736711,45,0.5209829211235046,4
0.7917702766316839,0.84102646132874,0.8151116199198626,0.7393058918482648,0.7287615148413511,0.9246753246753247,0.182969549611926,46,0.5066877603530884,4
0.7939550854263008,0.841125073923304,0.827710843373494,0.7691686844229217,0.7719101123595505,0.8922077922077922,0.17413731606902688,47,0.5089190006256104,4
0.7868219200841803,0.8363886463220095,0.8050793650793651,0.7522195318805488,0.7875776397515528,0.8233766233766234,0.17751163355746524,48,0.49596500396728516,4
0.8030404563453606,0.8489544987829599,0.8232558139534883,0.7546408393866021,0.7452631578947368,0.9194805194805195,0.17534022531819238,49,0.5060954689979553,4
0.8052114197103536,0.8520901677682963,0.8282710280373832,0.7627118644067796,0.7526539278131635,0.9207792207792208,0.1742557232523526,50,0.4958295524120331,4
0.8007116550826572,0.8472285421617556,0.8185812931575643,0.7667473769168685,0.7922235722964763,0.8467532467532467,0.17106971864580878,51,0.4876364469528198,4
0.803893334810179,0.8478854242344351,0.8323207776427703,0.7772397094430993,0.7819634703196348,0.8896103896103896,0.16926585567610664,52,0.48386824131011963,4
0.8099880929305237,0.8542727484791672,0.8277066356228172,0.7610976594027441,0.75,0.9233766233766234,0.1725361765419327,53,0.4684462547302246,4
0.8146678481433278,0.8599854353827244,0.8244084682440846,0.7723970944309927,0.7918660287081339,0.8597402597402597,0.1653103973634473,54,0.4807113707065582,4
0.8155871846703403,0.8617665336681118,0.8190356919223544,0.7667473769168685,0.7908101571946796,0.8493506493506493,0.16504843803882427,55,0.4713182747364044,4
0.8143577105197572,0.860076376050765,0.8304784406379209,0.768361581920904,0.761646803900325,0.912987012987013,0.16862878481407403,56,0.4627826511859894,4
0.8143452496330961,0.8628431490888788,0.8286384976525821,0.7643260694108152,0.7558886509635975,0.9168831168831169,0.1696310442651678,57,0.4604921042919159,4
0.8125868800708886,0.8657404151604526,0.8136020151133502,0.7610976594027441,0.7897310513447433,0.8389610389610389,0.1676155288181537,58,0.45889946818351746,4
0.8015313045163792,0.8610063373070598,0.8140877598152425,0.7401129943502824,0.7328482328482329,0.9155844155844156,0.18721995109787362,59,0.46019601821899414,4
0.8123168941932268,0.86690883725369,0.8145859085290482,0.7578692493946732,0.777122641509434,0.8558441558441559,0.1686771088547546,60,0.46746984124183655,4
0.8118129205549248,0.8656998526997122,0.8165534280420013,0.7602905569007264,0.7785630153121319,0.8584415584415584,0.16864351600387623,61,0.4488275349140167,4
0.8166449754935896,0.8701937156610928,0.8182336182336183,0.7425343018563357,0.7289340101522843,0.9324675324675324,0.18182893665514083,62,0.4526638090610504,4
0.8176861518012903,0.8742458295439136,0.8176328502415459,0.7562550443906376,0.7641083521444695,0.8792207792207792,0.1683991620460493,63,0.44924136996269226,4
0.8245147176916899,0.8789026483607938,0.8056265984654731,0.7546408393866021,0.7934508816120907,0.8181818181818182,0.16329514941594184,64,0.42870888113975525,4
0.8237809099216349,0.8767586329005174,0.8222748815165877,0.7578692493946732,0.7559912854030502,0.9012987012987013,0.16817211735885748,65,0.4321967661380768,4
0.8228726497383214,0.8742518011486473,0.8200692041522492,0.7481840193704601,0.7375518672199171,0.9233766233766234,0.17882312409867326,66,0.4234260320663452,4
0.8232492454240856,0.8762829455964487,0.8203556100551809,0.7635189669087974,0.7770034843205574,0.8688311688311688,0.16700269173288973,67,0.4268297553062439,4
0.827527483177803,0.8811131642859726,0.8131313131313131,0.7610976594027441,0.7911547911547911,0.8363636363636363,0.16358567596178641,68,0.4136766493320465,4
0.8213994960263618,0.8775276628523463,0.8188976377952756,0.7586763518966909,0.7673098751418842,0.8779220779220779,0.17228324760823188,69,0.4134334623813629,4
0.8291473984437737,0.8817139499008115,0.8186335403726708,0.7643260694108152,0.7845238095238095,0.8558441558441559,0.16432239447273098,70,0.41463348269462585,4
0.8284468197048156,0.8811509731817964,0.823672971323978,0.7667473769168685,0.7767548906789413,0.8766233766233766,0.16657068652757112,71,0.403747022151947,4
0.8197781962174286,0.876517505046355,0.8166172106824926,0.7506053268765133,0.7519125683060109,0.8935064935064935,0.17825055446583282,72,0.3889367878437042,4
0.8293633871459031,0.88562366269509,0.81411468178954,0.7619047619047619,0.7906976744186046,0.8389610389610389,0.16483859530125994,73,0.3962705433368683,4
0.828956331514967,0.8859483244041055,0.8137676705593117,0.7554479418886199,0.7724620770128354,0.8597402597402597,0.16692488924098928,74,0.3870086073875427,4
0.8288760280231495,0.885143166929093,0.8147699757869249,0.7530266343825666,0.7630385487528345,0.874025974025974,0.1713741205600539,75,0.3833044469356537,4
0.8284135906737187,0.8853515077104255,0.8120024494794856,0.7522195318805488,0.7682502896871379,0.861038961038961,0.1692833787192777,76,0.38810521364212036,4
0.8341926729986431,0.8882823986768569,0.8211284513805522,0.7594834543987087,0.7633928571428571,0.8883116883116883,0.16896806944288478,77,0.3714675307273865,4
0.8347104920665689,0.88905232413447,0.8210140500916311,0.7635189669087974,0.7750865051903114,0.8727272727272727,0.16725800476856956,78,0.3679530918598175,4
0.8094315066596517,0.8700097151454449,0.8071641791044776,0.7393058918482648,0.7469613259668508,0.8779220779220779,0.19429519161461067,79,0.38065898418426514,4
0.8337413119929111,0.8907806299908629,0.8015564202334631,0.7530266343825666,0.8005181347150259,0.8025974025974026,0.16507826725582797,80,0.39060190320014954,4
0.8203555506327361,0.8753899601327753,0.813325674899483,0.7376916868442293,0.729145211122554,0.9194805194805195,0.1952072714980177,81,0.36884891986846924,4
0.8337413119929111,0.8870637931447185,0.8196517412935324,0.7659402744148507,0.7863961813842482,0.8558441558441559,0.16759415973753689,82,0.38968074321746826,4
0.8142081798798215,0.8762576617309028,0.8032479700187383,0.7457627118644068,0.7737665463297232,0.8350649350649351,0.18194529558062902,83,0.35638871788978577,4
0.8223132943815246,0.8803004902431767,0.818070818070818,0.7594834543987087,0.771889400921659,0.8701298701298701,0.17647629742005413,84,0.36706337332725525,4
0.8374020435854124,0.8895278838306471,0.8175716900549115,0.7586763518966909,0.7710011507479861,0.8701298701298701,0.1667907394404649,85,0.3536945581436157,4
0.8326198321933929,0.8877725488908189,0.8170660432495617,0.7473769168684423,0.742826780021254,0.9077922077922078,0.17934541213643088,86,0.3377071022987366,4
0.8361587240052059,0.8931406617036425,0.8134969325153374,0.7546408393866021,0.7709302325581395,0.861038961038961,0.1692999412277733,87,0.3583667576313019,4
0.8266081466507905,0.8845718016812256,0.815365551425031,0.7594834543987087,0.7796208530805687,0.8545454545454545,0.17464183966676605,88,0.3390481472015381,4
0.8198515769944341,0.8791574938476632,0.8193939393939393,0.7594834543987087,0.7681818181818182,0.8779220779220779,0.18577283433052122,89,0.33735278248786926,4
0.8420762606263672,0.8960746768430603,0.8247549019607843,0.7691686844229217,0.7807424593967517,0.874025974025974,0.166282228172238,90,0.3371502161026001,4
0.842812837482347,0.8974944594259291,0.8262176788935659,0.7667473769168685,0.7693169092945129,0.8922077922077922,0.17195973912818582,91,0.3273918032646179,4
0.8414227563481296,0.89504429769615,0.829736211031175,0.7707828894269573,0.7706013363028953,0.8987012987012987,0.1699483615117934,92,0.3214397132396698,4
0.8397613047932877,0.8948470626216494,0.8205787781350482,0.774818401937046,0.8127388535031848,0.8285714285714286,0.16285792727037846,93,0.31861138343811035,4
0.8413286074266884,0.8928637350684918,0.8272946859903382,0.7691686844229217,0.7731376975169301,0.8896103896103896,0.16935533608023084,94,0.3187306821346283,4
0.845606845180406,0.8965812458576216,0.8261904761904761,0.7643260694108152,0.7626373626373626,0.9012987012987013,0.17505100868501114,95,0.3059422969818115,4
0.8430786697311217,0.8967384963063969,0.8306351183063512,0.7804681194511703,0.7978468899521531,0.8662337662337662,0.16707307181258726,96,0.310978502035141,4
0.8326475230526403,0.8881687835592411,0.8253968253968254,0.7691686844229217,0.7788018433179723,0.8779220779220779,0.1736584772641381,97,0.3079455494880676,4
0.8249854622988951,0.8824906546447355,0.8181818181818182,0.7578692493946732,0.7670454545454546,0.8766233766233766,0.18295593257075235,98,0.29458099603652954,4
0.842918062747487,0.8983612796885723,0.8268156424581006,0.774818401937046,0.7919143876337693,0.8649350649350649,0.16685104887664784,99,0.29942893981933594,4
0.8434968017057569,0.8991216762720928,0.8228228228228228,0.7619047619047619,0.7653631284916201,0.8896103896103896,0.17753877000546983,100,0.28241899609565735,4
0.8386425940796942,0.8945314780120459,0.8212389380530973,0.7554479418886199,0.7524324324324324,0.9038961038961039,0.1839328851054518,101,0.2843569815158844,4
0.8338354609143521,0.8925077075733516,0.8148148148148148,0.7659402744148507,0.8015075376884422,0.8285714285714286,0.17121521147737395,102,0.28972527384757996,4
0.8295461468169358,0.884798799068091,0.8173488087965791,0.7586763518966909,0.7716262975778547,0.8688311688311688,0.1801232232973,103,0.2895604968070984,4
0.8361614930911306,0.8854056818465725,0.8153846153846154,0.7481840193704601,0.7489130434782608,0.8948051948051948,0.18699175458674458,104,0.27760228514671326,4
0.8405269570514773,0.8933888938800534,0.8207604103802052,0.7602905569007264,0.7666290868094702,0.8831168831168831,0.1792716809538827,105,0.27017781138420105,4
0.839013651593609,0.8923137791532262,0.8242498469075321,0.768361581920904,0.779837775202781,0.874025974025974,0.17582256916087277,106,0.267647385597229,4
0.8353778417744303,0.8920405391240391,0.8230143839899937,0.7715899919289749,0.7937273823884198,0.8545454545454545,0.1735042840111534,107,0.26444384455680847,4
0.8291640129593223,0.8859238595697992,0.8196923076923077,0.7635189669087974,0.7789473684210526,0.8649350649350649,0.1784600830449347,108,0.26145368814468384,4
0.8368786863456372,0.89512355658132,0.8119821542383684,0.7619047619047619,0.7972465581977471,0.8272727272727273,0.17440810678782462,109,0.2657182812690735,4
0.8380084734029297,0.8859052116670425,0.8171912832929782,0.7562550443906376,0.7653061224489796,0.8766233766233766,0.18287034250675754,110,0.2531082332134247,4
0.8395453160911582,0.8863259348993401,0.8191167574107683,0.7586763518966909,0.766704416761042,0.8792207792207792,0.18341967291056047,111,0.2556332051753998,4
0.8371472876803367,0.888904213314412,0.8213627992633518,0.7651331719128329,0.7788125727590222,0.8688311688311688,0.17949676995193292,112,0.24573062360286713,4
0.8344751197629663,0.8914884515559598,0.8143036386449184,0.7610976594027441,0.787621359223301,0.8428571428571429,0.17783334280068078,113,0.2357843816280365,4
0.8323595381164677,0.8903692195145119,0.8189655172413793,0.7627118644067796,0.7786885245901639,0.8636363636363636,0.18240851396659874,114,0.2301982045173645,4
0.8422174840085287,0.8985945102192928,0.8146811070998796,0.751412429378531,0.7589686098654709,0.8792207792207792,0.18717031370904424,115,0.2355663776397705,4
0.8432115858555091,0.8986156663761765,0.821078431372549,0.7643260694108152,0.777262180974478,0.8701298701298701,0.17928046325455999,116,0.22854869067668915,4
0.8358984299282808,0.8900157609497559,0.816953316953317,0.7594834543987087,0.7750582750582751,0.8636363636363636,0.18313278527527,117,0.21723228693008423,4
0.8377191039237948,0.8943345361974899,0.8190356919223544,0.7667473769168685,0.7908101571946796,0.8493506493506493,0.1800103673705795,118,0.21483194828033447,4
0.8379212471963003,0.8970181914702988,0.8141702921068987,0.7586763518966909,0.7806912991656734,0.8506493506493507,0.1848386368694399,119,0.20604388415813446,4
0.8377647938415529,0.8935570113498338,0.8132271892222903,0.7538337368845843,0.7694090382387022,0.8623376623376623,0.18787026907706217,120,0.2179524153470993,4
0.838709052141888,0.89289321831441,0.8181818181818182,0.7610976594027441,0.7762237762237763,0.8649350649350649,0.1859277129343782,121,0.210008442401886,4
0.8406058760003323,0.8957525302184437,0.8187422934648582,0.7627118644067796,0.7793427230046949,0.8623376623376623,0.1856347940543716,122,0.20843563973903656,4
0.8385761360175006,0.8943782385555769,0.8148148148148148,0.7538337368845843,0.7651083238312428,0.8714285714285714,0.19229264021297912,123,0.20397348701953888,4
0.8350178606042146,0.8949017135565808,0.8130081300813008,0.7586763518966909,0.7840772014475271,0.8441558441558441,0.18685885691008663,124,0.199696883559227,4
0.8312989782072938,0.8930421349572393,0.8076190476190476,0.7554479418886199,0.7900621118012422,0.825974025974026,0.18693223616895716,125,0.19686922430992126,4
0.8373078946639714,0.8954056571556871,0.8167164179104478,0.7522195318805488,0.7558011049723757,0.8883116883116883,0.1972013707006198,126,0.19939997792243958,4
0.8436518705175421,0.9024058678671942,0.8226691042047533,0.7651331719128329,0.7749712973593571,0.8766233766233766,0.19254494543145037,127,0.20217077434062958,4
0.8440063135159084,0.9006053926325979,0.8196319018404908,0.7627118644067796,0.7767441860465116,0.8675324675324675,0.18571170598242903,128,0.1855466216802597,4
0.8307340846786475,0.8889025825648357,0.818237831176833,0.7619047619047619,0.7784290738569754,0.8623376623376623,0.187638127074631,129,0.1922304481267929,4
0.8358015119209148,0.8949683715959582,0.8140262993112085,0.7602905569007264,0.7859733978234583,0.8441558441558441,0.18503020238479226,130,0.18924713134765625,4
0.8459169828039763,0.9053510568475895,0.8195488721804511,0.7675544794188862,0.7917675544794189,0.8493506493506493,0.18199712949944197,131,0.17817527055740356,4
0.8495126408772465,0.9060499762819609,0.8208864602307225,0.7619047619047619,0.7708095781071835,0.8779220779220779,0.18884268185676742,132,0.17757605016231537,4
0.8422230221803784,0.8962729856142264,0.8220024721878862,0.7675544794188862,0.7841981132075472,0.8636363636363636,0.1849782046436388,133,0.1749117076396942,4
0.8442306094758121,0.8995865721655962,0.804476629361422,0.7602905569007264,0.8157543391188251,0.7935064935064935,0.1856603301858715,134,0.17485003173351288,4
0.846803090299892,0.9016731005796957,0.8184693232131562,0.768361581920904,0.7977805178791615,0.8402597402597403,0.1850349747447452,135,0.17707204818725586,4
0.8491540442499931,0.9035331186429545,0.8212255211623499,0.7715899919289749,0.7995079950799509,0.8441558441558441,0.18140142076589946,136,0.17047923803329468,4
0.8467255558939994,0.9011783681155585,0.8229426433915212,0.7707828894269573,0.7913669064748201,0.8571428571428571,0.1835240007312822,137,0.1617632657289505,4
0.8398499155428792,0.8939347373095337,0.8225806451612904,0.7691686844229217,0.7874109263657957,0.861038961038961,0.18872219335032095,138,0.15999874472618103,4
0.8419184227286572,0.8977761863894409,0.8202880400751409,0.768361581920904,0.7920193470374849,0.8506493506493507,0.1877292560602634,139,0.1564507931470871,4
0.8418990391271841,0.896382305712281,0.823238566131026,0.7691686844229217,0.785377358490566,0.8649350649350649,0.19017491043838314,140,0.14836446940898895,4
0.841285686594855,0.8942627762653457,0.8236017209588199,0.768361581920904,0.7817969661610268,0.8701298701298701,0.18943603556879707,141,0.14725346863269806,4
0.843500955334644,0.8987497603632855,0.8209331651954602,0.7707828894269573,0.7977941176470589,0.8454545454545455,0.18810505661884527,142,0.1449342519044876,4
0.8442181485891507,0.8990991251664918,0.818407960199005,0.7643260694108152,0.7852028639618138,0.8545454545454545,0.1923307552607169,143,0.1447872519493103,4
0.8426162323816908,0.8952909409555008,0.8228228228228228,0.7619047619047619,0.7653631284916201,0.8896103896103896,0.19790095364226123,144,0.14103475213050842,4
0.8394373217400937,0.8971904095982053,0.8115384615384615,0.7627118644067796,0.8012658227848102,0.8220779220779221,0.19217276094162222,145,0.1563558131456375,4
0.8371182122781271,0.8891465345158647,0.8240963855421687,0.7643260694108152,0.7685393258426966,0.8883116883116883,0.19401902050879508,146,0.16080598533153534,4
0.8468667792761609,0.8992046820453449,0.8297742525930445,0.774818401937046,0.7825086306098964,0.8831168831168831,0.18763003330476635,147,0.15276262164115906,4
0.8512779331542658,0.9064435587205937,0.8249221183800624,0.7732041969330105,0.792814371257485,0.8597402597402597,0.1850213250606507,148,0.13521069288253784,4
0.849439260100241,0.9038694825537634,0.8217948717948718,0.7756255044390638,0.8113924050632911,0.8324675324675325,0.18433538027206417,149,0.1326717883348465,4
0.846220197712735,0.8984541386439662,0.826486817903127,0.7715899919289749,0.7828106852497096,0.8753246753246753,0.1896680337745764,150,0.1441308856010437,4
0.8446708941378451,0.9017294427127538,0.8216482164821648,0.7659402744148507,0.780373831775701,0.8675324675324675,0.19579158215253198,151,0.14081212878227234,4
0.8447207376844903,0.9031943138998244,0.8246268656716418,0.7723970944309927,0.7911694510739857,0.861038961038961,0.1951455735734059,152,0.1348809450864792,4
0.8443178356824411,0.8982951860686039,0.8214731585518102,0.7691686844229217,0.7908653846153846,0.8545454545454545,0.1900561256479857,153,0.1308688372373581,4
0.8368676100019383,0.8910686661056536,0.8134328358208955,0.7578692493946732,0.7804295942720764,0.8493506493506493,0.1956537796063028,154,0.1267319917678833,4
0.8453105529864593,0.9019050727676565,0.81686595342983,0.7651331719128329,0.7924297924297924,0.8428571428571429,0.18953515512021274,155,0.13139265775680542,4
0.8475202835543987,0.9054573518122693,0.8180677540777918,0.7659402744148507,0.7912621359223301,0.8467532467532467,0.19019788172964955,156,0.11880654841661453,4
0.8490183590396809,0.9056072498437602,0.8241758241758241,0.7675544794188862,0.7776497695852534,0.8766233766233766,0.19199385703143718,157,0.12876489758491516,4
0.8485088472295296,0.9033207996939592,0.8250904704463209,0.7659402744148507,0.7702702702702703,0.8883116883116883,0.19613183162540024,158,0.11628753691911697,4
0.8524547946722787,0.9094371730966362,0.8135376756066411,0.7643260694108152,0.800251256281407,0.8272727272727273,0.18780367399901382,159,0.12196626514196396,4
0.8544180765929166,0.9116616466436307,0.8193832599118943,0.768361581920904,0.7948717948717948,0.8454545454545455,0.18864871243736567,160,0.130783349275589,4
0.853742419627281,0.9078495132893587,0.8294478527607362,0.7756255044390638,0.786046511627907,0.8779220779220779,0.1859713445806241,161,0.12486705929040909,4
0.8468944701354084,0.9028564980376904,0.8268156424581006,0.774818401937046,0.7919143876337693,0.8649350649350649,0.18660826539252395,162,0.11328683793544769,4
0.852083737158364,0.9068947819468338,0.8281938325991189,0.7796610169491526,0.8034188034188035,0.8545454545454545,0.18272462141266194,163,0.1196005716919899,4
0.8563633594550438,0.9117540533121188,0.8300248138957816,0.7788539144471348,0.7945368171021377,0.8688311688311688,0.18926133975980547,164,0.11422719061374664,4
0.8589552238805971,0.9139144423048957,0.8275862068965517,0.7699757869249395,0.7746319365798414,0.8883116883116883,0.19580914656318318,165,0.11013879626989365,4
0.8434968017057569,0.8988014356512567,0.820923076923077,0.7651331719128329,0.7801169590643274,0.8662337662337662,0.19615517266905613,166,0.12788739800453186,4
0.837942015340736,0.8947509650160156,0.8165079365079365,0.7667473769168685,0.7987577639751553,0.8350649350649351,0.1951050366285795,167,0.11599928140640259,4
0.8414061418325809,0.9007605918536794,0.8124594419208306,0.7667473769168685,0.8119325551232166,0.812987012987013,0.19278631747035702,168,0.11456472426652908,4
0.8440146207736826,0.9030598596632071,0.8120300751879699,0.7578692493946732,0.784503631961259,0.8415584415584415,0.19730805670972137,169,0.11524690687656403,4
0.8467698612687952,0.9007709488787913,0.819377990430622,0.7562550443906376,0.7594235033259423,0.8896103896103896,0.2040908842687491,170,0.10255343466997147,4
0.8470536925760807,0.8993399486471384,0.8213851761846902,0.7627118644067796,0.771689497716895,0.8779220779220779,0.19706928863090706,171,0.10713860392570496,4
0.8463877274111815,0.900952680321974,0.8188679245283019,0.7675544794188862,0.7939024390243903,0.8454545454545455,0.19576190993078071,172,0.09602441638708115,4
0.8466729432614293,0.9018099562059151,0.8247809762202754,0.7740112994350282,0.7958937198067633,0.8558441558441559,0.1910528052981182,173,0.10791272670030594,4
0.8470536925760807,0.9013286061748088,0.8225,0.7707828894269573,0.7927710843373494,0.8545454545454545,0.1918553611335654,174,0.09664720296859741,4
0.8450834879406308,0.9004069223289383,0.8189873417721519,0.7691686844229217,0.7987654320987654,0.8402597402597403,0.19299362556517416,175,0.09255523234605789,4
0.8454766981419434,0.9023910432701272,0.811704834605598,0.7610976594027441,0.7955112219451371,0.8285714285714286,0.19369360698118954,176,0.09744086861610413,4
0.8456400742115029,0.902170766539468,0.8193069306930693,0.7643260694108152,0.7825059101654847,0.8597402597402597,0.19781916984191575,177,0.08526716381311417,4
0.8396588486140726,0.8959956926999728,0.8169364881693649,0.7627118644067796,0.784688995215311,0.8519480519480519,0.20054843675390607,178,0.08949467539787292,4
0.8376374158890151,0.8912945244063949,0.8171109733415995,0.7619047619047619,0.7817319098457889,0.8558441558441559,0.19859988019161415,179,0.09182537347078323,4
0.8403206601500843,0.8935286777604581,0.8222222222222222,0.7675544794188862,0.7835294117647059,0.8649350649350649,0.19458367110804506,180,0.08233233541250229,4
0.8442223022180377,0.8994995600503431,0.8241965973534972,0.774818401937046,0.8004895960832313,0.8493506493506493,0.19236321122686437,181,0.09263820946216583,4
0.8426577686705619,0.8969966135933661,0.8212255211623499,0.7715899919289749,0.7995079950799509,0.8441558441558441,0.1956597424715795,182,0.0828021764755249,4
0.8457452994766427,0.8998441464152627,0.8254568367989918,0.7764326069410815,0.8017135862913096,0.8506493506493507,0.19362187283671622,183,0.09161821752786636,4
0.8480602553097223,0.9007559234538507,0.8267667292057536,0.7764326069410815,0.7973462002412546,0.8584415584415584,0.18949561988236996,184,0.08768751472234726,4
0.8463032702904771,0.8975547937700619,0.8261405672009864,0.7723970944309927,0.7863849765258216,0.8701298701298701,0.19150603735982102,185,0.07785306870937347,4
0.8457536067344169,0.8985384907577968,0.8262792166771952,0.778046811945117,0.8044280442804428,0.8493506493506493,0.19174617435526137,186,0.08464905619621277,4
0.8462714258023427,0.8989874215441611,0.822139303482587,0.7691686844229217,0.788782816229117,0.8584415584415584,0.19546441344339396,187,0.07996580004692078,4
0.8527926231550966,0.9040993565106394,0.8270401948842875,0.7707828894269573,0.7786697247706422,0.8818181818181818,0.19244578969762663,188,0.07876354455947876,4
0.8522429595990364,0.9065196007845923,0.8271604938271605,0.7740112994350282,0.788235294117647,0.8701298701298701,0.19302086117639936,189,0.07703806459903717,4
0.8494364910143161,0.9062002572202628,0.8240563019833653,0.778046811945117,0.8121059268600253,0.8363636363636363,0.19192715298524599,190,0.07365594804286957,4
0.8432669675740037,0.9001408185727118,0.8195679796696315,0.7707828894269573,0.8022388059701493,0.8376623376623377,0.19768259178185063,191,0.07603973150253296,4
0.8425068534876636,0.8944303498753419,0.8237476808905381,0.7699757869249395,0.7863046044864227,0.8649350649350649,0.19803320889789186,192,0.07884412258863449,4
0.8505496635560601,0.900359250696753,0.8282703037817731,0.7764326069410815,0.7924080664294187,0.8675324675324675,0.1923066301024023,193,0.07011048495769501,4
0.8518732866280841,0.9036710208729708,0.8285714285714286,0.7772397094430993,0.794047619047619,0.8662337662337662,0.1922894460462766,194,0.06502021104097366,4
0.8495057181624346,0.9006204167938482,0.8275434243176178,0.7756255044390638,0.7921615201900237,0.8662337662337662,0.19225945628469168,195,0.06980574876070023,4
0.8461578932794286,0.8953035704961367,0.825925925925926,0.7723970944309927,0.7870588235294118,0.8688311688311688,0.1943979547914199,196,0.06640609353780746,4
0.8430025198681914,0.8917145154104448,0.8267326732673267,0.7740112994350282,0.789598108747045,0.8675324675324675,0.19657917687507862,197,0.06001649424433708,4
0.8438775510204082,0.893725976822051,0.8254950495049505,0.7723970944309927,0.7884160756501182,0.8662337662337662,0.19778885175737865,198,0.062378041446208954,4
0.8482582449533409,0.8984031473557208,0.8228004956629492,0.7691686844229217,0.7867298578199052,0.8623376623376623,0.19517623926278022,199,0.06689301133155823,4
