pair_id,group_id,enzyme_class,enz_ac,sub_ac,enz_gene,sub_gene,edge_label,fold,y_true,prob_gat
E3|A8MQ27|O00548,E3|A8MQ27,E3,A8MQ27,O00548,NEURL1B,DLL1,1,0,1.0,0.66187376
E3|A8MQ27|Q9NR61,E3|A8MQ27,E3,A8MQ27,Q9NR61,NEURL1B,DLL4,1,0,1.0,0.6614662
E3|A8MQ27|Q9NYJ7,E3|A8MQ27,E3,A8MQ27,Q9NYJ7,NEURL1B,DLL3,1,0,1.0,0.6636867
E3|A8MQ27|Q9UNE0,E3|A8MQ27,E3,A8MQ27,Q9UNE0,NEURL1B,EDAR,1,0,1.0,0.66373867
E3|O00308|O00308,E3|O00308,E3,O00308,O00308,WWP2,WWP2,1,0,1.0,0.6656367
E3|O00308|O15105,E3|O00308,E3,O00308,O15105,WWP2,SMAD7,1,0,1.0,0.6651152
E3|O00308|O15350,E3|O00308,E3,O00308,O15350,WWP2,TP73,1,0,1.0,0.6645762
E3|O00308|P11161,E3|O00308,E3,O00308,P11161,WWP2,EGR2,1,0,1.0,0.6614121
E3|O00308|P24928,E3|O00308,E3,O00308,P24928,WWP2,POLR2A,1,0,1.0,0.6645795
E3|O00308|P49281,E3|O00308,E3,O00308,P49281,WWP2,SLC11A2,1,0,1.0,0.6590559
E3|O00308|P60484,E3|O00308,E3,O00308,P60484,WWP2,PTEN,1,0,1.0,0.66245866
E3|O00308|P84022,E3|O00308,E3,O00308,P84022,WWP2,SMAD3,1,0,1.0,0.66451675
E3|O00308|Q01860,E3|O00308,E3,O00308,Q01860,WWP2,POU5F1,1,0,1.0,0.6644992
E3|O00308|Q13950,E3|O00308,E3,O00308,Q13950,WWP2,RUNX2,1,0,1.0,0.66336715
E3|O00308|Q8IUC6,E3|O00308,E3,O00308,Q8IUC6,WWP2,TICAM1,1,0,1.0,0.66177034
E3|O00308|Q9H074,E3|O00308,E3,O00308,Q9H074,WWP2,PAIP1,1,0,1.0,0.66425097
E3|O00308|Q9P2A4,E3|O00308,E3,O00308,Q9P2A4,WWP2,ABI3,1,0,1.0,0.6642291
E3|O00308|Q9UM47,E3|O00308,E3,O00308,Q9UM47,WWP2,NOTCH3,1,0,1.0,0.65804005
E3|O00308|Q9Y5R6,E3|O00308,E3,O00308,Q9Y5R6,WWP2,DMT1,1,0,1.0,0.6619505
E3|O14508|O14543,E3|O14508,E3,O14508,O14543,SOCS2,SOCS3,1,0,1.0,0.6655009
E3|O14508|O15524,E3|O14508,E3,O14508,O15524,SOCS2,SOCS1,1,0,1.0,0.6655581
E3|O14508|P10912,E3|O14508,E3,O14508,P10912,SOCS2,GHR,1,0,1.0,0.66252345
E3|O14512|O75553,E3|O14512,E3,O14512,O75553,SOCS7,DAB1,1,0,1.0,0.6638246
E3|O15151|P04637,E3|O15151,E3,O15151,P04637,MDM4,TP53,1,0,1.0,0.66437894
E3|O15151|P38936,E3|O15151,E3,O15151,P38936,MDM4,CDKN1A,1,0,1.0,0.6651986
E3|O15151|Q00987,E3|O15151,E3,O15151,Q00987,MDM4,MDM2,1,0,1.0,0.66530657
E3|O43567|O43567,E3|O43567,E3,O43567,O43567,RNF13,RNF13,1,0,1.0,0.6654401
E3|O43567|O95295,E3|O43567,E3,O43567,O95295,RNF13,SNAPIN,1,0,1.0,0.6646408
E3|O75592|P49815,E3|O75592,E3,O75592,P49815,MYCBP2,TSC2,1,0,1.0,0.66138864
E3|O75592|Q9BZQ4,E3|O75592,E3,O75592,Q9BZQ4,MYCBP2,NMNAT2,1,0,1.0,0.6600731
E3|O94955|P24864,E3|O94955,E3,O94955,P24864,RHOBTB3,CCNE1,1,0,1.0,0.66181993
E3|O95198|O95502,E3|O95198,E3,O95198,O95502,KLHL2,NPTXR,1,0,1.0,0.6628293
E3|O95198|Q14155,E3|O95198,E3,O95198,Q14155,KLHL2,ARHGEF7,1,0,1.0,0.6618026
E3|O95198|Q96J92,E3|O95198,E3,O95198,Q96J92,KLHL2,WNK4,1,0,1.0,0.66148967
E3|O95198|Q9BYP7,E3|O95198,E3,O95198,Q9BYP7,KLHL2,WNK3,1,0,1.0,0.66546834
E3|O95198|Q9H4A3,E3|O95198,E3,O95198,Q9H4A3,KLHL2,WNK1,1,0,1.0,0.6661147
E3|O95628|O95628,E3|O95628,E3,O95628,O95628,CNOT4,CNOT4,1,0,1.0,0.6657544
E3|O95628|P41229,E3|O95628,E3,O95628,P41229,CNOT4,KDM5C,1,0,1.0,0.66438293
E3|O95628|P46937,E3|O95628,E3,O95628,P46937,CNOT4,YAP1,1,0,1.0,0.6593648
E3|O95628|Q96T37,E3|O95628,E3,O95628,Q96T37,CNOT4,RBM15,1,0,1.0,0.66330963
E3|P00748|Q16665,E3|P00748,E3,P00748,Q16665,F12,HIF1A,1,0,1.0,0.6605822
E3|P03126|O43166,E3|P03126,E3,P03126,O43166,E6,SIPA1L1,1,0,1.0,0.66270995
E3|P03126|P04637,E3|P03126,E3,P03126,P04637,E6,TP53,1,0,1.0,0.66306007
E3|P03126|P41229,E3|P03126,E3,P03126,P41229,E6,KDM5C,1,0,1.0,0.66192067
E3|P03126|Q12959,E3|P03126,E3,P03126,Q12959,E6,DLG1,1,0,1.0,0.6587709
E3|P08393|O76064,E3|P08393,E3,P08393,O76064,ICP0,RNF8,1,0,1.0,0.66451156
E3|P08393|P04637,E3|P08393,E3,P08393,P04637,ICP0,TP53,1,0,1.0,0.66351265
E3|P08393|P07199,E3|P08393,E3,P08393,P07199,ICP0,CENPB,1,0,1.0,0.66404
E3|P08393|P08393,E3|P08393,E3,P08393,P08393,ICP0,ICP0,1,0,1.0,0.6654756
E3|P08393|P23497,E3|P08393,E3,P08393,P23497,ICP0,SP100,1,0,1.0,0.6638386
E3|P08393|P29590,E3|P08393,E3,P08393,P29590,ICP0,PML,1,0,1.0,0.6614958
E3|P08393|P41212,E3|P08393,E3,P08393,P41212,ICP0,ETV6,1,0,1.0,0.6642175
E3|P08393|P46100,E3|P08393,E3,P08393,P46100,ICP0,ATRX,1,0,1.0,0.66388375
E3|P08393|P49450,E3|P08393,E3,P08393,P49450,ICP0,CENPA,1,0,1.0,0.663557
E3|P08393|P78527,E3|P08393,E3,P08393,P78527,ICP0,PRKDC,1,0,1.0,0.66337353
E3|P08393|Q03188,E3|P08393,E3,P08393,Q03188,ICP0,CENPC,1,0,1.0,0.66369927
E3|P08393|Q14149,E3|P08393,E3,P08393,Q14149,ICP0,MORC3,1,0,1.0,0.66403836
E3|P08393|Q16666,E3|P08393,E3,P08393,Q16666,ICP0,IFI16,1,0,1.0,0.6640461
E3|P08393|Q5T5X7,E3|P08393,E3,P08393,Q5T5X7,ICP0,BEND3,1,0,1.0,0.66289496
E3|P08393|Q8IYW5,E3|P08393,E3,P08393,Q8IYW5,ICP0,RNF168,1,0,1.0,0.66440094
E3|P08393|Q8NAP3,E3|P08393,E3,P08393,Q8NAP3,ICP0,ZBTB38,1,0,1.0,0.66405994
E3|P08393|Q93009,E3|P08393,E3,P08393,Q93009,ICP0,USP7,1,0,1.0,0.6637475
E3|P08393|Q96BF6,E3|P08393,E3,P08393,Q96BF6,ICP0,NACC2,1,0,1.0,0.6642413
E3|P08393|Q96DT7,E3|P08393,E3,P08393,Q96DT7,ICP0,ZBTB10,1,0,1.0,0.6637538
E3|P08393|Q96RE7,E3|P08393,E3,P08393,Q96RE7,ICP0,NACC1,1,0,1.0,0.6636251
E3|P08393|Q99856,E3|P08393,E3,P08393,Q99856,ICP0,ARID3A,1,0,1.0,0.66259754
E3|P08393|Q9P1Z0,E3|P08393,E3,P08393,Q9P1Z0,ICP0,ZBTB4,1,0,1.0,0.6634515
E3|P08393|Q9UIS9,E3|P08393,E3,P08393,Q9UIS9,ICP0,MBD1,1,0,1.0,0.6645301
E3|P09936|P11021,E3|P09936,E3,P09936,P11021,UCHL1,HSPA5,1,0,1.0,0.66394466
E3|P09936|Q14247,E3|P09936,E3,P09936,Q14247,UCHL1,CTTN,1,0,1.0,0.6642011
E3|P09936|Q16637,E3|P09936,E3,P09936,Q16637,UCHL1,SMN1,1,0,1.0,0.66235477
E3|P11441|Q9Y4K3,E3|P11441,E3,P11441,Q9Y4K3,UBL4A,TRAF6,1,0,1.0,0.6642912
E3|P35226|O75496,E3|P35226,E3,P35226,O75496,BMI1,GMNN,1,0,1.0,0.6649782
E3|P35226|P04908,E3|P35226,E3,P35226,P04908,BMI1,H2AC4,1,0,1.0,0.6642263
E3|P35226|P0C0S5,E3|P35226,E3,P35226,P0C0S5,BMI1,H2AFZ,1,0,1.0,0.6636259
E3|P35226|P0C0S8,E3|P35226,E3,P35226,P0C0S8,BMI1,HIST1H2AM,1,0,1.0,0.6642109
E3|P35226|P16104,E3|P35226,E3,P35226,P16104,BMI1,H2AFX,1,0,1.0,0.66420317
E3|P35226|P20671,E3|P35226,E3,P35226,P20671,BMI1,H2AC7,1,0,1.0,0.65666354
E3|P35226|P23921,E3|P35226,E3,P35226,P23921,BMI1,RRM1,1,0,1.0,0.6635872
E3|P35226|Q16777,E3|P35226,E3,P35226,Q16777,BMI1,H2AC20,1,0,1.0,0.6643635
E3|P35226|Q6FI13,E3|P35226,E3,P35226,Q6FI13,BMI1,H2AC18,1,0,1.0,0.66356695
E3|P35226|Q7L7L0,E3|P35226,E3,P35226,Q7L7L0,BMI1,HIST3H2A,1,0,1.0,0.66378605
E3|P35226|Q8IUE6,E3|P35226,E3,P35226,Q8IUE6,BMI1,HIST2H2AB,1,0,1.0,0.6631954
E3|P35226|Q93077,E3|P35226,E3,P35226,Q93077,BMI1,HIST1H2AC,1,0,1.0,0.6643246
E3|P35226|Q96KK5,E3|P35226,E3,P35226,Q96KK5,BMI1,HIST1H2AH,1,0,1.0,0.6632352
E3|P35226|Q96QV6,E3|P35226,E3,P35226,Q96QV6,BMI1,HIST1H2AA,1,0,1.0,0.6634592
E3|P35226|Q99496,E3|P35226,E3,P35226,Q99496,BMI1,RNF2,1,0,1.0,0.66529375
E3|P35226|Q99878,E3|P35226,E3,P35226,Q99878,BMI1,HIST1H2AJ,1,0,1.0,0.6641161
E3|P36406|P04637,E3|P36406,E3,P36406,P04637,TRIM23,TP53,1,0,1.0,0.6634411
E3|P36406|P36406,E3|P36406,E3,P36406,P36406,TRIM23,TRIM23,1,0,1.0,0.66572464
E3|P36406|Q9Y4K3,E3|P36406,E3,P36406,Q9Y4K3,TRIM23,TRAF6,1,0,1.0,0.6642148
E3|P36406|Q9Y6K9,E3|P36406,E3,P36406,Q9Y6K9,TRIM23,IKBKG,1,0,1.0,0.6637954
E3|P38398|O14818,E3|P38398,E3,P38398,O14818,BRCA1,PSMA7,1,0,1.0,0.6630624
E3|P38398|P03372,E3|P38398,E3,P38398,P03372,BRCA1,ESR1,1,0,1.0,0.66073126
E3|P38398|P04908,E3|P38398,E3,P38398,P04908,BRCA1,H2AC4,1,0,1.0,0.66421187
E3|P38398|P06401,E3|P38398,E3,P38398,P06401,BRCA1,PGR,1,0,1.0,0.661984
E3|P38398|P06748,E3|P38398,E3,P38398,P06748,BRCA1,NPM1,1,0,1.0,0.66483146
E3|P38398|P0C0S8,E3|P38398,E3,P38398,P0C0S8,BRCA1,H2AC11,1,0,1.0,0.6637622
E3|P38398|P0DP91,E3|P38398,E3,P38398,P0DP91,BRCA1,ERCC6,1,0,1.0,0.66487795
E3|P38398|P11388,E3|P38398,E3,P38398,P11388,BRCA1,TOP2A,1,0,1.0,0.6646786
E3|P38398|P14635,E3|P38398,E3,P38398,P14635,BRCA1,CCNB1,1,0,1.0,0.6646798
E3|P38398|P14859,E3|P38398,E3,P38398,P14859,BRCA1,POU2F1,1,0,1.0,0.66490376
E3|P38398|P16104,E3|P38398,E3,P38398,P16104,BRCA1,H2AFX,1,0,1.0,0.66431254
E3|P38398|P23258,E3|P38398,E3,P38398,P23258,BRCA1,TUBG1,1,0,1.0,0.6645382
E3|P38398|P24928,E3|P38398,E3,P38398,P24928,BRCA1,POLR2A,1,0,1.0,0.6649511
E3|P38398|P30307,E3|P38398,E3,P38398,P30307,BRCA1,CDC25C,1,0,1.0,0.6646964
E3|P38398|P31749,E3|P38398,E3,P38398,P31749,BRCA1,AKT1,1,0,1.0,0.65943944
E3|P38398|P35240,E3|P38398,E3,P38398,P35240,BRCA1,NF2,1,0,1.0,0.66427636
E3|P38398|P38398,E3|P38398,E3,P38398,P38398,BRCA1,BRCA1,1,0,1.0,0.6658266
E3|P38398|P52434,E3|P38398,E3,P38398,P52434,BRCA1,POLR2H,1,0,1.0,0.6644833
E3|P38398|Q13133,E3|P38398,E3,P38398,Q13133,BRCA1,NR1H3,1,0,1.0,0.66433305
E3|P38398|Q16777,E3|P38398,E3,P38398,Q16777,BRCA1,H2AC20,1,0,1.0,0.6640554
E3|P38398|Q2PQ59,E3|P38398,E3,P38398,Q2PQ59,BRCA1,TOP2alpha,1,0,1.0,0.66044426
E3|P38398|Q86WV6,E3|P38398,E3,P38398,Q86WV6,BRCA1,HIST1H2AB,1,0,1.0,0.6589743
E3|P38398|Q96A08,E3|P38398,E3,P38398,Q96A08,BRCA1,H2BC1,1,0,1.0,0.66298336
E3|P38398|Q96QV6,E3|P38398,E3,P38398,Q96QV6,BRCA1,H2AC1,1,0,1.0,0.6629767
E3|P38398|Q99708,E3|P38398,E3,P38398,Q99708,BRCA1,RBBP8,1,0,1.0,0.66493344
E3|P38398|Q99728,E3|P38398,E3,P38398,Q99728,BRCA1,BARD1,1,0,1.0,0.66551685
E3|P38398|Q9BXW9,E3|P38398,E3,P38398,Q9BXW9,BRCA1,FANCD2,1,0,1.0,0.66468585
E3|P38398|Q9HAW4,E3|P38398,E3,P38398,Q9HAW4,BRCA1,CLSPN,1,0,1.0,0.66533273
E3|P51617|Q96FA3,E3|P51617,E3,P51617,Q96FA3,IRAK1,PELI1,1,0,1.0,0.6649121
E3|P69720|Q8IUX4,E3|P69720,E3,P69720,Q8IUX4,vif,APOBEC3F,1,0,1.0,0.66286606
E3|P69720|Q9HC16,E3|P69720,E3,P69720,Q9HC16,vif,APOBEC3G,1,0,1.0,0.663048
E3|P69720|Q9NRW3,E3|P69720,E3,P69720,Q9NRW3,vif,APOBEC3C,1,0,1.0,0.6611289
E3|Q06587|P0C0S8,E3|Q06587,E3,Q06587,P0C0S8,RING1,H2AC11,1,0,1.0,0.6640122
E3|Q06587|Q9H4L7,E3|Q06587,E3,Q06587,Q9H4L7,RING1,SMARCAD1,1,0,1.0,0.66488504
E3|Q12933|O95147,E3|Q12933,E3,Q12933,O95147,TRAF2,DUSP14,1,0,1.0,0.66464734
E3|Q12933|P00966,E3|Q12933,E3,Q12933,P00966,TRAF2,ASS1,1,0,1.0,0.6643846
E3|Q12933|Q12933,E3|Q12933,E3,Q12933,Q12933,TRAF2,TRAF2,1,0,1.0,0.66588813
E3|Q12933|Q13105,E3|Q12933,E3,Q12933,Q13105,TRAF2,ZBTB17,1,0,1.0,0.6636264
E3|Q12933|Q13489,E3|Q12933,E3,Q12933,Q13489,TRAF2,BIRC3,1,0,1.0,0.6651528
E3|Q12933|Q13546,E3|Q12933,E3,Q12933,Q13546,TRAF2,RIPK1,1,0,1.0,0.66051865
E3|Q12933|Q13601,E3|Q12933,E3,Q12933,Q13601,TRAF2,KRR1,1,0,1.0,0.6635193
E3|Q12933|Q13627,E3|Q12933,E3,Q12933,Q13627,TRAF2,DYRK1A,1,0,1.0,0.66501606
E3|Q12933|Q14164,E3|Q12933,E3,Q12933,Q14164,TRAF2,IKBKE,1,0,1.0,0.6656457
E3|Q12933|Q15759,E3|Q12933,E3,Q12933,Q15759,TRAF2,MAPK11,1,0,1.0,0.6649549
E3|Q12933|Q8IUC6,E3|Q12933,E3,Q12933,Q8IUC6,TRAF2,TICAM1,1,0,1.0,0.6631852
E3|Q12933|Q96BY2,E3|Q12933,E3,Q12933,Q96BY2,TRAF2,MOAP1,1,0,1.0,0.66174287
E3|Q12933|Q99558,E3|Q12933,E3,Q12933,Q99558,TRAF2,MAP3K14,1,0,1.0,0.6651806
E3|Q13233|P05412,E3|Q13233,E3,Q13233,P05412,MAP3K1,JUN,1,0,1.0,0.664153
E3|Q13233|P15408,E3|Q13233,E3,Q13233,P15408,MAP3K1,FOSL2,1,0,1.0,0.6636536
E3|Q13233|P27361,E3|Q13233,E3,Q13233,P27361,MAP3K1,MAPK3,1,0,1.0,0.6636955
E3|Q13233|P28482,E3|Q13233,E3,Q13233,P28482,MAP3K1,MAPK1,1,0,1.0,0.6648498
E3|Q13233|Q86Y01,E3|Q13233,E3,Q13233,Q86Y01,MAP3K1,DTX1,1,0,1.0,0.66468024
E3|Q14527|P12004,E3|Q14527,E3,Q14527,P12004,HLTF,PCNA,1,0,1.0,0.6640475
E3|Q15257|P35226,E3|Q15257,E3,Q15257,P35226,PTPA,BMI1,1,0,1.0,0.6617881
E3|Q16531|O00482,E3|Q16531,E3,Q16531,O00482,DDB1,NR5A2,1,0,1.0,0.66250086
E3|Q16531|O15350,E3|Q16531,E3,Q16531,O15350,DDB1,TP73,1,0,1.0,0.66399306
E3|Q16531|O75909,E3|Q16531,E3,Q16531,O75909,DDB1,CCNK,1,0,1.0,0.6641969
E3|Q16531|Q92905,E3|Q16531,E3,Q16531,Q92905,DDB1,COPS5,1,0,1.0,0.6650288
E3|Q5T6F0|P43357,E3|Q5T6F0,E3,Q5T6F0,P43357,DCAF12,MAGEA3,1,0,1.0,0.6639643
E3|Q5T6F0|P43360,E3|Q5T6F0,E3,Q5T6F0,P43360,DCAF12,MAGEA6,1,0,1.0,0.66430604
E3|Q5TC82|Q9Y6W8,E3|Q5TC82,E3,Q5TC82,Q9Y6W8,RC3H1,ICOS,1,0,1.0,0.657105
E3|Q5VTR2|P62807,E3|Q5VTR2,E3,Q5VTR2,P62807,RNF20,H2BC4,1,0,1.0,0.6637968
E3|Q5VTR2|Q16778,E3|Q5VTR2,E3,Q5VTR2,Q16778,RNF20,H2BC21,1,0,1.0,0.66439736
E3|Q5VTR2|Q96A08,E3|Q5VTR2,E3,Q5VTR2,Q96A08,RNF20,HIST1H2BA,1,0,1.0,0.66313326
E3|Q5VTR2|Q9UQ80,E3|Q5VTR2,E3,Q5VTR2,Q9UQ80,RNF20,PA2G4,1,0,1.0,0.66401774
E3|Q68DV7|Q13467,E3|Q68DV7,E3,Q68DV7,Q13467,RNF43,FZD5,1,0,1.0,0.66523397
E3|Q68DV7|Q68DV7,E3|Q68DV7,E3,Q68DV7,Q68DV7,RNF43,RNF43,1,0,1.0,0.66585237
E3|Q68DV7|Q9ULX6,E3|Q68DV7,E3,Q68DV7,Q9ULX6,RNF43,AKAP8L,1,0,1.0,0.6609043
E3|Q6Q0C0|O43474,E3|Q6Q0C0,E3,Q6Q0C0,O43474,TRAF7,KLF4,1,0,1.0,0.66226995
E3|Q6Q0C0|P04637,E3|Q6Q0C0,E3,Q6Q0C0,P04637,TRAF7,TP53,1,0,1.0,0.6640652
E3|Q6Q0C0|Q6Q0C0,E3|Q6Q0C0,E3,Q6Q0C0,Q6Q0C0,TRAF7,TRAF7,1,0,1.0,0.66569996
E3|Q6TDP4|Q13002,E3|Q6TDP4,E3,Q6TDP4,Q13002,KLHL17,GRIK2,1,0,1.0,0.66336346
E3|Q6ZMZ0|Q9NWZ5,E3|Q6ZMZ0,E3,Q6ZMZ0,Q9NWZ5,RNF19B,UCKL1,1,0,1.0,0.6623039
E3|Q76N89|O14640,E3|Q76N89,E3,Q76N89,O14640,HECW1,DVL1,1,0,1.0,0.65933704
E3|Q76N89|Q13485,E3|Q76N89,E3,Q76N89,Q13485,HECW1,SMAD4,1,0,1.0,0.6639044
E3|Q76N89|Q15361,E3|Q76N89,E3,Q76N89,Q15361,HECW1,TTF1,1,0,1.0,0.66358113
E3|Q7L5Y6|O00763,E3|Q7L5Y6,E3,Q7L5Y6,O00763,DET1,ACACB,1,0,1.0,0.66226935
E3|Q7L5Y6|P04637,E3|Q7L5Y6,E3,Q7L5Y6,P04637,DET1,TP53,1,0,1.0,0.6643803
E3|Q7L5Y6|P05412,E3|Q7L5Y6,E3,Q7L5Y6,P05412,DET1,JUN,1,0,1.0,0.6647151
E3|Q7L5Y6|Q12778,E3|Q7L5Y6,E3,Q7L5Y6,Q12778,DET1,FOXO1,1,0,1.0,0.66504705
E3|Q7L5Y6|Q13085,E3|Q7L5Y6,E3,Q7L5Y6,Q13085,DET1,ACACA,1,0,1.0,0.6640431
E3|Q7L5Y6|Q13330,E3|Q7L5Y6,E3,Q7L5Y6,Q13330,DET1,MTA1,1,0,1.0,0.66477746
E3|Q7L5Y6|Q53ET0,E3|Q7L5Y6,E3,Q7L5Y6,Q53ET0,DET1,CRTC2,1,0,1.0,0.6647093
E3|Q7Z569|Q7Z569,E3|Q7Z569,E3,Q7Z569,Q7Z569,BRAP,BRAP,1,0,1.0,0.6655169
E3|Q7Z569|Q9UNH5,E3|Q7Z569,E3,Q7Z569,Q9UNH5,BRAP,CDC14A,1,0,1.0,0.66412276
E3|Q7Z569|Q9Y4E8,E3|Q7Z569,E3,Q7Z569,Q9Y4E8,BRAP,USP15,1,0,1.0,0.6641479
E3|Q7Z6Z7|O14757,E3|Q7Z6Z7,E3,Q7Z6Z7,O14757,HUWE1,CHEK1,1,0,1.0,0.66402847
E3|Q7Z6Z7|O15294,E3|Q7Z6Z7,E3,Q7Z6Z7,O15294,HUWE1,OGT,1,0,1.0,0.6615518
E3|Q7Z6Z7|O75928,E3|Q7Z6Z7,E3,Q7Z6Z7,O75928,HUWE1,PIAS2,1,0,1.0,0.66388845
E3|Q7Z6Z7|P01106,E3|Q7Z6Z7,E3,Q7Z6Z7,P01106,HUWE1,MYC,1,0,1.0,0.66391075
E3|Q7Z6Z7|P04198,E3|Q7Z6Z7,E3,Q7Z6Z7,P04198,HUWE1,MYCN,1,0,1.0,0.66325927
E3|Q7Z6Z7|P04637,E3|Q7Z6Z7,E3,Q7Z6Z7,P04637,HUWE1,TP53,1,0,1.0,0.6647265
E3|Q7Z6Z7|P06746,E3|Q7Z6Z7,E3,Q7Z6Z7,P06746,HUWE1,POLB,1,0,1.0,0.6633444
E3|Q7Z6Z7|P12004,E3|Q7Z6Z7,E3,Q7Z6Z7,P12004,HUWE1,PCNA,1,0,1.0,0.6641072
E3|Q7Z6Z7|P15172,E3|Q7Z6Z7,E3,Q7Z6Z7,P15172,HUWE1,MYOD1,1,0,1.0,0.6610602
E3|Q7Z6Z7|P16401,E3|Q7Z6Z7,E3,Q7Z6Z7,P16401,HUWE1,H1-5,1,0,1.0,0.66368365
E3|Q7Z6Z7|P20393,E3|Q7Z6Z7,E3,Q7Z6Z7,P20393,HUWE1,NR1D1,1,0,1.0,0.6626283
E3|Q7Z6Z7|P33778,E3|Q7Z6Z7,E3,Q7Z6Z7,P33778,HUWE1,H2BC3,1,0,1.0,0.6559205
E3|Q7Z6Z7|P37173,E3|Q7Z6Z7,E3,Q7Z6Z7,P37173,HUWE1,TGFBR2,1,0,1.0,0.65862095
E3|Q7Z6Z7|P38398,E3|Q7Z6Z7,E3,Q7Z6Z7,P38398,HUWE1,BRCA1,1,0,1.0,0.66390836
E3|Q7Z6Z7|P50553,E3|Q7Z6Z7,E3,Q7Z6Z7,P50553,HUWE1,ASCL1,1,0,1.0,0.66236055
E3|Q7Z6Z7|P52789,E3|Q7Z6Z7,E3,Q7Z6Z7,P52789,HUWE1,HK2,1,0,1.0,0.66307646
E3|Q7Z6Z7|P62805,E3|Q7Z6Z7,E3,Q7Z6Z7,P62805,HUWE1,H4C1,1,0,1.0,0.6618375
E3|Q7Z6Z7|Q02539,E3|Q7Z6Z7,E3,Q7Z6Z7,Q02539,HUWE1,H1-1,1,0,1.0,0.66324764
E3|Q7Z6Z7|Q07820,E3|Q7Z6Z7,E3,Q7Z6Z7,Q07820,HUWE1,MCL1,1,0,1.0,0.6635231
E3|Q7Z6Z7|Q07869,E3|Q7Z6Z7,E3,Q7Z6Z7,Q07869,HUWE1,PPARA,1,0,1.0,0.6632671
E3|Q7Z6Z7|Q13105,E3|Q7Z6Z7,E3,Q7Z6Z7,Q13105,HUWE1,ZBTB17,1,0,1.0,0.66325855
E3|Q7Z6Z7|Q13115,E3|Q7Z6Z7,E3,Q7Z6Z7,Q13115,HUWE1,DUSP4,1,0,1.0,0.66432446
E3|Q7Z6Z7|Q16777,E3|Q7Z6Z7,E3,Q7Z6Z7,Q16777,HUWE1,H2AC20,1,0,1.0,0.6628317
E3|Q7Z6Z7|Q71DI3,E3|Q7Z6Z7,E3,Q7Z6Z7,Q71DI3,HUWE1,H3C15,1,0,1.0,0.66222996
E3|Q7Z6Z7|Q7Z6Z7,E3|Q7Z6Z7,E3,Q7Z6Z7,Q7Z6Z7,HUWE1,HUWE1,1,0,1.0,0.66534925
E3|Q7Z6Z7|Q8IUE6,E3|Q7Z6Z7,E3,Q7Z6Z7,Q8IUE6,HUWE1,H2AC21,1,0,1.0,0.6638185
E3|Q7Z6Z7|Q8IZG5,E3|Q7Z6Z7,E3,Q7Z6Z7,Q8IZG5,HUWE1,SS18,1,0,1.0,0.6608863
E3|Q7Z6Z7|Q92769,E3|Q7Z6Z7,E3,Q7Z6Z7,Q92769,HUWE1,HDAC2,1,0,1.0,0.66342056
E3|Q7Z6Z7|Q92858,E3|Q7Z6Z7,E3,Q7Z6Z7,Q92858,HUWE1,ATOH1,1,0,1.0,0.6644522
E3|Q7Z6Z7|Q96A08,E3|Q7Z6Z7,E3,Q7Z6Z7,Q96A08,HUWE1,H2BC1,1,0,1.0,0.66185427
E3|Q7Z6Z7|Q99741,E3|Q7Z6Z7,E3,Q7Z6Z7,Q99741,HUWE1,CDC6,1,0,1.0,0.6641321
E3|Q7Z6Z7|Q9UGP5,E3|Q7Z6Z7,E3,Q7Z6Z7,Q9UGP5,HUWE1,POLL,1,0,1.0,0.6638025
E3|Q7Z6Z7|Q9UIF7,E3|Q7Z6Z7,E3,Q7Z6Z7,Q9UIF7,HUWE1,MUTYH,1,0,1.0,0.6629101
E3|Q7Z6Z7|Q9UQ80,E3|Q7Z6Z7,E3,Q7Z6Z7,Q9UQ80,HUWE1,PA2G4,1,0,1.0,0.6642409
E3|Q7Z6Z7|Q9Y4C1,E3|Q7Z6Z7,E3,Q7Z6Z7,Q9Y4C1,HUWE1,KDM3A,1,0,1.0,0.6635723
E3|Q7Z6Z7|Q9Y4P8,E3|Q7Z6Z7,E3,Q7Z6Z7,Q9Y4P8,HUWE1,WIPI2,1,0,1.0,0.65989625
E3|Q86YJ5|O60486,E3|Q86YJ5,E3,Q86YJ5,O60486,MARCHF9,PLXNC1,1,0,1.0,0.66359866
E3|Q86YJ5|P01730,E3|Q86YJ5,E3,Q86YJ5,P01730,MARCHF9,CD4,1,0,1.0,0.66373897
E3|Q86YJ5|P01880,E3|Q86YJ5,E3,Q86YJ5,P01880,MARCHF9,IGHD,1,0,1.0,0.6628754
E3|Q86YJ5|P01909,E3|Q86YJ5,E3,Q86YJ5,P01909,MARCHF9,HLA-DQA1,1,0,1.0,0.6641131
E3|Q86YJ5|P01920,E3|Q86YJ5,E3,Q86YJ5,P01920,MARCHF9,HLA-DQB1,1,0,1.0,0.6640938
E3|Q86YJ5|P05362,E3|Q86YJ5,E3,Q86YJ5,P05362,MARCHF9,ICAM1,1,0,1.0,0.6623581
E3|Q86YJ5|P10586,E3|Q86YJ5,E3,Q86YJ5,P10586,MARCHF9,PTPRF,1,0,1.0,0.6638559
E3|Q86YJ5|P15151,E3|Q86YJ5,E3,Q86YJ5,P15151,MARCHF9,PVR,1,0,1.0,0.6629819
E3|Q86YJ5|P18433,E3|Q86YJ5,E3,Q86YJ5,P18433,MARCHF9,PTPRA,1,0,1.0,0.66363215
E3|Q86YJ5|P31994,E3|Q86YJ5,E3,Q86YJ5,P31994,MARCHF9,FCGR2B,1,0,1.0,0.6631377
E3|Q86YJ5|Q12913,E3|Q86YJ5,E3,Q86YJ5,Q12913,MARCHF9,PTPRJ,1,0,1.0,0.66338223
E3|Q86YJ5|Q13291,E3|Q86YJ5,E3,Q86YJ5,Q13291,MARCHF9,SLAMF1,1,0,1.0,0.66366166
E3|Q86YJ5|Q6BAA4,E3|Q86YJ5,E3,Q86YJ5,Q6BAA4,MARCHF9,FCRLB,1,0,1.0,0.66334736
E3|Q86YJ5|Q8NHL6,E3|Q86YJ5,E3,Q86YJ5,Q8NHL6,MARCHF9,LILRB1,1,0,1.0,0.6628708
E3|Q86YJ5|Q96LA5,E3|Q86YJ5,E3,Q86YJ5,Q96LA5,MARCHF9,FCRL2,1,0,1.0,0.66309595
E3|Q86YJ5|Q9BV40,E3|Q86YJ5,E3,Q86YJ5,Q9BV40,MARCHF9,VAMP8,1,0,1.0,0.6640188
E3|Q86YJ5|Q9UHN6,E3|Q86YJ5,E3,Q86YJ5,Q9UHN6,MARCHF9,CEMIP2,1,0,1.0,0.66307026
E3|Q8IUD6|O95786,E3|Q8IUD6,E3,Q8IUD6,O95786,RNF135,DDX58,1,0,1.0,0.6636044
E3|Q8IWV7|P08100,E3|Q8IWV7,E3,Q8IWV7,P08100,UBR1,RHO,1,0,1.0,0.66253895
E3|Q8IXQ5|Q9H6E5,E3|Q8IXQ5,E3,Q8IXQ5,Q9H6E5,KLHL7,TUT1,1,0,1.0,0.66420406
E3|Q8IYM9|P19838,E3|Q8IYM9,E3,Q8IYM9,P19838,TRIM22,NFKB1,1,0,1.0,0.66511756
E3|Q8IYM9|Q14653,E3|Q8IYM9,E3,Q8IYM9,Q14653,TRIM22,IRF3,1,0,1.0,0.6622296
E3|Q8IYM9|Q8IYM9,E3|Q8IYM9,E3,Q8IYM9,Q8IYM9,TRIM22,TRIM22,1,0,1.0,0.66614497
E3|Q8IYU2|P10276,E3|Q8IYU2,E3,Q8IYU2,P10276,HACE1,RARA,1,0,1.0,0.66062844
E3|Q8IYU2|P10826,E3|Q8IYU2,E3,Q8IYU2,P10826,HACE1,RARB,1,0,1.0,0.6580823
E3|Q8IYU2|P24385,E3|Q8IYU2,E3,Q8IYU2,P24385,HACE1,CCND1,1,0,1.0,0.6613033
E3|Q8IYU2|P63000,E3|Q8IYU2,E3,Q8IYU2,P63000,HACE1,RAC1,1,0,1.0,0.66396475
E3|Q8IYU2|Q8NBJ4,E3|Q8IYU2,E3,Q8IYU2,Q8NBJ4,HACE1,GOLM1,1,0,1.0,0.663769
E3|Q8IYU2|Q96CV9,E3|Q8IYU2,E3,Q8IYU2,Q96CV9,HACE1,OPTN,1,0,1.0,0.66453135
E3|Q8IYU2|Q9Y657,E3|Q8IYU2,E3,Q8IYU2,Q9Y657,HACE1,SPIN1,1,0,1.0,0.6620396
E3|Q8IYW5|O75164,E3|Q8IYW5,E3,Q8IYW5,O75164,RNF168,KDM4A,1,0,1.0,0.6636196
E3|Q8IYW5|O75367,E3|Q8IYW5,E3,Q8IYW5,O75367,RNF168,MACROH2A1,1,0,1.0,0.66188496
E3|Q8IYW5|P08134,E3|Q8IYW5,E3,Q8IYW5,P08134,RNF168,RHOC,1,0,1.0,0.6568426
E3|Q8IYW5|P0C0S5,E3|Q8IYW5,E3,Q8IYW5,P0C0S5,RNF168,H2AZ1,1,0,1.0,0.66341025
E3|Q8IYW5|P0C0S8,E3|Q8IYW5,E3,Q8IYW5,P0C0S8,RNF168,H2AC11,1,0,1.0,0.66358984
E3|Q8IYW5|P16104,E3|Q8IYW5,E3,Q8IYW5,P16104,RNF168,H2AX,1,0,1.0,0.6642435
E3|Q8IYW5|Q16777,E3|Q8IYW5,E3,Q8IYW5,Q16777,RNF168,H2AC20,1,0,1.0,0.6639368
E3|Q8IYW5|Q6FI13,E3|Q8IYW5,E3,Q8IYW5,Q6FI13,RNF168,H2AC18,1,0,1.0,0.6626099
E3|Q8IYW5|Q8IYW5,E3|Q8IYW5,E3,Q8IYW5,Q8IYW5,RNF168,RNF168,1,0,1.0,0.6656559
E3|Q8IYW5|Q9P0M6,E3|Q8IYW5,E3,Q8IYW5,Q9P0M6,RNF168,MACROH2A2,1,0,1.0,0.6594321
E3|Q8N1E6|O43623,E3|Q8N1E6,E3,Q8N1E6,O43623,FBXL14,SNAI2,1,0,1.0,0.66347855
E3|Q8N1E6|O95863,E3|Q8N1E6,E3,Q8N1E6,O95863,FBXL14,SNAI1,1,0,1.0,0.66391087
E3|Q8N1E6|Q15672,E3|Q8N1E6,E3,Q8N1E6,Q15672,FBXL14,TWIST1,1,0,1.0,0.6640241
E3|Q8N1E6|Q16828,E3|Q8N1E6,E3,Q8N1E6,Q16828,FBXL14,DUSP6,1,0,1.0,0.6646985
E3|Q8N1E6|Q9H5V8,E3|Q8N1E6,E3,Q8N1E6,Q9H5V8,FBXL14,CDCP1,1,0,1.0,0.65840006
E3|Q8N2H9|O43353,E3|Q8N2H9,E3,Q8N2H9,O43353,PELI3,RIPK2,1,0,1.0,0.6610041
E3|Q8N2H9|P51617,E3|Q8N2H9,E3,Q8N2H9,P51617,PELI3,IRAK1,1,0,1.0,0.66509527
E3|Q8N2H9|Q9Y4K3,E3|Q8N2H9,E3,Q8N2H9,Q9Y4K3,PELI3,TRAF6,1,0,1.0,0.66509926
E3|Q8N3Y1|P18065,E3|Q8N3Y1,E3,Q8N3Y1,P18065,FBXW8,IGFBP2,1,0,1.0,0.66077185
E3|Q8N3Y1|P24385,E3|Q8N3Y1,E3,Q8N3Y1,P24385,FBXW8,CCND1,1,0,1.0,0.66236734
E3|Q8N3Y1|P35568,E3|Q8N3Y1,E3,Q8N3Y1,P35568,FBXW8,IRS1,1,0,1.0,0.6643499
E3|Q8N3Y1|Q8IZP1,E3|Q8N3Y1,E3,Q8N3Y1,Q8IZP1,FBXW8,TBC1D3,1,0,1.0,0.66197085
E3|Q8N3Y1|Q92918,E3|Q8N3Y1,E3,Q8N3Y1,Q92918,FBXW8,MAP4K1,1,0,1.0,0.663899
E3|Q8N3Y1|Q9BQQ3,E3|Q8N3Y1,E3,Q8N3Y1,Q9BQQ3,FBXW8,GORASP1,1,0,1.0,0.6639526
E3|Q8NI29|P13473,E3|Q8NI29,E3,Q8NI29,P13473,FBXO27,LAMP2,1,0,1.0,0.66371787
E3|Q8TCQ1|P01730,E3|Q8TCQ1,E3,Q8TCQ1,P01730,MARCHF1,CD4,1,0,1.0,0.6649322
E3|Q8TCQ1|P01903,E3|Q8TCQ1,E3,Q8TCQ1,P01903,MARCHF1,HLA-DRA,1,0,1.0,0.6650947
E3|Q8TCQ1|P01911,E3|Q8TCQ1,E3,Q8TCQ1,P01911,MARCHF1,HLA-DRB1,1,0,1.0,0.6650753
E3|Q8TCQ1|P01912,E3|Q8TCQ1,E3,Q8TCQ1,P01912,MARCHF1,HLA-DRB1,1,0,1.0,0.663373
E3|Q8TCQ1|P02786,E3|Q8TCQ1,E3,Q8TCQ1,P02786,MARCHF1,TFRC,1,0,1.0,0.6648965
E3|Q8TCQ1|P04229,E3|Q8TCQ1,E3,Q8TCQ1,P04229,MARCHF1,HLA-DRB1,1,0,1.0,0.66194075
E3|Q8TCQ1|P13760,E3|Q8TCQ1,E3,Q8TCQ1,P13760,MARCHF1,HLA-DRB1,1,0,1.0,0.6616842
E3|Q8TCQ1|P13761,E3|Q8TCQ1,E3,Q8TCQ1,P13761,MARCHF1,HLA-DRB1,1,0,1.0,0.6621945
E3|Q8TCQ1|P13762,E3|Q8TCQ1,E3,Q8TCQ1,P13762,MARCHF1,HLA-DRB4,1,0,1.0,0.66525346
E3|Q8TCQ1|P20039,E3|Q8TCQ1,E3,Q8TCQ1,P20039,MARCHF1,HLA-DRB1,1,0,1.0,0.66219854
E3|Q8TCQ1|P33076,E3|Q8TCQ1,E3,Q8TCQ1,P33076,MARCHF1,CIITA,1,0,1.0,0.6601852
E3|Q8TCQ1|P42081,E3|Q8TCQ1,E3,Q8TCQ1,P42081,MARCHF1,CD86,1,0,1.0,0.66440505
E3|Q8TCQ1|P49327,E3|Q8TCQ1,E3,Q8TCQ1,P49327,MARCHF1,FASN,1,0,1.0,0.66208565
E3|Q8TCQ1|P79483,E3|Q8TCQ1,E3,Q8TCQ1,P79483,MARCHF1,HLA-DRB3,1,0,1.0,0.6650288
E3|Q8TCQ1|Q29974,E3|Q8TCQ1,E3,Q8TCQ1,Q29974,MARCHF1,HLA-DRB1,1,0,1.0,0.6624955
E3|Q8TCQ1|Q30134,E3|Q8TCQ1,E3,Q8TCQ1,Q30134,MARCHF1,HLA-DRB1,1,0,1.0,0.66372174
E3|Q8TCQ1|Q30154,E3|Q8TCQ1,E3,Q8TCQ1,Q30154,MARCHF1,HLA-DRB5,1,0,1.0,0.6652729
E3|Q8TCQ1|Q30167,E3|Q8TCQ1,E3,Q8TCQ1,Q30167,MARCHF1,HLA-DRB1,1,0,1.0,0.66057855
E3|Q8TCQ1|Q5Y7A7,E3|Q8TCQ1,E3,Q8TCQ1,Q5Y7A7,MARCHF1,HLA-DRB1,1,0,1.0,0.6625264
E3|Q8TCQ1|Q95IE3,E3|Q8TCQ1,E3,Q8TCQ1,Q95IE3,MARCHF1,HLA-DRB1,1,0,1.0,0.66263866
E3|Q8TCQ1|Q9GIY3,E3|Q8TCQ1,E3,Q8TCQ1,Q9GIY3,MARCHF1,HLA-DRB1,1,0,1.0,0.6630703
E3|Q8TCQ1|Q9TQE0,E3|Q8TCQ1,E3,Q8TCQ1,Q9TQE0,MARCHF1,HLA-DRB1,1,0,1.0,0.66247046
E3|Q8TEL6|P01106,E3|Q8TEL6,E3,Q8TEL6,P01106,TRPC4AP,MYC,1,0,1.0,0.6645149
E3|Q8TEL6|P19838,E3|Q8TEL6,E3,Q8TEL6,P19838,TRPC4AP,NFKB1,1,0,1.0,0.66458833
E3|Q8WU17|O15503,E3|Q8WU17,E3,Q8WU17,O15503,RNF139,INSIG1,1,0,1.0,0.66522634
E3|Q8WU17|Q8WU17,E3|Q8WU17,E3,Q8WU17,Q8WU17,RNF139,RNF139,1,0,1.0,0.66549414
E3|Q8WY64|P01130,E3|Q8WY64,E3,Q8WY64,P01130,MYLIP,LDLR,1,0,1.0,0.665495
E3|Q8WY64|P98155,E3|Q8WY64,E3,Q8WY64,P98155,MYLIP,VLDLR,1,0,1.0,0.6657803
E3|Q8WY64|Q14114,E3|Q8WY64,E3,Q8WY64,Q14114,MYLIP,LRP8,1,0,1.0,0.6654439
E3|Q8WY64|Q8WY64,E3|Q8WY64,E3,Q8WY64,Q8WY64,MYLIP,MYLIP,1,0,1.0,0.66601837
E3|Q8WZ19|P61586,E3|Q8WZ19,E3,Q8WZ19,P61586,KCTD13,RHOA,1,0,1.0,0.66337085
E3|Q96BH1|Q969F2,E3|Q96BH1,E3,Q96BH1,Q969F2,RNF25,NKD2,1,0,1.0,0.6611456
E3|Q96D59|O14763,E3|Q96D59,E3,Q96D59,O14763,RNF183,TNFRSF10B,1,0,1.0,0.66411513
E3|Q96D59|P05026,E3|Q96D59,E3,Q96D59,P05026,RNF183,ATP1B1,1,0,1.0,0.663705
E3|Q96D59|Q07817,E3|Q96D59,E3,Q96D59,Q07817,RNF183,BCL2L1,1,0,1.0,0.6625227
E3|Q96F44|O15169,E3|Q96F44,E3,Q96F44,O15169,TRIM11,AXIN1,1,0,1.0,0.661829
E3|Q96F44|O60346,E3|Q96F44,E3,Q96F44,O60346,TRIM11,PHLPP1,1,0,1.0,0.66171914
E3|Q96F44|P03372,E3|Q96F44,E3,Q96F44,P03372,TRIM11,ESR1,1,0,1.0,0.66434085
E3|Q96F44|P0CJ68,E3|Q96F44,E3,Q96F44,P0CJ68,TRIM11,MTRNR2L1,1,0,1.0,0.6595677
E3|Q96F44|P26367,E3|Q96F44,E3,Q96F44,P26367,TRIM11,PAX6,1,0,1.0,0.660882
E3|Q96F44|P31645,E3|Q96F44,E3,Q96F44,P31645,TRIM11,SLC6A4,1,0,1.0,0.66122955
E3|Q96F44|P42858,E3|Q96F44,E3,Q96F44,P42858,TRIM11,HTT,1,0,1.0,0.6639701
E3|Q96F44|Q16828,E3|Q96F44,E3,Q96F44,Q16828,TRIM11,DUSP6,1,0,1.0,0.6647336
E3|Q96F44|Q96QS3,E3|Q96F44,E3,Q96F44,Q96QS3,TRIM11,ARX,1,0,1.0,0.663614
E3|Q96F44|Q96RN5,E3|Q96F44,E3,Q96F44,Q96RN5,TRIM11,MED15,1,0,1.0,0.66288656
E3|Q96F44|Q9P219,E3|Q96F44,E3,Q96F44,Q9P219,TRIM11,CCDC88C,1,0,1.0,0.6641692
E3|Q96ME1|Q9UJT9,E3|Q96ME1,E3,Q96ME1,Q9UJT9,FBXL18,FBXL7,1,0,1.0,0.66446507
E3|Q96PM5|O14579,E3|Q96PM5,E3,Q96PM5,O14579,RCHY1,COPE,1,0,1.0,0.660505
E3|Q96PM5|O15350,E3|Q96PM5,E3,Q96PM5,O15350,RCHY1,TP73,1,0,1.0,0.66475135
E3|Q96PM5|O75417,E3|Q96PM5,E3,Q96PM5,O75417,RCHY1,POLQ,1,0,1.0,0.6642817
E3|Q96PM5|O96017,E3|Q96PM5,E3,Q96PM5,O96017,RCHY1,CHEK2,1,0,1.0,0.66494626
E3|Q96PM5|P04637,E3|Q96PM5,E3,Q96PM5,P04637,RCHY1,TP53,1,0,1.0,0.66391945
E3|Q96PM5|P46527,E3|Q96PM5,E3,Q96PM5,P46527,RCHY1,CDKN1B,1,0,1.0,0.66113025
E3|Q96PM5|P49458,E3|Q96PM5,E3,Q96PM5,P49458,RCHY1,SRP9,1,0,1.0,0.6642418
E3|Q96PM5|Q13547,E3|Q96PM5,E3,Q96PM5,Q13547,RCHY1,HDAC1,1,0,1.0,0.66434556
E3|Q96PM5|Q15717,E3|Q96PM5,E3,Q96PM5,Q15717,RCHY1,ELAVL1,1,0,1.0,0.6647278
E3|Q96PM5|Q5T7V8,E3|Q96PM5,E3,Q96PM5,Q5T7V8,RCHY1,GORAB,1,0,1.0,0.6594138
E3|Q96PM5|Q96J02,E3|Q96PM5,E3,Q96PM5,Q96J02,RCHY1,ITCH,1,0,1.0,0.6591366
E3|Q96PM5|Q9H3D4,E3|Q96PM5,E3,Q96PM5,Q9H3D4,RCHY1,TP63,1,0,1.0,0.6647119
E3|Q96PM5|Q9Y253,E3|Q96PM5,E3,Q96PM5,Q9Y253,RCHY1,POLH,1,0,1.0,0.66467494
E3|Q96PM5|Q9Y5M8,E3|Q96PM5,E3,Q96PM5,Q9Y5M8,RCHY1,SRPRB,1,0,1.0,0.65946734
E3|Q96RU7|Q07869,E3|Q96RU7,E3,Q96RU7,Q07869,TRIB3,PPARA,1,0,1.0,0.664496
E3|Q96SW2|P10636,E3|Q96SW2,E3,Q96SW2,P10636,CRBN,MAPT,1,0,1.0,0.6620479
E3|Q96SW2|Q13422,E3|Q96SW2,E3,Q96SW2,Q13422,CRBN,IKZF1,1,0,1.0,0.66315585
E3|Q96SW2|Q96SW2,E3|Q96SW2,E3,Q96SW2,Q96SW2,CRBN,CRBN,1,0,1.0,0.66586465
E3|Q96SW2|Q9H3D4,E3|Q96SW2,E3,Q96SW2,Q9H3D4,CRBN,TP63,1,0,1.0,0.66396034
E3|Q96SW2|Q9UJQ4,E3|Q96SW2,E3,Q96SW2,Q9UJQ4,CRBN,SALL4,1,0,1.0,0.6633193
E3|Q96SW2|Q9UKT9,E3|Q96SW2,E3,Q96SW2,Q9UKT9,CRBN,IKZF3,1,0,1.0,0.6638844
E3|Q9BRZ2|O00422,E3|Q9BRZ2,E3,Q9BRZ2,O00422,TRIM56,SAP18,1,0,1.0,0.6643343
E3|Q9BRZ2|P08670,E3|Q9BRZ2,E3,Q9BRZ2,P08670,TRIM56,VIM,1,0,1.0,0.6618867
E3|Q9BRZ2|Q86WV6,E3|Q9BRZ2,E3,Q9BRZ2,Q86WV6,TRIM56,STING1,1,0,1.0,0.6600133
E3|Q9C029|Q04206,E3|Q9C029,E3,Q9C029,Q04206,TRIM7,RELA,1,0,1.0,0.6620962
E3|Q9C029|Q9HCU9,E3|Q9C029,E3,Q9C029,Q9HCU9,TRIM7,BRMS1,1,0,1.0,0.66016
E3|Q9C0C7|Q14457,E3|Q9C0C7,E3,Q9C0C7,Q14457,AMBRA1,BECN1,1,0,1.0,0.6636327
E3|Q9C0C9|O94992,E3|Q9C0C9,E3,Q9C0C9,O94992,UBE2O,HEXIM1,1,0,1.0,0.66521376
E3|Q9C0C9|P50539,E3|Q9C0C9,E3,Q9C0C9,P50539,UBE2O,MXI1,1,0,1.0,0.6636683
E3|Q9H2C0|P14136,E3|Q9H2C0,E3,Q9H2C0,P14136,GAN,GFAP,1,0,1.0,0.6649887
E3|Q9H2C0|P46821,E3|Q9H2C0,E3,Q9H2C0,P46821,GAN,MAP1B,1,0,1.0,0.6658663
E3|Q9H2C0|Q15465,E3|Q9H2C0,E3,Q9H2C0,Q15465,GAN,SHH,1,0,1.0,0.6579331
E3|Q9H2C0|Q66K74,E3|Q9H2C0,E3,Q9H2C0,Q66K74,GAN,MAP1S,1,0,1.0,0.6647533
E3|Q9H2C0|Q676U5,E3|Q9H2C0,E3,Q9H2C0,Q676U5,GAN,ATG16L1,1,0,1.0,0.6610438
E3|Q9H2C0|Q99426,E3|Q9H2C0,E3,Q9H2C0,Q99426,GAN,TBCB,1,0,1.0,0.66611767
E3|Q9H3F6|P62745,E3|Q9H3F6,E3,Q9H3F6,P62745,KCTD10,RHOB,1,0,1.0,0.6598622
E3|Q9H3F6|Q8IUC6,E3|Q9H3F6,E3,Q9H3F6,Q8IUC6,KCTD10,TICAM1,1,0,1.0,0.6628541
E3|Q9H3F6|Q8IW35,E3|Q9H3F6,E3,Q9H3F6,Q8IW35,KCTD10,CEP97,1,0,1.0,0.66440797
E3|Q9H765|Q13123,E3|Q9H765,E3,Q9H765,Q13123,ASB8,IK,1,0,1.0,0.6637163
E3|Q9HCE7|A6NI79,E3|Q9HCE7,E3,Q9HCE7,A6NI79,SMURF1,CCDC69,1,0,1.0,0.66265583
E3|Q9HCE7|O00238,E3|Q9HCE7,E3,Q9HCE7,O00238,SMURF1,BMPR1B,1,0,1.0,0.6623413
E3|Q9HCE7|O00291,E3|Q9HCE7,E3,Q9HCE7,O00291,SMURF1,HIP1,1,0,1.0,0.6648754
E3|Q9HCE7|O14730,E3|Q9HCE7,E3,Q9HCE7,O14730,SMURF1,RIOK3,1,0,1.0,0.66373277
E3|Q9HCE7|O15105,E3|Q9HCE7,E3,Q9HCE7,O15105,SMURF1,SMAD7,1,0,1.0,0.6631153
E3|Q9HCE7|O15169,E3|Q9HCE7,E3,Q9HCE7,O15169,SMURF1,AXIN1,1,0,1.0,0.6635997
E3|Q9HCE7|O43541,E3|Q9HCE7,E3,Q9HCE7,O43541,SMURF1,SMAD6,1,0,1.0,0.6637921
E3|Q9HCE7|O60784,E3|Q9HCE7,E3,Q9HCE7,O60784,SMURF1,TOM1,1,0,1.0,0.6647988
E3|Q9HCE7|O76013,E3|Q9HCE7,E3,Q9HCE7,O76013,SMURF1,KRT36,1,0,1.0,0.6641068
E3|Q9HCE7|O76080,E3|Q9HCE7,E3,Q9HCE7,O76080,SMURF1,ZFAND5,1,0,1.0,0.6634563
E3|Q9HCE7|O95947,E3|Q9HCE7,E3,Q9HCE7,O95947,SMURF1,TBX6,1,0,1.0,0.6597732
E3|Q9HCE7|P04626,E3|Q9HCE7,E3,Q9HCE7,P04626,SMURF1,ERBB2,1,0,1.0,0.6633431
E3|Q9HCE7|P05129,E3|Q9HCE7,E3,Q9HCE7,P05129,SMURF1,PRKCG,1,0,1.0,0.66249466
E3|Q9HCE7|P06239,E3|Q9HCE7,E3,Q9HCE7,P06239,SMURF1,LCK,1,0,1.0,0.6631235
E3|Q9HCE7|P07332,E3|Q9HCE7,E3,Q9HCE7,P07332,SMURF1,FES,1,0,1.0,0.66511697
E3|Q9HCE7|P08133,E3|Q9HCE7,E3,Q9HCE7,P08133,SMURF1,ANXA6,1,0,1.0,0.66398954
E3|Q9HCE7|P09769,E3|Q9HCE7,E3,Q9HCE7,P09769,SMURF1,FGR,1,0,1.0,0.6651161
E3|Q9HCE7|P16234,E3|Q9HCE7,E3,Q9HCE7,P16234,SMURF1,PDGFRA,1,0,1.0,0.663061
E3|Q9HCE7|P17252,E3|Q9HCE7,E3,Q9HCE7,P17252,SMURF1,PRKCA,1,0,1.0,0.66384995
E3|Q9HCE7|P19784,E3|Q9HCE7,E3,Q9HCE7,P19784,SMURF1,CSNK2A2,1,0,1.0,0.6623732
E3|Q9HCE7|P21709,E3|Q9HCE7,E3,Q9HCE7,P21709,SMURF1,EPHA1,1,0,1.0,0.66269165
E3|Q9HCE7|P26038,E3|Q9HCE7,E3,Q9HCE7,P26038,SMURF1,MSN,1,0,1.0,0.66524965
E3|Q9HCE7|P35626,E3|Q9HCE7,E3,Q9HCE7,P35626,SMURF1,ADRBK2,1,0,1.0,0.6645219
E3|Q9HCE7|P36894,E3|Q9HCE7,E3,Q9HCE7,P36894,SMURF1,BMPR1A,1,0,1.0,0.66293937
E3|Q9HCE7|P36897,E3|Q9HCE7,E3,Q9HCE7,P36897,SMURF1,TGFBR1,1,0,1.0,0.6632621
E3|Q9HCE7|P37173,E3|Q9HCE7,E3,Q9HCE7,P37173,SMURF1,TGFBR2,1,0,1.0,0.66264904
E3|Q9HCE7|P37231,E3|Q9HCE7,E3,Q9HCE7,P37231,SMURF1,PPARG,1,0,1.0,0.6618583
E3|Q9HCE7|P41743,E3|Q9HCE7,E3,Q9HCE7,P41743,SMURF1,PRKCI,1,0,1.0,0.6651865
E3|Q9HCE7|P42679,E3|Q9HCE7,E3,Q9HCE7,P42679,SMURF1,MATK,1,0,1.0,0.6628763
E3|Q9HCE7|P45974,E3|Q9HCE7,E3,Q9HCE7,P45974,SMURF1,USP5,1,0,1.0,0.6629417
E3|Q9HCE7|P48730,E3|Q9HCE7,E3,Q9HCE7,P48730,SMURF1,CSNK1D,1,0,1.0,0.6652767
E3|Q9HCE7|P51668,E3|Q9HCE7,E3,Q9HCE7,P51668,SMURF1,UBE2D1,1,0,1.0,0.6635794
E3|Q9HCE7|P51955,E3|Q9HCE7,E3,Q9HCE7,P51955,SMURF1,NEK2,1,0,1.0,0.66265136
E3|Q9HCE7|P54252,E3|Q9HCE7,E3,Q9HCE7,P54252,SMURF1,ATXN3,1,0,1.0,0.6645995
E3|Q9HCE7|P54725,E3|Q9HCE7,E3,Q9HCE7,P54725,SMURF1,RAD23A,1,0,1.0,0.66360503
E3|Q9HCE7|P55036,E3|Q9HCE7,E3,Q9HCE7,P55036,SMURF1,PSMD4,1,0,1.0,0.66301095
E3|Q9HCE7|P60002,E3|Q9HCE7,E3,Q9HCE7,P60002,SMURF1,ELOF1,1,0,1.0,0.6630114
E3|Q9HCE7|P60484,E3|Q9HCE7,E3,Q9HCE7,P60484,SMURF1,PTEN,1,0,1.0,0.6648846
E3|Q9HCE7|P61077,E3|Q9HCE7,E3,Q9HCE7,P61077,SMURF1,UBE2D3,1,0,1.0,0.6641974
E3|Q9HCE7|P61086,E3|Q9HCE7,E3,Q9HCE7,P61086,SMURF1,UBE2K,1,0,1.0,0.66325057
E3|Q9HCE7|P61328,E3|Q9HCE7,E3,Q9HCE7,P61328,SMURF1,FGF12,1,0,1.0,0.6636343
E3|Q9HCE7|P61586,E3|Q9HCE7,E3,Q9HCE7,P61586,SMURF1,RHOA,1,0,1.0,0.6652317
E3|Q9HCE7|P62253,E3|Q9HCE7,E3,Q9HCE7,P62253,SMURF1,UBE2G1,1,0,1.0,0.6638096
E3|Q9HCE7|P63000,E3|Q9HCE7,E3,Q9HCE7,P63000,SMURF1,RAC1,1,0,1.0,0.66341555
E3|Q9HCE7|P67936,E3|Q9HCE7,E3,Q9HCE7,P67936,SMURF1,TPM4,1,0,1.0,0.662828
E3|Q9HCE7|P80192,E3|Q9HCE7,E3,Q9HCE7,P80192,SMURF1,MAP3K9,1,0,1.0,0.663364
E3|Q9HCE7|Q00688,E3|Q9HCE7,E3,Q9HCE7,Q00688,SMURF1,FKBP3,1,0,1.0,0.6633928
E3|Q9HCE7|Q02779,E3|Q9HCE7,E3,Q9HCE7,Q02779,SMURF1,MAP3K10,1,0,1.0,0.6640823
E3|Q9HCE7|Q04771,E3|Q9HCE7,E3,Q9HCE7,Q04771,SMURF1,ACVR1,1,0,1.0,0.6642494
E3|Q9HCE7|Q06187,E3|Q9HCE7,E3,Q9HCE7,Q06187,SMURF1,BTK,1,0,1.0,0.6626401
E3|Q9HCE7|Q08881,E3|Q9HCE7,E3,Q9HCE7,Q08881,SMURF1,ITK,1,0,1.0,0.662396
E3|Q9HCE7|Q13404,E3|Q9HCE7,E3,Q9HCE7,Q13404,SMURF1,UBE2V1,1,0,1.0,0.663148
E3|Q9HCE7|Q13492,E3|Q9HCE7,E3,Q9HCE7,Q13492,SMURF1,PICALM,1,0,1.0,0.66350263
E3|Q9HCE7|Q13873,E3|Q9HCE7,E3,Q9HCE7,Q13873,SMURF1,BMPR2,1,0,1.0,0.662588
E3|Q9HCE7|Q13950,E3|Q9HCE7,E3,Q9HCE7,Q13950,SMURF1,RUNX2,1,0,1.0,0.66119933
E3|Q9HCE7|Q14247,E3|Q9HCE7,E3,Q9HCE7,Q14247,SMURF1,CTTN,1,0,1.0,0.66526496
E3|Q9HCE7|Q15642,E3|Q9HCE7,E3,Q9HCE7,Q15642,SMURF1,TRIP10,1,0,1.0,0.66509753
E3|Q9HCE7|Q15726,E3|Q9HCE7,E3,Q9HCE7,Q15726,SMURF1,KISS1,1,0,1.0,0.66147745
E3|Q9HCE7|Q15750,E3|Q9HCE7,E3,Q9HCE7,Q15750,SMURF1,TAB1,1,0,1.0,0.6644192
E3|Q9HCE7|Q15797,E3|Q9HCE7,E3,Q9HCE7,Q15797,SMURF1,SMAD1,1,0,1.0,0.6620354
E3|Q9HCE7|Q16186,E3|Q9HCE7,E3,Q9HCE7,Q16186,SMURF1,ADRM1,1,0,1.0,0.6630555
E3|Q9HCE7|Q569H4,E3|Q9HCE7,E3,Q9HCE7,Q569H4,SMURF1,PRR16,1,0,1.0,0.66372263
E3|Q9HCE7|Q5BJF6,E3|Q9HCE7,E3,Q9HCE7,Q5BJF6,SMURF1,ODF2,1,0,1.0,0.6626548
E3|Q9HCE7|Q6ZTN6,E3|Q9HCE7,E3,Q9HCE7,Q6ZTN6,SMURF1,ANKRD13D,1,0,1.0,0.66272086
E3|Q9HCE7|Q6ZVM7,E3|Q9HCE7,E3,Q9HCE7,Q6ZVM7,SMURF1,TOM1L2,1,0,1.0,0.6635193
E3|Q9HCE7|Q7KZI7,E3|Q9HCE7,E3,Q9HCE7,Q7KZI7,SMURF1,MARK2,1,0,1.0,0.66525865
E3|Q9HCE7|Q7Z434,E3|Q9HCE7,E3,Q9HCE7,Q7Z434,SMURF1,MAVS,1,0,1.0,0.66395766
E3|Q9HCE7|Q7Z4L4,E3|Q9HCE7,E3,Q9HCE7,Q7Z4L4,SMURF1,TNIK,1,0,1.0,0.6648088
E3|Q9HCE7|Q8IZ07,E3|Q9HCE7,E3,Q9HCE7,Q8IZ07,SMURF1,ANKRD13A,1,0,1.0,0.66290134
E3|Q9HCE7|Q8N0X7,E3|Q9HCE7,E3,Q9HCE7,Q8N0X7,SMURF1,SPART,1,0,1.0,0.66255665
E3|Q9HCE7|Q8N519,E3|Q9HCE7,E3,Q9HCE7,Q8N519,SMURF1,,1,0,1.0,0.66391236
E3|Q9HCE7|Q8N6M0,E3|Q9HCE7,E3,Q9HCE7,Q8N6M0,SMURF1,OTUD6B,1,0,1.0,0.66375303
E3|Q9HCE7|Q8N8V4,E3|Q9HCE7,E3,Q9HCE7,Q8N8V4,SMURF1,ANKS4B,1,0,1.0,0.6630829
E3|Q9HCE7|Q8NFZ5,E3|Q9HCE7,E3,Q9HCE7,Q8NFZ5,SMURF1,TNIP2,1,0,1.0,0.6628719
E3|Q9HCE7|Q8TB46,E3|Q9HCE7,E3,Q9HCE7,Q8TB46,SMURF1,ANKRD50,1,0,1.0,0.6645007
E3|Q9HCE7|Q92519,E3|Q9HCE7,E3,Q9HCE7,Q92519,SMURF1,TRIB2,1,0,1.0,0.6626661
E3|Q9HCE7|Q96C92,E3|Q9HCE7,E3,Q9HCE7,Q96C92,SMURF1,ENTR1,1,0,1.0,0.66390526
E3|Q9HCE7|Q96CS3,E3|Q9HCE7,E3,Q9HCE7,Q96CS3,SMURF1,FAF2,1,0,1.0,0.66428244
E3|Q9HCE7|Q96KG9,E3|Q9HCE7,E3,Q9HCE7,Q96KG9,SMURF1,SCYL1,1,0,1.0,0.6646935
E3|Q9HCE7|Q99717,E3|Q9HCE7,E3,Q9HCE7,Q99717,SMURF1,SMAD5,1,0,1.0,0.6636685
E3|Q9HCE7|Q99988,E3|Q9HCE7,E3,Q9HCE7,Q99988,SMURF1,GDF15,1,0,1.0,0.66132545
E3|Q9HCE7|Q9BRJ6,E3|Q9HCE7,E3,Q9HCE7,Q9BRJ6,SMURF1,C7orf50,1,0,1.0,0.6605196
E3|Q9HCE7|Q9BSL1,E3|Q9HCE7,E3,Q9HCE7,Q9BSL1,SMURF1,UBAC1,1,0,1.0,0.6636733
E3|Q9HCE7|Q9BUZ4,E3|Q9HCE7,E3,Q9HCE7,Q9BUZ4,SMURF1,TRAF4,1,0,1.0,0.66531897
E3|Q9HCE7|Q9BYM8,E3|Q9HCE7,E3,Q9HCE7,Q9BYM8,SMURF1,RBCK1,1,0,1.0,0.66384506
E3|Q9HCE7|Q9BZV1,E3|Q9HCE7,E3,Q9HCE7,Q9BZV1,SMURF1,UBXN6,1,0,1.0,0.6643605
E3|Q9HCE7|Q9H160,E3|Q9HCE7,E3,Q9HCE7,Q9H160,SMURF1,ING2,1,0,1.0,0.65998465
E3|Q9HCE7|Q9H1I8,E3|Q9HCE7,E3,Q9HCE7,Q9H1I8,SMURF1,ASCC2,1,0,1.0,0.66282445
E3|Q9HCE7|Q9H2K8,E3|Q9HCE7,E3,Q9HCE7,Q9H2K8,SMURF1,TAOK3,1,0,1.0,0.6624287
E3|Q9HCE7|Q9H5N1,E3|Q9HCE7,E3,Q9HCE7,Q9H5N1,SMURF1,RABEP2,1,0,1.0,0.6638918
E3|Q9HCE7|Q9H6K1,E3|Q9HCE7,E3,Q9HCE7,Q9H6K1,SMURF1,C6orf106,1,0,1.0,0.66151416
E3|Q9HCE7|Q9H8M7,E3|Q9HCE7,E3,Q9HCE7,Q9H8M7,SMURF1,FAM188A,1,0,1.0,0.663973
E3|Q9HCE7|Q9NSB8,E3|Q9HCE7,E3,Q9HCE7,Q9NSB8,SMURF1,HOMER2,1,0,1.0,0.6623505
E3|Q9HCE7|Q9NWM3,E3|Q9HCE7,E3,Q9HCE7,Q9NWM3,SMURF1,CUEDC1,1,0,1.0,0.663487
E3|Q9HCE7|Q9NZ63,E3|Q9HCE7,E3,Q9HCE7,Q9NZ63,SMURF1,C9orf78,1,0,1.0,0.6626328
E3|Q9HCE7|Q9P1Z2,E3|Q9HCE7,E3,Q9HCE7,Q9P1Z2,SMURF1,CALCOCO1,1,0,1.0,0.663276
E3|Q9HCE7|Q9P270,E3|Q9HCE7,E3,Q9HCE7,Q9P270,SMURF1,SLAIN2,1,0,1.0,0.6627235
E3|Q9HCE7|Q9P2X3,E3|Q9HCE7,E3,Q9HCE7,Q9P2X3,SMURF1,IMPACT,1,0,1.0,0.6648767
E3|Q9HCE7|Q9P2Y5,E3|Q9HCE7,E3,Q9HCE7,Q9P2Y5,SMURF1,UVRAG,1,0,1.0,0.6639753
E3|Q9HCE7|Q9UHD2,E3|Q9HCE7,E3,Q9HCE7,Q9UHD2,SMURF1,TBK1,1,0,1.0,0.6638021
E3|Q9HCE7|Q9UHD9,E3|Q9HCE7,E3,Q9HCE7,Q9UHD9,SMURF1,UBQLN2,1,0,1.0,0.6636324
E3|Q9HCE7|Q9UKE5,E3|Q9HCE7,E3,Q9HCE7,Q9UKE5,SMURF1,TNIK,1,0,1.0,0.663897
E3|Q9HCE7|Q9ULJ7,E3|Q9HCE7,E3,Q9HCE7,Q9ULJ7,SMURF1,ANKRD50,1,0,1.0,0.6639549
E3|Q9HCE7|Q9UM07,E3|Q9HCE7,E3,Q9HCE7,Q9UM07,SMURF1,PADI4,1,0,1.0,0.6624728
E3|Q9HCE7|Q9UMX0,E3|Q9HCE7,E3,Q9HCE7,Q9UMX0,SMURF1,UBQLN1,1,0,1.0,0.6636265
E3|Q9HCE7|Q9Y261,E3|Q9HCE7,E3,Q9HCE7,Q9Y261,SMURF1,FOXA2,1,0,1.0,0.6605121
E3|Q9HCE7|Q9Y2U5,E3|Q9HCE7,E3,Q9HCE7,Q9Y2U5,SMURF1,MAP3K2,1,0,1.0,0.66400295
E3|Q9HCE7|Q9Y490,E3|Q9HCE7,E3,Q9HCE7,Q9Y490,SMURF1,TLN1,1,0,1.0,0.6652578
E3|Q9HCE7|Q9Y4K4,E3|Q9HCE7,E3,Q9HCE7,Q9Y4K4,SMURF1,MAP4K5,1,0,1.0,0.6646615
E3|Q9HCE7|Q9Y508,E3|Q9HCE7,E3,Q9HCE7,Q9Y508,SMURF1,RNF114,1,0,1.0,0.6635183
E3|Q9HCE7|Q9Y5W3,E3|Q9HCE7,E3,Q9HCE7,Q9Y5W3,SMURF1,KLF2,1,0,1.0,0.6621089
E3|Q9HCE7|Q9Y6I3,E3|Q9HCE7,E3,Q9HCE7,Q9Y6I3,SMURF1,EPN1,1,0,1.0,0.66296303
E3|Q9NQ86|Q14653,E3|Q9NQ86,E3,Q9NQ86,Q14653,TRIM36,IRF3,1,0,1.0,0.6636394
E3|Q9NS91|P04637,E3|Q9NS91,E3,Q9NS91,P04637,RAD18,TP53,1,0,1.0,0.6642163
E3|Q9NS91|P12004,E3|Q9NS91,E3,Q9NS91,P12004,RAD18,PCNA,1,0,1.0,0.6645075
E3|Q9NS91|P35250,E3|Q9NS91,E3,Q9NS91,P35250,RAD18,RFC2,1,0,1.0,0.6640341
E3|Q9NS91|Q12888,E3|Q9NS91,E3,Q9NS91,Q12888,RAD18,TP53BP1,1,0,1.0,0.6643384
E3|Q9NS91|Q9BXW9,E3|Q9NS91,E3,Q9NS91,Q9BXW9,RAD18,FANCD2,1,0,1.0,0.66473603
E3|Q9NS91|Q9NS91,E3|Q9NS91,E3,Q9NS91,Q9NS91,RAD18,RAD18,1,0,1.0,0.66614026
E3|Q9NVW2|O43679,E3|Q9NVW2,E3,Q9NVW2,O43679,RLIM,LDB2,1,0,1.0,0.6639555
E3|Q9NVW2|P04637,E3|Q9NVW2,E3,Q9NVW2,P04637,RLIM,TP53,1,0,1.0,0.6642572
E3|Q9NVW2|P16949,E3|Q9NVW2,E3,Q9NVW2,P16949,RLIM,STMN1,1,0,1.0,0.6643821
E3|Q9NVW2|P25791,E3|Q9NVW2,E3,Q9NVW2,P25791,RLIM,LMO2,1,0,1.0,0.66427994
E3|Q9NVW2|P50458,E3|Q9NVW2,E3,Q9NVW2,P50458,RLIM,LHX2,1,0,1.0,0.6609512
E3|Q9NVW2|P53667,E3|Q9NVW2,E3,Q9NVW2,P53667,RLIM,LIMK1,1,0,1.0,0.66434216
E3|Q9NVW2|P54274,E3|Q9NVW2,E3,Q9NVW2,P54274,RLIM,TERF1,1,0,1.0,0.6644299
E3|Q9NVW2|P61968,E3|Q9NVW2,E3,Q9NVW2,P61968,RLIM,LMO4,1,0,1.0,0.66475034
E3|Q9NVW2|Q00987,E3|Q9NVW2,E3,Q9NVW2,Q00987,RLIM,MDM2,1,0,1.0,0.66511416
E3|Q9NVW2|Q86U70,E3|Q9NVW2,E3,Q9NVW2,Q86U70,RLIM,LDB1,1,0,1.0,0.66209996
E3|Q9NVW2|Q92769,E3|Q9NVW2,E3,Q9NVW2,Q92769,RLIM,HDAC2,1,0,1.0,0.6641984
E3|Q9NVW2|Q92994,E3|Q9NVW2,E3,Q9NVW2,Q92994,RLIM,BRF1,1,0,1.0,0.66482353
E3|Q9NVW2|Q96MM3,E3|Q9NVW2,E3,Q9NVW2,Q96MM3,RLIM,ZFP42,1,0,1.0,0.6636877
E3|Q9NVW2|Q9NVW2,E3|Q9NVW2,E3,Q9NVW2,Q9NVW2,RLIM,RLIM,1,0,1.0,0.6658607
E3|Q9NVW2|Q9UBR4,E3|Q9NVW2,E3,Q9NVW2,Q9UBR4,RLIM,LHX3,1,0,1.0,0.6622909
E3|Q9NWF9|O00206,E3|Q9NWF9,E3,Q9NWF9,O00206,RNF216,TLR4,1,0,1.0,0.66197383
E3|Q9NWF9|Q13114,E3|Q9NWF9,E3,Q9NWF9,Q13114,RNF216,TRAF3,1,0,1.0,0.66488713
E3|Q9NWF9|Q13546,E3|Q9NWF9,E3,Q9NWF9,Q13546,RNF216,RIPK1,1,0,1.0,0.66267073
E3|Q9NWF9|Q9NR96,E3|Q9NWF9,E3,Q9NWF9,Q9NR96,RNF216,TLR9,1,0,1.0,0.6633979
E3|Q9NWF9|Q9NR97,E3|Q9NWF9,E3,Q9NWF9,Q9NR97,RNF216,TLR8,1,0,1.0,0.6630223
E3|Q9NWF9|Q9NWF9,E3|Q9NWF9,E3,Q9NWF9,Q9NWF9,RNF216,RNF216,1,0,1.0,0.66556036
E3|Q9NWZ3|Q96FA3,E3|Q9NWZ3,E3,Q9NWZ3,Q96FA3,IRAK4,PELI1,1,0,1.0,0.6643162
E3|Q9P2K6|Q16537,E3|Q9P2K6,E3,Q9P2K6,Q16537,KLHL42,PPP2R5E,1,0,1.0,0.66468304
E3|Q9P2P5|O15350,E3|Q9P2P5,E3,Q9P2P5,O15350,HECW2,TP73,1,0,1.0,0.66490936
E3|Q9P2P5|P12004,E3|Q9P2P5,E3,Q9P2P5,P12004,HECW2,PCNA,1,0,1.0,0.66429794
E3|Q9P2P5|P20700,E3|Q9P2P5,E3,Q9P2P5,P20700,HECW2,LMNB1,1,0,1.0,0.6637923
E3|Q9UBN7|O14757,E3|Q9UBN7,E3,Q9UBN7,O14757,HDAC6,CHEK1,1,0,1.0,0.66569746
E3|Q9UBN7|P08151,E3|Q9UBN7,E3,Q9UBN7,P08151,HDAC6,GLI1,1,0,1.0,0.6649992
E3|Q9UJX6|O95997,E3|Q9UJX6,E3,Q9UJX6,O95997,ANAPC2,PTTG1,1,0,1.0,0.66503364
E3|Q9ULT8|O60331,E3|Q9ULT8,E3,Q9ULT8,O60331,HECTD1,PIP5K1C,1,0,1.0,0.6577577
E3|Q9ULT8|O95863,E3|Q9ULT8,E3,Q9ULT8,O95863,HECTD1,SNAI1,1,0,1.0,0.6652119
E3|Q9ULT8|Q9UPN3,E3|Q9ULT8,E3,Q9ULT8,Q9UPN3,HECTD1,MACF1,1,0,1.0,0.66030145
E3|Q9UMS4|O43395,E3|Q9UMS4,E3,Q9UMS4,O43395,PRPF19,PRPF3,1,0,1.0,0.6645816
E3|Q9UMS4|P15927,E3|Q9UMS4,E3,Q9UMS4,P15927,PRPF19,RPA2,1,0,1.0,0.6651391
E3|Q9UMS4|P27694,E3|Q9UMS4,E3,Q9UMS4,P27694,PRPF19,RPA1,1,0,1.0,0.6650595
E3|Q9UMS4|P67809,E3|Q9UMS4,E3,Q9UMS4,P67809,PRPF19,YBX1,1,0,1.0,0.66188455
E3|Q9UPQ4|Q13114,E3|Q9UPQ4,E3,Q9UPQ4,Q13114,TRIM35,TRAF3,1,0,1.0,0.6608862
E3|Q9UPQ7|O15146,E3|Q9UPQ7,E3,Q9UPQ7,O15146,PDZRN3,MUSK,1,0,1.0,0.65989596
E3|Q9Y574|Q02363,E3|Q9Y574,E3,Q9Y574,Q02363,ASB4,ID2,1,0,1.0,0.6629072
E3|Q9Y6I7|Q92813,E3|Q9Y6I7,E3,Q9Y6I7,Q92813,WSB1,DIO2,1,0,1.0,0.6620557
E3|Q9Y6I7|Q9H2X6,E3|Q9Y6I7,E3,Q9Y6I7,Q9H2X6,WSB1,HIPK2,1,0,1.0,0.6626767
DUB|O15372|O95863,DUB|O15372,DUB,O15372,O95863,EIF3H,SNAI1,1,0,1.0,0.6643657
DUB|O94782|O60346,DUB|O94782,DUB,O94782,O60346,USP1,PHLPP1,1,0,1.0,0.65955454
DUB|O94782|O75385,DUB|O94782,DUB,O94782,O75385,USP1,ULK1,1,0,1.0,0.66385895
DUB|O94782|O95863,DUB|O94782,DUB,O94782,O95863,USP1,SNAI1,1,0,1.0,0.6646213
DUB|O94782|P03372,DUB|O94782,DUB,O94782,P03372,USP1,ESR1,1,0,1.0,0.66230214
DUB|O94782|P10914,DUB|O94782,DUB,O94782,P10914,USP1,IRF1,1,0,1.0,0.66373414
DUB|O94782|P12004,DUB|O94782,DUB,O94782,P12004,USP1,PCNA,1,0,1.0,0.6648398
DUB|O94782|P41134,DUB|O94782,DUB,O94782,P41134,USP1,ID1,1,0,1.0,0.66445744
DUB|O94782|P62249,DUB|O94782,DUB,O94782,P62249,USP1,RPS16,1,0,1.0,0.66448474
DUB|O94782|Q02363,DUB|O94782,DUB,O94782,Q02363,USP1,ID2,1,0,1.0,0.66440934
DUB|O94782|Q02535,DUB|O94782,DUB,O94782,Q02535,USP1,ID3,1,0,1.0,0.6630302
DUB|O94782|Q16635,DUB|O94782,DUB,O94782,Q16635,USP1,TAZ,1,0,1.0,0.66223305
DUB|O94782|Q9BXW9,DUB|O94782,DUB,O94782,Q9BXW9,USP1,FANCD2,1,0,1.0,0.6652348
DUB|O94782|Q9BZK7,DUB|O94782,DUB,O94782,Q9BZK7,USP1,TBL1XR1,1,0,1.0,0.66382533
DUB|O94782|Q9NVI1,DUB|O94782,DUB,O94782,Q9NVI1,USP1,FANCI,1,0,1.0,0.6648154
DUB|P21580|O43353,DUB|P21580,DUB,P21580,O43353,TNFAIP3,RIPK2,1,0,1.0,0.6624438
DUB|P21580|P04637,DUB|P21580,DUB,P21580,P04637,TNFAIP3,TP53,1,0,1.0,0.66357535
DUB|P21580|P19838,DUB|P21580,DUB,P21580,P19838,TNFAIP3,NFKB1,1,0,1.0,0.6625647
DUB|P21580|Q12933,DUB|P21580,DUB,P21580,Q12933,TNFAIP3,TRAF2,1,0,1.0,0.6640372
DUB|P21580|Q13137,DUB|P21580,DUB,P21580,Q13137,TNFAIP3,CALCOCO2,1,0,1.0,0.66357756
DUB|P21580|Q13546,DUB|P21580,DUB,P21580,Q13546,TNFAIP3,RIPK1,1,0,1.0,0.6629232
DUB|P21580|Q14457,DUB|P21580,DUB,P21580,Q14457,TNFAIP3,BECN1,1,0,1.0,0.66436017
DUB|P21580|Q14790,DUB|P21580,DUB,P21580,Q14790,TNFAIP3,CASP8,1,0,1.0,0.6647001
DUB|P21580|Q16625,DUB|P21580,DUB,P21580,Q16625,TNFAIP3,OCLN,1,0,1.0,0.66231996
DUB|P21580|Q92985,DUB|P21580,DUB,P21580,Q92985,TNFAIP3,IRF7,1,0,1.0,0.6633166
DUB|P21580|Q99683,DUB|P21580,DUB,P21580,Q99683,TNFAIP3,MAP3K5,1,0,1.0,0.6642971
DUB|P21580|Q9Y4K3,DUB|P21580,DUB,P21580,Q9Y4K3,TNFAIP3,TRAF6,1,0,1.0,0.6645069
DUB|P21580|Q9Y572,DUB|P21580,DUB,P21580,Q9Y572,TNFAIP3,RIPK3,1,0,1.0,0.66398484
DUB|P21580|Q9Y6K9,DUB|P21580,DUB,P21580,Q9Y6K9,TNFAIP3,IKBKG,1,0,1.0,0.6640415
DUB|Q0WX57|O95760,DUB|Q0WX57,DUB,Q0WX57,O95760,USP17L30,IL33,1,0,1.0,0.66412205
DUB|Q0WX57|P51449,DUB|Q0WX57,DUB,Q0WX57,P51449,USP17L30,RORC,1,0,1.0,0.66041297
DUB|Q0WX57|Q92769,DUB|Q0WX57,DUB,Q0WX57,Q92769,USP17L30,HDAC2,1,0,1.0,0.6599963
DUB|Q0WX57|Q9H7L9,DUB|Q0WX57,DUB,Q0WX57,Q9H7L9,USP17L30,SUDS3,1,0,1.0,0.6598889
DUB|Q0WX57|Q9Y256,DUB|Q0WX57,DUB,Q0WX57,Q9Y256,USP17L30,RCE1,1,0,1.0,0.66543037
DUB|Q13107|O15530,DUB|Q13107,DUB,Q13107,O15530,USP4,PDPK1,1,0,1.0,0.6588841
DUB|Q13107|O43318,DUB|Q13107,DUB,Q13107,O43318,USP4,MAP3K7,1,0,1.0,0.6598146
DUB|Q13107|O43395,DUB|Q13107,DUB,Q13107,O43395,USP4,PRPF3,1,0,1.0,0.66442394
DUB|Q13107|O75365,DUB|Q13107,DUB,Q13107,O75365,USP4,PTP4A3,1,0,1.0,0.65867984
DUB|Q13107|O95786,DUB|Q13107,DUB,Q13107,O95786,USP4,DDX58,1,0,1.0,0.664889
DUB|Q13107|P04637,DUB|Q13107,DUB,Q13107,P04637,USP4,TP53,1,0,1.0,0.66484576
DUB|Q13107|P06400,DUB|Q13107,DUB,Q13107,P06400,USP4,RB1,1,0,1.0,0.6639448
DUB|Q13107|P15884,DUB|Q13107,DUB,Q13107,P15884,USP4,TCF4,1,0,1.0,0.66352284
DUB|Q13107|P19474,DUB|Q13107,DUB,Q13107,P19474,USP4,TRIM21,1,0,1.0,0.6637789
DUB|Q13107|P28749,DUB|Q13107,DUB,Q13107,P28749,USP4,RBL1,1,0,1.0,0.6644842
DUB|Q13107|P29274,DUB|Q13107,DUB,Q13107,P29274,USP4,ADORA2A,1,0,1.0,0.657864
DUB|Q13107|P35222,DUB|Q13107,DUB,Q13107,P35222,USP4,CTNNB1,1,0,1.0,0.66278076
DUB|Q13107|P36897,DUB|Q13107,DUB,Q13107,P36897,USP4,TGFBR1,1,0,1.0,0.65890044
DUB|Q13107|P49116,DUB|Q13107,DUB,Q13107,P49116,USP4,NR2C2,1,0,1.0,0.6646155
DUB|Q13107|P51449,DUB|Q13107,DUB,Q13107,P51449,USP4,RORC,1,0,1.0,0.6647908
DUB|Q13107|P62937,DUB|Q13107,DUB,Q13107,P62937,USP4,PPIA,1,0,1.0,0.6643527
DUB|Q13107|Q02556,DUB|Q13107,DUB,Q13107,Q02556,USP4,IRF8,1,0,1.0,0.66369593
DUB|Q13107|Q08999,DUB|Q13107,DUB,Q13107,Q08999,USP4,RBL2,1,0,1.0,0.66482097
DUB|Q13107|Q12933,DUB|Q13107,DUB,Q13107,Q12933,USP4,TRAF2,1,0,1.0,0.6644648
DUB|Q13107|Q13107,DUB|Q13107,DUB,Q13107,Q13107,USP4,USP4,1,0,1.0,0.66591233
DUB|Q13107|Q13485,DUB|Q13107,DUB,Q13107,Q13485,USP4,SMAD4,1,0,1.0,0.6646187
DUB|Q13107|Q13546,DUB|Q13107,DUB,Q13107,Q13546,USP4,RIPK1,1,0,1.0,0.659225
DUB|Q13107|Q15287,DUB|Q13107,DUB,Q13107,Q15287,USP4,RNPS1,1,0,1.0,0.6646423
DUB|Q13107|Q15306,DUB|Q13107,DUB,Q13107,Q15306,USP4,IRF4,1,0,1.0,0.6625295
DUB|Q13107|Q15382,DUB|Q13107,DUB,Q13107,Q15382,USP4,RHEB,1,0,1.0,0.6595661
DUB|Q13107|Q15672,DUB|Q13107,DUB,Q13107,Q15672,USP4,TWIST1,1,0,1.0,0.66503495
DUB|Q13107|Q7Z6Z7,DUB|Q13107,DUB,Q13107,Q7Z6Z7,USP4,HUWE1,1,0,1.0,0.66414165
DUB|Q13107|Q8WWY3,DUB|Q13107,DUB,Q13107,Q8WWY3,USP4,PRPF31,1,0,1.0,0.6646574
DUB|Q13107|Q92769,DUB|Q13107,DUB,Q13107,Q92769,USP4,HDAC2,1,0,1.0,0.6643862
DUB|Q13107|Q92819,DUB|Q13107,DUB,Q13107,Q92819,USP4,HAS2,1,0,1.0,0.6589264
DUB|Q13107|Q9Y4K3,DUB|Q13107,DUB,Q13107,Q9Y4K3,USP4,TRAF6,1,0,1.0,0.6638263
DUB|Q15040|O15524,DUB|Q15040,DUB,Q15040,O15524,JOSD1,SOCS1,1,0,1.0,0.66531354
DUB|Q15040|Q07820,DUB|Q15040,DUB,Q15040,Q07820,JOSD1,MCL1,1,0,1.0,0.6639448
DUB|Q504Q3|Q99708,DUB|Q504Q3,DUB,Q504Q3,Q99708,PAN2,RBBP8,1,0,1.0,0.6648592
DUB|Q504Q3|Q9Y294,DUB|Q504Q3,DUB,Q504Q3,Q9Y294,PAN2,ASF1A,1,0,1.0,0.6637895
DUB|Q5VV17|O15105,DUB|Q5VV17,DUB,Q5VV17,O15105,OTUD1,SMAD7,1,0,1.0,0.66486573
DUB|Q5VV17|P04637,DUB|Q5VV17,DUB,Q5VV17,P04637,OTUD1,TP53,1,0,1.0,0.664628
DUB|Q5VV17|P46937,DUB|Q5VV17,DUB,Q5VV17,P46937,OTUD1,YAP1,1,0,1.0,0.66126186
DUB|Q5VV17|Q07820,DUB|Q5VV17,DUB,Q5VV17,Q07820,OTUD1,MCL1,1,0,1.0,0.6624518
DUB|Q5VV17|Q14653,DUB|Q5VV17,DUB,Q5VV17,Q14653,OTUD1,IRF3,1,0,1.0,0.6627924
DUB|Q5VV17|Q9HCE7,DUB|Q5VV17,DUB,Q5VV17,Q9HCE7,OTUD1,SMURF1,1,0,1.0,0.66100866
DUB|Q6GQQ9|O60341,DUB|Q6GQQ9,DUB,Q6GQQ9,O60341,OTUD7B,KDM1A,1,0,1.0,0.6638719
DUB|Q6GQQ9|P00533,DUB|Q6GQQ9,DUB,Q6GQQ9,P00533,OTUD7B,EGFR,1,0,1.0,0.66104865
DUB|Q6GQQ9|P08069,DUB|Q6GQQ9,DUB,Q6GQQ9,P08069,OTUD7B,IGF1R,1,0,1.0,0.6600306
DUB|Q6GQQ9|P35222,DUB|Q6GQQ9,DUB,Q6GQQ9,P35222,OTUD7B,CTNNB1,1,0,1.0,0.6640291
DUB|Q6GQQ9|P43403,DUB|Q6GQQ9,DUB,Q6GQQ9,P43403,OTUD7B,ZAP70,1,0,1.0,0.66253245
DUB|Q6GQQ9|P48431,DUB|Q6GQQ9,DUB,Q6GQQ9,P48431,OTUD7B,SOX2,1,0,1.0,0.66375685
DUB|Q6GQQ9|Q13042,DUB|Q6GQQ9,DUB,Q6GQQ9,Q13042,OTUD7B,CDC16,1,0,1.0,0.6641764
DUB|Q6GQQ9|Q13114,DUB|Q6GQQ9,DUB,Q6GQQ9,Q13114,OTUD7B,TRAF3,1,0,1.0,0.6632874
DUB|Q6GQQ9|Q13546,DUB|Q6GQQ9,DUB,Q6GQQ9,Q13546,OTUD7B,RIPK1,1,0,1.0,0.660479
DUB|Q6GQQ9|Q9Y4K3,DUB|Q6GQQ9,DUB,Q6GQQ9,Q9Y4K3,OTUD7B,TRAF6,1,0,1.0,0.6650284
DUB|Q70CQ1|P04637,DUB|Q70CQ1,DUB,Q70CQ1,P04637,USP49,TP53,1,0,1.0,0.6642165
DUB|Q70CQ1|P28562,DUB|Q70CQ1,DUB,Q70CQ1,P28562,USP49,DUSP1,1,0,1.0,0.66495353
DUB|Q70CQ1|P60484,DUB|Q70CQ1,DUB,Q70CQ1,P60484,USP49,PTEN,1,0,1.0,0.6634197
DUB|Q70CQ1|P62807,DUB|Q70CQ1,DUB,Q70CQ1,P62807,USP49,HIST1H2BI,1,0,1.0,0.6637755
DUB|Q70CQ1|Q02790,DUB|Q70CQ1,DUB,Q70CQ1,Q02790,USP49,FKBP4,1,0,1.0,0.66430444
DUB|Q70CQ1|Q13451,DUB|Q70CQ1,DUB,Q70CQ1,Q13451,USP49,FKBP5,1,0,1.0,0.66467744
DUB|Q70CQ1|Q16778,DUB|Q70CQ1,DUB,Q70CQ1,Q16778,USP49,HIST2H2BE,1,0,1.0,0.6643211
DUB|Q70CQ1|Q86WV6,DUB|Q70CQ1,DUB,Q70CQ1,Q86WV6,USP49,STING1,1,0,1.0,0.6616472
DUB|Q70CQ1|Q9HC16,DUB|Q70CQ1,DUB,Q70CQ1,Q9HC16,USP49,APOBEC3G,1,0,1.0,0.6636022
DUB|Q86T82|O95863,DUB|Q86T82,DUB,Q86T82,O95863,USP37,SNAI1,1,0,1.0,0.6649813
DUB|Q86T82|P01106,DUB|Q86T82,DUB,Q86T82,P01106,USP37,MYC,1,0,1.0,0.66488385
DUB|Q86T82|P0C0S8,DUB|Q86T82,DUB,Q86T82,P0C0S8,USP37,HIST1H2AM,1,0,1.0,0.6642226
DUB|Q86T82|P20248,DUB|Q86T82,DUB,Q86T82,P20248,USP37,CCNA2,1,0,1.0,0.66541666
DUB|Q86T82|P40305,DUB|Q86T82,DUB,Q86T82,P40305,USP37,IFI27,1,0,1.0,0.65858066
DUB|Q86T82|P46527,DUB|Q86T82,DUB,Q86T82,P46527,USP37,CDKN1B,1,0,1.0,0.6601764
DUB|Q86T82|P78396,DUB|Q86T82,DUB,Q86T82,P78396,USP37,CCNA1,1,0,1.0,0.66489047
DUB|Q86T82|Q05516,DUB|Q86T82,DUB,Q86T82,Q05516,USP37,ZBTB16,1,0,1.0,0.6645007
DUB|Q86T82|Q99814,DUB|Q86T82,DUB,Q86T82,Q99814,USP37,EPAS1,1,0,1.0,0.6650657
DUB|Q86T82|Q9H211,DUB|Q86T82,DUB,Q86T82,Q9H211,USP37,CDT1,1,0,1.0,0.66542435
DUB|Q93008|A5PKW4,DUB|Q93008,DUB,Q93008,A5PKW4,USP9X,PSD,1,0,1.0,0.6576
DUB|Q93008|O00327,DUB|Q93008,DUB,Q93008,O00327,USP9X,ARNTL,1,0,1.0,0.6643877
DUB|Q93008|O00512,DUB|Q93008,DUB,Q93008,O00512,USP9X,BCL9,1,0,1.0,0.6613524
DUB|Q93008|O14641,DUB|Q93008,DUB,Q93008,O14641,USP9X,DVL2,1,0,1.0,0.6597264
DUB|Q93008|O14684,DUB|Q93008,DUB,Q93008,O14684,USP9X,PTGES,1,0,1.0,0.66234297
DUB|Q93008|O43524,DUB|Q93008,DUB,Q93008,O43524,USP9X,FOXO3,1,0,1.0,0.663045
DUB|Q93008|O60285,DUB|Q93008,DUB,Q93008,O60285,USP9X,NUAK1,1,0,1.0,0.6650433
DUB|Q93008|O95835,DUB|Q93008,DUB,Q93008,O95835,USP9X,LATS1,1,0,1.0,0.6658842
DUB|Q93008|O95999,DUB|Q93008,DUB,Q93008,O95999,USP9X,BCL10,1,0,1.0,0.664417
DUB|Q93008|P04626,DUB|Q93008,DUB,Q93008,P04626,USP9X,ERBB2,1,0,1.0,0.65873057
DUB|Q93008|P04637,DUB|Q93008,DUB,Q93008,P04637,USP9X,TP53,1,0,1.0,0.6646294
DUB|Q93008|P11308,DUB|Q93008,DUB,Q93008,P11308,USP9X,ERG,1,0,1.0,0.66299766
DUB|Q93008|P12830,DUB|Q93008,DUB,Q93008,P12830,USP9X,CDH1,1,0,1.0,0.6610967
DUB|Q93008|P14921,DUB|Q93008,DUB,Q93008,P14921,USP9X,ETS1,1,0,1.0,0.66220385
DUB|Q93008|P16949,DUB|Q93008,DUB,Q93008,P16949,USP9X,STMN1,1,0,1.0,0.6658543
DUB|Q93008|P23588,DUB|Q93008,DUB,Q93008,P23588,USP9X,EIF4B,1,0,1.0,0.66453034
DUB|Q93008|P33981,DUB|Q93008,DUB,Q93008,P33981,USP9X,TTK,1,0,1.0,0.6648867
DUB|Q93008|P35222,DUB|Q93008,DUB,Q93008,P35222,USP9X,CTNNB1,1,0,1.0,0.6625518
DUB|Q93008|P37840,DUB|Q93008,DUB,Q93008,P37840,USP9X,SNCA,1,0,1.0,0.6612998
DUB|Q93008|P38398,DUB|Q93008,DUB,Q93008,P38398,USP9X,BRCA1,1,0,1.0,0.6650574
DUB|Q93008|P42345,DUB|Q93008,DUB,Q93008,P42345,USP9X,MTOR,1,0,1.0,0.6596236
DUB|Q93008|P42566,DUB|Q93008,DUB,Q93008,P42566,USP9X,EPS15,1,0,1.0,0.6586092
DUB|Q93008|P43403,DUB|Q93008,DUB,Q93008,P43403,USP9X,ZAP70,1,0,1.0,0.6611337
DUB|Q93008|P46937,DUB|Q93008,DUB,Q93008,P46937,USP9X,YAP1,1,0,1.0,0.6613023
DUB|Q93008|P47895,DUB|Q93008,DUB,Q93008,P47895,USP9X,ALDH1A3,1,0,1.0,0.66476035
DUB|Q93008|P48431,DUB|Q93008,DUB,Q93008,P48431,USP9X,SOX2,1,0,1.0,0.6645367
DUB|Q93008|P50542,DUB|Q93008,DUB,Q93008,P50542,USP9X,PEX5,1,0,1.0,0.66235304
DUB|Q93008|P60842,DUB|Q93008,DUB,Q93008,P60842,USP9X,EIF4A1,1,0,1.0,0.65944016
DUB|Q93008|Q07820,DUB|Q93008,DUB,Q93008,Q07820,USP9X,MCL1,1,0,1.0,0.6624963
DUB|Q93008|Q12809,DUB|Q93008,DUB,Q93008,Q12809,USP9X,KCNH2,1,0,1.0,0.65792537
DUB|Q93008|Q13485,DUB|Q93008,DUB,Q93008,Q13485,USP9X,SMAD4,1,0,1.0,0.6647048
DUB|Q93008|Q14457,DUB|Q93008,DUB,Q93008,Q14457,USP9X,BECN1,1,0,1.0,0.6605819
DUB|Q93008|Q15051,DUB|Q93008,DUB,Q93008,Q15051,USP9X,IQCB1,1,0,1.0,0.66582143
DUB|Q93008|Q15154,DUB|Q93008,DUB,Q93008,Q15154,USP9X,PCM1,1,0,1.0,0.665772
DUB|Q93008|Q15797,DUB|Q93008,DUB,Q93008,Q15797,USP9X,SMAD1,1,0,1.0,0.664497
DUB|Q93008|Q53EZ4,DUB|Q93008,DUB,Q93008,Q53EZ4,USP9X,CEP55,1,0,1.0,0.6657971
DUB|Q93008|Q6R327,DUB|Q93008,DUB,Q93008,Q6R327,USP9X,RICTOR,1,0,1.0,0.6591639
DUB|Q93008|Q86YR5,DUB|Q93008,DUB,Q93008,Q86YR5,USP9X,GPSM1,1,0,1.0,0.6583774
DUB|Q93008|Q86YT6,DUB|Q93008,DUB,Q93008,Q86YT6,USP9X,MIB1,1,0,1.0,0.6617401
DUB|Q93008|Q8NAP3,DUB|Q93008,DUB,Q93008,Q8NAP3,USP9X,ZBTB38,1,0,1.0,0.66435194
DUB|Q93008|Q8WTU0,DUB|Q93008,DUB,Q93008,Q8WTU0,USP9X,DDI1,1,0,1.0,0.6644745
DUB|Q93008|Q969H0,DUB|Q93008,DUB,Q93008,Q969H0,USP9X,FBXW7,1,0,1.0,0.6648434
DUB|Q93008|Q96J02,DUB|Q93008,DUB,Q93008,Q96J02,USP9X,ITCH,1,0,1.0,0.6597316
DUB|Q93008|Q96L34,DUB|Q93008,DUB,Q93008,Q96L34,USP9X,MARK4,1,0,1.0,0.66574067
DUB|Q93008|Q96RU7,DUB|Q93008,DUB,Q93008,Q96RU7,USP9X,TRIB3,1,0,1.0,0.66478246
DUB|Q93008|Q99683,DUB|Q93008,DUB,Q93008,Q99683,USP9X,MAP3K5,1,0,1.0,0.6603293
DUB|Q93008|Q9H3R0,DUB|Q93008,DUB,Q93008,Q9H3R0,USP9X,KDM4C,1,0,1.0,0.66446286
DUB|Q93008|Q9H6Z9,DUB|Q93008,DUB,Q93008,Q9H6Z9,USP9X,EGLN3,1,0,1.0,0.6650874
DUB|Q93008|Q9H992,DUB|Q93008,DUB,Q93008,Q9H992,USP9X,MARCHF7,1,0,1.0,0.66452587
DUB|Q93008|Q9HCE7,DUB|Q93008,DUB,Q93008,Q9HCE7,USP9X,SMURF1,1,0,1.0,0.6610512
DUB|Q93008|Q9NRM7,DUB|Q93008,DUB,Q93008,Q9NRM7,USP9X,LATS2,1,0,1.0,0.66584057
DUB|Q93008|Q9NYV9,DUB|Q93008,DUB,Q93008,Q9NYV9,USP9X,TAS2R13,1,0,1.0,0.664564
DUB|Q93008|Q9NZQ7,DUB|Q93008,DUB,Q93008,Q9NZQ7,USP9X,CD274,1,0,1.0,0.6586302
DUB|Q93008|Q9UPN4,DUB|Q93008,DUB,Q93008,Q9UPN4,USP9X,CEP131,1,0,1.0,0.66387206
DUB|Q93008|Q9Y2J4,DUB|Q93008,DUB,Q93008,Q9Y2J4,USP9X,AMOTL2,1,0,1.0,0.6613245
DUB|Q93008|Q9Y4H2,DUB|Q93008,DUB,Q93008,Q9Y4H2,USP9X,IRS2,1,0,1.0,0.6637453
DUB|Q93008|Q9Y4L5,DUB|Q93008,DUB,Q93008,Q9Y4L5,USP9X,RNF115,1,0,1.0,0.6595278
DUB|Q96BN8|O75143,DUB|Q96BN8,DUB,Q96BN8,O75143,OTULIN,ATG13,1,0,1.0,0.6647003
DUB|Q96BN8|P37023,DUB|Q96BN8,DUB,Q96BN8,P37023,OTULIN,ACVRL1,1,0,1.0,0.6597216
DUB|Q96BN8|Q9Y6K9,DUB|Q96BN8,DUB,Q96BN8,Q9Y6K9,OTULIN,IKBKG,1,0,1.0,0.6648132
DUB|Q96FW1|O95863,DUB|Q96FW1,DUB,Q96FW1,O95863,OTUB1,SNAI1,1,0,1.0,0.66444093
DUB|Q96FW1|P03372,DUB|Q96FW1,DUB,Q96FW1,P03372,OTUB1,ESR1,1,0,1.0,0.662264
DUB|Q96FW1|P04637,DUB|Q96FW1,DUB,Q96FW1,P04637,OTUB1,TP53,1,0,1.0,0.6648667
DUB|Q96FW1|P10636,DUB|Q96FW1,DUB,Q96FW1,P10636,OTUB1,MAPT,1,0,1.0,0.6618679
DUB|Q96FW1|P22736,DUB|Q96FW1,DUB,Q96FW1,P22736,OTUB1,NR4A1,1,0,1.0,0.6636446
DUB|Q96FW1|P27694,DUB|Q96FW1,DUB,Q96FW1,P27694,OTUB1,RPA1,1,0,1.0,0.6649807
DUB|Q96FW1|P43246,DUB|Q96FW1,DUB,Q96FW1,P43246,OTUB1,MSH2,1,0,1.0,0.66456676
DUB|Q96FW1|P51965,DUB|Q96FW1,DUB,Q96FW1,P51965,OTUB1,UBE2E1,1,0,1.0,0.6643376
DUB|Q96FW1|P61088,DUB|Q96FW1,DUB,Q96FW1,P61088,OTUB1,UBE2N,1,0,1.0,0.6644177
DUB|Q96FW1|P84022,DUB|Q96FW1,DUB,Q96FW1,P84022,OTUB1,SMAD3,1,0,1.0,0.6640037
DUB|Q96FW1|Q08050,DUB|Q96FW1,DUB,Q96FW1,Q08050,OTUB1,FOXM1,1,0,1.0,0.6642593
DUB|Q96FW1|Q13114,DUB|Q96FW1,DUB,Q96FW1,Q13114,OTUB1,TRAF3,1,0,1.0,0.66237336
DUB|Q96FW1|Q13490,DUB|Q96FW1,DUB,Q96FW1,Q13490,OTUB1,BIRC2,1,0,1.0,0.66389954
DUB|Q96FW1|Q15796,DUB|Q96FW1,DUB,Q96FW1,Q15796,OTUB1,SMAD2,1,0,1.0,0.6637255
DUB|Q96FW1|Q8TB45,DUB|Q96FW1,DUB,Q96FW1,Q8TB45,OTUB1,DEPTOR,1,0,1.0,0.661433
DUB|Q96FW1|Q9NZQ7,DUB|Q96FW1,DUB,Q96FW1,Q9NZQ7,OTUB1,CD274,1,0,1.0,0.65929204
DUB|Q96FW1|Q9UPY5,DUB|Q96FW1,DUB,Q96FW1,Q9UPY5,OTUB1,SLC7A11,1,0,1.0,0.65879524
DUB|Q96FW1|Q9Y4K3,DUB|Q96FW1,DUB,Q96FW1,Q9Y4K3,OTUB1,TRAF6,1,0,1.0,0.66410094
DUB|Q96JH7|Q9H040,DUB|Q96JH7,DUB,Q96JH7,Q9H040,VCPIP1,SPRTN,1,0,1.0,0.66234463
DUB|Q96JH7|Q9NY99,DUB|Q96JH7,DUB,Q96JH7,Q9NY99,VCPIP1,SNTG2,1,0,1.0,0.6643835
DUB|Q9C040|O95863,DUB|Q9C040,DUB,Q9C040,O95863,TRIM2,SNAI1,1,0,1.0,0.66393256
DUB|Q9H0E7|O15169,DUB|Q9H0E7,DUB,Q9H0E7,O15169,USP44,AXIN1,1,0,1.0,0.6576209
DUB|Q9H0E7|P09467,DUB|Q9H0E7,DUB,Q9H0E7,P09467,USP44,FBP1,1,0,1.0,0.6638567
DUB|Q9H0E7|P0C0S8,DUB|Q9H0E7,DUB,Q9H0E7,P0C0S8,USP44,HIST1H2AM,1,0,1.0,0.6641662
DUB|Q9H0E7|Q01860,DUB|Q9H0E7,DUB,Q9H0E7,Q01860,USP44,POU5F1,1,0,1.0,0.6645581
DUB|Q9H0E7|Q12834,DUB|Q9H0E7,DUB,Q9H0E7,Q12834,USP44,CDC20,1,0,1.0,0.66432524
DUB|Q9H0E7|Q13257,DUB|Q9H0E7,DUB,Q9H0E7,Q13257,USP44,MAD2L1,1,0,1.0,0.6640247
DUB|Q9H0E7|Q15910,DUB|Q9H0E7,DUB,Q9H0E7,Q15910,USP44,EZH2,1,0,1.0,0.6646826
DUB|Q9H0E7|Q16777,DUB|Q9H0E7,DUB,Q9H0E7,Q16777,USP44,HIST2H2AC,1,0,1.0,0.6643365
DUB|Q9H0E7|Q16778,DUB|Q9H0E7,DUB,Q9H0E7,Q16778,USP44,HIST2H2BE,1,0,1.0,0.6642644
DUB|Q9H0E7|Q86WV6,DUB|Q9H0E7,DUB,Q9H0E7,Q86WV6,USP44,STING1,1,0,1.0,0.6587142
DUB|Q9H0E7|Q9BZS1,DUB|Q9H0E7,DUB,Q9H0E7,Q9BZS1,USP44,FOXP3,1,0,1.0,0.66406465
DUB|Q9H9J4|P04637,DUB|Q9H9J4,DUB,Q9H9J4,P04637,USP42,TP53,1,0,1.0,0.6641619
DUB|Q9H9J4|P14780,DUB|Q9H9J4,DUB,Q9H9J4,P14780,USP42,MMP9,1,0,1.0,0.6566795
DUB|Q9H9J4|P62807,DUB|Q9H9J4,DUB,Q9H9J4,P62807,USP42,HIST1H2BI,1,0,1.0,0.66453606
E3|A8MQ27|P05026,E3|A8MQ27,E3,A8MQ27,P05026,NEURL1B,ATP1B1,0,0,0.0,0.6618503
E3|A8MQ27|O15354,E3|A8MQ27,E3,A8MQ27,O15354,NEURL1B,GPR37,0,0,0.0,0.66196865
E3|A8MQ27|O00763,E3|A8MQ27,E3,A8MQ27,O00763,NEURL1B,ACACB,0,0,0.0,0.6630547
E3|A8MQ27|P43699,E3|A8MQ27,E3,A8MQ27,P43699,NEURL1B,NKX2-1,0,0,0.0,0.659774
E3|O00308|Q04771,E3|O00308,E3,O00308,Q04771,WWP2,ACVR1,0,0,0.0,0.6634715
E3|O00308|Q8NBP7,E3|O00308,E3,O00308,Q8NBP7,WWP2,PCSK9,0,0,0.0,0.65843725
E3|O00308|Q16537,E3|O00308,E3,O00308,Q16537,WWP2,PPP2R5E,0,0,0.0,0.6643689
E3|O00308|P78380,E3|O00308,E3,O00308,P78380,WWP2,OLR1,0,0,0.0,0.65762615
E3|O00308|Q96HE7,E3|O00308,E3,O00308,Q96HE7,WWP2,ERO1A,0,0,0.0,0.65858203
E3|O00308|P56750,E3|O00308,E3,O00308,P56750,WWP2,CLDN17,0,0,0.0,0.6582555
E3|O00308|Q12959,E3|O00308,E3,O00308,Q12959,WWP2,DLG1,0,0,0.0,0.65872806
E3|O00308|P49757,E3|O00308,E3,O00308,P49757,WWP2,NUMB,0,0,0.0,0.65882975
E3|O00308|O95502,E3|O00308,E3,O00308,O95502,WWP2,NPTXR,0,0,0.0,0.6631696
E3|O00308|Q01813,E3|O00308,E3,O00308,Q01813,WWP2,PFKP,0,0,0.0,0.663283
E3|O00308|Q16620,E3|O00308,E3,O00308,Q16620,WWP2,NTRK2,0,0,0.0,0.65828454
E3|O00308|Q96BN8,E3|O00308,E3,O00308,Q96BN8,WWP2,OTULIN,0,0,0.0,0.6633937
E3|O00308|O00418,E3|O00308,E3,O00308,O00418,WWP2,EEF2K,0,0,0.0,0.6642159
E3|O14508|P41182,E3|O14508,E3,O14508,P41182,SOCS2,BCL6,0,0,0.0,0.6623836
E3|O14508|Q70SY1,E3|O14508,E3,O14508,Q70SY1,SOCS2,CREB3L2,0,0,0.0,0.664024
E3|O14508|P61587,E3|O14508,E3,O14508,P61587,SOCS2,RND3,0,0,0.0,0.6646415
E3|O15151|Q96EQ8,E3|O15151,E3,O15151,Q96EQ8,MDM4,RNF125,0,0,0.0,0.6582565
E3|O15151|Q8NEB9,E3|O15151,E3,O15151,Q8NEB9,MDM4,PIK3C3,0,0,0.0,0.65975296
E3|O15151|O60486,E3|O15151,E3,O15151,O60486,MDM4,PLXNC1,0,0,0.0,0.66209054
E3|O15151|Q16589,E3|O15151,E3,O15151,Q16589,MDM4,CCNG2,0,0,0.0,0.6634316
E3|O75592|P46109,E3|O75592,E3,O75592,P46109,MYCBP2,CRKL,0,0,0.0,0.6627935
E3|O94955|P37275,E3|O94955,E3,O94955,P37275,RHOBTB3,ZEB1,0,0,0.0,0.660846
E3|O94955|Q6NUN9,E3|O94955,E3,O94955,Q6NUN9,RHOBTB3,ZNF746,0,0,0.0,0.6617903
E3|O95198|O14543,E3|O95198,E3,O95198,O14543,KLHL2,SOCS3,0,0,0.0,0.66189986
E3|O95198|P12755,E3|O95198,E3,O95198,P12755,KLHL2,SKI,0,0,0.0,0.6645445
E3|O95198|O14867,E3|O95198,E3,O95198,O14867,KLHL2,BACH1,0,0,0.0,0.6649254
E3|O95198|P24864,E3|O95198,E3,O95198,P24864,KLHL2,CCNE1,0,0,0.0,0.66512257
E3|O95198|P37275,E3|O95198,E3,O95198,P37275,KLHL2,ZEB1,0,0,0.0,0.664178
E3|O95198|O00308,E3|O95198,E3,O95198,O00308,KLHL2,WWP2,0,0,0.0,0.66449153
E3|O95628|P31994,E3|O95628,E3,O95628,P31994,CNOT4,FCGR2B,0,0,0.0,0.6555996
E3|P03126|Q8ND25,E3|P03126,E3,P03126,Q8ND25,E6,ZNRF1,0,0,0.0,0.6601788
E3|P03126|P14077,E3|P03126,E3,P03126,P14077,E6,gag,0,0,0.0,0.65837455
E3|P03126|P50579,E3|P03126,E3,P03126,P50579,E6,METAP2,0,0,0.0,0.6616569
E3|P03126|Q96BR9,E3|P03126,E3,P03126,Q96BR9,E6,ZBTB8A,0,0,0.0,0.6627574
E3|P03126|P35558,E3|P03126,E3,P03126,P35558,E6,PCK1,0,0,0.0,0.6595238
E3|P03126|Q14164,E3|P03126,E3,P03126,Q14164,E6,IKBKE,0,0,0.0,0.6632167
E3|P03126|P07333,E3|P03126,E3,P03126,P07333,E6,CSF1R,0,0,0.0,0.6580117
E3|P03126|P29474,E3|P03126,E3,P03126,P29474,E6,NOS3,0,0,0.0,0.6609896
E3|P08393|Q9BYX4,E3|P08393,E3,P08393,Q9BYX4,ICP0,IFIH1,0,0,0.0,0.66054404
E3|P08393|O75460,E3|P08393,E3,P08393,O75460,ICP0,ERN1,0,0,0.0,0.65795785
E3|P08393|Q9HB71,E3|P08393,E3,P08393,Q9HB71,ICP0,CACYBP,0,0,0.0,0.66244644
E3|P08393|Q8WZ73,E3|P08393,E3,P08393,Q8WZ73,ICP0,RFFL,0,0,0.0,0.65733045
E3|P08393|Q92674,E3|P08393,E3,P08393,Q92674,ICP0,CENPI,0,0,0.0,0.663773
E3|P08393|P23258,E3|P08393,E3,P08393,P23258,ICP0,TUBG1,0,0,0.0,0.66377944
E3|P08393|P04035,E3|P08393,E3,P08393,P04035,ICP0,HMGCR,0,0,0.0,0.6578546
E3|P08393|O75417,E3|P08393,E3,P08393,O75417,ICP0,POLQ,0,0,0.0,0.6639015
E3|P08393|P98174,E3|P08393,E3,P08393,P98174,ICP0,FGD1,0,0,0.0,0.663659
E3|P08393|Q7Z6J0,E3|P08393,E3,P08393,Q7Z6J0,ICP0,SH3RF1,0,0,0.0,0.6598769
E3|P08393|Q9Y4E8,E3|P08393,E3,P08393,Q9Y4E8,ICP0,USP15,0,0,0.0,0.6622668
E3|P08393|P62979,E3|P08393,E3,P08393,P62979,ICP0,RPS27A,0,0,0.0,0.6628451
E3|P08393|Q6Q0C0,E3|P08393,E3,P08393,Q6Q0C0,ICP0,TRAF7,0,0,0.0,0.66074276
E3|P08393|P05129,E3|P08393,E3,P08393,P05129,ICP0,PRKCG,0,0,0.0,0.6567657
E3|P08393|Q16537,E3|P08393,E3,P08393,Q16537,ICP0,PPP2R5E,0,0,0.0,0.66362125
E3|P08393|P41182,E3|P08393,E3,P08393,P41182,ICP0,BCL6,0,0,0.0,0.6643207
E3|P08393|O00716,E3|P08393,E3,P08393,O00716,ICP0,E2F3,0,0,0.0,0.66428417
E3|P08393|Q9Y490,E3|P08393,E3,P08393,Q9Y490,ICP0,TLN1,0,0,0.0,0.6601407
E3|P08393|P12757,E3|P08393,E3,P08393,P12757,ICP0,SKIL,0,0,0.0,0.6640671
E3|P08393|Q9Y253,E3|P08393,E3,P08393,Q9Y253,ICP0,POLH,0,0,0.0,0.66391015
E3|P08393|P06748,E3|P08393,E3,P08393,P06748,ICP0,NPM1,0,0,0.0,0.6638591
E3|P08393|Q02535,E3|P08393,E3,P08393,Q02535,ICP0,ID3,0,0,0.0,0.663424
E3|P08393|Q99988,E3|P08393,E3,P08393,Q99988,ICP0,GDF15,0,0,0.0,0.65621924
E3|P08393|Q8N6P7,E3|P08393,E3,P08393,Q8N6P7,ICP0,IL22RA1,0,0,0.0,0.6566653
E3|P08393|P10275,E3|P08393,E3,P08393,P10275,ICP0,AR,0,0,0.0,0.6640449
E3|P08393|Q9NQA5,E3|P08393,E3,P08393,Q9NQA5,ICP0,TRPV5,0,0,0.0,0.6567619
E3|P08393|Q9NS87,E3|P08393,E3,P08393,Q9NS87,ICP0,KIF15,0,0,0.0,0.66375285
E3|P08393|P35226,E3|P08393,E3,P08393,P35226,ICP0,BMI1,0,0,0.0,0.664021
E3|P08393|Q06187,E3|P08393,E3,P08393,Q06187,ICP0,BTK,0,0,0.0,0.656917
E3|P08393|Q9H8M7,E3|P08393,E3,P08393,Q9H8M7,ICP0,FAM188A,0,0,0.0,0.661869
E3|P08393|Q16828,E3|P08393,E3,P08393,Q16828,ICP0,DUSP6,0,0,0.0,0.6637199
E3|P08393|P42261,E3|P08393,E3,P08393,P42261,ICP0,GRIA1,0,0,0.0,0.6572456
E3|P08393|Q30167,E3|P08393,E3,P08393,Q30167,ICP0,HLA-DRB1,0,0,0.0,0.66101706
E3|P08393|Q14790,E3|P08393,E3,P08393,Q14790,ICP0,CASP8,0,0,0.0,0.6620505
E3|P08393|P09874,E3|P08393,E3,P08393,P09874,ICP0,PARP1,0,0,0.0,0.6638567
E3|P08393|Q9UJT9,E3|P08393,E3,P08393,Q9UJT9,ICP0,FBXL7,0,0,0.0,0.6636538
E3|P08393|O15534,E3|P08393,E3,P08393,O15534,ICP0,PER1,0,0,0.0,0.6643374
E3|P08393|Q16620,E3|P08393,E3,P08393,Q16620,ICP0,NTRK2,0,0,0.0,0.65702546
E3|P08393|Q53EL6,E3|P08393,E3,P08393,Q53EL6,ICP0,PDCD4,0,0,0.0,0.66362774
E3|P08393|Q569H4,E3|P08393,E3,P08393,Q569H4,ICP0,PRR16,0,0,0.0,0.6630427
E3|P08393|P20963,E3|P08393,E3,P08393,P20963,ICP0,CD247,0,0,0.0,0.65668404
E3|P08393|Q9BRS2,E3|P08393,E3,P08393,Q9BRS2,ICP0,RIOK1,0,0,0.0,0.66347736
E3|P08393|O95994,E3|P08393,E3,P08393,O95994,ICP0,AGR2,0,0,0.0,0.65945935
E3|P08393|O75915,E3|P08393,E3,P08393,O75915,ICP0,ARL6IP5,0,0,0.0,0.6595141
E3|P08393|Q8WUI4,E3|P08393,E3,P08393,Q8WUI4,ICP0,HDAC7,0,0,0.0,0.6641786
E3|P08393|O95859,E3|P08393,E3,P08393,O95859,ICP0,TSPAN12,0,0,0.0,0.6564884
E3|P09936|Q6ZWH5,E3|P09936,E3,P09936,Q6ZWH5,UCHL1,NEK10,0,0,0.0,0.6632442
E3|P11441|Q13794,E3|P11441,E3,P11441,Q13794,UBL4A,PMAIP1,0,0,0.0,0.6630896
E3|P35226|Q9NPH3,E3|P35226,E3,P35226,Q9NPH3,BMI1,IL1RAP,0,0,0.0,0.6561216
E3|P35226|Q92918,E3|P35226,E3,P35226,Q92918,BMI1,MAP4K1,0,0,0.0,0.6627701
E3|P35226|P08195,E3|P35226,E3,P35226,P08195,BMI1,SLC3A2,0,0,0.0,0.65777236
E3|P35226|P20039,E3|P35226,E3,P35226,P20039,BMI1,HLA-DRB1,0,0,0.0,0.6617192
E3|P35226|Q7Z434,E3|P35226,E3,P35226,Q7Z434,BMI1,MAVS,0,0,0.0,0.661385
E3|P35226|Q13794,E3|P35226,E3,P35226,Q13794,BMI1,PMAIP1,0,0,0.0,0.6605581
E3|P35226|Q9Y286,E3|P35226,E3,P35226,Q9Y286,BMI1,SIGLEC7,0,0,0.0,0.6596017
E3|P36406|Q15910,E3|P36406,E3,P36406,Q15910,TRIM23,EZH2,0,0,0.0,0.6621312
E3|P36406|P19237,E3|P36406,E3,P36406,P19237,TRIM23,TNNI1,0,0,0.0,0.66322976
E3|P36406|O00308,E3|P36406,E3,P36406,O00308,TRIM23,WWP2,0,0,0.0,0.6630118
E3|P38398|O75365,E3|P38398,E3,P38398,O75365,BRCA1,PTP4A3,0,0,0.0,0.6574038
E3|P38398|Q9ULT6,E3|P38398,E3,P38398,Q9ULT6,BRCA1,ZNRF3,0,0,0.0,0.6566506
E3|P38398|O75460,E3|P38398,E3,P38398,O75460,BRCA1,ERN1,0,0,0.0,0.6578649
E3|P38398|Q14558,E3|P38398,E3,P38398,Q14558,BRCA1,PRPSAP1,0,0,0.0,0.66260135
E3|P38398|P07333,E3|P38398,E3,P38398,P07333,BRCA1,CSF1R,0,0,0.0,0.65681857
E3|P38398|P16070,E3|P38398,E3,P38398,P16070,BRCA1,CD44,0,0,0.0,0.6595993
E3|P38398|P42081,E3|P38398,E3,P38398,P42081,BRCA1,CD86,0,0,0.0,0.6566431
E3|P38398|Q9HB29,E3|P38398,E3,P38398,Q9HB29,BRCA1,IL1RL2,0,0,0.0,0.66076094
E3|P38398|P40189,E3|P38398,E3,P38398,P40189,BRCA1,IL6ST,0,0,0.0,0.6566382
E3|P38398|Q12981,E3|P38398,E3,P38398,Q12981,BRCA1,BNIP1,0,0,0.0,0.6589902
E3|P38398|P15813,E3|P38398,E3,P38398,P15813,BRCA1,CD1D,0,0,0.0,0.6572188
E3|P38398|Q15726,E3|P38398,E3,P38398,Q15726,BRCA1,KISS1,0,0,0.0,0.6560088
E3|P38398|O95994,E3|P38398,E3,P38398,O95994,BRCA1,AGR2,0,0,0.0,0.6593638
E3|P38398|P55085,E3|P38398,E3,P38398,P55085,BRCA1,F2RL1,0,0,0.0,0.65683
E3|P38398|P19174,E3|P38398,E3,P38398,P19174,BRCA1,PLCG1,0,0,0.0,0.6601665
E3|P38398|P37173,E3|P38398,E3,P38398,P37173,BRCA1,TGFBR2,0,0,0.0,0.6570279
E3|P38398|P42261,E3|P38398,E3,P38398,P42261,BRCA1,GRIA1,0,0,0.0,0.6573038
E3|P69720|P24941,E3|P69720,E3,P69720,P24941,vif,CDK2,0,0,0.0,0.6624555
E3|P69720|Q15173,E3|P69720,E3,P69720,Q15173,vif,PPP2R5B,0,0,0.0,0.66292775
E3|P69720|Q9BSA4,E3|P69720,E3,P69720,Q9BSA4,vif,TTYH2,0,0,0.0,0.66085905
E3|P69720|P40189,E3|P69720,E3,P69720,P40189,vif,IL6ST,0,0,0.0,0.6609256
E3|P69720|Q9BUZ4,E3|P69720,E3,P69720,Q9BUZ4,vif,TRAF4,0,0,0.0,0.66325116
E3|P69720|P16284,E3|P69720,E3,P69720,P16284,vif,PECAM1,0,0,0.0,0.66121036
E3|Q06587|Q9Y5Y9,E3|Q06587,E3,Q06587,Q9Y5Y9,RING1,SCN10A,0,0,0.0,0.65460527
E3|Q12933|P33993,E3|Q12933,E3,Q12933,P33993,TRAF2,MCM7,0,0,0.0,0.6641183
E3|Q12933|P08195,E3|Q12933,E3,Q12933,P08195,TRAF2,SLC3A2,0,0,0.0,0.6605485
E3|Q12933|P04554,E3|Q12933,E3,Q12933,P04554,TRAF2,PRM2,0,0,0.0,0.6625469
E3|Q12933|Q17RS7,E3|Q12933,E3,Q12933,Q17RS7,TRAF2,GEN1,0,0,0.0,0.6647512
E3|Q12933|Q9NS37,E3|Q12933,E3,Q12933,Q9NS37,TRAF2,CREBZF,0,0,0.0,0.66495836
E3|Q12933|Q9UJA2,E3|Q12933,E3,Q12933,Q9UJA2,TRAF2,CRLS1,0,0,0.0,0.662697
E3|Q12933|Q86WB0,E3|Q12933,E3,Q12933,Q86WB0,TRAF2,ZC3HC1,0,0,0.0,0.6652789
E3|Q12933|Q9HB29,E3|Q12933,E3,Q12933,Q9HB29,TRAF2,IL1RL2,0,0,0.0,0.6632956
E3|Q12933|A6MI22,E3|Q12933,E3,Q12933,A6MI22,TRAF2,tat,0,0,0.0,0.66336006
E3|Q12933|Q96RK0,E3|Q12933,E3,Q12933,Q96RK0,TRAF2,CIC,0,0,0.0,0.6626495
E3|Q12933|P55895,E3|Q12933,E3,Q12933,P55895,TRAF2,RAG2,0,0,0.0,0.6644107
E3|Q13233|P67870,E3|Q13233,E3,Q13233,P67870,MAP3K1,CSNK2B,0,0,0.0,0.66461414
E3|Q13233|Q9Y577,E3|Q13233,E3,Q13233,Q9Y577,MAP3K1,TRIM17,0,0,0.0,0.66103697
E3|Q13233|O75473,E3|Q13233,E3,Q13233,O75473,MAP3K1,LGR5,0,0,0.0,0.6588941
E3|Q13233|Q9Y2R9,E3|Q13233,E3,Q13233,Q9Y2R9,MAP3K1,MRPS7,0,0,0.0,0.6629647
E3|Q13233|Q05086,E3|Q13233,E3,Q13233,Q05086,MAP3K1,UBE3A,0,0,0.0,0.66501915
E3|Q13233|P49427,E3|Q13233,E3,Q13233,P49427,MAP3K1,CDC34,0,0,0.0,0.66508204
E3|Q13233|Q16630,E3|Q13233,E3,Q13233,Q16630,MAP3K1,CPSF6,0,0,0.0,0.66452724
E3|Q13233|O60260,E3|Q13233,E3,Q13233,O60260,MAP3K1,PARK2,0,0,0.0,0.66377157
E3|Q13233|P01909,E3|Q13233,E3,Q13233,P01909,MAP3K1,HLA-DQA1,0,0,0.0,0.65915895
E3|Q13233|Q86U70,E3|Q13233,E3,Q13233,Q86U70,MAP3K1,LDB1,0,0,0.0,0.6616282
E3|Q14527|P36897,E3|Q14527,E3,Q14527,P36897,HLTF,TGFBR1,0,0,0.0,0.65656376
E3|Q16531|Q14534,E3|Q16531,E3,Q16531,Q14534,DDB1,SQLE,0,0,0.0,0.6595498
E3|Q5T6F0|Q9NXK8,E3|Q5T6F0,E3,Q5T6F0,Q9NXK8,DCAF12,FBXL12,0,0,0.0,0.6627979
E3|Q5TC82|Q5VSY0,E3|Q5TC82,E3,Q5TC82,Q5VSY0,RC3H1,GKAP1,0,0,0.0,0.65987617
E3|Q5VTR2|Q9NYJ8,E3|Q5VTR2,E3,Q5VTR2,Q9NYJ8,RNF20,TAB2,0,0,0.0,0.6598531
E3|Q5VTR2|F5HEZ4,E3|Q5VTR2,E3,Q5VTR2,F5HEZ4,RNF20,ORF71,0,0,0.0,0.66388226
E3|Q6Q0C0|P60903,E3|Q6Q0C0,E3,Q6Q0C0,P60903,TRAF7,S100A10,0,0,0.0,0.6639677
E3|Q6TDP4|O43164,E3|Q6TDP4,E3,Q6TDP4,O43164,KLHL17,PJA2,0,0,0.0,0.6642504
E3|Q6TDP4|P04085,E3|Q6TDP4,E3,Q6TDP4,P04085,KLHL17,PDGFA,0,0,0.0,0.6623514
E3|Q76N89|Q92858,E3|Q76N89,E3,Q76N89,Q92858,HECW1,ATOH1,0,0,0.0,0.66435856
E3|Q76N89|P19419,E3|Q76N89,E3,Q76N89,P19419,HECW1,ELK1,0,0,0.0,0.6643772
E3|Q76N89|P49959,E3|Q76N89,E3,Q76N89,P49959,HECW1,MRE11,0,0,0.0,0.6616658
E3|Q76N89|P61371,E3|Q76N89,E3,Q76N89,P61371,HECW1,ISL1,0,0,0.0,0.66242987
E3|Q76N89|Q96LA5,E3|Q76N89,E3,Q76N89,Q96LA5,HECW1,FCRL2,0,0,0.0,0.65793186
E3|Q7L5Y6|P10721,E3|Q7L5Y6,E3,Q7L5Y6,P10721,DET1,KIT,0,0,0.0,0.6577401
E3|Q7L5Y6|Q99714,E3|Q7L5Y6,E3,Q7L5Y6,Q99714,DET1,PTPN5,0,0,0.0,0.66130286
E3|Q7L5Y6|P23258,E3|Q7L5Y6,E3,Q7L5Y6,P23258,DET1,TUBG1,0,0,0.0,0.66477203
E3|Q7L5Y6|Q92851,E3|Q7L5Y6,E3,Q7L5Y6,Q92851,DET1,CASP10,0,0,0.0,0.66154087
E3|Q7L5Y6|P63316,E3|Q7L5Y6,E3,Q7L5Y6,P63316,DET1,TNNC1,0,0,0.0,0.66303325
E3|Q7L5Y6|O15399,E3|Q7L5Y6,E3,Q7L5Y6,O15399,DET1,GRIN2D,0,0,0.0,0.65744287
E3|Q7L5Y6|Q9NS87,E3|Q7L5Y6,E3,Q7L5Y6,Q9NS87,DET1,KIF15,0,0,0.0,0.6646099
E3|Q7L5Y6|A6NI79,E3|Q7L5Y6,E3,Q7L5Y6,A6NI79,DET1,CCDC69,0,0,0.0,0.66452324
E3|Q7L5Y6|P36888,E3|Q7L5Y6,E3,Q7L5Y6,P36888,DET1,FLT3,0,0,0.0,0.65809417
E3|Q7Z569|Q9UGP5,E3|Q7Z569,E3,Q7Z569,Q9UGP5,BRAP,POLL,0,0,0.0,0.6644013
E3|Q7Z569|P19429,E3|Q7Z569,E3,Q7Z569,P19429,BRAP,TNNI3,0,0,0.0,0.66376334
E3|Q7Z6Z7|P08648,E3|Q7Z6Z7,E3,Q7Z6Z7,P08648,HUWE1,ITGA5,0,0,0.0,0.6588625
E3|Q7Z6Z7|P23919,E3|Q7Z6Z7,E3,Q7Z6Z7,P23919,HUWE1,DTYMK,0,0,0.0,0.6638522
E3|Q7Z6Z7|P10912,E3|Q7Z6Z7,E3,Q7Z6Z7,P10912,HUWE1,GHR,0,0,0.0,0.6582092
E3|Q7Z6Z7|Q13635,E3|Q7Z6Z7,E3,Q7Z6Z7,Q13635,HUWE1,PTCH1,0,0,0.0,0.6588134
E3|Q7Z6Z7|Q86TM6,E3|Q7Z6Z7,E3,Q7Z6Z7,Q86TM6,HUWE1,SYVN1,0,0,0.0,0.66107386
E3|Q7Z6Z7|P03956,E3|Q7Z6Z7,E3,Q7Z6Z7,P03956,HUWE1,MMP1,0,0,0.0,0.6570121
E3|Q7Z6Z7|O75581,E3|Q7Z6Z7,E3,Q7Z6Z7,O75581,HUWE1,LRP6,0,0,0.0,0.6587653
E3|Q7Z6Z7|Q13002,E3|Q7Z6Z7,E3,Q7Z6Z7,Q13002,HUWE1,GRIK2,0,0,0.0,0.6583585
E3|Q7Z6Z7|P01848,E3|Q7Z6Z7,E3,Q7Z6Z7,P01848,HUWE1,TRAC,0,0,0.0,0.65824974
E3|Q7Z6Z7|O76090,E3|Q7Z6Z7,E3,Q7Z6Z7,O76090,HUWE1,BEST1,0,0,0.0,0.658284
E3|Q7Z6Z7|P19235,E3|Q7Z6Z7,E3,Q7Z6Z7,P19235,HUWE1,EPOR,0,0,0.0,0.65820104
E3|Q7Z6Z7|P18065,E3|Q7Z6Z7,E3,Q7Z6Z7,P18065,HUWE1,IGFBP2,0,0,0.0,0.6571742
E3|Q7Z6Z7|P11686,E3|Q7Z6Z7,E3,Q7Z6Z7,P11686,HUWE1,SFTPC,0,0,0.0,0.6577132
E3|Q7Z6Z7|Q15465,E3|Q7Z6Z7,E3,Q7Z6Z7,Q15465,HUWE1,SHH,0,0,0.0,0.6587528
E3|Q7Z6Z7|O60858,E3|Q7Z6Z7,E3,Q7Z6Z7,O60858,HUWE1,TRIM13,0,0,0.0,0.6604382
E3|Q86YJ5|P00367,E3|Q86YJ5,E3,Q86YJ5,P00367,MARCHF9,GLUD1,0,0,0.0,0.66403425
E3|Q86YJ5|Q9H5N1,E3|Q86YJ5,E3,Q86YJ5,Q9H5N1,MARCHF9,RABEP2,0,0,0.0,0.6629733
E3|Q86YJ5|Q14653,E3|Q86YJ5,E3,Q86YJ5,Q14653,MARCHF9,IRF3,0,0,0.0,0.66305935
E3|Q86YJ5|Q9UQ80,E3|Q86YJ5,E3,Q86YJ5,Q9UQ80,MARCHF9,PA2G4,0,0,0.0,0.66193146
E3|Q86YJ5|Q9BQF6,E3|Q86YJ5,E3,Q86YJ5,Q9BQF6,MARCHF9,SENP7,0,0,0.0,0.66107476
E3|Q86YJ5|Q9UM11,E3|Q86YJ5,E3,Q86YJ5,Q9UM11,MARCHF9,FZR1,0,0,0.0,0.66217244
E3|Q86YJ5|P02751,E3|Q86YJ5,E3,Q86YJ5,P02751,MARCHF9,FN1,0,0,0.0,0.6642902
E3|Q86YJ5|Q16633,E3|Q86YJ5,E3,Q86YJ5,Q16633,MARCHF9,POU2AF1,0,0,0.0,0.6610321
E3|Q86YJ5|Q13191,E3|Q86YJ5,E3,Q86YJ5,Q13191,MARCHF9,CBLB,0,0,0.0,0.66424984
E3|Q86YJ5|P62805,E3|Q86YJ5,E3,Q86YJ5,P62805,MARCHF9,H4C1,0,0,0.0,0.6630792
E3|Q86YJ5|Q15173,E3|Q86YJ5,E3,Q86YJ5,Q15173,MARCHF9,PPP2R5B,0,0,0.0,0.66278875
E3|Q86YJ5|P32314,E3|Q86YJ5,E3,Q86YJ5,P32314,MARCHF9,FOXN2,0,0,0.0,0.66219836
E3|Q86YJ5|P23258,E3|Q86YJ5,E3,Q86YJ5,P23258,MARCHF9,TUBG1,0,0,0.0,0.6619192
E3|Q86YJ5|Q96RR4,E3|Q86YJ5,E3,Q86YJ5,Q96RR4,MARCHF9,CAMKK2,0,0,0.0,0.66265506
E3|Q86YJ5|Q8NEA6,E3|Q86YJ5,E3,Q86YJ5,Q8NEA6,MARCHF9,GLIS3,0,0,0.0,0.66324717
E3|Q86YJ5|Q14164,E3|Q86YJ5,E3,Q86YJ5,Q14164,MARCHF9,IKBKE,0,0,0.0,0.66296595
E3|Q86YJ5|Q9Y508,E3|Q86YJ5,E3,Q86YJ5,Q9Y508,MARCHF9,RNF114,0,0,0.0,0.6625251
E3|Q86YJ5|Q9Y2R9,E3|Q86YJ5,E3,Q86YJ5,Q9Y2R9,MARCHF9,MRPS7,0,0,0.0,0.6627453
E3|Q86YJ5|Q8IYD8,E3|Q86YJ5,E3,Q86YJ5,Q8IYD8,MARCHF9,FANCM,0,0,0.0,0.66164565
E3|Q86YJ5|Q99856,E3|Q86YJ5,E3,Q86YJ5,Q99856,MARCHF9,ARID3A,0,0,0.0,0.65902597
E3|Q8IUD6|Q9UHV7,E3|Q8IUD6,E3,Q8IUD6,Q9UHV7,RNF135,MED13,0,0,0.0,0.66430867
E3|Q8IWV7|P35250,E3|Q8IWV7,E3,Q8IWV7,P35250,UBR1,RFC2,0,0,0.0,0.6645903
E3|Q8IWV7|P54098,E3|Q8IWV7,E3,Q8IWV7,P54098,UBR1,POLG,0,0,0.0,0.66226244
E3|Q8IYM9|O95994,E3|Q8IYM9,E3,Q8IYM9,O95994,TRIM22,AGR2,0,0,0.0,0.65999323
E3|Q8IYU2|P14859,E3|Q8IYU2,E3,Q8IYU2,P14859,HACE1,POU2F1,0,0,0.0,0.6608658
E3|Q8IYU2|O00418,E3|Q8IYU2,E3,Q8IYU2,O00418,HACE1,EEF2K,0,0,0.0,0.66264284
E3|Q8IYU2|Q8TB46,E3|Q8IYU2,E3,Q8IYU2,Q8TB46,HACE1,ANKRD50,0,0,0.0,0.66333747
E3|Q8IYU2|O94782,E3|Q8IYU2,E3,Q8IYU2,O94782,HACE1,USP1,0,0,0.0,0.6622141
E3|Q8IYU2|O75525,E3|Q8IYU2,E3,Q8IYU2,O75525,HACE1,KHDRBS3,0,0,0.0,0.66166955
E3|Q8IYW5|Q96JN8,E3|Q8IYW5,E3,Q8IYW5,Q96JN8,RNF168,NEURL4,0,0,0.0,0.6641951
E3|Q8IYW5|Q9NRD5,E3|Q8IYW5,E3,Q8IYW5,Q9NRD5,RNF168,PICK1,0,0,0.0,0.6641528
E3|Q8IYW5|A6MI22,E3|Q8IYW5,E3,Q8IYW5,A6MI22,RNF168,tat,0,0,0.0,0.66383153
E3|Q8IYW5|O95295,E3|Q8IYW5,E3,Q8IYW5,O95295,RNF168,SNAPIN,0,0,0.0,0.6589724
E3|Q8IYW5|Q9P2A4,E3|Q8IYW5,E3,Q8IYW5,Q9P2A4,RNF168,ABI3,0,0,0.0,0.6635599
E3|Q8IYW5|P07355,E3|Q8IYW5,E3,Q8IYW5,P07355,RNF168,ANXA2,0,0,0.0,0.6577667
E3|Q8IYW5|P49327,E3|Q8IYW5,E3,Q8IYW5,P49327,RNF168,FASN,0,0,0.0,0.66212595
E3|Q8IYW5|Q92813,E3|Q8IYW5,E3,Q8IYW5,Q92813,RNF168,DIO2,0,0,0.0,0.65770316
E3|Q8IYW5|Q9Y2T1,E3|Q8IYW5,E3,Q8IYW5,Q9Y2T1,RNF168,AXIN2,0,0,0.0,0.6645739
E3|Q8IYW5|Q5UEC6,E3|Q8IYW5,E3,Q8IYW5,Q5UEC6,RNF168,EB1,0,0,0.0,0.6614537
E3|Q8IYW5|P48200,E3|Q8IYW5,E3,Q8IYW5,P48200,RNF168,IREB2,0,0,0.0,0.66279244
E3|Q8N1E6|Q9HAW4,E3|Q8N1E6,E3,Q8N1E6,Q9HAW4,FBXL14,CLSPN,0,0,0.0,0.66366297
E3|Q8N1E6|Q9UIS9,E3|Q8N1E6,E3,Q8N1E6,Q9UIS9,FBXL14,MBD1,0,0,0.0,0.66393465
E3|Q8N1E6|P98161,E3|Q8N1E6,E3,Q8N1E6,P98161,FBXL14,PKD1,0,0,0.0,0.6594267
E3|Q8N1E6|Q5Y7A7,E3|Q8N1E6,E3,Q8N1E6,Q5Y7A7,FBXL14,HLA-DRB1,0,0,0.0,0.66093636
E3|Q8N1E6|Q15386,E3|Q8N1E6,E3,Q8N1E6,Q15386,FBXL14,UBE3C,0,0,0.0,0.6648667
E3|Q8N2H9|Q99683,E3|Q8N2H9,E3,Q8N2H9,Q99683,PELI3,MAP3K5,0,0,0.0,0.66274714
E3|Q8N2H9|P60321,E3|Q8N2H9,E3,Q8N2H9,P60321,PELI3,NANOS2,0,0,0.0,0.66375595
E3|Q8N2H9|P30307,E3|Q8N2H9,E3,Q8N2H9,P30307,PELI3,CDC25C,0,0,0.0,0.6644548
E3|Q8N2H9|Q9NVW2,E3|Q8N2H9,E3,Q8N2H9,Q9NVW2,PELI3,RLIM,0,0,0.0,0.6638474
E3|Q8N2H9|Q9GZX7,E3|Q8N2H9,E3,Q8N2H9,Q9GZX7,PELI3,AICDA,0,0,0.0,0.6643191
E3|Q8N2H9|O00716,E3|Q8N2H9,E3,Q8N2H9,O00716,PELI3,E2F3,0,0,0.0,0.66279155
E3|Q8N3Y1|Q99759,E3|Q8N3Y1,E3,Q8N3Y1,Q99759,FBXW8,MAP3K3,0,0,0.0,0.663744
E3|Q8N3Y1|Q92674,E3|Q8N3Y1,E3,Q8N3Y1,Q92674,FBXW8,CENPI,0,0,0.0,0.6614412
E3|Q8N3Y1|Q9Y5M8,E3|Q8N3Y1,E3,Q8N3Y1,Q9Y5M8,FBXW8,SRPRB,0,0,0.0,0.6644458
E3|Q8N3Y1|Q9BXB1,E3|Q8N3Y1,E3,Q8N3Y1,Q9BXB1,FBXW8,LGR4,0,0,0.0,0.6623725
E3|Q8N3Y1|P29033,E3|Q8N3Y1,E3,Q8N3Y1,P29033,FBXW8,GJB2,0,0,0.0,0.66235465
E3|Q8NI29|Q8N907,E3|Q8NI29,E3,Q8NI29,Q8N907,FBXO27,DAND5,0,0,0.0,0.66466445
E3|Q8NI29|Q9Y2K6,E3|Q8NI29,E3,Q8NI29,Q9Y2K6,FBXO27,USP20,0,0,0.0,0.6638389
E3|Q8TCQ1|Q9HAW4,E3|Q8TCQ1,E3,Q8TCQ1,Q9HAW4,MARCHF1,CLSPN,0,0,0.0,0.66098446
E3|Q8TCQ1|Q93077,E3|Q8TCQ1,E3,Q8TCQ1,Q93077,MARCHF1,H2AC6,0,0,0.0,0.6609892
E3|Q8TCQ1|Q9HCS4,E3|Q8TCQ1,E3,Q8TCQ1,Q9HCS4,MARCHF1,TCF7L1,0,0,0.0,0.6606799
E3|Q8TCQ1|Q99714,E3|Q8TCQ1,E3,Q8TCQ1,Q99714,MARCHF1,PTPN5,0,0,0.0,0.66290784
E3|Q8TCQ1|P62487,E3|Q8TCQ1,E3,Q8TCQ1,P62487,MARCHF1,POLR2G,0,0,0.0,0.66174686
E3|Q8TCQ1|P25440,E3|Q8TCQ1,E3,Q8TCQ1,P25440,MARCHF1,BRD2,0,0,0.0,0.6604125
E3|Q8TCQ1|P25490,E3|Q8TCQ1,E3,Q8TCQ1,P25490,MARCHF1,YY1,0,0,0.0,0.6602085
E3|Q8TCQ1|Q96NT3,E3|Q8TCQ1,E3,Q8TCQ1,Q96NT3,MARCHF1,GUCD1,0,0,0.0,0.6623967
E3|Q8TCQ1|P26927,E3|Q8TCQ1,E3,Q8TCQ1,P26927,MARCHF1,MST1,0,0,0.0,0.6634453
E3|Q8TCQ1|P33993,E3|Q8TCQ1,E3,Q8TCQ1,P33993,MARCHF1,MCM7,0,0,0.0,0.6613686
E3|Q8TCQ1|Q92918,E3|Q8TCQ1,E3,Q8TCQ1,Q92918,MARCHF1,MAP4K1,0,0,0.0,0.6627165
E3|Q8TEL6|P01732,E3|Q8TEL6,E3,Q8TEL6,P01732,TRPC4AP,CD8A,0,0,0.0,0.6585002
E3|Q8TEL6|Q9HAW4,E3|Q8TEL6,E3,Q8TEL6,Q9HAW4,TRPC4AP,CLSPN,0,0,0.0,0.6642959
E3|Q8TEL6|P04908,E3|Q8TEL6,E3,Q8TEL6,P04908,TRPC4AP,H2AC4,0,0,0.0,0.6634619
E3|Q8TEL6|Q15726,E3|Q8TEL6,E3,Q8TEL6,Q15726,TRPC4AP,KISS1,0,0,0.0,0.6580933
E3|Q8WU17|P17844,E3|Q8WU17,E3,Q8WU17,P17844,RNF139,DDX5,0,0,0.0,0.66059947
E3|Q8WU17|P30838,E3|Q8WU17,E3,Q8WU17,P30838,RNF139,ALDH3A1,0,0,0.0,0.6628575
E3|Q8WU17|P43268,E3|Q8WU17,E3,Q8WU17,P43268,RNF139,ETV4,0,0,0.0,0.65864843
E3|Q8WY64|Q9H8M7,E3|Q8WY64,E3,Q8WY64,Q9H8M7,MYLIP,FAM188A,0,0,0.0,0.6625938
E3|Q8WY64|Q9UBR4,E3|Q8WY64,E3,Q8WY64,Q9UBR4,MYLIP,LHX3,0,0,0.0,0.6579973
E3|Q8WY64|Q9UHV7,E3|Q8WY64,E3,Q8WY64,Q9UHV7,MYLIP,MED13,0,0,0.0,0.6608727
E3|Q8WY64|Q9H4L7,E3|Q8WY64,E3,Q8WY64,Q9H4L7,MYLIP,SMARCAD1,0,0,0.0,0.6597244
E3|Q8WZ19|P08138,E3|Q8WZ19,E3,Q8WZ19,P08138,KCTD13,NGFR,0,0,0.0,0.6604029
E3|Q96D59|P14859,E3|Q96D59,E3,Q96D59,P14859,RNF183,POU2F1,0,0,0.0,0.66053927
E3|Q96D59|Q13547,E3|Q96D59,E3,Q96D59,Q13547,RNF183,HDAC1,0,0,0.0,0.66023135
E3|Q96D59|O95628,E3|Q96D59,E3,Q96D59,O95628,RNF183,CNOT4,0,0,0.0,0.6605468
E3|Q96F44|P0C209,E3|Q96F44,E3,Q96F44,P0C209,TRIM11,gag,0,0,0.0,0.66329396
E3|Q96F44|P02647,E3|Q96F44,E3,Q96F44,P02647,TRIM11,APOA1,0,0,0.0,0.66116554
E3|Q96F44|Q2F514,E3|Q96F44,E3,Q96F44,Q2F514,TRIM11,X,0,0,0.0,0.66454464
E3|Q96F44|Q9UNK0,E3|Q96F44,E3,Q96F44,Q9UNK0,TRIM11,STX8,0,0,0.0,0.66101164
E3|Q96ME1|O43175,E3|Q96ME1,E3,Q96ME1,O43175,FBXL18,PHGDH,0,0,0.0,0.6646262
E3|Q96ME1|Q9Y5X1,E3|Q96ME1,E3,Q96ME1,Q9Y5X1,FBXL18,SNX9,0,0,0.0,0.66127145
E3|Q96PM5|A9UEZ6,E3|Q96PM5,E3,Q96PM5,A9UEZ6,RCHY1,BCR/ABL fusion,0,0,0.0,0.66334265
E3|Q96PM5|P01023,E3|Q96PM5,E3,Q96PM5,P01023,RCHY1,A2M,0,0,0.0,0.65789896
E3|Q96PM5|Q9UM73,E3|Q96PM5,E3,Q96PM5,Q9UM73,RCHY1,ALK,0,0,0.0,0.6579578
E3|Q96PM5|Q02779,E3|Q96PM5,E3,Q96PM5,Q02779,RCHY1,MAP3K10,0,0,0.0,0.66261774
E3|Q96RU7|Q9NWF9,E3|Q96RU7,E3,Q96RU7,Q9NWF9,TRIB3,RNF216,0,0,0.0,0.6614028
E3|Q96SW2|P11686,E3|Q96SW2,E3,Q96SW2,P11686,CRBN,SFTPC,0,0,0.0,0.657835
E3|Q9BRZ2|P60002,E3|Q9BRZ2,E3,Q9BRZ2,P60002,TRIM56,ELOF1,0,0,0.0,0.6647875
E3|Q9BRZ2|P26358,E3|Q9BRZ2,E3,Q9BRZ2,P26358,TRIM56,DNMT1,0,0,0.0,0.6644977
E3|Q9C029|P04234,E3|Q9C029,E3,Q9C029,P04234,TRIM7,CD3D,0,0,0.0,0.6625406
E3|Q9C029|P01912,E3|Q9C029,E3,Q9C029,P01912,TRIM7,HLA-DRB1,0,0,0.0,0.66423625
E3|Q9C0C7|Q14324,E3|Q9C0C7,E3,Q9C0C7,Q14324,AMBRA1,MYBPC2,0,0,0.0,0.6638485
E3|Q9C0C9|P21796,E3|Q9C0C9,E3,Q9C0C9,P21796,UBE2O,VDAC1,0,0,0.0,0.6587936
E3|Q9H2C0|P46695,E3|Q9H2C0,E3,Q9H2C0,P46695,GAN,IER3,0,0,0.0,0.6646867
E3|Q9H2C0|Q9HCS4,E3|Q9H2C0,E3,Q9H2C0,Q9HCS4,GAN,TCF7L1,0,0,0.0,0.6643928
E3|Q9H2C0|P10523,E3|Q9H2C0,E3,Q9H2C0,P10523,GAN,SAG,0,0,0.0,0.6636581
E3|Q9H2C0|O75581,E3|Q9H2C0,E3,Q9H2C0,O75581,GAN,LRP6,0,0,0.0,0.65793544
E3|Q9H3F6|Q8WUM4,E3|Q9H3F6,E3,Q9H3F6,Q8WUM4,KCTD10,PDCD6IP,0,0,0.0,0.663873
E3|Q9H3F6|Q8N0X7,E3|Q9H3F6,E3,Q9H3F6,Q8N0X7,KCTD10,SPART,0,0,0.0,0.6646185
E3|Q9H3F6|Q99963,E3|Q9H3F6,E3,Q9H3F6,Q99963,KCTD10,SH3GL3,0,0,0.0,0.6610776
E3|Q9H765|P01912,E3|Q9H765,E3,Q9H765,P01912,ASB8,HLA-DRB1,0,0,0.0,0.66073674
E3|Q9H765|Q14149,E3|Q9H765,E3,Q9H765,Q14149,ASB8,MORC3,0,0,0.0,0.6634272
E3|Q9HCE7|Q14149,E3|Q9HCE7,E3,Q9HCE7,Q14149,SMURF1,MORC3,0,0,0.0,0.66266865
E3|Q9HCE7|P62807,E3|Q9HCE7,E3,Q9HCE7,P62807,SMURF1,H2BC4,0,0,0.0,0.6623622
E3|Q9HCE7|P43357,E3|Q9HCE7,E3,Q9HCE7,P43357,SMURF1,MAGEA3,0,0,0.0,0.66368455
E3|Q9HCE7|O75469,E3|Q9HCE7,E3,Q9HCE7,O75469,SMURF1,NR1I2,0,0,0.0,0.6610483
E3|Q9HCE7|P15259,E3|Q9HCE7,E3,Q9HCE7,P15259,SMURF1,PGAM2,0,0,0.0,0.6641945
E3|Q9HCE7|P17542,E3|Q9HCE7,E3,Q9HCE7,P17542,SMURF1,TAL1,0,0,0.0,0.6606036
E3|Q9HCE7|P20700,E3|Q9HCE7,E3,Q9HCE7,P20700,SMURF1,LMNB1,0,0,0.0,0.66320366
E3|Q9HCE7|P35555,E3|Q9HCE7,E3,Q9HCE7,P35555,SMURF1,FBN1,0,0,0.0,0.6612488
E3|Q9HCE7|Q15361,E3|Q9HCE7,E3,Q9HCE7,Q15361,SMURF1,TTF1,0,0,0.0,0.6622036
E3|Q9HCE7|Q96ST3,E3|Q9HCE7,E3,Q9HCE7,Q96ST3,SMURF1,SIN3A,0,0,0.0,0.6612438
E3|Q9HCE7|P16401,E3|Q9HCE7,E3,Q9HCE7,P16401,SMURF1,H1-5,0,0,0.0,0.662986
E3|Q9HCE7|A6MI22,E3|Q9HCE7,E3,Q9HCE7,A6MI22,SMURF1,tat,0,0,0.0,0.6618723
E3|Q9HCE7|P48436,E3|Q9HCE7,E3,Q9HCE7,P48436,SMURF1,SOX9,0,0,0.0,0.6598451
E3|Q9HCE7|P23025,E3|Q9HCE7,E3,Q9HCE7,P23025,SMURF1,XPA,0,0,0.0,0.66229445
E3|Q9HCE7|P61968,E3|Q9HCE7,E3,Q9HCE7,P61968,SMURF1,LMO4,0,0,0.0,0.66234297
E3|Q9HCE7|P02751,E3|Q9HCE7,E3,Q9HCE7,P02751,SMURF1,FN1,0,0,0.0,0.664936
E3|Q9HCE7|Q9NVW2,E3|Q9HCE7,E3,Q9HCE7,Q9NVW2,SMURF1,RLIM,0,0,0.0,0.66306436
E3|Q9HCE7|Q8NFD5,E3|Q9HCE7,E3,Q9HCE7,Q8NFD5,SMURF1,ARID1B,0,0,0.0,0.65987384
E3|Q9HCE7|Q9I788,E3|Q9HCE7,E3,Q9HCE7,Q9I788,SMURF1,exoT,0,0,0.0,0.6637294
E3|Q9HCE7|Q9H2A3,E3|Q9HCE7,E3,Q9HCE7,Q9H2A3,SMURF1,NEUROG2,0,0,0.0,0.66208136
E3|Q9HCE7|Q7L8J4,E3|Q9HCE7,E3,Q9HCE7,Q7L8J4,SMURF1,SH3BP5L,0,0,0.0,0.66275454
E3|Q9HCE7|P49715,E3|Q9HCE7,E3,Q9HCE7,P49715,SMURF1,CEBPA,0,0,0.0,0.6613185
E3|Q9HCE7|O15151,E3|Q9HCE7,E3,Q9HCE7,O15151,SMURF1,MDM4,0,0,0.0,0.66299987
E3|Q9HCE7|Q96A32,E3|Q9HCE7,E3,Q9HCE7,Q96A32,SMURF1,MYLPF,0,0,0.0,0.6623487
E3|Q9HCE7|P45973,E3|Q9HCE7,E3,Q9HCE7,P45973,SMURF1,CBX5,0,0,0.0,0.66219497
E3|Q9HCE7|Q5VSY0,E3|Q9HCE7,E3,Q9HCE7,Q5VSY0,SMURF1,GKAP1,0,0,0.0,0.6644174
E3|Q9HCE7|Q9GIY3,E3|Q9HCE7,E3,Q9HCE7,Q9GIY3,SMURF1,HLA-DRB1,0,0,0.0,0.66364133
E3|Q9HCE7|O60934,E3|Q9HCE7,E3,Q9HCE7,O60934,SMURF1,NBN,0,0,0.0,0.66230357
E3|Q9HCE7|Q96GM5,E3|Q9HCE7,E3,Q9HCE7,Q96GM5,SMURF1,SMARCD1,0,0,0.0,0.6609563
E3|Q9HCE7|P50458,E3|Q9HCE7,E3,Q9HCE7,P50458,SMURF1,LHX2,0,0,0.0,0.65833145
E3|Q9HCE7|P35659,E3|Q9HCE7,E3,Q9HCE7,P35659,SMURF1,DEK,0,0,0.0,0.6621281
E3|Q9HCE7|Q12888,E3|Q9HCE7,E3,Q9HCE7,Q12888,SMURF1,TP53BP1,0,0,0.0,0.6613587
E3|Q9HCE7|O94953,E3|Q9HCE7,E3,Q9HCE7,O94953,SMURF1,KDM4B,0,0,0.0,0.66237736
E3|Q9HCE7|P05412,E3|Q9HCE7,E3,Q9HCE7,P05412,SMURF1,JUN,0,0,0.0,0.6619339
E3|Q9HCE7|P83916,E3|Q9HCE7,E3,Q9HCE7,P83916,SMURF1,CBX1,0,0,0.0,0.66215444
E3|Q9HCE7|Q08050,E3|Q9HCE7,E3,Q9HCE7,Q08050,SMURF1,FOXM1,0,0,0.0,0.66217846
E3|Q9HCE7|O75417,E3|Q9HCE7,E3,Q9HCE7,O75417,SMURF1,POLQ,0,0,0.0,0.66192466
E3|Q9HCE7|Q30134,E3|Q9HCE7,E3,Q9HCE7,Q30134,SMURF1,HLA-DRB1,0,0,0.0,0.6634056
E3|Q9HCE7|Q13569,E3|Q9HCE7,E3,Q9HCE7,Q13569,SMURF1,TDG,0,0,0.0,0.6616817
E3|Q9HCE7|Q16778,E3|Q9HCE7,E3,Q9HCE7,Q16778,SMURF1,H2BC21,0,0,0.0,0.6624121
E3|Q9HCE7|Q9NTG7,E3|Q9HCE7,E3,Q9HCE7,Q9NTG7,SMURF1,SIRT3,0,0,0.0,0.6633489
E3|Q9HCE7|O43679,E3|Q9HCE7,E3,Q9HCE7,O43679,SMURF1,LDB2,0,0,0.0,0.66154724
E3|Q9HCE7|P55211,E3|Q9HCE7,E3,Q9HCE7,P55211,SMURF1,CASP9,0,0,0.0,0.66418695
E3|Q9HCE7|Q13627,E3|Q9HCE7,E3,Q9HCE7,Q13627,SMURF1,DYRK1A,0,0,0.0,0.6634124
E3|Q9HCE7|Q86U70,E3|Q9HCE7,E3,Q9HCE7,Q86U70,SMURF1,LDB1,0,0,0.0,0.6594491
E3|Q9HCE7|P07199,E3|Q9HCE7,E3,Q9HCE7,P07199,SMURF1,CENPB,0,0,0.0,0.66226727
E3|Q9HCE7|Q8IYD8,E3|Q9HCE7,E3,Q9HCE7,Q8IYD8,SMURF1,FANCM,0,0,0.0,0.6625036
E3|Q9HCE7|P10244,E3|Q9HCE7,E3,Q9HCE7,P10244,SMURF1,MYBL2,0,0,0.0,0.66093576
E3|Q9HCE7|P11161,E3|Q9HCE7,E3,Q9HCE7,P11161,SMURF1,EGR2,0,0,0.0,0.65919137
E3|Q9HCE7|P06935,E3|Q9HCE7,E3,Q9HCE7,P06935,SMURF1,,0,0,0.0,0.663849
E3|Q9HCE7|P43268,E3|Q9HCE7,E3,Q9HCE7,P43268,SMURF1,ETV4,0,0,0.0,0.6604055
E3|Q9HCE7|Q92851,E3|Q9HCE7,E3,Q9HCE7,Q92851,SMURF1,CASP10,0,0,0.0,0.6648515
E3|Q9HCE7|Q9UBP5,E3|Q9HCE7,E3,Q9HCE7,Q9UBP5,SMURF1,HEY2,0,0,0.0,0.6625648
E3|Q9HCE7|P15498,E3|Q9HCE7,E3,Q9HCE7,P15498,SMURF1,VAV1,0,0,0.0,0.665085
E3|Q9HCE7|P26927,E3|Q9HCE7,E3,Q9HCE7,P26927,SMURF1,MST1,0,0,0.0,0.6616407
E3|Q9HCE7|Q7Z7J5,E3|Q9HCE7,E3,Q9HCE7,Q7Z7J5,SMURF1,DPPA2,0,0,0.0,0.6626401
E3|Q9HCE7|P28562,E3|Q9HCE7,E3,Q9HCE7,P28562,SMURF1,DUSP1,0,0,0.0,0.6635596
E3|Q9HCE7|Q15554,E3|Q9HCE7,E3,Q9HCE7,Q15554,SMURF1,TERF2,0,0,0.0,0.6621372
E3|Q9HCE7|Q5MJ70,E3|Q9HCE7,E3,Q9HCE7,Q5MJ70,SMURF1,SPDYA,0,0,0.0,0.6639599
E3|Q9HCE7|P01912,E3|Q9HCE7,E3,Q9HCE7,P01912,SMURF1,HLA-DRB1,0,0,0.0,0.66430193
E3|Q9HCE7|Q9NXR8,E3|Q9HCE7,E3,Q9HCE7,Q9NXR8,SMURF1,ING3,0,0,0.0,0.6619868
E3|Q9HCE7|P62805,E3|Q9HCE7,E3,Q9HCE7,P62805,SMURF1,H4C1,0,0,0.0,0.6634146
E3|Q9HCE7|Q9H4P4,E3|Q9HCE7,E3,Q9HCE7,Q9H4P4,SMURF1,RNF41,0,0,0.0,0.66425025
E3|Q9HCE7|P60903,E3|Q9HCE7,E3,Q9HCE7,P60903,SMURF1,S100A10,0,0,0.0,0.66356564
E3|Q9HCE7|P51530,E3|Q9HCE7,E3,Q9HCE7,P51530,SMURF1,DNA2,0,0,0.0,0.6633656
E3|Q9HCE7|O60381,E3|Q9HCE7,E3,Q9HCE7,O60381,SMURF1,HBP1,0,0,0.0,0.6618019
E3|Q9HCE7|P02647,E3|Q9HCE7,E3,Q9HCE7,P02647,SMURF1,APOA1,0,0,0.0,0.66252303
E3|Q9HCE7|Q92858,E3|Q9HCE7,E3,Q9HCE7,Q92858,SMURF1,ATOH1,0,0,0.0,0.66306853
E3|Q9HCE7|Q13535,E3|Q9HCE7,E3,Q9HCE7,Q13535,SMURF1,ATR,0,0,0.0,0.662694
E3|Q9HCE7|Q71DI3,E3|Q9HCE7,E3,Q9HCE7,Q71DI3,SMURF1,H3C15,0,0,0.0,0.6616772
E3|Q9HCE7|Q01664,E3|Q9HCE7,E3,Q9HCE7,Q01664,SMURF1,TFAP4,0,0,0.0,0.66091186
E3|Q9NS91|P29322,E3|Q9NS91,E3,Q9NS91,P29322,RAD18,EPHA8,0,0,0.0,0.6576331
E3|Q9NS91|P12318,E3|Q9NS91,E3,Q9NS91,P12318,RAD18,FCGR2A,0,0,0.0,0.65712786
E3|Q9NS91|Q14114,E3|Q9NS91,E3,Q9NS91,Q14114,RAD18,LRP8,0,0,0.0,0.6569252
E3|Q9NVW2|P35626,E3|Q9NVW2,E3,Q9NVW2,P35626,RLIM,ADRBK2,0,0,0.0,0.6604445
E3|Q9NVW2|P23258,E3|Q9NVW2,E3,Q9NVW2,P23258,RLIM,TUBG1,0,0,0.0,0.66445917
E3|Q9NVW2|Q8NHG8,E3|Q9NVW2,E3,Q9NVW2,Q8NHG8,RLIM,ZNRF2,0,0,0.0,0.65798414
E3|Q9NVW2|O43156,E3|Q9NVW2,E3,Q9NVW2,O43156,RLIM,TTI1,0,0,0.0,0.6626392
E3|Q9NVW2|Q99962,E3|Q9NVW2,E3,Q9NVW2,Q99962,RLIM,SH3GL2,0,0,0.0,0.65950567
E3|Q9NVW2|Q9BZY9,E3|Q9NVW2,E3,Q9NVW2,Q9BZY9,RLIM,TRIM31,0,0,0.0,0.6626909
E3|Q9NVW2|P11686,E3|Q9NVW2,E3,Q9NVW2,P11686,RLIM,SFTPC,0,0,0.0,0.6570493
E3|Q9NVW2|P51170,E3|Q9NVW2,E3,Q9NVW2,P51170,RLIM,SCNN1G,0,0,0.0,0.65747684
E3|Q9NVW2|P15260,E3|Q9NVW2,E3,Q9NVW2,P15260,RLIM,IFNGR1,0,0,0.0,0.657509
E3|Q9NVW2|Q13564,E3|Q9NVW2,E3,Q9NVW2,Q13564,RLIM,NAE1,0,0,0.0,0.6580097
E3|Q9NWF9|Q8IUE6,E3|Q9NWF9,E3,Q9NWF9,Q8IUE6,RNF216,H2AC21,0,0,0.0,0.6629261
E3|Q9NWF9|Q7L7L0,E3|Q9NWF9,E3,Q9NWF9,Q7L7L0,RNF216,H2AW,0,0,0.0,0.662761
E3|Q9NWF9|P13569,E3|Q9NWF9,E3,Q9NWF9,P13569,RNF216,CFTR,0,0,0.0,0.66338956
E3|Q9NWF9|Q03164,E3|Q9NWF9,E3,Q9NWF9,Q03164,RNF216,KMT2A,0,0,0.0,0.6620725
E3|Q9NWZ3|P20700,E3|Q9NWZ3,E3,Q9NWZ3,P20700,IRAK4,LMNB1,0,0,0.0,0.6629304
E3|Q9NWZ3|P08678,E3|Q9NWZ3,E3,Q9NWZ3,P08678,IRAK4,CYR1,0,0,0.0,0.6623216
E3|Q9P2K6|O60240,E3|Q9P2K6,E3,Q9P2K6,O60240,KLHL42,PLIN1,0,0,0.0,0.658403
E3|Q9P2P5|Q6ZTN6,E3|Q9P2P5,E3,Q9P2P5,Q6ZTN6,HECW2,ANKRD13D,0,0,0.0,0.6575705
E3|Q9P2P5|P60903,E3|Q9P2P5,E3,Q9P2P5,P60903,HECW2,S100A10,0,0,0.0,0.6635549
E3|Q9P2P5|Q86WB0,E3|Q9P2P5,E3,Q9P2P5,Q86WB0,HECW2,ZC3HC1,0,0,0.0,0.66378623
E3|Q9UBN7|Q01638,E3|Q9UBN7,E3,Q9UBN7,Q01638,HDAC6,IL1RL1,0,0,0.0,0.65770113
E3|Q9UJX6|O43175,E3|Q9UJX6,E3,Q9UJX6,O43175,ANAPC2,PHGDH,0,0,0.0,0.66358876
E3|Q9UJX6|Q9UBZ9,E3|Q9UJX6,E3,Q9UJX6,Q9UBZ9,ANAPC2,REV1,0,0,0.0,0.6646333
E3|Q9ULT8|Q07869,E3|Q9ULT8,E3,Q9ULT8,Q07869,HECTD1,PPARA,0,0,0.0,0.66464233
E3|Q9ULT8|P43403,E3|Q9ULT8,E3,Q9ULT8,P43403,HECTD1,ZAP70,0,0,0.0,0.6601632
E3|Q9ULT8|Q13761,E3|Q9ULT8,E3,Q9ULT8,Q13761,HECTD1,RUNX3,0,0,0.0,0.6640804
E3|Q9ULT8|Q16589,E3|Q9ULT8,E3,Q9ULT8,Q16589,HECTD1,CCNG2,0,0,0.0,0.6636284
E3|Q9ULT8|P07332,E3|Q9ULT8,E3,Q9ULT8,P07332,HECTD1,FES,0,0,0.0,0.65996593
E3|Q9ULT8|P21860,E3|Q9ULT8,E3,Q9ULT8,P21860,HECTD1,ERBB3,0,0,0.0,0.65717936
E3|Q9UMS4|P19174,E3|Q9UMS4,E3,Q9UMS4,P19174,PRPF19,PLCG1,0,0,0.0,0.66093534
E3|Q9UMS4|P05777,E3|Q9UMS4,E3,Q9UMS4,P05777,PRPF19,M,0,0,0.0,0.66455424
E3|Q9UMS4|O15519,E3|Q9UMS4,E3,Q9UMS4,O15519,PRPF19,CFLAR,0,0,0.0,0.6624919
E3|Q9UPQ4|Q30154,E3|Q9UPQ4,E3,Q9UPQ4,Q30154,TRIM35,HLA-DRB5,0,0,0.0,0.65774
E3|Q9UPQ7|P61587,E3|Q9UPQ7,E3,Q9UPQ7,P61587,PDZRN3,RND3,0,0,0.0,0.662205
E3|Q9UPQ7|Q13740,E3|Q9UPQ7,E3,Q9UPQ7,Q13740,PDZRN3,ALCAM,0,0,0.0,0.6597091
E3|Q9Y6I7|P79483,E3|Q9Y6I7,E3,Q9Y6I7,P79483,WSB1,HLA-DRB3,0,0,0.0,0.66131246
E3|Q9Y6I7|P17302,E3|Q9Y6I7,E3,Q9Y6I7,P17302,WSB1,GJA1,0,0,0.0,0.661725
E3|Q9Y6I7|Q9Y286,E3|Q9Y6I7,E3,Q9Y6I7,Q9Y286,WSB1,SIGLEC7,0,0,0.0,0.6632458
E3|Q9Y6I7|Q15173,E3|Q9Y6I7,E3,Q9Y6I7,Q15173,WSB1,PPP2R5B,0,0,0.0,0.664592
DUB|O94782|O14640,DUB|O94782,DUB,O94782,O14640,USP1,DVL1,0,0,0.0,0.6597487
DUB|O94782|O43353,DUB|O94782,DUB,O94782,O43353,USP1,RIPK2,0,0,0.0,0.65906733
DUB|O94782|Q15465,DUB|O94782,DUB,O94782,Q15465,USP1,SHH,0,0,0.0,0.6587263
DUB|O94782|P42773,DUB|O94782,DUB,O94782,P42773,USP1,CDKN2C,0,0,0.0,0.66499144
DUB|O94782|Q86YR5,DUB|O94782,DUB,O94782,Q86YR5,USP1,GPSM1,0,0,0.0,0.65909654
DUB|O94782|Q8N4S9,DUB|O94782,DUB,O94782,Q8N4S9,USP1,MARVELD2,0,0,0.0,0.6588192
DUB|O94782|Q9Y577,DUB|O94782,DUB,O94782,Q9Y577,USP1,TRIM17,0,0,0.0,0.66086656
DUB|P21580|Q99835,DUB|P21580,DUB,P21580,Q99835,TNFAIP3,SMO,0,0,0.0,0.6615936
DUB|P21580|Q04771,DUB|P21580,DUB,P21580,Q04771,TNFAIP3,ACVR1,0,0,0.0,0.6640724
DUB|P21580|P33981,DUB|P21580,DUB,P21580,P33981,TNFAIP3,TTK,0,0,0.0,0.66341656
DUB|P21580|Q13619,DUB|P21580,DUB,P21580,Q13619,TNFAIP3,CUL4A,0,0,0.0,0.66311485
DUB|P21580|O60337,DUB|P21580,DUB,P21580,O60337,TNFAIP3,MARCHF6,0,0,0.0,0.6627844
DUB|P21580|O95140,DUB|P21580,DUB,P21580,O95140,TNFAIP3,MFN2,0,0,0.0,0.66350454
DUB|Q0WX57|Q9UBS5,DUB|Q0WX57,DUB,Q0WX57,Q9UBS5,USP17L30,GABBR1,0,0,0.0,0.66305107
DUB|Q13107|O15519,DUB|Q13107,DUB,Q13107,O15519,USP4,CFLAR,0,0,0.0,0.66325957
DUB|Q13107|P04234,DUB|Q13107,DUB,Q13107,P04234,USP4,CD3D,0,0,0.0,0.65801144
DUB|Q13107|Q96RJ0,DUB|Q13107,DUB,Q13107,Q96RJ0,USP4,TAAR1,0,0,0.0,0.65825224
DUB|Q13107|O43521,DUB|Q13107,DUB,Q13107,O43521,USP4,BCL2L11,0,0,0.0,0.66242206
DUB|Q13107|Q04771,DUB|Q13107,DUB,Q13107,Q04771,USP4,ACVR1,0,0,0.0,0.6636077
DUB|Q13107|Q16625,DUB|Q13107,DUB,Q13107,Q16625,USP4,OCLN,0,0,0.0,0.6586458
DUB|Q13107|Q9Y570,DUB|Q13107,DUB,Q13107,Q9Y570,USP4,PPME1,0,0,0.0,0.66461354
DUB|Q13107|P36894,DUB|Q13107,DUB,Q13107,P36894,USP4,BMPR1A,0,0,0.0,0.6585799
DUB|Q13107|O95180,DUB|Q13107,DUB,Q13107,O95180,USP4,CACNA1H,0,0,0.0,0.6580528
DUB|Q13107|P04179,DUB|Q13107,DUB,Q13107,P04179,USP4,SOD2,0,0,0.0,0.6622221
DUB|Q13107|O14737,DUB|Q13107,DUB,Q13107,O14737,USP4,PDCD5,0,0,0.0,0.6647518
DUB|Q15040|Q14469,DUB|Q15040,DUB,Q15040,Q14469,JOSD1,HES1,0,0,0.0,0.6618071
DUB|Q15040|Q13619,DUB|Q15040,DUB,Q15040,Q13619,JOSD1,CUL4A,0,0,0.0,0.6633622
DUB|Q15040|P20226,DUB|Q15040,DUB,Q15040,P20226,JOSD1,TBP,0,0,0.0,0.66173786
DUB|Q504Q3|A2AIR5,DUB|Q504Q3,DUB,Q504Q3,A2AIR5,PAN2,Grin3a,0,0,0.0,0.6643436
DUB|Q5VV17|P35228,DUB|Q5VV17,DUB,Q5VV17,P35228,OTUD1,NOS2,0,0,0.0,0.6641478
DUB|Q5VV17|P04150,DUB|Q5VV17,DUB,Q5VV17,P04150,OTUD1,NR3C1,0,0,0.0,0.66485167
DUB|Q5VV17|Q02556,DUB|Q5VV17,DUB,Q5VV17,Q02556,OTUD1,IRF8,0,0,0.0,0.6637411
DUB|Q5VV17|P41134,DUB|Q5VV17,DUB,Q5VV17,P41134,OTUD1,ID1,0,0,0.0,0.6648335
DUB|Q5VV17|Q9HAU4,DUB|Q5VV17,DUB,Q5VV17,Q9HAU4,OTUD1,SMURF2,0,0,0.0,0.6593396
DUB|Q5VV17|O43623,DUB|Q5VV17,DUB,Q5VV17,O43623,OTUD1,SNAI2,0,0,0.0,0.6643877
DUB|Q5VV17|Q05516,DUB|Q5VV17,DUB,Q5VV17,Q05516,OTUD1,ZBTB16,0,0,0.0,0.6649183
DUB|Q5VV17|P40763,DUB|Q5VV17,DUB,Q5VV17,P40763,OTUD1,STAT3,0,0,0.0,0.66471326
DUB|Q5VV17|P08581,DUB|Q5VV17,DUB,Q5VV17,P08581,OTUD1,MET,0,0,0.0,0.6584265
DUB|Q5VV17|P37173,DUB|Q5VV17,DUB,Q5VV17,P37173,OTUD1,TGFBR2,0,0,0.0,0.6579299
DUB|Q5VV17|Q14790,DUB|Q5VV17,DUB,Q5VV17,Q14790,OTUD1,CASP8,0,0,0.0,0.66300845
DUB|Q5VV17|Q13042,DUB|Q5VV17,DUB,Q5VV17,Q13042,OTUD1,CDC16,0,0,0.0,0.6646789
DUB|Q6GQQ9|Q15388,DUB|Q6GQQ9,DUB,Q6GQQ9,Q15388,OTUD7B,TOMM20,0,0,0.0,0.66349685
DUB|Q6GQQ9|P04629,DUB|Q6GQQ9,DUB,Q6GQQ9,P04629,OTUD7B,NTRK1,0,0,0.0,0.6621689
DUB|Q6GQQ9|Q8TB45,DUB|Q6GQQ9,DUB,Q6GQQ9,Q8TB45,OTUD7B,DEPTOR,0,0,0.0,0.66243345
DUB|Q70CQ1|Q03518,DUB|Q70CQ1,DUB,Q70CQ1,Q03518,USP49,TAP1,0,0,0.0,0.66058534
DUB|Q70CQ1|P36894,DUB|Q70CQ1,DUB,Q70CQ1,P36894,USP49,BMPR1A,0,0,0.0,0.6599768
DUB|Q70CQ1|O14737,DUB|Q70CQ1,DUB,Q70CQ1,O14737,USP49,PDCD5,0,0,0.0,0.6646979
DUB|Q86T82|Q99538,DUB|Q86T82,DUB,Q86T82,Q99538,USP37,LGMN,0,0,0.0,0.6577116
DUB|Q86T82|Q9UHD2,DUB|Q86T82,DUB,Q86T82,Q9UHD2,USP37,TBK1,0,0,0.0,0.662977
DUB|Q86T82|Q96CW5,DUB|Q86T82,DUB,Q86T82,Q96CW5,USP37,TUBGCP3,0,0,0.0,0.66427594
DUB|Q86T82|Q86WI3,DUB|Q86T82,DUB,Q86T82,Q86WI3,USP37,NLRC5,0,0,0.0,0.6633188
DUB|Q86T82|P47895,DUB|Q86T82,DUB,Q86T82,P47895,USP37,ALDH1A3,0,0,0.0,0.6632936
DUB|Q86T82|Q13114,DUB|Q86T82,DUB,Q86T82,Q13114,USP37,TRAF3,0,0,0.0,0.6600448
DUB|Q86T82|Q8IXI2,DUB|Q86T82,DUB,Q86T82,Q8IXI2,USP37,RHOT1,0,0,0.0,0.66006285
DUB|Q93008|P20226,DUB|Q93008,DUB,Q93008,P20226,USP9X,TBP,0,0,0.0,0.6641152
DUB|Q93008|P04198,DUB|Q93008,DUB,Q93008,P04198,USP9X,MYCN,0,0,0.0,0.66431934
DUB|Q93008|Q8IVP5,DUB|Q93008,DUB,Q93008,Q8IVP5,USP9X,FUNDC1,0,0,0.0,0.66187596
DUB|Q93008|P42261,DUB|Q93008,DUB,Q93008,P42261,USP9X,GRIA1,0,0,0.0,0.6583009
DUB|Q93008|Q9UBS5,DUB|Q93008,DUB,Q93008,Q9UBS5,USP9X,GABBR1,0,0,0.0,0.6573348
DUB|Q93008|Q86TM6,DUB|Q93008,DUB,Q93008,Q86TM6,USP9X,SYVN1,0,0,0.0,0.66027564
DUB|Q93008|P04908,DUB|Q93008,DUB,Q93008,P04908,USP9X,HIST1H2AE,0,0,0.0,0.66428876
DUB|Q93008|P37173,DUB|Q93008,DUB,Q93008,P37173,USP9X,TGFBR2,0,0,0.0,0.65794605
DUB|Q93008|O75444,DUB|Q93008,DUB,Q93008,O75444,USP9X,MAF,0,0,0.0,0.6633435
DUB|Q93008|Q9H4P4,DUB|Q93008,DUB,Q93008,Q9H4P4,USP9X,RNF41,0,0,0.0,0.66363794
DUB|Q93008|P40305,DUB|Q93008,DUB,Q93008,P40305,USP9X,IFI27,0,0,0.0,0.6602442
DUB|Q93008|P04234,DUB|Q93008,DUB,Q93008,P04234,USP9X,CD3D,0,0,0.0,0.6577467
DUB|Q93008|Q9H040,DUB|Q93008,DUB,Q93008,Q9H040,USP9X,SPRTN,0,0,0.0,0.6645584
DUB|Q93008|P78344,DUB|Q93008,DUB,Q93008,P78344,USP9X,EIF4G2,0,0,0.0,0.6640247
DUB|Q93008|P37275,DUB|Q93008,DUB,Q93008,P37275,USP9X,ZEB1,0,0,0.0,0.66404206
DUB|Q93008|Q9UL17,DUB|Q93008,DUB,Q93008,Q9UL17,USP9X,TBX21,0,0,0.0,0.66235507
DUB|Q93008|Q02218,DUB|Q93008,DUB,Q93008,Q02218,USP9X,OGDH,0,0,0.0,0.6620351
DUB|Q93008|Q16777,DUB|Q93008,DUB,Q93008,Q16777,USP9X,HIST2H2AC,0,0,0.0,0.6638556
DUB|Q93008|Q9UGP5,DUB|Q93008,DUB,Q93008,Q9UGP5,USP9X,POLL,0,0,0.0,0.66443545
DUB|Q93008|Q86YC2,DUB|Q93008,DUB,Q93008,Q86YC2,USP9X,PALB2,0,0,0.0,0.66446584
DUB|Q93008|Q9Y253,DUB|Q93008,DUB,Q93008,Q9Y253,USP9X,POLH,0,0,0.0,0.6646496
DUB|Q93008|P26358,DUB|Q93008,DUB,Q93008,P26358,USP9X,DNMT1,0,0,0.0,0.6643901
DUB|Q93008|Q9HCX3,DUB|Q93008,DUB,Q93008,Q9HCX3,USP9X,ZNF304,0,0,0.0,0.6639084
DUB|Q93008|Q04771,DUB|Q93008,DUB,Q93008,Q04771,USP9X,ACVR1,0,0,0.0,0.66309994
DUB|Q93008|P51170,DUB|Q93008,DUB,Q93008,P51170,USP9X,SCNN1G,0,0,0.0,0.6576992
DUB|Q93008|Q05516,DUB|Q93008,DUB,Q93008,Q05516,USP9X,ZBTB16,0,0,0.0,0.6648819
DUB|Q93008|P09467,DUB|Q93008,DUB,Q93008,P09467,USP9X,FBP1,0,0,0.0,0.664691
DUB|Q93008|Q02246,DUB|Q93008,DUB,Q93008,Q02246,USP9X,CNTN2,0,0,0.0,0.6577497
DUB|Q93008|Q14669,DUB|Q93008,DUB,Q93008,Q14669,USP9X,TRIP12,0,0,0.0,0.66464657
DUB|Q93008|Q15233,DUB|Q93008,DUB,Q93008,Q15233,USP9X,NONO,0,0,0.0,0.6642823
DUB|Q93008|P55085,DUB|Q93008,DUB,Q93008,P55085,USP9X,F2RL1,0,0,0.0,0.65785116
DUB|Q93008|Q9Y294,DUB|Q93008,DUB,Q93008,Q9Y294,USP9X,ASF1A,0,0,0.0,0.663506
DUB|Q93008|Q6FI13,DUB|Q93008,DUB,Q93008,Q6FI13,USP9X,HIST2H2AA4,0,0,0.0,0.6631016
DUB|Q93008|P24864,DUB|Q93008,DUB,Q93008,P24864,USP9X,CCNE1,0,0,0.0,0.66502935
DUB|Q93008|Q9UKV5,DUB|Q93008,DUB,Q93008,Q9UKV5,USP9X,AMFR,0,0,0.0,0.66007596
DUB|Q93008|P29274,DUB|Q93008,DUB,Q93008,P29274,USP9X,ADORA2A,0,0,0.0,0.6575942
DUB|Q93008|P16104,DUB|Q93008,DUB,Q93008,P16104,USP9X,H2AFX,0,0,0.0,0.6643264
DUB|Q93008|Q15388,DUB|Q93008,DUB,Q93008,Q15388,USP9X,TOMM20,0,0,0.0,0.66229016
DUB|Q93008|Q8N4S9,DUB|Q93008,DUB,Q93008,Q8N4S9,USP9X,MARVELD2,0,0,0.0,0.6581627
DUB|Q93008|Q99708,DUB|Q93008,DUB,Q93008,Q99708,USP9X,RBBP8,0,0,0.0,0.66434675
DUB|Q96BN8|Q9UIF9,DUB|Q96BN8,DUB,Q96BN8,Q9UIF9,OTULIN,BAZ2A,0,0,0.0,0.6628921
DUB|Q96FW1|P04198,DUB|Q96FW1,DUB,Q96FW1,P04198,OTUB1,MYCN,0,0,0.0,0.66380465
DUB|Q96FW1|P08581,DUB|Q96FW1,DUB,Q96FW1,P08581,OTUB1,MET,0,0,0.0,0.6590267
DUB|Q96FW1|P35354,DUB|Q96FW1,DUB,Q96FW1,P35354,OTUB1,PTGS2,0,0,0.0,0.6598393
DUB|Q96FW1|P23771,DUB|Q96FW1,DUB,Q96FW1,P23771,OTUB1,GATA3,0,0,0.0,0.66128
DUB|Q96FW1|P0C0S8,DUB|Q96FW1,DUB,Q96FW1,P0C0S8,OTUB1,HIST1H2AM,0,0,0.0,0.6630844
DUB|Q96FW1|Q9BZK7,DUB|Q96FW1,DUB,Q96FW1,Q9BZK7,OTUB1,TBL1XR1,0,0,0.0,0.6636703
DUB|Q96FW1|Q03518,DUB|Q96FW1,DUB,Q96FW1,Q03518,OTUB1,TAP1,0,0,0.0,0.6595817
DUB|Q96FW1|P62807,DUB|Q96FW1,DUB,Q96FW1,P62807,OTUB1,HIST1H2BI,0,0,0.0,0.66405094
DUB|Q96FW1|Q13887,DUB|Q96FW1,DUB,Q96FW1,Q13887,OTUB1,KLF5,0,0,0.0,0.662566
DUB|Q96FW1|Q86TM6,DUB|Q96FW1,DUB,Q96FW1,Q86TM6,OTUB1,SYVN1,0,0,0.0,0.6608691
DUB|Q96FW1|P0C0S5,DUB|Q96FW1,DUB,Q96FW1,P0C0S5,OTUB1,H2AFZ,0,0,0.0,0.6630469
DUB|Q9C040|Q8NAP3,DUB|Q9C040,DUB,Q9C040,Q8NAP3,TRIM2,ZBTB38,0,0,0.0,0.663271
DUB|Q9C040|P28562,DUB|Q9C040,DUB,Q9C040,P28562,TRIM2,DUSP1,0,0,0.0,0.6650151
DUB|Q9H0E7|Q9Y256,DUB|Q9H0E7,DUB,Q9H0E7,Q9Y256,USP44,RCE1,0,0,0.0,0.657437
DUB|Q9H0E7|P05556,DUB|Q9H0E7,DUB,Q9H0E7,P05556,USP44,ITGB1,0,0,0.0,0.6573148
DUB|Q9H0E7|Q9H5J4,DUB|Q9H0E7,DUB,Q9H0E7,Q9H5J4,USP44,ELOVL6,0,0,0.0,0.6573883
DUB|Q9H9J4|Q16204,DUB|Q9H9J4,DUB,Q9H9J4,Q16204,USP42,CCDC6,0,0,0.0,0.66463006
DUB|Q9H9J4|O15151,DUB|Q9H9J4,DUB,Q9H9J4,O15151,USP42,MDM4,0,0,0.0,0.66480565
DUB|Q9H9J4|P30304,DUB|Q9H9J4,DUB,Q9H9J4,P30304,USP42,CDC25A,0,0,0.0,0.66506624
DUB|Q9H9J4|P23771,DUB|Q9H9J4,DUB,Q9H9J4,P23771,USP42,GATA3,0,0,0.0,0.66226757
DUB|Q9H9J4|Q9P2Y5,DUB|Q9H9J4,DUB,Q9H9J4,Q9P2Y5,USP42,UVRAG,0,0,0.0,0.65906024
DUB|Q9H9J4|Q12888,DUB|Q9H9J4,DUB,Q9H9J4,Q12888,USP42,TP53BP1,0,0,0.0,0.6642278
E3|A6NNE9|P01730,E3|A6NNE9,E3,A6NNE9,P01730,MARCHF11,CD4,1,1,1.0,0.65660906
E3|O14543|O60674,E3|O14543,E3,O14543,O60674,SOCS3,JAK2,1,1,1.0,0.65750307
E3|O14543|P35568,E3|O14543,E3,O14543,P35568,SOCS3,IRS1,1,1,1.0,0.6575127
E3|O14543|P40189,E3|O14543,E3,O14543,P40189,SOCS3,IL6ST,1,1,1.0,0.65569514
E3|O14543|Q9Y286,E3|O14543,E3,O14543,Q9Y286,SOCS3,SIGLEC7,1,1,1.0,0.65721726
E3|O14543|Q9Y4H2,E3|O14543,E3,O14543,Q9Y4H2,SOCS3,IRS2,1,1,1.0,0.657377
E3|O15164|P04637,E3|O15164,E3,O15164,P04637,TRIM24,TP53,1,1,1.0,0.65690494
E3|O15164|Q13114,E3|O15164,E3,O15164,Q13114,TRIM24,TRAF3,1,1,1.0,0.6557148
E3|O15344|P51668,E3|O15344,E3,O15344,P51668,MID1,UBE2D1,1,1,1.0,0.65622854
E3|O15344|P54829,E3|O15344,E3,O15344,P54829,MID1,STK36,1,1,1.0,0.65409935
E3|O15344|P62714,E3|O15344,E3,O15344,P62714,MID1,PPP2CB,1,1,1.0,0.657298
E3|O15344|P67775,E3|O15344,E3,O15344,P67775,MID1,PPP2CA,1,1,1.0,0.6571523
E3|O15344|P78318,E3|O15344,E3,O15344,P78318,MID1,IGBP1,1,1,1.0,0.65654874
E3|O15344|Q14653,E3|O15344,E3,O15344,Q14653,MID1,IRF3,1,1,1.0,0.6554934
E3|O15344|Q9NRP7,E3|O15344,E3,O15344,Q9NRP7,MID1,PPP2R4,1,1,1.0,0.6573392
E3|O15524|O60674,E3|O15524,E3,O15524,O60674,SOCS1,JAK2,1,1,1.0,0.6574841
E3|O15524|P07948,E3|O15524,E3,O15524,P07948,SOCS1,LYN,1,1,1.0,0.65666103
E3|O15524|P15498,E3|O15524,E3,O15524,P15498,SOCS1,VAV1,1,1,1.0,0.6573997
E3|O15524|P23458,E3|O15524,E3,O15524,P23458,SOCS1,JAK1,1,1,1.0,0.65749645
E3|O15524|P35568,E3|O15524,E3,O15524,P35568,SOCS1,IRS1,1,1,1.0,0.65708596
E3|O15524|Q04206,E3|O15524,E3,O15524,Q04206,SOCS1,RELA,1,1,1.0,0.65610987
E3|O15524|Q9Y4H2,E3|O15524,E3,O15524,Q9Y4H2,SOCS1,IRS2,1,1,1.0,0.6570822
E3|O43734|Q9Y4K3,E3|O43734,E3,O43734,Q9Y4K3,TRAF3IP2,TRAF6,1,1,1.0,0.6569849
E3|O60260|O00429,E3|O60260,E3,O60260,O00429,PARK2,DNM1L,1,1,1.0,0.6562617
E3|O60260|O15354,E3|O60260,E3,O60260,O15354,PARK2,GPR37,1,1,1.0,0.65483856
E3|O60260|O43175,E3|O60260,E3,O60260,O43175,PRKN,PHGDH,1,1,1.0,0.65651447
E3|O60260|O43236,E3|O60260,E3,O60260,O43236,PRKN,SEPTIN4,1,1,1.0,0.65653753
E3|O60260|O60260,E3|O60260,E3,O60260,O60260,PARK2,PARK2,1,1,1.0,0.6575778
E3|O60260|O60883,E3|O60260,E3,O60260,O60883,PRKN,GPR37L1,1,1,1.0,0.654546
E3|O60260|O95140,E3|O60260,E3,O60260,O95140,PRKN,MFN2,1,1,1.0,0.65679497
E3|O60260|O95147,E3|O60260,E3,O60260,O95147,PARK2,NEK2,1,1,1.0,0.65692234
E3|O60260|O96020,E3|O60260,E3,O60260,O96020,PRKN,CCNE2,1,1,1.0,0.65681916
E3|O60260|P07437,E3|O60260,E3,O60260,P07437,PARK2,TUBB,1,1,1.0,0.6569117
E3|O60260|P08247,E3|O60260,E3,O60260,P08247,PRKN,SYP,1,1,1.0,0.6560231
E3|O60260|P09936,E3|O60260,E3,O60260,P09936,PRKN,UCHL1,1,1,1.0,0.65656704
E3|O60260|P10415,E3|O60260,E3,O60260,P10415,PRKN,BCL2,1,1,1.0,0.65636635
E3|O60260|P14635,E3|O60260,E3,O60260,P14635,PRKN,CCNB1,1,1,1.0,0.65690184
E3|O60260|P19174,E3|O60260,E3,O60260,P19174,PRKN,PLCG1,1,1,1.0,0.6564049
E3|O60260|P19367,E3|O60260,E3,O60260,P19367,PRKN,HK1,1,1,1.0,0.65686136
E3|O60260|P21796,E3|O60260,E3,O60260,P21796,PRKN,VDAC1,1,1,1.0,0.65565586
E3|O60260|P21860,E3|O60260,E3,O60260,P21860,PRKN,ERBB3,1,1,1.0,0.65479034
E3|O60260|P24864,E3|O60260,E3,O60260,P24864,PARK2,CCNE1,1,1,1.0,0.6565982
E3|O60260|P37840,E3|O60260,E3,O60260,P37840,PARK2,SNCA,1,1,1.0,0.6564536
E3|O60260|P42566,E3|O60260,E3,O60260,P42566,PARK2,EPS15,1,1,1.0,0.65492946
E3|O60260|P46527,E3|O60260,E3,O60260,P46527,PARK2,HSD17B10,1,1,1.0,0.6564056
E3|O60260|P46937,E3|O60260,E3,O60260,P46937,PRKN,YAP1,1,1,1.0,0.6561388
E3|O60260|P49792,E3|O60260,E3,O60260,P49792,PARK2,RANBP2,1,1,1.0,0.65666336
E3|O60260|P51955,E3|O60260,E3,O60260,P51955,PRKN,NEK2,1,1,1.0,0.6567009
E3|O60260|P53667,E3|O60260,E3,O60260,P53667,PARK2,LIMK1,1,1,1.0,0.6567268
E3|O60260|P54252,E3|O60260,E3,O60260,P54252,PRKN,ATXN3,1,1,1.0,0.65723765
E3|O60260|P54829,E3|O60260,E3,O60260,P54829,PRKN,PTPN5,1,1,1.0,0.6555409
E3|O60260|P55036,E3|O60260,E3,O60260,P55036,PARK2,PSMD4,1,1,1.0,0.65675455
E3|O60260|P68363,E3|O60260,E3,O60260,P68363,PRKN,TUBA1B,1,1,1.0,0.65688574
E3|O60260|Q07812,E3|O60260,E3,O60260,Q07812,PRKN,BAX,1,1,1.0,0.6568264
E3|O60260|Q07817,E3|O60260,E3,O60260,Q07817,PRKN,BCL2L1,1,1,1.0,0.65722346
E3|O60260|Q13148,E3|O60260,E3,O60260,Q13148,PRKN,TARDBP,1,1,1.0,0.6571134
E3|O60260|Q13155,E3|O60260,E3,O60260,Q13155,PARK2,AIMP2,1,1,1.0,0.6568779
E3|O60260|Q13501,E3|O60260,E3,O60260,Q13501,PRKN,SQSTM1,1,1,1.0,0.6565113
E3|O60260|Q14190,E3|O60260,E3,O60260,Q14190,PARK2,SIM2,1,1,1.0,0.65676767
E3|O60260|Q15303,E3|O60260,E3,O60260,Q15303,PRKN,ERBB4,1,1,1.0,0.6552892
E3|O60260|Q15388,E3|O60260,E3,O60260,Q15388,PRKN,TOMM20,1,1,1.0,0.65696836
E3|O60260|Q16342,E3|O60260,E3,O60260,Q16342,PRKN,PDCD2,1,1,1.0,0.6569146
E3|O60260|Q16665,E3|O60260,E3,O60260,Q16665,PRKN,HIF1A,1,1,1.0,0.6567633
E3|O60260|Q6NUN9,E3|O60260,E3,O60260,Q6NUN9,PARK2,ZNF746,1,1,1.0,0.6563815
E3|O60260|Q70CQ3,E3|O60260,E3,O60260,Q70CQ3,PRKN,USP30,1,1,1.0,0.6567536
E3|O60260|Q8IWA4,E3|O60260,E3,O60260,Q8IWA4,PARK2,MFN1,1,1,1.0,0.656688
E3|O60260|Q8IXI1,E3|O60260,E3,O60260,Q8IXI1,PRKN,RHOT2,1,1,1.0,0.6567479
E3|O60260|Q8IXI2,E3|O60260,E3,O60260,Q8IXI2,PRKN,RHOT1,1,1,1.0,0.65669125
E3|O60260|Q92844,E3|O60260,E3,O60260,Q92844,PRKN,TANK,1,1,1.0,0.6572349
E3|O60260|Q96AE4,E3|O60260,E3,O60260,Q96AE4,PRKN,FUBP1,1,1,1.0,0.6563224
E3|O60260|Q96P20,E3|O60260,E3,O60260,Q96P20,PRKN,NLRP3,1,1,1.0,0.6565454
E3|O60260|Q96QK1,E3|O60260,E3,O60260,Q96QK1,PRKN,VPS35,1,1,1.0,0.65634894
E3|O60260|Q99497,E3|O60260,E3,O60260,Q99497,PARK2,PARK7,1,1,1.0,0.6556287
E3|O60260|Q99648,E3|O60260,E3,O60260,Q99648,PRKN,CDCrel-1,1,1,1.0,0.65393895
E3|O60260|Q99714,E3|O60260,E3,O60260,Q99714,PARK2,PTPN5,1,1,1.0,0.65665144
E3|O60260|Q99719,E3|O60260,E3,O60260,Q99719,PARK2,PRKN,1,1,1.0,0.6566928
E3|O60260|Q99962,E3|O60260,E3,O60260,Q99962,PRKN,SH3GL2,1,1,1.0,0.6553423
E3|O60260|Q99963,E3|O60260,E3,O60260,Q99963,PRKN,SH3GL3,1,1,1.0,0.65549374
E3|O60260|Q9BT88,E3|O60260,E3,O60260,Q9BT88,PRKN,SYT11,1,1,1.0,0.6553687
E3|O60260|Q9BXM7,E3|O60260,E3,O60260,Q9BXM7,PARK2,PINK1,1,1,1.0,0.6572218
E3|O60260|Q9NRD5,E3|O60260,E3,O60260,Q9NRD5,PARK2,PICK1,1,1,1.0,0.6567842
E3|O60260|Q9NX09,E3|O60260,E3,O60260,Q9NX09,PRKN,DDIT4,1,1,1.0,0.65671116
E3|O60260|Q9NZ45,E3|O60260,E3,O60260,Q9NZ45,PRKN,CISD1,1,1,1.0,0.6566861
E3|O60260|Q9UNE7,E3|O60260,E3,O60260,Q9UNE7,PRKN,STUB1,1,1,1.0,0.6572651
E3|O60260|Q9UNN5,E3|O60260,E3,O60260,Q9UNN5,PRKN,FAF1,1,1,1.0,0.6569458
E3|O60260|Q9Y4K3,E3|O60260,E3,O60260,Q9Y4K3,PRKN,TRAF6,1,1,1.0,0.65718585
E3|O60260|Q9Y6H5,E3|O60260,E3,O60260,Q9Y6H5,PARK2,SNCAIP,1,1,1.0,0.6566327
E3|O60260|Q9Y6K9,E3|O60260,E3,O60260,Q9Y6K9,PARK2,IKBKG,1,1,1.0,0.65718615
E3|O75382|P04637,E3|O75382,E3,O75382,P04637,TRIM3,TP53,1,1,1.0,0.6562564
E3|O75382|Q14457,E3|O75382,E3,O75382,Q14457,TRIM3,BECN1,1,1,1.0,0.6572872
E3|O75382|Q5VSY0,E3|O75382,E3,O75382,Q5VSY0,TRIM3,GKAP1,1,1,1.0,0.6575692
E3|O94889|O14965,E3|O94889,E3,O94889,O14965,KLHL18,AURKA,1,1,1.0,0.656286
E3|O95630|Q96P20,E3|O95630,E3,O95630,Q96P20,STAMBP,NLRP3,1,1,1.0,0.65721667
E3|O95835|Q14457,E3|O95835,E3,O95835,Q14457,LATS1,BECN1,1,1,1.0,0.654596
E3|P10523|P05412,E3|P10523,E3,P10523,P05412,SAG,JUN,1,1,1.0,0.6563062
E3|P10523|P21359,E3|P10523,E3,P10523,P21359,SAG,NF1,1,1,1.0,0.654381
E3|P10523|P25963,E3|P10523,E3,P10523,P25963,SAG,NFKBIA,1,1,1.0,0.65710956
E3|P10523|P46527,E3|P10523,E3,P10523,P46527,SAG,CDKN1B,1,1,1.0,0.65596473
E3|P10523|P49427,E3|P10523,E3,P10523,P49427,SAG,CDC34,1,1,1.0,0.65680814
E3|P10523|Q13794,E3|P10523,E3,P10523,Q13794,SAG,PMAIP1,1,1,1.0,0.65625376
E3|P10523|Q16665,E3|P10523,E3,P10523,Q16665,SAG,HIF1A,1,1,1.0,0.6565744
E3|P10523|Q8TB45,E3|P10523,E3,P10523,Q8TB45,SAG,DEPTOR,1,1,1.0,0.65555096
E3|P15918|C9JYI4,E3|P15918,E3,P15918,C9JYI4,RAG1,KPNA1,1,1,1.0,0.6561658
E3|P15918|P15918,E3|P15918,E3,P15918,P15918,RAG1,RAG1,1,1,1.0,0.6581321
E3|P15918|P52292,E3|P15918,E3,P15918,P52292,RAG1,KPNA2,1,1,1.0,0.65591365
E3|P15918|P52294,E3|P15918,E3,P15918,P52294,RAG1,KPNA1,1,1,1.0,0.6506832
E3|P15918|Q16695,E3|P15918,E3,P15918,Q16695,RAG1,H3-4,1,1,1.0,0.6535712
E3|P21580|P21580,E3|P21580,E3,P21580,P21580,TNFAIP3,TNFAIP3,1,1,1.0,0.6577627
E3|P21580|Q13546,E3|P21580,E3,P21580,Q13546,TNFAIP3,RIPK1,1,1,1.0,0.6563211
E3|P21580|Q9H4P4,E3|P21580,E3,P21580,Q9H4P4,TNFAIP3,RNF41,1,1,1.0,0.6570433
E3|P21580|Q9NR96,E3|P21580,E3,P21580,Q9NR96,TNFAIP3,TLR9,1,1,1.0,0.65657336
E3|P22681|O14964,E3|P22681,E3,P22681,O14964,CBL,HGS,1,1,1.0,0.65734714
E3|P22681|O43521,E3|P22681,E3,P22681,O43521,CBL,BCL2L11,1,1,1.0,0.6565955
E3|P22681|O43597,E3|P22681,E3,P22681,O43597,CBL,SPRY2,1,1,1.0,0.656392
E3|P22681|O94875,E3|P22681,E3,P22681,O94875,CBL,SORBS2,1,1,1.0,0.6577084
E3|P22681|O95644,E3|P22681,E3,P22681,O95644,CBL,NFATC1,1,1,1.0,0.6550884
E3|P22681|P00519,E3|P22681,E3,P22681,P00519,CBL,ABL1,1,1,1.0,0.65659386
E3|P22681|P00533,E3|P22681,E3,P22681,P00533,CBL,EGFR,1,1,1.0,0.6577807
E3|P22681|P04085,E3|P22681,E3,P22681,P04085,CBL,PDGFA,1,1,1.0,0.6567652
E3|P22681|P04271,E3|P22681,E3,P22681,P04271,CBL,S100B,1,1,1.0,0.65725636
E3|P22681|P04626,E3|P22681,E3,P22681,P04626,CBL,ERBB2,1,1,1.0,0.6576165
E3|P22681|P06127,E3|P22681,E3,P22681,P06127,CBL,CD5,1,1,1.0,0.65715766
E3|P22681|P06239,E3|P22681,E3,P22681,P06239,CBL,LCK,1,1,1.0,0.6575442
E3|P22681|P06241,E3|P22681,E3,P22681,P06241,CBL,FYN,1,1,1.0,0.6575048
E3|P22681|P07333,E3|P22681,E3,P22681,P07333,CBL,CSF1R,1,1,1.0,0.65723073
E3|P22681|P07947,E3|P22681,E3,P22681,P07947,CBL,YES1,1,1,1.0,0.65772796
E3|P22681|P07948,E3|P22681,E3,P22681,P07948,CBL,LYN,1,1,1.0,0.6577176
E3|P22681|P08069,E3|P22681,E3,P22681,P08069,CBL,IGF1R,1,1,1.0,0.65756094
E3|P22681|P08138,E3|P22681,E3,P22681,P08138,CBL,NGFR,1,1,1.0,0.6573183
E3|P22681|P08581,E3|P22681,E3,P22681,P08581,CBL,MET,1,1,1.0,0.65744835
E3|P22681|P08648,E3|P22681,E3,P22681,P08648,CBL,ITGA5,1,1,1.0,0.6573865
E3|P22681|P09619,E3|P22681,E3,P22681,P09619,CBL,PDGFRB,1,1,1.0,0.6575644
E3|P22681|P09769,E3|P22681,E3,P22681,P09769,CBL,FGR,1,1,1.0,0.657623
E3|P22681|P10721,E3|P22681,E3,P22681,P10721,CBL,KIT,1,1,1.0,0.65730786
E3|P22681|P11274,E3|P22681,E3,P22681,P11274,CBL,BCR,1,1,1.0,0.6564646
E3|P22681|P11362,E3|P22681,E3,P22681,P11362,CBL,FGFR1,1,1,1.0,0.6576355
E3|P22681|P12318,E3|P22681,E3,P22681,P12318,CBL,FCGR2A,1,1,1.0,0.6571534
E3|P22681|P12931,E3|P22681,E3,P22681,P12931,CBL,SRC,1,1,1.0,0.6575664
E3|P22681|P13569,E3|P22681,E3,P22681,P13569,CBL,CFTR,1,1,1.0,0.65771824
E3|P22681|P15498,E3|P22681,E3,P22681,P15498,CBL,VAV1,1,1,1.0,0.65728927
E3|P22681|P16234,E3|P22681,E3,P22681,P16234,CBL,PDGFRA,1,1,1.0,0.65750015
E3|P22681|P17948,E3|P22681,E3,P22681,P17948,CBL,FLT1,1,1,1.0,0.6572534
E3|P22681|P19174,E3|P22681,E3,P22681,P19174,CBL,PLCG1,1,1,1.0,0.6574032
E3|P22681|P21802,E3|P22681,E3,P22681,P21802,CBL,FGFR2,1,1,1.0,0.6575172
E3|P22681|P22455,E3|P22681,E3,P22681,P22455,CBL,FGFR4,1,1,1.0,0.6574983
E3|P22681|P22607,E3|P22681,E3,P22681,P22607,CBL,FGFR3,1,1,1.0,0.6574639
E3|P22681|P27986,E3|P22681,E3,P22681,P27986,CBL,PIK3R1,1,1,1.0,0.65756315
E3|P22681|P29317,E3|P22681,E3,P22681,P29317,CBL,EPHA2,1,1,1.0,0.65772825
E3|P22681|P29322,E3|P22681,E3,P22681,P29322,CBL,EPHA8,1,1,1.0,0.65731686
E3|P22681|P31785,E3|P22681,E3,P22681,P31785,CBL,IL2RG,1,1,1.0,0.6571747
E3|P22681|P35222,E3|P22681,E3,P22681,P35222,CBL,CTNNB1,1,1,1.0,0.6573055
E3|P22681|P35968,E3|P22681,E3,P22681,P35968,CBL,KDR,1,1,1.0,0.6575396
E3|P22681|P40189,E3|P22681,E3,P22681,P40189,CBL,IL6ST,1,1,1.0,0.6571665
E3|P22681|P40238,E3|P22681,E3,P22681,P40238,CBL,MPL,1,1,1.0,0.6573765
E3|P22681|P42229,E3|P22681,E3,P22681,P42229,CBL,STAT5A,1,1,1.0,0.6566581
E3|P22681|P42345,E3|P22681,E3,P22681,P42345,CBL,MTOR,1,1,1.0,0.65758425
E3|P22681|P43403,E3|P22681,E3,P22681,P43403,CBL,ZAP70,1,1,1.0,0.65775084
E3|P22681|P43405,E3|P22681,E3,P22681,P43405,CBL,SYK,1,1,1.0,0.65748745
E3|P22681|P46109,E3|P22681,E3,P22681,P46109,CBL,CRKL,1,1,1.0,0.65694743
E3|P22681|P48736,E3|P22681,E3,P22681,P48736,CBL,PIK3CG,1,1,1.0,0.6571842
E3|P22681|P51692,E3|P22681,E3,P22681,P51692,CBL,STAT5B,1,1,1.0,0.65728843
E3|P22681|P54762,E3|P22681,E3,P22681,P54762,CBL,EPHB1,1,1,1.0,0.65723467
E3|P22681|P55085,E3|P22681,E3,P22681,P55085,CBL,F2RL1,1,1,1.0,0.65726495
E3|P22681|Q02556,E3|P22681,E3,P22681,Q02556,CBL,IRF8,1,1,1.0,0.6553899
E3|P22681|Q02763,E3|P22681,E3,P22681,Q02763,CBL,TEK,1,1,1.0,0.657826
E3|P22681|Q04912,E3|P22681,E3,P22681,Q04912,CBL,MST1R,1,1,1.0,0.65670174
E3|P22681|Q14155,E3|P22681,E3,P22681,Q14155,CBL,ARHGEF7,1,1,1.0,0.6573247
E3|P22681|Q7Z698,E3|P22681,E3,P22681,Q7Z698,CBL,SPRED2,1,1,1.0,0.6574517
E3|P22681|Q8TBZ2,E3|P22681,E3,P22681,Q8TBZ2,CBL,MYCBPAP,1,1,1.0,0.65659934
E3|P22681|Q8WU20,E3|P22681,E3,P22681,Q8WU20,CBL,FRS2,1,1,1.0,0.65776694
E3|P22681|Q96B97,E3|P22681,E3,P22681,Q96B97,CBL,SH3KBP1,1,1,1.0,0.6569039
E3|P22681|Q96JA1,E3|P22681,E3,P22681,Q96JA1,CBL,LRIG1,1,1,1.0,0.65722936
E3|P22681|Q96P20,E3|P22681,E3,P22681,Q96P20,CBL,NLRP3,1,1,1.0,0.65736204
E3|P22681|Q9UGK3,E3|P22681,E3,P22681,Q9UGK3,CBL,STAP2,1,1,1.0,0.65759
E3|P22681|Q9UM73,E3|P22681,E3,P22681,Q9UM73,CBL,ALK,1,1,1.0,0.6576112
E3|P29372|P04554,E3|P29372,E3,P29372,P04554,MPG,PRM2,1,1,1.0,0.6562159
E3|P29372|P51668,E3|P29372,E3,P29372,P51668,MPG,UBE2D1,1,1,1.0,0.65683275
E3|P29372|P62714,E3|P29372,E3,P29372,P62714,MPG,PPP2CB,1,1,1.0,0.65642476
E3|P29372|P67775,E3|P29372,E3,P29372,P67775,MPG,PPP2CA,1,1,1.0,0.6565125
E3|P29372|P78318,E3|P29372,E3,P29372,P78318,MPG,IGBP1,1,1,1.0,0.6563376
E3|P29372|Q15257,E3|P29372,E3,P29372,Q15257,MPG,PTPA,1,1,1.0,0.6541861
E3|P29372|Q9NRP7,E3|P29372,E3,P29372,Q9NRP7,MPG,STK36,1,1,1.0,0.65634876
E3|P29372|Q9P0W2,E3|P29372,E3,P29372,Q9P0W2,MPG,HMG20B,1,1,1.0,0.65534925
E3|P41002|O43303,E3|P41002,E3,P41002,O43303,CCNF,CCP110,1,1,1.0,0.6570464
E3|P41002|P31350,E3|P41002,E3,P41002,P31350,CCNF,RRM2,1,1,1.0,0.65684146
E3|P41002|Q99741,E3|P41002,E3,P41002,Q99741,CCNF,CDC6,1,1,1.0,0.6570379
E3|P48742|P53667,E3|P48742,E3,P48742,P53667,LHX1,LIMK1,1,1,1.0,0.6517902
E3|P62253|O60337,E3|P62253,E3,P62253,O60337,UBE2G1,MARCHF6,1,1,1.0,0.6549593
E3|P62877|P03372,E3|P62877,E3,P62877,P03372,RBX1,ESR1,1,1,1.0,0.65515846
E3|P62877|P23443,E3|P62877,E3,P62877,P23443,RBX1,RPS6KB1,1,1,1.0,0.655983
E3|P62877|P24928,E3|P62877,E3,P62877,P24928,RBX1,POLR2A,1,1,1.0,0.6566832
E3|P62877|Q16236,E3|P62877,E3,P62877,Q16236,RBX1,NFE2L2,1,1,1.0,0.6563184
E3|P62877|Q9UMX1,E3|P62877,E3,P62877,Q9UMX1,RBX1,SUFU,1,1,1.0,0.6572704
E3|P90489|P01889,E3|P90489,E3,P90489,P01889,K5,HLA-B,1,1,1.0,0.655541
E3|P90489|P05362,E3|P90489,E3,P90489,P05362,K5,ICAM1,1,1,1.0,0.65592223
E3|P90489|P15260,E3|P90489,E3,P90489,P15260,K5,IFNGR1,1,1,1.0,0.6552908
E3|P90489|P15813,E3|P90489,E3,P90489,P15813,K5,CD1D,1,1,1.0,0.6554891
E3|P90489|P16284,E3|P90489,E3,P90489,P16284,K5,PECAM1,1,1,1.0,0.6554614
E3|P90489|P42081,E3|P90489,E3,P90489,P42081,K5,CD86,1,1,1.0,0.6552849
E3|P90489|Q10589,E3|P90489,E3,P90489,Q10589,K5,BST2,1,1,1.0,0.6555769
E3|P90489|Q13740,E3|P90489,E3,P90489,Q13740,K5,ALCAM,1,1,1.0,0.6552668
E3|Q05086|O00327,E3|Q05086,E3,Q05086,O00327,UBE3A,ARNTL,1,1,1.0,0.6566343
E3|Q05086|O15145,E3|Q05086,E3,Q05086,O15145,UBE3A,ARPC3,1,1,1.0,0.6569175
E3|Q05086|O43166,E3|Q05086,E3,Q05086,O43166,UBE3A,SIPA1L1,1,1,1.0,0.6568586
E3|Q05086|P03372,E3|Q05086,E3,Q05086,P03372,UBE3A,ESR1,1,1,1.0,0.655751
E3|Q05086|P04083,E3|Q05086,E3,Q05086,P04083,UBE3A,ANXA1,1,1,1.0,0.65527356
E3|Q05086|P04271,E3|Q05086,E3,Q05086,P04271,UBE3A,S100B,1,1,1.0,0.6545074
E3|Q05086|P04637,E3|Q05086,E3,Q05086,P04637,UBE3A,TP53,1,1,1.0,0.6572324
E3|Q05086|P06400,E3|Q05086,E3,Q05086,P06400,UBE3A,RB1,1,1,1.0,0.65646696
E3|Q05086|P06733,E3|Q05086,E3,Q05086,P06733,UBE3A,ENO1,1,1,1.0,0.6551268
E3|Q05086|P26045,E3|Q05086,E3,Q05086,P26045,UBE3A,PTPN3,1,1,1.0,0.65542173
E3|Q05086|P29590,E3|Q05086,E3,Q05086,P29590,UBE3A,PML,1,1,1.0,0.6563917
E3|Q05086|P33993,E3|Q05086,E3,Q05086,P33993,UBE3A,MCM7,1,1,1.0,0.6569702
E3|Q05086|P37840,E3|Q05086,E3,Q05086,P37840,UBE3A,SNCA,1,1,1.0,0.6558188
E3|Q05086|P46527,E3|Q05086,E3,Q05086,P46527,UBE3A,CDKN1B,1,1,1.0,0.65577275
E3|Q05086|P49715,E3|Q05086,E3,Q05086,P49715,UBE3A,CEBPA,1,1,1.0,0.65618557
E3|Q05086|P49815,E3|Q05086,E3,Q05086,P49815,UBE3A,TSC2,1,1,1.0,0.65570796
E3|Q05086|P51451,E3|Q05086,E3,Q05086,P51451,UBE3A,BLK,1,1,1.0,0.6541556
E3|Q05086|P54725,E3|Q05086,E3,Q05086,P54725,UBE3A,RAD23A,1,1,1.0,0.65745914
E3|Q05086|P54727,E3|Q05086,E3,Q05086,P54727,UBE3A,RAD23B,1,1,1.0,0.65710837
E3|Q05086|P54821,E3|Q05086,E3,Q05086,P54821,UBE3A,PRRX1,1,1,1.0,0.6556862
E3|Q05086|P55036,E3|Q05086,E3,Q05086,P55036,UBE3A,PSMD4,1,1,1.0,0.6570834
E3|Q05086|P78352,E3|Q05086,E3,Q05086,P78352,UBE3A,DLG4,1,1,1.0,0.6540016
E3|Q05086|Q05086,E3|Q05086,E3,Q05086,Q05086,UBE3A,UBE3A,1,1,1.0,0.6576848
E3|Q05086|Q06830,E3|Q05086,E3,Q05086,Q06830,UBE3A,PRDX1,1,1,1.0,0.6569457
E3|Q05086|Q12959,E3|Q05086,E3,Q05086,Q12959,UBE3A,DLG1,1,1,1.0,0.65440893
E3|Q05086|Q14160,E3|Q05086,E3,Q05086,Q14160,UBE3A,SCRIB,1,1,1.0,0.65436906
E3|Q05086|Q15257,E3|Q05086,E3,Q05086,Q15257,UBE3A,PTPA,1,1,1.0,0.6541541
E3|Q05086|Q15334,E3|Q05086,E3,Q05086,Q15334,UBE3A,LLGL1,1,1,1.0,0.6561584
E3|Q05086|Q16611,E3|Q05086,E3,Q05086,Q16611,UBE3A,BAK1,1,1,1.0,0.6561341
E3|Q05086|Q8IXH7,E3|Q05086,E3,Q05086,Q8IXH7,UBE3A,NELFCD,1,1,1.0,0.6570655
E3|Q05086|Q8WTU0,E3|Q05086,E3,Q05086,Q8WTU0,UBE3A,DDI1,1,1,1.0,0.6573215
E3|Q05086|Q9HD26,E3|Q05086,E3,Q05086,Q9HD26,UBE3A,GOPC,1,1,1.0,0.6553163
E3|Q05086|Q9Y5K5,E3|Q05086,E3,Q05086,Q9Y5K5,UBE3A,UCHL5,1,1,1.0,0.6573309
E3|Q05086|Q9Y6Q9,E3|Q05086,E3,Q05086,Q9Y6Q9,UBE3A,NCOA3,1,1,1.0,0.65587753
E3|Q07869|P10415,E3|Q07869,E3,Q07869,P10415,PPARA,BCL2,1,1,1.0,0.65420985
E3|Q13829|P61586,E3|Q13829,E3,Q13829,P61586,TNFAIP1,RHOA,1,1,1.0,0.65741223
E3|Q13829|P67870,E3|Q13829,E3,Q13829,P67870,TNFAIP1,CSNK2B,1,1,1.0,0.6555898
E3|Q14139|Q14139,E3|Q14139,E3,Q14139,Q14139,UBE4A,UBE4A,1,1,1.0,0.65788656
E3|Q14258|O95786,E3|Q14258,E3,Q14258,O95786,TRIM25,DDX58,1,1,1.0,0.6569718
E3|Q14258|P03372,E3|Q14258,E3,Q14258,P03372,TRIM25,ESR1,1,1,1.0,0.6555509
E3|Q14258|P31947,E3|Q14258,E3,Q14258,P31947,TRIM25,SFN,1,1,1.0,0.65580726
E3|Q14258|P60484,E3|Q14258,E3,Q14258,P60484,TRIM25,PTEN,1,1,1.0,0.6561749
E3|Q14258|Q12933,E3|Q14258,E3,Q14258,Q12933,TRIM25,TRAF2,1,1,1.0,0.6569673
E3|Q14258|Q13330,E3|Q14258,E3,Q14258,Q13330,TRIM25,MTA1,1,1,1.0,0.6569534
E3|Q14258|Q13887,E3|Q14258,E3,Q14258,Q13887,TRIM25,KLF5,1,1,1.0,0.6556906
E3|Q14258|Q14145,E3|Q14258,E3,Q14258,Q14145,TRIM25,KEAP1,1,1,1.0,0.65726936
E3|Q14258|Q14258,E3|Q14258,E3,Q14258,Q14258,TRIM25,TRIM25,1,1,1.0,0.65750057
E3|Q14258|Q15911,E3|Q14258,E3,Q14258,Q15911,TRIM25,ZFHX3,1,1,1.0,0.65576893
E3|Q14258|Q7Z434,E3|Q14258,E3,Q14258,Q7Z434,TRIM25,MAVS,1,1,1.0,0.6562241
E3|Q14258|Q96RK0,E3|Q14258,E3,Q14258,Q96RK0,TRIM25,CIC,1,1,1.0,0.65614533
E3|Q14258|Q9UKV5,E3|Q14258,E3,Q14258,Q9UKV5,TRIM25,AMFR,1,1,1.0,0.65503
E3|Q14258|Q9Y572,E3|Q14258,E3,Q14258,Q9Y572,TRIM25,RIPK3,1,1,1.0,0.65664136
E3|Q15751|P04049,E3|Q15751,E3,Q15751,P04049,HERC1,RAF1,1,1,1.0,0.6559963
E3|Q15751|P48436,E3|Q15751,E3,Q15751,P48436,HERC1,SOX9,1,1,1.0,0.65477234
E3|Q15751|P49815,E3|Q15751,E3,Q15751,P49815,HERC1,TSC2,1,1,1.0,0.6561556
E3|Q53GT1|O75140,E3|Q53GT1,E3,Q53GT1,O75140,KLHL22,DEPDC5,1,1,1.0,0.654726
E3|Q53GT1|P53350,E3|Q53GT1,E3,Q53GT1,P53350,KLHL22,PLK1,1,1,1.0,0.65689456
E3|Q5T0T0|P00441,E3|Q5T0T0,E3,Q5T0T0,P00441,MARCHF8,SOD1,1,1,1.0,0.65631604
E3|Q5T0T0|P01023,E3|Q5T0T0,E3,Q5T0T0,P01023,MARCHF8,A2M,1,1,1.0,0.6569239
E3|Q5T0T0|P01903,E3|Q5T0T0,E3,Q5T0T0,P01903,MARCHF8,HLA-DRA,1,1,1.0,0.65700907
E3|Q5T0T0|P01911,E3|Q5T0T0,E3,Q5T0T0,P01911,MARCHF8,HLA-DRB1,1,1,1.0,0.6570031
E3|Q5T0T0|P01912,E3|Q5T0T0,E3,Q5T0T0,P01912,MARCHF8,HLA-DRB1,1,1,1.0,0.6567703
E3|Q5T0T0|P02786,E3|Q5T0T0,E3,Q5T0T0,P02786,MARCHF8,TFRC,1,1,1.0,0.65676796
E3|Q5T0T0|P04229,E3|Q5T0T0,E3,Q5T0T0,P04229,MARCHF8,HLA-DRB1,1,1,1.0,0.655907
E3|Q5T0T0|P04233,E3|Q5T0T0,E3,Q5T0T0,P04233,MARCHF8,CD74,1,1,1.0,0.65703773
E3|Q5T0T0|P08195,E3|Q5T0T0,E3,Q5T0T0,P08195,MARCHF8,SLC3A2,1,1,1.0,0.65699726
E3|Q5T0T0|P08684,E3|Q5T0T0,E3,Q5T0T0,P08684,MARCHF8,CYP3A4,1,1,1.0,0.65708506
E3|Q5T0T0|P12830,E3|Q5T0T0,E3,Q5T0T0,P12830,MARCHF8,CDH1,1,1,1.0,0.65717924
E3|Q5T0T0|P13760,E3|Q5T0T0,E3,Q5T0T0,P13760,MARCHF8,HLA-DRB1,1,1,1.0,0.65552807
E3|Q5T0T0|P13761,E3|Q5T0T0,E3,Q5T0T0,P13761,MARCHF8,HLA-DRB1,1,1,1.0,0.6562393
E3|Q5T0T0|P13762,E3|Q5T0T0,E3,Q5T0T0,P13762,MARCHF8,HLA-DRB4,1,1,1.0,0.6570795
E3|Q5T0T0|P20039,E3|Q5T0T0,E3,Q5T0T0,P20039,MARCHF8,HLA-DRB1,1,1,1.0,0.65589094
E3|Q5T0T0|P33076,E3|Q5T0T0,E3,Q5T0T0,P33076,MARCHF8,CIITA,1,1,1.0,0.6552569
E3|Q5T0T0|P42081,E3|Q5T0T0,E3,Q5T0T0,P42081,MARCHF8,CD86,1,1,1.0,0.6565061
E3|Q5T0T0|P49327,E3|Q5T0T0,E3,Q5T0T0,P49327,MARCHF8,FASN,1,1,1.0,0.65589315
E3|Q5T0T0|P54252,E3|Q5T0T0,E3,Q5T0T0,P54252,MARCHF8,ATXN3,1,1,1.0,0.6566257
E3|Q5T0T0|P79483,E3|Q5T0T0,E3,Q5T0T0,P79483,MARCHF8,HLA-DRB3,1,1,1.0,0.6569811
E3|Q5T0T0|Q29974,E3|Q5T0T0,E3,Q5T0T0,Q29974,MARCHF8,HLA-DRB1,1,1,1.0,0.6564072
E3|Q5T0T0|Q30134,E3|Q5T0T0,E3,Q5T0T0,Q30134,MARCHF8,HLA-DRB1,1,1,1.0,0.65642047
E3|Q5T0T0|Q30154,E3|Q5T0T0,E3,Q5T0T0,Q30154,MARCHF8,HLA-DRB5,1,1,1.0,0.6570882
E3|Q5T0T0|Q30167,E3|Q5T0T0,E3,Q5T0T0,Q30167,MARCHF8,HLA-DRB1,1,1,1.0,0.65558386
E3|Q5T0T0|Q5Y7A7,E3|Q5T0T0,E3,Q5T0T0,Q5Y7A7,MARCHF8,HLA-DRB1,1,1,1.0,0.6557494
E3|Q5T0T0|Q7Z434,E3|Q5T0T0,E3,Q5T0T0,Q7Z434,MARCHF8,MAVS,1,1,1.0,0.65646386
E3|Q5T0T0|Q95IE3,E3|Q5T0T0,E3,Q5T0T0,Q95IE3,MARCHF8,HLA-DRB1,1,1,1.0,0.6563049
E3|Q5T0T0|Q9GIY3,E3|Q5T0T0,E3,Q5T0T0,Q9GIY3,MARCHF8,HLA-DRB1,1,1,1.0,0.6563521
E3|Q5T0T0|Q9NPH3,E3|Q5T0T0,E3,Q5T0T0,Q9NPH3,MARCHF8,IL1RAP,1,1,1.0,0.65647227
E3|Q5T0T0|Q9NZQ7,E3|Q5T0T0,E3,Q5T0T0,Q9NZQ7,MARCHF8,CD274,1,1,1.0,0.6569168
E3|Q5T0T0|Q9TQE0,E3|Q5T0T0,E3,Q5T0T0,Q9TQE0,MARCHF8,HLA-DRB1,1,1,1.0,0.65633845
E3|Q5TAQ9|Q15773,E3|Q5TAQ9,E3,Q5TAQ9,Q15773,DCAF8,MLF2,1,1,1.0,0.6570447
E3|Q5XUX0|O95863,E3|Q5XUX0,E3,Q5XUX0,O95863,FBXO31,SNAI1,1,1,1.0,0.6562886
E3|Q5XUX0|P24385,E3|Q5XUX0,E3,Q5XUX0,P24385,FBXO31,CCND1,1,1,1.0,0.6563437
E3|Q5XUX0|P30279,E3|Q5XUX0,E3,Q5XUX0,P30279,FBXO31,CCND2,1,1,1.0,0.6561048
E3|Q5XUX0|P52564,E3|Q5XUX0,E3,Q5XUX0,P52564,FBXO31,MAP2K6,1,1,1.0,0.6573286
E3|Q5XUX0|Q00987,E3|Q5XUX0,E3,Q5XUX0,Q00987,FBXO31,MDM2,1,1,1.0,0.65644723
E3|Q5XUX0|Q9H211,E3|Q5XUX0,E3,Q5XUX0,Q9H211,FBXO31,CDT1,1,1,1.0,0.6563417
E3|Q5XUX0|Q9NPB6,E3|Q5XUX0,E3,Q5XUX0,Q9NPB6,FBXO31,PARD6A,1,1,1.0,0.6547494
E3|Q66K64|Q14498,E3|Q66K64,E3,Q66K64,Q14498,DCAF15,RBM39,1,1,1.0,0.6568064
E3|Q6JEL2|P14635,E3|Q6JEL2,E3,Q6JEL2,P14635,KLHL10,CCNB1,1,1,1.0,0.6565983
E3|Q6R327|O00141,E3|Q6R327,E3,Q6R327,O00141,RICTOR,SGK1,1,1,1.0,0.65779674
E3|Q6ZNA4|O15105,E3|Q6ZNA4,E3,Q6ZNA4,O15105,RNF111,SMAD7,1,1,1.0,0.65596205
E3|Q6ZNA4|P12755,E3|Q6ZNA4,E3,Q6ZNA4,P12755,RNF111,SKI,1,1,1.0,0.6565751
E3|Q6ZNA4|P12757,E3|Q6ZNA4,E3,Q6ZNA4,P12757,RNF111,SKIL,1,1,1.0,0.65634286
E3|Q6ZNA4|P29590,E3|Q6ZNA4,E3,Q6ZNA4,P29590,RNF111,PML,1,1,1.0,0.654357
E3|Q6ZNA4|P61956,E3|Q6ZNA4,E3,Q6ZNA4,P61956,RNF111,SUMO2,1,1,1.0,0.6562525
E3|Q6ZNA4|P84022,E3|Q6ZNA4,E3,Q6ZNA4,P84022,RNF111,SMAD3,1,1,1.0,0.6564869
E3|Q6ZNA4|Q15796,E3|Q6ZNA4,E3,Q6ZNA4,Q15796,RNF111,SMAD2,1,1,1.0,0.6562781
E3|Q6ZNA4|Q16236,E3|Q6ZNA4,E3,Q6ZNA4,Q16236,RNF111,NFE2L2,1,1,1.0,0.6565931
E3|Q75N03|P07355,E3|Q75N03,E3,Q75N03,P07355,CBLL1,ANXA2,1,1,1.0,0.654216
E3|Q75N03|P12830,E3|Q75N03,E3,Q75N03,P12830,CBLL1,CDH1,1,1,1.0,0.654882
E3|Q75N03|Q14247,E3|Q75N03,E3,Q75N03,Q14247,CBLL1,CTTN,1,1,1.0,0.6550534
E3|Q75N03|Q93070,E3|Q75N03,E3,Q75N03,Q93070,CBLL1,ART4,1,1,1.0,0.65346557
E3|Q7Z4K8|Q07869,E3|Q7Z4K8,E3,Q7Z4K8,Q07869,TRIM46,PPARA,1,1,1.0,0.6561318
E3|Q86XK2|O75626,E3|Q86XK2,E3,Q86XK2,O75626,FBXO11,PRDM1,1,1,1.0,0.6553254
E3|Q86XK2|O95863,E3|Q86XK2,E3,Q86XK2,O95863,FBXO11,SNAI1,1,1,1.0,0.65673983
E3|Q86XK2|P04637,E3|Q86XK2,E3,Q86XK2,P04637,FBXO11,TP53,1,1,1.0,0.6566209
E3|Q86XK2|P41182,E3|Q86XK2,E3,Q86XK2,P41182,FBXO11,BCL6,1,1,1.0,0.65682995
E3|Q86XK2|Q9NZJ0,E3|Q86XK2,E3,Q86XK2,Q9NZJ0,FBXO11,DTL,1,1,1.0,0.6566986
E3|Q86XS8|Q15836,E3|Q86XS8,E3,Q86XS8,Q15836,RNF130,VAMP3,1,1,1.0,0.6562268
E3|Q86XT4|Q86XT4,E3|Q86XT4,E3,Q86XT4,Q86XT4,TRIM50,TRIM50,1,1,1.0,0.65749866
E3|Q8IWR1|O75367,E3|Q8IWR1,E3,Q8IWR1,O75367,TRIM59,MACROH2A1,1,1,1.0,0.65593916
E3|Q8IWR1|P04637,E3|Q8IWR1,E3,Q8IWR1,P04637,TRIM59,TP53,1,1,1.0,0.6562905
E3|Q8IWR1|P35813,E3|Q8IWR1,E3,Q8IWR1,P35813,TRIM59,PPM1A,1,1,1.0,0.65661865
E3|Q8IWR1|P60484,E3|Q8IWR1,E3,Q8IWR1,P60484,TRIM59,PTEN,1,1,1.0,0.6566946
E3|Q8IWV8|P0C0S8,E3|Q8IWV8,E3,Q8IWV8,P0C0S8,UBR2,H2AC11,1,1,1.0,0.65616345
E3|Q8IWV8|Q16777,E3|Q8IWV8,E3,Q8IWV8,Q16777,UBR2,H2AC20,1,1,1.0,0.656287
E3|Q8NEZ5|O14867,E3|Q8NEZ5,E3,Q8NEZ5,O14867,FBXO22,BACH1,1,1,1.0,0.6567467
E3|Q8NEZ5|O43474,E3|Q8NEZ5,E3,Q8NEZ5,O43474,FBXO22,KLF4,1,1,1.0,0.6564011
E3|Q8NEZ5|O60346,E3|Q8NEZ5,E3,Q8NEZ5,O60346,FBXO22,PHLPP1,1,1,1.0,0.65392405
E3|Q8NEZ5|O75164,E3|Q8NEZ5,E3,Q8NEZ5,O75164,FBXO22,KDM4A,1,1,1.0,0.65641326
E3|Q8NEZ5|O94953,E3|Q8NEZ5,E3,Q8NEZ5,O94953,FBXO22,KDM4B,1,1,1.0,0.6569871
E3|Q8NEZ5|O95817,E3|Q8NEZ5,E3,Q8NEZ5,O95817,FBXO22,BAG3,1,1,1.0,0.65709174
E3|Q8NEZ5|O95863,E3|Q8NEZ5,E3,Q8NEZ5,O95863,FBXO22,SNAI1,1,1,1.0,0.6569425
E3|Q8NEZ5|P04637,E3|Q8NEZ5,E3,Q8NEZ5,P04637,FBXO22,TP53,1,1,1.0,0.6568839
E3|Q8NEZ5|P35613,E3|Q8NEZ5,E3,Q8NEZ5,P35613,FBXO22,BSG,1,1,1.0,0.6540069
E3|Q8NEZ5|P38936,E3|Q8NEZ5,E3,Q8NEZ5,P38936,FBXO22,CDKN1A,1,1,1.0,0.657153
E3|Q8NEZ5|P60484,E3|Q8NEZ5,E3,Q8NEZ5,P60484,FBXO22,PTEN,1,1,1.0,0.65591526
E3|Q8NEZ5|Q00987,E3|Q8NEZ5,E3,Q8NEZ5,Q00987,FBXO22,MDM2,1,1,1.0,0.6572237
E3|Q8NEZ5|Q15831,E3|Q8NEZ5,E3,Q8NEZ5,Q15831,FBXO22,STK11,1,1,1.0,0.6561799
E3|Q8NFD5|Q8NFD5,E3|Q8NFD5,E3,Q8NFD5,Q8NFD5,ARID1B,ARID1B,1,1,1.0,0.65676343
E3|Q8NG06|O14576,E3|Q8NG06,E3,Q8NG06,O14576,TRIM58,DYNC1I1,1,1,1.0,0.6564674
E3|Q8NG06|O43237,E3|Q8NG06,E3,Q8NG06,O43237,TRIM58,DYNC1LI2,1,1,1.0,0.65650403
E3|Q8NHM5|P01100,E3|Q8NHM5,E3,Q8NHM5,P01100,KDM2B,FOS,1,1,1.0,0.6520701
E3|Q8NHM5|Q16777,E3|Q8NHM5,E3,Q8NHM5,Q16777,KDM2B,H2AC20,1,1,1.0,0.6552664
E3|Q8NHY2|O00399,E3|Q8NHY2,E3,Q8NHY2,O00399,COP1,DCTN6,1,1,1.0,0.6567116
E3|Q8NHY2|O00763,E3|Q8NHY2,E3,Q8NHY2,O00763,COP1,ACACB,1,1,1.0,0.65631783
E3|Q8NHY2|P03956,E3|Q8NHY2,E3,Q8NHY2,P03956,COP1,MMP1,1,1,1.0,0.6544096
E3|Q8NHY2|P04637,E3|Q8NHY2,E3,Q8NHY2,P04637,COP1,TP53,1,1,1.0,0.65698934
E3|Q8NHY2|P05412,E3|Q8NHY2,E3,Q8NHY2,P05412,COP1,JUN,1,1,1.0,0.6562897
E3|Q8NHY2|P14635,E3|Q8NHY2,E3,Q8NHY2,P14635,RFWD2,CDKN1B,1,1,1.0,0.6568347
E3|Q8NHY2|P21589,E3|Q8NHY2,E3,Q8NHY2,P21589,COP1,NT5E,1,1,1.0,0.65487254
E3|Q8NHY2|P31947,E3|Q8NHY2,E3,Q8NHY2,P31947,COP1,SFN,1,1,1.0,0.65661067
E3|Q8NHY2|P35222,E3|Q8NHY2,E3,Q8NHY2,P35222,COP1,CTNNB1,1,1,1.0,0.65667737
E3|Q8NHY2|P40763,E3|Q8NHY2,E3,Q8NHY2,P40763,COP1,STAT3,1,1,1.0,0.65705806
E3|Q8NHY2|P41161,E3|Q8NHY2,E3,Q8NHY2,P41161,COP1,ETV5,1,1,1.0,0.6562563
E3|Q8NHY2|P43268,E3|Q8NHY2,E3,Q8NHY2,P43268,COP1,ETV4,1,1,1.0,0.6552105
E3|Q8NHY2|P46527,E3|Q8NHY2,E3,Q8NHY2,P46527,COP1,CDKN1B,1,1,1.0,0.65628004
E3|Q8NHY2|P48431,E3|Q8NHY2,E3,Q8NHY2,P48431,COP1,SOX2,1,1,1.0,0.65623957
E3|Q8NHY2|P50549,E3|Q8NHY2,E3,Q8NHY2,P50549,COP1,ETV1,1,1,1.0,0.65586793
E3|Q8NHY2|P50991,E3|Q8NHY2,E3,Q8NHY2,P50991,COP1,CCT4,1,1,1.0,0.65676343
E3|Q8NHY2|P98177,E3|Q8NHY2,E3,Q8NHY2,P98177,COP1,FOXO4,1,1,1.0,0.65658474
E3|Q8NHY2|Q13085,E3|Q8NHY2,E3,Q8NHY2,Q13085,COP1,ACACA,1,1,1.0,0.65656024
E3|Q8NHY2|Q13330,E3|Q8NHY2,E3,Q8NHY2,Q13330,COP1,MTA1,1,1,1.0,0.6566507
E3|Q8NHY2|Q53ET0,E3|Q8NHY2,E3,Q8NHY2,Q53ET0,COP1,CRTC2,1,1,1.0,0.656309
E3|Q8NHY2|Q6UUV9,E3|Q8NHY2,E3,Q8NHY2,Q6UUV9,COP1,CRTC1,1,1,1.0,0.6566181
E3|Q8NHY2|Q8NHY2,E3|Q8NHY2,E3,Q8NHY2,Q8NHY2,COP1,COP1,1,1,1.0,0.6576411
E3|Q8NHY2|Q96EB6,E3|Q8NHY2,E3,Q8NHY2,Q96EB6,COP1,SIRT1,1,1,1.0,0.65671074
E3|Q8TBB1|O60828,E3|Q8TBB1,E3,Q8TBB1,O60828,LNX1,PQBP1,1,1,1.0,0.6563027
E3|Q8TBB1|O76021,E3|Q8TBB1,E3,Q8TBB1,O76021,LNX1,RSL1D1,1,1,1.0,0.6563944
E3|Q8TBB1|P01732,E3|Q8TBB1,E3,Q8TBB1,P01732,LNX1,CD8A,1,1,1.0,0.65435666
E3|Q8TBB1|P12931,E3|Q8TBB1,E3,Q8TBB1,P12931,LNX1,SRC,1,1,1.0,0.6561876
E3|Q8TBB1|P22459,E3|Q8TBB1,E3,Q8TBB1,P22459,LNX1,KCNA4,1,1,1.0,0.6544375
E3|Q8TBB1|P41595,E3|Q8TBB1,E3,Q8TBB1,P41595,LNX1,HTR2B,1,1,1.0,0.6544249
E3|Q8TBB1|P48546,E3|Q8TBB1,E3,Q8TBB1,P48546,LNX1,GIPR,1,1,1.0,0.6543817
E3|Q8TBB1|P49757,E3|Q8TBB1,E3,Q8TBB1,P49757,LNX1,NUMB,1,1,1.0,0.65484655
E3|Q8TBB1|P56750,E3|Q8TBB1,E3,Q8TBB1,P56750,LNX1,CLDN17,1,1,1.0,0.6546029
E3|Q8TBB1|Q05586,E3|Q8TBB1,E3,Q8TBB1,Q05586,LNX1,GRIN1,1,1,1.0,0.6546558
E3|Q8TBB1|Q96BR9,E3|Q8TBB1,E3,Q8TBB1,Q96BR9,LNX1,ZBTB8A,1,1,1.0,0.65657526
E3|Q8TBB1|Q96KB5,E3|Q8TBB1,E3,Q8TBB1,Q96KB5,LNX1,PBK,1,1,1.0,0.65704936
E3|Q8TBB1|Q9UKL4,E3|Q8TBB1,E3,Q8TBB1,Q9UKL4,LNX1,GJD2,1,1,1.0,0.65458125
E3|Q8TBB1|Q9UMX1,E3|Q8TBB1,E3,Q8TBB1,Q9UMX1,LNX1,SUFU,1,1,1.0,0.6567845
E3|Q8TCJ0|O96004,E3|Q8TCJ0,E3,Q8TCJ0,O96004,FBXO25,HAND1,1,1,1.0,0.6561171
E3|Q8TCJ0|P19419,E3|Q8TCJ0,E3,Q8TCJ0,P19419,FBXO25,ELK1,1,1,1.0,0.65679085
E3|Q8TCJ0|P52952,E3|Q8TCJ0,E3,Q8TCJ0,P52952,FBXO25,NKX2-5,1,1,1.0,0.6555539
E3|Q8TCJ0|P61371,E3|Q8TCJ0,E3,Q8TCJ0,P61371,FBXO25,ISL1,1,1,1.0,0.6559522
E3|Q8TE67|O43623,E3|Q8TE67,E3,Q8TE67,O43623,EPS8L3,SNAI2,1,1,1.0,0.656302
E3|Q8WZ60|P24941,E3|Q8WZ60,E3,Q8WZ60,P24941,KLHL6,CDK2,1,1,1.0,0.65575397
E3|Q8WZ60|Q9HBD1,E3|Q8WZ60,E3,Q8WZ60,Q9HBD1,KLHL6,RC3H2,1,1,1.0,0.6566141
E3|Q92630|O14746,E3|Q92630,E3,Q92630,O14746,DYRK2,TERT,1,1,1.0,0.6567866
E3|Q969P5|O00303,E3|Q969P5,E3,Q969P5,O00303,FBXO32,EIF3F,1,1,1.0,0.65682197
E3|Q969P5|O43474,E3|Q969P5,E3,Q969P5,O43474,FBXO32,KLF4,1,1,1.0,0.6560167
E3|Q969P5|P01106,E3|Q969P5,E3,Q969P5,P01106,FBXO32,MYC,1,1,1.0,0.65673286
E3|Q969P5|P15172,E3|Q969P5,E3,Q969P5,P15172,FBXO32,MYOD1,1,1,1.0,0.65494734
E3|Q969P5|P15173,E3|Q969P5,E3,Q969P5,P15173,FBXO32,MYOG,1,1,1.0,0.65633637
E3|Q969P5|P19429,E3|Q969P5,E3,Q969P5,P19429,FBXO32,TNNI3,1,1,1.0,0.6563475
E3|Q969P5|P28562,E3|Q969P5,E3,Q969P5,P28562,FBXO32,DUSP1,1,1,1.0,0.6570661
E3|Q969P5|Q12778,E3|Q969P5,E3,Q969P5,Q12778,FBXO32,FOXO1,1,1,1.0,0.6566551
E3|Q969P5|Q13535,E3|Q969P5,E3,Q969P5,Q13535,FBXO32,ATR,1,1,1.0,0.6567999
E3|Q969P5|Q14896,E3|Q969P5,E3,Q969P5,Q14896,FBXO32,MYBPC3,1,1,1.0,0.65506107
E3|Q969P5|Q16558,E3|Q969P5,E3,Q969P5,Q16558,FBXO32,KCNMB1,1,1,1.0,0.656592
E3|Q969P5|Q9UBF9,E3|Q969P5,E3,Q969P5,Q9UBF9,FBXO32,MYOT,1,1,1.0,0.6546729
E3|Q969P5|Q9Y6J0,E3|Q969P5,E3,Q969P5,Q9Y6J0,FBXO32,CABIN1,1,1,1.0,0.655307
E3|Q969Q1|P05976,E3|Q969Q1,E3,Q969Q1,P05976,TRIM63,MYL1,1,1,1.0,0.6567695
E3|Q969Q1|P06576,E3|Q969Q1,E3,Q969Q1,P06576,TRIM63,ATP5F1B,1,1,1.0,0.65607643
E3|Q969Q1|P06732,E3|Q969Q1,E3,Q969Q1,P06732,TRIM63,CKM,1,1,1.0,0.65681016
E3|Q969Q1|P10827,E3|Q969Q1,E3,Q969Q1,P10827,TRIM63,THRA,1,1,1.0,0.6560538
E3|Q969Q1|P10916,E3|Q969Q1,E3,Q969Q1,P10916,TRIM63,MYL2,1,1,1.0,0.6554884
E3|Q969Q1|P19237,E3|Q969Q1,E3,Q969Q1,P19237,TRIM63,TNNI1,1,1,1.0,0.65674734
E3|Q969Q1|P19429,E3|Q969Q1,E3,Q969Q1,P19429,TRIM63,TNNI3,1,1,1.0,0.65703857
E3|Q969Q1|P25963,E3|Q969Q1,E3,Q969Q1,P25963,TRIM63,NFKBIA,1,1,1.0,0.6572013
E3|Q969Q1|P31937,E3|Q969Q1,E3,Q969Q1,P31937,TRIM63,HIBADH,1,1,1.0,0.6562193
E3|Q969Q1|P55036,E3|Q969Q1,E3,Q969Q1,P55036,TRIM63,PSMD4,1,1,1.0,0.65671414
E3|Q969Q1|P63316,E3|Q969Q1,E3,Q969Q1,P63316,TRIM63,TNNC1,1,1,1.0,0.65699005
E3|Q969Q1|P68133,E3|Q969Q1,E3,Q969Q1,P68133,TRIM63,ACTA1,1,1,1.0,0.6568321
E3|Q969Q1|Q14324,E3|Q969Q1,E3,Q969Q1,Q14324,TRIM63,MYBPC2,1,1,1.0,0.6570415
E3|Q969Q1|Q14896,E3|Q969Q1,E3,Q969Q1,Q14896,TRIM63,MYBPC3,1,1,1.0,0.655223
E3|Q969Q1|Q96A32,E3|Q969Q1,E3,Q969Q1,Q96A32,TRIM63,MYLPF,1,1,1.0,0.65618503
E3|Q969Q1|Q9Y692,E3|Q969Q1,E3,Q969Q1,Q9Y692,TRIM63,GMEB1,1,1,1.0,0.6570389
E3|Q969V5|O00429,E3|Q969V5,E3,Q969V5,O00429,MUL1,DNM1L,1,1,1.0,0.6564315
E3|Q969V5|O15350,E3|Q969V5,E3,Q969V5,O15350,MUL1,TP73,1,1,1.0,0.6559524
E3|Q969V5|O75385,E3|Q969V5,E3,Q969V5,O75385,MUL1,ULK1,1,1,1.0,0.6567995
E3|Q969V5|P04637,E3|Q969V5,E3,Q969V5,P04637,MUL1,TP53,1,1,1.0,0.6566715
E3|Q969V5|P11021,E3|Q969V5,E3,Q969V5,P11021,MUL1,HSPA5,1,1,1.0,0.65604466
E3|Q969V5|P31749,E3|Q969V5,E3,Q969V5,P31749,MUL1,AKT1,1,1,1.0,0.6559966
E3|Q969V5|Q969V5,E3|Q969V5,E3,Q969V5,Q969V5,MUL1,MUL1,1,1,1.0,0.65753025
E3|Q96A61|P35813,E3|Q96A61,E3,Q96A61,P35813,TRIM52,PPM1A,1,1,1.0,0.6566617
E3|Q96A61|Q06124,E3|Q96A61,E3,Q96A61,Q06124,TRIM52,PTPN11,1,1,1.0,0.655834
E3|Q96A61|Q12933,E3|Q96A61,E3,Q96A61,Q12933,TRIM52,TRAF2,1,1,1.0,0.6568157
E3|Q96K19|Q14643,E3|Q96K19,E3,Q96K19,Q14643,RNF170,ITPR1,1,1,1.0,0.6572696
E3|Q96M94|Q15173,E3|Q96M94,E3,Q96M94,Q15173,KLHL15,PPP2R5B,1,1,1.0,0.6567074
E3|Q96M94|Q99708,E3|Q96M94,E3,Q96M94,Q99708,KLHL15,RBBP8,1,1,1.0,0.6560165
E3|Q96MT1|P04035,E3|Q96MT1,E3,Q96MT1,P04035,RNF145,HMGCR,1,1,1.0,0.6576758
E3|Q96PU4|P24385,E3|Q96PU4,E3,Q96PU4,P24385,UHRF2,CCND1,1,1,1.0,0.6566141
E3|Q96PU4|P24864,E3|Q96PU4,E3,Q96PU4,P24864,UHRF2,CCNE1,1,1,1.0,0.65650964
E3|Q96PU4|P38936,E3|Q96PU4,E3,Q96PU4,P38936,UHRF2,CDKN1A,1,1,1.0,0.656349
E3|Q96PU4|Q71DI3,E3|Q96PU4,E3,Q96PU4,Q71DI3,UHRF2,H3C14,1,1,1.0,0.6549841
E3|Q96PU4|Q8WW12,E3|Q96PU4,E3,Q96PU4,Q8WW12,UHRF2,PCNP,1,1,1.0,0.6561966
E3|Q99942|O43511,E3|Q99942,E3,Q99942,O43511,RNF5,SLC26A4,1,1,1.0,0.65715855
E3|Q99942|P13569,E3|Q99942,E3,Q99942,P13569,RNF5,CFTR,1,1,1.0,0.6577992
E3|Q99942|P49023,E3|Q99942,E3,Q99942,P49023,RNF5,PXN,1,1,1.0,0.6565241
E3|Q99942|P68036,E3|Q99942,E3,Q99942,P68036,RNF5,UBE2L3,1,1,1.0,0.65582657
E3|Q99942|Q12770,E3|Q99942,E3,Q99942,Q12770,RNF5,SCAP,1,1,1.0,0.65753204
E3|Q99942|Q14653,E3|Q99942,E3,Q99942,Q14653,RNF5,IRF3,1,1,1.0,0.65657157
E3|Q99942|Q7Z434,E3|Q99942,E3,Q99942,Q7Z434,RNF5,MAVS,1,1,1.0,0.6566541
E3|Q99942|Q86WV6,E3|Q99942,E3,Q99942,Q86WV6,RNF5,STING1,1,1,1.0,0.65769535
E3|Q99942|Q8ZNR3,E3|Q99942,E3,Q99942,Q8ZNR3,RNF5,sopA,1,1,1.0,0.6553549
E3|Q99942|Q9P055,E3|Q99942,E3,Q99942,Q9P055,RNF5,JKAMP,1,1,1.0,0.65727097
E3|Q9BYM8|O14867,E3|Q9BYM8,E3,Q9BYM8,O14867,RBCK1,BACH1,1,1,1.0,0.65672827
E3|Q9BYM8|O75469,E3|Q9BYM8,E3,Q9BYM8,O75469,RBCK1,NR1I2,1,1,1.0,0.65596133
E3|Q9BYM8|P17252,E3|Q9BYM8,E3,Q9BYM8,P17252,RBCK1,PRKCA,1,1,1.0,0.6549273
E3|Q9BYM8|P48200,E3|Q9BYM8,E3,Q9BYM8,P48200,RBCK1,IREB2,1,1,1.0,0.65681857
E3|Q9BYM8|Q13546,E3|Q9BYM8,E3,Q9BYM8,Q13546,RBCK1,RIPK1,1,1,1.0,0.65458715
E3|Q9BYM8|Q14258,E3|Q9BYM8,E3,Q9BYM8,Q14258,RBCK1,TRIM25,1,1,1.0,0.65724653
E3|Q9BYM8|Q14653,E3|Q9BYM8,E3,Q9BYM8,Q14653,RBCK1,IRF3,1,1,1.0,0.656532
E3|Q9BYM8|Q8N5C8,E3|Q9BYM8,E3,Q9BYM8,Q8N5C8,RBCK1,TAB3,1,1,1.0,0.65732
E3|Q9BYM8|Q9BYM8,E3|Q9BYM8,E3,Q9BYM8,Q9BYM8,RBCK1,RBCK1,1,1,1.0,0.6576564
E3|Q9BYM8|Q9NYJ8,E3|Q9BYM8,E3,Q9BYM8,Q9NYJ8,RBCK1,TAB2,1,1,1.0,0.6553126
E3|Q9BYM8|Q9Y6K9,E3|Q9BYM8,E3,Q9BYM8,Q9Y6K9,RBCK1,IKBKG,1,1,1.0,0.6573181
E3|Q9C019|P02647,E3|Q9C019,E3,Q9C019,P02647,TRIM15,APOA1,1,1,1.0,0.6563671
E3|Q9C026|P50552,E3|Q9C026,E3,Q9C026,P50552,TRIM9,VASP,1,1,1.0,0.65586746
E3|Q9C026|Q9C026,E3|Q9C026,E3,Q9C026,Q9C026,TRIM9,TRIM9,1,1,1.0,0.6575221
E3|Q9C035|Q9C035,E3|Q9C035,E3,Q9C035,Q9C035,TRIM5,TRIM5,1,1,1.0,0.6575434
E3|Q9C037|O95786,E3|Q9C037,E3,Q9C037,O95786,TRIM4,DDX58,1,1,1.0,0.6564724
E3|Q9C037|Q7Z2W7,E3|Q9C037,E3,Q9C037,Q7Z2W7,TRIM4,TRPM8,1,1,1.0,0.65328646
E3|Q9H0F5|P04637,E3|Q9H0F5,E3,Q9H0F5,P04637,RNF38,TP53,1,1,1.0,0.65631515
E3|Q9H0F5|P29350,E3|Q9H0F5,E3,Q9H0F5,P29350,RNF38,PTPN6,1,1,1.0,0.6549701
E3|Q9H0F5|Q01196,E3|Q9H0F5,E3,Q9H0F5,Q01196,RNF38,RUNX1,1,1,1.0,0.6562629
E3|Q9H0F5|Q86U70,E3|Q9H0F5,E3,Q9H0F5,Q86U70,RNF38,LDB1,1,1,1.0,0.6553001
E3|Q9H0M0|O14641,E3|Q9H0M0,E3,Q9H0M0,O14641,WWP1,DVL2,1,1,1.0,0.6578869
E3|Q9H0M0|O14681,E3|Q9H0M0,E3,Q9H0M0,O14681,WWP1,EI24,1,1,1.0,0.6568132
E3|Q9H0M0|O15105,E3|Q9H0M0,E3,Q9H0M0,O15105,WWP1,SMAD7,1,1,1.0,0.65610415
E3|Q9H0M0|O43541,E3|Q9H0M0,E3,Q9H0M0,O43541,WWP1,SMAD6,1,1,1.0,0.6565051
E3|Q9H0M0|O95835,E3|Q9H0M0,E3,Q9H0M0,O95835,WWP1,LATS1,1,1,1.0,0.65626955
E3|Q9H0M0|P00533,E3|Q9H0M0,E3,Q9H0M0,P00533,WWP1,EGFR,1,1,1.0,0.6577563
E3|Q9H0M0|P03345,E3|Q9H0M0,E3,Q9H0M0,P03345,WWP1,gag,1,1,1.0,0.65585876
E3|Q9H0M0|P04637,E3|Q9H0M0,E3,Q9H0M0,P04637,WWP1,TP53,1,1,1.0,0.65636456
E3|Q9H0M0|P0C209,E3|Q9H0M0,E3,Q9H0M0,P0C209,WWP1,gag,1,1,1.0,0.6564726
E3|Q9H0M0|P14076,E3|Q9H0M0,E3,Q9H0M0,P14076,WWP1,gag,1,1,1.0,0.6563298
E3|Q9H0M0|P14077,E3|Q9H0M0,E3,Q9H0M0,P14077,WWP1,gag,1,1,1.0,0.6536935
E3|Q9H0M0|P15941,E3|Q9H0M0,E3,Q9H0M0,P15941,WWP1,MUC1,1,1,1.0,0.6574052
E3|Q9H0M0|P36897,E3|Q9H0M0,E3,Q9H0M0,P36897,WWP1,TGFBR1,1,1,1.0,0.65776676
E3|Q9H0M0|P37173,E3|Q9H0M0,E3,Q9H0M0,P37173,WWP1,TGFBR2,1,1,1.0,0.6575568
E3|Q9H0M0|P42566,E3|Q9H0M0,E3,Q9H0M0,P42566,WWP1,EPS15,1,1,1.0,0.6577294
E3|Q9H0M0|P46527,E3|Q9H0M0,E3,Q9H0M0,P46527,WWP1,CDKN1B,1,1,1.0,0.6572582
E3|Q9H0M0|P60484,E3|Q9H0M0,E3,Q9H0M0,P60484,WWP1,PTEN,1,1,1.0,0.6570457
E3|Q9H0M0|P61073,E3|Q9H0M0,E3,Q9H0M0,P61073,WWP1,CXCR4,1,1,1.0,0.65763026
E3|Q9H0M0|Q13485,E3|Q9H0M0,E3,Q9H0M0,Q13485,WWP1,SMAD4,1,1,1.0,0.65566754
E3|Q9H0M0|Q13887,E3|Q9H0M0,E3,Q9H0M0,Q13887,WWP1,KLF5,1,1,1.0,0.6548724
E3|Q9H0M0|Q13950,E3|Q9H0M0,E3,Q9H0M0,Q13950,WWP1,RUNX2,1,1,1.0,0.65497774
E3|Q9H0M0|Q15303,E3|Q9H0M0,E3,Q9H0M0,Q15303,WWP1,ERBB4,1,1,1.0,0.6577036
E3|Q9H0M0|Q15796,E3|Q9H0M0,E3,Q9H0M0,Q15796,WWP1,SMAD2,1,1,1.0,0.6556617
E3|Q9H0M0|Q8N0X7,E3|Q9H0M0,E3,Q9H0M0,Q8N0X7,WWP1,SPART,1,1,1.0,0.65541464
E3|Q9H0M0|Q9H0M0,E3|Q9H0M0,E3,Q9H0M0,Q9H0M0,WWP1,WWP1,1,1,1.0,0.6581037
E3|Q9H0M0|Q9H3D4,E3|Q9H0M0,E3,Q9H0M0,Q9H3D4,WWP1,TP63,1,1,1.0,0.65560377
E3|Q9H0M0|Q9Y2J4,E3|Q9H0M0,E3,Q9H0M0,Q9Y2J4,WWP1,AMOTL2,1,1,1.0,0.6574181
E3|Q9H0M0|Q9Y3C5,E3|Q9H0M0,E3,Q9H0M0,Q9Y3C5,WWP1,RNF11,1,1,1.0,0.6574905
E3|Q9H0M0|Q9Y4K3,E3|Q9H0M0,E3,Q9H0M0,Q9Y4K3,WWP1,TRAF6,1,1,1.0,0.65673363
E3|Q9H0M0|Q9Y5W3,E3|Q9H0M0,E3,Q9H0M0,Q9Y5W3,WWP1,KLF2,1,1,1.0,0.6556815
E3|Q9H2S5|O00571,E3|Q9H2S5,E3,Q9H2S5,O00571,RNF39,DDX3X,1,1,1.0,0.65604126
E3|Q9NRD0|P01106,E3|Q9NRD0,E3,Q9NRD0,P01106,FBXO8,MYC,1,1,1.0,0.65676427
E3|Q9NRD0|P09211,E3|Q9NRD0,E3,Q9NRD0,P09211,FBXO8,GSTP1,1,1,1.0,0.65684706
E3|Q9NRD0|P62330,E3|Q9NRD0,E3,Q9NRD0,P62330,FBXO8,ARF6,1,1,1.0,0.65519696
E3|Q9NVF7|Q9NVF7,E3|Q9NVF7,E3,Q9NVF7,Q9NVF7,FBXO28,FBXO28,1,1,1.0,0.6574949
E3|Q9NWN3|P15172,E3|Q9NWN3,E3,Q9NWN3,P15172,FBXO34,MYOD1,1,1,1.0,0.65509
E3|Q9NZS9|P01135,E3|Q9NZS9,E3,Q9NZS9,P01135,BFAR,TGFA,1,1,1.0,0.6562941
E3|Q9NZS9|P55061,E3|Q9NZS9,E3,Q9NZS9,P55061,BFAR,TMBIM6,1,1,1.0,0.6576889
E3|Q9P2G9|Q13702,E3|Q9P2G9,E3,Q9P2G9,Q13702,KLHL8,RAPSN,1,1,1.0,0.6541715
E3|Q9UJP4|Q5UEC6,E3|Q9UJP4,E3,Q9UJP4,Q5UEC6,KLHL21,EB1,1,1,1.0,0.6554487
E3|Q9UJP4|Q96GD4,E3|Q9UJP4,E3,Q9UJP4,Q96GD4,KLHL21,AURKB,1,1,1.0,0.6570079
E3|Q9UJT9|O14965,E3|Q9UJT9,E3,Q9UJT9,O14965,FBXL7,AURKA,1,1,1.0,0.65542585
E3|Q9UJT9|O15392,E3|Q9UJT9,E3,Q9UJT9,O15392,FBXL7,BIRC5,1,1,1.0,0.6573056
E3|Q9UJT9|O95863,E3|Q9UJT9,E3,Q9UJT9,O95863,FBXL7,SNAI1,1,1,1.0,0.656217
E3|Q9UJT9|P12931,E3|Q9UJT9,E3,Q9UJT9,P12931,FBXL7,SRC,1,1,1.0,0.65502423
E3|Q9UKA1|O95863,E3|Q9UKA1,E3,Q9UKA1,O95863,FBXL5,SNAI1,1,1,1.0,0.6562836
E3|Q9UKA1|P00519,E3|Q9UKA1,E3,Q9UKA1,P00519,FBXL5,ABL1,1,1,1.0,0.65668577
E3|Q9UKA1|P37840,E3|Q9UKA1,E3,Q9UKA1,P37840,FBXL5,SNCA,1,1,1.0,0.65567297
E3|Q9UKA1|P48200,E3|Q9UKA1,E3,Q9UKA1,P48200,FBXL5,IREB2,1,1,1.0,0.65628093
E3|Q9UKA1|Q14203,E3|Q9UKA1,E3,Q9UKA1,Q14203,FBXL5,DCTN1,1,1,1.0,0.6564833
E3|Q9UKA1|Q9BQ15,E3|Q9UKA1,E3,Q9UKA1,Q9BQ15,FBXL5,NABP2,1,1,1.0,0.65679055
E3|Q9UKT5|P05362,E3|Q9UKT5,E3,Q9UKT5,P05362,FBXO4,ICAM1,1,1,1.0,0.6570938
E3|Q9UKT5|P24385,E3|Q9UKT5,E3,Q9UKT5,P24385,FBXO4,CCND1,1,1,1.0,0.65685254
E3|Q9UKT5|P51114,E3|Q9UKT5,E3,Q9UKT5,P51114,FBXO4,FXR1,1,1,1.0,0.65707123
E3|Q9UKT5|P54274,E3|Q9UKT5,E3,Q9UKT5,P54274,FBXO4,TERF1,1,1,1.0,0.65671736
E3|Q9UKT5|Q07820,E3|Q9UKT5,E3,Q9UKT5,Q07820,FBXO4,MCL1,1,1,1.0,0.6563069
E3|Q9UKT8|O96020,E3|Q9UKT8,E3,Q9UKT8,O96020,FBXW2,CCNE2,1,1,1.0,0.6568136
E3|Q9UKT8|P24864,E3|Q9UKT8,E3,Q9UKT8,P24864,FBXW2,CCNE1,1,1,1.0,0.6571203
E3|Q9UKT8|P35548,E3|Q9UKT8,E3,Q9UKT8,P35548,FBXW2,MSX2,1,1,1.0,0.65620744
E3|Q9UKT8|Q9NP62,E3|Q9UKT8,E3,Q9UKT8,Q9NP62,FBXW2,GCM1,1,1,1.0,0.6533493
E3|Q9UNL4|Q04206,E3|Q9UNL4,E3,Q9UNL4,Q04206,ING4,RELA,1,1,1.0,0.6564032
E3|Q9Y297|A0A1B0GVQ0,E3|Q9Y297,E3,Q9Y297,A0A1B0GVQ0,BTRC,SPAAR,1,1,1.0,0.65475774
E3|Q9Y297|O00221,E3|Q9Y297,E3,Q9Y297,O00221,BTRC,NFKBIE,1,1,1.0,0.6572497
E3|Q9Y297|O00418,E3|Q9Y297,E3,Q9Y297,O00418,BTRC,EEF2K,1,1,1.0,0.6573678
E3|Q9Y297|O00444,E3|Q9Y297,E3,Q9Y297,O00444,BTRC,PLK4,1,1,1.0,0.6566463
E3|Q9Y297|O14503,E3|Q9Y297,E3,Q9Y297,O14503,BTRC,BHLHE40,1,1,1.0,0.65596163
E3|Q9Y297|O15055,E3|Q9Y297,E3,Q9Y297,O15055,BTRC,PER2,1,1,1.0,0.6566819
E3|Q9Y297|O15111,E3|Q9Y297,E3,Q9Y297,O15111,BTRC,CHUK,1,1,1.0,0.657255
E3|Q9Y297|O15534,E3|Q9Y297,E3,Q9Y297,O15534,BTRC,PER1,1,1,1.0,0.6566382
E3|Q9Y297|O43521,E3|Q9Y297,E3,Q9Y297,O43521,BTRC,BCL2L11,1,1,1.0,0.6564535
E3|Q9Y297|O43524,E3|Q9Y297,E3,Q9Y297,O43524,BTRC,FOXO3,1,1,1.0,0.6566443
E3|Q9Y297|O43734,E3|Q9Y297,E3,Q9Y297,O43734,BTRC,TRAF3IP2,1,1,1.0,0.65710205
E3|Q9Y297|O60346,E3|Q9Y297,E3,Q9Y297,O60346,BTRC,PHLPP1,1,1,1.0,0.6547985
E3|Q9Y297|O75365,E3|Q9Y297,E3,Q9Y297,O75365,BTRC,PTP4A3,1,1,1.0,0.65457577
E3|Q9Y297|O95863,E3|Q9Y297,E3,Q9Y297,O95863,BTRC,SNAI1,1,1,1.0,0.6564054
E3|Q9Y297|O95997,E3|Q9Y297,E3,Q9Y297,O95997,BTRC,PTTG1,1,1,1.0,0.6571022
E3|Q9Y297|O95999,E3|Q9Y297,E3,Q9Y297,O95999,BTRC,BCL10,1,1,1.0,0.65737575
E3|Q9Y297|P01106,E3|Q9Y297,E3,Q9Y297,P01106,BTRC,MYC,1,1,1.0,0.6565604
E3|Q9Y297|P01112,E3|Q9Y297,E3,Q9Y297,P01112,BTRC,HRAS,1,1,1.0,0.6547288
E3|Q9Y297|P01730,E3|Q9Y297,E3,Q9Y297,P01730,BTRC,CD4,1,1,1.0,0.65460974
E3|Q9Y297|P02751,E3|Q9Y297,E3,Q9Y297,P02751,BTRC,FN1,1,1,1.0,0.65611583
E3|Q9Y297|P02786,E3|Q9Y297,E3,Q9Y297,P02786,BTRC,TFRC,1,1,1.0,0.65466106
E3|Q9Y297|P04637,E3|Q9Y297,E3,Q9Y297,P04637,BTRC,TP53,1,1,1.0,0.65682256
E3|Q9Y297|P06493,E3|Q9Y297,E3,Q9Y297,P06493,BTRC,CDK1,1,1,1.0,0.6570049
E3|Q9Y297|P08047,E3|Q9Y297,E3,Q9Y297,P08047,BTRC,SP1,1,1,1.0,0.6562069
E3|Q9Y297|P10070,E3|Q9Y297,E3,Q9Y297,P10070,BTRC,GLI2,1,1,1.0,0.6557978
E3|Q9Y297|P10071,E3|Q9Y297,E3,Q9Y297,P10071,BTRC,GLI3,1,1,1.0,0.65608895
E3|Q9Y297|P10912,E3|Q9Y297,E3,Q9Y297,P10912,BTRC,GHR,1,1,1.0,0.6542894
E3|Q9Y297|P12830,E3|Q9Y297,E3,Q9Y297,P12830,BTRC,CDH1,1,1,1.0,0.6556888
E3|Q9Y297|P15260,E3|Q9Y297,E3,Q9Y297,P15260,BTRC,IFNGR1,1,1,1.0,0.6542679
E3|Q9Y297|P16471,E3|Q9Y297,E3,Q9Y297,P16471,BTRC,PRLR,1,1,1.0,0.6542871
E3|Q9Y297|P17181,E3|Q9Y297,E3,Q9Y297,P17181,BTRC,IFNAR1,1,1,1.0,0.6544609
E3|Q9Y297|P18848,E3|Q9Y297,E3,Q9Y297,P18848,BTRC,ATF4,1,1,1.0,0.65581846
E3|Q9Y297|P18887,E3|Q9Y297,E3,Q9Y297,P18887,BTRC,XRCC1,1,1,1.0,0.6565503
E3|Q9Y297|P19235,E3|Q9Y297,E3,Q9Y297,P19235,BTRC,EPOR,1,1,1.0,0.6542725
E3|Q9Y297|P19838,E3|Q9Y297,E3,Q9Y297,P19838,BTRC,NFKB1,1,1,1.0,0.6565894
E3|Q9Y297|P24385,E3|Q9Y297,E3,Q9Y297,P24385,BTRC,CCND1,1,1,1.0,0.65656406
E3|Q9Y297|P24864,E3|Q9Y297,E3,Q9Y297,P24864,BTRC,CCNE1,1,1,1.0,0.6568067
E3|Q9Y297|P25963,E3|Q9Y297,E3,Q9Y297,P25963,BTRC,NFKBIA,1,1,1.0,0.65719235
E3|Q9Y297|P30291,E3|Q9Y297,E3,Q9Y297,P30291,BTRC,WEE1,1,1,1.0,0.65695065
E3|Q9Y297|P30304,E3|Q9Y297,E3,Q9Y297,P30304,BTRC,CDC25A,1,1,1.0,0.6571072
E3|Q9Y297|P30305,E3|Q9Y297,E3,Q9Y297,P30305,BTRC,CDC25B,1,1,1.0,0.6566812
E3|Q9Y297|P32314,E3|Q9Y297,E3,Q9Y297,P32314,BTRC,FOXN2,1,1,1.0,0.65690225
E3|Q9Y297|P35222,E3|Q9Y297,E3,Q9Y297,P35222,BTRC,CTNNB1,1,1,1.0,0.6563982
E3|Q9Y297|P35226,E3|Q9Y297,E3,Q9Y297,P35226,BTRC,BMI1,1,1,1.0,0.6566863
E3|Q9Y297|P35968,E3|Q9Y297,E3,Q9Y297,P35968,BTRC,KDR,1,1,1.0,0.65474474
E3|Q9Y297|P42224,E3|Q9Y297,E3,Q9Y297,P42224,BTRC,STAT1,1,1,1.0,0.6571806
E3|Q9Y297|P42574,E3|Q9Y297,E3,Q9Y297,P42574,BTRC,CASP3,1,1,1.0,0.65742254
E3|Q9Y297|P46937,E3|Q9Y297,E3,Q9Y297,P46937,BTRC,YAP1,1,1,1.0,0.65584946
E3|Q9Y297|P49841,E3|Q9Y297,E3,Q9Y297,P49841,BTRC,GSK3B,1,1,1.0,0.6556986
E3|Q9Y297|P50539,E3|Q9Y297,E3,Q9Y297,P50539,BTRC,MXI1,1,1,1.0,0.6556261
E3|Q9Y297|P50579,E3|Q9Y297,E3,Q9Y297,P50579,BTRC,METAP2,1,1,1.0,0.65723556
E3|Q9Y297|P51617,E3|Q9Y297,E3,Q9Y297,P51617,BTRC,IRAK1,1,1,1.0,0.6571679
E3|Q9Y297|P53805,E3|Q9Y297,E3,Q9Y297,P53805,BTRC,RCAN1,1,1,1.0,0.6568343
E3|Q9Y297|P54274,E3|Q9Y297,E3,Q9Y297,P54274,BTRC,TERF1,1,1,1.0,0.65664536
E3|Q9Y297|P55036,E3|Q9Y297,E3,Q9Y297,P55036,BTRC,PSMD4,1,1,1.0,0.65659565
E3|Q9Y297|P62324,E3|Q9Y297,E3,Q9Y297,P62324,BTRC,BTG1,1,1,1.0,0.6564719
E3|Q9Y297|P78543,E3|Q9Y297,E3,Q9Y297,P78543,BTRC,BTG2,1,1,1.0,0.65711176
E3|Q9Y297|P78545,E3|Q9Y297,E3,Q9Y297,P78545,BTRC,ELF3,1,1,1.0,0.6557668
E3|Q9Y297|P84022,E3|Q9Y297,E3,Q9Y297,P84022,BTRC,SMAD3,1,1,1.0,0.65602535
E3|Q9Y297|P98174,E3|Q9Y297,E3,Q9Y297,P98174,BTRC,FGD1,1,1,1.0,0.6566529
E3|Q9Y297|Q00613,E3|Q9Y297,E3,Q9Y297,Q00613,BTRC,HSF1,1,1,1.0,0.6565537
E3|Q9Y297|Q00653,E3|Q9Y297,E3,Q9Y297,Q00653,BTRC,NFKB2,1,1,1.0,0.65736854
E3|Q9Y297|Q00987,E3|Q9Y297,E3,Q9Y297,Q00987,BTRC,MDM2,1,1,1.0,0.65685177
E3|Q9Y297|Q01664,E3|Q9Y297,E3,Q9Y297,Q01664,BTRC,TFAP4,1,1,1.0,0.6555301
E3|Q9Y297|Q07820,E3|Q9Y297,E3,Q9Y297,Q07820,BTRC,MCL1,1,1,1.0,0.65643233
E3|Q9Y297|Q10589,E3|Q9Y297,E3,Q9Y297,Q10589,BTRC,BST2,1,1,1.0,0.65457004
E3|Q9Y297|Q12959,E3|Q9Y297,E3,Q9Y297,Q12959,BTRC,DLG1,1,1,1.0,0.6547845
E3|Q9Y297|Q13009,E3|Q9Y297,E3,Q9Y297,Q13009,BTRC,TIAM1,1,1,1.0,0.6557043
E3|Q9Y297|Q13127,E3|Q9Y297,E3,Q9Y297,Q13127,BTRC,REST,1,1,1.0,0.65617603
E3|Q9Y297|Q13485,E3|Q9Y297,E3,Q9Y297,Q13485,BTRC,SMAD4,1,1,1.0,0.6560963
E3|Q9Y297|Q13563,E3|Q9Y297,E3,Q9Y297,Q13563,BTRC,PKD2,1,1,1.0,0.6546677
E3|Q9Y297|Q13651,E3|Q9Y297,E3,Q9Y297,Q13651,BTRC,IL10RA,1,1,1.0,0.6542427
E3|Q9Y297|Q14103,E3|Q9Y297,E3,Q9Y297,Q14103,BTRC,HNRNPD,1,1,1.0,0.65632236
E3|Q9Y297|Q14247,E3|Q9Y297,E3,Q9Y297,Q14247,BTRC,CTTN,1,1,1.0,0.65586853
E3|Q9Y297|Q14494,E3|Q9Y297,E3,Q9Y297,Q14494,BTRC,NFE2L1,1,1,1.0,0.6554227
E3|Q9Y297|Q15653,E3|Q9Y297,E3,Q9Y297,Q15653,BTRC,NFKBIB,1,1,1.0,0.6573454
E3|Q9Y297|Q15672,E3|Q9Y297,E3,Q9Y297,Q15672,BTRC,TWIST1,1,1,1.0,0.6564336
E3|Q9Y297|Q15717,E3|Q9Y297,E3,Q9Y297,Q15717,BTRC,ELAVL1,1,1,1.0,0.6568185
E3|Q9Y297|Q16236,E3|Q9Y297,E3,Q9Y297,Q16236,BTRC,NFE2L2,1,1,1.0,0.65619934
E3|Q9Y297|Q16635,E3|Q9Y297,E3,Q9Y297,Q16635,BTRC,TAZ,1,1,1.0,0.6562481
E3|Q9Y297|Q16656,E3|Q9Y297,E3,Q9Y297,Q16656,BTRC,NRF1,1,1,1.0,0.65558106
E3|Q9Y297|Q16875,E3|Q9Y297,E3,Q9Y297,Q16875,BTRC,PFKFB3,1,1,1.0,0.65685403
E3|Q9Y297|Q53EL6,E3|Q9Y297,E3,Q9Y297,Q53EL6,BTRC,PDCD4,1,1,1.0,0.6567171
E3|Q9Y297|Q5JSP0,E3|Q9Y297,E3,Q9Y297,Q5JSP0,BTRC,FGD3,1,1,1.0,0.6566304
E3|Q9Y297|Q6PGQ7,E3|Q9Y297,E3,Q9Y297,Q6PGQ7,BTRC,BORA,1,1,1.0,0.6567528
E3|Q9Y297|Q76N32,E3|Q9Y297,E3,Q9Y297,Q76N32,BTRC,CEP68,1,1,1.0,0.6566319
E3|Q9Y297|Q86T82,E3|Q9Y297,E3,Q9Y297,Q86T82,BTRC,USP37,1,1,1.0,0.6567474
E3|Q9Y297|Q8IYD8,E3|Q9Y297,E3,Q9Y297,Q8IYD8,BTRC,FANCM,1,1,1.0,0.6565393
E3|Q9Y297|Q8N668,E3|Q9Y297,E3,Q9Y297,Q8N668,BTRC,COMMD1,1,1,1.0,0.6554876
E3|Q9Y297|Q8N907,E3|Q9Y297,E3,Q9Y297,Q8N907,BTRC,DAND5,1,1,1.0,0.6554816
E3|Q9Y297|Q8NF37,E3|Q9Y297,E3,Q9Y297,Q8NF37,BTRC,LPCAT1,1,1,1.0,0.65477383
E3|Q9Y297|Q8TB45,E3|Q9Y297,E3,Q9Y297,Q8TB45,BTRC,DEPTOR,1,1,1.0,0.655712
E3|Q9Y297|Q8TDM6,E3|Q9Y297,E3,Q9Y297,Q8TDM6,BTRC,DLG5,1,1,1.0,0.65573287
E3|Q9Y297|Q92519,E3|Q9Y297,E3,Q9Y297,Q92519,BTRC,TRIB2,1,1,1.0,0.6566571
E3|Q9Y297|Q92538,E3|Q9Y297,E3,Q9Y297,Q92538,BTRC,GBF1,1,1,1.0,0.65565515
E3|Q9Y297|Q92539,E3|Q9Y297,E3,Q9Y297,Q92539,BTRC,LPIN2,1,1,1.0,0.6552187
E3|Q9Y297|Q96K76,E3|Q9Y297,E3,Q9Y297,Q96K76,BTRC,USP47,1,1,1.0,0.6567844
E3|Q9Y297|Q96T88,E3|Q9Y297,E3,Q9Y297,Q96T88,BTRC,UHRF1,1,1,1.0,0.6564938
E3|Q9Y297|Q9BZB8,E3|Q9Y297,E3,Q9Y297,Q9BZB8,BTRC,CPEB1,1,1,1.0,0.65668803
E3|Q9Y297|Q9GZV5,E3|Q9Y297,E3,Q9Y297,Q9GZV5,BTRC,WWTR1,1,1,1.0,0.6550253
E3|Q9Y297|Q9HAW4,E3|Q9Y297,E3,Q9Y297,Q9HAW4,BTRC,CLSPN,1,1,1.0,0.65650153
E3|Q9Y297|Q9NS23,E3|Q9Y297,E3,Q9Y297,Q9NS23,BTRC,RASSF1,1,1,1.0,0.6567196
E3|Q9Y297|Q9NS37,E3|Q9Y297,E3,Q9Y297,Q9NS37,BTRC,CREBZF,1,1,1.0,0.65687597
E3|Q9Y297|Q9NX09,E3|Q9Y297,E3,Q9Y297,Q9NX09,BTRC,DDIT4,1,1,1.0,0.65625083
E3|Q9Y297|Q9NYP9,E3|Q9Y297,E3,Q9Y297,Q9NYP9,BTRC,MIS18A,1,1,1.0,0.6566015
E3|Q9Y297|Q9P0N9,E3|Q9Y297,E3,Q9Y297,Q9P0N9,BTRC,TBC1D7,1,1,1.0,0.655473
E3|Q9Y297|Q9UKB1,E3|Q9Y297,E3,Q9Y297,Q9UKB1,BTRC,FBXW11,1,1,1.0,0.6577129
E3|Q9Y297|Q9UKT4,E3|Q9Y297,E3,Q9Y297,Q9UKT4,BTRC,FBXO5,1,1,1.0,0.65667295
E3|Q9Y297|Q9ULT6,E3|Q9Y297,E3,Q9Y297,Q9ULT6,BTRC,ZNRF3,1,1,1.0,0.6542566
E3|Q9Y297|Q9UM11,E3|Q9Y297,E3,Q9Y297,Q9UM11,BTRC,FZR1,1,1,1.0,0.6570566
E3|Q9Y2E6|Q9UHD2,E3|Q9Y2E6,E3,Q9Y2E6,Q9UHD2,DTX4,TBK1,1,1,1.0,0.6565252
E3|Q9Y314|P19235,E3|Q9Y314,E3,Q9Y314,P19235,NOSIP,EPOR,1,1,1.0,0.65347505
E3|Q9Y314|P67775,E3|Q9Y314,E3,Q9Y314,P67775,NOSIP,PPP2CA,1,1,1.0,0.65712017
E3|Q9Y3I1|P16150,E3|Q9Y3I1,E3,Q9Y3I1,P16150,FBXO7,SPN,1,1,1.0,0.6568957
E3|Q9Y3I1|Q12933,E3|Q9Y3I1,E3,Q9Y3I1,Q12933,FBXO7,TRAF2,1,1,1.0,0.6569956
E3|Q9Y3I1|Q13490,E3|Q9Y3I1,E3,Q9Y3I1,Q13490,FBXO7,BIRC2,1,1,1.0,0.6567931
E3|Q9Y3I1|Q15398,E3|Q9Y3I1,E3,Q9Y3I1,Q15398,FBXO7,DLGAP5,1,1,1.0,0.65643847
E3|Q9Y3I1|Q96SW2,E3|Q9Y3I1,E3,Q9Y3I1,Q96SW2,FBXO7,CRBN,1,1,1.0,0.656796
E3|Q9Y4B6|O14746,E3|Q9Y4B6,E3,Q9Y4B6,O14746,DCAF1,TERT,1,1,1.0,0.65669197
E3|Q9Y4B6|O75449,E3|Q9Y4B6,E3,Q9Y4B6,O75449,DCAF1,KATNA1,1,1,1.0,0.65707797
E3|Q9Y4B6|O95835,E3|Q9Y4B6,E3,Q9Y4B6,O95835,DCAF1,LATS1,1,1,1.0,0.65699995
E3|Q9Y4B6|P13051,E3|Q9Y4B6,E3,Q9Y4B6,P13051,DCAF1,UNG,1,1,1.0,0.6557911
E3|Q9Y4B6|P30153,E3|Q9Y4B6,E3,Q9Y4B6,P30153,DCAF1,PPP2R1A,1,1,1.0,0.65421563
E3|Q9Y4B6|P35240,E3|Q9Y4B6,E3,Q9Y4B6,P35240,VPRBP,NF2,1,1,1.0,0.6571474
E3|Q9Y4B6|Q7L590,E3|Q9Y4B6,E3,Q9Y4B6,Q7L590,DCAF1,MCM10,1,1,1.0,0.65656775
E3|Q9Y4B6|Q8IXI2,E3|Q9Y4B6,E3,Q9Y4B6,Q8IXI2,VPRBP,PPP2R1A,1,1,1.0,0.65572685
E3|Q9Y4B6|Q9NRM7,E3|Q9Y4B6,E3,Q9Y4B6,Q9NRM7,DCAF1,LATS2,1,1,1.0,0.6570274
E3|Q9Y4B6|Q9Y3Z3,E3|Q9Y4B6,E3,Q9Y4B6,Q9Y3Z3,DCAF1,SAMHD1,1,1,1.0,0.6562818
E3|Q9Y4X5|O60573,E3|Q9Y4X5,E3,Q9Y4X5,O60573,ARIH1,EIF4E2,1,1,1.0,0.6569062
E3|Q9Y4X5|Q14190,E3|Q9Y4X5,E3,Q9Y4X5,Q14190,ARIH1,SIM2,1,1,1.0,0.6571771
DUB|O00487|O95863,DUB|O00487,DUB,O00487,O95863,PSMD14,SNAI1,1,1,1.0,0.6569408
DUB|O00487|P01584,DUB|O00487,DUB,O00487,P01584,PSMD14,IL1B,1,1,1.0,0.6538865
DUB|O00487|P04626,DUB|O00487,DUB,O00487,P04626,PSMD14,ERBB2,1,1,1.0,0.6540123
DUB|O00487|P62993,DUB|O00487,DUB,O00487,P62993,PSMD14,GRB2,1,1,1.0,0.6551173
DUB|O00487|Q01860,DUB|O00487,DUB,O00487,Q01860,PSMD14,POU5F1,1,1,1.0,0.65659267
DUB|O00487|Q04771,DUB|O00487,DUB,O00487,Q04771,PSMD14,ACVR1,1,1,1.0,0.656225
DUB|P35125|A2AIR5,DUB|P35125,DUB,P35125,A2AIR5,USP6,Grin3a,1,1,1.0,0.6561179
DUB|P35125|P05412,DUB|P35125,DUB,P35125,P05412,USP6,JUN,1,1,1.0,0.6556309
DUB|P35125|P14780,DUB|P35125,DUB,P35125,P14780,USP6,MMP9,1,1,1.0,0.6563826
DUB|P35125|Q05586,DUB|P35125,DUB,P35125,Q05586,USP6,GRIN1,1,1,1.0,0.6567265
DUB|P54578|O14641,DUB|P54578,DUB,P54578,O14641,USP14,DVL2,1,1,1.0,0.65799886
DUB|P54578|O14920,DUB|P54578,DUB,P54578,O14920,USP14,IKBKB,1,1,1.0,0.65643436
DUB|P54578|O95786,DUB|P54578,DUB,P54578,O95786,USP14,DDX58,1,1,1.0,0.6566805
DUB|P54578|P08670,DUB|P54578,DUB,P54578,P08670,USP14,VIM,1,1,1.0,0.65748364
DUB|P54578|P10275,DUB|P54578,DUB,P54578,P10275,USP14,AR,1,1,1.0,0.6555956
DUB|P54578|P12956,DUB|P54578,DUB,P54578,P12956,USP14,XRCC6,1,1,1.0,0.6556972
DUB|P54578|P14635,DUB|P54578,DUB,P54578,P14635,USP14,CCNB1,1,1,1.0,0.65635633
DUB|P54578|P25963,DUB|P54578,DUB,P54578,P25963,USP14,NFKBIA,1,1,1.0,0.65647984
DUB|P54578|P35222,DUB|P54578,DUB,P54578,P35222,USP14,CTNNB1,1,1,1.0,0.6573754
DUB|P54578|P61073,DUB|P54578,DUB,P54578,P61073,USP14,CXCR4,1,1,1.0,0.6574096
DUB|P54578|Q14457,DUB|P54578,DUB,P54578,Q14457,USP14,BECN1,1,1,1.0,0.6573189
DUB|P54578|Q86WI3,DUB|P54578,DUB,P54578,Q86WI3,USP14,NLRC5,1,1,1.0,0.6564015
DUB|P54578|Q96GD4,DUB|P54578,DUB,P54578,Q96GD4,USP14,AURKB,1,1,1.0,0.6563164
DUB|P54578|Q96RJ0,DUB|P54578,DUB,P54578,Q96RJ0,USP14,TAAR1,1,1,1.0,0.6572907
DUB|P54578|Q9H5J4,DUB|P54578,DUB,P54578,Q9H5J4,USP14,ELOVL6,1,1,1.0,0.6568382
DUB|P54578|Q9NYJ8,DUB|P54578,DUB,P54578,Q9NYJ8,USP14,TAB2,1,1,1.0,0.65744835
DUB|P54578|Q9UBS5,DUB|P54578,DUB,P54578,Q9UBS5,USP14,GABBR1,1,1,1.0,0.65705055
DUB|P54578|Q9UPN3,DUB|P54578,DUB,P54578,Q9UPN3,USP14,MACF1,1,1,1.0,0.6577499
DUB|Q4G0A6|Q08050,DUB|Q4G0A6,DUB,Q4G0A6,Q08050,MINDY4,FOXM1,1,1,1.0,0.65481913
DUB|Q70EK9|P37275,DUB|Q70EK9,DUB,Q70EK9,P37275,USP51,ZEB1,1,1,1.0,0.6558916
DUB|Q70EK9|P62807,DUB|Q70EK9,DUB,Q70EK9,P62807,USP51,HIST1H2BI,1,1,1.0,0.656997
DUB|Q70EK9|Q16777,DUB|Q70EK9,DUB,Q70EK9,Q16777,USP51,HIST2H2AC,1,1,1.0,0.65657514
DUB|Q70EK9|Q8WYQ5,DUB|Q70EK9,DUB,Q70EK9,Q8WYQ5,USP51,DGCR8,1,1,1.0,0.6564719
DUB|Q8N5J2|P46937,DUB|Q8N5J2,DUB,Q8N5J2,P46937,MINDY1,YAP1,1,1,1.0,0.6517811
DUB|Q8NB14|O60341,DUB|Q8NB14,DUB,Q8NB14,O60341,USP38,KDM1A,1,1,1.0,0.6568398
DUB|Q8NB14|P01106,DUB|Q8NB14,DUB,Q8NB14,P01106,USP38,MYC,1,1,1.0,0.65705734
DUB|Q8NB14|Q9UHD2,DUB|Q8NB14,DUB,Q8NB14,Q9UHD2,USP38,TBK1,1,1,1.0,0.6565105
DUB|Q96DX7|Q16665,DUB|Q96DX7,DUB,Q96DX7,Q16665,TRIM44,HIF1A,1,1,1.0,0.65664303
DUB|Q96DX7|Q9Y577,DUB|Q96DX7,DUB,Q96DX7,Q9Y577,TRIM44,TRIM17,1,1,1.0,0.6556727
DUB|Q96F44|Q16828,DUB|Q96F44,DUB,Q96F44,Q16828,TRIM11,DUSP6,1,1,1.0,0.6570147
DUB|Q96K76|O95863,DUB|Q96K76,DUB,Q96K76,O95863,USP47,SNAI1,1,1,1.0,0.6570694
DUB|Q96K76|P06746,DUB|Q96K76,DUB,Q96K76,P06746,USP47,POLB,1,1,1.0,0.65671355
DUB|Q96K76|P12830,DUB|Q96K76,DUB,Q96K76,P12830,USP47,CDH1,1,1,1.0,0.6543851
DUB|Q96K76|P35222,DUB|Q96K76,DUB,Q96K76,P35222,USP47,CTNNB1,1,1,1.0,0.65519655
DUB|Q96K76|Q9UGP5,DUB|Q96K76,DUB,Q96K76,Q9UGP5,USP47,POLL,1,1,1.0,0.6569562
DUB|Q9P2H5|P03372,DUB|Q9P2H5,DUB,Q9P2H5,P03372,USP35,ESR1,1,1,1.0,0.6561133
DUB|Q9P2H5|P21796,DUB|Q9P2H5,DUB,Q9P2H5,P21796,USP35,VDAC1,1,1,1.0,0.65577424
DUB|Q9P2H5|Q8NFZ5,DUB|Q9P2H5,DUB,Q9P2H5,Q8NFZ5,USP35,TNIP2,1,1,1.0,0.6561821
DUB|Q9P2H5|Q96GD4,DUB|Q9P2H5,DUB,Q9P2H5,Q96GD4,USP35,AURKB,1,1,1.0,0.65635484
DUB|Q9UGI0|Q15910,DUB|Q9UGI0,DUB,Q9UGI0,Q15910,ZRANB1,EZH2,1,1,1.0,0.65698314
DUB|Q9UGI0|Q8NEB9,DUB|Q9UGI0,DUB,Q9UGI0,Q8NEB9,ZRANB1,PIK3C3,1,1,1.0,0.65419847
DUB|Q9UGI0|Q9P2Y5,DUB|Q9UGI0,DUB,Q9UGI0,Q9P2Y5,ZRANB1,UVRAG,1,1,1.0,0.6541102
DUB|Q9UGI0|Q9ULT8,DUB|Q9UGI0,DUB,Q9UGI0,Q9ULT8,ZRANB1,HECTD1,1,1,1.0,0.6571968
DUB|Q9UK80|O95760,DUB|Q9UK80,DUB,Q9UK80,O95760,USP21,IL33,1,1,1.0,0.6539478
DUB|Q9UK80|O95786,DUB|Q9UK80,DUB,Q9UK80,O95786,USP21,DDX58,1,1,1.0,0.6566888
DUB|Q9UK80|P0C0S8,DUB|Q9UK80,DUB,Q9UK80,P0C0S8,USP21,HIST1H2AM,1,1,1.0,0.6563902
DUB|Q9UK80|P15407,DUB|Q9UK80,DUB,Q9UK80,P15407,USP21,FOSL1,1,1,1.0,0.6561303
DUB|Q9UK80|P23771,DUB|Q9UK80,DUB,Q9UK80,P23771,USP21,GATA3,1,1,1.0,0.6550464
DUB|Q9UK80|P36507,DUB|Q9UK80,DUB,Q9UK80,P36507,USP21,MAP2K2,1,1,1.0,0.6567006
DUB|Q9UK80|P51587,DUB|Q9UK80,DUB,Q9UK80,P51587,USP21,BRCA2,1,1,1.0,0.6568125
DUB|Q9UK80|Q08050,DUB|Q9UK80,DUB,Q9UK80,Q08050,USP21,FOXM1,1,1,1.0,0.6568386
DUB|Q9UK80|Q13546,DUB|Q9UK80,DUB,Q9UK80,Q13546,USP21,RIPK1,1,1,1.0,0.65394825
DUB|Q9UK80|Q15910,DUB|Q9UK80,DUB,Q9UK80,Q15910,USP21,EZH2,1,1,1.0,0.65674883
DUB|Q9UK80|Q16777,DUB|Q9UK80,DUB,Q9UK80,Q16777,USP21,HIST2H2AC,1,1,1.0,0.6564946
DUB|Q9UK80|Q86WV6,DUB|Q9UK80,DUB,Q9UK80,Q86WV6,USP21,TMEM173,1,1,1.0,0.6544972
DUB|Q9UK80|Q9BZS1,DUB|Q9UK80,DUB,Q9UK80,Q9BZS1,USP21,FOXP3,1,1,1.0,0.6560639
DUB|Q9UK80|Q9H9S0,DUB|Q9UK80,DUB,Q9UK80,Q9H9S0,USP21,NANOG,1,1,1.0,0.65630466
DUB|Q9UK80|Q9UIF9,DUB|Q9UK80,DUB,Q9UK80,Q9UIF9,USP21,BAZ2A,1,1,1.0,0.65637267
DUB|Q9Y4E8|O15111,DUB|Q9Y4E8,DUB,Q9Y4E8,O15111,USP15,CHUK,1,1,1.0,0.6570754
DUB|Q9Y4E8|O43541,DUB|Q9Y4E8,DUB,Q9Y4E8,O43541,USP15,SMAD6,1,1,1.0,0.6567153
DUB|Q9Y4E8|O95140,DUB|Q9Y4E8,DUB,Q9Y4E8,O95140,USP15,MFN2,1,1,1.0,0.6567769
DUB|Q9Y4E8|O95786,DUB|Q9Y4E8,DUB,Q9Y4E8,O95786,USP15,DDX58,1,1,1.0,0.6568737
DUB|Q9Y4E8|P21796,DUB|Q9Y4E8,DUB,Q9Y4E8,P21796,USP15,VDAC1,1,1,1.0,0.6553316
DUB|Q9Y4E8|P25054,DUB|Q9Y4E8,DUB,Q9Y4E8,P25054,USP15,APC,1,1,1.0,0.6558396
DUB|Q9Y4E8|P25963,DUB|Q9Y4E8,DUB,Q9Y4E8,P25963,USP15,NFKBIA,1,1,1.0,0.65705353
DUB|Q9Y4E8|P35222,DUB|Q9Y4E8,DUB,Q9Y4E8,P35222,USP15,CTNNB1,1,1,1.0,0.65632606
DUB|Q9Y4E8|P35659,DUB|Q9Y4E8,DUB,Q9Y4E8,P35659,USP15,DEK,1,1,1.0,0.6563402
DUB|Q9Y4E8|P36894,DUB|Q9Y4E8,DUB,Q9Y4E8,P36894,USP15,BMPR1A,1,1,1.0,0.654483
DUB|Q9Y4E8|P36897,DUB|Q9Y4E8,DUB,Q9Y4E8,P36897,USP15,TGFBR1,1,1,1.0,0.65460443
DUB|Q9Y4E8|P42574,DUB|Q9Y4E8,DUB,Q9Y4E8,P42574,USP15,CASP3,1,1,1.0,0.6570335
DUB|Q9Y4E8|P51449,DUB|Q9Y4E8,DUB,Q9Y4E8,P51449,USP15,RORC,1,1,1.0,0.6565882
DUB|Q9Y4E8|P55212,DUB|Q9Y4E8,DUB,Q9Y4E8,P55212,USP15,CASP6,1,1,1.0,0.6568486
DUB|Q9Y4E8|P60842,DUB|Q9Y4E8,DUB,Q9Y4E8,P60842,USP15,EIF4A1,1,1,1.0,0.6552878
DUB|Q9Y4E8|P62807,DUB|Q9Y4E8,DUB,Q9Y4E8,P62807,USP15,HIST1H2BI,1,1,1.0,0.6564671
DUB|Q9Y4E8|P62877,DUB|Q9Y4E8,DUB,Q9Y4E8,P62877,USP15,RBX1,1,1,1.0,0.65684956
DUB|Q9Y4E8|P84022,DUB|Q9Y4E8,DUB,Q9Y4E8,P84022,USP15,SMAD3,1,1,1.0,0.6562104
DUB|Q9Y4E8|Q00987,DUB|Q9Y4E8,DUB,Q9Y4E8,Q00987,USP15,MDM2,1,1,1.0,0.65695834
DUB|Q9Y4E8|Q04206,DUB|Q9Y4E8,DUB,Q9Y4E8,Q04206,USP15,RELA,1,1,1.0,0.65660983
DUB|Q9Y4E8|Q13127,DUB|Q9Y4E8,DUB,Q9Y4E8,Q13127,USP15,REST,1,1,1.0,0.6562184
DUB|Q9Y4E8|Q13451,DUB|Q9Y4E8,DUB,Q9Y4E8,Q13451,USP15,FKBP5,1,1,1.0,0.6572
DUB|Q9Y4E8|Q13501,DUB|Q9Y4E8,DUB,Q9Y4E8,Q13501,USP15,SQSTM1,1,1,1.0,0.6561472
DUB|Q9Y4E8|Q14145,DUB|Q9Y4E8,DUB,Q9Y4E8,Q14145,USP15,KEAP1,1,1,1.0,0.6570988
DUB|Q9Y4E8|Q14258,DUB|Q9Y4E8,DUB,Q9Y4E8,Q14258,USP15,TRIM25,1,1,1.0,0.6570151
DUB|Q9Y4E8|Q14494,DUB|Q9Y4E8,DUB,Q9Y4E8,Q14494,USP15,NFE2L1,1,1,1.0,0.65532756
DUB|Q9Y4E8|Q15020,DUB|Q9Y4E8,DUB,Q9Y4E8,Q15020,USP15,SART3,1,1,1.0,0.65670663
DUB|Q9Y4E8|Q15796,DUB|Q9Y4E8,DUB,Q9Y4E8,Q15796,USP15,SMAD2,1,1,1.0,0.6561097
DUB|Q9Y4E8|Q15797,DUB|Q9Y4E8,DUB,Q9Y4E8,Q15797,USP15,SMAD1,1,1,1.0,0.6560467
DUB|Q9Y4E8|Q16656,DUB|Q9Y4E8,DUB,Q9Y4E8,Q16656,USP15,NRF1,1,1,1.0,0.6557934
DUB|Q9Y4E8|Q16778,DUB|Q9Y4E8,DUB,Q9Y4E8,Q16778,USP15,HIST2H2BE,1,1,1.0,0.656667
DUB|Q9Y4E8|Q6N021,DUB|Q9Y4E8,DUB,Q9Y4E8,Q6N021,USP15,TET2,1,1,1.0,0.6561473
DUB|Q9Y4E8|Q7Z569,DUB|Q9Y4E8,DUB,Q9Y4E8,Q7Z569,USP15,BRAP,1,1,1.0,0.657254
DUB|Q9Y4E8|Q8WWY3,DUB|Q9Y4E8,DUB,Q9Y4E8,Q8WWY3,USP15,PRPF31,1,1,1.0,0.6566353
DUB|Q9Y4E8|Q9H257,DUB|Q9Y4E8,DUB,Q9Y4E8,Q9H257,USP15,CARD9,1,1,1.0,0.6568423
DUB|Q9Y4E8|Q9HAU4,DUB|Q9Y4E8,DUB,Q9Y4E8,Q9HAU4,USP15,SMURF2,1,1,1.0,0.654962
DUB|Q9Y4E8|Q9NVV4,DUB|Q9Y4E8,DUB,Q9Y4E8,Q9NVV4,USP15,MTPAP,1,1,1.0,0.65690506
DUB|Q9Y4E8|Q9UHD2,DUB|Q9Y4E8,DUB,Q9Y4E8,Q9UHD2,USP15,TBK1,1,1,1.0,0.6571577
E3|O14543|Q9P055,E3|O14543,E3,O14543,Q9P055,SOCS3,JKAMP,0,1,0.0,0.6560309
E3|O14543|P55895,E3|O14543,E3,O14543,P55895,SOCS3,RAG2,0,1,0.0,0.6567562
E3|O14543|Q99717,E3|O14543,E3,O14543,Q99717,SOCS3,SMAD5,0,1,0.0,0.6565305
E3|O14543|P33993,E3|O14543,E3,O14543,P33993,SOCS3,MCM7,0,1,0.0,0.65627974
E3|O14543|Q7Z698,E3|O14543,E3,O14543,Q7Z698,SOCS3,SPRED2,0,1,0.0,0.6559478
E3|O14543|Q13535,E3|O14543,E3,O14543,Q13535,SOCS3,ATR,0,1,0.0,0.65663165
E3|O14543|Q8IZ07,E3|O14543,E3,O14543,Q8IZ07,SOCS3,ANKRD13A,0,1,0.0,0.65586996
E3|O15344|Q96KB5,E3|O15344,E3,O15344,Q96KB5,MID1,PBK,0,1,0.0,0.656413
E3|O15344|Q8WXF7,E3|O15344,E3,O15344,Q8WXF7,MID1,ATL1,0,1,0.0,0.65403754
E3|O15344|Q9NV92,E3|O15344,E3,O15344,Q9NV92,MID1,NDFIP2,0,1,0.0,0.65412074
E3|O15344|O75473,E3|O15344,E3,O15344,O75473,MID1,LGR5,0,1,0.0,0.65352607
E3|O15344|P06127,E3|O15344,E3,O15344,P06127,MID1,CD5,0,1,0.0,0.65331125
E3|O15344|P42336,E3|O15344,E3,O15344,P42336,MID1,PIK3CA,0,1,0.0,0.6552612
E3|O15344|P80192,E3|O15344,E3,O15344,P80192,MID1,MAP3K9,0,1,0.0,0.65620124
E3|O15344|P46109,E3|O15344,E3,O15344,P46109,MID1,CRKL,0,1,0.0,0.6558476
E3|O15524|P10523,E3|O15524,E3,O15524,P10523,SOCS1,SAG,0,1,0.0,0.6567385
E3|O15524|P0C209,E3|O15524,E3,O15524,P0C209,SOCS1,gag,0,1,0.0,0.6566958
E3|O15524|Q8N907,E3|O15524,E3,O15524,Q8N907,SOCS1,DAND5,0,1,0.0,0.6568326
E3|O15524|P55211,E3|O15524,E3,O15524,P55211,SOCS1,CASP9,0,1,0.0,0.65719986
E3|O43734|P27986,E3|O43734,E3,O43734,P27986,TRAF3IP2,PIK3R1,0,1,0.0,0.6559195
E3|O43734|Q13563,E3|O43734,E3,O43734,Q13563,TRAF3IP2,PKD2,0,1,0.0,0.65461254
E3|O60260|Q8NEG5,E3|O60260,E3,O60260,Q8NEG5,PARK2,ZSWIM2,0,1,0.0,0.6567294
E3|O60260|O00418,E3|O60260,E3,O60260,O00418,PARK2,EEF2K,0,1,0.0,0.6568536
E3|O60260|P04085,E3|O60260,E3,O60260,P04085,PARK2,PDGFA,0,1,0.0,0.6545126
E3|O60260|P80192,E3|O60260,E3,O60260,P80192,PARK2,MAP3K9,0,1,0.0,0.6570772
E3|O60260|Q569H4,E3|O60260,E3,O60260,Q569H4,PARK2,PRR16,0,1,0.0,0.6567467
E3|O60260|P05777,E3|O60260,E3,O60260,P05777,PARK2,M,0,1,0.0,0.6568772
E3|O60260|Q92918,E3|O60260,E3,O60260,Q92918,PARK2,MAP4K1,0,1,0.0,0.6572934
E3|O60260|Q14324,E3|O60260,E3,O60260,Q14324,PARK2,MYBPC2,0,1,0.0,0.6569133
E3|O60260|Q15726,E3|O60260,E3,O60260,Q15726,PARK2,KISS1,0,1,0.0,0.6546812
E3|O60260|P14076,E3|O60260,E3,O60260,P14076,PARK2,gag,0,1,0.0,0.65656424
E3|O60260|P43360,E3|O60260,E3,O60260,P43360,PARK2,MAGEA6,0,1,0.0,0.65699023
E3|O75382|Q9UKV5,E3|O75382,E3,O75382,Q9UKV5,TRIM3,AMFR,0,1,0.0,0.65696996
E3|O94889|Q9Y5M8,E3|O94889,E3,O94889,Q9Y5M8,KLHL18,SRPRB,0,1,0.0,0.6557473
E3|O94889|Q86U70,E3|O94889,E3,O94889,Q86U70,KLHL18,LDB1,0,1,0.0,0.65500224
E3|O95835|O75444,E3|O95835,E3,O95835,O75444,LATS1,MAF,0,1,0.0,0.65566355
E3|P10523|Q16589,E3|P10523,E3,P10523,Q16589,SAG,CCNG2,0,1,0.0,0.65610075
E3|P10523|Q8IUE6,E3|P10523,E3,P10523,Q8IUE6,SAG,H2AC21,0,1,0.0,0.65657157
E3|P10523|Q9H5N1,E3|P10523,E3,P10523,Q9H5N1,SAG,RABEP2,0,1,0.0,0.6565279
E3|P10523|Q99836,E3|P10523,E3,P10523,Q99836,SAG,MYD88,0,1,0.0,0.656822
E3|P10523|Q8NFZ5,E3|P10523,E3,P10523,Q8NFZ5,SAG,TNIP2,0,1,0.0,0.6565283
E3|P10523|P55895,E3|P10523,E3,P10523,P55895,SAG,RAG2,0,1,0.0,0.65697956
E3|P10523|P10275,E3|P10523,E3,P10523,P10275,SAG,AR,0,1,0.0,0.65591
E3|P10523|P11441,E3|P10523,E3,P10523,P11441,SAG,UBL4A,0,1,0.0,0.65704614
E3|P10523|Q8NEB9,E3|P10523,E3,P10523,Q8NEB9,SAG,PIK3C3,0,1,0.0,0.6550786
E3|P10523|Q96BF6,E3|P10523,E3,P10523,Q96BF6,SAG,NACC2,0,1,0.0,0.65632784
E3|P10523|Q9UIH9,E3|P10523,E3,P10523,Q9UIH9,SAG,KLF15,0,1,0.0,0.6553354
E3|P10523|P00558,E3|P10523,E3,P10523,P00558,SAG,PGK1,0,1,0.0,0.65653735
E3|P15918|P61254,E3|P15918,E3,P15918,P61254,RAG1,RPL26,0,1,0.0,0.6560982
E3|P15918|P51795,E3|P15918,E3,P15918,P51795,RAG1,CLCN5,0,1,0.0,0.6545183
E3|P15918|O43318,E3|P15918,E3,P15918,O43318,RAG1,MAP3K7,0,1,0.0,0.6550704
E3|P15918|Q08499,E3|P15918,E3,P15918,Q08499,RAG1,PDE4D,0,1,0.0,0.6554458
E3|P21580|P03956,E3|P21580,E3,P21580,P03956,TNFAIP3,MMP1,0,1,0.0,0.6553952
E3|P21580|P41180,E3|P21580,E3,P21580,P41180,TNFAIP3,CASR,0,1,0.0,0.6557355
E3|P21580|Q99714,E3|P21580,E3,P21580,Q99714,TNFAIP3,PTPN5,0,1,0.0,0.6566795
E3|P22681|Q08999,E3|P22681,E3,P22681,Q08999,CBL,RBL2,0,1,0.0,0.6555627
E3|P22681|Q9NQB0,E3|P22681,E3,P22681,Q9NQB0,CBL,TCF7L2,0,1,0.0,0.6548938
E3|P22681|Q15742,E3|P22681,E3,P22681,Q15742,CBL,NAB2,0,1,0.0,0.6564353
E3|P22681|O00308,E3|P22681,E3,P22681,O00308,CBL,WWP2,0,1,0.0,0.65612066
E3|P22681|P37275,E3|P22681,E3,P22681,P37275,CBL,ZEB1,0,1,0.0,0.65523356
E3|P22681|Q7L8J4,E3|P22681,E3,P22681,Q7L8J4,CBL,SH3BP5L,0,1,0.0,0.6559365
E3|P22681|O60381,E3|P22681,E3,P22681,O60381,CBL,HBP1,0,1,0.0,0.6555466
E3|P22681|Q12888,E3|P22681,E3,P22681,Q12888,CBL,TP53BP1,0,1,0.0,0.65529966
E3|P22681|P17947,E3|P22681,E3,P22681,P17947,CBL,SPI1,0,1,0.0,0.6550693
E3|P22681|P62487,E3|P22681,E3,P22681,P62487,CBL,POLR2G,0,1,0.0,0.6558017
E3|P22681|P50458,E3|P22681,E3,P22681,P50458,CBL,LHX2,0,1,0.0,0.6536418
E3|P22681|Q9H9R9,E3|P22681,E3,P22681,Q9H9R9,CBL,DBNDD1,0,1,0.0,0.6567022
E3|P22681|Q14190,E3|P22681,E3,P22681,Q14190,CBL,SIM2,0,1,0.0,0.65605503
E3|P22681|P02751,E3|P22681,E3,P22681,P02751,CBL,FN1,0,1,0.0,0.6571922
E3|P22681|P43694,E3|P22681,E3,P22681,P43694,CBL,GATA4,0,1,0.0,0.65508395
E3|P22681|P31937,E3|P22681,E3,P22681,P31937,CBL,HIBADH,0,1,0.0,0.6565634
E3|P22681|P15173,E3|P22681,E3,P22681,P15173,CBL,MYOG,0,1,0.0,0.6554525
E3|P22681|Q15386,E3|P22681,E3,P22681,Q15386,CBL,UBE3C,0,1,0.0,0.6562873
E3|P22681|P61968,E3|P22681,E3,P22681,P61968,CBL,LMO4,0,1,0.0,0.65555745
E3|P22681|P19237,E3|P22681,E3,P22681,P19237,CBL,TNNI1,0,1,0.0,0.6566606
E3|P22681|Q9NXR8,E3|P22681,E3,P22681,Q9NXR8,CBL,ING3,0,1,0.0,0.65571874
E3|P22681|Q86U70,E3|P22681,E3,P22681,Q86U70,CBL,LDB1,0,1,0.0,0.6541146
E3|P22681|P15923,E3|P22681,E3,P22681,P15923,CBL,TCF3,0,1,0.0,0.6548641
E3|P22681|P12004,E3|P22681,E3,P22681,P12004,CBL,PCNA,0,1,0.0,0.6555672
E3|P22681|O00330,E3|P22681,E3,P22681,O00330,CBL,PDHX,0,1,0.0,0.6565856
E3|P22681|P08678,E3|P22681,E3,P22681,P08678,CBL,CYR1,0,1,0.0,0.6562761
E3|P22681|P54725,E3|P22681,E3,P22681,P54725,CBL,RAD23A,0,1,0.0,0.6562292
E3|P22681|P20700,E3|P22681,E3,P22681,P20700,CBL,LMNB1,0,1,0.0,0.65609413
E3|P22681|P12755,E3|P22681,E3,P22681,P12755,CBL,SKI,0,1,0.0,0.655489
E3|P22681|P10244,E3|P22681,E3,P22681,P10244,CBL,MYBL2,0,1,0.0,0.65509635
E3|P22681|P10193,E3|P22681,E3,P22681,P10193,CBL,UL9,0,1,0.0,0.65628994
E3|P22681|O75417,E3|P22681,E3,P22681,O75417,CBL,POLQ,0,1,0.0,0.6555913
E3|P22681|Q9NS37,E3|P22681,E3,P22681,Q9NS37,CBL,CREBZF,0,1,0.0,0.65657735
E3|P22681|O76021,E3|P22681,E3,P22681,O76021,CBL,RSL1D1,0,1,0.0,0.65552104
E3|P22681|Q99814,E3|P22681,E3,P22681,Q99814,CBL,EPAS1,0,1,0.0,0.655657
E3|P22681|P49450,E3|P22681,E3,P22681,P49450,CBL,CENPA,0,1,0.0,0.65520006
E3|P22681|O60885,E3|P22681,E3,P22681,O60885,CBL,BRD4,0,1,0.0,0.6554877
E3|P29372|P26006,E3|P29372,E3,P29372,P26006,MPG,ITGA3,0,1,0.0,0.6544697
E3|P29372|Q14114,E3|P29372,E3,P29372,Q14114,MPG,LRP8,0,1,0.0,0.6543587
E3|P41002|Q99759,E3|P41002,E3,P41002,Q99759,CCNF,MAP3K3,0,1,0.0,0.6567846
E3|P41002|O15503,E3|P41002,E3,P41002,O15503,CCNF,INSIG1,0,1,0.0,0.6542541
E3|P41002|Q8WU17,E3|P41002,E3,P41002,Q8WU17,CCNF,RNF139,0,1,0.0,0.6540278
E3|P62253|Q92542,E3|P62253,E3,P62253,Q92542,UBE2G1,NCSTN,0,1,0.0,0.6559259
E3|P62253|O43313,E3|P62253,E3,P62253,O43313,UBE2G1,ATMIN,0,1,0.0,0.6562227
E3|P62877|P16471,E3|P62877,E3,P62877,P16471,RBX1,PRLR,0,1,0.0,0.65335786
E3|P62877|Q99759,E3|P62877,E3,P62877,Q99759,RBX1,MAP3K3,0,1,0.0,0.656883
E3|P62877|Q7Z434,E3|P62877,E3,P62877,Q7Z434,RBX1,MAVS,0,1,0.0,0.65603733
E3|P90489|P22681,E3|P90489,E3,P90489,P22681,K5,CBL,0,1,0.0,0.65608007
E3|P90489|Q5JSP0,E3|P90489,E3,P90489,Q5JSP0,K5,FGD3,0,1,0.0,0.6562798
E3|P90489|Q15784,E3|P90489,E3,P90489,Q15784,K5,NEUROD2,0,1,0.0,0.6559097
E3|P90489|Q6PGQ7,E3|P90489,E3,P90489,Q6PGQ7,K5,BORA,0,1,0.0,0.65579486
E3|P90489|Q71DI3,E3|P90489,E3,P90489,Q71DI3,K5,H3C15,0,1,0.0,0.6553562
E3|P90489|P38936,E3|P90489,E3,P90489,P38936,K5,CDKN1A,0,1,0.0,0.65592706
E3|P90489|Q9H492,E3|P90489,E3,P90489,Q9H492,K5,MAP1LC3A,0,1,0.0,0.65665174
E3|P90489|Q12824,E3|P90489,E3,P90489,Q12824,K5,SMARCB1,0,1,0.0,0.65523875
E3|P90489|Q8NEG5,E3|P90489,E3,P90489,Q8NEG5,K5,ZSWIM2,0,1,0.0,0.65667677
E3|P90489|Q96PH1,E3|P90489,E3,P90489,Q96PH1,K5,NOX5,0,1,0.0,0.6554432
E3|P90489|Q99801,E3|P90489,E3,P90489,Q99801,K5,NKX3-1,0,1,0.0,0.65560436
E3|P90489|P08393,E3|P90489,E3,P90489,P08393,K5,ICP0,0,1,0.0,0.6560356
E3|P90489|Q9Y508,E3|P90489,E3,P90489,Q9Y508,K5,RNF114,0,1,0.0,0.65623915
E3|P90489|Q9P1Z2,E3|P90489,E3,P90489,Q9P1Z2,K5,CALCOCO1,0,1,0.0,0.65650815
E3|P90489|Q9P126,E3|P90489,E3,P90489,Q9P126,K5,CLEC1B,0,1,0.0,0.65547234
E3|P90489|P62330,E3|P90489,E3,P90489,P62330,K5,ARF6,0,1,0.0,0.6556854
E3|Q05086|Q96EQ8,E3|Q05086,E3,Q05086,Q96EQ8,UBE3A,RNF125,0,1,0.0,0.65428156
E3|Q05086|Q00059,E3|Q05086,E3,Q05086,Q00059,UBE3A,TFAM,0,1,0.0,0.65668947
E3|Q05086|Q8IXI2,E3|Q05086,E3,Q05086,Q8IXI2,UBE3A,RHOT1,0,1,0.0,0.65619606
E3|Q05086|O60858,E3|Q05086,E3,Q05086,O60858,UBE3A,TRIM13,0,1,0.0,0.6550614
E3|Q05086|P80192,E3|Q05086,E3,Q05086,P80192,UBE3A,MAP3K9,0,1,0.0,0.65702415
E3|Q05086|O76074,E3|Q05086,E3,Q05086,O76074,UBE3A,PDE5A,0,1,0.0,0.65659523
E3|Q05086|P29475,E3|Q05086,E3,Q05086,P29475,UBE3A,NOS1,0,1,0.0,0.6539457
E3|Q05086|P49675,E3|Q05086,E3,Q05086,P49675,UBE3A,STAR,0,1,0.0,0.656076
E3|Q05086|P08678,E3|Q05086,E3,Q05086,P08678,UBE3A,CYR1,0,1,0.0,0.6563349
E3|Q05086|P15813,E3|Q05086,E3,Q05086,P15813,UBE3A,CD1D,0,1,0.0,0.6541789
E3|Q05086|P01023,E3|Q05086,E3,Q05086,P01023,UBE3A,A2M,0,1,0.0,0.6546853
E3|Q05086|P02765,E3|Q05086,E3,Q05086,P02765,UBE3A,AHSG,0,1,0.0,0.65455645
E3|Q05086|P41180,E3|Q05086,E3,Q05086,P41180,UBE3A,CASR,0,1,0.0,0.6539192
E3|Q05086|Q15849,E3|Q05086,E3,Q05086,Q15849,UBE3A,SLC14A2,0,1,0.0,0.6541451
E3|Q05086|P15260,E3|Q05086,E3,Q05086,P15260,UBE3A,IFNGR1,0,1,0.0,0.65389156
E3|Q05086|Q9BYM8,E3|Q05086,E3,Q05086,Q9BYM8,UBE3A,RBCK1,0,1,0.0,0.6573765
E3|Q05086|P46695,E3|Q05086,E3,Q05086,P46695,UBE3A,IER3,0,1,0.0,0.6569677
E3|Q05086|O43734,E3|Q05086,E3,Q05086,O43734,UBE3A,TRAF3IP2,0,1,0.0,0.6569395
E3|Q07869|Q93070,E3|Q07869,E3,Q07869,Q93070,PPARA,ART4,0,1,0.0,0.65279675
E3|Q13829|P78504,E3|Q13829,E3,Q13829,P78504,TNFAIP1,JAG1,0,1,0.0,0.65646756
E3|Q13829|Q8N8V4,E3|Q13829,E3,Q13829,Q8N8V4,TNFAIP1,ANKS4B,0,1,0.0,0.65673697
E3|Q14258|Q13233,E3|Q14258,E3,Q14258,Q13233,TRIM25,MAP3K1,0,1,0.0,0.6572503
E3|Q14258|P01912,E3|Q14258,E3,Q14258,P01912,TRIM25,HLA-DRB1,0,1,0.0,0.6556197
E3|Q14258|P43003,E3|Q14258,E3,Q14258,P43003,TRIM25,SLC1A3,0,1,0.0,0.6538384
E3|Q14258|O15503,E3|Q14258,E3,Q14258,O15503,TRIM25,INSIG1,0,1,0.0,0.65459555
E3|Q14258|Q96JA1,E3|Q14258,E3,Q14258,Q96JA1,TRIM25,LRIG1,0,1,0.0,0.65374595
E3|Q14258|O15354,E3|Q14258,E3,Q14258,O15354,TRIM25,GPR37,0,1,0.0,0.65397155
E3|Q14258|Q13794,E3|Q14258,E3,Q14258,Q13794,TRIM25,PMAIP1,0,1,0.0,0.6558448
E3|Q15751|P32519,E3|Q15751,E3,Q15751,P32519,HERC1,ELF1,0,1,0.0,0.6548093
E3|Q15751|Q92918,E3|Q15751,E3,Q15751,Q92918,HERC1,MAP4K1,0,1,0.0,0.6568606
E3|Q53GT1|P43005,E3|Q53GT1,E3,Q53GT1,P43005,KLHL22,SLC1A1,0,1,0.0,0.6542987
E3|Q5T0T0|Q9NXR8,E3|Q5T0T0,E3,Q5T0T0,Q9NXR8,MARCHF8,ING3,0,1,0.0,0.655355
E3|Q5T0T0|Q8NEA6,E3|Q5T0T0,E3,Q5T0T0,Q8NEA6,MARCHF8,GLIS3,0,1,0.0,0.65632266
E3|Q5T0T0|P49715,E3|Q5T0T0,E3,Q5T0T0,P49715,MARCHF8,CEBPA,0,1,0.0,0.654931
E3|Q5T0T0|O60381,E3|Q5T0T0,E3,Q5T0T0,O60381,MARCHF8,HBP1,0,1,0.0,0.6551708
E3|Q5T0T0|Q969G3,E3|Q5T0T0,E3,Q5T0T0,Q969G3,MARCHF8,SMARCE1,0,1,0.0,0.6546891
E3|Q5T0T0|P12757,E3|Q5T0T0,E3,Q5T0T0,P12757,MARCHF8,SKIL,0,1,0.0,0.65521157
E3|Q5T0T0|Q13077,E3|Q5T0T0,E3,Q5T0T0,Q13077,MARCHF8,TRAF1,0,1,0.0,0.65623915
E3|Q5T0T0|P05777,E3|Q5T0T0,E3,Q5T0T0,P05777,MARCHF8,M,0,1,0.0,0.655923
E3|Q5T0T0|Q8NEG5,E3|Q5T0T0,E3,Q5T0T0,Q8NEG5,MARCHF8,ZSWIM2,0,1,0.0,0.6565335
E3|Q5T0T0|Q9BSI4,E3|Q5T0T0,E3,Q5T0T0,Q9BSI4,MARCHF8,TINF2,0,1,0.0,0.65597343
E3|Q5T0T0|P61328,E3|Q5T0T0,E3,Q5T0T0,P61328,MARCHF8,FGF12,0,1,0.0,0.65598965
E3|Q5T0T0|P25791,E3|Q5T0T0,E3,Q5T0T0,P25791,MARCHF8,LMO2,0,1,0.0,0.655394
E3|Q5T0T0|Q8WW12,E3|Q5T0T0,E3,Q5T0T0,Q8WW12,MARCHF8,PCNP,0,1,0.0,0.65553236
E3|Q5T0T0|Q9UBZ9,E3|Q5T0T0,E3,Q5T0T0,Q9UBZ9,MARCHF8,REV1,0,1,0.0,0.65570545
E3|Q5T0T0|Q01826,E3|Q5T0T0,E3,Q5T0T0,Q01826,MARCHF8,SATB1,0,1,0.0,0.6545888
E3|Q5T0T0|Q8IZQ8,E3|Q5T0T0,E3,Q5T0T0,Q8IZQ8,MARCHF8,MYOCD,0,1,0.0,0.6554832
E3|Q5TAQ9|Q13873,E3|Q5TAQ9,E3,Q5TAQ9,Q13873,DCAF8,BMPR2,0,1,0.0,0.65367424
E3|Q5XUX0|Q9NRC1,E3|Q5XUX0,E3,Q5XUX0,Q9NRC1,FBXO31,ST7,0,1,0.0,0.6557112
E3|Q5XUX0|P28715,E3|Q5XUX0,E3,Q5XUX0,P28715,FBXO31,ERCC5,0,1,0.0,0.6562451
E3|Q5XUX0|Q2F514,E3|Q5XUX0,E3,Q5XUX0,Q2F514,FBXO31,X,0,1,0.0,0.6556355
E3|Q5XUX0|Q9NZ52,E3|Q5XUX0,E3,Q5XUX0,Q9NZ52,FBXO31,GGA3,0,1,0.0,0.654001
E3|Q5XUX0|Q8IYD8,E3|Q5XUX0,E3,Q5XUX0,Q8IYD8,FBXO31,FANCM,0,1,0.0,0.6566222
E3|Q5XUX0|Q15012,E3|Q5XUX0,E3,Q5XUX0,Q15012,FBXO31,LAPTM4A,0,1,0.0,0.65471756
E3|Q66K64|O94782,E3|Q66K64,E3,Q66K64,O94782,DCAF15,USP1,0,1,0.0,0.65720993
E3|Q66K64|P01100,E3|Q66K64,E3,Q66K64,P01100,DCAF15,FOS,0,1,0.0,0.65563166
E3|Q6R327|O75928,E3|Q6R327,E3,Q6R327,O75928,RICTOR,PIAS2,0,1,0.0,0.6558326
E3|Q6R327|Q15173,E3|Q6R327,E3,Q6R327,Q15173,RICTOR,PPP2R5B,0,1,0.0,0.6566549
E3|Q6ZNA4|Q16558,E3|Q6ZNA4,E3,Q6ZNA4,Q16558,RNF111,KCNMB1,0,1,0.0,0.65511006
E3|Q6ZNA4|P36888,E3|Q6ZNA4,E3,Q6ZNA4,P36888,RNF111,FLT3,0,1,0.0,0.6523605
E3|Q6ZNA4|Q16875,E3|Q6ZNA4,E3,Q6ZNA4,Q16875,RNF111,PFKFB3,0,1,0.0,0.6556492
E3|Q6ZNA4|Q8IZ07,E3|Q6ZNA4,E3,Q6ZNA4,Q8IZ07,RNF111,ANKRD13A,0,1,0.0,0.65227705
E3|Q75N03|P08034,E3|Q75N03,E3,Q75N03,P08034,CBLL1,GJB1,0,1,0.0,0.65360224
E3|Q7Z4K8|P06935,E3|Q7Z4K8,E3,Q7Z4K8,P06935,TRIM46,,0,1,0.0,0.6548075
E3|Q86XK2|Q8N519,E3|Q86XK2,E3,Q86XK2,Q8N519,FBXO11,,0,1,0.0,0.65648353
E3|Q86XK2|Q8N907,E3|Q86XK2,E3,Q86XK2,Q8N907,FBXO11,DAND5,0,1,0.0,0.6544684
E3|Q86XK2|P04179,E3|Q86XK2,E3,Q86XK2,P04179,FBXO11,SOD2,0,1,0.0,0.65562165
E3|Q86XK2|P18065,E3|Q86XK2,E3,Q86XK2,P18065,FBXO11,IGFBP2,0,1,0.0,0.6530281
E3|Q86XK2|P17302,E3|Q86XK2,E3,Q86XK2,P17302,FBXO11,GJA1,0,1,0.0,0.6536934
E3|Q86XK2|Q9Y2J4,E3|Q86XK2,E3,Q86XK2,Q9Y2J4,FBXO11,AMOTL2,0,1,0.0,0.6547041
E3|Q86XT4|Q9Y253,E3|Q86XT4,E3,Q86XT4,Q9Y253,TRIM50,POLH,0,1,0.0,0.6564734
E3|Q86XT4|Q96T88,E3|Q86XT4,E3,Q86XT4,Q96T88,TRIM50,UHRF1,0,1,0.0,0.6565226
E3|Q8IWR1|Q9NXR8,E3|Q8IWR1,E3,Q8IWR1,Q9NXR8,TRIM59,ING3,0,1,0.0,0.6554207
E3|Q8IWR1|P50579,E3|Q8IWR1,E3,Q8IWR1,P50579,TRIM59,METAP2,0,1,0.0,0.65594685
E3|Q8IWR1|P09467,E3|Q8IWR1,E3,Q8IWR1,P09467,TRIM59,FBP1,0,1,0.0,0.65579486
E3|Q8IWR1|Q9UIS9,E3|Q8IWR1,E3,Q8IWR1,Q9UIS9,TRIM59,MBD1,0,1,0.0,0.65568864
E3|Q8IWR1|P58004,E3|Q8IWR1,E3,Q8IWR1,P58004,TRIM59,SESN2,0,1,0.0,0.65646297
E3|Q8IWV8|A9UEZ6,E3|Q8IWV8,E3,Q8IWV8,A9UEZ6,UBR2,BCR/ABL fusion,0,1,0.0,0.65582746
E3|Q8IWV8|P03427,E3|Q8IWV8,E3,Q8IWV8,P03427,UBR2,PB2,0,1,0.0,0.65645313
E3|Q8NEZ5|Q9NY46,E3|Q8NEZ5,E3,Q8NEZ5,Q9NY46,FBXO22,SCN3A,0,1,0.0,0.65337396
E3|Q8NEZ5|P61968,E3|Q8NEZ5,E3,Q8NEZ5,P61968,FBXO22,LMO4,0,1,0.0,0.6566827
E3|Q8NEZ5|P23919,E3|Q8NEZ5,E3,Q8NEZ5,P23919,FBXO22,DTYMK,0,1,0.0,0.6567969
E3|Q8NEZ5|Q9H1D0,E3|Q8NEZ5,E3,Q8NEZ5,Q9H1D0,FBXO22,TRPV6,0,1,0.0,0.653393
E3|Q8NFD5|O00459,E3|Q8NFD5,E3,Q8NFD5,O00459,ARID1B,PIK3R2,0,1,0.0,0.65198565
E3|Q8NFD5|P13761,E3|Q8NFD5,E3,Q8NFD5,P13761,ARID1B,HLA-DRB1,0,1,0.0,0.6522024
E3|Q8NG06|Q9H5J0,E3|Q8NG06,E3,Q8NG06,Q9H5J0,TRIM58,ZBTB3,0,1,0.0,0.65635735
E3|Q8NG06|P60321,E3|Q8NG06,E3,Q8NG06,P60321,TRIM58,NANOS2,0,1,0.0,0.65666854
E3|Q8NG06|Q01628,E3|Q8NG06,E3,Q8NG06,Q01628,TRIM58,IFITM3,0,1,0.0,0.6538941
E3|Q8NG06|A8MYT4,E3|Q8NG06,E3,Q8NG06,A8MYT4,TRIM58,PIK3C3,0,1,0.0,0.6564371
E3|Q8NHM5|Q04912,E3|Q8NHM5,E3,Q8NHM5,Q04912,KDM2B,MST1R,0,1,0.0,0.65305585
E3|Q8NHM5|Q15386,E3|Q8NHM5,E3,Q8NHM5,Q15386,KDM2B,UBE3C,0,1,0.0,0.65332764
E3|Q8NHM5|P52333,E3|Q8NHM5,E3,Q8NHM5,P52333,KDM2B,JAK3,0,1,0.0,0.65262944
E3|Q8NHY2|Q8N907,E3|Q8NHY2,E3,Q8NHY2,Q8N907,COP1,DAND5,0,1,0.0,0.6557825
E3|Q8NHY2|Q15465,E3|Q8NHY2,E3,Q8NHY2,Q15465,COP1,SHH,0,1,0.0,0.654915
E3|Q8NHY2|Q9UNE0,E3|Q8NHY2,E3,Q8NHY2,Q9UNE0,COP1,EDAR,0,1,0.0,0.65606195
E3|Q8NHY2|Q9P055,E3|Q8NHY2,E3,Q8NHY2,Q9P055,COP1,JKAMP,0,1,0.0,0.65527683
E3|Q8NHY2|O60858,E3|Q8NHY2,E3,Q8NHY2,O60858,COP1,TRIM13,0,1,0.0,0.65572524
E3|Q8NHY2|Q9H4P4,E3|Q8NHY2,E3,Q8NHY2,Q9H4P4,COP1,RNF41,0,1,0.0,0.6568268
E3|Q8NHY2|Q8NHL6,E3|Q8NHY2,E3,Q8NHY2,Q8NHL6,COP1,LILRB1,0,1,0.0,0.6545737
E3|Q8NHY2|Q9Y6W8,E3|Q8NHY2,E3,Q8NHY2,Q9Y6W8,COP1,ICOS,0,1,0.0,0.65460026
E3|Q8NHY2|Q8N8V4,E3|Q8NHY2,E3,Q8NHY2,Q8N8V4,COP1,ANKS4B,0,1,0.0,0.6553752
E3|Q8NHY2|Q9NZ52,E3|Q8NHY2,E3,Q8NHY2,Q9NZ52,COP1,GGA3,0,1,0.0,0.65537095
E3|Q8NHY2|Q969V5,E3|Q8NHY2,E3,Q8NHY2,Q969V5,COP1,MUL1,0,1,0.0,0.6562218
E3|Q8NHY2|O43521,E3|Q8NHY2,E3,Q8NHY2,O43521,COP1,BCL2L11,0,1,0.0,0.656289
E3|Q8NHY2|P02765,E3|Q8NHY2,E3,Q8NHY2,P02765,COP1,AHSG,0,1,0.0,0.65527767
E3|Q8NHY2|P01880,E3|Q8NHY2,E3,Q8NHY2,P01880,COP1,IGHD,0,1,0.0,0.65457267
E3|Q8TBB1|P19634,E3|Q8TBB1,E3,Q8TBB1,P19634,LNX1,SLC9A1,0,1,0.0,0.65448534
E3|Q8TBB1|P29034,E3|Q8TBB1,E3,Q8TBB1,P29034,LNX1,S100A2,0,1,0.0,0.6570183
E3|Q8TBB1|O00548,E3|Q8TBB1,E3,Q8TBB1,O00548,LNX1,DLL1,0,1,0.0,0.6545875
E3|Q8TBB1|Q9Y3Z3,E3|Q8TBB1,E3,Q8TBB1,Q9Y3Z3,LNX1,SAMHD1,0,1,0.0,0.6568586
E3|Q8TBB1|Q12888,E3|Q8TBB1,E3,Q8TBB1,Q12888,LNX1,TP53BP1,0,1,0.0,0.6560859
E3|Q8TBB1|Q8N6M0,E3|Q8TBB1,E3,Q8TBB1,Q8N6M0,LNX1,OTUD6B,0,1,0.0,0.65716153
E3|Q8TBB1|P16401,E3|Q8TBB1,E3,Q8TBB1,P16401,LNX1,H1-5,0,1,0.0,0.65676755
E3|Q8TBB1|Q02539,E3|Q8TBB1,E3,Q8TBB1,Q02539,LNX1,H1-1,0,1,0.0,0.656777
E3|Q8TBB1|P04629,E3|Q8TBB1,E3,Q8TBB1,P04629,LNX1,NTRK1,0,1,0.0,0.65584147
E3|Q8TBB1|Q96BI1,E3|Q8TBB1,E3,Q8TBB1,Q96BI1,LNX1,SLC22A18,0,1,0.0,0.65441936
E3|Q8TBB1|P08195,E3|Q8TBB1,E3,Q8TBB1,P08195,LNX1,SLC3A2,0,1,0.0,0.6550918
E3|Q8TBB1|P13051,E3|Q8TBB1,E3,Q8TBB1,P13051,LNX1,UNG,0,1,0.0,0.65614444
E3|Q8TBB1|P20700,E3|Q8TBB1,E3,Q8TBB1,P20700,LNX1,LMNB1,0,1,0.0,0.65689105
E3|Q8TBB1|Q08AJ9,E3|Q8TBB1,E3,Q8TBB1,Q08AJ9,LNX1,HIST1H2AB,0,1,0.0,0.6570901
E3|Q8TCJ0|P60321,E3|Q8TCJ0,E3,Q8TCJ0,P60321,FBXO25,NANOS2,0,1,0.0,0.6568696
E3|Q8TCJ0|P05976,E3|Q8TCJ0,E3,Q8TCJ0,P05976,FBXO25,MYL1,0,1,0.0,0.6568362
E3|Q8TCJ0|Q13873,E3|Q8TCJ0,E3,Q8TCJ0,Q13873,FBXO25,BMPR2,0,1,0.0,0.65384483
E3|Q8TCJ0|O15273,E3|Q8TCJ0,E3,Q8TCJ0,O15273,FBXO25,TCAP,0,1,0.0,0.65663904
E3|Q8TE67|P48048,E3|Q8TE67,E3,Q8TE67,P48048,EPS8L3,KCNJ1,0,1,0.0,0.6549827
E3|Q8WZ60|Q13873,E3|Q8WZ60,E3,Q8WZ60,Q13873,KLHL6,BMPR2,0,1,0.0,0.6527399
E3|Q8WZ60|P56817,E3|Q8WZ60,E3,Q8WZ60,P56817,KLHL6,BACE1,0,1,0.0,0.65309554
E3|Q8WZ60|Q96RU7,E3|Q8WZ60,E3,Q8WZ60,Q96RU7,KLHL6,TRIB3,0,1,0.0,0.65635467
E3|Q8WZ60|Q8WY41,E3|Q8WZ60,E3,Q8WZ60,Q8WY41,KLHL6,NANOS1,0,1,0.0,0.6563191
E3|Q969P5|P29322,E3|Q969P5,E3,Q969P5,P29322,FBXO32,EPHA8,0,1,0.0,0.6533317
E3|Q969P5|Q96BF3,E3|Q969P5,E3,Q969P5,Q96BF3,FBXO32,TMIGD2,0,1,0.0,0.653183
E3|Q969P5|Q9P0P0,E3|Q969P5,E3,Q969P5,Q9P0P0,FBXO32,RNF181,0,1,0.0,0.6570099
E3|Q969P5|Q93070,E3|Q969P5,E3,Q969P5,Q93070,FBXO32,ART4,0,1,0.0,0.6532171
E3|Q969P5|P78380,E3|Q969P5,E3,Q969P5,P78380,FBXO32,OLR1,0,1,0.0,0.6531449
E3|Q969P5|Q9Y3D6,E3|Q969P5,E3,Q969P5,Q9Y3D6,FBXO32,FIS1,0,1,0.0,0.6554173
E3|Q969P5|Q16875,E3|Q969P5,E3,Q969P5,Q16875,FBXO32,PFKFB3,0,1,0.0,0.6566998
E3|Q969Q1|P20963,E3|Q969Q1,E3,Q969Q1,P20963,TRIM63,CD247,0,1,0.0,0.65414095
E3|Q969Q1|Q04912,E3|Q969Q1,E3,Q969Q1,Q04912,TRIM63,MST1R,0,1,0.0,0.65666926
E3|Q969Q1|P41594,E3|Q969Q1,E3,Q969Q1,P41594,TRIM63,GRM5,0,1,0.0,0.65408707
E3|Q969Q1|Q9TQE0,E3|Q969Q1,E3,Q969Q1,Q9TQE0,TRIM63,HLA-DRB1,0,1,0.0,0.65444165
E3|Q969Q1|Q8NEG5,E3|Q969Q1,E3,Q969Q1,Q8NEG5,TRIM63,ZSWIM2,0,1,0.0,0.656443
E3|Q969Q1|P05777,E3|Q969Q1,E3,Q969Q1,P05777,TRIM63,M,0,1,0.0,0.65670246
E3|Q969Q1|P61073,E3|Q969Q1,E3,Q969Q1,P61073,TRIM63,CXCR4,0,1,0.0,0.65439755
E3|Q969Q1|Q7L8J4,E3|Q969Q1,E3,Q969Q1,Q7L8J4,TRIM63,SH3BP5L,0,1,0.0,0.6569417
E3|Q969Q1|P43005,E3|Q969Q1,E3,Q969Q1,P43005,TRIM63,SLC1A1,0,1,0.0,0.6542113
E3|Q969V5|O75928,E3|Q969V5,E3,Q969V5,O75928,MUL1,PIAS2,0,1,0.0,0.6561779
E3|Q969V5|Q6NUN9,E3|Q969V5,E3,Q969V5,Q6NUN9,MUL1,ZNF746,0,1,0.0,0.6559926
E3|Q969V5|Q96A32,E3|Q969V5,E3,Q969V5,Q96A32,MUL1,MYLPF,0,1,0.0,0.6559821
E3|Q969V5|P20248,E3|Q969V5,E3,Q969V5,P20248,MUL1,CCNA2,0,1,0.0,0.65615284
E3|Q969V5|Q08AJ9,E3|Q969V5,E3,Q969V5,Q08AJ9,MUL1,HIST1H2AB,0,1,0.0,0.6565636
E3|Q969V5|Q8WTU0,E3|Q969V5,E3,Q969V5,Q8WTU0,MUL1,DDI1,0,1,0.0,0.65674305
E3|Q969V5|Q96RE7,E3|Q969V5,E3,Q969V5,Q96RE7,MUL1,NACC1,0,1,0.0,0.65562135
E3|Q969V5|Q05086,E3|Q969V5,E3,Q969V5,Q05086,MUL1,UBE3A,0,1,0.0,0.6566904
E3|Q96A61|P51451,E3|Q96A61,E3,Q96A61,P51451,TRIM52,BLK,0,1,0.0,0.65409505
E3|Q96A61|Q12913,E3|Q96A61,E3,Q96A61,Q12913,TRIM52,PTPRJ,0,1,0.0,0.6539654
E3|Q96A61|Q96BF3,E3|Q96A61,E3,Q96A61,Q96BF3,TRIM52,TMIGD2,0,1,0.0,0.65383494
E3|Q96A61|P35613,E3|Q96A61,E3,Q96A61,P35613,TRIM52,BSG,0,1,0.0,0.6544175
E3|Q96K19|O14618,E3|Q96K19,E3,Q96K19,O14618,RNF170,CCS,0,1,0.0,0.6560888
E3|Q96K19|Q92769,E3|Q96K19,E3,Q96K19,Q92769,RNF170,HDAC2,0,1,0.0,0.65508026
E3|Q96M94|O60486,E3|Q96M94,E3,Q96M94,O60486,KLHL15,PLXNC1,0,1,0.0,0.6566239
E3|Q96M94|P84077,E3|Q96M94,E3,Q96M94,P84077,KLHL15,ARF1,0,1,0.0,0.6551358
E3|Q96M94|Q9UJA2,E3|Q96M94,E3,Q96M94,Q9UJA2,KLHL15,CRLS1,0,1,0.0,0.65565974
E3|Q96MT1|Q9NS23,E3|Q96MT1,E3,Q96MT1,Q9NS23,RNF145,RASSF1,0,1,0.0,0.65598935
E3|Q96PU4|P04035,E3|Q96PU4,E3,Q96PU4,P04035,UHRF2,HMGCR,0,1,0.0,0.6528783
E3|Q96PU4|O60573,E3|Q96PU4,E3,Q96PU4,O60573,UHRF2,EIF4E2,0,1,0.0,0.6562303
E3|Q96PU4|Q96J92,E3|Q96PU4,E3,Q96PU4,Q96J92,UHRF2,WNK4,0,1,0.0,0.6536982
E3|Q96PU4|Q9UKL4,E3|Q96PU4,E3,Q96PU4,Q9UKL4,UHRF2,GJD2,0,1,0.0,0.6522302
E3|Q96PU4|Q9Y2K6,E3|Q96PU4,E3,Q96PU4,Q9Y2K6,UHRF2,USP20,0,1,0.0,0.6548538
E3|Q99942|Q8IYW5,E3|Q99942,E3,Q99942,Q8IYW5,RNF5,RNF168,0,1,0.0,0.6560201
E3|Q99942|Q8IUE6,E3|Q99942,E3,Q99942,Q8IUE6,RNF5,H2AC21,0,1,0.0,0.655664
E3|Q99942|Q04725,E3|Q99942,E3,Q99942,Q04725,RNF5,TLE2,0,1,0.0,0.6554198
E3|Q9BYM8|Q15797,E3|Q9BYM8,E3,Q9BYM8,Q15797,RBCK1,SMAD1,0,1,0.0,0.6561365
E3|Q9BYM8|O43353,E3|Q9BYM8,E3,Q9BYM8,O43353,RBCK1,RIPK2,0,1,0.0,0.65439093
E3|Q9BYM8|Q13490,E3|Q9BYM8,E3,Q9BYM8,Q13490,RBCK1,BIRC2,0,1,0.0,0.6568779
E3|Q9BYM8|Q99426,E3|Q9BYM8,E3,Q9BYM8,Q99426,RBCK1,TBCB,0,1,0.0,0.65690476
E3|Q9BYM8|Q13535,E3|Q9BYM8,E3,Q9BYM8,Q13535,RBCK1,ATR,0,1,0.0,0.6570788
E3|Q9BYM8|O95863,E3|Q9BYM8,E3,Q9BYM8,O95863,RBCK1,SNAI1,0,1,0.0,0.6567345
E3|Q9BYM8|P20393,E3|Q9BYM8,E3,Q9BYM8,P20393,RBCK1,NR1D1,0,1,0.0,0.6557995
E3|Q9BYM8|O15399,E3|Q9BYM8,E3,Q9BYM8,O15399,RBCK1,GRIN2D,0,1,0.0,0.6539845
E3|Q9BYM8|Q16623,E3|Q9BYM8,E3,Q9BYM8,Q16623,RBCK1,STX1A,0,1,0.0,0.65421164
E3|Q9BYM8|P21589,E3|Q9BYM8,E3,Q9BYM8,P21589,RBCK1,NT5E,0,1,0.0,0.65419644
E3|Q9BYM8|P10911,E3|Q9BYM8,E3,Q9BYM8,P10911,RBCK1,MCF2,0,1,0.0,0.6540065
E3|Q9BYM8|Q14643,E3|Q9BYM8,E3,Q9BYM8,Q14643,RBCK1,ITPR1,0,1,0.0,0.65539294
E3|Q9BYM8|Q13131,E3|Q9BYM8,E3,Q9BYM8,Q13131,RBCK1,PRKAA1,0,1,0.0,0.6572297
E3|Q9BYM8|P42229,E3|Q9BYM8,E3,Q9BYM8,P42229,RBCK1,STAT5A,0,1,0.0,0.6570573
E3|Q9BYM8|O75928,E3|Q9BYM8,E3,Q9BYM8,O75928,RBCK1,PIAS2,0,1,0.0,0.65686303
E3|Q9BYM8|P42566,E3|Q9BYM8,E3,Q9BYM8,P42566,RBCK1,EPS15,0,1,0.0,0.6543642
E3|Q9BYM8|P37275,E3|Q9BYM8,E3,Q9BYM8,P37275,RBCK1,ZEB1,0,1,0.0,0.6560901
E3|Q9BYM8|O14980,E3|Q9BYM8,E3,Q9BYM8,O14980,RBCK1,XPO1,0,1,0.0,0.6571714
E3|Q9BYM8|P52564,E3|Q9BYM8,E3,Q9BYM8,P52564,RBCK1,MAP2K6,0,1,0.0,0.65689254
E3|Q9BYM8|Q8N488,E3|Q9BYM8,E3,Q9BYM8,Q8N488,RBCK1,RYBP,0,1,0.0,0.6565651
E3|Q9BYM8|Q86UW9,E3|Q9BYM8,E3,Q9BYM8,Q86UW9,RBCK1,DTX2,0,1,0.0,0.6568678
E3|Q9C019|O00584,E3|Q9C019,E3,Q9C019,O00584,TRIM15,RNASET2,0,1,0.0,0.6564719
E3|Q9C026|P01730,E3|Q9C026,E3,Q9C026,P01730,TRIM9,CD4,0,1,0.0,0.65446573
E3|Q9C026|Q9Y657,E3|Q9C026,E3,Q9C026,Q9Y657,TRIM9,SPIN1,0,1,0.0,0.6563063
E3|Q9C037|Q7Z434,E3|Q9C037,E3,Q9C037,Q7Z434,TRIM4,MAVS,0,1,0.0,0.6556852
E3|Q9H0F5|Q9C0E8,E3|Q9H0F5,E3,Q9H0F5,Q9C0E8,RNF38,LNPK,0,1,0.0,0.653682
E3|Q9H0F5|P08247,E3|Q9H0F5,E3,Q9H0F5,P08247,RNF38,SYP,0,1,0.0,0.65448517
E3|Q9H0M0|P26927,E3|Q9H0M0,E3,Q9H0M0,P26927,WWP1,MST1,0,1,0.0,0.65703213
E3|Q9H0M0|P08678,E3|Q9H0M0,E3,Q9H0M0,P08678,WWP1,CYR1,0,1,0.0,0.6562917
E3|Q9H0M0|Q9UQK1,E3|Q9H0M0,E3,Q9H0M0,Q9UQK1,WWP1,PPP1R3C,0,1,0.0,0.65642107
E3|Q9H0M0|Q99648,E3|Q9H0M0,E3,Q9H0M0,Q99648,WWP1,CDCrel-1,0,1,0.0,0.65442735
E3|Q9H0M0|O76013,E3|Q9H0M0,E3,Q9H0M0,O76013,WWP1,KRT36,0,1,0.0,0.6567666
E3|Q9H2S5|Q6MZQ0,E3|Q9H2S5,E3,Q9H2S5,Q6MZQ0,RNF39,PRR5L,0,1,0.0,0.65646595
E3|Q9H2S5|P35555,E3|Q9H2S5,E3,Q9H2S5,P35555,RNF39,FBN1,0,1,0.0,0.65514016
E3|Q9NRD0|P51114,E3|Q9NRD0,E3,Q9NRD0,P51114,FBXO8,FXR1,0,1,0.0,0.65686226
E3|Q9NRD0|P15056,E3|Q9NRD0,E3,Q9NRD0,P15056,FBXO8,BRAF,0,1,0.0,0.6551631
E3|Q9NRD0|P26006,E3|Q9NRD0,E3,Q9NRD0,P26006,FBXO8,ITGA3,0,1,0.0,0.6548483
E3|Q9NRD0|P11308,E3|Q9NRD0,E3,Q9NRD0,P11308,FBXO8,ERG,0,1,0.0,0.6554582
E3|Q9NRD0|O00291,E3|Q9NRD0,E3,Q9NRD0,O00291,FBXO8,HIP1,0,1,0.0,0.65643346
E3|Q9NRD0|Q5T9L3,E3|Q9NRD0,E3,Q9NRD0,Q5T9L3,FBXO8,WLS,0,1,0.0,0.6552421
E3|Q9NVF7|Q13702,E3|Q9NVF7,E3,Q9NVF7,Q13702,FBXO28,RAPSN,0,1,0.0,0.6558159
E3|Q9NWN3|P35613,E3|Q9NWN3,E3,Q9NWN3,P35613,FBXO34,BSG,0,1,0.0,0.65509415
E3|Q9NWN3|Q8NDV7,E3|Q9NWN3,E3,Q9NWN3,Q8NDV7,FBXO34,TNRC6A,0,1,0.0,0.6563323
E3|Q9NZS9|Q5MJ70,E3|Q9NZS9,E3,Q9NZS9,Q5MJ70,BFAR,SPDYA,0,1,0.0,0.6562636
E3|Q9NZS9|O75113,E3|Q9NZS9,E3,Q9NZS9,O75113,BFAR,N4BP1,0,1,0.0,0.6564448
E3|Q9NZS9|Q9BSI4,E3|Q9NZS9,E3,Q9NZS9,Q9BSI4,BFAR,TINF2,0,1,0.0,0.65592766
E3|Q9NZS9|Q96KK5,E3|Q9NZS9,E3,Q9NZS9,Q96KK5,BFAR,H2AC12,0,1,0.0,0.6553052
E3|Q9P2G9|O00429,E3|Q9P2G9,E3,Q9P2G9,O00429,KLHL8,DNM1L,0,1,0.0,0.6543125
E3|Q9P2G9|P28715,E3|Q9P2G9,E3,Q9P2G9,P28715,KLHL8,ERCC5,0,1,0.0,0.6567351
E3|Q9UJP4|Q96QD8,E3|Q9UJP4,E3,Q9UJP4,Q96QD8,KLHL21,SLC38A2,0,1,0.0,0.6534882
E3|Q9UJT9|P01903,E3|Q9UJT9,E3,Q9UJT9,P01903,FBXL7,HLA-DRA,0,1,0.0,0.6535579
E3|Q9UJT9|O75473,E3|Q9UJT9,E3,Q9UJT9,O75473,FBXL7,LGR5,0,1,0.0,0.6535024
E3|Q9UJT9|Q9UM47,E3|Q9UJT9,E3,Q9UJT9,Q9UM47,FBXL7,NOTCH3,0,1,0.0,0.65339774
E3|Q9UKA1|P06576,E3|Q9UKA1,E3,Q9UKA1,P06576,FBXL5,ATP5F1B,0,1,0.0,0.65585345
E3|Q9UKA1|P08648,E3|Q9UKA1,E3,Q9UKA1,P08648,FBXL5,ITGA5,0,1,0.0,0.6540945
E3|Q9UKA1|P98155,E3|Q9UKA1,E3,Q9UKA1,P98155,FBXL5,VLDLR,0,1,0.0,0.6538631
E3|Q9UKA1|Q9GIY3,E3|Q9UKA1,E3,Q9UKA1,Q9GIY3,FBXL5,HLA-DRB1,0,1,0.0,0.65490067
E3|Q9UKA1|Q01151,E3|Q9UKA1,E3,Q9UKA1,Q01151,FBXL5,CD83,0,1,0.0,0.65483344
E3|Q9UKT5|Q71F56,E3|Q9UKT5,E3,Q9UKT5,Q71F56,FBXO4,MED13L,0,1,0.0,0.6563358
E3|Q9UKT5|O14543,E3|Q9UKT5,E3,Q9UKT5,O14543,FBXO4,SOCS3,0,1,0.0,0.6559376
E3|Q9UKT5|P49281,E3|Q9UKT5,E3,Q9UKT5,P49281,FBXO4,SLC11A2,0,1,0.0,0.654248
E3|Q9UKT5|P29475,E3|Q9UKT5,E3,Q9UKT5,P29475,FBXO4,NOS1,0,1,0.0,0.6536669
E3|Q9UKT8|P26038,E3|Q9UKT8,E3,Q9UKT8,P26038,FBXW2,MSN,0,1,0.0,0.65498096
E3|Q9UKT8|Q99816,E3|Q9UKT8,E3,Q9UKT8,Q99816,FBXW2,TSG101,0,1,0.0,0.656082
E3|Q9UKT8|O15511,E3|Q9UKT8,E3,Q9UKT8,O15511,FBXW2,ARPC5,0,1,0.0,0.65665835
E3|Q9UKT8|Q9Y4L5,E3|Q9UKT8,E3,Q9UKT8,Q9Y4L5,FBXW2,RNF115,0,1,0.0,0.65428734
E3|Q9UKT8|Q9NR61,E3|Q9UKT8,E3,Q9UKT8,Q9NR61,FBXW2,DLL4,0,1,0.0,0.6532558
E3|Q9UKT8|Q92985,E3|Q9UKT8,E3,Q9UKT8,Q92985,FBXW2,IRF7,0,1,0.0,0.6570278
E3|Q9UKT8|Q9NQR1,E3|Q9UKT8,E3,Q9UKT8,Q9NQR1,FBXW2,KMT5A,0,1,0.0,0.65698016
E3|Q9UKT8|P43694,E3|Q9UKT8,E3,Q9UKT8,P43694,FBXW2,GATA4,0,1,0.0,0.6562379
E3|Q9UNL4|A9UEZ6,E3|Q9UNL4,E3,Q9UNL4,A9UEZ6,ING4,BCR/ABL fusion,0,1,0.0,0.6555993
E3|Q9Y297|Q13571,E3|Q9Y297,E3,Q9Y297,Q13571,BTRC,LAPTM5,0,1,0.0,0.65520394
E3|Q9Y297|Q8IZP1,E3|Q9Y297,E3,Q9Y297,Q8IZP1,BTRC,TBC1D3,0,1,0.0,0.65425336
E3|Q9Y297|Q9Y3D6,E3|Q9Y297,E3,Q9Y297,Q9Y3D6,BTRC,FIS1,0,1,0.0,0.6561887
E3|Q9Y297|Q9Y5Y9,E3|Q9Y297,E3,Q9Y297,Q9Y5Y9,BTRC,SCN10A,0,1,0.0,0.6542698
E3|Q9Y297|P06576,E3|Q9Y297,E3,Q9Y297,P06576,BTRC,ATP5F1B,0,1,0.0,0.65614307
E3|Q9Y297|O75882,E3|Q9Y297,E3,Q9Y297,O75882,BTRC,ATRN,0,1,0.0,0.654225
E3|Q9Y297|Q15465,E3|Q9Y297,E3,Q9Y297,Q15465,BTRC,SHH,0,1,0.0,0.6545465
E3|Q9Y297|P79483,E3|Q9Y297,E3,Q9Y297,P79483,BTRC,HLA-DRB3,0,1,0.0,0.65455
E3|Q9Y297|O43490,E3|Q9Y297,E3,Q9Y297,O43490,BTRC,PROM1,0,1,0.0,0.65454143
E3|Q9Y297|O95140,E3|Q9Y297,E3,Q9Y297,O95140,BTRC,MFN2,0,1,0.0,0.6563311
E3|Q9Y297|P54098,E3|Q9Y297,E3,Q9Y297,P54098,BTRC,POLG,0,1,0.0,0.6561948
E3|Q9Y297|O60294,E3|Q9Y297,E3,Q9Y297,O60294,BTRC,LCMT2,0,1,0.0,0.6571423
E3|Q9Y297|Q14896,E3|Q9Y297,E3,Q9Y297,Q14896,BTRC,MYBPC3,0,1,0.0,0.6557842
E3|Q9Y297|Q7Z434,E3|Q9Y297,E3,Q9Y297,Q7Z434,BTRC,MAVS,0,1,0.0,0.656573
E3|Q9Y297|Q9NV92,E3|Q9Y297,E3,Q9Y297,Q9NV92,BTRC,NDFIP2,0,1,0.0,0.65509856
E3|Q9Y297|P08393,E3|Q9Y297,E3,Q9Y297,P08393,BTRC,ICP0,0,1,0.0,0.6563659
E3|Q9Y297|Q9HBA0,E3|Q9Y297,E3,Q9Y297,Q9HBA0,BTRC,TRPV4,0,1,0.0,0.65462977
E3|Q9Y297|Q16611,E3|Q9Y297,E3,Q9Y297,Q16611,BTRC,BAK1,0,1,0.0,0.65619755
E3|Q9Y297|P01023,E3|Q9Y297,E3,Q9Y297,P01023,BTRC,A2M,0,1,0.0,0.6549951
E3|Q9Y297|Q15386,E3|Q9Y297,E3,Q9Y297,Q15386,BTRC,UBE3C,0,1,0.0,0.6572814
E3|Q9Y297|Q9UQK1,E3|Q9Y297,E3,Q9Y297,Q9UQK1,BTRC,PPP1R3C,0,1,0.0,0.65702677
E3|Q9Y297|O76074,E3|Q9Y297,E3,Q9Y297,O76074,BTRC,PDE5A,0,1,0.0,0.6566127
E3|Q9Y297|O14543,E3|Q9Y297,E3,Q9Y297,O14543,BTRC,SOCS3,0,1,0.0,0.65666586
E3|Q9Y297|P62253,E3|Q9Y297,E3,Q9Y297,P62253,BTRC,UBE2G1,0,1,0.0,0.6569898
E3|Q9Y297|P01848,E3|Q9Y297,E3,Q9Y297,P01848,BTRC,TRAC,0,1,0.0,0.65423
E3|Q9Y297|P10586,E3|Q9Y297,E3,Q9Y297,P10586,BTRC,PTPRF,0,1,0.0,0.6561584
E3|Q9Y297|O60762,E3|Q9Y297,E3,Q9Y297,O60762,BTRC,DPM1,0,1,0.0,0.65593916
E3|Q9Y297|Q14324,E3|Q9Y297,E3,Q9Y297,Q14324,BTRC,MYBPC2,0,1,0.0,0.65683454
E3|Q9Y297|Q9H9R9,E3|Q9Y297,E3,Q9Y297,Q9H9R9,BTRC,DBNDD1,0,1,0.0,0.65645903
E3|Q9Y297|Q9UKV5,E3|Q9Y297,E3,Q9Y297,Q9UKV5,BTRC,AMFR,0,1,0.0,0.6557007
E3|Q9Y297|O60858,E3|Q9Y297,E3,Q9Y297,O60858,BTRC,TRIM13,0,1,0.0,0.6554906
E3|Q9Y297|O95147,E3|Q9Y297,E3,Q9Y297,O95147,BTRC,NEK2,0,1,0.0,0.656837
E3|Q9Y297|P25116,E3|Q9Y297,E3,Q9Y297,P25116,BTRC,F2R,0,1,0.0,0.65425426
E3|Q9Y297|P29034,E3|Q9Y297,E3,Q9Y297,P29034,BTRC,S100A2,0,1,0.0,0.65679175
E3|Q9Y297|P19429,E3|Q9Y297,E3,Q9Y297,P19429,BTRC,TNNI3,0,1,0.0,0.6571218
E3|Q9Y297|O95994,E3|Q9Y297,E3,Q9Y297,O95994,BTRC,AGR2,0,1,0.0,0.65574986
E3|Q9Y297|Q99538,E3|Q9Y297,E3,Q9Y297,Q99538,BTRC,LGMN,0,1,0.0,0.6550588
E3|Q9Y297|P04085,E3|Q9Y297,E3,Q9Y297,P04085,BTRC,PDGFA,0,1,0.0,0.6541764
E3|Q9Y297|Q13794,E3|Q9Y297,E3,Q9Y297,Q13794,BTRC,PMAIP1,0,1,0.0,0.6562842
E3|Q9Y297|Q9BV40,E3|Q9Y297,E3,Q9Y297,Q9BV40,BTRC,VAMP8,0,1,0.0,0.6545575
E3|Q9Y297|P03345,E3|Q9Y297,E3,Q9Y297,P03345,BTRC,gag,0,1,0.0,0.6566967
E3|Q9Y297|Q8NHL6,E3|Q9Y297,E3,Q9Y297,Q8NHL6,BTRC,LILRB1,0,1,0.0,0.65419173
E3|Q9Y297|Q9HB29,E3|Q9Y297,E3,Q9Y297,Q9HB29,BTRC,IL1RL2,0,1,0.0,0.65647244
E3|Q9Y297|Q92813,E3|Q9Y297,E3,Q9Y297,Q92813,BTRC,DIO2,0,1,0.0,0.6552459
E3|Q9Y297|Q03135,E3|Q9Y297,E3,Q9Y297,Q03135,BTRC,CAV1,0,1,0.0,0.65487707
E3|Q9Y297|Q9BYM8,E3|Q9Y297,E3,Q9Y297,Q9BYM8,BTRC,RBCK1,0,1,0.0,0.6571828
E3|Q9Y297|Q9UNE0,E3|Q9Y297,E3,Q9Y297,Q9UNE0,BTRC,EDAR,0,1,0.0,0.6557229
E3|Q9Y297|O75473,E3|Q9Y297,E3,Q9Y297,O75473,BTRC,LGR5,0,1,0.0,0.65448755
E3|Q9Y297|Q9UKL4,E3|Q9Y297,E3,Q9Y297,Q9UKL4,BTRC,GJD2,0,1,0.0,0.65441835
E3|Q9Y297|Q12913,E3|Q9Y297,E3,Q9Y297,Q12913,BTRC,PTPRJ,0,1,0.0,0.6544014
E3|Q9Y297|P05777,E3|Q9Y297,E3,Q9Y297,P05777,BTRC,M,0,1,0.0,0.65651464
E3|Q9Y314|Q13233,E3|Q9Y314,E3,Q9Y314,Q13233,NOSIP,MAP3K1,0,1,0.0,0.65718055
E3|Q9Y314|Q9HBA0,E3|Q9Y314,E3,Q9Y314,Q9HBA0,NOSIP,TRPV4,0,1,0.0,0.6538256
E3|Q9Y3I1|Q04912,E3|Q9Y3I1,E3,Q9Y3I1,Q04912,FBXO7,MST1R,0,1,0.0,0.6567246
E3|Q9Y4B6|P29475,E3|Q9Y4B6,E3,Q9Y4B6,P29475,DCAF1,NOS1,0,1,0.0,0.6543093
E3|Q9Y4B6|P05026,E3|Q9Y4B6,E3,Q9Y4B6,P05026,DCAF1,ATP1B1,0,1,0.0,0.65446144
E3|Q9Y4B6|Q92851,E3|Q9Y4B6,E3,Q9Y4B6,Q92851,DCAF1,CASP10,0,1,0.0,0.65598774
E3|Q9Y4B6|Q9NZ45,E3|Q9Y4B6,E3,Q9Y4B6,Q9NZ45,DCAF1,CISD1,0,1,0.0,0.6557167
E3|Q9Y4B6|Q7Z2W7,E3|Q9Y4B6,E3,Q9Y4B6,Q7Z2W7,DCAF1,TRPM8,0,1,0.0,0.6544718
E3|Q9Y4B6|O76074,E3|Q9Y4B6,E3,Q9Y4B6,O76074,DCAF1,PDE5A,0,1,0.0,0.6559083
E3|Q9Y4B6|P03129,E3|Q9Y4B6,E3,Q9Y4B6,P03129,DCAF1,E7,0,1,0.0,0.6562491
E3|Q9Y4X5|Q15836,E3|Q9Y4X5,E3,Q9Y4X5,Q15836,ARIH1,VAMP3,0,1,0.0,0.653718
E3|Q9Y4X5|P46109,E3|Q9Y4X5,E3,Q9Y4X5,P46109,ARIH1,CRKL,0,1,0.0,0.65562284
DUB|O00487|Q96P20,DUB|O00487,DUB,O00487,Q96P20,PSMD14,NLRP3,0,1,0.0,0.65558046
DUB|O00487|O15287,DUB|O00487,DUB,O00487,O15287,PSMD14,FANCG,0,1,0.0,0.6569735
DUB|O00487|P43246,DUB|O00487,DUB,O00487,P43246,PSMD14,MSH2,0,1,0.0,0.65706897
DUB|O00487|Q14694,DUB|O00487,DUB,O00487,Q14694,PSMD14,USP10,0,1,0.0,0.6559496
DUB|O00487|O43395,DUB|O00487,DUB,O00487,O43395,PSMD14,PRPF3,0,1,0.0,0.6567888
DUB|O00487|P05412,DUB|O00487,DUB,O00487,P05412,PSMD14,JUN,0,1,0.0,0.6567422
DUB|O00487|O14497,DUB|O00487,DUB,O00487,O14497,PSMD14,ARID1A,0,1,0.0,0.65560853
DUB|O00487|Q9NZN5,DUB|O00487,DUB,O00487,Q9NZN5,PSMD14,ARHGEF12,0,1,0.0,0.65571994
DUB|O00487|O15111,DUB|O00487,DUB,O00487,O15111,PSMD14,CHUK,0,1,0.0,0.6570034
DUB|O00487|O95786,DUB|O00487,DUB,O00487,O95786,PSMD14,DDX58,0,1,0.0,0.65677625
DUB|O00487|P60484,DUB|O00487,DUB,O00487,P60484,PSMD14,PTEN,0,1,0.0,0.6560445
DUB|P35125|P27694,DUB|P35125,DUB,P35125,P27694,USP6,RPA1,0,1,0.0,0.65589947
DUB|P35125|O43684,DUB|P35125,DUB,P35125,O43684,USP6,BUB3,0,1,0.0,0.6555493
DUB|P54578|Q05516,DUB|P54578,DUB,P54578,Q05516,USP14,ZBTB16,0,1,0.0,0.65604883
DUB|P54578|Q9HA47,DUB|P54578,DUB,P54578,Q9HA47,USP14,UCK1,0,1,0.0,0.6556251
DUB|P54578|P04908,DUB|P54578,DUB,P54578,P04908,USP14,HIST1H2AE,0,1,0.0,0.65568274
DUB|P54578|Q9ULT8,DUB|P54578,DUB,P54578,Q9ULT8,USP14,HECTD1,0,1,0.0,0.65585434
DUB|P54578|P23759,DUB|P54578,DUB,P54578,P23759,USP14,PAX7,0,1,0.0,0.65378284
DUB|P54578|Q92828,DUB|P54578,DUB,P54578,Q92828,USP14,CORO2A,0,1,0.0,0.656095
DUB|P54578|A0A291NLA3,DUB|P54578,DUB,P54578,A0A291NLA3,USP14,SIGIRR,0,1,0.0,0.65673524
DUB|P54578|Q8WYQ5,DUB|P54578,DUB,P54578,Q8WYQ5,USP14,DGCR8,0,1,0.0,0.6554948
DUB|Q4G0A6|P15407,DUB|Q4G0A6,DUB,Q4G0A6,P15407,MINDY4,FOSL1,0,1,0.0,0.6549284
DUB|Q4G0A6|P06239,DUB|Q4G0A6,DUB,Q4G0A6,P06239,MINDY4,LCK,0,1,0.0,0.65219295
DUB|Q70EK9|Q99683,DUB|Q70EK9,DUB,Q70EK9,Q99683,USP51,MAP3K5,0,1,0.0,0.6545977
DUB|Q70EK9|Q9NR09,DUB|Q70EK9,DUB,Q70EK9,Q9NR09,USP51,BIRC6,0,1,0.0,0.65543723
DUB|Q70EK9|Q16828,DUB|Q70EK9,DUB,Q70EK9,Q16828,USP51,DUSP6,0,1,0.0,0.65669185
DUB|Q70EK9|Q96JA1,DUB|Q70EK9,DUB,Q70EK9,Q96JA1,USP51,LRIG1,0,1,0.0,0.6532566
DUB|Q8N5J2|O14737,DUB|Q8N5J2,DUB,Q8N5J2,O14737,MINDY1,PDCD5,0,1,0.0,0.6536083
DUB|Q8N5J2|P23759,DUB|Q8N5J2,DUB,Q8N5J2,P23759,MINDY1,PAX7,0,1,0.0,0.65543884
DUB|Q8NB14|Q96JA1,DUB|Q8NB14,DUB,Q8NB14,Q96JA1,USP38,LRIG1,0,1,0.0,0.6532282
DUB|Q96DX7|Q9H6R0,DUB|Q96DX7,DUB,Q96DX7,Q9H6R0,TRIM44,DHX33,0,1,0.0,0.6561776
DUB|Q96DX7|O43623,DUB|Q96DX7,DUB,Q96DX7,O43623,TRIM44,SNAI2,0,1,0.0,0.6563944
DUB|Q96DX7|Q92633,DUB|Q96DX7,DUB,Q96DX7,Q92633,TRIM44,LPAR1,0,1,0.0,0.6546233
DUB|Q96DX7|P25054,DUB|Q96DX7,DUB,Q96DX7,P25054,TRIM44,APC,0,1,0.0,0.6562524
DUB|Q96F44|P05231,DUB|Q96F44,DUB,Q96F44,P05231,TRIM11,IL6,0,1,0.0,0.65486085
DUB|Q96K76|Q8NAP3,DUB|Q96K76,DUB,Q96K76,Q8NAP3,USP47,ZBTB38,0,1,0.0,0.6567218
DUB|Q96K76|P04179,DUB|Q96K76,DUB,Q96K76,P04179,USP47,SOD2,0,1,0.0,0.6553873
DUB|Q96K76|P37023,DUB|Q96K76,DUB,Q96K76,P37023,USP47,ACVRL1,0,1,0.0,0.6529772
DUB|Q96K76|P23759,DUB|Q96K76,DUB,Q96K76,P23759,USP47,PAX7,0,1,0.0,0.6543619
DUB|Q9P2H5|Q9Y256,DUB|Q9P2H5,DUB,Q9P2H5,Q9Y256,USP35,RCE1,0,1,0.0,0.6555498
DUB|Q9P2H5|P12004,DUB|Q9P2H5,DUB,Q9P2H5,P12004,USP35,PCNA,0,1,0.0,0.6561973
DUB|Q9P2H5|Q8WYQ5,DUB|Q9P2H5,DUB,Q9P2H5,Q8WYQ5,USP35,DGCR8,0,1,0.0,0.6558446
DUB|Q9UGI0|P55085,DUB|Q9UGI0,DUB,Q9UGI0,P55085,ZRANB1,F2RL1,0,1,0.0,0.65335876
DUB|Q9UK80|O15554,DUB|Q9UK80,DUB,Q9UK80,O15554,USP21,KCNN4,0,1,0.0,0.65335405
DUB|Q9UK80|O14737,DUB|Q9UK80,DUB,Q9UK80,O14737,USP21,PDCD5,0,1,0.0,0.65702236
DUB|Q9UK80|Q8IVP5,DUB|Q9UK80,DUB,Q9UK80,Q8IVP5,USP21,FUNDC1,0,1,0.0,0.6554955
DUB|Q9UK80|A0A291NLA3,DUB|Q9UK80,DUB,Q9UK80,A0A291NLA3,USP21,SIGIRR,0,1,0.0,0.65645075
DUB|Q9Y4E8|Q16625,DUB|Q9Y4E8,DUB,Q9Y4E8,Q16625,USP15,OCLN,0,1,0.0,0.6545021
DUB|Q9Y4E8|Q9UKV5,DUB|Q9Y4E8,DUB,Q9Y4E8,Q9UKV5,USP15,AMFR,0,1,0.0,0.6556601
DUB|Q9Y4E8|P01130,DUB|Q9Y4E8,DUB,Q9Y4E8,P01130,USP15,LDLR,0,1,0.0,0.6544784
DUB|Q9Y4E8|O75365,DUB|Q9Y4E8,DUB,Q9Y4E8,O75365,USP15,PTP4A3,0,1,0.0,0.65451217
E3|O00623|P50542,E3|O00623,E3,O00623,P50542,PEX12,PEX5,1,2,1.0,0.632351
E3|O14544|P10721,E3|O14544,E3,O14544,P10721,SOCS6,KIT,1,2,1.0,0.629766
E3|O43663|P04908,E3|O43663,E3,O43663,P04908,PRC1,H2AC4,1,2,1.0,0.633262
E3|O43663|P0C0S5,E3|O43663,E3,O43663,P0C0S5,PRC1,H2AZ1,1,2,1.0,0.6327616
E3|O43663|P16104,E3|O43663,E3,O43663,P16104,PRC1,H2AX,1,2,1.0,0.6333837
E3|O43663|Q6FI13,E3|O43663,E3,O43663,Q6FI13,PRC1,H2AC18,1,2,1.0,0.63277304
E3|O43663|Q96KK5,E3|O43663,E3,O43663,Q96KK5,PRC1,H2AC12,1,2,1.0,0.63284945
E3|O43663|Q96QV6,E3|O43663,E3,O43663,Q96QV6,PRC1,H2AC1,1,2,1.0,0.6322681
E3|O43663|Q99496,E3|O43663,E3,O43663,Q99496,PRC1,RNF2,1,2,1.0,0.6334836
E3|O60784|Q15742,E3|O60784,E3,O60784,Q15742,TOM1,NAB2,1,2,1.0,0.6311878
E3|O60784|Q99741,E3|O60784,E3,O60784,Q99741,TOM1,CDC6,1,2,1.0,0.6308386
E3|O60907|P35222,E3|O60907,E3,O60907,P35222,TBL1X,CTNNB1,1,2,1.0,0.6286478
E3|O76050|O76083,E3|O76050,E3,O76050,O76083,NEURL1,PDE9A,1,2,1.0,0.6327633
E3|O94844|O76074,E3|O94844,E3,O94844,O76074,RHOBTB1,PDE5A,1,2,1.0,0.6327554
E3|O94952|P08183,E3|O94952,E3,O94952,P08183,FBXO21,ABCB1,1,2,1.0,0.62934303
E3|O94952|P24468,E3|O94952,E3,O94952,P24468,FBXO21,NR2F2,1,2,1.0,0.6332863
E3|O94952|Q9Y6B2,E3|O94952,E3,O94952,Q9Y6B2,FBXO21,EID1,1,2,1.0,0.6316778
E3|O95714|P23025,E3|O95714,E3,O95714,P23025,HERC2,XPA,1,2,1.0,0.6335014
E3|O95714|P38398,E3|O95714,E3,O95714,P38398,HERC2,BRCA1,1,2,1.0,0.6335112
E3|O95714|P63165,E3|O95714,E3,O95714,P63165,HERC2,SUMO1,1,2,1.0,0.6286878
E3|O95714|Q96JN8,E3|O95714,E3,O95714,Q96JN8,HERC2,NEURL4,1,2,1.0,0.63420224
E3|O95714|Q9Y2K6,E3|O95714,E3,O95714,Q9Y2K6,HERC2,USP20,1,2,1.0,0.6320664
E3|P0CI25|P54132,E3|P0CI25,E3,P0CI25,P54132,TRIM49,BLM,1,2,1.0,0.63213176
E3|P14373|O00750,E3|P14373,E3,P14373,O00750,TRIM27,PIK3C2B,1,2,1.0,0.6300584
E3|P14373|P38936,E3|P14373,E3,P14373,P38936,TRIM27,CDKN1A,1,2,1.0,0.63192976
E3|P14373|P60484,E3|P14373,E3,P14373,P60484,TRIM27,PTEN,1,2,1.0,0.6331055
E3|P14373|Q15561,E3|P14373,E3,P14373,Q15561,TRIM27,TEAD4,1,2,1.0,0.6316448
E3|P14373|Q9UHD2,E3|P14373,E3,P14373,Q9UHD2,TRIM27,TBK1,1,2,1.0,0.63276505
E3|P14373|Q9Y6X2,E3|P14373,E3,P14373,Q9Y6X2,TRIM27,PIAS3,1,2,1.0,0.63134223
E3|P29590|P68431,E3|P29590,E3,P29590,P68431,PML,H3C12,1,2,1.0,0.63191175
E3|P40337|O14503,E3|P40337,E3,P40337,O14503,VHL,BHLHE40,1,2,1.0,0.629135
E3|P40337|O14641,E3|P40337,E3,P40337,O14641,VHL,DVL2,1,2,1.0,0.63331944
E3|P40337|O14965,E3|P40337,E3,P40337,O14965,VHL,AURKA,1,2,1.0,0.6321618
E3|P40337|P02751,E3|P40337,E3,P40337,P02751,VHL,FN1,1,2,1.0,0.6322095
E3|P40337|P07550,E3|P40337,E3,P40337,P07550,VHL,ADRB2,1,2,1.0,0.6329154
E3|P40337|P10909,E3|P40337,E3,P40337,P10909,VHL,CLU,1,2,1.0,0.6326088
E3|P40337|P36897,E3|P40337,E3,P40337,P36897,VHL,TGFBR1,1,2,1.0,0.6326426
E3|P40337|P37231,E3|P40337,E3,P40337,P37231,VHL,PPARG,1,2,1.0,0.62934124
E3|P40337|P41743,E3|P40337,E3,P40337,P41743,VHL,PRKCI,1,2,1.0,0.6324695
E3|P40337|P48200,E3|P40337,E3,P40337,P48200,VHL,IREB2,1,2,1.0,0.63067013
E3|P40337|P62487,E3|P40337,E3,P40337,P62487,VHL,POLR2G,1,2,1.0,0.6305032
E3|P40337|Q13309,E3|P40337,E3,P40337,Q13309,VHL,SKP2,1,2,1.0,0.6306998
E3|P40337|Q14103,E3|P40337,E3,P40337,Q14103,VHL,HNRNPD,1,2,1.0,0.6297626
E3|P40337|Q16665,E3|P40337,E3,P40337,Q16665,VHL,HIF1A,1,2,1.0,0.63017505
E3|P40337|Q8N122,E3|P40337,E3,P40337,Q8N122,VHL,RPTOR,1,2,1.0,0.6320073
E3|P40337|Q8TEY7,E3|P40337,E3,P40337,Q8TEY7,VHL,USP33,1,2,1.0,0.6311445
E3|P40337|Q99814,E3|P40337,E3,P40337,Q99814,VHL,EPAS1,1,2,1.0,0.6293876
E3|P40337|Q9GZQ8,E3|P40337,E3,P40337,Q9GZQ8,VHL,MAP1LC3B,1,2,1.0,0.6310503
E3|P40337|Q9NWT6,E3|P40337,E3,P40337,Q9NWT6,VHL,HIF1AN,1,2,1.0,0.6306048
E3|P40337|Q9Y2K6,E3|P40337,E3,P40337,Q9Y2K6,VHL,USP20,1,2,1.0,0.6313792
E3|P40337|Q9Y2N7,E3|P40337,E3,P40337,Q9Y2N7,VHL,HIF3A,1,2,1.0,0.6315376
E3|P49427|P10244,E3|P49427,E3,P49427,P10244,CDC34,MYBL2,1,2,1.0,0.6320784
E3|P49427|P25963,E3|P49427,E3,P49427,P25963,CDC34,NFKBIA,1,2,1.0,0.63347507
E3|P49427|P35222,E3|P49427,E3,P49427,P35222,CDC34,CTNNB1,1,2,1.0,0.6318413
E3|P49427|P46527,E3|P49427,E3,P49427,P46527,CDC34,CDKN1B,1,2,1.0,0.6318919
E3|P49427|Q03060,E3|P49427,E3,P49427,Q03060,CDC34,CREM,1,2,1.0,0.6325151
E3|P49427|Q9Y297,E3|P49427,E3,P49427,Q9Y297,CDC34,BTRC,1,2,1.0,0.6318174
E3|P63244|Q16665,E3|P63244,E3,P63244,Q16665,RACK1,HIF1A,1,2,1.0,0.6289401
E3|P63244|Q9P126,E3|P63244,E3,P63244,Q9P126,RACK1,CLEC1B,1,2,1.0,0.6296954
E3|P78317|P08047,E3|P78317,E3,P78317,P08047,RNF4,SP1,1,2,1.0,0.6328198
E3|P78317|P09874,E3|P78317,E3,P78317,P09874,RNF4,PARP1,1,2,1.0,0.63293433
E3|P78317|P29590,E3|P78317,E3,P78317,P29590,RNF4,PML,1,2,1.0,0.63233006
E3|P78317|P43268,E3|P78317,E3,P78317,P43268,RNF4,ETV4,1,2,1.0,0.63146204
E3|P78317|P54253,E3|P78317,E3,P78317,P54253,RNF4,ATXN1,1,2,1.0,0.6322669
E3|P78317|P61956,E3|P78317,E3,P78317,P61956,RNF4,SUMO2,1,2,1.0,0.63280475
E3|P78317|P78317,E3|P78317,E3,P78317,P78317,RNF4,RNF4,1,2,1.0,0.6340871
E3|P78317|Q6NUN9,E3|P78317,E3,P78317,Q6NUN9,RNF4,ZNF746,1,2,1.0,0.6330888
E3|P78317|Q8N907,E3|P78317,E3,P78317,Q8N907,RNF4,DAND5,1,2,1.0,0.63029605
E3|P78317|Q92674,E3|P78317,E3,P78317,Q92674,RNF4,CENPI,1,2,1.0,0.6323623
E3|P78317|Q99708,E3|P78317,E3,P78317,Q99708,RNF4,RBBP8,1,2,1.0,0.6325449
E3|P78317|Q99814,E3|P78317,E3,P78317,Q99814,RNF4,EPAS1,1,2,1.0,0.6328165
E3|Q09472|P04637,E3|Q09472,E3,Q09472,P04637,EP300,TP53,1,2,1.0,0.6321364
E3|Q09472|Q01094,E3|Q09472,E3,Q09472,Q01094,EP300,E2F1,1,2,1.0,0.63409597
E3|Q13049|P01106,E3|Q13049,E3,Q13049,P01106,TRIM32,MYC,1,2,1.0,0.63081306
E3|Q13049|P04198,E3|Q13049,E3,Q13049,P04198,TRIM32,MYCN,1,2,1.0,0.6302297
E3|Q13049|P17661,E3|Q13049,E3,Q13049,P17661,TRIM32,DES,1,2,1.0,0.6306248
E3|Q13049|P68133,E3|Q13049,E3,Q13049,P68133,TRIM32,ACTA1,1,2,1.0,0.6312418
E3|Q13049|P98170,E3|Q13049,E3,Q13049,P98170,TRIM32,XIAP,1,2,1.0,0.631857
E3|Q13049|Q05513,E3|Q13049,E3,Q13049,Q05513,TRIM32,PRKCZ,1,2,1.0,0.6326392
E3|Q13049|Q12933,E3|Q13049,E3,Q13049,Q12933,TRIM32,TRAF2,1,2,1.0,0.63205564
E3|Q13049|Q13049,E3|Q13049,E3,Q13049,Q13049,TRIM32,TRIM32,1,2,1.0,0.63340324
E3|Q13049|Q13501,E3|Q13049,E3,Q13049,Q13501,TRIM32,SQSTM1,1,2,1.0,0.6329957
E3|Q13049|Q86WV6,E3|Q13049,E3,Q13049,Q86WV6,TRIM32,STING1,1,2,1.0,0.63231915
E3|Q13049|Q8N2W9,E3|Q13049,E3,Q13049,Q8N2W9,TRIM32,PIAS4,1,2,1.0,0.6303348
E3|Q13049|Q96BN8,E3|Q13049,E3,Q13049,Q96BN8,TRIM32,OTULIN,1,2,1.0,0.6321502
E3|Q13049|Q96EV8,E3|Q13049,E3,Q13049,Q96EV8,TRIM32,DTNBP1,1,2,1.0,0.631424
E3|Q13049|Q9BXC9,E3|Q13049,E3,Q13049,Q9BXC9,TRIM32,BBS2,1,2,1.0,0.631051
E3|Q13049|Q9H9R9,E3|Q13049,E3,Q13049,Q9H9R9,TRIM32,DBNDD1,1,2,1.0,0.631945
E3|Q13049|Q9NYB9,E3|Q13049,E3,Q13049,Q9NYB9,TRIM32,ABI2,1,2,1.0,0.63158983
E3|Q13049|Q9UHD2,E3|Q13049,E3,Q13049,Q9UHD2,TRIM32,TBK1,1,2,1.0,0.6318652
E3|Q13049|Q9Y6X2,E3|Q13049,E3,Q13049,Q9Y6X2,TRIM32,PIAS3,1,2,1.0,0.6304616
E3|Q13191|O00459,E3|Q13191,E3,Q13191,O00459,CBLB,PIK3R2,1,2,1.0,0.63328856
E3|Q13191|P00533,E3|Q13191,E3,Q13191,P00533,CBLB,EGFR,1,2,1.0,0.6322964
E3|Q13191|P12931,E3|Q13191,E3,Q13191,P12931,CBLB,SRC,1,2,1.0,0.6331137
E3|Q13191|P16234,E3|Q13191,E3,Q13191,P16234,CBLB,PDGFRA,1,2,1.0,0.6315003
E3|Q13191|P19174,E3|Q13191,E3,Q13191,P19174,CBLB,PLCG1,1,2,1.0,0.6332147
E3|Q13191|P20963,E3|Q13191,E3,Q13191,P20963,CBLB,CD247,1,2,1.0,0.63089657
E3|Q13191|P27986,E3|Q13191,E3,Q13191,P27986,CBLB,PIK3R1,1,2,1.0,0.6332126
E3|Q13191|P35568,E3|Q13191,E3,Q13191,P35568,CBLB,IRS1,1,2,1.0,0.6329161
E3|Q13191|P43405,E3|Q13191,E3,Q13191,P43405,CBLB,SYK,1,2,1.0,0.6313531
E3|Q13191|Q13191,E3|Q13191,E3,Q13191,Q13191,CBLB,CBLB,1,2,1.0,0.6338402
E3|Q13191|Q96B97,E3|Q13191,E3,Q13191,Q96B97,CBLB,SH3KBP1,1,2,1.0,0.63222706
E3|Q13191|Q96P20,E3|Q13191,E3,Q13191,Q96P20,CBLB,NLRP3,1,2,1.0,0.632607
E3|Q13191|Q9I788,E3|Q13191,E3,Q13191,Q9I788,CBLB,exoT,1,2,1.0,0.6321598
E3|Q13216|P0DP91,E3|Q13216,E3,Q13216,P0DP91,ERCC8,ERCC6,1,2,1.0,0.6328565
E3|Q13216|Q03468,E3|Q13216,E3,Q13216,Q03468,ERCC8,ERCC6,1,2,1.0,0.6317135
E3|Q13309|A9UEZ6,E3|Q13309,E3,Q13309,A9UEZ6,SKP2,BCR/ABL fusion,1,2,1.0,0.63242644
E3|Q13309|O00221,E3|Q13309,E3,Q13309,O00221,SKP2,NFKBIE,1,2,1.0,0.63338405
E3|Q13309|O00233,E3|Q13309,E3,Q13309,O00233,SKP2,PSMD9,1,2,1.0,0.63280433
E3|Q13309|O00399,E3|Q13309,E3,Q13309,O00399,SKP2,DCTN6,1,2,1.0,0.6329811
E3|Q13309|O15553,E3|Q13309,E3,Q13309,O15553,SKP2,MEFV,1,2,1.0,0.63312966
E3|Q13309|O43524,E3|Q13309,E3,Q13309,O43524,SKP2,FOXO3,1,2,1.0,0.632466
E3|Q13309|O60934,E3|Q13309,E3,Q13309,O60934,SKP2,NBN,1,2,1.0,0.6327353
E3|Q13309|P01106,E3|Q13309,E3,Q13309,P01106,SKP2,MYC,1,2,1.0,0.6330456
E3|Q13309|P03129,E3|Q13309,E3,Q13309,P03129,SKP2,E7,1,2,1.0,0.63245064
E3|Q13309|P03372,E3|Q13309,E3,Q13309,P03372,SKP2,ESR1,1,2,1.0,0.6315235
E3|Q13309|P04637,E3|Q13309,E3,Q13309,P04637,SKP2,TP53,1,2,1.0,0.6332909
E3|Q13309|P05362,E3|Q13309,E3,Q13309,P05362,SKP2,ICAM1,1,2,1.0,0.63319516
E3|Q13309|P06400,E3|Q13309,E3,Q13309,P06400,SKP2,RB1,1,2,1.0,0.6322918
E3|Q13309|P06790,E3|Q13309,E3,Q13309,P06790,SKP2,E2,1,2,1.0,0.631161
E3|Q13309|P10244,E3|Q13309,E3,Q13309,P10244,SKP2,MYBL2,1,2,1.0,0.63199073
E3|Q13309|P12830,E3|Q13309,E3,Q13309,P12830,SKP2,CDH1,1,2,1.0,0.63101786
E3|Q13309|P15923,E3|Q13309,E3,Q13309,P15923,SKP2,TCF3,1,2,1.0,0.6316596
E3|Q13309|P17542,E3|Q13309,E3,Q13309,P17542,SKP2,TAL1,1,2,1.0,0.63169134
E3|Q13309|P20248,E3|Q13309,E3,Q13309,P20248,SKP2,CCNA2,1,2,1.0,0.6327197
E3|Q13309|P24385,E3|Q13309,E3,Q13309,P24385,SKP2,CCND1,1,2,1.0,0.6330357
E3|Q13309|P24864,E3|Q13309,E3,Q13309,P24864,SKP2,CCNE1,1,2,1.0,0.63296515
E3|Q13309|P25963,E3|Q13309,E3,Q13309,P25963,SKP2,NFKBIA,1,2,1.0,0.6336131
E3|Q13309|P28562,E3|Q13309,E3,Q13309,P28562,SKP2,DUSP1,1,2,1.0,0.6335025
E3|Q13309|P31749,E3|Q13309,E3,Q13309,P31749,SKP2,AKT1,1,2,1.0,0.6305134
E3|Q13309|P31751,E3|Q13309,E3,Q13309,P31751,SKP2,AKT2,1,2,1.0,0.6290164
E3|Q13309|P35222,E3|Q13309,E3,Q13309,P35222,SKP2,CTNNB1,1,2,1.0,0.63198686
E3|Q13309|P35232,E3|Q13309,E3,Q13309,P35232,SKP2,PHB,1,2,1.0,0.6306613
E3|Q13309|P36639,E3|Q13309,E3,Q13309,P36639,SKP2,NUDT1,1,2,1.0,0.6315917
E3|Q13309|P38398,E3|Q13309,E3,Q13309,P38398,SKP2,BRCA1,1,2,1.0,0.63304096
E3|Q13309|P38936,E3|Q13309,E3,Q13309,P38936,SKP2,CDKN1A,1,2,1.0,0.6332347
E3|Q13309|P46527,E3|Q13309,E3,Q13309,P46527,SKP2,CDKN1B,1,2,1.0,0.63193375
E3|Q13309|P46937,E3|Q13309,E3,Q13309,P46937,SKP2,YAP1,1,2,1.0,0.63121843
E3|Q13309|P49336,E3|Q13309,E3,Q13309,P49336,SKP2,CDK8,1,2,1.0,0.63262933
E3|Q13309|P49715,E3|Q13309,E3,Q13309,P49715,SKP2,CEBPA,1,2,1.0,0.63216555
E3|Q13309|P49918,E3|Q13309,E3,Q13309,P49918,SKP2,CDKN1C,1,2,1.0,0.63247013
E3|Q13309|P50616,E3|Q13309,E3,Q13309,P50616,SKP2,TOB1,1,2,1.0,0.63293767
E3|Q13309|P50750,E3|Q13309,E3,Q13309,P50750,SKP2,CDK9,1,2,1.0,0.6329305
E3|Q13309|P51587,E3|Q13309,E3,Q13309,P51587,SKP2,BRCA2,1,2,1.0,0.6328076
E3|Q13309|P52333,E3|Q13309,E3,Q13309,P52333,SKP2,JAK3,1,2,1.0,0.6321845
E3|Q13309|P55895,E3|Q13309,E3,Q13309,P55895,SKP2,RAG2,1,2,1.0,0.6332874
E3|Q13309|P61587,E3|Q13309,E3,Q13309,P61587,SKP2,RND3,1,2,1.0,0.6305047
E3|Q13309|P78543,E3|Q13309,E3,Q13309,P78543,SKP2,BTG2,1,2,1.0,0.63333374
E3|Q13309|P98174,E3|Q13309,E3,Q13309,P98174,SKP2,FGD1,1,2,1.0,0.6329953
E3|Q13309|Q01094,E3|Q13309,E3,Q13309,Q01094,SKP2,E2F1,1,2,1.0,0.6324927
E3|Q13309|Q03164,E3|Q13309,E3,Q13309,Q03164,SKP2,KMT2A,1,2,1.0,0.6325625
E3|Q13309|Q08999,E3|Q13309,E3,Q13309,Q08999,SKP2,RBL2,1,2,1.0,0.632945
E3|Q13309|Q12778,E3|Q13309,E3,Q13309,Q12778,SKP2,FOXO1,1,2,1.0,0.63343954
E3|Q13309|Q13309,E3|Q13309,E3,Q13309,Q13309,SKP2,SKP2,1,2,1.0,0.6340695
E3|Q13309|Q13415,E3|Q13309,E3,Q13309,Q13415,SKP2,ORC1,1,2,1.0,0.6325842
E3|Q13309|Q13485,E3|Q13309,E3,Q13309,Q13485,SKP2,SMAD4,1,2,1.0,0.63292956
E3|Q13309|Q15672,E3|Q13309,E3,Q13309,Q15672,SKP2,TWIST1,1,2,1.0,0.6331036
E3|Q13309|Q15831,E3|Q13309,E3,Q13309,Q15831,SKP2,STK11,1,2,1.0,0.6323301
E3|Q13309|Q53EL6,E3|Q13309,E3,Q13309,Q53EL6,SKP2,PDCD4,1,2,1.0,0.63291734
E3|Q13309|Q5MJ70,E3|Q13309,E3,Q13309,Q5MJ70,SKP2,SPDYA,1,2,1.0,0.633029
E3|Q13309|Q6PGQ7,E3|Q13309,E3,Q13309,Q6PGQ7,SKP2,BORA,1,2,1.0,0.6331965
E3|Q13309|Q7L523,E3|Q13309,E3,Q13309,Q7L523,SKP2,RRAGA,1,2,1.0,0.6285545
E3|Q13309|Q86X55,E3|Q13309,E3,Q13309,Q86X55,SKP2,CARM1,1,2,1.0,0.63282126
E3|Q13309|Q8WWM9,E3|Q13309,E3,Q13309,Q8WWM9,SKP2,CYGB,1,2,1.0,0.6309981
E3|Q13309|Q96FS4,E3|Q13309,E3,Q13309,Q96FS4,SKP2,SIPA1,1,2,1.0,0.6332214
E3|Q13309|Q99607,E3|Q13309,E3,Q13309,Q99607,SKP2,ELF4,1,2,1.0,0.63159084
E3|Q13309|Q99801,E3|Q13309,E3,Q13309,Q99801,SKP2,NKX3-1,1,2,1.0,0.6322139
E3|Q13309|Q9BYF1,E3|Q13309,E3,Q13309,Q9BYF1,SKP2,ACE2,1,2,1.0,0.6296753
E3|Q13309|Q9H211,E3|Q13309,E3,Q13309,Q9H211,SKP2,CDT1,1,2,1.0,0.63247585
E3|Q13309|Q9HCS4,E3|Q13309,E3,Q13309,Q9HCS4,SKP2,TCF7L1,1,2,1.0,0.63275653
E3|Q13309|Q9NS23,E3|Q13309,E3,Q13309,Q9NS23,SKP2,RASSF1,1,2,1.0,0.6330991
E3|Q13309|Q9NTG7,E3|Q13309,E3,Q13309,Q9NTG7,SKP2,SIRT3,1,2,1.0,0.6316767
E3|Q13309|Q9NXR8,E3|Q13309,E3,Q13309,Q9NXR8,SKP2,ING3,1,2,1.0,0.6326498
E3|Q13309|Q9UMW8,E3|Q13309,E3,Q13309,Q9UMW8,SKP2,USP18,1,2,1.0,0.6328296
E3|Q13309|Q9Y297,E3|Q13309,E3,Q13309,Q9Y297,SKP2,BTRC,1,2,1.0,0.6322442
E3|Q13501|P00338,E3|Q13501,E3,Q13501,P00338,SQSTM1,LDHA,1,2,1.0,0.6317657
E3|Q14145|O14920,E3|Q14145,E3,Q14145,O14920,KEAP1,IKBKB,1,2,1.0,0.63347024
E3|Q14145|P25205,E3|Q14145,E3,Q14145,P25205,KEAP1,MCM3,1,2,1.0,0.632935
E3|Q14145|P48436,E3|Q14145,E3,Q14145,P48436,KEAP1,SOX9,1,2,1.0,0.6307701
E3|Q14145|Q13501,E3|Q14145,E3,Q14145,Q13501,KEAP1,SQSTM1,1,2,1.0,0.63170666
E3|Q14145|Q16236,E3|Q14145,E3,Q14145,Q16236,KEAP1,NFE2L2,1,2,1.0,0.6320924
E3|Q14145|Q86YC2,E3|Q14145,E3,Q14145,Q86YC2,KEAP1,PALB2,1,2,1.0,0.6318586
E3|Q14145|Q96HS1,E3|Q14145,E3,Q14145,Q96HS1,KEAP1,PGAM5,1,2,1.0,0.6326445
E3|Q14145|Q9GZT9,E3|Q14145,E3,Q14145,Q9GZT9,KEAP1,EGLN1,1,2,1.0,0.6332758
E3|Q149N8|P12004,E3|Q149N8,E3,Q149N8,P12004,SHPRH,PCNA,1,2,1.0,0.63268507
E3|Q5T447|P04049,E3|Q5T447,E3,Q5T447,P04049,HECTD3,RAF1,1,2,1.0,0.63166076
E3|Q5T447|P55211,E3|Q5T447,E3,Q5T447,P55211,HECTD3,CASP9,1,2,1.0,0.63324726
E3|Q5T447|Q14790,E3|Q5T447,E3,Q5T447,Q14790,HECTD3,CASP8,1,2,1.0,0.63310915
E3|Q5T447|Q9H2D6,E3|Q5T447,E3,Q5T447,Q9H2D6,HECTD3,TRIOBP,1,2,1.0,0.6325806
E3|Q5T447|Q9UDY8,E3|Q5T447,E3,Q5T447,Q9UDY8,HECTD3,MALT1,1,2,1.0,0.63356197
E3|Q5T447|Q9UNK0,E3|Q5T447,E3,Q5T447,Q9UNK0,HECTD3,STX8,1,2,1.0,0.6295025
E3|Q5T4S7|Q15678,E3|Q5T4S7,E3,Q5T4S7,Q15678,UBR4,PTPN14,1,2,1.0,0.63027674
E3|Q5T4S7|Q9NQA5,E3|Q5T4S7,E3,Q5T4S7,Q9NQA5,UBR4,TRPV5,1,2,1.0,0.6275877
E3|Q5XX13|P45973,E3|Q5XX13,E3,Q5XX13,P45973,FBXW10,CBX5,1,2,1.0,0.63288146
E3|Q63HN8|P00367,E3|Q63HN8,E3,Q63HN8,P00367,RNF213,GLUD1,1,2,1.0,0.63125455
E3|Q6PCD5|P04637,E3|Q6PCD5,E3,Q6PCD5,P04637,RFWD3,TP53,1,2,1.0,0.633167
E3|Q6PCD5|Q06609,E3|Q6PCD5,E3,Q6PCD5,Q06609,RFWD3,RAD51,1,2,1.0,0.6332994
E3|Q6PJ69|P07355,E3|Q6PJ69,E3,Q6PJ69,P07355,TRIM65,ANXA2,1,2,1.0,0.6307036
E3|Q6PJ69|P19320,E3|Q6PJ69,E3,Q6PJ69,P19320,TRIM65,VCAM1,1,2,1.0,0.63018954
E3|Q6PJ69|Q8NDV7,E3|Q6PJ69,E3,Q6PJ69,Q8NDV7,TRIM65,TNRC6A,1,2,1.0,0.63179314
E3|Q6PJ69|Q9NRY4,E3|Q6PJ69,E3,Q6PJ69,Q9NRY4,TRIM65,ARHGAP35,1,2,1.0,0.6320313
E3|Q6VVB1|B3EWF7,E3|Q6VVB1,E3,Q6VVB1,B3EWF7,NHLRC1,EPM2A,1,2,1.0,0.63005584
E3|Q6VVB1|O14641,E3|Q6VVB1,E3,Q6VVB1,O14641,NHLRC1,DVL2,1,2,1.0,0.6323597
E3|Q6VVB1|O95278,E3|Q6VVB1,E3,Q6VVB1,O95278,NHLRC1,EPM2A,1,2,1.0,0.63172793
E3|Q6VVB1|P35573,E3|Q6VVB1,E3,Q6VVB1,P35573,NHLRC1,AGL,1,2,1.0,0.6300926
E3|Q6VVB1|Q9UQK1,E3|Q6VVB1,E3,Q6VVB1,Q9UQK1,NHLRC1,PPP1R3C,1,2,1.0,0.63054127
E3|Q6ZW49|P12004,E3|Q6ZW49,E3,Q6ZW49,P12004,PAXIP1,PCNA,1,2,1.0,0.6319942
E3|Q7Z6J0|O14964,E3|Q7Z6J0,E3,Q7Z6J0,O14964,SH3RF1,HGS,1,2,1.0,0.63330746
E3|Q7Z6J0|P48048,E3|Q7Z6J0,E3,Q7Z6J0,P48048,SH3RF1,KCNJ1,1,2,1.0,0.6306013
E3|Q7Z6J0|P63252,E3|Q7Z6J0,E3,Q7Z6J0,P63252,SH3RF1,KCNJ2,1,2,1.0,0.6306722
E3|Q7Z6J0|Q15011,E3|Q7Z6J0,E3,Q7Z6J0,Q15011,SH3RF1,HERPUD1,1,2,1.0,0.63243186
E3|Q7Z6J0|Q7Z6J0,E3|Q7Z6J0,E3,Q7Z6J0,Q7Z6J0,SH3RF1,SH3RF1,1,2,1.0,0.6337151
E3|Q7Z6J0|Q8WUM4,E3|Q7Z6J0,E3,Q7Z6J0,Q8WUM4,SH3RF1,PDCD6IP,1,2,1.0,0.63271713
E3|Q7Z6J0|Q9UBP5,E3|Q7Z6J0,E3,Q7Z6J0,Q9UBP5,SH3RF1,HEY2,1,2,1.0,0.63105404
E3|Q86WC4|P08754,E3|Q86WC4,E3,Q86WC4,P08754,OSTM1,GNAI3,1,2,1.0,0.6327945
E3|Q86WT6|P04637,E3|Q86WT6,E3,Q86WT6,P04637,TRIM69,TP53,1,2,1.0,0.63308734
E3|Q86Y13|P04908,E3|Q86Y13,E3,Q86Y13,P04908,DZIP3,H2AC4,1,2,1.0,0.63380355
E3|Q86Y13|P54253,E3|Q86Y13,E3,Q86Y13,P54253,DZIP3,ATXN1,1,2,1.0,0.6341394
E3|Q86Y13|Q08AJ9,E3|Q86Y13,E3,Q86Y13,Q08AJ9,DZIP3,HIST1H2AB,1,2,1.0,0.6306217
E3|Q8N448|P49757,E3|Q8N448,E3,Q8N448,P49757,LNX2,NUMB,1,2,1.0,0.6299084
E3|Q8N448|Q9UKL4,E3|Q8N448,E3,Q8N448,Q9UKL4,LNX2,GJD2,1,2,1.0,0.6293169
E3|Q8NC42|P15056,E3|Q8NC42,E3,Q8NC42,P15056,RNF149,BRAF,1,2,1.0,0.6319837
E3|Q8NCQ5|P08183,E3|Q8NCQ5,E3,Q8NCQ5,P08183,FBXO15,ABCB1,1,2,1.0,0.63044065
E3|Q8NCQ5|Q9UJA2,E3|Q8NCQ5,E3,Q8NCQ5,Q9UJA2,FBXO15,CRLS1,1,2,1.0,0.6323015
E3|Q8ND25|P00533,E3|Q8ND25,E3,Q8ND25,P00533,ZNRF1,EGFR,1,2,1.0,0.6326987
E3|Q8ND25|P15104,E3|Q8ND25,E3,Q8ND25,P15104,ZNRF1,GLUL,1,2,1.0,0.6323589
E3|Q8ND25|P31749,E3|Q8ND25,E3,Q8ND25,P31749,ZNRF1,AKT1,1,2,1.0,0.63295126
E3|Q8ND25|Q03135,E3|Q8ND25,E3,Q8ND25,Q03135,ZNRF1,CAV1,1,2,1.0,0.632189
E3|Q8ND25|Q8ND25,E3|Q8ND25,E3,Q8ND25,Q8ND25,ZNRF1,ZNRF1,1,2,1.0,0.6335135
E3|Q8NEG5|Q8NEG5,E3|Q8NEG5,E3,Q8NEG5,Q8NEG5,ZSWIM2,ZSWIM2,1,2,1.0,0.6340485
E3|Q8NG27|P32519,E3|Q8NG27,E3,Q8NG27,P32519,PJA1,ELF1,1,2,1.0,0.6317981
E3|Q8NG27|P84022,E3|Q8NG27,E3,Q8NG27,P84022,PJA1,SMAD3,1,2,1.0,0.6334001
E3|Q8NG27|Q13148,E3|Q8NG27,E3,Q8NG27,Q13148,PJA1,TARDBP,1,2,1.0,0.6321783
E3|Q8NG27|Q15022,E3|Q8NG27,E3,Q8NG27,Q15022,PJA1,SUZ12,1,2,1.0,0.6328953
E3|Q8NG27|Q15910,E3|Q8NG27,E3,Q8NG27,Q15910,PJA1,EZH2,1,2,1.0,0.63344365
E3|Q8NG27|Q6PJQ5,E3|Q8NG27,E3,Q8NG27,Q6PJQ5,PJA1,FOXR2,1,2,1.0,0.6327818
E3|Q8NG27|Q9Y5V3,E3|Q8NG27,E3,Q8NG27,Q9Y5V3,PJA1,MAGED1,1,2,1.0,0.6287923
E3|Q8TEB7|O15511,E3|Q8TEB7,E3,Q8TEB7,O15511,RNF128,ARPC5,1,2,1.0,0.6318003
E3|Q8TEB7|P04637,E3|Q8TEB7,E3,Q8TEB7,P04637,RNF128,TP53,1,2,1.0,0.6323336
E3|Q8TEB7|P16070,E3|Q8TEB7,E3,Q8TEB7,P16070,RNF128,CD44,1,2,1.0,0.6323957
E3|Q8TEB7|P29965,E3|Q8TEB7,E3,Q8TEB7,P29965,RNF128,CD40LG,1,2,1.0,0.6322779
E3|Q8TEB7|P31146,E3|Q8TEB7,E3,Q8TEB7,P31146,RNF128,CORO1A,1,2,1.0,0.63244724
E3|Q8TEB7|P52565,E3|Q8TEB7,E3,Q8TEB7,P52565,RNF128,ARHGDIA,1,2,1.0,0.63225925
E3|Q8TEB7|P52566,E3|Q8TEB7,E3,Q8TEB7,P52566,RNF128,ARHGDIB,1,2,1.0,0.63210857
E3|Q8TEB7|Q01151,E3|Q8TEB7,E3,Q8TEB7,Q01151,RNF128,CD83,1,2,1.0,0.6314568
E3|Q8WXG1|P51617,E3|Q8WXG1,E3,Q8WXG1,P51617,RSAD2,IRAK1,1,2,1.0,0.63175213
E3|Q8WXH4|P04843,E3|Q8WXH4,E3,Q8WXH4,P04843,ASB11,RPN1,1,2,1.0,0.6325421
E3|Q8WXH4|Q13323,E3|Q8WXH4,E3,Q8WXH4,Q13323,ASB11,BIK,1,2,1.0,0.6317748
E3|Q969K3|P04637,E3|Q969K3,E3,Q969K3,P04637,RNF34,TP53,1,2,1.0,0.6297493
E3|Q969K3|Q13546,E3|Q969K3,E3,Q969K3,Q13546,RNF34,RIPK1,1,2,1.0,0.6330649
E3|Q969K3|Q14790,E3|Q969K3,E3,Q969K3,Q14790,RNF34,CASP8,1,2,1.0,0.630771
E3|Q969K3|Q92851,E3|Q969K3,E3,Q969K3,Q92851,RNF34,CASP10,1,2,1.0,0.6313316
E3|Q969K3|Q9UBK2,E3|Q969K3,E3,Q969K3,Q9UBK2,RNF34,PPARGC1A,1,2,1.0,0.62826276
E3|Q969K3|Q9Y239,E3|Q969K3,E3,Q969K3,Q9Y239,RNF34,NOD1,1,2,1.0,0.6332421
E3|Q96EX2|P26951,E3|Q96EX2,E3,Q96EX2,P26951,RNFT2,IL3RA,1,2,1.0,0.6277933
E3|Q96GF1|O14641,E3|Q96GF1,E3,Q96GF1,O14641,RNF185,DVL2,1,2,1.0,0.63186425
E3|Q96GF1|O75915,E3|Q96GF1,E3,Q96GF1,O75915,RNF185,ARL6IP5,1,2,1.0,0.6324111
E3|Q96GF1|P13569,E3|Q96GF1,E3,Q96GF1,P13569,RNF185,CFTR,1,2,1.0,0.6320203
E3|Q96GF1|Q12981,E3|Q96GF1,E3,Q96GF1,Q12981,RNF185,BNIP1,1,2,1.0,0.6330985
E3|Q96GF1|Q9BRJ7,E3|Q96GF1,E3,Q96GF1,Q9BRJ7,RNF185,NUDT16L1,1,2,1.0,0.63063943
E3|Q96J02|F5HEZ4,E3|Q96J02,E3,Q96J02,F5HEZ4,ITCH,ORF71,1,2,1.0,0.62967205
E3|Q96J02|O14641,E3|Q96J02,E3,Q96J02,O14641,ITCH,DVL2,1,2,1.0,0.6334184
E3|Q96J02|O14964,E3|Q96J02,E3,Q96J02,O14964,ITCH,HGS,1,2,1.0,0.6325516
E3|Q96J02|O15105,E3|Q96J02,E3,Q96J02,O15105,ITCH,SMAD7,1,2,1.0,0.63064826
E3|Q96J02|O15350,E3|Q96J02,E3,Q96J02,O15350,ITCH,TP73,1,2,1.0,0.62982297
E3|Q96J02|O15357,E3|Q96J02,E3,Q96J02,O15357,ITCH,INPPL1,1,2,1.0,0.63303703
E3|Q96J02|O15519,E3|Q96J02,E3,Q96J02,O15519,ITCH,CFLAR,1,2,1.0,0.6319233
E3|Q96J02|O43294,E3|Q96J02,E3,Q96J02,O43294,ITCH,TGFB1I1,1,2,1.0,0.63090354
E3|Q96J02|O43318,E3|Q96J02,E3,Q96J02,O43318,ITCH,MAP3K7,1,2,1.0,0.6332481
E3|Q96J02|O43353,E3|Q96J02,E3,Q96J02,O43353,ITCH,RIPK2,1,2,1.0,0.63248956
E3|Q96J02|O60240,E3|Q96J02,E3,Q96J02,O60240,ITCH,PLIN1,1,2,1.0,0.6323156
E3|Q96J02|O75581,E3|Q96J02,E3,Q96J02,O75581,ITCH,LRP6,1,2,1.0,0.6322685
E3|Q96J02|O95835,E3|Q96J02,E3,Q96J02,O95835,ITCH,LATS1,1,2,1.0,0.63039017
E3|Q96J02|O95999,E3|Q96J02,E3,Q96J02,O95999,ITCH,BCL10,1,2,1.0,0.6310643
E3|Q96J02|P00533,E3|Q96J02,E3,Q96J02,P00533,ITCH,EGFR,1,2,1.0,0.6333068
E3|Q96J02|P05412,E3|Q96J02,E3,Q96J02,P05412,ITCH,JUN,1,2,1.0,0.6296652
E3|Q96J02|P05777,E3|Q96J02,E3,Q96J02,P05777,ITCH,M,1,2,1.0,0.6305833
E3|Q96J02|P06241,E3|Q96J02,E3,Q96J02,P06241,ITCH,FYN,1,2,1.0,0.6323784
E3|Q96J02|P08151,E3|Q96J02,E3,Q96J02,P08151,ITCH,GLI1,1,2,1.0,0.63016254
E3|Q96J02|P15056,E3|Q96J02,E3,Q96J02,P15056,ITCH,BRAF,1,2,1.0,0.63250285
E3|Q96J02|P16403,E3|Q96J02,E3,Q96J02,P16403,ITCH,H1-2,1,2,1.0,0.6277924
E3|Q96J02|P17275,E3|Q96J02,E3,Q96J02,P17275,ITCH,JUNB,1,2,1.0,0.62908953
E3|Q96J02|P17844,E3|Q96J02,E3,Q96J02,P17844,ITCH,DDX5,1,2,1.0,0.6301315
E3|Q96J02|P19174,E3|Q96J02,E3,Q96J02,P19174,ITCH,PLCG1,1,2,1.0,0.63287836
E3|Q96J02|P20963,E3|Q96J02,E3,Q96J02,P20963,ITCH,CD247,1,2,1.0,0.63194126
E3|Q96J02|P21860,E3|Q96J02,E3,Q96J02,P21860,ITCH,ERBB3,1,2,1.0,0.6322841
E3|Q96J02|P22681,E3|Q96J02,E3,Q96J02,P22681,ITCH,CBL,1,2,1.0,0.633388
E3|Q96J02|P45985,E3|Q96J02,E3,Q96J02,P45985,ITCH,MAP2K4,1,2,1.0,0.6315652
E3|Q96J02|P46531,E3|Q96J02,E3,Q96J02,P46531,ITCH,NOTCH1,1,2,1.0,0.6332665
E3|Q96J02|P46937,E3|Q96J02,E3,Q96J02,P46937,ITCH,YAP1,1,2,1.0,0.6329218
E3|Q96J02|P55957,E3|Q96J02,E3,Q96J02,P55957,ITCH,BID,1,2,1.0,0.6316857
E3|Q96J02|P61073,E3|Q96J02,E3,Q96J02,P61073,ITCH,CXCR4,1,2,1.0,0.63269085
E3|Q96J02|Q01860,E3|Q96J02,E3,Q96J02,Q01860,ITCH,POU5F1,1,2,1.0,0.62959
E3|Q96J02|Q12778,E3|Q96J02,E3,Q96J02,Q12778,ITCH,FOXO1,1,2,1.0,0.6305842
E3|Q96J02|Q13118,E3|Q96J02,E3,Q96J02,Q13118,ITCH,KLF10,1,2,1.0,0.6294338
E3|Q96J02|Q13490,E3|Q96J02,E3,Q96J02,Q13490,ITCH,BIRC2,1,2,1.0,0.6317434
E3|Q96J02|Q13546,E3|Q96J02,E3,Q96J02,Q13546,ITCH,RIPK1,1,2,1.0,0.63283646
E3|Q96J02|Q13571,E3|Q96J02,E3,Q96J02,Q13571,ITCH,LAPTM5,1,2,1.0,0.6328166
E3|Q96J02|Q13635,E3|Q96J02,E3,Q96J02,Q13635,ITCH,PTCH1,1,2,1.0,0.6322399
E3|Q96J02|Q14511,E3|Q96J02,E3,Q96J02,Q14511,ITCH,NEDD9,1,2,1.0,0.6331169
E3|Q96J02|Q15303,E3|Q96J02,E3,Q96J02,Q15303,ITCH,ERBB4,1,2,1.0,0.6328874
E3|Q96J02|Q15583,E3|Q96J02,E3,Q96J02,Q15583,ITCH,TGIF1,1,2,1.0,0.62917835
E3|Q96J02|Q15750,E3|Q96J02,E3,Q96J02,Q15750,ITCH,TAB1,1,2,1.0,0.63253415
E3|Q96J02|Q15796,E3|Q96J02,E3,Q96J02,Q15796,ITCH,SMAD2,1,2,1.0,0.62983483
E3|Q96J02|Q15811,E3|Q96J02,E3,Q96J02,Q15811,ITCH,ITSN1,1,2,1.0,0.6330359
E3|Q96J02|Q16621,E3|Q96J02,E3,Q96J02,Q16621,ITCH,NFE2,1,2,1.0,0.63031304
E3|Q96J02|Q16625,E3|Q96J02,E3,Q96J02,Q16625,ITCH,OCLN,1,2,1.0,0.6324164
E3|Q96J02|Q16630,E3|Q96J02,E3,Q96J02,Q16630,ITCH,CPSF6,1,2,1.0,0.6301297
E3|Q96J02|Q16655,E3|Q96J02,E3,Q96J02,Q16655,ITCH,MLANA,1,2,1.0,0.6326598
E3|Q96J02|Q3T906,E3|Q96J02,E3,Q96J02,Q3T906,ITCH,GNPTAB,1,2,1.0,0.6328682
E3|Q96J02|Q4VCS5,E3|Q96J02,E3,Q96J02,Q4VCS5,ITCH,AMOT,1,2,1.0,0.6331411
E3|Q96J02|Q6PJG6,E3|Q96J02,E3,Q96J02,Q6PJG6,ITCH,BRAT1,1,2,1.0,0.631784
E3|Q96J02|Q7Z434,E3|Q96J02,E3,Q96J02,Q7Z434,ITCH,MAVS,1,2,1.0,0.63160247
E3|Q96J02|Q86Y01,E3|Q96J02,E3,Q96J02,Q86Y01,ITCH,DTX1,1,2,1.0,0.63130146
E3|Q96J02|Q8NEA6,E3|Q96J02,E3,Q96J02,Q8NEA6,ITCH,GLIS3,1,2,1.0,0.6315841
E3|Q96J02|Q8WWW0,E3|Q96J02,E3,Q96J02,Q8WWW0,ITCH,RASSF5,1,2,1.0,0.6303513
E3|Q96J02|Q96J02,E3|Q96J02,E3,Q96J02,Q96J02,ITCH,ITCH,1,2,1.0,0.6336521
E3|Q96J02|Q99541,E3|Q96J02,E3,Q96J02,Q99541,ITCH,PLIN2,1,2,1.0,0.6314771
E3|Q96J02|Q99962,E3|Q96J02,E3,Q96J02,Q99962,ITCH,SH3GL2,1,2,1.0,0.63298935
E3|Q96J02|Q9BTU6,E3|Q96J02,E3,Q96J02,Q9BTU6,ITCH,PI4K2A,1,2,1.0,0.63314587
E3|Q96J02|Q9H3D4,E3|Q96J02,E3,Q96J02,Q9H3D4,ITCH,TP63,1,2,1.0,0.6297508
E3|Q96J02|Q9H3M7,E3|Q96J02,E3,Q96J02,Q9H3M7,ITCH,TXNIP,1,2,1.0,0.63057345
E3|Q96J02|Q9HBA0,E3|Q96J02,E3,Q96J02,Q9HBA0,ITCH,TRPV4,1,2,1.0,0.63245326
E3|Q96J02|Q9UBN4,E3|Q96J02,E3,Q96J02,Q9UBN4,ITCH,TRPC4,1,2,1.0,0.6319208
E3|Q96J02|Q9UM47,E3|Q96J02,E3,Q96J02,Q9UM47,ITCH,NOTCH3,1,2,1.0,0.6320343
E3|Q96J02|Q9UMX1,E3|Q96J02,E3,Q96J02,Q9UMX1,ITCH,SUFU,1,2,1.0,0.6308446
E3|Q96J02|Q9Y371,E3|Q96J02,E3,Q96J02,Q9Y371,ITCH,SH3GLB1,1,2,1.0,0.6323611
E3|Q96J02|Q9Y5X1,E3|Q96J02,E3,Q96J02,Q9Y5X1,ITCH,SNX9,1,2,1.0,0.63303393
E3|Q96JY6|P42224,E3|Q96JY6,E3,Q96JY6,P42224,PDLIM2,STAT1,1,2,1.0,0.6325569
E3|Q96JY6|Q04206,E3|Q96JY6,E3,Q96JY6,Q04206,PDLIM2,RELA,1,2,1.0,0.6333508
E3|Q96LD4|P04637,E3|Q96LD4,E3,Q96LD4,P04637,TRIM47,TP53,1,2,1.0,0.63336194
E3|Q96LD4|Q12906,E3|Q96LD4,E3,Q96LD4,Q12906,TRIM47,ILF3,1,2,1.0,0.6329573
E3|Q96LD4|Q13485,E3|Q96LD4,E3,Q96LD4,Q13485,TRIM47,SMAD4,1,2,1.0,0.6327549
E3|Q9BR09|P35222,E3|Q9BR09,E3,Q9BR09,P35222,NEURL2,CTNNB1,1,2,1.0,0.6307864
E3|Q9BVG3|Q9BVG3,E3|Q9BVG3,E3,Q9BVG3,Q9BVG3,TRIM62,TRIM62,1,2,1.0,0.6347534
E3|Q9BVG3|Q9H257,E3|Q9BVG3,E3,Q9BVG3,Q9H257,TRIM62,CARD9,1,2,1.0,0.6320831
E3|Q9BXM7|P21796,E3|Q9BXM7,E3,Q9BXM7,P21796,PINK1,VDAC1,1,2,1.0,0.63061506
E3|Q9BY78|P09936,E3|Q9BY78,E3,Q9BY78,P09936,RNF26,TMEM173,1,2,1.0,0.63238055
E3|Q9BY78|Q13501,E3|Q9BY78,E3,Q9BY78,Q13501,RNF26,SQSTM1,1,2,1.0,0.63226426
E3|Q9BY78|Q14653,E3|Q9BY78,E3,Q9BY78,Q14653,RNF26,IRF3,1,2,1.0,0.6313561
E3|Q9BY78|Q86WV6,E3|Q9BY78,E3,Q9BY78,Q86WV6,RNF26,STING1,1,2,1.0,0.63267034
E3|Q9BZY9|O43318,E3|Q9BZY9,E3,Q9BZY9,O43318,TRIM31,MAP3K7,1,2,1.0,0.63017404
E3|Q9BZY9|Q96P20,E3|Q9BZY9,E3,Q9BZY9,Q96P20,TRIM31,NLRP3,1,2,1.0,0.63222075
E3|Q9BZY9|Q9BZY9,E3|Q9BZY9,E3,Q9BZY9,Q9BZY9,TRIM31,TRIM31,1,2,1.0,0.6336556
E3|Q9BZY9|Q9NQ88,E3|Q9BZY9,E3,Q9BZY9,Q9NQ88,TRIM31,TIGAR,1,2,1.0,0.6323649
E3|Q9C030|P78543,E3|Q9C030,E3,Q9C030,P78543,TRIM6,BTG2,1,2,1.0,0.6324814
E3|Q9H0X6|P08670,E3|Q9H0X6,E3,Q9H0X6,P08670,RNF208,VIM,1,2,1.0,0.6327615
E3|Q9H6Y7|Q8WTX7,E3|Q9H6Y7,E3,Q9H6Y7,Q8WTX7,RNF167,CASTOR1,1,2,1.0,0.62806463
E3|Q9H6Y7|Q96BI1,E3|Q9H6Y7,E3,Q9H6Y7,Q96BI1,RNF167,SLC22A18,1,2,1.0,0.6328227
E3|Q9H992|P10636,E3|Q9H992,E3,Q9H992,P10636,MARCHF7,MAPT,1,2,1.0,0.63001066
E3|Q9H992|Q00987,E3|Q9H992,E3,Q9H992,Q00987,MARCHF7,MDM2,1,2,1.0,0.6328863
E3|Q9H992|Q9H992,E3|Q9H992,E3,Q9H992,Q9H992,MARCHF7,MARCHF7,1,2,1.0,0.63427395
E3|Q9HCI7|P04637,E3|Q9HCI7,E3,Q9HCI7,P04637,MSL2,TP53,1,2,1.0,0.6330678
E3|Q9HCI7|P62807,E3|Q9HCI7,E3,Q9HCI7,P62807,MSL2,H2BC4,1,2,1.0,0.6328495
E3|Q9HCI7|Q16778,E3|Q9HCI7,E3,Q9HCI7,Q16778,MSL2,H2BC21,1,2,1.0,0.6331503
E3|Q9NRD1|O00584,E3|Q9NRD1,E3,Q9NRD1,O00584,FBXO6,RNASET2,1,2,1.0,0.6312172
E3|Q9NRD1|O14757,E3|Q9NRD1,E3,Q9NRD1,O14757,FBXO6,CHEK1,1,2,1.0,0.63221097
E3|Q9NRD1|O75882,E3|Q9NRD1,E3,Q9NRD1,O75882,FBXO6,ATRN,1,2,1.0,0.62954926
E3|Q9NRD1|P02786,E3|Q9NRD1,E3,Q9NRD1,P02786,FBXO6,TFRC,1,2,1.0,0.6301395
E3|Q9NRD1|Q14653,E3|Q9NRD1,E3,Q9NRD1,Q14653,FBXO6,IRF3,1,2,1.0,0.6329525
E3|Q9NRD1|Q96HE7,E3|Q9NRD1,E3,Q9NRD1,Q96HE7,FBXO6,ERO1A,1,2,1.0,0.63072675
E3|Q9NRD1|Q9BRS2,E3|Q9NRD1,E3,Q9NRD1,Q9BRS2,FBXO6,RIOK1,1,2,1.0,0.63196677
E3|Q9NRM6|O00628,E3|Q9NRM6,E3,Q9NRM6,O00628,IL17RB,PEX7,1,2,1.0,0.6298134
E3|Q9NVR0|P14635,E3|Q9NVR0,E3,Q9NVR0,P14635,KLHL11,CCNB1,1,2,1.0,0.63355404
E3|Q9NX47|O00220,E3|Q9NX47,E3,Q9NX47,O00220,MARCHF5,TNFRSF10A,1,2,1.0,0.630521
E3|Q9NX47|O00429,E3|Q9NX47,E3,Q9NX47,O00429,MARCHF5,DNM1L,1,2,1.0,0.6329909
E3|Q9NX47|O95140,E3|Q9NX47,E3,Q9NX47,O95140,MARCHF5,MFN2,1,2,1.0,0.6322817
E3|Q9NX47|P00441,E3|Q9NX47,E3,Q9NX47,P00441,MARCHF5,SOD1,1,2,1.0,0.63206095
E3|Q9NX47|P33076,E3|Q9NX47,E3,Q9NX47,P33076,MARCHF5,CIITA,1,2,1.0,0.629582
E3|Q9NX47|P46821,E3|Q9NX47,E3,Q9NX47,P46821,MARCHF5,MAP1B,1,2,1.0,0.6308185
E3|Q9NX47|P46939,E3|Q9NX47,E3,Q9NX47,P46939,MARCHF5,UTRN,1,2,1.0,0.6322692
E3|Q9NX47|P54252,E3|Q9NX47,E3,Q9NX47,P54252,MARCHF5,ATXN3,1,2,1.0,0.63213223
E3|Q9NX47|Q07820,E3|Q9NX47,E3,Q9NX47,Q07820,MARCHF5,MCL1,1,2,1.0,0.63208914
E3|Q9NX47|Q7Z434,E3|Q9NX47,E3,Q9NX47,Q7Z434,MARCHF5,MAVS,1,2,1.0,0.632181
E3|Q9NX47|Q8IWA4,E3|Q9NX47,E3,Q9NX47,Q8IWA4,MARCHF5,MFN1,1,2,1.0,0.63234866
E3|Q9NX47|Q92844,E3|Q9NX47,E3,Q9NX47,Q92844,MARCHF5,TANK,1,2,1.0,0.63133264
E3|Q9NX47|Q9NX47,E3|Q9NX47,E3,Q9NX47,Q9NX47,MARCHF5,MARCHF5,1,2,1.0,0.63326246
E3|Q9NX47|Q9Y3D6,E3|Q9NX47,E3,Q9NX47,Q9Y3D6,MARCHF5,FIS1,1,2,1.0,0.63235915
E3|Q9NZJ0|A4F535,E3|Q9NZJ0,E3,Q9NZJ0,A4F535,DTL,P,1,2,1.0,0.63230586
E3|Q9NZJ0|O14757,E3|Q9NZJ0,E3,Q9NZJ0,O14757,DTL,CHEK1,1,2,1.0,0.63394076
E3|Q9NZJ0|P04637,E3|Q9NZJ0,E3,Q9NZJ0,P04637,DTL,TP53,1,2,1.0,0.63280904
E3|Q9NZJ0|P12004,E3|Q9NZJ0,E3,Q9NZJ0,P12004,DTL,PCNA,1,2,1.0,0.63297665
E3|Q9NZJ0|P28715,E3|Q9NZJ0,E3,Q9NZJ0,P28715,DTL,ERCC5,1,2,1.0,0.6332329
E3|Q9NZJ0|P38936,E3|Q9NZJ0,E3,Q9NZJ0,P38936,DTL,CDKN1A,1,2,1.0,0.63349676
E3|Q9NZJ0|Q13569,E3|Q9NZJ0,E3,Q9NZJ0,Q13569,DTL,TDG,1,2,1.0,0.63312364
E3|Q9NZJ0|Q16526,E3|Q9NZJ0,E3,Q9NZJ0,Q16526,DTL,CRY1,1,2,1.0,0.6333075
E3|Q9NZJ0|Q53EL6,E3|Q9NZJ0,E3,Q9NZJ0,Q53EL6,DTL,PDCD4,1,2,1.0,0.63315123
E3|Q9NZJ0|Q6IQ49,E3|Q9NZJ0,E3,Q9NZJ0,Q6IQ49,DTL,SDE2,1,2,1.0,0.63269114
E3|Q9NZJ0|Q8NFZ0,E3|Q9NZJ0,E3,Q9NZJ0,Q8NFZ0,DTL,FBH1,1,2,1.0,0.6323313
E3|Q9NZJ0|Q92830,E3|Q9NZJ0,E3,Q9NZJ0,Q92830,DTL,KAT2A,1,2,1.0,0.63423806
E3|Q9NZJ0|Q99741,E3|Q9NZJ0,E3,Q9NZJ0,Q99741,DTL,CDC6,1,2,1.0,0.6335556
E3|Q9NZJ0|Q9H211,E3|Q9NZJ0,E3,Q9NZJ0,Q9H211,DTL,CDT1,1,2,1.0,0.6333949
E3|Q9NZJ0|Q9HCU8,E3|Q9NZJ0,E3,Q9NZJ0,Q9HCU8,DTL,POLD4,1,2,1.0,0.6328028
E3|Q9NZJ0|Q9NQR1,E3|Q9NZJ0,E3,Q9NZJ0,Q9NQR1,DTL,KMT5A,1,2,1.0,0.63290066
E3|Q9NZJ0|Q9Y253,E3|Q9NZJ0,E3,Q9NZJ0,Q9Y253,DTL,POLH,1,2,1.0,0.6334799
E3|Q9P0N8|P02786,E3|Q9P0N8,E3,Q9P0N8,P02786,MARCHF2,TFRC,1,2,1.0,0.6329521
E3|Q9P0N8|P13569,E3|Q9P0N8,E3,Q9P0N8,P13569,MARCHF2,CFTR,1,2,1.0,0.6329349
E3|Q9P0N8|P42081,E3|Q9P0N8,E3,Q9P0N8,P42081,MARCHF2,CD86,1,2,1.0,0.6324234
E3|Q9P0N8|Q12959,E3|Q9P0N8,E3,Q9P0N8,Q12959,MARCHF2,DLG1,1,2,1.0,0.6331715
E3|Q9P0N8|Q9Y282,E3|Q9P0N8,E3,Q9P0N8,Q9Y282,MARCHF2,ERGIC3,1,2,1.0,0.63260376
E3|Q9P253|Q9NYY3,E3|Q9P253,E3,Q9P253,Q9NYY3,VPS18,PLK2,1,2,1.0,0.6307622
E3|Q9P253|Q9NZ52,E3|Q9P253,E3,Q9P253,Q9NZ52,VPS18,GGA3,1,2,1.0,0.6332341
E3|Q9P2J3|P14635,E3|Q9P2J3,E3,Q9P2J3,P14635,KLHL9,CCNB1,1,2,1.0,0.6321022
E3|Q9P2J3|P17676,E3|Q9P2J3,E3,Q9P2J3,P17676,KLHL9,CEBPB,1,2,1.0,0.6314005
E3|Q9P2J3|Q6PGQ7,E3|Q9P2J3,E3,Q9P2J3,Q6PGQ7,KLHL9,BORA,1,2,1.0,0.63215244
E3|Q9P2J3|Q96GD4,E3|Q9P2J3,E3,Q9P2J3,Q96GD4,KLHL9,AURKB,1,2,1.0,0.6319417
E3|Q9P2N7|P14635,E3|Q9P2N7,E3,Q9P2N7,P14635,KLHL13,CCNB1,1,2,1.0,0.63231415
E3|Q9P2N7|Q6PGQ7,E3|Q9P2N7,E3,Q9P2N7,Q6PGQ7,KLHL13,BORA,1,2,1.0,0.63235754
E3|Q9P2N7|Q96GD4,E3|Q9P2N7,E3,Q9P2N7,Q96GD4,KLHL13,AURKB,1,2,1.0,0.6321182
E3|Q9UH77|Q96J92,E3|Q9UH77,E3,Q9UH77,Q96J92,KLHL3,WNK4,1,2,1.0,0.6306725
E3|Q9UH77|Q9H4A3,E3|Q9UH77,E3,Q9UH77,Q9H4A3,KLHL3,WNK1,1,2,1.0,0.63417673
E3|Q9UHC7|O14746,E3|Q9UHC7,E3,Q9UHC7,O14746,MKRN1,TERT,1,2,1.0,0.6334449
E3|Q9UHC7|O95259,E3|Q9UHC7,E3,Q9UHC7,O95259,MKRN1,KCNH1,1,2,1.0,0.6289767
E3|Q9UHC7|P04637,E3|Q9UHC7,E3,Q9UHC7,P04637,MKRN1,TP53,1,2,1.0,0.6333022
E3|Q9UHC7|P06935,E3|Q9UHC7,E3,Q9UHC7,P06935,MKRN1,,1,2,1.0,0.63025856
E3|Q9UHC7|P11940,E3|Q9UHC7,E3,Q9UHC7,P11940,MKRN1,PABPC1,1,2,1.0,0.6328613
E3|Q9UHC7|P38936,E3|Q9UHC7,E3,Q9UHC7,P38936,MKRN1,CDKN1A,1,2,1.0,0.63294446
E3|Q9UHC7|P46783,E3|Q9UHC7,E3,Q9UHC7,P46783,MKRN1,RPS10,1,2,1.0,0.63270664
E3|Q9UHC7|P54098,E3|Q9UHC7,E3,Q9UHC7,P54098,MKRN1,POLG,1,2,1.0,0.63178587
E3|Q9UHC7|Q7Z7B0,E3|Q9UHC7,E3,Q9UHC7,Q7Z7B0,MKRN1,FILIP1,1,2,1.0,0.63271314
E3|Q9UHC7|Q8N726,E3|Q9UHC7,E3,Q9UHC7,Q8N726,MKRN1,CDKN2A,1,2,1.0,0.63289195
E3|Q9UII4|P22392,E3|Q9UII4,E3,Q9UII4,P22392,HERC5,NME2,1,2,1.0,0.633018
E3|Q9UII4|Q13363,E3|Q9UII4,E3,Q9UII4,Q13363,HERC5,CTBP1,1,2,1.0,0.63328093
E3|Q9UK99|Q09472,E3|Q9UK99,E3,Q9UK99,Q09472,FBXO3,EP300,1,2,1.0,0.6318023
E3|Q9UK99|Q9H2X6,E3|Q9UK99,E3,Q9UK99,Q9H2X6,FBXO3,HIPK2,1,2,1.0,0.63175523
E3|Q9UK99|Q9HCE7,E3|Q9UK99,E3,Q9UK99,Q9HCE7,FBXO3,SMURF1,1,2,1.0,0.6312325
E3|Q9UK99|Q9NXK8,E3|Q9UK99,E3,Q9UK99,Q9NXK8,FBXO3,FBXL12,1,2,1.0,0.6324673
E3|Q9UKA2|O75164,E3|Q9UKA2,E3,Q9UKA2,O75164,FBXL4,KDM4A,1,2,1.0,0.6306694
E3|Q9UKB1|O00444,E3|Q9UKB1,E3,Q9UKB1,O00444,FBXW11,PLK4,1,2,1.0,0.63129777
E3|Q9UKB1|O14503,E3|Q9UKB1,E3,Q9UKB1,O14503,FBXW11,BHLHE40,1,2,1.0,0.6308993
E3|Q9UKB1|O14920,E3|Q9UKB1,E3,Q9UKB1,O14920,FBXW11,IKBKB,1,2,1.0,0.632155
E3|Q9UKB1|O15055,E3|Q9UKB1,E3,Q9UKB1,O15055,FBXW11,PER2,1,2,1.0,0.63160187
E3|Q9UKB1|O15111,E3|Q9UKB1,E3,Q9UKB1,O15111,FBXW11,CHUK,1,2,1.0,0.6320748
E3|Q9UKB1|O15534,E3|Q9UKB1,E3,Q9UKB1,O15534,FBXW11,PER1,1,2,1.0,0.6316026
E3|Q9UKB1|O60343,E3|Q9UKB1,E3,Q9UKB1,O60343,FBXW11,TBC1D4,1,2,1.0,0.63114643
E3|Q9UKB1|P16471,E3|Q9UKB1,E3,Q9UKB1,P16471,FBXW11,PRLR,1,2,1.0,0.6293773
E3|Q9UKB1|P17181,E3|Q9UKB1,E3,Q9UKB1,P17181,FBXW11,IFNAR1,1,2,1.0,0.62969816
E3|Q9UKB1|P19838,E3|Q9UKB1,E3,Q9UKB1,P19838,FBXW11,NFKB1,1,2,1.0,0.6313804
E3|Q9UKB1|P25963,E3|Q9UKB1,E3,Q9UKB1,P25963,FBXW11,NFKBIA,1,2,1.0,0.63217133
E3|Q9UKB1|P30291,E3|Q9UKB1,E3,Q9UKB1,P30291,FBXW11,WEE1,1,2,1.0,0.63183004
E3|Q9UKB1|P30304,E3|Q9UKB1,E3,Q9UKB1,P30304,FBXW11,CDC25A,1,2,1.0,0.6316547
E3|Q9UKB1|P30305,E3|Q9UKB1,E3,Q9UKB1,P30305,FBXW11,CDC25B,1,2,1.0,0.6313086
E3|Q9UKB1|P35222,E3|Q9UKB1,E3,Q9UKB1,P35222,FBXW11,CTNNB1,1,2,1.0,0.6320922
E3|Q9UKB1|P46937,E3|Q9UKB1,E3,Q9UKB1,P46937,FBXW11,YAP1,1,2,1.0,0.63144654
E3|Q9UKB1|P53805,E3|Q9UKB1,E3,Q9UKB1,P53805,FBXW11,RCAN1,1,2,1.0,0.6323474
E3|Q9UKB1|Q12959,E3|Q9UKB1,E3,Q9UKB1,Q12959,FBXW11,DLG1,1,2,1.0,0.6298751
E3|Q9UKB1|Q13127,E3|Q9UKB1,E3,Q9UKB1,Q13127,FBXW11,REST,1,2,1.0,0.6310271
E3|Q9UKB1|Q53EL6,E3|Q9UKB1,E3,Q9UKB1,Q53EL6,FBXW11,PDCD4,1,2,1.0,0.6313722
E3|Q9UKB1|Q76N32,E3|Q9UKB1,E3,Q9UKB1,Q76N32,FBXW11,CEP68,1,2,1.0,0.6312928
E3|Q9UKB1|Q8IYD8,E3|Q9UKB1,E3,Q9UKB1,Q8IYD8,FBXW11,FANCM,1,2,1.0,0.6310639
E3|Q9UKB1|Q8TB45,E3|Q9UKB1,E3,Q9UKB1,Q8TB45,FBXW11,DEPTOR,1,2,1.0,0.6313801
E3|Q9UKB1|Q9HAW4,E3|Q9UKB1,E3,Q9UKB1,Q9HAW4,FBXW11,CLSPN,1,2,1.0,0.6310526
E3|Q9UKB1|Q9NX09,E3|Q9UKB1,E3,Q9UKB1,Q9NX09,FBXW11,DDIT4,1,2,1.0,0.63129133
E3|Q9UKB1|Q9P2F8,E3|Q9UKB1,E3,Q9UKB1,Q9P2F8,FBXW11,SIPA1L2,1,2,1.0,0.6320559
E3|Q9UKB1|Q9UKB1,E3|Q9UKB1,E3,Q9UKB1,Q9UKB1,FBXW11,FBXW11,1,2,1.0,0.6336125
E3|Q9UKB1|Q9UKT4,E3|Q9UKB1,E3,Q9UKB1,Q9UKT4,FBXW11,FBXO5,1,2,1.0,0.63131195
E3|Q9UKB1|Q9Y297,E3|Q9UKB1,E3,Q9UKB1,Q9Y297,FBXW11,BTRC,1,2,1.0,0.63326573
E3|Q9UKT6|Q16526,E3|Q9UKT6,E3,Q9UKT6,Q16526,FBXL21P,CRY1,1,2,1.0,0.6281578
E3|Q9UKT6|Q49AN0,E3|Q9UKT6,E3,Q9UKT6,Q49AN0,FBXL21P,CRY2,1,2,1.0,0.6286243
E3|Q9ULV8|P00533,E3|Q9ULV8,E3,Q9ULV8,P00533,CBLC,EGFR,1,2,1.0,0.63092697
E3|Q9ULV8|P12931,E3|Q9ULV8,E3,Q9ULV8,P12931,CBLC,SRC,1,2,1.0,0.632352
E3|Q9UNE7|A6MI22,E3|Q9UNE7,E3,Q9UNE7,A6MI22,STUB1,tat,1,2,1.0,0.6312194
E3|Q9UNE7|O00141,E3|Q9UNE7,E3,Q9UNE7,O00141,STUB1,SGK1,1,2,1.0,0.63046455
E3|Q9UNE7|O00327,E3|Q9UNE7,E3,Q9UNE7,O00327,STUB1,ARNTL,1,2,1.0,0.6313823
E3|Q9UNE7|O15079,E3|Q9UNE7,E3,Q9UNE7,O15079,STUB1,SNPH,1,2,1.0,0.6322346
E3|Q9UNE7|O60762,E3|Q9UNE7,E3,Q9UNE7,O60762,STUB1,DPM1,1,2,1.0,0.63160276
E3|Q9UNE7|O75460,E3|Q9UNE7,E3,Q9UNE7,O75460,STUB1,ERN1,1,2,1.0,0.6306531
E3|Q9UNE7|P00441,E3|Q9UNE7,E3,Q9UNE7,P00441,STUB1,SOD1,1,2,1.0,0.6329852
E3|Q9UNE7|P00558,E3|Q9UNE7,E3,Q9UNE7,P00558,STUB1,PGK1,1,2,1.0,0.63293815
E3|Q9UNE7|P01106,E3|Q9UNE7,E3,Q9UNE7,P01106,STUB1,MYC,1,2,1.0,0.63188934
E3|Q9UNE7|P03372,E3|Q9UNE7,E3,Q9UNE7,P03372,STUB1,ESR1,1,2,1.0,0.63233984
E3|Q9UNE7|P04049,E3|Q9UNE7,E3,Q9UNE7,P04049,STUB1,RAF1,1,2,1.0,0.6320695
E3|Q9UNE7|P04150,E3|Q9UNE7,E3,Q9UNE7,P04150,STUB1,NR3C1,1,2,1.0,0.63255584
E3|Q9UNE7|P04626,E3|Q9UNE7,E3,Q9UNE7,P04626,STUB1,ERBB2,1,2,1.0,0.63022864
E3|Q9UNE7|P04637,E3|Q9UNE7,E3,Q9UNE7,P04637,STUB1,TP53,1,2,1.0,0.63276774
E3|Q9UNE7|P04839,E3|Q9UNE7,E3,Q9UNE7,P04839,STUB1,CYBB,1,2,1.0,0.62967575
E3|Q9UNE7|P06213,E3|Q9UNE7,E3,Q9UNE7,P06213,STUB1,INSR,1,2,1.0,0.630055
E3|Q9UNE7|P06746,E3|Q9UNE7,E3,Q9UNE7,P06746,STUB1,POLB,1,2,1.0,0.6315483
E3|Q9UNE7|P06748,E3|Q9UNE7,E3,Q9UNE7,P06748,STUB1,NPM1,1,2,1.0,0.6321581
E3|Q9UNE7|P07197,E3|Q9UNE7,E3,Q9UNE7,P07197,STUB1,NEFM,1,2,1.0,0.6321097
E3|Q9UNE7|P07900,E3|Q9UNE7,E3,Q9UNE7,P07900,STUB1,HSP90AA1,1,2,1.0,0.63213307
E3|Q9UNE7|P08684,E3|Q9UNE7,E3,Q9UNE7,P08684,STUB1,CYP3A4,1,2,1.0,0.6304373
E3|Q9UNE7|P10275,E3|Q9UNE7,E3,Q9UNE7,P10275,STUB1,AR,1,2,1.0,0.631311
E3|Q9UNE7|P10636,E3|Q9UNE7,E3,Q9UNE7,P10636,STUB1,MAPT,1,2,1.0,0.632074
E3|Q9UNE7|P10911,E3|Q9UNE7,E3,Q9UNE7,P10911,STUB1,MCF2,1,2,1.0,0.62937725
E3|Q9UNE7|P10914,E3|Q9UNE7,E3,Q9UNE7,P10914,STUB1,IRF1,1,2,1.0,0.6311464
E3|Q9UNE7|P11142,E3|Q9UNE7,E3,Q9UNE7,P11142,STUB1,HSPA8,1,2,1.0,0.6321961
E3|Q9UNE7|P12931,E3|Q9UNE7,E3,Q9UNE7,P12931,STUB1,SRC,1,2,1.0,0.6321876
E3|Q9UNE7|P13569,E3|Q9UNE7,E3,Q9UNE7,P13569,STUB1,CFTR,1,2,1.0,0.63094926
E3|Q9UNE7|P15559,E3|Q9UNE7,E3,Q9UNE7,P15559,STUB1,NQO1,1,2,1.0,0.6328189
E3|Q9UNE7|P17542,E3|Q9UNE7,E3,Q9UNE7,P17542,STUB1,TAL1,1,2,1.0,0.6304232
E3|Q9UNE7|P17612,E3|Q9UNE7,E3,Q9UNE7,P17612,STUB1,PRKACA,1,2,1.0,0.6310597
E3|Q9UNE7|P22694,E3|Q9UNE7,E3,Q9UNE7,P22694,STUB1,PRKACB,1,2,1.0,0.6297708
E3|Q9UNE7|P25815,E3|Q9UNE7,E3,Q9UNE7,P25815,STUB1,S100P,1,2,1.0,0.6326311
E3|Q9UNE7|P29034,E3|Q9UNE7,E3,Q9UNE7,P29034,STUB1,S100A2,1,2,1.0,0.6321431
E3|Q9UNE7|P29317,E3|Q9UNE7,E3,Q9UNE7,P29317,STUB1,EPHA2,1,2,1.0,0.63032395
E3|Q9UNE7|P29474,E3|Q9UNE7,E3,Q9UNE7,P29474,STUB1,NOS3,1,2,1.0,0.6317938
E3|Q9UNE7|P29475,E3|Q9UNE7,E3,Q9UNE7,P29475,STUB1,NOS1,1,2,1.0,0.6294026
E3|Q9UNE7|P31645,E3|Q9UNE7,E3,Q9UNE7,P31645,STUB1,SLC6A4,1,2,1.0,0.63002104
E3|Q9UNE7|P31749,E3|Q9UNE7,E3,Q9UNE7,P31749,STUB1,AKT1,1,2,1.0,0.6315616
E3|Q9UNE7|P33402,E3|Q9UNE7,E3,Q9UNE7,P33402,STUB1,GUCY1A2,1,2,1.0,0.63068724
E3|Q9UNE7|P34932,E3|Q9UNE7,E3,Q9UNE7,P34932,STUB1,HSPA4,1,2,1.0,0.63295954
E3|Q9UNE7|P35228,E3|Q9UNE7,E3,Q9UNE7,P35228,STUB1,NOS2,1,2,1.0,0.63281775
E3|Q9UNE7|P35869,E3|Q9UNE7,E3,Q9UNE7,P35869,STUB1,AHR,1,2,1.0,0.6317415
E3|Q9UNE7|P37840,E3|Q9UNE7,E3,Q9UNE7,P37840,STUB1,SNCA,1,2,1.0,0.6323903
E3|Q9UNE7|P43694,E3|Q9UNE7,E3,Q9UNE7,P43694,STUB1,GATA4,1,2,1.0,0.6310088
E3|Q9UNE7|P46937,E3|Q9UNE7,E3,Q9UNE7,P46937,STUB1,YAP1,1,2,1.0,0.63208574
E3|Q9UNE7|P53355,E3|Q9UNE7,E3,Q9UNE7,P53355,STUB1,DAPK1,1,2,1.0,0.6322146
E3|Q9UNE7|P54252,E3|Q9UNE7,E3,Q9UNE7,P54252,STUB1,ATXN3,1,2,1.0,0.63318944
E3|Q9UNE7|P54253,E3|Q9UNE7,E3,Q9UNE7,P54253,STUB1,ATXN1,1,2,1.0,0.6309082
E3|Q9UNE7|P55017,E3|Q9UNE7,E3,Q9UNE7,P55017,STUB1,SLC12A3,1,2,1.0,0.62945896
E3|Q9UNE7|P55036,E3|Q9UNE7,E3,Q9UNE7,P55036,STUB1,PSMD4,1,2,1.0,0.63249445
E3|Q9UNE7|P56545,E3|Q9UNE7,E3,Q9UNE7,P56545,STUB1,CTBP2,1,2,1.0,0.6319194
E3|Q9UNE7|P56817,E3|Q9UNE7,E3,Q9UNE7,P56817,STUB1,BACE1,1,2,1.0,0.6304024
E3|Q9UNE7|P60321,E3|Q9UNE7,E3,Q9UNE7,P60321,STUB1,NANOS2,1,2,1.0,0.63213134
E3|Q9UNE7|P60484,E3|Q9UNE7,E3,Q9UNE7,P60484,STUB1,PTEN,1,2,1.0,0.6328174
E3|Q9UNE7|P63241,E3|Q9UNE7,E3,Q9UNE7,P63241,STUB1,EIF5A,1,2,1.0,0.6317858
E3|Q9UNE7|P80370,E3|Q9UNE7,E3,Q9UNE7,P80370,STUB1,DLK1,1,2,1.0,0.6310534
E3|Q9UNE7|P84022,E3|Q9UNE7,E3,Q9UNE7,P84022,STUB1,SMAD3,1,2,1.0,0.63175005
E3|Q9UNE7|Q00613,E3|Q9UNE7,E3,Q9UNE7,Q00613,STUB1,HSF1,1,2,1.0,0.631937
E3|Q9UNE7|Q01196,E3|Q9UNE7,E3,Q9UNE7,Q01196,STUB1,RUNX1,1,2,1.0,0.63078356
E3|Q9UNE7|Q03060,E3|Q9UNE7,E3,Q9UNE7,Q03060,STUB1,CREM,1,2,1.0,0.63117355
E3|Q9UNE7|Q04912,E3|Q9UNE7,E3,Q9UNE7,Q04912,STUB1,MST1R,1,2,1.0,0.633109
E3|Q9UNE7|Q05513,E3|Q9UNE7,E3,Q9UNE7,Q05513,STUB1,PRKCZ,1,2,1.0,0.6322473
E3|Q9UNE7|Q12778,E3|Q9UNE7,E3,Q9UNE7,Q12778,STUB1,FOXO1,1,2,1.0,0.63243777
E3|Q9UNE7|Q12852,E3|Q9UNE7,E3,Q9UNE7,Q12852,STUB1,MAP3K12,1,2,1.0,0.62932456
E3|Q9UNE7|Q12933,E3|Q9UNE7,E3,Q9UNE7,Q12933,STUB1,TRAF2,1,2,1.0,0.6330882
E3|Q9UNE7|Q13043,E3|Q9UNE7,E3,Q9UNE7,Q13043,STUB1,STK4,1,2,1.0,0.632439
E3|Q9UNE7|Q13114,E3|Q9UNE7,E3,Q9UNE7,Q13114,STUB1,TRAF3,1,2,1.0,0.6326287
E3|Q9UNE7|Q13485,E3|Q9UNE7,E3,Q9UNE7,Q13485,STUB1,SMAD4,1,2,1.0,0.63175327
E3|Q9UNE7|Q13950,E3|Q9UNE7,E3,Q9UNE7,Q13950,STUB1,RUNX2,1,2,1.0,0.63094926
E3|Q9UNE7|Q15797,E3|Q9UNE7,E3,Q9UNE7,Q15797,STUB1,SMAD1,1,2,1.0,0.6317357
E3|Q9UNE7|Q15831,E3|Q9UNE7,E3,Q9UNE7,Q15831,STUB1,STK11,1,2,1.0,0.6330918
E3|Q9UNE7|Q16584,E3|Q9UNE7,E3,Q9UNE7,Q16584,STUB1,MAP3K11,1,2,1.0,0.63226074
E3|Q9UNE7|Q16665,E3|Q9UNE7,E3,Q9UNE7,Q16665,STUB1,HIF1A,1,2,1.0,0.63226163
E3|Q9UNE7|Q5S007,E3|Q9UNE7,E3,Q9UNE7,Q5S007,STUB1,LRRK2,1,2,1.0,0.632599
E3|Q9UNE7|Q6ZWH5,E3|Q9UNE7,E3,Q9UNE7,Q6ZWH5,STUB1,NEK10,1,2,1.0,0.63281554
E3|Q9UNE7|Q7Z434,E3|Q9UNE7,E3,Q9UNE7,Q7Z434,STUB1,MAVS,1,2,1.0,0.63304174
E3|Q9UNE7|Q86WG3,E3|Q9UNE7,E3,Q9UNE7,Q86WG3,STUB1,ATCAY,1,2,1.0,0.6324349
E3|Q9UNE7|Q8IZQ8,E3|Q9UNE7,E3,Q9UNE7,Q8IZQ8,STUB1,MYOCD,1,2,1.0,0.6316289
E3|Q9UNE7|Q8N6T7,E3|Q9UNE7,E3,Q9UNE7,Q8N6T7,STUB1,SIRT6,1,2,1.0,0.6329419
E3|Q9UNE7|Q8TCG1,E3|Q9UNE7,E3,Q9UNE7,Q8TCG1,STUB1,CIP2A,1,2,1.0,0.63173896
E3|Q9UNE7|Q8WY41,E3|Q9UNE7,E3,Q9UNE7,Q8WY41,STUB1,NANOS1,1,2,1.0,0.63151175
E3|Q9UNE7|Q92731,E3|Q9UNE7,E3,Q9UNE7,Q92731,STUB1,ESR2,1,2,1.0,0.6320713
E3|Q9UNE7|Q96PH1,E3|Q9UNE7,E3,Q9UNE7,Q96PH1,STUB1,NOX5,1,2,1.0,0.629721
E3|Q9UNE7|Q99683,E3|Q9UNE7,E3,Q9UNE7,Q99683,STUB1,MAP3K5,1,2,1.0,0.63162833
E3|Q9UNE7|Q99933,E3|Q9UNE7,E3,Q9UNE7,Q99933,STUB1,BAG1,1,2,1.0,0.6322833
E3|Q9UNE7|Q9BZS1,E3|Q9UNE7,E3,Q9UNE7,Q9BZS1,STUB1,FOXP3,1,2,1.0,0.6307668
E3|Q9UNE7|Q9NPJ1,E3|Q9UNE7,E3,Q9UNE7,Q9NPJ1,STUB1,MKKS,1,2,1.0,0.6320863
E3|Q9UNE7|Q9UM73,E3|Q9UNE7,E3,Q9UNE7,Q9UM73,STUB1,ALK,1,2,1.0,0.6299753
E3|Q9UNE7|Q9UNE7,E3|Q9UNE7,E3,Q9UNE7,Q9UNE7,STUB1,STUB1,1,2,1.0,0.6336803
E3|Q9UNE7|Q9UPR3,E3|Q9UNE7,E3,Q9UNE7,Q9UPR3,STUB1,SMG5,1,2,1.0,0.63193256
E3|Q9UNE7|Q9Y2U5,E3|Q9UNE7,E3,Q9UNE7,Q9Y2U5,STUB1,MAP3K2,1,2,1.0,0.63309133
E3|Q9UNE7|Q9Y4K3,E3|Q9UNE7,E3,Q9UNE7,Q9Y4K3,STUB1,TRAF6,1,2,1.0,0.6331337
E3|Q9UNE7|Q9Y697,E3|Q9UNE7,E3,Q9UNE7,Q9Y697,STUB1,NFS1,1,2,1.0,0.6327273
E3|Q9UNE7|Q9Y6Q9,E3|Q9UNE7,E3,Q9UNE7,Q9Y6Q9,STUB1,NCOA3,1,2,1.0,0.6303976
E3|Q9Y4K3|O43318,E3|Q9Y4K3,E3,Q9Y4K3,O43318,TRAF6,MAP3K7,1,2,1.0,0.630683
E3|Q9Y4K3|O43353,E3|Q9Y4K3,E3,Q9Y4K3,O43353,TRAF6,RIPK2,1,2,1.0,0.62989086
E3|Q9Y4K3|O43561,E3|Q9Y4K3,E3,Q9Y4K3,O43561,TRAF6,LAT,1,2,1.0,0.629347
E3|Q9Y4K3|P04629,E3|Q9Y4K3,E3,Q9Y4K3,P04629,TRAF6,NTRK1,1,2,1.0,0.6316405
E3|Q9Y4K3|P08138,E3|Q9Y4K3,E3,Q9Y4K3,P08138,TRAF6,NGFR,1,2,1.0,0.6294669
E3|Q9Y4K3|P26927,E3|Q9Y4K3,E3,Q9Y4K3,P26927,TRAF6,MST1,1,2,1.0,0.6297454
E3|Q9Y4K3|P31749,E3|Q9Y4K3,E3,Q9Y4K3,P31749,TRAF6,AKT1,1,2,1.0,0.6314682
E3|Q9Y4K3|P31751,E3|Q9Y4K3,E3,Q9Y4K3,P31751,TRAF6,AKT2,1,2,1.0,0.62996566
E3|Q9Y4K3|P34932,E3|Q9Y4K3,E3,Q9Y4K3,P34932,TRAF6,HSPA4,1,2,1.0,0.63291687
E3|Q9Y4K3|P35222,E3|Q9Y4K3,E3,Q9Y4K3,P35222,TRAF6,CTNNB1,1,2,1.0,0.632869
E3|Q9Y4K3|P36897,E3|Q9Y4K3,E3,Q9Y4K3,P36897,TRAF6,TGFBR1,1,2,1.0,0.63000053
E3|Q9Y4K3|P37840,E3|Q9Y4K3,E3,Q9Y4K3,P37840,TRAF6,SNCA,1,2,1.0,0.6325589
E3|Q9Y4K3|P42226,E3|Q9Y4K3,E3,Q9Y4K3,P42226,TRAF6,STAT6,1,2,1.0,0.6327097
E3|Q9Y4K3|P42336,E3|Q9Y4K3,E3,Q9Y4K3,P42336,TRAF6,PIK3CA,1,2,1.0,0.63259596
E3|Q9Y4K3|P42345,E3|Q9Y4K3,E3,Q9Y4K3,P42345,TRAF6,MTOR,1,2,1.0,0.6309528
E3|Q9Y4K3|P49116,E3|Q9Y4K3,E3,Q9Y4K3,P49116,TRAF6,NR2C2,1,2,1.0,0.63183194
E3|Q9Y4K3|P49768,E3|Q9Y4K3,E3,Q9Y4K3,P49768,TRAF6,PSEN1,1,2,1.0,0.6302119
E3|Q9Y4K3|P51530,E3|Q9Y4K3,E3,Q9Y4K3,P51530,TRAF6,DNA2,1,2,1.0,0.632321
E3|Q9Y4K3|P51617,E3|Q9Y4K3,E3,Q9Y4K3,P51617,TRAF6,IRAK1,1,2,1.0,0.6336457
E3|Q9Y4K3|P52789,E3|Q9Y4K3,E3,Q9Y4K3,P52789,TRAF6,HK2,1,2,1.0,0.6323738
E3|Q9Y4K3|Q08380,E3|Q9Y4K3,E3,Q9Y4K3,Q08380,TRAF6,LGALS3BP,1,2,1.0,0.63149333
E3|Q9Y4K3|Q13352,E3|Q9Y4K3,E3,Q9Y4K3,Q13352,TRAF6,ITGB3BP,1,2,1.0,0.631715
E3|Q9Y4K3|Q13568,E3|Q9Y4K3,E3,Q9Y4K3,Q13568,TRAF6,IRF5,1,2,1.0,0.6325339
E3|Q9Y4K3|Q14192,E3|Q9Y4K3,E3,Q9Y4K3,Q14192,TRAF6,FHL2,1,2,1.0,0.63217115
E3|Q9Y4K3|Q14457,E3|Q9Y4K3,E3,Q9Y4K3,Q14457,TRAF6,BECN1,1,2,1.0,0.6317986
E3|Q9Y4K3|Q16584,E3|Q9Y4K3,E3,Q9Y4K3,Q16584,TRAF6,MAP3K11,1,2,1.0,0.6325237
E3|Q9Y4K3|Q8IUC6,E3|Q9Y4K3,E3,Q9Y4K3,Q8IUC6,TRAF6,TICAM1,1,2,1.0,0.63251805
E3|Q9Y4K3|Q92985,E3|Q9Y4K3,E3,Q9Y4K3,Q92985,TRAF6,IRF7,1,2,1.0,0.6327457
E3|Q9Y4K3|Q99497,E3|Q9Y4K3,E3,Q9Y4K3,Q99497,TRAF6,PARK7,1,2,1.0,0.63075286
E3|Q9Y4K3|Q99538,E3|Q9Y4K3,E3,Q9Y4K3,Q99538,TRAF6,LGMN,1,2,1.0,0.6310272
E3|Q9Y4K3|Q9BQ95,E3|Q9Y4K3,E3,Q9Y4K3,Q9BQ95,TRAF6,ECSIT,1,2,1.0,0.63231164
E3|Q9Y4K3|Q9BVN2,E3|Q9Y4K3,E3,Q9Y4K3,Q9BVN2,TRAF6,RUSC1,1,2,1.0,0.6330461
E3|Q9Y4K3|Q9BXM7,E3|Q9Y4K3,E3,Q9Y4K3,Q9BXM7,TRAF6,PINK1,1,2,1.0,0.63287944
E3|Q9Y4K3|Q9GZQ8,E3|Q9Y4K3,E3,Q9Y4K3,Q9GZQ8,TRAF6,MAP1LC3B,1,2,1.0,0.6331144
E3|Q9Y4K3|Q9UDY8,E3|Q9Y4K3,E3,Q9Y4K3,Q9UDY8,TRAF6,MALT1,1,2,1.0,0.63347477
E3|Q9Y4K3|Q9Y4K3,E3|Q9Y4K3,E3,Q9Y4K3,Q9Y4K3,TRAF6,TRAF6,1,2,1.0,0.63387245
E3|Q9Y4K3|Q9Y6K9,E3|Q9Y4K3,E3,Q9Y4K3,Q9Y6K9,TRAF6,IKBKG,1,2,1.0,0.63346833
DUB|O75317|O60346,DUB|O75317,DUB,O75317,O60346,USP12,PHLPP1,1,2,1.0,0.63309234
DUB|O75317|P0C0S8,DUB|O75317,DUB,O75317,P0C0S8,USP12,HIST1H2AM,1,2,1.0,0.62762254
DUB|O75317|P10275,DUB|O75317,DUB,O75317,P10275,USP12,AR,1,2,1.0,0.628257
DUB|O75317|P62807,DUB|O75317,DUB,O75317,P62807,USP12,HIST1H2BI,1,2,1.0,0.62904304
DUB|O75317|Q00987,DUB|O75317,DUB,O75317,Q00987,USP12,MDM2,1,2,1.0,0.6293894
DUB|O75317|Q16777,DUB|O75317,DUB,O75317,Q16777,USP12,HIST2H2AC,1,2,1.0,0.62799793
DUB|O75317|Q16778,DUB|O75317,DUB,O75317,Q16778,USP12,HIST2H2BE,1,2,1.0,0.6292188
DUB|O75317|Q6ZVD8,DUB|O75317,DUB,O75317,Q6ZVD8,USP12,PHLPP2,1,2,1.0,0.63102984
DUB|P15374|O15315,DUB|P15374,DUB,P15374,O15315,UCHL3,RAD51B,1,2,1.0,0.6331972
DUB|P15374|Q06609,DUB|P15374,DUB,P15374,Q06609,UCHL3,RAD51,1,2,1.0,0.6331785
DUB|P15374|Q08050,DUB|P15374,DUB,P15374,Q08050,UCHL3,FOXM1,1,2,1.0,0.6332466
DUB|P15374|Q15797,DUB|P15374,DUB,P15374,Q15797,UCHL3,SMAD1,1,2,1.0,0.633151
DUB|P40818|O15519,DUB|P40818,DUB,P40818,O15519,USP8,CFLAR,1,2,1.0,0.63129985
DUB|P40818|O15554,DUB|P40818,DUB,P40818,O15554,USP8,KCNN4,1,2,1.0,0.6326576
DUB|P40818|O60260,DUB|P40818,DUB,P40818,O60260,USP8,PRKN,1,2,1.0,0.6309141
DUB|P40818|O94979,DUB|P40818,DUB,P40818,O94979,USP8,SEC31A,1,2,1.0,0.6322195
DUB|P40818|P00533,DUB|P40818,DUB,P40818,P00533,USP8,EGFR,1,2,1.0,0.6330189
DUB|P40818|P01130,DUB|P40818,DUB,P40818,P01130,USP8,LDLR,1,2,1.0,0.6333688
DUB|P40818|P04626,DUB|P40818,DUB,P40818,P04626,USP8,ERBB2,1,2,1.0,0.6334799
DUB|P40818|P04629,DUB|P40818,DUB,P40818,P04629,USP8,NTRK1,1,2,1.0,0.63255274
DUB|P40818|P08581,DUB|P40818,DUB,P40818,P08581,USP8,MET,1,2,1.0,0.6329754
DUB|P40818|P17302,DUB|P40818,DUB,P40818,P17302,USP8,GJA1,1,2,1.0,0.63332254
DUB|P40818|P21860,DUB|P40818,DUB,P40818,P21860,USP8,ERBB3,1,2,1.0,0.632973
DUB|P40818|P29466,DUB|P40818,DUB,P40818,P29466,USP8,CASP1,1,2,1.0,0.6328784
DUB|P40818|P37088,DUB|P40818,DUB,P40818,P37088,USP8,SCNN1A,1,2,1.0,0.63244617
DUB|P40818|P37840,DUB|P40818,DUB,P40818,P37840,USP8,SNCA,1,2,1.0,0.6318865
DUB|P40818|P42261,DUB|P40818,DUB,P40818,P42261,USP8,GRIA1,1,2,1.0,0.63319635
DUB|P40818|P42566,DUB|P40818,DUB,P40818,P42566,USP8,EPS15,1,2,1.0,0.63347083
DUB|P40818|P48431,DUB|P40818,DUB,P40818,P48431,USP8,SOX2,1,2,1.0,0.6290305
DUB|P40818|P55085,DUB|P40818,DUB,P40818,P55085,USP8,F2RL1,1,2,1.0,0.6327802
DUB|P40818|P56817,DUB|P40818,DUB,P40818,P56817,USP8,BACE1,1,2,1.0,0.6331175
DUB|P40818|Q02241,DUB|P40818,DUB,P40818,Q02241,USP8,KIF23,1,2,1.0,0.62976235
DUB|P40818|Q16620,DUB|P40818,DUB,P40818,Q16620,USP8,NTRK2,1,2,1.0,0.63313687
DUB|P40818|Q16665,DUB|P40818,DUB,P40818,Q16665,USP8,HIF1A,1,2,1.0,0.62971354
DUB|P40818|Q4U2R8,DUB|P40818,DUB,P40818,Q4U2R8,USP8,SLC22A6,1,2,1.0,0.6326279
DUB|P40818|Q6FHJ7,DUB|P40818,DUB,P40818,Q6FHJ7,USP8,SFRP4,1,2,1.0,0.63233894
DUB|P40818|Q7LBR1,DUB|P40818,DUB,P40818,Q7LBR1,USP8,CHMP1B,1,2,1.0,0.6325038
DUB|P40818|Q8NEM0,DUB|P40818,DUB,P40818,Q8NEM0,USP8,MCPH1,1,2,1.0,0.6295385
DUB|P40818|Q92783,DUB|P40818,DUB,P40818,Q92783,USP8,STAM,1,2,1.0,0.63232404
DUB|P40818|Q96J02,DUB|P40818,DUB,P40818,Q96J02,USP8,ITCH,1,2,1.0,0.6329852
DUB|P40818|Q96JA1,DUB|P40818,DUB,P40818,Q96JA1,USP8,LRIG1,1,2,1.0,0.6327146
DUB|P40818|Q99835,DUB|P40818,DUB,P40818,Q99835,USP8,SMO,1,2,1.0,0.63258666
DUB|P40818|Q9BYB0,DUB|P40818,DUB,P40818,Q9BYB0,USP8,SHANK3,1,2,1.0,0.63057715
DUB|P40818|Q9H4P4,DUB|P40818,DUB,P40818,Q9H4P4,USP8,RNF41,1,2,1.0,0.6310016
DUB|P40818|Q9HCE0,DUB|P40818,DUB,P40818,Q9HCE0,USP8,EPG5,1,2,1.0,0.6324357
DUB|P40818|Q9NR09,DUB|P40818,DUB,P40818,Q9NR09,USP8,BIRC6,1,2,1.0,0.6309706
DUB|P45974|O43623,DUB|P45974,DUB,P45974,O43623,USP5,SNAI2,1,2,1.0,0.6328707
DUB|P45974|O75444,DUB|P45974,DUB,P45974,O75444,USP5,MAF,1,2,1.0,0.6318796
DUB|P45974|O95180,DUB|P45974,DUB,P45974,O95180,USP5,CACNA1H,1,2,1.0,0.627997
DUB|P45974|P04637,DUB|P45974,DUB,P45974,P04637,USP5,TP53,1,2,1.0,0.6333606
DUB|P45974|P19544,DUB|P45974,DUB,P45974,P19544,USP5,WT1,1,2,1.0,0.63296425
DUB|P45974|P35222,DUB|P45974,DUB,P45974,P35222,USP5,CTNNB1,1,2,1.0,0.6316037
DUB|P45974|P49411,DUB|P45974,DUB,P45974,P49411,USP5,TUFM,1,2,1.0,0.6323918
DUB|P45974|Q08050,DUB|P45974,DUB,P45974,Q08050,USP5,FOXM1,1,2,1.0,0.6329541
DUB|P45974|Q86WV6,DUB|P45974,DUB,P45974,Q86WV6,USP5,TMEM173,1,2,1.0,0.63000995
DUB|P45974|Q92769,DUB|P45974,DUB,P45974,Q92769,USP5,HDAC2,1,2,1.0,0.6328174
DUB|P45974|Q9Y4K3,DUB|P45974,DUB,P45974,Q9Y4K3,USP5,TRAF6,1,2,1.0,0.6323658
DUB|P45974|Q9Y5Q3,DUB|P45974,DUB,P45974,Q9Y5Q3,USP5,MAFB,1,2,1.0,0.6324828
DUB|P51784|O00425,DUB|P51784,DUB,P51784,O00425,USP11,IGF2BP3,1,2,1.0,0.62966645
DUB|P51784|O14497,DUB|P51784,DUB,P51784,O14497,USP11,ARID1A,1,2,1.0,0.6313709
DUB|P51784|O14920,DUB|P51784,DUB,P51784,O14920,USP11,IKBKB,1,2,1.0,0.6333133
DUB|P51784|O15111,DUB|P51784,DUB,P51784,O15111,USP11,CHUK,1,2,1.0,0.63335735
DUB|P51784|O43663,DUB|P51784,DUB,P51784,O43663,USP11,PRC1,1,2,1.0,0.6333266
DUB|P51784|O95863,DUB|P51784,DUB,P51784,O95863,USP11,SNAI1,1,2,1.0,0.6330647
DUB|P51784|P04637,DUB|P51784,DUB,P51784,P04637,USP11,TP53,1,2,1.0,0.63356227
DUB|P51784|P16104,DUB|P51784,DUB,P51784,P16104,USP11,H2AFX,1,2,1.0,0.6328457
DUB|P51784|P25963,DUB|P51784,DUB,P51784,P25963,USP11,NFKBIA,1,2,1.0,0.6333127
DUB|P51784|P29590,DUB|P51784,DUB,P51784,P29590,USP11,PML,1,2,1.0,0.63214296
DUB|P51784|P35226,DUB|P51784,DUB,P51784,P35226,USP11,BMI1,1,2,1.0,0.6329566
DUB|P51784|P36897,DUB|P51784,DUB,P51784,P36897,USP11,TGFBR1,1,2,1.0,0.62879187
DUB|P51784|P37173,DUB|P51784,DUB,P51784,P37173,USP11,TGFBR2,1,2,1.0,0.628429
DUB|P51784|P38936,DUB|P51784,DUB,P51784,P38936,USP11,CDKN1A,1,2,1.0,0.6333916
DUB|P51784|P51587,DUB|P51784,DUB,P51784,P51587,USP11,BRCA2,1,2,1.0,0.6331046
DUB|P51784|P62136,DUB|P51784,DUB,P51784,P62136,USP11,PPP1CA,1,2,1.0,0.633664
DUB|P51784|P78406,DUB|P51784,DUB,P51784,P78406,USP11,RAE1,1,2,1.0,0.63333553
DUB|P51784|P98170,DUB|P51784,DUB,P51784,P98170,USP11,XIAP,1,2,1.0,0.6332784
DUB|P51784|Q01094,DUB|P51784,DUB,P51784,Q01094,USP11,E2F1,1,2,1.0,0.6325396
DUB|P51784|Q01831,DUB|P51784,DUB,P51784,Q01831,USP11,XPC,1,2,1.0,0.6325393
DUB|P51784|Q14135,DUB|P51784,DUB,P51784,Q14135,USP11,VGLL4,1,2,1.0,0.6327321
DUB|P51784|Q15233,DUB|P51784,DUB,P51784,Q15233,USP11,NONO,1,2,1.0,0.6332401
DUB|P51784|Q16236,DUB|P51784,DUB,P51784,Q16236,USP11,NFE2L2,1,2,1.0,0.6325778
DUB|P51784|Q86YC2,DUB|P51784,DUB,P51784,Q86YC2,USP11,PALB2,1,2,1.0,0.6323756
DUB|P51784|Q92633,DUB|P51784,DUB,P51784,Q92633,USP11,LPAR1,1,2,1.0,0.6284579
DUB|P51784|Q96S59,DUB|P51784,DUB,P51784,Q96S59,USP11,RANBP9,1,2,1.0,0.6292813
DUB|P51784|Q9H040,DUB|P51784,DUB,P51784,Q9H040,USP11,SPRTN,1,2,1.0,0.6337136
DUB|P62068|O60346,DUB|P62068,DUB,P62068,O60346,USP46,PHLPP1,1,2,1.0,0.6312546
DUB|P62068|P06733,DUB|P62068,DUB,P62068,P06733,USP46,ENO1,1,2,1.0,0.63200855
DUB|P62068|P10275,DUB|P62068,DUB,P62068,P10275,USP46,AR,1,2,1.0,0.630051
DUB|P62068|P26927,DUB|P62068,DUB,P62068,P26927,USP46,MST1,1,2,1.0,0.6306208
DUB|P62068|P42261,DUB|P62068,DUB,P62068,P42261,USP46,GRIA1,1,2,1.0,0.6309934
DUB|P62068|Q16777,DUB|P62068,DUB,P62068,Q16777,USP46,HIST2H2AC,1,2,1.0,0.62984866
DUB|P62068|Q16778,DUB|P62068,DUB,P62068,Q16778,USP46,HIST2H2BE,1,2,1.0,0.6310311
DUB|P62068|Q99259,DUB|P62068,DUB,P62068,Q99259,USP46,GAD1,1,2,1.0,0.6322138
DUB|Q01804|Q01831,DUB|Q01804,DUB,Q01804,Q01831,OTUD4,XPC,1,2,1.0,0.63347465
DUB|Q01804|Q7Z434,DUB|Q01804,DUB,Q01804,Q7Z434,OTUD4,MAVS,1,2,1.0,0.63117874
DUB|Q05CD9|Q9H4P4,DUB|Q05CD9,DUB,Q05CD9,Q9H4P4,USP8,RNF41,1,2,1.0,0.6318817
DUB|Q14694|O43474,DUB|Q14694,DUB,Q14694,O43474,USP10,KLF4,1,2,1.0,0.6313177
DUB|Q14694|O43623,DUB|Q14694,DUB,Q14694,O43623,USP10,SNAI2,1,2,1.0,0.63157785
DUB|Q14694|O60493,DUB|Q14694,DUB,Q14694,O60493,USP10,SNX3,1,2,1.0,0.632268
DUB|Q14694|P04049,DUB|Q14694,DUB,Q14694,P04049,USP10,RAF1,1,2,1.0,0.6325343
DUB|Q14694|P04637,DUB|Q14694,DUB,Q14694,P04637,USP10,TP53,1,2,1.0,0.63265157
DUB|Q14694|P05556,DUB|Q14694,DUB,Q14694,P05556,USP10,ITGB1,1,2,1.0,0.63071233
DUB|Q14694|P0C0S5,DUB|Q14694,DUB,Q14694,P0C0S5,USP10,H2AFZ,1,2,1.0,0.63066244
DUB|Q14694|P13569,DUB|Q14694,DUB,Q14694,P13569,USP10,CFTR,1,2,1.0,0.63141227
DUB|Q14694|P15880,DUB|Q14694,DUB,Q14694,P15880,USP10,RPS2,1,2,1.0,0.6319916
DUB|Q14694|P18084,DUB|Q14694,DUB,Q14694,P18084,USP10,ITGB5,1,2,1.0,0.6299056
DUB|Q14694|P20226,DUB|Q14694,DUB,Q14694,P20226,USP10,TBP,1,2,1.0,0.6310108
DUB|Q14694|P23396,DUB|Q14694,DUB,Q14694,P23396,USP10,RPS3,1,2,1.0,0.63248986
DUB|Q14694|P24385,DUB|Q14694,DUB,Q14694,P24385,USP10,CCND1,1,2,1.0,0.6317321
DUB|Q14694|P36888,DUB|Q14694,DUB,Q14694,P36888,USP10,FLT3,1,2,1.0,0.63036484
DUB|Q14694|P37198,DUB|Q14694,DUB,Q14694,P37198,USP10,NUP62,1,2,1.0,0.63203454
DUB|Q14694|P42771,DUB|Q14694,DUB,Q14694,P42771,USP10,CDKN2A,1,2,1.0,0.628662
DUB|Q14694|P43246,DUB|Q14694,DUB,Q14694,P43246,USP10,MSH2,1,2,1.0,0.6318177
DUB|Q14694|P43405,DUB|Q14694,DUB,Q14694,P43405,USP10,SYK,1,2,1.0,0.6303319
DUB|Q14694|P48764,DUB|Q14694,DUB,Q14694,P48764,USP10,SLC9A3,1,2,1.0,0.6303695
DUB|Q14694|P54646,DUB|Q14694,DUB,Q14694,P54646,USP10,PRKAA2,1,2,1.0,0.63224363
DUB|Q14694|P60484,DUB|Q14694,DUB,Q14694,P60484,USP10,PTEN,1,2,1.0,0.63335323
DUB|Q14694|P62807,DUB|Q14694,DUB,Q14694,P62807,USP10,HIST1H2BI,1,2,1.0,0.6319271
DUB|Q14694|Q03518,DUB|Q14694,DUB,Q14694,Q03518,USP10,TAP1,1,2,1.0,0.6311971
DUB|Q14694|Q13131,DUB|Q14694,DUB,Q14694,Q13131,USP10,PRKAA1,1,2,1.0,0.63295317
DUB|Q14694|Q13309,DUB|Q14694,DUB,Q14694,Q13309,USP10,SKP2,1,2,1.0,0.63249606
DUB|Q14694|Q13485,DUB|Q14694,DUB,Q14694,Q13485,USP10,SMAD4,1,2,1.0,0.63160676
DUB|Q14694|Q14457,DUB|Q14694,DUB,Q14694,Q14457,USP10,BECN1,1,2,1.0,0.63234234
DUB|Q14694|Q8N6T7,DUB|Q14694,DUB,Q14694,Q8N6T7,USP10,SIRT6,1,2,1.0,0.6331859
DUB|Q14694|Q8WX94,DUB|Q14694,DUB,Q14694,Q8WX94,USP10,NLRP7,1,2,1.0,0.63238955
DUB|Q14694|Q96DH6,DUB|Q14694,DUB,Q14694,Q96DH6,USP10,MSI2,1,2,1.0,0.6321781
DUB|Q14694|Q9GZQ8,DUB|Q14694,DUB,Q14694,Q9GZQ8,USP10,MAP1LC3B,1,2,1.0,0.6329494
DUB|Q14694|Q9UL17,DUB|Q14694,DUB,Q14694,Q9UL17,USP10,TBX21,1,2,1.0,0.6296601
DUB|Q14694|Q9Y4K3,DUB|Q14694,DUB,Q14694,Q9Y4K3,USP10,TRAF6,1,2,1.0,0.63324845
DUB|Q14694|Q9Y6K9,DUB|Q14694,DUB,Q14694,Q9Y6K9,USP10,IKBKG,1,2,1.0,0.6329349
DUB|Q70EK8|P25963,DUB|Q70EK8,DUB,Q70EK8,P25963,USP53,NFKBIA,1,2,1.0,0.63240784
DUB|Q70EL2|P07992,DUB|Q70EL2,DUB,Q70EL2,P07992,USP45,ERCC1,1,2,1.0,0.63279414
DUB|Q70EL4|P37275,DUB|Q70EL4,DUB,Q70EL4,P37275,USP43,ZEB1,1,2,1.0,0.6332869
DUB|Q8TEY7|O43303,DUB|Q8TEY7,DUB,Q8TEY7,O43303,USP33,CCP110,1,2,1.0,0.6328353
DUB|Q8TEY7|O60260,DUB|Q8TEY7,DUB,Q8TEY7,O60260,USP33,PRKN,1,2,1.0,0.63310003
DUB|Q8TEY7|P01106,DUB|Q8TEY7,DUB,Q8TEY7,P01106,USP33,MYC,1,2,1.0,0.63251686
DUB|Q8TEY7|P07550,DUB|Q8TEY7,DUB,Q8TEY7,P07550,USP33,ADRB2,1,2,1.0,0.62986803
DUB|Q8TEY7|P11234,DUB|Q8TEY7,DUB,Q8TEY7,P11234,USP33,RALB,1,2,1.0,0.6289467
DUB|Q8TEY7|P28562,DUB|Q8TEY7,DUB,Q8TEY7,P28562,USP33,DUSP1,1,2,1.0,0.63302386
DUB|Q8TEY7|P32121,DUB|Q8TEY7,DUB,Q8TEY7,P32121,USP33,ARRB2,1,2,1.0,0.6301171
DUB|Q8TEY7|P35813,DUB|Q8TEY7,DUB,Q8TEY7,P35813,USP33,PPM1A,1,2,1.0,0.6331845
DUB|Q8TEY7|P49407,DUB|Q8TEY7,DUB,Q8TEY7,P49407,USP33,ARRB1,1,2,1.0,0.6298859
DUB|Q8TEY7|Q92813,DUB|Q8TEY7,DUB,Q8TEY7,Q92813,USP33,DIO2,1,2,1.0,0.63024616
DUB|Q8TEY7|Q9Y6N7,DUB|Q8TEY7,DUB,Q8TEY7,Q9Y6N7,USP33,ROBO1,1,2,1.0,0.6295106
DUB|Q92560|O15294,DUB|Q92560,DUB,Q92560,O15294,BAP1,OGT,1,2,1.0,0.6299361
DUB|Q92560|P0C0S8,DUB|Q92560,DUB,Q92560,P0C0S8,BAP1,HIST1H2AM,1,2,1.0,0.632574
DUB|Q92560|P16104,DUB|Q92560,DUB,Q92560,P16104,BAP1,H2AFX,1,2,1.0,0.6332439
DUB|Q92560|P25490,DUB|Q92560,DUB,Q92560,P25490,BAP1,YY1,1,2,1.0,0.6330432
DUB|Q92560|P27348,DUB|Q92560,DUB,Q92560,P27348,BAP1,YWHAQ,1,2,1.0,0.6326179
DUB|Q92560|P38398,DUB|Q92560,DUB,Q92560,P38398,BAP1,BRCA1,1,2,1.0,0.6336741
DUB|Q92560|P46531,DUB|Q92560,DUB,Q92560,P46531,BAP1,NOTCH1,1,2,1.0,0.6289264
DUB|Q92560|P51610,DUB|Q92560,DUB,Q92560,P51610,BAP1,HCFC1,1,2,1.0,0.6310292
DUB|Q92560|P60484,DUB|Q92560,DUB,Q92560,P60484,BAP1,PTEN,1,2,1.0,0.6315346
DUB|Q92560|Q01167,DUB|Q92560,DUB,Q92560,Q01167,BAP1,FOXK2,1,2,1.0,0.6327268
DUB|Q92560|Q13887,DUB|Q92560,DUB,Q92560,Q13887,BAP1,KLF5,1,2,1.0,0.6324259
DUB|Q92560|Q15831,DUB|Q92560,DUB,Q92560,Q15831,BAP1,STK11,1,2,1.0,0.631871
DUB|Q92560|Q16777,DUB|Q92560,DUB,Q92560,Q16777,BAP1,HIST2H2AC,1,2,1.0,0.632879
DUB|Q92560|Q6FI13,DUB|Q92560,DUB,Q92560,Q6FI13,BAP1,HIST2H2AA4,1,2,1.0,0.6325283
DUB|Q92560|Q96CW5,DUB|Q92560,DUB,Q92560,Q96CW5,BAP1,TUBGCP3,1,2,1.0,0.6336336
DUB|Q92905|O43623,DUB|Q92905,DUB,Q92905,O43623,COPS5,SNAI2,1,2,1.0,0.6325237
DUB|Q92905|O95863,DUB|Q92905,DUB,Q92905,O95863,COPS5,SNAI1,1,2,1.0,0.63252914
DUB|Q92905|Q13619,DUB|Q92905,DUB,Q92905,Q13619,COPS5,CUL4A,1,2,1.0,0.6331128
DUB|Q92905|Q9NZQ7,DUB|Q92905,DUB,Q92905,Q9NZQ7,COPS5,CD274,1,2,1.0,0.6295829
DUB|Q96G74|O00463,DUB|Q96G74,DUB,Q96G74,O00463,OTUD5,TRAF5,1,2,1.0,0.63319063
DUB|Q96G74|O14737,DUB|Q96G74,DUB,Q96G74,O14737,OTUD5,PDCD5,1,2,1.0,0.63342077
DUB|Q96G74|O95071,DUB|Q96G74,DUB,Q96G74,O95071,OTUD5,UBR5,1,2,1.0,0.6326865
DUB|Q96G74|P04637,DUB|Q96G74,DUB,Q96G74,P04637,OTUD5,TP53,1,2,1.0,0.6333309
DUB|Q96G74|P13010,DUB|Q96G74,DUB,Q96G74,P13010,OTUD5,XRCC5,1,2,1.0,0.63260484
DUB|Q96G74|Q12933,DUB|Q96G74,DUB,Q96G74,Q12933,OTUD5,TRAF2,1,2,1.0,0.63333315
DUB|Q96G74|Q13114,DUB|Q96G74,DUB,Q96G74,Q13114,OTUD5,TRAF3,1,2,1.0,0.6318123
DUB|Q96G74|Q14258,DUB|Q96G74,DUB,Q96G74,Q14258,OTUD5,TRIM25,1,2,1.0,0.63346267
DUB|Q96G74|Q9Y4K3,DUB|Q96G74,DUB,Q96G74,Q9Y4K3,OTUD5,TRAF6,1,2,1.0,0.6329545
DUB|Q9BXU7|O15105,DUB|Q9BXU7,DUB,Q9BXU7,O15105,USP26,SMAD7,1,2,1.0,0.6332137
DUB|Q9BXU7|O43663,DUB|Q9BXU7,DUB,Q9BXU7,O43663,USP26,PRC1,1,2,1.0,0.6339918
DUB|Q9BXU7|O95863,DUB|Q9BXU7,DUB,Q9BXU7,O95863,USP26,SNAI1,1,2,1.0,0.6333694
DUB|Q9BXU7|P0C0S8,DUB|Q9BXU7,DUB,Q9BXU7,P0C0S8,USP26,HIST1H2AM,1,2,1.0,0.6327773
DUB|Q9BXU7|P10275,DUB|Q9BXU7,DUB,Q9BXU7,P10275,USP26,AR,1,2,1.0,0.63313764
DUB|Q9BXU7|Q00987,DUB|Q9BXU7,DUB,Q9BXU7,Q00987,USP26,MDM2,1,2,1.0,0.63325006
DUB|Q9HBJ7|P04637,DUB|Q9HBJ7,DUB,Q9HBJ7,P04637,USP29,TP53,1,2,1.0,0.63271284
DUB|Q9HBJ7|Q16777,DUB|Q9HBJ7,DUB,Q9HBJ7,Q16777,USP29,HIST2H2AC,1,2,1.0,0.6320911
DUB|Q9HBJ7|Q8N884,DUB|Q9HBJ7,DUB,Q9HBJ7,Q8N884,USP29,CGAS,1,2,1.0,0.62816113
DUB|Q9HBJ7|Q9HAW4,DUB|Q9HBJ7,DUB,Q9HBJ7,Q9HAW4,USP29,CLSPN,1,2,1.0,0.6324323
DUB|Q9UHP3|O00463,DUB|Q9UHP3,DUB,Q9UHP3,O00463,USP25,TRAF5,1,2,1.0,0.6332679
DUB|Q9UHP3|O95271,DUB|Q9UHP3,DUB,Q9UHP3,O95271,USP25,TNKS,1,2,1.0,0.63301027
DUB|Q9UHP3|P04234,DUB|Q9UHP3,DUB,Q9UHP3,P04234,USP25,CD3D,1,2,1.0,0.6289528
DUB|Q9UHP3|P05067,DUB|Q9UHP3,DUB,Q9UHP3,P05067,USP25,APP,1,2,1.0,0.6308863
DUB|Q9UHP3|P46531,DUB|Q9UHP3,DUB,Q9UHP3,P46531,USP25,NOTCH1,1,2,1.0,0.6302397
DUB|Q9UHP3|P50991,DUB|Q9UHP3,DUB,Q9UHP3,P50991,USP25,CCT4,1,2,1.0,0.6327432
DUB|Q9UHP3|Q13114,DUB|Q9UHP3,DUB,Q9UHP3,Q13114,USP25,TRAF3,1,2,1.0,0.63196975
DUB|Q9UHP3|Q8N4S9,DUB|Q9UHP3,DUB,Q9UHP3,Q8N4S9,USP25,MARVELD2,1,2,1.0,0.6292547
DUB|Q9UHP3|Q9Y4K3,DUB|Q9UHP3,DUB,Q9UHP3,Q9Y4K3,USP25,TRAF6,1,2,1.0,0.6331826
DUB|Q9Y5K5|P25963,DUB|Q9Y5K5,DUB,Q9Y5K5,P25963,UCHL5,NFKBIA,1,2,1.0,0.63313085
DUB|Q9Y5K5|P35228,DUB|Q9Y5K5,DUB,Q9Y5K5,P35228,UCHL5,NOS2,1,2,1.0,0.6331627
DUB|Q9Y5K5|P36897,DUB|Q9Y5K5,DUB,Q9Y5K5,P36897,UCHL5,TGFBR1,1,2,1.0,0.6290421
DUB|Q9Y5K5|Q01094,DUB|Q9Y5K5,DUB,Q9Y5K5,Q01094,UCHL5,E2F1,1,2,1.0,0.63218606
DUB|Q9Y5K5|Q6P4R8,DUB|Q9Y5K5,DUB,Q9Y5K5,Q6P4R8,UCHL5,NFRKB,1,2,1.0,0.6317895
DUB|Q9Y5K5|Q99835,DUB|Q9Y5K5,DUB,Q9Y5K5,Q99835,UCHL5,SMO,1,2,1.0,0.6282892
DUB|Q9Y5K5|Q9UMS4,DUB|Q9Y5K5,DUB,Q9Y5K5,Q9UMS4,UCHL5,PRPF19,1,2,1.0,0.63288844
E3|O00623|Q01094,E3|O00623,E3,O00623,Q01094,PEX12,E2F1,0,2,0.0,0.6301728
E3|O00623|O15111,E3|O00623,E3,O00623,O15111,PEX12,CHUK,0,2,0.0,0.63135225
E3|O14544|Q96FJ0,E3|O14544,E3,O14544,Q96FJ0,SOCS6,STAMBPL1,0,2,0.0,0.6330624
E3|O43663|Q5UEC6,E3|O43663,E3,O43663,Q5UEC6,PRC1,EB1,0,2,0.0,0.63148856
E3|O43663|Q9BSA4,E3|O43663,E3,O43663,Q9BSA4,PRC1,TTYH2,0,2,0.0,0.6272213
E3|O43663|P35613,E3|O43663,E3,O43663,P35613,PRC1,BSG,0,2,0.0,0.6282677
E3|O60784|P49450,E3|O60784,E3,O60784,P49450,TOM1,CENPA,0,2,0.0,0.62935704
E3|O60784|Q9Y657,E3|O60784,E3,O60784,Q9Y657,TOM1,SPIN1,0,2,0.0,0.6312476
E3|O76050|Q92851,E3|O76050,E3,O76050,Q92851,NEURL1,CASP10,0,2,0.0,0.6310999
E3|O94844|Q96FV9,E3|O94844,E3,O94844,Q96FV9,RHOBTB1,THOC1,0,2,0.0,0.6328597
E3|O94844|P19320,E3|O94844,E3,O94844,P19320,RHOBTB1,VCAM1,0,2,0.0,0.6285982
E3|O94952|Q96AE4,E3|O94952,E3,O94952,Q96AE4,FBXO21,FUBP1,0,2,0.0,0.63239896
E3|O94952|Q05086,E3|O94952,E3,O94952,Q05086,FBXO21,UBE3A,0,2,0.0,0.63319254
E3|O94952|P43146,E3|O94952,E3,O94952,P43146,FBXO21,DCC,0,2,0.0,0.6321054
E3|O94952|P30838,E3|O94952,E3,O94952,P30838,FBXO21,ALDH3A1,0,2,0.0,0.6317027
E3|O94952|P17302,E3|O94952,E3,O94952,P17302,FBXO21,GJA1,0,2,0.0,0.630079
E3|O94952|Q7Z2W7,E3|O94952,E3,O94952,Q7Z2W7,FBXO21,TRPM8,0,2,0.0,0.6295741
E3|O95714|Q13467,E3|O95714,E3,O95714,Q13467,HERC2,FZD5,0,2,0.0,0.6277418
E3|P0CI25|P61224,E3|P0CI25,E3,P0CI25,P61224,TRIM49,RAP1B,0,2,0.0,0.62927896
E3|P0CI25|O43561,E3|P0CI25,E3,P0CI25,O43561,TRIM49,LAT,0,2,0.0,0.6287585
E3|P14373|Q9TQE0,E3|P14373,E3,P14373,Q9TQE0,TRIM27,HLA-DRB1,0,2,0.0,0.6320218
E3|P40337|P03956,E3|P40337,E3,P40337,P03956,VHL,MMP1,0,2,0.0,0.631666
E3|P40337|P02765,E3|P40337,E3,P40337,P02765,VHL,AHSG,0,2,0.0,0.6327264
E3|P40337|P05976,E3|P40337,E3,P40337,P05976,VHL,MYL1,0,2,0.0,0.6310125
E3|P40337|Q9P2F8,E3|P40337,E3,P40337,Q9P2F8,VHL,SIPA1L2,0,2,0.0,0.630723
E3|P49427|P18065,E3|P49427,E3,P49427,P18065,CDC34,IGFBP2,0,2,0.0,0.6282479
E3|P49427|O60883,E3|P49427,E3,P49427,O60883,CDC34,GPR37L1,0,2,0.0,0.6281135
E3|P78317|P01857,E3|P78317,E3,P78317,P01857,RNF4,IGHG1,0,2,0.0,0.6286088
E3|P78317|Q96PH1,E3|P78317,E3,P78317,Q96PH1,RNF4,NOX5,0,2,0.0,0.62857395
E3|P78317|P55017,E3|P78317,E3,P78317,P55017,RNF4,SLC12A3,0,2,0.0,0.6283107
E3|P78317|P43003,E3|P78317,E3,P78317,P43003,RNF4,SLC1A3,0,2,0.0,0.628417
E3|P78317|O00330,E3|P78317,E3,P78317,O00330,RNF4,PDHX,0,2,0.0,0.63179046
E3|Q09472|P23919,E3|Q09472,E3,Q09472,P23919,EP300,DTYMK,0,2,0.0,0.63312197
E3|Q09472|P19235,E3|Q09472,E3,Q09472,P19235,EP300,EPOR,0,2,0.0,0.6264283
E3|Q09472|Q8NBJ4,E3|Q09472,E3,Q09472,Q8NBJ4,EP300,GOLM1,0,2,0.0,0.6269276
E3|Q13049|P04085,E3|Q13049,E3,Q13049,P04085,TRIM32,PDGFA,0,2,0.0,0.6302217
E3|Q13049|Q9I788,E3|Q13049,E3,Q13049,Q9I788,TRIM32,exoT,0,2,0.0,0.6312024
E3|Q13049|O43561,E3|Q13049,E3,Q13049,O43561,TRIM32,LAT,0,2,0.0,0.63026035
E3|Q13191|P13051,E3|Q13191,E3,Q13191,P13051,CBLB,UNG,0,2,0.0,0.63172185
E3|Q13191|O43734,E3|Q13191,E3,Q13191,O43734,CBLB,TRAF3IP2,0,2,0.0,0.6320276
E3|Q13191|Q15672,E3|Q13191,E3,Q13191,Q15672,CBLB,TWIST1,0,2,0.0,0.6309779
E3|Q13191|P43005,E3|Q13191,E3,Q13191,P43005,CBLB,SLC1A1,0,2,0.0,0.63120294
E3|Q13191|P01857,E3|Q13191,E3,Q13191,P01857,CBLB,IGHG1,0,2,0.0,0.63122696
E3|Q13191|O43679,E3|Q13191,E3,Q13191,O43679,CBLB,LDB2,0,2,0.0,0.6304908
E3|Q13191|Q16778,E3|Q13191,E3,Q13191,Q16778,CBLB,H2BC21,0,2,0.0,0.6313054
E3|Q13191|Q6ZTN6,E3|Q13191,E3,Q13191,Q6ZTN6,CBLB,ANKRD13D,0,2,0.0,0.63123995
E3|Q13191|Q02539,E3|Q13191,E3,Q13191,Q02539,CBLB,H1-1,0,2,0.0,0.63213927
E3|Q13191|P04839,E3|Q13191,E3,Q13191,P04839,CBLB,CYBB,0,2,0.0,0.6311142
E3|Q13191|Q9UIF7,E3|Q13191,E3,Q13191,Q9UIF7,CBLB,MUTYH,0,2,0.0,0.6317081
E3|Q13191|Q9BSA4,E3|Q13191,E3,Q13191,Q9BSA4,CBLB,TTYH2,0,2,0.0,0.63087606
E3|Q13191|Q8IZG5,E3|Q13191,E3,Q13191,Q8IZG5,CBLB,SS18,0,2,0.0,0.62856686
E3|Q13191|O15146,E3|Q13191,E3,Q13191,O15146,CBLB,MUSK,0,2,0.0,0.630827
E3|Q13216|P62324,E3|Q13216,E3,Q13216,P62324,ERCC8,BTG1,0,2,0.0,0.633045
E3|Q13216|P60321,E3|Q13216,E3,Q13216,P60321,ERCC8,NANOS2,0,2,0.0,0.63291234
E3|Q13309|P46109,E3|Q13309,E3,Q13309,P46109,SKP2,CRKL,0,2,0.0,0.63239247
E3|Q13309|O00330,E3|Q13309,E3,Q13309,O00330,SKP2,PDHX,0,2,0.0,0.63177526
E3|Q13309|P46695,E3|Q13309,E3,Q13309,P46695,SKP2,IER3,0,2,0.0,0.6333786
E3|Q13309|P31645,E3|Q13309,E3,Q13309,P31645,SKP2,SLC6A4,0,2,0.0,0.6290015
E3|Q13309|O60883,E3|Q13309,E3,Q13309,O60883,SKP2,GPR37L1,0,2,0.0,0.6283021
E3|Q13309|P22455,E3|Q13309,E3,Q13309,P22455,SKP2,FGFR4,0,2,0.0,0.6291158
E3|Q13309|P29034,E3|Q13309,E3,Q13309,P29034,SKP2,S100A2,0,2,0.0,0.63317525
E3|Q13309|P15260,E3|Q13309,E3,Q13309,P15260,SKP2,IFNGR1,0,2,0.0,0.628379
E3|Q13309|Q92813,E3|Q13309,E3,Q13309,Q92813,SKP2,DIO2,0,2,0.0,0.6297608
E3|Q13309|P41595,E3|Q13309,E3,Q13309,P41595,SKP2,HTR2B,0,2,0.0,0.62832046
E3|Q13309|A6MI22,E3|Q13309,E3,Q13309,A6MI22,SKP2,tat,0,2,0.0,0.6322749
E3|Q13309|Q15726,E3|Q13309,E3,Q13309,Q15726,SKP2,KISS1,0,2,0.0,0.62874687
E3|Q13309|P15498,E3|Q13309,E3,Q13309,P15498,SKP2,VAV1,0,2,0.0,0.63183635
E3|Q13309|Q9Y6W8,E3|Q13309,E3,Q13309,Q9Y6W8,SKP2,ICOS,0,2,0.0,0.62828976
E3|Q13309|Q9UJA2,E3|Q13309,E3,Q13309,Q9UJA2,SKP2,CRLS1,0,2,0.0,0.6315713
E3|Q13309|P51795,E3|Q13309,E3,Q13309,P51795,SKP2,CLCN5,0,2,0.0,0.6290514
E3|Q13309|Q9UBN4,E3|Q13309,E3,Q13309,Q9UBN4,SKP2,TRPC4,0,2,0.0,0.6283551
E3|Q13309|O14543,E3|Q13309,E3,Q13309,O14543,SKP2,SOCS3,0,2,0.0,0.63156325
E3|Q13309|P35555,E3|Q13309,E3,Q13309,P35555,SKP2,FBN1,0,2,0.0,0.6286731
E3|Q13309|Q13873,E3|Q13309,E3,Q13309,Q13873,SKP2,BMPR2,0,2,0.0,0.62852985
E3|Q13309|P02765,E3|Q13309,E3,Q13309,P02765,SKP2,AHSG,0,2,0.0,0.6295018
E3|Q13309|Q13077,E3|Q13309,E3,Q13309,Q13077,SKP2,TRAF1,0,2,0.0,0.6334986
E3|Q13309|Q8TB45,E3|Q13309,E3,Q13309,Q8TB45,SKP2,DEPTOR,0,2,0.0,0.6312752
E3|Q13309|Q99759,E3|Q13309,E3,Q13309,Q99759,SKP2,MAP3K3,0,2,0.0,0.63322854
E3|Q13309|P14076,E3|Q13309,E3,Q13309,P14076,SKP2,gag,0,2,0.0,0.6326134
E3|Q13309|Q03135,E3|Q13309,E3,Q13309,Q03135,SKP2,CAV1,0,2,0.0,0.62937665
E3|Q13309|Q9I788,E3|Q13309,E3,Q13309,Q9I788,SKP2,exoT,0,2,0.0,0.63042486
E3|Q13309|Q15858,E3|Q13309,E3,Q13309,Q15858,SKP2,SCN9A,0,2,0.0,0.62834144
E3|Q13309|P43146,E3|Q13309,E3,Q13309,P43146,SKP2,DCC,0,2,0.0,0.6330053
E3|Q13309|P11686,E3|Q13309,E3,Q13309,P11686,SKP2,SFTPC,0,2,0.0,0.62871134
E3|Q13309|Q70CQ3,E3|Q13309,E3,Q13309,Q70CQ3,SKP2,USP30,0,2,0.0,0.6317031
E3|Q13309|O76013,E3|Q13309,E3,Q13309,O76013,SKP2,KRT36,0,2,0.0,0.63261807
E3|Q13309|Q8IZG5,E3|Q13309,E3,Q13309,Q8IZG5,SKP2,SS18,0,2,0.0,0.63081586
E3|Q13309|Q8N907,E3|Q13309,E3,Q13309,Q8N907,SKP2,DAND5,0,2,0.0,0.6303839
E3|Q13309|Q9Y282,E3|Q13309,E3,Q13309,Q9Y282,SKP2,ERGIC3,0,2,0.0,0.6299258
E3|Q13309|Q9Y5M8,E3|Q13309,E3,Q13309,Q9Y5M8,SKP2,SRPRB,0,2,0.0,0.63052654
E3|Q13309|P05777,E3|Q13309,E3,Q13309,P05777,SKP2,M,0,2,0.0,0.63308334
E3|Q13309|Q9NQA5,E3|Q13309,E3,Q13309,Q9NQA5,SKP2,TRPV5,0,2,0.0,0.62845755
E3|Q13309|Q9BT67,E3|Q13309,E3,Q13309,Q9BT67,SKP2,NDFIP1,0,2,0.0,0.6297158
E3|Q13309|O75581,E3|Q13309,E3,Q13309,O75581,SKP2,LRP6,0,2,0.0,0.6287254
E3|Q13309|F5HEZ4,E3|Q13309,E3,Q13309,F5HEZ4,SKP2,ORF71,0,2,0.0,0.63237363
E3|Q13309|Q96JA1,E3|Q13309,E3,Q13309,Q96JA1,SKP2,LRIG1,0,2,0.0,0.6283992
E3|Q13309|Q15388,E3|Q13309,E3,Q13309,Q15388,SKP2,TOMM20,0,2,0.0,0.63196754
E3|Q14145|P31994,E3|Q14145,E3,Q14145,P31994,KEAP1,FCGR2B,0,2,0.0,0.62850195
E3|Q14145|Q12913,E3|Q14145,E3,Q14145,Q12913,KEAP1,PTPRJ,0,2,0.0,0.6288379
E3|Q14145|Q9HBA0,E3|Q14145,E3,Q14145,Q9HBA0,KEAP1,TRPV4,0,2,0.0,0.6290762
E3|Q14145|O43175,E3|Q14145,E3,Q14145,O43175,KEAP1,PHGDH,0,2,0.0,0.63288337
E3|Q14145|Q9P055,E3|Q14145,E3,Q14145,Q9P055,KEAP1,JKAMP,0,2,0.0,0.62960464
E3|Q149N8|P31323,E3|Q149N8,E3,Q149N8,P31323,SHPRH,PRKAR2B,0,2,0.0,0.62628317
E3|Q149N8|P23258,E3|Q149N8,E3,Q149N8,P23258,SHPRH,TUBG1,0,2,0.0,0.63259006
E3|Q5T447|Q70CQ3,E3|Q5T447,E3,Q5T447,Q70CQ3,HECTD3,USP30,0,2,0.0,0.6321792
E3|Q5T447|Q13077,E3|Q5T447,E3,Q5T447,Q13077,HECTD3,TRAF1,0,2,0.0,0.6333971
E3|Q5T447|Q15742,E3|Q5T447,E3,Q5T447,Q15742,HECTD3,NAB2,0,2,0.0,0.6328023
E3|Q5T447|Q9UIH9,E3|Q5T447,E3,Q5T447,Q9UIH9,HECTD3,KLF15,0,2,0.0,0.63106155
E3|Q5T447|P16070,E3|Q5T447,E3,Q5T447,P16070,HECTD3,CD44,0,2,0.0,0.63131136
E3|Q5T447|P10912,E3|Q5T447,E3,Q5T447,P10912,HECTD3,GHR,0,2,0.0,0.62904865
E3|Q5XX13|P01009,E3|Q5XX13,E3,Q5XX13,P01009,FBXW10,SERPINA1,0,2,0.0,0.629
E3|Q5XX13|P10114,E3|Q5XX13,E3,Q5XX13,P10114,FBXW10,RAP2A,0,2,0.0,0.62875
E3|Q6PCD5|P43360,E3|Q6PCD5,E3,Q6PCD5,P43360,RFWD3,MAGEA6,0,2,0.0,0.633376
E3|Q6PJ69|P31645,E3|Q6PJ69,E3,Q6PJ69,P31645,TRIM65,SLC6A4,0,2,0.0,0.6300454
E3|Q6VVB1|P68133,E3|Q6VVB1,E3,Q6VVB1,P68133,NHLRC1,ACTA1,0,2,0.0,0.62998784
E3|Q6VVB1|Q9NV92,E3|Q6VVB1,E3,Q6VVB1,Q9NV92,NHLRC1,NDFIP2,0,2,0.0,0.6324421
E3|Q6VVB1|O60343,E3|Q6VVB1,E3,Q6VVB1,O60343,NHLRC1,TBC1D4,0,2,0.0,0.6294015
E3|Q6VVB1|Q9Y6W8,E3|Q6VVB1,E3,Q6VVB1,Q9Y6W8,NHLRC1,ICOS,0,2,0.0,0.6313108
E3|Q6ZW49|Q96NT3,E3|Q6ZW49,E3,Q6ZW49,Q96NT3,PAXIP1,GUCD1,0,2,0.0,0.6290164
E3|Q7Z6J0|Q92994,E3|Q7Z6J0,E3,Q7Z6J0,Q92994,SH3RF1,BRF1,0,2,0.0,0.63099295
E3|Q7Z6J0|Q95IE3,E3|Q7Z6J0,E3,Q7Z6J0,Q95IE3,SH3RF1,HLA-DRB1,0,2,0.0,0.63202995
E3|Q7Z6J0|P15259,E3|Q7Z6J0,E3,Q7Z6J0,P15259,SH3RF1,PGAM2,0,2,0.0,0.6324535
E3|Q7Z6J0|Q8N907,E3|Q7Z6J0,E3,Q7Z6J0,Q8N907,SH3RF1,DAND5,0,2,0.0,0.6325358
E3|Q86WC4|Q9Y4K4,E3|Q86WC4,E3,Q86WC4,Q9Y4K4,OSTM1,MAP4K5,0,2,0.0,0.63213193
E3|Q86WC4|Q9NR28,E3|Q86WC4,E3,Q86WC4,Q9NR28,OSTM1,DIABLO,0,2,0.0,0.63158697
E3|Q86Y13|P55211,E3|Q86Y13,E3,Q86Y13,P55211,DZIP3,CASP9,0,2,0.0,0.6303286
E3|Q8N448|Q15554,E3|Q8N448,E3,Q8N448,Q15554,LNX2,TERF2,0,2,0.0,0.6322673
E3|Q8N448|P05412,E3|Q8N448,E3,Q8N448,P05412,LNX2,JUN,0,2,0.0,0.6322824
E3|Q8N448|Q9NRD5,E3|Q8N448,E3,Q8N448,Q9NRD5,LNX2,PICK1,0,2,0.0,0.6329097
E3|Q8NC42|Q6UUV9,E3|Q8NC42,E3,Q8NC42,Q6UUV9,RNF149,CRTC1,0,2,0.0,0.6304121
E3|Q8NCQ5|P04554,E3|Q8NCQ5,E3,Q8NCQ5,P04554,FBXO15,PRM2,0,2,0.0,0.6304591
E3|Q8NCQ5|P26045,E3|Q8NCQ5,E3,Q8NCQ5,P26045,FBXO15,PTPN3,0,2,0.0,0.6328544
E3|Q8NCQ5|Q6UVJ0,E3|Q8NCQ5,E3,Q8NCQ5,Q6UVJ0,FBXO15,SASS6,0,2,0.0,0.6315396
E3|Q8NCQ5|P63252,E3|Q8NCQ5,E3,Q8NCQ5,P63252,FBXO15,KCNJ2,0,2,0.0,0.6303624
E3|Q8ND25|P51825,E3|Q8ND25,E3,Q8ND25,P51825,ZNRF1,AFF1,0,2,0.0,0.62936366
E3|Q8ND25|P55317,E3|Q8ND25,E3,Q8ND25,P55317,ZNRF1,FOXA1,0,2,0.0,0.6296574
E3|Q8ND25|Q92734,E3|Q8ND25,E3,Q8ND25,Q92734,ZNRF1,TFG,0,2,0.0,0.6327735
E3|Q8NEG5|Q15311,E3|Q8NEG5,E3,Q8NEG5,Q15311,ZSWIM2,RALBP1,0,2,0.0,0.6314905
E3|Q8NEG5|O15553,E3|Q8NEG5,E3,Q8NEG5,O15553,ZSWIM2,MEFV,0,2,0.0,0.63312024
E3|Q8NG27|O95628,E3|Q8NG27,E3,Q8NG27,O95628,PJA1,CNOT4,0,2,0.0,0.63319695
E3|Q8NG27|P15056,E3|Q8NG27,E3,Q8NG27,P15056,PJA1,BRAF,0,2,0.0,0.6282728
E3|Q8NG27|P40305,E3|Q8NG27,E3,Q8NG27,P40305,PJA1,IFI27,0,2,0.0,0.630037
E3|Q8NG27|Q9BT92,E3|Q8NG27,E3,Q8NG27,Q9BT92,PJA1,TCHP,0,2,0.0,0.6305568
E3|Q8NG27|Q9NV92,E3|Q8NG27,E3,Q8NG27,Q9NV92,PJA1,NDFIP2,0,2,0.0,0.6298051
E3|Q8NG27|O96017,E3|Q8NG27,E3,Q8NG27,O96017,PJA1,CHEK2,0,2,0.0,0.6332626
E3|Q8NG27|P47989,E3|Q8NG27,E3,Q8NG27,P47989,PJA1,XDH,0,2,0.0,0.628024
E3|Q8NG27|Q8NFD5,E3|Q8NG27,E3,Q8NG27,Q8NFD5,PJA1,ARID1B,0,2,0.0,0.63168526
E3|Q8NG27|Q9HBA0,E3|Q8NG27,E3,Q8NG27,Q9HBA0,PJA1,TRPV4,0,2,0.0,0.6282291
E3|Q8NG27|P56817,E3|Q8NG27,E3,Q8NG27,P56817,PJA1,BACE1,0,2,0.0,0.62873954
E3|Q8NG27|O00308,E3|Q8NG27,E3,Q8NG27,O00308,PJA1,WWP2,0,2,0.0,0.6335964
E3|Q8NG27|Q9UBN4,E3|Q8NG27,E3,Q8NG27,Q9UBN4,PJA1,TRPC4,0,2,0.0,0.62767965
E3|Q8NG27|P13051,E3|Q8NG27,E3,Q8NG27,P13051,PJA1,UNG,0,2,0.0,0.6313682
E3|Q8TEB7|Q86T82,E3|Q8TEB7,E3,Q8TEB7,Q86T82,RNF128,USP37,0,2,0.0,0.63098764
E3|Q8TEB7|O60934,E3|Q8TEB7,E3,Q8TEB7,O60934,RNF128,NBN,0,2,0.0,0.63110536
E3|Q8TEB7|Q00059,E3|Q8TEB7,E3,Q8TEB7,Q00059,RNF128,TFAM,0,2,0.0,0.63245106
E3|Q8TEB7|C9JYI4,E3|Q8TEB7,E3,Q8TEB7,C9JYI4,RNF128,KPNA1,0,2,0.0,0.63135415
E3|Q8TEB7|Q16342,E3|Q8TEB7,E3,Q8TEB7,Q16342,RNF128,PDCD2,0,2,0.0,0.6321458
E3|Q8WXH4|O95630,E3|Q8WXH4,E3,Q8WXH4,O95630,ASB11,STAMBP,0,2,0.0,0.6325193
E3|Q8WXH4|P03956,E3|Q8WXH4,E3,Q8WXH4,P03956,ASB11,MMP1,0,2,0.0,0.63114524
E3|Q8WXH4|Q7Z6J0,E3|Q8WXH4,E3,Q8WXH4,Q7Z6J0,ASB11,SH3RF1,0,2,0.0,0.6325025
E3|Q8WXH4|P98170,E3|Q8WXH4,E3,Q8WXH4,P98170,ASB11,XIAP,0,2,0.0,0.6309709
E3|Q969K3|Q8N8V4,E3|Q969K3,E3,Q969K3,Q8N8V4,RNF34,ANKS4B,0,2,0.0,0.6318734
E3|Q96EX2|Q53ET0,E3|Q96EX2,E3,Q96EX2,Q53ET0,RNFT2,CRTC2,0,2,0.0,0.632808
E3|Q96EX2|P30307,E3|Q96EX2,E3,Q96EX2,P30307,RNFT2,CDC25C,0,2,0.0,0.6329711
E3|Q96GF1|Q9NRM7,E3|Q96GF1,E3,Q96GF1,Q9NRM7,RNF185,LATS2,0,2,0.0,0.6307314
E3|Q96GF1|P26927,E3|Q96GF1,E3,Q96GF1,P26927,RNF185,MST1,0,2,0.0,0.630931
E3|Q96GF1|Q96J92,E3|Q96GF1,E3,Q96GF1,Q96J92,RNF185,WNK4,0,2,0.0,0.6323169
E3|Q96GF1|Q8WUM4,E3|Q96GF1,E3,Q96GF1,Q8WUM4,RNF185,PDCD6IP,0,2,0.0,0.6319773
E3|Q96GF1|Q16665,E3|Q96GF1,E3,Q96GF1,Q16665,RNF185,HIF1A,0,2,0.0,0.6307594
E3|Q96J02|O95388,E3|Q96J02,E3,Q96J02,O95388,ITCH,CCN4,0,2,0.0,0.631286
E3|Q96J02|Q92918,E3|Q96J02,E3,Q96J02,Q92918,ITCH,MAP4K1,0,2,0.0,0.63125986
E3|Q96J02|Q13233,E3|Q96J02,E3,Q96J02,Q13233,ITCH,MAP3K1,0,2,0.0,0.6309239
E3|Q96J02|P31937,E3|Q96J02,E3,Q96J02,P31937,ITCH,HIBADH,0,2,0.0,0.631635
E3|Q96J02|Q8N519,E3|Q96J02,E3,Q96J02,Q8N519,ITCH,,0,2,0.0,0.6313873
E3|Q96J02|Q30134,E3|Q96J02,E3,Q96J02,Q30134,ITCH,HLA-DRB1,0,2,0.0,0.6323749
E3|Q96J02|P55036,E3|Q96J02,E3,Q96J02,P55036,ITCH,PSMD4,0,2,0.0,0.6306511
E3|Q96J02|P03129,E3|Q96J02,E3,Q96J02,P03129,ITCH,E7,0,2,0.0,0.6305573
E3|Q96J02|P54098,E3|Q96J02,E3,Q96J02,P54098,ITCH,POLG,0,2,0.0,0.6315692
E3|Q96J02|A9UEZ6,E3|Q96J02,E3,Q96J02,A9UEZ6,ITCH,BCR/ABL fusion,0,2,0.0,0.6299703
E3|Q96J02|O00233,E3|Q96J02,E3,Q96J02,O00233,ITCH,PSMD9,0,2,0.0,0.62998706
E3|Q96J02|P19429,E3|Q96J02,E3,Q96J02,P19429,ITCH,TNNI3,0,2,0.0,0.6312936
E3|Q96J02|Q92734,E3|Q96J02,E3,Q96J02,Q92734,ITCH,TFG,0,2,0.0,0.6325018
E3|Q96LD4|O60762,E3|Q96LD4,E3,Q96LD4,O60762,TRIM47,DPM1,0,2,0.0,0.6306412
E3|Q96LD4|P26951,E3|Q96LD4,E3,Q96LD4,P26951,TRIM47,IL3RA,0,2,0.0,0.6283545
E3|Q9BR09|Q92466,E3|Q9BR09,E3,Q9BR09,Q92466,NEURL2,DDB2,0,2,0.0,0.630568
E3|Q9BR09|Q96NT3,E3|Q9BR09,E3,Q9BR09,Q96NT3,NEURL2,GUCD1,0,2,0.0,0.6319832
E3|Q9BVG3|P0DP91,E3|Q9BVG3,E3,Q9BVG3,P0DP91,TRIM62,ERCC6,0,2,0.0,0.6331622
E3|Q9BVG3|Q9Y2Y9,E3|Q9BVG3,E3,Q9BVG3,Q9Y2Y9,TRIM62,KLF13,0,2,0.0,0.63372165
E3|Q9BXM7|O00308,E3|Q9BXM7,E3,Q9BXM7,O00308,PINK1,WWP2,0,2,0.0,0.6323375
E3|Q9BY78|P01106,E3|Q9BY78,E3,Q9BY78,P01106,RNF26,MYC,0,2,0.0,0.62984574
E3|Q9BY78|P30291,E3|Q9BY78,E3,Q9BY78,P30291,RNF26,WEE1,0,2,0.0,0.6304345
E3|Q9BY78|Q99848,E3|Q9BY78,E3,Q9BY78,Q99848,RNF26,EBNA1BP2,0,2,0.0,0.62960404
E3|Q9BY78|Q9BVN2,E3|Q9BY78,E3,Q9BY78,Q9BVN2,RNF26,RUSC1,0,2,0.0,0.63170326
E3|Q9BY78|Q9NWT6,E3|Q9BY78,E3,Q9BY78,Q9NWT6,RNF26,HIF1AN,0,2,0.0,0.6306841
E3|Q9BY78|Q9UJU2,E3|Q9BY78,E3,Q9BY78,Q9UJU2,RNF26,LEF1,0,2,0.0,0.62933666
E3|Q9BY78|Q15653,E3|Q9BY78,E3,Q9BY78,Q15653,RNF26,NFKBIB,0,2,0.0,0.6306822
E3|Q9BZY9|Q99814,E3|Q9BZY9,E3,Q9BZY9,Q99814,TRIM31,EPAS1,0,2,0.0,0.6317166
E3|Q9BZY9|P61371,E3|Q9BZY9,E3,Q9BZY9,P61371,TRIM31,ISL1,0,2,0.0,0.6309918
E3|Q9H0X6|P38398,E3|Q9H0X6,E3,Q9H0X6,P38398,RNF208,BRCA1,0,2,0.0,0.6319123
E3|Q9H0X6|P01911,E3|Q9H0X6,E3,Q9H0X6,P01911,RNF208,HLA-DRB1,0,2,0.0,0.63017803
E3|Q9H6Y7|P19237,E3|Q9H6Y7,E3,Q9H6Y7,P19237,RNF167,TNNI1,0,2,0.0,0.6305144
E3|Q9H6Y7|Q96QS3,E3|Q9H6Y7,E3,Q9H6Y7,Q96QS3,RNF167,ARX,0,2,0.0,0.6295728
E3|Q9H6Y7|Q12824,E3|Q9H6Y7,E3,Q9H6Y7,Q12824,RNF167,SMARCB1,0,2,0.0,0.62823415
E3|Q9H992|Q16777,E3|Q9H992,E3,Q9H992,Q16777,MARCHF7,H2AC20,0,2,0.0,0.63291764
E3|Q9H992|P56545,E3|Q9H992,E3,Q9H992,P56545,MARCHF7,CTBP2,0,2,0.0,0.63297343
E3|Q9H992|Q15388,E3|Q9H992,E3,Q9H992,Q15388,MARCHF7,TOMM20,0,2,0.0,0.6310384
E3|Q9HCI7|P01730,E3|Q9HCI7,E3,Q9HCI7,P01730,MSL2,CD4,0,2,0.0,0.6290844
E3|Q9HCI7|Q8ND25,E3|Q9HCI7,E3,Q9HCI7,Q8ND25,MSL2,ZNRF1,0,2,0.0,0.6306734
E3|Q9HCI7|P22681,E3|Q9HCI7,E3,Q9HCI7,P22681,MSL2,CBL,0,2,0.0,0.63022184
E3|Q9HCI7|O43734,E3|Q9HCI7,E3,Q9HCI7,O43734,MSL2,TRAF3IP2,0,2,0.0,0.6330513
E3|Q9HCI7|P37088,E3|Q9HCI7,E3,Q9HCI7,P37088,MSL2,SCNN1A,0,2,0.0,0.63115114
E3|Q9HCI7|Q15836,E3|Q9HCI7,E3,Q9HCI7,Q15836,MSL2,VAMP3,0,2,0.0,0.63063526
E3|Q9NRD1|Q13002,E3|Q9NRD1,E3,Q9NRD1,Q13002,FBXO6,GRIK2,0,2,0.0,0.62955165
E3|Q9NRD1|Q99988,E3|Q9NRD1,E3,Q9NRD1,Q99988,FBXO6,GDF15,0,2,0.0,0.6298706
E3|Q9NRD1|Q8IXI2,E3|Q9NRD1,E3,Q9NRD1,Q8IXI2,FBXO6,RHOT1,0,2,0.0,0.63248795
E3|Q9NRD1|P26927,E3|Q9NRD1,E3,Q9NRD1,P26927,FBXO6,MST1,0,2,0.0,0.6300307
E3|Q9NRD1|P15923,E3|Q9NRD1,E3,Q9NRD1,P15923,FBXO6,TCF3,0,2,0.0,0.6304185
E3|Q9NRD1|Q15361,E3|Q9NRD1,E3,Q9NRD1,Q15361,FBXO6,TTF1,0,2,0.0,0.6318787
E3|Q9NRD1|Q8N6M0,E3|Q9NRD1,E3,Q9NRD1,Q8N6M0,FBXO6,OTUD6B,0,2,0.0,0.63317543
E3|Q9NRD1|P01911,E3|Q9NRD1,E3,Q9NRD1,P01911,FBXO6,HLA-DRB1,0,2,0.0,0.6302681
E3|Q9NRD1|P01903,E3|Q9NRD1,E3,Q9NRD1,P01903,FBXO6,HLA-DRA,0,2,0.0,0.6302834
E3|Q9NRM6|O15524,E3|Q9NRM6,E3,Q9NRM6,O15524,IL17RB,SOCS1,0,2,0.0,0.631444
E3|Q9NVR0|Q9Y657,E3|Q9NVR0,E3,Q9NVR0,Q9Y657,KLHL11,SPIN1,0,2,0.0,0.63303447
E3|Q9NVR0|P54253,E3|Q9NVR0,E3,Q9NVR0,P54253,KLHL11,ATXN1,0,2,0.0,0.6322705
E3|Q9NX47|O94992,E3|Q9NX47,E3,Q9NX47,O94992,MARCHF5,HEXIM1,0,2,0.0,0.6307637
E3|Q9NX47|P08047,E3|Q9NX47,E3,Q9NX47,P08047,MARCHF5,SP1,0,2,0.0,0.63002443
E3|Q9NX47|Q9BRJ6,E3|Q9NX47,E3,Q9NX47,Q9BRJ6,MARCHF5,C7orf50,0,2,0.0,0.6301627
E3|Q9NX47|Q9H6R0,E3|Q9NX47,E3,Q9NX47,Q9H6R0,MARCHF5,DHX33,0,2,0.0,0.6303551
E3|Q9NX47|Q14498,E3|Q9NX47,E3,Q9NX47,Q14498,MARCHF5,RBM39,0,2,0.0,0.6303486
E3|Q9NX47|Q9P0W2,E3|Q9NX47,E3,Q9NX47,Q9P0W2,MARCHF5,HMG20B,0,2,0.0,0.6292605
E3|Q9NX47|Q9UDY8,E3|Q9NX47,E3,Q9NX47,Q9UDY8,MARCHF5,MALT1,0,2,0.0,0.63178074
E3|Q9NX47|P24468,E3|Q9NX47,E3,Q9NX47,P24468,MARCHF5,NR2F2,0,2,0.0,0.6319088
E3|Q9NX47|Q16204,E3|Q9NX47,E3,Q9NX47,Q16204,MARCHF5,CCDC6,0,2,0.0,0.63063115
E3|Q9NX47|Q9UPP1,E3|Q9NX47,E3,Q9NX47,Q9UPP1,MARCHF5,PHF8,0,2,0.0,0.63043106
E3|Q9NX47|Q96AJ1,E3|Q9NX47,E3,Q9NX47,Q96AJ1,MARCHF5,CLUAP1,0,2,0.0,0.6317288
E3|Q9NX47|Q92985,E3|Q9NX47,E3,Q9NX47,Q92985,MARCHF5,IRF7,0,2,0.0,0.6309666
E3|Q9NX47|Q96GD4,E3|Q9NX47,E3,Q9NX47,Q96GD4,MARCHF5,AURKB,0,2,0.0,0.6307813
E3|Q9NX47|Q969R5,E3|Q9NX47,E3,Q9NX47,Q969R5,MARCHF5,L3MBTL2,0,2,0.0,0.6291024
E3|Q9NX47|Q16342,E3|Q9NX47,E3,Q9NX47,Q16342,MARCHF5,PDCD2,0,2,0.0,0.6315168
E3|Q9NX47|Q9NYB9,E3|Q9NX47,E3,Q9NX47,Q9NYB9,MARCHF5,ABI2,0,2,0.0,0.63117874
E3|Q9NX47|Q8N5C8,E3|Q9NX47,E3,Q9NX47,Q8N5C8,MARCHF5,TAB3,0,2,0.0,0.63156086
E3|Q9NX47|Q15554,E3|Q9NX47,E3,Q9NX47,Q15554,MARCHF5,TERF2,0,2,0.0,0.6300588
E3|Q9P0N8|A9UEZ6,E3|Q9P0N8,E3,Q9P0N8,A9UEZ6,MARCHF2,BCR/ABL fusion,0,2,0.0,0.6292572
E3|Q9P0N8|Q9P1Z0,E3|Q9P0N8,E3,Q9P0N8,Q9P1Z0,MARCHF2,ZBTB4,0,2,0.0,0.62806666
E3|Q9P253|P26927,E3|Q9P253,E3,Q9P253,P26927,VPS18,MST1,0,2,0.0,0.6313913
E3|Q9P2J3|O15294,E3|Q9P2J3,E3,Q9P2J3,O15294,KLHL9,OGT,0,2,0.0,0.63133895
E3|Q9P2J3|Q16558,E3|Q9P2J3,E3,Q9P2J3,Q16558,KLHL9,KCNMB1,0,2,0.0,0.6327763
E3|Q9P2J3|Q99836,E3|Q9P2J3,E3,Q9P2J3,Q99836,KLHL9,MYD88,0,2,0.0,0.6327391
E3|Q9P2J3|P35558,E3|Q9P2J3,E3,Q9P2J3,P35558,KLHL9,PCK1,0,2,0.0,0.63051355
E3|Q9P2J3|O15392,E3|Q9P2J3,E3,Q9P2J3,O15392,KLHL9,BIRC5,0,2,0.0,0.6319038
E3|Q9P2J3|Q8TBZ2,E3|Q9P2J3,E3,Q9P2J3,Q8TBZ2,KLHL9,MYCBPAP,0,2,0.0,0.63198674
E3|Q9P2J3|P35626,E3|Q9P2J3,E3,Q9P2J3,P35626,KLHL9,ADRBK2,0,2,0.0,0.63156277
E3|Q9P2J3|Q08999,E3|Q9P2J3,E3,Q9P2J3,Q08999,KLHL9,RBL2,0,2,0.0,0.6317565
E3|Q9P2N7|Q96RE7,E3|Q9P2N7,E3,Q9P2N7,Q96RE7,KLHL13,NACC1,0,2,0.0,0.6315951
E3|Q9P2N7|Q9UJQ4,E3|Q9P2N7,E3,Q9P2N7,Q9UJQ4,KLHL13,SALL4,0,2,0.0,0.6314413
E3|Q9P2N7|P42226,E3|Q9P2N7,E3,Q9P2N7,P42226,KLHL13,STAT6,0,2,0.0,0.632748
E3|Q9P2N7|O15078,E3|Q9P2N7,E3,Q9P2N7,O15078,KLHL13,CEP290,0,2,0.0,0.6320932
E3|Q9P2N7|Q9P0P0,E3|Q9P2N7,E3,Q9P2N7,Q9P0P0,KLHL13,RNF181,0,2,0.0,0.63260514
E3|Q9P2N7|Q9UMX0,E3|Q9P2N7,E3,Q9P2N7,Q9UMX0,KLHL13,UBQLN1,0,2,0.0,0.62991387
E3|Q9UH77|Q9NTG7,E3|Q9UH77,E3,Q9UH77,Q9NTG7,KLHL3,SIRT3,0,2,0.0,0.6311182
E3|Q9UH77|Q12913,E3|Q9UH77,E3,Q9UH77,Q12913,KLHL3,PTPRJ,0,2,0.0,0.6278488
E3|Q9UHC7|Q13651,E3|Q9UHC7,E3,Q9UHC7,Q13651,MKRN1,IL10RA,0,2,0.0,0.628528
E3|Q9UHC7|Q99541,E3|Q9UHC7,E3,Q9UHC7,Q99541,MKRN1,PLIN2,0,2,0.0,0.6327189
E3|Q9UHC7|Q86WG3,E3|Q9UHC7,E3,Q9UHC7,Q86WG3,MKRN1,ATCAY,0,2,0.0,0.63170654
E3|Q9UHC7|Q9UPW8,E3|Q9UHC7,E3,Q9UHC7,Q9UPW8,MKRN1,UNC13A,0,2,0.0,0.62857044
E3|Q9UHC7|P31146,E3|Q9UHC7,E3,Q9UHC7,P31146,MKRN1,CORO1A,0,2,0.0,0.63309646
E3|Q9UHC7|Q13415,E3|Q9UHC7,E3,Q9UHC7,Q13415,MKRN1,ORC1,0,2,0.0,0.6322535
E3|Q9UHC7|Q16637,E3|Q9UHC7,E3,Q9UHC7,Q16637,MKRN1,SMN1,0,2,0.0,0.6328445
E3|Q9UHC7|P31947,E3|Q9UHC7,E3,Q9UHC7,P31947,MKRN1,SFN,0,2,0.0,0.6317701
E3|Q9UHC7|Q9Y490,E3|Q9UHC7,E3,Q9UHC7,Q9Y490,MKRN1,TLN1,0,2,0.0,0.6313235
E3|Q9UHC7|Q13257,E3|Q9UHC7,E3,Q9UHC7,Q13257,MKRN1,MAD2L1,0,2,0.0,0.6328005
E3|Q9UHC7|O95140,E3|Q9UHC7,E3,Q9UHC7,O95140,MKRN1,MFN2,0,2,0.0,0.6319951
E3|Q9UHC7|O00635,E3|Q9UHC7,E3,Q9UHC7,O00635,MKRN1,TRIM38,0,2,0.0,0.6329353
E3|Q9UHC7|P35232,E3|Q9UHC7,E3,Q9UHC7,P35232,MKRN1,PHB,0,2,0.0,0.63090074
E3|Q9UHC7|O15357,E3|Q9UHC7,E3,Q9UHC7,O15357,MKRN1,INPPL1,0,2,0.0,0.63121575
E3|Q9UHC7|O75882,E3|Q9UHC7,E3,Q9UHC7,O75882,MKRN1,ATRN,0,2,0.0,0.62855947
E3|Q9UHC7|Q9NVI1,E3|Q9UHC7,E3,Q9UHC7,Q9NVI1,MKRN1,FANCI,0,2,0.0,0.63332564
E3|Q9UHC7|Q9UHN6,E3|Q9UHC7,E3,Q9UHC7,Q9UHN6,MKRN1,CEMIP2,0,2,0.0,0.628514
E3|Q9UHC7|Q9UBF6,E3|Q9UHC7,E3,Q9UHC7,Q9UBF6,MKRN1,RNF7,0,2,0.0,0.6330405
E3|Q9UII4|Q9NZQ7,E3|Q9UII4,E3,Q9UII4,Q9NZQ7,HERC5,CD274,0,2,0.0,0.6285738
E3|Q9UK99|Q13794,E3|Q9UK99,E3,Q9UK99,Q13794,FBXO3,PMAIP1,0,2,0.0,0.6318814
E3|Q9UK99|O14763,E3|Q9UK99,E3,Q9UK99,O14763,FBXO3,TNFRSF10B,0,2,0.0,0.6308905
E3|Q9UKB1|Q2F514,E3|Q9UKB1,E3,Q9UKB1,Q2F514,FBXW11,X,0,2,0.0,0.63167113
E3|Q9UKB1|Q9Y5U5,E3|Q9UKB1,E3,Q9UKB1,Q9Y5U5,FBXW11,TNFRSF18,0,2,0.0,0.6291469
E3|Q9UKB1|P40189,E3|Q9UKB1,E3,Q9UKB1,P40189,FBXW11,IL6ST,0,2,0.0,0.6292612
E3|Q9UKB1|P03345,E3|Q9UKB1,E3,Q9UKB1,P03345,FBXW11,gag,0,2,0.0,0.6316602
E3|Q9UKB1|O14773,E3|Q9UKB1,E3,Q9UKB1,O14773,FBXW11,TPP1,0,2,0.0,0.6311763
E3|Q9UKB1|P08581,E3|Q9UKB1,E3,Q9UKB1,P08581,FBXW11,MET,0,2,0.0,0.6300501
E3|Q9UKB1|O43561,E3|Q9UKB1,E3,Q9UKB1,O43561,FBXW11,LAT,0,2,0.0,0.6292633
E3|Q9UKB1|Q8N6M0,E3|Q9UKB1,E3,Q9UKB1,Q8N6M0,FBXW11,OTUD6B,0,2,0.0,0.63244
E3|Q9UKB1|P15498,E3|Q9UKB1,E3,Q9UKB1,P15498,FBXW11,VAV1,0,2,0.0,0.63200384
E3|Q9UKB1|P25116,E3|Q9UKB1,E3,Q9UKB1,P25116,FBXW11,F2R,0,2,0.0,0.62918013
E3|Q9UKB1|P61587,E3|Q9UKB1,E3,Q9UKB1,P61587,FBXW11,RND3,0,2,0.0,0.6308148
E3|Q9UKB1|P16070,E3|Q9UKB1,E3,Q9UKB1,P16070,FBXW11,CD44,0,2,0.0,0.63101274
E3|Q9UKB1|Q01638,E3|Q9UKB1,E3,Q9UKB1,Q01638,FBXW11,IL1RL1,0,2,0.0,0.62912357
E3|Q9ULV8|Q96RR4,E3|Q9ULV8,E3,Q9ULV8,Q96RR4,CBLC,CAMKK2,0,2,0.0,0.6332578
E3|Q9ULV8|O00763,E3|Q9ULV8,E3,Q9ULV8,O00763,CBLC,ACACB,0,2,0.0,0.6326138
E3|Q9ULV8|Q12929,E3|Q9ULV8,E3,Q9ULV8,Q12929,CBLC,EPS8,0,2,0.0,0.63328105
E3|Q9UNE7|Q8N8V4,E3|Q9UNE7,E3,Q9UNE7,Q8N8V4,STUB1,ANKS4B,0,2,0.0,0.63059807
E3|Q9UNE7|P03345,E3|Q9UNE7,E3,Q9UNE7,P03345,STUB1,gag,0,2,0.0,0.63050824
E3|Q9UNE7|Q9GIY3,E3|Q9UNE7,E3,Q9UNE7,Q9GIY3,STUB1,HLA-DRB1,0,2,0.0,0.6322633
E3|Q9UNE7|P17302,E3|Q9UNE7,E3,Q9UNE7,P17302,STUB1,GJA1,0,2,0.0,0.6301966
E3|Q9UNE7|Q8IZG5,E3|Q9UNE7,E3,Q9UNE7,Q8IZG5,STUB1,SS18,0,2,0.0,0.62953925
E3|Q9UNE7|P30304,E3|Q9UNE7,E3,Q9UNE7,P30304,STUB1,CDC25A,0,2,0.0,0.6320322
E3|Q9UNE7|P29965,E3|Q9UNE7,E3,Q9UNE7,P29965,STUB1,CD40LG,0,2,0.0,0.63148767
E3|Q9UNE7|Q9NRC1,E3|Q9UNE7,E3,Q9UNE7,Q9NRC1,STUB1,ST7,0,2,0.0,0.6331571
E3|Q9UNE7|Q6MZQ0,E3|Q9UNE7,E3,Q9UNE7,Q6MZQ0,STUB1,PRR5L,0,2,0.0,0.6327315
E3|Q9UNE7|P55061,E3|Q9UNE7,E3,Q9UNE7,P55061,STUB1,TMBIM6,0,2,0.0,0.630463
E3|Q9UNE7|Q05586,E3|Q9UNE7,E3,Q9UNE7,Q05586,STUB1,GRIN1,0,2,0.0,0.6296656
E3|Q9UNE7|O00238,E3|Q9UNE7,E3,Q9UNE7,O00238,STUB1,BMPR1B,0,2,0.0,0.62933767
E3|Q9UNE7|P53805,E3|Q9UNE7,E3,Q9UNE7,P53805,STUB1,RCAN1,0,2,0.0,0.6325138
E3|Q9UNE7|P98155,E3|Q9UNE7,E3,Q9UNE7,P98155,STUB1,VLDLR,0,2,0.0,0.62930745
E3|Q9UNE7|P78543,E3|Q9UNE7,E3,Q9UNE7,P78543,STUB1,BTG2,0,2,0.0,0.63271785
E3|Q9UNE7|P20039,E3|Q9UNE7,E3,Q9UNE7,P20039,STUB1,HLA-DRB1,0,2,0.0,0.63211066
E3|Q9UNE7|P43005,E3|Q9UNE7,E3,Q9UNE7,P43005,STUB1,SLC1A1,0,2,0.0,0.62974256
E3|Q9UNE7|Q16875,E3|Q9UNE7,E3,Q9UNE7,Q16875,STUB1,PFKFB3,0,2,0.0,0.63272774
E3|Q9UNE7|Q99541,E3|Q9UNE7,E3,Q9UNE7,Q99541,STUB1,PLIN2,0,2,0.0,0.633154
E3|Q9UNE7|Q16625,E3|Q9UNE7,E3,Q9UNE7,Q16625,STUB1,OCLN,0,2,0.0,0.6298693
E3|Q9UNE7|P13762,E3|Q9UNE7,E3,Q9UNE7,P13762,STUB1,HLA-DRB4,0,2,0.0,0.6302124
E3|Q9UNE7|P10586,E3|Q9UNE7,E3,Q9UNE7,P10586,STUB1,PTPRF,0,2,0.0,0.63254607
E3|Q9UNE7|Q02779,E3|Q9UNE7,E3,Q9UNE7,Q02779,STUB1,MAP3K10,0,2,0.0,0.6330105
E3|Q9UNE7|Q12913,E3|Q9UNE7,E3,Q9UNE7,Q12913,STUB1,PTPRJ,0,2,0.0,0.629669
E3|Q9UNE7|P08514,E3|Q9UNE7,E3,Q9UNE7,P08514,STUB1,ITGA2B,0,2,0.0,0.6320471
E3|Q9UNE7|P60903,E3|Q9UNE7,E3,Q9UNE7,P60903,STUB1,S100A10,0,2,0.0,0.633114
E3|Q9UNE7|Q15386,E3|Q9UNE7,E3,Q9UNE7,Q15386,STUB1,UBE3C,0,2,0.0,0.6330177
E3|Q9UNE7|P78380,E3|Q9UNE7,E3,Q9UNE7,P78380,STUB1,OLR1,0,2,0.0,0.6293236
E3|Q9UNE7|P05556,E3|Q9UNE7,E3,Q9UNE7,P05556,STUB1,ITGB1,0,2,0.0,0.6302295
E3|Q9UNE7|Q29974,E3|Q9UNE7,E3,Q9UNE7,Q29974,STUB1,HLA-DRB1,0,2,0.0,0.63214946
E3|Q9UNE7|P35626,E3|Q9UNE7,E3,Q9UNE7,P35626,STUB1,ADRBK2,0,2,0.0,0.631648
E3|Q9UNE7|Q9Y6W8,E3|Q9UNE7,E3,Q9UNE7,Q9Y6W8,STUB1,ICOS,0,2,0.0,0.62930155
E3|Q9UNE7|O95859,E3|Q9UNE7,E3,Q9UNE7,O95859,STUB1,TSPAN12,0,2,0.0,0.629256
E3|Q9UNE7|Q9Y5Y9,E3|Q9UNE7,E3,Q9UNE7,Q9Y5Y9,STUB1,SCN10A,0,2,0.0,0.6293367
E3|Q9UNE7|Q9ULJ7,E3|Q9UNE7,E3,Q9UNE7,Q9ULJ7,STUB1,ANKRD50,0,2,0.0,0.6311316
E3|Q9UNE7|A0A1B0GVQ0,E3|Q9UNE7,E3,Q9UNE7,A0A1B0GVQ0,STUB1,SPAAR,0,2,0.0,0.6309699
E3|Q9UNE7|P01023,E3|Q9UNE7,E3,Q9UNE7,P01023,STUB1,A2M,0,2,0.0,0.63074774
E3|Q9UNE7|Q01638,E3|Q9UNE7,E3,Q9UNE7,Q01638,STUB1,IL1RL1,0,2,0.0,0.6292715
E3|Q9UNE7|P0C209,E3|Q9UNE7,E3,Q9UNE7,P0C209,STUB1,gag,0,2,0.0,0.6304715
E3|Q9UNE7|P41595,E3|Q9UNE7,E3,Q9UNE7,P41595,STUB1,HTR2B,0,2,0.0,0.6293369
E3|Q9UNE7|O00459,E3|Q9UNE7,E3,Q9UNE7,O00459,STUB1,PIK3R2,0,2,0.0,0.63187444
E3|Q9UNE7|P40189,E3|Q9UNE7,E3,Q9UNE7,P40189,STUB1,IL6ST,0,2,0.0,0.62944263
E3|Q9UNE7|Q9BRJ6,E3|Q9UNE7,E3,Q9UNE7,Q9BRJ6,STUB1,C7orf50,0,2,0.0,0.629025
E3|Q9Y4K3|P26006,E3|Q9Y4K3,E3,Q9Y4K3,P26006,TRAF6,ITGA3,0,2,0.0,0.6293562
E3|Q9Y4K3|A9UEZ6,E3|Q9Y4K3,E3,Q9Y4K3,A9UEZ6,TRAF6,BCR/ABL fusion,0,2,0.0,0.6319888
E3|Q9Y4K3|Q9UQK1,E3|Q9Y4K3,E3,Q9Y4K3,Q9UQK1,TRAF6,PPP1R3C,0,2,0.0,0.63296396
E3|Q9Y4K3|P07333,E3|Q9Y4K3,E3,Q9Y4K3,P07333,TRAF6,CSF1R,0,2,0.0,0.6293814
E3|Q9Y4K3|Q8N6M0,E3|Q9Y4K3,E3,Q9Y4K3,Q8N6M0,TRAF6,OTUD6B,0,2,0.0,0.63321394
E3|Q9Y4K3|Q9NV92,E3|Q9Y4K3,E3,Q9Y4K3,Q9NV92,TRAF6,NDFIP2,0,2,0.0,0.6313251
E3|Q9Y4K3|Q92813,E3|Q9Y4K3,E3,Q9Y4K3,Q92813,TRAF6,DIO2,0,2,0.0,0.630677
E3|Q9Y4K3|P01130,E3|Q9Y4K3,E3,Q9Y4K3,P01130,TRAF6,LDLR,0,2,0.0,0.6300783
E3|Q9Y4K3|O95502,E3|Q9Y4K3,E3,Q9Y4K3,O95502,TRAF6,NPTXR,0,2,0.0,0.63324434
E3|Q9Y4K3|P40189,E3|Q9Y4K3,E3,Q9Y4K3,P40189,TRAF6,IL6ST,0,2,0.0,0.6293887
E3|Q9Y4K3|Q8NBJ4,E3|Q9Y4K3,E3,Q9Y4K3,Q8NBJ4,TRAF6,GOLM1,0,2,0.0,0.6298506
E3|Q9Y4K3|Q95IE3,E3|Q9Y4K3,E3,Q9Y4K3,Q95IE3,TRAF6,HLA-DRB1,0,2,0.0,0.6327117
E3|Q9Y4K3|P22455,E3|Q9Y4K3,E3,Q9Y4K3,P22455,TRAF6,FGFR4,0,2,0.0,0.63006806
E3|Q9Y4K3|Q13571,E3|Q9Y4K3,E3,Q9Y4K3,Q13571,TRAF6,LAPTM5,0,2,0.0,0.6314151
E3|Q9Y4K3|Q01151,E3|Q9Y4K3,E3,Q9Y4K3,Q01151,TRAF6,CD83,0,2,0.0,0.63073695
E3|Q9Y4K3|P29322,E3|Q9Y4K3,E3,Q9Y4K3,P29322,TRAF6,EPHA8,0,2,0.0,0.62974864
DUB|O75317|O14737,DUB|O75317,DUB,O75317,O14737,USP12,PDCD5,0,2,0.0,0.6297134
DUB|P15374|Q92819,DUB|P15374,DUB,P15374,Q92819,UCHL3,HAS2,0,2,0.0,0.62855047
DUB|P15374|Q9UL17,DUB|P15374,DUB,P15374,Q9UL17,UCHL3,TBX21,0,2,0.0,0.6314806
DUB|P15374|Q9HA47,DUB|P15374,DUB,P15374,Q9HA47,UCHL3,UCK1,0,2,0.0,0.6332967
DUB|P15374|Q14469,DUB|P15374,DUB,P15374,Q14469,UCHL3,HES1,0,2,0.0,0.63290054
DUB|P45974|Q9HA47,DUB|P45974,DUB,P45974,Q9HA47,USP5,UCK1,0,2,0.0,0.6330593
DUB|P45974|P36897,DUB|P45974,DUB,P45974,P36897,USP5,TGFBR1,0,2,0.0,0.6286539
DUB|P45974|Q96RJ0,DUB|P45974,DUB,P45974,Q96RJ0,USP5,TAAR1,0,2,0.0,0.6282556
DUB|P45974|Q8IVP5,DUB|P45974,DUB,P45974,Q8IVP5,USP5,FUNDC1,0,2,0.0,0.63167465
DUB|P51784|P04179,DUB|P51784,DUB,P51784,P04179,USP11,SOD2,0,2,0.0,0.6318482
DUB|P51784|Q04771,DUB|P51784,DUB,P51784,Q04771,USP11,ACVR1,0,2,0.0,0.6324413
DUB|P51784|O15519,DUB|P51784,DUB,P51784,O15519,USP11,CFLAR,0,2,0.0,0.6318547
DUB|P51784|Q9UBS5,DUB|P51784,DUB,P51784,Q9UBS5,USP11,GABBR1,0,2,0.0,0.6279748
DUB|P51784|Q92819,DUB|P51784,DUB,P51784,Q92819,USP11,HAS2,0,2,0.0,0.62902224
DUB|P51784|P14780,DUB|P51784,DUB,P51784,P14780,USP11,MMP9,0,2,0.0,0.6286329
DUB|P51784|P18084,DUB|P51784,DUB,P51784,P18084,USP11,ITGB5,0,2,0.0,0.6281589
DUB|P51784|P33981,DUB|P51784,DUB,P51784,P33981,USP11,TTK,0,2,0.0,0.6337248
DUB|P51784|A2AIR5,DUB|P51784,DUB,P51784,A2AIR5,USP11,Grin3a,0,2,0.0,0.63302326
DUB|P51784|Q4U2R8,DUB|P51784,DUB,P51784,Q4U2R8,USP11,SLC22A6,0,2,0.0,0.6280463
DUB|P51784|Q8WTU0,DUB|P51784,DUB,P51784,Q8WTU0,USP11,DDI1,0,2,0.0,0.6330815
DUB|P51784|P10145,DUB|P51784,DUB,P51784,P10145,USP11,CXCL8,0,2,0.0,0.6280445
DUB|P51784|Q12809,DUB|P51784,DUB,P51784,Q12809,USP11,KCNH2,0,2,0.0,0.6282558
DUB|P51784|Q8IVP5,DUB|P51784,DUB,P51784,Q8IVP5,USP11,FUNDC1,0,2,0.0,0.6317005
DUB|P62068|P20226,DUB|P62068,DUB,P62068,P20226,USP46,TBP,0,2,0.0,0.62994176
DUB|P62068|P08581,DUB|P62068,DUB,P62068,P08581,USP46,MET,0,2,0.0,0.63121
DUB|P62068|O15151,DUB|P62068,DUB,P62068,O15151,USP46,MDM4,0,2,0.0,0.6308768
DUB|P62068|Q8N4S9,DUB|P62068,DUB,P62068,Q8N4S9,USP46,MARVELD2,0,2,0.0,0.63080996
DUB|P62068|O95180,DUB|P62068,DUB,P62068,O95180,USP46,CACNA1H,0,2,0.0,0.63059896
DUB|P62068|Q9UGP5,DUB|P62068,DUB,P62068,Q9UGP5,USP46,POLL,0,2,0.0,0.630448
DUB|P62068|Q9UPP1,DUB|P62068,DUB,P62068,Q9UPP1,USP46,PHF8,0,2,0.0,0.6305516
DUB|Q01804|Q92819,DUB|Q01804,DUB,Q01804,Q92819,OTUD4,HAS2,0,2,0.0,0.62801385
DUB|Q01804|P33981,DUB|Q01804,DUB,Q01804,P33981,OTUD4,TTK,0,2,0.0,0.63285726
DUB|Q05CD9|O60346,DUB|Q05CD9,DUB,Q05CD9,O60346,USP8,PHLPP1,0,2,0.0,0.6282529
DUB|Q05CD9|O95835,DUB|Q05CD9,DUB,Q05CD9,O95835,USP8,LATS1,0,2,0.0,0.63313735
DUB|Q14694|P08069,DUB|Q14694,DUB,Q14694,P08069,USP10,IGF1R,0,2,0.0,0.6304204
DUB|Q14694|Q96RJ0,DUB|Q14694,DUB,Q14694,Q96RJ0,USP10,TAAR1,0,2,0.0,0.63012713
DUB|Q14694|A0A291NLA3,DUB|Q14694,DUB,Q14694,A0A291NLA3,USP10,SIGIRR,0,2,0.0,0.63336253
DUB|Q14694|Q02246,DUB|Q14694,DUB,Q14694,Q02246,USP10,CNTN2,0,2,0.0,0.62985045
DUB|Q14694|Q8N4S9,DUB|Q14694,DUB,Q14694,Q8N4S9,USP10,MARVELD2,0,2,0.0,0.6301796
DUB|Q14694|P08581,DUB|Q14694,DUB,Q14694,P08581,USP10,MET,0,2,0.0,0.630907
DUB|Q14694|P36897,DUB|Q14694,DUB,Q14694,P36897,USP10,TGFBR1,0,2,0.0,0.63053626
DUB|Q14694|O15554,DUB|Q14694,DUB,Q14694,O15554,USP10,KCNN4,0,2,0.0,0.629822
DUB|Q14694|P36894,DUB|Q14694,DUB,Q14694,P36894,USP10,BMPR1A,0,2,0.0,0.6302844
DUB|Q14694|Q15388,DUB|Q14694,DUB,Q14694,Q15388,USP10,TOMM20,0,2,0.0,0.63263875
DUB|Q14694|P37023,DUB|Q14694,DUB,Q14694,P37023,USP10,ACVRL1,0,2,0.0,0.6299201
DUB|Q14694|Q96JA1,DUB|Q14694,DUB,Q14694,Q96JA1,USP10,LRIG1,0,2,0.0,0.6298823
DUB|Q14694|P04234,DUB|Q14694,DUB,Q14694,P04234,USP10,CD3D,0,2,0.0,0.6298711
DUB|Q14694|P26927,DUB|Q14694,DUB,Q14694,P26927,USP10,MST1,0,2,0.0,0.63015693
DUB|Q14694|O95180,DUB|Q14694,DUB,Q14694,O95180,USP10,CACNA1H,0,2,0.0,0.62987196
DUB|Q70EK8|O15105,DUB|Q70EK8,DUB,Q70EK8,O15105,USP53,SMAD7,0,2,0.0,0.6321184
DUB|Q70EL4|Q01860,DUB|Q70EL4,DUB,Q70EL4,Q01860,USP43,POU5F1,0,2,0.0,0.63356775
DUB|Q70EL4|Q9BXW9,DUB|Q70EL4,DUB,Q70EL4,Q9BXW9,USP43,FANCD2,0,2,0.0,0.63378745
DUB|Q8TEY7|P43246,DUB|Q8TEY7,DUB,Q8TEY7,P43246,USP33,MSH2,0,2,0.0,0.6322704
DUB|Q8TEY7|O14773,DUB|Q8TEY7,DUB,Q8TEY7,O14773,USP33,TPP1,0,2,0.0,0.6313882
DUB|Q8TEY7|O15151,DUB|Q8TEY7,DUB,Q8TEY7,O15151,USP33,MDM4,0,2,0.0,0.63290715
DUB|Q8TEY7|Q8NHW3,DUB|Q8TEY7,DUB,Q8TEY7,Q8NHW3,USP33,MAFA,0,2,0.0,0.63120794
DUB|Q8TEY7|Q9H3R0,DUB|Q8TEY7,DUB,Q8TEY7,Q9H3R0,USP33,KDM4C,0,2,0.0,0.63232315
DUB|Q8TEY7|Q14135,DUB|Q8TEY7,DUB,Q8TEY7,Q14135,USP33,VGLL4,0,2,0.0,0.6320686
DUB|Q8TEY7|Q8IXJ9,DUB|Q8TEY7,DUB,Q8TEY7,Q8IXJ9,USP33,ASXL1,0,2,0.0,0.6328428
DUB|Q8TEY7|P36894,DUB|Q8TEY7,DUB,Q8TEY7,P36894,USP33,BMPR1A,0,2,0.0,0.6293113
DUB|Q92560|P10145,DUB|Q92560,DUB,Q92560,P10145,BAP1,CXCL8,0,2,0.0,0.6276172
DUB|Q92560|Q8IXI2,DUB|Q92560,DUB,Q92560,Q8IXI2,BAP1,RHOT1,0,2,0.0,0.63104695
DUB|Q92560|Q96JA1,DUB|Q92560,DUB,Q92560,Q96JA1,BAP1,LRIG1,0,2,0.0,0.6276241
DUB|Q92560|P26927,DUB|Q92560,DUB,Q92560,P26927,BAP1,MST1,0,2,0.0,0.62807006
DUB|Q92560|Q9ULT8,DUB|Q92560,DUB,Q92560,Q9ULT8,BAP1,HECTD1,0,2,0.0,0.6337434
DUB|Q92560|P37173,DUB|Q92560,DUB,Q92560,P37173,BAP1,TGFBR2,0,2,0.0,0.6279307
DUB|Q92560|P07550,DUB|Q92560,DUB,Q92560,P07550,BAP1,ADRB2,0,2,0.0,0.6285655
DUB|Q92560|Q03518,DUB|Q92560,DUB,Q92560,Q03518,BAP1,TAP1,0,2,0.0,0.62900966
DUB|Q92560|Q13619,DUB|Q92560,DUB,Q92560,Q13619,BAP1,CUL4A,0,2,0.0,0.6333646
DUB|Q92905|P37023,DUB|Q92905,DUB,Q92905,P37023,COPS5,ACVRL1,0,2,0.0,0.62868077
DUB|Q92905|P04179,DUB|Q92905,DUB,Q92905,P04179,COPS5,SOD2,0,2,0.0,0.6322217
DUB|Q96G74|O75581,DUB|Q96G74,DUB,Q96G74,O75581,OTUD5,LRP6,0,2,0.0,0.62887573
DUB|Q96G74|Q9Y4H2,DUB|Q96G74,DUB,Q96G74,Q9Y4H2,OTUD5,IRS2,0,2,0.0,0.63305366
DUB|Q96G74|Q8IWA4,DUB|Q96G74,DUB,Q96G74,Q8IWA4,OTUD5,MFN1,0,2,0.0,0.63184977
DUB|Q96G74|P30304,DUB|Q96G74,DUB,Q96G74,P30304,OTUD5,CDC25A,0,2,0.0,0.6329088
DUB|Q96G74|Q99259,DUB|Q96G74,DUB,Q96G74,Q99259,OTUD5,GAD1,0,2,0.0,0.63207626
DUB|Q96G74|P18084,DUB|Q96G74,DUB,Q96G74,P18084,OTUD5,ITGB5,0,2,0.0,0.6285791
DUB|Q96G74|O43353,DUB|Q96G74,DUB,Q96G74,O43353,OTUD5,RIPK2,0,2,0.0,0.62910444
DUB|Q96G74|P05556,DUB|Q96G74,DUB,Q96G74,P05556,OTUD5,ITGB1,0,2,0.0,0.62937224
DUB|Q96G74|Q86TM6,DUB|Q96G74,DUB,Q96G74,Q86TM6,OTUD5,SYVN1,0,2,0.0,0.6307235
DUB|Q96G74|Q13635,DUB|Q96G74,DUB,Q96G74,Q13635,OTUD5,PTCH1,0,2,0.0,0.62883997
DUB|Q96G74|O75143,DUB|Q96G74,DUB,Q96G74,O75143,OTUD5,ATG13,0,2,0.0,0.6334002
DUB|Q9BXU7|P48764,DUB|Q9BXU7,DUB,Q9BXU7,P48764,USP26,SLC9A3,0,2,0.0,0.62780833
DUB|Q9HBJ7|Q08050,DUB|Q9HBJ7,DUB,Q9HBJ7,Q08050,USP29,FOXM1,0,2,0.0,0.63260835
DUB|Q9UHP3|P30304,DUB|Q9UHP3,DUB,Q9UHP3,P30304,USP25,CDC25A,0,2,0.0,0.63279414
DUB|Q9UHP3|P42773,DUB|Q9UHP3,DUB,Q9UHP3,P42773,USP25,CDKN2C,0,2,0.0,0.6333717
DUB|Q9Y5K5|Q4U2R8,DUB|Q9Y5K5,DUB,Q9Y5K5,Q4U2R8,UCHL5,SLC22A6,0,2,0.0,0.6283296
DUB|Q9Y5K5|Q9NYV9,DUB|Q9Y5K5,DUB,Q9Y5K5,Q9NYV9,UCHL5,TAS2R13,0,2,0.0,0.63234216
DUB|Q9Y5K5|P37023,DUB|Q9Y5K5,DUB,Q9Y5K5,P37023,UCHL5,ACVRL1,0,2,0.0,0.62846154
DUB|Q9Y5K5|P36894,DUB|Q9Y5K5,DUB,Q9Y5K5,P36894,UCHL5,BMPR1A,0,2,0.0,0.6288161
DUB|Q9Y5K5|Q92819,DUB|Q9Y5K5,DUB,Q9Y5K5,Q92819,UCHL5,HAS2,0,2,0.0,0.6293034
E3|A6NLU0|P14635,E3|A6NLU0,E3,A6NLU0,P14635,RFPL4A,CCNB1,1,3,1.0,0.6026005
E3|B3SRS0|Q14653,E3|B3SRS0,E3,B3SRS0,Q14653,,IRF3,1,3,1.0,0.6095633
E3|O15304|P98170,E3|O15304,E3,O15304,P98170,SIVA1,XIAP,1,3,1.0,0.61135435
E3|O15304|Q8N726,E3|O15304,E3,O15304,Q8N726,SIVA1,CDKN2A,1,3,1.0,0.6107707
E3|O43164|O43164,E3|O43164,E3,O43164,O43164,PJA2,PJA2,1,3,1.0,0.6105883
E3|O43164|P10644,E3|O43164,E3,O43164,P10644,PJA2,PRKAR1A,1,3,1.0,0.6090052
E3|O43164|P13861,E3|O43164,E3,O43164,P13861,PJA2,PRKAR2A,1,3,1.0,0.6086484
E3|O43164|P31321,E3|O43164,E3,O43164,P31321,PJA2,PRKAR1B,1,3,1.0,0.60842127
E3|O43164|P31323,E3|O43164,E3,O43164,P31323,PJA2,PRKAR2B,1,3,1.0,0.6084209
E3|O43164|Q8IVT5,E3|O43164,E3,O43164,Q8IVT5,PJA2,KSR1,1,3,1.0,0.60886675
E3|O43164|Q9Y4C4,E3|O43164,E3,O43164,Q9Y4C4,PJA2,MFHAS1,1,3,1.0,0.60916597
E3|O43255|O14974,E3|O43255,E3,O43255,O14974,SIAH2,PPP1R12A,1,3,1.0,0.6109874
E3|O43255|O15379,E3|O43255,E3,O43255,O15379,SIAH2,HDAC3,1,3,1.0,0.6108985
E3|O43255|O43597,E3|O43255,E3,O43255,O43597,SIAH2,SPRY2,1,3,1.0,0.61074305
E3|O43255|O75376,E3|O43255,E3,O43255,O75376,SIAH2,NCOR1,1,3,1.0,0.610415
E3|O43255|O75925,E3|O43255,E3,O43255,O75925,SIAH2,PIAS1,1,3,1.0,0.61109996
E3|O43255|O96017,E3|O43255,E3,O43255,O96017,SIAH2,CHEK2,1,3,1.0,0.6113995
E3|O43255|P04637,E3|O43255,E3,O43255,P04637,SIAH2,TP53,1,3,1.0,0.61101365
E3|O43255|P08247,E3|O43255,E3,O43255,P08247,SIAH2,SYP,1,3,1.0,0.6081353
E3|O43255|P10275,E3|O43255,E3,O43255,P10275,SIAH2,AR,1,3,1.0,0.6111263
E3|O43255|P29590,E3|O43255,E3,O43255,P29590,SIAH2,PML,1,3,1.0,0.6094996
E3|O43255|P37231,E3|O43255,E3,O43255,P37231,SIAH2,PPARG,1,3,1.0,0.6111597
E3|O43255|P37275,E3|O43255,E3,O43255,P37275,SIAH2,ZEB1,1,3,1.0,0.6110651
E3|O43255|P37840,E3|O43255,E3,O43255,P37840,SIAH2,SNCA,1,3,1.0,0.6086818
E3|O43255|P43146,E3|O43255,E3,O43255,P43146,SIAH2,DCC,1,3,1.0,0.6112221
E3|O43255|P46527,E3|O43255,E3,O43255,P46527,SIAH2,CDKN1B,1,3,1.0,0.60894495
E3|O43255|P55036,E3|O43255,E3,O43255,P55036,SIAH2,PSMD4,1,3,1.0,0.6108843
E3|O43255|Q12933,E3|O43255,E3,O43255,Q12933,SIAH2,TRAF2,1,3,1.0,0.61037606
E3|O43255|Q13625,E3|O43255,E3,O43255,Q13625,SIAH2,TP53BP2,1,3,1.0,0.6113259
E3|O43255|Q16633,E3|O43255,E3,O43255,Q16633,SIAH2,POU2AF1,1,3,1.0,0.6106849
E3|O43255|Q16656,E3|O43255,E3,O43255,Q16656,SIAH2,NRF1,1,3,1.0,0.6106124
E3|O43255|Q16665,E3|O43255,E3,O43255,Q16665,SIAH2,HIF1A,1,3,1.0,0.61161387
E3|O43255|Q92630,E3|O43255,E3,O43255,Q92630,SIAH2,DYRK2,1,3,1.0,0.6115401
E3|O43255|Q92667,E3|O43255,E3,O43255,Q92667,SIAH2,AKAP1,1,3,1.0,0.60935754
E3|O43255|Q92844,E3|O43255,E3,O43255,Q92844,SIAH2,TANK,1,3,1.0,0.6108708
E3|O43255|Q96B97,E3|O43255,E3,O43255,Q96B97,SIAH2,SH3KBP1,1,3,1.0,0.6100332
E3|O43255|Q96KS0,E3|O43255,E3,O43255,Q96KS0,SIAH2,EGLN2,1,3,1.0,0.6110598
E3|O43255|Q99933,E3|O43255,E3,O43255,Q99933,SIAH2,BAG1,1,3,1.0,0.61138177
E3|O43255|Q9BQF6,E3|O43255,E3,O43255,Q9BQF6,SIAH2,SENP7,1,3,1.0,0.6111084
E3|O43255|Q9BSI4,E3|O43255,E3,O43255,Q9BSI4,SIAH2,TINF2,1,3,1.0,0.61134803
E3|O43255|Q9GZT9,E3|O43255,E3,O43255,Q9GZT9,SIAH2,EGLN1,1,3,1.0,0.6107336
E3|O43255|Q9H6Z9,E3|O43255,E3,O43255,Q9H6Z9,SIAH2,EGLN3,1,3,1.0,0.6114179
E3|O43255|Q9NRM7,E3|O43255,E3,O43255,Q9NRM7,SIAH2,LATS2,1,3,1.0,0.61092186
E3|O43255|Q9NS87,E3|O43255,E3,O43255,Q9NS87,SIAH2,KIF15,1,3,1.0,0.61080414
E3|O43255|Q9P212,E3|O43255,E3,O43255,Q9P212,SIAH2,PLCE1,1,3,1.0,0.6057269
E3|O43255|Q9Y6H5,E3|O43255,E3,O43255,Q9Y6H5,SIAH2,SNCAIP,1,3,1.0,0.611616
E3|O43791|O00330,E3|O43791,E3,O43791,O00330,SPOP,PDHX,1,3,1.0,0.6087288
E3|O43791|O15164,E3|O43791,E3,O43791,O15164,SPOP,TRIM24,1,3,1.0,0.6100726
E3|O43791|O60885,E3|O43791,E3,O43791,O60885,SPOP,BRD4,1,3,1.0,0.61064965
E3|O43791|O75367,E3|O43791,E3,O43791,O75367,SPOP,MACROH2A1,1,3,1.0,0.6097515
E3|O43791|O95835,E3|O43791,E3,O43791,O95835,SPOP,LATS1,1,3,1.0,0.6104521
E3|O43791|P03372,E3|O43791,E3,O43791,P03372,SPOP,ESR1,1,3,1.0,0.6082973
E3|O43791|P05412,E3|O43791,E3,O43791,P05412,SPOP,JUN,1,3,1.0,0.6107331
E3|O43791|P06401,E3|O43791,E3,O43791,P06401,SPOP,PGR,1,3,1.0,0.6093242
E3|O43791|P08151,E3|O43791,E3,O43791,P08151,SPOP,GLI1,1,3,1.0,0.6107212
E3|O43791|P10070,E3|O43791,E3,O43791,P10070,SPOP,GLI2,1,3,1.0,0.61011785
E3|O43791|P10071,E3|O43791,E3,O43791,P10071,SPOP,GLI3,1,3,1.0,0.6102506
E3|O43791|P10275,E3|O43791,E3,O43791,P10275,SPOP,AR,1,3,1.0,0.6104466
E3|O43791|P11308,E3|O43791,E3,O43791,P11308,SPOP,ERG,1,3,1.0,0.60975635
E3|O43791|P24864,E3|O43791,E3,O43791,P24864,SPOP,CCNE1,1,3,1.0,0.61065596
E3|O43791|P25440,E3|O43791,E3,O43791,P25440,SPOP,BRD2,1,3,1.0,0.6105335
E3|O43791|P35226,E3|O43791,E3,O43791,P35226,SPOP,BMI1,1,3,1.0,0.61079663
E3|O43791|P35659,E3|O43791,E3,O43791,P35659,SPOP,DEK,1,3,1.0,0.6107663
E3|O43791|P49327,E3|O43791,E3,O43791,P49327,SPOP,FASN,1,3,1.0,0.6103666
E3|O43791|P60484,E3|O43791,E3,O43791,P60484,SPOP,PTEN,1,3,1.0,0.60907495
E3|O43791|Q12809,E3|O43791,E3,O43791,Q12809,SPOP,KCNH2,1,3,1.0,0.60539144
E3|O43791|Q12834,E3|O43791,E3,O43791,Q12834,SPOP,CDC20,1,3,1.0,0.61049473
E3|O43791|Q12888,E3|O43791,E3,O43791,Q12888,SPOP,TP53BP1,1,3,1.0,0.6103286
E3|O43791|Q12906,E3|O43791,E3,O43791,Q12906,SPOP,ILF3,1,3,1.0,0.61093044
E3|O43791|Q13158,E3|O43791,E3,O43791,Q13158,SPOP,FADD,1,3,1.0,0.60945356
E3|O43791|Q14444,E3|O43791,E3,O43791,Q14444,SPOP,CAPRIN1,1,3,1.0,0.61091554
E3|O43791|Q15059,E3|O43791,E3,O43791,Q15059,SPOP,BRD3,1,3,1.0,0.6103103
E3|O43791|Q16828,E3|O43791,E3,O43791,Q16828,SPOP,DUSP6,1,3,1.0,0.61061656
E3|O43791|Q16829,E3|O43791,E3,O43791,Q16829,SPOP,DUSP7,1,3,1.0,0.6095241
E3|O43791|Q27J81,E3|O43791,E3,O43791,Q27J81,SPOP,INF2,1,3,1.0,0.61042005
E3|O43791|Q49A26,E3|O43791,E3,O43791,Q49A26,SPOP,GLYR1,1,3,1.0,0.6104987
E3|O43791|Q7Z7J5,E3|O43791,E3,O43791,Q7Z7J5,SPOP,DPPA2,1,3,1.0,0.61042726
E3|O43791|Q99836,E3|O43791,E3,O43791,Q99836,SPOP,MYD88,1,3,1.0,0.60976225
E3|O43791|Q9BYW2,E3|O43791,E3,O43791,Q9BYW2,SPOP,SETD2,1,3,1.0,0.6106733
E3|O43791|Q9H2X6,E3|O43791,E3,O43791,Q9H2X6,SPOP,HIPK2,1,3,1.0,0.61030865
E3|O43791|Q9H5J0,E3|O43791,E3,O43791,Q9H5J0,SPOP,ZBTB3,1,3,1.0,0.6105184
E3|O43791|Q9H9S0,E3|O43791,E3,O43791,Q9H9S0,SPOP,NANOG,1,3,1.0,0.61019635
E3|O43791|Q9HCU9,E3|O43791,E3,O43791,Q9HCU9,SPOP,BRMS1,1,3,1.0,0.61000896
E3|O43791|Q9NZQ7,E3|O43791,E3,O43791,Q9NZQ7,SPOP,CD274,1,3,1.0,0.60616136
E3|O43791|Q9UBN7,E3|O43791,E3,O43791,Q9UBN7,SPOP,HDAC6,1,3,1.0,0.6105457
E3|O43791|Q9UER7,E3|O43791,E3,O43791,Q9UER7,SPOP,DAXX,1,3,1.0,0.6106066
E3|O43791|Q9Y6Q9,E3|O43791,E3,O43791,Q9Y6Q9,SPOP,NCOA3,1,3,1.0,0.6099618
E3|O60291|Q99816,E3|O60291,E3,O60291,Q99816,MGRN1,TSG101,1,3,1.0,0.6085193
E3|O75717|Q15555,E3|O75717,E3,O75717,Q15555,WDHD1,MAPRE2,1,3,1.0,0.6104522
E3|O76064|O14773,E3|O76064,E3,O76064,O14773,RNF8,TPP1,1,3,1.0,0.6077338
E3|O76064|O60934,E3|O76064,E3,O76064,O60934,RNF8,NBN,1,3,1.0,0.6116535
E3|O76064|O75164,E3|O76064,E3,O76064,O75164,RNF8,KDM4A,1,3,1.0,0.6114463
E3|O76064|O76064,E3|O76064,E3,O76064,O76064,RNF8,RNF8,1,3,1.0,0.6121311
E3|O76064|O94761,E3|O76064,E3,O76064,O94761,RNF8,RECQL4,1,3,1.0,0.6116873
E3|O76064|O96017,E3|O76064,E3,O76064,O96017,RNF8,CHEK2,1,3,1.0,0.6116704
E3|O76064|P0C0S8,E3|O76064,E3,O76064,P0C0S8,RNF8,H2AC11,1,3,1.0,0.6112465
E3|O76064|P12004,E3|O76064,E3,O76064,P12004,RNF8,PCNA,1,3,1.0,0.6113963
E3|O76064|P13010,E3|O76064,E3,O76064,P13010,RNF8,XRCC5,1,3,1.0,0.6111803
E3|O76064|P16104,E3|O76064,E3,O76064,P16104,RNF8,H2AFX,1,3,1.0,0.6117986
E3|O76064|P29590,E3|O76064,E3,O76064,P29590,RNF8,PML,1,3,1.0,0.6093258
E3|O76064|P35222,E3|O76064,E3,O76064,P35222,RNF8,CTNNB1,1,3,1.0,0.60870016
E3|O76064|P54132,E3|O76064,E3,O76064,P54132,RNF8,BLM,1,3,1.0,0.61162627
E3|O76064|Q15233,E3|O76064,E3,O76064,Q15233,RNF8,NONO,1,3,1.0,0.61125153
E3|O76064|Q16777,E3|O76064,E3,O76064,Q16777,RNF8,H2AC20,1,3,1.0,0.6113644
E3|O76064|Q8IUE6,E3|O76064,E3,O76064,Q8IUE6,RNF8,H2AC21,1,3,1.0,0.61115444
E3|O76064|Q969R5,E3|O76064,E3,O76064,Q969R5,RNF8,L3MBTL2,1,3,1.0,0.6110141
E3|O76064|Q96A08,E3|O76064,E3,O76064,Q96A08,RNF8,H2BC1,1,3,1.0,0.610893
E3|O76064|Q96FW1,E3|O76064,E3,O76064,Q96FW1,RNF8,OTUB1,1,3,1.0,0.6108193
E3|O76064|Q96QV6,E3|O76064,E3,O76064,Q96QV6,RNF8,HIST1H2AA,1,3,1.0,0.6105003
E3|O76064|Q9HCU8,E3|O76064,E3,O76064,Q9HCU8,RNF8,POLD4,1,3,1.0,0.6112754
E3|O76064|Q9NQR1,E3|O76064,E3,O76064,Q9NQR1,RNF8,KMT5A,1,3,1.0,0.61073726
E3|O92608|Q9Y5J3,E3|O92608,E3,O92608,Q9Y5J3,ORF50,HEY1,1,3,1.0,0.61011565
E3|O94972|O15105,E3|O94972,E3,O94972,O15105,TRIM37,SMAD7,1,3,1.0,0.6113072
E3|O94972|O94972,E3|O94972,E3,O94972,O94972,TRIM37,TRIM37,1,3,1.0,0.6118285
E3|O94972|Q12933,E3|O94972,E3,O94972,Q12933,TRIM37,TRAF2,1,3,1.0,0.6107649
E3|O94972|Q9Y4K3,E3|O94972,E3,O94972,Q9Y4K3,TRIM37,TRAF6,1,3,1.0,0.6102989
E3|O95071|O43313,E3|O95071,E3,O95071,O43313,UBR5,ATMIN,1,3,1.0,0.61119896
E3|O95071|O75469,E3|O95071,E3,O95071,O75469,UBR5,NR1I2,1,3,1.0,0.61139166
E3|O95071|O95071,E3|O95071,E3,O95071,O95071,UBR5,UBR5,1,3,1.0,0.6123539
E3|O95071|O95994,E3|O95071,E3,O95071,O95994,UBR5,AGR2,1,3,1.0,0.60698533
E3|O95071|P01106,E3|O95071,E3,O95071,P01106,UBR5,MYC,1,3,1.0,0.6118805
E3|O95071|P35558,E3|O95071,E3,O95071,P35558,UBR5,PCK1,1,3,1.0,0.60630924
E3|O95071|P42858,E3|O95071,E3,O95071,P42858,UBR5,HTT,1,3,1.0,0.60775125
E3|O95071|P48431,E3|O95071,E3,O95071,P48431,UBR5,SOX2,1,3,1.0,0.6118378
E3|O95071|P49715,E3|O95071,E3,O95071,P49715,UBR5,CEBPA,1,3,1.0,0.6116511
E3|O95071|P50750,E3|O95071,E3,O95071,P50750,UBR5,CDK9,1,3,1.0,0.61197877
E3|O95071|P52907,E3|O95071,E3,O95071,P52907,UBR5,CAPZA1,1,3,1.0,0.61092675
E3|O95071|P67775,E3|O95071,E3,O95071,P67775,UBR5,PPP2CA,1,3,1.0,0.610813
E3|O95071|Q92547,E3|O95071,E3,O95071,Q92547,UBR5,TOPBP1,1,3,1.0,0.611291
E3|O95071|Q9BPZ3,E3|O95071,E3,O95071,Q9BPZ3,UBR5,PAIP2,1,3,1.0,0.61110383
E3|O95155|O95997,E3|O95155,E3,O95155,O95997,UBE4B,PTTG1,1,3,1.0,0.61111695
E3|O95155|P04637,E3|O95155,E3,O95155,P04637,UBE4B,TP53,1,3,1.0,0.61088187
E3|O95155|P54252,E3|O95155,E3,O95155,P54252,UBE4B,ATXN3,1,3,1.0,0.6096911
E3|O95155|Q8IWX7,E3|O95155,E3,O95155,Q8IWX7,UBE4B,UNC45B,1,3,1.0,0.6094129
E3|O95155|Q99689,E3|O95155,E3,O95155,Q99689,UBE4B,FEZ1,1,3,1.0,0.6077706
E3|O95376|O95376,E3|O95376,E3,O95376,O95376,ARIH2,ARIH2,1,3,1.0,0.61173505
E3|O95376|Q15653,E3|O95376,E3,O95376,Q15653,ARIH2,NFKBIB,1,3,1.0,0.6110365
E3|O95376|Q99684,E3|O95376,E3,O95376,Q99684,ARIH2,GFI1,1,3,1.0,0.6100722
E3|O95376|Q9HC16,E3|O95376,E3,O95376,Q9HC16,ARIH2,APOBEC3G,1,3,1.0,0.6089224
E3|P06463|P41229,E3|P06463,E3,P06463,P41229,E6,KDM5C,1,3,1.0,0.61119604
E3|P19474|O14920,E3|P19474,E3,P19474,O14920,TRIM21,IKBKB,1,3,1.0,0.61078787
E3|P19474|O95863,E3|P19474,E3,P19474,O95863,TRIM21,SNAI1,1,3,1.0,0.610253
E3|P19474|P01857,E3|P19474,E3,P19474,P01857,TRIM21,IGHG1,1,3,1.0,0.6067399
E3|P19474|P19474,E3|P19474,E3,P19474,P19474,TRIM21,TRIM21,1,3,1.0,0.6112934
E3|P19474|P34897,E3|P19474,E3,P19474,P34897,TRIM21,SHMT2,1,3,1.0,0.6104352
E3|P19474|P35232,E3|P19474,E3,P19474,P35232,TRIM21,PHB,1,3,1.0,0.6088227
E3|P19474|P37198,E3|P19474,E3,P19474,P37198,TRIM21,NUP62,1,3,1.0,0.610386
E3|P19474|P38936,E3|P19474,E3,P19474,P38936,TRIM21,CDKN1A,1,3,1.0,0.6104627
E3|P19474|P46527,E3|P19474,E3,P19474,P46527,TRIM21,CDKN1B,1,3,1.0,0.6099645
E3|P19474|P49915,E3|P19474,E3,P19474,P49915,TRIM21,GMPS,1,3,1.0,0.61037713
E3|P19474|Q02556,E3|P19474,E3,P19474,Q02556,TRIM21,IRF8,1,3,1.0,0.60965574
E3|P19474|Q04206,E3|P19474,E3,P19474,Q04206,TRIM21,RELA,1,3,1.0,0.6103254
E3|P19474|Q13107,E3|P19474,E3,P19474,Q13107,TRIM21,USP4,1,3,1.0,0.61065626
E3|P19474|Q14653,E3|P19474,E3,P19474,Q14653,TRIM21,IRF3,1,3,1.0,0.6103105
E3|P19474|Q16666,E3|P19474,E3,P19474,Q16666,TRIM21,IFI16,1,3,1.0,0.6102603
E3|P19474|Q2F514,E3|P19474,E3,P19474,Q2F514,TRIM21,X,1,3,1.0,0.60781765
E3|P19474|Q92985,E3|P19474,E3,P19474,Q92985,TRIM21,IRF7,1,3,1.0,0.61055493
E3|P19474|Q9C035,E3|P19474,E3,P19474,Q9C035,TRIM21,TRIM5,1,3,1.0,0.6107648
E3|P19474|Q9H211,E3|P19474,E3,P19474,Q9H211,TRIM21,CDT1,1,3,1.0,0.6101103
E3|P21583|Q9NVF7,E3|P21583,E3,P21583,Q9NVF7,KITLG,FBXO28,1,3,1.0,0.60944617
E3|P35869|P03372,E3|P35869,E3,P35869,P03372,AHR,ESR1,1,3,1.0,0.60727954
E3|P35869|P37231,E3|P35869,E3,P35869,P37231,AHR,PPARG,1,3,1.0,0.61172116
E3|P50876|P00533,E3|P50876,E3,P50876,P00533,RNF144A,EGFR,1,3,1.0,0.6099615
E3|P50876|P54652,E3|P50876,E3,P50876,P54652,RNF144A,HSPA2,1,3,1.0,0.6083668
E3|P50876|P78527,E3|P50876,E3,P50876,P78527,RNF144A,PRKDC,1,3,1.0,0.6082619
E3|Q00987|O14746,E3|Q00987,E3,Q00987,O14746,MDM2,TERT,1,3,1.0,0.6110194
E3|Q00987|O15055,E3|Q00987,E3,Q00987,O15055,MDM2,PER2,1,3,1.0,0.6116631
E3|Q00987|O15145,E3|Q00987,E3,Q00987,O15145,MDM2,ARPC3,1,3,1.0,0.61090904
E3|Q00987|O15151,E3|Q00987,E3,Q00987,O15151,MDM2,MDM4,1,3,1.0,0.6117187
E3|Q00987|O15273,E3|Q00987,E3,Q00987,O15273,MDM2,TCAP,1,3,1.0,0.61140203
E3|Q00987|O15350,E3|Q00987,E3,Q00987,O15350,MDM2,TP73,1,3,1.0,0.6114597
E3|Q00987|O43463,E3|Q00987,E3,Q00987,O43463,MDM2,SUV39H1,1,3,1.0,0.606721
E3|Q00987|O43524,E3|Q00987,E3,Q00987,O43524,MDM2,FOXO3,1,3,1.0,0.60976774
E3|Q00987|O43602,E3|Q00987,E3,Q00987,O43602,MDM2,DCX,1,3,1.0,0.6113514
E3|Q00987|O60381,E3|Q00987,E3,Q00987,O60381,MDM2,HBP1,1,3,1.0,0.6111154
E3|Q00987|O60936,E3|Q00987,E3,Q00987,O60936,MDM2,NOL3,1,3,1.0,0.6088512
E3|Q00987|O75417,E3|Q00987,E3,Q00987,O75417,MDM2,POLQ,1,3,1.0,0.61119086
E3|Q00987|O94916,E3|Q00987,E3,Q00987,O94916,MDM2,NFAT5,1,3,1.0,0.61140335
E3|Q00987|O94992,E3|Q00987,E3,Q00987,O94992,MDM2,HEXIM1,1,3,1.0,0.6116899
E3|Q00987|O95376,E3|Q00987,E3,Q00987,O95376,MDM2,ARIH2,1,3,1.0,0.6114142
E3|Q00987|O95863,E3|Q00987,E3,Q00987,O95863,MDM2,SNAI1,1,3,1.0,0.61149114
E3|Q00987|P00374,E3|Q00987,E3,Q00987,P00374,MDM2,DHFR,1,3,1.0,0.6090792
E3|Q00987|P04150,E3|Q00987,E3,Q00987,P04150,MDM2,NR3C1,1,3,1.0,0.6110896
E3|Q00987|P04637,E3|Q00987,E3,Q00987,P04637,MDM2,TP53,1,3,1.0,0.6110947
E3|Q00987|P06400,E3|Q00987,E3,Q00987,P06400,MDM2,RB1,1,3,1.0,0.61106604
E3|Q00987|P08069,E3|Q00987,E3,Q00987,P08069,MDM2,IGF1R,1,3,1.0,0.6058972
E3|Q00987|P10275,E3|Q00987,E3,Q00987,P10275,MDM2,AR,1,3,1.0,0.61118287
E3|Q00987|P10276,E3|Q00987,E3,Q00987,P10276,MDM2,RARA,1,3,1.0,0.6110873
E3|Q00987|P10914,E3|Q00987,E3,Q00987,P10914,MDM2,IRF1,1,3,1.0,0.61108935
E3|Q00987|P12830,E3|Q00987,E3,Q00987,P12830,MDM2,CDH1,1,3,1.0,0.60784495
E3|Q00987|P12956,E3|Q00987,E3,Q00987,P12956,MDM2,XRCC6,1,3,1.0,0.61141324
E3|Q00987|P14316,E3|Q00987,E3,Q00987,P14316,MDM2,IRF2,1,3,1.0,0.6111952
E3|Q00987|P15259,E3|Q00987,E3,Q00987,P15259,MDM2,PGAM2,1,3,1.0,0.60995245
E3|Q00987|P15880,E3|Q00987,E3,Q00987,P15880,MDM2,RPS2,1,3,1.0,0.611151
E3|Q00987|P18847,E3|Q00987,E3,Q00987,P18847,MDM2,ATF3,1,3,1.0,0.6107881
E3|Q00987|P19338,E3|Q00987,E3,Q00987,P19338,MDM2,NCL,1,3,1.0,0.61122334
E3|Q00987|P24522,E3|Q00987,E3,Q00987,P24522,MDM2,GADD45A,1,3,1.0,0.611514
E3|Q00987|P24864,E3|Q00987,E3,Q00987,P24864,MDM2,CCNE1,1,3,1.0,0.61146426
E3|Q00987|P25098,E3|Q00987,E3,Q00987,P25098,MDM2,ADRBK1,1,3,1.0,0.60541236
E3|Q00987|P27695,E3|Q00987,E3,Q00987,P27695,MDM2,APEX1,1,3,1.0,0.6094001
E3|Q00987|P32121,E3|Q00987,E3,Q00987,P32121,MDM2,ARRB2,1,3,1.0,0.606609
E3|Q00987|P35568,E3|Q00987,E3,Q00987,P35568,MDM2,IRS1,1,3,1.0,0.6098114
E3|Q00987|P35637,E3|Q00987,E3,Q00987,P35637,MDM2,FUS,1,3,1.0,0.6113209
E3|Q00987|P38936,E3|Q00987,E3,Q00987,P38936,MDM2,CDKN1A,1,3,1.0,0.6116811
E3|Q00987|P40424,E3|Q00987,E3,Q00987,P40424,MDM2,PBX1,1,3,1.0,0.6107567
E3|Q00987|P40763,E3|Q00987,E3,Q00987,P40763,MDM2,STAT3,1,3,1.0,0.6109613
E3|Q00987|P41181,E3|Q00987,E3,Q00987,P41181,MDM2,AQP2,1,3,1.0,0.6061015
E3|Q00987|P46531,E3|Q00987,E3,Q00987,P46531,MDM2,NOTCH1,1,3,1.0,0.60661465
E3|Q00987|P46695,E3|Q00987,E3,Q00987,P46695,MDM2,IER3,1,3,1.0,0.61137277
E3|Q00987|P49137,E3|Q00987,E3,Q00987,P49137,MDM2,MAPKAPK2,1,3,1.0,0.61143214
E3|Q00987|P49407,E3|Q00987,E3,Q00987,P49407,MDM2,ARRB1,1,3,1.0,0.60639465
E3|Q00987|P49757,E3|Q00987,E3,Q00987,P49757,MDM2,NUMB,1,3,1.0,0.6061734
E3|Q00987|P55036,E3|Q00987,E3,Q00987,P55036,MDM2,PSMD4,1,3,1.0,0.61106396
E3|Q00987|P61254,E3|Q00987,E3,Q00987,P61254,MDM2,RPL26,1,3,1.0,0.61101365
E3|Q00987|P62979,E3|Q00987,E3,Q00987,P62979,MDM2,RPS27A,1,3,1.0,0.6109553
E3|Q00987|P78352,E3|Q00987,E3,Q00987,P78352,MDM2,DLG4,1,3,1.0,0.60542613
E3|Q00987|P98177,E3|Q00987,E3,Q00987,P98177,MDM2,FOXO4,1,3,1.0,0.61139077
E3|Q00987|Q00987,E3|Q00987,E3,Q00987,Q00987,MDM2,MDM2,1,3,1.0,0.61192
E3|Q00987|Q01094,E3|Q00987,E3,Q00987,Q01094,MDM2,E2F1,1,3,1.0,0.6111719
E3|Q00987|Q08499,E3|Q00987,E3,Q00987,Q08499,MDM2,PDE4D,1,3,1.0,0.6077557
E3|Q00987|Q09472,E3|Q00987,E3,Q00987,Q09472,MDM2,EP300,1,3,1.0,0.61118954
E3|Q00987|Q12778,E3|Q00987,E3,Q00987,Q12778,MDM2,FOXO1,1,3,1.0,0.6117228
E3|Q00987|Q13469,E3|Q00987,E3,Q00987,Q13469,MDM2,NFATC2,1,3,1.0,0.6109468
E3|Q00987|Q13761,E3|Q00987,E3,Q00987,Q13761,MDM2,RUNX3,1,3,1.0,0.61076516
E3|Q00987|Q14191,E3|Q00987,E3,Q00987,Q14191,MDM2,WRN,1,3,1.0,0.6112143
E3|Q00987|Q15334,E3|Q00987,E3,Q00987,Q15334,MDM2,LLGL1,1,3,1.0,0.60939056
E3|Q00987|Q15361,E3|Q00987,E3,Q00987,Q15361,MDM2,TTF1,1,3,1.0,0.6113632
E3|Q00987|Q15466,E3|Q00987,E3,Q00987,Q15466,MDM2,NR0B2,1,3,1.0,0.61084723
E3|Q00987|Q15849,E3|Q00987,E3,Q00987,Q15849,MDM2,SLC14A2,1,3,1.0,0.60568255
E3|Q00987|Q16665,E3|Q00987,E3,Q00987,Q16665,MDM2,HIF1A,1,3,1.0,0.6117382
E3|Q00987|Q16778,E3|Q00987,E3,Q00987,Q16778,MDM2,H2BC21,1,3,1.0,0.6112006
E3|Q00987|Q7LG56,E3|Q00987,E3,Q00987,Q7LG56,MDM2,RRM2B,1,3,1.0,0.610067
E3|Q00987|Q7Z6Z7,E3|Q00987,E3,Q00987,Q7Z6Z7,MDM2,HUWE1,1,3,1.0,0.61076814
E3|Q00987|Q86Z02,E3|Q00987,E3,Q00987,Q86Z02,MDM2,HIPK1,1,3,1.0,0.61116403
E3|Q00987|Q8N9B5,E3|Q00987,E3,Q00987,Q8N9B5,MDM2,JMY,1,3,1.0,0.6104762
E3|Q00987|Q92630,E3|Q00987,E3,Q00987,Q92630,MDM2,DYRK2,1,3,1.0,0.61175364
E3|Q00987|Q92731,E3|Q00987,E3,Q00987,Q92731,MDM2,ESR2,1,3,1.0,0.61172265
E3|Q00987|Q92793,E3|Q00987,E3,Q00987,Q92793,MDM2,CREBBP,1,3,1.0,0.6108581
E3|Q00987|Q92831,E3|Q00987,E3,Q00987,Q92831,MDM2,KAT2B,1,3,1.0,0.6112072
E3|Q00987|Q92993,E3|Q00987,E3,Q00987,Q92993,MDM2,KAT5,1,3,1.0,0.61119914
E3|Q00987|Q96AQ6,E3|Q00987,E3,Q00987,Q96AQ6,MDM2,PBXIP1,1,3,1.0,0.6108659
E3|Q00987|Q9BVP2,E3|Q00987,E3,Q00987,Q9BVP2,MDM2,GNL3,1,3,1.0,0.6111707
E3|Q00987|Q9BZS1,E3|Q00987,E3,Q00987,Q9BZS1,MDM2,FOXP3,1,3,1.0,0.61046594
E3|Q00987|Q9GZR7,E3|Q00987,E3,Q00987,Q9GZR7,MDM2,DDX24,1,3,1.0,0.61135197
E3|Q00987|Q9H2X6,E3|Q00987,E3,Q00987,Q9H2X6,MDM2,HIPK2,1,3,1.0,0.6109531
E3|Q00987|Q9UER7,E3|Q00987,E3,Q00987,Q9UER7,MDM2,DAXX,1,3,1.0,0.6112808
E3|Q00987|Q9UHR4,E3|Q00987,E3,Q00987,Q9UHR4,MDM2,BAIAP2L1,1,3,1.0,0.6107803
E3|Q00987|Q9Y2R9,E3|Q00987,E3,Q00987,Q9Y2R9,MDM2,MRPS7,1,3,1.0,0.6096998
E3|Q00987|Q9Y6B2,E3|Q00987,E3,Q00987,Q9Y6B2,MDM2,EID1,1,3,1.0,0.61105025
E3|Q12899|P37275,E3|Q12899,E3,Q12899,P37275,TRIM26,ZEB1,1,3,1.0,0.61090475
E3|Q12899|Q14653,E3|Q12899,E3,Q12899,Q14653,TRIM26,IRF3,1,3,1.0,0.6096507
E3|Q13077|Q99558,E3|Q13077,E3,Q13077,Q99558,TRAF1,MAP3K14,1,3,1.0,0.6111223
E3|Q13263|P04637,E3|Q13263,E3,Q13263,P04637,TRIM28,TP53,1,3,1.0,0.6106556
E3|Q13263|P07203,E3|Q13263,E3,Q13263,P07203,TRIM28,GPX1,1,3,1.0,0.6086967
E3|Q13263|P09467,E3|Q13263,E3,Q13263,P09467,TRIM28,FBP1,1,3,1.0,0.6115116
E3|Q13263|Q13131,E3|Q13263,E3,Q13263,Q13131,TRIM28,PRKAA1,1,3,1.0,0.61044633
E3|Q13263|Q92985,E3|Q13263,E3,Q13263,Q92985,TRIM28,IRF7,1,3,1.0,0.6110014
E3|Q13356|O95863,E3|Q13356,E3,Q13356,O95863,PPIL2,SNAI1,1,3,1.0,0.6075065
E3|Q14669|P35712,E3|Q14669,E3,Q14669,P35712,TRIP12,SOX6,1,3,1.0,0.6102684
E3|Q14669|Q13564,E3|Q14669,E3,Q14669,Q13564,TRIP12,NAE1,1,3,1.0,0.60509217
E3|Q14669|Q8N6T3,E3|Q14669,E3,Q14669,Q8N6T3,TRIP12,ARFGAP1,1,3,1.0,0.60719293
E3|Q14669|Q8N726,E3|Q14669,E3,Q14669,Q8N726,TRIP12,CDKN2A,1,3,1.0,0.60961163
E3|Q14669|Q969G3,E3|Q14669,E3,Q14669,Q969G3,TRIP12,SMARCE1,1,3,1.0,0.6112526
E3|Q53G59|O94979,E3|Q53G59,E3,Q53G59,O94979,KLHL12,SEC31A,1,3,1.0,0.60967547
E3|Q53G59|P14635,E3|Q53G59,E3,Q53G59,P14635,KLHL12,CCNB1,1,3,1.0,0.6098486
E3|Q53G59|P21917,E3|Q53G59,E3,Q53G59,P21917,KLHL12,DRD4,1,3,1.0,0.6072135
E3|Q53G59|Q92945,E3|Q53G59,E3,Q53G59,Q92945,KLHL12,KHSRP,1,3,1.0,0.6095904
E3|Q53G59|Q92997,E3|Q53G59,E3,Q53G59,Q92997,KLHL12,DVL3,1,3,1.0,0.6098201
E3|Q53G59|Q9C0E8,E3|Q53G59,E3,Q53G59,Q9C0E8,KLHL12,LNPK,1,3,1.0,0.6087744
E3|Q53G59|Q9NQW1,E3|Q53G59,E3,Q53G59,Q9NQW1,KLHL12,SEC31B,1,3,1.0,0.60937583
E3|Q53G59|Q9UBV8,E3|Q53G59,E3,Q53G59,Q9UBV8,KLHL12,PEF1,1,3,1.0,0.6097173
E3|Q5GLZ8|O95835,E3|Q5GLZ8,E3,Q5GLZ8,O95835,HERC4,LATS1,1,3,1.0,0.61071926
E3|Q5U5Q3|O95786,E3|Q5U5Q3,E3,Q5U5Q3,O95786,MEX3C,DDX58,1,3,1.0,0.6106638
E3|Q5VU92|P03427,E3|Q5VU92,E3,Q5VU92,P03427,DCAF12L1,PB2,1,3,1.0,0.60920614
E3|Q5XPI4|O14641,E3|Q5XPI4,E3,Q5XPI4,O14641,RNF123,DVL2,1,3,1.0,0.6073533
E3|Q5XPI4|P19838,E3|Q5XPI4,E3,Q5XPI4,P19838,RNF123,NFKB1,1,3,1.0,0.61073273
E3|Q5XPI4|P45973,E3|Q5XPI4,E3,Q5XPI4,P45973,RNF123,CBX5,1,3,1.0,0.6106538
E3|Q5XPI4|P46527,E3|Q5XPI4,E3,Q5XPI4,P46527,RNF123,CDKN1B,1,3,1.0,0.6093953
E3|Q5XPI4|P83916,E3|Q5XPI4,E3,Q5XPI4,P83916,RNF123,CBX1,1,3,1.0,0.6106489
E3|Q5XPI4|Q16589,E3|Q5XPI4,E3,Q5XPI4,Q16589,RNF123,CCNG2,1,3,1.0,0.6098173
E3|Q6P050|P35609,E3|Q6P050,E3,Q6P050,P35609,FBXL22,ACTN2,1,3,1.0,0.6102135
E3|Q6P050|Q14315,E3|Q6P050,E3,Q6P050,Q14315,FBXL22,FLNC,1,3,1.0,0.6105749
E3|Q6P3S6|P04637,E3|Q6P3S6,E3,Q6P3S6,P04637,FBXO42,TP53,1,3,1.0,0.6112173
E3|Q6PJ21|O95863,E3|Q6PJ21,E3,Q6PJ21,O95863,SPSB3,SNAI1,1,3,1.0,0.60974854
E3|Q7Z419|O60294,E3|Q7Z419,E3,Q7Z419,O60294,RNF144B,LCMT2,1,3,1.0,0.6097358
E3|Q7Z419|P06748,E3|Q7Z419,E3,Q7Z419,P06748,RNF144B,NPM1,1,3,1.0,0.60986173
E3|Q7Z419|P38936,E3|Q7Z419,E3,Q7Z419,P38936,RNF144B,CDKN1A,1,3,1.0,0.6098515
E3|Q7Z419|Q07812,E3|Q7Z419,E3,Q7Z419,Q07812,RNF144B,BAX,1,3,1.0,0.61118007
E3|Q7Z6M2|O00303,E3|Q7Z6M2,E3,Q7Z6M2,O00303,FBXO33,EIF3F,1,3,1.0,0.60798585
E3|Q7Z6M2|P67809,E3|Q7Z6M2,E3,Q7Z6M2,P67809,FBXO33,YBX1,1,3,1.0,0.60739714
E3|Q86UW9|Q86UW9,E3|Q86UW9,E3,Q86UW9,Q86UW9,DTX2,DTX2,1,3,1.0,0.6119508
E3|Q86WB0|P14635,E3|Q86WB0,E3,Q86WB0,P14635,ZC3HC1,CCNB1,1,3,1.0,0.61071384
E3|Q86Y01|Q13233,E3|Q86Y01,E3,Q86Y01,Q13233,DTX1,MAP3K1,1,3,1.0,0.6110305
E3|Q86Y01|Q86Y01,E3|Q86Y01,E3,Q86Y01,Q86Y01,DTX1,DTX1,1,3,1.0,0.6113655
E3|Q86YT6|O00548,E3|Q86YT6,E3,Q86YT6,O00548,MIB1,DLL1,1,3,1.0,0.6080418
E3|Q86YT6|O15078,E3|Q86YT6,E3,Q86YT6,O15078,MIB1,CEP290,1,3,1.0,0.6099134
E3|Q86YT6|P53355,E3|Q86YT6,E3,Q86YT6,P53355,MIB1,DAPK1,1,3,1.0,0.60961956
E3|Q86YT6|P54132,E3|Q86YT6,E3,Q86YT6,P54132,MIB1,BLM,1,3,1.0,0.6091714
E3|Q86YT6|P78504,E3|Q86YT6,E3,Q86YT6,P78504,MIB1,JAG1,1,3,1.0,0.60768193
E3|Q86YT6|Q15154,E3|Q86YT6,E3,Q86YT6,Q15154,MIB1,PCM1,1,3,1.0,0.60955644
E3|Q86YT6|Q16637,E3|Q86YT6,E3,Q86YT6,Q16637,MIB1,SMN1,1,3,1.0,0.60955936
E3|Q86YT6|Q86YT6,E3|Q86YT6,E3,Q86YT6,Q86YT6,MIB1,MIB1,1,3,1.0,0.6108103
E3|Q86YT6|Q9HCM4,E3|Q86YT6,E3,Q86YT6,Q9HCM4,MIB1,EPB41L5,1,3,1.0,0.60851586
E3|Q86YT6|Q9NR61,E3|Q86YT6,E3,Q86YT6,Q9NR61,MIB1,DLL4,1,3,1.0,0.60765755
E3|Q86YT6|Q9NYJ7,E3|Q86YT6,E3,Q86YT6,Q9NYJ7,MIB1,DLL3,1,3,1.0,0.60952497
E3|Q86YT6|Q9UHD2,E3|Q86YT6,E3,Q86YT6,Q9UHD2,MIB1,TBK1,1,3,1.0,0.60995954
E3|Q86YT6|Q9UNE0,E3|Q86YT6,E3,Q86YT6,Q9UNE0,MIB1,EDAR,1,3,1.0,0.60943735
E3|Q86YT6|Q9UPN4,E3|Q86YT6,E3,Q86YT6,Q9UPN4,MIB1,CEP131,1,3,1.0,0.6102478
E3|Q8N2W9|P14921,E3|Q8N2W9,E3,Q8N2W9,P14921,PIAS4,ETS1,1,3,1.0,0.6113866
E3|Q8N2W9|P25490,E3|Q8N2W9,E3,Q8N2W9,P25490,PIAS4,YY1,1,3,1.0,0.6121882
E3|Q8N6D2|P27449,E3|Q8N6D2,E3,Q8N6D2,P27449,RNF182,ATP6V0C,1,3,1.0,0.6078373
E3|Q8N6D2|Q04206,E3|Q8N6D2,E3,Q8N6D2,Q04206,RNF182,RELA,1,3,1.0,0.6110407
E3|Q8N806|Q14558,E3|Q8N806,E3,Q8N806,Q14558,UBR7,PRPSAP1,1,3,1.0,0.61068
E3|Q8N9I9|P13010,E3|Q8N9I9,E3,Q8N9I9,P13010,DTX3,XRCC5,1,3,1.0,0.6110315
E3|Q8N9I9|Q04721,E3|Q8N9I9,E3,Q8N9I9,Q04721,DTX3,NOTCH2,1,3,1.0,0.60612077
E3|Q8N9I9|Q8N9I9,E3|Q8N9I9,E3,Q8N9I9,Q8N9I9,DTX3,DTX3,1,3,1.0,0.6118892
E3|Q8NHG8|Q8NHG8,E3|Q8NHG8,E3,Q8NHG8,Q8NHG8,ZNRF2,ZNRF2,1,3,1.0,0.6099537
E3|Q8WV44|O95999,E3|Q8WV44,E3,Q8WV44,O95999,TRIM41,BCL10,1,3,1.0,0.6110355
E3|Q8WV44|P05771,E3|Q8WV44,E3,Q8WV44,P05771,TRIM41,PRKCB,1,3,1.0,0.61081713
E3|Q8WV44|Q02156,E3|Q8WV44,E3,Q8WV44,Q02156,TRIM41,PRKCE,1,3,1.0,0.608304
E3|Q8WV44|Q8N884,E3|Q8WV44,E3,Q8WV44,Q8N884,TRIM41,CGAS,1,3,1.0,0.60583067
E3|Q8WV44|Q9Y5A6,E3|Q8WV44,E3,Q8WV44,Q9Y5A6,TRIM41,ZSCAN21,1,3,1.0,0.6104431
E3|Q8WVD3|P13010,E3|Q8WVD3,E3,Q8WVD3,P13010,RNF138,XRCC5,1,3,1.0,0.61106694
E3|Q8WVD3|Q8WVD3,E3|Q8WVD3,E3,Q8WVD3,Q8WVD3,RNF138,RNF138,1,3,1.0,0.6117131
E3|Q8WVD3|Q99708,E3|Q8WVD3,E3,Q8WVD3,Q99708,RNF138,RBBP8,1,3,1.0,0.61087155
E3|Q8WVD3|Q9NQB0,E3|Q8WVD3,E3,Q8WVD3,Q9NQB0,RNF138,TCF7L2,1,3,1.0,0.61010915
E3|Q8WVD3|Q9UJU2,E3|Q8WVD3,E3,Q8WVD3,Q9UJU2,RNF138,LEF1,1,3,1.0,0.6103944
E3|Q8WXH5|O75553,E3|Q8WXH5,E3,Q8WXH5,O75553,SOCS4,DAB1,1,3,1.0,0.6090471
E3|Q92844|O95147,E3|Q92844,E3,Q92844,O95147,TANK,DUSP14,1,3,1.0,0.6112787
E3|Q92844|Q13114,E3|Q92844,E3,Q92844,Q13114,TANK,TRAF3,1,3,1.0,0.6093908
E3|Q92844|Q13489,E3|Q92844,E3,Q92844,Q13489,TANK,BIRC3,1,3,1.0,0.6113798
E3|Q92844|Q13546,E3|Q92844,E3,Q92844,Q13546,TANK,RIPK1,1,3,1.0,0.6067517
E3|Q92844|Q13601,E3|Q92844,E3,Q92844,Q13601,TANK,KRR1,1,3,1.0,0.6107282
E3|Q92844|Q14164,E3|Q92844,E3,Q92844,Q14164,TANK,IKBKE,1,3,1.0,0.6112375
E3|Q92844|Q15759,E3|Q92844,E3,Q92844,Q15759,TANK,MAPK11,1,3,1.0,0.61111265
E3|Q92844|Q8IUC6,E3|Q92844,E3,Q92844,Q8IUC6,TANK,TICAM1,1,3,1.0,0.6095665
E3|Q92844|Q9BVC4,E3|Q92844,E3,Q92844,Q9BVC4,TANK,MLST8,1,3,1.0,0.60850686
E3|Q969U6|P49815,E3|Q969U6,E3,Q969U6,P49815,FBXW5,TSC2,1,3,1.0,0.60888195
E3|Q969U6|Q12929,E3|Q969U6,E3,Q969U6,Q12929,FBXW5,EPS8,1,3,1.0,0.6104986
E3|Q969U6|Q6UVJ0,E3|Q969U6,E3,Q969U6,Q6UVJ0,FBXW5,SASS6,1,3,1.0,0.61109877
E3|Q969U6|Q96QB1,E3|Q969U6,E3,Q969U6,Q96QB1,FBXW5,DLC1,1,3,1.0,0.61088693
E3|Q969U6|Q9Y238,E3|Q969U6,E3,Q969U6,Q9Y238,FBXW5,DLEC1,1,3,1.0,0.60681736
E3|Q96CS3|P21359,E3|Q96CS3,E3,Q96CS3,P21359,FAF2,NF1,1,3,1.0,0.6080153
E3|Q96EP1|O14965,E3|Q96EP1,E3,Q96EP1,O14965,CHFR,AURKA,1,3,1.0,0.60813177
E3|Q96EP1|P09874,E3|Q96EP1,E3,Q96EP1,P09874,CHFR,PARP1,1,3,1.0,0.6117583
E3|Q96EP1|P51532,E3|Q96EP1,E3,Q96EP1,P51532,CHFR,SMARCA4,1,3,1.0,0.61145306
E3|Q96EP1|P53350,E3|Q96EP1,E3,Q96EP1,P53350,CHFR,PLK1,1,3,1.0,0.61109364
E3|Q96EP1|Q12824,E3|Q96EP1,E3,Q96EP1,Q12824,CHFR,SMARCB1,1,3,1.0,0.611566
E3|Q96EP1|Q13547,E3|Q96EP1,E3,Q96EP1,Q13547,CHFR,HDAC1,1,3,1.0,0.6117108
E3|Q96EP1|Q14527,E3|Q96EP1,E3,Q96EP1,Q14527,CHFR,HLTF,1,3,1.0,0.611639
E3|Q96EP1|Q14807,E3|Q96EP1,E3,Q96EP1,Q14807,CHFR,KIF22,1,3,1.0,0.6109221
E3|Q96EP1|Q86WJ1,E3|Q96EP1,E3,Q96EP1,Q86WJ1,CHFR,CHD1L,1,3,1.0,0.61169356
E3|Q96EP1|Q96EP1,E3|Q96EP1,E3,Q96EP1,Q96EP1,CHFR,CHFR,1,3,1.0,0.6122613
E3|Q96EP1|Q96GM5,E3|Q96EP1,E3,Q96EP1,Q96GM5,CHFR,SMARCD1,1,3,1.0,0.61126125
E3|Q96EP1|Q96KB5,E3|Q96EP1,E3,Q96EP1,Q96KB5,CHFR,PBK,1,3,1.0,0.61060715
E3|Q96EQ8|O95786,E3|Q96EQ8,E3,Q96EQ8,O95786,RNF125,DDX58,1,3,1.0,0.6083517
E3|Q96EQ8|P04637,E3|Q96EQ8,E3,Q96EQ8,P04637,RNF125,TP53,1,3,1.0,0.60847235
E3|Q96EQ8|P23458,E3|Q96EQ8,E3,Q96EQ8,P23458,RNF125,JAK1,1,3,1.0,0.6089394
E3|Q96EQ8|Q7Z434,E3|Q96EQ8,E3,Q96EQ8,Q7Z434,RNF125,MAVS,1,3,1.0,0.6088764
E3|Q96EQ8|Q96EQ8,E3|Q96EQ8,E3,Q96EQ8,Q96EQ8,RNF125,RNF125,1,3,1.0,0.6099793
E3|Q96EQ8|Q96P20,E3|Q96EQ8,E3,Q96EQ8,Q96P20,RNF125,NLRP3,1,3,1.0,0.6091485
E3|Q96EQ8|Q9BYX4,E3|Q96EQ8,E3,Q96EQ8,Q9BYX4,RNF125,IFIH1,1,3,1.0,0.60880846
E3|Q96EQ8|Q9HB29,E3|Q96EQ8,E3,Q96EQ8,Q9HB29,RNF125,IL1RL2,1,3,1.0,0.60912585
E3|Q96JP5|P52597,E3|Q96JP5,E3,Q96JP5,P52597,ZFP91,HNRNPF,1,3,1.0,0.61108524
E3|Q96JP5|Q14457,E3|Q96JP5,E3,Q96JP5,Q14457,ZFP91,BECN1,1,3,1.0,0.6076127
E3|Q96JP5|Q99558,E3|Q96JP5,E3,Q96JP5,Q99558,ZFP91,MAP3K14,1,3,1.0,0.6102097
E3|Q96Q27|O75369,E3|Q96Q27,E3,Q96Q27,O75369,ASB2,FLNB,1,3,1.0,0.61177254
E3|Q96Q27|P21333,E3|Q96Q27,E3,Q96Q27,P21333,ASB2,FLNA,1,3,1.0,0.6116491
E3|Q96T88|P04637,E3|Q96T88,E3,Q96T88,P04637,UHRF1,TP53,1,3,1.0,0.6104474
E3|Q96T88|P26358,E3|Q96T88,E3,Q96T88,P26358,UHRF1,DNMT1,1,3,1.0,0.6120185
E3|Q96T88|P29590,E3|Q96T88,E3,Q96T88,P29590,UHRF1,PML,1,3,1.0,0.608727
E3|Q96T88|P68431,E3|Q96T88,E3,Q96T88,P68431,UHRF1,H3C1,1,3,1.0,0.6106287
E3|Q96T88|Q16778,E3|Q96T88,E3,Q96T88,Q16778,UHRF1,H2BC21,1,3,1.0,0.61133134
E3|Q99496|A6NK89,E3|Q99496,E3,Q99496,A6NK89,RNF2,RASSF10,1,3,1.0,0.61046124
E3|Q99496|O75496,E3|Q99496,E3,Q99496,O75496,RNF2,GMNN,1,3,1.0,0.6115037
E3|Q99496|P0C0S5,E3|Q99496,E3,Q99496,P0C0S5,RNF2,H2AZ1,1,3,1.0,0.61177534
E3|Q99496|P0C0S8,E3|Q99496,E3,Q99496,P0C0S8,RNF2,H2AC11,1,3,1.0,0.6117269
E3|Q99496|P16104,E3|Q99496,E3,Q99496,P16104,RNF2,H2AX,1,3,1.0,0.6116204
E3|Q99496|P23921,E3|Q99496,E3,Q99496,P23921,RNF2,RRM1,1,3,1.0,0.6105898
E3|Q99496|Q16777,E3|Q99496,E3,Q99496,Q16777,RNF2,H2AC20,1,3,1.0,0.61165583
E3|Q99496|Q6FI13,E3|Q99496,E3,Q99496,Q6FI13,RNF2,H2AC18,1,3,1.0,0.61201453
E3|Q99496|Q8N488,E3|Q99496,E3,Q99496,Q8N488,RNF2,RYBP,1,3,1.0,0.61200714
E3|Q99496|Q99496,E3|Q99496,E3,Q99496,Q99496,RNF2,RNF2,1,3,1.0,0.61251813
E3|Q99496|Q9C0C7,E3|Q99496,E3,Q99496,Q9C0C7,RNF2,AMBRA1,1,3,1.0,0.60814446
E3|Q99675|P00533,E3|Q99675,E3,Q99675,P00533,CGRRF1,EGFR,1,3,1.0,0.6094501
E3|Q99675|Q5T9L3,E3|Q99675,E3,Q99675,Q5T9L3,CGRRF1,WLS,1,3,1.0,0.6092803
E3|Q9BSM1|P0C0S8,E3|Q9BSM1,E3,Q9BSM1,P0C0S8,PCGF1,H2AC11,1,3,1.0,0.6112833
E3|Q9BUZ4|O14757,E3|Q9BUZ4,E3,Q9BUZ4,O14757,TRAF4,CHEK1,1,3,1.0,0.6094265
E3|Q9BUZ4|P04629,E3|Q9BUZ4,E3,Q9BUZ4,P04629,TRAF4,NTRK1,1,3,1.0,0.6101294
E3|Q9BUZ4|P31749,E3|Q9BUZ4,E3,Q9BUZ4,P31749,TRAF4,AKT1,1,3,1.0,0.6100358
E3|Q9BUZ4|P35568,E3|Q9BUZ4,E3,Q9BUZ4,P35568,TRAF4,IRS1,1,3,1.0,0.6098312
E3|Q9BUZ4|Q9HAU4,E3|Q9BUZ4,E3,Q9BUZ4,Q9HAU4,TRAF4,SMURF2,1,3,1.0,0.609197
E3|Q9BV68|P00533,E3|Q9BV68,E3,Q9BV68,P00533,RNF126,EGFR,1,3,1.0,0.6069089
E3|Q9BV68|P04637,E3|Q9BV68,E3,Q9BV68,P04637,RNF126,TP53,1,3,1.0,0.61103237
E3|Q9BV68|P08581,E3|Q9BV68,E3,Q9BV68,P08581,RNF126,MET,1,3,1.0,0.606528
E3|Q9BV68|P36888,E3|Q9BV68,E3,Q9BV68,P36888,RNF126,FLT3,1,3,1.0,0.60597426
E3|Q9BV68|P38936,E3|Q9BV68,E3,Q9BV68,P38936,RNF126,CDKN1A,1,3,1.0,0.61122006
E3|Q9BV68|P60484,E3|Q9BV68,E3,Q9BV68,P60484,RNF126,PTEN,1,3,1.0,0.6093429
E3|Q9BV68|P61073,E3|Q9BV68,E3,Q9BV68,P61073,RNF126,CXCR4,1,3,1.0,0.6061056
E3|Q9BV68|Q9GZX7,E3|Q9BV68,E3,Q9BV68,Q9GZX7,RNF126,AICDA,1,3,1.0,0.6113175
E3|Q9BWF2|Q14678,E3|Q9BWF2,E3,Q9BWF2,Q14678,TRAIP,KANK1,1,3,1.0,0.61087584
E3|Q9C040|O43521,E3|Q9C040,E3,Q9C040,O43521,TRIM2,BCL2L11,1,3,1.0,0.6092823
E3|Q9C040|P07196,E3|Q9C040,E3,Q9C040,P07196,TRIM2,NEFL,1,3,1.0,0.60988647
E3|Q9H0F6|P46937,E3|Q9H0F6,E3,Q9H0F6,P46937,SHARPIN,YAP1,1,3,1.0,0.6089376
E3|Q9H0H3|Q13541,E3|Q9H0H3,E3,Q9H0H3,Q13541,KLHL25,EIF4EBP1,1,3,1.0,0.60869277
E3|Q9H4M3|P38398,E3|Q9H4M3,E3,Q9H4M3,P38398,FBXO44,BRCA1,1,3,1.0,0.6099554
E3|Q9H4M3|Q9UPW8,E3|Q9H4M3,E3,Q9H4M3,Q9UPW8,FBXO44,UNC13A,1,3,1.0,0.6048311
E3|Q9H4P4|O60260,E3|Q9H4P4,E3,Q9H4P4,O60260,RNF41,PARK2,1,3,1.0,0.6106273
E3|Q9H4P4|P11678,E3|Q9H4P4,E3,Q9H4P4,P11678,RNF41,EPX,1,3,1.0,0.6084752
E3|Q9H4P4|P17676,E3|Q9H4P4,E3,Q9H4P4,P17676,RNF41,CEBPB,1,3,1.0,0.61017716
E3|Q9H4P4|P21860,E3|Q9H4P4,E3,Q9H4P4,P21860,RNF41,ERBB3,1,3,1.0,0.6065859
E3|Q9H4P4|P43403,E3|Q9H4P4,E3,Q9H4P4,P43403,RNF41,ZAP70,1,3,1.0,0.60861194
E3|Q9H4P4|Q14653,E3|Q9H4P4,E3,Q9H4P4,Q14653,RNF41,IRF3,1,3,1.0,0.6100442
E3|Q9H4P4|Q15303,E3|Q9H4P4,E3,Q9H4P4,Q15303,RNF41,ERBB4,1,3,1.0,0.60733885
E3|Q9H4P4|Q6NUN9,E3|Q9H4P4,E3,Q9H4P4,Q6NUN9,RNF41,ZNF746,1,3,1.0,0.6104069
E3|Q9H4P4|Q99836,E3|Q9H4P4,E3,Q9H4P4,Q99836,RNF41,MYD88,1,3,1.0,0.6104726
E3|Q9H4P4|Q9H4P4,E3|Q9H4P4,E3,Q9H4P4,Q9H4P4,RNF41,RNF41,1,3,1.0,0.6113626
E3|Q9H4P4|Q9HB71,E3|Q9H4P4,E3,Q9H4P4,Q9HB71,RNF41,CACYBP,1,3,1.0,0.6107868
E3|Q9H4P4|Q9NR09,E3|Q9H4P4,E3,Q9H4P4,Q9NR09,RNF41,BIRC6,1,3,1.0,0.6102368
E3|Q9H4P4|Q9UHD2,E3|Q9H4P4,E3,Q9H4P4,Q9UHD2,RNF41,TBK1,1,3,1.0,0.610846
E3|Q9NSE2|O43521,E3|Q9NSE2,E3,Q9NSE2,O43521,CISH,BCL2L11,1,3,1.0,0.60901
E3|Q9NW38|P35222,E3|Q9NW38,E3,Q9NW38,P35222,FANCL,CTNNB1,1,3,1.0,0.60819304
E3|Q9NW38|Q9BXW9,E3|Q9NW38,E3,Q9NW38,Q9BXW9,FANCL,FANCD2,1,3,1.0,0.61107475
E3|Q9NW38|Q9NVI1,E3|Q9NW38,E3,Q9NW38,Q9NVI1,FANCL,FANCI,1,3,1.0,0.6101046
E3|Q9NXI6|P58004,E3|Q9NXI6,E3,Q9NXI6,P58004,RNF186,SESN2,1,3,1.0,0.609067
E3|Q9NXK8|P13010,E3|Q9NXK8,E3,Q9NXK8,P13010,FBXL12,XRCC5,1,3,1.0,0.60991186
E3|Q9NXK8|P30838,E3|Q9NXK8,E3,Q9NXK8,P30838,FBXL12,ALDH3A1,1,3,1.0,0.60910916
E3|Q9NXK8|P49918,E3|Q9NXK8,E3,Q9NXK8,P49918,FBXL12,CDKN1C,1,3,1.0,0.6096736
E3|Q9NXK8|Q14012,E3|Q9NXK8,E3,Q9NXK8,Q14012,FBXL12,CAMK1,1,3,1.0,0.61039746
E3|Q9NXK8|Q96RR4,E3|Q9NXK8,E3,Q9NXK8,Q96RR4,FBXL12,CAMKK2,1,3,1.0,0.6106405
E3|Q9NYG5|O75496,E3|Q9NYG5,E3,Q9NYG5,O75496,ANAPC11,GMNN,1,3,1.0,0.6117778
E3|Q9NYG5|O95997,E3|Q9NYG5,E3,Q9NYG5,O95997,ANAPC11,PTTG1,1,3,1.0,0.6117189
E3|Q9NYG5|P14635,E3|Q9NYG5,E3,Q9NYG5,P14635,ANAPC11,CCNB1,1,3,1.0,0.6112582
E3|Q9NYG5|Q9NQW6,E3|Q9NYG5,E3,Q9NYG5,Q9NQW6,ANAPC11,ANLN,1,3,1.0,0.6113586
E3|Q9P0P0|P03372,E3|Q9P0P0,E3,Q9P0P0,P03372,RNF181,ESR1,1,3,1.0,0.6085572
E3|Q9P0P0|P08514,E3|Q9P0P0,E3,Q9P0P0,P08514,RNF181,ITGA2B,1,3,1.0,0.6086561
E3|Q9P0P0|Q9P0P0,E3|Q9P0P0,E3,Q9P0P0,Q9P0P0,RNF181,RNF181,1,3,1.0,0.6117425
E3|Q9UBS8|Q9UBS8,E3|Q9UBS8,E3,Q9UBS8,Q9UBS8,RNF14,RNF14,1,3,1.0,0.61256826
E3|Q9UF56|O14867,E3|Q9UF56,E3,Q9UF56,O14867,FBXL17,BACH1,1,3,1.0,0.6093869
E3|Q9UF56|Q9BX63,E3|Q9UF56,E3,Q9UF56,Q9BX63,FBXL17,BRIP1,1,3,1.0,0.60885704
E3|Q9UF56|Q9UMX1,E3|Q9UF56,E3,Q9UF56,Q9UMX1,FBXL17,SUFU,1,3,1.0,0.6096028
E3|Q9UK22|P02765,E3|Q9UK22,E3,Q9UK22,P02765,FBXO2,AHSG,1,3,1.0,0.60947204
E3|Q9UK22|P05556,E3|Q9UK22,E3,Q9UK22,P05556,FBXO2,ITGB1,1,3,1.0,0.6091248
E3|Q9UK22|P10193,E3|Q9UK22,E3,Q9UK22,P10193,FBXO2,UL9,1,3,1.0,0.60886836
E3|Q9UK22|P29033,E3|Q9UK22,E3,Q9UK22,P29033,FBXO2,GJB2,1,3,1.0,0.6085415
E3|Q9UK22|P35555,E3|Q9UK22,E3,Q9UK22,P35555,FBXO2,FBN1,1,3,1.0,0.6085918
E3|Q9UK22|P56817,E3|Q9UK22,E3,Q9UK22,P56817,FBXO2,BACE1,1,3,1.0,0.60945505
E3|Q9UK22|P78324,E3|Q9UK22,E3,Q9UK22,P78324,FBXO2,SIRPA,1,3,1.0,0.60975564
E3|Q9UK22|Q05586,E3|Q9UK22,E3,Q9UK22,Q05586,FBXO2,GRIN1,1,3,1.0,0.608813
E3|Q9UK22|Q9UHB4,E3|Q9UK22,E3,Q9UK22,Q9UHB4,FBXO2,NDOR1,1,3,1.0,0.60879165
E3|Q9UK22|Q9UNE7,E3|Q9UK22,E3,Q9UK22,Q9UNE7,FBXO2,STUB1,1,3,1.0,0.6095496
E3|Q9UK96|P10415,E3|Q9UK96,E3,Q9UK96,P10415,FBXO10,BCL2,1,3,1.0,0.60833126
E3|Q9UK97|O43156,E3|Q9UK97,E3,Q9UK97,O43156,FBXO9,TTI1,1,3,1.0,0.6094007
E3|Q9UK97|Q9H2A3,E3|Q9UK97,E3,Q9UK97,Q9H2A3,FBXO9,NEUROG2,1,3,1.0,0.6112456
E3|Q9UK97|Q9Y4R8,E3|Q9UK97,E3,Q9UK97,Q9Y4R8,FBXO9,TELO2,1,3,1.0,0.6094003
E3|Q9UKV5|O15503,E3|Q9UKV5,E3,Q9UKV5,O15503,AMFR,INSIG1,1,3,1.0,0.61004454
E3|Q9UKV5|O95140,E3|Q9UKV5,E3,Q9UKV5,O95140,AMFR,MFN2,1,3,1.0,0.609922
E3|Q9UKV5|P00441,E3|Q9UKV5,E3,Q9UKV5,P00441,AMFR,SOD1,1,3,1.0,0.60985863
E3|Q9UKV5|P01009,E3|Q9UKV5,E3,Q9UKV5,P01009,AMFR,SERPINA1,1,3,1.0,0.60944355
E3|Q9UKV5|P04035,E3|Q9UKV5,E3,Q9UKV5,P04035,AMFR,HMGCR,1,3,1.0,0.60994446
E3|Q9UKV5|P04114,E3|Q9UKV5,E3,Q9UKV5,P04114,AMFR,APOB,1,3,1.0,0.6089662
E3|Q9UKV5|P04234,E3|Q9UKV5,E3,Q9UKV5,P04234,AMFR,CD3D,1,3,1.0,0.607766
E3|Q9UKV5|P08034,E3|Q9UKV5,E3,Q9UKV5,P08034,AMFR,GJB1,1,3,1.0,0.6079962
E3|Q9UKV5|P08684,E3|Q9UKV5,E3,Q9UKV5,P08684,AMFR,CYP3A4,1,3,1.0,0.6096723
E3|Q9UKV5|P11441,E3|Q9UKV5,E3,Q9UKV5,P11441,AMFR,UBL4A,1,3,1.0,0.60948265
E3|Q9UKV5|P13569,E3|Q9UKV5,E3,Q9UKV5,P13569,AMFR,CFTR,1,3,1.0,0.6094174
E3|Q9UKV5|P27701,E3|Q9UKV5,E3,Q9UKV5,P27701,AMFR,CD82,1,3,1.0,0.6082929
E3|Q9UKV5|Q15011,E3|Q9UKV5,E3,Q9UKV5,Q15011,AMFR,HERPUD1,1,3,1.0,0.6104076
E3|Q9UKV5|Q8IWA4,E3|Q9UKV5,E3,Q9UKV5,Q8IWA4,AMFR,MFN1,1,3,1.0,0.60990375
E3|Q9UKV5|Q99574,E3|Q9UKV5,E3,Q9UKV5,Q99574,AMFR,SERPINI1,1,3,1.0,0.6092962
E3|Q9UM11|O00429,E3|Q9UM11,E3,Q9UM11,O00429,FZR1,DNM1L,1,3,1.0,0.6080459
E3|Q9UM11|O00716,E3|Q9UM11,E3,Q9UM11,O00716,FZR1,E2F3,1,3,1.0,0.6110329
E3|Q9UM11|O14777,E3|Q9UM11,E3,Q9UM11,O14777,FZR1,NDC80,1,3,1.0,0.61137134
E3|Q9UM11|O14965,E3|Q9UM11,E3,Q9UM11,O14965,FZR1,AURKA,1,3,1.0,0.6086642
E3|Q9UM11|O43474,E3|Q9UM11,E3,Q9UM11,O43474,FZR1,KLF4,1,3,1.0,0.61100245
E3|Q9UM11|O43683,E3|Q9UM11,E3,Q9UM11,O43683,FZR1,BUB1,1,3,1.0,0.6109351
E3|Q9UM11|O60313,E3|Q9UM11,E3,Q9UM11,O60313,FZR1,OPA1,1,3,1.0,0.6080544
E3|Q9UM11|O60566,E3|Q9UM11,E3,Q9UM11,O60566,FZR1,BUB1B,1,3,1.0,0.6109696
E3|Q9UM11|O75496,E3|Q9UM11,E3,Q9UM11,O75496,FZR1,GMNN,1,3,1.0,0.6115533
E3|Q9UM11|O94782,E3|Q9UM11,E3,Q9UM11,O94782,FZR1,USP1,1,3,1.0,0.6110759
E3|Q9UM11|O95997,E3|Q9UM11,E3,Q9UM11,O95997,FZR1,PTTG1,1,3,1.0,0.6115436
E3|Q9UM11|P04183,E3|Q9UM11,E3,Q9UM11,P04183,FZR1,TK1,1,3,1.0,0.6115451
E3|Q9UM11|P12757,E3|Q9UM11,E3,Q9UM11,P12757,FZR1,SKIL,1,3,1.0,0.61097854
E3|Q9UM11|P13349,E3|Q9UM11,E3,Q9UM11,P13349,FZR1,MYF5,1,3,1.0,0.6086876
E3|Q9UM11|P14635,E3|Q9UM11,E3,Q9UM11,P14635,FZR1,CCNB1,1,3,1.0,0.6110918
E3|Q9UM11|P16284,E3|Q9UM11,E3,Q9UM11,P16284,FZR1,PECAM1,1,3,1.0,0.6055322
E3|Q9UM11|P20248,E3|Q9UM11,E3,Q9UM11,P20248,FZR1,CCNA2,1,3,1.0,0.61138767
E3|Q9UM11|P23760,E3|Q9UM11,E3,Q9UM11,P23760,FZR1,PAX3,1,3,1.0,0.61106175
E3|Q9UM11|P23919,E3|Q9UM11,E3,Q9UM11,P23919,FZR1,DTYMK,1,3,1.0,0.6115348
E3|Q9UM11|P26358,E3|Q9UM11,E3,Q9UM11,P26358,FZR1,DNMT1,1,3,1.0,0.6113166
E3|Q9UM11|P30304,E3|Q9UM11,E3,Q9UM11,P30304,FZR1,CDC25A,1,3,1.0,0.61145943
E3|Q9UM11|P41134,E3|Q9UM11,E3,Q9UM11,P41134,FZR1,ID1,1,3,1.0,0.611315
E3|Q9UM11|P45983,E3|Q9UM11,E3,Q9UM11,P45983,FZR1,MAPK8,1,3,1.0,0.60782725
E3|Q9UM11|P45984,E3|Q9UM11,E3,Q9UM11,P45984,FZR1,MAPK9,1,3,1.0,0.61079305
E3|Q9UM11|P48431,E3|Q9UM11,E3,Q9UM11,P48431,FZR1,SOX2,1,3,1.0,0.6112651
E3|Q9UM11|P51955,E3|Q9UM11,E3,Q9UM11,P51955,FZR1,NEK2,1,3,1.0,0.6108266
E3|Q9UM11|P53350,E3|Q9UM11,E3,Q9UM11,P53350,FZR1,PLK1,1,3,1.0,0.61125016
E3|Q9UM11|P53779,E3|Q9UM11,E3,Q9UM11,P53779,FZR1,MAPK10,1,3,1.0,0.6105266
E3|Q9UM11|P55290,E3|Q9UM11,E3,Q9UM11,P55290,FZR1,CDH13,1,3,1.0,0.60524607
E3|Q9UM11|Q00059,E3|Q9UM11,E3,Q9UM11,Q00059,FZR1,TFAM,1,3,1.0,0.6097878
E3|Q9UM11|Q01094,E3|Q9UM11,E3,Q9UM11,Q01094,FZR1,E2F1,1,3,1.0,0.6110696
E3|Q9UM11|Q01196,E3|Q9UM11,E3,Q9UM11,Q01196,FZR1,RUNX1,1,3,1.0,0.6107393
E3|Q9UM11|Q02363,E3|Q9UM11,E3,Q9UM11,Q02363,FZR1,ID2,1,3,1.0,0.6112044
E3|Q9UM11|Q08050,E3|Q9UM11,E3,Q9UM11,Q08050,FZR1,FOXM1,1,3,1.0,0.61136127
E3|Q9UM11|Q12834,E3|Q9UM11,E3,Q9UM11,Q12834,FZR1,CDC20,1,3,1.0,0.6112072
E3|Q9UM11|Q13309,E3|Q9UM11,E3,Q9UM11,Q13309,FZR1,SKP2,1,3,1.0,0.6109687
E3|Q9UM11|Q14511,E3|Q9UM11,E3,Q9UM11,Q14511,FZR1,NEDD9,1,3,1.0,0.6075604
E3|Q9UM11|Q15004,E3|Q9UM11,E3,Q9UM11,Q15004,FZR1,PCLAF,1,3,1.0,0.60729754
E3|Q9UM11|Q15468,E3|Q9UM11,E3,Q9UM11,Q15468,FZR1,STIL,1,3,1.0,0.61092234
E3|Q9UM11|Q16875,E3|Q9UM11,E3,Q9UM11,Q16875,FZR1,PFKFB3,1,3,1.0,0.6112681
E3|Q9UM11|Q5FBB7,E3|Q9UM11,E3,Q9UM11,Q5FBB7,FZR1,SGOL1,1,3,1.0,0.61087024
E3|Q9UM11|Q6UVJ0,E3|Q9UM11,E3,Q9UM11,Q6UVJ0,FZR1,SASS6,1,3,1.0,0.610908
E3|Q9UM11|Q86WB0,E3|Q9UM11,E3,Q9UM11,Q86WB0,FZR1,ZC3HC1,1,3,1.0,0.6101318
E3|Q9UM11|Q8IWA4,E3|Q9UM11,E3,Q9UM11,Q8IWA4,FZR1,MFN1,1,3,1.0,0.6088851
E3|Q9UM11|Q8WWK9,E3|Q9UM11,E3,Q9UM11,Q8WWK9,FZR1,CKAP2,1,3,1.0,0.6109241
E3|Q9UM11|Q96BY2,E3|Q9UM11,E3,Q9UM11,Q96BY2,FZR1,MOAP1,1,3,1.0,0.6077105
E3|Q9UM11|Q96C86,E3|Q9UM11,E3,Q9UM11,Q96C86,FZR1,DCPS,1,3,1.0,0.6115244
E3|Q9UM11|Q96GD4,E3|Q9UM11,E3,Q9UM11,Q96GD4,FZR1,AURKB,1,3,1.0,0.6112173
E3|Q9UM11|Q99708,E3|Q9UM11,E3,Q9UM11,Q99708,FZR1,RBBP8,1,3,1.0,0.611193
E3|Q9UM11|Q99741,E3|Q9UM11,E3,Q9UM11,Q99741,FZR1,CDC6,1,3,1.0,0.61164916
E3|Q9UM11|Q9BXS6,E3|Q9UM11,E3,Q9UM11,Q9BXS6,FZR1,NUSAP1,1,3,1.0,0.6109809
E3|Q9UM11|Q9HAW4,E3|Q9UM11,E3,Q9UM11,Q9HAW4,FZR1,CLSPN,1,3,1.0,0.61132896
E3|Q9UM11|Q9NQW6,E3|Q9UM11,E3,Q9UM11,Q9NQW6,FZR1,ANLN,1,3,1.0,0.6112911
E3|Q9UM11|Q9NRM7,E3|Q9UM11,E3,Q9UM11,Q9NRM7,FZR1,LATS2,1,3,1.0,0.61103976
E3|Q9UM11|Q9P2P5,E3|Q9UM11,E3,Q9UM11,Q9P2P5,FZR1,HECW2,1,3,1.0,0.61103195
E3|Q9UM11|Q9ULW0,E3|Q9UM11,E3,Q9UM11,Q9ULW0,FZR1,TPX2,1,3,1.0,0.6110306
E3|Q9UM11|Q9Y4A5,E3|Q9UM11,E3,Q9UM11,Q9Y4A5,FZR1,TRRAP,1,3,1.0,0.6115533
E3|Q9Y2M5|O15085,E3|Q9Y2M5,E3,Q9Y2M5,O15085,KLHL20,ARHGEF11,1,3,1.0,0.60947543
E3|Q9Y2M5|O75385,E3|Q9Y2M5,E3,Q9Y2M5,O75385,KLHL20,ULK1,1,3,1.0,0.6100443
E3|Q9Y2M5|P29590,E3|Q9Y2M5,E3,Q9Y2M5,P29590,KLHL20,PML,1,3,1.0,0.61015034
E3|Q9Y2M5|P53355,E3|Q9Y2M5,E3,Q9Y2M5,P53355,KLHL20,DAPK1,1,3,1.0,0.6093211
E3|Q9Y2M5|P57737,E3|Q9Y2M5,E3,Q9Y2M5,P57737,KLHL20,CORO7,1,3,1.0,0.6100409
E3|Q9Y2M5|Q14457,E3|Q9Y2M5,E3,Q9Y2M5,Q14457,KLHL20,BECN1,1,3,1.0,0.61029106
E3|Q9Y2M5|Q8NEB9,E3|Q9Y2M5,E3,Q9Y2M5,Q8NEB9,KLHL20,PIK3C3,1,3,1.0,0.61002976
E3|Q9Y4L5|P00533,E3|Q9Y4L5,E3,Q9Y4L5,P00533,RNF115,EGFR,1,3,1.0,0.6096935
E3|Q9Y4L5|P08581,E3|Q9Y4L5,E3,Q9Y4L5,P08581,RNF115,MET,1,3,1.0,0.60939044
E3|Q9Y4L5|P36888,E3|Q9Y4L5,E3,Q9Y4L5,P36888,RNF115,FLT3,1,3,1.0,0.6089465
E3|Q9Y4L5|P61073,E3|Q9Y4L5,E3,Q9Y4L5,P61073,RNF115,CXCR4,1,3,1.0,0.6089099
E3|Q9Y4L5|Q7Z434,E3|Q9Y4L5,E3,Q9Y4L5,Q7Z434,RNF115,MAVS,1,3,1.0,0.6096483
E3|Q9Y4L5|Q9Y4L5,E3|Q9Y4L5,E3,Q9Y4L5,Q9Y4L5,RNF115,RNF115,1,3,1.0,0.610589
DUB|A6NNY8|O43521,DUB|A6NNY8,DUB,A6NNY8,O43521,USP27X,BCL2L11,1,3,1.0,0.60898256
DUB|A6NNY8|O95786,DUB|A6NNY8,DUB,A6NNY8,O95786,USP27X,DDX58,1,3,1.0,0.61023414
DUB|A6NNY8|O95863,DUB|A6NNY8,DUB,A6NNY8,O95863,USP27X,SNAI1,1,3,1.0,0.6099217
DUB|A6NNY8|P62807,DUB|A6NNY8,DUB,A6NNY8,P62807,USP27X,HIST1H2BI,1,3,1.0,0.61011463
DUB|A6NNY8|Q14469,DUB|A6NNY8,DUB,A6NNY8,Q14469,USP27X,HES1,1,3,1.0,0.6096976
DUB|O00507|Q13485,DUB|O00507,DUB,O00507,Q13485,USP9Y,SMAD4,1,3,1.0,0.6107958
DUB|O95630|P00533,DUB|O95630,DUB,O95630,P00533,STAMBP,EGFR,1,3,1.0,0.60983694
DUB|O95630|P17302,DUB|O95630,DUB,O95630,P17302,STAMBP,GJA1,1,3,1.0,0.6092087
DUB|O95630|P55085,DUB|O95630,DUB,O95630,P55085,STAMBP,F2RL1,1,3,1.0,0.6084105
DUB|P09936|P04637,DUB|P09936,DUB,P09936,P04637,UCHL1,TP53,1,3,1.0,0.6098966
DUB|P09936|P05231,DUB|P09936,DUB,P09936,P05231,UCHL1,IL6,1,3,1.0,0.60768574
DUB|P09936|P09936,DUB|P09936,DUB,P09936,P09936,UCHL1,UCHL1,1,3,1.0,0.6109048
DUB|P09936|P10145,DUB|P09936,DUB,P09936,P10145,UCHL1,CXCL8,1,3,1.0,0.6075725
DUB|P09936|P10636,DUB|P09936,DUB,P09936,P10636,UCHL1,MAPT,1,3,1.0,0.60973626
DUB|P09936|P19838,DUB|P09936,DUB,P09936,P19838,UCHL1,NFKB1,1,3,1.0,0.60912883
DUB|P09936|P25963,DUB|P09936,DUB,P09936,P25963,UCHL1,NFKBIA,1,3,1.0,0.6097402
DUB|P09936|P36897,DUB|P09936,DUB,P09936,P36897,UCHL1,TGFBR1,1,3,1.0,0.6080024
DUB|P09936|P37840,DUB|P09936,DUB,P09936,P37840,UCHL1,SNCA,1,3,1.0,0.61019874
DUB|P09936|P84022,DUB|P09936,DUB,P09936,P84022,UCHL1,SMAD3,1,3,1.0,0.6089797
DUB|P09936|Q15796,DUB|P09936,DUB,P09936,Q15796,UCHL1,SMAD2,1,3,1.0,0.6089764
DUB|P09936|Q16620,DUB|P09936,DUB,P09936,Q16620,UCHL1,NTRK2,1,3,1.0,0.60780996
DUB|P09936|Q16665,DUB|P09936,DUB,P09936,Q16665,UCHL1,HIF1A,1,3,1.0,0.60950077
DUB|P09936|Q92905,DUB|P09936,DUB,P09936,Q92905,UCHL1,COPS5,1,3,1.0,0.6098581
DUB|P09936|Q9GZV3,DUB|P09936,DUB,P09936,Q9GZV3,UCHL1,SLC5A7,1,3,1.0,0.6081614
DUB|P09936|Q9NPH5,DUB|P09936,DUB,P09936,Q9NPH5,UCHL1,NOX4,1,3,1.0,0.6080872
DUB|P09936|Q9UBN7,DUB|P09936,DUB,P09936,Q9UBN7,UCHL1,HDAC6,1,3,1.0,0.6095747
DUB|P54252|O14757,DUB|P54252,DUB,P54252,O14757,ATXN3,CHEK1,1,3,1.0,0.6101748
DUB|P54252|O15379,DUB|P54252,DUB,P54252,O15379,ATXN3,HDAC3,1,3,1.0,0.6094634
DUB|P54252|O43474,DUB|P54252,DUB,P54252,O43474,ATXN3,KLF4,1,3,1.0,0.6096881
DUB|P54252|O60260,DUB|P54252,DUB,P54252,O60260,ATXN3,PRKN,1,3,1.0,0.6110596
DUB|P54252|O95166,DUB|P54252,DUB,P54252,O95166,ATXN3,GABARAP,1,3,1.0,0.61058885
DUB|P54252|P04637,DUB|P54252,DUB,P54252,P04637,ATXN3,TP53,1,3,1.0,0.6107133
DUB|P54252|P55072,DUB|P54252,DUB,P54252,P55072,ATXN3,VCP,1,3,1.0,0.6108405
DUB|P54252|P78344,DUB|P54252,DUB,P54252,P78344,ATXN3,EIF4G2,1,3,1.0,0.610468
DUB|P54252|Q07812,DUB|P54252,DUB,P54252,Q07812,ATXN3,BAX,1,3,1.0,0.61023736
DUB|P54252|Q13635,DUB|P54252,DUB,P54252,Q13635,ATXN3,PTCH1,1,3,1.0,0.60714656
DUB|P54252|Q14457,DUB|P54252,DUB,P54252,Q14457,ATXN3,BECN1,1,3,1.0,0.60948926
DUB|P54252|Q15382,DUB|P54252,DUB,P54252,Q15382,ATXN3,RHEB,1,3,1.0,0.6085843
DUB|P54252|Q92934,DUB|P54252,DUB,P54252,Q92934,ATXN3,BAD,1,3,1.0,0.61022055
DUB|P54252|Q9BXW4,DUB|P54252,DUB,P54252,Q9BXW4,ATXN3,MAP1LC3C,1,3,1.0,0.61042607
DUB|P54252|Q9UNE7,DUB|P54252,DUB,P54252,Q9UNE7,ATXN3,STUB1,1,3,1.0,0.61087155
DUB|Q15018|Q96P20,DUB|Q15018,DUB,Q15018,Q96P20,ABRAXAS2,NLRP3,1,3,1.0,0.60861135
DUB|Q5T2D3|P04637,DUB|Q5T2D3,DUB,Q5T2D3,P04637,OTUD3,TP53,1,3,1.0,0.61111176
DUB|Q5T2D3|P60484,DUB|Q5T2D3,DUB,Q5T2D3,P60484,OTUD3,PTEN,1,3,1.0,0.6094011
DUB|Q6P468|Q07820,DUB|Q6P468,DUB,Q6P468,Q07820,USP9X,MCL1,1,3,1.0,0.60913956
DUB|Q6P468|Q9H992,DUB|Q6P468,DUB,Q6P468,Q9H992,USP9X,MARCHF7,1,3,1.0,0.6102097
DUB|Q70EL3|P12956,DUB|Q70EL3,DUB,Q70EL3,P12956,USP50,XRCC6,1,3,1.0,0.61105937
DUB|Q70EL3|P30291,DUB|Q70EL3,DUB,Q70EL3,P30291,USP50,WEE1,1,3,1.0,0.61095047
DUB|Q70EL3|Q9ULZ3,DUB|Q70EL3,DUB,Q70EL3,Q9ULZ3,USP50,PYCARD,1,3,1.0,0.60778064
DUB|Q7L8S5|O00429,DUB|Q7L8S5,DUB,Q7L8S5,O00429,OTUD6A,DNM1L,1,3,1.0,0.6085923
DUB|Q7L8S5|O14965,DUB|Q7L8S5,DUB,Q7L8S5,O14965,OTUD6A,AURKA,1,3,1.0,0.60912997
DUB|Q86UV5|P04908,DUB|Q86UV5,DUB,Q86UV5,P04908,USP48,HIST1H2AE,1,3,1.0,0.6110098
DUB|Q86UV5|P08151,DUB|Q86UV5,DUB,Q86UV5,P08151,USP48,GLI1,1,3,1.0,0.6113032
DUB|Q86UV5|Q04206,DUB|Q86UV5,DUB,Q86UV5,Q04206,USP48,RELA,1,3,1.0,0.6114156
DUB|Q86UV5|Q12933,DUB|Q86UV5,DUB,Q86UV5,Q12933,USP48,TRAF2,1,3,1.0,0.61030704
DUB|Q86UV5|Q6FI13,DUB|Q86UV5,DUB,Q86UV5,Q6FI13,USP48,HIST2H2AA4,1,3,1.0,0.6110539
DUB|Q86UV5|Q8N6T7,DUB|Q86UV5,DUB,Q86UV5,Q8N6T7,USP48,SIRT6,1,3,1.0,0.6091842
DUB|Q93009|O14757,DUB|Q93009,DUB,Q93009,O14757,USP7,CHEK1,1,3,1.0,0.6108441
DUB|Q93009|O14773,DUB|Q93009,DUB,Q93009,O14773,USP7,TPP1,1,3,1.0,0.6075318
DUB|Q93009|O14965,DUB|Q93009,DUB,Q93009,O14965,USP7,AURKA,1,3,1.0,0.60841846
DUB|Q93009|O15151,DUB|Q93009,DUB,Q93009,O15151,USP7,MDM4,1,3,1.0,0.6111173
DUB|Q93009|O15169,DUB|Q93009,DUB,Q93009,O15169,USP7,AXIN1,1,3,1.0,0.60586953
DUB|Q93009|O15524,DUB|Q93009,DUB,Q93009,O15524,USP7,SOCS1,1,3,1.0,0.60782325
DUB|Q93009|O43524,DUB|Q93009,DUB,Q93009,O43524,USP7,FOXO3,1,3,1.0,0.60938567
DUB|Q93009|O43663,DUB|Q93009,DUB,Q93009,O43663,USP7,PRC1,1,3,1.0,0.6110318
DUB|Q93009|O43684,DUB|Q93009,DUB,Q93009,O43684,USP7,BUB3,1,3,1.0,0.6115535
DUB|Q93009|O60341,DUB|Q93009,DUB,Q93009,O60341,USP7,KDM1A,1,3,1.0,0.61136705
DUB|Q93009|O75444,DUB|Q93009,DUB,Q93009,O75444,USP7,MAF,1,3,1.0,0.6106264
DUB|Q93009|P00519,DUB|Q93009,DUB,Q93009,P00519,USP7,ABL1,1,3,1.0,0.61028975
DUB|Q93009|P01106,DUB|Q93009,DUB,Q93009,P01106,USP7,MYC,1,3,1.0,0.61145794
DUB|Q93009|P04198,DUB|Q93009,DUB,Q93009,P04198,USP7,MYCN,1,3,1.0,0.61119694
DUB|Q93009|P04637,DUB|Q93009,DUB,Q93009,P04637,USP7,TP53,1,3,1.0,0.61065245
DUB|Q93009|P06400,DUB|Q93009,DUB,Q93009,P06400,USP7,RB1,1,3,1.0,0.61102676
DUB|Q93009|P08151,DUB|Q93009,DUB,Q93009,P08151,USP7,GLI1,1,3,1.0,0.61126405
DUB|Q93009|P10275,DUB|Q93009,DUB,Q93009,P10275,USP7,AR,1,3,1.0,0.6110477
DUB|Q93009|P10276,DUB|Q93009,DUB,Q93009,P10276,USP7,RARA,1,3,1.0,0.6109938
DUB|Q93009|P11474,DUB|Q93009,DUB,Q93009,P11474,USP7,ESRRA,1,3,1.0,0.6101059
DUB|Q93009|P12004,DUB|Q93009,DUB,Q93009,P12004,USP7,PCNA,1,3,1.0,0.6116044
DUB|Q93009|P14373,DUB|Q93009,DUB,Q93009,P14373,USP7,TRIM27,1,3,1.0,0.6089316
DUB|Q93009|P19838,DUB|Q93009,DUB,Q93009,P19838,USP7,NFKB1,1,3,1.0,0.6112968
DUB|Q93009|P23759,DUB|Q93009,DUB,Q93009,P23759,USP7,PAX7,1,3,1.0,0.6091862
DUB|Q93009|P26358,DUB|Q93009,DUB,Q93009,P26358,USP7,DNMT1,1,3,1.0,0.6113817
DUB|Q93009|P29590,DUB|Q93009,DUB,Q93009,P29590,USP7,PML,1,3,1.0,0.6090958
DUB|Q93009|P30304,DUB|Q93009,DUB,Q93009,P30304,USP7,CDC25A,1,3,1.0,0.6110318
DUB|Q93009|P35222,DUB|Q93009,DUB,Q93009,P35222,USP7,CTNNB1,1,3,1.0,0.6085835
DUB|Q93009|P35226,DUB|Q93009,DUB,Q93009,P35226,USP7,BMI1,1,3,1.0,0.6113416
DUB|Q93009|P35568,DUB|Q93009,DUB,Q93009,P35568,USP7,IRS1,1,3,1.0,0.60947067
DUB|Q93009|P37231,DUB|Q93009,DUB,Q93009,P37231,USP7,PPARG,1,3,1.0,0.6110323
DUB|Q93009|P46531,DUB|Q93009,DUB,Q93009,P46531,USP7,NOTCH1,1,3,1.0,0.6062251
DUB|Q93009|P46937,DUB|Q93009,DUB,Q93009,P46937,USP7,YAP1,1,3,1.0,0.60779375
DUB|Q93009|P48764,DUB|Q93009,DUB,Q93009,P48764,USP7,SLC9A3,1,3,1.0,0.60543627
DUB|Q93009|P51955,DUB|Q93009,DUB,Q93009,P51955,USP7,NEK2,1,3,1.0,0.61056226
DUB|Q93009|P51965,DUB|Q93009,DUB,Q93009,P51965,USP7,UBE2E1,1,3,1.0,0.61084867
DUB|Q93009|P53350,DUB|Q93009,DUB,Q93009,P53350,USP7,PLK1,1,3,1.0,0.6109982
DUB|Q93009|P60484,DUB|Q93009,DUB,Q93009,P60484,USP7,PTEN,1,3,1.0,0.60886323
DUB|Q93009|P62807,DUB|Q93009,DUB,Q93009,P62807,USP7,HIST1H2BI,1,3,1.0,0.6107761
DUB|Q93009|P98177,DUB|Q93009,DUB,Q93009,P98177,USP7,FOXO4,1,3,1.0,0.6111192
DUB|Q93009|Q00987,DUB|Q93009,DUB,Q93009,Q00987,USP7,MDM2,1,3,1.0,0.6112295
DUB|Q93009|Q01831,DUB|Q93009,DUB,Q93009,Q01831,USP7,XPC,1,3,1.0,0.6111401
DUB|Q93009|Q01860,DUB|Q93009,DUB,Q93009,Q01860,USP7,POU5F1,1,3,1.0,0.61107385
DUB|Q93009|Q03468,DUB|Q93009,DUB,Q93009,Q03468,USP7,ERCC6,1,3,1.0,0.6098899
DUB|Q93009|Q04206,DUB|Q93009,DUB,Q93009,Q04206,USP7,RELA,1,3,1.0,0.61143607
DUB|Q93009|Q07820,DUB|Q93009,DUB,Q93009,Q07820,USP7,MCL1,1,3,1.0,0.60904324
DUB|Q93009|Q12778,DUB|Q93009,DUB,Q93009,Q12778,USP7,FOXO1,1,3,1.0,0.61138546
DUB|Q93009|Q12888,DUB|Q93009,DUB,Q93009,Q12888,USP7,TP53BP1,1,3,1.0,0.6109338
DUB|Q93009|Q13127,DUB|Q93009,DUB,Q93009,Q13127,USP7,REST,1,3,1.0,0.6111121
DUB|Q93009|Q13546,DUB|Q93009,DUB,Q93009,Q13546,USP7,RIPK1,1,3,1.0,0.6057876
DUB|Q93009|Q14527,DUB|Q93009,DUB,Q93009,Q14527,USP7,HLTF,1,3,1.0,0.61128217
DUB|Q93009|Q14669,DUB|Q93009,DUB,Q93009,Q14669,USP7,TRIP12,1,3,1.0,0.6116227
DUB|Q93009|Q15910,DUB|Q93009,DUB,Q93009,Q15910,USP7,EZH2,1,3,1.0,0.6114112
DUB|Q93009|Q16204,DUB|Q93009,DUB,Q93009,Q16204,USP7,CCDC6,1,3,1.0,0.6107848
DUB|Q93009|Q16526,DUB|Q93009,DUB,Q93009,Q16526,USP7,CRY1,1,3,1.0,0.6113166
DUB|Q93009|Q16656,DUB|Q93009,DUB,Q93009,Q16656,USP7,NRF1,1,3,1.0,0.6103769
DUB|Q93009|Q16665,DUB|Q93009,DUB,Q93009,Q16665,USP7,HIF1A,1,3,1.0,0.61140364
DUB|Q93009|Q16778,DUB|Q93009,DUB,Q93009,Q16778,USP7,H2BC21,1,3,1.0,0.6112227
DUB|Q93009|Q2YD98,DUB|Q93009,DUB,Q93009,Q2YD98,USP7,UVSSA,1,3,1.0,0.611358
DUB|Q93009|Q49AN0,DUB|Q93009,DUB,Q93009,Q49AN0,USP7,CRY2,1,3,1.0,0.6111669
DUB|Q93009|Q8IXJ9,DUB|Q93009,DUB,Q93009,Q8IXJ9,USP7,ASXL1,1,3,1.0,0.61149406
DUB|Q93009|Q8IYW5,DUB|Q93009,DUB,Q93009,Q8IYW5,USP7,RNF168,1,3,1.0,0.6110567
DUB|Q93009|Q8NHW3,DUB|Q93009,DUB,Q93009,Q8NHW3,USP7,MAFA,1,3,1.0,0.61055696
DUB|Q93009|Q92993,DUB|Q93009,DUB,Q93009,Q92993,USP7,KAT5,1,3,1.0,0.6109719
DUB|Q93009|Q96C12,DUB|Q93009,DUB,Q93009,Q96C12,USP7,ARMC5,1,3,1.0,0.61105126
DUB|Q93009|Q96EP1,DUB|Q93009,DUB,Q93009,Q96EP1,USP7,CHFR,1,3,1.0,0.6112909
DUB|Q93009|Q96PU5,DUB|Q93009,DUB,Q93009,Q96PU5,USP7,NEDD4L,1,3,1.0,0.6078716
DUB|Q93009|Q96T88,DUB|Q93009,DUB,Q93009,Q96T88,USP7,UHRF1,1,3,1.0,0.6115158
DUB|Q93009|Q99496,DUB|Q93009,DUB,Q93009,Q99496,USP7,RNF2,1,3,1.0,0.61132467
DUB|Q93009|Q9BZS1,DUB|Q93009,DUB,Q93009,Q9BZS1,USP7,FOXP3,1,3,1.0,0.6102693
DUB|Q93009|Q9H8V3,DUB|Q93009,DUB,Q93009,Q9H8V3,USP7,ECT2,1,3,1.0,0.6106656
DUB|Q93009|Q9H992,DUB|Q93009,DUB,Q93009,Q9H992,USP7,MARCHF7,1,3,1.0,0.6104987
DUB|Q93009|Q9HAW4,DUB|Q93009,DUB,Q93009,Q9HAW4,USP7,CLSPN,1,3,1.0,0.6111147
DUB|Q93009|Q9NRC8,DUB|Q93009,DUB,Q93009,Q9NRC8,USP7,SIRT7,1,3,1.0,0.61142904
DUB|Q93009|Q9NS91,DUB|Q93009,DUB,Q93009,Q9NS91,USP7,RAD18,1,3,1.0,0.61098456
DUB|Q93009|Q9NSA3,DUB|Q93009,DUB,Q93009,Q9NSA3,USP7,CTNNBIP1,1,3,1.0,0.6103011
DUB|Q93009|Q9UER7,DUB|Q93009,DUB,Q93009,Q9UER7,USP7,DAXX,1,3,1.0,0.6111647
DUB|Q93009|Q9UPP1,DUB|Q93009,DUB,Q93009,Q9UPP1,USP7,PHF8,1,3,1.0,0.61136127
DUB|Q93009|Q9Y253,DUB|Q93009,DUB,Q93009,Q9Y253,USP7,POLH,1,3,1.0,0.6113332
DUB|Q93009|Q9Y4H2,DUB|Q93009,DUB,Q93009,Q9Y4H2,USP7,IRS2,1,3,1.0,0.6098454
DUB|Q93009|Q9Y6K9,DUB|Q93009,DUB,Q93009,Q9Y6K9,USP7,IKBKG,1,3,1.0,0.6102815
DUB|Q96DC9|P10070,DUB|Q96DC9,DUB,Q96DC9,P10070,OTUB2,GLI2,1,3,1.0,0.6107564
DUB|Q96DC9|Q13114,DUB|Q96DC9,DUB,Q96DC9,Q13114,OTUB2,TRAF3,1,3,1.0,0.60855514
DUB|Q96DC9|Q9Y468,DUB|Q96DC9,DUB,Q96DC9,Q9Y468,OTUB2,L3MBTL1,1,3,1.0,0.61100763
DUB|Q96DC9|Q9Y4K3,DUB|Q96DC9,DUB,Q96DC9,Q9Y4K3,OTUB2,TRAF6,1,3,1.0,0.60976225
DUB|Q96RU2|O60341,DUB|Q96RU2,DUB,Q96RU2,O60341,USP28,KDM1A,1,3,1.0,0.61107486
DUB|Q96RU2|O96017,DUB|Q96RU2,DUB,Q96RU2,O96017,USP28,CHEK2,1,3,1.0,0.6112602
DUB|Q96RU2|P01106,DUB|Q96RU2,DUB,Q96RU2,P01106,USP28,MYC,1,3,1.0,0.61127687
DUB|Q96RU2|P04637,DUB|Q96RU2,DUB,Q96RU2,P04637,USP28,TP53,1,3,1.0,0.61098945
DUB|Q96RU2|P05412,DUB|Q96RU2,DUB,Q96RU2,P05412,USP28,JUN,1,3,1.0,0.6109076
DUB|Q96RU2|P15056,DUB|Q96RU2,DUB,Q96RU2,P15056,USP28,BRAF,1,3,1.0,0.6058819
DUB|Q96RU2|P24864,DUB|Q96RU2,DUB,Q96RU2,P24864,USP28,CCNE1,1,3,1.0,0.6111054
DUB|Q96RU2|P40763,DUB|Q96RU2,DUB,Q96RU2,P40763,USP28,STAT3,1,3,1.0,0.6108719
DUB|Q96RU2|P46531,DUB|Q96RU2,DUB,Q96RU2,P46531,USP28,NOTCH1,1,3,1.0,0.6066177
DUB|Q96RU2|Q12888,DUB|Q96RU2,DUB,Q96RU2,Q12888,USP28,TP53BP1,1,3,1.0,0.6106954
DUB|Q96RU2|Q16665,DUB|Q96RU2,DUB,Q96RU2,Q16665,USP28,HIF1A,1,3,1.0,0.61134285
DUB|Q96RU2|Q969H0,DUB|Q96RU2,DUB,Q96RU2,Q969H0,USP28,FBXW7,1,3,1.0,0.61126107
DUB|Q96RU2|Q9HA47,DUB|Q96RU2,DUB,Q96RU2,Q9HA47,USP28,UCK1,1,3,1.0,0.61128724
DUB|Q96RU2|Q9HAW4,DUB|Q96RU2,DUB,Q96RU2,Q9HAW4,USP28,CLSPN,1,3,1.0,0.6110207
DUB|Q96RU2|Q9HCX3,DUB|Q96RU2,DUB,Q96RU2,Q9HCX3,USP28,ZNF304,1,3,1.0,0.61081
DUB|Q9NQC7|O14640,DUB|Q9NQC7,DUB,Q9NQC7,O14640,CYLD,DVL1,1,3,1.0,0.608664
DUB|Q9NQC7|O15105,DUB|Q9NQC7,DUB,Q9NQC7,O15105,CYLD,SMAD7,1,3,1.0,0.60955447
DUB|Q9NQC7|O43318,DUB|Q9NQC7,DUB,Q9NQC7,O43318,CYLD,MAP3K7,1,3,1.0,0.6089077
DUB|Q9NQC7|O43353,DUB|Q9NQC7,DUB,Q9NQC7,O43353,CYLD,RIPK2,1,3,1.0,0.6082154
DUB|Q9NQC7|O95786,DUB|Q9NQC7,DUB,Q9NQC7,O95786,CYLD,DDX58,1,3,1.0,0.6099938
DUB|Q9NQC7|P04629,DUB|Q9NQC7,DUB,Q9NQC7,P04629,CYLD,NTRK1,1,3,1.0,0.60984373
DUB|Q9NQC7|P04637,DUB|Q9NQC7,DUB,Q9NQC7,P04637,CYLD,TP53,1,3,1.0,0.6099664
DUB|Q9NQC7|P06239,DUB|Q9NQC7,DUB,Q9NQC7,P06239,CYLD,LCK,1,3,1.0,0.60810614
DUB|Q9NQC7|P20749,DUB|Q9NQC7,DUB,Q9NQC7,P20749,CYLD,BCL3,1,3,1.0,0.6094616
DUB|Q9NQC7|P31749,DUB|Q9NQC7,DUB,Q9NQC7,P31749,CYLD,AKT1,1,3,1.0,0.6097515
DUB|Q9NQC7|P36897,DUB|Q9NQC7,DUB,Q9NQC7,P36897,CYLD,TGFBR1,1,3,1.0,0.60828733
DUB|Q9NQC7|P42773,DUB|Q9NQC7,DUB,Q9NQC7,P42773,CYLD,CDKN2C,1,3,1.0,0.6100966
DUB|Q9NQC7|P49116,DUB|Q9NQC7,DUB,Q9NQC7,P49116,CYLD,NR2C2,1,3,1.0,0.609236
DUB|Q9NQC7|P53350,DUB|Q9NQC7,DUB,Q9NQC7,P53350,CYLD,PLK1,1,3,1.0,0.60971606
DUB|Q9NQC7|P59044,DUB|Q9NQC7,DUB,Q9NQC7,P59044,CYLD,NLRP6,1,3,1.0,0.60806787
DUB|Q9NQC7|P78352,DUB|Q9NQC7,DUB,Q9NQC7,P78352,CYLD,DLG4,1,3,1.0,0.60769117
DUB|Q9NQC7|Q02246,DUB|Q9NQC7,DUB,Q9NQC7,Q02246,CYLD,CNTN2,1,3,1.0,0.60760176
DUB|Q9NQC7|Q04206,DUB|Q9NQC7,DUB,Q9NQC7,Q04206,CYLD,RELA,1,3,1.0,0.60938805
DUB|Q9NQC7|Q12933,DUB|Q9NQC7,DUB,Q9NQC7,Q12933,CYLD,TRAF2,1,3,1.0,0.61015487
DUB|Q9NQC7|Q13546,DUB|Q9NQC7,DUB,Q9NQC7,Q13546,CYLD,RIPK1,1,3,1.0,0.6084325
DUB|Q9NQC7|Q14669,DUB|Q9NQC7,DUB,Q9NQC7,Q14669,CYLD,TRIP12,1,3,1.0,0.60952276
DUB|Q9NQC7|Q15154,DUB|Q9NQC7,DUB,Q9NQC7,Q15154,CYLD,PCM1,1,3,1.0,0.60962886
DUB|Q9NQC7|Q6Q0C0,DUB|Q9NQC7,DUB,Q9NQC7,Q6Q0C0,CYLD,TRAF7,1,3,1.0,0.61046374
DUB|Q9NQC7|Q8NHQ1,DUB|Q9NQC7,DUB,Q9NQC7,Q8NHQ1,CYLD,CEP70,1,3,1.0,0.6095575
DUB|Q9NQC7|Q96AX9,DUB|Q9NQC7,DUB,Q9NQC7,Q96AX9,CYLD,MIB2,1,3,1.0,0.6096656
DUB|Q9NQC7|Q9NPH5,DUB|Q9NQC7,DUB,Q9NQC7,Q9NPH5,CYLD,NOX4,1,3,1.0,0.6081609
DUB|Q9NQC7|Q9NZN5,DUB|Q9NQC7,DUB,Q9NQC7,Q9NZN5,CYLD,ARHGEF12,1,3,1.0,0.610126
DUB|Q9NQC7|Q9UHD2,DUB|Q9NQC7,DUB,Q9NQC7,Q9UHD2,CYLD,TBK1,1,3,1.0,0.61002797
DUB|Q9NQC7|Q9Y4K3,DUB|Q9NQC7,DUB,Q9NQC7,Q9Y4K3,CYLD,TRAF6,1,3,1.0,0.6102644
DUB|Q9NQC7|Q9Y6K9,DUB|Q9NQC7,DUB,Q9NQC7,Q9Y6K9,CYLD,IKBKG,1,3,1.0,0.6101177
DUB|Q9P275|O95602,DUB|Q9P275,DUB,Q9P275,O95602,USP36,POLR1A,1,3,1.0,0.61089104
DUB|Q9P275|P01106,DUB|Q9P275,DUB,Q9P275,P01106,USP36,MYC,1,3,1.0,0.6119062
DUB|Q9P275|P04179,DUB|Q9P275,DUB,Q9P275,P04179,USP36,SOD2,1,3,1.0,0.6084699
DUB|Q9P275|Q05195,DUB|Q9P275,DUB,Q9P275,Q05195,USP36,MXD1,1,3,1.0,0.6117175
DUB|Q9P275|Q15910,DUB|Q9P275,DUB,Q9P275,Q15910,USP36,EZH2,1,3,1.0,0.6120519
DUB|Q9P275|Q16778,DUB|Q9P275,DUB,Q9P275,Q16778,USP36,HIST2H2BE,1,3,1.0,0.6111894
DUB|Q9P275|Q9H6R0,DUB|Q9P275,DUB,Q9P275,Q9H6R0,USP36,DHX33,1,3,1.0,0.611629
DUB|Q9P275|Q9Y570,DUB|Q9P275,DUB,Q9P275,Q9Y570,USP36,PPME1,1,3,1.0,0.6113151
DUB|Q9UMW8|O43318,DUB|Q9UMW8,DUB,Q9UMW8,O43318,USP18,MAP3K7,1,3,1.0,0.6073286
DUB|Q9UMW8|O95863,DUB|Q9UMW8,DUB,Q9UMW8,O95863,USP18,SNAI1,1,3,1.0,0.6103042
DUB|Q9UMW8|P05161,DUB|Q9UMW8,DUB,Q9UMW8,P05161,USP18,ISG15,1,3,1.0,0.60891265
DUB|Q9UMW8|P46531,DUB|Q9UMW8,DUB,Q9UMW8,P46531,USP18,NOTCH1,1,3,1.0,0.60727286
DUB|Q9UMW8|P49116,DUB|Q9UMW8,DUB,Q9UMW8,P49116,USP18,NR2C2,1,3,1.0,0.61027277
DUB|Q9UMW8|P60484,DUB|Q9UMW8,DUB,Q9UMW8,P60484,USP18,PTEN,1,3,1.0,0.60983217
DUB|Q9UMW8|Q15672,DUB|Q9UMW8,DUB,Q9UMW8,Q15672,USP18,TWIST1,1,3,1.0,0.6103512
DUB|Q9UMW8|Q15750,DUB|Q9UMW8,DUB,Q9UMW8,Q15750,USP18,TAB1,1,3,1.0,0.60858446
DUB|Q9UMW8|Q9C0B1,DUB|Q9UMW8,DUB,Q9UMW8,Q9C0B1,USP18,FTO,1,3,1.0,0.61048734
DUB|Q9UMW8|Q9Y6K9,DUB|Q9UMW8,DUB,Q9UMW8,Q9Y6K9,USP18,IKBKG,1,3,1.0,0.61077756
DUB|Q9Y2K6|O43623,DUB|Q9Y2K6,DUB,Q9Y2K6,O43623,USP20,SNAI2,1,3,1.0,0.6100709
DUB|Q9Y2K6|O75385,DUB|Q9Y2K6,DUB,Q9Y2K6,O75385,USP20,ULK1,1,3,1.0,0.6108995
DUB|Q9Y2K6|O75943,DUB|Q9Y2K6,DUB,Q9Y2K6,O75943,USP20,RAD17,1,3,1.0,0.61073023
DUB|Q9Y2K6|P07550,DUB|Q9Y2K6,DUB,Q9Y2K6,P07550,USP20,ADRB2,1,3,1.0,0.60757536
DUB|Q9Y2K6|P14618,DUB|Q9Y2K6,DUB,Q9Y2K6,P14618,USP20,PKM,1,3,1.0,0.6104678
DUB|Q9Y2K6|P35222,DUB|Q9Y2K6,DUB,Q9Y2K6,P35222,USP20,CTNNB1,1,3,1.0,0.6100612
DUB|Q9Y2K6|Q13501,DUB|Q9Y2K6,DUB,Q9Y2K6,Q13501,USP20,SQSTM1,1,3,1.0,0.6099521
DUB|Q9Y2K6|Q13546,DUB|Q9Y2K6,DUB,Q9Y2K6,Q13546,USP20,RIPK1,1,3,1.0,0.60744035
DUB|Q9Y2K6|Q16659,DUB|Q9Y2K6,DUB,Q9Y2K6,Q16659,USP20,MAPK6,1,3,1.0,0.61071223
DUB|Q9Y2K6|Q16665,DUB|Q9Y2K6,DUB,Q9Y2K6,Q16665,USP20,HIF1A,1,3,1.0,0.6104666
DUB|Q9Y2K6|Q86WV6,DUB|Q9Y2K6,DUB,Q9Y2K6,Q86WV6,USP20,TMEM173,1,3,1.0,0.60875756
DUB|Q9Y2K6|Q92813,DUB|Q9Y2K6,DUB,Q9Y2K6,Q92813,USP20,DIO2,1,3,1.0,0.60846114
DUB|Q9Y2K6|Q9HAW4,DUB|Q9Y2K6,DUB,Q9Y2K6,Q9HAW4,USP20,CLSPN,1,3,1.0,0.6101785
DUB|Q9Y2K6|Q9Y4K3,DUB|Q9Y2K6,DUB,Q9Y2K6,Q9Y4K3,USP20,TRAF6,1,3,1.0,0.6106044
DUB|Q9Y5T5|P01106,DUB|Q9Y5T5,DUB,Q9Y5T5,P01106,USP16,MYC,1,3,1.0,0.61116743
DUB|Q9Y5T5|P0C0S8,DUB|Q9Y5T5,DUB,Q9Y5T5,P0C0S8,USP16,HIST1H2AM,1,3,1.0,0.6108428
DUB|Q9Y5T5|P53350,DUB|Q9Y5T5,DUB,Q9Y5T5,P53350,USP16,PLK1,1,3,1.0,0.61076194
DUB|Q9Y5T5|P62979,DUB|Q9Y5T5,DUB,Q9Y5T5,P62979,USP16,RPS27A,1,3,1.0,0.6102171
DUB|Q9Y5T5|Q16777,DUB|Q9Y5T5,DUB,Q9Y5T5,Q16777,USP16,HIST2H2AC,1,3,1.0,0.6109921
DUB|Q9Y5T5|Q16778,DUB|Q9Y5T5,DUB,Q9Y5T5,Q16778,USP16,HIST2H2BE,1,3,1.0,0.61101216
DUB|Q9Y5T5|Q9H9S0,DUB|Q9Y5T5,DUB,Q9Y5T5,Q9H9S0,USP16,NANOG,1,3,1.0,0.61084485
E3|A6NLU0|Q9BYM8,E3|A6NLU0,E3,A6NLU0,Q9BYM8,RFPL4A,RBCK1,0,3,0.0,0.6026909
E3|B3SRS0|Q96KG9,E3|B3SRS0,E3,B3SRS0,Q96KG9,,SCYL1,0,3,0.0,0.6090891
E3|B3SRS0|Q86VP3,E3|B3SRS0,E3,B3SRS0,Q86VP3,,PACS2,0,3,0.0,0.6081969
E3|O15304|Q15386,E3|O15304,E3,O15304,Q15386,SIVA1,UBE3C,0,3,0.0,0.6107903
E3|O15304|O43511,E3|O15304,E3,O15304,O43511,SIVA1,SLC26A4,0,3,0.0,0.60608524
E3|O43164|Q9H2A3,E3|O43164,E3,O43164,Q9H2A3,PJA2,NEUROG2,0,3,0.0,0.60848224
E3|O43164|O43395,E3|O43164,E3,O43164,O43395,PJA2,PRPF3,0,3,0.0,0.6086433
E3|O43164|Q9BVP2,E3|O43164,E3,O43164,Q9BVP2,PJA2,GNL3,0,3,0.0,0.6087961
E3|O43255|P35613,E3|O43255,E3,O43255,P35613,SIAH2,BSG,0,3,0.0,0.6063916
E3|O43255|P07333,E3|O43255,E3,O43255,P07333,SIAH2,CSF1R,0,3,0.0,0.6053455
E3|O43255|Q13794,E3|O43255,E3,O43255,Q13794,SIAH2,PMAIP1,0,3,0.0,0.60903686
E3|O43255|P22304,E3|O43255,E3,O43255,P22304,SIAH2,IDS,0,3,0.0,0.60700333
E3|O43255|Q96HE7,E3|O43255,E3,O43255,Q96HE7,SIAH2,ERO1A,0,3,0.0,0.6064988
E3|O43255|Q3T906,E3|O43255,E3,O43255,Q3T906,SIAH2,GNPTAB,0,3,0.0,0.6074455
E3|O43255|P08100,E3|O43255,E3,O43255,P08100,SIAH2,RHO,0,3,0.0,0.6072322
E3|O43255|Q92851,E3|O43255,E3,O43255,Q92851,SIAH2,CASP10,0,3,0.0,0.60803986
E3|O43255|P06576,E3|O43255,E3,O43255,P06576,SIAH2,ATP5F1B,0,3,0.0,0.6089633
E3|O43255|P04179,E3|O43255,E3,O43255,P04179,SIAH2,SOD2,0,3,0.0,0.60928583
E3|O43255|P01903,E3|O43255,E3,O43255,P01903,SIAH2,HLA-DRA,0,3,0.0,0.6060133
E3|O43255|Q01959,E3|O43255,E3,O43255,Q01959,SIAH2,SLC6A3,0,3,0.0,0.6052792
E3|O43255|P01009,E3|O43255,E3,O43255,P01009,SIAH2,SERPINA1,0,3,0.0,0.6066223
E3|O43255|P20039,E3|O43255,E3,O43255,P20039,SIAH2,HLA-DRB1,0,3,0.0,0.61036164
E3|O43255|P31645,E3|O43255,E3,O43255,P31645,SIAH2,SLC6A4,0,3,0.0,0.60592896
E3|O43255|P63252,E3|O43255,E3,O43255,P63252,SIAH2,KCNJ2,0,3,0.0,0.60527927
E3|O43791|P78380,E3|O43791,E3,O43791,P78380,SPOP,OLR1,0,3,0.0,0.60519964
E3|O43791|Q8IZ07,E3|O43791,E3,O43791,Q8IZ07,SPOP,ANKRD13A,0,3,0.0,0.60579157
E3|O43791|P0DMV8,E3|O43791,E3,O43791,P0DMV8,SPOP,HSPA1A,0,3,0.0,0.6102127
E3|O43791|P55036,E3|O43791,E3,O43791,P55036,SPOP,PSMD4,0,3,0.0,0.6107609
E3|O43791|P06935,E3|O43791,E3,O43791,P06935,SPOP,,0,3,0.0,0.6083781
E3|O43791|P01911,E3|O43791,E3,O43791,P01911,SPOP,HLA-DRB1,0,3,0.0,0.6059274
E3|O43791|P09467,E3|O43791,E3,O43791,P09467,SPOP,FBP1,0,3,0.0,0.6110305
E3|O43791|P23458,E3|O43791,E3,O43791,P23458,SPOP,JAK1,0,3,0.0,0.6088195
E3|O43791|Q6ZVM7,E3|O43791,E3,O43791,Q6ZVM7,SPOP,TOM1L2,0,3,0.0,0.610667
E3|O43791|Q96D31,E3|O43791,E3,O43791,Q96D31,SPOP,ORAI1,0,3,0.0,0.60562897
E3|O43791|P42081,E3|O43791,E3,O43791,P42081,SPOP,CD86,0,3,0.0,0.60520023
E3|O43791|Q70CQ3,E3|O43791,E3,O43791,Q70CQ3,SPOP,USP30,0,3,0.0,0.6086238
E3|O43791|Q9UHN6,E3|O43791,E3,O43791,Q9UHN6,SPOP,CEMIP2,0,3,0.0,0.6051573
E3|O43791|Q8N6P7,E3|O43791,E3,O43791,Q8N6P7,SPOP,IL22RA1,0,3,0.0,0.605264
E3|O43791|Q15011,E3|O43791,E3,O43791,Q15011,SPOP,HERPUD1,0,3,0.0,0.60738015
E3|O75717|Q8N0X7,E3|O75717,E3,O75717,Q8N0X7,WDHD1,SPART,0,3,0.0,0.6102019
E3|O76064|O76090,E3|O76064,E3,O76064,O76090,RNF8,BEST1,0,3,0.0,0.60509896
E3|O76064|Q96PH1,E3|O76064,E3,O76064,Q96PH1,RNF8,NOX5,0,3,0.0,0.6056109
E3|O76064|P78380,E3|O76064,E3,O76064,P78380,RNF8,OLR1,0,3,0.0,0.60515004
E3|O76064|Q9Y5M8,E3|O76064,E3,O76064,Q9Y5M8,RNF8,SRPRB,0,3,0.0,0.6076277
E3|O76064|Q9NWM3,E3|O76064,E3,O76064,Q9NWM3,RNF8,CUEDC1,0,3,0.0,0.61067194
E3|O76064|O60337,E3|O76064,E3,O76064,O60337,RNF8,MARCHF6,0,3,0.0,0.60666126
E3|O76064|P01903,E3|O76064,E3,O76064,P01903,RNF8,HLA-DRA,0,3,0.0,0.6058936
E3|O76064|P06576,E3|O76064,E3,O76064,P06576,RNF8,ATP5F1B,0,3,0.0,0.6087607
E3|O76064|Q13635,E3|O76064,E3,O76064,Q13635,RNF8,PTCH1,0,3,0.0,0.60550374
E3|O76064|Q96NT3,E3|O76064,E3,O76064,Q96NT3,RNF8,GUCD1,0,3,0.0,0.60943496
E3|O92608|Q6PGQ7,E3|O92608,E3,O92608,Q6PGQ7,ORF50,BORA,0,3,0.0,0.60949033
E3|O92608|P54652,E3|O92608,E3,O92608,P54652,ORF50,HSPA2,0,3,0.0,0.6085525
E3|O94972|P19429,E3|O94972,E3,O94972,P19429,TRIM37,TNNI3,0,3,0.0,0.6097751
E3|O94972|P15498,E3|O94972,E3,O94972,P15498,TRIM37,VAV1,0,3,0.0,0.60914123
E3|O95071|Q9UJA2,E3|O95071,E3,O95071,Q9UJA2,UBR5,CRLS1,0,3,0.0,0.60814404
E3|O95071|P23919,E3|O95071,E3,O95071,P23919,UBR5,DTYMK,0,3,0.0,0.61206645
E3|O95071|Q9NWM3,E3|O95071,E3,O95071,Q9NWM3,UBR5,CUEDC1,0,3,0.0,0.6104226
E3|O95155|P05026,E3|O95155,E3,O95155,P05026,UBE4B,ATP1B1,0,3,0.0,0.6056069
E3|O95155|Q15858,E3|O95155,E3,O95155,Q15858,UBE4B,SCN9A,0,3,0.0,0.60532707
E3|O95155|Q13077,E3|O95155,E3,O95155,Q13077,UBE4B,TRAF1,0,3,0.0,0.6106985
E3|O95376|P08393,E3|O95376,E3,O95376,P08393,ARIH2,ICP0,0,3,0.0,0.6109015
E3|O95376|O95140,E3|O95376,E3,O95376,O95140,ARIH2,MFN2,0,3,0.0,0.6091778
E3|O95376|Q15849,E3|O95376,E3,O95376,Q15849,ARIH2,SLC14A2,0,3,0.0,0.60558474
E3|P06463|O60936,E3|P06463,E3,P06463,O60936,E6,NOL3,0,3,0.0,0.60758543
E3|P06463|Q9NZJ0,E3|P06463,E3,P06463,Q9NZJ0,E6,DTL,0,3,0.0,0.6098331
E3|P19474|O60337,E3|P19474,E3,P19474,O60337,TRIM21,MARCHF6,0,3,0.0,0.6078783
E3|P19474|Q15388,E3|P19474,E3,P19474,Q15388,TRIM21,TOMM20,0,3,0.0,0.61015546
E3|P19474|Q8N6P7,E3|P19474,E3,P19474,Q8N6P7,TRIM21,IL22RA1,0,3,0.0,0.60637903
E3|P19474|P56750,E3|P19474,E3,P19474,P56750,TRIM21,CLDN17,0,3,0.0,0.60667115
E3|P19474|P18433,E3|P19474,E3,P19474,P18433,TRIM21,PTPRA,0,3,0.0,0.6067553
E3|P19474|P48048,E3|P19474,E3,P19474,P48048,TRIM21,KCNJ1,0,3,0.0,0.6062812
E3|P19474|O43511,E3|P19474,E3,P19474,O43511,TRIM21,SLC26A4,0,3,0.0,0.6063127
E3|P19474|Q92851,E3|P19474,E3,P19474,Q92851,TRIM21,CASP10,0,3,0.0,0.6091387
E3|P19474|Q3T906,E3|P19474,E3,P19474,Q3T906,TRIM21,GNPTAB,0,3,0.0,0.6084962
E3|P50876|P06935,E3|P50876,E3,P50876,P06935,RNF144A,,0,3,0.0,0.60811454
E3|P50876|O75444,E3|P50876,E3,P50876,O75444,RNF144A,MAF,0,3,0.0,0.6072402
E3|Q00987|Q8NHL6,E3|Q00987,E3,Q00987,Q8NHL6,MDM2,LILRB1,0,3,0.0,0.6052473
E3|Q00987|Q93070,E3|Q00987,E3,Q00987,Q93070,MDM2,ART4,0,3,0.0,0.60536295
E3|Q00987|P51170,E3|Q00987,E3,Q00987,P51170,MDM2,SCNN1G,0,3,0.0,0.60531515
E3|Q00987|Q13571,E3|Q00987,E3,Q00987,Q13571,MDM2,LAPTM5,0,3,0.0,0.60746497
E3|Q00987|P02647,E3|Q00987,E3,Q00987,P02647,MDM2,APOA1,0,3,0.0,0.6063626
E3|Q00987|P20333,E3|Q00987,E3,Q00987,P20333,MDM2,TNFRSF1B,0,3,0.0,0.60551846
E3|Q00987|P12532,E3|Q00987,E3,Q00987,P12532,MDM2,CKMT1A,0,3,0.0,0.60905737
E3|Q00987|Q6ZVM7,E3|Q00987,E3,Q00987,Q6ZVM7,MDM2,TOM1L2,0,3,0.0,0.6106897
E3|Q00987|P08581,E3|Q00987,E3,Q00987,P08581,MDM2,MET,0,3,0.0,0.6064588
E3|Q00987|Q9BSA4,E3|Q00987,E3,Q00987,Q9BSA4,MDM2,TTYH2,0,3,0.0,0.6053337
E3|Q00987|O60883,E3|Q00987,E3,Q00987,O60883,MDM2,GPR37L1,0,3,0.0,0.60529184
E3|Q00987|Q8N519,E3|Q00987,E3,Q00987,Q8N519,MDM2,,0,3,0.0,0.6105123
E3|Q00987|Q569H4,E3|Q00987,E3,Q00987,Q569H4,MDM2,PRR16,0,3,0.0,0.6108136
E3|Q00987|Q9H1D0,E3|Q00987,E3,Q00987,Q9H1D0,MDM2,TRPV6,0,3,0.0,0.6052841
E3|Q00987|P01889,E3|Q00987,E3,Q00987,P01889,MDM2,HLA-B,0,3,0.0,0.6059175
E3|Q00987|P48048,E3|Q00987,E3,Q00987,P48048,MDM2,KCNJ1,0,3,0.0,0.6052497
E3|Q00987|Q9UNK0,E3|Q00987,E3,Q00987,Q9UNK0,MDM2,STX8,0,3,0.0,0.60581076
E3|Q00987|Q9UBN4,E3|Q00987,E3,Q00987,Q9UBN4,MDM2,TRPC4,0,3,0.0,0.6053358
E3|Q00987|O15146,E3|Q00987,E3,Q00987,O15146,MDM2,MUSK,0,3,0.0,0.6052879
E3|Q00987|Q9BYM8,E3|Q00987,E3,Q00987,Q9BYM8,MDM2,RBCK1,0,3,0.0,0.610761
E3|Q00987|Q8TB46,E3|Q00987,E3,Q00987,Q8TB46,MDM2,ANKRD50,0,3,0.0,0.60965616
E3|Q00987|O75581,E3|Q00987,E3,Q00987,O75581,MDM2,LRP6,0,3,0.0,0.6057756
E3|Q00987|Q99062,E3|Q00987,E3,Q00987,Q99062,MDM2,CSF3R,0,3,0.0,0.6053019
E3|Q00987|O60313,E3|Q00987,E3,Q00987,O60313,MDM2,OPA1,0,3,0.0,0.60821843
E3|Q00987|Q9Y6D0,E3|Q00987,E3,Q00987,Q9Y6D0,MDM2,SELENOK,0,3,0.0,0.6057019
E3|Q00987|Q9BV40,E3|Q00987,E3,Q00987,Q9BV40,MDM2,VAMP8,0,3,0.0,0.60605127
E3|Q00987|P31645,E3|Q00987,E3,Q00987,P31645,MDM2,SLC6A4,0,3,0.0,0.605978
E3|Q00987|P16070,E3|Q00987,E3,Q00987,P16070,MDM2,CD44,0,3,0.0,0.60751265
E3|Q00987|P17302,E3|Q00987,E3,Q00987,P17302,MDM2,GJA1,0,3,0.0,0.60620457
E3|Q00987|Q70CQ3,E3|Q00987,E3,Q00987,Q70CQ3,MDM2,USP30,0,3,0.0,0.6089934
E3|Q00987|P60903,E3|Q00987,E3,Q00987,P60903,MDM2,S100A10,0,3,0.0,0.6105432
E3|Q00987|Q99759,E3|Q00987,E3,Q00987,Q99759,MDM2,MAP3K3,0,3,0.0,0.61064184
E3|Q00987|O00459,E3|Q00987,E3,Q00987,O00459,MDM2,PIK3R2,0,3,0.0,0.60797083
E3|Q00987|P01912,E3|Q00987,E3,Q00987,P01912,MDM2,HLA-DRB1,0,3,0.0,0.60914797
E3|Q00987|P08393,E3|Q00987,E3,Q00987,P08393,MDM2,ICP0,0,3,0.0,0.61129934
E3|Q00987|P29033,E3|Q00987,E3,Q00987,P29033,MDM2,GJB2,0,3,0.0,0.60559285
E3|Q00987|P00367,E3|Q00987,E3,Q00987,P00367,MDM2,GLUD1,0,3,0.0,0.6083849
E3|Q00987|O60762,E3|Q00987,E3,Q00987,O60762,MDM2,DPM1,0,3,0.0,0.6079232
E3|Q00987|P06127,E3|Q00987,E3,Q00987,P06127,MDM2,CD5,0,3,0.0,0.60526705
E3|Q00987|P0DMV8,E3|Q00987,E3,Q00987,P0DMV8,MDM2,HSPA1A,0,3,0.0,0.6105574
E3|Q00987|P04085,E3|Q00987,E3,Q00987,P04085,MDM2,PDGFA,0,3,0.0,0.60531807
E3|Q00987|O14773,E3|Q00987,E3,Q00987,O14773,MDM2,TPP1,0,3,0.0,0.60792035
E3|Q00987|P61968,E3|Q00987,E3,Q00987,P61968,MDM2,LMO4,0,3,0.0,0.61111295
E3|Q00987|P02751,E3|Q00987,E3,Q00987,P02751,MDM2,FN1,0,3,0.0,0.6087458
E3|Q00987|P05556,E3|Q00987,E3,Q00987,P05556,MDM2,ITGB1,0,3,0.0,0.6062081
E3|Q00987|P36894,E3|Q00987,E3,Q00987,P36894,MDM2,BMPR1A,0,3,0.0,0.60575986
E3|Q12899|Q96PH1,E3|Q12899,E3,Q12899,Q96PH1,TRIM26,NOX5,0,3,0.0,0.60555136
E3|Q12899|Q9NZ45,E3|Q12899,E3,Q12899,Q9NZ45,TRIM26,CISD1,0,3,0.0,0.60896754
E3|Q13077|P55036,E3|Q13077,E3,Q13077,P55036,TRAF1,PSMD4,0,3,0.0,0.61094826
E3|Q13077|P26045,E3|Q13077,E3,Q13077,P26045,TRAF1,PTPN3,0,3,0.0,0.6083853
E3|Q13263|Q8N8V4,E3|Q13263,E3,Q13263,Q8N8V4,TRIM28,ANKS4B,0,3,0.0,0.60648006
E3|Q13263|P54652,E3|Q13263,E3,Q13263,P54652,TRIM28,HSPA2,0,3,0.0,0.61091256
E3|Q13263|Q8IVT5,E3|Q13263,E3,Q13263,Q8IVT5,TRIM28,KSR1,0,3,0.0,0.60547936
E3|Q13263|Q16635,E3|Q13263,E3,Q13263,Q16635,TRIM28,TAZ,0,3,0.0,0.6085436
E3|Q14669|O43303,E3|Q14669,E3,Q14669,O43303,TRIP12,CCP110,0,3,0.0,0.6108286
E3|Q14669|O76083,E3|Q14669,E3,Q14669,O76083,TRIP12,PDE9A,0,3,0.0,0.60533965
E3|Q14669|O15399,E3|Q14669,E3,Q14669,O15399,TRIP12,GRIN2D,0,3,0.0,0.60461783
E3|Q14669|P19320,E3|Q14669,E3,Q14669,P19320,TRIP12,VCAM1,0,3,0.0,0.60539216
E3|Q14669|P07197,E3|Q14669,E3,Q14669,P07197,TRIP12,NEFM,0,3,0.0,0.6108031
E3|Q14669|P56750,E3|Q14669,E3,Q14669,P56750,TRIP12,CLDN17,0,3,0.0,0.60497034
E3|Q14669|Q9NWM3,E3|Q14669,E3,Q14669,Q9NWM3,TRIP12,CUEDC1,0,3,0.0,0.6106464
E3|Q53G59|P61328,E3|Q53G59,E3,Q53G59,P61328,KLHL12,FGF12,0,3,0.0,0.6097319
E3|Q53G59|P25116,E3|Q53G59,E3,Q53G59,P25116,KLHL12,F2R,0,3,0.0,0.6072286
E3|Q53G59|P16150,E3|Q53G59,E3,Q53G59,P16150,KLHL12,SPN,0,3,0.0,0.61037827
E3|Q53G59|Q9NZ52,E3|Q53G59,E3,Q53G59,Q9NZ52,KLHL12,GGA3,0,3,0.0,0.60919034
E3|Q53G59|P00367,E3|Q53G59,E3,Q53G59,P00367,KLHL12,GLUD1,0,3,0.0,0.6100185
E3|Q53G59|O00584,E3|Q53G59,E3,Q53G59,O00584,KLHL12,RNASET2,0,3,0.0,0.6090441
E3|Q53G59|Q16611,E3|Q53G59,E3,Q53G59,Q16611,KLHL12,BAK1,0,3,0.0,0.6098917
E3|Q5GLZ8|P55211,E3|Q5GLZ8,E3,Q5GLZ8,P55211,HERC4,CASP9,0,3,0.0,0.6096477
E3|Q5VU92|Q96GM5,E3|Q5VU92,E3,Q5VU92,Q96GM5,DCAF12L1,SMARCD1,0,3,0.0,0.6078516
E3|Q5VU92|Q9BYF1,E3|Q5VU92,E3,Q5VU92,Q9BYF1,DCAF12L1,ACE2,0,3,0.0,0.6046654
E3|Q5XPI4|P23025,E3|Q5XPI4,E3,Q5XPI4,P23025,RNF123,XPA,0,3,0.0,0.6108504
E3|Q5XPI4|P20963,E3|Q5XPI4,E3,Q5XPI4,P20963,RNF123,CD247,0,3,0.0,0.6057796
E3|Q5XPI4|Q99708,E3|Q5XPI4,E3,Q5XPI4,Q99708,RNF123,RBBP8,0,3,0.0,0.61045665
E3|Q5XPI4|P04439,E3|Q5XPI4,E3,Q5XPI4,P04439,RNF123,HLA-A,0,3,0.0,0.6064301
E3|Q5XPI4|P56545,E3|Q5XPI4,E3,Q5XPI4,P56545,RNF123,CTBP2,0,3,0.0,0.61076725
E3|Q6P050|Q6ZVM7,E3|Q6P050,E3,Q6P050,Q6ZVM7,FBXL22,TOM1L2,0,3,0.0,0.610309
E3|Q6P050|P46109,E3|Q6P050,E3,Q6P050,P46109,FBXL22,CRKL,0,3,0.0,0.60893935
E3|Q6P050|Q9NWM3,E3|Q6P050,E3,Q6P050,Q9NWM3,FBXL22,CUEDC1,0,3,0.0,0.61048347
E3|Q6P3S6|Q71DI3,E3|Q6P3S6,E3,Q6P3S6,Q71DI3,FBXO42,H3C15,0,3,0.0,0.6098852
E3|Q6P3S6|Q14145,E3|Q6P3S6,E3,Q6P3S6,Q14145,FBXO42,KEAP1,0,3,0.0,0.6111757
E3|Q6PJ21|P01903,E3|Q6PJ21,E3,Q6PJ21,P01903,SPSB3,HLA-DRA,0,3,0.0,0.60772884
E3|Q7Z419|Q99607,E3|Q7Z419,E3,Q7Z419,Q99607,RNF144B,ELF4,0,3,0.0,0.60875595
E3|Q7Z419|Q05195,E3|Q7Z419,E3,Q7Z419,Q05195,RNF144B,MXD1,0,3,0.0,0.60953647
E3|Q7Z419|Q5VTR2,E3|Q7Z419,E3,Q7Z419,Q5VTR2,RNF144B,RNF20,0,3,0.0,0.609791
E3|Q7Z6M2|P52566,E3|Q7Z6M2,E3,Q7Z6M2,P52566,FBXO33,ARHGDIB,0,3,0.0,0.60835165
E3|Q7Z6M2|P20671,E3|Q7Z6M2,E3,Q7Z6M2,P20671,FBXO33,H2AC7,0,3,0.0,0.605626
E3|Q7Z6M2|P01732,E3|Q7Z6M2,E3,Q7Z6M2,P01732,FBXO33,CD8A,0,3,0.0,0.6051993
E3|Q7Z6M2|P50552,E3|Q7Z6M2,E3,Q7Z6M2,P50552,FBXO33,VASP,0,3,0.0,0.606894
E3|Q86WB0|P22459,E3|Q86WB0,E3,Q86WB0,P22459,ZC3HC1,KCNA4,0,3,0.0,0.60612965
E3|Q86WB0|P07355,E3|Q86WB0,E3,Q86WB0,P07355,ZC3HC1,ANXA2,0,3,0.0,0.6074519
E3|Q86Y01|P46695,E3|Q86Y01,E3,Q86Y01,P46695,DTX1,IER3,0,3,0.0,0.610622
E3|Q86Y01|Q8IZG5,E3|Q86Y01,E3,Q86Y01,Q8IZG5,DTX1,SS18,0,3,0.0,0.6091046
E3|Q86YT6|P05777,E3|Q86YT6,E3,Q86YT6,P05777,MIB1,M,0,3,0.0,0.6097608
E3|Q86YT6|Q96BF6,E3|Q86YT6,E3,Q86YT6,Q96BF6,MIB1,NACC2,0,3,0.0,0.6090228
E3|Q86YT6|P62487,E3|Q86YT6,E3,Q86YT6,P62487,MIB1,POLR2G,0,3,0.0,0.60941255
E3|Q86YT6|Q99759,E3|Q86YT6,E3,Q86YT6,Q99759,MIB1,MAP3K3,0,3,0.0,0.6099258
E3|Q86YT6|P41182,E3|Q86YT6,E3,Q86YT6,P41182,MIB1,BCL6,0,3,0.0,0.6090085
E3|Q86YT6|P56545,E3|Q86YT6,E3,Q86YT6,P56545,MIB1,CTBP2,0,3,0.0,0.60919714
E3|Q8N2W9|P35555,E3|Q8N2W9,E3,Q8N2W9,P35555,PIAS4,FBN1,0,3,0.0,0.60455626
E3|Q8N2W9|O00429,E3|Q8N2W9,E3,Q8N2W9,O00429,PIAS4,DNM1L,0,3,0.0,0.6071091
E3|Q8N2W9|P55290,E3|Q8N2W9,E3,Q8N2W9,P55290,PIAS4,CDH13,0,3,0.0,0.60425806
E3|Q8N806|Q9UKE5,E3|Q8N806,E3,Q8N806,Q9UKE5,UBR7,TNIK,0,3,0.0,0.6103754
E3|Q8N806|O14773,E3|Q8N806,E3,Q8N806,O14773,UBR7,TPP1,0,3,0.0,0.6081592
E3|Q8N9I9|P50553,E3|Q8N9I9,E3,Q8N9I9,P50553,DTX3,ASCL1,0,3,0.0,0.61084384
E3|Q8N9I9|Q9Y2R9,E3|Q8N9I9,E3,Q8N9I9,Q9Y2R9,DTX3,MRPS7,0,3,0.0,0.6100243
E3|Q8N9I9|P53805,E3|Q8N9I9,E3,Q8N9I9,P53805,DTX3,RCAN1,0,3,0.0,0.61109954
E3|Q8N9I9|P05026,E3|Q8N9I9,E3,Q8N9I9,P05026,DTX3,ATP1B1,0,3,0.0,0.60593826
E3|Q8N9I9|Q15561,E3|Q8N9I9,E3,Q8N9I9,Q15561,DTX3,TEAD4,0,3,0.0,0.6113365
E3|Q8WV44|P55211,E3|Q8WV44,E3,Q8WV44,P55211,TRIM41,CASP9,0,3,0.0,0.61051404
E3|Q8WVD3|P01920,E3|Q8WVD3,E3,Q8WVD3,P01920,RNF138,HLA-DQB1,0,3,0.0,0.6062206
E3|Q8WVD3|Q96C92,E3|Q8WVD3,E3,Q8WVD3,Q96C92,RNF138,ENTR1,0,3,0.0,0.61006206
E3|Q8WVD3|P01023,E3|Q8WVD3,E3,Q8WVD3,P01023,RNF138,A2M,0,3,0.0,0.6068092
E3|Q8WVD3|Q9ULJ7,E3|Q8WVD3,E3,Q8WVD3,Q9ULJ7,RNF138,ANKRD50,0,3,0.0,0.60729694
E3|Q8WVD3|P36888,E3|Q8WVD3,E3,Q8WVD3,P36888,RNF138,FLT3,0,3,0.0,0.606009
E3|Q8WVD3|Q9NR28,E3|Q8WVD3,E3,Q8WVD3,Q9NR28,RNF138,DIABLO,0,3,0.0,0.60933334
E3|Q8WVD3|Q13635,E3|Q8WVD3,E3,Q8WVD3,Q13635,RNF138,PTCH1,0,3,0.0,0.60575044
E3|Q8WXH5|Q07812,E3|Q8WXH5,E3,Q8WXH5,Q07812,SOCS4,BAX,0,3,0.0,0.60993356
E3|Q8WXH5|Q9C026,E3|Q8WXH5,E3,Q8WXH5,Q9C026,SOCS4,TRIM9,0,3,0.0,0.6104969
E3|Q92844|Q8N6T7,E3|Q92844,E3,Q92844,Q8N6T7,TANK,SIRT6,0,3,0.0,0.6099918
E3|Q92844|P21359,E3|Q92844,E3,Q92844,P21359,TANK,NF1,0,3,0.0,0.6062646
E3|Q92844|Q15784,E3|Q92844,E3,Q92844,Q15784,TANK,NEUROD2,0,3,0.0,0.6102635
E3|Q92844|A0A1B0GVQ0,E3|Q92844,E3,Q92844,A0A1B0GVQ0,TANK,SPAAR,0,3,0.0,0.60756177
E3|Q92844|O14777,E3|Q92844,E3,Q92844,O14777,TANK,NDC80,0,3,0.0,0.61103475
E3|Q92844|A4F535,E3|Q92844,E3,Q92844,A4F535,TANK,P,0,3,0.0,0.6090607
E3|Q92844|P26927,E3|Q92844,E3,Q92844,P26927,TANK,MST1,0,3,0.0,0.60633427
E3|Q92844|Q9NVF7,E3|Q92844,E3,Q92844,Q9NVF7,TANK,FBXO28,0,3,0.0,0.61101073
E3|Q92844|Q15858,E3|Q92844,E3,Q92844,Q15858,TANK,SCN9A,0,3,0.0,0.6058943
E3|Q92844|P43360,E3|Q92844,E3,Q92844,P43360,TANK,MAGEA6,0,3,0.0,0.611193
E3|Q969U6|Q9NZ63,E3|Q969U6,E3,Q969U6,Q9NZ63,FBXW5,C9orf78,0,3,0.0,0.6110298
E3|Q969U6|P42336,E3|Q969U6,E3,Q969U6,P42336,FBXW5,PIK3CA,0,3,0.0,0.6087768
E3|Q969U6|P51795,E3|Q969U6,E3,Q969U6,P51795,FBXW5,CLCN5,0,3,0.0,0.6061137
E3|Q969U6|P23760,E3|Q969U6,E3,Q969U6,P23760,FBXW5,PAX3,0,3,0.0,0.6107827
E3|Q969U6|Q8IYD8,E3|Q969U6,E3,Q969U6,Q8IYD8,FBXW5,FANCM,0,3,0.0,0.6111454
E3|Q96CS3|O43541,E3|Q96CS3,E3,Q96CS3,O43541,FAF2,SMAD6,0,3,0.0,0.60929626
E3|Q96EP1|P21802,E3|Q96EP1,E3,Q96EP1,P21802,CHFR,FGFR2,0,3,0.0,0.60547477
E3|Q96EP1|P10636,E3|Q96EP1,E3,Q96EP1,P10636,CHFR,MAPT,0,3,0.0,0.6074291
E3|Q96EP1|P16070,E3|Q96EP1,E3,Q96EP1,P16070,CHFR,CD44,0,3,0.0,0.60689723
E3|Q96EP1|P49327,E3|Q96EP1,E3,Q96EP1,P49327,CHFR,FASN,0,3,0.0,0.6100877
E3|Q96EP1|P62324,E3|Q96EP1,E3,Q96EP1,P62324,CHFR,BTG1,0,3,0.0,0.61109155
E3|Q96EP1|Q8WY41,E3|Q96EP1,E3,Q96EP1,Q8WY41,CHFR,NANOS1,0,3,0.0,0.6100762
E3|Q96EP1|P12757,E3|Q96EP1,E3,Q96EP1,P12757,CHFR,SKIL,0,3,0.0,0.61159664
E3|Q96EP1|Q9P2A4,E3|Q96EP1,E3,Q96EP1,Q9P2A4,CHFR,ABI3,0,3,0.0,0.6111262
E3|Q96EP1|O60784,E3|Q96EP1,E3,Q96EP1,O60784,CHFR,TOM1,0,3,0.0,0.60726106
E3|Q96EP1|Q9UPN3,E3|Q96EP1,E3,Q96EP1,Q9UPN3,CHFR,MACF1,0,3,0.0,0.60727
E3|Q96EP1|O00221,E3|Q96EP1,E3,Q96EP1,O00221,CHFR,NFKBIE,0,3,0.0,0.6107926
E3|Q96EQ8|Q9H5N1,E3|Q96EQ8,E3,Q96EQ8,Q9H5N1,RNF125,RABEP2,0,3,0.0,0.60859245
E3|Q96EQ8|O76064,E3|Q96EQ8,E3,Q96EQ8,O76064,RNF125,RNF8,0,3,0.0,0.60804087
E3|Q96EQ8|Q6Q0C0,E3|Q96EQ8,E3,Q96EQ8,Q6Q0C0,RNF125,TRAF7,0,3,0.0,0.60911405
E3|Q96EQ8|Q86Y01,E3|Q96EQ8,E3,Q96EQ8,Q86Y01,RNF125,DTX1,0,3,0.0,0.6084415
E3|Q96EQ8|P15918,E3|Q96EQ8,E3,Q96EQ8,P15918,RNF125,RAG1,0,3,0.0,0.6085202
E3|Q96EQ8|P42574,E3|Q96EQ8,E3,Q96EQ8,P42574,RNF125,CASP3,0,3,0.0,0.6085465
E3|Q96EQ8|Q9H6E5,E3|Q96EQ8,E3,Q96EQ8,Q9H6E5,RNF125,TUT1,0,3,0.0,0.6078048
E3|Q96EQ8|Q9Y2N7,E3|Q96EQ8,E3,Q96EQ8,Q9Y2N7,RNF125,HIF3A,0,3,0.0,0.6088381
E3|Q96EQ8|Q96BF6,E3|Q96EQ8,E3,Q96EQ8,Q96BF6,RNF125,NACC2,0,3,0.0,0.6076118
E3|Q96JP5|O60294,E3|Q96JP5,E3,Q96JP5,O60294,ZFP91,LCMT2,0,3,0.0,0.6105963
E3|Q96JP5|O60858,E3|Q96JP5,E3,Q96JP5,O60858,ZFP91,TRIM13,0,3,0.0,0.6071493
E3|Q96Q27|P13761,E3|Q96Q27,E3,Q96Q27,P13761,ASB2,HLA-DRB1,0,3,0.0,0.6093246
E3|Q96Q27|O00763,E3|Q96Q27,E3,Q96Q27,O00763,ASB2,ACACB,0,3,0.0,0.6094041
E3|Q96T88|O00628,E3|Q96T88,E3,Q96T88,O00628,UHRF1,PEX7,0,3,0.0,0.6092111
E3|Q96T88|P18065,E3|Q96T88,E3,Q96T88,P18065,UHRF1,IGFBP2,0,3,0.0,0.60456175
E3|Q96T88|Q8N6T3,E3|Q96T88,E3,Q96T88,Q8N6T3,UHRF1,ARFGAP1,0,3,0.0,0.6070682
E3|Q96T88|P29317,E3|Q96T88,E3,Q96T88,P29317,UHRF1,EPHA2,0,3,0.0,0.60548353
E3|Q99496|P05777,E3|Q99496,E3,Q99496,P05777,RNF2,M,0,3,0.0,0.6103828
E3|Q99496|Q9BSA4,E3|Q99496,E3,Q99496,Q9BSA4,RNF2,TTYH2,0,3,0.0,0.6040573
E3|Q99496|Q9BV40,E3|Q99496,E3,Q99496,Q9BV40,RNF2,VAMP8,0,3,0.0,0.6047728
E3|Q99496|Q99062,E3|Q99496,E3,Q99496,Q99062,RNF2,CSF3R,0,3,0.0,0.6040115
E3|Q99496|P08034,E3|Q99496,E3,Q99496,P08034,RNF2,GJB1,0,3,0.0,0.6043714
E3|Q99675|C9JYI4,E3|Q99675,E3,Q99675,C9JYI4,CGRRF1,KPNA1,0,3,0.0,0.60812896
E3|Q9BSM1|Q8IZG5,E3|Q9BSM1,E3,Q9BSM1,Q8IZG5,PCGF1,SS18,0,3,0.0,0.61272603
E3|Q9BUZ4|P02751,E3|Q9BUZ4,E3,Q9BUZ4,P02751,TRAF4,FN1,0,3,0.0,0.6100296
E3|Q9BV68|O95502,E3|Q9BV68,E3,Q9BV68,O95502,RNF126,NPTXR,0,3,0.0,0.6102787
E3|Q9BV68|P11274,E3|Q9BV68,E3,Q9BV68,P11274,RNF126,BCR,0,3,0.0,0.6107632
E3|Q9BV68|P55017,E3|Q9BV68,E3,Q9BV68,P55017,RNF126,SLC12A3,0,3,0.0,0.6054214
E3|Q9C040|Q16777,E3|Q9C040,E3,Q9C040,Q16777,TRIM2,H2AC20,0,3,0.0,0.6095713
E3|Q9C040|P06213,E3|Q9C040,E3,Q9C040,P06213,TRIM2,INSR,0,3,0.0,0.6069902
E3|Q9C040|Q15059,E3|Q9C040,E3,Q9C040,Q15059,TRIM2,BRD3,0,3,0.0,0.60938734
E3|Q9H0F6|P21589,E3|Q9H0F6,E3,Q9H0F6,P21589,SHARPIN,NT5E,0,3,0.0,0.60637265
E3|Q9H0H3|P26038,E3|Q9H0H3,E3,Q9H0H3,P26038,KLHL25,MSN,0,3,0.0,0.6074396
E3|Q9H0H3|P30307,E3|Q9H0H3,E3,Q9H0H3,P30307,KLHL25,CDC25C,0,3,0.0,0.6083822
E3|Q9H4M3|P32314,E3|Q9H4M3,E3,Q9H4M3,P32314,FBXO44,FOXN2,0,3,0.0,0.6096284
E3|Q9H4M3|P35609,E3|Q9H4M3,E3,Q9H4M3,P35609,FBXO44,ACTN2,0,3,0.0,0.60960734
E3|Q9H4M3|Q05513,E3|Q9H4M3,E3,Q9H4M3,Q05513,FBXO44,PRKCZ,0,3,0.0,0.60761344
E3|Q9H4M3|Q99814,E3|Q9H4M3,E3,Q9H4M3,Q99814,FBXO44,EPAS1,0,3,0.0,0.6098018
E3|Q9H4P4|Q9H1I8,E3|Q9H4P4,E3,Q9H4P4,Q9H1I8,RNF41,ASCC2,0,3,0.0,0.61056405
E3|Q9H4P4|Q29974,E3|Q9H4P4,E3,Q9H4P4,Q29974,RNF41,HLA-DRB1,0,3,0.0,0.6097128
E3|Q9H4P4|Q9BUZ4,E3|Q9H4P4,E3,Q9H4P4,Q9BUZ4,RNF41,TRAF4,0,3,0.0,0.60887957
E3|Q9H4P4|O75444,E3|Q9H4P4,E3,Q9H4P4,O75444,RNF41,MAF,0,3,0.0,0.6095691
E3|Q9H4P4|O95947,E3|Q9H4P4,E3,Q9H4P4,O95947,RNF41,TBX6,0,3,0.0,0.6087221
E3|Q9H4P4|Q13148,E3|Q9H4P4,E3,Q9H4P4,Q13148,RNF41,TARDBP,0,3,0.0,0.61045444
E3|Q9H4P4|Q9NZJ0,E3|Q9H4P4,E3,Q9H4P4,Q9NZJ0,RNF41,DTL,0,3,0.0,0.6103309
E3|Q9H4P4|O15431,E3|Q9H4P4,E3,Q9H4P4,O15431,RNF41,SLC31A1,0,3,0.0,0.6067365
E3|Q9H4P4|O15105,E3|Q9H4P4,E3,Q9H4P4,O15105,RNF41,SMAD7,0,3,0.0,0.61048055
E3|Q9H4P4|P37275,E3|Q9H4P4,E3,Q9H4P4,P37275,RNF41,ZEB1,0,3,0.0,0.6098287
E3|Q9H4P4|O14763,E3|Q9H4P4,E3,Q9H4P4,O14763,RNF41,TNFRSF10B,0,3,0.0,0.6083015
E3|Q9H4P4|Q9BYP7,E3|Q9H4P4,E3,Q9H4P4,Q9BYP7,RNF41,WNK3,0,3,0.0,0.61049306
E3|Q9H4P4|O14543,E3|Q9H4P4,E3,Q9H4P4,O14543,RNF41,SOCS3,0,3,0.0,0.6095575
E3|Q9H4P4|P35659,E3|Q9H4P4,E3,Q9H4P4,P35659,RNF41,DEK,0,3,0.0,0.6102445
E3|Q9H4P4|Q96HS1,E3|Q9H4P4,E3,Q9H4P4,Q96HS1,RNF41,PGAM5,0,3,0.0,0.61033607
E3|Q9H4P4|Q9H160,E3|Q9H4P4,E3,Q9H4P4,Q9H160,RNF41,ING2,0,3,0.0,0.6090652
E3|Q9H4P4|Q96ST3,E3|Q9H4P4,E3,Q9H4P4,Q96ST3,RNF41,SIN3A,0,3,0.0,0.6096789
E3|Q9H4P4|P31785,E3|Q9H4P4,E3,Q9H4P4,P31785,RNF41,IL2RG,0,3,0.0,0.6061814
E3|Q9H4P4|P60321,E3|Q9H4P4,E3,Q9H4P4,P60321,RNF41,NANOS2,0,3,0.0,0.61048746
E3|Q9H4P4|Q8TDM6,E3|Q9H4P4,E3,Q9H4P4,Q8TDM6,RNF41,DLG5,0,3,0.0,0.6087739
E3|Q9H4P4|Q13740,E3|Q9H4P4,E3,Q9H4P4,Q13740,RNF41,ALCAM,0,3,0.0,0.6061725
E3|Q9H4P4|P35869,E3|Q9H4P4,E3,Q9H4P4,P35869,RNF41,AHR,0,3,0.0,0.6103459
E3|Q9H4P4|Q8TCG1,E3|Q9H4P4,E3,Q9H4P4,Q8TCG1,RNF41,CIP2A,0,3,0.0,0.6094887
E3|Q9H4P4|O43395,E3|Q9H4P4,E3,Q9H4P4,O43395,RNF41,PRPF3,0,3,0.0,0.6102782
E3|Q9H4P4|Q8IYM9,E3|Q9H4P4,E3,Q9H4P4,Q8IYM9,RNF41,TRIM22,0,3,0.0,0.61039907
E3|Q9H4P4|P46100,E3|Q9H4P4,E3,Q9H4P4,P46100,RNF41,ATRX,0,3,0.0,0.610101
E3|Q9NSE2|Q9I788,E3|Q9NSE2,E3,Q9NSE2,Q9I788,CISH,exoT,0,3,0.0,0.6090097
E3|Q9NSE2|P53350,E3|Q9NSE2,E3,Q9NSE2,P53350,CISH,PLK1,0,3,0.0,0.6087642
E3|Q9NW38|P55085,E3|Q9NW38,E3,Q9NW38,P55085,FANCL,F2RL1,0,3,0.0,0.60470694
E3|Q9NXI6|P04271,E3|Q9NXI6,E3,Q9NXI6,P04271,RNF186,S100B,0,3,0.0,0.60925853
E3|Q9NXI6|O14503,E3|Q9NXI6,E3,Q9NXI6,O14503,RNF186,BHLHE40,0,3,0.0,0.60767734
E3|Q9NXK8|P19838,E3|Q9NXK8,E3,Q9NXK8,P19838,FBXL12,NFKB1,0,3,0.0,0.60995746
E3|Q9NXK8|P48048,E3|Q9NXK8,E3,Q9NXK8,P48048,FBXL12,KCNJ1,0,3,0.0,0.60666984
E3|Q9NXK8|Q9BRJ7,E3|Q9NXK8,E3,Q9NXK8,Q9BRJ7,FBXL12,NUDT16L1,0,3,0.0,0.6100283
E3|Q9NXK8|O15399,E3|Q9NXK8,E3,Q9NXK8,O15399,FBXL12,GRIN2D,0,3,0.0,0.60669607
E3|Q9NXK8|Q99714,E3|Q9NXK8,E3,Q9NXK8,Q99714,FBXL12,PTPN5,0,3,0.0,0.60975426
E3|Q9NXK8|P26038,E3|Q9NXK8,E3,Q9NXK8,P26038,FBXL12,MSN,0,3,0.0,0.6091622
E3|Q9NXK8|P78543,E3|Q9NXK8,E3,Q9NXK8,P78543,FBXL12,BTG2,0,3,0.0,0.6103915
E3|Q9NXK8|P41212,E3|Q9NXK8,E3,Q9NXK8,P41212,FBXL12,ETV6,0,3,0.0,0.6099259
E3|Q9NXK8|Q9Y5Y9,E3|Q9NXK8,E3,Q9NXK8,Q9Y5Y9,FBXL12,SCN10A,0,3,0.0,0.6067158
E3|Q9NXK8|Q70SY1,E3|Q9NXK8,E3,Q9NXK8,Q70SY1,FBXL12,CREB3L2,0,3,0.0,0.6084252
E3|Q9NYG5|O75882,E3|Q9NYG5,E3,Q9NYG5,O75882,ANAPC11,ATRN,0,3,0.0,0.6049173
E3|Q9P0P0|O43602,E3|Q9P0P0,E3,Q9P0P0,O43602,RNF181,DCX,0,3,0.0,0.6112858
E3|Q9P0P0|O94953,E3|Q9P0P0,E3,Q9P0P0,O94953,RNF181,KDM4B,0,3,0.0,0.61100686
E3|Q9P0P0|O75376,E3|Q9P0P0,E3,Q9P0P0,O75376,RNF181,NCOR1,0,3,0.0,0.60997814
E3|Q9P0P0|Q9Y6J0,E3|Q9P0P0,E3,Q9P0P0,Q9Y6J0,RNF181,CABIN1,0,3,0.0,0.60959244
E3|Q9P0P0|P01100,E3|Q9P0P0,E3,Q9P0P0,P01100,RNF181,FOS,0,3,0.0,0.6090429
E3|Q9P0P0|Q9H5V8,E3|Q9P0P0,E3,Q9P0P0,Q9H5V8,RNF181,CDCP1,0,3,0.0,0.6054687
E3|Q9UK22|Q7L7L0,E3|Q9UK22,E3,Q9UK22,Q7L7L0,FBXO2,H2AW,0,3,0.0,0.608522
E3|Q9UK22|Q92466,E3|Q9UK22,E3,Q9UK22,Q92466,FBXO2,DDB2,0,3,0.0,0.60868937
E3|Q9UK22|Q9UHV7,E3|Q9UK22,E3,Q9UK22,Q9UHV7,FBXO2,MED13,0,3,0.0,0.6084062
E3|Q9UK22|P13761,E3|Q9UK22,E3,Q9UK22,P13761,FBXO2,HLA-DRB1,0,3,0.0,0.6090066
E3|Q9UK96|Q15303,E3|Q9UK96,E3,Q9UK96,Q15303,FBXO10,ERBB4,0,3,0.0,0.6064745
E3|Q9UK97|Q9NZQ7,E3|Q9UK97,E3,Q9UK97,Q9NZQ7,FBXO9,CD274,0,3,0.0,0.60531914
E3|Q9UK97|Q92466,E3|Q9UK97,E3,Q9UK97,Q92466,FBXO9,DDB2,0,3,0.0,0.6108368
E3|Q9UK97|Q8N519,E3|Q9UK97,E3,Q9UK97,Q8N519,FBXO9,,0,3,0.0,0.6099056
E3|Q9UKV5|Q9NYB9,E3|Q9UKV5,E3,Q9UKV5,Q9NYB9,AMFR,ABI2,0,3,0.0,0.60924554
E3|Q9UKV5|P19784,E3|Q9UKV5,E3,Q9UKV5,P19784,AMFR,CSNK2A2,0,3,0.0,0.60865766
E3|Q9UKV5|P35573,E3|Q9UKV5,E3,Q9UKV5,P35573,AMFR,AGL,0,3,0.0,0.6091218
E3|Q9UKV5|Q15911,E3|Q9UKV5,E3,Q9UKV5,Q15911,AMFR,ZFHX3,0,3,0.0,0.60777724
E3|Q9UKV5|Q86YC2,E3|Q9UKV5,E3,Q9UKV5,Q86YC2,AMFR,PALB2,0,3,0.0,0.60846174
E3|Q9UKV5|P04198,E3|Q9UKV5,E3,Q9UKV5,P04198,AMFR,MYCN,0,3,0.0,0.6085055
E3|Q9UKV5|O75376,E3|Q9UKV5,E3,Q9UKV5,O75376,AMFR,NCOR1,0,3,0.0,0.60771626
E3|Q9UKV5|Q9UBN7,E3|Q9UKV5,E3,Q9UKV5,Q9UBN7,AMFR,HDAC6,0,3,0.0,0.60917777
E3|Q9UKV5|Q15726,E3|Q9UKV5,E3,Q9UKV5,Q15726,AMFR,KISS1,0,3,0.0,0.6082988
E3|Q9UKV5|Q13547,E3|Q9UKV5,E3,Q9UKV5,Q13547,AMFR,HDAC1,0,3,0.0,0.6083391
E3|Q9UKV5|P0DP91,E3|Q9UKV5,E3,Q9UKV5,P0DP91,AMFR,ERCC6,0,3,0.0,0.6085648
E3|Q9UKV5|Q9BSL1,E3|Q9UKV5,E3,Q9UKV5,Q9BSL1,AMFR,UBAC1,0,3,0.0,0.609401
E3|Q9UKV5|Q9P219,E3|Q9UKV5,E3,Q9UKV5,Q9P219,AMFR,CCDC88C,0,3,0.0,0.60961413
E3|Q9UKV5|Q96C92,E3|Q9UKV5,E3,Q9UKV5,Q96C92,AMFR,ENTR1,0,3,0.0,0.6095164
E3|Q9UKV5|O94782,E3|Q9UKV5,E3,Q9UKV5,O94782,AMFR,USP1,0,3,0.0,0.6092266
E3|Q9UKV5|P11686,E3|Q9UKV5,E3,Q9UKV5,P11686,AMFR,SFTPC,0,3,0.0,0.60835814
E3|Q9UKV5|Q8NFZ0,E3|Q9UKV5,E3,Q9UKV5,Q8NFZ0,AMFR,FBXO18,0,3,0.0,0.6094844
E3|Q9UKV5|O15379,E3|Q9UKV5,E3,Q9UKV5,O15379,AMFR,HDAC3,0,3,0.0,0.6082047
E3|Q9UKV5|P62805,E3|Q9UKV5,E3,Q9UKV5,P62805,AMFR,H4C1,0,3,0.0,0.60952586
E3|Q9UKV5|P09467,E3|Q9UKV5,E3,Q9UKV5,P09467,AMFR,FBP1,0,3,0.0,0.6090989
E3|Q9UKV5|Q96FW1,E3|Q9UKV5,E3,Q9UKV5,Q96FW1,AMFR,OTUB1,0,3,0.0,0.60932964
E3|Q9UM11|Q8IZG5,E3|Q9UM11,E3,Q9UM11,Q8IZG5,FZR1,SS18,0,3,0.0,0.6098644
E3|Q9UM11|P16471,E3|Q9UM11,E3,Q9UM11,P16471,FZR1,PRLR,0,3,0.0,0.6054304
E3|Q9UM11|P04233,E3|Q9UM11,E3,Q9UM11,P04233,FZR1,CD74,0,3,0.0,0.6059762
E3|Q9UM11|O00233,E3|Q9UM11,E3,Q9UM11,O00233,FZR1,PSMD9,0,3,0.0,0.61146456
E3|Q9UM11|Q95IE3,E3|Q9UM11,E3,Q9UM11,Q95IE3,FZR1,HLA-DRB1,0,3,0.0,0.6100853
E3|Q9UM11|P29965,E3|Q9UM11,E3,Q9UM11,P29965,FZR1,CD40LG,0,3,0.0,0.6072443
E3|Q9UM11|P08678,E3|Q9UM11,E3,Q9UM11,P08678,FZR1,CYR1,0,3,0.0,0.61026734
E3|Q9UM11|P62253,E3|Q9UM11,E3,Q9UM11,P62253,FZR1,UBE2G1,0,3,0.0,0.61010665
E3|Q9UM11|P61968,E3|Q9UM11,E3,Q9UM11,P61968,FZR1,LMO4,0,3,0.0,0.6110262
E3|Q9UM11|Q7L8J4,E3|Q9UM11,E3,Q9UM11,Q7L8J4,FZR1,SH3BP5L,0,3,0.0,0.61130214
E3|Q9UM11|Q13571,E3|Q9UM11,E3,Q9UM11,Q13571,FZR1,LAPTM5,0,3,0.0,0.60730475
E3|Q9UM11|P11686,E3|Q9UM11,E3,Q9UM11,P11686,FZR1,SFTPC,0,3,0.0,0.6055074
E3|Q9UM11|Q15388,E3|Q9UM11,E3,Q9UM11,Q15388,FZR1,TOMM20,0,3,0.0,0.6093419
E3|Q9UM11|O15399,E3|Q9UM11,E3,Q9UM11,O15399,FZR1,GRIN2D,0,3,0.0,0.6051553
E3|Q9UM11|Q9UNK0,E3|Q9UM11,E3,Q9UM11,Q9UNK0,FZR1,STX8,0,3,0.0,0.6056818
E3|Q9UM11|P10586,E3|Q9UM11,E3,Q9UM11,P10586,FZR1,PTPRF,0,3,0.0,0.6085794
E3|Q9UM11|O43561,E3|Q9UM11,E3,Q9UM11,O43561,FZR1,LAT,0,3,0.0,0.6052229
E3|Q9UM11|Q96LA5,E3|Q9UM11,E3,Q9UM11,Q96LA5,FZR1,FCRL2,0,3,0.0,0.6051345
E3|Q9UM11|Q30167,E3|Q9UM11,E3,Q9UM11,Q30167,FZR1,HLA-DRB1,0,3,0.0,0.6091496
E3|Q9UM11|Q8WU17,E3|Q9UM11,E3,Q9UM11,Q8WU17,FZR1,RNF139,0,3,0.0,0.6067229
E3|Q9UM11|Q15386,E3|Q9UM11,E3,Q9UM11,Q15386,FZR1,UBE3C,0,3,0.0,0.6105446
E3|Q9UM11|F5HEZ4,E3|Q9UM11,E3,Q9UM11,F5HEZ4,FZR1,ORF71,0,3,0.0,0.61107975
E3|Q9UM11|Q13873,E3|Q9UM11,E3,Q9UM11,Q13873,FZR1,BMPR2,0,3,0.0,0.60535944
E3|Q9UM11|P55085,E3|Q9UM11,E3,Q9UM11,P55085,FZR1,F2RL1,0,3,0.0,0.6053083
E3|Q9Y2M5|P54829,E3|Q9Y2M5,E3,Q9Y2M5,P54829,KLHL20,STK36,0,3,0.0,0.60962105
E3|Q9Y4L5|Q08AJ9,E3|Q9Y4L5,E3,Q9Y4L5,Q08AJ9,RNF115,HIST1H2AB,0,3,0.0,0.6092674
E3|Q9Y4L5|Q8NHL6,E3|Q9Y4L5,E3,Q9Y4L5,Q8NHL6,RNF115,LILRB1,0,3,0.0,0.60821116
DUB|A6NNY8|P08069,DUB|A6NNY8,DUB,A6NNY8,P08069,USP27X,IGF1R,0,3,0.0,0.6064577
DUB|A6NNY8|O14737,DUB|A6NNY8,DUB,A6NNY8,O14737,USP27X,PDCD5,0,3,0.0,0.6104256
DUB|A6NNY8|P36894,DUB|A6NNY8,DUB,A6NNY8,P36894,USP27X,BMPR1A,0,3,0.0,0.60631585
DUB|O00507|P98170,DUB|O00507,DUB,O00507,P98170,USP9Y,XIAP,0,3,0.0,0.61056834
DUB|O00507|Q15388,DUB|O00507,DUB,O00507,Q15388,USP9Y,TOMM20,0,3,0.0,0.6093197
DUB|O95630|P49411,DUB|O95630,DUB,O95630,P49411,STAMBP,TUFM,0,3,0.0,0.6097375
DUB|P09936|Q9H7L9,DUB|P09936,DUB,P09936,Q9H7L9,UCHL1,SUDS3,0,3,0.0,0.60876465
DUB|P09936|O43684,DUB|P09936,DUB,P09936,O43684,UCHL1,BUB3,0,3,0.0,0.6092329
DUB|P09936|P51965,DUB|P09936,DUB,P09936,P51965,UCHL1,UBE2E1,0,3,0.0,0.60977966
DUB|P09936|Q9H211,DUB|P09936,DUB,P09936,Q9H211,UCHL1,CDT1,0,3,0.0,0.6089972
DUB|P09936|P14780,DUB|P09936,DUB,P09936,P14780,UCHL1,MMP9,0,3,0.0,0.60807097
DUB|P09936|Q12888,DUB|P09936,DUB,P09936,Q12888,UCHL1,TP53BP1,0,3,0.0,0.608651
DUB|P09936|Q6FI13,DUB|P09936,DUB,P09936,Q6FI13,UCHL1,HIST2H2AA4,0,3,0.0,0.6086668
DUB|P09936|Q9ULT8,DUB|P09936,DUB,P09936,Q9ULT8,UCHL1,HECTD1,0,3,0.0,0.60927236
DUB|P09936|O75461,DUB|P09936,DUB,P09936,O75461,UCHL1,E2F6,0,3,0.0,0.6079502
DUB|P54252|Q5XPI4,DUB|P54252,DUB,P54252,Q5XPI4,ATXN3,RNF123,0,3,0.0,0.6106258
DUB|P54252|Q9UHD2,DUB|P54252,DUB,P54252,Q9UHD2,ATXN3,TBK1,0,3,0.0,0.61069655
DUB|P54252|Q15154,DUB|P54252,DUB,P54252,Q15154,ATXN3,PCM1,0,3,0.0,0.6101135
DUB|P54252|A0A291NLA3,DUB|P54252,DUB,P54252,A0A291NLA3,ATXN3,SIGIRR,0,3,0.0,0.6107049
DUB|Q6P468|P61073,DUB|Q6P468,DUB,Q6P468,P61073,USP9X,CXCR4,0,3,0.0,0.60603046
DUB|Q6P468|P26927,DUB|Q6P468,DUB,Q6P468,P26927,USP9X,MST1,0,3,0.0,0.6056356
DUB|Q6P468|Q9UER7,DUB|Q6P468,DUB,Q6P468,Q9UER7,USP9X,DAXX,0,3,0.0,0.61051023
DUB|Q7L8S5|P04179,DUB|Q7L8S5,DUB,Q7L8S5,P04179,OTUD6A,SOD2,0,3,0.0,0.60976565
DUB|Q7L8S5|P04049,DUB|Q7L8S5,DUB,Q7L8S5,P04049,OTUD6A,RAF1,0,3,0.0,0.60842425
DUB|Q7L8S5|Q9H6Z9,DUB|Q7L8S5,DUB,Q7L8S5,Q9H6Z9,OTUD6A,EGLN3,0,3,0.0,0.6109993
DUB|Q7L8S5|Q8WWY3,DUB|Q7L8S5,DUB,Q7L8S5,Q8WWY3,OTUD6A,PRPF31,0,3,0.0,0.61104697
DUB|Q86UV5|P21860,DUB|Q86UV5,DUB,Q86UV5,P21860,USP48,ERBB3,0,3,0.0,0.60546076
DUB|Q93009|Q05586,DUB|Q93009,DUB,Q93009,Q05586,USP7,GRIN1,0,3,0.0,0.6053173
DUB|Q93009|Q15388,DUB|Q93009,DUB,Q93009,Q15388,USP7,TOMM20,0,3,0.0,0.60904056
DUB|Q93009|P42261,DUB|Q93009,DUB,Q93009,P42261,USP7,GRIA1,0,3,0.0,0.6056415
DUB|Q93009|Q9UPY5,DUB|Q93009,DUB,Q93009,Q9UPY5,USP7,SLC7A11,0,3,0.0,0.60524917
DUB|Q93009|Q9NYV9,DUB|Q93009,DUB,Q93009,Q9NYV9,USP7,TAS2R13,0,3,0.0,0.6107669
DUB|Q93009|Q9HA47,DUB|Q93009,DUB,Q93009,Q9HA47,USP7,UCK1,0,3,0.0,0.61129403
DUB|Q93009|O15554,DUB|Q93009,DUB,Q93009,O15554,USP7,KCNN4,0,3,0.0,0.60491663
DUB|Q93009|Q8IVP5,DUB|Q93009,DUB,Q93009,Q8IVP5,USP7,FUNDC1,0,3,0.0,0.608638
DUB|Q93009|P10145,DUB|Q93009,DUB,Q93009,P10145,USP7,CXCL8,0,3,0.0,0.6048605
DUB|Q93009|P36897,DUB|Q93009,DUB,Q93009,P36897,USP7,TGFBR1,0,3,0.0,0.6056425
DUB|Q93009|Q9UKV5,DUB|Q93009,DUB,Q93009,Q9UKV5,USP7,AMFR,0,3,0.0,0.60741866
DUB|Q93009|A0A291NLA3,DUB|Q93009,DUB,Q93009,A0A291NLA3,USP7,SIGIRR,0,3,0.0,0.6095256
DUB|Q93009|A2AIR5,DUB|Q93009,DUB,Q93009,A2AIR5,USP7,Grin3a,0,3,0.0,0.6106492
DUB|Q93009|Q03518,DUB|Q93009,DUB,Q93009,Q03518,USP7,TAP1,0,3,0.0,0.60663646
DUB|Q93009|Q12809,DUB|Q93009,DUB,Q93009,Q12809,USP7,KCNH2,0,3,0.0,0.6050823
DUB|Q93009|P08069,DUB|Q93009,DUB,Q93009,P08069,USP7,IGF1R,0,3,0.0,0.6055059
DUB|Q93009|P25445,DUB|Q93009,DUB,Q93009,P25445,USP7,FAS,0,3,0.0,0.60551
DUB|Q93009|P14780,DUB|Q93009,DUB,Q93009,P14780,USP7,MMP9,0,3,0.0,0.60537696
DUB|Q93009|Q13635,DUB|Q93009,DUB,Q93009,Q13635,USP7,PTCH1,0,3,0.0,0.6052791
DUB|Q93009|Q04771,DUB|Q93009,DUB,Q93009,Q04771,USP7,ACVR1,0,3,0.0,0.6095273
DUB|Q93009|Q9Y256,DUB|Q93009,DUB,Q93009,Q9Y256,USP7,RCE1,0,3,0.0,0.60642165
DUB|Q93009|P07550,DUB|Q93009,DUB,Q93009,P07550,USP7,ADRB2,0,3,0.0,0.6058405
DUB|Q93009|P18084,DUB|Q93009,DUB,Q93009,P18084,USP7,ITGB5,0,3,0.0,0.60501033
DUB|Q93009|O15519,DUB|Q93009,DUB,Q93009,O15519,USP7,CFLAR,0,3,0.0,0.6089946
DUB|Q93009|Q9Y570,DUB|Q93009,DUB,Q93009,Q9Y570,USP7,PPME1,0,3,0.0,0.61161005
DUB|Q93009|Q9UBS5,DUB|Q93009,DUB,Q93009,Q9UBS5,USP7,GABBR1,0,3,0.0,0.6048363
DUB|Q93009|P78344,DUB|Q93009,DUB,Q93009,P78344,USP7,EIF4G2,0,3,0.0,0.6109442
DUB|Q93009|Q9ULT8,DUB|Q93009,DUB,Q93009,Q9ULT8,USP7,HECTD1,0,3,0.0,0.6115105
DUB|Q93009|O95180,DUB|Q93009,DUB,Q93009,O95180,USP7,CACNA1H,0,3,0.0,0.6049712
DUB|Q93009|Q9H5J4,DUB|Q93009,DUB,Q93009,Q9H5J4,USP7,ELOVL6,0,3,0.0,0.6063818
DUB|Q93009|O75365,DUB|Q93009,DUB,Q93009,O75365,USP7,PTP4A3,0,3,0.0,0.6055929
DUB|Q93009|P37023,DUB|Q93009,DUB,Q93009,P37023,USP7,ACVRL1,0,3,0.0,0.6050306
DUB|Q96DC9|Q00987,DUB|Q96DC9,DUB,Q96DC9,Q00987,OTUB2,MDM2,0,3,0.0,0.6112457
DUB|Q96DC9|Q99496,DUB|Q96DC9,DUB,Q96DC9,Q99496,OTUB2,RNF2,0,3,0.0,0.61130095
DUB|Q96DC9|P08253,DUB|Q96DC9,DUB,Q96DC9,P08253,OTUB2,MMP2,0,3,0.0,0.6072848
DUB|Q96DC9|Q96J02,DUB|Q96DC9,DUB,Q96DC9,Q96J02,OTUB2,ITCH,0,3,0.0,0.6067632
DUB|Q96DC9|O15111,DUB|Q96DC9,DUB,Q96DC9,O15111,OTUB2,CHUK,0,3,0.0,0.6107855
DUB|Q96DC9|Q9P2Y5,DUB|Q96DC9,DUB,Q96DC9,Q9P2Y5,OTUB2,UVRAG,0,3,0.0,0.60698915
DUB|Q96DC9|Q9UGP5,DUB|Q96DC9,DUB,Q96DC9,Q9UGP5,OTUB2,POLL,0,3,0.0,0.6115246
DUB|Q96DC9|Q9H8V3,DUB|Q96DC9,DUB,Q96DC9,Q9H8V3,OTUB2,ECT2,0,3,0.0,0.6107008
DUB|Q96RU2|P35228,DUB|Q96RU2,DUB,Q96RU2,P35228,USP28,NOS2,0,3,0.0,0.6110281
DUB|Q96RU2|P01584,DUB|Q96RU2,DUB,Q96RU2,P01584,USP28,IL1B,0,3,0.0,0.60617155
DUB|Q96RU2|Q96RJ0,DUB|Q96RU2,DUB,Q96RU2,Q96RJ0,USP28,TAAR1,0,3,0.0,0.60571694
DUB|Q96RU2|O95835,DUB|Q96RU2,DUB,Q96RU2,O95835,USP28,LATS1,0,3,0.0,0.6109854
DUB|Q96RU2|P37088,DUB|Q96RU2,DUB,Q96RU2,P37088,USP28,SCNN1A,0,3,0.0,0.60774505
DUB|Q96RU2|Q16828,DUB|Q96RU2,DUB,Q96RU2,Q16828,USP28,DUSP6,0,3,0.0,0.61085683
DUB|Q96RU2|Q12809,DUB|Q96RU2,DUB,Q96RU2,Q12809,USP28,KCNH2,0,3,0.0,0.60547626
DUB|Q96RU2|Q9H257,DUB|Q96RU2,DUB,Q96RU2,Q9H257,USP28,CARD9,0,3,0.0,0.61097276
DUB|Q9NQC7|P15407,DUB|Q9NQC7,DUB,Q9NQC7,P15407,CYLD,FOSL1,0,3,0.0,0.6086528
DUB|Q9NQC7|O14737,DUB|Q9NQC7,DUB,Q9NQC7,O14737,CYLD,PDCD5,0,3,0.0,0.60986894
DUB|Q9NQC7|O00512,DUB|Q9NQC7,DUB,Q9NQC7,O00512,CYLD,BCL9,0,3,0.0,0.6072592
DUB|Q9NQC7|P51965,DUB|Q9NQC7,DUB,Q9NQC7,P51965,CYLD,UBE2E1,0,3,0.0,0.60987496
DUB|Q9NQC7|P62807,DUB|Q9NQC7,DUB,Q9NQC7,P62807,CYLD,HIST1H2BI,0,3,0.0,0.609312
DUB|Q9NQC7|Q16778,DUB|Q9NQC7,DUB,Q9NQC7,Q16778,CYLD,HIST2H2BE,0,3,0.0,0.6093588
DUB|Q9NQC7|P04908,DUB|Q9NQC7,DUB,Q9NQC7,P04908,CYLD,HIST1H2AE,0,3,0.0,0.60897166
DUB|Q9NQC7|Q8NAP3,DUB|Q9NQC7,DUB,Q9NQC7,Q8NAP3,CYLD,ZBTB38,0,3,0.0,0.6089647
DUB|Q9NQC7|Q99538,DUB|Q9NQC7,DUB,Q9NQC7,Q99538,CYLD,LGMN,0,3,0.0,0.6091232
DUB|Q9NQC7|P26927,DUB|Q9NQC7,DUB,Q9NQC7,P26927,CYLD,MST1,0,3,0.0,0.60778147
DUB|Q9NQC7|Q16777,DUB|Q9NQC7,DUB,Q9NQC7,Q16777,CYLD,HIST2H2AC,0,3,0.0,0.60897166
DUB|Q9NQC7|Q8IXJ9,DUB|Q9NQC7,DUB,Q9NQC7,Q8IXJ9,CYLD,ASXL1,0,3,0.0,0.60970545
DUB|Q9NQC7|O75943,DUB|Q9NQC7,DUB,Q9NQC7,O75943,CYLD,RAD17,0,3,0.0,0.6098859
DUB|Q9NQC7|P35659,DUB|Q9NQC7,DUB,Q9NQC7,P35659,CYLD,DEK,0,3,0.0,0.6092149
DUB|Q9NQC7|P30291,DUB|Q9NQC7,DUB,Q9NQC7,P30291,CYLD,WEE1,0,3,0.0,0.6098808
DUB|Q9P275|P37023,DUB|Q9P275,DUB,Q9P275,P37023,USP36,ACVRL1,0,3,0.0,0.6045029
DUB|Q9P275|P36894,DUB|Q9P275,DUB,Q9P275,P36894,USP36,BMPR1A,0,3,0.0,0.6048421
DUB|Q9P275|O75365,DUB|Q9P275,DUB,Q9P275,O75365,USP36,PTP4A3,0,3,0.0,0.60505915
DUB|Q9UMW8|P21796,DUB|Q9UMW8,DUB,Q9UMW8,P21796,USP18,VDAC1,0,3,0.0,0.6076544
DUB|Q9UMW8|P07550,DUB|Q9UMW8,DUB,Q9UMW8,P07550,USP18,ADRB2,0,3,0.0,0.6069048
DUB|Q9UMW8|P17302,DUB|Q9UMW8,DUB,Q9UMW8,P17302,USP18,GJA1,0,3,0.0,0.60687006
DUB|Q9Y2K6|O60341,DUB|Q9Y2K6,DUB,Q9Y2K6,O60341,USP20,KDM1A,0,3,0.0,0.61003774
DUB|Q9Y2K6|O75461,DUB|Q9Y2K6,DUB,Q9Y2K6,O75461,USP20,E2F6,0,3,0.0,0.6089946
DUB|Q9Y2K6|Q9Y253,DUB|Q9Y2K6,DUB,Q9Y2K6,Q9Y253,USP20,POLH,0,3,0.0,0.61017317
DUB|Q9Y2K6|Q9HCX3,DUB|Q9Y2K6,DUB,Q9Y2K6,Q9HCX3,USP20,ZNF304,0,3,0.0,0.60989857
DUB|Q9Y2K6|P36897,DUB|Q9Y2K6,DUB,Q9Y2K6,P36897,USP20,TGFBR1,0,3,0.0,0.60730255
DUB|Q9Y2K6|P24864,DUB|Q9Y2K6,DUB,Q9Y2K6,P24864,USP20,CCNE1,0,3,0.0,0.6102243
DUB|Q9Y2K6|O43521,DUB|Q9Y2K6,DUB,Q9Y2K6,O43521,USP20,BCL2L11,0,3,0.0,0.6101807
DUB|Q9Y2K6|Q8IVP5,DUB|Q9Y2K6,DUB,Q9Y2K6,Q8IVP5,USP20,FUNDC1,0,3,0.0,0.60998636
DUB|Q9Y2K6|A2AIR5,DUB|Q9Y2K6,DUB,Q9Y2K6,A2AIR5,USP20,Grin3a,0,3,0.0,0.6103153
DUB|Q9Y2K6|P20226,DUB|Q9Y2K6,DUB,Q9Y2K6,P20226,USP20,TBP,0,3,0.0,0.6096983
DUB|Q9Y2K6|P04198,DUB|Q9Y2K6,DUB,Q9Y2K6,P04198,USP20,MYCN,0,3,0.0,0.6099941
DUB|Q9Y5T5|Q8TB45,DUB|Q9Y5T5,DUB,Q9Y5T5,Q8TB45,USP16,DEPTOR,0,3,0.0,0.60719585
DUB|Q9Y5T5|O14737,DUB|Q9Y5T5,DUB,Q9Y5T5,O14737,USP16,PDCD5,0,3,0.0,0.610373
E3|O00635|O00635,E3|O00635,E3,O00635,O00635,TRIM38,TRIM38,1,4,1.0,0.9698108
E3|O00635|Q9Y4K3,E3|O00635,E3,O00635,Q9Y4K3,TRIM38,TRAF6,1,4,1.0,0.9665427
E3|O14965|P04179,E3|O14965,E3,O14965,P04179,AURKA,SOD2,1,4,1.0,0.90196896
E3|O60337|O60337,E3|O60337,E3,O60337,O60337,MARCHF6,MARCHF6,1,4,1.0,0.96451646
E3|O60337|Q14534,E3|O60337,E3,O60337,Q14534,MARCHF6,SQLE,1,4,1.0,0.9647788
E3|O60337|Q92813,E3|O60337,E3,O60337,Q92813,MARCHF6,DIO2,1,4,1.0,0.9651863
E3|O60683|P50542,E3|O60683,E3,O60683,P50542,PEX10,PEX5,1,4,1.0,0.96628165
E3|O60858|O60858,E3|O60858,E3,O60858,O60858,TRIM13,TRIM13,1,4,1.0,0.96803755
E3|O60858|P04234,E3|O60858,E3,O60858,P04234,TRIM13,CD3D,1,4,1.0,0.9548356
E3|O60858|P22736,E3|O60858,E3,O60858,P22736,TRIM13,NR4A1,1,4,1.0,0.9221838
E3|O60858|P31749,E3|O60858,E3,O60858,P31749,TRIM13,AKT1,1,4,1.0,0.96281725
E3|O60858|P31751,E3|O60858,E3,O60858,P31751,TRIM13,AKT2,1,4,1.0,0.9598667
E3|O60858|P55072,E3|O60858,E3,O60858,P55072,TRIM13,VCP,1,4,1.0,0.922855
E3|O60858|Q00987,E3|O60858,E3,O60858,Q00987,TRIM13,MDM2,1,4,1.0,0.6762651
E3|O75150|Q16623,E3|O75150,E3,O75150,Q16623,RNF40,STX1A,1,4,1.0,0.27592656
E3|O75150|Q16778,E3|O75150,E3,O75150,Q16778,RNF40,H2BC21,1,4,1.0,0.9652798
E3|O75150|Q96A08,E3|O75150,E3,O75150,Q96A08,RNF40,H2BC1,1,4,1.0,0.9608256
E3|O75150|Q9UQ80,E3|O75150,E3,O75150,Q9UQ80,RNF40,PA2G4,1,4,1.0,0.9659553
E3|O75159|P00533,E3|O75159,E3,O75159,P00533,SOCS5,EGFR,1,4,1.0,0.96036303
E3|O75159|P42224,E3|O75159,E3,O75159,P42224,SOCS5,STAT1,1,4,1.0,0.9395722
E3|O75928|P42224,E3|O75928,E3,O75928,P42224,PIAS2,STAT1,1,4,1.0,0.96490544
E3|O95786|Q9NX47,E3|O95786,E3,O95786,Q9NX47,DDX58,MARCHF5,1,4,1.0,0.72712404
E3|P09874|Q8IUQ4,E3|P09874,E3,P09874,Q8IUQ4,PARP1,SIAH1,1,4,1.0,0.94966733
E3|P0C2W1|O15350,E3|P0C2W1,E3,P0C2W1,O15350,FBXO45,TP73,1,4,1.0,0.4248106
E3|P0C2W1|O43623,E3|P0C2W1,E3,P0C2W1,O43623,FBXO45,SNAI2,1,4,1.0,0.5505208
E3|P0C2W1|O60315,E3|P0C2W1,E3,P0C2W1,O60315,FBXO45,ZEB2,1,4,1.0,0.29956356
E3|P0C2W1|O95863,E3|P0C2W1,E3,P0C2W1,O95863,FBXO45,SNAI1,1,4,1.0,0.46796012
E3|P0C2W1|P37275,E3|P0C2W1,E3,P0C2W1,P37275,FBXO45,ZEB1,1,4,1.0,0.4052524
E3|P0C2W1|Q15672,E3|P0C2W1,E3,P0C2W1,Q15672,FBXO45,TWIST1,1,4,1.0,0.46834433
E3|P0C2W1|Q969H0,E3|P0C2W1,E3,P0C2W1,Q969H0,FBXO45,FBXW7,1,4,1.0,0.49835783
E3|P0C2W1|Q96IZ0,E3|P0C2W1,E3,P0C2W1,Q96IZ0,FBXO45,PAWR,1,4,1.0,0.5181458
E3|P12830|O14965,E3|P12830,E3,P12830,O14965,CDH1,AURKA,1,4,1.0,0.96735597
E3|P37231|P15941,E3|P37231,E3,P37231,P15941,PPARG,MUC1,1,4,1.0,0.21137537
E3|P37231|Q04206,E3|P37231,E3,P37231,Q04206,PPARG,RELA,1,4,1.0,0.9652716
E3|P37231|Q9BQE4,E3|P37231,E3,P37231,Q9BQE4,PPARG,SELENOS,1,4,1.0,0.20075786
E3|P37231|Q9Y6D0,E3|P37231,E3,P37231,Q9Y6D0,PPARG,SELENOK,1,4,1.0,0.21463494
E3|P46934|A8MYT4,E3|P46934,E3,P46934,A8MYT4,NEDD4,PIK3C3,1,4,1.0,0.92872787
E3|P46934|O14641,E3|P46934,E3,P46934,O14641,NEDD4,DVL2,1,4,1.0,0.97066337
E3|P46934|O14964,E3|P46934,E3,P46934,O14964,NEDD4,HGS,1,4,1.0,0.9697269
E3|P46934|O14980,E3|P46934,E3,P46934,O14980,NEDD4,XPO1,1,4,1.0,0.815869
E3|P46934|O15399,E3|P46934,E3,P46934,O15399,NEDD4,GRIN2D,1,4,1.0,0.96190435
E3|P46934|O15431,E3|P46934,E3,P46934,O15431,NEDD4,SLC31A1,1,4,1.0,0.9625665
E3|P46934|O43490,E3|P46934,E3,P46934,O43490,NEDD4,PROM1,1,4,1.0,0.9491509
E3|P46934|O43597,E3|P46934,E3,P46934,O43597,NEDD4,SPRY2,1,4,1.0,0.9423848
E3|P46934|O75113,E3|P46934,E3,P46934,O75113,NEDD4,N4BP1,1,4,1.0,0.952982
E3|P46934|O75444,E3|P46934,E3,P46934,O75444,NEDD4,MAF,1,4,1.0,0.54145396
E3|P46934|O75473,E3|P46934,E3,P46934,O75473,NEDD4,LGR5,1,4,1.0,0.9615495
E3|P46934|O75843,E3|P46934,E3,P46934,O75843,NEDD4,AP1G2,1,4,1.0,0.96586746
E3|P46934|O95835,E3|P46934,E3,P46934,O95835,NEDD4,LATS1,1,4,1.0,0.93087417
E3|P46934|O95999,E3|P46934,E3,P46934,O95999,NEDD4,BCL10,1,4,1.0,0.93614006
E3|P46934|P00533,E3|P46934,E3,P46934,P00533,NEDD4,EGFR,1,4,1.0,0.9686868
E3|P46934|P01106,E3|P46934,E3,P46934,P01106,NEDD4,MYC,1,4,1.0,0.7316974
E3|P46934|P01111,E3|P46934,E3,P46934,P01111,NEDD4,NRAS,1,4,1.0,0.96611804
E3|P46934|P01112,E3|P46934,E3,P46934,P01112,NEDD4,HRAS,1,4,1.0,0.9678609
E3|P46934|P01116,E3|P46934,E3,P46934,P01116,NEDD4,KRAS,1,4,1.0,0.9703947
E3|P46934|P04198,E3|P46934,E3,P46934,P04198,NEDD4,MYCN,1,4,1.0,0.59936076
E3|P46934|P04629,E3|P46934,E3,P46934,P04629,NEDD4,NTRK1,1,4,1.0,0.9686393
E3|P46934|P07550,E3|P46934,E3,P46934,P07550,NEDD4,ADRB2,1,4,1.0,0.9664834
E3|P46934|P07948,E3|P46934,E3,P46934,P07948,NEDD4,LYN,1,4,1.0,0.96926224
E3|P46934|P08069,E3|P46934,E3,P46934,P08069,NEDD4,IGF1R,1,4,1.0,0.9688524
E3|P46934|P08183,E3|P46934,E3,P46934,P08183,NEDD4,ABCB1,1,4,1.0,0.964143
E3|P46934|P10114,E3|P46934,E3,P46934,P10114,NEDD4,RAP2A,1,4,1.0,0.96280277
E3|P46934|P10275,E3|P46934,E3,P46934,P10275,NEDD4,AR,1,4,1.0,0.63775754
E3|P46934|P10523,E3|P46934,E3,P46934,P10523,NEDD4,SAG,1,4,1.0,0.89880383
E3|P46934|P11362,E3|P46934,E3,P46934,P11362,NEDD4,FGFR1,1,4,1.0,0.9643966
E3|P46934|P12931,E3|P46934,E3,P46934,P12931,NEDD4,SRC,1,4,1.0,0.96934044
E3|P46934|P17302,E3|P46934,E3,P46934,P17302,NEDD4,GJA1,1,4,1.0,0.9652974
E3|P46934|P19634,E3|P46934,E3,P46934,P19634,NEDD4,SLC9A1,1,4,1.0,0.9628883
E3|P46934|P21860,E3|P46934,E3,P46934,P21860,NEDD4,ERBB3,1,4,1.0,0.96359456
E3|P46934|P23759,E3|P46934,E3,P46934,P23759,NEDD4,PAX7,1,4,1.0,0.40222147
E3|P46934|P24928,E3|P46934,E3,P46934,P24928,NEDD4,POLR2A,1,4,1.0,0.67571694
E3|P46934|P25116,E3|P46934,E3,P46934,P25116,NEDD4,F2R,1,4,1.0,0.96024156
E3|P46934|P27216,E3|P46934,E3,P46934,P27216,NEDD4,ANXA13,1,4,1.0,0.96450025
E3|P46934|P31749,E3|P46934,E3,P46934,P31749,NEDD4,AKT1,1,4,1.0,0.96754616
E3|P46934|P31751,E3|P46934,E3,P46934,P31751,NEDD4,AKT2,1,4,1.0,0.9670159
E3|P46934|P35968,E3|P46934,E3,P46934,P35968,NEDD4,KDR,1,4,1.0,0.96244144
E3|P46934|P37231,E3|P46934,E3,P46934,P37231,NEDD4,PPARG,1,4,1.0,0.6961941
E3|P46934|P37840,E3|P46934,E3,P46934,P37840,NEDD4,SNCA,1,4,1.0,0.9647747
E3|P46934|P38936,E3|P46934,E3,P46934,P38936,NEDD4,CDKN1A,1,4,1.0,0.8218
E3|P46934|P42261,E3|P46934,E3,P46934,P42261,NEDD4,GRIA1,1,4,1.0,0.96100426
E3|P46934|P42566,E3|P46934,E3,P46934,P42566,NEDD4,EPS15,1,4,1.0,0.96794623
E3|P46934|P43005,E3|P46934,E3,P46934,P43005,NEDD4,SLC1A1,1,4,1.0,0.96253854
E3|P46934|P43405,E3|P46934,E3,P46934,P43405,NEDD4,SYK,1,4,1.0,0.9687542
E3|P46934|P46531,E3|P46934,E3,P46934,P46531,NEDD4,NOTCH1,1,4,1.0,0.97076744
E3|P46934|P46934,E3|P46934,E3,P46934,P46934,NEDD4,NEDD4,1,4,1.0,0.9708652
E3|P46934|P51168,E3|P46934,E3,P46934,P51168,NEDD4,SCNN1B,1,4,1.0,0.9643231
E3|P46934|P51170,E3|P46934,E3,P46934,P51170,NEDD4,SCNN1G,1,4,1.0,0.9618409
E3|P46934|P55036,E3|P46934,E3,P46934,P55036,NEDD4,PSMD4,1,4,1.0,0.8012908
E3|P46934|P60484,E3|P46934,E3,P46934,P60484,NEDD4,PTEN,1,4,1.0,0.9502823
E3|P46934|P68431,E3|P46934,E3,P46934,P68431,NEDD4,H3C1,1,4,1.0,0.79309154
E3|P46934|P98170,E3|P46934,E3,P46934,P98170,NEDD4,XIAP,1,4,1.0,0.93751925
E3|P46934|Q00987,E3|P46934,E3,P46934,Q00987,NEDD4,MDM2,1,4,1.0,0.82439643
E3|P46934|Q01628,E3|P46934,E3,P46934,Q01628,NEDD4,IFITM3,1,4,1.0,0.9658961
E3|P46934|Q01959,E3|P46934,E3,P46934,Q01959,NEDD4,SLC6A3,1,4,1.0,0.96131104
E3|P46934|Q07912,E3|P46934,E3,P46934,Q07912,NEDD4,TNK2,1,4,1.0,0.9681273
E3|P46934|Q13501,E3|P46934,E3,P46934,Q13501,NEDD4,SQSTM1,1,4,1.0,0.96591437
E3|P46934|Q13571,E3|P46934,E3,P46934,Q13571,NEDD4,LAPTM5,1,4,1.0,0.9678438
E3|P46934|Q14457,E3|P46934,E3,P46934,Q14457,NEDD4,BECN1,1,4,1.0,0.95830595
E3|P46934|Q14524,E3|P46934,E3,P46934,Q14524,NEDD4,SCN5A,1,4,1.0,0.9643265
E3|P46934|Q15012,E3|P46934,E3,P46934,Q15012,NEDD4,LAPTM4A,1,4,1.0,0.95992446
E3|P46934|Q15303,E3|P46934,E3,P46934,Q15303,NEDD4,ERBB4,1,4,1.0,0.9623846
E3|P46934|Q16655,E3|P46934,E3,P46934,Q16655,NEDD4,MLANA,1,4,1.0,0.9384211
E3|P46934|Q2F514,E3|P46934,E3,P46934,Q2F514,NEDD4,X,1,4,1.0,0.9538165
E3|P46934|Q2KJY2,E3|P46934,E3,P46934,Q2KJY2,NEDD4,KIF26B,1,4,1.0,0.942859
E3|P46934|Q4VCS5,E3|P46934,E3,P46934,Q4VCS5,NEDD4,AMOT,1,4,1.0,0.97066194
E3|P46934|Q5MJ70,E3|P46934,E3,P46934,Q5MJ70,NEDD4,SPDYA,1,4,1.0,0.9537552
E3|P46934|Q6PJG6,E3|P46934,E3,P46934,Q6PJG6,NEDD4,BRAT1,1,4,1.0,0.9106289
E3|P46934|Q86Y01,E3|P46934,E3,P46934,Q86Y01,NEDD4,DTX1,1,4,1.0,0.93596804
E3|P46934|Q8WUM4,E3|P46934,E3,P46934,Q8WUM4,NEDD4,PDCD6IP,1,4,1.0,0.96582043
E3|P46934|Q92734,E3|P46934,E3,P46934,Q92734,NEDD4,TFG,1,4,1.0,0.9618303
E3|P46934|Q969T9,E3|P46934,E3,P46934,Q969T9,NEDD4,WBP2,1,4,1.0,0.92919976
E3|P46934|Q96BF3,E3|P46934,E3,P46934,Q96BF3,NEDD4,TMIGD2,1,4,1.0,0.96099555
E3|P46934|Q96FV9,E3|P46934,E3,P46934,Q96FV9,NEDD4,THOC1,1,4,1.0,0.53581065
E3|P46934|Q96GG9,E3|P46934,E3,P46934,Q96GG9,NEDD4,DCUN1D1,1,4,1.0,0.83835495
E3|P46934|Q96NT3,E3|P46934,E3,P46934,Q96NT3,NEDD4,GUCD1,1,4,1.0,0.73130107
E3|P46934|Q99755,E3|P46934,E3,P46934,Q99755,NEDD4,PIP5K1A,1,4,1.0,0.97003245
E3|P46934|Q99816,E3|P46934,E3,P46934,Q99816,NEDD4,TSG101,1,4,1.0,0.95920354
E3|P46934|Q9BSA4,E3|P46934,E3,P46934,Q9BSA4,NEDD4,TTYH2,1,4,1.0,0.96174544
E3|P46934|Q9BT67,E3|P46934,E3,P46934,Q9BT67,NEDD4,NDFIP1,1,4,1.0,0.95252895
E3|P46934|Q9BXB1,E3|P46934,E3,P46934,Q9BXB1,NEDD4,LGR4,1,4,1.0,0.9663726
E3|P46934|Q9H4B6,E3|P46934,E3,P46934,Q9H4B6,NEDD4,SAV1,1,4,1.0,0.8934237
E3|P46934|Q9HC16,E3|P46934,E3,P46934,Q9HC16,NEDD4,APOBEC3G,1,4,1.0,0.90840346
E3|P46934|Q9NV92,E3|P46934,E3,P46934,Q9NV92,NEDD4,NDFIP2,1,4,1.0,0.96627975
E3|P46934|Q9NYA4,E3|P46934,E3,P46934,Q9NYA4,NEDD4,MTMR4,1,4,1.0,0.9692571
E3|P46934|Q9NZ52,E3|P46934,E3,P46934,Q9NZ52,NEDD4,GGA3,1,4,1.0,0.9655316
E3|P46934|Q9UBF6,E3|P46934,E3,P46934,Q9UBF6,NEDD4,RNF7,1,4,1.0,0.9176192
E3|P46934|Q9UHD2,E3|P46934,E3,P46934,Q9UHD2,NEDD4,TBK1,1,4,1.0,0.9372745
E3|P46934|Q9UIH9,E3|P46934,E3,P46934,Q9UIH9,NEDD4,KLF15,1,4,1.0,0.55576193
E3|P46934|Q9UJM3,E3|P46934,E3,P46934,Q9UJM3,NEDD4,ERRFI1,1,4,1.0,0.9661895
E3|P46934|Q9UKG1,E3|P46934,E3,P46934,Q9UKG1,NEDD4,APPL1,1,4,1.0,0.9699061
E3|P46934|Q9Y243,E3|P46934,E3,P46934,Q9Y243,NEDD4,AKT3,1,4,1.0,0.9626944
E3|P46934|Q9Y3C5,E3|P46934,E3,P46934,Q9Y3C5,NEDD4,RNF11,1,4,1.0,0.9703565
E3|P46934|Q9Y4G8,E3|P46934,E3,P46934,Q9Y4G8,NEDD4,RAPGEF2,1,4,1.0,0.96624273
E3|P46934|Q9Y4H2,E3|P46934,E3,P46934,Q9Y4H2,NEDD4,IRS2,1,4,1.0,0.9397041
E3|P46934|Q9Y5U5,E3|P46934,E3,P46934,Q9Y5U5,NEDD4,TNFRSF18,1,4,1.0,0.94967335
E3|P53804|P31749,E3|P53804,E3,P53804,P31749,TTC3,AKT1,1,4,1.0,0.96833515
E3|P53804|P31751,E3|P53804,E3,P53804,P31751,TTC3,AKT2,1,4,1.0,0.9664836
E3|P53804|Q9Y243,E3|P53804,E3,P53804,Q9Y243,TTC3,AKT3,1,4,1.0,0.9568609
E3|P54725|Q15672,E3|P54725,E3,P54725,Q15672,RAD23A,TWIST1,1,4,1.0,0.95852375
E3|P90495|P04439,E3|P90495,E3,P90495,P04439,K3,HLA-A,1,4,1.0,0.930746
E3|P90495|P15260,E3|P90495,E3,P90495,P15260,K3,IFNGR1,1,4,1.0,0.90552646
E3|P90495|P15813,E3|P90495,E3,P90495,P15813,K3,CD1D,1,4,1.0,0.8971753
E3|P98170|O14618,E3|P98170,E3,P98170,O14618,XIAP,CCS,1,4,1.0,0.95809025
E3|P98170|O15392,E3|P98170,E3,P98170,O15392,XIAP,BIRC5,1,4,1.0,0.9638098
E3|P98170|O43236,E3|P98170,E3,P98170,O43236,XIAP,SEPTIN4,1,4,1.0,0.88362414
E3|P98170|O43318,E3|P98170,E3,P98170,O43318,XIAP,MAP3K7,1,4,1.0,0.9337635
E3|P98170|O43353,E3|P98170,E3,P98170,O43353,XIAP,RIPK2,1,4,1.0,0.78132236
E3|P98170|O95831,E3|P98170,E3,P98170,O95831,XIAP,AIFM1,1,4,1.0,0.9568029
E3|P98170|P04049,E3|P98170,E3,P98170,P04049,XIAP,RAF1,1,4,1.0,0.966455
E3|P98170|P0DMV8,E3|P98170,E3,P98170,P0DMV8,XIAP,HSPA1A,1,4,1.0,0.9689961
E3|P98170|P37198,E3|P98170,E3,P98170,P37198,XIAP,NUP62,1,4,1.0,0.964467
E3|P98170|P42574,E3|P98170,E3,P98170,P42574,XIAP,CASP3,1,4,1.0,0.9693412
E3|P98170|P55008,E3|P98170,E3,P98170,P55008,XIAP,AIF1,1,4,1.0,0.96084726
E3|P98170|P55210,E3|P98170,E3,P98170,P55210,XIAP,CASP7,1,4,1.0,0.77293926
E3|P98170|P55211,E3|P98170,E3,P98170,P55211,XIAP,CASP9,1,4,1.0,0.9691029
E3|P98170|P57078,E3|P98170,E3,P98170,P57078,XIAP,RIPK4,1,4,1.0,0.9685657
E3|P98170|P60484,E3|P98170,E3,P98170,P60484,XIAP,PTEN,1,4,1.0,0.9691204
E3|P98170|P98170,E3|P98170,E3,P98170,P98170,XIAP,XIAP,1,4,1.0,0.9703077
E3|P98170|Q04724,E3|P98170,E3,P98170,Q04724,XIAP,TLE1,1,4,1.0,0.798932
E3|P98170|Q04725,E3|P98170,E3,P98170,Q04725,XIAP,TLE2,1,4,1.0,0.944426
E3|P98170|Q04726,E3|P98170,E3,P98170,Q04726,XIAP,TLE3,1,4,1.0,0.8210571
E3|P98170|Q04727,E3|P98170,E3,P98170,Q04727,XIAP,TLE4,1,4,1.0,0.84382313
E3|P98170|Q08117,E3|P98170,E3,P98170,Q08117,XIAP,TLE5,1,4,1.0,0.9613267
E3|P98170|Q14790,E3|P98170,E3,P98170,Q14790,XIAP,CASP8,1,4,1.0,0.9690382
E3|P98170|Q6GPH4,E3|P98170,E3,P98170,Q6GPH4,XIAP,XAF1,1,4,1.0,0.9022144
E3|P98170|Q8N668,E3|P98170,E3,P98170,Q8N668,XIAP,COMMD1,1,4,1.0,0.9372377
E3|P98170|Q96HS1,E3|P98170,E3,P98170,Q96HS1,XIAP,PGAM5,1,4,1.0,0.95958275
E3|P98170|Q99759,E3|P98170,E3,P98170,Q99759,XIAP,MAP3K3,1,4,1.0,0.96744287
E3|P98170|Q9NR28,E3|P98170,E3,P98170,Q9NR28,XIAP,DIABLO,1,4,1.0,0.92584515
E3|P98170|Q9Y2U5,E3|P98170,E3,P98170,Q9Y2U5,XIAP,MAP3K2,1,4,1.0,0.9681493
E3|Q12834|O60566,E3|Q12834,E3,Q12834,O60566,CDC20,BUB1B,1,4,1.0,0.9678647
E3|Q12834|O95997,E3|Q12834,E3,Q12834,O95997,CDC20,PTTG1,1,4,1.0,0.96603596
E3|Q12834|P13762,E3|Q12834,E3,Q12834,P13762,CDC20,HLA-DRB4,1,4,1.0,0.4658595
E3|Q12834|P14635,E3|Q12834,E3,Q12834,P14635,CDC20,CCNB1,1,4,1.0,0.9692597
E3|Q12834|P20248,E3|Q12834,E3,Q12834,P20248,CDC20,CCNA2,1,4,1.0,0.9509319
E3|Q12834|P23497,E3|Q12834,E3,Q12834,P23497,CDC20,SP100,1,4,1.0,0.92331606
E3|Q12834|P38936,E3|Q12834,E3,Q12834,P38936,CDC20,CDKN1A,1,4,1.0,0.95867854
E3|Q12834|P46527,E3|Q12834,E3,Q12834,P46527,CDC20,CDKN1B,1,4,1.0,0.95658165
E3|Q12834|P49454,E3|Q12834,E3,Q12834,P49454,CDC20,CENPF,1,4,1.0,0.9677499
E3|Q12834|P51955,E3|Q12834,E3,Q12834,P51955,CDC20,NEK2,1,4,1.0,0.96524286
E3|Q12834|Q01196,E3|Q12834,E3,Q12834,Q01196,CDC20,RUNX1,1,4,1.0,0.89821756
E3|Q12834|Q03164,E3|Q12834,E3,Q12834,Q03164,CDC20,KMT2A,1,4,1.0,0.92737246
E3|Q12834|Q07820,E3|Q12834,E3,Q12834,Q07820,CDC20,MCL1,1,4,1.0,0.83430165
E3|Q12834|Q15784,E3|Q12834,E3,Q12834,Q15784,CDC20,NEUROD2,1,4,1.0,0.9608428
E3|Q12834|Q9H492,E3|Q12834,E3,Q12834,Q9H492,CDC20,MAP1LC3A,1,4,1.0,0.9633623
E3|Q12834|Q9NS23,E3|Q12834,E3,Q12834,Q9NS23,CDC20,RASSF1,1,4,1.0,0.967195
E3|Q12834|Q9UBZ9,E3|Q12834,E3,Q12834,Q9UBZ9,CDC20,REV1,1,4,1.0,0.96171004
E3|Q12834|Q9UPP1,E3|Q12834,E3,Q12834,Q9UPP1,CDC20,PHF8,1,4,1.0,0.95414966
E3|Q12834|Q9Y2T1,E3|Q12834,E3,Q12834,Q9Y2T1,CDC20,AXIN2,1,4,1.0,0.9660044
E3|Q12834|Q9Y4A5,E3|Q12834,E3,Q12834,Q9Y4A5,CDC20,TRRAP,1,4,1.0,0.94719446
E3|Q13064|P11940,E3|Q13064,E3,Q13064,P11940,MKRN3,PABPC1,1,4,1.0,0.95320725
E3|Q13114|O43318,E3|Q13114,E3,Q13114,O43318,TRAF3,MAP3K7,1,4,1.0,0.962291
E3|Q13114|O75385,E3|Q13114,E3,Q13114,O75385,TRAF3,ULK1,1,4,1.0,0.964519
E3|Q13114|P63279,E3|Q13114,E3,Q13114,P63279,TRAF3,UBE2I,1,4,1.0,0.7340451
E3|Q13114|Q14164,E3|Q13114,E3,Q13114,Q14164,TRAF3,IKBKE,1,4,1.0,0.9603903
E3|Q13114|Q99558,E3|Q13114,E3,Q13114,Q99558,TRAF3,MAP3K14,1,4,1.0,0.9494025
E3|Q13114|Q9UHD2,E3|Q13114,E3,Q13114,Q9UHD2,TRAF3,TBK1,1,4,1.0,0.9499928
E3|Q13489|O43353,E3|Q13489,E3,Q13489,O43353,BIRC3,RIPK2,1,4,1.0,0.4993338
E3|Q13489|O95999,E3|Q13489,E3,Q13489,O95999,BIRC3,BCL10,1,4,1.0,0.9617926
E3|Q13489|P10914,E3|Q13489,E3,Q13489,P10914,BIRC3,IRF1,1,4,1.0,0.9515158
E3|Q13489|P42574,E3|Q13489,E3,Q13489,P42574,BIRC3,CASP3,1,4,1.0,0.9651138
E3|Q13489|P55210,E3|Q13489,E3,Q13489,P55210,BIRC3,CASP7,1,4,1.0,0.49474066
E3|Q13489|P57078,E3|Q13489,E3,Q13489,P57078,BIRC3,RIPK4,1,4,1.0,0.96363807
E3|Q13489|Q12933,E3|Q13489,E3,Q13489,Q12933,BIRC3,TRAF2,1,4,1.0,0.96542436
E3|Q13489|Q13077,E3|Q13489,E3,Q13489,Q13077,BIRC3,TRAF1,1,4,1.0,0.9664706
E3|Q13489|Q13114,E3|Q13489,E3,Q13489,Q13114,BIRC3,TRAF3,1,4,1.0,0.9010384
E3|Q13489|Q13489,E3|Q13489,E3,Q13489,Q13489,BIRC3,BIRC3,1,4,1.0,0.96916413
E3|Q13489|Q13546,E3|Q13489,E3,Q13489,Q13546,BIRC3,RIPK1,1,4,1.0,0.71544534
E3|Q13489|Q13601,E3|Q13489,E3,Q13489,Q13601,BIRC3,KRR1,1,4,1.0,0.9514262
E3|Q13489|Q14164,E3|Q13489,E3,Q13489,Q14164,BIRC3,IKBKE,1,4,1.0,0.95955616
E3|Q13489|Q14790,E3|Q13489,E3,Q13489,Q14790,BIRC3,CASP8,1,4,1.0,0.960932
E3|Q13489|Q86VP3,E3|Q13489,E3,Q13489,Q86VP3,BIRC3,PACS2,1,4,1.0,0.5501635
E3|Q13489|Q92844,E3|Q13489,E3,Q13489,Q92844,BIRC3,TANK,1,4,1.0,0.9596644
E3|Q13489|Q99558,E3|Q13489,E3,Q13489,Q99558,BIRC3,MAP3K14,1,4,1.0,0.9640013
E3|Q13489|Q9NR28,E3|Q13489,E3,Q13489,Q9NR28,BIRC3,DIABLO,1,4,1.0,0.85528886
E3|Q13489|Q9UDY8,E3|Q13489,E3,Q13489,Q9UDY8,BIRC3,MALT1,1,4,1.0,0.957993
E3|Q13489|Q9Y4K3,E3|Q13489,E3,Q13489,Q9Y4K3,BIRC3,TRAF6,1,4,1.0,0.962972
E3|Q13489|Q9Y572,E3|Q13489,E3,Q13489,Q9Y572,BIRC3,RIPK3,1,4,1.0,0.9598936
E3|Q13490|O43353,E3|Q13490,E3,Q13490,O43353,BIRC2,RIPK2,1,4,1.0,0.90859187
E3|Q13490|P42574,E3|Q13490,E3,Q13490,P42574,BIRC2,CASP3,1,4,1.0,0.9664152
E3|Q13490|P55060,E3|Q13490,E3,Q13490,P55060,BIRC2,CSE1L,1,4,1.0,0.9154644
E3|Q13490|P55210,E3|Q13490,E3,Q13490,P55210,BIRC2,CASP7,1,4,1.0,0.9046254
E3|Q13490|P57078,E3|Q13490,E3,Q13490,P57078,BIRC2,RIPK4,1,4,1.0,0.9653869
E3|Q13490|P63000,E3|Q13490,E3,Q13490,P63000,BIRC2,RAC1,1,4,1.0,0.94555795
E3|Q13490|Q05195,E3|Q13490,E3,Q13490,Q05195,BIRC2,MXD1,1,4,1.0,0.8888863
E3|Q13490|Q12933,E3|Q13490,E3,Q13490,Q12933,BIRC2,TRAF2,1,4,1.0,0.9666236
E3|Q13490|Q13077,E3|Q13490,E3,Q13490,Q13077,BIRC2,TRAF1,1,4,1.0,0.9639902
E3|Q13490|Q13114,E3|Q13490,E3,Q13490,Q13114,BIRC2,TRAF3,1,4,1.0,0.9651841
E3|Q13490|Q13490,E3|Q13490,E3,Q13490,Q13490,BIRC2,BIRC2,1,4,1.0,0.97051156
E3|Q13490|Q13546,E3|Q13490,E3,Q13490,Q13546,BIRC2,RIPK1,1,4,1.0,0.94498986
E3|Q13490|Q14164,E3|Q13490,E3,Q13490,Q14164,BIRC2,IKBKE,1,4,1.0,0.9689432
E3|Q13490|Q14790,E3|Q13490,E3,Q13490,Q14790,BIRC2,CASP8,1,4,1.0,0.968884
E3|Q13490|Q86VP3,E3|Q13490,E3,Q13490,Q86VP3,BIRC2,PACS2,1,4,1.0,0.90088046
E3|Q13490|Q8NBP7,E3|Q13490,E3,Q13490,Q8NBP7,BIRC2,PCSK9,1,4,1.0,0.8546553
E3|Q13490|Q92844,E3|Q13490,E3,Q13490,Q92844,BIRC2,TANK,1,4,1.0,0.96904534
E3|Q13490|Q96HS1,E3|Q13490,E3,Q13490,Q96HS1,BIRC2,PGAM5,1,4,1.0,0.95844185
E3|Q13490|Q99558,E3|Q13490,E3,Q13490,Q99558,BIRC2,MAP3K14,1,4,1.0,0.96683514
E3|Q13490|Q99683,E3|Q13490,E3,Q13490,Q99683,BIRC2,MAP3K5,1,4,1.0,0.96025014
E3|Q13490|Q9NR28,E3|Q13490,E3,Q13490,Q9NR28,BIRC2,DIABLO,1,4,1.0,0.9500558
E3|Q13490|Q9Y4K3,E3|Q13490,E3,Q13490,Q9Y4K3,BIRC2,TRAF6,1,4,1.0,0.96831113
E3|Q13490|Q9Y572,E3|Q13490,E3,Q13490,Q9Y572,BIRC2,RIPK3,1,4,1.0,0.96755457
E3|Q13490|Q9Y6D9,E3|Q13490,E3,Q13490,Q9Y6D9,BIRC2,MAD1L1,1,4,1.0,0.9580985
E3|Q13490|Q9Y6K9,E3|Q13490,E3,Q13490,Q9Y6K9,BIRC2,IKBKG,1,4,1.0,0.9670331
E3|Q15386|O15169,E3|Q15386,E3,Q15386,O15169,UBE3C,AXIN1,1,4,1.0,0.79755783
E3|Q15386|O75155,E3|Q15386,E3,Q15386,O75155,UBE3C,CAND2,1,4,1.0,0.96757734
E3|Q15386|Q09666,E3|Q15386,E3,Q15386,Q09666,UBE3C,AHNAK,1,4,1.0,0.9669641
E3|Q15386|Q15386,E3|Q15386,E3,Q15386,Q15386,UBE3C,UBE3C,1,4,1.0,0.96963286
E3|Q15386|Q8NEB9,E3|Q15386,E3,Q15386,Q8NEB9,UBE3C,PIK3C3,1,4,1.0,0.7464795
E3|Q2Q1W2|Q6ZN17,E3|Q2Q1W2,E3,Q2Q1W2,Q6ZN17,TRIM71,LIN28B,1,4,1.0,0.96352816
E3|Q5TA31|P46937,E3|Q5TA31,E3,Q5TA31,P46937,RNF187,YAP1,1,4,1.0,0.96024543
E3|Q5U5R9|O75925,E3|Q5U5R9,E3,Q5U5R9,O75925,HECTD2,PIAS1,1,4,1.0,0.9501052
E3|Q5VTB9|O75182,E3|Q5VTB9,E3,Q5VTB9,O75182,RNF220,SIN3B,1,4,1.0,0.9522891
E3|Q5VTB9|Q5VTB9,E3|Q5VTB9,E3,Q5VTB9,Q5VTB9,RNF220,RNF220,1,4,1.0,0.96862566
E3|Q5VTB9|Q96ST3,E3|Q5VTB9,E3,Q5VTB9,Q96ST3,RNF220,SIN3A,1,4,1.0,0.9477458
E3|Q66K89|P04637,E3|Q66K89,E3,Q66K89,P04637,E4F1,TP53,1,4,1.0,0.9609325
E3|Q693B1|Q13547,E3|Q693B1,E3,Q693B1,Q13547,KCTD11,HDAC1,1,4,1.0,0.957884
E3|Q6PCT2|P43699,E3|Q6PCT2,E3,Q6PCT2,P43699,FBXL19,NKX2-1,1,4,1.0,0.94970065
E3|Q6PCT2|P60953,E3|Q6PCT2,E3,Q6PCT2,P60953,FBXL19,CDC42,1,4,1.0,0.7824696
E3|Q6PCT2|P61586,E3|Q6PCT2,E3,Q6PCT2,P61586,FBXL19,RHOA,1,4,1.0,0.7327194
E3|Q6PCT2|P63000,E3|Q6PCT2,E3,Q6PCT2,P63000,FBXL19,RAC1,1,4,1.0,0.48518193
E3|Q6PCT2|Q01638,E3|Q6PCT2,E3,Q6PCT2,Q01638,FBXL19,IL1RL1,1,4,1.0,0.1991507
E3|Q6UWE0|P00519,E3|Q6UWE0,E3,Q6UWE0,P00519,LRSAM1,ABL1,1,4,1.0,0.96192616
E3|Q6UWE0|Q05086,E3|Q6UWE0,E3,Q6UWE0,Q05086,LRSAM1,UBE3A,1,4,1.0,0.96577626
E3|Q6UWE0|Q99816,E3|Q6UWE0,E3,Q6UWE0,Q99816,LRSAM1,TSG101,1,4,1.0,0.9615751
E3|Q6X9E4|Q8N6P7,E3|Q6X9E4,E3,Q6X9E4,Q8N6P7,FBXW12,IL22RA1,1,4,1.0,0.33552006
E3|Q6ZN04|O95149,E3|Q6ZN04,E3,Q6ZN04,O95149,MEX3B,SNUPN,1,4,1.0,0.95709395
E3|Q7Z6E9|P62993,E3|Q7Z6E9,E3,Q7Z6E9,P62993,RBBP6,GRB2,1,4,1.0,0.93764836
E3|Q7Z6E9|P67809,E3|Q7Z6E9,E3,Q7Z6E9,P67809,RBBP6,YBX1,1,4,1.0,0.95485026
E3|Q7Z6E9|Q8NAP3,E3|Q7Z6E9,E3,Q7Z6E9,Q8NAP3,RBBP6,ZBTB38,1,4,1.0,0.9374203
E3|Q86T96|O95388,E3|Q86T96,E3,Q86T96,O95388,RNF180,CCN4,1,4,1.0,0.93774813
E3|Q86T96|O95409,E3|Q86T96,E3,Q86T96,O95409,RNF180,ZIC2,1,4,1.0,0.3219659
E3|Q86T96|P08134,E3|Q86T96,E3,Q86T96,P08134,RNF180,RHOC,1,4,1.0,0.9547488
E3|Q86T96|Q9NYY3,E3|Q86T96,E3,Q86T96,Q9NYY3,RNF180,PLK2,1,4,1.0,0.7165225
E3|Q86TM6|O00141,E3|Q86TM6,E3,Q86TM6,O00141,SYVN1,SGK1,1,4,1.0,0.9651479
E3|Q86TM6|O00327,E3|Q86TM6,E3,Q86TM6,O00327,SYVN1,ARNTL,1,4,1.0,0.6663578
E3|Q86TM6|O15354,E3|Q86TM6,E3,Q86TM6,O15354,SYVN1,GPR37,1,4,1.0,0.95656085
E3|Q86TM6|O75460,E3|Q86TM6,E3,Q86TM6,O75460,SYVN1,ERN1,1,4,1.0,0.96192056
E3|Q86TM6|P01009,E3|Q86TM6,E3,Q86TM6,P01009,SYVN1,SERPINA1,1,4,1.0,0.9608952
E3|Q86TM6|P01848,E3|Q86TM6,E3,Q86TM6,P01848,SYVN1,TRAC,1,4,1.0,0.94029725
E3|Q86TM6|P04035,E3|Q86TM6,E3,Q86TM6,P04035,SYVN1,HMGCR,1,4,1.0,0.958356
E3|Q86TM6|P04234,E3|Q86TM6,E3,Q86TM6,P04234,SYVN1,CD3D,1,4,1.0,0.94514406
E3|Q86TM6|P04637,E3|Q86TM6,E3,Q86TM6,P04637,SYVN1,TP53,1,4,1.0,0.9188185
E3|Q86TM6|P05067,E3|Q86TM6,E3,Q86TM6,P05067,SYVN1,APP,1,4,1.0,0.9684086
E3|Q86TM6|P10636,E3|Q86TM6,E3,Q86TM6,P10636,SYVN1,MAPT,1,4,1.0,0.96516854
E3|Q86TM6|P10909,E3|Q86TM6,E3,Q86TM6,P10909,SYVN1,CLU,1,4,1.0,0.96606445
E3|Q86TM6|P22304,E3|Q86TM6,E3,Q86TM6,P22304,SYVN1,IDS,1,4,1.0,0.9644295
E3|Q86TM6|P31645,E3|Q86TM6,E3,Q86TM6,P31645,SYVN1,SLC6A4,1,4,1.0,0.95219594
E3|Q86TM6|P42858,E3|Q86TM6,E3,Q86TM6,P42858,SYVN1,HTT,1,4,1.0,0.96575546
E3|Q86TM6|P78380,E3|Q86TM6,E3,Q86TM6,P78380,SYVN1,OLR1,1,4,1.0,0.943222
E3|Q86TM6|Q5T5C0,E3|Q86TM6,E3,Q86TM6,Q5T5C0,SYVN1,STXBP5,1,4,1.0,0.955009
E3|Q86TM6|Q86TM6,E3|Q86TM6,E3,Q86TM6,Q86TM6,SYVN1,SYVN1,1,4,1.0,0.9694486
E3|Q86TM6|Q8WXF7,E3|Q86TM6,E3,Q86TM6,Q8WXF7,SYVN1,ATL1,1,4,1.0,0.9614302
E3|Q86TM6|Q92542,E3|Q86TM6,E3,Q86TM6,Q92542,SYVN1,NCSTN,1,4,1.0,0.96697026
E3|Q86TM6|Q96AJ1,E3|Q86TM6,E3,Q86TM6,Q96AJ1,SYVN1,CLUAP1,1,4,1.0,0.9348785
E3|Q86TM6|Q96M98,E3|Q86TM6,E3,Q86TM6,Q96M98,SYVN1,PACRG,1,4,1.0,0.9097562
E3|Q86TM6|Q9UKV5,E3|Q86TM6,E3,Q86TM6,Q9UKV5,SYVN1,AMFR,1,4,1.0,0.9685888
E3|Q8IUQ4|O00472,E3|Q8IUQ4,E3,Q8IUQ4,O00472,SIAH1,ELL2,1,4,1.0,0.96817744
E3|Q8IUQ4|O75525,E3|Q8IUQ4,E3,Q8IUQ4,O75525,SIAH1,KHDRBS3,1,4,1.0,0.9565279
E3|Q8IUQ4|P08247,E3|Q8IUQ4,E3,Q8IUQ4,P08247,SIAH1,SYP,1,4,1.0,0.8583789
E3|Q8IUQ4|P10242,E3|Q8IUQ4,E3,Q8IUQ4,P10242,SIAH1,MYB,1,4,1.0,0.9100053
E3|Q8IUQ4|P29590,E3|Q8IUQ4,E3,Q8IUQ4,P29590,SIAH1,PML,1,4,1.0,0.9626424
E3|Q8IUQ4|P35222,E3|Q8IUQ4,E3,Q8IUQ4,P35222,SIAH1,CTNNB1,1,4,1.0,0.96335506
E3|Q8IUQ4|P36888,E3|Q8IUQ4,E3,Q8IUQ4,P36888,SIAH1,FLT3,1,4,1.0,0.6255012
E3|Q8IUQ4|P37275,E3|Q8IUQ4,E3,Q8IUQ4,P37275,SIAH1,ZEB1,1,4,1.0,0.95094657
E3|Q8IUQ4|P37840,E3|Q8IUQ4,E3,Q8IUQ4,P37840,SIAH1,SNCA,1,4,1.0,0.95539445
E3|Q8IUQ4|P40305,E3|Q8IUQ4,E3,Q8IUQ4,P40305,SIAH1,IFI27,1,4,1.0,0.6342883
E3|Q8IUQ4|P41594,E3|Q8IUQ4,E3,Q8IUQ4,P41594,SIAH1,GRM5,1,4,1.0,0.49141502
E3|Q8IUQ4|P43146,E3|Q8IUQ4,E3,Q8IUQ4,P43146,SIAH1,DCC,1,4,1.0,0.9644546
E3|Q8IUQ4|P49675,E3|Q8IUQ4,E3,Q8IUQ4,P49675,SIAH1,STAR,1,4,1.0,0.71587074
E3|Q8IUQ4|P49757,E3|Q8IUQ4,E3,Q8IUQ4,P49757,SIAH1,NUMB,1,4,1.0,0.7493318
E3|Q8IUQ4|P51825,E3|Q8IUQ4,E3,Q8IUQ4,P51825,SIAH1,AFF1,1,4,1.0,0.9424973
E3|Q8IUQ4|P55199,E3|Q8IUQ4,E3,Q8IUQ4,P55199,SIAH1,ELL,1,4,1.0,0.9222797
E3|Q8IUQ4|P60903,E3|Q8IUQ4,E3,Q8IUQ4,P60903,SIAH1,S100A10,1,4,1.0,0.9656975
E3|Q8IUQ4|P98161,E3|Q8IUQ4,E3,Q8IUQ4,P98161,SIAH1,PKD1,1,4,1.0,0.5315404
E3|Q8IUQ4|P98170,E3|Q8IUQ4,E3,Q8IUQ4,P98170,SIAH1,XIAP,1,4,1.0,0.9674517
E3|Q8IUQ4|Q07912,E3|Q8IUQ4,E3,Q8IUQ4,Q07912,SIAH1,TNK2,1,4,1.0,0.7260208
E3|Q8IUQ4|Q13118,E3|Q8IUQ4,E3,Q8IUQ4,Q13118,SIAH1,KLF10,1,4,1.0,0.948715
E3|Q8IUQ4|Q14807,E3|Q8IUQ4,E3,Q8IUQ4,Q14807,SIAH1,KIF22,1,4,1.0,0.9621845
E3|Q8IUQ4|Q15554,E3|Q8IUQ4,E3,Q8IUQ4,Q15554,SIAH1,TERF2,1,4,1.0,0.95033133
E3|Q8IUQ4|Q16633,E3|Q8IUQ4,E3,Q8IUQ4,Q16633,SIAH1,POU2AF1,1,4,1.0,0.96265996
E3|Q8IUQ4|Q16665,E3|Q8IUQ4,E3,Q8IUQ4,Q16665,SIAH1,HIF1A,1,4,1.0,0.9642349
E3|Q8IUQ4|Q6IE81,E3|Q8IUQ4,E3,Q8IUQ4,Q6IE81,SIAH1,JADE1,1,4,1.0,0.9582019
E3|Q8IUQ4|Q96KS0,E3|Q8IUQ4,E3,Q8IUQ4,Q96KS0,SIAH1,EGLN2,1,4,1.0,0.9583448
E3|Q8IUQ4|Q96RU7,E3|Q8IUQ4,E3,Q8IUQ4,Q96RU7,SIAH1,TRIB3,1,4,1.0,0.965381
E3|Q8IUQ4|Q99708,E3|Q8IUQ4,E3,Q8IUQ4,Q99708,SIAH1,RBBP8,1,4,1.0,0.95202494
E3|Q8IUQ4|Q99933,E3|Q8IUQ4,E3,Q8IUQ4,Q99933,SIAH1,BAG1,1,4,1.0,0.9631886
E3|Q8IUQ4|Q9GZT9,E3|Q8IUQ4,E3,Q8IUQ4,Q9GZT9,SIAH1,EGLN1,1,4,1.0,0.9685726
E3|Q8IUQ4|Q9H2X6,E3|Q8IUQ4,E3,Q8IUQ4,Q9H2X6,SIAH1,HIPK2,1,4,1.0,0.9408579
E3|Q8IUQ4|Q9H6Z9,E3|Q8IUQ4,E3,Q8IUQ4,Q9H6Z9,SIAH1,EGLN3,1,4,1.0,0.9666178
E3|Q8IUQ4|Q9HB71,E3|Q8IUQ4,E3,Q8IUQ4,Q9HB71,SIAH1,CACYBP,1,4,1.0,0.9637952
E3|Q8IUQ4|Q9NWT6,E3|Q8IUQ4,E3,Q8IUQ4,Q9NWT6,SIAH1,HIF1AN,1,4,1.0,0.967699
E3|Q8IUQ4|Q9P212,E3|Q8IUQ4,E3,Q8IUQ4,Q9P212,SIAH1,PLCE1,1,4,1.0,0.55345607
E3|Q8IUQ4|Q9UPY8,E3|Q8IUQ4,E3,Q8IUQ4,Q9UPY8,SIAH1,MAPRE3,1,4,1.0,0.9594442
E3|Q8IUQ4|Q9Y243,E3|Q8IUQ4,E3,Q8IUQ4,Q9Y243,SIAH1,AKT3,1,4,1.0,0.96085596
E3|Q8IUQ4|Q9Y6H5,E3|Q8IUQ4,E3,Q8IUQ4,Q9Y6H5,SIAH1,SNCAIP,1,4,1.0,0.9681998
E3|Q8IX12|P04637,E3|Q8IX12,E3,Q8IX12,P04637,CCAR1,TP53,1,4,1.0,0.9486141
E3|Q8N531|P04637,E3|Q8N531,E3,Q8N531,P04637,FBXL6,TP53,1,4,1.0,0.9646163
E3|Q8N5Z5|Q9BT92,E3|Q8N5Z5,E3,Q8N5Z5,Q9BT92,KCTD17,TCHP,1,4,1.0,0.9030168
E3|Q8N8N0|O95859,E3|Q8N8N0,E3,Q8N8N0,O95859,RNF152,TSPAN12,1,4,1.0,0.9617506
E3|Q8N8N0|Q15382,E3|Q8N8N0,E3,Q8N8N0,Q15382,RNF152,RHEB,1,4,1.0,0.96702856
E3|Q8N8N0|Q7L523,E3|Q8N8N0,E3,Q8N8N0,Q7L523,RNF152,RRAGA,1,4,1.0,0.96449417
E3|Q8NFZ0|P30153,E3|Q8NFZ0,E3,Q8NFZ0,P30153,FBXO18,RAD51,1,4,1.0,0.47893763
E3|Q8NFZ0|P84077,E3|Q8NFZ0,E3,Q8NFZ0,P84077,FBH1,ARF1,1,4,1.0,0.897248
E3|Q8NFZ0|Q06609,E3|Q8NFZ0,E3,Q8NFZ0,Q06609,FBH1,RAD51,1,4,1.0,0.96522605
E3|Q8NFZ0|Q8NFZ0,E3|Q8NFZ0,E3,Q8NFZ0,Q8NFZ0,FBXO18,FBXO18,1,4,1.0,0.9697593
E3|Q8TB52|P13631,E3|Q8TB52,E3,Q8TB52,P13631,FBXO30,RARG,1,4,1.0,0.94331574
E3|Q8TDB6|P06899,E3|Q8TDB6,E3,Q8TDB6,P06899,DTX3L,H2BC11,1,4,1.0,0.5603933
E3|Q8TDB6|P62805,E3|Q8TDB6,E3,Q8TDB6,P62805,DTX3L,H4C1,1,4,1.0,0.9618815
E3|Q8TDB6|Q13501,E3|Q8TDB6,E3,Q8TDB6,Q13501,DTX3L,HIST1H2BJ,1,4,1.0,0.9610487
E3|Q8TDB6|Q8TDB6,E3|Q8TDB6,E3,Q8TDB6,Q8TDB6,DTX3L,DTX3L,1,4,1.0,0.96978754
E3|Q8TEB1|P03427,E3|Q8TEB1,E3,Q8TEB1,P03427,DCAF11,PB2,1,4,1.0,0.8117386
E3|Q8TEB1|Q13263,E3|Q8TEB1,E3,Q8TEB1,Q13263,DCAF11,TRIM28,1,4,1.0,0.96181256
E3|Q8TEB1|Q16236,E3|Q8TEB1,E3,Q8TEB1,Q16236,DCAF11,NFE2L2,1,4,1.0,0.9486774
E3|Q8TEB1|Q17RS7,E3|Q8TEB1,E3,Q8TEB1,Q17RS7,DCAF11,GEN1,1,4,1.0,0.96600217
E3|Q8WV16|Q96CV9,E3|Q8WV16,E3,Q8WV16,Q96CV9,DCAF4,OPTN,1,4,1.0,0.43862617
E3|Q8WV16|Q9NRC1,E3|Q8WV16,E3,Q8WV16,Q9NRC1,DCAF4,ST7,1,4,1.0,0.9377067
E3|Q8WZ73|P04637,E3|Q8WZ73,E3,Q8WZ73,P04637,RFFL,TP53,1,4,1.0,0.7238916
E3|Q8WZ73|P13569,E3|Q8WZ73,E3,Q8WZ73,P13569,RFFL,CFTR,1,4,1.0,0.96560264
E3|Q8WZ73|P31947,E3|Q8WZ73,E3,Q8WZ73,P31947,RFFL,SFN,1,4,1.0,0.91401243
E3|Q8WZ73|Q13546,E3|Q8WZ73,E3,Q8WZ73,Q13546,RFFL,RIPK1,1,4,1.0,0.9684743
E3|Q8WZ73|Q14790,E3|Q8WZ73,E3,Q8WZ73,Q14790,RFFL,CASP8,1,4,1.0,0.8474117
E3|Q8WZ73|Q6MZQ0,E3|Q8WZ73,E3,Q8WZ73,Q6MZQ0,RFFL,PRR5L,1,4,1.0,0.9311024
E3|Q8WZ73|Q8WZ73,E3|Q8WZ73,E3,Q8WZ73,Q8WZ73,RFFL,RFFL,1,4,1.0,0.9679335
E3|Q8WZ73|Q92851,E3|Q8WZ73,E3,Q8WZ73,Q92851,RFFL,CASP10,1,4,1.0,0.91724366
E3|Q92466|P0C0S8,E3|Q92466,E3,Q92466,P0C0S8,DDB2,H2AC11,1,4,1.0,0.95977676
E3|Q92466|Q01831,E3|Q92466,E3,Q92466,Q01831,DDB2,XPC,1,4,1.0,0.96046907
E3|Q92466|Q92466,E3|Q92466,E3,Q92466,Q92466,DDB2,DDB2,1,4,1.0,0.96766514
E3|Q92466|Q96QV6,E3|Q92466,E3,Q92466,Q96QV6,DDB2,HIST1H2AA,1,4,1.0,0.94902235
E3|Q92466|Q9NZJ0,E3|Q92466,E3,Q92466,Q9NZJ0,DDB2,DTL,1,4,1.0,0.9471915
E3|Q969H0|O14965,E3|Q969H0,E3,Q969H0,O14965,FBXW7,AURKA,1,4,1.0,0.9179595
E3|Q969H0|O60315,E3|Q969H0,E3,Q969H0,O60315,FBXW7,ZEB2,1,4,1.0,0.9455431
E3|Q969H0|O95863,E3|Q969H0,E3,Q969H0,O95863,FBXW7,SNAI1,1,4,1.0,0.96689075
E3|Q969H0|O96020,E3|Q969H0,E3,Q969H0,O96020,FBXW7,CCNE2,1,4,1.0,0.961139
E3|Q969H0|P01106,E3|Q969H0,E3,Q969H0,P01106,FBXW7,MYC,1,4,1.0,0.96654785
E3|Q969H0|P02765,E3|Q969H0,E3,Q969H0,P02765,FBXW7,AHSG,1,4,1.0,0.36874825
E3|Q969H0|P04150,E3|Q969H0,E3,Q969H0,P04150,FBXW7,NR3C1,1,4,1.0,0.95179576
E3|Q969H0|P04198,E3|Q969H0,E3,Q969H0,P04198,FBXW7,MYCN,1,4,1.0,0.96017104
E3|Q969H0|P04637,E3|Q969H0,E3,Q969H0,P04637,FBXW7,TP53,1,4,1.0,0.95941603
E3|Q969H0|P05412,E3|Q969H0,E3,Q969H0,P05412,FBXW7,JUN,1,4,1.0,0.9612769
E3|Q969H0|P06733,E3|Q969H0,E3,Q969H0,P06733,FBXW7,ENO1,1,4,1.0,0.8812441
E3|Q969H0|P10242,E3|Q969H0,E3,Q969H0,P10242,FBXW7,MYB,1,4,1.0,0.9509764
E3|Q969H0|P11388,E3|Q969H0,E3,Q969H0,P11388,FBXW7,TOP2A,1,4,1.0,0.96326965
E3|Q969H0|P15056,E3|Q969H0,E3,Q969H0,P15056,FBXW7,BRAF,1,4,1.0,0.45817515
E3|Q969H0|P17275,E3|Q969H0,E3,Q969H0,P17275,FBXW7,JUNB,1,4,1.0,0.95025706
E3|Q969H0|P17861,E3|Q969H0,E3,Q969H0,P17861,FBXW7,XBP1,1,4,1.0,0.39598987
E3|Q969H0|P17947,E3|Q969H0,E3,Q969H0,P17947,FBXW7,SPI1,1,4,1.0,0.940661
E3|Q969H0|P21359,E3|Q969H0,E3,Q969H0,P21359,FBXW7,NF1,1,4,1.0,0.39297995
E3|Q969H0|P24864,E3|Q969H0,E3,Q969H0,P24864,FBXW7,CCNE1,1,4,1.0,0.9667644
E3|Q969H0|P35659,E3|Q969H0,E3,Q969H0,P35659,FBXW7,DEK,1,4,1.0,0.9598893
E3|Q969H0|P36956,E3|Q969H0,E3,Q969H0,P36956,FBXW7,SREBF1,1,4,1.0,0.59665936
E3|Q969H0|P42345,E3|Q969H0,E3,Q969H0,P42345,FBXW7,MTOR,1,4,1.0,0.49613553
E3|Q969H0|P46531,E3|Q969H0,E3,Q969H0,P46531,FBXW7,NOTCH1,1,4,1.0,0.6748731
E3|Q969H0|P48436,E3|Q969H0,E3,Q969H0,P48436,FBXW7,SOX9,1,4,1.0,0.9458694
E3|Q969H0|P49715,E3|Q969H0,E3,Q969H0,P49715,FBXW7,CEBPA,1,4,1.0,0.95476955
E3|Q969H0|P49716,E3|Q969H0,E3,Q969H0,P49716,FBXW7,CEBPD,1,4,1.0,0.95804256
E3|Q969H0|P49768,E3|Q969H0,E3,Q969H0,P49768,FBXW7,PSEN1,1,4,1.0,0.32159886
E3|Q969H0|P52630,E3|Q969H0,E3,Q969H0,P52630,FBXW7,STAT2,1,4,1.0,0.96652305
E3|Q969H0|P53805,E3|Q969H0,E3,Q969H0,P53805,FBXW7,RCAN1,1,4,1.0,0.96464944
E3|Q969H0|Q00613,E3|Q969H0,E3,Q969H0,Q00613,FBXW7,HSF1,1,4,1.0,0.9594258
E3|Q969H0|Q00653,E3|Q969H0,E3,Q969H0,Q00653,FBXW7,NFKB2,1,4,1.0,0.96391976
E3|Q969H0|Q06124,E3|Q969H0,E3,Q969H0,Q06124,FBXW7,PTPN11,1,4,1.0,0.9287699
E3|Q969H0|Q07820,E3|Q969H0,E3,Q969H0,Q07820,FBXW7,MCL1,1,4,1.0,0.7348011
E3|Q969H0|Q12772,E3|Q969H0,E3,Q969H0,Q12772,FBXW7,SREBF2,1,4,1.0,0.48107925
E3|Q969H0|Q13118,E3|Q969H0,E3,Q969H0,Q13118,FBXW7,KLF10,1,4,1.0,0.9635722
E3|Q969H0|Q13490,E3|Q969H0,E3,Q969H0,Q13490,FBXW7,BIRC2,1,4,1.0,0.9129299
E3|Q969H0|Q13887,E3|Q969H0,E3,Q969H0,Q13887,FBXW7,KLF5,1,4,1.0,0.95119673
E3|Q969H0|Q13950,E3|Q969H0,E3,Q969H0,Q13950,FBXW7,RUNX2,1,4,1.0,0.95596856
E3|Q969H0|Q14494,E3|Q969H0,E3,Q969H0,Q14494,FBXW7,NFE2L1,1,4,1.0,0.431995
E3|Q969H0|Q15233,E3|Q969H0,E3,Q969H0,Q15233,FBXW7,NONO,1,4,1.0,0.9612189
E3|Q969H0|Q15583,E3|Q969H0,E3,Q969H0,Q15583,FBXW7,TGIF1,1,4,1.0,0.9597539
E3|Q969H0|Q16204,E3|Q969H0,E3,Q969H0,Q16204,FBXW7,CCDC6,1,4,1.0,0.94707435
E3|Q969H0|Q16656,E3|Q969H0,E3,Q969H0,Q16656,FBXW7,NRF1,1,4,1.0,0.9608682
E3|Q969H0|Q16665,E3|Q969H0,E3,Q969H0,Q16665,FBXW7,HIF1A,1,4,1.0,0.9674732
E3|Q969H0|Q49AN0,E3|Q969H0,E3,Q969H0,Q49AN0,FBXW7,CRY2,1,4,1.0,0.9668441
E3|Q969H0|Q70SY1,E3|Q969H0,E3,Q969H0,Q70SY1,FBXW7,CREB3L2,1,4,1.0,0.2943735
E3|Q969H0|Q71F56,E3|Q969H0,E3,Q969H0,Q71F56,FBXW7,MED13L,1,4,1.0,0.9529622
E3|Q969H0|Q8WUI4,E3|Q969H0,E3,Q969H0,Q8WUI4,FBXW7,HDAC7,1,4,1.0,0.9645345
E3|Q969H0|Q96BA8,E3|Q969H0,E3,Q969H0,Q96BA8,FBXW7,CREB3L1,1,4,1.0,0.3111822
E3|Q969H0|Q96GD4,E3|Q969H0,E3,Q969H0,Q96GD4,FBXW7,AURKB,1,4,1.0,0.9577563
E3|Q969H0|Q99062,E3|Q969H0,E3,Q969H0,Q99062,FBXW7,CSF3R,1,4,1.0,0.23343565
E3|Q969H0|Q99848,E3|Q969H0,E3,Q969H0,Q99848,FBXW7,EBNA1BP2,1,4,1.0,0.957707
E3|Q969H0|Q9H0K1,E3|Q969H0,E3,Q969H0,Q9H0K1,FBXW7,SIK2,1,4,1.0,0.50552416
E3|Q969H0|Q9H1I8,E3|Q969H0,E3,Q969H0,Q9H1I8,FBXW7,ASCC2,1,4,1.0,0.9646034
E3|Q969H0|Q9H3D4,E3|Q969H0,E3,Q969H0,Q9H3D4,FBXW7,TP63,1,4,1.0,0.9653925
E3|Q969H0|Q9NRI5,E3|Q969H0,E3,Q969H0,Q9NRI5,FBXW7,DISC1,1,4,1.0,0.9169179
E3|Q969H0|Q9UBK2,E3|Q969H0,E3,Q969H0,Q9UBK2,FBXW7,PPARGC1A,1,4,1.0,0.9621573
E3|Q969H0|Q9UHV7,E3|Q969H0,E3,Q969H0,Q9UHV7,FBXW7,MED13,1,4,1.0,0.96316195
E3|Q969H0|Q9UQ13,E3|Q969H0,E3,Q969H0,Q9UQ13,FBXW7,SHOC2,1,4,1.0,0.9595601
E3|Q969H0|Q9Y2Y9,E3|Q969H0,E3,Q969H0,Q9Y2Y9,FBXW7,KLF13,1,4,1.0,0.96133476
E3|Q969H0|Q9Y5W3,E3|Q969H0,E3,Q969H0,Q9Y5W3,FBXW7,KLF2,1,4,1.0,0.9659722
E3|Q969H0|Q9Y6Q9,E3|Q969H0,E3,Q969H0,Q9Y6Q9,FBXW7,NCOA3,1,4,1.0,0.94971603
E3|Q96AX9|O00548,E3|Q96AX9,E3,Q96AX9,O00548,MIB2,DLL1,1,4,1.0,0.9658471
E3|Q96AX9|P47989,E3|Q96AX9,E3,Q96AX9,P47989,MIB2,XDH,1,4,1.0,0.8824729
E3|Q96AX9|Q9NQC7,E3|Q96AX9,E3,Q96AX9,Q9NQC7,MIB2,CYLD,1,4,1.0,0.96521175
E3|Q96AX9|Q9NR61,E3|Q96AX9,E3,Q96AX9,Q9NR61,MIB2,DLL4,1,4,1.0,0.9625704
E3|Q96AX9|Q9NYJ7,E3|Q96AX9,E3,Q96AX9,Q9NYJ7,MIB2,DLL3,1,4,1.0,0.95322406
E3|Q96AX9|Q9UHD2,E3|Q96AX9,E3,Q96AX9,Q9UHD2,MIB2,TBK1,1,4,1.0,0.92550564
E3|Q96AX9|Q9Y6K9,E3|Q96AX9,E3,Q96AX9,Q9Y6K9,MIB2,IKBKG,1,4,1.0,0.9350344
E3|Q96CA5|Q9NR28,E3|Q96CA5,E3,Q96CA5,Q9NR28,BIRC7,DIABLO,1,4,1.0,0.88116705
E3|Q96DX5|P12277,E3|Q96DX5,E3,Q96DX5,P12277,ASB9,CKB,1,4,1.0,0.95306516
E3|Q96DX5|P12532,E3|Q96DX5,E3,Q96DX5,P12532,ASB9,CKMT1A,1,4,1.0,0.96677244
E3|Q96EP0|O95786,E3|Q96EP0,E3,Q96EP0,O95786,RNF31,DDX58,1,4,1.0,0.9685941
E3|Q96EP0|P05771,E3|Q96EP0,E3,Q96EP0,P05771,RNF31,PRKCB,1,4,1.0,0.9689849
E3|Q96EP0|P17252,E3|Q96EP0,E3,Q96EP0,P17252,RNF31,PRKCA,1,4,1.0,0.9080066
E3|Q96EP0|P29466,E3|Q96EP0,E3,Q96EP0,P29466,RNF31,CASP1,1,4,1.0,0.7409543
E3|Q96EP0|P51843,E3|Q96EP0,E3,Q96EP0,P51843,RNF31,NR0B1,1,4,1.0,0.9405582
E3|Q96EP0|Q13077,E3|Q96EP0,E3,Q96EP0,Q13077,RNF31,TRAF1,1,4,1.0,0.9694706
E3|Q96EP0|Q13546,E3|Q96EP0,E3,Q96EP0,Q13546,RNF31,RIPK1,1,4,1.0,0.86435336
E3|Q96EP0|Q14258,E3|Q96EP0,E3,Q96EP0,Q14258,RNF31,TRIM25,1,4,1.0,0.96325916
E3|Q96EP0|Q9Y6K9,E3|Q96EP0,E3,Q96EP0,Q9Y6K9,RNF31,IKBKG,1,4,1.0,0.9692593
E3|Q96FA3|O15151,E3|Q96FA3,E3,Q96FA3,O15151,PELI1,MDM4,1,4,1.0,0.9606295
E3|Q96FA3|P41182,E3|Q96FA3,E3,Q96FA3,P41182,PELI1,BCL6,1,4,1.0,0.92458797
E3|Q96FA3|P51617,E3|Q96FA3,E3,Q96FA3,P51617,PELI1,IRAK1,1,4,1.0,0.9677737
E3|Q96FA3|Q13114,E3|Q96FA3,E3,Q96FA3,Q13114,PELI1,TRAF3,1,4,1.0,0.9498245
E3|Q96FA3|Q13546,E3|Q96FA3,E3,Q96FA3,Q13546,PELI1,RIPK1,1,4,1.0,0.8611681
E3|Q96FA3|Q15311,E3|Q96FA3,E3,Q96FA3,Q15311,PELI1,RALBP1,1,4,1.0,0.93725944
E3|Q96FA3|Q99558,E3|Q96FA3,E3,Q96FA3,Q99558,PELI1,MAP3K14,1,4,1.0,0.96835214
E3|Q96FA3|Q9Y572,E3|Q96FA3,E3,Q96FA3,Q9Y572,PELI1,RIPK3,1,4,1.0,0.9687223
E3|Q96M02|P04637,E3|Q96M02,E3,Q96M02,P04637,C10orf90,TP53,1,4,1.0,0.9553749
E3|Q96PU5|O00141,E3|Q96PU5,E3,Q96PU5,O00141,NEDD4L,SGK1,1,4,1.0,0.9519861
E3|Q96PU5|O00213,E3|Q96PU5,E3,Q96PU5,O00213,NEDD4L,APBB1,1,4,1.0,0.96190083
E3|Q96PU5|O14641,E3|Q96PU5,E3,Q96PU5,O14641,NEDD4L,DVL2,1,4,1.0,0.9706246
E3|Q96PU5|O14964,E3|Q96PU5,E3,Q96PU5,O14964,NEDD4L,HGS,1,4,1.0,0.9708527
E3|Q96PU5|O15527,E3|Q96PU5,E3,Q96PU5,O15527,NEDD4L,OGG1,1,4,1.0,0.8983063
E3|Q96PU5|O75473,E3|Q96PU5,E3,Q96PU5,O75473,NEDD4L,LGR5,1,4,1.0,0.9522825
E3|Q96PU5|O76090,E3|Q96PU5,E3,Q96PU5,O76090,NEDD4L,BEST1,1,4,1.0,0.9474463
E3|Q96PU5|P04629,E3|Q96PU5,E3,Q96PU5,P04629,NEDD4L,NTRK1,1,4,1.0,0.97014546
E3|Q96PU5|P04637,E3|Q96PU5,E3,Q96PU5,P04637,NEDD4L,TP53,1,4,1.0,0.9404697
E3|Q96PU5|P11686,E3|Q96PU5,E3,Q96PU5,P11686,NEDD4L,SFTPC,1,4,1.0,0.8787673
E3|Q96PU5|P22001,E3|Q96PU5,E3,Q96PU5,P22001,NEDD4L,KCNA3,1,4,1.0,0.9689698
E3|Q96PU5|P31749,E3|Q96PU5,E3,Q96PU5,P31749,NEDD4L,AKT1,1,4,1.0,0.96930695
E3|Q96PU5|P33527,E3|Q96PU5,E3,Q96PU5,P33527,NEDD4L,ABCC1,1,4,1.0,0.95651
E3|Q96PU5|P35240,E3|Q96PU5,E3,Q96PU5,P35240,NEDD4L,NF2,1,4,1.0,0.952229
E3|Q96PU5|P36897,E3|Q96PU5,E3,Q96PU5,P36897,NEDD4L,TGFBR1,1,4,1.0,0.96484596
E3|Q96PU5|P37088,E3|Q96PU5,E3,Q96PU5,P37088,NEDD4L,SCNN1A,1,4,1.0,0.9694958
E3|Q96PU5|P37173,E3|Q96PU5,E3,Q96PU5,P37173,NEDD4L,TGFBR2,1,4,1.0,0.9564887
E3|Q96PU5|P40189,E3|Q96PU5,E3,Q96PU5,P40189,NEDD4L,IL6ST,1,4,1.0,0.9433012
E3|Q96PU5|P43003,E3|Q96PU5,E3,Q96PU5,P43003,NEDD4L,SLC1A3,1,4,1.0,0.9581468
E3|Q96PU5|P49281,E3|Q96PU5,E3,Q96PU5,P49281,NEDD4L,SLC11A2,1,4,1.0,0.9543271
E3|Q96PU5|P51168,E3|Q96PU5,E3,Q96PU5,P51168,NEDD4L,SCNN1B,1,4,1.0,0.9575562
E3|Q96PU5|P51170,E3|Q96PU5,E3,Q96PU5,P51170,NEDD4L,SCNN1G,1,4,1.0,0.95018625
E3|Q96PU5|P51795,E3|Q96PU5,E3,Q96PU5,P51795,NEDD4L,CLCN5,1,4,1.0,0.95467055
E3|Q96PU5|P53805,E3|Q96PU5,E3,Q96PU5,P53805,NEDD4L,RCAN1,1,4,1.0,0.9194601
E3|Q96PU5|P62745,E3|Q96PU5,E3,Q96PU5,P62745,NEDD4L,RHOB,1,4,1.0,0.9654232
E3|Q96PU5|P84022,E3|Q96PU5,E3,Q96PU5,P84022,NEDD4L,SMAD3,1,4,1.0,0.78679425
E3|Q96PU5|Q01813,E3|Q96PU5,E3,Q96PU5,Q01813,NEDD4L,PFKP,1,4,1.0,0.925605
E3|Q96PU5|Q01959,E3|Q96PU5,E3,Q96PU5,Q01959,NEDD4L,SLC6A3,1,4,1.0,0.94923776
E3|Q96PU5|Q07912,E3|Q96PU5,E3,Q96PU5,Q07912,NEDD4L,TNK2,1,4,1.0,0.96464866
E3|Q96PU5|Q12809,E3|Q96PU5,E3,Q96PU5,Q12809,NEDD4L,KCNH2,1,4,1.0,0.9555444
E3|Q96PU5|Q13114,E3|Q96PU5,E3,Q96PU5,Q13114,NEDD4L,TRAF3,1,4,1.0,0.9608576
E3|Q96PU5|Q14524,E3|Q96PU5,E3,Q96PU5,Q14524,NEDD4L,SCN5A,1,4,1.0,0.95534194
E3|Q96PU5|Q15796,E3|Q96PU5,E3,Q96PU5,Q15796,NEDD4L,SMAD2,1,4,1.0,0.8144178
E3|Q96PU5|Q15858,E3|Q96PU5,E3,Q96PU5,Q15858,NEDD4L,SCN9A,1,4,1.0,0.9512011
E3|Q96PU5|Q16620,E3|Q96PU5,E3,Q96PU5,Q16620,NEDD4L,NTRK2,1,4,1.0,0.9552423
E3|Q96PU5|Q16625,E3|Q96PU5,E3,Q96PU5,Q16625,NEDD4L,OCLN,1,4,1.0,0.9605036
E3|Q96PU5|Q4VCS5,E3|Q96PU5,E3,Q96PU5,Q4VCS5,NEDD4L,AMOT,1,4,1.0,0.9693508
E3|Q96PU5|Q6PJG6,E3|Q96PU5,E3,Q96PU5,Q6PJG6,NEDD4L,BRAT1,1,4,1.0,0.936338
E3|Q96PU5|Q6UUV7,E3|Q96PU5,E3,Q96PU5,Q6UUV7,NEDD4L,CRTC3,1,4,1.0,0.9041052
E3|Q96PU5|Q8TCC7,E3|Q96PU5,E3,Q96PU5,Q8TCC7,NEDD4L,SLC22A8,1,4,1.0,0.9464547
E3|Q96PU5|Q8TDR2,E3|Q96PU5,E3,Q96PU5,Q8TDR2,NEDD4L,STK35,1,4,1.0,0.95140994
E3|Q96PU5|Q8WXF1,E3|Q96PU5,E3,Q96PU5,Q8WXF1,NEDD4L,PSPC1,1,4,1.0,0.6645955
E3|Q96PU5|Q96D31,E3|Q96PU5,E3,Q96PU5,Q96D31,NEDD4L,ORAI1,1,4,1.0,0.94812244
E3|Q96PU5|Q96PU5,E3|Q96PU5,E3,Q96PU5,Q96PU5,NEDD4L,NEDD4L,1,4,1.0,0.9710279
E3|Q96PU5|Q96QD8,E3|Q96PU5,E3,Q96PU5,Q96QD8,NEDD4L,SLC38A2,1,4,1.0,0.9566975
E3|Q96PU5|Q99250,E3|Q96PU5,E3,Q96PU5,Q99250,NEDD4L,SCN2A,1,4,1.0,0.9522228
E3|Q96PU5|Q99816,E3|Q96PU5,E3,Q96PU5,Q99816,NEDD4L,TSG101,1,4,1.0,0.9644948
E3|Q96PU5|Q9BSA4,E3|Q96PU5,E3,Q96PU5,Q9BSA4,NEDD4L,TTYH2,1,4,1.0,0.9501657
E3|Q96PU5|Q9BXB1,E3|Q96PU5,E3,Q96PU5,Q9BXB1,NEDD4L,LGR4,1,4,1.0,0.9597035
E3|Q96PU5|Q9H1D0,E3|Q96PU5,E3,Q96PU5,Q9H1D0,NEDD4L,TRPV6,1,4,1.0,0.9485713
E3|Q96PU5|Q9H3D4,E3|Q96PU5,E3,Q96PU5,Q9H3D4,NEDD4L,TP63,1,4,1.0,0.7743143
E3|Q96PU5|Q9NRA0,E3|Q96PU5,E3,Q96PU5,Q9NRA0,NEDD4L,SPHK2,1,4,1.0,0.94862163
E3|Q96PU5|Q9NV92,E3|Q96PU5,E3,Q96PU5,Q9NV92,NEDD4L,NDFIP2,1,4,1.0,0.96446365
E3|Q96PU5|Q9NY46,E3|Q96PU5,E3,Q96PU5,Q9NY46,NEDD4L,SCN3A,1,4,1.0,0.94760114
E3|Q96PU5|Q9P2K8,E3|Q96PU5,E3,Q96PU5,Q9P2K8,NEDD4L,EIF2AK4,1,4,1.0,0.8489079
E3|Q96PU5|Q9UQD0,E3|Q96PU5,E3,Q96PU5,Q9UQD0,NEDD4L,SCN8A,1,4,1.0,0.95687747
E3|Q96PU5|Q9Y5Y9,E3|Q96PU5,E3,Q96PU5,Q9Y5Y9,NEDD4L,SCN10A,1,4,1.0,0.9492688
E3|Q96S21|P63244,E3|Q96S21,E3,Q96S21,P63244,RAB40C,RACK1,1,4,1.0,0.9607751
E3|Q99618|P30291,E3|Q99618,E3,Q99618,P30291,CDCA3,WEE1,1,4,1.0,0.89444023
E3|Q99618|P38936,E3|Q99618,E3,Q99618,P38936,CDCA3,CDKN1A,1,4,1.0,0.8450954
E3|Q99619|P35228,E3|Q99619,E3,Q99619,P35228,SPSB2,NOS2,1,4,1.0,0.9670824
E3|Q99619|P60321,E3|Q99619,E3,Q99619,P60321,SPSB2,NANOS2,1,4,1.0,0.96508396
E3|Q99728|P03372,E3|Q99728,E3,Q99728,P03372,BARD1,ESR1,1,4,1.0,0.93146044
E3|Q99728|P16104,E3|Q99728,E3,Q99728,P16104,BARD1,H2AX,1,4,1.0,0.9653635
E3|Q99728|P24928,E3|Q99728,E3,Q99728,P24928,BARD1,POLR2A,1,4,1.0,0.9650161
E3|Q99728|P38398,E3|Q99728,E3,Q99728,P38398,BARD1,BRCA1,1,4,1.0,0.9670794
E3|Q99728|P52434,E3|Q99728,E3,Q99728,P52434,BARD1,POLR2H,1,4,1.0,0.9628723
E3|Q9BZR9|O15524,E3|Q9BZR9,E3,Q9BZR9,O15524,TRIM8,SOCS1,1,4,1.0,0.91949236
E3|Q9BZR9|O43318,E3|Q9BZR9,E3,Q9BZR9,O43318,TRIM8,MAP3K7,1,4,1.0,0.86887944
E3|Q9BZR9|P03372,E3|Q9BZR9,E3,Q9BZR9,P03372,TRIM8,ESR1,1,4,1.0,0.9633456
E3|Q9H000|O00425,E3|Q9H000,E3,Q9H000,O00425,MKRN2,IGF2BP3,1,4,1.0,0.9194649
E3|Q9H000|P04637,E3|Q9H000,E3,Q9H000,P04637,MKRN2,TP53,1,4,1.0,0.9659859
E3|Q9H0A0|Q00987,E3|Q9H0A0,E3,Q9H0A0,Q00987,NAT10,MDM2,1,4,1.0,0.9613361
E3|Q9H469|O00308,E3|Q9H469,E3,Q9H469,O00308,FBXL15,WWP2,1,4,1.0,0.96506095
E3|Q9H469|Q9HAU4,E3|Q9H469,E3,Q9H469,Q9HAU4,FBXL15,SMURF2,1,4,1.0,0.87770015
E3|Q9H469|Q9HCE7,E3|Q9H469,E3,Q9H469,Q9HCE7,FBXL15,SMURF1,1,4,1.0,0.94548965
E3|Q9HAU4|O15105,E3|Q9HAU4,E3,Q9HAU4,O15105,SMURF2,SMAD7,1,4,1.0,0.83614033
E3|Q9HAU4|O15169,E3|Q9HAU4,E3,Q9HAU4,O15169,SMURF2,AXIN1,1,4,1.0,0.97037303
E3|Q9HAU4|O95630,E3|Q9HAU4,E3,Q9HAU4,O95630,SMURF2,STAMBP,1,4,1.0,0.96885383
E3|Q9HAU4|P00533,E3|Q9HAU4,E3,Q9HAU4,P00533,SMURF2,EGFR,1,4,1.0,0.9689933
E3|Q9HAU4|P09874,E3|Q9HAU4,E3,Q9HAU4,P09874,SMURF2,PARP1,1,4,1.0,0.6053725
E3|Q9HAU4|P11388,E3|Q9HAU4,E3,Q9HAU4,P11388,SMURF2,TOP2A,1,4,1.0,0.6134603
E3|Q9HAU4|P12757,E3|Q9HAU4,E3,Q9HAU4,P12757,SMURF2,SKIL,1,4,1.0,0.6501463
E3|Q9HAU4|P16104,E3|Q9HAU4,E3,Q9HAU4,P16104,SMURF2,H2AX,1,4,1.0,0.6662848
E3|Q9HAU4|P20333,E3|Q9HAU4,E3,Q9HAU4,P20333,SMURF2,TNFRSF1B,1,4,1.0,0.9626183
E3|Q9HAU4|P35222,E3|Q9HAU4,E3,Q9HAU4,P35222,SMURF2,CTNNB1,1,4,1.0,0.9591135
E3|Q9HAU4|P36897,E3|Q9HAU4,E3,Q9HAU4,P36897,SMURF2,TGFBR1,1,4,1.0,0.9691816
E3|Q9HAU4|P37173,E3|Q9HAU4,E3,Q9HAU4,P37173,SMURF2,TGFBR2,1,4,1.0,0.9650774
E3|Q9HAU4|P41134,E3|Q9HAU4,E3,Q9HAU4,P41134,SMURF2,ID1,1,4,1.0,0.65595514
E3|Q9HAU4|P49841,E3|Q9HAU4,E3,Q9HAU4,P49841,SMURF2,GSK3B,1,4,1.0,0.96791
E3|Q9HAU4|P61224,E3|Q9HAU4,E3,Q9HAU4,P61224,SMURF2,RAP1B,1,4,1.0,0.96907437
E3|Q9HAU4|P61586,E3|Q9HAU4,E3,Q9HAU4,P61586,SMURF2,RHOA,1,4,1.0,0.96930355
E3|Q9HAU4|P84022,E3|Q9HAU4,E3,Q9HAU4,P84022,SMURF2,SMAD3,1,4,1.0,0.6763193
E3|Q9HAU4|Q01826,E3|Q9HAU4,E3,Q9HAU4,Q01826,SMURF2,SATB1,1,4,1.0,0.48310933
E3|Q9HAU4|Q02535,E3|Q9HAU4,E3,Q9HAU4,Q02535,SMURF2,ID3,1,4,1.0,0.5421862
E3|Q9HAU4|Q13257,E3|Q9HAU4,E3,Q9HAU4,Q13257,SMURF2,MAD2L1,1,4,1.0,0.90399975
E3|Q9HAU4|Q13485,E3|Q9HAU4,E3,Q9HAU4,Q13485,SMURF2,SMAD4,1,4,1.0,0.71247864
E3|Q9HAU4|Q13887,E3|Q9HAU4,E3,Q9HAU4,Q13887,SMURF2,KLF5,1,4,1.0,0.5001362
E3|Q9HAU4|Q13950,E3|Q9HAU4,E3,Q9HAU4,Q13950,SMURF2,RUNX2,1,4,1.0,0.5386763
E3|Q9HAU4|Q15796,E3|Q9HAU4,E3,Q9HAU4,Q15796,SMURF2,SMAD2,1,4,1.0,0.71546674
E3|Q9HAU4|Q15797,E3|Q9HAU4,E3,Q9HAU4,Q15797,SMURF2,SMAD1,1,4,1.0,0.6731581
E3|Q9HAU4|Q15910,E3|Q9HAU4,E3,Q9HAU4,Q15910,SMURF2,EZH2,1,4,1.0,0.63111615
E3|Q9HAU4|Q5VTR2,E3|Q9HAU4,E3,Q9HAU4,Q5VTR2,SMURF2,RNF20,1,4,1.0,0.74921215
E3|Q9HAU4|Q96EB6,E3|Q9HAU4,E3,Q9HAU4,Q96EB6,SMURF2,SIRT1,1,4,1.0,0.86464804
E3|Q9HAU4|Q96FJ0,E3|Q9HAU4,E3,Q9HAU4,Q96FJ0,SMURF2,STAMBPL1,1,4,1.0,0.9424816
E3|Q9HAU4|Q99717,E3|Q9HAU4,E3,Q9HAU4,Q99717,SMURF2,SMAD5,1,4,1.0,0.9095286
E3|Q9HAU4|Q9BUZ4,E3|Q9HAU4,E3,Q9HAU4,Q9BUZ4,SMURF2,TRAF4,1,4,1.0,0.96931845
E3|Q9HAU4|Q9HCE7,E3|Q9HAU4,E3,Q9HAU4,Q9HCE7,SMURF2,SMURF1,1,4,1.0,0.9680214
E3|Q9HAU4|Q9NP71,E3|Q9HAU4,E3,Q9HAU4,Q9NP71,SMURF2,MLXIPL,1,4,1.0,0.7306202
E3|Q9HAU4|Q9Y297,E3|Q9HAU4,E3,Q9HAU4,Q9Y297,SMURF2,BTRC,1,4,1.0,0.88246983
E3|Q9HAU4|Q9Y3C5,E3|Q9HAU4,E3,Q9HAU4,Q9Y3C5,SMURF2,RNF11,1,4,1.0,0.9700669
E3|Q9HCM9|P04637,E3|Q9HCM9,E3,Q9HCM9,P04637,TRIM39,TP53,1,4,1.0,0.90947556
E3|Q9HCM9|Q96BY2,E3|Q9HCM9,E3,Q9HCM9,Q96BY2,TRIM39,MOAP1,1,4,1.0,0.95731896
E3|Q9NPC3|P14635,E3|Q9NPC3,E3,Q9NPC3,P14635,CCNB1IP1,CCNB1,1,4,1.0,0.9668393
E3|Q9NPC3|Q9NPC3,E3|Q9NPC3,E3,Q9NPC3,Q9NPC3,CCNB1IP1,CCNB1IP1,1,4,1.0,0.9690369
E3|Q9NR09|Q9NR28,E3|Q9NR09,E3,Q9NR09,Q9NR28,BIRC6,DIABLO,1,4,1.0,0.9193779
E3|Q9NS56|P04637,E3|Q9NS56,E3,Q9NS56,P04637,TOPORS,TP53,1,4,1.0,0.9364335
E3|Q9NS56|P16104,E3|Q9NS56,E3,Q9NS56,P16104,TOPORS,H2AX,1,4,1.0,0.96182317
E3|Q9NS56|Q99801,E3|Q9NS56,E3,Q9NS56,Q99801,TOPORS,NKX3-1,1,4,1.0,0.9624698
E3|Q9NTX7|O15169,E3|Q9NTX7,E3,Q9NTX7,O15169,RNF146,AXIN1,1,4,1.0,0.74305415
E3|Q9NTX7|O15234,E3|Q9NTX7,E3,Q9NTX7,O15234,RNF146,CASC3,1,4,1.0,0.9544163
E3|Q9NTX7|O60239,E3|Q9NTX7,E3,Q9NTX7,O60239,RNF146,SH3BP5,1,4,1.0,0.71282667
E3|Q9NTX7|O95271,E3|Q9NTX7,E3,Q9NTX7,O95271,RNF146,TNKS,1,4,1.0,0.93658483
E3|Q9NTX7|P09874,E3|Q9NTX7,E3,Q9NTX7,P09874,RNF146,PARP1,1,4,1.0,0.9569086
E3|Q9NTX7|P12956,E3|Q9NTX7,E3,Q9NTX7,P12956,RNF146,XRCC6,1,4,1.0,0.9579914
E3|Q9NTX7|P18887,E3|Q9NTX7,E3,Q9NTX7,P18887,RNF146,XRCC1,1,4,1.0,0.9536819
E3|Q9NTX7|Q7L8J4,E3|Q9NTX7,E3,Q9NTX7,Q7L8J4,RNF146,SH3BP5L,1,4,1.0,0.96740717
E3|Q9NTX7|Q9H2G9,E3|Q9NTX7,E3,Q9NTX7,Q9H2G9,RNF146,BLZF1,1,4,1.0,0.7871937
E3|Q9NTX7|Q9H2K2,E3|Q9NTX7,E3,Q9NTX7,Q9H2K2,RNF146,TNKS2,1,4,1.0,0.7070488
E3|Q9NTX7|Q9Y2T1,E3|Q9NTX7,E3,Q9NTX7,Q9Y2T1,RNF146,AXIN2,1,4,1.0,0.96773094
E3|Q9NV58|P00441,E3|Q9NV58,E3,Q9NV58,P00441,RNF19A,SOD1,1,4,1.0,0.9084373
E3|Q9NV58|P04637,E3|Q9NV58,E3,Q9NV58,P04637,RNF19A,TP53,1,4,1.0,0.9573752
E3|Q9NV58|P41180,E3|Q9NV58,E3,Q9NV58,P41180,RNF19A,CASR,1,4,1.0,0.6744374
E3|Q9NV58|Q9NV58,E3|Q9NV58,E3,Q9NV58,Q9NV58,RNF19A,RNF19A,1,4,1.0,0.97018594
E3|Q9NV58|Q9Y4K3,E3|Q9NV58,E3,Q9NV58,Q9Y4K3,RNF19A,TRAF6,1,4,1.0,0.9596104
E3|Q9NV58|Q9Y6H5,E3|Q9NV58,E3,Q9NV58,Q9Y6H5,RNF19A,SNCAIP,1,4,1.0,0.95875984
E3|Q9NXF7|Q56A73,E3|Q9NXF7,E3,Q9NXF7,Q56A73,DCAF16,SPIN4,1,4,1.0,0.9628809
E3|Q9P2E8|P01730,E3|Q9P2E8,E3,Q9P2E8,P01730,MARCHF4,CD4,1,4,1.0,0.9673186
E3|Q9P2E8|P01911,E3|Q9P2E8,E3,Q9P2E8,P01911,MARCHF4,HLA-DRB1,1,4,1.0,0.96719146
E3|Q9P2E8|Q9GIY3,E3|Q9P2E8,E3,Q9P2E8,Q9GIY3,MARCHF4,HLA-DRB1,1,4,1.0,0.9620931
E3|Q9UDY8|Q9Y6K9,E3|Q9UDY8,E3,Q9UDY8,Q9Y6K9,MALT1,IKBKG,1,4,1.0,0.9686838
E3|Q9UH90|P35568,E3|Q9UH90,E3,Q9UH90,P35568,FBXO40,IRS1,1,4,1.0,0.9324489
E3|Q9UKC9|O00459,E3|Q9UKC9,E3,Q9UKC9,O00459,FBXL2,PIK3R2,1,4,1.0,0.948204
E3|Q9UKC9|P05067,E3|Q9UKC9,E3,Q9UKC9,P05067,FBXL2,APP,1,4,1.0,0.87713623
E3|Q9UKC9|P30279,E3|Q9UKC9,E3,Q9UKC9,P30279,FBXL2,CCND2,1,4,1.0,0.9661247
E3|Q9UKC9|P30281,E3|Q9UKC9,E3,Q9UKC9,P30281,FBXL2,CCND3,1,4,1.0,0.96610135
E3|Q9UKC9|P49585,E3|Q9UKC9,E3,Q9UKC9,P49585,FBXL2,PCYT1A,1,4,1.0,0.5965613
E3|Q9UKC9|Q08050,E3|Q9UKC9,E3,Q9UKC9,Q08050,FBXL2,FOXM1,1,4,1.0,0.96003115
E3|Q9UKC9|Q14573,E3|Q9UKC9,E3,Q9UKC9,Q14573,FBXL2,ITPR3,1,4,1.0,0.78183043
E3|Q9UKC9|Q96GD4,E3|Q9UKC9,E3,Q9UKC9,Q96GD4,FBXL2,AURKB,1,4,1.0,0.96509194
E3|Q9UKC9|Q96P20,E3|Q9UKC9,E3,Q9UKC9,Q96P20,FBXL2,NLRP3,1,4,1.0,0.8745931
E3|Q9UKT7|P08678,E3|Q9UKT7,E3,Q9UKT7,P08678,FBXL3,CYR1,1,4,1.0,0.95418364
E3|Q9UKT7|Q16526,E3|Q9UKT7,E3,Q9UKT7,Q16526,FBXL3,CRY1,1,4,1.0,0.9361166
E3|Q9UKT7|Q49AN0,E3|Q9UKT7,E3,Q9UKT7,Q49AN0,FBXL3,CRY2,1,4,1.0,0.93543637
E3|Q9UPN9|P35222,E3|Q9UPN9,E3,Q9UPN9,P35222,TRIM33,CTNNB1,1,4,1.0,0.89121515
E3|Q9UPN9|Q13485,E3|Q9UPN9,E3,Q9UPN9,Q13485,TRIM33,SMAD4,1,4,1.0,0.9649577
E3|Q9UPN9|Q9H6R0,E3|Q9UPN9,E3,Q9UPN9,Q9H6R0,TRIM33,DHX33,1,4,1.0,0.9621751
E3|Q9Y252|P10275,E3|Q9Y252,E3,Q9Y252,P10275,RNF6,AR,1,4,1.0,0.96383035
E3|Q9Y252|P48059,E3|Q9Y252,E3,Q9Y252,P48059,RNF6,LIMS1,1,4,1.0,0.31316546
E3|Q9Y252|P53667,E3|Q9Y252,E3,Q9Y252,P53667,RNF6,LIMK1,1,4,1.0,0.9259268
E3|Q9Y252|P55317,E3|Q9Y252,E3,Q9Y252,P55317,RNF6,FOXA1,1,4,1.0,0.95802283
E3|Q9Y252|Q04726,E3|Q9Y252,E3,Q9Y252,Q04726,RNF6,TLE3,1,4,1.0,0.9500287
E3|Q9Y252|Q05195,E3|Q9Y252,E3,Q9Y252,Q05195,RNF6,MXD1,1,4,1.0,0.96484816
E3|Q9Y252|Q15466,E3|Q9Y252,E3,Q9Y252,Q15466,RNF6,NR0B2,1,4,1.0,0.96255577
E3|Q9Y2K7|Q16875,E3|Q9Y2K7,E3,Q9Y2K7,Q16875,KDM2A,PFKFB3,1,4,1.0,0.94866294
E3|Q9Y3C5|Q9HAU4,E3|Q9Y3C5,E3,Q9Y3C5,Q9HAU4,RNF11,SMURF2,1,4,1.0,0.97034943
E3|Q9Y3C5|Q9Y3C5,E3|Q9Y3C5,E3,Q9Y3C5,Q9Y3C5,RNF11,RNF11,1,4,1.0,0.9705366
E3|Q9Y575|P20333,E3|Q9Y575,E3,Q9Y575,P20333,ASB3,TNFRSF1B,1,4,1.0,0.39018473
E3|Q9Y577|Q07820,E3|Q9Y577,E3,Q9Y577,Q07820,TRIM17,MCL1,1,4,1.0,0.9323448
E3|Q9Y577|Q14653,E3|Q9Y577,E3,Q9Y577,Q14653,TRIM17,IRF3,1,4,1.0,0.9320082
E3|Q9Y577|Q9Y577,E3|Q9Y577,E3,Q9Y577,Q9Y577,TRIM17,TRIM17,1,4,1.0,0.9694111
E3|Q9Y577|Q9Y5A6,E3|Q9Y577,E3,Q9Y577,Q9Y5A6,TRIM17,ZSCAN21,1,4,1.0,0.5696929
DUB|O75604|O14965,DUB|O75604,DUB,O75604,O14965,USP2,AURKA,1,4,1.0,0.9580731
DUB|O75604|O15151,DUB|O75604,DUB,O75604,O15151,USP2,MDM4,1,4,1.0,0.7862008
DUB|O75604|O15534,DUB|O75604,DUB,O75604,O15534,USP2,PER1,1,4,1.0,0.5925806
DUB|O75604|P08253,DUB|O75604,DUB,O75604,P08253,USP2,MMP2,1,4,1.0,0.92888385
DUB|O75604|P24385,DUB|O75604,DUB,O75604,P24385,USP2,CCND1,1,4,1.0,0.63161355
DUB|O75604|P25445,DUB|O75604,DUB,O75604,P25445,USP2,FAS,1,4,1.0,0.9691122
DUB|O75604|P37088,DUB|O75604,DUB,O75604,P37088,USP2,SCNN1A,1,4,1.0,0.9693291
DUB|O75604|P49327,DUB|O75604,DUB,O75604,P49327,USP2,FASN,1,4,1.0,0.7389691
DUB|O75604|P51168,DUB|O75604,DUB,O75604,P51168,USP2,SCNN1B,1,4,1.0,0.9682912
DUB|O75604|P51170,DUB|O75604,DUB,O75604,P51170,USP2,SCNN1G,1,4,1.0,0.96694314
DUB|O75604|Q00987,DUB|O75604,DUB,O75604,Q00987,USP2,MDM2,1,4,1.0,0.7200868
DUB|O75604|Q03431,DUB|O75604,DUB,O75604,Q03431,USP2,PTH1R,1,4,1.0,0.9663657
DUB|O75604|Q12933,DUB|O75604,DUB,O75604,Q12933,USP2,TRAF2,1,4,1.0,0.8995934
DUB|O75604|Q13546,DUB|O75604,DUB,O75604,Q13546,USP2,RIPK1,1,4,1.0,0.9700106
DUB|O75604|Q16526,DUB|O75604,DUB,O75604,Q16526,USP2,CRY1,1,4,1.0,0.6717486
DUB|O75604|Q96EB6,DUB|O75604,DUB,O75604,Q96EB6,USP2,SIRT1,1,4,1.0,0.8266713
DUB|O75604|Q9H5J4,DUB|O75604,DUB,O75604,Q9H5J4,USP2,ELOVL6,1,4,1.0,0.94507515
DUB|O94966|O60337,DUB|O94966,DUB,O94966,O60337,USP19,MARCHF6,1,4,1.0,0.9546897
DUB|O94966|O75581,DUB|O94966,DUB,O94966,O75581,USP19,LRP6,1,4,1.0,0.9365764
DUB|O94966|P04150,DUB|O94966,DUB,O94966,P04150,USP19,NR3C1,1,4,1.0,0.92265993
DUB|O94966|Q01844,DUB|O94966,DUB,O94966,Q01844,USP19,EWSR1,1,4,1.0,0.93358797
DUB|O94966|Q13114,DUB|O94966,DUB,O94966,Q13114,USP19,TRAF3,1,4,1.0,0.9679911
DUB|O94966|Q13489,DUB|O94966,DUB,O94966,Q13489,USP19,BIRC3,1,4,1.0,0.84823686
DUB|O94966|Q13490,DUB|O94966,DUB,O94966,Q13490,USP19,BIRC2,1,4,1.0,0.9556936
DUB|O94966|Q13547,DUB|O94966,DUB,O94966,Q13547,USP19,HDAC1,1,4,1.0,0.5648121
DUB|O94966|Q14457,DUB|O94966,DUB,O94966,Q14457,USP19,BECN1,1,4,1.0,0.96696055
DUB|O94966|Q5XPI4,DUB|O94966,DUB,O94966,Q5XPI4,USP19,RNF123,1,4,1.0,0.86994785
DUB|O94966|Q86TM6,DUB|O94966,DUB,O94966,Q86TM6,USP19,SYVN1,1,4,1.0,0.9674054
DUB|O94966|Q8IVP5,DUB|O94966,DUB,O94966,Q8IVP5,USP19,FUNDC1,1,4,1.0,0.9629276
DUB|O94966|Q92769,DUB|O94966,DUB,O94966,Q92769,USP19,HDAC2,1,4,1.0,0.55148995
DUB|O94966|Q92828,DUB|O94966,DUB,O94966,Q92828,USP19,CORO2A,1,4,1.0,0.7601825
DUB|O94966|Q9Y6Q9,DUB|O94966,DUB,O94966,Q9Y6Q9,USP19,NCOA3,1,4,1.0,0.45075423
DUB|P12956|Q07820,DUB|P12956,DUB,P12956,Q07820,XRCC6,MCL1,1,4,1.0,0.6682331
DUB|P46736|O15287,DUB|P46736,DUB,P46736,O15287,BRCC3,FANCG,1,4,1.0,0.94069076
DUB|P46736|O60674,DUB|P46736,DUB,P46736,O60674,BRCC3,JAK2,1,4,1.0,0.9564162
DUB|P46736|O95271,DUB|P46736,DUB,P46736,O95271,BRCC3,TNKS,1,4,1.0,0.9662682
DUB|P46736|P0C0S8,DUB|P46736,DUB,P46736,P0C0S8,BRCC3,HIST1H2AM,1,4,1.0,0.9041727
DUB|P46736|P16104,DUB|P46736,DUB,P46736,P16104,BRCC3,H2AFX,1,4,1.0,0.93078625
DUB|P46736|Q14980,DUB|P46736,DUB,P46736,Q14980,BRCC3,NUMA1,1,4,1.0,0.963944
DUB|P46736|Q96P20,DUB|P46736,DUB,P46736,Q96P20,BRCC3,NLRP3,1,4,1.0,0.90895545
DUB|Q53GS9|O96017,DUB|Q53GS9,DUB,Q53GS9,O96017,USP39,CHEK2,1,4,1.0,0.96548617
DUB|Q53GS9|P37275,DUB|Q53GS9,DUB,Q53GS9,P37275,USP39,ZEB1,1,4,1.0,0.9634402
DUB|Q53GS9|P42224,DUB|Q53GS9,DUB,Q53GS9,P42224,USP39,STAT1,1,4,1.0,0.9604225
DUB|Q53GS9|Q96GD4,DUB|Q53GS9,DUB,Q53GS9,Q96GD4,USP39,AURKB,1,4,1.0,0.9467208
DUB|Q5D1E8|O43474,DUB|Q5D1E8,DUB,Q5D1E8,O43474,ZC3H12A,KLF4,1,4,1.0,0.42399016
DUB|Q5D1E8|Q12933,DUB|Q5D1E8,DUB,Q5D1E8,Q12933,ZC3H12A,TRAF2,1,4,1.0,0.858368
DUB|Q5D1E8|Q13546,DUB|Q5D1E8,DUB,Q5D1E8,Q13546,ZC3H12A,RIPK1,1,4,1.0,0.9605655
DUB|Q5D1E8|Q9Y4K3,DUB|Q5D1E8,DUB,Q5D1E8,Q9Y4K3,ZC3H12A,TRAF6,1,4,1.0,0.89354265
DUB|Q5VVJ2|P0C0S8,DUB|Q5VVJ2,DUB,Q5VVJ2,P0C0S8,MYSM1,HIST1H2AM,1,4,1.0,0.96019554
DUB|Q5VVJ2|Q16777,DUB|Q5VVJ2,DUB,Q5VVJ2,Q16777,MYSM1,HIST2H2AC,1,4,1.0,0.96248716
DUB|Q5VVJ2|Q86WV6,DUB|Q5VVJ2,DUB,Q5VVJ2,Q86WV6,MYSM1,STING1,1,4,1.0,0.6213694
DUB|Q5VVQ6|P17661,DUB|Q5VVQ6,DUB,Q5VVQ6,P17661,YOD1,DES,1,4,1.0,0.5273354
DUB|Q5VVQ6|P55072,DUB|Q5VVQ6,DUB,Q5VVQ6,P55072,YOD1,VCP,1,4,1.0,0.95568293
DUB|Q5VVQ6|Q96J02,DUB|Q5VVQ6,DUB,Q5VVQ6,Q96J02,YOD1,ITCH,1,4,1.0,0.80053574
DUB|Q6R6M4|O43623,DUB|Q6R6M4,DUB,Q6R6M4,O43623,USP17L2,SNAI2,1,4,1.0,0.7306264
DUB|Q6R6M4|O60885,DUB|Q6R6M4,DUB,Q6R6M4,O60885,USP17L2,BRD4,1,4,1.0,0.50620687
DUB|Q6R6M4|O95786,DUB|Q6R6M4,DUB,Q6R6M4,O95786,USP17L2,DDX58,1,4,1.0,0.88337153
DUB|Q6R6M4|O95863,DUB|Q6R6M4,DUB,Q6R6M4,O95863,USP17L2,SNAI1,1,4,1.0,0.66407746
DUB|Q6R6M4|P16104,DUB|Q6R6M4,DUB,Q6R6M4,P16104,USP17L2,H2AFX,1,4,1.0,0.6289293
DUB|Q6R6M4|P30304,DUB|Q6R6M4,DUB,Q6R6M4,P30304,USP17L2,CDC25A,1,4,1.0,0.776415
DUB|Q6R6M4|Q15672,DUB|Q6R6M4,DUB,Q6R6M4,Q15672,USP17L2,TWIST1,1,4,1.0,0.65920603
DUB|Q6R6M4|Q16236,DUB|Q6R6M4,DUB,Q6R6M4,Q16236,USP17L2,NFE2L2,1,4,1.0,0.562782
DUB|Q6R6M4|Q92819,DUB|Q6R6M4,DUB,Q6R6M4,Q92819,USP17L2,HAS2,1,4,1.0,0.96164477
DUB|Q6R6M4|Q99538,DUB|Q6R6M4,DUB,Q6R6M4,Q99538,USP17L2,LGMN,1,4,1.0,0.9662887
DUB|Q6R6M4|Q9BYX4,DUB|Q6R6M4,DUB,Q6R6M4,Q9BYX4,USP17L2,IFIH1,1,4,1.0,0.9505663
DUB|Q6R6M4|Q9H7L9,DUB|Q6R6M4,DUB,Q6R6M4,Q9H7L9,USP17L2,SUDS3,1,4,1.0,0.47824812
DUB|Q6R6M4|Q9Y256,DUB|Q6R6M4,DUB,Q6R6M4,Q9Y256,USP17L2,RCE1,1,4,1.0,0.96349096
DUB|Q70CQ2|O15169,DUB|Q70CQ2,DUB,Q70CQ2,O15169,USP34,AXIN1,1,4,1.0,0.5267071
DUB|Q70CQ2|Q8IYW5,DUB|Q70CQ2,DUB,Q70CQ2,Q8IYW5,USP34,RNF168,1,4,1.0,0.96415615
DUB|Q70CQ2|Q9UKV5,DUB|Q70CQ2,DUB,Q70CQ2,Q9UKV5,USP34,AMFR,1,4,1.0,0.56298625
DUB|Q70CQ2|Q9Y2T1,DUB|Q70CQ2,DUB,Q70CQ2,Q9Y2T1,USP34,AXIN2,1,4,1.0,0.9619932
DUB|Q70CQ3|O94826,DUB|Q70CQ3,DUB,Q70CQ3,O94826,USP30,TOMM70A,1,4,1.0,0.9672386
DUB|Q70CQ3|O95140,DUB|Q70CQ3,DUB,Q70CQ3,O95140,USP30,MFN2,1,4,1.0,0.96748
DUB|Q70CQ3|P21796,DUB|Q70CQ3,DUB,Q70CQ3,P21796,USP30,VDAC1,1,4,1.0,0.9536657
DUB|Q70CQ3|Q15388,DUB|Q70CQ3,DUB,Q70CQ3,Q15388,USP30,TOMM20,1,4,1.0,0.966147
DUB|Q70CQ3|Q8IWA4,DUB|Q70CQ3,DUB,Q70CQ3,Q8IWA4,USP30,MFN1,1,4,1.0,0.96732104
DUB|Q70CQ3|Q8IXI2,DUB|Q70CQ3,DUB,Q70CQ3,Q8IXI2,USP30,RHOT1,1,4,1.0,0.9673456
DUB|Q92995|A0A291NLA3,DUB|Q92995,DUB,Q92995,A0A291NLA3,USP13,SIGIRR,1,4,1.0,0.9575441
DUB|Q92995|O75030,DUB|Q92995,DUB,Q92995,O75030,USP13,MITF,1,4,1.0,0.9185908
DUB|Q92995|P01106,DUB|Q92995,DUB,Q92995,P01106,USP13,MYC,1,4,1.0,0.96396595
DUB|Q92995|P11441,DUB|Q92995,DUB,Q92995,P11441,USP13,UBL4A,1,4,1.0,0.9666449
DUB|Q92995|P53396,DUB|Q92995,DUB,Q92995,P53396,USP13,ACLY,1,4,1.0,0.9667605
DUB|Q92995|P60484,DUB|Q92995,DUB,Q92995,P60484,USP13,PTEN,1,4,1.0,0.9541399
DUB|Q92995|Q02218,DUB|Q92995,DUB,Q92995,Q02218,USP13,OGDH,1,4,1.0,0.8341089
DUB|Q92995|Q07820,DUB|Q92995,DUB,Q92995,Q07820,USP13,MCL1,1,4,1.0,0.8404021
DUB|Q92995|Q13309,DUB|Q92995,DUB,Q92995,Q13309,USP13,SKP2,1,4,1.0,0.96680677
DUB|Q92995|Q14457,DUB|Q92995,DUB,Q92995,Q14457,USP13,BECN1,1,4,1.0,0.66990477
DUB|Q92995|Q14694,DUB|Q92995,DUB,Q92995,Q14694,USP13,USP10,1,4,1.0,0.96082425
DUB|Q92995|Q86WV6,DUB|Q92995,DUB,Q92995,Q86WV6,USP13,TMEM173,1,4,1.0,0.7662507
DUB|Q92995|Q8NEB9,DUB|Q92995,DUB,Q92995,Q8NEB9,USP13,PIK3C3,1,4,1.0,0.58381724
DUB|Q92995|Q92547,DUB|Q92995,DUB,Q92995,Q92547,USP13,TOPBP1,1,4,1.0,0.9627867
DUB|Q92995|Q96P20,DUB|Q92995,DUB,Q92995,Q96P20,USP13,NLRP3,1,4,1.0,0.7707745
DUB|Q92995|Q96RL1,DUB|Q92995,DUB,Q92995,Q96RL1,USP13,UIMC1,1,4,1.0,0.9644415
DUB|Q9H3M9|Q13887,DUB|Q9H3M9,DUB,Q9H3M9,Q13887,ATXN3L,KLF5,1,4,1.0,0.9606506
DUB|Q9UPT9|O60341,DUB|Q9UPT9,DUB,Q9UPT9,O60341,USP22,KDM1A,1,4,1.0,0.96357375
DUB|Q9UPT9|O75461,DUB|Q9UPT9,DUB,Q9UPT9,O75461,USP22,E2F6,1,4,1.0,0.9441583
DUB|Q9UPT9|P00533,DUB|Q9UPT9,DUB,Q9UPT9,P00533,USP22,EGFR,1,4,1.0,0.5652946
DUB|Q9UPT9|P01106,DUB|Q9UPT9,DUB,Q9UPT9,P01106,USP22,MYC,1,4,1.0,0.9660094
DUB|Q9UPT9|P09467,DUB|Q9UPT9,DUB,Q9UPT9,P09467,USP22,FBP1,1,4,1.0,0.96624273
DUB|Q9UPT9|P0C0S8,DUB|Q9UPT9,DUB,Q9UPT9,P0C0S8,USP22,HIST1H2AM,1,4,1.0,0.9611281
DUB|Q9UPT9|P14635,DUB|Q9UPT9,DUB,Q9UPT9,P14635,USP22,CCNB1,1,4,1.0,0.9546856
DUB|Q9UPT9|P14780,DUB|Q9UPT9,DUB,Q9UPT9,P14780,USP22,MMP9,1,4,1.0,0.21089579
DUB|Q9UPT9|P35226,DUB|Q9UPT9,DUB,Q9UPT9,P35226,USP22,BMI1,1,4,1.0,0.96343553
DUB|Q9UPT9|P35354,DUB|Q9UPT9,DUB,Q9UPT9,P35354,USP22,PTGS2,1,4,1.0,0.44264567
DUB|Q9UPT9|P46937,DUB|Q9UPT9,DUB,Q9UPT9,P46937,USP22,YAP1,1,4,1.0,0.9284209
DUB|Q9UPT9|P48431,DUB|Q9UPT9,DUB,Q9UPT9,P48431,USP22,SOX2,1,4,1.0,0.9596497
DUB|Q9UPT9|P54274,DUB|Q9UPT9,DUB,Q9UPT9,P54274,USP22,TERF1,1,4,1.0,0.9516477
DUB|Q9UPT9|P62807,DUB|Q9UPT9,DUB,Q9UPT9,P62807,USP22,HIST1H2BI,1,4,1.0,0.96534115
DUB|Q9UPT9|Q13469,DUB|Q9UPT9,DUB,Q9UPT9,Q13469,USP22,NFATC2,1,4,1.0,0.95344734
DUB|Q9UPT9|Q14469,DUB|Q9UPT9,DUB,Q9UPT9,Q14469,USP22,HES1,1,4,1.0,0.96287316
DUB|Q9UPT9|Q15465,DUB|Q9UPT9,DUB,Q9UPT9,Q15465,USP22,SHH,1,4,1.0,0.24305132
DUB|Q9UPT9|Q16665,DUB|Q9UPT9,DUB,Q9UPT9,Q16665,USP22,HIF1A,1,4,1.0,0.96626216
DUB|Q9UPT9|Q16777,DUB|Q9UPT9,DUB,Q9UPT9,Q16777,USP22,HIST2H2AC,1,4,1.0,0.9631957
DUB|Q9UPT9|Q16778,DUB|Q9UPT9,DUB,Q9UPT9,Q16778,USP22,HIST2H2BE,1,4,1.0,0.96634346
DUB|Q9UPT9|Q86WV6,DUB|Q9UPT9,DUB,Q9UPT9,Q86WV6,USP22,TMEM173,1,4,1.0,0.67162234
DUB|Q9UPT9|Q92905,DUB|Q9UPT9,DUB,Q9UPT9,Q92905,USP22,COPS5,1,4,1.0,0.9628637
DUB|Q9UPT9|Q96EB6,DUB|Q9UPT9,DUB,Q9UPT9,Q96EB6,USP22,SIRT1,1,4,1.0,0.94718313
DUB|Q9UPT9|Q9NZQ7,DUB|Q9UPT9,DUB,Q9UPT9,Q9NZQ7,USP22,CD274,1,4,1.0,0.47614628
DUB|Q9UPU5|O75385,DUB|Q9UPU5,DUB,Q9UPU5,O75385,USP24,ULK1,1,4,1.0,0.8842507
DUB|Q9UPU5|P04637,DUB|Q9UPU5,DUB,Q9UPU5,P04637,USP24,TP53,1,4,1.0,0.94781595
DUB|Q9UPU5|Q92466,DUB|Q9UPU5,DUB,Q9UPU5,Q92466,USP24,DDB2,1,4,1.0,0.96196544
DUB|Q9Y5E6|P19838,DUB|Q9Y5E6,DUB,Q9Y5E6,P19838,PCDHB3,NFKB1,1,4,1.0,0.40763482
DUB|Q9Y6I4|O14757,DUB|Q9Y6I4,DUB,Q9Y6I4,O14757,USP3,CHEK1,1,4,1.0,0.9462286
DUB|Q9Y6I4|O95786,DUB|Q9Y6I4,DUB,Q9Y6I4,O95786,USP3,DDX58,1,4,1.0,0.9484306
DUB|Q9Y6I4|O95863,DUB|Q9Y6I4,DUB,Q9Y6I4,O95863,USP3,SNAI1,1,4,1.0,0.96339834
DUB|Q9Y6I4|P04198,DUB|Q9Y6I4,DUB,Q9Y6I4,P04198,USP3,MYCN,1,4,1.0,0.9573423
DUB|Q9Y6I4|P04637,DUB|Q9Y6I4,DUB,Q9Y6I4,P04637,USP3,TP53,1,4,1.0,0.9526488
DUB|Q9Y6I4|P0C0S8,DUB|Q9Y6I4,DUB,Q9Y6I4,P0C0S8,USP3,HIST1H2AM,1,4,1.0,0.96142125
DUB|Q9Y6I4|P16104,DUB|Q9Y6I4,DUB,Q9Y6I4,P16104,USP3,H2AFX,1,4,1.0,0.96228224
DUB|Q9Y6I4|P30304,DUB|Q9Y6I4,DUB,Q9Y6I4,P30304,USP3,CDC25A,1,4,1.0,0.9628558
DUB|Q9Y6I4|P62807,DUB|Q9Y6I4,DUB,Q9Y6I4,P62807,USP3,HIST1H2BI,1,4,1.0,0.963768
DUB|Q9Y6I4|Q01860,DUB|Q9Y6I4,DUB,Q9Y6I4,Q01860,USP3,POU5F1,1,4,1.0,0.95960194
DUB|Q9Y6I4|Q13887,DUB|Q9Y6I4,DUB,Q9Y6I4,Q13887,USP3,KLF5,1,4,1.0,0.94554406
DUB|Q9Y6I4|Q15022,DUB|Q9Y6I4,DUB,Q9Y6I4,Q15022,USP3,SUZ12,1,4,1.0,0.95701545
DUB|Q9Y6I4|Q16777,DUB|Q9Y6I4,DUB,Q9Y6I4,Q16777,USP3,HIST2H2AC,1,4,1.0,0.96266294
DUB|Q9Y6I4|Q16778,DUB|Q9Y6I4,DUB,Q9Y6I4,Q16778,USP3,HIST2H2BE,1,4,1.0,0.9654627
DUB|Q9Y6I4|Q96RL1,DUB|Q9Y6I4,DUB,Q9Y6I4,Q96RL1,USP3,UIMC1,1,4,1.0,0.9643061
DUB|Q9Y6I4|Q9H9S0,DUB|Q9Y6I4,DUB,Q9Y6I4,Q9H9S0,USP3,NANOG,1,4,1.0,0.955695
DUB|Q9Y6I4|Q9HAW4,DUB|Q9Y6I4,DUB,Q9Y6I4,Q9HAW4,USP3,CLSPN,1,4,1.0,0.96387345
E3|O00635|Q13887,E3|O00635,E3,O00635,Q13887,TRIM38,KLF5,0,4,0.0,0.9049846
E3|O00635|P00533,E3|O00635,E3,O00635,P00533,TRIM38,EGFR,0,4,0.0,0.8709906
E3|O60337|Q9P2X3,E3|O60337,E3,O60337,Q9P2X3,MARCHF6,IMPACT,0,4,0.0,0.87145776
E3|O60337|Q8TCG1,E3|O60337,E3,O60337,Q8TCG1,MARCHF6,CIP2A,0,4,0.0,0.9520523
E3|O60337|Q9NYY3,E3|O60337,E3,O60337,Q9NYY3,MARCHF6,PLK2,0,4,0.0,0.66813153
E3|O60337|P62993,E3|O60337,E3,O60337,P62993,MARCHF6,GRB2,0,4,0.0,0.91009533
E3|O60683|P49327,E3|O60683,E3,O60683,P49327,PEX10,FASN,0,4,0.0,0.9008383
E3|O60858|P83916,E3|O60858,E3,O60858,P83916,TRIM13,CBX1,0,4,0.0,0.444787
E3|O60858|Q9NS91,E3|O60858,E3,O60858,Q9NS91,TRIM13,RAD18,0,4,0.0,0.73355925
E3|O60858|P19419,E3|O60858,E3,O60858,P19419,TRIM13,ELK1,0,4,0.0,0.6735106
E3|O60858|Q9UPN4,E3|O60858,E3,O60858,Q9UPN4,TRIM13,CEP131,0,4,0.0,0.9313683
E3|O60858|Q8NEA6,E3|O60858,E3,O60858,Q8NEA6,TRIM13,GLIS3,0,4,0.0,0.8589878
E3|O60858|O95149,E3|O60858,E3,O60858,O95149,TRIM13,SNUPN,0,4,0.0,0.6703358
E3|O60858|Q9BXS6,E3|O60858,E3,O60858,Q9BXS6,TRIM13,NUSAP1,0,4,0.0,0.80182505
E3|O60858|Q15233,E3|O60858,E3,O60858,Q15233,TRIM13,NONO,0,4,0.0,0.46411902
E3|O60858|Q8TCG1,E3|O60858,E3,O60858,Q8TCG1,TRIM13,CIP2A,0,4,0.0,0.962704
E3|O60858|P49959,E3|O60858,E3,O60858,P49959,TRIM13,MRE11,0,4,0.0,0.9160736
E3|O75150|Q9NR09,E3|O75150,E3,O75150,Q9NR09,RNF40,BIRC6,0,4,0.0,0.8767873
E3|O75150|P10911,E3|O75150,E3,O75150,P10911,RNF40,MCF2,0,4,0.0,0.28009456
E3|O75150|P61073,E3|O75150,E3,O75150,P61073,RNF40,CXCR4,0,4,0.0,0.33234772
E3|O75150|P19367,E3|O75150,E3,O75150,P19367,RNF40,HK1,0,4,0.0,0.7573422
E3|O75159|P26006,E3|O75159,E3,O75159,P26006,SOCS5,ITGA3,0,4,0.0,0.9262407
E3|O75159|P63165,E3|O75159,E3,O75159,P63165,SOCS5,SUMO1,0,4,0.0,0.968229
E3|O75159|P41182,E3|O75159,E3,O75159,P41182,SOCS5,BCL6,0,4,0.0,0.85125464
E3|O75159|P49281,E3|O75159,E3,O75159,P49281,SOCS5,SLC11A2,0,4,0.0,0.9252153
E3|O75928|O15354,E3|O75928,E3,O75928,O15354,PIAS2,GPR37,0,4,0.0,0.272651
E3|O75928|P61073,E3|O75928,E3,O75928,P61073,PIAS2,CXCR4,0,4,0.0,0.32043272
E3|O95786|Q01664,E3|O95786,E3,O95786,Q01664,DDX58,TFAP4,0,4,0.0,0.90324646
E3|O95786|Q9UNN5,E3|O95786,E3,O95786,Q9UNN5,DDX58,FAF1,0,4,0.0,0.96147203
E3|P0C2W1|Q9H074,E3|P0C2W1,E3,P0C2W1,Q9H074,FBXO45,PAIP1,0,4,0.0,0.42258525
E3|P0C2W1|Q9I788,E3|P0C2W1,E3,P0C2W1,Q9I788,FBXO45,exoT,0,4,0.0,0.948627
E3|P0C2W1|P49915,E3|P0C2W1,E3,P0C2W1,P49915,FBXO45,GMPS,0,4,0.0,0.3842182
E3|P12830|P51825,E3|P12830,E3,P12830,P51825,CDH1,AFF1,0,4,0.0,0.6199818
E3|P37231|P63252,E3|P37231,E3,P37231,P63252,PPARG,KCNJ2,0,4,0.0,0.22641742
E3|P46934|O95147,E3|P46934,E3,P46934,O95147,NEDD4,NEK2,0,4,0.0,0.92736435
E3|P46934|O76013,E3|P46934,E3,P46934,O76013,NEDD4,KRT36,0,4,0.0,0.9427422
E3|P46934|P06790,E3|P46934,E3,P46934,P06790,NEDD4,E2,0,4,0.0,0.9291597
E3|P46934|Q29974,E3|P46934,E3,P46934,Q29974,NEDD4,HLA-DRB1,0,4,0.0,0.9660383
E3|P46934|Q2PQ59,E3|P46934,E3,P46934,Q2PQ59,NEDD4,TOP2alpha,0,4,0.0,0.71724033
E3|P46934|Q13233,E3|P46934,E3,P46934,Q13233,NEDD4,MAP3K1,0,4,0.0,0.8853788
E3|P46934|O00763,E3|P46934,E3,P46934,O00763,NEDD4,ACACB,0,4,0.0,0.9094829
E3|P46934|Q30134,E3|P46934,E3,P46934,Q30134,NEDD4,HLA-DRB1,0,4,0.0,0.968562
E3|P46934|Q6ZWH5,E3|P46934,E3,P46934,Q6ZWH5,NEDD4,NEK10,0,4,0.0,0.9028627
E3|P46934|Q9H9R9,E3|P46934,E3,P46934,Q9H9R9,NEDD4,DBNDD1,0,4,0.0,0.9619886
E3|P46934|P04085,E3|P46934,E3,P46934,P04085,NEDD4,PDGFA,0,4,0.0,0.8321754
E3|P46934|A4F535,E3|P46934,E3,P46934,A4F535,NEDD4,P,0,4,0.0,0.9478051
E3|P46934|Q08AJ9,E3|P46934,E3,P46934,Q08AJ9,NEDD4,HIST1H2AB,0,4,0.0,0.94994855
E3|P46934|Q9Y2R9,E3|P46934,E3,P46934,Q9Y2R9,NEDD4,MRPS7,0,4,0.0,0.89303195
E3|P46934|P19429,E3|P46934,E3,P46934,P19429,NEDD4,TNNI3,0,4,0.0,0.924376
E3|P53804|P02765,E3|P53804,E3,P53804,P02765,TTC3,AHSG,0,4,0.0,0.96089613
E3|P90495|Q30134,E3|P90495,E3,P90495,Q30134,K3,HLA-DRB1,0,4,0.0,0.966858
E3|P90495|Q96GM5,E3|P90495,E3,P90495,Q96GM5,K3,SMARCD1,0,4,0.0,0.7468394
E3|P90495|P08133,E3|P90495,E3,P90495,P08133,K3,ANXA6,0,4,0.0,0.9571556
E3|P90495|P41595,E3|P90495,E3,P90495,P41595,K3,HTR2B,0,4,0.0,0.90464944
E3|P90495|Q9UGK3,E3|P90495,E3,P90495,Q9UGK3,K3,STAP2,0,4,0.0,0.9526701
E3|P90495|O14730,E3|P90495,E3,P90495,O14730,K3,RIOK3,0,4,0.0,0.943588
E3|P98170|Q03135,E3|P98170,E3,P98170,Q03135,XIAP,CAV1,0,4,0.0,0.8739932
E3|P98170|P19634,E3|P98170,E3,P98170,P19634,XIAP,SLC9A1,0,4,0.0,0.6890347
E3|P98170|Q15849,E3|P98170,E3,P98170,Q15849,XIAP,SLC14A2,0,4,0.0,0.8471168
E3|P98170|P31785,E3|P98170,E3,P98170,P31785,XIAP,IL2RG,0,4,0.0,0.64769596
E3|P98170|Q8NEG5,E3|P98170,E3,P98170,Q8NEG5,XIAP,ZSWIM2,0,4,0.0,0.95577675
E3|P98170|P10523,E3|P98170,E3,P98170,P10523,XIAP,SAG,0,4,0.0,0.9667819
E3|P98170|P13760,E3|P98170,E3,P98170,P13760,XIAP,HLA-DRB1,0,4,0.0,0.89910114
E3|P98170|Q7Z4L4,E3|P98170,E3,P98170,Q7Z4L4,XIAP,TNIK,0,4,0.0,0.96724474
E3|Q12834|P15151,E3|Q12834,E3,Q12834,P15151,CDC20,PVR,0,4,0.0,0.38287103
E3|Q12834|Q13740,E3|Q12834,E3,Q12834,Q13740,CDC20,ALCAM,0,4,0.0,0.3579944
E3|Q12834|Q08AJ9,E3|Q12834,E3,Q12834,Q08AJ9,CDC20,HIST1H2AB,0,4,0.0,0.96012264
E3|Q12834|Q00059,E3|Q12834,E3,Q12834,Q00059,CDC20,TFAM,0,4,0.0,0.92083883
E3|Q13064|Q96BF3,E3|Q13064,E3,Q13064,Q96BF3,MKRN3,TMIGD2,0,4,0.0,0.4344059
E3|Q13064|Q9UQK1,E3|Q13064,E3,Q13064,Q9UQK1,MKRN3,PPP1R3C,0,4,0.0,0.96316516
E3|Q13114|P30291,E3|Q13114,E3,Q13114,P30291,TRAF3,WEE1,0,4,0.0,0.8980861
E3|Q13114|Q8IYD8,E3|Q13114,E3,Q13114,Q8IYD8,TRAF3,FANCM,0,4,0.0,0.8245101
E3|Q13114|P0C0S5,E3|Q13114,E3,Q13114,P0C0S5,TRAF3,H2AZ1,0,4,0.0,0.7141728
E3|Q13114|O00308,E3|Q13114,E3,Q13114,O00308,TRAF3,WWP2,0,4,0.0,0.8291878
E3|Q13114|Q9UBP5,E3|Q13114,E3,Q13114,Q9UBP5,TRAF3,HEY2,0,4,0.0,0.70422924
E3|Q13114|O60486,E3|Q13114,E3,Q13114,O60486,TRAF3,PLXNC1,0,4,0.0,0.95596224
E3|Q13489|Q9P2F8,E3|Q13489,E3,Q13489,Q9P2F8,BIRC3,SIPA1L2,0,4,0.0,0.9655767
E3|Q13489|Q8N519,E3|Q13489,E3,Q13489,Q8N519,BIRC3,,0,4,0.0,0.9632875
E3|Q13489|Q8ZNR3,E3|Q13489,E3,Q13489,Q8ZNR3,BIRC3,sopA,0,4,0.0,0.9541424
E3|Q13490|O60240,E3|Q13490,E3,Q13490,O60240,BIRC2,PLIN1,0,4,0.0,0.8551157
E3|Q13490|Q9Y5U5,E3|Q13490,E3,Q13490,Q9Y5U5,BIRC2,TNFRSF18,0,4,0.0,0.7821633
E3|Q13490|Q96QD8,E3|Q13490,E3,Q13490,Q96QD8,BIRC2,SLC38A2,0,4,0.0,0.8820798
E3|Q13490|Q03135,E3|Q13490,E3,Q13490,Q03135,BIRC2,CAV1,0,4,0.0,0.9374134
E3|Q13490|Q13571,E3|Q13490,E3,Q13490,Q13571,BIRC2,LAPTM5,0,4,0.0,0.9519745
E3|Q13490|Q13794,E3|Q13490,E3,Q13490,Q13794,BIRC2,PMAIP1,0,4,0.0,0.9380817
E3|Q13490|P56750,E3|Q13490,E3,Q13490,P56750,BIRC2,CLDN17,0,4,0.0,0.87552005
E3|Q13490|Q8N8V4,E3|Q13490,E3,Q13490,Q8N8V4,BIRC2,ANKS4B,0,4,0.0,0.88355505
E3|Q13490|Q9NYJ7,E3|Q13490,E3,Q13490,Q9NYJ7,BIRC2,DLL3,0,4,0.0,0.92886573
E3|Q13490|Q99062,E3|Q13490,E3,Q13490,Q99062,BIRC2,CSF3R,0,4,0.0,0.79721415
E3|Q13490|P16234,E3|Q13490,E3,Q13490,P16234,BIRC2,PDGFRA,0,4,0.0,0.89709157
E3|Q13490|P36897,E3|Q13490,E3,Q13490,P36897,BIRC2,TGFBR1,0,4,0.0,0.92406243
E3|Q13490|Q92734,E3|Q13490,E3,Q13490,Q92734,BIRC2,TFG,0,4,0.0,0.96271425
E3|Q13490|O15431,E3|Q13490,E3,Q13490,O15431,BIRC2,SLC31A1,0,4,0.0,0.88350296
E3|Q13490|Q15836,E3|Q13490,E3,Q13490,Q15836,BIRC2,VAMP3,0,4,0.0,0.9535394
E3|Q15386|P03345,E3|Q15386,E3,Q15386,P03345,UBE3C,gag,0,4,0.0,0.96490663
E3|Q15386|P24385,E3|Q15386,E3,Q15386,P24385,UBE3C,CCND1,0,4,0.0,0.9609185
E3|Q15386|Q13546,E3|Q15386,E3,Q15386,Q13546,UBE3C,RIPK1,0,4,0.0,0.7570249
E3|Q15386|P54727,E3|Q15386,E3,Q15386,P54727,UBE3C,RAD23B,0,4,0.0,0.96111643
E3|Q15386|Q9UM07,E3|Q15386,E3,Q15386,Q9UM07,UBE3C,PADI4,0,4,0.0,0.9650401
E3|Q15386|P35613,E3|Q15386,E3,Q15386,P35613,UBE3C,BSG,0,4,0.0,0.70001376
E3|Q15386|P35226,E3|Q15386,E3,Q15386,P35226,UBE3C,BMI1,0,4,0.0,0.9517439
E3|Q15386|Q9P2X3,E3|Q15386,E3,Q15386,Q9P2X3,UBE3C,IMPACT,0,4,0.0,0.94145066
E3|Q15386|O95149,E3|Q15386,E3,Q15386,O95149,UBE3C,SNUPN,0,4,0.0,0.9643243
E3|Q15386|Q92844,E3|Q15386,E3,Q15386,Q92844,UBE3C,TANK,0,4,0.0,0.9627439
E3|Q2Q1W2|P62745,E3|Q2Q1W2,E3,Q2Q1W2,P62745,TRIM71,RHOB,0,4,0.0,0.2727299
E3|Q5U5R9|P35226,E3|Q5U5R9,E3,Q5U5R9,P35226,HECTD2,BMI1,0,4,0.0,0.95910734
E3|Q5U5R9|Q96QV6,E3|Q5U5R9,E3,Q5U5R9,Q96QV6,HECTD2,H2AC1,0,4,0.0,0.9569514
E3|Q5VTB9|Q12809,E3|Q5VTB9,E3,Q5VTB9,Q12809,RNF220,KCNH2,0,4,0.0,0.36372408
E3|Q5VTB9|O60294,E3|Q5VTB9,E3,Q5VTB9,O60294,RNF220,LCMT2,0,4,0.0,0.96114033
E3|Q66K89|P16284,E3|Q66K89,E3,Q66K89,P16284,E4F1,PECAM1,0,4,0.0,0.69367325
E3|Q693B1|P49918,E3|Q693B1,E3,Q693B1,P49918,KCTD11,CDKN1C,0,4,0.0,0.9631857
E3|Q693B1|Q9Y6Q9,E3|Q693B1,E3,Q693B1,Q9Y6Q9,KCTD11,NCOA3,0,4,0.0,0.95058095
E3|Q6PCT2|Q30134,E3|Q6PCT2,E3,Q6PCT2,Q30134,FBXL19,HLA-DRB1,0,4,0.0,0.7246033
E3|Q6PCT2|P29965,E3|Q6PCT2,E3,Q6PCT2,P29965,FBXL19,CD40LG,0,4,0.0,0.5118637
E3|Q6UWE0|A0A1B0GVQ0,E3|Q6UWE0,E3,Q6UWE0,A0A1B0GVQ0,LRSAM1,SPAAR,0,4,0.0,0.6433168
E3|Q6UWE0|A6MI22,E3|Q6UWE0,E3,Q6UWE0,A6MI22,LRSAM1,tat,0,4,0.0,0.9676801
E3|Q6UWE0|Q15784,E3|Q6UWE0,E3,Q6UWE0,Q15784,LRSAM1,NEUROD2,0,4,0.0,0.96416205
E3|Q6X9E4|Q9UHD9,E3|Q6X9E4,E3,Q6X9E4,Q9UHD9,FBXW12,UBQLN2,0,4,0.0,0.9215188
E3|Q6X9E4|Q30154,E3|Q6X9E4,E3,Q6X9E4,Q30154,FBXW12,HLA-DRB5,0,4,0.0,0.31533727
E3|Q7Z6E9|Q9H5V8,E3|Q7Z6E9,E3,Q7Z6E9,Q9H5V8,RBBP6,CDCP1,0,4,0.0,0.3985403
E3|Q86T96|Q6UVJ0,E3|Q86T96,E3,Q86T96,Q6UVJ0,RNF180,SASS6,0,4,0.0,0.6798683
E3|Q86TM6|P68133,E3|Q86TM6,E3,Q86TM6,P68133,SYVN1,ACTA1,0,4,0.0,0.9054605
E3|Q86TM6|P24864,E3|Q86TM6,E3,Q86TM6,P24864,SYVN1,CCNE1,0,4,0.0,0.75805867
E3|Q86TM6|Q9Y577,E3|Q86TM6,E3,Q86TM6,Q9Y577,SYVN1,TRIM17,0,4,0.0,0.9683336
E3|Q86TM6|Q13422,E3|Q86TM6,E3,Q86TM6,Q13422,SYVN1,IKZF1,0,4,0.0,0.5292718
E3|Q86TM6|Q8N726,E3|Q86TM6,E3,Q86TM6,Q8N726,SYVN1,CDKN2A,0,4,0.0,0.9413278
E3|Q86TM6|Q9P270,E3|Q86TM6,E3,Q86TM6,Q9P270,SYVN1,SLAIN2,0,4,0.0,0.89986545
E3|Q86TM6|Q8NDV7,E3|Q86TM6,E3,Q86TM6,Q8NDV7,SYVN1,TNRC6A,0,4,0.0,0.6763142
E3|Q86TM6|Q96FA3,E3|Q86TM6,E3,Q86TM6,Q96FA3,SYVN1,PELI1,0,4,0.0,0.93243843
E3|Q86TM6|P23921,E3|Q86TM6,E3,Q86TM6,P23921,SYVN1,RRM1,0,4,0.0,0.7589905
E3|Q86TM6|O60315,E3|Q86TM6,E3,Q86TM6,O60315,SYVN1,ZEB2,0,4,0.0,0.4398991
E3|Q86TM6|Q16777,E3|Q86TM6,E3,Q86TM6,Q16777,SYVN1,H2AC20,0,4,0.0,0.6534866
E3|Q86TM6|Q5VSY0,E3|Q86TM6,E3,Q86TM6,Q5VSY0,SYVN1,GKAP1,0,4,0.0,0.96482134
E3|Q86TM6|Q16656,E3|Q86TM6,E3,Q86TM6,Q16656,SYVN1,NRF1,0,4,0.0,0.5873969
E3|Q86TM6|Q9NVF7,E3|Q86TM6,E3,Q86TM6,Q9NVF7,SYVN1,FBXO28,0,4,0.0,0.9410607
E3|Q86TM6|Q13485,E3|Q86TM6,E3,Q86TM6,Q13485,SYVN1,SMAD4,0,4,0.0,0.7124264
E3|Q86TM6|Q96BN8,E3|Q86TM6,E3,Q86TM6,Q96BN8,SYVN1,OTULIN,0,4,0.0,0.91923124
E3|Q86TM6|Q8TEY7,E3|Q86TM6,E3,Q86TM6,Q8TEY7,SYVN1,USP33,0,4,0.0,0.9511406
E3|Q86TM6|Q9UIH9,E3|Q86TM6,E3,Q86TM6,Q9UIH9,SYVN1,KLF15,0,4,0.0,0.51556635
E3|Q86TM6|Q9Y5R6,E3|Q86TM6,E3,Q86TM6,Q9Y5R6,SYVN1,DMT1,0,4,0.0,0.7192148
E3|Q86TM6|Q8N2W9,E3|Q86TM6,E3,Q86TM6,Q8N2W9,SYVN1,PIAS4,0,4,0.0,0.6809345
E3|Q86TM6|Q04724,E3|Q86TM6,E3,Q86TM6,Q04724,SYVN1,TLE1,0,4,0.0,0.41683528
E3|Q86TM6|Q99878,E3|Q86TM6,E3,Q86TM6,Q99878,SYVN1,H2AC14,0,4,0.0,0.6298599
E3|Q86TM6|Q9Y5K5,E3|Q86TM6,E3,Q86TM6,Q9Y5K5,SYVN1,UCHL5,0,4,0.0,0.8099636
E3|Q86TM6|O15350,E3|Q86TM6,E3,Q86TM6,O15350,SYVN1,TP73,0,4,0.0,0.68141574
E3|Q86TM6|Q9ULJ7,E3|Q86TM6,E3,Q86TM6,Q9ULJ7,SYVN1,ANKRD50,0,4,0.0,0.9600116
E3|Q8IUQ4|Q96BF3,E3|Q8IUQ4,E3,Q8IUQ4,Q96BF3,SIAH1,TMIGD2,0,4,0.0,0.5048684
E3|Q8IUQ4|P30304,E3|Q8IUQ4,E3,Q8IUQ4,P30304,SIAH1,CDC25A,0,4,0.0,0.9662311
E3|Q8IUQ4|P35613,E3|Q8IUQ4,E3,Q8IUQ4,P35613,SIAH1,BSG,0,4,0.0,0.76533693
E3|Q8IUQ4|Q29974,E3|Q8IUQ4,E3,Q8IUQ4,Q29974,SIAH1,HLA-DRB1,0,4,0.0,0.9463724
E3|Q8IUQ4|P42336,E3|Q8IUQ4,E3,Q8IUQ4,P42336,SIAH1,PIK3CA,0,4,0.0,0.9601906
E3|Q8IUQ4|Q93070,E3|Q8IUQ4,E3,Q8IUQ4,Q93070,SIAH1,ART4,0,4,0.0,0.54629374
E3|Q8IUQ4|Q15726,E3|Q8IUQ4,E3,Q8IUQ4,Q15726,SIAH1,KISS1,0,4,0.0,0.28640383
E3|Q8IUQ4|Q13873,E3|Q8IUQ4,E3,Q8IUQ4,Q13873,SIAH1,BMPR2,0,4,0.0,0.5612367
E3|Q8IUQ4|O75473,E3|Q8IUQ4,E3,Q8IUQ4,O75473,SIAH1,LGR5,0,4,0.0,0.5291388
E3|Q8IUQ4|P10523,E3|Q8IUQ4,E3,Q8IUQ4,P10523,SIAH1,SAG,0,4,0.0,0.96788275
E3|Q8IUQ4|P21796,E3|Q8IUQ4,E3,Q8IUQ4,P21796,SIAH1,VDAC1,0,4,0.0,0.8436284
E3|Q8IUQ4|Q12809,E3|Q8IUQ4,E3,Q8IUQ4,Q12809,SIAH1,KCNH2,0,4,0.0,0.57919496
E3|Q8IUQ4|Q9Y5M8,E3|Q8IUQ4,E3,Q8IUQ4,Q9Y5M8,SIAH1,SRPRB,0,4,0.0,0.89946234
E3|Q8IUQ4|P08393,E3|Q8IUQ4,E3,Q8IUQ4,P08393,SIAH1,ICP0,0,4,0.0,0.9568046
E3|Q8IUQ4|Q8ZNR3,E3|Q8IUQ4,E3,Q8IUQ4,Q8ZNR3,SIAH1,sopA,0,4,0.0,0.95742726
E3|Q8IUQ4|Q00059,E3|Q8IUQ4,E3,Q8IUQ4,Q00059,SIAH1,TFAM,0,4,0.0,0.94084394
E3|Q8IUQ4|P10644,E3|Q8IUQ4,E3,Q8IUQ4,P10644,SIAH1,PRKAR1A,0,4,0.0,0.86082405
E3|Q8IUQ4|Q8N5C8,E3|Q8IUQ4,E3,Q8IUQ4,Q8N5C8,SIAH1,TAB3,0,4,0.0,0.96806586
E3|Q8IUQ4|P33527,E3|Q8IUQ4,E3,Q8IUQ4,P33527,SIAH1,ABCC1,0,4,0.0,0.5909927
E3|Q8IUQ4|Q9UJA2,E3|Q8IUQ4,E3,Q8IUQ4,Q9UJA2,SIAH1,CRLS1,0,4,0.0,0.7353602
E3|Q8IUQ4|Q96HE7,E3|Q8IUQ4,E3,Q8IUQ4,Q96HE7,SIAH1,ERO1A,0,4,0.0,0.39407566
E3|Q8IUQ4|O00459,E3|Q8IUQ4,E3,Q8IUQ4,O00459,SIAH1,PIK3R2,0,4,0.0,0.95416856
E3|Q8IX12|Q13564,E3|Q8IX12,E3,Q8IX12,Q13564,CCAR1,NAE1,0,4,0.0,0.34278762
E3|Q8N531|Q04725,E3|Q8N531,E3,Q8N531,Q04725,FBXL6,TLE2,0,4,0.0,0.9635238
E3|Q8N531|P98161,E3|Q8N531,E3,Q8N531,P98161,FBXL6,PKD1,0,4,0.0,0.3381239
E3|Q8N8N0|O43395,E3|Q8N8N0,E3,Q8N8N0,O43395,RNF152,PRPF3,0,4,0.0,0.4135555
E3|Q8N8N0|P35712,E3|Q8N8N0,E3,Q8N8N0,P35712,RNF152,SOX6,0,4,0.0,0.3269809
E3|Q8N8N0|Q9UBP5,E3|Q8N8N0,E3,Q8N8N0,Q9UBP5,RNF152,HEY2,0,4,0.0,0.48141897
E3|Q8N8N0|P16104,E3|Q8N8N0,E3,Q8N8N0,P16104,RNF152,H2AX,0,4,0.0,0.5213283
E3|Q8N8N0|Q8N6M0,E3|Q8N8N0,E3,Q8N8N0,Q8N6M0,RNF152,OTUD6B,0,4,0.0,0.64204574
E3|Q8NFZ0|P10193,E3|Q8NFZ0,E3,Q8NFZ0,P10193,FBXO18,UL9,0,4,0.0,0.45267698
E3|Q8NFZ0|P11021,E3|Q8NFZ0,E3,Q8NFZ0,P11021,FBXO18,HSPA5,0,4,0.0,0.94808
E3|Q8NFZ0|Q96A32,E3|Q8NFZ0,E3,Q8NFZ0,Q96A32,FBXO18,MYLPF,0,4,0.0,0.9558541
E3|Q8NFZ0|Q5Y7A7,E3|Q8NFZ0,E3,Q8NFZ0,Q5Y7A7,FBXO18,HLA-DRB1,0,4,0.0,0.95469856
E3|Q8NFZ0|Q9P0P0,E3|Q8NFZ0,E3,Q8NFZ0,Q9P0P0,FBXO18,RNF181,0,4,0.0,0.96611136
E3|Q8TB52|P10070,E3|Q8TB52,E3,Q8TB52,P10070,FBXO30,GLI2,0,4,0.0,0.9593129
E3|Q8TB52|Q8NDV7,E3|Q8TB52,E3,Q8TB52,Q8NDV7,FBXO30,TNRC6A,0,4,0.0,0.9652394
E3|Q8TEB1|P19429,E3|Q8TEB1,E3,Q8TEB1,P19429,DCAF11,TNNI3,0,4,0.0,0.9629887
E3|Q8TEB1|P30305,E3|Q8TEB1,E3,Q8TEB1,P30305,DCAF11,CDC25B,0,4,0.0,0.9543551
E3|Q8TEB1|Q9BXC9,E3|Q8TEB1,E3,Q8TEB1,Q9BXC9,DCAF11,BBS2,0,4,0.0,0.9519507
E3|Q8TEB1|P43357,E3|Q8TEB1,E3,Q8TEB1,P43357,DCAF11,MAGEA3,0,4,0.0,0.9627166
E3|Q8TEB1|P08034,E3|Q8TEB1,E3,Q8TEB1,P08034,DCAF11,GJB1,0,4,0.0,0.4603223
E3|Q8TEB1|O00303,E3|Q8TEB1,E3,Q8TEB1,O00303,DCAF11,EIF3F,0,4,0.0,0.96365446
E3|Q8TEB1|Q16342,E3|Q8TEB1,E3,Q8TEB1,Q16342,DCAF11,PDCD2,0,4,0.0,0.96638983
E3|Q8TEB1|O15145,E3|Q8TEB1,E3,Q8TEB1,O15145,DCAF11,ARPC3,0,4,0.0,0.95656157
E3|Q8WV16|O14763,E3|Q8WV16,E3,Q8WV16,O14763,DCAF4,TNFRSF10B,0,4,0.0,0.6830158
E3|Q8WV16|O95863,E3|Q8WV16,E3,Q8WV16,O95863,DCAF4,SNAI1,0,4,0.0,0.9668314
E3|Q8WV16|P51825,E3|Q8WV16,E3,Q8WV16,P51825,DCAF4,AFF1,0,4,0.0,0.96327156
E3|Q8WV16|P04908,E3|Q8WV16,E3,Q8WV16,P04908,DCAF4,H2AC4,0,4,0.0,0.9638874
E3|Q8WZ73|Q04725,E3|Q8WZ73,E3,Q8WZ73,Q04725,RFFL,TLE2,0,4,0.0,0.45247647
E3|Q8WZ73|B3EWF7,E3|Q8WZ73,E3,Q8WZ73,B3EWF7,RFFL,EPM2A,0,4,0.0,0.5984759
E3|Q8WZ73|Q969R5,E3|Q8WZ73,E3,Q8WZ73,Q969R5,RFFL,L3MBTL2,0,4,0.0,0.34659934
E3|Q92466|P43403,E3|Q92466,E3,Q92466,P43403,DDB2,ZAP70,0,4,0.0,0.66723955
E3|Q92466|Q15388,E3|Q92466,E3,Q92466,Q15388,DDB2,TOMM20,0,4,0.0,0.80715865
E3|Q92466|O14974,E3|Q92466,E3,Q92466,O14974,DDB2,PPP1R12A,0,4,0.0,0.9496524
E3|Q92466|P35626,E3|Q92466,E3,Q92466,P35626,DDB2,ADRBK2,0,4,0.0,0.9240764
E3|Q92466|Q8TB46,E3|Q92466,E3,Q92466,Q8TB46,DDB2,ANKRD50,0,4,0.0,0.93210185
E3|Q969H0|Q8N6M0,E3|Q969H0,E3,Q969H0,Q8N6M0,FBXW7,OTUD6B,0,4,0.0,0.96249336
E3|Q969H0|Q9ULJ7,E3|Q969H0,E3,Q969H0,Q9ULJ7,FBXW7,ANKRD50,0,4,0.0,0.42751846
E3|Q969H0|P04839,E3|Q969H0,E3,Q969H0,P04839,FBXW7,CYBB,0,4,0.0,0.27557266
E3|Q969H0|Q93070,E3|Q969H0,E3,Q969H0,Q93070,FBXW7,ART4,0,4,0.0,0.2976011
E3|Q969H0|P56750,E3|Q969H0,E3,Q969H0,P56750,FBXW7,CLDN17,0,4,0.0,0.32368022
E3|Q969H0|Q9H9R9,E3|Q969H0,E3,Q969H0,Q9H9R9,FBXW7,DBNDD1,0,4,0.0,0.92976904
E3|Q969H0|P40238,E3|Q969H0,E3,Q969H0,P40238,FBXW7,MPL,0,4,0.0,0.296929
E3|Q969H0|P15259,E3|Q969H0,E3,Q969H0,P15259,FBXW7,PGAM2,0,4,0.0,0.9561592
E3|Q969H0|P16234,E3|Q969H0,E3,Q969H0,P16234,FBXW7,PDGFRA,0,4,0.0,0.34033933
E3|Q969H0|P37173,E3|Q969H0,E3,Q969H0,P37173,FBXW7,TGFBR2,0,4,0.0,0.32499862
E3|Q969H0|P21709,E3|Q969H0,E3,Q969H0,P21709,FBXW7,EPHA1,0,4,0.0,0.3609501
E3|Q969H0|P22304,E3|Q969H0,E3,Q969H0,P22304,FBXW7,IDS,0,4,0.0,0.39793694
E3|Q969H0|Q9UJA2,E3|Q969H0,E3,Q969H0,Q9UJA2,FBXW7,CRLS1,0,4,0.0,0.5167094
E3|Q969H0|Q14558,E3|Q969H0,E3,Q969H0,Q14558,FBXW7,PRPSAP1,0,4,0.0,0.9628708
E3|Q969H0|Q8NHL6,E3|Q969H0,E3,Q969H0,Q8NHL6,FBXW7,LILRB1,0,4,0.0,0.22670542
E3|Q969H0|P15813,E3|Q969H0,E3,Q969H0,P15813,FBXW7,CD1D,0,4,0.0,0.28485167
E3|Q969H0|Q8N8V4,E3|Q969H0,E3,Q969H0,Q8N8V4,FBXW7,ANKS4B,0,4,0.0,0.28824797
E3|Q969H0|A6MI22,E3|Q969H0,E3,Q969H0,A6MI22,FBXW7,tat,0,4,0.0,0.9604962
E3|Q969H0|Q9P126,E3|Q969H0,E3,Q969H0,Q9P126,FBXW7,CLEC1B,0,4,0.0,0.76341987
E3|Q969H0|Q95IE3,E3|Q969H0,E3,Q969H0,Q95IE3,FBXW7,HLA-DRB1,0,4,0.0,0.93049914
E3|Q969H0|P55017,E3|Q969H0,E3,Q969H0,P55017,FBXW7,SLC12A3,0,4,0.0,0.30632845
E3|Q969H0|P10523,E3|Q969H0,E3,Q969H0,P10523,FBXW7,SAG,0,4,0.0,0.9598425
E3|Q969H0|P54829,E3|Q969H0,E3,Q969H0,P54829,FBXW7,STK36,0,4,0.0,0.3386052
E3|Q969H0|P10644,E3|Q969H0,E3,Q969H0,P10644,FBXW7,PRKAR1A,0,4,0.0,0.6134298
E3|Q969H0|Q9Y5Y9,E3|Q969H0,E3,Q969H0,Q9Y5Y9,FBXW7,SCN10A,0,4,0.0,0.27949917
E3|Q969H0|P31937,E3|Q969H0,E3,Q969H0,P31937,FBXW7,HIBADH,0,4,0.0,0.5930547
E3|Q969H0|P04843,E3|Q969H0,E3,Q969H0,P04843,FBXW7,RPN1,0,4,0.0,0.859646
E3|Q969H0|O60858,E3|Q969H0,E3,Q969H0,O60858,FBXW7,TRIM13,0,4,0.0,0.4858392
E3|Q969H0|O60883,E3|Q969H0,E3,Q969H0,O60883,FBXW7,GPR37L1,0,4,0.0,0.2812257
E3|Q969H0|P41595,E3|Q969H0,E3,Q969H0,P41595,FBXW7,HTR2B,0,4,0.0,0.2794983
E3|Q969H0|Q9NRC1,E3|Q969H0,E3,Q969H0,Q9NRC1,FBXW7,ST7,0,4,0.0,0.9466949
E3|Q969H0|P43003,E3|Q969H0,E3,Q969H0,P43003,FBXW7,SLC1A3,0,4,0.0,0.3369563
E3|Q96AX9|P25116,E3|Q96AX9,E3,Q96AX9,P25116,MIB2,F2R,0,4,0.0,0.9628836
E3|Q96AX9|Q9NTG7,E3|Q96AX9,E3,Q96AX9,Q9NTG7,MIB2,SIRT3,0,4,0.0,0.9068898
E3|Q96AX9|O75909,E3|Q96AX9,E3,Q96AX9,O75909,MIB2,CCNK,0,4,0.0,0.55463964
E3|Q96AX9|O75525,E3|Q96AX9,E3,Q96AX9,O75525,MIB2,KHDRBS3,0,4,0.0,0.6542813
E3|Q96AX9|Q15742,E3|Q96AX9,E3,Q96AX9,Q15742,MIB2,NAB2,0,4,0.0,0.85318273
E3|Q96AX9|P60002,E3|Q96AX9,E3,Q96AX9,P60002,MIB2,ELOF1,0,4,0.0,0.7207601
E3|Q96AX9|O14763,E3|Q96AX9,E3,Q96AX9,O14763,MIB2,TNFRSF10B,0,4,0.0,0.9696407
E3|Q96AX9|P05412,E3|Q96AX9,E3,Q96AX9,P05412,MIB2,JUN,0,4,0.0,0.5501696
E3|Q96AX9|Q01826,E3|Q96AX9,E3,Q96AX9,Q01826,MIB2,SATB1,0,4,0.0,0.4480961
E3|Q96AX9|P40305,E3|Q96AX9,E3,Q96AX9,P40305,MIB2,IFI27,0,4,0.0,0.9356656
E3|Q96CA5|P53805,E3|Q96CA5,E3,Q96CA5,P53805,BIRC7,RCAN1,0,4,0.0,0.679303
E3|Q96DX5|Q92793,E3|Q96DX5,E3,Q96DX5,Q92793,ASB9,CREBBP,0,4,0.0,0.47389388
E3|Q96DX5|P06733,E3|Q96DX5,E3,Q96DX5,P06733,ASB9,ENO1,0,4,0.0,0.9315468
E3|Q96DX5|Q9NWF9,E3|Q96DX5,E3,Q96DX5,Q9NWF9,ASB9,RNF216,0,4,0.0,0.94725156
E3|Q96EP0|Q9UNK0,E3|Q96EP0,E3,Q96EP0,Q9UNK0,RNF31,STX8,0,4,0.0,0.6720196
E3|Q96EP0|Q01826,E3|Q96EP0,E3,Q96EP0,Q01826,RNF31,SATB1,0,4,0.0,0.8805303
E3|Q96EP0|P37173,E3|Q96EP0,E3,Q96EP0,P37173,RNF31,TGFBR2,0,4,0.0,0.6824889
E3|Q96EP0|Q9ULJ7,E3|Q96EP0,E3,Q96EP0,Q9ULJ7,RNF31,ANKRD50,0,4,0.0,0.7953097
E3|Q96EP0|P54098,E3|Q96EP0,E3,Q96EP0,P54098,RNF31,POLG,0,4,0.0,0.8137204
E3|Q96FA3|Q9H992,E3|Q96FA3,E3,Q96FA3,Q9H992,PELI1,MARCHF7,0,4,0.0,0.9587848
E3|Q96FA3|P00367,E3|Q96FA3,E3,Q96FA3,P00367,PELI1,GLUD1,0,4,0.0,0.9161482
E3|Q96FA3|P12277,E3|Q96FA3,E3,Q96FA3,P12277,PELI1,CKB,0,4,0.0,0.9160382
E3|Q96FA3|Q99062,E3|Q96FA3,E3,Q96FA3,Q99062,PELI1,CSF3R,0,4,0.0,0.5027851
E3|Q96FA3|Q86XT4,E3|Q96FA3,E3,Q96FA3,Q86XT4,PELI1,TRIM50,0,4,0.0,0.96771866
E3|Q96FA3|P01130,E3|Q96FA3,E3,Q96FA3,P01130,PELI1,LDLR,0,4,0.0,0.63354725
E3|Q96FA3|P49675,E3|Q96FA3,E3,Q96FA3,P49675,PELI1,STAR,0,4,0.0,0.8429573
E3|Q96FA3|P03427,E3|Q96FA3,E3,Q96FA3,P03427,PELI1,PB2,0,4,0.0,0.82787293
E3|Q96PU5|O00482,E3|Q96PU5,E3,Q96PU5,O00482,NEDD4L,NR5A2,0,4,0.0,0.7128698
E3|Q96PU5|Q96A32,E3|Q96PU5,E3,Q96PU5,Q96A32,NEDD4L,MYLPF,0,4,0.0,0.8815953
E3|Q96PU5|P31994,E3|Q96PU5,E3,Q96PU5,P31994,NEDD4L,FCGR2B,0,4,0.0,0.94726765
E3|Q96PU5|Q86TM6,E3|Q96PU5,E3,Q96PU5,Q86TM6,NEDD4L,SYVN1,0,4,0.0,0.96353644
E3|Q96PU5|Q12981,E3|Q96PU5,E3,Q96PU5,Q12981,NEDD4L,BNIP1,0,4,0.0,0.91236234
E3|Q96PU5|P23919,E3|Q96PU5,E3,Q96PU5,P23919,NEDD4L,DTYMK,0,4,0.0,0.7665825
E3|Q96PU5|P02765,E3|Q96PU5,E3,Q96PU5,P02765,NEDD4L,AHSG,0,4,0.0,0.947295
E3|Q96PU5|Q13564,E3|Q96PU5,E3,Q96PU5,Q13564,NEDD4L,NAE1,0,4,0.0,0.9654633
E3|Q96PU5|Q96GM5,E3|Q96PU5,E3,Q96PU5,Q96GM5,NEDD4L,SMARCD1,0,4,0.0,0.5961166
E3|Q96PU5|Q9Y5A6,E3|Q96PU5,E3,Q96PU5,Q9Y5A6,NEDD4L,ZSCAN21,0,4,0.0,0.7871121
E3|Q96PU5|Q04912,E3|Q96PU5,E3,Q96PU5,Q04912,NEDD4L,MST1R,0,4,0.0,0.9482308
E3|Q96PU5|P07333,E3|Q96PU5,E3,Q96PU5,P07333,NEDD4L,CSF1R,0,4,0.0,0.9525472
E3|Q96PU5|Q9Y3Z3,E3|Q96PU5,E3,Q96PU5,Q9Y3Z3,NEDD4L,SAMHD1,0,4,0.0,0.85771054
E3|Q96PU5|P23025,E3|Q96PU5,E3,Q96PU5,P23025,NEDD4L,XPA,0,4,0.0,0.7774359
E3|Q96PU5|Q8WW12,E3|Q96PU5,E3,Q96PU5,Q8WW12,NEDD4L,PCNP,0,4,0.0,0.7709182
E3|Q96PU5|Q9NP71,E3|Q96PU5,E3,Q96PU5,Q9NP71,NEDD4L,MLXIPL,0,4,0.0,0.8306428
E3|Q96PU5|P04179,E3|Q96PU5,E3,Q96PU5,P04179,NEDD4L,SOD2,0,4,0.0,0.9191234
E3|Q96PU5|P16070,E3|Q96PU5,E3,Q96PU5,P16070,NEDD4L,CD44,0,4,0.0,0.96957695
E3|Q96PU5|Q5VTR2,E3|Q96PU5,E3,Q96PU5,Q5VTR2,NEDD4L,RNF20,0,4,0.0,0.8491233
E3|Q96PU5|Q08117,E3|Q96PU5,E3,Q96PU5,Q08117,NEDD4L,TLE5,0,4,0.0,0.9642272
E3|Q96PU5|Q9UQK1,E3|Q96PU5,E3,Q96PU5,Q9UQK1,NEDD4L,PPP1R3C,0,4,0.0,0.95965594
E3|Q96PU5|P04439,E3|Q96PU5,E3,Q96PU5,P04439,NEDD4L,HLA-A,0,4,0.0,0.96048015
E3|Q96PU5|Q7L7L0,E3|Q96PU5,E3,Q96PU5,Q7L7L0,NEDD4L,H2AW,0,4,0.0,0.7904842
E3|Q96PU5|P35548,E3|Q96PU5,E3,Q96PU5,P35548,NEDD4L,MSX2,0,4,0.0,0.7828
E3|Q96PU5|Q9NQR1,E3|Q96PU5,E3,Q96PU5,Q9NQR1,NEDD4L,KMT5A,0,4,0.0,0.89538103
E3|Q96PU5|Q8WVD3,E3|Q96PU5,E3,Q96PU5,Q8WVD3,NEDD4L,RNF138,0,4,0.0,0.89521646
E3|Q96PU5|P32314,E3|Q96PU5,E3,Q96PU5,P32314,NEDD4L,FOXN2,0,4,0.0,0.812454
E3|Q96PU5|P30307,E3|Q96PU5,E3,Q96PU5,P30307,NEDD4L,CDC25C,0,4,0.0,0.9212831
E3|Q96PU5|P16401,E3|Q96PU5,E3,Q96PU5,P16401,NEDD4L,H1-5,0,4,0.0,0.9550864
E3|Q96PU5|P19634,E3|Q96PU5,E3,Q96PU5,P19634,NEDD4L,SLC9A1,0,4,0.0,0.95252407
E3|Q96PU5|P49116,E3|Q96PU5,E3,Q96PU5,P49116,NEDD4L,NR2C2,0,4,0.0,0.74248284
E3|Q96PU5|P0DP91,E3|Q96PU5,E3,Q96PU5,P0DP91,NEDD4L,ERCC6,0,4,0.0,0.703347
E3|Q96PU5|Q9Y6D0,E3|Q96PU5,E3,Q96PU5,Q9Y6D0,NEDD4L,SELENOK,0,4,0.0,0.9473004
E3|Q96PU5|Q16875,E3|Q96PU5,E3,Q96PU5,Q16875,NEDD4L,PFKFB3,0,4,0.0,0.93078524
E3|Q96PU5|Q9UBZ9,E3|Q96PU5,E3,Q96PU5,Q9UBZ9,NEDD4L,REV1,0,4,0.0,0.88098013
E3|Q96PU5|P21359,E3|Q96PU5,E3,Q96PU5,P21359,NEDD4L,NF1,0,4,0.0,0.96253633
E3|Q96PU5|Q96EP1,E3|Q96PU5,E3,Q96PU5,Q96EP1,NEDD4L,CHFR,0,4,0.0,0.8396511
E3|Q96PU5|P06127,E3|Q96PU5,E3,Q96PU5,P06127,NEDD4L,CD5,0,4,0.0,0.9477845
E3|Q96PU5|Q9Y5M8,E3|Q96PU5,E3,Q96PU5,Q9Y5M8,NEDD4L,SRPRB,0,4,0.0,0.96294403
E3|Q96PU5|Q15672,E3|Q96PU5,E3,Q96PU5,Q15672,NEDD4L,TWIST1,0,4,0.0,0.8257374
E3|Q96PU5|P0C0S5,E3|Q96PU5,E3,Q96PU5,P0C0S5,NEDD4L,H2AZ1,0,4,0.0,0.73811156
E3|Q96PU5|O95502,E3|Q96PU5,E3,Q96PU5,O95502,NEDD4L,NPTXR,0,4,0.0,0.9625722
E3|Q96PU5|Q9UKL4,E3|Q96PU5,E3,Q96PU5,Q9UKL4,NEDD4L,GJD2,0,4,0.0,0.95544714
E3|Q96PU5|Q9P0M6,E3|Q96PU5,E3,Q96PU5,Q9P0M6,NEDD4L,MACROH2A2,0,4,0.0,0.8084424
E3|Q96PU5|Q15726,E3|Q96PU5,E3,Q96PU5,Q15726,NEDD4L,KISS1,0,4,0.0,0.8336422
E3|Q96PU5|Q96FA3,E3|Q96PU5,E3,Q96PU5,Q96FA3,NEDD4L,PELI1,0,4,0.0,0.93972284
E3|Q96PU5|Q08050,E3|Q96PU5,E3,Q96PU5,Q08050,NEDD4L,FOXM1,0,4,0.0,0.81895965
E3|Q96PU5|P22304,E3|Q96PU5,E3,Q96PU5,P22304,NEDD4L,IDS,0,4,0.0,0.9596135
E3|Q96PU5|O14867,E3|Q96PU5,E3,Q96PU5,O14867,NEDD4L,BACH1,0,4,0.0,0.79907
E3|Q96PU5|Q8N519,E3|Q96PU5,E3,Q96PU5,Q8N519,NEDD4L,,0,4,0.0,0.94937897
E3|Q96PU5|P49675,E3|Q96PU5,E3,Q96PU5,P49675,NEDD4L,STAR,0,4,0.0,0.89807355
E3|Q96PU5|Q9Y253,E3|Q96PU5,E3,Q96PU5,Q9Y253,NEDD4L,POLH,0,4,0.0,0.8385178
E3|Q96PU5|Q9NQB0,E3|Q96PU5,E3,Q96PU5,Q9NQB0,NEDD4L,TCF7L2,0,4,0.0,0.5627672
E3|Q96PU5|O75525,E3|Q96PU5,E3,Q96PU5,O75525,NEDD4L,KHDRBS3,0,4,0.0,0.7977492
E3|Q96PU5|P55211,E3|Q96PU5,E3,Q96PU5,P55211,NEDD4L,CASP9,0,4,0.0,0.95944226
E3|Q96PU5|Q70CQ3,E3|Q96PU5,E3,Q96PU5,Q70CQ3,NEDD4L,USP30,0,4,0.0,0.9128252
E3|Q96PU5|Q9P055,E3|Q96PU5,E3,Q96PU5,Q9P055,NEDD4L,JKAMP,0,4,0.0,0.90039575
E3|Q96PU5|Q5MJ70,E3|Q96PU5,E3,Q96PU5,Q5MJ70,NEDD4L,SPDYA,0,4,0.0,0.96259826
E3|Q96S21|Q99878,E3|Q96S21,E3,Q96S21,Q99878,RAB40C,H2AC14,0,4,0.0,0.5685372
E3|Q99618|P13761,E3|Q99618,E3,Q99618,P13761,CDCA3,HLA-DRB1,0,4,0.0,0.95180947
E3|Q99619|Q14558,E3|Q99619,E3,Q99619,Q14558,SPSB2,PRPSAP1,0,4,0.0,0.9659037
E3|Q99619|O94953,E3|Q99619,E3,Q99619,O94953,SPSB2,KDM4B,0,4,0.0,0.9611853
E3|Q99619|Q9GIY3,E3|Q99619,E3,Q99619,Q9GIY3,SPSB2,HLA-DRB1,0,4,0.0,0.8963839
E3|Q99619|P48436,E3|Q99619,E3,Q99619,P48436,SPSB2,SOX9,0,4,0.0,0.85901845
E3|Q99728|P31785,E3|Q99728,E3,Q99728,P31785,BARD1,IL2RG,0,4,0.0,0.23611997
E3|Q99728|Q9H5V8,E3|Q99728,E3,Q99728,Q9H5V8,BARD1,CDCP1,0,4,0.0,0.20596592
E3|Q9BZR9|P10912,E3|Q9BZR9,E3,Q9BZR9,P10912,TRIM8,GHR,0,4,0.0,0.3986555
E3|Q9BZR9|P08393,E3|Q9BZR9,E3,Q9BZR9,P08393,TRIM8,ICP0,0,4,0.0,0.95817065
E3|Q9H0A0|Q9P219,E3|Q9H0A0,E3,Q9H0A0,Q9P219,NAT10,CCDC88C,0,4,0.0,0.7710215
E3|Q9H0A0|Q5T5C0,E3|Q9H0A0,E3,Q9H0A0,Q5T5C0,NAT10,STXBP5,0,4,0.0,0.25248653
E3|Q9H469|Q02535,E3|Q9H469,E3,Q9H469,Q02535,FBXL15,ID3,0,4,0.0,0.93748873
E3|Q9H469|Q8NEG5,E3|Q9H469,E3,Q9H469,Q8NEG5,FBXL15,ZSWIM2,0,4,0.0,0.8981254
E3|Q9H469|Q96BF3,E3|Q9H469,E3,Q9H469,Q96BF3,FBXL15,TMIGD2,0,4,0.0,0.43453208
E3|Q9HAU4|A8MYT4,E3|Q9HAU4,E3,Q9HAU4,A8MYT4,SMURF2,PIK3C3,0,4,0.0,0.91672945
E3|Q9HAU4|O00418,E3|Q9HAU4,E3,Q9HAU4,O00418,SMURF2,EEF2K,0,4,0.0,0.81354296
E3|Q9HAU4|O60240,E3|Q9HAU4,E3,Q9HAU4,O60240,SMURF2,PLIN1,0,4,0.0,0.9219369
E3|Q9HAU4|O00330,E3|Q9HAU4,E3,Q9HAU4,O00330,SMURF2,PDHX,0,4,0.0,0.9030242
E3|Q9HAU4|Q16875,E3|Q9HAU4,E3,Q9HAU4,Q16875,SMURF2,PFKFB3,0,4,0.0,0.8854498
E3|Q9HAU4|O76013,E3|Q9HAU4,E3,Q9HAU4,O76013,SMURF2,KRT36,0,4,0.0,0.9337067
E3|Q9HAU4|P19174,E3|Q9HAU4,E3,Q9HAU4,P19174,SMURF2,PLCG1,0,4,0.0,0.9628986
E3|Q9HAU4|Q96A32,E3|Q9HAU4,E3,Q9HAU4,Q96A32,SMURF2,MYLPF,0,4,0.0,0.7965478
E3|Q9HCM9|P03129,E3|Q9HCM9,E3,Q9HCM9,P03129,TRIM39,E7,0,4,0.0,0.9573596
E3|Q9HCM9|O76013,E3|Q9HCM9,E3,Q9HCM9,O76013,TRIM39,KRT36,0,4,0.0,0.9148876
E3|Q9NPC3|O60858,E3|Q9NPC3,E3,Q9NPC3,O60858,CCNB1IP1,TRIM13,0,4,0.0,0.57273036
E3|Q9NS56|Q9UNE0,E3|Q9NS56,E3,Q9NS56,Q9UNE0,TOPORS,EDAR,0,4,0.0,0.6185902
E3|Q9NS56|Q9NR09,E3|Q9NS56,E3,Q9NS56,Q9NR09,TOPORS,BIRC6,0,4,0.0,0.73743933
E3|Q9NTX7|O95502,E3|Q9NTX7,E3,Q9NTX7,O95502,RNF146,NPTXR,0,4,0.0,0.94546735
E3|Q9NTX7|Q96JA1,E3|Q9NTX7,E3,Q9NTX7,Q96JA1,RNF146,LRIG1,0,4,0.0,0.40731063
E3|Q9NTX7|Q15011,E3|Q9NTX7,E3,Q9NTX7,Q15011,RNF146,HERPUD1,0,4,0.0,0.68619215
E3|Q9NTX7|Q92918,E3|Q9NTX7,E3,Q9NTX7,Q92918,RNF146,MAP4K1,0,4,0.0,0.96328396
E3|Q9NV58|Q01664,E3|Q9NV58,E3,Q9NV58,Q01664,RNF19A,TFAP4,0,4,0.0,0.8282576
E3|Q9NV58|P14076,E3|Q9NV58,E3,Q9NV58,P14076,RNF19A,gag,0,4,0.0,0.9632677
E3|Q9NV58|Q5T5X7,E3|Q9NV58,E3,Q9NV58,Q5T5X7,RNF19A,BEND3,0,4,0.0,0.73865014
E3|Q9NXF7|P62253,E3|Q9NXF7,E3,Q9NXF7,P62253,DCAF16,UBE2G1,0,4,0.0,0.96296096
E3|Q9NXF7|Q86XT4,E3|Q9NXF7,E3,Q9NXF7,Q86XT4,DCAF16,TRIM50,0,4,0.0,0.9597566
E3|Q9P2E8|Q8WUM4,E3|Q9P2E8,E3,Q9P2E8,Q8WUM4,MARCHF4,PDCD6IP,0,4,0.0,0.94113463
E3|Q9P2E8|P04229,E3|Q9P2E8,E3,Q9P2E8,P04229,MARCHF4,HLA-DRB1,0,4,0.0,0.96052945
E3|Q9P2E8|Q16656,E3|Q9P2E8,E3,Q9P2E8,Q16656,MARCHF4,NRF1,0,4,0.0,0.39200717
E3|Q9P2E8|O75925,E3|Q9P2E8,E3,Q9P2E8,O75925,MARCHF4,PIAS1,0,4,0.0,0.7025158
E3|Q9P2E8|P15923,E3|Q9P2E8,E3,Q9P2E8,P15923,MARCHF4,TCF3,0,4,0.0,0.31058693
E3|Q9UDY8|P61077,E3|Q9UDY8,E3,Q9UDY8,P61077,MALT1,UBE2D3,0,4,0.0,0.95263
E3|Q9UDY8|Q7Z2W7,E3|Q9UDY8,E3,Q9UDY8,Q7Z2W7,MALT1,TRPM8,0,4,0.0,0.80042404
E3|Q9UH90|Q9BQ15,E3|Q9UH90,E3,Q9UH90,Q9BQ15,FBXO40,NABP2,0,4,0.0,0.95638317
E3|Q9UKC9|Q8IZQ8,E3|Q9UKC9,E3,Q9UKC9,Q8IZQ8,FBXL2,MYOCD,0,4,0.0,0.9535578
E3|Q9UKC9|Q14527,E3|Q9UKC9,E3,Q9UKC9,Q14527,FBXL2,HLTF,0,4,0.0,0.9406503
E3|Q9UKC9|P35659,E3|Q9UKC9,E3,Q9UKC9,P35659,FBXL2,DEK,0,4,0.0,0.9413698
E3|Q9UKC9|P45973,E3|Q9UKC9,E3,Q9UKC9,P45973,FBXL2,CBX5,0,4,0.0,0.9453428
E3|Q9UKC9|Q03468,E3|Q9UKC9,E3,Q9UKC9,Q03468,FBXL2,ERCC6,0,4,0.0,0.9608207
E3|Q9UKC9|Q9ULW0,E3|Q9UKC9,E3,Q9UKC9,Q9ULW0,FBXL2,TPX2,0,4,0.0,0.9614044
E3|Q9UKC9|P40424,E3|Q9UKC9,E3,Q9UKC9,P40424,FBXL2,PBX1,0,4,0.0,0.92827845
E3|Q9UKC9|P33993,E3|Q9UKC9,E3,Q9UKC9,P33993,FBXL2,MCM7,0,4,0.0,0.9602207
E3|Q9UKC9|Q53EL6,E3|Q9UKC9,E3,Q9UKC9,Q53EL6,FBXL2,PDCD4,0,4,0.0,0.9593012
E3|Q9UKC9|Q99708,E3|Q9UKC9,E3,Q9UKC9,Q99708,FBXL2,RBBP8,0,4,0.0,0.9545331
E3|Q9UKC9|Q969R5,E3|Q9UKC9,E3,Q9UKC9,Q969R5,FBXL2,L3MBTL2,0,4,0.0,0.9332174
E3|Q9UKC9|Q02535,E3|Q9UKC9,E3,Q9UKC9,Q02535,FBXL2,ID3,0,4,0.0,0.92940575
E3|Q9UPN9|P23458,E3|Q9UPN9,E3,Q9UPN9,P23458,TRIM33,JAK1,0,4,0.0,0.87817806
E3|Q9UPN9|Q8N0X7,E3|Q9UPN9,E3,Q9UPN9,Q8N0X7,TRIM33,SPART,0,4,0.0,0.9601084
E3|Q9UPN9|Q14324,E3|Q9UPN9,E3,Q9UPN9,Q14324,TRIM33,MYBPC2,0,4,0.0,0.94948405
E3|Q9UPN9|Q16828,E3|Q9UPN9,E3,Q9UPN9,Q16828,TRIM33,DUSP6,0,4,0.0,0.94363093
E3|Q9Y252|P53805,E3|Q9Y252,E3,Q9Y252,P53805,RNF6,RCAN1,0,4,0.0,0.96252304
E3|Q9Y252|Q96HE7,E3|Q9Y252,E3,Q9Y252,Q96HE7,RNF6,ERO1A,0,4,0.0,0.19421634
E3|Q9Y2K7|Q9NRC1,E3|Q9Y2K7,E3,Q9Y2K7,Q9NRC1,KDM2A,ST7,0,4,0.0,0.8957075
E3|Q9Y3C5|P42336,E3|Q9Y3C5,E3,Q9Y3C5,P42336,RNF11,PIK3CA,0,4,0.0,0.96414065
E3|Q9Y577|Q9H1I8,E3|Q9Y577,E3,Q9Y577,Q9H1I8,TRIM17,ASCC2,0,4,0.0,0.67085236
E3|Q9Y577|Q9P2F8,E3|Q9Y577,E3,Q9Y577,Q9P2F8,TRIM17,SIPA1L2,0,4,0.0,0.82588565
E3|Q9Y577|Q9BQ15,E3|Q9Y577,E3,Q9Y577,Q9BQ15,TRIM17,NABP2,0,4,0.0,0.71564263
E3|Q9Y577|Q8IXI2,E3|Q9Y577,E3,Q9Y577,Q8IXI2,TRIM17,RHOT1,0,4,0.0,0.9239169
E3|Q9Y577|Q16558,E3|Q9Y577,E3,Q9Y577,Q16558,TRIM17,KCNMB1,0,4,0.0,0.89790535
DUB|O75604|O15519,DUB|O75604,DUB,O75604,O15519,USP2,CFLAR,0,4,0.0,0.92028546
DUB|O75604|P42773,DUB|O75604,DUB,O75604,P42773,USP2,CDKN2C,0,4,0.0,0.8873936
DUB|O94966|Q8WWY3,DUB|O94966,DUB,O94966,Q8WWY3,USP19,PRPF31,0,4,0.0,0.703711
DUB|O94966|P51955,DUB|O94966,DUB,O94966,P51955,USP19,NEK2,0,4,0.0,0.88607943
DUB|O94966|Q08999,DUB|O94966,DUB,O94966,Q08999,USP19,RBL2,0,4,0.0,0.6562616
DUB|O94966|Q9UMS4,DUB|O94966,DUB,O94966,Q9UMS4,USP19,PRPF19,0,4,0.0,0.81987256
DUB|O94966|P42773,DUB|O94966,DUB,O94966,P42773,USP19,CDKN2C,0,4,0.0,0.89790916
DUB|O94966|Q13042,DUB|O94966,DUB,O94966,Q13042,USP19,CDC16,0,4,0.0,0.8521409
DUB|O94966|Q8NAP3,DUB|O94966,DUB,O94966,Q8NAP3,USP19,ZBTB38,0,4,0.0,0.6246995
DUB|O94966|P51587,DUB|O94966,DUB,O94966,P51587,USP19,BRCA2,0,4,0.0,0.8453415
DUB|O94966|O43663,DUB|O94966,DUB,O94966,O43663,USP19,PRC1,0,4,0.0,0.8171763
DUB|O94966|O95602,DUB|O94966,DUB,O94966,O95602,USP19,POLR1A,0,4,0.0,0.7548563
DUB|O94966|P35226,DUB|O94966,DUB,O94966,P35226,USP19,BMI1,0,4,0.0,0.5967693
DUB|O94966|P11441,DUB|O94966,DUB,O94966,P11441,USP19,UBL4A,0,4,0.0,0.8771333
DUB|O94966|P30304,DUB|O94966,DUB,O94966,P30304,USP19,CDC25A,0,4,0.0,0.7995319
DUB|O94966|Q03468,DUB|O94966,DUB,O94966,Q03468,USP19,ERCC6,0,4,0.0,0.8644084
DUB|P46736|O95180,DUB|P46736,DUB,P46736,O95180,BRCC3,CACNA1H,0,4,0.0,0.62370706
DUB|P46736|Q12809,DUB|P46736,DUB,P46736,Q12809,BRCC3,KCNH2,0,4,0.0,0.65599537
DUB|P46736|P25445,DUB|P46736,DUB,P46736,P25445,BRCC3,FAS,0,4,0.0,0.76283735
DUB|P46736|O95140,DUB|P46736,DUB,P46736,O95140,BRCC3,MFN2,0,4,0.0,0.8147713
DUB|Q53GS9|O75385,DUB|Q53GS9,DUB,Q53GS9,O75385,USP39,ULK1,0,4,0.0,0.8863245
DUB|Q53GS9|Q13546,DUB|Q53GS9,DUB,Q53GS9,Q13546,USP39,RIPK1,0,4,0.0,0.38780957
DUB|Q53GS9|Q15154,DUB|Q53GS9,DUB,Q53GS9,Q15154,USP39,PCM1,0,4,0.0,0.9264766
DUB|Q5D1E8|Q92828,DUB|Q5D1E8,DUB,Q5D1E8,Q92828,ZC3H12A,CORO2A,0,4,0.0,0.6022172
DUB|Q5VVQ6|Q08999,DUB|Q5VVQ6,DUB,Q5VVQ6,Q08999,YOD1,RBL2,0,4,0.0,0.9630306
DUB|Q5VVQ6|Q9H211,DUB|Q5VVQ6,DUB,Q5VVQ6,Q9H211,YOD1,CDT1,0,4,0.0,0.96437633
DUB|Q5VVQ6|Q96T88,DUB|Q5VVQ6,DUB,Q5VVQ6,Q96T88,YOD1,UHRF1,0,4,0.0,0.9633155
DUB|Q6R6M4|P53396,DUB|Q6R6M4,DUB,Q6R6M4,P53396,USP17L2,ACLY,0,4,0.0,0.6969925
DUB|Q6R6M4|O60493,DUB|Q6R6M4,DUB,Q6R6M4,O60493,USP17L2,SNX3,0,4,0.0,0.9653064
DUB|Q6R6M4|P37173,DUB|Q6R6M4,DUB,Q6R6M4,P37173,USP17L2,TGFBR2,0,4,0.0,0.9592367
DUB|Q6R6M4|Q16828,DUB|Q6R6M4,DUB,Q6R6M4,Q16828,USP17L2,DUSP6,0,4,0.0,0.8950048
DUB|Q6R6M4|Q9UBS5,DUB|Q6R6M4,DUB,Q6R6M4,Q9UBS5,USP17L2,GABBR1,0,4,0.0,0.94583404
DUB|Q6R6M4|O95140,DUB|Q6R6M4,DUB,Q6R6M4,O95140,USP17L2,MFN2,0,4,0.0,0.94810325
DUB|Q6R6M4|Q13635,DUB|Q6R6M4,DUB,Q6R6M4,Q13635,USP17L2,PTCH1,0,4,0.0,0.9587057
DUB|Q70CQ2|P12004,DUB|Q70CQ2,DUB,Q70CQ2,P12004,USP34,PCNA,0,4,0.0,0.9660739
DUB|Q70CQ2|Q13546,DUB|Q70CQ2,DUB,Q70CQ2,Q13546,USP34,RIPK1,0,4,0.0,0.47195902
DUB|Q70CQ2|Q05586,DUB|Q70CQ2,DUB,Q70CQ2,Q05586,USP34,GRIN1,0,4,0.0,0.2522828
DUB|Q70CQ2|P53350,DUB|Q70CQ2,DUB,Q70CQ2,P53350,USP34,PLK1,0,4,0.0,0.9564072
DUB|Q70CQ2|Q9HA47,DUB|Q70CQ2,DUB,Q70CQ2,Q9HA47,USP34,UCK1,0,4,0.0,0.96470803
DUB|Q70CQ2|Q9UMS4,DUB|Q70CQ2,DUB,Q70CQ2,Q9UMS4,USP34,PRPF19,0,4,0.0,0.96022785
DUB|Q70CQ2|Q15051,DUB|Q70CQ2,DUB,Q70CQ2,Q15051,USP34,IQCB1,0,4,0.0,0.9347384
DUB|Q70CQ2|P53396,DUB|Q70CQ2,DUB,Q70CQ2,P53396,USP34,ACLY,0,4,0.0,0.96554905
DUB|Q70CQ3|Q13887,DUB|Q70CQ3,DUB,Q70CQ3,Q13887,USP30,KLF5,0,4,0.0,0.46503487
DUB|Q70CQ3|Q92905,DUB|Q70CQ3,DUB,Q70CQ3,Q92905,USP30,COPS5,0,4,0.0,0.84965956
DUB|Q70CQ3|Q92466,DUB|Q70CQ3,DUB,Q70CQ3,Q92466,USP30,DDB2,0,4,0.0,0.72940636
DUB|Q70CQ3|Q15154,DUB|Q70CQ3,DUB,Q70CQ3,Q15154,USP30,PCM1,0,4,0.0,0.8384615
DUB|Q70CQ3|Q05195,DUB|Q70CQ3,DUB,Q70CQ3,Q05195,USP30,MXD1,0,4,0.0,0.6570784
DUB|Q70CQ3|Q8WYQ5,DUB|Q70CQ3,DUB,Q70CQ3,Q8WYQ5,USP30,DGCR8,0,4,0.0,0.6246135
DUB|Q70CQ3|P16104,DUB|Q70CQ3,DUB,Q70CQ3,P16104,USP30,H2AFX,0,4,0.0,0.6832992
DUB|Q92995|Q13619,DUB|Q92995,DUB,Q92995,Q13619,USP13,CUL4A,0,4,0.0,0.9675067
DUB|Q92995|Q03431,DUB|Q92995,DUB,Q92995,Q03431,USP13,PTH1R,0,4,0.0,0.30779684
DUB|Q92995|P23771,DUB|Q92995,DUB,Q92995,P23771,USP13,GATA3,0,4,0.0,0.9094062
DUB|Q92995|Q16656,DUB|Q92995,DUB,Q92995,Q16656,USP13,NRF1,0,4,0.0,0.95304126
DUB|Q92995|Q9ULT8,DUB|Q92995,DUB,Q92995,Q9ULT8,USP13,HECTD1,0,4,0.0,0.9658721
DUB|Q92995|Q6FI13,DUB|Q92995,DUB,Q92995,Q6FI13,USP13,HIST2H2AA4,0,4,0.0,0.9497195
DUB|Q92995|P30304,DUB|Q92995,DUB,Q92995,P30304,USP13,CDC25A,0,4,0.0,0.96596074
DUB|Q92995|Q14669,DUB|Q92995,DUB,Q92995,Q14669,USP13,TRIP12,0,4,0.0,0.9628594
DUB|Q92995|Q92828,DUB|Q92995,DUB,Q92995,Q92828,USP13,CORO2A,0,4,0.0,0.96600705
DUB|Q92995|Q08999,DUB|Q92995,DUB,Q92995,Q08999,USP13,RBL2,0,4,0.0,0.9628752
DUB|Q92995|P78396,DUB|Q92995,DUB,Q92995,P78396,USP13,CCNA1,0,4,0.0,0.96564764
DUB|Q9H3M9|O95166,DUB|Q9H3M9,DUB,Q9H3M9,O95166,ATXN3L,GABARAP,0,4,0.0,0.6716482
DUB|Q9UPT9|Q02246,DUB|Q9UPT9,DUB,Q9UPT9,Q02246,USP22,CNTN2,0,4,0.0,0.28625727
DUB|Q9UPT9|O75365,DUB|Q9UPT9,DUB,Q9UPT9,O75365,USP22,PTP4A3,0,4,0.0,0.38067585
DUB|Q9UPT9|O14737,DUB|Q9UPT9,DUB,Q9UPT9,O14737,USP22,PDCD5,0,4,0.0,0.9655616
DUB|Q9UPT9|P04234,DUB|Q9UPT9,DUB,Q9UPT9,P04234,USP22,CD3D,0,4,0.0,0.27895823
DUB|Q9UPT9|P23588,DUB|Q9UPT9,DUB,Q9UPT9,P23588,USP22,EIF4B,0,4,0.0,0.96516234
DUB|Q9UPT9|Q9H4P4,DUB|Q9UPT9,DUB,Q9UPT9,Q9H4P4,USP22,RNF41,0,4,0.0,0.9561392
DUB|Q9UPU5|O14965,DUB|Q9UPU5,DUB,Q9UPU5,O14965,USP24,AURKA,0,4,0.0,0.858141
DUB|Q9UPU5|Q8IYW5,DUB|Q9UPU5,DUB,Q9UPU5,Q8IYW5,USP24,RNF168,0,4,0.0,0.96052974
DUB|Q9UPU5|Q9NYV9,DUB|Q9UPU5,DUB,Q9UPU5,Q9NYV9,USP24,TAS2R13,0,4,0.0,0.9614632
DUB|Q9UPU5|P33981,DUB|Q9UPU5,DUB,Q9UPU5,P33981,USP24,TTK,0,4,0.0,0.95337504
DUB|Q9UPU5|O60885,DUB|Q9UPU5,DUB,Q9UPU5,O60885,USP24,BRD4,0,4,0.0,0.9636881
DUB|Q9UPU5|P04179,DUB|Q9UPU5,DUB,Q9UPU5,P04179,USP24,SOD2,0,4,0.0,0.5877776
DUB|Q9Y5E6|Q53EZ4,DUB|Q9Y5E6,DUB,Q9Y5E6,Q53EZ4,PCDHB3,CEP55,0,4,0.0,0.75904125
DUB|Q9Y5E6|Q8WTU0,DUB|Q9Y5E6,DUB,Q9Y5E6,Q8WTU0,PCDHB3,DDI1,0,4,0.0,0.65464544
DUB|Q9Y6I4|P14780,DUB|Q9Y6I4,DUB,Q9Y6I4,P14780,USP3,MMP9,0,4,0.0,0.19572408
DUB|Q9Y6I4|Q4U2R8,DUB|Q9Y6I4,DUB,Q9Y6I4,Q4U2R8,USP3,SLC22A6,0,4,0.0,0.24515237
DUB|Q9Y6I4|P37173,DUB|Q9Y6I4,DUB,Q9Y6I4,P37173,USP3,TGFBR2,0,4,0.0,0.28001103
DUB|Q9Y6I4|P51170,DUB|Q9Y6I4,DUB,Q9Y6I4,P51170,USP3,SCNN1G,0,4,0.0,0.25238025
