pair_id,group_id,enzyme_class,enz_ac,sub_ac,enz_gene,sub_gene,edge_label,fold,y_true,prob_hetero_gat
E3|A8MQ27|O00548,E3|A8MQ27,E3,A8MQ27,O00548,NEURL1B,DLL1,1,0,1.0,0.79002815
E3|A8MQ27|Q9NR61,E3|A8MQ27,E3,A8MQ27,Q9NR61,NEURL1B,DLL4,1,0,1.0,0.32261762
E3|A8MQ27|Q9NYJ7,E3|A8MQ27,E3,A8MQ27,Q9NYJ7,NEURL1B,DLL3,1,0,1.0,0.66722524
E3|A8MQ27|Q9UNE0,E3|A8MQ27,E3,A8MQ27,Q9UNE0,NEURL1B,EDAR,1,0,1.0,0.7469754
E3|O00308|O00308,E3|O00308,E3,O00308,O00308,WWP2,WWP2,1,0,1.0,0.96231306
E3|O00308|O15105,E3|O00308,E3,O00308,O15105,WWP2,SMAD7,1,0,1.0,0.9531305
E3|O00308|O15350,E3|O00308,E3,O00308,O15350,WWP2,TP73,1,0,1.0,0.9434482
E3|O00308|P11161,E3|O00308,E3,O00308,P11161,WWP2,EGR2,1,0,1.0,0.8591247
E3|O00308|P24928,E3|O00308,E3,O00308,P24928,WWP2,POLR2A,1,0,1.0,0.9469883
E3|O00308|P49281,E3|O00308,E3,O00308,P49281,WWP2,SLC11A2,1,0,1.0,0.08877026
E3|O00308|P60484,E3|O00308,E3,O00308,P60484,WWP2,PTEN,1,0,1.0,0.75663126
E3|O00308|P84022,E3|O00308,E3,O00308,P84022,WWP2,SMAD3,1,0,1.0,0.94329685
E3|O00308|Q01860,E3|O00308,E3,O00308,Q01860,WWP2,POU5F1,1,0,1.0,0.94135696
E3|O00308|Q13950,E3|O00308,E3,O00308,Q13950,WWP2,RUNX2,1,0,1.0,0.9208522
E3|O00308|Q8IUC6,E3|O00308,E3,O00308,Q8IUC6,WWP2,TICAM1,1,0,1.0,0.9166341
E3|O00308|Q9H074,E3|O00308,E3,O00308,Q9H074,WWP2,PAIP1,1,0,1.0,0.9229451
E3|O00308|Q9P2A4,E3|O00308,E3,O00308,Q9P2A4,WWP2,ABI3,1,0,1.0,0.96147966
E3|O00308|Q9UM47,E3|O00308,E3,O00308,Q9UM47,WWP2,NOTCH3,1,0,1.0,0.11372543
E3|O00308|Q9Y5R6,E3|O00308,E3,O00308,Q9Y5R6,WWP2,DMT1,1,0,1.0,0.2653616
E3|O14508|O14543,E3|O14508,E3,O14508,O14543,SOCS2,SOCS3,1,0,1.0,0.61408335
E3|O14508|O15524,E3|O14508,E3,O14508,O15524,SOCS2,SOCS1,1,0,1.0,0.79431766
E3|O14508|P10912,E3|O14508,E3,O14508,P10912,SOCS2,GHR,1,0,1.0,0.6399122
E3|O14512|O75553,E3|O14512,E3,O14512,O75553,SOCS7,DAB1,1,0,1.0,0.6228058
E3|O15151|P04637,E3|O15151,E3,O15151,P04637,MDM4,TP53,1,0,1.0,0.9471751
E3|O15151|P38936,E3|O15151,E3,O15151,P38936,MDM4,CDKN1A,1,0,1.0,0.95308924
E3|O15151|Q00987,E3|O15151,E3,O15151,Q00987,MDM4,MDM2,1,0,1.0,0.9545048
E3|O43567|O43567,E3|O43567,E3,O43567,O43567,RNF13,RNF13,1,0,1.0,0.96427053
E3|O43567|O95295,E3|O43567,E3,O43567,O95295,RNF13,SNAPIN,1,0,1.0,0.9388651
E3|O75592|P49815,E3|O75592,E3,O75592,P49815,MYCBP2,TSC2,1,0,1.0,0.8928538
E3|O75592|Q9BZQ4,E3|O75592,E3,O75592,Q9BZQ4,MYCBP2,NMNAT2,1,0,1.0,0.4734
E3|O94955|P24864,E3|O94955,E3,O94955,P24864,RHOBTB3,CCNE1,1,0,1.0,0.19194856
E3|O95198|O95502,E3|O95198,E3,O95198,O95502,KLHL2,NPTXR,1,0,1.0,0.16761054
E3|O95198|Q14155,E3|O95198,E3,O95198,Q14155,KLHL2,ARHGEF7,1,0,1.0,0.35024855
E3|O95198|Q96J92,E3|O95198,E3,O95198,Q96J92,KLHL2,WNK4,1,0,1.0,0.47446293
E3|O95198|Q9BYP7,E3|O95198,E3,O95198,Q9BYP7,KLHL2,WNK3,1,0,1.0,0.21636608
E3|O95198|Q9H4A3,E3|O95198,E3,O95198,Q9H4A3,KLHL2,WNK1,1,0,1.0,0.9067056
E3|O95628|O95628,E3|O95628,E3,O95628,O95628,CNOT4,CNOT4,1,0,1.0,0.96093524
E3|O95628|P41229,E3|O95628,E3,O95628,P41229,CNOT4,KDM5C,1,0,1.0,0.8849607
E3|O95628|P46937,E3|O95628,E3,O95628,P46937,CNOT4,YAP1,1,0,1.0,0.87248224
E3|O95628|Q96T37,E3|O95628,E3,O95628,Q96T37,CNOT4,RBM15,1,0,1.0,0.9556703
E3|P00748|Q16665,E3|P00748,E3,P00748,Q16665,F12,HIF1A,1,0,1.0,0.42962387
E3|P03126|O43166,E3|P03126,E3,P03126,O43166,E6,SIPA1L1,1,0,1.0,0.601242
E3|P03126|P04637,E3|P03126,E3,P03126,P04637,E6,TP53,1,0,1.0,0.5314159
E3|P03126|P41229,E3|P03126,E3,P03126,P41229,E6,KDM5C,1,0,1.0,0.62043005
E3|P03126|Q12959,E3|P03126,E3,P03126,Q12959,E6,DLG1,1,0,1.0,0.39736578
E3|P08393|O76064,E3|P08393,E3,P08393,O76064,ICP0,RNF8,1,0,1.0,0.38619608
E3|P08393|P04637,E3|P08393,E3,P08393,P04637,ICP0,TP53,1,0,1.0,0.4121145
E3|P08393|P07199,E3|P08393,E3,P08393,P07199,ICP0,CENPB,1,0,1.0,0.3781304
E3|P08393|P08393,E3|P08393,E3,P08393,P08393,ICP0,ICP0,1,0,1.0,0.6525428
E3|P08393|P23497,E3|P08393,E3,P08393,P23497,ICP0,SP100,1,0,1.0,0.40033725
E3|P08393|P29590,E3|P08393,E3,P08393,P29590,ICP0,PML,1,0,1.0,0.3852312
E3|P08393|P41212,E3|P08393,E3,P08393,P41212,ICP0,ETV6,1,0,1.0,0.6095106
E3|P08393|P46100,E3|P08393,E3,P08393,P46100,ICP0,ATRX,1,0,1.0,0.59364617
E3|P08393|P49450,E3|P08393,E3,P08393,P49450,ICP0,CENPA,1,0,1.0,0.4160405
E3|P08393|P78527,E3|P08393,E3,P08393,P78527,ICP0,PRKDC,1,0,1.0,0.39813185
E3|P08393|Q03188,E3|P08393,E3,P08393,Q03188,ICP0,CENPC,1,0,1.0,0.5765822
E3|P08393|Q14149,E3|P08393,E3,P08393,Q14149,ICP0,MORC3,1,0,1.0,0.33112547
E3|P08393|Q16666,E3|P08393,E3,P08393,Q16666,ICP0,IFI16,1,0,1.0,0.3624565
E3|P08393|Q5T5X7,E3|P08393,E3,P08393,Q5T5X7,ICP0,BEND3,1,0,1.0,0.38182408
E3|P08393|Q8IYW5,E3|P08393,E3,P08393,Q8IYW5,ICP0,RNF168,1,0,1.0,0.4259077
E3|P08393|Q8NAP3,E3|P08393,E3,P08393,Q8NAP3,ICP0,ZBTB38,1,0,1.0,0.46485183
E3|P08393|Q93009,E3|P08393,E3,P08393,Q93009,ICP0,USP7,1,0,1.0,0.5990728
E3|P08393|Q96BF6,E3|P08393,E3,P08393,Q96BF6,ICP0,NACC2,1,0,1.0,0.38964894
E3|P08393|Q96DT7,E3|P08393,E3,P08393,Q96DT7,ICP0,ZBTB10,1,0,1.0,0.5887849
E3|P08393|Q96RE7,E3|P08393,E3,P08393,Q96RE7,ICP0,NACC1,1,0,1.0,0.40417886
E3|P08393|Q99856,E3|P08393,E3,P08393,Q99856,ICP0,ARID3A,1,0,1.0,0.39557692
E3|P08393|Q9P1Z0,E3|P08393,E3,P08393,Q9P1Z0,ICP0,ZBTB4,1,0,1.0,0.4197245
E3|P08393|Q9UIS9,E3|P08393,E3,P08393,Q9UIS9,ICP0,MBD1,1,0,1.0,0.3629164
E3|P09936|P11021,E3|P09936,E3,P09936,P11021,UCHL1,HSPA5,1,0,1.0,0.96582806
E3|P09936|Q14247,E3|P09936,E3,P09936,Q14247,UCHL1,CTTN,1,0,1.0,0.9495816
E3|P09936|Q16637,E3|P09936,E3,P09936,Q16637,UCHL1,SMN1,1,0,1.0,0.77284783
E3|P11441|Q9Y4K3,E3|P11441,E3,P11441,Q9Y4K3,UBL4A,TRAF6,1,0,1.0,0.81209636
E3|P35226|O75496,E3|P35226,E3,P35226,O75496,BMI1,GMNN,1,0,1.0,0.93348604
E3|P35226|P04908,E3|P35226,E3,P35226,P04908,BMI1,H2AC4,1,0,1.0,0.8801641
E3|P35226|P0C0S5,E3|P35226,E3,P35226,P0C0S5,BMI1,H2AFZ,1,0,1.0,0.39960116
E3|P35226|P0C0S8,E3|P35226,E3,P35226,P0C0S8,BMI1,HIST1H2AM,1,0,1.0,0.88726866
E3|P35226|P16104,E3|P35226,E3,P35226,P16104,BMI1,H2AFX,1,0,1.0,0.830817
E3|P35226|P20671,E3|P35226,E3,P35226,P20671,BMI1,H2AC7,1,0,1.0,0.6843203
E3|P35226|P23921,E3|P35226,E3,P35226,P23921,BMI1,RRM1,1,0,1.0,0.37457272
E3|P35226|Q16777,E3|P35226,E3,P35226,Q16777,BMI1,H2AC20,1,0,1.0,0.9011489
E3|P35226|Q6FI13,E3|P35226,E3,P35226,Q6FI13,BMI1,H2AC18,1,0,1.0,0.8941982
E3|P35226|Q7L7L0,E3|P35226,E3,P35226,Q7L7L0,BMI1,HIST3H2A,1,0,1.0,0.9521589
E3|P35226|Q8IUE6,E3|P35226,E3,P35226,Q8IUE6,BMI1,HIST2H2AB,1,0,1.0,0.43470442
E3|P35226|Q93077,E3|P35226,E3,P35226,Q93077,BMI1,HIST1H2AC,1,0,1.0,0.951173
E3|P35226|Q96KK5,E3|P35226,E3,P35226,Q96KK5,BMI1,HIST1H2AH,1,0,1.0,0.52256197
E3|P35226|Q96QV6,E3|P35226,E3,P35226,Q96QV6,BMI1,HIST1H2AA,1,0,1.0,0.8646336
E3|P35226|Q99496,E3|P35226,E3,P35226,Q99496,BMI1,RNF2,1,0,1.0,0.95822465
E3|P35226|Q99878,E3|P35226,E3,P35226,Q99878,BMI1,HIST1H2AJ,1,0,1.0,0.9434738
E3|P36406|P04637,E3|P36406,E3,P36406,P04637,TRIM23,TP53,1,0,1.0,0.9421838
E3|P36406|P36406,E3|P36406,E3,P36406,P36406,TRIM23,TRIM23,1,0,1.0,0.9731949
E3|P36406|Q9Y4K3,E3|P36406,E3,P36406,Q9Y4K3,TRIM23,TRAF6,1,0,1.0,0.77354693
E3|P36406|Q9Y6K9,E3|P36406,E3,P36406,Q9Y6K9,TRIM23,IKBKG,1,0,1.0,0.8016782
E3|P38398|O14818,E3|P38398,E3,P38398,O14818,BRCA1,PSMA7,1,0,1.0,0.94308615
E3|P38398|P03372,E3|P38398,E3,P38398,P03372,BRCA1,ESR1,1,0,1.0,0.9025063
E3|P38398|P04908,E3|P38398,E3,P38398,P04908,BRCA1,H2AC4,1,0,1.0,0.88119173
E3|P38398|P06401,E3|P38398,E3,P38398,P06401,BRCA1,PGR,1,0,1.0,0.91541386
E3|P38398|P06748,E3|P38398,E3,P38398,P06748,BRCA1,NPM1,1,0,1.0,0.9369143
E3|P38398|P0C0S8,E3|P38398,E3,P38398,P0C0S8,BRCA1,H2AC11,1,0,1.0,0.8786155
E3|P38398|P0DP91,E3|P38398,E3,P38398,P0DP91,BRCA1,ERCC6,1,0,1.0,0.94834626
E3|P38398|P11388,E3|P38398,E3,P38398,P11388,BRCA1,TOP2A,1,0,1.0,0.95103747
E3|P38398|P14635,E3|P38398,E3,P38398,P14635,BRCA1,CCNB1,1,0,1.0,0.94896
E3|P38398|P14859,E3|P38398,E3,P38398,P14859,BRCA1,POU2F1,1,0,1.0,0.95258
E3|P38398|P16104,E3|P38398,E3,P38398,P16104,BRCA1,H2AFX,1,0,1.0,0.82100284
E3|P38398|P23258,E3|P38398,E3,P38398,P23258,BRCA1,TUBG1,1,0,1.0,0.9387579
E3|P38398|P24928,E3|P38398,E3,P38398,P24928,BRCA1,POLR2A,1,0,1.0,0.94934124
E3|P38398|P30307,E3|P38398,E3,P38398,P30307,BRCA1,CDC25C,1,0,1.0,0.9285899
E3|P38398|P31749,E3|P38398,E3,P38398,P31749,BRCA1,AKT1,1,0,1.0,0.3413165
E3|P38398|P35240,E3|P38398,E3,P38398,P35240,BRCA1,NF2,1,0,1.0,0.8057317
E3|P38398|P38398,E3|P38398,E3,P38398,P38398,BRCA1,BRCA1,1,0,1.0,0.9624356
E3|P38398|P52434,E3|P38398,E3,P38398,P52434,BRCA1,POLR2H,1,0,1.0,0.9595948
E3|P38398|Q13133,E3|P38398,E3,P38398,Q13133,BRCA1,NR1H3,1,0,1.0,0.9602604
E3|P38398|Q16777,E3|P38398,E3,P38398,Q16777,BRCA1,H2AC20,1,0,1.0,0.89530206
E3|P38398|Q2PQ59,E3|P38398,E3,P38398,Q2PQ59,BRCA1,TOP2alpha,1,0,1.0,0.44359028
E3|P38398|Q86WV6,E3|P38398,E3,P38398,Q86WV6,BRCA1,HIST1H2AB,1,0,1.0,0.9381206
E3|P38398|Q96A08,E3|P38398,E3,P38398,Q96A08,BRCA1,H2BC1,1,0,1.0,0.78874475
E3|P38398|Q96QV6,E3|P38398,E3,P38398,Q96QV6,BRCA1,H2AC1,1,0,1.0,0.8855308
E3|P38398|Q99708,E3|P38398,E3,P38398,Q99708,BRCA1,RBBP8,1,0,1.0,0.9540572
E3|P38398|Q99728,E3|P38398,E3,P38398,Q99728,BRCA1,BARD1,1,0,1.0,0.961471
E3|P38398|Q9BXW9,E3|P38398,E3,P38398,Q9BXW9,BRCA1,FANCD2,1,0,1.0,0.9351812
E3|P38398|Q9HAW4,E3|P38398,E3,P38398,Q9HAW4,BRCA1,CLSPN,1,0,1.0,0.9509551
E3|P51617|Q96FA3,E3|P51617,E3,P51617,Q96FA3,IRAK1,PELI1,1,0,1.0,0.8636949
E3|P69720|Q8IUX4,E3|P69720,E3,P69720,Q8IUX4,vif,APOBEC3F,1,0,1.0,0.6276552
E3|P69720|Q9HC16,E3|P69720,E3,P69720,Q9HC16,vif,APOBEC3G,1,0,1.0,0.19613041
E3|P69720|Q9NRW3,E3|P69720,E3,P69720,Q9NRW3,vif,APOBEC3C,1,0,1.0,0.6365481
E3|Q06587|P0C0S8,E3|Q06587,E3,Q06587,P0C0S8,RING1,H2AC11,1,0,1.0,0.8861255
E3|Q06587|Q9H4L7,E3|Q06587,E3,Q06587,Q9H4L7,RING1,SMARCAD1,1,0,1.0,0.9303458
E3|Q12933|O95147,E3|Q12933,E3,Q12933,O95147,TRAF2,DUSP14,1,0,1.0,0.70899135
E3|Q12933|P00966,E3|Q12933,E3,Q12933,P00966,TRAF2,ASS1,1,0,1.0,0.91712254
E3|Q12933|Q12933,E3|Q12933,E3,Q12933,Q12933,TRAF2,TRAF2,1,0,1.0,0.94152117
E3|Q12933|Q13105,E3|Q12933,E3,Q12933,Q13105,TRAF2,ZBTB17,1,0,1.0,0.8396041
E3|Q12933|Q13489,E3|Q12933,E3,Q12933,Q13489,TRAF2,BIRC3,1,0,1.0,0.91883916
E3|Q12933|Q13546,E3|Q12933,E3,Q12933,Q13546,TRAF2,RIPK1,1,0,1.0,0.6825784
E3|Q12933|Q13601,E3|Q12933,E3,Q12933,Q13601,TRAF2,KRR1,1,0,1.0,0.90739805
E3|Q12933|Q13627,E3|Q12933,E3,Q12933,Q13627,TRAF2,DYRK1A,1,0,1.0,0.8895559
E3|Q12933|Q14164,E3|Q12933,E3,Q12933,Q14164,TRAF2,IKBKE,1,0,1.0,0.9214498
E3|Q12933|Q15759,E3|Q12933,E3,Q12933,Q15759,TRAF2,MAPK11,1,0,1.0,0.9134558
E3|Q12933|Q8IUC6,E3|Q12933,E3,Q12933,Q8IUC6,TRAF2,TICAM1,1,0,1.0,0.9048225
E3|Q12933|Q96BY2,E3|Q12933,E3,Q12933,Q96BY2,TRAF2,MOAP1,1,0,1.0,0.91274315
E3|Q12933|Q99558,E3|Q12933,E3,Q12933,Q99558,TRAF2,MAP3K14,1,0,1.0,0.8755622
E3|Q13233|P05412,E3|Q13233,E3,Q13233,P05412,MAP3K1,JUN,1,0,1.0,0.87366265
E3|Q13233|P15408,E3|Q13233,E3,Q13233,P15408,MAP3K1,FOSL2,1,0,1.0,0.88159543
E3|Q13233|P27361,E3|Q13233,E3,Q13233,P27361,MAP3K1,MAPK3,1,0,1.0,0.94791114
E3|Q13233|P28482,E3|Q13233,E3,Q13233,P28482,MAP3K1,MAPK1,1,0,1.0,0.95330757
E3|Q13233|Q86Y01,E3|Q13233,E3,Q13233,Q86Y01,MAP3K1,DTX1,1,0,1.0,0.90174025
E3|Q14527|P12004,E3|Q14527,E3,Q14527,P12004,HLTF,PCNA,1,0,1.0,0.93200976
E3|Q15257|P35226,E3|Q15257,E3,Q15257,P35226,PTPA,BMI1,1,0,1.0,0.64611936
E3|Q16531|O00482,E3|Q16531,E3,Q16531,O00482,DDB1,NR5A2,1,0,1.0,0.725962
E3|Q16531|O15350,E3|Q16531,E3,Q16531,O15350,DDB1,TP73,1,0,1.0,0.73300284
E3|Q16531|O75909,E3|Q16531,E3,Q16531,O75909,DDB1,CCNK,1,0,1.0,0.7156139
E3|Q16531|Q92905,E3|Q16531,E3,Q16531,Q92905,DDB1,COPS5,1,0,1.0,0.944995
E3|Q5T6F0|P43357,E3|Q5T6F0,E3,Q5T6F0,P43357,DCAF12,MAGEA3,1,0,1.0,0.21177791
E3|Q5T6F0|P43360,E3|Q5T6F0,E3,Q5T6F0,P43360,DCAF12,MAGEA6,1,0,1.0,0.62075025
E3|Q5TC82|Q9Y6W8,E3|Q5TC82,E3,Q5TC82,Q9Y6W8,RC3H1,ICOS,1,0,1.0,0.57711476
E3|Q5VTR2|P62807,E3|Q5VTR2,E3,Q5VTR2,P62807,RNF20,H2BC4,1,0,1.0,0.8422093
E3|Q5VTR2|Q16778,E3|Q5VTR2,E3,Q5VTR2,Q16778,RNF20,H2BC21,1,0,1.0,0.8719303
E3|Q5VTR2|Q96A08,E3|Q5VTR2,E3,Q5VTR2,Q96A08,RNF20,HIST1H2BA,1,0,1.0,0.75902677
E3|Q5VTR2|Q9UQ80,E3|Q5VTR2,E3,Q5VTR2,Q9UQ80,RNF20,PA2G4,1,0,1.0,0.9231335
E3|Q68DV7|Q13467,E3|Q68DV7,E3,Q68DV7,Q13467,RNF43,FZD5,1,0,1.0,0.9154374
E3|Q68DV7|Q68DV7,E3|Q68DV7,E3,Q68DV7,Q68DV7,RNF43,RNF43,1,0,1.0,0.9714803
E3|Q68DV7|Q9ULX6,E3|Q68DV7,E3,Q68DV7,Q9ULX6,RNF43,AKAP8L,1,0,1.0,0.80017567
E3|Q6Q0C0|O43474,E3|Q6Q0C0,E3,Q6Q0C0,O43474,TRAF7,KLF4,1,0,1.0,0.88888615
E3|Q6Q0C0|P04637,E3|Q6Q0C0,E3,Q6Q0C0,P04637,TRAF7,TP53,1,0,1.0,0.96393174
E3|Q6Q0C0|Q6Q0C0,E3|Q6Q0C0,E3,Q6Q0C0,Q6Q0C0,TRAF7,TRAF7,1,0,1.0,0.9690982
E3|Q6TDP4|Q13002,E3|Q6TDP4,E3,Q6TDP4,Q13002,KLHL17,GRIK2,1,0,1.0,0.2566417
E3|Q6ZMZ0|Q9NWZ5,E3|Q6ZMZ0,E3,Q6ZMZ0,Q9NWZ5,RNF19B,UCKL1,1,0,1.0,0.4340259
E3|Q76N89|O14640,E3|Q76N89,E3,Q76N89,O14640,HECW1,DVL1,1,0,1.0,0.7188826
E3|Q76N89|Q13485,E3|Q76N89,E3,Q76N89,Q13485,HECW1,SMAD4,1,0,1.0,0.23622903
E3|Q76N89|Q15361,E3|Q76N89,E3,Q76N89,Q15361,HECW1,TTF1,1,0,1.0,0.32870832
E3|Q7L5Y6|O00763,E3|Q7L5Y6,E3,Q7L5Y6,O00763,DET1,ACACB,1,0,1.0,0.80683666
E3|Q7L5Y6|P04637,E3|Q7L5Y6,E3,Q7L5Y6,P04637,DET1,TP53,1,0,1.0,0.8970263
E3|Q7L5Y6|P05412,E3|Q7L5Y6,E3,Q7L5Y6,P05412,DET1,JUN,1,0,1.0,0.8186724
E3|Q7L5Y6|Q12778,E3|Q7L5Y6,E3,Q7L5Y6,Q12778,DET1,FOXO1,1,0,1.0,0.721317
E3|Q7L5Y6|Q13085,E3|Q7L5Y6,E3,Q7L5Y6,Q13085,DET1,ACACA,1,0,1.0,0.703237
E3|Q7L5Y6|Q13330,E3|Q7L5Y6,E3,Q7L5Y6,Q13330,DET1,MTA1,1,0,1.0,0.8862061
E3|Q7L5Y6|Q53ET0,E3|Q7L5Y6,E3,Q7L5Y6,Q53ET0,DET1,CRTC2,1,0,1.0,0.85565335
E3|Q7Z569|Q7Z569,E3|Q7Z569,E3,Q7Z569,Q7Z569,BRAP,BRAP,1,0,1.0,0.96652985
E3|Q7Z569|Q9UNH5,E3|Q7Z569,E3,Q7Z569,Q9UNH5,BRAP,CDC14A,1,0,1.0,0.9643565
E3|Q7Z569|Q9Y4E8,E3|Q7Z569,E3,Q7Z569,Q9Y4E8,BRAP,USP15,1,0,1.0,0.95969945
E3|Q7Z6Z7|O14757,E3|Q7Z6Z7,E3,Q7Z6Z7,O14757,HUWE1,CHEK1,1,0,1.0,0.9581501
E3|Q7Z6Z7|O15294,E3|Q7Z6Z7,E3,Q7Z6Z7,O15294,HUWE1,OGT,1,0,1.0,0.9563319
E3|Q7Z6Z7|O75928,E3|Q7Z6Z7,E3,Q7Z6Z7,O75928,HUWE1,PIAS2,1,0,1.0,0.86190563
E3|Q7Z6Z7|P01106,E3|Q7Z6Z7,E3,Q7Z6Z7,P01106,HUWE1,MYC,1,0,1.0,0.87091917
E3|Q7Z6Z7|P04198,E3|Q7Z6Z7,E3,Q7Z6Z7,P04198,HUWE1,MYCN,1,0,1.0,0.859351
E3|Q7Z6Z7|P04637,E3|Q7Z6Z7,E3,Q7Z6Z7,P04637,HUWE1,TP53,1,0,1.0,0.9571052
E3|Q7Z6Z7|P06746,E3|Q7Z6Z7,E3,Q7Z6Z7,P06746,HUWE1,POLB,1,0,1.0,0.81106144
E3|Q7Z6Z7|P12004,E3|Q7Z6Z7,E3,Q7Z6Z7,P12004,HUWE1,PCNA,1,0,1.0,0.8586024
E3|Q7Z6Z7|P15172,E3|Q7Z6Z7,E3,Q7Z6Z7,P15172,HUWE1,MYOD1,1,0,1.0,0.7216638
E3|Q7Z6Z7|P16401,E3|Q7Z6Z7,E3,Q7Z6Z7,P16401,HUWE1,H1-5,1,0,1.0,0.2426654
E3|Q7Z6Z7|P20393,E3|Q7Z6Z7,E3,Q7Z6Z7,P20393,HUWE1,NR1D1,1,0,1.0,0.8947123
E3|Q7Z6Z7|P33778,E3|Q7Z6Z7,E3,Q7Z6Z7,P33778,HUWE1,H2BC3,1,0,1.0,0.66668576
E3|Q7Z6Z7|P37173,E3|Q7Z6Z7,E3,Q7Z6Z7,P37173,HUWE1,TGFBR2,1,0,1.0,0.5968991
E3|Q7Z6Z7|P38398,E3|Q7Z6Z7,E3,Q7Z6Z7,P38398,HUWE1,BRCA1,1,0,1.0,0.8371345
E3|Q7Z6Z7|P50553,E3|Q7Z6Z7,E3,Q7Z6Z7,P50553,HUWE1,ASCL1,1,0,1.0,0.77960026
E3|Q7Z6Z7|P52789,E3|Q7Z6Z7,E3,Q7Z6Z7,P52789,HUWE1,HK2,1,0,1.0,0.9646814
E3|Q7Z6Z7|P62805,E3|Q7Z6Z7,E3,Q7Z6Z7,P62805,HUWE1,H4C1,1,0,1.0,0.37183222
E3|Q7Z6Z7|Q02539,E3|Q7Z6Z7,E3,Q7Z6Z7,Q02539,HUWE1,H1-1,1,0,1.0,0.40297934
E3|Q7Z6Z7|Q07820,E3|Q7Z6Z7,E3,Q7Z6Z7,Q07820,HUWE1,MCL1,1,0,1.0,0.926487
E3|Q7Z6Z7|Q07869,E3|Q7Z6Z7,E3,Q7Z6Z7,Q07869,HUWE1,PPARA,1,0,1.0,0.8706723
E3|Q7Z6Z7|Q13105,E3|Q7Z6Z7,E3,Q7Z6Z7,Q13105,HUWE1,ZBTB17,1,0,1.0,0.89774853
E3|Q7Z6Z7|Q13115,E3|Q7Z6Z7,E3,Q7Z6Z7,Q13115,HUWE1,DUSP4,1,0,1.0,0.8435818
E3|Q7Z6Z7|Q16777,E3|Q7Z6Z7,E3,Q7Z6Z7,Q16777,HUWE1,H2AC20,1,0,1.0,0.6867072
E3|Q7Z6Z7|Q71DI3,E3|Q7Z6Z7,E3,Q7Z6Z7,Q71DI3,HUWE1,H3C15,1,0,1.0,0.3457237
E3|Q7Z6Z7|Q7Z6Z7,E3|Q7Z6Z7,E3,Q7Z6Z7,Q7Z6Z7,HUWE1,HUWE1,1,0,1.0,0.9659575
E3|Q7Z6Z7|Q8IUE6,E3|Q7Z6Z7,E3,Q7Z6Z7,Q8IUE6,HUWE1,H2AC21,1,0,1.0,0.4093332
E3|Q7Z6Z7|Q8IZG5,E3|Q7Z6Z7,E3,Q7Z6Z7,Q8IZG5,HUWE1,SS18,1,0,1.0,0.7537045
E3|Q7Z6Z7|Q92769,E3|Q7Z6Z7,E3,Q7Z6Z7,Q92769,HUWE1,HDAC2,1,0,1.0,0.7924573
E3|Q7Z6Z7|Q92858,E3|Q7Z6Z7,E3,Q7Z6Z7,Q92858,HUWE1,ATOH1,1,0,1.0,0.88276595
E3|Q7Z6Z7|Q96A08,E3|Q7Z6Z7,E3,Q7Z6Z7,Q96A08,HUWE1,H2BC1,1,0,1.0,0.5647481
E3|Q7Z6Z7|Q99741,E3|Q7Z6Z7,E3,Q7Z6Z7,Q99741,HUWE1,CDC6,1,0,1.0,0.9062501
E3|Q7Z6Z7|Q9UGP5,E3|Q7Z6Z7,E3,Q7Z6Z7,Q9UGP5,HUWE1,POLL,1,0,1.0,0.7742784
E3|Q7Z6Z7|Q9UIF7,E3|Q7Z6Z7,E3,Q7Z6Z7,Q9UIF7,HUWE1,MUTYH,1,0,1.0,0.9451055
E3|Q7Z6Z7|Q9UQ80,E3|Q7Z6Z7,E3,Q7Z6Z7,Q9UQ80,HUWE1,PA2G4,1,0,1.0,0.8657907
E3|Q7Z6Z7|Q9Y4C1,E3|Q7Z6Z7,E3,Q7Z6Z7,Q9Y4C1,HUWE1,KDM3A,1,0,1.0,0.89652234
E3|Q7Z6Z7|Q9Y4P8,E3|Q7Z6Z7,E3,Q7Z6Z7,Q9Y4P8,HUWE1,WIPI2,1,0,1.0,0.7363237
E3|Q86YJ5|O60486,E3|Q86YJ5,E3,Q86YJ5,O60486,MARCHF9,PLXNC1,1,0,1.0,0.21834676
E3|Q86YJ5|P01730,E3|Q86YJ5,E3,Q86YJ5,P01730,MARCHF9,CD4,1,0,1.0,0.93816227
E3|Q86YJ5|P01880,E3|Q86YJ5,E3,Q86YJ5,P01880,MARCHF9,IGHD,1,0,1.0,0.9413899
E3|Q86YJ5|P01909,E3|Q86YJ5,E3,Q86YJ5,P01909,MARCHF9,HLA-DQA1,1,0,1.0,0.9380752
E3|Q86YJ5|P01920,E3|Q86YJ5,E3,Q86YJ5,P01920,MARCHF9,HLA-DQB1,1,0,1.0,0.93489486
E3|Q86YJ5|P05362,E3|Q86YJ5,E3,Q86YJ5,P05362,MARCHF9,ICAM1,1,0,1.0,0.21040773
E3|Q86YJ5|P10586,E3|Q86YJ5,E3,Q86YJ5,P10586,MARCHF9,PTPRF,1,0,1.0,0.34703416
E3|Q86YJ5|P15151,E3|Q86YJ5,E3,Q86YJ5,P15151,MARCHF9,PVR,1,0,1.0,0.93268394
E3|Q86YJ5|P18433,E3|Q86YJ5,E3,Q86YJ5,P18433,MARCHF9,PTPRA,1,0,1.0,0.9315361
E3|Q86YJ5|P31994,E3|Q86YJ5,E3,Q86YJ5,P31994,MARCHF9,FCGR2B,1,0,1.0,0.92169386
E3|Q86YJ5|Q12913,E3|Q86YJ5,E3,Q86YJ5,Q12913,MARCHF9,PTPRJ,1,0,1.0,0.9109122
E3|Q86YJ5|Q13291,E3|Q86YJ5,E3,Q86YJ5,Q13291,MARCHF9,SLAMF1,1,0,1.0,0.93403715
E3|Q86YJ5|Q6BAA4,E3|Q86YJ5,E3,Q86YJ5,Q6BAA4,MARCHF9,FCRLB,1,0,1.0,0.9316454
E3|Q86YJ5|Q8NHL6,E3|Q86YJ5,E3,Q86YJ5,Q8NHL6,MARCHF9,LILRB1,1,0,1.0,0.91582566
E3|Q86YJ5|Q96LA5,E3|Q86YJ5,E3,Q86YJ5,Q96LA5,MARCHF9,FCRL2,1,0,1.0,0.88448435
E3|Q86YJ5|Q9BV40,E3|Q86YJ5,E3,Q86YJ5,Q9BV40,MARCHF9,VAMP8,1,0,1.0,0.9467493
E3|Q86YJ5|Q9UHN6,E3|Q86YJ5,E3,Q86YJ5,Q9UHN6,MARCHF9,CEMIP2,1,0,1.0,0.9236664
E3|Q8IUD6|O95786,E3|Q8IUD6,E3,Q8IUD6,O95786,RNF135,DDX58,1,0,1.0,0.78450686
E3|Q8IWV7|P08100,E3|Q8IWV7,E3,Q8IWV7,P08100,UBR1,RHO,1,0,1.0,0.30643138
E3|Q8IXQ5|Q9H6E5,E3|Q8IXQ5,E3,Q8IXQ5,Q9H6E5,KLHL7,TUT1,1,0,1.0,0.78435576
E3|Q8IYM9|P19838,E3|Q8IYM9,E3,Q8IYM9,P19838,TRIM22,NFKB1,1,0,1.0,0.95576525
E3|Q8IYM9|Q14653,E3|Q8IYM9,E3,Q8IYM9,Q14653,TRIM22,IRF3,1,0,1.0,0.7547797
E3|Q8IYM9|Q8IYM9,E3|Q8IYM9,E3,Q8IYM9,Q8IYM9,TRIM22,TRIM22,1,0,1.0,0.96797884
E3|Q8IYU2|P10276,E3|Q8IYU2,E3,Q8IYU2,P10276,HACE1,RARA,1,0,1.0,0.4104304
E3|Q8IYU2|P10826,E3|Q8IYU2,E3,Q8IYU2,P10826,HACE1,RARB,1,0,1.0,0.32697302
E3|Q8IYU2|P24385,E3|Q8IYU2,E3,Q8IYU2,P24385,HACE1,CCND1,1,0,1.0,0.5106088
E3|Q8IYU2|P63000,E3|Q8IYU2,E3,Q8IYU2,P63000,HACE1,RAC1,1,0,1.0,0.6294393
E3|Q8IYU2|Q8NBJ4,E3|Q8IYU2,E3,Q8IYU2,Q8NBJ4,HACE1,GOLM1,1,0,1.0,0.6082156
E3|Q8IYU2|Q96CV9,E3|Q8IYU2,E3,Q8IYU2,Q96CV9,HACE1,OPTN,1,0,1.0,0.9170796
E3|Q8IYU2|Q9Y657,E3|Q8IYU2,E3,Q8IYU2,Q9Y657,HACE1,SPIN1,1,0,1.0,0.59948903
E3|Q8IYW5|O75164,E3|Q8IYW5,E3,Q8IYW5,O75164,RNF168,KDM4A,1,0,1.0,0.94053257
E3|Q8IYW5|O75367,E3|Q8IYW5,E3,Q8IYW5,O75367,RNF168,MACROH2A1,1,0,1.0,0.67621505
E3|Q8IYW5|P08134,E3|Q8IYW5,E3,Q8IYW5,P08134,RNF168,RHOC,1,0,1.0,0.08395677
E3|Q8IYW5|P0C0S5,E3|Q8IYW5,E3,Q8IYW5,P0C0S5,RNF168,H2AZ1,1,0,1.0,0.4346438
E3|Q8IYW5|P0C0S8,E3|Q8IYW5,E3,Q8IYW5,P0C0S8,RNF168,H2AC11,1,0,1.0,0.8806605
E3|Q8IYW5|P16104,E3|Q8IYW5,E3,Q8IYW5,P16104,RNF168,H2AX,1,0,1.0,0.85461503
E3|Q8IYW5|Q16777,E3|Q8IYW5,E3,Q8IYW5,Q16777,RNF168,H2AC20,1,0,1.0,0.89728177
E3|Q8IYW5|Q6FI13,E3|Q8IYW5,E3,Q8IYW5,Q6FI13,RNF168,H2AC18,1,0,1.0,0.8994845
E3|Q8IYW5|Q8IYW5,E3|Q8IYW5,E3,Q8IYW5,Q8IYW5,RNF168,RNF168,1,0,1.0,0.96151006
E3|Q8IYW5|Q9P0M6,E3|Q8IYW5,E3,Q8IYW5,Q9P0M6,RNF168,MACROH2A2,1,0,1.0,0.1845029
E3|Q8N1E6|O43623,E3|Q8N1E6,E3,Q8N1E6,O43623,FBXL14,SNAI2,1,0,1.0,0.8634615
E3|Q8N1E6|O95863,E3|Q8N1E6,E3,Q8N1E6,O95863,FBXL14,SNAI1,1,0,1.0,0.8580252
E3|Q8N1E6|Q15672,E3|Q8N1E6,E3,Q8N1E6,Q15672,FBXL14,TWIST1,1,0,1.0,0.8070212
E3|Q8N1E6|Q16828,E3|Q8N1E6,E3,Q8N1E6,Q16828,FBXL14,DUSP6,1,0,1.0,0.38598186
E3|Q8N1E6|Q9H5V8,E3|Q8N1E6,E3,Q8N1E6,Q9H5V8,FBXL14,CDCP1,1,0,1.0,0.14926285
E3|Q8N2H9|O43353,E3|Q8N2H9,E3,Q8N2H9,O43353,PELI3,RIPK2,1,0,1.0,0.5369777
E3|Q8N2H9|P51617,E3|Q8N2H9,E3,Q8N2H9,P51617,PELI3,IRAK1,1,0,1.0,0.5851994
E3|Q8N2H9|Q9Y4K3,E3|Q8N2H9,E3,Q8N2H9,Q9Y4K3,PELI3,TRAF6,1,0,1.0,0.5447255
E3|Q8N3Y1|P18065,E3|Q8N3Y1,E3,Q8N3Y1,P18065,FBXW8,IGFBP2,1,0,1.0,0.2236906
E3|Q8N3Y1|P24385,E3|Q8N3Y1,E3,Q8N3Y1,P24385,FBXW8,CCND1,1,0,1.0,0.6621884
E3|Q8N3Y1|P35568,E3|Q8N3Y1,E3,Q8N3Y1,P35568,FBXW8,IRS1,1,0,1.0,0.6064376
E3|Q8N3Y1|Q8IZP1,E3|Q8N3Y1,E3,Q8N3Y1,Q8IZP1,FBXW8,TBC1D3,1,0,1.0,0.2709359
E3|Q8N3Y1|Q92918,E3|Q8N3Y1,E3,Q8N3Y1,Q92918,FBXW8,MAP4K1,1,0,1.0,0.5170024
E3|Q8N3Y1|Q9BQQ3,E3|Q8N3Y1,E3,Q8N3Y1,Q9BQQ3,FBXW8,GORASP1,1,0,1.0,0.85013944
E3|Q8NI29|P13473,E3|Q8NI29,E3,Q8NI29,P13473,FBXO27,LAMP2,1,0,1.0,0.7475615
E3|Q8TCQ1|P01730,E3|Q8TCQ1,E3,Q8TCQ1,P01730,MARCHF1,CD4,1,0,1.0,0.9327049
E3|Q8TCQ1|P01903,E3|Q8TCQ1,E3,Q8TCQ1,P01903,MARCHF1,HLA-DRA,1,0,1.0,0.92550224
E3|Q8TCQ1|P01911,E3|Q8TCQ1,E3,Q8TCQ1,P01911,MARCHF1,HLA-DRB1,1,0,1.0,0.9303281
E3|Q8TCQ1|P01912,E3|Q8TCQ1,E3,Q8TCQ1,P01912,MARCHF1,HLA-DRB1,1,0,1.0,0.8722461
E3|Q8TCQ1|P02786,E3|Q8TCQ1,E3,Q8TCQ1,P02786,MARCHF1,TFRC,1,0,1.0,0.9391643
E3|Q8TCQ1|P04229,E3|Q8TCQ1,E3,Q8TCQ1,P04229,MARCHF1,HLA-DRB1,1,0,1.0,0.8922163
E3|Q8TCQ1|P13760,E3|Q8TCQ1,E3,Q8TCQ1,P13760,MARCHF1,HLA-DRB1,1,0,1.0,0.89067
E3|Q8TCQ1|P13761,E3|Q8TCQ1,E3,Q8TCQ1,P13761,MARCHF1,HLA-DRB1,1,0,1.0,0.8699673
E3|Q8TCQ1|P13762,E3|Q8TCQ1,E3,Q8TCQ1,P13762,MARCHF1,HLA-DRB4,1,0,1.0,0.9304717
E3|Q8TCQ1|P20039,E3|Q8TCQ1,E3,Q8TCQ1,P20039,MARCHF1,HLA-DRB1,1,0,1.0,0.8859472
E3|Q8TCQ1|P33076,E3|Q8TCQ1,E3,Q8TCQ1,P33076,MARCHF1,CIITA,1,0,1.0,0.15723586
E3|Q8TCQ1|P42081,E3|Q8TCQ1,E3,Q8TCQ1,P42081,MARCHF1,CD86,1,0,1.0,0.9346705
E3|Q8TCQ1|P49327,E3|Q8TCQ1,E3,Q8TCQ1,P49327,MARCHF1,FASN,1,0,1.0,0.23093778
E3|Q8TCQ1|P79483,E3|Q8TCQ1,E3,Q8TCQ1,P79483,MARCHF1,HLA-DRB3,1,0,1.0,0.9272111
E3|Q8TCQ1|Q29974,E3|Q8TCQ1,E3,Q8TCQ1,Q29974,MARCHF1,HLA-DRB1,1,0,1.0,0.8848694
E3|Q8TCQ1|Q30134,E3|Q8TCQ1,E3,Q8TCQ1,Q30134,MARCHF1,HLA-DRB1,1,0,1.0,0.87056196
E3|Q8TCQ1|Q30154,E3|Q8TCQ1,E3,Q8TCQ1,Q30154,MARCHF1,HLA-DRB5,1,0,1.0,0.92508614
E3|Q8TCQ1|Q30167,E3|Q8TCQ1,E3,Q8TCQ1,Q30167,MARCHF1,HLA-DRB1,1,0,1.0,0.89066947
E3|Q8TCQ1|Q5Y7A7,E3|Q8TCQ1,E3,Q8TCQ1,Q5Y7A7,MARCHF1,HLA-DRB1,1,0,1.0,0.8876414
E3|Q8TCQ1|Q95IE3,E3|Q8TCQ1,E3,Q8TCQ1,Q95IE3,MARCHF1,HLA-DRB1,1,0,1.0,0.88884455
E3|Q8TCQ1|Q9GIY3,E3|Q8TCQ1,E3,Q8TCQ1,Q9GIY3,MARCHF1,HLA-DRB1,1,0,1.0,0.8836102
E3|Q8TCQ1|Q9TQE0,E3|Q8TCQ1,E3,Q8TCQ1,Q9TQE0,MARCHF1,HLA-DRB1,1,0,1.0,0.8821548
E3|Q8TEL6|P01106,E3|Q8TEL6,E3,Q8TEL6,P01106,TRPC4AP,MYC,1,0,1.0,0.55692315
E3|Q8TEL6|P19838,E3|Q8TEL6,E3,Q8TEL6,P19838,TRPC4AP,NFKB1,1,0,1.0,0.43887898
E3|Q8WU17|O15503,E3|Q8WU17,E3,Q8WU17,O15503,RNF139,INSIG1,1,0,1.0,0.95153564
E3|Q8WU17|Q8WU17,E3|Q8WU17,E3,Q8WU17,Q8WU17,RNF139,RNF139,1,0,1.0,0.95390326
E3|Q8WY64|P01130,E3|Q8WY64,E3,Q8WY64,P01130,MYLIP,LDLR,1,0,1.0,0.94684964
E3|Q8WY64|P98155,E3|Q8WY64,E3,Q8WY64,P98155,MYLIP,VLDLR,1,0,1.0,0.9538167
E3|Q8WY64|Q14114,E3|Q8WY64,E3,Q8WY64,Q14114,MYLIP,LRP8,1,0,1.0,0.9490317
E3|Q8WY64|Q8WY64,E3|Q8WY64,E3,Q8WY64,Q8WY64,MYLIP,MYLIP,1,0,1.0,0.96860385
E3|Q8WZ19|P61586,E3|Q8WZ19,E3,Q8WZ19,P61586,KCTD13,RHOA,1,0,1.0,0.37416652
E3|Q96BH1|Q969F2,E3|Q96BH1,E3,Q96BH1,Q969F2,RNF25,NKD2,1,0,1.0,0.7500765
E3|Q96D59|O14763,E3|Q96D59,E3,Q96D59,O14763,RNF183,TNFRSF10B,1,0,1.0,0.557538
E3|Q96D59|P05026,E3|Q96D59,E3,Q96D59,P05026,RNF183,ATP1B1,1,0,1.0,0.8161317
E3|Q96D59|Q07817,E3|Q96D59,E3,Q96D59,Q07817,RNF183,BCL2L1,1,0,1.0,0.8830776
E3|Q96F44|O15169,E3|Q96F44,E3,Q96F44,O15169,TRIM11,AXIN1,1,0,1.0,0.5798823
E3|Q96F44|O60346,E3|Q96F44,E3,Q96F44,O60346,TRIM11,PHLPP1,1,0,1.0,0.59493405
E3|Q96F44|P03372,E3|Q96F44,E3,Q96F44,P03372,TRIM11,ESR1,1,0,1.0,0.6264401
E3|Q96F44|P0CJ68,E3|Q96F44,E3,Q96F44,P0CJ68,TRIM11,MTRNR2L1,1,0,1.0,0.6039963
E3|Q96F44|P26367,E3|Q96F44,E3,Q96F44,P26367,TRIM11,PAX6,1,0,1.0,0.4050752
E3|Q96F44|P31645,E3|Q96F44,E3,Q96F44,P31645,TRIM11,SLC6A4,1,0,1.0,0.16030538
E3|Q96F44|P42858,E3|Q96F44,E3,Q96F44,P42858,TRIM11,HTT,1,0,1.0,0.7524839
E3|Q96F44|Q16828,E3|Q96F44,E3,Q96F44,Q16828,TRIM11,DUSP6,1,0,1.0,0.55977446
E3|Q96F44|Q96QS3,E3|Q96F44,E3,Q96F44,Q96QS3,TRIM11,ARX,1,0,1.0,0.3499835
E3|Q96F44|Q96RN5,E3|Q96F44,E3,Q96F44,Q96RN5,TRIM11,MED15,1,0,1.0,0.47327754
E3|Q96F44|Q9P219,E3|Q96F44,E3,Q96F44,Q9P219,TRIM11,CCDC88C,1,0,1.0,0.3878783
E3|Q96ME1|Q9UJT9,E3|Q96ME1,E3,Q96ME1,Q9UJT9,FBXL18,FBXL7,1,0,1.0,0.7955546
E3|Q96PM5|O14579,E3|Q96PM5,E3,Q96PM5,O14579,RCHY1,COPE,1,0,1.0,0.5468446
E3|Q96PM5|O15350,E3|Q96PM5,E3,Q96PM5,O15350,RCHY1,TP73,1,0,1.0,0.77472246
E3|Q96PM5|O75417,E3|Q96PM5,E3,Q96PM5,O75417,RCHY1,POLQ,1,0,1.0,0.596628
E3|Q96PM5|O96017,E3|Q96PM5,E3,Q96PM5,O96017,RCHY1,CHEK2,1,0,1.0,0.8533559
E3|Q96PM5|P04637,E3|Q96PM5,E3,Q96PM5,P04637,RCHY1,TP53,1,0,1.0,0.87569326
E3|Q96PM5|P46527,E3|Q96PM5,E3,Q96PM5,P46527,RCHY1,CDKN1B,1,0,1.0,0.7254783
E3|Q96PM5|P49458,E3|Q96PM5,E3,Q96PM5,P49458,RCHY1,SRP9,1,0,1.0,0.7522887
E3|Q96PM5|Q13547,E3|Q96PM5,E3,Q96PM5,Q13547,RCHY1,HDAC1,1,0,1.0,0.74185115
E3|Q96PM5|Q15717,E3|Q96PM5,E3,Q96PM5,Q15717,RCHY1,ELAVL1,1,0,1.0,0.8806157
E3|Q96PM5|Q5T7V8,E3|Q96PM5,E3,Q96PM5,Q5T7V8,RCHY1,GORAB,1,0,1.0,0.20879915
E3|Q96PM5|Q96J02,E3|Q96PM5,E3,Q96PM5,Q96J02,RCHY1,ITCH,1,0,1.0,0.4861079
E3|Q96PM5|Q9H3D4,E3|Q96PM5,E3,Q96PM5,Q9H3D4,RCHY1,TP63,1,0,1.0,0.75550056
E3|Q96PM5|Q9Y253,E3|Q96PM5,E3,Q96PM5,Q9Y253,RCHY1,POLH,1,0,1.0,0.7614256
E3|Q96PM5|Q9Y5M8,E3|Q96PM5,E3,Q96PM5,Q9Y5M8,RCHY1,SRPRB,1,0,1.0,0.12744848
E3|Q96RU7|Q07869,E3|Q96RU7,E3,Q96RU7,Q07869,TRIB3,PPARA,1,0,1.0,0.94222474
E3|Q96SW2|P10636,E3|Q96SW2,E3,Q96SW2,P10636,CRBN,MAPT,1,0,1.0,0.79684556
E3|Q96SW2|Q13422,E3|Q96SW2,E3,Q96SW2,Q13422,CRBN,IKZF1,1,0,1.0,0.9251174
E3|Q96SW2|Q96SW2,E3|Q96SW2,E3,Q96SW2,Q96SW2,CRBN,CRBN,1,0,1.0,0.95406926
E3|Q96SW2|Q9H3D4,E3|Q96SW2,E3,Q96SW2,Q9H3D4,CRBN,TP63,1,0,1.0,0.93803304
E3|Q96SW2|Q9UJQ4,E3|Q96SW2,E3,Q96SW2,Q9UJQ4,CRBN,SALL4,1,0,1.0,0.90311044
E3|Q96SW2|Q9UKT9,E3|Q96SW2,E3,Q96SW2,Q9UKT9,CRBN,IKZF3,1,0,1.0,0.9497302
E3|Q9BRZ2|O00422,E3|Q9BRZ2,E3,Q9BRZ2,O00422,TRIM56,SAP18,1,0,1.0,0.707835
E3|Q9BRZ2|P08670,E3|Q9BRZ2,E3,Q9BRZ2,P08670,TRIM56,VIM,1,0,1.0,0.7920886
E3|Q9BRZ2|Q86WV6,E3|Q9BRZ2,E3,Q9BRZ2,Q86WV6,TRIM56,STING1,1,0,1.0,0.7569154
E3|Q9C029|Q04206,E3|Q9C029,E3,Q9C029,Q04206,TRIM7,RELA,1,0,1.0,0.2841125
E3|Q9C029|Q9HCU9,E3|Q9C029,E3,Q9C029,Q9HCU9,TRIM7,BRMS1,1,0,1.0,0.1787249
E3|Q9C0C7|Q14457,E3|Q9C0C7,E3,Q9C0C7,Q14457,AMBRA1,BECN1,1,0,1.0,0.86024565
E3|Q9C0C9|O94992,E3|Q9C0C9,E3,Q9C0C9,O94992,UBE2O,HEXIM1,1,0,1.0,0.7655125
E3|Q9C0C9|P50539,E3|Q9C0C9,E3,Q9C0C9,P50539,UBE2O,MXI1,1,0,1.0,0.7920553
E3|Q9H2C0|P14136,E3|Q9H2C0,E3,Q9H2C0,P14136,GAN,GFAP,1,0,1.0,0.5324184
E3|Q9H2C0|P46821,E3|Q9H2C0,E3,Q9H2C0,P46821,GAN,MAP1B,1,0,1.0,0.93622917
E3|Q9H2C0|Q15465,E3|Q9H2C0,E3,Q9H2C0,Q15465,GAN,SHH,1,0,1.0,0.14469303
E3|Q9H2C0|Q66K74,E3|Q9H2C0,E3,Q9H2C0,Q66K74,GAN,MAP1S,1,0,1.0,0.92556405
E3|Q9H2C0|Q676U5,E3|Q9H2C0,E3,Q9H2C0,Q676U5,GAN,ATG16L1,1,0,1.0,0.769031
E3|Q9H2C0|Q99426,E3|Q9H2C0,E3,Q9H2C0,Q99426,GAN,TBCB,1,0,1.0,0.9073064
E3|Q9H3F6|P62745,E3|Q9H3F6,E3,Q9H3F6,P62745,KCTD10,RHOB,1,0,1.0,0.12310756
E3|Q9H3F6|Q8IUC6,E3|Q9H3F6,E3,Q9H3F6,Q8IUC6,KCTD10,TICAM1,1,0,1.0,0.77940094
E3|Q9H3F6|Q8IW35,E3|Q9H3F6,E3,Q9H3F6,Q8IW35,KCTD10,CEP97,1,0,1.0,0.74696606
E3|Q9H765|Q13123,E3|Q9H765,E3,Q9H765,Q13123,ASB8,IK,1,0,1.0,0.88110167
E3|Q9HCE7|A6NI79,E3|Q9HCE7,E3,Q9HCE7,A6NI79,SMURF1,CCDC69,1,0,1.0,0.93474674
E3|Q9HCE7|O00238,E3|Q9HCE7,E3,Q9HCE7,O00238,SMURF1,BMPR1B,1,0,1.0,0.9493628
E3|Q9HCE7|O00291,E3|Q9HCE7,E3,Q9HCE7,O00291,SMURF1,HIP1,1,0,1.0,0.9201129
E3|Q9HCE7|O14730,E3|Q9HCE7,E3,Q9HCE7,O14730,SMURF1,RIOK3,1,0,1.0,0.7448473
E3|Q9HCE7|O15105,E3|Q9HCE7,E3,Q9HCE7,O15105,SMURF1,SMAD7,1,0,1.0,0.83311224
E3|Q9HCE7|O15169,E3|Q9HCE7,E3,Q9HCE7,O15169,SMURF1,AXIN1,1,0,1.0,0.96426135
E3|Q9HCE7|O43541,E3|Q9HCE7,E3,Q9HCE7,O43541,SMURF1,SMAD6,1,0,1.0,0.8986092
E3|Q9HCE7|O60784,E3|Q9HCE7,E3,Q9HCE7,O60784,SMURF1,TOM1,1,0,1.0,0.9388395
E3|Q9HCE7|O76013,E3|Q9HCE7,E3,Q9HCE7,O76013,SMURF1,KRT36,1,0,1.0,0.7677238
E3|Q9HCE7|O76080,E3|Q9HCE7,E3,Q9HCE7,O76080,SMURF1,ZFAND5,1,0,1.0,0.81729245
E3|Q9HCE7|O95947,E3|Q9HCE7,E3,Q9HCE7,O95947,SMURF1,TBX6,1,0,1.0,0.7734913
E3|Q9HCE7|P04626,E3|Q9HCE7,E3,Q9HCE7,P04626,SMURF1,ERBB2,1,0,1.0,0.89668536
E3|Q9HCE7|P05129,E3|Q9HCE7,E3,Q9HCE7,P05129,SMURF1,PRKCG,1,0,1.0,0.8977933
E3|Q9HCE7|P06239,E3|Q9HCE7,E3,Q9HCE7,P06239,SMURF1,LCK,1,0,1.0,0.94655114
E3|Q9HCE7|P07332,E3|Q9HCE7,E3,Q9HCE7,P07332,SMURF1,FES,1,0,1.0,0.95139635
E3|Q9HCE7|P08133,E3|Q9HCE7,E3,Q9HCE7,P08133,SMURF1,ANXA6,1,0,1.0,0.7683417
E3|Q9HCE7|P09769,E3|Q9HCE7,E3,Q9HCE7,P09769,SMURF1,FGR,1,0,1.0,0.9535412
E3|Q9HCE7|P16234,E3|Q9HCE7,E3,Q9HCE7,P16234,SMURF1,PDGFRA,1,0,1.0,0.92817795
E3|Q9HCE7|P17252,E3|Q9HCE7,E3,Q9HCE7,P17252,SMURF1,PRKCA,1,0,1.0,0.9632602
E3|Q9HCE7|P19784,E3|Q9HCE7,E3,Q9HCE7,P19784,SMURF1,CSNK2A2,1,0,1.0,0.503681
E3|Q9HCE7|P21709,E3|Q9HCE7,E3,Q9HCE7,P21709,SMURF1,EPHA1,1,0,1.0,0.9036589
E3|Q9HCE7|P26038,E3|Q9HCE7,E3,Q9HCE7,P26038,SMURF1,MSN,1,0,1.0,0.9554272
E3|Q9HCE7|P35626,E3|Q9HCE7,E3,Q9HCE7,P35626,SMURF1,ADRBK2,1,0,1.0,0.646019
E3|Q9HCE7|P36894,E3|Q9HCE7,E3,Q9HCE7,P36894,SMURF1,BMPR1A,1,0,1.0,0.94693786
E3|Q9HCE7|P36897,E3|Q9HCE7,E3,Q9HCE7,P36897,SMURF1,TGFBR1,1,0,1.0,0.9508092
E3|Q9HCE7|P37173,E3|Q9HCE7,E3,Q9HCE7,P37173,SMURF1,TGFBR2,1,0,1.0,0.9309314
E3|Q9HCE7|P37231,E3|Q9HCE7,E3,Q9HCE7,P37231,SMURF1,PPARG,1,0,1.0,0.51272666
E3|Q9HCE7|P41743,E3|Q9HCE7,E3,Q9HCE7,P41743,SMURF1,PRKCI,1,0,1.0,0.96520686
E3|Q9HCE7|P42679,E3|Q9HCE7,E3,Q9HCE7,P42679,SMURF1,MATK,1,0,1.0,0.93112826
E3|Q9HCE7|P45974,E3|Q9HCE7,E3,Q9HCE7,P45974,SMURF1,USP5,1,0,1.0,0.7601367
E3|Q9HCE7|P48730,E3|Q9HCE7,E3,Q9HCE7,P48730,SMURF1,CSNK1D,1,0,1.0,0.9524477
E3|Q9HCE7|P51668,E3|Q9HCE7,E3,Q9HCE7,P51668,SMURF1,UBE2D1,1,0,1.0,0.7535686
E3|Q9HCE7|P51955,E3|Q9HCE7,E3,Q9HCE7,P51955,SMURF1,NEK2,1,0,1.0,0.86486983
E3|Q9HCE7|P54252,E3|Q9HCE7,E3,Q9HCE7,P54252,SMURF1,ATXN3,1,0,1.0,0.9541777
E3|Q9HCE7|P54725,E3|Q9HCE7,E3,Q9HCE7,P54725,SMURF1,RAD23A,1,0,1.0,0.8536709
E3|Q9HCE7|P55036,E3|Q9HCE7,E3,Q9HCE7,P55036,SMURF1,PSMD4,1,0,1.0,0.8288653
E3|Q9HCE7|P60002,E3|Q9HCE7,E3,Q9HCE7,P60002,SMURF1,ELOF1,1,0,1.0,0.6322579
E3|Q9HCE7|P60484,E3|Q9HCE7,E3,Q9HCE7,P60484,SMURF1,PTEN,1,0,1.0,0.9490521
E3|Q9HCE7|P61077,E3|Q9HCE7,E3,Q9HCE7,P61077,SMURF1,UBE2D3,1,0,1.0,0.9540881
E3|Q9HCE7|P61086,E3|Q9HCE7,E3,Q9HCE7,P61086,SMURF1,UBE2K,1,0,1.0,0.7625247
E3|Q9HCE7|P61328,E3|Q9HCE7,E3,Q9HCE7,P61328,SMURF1,FGF12,1,0,1.0,0.830263
E3|Q9HCE7|P61586,E3|Q9HCE7,E3,Q9HCE7,P61586,SMURF1,RHOA,1,0,1.0,0.95058084
E3|Q9HCE7|P62253,E3|Q9HCE7,E3,Q9HCE7,P62253,SMURF1,UBE2G1,1,0,1.0,0.6440847
E3|Q9HCE7|P63000,E3|Q9HCE7,E3,Q9HCE7,P63000,SMURF1,RAC1,1,0,1.0,0.91798323
E3|Q9HCE7|P67936,E3|Q9HCE7,E3,Q9HCE7,P67936,SMURF1,TPM4,1,0,1.0,0.9366688
E3|Q9HCE7|P80192,E3|Q9HCE7,E3,Q9HCE7,P80192,SMURF1,MAP3K9,1,0,1.0,0.8354265
E3|Q9HCE7|Q00688,E3|Q9HCE7,E3,Q9HCE7,Q00688,SMURF1,FKBP3,1,0,1.0,0.82708585
E3|Q9HCE7|Q02779,E3|Q9HCE7,E3,Q9HCE7,Q02779,SMURF1,MAP3K10,1,0,1.0,0.75839
E3|Q9HCE7|Q04771,E3|Q9HCE7,E3,Q9HCE7,Q04771,SMURF1,ACVR1,1,0,1.0,0.67809486
E3|Q9HCE7|Q06187,E3|Q9HCE7,E3,Q9HCE7,Q06187,SMURF1,BTK,1,0,1.0,0.95124346
E3|Q9HCE7|Q08881,E3|Q9HCE7,E3,Q9HCE7,Q08881,SMURF1,ITK,1,0,1.0,0.8551699
E3|Q9HCE7|Q13404,E3|Q9HCE7,E3,Q9HCE7,Q13404,SMURF1,UBE2V1,1,0,1.0,0.7648488
E3|Q9HCE7|Q13492,E3|Q9HCE7,E3,Q9HCE7,Q13492,SMURF1,PICALM,1,0,1.0,0.9270147
E3|Q9HCE7|Q13873,E3|Q9HCE7,E3,Q9HCE7,Q13873,SMURF1,BMPR2,1,0,1.0,0.89767474
E3|Q9HCE7|Q13950,E3|Q9HCE7,E3,Q9HCE7,Q13950,SMURF1,RUNX2,1,0,1.0,0.4556797
E3|Q9HCE7|Q14247,E3|Q9HCE7,E3,Q9HCE7,Q14247,SMURF1,CTTN,1,0,1.0,0.96016806
E3|Q9HCE7|Q15642,E3|Q9HCE7,E3,Q9HCE7,Q15642,SMURF1,TRIP10,1,0,1.0,0.90741235
E3|Q9HCE7|Q15726,E3|Q9HCE7,E3,Q9HCE7,Q15726,SMURF1,KISS1,1,0,1.0,0.8813856
E3|Q9HCE7|Q15750,E3|Q9HCE7,E3,Q9HCE7,Q15750,SMURF1,TAB1,1,0,1.0,0.96428984
E3|Q9HCE7|Q15797,E3|Q9HCE7,E3,Q9HCE7,Q15797,SMURF1,SMAD1,1,0,1.0,0.61409503
E3|Q9HCE7|Q16186,E3|Q9HCE7,E3,Q9HCE7,Q16186,SMURF1,ADRM1,1,0,1.0,0.84336895
E3|Q9HCE7|Q569H4,E3|Q9HCE7,E3,Q9HCE7,Q569H4,SMURF1,PRR16,1,0,1.0,0.75354534
E3|Q9HCE7|Q5BJF6,E3|Q9HCE7,E3,Q9HCE7,Q5BJF6,SMURF1,ODF2,1,0,1.0,0.9341733
E3|Q9HCE7|Q6ZTN6,E3|Q9HCE7,E3,Q9HCE7,Q6ZTN6,SMURF1,ANKRD13D,1,0,1.0,0.88773394
E3|Q9HCE7|Q6ZVM7,E3|Q9HCE7,E3,Q9HCE7,Q6ZVM7,SMURF1,TOM1L2,1,0,1.0,0.7822833
E3|Q9HCE7|Q7KZI7,E3|Q9HCE7,E3,Q9HCE7,Q7KZI7,SMURF1,MARK2,1,0,1.0,0.9538645
E3|Q9HCE7|Q7Z434,E3|Q9HCE7,E3,Q9HCE7,Q7Z434,SMURF1,MAVS,1,0,1.0,0.9612102
E3|Q9HCE7|Q7Z4L4,E3|Q9HCE7,E3,Q9HCE7,Q7Z4L4,SMURF1,TNIK,1,0,1.0,0.826181
E3|Q9HCE7|Q8IZ07,E3|Q9HCE7,E3,Q9HCE7,Q8IZ07,SMURF1,ANKRD13A,1,0,1.0,0.89603895
E3|Q9HCE7|Q8N0X7,E3|Q9HCE7,E3,Q9HCE7,Q8N0X7,SMURF1,SPART,1,0,1.0,0.38614866
E3|Q9HCE7|Q8N519,E3|Q9HCE7,E3,Q9HCE7,Q8N519,SMURF1,,1,0,1.0,0.2957991
E3|Q9HCE7|Q8N6M0,E3|Q9HCE7,E3,Q9HCE7,Q8N6M0,SMURF1,OTUD6B,1,0,1.0,0.6819158
E3|Q9HCE7|Q8N8V4,E3|Q9HCE7,E3,Q9HCE7,Q8N8V4,SMURF1,ANKS4B,1,0,1.0,0.90605795
E3|Q9HCE7|Q8NFZ5,E3|Q9HCE7,E3,Q9HCE7,Q8NFZ5,SMURF1,TNIP2,1,0,1.0,0.7707906
E3|Q9HCE7|Q8TB46,E3|Q9HCE7,E3,Q9HCE7,Q8TB46,SMURF1,ANKRD50,1,0,1.0,0.6163718
E3|Q9HCE7|Q92519,E3|Q9HCE7,E3,Q9HCE7,Q92519,SMURF1,TRIB2,1,0,1.0,0.93193036
E3|Q9HCE7|Q96C92,E3|Q9HCE7,E3,Q9HCE7,Q96C92,SMURF1,ENTR1,1,0,1.0,0.8657686
E3|Q9HCE7|Q96CS3,E3|Q9HCE7,E3,Q9HCE7,Q96CS3,SMURF1,FAF2,1,0,1.0,0.9079539
E3|Q9HCE7|Q96KG9,E3|Q9HCE7,E3,Q9HCE7,Q96KG9,SMURF1,SCYL1,1,0,1.0,0.9483055
E3|Q9HCE7|Q99717,E3|Q9HCE7,E3,Q9HCE7,Q99717,SMURF1,SMAD5,1,0,1.0,0.92777914
E3|Q9HCE7|Q99988,E3|Q9HCE7,E3,Q9HCE7,Q99988,SMURF1,GDF15,1,0,1.0,0.86680084
E3|Q9HCE7|Q9BRJ6,E3|Q9HCE7,E3,Q9HCE7,Q9BRJ6,SMURF1,C7orf50,1,0,1.0,0.39979595
E3|Q9HCE7|Q9BSL1,E3|Q9HCE7,E3,Q9HCE7,Q9BSL1,SMURF1,UBAC1,1,0,1.0,0.8226426
E3|Q9HCE7|Q9BUZ4,E3|Q9HCE7,E3,Q9HCE7,Q9BUZ4,SMURF1,TRAF4,1,0,1.0,0.9556706
E3|Q9HCE7|Q9BYM8,E3|Q9HCE7,E3,Q9HCE7,Q9BYM8,SMURF1,RBCK1,1,0,1.0,0.8488252
E3|Q9HCE7|Q9BZV1,E3|Q9HCE7,E3,Q9HCE7,Q9BZV1,SMURF1,UBXN6,1,0,1.0,0.9510103
E3|Q9HCE7|Q9H160,E3|Q9HCE7,E3,Q9HCE7,Q9H160,SMURF1,ING2,1,0,1.0,0.3274435
E3|Q9HCE7|Q9H1I8,E3|Q9HCE7,E3,Q9HCE7,Q9H1I8,SMURF1,ASCC2,1,0,1.0,0.71650213
E3|Q9HCE7|Q9H2K8,E3|Q9HCE7,E3,Q9HCE7,Q9H2K8,SMURF1,TAOK3,1,0,1.0,0.9478185
E3|Q9HCE7|Q9H5N1,E3|Q9HCE7,E3,Q9HCE7,Q9H5N1,SMURF1,RABEP2,1,0,1.0,0.93646413
E3|Q9HCE7|Q9H6K1,E3|Q9HCE7,E3,Q9HCE7,Q9H6K1,SMURF1,C6orf106,1,0,1.0,0.2823111
E3|Q9HCE7|Q9H8M7,E3|Q9HCE7,E3,Q9HCE7,Q9H8M7,SMURF1,FAM188A,1,0,1.0,0.87685984
E3|Q9HCE7|Q9NSB8,E3|Q9HCE7,E3,Q9HCE7,Q9NSB8,SMURF1,HOMER2,1,0,1.0,0.95342535
E3|Q9HCE7|Q9NWM3,E3|Q9HCE7,E3,Q9HCE7,Q9NWM3,SMURF1,CUEDC1,1,0,1.0,0.85725737
E3|Q9HCE7|Q9NZ63,E3|Q9HCE7,E3,Q9HCE7,Q9NZ63,SMURF1,C9orf78,1,0,1.0,0.8605483
E3|Q9HCE7|Q9P1Z2,E3|Q9HCE7,E3,Q9HCE7,Q9P1Z2,SMURF1,CALCOCO1,1,0,1.0,0.86072844
E3|Q9HCE7|Q9P270,E3|Q9HCE7,E3,Q9HCE7,Q9P270,SMURF1,SLAIN2,1,0,1.0,0.94134736
E3|Q9HCE7|Q9P2X3,E3|Q9HCE7,E3,Q9HCE7,Q9P2X3,SMURF1,IMPACT,1,0,1.0,0.8184475
E3|Q9HCE7|Q9P2Y5,E3|Q9HCE7,E3,Q9HCE7,Q9P2Y5,SMURF1,UVRAG,1,0,1.0,0.9534035
E3|Q9HCE7|Q9UHD2,E3|Q9HCE7,E3,Q9HCE7,Q9UHD2,SMURF1,TBK1,1,0,1.0,0.89441943
E3|Q9HCE7|Q9UHD9,E3|Q9HCE7,E3,Q9HCE7,Q9UHD9,SMURF1,UBQLN2,1,0,1.0,0.94319123
E3|Q9HCE7|Q9UKE5,E3|Q9HCE7,E3,Q9HCE7,Q9UKE5,SMURF1,TNIK,1,0,1.0,0.8532781
E3|Q9HCE7|Q9ULJ7,E3|Q9HCE7,E3,Q9HCE7,Q9ULJ7,SMURF1,ANKRD50,1,0,1.0,0.67755246
E3|Q9HCE7|Q9UM07,E3|Q9HCE7,E3,Q9HCE7,Q9UM07,SMURF1,PADI4,1,0,1.0,0.667638
E3|Q9HCE7|Q9UMX0,E3|Q9HCE7,E3,Q9HCE7,Q9UMX0,SMURF1,UBQLN1,1,0,1.0,0.95863855
E3|Q9HCE7|Q9Y261,E3|Q9HCE7,E3,Q9HCE7,Q9Y261,SMURF1,FOXA2,1,0,1.0,0.22849275
E3|Q9HCE7|Q9Y2U5,E3|Q9HCE7,E3,Q9HCE7,Q9Y2U5,SMURF1,MAP3K2,1,0,1.0,0.8657908
E3|Q9HCE7|Q9Y490,E3|Q9HCE7,E3,Q9HCE7,Q9Y490,SMURF1,TLN1,1,0,1.0,0.95621395
E3|Q9HCE7|Q9Y4K4,E3|Q9HCE7,E3,Q9HCE7,Q9Y4K4,SMURF1,MAP4K5,1,0,1.0,0.6667721
E3|Q9HCE7|Q9Y508,E3|Q9HCE7,E3,Q9HCE7,Q9Y508,SMURF1,RNF114,1,0,1.0,0.842959
E3|Q9HCE7|Q9Y5W3,E3|Q9HCE7,E3,Q9HCE7,Q9Y5W3,SMURF1,KLF2,1,0,1.0,0.88493603
E3|Q9HCE7|Q9Y6I3,E3|Q9HCE7,E3,Q9HCE7,Q9Y6I3,SMURF1,EPN1,1,0,1.0,0.8931887
E3|Q9NQ86|Q14653,E3|Q9NQ86,E3,Q9NQ86,Q14653,TRIM36,IRF3,1,0,1.0,0.77858645
E3|Q9NS91|P04637,E3|Q9NS91,E3,Q9NS91,P04637,RAD18,TP53,1,0,1.0,0.96256924
E3|Q9NS91|P12004,E3|Q9NS91,E3,Q9NS91,P12004,RAD18,PCNA,1,0,1.0,0.91792357
E3|Q9NS91|P35250,E3|Q9NS91,E3,Q9NS91,P35250,RAD18,RFC2,1,0,1.0,0.909807
E3|Q9NS91|Q12888,E3|Q9NS91,E3,Q9NS91,Q12888,RAD18,TP53BP1,1,0,1.0,0.9208516
E3|Q9NS91|Q9BXW9,E3|Q9NS91,E3,Q9NS91,Q9BXW9,RAD18,FANCD2,1,0,1.0,0.8878856
E3|Q9NS91|Q9NS91,E3|Q9NS91,E3,Q9NS91,Q9NS91,RAD18,RAD18,1,0,1.0,0.96564484
E3|Q9NVW2|O43679,E3|Q9NVW2,E3,Q9NVW2,O43679,RLIM,LDB2,1,0,1.0,0.3423879
E3|Q9NVW2|P04637,E3|Q9NVW2,E3,Q9NVW2,P04637,RLIM,TP53,1,0,1.0,0.9054349
E3|Q9NVW2|P16949,E3|Q9NVW2,E3,Q9NVW2,P16949,RLIM,STMN1,1,0,1.0,0.84279186
E3|Q9NVW2|P25791,E3|Q9NVW2,E3,Q9NVW2,P25791,RLIM,LMO2,1,0,1.0,0.72866726
E3|Q9NVW2|P50458,E3|Q9NVW2,E3,Q9NVW2,P50458,RLIM,LHX2,1,0,1.0,0.3316264
E3|Q9NVW2|P53667,E3|Q9NVW2,E3,Q9NVW2,P53667,RLIM,LIMK1,1,0,1.0,0.91915303
E3|Q9NVW2|P54274,E3|Q9NVW2,E3,Q9NVW2,P54274,RLIM,TERF1,1,0,1.0,0.91311145
E3|Q9NVW2|P61968,E3|Q9NVW2,E3,Q9NVW2,P61968,RLIM,LMO4,1,0,1.0,0.58648145
E3|Q9NVW2|Q00987,E3|Q9NVW2,E3,Q9NVW2,Q00987,RLIM,MDM2,1,0,1.0,0.868971
E3|Q9NVW2|Q86U70,E3|Q9NVW2,E3,Q9NVW2,Q86U70,RLIM,LDB1,1,0,1.0,0.3731046
E3|Q9NVW2|Q92769,E3|Q9NVW2,E3,Q9NVW2,Q92769,RLIM,HDAC2,1,0,1.0,0.6112645
E3|Q9NVW2|Q92994,E3|Q9NVW2,E3,Q9NVW2,Q92994,RLIM,BRF1,1,0,1.0,0.80612147
E3|Q9NVW2|Q96MM3,E3|Q9NVW2,E3,Q9NVW2,Q96MM3,RLIM,ZFP42,1,0,1.0,0.76814723
E3|Q9NVW2|Q9NVW2,E3|Q9NVW2,E3,Q9NVW2,Q9NVW2,RLIM,RLIM,1,0,1.0,0.9122284
E3|Q9NVW2|Q9UBR4,E3|Q9NVW2,E3,Q9NVW2,Q9UBR4,RLIM,LHX3,1,0,1.0,0.38589957
E3|Q9NWF9|O00206,E3|Q9NWF9,E3,Q9NWF9,O00206,RNF216,TLR4,1,0,1.0,0.7417411
E3|Q9NWF9|Q13114,E3|Q9NWF9,E3,Q9NWF9,Q13114,RNF216,TRAF3,1,0,1.0,0.94119537
E3|Q9NWF9|Q13546,E3|Q9NWF9,E3,Q9NWF9,Q13546,RNF216,RIPK1,1,0,1.0,0.8376055
E3|Q9NWF9|Q9NR96,E3|Q9NWF9,E3,Q9NWF9,Q9NR96,RNF216,TLR9,1,0,1.0,0.8078718
E3|Q9NWF9|Q9NR97,E3|Q9NWF9,E3,Q9NWF9,Q9NR97,RNF216,TLR8,1,0,1.0,0.6496943
E3|Q9NWF9|Q9NWF9,E3|Q9NWF9,E3,Q9NWF9,Q9NWF9,RNF216,RNF216,1,0,1.0,0.9550177
E3|Q9NWZ3|Q96FA3,E3|Q9NWZ3,E3,Q9NWZ3,Q96FA3,IRAK4,PELI1,1,0,1.0,0.4044024
E3|Q9P2K6|Q16537,E3|Q9P2K6,E3,Q9P2K6,Q16537,KLHL42,PPP2R5E,1,0,1.0,0.5538367
E3|Q9P2P5|O15350,E3|Q9P2P5,E3,Q9P2P5,O15350,HECW2,TP73,1,0,1.0,0.9230132
E3|Q9P2P5|P12004,E3|Q9P2P5,E3,Q9P2P5,P12004,HECW2,PCNA,1,0,1.0,0.92218155
E3|Q9P2P5|P20700,E3|Q9P2P5,E3,Q9P2P5,P20700,HECW2,LMNB1,1,0,1.0,0.84037733
E3|Q9UBN7|O14757,E3|Q9UBN7,E3,Q9UBN7,O14757,HDAC6,CHEK1,1,0,1.0,0.9649706
E3|Q9UBN7|P08151,E3|Q9UBN7,E3,Q9UBN7,P08151,HDAC6,GLI1,1,0,1.0,0.84972703
E3|Q9UJX6|O95997,E3|Q9UJX6,E3,Q9UJX6,O95997,ANAPC2,PTTG1,1,0,1.0,0.7679233
E3|Q9ULT8|O60331,E3|Q9ULT8,E3,Q9ULT8,O60331,HECTD1,PIP5K1C,1,0,1.0,0.55267096
E3|Q9ULT8|O95863,E3|Q9ULT8,E3,Q9ULT8,O95863,HECTD1,SNAI1,1,0,1.0,0.9549865
E3|Q9ULT8|Q9UPN3,E3|Q9ULT8,E3,Q9ULT8,Q9UPN3,HECTD1,MACF1,1,0,1.0,0.8216792
E3|Q9UMS4|O43395,E3|Q9UMS4,E3,Q9UMS4,O43395,PRPF19,PRPF3,1,0,1.0,0.88797325
E3|Q9UMS4|P15927,E3|Q9UMS4,E3,Q9UMS4,P15927,PRPF19,RPA2,1,0,1.0,0.9007015
E3|Q9UMS4|P27694,E3|Q9UMS4,E3,Q9UMS4,P27694,PRPF19,RPA1,1,0,1.0,0.88939613
E3|Q9UMS4|P67809,E3|Q9UMS4,E3,Q9UMS4,P67809,PRPF19,YBX1,1,0,1.0,0.57276314
E3|Q9UPQ4|Q13114,E3|Q9UPQ4,E3,Q9UPQ4,Q13114,TRIM35,TRAF3,1,0,1.0,0.3906721
E3|Q9UPQ7|O15146,E3|Q9UPQ7,E3,Q9UPQ7,O15146,PDZRN3,MUSK,1,0,1.0,0.2157583
E3|Q9Y574|Q02363,E3|Q9Y574,E3,Q9Y574,Q02363,ASB4,ID2,1,0,1.0,0.5136878
E3|Q9Y6I7|Q92813,E3|Q9Y6I7,E3,Q9Y6I7,Q92813,WSB1,DIO2,1,0,1.0,0.3597122
E3|Q9Y6I7|Q9H2X6,E3|Q9Y6I7,E3,Q9Y6I7,Q9H2X6,WSB1,HIPK2,1,0,1.0,0.40648696
DUB|O15372|O95863,DUB|O15372,DUB,O15372,O95863,EIF3H,SNAI1,1,0,1.0,0.7758266
DUB|O94782|O60346,DUB|O94782,DUB,O94782,O60346,USP1,PHLPP1,1,0,1.0,0.6831087
DUB|O94782|O75385,DUB|O94782,DUB,O94782,O75385,USP1,ULK1,1,0,1.0,0.18326785
DUB|O94782|O95863,DUB|O94782,DUB,O94782,O95863,USP1,SNAI1,1,0,1.0,0.93395984
DUB|O94782|P03372,DUB|O94782,DUB,O94782,P03372,USP1,ESR1,1,0,1.0,0.8685197
DUB|O94782|P10914,DUB|O94782,DUB,O94782,P10914,USP1,IRF1,1,0,1.0,0.85677826
DUB|O94782|P12004,DUB|O94782,DUB,O94782,P12004,USP1,PCNA,1,0,1.0,0.9325359
DUB|O94782|P41134,DUB|O94782,DUB,O94782,P41134,USP1,ID1,1,0,1.0,0.91273123
DUB|O94782|P62249,DUB|O94782,DUB,O94782,P62249,USP1,RPS16,1,0,1.0,0.9458736
DUB|O94782|Q02363,DUB|O94782,DUB,O94782,Q02363,USP1,ID2,1,0,1.0,0.8949311
DUB|O94782|Q02535,DUB|O94782,DUB,O94782,Q02535,USP1,ID3,1,0,1.0,0.8364565
DUB|O94782|Q16635,DUB|O94782,DUB,O94782,Q16635,USP1,TAZ,1,0,1.0,0.80803096
DUB|O94782|Q9BXW9,DUB|O94782,DUB,O94782,Q9BXW9,USP1,FANCD2,1,0,1.0,0.9347499
DUB|O94782|Q9BZK7,DUB|O94782,DUB,O94782,Q9BZK7,USP1,TBL1XR1,1,0,1.0,0.9113259
DUB|O94782|Q9NVI1,DUB|O94782,DUB,O94782,Q9NVI1,USP1,FANCI,1,0,1.0,0.87130815
DUB|P21580|O43353,DUB|P21580,DUB,P21580,O43353,TNFAIP3,RIPK2,1,0,1.0,0.9364777
DUB|P21580|P04637,DUB|P21580,DUB,P21580,P04637,TNFAIP3,TP53,1,0,1.0,0.8415357
DUB|P21580|P19838,DUB|P21580,DUB,P21580,P19838,TNFAIP3,NFKB1,1,0,1.0,0.18842721
DUB|P21580|Q12933,DUB|P21580,DUB,P21580,Q12933,TNFAIP3,TRAF2,1,0,1.0,0.57988596
DUB|P21580|Q13137,DUB|P21580,DUB,P21580,Q13137,TNFAIP3,CALCOCO2,1,0,1.0,0.9064229
DUB|P21580|Q13546,DUB|P21580,DUB,P21580,Q13546,TNFAIP3,RIPK1,1,0,1.0,0.9215812
DUB|P21580|Q14457,DUB|P21580,DUB,P21580,Q14457,TNFAIP3,BECN1,1,0,1.0,0.9474943
DUB|P21580|Q14790,DUB|P21580,DUB,P21580,Q14790,TNFAIP3,CASP8,1,0,1.0,0.6129853
DUB|P21580|Q16625,DUB|P21580,DUB,P21580,Q16625,TNFAIP3,OCLN,1,0,1.0,0.62068117
DUB|P21580|Q92985,DUB|P21580,DUB,P21580,Q92985,TNFAIP3,IRF7,1,0,1.0,0.2355436
DUB|P21580|Q99683,DUB|P21580,DUB,P21580,Q99683,TNFAIP3,MAP3K5,1,0,1.0,0.944666
DUB|P21580|Q9Y4K3,DUB|P21580,DUB,P21580,Q9Y4K3,TNFAIP3,TRAF6,1,0,1.0,0.6304942
DUB|P21580|Q9Y572,DUB|P21580,DUB,P21580,Q9Y572,TNFAIP3,RIPK3,1,0,1.0,0.33711636
DUB|P21580|Q9Y6K9,DUB|P21580,DUB,P21580,Q9Y6K9,TNFAIP3,IKBKG,1,0,1.0,0.5631321
DUB|Q0WX57|O95760,DUB|Q0WX57,DUB,Q0WX57,O95760,USP17L30,IL33,1,0,1.0,0.8951068
DUB|Q0WX57|P51449,DUB|Q0WX57,DUB,Q0WX57,P51449,USP17L30,RORC,1,0,1.0,0.12924498
DUB|Q0WX57|Q92769,DUB|Q0WX57,DUB,Q0WX57,Q92769,USP17L30,HDAC2,1,0,1.0,0.12705961
DUB|Q0WX57|Q9H7L9,DUB|Q0WX57,DUB,Q0WX57,Q9H7L9,USP17L30,SUDS3,1,0,1.0,0.124000646
DUB|Q0WX57|Q9Y256,DUB|Q0WX57,DUB,Q0WX57,Q9Y256,USP17L30,RCE1,1,0,1.0,0.9302454
DUB|Q13107|O15530,DUB|Q13107,DUB,Q13107,O15530,USP4,PDPK1,1,0,1.0,0.92962503
DUB|Q13107|O43318,DUB|Q13107,DUB,Q13107,O43318,USP4,MAP3K7,1,0,1.0,0.4304486
DUB|Q13107|O43395,DUB|Q13107,DUB,Q13107,O43395,USP4,PRPF3,1,0,1.0,0.9473607
DUB|Q13107|O75365,DUB|Q13107,DUB,Q13107,O75365,USP4,PTP4A3,1,0,1.0,0.89529335
DUB|Q13107|O95786,DUB|Q13107,DUB,Q13107,O95786,USP4,DDX58,1,0,1.0,0.94977957
DUB|Q13107|P04637,DUB|Q13107,DUB,Q13107,P04637,USP4,TP53,1,0,1.0,0.95158964
DUB|Q13107|P06400,DUB|Q13107,DUB,Q13107,P06400,USP4,RB1,1,0,1.0,0.9571698
DUB|Q13107|P15884,DUB|Q13107,DUB,Q13107,P15884,USP4,TCF4,1,0,1.0,0.9527268
DUB|Q13107|P19474,DUB|Q13107,DUB,Q13107,P19474,USP4,TRIM21,1,0,1.0,0.92697877
DUB|Q13107|P28749,DUB|Q13107,DUB,Q13107,P28749,USP4,RBL1,1,0,1.0,0.9549654
DUB|Q13107|P29274,DUB|Q13107,DUB,Q13107,P29274,USP4,ADORA2A,1,0,1.0,0.084613144
DUB|Q13107|P35222,DUB|Q13107,DUB,Q13107,P35222,USP4,CTNNB1,1,0,1.0,0.9406121
DUB|Q13107|P36897,DUB|Q13107,DUB,Q13107,P36897,USP4,TGFBR1,1,0,1.0,0.09659309
DUB|Q13107|P49116,DUB|Q13107,DUB,Q13107,P49116,USP4,NR2C2,1,0,1.0,0.9501546
DUB|Q13107|P51449,DUB|Q13107,DUB,Q13107,P51449,USP4,RORC,1,0,1.0,0.9412903
DUB|Q13107|P62937,DUB|Q13107,DUB,Q13107,P62937,USP4,PPIA,1,0,1.0,0.9587674
DUB|Q13107|Q02556,DUB|Q13107,DUB,Q13107,Q02556,USP4,IRF8,1,0,1.0,0.95622486
DUB|Q13107|Q08999,DUB|Q13107,DUB,Q13107,Q08999,USP4,RBL2,1,0,1.0,0.9431277
DUB|Q13107|Q12933,DUB|Q13107,DUB,Q13107,Q12933,USP4,TRAF2,1,0,1.0,0.7579202
DUB|Q13107|Q13107,DUB|Q13107,DUB,Q13107,Q13107,USP4,USP4,1,0,1.0,0.9615477
DUB|Q13107|Q13485,DUB|Q13107,DUB,Q13107,Q13485,USP4,SMAD4,1,0,1.0,0.95501846
DUB|Q13107|Q13546,DUB|Q13107,DUB,Q13107,Q13546,USP4,RIPK1,1,0,1.0,0.23877229
DUB|Q13107|Q15287,DUB|Q13107,DUB,Q13107,Q15287,USP4,RNPS1,1,0,1.0,0.95774215
DUB|Q13107|Q15306,DUB|Q13107,DUB,Q13107,Q15306,USP4,IRF4,1,0,1.0,0.9502206
DUB|Q13107|Q15382,DUB|Q13107,DUB,Q13107,Q15382,USP4,RHEB,1,0,1.0,0.08874564
DUB|Q13107|Q15672,DUB|Q13107,DUB,Q13107,Q15672,USP4,TWIST1,1,0,1.0,0.9456825
DUB|Q13107|Q7Z6Z7,DUB|Q13107,DUB,Q13107,Q7Z6Z7,USP4,HUWE1,1,0,1.0,0.8483647
DUB|Q13107|Q8WWY3,DUB|Q13107,DUB,Q13107,Q8WWY3,USP4,PRPF31,1,0,1.0,0.94356894
DUB|Q13107|Q92769,DUB|Q13107,DUB,Q13107,Q92769,USP4,HDAC2,1,0,1.0,0.9433874
DUB|Q13107|Q92819,DUB|Q13107,DUB,Q13107,Q92819,USP4,HAS2,1,0,1.0,0.92620784
DUB|Q13107|Q9Y4K3,DUB|Q13107,DUB,Q13107,Q9Y4K3,USP4,TRAF6,1,0,1.0,0.6606876
DUB|Q15040|O15524,DUB|Q15040,DUB,Q15040,O15524,JOSD1,SOCS1,1,0,1.0,0.8821206
DUB|Q15040|Q07820,DUB|Q15040,DUB,Q15040,Q07820,JOSD1,MCL1,1,0,1.0,0.7333139
DUB|Q504Q3|Q99708,DUB|Q504Q3,DUB,Q504Q3,Q99708,PAN2,RBBP8,1,0,1.0,0.6235265
DUB|Q504Q3|Q9Y294,DUB|Q504Q3,DUB,Q504Q3,Q9Y294,PAN2,ASF1A,1,0,1.0,0.5655248
DUB|Q5VV17|O15105,DUB|Q5VV17,DUB,Q5VV17,O15105,OTUD1,SMAD7,1,0,1.0,0.79190534
DUB|Q5VV17|P04637,DUB|Q5VV17,DUB,Q5VV17,P04637,OTUD1,TP53,1,0,1.0,0.8734513
DUB|Q5VV17|P46937,DUB|Q5VV17,DUB,Q5VV17,P46937,OTUD1,YAP1,1,0,1.0,0.74515516
DUB|Q5VV17|Q07820,DUB|Q5VV17,DUB,Q5VV17,Q07820,OTUD1,MCL1,1,0,1.0,0.48497984
DUB|Q5VV17|Q14653,DUB|Q5VV17,DUB,Q5VV17,Q14653,OTUD1,IRF3,1,0,1.0,0.7641768
DUB|Q5VV17|Q9HCE7,DUB|Q5VV17,DUB,Q5VV17,Q9HCE7,OTUD1,SMURF1,1,0,1.0,0.59987134
DUB|Q6GQQ9|O60341,DUB|Q6GQQ9,DUB,Q6GQQ9,O60341,OTUD7B,KDM1A,1,0,1.0,0.59313905
DUB|Q6GQQ9|P00533,DUB|Q6GQQ9,DUB,Q6GQQ9,P00533,OTUD7B,EGFR,1,0,1.0,0.31445208
DUB|Q6GQQ9|P08069,DUB|Q6GQQ9,DUB,Q6GQQ9,P08069,OTUD7B,IGF1R,1,0,1.0,0.17867465
DUB|Q6GQQ9|P35222,DUB|Q6GQQ9,DUB,Q6GQQ9,P35222,OTUD7B,CTNNB1,1,0,1.0,0.83904743
DUB|Q6GQQ9|P43403,DUB|Q6GQQ9,DUB,Q6GQQ9,P43403,OTUD7B,ZAP70,1,0,1.0,0.51526105
DUB|Q6GQQ9|P48431,DUB|Q6GQQ9,DUB,Q6GQQ9,P48431,OTUD7B,SOX2,1,0,1.0,0.5639194
DUB|Q6GQQ9|Q13042,DUB|Q6GQQ9,DUB,Q6GQQ9,Q13042,OTUD7B,CDC16,1,0,1.0,0.78341734
DUB|Q6GQQ9|Q13114,DUB|Q6GQQ9,DUB,Q6GQQ9,Q13114,OTUD7B,TRAF3,1,0,1.0,0.7628256
DUB|Q6GQQ9|Q13546,DUB|Q6GQQ9,DUB,Q6GQQ9,Q13546,OTUD7B,RIPK1,1,0,1.0,0.5295393
DUB|Q6GQQ9|Q9Y4K3,DUB|Q6GQQ9,DUB,Q6GQQ9,Q9Y4K3,OTUD7B,TRAF6,1,0,1.0,0.7170883
DUB|Q70CQ1|P04637,DUB|Q70CQ1,DUB,Q70CQ1,P04637,USP49,TP53,1,0,1.0,0.83290654
DUB|Q70CQ1|P28562,DUB|Q70CQ1,DUB,Q70CQ1,P28562,USP49,DUSP1,1,0,1.0,0.7157083
DUB|Q70CQ1|P60484,DUB|Q70CQ1,DUB,Q70CQ1,P60484,USP49,PTEN,1,0,1.0,0.41074994
DUB|Q70CQ1|P62807,DUB|Q70CQ1,DUB,Q70CQ1,P62807,USP49,HIST1H2BI,1,0,1.0,0.7549168
DUB|Q70CQ1|Q02790,DUB|Q70CQ1,DUB,Q70CQ1,Q02790,USP49,FKBP4,1,0,1.0,0.8524209
DUB|Q70CQ1|Q13451,DUB|Q70CQ1,DUB,Q70CQ1,Q13451,USP49,FKBP5,1,0,1.0,0.6732985
DUB|Q70CQ1|Q16778,DUB|Q70CQ1,DUB,Q70CQ1,Q16778,USP49,HIST2H2BE,1,0,1.0,0.8084769
DUB|Q70CQ1|Q86WV6,DUB|Q70CQ1,DUB,Q70CQ1,Q86WV6,USP49,STING1,1,0,1.0,0.8169621
DUB|Q70CQ1|Q9HC16,DUB|Q70CQ1,DUB,Q70CQ1,Q9HC16,USP49,APOBEC3G,1,0,1.0,0.20379049
DUB|Q86T82|O95863,DUB|Q86T82,DUB,Q86T82,O95863,USP37,SNAI1,1,0,1.0,0.9451224
DUB|Q86T82|P01106,DUB|Q86T82,DUB,Q86T82,P01106,USP37,MYC,1,0,1.0,0.95086735
DUB|Q86T82|P0C0S8,DUB|Q86T82,DUB,Q86T82,P0C0S8,USP37,HIST1H2AM,1,0,1.0,0.8830387
DUB|Q86T82|P20248,DUB|Q86T82,DUB,Q86T82,P20248,USP37,CCNA2,1,0,1.0,0.9465363
DUB|Q86T82|P40305,DUB|Q86T82,DUB,Q86T82,P40305,USP37,IFI27,1,0,1.0,0.3767271
DUB|Q86T82|P46527,DUB|Q86T82,DUB,Q86T82,P46527,USP37,CDKN1B,1,0,1.0,0.6942125
DUB|Q86T82|P78396,DUB|Q86T82,DUB,Q86T82,P78396,USP37,CCNA1,1,0,1.0,0.9360543
DUB|Q86T82|Q05516,DUB|Q86T82,DUB,Q86T82,Q05516,USP37,ZBTB16,1,0,1.0,0.9439788
DUB|Q86T82|Q99814,DUB|Q86T82,DUB,Q86T82,Q99814,USP37,EPAS1,1,0,1.0,0.95198166
DUB|Q86T82|Q9H211,DUB|Q86T82,DUB,Q86T82,Q9H211,USP37,CDT1,1,0,1.0,0.94875705
DUB|Q93008|A5PKW4,DUB|Q93008,DUB,Q93008,A5PKW4,USP9X,PSD,1,0,1.0,0.22122426
DUB|Q93008|O00327,DUB|Q93008,DUB,Q93008,O00327,USP9X,ARNTL,1,0,1.0,0.77159226
DUB|Q93008|O00512,DUB|Q93008,DUB,Q93008,O00512,USP9X,BCL9,1,0,1.0,0.68593323
DUB|Q93008|O14641,DUB|Q93008,DUB,Q93008,O14641,USP9X,DVL2,1,0,1.0,0.8333167
DUB|Q93008|O14684,DUB|Q93008,DUB,Q93008,O14684,USP9X,PTGES,1,0,1.0,0.15942824
DUB|Q93008|O43524,DUB|Q93008,DUB,Q93008,O43524,USP9X,FOXO3,1,0,1.0,0.86418283
DUB|Q93008|O60285,DUB|Q93008,DUB,Q93008,O60285,USP9X,NUAK1,1,0,1.0,0.6369719
DUB|Q93008|O95835,DUB|Q93008,DUB,Q93008,O95835,USP9X,LATS1,1,0,1.0,0.949736
DUB|Q93008|O95999,DUB|Q93008,DUB,Q93008,O95999,USP9X,BCL10,1,0,1.0,0.7020101
DUB|Q93008|P04626,DUB|Q93008,DUB,Q93008,P04626,USP9X,ERBB2,1,0,1.0,0.10049525
DUB|Q93008|P04637,DUB|Q93008,DUB,Q93008,P04637,USP9X,TP53,1,0,1.0,0.9488823
DUB|Q93008|P11308,DUB|Q93008,DUB,Q93008,P11308,USP9X,ERG,1,0,1.0,0.71225363
DUB|Q93008|P12830,DUB|Q93008,DUB,Q93008,P12830,USP9X,CDH1,1,0,1.0,0.91759866
DUB|Q93008|P14921,DUB|Q93008,DUB,Q93008,P14921,USP9X,ETS1,1,0,1.0,0.70104796
DUB|Q93008|P16949,DUB|Q93008,DUB,Q93008,P16949,USP9X,STMN1,1,0,1.0,0.94484234
DUB|Q93008|P23588,DUB|Q93008,DUB,Q93008,P23588,USP9X,EIF4B,1,0,1.0,0.7177636
DUB|Q93008|P33981,DUB|Q93008,DUB,Q93008,P33981,USP9X,TTK,1,0,1.0,0.17032208
DUB|Q93008|P35222,DUB|Q93008,DUB,Q93008,P35222,USP9X,CTNNB1,1,0,1.0,0.9483682
DUB|Q93008|P37840,DUB|Q93008,DUB,Q93008,P37840,USP9X,SNCA,1,0,1.0,0.19200717
DUB|Q93008|P38398,DUB|Q93008,DUB,Q93008,P38398,USP9X,BRCA1,1,0,1.0,0.7755133
DUB|Q93008|P42345,DUB|Q93008,DUB,Q93008,P42345,USP9X,MTOR,1,0,1.0,0.7279085
DUB|Q93008|P42566,DUB|Q93008,DUB,Q93008,P42566,USP9X,EPS15,1,0,1.0,0.15389019
DUB|Q93008|P43403,DUB|Q93008,DUB,Q93008,P43403,USP9X,ZAP70,1,0,1.0,0.45887884
DUB|Q93008|P46937,DUB|Q93008,DUB,Q93008,P46937,USP9X,YAP1,1,0,1.0,0.8789355
DUB|Q93008|P47895,DUB|Q93008,DUB,Q93008,P47895,USP9X,ALDH1A3,1,0,1.0,0.3292941
DUB|Q93008|P48431,DUB|Q93008,DUB,Q93008,P48431,USP9X,SOX2,1,0,1.0,0.806485
DUB|Q93008|P50542,DUB|Q93008,DUB,Q93008,P50542,USP9X,PEX5,1,0,1.0,0.6764701
DUB|Q93008|P60842,DUB|Q93008,DUB,Q93008,P60842,USP9X,EIF4A1,1,0,1.0,0.8096975
DUB|Q93008|Q07820,DUB|Q93008,DUB,Q93008,Q07820,USP9X,MCL1,1,0,1.0,0.5114486
DUB|Q93008|Q12809,DUB|Q93008,DUB,Q93008,Q12809,USP9X,KCNH2,1,0,1.0,0.10013223
DUB|Q93008|Q13485,DUB|Q93008,DUB,Q93008,Q13485,USP9X,SMAD4,1,0,1.0,0.78089774
DUB|Q93008|Q14457,DUB|Q93008,DUB,Q93008,Q14457,USP9X,BECN1,1,0,1.0,0.69475657
DUB|Q93008|Q15051,DUB|Q93008,DUB,Q93008,Q15051,USP9X,IQCB1,1,0,1.0,0.9366352
DUB|Q93008|Q15154,DUB|Q93008,DUB,Q93008,Q15154,USP9X,PCM1,1,0,1.0,0.9437674
DUB|Q93008|Q15797,DUB|Q93008,DUB,Q93008,Q15797,USP9X,SMAD1,1,0,1.0,0.7818214
DUB|Q93008|Q53EZ4,DUB|Q93008,DUB,Q93008,Q53EZ4,USP9X,CEP55,1,0,1.0,0.8796416
DUB|Q93008|Q6R327,DUB|Q93008,DUB,Q93008,Q6R327,USP9X,RICTOR,1,0,1.0,0.47500128
DUB|Q93008|Q86YR5,DUB|Q93008,DUB,Q93008,Q86YR5,USP9X,GPSM1,1,0,1.0,0.8703751
DUB|Q93008|Q86YT6,DUB|Q93008,DUB,Q93008,Q86YT6,USP9X,MIB1,1,0,1.0,0.928826
DUB|Q93008|Q8NAP3,DUB|Q93008,DUB,Q93008,Q8NAP3,USP9X,ZBTB38,1,0,1.0,0.7737694
DUB|Q93008|Q8WTU0,DUB|Q93008,DUB,Q93008,Q8WTU0,USP9X,DDI1,1,0,1.0,0.73245215
DUB|Q93008|Q969H0,DUB|Q93008,DUB,Q93008,Q969H0,USP9X,FBXW7,1,0,1.0,0.8038956
DUB|Q93008|Q96J02,DUB|Q93008,DUB,Q93008,Q96J02,USP9X,ITCH,1,0,1.0,0.7361587
DUB|Q93008|Q96L34,DUB|Q93008,DUB,Q93008,Q96L34,USP9X,MARK4,1,0,1.0,0.93906254
DUB|Q93008|Q96RU7,DUB|Q93008,DUB,Q93008,Q96RU7,USP9X,TRIB3,1,0,1.0,0.78100896
DUB|Q93008|Q99683,DUB|Q93008,DUB,Q93008,Q99683,USP9X,MAP3K5,1,0,1.0,0.87668025
DUB|Q93008|Q9H3R0,DUB|Q93008,DUB,Q93008,Q9H3R0,USP9X,KDM4C,1,0,1.0,0.7788818
DUB|Q93008|Q9H6Z9,DUB|Q93008,DUB,Q93008,Q9H6Z9,USP9X,EGLN3,1,0,1.0,0.7725398
DUB|Q93008|Q9H992,DUB|Q93008,DUB,Q93008,Q9H992,USP9X,MARCHF7,1,0,1.0,0.6474114
DUB|Q93008|Q9HCE7,DUB|Q93008,DUB,Q93008,Q9HCE7,USP9X,SMURF1,1,0,1.0,0.7024045
DUB|Q93008|Q9NRM7,DUB|Q93008,DUB,Q93008,Q9NRM7,USP9X,LATS2,1,0,1.0,0.9507446
DUB|Q93008|Q9NYV9,DUB|Q93008,DUB,Q93008,Q9NYV9,USP9X,TAS2R13,1,0,1.0,0.46765456
DUB|Q93008|Q9NZQ7,DUB|Q93008,DUB,Q93008,Q9NZQ7,USP9X,CD274,1,0,1.0,0.71658695
DUB|Q93008|Q9UPN4,DUB|Q93008,DUB,Q93008,Q9UPN4,USP9X,CEP131,1,0,1.0,0.9393618
DUB|Q93008|Q9Y2J4,DUB|Q93008,DUB,Q93008,Q9Y2J4,USP9X,AMOTL2,1,0,1.0,0.91162014
DUB|Q93008|Q9Y4H2,DUB|Q93008,DUB,Q93008,Q9Y4H2,USP9X,IRS2,1,0,1.0,0.28347075
DUB|Q93008|Q9Y4L5,DUB|Q93008,DUB,Q93008,Q9Y4L5,USP9X,RNF115,1,0,1.0,0.36496505
DUB|Q96BN8|O75143,DUB|Q96BN8,DUB,Q96BN8,O75143,OTULIN,ATG13,1,0,1.0,0.7218507
DUB|Q96BN8|P37023,DUB|Q96BN8,DUB,Q96BN8,P37023,OTULIN,ACVRL1,1,0,1.0,0.7144422
DUB|Q96BN8|Q9Y6K9,DUB|Q96BN8,DUB,Q96BN8,Q9Y6K9,OTULIN,IKBKG,1,0,1.0,0.79736924
DUB|Q96FW1|O95863,DUB|Q96FW1,DUB,Q96FW1,O95863,OTUB1,SNAI1,1,0,1.0,0.8968214
DUB|Q96FW1|P03372,DUB|Q96FW1,DUB,Q96FW1,P03372,OTUB1,ESR1,1,0,1.0,0.86875737
DUB|Q96FW1|P04637,DUB|Q96FW1,DUB,Q96FW1,P04637,OTUB1,TP53,1,0,1.0,0.9361234
DUB|Q96FW1|P10636,DUB|Q96FW1,DUB,Q96FW1,P10636,OTUB1,MAPT,1,0,1.0,0.84756356
DUB|Q96FW1|P22736,DUB|Q96FW1,DUB,Q96FW1,P22736,OTUB1,NR4A1,1,0,1.0,0.8324379
DUB|Q96FW1|P27694,DUB|Q96FW1,DUB,Q96FW1,P27694,OTUB1,RPA1,1,0,1.0,0.9037619
DUB|Q96FW1|P43246,DUB|Q96FW1,DUB,Q96FW1,P43246,OTUB1,MSH2,1,0,1.0,0.9193587
DUB|Q96FW1|P51965,DUB|Q96FW1,DUB,Q96FW1,P51965,OTUB1,UBE2E1,1,0,1.0,0.8115471
DUB|Q96FW1|P61088,DUB|Q96FW1,DUB,Q96FW1,P61088,OTUB1,UBE2N,1,0,1.0,0.9422424
DUB|Q96FW1|P84022,DUB|Q96FW1,DUB,Q96FW1,P84022,OTUB1,SMAD3,1,0,1.0,0.89557016
DUB|Q96FW1|Q08050,DUB|Q96FW1,DUB,Q96FW1,Q08050,OTUB1,FOXM1,1,0,1.0,0.8816818
DUB|Q96FW1|Q13114,DUB|Q96FW1,DUB,Q96FW1,Q13114,OTUB1,TRAF3,1,0,1.0,0.85458606
DUB|Q96FW1|Q13490,DUB|Q96FW1,DUB,Q96FW1,Q13490,OTUB1,BIRC2,1,0,1.0,0.7774758
DUB|Q96FW1|Q15796,DUB|Q96FW1,DUB,Q96FW1,Q15796,OTUB1,SMAD2,1,0,1.0,0.9040602
DUB|Q96FW1|Q8TB45,DUB|Q96FW1,DUB,Q96FW1,Q8TB45,OTUB1,DEPTOR,1,0,1.0,0.71304
DUB|Q96FW1|Q9NZQ7,DUB|Q96FW1,DUB,Q96FW1,Q9NZQ7,OTUB1,CD274,1,0,1.0,0.6039858
DUB|Q96FW1|Q9UPY5,DUB|Q96FW1,DUB,Q96FW1,Q9UPY5,OTUB1,SLC7A11,1,0,1.0,0.7774199
DUB|Q96FW1|Q9Y4K3,DUB|Q96FW1,DUB,Q96FW1,Q9Y4K3,OTUB1,TRAF6,1,0,1.0,0.83313245
DUB|Q96JH7|Q9H040,DUB|Q96JH7,DUB,Q96JH7,Q9H040,VCPIP1,SPRTN,1,0,1.0,0.48991895
DUB|Q96JH7|Q9NY99,DUB|Q96JH7,DUB,Q96JH7,Q9NY99,VCPIP1,SNTG2,1,0,1.0,0.8763479
DUB|Q9C040|O95863,DUB|Q9C040,DUB,Q9C040,O95863,TRIM2,SNAI1,1,0,1.0,0.5067296
DUB|Q9H0E7|O15169,DUB|Q9H0E7,DUB,Q9H0E7,O15169,USP44,AXIN1,1,0,1.0,0.33118072
DUB|Q9H0E7|P09467,DUB|Q9H0E7,DUB,Q9H0E7,P09467,USP44,FBP1,1,0,1.0,0.5443036
DUB|Q9H0E7|P0C0S8,DUB|Q9H0E7,DUB,Q9H0E7,P0C0S8,USP44,HIST1H2AM,1,0,1.0,0.87568665
DUB|Q9H0E7|Q01860,DUB|Q9H0E7,DUB,Q9H0E7,Q01860,USP44,POU5F1,1,0,1.0,0.91741735
DUB|Q9H0E7|Q12834,DUB|Q9H0E7,DUB,Q9H0E7,Q12834,USP44,CDC20,1,0,1.0,0.9168107
DUB|Q9H0E7|Q13257,DUB|Q9H0E7,DUB,Q9H0E7,Q13257,USP44,MAD2L1,1,0,1.0,0.8896689
DUB|Q9H0E7|Q15910,DUB|Q9H0E7,DUB,Q9H0E7,Q15910,USP44,EZH2,1,0,1.0,0.90768826
DUB|Q9H0E7|Q16777,DUB|Q9H0E7,DUB,Q9H0E7,Q16777,USP44,HIST2H2AC,1,0,1.0,0.88247573
DUB|Q9H0E7|Q16778,DUB|Q9H0E7,DUB,Q9H0E7,Q16778,USP44,HIST2H2BE,1,0,1.0,0.85432005
DUB|Q9H0E7|Q86WV6,DUB|Q9H0E7,DUB,Q9H0E7,Q86WV6,USP44,STING1,1,0,1.0,0.8900933
DUB|Q9H0E7|Q9BZS1,DUB|Q9H0E7,DUB,Q9H0E7,Q9BZS1,USP44,FOXP3,1,0,1.0,0.9246421
DUB|Q9H9J4|P04637,DUB|Q9H9J4,DUB,Q9H9J4,P04637,USP42,TP53,1,0,1.0,0.88905877
DUB|Q9H9J4|P14780,DUB|Q9H9J4,DUB,Q9H9J4,P14780,USP42,MMP9,1,0,1.0,0.21356113
DUB|Q9H9J4|P62807,DUB|Q9H9J4,DUB,Q9H9J4,P62807,USP42,HIST1H2BI,1,0,1.0,0.80123895
E3|A8MQ27|P05026,E3|A8MQ27,E3,A8MQ27,P05026,NEURL1B,ATP1B1,0,0,0.0,0.7587575
E3|A8MQ27|O15354,E3|A8MQ27,E3,A8MQ27,O15354,NEURL1B,GPR37,0,0,0.0,0.7576301
E3|A8MQ27|O00763,E3|A8MQ27,E3,A8MQ27,O00763,NEURL1B,ACACB,0,0,0.0,0.44908798
E3|A8MQ27|P43699,E3|A8MQ27,E3,A8MQ27,P43699,NEURL1B,NKX2-1,0,0,0.0,0.18841542
E3|O00308|Q04771,E3|O00308,E3,O00308,Q04771,WWP2,ACVR1,0,0,0.0,0.1417485
E3|O00308|Q8NBP7,E3|O00308,E3,O00308,Q8NBP7,WWP2,PCSK9,0,0,0.0,0.52863777
E3|O00308|Q16537,E3|O00308,E3,O00308,Q16537,WWP2,PPP2R5E,0,0,0.0,0.9014854
E3|O00308|P78380,E3|O00308,E3,O00308,P78380,WWP2,OLR1,0,0,0.0,0.08303328
E3|O00308|Q96HE7,E3|O00308,E3,O00308,Q96HE7,WWP2,ERO1A,0,0,0.0,0.19932021
E3|O00308|P56750,E3|O00308,E3,O00308,P56750,WWP2,CLDN17,0,0,0.0,0.11198929
E3|O00308|Q12959,E3|O00308,E3,O00308,Q12959,WWP2,DLG1,0,0,0.0,0.15620574
E3|O00308|P49757,E3|O00308,E3,O00308,P49757,WWP2,NUMB,0,0,0.0,0.16048594
E3|O00308|O95502,E3|O00308,E3,O00308,O95502,WWP2,NPTXR,0,0,0.0,0.11504267
E3|O00308|Q01813,E3|O00308,E3,O00308,Q01813,WWP2,PFKP,0,0,0.0,0.62720674
E3|O00308|Q16620,E3|O00308,E3,O00308,Q16620,WWP2,NTRK2,0,0,0.0,0.08763205
E3|O00308|Q96BN8,E3|O00308,E3,O00308,Q96BN8,WWP2,OTULIN,0,0,0.0,0.52909994
E3|O00308|O00418,E3|O00308,E3,O00308,O00418,WWP2,EEF2K,0,0,0.0,0.93996924
E3|O14508|P41182,E3|O14508,E3,O14508,P41182,SOCS2,BCL6,0,0,0.0,0.18880986
E3|O14508|Q70SY1,E3|O14508,E3,O14508,Q70SY1,SOCS2,CREB3L2,0,0,0.0,0.6684498
E3|O14508|P61587,E3|O14508,E3,O14508,P61587,SOCS2,RND3,0,0,0.0,0.70479894
E3|O15151|Q96EQ8,E3|O15151,E3,O15151,Q96EQ8,MDM4,RNF125,0,0,0.0,0.16298662
E3|O15151|Q8NEB9,E3|O15151,E3,O15151,Q8NEB9,MDM4,PIK3C3,0,0,0.0,0.52440983
E3|O15151|O60486,E3|O15151,E3,O15151,O60486,MDM4,PLXNC1,0,0,0.0,0.27280822
E3|O15151|Q16589,E3|O15151,E3,O15151,Q16589,MDM4,CCNG2,0,0,0.0,0.9384795
E3|O75592|P46109,E3|O75592,E3,O75592,P46109,MYCBP2,CRKL,0,0,0.0,0.31477004
E3|O94955|P37275,E3|O94955,E3,O94955,P37275,RHOBTB3,ZEB1,0,0,0.0,0.1983156
E3|O94955|Q6NUN9,E3|O94955,E3,O94955,Q6NUN9,RHOBTB3,ZNF746,0,0,0.0,0.18179187
E3|O95198|O14543,E3|O95198,E3,O95198,O14543,KLHL2,SOCS3,0,0,0.0,0.31052545
E3|O95198|P12755,E3|O95198,E3,O95198,P12755,KLHL2,SKI,0,0,0.0,0.6830311
E3|O95198|O14867,E3|O95198,E3,O95198,O14867,KLHL2,BACH1,0,0,0.0,0.6134714
E3|O95198|P24864,E3|O95198,E3,O95198,P24864,KLHL2,CCNE1,0,0,0.0,0.6968669
E3|O95198|P37275,E3|O95198,E3,O95198,P37275,KLHL2,ZEB1,0,0,0.0,0.69408774
E3|O95198|O00308,E3|O95198,E3,O95198,O00308,KLHL2,WWP2,0,0,0.0,0.6634425
E3|O95628|P31994,E3|O95628,E3,O95628,P31994,CNOT4,FCGR2B,0,0,0.0,0.083689995
E3|P03126|Q8ND25,E3|P03126,E3,P03126,Q8ND25,E6,ZNRF1,0,0,0.0,0.3798941
E3|P03126|P14077,E3|P03126,E3,P03126,P14077,E6,gag,0,0,0.0,0.12395737
E3|P03126|P50579,E3|P03126,E3,P03126,P50579,E6,METAP2,0,0,0.0,0.25272298
E3|P03126|Q96BR9,E3|P03126,E3,P03126,Q96BR9,E6,ZBTB8A,0,0,0.0,0.3620503
E3|P03126|P35558,E3|P03126,E3,P03126,P35558,E6,PCK1,0,0,0.0,0.3550985
E3|P03126|Q14164,E3|P03126,E3,P03126,Q14164,E6,IKBKE,0,0,0.0,0.28439018
E3|P03126|P07333,E3|P03126,E3,P03126,P07333,E6,CSF1R,0,0,0.0,0.2988401
E3|P03126|P29474,E3|P03126,E3,P03126,P29474,E6,NOS3,0,0,0.0,0.3114522
E3|P08393|Q9BYX4,E3|P08393,E3,P08393,Q9BYX4,ICP0,IFIH1,0,0,0.0,0.19660598
E3|P08393|O75460,E3|P08393,E3,P08393,O75460,ICP0,ERN1,0,0,0.0,0.07977202
E3|P08393|Q9HB71,E3|P08393,E3,P08393,Q9HB71,ICP0,CACYBP,0,0,0.0,0.51731724
E3|P08393|Q8WZ73,E3|P08393,E3,P08393,Q8WZ73,ICP0,RFFL,0,0,0.0,0.09928162
E3|P08393|Q92674,E3|P08393,E3,P08393,Q92674,ICP0,CENPI,0,0,0.0,0.449343
E3|P08393|P23258,E3|P08393,E3,P08393,P23258,ICP0,TUBG1,0,0,0.0,0.3823241
E3|P08393|P04035,E3|P08393,E3,P08393,P04035,ICP0,HMGCR,0,0,0.0,0.0887414
E3|P08393|O75417,E3|P08393,E3,P08393,O75417,ICP0,POLQ,0,0,0.0,0.3712857
E3|P08393|P98174,E3|P08393,E3,P08393,P98174,ICP0,FGD1,0,0,0.0,0.418488
E3|P08393|Q7Z6J0,E3|P08393,E3,P08393,Q7Z6J0,ICP0,SH3RF1,0,0,0.0,0.14322312
E3|P08393|Q9Y4E8,E3|P08393,E3,P08393,Q9Y4E8,ICP0,USP15,0,0,0.0,0.43261936
E3|P08393|P62979,E3|P08393,E3,P08393,P62979,ICP0,RPS27A,0,0,0.0,0.3239724
E3|P08393|Q6Q0C0,E3|P08393,E3,P08393,Q6Q0C0,ICP0,TRAF7,0,0,0.0,0.3488467
E3|P08393|P05129,E3|P08393,E3,P08393,P05129,ICP0,PRKCG,0,0,0.0,0.08368203
E3|P08393|Q16537,E3|P08393,E3,P08393,Q16537,ICP0,PPP2R5E,0,0,0.0,0.44578514
E3|P08393|P41182,E3|P08393,E3,P08393,P41182,ICP0,BCL6,0,0,0.0,0.43521017
E3|P08393|O00716,E3|P08393,E3,P08393,O00716,ICP0,E2F3,0,0,0.0,0.5380404
E3|P08393|Q9Y490,E3|P08393,E3,P08393,Q9Y490,ICP0,TLN1,0,0,0.0,0.18881443
E3|P08393|P12757,E3|P08393,E3,P08393,P12757,ICP0,SKIL,0,0,0.0,0.44000643
E3|P08393|Q9Y253,E3|P08393,E3,P08393,Q9Y253,ICP0,POLH,0,0,0.0,0.40025353
E3|P08393|P06748,E3|P08393,E3,P08393,P06748,ICP0,NPM1,0,0,0.0,0.3749645
E3|P08393|Q02535,E3|P08393,E3,P08393,Q02535,ICP0,ID3,0,0,0.0,0.37776265
E3|P08393|Q99988,E3|P08393,E3,P08393,Q99988,ICP0,GDF15,0,0,0.0,0.08603721
E3|P08393|Q8N6P7,E3|P08393,E3,P08393,Q8N6P7,ICP0,IL22RA1,0,0,0.0,0.309113
E3|P08393|P10275,E3|P08393,E3,P08393,P10275,ICP0,AR,0,0,0.0,0.4445522
E3|P08393|Q9NQA5,E3|P08393,E3,P08393,Q9NQA5,ICP0,TRPV5,0,0,0.0,0.23885998
E3|P08393|Q9NS87,E3|P08393,E3,P08393,Q9NS87,ICP0,KIF15,0,0,0.0,0.48416886
E3|P08393|P35226,E3|P08393,E3,P08393,P35226,ICP0,BMI1,0,0,0.0,0.49169526
E3|P08393|Q06187,E3|P08393,E3,P08393,Q06187,ICP0,BTK,0,0,0.0,0.099235766
E3|P08393|Q9H8M7,E3|P08393,E3,P08393,Q9H8M7,ICP0,FAM188A,0,0,0.0,0.2040423
E3|P08393|Q16828,E3|P08393,E3,P08393,Q16828,ICP0,DUSP6,0,0,0.0,0.16424212
E3|P08393|P42261,E3|P08393,E3,P08393,P42261,ICP0,GRIA1,0,0,0.0,0.09938616
E3|P08393|Q30167,E3|P08393,E3,P08393,Q30167,ICP0,HLA-DRB1,0,0,0.0,0.16396083
E3|P08393|Q14790,E3|P08393,E3,P08393,Q14790,ICP0,CASP8,0,0,0.0,0.2537225
E3|P08393|P09874,E3|P08393,E3,P08393,P09874,ICP0,PARP1,0,0,0.0,0.41829246
E3|P08393|Q9UJT9,E3|P08393,E3,P08393,Q9UJT9,ICP0,FBXL7,0,0,0.0,0.4796613
E3|P08393|O15534,E3|P08393,E3,P08393,O15534,ICP0,PER1,0,0,0.0,0.45770958
E3|P08393|Q16620,E3|P08393,E3,P08393,Q16620,ICP0,NTRK2,0,0,0.0,0.08232466
E3|P08393|Q53EL6,E3|P08393,E3,P08393,Q53EL6,ICP0,PDCD4,0,0,0.0,0.39514822
E3|P08393|Q569H4,E3|P08393,E3,P08393,Q569H4,ICP0,PRR16,0,0,0.0,0.10220893
E3|P08393|P20963,E3|P08393,E3,P08393,P20963,ICP0,CD247,0,0,0.0,0.0883697
E3|P08393|Q9BRS2,E3|P08393,E3,P08393,Q9BRS2,ICP0,RIOK1,0,0,0.0,0.44534674
E3|P08393|O95994,E3|P08393,E3,P08393,O95994,ICP0,AGR2,0,0,0.0,0.31955227
E3|P08393|O75915,E3|P08393,E3,P08393,O75915,ICP0,ARL6IP5,0,0,0.0,0.1515488
E3|P08393|Q8WUI4,E3|P08393,E3,P08393,Q8WUI4,ICP0,HDAC7,0,0,0.0,0.61257124
E3|P08393|O95859,E3|P08393,E3,P08393,O95859,ICP0,TSPAN12,0,0,0.0,0.09080874
E3|P09936|Q6ZWH5,E3|P09936,E3,P09936,Q6ZWH5,UCHL1,NEK10,0,0,0.0,0.38117874
E3|P11441|Q13794,E3|P11441,E3,P11441,Q13794,UBL4A,PMAIP1,0,0,0.0,0.5999504
E3|P35226|Q9NPH3,E3|P35226,E3,P35226,Q9NPH3,BMI1,IL1RAP,0,0,0.0,0.10549604
E3|P35226|Q92918,E3|P35226,E3,P35226,Q92918,BMI1,MAP4K1,0,0,0.0,0.35019025
E3|P35226|P08195,E3|P35226,E3,P35226,P08195,BMI1,SLC3A2,0,0,0.0,0.10035227
E3|P35226|P20039,E3|P35226,E3,P35226,P20039,BMI1,HLA-DRB1,0,0,0.0,0.20423532
E3|P35226|Q7Z434,E3|P35226,E3,P35226,Q7Z434,BMI1,MAVS,0,0,0.0,0.35736606
E3|P35226|Q13794,E3|P35226,E3,P35226,Q13794,BMI1,PMAIP1,0,0,0.0,0.090349786
E3|P35226|Q9Y286,E3|P35226,E3,P35226,Q9Y286,BMI1,SIGLEC7,0,0,0.0,0.2596723
E3|P36406|Q15910,E3|P36406,E3,P36406,Q15910,TRIM23,EZH2,0,0,0.0,0.5568006
E3|P36406|P19237,E3|P36406,E3,P36406,P19237,TRIM23,TNNI1,0,0,0.0,0.35904437
E3|P36406|O00308,E3|P36406,E3,P36406,O00308,TRIM23,WWP2,0,0,0.0,0.70823157
E3|P38398|O75365,E3|P38398,E3,P38398,O75365,BRCA1,PTP4A3,0,0,0.0,0.8631253
E3|P38398|Q9ULT6,E3|P38398,E3,P38398,Q9ULT6,BRCA1,ZNRF3,0,0,0.0,0.3332428
E3|P38398|O75460,E3|P38398,E3,P38398,O75460,BRCA1,ERN1,0,0,0.0,0.0663458
E3|P38398|Q14558,E3|P38398,E3,P38398,Q14558,BRCA1,PRPSAP1,0,0,0.0,0.2808013
E3|P38398|P07333,E3|P38398,E3,P38398,P07333,BRCA1,CSF1R,0,0,0.0,0.07132879
E3|P38398|P16070,E3|P38398,E3,P38398,P16070,BRCA1,CD44,0,0,0.0,0.13733281
E3|P38398|P42081,E3|P38398,E3,P38398,P42081,BRCA1,CD86,0,0,0.0,0.15300429
E3|P38398|Q9HB29,E3|P38398,E3,P38398,Q9HB29,BRCA1,IL1RL2,0,0,0.0,0.080083914
E3|P38398|P40189,E3|P38398,E3,P38398,P40189,BRCA1,IL6ST,0,0,0.0,0.07452834
E3|P38398|Q12981,E3|P38398,E3,P38398,Q12981,BRCA1,BNIP1,0,0,0.0,0.07912793
E3|P38398|P15813,E3|P38398,E3,P38398,P15813,BRCA1,CD1D,0,0,0.0,0.28607833
E3|P38398|Q15726,E3|P38398,E3,P38398,Q15726,BRCA1,KISS1,0,0,0.0,0.083972044
E3|P38398|O95994,E3|P38398,E3,P38398,O95994,BRCA1,AGR2,0,0,0.0,0.9329895
E3|P38398|P55085,E3|P38398,E3,P38398,P55085,BRCA1,F2RL1,0,0,0.0,0.07422797
E3|P38398|P19174,E3|P38398,E3,P38398,P19174,BRCA1,PLCG1,0,0,0.0,0.082490616
E3|P38398|P37173,E3|P38398,E3,P38398,P37173,BRCA1,TGFBR2,0,0,0.0,0.08403378
E3|P38398|P42261,E3|P38398,E3,P38398,P42261,BRCA1,GRIA1,0,0,0.0,0.09081894
E3|P69720|P24941,E3|P69720,E3,P69720,P24941,vif,CDK2,0,0,0.0,0.59209263
E3|P69720|Q15173,E3|P69720,E3,P69720,Q15173,vif,PPP2R5B,0,0,0.0,0.30284736
E3|P69720|Q9BSA4,E3|P69720,E3,P69720,Q9BSA4,vif,TTYH2,0,0,0.0,0.264008
E3|P69720|P40189,E3|P69720,E3,P69720,P40189,vif,IL6ST,0,0,0.0,0.25014713
E3|P69720|Q9BUZ4,E3|P69720,E3,P69720,Q9BUZ4,vif,TRAF4,0,0,0.0,0.32678923
E3|P69720|P16284,E3|P69720,E3,P69720,P16284,vif,PECAM1,0,0,0.0,0.32429802
E3|Q06587|Q9Y5Y9,E3|Q06587,E3,Q06587,Q9Y5Y9,RING1,SCN10A,0,0,0.0,0.08118903
E3|Q12933|P33993,E3|Q12933,E3,Q12933,P33993,TRAF2,MCM7,0,0,0.0,0.84548146
E3|Q12933|P08195,E3|Q12933,E3,Q12933,P08195,TRAF2,SLC3A2,0,0,0.0,0.22697054
E3|Q12933|P04554,E3|Q12933,E3,Q12933,P04554,TRAF2,PRM2,0,0,0.0,0.4743147
E3|Q12933|Q17RS7,E3|Q12933,E3,Q12933,Q17RS7,TRAF2,GEN1,0,0,0.0,0.35399425
E3|Q12933|Q9NS37,E3|Q12933,E3,Q12933,Q9NS37,TRAF2,CREBZF,0,0,0.0,0.9015124
E3|Q12933|Q9UJA2,E3|Q12933,E3,Q12933,Q9UJA2,TRAF2,CRLS1,0,0,0.0,0.20056958
E3|Q12933|Q86WB0,E3|Q12933,E3,Q12933,Q86WB0,TRAF2,ZC3HC1,0,0,0.0,0.78853005
E3|Q12933|Q9HB29,E3|Q12933,E3,Q12933,Q9HB29,TRAF2,IL1RL2,0,0,0.0,0.21358141
E3|Q12933|A6MI22,E3|Q12933,E3,Q12933,A6MI22,TRAF2,tat,0,0,0.0,0.14856686
E3|Q12933|Q96RK0,E3|Q12933,E3,Q12933,Q96RK0,TRAF2,CIC,0,0,0.0,0.8030053
E3|Q12933|P55895,E3|Q12933,E3,Q12933,P55895,TRAF2,RAG2,0,0,0.0,0.8313717
E3|Q13233|P67870,E3|Q13233,E3,Q13233,P67870,MAP3K1,CSNK2B,0,0,0.0,0.86166173
E3|Q13233|Q9Y577,E3|Q13233,E3,Q13233,Q9Y577,MAP3K1,TRIM17,0,0,0.0,0.34225598
E3|Q13233|O75473,E3|Q13233,E3,Q13233,O75473,MAP3K1,LGR5,0,0,0.0,0.13259883
E3|Q13233|Q9Y2R9,E3|Q13233,E3,Q13233,Q9Y2R9,MAP3K1,MRPS7,0,0,0.0,0.860339
E3|Q13233|Q05086,E3|Q13233,E3,Q13233,Q05086,MAP3K1,UBE3A,0,0,0.0,0.908254
E3|Q13233|P49427,E3|Q13233,E3,Q13233,P49427,MAP3K1,CDC34,0,0,0.0,0.94006276
E3|Q13233|Q16630,E3|Q13233,E3,Q13233,Q16630,MAP3K1,CPSF6,0,0,0.0,0.91980714
E3|Q13233|O60260,E3|Q13233,E3,Q13233,O60260,MAP3K1,PARK2,0,0,0.0,0.90580386
E3|Q13233|P01909,E3|Q13233,E3,Q13233,P01909,MAP3K1,HLA-DQA1,0,0,0.0,0.12453937
E3|Q13233|Q86U70,E3|Q13233,E3,Q13233,Q86U70,MAP3K1,LDB1,0,0,0.0,0.6558754
E3|Q14527|P36897,E3|Q14527,E3,Q14527,P36897,HLTF,TGFBR1,0,0,0.0,0.09589212
E3|Q16531|Q14534,E3|Q16531,E3,Q16531,Q14534,DDB1,SQLE,0,0,0.0,0.10195481
E3|Q5T6F0|Q9NXK8,E3|Q5T6F0,E3,Q5T6F0,Q9NXK8,DCAF12,FBXL12,0,0,0.0,0.6870475
E3|Q5TC82|Q5VSY0,E3|Q5TC82,E3,Q5TC82,Q5VSY0,RC3H1,GKAP1,0,0,0.0,0.6450083
E3|Q5VTR2|Q9NYJ8,E3|Q5VTR2,E3,Q5VTR2,Q9NYJ8,RNF20,TAB2,0,0,0.0,0.6829793
E3|Q5VTR2|F5HEZ4,E3|Q5VTR2,E3,Q5VTR2,F5HEZ4,RNF20,ORF71,0,0,0.0,0.14081584
E3|Q6Q0C0|P60903,E3|Q6Q0C0,E3,Q6Q0C0,P60903,TRAF7,S100A10,0,0,0.0,0.2036569
E3|Q6TDP4|O43164,E3|Q6TDP4,E3,Q6TDP4,O43164,KLHL17,PJA2,0,0,0.0,0.33448607
E3|Q6TDP4|P04085,E3|Q6TDP4,E3,Q6TDP4,P04085,KLHL17,PDGFA,0,0,0.0,0.18678765
E3|Q76N89|Q92858,E3|Q76N89,E3,Q76N89,Q92858,HECW1,ATOH1,0,0,0.0,0.32702866
E3|Q76N89|P19419,E3|Q76N89,E3,Q76N89,P19419,HECW1,ELK1,0,0,0.0,0.45519507
E3|Q76N89|P49959,E3|Q76N89,E3,Q76N89,P49959,HECW1,MRE11,0,0,0.0,0.25878534
E3|Q76N89|P61371,E3|Q76N89,E3,Q76N89,P61371,HECW1,ISL1,0,0,0.0,0.23167643
E3|Q76N89|Q96LA5,E3|Q76N89,E3,Q76N89,Q96LA5,HECW1,FCRL2,0,0,0.0,0.41013494
E3|Q7L5Y6|P10721,E3|Q7L5Y6,E3,Q7L5Y6,P10721,DET1,KIT,0,0,0.0,0.11644197
E3|Q7L5Y6|Q99714,E3|Q7L5Y6,E3,Q7L5Y6,Q99714,DET1,PTPN5,0,0,0.0,0.12154804
E3|Q7L5Y6|P23258,E3|Q7L5Y6,E3,Q7L5Y6,P23258,DET1,TUBG1,0,0,0.0,0.8890595
E3|Q7L5Y6|Q92851,E3|Q7L5Y6,E3,Q7L5Y6,Q92851,DET1,CASP10,0,0,0.0,0.21370013
E3|Q7L5Y6|P63316,E3|Q7L5Y6,E3,Q7L5Y6,P63316,DET1,TNNC1,0,0,0.0,0.727985
E3|Q7L5Y6|O15399,E3|Q7L5Y6,E3,Q7L5Y6,O15399,DET1,GRIN2D,0,0,0.0,0.099516176
E3|Q7L5Y6|Q9NS87,E3|Q7L5Y6,E3,Q7L5Y6,Q9NS87,DET1,KIF15,0,0,0.0,0.9118726
E3|Q7L5Y6|A6NI79,E3|Q7L5Y6,E3,Q7L5Y6,A6NI79,DET1,CCDC69,0,0,0.0,0.5693041
E3|Q7L5Y6|P36888,E3|Q7L5Y6,E3,Q7L5Y6,P36888,DET1,FLT3,0,0,0.0,0.14343926
E3|Q7Z569|Q9UGP5,E3|Q7Z569,E3,Q7Z569,Q9UGP5,BRAP,POLL,0,0,0.0,0.8450519
E3|Q7Z569|P19429,E3|Q7Z569,E3,Q7Z569,P19429,BRAP,TNNI3,0,0,0.0,0.12052779
E3|Q7Z6Z7|P08648,E3|Q7Z6Z7,E3,Q7Z6Z7,P08648,HUWE1,ITGA5,0,0,0.0,0.40911114
E3|Q7Z6Z7|P23919,E3|Q7Z6Z7,E3,Q7Z6Z7,P23919,HUWE1,DTYMK,0,0,0.0,0.8439791
E3|Q7Z6Z7|P10912,E3|Q7Z6Z7,E3,Q7Z6Z7,P10912,HUWE1,GHR,0,0,0.0,0.94483924
E3|Q7Z6Z7|Q13635,E3|Q7Z6Z7,E3,Q7Z6Z7,Q13635,HUWE1,PTCH1,0,0,0.0,0.53193486
E3|Q7Z6Z7|Q86TM6,E3|Q7Z6Z7,E3,Q7Z6Z7,Q86TM6,HUWE1,SYVN1,0,0,0.0,0.54537576
E3|Q7Z6Z7|P03956,E3|Q7Z6Z7,E3,Q7Z6Z7,P03956,HUWE1,MMP1,0,0,0.0,0.6218663
E3|Q7Z6Z7|O75581,E3|Q7Z6Z7,E3,Q7Z6Z7,O75581,HUWE1,LRP6,0,0,0.0,0.3669662
E3|Q7Z6Z7|Q13002,E3|Q7Z6Z7,E3,Q7Z6Z7,Q13002,HUWE1,GRIK2,0,0,0.0,0.95067316
E3|Q7Z6Z7|P01848,E3|Q7Z6Z7,E3,Q7Z6Z7,P01848,HUWE1,TRAC,0,0,0.0,0.37398675
E3|Q7Z6Z7|O76090,E3|Q7Z6Z7,E3,Q7Z6Z7,O76090,HUWE1,BEST1,0,0,0.0,0.30746853
E3|Q7Z6Z7|P19235,E3|Q7Z6Z7,E3,Q7Z6Z7,P19235,HUWE1,EPOR,0,0,0.0,0.6963196
E3|Q7Z6Z7|P18065,E3|Q7Z6Z7,E3,Q7Z6Z7,P18065,HUWE1,IGFBP2,0,0,0.0,0.34009737
E3|Q7Z6Z7|P11686,E3|Q7Z6Z7,E3,Q7Z6Z7,P11686,HUWE1,SFTPC,0,0,0.0,0.2604032
E3|Q7Z6Z7|Q15465,E3|Q7Z6Z7,E3,Q7Z6Z7,Q15465,HUWE1,SHH,0,0,0.0,0.30107614
E3|Q7Z6Z7|O60858,E3|Q7Z6Z7,E3,Q7Z6Z7,O60858,HUWE1,TRIM13,0,0,0.0,0.58479375
E3|Q86YJ5|P00367,E3|Q86YJ5,E3,Q86YJ5,P00367,MARCHF9,GLUD1,0,0,0.0,0.8858827
E3|Q86YJ5|Q9H5N1,E3|Q86YJ5,E3,Q86YJ5,Q9H5N1,MARCHF9,RABEP2,0,0,0.0,0.4943844
E3|Q86YJ5|Q14653,E3|Q86YJ5,E3,Q86YJ5,Q14653,MARCHF9,IRF3,0,0,0.0,0.5981692
E3|Q86YJ5|Q9UQ80,E3|Q86YJ5,E3,Q86YJ5,Q9UQ80,MARCHF9,PA2G4,0,0,0.0,0.13101055
E3|Q86YJ5|Q9BQF6,E3|Q86YJ5,E3,Q86YJ5,Q9BQF6,MARCHF9,SENP7,0,0,0.0,0.13662162
E3|Q86YJ5|Q9UM11,E3|Q86YJ5,E3,Q86YJ5,Q9UM11,MARCHF9,FZR1,0,0,0.0,0.13999607
E3|Q86YJ5|P02751,E3|Q86YJ5,E3,Q86YJ5,P02751,MARCHF9,FN1,0,0,0.0,0.88536096
E3|Q86YJ5|Q16633,E3|Q86YJ5,E3,Q86YJ5,Q16633,MARCHF9,POU2AF1,0,0,0.0,0.1495453
E3|Q86YJ5|Q13191,E3|Q86YJ5,E3,Q86YJ5,Q13191,MARCHF9,CBLB,0,0,0.0,0.36866325
E3|Q86YJ5|P62805,E3|Q86YJ5,E3,Q86YJ5,P62805,MARCHF9,H4C1,0,0,0.0,0.52985203
E3|Q86YJ5|Q15173,E3|Q86YJ5,E3,Q86YJ5,Q15173,MARCHF9,PPP2R5B,0,0,0.0,0.15514839
E3|Q86YJ5|P32314,E3|Q86YJ5,E3,Q86YJ5,P32314,MARCHF9,FOXN2,0,0,0.0,0.11195028
E3|Q86YJ5|P23258,E3|Q86YJ5,E3,Q86YJ5,P23258,MARCHF9,TUBG1,0,0,0.0,0.3387202
E3|Q86YJ5|Q96RR4,E3|Q86YJ5,E3,Q86YJ5,Q96RR4,MARCHF9,CAMKK2,0,0,0.0,0.15250775
E3|Q86YJ5|Q8NEA6,E3|Q86YJ5,E3,Q86YJ5,Q8NEA6,MARCHF9,GLIS3,0,0,0.0,0.16508836
E3|Q86YJ5|Q14164,E3|Q86YJ5,E3,Q86YJ5,Q14164,MARCHF9,IKBKE,0,0,0.0,0.14739212
E3|Q86YJ5|Q9Y508,E3|Q86YJ5,E3,Q86YJ5,Q9Y508,MARCHF9,RNF114,0,0,0.0,0.14150217
E3|Q86YJ5|Q9Y2R9,E3|Q86YJ5,E3,Q86YJ5,Q9Y2R9,MARCHF9,MRPS7,0,0,0.0,0.61186546
E3|Q86YJ5|Q8IYD8,E3|Q86YJ5,E3,Q86YJ5,Q8IYD8,MARCHF9,FANCM,0,0,0.0,0.11257003
E3|Q86YJ5|Q99856,E3|Q86YJ5,E3,Q86YJ5,Q99856,MARCHF9,ARID3A,0,0,0.0,0.10564648
E3|Q8IUD6|Q9UHV7,E3|Q8IUD6,E3,Q8IUD6,Q9UHV7,RNF135,MED13,0,0,0.0,0.3679641
E3|Q8IWV7|P35250,E3|Q8IWV7,E3,Q8IWV7,P35250,UBR1,RFC2,0,0,0.0,0.6582304
E3|Q8IWV7|P54098,E3|Q8IWV7,E3,Q8IWV7,P54098,UBR1,POLG,0,0,0.0,0.30002868
E3|Q8IYM9|O95994,E3|Q8IYM9,E3,Q8IYM9,O95994,TRIM22,AGR2,0,0,0.0,0.92256993
E3|Q8IYU2|P14859,E3|Q8IYU2,E3,Q8IYU2,P14859,HACE1,POU2F1,0,0,0.0,0.43306494
E3|Q8IYU2|O00418,E3|Q8IYU2,E3,Q8IYU2,O00418,HACE1,EEF2K,0,0,0.0,0.6510596
E3|Q8IYU2|Q8TB46,E3|Q8IYU2,E3,Q8IYU2,Q8TB46,HACE1,ANKRD50,0,0,0.0,0.3813457
E3|Q8IYU2|O94782,E3|Q8IYU2,E3,Q8IYU2,O94782,HACE1,USP1,0,0,0.0,0.5873547
E3|Q8IYU2|O75525,E3|Q8IYU2,E3,Q8IYU2,O75525,HACE1,KHDRBS3,0,0,0.0,0.47880837
E3|Q8IYW5|Q96JN8,E3|Q8IYW5,E3,Q8IYW5,Q96JN8,RNF168,NEURL4,0,0,0.0,0.92841166
E3|Q8IYW5|Q9NRD5,E3|Q8IYW5,E3,Q8IYW5,Q9NRD5,RNF168,PICK1,0,0,0.0,0.9467728
E3|Q8IYW5|A6MI22,E3|Q8IYW5,E3,Q8IYW5,A6MI22,RNF168,tat,0,0,0.0,0.22537933
E3|Q8IYW5|O95295,E3|Q8IYW5,E3,Q8IYW5,O95295,RNF168,SNAPIN,0,0,0.0,0.74152064
E3|Q8IYW5|Q9P2A4,E3|Q8IYW5,E3,Q8IYW5,Q9P2A4,RNF168,ABI3,0,0,0.0,0.95929843
E3|Q8IYW5|P07355,E3|Q8IYW5,E3,Q8IYW5,P07355,RNF168,ANXA2,0,0,0.0,0.5319929
E3|Q8IYW5|P49327,E3|Q8IYW5,E3,Q8IYW5,P49327,RNF168,FASN,0,0,0.0,0.823448
E3|Q8IYW5|Q92813,E3|Q8IYW5,E3,Q8IYW5,Q92813,RNF168,DIO2,0,0,0.0,0.20969784
E3|Q8IYW5|Q9Y2T1,E3|Q8IYW5,E3,Q8IYW5,Q9Y2T1,RNF168,AXIN2,0,0,0.0,0.89656126
E3|Q8IYW5|Q5UEC6,E3|Q8IYW5,E3,Q8IYW5,Q5UEC6,RNF168,EB1,0,0,0.0,0.7422233
E3|Q8IYW5|P48200,E3|Q8IYW5,E3,Q8IYW5,P48200,RNF168,IREB2,0,0,0.0,0.75863427
E3|Q8N1E6|Q9HAW4,E3|Q8N1E6,E3,Q8N1E6,Q9HAW4,FBXL14,CLSPN,0,0,0.0,0.87430185
E3|Q8N1E6|Q9UIS9,E3|Q8N1E6,E3,Q8N1E6,Q9UIS9,FBXL14,MBD1,0,0,0.0,0.78760207
E3|Q8N1E6|P98161,E3|Q8N1E6,E3,Q8N1E6,P98161,FBXL14,PKD1,0,0,0.0,0.26826748
E3|Q8N1E6|Q5Y7A7,E3|Q8N1E6,E3,Q8N1E6,Q5Y7A7,FBXL14,HLA-DRB1,0,0,0.0,0.20925313
E3|Q8N1E6|Q15386,E3|Q8N1E6,E3,Q8N1E6,Q15386,FBXL14,UBE3C,0,0,0.0,0.3344457
E3|Q8N2H9|Q99683,E3|Q8N2H9,E3,Q8N2H9,Q99683,PELI3,MAP3K5,0,0,0.0,0.6104265
E3|Q8N2H9|P60321,E3|Q8N2H9,E3,Q8N2H9,P60321,PELI3,NANOS2,0,0,0.0,0.32441092
E3|Q8N2H9|P30307,E3|Q8N2H9,E3,Q8N2H9,P30307,PELI3,CDC25C,0,0,0.0,0.4421717
E3|Q8N2H9|Q9NVW2,E3|Q8N2H9,E3,Q8N2H9,Q9NVW2,PELI3,RLIM,0,0,0.0,0.4551355
E3|Q8N2H9|Q9GZX7,E3|Q8N2H9,E3,Q8N2H9,Q9GZX7,PELI3,AICDA,0,0,0.0,0.65004534
E3|Q8N2H9|O00716,E3|Q8N2H9,E3,Q8N2H9,O00716,PELI3,E2F3,0,0,0.0,0.30318624
E3|Q8N3Y1|Q99759,E3|Q8N3Y1,E3,Q8N3Y1,Q99759,FBXW8,MAP3K3,0,0,0.0,0.65858793
E3|Q8N3Y1|Q92674,E3|Q8N3Y1,E3,Q8N3Y1,Q92674,FBXW8,CENPI,0,0,0.0,0.6164935
E3|Q8N3Y1|Q9Y5M8,E3|Q8N3Y1,E3,Q8N3Y1,Q9Y5M8,FBXW8,SRPRB,0,0,0.0,0.34133455
E3|Q8N3Y1|Q9BXB1,E3|Q8N3Y1,E3,Q8N3Y1,Q9BXB1,FBXW8,LGR4,0,0,0.0,0.5876695
E3|Q8N3Y1|P29033,E3|Q8N3Y1,E3,Q8N3Y1,P29033,FBXW8,GJB2,0,0,0.0,0.21821019
E3|Q8NI29|Q8N907,E3|Q8NI29,E3,Q8NI29,Q8N907,FBXO27,DAND5,0,0,0.0,0.2593868
E3|Q8NI29|Q9Y2K6,E3|Q8NI29,E3,Q8NI29,Q9Y2K6,FBXO27,USP20,0,0,0.0,0.6874828
E3|Q8TCQ1|Q9HAW4,E3|Q8TCQ1,E3,Q8TCQ1,Q9HAW4,MARCHF1,CLSPN,0,0,0.0,0.18847941
E3|Q8TCQ1|Q93077,E3|Q8TCQ1,E3,Q8TCQ1,Q93077,MARCHF1,H2AC6,0,0,0.0,0.15984306
E3|Q8TCQ1|Q9HCS4,E3|Q8TCQ1,E3,Q8TCQ1,Q9HCS4,MARCHF1,TCF7L1,0,0,0.0,0.13955855
E3|Q8TCQ1|Q99714,E3|Q8TCQ1,E3,Q8TCQ1,Q99714,MARCHF1,PTPN5,0,0,0.0,0.8989827
E3|Q8TCQ1|P62487,E3|Q8TCQ1,E3,Q8TCQ1,P62487,MARCHF1,POLR2G,0,0,0.0,0.14899214
E3|Q8TCQ1|P25440,E3|Q8TCQ1,E3,Q8TCQ1,P25440,MARCHF1,BRD2,0,0,0.0,0.16077974
E3|Q8TCQ1|P25490,E3|Q8TCQ1,E3,Q8TCQ1,P25490,MARCHF1,YY1,0,0,0.0,0.16620345
E3|Q8TCQ1|Q96NT3,E3|Q8TCQ1,E3,Q8TCQ1,Q96NT3,MARCHF1,GUCD1,0,0,0.0,0.18193534
E3|Q8TCQ1|P26927,E3|Q8TCQ1,E3,Q8TCQ1,P26927,MARCHF1,MST1,0,0,0.0,0.88267595
E3|Q8TCQ1|P33993,E3|Q8TCQ1,E3,Q8TCQ1,P33993,MARCHF1,MCM7,0,0,0.0,0.17222309
E3|Q8TCQ1|Q92918,E3|Q8TCQ1,E3,Q8TCQ1,Q92918,MARCHF1,MAP4K1,0,0,0.0,0.24181822
E3|Q8TEL6|P01732,E3|Q8TEL6,E3,Q8TEL6,P01732,TRPC4AP,CD8A,0,0,0.0,0.19443558
E3|Q8TEL6|Q9HAW4,E3|Q8TEL6,E3,Q8TEL6,Q9HAW4,TRPC4AP,CLSPN,0,0,0.0,0.6086787
E3|Q8TEL6|P04908,E3|Q8TEL6,E3,Q8TEL6,P04908,TRPC4AP,H2AC4,0,0,0.0,0.71168834
E3|Q8TEL6|Q15726,E3|Q8TEL6,E3,Q8TEL6,Q15726,TRPC4AP,KISS1,0,0,0.0,0.16897275
E3|Q8WU17|P17844,E3|Q8WU17,E3,Q8WU17,P17844,RNF139,DDX5,0,0,0.0,0.092037395
E3|Q8WU17|P30838,E3|Q8WU17,E3,Q8WU17,P30838,RNF139,ALDH3A1,0,0,0.0,0.49705338
E3|Q8WU17|P43268,E3|Q8WU17,E3,Q8WU17,P43268,RNF139,ETV4,0,0,0.0,0.06901335
E3|Q8WY64|Q9H8M7,E3|Q8WY64,E3,Q8WY64,Q9H8M7,MYLIP,FAM188A,0,0,0.0,0.73301286
E3|Q8WY64|Q9UBR4,E3|Q8WY64,E3,Q8WY64,Q9UBR4,MYLIP,LHX3,0,0,0.0,0.10589829
E3|Q8WY64|Q9UHV7,E3|Q8WY64,E3,Q8WY64,Q9UHV7,MYLIP,MED13,0,0,0.0,0.16095804
E3|Q8WY64|Q9H4L7,E3|Q8WY64,E3,Q8WY64,Q9H4L7,MYLIP,SMARCAD1,0,0,0.0,0.15405443
E3|Q8WZ19|P08138,E3|Q8WZ19,E3,Q8WZ19,P08138,KCTD13,NGFR,0,0,0.0,0.23157345
E3|Q96D59|P14859,E3|Q96D59,E3,Q96D59,P14859,RNF183,POU2F1,0,0,0.0,0.2042086
E3|Q96D59|Q13547,E3|Q96D59,E3,Q96D59,Q13547,RNF183,HDAC1,0,0,0.0,0.17281252
E3|Q96D59|O95628,E3|Q96D59,E3,Q96D59,O95628,RNF183,CNOT4,0,0,0.0,0.34541884
E3|Q96F44|P0C209,E3|Q96F44,E3,Q96F44,P0C209,TRIM11,gag,0,0,0.0,0.21823877
E3|Q96F44|P02647,E3|Q96F44,E3,Q96F44,P02647,TRIM11,APOA1,0,0,0.0,0.23794116
E3|Q96F44|Q2F514,E3|Q96F44,E3,Q96F44,Q2F514,TRIM11,X,0,0,0.0,0.2936619
E3|Q96F44|Q9UNK0,E3|Q96F44,E3,Q96F44,Q9UNK0,TRIM11,STX8,0,0,0.0,0.27804646
E3|Q96ME1|O43175,E3|Q96ME1,E3,Q96ME1,O43175,FBXL18,PHGDH,0,0,0.0,0.6596956
E3|Q96ME1|Q9Y5X1,E3|Q96ME1,E3,Q96ME1,Q9Y5X1,FBXL18,SNX9,0,0,0.0,0.7038281
E3|Q96PM5|A9UEZ6,E3|Q96PM5,E3,Q96PM5,A9UEZ6,RCHY1,BCR/ABL fusion,0,0,0.0,0.25138104
E3|Q96PM5|P01023,E3|Q96PM5,E3,Q96PM5,P01023,RCHY1,A2M,0,0,0.0,0.13725041
E3|Q96PM5|Q9UM73,E3|Q96PM5,E3,Q96PM5,Q9UM73,RCHY1,ALK,0,0,0.0,0.12391968
E3|Q96PM5|Q02779,E3|Q96PM5,E3,Q96PM5,Q02779,RCHY1,MAP3K10,0,0,0.0,0.17491557
E3|Q96RU7|Q9NWF9,E3|Q96RU7,E3,Q96RU7,Q9NWF9,TRIB3,RNF216,0,0,0.0,0.77437323
E3|Q96SW2|P11686,E3|Q96SW2,E3,Q96SW2,P11686,CRBN,SFTPC,0,0,0.0,0.074591376
E3|Q9BRZ2|P60002,E3|Q9BRZ2,E3,Q9BRZ2,P60002,TRIM56,ELOF1,0,0,0.0,0.5836183
E3|Q9BRZ2|P26358,E3|Q9BRZ2,E3,Q9BRZ2,P26358,TRIM56,DNMT1,0,0,0.0,0.6431215
E3|Q9C029|P04234,E3|Q9C029,E3,Q9C029,P04234,TRIM7,CD3D,0,0,0.0,0.5745367
E3|Q9C029|P01912,E3|Q9C029,E3,Q9C029,P01912,TRIM7,HLA-DRB1,0,0,0.0,0.13591306
E3|Q9C0C7|Q14324,E3|Q9C0C7,E3,Q9C0C7,Q14324,AMBRA1,MYBPC2,0,0,0.0,0.86559844
E3|Q9C0C9|P21796,E3|Q9C0C9,E3,Q9C0C9,P21796,UBE2O,VDAC1,0,0,0.0,0.19795069
E3|Q9H2C0|P46695,E3|Q9H2C0,E3,Q9H2C0,P46695,GAN,IER3,0,0,0.0,0.4727986
E3|Q9H2C0|Q9HCS4,E3|Q9H2C0,E3,Q9H2C0,Q9HCS4,GAN,TCF7L1,0,0,0.0,0.45998648
E3|Q9H2C0|P10523,E3|Q9H2C0,E3,Q9H2C0,P10523,GAN,SAG,0,0,0.0,0.19692416
E3|Q9H2C0|O75581,E3|Q9H2C0,E3,Q9H2C0,O75581,GAN,LRP6,0,0,0.0,0.13436444
E3|Q9H3F6|Q8WUM4,E3|Q9H3F6,E3,Q9H3F6,Q8WUM4,KCTD10,PDCD6IP,0,0,0.0,0.6950897
E3|Q9H3F6|Q8N0X7,E3|Q9H3F6,E3,Q9H3F6,Q8N0X7,KCTD10,SPART,0,0,0.0,0.22432998
E3|Q9H3F6|Q99963,E3|Q9H3F6,E3,Q9H3F6,Q99963,KCTD10,SH3GL3,0,0,0.0,0.40109596
E3|Q9H765|P01912,E3|Q9H765,E3,Q9H765,P01912,ASB8,HLA-DRB1,0,0,0.0,0.20175554
E3|Q9H765|Q14149,E3|Q9H765,E3,Q9H765,Q14149,ASB8,MORC3,0,0,0.0,0.6049862
E3|Q9HCE7|Q14149,E3|Q9HCE7,E3,Q9HCE7,Q14149,SMURF1,MORC3,0,0,0.0,0.7647898
E3|Q9HCE7|P62807,E3|Q9HCE7,E3,Q9HCE7,P62807,SMURF1,H2BC4,0,0,0.0,0.5610837
E3|Q9HCE7|P43357,E3|Q9HCE7,E3,Q9HCE7,P43357,SMURF1,MAGEA3,0,0,0.0,0.7128471
E3|Q9HCE7|O75469,E3|Q9HCE7,E3,Q9HCE7,O75469,SMURF1,NR1I2,0,0,0.0,0.4714444
E3|Q9HCE7|P15259,E3|Q9HCE7,E3,Q9HCE7,P15259,SMURF1,PGAM2,0,0,0.0,0.87607086
E3|Q9HCE7|P17542,E3|Q9HCE7,E3,Q9HCE7,P17542,SMURF1,TAL1,0,0,0.0,0.33698583
E3|Q9HCE7|P20700,E3|Q9HCE7,E3,Q9HCE7,P20700,SMURF1,LMNB1,0,0,0.0,0.8238812
E3|Q9HCE7|P35555,E3|Q9HCE7,E3,Q9HCE7,P35555,SMURF1,FBN1,0,0,0.0,0.9032633
E3|Q9HCE7|Q15361,E3|Q9HCE7,E3,Q9HCE7,Q15361,SMURF1,TTF1,0,0,0.0,0.69503164
E3|Q9HCE7|Q96ST3,E3|Q9HCE7,E3,Q9HCE7,Q96ST3,SMURF1,SIN3A,0,0,0.0,0.3629301
E3|Q9HCE7|P16401,E3|Q9HCE7,E3,Q9HCE7,P16401,SMURF1,H1-5,0,0,0.0,0.27560604
E3|Q9HCE7|A6MI22,E3|Q9HCE7,E3,Q9HCE7,A6MI22,SMURF1,tat,0,0,0.0,0.29873878
E3|Q9HCE7|P48436,E3|Q9HCE7,E3,Q9HCE7,P48436,SMURF1,SOX9,0,0,0.0,0.30178604
E3|Q9HCE7|P23025,E3|Q9HCE7,E3,Q9HCE7,P23025,SMURF1,XPA,0,0,0.0,0.5337703
E3|Q9HCE7|P61968,E3|Q9HCE7,E3,Q9HCE7,P61968,SMURF1,LMO4,0,0,0.0,0.45529905
E3|Q9HCE7|P02751,E3|Q9HCE7,E3,Q9HCE7,P02751,SMURF1,FN1,0,0,0.0,0.9488517
E3|Q9HCE7|Q9NVW2,E3|Q9HCE7,E3,Q9HCE7,Q9NVW2,SMURF1,RLIM,0,0,0.0,0.8524054
E3|Q9HCE7|Q8NFD5,E3|Q9HCE7,E3,Q9HCE7,Q8NFD5,SMURF1,ARID1B,0,0,0.0,0.29608706
E3|Q9HCE7|Q9I788,E3|Q9HCE7,E3,Q9HCE7,Q9I788,SMURF1,exoT,0,0,0.0,0.37097946
E3|Q9HCE7|Q9H2A3,E3|Q9HCE7,E3,Q9HCE7,Q9H2A3,SMURF1,NEUROG2,0,0,0.0,0.28022036
E3|Q9HCE7|Q7L8J4,E3|Q9HCE7,E3,Q9HCE7,Q7L8J4,SMURF1,SH3BP5L,0,0,0.0,0.39774346
E3|Q9HCE7|P49715,E3|Q9HCE7,E3,Q9HCE7,P49715,SMURF1,CEBPA,0,0,0.0,0.39620265
E3|Q9HCE7|O15151,E3|Q9HCE7,E3,Q9HCE7,O15151,SMURF1,MDM4,0,0,0.0,0.7650123
E3|Q9HCE7|Q96A32,E3|Q9HCE7,E3,Q9HCE7,Q96A32,SMURF1,MYLPF,0,0,0.0,0.5955114
E3|Q9HCE7|P45973,E3|Q9HCE7,E3,Q9HCE7,P45973,SMURF1,CBX5,0,0,0.0,0.51936287
E3|Q9HCE7|Q5VSY0,E3|Q9HCE7,E3,Q9HCE7,Q5VSY0,SMURF1,GKAP1,0,0,0.0,0.96264327
E3|Q9HCE7|Q9GIY3,E3|Q9HCE7,E3,Q9HCE7,Q9GIY3,SMURF1,HLA-DRB1,0,0,0.0,0.18737298
E3|Q9HCE7|O60934,E3|Q9HCE7,E3,Q9HCE7,O60934,SMURF1,NBN,0,0,0.0,0.4404255
E3|Q9HCE7|Q96GM5,E3|Q9HCE7,E3,Q9HCE7,Q96GM5,SMURF1,SMARCD1,0,0,0.0,0.33592302
E3|Q9HCE7|P50458,E3|Q9HCE7,E3,Q9HCE7,P50458,SMURF1,LHX2,0,0,0.0,0.2615005
E3|Q9HCE7|P35659,E3|Q9HCE7,E3,Q9HCE7,P35659,SMURF1,DEK,0,0,0.0,0.4441935
E3|Q9HCE7|Q12888,E3|Q9HCE7,E3,Q9HCE7,Q12888,SMURF1,TP53BP1,0,0,0.0,0.40355235
E3|Q9HCE7|O94953,E3|Q9HCE7,E3,Q9HCE7,O94953,SMURF1,KDM4B,0,0,0.0,0.6192212
E3|Q9HCE7|P05412,E3|Q9HCE7,E3,Q9HCE7,P05412,SMURF1,JUN,0,0,0.0,0.48882315
E3|Q9HCE7|P83916,E3|Q9HCE7,E3,Q9HCE7,P83916,SMURF1,CBX1,0,0,0.0,0.39372072
E3|Q9HCE7|Q08050,E3|Q9HCE7,E3,Q9HCE7,Q08050,SMURF1,FOXM1,0,0,0.0,0.5122154
E3|Q9HCE7|O75417,E3|Q9HCE7,E3,Q9HCE7,O75417,SMURF1,POLQ,0,0,0.0,0.27109197
E3|Q9HCE7|Q30134,E3|Q9HCE7,E3,Q9HCE7,Q30134,SMURF1,HLA-DRB1,0,0,0.0,0.21101561
E3|Q9HCE7|Q13569,E3|Q9HCE7,E3,Q9HCE7,Q13569,SMURF1,TDG,0,0,0.0,0.43821758
E3|Q9HCE7|Q16778,E3|Q9HCE7,E3,Q9HCE7,Q16778,SMURF1,H2BC21,0,0,0.0,0.561486
E3|Q9HCE7|Q9NTG7,E3|Q9HCE7,E3,Q9HCE7,Q9NTG7,SMURF1,SIRT3,0,0,0.0,0.96243316
E3|Q9HCE7|O43679,E3|Q9HCE7,E3,Q9HCE7,O43679,SMURF1,LDB2,0,0,0.0,0.28106055
E3|Q9HCE7|P55211,E3|Q9HCE7,E3,Q9HCE7,P55211,SMURF1,CASP9,0,0,0.0,0.8254203
E3|Q9HCE7|Q13627,E3|Q9HCE7,E3,Q9HCE7,Q13627,SMURF1,DYRK1A,0,0,0.0,0.84996015
E3|Q9HCE7|Q86U70,E3|Q9HCE7,E3,Q9HCE7,Q86U70,SMURF1,LDB1,0,0,0.0,0.27769893
E3|Q9HCE7|P07199,E3|Q9HCE7,E3,Q9HCE7,P07199,SMURF1,CENPB,0,0,0.0,0.5256675
E3|Q9HCE7|Q8IYD8,E3|Q9HCE7,E3,Q9HCE7,Q8IYD8,SMURF1,FANCM,0,0,0.0,0.45969263
E3|Q9HCE7|P10244,E3|Q9HCE7,E3,Q9HCE7,P10244,SMURF1,MYBL2,0,0,0.0,0.34623066
E3|Q9HCE7|P11161,E3|Q9HCE7,E3,Q9HCE7,P11161,SMURF1,EGR2,0,0,0.0,0.27986223
E3|Q9HCE7|P06935,E3|Q9HCE7,E3,Q9HCE7,P06935,SMURF1,,0,0,0.0,0.35460708
E3|Q9HCE7|P43268,E3|Q9HCE7,E3,Q9HCE7,P43268,SMURF1,ETV4,0,0,0.0,0.31671673
E3|Q9HCE7|Q92851,E3|Q9HCE7,E3,Q9HCE7,Q92851,SMURF1,CASP10,0,0,0.0,0.7595482
E3|Q9HCE7|Q9UBP5,E3|Q9HCE7,E3,Q9HCE7,Q9UBP5,SMURF1,HEY2,0,0,0.0,0.6988856
E3|Q9HCE7|P15498,E3|Q9HCE7,E3,Q9HCE7,P15498,SMURF1,VAV1,0,0,0.0,0.84966564
E3|Q9HCE7|P26927,E3|Q9HCE7,E3,Q9HCE7,P26927,SMURF1,MST1,0,0,0.0,0.89941597
E3|Q9HCE7|Q7Z7J5,E3|Q9HCE7,E3,Q9HCE7,Q7Z7J5,SMURF1,DPPA2,0,0,0.0,0.60899013
E3|Q9HCE7|P28562,E3|Q9HCE7,E3,Q9HCE7,P28562,SMURF1,DUSP1,0,0,0.0,0.7792918
E3|Q9HCE7|Q15554,E3|Q9HCE7,E3,Q9HCE7,Q15554,SMURF1,TERF2,0,0,0.0,0.54732436
E3|Q9HCE7|Q5MJ70,E3|Q9HCE7,E3,Q9HCE7,Q5MJ70,SMURF1,SPDYA,0,0,0.0,0.782853
E3|Q9HCE7|P01912,E3|Q9HCE7,E3,Q9HCE7,P01912,SMURF1,HLA-DRB1,0,0,0.0,0.1863832
E3|Q9HCE7|Q9NXR8,E3|Q9HCE7,E3,Q9HCE7,Q9NXR8,SMURF1,ING3,0,0,0.0,0.548705
E3|Q9HCE7|P62805,E3|Q9HCE7,E3,Q9HCE7,P62805,SMURF1,H4C1,0,0,0.0,0.4019174
E3|Q9HCE7|Q9H4P4,E3|Q9HCE7,E3,Q9HCE7,Q9H4P4,SMURF1,RNF41,0,0,0.0,0.63495755
E3|Q9HCE7|P60903,E3|Q9HCE7,E3,Q9HCE7,P60903,SMURF1,S100A10,0,0,0.0,0.8119273
E3|Q9HCE7|P51530,E3|Q9HCE7,E3,Q9HCE7,P51530,SMURF1,DNA2,0,0,0.0,0.961516
E3|Q9HCE7|O60381,E3|Q9HCE7,E3,Q9HCE7,O60381,SMURF1,HBP1,0,0,0.0,0.42613894
E3|Q9HCE7|P02647,E3|Q9HCE7,E3,Q9HCE7,P02647,SMURF1,APOA1,0,0,0.0,0.91644824
E3|Q9HCE7|Q92858,E3|Q9HCE7,E3,Q9HCE7,Q92858,SMURF1,ATOH1,0,0,0.0,0.73294467
E3|Q9HCE7|Q13535,E3|Q9HCE7,E3,Q9HCE7,Q13535,SMURF1,ATR,0,0,0.0,0.67493194
E3|Q9HCE7|Q71DI3,E3|Q9HCE7,E3,Q9HCE7,Q71DI3,SMURF1,H3C15,0,0,0.0,0.42465475
E3|Q9HCE7|Q01664,E3|Q9HCE7,E3,Q9HCE7,Q01664,SMURF1,TFAP4,0,0,0.0,0.34051314
E3|Q9NS91|P29322,E3|Q9NS91,E3,Q9NS91,P29322,RAD18,EPHA8,0,0,0.0,0.08624273
E3|Q9NS91|P12318,E3|Q9NS91,E3,Q9NS91,P12318,RAD18,FCGR2A,0,0,0.0,0.0787645
E3|Q9NS91|Q14114,E3|Q9NS91,E3,Q9NS91,Q14114,RAD18,LRP8,0,0,0.0,0.089919664
E3|Q9NVW2|P35626,E3|Q9NVW2,E3,Q9NVW2,P35626,RLIM,ADRBK2,0,0,0.0,0.16168194
E3|Q9NVW2|P23258,E3|Q9NVW2,E3,Q9NVW2,P23258,RLIM,TUBG1,0,0,0.0,0.90978914
E3|Q9NVW2|Q8NHG8,E3|Q9NVW2,E3,Q9NVW2,Q8NHG8,RLIM,ZNRF2,0,0,0.0,0.48952112
E3|Q9NVW2|O43156,E3|Q9NVW2,E3,Q9NVW2,O43156,RLIM,TTI1,0,0,0.0,0.7155503
E3|Q9NVW2|Q99962,E3|Q9NVW2,E3,Q9NVW2,Q99962,RLIM,SH3GL2,0,0,0.0,0.17598553
E3|Q9NVW2|Q9BZY9,E3|Q9NVW2,E3,Q9NVW2,Q9BZY9,RLIM,TRIM31,0,0,0.0,0.74135894
E3|Q9NVW2|P11686,E3|Q9NVW2,E3,Q9NVW2,P11686,RLIM,SFTPC,0,0,0.0,0.10373902
E3|Q9NVW2|P51170,E3|Q9NVW2,E3,Q9NVW2,P51170,RLIM,SCNN1G,0,0,0.0,0.118070796
E3|Q9NVW2|P15260,E3|Q9NVW2,E3,Q9NVW2,P15260,RLIM,IFNGR1,0,0,0.0,0.50870913
E3|Q9NVW2|Q13564,E3|Q9NVW2,E3,Q9NVW2,Q13564,RLIM,NAE1,0,0,0.0,0.8140331
E3|Q9NWF9|Q8IUE6,E3|Q9NWF9,E3,Q9NWF9,Q8IUE6,RNF216,H2AC21,0,0,0.0,0.14992101
E3|Q9NWF9|Q7L7L0,E3|Q9NWF9,E3,Q9NWF9,Q7L7L0,RNF216,H2AW,0,0,0.0,0.20381753
E3|Q9NWF9|P13569,E3|Q9NWF9,E3,Q9NWF9,P13569,RNF216,CFTR,0,0,0.0,0.87765217
E3|Q9NWF9|Q03164,E3|Q9NWF9,E3,Q9NWF9,Q03164,RNF216,KMT2A,0,0,0.0,0.35437676
E3|Q9NWZ3|P20700,E3|Q9NWZ3,E3,Q9NWZ3,P20700,IRAK4,LMNB1,0,0,0.0,0.50935733
E3|Q9NWZ3|P08678,E3|Q9NWZ3,E3,Q9NWZ3,P08678,IRAK4,CYR1,0,0,0.0,0.6216775
E3|Q9P2K6|O60240,E3|Q9P2K6,E3,Q9P2K6,O60240,KLHL42,PLIN1,0,0,0.0,0.16108882
E3|Q9P2P5|Q6ZTN6,E3|Q9P2P5,E3,Q9P2P5,Q6ZTN6,HECW2,ANKRD13D,0,0,0.0,0.093497634
E3|Q9P2P5|P60903,E3|Q9P2P5,E3,Q9P2P5,P60903,HECW2,S100A10,0,0,0.0,0.23352134
E3|Q9P2P5|Q86WB0,E3|Q9P2P5,E3,Q9P2P5,Q86WB0,HECW2,ZC3HC1,0,0,0.0,0.59380245
E3|Q9UBN7|Q01638,E3|Q9UBN7,E3,Q9UBN7,Q01638,HDAC6,IL1RL1,0,0,0.0,0.14304294
E3|Q9UJX6|O43175,E3|Q9UJX6,E3,Q9UJX6,O43175,ANAPC2,PHGDH,0,0,0.0,0.66478175
E3|Q9UJX6|Q9UBZ9,E3|Q9UJX6,E3,Q9UJX6,Q9UBZ9,ANAPC2,REV1,0,0,0.0,0.6887014
E3|Q9ULT8|Q07869,E3|Q9ULT8,E3,Q9ULT8,Q07869,HECTD1,PPARA,0,0,0.0,0.9511272
E3|Q9ULT8|P43403,E3|Q9ULT8,E3,Q9ULT8,P43403,HECTD1,ZAP70,0,0,0.0,0.25357887
E3|Q9ULT8|Q13761,E3|Q9ULT8,E3,Q9ULT8,Q13761,HECTD1,RUNX3,0,0,0.0,0.9547139
E3|Q9ULT8|Q16589,E3|Q9ULT8,E3,Q9ULT8,Q16589,HECTD1,CCNG2,0,0,0.0,0.9458909
E3|Q9ULT8|P07332,E3|Q9ULT8,E3,Q9ULT8,P07332,HECTD1,FES,0,0,0.0,0.32888785
E3|Q9ULT8|P21860,E3|Q9ULT8,E3,Q9ULT8,P21860,HECTD1,ERBB3,0,0,0.0,0.104023665
E3|Q9UMS4|P19174,E3|Q9UMS4,E3,Q9UMS4,P19174,PRPF19,PLCG1,0,0,0.0,0.12743154
E3|Q9UMS4|P05777,E3|Q9UMS4,E3,Q9UMS4,P05777,PRPF19,M,0,0,0.0,0.20044135
E3|Q9UMS4|O15519,E3|Q9UMS4,E3,Q9UMS4,O15519,PRPF19,CFLAR,0,0,0.0,0.36995488
E3|Q9UPQ4|Q30154,E3|Q9UPQ4,E3,Q9UPQ4,Q30154,TRIM35,HLA-DRB5,0,0,0.0,0.09306054
E3|Q9UPQ7|P61587,E3|Q9UPQ7,E3,Q9UPQ7,P61587,PDZRN3,RND3,0,0,0.0,0.31242913
E3|Q9UPQ7|Q13740,E3|Q9UPQ7,E3,Q9UPQ7,Q13740,PDZRN3,ALCAM,0,0,0.0,0.18034507
E3|Q9Y6I7|P79483,E3|Q9Y6I7,E3,Q9Y6I7,P79483,WSB1,HLA-DRB3,0,0,0.0,0.14314151
E3|Q9Y6I7|P17302,E3|Q9Y6I7,E3,Q9Y6I7,P17302,WSB1,GJA1,0,0,0.0,0.1741581
E3|Q9Y6I7|Q9Y286,E3|Q9Y6I7,E3,Q9Y6I7,Q9Y286,WSB1,SIGLEC7,0,0,0.0,0.4912289
E3|Q9Y6I7|Q15173,E3|Q9Y6I7,E3,Q9Y6I7,Q15173,WSB1,PPP2R5B,0,0,0.0,0.5026292
DUB|O94782|O14640,DUB|O94782,DUB,O94782,O14640,USP1,DVL1,0,0,0.0,0.89382726
DUB|O94782|O43353,DUB|O94782,DUB,O94782,O43353,USP1,RIPK2,0,0,0.0,0.76236
DUB|O94782|Q15465,DUB|O94782,DUB,O94782,Q15465,USP1,SHH,0,0,0.0,0.0903066
DUB|O94782|P42773,DUB|O94782,DUB,O94782,P42773,USP1,CDKN2C,0,0,0.0,0.928445
DUB|O94782|Q86YR5,DUB|O94782,DUB,O94782,Q86YR5,USP1,GPSM1,0,0,0.0,0.65143895
DUB|O94782|Q8N4S9,DUB|O94782,DUB,O94782,Q8N4S9,USP1,MARVELD2,0,0,0.0,0.08651523
DUB|O94782|Q9Y577,DUB|O94782,DUB,O94782,Q9Y577,USP1,TRIM17,0,0,0.0,0.16986495
DUB|P21580|Q99835,DUB|P21580,DUB,P21580,Q99835,TNFAIP3,SMO,0,0,0.0,0.8096995
DUB|P21580|Q04771,DUB|P21580,DUB,P21580,Q04771,TNFAIP3,ACVR1,0,0,0.0,0.43620008
DUB|P21580|P33981,DUB|P21580,DUB,P21580,P33981,TNFAIP3,TTK,0,0,0.0,0.410079
DUB|P21580|Q13619,DUB|P21580,DUB,P21580,Q13619,TNFAIP3,CUL4A,0,0,0.0,0.27623272
DUB|P21580|O60337,DUB|P21580,DUB,P21580,O60337,TNFAIP3,MARCHF6,0,0,0.0,0.2903138
DUB|P21580|O95140,DUB|P21580,DUB,P21580,O95140,TNFAIP3,MFN2,0,0,0.0,0.8043152
DUB|Q0WX57|Q9UBS5,DUB|Q0WX57,DUB,Q0WX57,Q9UBS5,USP17L30,GABBR1,0,0,0.0,0.93642193
DUB|Q13107|O15519,DUB|Q13107,DUB,Q13107,O15519,USP4,CFLAR,0,0,0.0,0.2147317
DUB|Q13107|P04234,DUB|Q13107,DUB,Q13107,P04234,USP4,CD3D,0,0,0.0,0.07163366
DUB|Q13107|Q96RJ0,DUB|Q13107,DUB,Q13107,Q96RJ0,USP4,TAAR1,0,0,0.0,0.8975854
DUB|Q13107|O43521,DUB|Q13107,DUB,Q13107,O43521,USP4,BCL2L11,0,0,0.0,0.83158296
DUB|Q13107|Q04771,DUB|Q13107,DUB,Q13107,Q04771,USP4,ACVR1,0,0,0.0,0.09793131
DUB|Q13107|Q16625,DUB|Q13107,DUB,Q13107,Q16625,USP4,OCLN,0,0,0.0,0.06837037
DUB|Q13107|Q9Y570,DUB|Q13107,DUB,Q13107,Q9Y570,USP4,PPME1,0,0,0.0,0.9247803
DUB|Q13107|P36894,DUB|Q13107,DUB,Q13107,P36894,USP4,BMPR1A,0,0,0.0,0.08861277
DUB|Q13107|O95180,DUB|Q13107,DUB,Q13107,O95180,USP4,CACNA1H,0,0,0.0,0.37448636
DUB|Q13107|P04179,DUB|Q13107,DUB,Q13107,P04179,USP4,SOD2,0,0,0.0,0.22560433
DUB|Q13107|O14737,DUB|Q13107,DUB,Q13107,O14737,USP4,PDCD5,0,0,0.0,0.8554083
DUB|Q15040|Q14469,DUB|Q15040,DUB,Q15040,Q14469,JOSD1,HES1,0,0,0.0,0.51033056
DUB|Q15040|Q13619,DUB|Q15040,DUB,Q15040,Q13619,JOSD1,CUL4A,0,0,0.0,0.57507366
DUB|Q15040|P20226,DUB|Q15040,DUB,Q15040,P20226,JOSD1,TBP,0,0,0.0,0.41662762
DUB|Q504Q3|A2AIR5,DUB|Q504Q3,DUB,Q504Q3,A2AIR5,PAN2,Grin3a,0,0,0.0,0.63117135
DUB|Q5VV17|P35228,DUB|Q5VV17,DUB,Q5VV17,P35228,OTUD1,NOS2,0,0,0.0,0.54177773
DUB|Q5VV17|P04150,DUB|Q5VV17,DUB,Q5VV17,P04150,OTUD1,NR3C1,0,0,0.0,0.8769158
DUB|Q5VV17|Q02556,DUB|Q5VV17,DUB,Q5VV17,Q02556,OTUD1,IRF8,0,0,0.0,0.77713305
DUB|Q5VV17|P41134,DUB|Q5VV17,DUB,Q5VV17,P41134,OTUD1,ID1,0,0,0.0,0.7604986
DUB|Q5VV17|Q9HAU4,DUB|Q5VV17,DUB,Q5VV17,Q9HAU4,OTUD1,SMURF2,0,0,0.0,0.7483422
DUB|Q5VV17|O43623,DUB|Q5VV17,DUB,Q5VV17,O43623,OTUD1,SNAI2,0,0,0.0,0.81155103
DUB|Q5VV17|Q05516,DUB|Q5VV17,DUB,Q5VV17,Q05516,OTUD1,ZBTB16,0,0,0.0,0.8239352
DUB|Q5VV17|P40763,DUB|Q5VV17,DUB,Q5VV17,P40763,OTUD1,STAT3,0,0,0.0,0.83987707
DUB|Q5VV17|P08581,DUB|Q5VV17,DUB,Q5VV17,P08581,OTUD1,MET,0,0,0.0,0.12517837
DUB|Q5VV17|P37173,DUB|Q5VV17,DUB,Q5VV17,P37173,OTUD1,TGFBR2,0,0,0.0,0.1598098
DUB|Q5VV17|Q14790,DUB|Q5VV17,DUB,Q5VV17,Q14790,OTUD1,CASP8,0,0,0.0,0.65466595
DUB|Q5VV17|Q13042,DUB|Q5VV17,DUB,Q5VV17,Q13042,OTUD1,CDC16,0,0,0.0,0.86851954
DUB|Q6GQQ9|Q15388,DUB|Q6GQQ9,DUB,Q6GQQ9,Q15388,OTUD7B,TOMM20,0,0,0.0,0.69790125
DUB|Q6GQQ9|P04629,DUB|Q6GQQ9,DUB,Q6GQQ9,P04629,OTUD7B,NTRK1,0,0,0.0,0.6296823
DUB|Q6GQQ9|Q8TB45,DUB|Q6GQQ9,DUB,Q6GQQ9,Q8TB45,OTUD7B,DEPTOR,0,0,0.0,0.73499453
DUB|Q70CQ1|Q03518,DUB|Q70CQ1,DUB,Q70CQ1,Q03518,USP49,TAP1,0,0,0.0,0.09678618
DUB|Q70CQ1|P36894,DUB|Q70CQ1,DUB,Q70CQ1,P36894,USP49,BMPR1A,0,0,0.0,0.119178005
DUB|Q70CQ1|O14737,DUB|Q70CQ1,DUB,Q70CQ1,O14737,USP49,PDCD5,0,0,0.0,0.70954174
DUB|Q86T82|Q99538,DUB|Q86T82,DUB,Q86T82,Q99538,USP37,LGMN,0,0,0.0,0.07135282
DUB|Q86T82|Q9UHD2,DUB|Q86T82,DUB,Q86T82,Q9UHD2,USP37,TBK1,0,0,0.0,0.507474
DUB|Q86T82|Q96CW5,DUB|Q86T82,DUB,Q86T82,Q96CW5,USP37,TUBGCP3,0,0,0.0,0.9403003
DUB|Q86T82|Q86WI3,DUB|Q86T82,DUB,Q86T82,Q86WI3,USP37,NLRC5,0,0,0.0,0.92351985
DUB|Q86T82|P47895,DUB|Q86T82,DUB,Q86T82,P47895,USP37,ALDH1A3,0,0,0.0,0.207891
DUB|Q86T82|Q13114,DUB|Q86T82,DUB,Q86T82,Q13114,USP37,TRAF3,0,0,0.0,0.40567258
DUB|Q86T82|Q8IXI2,DUB|Q86T82,DUB,Q86T82,Q8IXI2,USP37,RHOT1,0,0,0.0,0.103977546
DUB|Q93008|P20226,DUB|Q93008,DUB,Q93008,P20226,USP9X,TBP,0,0,0.0,0.75475866
DUB|Q93008|P04198,DUB|Q93008,DUB,Q93008,P04198,USP9X,MYCN,0,0,0.0,0.77599496
DUB|Q93008|Q8IVP5,DUB|Q93008,DUB,Q93008,Q8IVP5,USP9X,FUNDC1,0,0,0.0,0.21154027
DUB|Q93008|P42261,DUB|Q93008,DUB,Q93008,P42261,USP9X,GRIA1,0,0,0.0,0.15212213
DUB|Q93008|Q9UBS5,DUB|Q93008,DUB,Q93008,Q9UBS5,USP9X,GABBR1,0,0,0.0,0.12213379
DUB|Q93008|Q86TM6,DUB|Q93008,DUB,Q93008,Q86TM6,USP9X,SYVN1,0,0,0.0,0.13172105
DUB|Q93008|P04908,DUB|Q93008,DUB,Q93008,P04908,USP9X,HIST1H2AE,0,0,0.0,0.6569761
DUB|Q93008|P37173,DUB|Q93008,DUB,Q93008,P37173,USP9X,TGFBR2,0,0,0.0,0.12221188
DUB|Q93008|O75444,DUB|Q93008,DUB,Q93008,O75444,USP9X,MAF,0,0,0.0,0.74065655
DUB|Q93008|Q9H4P4,DUB|Q93008,DUB,Q93008,Q9H4P4,USP9X,RNF41,0,0,0.0,0.119433805
DUB|Q93008|P40305,DUB|Q93008,DUB,Q93008,P40305,USP9X,IFI27,0,0,0.0,0.8218647
DUB|Q93008|P04234,DUB|Q93008,DUB,Q93008,P04234,USP9X,CD3D,0,0,0.0,0.09346382
DUB|Q93008|Q9H040,DUB|Q93008,DUB,Q93008,Q9H040,USP9X,SPRTN,0,0,0.0,0.66929704
DUB|Q93008|P78344,DUB|Q93008,DUB,Q93008,P78344,USP9X,EIF4G2,0,0,0.0,0.50190705
DUB|Q93008|P37275,DUB|Q93008,DUB,Q93008,P37275,USP9X,ZEB1,0,0,0.0,0.77614576
DUB|Q93008|Q9UL17,DUB|Q93008,DUB,Q93008,Q9UL17,USP9X,TBX21,0,0,0.0,0.7378412
DUB|Q93008|Q02218,DUB|Q93008,DUB,Q93008,Q02218,USP9X,OGDH,0,0,0.0,0.8461645
DUB|Q93008|Q16777,DUB|Q93008,DUB,Q93008,Q16777,USP9X,HIST2H2AC,0,0,0.0,0.6382307
DUB|Q93008|Q9UGP5,DUB|Q93008,DUB,Q93008,Q9UGP5,USP9X,POLL,0,0,0.0,0.6210229
DUB|Q93008|Q86YC2,DUB|Q93008,DUB,Q93008,Q86YC2,USP9X,PALB2,0,0,0.0,0.74364775
DUB|Q93008|Q9Y253,DUB|Q93008,DUB,Q93008,Q9Y253,USP9X,POLH,0,0,0.0,0.77811635
DUB|Q93008|P26358,DUB|Q93008,DUB,Q93008,P26358,USP9X,DNMT1,0,0,0.0,0.7839109
DUB|Q93008|Q9HCX3,DUB|Q93008,DUB,Q93008,Q9HCX3,USP9X,ZNF304,0,0,0.0,0.8057838
DUB|Q93008|Q04771,DUB|Q93008,DUB,Q93008,Q04771,USP9X,ACVR1,0,0,0.0,0.13220108
DUB|Q93008|P51170,DUB|Q93008,DUB,Q93008,P51170,USP9X,SCNN1G,0,0,0.0,0.09707223
DUB|Q93008|Q05516,DUB|Q93008,DUB,Q93008,Q05516,USP9X,ZBTB16,0,0,0.0,0.8191164
DUB|Q93008|P09467,DUB|Q93008,DUB,Q93008,P09467,USP9X,FBP1,0,0,0.0,0.69016534
DUB|Q93008|Q02246,DUB|Q93008,DUB,Q93008,Q02246,USP9X,CNTN2,0,0,0.0,0.38440028
DUB|Q93008|Q14669,DUB|Q93008,DUB,Q93008,Q14669,USP9X,TRIP12,0,0,0.0,0.7889807
DUB|Q93008|Q15233,DUB|Q93008,DUB,Q93008,Q15233,USP9X,NONO,0,0,0.0,0.76944894
DUB|Q93008|P55085,DUB|Q93008,DUB,Q93008,P55085,USP9X,F2RL1,0,0,0.0,0.10000893
DUB|Q93008|Q9Y294,DUB|Q93008,DUB,Q93008,Q9Y294,USP9X,ASF1A,0,0,0.0,0.7279412
DUB|Q93008|Q6FI13,DUB|Q93008,DUB,Q93008,Q6FI13,USP9X,HIST2H2AA4,0,0,0.0,0.6509446
DUB|Q93008|P24864,DUB|Q93008,DUB,Q93008,P24864,USP9X,CCNE1,0,0,0.0,0.7769896
DUB|Q93008|Q9UKV5,DUB|Q93008,DUB,Q93008,Q9UKV5,USP9X,AMFR,0,0,0.0,0.11278445
DUB|Q93008|P29274,DUB|Q93008,DUB,Q93008,P29274,USP9X,ADORA2A,0,0,0.0,0.12277493
DUB|Q93008|P16104,DUB|Q93008,DUB,Q93008,P16104,USP9X,H2AFX,0,0,0.0,0.64761585
DUB|Q93008|Q15388,DUB|Q93008,DUB,Q93008,Q15388,USP9X,TOMM20,0,0,0.0,0.8376104
DUB|Q93008|Q8N4S9,DUB|Q93008,DUB,Q93008,Q8N4S9,USP9X,MARVELD2,0,0,0.0,0.09955115
DUB|Q93008|Q99708,DUB|Q93008,DUB,Q93008,Q99708,USP9X,RBBP8,0,0,0.0,0.7186755
DUB|Q96BN8|Q9UIF9,DUB|Q96BN8,DUB,Q96BN8,Q9UIF9,OTULIN,BAZ2A,0,0,0.0,0.4681942
DUB|Q96FW1|P04198,DUB|Q96FW1,DUB,Q96FW1,P04198,OTUB1,MYCN,0,0,0.0,0.8955199
DUB|Q96FW1|P08581,DUB|Q96FW1,DUB,Q96FW1,P08581,OTUB1,MET,0,0,0.0,0.09729045
DUB|Q96FW1|P35354,DUB|Q96FW1,DUB,Q96FW1,P35354,OTUB1,PTGS2,0,0,0.0,0.53893197
DUB|Q96FW1|P23771,DUB|Q96FW1,DUB,Q96FW1,P23771,OTUB1,GATA3,0,0,0.0,0.7802295
DUB|Q96FW1|P0C0S8,DUB|Q96FW1,DUB,Q96FW1,P0C0S8,OTUB1,HIST1H2AM,0,0,0.0,0.78601676
DUB|Q96FW1|Q9BZK7,DUB|Q96FW1,DUB,Q96FW1,Q9BZK7,OTUB1,TBL1XR1,0,0,0.0,0.8796783
DUB|Q96FW1|Q03518,DUB|Q96FW1,DUB,Q96FW1,Q03518,OTUB1,TAP1,0,0,0.0,0.08837654
DUB|Q96FW1|P62807,DUB|Q96FW1,DUB,Q96FW1,P62807,OTUB1,HIST1H2BI,0,0,0.0,0.73685825
DUB|Q96FW1|Q13887,DUB|Q96FW1,DUB,Q96FW1,Q13887,OTUB1,KLF5,0,0,0.0,0.8538325
DUB|Q96FW1|Q86TM6,DUB|Q96FW1,DUB,Q96FW1,Q86TM6,OTUB1,SYVN1,0,0,0.0,0.11356044
DUB|Q96FW1|P0C0S5,DUB|Q96FW1,DUB,Q96FW1,P0C0S5,OTUB1,H2AFZ,0,0,0.0,0.21686919
DUB|Q9C040|Q8NAP3,DUB|Q9C040,DUB,Q9C040,Q8NAP3,TRIM2,ZBTB38,0,0,0.0,0.34492308
DUB|Q9C040|P28562,DUB|Q9C040,DUB,Q9C040,P28562,TRIM2,DUSP1,0,0,0.0,0.55063707
DUB|Q9H0E7|Q9Y256,DUB|Q9H0E7,DUB,Q9H0E7,Q9Y256,USP44,RCE1,0,0,0.0,0.11626692
DUB|Q9H0E7|P05556,DUB|Q9H0E7,DUB,Q9H0E7,P05556,USP44,ITGB1,0,0,0.0,0.08633325
DUB|Q9H0E7|Q9H5J4,DUB|Q9H0E7,DUB,Q9H0E7,Q9H5J4,USP44,ELOVL6,0,0,0.0,0.68519574
DUB|Q9H9J4|Q16204,DUB|Q9H9J4,DUB,Q9H9J4,Q16204,USP42,CCDC6,0,0,0.0,0.8810256
DUB|Q9H9J4|O15151,DUB|Q9H9J4,DUB,Q9H9J4,O15151,USP42,MDM4,0,0,0.0,0.8507884
DUB|Q9H9J4|P30304,DUB|Q9H9J4,DUB,Q9H9J4,P30304,USP42,CDC25A,0,0,0.0,0.86300707
DUB|Q9H9J4|P23771,DUB|Q9H9J4,DUB,Q9H9J4,P23771,USP42,GATA3,0,0,0.0,0.7981625
DUB|Q9H9J4|Q9P2Y5,DUB|Q9H9J4,DUB,Q9H9J4,Q9P2Y5,USP42,UVRAG,0,0,0.0,0.32404163
DUB|Q9H9J4|Q12888,DUB|Q9H9J4,DUB,Q9H9J4,Q12888,USP42,TP53BP1,0,0,0.0,0.7805725
E3|A6NNE9|P01730,E3|A6NNE9,E3,A6NNE9,P01730,MARCHF11,CD4,1,1,1.0,0.7594621
E3|O14543|O60674,E3|O14543,E3,O14543,O60674,SOCS3,JAK2,1,1,1.0,0.6685516
E3|O14543|P35568,E3|O14543,E3,O14543,P35568,SOCS3,IRS1,1,1,1.0,0.8035849
E3|O14543|P40189,E3|O14543,E3,O14543,P40189,SOCS3,IL6ST,1,1,1.0,0.37978768
E3|O14543|Q9Y286,E3|O14543,E3,O14543,Q9Y286,SOCS3,SIGLEC7,1,1,1.0,0.5195081
E3|O14543|Q9Y4H2,E3|O14543,E3,O14543,Q9Y4H2,SOCS3,IRS2,1,1,1.0,0.71347845
E3|O15164|P04637,E3|O15164,E3,O15164,P04637,TRIM24,TP53,1,1,1.0,0.9679698
E3|O15164|Q13114,E3|O15164,E3,O15164,Q13114,TRIM24,TRAF3,1,1,1.0,0.8167752
E3|O15344|P51668,E3|O15344,E3,O15344,P51668,MID1,UBE2D1,1,1,1.0,0.83005834
E3|O15344|P54829,E3|O15344,E3,O15344,P54829,MID1,STK36,1,1,1.0,0.8877204
E3|O15344|P62714,E3|O15344,E3,O15344,P62714,MID1,PPP2CB,1,1,1.0,0.89129514
E3|O15344|P67775,E3|O15344,E3,O15344,P67775,MID1,PPP2CA,1,1,1.0,0.89477617
E3|O15344|P78318,E3|O15344,E3,O15344,P78318,MID1,IGBP1,1,1,1.0,0.8956325
E3|O15344|Q14653,E3|O15344,E3,O15344,Q14653,MID1,IRF3,1,1,1.0,0.9583168
E3|O15344|Q9NRP7,E3|O15344,E3,O15344,Q9NRP7,MID1,PPP2R4,1,1,1.0,0.89709336
E3|O15524|O60674,E3|O15524,E3,O15524,O60674,SOCS1,JAK2,1,1,1.0,0.7883398
E3|O15524|P07948,E3|O15524,E3,O15524,P07948,SOCS1,LYN,1,1,1.0,0.9094184
E3|O15524|P15498,E3|O15524,E3,O15524,P15498,SOCS1,VAV1,1,1,1.0,0.7173584
E3|O15524|P23458,E3|O15524,E3,O15524,P23458,SOCS1,JAK1,1,1,1.0,0.793208
E3|O15524|P35568,E3|O15524,E3,O15524,P35568,SOCS1,IRS1,1,1,1.0,0.6851306
E3|O15524|Q04206,E3|O15524,E3,O15524,Q04206,SOCS1,RELA,1,1,1.0,0.2213098
E3|O15524|Q9Y4H2,E3|O15524,E3,O15524,Q9Y4H2,SOCS1,IRS2,1,1,1.0,0.76094353
E3|O43734|Q9Y4K3,E3|O43734,E3,O43734,Q9Y4K3,TRAF3IP2,TRAF6,1,1,1.0,0.8600012
E3|O60260|O00429,E3|O60260,E3,O60260,O00429,PARK2,DNM1L,1,1,1.0,0.9339929
E3|O60260|O15354,E3|O60260,E3,O60260,O15354,PARK2,GPR37,1,1,1.0,0.6116149
E3|O60260|O43175,E3|O60260,E3,O60260,O43175,PRKN,PHGDH,1,1,1.0,0.6645317
E3|O60260|O43236,E3|O60260,E3,O60260,O43236,PRKN,SEPTIN4,1,1,1.0,0.7848762
E3|O60260|O60260,E3|O60260,E3,O60260,O60260,PARK2,PARK2,1,1,1.0,0.9627449
E3|O60260|O60883,E3|O60260,E3,O60260,O60883,PRKN,GPR37L1,1,1,1.0,0.5742992
E3|O60260|O95140,E3|O60260,E3,O60260,O95140,PRKN,MFN2,1,1,1.0,0.8765644
E3|O60260|O95147,E3|O60260,E3,O60260,O95147,PARK2,NEK2,1,1,1.0,0.7065115
E3|O60260|O96020,E3|O60260,E3,O60260,O96020,PRKN,CCNE2,1,1,1.0,0.7823743
E3|O60260|P07437,E3|O60260,E3,O60260,P07437,PARK2,TUBB,1,1,1.0,0.95306146
E3|O60260|P08247,E3|O60260,E3,O60260,P08247,PRKN,SYP,1,1,1.0,0.8152661
E3|O60260|P09936,E3|O60260,E3,O60260,P09936,PRKN,UCHL1,1,1,1.0,0.9375077
E3|O60260|P10415,E3|O60260,E3,O60260,P10415,PRKN,BCL2,1,1,1.0,0.92650115
E3|O60260|P14635,E3|O60260,E3,O60260,P14635,PRKN,CCNB1,1,1,1.0,0.96899813
E3|O60260|P19174,E3|O60260,E3,O60260,P19174,PRKN,PLCG1,1,1,1.0,0.6538114
E3|O60260|P19367,E3|O60260,E3,O60260,P19367,PRKN,HK1,1,1,1.0,0.91141915
E3|O60260|P21796,E3|O60260,E3,O60260,P21796,PRKN,VDAC1,1,1,1.0,0.8653727
E3|O60260|P21860,E3|O60260,E3,O60260,P21860,PRKN,ERBB3,1,1,1.0,0.86904
E3|O60260|P24864,E3|O60260,E3,O60260,P24864,PARK2,CCNE1,1,1,1.0,0.53220433
E3|O60260|P37840,E3|O60260,E3,O60260,P37840,PARK2,SNCA,1,1,1.0,0.92012715
E3|O60260|P42566,E3|O60260,E3,O60260,P42566,PARK2,EPS15,1,1,1.0,0.8701992
E3|O60260|P46527,E3|O60260,E3,O60260,P46527,PARK2,HSD17B10,1,1,1.0,0.93904
E3|O60260|P46937,E3|O60260,E3,O60260,P46937,PRKN,YAP1,1,1,1.0,0.9695239
E3|O60260|P49792,E3|O60260,E3,O60260,P49792,PARK2,RANBP2,1,1,1.0,0.83358926
E3|O60260|P51955,E3|O60260,E3,O60260,P51955,PRKN,NEK2,1,1,1.0,0.80661726
E3|O60260|P53667,E3|O60260,E3,O60260,P53667,PARK2,LIMK1,1,1,1.0,0.9242316
E3|O60260|P54252,E3|O60260,E3,O60260,P54252,PRKN,ATXN3,1,1,1.0,0.929535
E3|O60260|P54829,E3|O60260,E3,O60260,P54829,PRKN,PTPN5,1,1,1.0,0.93551975
E3|O60260|P55036,E3|O60260,E3,O60260,P55036,PARK2,PSMD4,1,1,1.0,0.8033698
E3|O60260|P68363,E3|O60260,E3,O60260,P68363,PRKN,TUBA1B,1,1,1.0,0.9526408
E3|O60260|Q07812,E3|O60260,E3,O60260,Q07812,PRKN,BAX,1,1,1.0,0.958672
E3|O60260|Q07817,E3|O60260,E3,O60260,Q07817,PRKN,BCL2L1,1,1,1.0,0.9440281
E3|O60260|Q13148,E3|O60260,E3,O60260,Q13148,PRKN,TARDBP,1,1,1.0,0.9477793
E3|O60260|Q13155,E3|O60260,E3,O60260,Q13155,PARK2,AIMP2,1,1,1.0,0.82692575
E3|O60260|Q13501,E3|O60260,E3,O60260,Q13501,PRKN,SQSTM1,1,1,1.0,0.96012247
E3|O60260|Q14190,E3|O60260,E3,O60260,Q14190,PARK2,SIM2,1,1,1.0,0.64152235
E3|O60260|Q15303,E3|O60260,E3,O60260,Q15303,PRKN,ERBB4,1,1,1.0,0.95569336
E3|O60260|Q15388,E3|O60260,E3,O60260,Q15388,PRKN,TOMM20,1,1,1.0,0.9390554
E3|O60260|Q16342,E3|O60260,E3,O60260,Q16342,PRKN,PDCD2,1,1,1.0,0.7968908
E3|O60260|Q16665,E3|O60260,E3,O60260,Q16665,PRKN,HIF1A,1,1,1.0,0.6946372
E3|O60260|Q6NUN9,E3|O60260,E3,O60260,Q6NUN9,PARK2,ZNF746,1,1,1.0,0.6878323
E3|O60260|Q70CQ3,E3|O60260,E3,O60260,Q70CQ3,PRKN,USP30,1,1,1.0,0.80088025
E3|O60260|Q8IWA4,E3|O60260,E3,O60260,Q8IWA4,PARK2,MFN1,1,1,1.0,0.827161
E3|O60260|Q8IXI1,E3|O60260,E3,O60260,Q8IXI1,PRKN,RHOT2,1,1,1.0,0.93141305
E3|O60260|Q8IXI2,E3|O60260,E3,O60260,Q8IXI2,PRKN,RHOT1,1,1,1.0,0.8003734
E3|O60260|Q92844,E3|O60260,E3,O60260,Q92844,PRKN,TANK,1,1,1.0,0.82961094
E3|O60260|Q96AE4,E3|O60260,E3,O60260,Q96AE4,PRKN,FUBP1,1,1,1.0,0.7502585
E3|O60260|Q96P20,E3|O60260,E3,O60260,Q96P20,PRKN,NLRP3,1,1,1.0,0.9482596
E3|O60260|Q96QK1,E3|O60260,E3,O60260,Q96QK1,PRKN,VPS35,1,1,1.0,0.9352387
E3|O60260|Q99497,E3|O60260,E3,O60260,Q99497,PARK2,PARK7,1,1,1.0,0.9330403
E3|O60260|Q99648,E3|O60260,E3,O60260,Q99648,PRKN,CDCrel-1,1,1,1.0,0.3072421
E3|O60260|Q99714,E3|O60260,E3,O60260,Q99714,PARK2,PTPN5,1,1,1.0,0.76783663
E3|O60260|Q99719,E3|O60260,E3,O60260,Q99719,PARK2,PRKN,1,1,1.0,0.8885233
E3|O60260|Q99962,E3|O60260,E3,O60260,Q99962,PRKN,SH3GL2,1,1,1.0,0.8084082
E3|O60260|Q99963,E3|O60260,E3,O60260,Q99963,PRKN,SH3GL3,1,1,1.0,0.85542244
E3|O60260|Q9BT88,E3|O60260,E3,O60260,Q9BT88,PRKN,SYT11,1,1,1.0,0.85357213
E3|O60260|Q9BXM7,E3|O60260,E3,O60260,Q9BXM7,PARK2,PINK1,1,1,1.0,0.94120646
E3|O60260|Q9NRD5,E3|O60260,E3,O60260,Q9NRD5,PARK2,PICK1,1,1,1.0,0.9051209
E3|O60260|Q9NX09,E3|O60260,E3,O60260,Q9NX09,PRKN,DDIT4,1,1,1.0,0.8948175
E3|O60260|Q9NZ45,E3|O60260,E3,O60260,Q9NZ45,PRKN,CISD1,1,1,1.0,0.85445344
E3|O60260|Q9UNE7,E3|O60260,E3,O60260,Q9UNE7,PRKN,STUB1,1,1,1.0,0.9567808
E3|O60260|Q9UNN5,E3|O60260,E3,O60260,Q9UNN5,PRKN,FAF1,1,1,1.0,0.87250346
E3|O60260|Q9Y4K3,E3|O60260,E3,O60260,Q9Y4K3,PRKN,TRAF6,1,1,1.0,0.83971334
E3|O60260|Q9Y6H5,E3|O60260,E3,O60260,Q9Y6H5,PARK2,SNCAIP,1,1,1.0,0.80111897
E3|O60260|Q9Y6K9,E3|O60260,E3,O60260,Q9Y6K9,PARK2,IKBKG,1,1,1.0,0.808128
E3|O75382|P04637,E3|O75382,E3,O75382,P04637,TRIM3,TP53,1,1,1.0,0.8842533
E3|O75382|Q14457,E3|O75382,E3,O75382,Q14457,TRIM3,BECN1,1,1,1.0,0.8651256
E3|O75382|Q5VSY0,E3|O75382,E3,O75382,Q5VSY0,TRIM3,GKAP1,1,1,1.0,0.8906758
E3|O94889|O14965,E3|O94889,E3,O94889,O14965,KLHL18,AURKA,1,1,1.0,0.61425924
E3|O95630|Q96P20,E3|O95630,E3,O95630,Q96P20,STAMBP,NLRP3,1,1,1.0,0.90108913
E3|O95835|Q14457,E3|O95835,E3,O95835,Q14457,LATS1,BECN1,1,1,1.0,0.91292125
E3|P10523|P05412,E3|P10523,E3,P10523,P05412,SAG,JUN,1,1,1.0,0.16802388
E3|P10523|P21359,E3|P10523,E3,P10523,P21359,SAG,NF1,1,1,1.0,0.777982
E3|P10523|P25963,E3|P10523,E3,P10523,P25963,SAG,NFKBIA,1,1,1.0,0.33161843
E3|P10523|P46527,E3|P10523,E3,P10523,P46527,SAG,CDKN1B,1,1,1.0,0.70601755
E3|P10523|P49427,E3|P10523,E3,P10523,P49427,SAG,CDC34,1,1,1.0,0.3983903
E3|P10523|Q13794,E3|P10523,E3,P10523,Q13794,SAG,PMAIP1,1,1,1.0,0.7447046
E3|P10523|Q16665,E3|P10523,E3,P10523,Q16665,SAG,HIF1A,1,1,1.0,0.23699267
E3|P10523|Q8TB45,E3|P10523,E3,P10523,Q8TB45,SAG,DEPTOR,1,1,1.0,0.7372242
E3|P15918|C9JYI4,E3|P15918,E3,P15918,C9JYI4,RAG1,KPNA1,1,1,1.0,0.7159463
E3|P15918|P15918,E3|P15918,E3,P15918,P15918,RAG1,RAG1,1,1,1.0,0.8752861
E3|P15918|P52292,E3|P15918,E3,P15918,P52292,RAG1,KPNA2,1,1,1.0,0.8141787
E3|P15918|P52294,E3|P15918,E3,P15918,P52294,RAG1,KPNA1,1,1,1.0,0.43871522
E3|P15918|Q16695,E3|P15918,E3,P15918,Q16695,RAG1,H3-4,1,1,1.0,0.43871522
E3|P21580|P21580,E3|P21580,E3,P21580,P21580,TNFAIP3,TNFAIP3,1,1,1.0,0.9590295
E3|P21580|Q13546,E3|P21580,E3,P21580,Q13546,TNFAIP3,RIPK1,1,1,1.0,0.9475059
E3|P21580|Q9H4P4,E3|P21580,E3,P21580,Q9H4P4,TNFAIP3,RNF41,1,1,1.0,0.8359529
E3|P21580|Q9NR96,E3|P21580,E3,P21580,Q9NR96,TNFAIP3,TLR9,1,1,1.0,0.91877455
E3|P22681|O14964,E3|P22681,E3,P22681,O14964,CBL,HGS,1,1,1.0,0.9269938
E3|P22681|O43521,E3|P22681,E3,P22681,O43521,CBL,BCL2L11,1,1,1.0,0.6671579
E3|P22681|O43597,E3|P22681,E3,P22681,O43597,CBL,SPRY2,1,1,1.0,0.849759
E3|P22681|O94875,E3|P22681,E3,P22681,O94875,CBL,SORBS2,1,1,1.0,0.9103315
E3|P22681|O95644,E3|P22681,E3,P22681,O95644,CBL,NFATC1,1,1,1.0,0.24907349
E3|P22681|P00519,E3|P22681,E3,P22681,P00519,CBL,ABL1,1,1,1.0,0.67507356
E3|P22681|P00533,E3|P22681,E3,P22681,P00533,CBL,EGFR,1,1,1.0,0.92103916
E3|P22681|P04085,E3|P22681,E3,P22681,P04085,CBL,PDGFA,1,1,1.0,0.90034056
E3|P22681|P04271,E3|P22681,E3,P22681,P04271,CBL,S100B,1,1,1.0,0.74727446
E3|P22681|P04626,E3|P22681,E3,P22681,P04626,CBL,ERBB2,1,1,1.0,0.915873
E3|P22681|P06127,E3|P22681,E3,P22681,P06127,CBL,CD5,1,1,1.0,0.8960771
E3|P22681|P06239,E3|P22681,E3,P22681,P06239,CBL,LCK,1,1,1.0,0.95703304
E3|P22681|P06241,E3|P22681,E3,P22681,P06241,CBL,FYN,1,1,1.0,0.9218482
E3|P22681|P07333,E3|P22681,E3,P22681,P07333,CBL,CSF1R,1,1,1.0,0.94406515
E3|P22681|P07947,E3|P22681,E3,P22681,P07947,CBL,YES1,1,1,1.0,0.91586787
E3|P22681|P07948,E3|P22681,E3,P22681,P07948,CBL,LYN,1,1,1.0,0.92761296
E3|P22681|P08069,E3|P22681,E3,P22681,P08069,CBL,IGF1R,1,1,1.0,0.9050709
E3|P22681|P08138,E3|P22681,E3,P22681,P08138,CBL,NGFR,1,1,1.0,0.9005657
E3|P22681|P08581,E3|P22681,E3,P22681,P08581,CBL,MET,1,1,1.0,0.88624364
E3|P22681|P08648,E3|P22681,E3,P22681,P08648,CBL,ITGA5,1,1,1.0,0.90413123
E3|P22681|P09619,E3|P22681,E3,P22681,P09619,CBL,PDGFRB,1,1,1.0,0.92092437
E3|P22681|P09769,E3|P22681,E3,P22681,P09769,CBL,FGR,1,1,1.0,0.9010409
E3|P22681|P10721,E3|P22681,E3,P22681,P10721,CBL,KIT,1,1,1.0,0.9045926
E3|P22681|P11274,E3|P22681,E3,P22681,P11274,CBL,BCR,1,1,1.0,0.6528568
E3|P22681|P11362,E3|P22681,E3,P22681,P11362,CBL,FGFR1,1,1,1.0,0.9212408
E3|P22681|P12318,E3|P22681,E3,P22681,P12318,CBL,FCGR2A,1,1,1.0,0.90277433
E3|P22681|P12931,E3|P22681,E3,P22681,P12931,CBL,SRC,1,1,1.0,0.872927
E3|P22681|P13569,E3|P22681,E3,P22681,P13569,CBL,CFTR,1,1,1.0,0.9168835
E3|P22681|P15498,E3|P22681,E3,P22681,P15498,CBL,VAV1,1,1,1.0,0.67317003
E3|P22681|P16234,E3|P22681,E3,P22681,P16234,CBL,PDGFRA,1,1,1.0,0.88662964
E3|P22681|P17948,E3|P22681,E3,P22681,P17948,CBL,FLT1,1,1,1.0,0.9185024
E3|P22681|P19174,E3|P22681,E3,P22681,P19174,CBL,PLCG1,1,1,1.0,0.8162933
E3|P22681|P21802,E3|P22681,E3,P22681,P21802,CBL,FGFR2,1,1,1.0,0.9041868
E3|P22681|P22455,E3|P22681,E3,P22681,P22455,CBL,FGFR4,1,1,1.0,0.88359874
E3|P22681|P22607,E3|P22681,E3,P22681,P22607,CBL,FGFR3,1,1,1.0,0.9194477
E3|P22681|P27986,E3|P22681,E3,P22681,P27986,CBL,PIK3R1,1,1,1.0,0.7612808
E3|P22681|P29317,E3|P22681,E3,P22681,P29317,CBL,EPHA2,1,1,1.0,0.9027165
E3|P22681|P29322,E3|P22681,E3,P22681,P29322,CBL,EPHA8,1,1,1.0,0.89820755
E3|P22681|P31785,E3|P22681,E3,P22681,P31785,CBL,IL2RG,1,1,1.0,0.8925896
E3|P22681|P35222,E3|P22681,E3,P22681,P35222,CBL,CTNNB1,1,1,1.0,0.61960393
E3|P22681|P35968,E3|P22681,E3,P22681,P35968,CBL,KDR,1,1,1.0,0.9192276
E3|P22681|P40189,E3|P22681,E3,P22681,P40189,CBL,IL6ST,1,1,1.0,0.9398117
E3|P22681|P40238,E3|P22681,E3,P22681,P40238,CBL,MPL,1,1,1.0,0.8938888
E3|P22681|P42229,E3|P22681,E3,P22681,P42229,CBL,STAT5A,1,1,1.0,0.5058552
E3|P22681|P42345,E3|P22681,E3,P22681,P42345,CBL,MTOR,1,1,1.0,0.8901568
E3|P22681|P43403,E3|P22681,E3,P22681,P43403,CBL,ZAP70,1,1,1.0,0.8517251
E3|P22681|P43405,E3|P22681,E3,P22681,P43405,CBL,SYK,1,1,1.0,0.9180556
E3|P22681|P46109,E3|P22681,E3,P22681,P46109,CBL,CRKL,1,1,1.0,0.68108225
E3|P22681|P48736,E3|P22681,E3,P22681,P48736,CBL,PIK3CG,1,1,1.0,0.92539394
E3|P22681|P51692,E3|P22681,E3,P22681,P51692,CBL,STAT5B,1,1,1.0,0.8254675
E3|P22681|P54762,E3|P22681,E3,P22681,P54762,CBL,EPHB1,1,1,1.0,0.908167
E3|P22681|P55085,E3|P22681,E3,P22681,P55085,CBL,F2RL1,1,1,1.0,0.88676286
E3|P22681|Q02556,E3|P22681,E3,P22681,Q02556,CBL,IRF8,1,1,1.0,0.24760951
E3|P22681|Q02763,E3|P22681,E3,P22681,Q02763,CBL,TEK,1,1,1.0,0.91295016
E3|P22681|Q04912,E3|P22681,E3,P22681,Q04912,CBL,MST1R,1,1,1.0,0.7674498
E3|P22681|Q14155,E3|P22681,E3,P22681,Q14155,CBL,ARHGEF7,1,1,1.0,0.9000559
E3|P22681|Q7Z698,E3|P22681,E3,P22681,Q7Z698,CBL,SPRED2,1,1,1.0,0.89523023
E3|P22681|Q8TBZ2,E3|P22681,E3,P22681,Q8TBZ2,CBL,MYCBPAP,1,1,1.0,0.4768338
E3|P22681|Q8WU20,E3|P22681,E3,P22681,Q8WU20,CBL,FRS2,1,1,1.0,0.8536048
E3|P22681|Q96B97,E3|P22681,E3,P22681,Q96B97,CBL,SH3KBP1,1,1,1.0,0.7537086
E3|P22681|Q96JA1,E3|P22681,E3,P22681,Q96JA1,CBL,LRIG1,1,1,1.0,0.8902345
E3|P22681|Q96P20,E3|P22681,E3,P22681,Q96P20,CBL,NLRP3,1,1,1.0,0.8542492
E3|P22681|Q9UGK3,E3|P22681,E3,P22681,Q9UGK3,CBL,STAP2,1,1,1.0,0.90172327
E3|P22681|Q9UM73,E3|P22681,E3,P22681,Q9UM73,CBL,ALK,1,1,1.0,0.91986305
E3|P29372|P04554,E3|P29372,E3,P29372,P04554,MPG,PRM2,1,1,1.0,0.8509358
E3|P29372|P51668,E3|P29372,E3,P29372,P51668,MPG,UBE2D1,1,1,1.0,0.8368068
E3|P29372|P62714,E3|P29372,E3,P29372,P62714,MPG,PPP2CB,1,1,1.0,0.8870407
E3|P29372|P67775,E3|P29372,E3,P29372,P67775,MPG,PPP2CA,1,1,1.0,0.8721817
E3|P29372|P78318,E3|P29372,E3,P29372,P78318,MPG,IGBP1,1,1,1.0,0.86039054
E3|P29372|Q15257,E3|P29372,E3,P29372,Q15257,MPG,PTPA,1,1,1.0,0.7616733
E3|P29372|Q9NRP7,E3|P29372,E3,P29372,Q9NRP7,MPG,STK36,1,1,1.0,0.886085
E3|P29372|Q9P0W2,E3|P29372,E3,P29372,Q9P0W2,MPG,HMG20B,1,1,1.0,0.7649909
E3|P41002|O43303,E3|P41002,E3,P41002,O43303,CCNF,CCP110,1,1,1.0,0.81086224
E3|P41002|P31350,E3|P41002,E3,P41002,P31350,CCNF,RRM2,1,1,1.0,0.5560999
E3|P41002|Q99741,E3|P41002,E3,P41002,Q99741,CCNF,CDC6,1,1,1.0,0.73215
E3|P48742|P53667,E3|P48742,E3,P48742,P53667,LHX1,LIMK1,1,1,1.0,0.50736696
E3|P62253|O60337,E3|P62253,E3,P62253,O60337,UBE2G1,MARCHF6,1,1,1.0,0.20178209
E3|P62877|P03372,E3|P62877,E3,P62877,P03372,RBX1,ESR1,1,1,1.0,0.940057
E3|P62877|P23443,E3|P62877,E3,P62877,P23443,RBX1,RPS6KB1,1,1,1.0,0.89519745
E3|P62877|P24928,E3|P62877,E3,P62877,P24928,RBX1,POLR2A,1,1,1.0,0.94097555
E3|P62877|Q16236,E3|P62877,E3,P62877,Q16236,RBX1,NFE2L2,1,1,1.0,0.9314768
E3|P62877|Q9UMX1,E3|P62877,E3,P62877,Q9UMX1,RBX1,SUFU,1,1,1.0,0.92924184
E3|P90489|P01889,E3|P90489,E3,P90489,P01889,K5,HLA-B,1,1,1.0,0.21433648
E3|P90489|P05362,E3|P90489,E3,P90489,P05362,K5,ICAM1,1,1,1.0,0.31525785
E3|P90489|P15260,E3|P90489,E3,P90489,P15260,K5,IFNGR1,1,1,1.0,0.20536299
E3|P90489|P15813,E3|P90489,E3,P90489,P15813,K5,CD1D,1,1,1.0,0.6624708
E3|P90489|P16284,E3|P90489,E3,P90489,P16284,K5,PECAM1,1,1,1.0,0.20568238
E3|P90489|P42081,E3|P90489,E3,P90489,P42081,K5,CD86,1,1,1.0,0.2164084
E3|P90489|Q10589,E3|P90489,E3,P90489,Q10589,K5,BST2,1,1,1.0,0.20478669
E3|P90489|Q13740,E3|P90489,E3,P90489,Q13740,K5,ALCAM,1,1,1.0,0.20575707
E3|Q05086|O00327,E3|Q05086,E3,Q05086,O00327,UBE3A,ARNTL,1,1,1.0,0.9169046
E3|Q05086|O15145,E3|Q05086,E3,Q05086,O15145,UBE3A,ARPC3,1,1,1.0,0.7912783
E3|Q05086|O43166,E3|Q05086,E3,Q05086,O43166,UBE3A,SIPA1L1,1,1,1.0,0.9656423
E3|Q05086|P03372,E3|Q05086,E3,Q05086,P03372,UBE3A,ESR1,1,1,1.0,0.91916466
E3|Q05086|P04083,E3|Q05086,E3,Q05086,P04083,UBE3A,ANXA1,1,1,1.0,0.87865365
E3|Q05086|P04271,E3|Q05086,E3,Q05086,P04271,UBE3A,S100B,1,1,1.0,0.8570015
E3|Q05086|P04637,E3|Q05086,E3,Q05086,P04637,UBE3A,TP53,1,1,1.0,0.96627474
E3|Q05086|P06400,E3|Q05086,E3,Q05086,P06400,UBE3A,RB1,1,1,1.0,0.92860025
E3|Q05086|P06733,E3|Q05086,E3,Q05086,P06733,UBE3A,ENO1,1,1,1.0,0.8055129
E3|Q05086|P26045,E3|Q05086,E3,Q05086,P26045,UBE3A,PTPN3,1,1,1.0,0.9286374
E3|Q05086|P29590,E3|Q05086,E3,Q05086,P29590,UBE3A,PML,1,1,1.0,0.93052864
E3|Q05086|P33993,E3|Q05086,E3,Q05086,P33993,UBE3A,MCM7,1,1,1.0,0.90193444
E3|Q05086|P37840,E3|Q05086,E3,Q05086,P37840,UBE3A,SNCA,1,1,1.0,0.34707218
E3|Q05086|P46527,E3|Q05086,E3,Q05086,P46527,UBE3A,CDKN1B,1,1,1.0,0.778197
E3|Q05086|P49715,E3|Q05086,E3,Q05086,P49715,UBE3A,CEBPA,1,1,1.0,0.9145748
E3|Q05086|P49815,E3|Q05086,E3,Q05086,P49815,UBE3A,TSC2,1,1,1.0,0.2961292
E3|Q05086|P51451,E3|Q05086,E3,Q05086,P51451,UBE3A,BLK,1,1,1.0,0.80570865
E3|Q05086|P54725,E3|Q05086,E3,Q05086,P54725,UBE3A,RAD23A,1,1,1.0,0.67787665
E3|Q05086|P54727,E3|Q05086,E3,Q05086,P54727,UBE3A,RAD23B,1,1,1.0,0.9409271
E3|Q05086|P54821,E3|Q05086,E3,Q05086,P54821,UBE3A,PRRX1,1,1,1.0,0.9021972
E3|Q05086|P55036,E3|Q05086,E3,Q05086,P55036,UBE3A,PSMD4,1,1,1.0,0.9255883
E3|Q05086|P78352,E3|Q05086,E3,Q05086,P78352,UBE3A,DLG4,1,1,1.0,0.12317612
E3|Q05086|Q05086,E3|Q05086,E3,Q05086,Q05086,UBE3A,UBE3A,1,1,1.0,0.9568599
E3|Q05086|Q06830,E3|Q05086,E3,Q05086,Q06830,UBE3A,PRDX1,1,1,1.0,0.7878524
E3|Q05086|Q12959,E3|Q05086,E3,Q05086,Q12959,UBE3A,DLG1,1,1,1.0,0.1784798
E3|Q05086|Q14160,E3|Q05086,E3,Q05086,Q14160,UBE3A,SCRIB,1,1,1.0,0.23900671
E3|Q05086|Q15257,E3|Q05086,E3,Q05086,Q15257,UBE3A,PTPA,1,1,1.0,0.66809565
E3|Q05086|Q15334,E3|Q05086,E3,Q05086,Q15334,UBE3A,LLGL1,1,1,1.0,0.674264
E3|Q05086|Q16611,E3|Q05086,E3,Q05086,Q16611,UBE3A,BAK1,1,1,1.0,0.37028426
E3|Q05086|Q8IXH7,E3|Q05086,E3,Q05086,Q8IXH7,UBE3A,NELFCD,1,1,1.0,0.8839713
E3|Q05086|Q8WTU0,E3|Q05086,E3,Q05086,Q8WTU0,UBE3A,DDI1,1,1,1.0,0.8624842
E3|Q05086|Q9HD26,E3|Q05086,E3,Q05086,Q9HD26,UBE3A,GOPC,1,1,1.0,0.66584295
E3|Q05086|Q9Y5K5,E3|Q05086,E3,Q05086,Q9Y5K5,UBE3A,UCHL5,1,1,1.0,0.860085
E3|Q05086|Q9Y6Q9,E3|Q05086,E3,Q05086,Q9Y6Q9,UBE3A,NCOA3,1,1,1.0,0.92238915
E3|Q07869|P10415,E3|Q07869,E3,Q07869,P10415,PPARA,BCL2,1,1,1.0,0.21766932
E3|Q13829|P61586,E3|Q13829,E3,Q13829,P61586,TNFAIP1,RHOA,1,1,1.0,0.8182115
E3|Q13829|P67870,E3|Q13829,E3,Q13829,P67870,TNFAIP1,CSNK2B,1,1,1.0,0.7553945
E3|Q14139|Q14139,E3|Q14139,E3,Q14139,Q14139,UBE4A,UBE4A,1,1,1.0,0.9385396
E3|Q14258|O95786,E3|Q14258,E3,Q14258,O95786,TRIM25,DDX58,1,1,1.0,0.91490954
E3|Q14258|P03372,E3|Q14258,E3,Q14258,P03372,TRIM25,ESR1,1,1,1.0,0.9223607
E3|Q14258|P31947,E3|Q14258,E3,Q14258,P31947,TRIM25,SFN,1,1,1.0,0.38969228
E3|Q14258|P60484,E3|Q14258,E3,Q14258,P60484,TRIM25,PTEN,1,1,1.0,0.80216616
E3|Q14258|Q12933,E3|Q14258,E3,Q14258,Q12933,TRIM25,TRAF2,1,1,1.0,0.76288325
E3|Q14258|Q13330,E3|Q14258,E3,Q14258,Q13330,TRIM25,MTA1,1,1,1.0,0.9249192
E3|Q14258|Q13887,E3|Q14258,E3,Q14258,Q13887,TRIM25,KLF5,1,1,1.0,0.9438719
E3|Q14258|Q14145,E3|Q14258,E3,Q14258,Q14145,TRIM25,KEAP1,1,1,1.0,0.85717994
E3|Q14258|Q14258,E3|Q14258,E3,Q14258,Q14258,TRIM25,TRIM25,1,1,1.0,0.9631313
E3|Q14258|Q15911,E3|Q14258,E3,Q14258,Q15911,TRIM25,ZFHX3,1,1,1.0,0.9290192
E3|Q14258|Q7Z434,E3|Q14258,E3,Q14258,Q7Z434,TRIM25,MAVS,1,1,1.0,0.7876528
E3|Q14258|Q96RK0,E3|Q14258,E3,Q14258,Q96RK0,TRIM25,CIC,1,1,1.0,0.95064193
E3|Q14258|Q9UKV5,E3|Q14258,E3,Q14258,Q9UKV5,TRIM25,AMFR,1,1,1.0,0.09008848
E3|Q14258|Q9Y572,E3|Q14258,E3,Q14258,Q9Y572,TRIM25,RIPK3,1,1,1.0,0.88998586
E3|Q15751|P04049,E3|Q15751,E3,Q15751,P04049,HERC1,RAF1,1,1,1.0,0.8843005
E3|Q15751|P48436,E3|Q15751,E3,Q15751,P48436,HERC1,SOX9,1,1,1.0,0.6794689
E3|Q15751|P49815,E3|Q15751,E3,Q15751,P49815,HERC1,TSC2,1,1,1.0,0.7112955
E3|Q53GT1|O75140,E3|Q53GT1,E3,Q53GT1,O75140,KLHL22,DEPDC5,1,1,1.0,0.56714517
E3|Q53GT1|P53350,E3|Q53GT1,E3,Q53GT1,P53350,KLHL22,PLK1,1,1,1.0,0.9111853
E3|Q5T0T0|P00441,E3|Q5T0T0,E3,Q5T0T0,P00441,MARCHF8,SOD1,1,1,1.0,0.6379811
E3|Q5T0T0|P01023,E3|Q5T0T0,E3,Q5T0T0,P01023,MARCHF8,A2M,1,1,1.0,0.71798706
E3|Q5T0T0|P01903,E3|Q5T0T0,E3,Q5T0T0,P01903,MARCHF8,HLA-DRA,1,1,1.0,0.89217
E3|Q5T0T0|P01911,E3|Q5T0T0,E3,Q5T0T0,P01911,MARCHF8,HLA-DRB1,1,1,1.0,0.89893395
E3|Q5T0T0|P01912,E3|Q5T0T0,E3,Q5T0T0,P01912,MARCHF8,HLA-DRB1,1,1,1.0,0.8932412
E3|Q5T0T0|P02786,E3|Q5T0T0,E3,Q5T0T0,P02786,MARCHF8,TFRC,1,1,1.0,0.90051997
E3|Q5T0T0|P04229,E3|Q5T0T0,E3,Q5T0T0,P04229,MARCHF8,HLA-DRB1,1,1,1.0,0.91533035
E3|Q5T0T0|P04233,E3|Q5T0T0,E3,Q5T0T0,P04233,MARCHF8,CD74,1,1,1.0,0.89855
E3|Q5T0T0|P08195,E3|Q5T0T0,E3,Q5T0T0,P08195,MARCHF8,SLC3A2,1,1,1.0,0.82773817
E3|Q5T0T0|P08684,E3|Q5T0T0,E3,Q5T0T0,P08684,MARCHF8,CYP3A4,1,1,1.0,0.85430616
E3|Q5T0T0|P12830,E3|Q5T0T0,E3,Q5T0T0,P12830,MARCHF8,CDH1,1,1,1.0,0.45053855
E3|Q5T0T0|P13760,E3|Q5T0T0,E3,Q5T0T0,P13760,MARCHF8,HLA-DRB1,1,1,1.0,0.91480356
E3|Q5T0T0|P13761,E3|Q5T0T0,E3,Q5T0T0,P13761,MARCHF8,HLA-DRB1,1,1,1.0,0.9114548
E3|Q5T0T0|P13762,E3|Q5T0T0,E3,Q5T0T0,P13762,MARCHF8,HLA-DRB4,1,1,1.0,0.8867177
E3|Q5T0T0|P20039,E3|Q5T0T0,E3,Q5T0T0,P20039,MARCHF8,HLA-DRB1,1,1,1.0,0.91042286
E3|Q5T0T0|P33076,E3|Q5T0T0,E3,Q5T0T0,P33076,MARCHF8,CIITA,1,1,1.0,0.20090772
E3|Q5T0T0|P42081,E3|Q5T0T0,E3,Q5T0T0,P42081,MARCHF8,CD86,1,1,1.0,0.8385764
E3|Q5T0T0|P49327,E3|Q5T0T0,E3,Q5T0T0,P49327,MARCHF8,FASN,1,1,1.0,0.27758458
E3|Q5T0T0|P54252,E3|Q5T0T0,E3,Q5T0T0,P54252,MARCHF8,ATXN3,1,1,1.0,0.84190106
E3|Q5T0T0|P79483,E3|Q5T0T0,E3,Q5T0T0,P79483,MARCHF8,HLA-DRB3,1,1,1.0,0.89503795
E3|Q5T0T0|Q29974,E3|Q5T0T0,E3,Q5T0T0,Q29974,MARCHF8,HLA-DRB1,1,1,1.0,0.91256136
E3|Q5T0T0|Q30134,E3|Q5T0T0,E3,Q5T0T0,Q30134,MARCHF8,HLA-DRB1,1,1,1.0,0.5491585
E3|Q5T0T0|Q30154,E3|Q5T0T0,E3,Q5T0T0,Q30154,MARCHF8,HLA-DRB5,1,1,1.0,0.8987173
E3|Q5T0T0|Q30167,E3|Q5T0T0,E3,Q5T0T0,Q30167,MARCHF8,HLA-DRB1,1,1,1.0,0.91416025
E3|Q5T0T0|Q5Y7A7,E3|Q5T0T0,E3,Q5T0T0,Q5Y7A7,MARCHF8,HLA-DRB1,1,1,1.0,0.9142713
E3|Q5T0T0|Q7Z434,E3|Q5T0T0,E3,Q5T0T0,Q7Z434,MARCHF8,MAVS,1,1,1.0,0.4159946
E3|Q5T0T0|Q95IE3,E3|Q5T0T0,E3,Q5T0T0,Q95IE3,MARCHF8,HLA-DRB1,1,1,1.0,0.91117156
E3|Q5T0T0|Q9GIY3,E3|Q5T0T0,E3,Q5T0T0,Q9GIY3,MARCHF8,HLA-DRB1,1,1,1.0,0.8971915
E3|Q5T0T0|Q9NPH3,E3|Q5T0T0,E3,Q5T0T0,Q9NPH3,MARCHF8,IL1RAP,1,1,1.0,0.8871734
E3|Q5T0T0|Q9NZQ7,E3|Q5T0T0,E3,Q5T0T0,Q9NZQ7,MARCHF8,CD274,1,1,1.0,0.78004783
E3|Q5T0T0|Q9TQE0,E3|Q5T0T0,E3,Q5T0T0,Q9TQE0,MARCHF8,HLA-DRB1,1,1,1.0,0.9149504
E3|Q5TAQ9|Q15773,E3|Q5TAQ9,E3,Q5TAQ9,Q15773,DCAF8,MLF2,1,1,1.0,0.82040393
E3|Q5XUX0|O95863,E3|Q5XUX0,E3,Q5XUX0,O95863,FBXO31,SNAI1,1,1,1.0,0.7940573
E3|Q5XUX0|P24385,E3|Q5XUX0,E3,Q5XUX0,P24385,FBXO31,CCND1,1,1,1.0,0.8095243
E3|Q5XUX0|P30279,E3|Q5XUX0,E3,Q5XUX0,P30279,FBXO31,CCND2,1,1,1.0,0.6626478
E3|Q5XUX0|P52564,E3|Q5XUX0,E3,Q5XUX0,P52564,FBXO31,MAP2K6,1,1,1.0,0.8328212
E3|Q5XUX0|Q00987,E3|Q5XUX0,E3,Q5XUX0,Q00987,FBXO31,MDM2,1,1,1.0,0.679651
E3|Q5XUX0|Q9H211,E3|Q5XUX0,E3,Q5XUX0,Q9H211,FBXO31,CDT1,1,1,1.0,0.76968306
E3|Q5XUX0|Q9NPB6,E3|Q5XUX0,E3,Q5XUX0,Q9NPB6,FBXO31,PARD6A,1,1,1.0,0.8179045
E3|Q66K64|Q14498,E3|Q66K64,E3,Q66K64,Q14498,DCAF15,RBM39,1,1,1.0,0.5347166
E3|Q6JEL2|P14635,E3|Q6JEL2,E3,Q6JEL2,P14635,KLHL10,CCNB1,1,1,1.0,0.8094164
E3|Q6R327|O00141,E3|Q6R327,E3,Q6R327,O00141,RICTOR,SGK1,1,1,1.0,0.9310312
E3|Q6ZNA4|O15105,E3|Q6ZNA4,E3,Q6ZNA4,O15105,RNF111,SMAD7,1,1,1.0,0.67281705
E3|Q6ZNA4|P12755,E3|Q6ZNA4,E3,Q6ZNA4,P12755,RNF111,SKI,1,1,1.0,0.8500183
E3|Q6ZNA4|P12757,E3|Q6ZNA4,E3,Q6ZNA4,P12757,RNF111,SKIL,1,1,1.0,0.86775345
E3|Q6ZNA4|P29590,E3|Q6ZNA4,E3,Q6ZNA4,P29590,RNF111,PML,1,1,1.0,0.8726052
E3|Q6ZNA4|P61956,E3|Q6ZNA4,E3,Q6ZNA4,P61956,RNF111,SUMO2,1,1,1.0,0.8660745
E3|Q6ZNA4|P84022,E3|Q6ZNA4,E3,Q6ZNA4,P84022,RNF111,SMAD3,1,1,1.0,0.8837545
E3|Q6ZNA4|Q15796,E3|Q6ZNA4,E3,Q6ZNA4,Q15796,RNF111,SMAD2,1,1,1.0,0.855239
E3|Q6ZNA4|Q16236,E3|Q6ZNA4,E3,Q6ZNA4,Q16236,RNF111,NFE2L2,1,1,1.0,0.8776125
E3|Q75N03|P07355,E3|Q75N03,E3,Q75N03,P07355,CBLL1,ANXA2,1,1,1.0,0.73642516
E3|Q75N03|P12830,E3|Q75N03,E3,Q75N03,P12830,CBLL1,CDH1,1,1,1.0,0.39473042
E3|Q75N03|Q14247,E3|Q75N03,E3,Q75N03,Q14247,CBLL1,CTTN,1,1,1.0,0.6048691
E3|Q75N03|Q93070,E3|Q75N03,E3,Q75N03,Q93070,CBLL1,ART4,1,1,1.0,0.19001462
E3|Q7Z4K8|Q07869,E3|Q7Z4K8,E3,Q7Z4K8,Q07869,TRIM46,PPARA,1,1,1.0,0.6096303
E3|Q86XK2|O75626,E3|Q86XK2,E3,Q86XK2,O75626,FBXO11,PRDM1,1,1,1.0,0.93827516
E3|Q86XK2|O95863,E3|Q86XK2,E3,Q86XK2,O95863,FBXO11,SNAI1,1,1,1.0,0.86432636
E3|Q86XK2|P04637,E3|Q86XK2,E3,Q86XK2,P04637,FBXO11,TP53,1,1,1.0,0.9605823
E3|Q86XK2|P41182,E3|Q86XK2,E3,Q86XK2,P41182,FBXO11,BCL6,1,1,1.0,0.9174362
E3|Q86XK2|Q9NZJ0,E3|Q86XK2,E3,Q86XK2,Q9NZJ0,FBXO11,DTL,1,1,1.0,0.95899266
E3|Q86XS8|Q15836,E3|Q86XS8,E3,Q86XS8,Q15836,RNF130,VAMP3,1,1,1.0,0.78815085
E3|Q86XT4|Q86XT4,E3|Q86XT4,E3,Q86XT4,Q86XT4,TRIM50,TRIM50,1,1,1.0,0.9051824
E3|Q8IWR1|O75367,E3|Q8IWR1,E3,Q8IWR1,O75367,TRIM59,MACROH2A1,1,1,1.0,0.3165129
E3|Q8IWR1|P04637,E3|Q8IWR1,E3,Q8IWR1,P04637,TRIM59,TP53,1,1,1.0,0.90572846
E3|Q8IWR1|P35813,E3|Q8IWR1,E3,Q8IWR1,P35813,TRIM59,PPM1A,1,1,1.0,0.63784444
E3|Q8IWR1|P60484,E3|Q8IWR1,E3,Q8IWR1,P60484,TRIM59,PTEN,1,1,1.0,0.8526275
E3|Q8IWV8|P0C0S8,E3|Q8IWV8,E3,Q8IWV8,P0C0S8,UBR2,H2AC11,1,1,1.0,0.6181525
E3|Q8IWV8|Q16777,E3|Q8IWV8,E3,Q8IWV8,Q16777,UBR2,H2AC20,1,1,1.0,0.5698374
E3|Q8NEZ5|O14867,E3|Q8NEZ5,E3,Q8NEZ5,O14867,FBXO22,BACH1,1,1,1.0,0.75507236
E3|Q8NEZ5|O43474,E3|Q8NEZ5,E3,Q8NEZ5,O43474,FBXO22,KLF4,1,1,1.0,0.7685153
E3|Q8NEZ5|O60346,E3|Q8NEZ5,E3,Q8NEZ5,O60346,FBXO22,PHLPP1,1,1,1.0,0.7133649
E3|Q8NEZ5|O75164,E3|Q8NEZ5,E3,Q8NEZ5,O75164,FBXO22,KDM4A,1,1,1.0,0.7779329
E3|Q8NEZ5|O94953,E3|Q8NEZ5,E3,Q8NEZ5,O94953,FBXO22,KDM4B,1,1,1.0,0.70449984
E3|Q8NEZ5|O95817,E3|Q8NEZ5,E3,Q8NEZ5,O95817,FBXO22,BAG3,1,1,1.0,0.8709679
E3|Q8NEZ5|O95863,E3|Q8NEZ5,E3,Q8NEZ5,O95863,FBXO22,SNAI1,1,1,1.0,0.8235785
E3|Q8NEZ5|P04637,E3|Q8NEZ5,E3,Q8NEZ5,P04637,FBXO22,TP53,1,1,1.0,0.9564798
E3|Q8NEZ5|P35613,E3|Q8NEZ5,E3,Q8NEZ5,P35613,FBXO22,BSG,1,1,1.0,0.21078883
E3|Q8NEZ5|P38936,E3|Q8NEZ5,E3,Q8NEZ5,P38936,FBXO22,CDKN1A,1,1,1.0,0.90720904
E3|Q8NEZ5|P60484,E3|Q8NEZ5,E3,Q8NEZ5,P60484,FBXO22,PTEN,1,1,1.0,0.75588596
E3|Q8NEZ5|Q00987,E3|Q8NEZ5,E3,Q8NEZ5,Q00987,FBXO22,MDM2,1,1,1.0,0.67688555
E3|Q8NEZ5|Q15831,E3|Q8NEZ5,E3,Q8NEZ5,Q15831,FBXO22,STK11,1,1,1.0,0.7481367
E3|Q8NFD5|Q8NFD5,E3|Q8NFD5,E3,Q8NFD5,Q8NFD5,ARID1B,ARID1B,1,1,1.0,0.9627185
E3|Q8NG06|O14576,E3|Q8NG06,E3,Q8NG06,O14576,TRIM58,DYNC1I1,1,1,1.0,0.82910466
E3|Q8NG06|O43237,E3|Q8NG06,E3,Q8NG06,O43237,TRIM58,DYNC1LI2,1,1,1.0,0.8370725
E3|Q8NHM5|P01100,E3|Q8NHM5,E3,Q8NHM5,P01100,KDM2B,FOS,1,1,1.0,0.878642
E3|Q8NHM5|Q16777,E3|Q8NHM5,E3,Q8NHM5,Q16777,KDM2B,H2AC20,1,1,1.0,0.9067359
E3|Q8NHY2|O00399,E3|Q8NHY2,E3,Q8NHY2,O00399,COP1,DCTN6,1,1,1.0,0.85749626
E3|Q8NHY2|O00763,E3|Q8NHY2,E3,Q8NHY2,O00763,COP1,ACACB,1,1,1.0,0.52443206
E3|Q8NHY2|P03956,E3|Q8NHY2,E3,Q8NHY2,P03956,COP1,MMP1,1,1,1.0,0.10202565
E3|Q8NHY2|P04637,E3|Q8NHY2,E3,Q8NHY2,P04637,COP1,TP53,1,1,1.0,0.9533387
E3|Q8NHY2|P05412,E3|Q8NHY2,E3,Q8NHY2,P05412,COP1,JUN,1,1,1.0,0.7382853
E3|Q8NHY2|P14635,E3|Q8NHY2,E3,Q8NHY2,P14635,RFWD2,CDKN1B,1,1,1.0,0.9547883
E3|Q8NHY2|P21589,E3|Q8NHY2,E3,Q8NHY2,P21589,COP1,NT5E,1,1,1.0,0.4775401
E3|Q8NHY2|P31947,E3|Q8NHY2,E3,Q8NHY2,P31947,COP1,SFN,1,1,1.0,0.18008123
E3|Q8NHY2|P35222,E3|Q8NHY2,E3,Q8NHY2,P35222,COP1,CTNNB1,1,1,1.0,0.6015328
E3|Q8NHY2|P40763,E3|Q8NHY2,E3,Q8NHY2,P40763,COP1,STAT3,1,1,1.0,0.75778496
E3|Q8NHY2|P41161,E3|Q8NHY2,E3,Q8NHY2,P41161,COP1,ETV5,1,1,1.0,0.87517834
E3|Q8NHY2|P43268,E3|Q8NHY2,E3,Q8NHY2,P43268,COP1,ETV4,1,1,1.0,0.85432005
E3|Q8NHY2|P46527,E3|Q8NHY2,E3,Q8NHY2,P46527,COP1,CDKN1B,1,1,1.0,0.32467616
E3|Q8NHY2|P48431,E3|Q8NHY2,E3,Q8NHY2,P48431,COP1,SOX2,1,1,1.0,0.8123745
E3|Q8NHY2|P50549,E3|Q8NHY2,E3,Q8NHY2,P50549,COP1,ETV1,1,1,1.0,0.8776548
E3|Q8NHY2|P50991,E3|Q8NHY2,E3,Q8NHY2,P50991,COP1,CCT4,1,1,1.0,0.58182377
E3|Q8NHY2|P98177,E3|Q8NHY2,E3,Q8NHY2,P98177,COP1,FOXO4,1,1,1.0,0.36087447
E3|Q8NHY2|Q13085,E3|Q8NHY2,E3,Q8NHY2,Q13085,COP1,ACACA,1,1,1.0,0.44901943
E3|Q8NHY2|Q13330,E3|Q8NHY2,E3,Q8NHY2,Q13330,COP1,MTA1,1,1,1.0,0.8454948
E3|Q8NHY2|Q53ET0,E3|Q8NHY2,E3,Q8NHY2,Q53ET0,COP1,CRTC2,1,1,1.0,0.7320242
E3|Q8NHY2|Q6UUV9,E3|Q8NHY2,E3,Q8NHY2,Q6UUV9,COP1,CRTC1,1,1,1.0,0.73592305
E3|Q8NHY2|Q8NHY2,E3|Q8NHY2,E3,Q8NHY2,Q8NHY2,COP1,COP1,1,1,1.0,0.94574237
E3|Q8NHY2|Q96EB6,E3|Q8NHY2,E3,Q8NHY2,Q96EB6,COP1,SIRT1,1,1,1.0,0.47055852
E3|Q8TBB1|O60828,E3|Q8TBB1,E3,Q8TBB1,O60828,LNX1,PQBP1,1,1,1.0,0.8345724
E3|Q8TBB1|O76021,E3|Q8TBB1,E3,Q8TBB1,O76021,LNX1,RSL1D1,1,1,1.0,0.74802196
E3|Q8TBB1|P01732,E3|Q8TBB1,E3,Q8TBB1,P01732,LNX1,CD8A,1,1,1.0,0.33168864
E3|Q8TBB1|P12931,E3|Q8TBB1,E3,Q8TBB1,P12931,LNX1,SRC,1,1,1.0,0.5071872
E3|Q8TBB1|P22459,E3|Q8TBB1,E3,Q8TBB1,P22459,LNX1,KCNA4,1,1,1.0,0.36226955
E3|Q8TBB1|P41595,E3|Q8TBB1,E3,Q8TBB1,P41595,LNX1,HTR2B,1,1,1.0,0.09315487
E3|Q8TBB1|P48546,E3|Q8TBB1,E3,Q8TBB1,P48546,LNX1,GIPR,1,1,1.0,0.43605927
E3|Q8TBB1|P49757,E3|Q8TBB1,E3,Q8TBB1,P49757,LNX1,NUMB,1,1,1.0,0.3259556
E3|Q8TBB1|P56750,E3|Q8TBB1,E3,Q8TBB1,P56750,LNX1,CLDN17,1,1,1.0,0.14450991
E3|Q8TBB1|Q05586,E3|Q8TBB1,E3,Q8TBB1,Q05586,LNX1,GRIN1,1,1,1.0,0.16330649
E3|Q8TBB1|Q96BR9,E3|Q8TBB1,E3,Q8TBB1,Q96BR9,LNX1,ZBTB8A,1,1,1.0,0.84304374
E3|Q8TBB1|Q96KB5,E3|Q8TBB1,E3,Q8TBB1,Q96KB5,LNX1,PBK,1,1,1.0,0.4276257
E3|Q8TBB1|Q9UKL4,E3|Q8TBB1,E3,Q8TBB1,Q9UKL4,LNX1,GJD2,1,1,1.0,0.2680996
E3|Q8TBB1|Q9UMX1,E3|Q8TBB1,E3,Q8TBB1,Q9UMX1,LNX1,SUFU,1,1,1.0,0.8092311
E3|Q8TCJ0|O96004,E3|Q8TCJ0,E3,Q8TCJ0,O96004,FBXO25,HAND1,1,1,1.0,0.8321163
E3|Q8TCJ0|P19419,E3|Q8TCJ0,E3,Q8TCJ0,P19419,FBXO25,ELK1,1,1,1.0,0.6581738
E3|Q8TCJ0|P52952,E3|Q8TCJ0,E3,Q8TCJ0,P52952,FBXO25,NKX2-5,1,1,1.0,0.79712915
E3|Q8TCJ0|P61371,E3|Q8TCJ0,E3,Q8TCJ0,P61371,FBXO25,ISL1,1,1,1.0,0.7233216
E3|Q8TE67|O43623,E3|Q8TE67,E3,Q8TE67,O43623,EPS8L3,SNAI2,1,1,1.0,0.25723422
E3|Q8WZ60|P24941,E3|Q8WZ60,E3,Q8WZ60,P24941,KLHL6,CDK2,1,1,1.0,0.9311395
E3|Q8WZ60|Q9HBD1,E3|Q8WZ60,E3,Q8WZ60,Q9HBD1,KLHL6,RC3H2,1,1,1.0,0.6692553
E3|Q92630|O14746,E3|Q92630,E3,Q92630,O14746,DYRK2,TERT,1,1,1.0,0.6713098
E3|Q969P5|O00303,E3|Q969P5,E3,Q969P5,O00303,FBXO32,EIF3F,1,1,1.0,0.7805632
E3|Q969P5|O43474,E3|Q969P5,E3,Q969P5,O43474,FBXO32,KLF4,1,1,1.0,0.8649624
E3|Q969P5|P01106,E3|Q969P5,E3,Q969P5,P01106,FBXO32,MYC,1,1,1.0,0.8282913
E3|Q969P5|P15172,E3|Q969P5,E3,Q969P5,P15172,FBXO32,MYOD1,1,1,1.0,0.8794965
E3|Q969P5|P15173,E3|Q969P5,E3,Q969P5,P15173,FBXO32,MYOG,1,1,1.0,0.8246369
E3|Q969P5|P19429,E3|Q969P5,E3,Q969P5,P19429,FBXO32,TNNI3,1,1,1.0,0.3511419
E3|Q969P5|P28562,E3|Q969P5,E3,Q969P5,P28562,FBXO32,DUSP1,1,1,1.0,0.45275697
E3|Q969P5|Q12778,E3|Q969P5,E3,Q969P5,Q12778,FBXO32,FOXO1,1,1,1.0,0.6293488
E3|Q969P5|Q13535,E3|Q969P5,E3,Q969P5,Q13535,FBXO32,ATR,1,1,1.0,0.5960007
E3|Q969P5|Q14896,E3|Q969P5,E3,Q969P5,Q14896,FBXO32,MYBPC3,1,1,1.0,0.61840326
E3|Q969P5|Q16558,E3|Q969P5,E3,Q969P5,Q16558,FBXO32,KCNMB1,1,1,1.0,0.13615386
E3|Q969P5|Q9UBF9,E3|Q969P5,E3,Q969P5,Q9UBF9,FBXO32,MYOT,1,1,1.0,0.6915693
E3|Q969P5|Q9Y6J0,E3|Q969P5,E3,Q969P5,Q9Y6J0,FBXO32,CABIN1,1,1,1.0,0.8582988
E3|Q969Q1|P05976,E3|Q969Q1,E3,Q969Q1,P05976,TRIM63,MYL1,1,1,1.0,0.33157697
E3|Q969Q1|P06576,E3|Q969Q1,E3,Q969Q1,P06576,TRIM63,ATP5F1B,1,1,1.0,0.7092209
E3|Q969Q1|P06732,E3|Q969Q1,E3,Q969Q1,P06732,TRIM63,CKM,1,1,1.0,0.8384513
E3|Q969Q1|P10827,E3|Q969Q1,E3,Q969Q1,P10827,TRIM63,THRA,1,1,1.0,0.9133094
E3|Q969Q1|P10916,E3|Q969Q1,E3,Q969Q1,P10916,TRIM63,MYL2,1,1,1.0,0.78206956
E3|Q969Q1|P19237,E3|Q969Q1,E3,Q969Q1,P19237,TRIM63,TNNI1,1,1,1.0,0.77830255
E3|Q969Q1|P19429,E3|Q969Q1,E3,Q969Q1,P19429,TRIM63,TNNI3,1,1,1.0,0.34928036
E3|Q969Q1|P25963,E3|Q969Q1,E3,Q969Q1,P25963,TRIM63,NFKBIA,1,1,1.0,0.5690573
E3|Q969Q1|P31937,E3|Q969Q1,E3,Q969Q1,P31937,TRIM63,HIBADH,1,1,1.0,0.341134
E3|Q969Q1|P55036,E3|Q969Q1,E3,Q969Q1,P55036,TRIM63,PSMD4,1,1,1.0,0.51991403
E3|Q969Q1|P63316,E3|Q969Q1,E3,Q969Q1,P63316,TRIM63,TNNC1,1,1,1.0,0.8702152
E3|Q969Q1|P68133,E3|Q969Q1,E3,Q969Q1,P68133,TRIM63,ACTA1,1,1,1.0,0.70715797
E3|Q969Q1|Q14324,E3|Q969Q1,E3,Q969Q1,Q14324,TRIM63,MYBPC2,1,1,1.0,0.19746855
E3|Q969Q1|Q14896,E3|Q969Q1,E3,Q969Q1,Q14896,TRIM63,MYBPC3,1,1,1.0,0.64775956
E3|Q969Q1|Q96A32,E3|Q969Q1,E3,Q969Q1,Q96A32,TRIM63,MYLPF,1,1,1.0,0.637879
E3|Q969Q1|Q9Y692,E3|Q969Q1,E3,Q969Q1,Q9Y692,TRIM63,GMEB1,1,1,1.0,0.8725897
E3|Q969V5|O00429,E3|Q969V5,E3,Q969V5,O00429,MUL1,DNM1L,1,1,1.0,0.91234726
E3|Q969V5|O15350,E3|Q969V5,E3,Q969V5,O15350,MUL1,TP73,1,1,1.0,0.43788794
E3|Q969V5|O75385,E3|Q969V5,E3,Q969V5,O75385,MUL1,ULK1,1,1,1.0,0.5742159
E3|Q969V5|P04637,E3|Q969V5,E3,Q969V5,P04637,MUL1,TP53,1,1,1.0,0.9570484
E3|Q969V5|P11021,E3|Q969V5,E3,Q969V5,P11021,MUL1,HSPA5,1,1,1.0,0.89265484
E3|Q969V5|P31749,E3|Q969V5,E3,Q969V5,P31749,MUL1,AKT1,1,1,1.0,0.91948956
E3|Q969V5|Q969V5,E3|Q969V5,E3,Q969V5,Q969V5,MUL1,MUL1,1,1,1.0,0.9393885
E3|Q96A61|P35813,E3|Q96A61,E3,Q96A61,P35813,TRIM52,PPM1A,1,1,1.0,0.1823014
E3|Q96A61|Q06124,E3|Q96A61,E3,Q96A61,Q06124,TRIM52,PTPN11,1,1,1.0,0.31278384
E3|Q96A61|Q12933,E3|Q96A61,E3,Q96A61,Q12933,TRIM52,TRAF2,1,1,1.0,0.4430242
E3|Q96K19|Q14643,E3|Q96K19,E3,Q96K19,Q14643,RNF170,ITPR1,1,1,1.0,0.8346569
E3|Q96M94|Q15173,E3|Q96M94,E3,Q96M94,Q15173,KLHL15,PPP2R5B,1,1,1.0,0.42014968
E3|Q96M94|Q99708,E3|Q96M94,E3,Q96M94,Q99708,KLHL15,RBBP8,1,1,1.0,0.31911317
E3|Q96MT1|P04035,E3|Q96MT1,E3,Q96MT1,P04035,RNF145,HMGCR,1,1,1.0,0.69797575
E3|Q96PU4|P24385,E3|Q96PU4,E3,Q96PU4,P24385,UHRF2,CCND1,1,1,1.0,0.86305916
E3|Q96PU4|P24864,E3|Q96PU4,E3,Q96PU4,P24864,UHRF2,CCNE1,1,1,1.0,0.8504102
E3|Q96PU4|P38936,E3|Q96PU4,E3,Q96PU4,P38936,UHRF2,CDKN1A,1,1,1.0,0.90603787
E3|Q96PU4|Q71DI3,E3|Q96PU4,E3,Q96PU4,Q71DI3,UHRF2,H3C14,1,1,1.0,0.1469116
E3|Q96PU4|Q8WW12,E3|Q96PU4,E3,Q96PU4,Q8WW12,UHRF2,PCNP,1,1,1.0,0.471928
E3|Q99942|O43511,E3|Q99942,E3,Q99942,O43511,RNF5,SLC26A4,1,1,1.0,0.89473313
E3|Q99942|P13569,E3|Q99942,E3,Q99942,P13569,RNF5,CFTR,1,1,1.0,0.9021482
E3|Q99942|P49023,E3|Q99942,E3,Q99942,P49023,RNF5,PXN,1,1,1.0,0.8318494
E3|Q99942|P68036,E3|Q99942,E3,Q99942,P68036,RNF5,UBE2L3,1,1,1.0,0.39152077
E3|Q99942|Q12770,E3|Q99942,E3,Q99942,Q12770,RNF5,SCAP,1,1,1.0,0.9036217
E3|Q99942|Q14653,E3|Q99942,E3,Q99942,Q14653,RNF5,IRF3,1,1,1.0,0.914891
E3|Q99942|Q7Z434,E3|Q99942,E3,Q99942,Q7Z434,RNF5,MAVS,1,1,1.0,0.6836372
E3|Q99942|Q86WV6,E3|Q99942,E3,Q99942,Q86WV6,RNF5,STING1,1,1,1.0,0.5291738
E3|Q99942|Q8ZNR3,E3|Q99942,E3,Q99942,Q8ZNR3,RNF5,sopA,1,1,1.0,0.14885294
E3|Q99942|Q9P055,E3|Q99942,E3,Q99942,Q9P055,RNF5,JKAMP,1,1,1.0,0.8613773
E3|Q9BYM8|O14867,E3|Q9BYM8,E3,Q9BYM8,O14867,RBCK1,BACH1,1,1,1.0,0.36398566
E3|Q9BYM8|O75469,E3|Q9BYM8,E3,Q9BYM8,O75469,RBCK1,NR1I2,1,1,1.0,0.34880137
E3|Q9BYM8|P17252,E3|Q9BYM8,E3,Q9BYM8,P17252,RBCK1,PRKCA,1,1,1.0,0.53388643
E3|Q9BYM8|P48200,E3|Q9BYM8,E3,Q9BYM8,P48200,RBCK1,IREB2,1,1,1.0,0.42990273
E3|Q9BYM8|Q13546,E3|Q9BYM8,E3,Q9BYM8,Q13546,RBCK1,RIPK1,1,1,1.0,0.584717
E3|Q9BYM8|Q14258,E3|Q9BYM8,E3,Q9BYM8,Q14258,RBCK1,TRIM25,1,1,1.0,0.40228802
E3|Q9BYM8|Q14653,E3|Q9BYM8,E3,Q9BYM8,Q14653,RBCK1,IRF3,1,1,1.0,0.9068106
E3|Q9BYM8|Q8N5C8,E3|Q9BYM8,E3,Q9BYM8,Q8N5C8,RBCK1,TAB3,1,1,1.0,0.47898903
E3|Q9BYM8|Q9BYM8,E3|Q9BYM8,E3,Q9BYM8,Q9BYM8,RBCK1,RBCK1,1,1,1.0,0.9416841
E3|Q9BYM8|Q9NYJ8,E3|Q9BYM8,E3,Q9BYM8,Q9NYJ8,RBCK1,TAB2,1,1,1.0,0.65300965
E3|Q9BYM8|Q9Y6K9,E3|Q9BYM8,E3,Q9BYM8,Q9Y6K9,RBCK1,IKBKG,1,1,1.0,0.4765911
E3|Q9C019|P02647,E3|Q9C019,E3,Q9C019,P02647,TRIM15,APOA1,1,1,1.0,0.8416933
E3|Q9C026|P50552,E3|Q9C026,E3,Q9C026,P50552,TRIM9,VASP,1,1,1.0,0.9596219
E3|Q9C026|Q9C026,E3|Q9C026,E3,Q9C026,Q9C026,TRIM9,TRIM9,1,1,1.0,0.96568185
E3|Q9C035|Q9C035,E3|Q9C035,E3,Q9C035,Q9C035,TRIM5,TRIM5,1,1,1.0,0.9341927
E3|Q9C037|O95786,E3|Q9C037,E3,Q9C037,O95786,TRIM4,DDX58,1,1,1.0,0.82522756
E3|Q9C037|Q7Z2W7,E3|Q9C037,E3,Q9C037,Q7Z2W7,TRIM4,TRPM8,1,1,1.0,0.13717146
E3|Q9H0F5|P04637,E3|Q9H0F5,E3,Q9H0F5,P04637,RNF38,TP53,1,1,1.0,0.96031785
E3|Q9H0F5|P29350,E3|Q9H0F5,E3,Q9H0F5,P29350,RNF38,PTPN6,1,1,1.0,0.6332682
E3|Q9H0F5|Q01196,E3|Q9H0F5,E3,Q9H0F5,Q01196,RNF38,RUNX1,1,1,1.0,0.90283895
E3|Q9H0F5|Q86U70,E3|Q9H0F5,E3,Q9H0F5,Q86U70,RNF38,LDB1,1,1,1.0,0.93002707
E3|Q9H0M0|O14641,E3|Q9H0M0,E3,Q9H0M0,O14641,WWP1,DVL2,1,1,1.0,0.95857424
E3|Q9H0M0|O14681,E3|Q9H0M0,E3,Q9H0M0,O14681,WWP1,EI24,1,1,1.0,0.9402084
E3|Q9H0M0|O15105,E3|Q9H0M0,E3,Q9H0M0,O15105,WWP1,SMAD7,1,1,1.0,0.6865865
E3|Q9H0M0|O43541,E3|Q9H0M0,E3,Q9H0M0,O43541,WWP1,SMAD6,1,1,1.0,0.86199194
E3|Q9H0M0|O95835,E3|Q9H0M0,E3,Q9H0M0,O95835,WWP1,LATS1,1,1,1.0,0.9585968
E3|Q9H0M0|P00533,E3|Q9H0M0,E3,Q9H0M0,P00533,WWP1,EGFR,1,1,1.0,0.9482342
E3|Q9H0M0|P03345,E3|Q9H0M0,E3,Q9H0M0,P03345,WWP1,gag,1,1,1.0,0.15515664
E3|Q9H0M0|P04637,E3|Q9H0M0,E3,Q9H0M0,P04637,WWP1,TP53,1,1,1.0,0.96168303
E3|Q9H0M0|P0C209,E3|Q9H0M0,E3,Q9H0M0,P0C209,WWP1,gag,1,1,1.0,0.314155
E3|Q9H0M0|P14076,E3|Q9H0M0,E3,Q9H0M0,P14076,WWP1,gag,1,1,1.0,0.19370614
E3|Q9H0M0|P14077,E3|Q9H0M0,E3,Q9H0M0,P14077,WWP1,gag,1,1,1.0,0.07123528
E3|Q9H0M0|P15941,E3|Q9H0M0,E3,Q9H0M0,P15941,WWP1,MUC1,1,1,1.0,0.9557333
E3|Q9H0M0|P36897,E3|Q9H0M0,E3,Q9H0M0,P36897,WWP1,TGFBR1,1,1,1.0,0.93268615
E3|Q9H0M0|P37173,E3|Q9H0M0,E3,Q9H0M0,P37173,WWP1,TGFBR2,1,1,1.0,0.92862916
E3|Q9H0M0|P42566,E3|Q9H0M0,E3,Q9H0M0,P42566,WWP1,EPS15,1,1,1.0,0.948631
E3|Q9H0M0|P46527,E3|Q9H0M0,E3,Q9H0M0,P46527,WWP1,CDKN1B,1,1,1.0,0.9310321
E3|Q9H0M0|P60484,E3|Q9H0M0,E3,Q9H0M0,P60484,WWP1,PTEN,1,1,1.0,0.950075
E3|Q9H0M0|P61073,E3|Q9H0M0,E3,Q9H0M0,P61073,WWP1,CXCR4,1,1,1.0,0.90497094
E3|Q9H0M0|Q13485,E3|Q9H0M0,E3,Q9H0M0,Q13485,WWP1,SMAD4,1,1,1.0,0.37823257
E3|Q9H0M0|Q13887,E3|Q9H0M0,E3,Q9H0M0,Q13887,WWP1,KLF5,1,1,1.0,0.27563515
E3|Q9H0M0|Q13950,E3|Q9H0M0,E3,Q9H0M0,Q13950,WWP1,RUNX2,1,1,1.0,0.35896373
E3|Q9H0M0|Q15303,E3|Q9H0M0,E3,Q9H0M0,Q15303,WWP1,ERBB4,1,1,1.0,0.9593546
E3|Q9H0M0|Q15796,E3|Q9H0M0,E3,Q9H0M0,Q15796,WWP1,SMAD2,1,1,1.0,0.511132
E3|Q9H0M0|Q8N0X7,E3|Q9H0M0,E3,Q9H0M0,Q8N0X7,WWP1,SPART,1,1,1.0,0.20947179
E3|Q9H0M0|Q9H0M0,E3|Q9H0M0,E3,Q9H0M0,Q9H0M0,WWP1,WWP1,1,1,1.0,0.96432775
E3|Q9H0M0|Q9H3D4,E3|Q9H0M0,E3,Q9H0M0,Q9H3D4,WWP1,TP63,1,1,1.0,0.43681002
E3|Q9H0M0|Q9Y2J4,E3|Q9H0M0,E3,Q9H0M0,Q9Y2J4,WWP1,AMOTL2,1,1,1.0,0.9530473
E3|Q9H0M0|Q9Y3C5,E3|Q9H0M0,E3,Q9H0M0,Q9Y3C5,WWP1,RNF11,1,1,1.0,0.95699275
E3|Q9H0M0|Q9Y4K3,E3|Q9H0M0,E3,Q9H0M0,Q9Y4K3,WWP1,TRAF6,1,1,1.0,0.74306417
E3|Q9H0M0|Q9Y5W3,E3|Q9H0M0,E3,Q9H0M0,Q9Y5W3,WWP1,KLF2,1,1,1.0,0.8001504
E3|Q9H2S5|O00571,E3|Q9H2S5,E3,Q9H2S5,O00571,RNF39,DDX3X,1,1,1.0,0.58973086
E3|Q9NRD0|P01106,E3|Q9NRD0,E3,Q9NRD0,P01106,FBXO8,MYC,1,1,1.0,0.1979034
E3|Q9NRD0|P09211,E3|Q9NRD0,E3,Q9NRD0,P09211,FBXO8,GSTP1,1,1,1.0,0.6806882
E3|Q9NRD0|P62330,E3|Q9NRD0,E3,Q9NRD0,P62330,FBXO8,ARF6,1,1,1.0,0.8044921
E3|Q9NVF7|Q9NVF7,E3|Q9NVF7,E3,Q9NVF7,Q9NVF7,FBXO28,FBXO28,1,1,1.0,0.8948412
E3|Q9NWN3|P15172,E3|Q9NWN3,E3,Q9NWN3,P15172,FBXO34,MYOD1,1,1,1.0,0.2310681
E3|Q9NZS9|P01135,E3|Q9NZS9,E3,Q9NZS9,P01135,BFAR,TGFA,1,1,1.0,0.8968465
E3|Q9NZS9|P55061,E3|Q9NZS9,E3,Q9NZS9,P55061,BFAR,TMBIM6,1,1,1.0,0.89975053
E3|Q9P2G9|Q13702,E3|Q9P2G9,E3,Q9P2G9,Q13702,KLHL8,RAPSN,1,1,1.0,0.74734724
E3|Q9UJP4|Q5UEC6,E3|Q9UJP4,E3,Q9UJP4,Q5UEC6,KLHL21,EB1,1,1,1.0,0.87132627
E3|Q9UJP4|Q96GD4,E3|Q9UJP4,E3,Q9UJP4,Q96GD4,KLHL21,AURKB,1,1,1.0,0.87221366
E3|Q9UJT9|O14965,E3|Q9UJT9,E3,Q9UJT9,O14965,FBXL7,AURKA,1,1,1.0,0.9410611
E3|Q9UJT9|O15392,E3|Q9UJT9,E3,Q9UJT9,O15392,FBXL7,BIRC5,1,1,1.0,0.94637805
E3|Q9UJT9|O95863,E3|Q9UJT9,E3,Q9UJT9,O95863,FBXL7,SNAI1,1,1,1.0,0.82752794
E3|Q9UJT9|P12931,E3|Q9UJT9,E3,Q9UJT9,P12931,FBXL7,SRC,1,1,1.0,0.89305174
E3|Q9UKA1|O95863,E3|Q9UKA1,E3,Q9UKA1,O95863,FBXL5,SNAI1,1,1,1.0,0.69075304
E3|Q9UKA1|P00519,E3|Q9UKA1,E3,Q9UKA1,P00519,FBXL5,ABL1,1,1,1.0,0.7521661
E3|Q9UKA1|P37840,E3|Q9UKA1,E3,Q9UKA1,P37840,FBXL5,SNCA,1,1,1.0,0.4670114
E3|Q9UKA1|P48200,E3|Q9UKA1,E3,Q9UKA1,P48200,FBXL5,IREB2,1,1,1.0,0.7453577
E3|Q9UKA1|Q14203,E3|Q9UKA1,E3,Q9UKA1,Q14203,FBXL5,DCTN1,1,1,1.0,0.8347015
E3|Q9UKA1|Q9BQ15,E3|Q9UKA1,E3,Q9UKA1,Q9BQ15,FBXL5,NABP2,1,1,1.0,0.6226275
E3|Q9UKT5|P05362,E3|Q9UKT5,E3,Q9UKT5,P05362,FBXO4,ICAM1,1,1,1.0,0.6608773
E3|Q9UKT5|P24385,E3|Q9UKT5,E3,Q9UKT5,P24385,FBXO4,CCND1,1,1,1.0,0.5331499
E3|Q9UKT5|P51114,E3|Q9UKT5,E3,Q9UKT5,P51114,FBXO4,FXR1,1,1,1.0,0.7758289
E3|Q9UKT5|P54274,E3|Q9UKT5,E3,Q9UKT5,P54274,FBXO4,TERF1,1,1,1.0,0.73727703
E3|Q9UKT5|Q07820,E3|Q9UKT5,E3,Q9UKT5,Q07820,FBXO4,MCL1,1,1,1.0,0.6030289
E3|Q9UKT8|O96020,E3|Q9UKT8,E3,Q9UKT8,O96020,FBXW2,CCNE2,1,1,1.0,0.45537457
E3|Q9UKT8|P24864,E3|Q9UKT8,E3,Q9UKT8,P24864,FBXW2,CCNE1,1,1,1.0,0.805049
E3|Q9UKT8|P35548,E3|Q9UKT8,E3,Q9UKT8,P35548,FBXW2,MSX2,1,1,1.0,0.67000496
E3|Q9UKT8|Q9NP62,E3|Q9UKT8,E3,Q9UKT8,Q9NP62,FBXW2,GCM1,1,1,1.0,0.91351247
E3|Q9UNL4|Q04206,E3|Q9UNL4,E3,Q9UNL4,Q04206,ING4,RELA,1,1,1.0,0.8210547
E3|Q9Y297|A0A1B0GVQ0,E3|Q9Y297,E3,Q9Y297,A0A1B0GVQ0,BTRC,SPAAR,1,1,1.0,0.15303501
E3|Q9Y297|O00221,E3|Q9Y297,E3,Q9Y297,O00221,BTRC,NFKBIE,1,1,1.0,0.9445483
E3|Q9Y297|O00418,E3|Q9Y297,E3,Q9Y297,O00418,BTRC,EEF2K,1,1,1.0,0.5211772
E3|Q9Y297|O00444,E3|Q9Y297,E3,Q9Y297,O00444,BTRC,PLK4,1,1,1.0,0.78736746
E3|Q9Y297|O14503,E3|Q9Y297,E3,Q9Y297,O14503,BTRC,BHLHE40,1,1,1.0,0.92324835
E3|Q9Y297|O15055,E3|Q9Y297,E3,Q9Y297,O15055,BTRC,PER2,1,1,1.0,0.92114323
E3|Q9Y297|O15111,E3|Q9Y297,E3,Q9Y297,O15111,BTRC,CHUK,1,1,1.0,0.93822145
E3|Q9Y297|O15534,E3|Q9Y297,E3,Q9Y297,O15534,BTRC,PER1,1,1,1.0,0.9290925
E3|Q9Y297|O43521,E3|Q9Y297,E3,Q9Y297,O43521,BTRC,BCL2L11,1,1,1.0,0.84655076
E3|Q9Y297|O43524,E3|Q9Y297,E3,Q9Y297,O43524,BTRC,FOXO3,1,1,1.0,0.9203222
E3|Q9Y297|O43734,E3|Q9Y297,E3,Q9Y297,O43734,BTRC,TRAF3IP2,1,1,1.0,0.9368913
E3|Q9Y297|O60346,E3|Q9Y297,E3,Q9Y297,O60346,BTRC,PHLPP1,1,1,1.0,0.7873374
E3|Q9Y297|O75365,E3|Q9Y297,E3,Q9Y297,O75365,BTRC,PTP4A3,1,1,1.0,0.7987365
E3|Q9Y297|O95863,E3|Q9Y297,E3,Q9Y297,O95863,BTRC,SNAI1,1,1,1.0,0.93361765
E3|Q9Y297|O95997,E3|Q9Y297,E3,Q9Y297,O95997,BTRC,PTTG1,1,1,1.0,0.8426904
E3|Q9Y297|O95999,E3|Q9Y297,E3,Q9Y297,O95999,BTRC,BCL10,1,1,1.0,0.9228393
E3|Q9Y297|P01106,E3|Q9Y297,E3,Q9Y297,P01106,BTRC,MYC,1,1,1.0,0.9345463
E3|Q9Y297|P01112,E3|Q9Y297,E3,Q9Y297,P01112,BTRC,HRAS,1,1,1.0,0.23144221
E3|Q9Y297|P01730,E3|Q9Y297,E3,Q9Y297,P01730,BTRC,CD4,1,1,1.0,0.0803924
E3|Q9Y297|P02751,E3|Q9Y297,E3,Q9Y297,P02751,BTRC,FN1,1,1,1.0,0.3346698
E3|Q9Y297|P02786,E3|Q9Y297,E3,Q9Y297,P02786,BTRC,TFRC,1,1,1.0,0.1132203
E3|Q9Y297|P04637,E3|Q9Y297,E3,Q9Y297,P04637,BTRC,TP53,1,1,1.0,0.9653936
E3|Q9Y297|P06493,E3|Q9Y297,E3,Q9Y297,P06493,BTRC,CDK1,1,1,1.0,0.8922346
E3|Q9Y297|P08047,E3|Q9Y297,E3,Q9Y297,P08047,BTRC,SP1,1,1,1.0,0.9080053
E3|Q9Y297|P10070,E3|Q9Y297,E3,Q9Y297,P10070,BTRC,GLI2,1,1,1.0,0.8989823
E3|Q9Y297|P10071,E3|Q9Y297,E3,Q9Y297,P10071,BTRC,GLI3,1,1,1.0,0.91341037
E3|Q9Y297|P10912,E3|Q9Y297,E3,Q9Y297,P10912,BTRC,GHR,1,1,1.0,0.3387179
E3|Q9Y297|P12830,E3|Q9Y297,E3,Q9Y297,P12830,BTRC,CDH1,1,1,1.0,0.36553425
E3|Q9Y297|P15260,E3|Q9Y297,E3,Q9Y297,P15260,BTRC,IFNGR1,1,1,1.0,0.10354257
E3|Q9Y297|P16471,E3|Q9Y297,E3,Q9Y297,P16471,BTRC,PRLR,1,1,1.0,0.7034593
E3|Q9Y297|P17181,E3|Q9Y297,E3,Q9Y297,P17181,BTRC,IFNAR1,1,1,1.0,0.11235933
E3|Q9Y297|P18848,E3|Q9Y297,E3,Q9Y297,P18848,BTRC,ATF4,1,1,1.0,0.92648417
E3|Q9Y297|P18887,E3|Q9Y297,E3,Q9Y297,P18887,BTRC,XRCC1,1,1,1.0,0.92604065
E3|Q9Y297|P19235,E3|Q9Y297,E3,Q9Y297,P19235,BTRC,EPOR,1,1,1.0,0.15239543
E3|Q9Y297|P19838,E3|Q9Y297,E3,Q9Y297,P19838,BTRC,NFKB1,1,1,1.0,0.9352028
E3|Q9Y297|P24385,E3|Q9Y297,E3,Q9Y297,P24385,BTRC,CCND1,1,1,1.0,0.9258378
E3|Q9Y297|P24864,E3|Q9Y297,E3,Q9Y297,P24864,BTRC,CCNE1,1,1,1.0,0.9201196
E3|Q9Y297|P25963,E3|Q9Y297,E3,Q9Y297,P25963,BTRC,NFKBIA,1,1,1.0,0.9317442
E3|Q9Y297|P30291,E3|Q9Y297,E3,Q9Y297,P30291,BTRC,WEE1,1,1,1.0,0.70909065
E3|Q9Y297|P30304,E3|Q9Y297,E3,Q9Y297,P30304,BTRC,CDC25A,1,1,1.0,0.8975195
E3|Q9Y297|P30305,E3|Q9Y297,E3,Q9Y297,P30305,BTRC,CDC25B,1,1,1.0,0.91780007
E3|Q9Y297|P32314,E3|Q9Y297,E3,Q9Y297,P32314,BTRC,FOXN2,1,1,1.0,0.88413656
E3|Q9Y297|P35222,E3|Q9Y297,E3,Q9Y297,P35222,BTRC,CTNNB1,1,1,1.0,0.9093354
E3|Q9Y297|P35226,E3|Q9Y297,E3,Q9Y297,P35226,BTRC,BMI1,1,1,1.0,0.9240242
E3|Q9Y297|P35968,E3|Q9Y297,E3,Q9Y297,P35968,BTRC,KDR,1,1,1.0,0.27549756
E3|Q9Y297|P42224,E3|Q9Y297,E3,Q9Y297,P42224,BTRC,STAT1,1,1,1.0,0.8682962
E3|Q9Y297|P42574,E3|Q9Y297,E3,Q9Y297,P42574,BTRC,CASP3,1,1,1.0,0.8612956
E3|Q9Y297|P46937,E3|Q9Y297,E3,Q9Y297,P46937,BTRC,YAP1,1,1,1.0,0.9570257
E3|Q9Y297|P49841,E3|Q9Y297,E3,Q9Y297,P49841,BTRC,GSK3B,1,1,1.0,0.80410445
E3|Q9Y297|P50539,E3|Q9Y297,E3,Q9Y297,P50539,BTRC,MXI1,1,1,1.0,0.9240721
E3|Q9Y297|P50579,E3|Q9Y297,E3,Q9Y297,P50579,BTRC,METAP2,1,1,1.0,0.7028621
E3|Q9Y297|P51617,E3|Q9Y297,E3,Q9Y297,P51617,BTRC,IRAK1,1,1,1.0,0.8821951
E3|Q9Y297|P53805,E3|Q9Y297,E3,Q9Y297,P53805,BTRC,RCAN1,1,1,1.0,0.93254375
E3|Q9Y297|P54274,E3|Q9Y297,E3,Q9Y297,P54274,BTRC,TERF1,1,1,1.0,0.91507334
E3|Q9Y297|P55036,E3|Q9Y297,E3,Q9Y297,P55036,BTRC,PSMD4,1,1,1.0,0.9168941
E3|Q9Y297|P62324,E3|Q9Y297,E3,Q9Y297,P62324,BTRC,BTG1,1,1,1.0,0.9038364
E3|Q9Y297|P78543,E3|Q9Y297,E3,Q9Y297,P78543,BTRC,BTG2,1,1,1.0,0.90009266
E3|Q9Y297|P78545,E3|Q9Y297,E3,Q9Y297,P78545,BTRC,ELF3,1,1,1.0,0.9336211
E3|Q9Y297|P84022,E3|Q9Y297,E3,Q9Y297,P84022,BTRC,SMAD3,1,1,1.0,0.9316719
E3|Q9Y297|P98174,E3|Q9Y297,E3,Q9Y297,P98174,BTRC,FGD1,1,1,1.0,0.8208127
E3|Q9Y297|Q00613,E3|Q9Y297,E3,Q9Y297,Q00613,BTRC,HSF1,1,1,1.0,0.9140779
E3|Q9Y297|Q00653,E3|Q9Y297,E3,Q9Y297,Q00653,BTRC,NFKB2,1,1,1.0,0.9363084
E3|Q9Y297|Q00987,E3|Q9Y297,E3,Q9Y297,Q00987,BTRC,MDM2,1,1,1.0,0.91616315
E3|Q9Y297|Q01664,E3|Q9Y297,E3,Q9Y297,Q01664,BTRC,TFAP4,1,1,1.0,0.9140254
E3|Q9Y297|Q07820,E3|Q9Y297,E3,Q9Y297,Q07820,BTRC,MCL1,1,1,1.0,0.5817684
E3|Q9Y297|Q10589,E3|Q9Y297,E3,Q9Y297,Q10589,BTRC,BST2,1,1,1.0,0.13960709
E3|Q9Y297|Q12959,E3|Q9Y297,E3,Q9Y297,Q12959,BTRC,DLG1,1,1,1.0,0.18020357
E3|Q9Y297|Q13009,E3|Q9Y297,E3,Q9Y297,Q13009,BTRC,TIAM1,1,1,1.0,0.7459507
E3|Q9Y297|Q13127,E3|Q9Y297,E3,Q9Y297,Q13127,BTRC,REST,1,1,1.0,0.9267984
E3|Q9Y297|Q13485,E3|Q9Y297,E3,Q9Y297,Q13485,BTRC,SMAD4,1,1,1.0,0.92790294
E3|Q9Y297|Q13563,E3|Q9Y297,E3,Q9Y297,Q13563,BTRC,PKD2,1,1,1.0,0.1105459
E3|Q9Y297|Q13651,E3|Q9Y297,E3,Q9Y297,Q13651,BTRC,IL10RA,1,1,1.0,0.7868853
E3|Q9Y297|Q14103,E3|Q9Y297,E3,Q9Y297,Q14103,BTRC,HNRNPD,1,1,1.0,0.9358344
E3|Q9Y297|Q14247,E3|Q9Y297,E3,Q9Y297,Q14247,BTRC,CTTN,1,1,1.0,0.7694608
E3|Q9Y297|Q14494,E3|Q9Y297,E3,Q9Y297,Q14494,BTRC,NFE2L1,1,1,1.0,0.86874837
E3|Q9Y297|Q15653,E3|Q9Y297,E3,Q9Y297,Q15653,BTRC,NFKBIB,1,1,1.0,0.945287
E3|Q9Y297|Q15672,E3|Q9Y297,E3,Q9Y297,Q15672,BTRC,TWIST1,1,1,1.0,0.93527156
E3|Q9Y297|Q15717,E3|Q9Y297,E3,Q9Y297,Q15717,BTRC,ELAVL1,1,1,1.0,0.92819166
E3|Q9Y297|Q16236,E3|Q9Y297,E3,Q9Y297,Q16236,BTRC,NFE2L2,1,1,1.0,0.9327009
E3|Q9Y297|Q16635,E3|Q9Y297,E3,Q9Y297,Q16635,BTRC,TAZ,1,1,1.0,0.19278291
E3|Q9Y297|Q16656,E3|Q9Y297,E3,Q9Y297,Q16656,BTRC,NRF1,1,1,1.0,0.8761654
E3|Q9Y297|Q16875,E3|Q9Y297,E3,Q9Y297,Q16875,BTRC,PFKFB3,1,1,1.0,0.4779087
E3|Q9Y297|Q53EL6,E3|Q9Y297,E3,Q9Y297,Q53EL6,BTRC,PDCD4,1,1,1.0,0.89296204
E3|Q9Y297|Q5JSP0,E3|Q9Y297,E3,Q9Y297,Q5JSP0,BTRC,FGD3,1,1,1.0,0.9185015
E3|Q9Y297|Q6PGQ7,E3|Q9Y297,E3,Q9Y297,Q6PGQ7,BTRC,BORA,1,1,1.0,0.9224576
E3|Q9Y297|Q76N32,E3|Q9Y297,E3,Q9Y297,Q76N32,BTRC,CEP68,1,1,1.0,0.8369551
E3|Q9Y297|Q86T82,E3|Q9Y297,E3,Q9Y297,Q86T82,BTRC,USP37,1,1,1.0,0.92254263
E3|Q9Y297|Q8IYD8,E3|Q9Y297,E3,Q9Y297,Q8IYD8,BTRC,FANCM,1,1,1.0,0.88822085
E3|Q9Y297|Q8N668,E3|Q9Y297,E3,Q9Y297,Q8N668,BTRC,COMMD1,1,1,1.0,0.91368073
E3|Q9Y297|Q8N907,E3|Q9Y297,E3,Q9Y297,Q8N907,BTRC,DAND5,1,1,1.0,0.2909584
E3|Q9Y297|Q8NF37,E3|Q9Y297,E3,Q9Y297,Q8NF37,BTRC,LPCAT1,1,1,1.0,0.114825815
E3|Q9Y297|Q8TB45,E3|Q9Y297,E3,Q9Y297,Q8TB45,BTRC,DEPTOR,1,1,1.0,0.32100067
E3|Q9Y297|Q8TDM6,E3|Q9Y297,E3,Q9Y297,Q8TDM6,BTRC,DLG5,1,1,1.0,0.34090465
E3|Q9Y297|Q92519,E3|Q9Y297,E3,Q9Y297,Q92519,BTRC,TRIB2,1,1,1.0,0.8994144
E3|Q9Y297|Q92538,E3|Q9Y297,E3,Q9Y297,Q92538,BTRC,GBF1,1,1,1.0,0.25795066
E3|Q9Y297|Q92539,E3|Q9Y297,E3,Q9Y297,Q92539,BTRC,LPIN2,1,1,1.0,0.6734196
E3|Q9Y297|Q96K76,E3|Q9Y297,E3,Q9Y297,Q96K76,BTRC,USP47,1,1,1.0,0.92895114
E3|Q9Y297|Q96T88,E3|Q9Y297,E3,Q9Y297,Q96T88,BTRC,UHRF1,1,1,1.0,0.918867
E3|Q9Y297|Q9BZB8,E3|Q9Y297,E3,Q9Y297,Q9BZB8,BTRC,CPEB1,1,1,1.0,0.6046623
E3|Q9Y297|Q9GZV5,E3|Q9Y297,E3,Q9Y297,Q9GZV5,BTRC,WWTR1,1,1,1.0,0.8843803
E3|Q9Y297|Q9HAW4,E3|Q9Y297,E3,Q9Y297,Q9HAW4,BTRC,CLSPN,1,1,1.0,0.9017829
E3|Q9Y297|Q9NS23,E3|Q9Y297,E3,Q9Y297,Q9NS23,BTRC,RASSF1,1,1,1.0,0.89224726
E3|Q9Y297|Q9NS37,E3|Q9Y297,E3,Q9Y297,Q9NS37,BTRC,CREBZF,1,1,1.0,0.64806443
E3|Q9Y297|Q9NX09,E3|Q9Y297,E3,Q9Y297,Q9NX09,BTRC,DDIT4,1,1,1.0,0.47060892
E3|Q9Y297|Q9NYP9,E3|Q9Y297,E3,Q9Y297,Q9NYP9,BTRC,MIS18A,1,1,1.0,0.92290527
E3|Q9Y297|Q9P0N9,E3|Q9Y297,E3,Q9Y297,Q9P0N9,BTRC,TBC1D7,1,1,1.0,0.767061
E3|Q9Y297|Q9UKB1,E3|Q9Y297,E3,Q9Y297,Q9UKB1,BTRC,FBXW11,1,1,1.0,0.9331579
E3|Q9Y297|Q9UKT4,E3|Q9Y297,E3,Q9Y297,Q9UKT4,BTRC,FBXO5,1,1,1.0,0.88050675
E3|Q9Y297|Q9ULT6,E3|Q9Y297,E3,Q9Y297,Q9ULT6,BTRC,ZNRF3,1,1,1.0,0.23046282
E3|Q9Y297|Q9UM11,E3|Q9Y297,E3,Q9Y297,Q9UM11,BTRC,FZR1,1,1,1.0,0.8730794
E3|Q9Y2E6|Q9UHD2,E3|Q9Y2E6,E3,Q9Y2E6,Q9UHD2,DTX4,TBK1,1,1,1.0,0.48844415
E3|Q9Y314|P19235,E3|Q9Y314,E3,Q9Y314,P19235,NOSIP,EPOR,1,1,1.0,0.3378213
E3|Q9Y314|P67775,E3|Q9Y314,E3,Q9Y314,P67775,NOSIP,PPP2CA,1,1,1.0,0.7419577
E3|Q9Y3I1|P16150,E3|Q9Y3I1,E3,Q9Y3I1,P16150,FBXO7,SPN,1,1,1.0,0.5234886
E3|Q9Y3I1|Q12933,E3|Q9Y3I1,E3,Q9Y3I1,Q12933,FBXO7,TRAF2,1,1,1.0,0.71380115
E3|Q9Y3I1|Q13490,E3|Q9Y3I1,E3,Q9Y3I1,Q13490,FBXO7,BIRC2,1,1,1.0,0.73260605
E3|Q9Y3I1|Q15398,E3|Q9Y3I1,E3,Q9Y3I1,Q15398,FBXO7,DLGAP5,1,1,1.0,0.9020962
E3|Q9Y3I1|Q96SW2,E3|Q9Y3I1,E3,Q9Y3I1,Q96SW2,FBXO7,CRBN,1,1,1.0,0.78003
E3|Q9Y4B6|O14746,E3|Q9Y4B6,E3,Q9Y4B6,O14746,DCAF1,TERT,1,1,1.0,0.35081682
E3|Q9Y4B6|O75449,E3|Q9Y4B6,E3,Q9Y4B6,O75449,DCAF1,KATNA1,1,1,1.0,0.9206812
E3|Q9Y4B6|O95835,E3|Q9Y4B6,E3,Q9Y4B6,O95835,DCAF1,LATS1,1,1,1.0,0.94852185
E3|Q9Y4B6|P13051,E3|Q9Y4B6,E3,Q9Y4B6,P13051,DCAF1,UNG,1,1,1.0,0.619486
E3|Q9Y4B6|P30153,E3|Q9Y4B6,E3,Q9Y4B6,P30153,DCAF1,PPP2R1A,1,1,1.0,0.8305509
E3|Q9Y4B6|P35240,E3|Q9Y4B6,E3,Q9Y4B6,P35240,VPRBP,NF2,1,1,1.0,0.7900114
E3|Q9Y4B6|Q7L590,E3|Q9Y4B6,E3,Q9Y4B6,Q7L590,DCAF1,MCM10,1,1,1.0,0.6256294
E3|Q9Y4B6|Q8IXI2,E3|Q9Y4B6,E3,Q9Y4B6,Q8IXI2,VPRBP,PPP2R1A,1,1,1.0,0.39742678
E3|Q9Y4B6|Q9NRM7,E3|Q9Y4B6,E3,Q9Y4B6,Q9NRM7,DCAF1,LATS2,1,1,1.0,0.7749425
E3|Q9Y4B6|Q9Y3Z3,E3|Q9Y4B6,E3,Q9Y4B6,Q9Y3Z3,DCAF1,SAMHD1,1,1,1.0,0.40422204
E3|Q9Y4X5|O60573,E3|Q9Y4X5,E3,Q9Y4X5,O60573,ARIH1,EIF4E2,1,1,1.0,0.8732781
E3|Q9Y4X5|Q14190,E3|Q9Y4X5,E3,Q9Y4X5,Q14190,ARIH1,SIM2,1,1,1.0,0.8129435
DUB|O00487|O95863,DUB|O00487,DUB,O00487,O95863,PSMD14,SNAI1,1,1,1.0,0.69095576
DUB|O00487|P01584,DUB|O00487,DUB,O00487,P01584,PSMD14,IL1B,1,1,1.0,0.6277324
DUB|O00487|P04626,DUB|O00487,DUB,O00487,P04626,PSMD14,ERBB2,1,1,1.0,0.22192362
DUB|O00487|P62993,DUB|O00487,DUB,O00487,P62993,PSMD14,GRB2,1,1,1.0,0.33592135
DUB|O00487|Q01860,DUB|O00487,DUB,O00487,Q01860,PSMD14,POU5F1,1,1,1.0,0.666223
DUB|O00487|Q04771,DUB|O00487,DUB,O00487,Q04771,PSMD14,ACVR1,1,1,1.0,0.26015276
DUB|P35125|A2AIR5,DUB|P35125,DUB,P35125,A2AIR5,USP6,Grin3a,1,1,1.0,0.6297108
DUB|P35125|P05412,DUB|P35125,DUB,P35125,P05412,USP6,JUN,1,1,1.0,0.6479571
DUB|P35125|P14780,DUB|P35125,DUB,P35125,P14780,USP6,MMP9,1,1,1.0,0.7433343
DUB|P35125|Q05586,DUB|P35125,DUB,P35125,Q05586,USP6,GRIN1,1,1,1.0,0.5357264
DUB|P54578|O14641,DUB|P54578,DUB,P54578,O14641,USP14,DVL2,1,1,1.0,0.92760247
DUB|P54578|O14920,DUB|P54578,DUB,P54578,O14920,USP14,IKBKB,1,1,1.0,0.61897755
DUB|P54578|O95786,DUB|P54578,DUB,P54578,O95786,USP14,DDX58,1,1,1.0,0.7930071
DUB|P54578|P08670,DUB|P54578,DUB,P54578,P08670,USP14,VIM,1,1,1.0,0.8934616
DUB|P54578|P10275,DUB|P54578,DUB,P54578,P10275,USP14,AR,1,1,1.0,0.58567584
DUB|P54578|P12956,DUB|P54578,DUB,P54578,P12956,USP14,XRCC6,1,1,1.0,0.62942964
DUB|P54578|P14635,DUB|P54578,DUB,P54578,P14635,USP14,CCNB1,1,1,1.0,0.95112765
DUB|P54578|P25963,DUB|P54578,DUB,P54578,P25963,USP14,NFKBIA,1,1,1.0,0.67938316
DUB|P54578|P35222,DUB|P54578,DUB,P54578,P35222,USP14,CTNNB1,1,1,1.0,0.8339701
DUB|P54578|P61073,DUB|P54578,DUB,P54578,P61073,USP14,CXCR4,1,1,1.0,0.82343924
DUB|P54578|Q14457,DUB|P54578,DUB,P54578,Q14457,USP14,BECN1,1,1,1.0,0.9303151
DUB|P54578|Q86WI3,DUB|P54578,DUB,P54578,Q86WI3,USP14,NLRC5,1,1,1.0,0.608542
DUB|P54578|Q96GD4,DUB|P54578,DUB,P54578,Q96GD4,USP14,AURKB,1,1,1.0,0.7596349
DUB|P54578|Q96RJ0,DUB|P54578,DUB,P54578,Q96RJ0,USP14,TAAR1,1,1,1.0,0.77938783
DUB|P54578|Q9H5J4,DUB|P54578,DUB,P54578,Q9H5J4,USP14,ELOVL6,1,1,1.0,0.8580127
DUB|P54578|Q9NYJ8,DUB|P54578,DUB,P54578,Q9NYJ8,USP14,TAB2,1,1,1.0,0.9011785
DUB|P54578|Q9UBS5,DUB|P54578,DUB,P54578,Q9UBS5,USP14,GABBR1,1,1,1.0,0.8305898
DUB|P54578|Q9UPN3,DUB|P54578,DUB,P54578,Q9UPN3,USP14,MACF1,1,1,1.0,0.86077386
DUB|Q4G0A6|Q08050,DUB|Q4G0A6,DUB,Q4G0A6,Q08050,MINDY4,FOXM1,1,1,1.0,0.4576073
DUB|Q70EK9|P37275,DUB|Q70EK9,DUB,Q70EK9,P37275,USP51,ZEB1,1,1,1.0,0.8228861
DUB|Q70EK9|P62807,DUB|Q70EK9,DUB,Q70EK9,P62807,USP51,HIST1H2BI,1,1,1.0,0.79967344
DUB|Q70EK9|Q16777,DUB|Q70EK9,DUB,Q70EK9,Q16777,USP51,HIST2H2AC,1,1,1.0,0.88540757
DUB|Q70EK9|Q8WYQ5,DUB|Q70EK9,DUB,Q70EK9,Q8WYQ5,USP51,DGCR8,1,1,1.0,0.6323517
DUB|Q8N5J2|P46937,DUB|Q8N5J2,DUB,Q8N5J2,P46937,MINDY1,YAP1,1,1,1.0,0.3407483
DUB|Q8NB14|O60341,DUB|Q8NB14,DUB,Q8NB14,O60341,USP38,KDM1A,1,1,1.0,0.87136334
DUB|Q8NB14|P01106,DUB|Q8NB14,DUB,Q8NB14,P01106,USP38,MYC,1,1,1.0,0.84623986
DUB|Q8NB14|Q9UHD2,DUB|Q8NB14,DUB,Q8NB14,Q9UHD2,USP38,TBK1,1,1,1.0,0.4636341
DUB|Q96DX7|Q16665,DUB|Q96DX7,DUB,Q96DX7,Q16665,TRIM44,HIF1A,1,1,1.0,0.3151617
DUB|Q96DX7|Q9Y577,DUB|Q96DX7,DUB,Q96DX7,Q9Y577,TRIM44,TRIM17,1,1,1.0,0.32026675
DUB|Q96F44|Q16828,DUB|Q96F44,DUB,Q96F44,Q16828,TRIM11,DUSP6,1,1,1.0,0.47138652
DUB|Q96K76|O95863,DUB|Q96K76,DUB,Q96K76,O95863,USP47,SNAI1,1,1,1.0,0.9321297
DUB|Q96K76|P06746,DUB|Q96K76,DUB,Q96K76,P06746,USP47,POLB,1,1,1.0,0.9150754
DUB|Q96K76|P12830,DUB|Q96K76,DUB,Q96K76,P12830,USP47,CDH1,1,1,1.0,0.27974328
DUB|Q96K76|P35222,DUB|Q96K76,DUB,Q96K76,P35222,USP47,CTNNB1,1,1,1.0,0.89930767
DUB|Q96K76|Q9UGP5,DUB|Q96K76,DUB,Q96K76,Q9UGP5,USP47,POLL,1,1,1.0,0.743266
DUB|Q9P2H5|P03372,DUB|Q9P2H5,DUB,Q9P2H5,P03372,USP35,ESR1,1,1,1.0,0.8801745
DUB|Q9P2H5|P21796,DUB|Q9P2H5,DUB,Q9P2H5,P21796,USP35,VDAC1,1,1,1.0,0.68119615
DUB|Q9P2H5|Q8NFZ5,DUB|Q9P2H5,DUB,Q9P2H5,Q8NFZ5,USP35,TNIP2,1,1,1.0,0.7513472
DUB|Q9P2H5|Q96GD4,DUB|Q9P2H5,DUB,Q9P2H5,Q96GD4,USP35,AURKB,1,1,1.0,0.8658559
DUB|Q9UGI0|Q15910,DUB|Q9UGI0,DUB,Q9UGI0,Q15910,ZRANB1,EZH2,1,1,1.0,0.8581169
DUB|Q9UGI0|Q8NEB9,DUB|Q9UGI0,DUB,Q9UGI0,Q8NEB9,ZRANB1,PIK3C3,1,1,1.0,0.6017541
DUB|Q9UGI0|Q9P2Y5,DUB|Q9UGI0,DUB,Q9UGI0,Q9P2Y5,ZRANB1,UVRAG,1,1,1.0,0.23562467
DUB|Q9UGI0|Q9ULT8,DUB|Q9UGI0,DUB,Q9UGI0,Q9ULT8,ZRANB1,HECTD1,1,1,1.0,0.64510006
DUB|Q9UK80|O95760,DUB|Q9UK80,DUB,Q9UK80,O95760,USP21,IL33,1,1,1.0,0.34305486
DUB|Q9UK80|O95786,DUB|Q9UK80,DUB,Q9UK80,O95786,USP21,DDX58,1,1,1.0,0.838683
DUB|Q9UK80|P0C0S8,DUB|Q9UK80,DUB,Q9UK80,P0C0S8,USP21,HIST1H2AM,1,1,1.0,0.90545267
DUB|Q9UK80|P15407,DUB|Q9UK80,DUB,Q9UK80,P15407,USP21,FOSL1,1,1,1.0,0.90741
DUB|Q9UK80|P23771,DUB|Q9UK80,DUB,Q9UK80,P23771,USP21,GATA3,1,1,1.0,0.9240163
DUB|Q9UK80|P36507,DUB|Q9UK80,DUB,Q9UK80,P36507,USP21,MAP2K2,1,1,1.0,0.5819652
DUB|Q9UK80|P51587,DUB|Q9UK80,DUB,Q9UK80,P51587,USP21,BRCA2,1,1,1.0,0.8529317
DUB|Q9UK80|Q08050,DUB|Q9UK80,DUB,Q9UK80,Q08050,USP21,FOXM1,1,1,1.0,0.86586374
DUB|Q9UK80|Q13546,DUB|Q9UK80,DUB,Q9UK80,Q13546,USP21,RIPK1,1,1,1.0,0.52162004
DUB|Q9UK80|Q15910,DUB|Q9UK80,DUB,Q9UK80,Q15910,USP21,EZH2,1,1,1.0,0.867999
DUB|Q9UK80|Q16777,DUB|Q9UK80,DUB,Q9UK80,Q16777,USP21,HIST2H2AC,1,1,1.0,0.8987468
DUB|Q9UK80|Q86WV6,DUB|Q9UK80,DUB,Q9UK80,Q86WV6,USP21,TMEM173,1,1,1.0,0.8503575
DUB|Q9UK80|Q9BZS1,DUB|Q9UK80,DUB,Q9UK80,Q9BZS1,USP21,FOXP3,1,1,1.0,0.88037395
DUB|Q9UK80|Q9H9S0,DUB|Q9UK80,DUB,Q9UK80,Q9H9S0,USP21,NANOG,1,1,1.0,0.9255227
DUB|Q9UK80|Q9UIF9,DUB|Q9UK80,DUB,Q9UK80,Q9UIF9,USP21,BAZ2A,1,1,1.0,0.876261
DUB|Q9Y4E8|O15111,DUB|Q9Y4E8,DUB,Q9Y4E8,O15111,USP15,CHUK,1,1,1.0,0.8556881
DUB|Q9Y4E8|O43541,DUB|Q9Y4E8,DUB,Q9Y4E8,O43541,USP15,SMAD6,1,1,1.0,0.9275509
DUB|Q9Y4E8|O95140,DUB|Q9Y4E8,DUB,Q9Y4E8,O95140,USP15,MFN2,1,1,1.0,0.5955458
DUB|Q9Y4E8|O95786,DUB|Q9Y4E8,DUB,Q9Y4E8,O95786,USP15,DDX58,1,1,1.0,0.94848925
DUB|Q9Y4E8|P21796,DUB|Q9Y4E8,DUB,Q9Y4E8,P21796,USP15,VDAC1,1,1,1.0,0.5653307
DUB|Q9Y4E8|P25054,DUB|Q9Y4E8,DUB,Q9Y4E8,P25054,USP15,APC,1,1,1.0,0.9360004
DUB|Q9Y4E8|P25963,DUB|Q9Y4E8,DUB,Q9Y4E8,P25963,USP15,NFKBIA,1,1,1.0,0.872428
DUB|Q9Y4E8|P35222,DUB|Q9Y4E8,DUB,Q9Y4E8,P35222,USP15,CTNNB1,1,1,1.0,0.957745
DUB|Q9Y4E8|P35659,DUB|Q9Y4E8,DUB,Q9Y4E8,P35659,USP15,DEK,1,1,1.0,0.8539914
DUB|Q9Y4E8|P36894,DUB|Q9Y4E8,DUB,Q9Y4E8,P36894,USP15,BMPR1A,1,1,1.0,0.37713927
DUB|Q9Y4E8|P36897,DUB|Q9Y4E8,DUB,Q9Y4E8,P36897,USP15,TGFBR1,1,1,1.0,0.40359774
DUB|Q9Y4E8|P42574,DUB|Q9Y4E8,DUB,Q9Y4E8,P42574,USP15,CASP3,1,1,1.0,0.8689595
DUB|Q9Y4E8|P51449,DUB|Q9Y4E8,DUB,Q9Y4E8,P51449,USP15,RORC,1,1,1.0,0.85875654
DUB|Q9Y4E8|P55212,DUB|Q9Y4E8,DUB,Q9Y4E8,P55212,USP15,CASP6,1,1,1.0,0.910058
DUB|Q9Y4E8|P60842,DUB|Q9Y4E8,DUB,Q9Y4E8,P60842,USP15,EIF4A1,1,1,1.0,0.8719221
DUB|Q9Y4E8|P62807,DUB|Q9Y4E8,DUB,Q9Y4E8,P62807,USP15,HIST1H2BI,1,1,1.0,0.6210898
DUB|Q9Y4E8|P62877,DUB|Q9Y4E8,DUB,Q9Y4E8,P62877,USP15,RBX1,1,1,1.0,0.9395102
DUB|Q9Y4E8|P84022,DUB|Q9Y4E8,DUB,Q9Y4E8,P84022,USP15,SMAD3,1,1,1.0,0.91689056
DUB|Q9Y4E8|Q00987,DUB|Q9Y4E8,DUB,Q9Y4E8,Q00987,USP15,MDM2,1,1,1.0,0.85550654
DUB|Q9Y4E8|Q04206,DUB|Q9Y4E8,DUB,Q9Y4E8,Q04206,USP15,RELA,1,1,1.0,0.90327674
DUB|Q9Y4E8|Q13127,DUB|Q9Y4E8,DUB,Q9Y4E8,Q13127,USP15,REST,1,1,1.0,0.84072256
DUB|Q9Y4E8|Q13451,DUB|Q9Y4E8,DUB,Q9Y4E8,Q13451,USP15,FKBP5,1,1,1.0,0.87229735
DUB|Q9Y4E8|Q13501,DUB|Q9Y4E8,DUB,Q9Y4E8,Q13501,USP15,SQSTM1,1,1,1.0,0.93205494
DUB|Q9Y4E8|Q14145,DUB|Q9Y4E8,DUB,Q9Y4E8,Q14145,USP15,KEAP1,1,1,1.0,0.8562011
DUB|Q9Y4E8|Q14258,DUB|Q9Y4E8,DUB,Q9Y4E8,Q14258,USP15,TRIM25,1,1,1.0,0.91739947
DUB|Q9Y4E8|Q14494,DUB|Q9Y4E8,DUB,Q9Y4E8,Q14494,USP15,NFE2L1,1,1,1.0,0.9425613
DUB|Q9Y4E8|Q15020,DUB|Q9Y4E8,DUB,Q9Y4E8,Q15020,USP15,SART3,1,1,1.0,0.90494466
DUB|Q9Y4E8|Q15796,DUB|Q9Y4E8,DUB,Q9Y4E8,Q15796,USP15,SMAD2,1,1,1.0,0.91748667
DUB|Q9Y4E8|Q15797,DUB|Q9Y4E8,DUB,Q9Y4E8,Q15797,USP15,SMAD1,1,1,1.0,0.91289574
DUB|Q9Y4E8|Q16656,DUB|Q9Y4E8,DUB,Q9Y4E8,Q16656,USP15,NRF1,1,1,1.0,0.7857362
DUB|Q9Y4E8|Q16778,DUB|Q9Y4E8,DUB,Q9Y4E8,Q16778,USP15,HIST2H2BE,1,1,1.0,0.60783976
DUB|Q9Y4E8|Q6N021,DUB|Q9Y4E8,DUB,Q9Y4E8,Q6N021,USP15,TET2,1,1,1.0,0.9196035
DUB|Q9Y4E8|Q7Z569,DUB|Q9Y4E8,DUB,Q9Y4E8,Q7Z569,USP15,BRAP,1,1,1.0,0.92787725
DUB|Q9Y4E8|Q8WWY3,DUB|Q9Y4E8,DUB,Q9Y4E8,Q8WWY3,USP15,PRPF31,1,1,1.0,0.8635824
DUB|Q9Y4E8|Q9H257,DUB|Q9Y4E8,DUB,Q9Y4E8,Q9H257,USP15,CARD9,1,1,1.0,0.8920672
DUB|Q9Y4E8|Q9HAU4,DUB|Q9Y4E8,DUB,Q9Y4E8,Q9HAU4,USP15,SMURF2,1,1,1.0,0.93481517
DUB|Q9Y4E8|Q9NVV4,DUB|Q9Y4E8,DUB,Q9Y4E8,Q9NVV4,USP15,MTPAP,1,1,1.0,0.9271756
DUB|Q9Y4E8|Q9UHD2,DUB|Q9Y4E8,DUB,Q9Y4E8,Q9UHD2,USP15,TBK1,1,1,1.0,0.8544576
E3|O14543|Q9P055,E3|O14543,E3,O14543,Q9P055,SOCS3,JKAMP,0,1,0.0,0.21010655
E3|O14543|P55895,E3|O14543,E3,O14543,P55895,SOCS3,RAG2,0,1,0.0,0.38223106
E3|O14543|Q99717,E3|O14543,E3,O14543,Q99717,SOCS3,SMAD5,0,1,0.0,0.66524726
E3|O14543|P33993,E3|O14543,E3,O14543,P33993,SOCS3,MCM7,0,1,0.0,0.5929879
E3|O14543|Q7Z698,E3|O14543,E3,O14543,Q7Z698,SOCS3,SPRED2,0,1,0.0,0.356286
E3|O14543|Q13535,E3|O14543,E3,O14543,Q13535,SOCS3,ATR,0,1,0.0,0.524874
E3|O14543|Q8IZ07,E3|O14543,E3,O14543,Q8IZ07,SOCS3,ANKRD13A,0,1,0.0,0.3123848
E3|O15344|Q96KB5,E3|O15344,E3,O15344,Q96KB5,MID1,PBK,0,1,0.0,0.5067805
E3|O15344|Q8WXF7,E3|O15344,E3,O15344,Q8WXF7,MID1,ATL1,0,1,0.0,0.19471419
E3|O15344|Q9NV92,E3|O15344,E3,O15344,Q9NV92,MID1,NDFIP2,0,1,0.0,0.20726518
E3|O15344|O75473,E3|O15344,E3,O15344,O75473,MID1,LGR5,0,1,0.0,0.17822802
E3|O15344|P06127,E3|O15344,E3,O15344,P06127,MID1,CD5,0,1,0.0,0.17597863
E3|O15344|P42336,E3|O15344,E3,O15344,P42336,MID1,PIK3CA,0,1,0.0,0.373467
E3|O15344|P80192,E3|O15344,E3,O15344,P80192,MID1,MAP3K9,0,1,0.0,0.3524784
E3|O15344|P46109,E3|O15344,E3,O15344,P46109,MID1,CRKL,0,1,0.0,0.45311272
E3|O15524|P10523,E3|O15524,E3,O15524,P10523,SOCS1,SAG,0,1,0.0,0.761509
E3|O15524|P0C209,E3|O15524,E3,O15524,P0C209,SOCS1,gag,0,1,0.0,0.1404542
E3|O15524|Q8N907,E3|O15524,E3,O15524,Q8N907,SOCS1,DAND5,0,1,0.0,0.2700881
E3|O15524|P55211,E3|O15524,E3,O15524,P55211,SOCS1,CASP9,0,1,0.0,0.6583139
E3|O43734|P27986,E3|O43734,E3,O43734,P27986,TRAF3IP2,PIK3R1,0,1,0.0,0.18957487
E3|O43734|Q13563,E3|O43734,E3,O43734,Q13563,TRAF3IP2,PKD2,0,1,0.0,0.10678034
E3|O60260|Q8NEG5,E3|O60260,E3,O60260,Q8NEG5,PARK2,ZSWIM2,0,1,0.0,0.06834456
E3|O60260|O00418,E3|O60260,E3,O60260,O00418,PARK2,EEF2K,0,1,0.0,0.7210831
E3|O60260|P04085,E3|O60260,E3,O60260,P04085,PARK2,PDGFA,0,1,0.0,0.70349544
E3|O60260|P80192,E3|O60260,E3,O60260,P80192,PARK2,MAP3K9,0,1,0.0,0.63970256
E3|O60260|Q569H4,E3|O60260,E3,O60260,Q569H4,PARK2,PRR16,0,1,0.0,0.6060572
E3|O60260|P05777,E3|O60260,E3,O60260,P05777,PARK2,M,0,1,0.0,0.13455677
E3|O60260|Q92918,E3|O60260,E3,O60260,Q92918,PARK2,MAP4K1,0,1,0.0,0.6548005
E3|O60260|Q14324,E3|O60260,E3,O60260,Q14324,PARK2,MYBPC2,0,1,0.0,0.6944591
E3|O60260|Q15726,E3|O60260,E3,O60260,Q15726,PARK2,KISS1,0,1,0.0,0.7225033
E3|O60260|P14076,E3|O60260,E3,O60260,P14076,PARK2,gag,0,1,0.0,0.21587391
E3|O60260|P43360,E3|O60260,E3,O60260,P43360,PARK2,MAGEA6,0,1,0.0,0.63706595
E3|O75382|Q9UKV5,E3|O75382,E3,O75382,Q9UKV5,TRIM3,AMFR,0,1,0.0,0.8645256
E3|O94889|Q9Y5M8,E3|O94889,E3,O94889,Q9Y5M8,KLHL18,SRPRB,0,1,0.0,0.60615736
E3|O94889|Q86U70,E3|O94889,E3,O94889,Q86U70,KLHL18,LDB1,0,1,0.0,0.20055225
E3|O95835|O75444,E3|O95835,E3,O95835,O75444,LATS1,MAF,0,1,0.0,0.8157741
E3|P10523|Q16589,E3|P10523,E3,P10523,Q16589,SAG,CCNG2,0,1,0.0,0.17199299
E3|P10523|Q8IUE6,E3|P10523,E3,P10523,Q8IUE6,SAG,H2AC21,0,1,0.0,0.13356157
E3|P10523|Q9H5N1,E3|P10523,E3,P10523,Q9H5N1,SAG,RABEP2,0,1,0.0,0.54493254
E3|P10523|Q99836,E3|P10523,E3,P10523,Q99836,SAG,MYD88,0,1,0.0,0.42821786
E3|P10523|Q8NFZ5,E3|P10523,E3,P10523,Q8NFZ5,SAG,TNIP2,0,1,0.0,0.26075447
E3|P10523|P55895,E3|P10523,E3,P10523,P55895,SAG,RAG2,0,1,0.0,0.18049788
E3|P10523|P10275,E3|P10523,E3,P10523,P10275,SAG,AR,0,1,0.0,0.1847203
E3|P10523|P11441,E3|P10523,E3,P10523,P11441,SAG,UBL4A,0,1,0.0,0.66494095
E3|P10523|Q8NEB9,E3|P10523,E3,P10523,Q8NEB9,SAG,PIK3C3,0,1,0.0,0.32204974
E3|P10523|Q96BF6,E3|P10523,E3,P10523,Q96BF6,SAG,NACC2,0,1,0.0,0.15503897
E3|P10523|Q9UIH9,E3|P10523,E3,P10523,Q9UIH9,SAG,KLF15,0,1,0.0,0.19372761
E3|P10523|P00558,E3|P10523,E3,P10523,P00558,SAG,PGK1,0,1,0.0,0.75573426
E3|P15918|P61254,E3|P15918,E3,P15918,P61254,RAG1,RPL26,0,1,0.0,0.78720236
E3|P15918|P51795,E3|P15918,E3,P15918,P51795,RAG1,CLCN5,0,1,0.0,0.14082229
E3|P15918|O43318,E3|P15918,E3,P15918,O43318,RAG1,MAP3K7,0,1,0.0,0.75528353
E3|P15918|Q08499,E3|P15918,E3,P15918,Q08499,RAG1,PDE4D,0,1,0.0,0.75467336
E3|P21580|P03956,E3|P21580,E3,P21580,P03956,TNFAIP3,MMP1,0,1,0.0,0.8772877
E3|P21580|P41180,E3|P21580,E3,P21580,P41180,TNFAIP3,CASR,0,1,0.0,0.85303587
E3|P21580|Q99714,E3|P21580,E3,P21580,Q99714,TNFAIP3,PTPN5,0,1,0.0,0.86666405
E3|P22681|Q08999,E3|P22681,E3,P22681,Q08999,CBL,RBL2,0,1,0.0,0.24808872
E3|P22681|Q9NQB0,E3|P22681,E3,P22681,Q9NQB0,CBL,TCF7L2,0,1,0.0,0.26655063
E3|P22681|Q15742,E3|P22681,E3,P22681,Q15742,CBL,NAB2,0,1,0.0,0.37597552
E3|P22681|O00308,E3|P22681,E3,P22681,O00308,CBL,WWP2,0,1,0.0,0.5424537
E3|P22681|P37275,E3|P22681,E3,P22681,P37275,CBL,ZEB1,0,1,0.0,0.28831586
E3|P22681|Q7L8J4,E3|P22681,E3,P22681,Q7L8J4,CBL,SH3BP5L,0,1,0.0,0.30264303
E3|P22681|O60381,E3|P22681,E3,P22681,O60381,CBL,HBP1,0,1,0.0,0.27298465
E3|P22681|Q12888,E3|P22681,E3,P22681,Q12888,CBL,TP53BP1,0,1,0.0,0.26239994
E3|P22681|P17947,E3|P22681,E3,P22681,P17947,CBL,SPI1,0,1,0.0,0.25119278
E3|P22681|P62487,E3|P22681,E3,P22681,P62487,CBL,POLR2G,0,1,0.0,0.34349036
E3|P22681|P50458,E3|P22681,E3,P22681,P50458,CBL,LHX2,0,1,0.0,0.22399655
E3|P22681|Q9H9R9,E3|P22681,E3,P22681,Q9H9R9,CBL,DBNDD1,0,1,0.0,0.8244929
E3|P22681|Q14190,E3|P22681,E3,P22681,Q14190,CBL,SIM2,0,1,0.0,0.3293373
E3|P22681|P02751,E3|P22681,E3,P22681,P02751,CBL,FN1,0,1,0.0,0.91525584
E3|P22681|P43694,E3|P22681,E3,P22681,P43694,CBL,GATA4,0,1,0.0,0.28443727
E3|P22681|P31937,E3|P22681,E3,P22681,P31937,CBL,HIBADH,0,1,0.0,0.81924254
E3|P22681|P15173,E3|P22681,E3,P22681,P15173,CBL,MYOG,0,1,0.0,0.23207055
E3|P22681|Q15386,E3|P22681,E3,P22681,Q15386,CBL,UBE3C,0,1,0.0,0.6629426
E3|P22681|P61968,E3|P22681,E3,P22681,P61968,CBL,LMO4,0,1,0.0,0.22126745
E3|P22681|P19237,E3|P22681,E3,P22681,P19237,CBL,TNNI1,0,1,0.0,0.2719741
E3|P22681|Q9NXR8,E3|P22681,E3,P22681,Q9NXR8,CBL,ING3,0,1,0.0,0.20881005
E3|P22681|Q86U70,E3|P22681,E3,P22681,Q86U70,CBL,LDB1,0,1,0.0,0.21738786
E3|P22681|P15923,E3|P22681,E3,P22681,P15923,CBL,TCF3,0,1,0.0,0.21065773
E3|P22681|P12004,E3|P22681,E3,P22681,P12004,CBL,PCNA,0,1,0.0,0.32725728
E3|P22681|O00330,E3|P22681,E3,P22681,O00330,CBL,PDHX,0,1,0.0,0.8470127
E3|P22681|P08678,E3|P22681,E3,P22681,P08678,CBL,CYR1,0,1,0.0,0.22049804
E3|P22681|P54725,E3|P22681,E3,P22681,P54725,CBL,RAD23A,0,1,0.0,0.6142093
E3|P22681|P20700,E3|P22681,E3,P22681,P20700,CBL,LMNB1,0,1,0.0,0.5207542
E3|P22681|P12755,E3|P22681,E3,P22681,P12755,CBL,SKI,0,1,0.0,0.2725734
E3|P22681|P10244,E3|P22681,E3,P22681,P10244,CBL,MYBL2,0,1,0.0,0.24666145
E3|P22681|P10193,E3|P22681,E3,P22681,P10193,CBL,UL9,0,1,0.0,0.22051756
E3|P22681|O75417,E3|P22681,E3,P22681,O75417,CBL,POLQ,0,1,0.0,0.21757866
E3|P22681|Q9NS37,E3|P22681,E3,P22681,Q9NS37,CBL,CREBZF,0,1,0.0,0.70252156
E3|P22681|O76021,E3|P22681,E3,P22681,O76021,CBL,RSL1D1,0,1,0.0,0.31349212
E3|P22681|Q99814,E3|P22681,E3,P22681,Q99814,CBL,EPAS1,0,1,0.0,0.3291621
E3|P22681|P49450,E3|P22681,E3,P22681,P49450,CBL,CENPA,0,1,0.0,0.28216064
E3|P22681|O60885,E3|P22681,E3,P22681,O60885,CBL,BRD4,0,1,0.0,0.2911485
E3|P29372|P26006,E3|P29372,E3,P29372,P26006,MPG,ITGA3,0,1,0.0,0.27819192
E3|P29372|Q14114,E3|P29372,E3,P29372,Q14114,MPG,LRP8,0,1,0.0,0.28822634
E3|P41002|Q99759,E3|P41002,E3,P41002,Q99759,CCNF,MAP3K3,0,1,0.0,0.63377136
E3|P41002|O15503,E3|P41002,E3,P41002,O15503,CCNF,INSIG1,0,1,0.0,0.301273
E3|P41002|Q8WU17,E3|P41002,E3,P41002,Q8WU17,CCNF,RNF139,0,1,0.0,0.21188775
E3|P62253|Q92542,E3|P62253,E3,P62253,Q92542,UBE2G1,NCSTN,0,1,0.0,0.77054816
E3|P62253|O43313,E3|P62253,E3,P62253,O43313,UBE2G1,ATMIN,0,1,0.0,0.14035188
E3|P62877|P16471,E3|P62877,E3,P62877,P16471,RBX1,PRLR,0,1,0.0,0.60936075
E3|P62877|Q99759,E3|P62877,E3,P62877,Q99759,RBX1,MAP3K3,0,1,0.0,0.7270511
E3|P62877|Q7Z434,E3|P62877,E3,P62877,Q7Z434,RBX1,MAVS,0,1,0.0,0.8703436
E3|P90489|P22681,E3|P90489,E3,P90489,P22681,K5,CBL,0,1,0.0,0.20135021
E3|P90489|Q5JSP0,E3|P90489,E3,P90489,Q5JSP0,K5,FGD3,0,1,0.0,0.21003892
E3|P90489|Q15784,E3|P90489,E3,P90489,Q15784,K5,NEUROD2,0,1,0.0,0.60988164
E3|P90489|Q6PGQ7,E3|P90489,E3,P90489,Q6PGQ7,K5,BORA,0,1,0.0,0.5329024
E3|P90489|Q71DI3,E3|P90489,E3,P90489,Q71DI3,K5,H3C15,0,1,0.0,0.3009833
E3|P90489|P38936,E3|P90489,E3,P90489,P38936,K5,CDKN1A,0,1,0.0,0.657666
E3|P90489|Q9H492,E3|P90489,E3,P90489,Q9H492,K5,MAP1LC3A,0,1,0.0,0.25066343
E3|P90489|Q12824,E3|P90489,E3,P90489,Q12824,K5,SMARCB1,0,1,0.0,0.65564215
E3|P90489|Q8NEG5,E3|P90489,E3,P90489,Q8NEG5,K5,ZSWIM2,0,1,0.0,0.30134597
E3|P90489|Q96PH1,E3|P90489,E3,P90489,Q96PH1,K5,NOX5,0,1,0.0,0.20842423
E3|P90489|Q99801,E3|P90489,E3,P90489,Q99801,K5,NKX3-1,0,1,0.0,0.6827307
E3|P90489|P08393,E3|P90489,E3,P90489,P08393,K5,ICP0,0,1,0.0,0.2987776
E3|P90489|Q9Y508,E3|P90489,E3,P90489,Q9Y508,K5,RNF114,0,1,0.0,0.52721494
E3|P90489|Q9P1Z2,E3|P90489,E3,P90489,Q9P1Z2,K5,CALCOCO1,0,1,0.0,0.6365076
E3|P90489|Q9P126,E3|P90489,E3,P90489,Q9P126,K5,CLEC1B,0,1,0.0,0.27920753
E3|P90489|P62330,E3|P90489,E3,P90489,P62330,K5,ARF6,0,1,0.0,0.20257875
E3|Q05086|Q96EQ8,E3|Q05086,E3,Q05086,Q96EQ8,UBE3A,RNF125,0,1,0.0,0.27159354
E3|Q05086|Q00059,E3|Q05086,E3,Q05086,Q00059,UBE3A,TFAM,0,1,0.0,0.90603155
E3|Q05086|Q8IXI2,E3|Q05086,E3,Q05086,Q8IXI2,UBE3A,RHOT1,0,1,0.0,0.15152146
E3|Q05086|O60858,E3|Q05086,E3,Q05086,O60858,UBE3A,TRIM13,0,1,0.0,0.14952247
E3|Q05086|P80192,E3|Q05086,E3,Q05086,P80192,UBE3A,MAP3K9,0,1,0.0,0.19772872
E3|Q05086|O76074,E3|Q05086,E3,Q05086,O76074,UBE3A,PDE5A,0,1,0.0,0.8885894
E3|Q05086|P29475,E3|Q05086,E3,Q05086,P29475,UBE3A,NOS1,0,1,0.0,0.48241708
E3|Q05086|P49675,E3|Q05086,E3,Q05086,P49675,UBE3A,STAR,0,1,0.0,0.1984247
E3|Q05086|P08678,E3|Q05086,E3,Q05086,P08678,UBE3A,CYR1,0,1,0.0,0.41737783
E3|Q05086|P15813,E3|Q05086,E3,Q05086,P15813,UBE3A,CD1D,0,1,0.0,0.113214314
E3|Q05086|P01023,E3|Q05086,E3,Q05086,P01023,UBE3A,A2M,0,1,0.0,0.08230086
E3|Q05086|P02765,E3|Q05086,E3,Q05086,P02765,UBE3A,AHSG,0,1,0.0,0.10576915
E3|Q05086|P41180,E3|Q05086,E3,Q05086,P41180,UBE3A,CASR,0,1,0.0,0.09678033
E3|Q05086|Q15849,E3|Q05086,E3,Q05086,Q15849,UBE3A,SLC14A2,0,1,0.0,0.92052895
E3|Q05086|P15260,E3|Q05086,E3,Q05086,P15260,UBE3A,IFNGR1,0,1,0.0,0.102359176
E3|Q05086|Q9BYM8,E3|Q05086,E3,Q05086,Q9BYM8,UBE3A,RBCK1,0,1,0.0,0.8541873
E3|Q05086|P46695,E3|Q05086,E3,Q05086,P46695,UBE3A,IER3,0,1,0.0,0.61045194
E3|Q05086|O43734,E3|Q05086,E3,Q05086,O43734,UBE3A,TRAF3IP2,0,1,0.0,0.91763943
E3|Q07869|Q93070,E3|Q07869,E3,Q07869,Q93070,PPARA,ART4,0,1,0.0,0.09235361
E3|Q13829|P78504,E3|Q13829,E3,Q13829,P78504,TNFAIP1,JAG1,0,1,0.0,0.6497561
E3|Q13829|Q8N8V4,E3|Q13829,E3,Q13829,Q8N8V4,TNFAIP1,ANKS4B,0,1,0.0,0.681865
E3|Q14258|Q13233,E3|Q14258,E3,Q14258,Q13233,TRIM25,MAP3K1,0,1,0.0,0.84865695
E3|Q14258|P01912,E3|Q14258,E3,Q14258,P01912,TRIM25,HLA-DRB1,0,1,0.0,0.07473871
E3|Q14258|P43003,E3|Q14258,E3,Q14258,P43003,TRIM25,SLC1A3,0,1,0.0,0.10301405
E3|Q14258|O15503,E3|Q14258,E3,Q14258,O15503,TRIM25,INSIG1,0,1,0.0,0.10163018
E3|Q14258|Q96JA1,E3|Q14258,E3,Q14258,Q96JA1,TRIM25,LRIG1,0,1,0.0,0.08785072
E3|Q14258|O15354,E3|Q14258,E3,Q14258,O15354,TRIM25,GPR37,0,1,0.0,0.08489334
E3|Q14258|Q13794,E3|Q14258,E3,Q14258,Q13794,TRIM25,PMAIP1,0,1,0.0,0.16920666
E3|Q15751|P32519,E3|Q15751,E3,Q15751,P32519,HERC1,ELF1,0,1,0.0,0.6717008
E3|Q15751|Q92918,E3|Q15751,E3,Q15751,Q92918,HERC1,MAP4K1,0,1,0.0,0.4901788
E3|Q53GT1|P43005,E3|Q53GT1,E3,Q53GT1,P43005,KLHL22,SLC1A1,0,1,0.0,0.2306147
E3|Q5T0T0|Q9NXR8,E3|Q5T0T0,E3,Q5T0T0,Q9NXR8,MARCHF8,ING3,0,1,0.0,0.17986469
E3|Q5T0T0|Q8NEA6,E3|Q5T0T0,E3,Q5T0T0,Q8NEA6,MARCHF8,GLIS3,0,1,0.0,0.3392494
E3|Q5T0T0|P49715,E3|Q5T0T0,E3,Q5T0T0,P49715,MARCHF8,CEBPA,0,1,0.0,0.20323195
E3|Q5T0T0|O60381,E3|Q5T0T0,E3,Q5T0T0,O60381,MARCHF8,HBP1,0,1,0.0,0.21518467
E3|Q5T0T0|Q969G3,E3|Q5T0T0,E3,Q5T0T0,Q969G3,MARCHF8,SMARCE1,0,1,0.0,0.19389671
E3|Q5T0T0|P12757,E3|Q5T0T0,E3,Q5T0T0,P12757,MARCHF8,SKIL,0,1,0.0,0.23854108
E3|Q5T0T0|Q13077,E3|Q5T0T0,E3,Q5T0T0,Q13077,MARCHF8,TRAF1,0,1,0.0,0.20632927
E3|Q5T0T0|P05777,E3|Q5T0T0,E3,Q5T0T0,P05777,MARCHF8,M,0,1,0.0,0.38868812
E3|Q5T0T0|Q8NEG5,E3|Q5T0T0,E3,Q5T0T0,Q8NEG5,MARCHF8,ZSWIM2,0,1,0.0,0.55023557
E3|Q5T0T0|Q9BSI4,E3|Q5T0T0,E3,Q5T0T0,Q9BSI4,MARCHF8,TINF2,0,1,0.0,0.27910137
E3|Q5T0T0|P61328,E3|Q5T0T0,E3,Q5T0T0,P61328,MARCHF8,FGF12,0,1,0.0,0.29794583
E3|Q5T0T0|P25791,E3|Q5T0T0,E3,Q5T0T0,P25791,MARCHF8,LMO2,0,1,0.0,0.18426512
E3|Q5T0T0|Q8WW12,E3|Q5T0T0,E3,Q5T0T0,Q8WW12,MARCHF8,PCNP,0,1,0.0,0.27582583
E3|Q5T0T0|Q9UBZ9,E3|Q5T0T0,E3,Q5T0T0,Q9UBZ9,MARCHF8,REV1,0,1,0.0,0.2893089
E3|Q5T0T0|Q01826,E3|Q5T0T0,E3,Q5T0T0,Q01826,MARCHF8,SATB1,0,1,0.0,0.223519
E3|Q5T0T0|Q8IZQ8,E3|Q5T0T0,E3,Q5T0T0,Q8IZQ8,MARCHF8,MYOCD,0,1,0.0,0.19610126
E3|Q5TAQ9|Q13873,E3|Q5TAQ9,E3,Q5TAQ9,Q13873,DCAF8,BMPR2,0,1,0.0,0.15715377
E3|Q5XUX0|Q9NRC1,E3|Q5XUX0,E3,Q5XUX0,Q9NRC1,FBXO31,ST7,0,1,0.0,0.32822466
E3|Q5XUX0|P28715,E3|Q5XUX0,E3,Q5XUX0,P28715,FBXO31,ERCC5,0,1,0.0,0.7638862
E3|Q5XUX0|Q2F514,E3|Q5XUX0,E3,Q5XUX0,Q2F514,FBXO31,X,0,1,0.0,0.7357526
E3|Q5XUX0|Q9NZ52,E3|Q5XUX0,E3,Q5XUX0,Q9NZ52,FBXO31,GGA3,0,1,0.0,0.24703445
E3|Q5XUX0|Q8IYD8,E3|Q5XUX0,E3,Q5XUX0,Q8IYD8,FBXO31,FANCM,0,1,0.0,0.71015865
E3|Q5XUX0|Q15012,E3|Q5XUX0,E3,Q5XUX0,Q15012,FBXO31,LAPTM4A,0,1,0.0,0.40766534
E3|Q66K64|O94782,E3|Q66K64,E3,Q66K64,O94782,DCAF15,USP1,0,1,0.0,0.61376554
E3|Q66K64|P01100,E3|Q66K64,E3,Q66K64,P01100,DCAF15,FOS,0,1,0.0,0.8416014
E3|Q6R327|O75928,E3|Q6R327,E3,Q6R327,O75928,RICTOR,PIAS2,0,1,0.0,0.21007341
E3|Q6R327|Q15173,E3|Q6R327,E3,Q6R327,Q15173,RICTOR,PPP2R5B,0,1,0.0,0.26735565
E3|Q6ZNA4|Q16558,E3|Q6ZNA4,E3,Q6ZNA4,Q16558,RNF111,KCNMB1,0,1,0.0,0.14290938
E3|Q6ZNA4|P36888,E3|Q6ZNA4,E3,Q6ZNA4,P36888,RNF111,FLT3,0,1,0.0,0.13256149
E3|Q6ZNA4|Q16875,E3|Q6ZNA4,E3,Q6ZNA4,Q16875,RNF111,PFKFB3,0,1,0.0,0.22935581
E3|Q6ZNA4|Q8IZ07,E3|Q6ZNA4,E3,Q6ZNA4,Q8IZ07,RNF111,ANKRD13A,0,1,0.0,0.12597454
E3|Q75N03|P08034,E3|Q75N03,E3,Q75N03,P08034,CBLL1,GJB1,0,1,0.0,0.19625622
E3|Q7Z4K8|P06935,E3|Q7Z4K8,E3,Q7Z4K8,P06935,TRIM46,,0,1,0.0,0.62869763
E3|Q86XK2|Q8N519,E3|Q86XK2,E3,Q86XK2,Q8N519,FBXO11,,0,1,0.0,0.54574573
E3|Q86XK2|Q8N907,E3|Q86XK2,E3,Q86XK2,Q8N907,FBXO11,DAND5,0,1,0.0,0.3429421
E3|Q86XK2|P04179,E3|Q86XK2,E3,Q86XK2,P04179,FBXO11,SOD2,0,1,0.0,0.2624794
E3|Q86XK2|P18065,E3|Q86XK2,E3,Q86XK2,P18065,FBXO11,IGFBP2,0,1,0.0,0.11185686
E3|Q86XK2|P17302,E3|Q86XK2,E3,Q86XK2,P17302,FBXO11,GJA1,0,1,0.0,0.113610774
E3|Q86XK2|Q9Y2J4,E3|Q86XK2,E3,Q86XK2,Q9Y2J4,FBXO11,AMOTL2,0,1,0.0,0.6768473
E3|Q86XT4|Q9Y253,E3|Q86XT4,E3,Q86XT4,Q9Y253,TRIM50,POLH,0,1,0.0,0.7454415
E3|Q86XT4|Q96T88,E3|Q86XT4,E3,Q86XT4,Q96T88,TRIM50,UHRF1,0,1,0.0,0.73553896
E3|Q8IWR1|Q9NXR8,E3|Q8IWR1,E3,Q8IWR1,Q9NXR8,TRIM59,ING3,0,1,0.0,0.2021069
E3|Q8IWR1|P50579,E3|Q8IWR1,E3,Q8IWR1,P50579,TRIM59,METAP2,0,1,0.0,0.8037498
E3|Q8IWR1|P09467,E3|Q8IWR1,E3,Q8IWR1,P09467,TRIM59,FBP1,0,1,0.0,0.43216297
E3|Q8IWR1|Q9UIS9,E3|Q8IWR1,E3,Q8IWR1,Q9UIS9,TRIM59,MBD1,0,1,0.0,0.33194178
E3|Q8IWR1|P58004,E3|Q8IWR1,E3,Q8IWR1,P58004,TRIM59,SESN2,0,1,0.0,0.67211765
E3|Q8IWV8|A9UEZ6,E3|Q8IWV8,E3,Q8IWV8,A9UEZ6,UBR2,BCR/ABL fusion,0,1,0.0,0.20445135
E3|Q8IWV8|P03427,E3|Q8IWV8,E3,Q8IWV8,P03427,UBR2,PB2,0,1,0.0,0.67540586
E3|Q8NEZ5|Q9NY46,E3|Q8NEZ5,E3,Q8NEZ5,Q9NY46,FBXO22,SCN3A,0,1,0.0,0.161974
E3|Q8NEZ5|P61968,E3|Q8NEZ5,E3,Q8NEZ5,P61968,FBXO22,LMO4,0,1,0.0,0.6984909
E3|Q8NEZ5|P23919,E3|Q8NEZ5,E3,Q8NEZ5,P23919,FBXO22,DTYMK,0,1,0.0,0.44415405
E3|Q8NEZ5|Q9H1D0,E3|Q8NEZ5,E3,Q8NEZ5,Q9H1D0,FBXO22,TRPV6,0,1,0.0,0.14168592
E3|Q8NFD5|O00459,E3|Q8NFD5,E3,Q8NFD5,O00459,ARID1B,PIK3R2,0,1,0.0,0.109184824
E3|Q8NFD5|P13761,E3|Q8NFD5,E3,Q8NFD5,P13761,ARID1B,HLA-DRB1,0,1,0.0,0.076831065
E3|Q8NG06|Q9H5J0,E3|Q8NG06,E3,Q8NG06,Q9H5J0,TRIM58,ZBTB3,0,1,0.0,0.73260033
E3|Q8NG06|P60321,E3|Q8NG06,E3,Q8NG06,P60321,TRIM58,NANOS2,0,1,0.0,0.5840122
E3|Q8NG06|Q01628,E3|Q8NG06,E3,Q8NG06,Q01628,TRIM58,IFITM3,0,1,0.0,0.29305565
E3|Q8NG06|A8MYT4,E3|Q8NG06,E3,Q8NG06,A8MYT4,TRIM58,PIK3C3,0,1,0.0,0.5237631
E3|Q8NHM5|Q04912,E3|Q8NHM5,E3,Q8NHM5,Q04912,KDM2B,MST1R,0,1,0.0,0.15273248
E3|Q8NHM5|Q15386,E3|Q8NHM5,E3,Q8NHM5,Q15386,KDM2B,UBE3C,0,1,0.0,0.18788911
E3|Q8NHM5|P52333,E3|Q8NHM5,E3,Q8NHM5,P52333,KDM2B,JAK3,0,1,0.0,0.3996972
E3|Q8NHY2|Q8N907,E3|Q8NHY2,E3,Q8NHY2,Q8N907,COP1,DAND5,0,1,0.0,0.75402033
E3|Q8NHY2|Q15465,E3|Q8NHY2,E3,Q8NHY2,Q15465,COP1,SHH,0,1,0.0,0.10602464
E3|Q8NHY2|Q9UNE0,E3|Q8NHY2,E3,Q8NHY2,Q9UNE0,COP1,EDAR,0,1,0.0,0.14550272
E3|Q8NHY2|Q9P055,E3|Q8NHY2,E3,Q8NHY2,Q9P055,COP1,JKAMP,0,1,0.0,0.10790006
E3|Q8NHY2|O60858,E3|Q8NHY2,E3,Q8NHY2,O60858,COP1,TRIM13,0,1,0.0,0.120433316
E3|Q8NHY2|Q9H4P4,E3|Q8NHY2,E3,Q8NHY2,Q9H4P4,COP1,RNF41,0,1,0.0,0.239237
E3|Q8NHY2|Q8NHL6,E3|Q8NHY2,E3,Q8NHY2,Q8NHL6,COP1,LILRB1,0,1,0.0,0.102964394
E3|Q8NHY2|Q9Y6W8,E3|Q8NHY2,E3,Q8NHY2,Q9Y6W8,COP1,ICOS,0,1,0.0,0.13970678
E3|Q8NHY2|Q8N8V4,E3|Q8NHY2,E3,Q8NHY2,Q8N8V4,COP1,ANKS4B,0,1,0.0,0.11186085
E3|Q8NHY2|Q9NZ52,E3|Q8NHY2,E3,Q8NHY2,Q9NZ52,COP1,GGA3,0,1,0.0,0.11520222
E3|Q8NHY2|Q969V5,E3|Q8NHY2,E3,Q8NHY2,Q969V5,COP1,MUL1,0,1,0.0,0.24440467
E3|Q8NHY2|O43521,E3|Q8NHY2,E3,Q8NHY2,O43521,COP1,BCL2L11,0,1,0.0,0.4109216
E3|Q8NHY2|P02765,E3|Q8NHY2,E3,Q8NHY2,P02765,COP1,AHSG,0,1,0.0,0.10806176
E3|Q8NHY2|P01880,E3|Q8NHY2,E3,Q8NHY2,P01880,COP1,IGHD,0,1,0.0,0.12505293
E3|Q8TBB1|P19634,E3|Q8TBB1,E3,Q8TBB1,P19634,LNX1,SLC9A1,0,1,0.0,0.1350888
E3|Q8TBB1|P29034,E3|Q8TBB1,E3,Q8TBB1,P29034,LNX1,S100A2,0,1,0.0,0.8182982
E3|Q8TBB1|O00548,E3|Q8TBB1,E3,Q8TBB1,O00548,LNX1,DLL1,0,1,0.0,0.16766527
E3|Q8TBB1|Q9Y3Z3,E3|Q8TBB1,E3,Q8TBB1,Q9Y3Z3,LNX1,SAMHD1,0,1,0.0,0.58959
E3|Q8TBB1|Q12888,E3|Q8TBB1,E3,Q8TBB1,Q12888,LNX1,TP53BP1,0,1,0.0,0.8190744
E3|Q8TBB1|Q8N6M0,E3|Q8TBB1,E3,Q8TBB1,Q8N6M0,LNX1,OTUD6B,0,1,0.0,0.58016497
E3|Q8TBB1|P16401,E3|Q8TBB1,E3,Q8TBB1,P16401,LNX1,H1-5,0,1,0.0,0.2785213
E3|Q8TBB1|Q02539,E3|Q8TBB1,E3,Q8TBB1,Q02539,LNX1,H1-1,0,1,0.0,0.674787
E3|Q8TBB1|P04629,E3|Q8TBB1,E3,Q8TBB1,P04629,LNX1,NTRK1,0,1,0.0,0.5098745
E3|Q8TBB1|Q96BI1,E3|Q8TBB1,E3,Q8TBB1,Q96BI1,LNX1,SLC22A18,0,1,0.0,0.5337001
E3|Q8TBB1|P08195,E3|Q8TBB1,E3,Q8TBB1,P08195,LNX1,SLC3A2,0,1,0.0,0.1213007
E3|Q8TBB1|P13051,E3|Q8TBB1,E3,Q8TBB1,P13051,LNX1,UNG,0,1,0.0,0.7114526
E3|Q8TBB1|P20700,E3|Q8TBB1,E3,Q8TBB1,P20700,LNX1,LMNB1,0,1,0.0,0.54136693
E3|Q8TBB1|Q08AJ9,E3|Q8TBB1,E3,Q8TBB1,Q08AJ9,LNX1,HIST1H2AB,0,1,0.0,0.4640265
E3|Q8TCJ0|P60321,E3|Q8TCJ0,E3,Q8TCJ0,P60321,FBXO25,NANOS2,0,1,0.0,0.58545536
E3|Q8TCJ0|P05976,E3|Q8TCJ0,E3,Q8TCJ0,P05976,FBXO25,MYL1,0,1,0.0,0.58276194
E3|Q8TCJ0|Q13873,E3|Q8TCJ0,E3,Q8TCJ0,Q13873,FBXO25,BMPR2,0,1,0.0,0.16850321
E3|Q8TCJ0|O15273,E3|Q8TCJ0,E3,Q8TCJ0,O15273,FBXO25,TCAP,0,1,0.0,0.8035473
E3|Q8TE67|P48048,E3|Q8TE67,E3,Q8TE67,P48048,EPS8L3,KCNJ1,0,1,0.0,0.5720098
E3|Q8WZ60|Q13873,E3|Q8WZ60,E3,Q8WZ60,Q13873,KLHL6,BMPR2,0,1,0.0,0.10596216
E3|Q8WZ60|P56817,E3|Q8WZ60,E3,Q8WZ60,P56817,KLHL6,BACE1,0,1,0.0,0.13121936
E3|Q8WZ60|Q96RU7,E3|Q8WZ60,E3,Q8WZ60,Q96RU7,KLHL6,TRIB3,0,1,0.0,0.54162395
E3|Q8WZ60|Q8WY41,E3|Q8WZ60,E3,Q8WZ60,Q8WY41,KLHL6,NANOS1,0,1,0.0,0.47538534
E3|Q969P5|P29322,E3|Q969P5,E3,Q969P5,P29322,FBXO32,EPHA8,0,1,0.0,0.116317205
E3|Q969P5|Q96BF3,E3|Q969P5,E3,Q969P5,Q96BF3,FBXO32,TMIGD2,0,1,0.0,0.12108001
E3|Q969P5|Q9P0P0,E3|Q969P5,E3,Q969P5,Q9P0P0,FBXO32,RNF181,0,1,0.0,0.8111029
E3|Q969P5|Q93070,E3|Q969P5,E3,Q969P5,Q93070,FBXO32,ART4,0,1,0.0,0.1324878
E3|Q969P5|P78380,E3|Q969P5,E3,Q969P5,P78380,FBXO32,OLR1,0,1,0.0,0.106417425
E3|Q969P5|Q9Y3D6,E3|Q969P5,E3,Q969P5,Q9Y3D6,FBXO32,FIS1,0,1,0.0,0.16600679
E3|Q969P5|Q16875,E3|Q969P5,E3,Q969P5,Q16875,FBXO32,PFKFB3,0,1,0.0,0.2256839
E3|Q969Q1|P20963,E3|Q969Q1,E3,Q969Q1,P20963,TRIM63,CD247,0,1,0.0,0.12203398
E3|Q969Q1|Q04912,E3|Q969Q1,E3,Q969Q1,Q04912,TRIM63,MST1R,0,1,0.0,0.1761328
E3|Q969Q1|P41594,E3|Q969Q1,E3,Q969Q1,P41594,TRIM63,GRM5,0,1,0.0,0.15468824
E3|Q969Q1|Q9TQE0,E3|Q969Q1,E3,Q969Q1,Q9TQE0,TRIM63,HLA-DRB1,0,1,0.0,0.06394579
E3|Q969Q1|Q8NEG5,E3|Q969Q1,E3,Q969Q1,Q8NEG5,TRIM63,ZSWIM2,0,1,0.0,0.124276385
E3|Q969Q1|P05777,E3|Q969Q1,E3,Q969Q1,P05777,TRIM63,M,0,1,0.0,0.19516738
E3|Q969Q1|P61073,E3|Q969Q1,E3,Q969Q1,P61073,TRIM63,CXCR4,0,1,0.0,0.112634405
E3|Q969Q1|Q7L8J4,E3|Q969Q1,E3,Q969Q1,Q7L8J4,TRIM63,SH3BP5L,0,1,0.0,0.6987475
E3|Q969Q1|P43005,E3|Q969Q1,E3,Q969Q1,P43005,TRIM63,SLC1A1,0,1,0.0,0.103059836
E3|Q969V5|O75928,E3|Q969V5,E3,Q969V5,O75928,MUL1,PIAS2,0,1,0.0,0.3537855
E3|Q969V5|Q6NUN9,E3|Q969V5,E3,Q969V5,Q6NUN9,MUL1,ZNF746,0,1,0.0,0.43907893
E3|Q969V5|Q96A32,E3|Q969V5,E3,Q969V5,Q96A32,MUL1,MYLPF,0,1,0.0,0.1761062
E3|Q969V5|P20248,E3|Q969V5,E3,Q969V5,P20248,MUL1,CCNA2,0,1,0.0,0.36090744
E3|Q969V5|Q08AJ9,E3|Q969V5,E3,Q969V5,Q08AJ9,MUL1,HIST1H2AB,0,1,0.0,0.14385298
E3|Q969V5|Q8WTU0,E3|Q969V5,E3,Q969V5,Q8WTU0,MUL1,DDI1,0,1,0.0,0.6183088
E3|Q969V5|Q96RE7,E3|Q969V5,E3,Q969V5,Q96RE7,MUL1,NACC1,0,1,0.0,0.29567665
E3|Q969V5|Q05086,E3|Q969V5,E3,Q969V5,Q05086,MUL1,UBE3A,0,1,0.0,0.5297573
E3|Q96A61|P51451,E3|Q96A61,E3,Q96A61,P51451,TRIM52,BLK,0,1,0.0,0.67125404
E3|Q96A61|Q12913,E3|Q96A61,E3,Q96A61,Q12913,TRIM52,PTPRJ,0,1,0.0,0.09878463
E3|Q96A61|Q96BF3,E3|Q96A61,E3,Q96A61,Q96BF3,TRIM52,TMIGD2,0,1,0.0,0.12281381
E3|Q96A61|P35613,E3|Q96A61,E3,Q96A61,P35613,TRIM52,BSG,0,1,0.0,0.16863307
E3|Q96K19|O14618,E3|Q96K19,E3,Q96K19,O14618,RNF170,CCS,0,1,0.0,0.29109254
E3|Q96K19|Q92769,E3|Q96K19,E3,Q96K19,Q92769,RNF170,HDAC2,0,1,0.0,0.16362609
E3|Q96M94|O60486,E3|Q96M94,E3,Q96M94,O60486,KLHL15,PLXNC1,0,1,0.0,0.24618387
E3|Q96M94|P84077,E3|Q96M94,E3,Q96M94,P84077,KLHL15,ARF1,0,1,0.0,0.45836744
E3|Q96M94|Q9UJA2,E3|Q96M94,E3,Q96M94,Q9UJA2,KLHL15,CRLS1,0,1,0.0,0.32313266
E3|Q96MT1|Q9NS23,E3|Q96MT1,E3,Q96MT1,Q9NS23,RNF145,RASSF1,0,1,0.0,0.73045963
E3|Q96PU4|P04035,E3|Q96PU4,E3,Q96PU4,P04035,UHRF2,HMGCR,0,1,0.0,0.10071052
E3|Q96PU4|O60573,E3|Q96PU4,E3,Q96PU4,O60573,UHRF2,EIF4E2,0,1,0.0,0.8728146
E3|Q96PU4|Q96J92,E3|Q96PU4,E3,Q96PU4,Q96J92,UHRF2,WNK4,0,1,0.0,0.29226232
E3|Q96PU4|Q9UKL4,E3|Q96PU4,E3,Q96PU4,Q9UKL4,UHRF2,GJD2,0,1,0.0,0.20219716
E3|Q96PU4|Q9Y2K6,E3|Q96PU4,E3,Q96PU4,Q9Y2K6,UHRF2,USP20,0,1,0.0,0.69633937
E3|Q99942|Q8IYW5,E3|Q99942,E3,Q99942,Q8IYW5,RNF5,RNF168,0,1,0.0,0.19549698
E3|Q99942|Q8IUE6,E3|Q99942,E3,Q99942,Q8IUE6,RNF5,H2AC21,0,1,0.0,0.15504368
E3|Q99942|Q04725,E3|Q99942,E3,Q99942,Q04725,RNF5,TLE2,0,1,0.0,0.17916717
E3|Q9BYM8|Q15797,E3|Q9BYM8,E3,Q9BYM8,Q15797,RBCK1,SMAD1,0,1,0.0,0.391423
E3|Q9BYM8|O43353,E3|Q9BYM8,E3,Q9BYM8,O43353,RBCK1,RIPK2,0,1,0.0,0.55968004
E3|Q9BYM8|Q13490,E3|Q9BYM8,E3,Q9BYM8,Q13490,RBCK1,BIRC2,0,1,0.0,0.4997172
E3|Q9BYM8|Q99426,E3|Q9BYM8,E3,Q9BYM8,Q99426,RBCK1,TBCB,0,1,0.0,0.43507826
E3|Q9BYM8|Q13535,E3|Q9BYM8,E3,Q9BYM8,Q13535,RBCK1,ATR,0,1,0.0,0.36742926
E3|Q9BYM8|O95863,E3|Q9BYM8,E3,Q9BYM8,O95863,RBCK1,SNAI1,0,1,0.0,0.3772022
E3|Q9BYM8|P20393,E3|Q9BYM8,E3,Q9BYM8,P20393,RBCK1,NR1D1,0,1,0.0,0.3949183
E3|Q9BYM8|O15399,E3|Q9BYM8,E3,Q9BYM8,O15399,RBCK1,GRIN2D,0,1,0.0,0.124159805
E3|Q9BYM8|Q16623,E3|Q9BYM8,E3,Q9BYM8,Q16623,RBCK1,STX1A,0,1,0.0,0.2342785
E3|Q9BYM8|P21589,E3|Q9BYM8,E3,Q9BYM8,P21589,RBCK1,NT5E,0,1,0.0,0.5085018
E3|Q9BYM8|P10911,E3|Q9BYM8,E3,Q9BYM8,P10911,RBCK1,MCF2,0,1,0.0,0.24607545
E3|Q9BYM8|Q14643,E3|Q9BYM8,E3,Q9BYM8,Q14643,RBCK1,ITPR1,0,1,0.0,0.24588348
E3|Q9BYM8|Q13131,E3|Q9BYM8,E3,Q9BYM8,Q13131,RBCK1,PRKAA1,0,1,0.0,0.43441772
E3|Q9BYM8|P42229,E3|Q9BYM8,E3,Q9BYM8,P42229,RBCK1,STAT5A,0,1,0.0,0.53583544
E3|Q9BYM8|O75928,E3|Q9BYM8,E3,Q9BYM8,O75928,RBCK1,PIAS2,0,1,0.0,0.37758324
E3|Q9BYM8|P42566,E3|Q9BYM8,E3,Q9BYM8,P42566,RBCK1,EPS15,0,1,0.0,0.24751204
E3|Q9BYM8|P37275,E3|Q9BYM8,E3,Q9BYM8,P37275,RBCK1,ZEB1,0,1,0.0,0.34620762
E3|Q9BYM8|O14980,E3|Q9BYM8,E3,Q9BYM8,O14980,RBCK1,XPO1,0,1,0.0,0.5489378
E3|Q9BYM8|P52564,E3|Q9BYM8,E3,Q9BYM8,P52564,RBCK1,MAP2K6,0,1,0.0,0.49362797
E3|Q9BYM8|Q8N488,E3|Q9BYM8,E3,Q9BYM8,Q8N488,RBCK1,RYBP,0,1,0.0,0.32485682
E3|Q9BYM8|Q86UW9,E3|Q9BYM8,E3,Q9BYM8,Q86UW9,RBCK1,DTX2,0,1,0.0,0.35673735
E3|Q9C019|O00584,E3|Q9C019,E3,Q9C019,O00584,TRIM15,RNASET2,0,1,0.0,0.8655011
E3|Q9C026|P01730,E3|Q9C026,E3,Q9C026,P01730,TRIM9,CD4,0,1,0.0,0.23029359
E3|Q9C026|Q9Y657,E3|Q9C026,E3,Q9C026,Q9Y657,TRIM9,SPIN1,0,1,0.0,0.8161659
E3|Q9C037|Q7Z434,E3|Q9C037,E3,Q9C037,Q7Z434,TRIM4,MAVS,0,1,0.0,0.6241272
E3|Q9H0F5|Q9C0E8,E3|Q9H0F5,E3,Q9H0F5,Q9C0E8,RNF38,LNPK,0,1,0.0,0.35352224
E3|Q9H0F5|P08247,E3|Q9H0F5,E3,Q9H0F5,P08247,RNF38,SYP,0,1,0.0,0.14502364
E3|Q9H0M0|P26927,E3|Q9H0M0,E3,Q9H0M0,P26927,WWP1,MST1,0,1,0.0,0.9060163
E3|Q9H0M0|P08678,E3|Q9H0M0,E3,Q9H0M0,P08678,WWP1,CYR1,0,1,0.0,0.15247722
E3|Q9H0M0|Q9UQK1,E3|Q9H0M0,E3,Q9H0M0,Q9UQK1,WWP1,PPP1R3C,0,1,0.0,0.55209917
E3|Q9H0M0|Q99648,E3|Q9H0M0,E3,Q9H0M0,Q99648,WWP1,CDCrel-1,0,1,0.0,0.3938855
E3|Q9H0M0|O76013,E3|Q9H0M0,E3,Q9H0M0,O76013,WWP1,KRT36,0,1,0.0,0.822107
E3|Q9H2S5|Q6MZQ0,E3|Q9H2S5,E3,Q9H2S5,Q6MZQ0,RNF39,PRR5L,0,1,0.0,0.61368865
E3|Q9H2S5|P35555,E3|Q9H2S5,E3,Q9H2S5,P35555,RNF39,FBN1,0,1,0.0,0.52606165
E3|Q9NRD0|P51114,E3|Q9NRD0,E3,Q9NRD0,P51114,FBXO8,FXR1,0,1,0.0,0.38556394
E3|Q9NRD0|P15056,E3|Q9NRD0,E3,Q9NRD0,P15056,FBXO8,BRAF,0,1,0.0,0.75981116
E3|Q9NRD0|P26006,E3|Q9NRD0,E3,Q9NRD0,P26006,FBXO8,ITGA3,0,1,0.0,0.7082933
E3|Q9NRD0|P11308,E3|Q9NRD0,E3,Q9NRD0,P11308,FBXO8,ERG,0,1,0.0,0.17997812
E3|Q9NRD0|O00291,E3|Q9NRD0,E3,Q9NRD0,O00291,FBXO8,HIP1,0,1,0.0,0.7135189
E3|Q9NRD0|Q5T9L3,E3|Q9NRD0,E3,Q9NRD0,Q5T9L3,FBXO8,WLS,0,1,0.0,0.7258543
E3|Q9NVF7|Q13702,E3|Q9NVF7,E3,Q9NVF7,Q13702,FBXO28,RAPSN,0,1,0.0,0.69703585
E3|Q9NWN3|P35613,E3|Q9NWN3,E3,Q9NWN3,P35613,FBXO34,BSG,0,1,0.0,0.6289066
E3|Q9NWN3|Q8NDV7,E3|Q9NWN3,E3,Q9NWN3,Q8NDV7,FBXO34,TNRC6A,0,1,0.0,0.23999438
E3|Q9NZS9|Q5MJ70,E3|Q9NZS9,E3,Q9NZS9,Q5MJ70,BFAR,SPDYA,0,1,0.0,0.574334
E3|Q9NZS9|O75113,E3|Q9NZS9,E3,Q9NZS9,O75113,BFAR,N4BP1,0,1,0.0,0.719734
E3|Q9NZS9|Q9BSI4,E3|Q9NZS9,E3,Q9NZS9,Q9BSI4,BFAR,TINF2,0,1,0.0,0.26290658
E3|Q9NZS9|Q96KK5,E3|Q9NZS9,E3,Q9NZS9,Q96KK5,BFAR,H2AC12,0,1,0.0,0.1679906
E3|Q9P2G9|O00429,E3|Q9P2G9,E3,Q9P2G9,O00429,KLHL8,DNM1L,0,1,0.0,0.30983824
E3|Q9P2G9|P28715,E3|Q9P2G9,E3,Q9P2G9,P28715,KLHL8,ERCC5,0,1,0.0,0.6767969
E3|Q9UJP4|Q96QD8,E3|Q9UJP4,E3,Q9UJP4,Q96QD8,KLHL21,SLC38A2,0,1,0.0,0.1745063
E3|Q9UJT9|P01903,E3|Q9UJT9,E3,Q9UJT9,P01903,FBXL7,HLA-DRA,0,1,0.0,0.12555052
E3|Q9UJT9|O75473,E3|Q9UJT9,E3,Q9UJT9,O75473,FBXL7,LGR5,0,1,0.0,0.19237249
E3|Q9UJT9|Q9UM47,E3|Q9UJT9,E3,Q9UJT9,Q9UM47,FBXL7,NOTCH3,0,1,0.0,0.5833369
E3|Q9UKA1|P06576,E3|Q9UKA1,E3,Q9UKA1,P06576,FBXL5,ATP5F1B,0,1,0.0,0.61018485
E3|Q9UKA1|P08648,E3|Q9UKA1,E3,Q9UKA1,P08648,FBXL5,ITGA5,0,1,0.0,0.15147346
E3|Q9UKA1|P98155,E3|Q9UKA1,E3,Q9UKA1,P98155,FBXL5,VLDLR,0,1,0.0,0.17692101
E3|Q9UKA1|Q9GIY3,E3|Q9UKA1,E3,Q9UKA1,Q9GIY3,FBXL5,HLA-DRB1,0,1,0.0,0.07754129
E3|Q9UKA1|Q01151,E3|Q9UKA1,E3,Q9UKA1,Q01151,FBXL5,CD83,0,1,0.0,0.18082553
E3|Q9UKT5|Q71F56,E3|Q9UKT5,E3,Q9UKT5,Q71F56,FBXO4,MED13L,0,1,0.0,0.61360043
E3|Q9UKT5|O14543,E3|Q9UKT5,E3,Q9UKT5,O14543,FBXO4,SOCS3,0,1,0.0,0.4886736
E3|Q9UKT5|P49281,E3|Q9UKT5,E3,Q9UKT5,P49281,FBXO4,SLC11A2,0,1,0.0,0.20904234
E3|Q9UKT5|P29475,E3|Q9UKT5,E3,Q9UKT5,P29475,FBXO4,NOS1,0,1,0.0,0.5629081
E3|Q9UKT8|P26038,E3|Q9UKT8,E3,Q9UKT8,P26038,FBXW2,MSN,0,1,0.0,0.19066183
E3|Q9UKT8|Q99816,E3|Q9UKT8,E3,Q9UKT8,Q99816,FBXW2,TSG101,0,1,0.0,0.61397994
E3|Q9UKT8|O15511,E3|Q9UKT8,E3,Q9UKT8,O15511,FBXW2,ARPC5,0,1,0.0,0.6258992
E3|Q9UKT8|Q9Y4L5,E3|Q9UKT8,E3,Q9UKT8,Q9Y4L5,FBXW2,RNF115,0,1,0.0,0.12589519
E3|Q9UKT8|Q9NR61,E3|Q9UKT8,E3,Q9UKT8,Q9NR61,FBXW2,DLL4,0,1,0.0,0.21669386
E3|Q9UKT8|Q92985,E3|Q9UKT8,E3,Q9UKT8,Q92985,FBXW2,IRF7,0,1,0.0,0.5085907
E3|Q9UKT8|Q9NQR1,E3|Q9UKT8,E3,Q9UKT8,Q9NQR1,FBXW2,KMT5A,0,1,0.0,0.65923256
E3|Q9UKT8|P43694,E3|Q9UKT8,E3,Q9UKT8,P43694,FBXW2,GATA4,0,1,0.0,0.86570686
E3|Q9UNL4|A9UEZ6,E3|Q9UNL4,E3,Q9UNL4,A9UEZ6,ING4,BCR/ABL fusion,0,1,0.0,0.357022
E3|Q9Y297|Q13571,E3|Q9Y297,E3,Q9Y297,Q13571,BTRC,LAPTM5,0,1,0.0,0.099193946
E3|Q9Y297|Q8IZP1,E3|Q9Y297,E3,Q9Y297,Q8IZP1,BTRC,TBC1D3,0,1,0.0,0.102472164
E3|Q9Y297|Q9Y3D6,E3|Q9Y297,E3,Q9Y297,Q9Y3D6,BTRC,FIS1,0,1,0.0,0.24465325
E3|Q9Y297|Q9Y5Y9,E3|Q9Y297,E3,Q9Y297,Q9Y5Y9,BTRC,SCN10A,0,1,0.0,0.08484896
E3|Q9Y297|P06576,E3|Q9Y297,E3,Q9Y297,P06576,BTRC,ATP5F1B,0,1,0.0,0.59475946
E3|Q9Y297|O75882,E3|Q9Y297,E3,Q9Y297,O75882,BTRC,ATRN,0,1,0.0,0.12502125
E3|Q9Y297|Q15465,E3|Q9Y297,E3,Q9Y297,Q15465,BTRC,SHH,0,1,0.0,0.08533517
E3|Q9Y297|P79483,E3|Q9Y297,E3,Q9Y297,P79483,BTRC,HLA-DRB3,0,1,0.0,0.07106245
E3|Q9Y297|O43490,E3|Q9Y297,E3,Q9Y297,O43490,BTRC,PROM1,0,1,0.0,0.085932285
E3|Q9Y297|O95140,E3|Q9Y297,E3,Q9Y297,O95140,BTRC,MFN2,0,1,0.0,0.20534576
E3|Q9Y297|P54098,E3|Q9Y297,E3,Q9Y297,P54098,BTRC,POLG,0,1,0.0,0.6994176
E3|Q9Y297|O60294,E3|Q9Y297,E3,Q9Y297,O60294,BTRC,LCMT2,0,1,0.0,0.1922604
E3|Q9Y297|Q14896,E3|Q9Y297,E3,Q9Y297,Q14896,BTRC,MYBPC3,0,1,0.0,0.58979136
E3|Q9Y297|Q7Z434,E3|Q9Y297,E3,Q9Y297,Q7Z434,BTRC,MAVS,0,1,0.0,0.79782015
E3|Q9Y297|Q9NV92,E3|Q9Y297,E3,Q9Y297,Q9NV92,BTRC,NDFIP2,0,1,0.0,0.0979829
E3|Q9Y297|P08393,E3|Q9Y297,E3,Q9Y297,P08393,BTRC,ICP0,0,1,0.0,0.14130794
E3|Q9Y297|Q9HBA0,E3|Q9Y297,E3,Q9Y297,Q9HBA0,BTRC,TRPV4,0,1,0.0,0.09935262
E3|Q9Y297|Q16611,E3|Q9Y297,E3,Q9Y297,Q16611,BTRC,BAK1,0,1,0.0,0.39885655
E3|Q9Y297|P01023,E3|Q9Y297,E3,Q9Y297,P01023,BTRC,A2M,0,1,0.0,0.082527496
E3|Q9Y297|Q15386,E3|Q9Y297,E3,Q9Y297,Q15386,BTRC,UBE3C,0,1,0.0,0.43493107
E3|Q9Y297|Q9UQK1,E3|Q9Y297,E3,Q9Y297,Q9UQK1,BTRC,PPP1R3C,0,1,0.0,0.89248353
E3|Q9Y297|O76074,E3|Q9Y297,E3,Q9Y297,O76074,BTRC,PDE5A,0,1,0.0,0.89601874
E3|Q9Y297|O14543,E3|Q9Y297,E3,Q9Y297,O14543,BTRC,SOCS3,0,1,0.0,0.5150745
E3|Q9Y297|P62253,E3|Q9Y297,E3,Q9Y297,P62253,BTRC,UBE2G1,0,1,0.0,0.22441684
E3|Q9Y297|P01848,E3|Q9Y297,E3,Q9Y297,P01848,BTRC,TRAC,0,1,0.0,0.12791964
E3|Q9Y297|P10586,E3|Q9Y297,E3,Q9Y297,P10586,BTRC,PTPRF,0,1,0.0,0.16642162
E3|Q9Y297|O60762,E3|Q9Y297,E3,Q9Y297,O60762,BTRC,DPM1,0,1,0.0,0.19418412
E3|Q9Y297|Q14324,E3|Q9Y297,E3,Q9Y297,Q14324,BTRC,MYBPC2,0,1,0.0,0.37970304
E3|Q9Y297|Q9H9R9,E3|Q9Y297,E3,Q9Y297,Q9H9R9,BTRC,DBNDD1,0,1,0.0,0.16451907
E3|Q9Y297|Q9UKV5,E3|Q9Y297,E3,Q9Y297,Q9UKV5,BTRC,AMFR,0,1,0.0,0.09658007
E3|Q9Y297|O60858,E3|Q9Y297,E3,Q9Y297,O60858,BTRC,TRIM13,0,1,0.0,0.14702603
E3|Q9Y297|O95147,E3|Q9Y297,E3,Q9Y297,O95147,BTRC,NEK2,0,1,0.0,0.48494747
E3|Q9Y297|P25116,E3|Q9Y297,E3,Q9Y297,P25116,BTRC,F2R,0,1,0.0,0.08183933
E3|Q9Y297|P29034,E3|Q9Y297,E3,Q9Y297,P29034,BTRC,S100A2,0,1,0.0,0.94072086
E3|Q9Y297|P19429,E3|Q9Y297,E3,Q9Y297,P19429,BTRC,TNNI3,0,1,0.0,0.7172023
E3|Q9Y297|O95994,E3|Q9Y297,E3,Q9Y297,O95994,BTRC,AGR2,0,1,0.0,0.28759533
E3|Q9Y297|Q99538,E3|Q9Y297,E3,Q9Y297,Q99538,BTRC,LGMN,0,1,0.0,0.10032528
E3|Q9Y297|P04085,E3|Q9Y297,E3,Q9Y297,P04085,BTRC,PDGFA,0,1,0.0,0.10380614
E3|Q9Y297|Q13794,E3|Q9Y297,E3,Q9Y297,Q13794,BTRC,PMAIP1,0,1,0.0,0.19702901
E3|Q9Y297|Q9BV40,E3|Q9Y297,E3,Q9Y297,Q9BV40,BTRC,VAMP8,0,1,0.0,0.078781076
E3|Q9Y297|P03345,E3|Q9Y297,E3,Q9Y297,P03345,BTRC,gag,0,1,0.0,0.24498026
E3|Q9Y297|Q8NHL6,E3|Q9Y297,E3,Q9Y297,Q8NHL6,BTRC,LILRB1,0,1,0.0,0.07248425
E3|Q9Y297|Q9HB29,E3|Q9Y297,E3,Q9Y297,Q9HB29,BTRC,IL1RL2,0,1,0.0,0.14932442
E3|Q9Y297|Q92813,E3|Q9Y297,E3,Q9Y297,Q92813,BTRC,DIO2,0,1,0.0,0.16415349
E3|Q9Y297|Q03135,E3|Q9Y297,E3,Q9Y297,Q03135,BTRC,CAV1,0,1,0.0,0.14562286
E3|Q9Y297|Q9BYM8,E3|Q9Y297,E3,Q9Y297,Q9BYM8,BTRC,RBCK1,0,1,0.0,0.8488487
E3|Q9Y297|Q9UNE0,E3|Q9Y297,E3,Q9Y297,Q9UNE0,BTRC,EDAR,0,1,0.0,0.17592174
E3|Q9Y297|O75473,E3|Q9Y297,E3,Q9Y297,O75473,BTRC,LGR5,0,1,0.0,0.087898105
E3|Q9Y297|Q9UKL4,E3|Q9Y297,E3,Q9Y297,Q9UKL4,BTRC,GJD2,0,1,0.0,0.18254341
E3|Q9Y297|Q12913,E3|Q9Y297,E3,Q9Y297,Q12913,BTRC,PTPRJ,0,1,0.0,0.088158004
E3|Q9Y297|P05777,E3|Q9Y297,E3,Q9Y297,P05777,BTRC,M,0,1,0.0,0.19297305
E3|Q9Y314|Q13233,E3|Q9Y314,E3,Q9Y314,Q13233,NOSIP,MAP3K1,0,1,0.0,0.65376586
E3|Q9Y314|Q9HBA0,E3|Q9Y314,E3,Q9Y314,Q9HBA0,NOSIP,TRPV4,0,1,0.0,0.20595592
E3|Q9Y3I1|Q04912,E3|Q9Y3I1,E3,Q9Y3I1,Q04912,FBXO7,MST1R,0,1,0.0,0.5964632
E3|Q9Y4B6|P29475,E3|Q9Y4B6,E3,Q9Y4B6,P29475,DCAF1,NOS1,0,1,0.0,0.7945362
E3|Q9Y4B6|P05026,E3|Q9Y4B6,E3,Q9Y4B6,P05026,DCAF1,ATP1B1,0,1,0.0,0.43191695
E3|Q9Y4B6|Q92851,E3|Q9Y4B6,E3,Q9Y4B6,Q92851,DCAF1,CASP10,0,1,0.0,0.36486477
E3|Q9Y4B6|Q9NZ45,E3|Q9Y4B6,E3,Q9Y4B6,Q9NZ45,DCAF1,CISD1,0,1,0.0,0.5329614
E3|Q9Y4B6|Q7Z2W7,E3|Q9Y4B6,E3,Q9Y4B6,Q7Z2W7,DCAF1,TRPM8,0,1,0.0,0.33527172
E3|Q9Y4B6|O76074,E3|Q9Y4B6,E3,Q9Y4B6,O76074,DCAF1,PDE5A,0,1,0.0,0.37046015
E3|Q9Y4B6|P03129,E3|Q9Y4B6,E3,Q9Y4B6,P03129,DCAF1,E7,0,1,0.0,0.6216327
E3|Q9Y4X5|Q15836,E3|Q9Y4X5,E3,Q9Y4X5,Q15836,ARIH1,VAMP3,0,1,0.0,0.30201778
E3|Q9Y4X5|P46109,E3|Q9Y4X5,E3,Q9Y4X5,P46109,ARIH1,CRKL,0,1,0.0,0.20350997
DUB|O00487|Q96P20,DUB|O00487,DUB,O00487,Q96P20,PSMD14,NLRP3,0,1,0.0,0.5881564
DUB|O00487|O15287,DUB|O00487,DUB,O00487,O15287,PSMD14,FANCG,0,1,0.0,0.7116483
DUB|O00487|P43246,DUB|O00487,DUB,O00487,P43246,PSMD14,MSH2,0,1,0.0,0.6299131
DUB|O00487|Q14694,DUB|O00487,DUB,O00487,Q14694,PSMD14,USP10,0,1,0.0,0.86873406
DUB|O00487|O43395,DUB|O00487,DUB,O00487,O43395,PSMD14,PRPF3,0,1,0.0,0.57248074
DUB|O00487|P05412,DUB|O00487,DUB,O00487,P05412,PSMD14,JUN,0,1,0.0,0.53576136
DUB|O00487|O14497,DUB|O00487,DUB,O00487,O14497,PSMD14,ARID1A,0,1,0.0,0.7577433
DUB|O00487|Q9NZN5,DUB|O00487,DUB,O00487,Q9NZN5,PSMD14,ARHGEF12,0,1,0.0,0.3905631
DUB|O00487|O15111,DUB|O00487,DUB,O00487,O15111,PSMD14,CHUK,0,1,0.0,0.69410115
DUB|O00487|O95786,DUB|O00487,DUB,O00487,O95786,PSMD14,DDX58,0,1,0.0,0.77661806
DUB|O00487|P60484,DUB|O00487,DUB,O00487,P60484,PSMD14,PTEN,0,1,0.0,0.782789
DUB|P35125|P27694,DUB|P35125,DUB,P35125,P27694,USP6,RPA1,0,1,0.0,0.7721222
DUB|P35125|O43684,DUB|P35125,DUB,P35125,O43684,USP6,BUB3,0,1,0.0,0.66024995
DUB|P54578|Q05516,DUB|P54578,DUB,P54578,Q05516,USP14,ZBTB16,0,1,0.0,0.563447
DUB|P54578|Q9HA47,DUB|P54578,DUB,P54578,Q9HA47,USP14,UCK1,0,1,0.0,0.64718646
DUB|P54578|P04908,DUB|P54578,DUB,P54578,P04908,USP14,HIST1H2AE,0,1,0.0,0.59713393
DUB|P54578|Q9ULT8,DUB|P54578,DUB,P54578,Q9ULT8,USP14,HECTD1,0,1,0.0,0.5874948
DUB|P54578|P23759,DUB|P54578,DUB,P54578,P23759,USP14,PAX7,0,1,0.0,0.41768456
DUB|P54578|Q92828,DUB|P54578,DUB,P54578,Q92828,USP14,CORO2A,0,1,0.0,0.62828237
DUB|P54578|A0A291NLA3,DUB|P54578,DUB,P54578,A0A291NLA3,USP14,SIGIRR,0,1,0.0,0.6874981
DUB|P54578|Q8WYQ5,DUB|P54578,DUB,P54578,Q8WYQ5,USP14,DGCR8,0,1,0.0,0.6475554
DUB|Q4G0A6|P15407,DUB|Q4G0A6,DUB,Q4G0A6,P15407,MINDY4,FOSL1,0,1,0.0,0.595617
DUB|Q4G0A6|P06239,DUB|Q4G0A6,DUB,Q4G0A6,P06239,MINDY4,LCK,0,1,0.0,0.19861697
DUB|Q70EK9|Q99683,DUB|Q70EK9,DUB,Q70EK9,Q99683,USP51,MAP3K5,0,1,0.0,0.63728297
DUB|Q70EK9|Q9NR09,DUB|Q70EK9,DUB,Q70EK9,Q9NR09,USP51,BIRC6,0,1,0.0,0.7043241
DUB|Q70EK9|Q16828,DUB|Q70EK9,DUB,Q70EK9,Q16828,USP51,DUSP6,0,1,0.0,0.34073594
DUB|Q70EK9|Q96JA1,DUB|Q70EK9,DUB,Q70EK9,Q96JA1,USP51,LRIG1,0,1,0.0,0.11861883
DUB|Q8N5J2|O14737,DUB|Q8N5J2,DUB,Q8N5J2,O14737,MINDY1,PDCD5,0,1,0.0,0.29999542
DUB|Q8N5J2|P23759,DUB|Q8N5J2,DUB,Q8N5J2,P23759,MINDY1,PAX7,0,1,0.0,0.52673715
DUB|Q8NB14|Q96JA1,DUB|Q8NB14,DUB,Q8NB14,Q96JA1,USP38,LRIG1,0,1,0.0,0.11673499
DUB|Q96DX7|Q9H6R0,DUB|Q96DX7,DUB,Q96DX7,Q9H6R0,TRIM44,DHX33,0,1,0.0,0.23763606
DUB|Q96DX7|O43623,DUB|Q96DX7,DUB,Q96DX7,O43623,TRIM44,SNAI2,0,1,0.0,0.323101
DUB|Q96DX7|Q92633,DUB|Q96DX7,DUB,Q96DX7,Q92633,TRIM44,LPAR1,0,1,0.0,0.40609977
DUB|Q96DX7|P25054,DUB|Q96DX7,DUB,Q96DX7,P25054,TRIM44,APC,0,1,0.0,0.62703294
DUB|Q96F44|P05231,DUB|Q96F44,DUB,Q96F44,P05231,TRIM11,IL6,0,1,0.0,0.18255112
DUB|Q96K76|Q8NAP3,DUB|Q96K76,DUB,Q96K76,Q8NAP3,USP47,ZBTB38,0,1,0.0,0.90516454
DUB|Q96K76|P04179,DUB|Q96K76,DUB,Q96K76,P04179,USP47,SOD2,0,1,0.0,0.39198005
DUB|Q96K76|P37023,DUB|Q96K76,DUB,Q96K76,P37023,USP47,ACVRL1,0,1,0.0,0.13552909
DUB|Q96K76|P23759,DUB|Q96K76,DUB,Q96K76,P23759,USP47,PAX7,0,1,0.0,0.9048813
DUB|Q9P2H5|Q9Y256,DUB|Q9P2H5,DUB,Q9P2H5,Q9Y256,USP35,RCE1,0,1,0.0,0.43856347
DUB|Q9P2H5|P12004,DUB|Q9P2H5,DUB,Q9P2H5,P12004,USP35,PCNA,0,1,0.0,0.7251946
DUB|Q9P2H5|Q8WYQ5,DUB|Q9P2H5,DUB,Q9P2H5,Q8WYQ5,USP35,DGCR8,0,1,0.0,0.73355144
DUB|Q9UGI0|P55085,DUB|Q9UGI0,DUB,Q9UGI0,P55085,ZRANB1,F2RL1,0,1,0.0,0.106026575
DUB|Q9UK80|O15554,DUB|Q9UK80,DUB,Q9UK80,O15554,USP21,KCNN4,0,1,0.0,0.10479915
DUB|Q9UK80|O14737,DUB|Q9UK80,DUB,Q9UK80,O14737,USP21,PDCD5,0,1,0.0,0.30040443
DUB|Q9UK80|Q8IVP5,DUB|Q9UK80,DUB,Q9UK80,Q8IVP5,USP21,FUNDC1,0,1,0.0,0.15568078
DUB|Q9UK80|A0A291NLA3,DUB|Q9UK80,DUB,Q9UK80,A0A291NLA3,USP21,SIGIRR,0,1,0.0,0.13978258
DUB|Q9Y4E8|Q16625,DUB|Q9Y4E8,DUB,Q9Y4E8,Q16625,USP15,OCLN,0,1,0.0,0.26122102
DUB|Q9Y4E8|Q9UKV5,DUB|Q9Y4E8,DUB,Q9Y4E8,Q9UKV5,USP15,AMFR,0,1,0.0,0.2598812
DUB|Q9Y4E8|P01130,DUB|Q9Y4E8,DUB,Q9Y4E8,P01130,USP15,LDLR,0,1,0.0,0.22110255
DUB|Q9Y4E8|O75365,DUB|Q9Y4E8,DUB,Q9Y4E8,O75365,USP15,PTP4A3,0,1,0.0,0.9065203
E3|O00623|P50542,E3|O00623,E3,O00623,P50542,PEX12,PEX5,1,2,1.0,0.9016874
E3|O14544|P10721,E3|O14544,E3,O14544,P10721,SOCS6,KIT,1,2,1.0,0.22370824
E3|O43663|P04908,E3|O43663,E3,O43663,P04908,PRC1,H2AC4,1,2,1.0,0.8915091
E3|O43663|P0C0S5,E3|O43663,E3,O43663,P0C0S5,PRC1,H2AZ1,1,2,1.0,0.8030873
E3|O43663|P16104,E3|O43663,E3,O43663,P16104,PRC1,H2AX,1,2,1.0,0.92395735
E3|O43663|Q6FI13,E3|O43663,E3,O43663,Q6FI13,PRC1,H2AC18,1,2,1.0,0.9040214
E3|O43663|Q96KK5,E3|O43663,E3,O43663,Q96KK5,PRC1,H2AC12,1,2,1.0,0.7815636
E3|O43663|Q96QV6,E3|O43663,E3,O43663,Q96QV6,PRC1,H2AC1,1,2,1.0,0.9147625
E3|O43663|Q99496,E3|O43663,E3,O43663,Q99496,PRC1,RNF2,1,2,1.0,0.91970086
E3|O60784|Q15742,E3|O60784,E3,O60784,Q15742,TOM1,NAB2,1,2,1.0,0.15351692
E3|O60784|Q99741,E3|O60784,E3,O60784,Q99741,TOM1,CDC6,1,2,1.0,0.14340553
E3|O60907|P35222,E3|O60907,E3,O60907,P35222,TBL1X,CTNNB1,1,2,1.0,0.87615484
E3|O76050|O76083,E3|O76050,E3,O76050,O76083,NEURL1,PDE9A,1,2,1.0,0.8354448
E3|O94844|O76074,E3|O94844,E3,O94844,O76074,RHOBTB1,PDE5A,1,2,1.0,0.6708536
E3|O94952|P08183,E3|O94952,E3,O94952,P08183,FBXO21,ABCB1,1,2,1.0,0.7007722
E3|O94952|P24468,E3|O94952,E3,O94952,P24468,FBXO21,NR2F2,1,2,1.0,0.6557823
E3|O94952|Q9Y6B2,E3|O94952,E3,O94952,Q9Y6B2,FBXO21,EID1,1,2,1.0,0.24236014
E3|O95714|P23025,E3|O95714,E3,O95714,P23025,HERC2,XPA,1,2,1.0,0.8352249
E3|O95714|P38398,E3|O95714,E3,O95714,P38398,HERC2,BRCA1,1,2,1.0,0.84876853
E3|O95714|P63165,E3|O95714,E3,O95714,P63165,HERC2,SUMO1,1,2,1.0,0.8998933
E3|O95714|Q96JN8,E3|O95714,E3,O95714,Q96JN8,HERC2,NEURL4,1,2,1.0,0.9410733
E3|O95714|Q9Y2K6,E3|O95714,E3,O95714,Q9Y2K6,HERC2,USP20,1,2,1.0,0.9402728
E3|P0CI25|P54132,E3|P0CI25,E3,P0CI25,P54132,TRIM49,BLM,1,2,1.0,0.9387071
E3|P14373|O00750,E3|P14373,E3,P14373,O00750,TRIM27,PIK3C2B,1,2,1.0,0.19356446
E3|P14373|P38936,E3|P14373,E3,P14373,P38936,TRIM27,CDKN1A,1,2,1.0,0.92924523
E3|P14373|P60484,E3|P14373,E3,P14373,P60484,TRIM27,PTEN,1,2,1.0,0.88478214
E3|P14373|Q15561,E3|P14373,E3,P14373,Q15561,TRIM27,TEAD4,1,2,1.0,0.87078416
E3|P14373|Q9UHD2,E3|P14373,E3,P14373,Q9UHD2,TRIM27,TBK1,1,2,1.0,0.82776725
E3|P14373|Q9Y6X2,E3|P14373,E3,P14373,Q9Y6X2,TRIM27,PIAS3,1,2,1.0,0.9323837
E3|P29590|P68431,E3|P29590,E3,P29590,P68431,PML,H3C12,1,2,1.0,0.8476921
E3|P40337|O14503,E3|P40337,E3,P40337,O14503,VHL,BHLHE40,1,2,1.0,0.7941643
E3|P40337|O14641,E3|P40337,E3,P40337,O14641,VHL,DVL2,1,2,1.0,0.92195857
E3|P40337|O14965,E3|P40337,E3,P40337,O14965,VHL,AURKA,1,2,1.0,0.92078084
E3|P40337|P02751,E3|P40337,E3,P40337,P02751,VHL,FN1,1,2,1.0,0.91126865
E3|P40337|P07550,E3|P40337,E3,P40337,P07550,VHL,ADRB2,1,2,1.0,0.6409148
E3|P40337|P10909,E3|P40337,E3,P40337,P10909,VHL,CLU,1,2,1.0,0.88959736
E3|P40337|P36897,E3|P40337,E3,P40337,P36897,VHL,TGFBR1,1,2,1.0,0.890904
E3|P40337|P37231,E3|P40337,E3,P40337,P37231,VHL,PPARG,1,2,1.0,0.85804117
E3|P40337|P41743,E3|P40337,E3,P40337,P41743,VHL,PRKCI,1,2,1.0,0.92778903
E3|P40337|P48200,E3|P40337,E3,P40337,P48200,VHL,IREB2,1,2,1.0,0.7563272
E3|P40337|P62487,E3|P40337,E3,P40337,P62487,VHL,POLR2G,1,2,1.0,0.7944489
E3|P40337|Q13309,E3|P40337,E3,P40337,Q13309,VHL,SKP2,1,2,1.0,0.8344884
E3|P40337|Q14103,E3|P40337,E3,P40337,Q14103,VHL,HNRNPD,1,2,1.0,0.8489104
E3|P40337|Q16665,E3|P40337,E3,P40337,Q16665,VHL,HIF1A,1,2,1.0,0.8496925
E3|P40337|Q8N122,E3|P40337,E3,P40337,Q8N122,VHL,RPTOR,1,2,1.0,0.9289027
E3|P40337|Q8TEY7,E3|P40337,E3,P40337,Q8TEY7,VHL,USP33,1,2,1.0,0.9043712
E3|P40337|Q99814,E3|P40337,E3,P40337,Q99814,VHL,EPAS1,1,2,1.0,0.83305126
E3|P40337|Q9GZQ8,E3|P40337,E3,P40337,Q9GZQ8,VHL,MAP1LC3B,1,2,1.0,0.9063103
E3|P40337|Q9NWT6,E3|P40337,E3,P40337,Q9NWT6,VHL,HIF1AN,1,2,1.0,0.8215154
E3|P40337|Q9Y2K6,E3|P40337,E3,P40337,Q9Y2K6,VHL,USP20,1,2,1.0,0.9090974
E3|P40337|Q9Y2N7,E3|P40337,E3,P40337,Q9Y2N7,VHL,HIF3A,1,2,1.0,0.83102185
E3|P49427|P10244,E3|P49427,E3,P49427,P10244,CDC34,MYBL2,1,2,1.0,0.93474424
E3|P49427|P25963,E3|P49427,E3,P49427,P25963,CDC34,NFKBIA,1,2,1.0,0.9592567
E3|P49427|P35222,E3|P49427,E3,P49427,P35222,CDC34,CTNNB1,1,2,1.0,0.95430845
E3|P49427|P46527,E3|P49427,E3,P49427,P46527,CDC34,CDKN1B,1,2,1.0,0.9451502
E3|P49427|Q03060,E3|P49427,E3,P49427,Q03060,CDC34,CREM,1,2,1.0,0.95078707
E3|P49427|Q9Y297,E3|P49427,E3,P49427,Q9Y297,CDC34,BTRC,1,2,1.0,0.95177686
E3|P63244|Q16665,E3|P63244,E3,P63244,Q16665,RACK1,HIF1A,1,2,1.0,0.24344358
E3|P63244|Q9P126,E3|P63244,E3,P63244,Q9P126,RACK1,CLEC1B,1,2,1.0,0.37361422
E3|P78317|P08047,E3|P78317,E3,P78317,P08047,RNF4,SP1,1,2,1.0,0.9702681
E3|P78317|P09874,E3|P78317,E3,P78317,P09874,RNF4,PARP1,1,2,1.0,0.9730416
E3|P78317|P29590,E3|P78317,E3,P78317,P29590,RNF4,PML,1,2,1.0,0.95536137
E3|P78317|P43268,E3|P78317,E3,P78317,P43268,RNF4,ETV4,1,2,1.0,0.96732605
E3|P78317|P54253,E3|P78317,E3,P78317,P54253,RNF4,ATXN1,1,2,1.0,0.9722415
E3|P78317|P61956,E3|P78317,E3,P78317,P61956,RNF4,SUMO2,1,2,1.0,0.97373474
E3|P78317|P78317,E3|P78317,E3,P78317,P78317,RNF4,RNF4,1,2,1.0,0.97525984
E3|P78317|Q6NUN9,E3|P78317,E3,P78317,Q6NUN9,RNF4,ZNF746,1,2,1.0,0.97417384
E3|P78317|Q8N907,E3|P78317,E3,P78317,Q8N907,RNF4,DAND5,1,2,1.0,0.36002162
E3|P78317|Q92674,E3|P78317,E3,P78317,Q92674,RNF4,CENPI,1,2,1.0,0.96826404
E3|P78317|Q99708,E3|P78317,E3,P78317,Q99708,RNF4,RBBP8,1,2,1.0,0.9696805
E3|P78317|Q99814,E3|P78317,E3,P78317,Q99814,RNF4,EPAS1,1,2,1.0,0.97099644
E3|Q09472|P04637,E3|Q09472,E3,Q09472,P04637,EP300,TP53,1,2,1.0,0.96209615
E3|Q09472|Q01094,E3|Q09472,E3,Q09472,Q01094,EP300,E2F1,1,2,1.0,0.96883273
E3|Q13049|P01106,E3|Q13049,E3,Q13049,P01106,TRIM32,MYC,1,2,1.0,0.92672455
E3|Q13049|P04198,E3|Q13049,E3,Q13049,P04198,TRIM32,MYCN,1,2,1.0,0.91248673
E3|Q13049|P17661,E3|Q13049,E3,Q13049,P17661,TRIM32,DES,1,2,1.0,0.9575635
E3|Q13049|P68133,E3|Q13049,E3,Q13049,P68133,TRIM32,ACTA1,1,2,1.0,0.9607185
E3|Q13049|P98170,E3|Q13049,E3,Q13049,P98170,TRIM32,XIAP,1,2,1.0,0.9172876
E3|Q13049|Q05513,E3|Q13049,E3,Q13049,Q05513,TRIM32,PRKCZ,1,2,1.0,0.9527513
E3|Q13049|Q12933,E3|Q13049,E3,Q13049,Q12933,TRIM32,TRAF2,1,2,1.0,0.94053954
E3|Q13049|Q13049,E3|Q13049,E3,Q13049,Q13049,TRIM32,TRIM32,1,2,1.0,0.96784735
E3|Q13049|Q13501,E3|Q13049,E3,Q13049,Q13501,TRIM32,SQSTM1,1,2,1.0,0.9648058
E3|Q13049|Q86WV6,E3|Q13049,E3,Q13049,Q86WV6,TRIM32,STING1,1,2,1.0,0.9510965
E3|Q13049|Q8N2W9,E3|Q13049,E3,Q13049,Q8N2W9,TRIM32,PIAS4,1,2,1.0,0.9101615
E3|Q13049|Q96BN8,E3|Q13049,E3,Q13049,Q96BN8,TRIM32,OTULIN,1,2,1.0,0.80619645
E3|Q13049|Q96EV8,E3|Q13049,E3,Q13049,Q96EV8,TRIM32,DTNBP1,1,2,1.0,0.96010727
E3|Q13049|Q9BXC9,E3|Q13049,E3,Q13049,Q9BXC9,TRIM32,BBS2,1,2,1.0,0.9511262
E3|Q13049|Q9H9R9,E3|Q13049,E3,Q13049,Q9H9R9,TRIM32,DBNDD1,1,2,1.0,0.27488476
E3|Q13049|Q9NYB9,E3|Q13049,E3,Q13049,Q9NYB9,TRIM32,ABI2,1,2,1.0,0.96216446
E3|Q13049|Q9UHD2,E3|Q13049,E3,Q13049,Q9UHD2,TRIM32,TBK1,1,2,1.0,0.8998535
E3|Q13049|Q9Y6X2,E3|Q13049,E3,Q13049,Q9Y6X2,TRIM32,PIAS3,1,2,1.0,0.924672
E3|Q13191|O00459,E3|Q13191,E3,Q13191,O00459,CBLB,PIK3R2,1,2,1.0,0.7793117
E3|Q13191|P00533,E3|Q13191,E3,Q13191,P00533,CBLB,EGFR,1,2,1.0,0.85880053
E3|Q13191|P12931,E3|Q13191,E3,Q13191,P12931,CBLB,SRC,1,2,1.0,0.87473345
E3|Q13191|P16234,E3|Q13191,E3,Q13191,P16234,CBLB,PDGFRA,1,2,1.0,0.81147134
E3|Q13191|P19174,E3|Q13191,E3,Q13191,P19174,CBLB,PLCG1,1,2,1.0,0.78284377
E3|Q13191|P20963,E3|Q13191,E3,Q13191,P20963,CBLB,CD247,1,2,1.0,0.80693877
E3|Q13191|P27986,E3|Q13191,E3,Q13191,P27986,CBLB,PIK3R1,1,2,1.0,0.7801837
E3|Q13191|P35568,E3|Q13191,E3,Q13191,P35568,CBLB,IRS1,1,2,1.0,0.7370705
E3|Q13191|P43405,E3|Q13191,E3,Q13191,P43405,CBLB,SYK,1,2,1.0,0.84934247
E3|Q13191|Q13191,E3|Q13191,E3,Q13191,Q13191,CBLB,CBLB,1,2,1.0,0.8088011
E3|Q13191|Q96B97,E3|Q13191,E3,Q13191,Q96B97,CBLB,SH3KBP1,1,2,1.0,0.8438902
E3|Q13191|Q96P20,E3|Q13191,E3,Q13191,Q96P20,CBLB,NLRP3,1,2,1.0,0.80038136
E3|Q13191|Q9I788,E3|Q13191,E3,Q13191,Q9I788,CBLB,exoT,1,2,1.0,0.08774526
E3|Q13216|P0DP91,E3|Q13216,E3,Q13216,P0DP91,ERCC8,ERCC6,1,2,1.0,0.93326473
E3|Q13216|Q03468,E3|Q13216,E3,Q13216,Q03468,ERCC8,ERCC6,1,2,1.0,0.90775573
E3|Q13309|A9UEZ6,E3|Q13309,E3,Q13309,A9UEZ6,SKP2,BCR/ABL fusion,1,2,1.0,0.051868234
E3|Q13309|O00221,E3|Q13309,E3,Q13309,O00221,SKP2,NFKBIE,1,2,1.0,0.9388209
E3|Q13309|O00233,E3|Q13309,E3,Q13309,O00233,SKP2,PSMD9,1,2,1.0,0.9557319
E3|Q13309|O00399,E3|Q13309,E3,Q13309,O00399,SKP2,DCTN6,1,2,1.0,0.9486918
E3|Q13309|O15553,E3|Q13309,E3,Q13309,O15553,SKP2,MEFV,1,2,1.0,0.86444813
E3|Q13309|O43524,E3|Q13309,E3,Q13309,O43524,SKP2,FOXO3,1,2,1.0,0.93748194
E3|Q13309|O60934,E3|Q13309,E3,Q13309,O60934,SKP2,NBN,1,2,1.0,0.9626653
E3|Q13309|P01106,E3|Q13309,E3,Q13309,P01106,SKP2,MYC,1,2,1.0,0.9669504
E3|Q13309|P03129,E3|Q13309,E3,Q13309,P03129,SKP2,E7,1,2,1.0,0.25855538
E3|Q13309|P03372,E3|Q13309,E3,Q13309,P03372,SKP2,ESR1,1,2,1.0,0.9310625
E3|Q13309|P04637,E3|Q13309,E3,Q13309,P04637,SKP2,TP53,1,2,1.0,0.96203625
E3|Q13309|P05362,E3|Q13309,E3,Q13309,P05362,SKP2,ICAM1,1,2,1.0,0.8715848
E3|Q13309|P06400,E3|Q13309,E3,Q13309,P06400,SKP2,RB1,1,2,1.0,0.96425235
E3|Q13309|P06790,E3|Q13309,E3,Q13309,P06790,SKP2,E2,1,2,1.0,0.74713755
E3|Q13309|P10244,E3|Q13309,E3,Q13309,P10244,SKP2,MYBL2,1,2,1.0,0.95830804
E3|Q13309|P12830,E3|Q13309,E3,Q13309,P12830,SKP2,CDH1,1,2,1.0,0.6351234
E3|Q13309|P15923,E3|Q13309,E3,Q13309,P15923,SKP2,TCF3,1,2,1.0,0.95119965
E3|Q13309|P17542,E3|Q13309,E3,Q13309,P17542,SKP2,TAL1,1,2,1.0,0.95507944
E3|Q13309|P20248,E3|Q13309,E3,Q13309,P20248,SKP2,CCNA2,1,2,1.0,0.95736355
E3|Q13309|P24385,E3|Q13309,E3,Q13309,P24385,SKP2,CCND1,1,2,1.0,0.9670382
E3|Q13309|P24864,E3|Q13309,E3,Q13309,P24864,SKP2,CCNE1,1,2,1.0,0.9641716
E3|Q13309|P25963,E3|Q13309,E3,Q13309,P25963,SKP2,NFKBIA,1,2,1.0,0.951206
E3|Q13309|P28562,E3|Q13309,E3,Q13309,P28562,SKP2,DUSP1,1,2,1.0,0.94573534
E3|Q13309|P31749,E3|Q13309,E3,Q13309,P31749,SKP2,AKT1,1,2,1.0,0.730272
E3|Q13309|P31751,E3|Q13309,E3,Q13309,P31751,SKP2,AKT2,1,2,1.0,0.35519066
E3|Q13309|P35222,E3|Q13309,E3,Q13309,P35222,SKP2,CTNNB1,1,2,1.0,0.9278461
E3|Q13309|P35232,E3|Q13309,E3,Q13309,P35232,SKP2,PHB,1,2,1.0,0.87359154
E3|Q13309|P36639,E3|Q13309,E3,Q13309,P36639,SKP2,NUDT1,1,2,1.0,0.69575614
E3|Q13309|P38398,E3|Q13309,E3,Q13309,P38398,SKP2,BRCA1,1,2,1.0,0.9639932
E3|Q13309|P38936,E3|Q13309,E3,Q13309,P38936,SKP2,CDKN1A,1,2,1.0,0.95144826
E3|Q13309|P46527,E3|Q13309,E3,Q13309,P46527,SKP2,CDKN1B,1,2,1.0,0.8846732
E3|Q13309|P46937,E3|Q13309,E3,Q13309,P46937,SKP2,YAP1,1,2,1.0,0.95076615
E3|Q13309|P49336,E3|Q13309,E3,Q13309,P49336,SKP2,CDK8,1,2,1.0,0.9615127
E3|Q13309|P49715,E3|Q13309,E3,Q13309,P49715,SKP2,CEBPA,1,2,1.0,0.96013784
E3|Q13309|P49918,E3|Q13309,E3,Q13309,P49918,SKP2,CDKN1C,1,2,1.0,0.9599509
E3|Q13309|P50616,E3|Q13309,E3,Q13309,P50616,SKP2,TOB1,1,2,1.0,0.9092328
E3|Q13309|P50750,E3|Q13309,E3,Q13309,P50750,SKP2,CDK9,1,2,1.0,0.96736306
E3|Q13309|P51587,E3|Q13309,E3,Q13309,P51587,SKP2,BRCA2,1,2,1.0,0.94670564
E3|Q13309|P52333,E3|Q13309,E3,Q13309,P52333,SKP2,JAK3,1,2,1.0,0.8918736
E3|Q13309|P55895,E3|Q13309,E3,Q13309,P55895,SKP2,RAG2,1,2,1.0,0.93031836
E3|Q13309|P61587,E3|Q13309,E3,Q13309,P61587,SKP2,RND3,1,2,1.0,0.102966465
E3|Q13309|P78543,E3|Q13309,E3,Q13309,P78543,SKP2,BTG2,1,2,1.0,0.87580174
E3|Q13309|P98174,E3|Q13309,E3,Q13309,P98174,SKP2,FGD1,1,2,1.0,0.81332594
E3|Q13309|Q01094,E3|Q13309,E3,Q13309,Q01094,SKP2,E2F1,1,2,1.0,0.9617592
E3|Q13309|Q03164,E3|Q13309,E3,Q13309,Q03164,SKP2,KMT2A,1,2,1.0,0.957238
E3|Q13309|Q08999,E3|Q13309,E3,Q13309,Q08999,SKP2,RBL2,1,2,1.0,0.96499366
E3|Q13309|Q12778,E3|Q13309,E3,Q13309,Q12778,SKP2,FOXO1,1,2,1.0,0.879363
E3|Q13309|Q13309,E3|Q13309,E3,Q13309,Q13309,SKP2,SKP2,1,2,1.0,0.9692842
E3|Q13309|Q13415,E3|Q13309,E3,Q13309,Q13415,SKP2,ORC1,1,2,1.0,0.9657746
E3|Q13309|Q13485,E3|Q13309,E3,Q13309,Q13485,SKP2,SMAD4,1,2,1.0,0.9661066
E3|Q13309|Q15672,E3|Q13309,E3,Q13309,Q15672,SKP2,TWIST1,1,2,1.0,0.96548456
E3|Q13309|Q15831,E3|Q13309,E3,Q13309,Q15831,SKP2,STK11,1,2,1.0,0.7766049
E3|Q13309|Q53EL6,E3|Q13309,E3,Q13309,Q53EL6,SKP2,PDCD4,1,2,1.0,0.8211827
E3|Q13309|Q5MJ70,E3|Q13309,E3,Q13309,Q5MJ70,SKP2,SPDYA,1,2,1.0,0.0803212
E3|Q13309|Q6PGQ7,E3|Q13309,E3,Q13309,Q6PGQ7,SKP2,BORA,1,2,1.0,0.8436899
E3|Q13309|Q7L523,E3|Q13309,E3,Q13309,Q7L523,SKP2,RRAGA,1,2,1.0,0.09161404
E3|Q13309|Q86X55,E3|Q13309,E3,Q13309,Q86X55,SKP2,CARM1,1,2,1.0,0.9596987
E3|Q13309|Q8WWM9,E3|Q13309,E3,Q13309,Q8WWM9,SKP2,CYGB,1,2,1.0,0.45581353
E3|Q13309|Q96FS4,E3|Q13309,E3,Q13309,Q96FS4,SKP2,SIPA1,1,2,1.0,0.8556727
E3|Q13309|Q99607,E3|Q13309,E3,Q13309,Q99607,SKP2,ELF4,1,2,1.0,0.9551084
E3|Q13309|Q99801,E3|Q13309,E3,Q13309,Q99801,SKP2,NKX3-1,1,2,1.0,0.95658123
E3|Q13309|Q9BYF1,E3|Q13309,E3,Q13309,Q9BYF1,SKP2,ACE2,1,2,1.0,0.50407004
E3|Q13309|Q9H211,E3|Q13309,E3,Q13309,Q9H211,SKP2,CDT1,1,2,1.0,0.96148515
E3|Q13309|Q9HCS4,E3|Q13309,E3,Q13309,Q9HCS4,SKP2,TCF7L1,1,2,1.0,0.9455657
E3|Q13309|Q9NS23,E3|Q13309,E3,Q13309,Q9NS23,SKP2,RASSF1,1,2,1.0,0.8559008
E3|Q13309|Q9NTG7,E3|Q13309,E3,Q13309,Q9NTG7,SKP2,SIRT3,1,2,1.0,0.5471523
E3|Q13309|Q9NXR8,E3|Q13309,E3,Q13309,Q9NXR8,SKP2,ING3,1,2,1.0,0.95928085
E3|Q13309|Q9UMW8,E3|Q13309,E3,Q13309,Q9UMW8,SKP2,USP18,1,2,1.0,0.95580596
E3|Q13309|Q9Y297,E3|Q13309,E3,Q13309,Q9Y297,SKP2,BTRC,1,2,1.0,0.94257265
E3|Q13501|P00338,E3|Q13501,E3,Q13501,P00338,SQSTM1,LDHA,1,2,1.0,0.8840504
E3|Q14145|O14920,E3|Q14145,E3,Q14145,O14920,KEAP1,IKBKB,1,2,1.0,0.9500885
E3|Q14145|P25205,E3|Q14145,E3,Q14145,P25205,KEAP1,MCM3,1,2,1.0,0.93557036
E3|Q14145|P48436,E3|Q14145,E3,Q14145,P48436,KEAP1,SOX9,1,2,1.0,0.8887782
E3|Q14145|Q13501,E3|Q14145,E3,Q14145,Q13501,KEAP1,SQSTM1,1,2,1.0,0.885824
E3|Q14145|Q16236,E3|Q14145,E3,Q14145,Q16236,KEAP1,NFE2L2,1,2,1.0,0.94313735
E3|Q14145|Q86YC2,E3|Q14145,E3,Q14145,Q86YC2,KEAP1,PALB2,1,2,1.0,0.89704216
E3|Q14145|Q96HS1,E3|Q14145,E3,Q14145,Q96HS1,KEAP1,PGAM5,1,2,1.0,0.92070353
E3|Q14145|Q9GZT9,E3|Q14145,E3,Q14145,Q9GZT9,KEAP1,EGLN1,1,2,1.0,0.96136427
E3|Q149N8|P12004,E3|Q149N8,E3,Q149N8,P12004,SHPRH,PCNA,1,2,1.0,0.9464761
E3|Q5T447|P04049,E3|Q5T447,E3,Q5T447,P04049,HECTD3,RAF1,1,2,1.0,0.75789505
E3|Q5T447|P55211,E3|Q5T447,E3,Q5T447,P55211,HECTD3,CASP9,1,2,1.0,0.6488722
E3|Q5T447|Q14790,E3|Q5T447,E3,Q5T447,Q14790,HECTD3,CASP8,1,2,1.0,0.7987604
E3|Q5T447|Q9H2D6,E3|Q5T447,E3,Q5T447,Q9H2D6,HECTD3,TRIOBP,1,2,1.0,0.7946394
E3|Q5T447|Q9UDY8,E3|Q5T447,E3,Q5T447,Q9UDY8,HECTD3,MALT1,1,2,1.0,0.78198165
E3|Q5T447|Q9UNK0,E3|Q5T447,E3,Q5T447,Q9UNK0,HECTD3,STX8,1,2,1.0,0.2620307
E3|Q5T4S7|Q15678,E3|Q5T4S7,E3,Q5T4S7,Q15678,UBR4,PTPN14,1,2,1.0,0.9369527
E3|Q5T4S7|Q9NQA5,E3|Q5T4S7,E3,Q5T4S7,Q9NQA5,UBR4,TRPV5,1,2,1.0,0.83968335
E3|Q5XX13|P45973,E3|Q5XX13,E3,Q5XX13,P45973,FBXW10,CBX5,1,2,1.0,0.7798218
E3|Q63HN8|P00367,E3|Q63HN8,E3,Q63HN8,P00367,RNF213,GLUD1,1,2,1.0,0.729664
E3|Q6PCD5|P04637,E3|Q6PCD5,E3,Q6PCD5,P04637,RFWD3,TP53,1,2,1.0,0.9434137
E3|Q6PCD5|Q06609,E3|Q6PCD5,E3,Q6PCD5,Q06609,RFWD3,RAD51,1,2,1.0,0.8236674
E3|Q6PJ69|P07355,E3|Q6PJ69,E3,Q6PJ69,P07355,TRIM65,ANXA2,1,2,1.0,0.7771239
E3|Q6PJ69|P19320,E3|Q6PJ69,E3,Q6PJ69,P19320,TRIM65,VCAM1,1,2,1.0,0.6108466
E3|Q6PJ69|Q8NDV7,E3|Q6PJ69,E3,Q6PJ69,Q8NDV7,TRIM65,TNRC6A,1,2,1.0,0.76929104
E3|Q6PJ69|Q9NRY4,E3|Q6PJ69,E3,Q6PJ69,Q9NRY4,TRIM65,ARHGAP35,1,2,1.0,0.79732096
E3|Q6VVB1|B3EWF7,E3|Q6VVB1,E3,Q6VVB1,B3EWF7,NHLRC1,EPM2A,1,2,1.0,0.4421778
E3|Q6VVB1|O14641,E3|Q6VVB1,E3,Q6VVB1,O14641,NHLRC1,DVL2,1,2,1.0,0.93568134
E3|Q6VVB1|O95278,E3|Q6VVB1,E3,Q6VVB1,O95278,NHLRC1,EPM2A,1,2,1.0,0.80622977
E3|Q6VVB1|P35573,E3|Q6VVB1,E3,Q6VVB1,P35573,NHLRC1,AGL,1,2,1.0,0.3487366
E3|Q6VVB1|Q9UQK1,E3|Q6VVB1,E3,Q6VVB1,Q9UQK1,NHLRC1,PPP1R3C,1,2,1.0,0.6916538
E3|Q6ZW49|P12004,E3|Q6ZW49,E3,Q6ZW49,P12004,PAXIP1,PCNA,1,2,1.0,0.94801337
E3|Q7Z6J0|O14964,E3|Q7Z6J0,E3,Q7Z6J0,O14964,SH3RF1,HGS,1,2,1.0,0.9607821
E3|Q7Z6J0|P48048,E3|Q7Z6J0,E3,Q7Z6J0,P48048,SH3RF1,KCNJ1,1,2,1.0,0.82137877
E3|Q7Z6J0|P63252,E3|Q7Z6J0,E3,Q7Z6J0,P63252,SH3RF1,KCNJ2,1,2,1.0,0.92177707
E3|Q7Z6J0|Q15011,E3|Q7Z6J0,E3,Q7Z6J0,Q15011,SH3RF1,HERPUD1,1,2,1.0,0.9493933
E3|Q7Z6J0|Q7Z6J0,E3|Q7Z6J0,E3,Q7Z6J0,Q7Z6J0,SH3RF1,SH3RF1,1,2,1.0,0.96769506
E3|Q7Z6J0|Q8WUM4,E3|Q7Z6J0,E3,Q7Z6J0,Q8WUM4,SH3RF1,PDCD6IP,1,2,1.0,0.96127504
E3|Q7Z6J0|Q9UBP5,E3|Q7Z6J0,E3,Q7Z6J0,Q9UBP5,SH3RF1,HEY2,1,2,1.0,0.7467654
E3|Q86WC4|P08754,E3|Q86WC4,E3,Q86WC4,P08754,OSTM1,GNAI3,1,2,1.0,0.8797859
E3|Q86WT6|P04637,E3|Q86WT6,E3,Q86WT6,P04637,TRIM69,TP53,1,2,1.0,0.961589
E3|Q86Y13|P04908,E3|Q86Y13,E3,Q86Y13,P04908,DZIP3,H2AC4,1,2,1.0,0.95932806
E3|Q86Y13|P54253,E3|Q86Y13,E3,Q86Y13,P54253,DZIP3,ATXN1,1,2,1.0,0.9566597
E3|Q86Y13|Q08AJ9,E3|Q86Y13,E3,Q86Y13,Q08AJ9,DZIP3,HIST1H2AB,1,2,1.0,0.679007
E3|Q8N448|P49757,E3|Q8N448,E3,Q8N448,P49757,LNX2,NUMB,1,2,1.0,0.7441782
E3|Q8N448|Q9UKL4,E3|Q8N448,E3,Q8N448,Q9UKL4,LNX2,GJD2,1,2,1.0,0.5251885
E3|Q8NC42|P15056,E3|Q8NC42,E3,Q8NC42,P15056,RNF149,BRAF,1,2,1.0,0.7799003
E3|Q8NCQ5|P08183,E3|Q8NCQ5,E3,Q8NCQ5,P08183,FBXO15,ABCB1,1,2,1.0,0.7599
E3|Q8NCQ5|Q9UJA2,E3|Q8NCQ5,E3,Q8NCQ5,Q9UJA2,FBXO15,CRLS1,1,2,1.0,0.8220454
E3|Q8ND25|P00533,E3|Q8ND25,E3,Q8ND25,P00533,ZNRF1,EGFR,1,2,1.0,0.97219807
E3|Q8ND25|P15104,E3|Q8ND25,E3,Q8ND25,P15104,ZNRF1,GLUL,1,2,1.0,0.78015083
E3|Q8ND25|P31749,E3|Q8ND25,E3,Q8ND25,P31749,ZNRF1,AKT1,1,2,1.0,0.93960327
E3|Q8ND25|Q03135,E3|Q8ND25,E3,Q8ND25,Q03135,ZNRF1,CAV1,1,2,1.0,0.96561086
E3|Q8ND25|Q8ND25,E3|Q8ND25,E3,Q8ND25,Q8ND25,ZNRF1,ZNRF1,1,2,1.0,0.9668259
E3|Q8NEG5|Q8NEG5,E3|Q8NEG5,E3,Q8NEG5,Q8NEG5,ZSWIM2,ZSWIM2,1,2,1.0,0.8614398
E3|Q8NG27|P32519,E3|Q8NG27,E3,Q8NG27,P32519,PJA1,ELF1,1,2,1.0,0.53907454
E3|Q8NG27|P84022,E3|Q8NG27,E3,Q8NG27,P84022,PJA1,SMAD3,1,2,1.0,0.709398
E3|Q8NG27|Q13148,E3|Q8NG27,E3,Q8NG27,Q13148,PJA1,TARDBP,1,2,1.0,0.77125007
E3|Q8NG27|Q15022,E3|Q8NG27,E3,Q8NG27,Q15022,PJA1,SUZ12,1,2,1.0,0.7606529
E3|Q8NG27|Q15910,E3|Q8NG27,E3,Q8NG27,Q15910,PJA1,EZH2,1,2,1.0,0.7502504
E3|Q8NG27|Q6PJQ5,E3|Q8NG27,E3,Q8NG27,Q6PJQ5,PJA1,FOXR2,1,2,1.0,0.7007975
E3|Q8NG27|Q9Y5V3,E3|Q8NG27,E3,Q8NG27,Q9Y5V3,PJA1,MAGED1,1,2,1.0,0.82008284
E3|Q8TEB7|O15511,E3|Q8TEB7,E3,Q8TEB7,O15511,RNF128,ARPC5,1,2,1.0,0.8107921
E3|Q8TEB7|P04637,E3|Q8TEB7,E3,Q8TEB7,P04637,RNF128,TP53,1,2,1.0,0.94405025
E3|Q8TEB7|P16070,E3|Q8TEB7,E3,Q8TEB7,P16070,RNF128,CD44,1,2,1.0,0.93430436
E3|Q8TEB7|P29965,E3|Q8TEB7,E3,Q8TEB7,P29965,RNF128,CD40LG,1,2,1.0,0.9424925
E3|Q8TEB7|P31146,E3|Q8TEB7,E3,Q8TEB7,P31146,RNF128,CORO1A,1,2,1.0,0.6010578
E3|Q8TEB7|P52565,E3|Q8TEB7,E3,Q8TEB7,P52565,RNF128,ARHGDIA,1,2,1.0,0.7007036
E3|Q8TEB7|P52566,E3|Q8TEB7,E3,Q8TEB7,P52566,RNF128,ARHGDIB,1,2,1.0,0.420157
E3|Q8TEB7|Q01151,E3|Q8TEB7,E3,Q8TEB7,Q01151,RNF128,CD83,1,2,1.0,0.6570964
E3|Q8WXG1|P51617,E3|Q8WXG1,E3,Q8WXG1,P51617,RSAD2,IRAK1,1,2,1.0,0.61482424
E3|Q8WXH4|P04843,E3|Q8WXH4,E3,Q8WXH4,P04843,ASB11,RPN1,1,2,1.0,0.9296377
E3|Q8WXH4|Q13323,E3|Q8WXH4,E3,Q8WXH4,Q13323,ASB11,BIK,1,2,1.0,0.8990199
E3|Q969K3|P04637,E3|Q969K3,E3,Q969K3,P04637,RNF34,TP53,1,2,1.0,0.95228165
E3|Q969K3|Q13546,E3|Q969K3,E3,Q969K3,Q13546,RNF34,RIPK1,1,2,1.0,0.9233251
E3|Q969K3|Q14790,E3|Q969K3,E3,Q969K3,Q14790,RNF34,CASP8,1,2,1.0,0.76243794
E3|Q969K3|Q92851,E3|Q969K3,E3,Q969K3,Q92851,RNF34,CASP10,1,2,1.0,0.63323575
E3|Q969K3|Q9UBK2,E3|Q969K3,E3,Q969K3,Q9UBK2,RNF34,PPARGC1A,1,2,1.0,0.5280275
E3|Q969K3|Q9Y239,E3|Q969K3,E3,Q969K3,Q9Y239,RNF34,NOD1,1,2,1.0,0.89947015
E3|Q96EX2|P26951,E3|Q96EX2,E3,Q96EX2,P26951,RNFT2,IL3RA,1,2,1.0,0.15739833
E3|Q96GF1|O14641,E3|Q96GF1,E3,Q96GF1,O14641,RNF185,DVL2,1,2,1.0,0.94124055
E3|Q96GF1|O75915,E3|Q96GF1,E3,Q96GF1,O75915,RNF185,ARL6IP5,1,2,1.0,0.94622624
E3|Q96GF1|P13569,E3|Q96GF1,E3,Q96GF1,P13569,RNF185,CFTR,1,2,1.0,0.9565615
E3|Q96GF1|Q12981,E3|Q96GF1,E3,Q96GF1,Q12981,RNF185,BNIP1,1,2,1.0,0.9470934
E3|Q96GF1|Q9BRJ7,E3|Q96GF1,E3,Q96GF1,Q9BRJ7,RNF185,NUDT16L1,1,2,1.0,0.30019453
E3|Q96J02|F5HEZ4,E3|Q96J02,E3,Q96J02,F5HEZ4,ITCH,ORF71,1,2,1.0,0.30948856
E3|Q96J02|O14641,E3|Q96J02,E3,Q96J02,O14641,ITCH,DVL2,1,2,1.0,0.964317
E3|Q96J02|O14964,E3|Q96J02,E3,Q96J02,O14964,ITCH,HGS,1,2,1.0,0.9672737
E3|Q96J02|O15105,E3|Q96J02,E3,Q96J02,O15105,ITCH,SMAD7,1,2,1.0,0.6845865
E3|Q96J02|O15350,E3|Q96J02,E3,Q96J02,O15350,ITCH,TP73,1,2,1.0,0.47116867
E3|Q96J02|O15357,E3|Q96J02,E3,Q96J02,O15357,ITCH,INPPL1,1,2,1.0,0.9579606
E3|Q96J02|O15519,E3|Q96J02,E3,Q96J02,O15519,ITCH,CFLAR,1,2,1.0,0.69681185
E3|Q96J02|O43294,E3|Q96J02,E3,Q96J02,O43294,ITCH,TGFB1I1,1,2,1.0,0.95143455
E3|Q96J02|O43318,E3|Q96J02,E3,Q96J02,O43318,ITCH,MAP3K7,1,2,1.0,0.93799347
E3|Q96J02|O43353,E3|Q96J02,E3,Q96J02,O43353,ITCH,RIPK2,1,2,1.0,0.95708346
E3|Q96J02|O60240,E3|Q96J02,E3,Q96J02,O60240,ITCH,PLIN1,1,2,1.0,0.9320229
E3|Q96J02|O75581,E3|Q96J02,E3,Q96J02,O75581,ITCH,LRP6,1,2,1.0,0.9364322
E3|Q96J02|O95835,E3|Q96J02,E3,Q96J02,O95835,ITCH,LATS1,1,2,1.0,0.96242136
E3|Q96J02|O95999,E3|Q96J02,E3,Q96J02,O95999,ITCH,BCL10,1,2,1.0,0.6865711
E3|Q96J02|P00533,E3|Q96J02,E3,Q96J02,P00533,ITCH,EGFR,1,2,1.0,0.96312326
E3|Q96J02|P05412,E3|Q96J02,E3,Q96J02,P05412,ITCH,JUN,1,2,1.0,0.29488894
E3|Q96J02|P05777,E3|Q96J02,E3,Q96J02,P05777,ITCH,M,1,2,1.0,0.11784971
E3|Q96J02|P06241,E3|Q96J02,E3,Q96J02,P06241,ITCH,FYN,1,2,1.0,0.9616139
E3|Q96J02|P08151,E3|Q96J02,E3,Q96J02,P08151,ITCH,GLI1,1,2,1.0,0.37823448
E3|Q96J02|P15056,E3|Q96J02,E3,Q96J02,P15056,ITCH,BRAF,1,2,1.0,0.94545615
E3|Q96J02|P16403,E3|Q96J02,E3,Q96J02,P16403,ITCH,H1-2,1,2,1.0,0.3125294
E3|Q96J02|P17275,E3|Q96J02,E3,Q96J02,P17275,ITCH,JUNB,1,2,1.0,0.33005247
E3|Q96J02|P17844,E3|Q96J02,E3,Q96J02,P17844,ITCH,DDX5,1,2,1.0,0.46127677
E3|Q96J02|P19174,E3|Q96J02,E3,Q96J02,P19174,ITCH,PLCG1,1,2,1.0,0.72288567
E3|Q96J02|P20963,E3|Q96J02,E3,Q96J02,P20963,ITCH,CD247,1,2,1.0,0.91932225
E3|Q96J02|P21860,E3|Q96J02,E3,Q96J02,P21860,ITCH,ERBB3,1,2,1.0,0.9488533
E3|Q96J02|P22681,E3|Q96J02,E3,Q96J02,P22681,ITCH,CBL,1,2,1.0,0.96554714
E3|Q96J02|P45985,E3|Q96J02,E3,Q96J02,P45985,ITCH,MAP2K4,1,2,1.0,0.7730961
E3|Q96J02|P46531,E3|Q96J02,E3,Q96J02,P46531,ITCH,NOTCH1,1,2,1.0,0.94760215
E3|Q96J02|P46937,E3|Q96J02,E3,Q96J02,P46937,ITCH,YAP1,1,2,1.0,0.96389484
E3|Q96J02|P55957,E3|Q96J02,E3,Q96J02,P55957,ITCH,BID,1,2,1.0,0.9619307
E3|Q96J02|P61073,E3|Q96J02,E3,Q96J02,P61073,ITCH,CXCR4,1,2,1.0,0.92185736
E3|Q96J02|Q01860,E3|Q96J02,E3,Q96J02,Q01860,ITCH,POU5F1,1,2,1.0,0.32739905
E3|Q96J02|Q12778,E3|Q96J02,E3,Q96J02,Q12778,ITCH,FOXO1,1,2,1.0,0.73448515
E3|Q96J02|Q13118,E3|Q96J02,E3,Q96J02,Q13118,ITCH,KLF10,1,2,1.0,0.31512892
E3|Q96J02|Q13490,E3|Q96J02,E3,Q96J02,Q13490,ITCH,BIRC2,1,2,1.0,0.8120996
E3|Q96J02|Q13546,E3|Q96J02,E3,Q96J02,Q13546,ITCH,RIPK1,1,2,1.0,0.9492549
E3|Q96J02|Q13571,E3|Q96J02,E3,Q96J02,Q13571,ITCH,LAPTM5,1,2,1.0,0.95244265
E3|Q96J02|Q13635,E3|Q96J02,E3,Q96J02,Q13635,ITCH,PTCH1,1,2,1.0,0.95270926
E3|Q96J02|Q14511,E3|Q96J02,E3,Q96J02,Q14511,ITCH,NEDD9,1,2,1.0,0.9515785
E3|Q96J02|Q15303,E3|Q96J02,E3,Q96J02,Q15303,ITCH,ERBB4,1,2,1.0,0.96680117
E3|Q96J02|Q15583,E3|Q96J02,E3,Q96J02,Q15583,ITCH,TGIF1,1,2,1.0,0.44898227
E3|Q96J02|Q15750,E3|Q96J02,E3,Q96J02,Q15750,ITCH,TAB1,1,2,1.0,0.9616929
E3|Q96J02|Q15796,E3|Q96J02,E3,Q96J02,Q15796,ITCH,SMAD2,1,2,1.0,0.5834764
E3|Q96J02|Q15811,E3|Q96J02,E3,Q96J02,Q15811,ITCH,ITSN1,1,2,1.0,0.9679827
E3|Q96J02|Q16621,E3|Q96J02,E3,Q96J02,Q16621,ITCH,NFE2,1,2,1.0,0.75763804
E3|Q96J02|Q16625,E3|Q96J02,E3,Q96J02,Q16625,ITCH,OCLN,1,2,1.0,0.94020325
E3|Q96J02|Q16630,E3|Q96J02,E3,Q96J02,Q16630,ITCH,CPSF6,1,2,1.0,0.6181935
E3|Q96J02|Q16655,E3|Q96J02,E3,Q96J02,Q16655,ITCH,MLANA,1,2,1.0,0.94291127
E3|Q96J02|Q3T906,E3|Q96J02,E3,Q96J02,Q3T906,ITCH,GNPTAB,1,2,1.0,0.96675235
E3|Q96J02|Q4VCS5,E3|Q96J02,E3,Q96J02,Q4VCS5,ITCH,AMOT,1,2,1.0,0.95177466
E3|Q96J02|Q6PJG6,E3|Q96J02,E3,Q96J02,Q6PJG6,ITCH,BRAT1,1,2,1.0,0.75967056
E3|Q96J02|Q7Z434,E3|Q96J02,E3,Q96J02,Q7Z434,ITCH,MAVS,1,2,1.0,0.94206804
E3|Q96J02|Q86Y01,E3|Q96J02,E3,Q96J02,Q86Y01,ITCH,DTX1,1,2,1.0,0.85949415
E3|Q96J02|Q8NEA6,E3|Q96J02,E3,Q96J02,Q8NEA6,ITCH,GLIS3,1,2,1.0,0.7580965
E3|Q96J02|Q8WWW0,E3|Q96J02,E3,Q96J02,Q8WWW0,ITCH,RASSF5,1,2,1.0,0.95341307
E3|Q96J02|Q96J02,E3|Q96J02,E3,Q96J02,Q96J02,ITCH,ITCH,1,2,1.0,0.96644664
E3|Q96J02|Q99541,E3|Q96J02,E3,Q96J02,Q99541,ITCH,PLIN2,1,2,1.0,0.7522098
E3|Q96J02|Q99962,E3|Q96J02,E3,Q96J02,Q99962,ITCH,SH3GL2,1,2,1.0,0.9467334
E3|Q96J02|Q9BTU6,E3|Q96J02,E3,Q96J02,Q9BTU6,ITCH,PI4K2A,1,2,1.0,0.95237225
E3|Q96J02|Q9H3D4,E3|Q96J02,E3,Q96J02,Q9H3D4,ITCH,TP63,1,2,1.0,0.44757825
E3|Q96J02|Q9H3M7,E3|Q96J02,E3,Q96J02,Q9H3M7,ITCH,TXNIP,1,2,1.0,0.61768836
E3|Q96J02|Q9HBA0,E3|Q96J02,E3,Q96J02,Q9HBA0,ITCH,TRPV4,1,2,1.0,0.8854489
E3|Q96J02|Q9UBN4,E3|Q96J02,E3,Q96J02,Q9UBN4,ITCH,TRPC4,1,2,1.0,0.927282
E3|Q96J02|Q9UM47,E3|Q96J02,E3,Q96J02,Q9UM47,ITCH,NOTCH3,1,2,1.0,0.9656078
E3|Q96J02|Q9UMX1,E3|Q96J02,E3,Q96J02,Q9UMX1,ITCH,SUFU,1,2,1.0,0.40784103
E3|Q96J02|Q9Y371,E3|Q96J02,E3,Q96J02,Q9Y371,ITCH,SH3GLB1,1,2,1.0,0.96148854
E3|Q96J02|Q9Y5X1,E3|Q96J02,E3,Q96J02,Q9Y5X1,ITCH,SNX9,1,2,1.0,0.9556881
E3|Q96JY6|P42224,E3|Q96JY6,E3,Q96JY6,P42224,PDLIM2,STAT1,1,2,1.0,0.63733023
E3|Q96JY6|Q04206,E3|Q96JY6,E3,Q96JY6,Q04206,PDLIM2,RELA,1,2,1.0,0.4406174
E3|Q96LD4|P04637,E3|Q96LD4,E3,Q96LD4,P04637,TRIM47,TP53,1,2,1.0,0.94959176
E3|Q96LD4|Q12906,E3|Q96LD4,E3,Q96LD4,Q12906,TRIM47,ILF3,1,2,1.0,0.92524594
E3|Q96LD4|Q13485,E3|Q96LD4,E3,Q96LD4,Q13485,TRIM47,SMAD4,1,2,1.0,0.792388
E3|Q9BR09|P35222,E3|Q9BR09,E3,Q9BR09,P35222,NEURL2,CTNNB1,1,2,1.0,0.54074544
E3|Q9BVG3|Q9BVG3,E3|Q9BVG3,E3,Q9BVG3,Q9BVG3,TRIM62,TRIM62,1,2,1.0,0.97101337
E3|Q9BVG3|Q9H257,E3|Q9BVG3,E3,Q9BVG3,Q9H257,TRIM62,CARD9,1,2,1.0,0.9684778
E3|Q9BXM7|P21796,E3|Q9BXM7,E3,Q9BXM7,P21796,PINK1,VDAC1,1,2,1.0,0.9416961
E3|Q9BY78|P09936,E3|Q9BY78,E3,Q9BY78,P09936,RNF26,TMEM173,1,2,1.0,0.9352693
E3|Q9BY78|Q13501,E3|Q9BY78,E3,Q9BY78,Q13501,RNF26,SQSTM1,1,2,1.0,0.94226843
E3|Q9BY78|Q14653,E3|Q9BY78,E3,Q9BY78,Q14653,RNF26,IRF3,1,2,1.0,0.95868874
E3|Q9BY78|Q86WV6,E3|Q9BY78,E3,Q9BY78,Q86WV6,RNF26,STING1,1,2,1.0,0.687146
E3|Q9BZY9|O43318,E3|Q9BZY9,E3,Q9BZY9,O43318,TRIM31,MAP3K7,1,2,1.0,0.94684035
E3|Q9BZY9|Q96P20,E3|Q9BZY9,E3,Q9BZY9,Q96P20,TRIM31,NLRP3,1,2,1.0,0.95376396
E3|Q9BZY9|Q9BZY9,E3|Q9BZY9,E3,Q9BZY9,Q9BZY9,TRIM31,TRIM31,1,2,1.0,0.9598997
E3|Q9BZY9|Q9NQ88,E3|Q9BZY9,E3,Q9BZY9,Q9NQ88,TRIM31,TIGAR,1,2,1.0,0.8209823
E3|Q9C030|P78543,E3|Q9C030,E3,Q9C030,P78543,TRIM6,BTG2,1,2,1.0,0.3815972
E3|Q9H0X6|P08670,E3|Q9H0X6,E3,Q9H0X6,P08670,RNF208,VIM,1,2,1.0,0.79278225
E3|Q9H6Y7|Q8WTX7,E3|Q9H6Y7,E3,Q9H6Y7,Q8WTX7,RNF167,CASTOR1,1,2,1.0,0.24404421
E3|Q9H6Y7|Q96BI1,E3|Q9H6Y7,E3,Q9H6Y7,Q96BI1,RNF167,SLC22A18,1,2,1.0,0.94707245
E3|Q9H992|P10636,E3|Q9H992,E3,Q9H992,P10636,MARCHF7,MAPT,1,2,1.0,0.2300754
E3|Q9H992|Q00987,E3|Q9H992,E3,Q9H992,Q00987,MARCHF7,MDM2,1,2,1.0,0.8744798
E3|Q9H992|Q9H992,E3|Q9H992,E3,Q9H992,Q9H992,MARCHF7,MARCHF7,1,2,1.0,0.9433047
E3|Q9HCI7|P04637,E3|Q9HCI7,E3,Q9HCI7,P04637,MSL2,TP53,1,2,1.0,0.9536048
E3|Q9HCI7|P62807,E3|Q9HCI7,E3,Q9HCI7,P62807,MSL2,H2BC4,1,2,1.0,0.9418459
E3|Q9HCI7|Q16778,E3|Q9HCI7,E3,Q9HCI7,Q16778,MSL2,H2BC21,1,2,1.0,0.9521501
E3|Q9NRD1|O00584,E3|Q9NRD1,E3,Q9NRD1,O00584,FBXO6,RNASET2,1,2,1.0,0.5954895
E3|Q9NRD1|O14757,E3|Q9NRD1,E3,Q9NRD1,O14757,FBXO6,CHEK1,1,2,1.0,0.5550859
E3|Q9NRD1|O75882,E3|Q9NRD1,E3,Q9NRD1,O75882,FBXO6,ATRN,1,2,1.0,0.45672074
E3|Q9NRD1|P02786,E3|Q9NRD1,E3,Q9NRD1,P02786,FBXO6,TFRC,1,2,1.0,0.44791993
E3|Q9NRD1|Q14653,E3|Q9NRD1,E3,Q9NRD1,Q14653,FBXO6,IRF3,1,2,1.0,0.9219515
E3|Q9NRD1|Q96HE7,E3|Q9NRD1,E3,Q9NRD1,Q96HE7,FBXO6,ERO1A,1,2,1.0,0.35759968
E3|Q9NRD1|Q9BRS2,E3|Q9NRD1,E3,Q9NRD1,Q9BRS2,FBXO6,RIOK1,1,2,1.0,0.33322334
E3|Q9NRM6|O00628,E3|Q9NRM6,E3,Q9NRM6,O00628,IL17RB,PEX7,1,2,1.0,0.46958214
E3|Q9NVR0|P14635,E3|Q9NVR0,E3,Q9NVR0,P14635,KLHL11,CCNB1,1,2,1.0,0.8618837
E3|Q9NX47|O00220,E3|Q9NX47,E3,Q9NX47,O00220,MARCHF5,TNFRSF10A,1,2,1.0,0.8960254
E3|Q9NX47|O00429,E3|Q9NX47,E3,Q9NX47,O00429,MARCHF5,DNM1L,1,2,1.0,0.71928453
E3|Q9NX47|O95140,E3|Q9NX47,E3,Q9NX47,O95140,MARCHF5,MFN2,1,2,1.0,0.37135145
E3|Q9NX47|P00441,E3|Q9NX47,E3,Q9NX47,P00441,MARCHF5,SOD1,1,2,1.0,0.7057027
E3|Q9NX47|P33076,E3|Q9NX47,E3,Q9NX47,P33076,MARCHF5,CIITA,1,2,1.0,0.17270812
E3|Q9NX47|P46821,E3|Q9NX47,E3,Q9NX47,P46821,MARCHF5,MAP1B,1,2,1.0,0.61489844
E3|Q9NX47|P46939,E3|Q9NX47,E3,Q9NX47,P46939,MARCHF5,UTRN,1,2,1.0,0.7889222
E3|Q9NX47|P54252,E3|Q9NX47,E3,Q9NX47,P54252,MARCHF5,ATXN3,1,2,1.0,0.9260335
E3|Q9NX47|Q07820,E3|Q9NX47,E3,Q9NX47,Q07820,MARCHF5,MCL1,1,2,1.0,0.48502004
E3|Q9NX47|Q7Z434,E3|Q9NX47,E3,Q9NX47,Q7Z434,MARCHF5,MAVS,1,2,1.0,0.63696855
E3|Q9NX47|Q8IWA4,E3|Q9NX47,E3,Q9NX47,Q8IWA4,MARCHF5,MFN1,1,2,1.0,0.46666446
E3|Q9NX47|Q92844,E3|Q9NX47,E3,Q9NX47,Q92844,MARCHF5,TANK,1,2,1.0,0.3160258
E3|Q9NX47|Q9NX47,E3|Q9NX47,E3,Q9NX47,Q9NX47,MARCHF5,MARCHF5,1,2,1.0,0.96471745
E3|Q9NX47|Q9Y3D6,E3|Q9NX47,E3,Q9NX47,Q9Y3D6,MARCHF5,FIS1,1,2,1.0,0.5258885
E3|Q9NZJ0|A4F535,E3|Q9NZJ0,E3,Q9NZJ0,A4F535,DTL,P,1,2,1.0,0.5806629
E3|Q9NZJ0|O14757,E3|Q9NZJ0,E3,Q9NZJ0,O14757,DTL,CHEK1,1,2,1.0,0.94130415
E3|Q9NZJ0|P04637,E3|Q9NZJ0,E3,Q9NZJ0,P04637,DTL,TP53,1,2,1.0,0.969243
E3|Q9NZJ0|P12004,E3|Q9NZJ0,E3,Q9NZJ0,P12004,DTL,PCNA,1,2,1.0,0.8622906
E3|Q9NZJ0|P28715,E3|Q9NZJ0,E3,Q9NZJ0,P28715,DTL,ERCC5,1,2,1.0,0.78276575
E3|Q9NZJ0|P38936,E3|Q9NZJ0,E3,Q9NZJ0,P38936,DTL,CDKN1A,1,2,1.0,0.90881485
E3|Q9NZJ0|Q13569,E3|Q9NZJ0,E3,Q9NZJ0,Q13569,DTL,TDG,1,2,1.0,0.8231067
E3|Q9NZJ0|Q16526,E3|Q9NZJ0,E3,Q9NZJ0,Q16526,DTL,CRY1,1,2,1.0,0.9160308
E3|Q9NZJ0|Q53EL6,E3|Q9NZJ0,E3,Q9NZJ0,Q53EL6,DTL,PDCD4,1,2,1.0,0.72173965
E3|Q9NZJ0|Q6IQ49,E3|Q9NZJ0,E3,Q9NZJ0,Q6IQ49,DTL,SDE2,1,2,1.0,0.8014519
E3|Q9NZJ0|Q8NFZ0,E3|Q9NZJ0,E3,Q9NZJ0,Q8NFZ0,DTL,FBH1,1,2,1.0,0.55327505
E3|Q9NZJ0|Q92830,E3|Q9NZJ0,E3,Q9NZJ0,Q92830,DTL,KAT2A,1,2,1.0,0.9216124
E3|Q9NZJ0|Q99741,E3|Q9NZJ0,E3,Q9NZJ0,Q99741,DTL,CDC6,1,2,1.0,0.88825667
E3|Q9NZJ0|Q9H211,E3|Q9NZJ0,E3,Q9NZJ0,Q9H211,DTL,CDT1,1,2,1.0,0.83849293
E3|Q9NZJ0|Q9HCU8,E3|Q9NZJ0,E3,Q9NZJ0,Q9HCU8,DTL,POLD4,1,2,1.0,0.80046934
E3|Q9NZJ0|Q9NQR1,E3|Q9NZJ0,E3,Q9NZJ0,Q9NQR1,DTL,KMT5A,1,2,1.0,0.38752544
E3|Q9NZJ0|Q9Y253,E3|Q9NZJ0,E3,Q9NZJ0,Q9Y253,DTL,POLH,1,2,1.0,0.80826974
E3|Q9P0N8|P02786,E3|Q9P0N8,E3,Q9P0N8,P02786,MARCHF2,TFRC,1,2,1.0,0.95890737
E3|Q9P0N8|P13569,E3|Q9P0N8,E3,Q9P0N8,P13569,MARCHF2,CFTR,1,2,1.0,0.8407675
E3|Q9P0N8|P42081,E3|Q9P0N8,E3,Q9P0N8,P42081,MARCHF2,CD86,1,2,1.0,0.92593324
E3|Q9P0N8|Q12959,E3|Q9P0N8,E3,Q9P0N8,Q12959,MARCHF2,DLG1,1,2,1.0,0.91956747
E3|Q9P0N8|Q9Y282,E3|Q9P0N8,E3,Q9P0N8,Q9Y282,MARCHF2,ERGIC3,1,2,1.0,0.96238935
E3|Q9P253|Q9NYY3,E3|Q9P253,E3,Q9P253,Q9NYY3,VPS18,PLK2,1,2,1.0,0.9288359
E3|Q9P253|Q9NZ52,E3|Q9P253,E3,Q9P253,Q9NZ52,VPS18,GGA3,1,2,1.0,0.8910009
E3|Q9P2J3|P14635,E3|Q9P2J3,E3,Q9P2J3,P14635,KLHL9,CCNB1,1,2,1.0,0.94916457
E3|Q9P2J3|P17676,E3|Q9P2J3,E3,Q9P2J3,P17676,KLHL9,CEBPB,1,2,1.0,0.9122996
E3|Q9P2J3|Q6PGQ7,E3|Q9P2J3,E3,Q9P2J3,Q6PGQ7,KLHL9,BORA,1,2,1.0,0.6929842
E3|Q9P2J3|Q96GD4,E3|Q9P2J3,E3,Q9P2J3,Q96GD4,KLHL9,AURKB,1,2,1.0,0.81392777
E3|Q9P2N7|P14635,E3|Q9P2N7,E3,Q9P2N7,P14635,KLHL13,CCNB1,1,2,1.0,0.9483725
E3|Q9P2N7|Q6PGQ7,E3|Q9P2N7,E3,Q9P2N7,Q6PGQ7,KLHL13,BORA,1,2,1.0,0.7530655
E3|Q9P2N7|Q96GD4,E3|Q9P2N7,E3,Q9P2N7,Q96GD4,KLHL13,AURKB,1,2,1.0,0.82691455
E3|Q9UH77|Q96J92,E3|Q9UH77,E3,Q9UH77,Q96J92,KLHL3,WNK4,1,2,1.0,0.9185773
E3|Q9UH77|Q9H4A3,E3|Q9UH77,E3,Q9UH77,Q9H4A3,KLHL3,WNK1,1,2,1.0,0.92001414
E3|Q9UHC7|O14746,E3|Q9UHC7,E3,Q9UHC7,O14746,MKRN1,TERT,1,2,1.0,0.8414281
E3|Q9UHC7|O95259,E3|Q9UHC7,E3,Q9UHC7,O95259,MKRN1,KCNH1,1,2,1.0,0.84288543
E3|Q9UHC7|P04637,E3|Q9UHC7,E3,Q9UHC7,P04637,MKRN1,TP53,1,2,1.0,0.94830334
E3|Q9UHC7|P06935,E3|Q9UHC7,E3,Q9UHC7,P06935,MKRN1,,1,2,1.0,0.14698033
E3|Q9UHC7|P11940,E3|Q9UHC7,E3,Q9UHC7,P11940,MKRN1,PABPC1,1,2,1.0,0.9201813
E3|Q9UHC7|P38936,E3|Q9UHC7,E3,Q9UHC7,P38936,MKRN1,CDKN1A,1,2,1.0,0.8780533
E3|Q9UHC7|P46783,E3|Q9UHC7,E3,Q9UHC7,P46783,MKRN1,RPS10,1,2,1.0,0.923578
E3|Q9UHC7|P54098,E3|Q9UHC7,E3,Q9UHC7,P54098,MKRN1,POLG,1,2,1.0,0.4177979
E3|Q9UHC7|Q7Z7B0,E3|Q9UHC7,E3,Q9UHC7,Q7Z7B0,MKRN1,FILIP1,1,2,1.0,0.8896349
E3|Q9UHC7|Q8N726,E3|Q9UHC7,E3,Q9UHC7,Q8N726,MKRN1,CDKN2A,1,2,1.0,0.8460642
E3|Q9UII4|P22392,E3|Q9UII4,E3,Q9UII4,P22392,HERC5,NME2,1,2,1.0,0.93228406
E3|Q9UII4|Q13363,E3|Q9UII4,E3,Q9UII4,Q13363,HERC5,CTBP1,1,2,1.0,0.9410314
E3|Q9UK99|Q09472,E3|Q9UK99,E3,Q9UK99,Q09472,FBXO3,EP300,1,2,1.0,0.5898497
E3|Q9UK99|Q9H2X6,E3|Q9UK99,E3,Q9UK99,Q9H2X6,FBXO3,HIPK2,1,2,1.0,0.6191689
E3|Q9UK99|Q9HCE7,E3|Q9UK99,E3,Q9UK99,Q9HCE7,FBXO3,SMURF1,1,2,1.0,0.76374525
E3|Q9UK99|Q9NXK8,E3|Q9UK99,E3,Q9UK99,Q9NXK8,FBXO3,FBXL12,1,2,1.0,0.8219056
E3|Q9UKA2|O75164,E3|Q9UKA2,E3,Q9UKA2,O75164,FBXL4,KDM4A,1,2,1.0,0.28350076
E3|Q9UKB1|O00444,E3|Q9UKB1,E3,Q9UKB1,O00444,FBXW11,PLK4,1,2,1.0,0.9418658
E3|Q9UKB1|O14503,E3|Q9UKB1,E3,Q9UKB1,O14503,FBXW11,BHLHE40,1,2,1.0,0.9650889
E3|Q9UKB1|O14920,E3|Q9UKB1,E3,Q9UKB1,O14920,FBXW11,IKBKB,1,2,1.0,0.96655786
E3|Q9UKB1|O15055,E3|Q9UKB1,E3,Q9UKB1,O15055,FBXW11,PER2,1,2,1.0,0.9706637
E3|Q9UKB1|O15111,E3|Q9UKB1,E3,Q9UKB1,O15111,FBXW11,CHUK,1,2,1.0,0.9661204
E3|Q9UKB1|O15534,E3|Q9UKB1,E3,Q9UKB1,O15534,FBXW11,PER1,1,2,1.0,0.9663107
E3|Q9UKB1|O60343,E3|Q9UKB1,E3,Q9UKB1,O60343,FBXW11,TBC1D4,1,2,1.0,0.9637831
E3|Q9UKB1|P16471,E3|Q9UKB1,E3,Q9UKB1,P16471,FBXW11,PRLR,1,2,1.0,0.92996675
E3|Q9UKB1|P17181,E3|Q9UKB1,E3,Q9UKB1,P17181,FBXW11,IFNAR1,1,2,1.0,0.52915055
E3|Q9UKB1|P19838,E3|Q9UKB1,E3,Q9UKB1,P19838,FBXW11,NFKB1,1,2,1.0,0.9693489
E3|Q9UKB1|P25963,E3|Q9UKB1,E3,Q9UKB1,P25963,FBXW11,NFKBIA,1,2,1.0,0.96628755
E3|Q9UKB1|P30291,E3|Q9UKB1,E3,Q9UKB1,P30291,FBXW11,WEE1,1,2,1.0,0.82507116
E3|Q9UKB1|P30304,E3|Q9UKB1,E3,Q9UKB1,P30304,FBXW11,CDC25A,1,2,1.0,0.9635704
E3|Q9UKB1|P30305,E3|Q9UKB1,E3,Q9UKB1,P30305,FBXW11,CDC25B,1,2,1.0,0.9644853
E3|Q9UKB1|P35222,E3|Q9UKB1,E3,Q9UKB1,P35222,FBXW11,CTNNB1,1,2,1.0,0.95898104
E3|Q9UKB1|P46937,E3|Q9UKB1,E3,Q9UKB1,P46937,FBXW11,YAP1,1,2,1.0,0.96125126
E3|Q9UKB1|P53805,E3|Q9UKB1,E3,Q9UKB1,P53805,FBXW11,RCAN1,1,2,1.0,0.9658062
E3|Q9UKB1|Q12959,E3|Q9UKB1,E3,Q9UKB1,Q12959,FBXW11,DLG1,1,2,1.0,0.53116405
E3|Q9UKB1|Q13127,E3|Q9UKB1,E3,Q9UKB1,Q13127,FBXW11,REST,1,2,1.0,0.96760243
E3|Q9UKB1|Q53EL6,E3|Q9UKB1,E3,Q9UKB1,Q53EL6,FBXW11,PDCD4,1,2,1.0,0.9427634
E3|Q9UKB1|Q76N32,E3|Q9UKB1,E3,Q9UKB1,Q76N32,FBXW11,CEP68,1,2,1.0,0.9433023
E3|Q9UKB1|Q8IYD8,E3|Q9UKB1,E3,Q9UKB1,Q8IYD8,FBXW11,FANCM,1,2,1.0,0.95770913
E3|Q9UKB1|Q8TB45,E3|Q9UKB1,E3,Q9UKB1,Q8TB45,FBXW11,DEPTOR,1,2,1.0,0.9006142
E3|Q9UKB1|Q9HAW4,E3|Q9UKB1,E3,Q9UKB1,Q9HAW4,FBXW11,CLSPN,1,2,1.0,0.9628783
E3|Q9UKB1|Q9NX09,E3|Q9UKB1,E3,Q9UKB1,Q9NX09,FBXW11,DDIT4,1,2,1.0,0.7390267
E3|Q9UKB1|Q9P2F8,E3|Q9UKB1,E3,Q9UKB1,Q9P2F8,FBXW11,SIPA1L2,1,2,1.0,0.8948639
E3|Q9UKB1|Q9UKB1,E3|Q9UKB1,E3,Q9UKB1,Q9UKB1,FBXW11,FBXW11,1,2,1.0,0.9714935
E3|Q9UKB1|Q9UKT4,E3|Q9UKB1,E3,Q9UKB1,Q9UKT4,FBXW11,FBXO5,1,2,1.0,0.96209455
E3|Q9UKB1|Q9Y297,E3|Q9UKB1,E3,Q9UKB1,Q9Y297,FBXW11,BTRC,1,2,1.0,0.96966505
E3|Q9UKT6|Q16526,E3|Q9UKT6,E3,Q9UKT6,Q16526,FBXL21P,CRY1,1,2,1.0,0.35161486
E3|Q9UKT6|Q49AN0,E3|Q9UKT6,E3,Q9UKT6,Q49AN0,FBXL21P,CRY2,1,2,1.0,0.3539499
E3|Q9ULV8|P00533,E3|Q9ULV8,E3,Q9ULV8,P00533,CBLC,EGFR,1,2,1.0,0.6873171
E3|Q9ULV8|P12931,E3|Q9ULV8,E3,Q9ULV8,P12931,CBLC,SRC,1,2,1.0,0.75476766
E3|Q9UNE7|A6MI22,E3|Q9UNE7,E3,Q9UNE7,A6MI22,STUB1,tat,1,2,1.0,0.4234465
E3|Q9UNE7|O00141,E3|Q9UNE7,E3,Q9UNE7,O00141,STUB1,SGK1,1,2,1.0,0.91832364
E3|Q9UNE7|O00327,E3|Q9UNE7,E3,Q9UNE7,O00327,STUB1,ARNTL,1,2,1.0,0.83613926
E3|Q9UNE7|O15079,E3|Q9UNE7,E3,Q9UNE7,O15079,STUB1,SNPH,1,2,1.0,0.7829581
E3|Q9UNE7|O60762,E3|Q9UNE7,E3,Q9UNE7,O60762,STUB1,DPM1,1,2,1.0,0.93311036
E3|Q9UNE7|O75460,E3|Q9UNE7,E3,Q9UNE7,O75460,STUB1,ERN1,1,2,1.0,0.5951788
E3|Q9UNE7|P00441,E3|Q9UNE7,E3,Q9UNE7,P00441,STUB1,SOD1,1,2,1.0,0.9537524
E3|Q9UNE7|P00558,E3|Q9UNE7,E3,Q9UNE7,P00558,STUB1,PGK1,1,2,1.0,0.95914674
E3|Q9UNE7|P01106,E3|Q9UNE7,E3,Q9UNE7,P01106,STUB1,MYC,1,2,1.0,0.86619973
E3|Q9UNE7|P03372,E3|Q9UNE7,E3,Q9UNE7,P03372,STUB1,ESR1,1,2,1.0,0.94050956
E3|Q9UNE7|P04049,E3|Q9UNE7,E3,Q9UNE7,P04049,STUB1,RAF1,1,2,1.0,0.9627876
E3|Q9UNE7|P04150,E3|Q9UNE7,E3,Q9UNE7,P04150,STUB1,NR3C1,1,2,1.0,0.9505553
E3|Q9UNE7|P04626,E3|Q9UNE7,E3,Q9UNE7,P04626,STUB1,ERBB2,1,2,1.0,0.790967
E3|Q9UNE7|P04637,E3|Q9UNE7,E3,Q9UNE7,P04637,STUB1,TP53,1,2,1.0,0.96977824
E3|Q9UNE7|P04839,E3|Q9UNE7,E3,Q9UNE7,P04839,STUB1,CYBB,1,2,1.0,0.7637315
E3|Q9UNE7|P06213,E3|Q9UNE7,E3,Q9UNE7,P06213,STUB1,INSR,1,2,1.0,0.8885304
E3|Q9UNE7|P06746,E3|Q9UNE7,E3,Q9UNE7,P06746,STUB1,POLB,1,2,1.0,0.75810575
E3|Q9UNE7|P06748,E3|Q9UNE7,E3,Q9UNE7,P06748,STUB1,NPM1,1,2,1.0,0.94753116
E3|Q9UNE7|P07197,E3|Q9UNE7,E3,Q9UNE7,P07197,STUB1,NEFM,1,2,1.0,0.9610027
E3|Q9UNE7|P07900,E3|Q9UNE7,E3,Q9UNE7,P07900,STUB1,HSP90AA1,1,2,1.0,0.9640604
E3|Q9UNE7|P08684,E3|Q9UNE7,E3,Q9UNE7,P08684,STUB1,CYP3A4,1,2,1.0,0.38007852
E3|Q9UNE7|P10275,E3|Q9UNE7,E3,Q9UNE7,P10275,STUB1,AR,1,2,1.0,0.83129174
E3|Q9UNE7|P10636,E3|Q9UNE7,E3,Q9UNE7,P10636,STUB1,MAPT,1,2,1.0,0.9665045
E3|Q9UNE7|P10911,E3|Q9UNE7,E3,Q9UNE7,P10911,STUB1,MCF2,1,2,1.0,0.8443691
E3|Q9UNE7|P10914,E3|Q9UNE7,E3,Q9UNE7,P10914,STUB1,IRF1,1,2,1.0,0.8374834
E3|Q9UNE7|P11142,E3|Q9UNE7,E3,Q9UNE7,P11142,STUB1,HSPA8,1,2,1.0,0.96238285
E3|Q9UNE7|P12931,E3|Q9UNE7,E3,Q9UNE7,P12931,STUB1,SRC,1,2,1.0,0.96416074
E3|Q9UNE7|P13569,E3|Q9UNE7,E3,Q9UNE7,P13569,STUB1,CFTR,1,2,1.0,0.9179302
E3|Q9UNE7|P15559,E3|Q9UNE7,E3,Q9UNE7,P15559,STUB1,NQO1,1,2,1.0,0.9234973
E3|Q9UNE7|P17542,E3|Q9UNE7,E3,Q9UNE7,P17542,STUB1,TAL1,1,2,1.0,0.66266465
E3|Q9UNE7|P17612,E3|Q9UNE7,E3,Q9UNE7,P17612,STUB1,PRKACA,1,2,1.0,0.9666911
E3|Q9UNE7|P22694,E3|Q9UNE7,E3,Q9UNE7,P22694,STUB1,PRKACB,1,2,1.0,0.9618354
E3|Q9UNE7|P25815,E3|Q9UNE7,E3,Q9UNE7,P25815,STUB1,S100P,1,2,1.0,0.91709775
E3|Q9UNE7|P29034,E3|Q9UNE7,E3,Q9UNE7,P29034,STUB1,S100A2,1,2,1.0,0.91018033
E3|Q9UNE7|P29317,E3|Q9UNE7,E3,Q9UNE7,P29317,STUB1,EPHA2,1,2,1.0,0.84291506
E3|Q9UNE7|P29474,E3|Q9UNE7,E3,Q9UNE7,P29474,STUB1,NOS3,1,2,1.0,0.9705912
E3|Q9UNE7|P29475,E3|Q9UNE7,E3,Q9UNE7,P29475,STUB1,NOS1,1,2,1.0,0.93753874
E3|Q9UNE7|P31645,E3|Q9UNE7,E3,Q9UNE7,P31645,STUB1,SLC6A4,1,2,1.0,0.60326195
E3|Q9UNE7|P31749,E3|Q9UNE7,E3,Q9UNE7,P31749,STUB1,AKT1,1,2,1.0,0.96534926
E3|Q9UNE7|P33402,E3|Q9UNE7,E3,Q9UNE7,P33402,STUB1,GUCY1A2,1,2,1.0,0.4978592
E3|Q9UNE7|P34932,E3|Q9UNE7,E3,Q9UNE7,P34932,STUB1,HSPA4,1,2,1.0,0.92976946
E3|Q9UNE7|P35228,E3|Q9UNE7,E3,Q9UNE7,P35228,STUB1,NOS2,1,2,1.0,0.78999025
E3|Q9UNE7|P35869,E3|Q9UNE7,E3,Q9UNE7,P35869,STUB1,AHR,1,2,1.0,0.8463973
E3|Q9UNE7|P37840,E3|Q9UNE7,E3,Q9UNE7,P37840,STUB1,SNCA,1,2,1.0,0.9501108
E3|Q9UNE7|P43694,E3|Q9UNE7,E3,Q9UNE7,P43694,STUB1,GATA4,1,2,1.0,0.75188667
E3|Q9UNE7|P46937,E3|Q9UNE7,E3,Q9UNE7,P46937,STUB1,YAP1,1,2,1.0,0.9692534
E3|Q9UNE7|P53355,E3|Q9UNE7,E3,Q9UNE7,P53355,STUB1,DAPK1,1,2,1.0,0.96266335
E3|Q9UNE7|P54252,E3|Q9UNE7,E3,Q9UNE7,P54252,STUB1,ATXN3,1,2,1.0,0.9545123
E3|Q9UNE7|P54253,E3|Q9UNE7,E3,Q9UNE7,P54253,STUB1,ATXN1,1,2,1.0,0.85042775
E3|Q9UNE7|P55017,E3|Q9UNE7,E3,Q9UNE7,P55017,STUB1,SLC12A3,1,2,1.0,0.94183725
E3|Q9UNE7|P55036,E3|Q9UNE7,E3,Q9UNE7,P55036,STUB1,PSMD4,1,2,1.0,0.90923
E3|Q9UNE7|P56545,E3|Q9UNE7,E3,Q9UNE7,P56545,STUB1,CTBP2,1,2,1.0,0.8555678
E3|Q9UNE7|P56817,E3|Q9UNE7,E3,Q9UNE7,P56817,STUB1,BACE1,1,2,1.0,0.7337919
E3|Q9UNE7|P60321,E3|Q9UNE7,E3,Q9UNE7,P60321,STUB1,NANOS2,1,2,1.0,0.6305645
E3|Q9UNE7|P60484,E3|Q9UNE7,E3,Q9UNE7,P60484,STUB1,PTEN,1,2,1.0,0.9565953
E3|Q9UNE7|P63241,E3|Q9UNE7,E3,Q9UNE7,P63241,STUB1,EIF5A,1,2,1.0,0.9616419
E3|Q9UNE7|P80370,E3|Q9UNE7,E3,Q9UNE7,P80370,STUB1,DLK1,1,2,1.0,0.5889425
E3|Q9UNE7|P84022,E3|Q9UNE7,E3,Q9UNE7,P84022,STUB1,SMAD3,1,2,1.0,0.9116019
E3|Q9UNE7|Q00613,E3|Q9UNE7,E3,Q9UNE7,Q00613,STUB1,HSF1,1,2,1.0,0.952653
E3|Q9UNE7|Q01196,E3|Q9UNE7,E3,Q9UNE7,Q01196,STUB1,RUNX1,1,2,1.0,0.8919022
E3|Q9UNE7|Q03060,E3|Q9UNE7,E3,Q9UNE7,Q03060,STUB1,CREM,1,2,1.0,0.87767565
E3|Q9UNE7|Q04912,E3|Q9UNE7,E3,Q9UNE7,Q04912,STUB1,MST1R,1,2,1.0,0.6876442
E3|Q9UNE7|Q05513,E3|Q9UNE7,E3,Q9UNE7,Q05513,STUB1,PRKCZ,1,2,1.0,0.96483254
E3|Q9UNE7|Q12778,E3|Q9UNE7,E3,Q9UNE7,Q12778,STUB1,FOXO1,1,2,1.0,0.8590186
E3|Q9UNE7|Q12852,E3|Q9UNE7,E3,Q9UNE7,Q12852,STUB1,MAP3K12,1,2,1.0,0.799566
E3|Q9UNE7|Q12933,E3|Q9UNE7,E3,Q9UNE7,Q12933,STUB1,TRAF2,1,2,1.0,0.9338435
E3|Q9UNE7|Q13043,E3|Q9UNE7,E3,Q9UNE7,Q13043,STUB1,STK4,1,2,1.0,0.89207846
E3|Q9UNE7|Q13114,E3|Q9UNE7,E3,Q9UNE7,Q13114,STUB1,TRAF3,1,2,1.0,0.9643517
E3|Q9UNE7|Q13485,E3|Q9UNE7,E3,Q9UNE7,Q13485,STUB1,SMAD4,1,2,1.0,0.8900258
E3|Q9UNE7|Q13950,E3|Q9UNE7,E3,Q9UNE7,Q13950,STUB1,RUNX2,1,2,1.0,0.8507485
E3|Q9UNE7|Q15797,E3|Q9UNE7,E3,Q9UNE7,Q15797,STUB1,SMAD1,1,2,1.0,0.9036276
E3|Q9UNE7|Q15831,E3|Q9UNE7,E3,Q9UNE7,Q15831,STUB1,STK11,1,2,1.0,0.9582254
E3|Q9UNE7|Q16584,E3|Q9UNE7,E3,Q9UNE7,Q16584,STUB1,MAP3K11,1,2,1.0,0.96603197
E3|Q9UNE7|Q16665,E3|Q9UNE7,E3,Q9UNE7,Q16665,STUB1,HIF1A,1,2,1.0,0.9030852
E3|Q9UNE7|Q5S007,E3|Q9UNE7,E3,Q9UNE7,Q5S007,STUB1,LRRK2,1,2,1.0,0.96400625
E3|Q9UNE7|Q6ZWH5,E3|Q9UNE7,E3,Q9UNE7,Q6ZWH5,STUB1,NEK10,1,2,1.0,0.71749556
E3|Q9UNE7|Q7Z434,E3|Q9UNE7,E3,Q9UNE7,Q7Z434,STUB1,MAVS,1,2,1.0,0.9622545
E3|Q9UNE7|Q86WG3,E3|Q9UNE7,E3,Q9UNE7,Q86WG3,STUB1,ATCAY,1,2,1.0,0.72303313
E3|Q9UNE7|Q8IZQ8,E3|Q9UNE7,E3,Q9UNE7,Q8IZQ8,STUB1,MYOCD,1,2,1.0,0.72269726
E3|Q9UNE7|Q8N6T7,E3|Q9UNE7,E3,Q9UNE7,Q8N6T7,STUB1,SIRT6,1,2,1.0,0.9503238
E3|Q9UNE7|Q8TCG1,E3|Q9UNE7,E3,Q9UNE7,Q8TCG1,STUB1,CIP2A,1,2,1.0,0.3788987
E3|Q9UNE7|Q8WY41,E3|Q9UNE7,E3,Q9UNE7,Q8WY41,STUB1,NANOS1,1,2,1.0,0.6035502
E3|Q9UNE7|Q92731,E3|Q9UNE7,E3,Q9UNE7,Q92731,STUB1,ESR2,1,2,1.0,0.92032766
E3|Q9UNE7|Q96PH1,E3|Q9UNE7,E3,Q9UNE7,Q96PH1,STUB1,NOX5,1,2,1.0,0.9111525
E3|Q9UNE7|Q99683,E3|Q9UNE7,E3,Q9UNE7,Q99683,STUB1,MAP3K5,1,2,1.0,0.96013355
E3|Q9UNE7|Q99933,E3|Q9UNE7,E3,Q9UNE7,Q99933,STUB1,BAG1,1,2,1.0,0.9141213
E3|Q9UNE7|Q9BZS1,E3|Q9UNE7,E3,Q9UNE7,Q9BZS1,STUB1,FOXP3,1,2,1.0,0.63802105
E3|Q9UNE7|Q9NPJ1,E3|Q9UNE7,E3,Q9UNE7,Q9NPJ1,STUB1,MKKS,1,2,1.0,0.95377135
E3|Q9UNE7|Q9UM73,E3|Q9UNE7,E3,Q9UNE7,Q9UM73,STUB1,ALK,1,2,1.0,0.8837192
E3|Q9UNE7|Q9UNE7,E3|Q9UNE7,E3,Q9UNE7,Q9UNE7,STUB1,STUB1,1,2,1.0,0.9669182
E3|Q9UNE7|Q9UPR3,E3|Q9UNE7,E3,Q9UNE7,Q9UPR3,STUB1,SMG5,1,2,1.0,0.8806353
E3|Q9UNE7|Q9Y2U5,E3|Q9UNE7,E3,Q9UNE7,Q9Y2U5,STUB1,MAP3K2,1,2,1.0,0.9150821
E3|Q9UNE7|Q9Y4K3,E3|Q9UNE7,E3,Q9UNE7,Q9Y4K3,STUB1,TRAF6,1,2,1.0,0.93859977
E3|Q9UNE7|Q9Y697,E3|Q9UNE7,E3,Q9UNE7,Q9Y697,STUB1,NFS1,1,2,1.0,0.9619587
E3|Q9UNE7|Q9Y6Q9,E3|Q9UNE7,E3,Q9UNE7,Q9Y6Q9,STUB1,NCOA3,1,2,1.0,0.8057258
E3|Q9Y4K3|O43318,E3|Q9Y4K3,E3,Q9Y4K3,O43318,TRAF6,MAP3K7,1,2,1.0,0.9133246
E3|Q9Y4K3|O43353,E3|Q9Y4K3,E3,Q9Y4K3,O43353,TRAF6,RIPK2,1,2,1.0,0.88806325
E3|Q9Y4K3|O43561,E3|Q9Y4K3,E3,Q9Y4K3,O43561,TRAF6,LAT,1,2,1.0,0.16863278
E3|Q9Y4K3|P04629,E3|Q9Y4K3,E3,Q9Y4K3,P04629,TRAF6,NTRK1,1,2,1.0,0.8472338
E3|Q9Y4K3|P08138,E3|Q9Y4K3,E3,Q9Y4K3,P08138,TRAF6,NGFR,1,2,1.0,0.90679693
E3|Q9Y4K3|P26927,E3|Q9Y4K3,E3,Q9Y4K3,P26927,TRAF6,MST1,1,2,1.0,0.14911932
E3|Q9Y4K3|P31749,E3|Q9Y4K3,E3,Q9Y4K3,P31749,TRAF6,AKT1,1,2,1.0,0.8918542
E3|Q9Y4K3|P31751,E3|Q9Y4K3,E3,Q9Y4K3,P31751,TRAF6,AKT2,1,2,1.0,0.7361399
E3|Q9Y4K3|P34932,E3|Q9Y4K3,E3,Q9Y4K3,P34932,TRAF6,HSPA4,1,2,1.0,0.9346284
E3|Q9Y4K3|P35222,E3|Q9Y4K3,E3,Q9Y4K3,P35222,TRAF6,CTNNB1,1,2,1.0,0.94316864
E3|Q9Y4K3|P36897,E3|Q9Y4K3,E3,Q9Y4K3,P36897,TRAF6,TGFBR1,1,2,1.0,0.6365162
E3|Q9Y4K3|P37840,E3|Q9Y4K3,E3,Q9Y4K3,P37840,TRAF6,SNCA,1,2,1.0,0.7611445
E3|Q9Y4K3|P42226,E3|Q9Y4K3,E3,Q9Y4K3,P42226,TRAF6,STAT6,1,2,1.0,0.94538575
E3|Q9Y4K3|P42336,E3|Q9Y4K3,E3,Q9Y4K3,P42336,TRAF6,PIK3CA,1,2,1.0,0.37734136
E3|Q9Y4K3|P42345,E3|Q9Y4K3,E3,Q9Y4K3,P42345,TRAF6,MTOR,1,2,1.0,0.83935374
E3|Q9Y4K3|P49116,E3|Q9Y4K3,E3,Q9Y4K3,P49116,TRAF6,NR2C2,1,2,1.0,0.9456482
E3|Q9Y4K3|P49768,E3|Q9Y4K3,E3,Q9Y4K3,P49768,TRAF6,PSEN1,1,2,1.0,0.45328772
E3|Q9Y4K3|P51530,E3|Q9Y4K3,E3,Q9Y4K3,P51530,TRAF6,DNA2,1,2,1.0,0.88650703
E3|Q9Y4K3|P51617,E3|Q9Y4K3,E3,Q9Y4K3,P51617,TRAF6,IRAK1,1,2,1.0,0.9453134
E3|Q9Y4K3|P52789,E3|Q9Y4K3,E3,Q9Y4K3,P52789,TRAF6,HK2,1,2,1.0,0.92870593
E3|Q9Y4K3|Q08380,E3|Q9Y4K3,E3,Q9Y4K3,Q08380,TRAF6,LGALS3BP,1,2,1.0,0.86921394
E3|Q9Y4K3|Q13352,E3|Q9Y4K3,E3,Q9Y4K3,Q13352,TRAF6,ITGB3BP,1,2,1.0,0.9395476
E3|Q9Y4K3|Q13568,E3|Q9Y4K3,E3,Q9Y4K3,Q13568,TRAF6,IRF5,1,2,1.0,0.9543975
E3|Q9Y4K3|Q14192,E3|Q9Y4K3,E3,Q9Y4K3,Q14192,TRAF6,FHL2,1,2,1.0,0.929929
E3|Q9Y4K3|Q14457,E3|Q9Y4K3,E3,Q9Y4K3,Q14457,TRAF6,BECN1,1,2,1.0,0.92059165
E3|Q9Y4K3|Q16584,E3|Q9Y4K3,E3,Q9Y4K3,Q16584,TRAF6,MAP3K11,1,2,1.0,0.92637163
E3|Q9Y4K3|Q8IUC6,E3|Q9Y4K3,E3,Q9Y4K3,Q8IUC6,TRAF6,TICAM1,1,2,1.0,0.94722664
E3|Q9Y4K3|Q92985,E3|Q9Y4K3,E3,Q9Y4K3,Q92985,TRAF6,IRF7,1,2,1.0,0.9395663
E3|Q9Y4K3|Q99497,E3|Q9Y4K3,E3,Q9Y4K3,Q99497,TRAF6,PARK7,1,2,1.0,0.89029896
E3|Q9Y4K3|Q99538,E3|Q9Y4K3,E3,Q9Y4K3,Q99538,TRAF6,LGMN,1,2,1.0,0.13659099
E3|Q9Y4K3|Q9BQ95,E3|Q9Y4K3,E3,Q9Y4K3,Q9BQ95,TRAF6,ECSIT,1,2,1.0,0.7392895
E3|Q9Y4K3|Q9BVN2,E3|Q9Y4K3,E3,Q9Y4K3,Q9BVN2,TRAF6,RUSC1,1,2,1.0,0.94145626
E3|Q9Y4K3|Q9BXM7,E3|Q9Y4K3,E3,Q9Y4K3,Q9BXM7,TRAF6,PINK1,1,2,1.0,0.89348054
E3|Q9Y4K3|Q9GZQ8,E3|Q9Y4K3,E3,Q9Y4K3,Q9GZQ8,TRAF6,MAP1LC3B,1,2,1.0,0.85842985
E3|Q9Y4K3|Q9UDY8,E3|Q9Y4K3,E3,Q9Y4K3,Q9UDY8,TRAF6,MALT1,1,2,1.0,0.9528779
E3|Q9Y4K3|Q9Y4K3,E3|Q9Y4K3,E3,Q9Y4K3,Q9Y4K3,TRAF6,TRAF6,1,2,1.0,0.962513
E3|Q9Y4K3|Q9Y6K9,E3|Q9Y4K3,E3,Q9Y4K3,Q9Y6K9,TRAF6,IKBKG,1,2,1.0,0.9625242
DUB|O75317|O60346,DUB|O75317,DUB,O75317,O60346,USP12,PHLPP1,1,2,1.0,0.9632064
DUB|O75317|P0C0S8,DUB|O75317,DUB,O75317,P0C0S8,USP12,HIST1H2AM,1,2,1.0,0.4875286
DUB|O75317|P10275,DUB|O75317,DUB,O75317,P10275,USP12,AR,1,2,1.0,0.39174813
DUB|O75317|P62807,DUB|O75317,DUB,O75317,P62807,USP12,HIST1H2BI,1,2,1.0,0.42376763
DUB|O75317|Q00987,DUB|O75317,DUB,O75317,Q00987,USP12,MDM2,1,2,1.0,0.5126827
DUB|O75317|Q16777,DUB|O75317,DUB,O75317,Q16777,USP12,HIST2H2AC,1,2,1.0,0.43878135
DUB|O75317|Q16778,DUB|O75317,DUB,O75317,Q16778,USP12,HIST2H2BE,1,2,1.0,0.43596336
DUB|O75317|Q6ZVD8,DUB|O75317,DUB,O75317,Q6ZVD8,USP12,PHLPP2,1,2,1.0,0.48801336
DUB|P15374|O15315,DUB|P15374,DUB,P15374,O15315,UCHL3,RAD51B,1,2,1.0,0.90430665
DUB|P15374|Q06609,DUB|P15374,DUB,P15374,Q06609,UCHL3,RAD51,1,2,1.0,0.8988389
DUB|P15374|Q08050,DUB|P15374,DUB,P15374,Q08050,UCHL3,FOXM1,1,2,1.0,0.9066142
DUB|P15374|Q15797,DUB|P15374,DUB,P15374,Q15797,UCHL3,SMAD1,1,2,1.0,0.8771206
DUB|P40818|O15519,DUB|P40818,DUB,P40818,O15519,USP8,CFLAR,1,2,1.0,0.66976863
DUB|P40818|O15554,DUB|P40818,DUB,P40818,O15554,USP8,KCNN4,1,2,1.0,0.87354064
DUB|P40818|O60260,DUB|P40818,DUB,P40818,O60260,USP8,PRKN,1,2,1.0,0.931604
DUB|P40818|O94979,DUB|P40818,DUB,P40818,O94979,USP8,SEC31A,1,2,1.0,0.9465012
DUB|P40818|P00533,DUB|P40818,DUB,P40818,P00533,USP8,EGFR,1,2,1.0,0.9609797
DUB|P40818|P01130,DUB|P40818,DUB,P40818,P01130,USP8,LDLR,1,2,1.0,0.93206495
DUB|P40818|P04626,DUB|P40818,DUB,P40818,P04626,USP8,ERBB2,1,2,1.0,0.94882977
DUB|P40818|P04629,DUB|P40818,DUB,P40818,P04629,USP8,NTRK1,1,2,1.0,0.95221514
DUB|P40818|P08581,DUB|P40818,DUB,P40818,P08581,USP8,MET,1,2,1.0,0.9143998
DUB|P40818|P17302,DUB|P40818,DUB,P40818,P17302,USP8,GJA1,1,2,1.0,0.94137937
DUB|P40818|P21860,DUB|P40818,DUB,P40818,P21860,USP8,ERBB3,1,2,1.0,0.95386755
DUB|P40818|P29466,DUB|P40818,DUB,P40818,P29466,USP8,CASP1,1,2,1.0,0.89183474
DUB|P40818|P37088,DUB|P40818,DUB,P40818,P37088,USP8,SCNN1A,1,2,1.0,0.9284024
DUB|P40818|P37840,DUB|P40818,DUB,P40818,P37840,USP8,SNCA,1,2,1.0,0.9558505
DUB|P40818|P42261,DUB|P40818,DUB,P40818,P42261,USP8,GRIA1,1,2,1.0,0.94004476
DUB|P40818|P42566,DUB|P40818,DUB,P40818,P42566,USP8,EPS15,1,2,1.0,0.960916
DUB|P40818|P48431,DUB|P40818,DUB,P40818,P48431,USP8,SOX2,1,2,1.0,0.33777446
DUB|P40818|P55085,DUB|P40818,DUB,P40818,P55085,USP8,F2RL1,1,2,1.0,0.9093423
DUB|P40818|P56817,DUB|P40818,DUB,P40818,P56817,USP8,BACE1,1,2,1.0,0.9186745
DUB|P40818|Q02241,DUB|P40818,DUB,P40818,Q02241,USP8,KIF23,1,2,1.0,0.7835071
DUB|P40818|Q16620,DUB|P40818,DUB,P40818,Q16620,USP8,NTRK2,1,2,1.0,0.93529963
DUB|P40818|Q16665,DUB|P40818,DUB,P40818,Q16665,USP8,HIF1A,1,2,1.0,0.5171761
DUB|P40818|Q4U2R8,DUB|P40818,DUB,P40818,Q4U2R8,USP8,SLC22A6,1,2,1.0,0.89566934
DUB|P40818|Q6FHJ7,DUB|P40818,DUB,P40818,Q6FHJ7,USP8,SFRP4,1,2,1.0,0.94798076
DUB|P40818|Q7LBR1,DUB|P40818,DUB,P40818,Q7LBR1,USP8,CHMP1B,1,2,1.0,0.9564904
DUB|P40818|Q8NEM0,DUB|P40818,DUB,P40818,Q8NEM0,USP8,MCPH1,1,2,1.0,0.5935047
DUB|P40818|Q92783,DUB|P40818,DUB,P40818,Q92783,USP8,STAM,1,2,1.0,0.9521682
DUB|P40818|Q96J02,DUB|P40818,DUB,P40818,Q96J02,USP8,ITCH,1,2,1.0,0.9556241
DUB|P40818|Q96JA1,DUB|P40818,DUB,P40818,Q96JA1,USP8,LRIG1,1,2,1.0,0.904639
DUB|P40818|Q99835,DUB|P40818,DUB,P40818,Q99835,USP8,SMO,1,2,1.0,0.9575172
DUB|P40818|Q9BYB0,DUB|P40818,DUB,P40818,Q9BYB0,USP8,SHANK3,1,2,1.0,0.6976493
DUB|P40818|Q9H4P4,DUB|P40818,DUB,P40818,Q9H4P4,USP8,RNF41,1,2,1.0,0.7853528
DUB|P40818|Q9HCE0,DUB|P40818,DUB,P40818,Q9HCE0,USP8,EPG5,1,2,1.0,0.95384026
DUB|P40818|Q9NR09,DUB|P40818,DUB,P40818,Q9NR09,USP8,BIRC6,1,2,1.0,0.78918684
DUB|P45974|O43623,DUB|P45974,DUB,P45974,O43623,USP5,SNAI2,1,2,1.0,0.95513666
DUB|P45974|O75444,DUB|P45974,DUB,P45974,O75444,USP5,MAF,1,2,1.0,0.90856946
DUB|P45974|O95180,DUB|P45974,DUB,P45974,O95180,USP5,CACNA1H,1,2,1.0,0.32727236
DUB|P45974|P04637,DUB|P45974,DUB,P45974,P04637,USP5,TP53,1,2,1.0,0.9644802
DUB|P45974|P19544,DUB|P45974,DUB,P45974,P19544,USP5,WT1,1,2,1.0,0.93419296
DUB|P45974|P35222,DUB|P45974,DUB,P45974,P35222,USP5,CTNNB1,1,2,1.0,0.951024
DUB|P45974|P49411,DUB|P45974,DUB,P45974,P49411,USP5,TUFM,1,2,1.0,0.88536954
DUB|P45974|Q08050,DUB|P45974,DUB,P45974,Q08050,USP5,FOXM1,1,2,1.0,0.9451709
DUB|P45974|Q86WV6,DUB|P45974,DUB,P45974,Q86WV6,USP5,TMEM173,1,2,1.0,0.9341686
DUB|P45974|Q92769,DUB|P45974,DUB,P45974,Q92769,USP5,HDAC2,1,2,1.0,0.9235662
DUB|P45974|Q9Y4K3,DUB|P45974,DUB,P45974,Q9Y4K3,USP5,TRAF6,1,2,1.0,0.9486565
DUB|P45974|Q9Y5Q3,DUB|P45974,DUB,P45974,Q9Y5Q3,USP5,MAFB,1,2,1.0,0.94114214
DUB|P51784|O00425,DUB|P51784,DUB,P51784,O00425,USP11,IGF2BP3,1,2,1.0,0.8841177
DUB|P51784|O14497,DUB|P51784,DUB,P51784,O14497,USP11,ARID1A,1,2,1.0,0.9320113
DUB|P51784|O14920,DUB|P51784,DUB,P51784,O14920,USP11,IKBKB,1,2,1.0,0.90513563
DUB|P51784|O15111,DUB|P51784,DUB,P51784,O15111,USP11,CHUK,1,2,1.0,0.9207139
DUB|P51784|O43663,DUB|P51784,DUB,P51784,O43663,USP11,PRC1,1,2,1.0,0.9145351
DUB|P51784|O95863,DUB|P51784,DUB,P51784,O95863,USP11,SNAI1,1,2,1.0,0.9380877
DUB|P51784|P04637,DUB|P51784,DUB,P51784,P04637,USP11,TP53,1,2,1.0,0.9590078
DUB|P51784|P16104,DUB|P51784,DUB,P51784,P16104,USP11,H2AFX,1,2,1.0,0.9520615
DUB|P51784|P25963,DUB|P51784,DUB,P51784,P25963,USP11,NFKBIA,1,2,1.0,0.89668584
DUB|P51784|P29590,DUB|P51784,DUB,P51784,P29590,USP11,PML,1,2,1.0,0.91501075
DUB|P51784|P35226,DUB|P51784,DUB,P51784,P35226,USP11,BMI1,1,2,1.0,0.93592733
DUB|P51784|P36897,DUB|P51784,DUB,P51784,P36897,USP11,TGFBR1,1,2,1.0,0.43402413
DUB|P51784|P37173,DUB|P51784,DUB,P51784,P37173,USP11,TGFBR2,1,2,1.0,0.18224569
DUB|P51784|P38936,DUB|P51784,DUB,P51784,P38936,USP11,CDKN1A,1,2,1.0,0.9254233
DUB|P51784|P51587,DUB|P51784,DUB,P51784,P51587,USP11,BRCA2,1,2,1.0,0.91357356
DUB|P51784|P62136,DUB|P51784,DUB,P51784,P62136,USP11,PPP1CA,1,2,1.0,0.9483735
DUB|P51784|P78406,DUB|P51784,DUB,P51784,P78406,USP11,RAE1,1,2,1.0,0.9234001
DUB|P51784|P98170,DUB|P51784,DUB,P51784,P98170,USP11,XIAP,1,2,1.0,0.84527236
DUB|P51784|Q01094,DUB|P51784,DUB,P51784,Q01094,USP11,E2F1,1,2,1.0,0.9209142
DUB|P51784|Q01831,DUB|P51784,DUB,P51784,Q01831,USP11,XPC,1,2,1.0,0.93998516
DUB|P51784|Q14135,DUB|P51784,DUB,P51784,Q14135,USP11,VGLL4,1,2,1.0,0.9283831
DUB|P51784|Q15233,DUB|P51784,DUB,P51784,Q15233,USP11,NONO,1,2,1.0,0.92415005
DUB|P51784|Q16236,DUB|P51784,DUB,P51784,Q16236,USP11,NFE2L2,1,2,1.0,0.93868047
DUB|P51784|Q86YC2,DUB|P51784,DUB,P51784,Q86YC2,USP11,PALB2,1,2,1.0,0.9009747
DUB|P51784|Q92633,DUB|P51784,DUB,P51784,Q92633,USP11,LPAR1,1,2,1.0,0.12551467
DUB|P51784|Q96S59,DUB|P51784,DUB,P51784,Q96S59,USP11,RANBP9,1,2,1.0,0.8793039
DUB|P51784|Q9H040,DUB|P51784,DUB,P51784,Q9H040,USP11,SPRTN,1,2,1.0,0.8241972
DUB|P62068|O60346,DUB|P62068,DUB,P62068,O60346,USP46,PHLPP1,1,2,1.0,0.8781118
DUB|P62068|P06733,DUB|P62068,DUB,P62068,P06733,USP46,ENO1,1,2,1.0,0.6348079
DUB|P62068|P10275,DUB|P62068,DUB,P62068,P10275,USP46,AR,1,2,1.0,0.23199329
DUB|P62068|P26927,DUB|P62068,DUB,P62068,P26927,USP46,MST1,1,2,1.0,0.57539326
DUB|P62068|P42261,DUB|P62068,DUB,P62068,P42261,USP46,GRIA1,1,2,1.0,0.5912798
DUB|P62068|Q16777,DUB|P62068,DUB,P62068,Q16777,USP46,HIST2H2AC,1,2,1.0,0.32179815
DUB|P62068|Q16778,DUB|P62068,DUB,P62068,Q16778,USP46,HIST2H2BE,1,2,1.0,0.2812822
DUB|P62068|Q99259,DUB|P62068,DUB,P62068,Q99259,USP46,GAD1,1,2,1.0,0.84830576
DUB|Q01804|Q01831,DUB|Q01804,DUB,Q01804,Q01831,OTUD4,XPC,1,2,1.0,0.94737077
DUB|Q01804|Q7Z434,DUB|Q01804,DUB,Q01804,Q7Z434,OTUD4,MAVS,1,2,1.0,0.63712114
DUB|Q05CD9|Q9H4P4,DUB|Q05CD9,DUB,Q05CD9,Q9H4P4,USP8,RNF41,1,2,1.0,0.17702024
DUB|Q14694|O43474,DUB|Q14694,DUB,Q14694,O43474,USP10,KLF4,1,2,1.0,0.82328445
DUB|Q14694|O43623,DUB|Q14694,DUB,Q14694,O43623,USP10,SNAI2,1,2,1.0,0.88495743
DUB|Q14694|O60493,DUB|Q14694,DUB,Q14694,O60493,USP10,SNX3,1,2,1.0,0.8099976
DUB|Q14694|P04049,DUB|Q14694,DUB,Q14694,P04049,USP10,RAF1,1,2,1.0,0.8980625
DUB|Q14694|P04637,DUB|Q14694,DUB,Q14694,P04637,USP10,TP53,1,2,1.0,0.96228456
DUB|Q14694|P05556,DUB|Q14694,DUB,Q14694,P05556,USP10,ITGB1,1,2,1.0,0.23559603
DUB|Q14694|P0C0S5,DUB|Q14694,DUB,Q14694,P0C0S5,USP10,H2AFZ,1,2,1.0,0.7820471
DUB|Q14694|P13569,DUB|Q14694,DUB,Q14694,P13569,USP10,CFTR,1,2,1.0,0.62330633
DUB|Q14694|P15880,DUB|Q14694,DUB,Q14694,P15880,USP10,RPS2,1,2,1.0,0.89593345
DUB|Q14694|P18084,DUB|Q14694,DUB,Q14694,P18084,USP10,ITGB5,1,2,1.0,0.52171737
DUB|Q14694|P20226,DUB|Q14694,DUB,Q14694,P20226,USP10,TBP,1,2,1.0,0.7487041
DUB|Q14694|P23396,DUB|Q14694,DUB,Q14694,P23396,USP10,RPS3,1,2,1.0,0.93344015
DUB|Q14694|P24385,DUB|Q14694,DUB,Q14694,P24385,USP10,CCND1,1,2,1.0,0.82763296
DUB|Q14694|P36888,DUB|Q14694,DUB,Q14694,P36888,USP10,FLT3,1,2,1.0,0.7513718
DUB|Q14694|P37198,DUB|Q14694,DUB,Q14694,P37198,USP10,NUP62,1,2,1.0,0.9306933
DUB|Q14694|P42771,DUB|Q14694,DUB,Q14694,P42771,USP10,CDKN2A,1,2,1.0,0.6805975
DUB|Q14694|P43246,DUB|Q14694,DUB,Q14694,P43246,USP10,MSH2,1,2,1.0,0.8561034
DUB|Q14694|P43405,DUB|Q14694,DUB,Q14694,P43405,USP10,SYK,1,2,1.0,0.6960102
DUB|Q14694|P48764,DUB|Q14694,DUB,Q14694,P48764,USP10,SLC9A3,1,2,1.0,0.81519115
DUB|Q14694|P54646,DUB|Q14694,DUB,Q14694,P54646,USP10,PRKAA2,1,2,1.0,0.8913335
DUB|Q14694|P60484,DUB|Q14694,DUB,Q14694,P60484,USP10,PTEN,1,2,1.0,0.90011364
DUB|Q14694|P62807,DUB|Q14694,DUB,Q14694,P62807,USP10,HIST1H2BI,1,2,1.0,0.7939218
DUB|Q14694|Q03518,DUB|Q14694,DUB,Q14694,Q03518,USP10,TAP1,1,2,1.0,0.2051292
DUB|Q14694|Q13131,DUB|Q14694,DUB,Q14694,Q13131,USP10,PRKAA1,1,2,1.0,0.8636888
DUB|Q14694|Q13309,DUB|Q14694,DUB,Q14694,Q13309,USP10,SKP2,1,2,1.0,0.84796154
DUB|Q14694|Q13485,DUB|Q14694,DUB,Q14694,Q13485,USP10,SMAD4,1,2,1.0,0.8732526
DUB|Q14694|Q14457,DUB|Q14694,DUB,Q14694,Q14457,USP10,BECN1,1,2,1.0,0.9392105
DUB|Q14694|Q8N6T7,DUB|Q14694,DUB,Q14694,Q8N6T7,USP10,SIRT6,1,2,1.0,0.9137559
DUB|Q14694|Q8WX94,DUB|Q14694,DUB,Q14694,Q8WX94,USP10,NLRP7,1,2,1.0,0.85222286
DUB|Q14694|Q96DH6,DUB|Q14694,DUB,Q14694,Q96DH6,USP10,MSI2,1,2,1.0,0.7218835
DUB|Q14694|Q9GZQ8,DUB|Q14694,DUB,Q14694,Q9GZQ8,USP10,MAP1LC3B,1,2,1.0,0.8932275
DUB|Q14694|Q9UL17,DUB|Q14694,DUB,Q14694,Q9UL17,USP10,TBX21,1,2,1.0,0.4834312
DUB|Q14694|Q9Y4K3,DUB|Q14694,DUB,Q14694,Q9Y4K3,USP10,TRAF6,1,2,1.0,0.91810524
DUB|Q14694|Q9Y6K9,DUB|Q14694,DUB,Q14694,Q9Y6K9,USP10,IKBKG,1,2,1.0,0.92584884
DUB|Q70EK8|P25963,DUB|Q70EK8,DUB,Q70EK8,P25963,USP53,NFKBIA,1,2,1.0,0.8057709
DUB|Q70EL2|P07992,DUB|Q70EL2,DUB,Q70EL2,P07992,USP45,ERCC1,1,2,1.0,0.90839064
DUB|Q70EL4|P37275,DUB|Q70EL4,DUB,Q70EL4,P37275,USP43,ZEB1,1,2,1.0,0.9441708
DUB|Q8TEY7|O43303,DUB|Q8TEY7,DUB,Q8TEY7,O43303,USP33,CCP110,1,2,1.0,0.93298477
DUB|Q8TEY7|O60260,DUB|Q8TEY7,DUB,Q8TEY7,O60260,USP33,PRKN,1,2,1.0,0.95218575
DUB|Q8TEY7|P01106,DUB|Q8TEY7,DUB,Q8TEY7,P01106,USP33,MYC,1,2,1.0,0.37339187
DUB|Q8TEY7|P07550,DUB|Q8TEY7,DUB,Q8TEY7,P07550,USP33,ADRB2,1,2,1.0,0.8328091
DUB|Q8TEY7|P11234,DUB|Q8TEY7,DUB,Q8TEY7,P11234,USP33,RALB,1,2,1.0,0.92787313
DUB|Q8TEY7|P28562,DUB|Q8TEY7,DUB,Q8TEY7,P28562,USP33,DUSP1,1,2,1.0,0.6724296
DUB|Q8TEY7|P32121,DUB|Q8TEY7,DUB,Q8TEY7,P32121,USP33,ARRB2,1,2,1.0,0.9412992
DUB|Q8TEY7|P35813,DUB|Q8TEY7,DUB,Q8TEY7,P35813,USP33,PPM1A,1,2,1.0,0.73272574
DUB|Q8TEY7|P49407,DUB|Q8TEY7,DUB,Q8TEY7,P49407,USP33,ARRB1,1,2,1.0,0.95319307
DUB|Q8TEY7|Q92813,DUB|Q8TEY7,DUB,Q8TEY7,Q92813,USP33,DIO2,1,2,1.0,0.88283926
DUB|Q8TEY7|Q9Y6N7,DUB|Q8TEY7,DUB,Q8TEY7,Q9Y6N7,USP33,ROBO1,1,2,1.0,0.8493592
DUB|Q92560|O15294,DUB|Q92560,DUB,Q92560,O15294,BAP1,OGT,1,2,1.0,0.8835598
DUB|Q92560|P0C0S8,DUB|Q92560,DUB,Q92560,P0C0S8,BAP1,HIST1H2AM,1,2,1.0,0.9575466
DUB|Q92560|P16104,DUB|Q92560,DUB,Q92560,P16104,BAP1,H2AFX,1,2,1.0,0.93380755
DUB|Q92560|P25490,DUB|Q92560,DUB,Q92560,P25490,BAP1,YY1,1,2,1.0,0.83593845
DUB|Q92560|P27348,DUB|Q92560,DUB,Q92560,P27348,BAP1,YWHAQ,1,2,1.0,0.9424418
DUB|Q92560|P38398,DUB|Q92560,DUB,Q92560,P38398,BAP1,BRCA1,1,2,1.0,0.8993827
DUB|Q92560|P46531,DUB|Q92560,DUB,Q92560,P46531,BAP1,NOTCH1,1,2,1.0,0.86791664
DUB|Q92560|P51610,DUB|Q92560,DUB,Q92560,P51610,BAP1,HCFC1,1,2,1.0,0.89798474
DUB|Q92560|P60484,DUB|Q92560,DUB,Q92560,P60484,BAP1,PTEN,1,2,1.0,0.8649472
DUB|Q92560|Q01167,DUB|Q92560,DUB,Q92560,Q01167,BAP1,FOXK2,1,2,1.0,0.9330462
DUB|Q92560|Q13887,DUB|Q92560,DUB,Q92560,Q13887,BAP1,KLF5,1,2,1.0,0.88925886
DUB|Q92560|Q15831,DUB|Q92560,DUB,Q92560,Q15831,BAP1,STK11,1,2,1.0,0.8460806
DUB|Q92560|Q16777,DUB|Q92560,DUB,Q92560,Q16777,BAP1,HIST2H2AC,1,2,1.0,0.95867634
DUB|Q92560|Q6FI13,DUB|Q92560,DUB,Q92560,Q6FI13,BAP1,HIST2H2AA4,1,2,1.0,0.9270968
DUB|Q92560|Q96CW5,DUB|Q92560,DUB,Q92560,Q96CW5,BAP1,TUBGCP3,1,2,1.0,0.90375143
DUB|Q92905|O43623,DUB|Q92905,DUB,Q92905,O43623,COPS5,SNAI2,1,2,1.0,0.9353793
DUB|Q92905|O95863,DUB|Q92905,DUB,Q92905,O95863,COPS5,SNAI1,1,2,1.0,0.92175245
DUB|Q92905|Q13619,DUB|Q92905,DUB,Q92905,Q13619,COPS5,CUL4A,1,2,1.0,0.9246537
DUB|Q92905|Q9NZQ7,DUB|Q92905,DUB,Q92905,Q9NZQ7,COPS5,CD274,1,2,1.0,0.8501534
DUB|Q96G74|O00463,DUB|Q96G74,DUB,Q96G74,O00463,OTUD5,TRAF5,1,2,1.0,0.9426485
DUB|Q96G74|O14737,DUB|Q96G74,DUB,Q96G74,O14737,OTUD5,PDCD5,1,2,1.0,0.400696
DUB|Q96G74|O95071,DUB|Q96G74,DUB,Q96G74,O95071,OTUD5,UBR5,1,2,1.0,0.924113
DUB|Q96G74|P04637,DUB|Q96G74,DUB,Q96G74,P04637,OTUD5,TP53,1,2,1.0,0.95351875
DUB|Q96G74|P13010,DUB|Q96G74,DUB,Q96G74,P13010,OTUD5,XRCC5,1,2,1.0,0.90621525
DUB|Q96G74|Q12933,DUB|Q96G74,DUB,Q96G74,Q12933,OTUD5,TRAF2,1,2,1.0,0.8665501
DUB|Q96G74|Q13114,DUB|Q96G74,DUB,Q96G74,Q13114,OTUD5,TRAF3,1,2,1.0,0.83001465
DUB|Q96G74|Q14258,DUB|Q96G74,DUB,Q96G74,Q14258,OTUD5,TRIM25,1,2,1.0,0.90198565
DUB|Q96G74|Q9Y4K3,DUB|Q96G74,DUB,Q96G74,Q9Y4K3,OTUD5,TRAF6,1,2,1.0,0.8591075
DUB|Q9BXU7|O15105,DUB|Q9BXU7,DUB,Q9BXU7,O15105,USP26,SMAD7,1,2,1.0,0.875099
DUB|Q9BXU7|O43663,DUB|Q9BXU7,DUB,Q9BXU7,O43663,USP26,PRC1,1,2,1.0,0.9442499
DUB|Q9BXU7|O95863,DUB|Q9BXU7,DUB,Q9BXU7,O95863,USP26,SNAI1,1,2,1.0,0.8671371
DUB|Q9BXU7|P0C0S8,DUB|Q9BXU7,DUB,Q9BXU7,P0C0S8,USP26,HIST1H2AM,1,2,1.0,0.9069944
DUB|Q9BXU7|P10275,DUB|Q9BXU7,DUB,Q9BXU7,P10275,USP26,AR,1,2,1.0,0.8506028
DUB|Q9BXU7|Q00987,DUB|Q9BXU7,DUB,Q9BXU7,Q00987,USP26,MDM2,1,2,1.0,0.8156055
DUB|Q9HBJ7|P04637,DUB|Q9HBJ7,DUB,Q9HBJ7,P04637,USP29,TP53,1,2,1.0,0.9575866
DUB|Q9HBJ7|Q16777,DUB|Q9HBJ7,DUB,Q9HBJ7,Q16777,USP29,HIST2H2AC,1,2,1.0,0.9576826
DUB|Q9HBJ7|Q8N884,DUB|Q9HBJ7,DUB,Q9HBJ7,Q8N884,USP29,CGAS,1,2,1.0,0.48792672
DUB|Q9HBJ7|Q9HAW4,DUB|Q9HBJ7,DUB,Q9HBJ7,Q9HAW4,USP29,CLSPN,1,2,1.0,0.9206271
DUB|Q9UHP3|O00463,DUB|Q9UHP3,DUB,Q9UHP3,O00463,USP25,TRAF5,1,2,1.0,0.93979937
DUB|Q9UHP3|O95271,DUB|Q9UHP3,DUB,Q9UHP3,O95271,USP25,TNKS,1,2,1.0,0.89212996
DUB|Q9UHP3|P04234,DUB|Q9UHP3,DUB,Q9UHP3,P04234,USP25,CD3D,1,2,1.0,0.08896313
DUB|Q9UHP3|P05067,DUB|Q9UHP3,DUB,Q9UHP3,P05067,USP25,APP,1,2,1.0,0.8512172
DUB|Q9UHP3|P46531,DUB|Q9UHP3,DUB,Q9UHP3,P46531,USP25,NOTCH1,1,2,1.0,0.8537881
DUB|Q9UHP3|P50991,DUB|Q9UHP3,DUB,Q9UHP3,P50991,USP25,CCT4,1,2,1.0,0.88707495
DUB|Q9UHP3|Q13114,DUB|Q9UHP3,DUB,Q9UHP3,Q13114,USP25,TRAF3,1,2,1.0,0.85486037
DUB|Q9UHP3|Q8N4S9,DUB|Q9UHP3,DUB,Q9UHP3,Q8N4S9,USP25,MARVELD2,1,2,1.0,0.11681897
DUB|Q9UHP3|Q9Y4K3,DUB|Q9UHP3,DUB,Q9UHP3,Q9Y4K3,USP25,TRAF6,1,2,1.0,0.8487846
DUB|Q9Y5K5|P25963,DUB|Q9Y5K5,DUB,Q9Y5K5,P25963,UCHL5,NFKBIA,1,2,1.0,0.93671656
DUB|Q9Y5K5|P35228,DUB|Q9Y5K5,DUB,Q9Y5K5,P35228,UCHL5,NOS2,1,2,1.0,0.70356894
DUB|Q9Y5K5|P36897,DUB|Q9Y5K5,DUB,Q9Y5K5,P36897,UCHL5,TGFBR1,1,2,1.0,0.82024187
DUB|Q9Y5K5|Q01094,DUB|Q9Y5K5,DUB,Q9Y5K5,Q01094,UCHL5,E2F1,1,2,1.0,0.89899987
DUB|Q9Y5K5|Q6P4R8,DUB|Q9Y5K5,DUB,Q9Y5K5,Q6P4R8,UCHL5,NFRKB,1,2,1.0,0.9041706
DUB|Q9Y5K5|Q99835,DUB|Q9Y5K5,DUB,Q9Y5K5,Q99835,UCHL5,SMO,1,2,1.0,0.71362334
DUB|Q9Y5K5|Q9UMS4,DUB|Q9Y5K5,DUB,Q9Y5K5,Q9UMS4,UCHL5,PRPF19,1,2,1.0,0.9545781
E3|O00623|Q01094,E3|O00623,E3,O00623,Q01094,PEX12,E2F1,0,2,0.0,0.14642727
E3|O00623|O15111,E3|O00623,E3,O00623,O15111,PEX12,CHUK,0,2,0.0,0.42315474
E3|O14544|Q96FJ0,E3|O14544,E3,O14544,Q96FJ0,SOCS6,STAMBPL1,0,2,0.0,0.4612206
E3|O43663|Q5UEC6,E3|O43663,E3,O43663,Q5UEC6,PRC1,EB1,0,2,0.0,0.90822285
E3|O43663|Q9BSA4,E3|O43663,E3,O43663,Q9BSA4,PRC1,TTYH2,0,2,0.0,0.12294883
E3|O43663|P35613,E3|O43663,E3,O43663,P35613,PRC1,BSG,0,2,0.0,0.14699721
E3|O60784|P49450,E3|O60784,E3,O60784,P49450,TOM1,CENPA,0,2,0.0,0.07379462
E3|O60784|Q9Y657,E3|O60784,E3,O60784,Q9Y657,TOM1,SPIN1,0,2,0.0,0.20647068
E3|O76050|Q92851,E3|O76050,E3,O76050,Q92851,NEURL1,CASP10,0,2,0.0,0.7051444
E3|O94844|Q96FV9,E3|O94844,E3,O94844,Q96FV9,RHOBTB1,THOC1,0,2,0.0,0.8059227
E3|O94844|P19320,E3|O94844,E3,O94844,P19320,RHOBTB1,VCAM1,0,2,0.0,0.67581886
E3|O94952|Q96AE4,E3|O94952,E3,O94952,Q96AE4,FBXO21,FUBP1,0,2,0.0,0.38497877
E3|O94952|Q05086,E3|O94952,E3,O94952,Q05086,FBXO21,UBE3A,0,2,0.0,0.63108057
E3|O94952|P43146,E3|O94952,E3,O94952,P43146,FBXO21,DCC,0,2,0.0,0.34605277
E3|O94952|P30838,E3|O94952,E3,O94952,P30838,FBXO21,ALDH3A1,0,2,0.0,0.6064554
E3|O94952|P17302,E3|O94952,E3,O94952,P17302,FBXO21,GJA1,0,2,0.0,0.5646364
E3|O94952|Q7Z2W7,E3|O94952,E3,O94952,Q7Z2W7,FBXO21,TRPM8,0,2,0.0,0.67015785
E3|O95714|Q13467,E3|O95714,E3,O95714,Q13467,HERC2,FZD5,0,2,0.0,0.20261046
E3|P0CI25|P61224,E3|P0CI25,E3,P0CI25,P61224,TRIM49,RAP1B,0,2,0.0,0.2080866
E3|P0CI25|O43561,E3|P0CI25,E3,P0CI25,O43561,TRIM49,LAT,0,2,0.0,0.12628108
E3|P14373|Q9TQE0,E3|P14373,E3,P14373,Q9TQE0,TRIM27,HLA-DRB1,0,2,0.0,0.11383798
E3|P40337|P03956,E3|P40337,E3,P40337,P03956,VHL,MMP1,0,2,0.0,0.50935614
E3|P40337|P02765,E3|P40337,E3,P40337,P02765,VHL,AHSG,0,2,0.0,0.57001746
E3|P40337|P05976,E3|P40337,E3,P40337,P05976,VHL,MYL1,0,2,0.0,0.49679053
E3|P40337|Q9P2F8,E3|P40337,E3,P40337,Q9P2F8,VHL,SIPA1L2,0,2,0.0,0.76655716
E3|P49427|P18065,E3|P49427,E3,P49427,P18065,CDC34,IGFBP2,0,2,0.0,0.091975115
E3|P49427|O60883,E3|P49427,E3,P49427,O60883,CDC34,GPR37L1,0,2,0.0,0.06413589
E3|P78317|P01857,E3|P78317,E3,P78317,P01857,RNF4,IGHG1,0,2,0.0,0.9427931
E3|P78317|Q96PH1,E3|P78317,E3,P78317,Q96PH1,RNF4,NOX5,0,2,0.0,0.3294753
E3|P78317|P55017,E3|P78317,E3,P78317,P55017,RNF4,SLC12A3,0,2,0.0,0.44391033
E3|P78317|P43003,E3|P78317,E3,P78317,P43003,RNF4,SLC1A3,0,2,0.0,0.114377566
E3|P78317|O00330,E3|P78317,E3,P78317,O00330,RNF4,PDHX,0,2,0.0,0.91654265
E3|Q09472|P23919,E3|Q09472,E3,Q09472,P23919,EP300,DTYMK,0,2,0.0,0.9299331
E3|Q09472|P19235,E3|Q09472,E3,Q09472,P19235,EP300,EPOR,0,2,0.0,0.1738053
E3|Q09472|Q8NBJ4,E3|Q09472,E3,Q09472,Q8NBJ4,EP300,GOLM1,0,2,0.0,0.080534965
E3|Q13049|P04085,E3|Q13049,E3,Q13049,P04085,TRIM32,PDGFA,0,2,0.0,0.55349964
E3|Q13049|Q9I788,E3|Q13049,E3,Q13049,Q9I788,TRIM32,exoT,0,2,0.0,0.82685655
E3|Q13049|O43561,E3|Q13049,E3,Q13049,O43561,TRIM32,LAT,0,2,0.0,0.5640487
E3|Q13191|P13051,E3|Q13191,E3,Q13191,P13051,CBLB,UNG,0,2,0.0,0.62435174
E3|Q13191|O43734,E3|Q13191,E3,Q13191,O43734,CBLB,TRAF3IP2,0,2,0.0,0.6377422
E3|Q13191|Q15672,E3|Q13191,E3,Q13191,Q15672,CBLB,TWIST1,0,2,0.0,0.28208947
E3|Q13191|P43005,E3|Q13191,E3,Q13191,P43005,CBLB,SLC1A1,0,2,0.0,0.6394952
E3|Q13191|P01857,E3|Q13191,E3,Q13191,P01857,CBLB,IGHG1,0,2,0.0,0.6204834
E3|Q13191|O43679,E3|Q13191,E3,Q13191,O43679,CBLB,LDB2,0,2,0.0,0.113335505
E3|Q13191|Q16778,E3|Q13191,E3,Q13191,Q16778,CBLB,H2BC21,0,2,0.0,0.25892526
E3|Q13191|Q6ZTN6,E3|Q13191,E3,Q13191,Q6ZTN6,CBLB,ANKRD13D,0,2,0.0,0.7488797
E3|Q13191|Q02539,E3|Q13191,E3,Q13191,Q02539,CBLB,H1-1,0,2,0.0,0.09313653
E3|Q13191|P04839,E3|Q13191,E3,Q13191,P04839,CBLB,CYBB,0,2,0.0,0.2963645
E3|Q13191|Q9UIF7,E3|Q13191,E3,Q13191,Q9UIF7,CBLB,MUTYH,0,2,0.0,0.58141994
E3|Q13191|Q9BSA4,E3|Q13191,E3,Q13191,Q9BSA4,CBLB,TTYH2,0,2,0.0,0.8783609
E3|Q13191|Q8IZG5,E3|Q13191,E3,Q13191,Q8IZG5,CBLB,SS18,0,2,0.0,0.13931079
E3|Q13191|O15146,E3|Q13191,E3,Q13191,O15146,CBLB,MUSK,0,2,0.0,0.8610735
E3|Q13216|P62324,E3|Q13216,E3,Q13216,P62324,ERCC8,BTG1,0,2,0.0,0.9127382
E3|Q13216|P60321,E3|Q13216,E3,Q13216,P60321,ERCC8,NANOS2,0,2,0.0,0.9339939
E3|Q13309|P46109,E3|Q13309,E3,Q13309,P46109,SKP2,CRKL,0,2,0.0,0.35138273
E3|Q13309|O00330,E3|Q13309,E3,Q13309,O00330,SKP2,PDHX,0,2,0.0,0.8374604
E3|Q13309|P46695,E3|Q13309,E3,Q13309,P46695,SKP2,IER3,0,2,0.0,0.50966763
E3|Q13309|P31645,E3|Q13309,E3,Q13309,P31645,SKP2,SLC6A4,0,2,0.0,0.06880923
E3|Q13309|O60883,E3|Q13309,E3,Q13309,O60883,SKP2,GPR37L1,0,2,0.0,0.066264816
E3|Q13309|P22455,E3|Q13309,E3,Q13309,P22455,SKP2,FGFR4,0,2,0.0,0.08683162
E3|Q13309|P29034,E3|Q13309,E3,Q13309,P29034,SKP2,S100A2,0,2,0.0,0.9590829
E3|Q13309|P15260,E3|Q13309,E3,Q13309,P15260,SKP2,IFNGR1,0,2,0.0,0.12563567
E3|Q13309|Q92813,E3|Q13309,E3,Q13309,Q92813,SKP2,DIO2,0,2,0.0,0.13241073
E3|Q13309|P41595,E3|Q13309,E3,Q13309,P41595,SKP2,HTR2B,0,2,0.0,0.1361092
E3|Q13309|A6MI22,E3|Q13309,E3,Q13309,A6MI22,SKP2,tat,0,2,0.0,0.1524775
E3|Q13309|Q15726,E3|Q13309,E3,Q13309,Q15726,SKP2,KISS1,0,2,0.0,0.0895455
E3|Q13309|P15498,E3|Q13309,E3,Q13309,P15498,SKP2,VAV1,0,2,0.0,0.32822132
E3|Q13309|Q9Y6W8,E3|Q13309,E3,Q13309,Q9Y6W8,SKP2,ICOS,0,2,0.0,0.2484965
E3|Q13309|Q9UJA2,E3|Q13309,E3,Q13309,Q9UJA2,SKP2,CRLS1,0,2,0.0,0.087676495
E3|Q13309|P51795,E3|Q13309,E3,Q13309,P51795,SKP2,CLCN5,0,2,0.0,0.07649761
E3|Q13309|Q9UBN4,E3|Q13309,E3,Q13309,Q9UBN4,SKP2,TRPC4,0,2,0.0,0.227528
E3|Q13309|O14543,E3|Q13309,E3,Q13309,O14543,SKP2,SOCS3,0,2,0.0,0.18994097
E3|Q13309|P35555,E3|Q13309,E3,Q13309,P35555,SKP2,FBN1,0,2,0.0,0.13295704
E3|Q13309|Q13873,E3|Q13309,E3,Q13309,Q13873,SKP2,BMPR2,0,2,0.0,0.084048405
E3|Q13309|P02765,E3|Q13309,E3,Q13309,P02765,SKP2,AHSG,0,2,0.0,0.10738211
E3|Q13309|Q13077,E3|Q13309,E3,Q13309,Q13077,SKP2,TRAF1,0,2,0.0,0.96813285
E3|Q13309|Q8TB45,E3|Q13309,E3,Q13309,Q8TB45,SKP2,DEPTOR,0,2,0.0,0.7089074
E3|Q13309|Q99759,E3|Q13309,E3,Q13309,Q99759,SKP2,MAP3K3,0,2,0.0,0.9068531
E3|Q13309|P14076,E3|Q13309,E3,Q13309,P14076,SKP2,gag,0,2,0.0,0.6100341
E3|Q13309|Q03135,E3|Q13309,E3,Q13309,Q03135,SKP2,CAV1,0,2,0.0,0.10519834
E3|Q13309|Q9I788,E3|Q13309,E3,Q13309,Q9I788,SKP2,exoT,0,2,0.0,0.7983102
E3|Q13309|Q15858,E3|Q13309,E3,Q13309,Q15858,SKP2,SCN9A,0,2,0.0,0.11783733
E3|Q13309|P43146,E3|Q13309,E3,Q13309,P43146,SKP2,DCC,0,2,0.0,0.96532136
E3|Q13309|P11686,E3|Q13309,E3,Q13309,P11686,SKP2,SFTPC,0,2,0.0,0.06858114
E3|Q13309|Q70CQ3,E3|Q13309,E3,Q13309,Q70CQ3,SKP2,USP30,0,2,0.0,0.07756684
E3|Q13309|O76013,E3|Q13309,E3,Q13309,O76013,SKP2,KRT36,0,2,0.0,0.1286744
E3|Q13309|Q8IZG5,E3|Q13309,E3,Q13309,Q8IZG5,SKP2,SS18,0,2,0.0,0.9563099
E3|Q13309|Q8N907,E3|Q13309,E3,Q13309,Q8N907,SKP2,DAND5,0,2,0.0,0.24309371
E3|Q13309|Q9Y282,E3|Q13309,E3,Q13309,Q9Y282,SKP2,ERGIC3,0,2,0.0,0.0667852
E3|Q13309|Q9Y5M8,E3|Q13309,E3,Q13309,Q9Y5M8,SKP2,SRPRB,0,2,0.0,0.09040468
E3|Q13309|P05777,E3|Q13309,E3,Q13309,P05777,SKP2,M,0,2,0.0,0.096228555
E3|Q13309|Q9NQA5,E3|Q13309,E3,Q13309,Q9NQA5,SKP2,TRPV5,0,2,0.0,0.8891593
E3|Q13309|Q9BT67,E3|Q13309,E3,Q13309,Q9BT67,SKP2,NDFIP1,0,2,0.0,0.079811774
E3|Q13309|O75581,E3|Q13309,E3,Q13309,O75581,SKP2,LRP6,0,2,0.0,0.081777096
E3|Q13309|F5HEZ4,E3|Q13309,E3,Q13309,F5HEZ4,SKP2,ORF71,0,2,0.0,0.25614715
E3|Q13309|Q96JA1,E3|Q13309,E3,Q13309,Q96JA1,SKP2,LRIG1,0,2,0.0,0.07075223
E3|Q13309|Q15388,E3|Q13309,E3,Q13309,Q15388,SKP2,TOMM20,0,2,0.0,0.5126236
E3|Q14145|P31994,E3|Q14145,E3,Q14145,P31994,KEAP1,FCGR2B,0,2,0.0,0.06847142
E3|Q14145|Q12913,E3|Q14145,E3,Q14145,Q12913,KEAP1,PTPRJ,0,2,0.0,0.08985469
E3|Q14145|Q9HBA0,E3|Q14145,E3,Q14145,Q9HBA0,KEAP1,TRPV4,0,2,0.0,0.08556578
E3|Q14145|O43175,E3|Q14145,E3,Q14145,O43175,KEAP1,PHGDH,0,2,0.0,0.9435945
E3|Q14145|Q9P055,E3|Q14145,E3,Q14145,Q9P055,KEAP1,JKAMP,0,2,0.0,0.058198113
E3|Q149N8|P31323,E3|Q149N8,E3,Q149N8,P31323,SHPRH,PRKAR2B,0,2,0.0,0.3012873
E3|Q149N8|P23258,E3|Q149N8,E3,Q149N8,P23258,SHPRH,TUBG1,0,2,0.0,0.7837484
E3|Q5T447|Q70CQ3,E3|Q5T447,E3,Q5T447,Q70CQ3,HECTD3,USP30,0,2,0.0,0.22866175
E3|Q5T447|Q13077,E3|Q5T447,E3,Q5T447,Q13077,HECTD3,TRAF1,0,2,0.0,0.69595575
E3|Q5T447|Q15742,E3|Q5T447,E3,Q5T447,Q15742,HECTD3,NAB2,0,2,0.0,0.61281365
E3|Q5T447|Q9UIH9,E3|Q5T447,E3,Q5T447,Q9UIH9,HECTD3,KLF15,0,2,0.0,0.4907793
E3|Q5T447|P16070,E3|Q5T447,E3,Q5T447,P16070,HECTD3,CD44,0,2,0.0,0.5304801
E3|Q5T447|P10912,E3|Q5T447,E3,Q5T447,P10912,HECTD3,GHR,0,2,0.0,0.62540674
E3|Q5XX13|P01009,E3|Q5XX13,E3,Q5XX13,P01009,FBXW10,SERPINA1,0,2,0.0,0.25102532
E3|Q5XX13|P10114,E3|Q5XX13,E3,Q5XX13,P10114,FBXW10,RAP2A,0,2,0.0,0.15493813
E3|Q6PCD5|P43360,E3|Q6PCD5,E3,Q6PCD5,P43360,RFWD3,MAGEA6,0,2,0.0,0.4585634
E3|Q6PJ69|P31645,E3|Q6PJ69,E3,Q6PJ69,P31645,TRIM65,SLC6A4,0,2,0.0,0.1183668
E3|Q6VVB1|P68133,E3|Q6VVB1,E3,Q6VVB1,P68133,NHLRC1,ACTA1,0,2,0.0,0.7733077
E3|Q6VVB1|Q9NV92,E3|Q6VVB1,E3,Q6VVB1,Q9NV92,NHLRC1,NDFIP2,0,2,0.0,0.9467553
E3|Q6VVB1|O60343,E3|Q6VVB1,E3,Q6VVB1,O60343,NHLRC1,TBC1D4,0,2,0.0,0.34526935
E3|Q6VVB1|Q9Y6W8,E3|Q6VVB1,E3,Q6VVB1,Q9Y6W8,NHLRC1,ICOS,0,2,0.0,0.86234534
E3|Q6ZW49|Q96NT3,E3|Q6ZW49,E3,Q6ZW49,Q96NT3,PAXIP1,GUCD1,0,2,0.0,0.94018775
E3|Q7Z6J0|Q92994,E3|Q7Z6J0,E3,Q7Z6J0,Q92994,SH3RF1,BRF1,0,2,0.0,0.6368212
E3|Q7Z6J0|Q95IE3,E3|Q7Z6J0,E3,Q7Z6J0,Q95IE3,SH3RF1,HLA-DRB1,0,2,0.0,0.06092081
E3|Q7Z6J0|P15259,E3|Q7Z6J0,E3,Q7Z6J0,P15259,SH3RF1,PGAM2,0,2,0.0,0.84000546
E3|Q7Z6J0|Q8N907,E3|Q7Z6J0,E3,Q7Z6J0,Q8N907,SH3RF1,DAND5,0,2,0.0,0.70564127
E3|Q86WC4|Q9Y4K4,E3|Q86WC4,E3,Q86WC4,Q9Y4K4,OSTM1,MAP4K5,0,2,0.0,0.708913
E3|Q86WC4|Q9NR28,E3|Q86WC4,E3,Q86WC4,Q9NR28,OSTM1,DIABLO,0,2,0.0,0.5528785
E3|Q86Y13|P55211,E3|Q86Y13,E3,Q86Y13,P55211,DZIP3,CASP9,0,2,0.0,0.32213205
E3|Q8N448|Q15554,E3|Q8N448,E3,Q8N448,Q15554,LNX2,TERF2,0,2,0.0,0.37040585
E3|Q8N448|P05412,E3|Q8N448,E3,Q8N448,P05412,LNX2,JUN,0,2,0.0,0.4317599
E3|Q8N448|Q9NRD5,E3|Q8N448,E3,Q8N448,Q9NRD5,LNX2,PICK1,0,2,0.0,0.7741498
E3|Q8NC42|Q6UUV9,E3|Q8NC42,E3,Q8NC42,Q6UUV9,RNF149,CRTC1,0,2,0.0,0.21756442
E3|Q8NCQ5|P04554,E3|Q8NCQ5,E3,Q8NCQ5,P04554,FBXO15,PRM2,0,2,0.0,0.102448784
E3|Q8NCQ5|P26045,E3|Q8NCQ5,E3,Q8NCQ5,P26045,FBXO15,PTPN3,0,2,0.0,0.4288416
E3|Q8NCQ5|Q6UVJ0,E3|Q8NCQ5,E3,Q8NCQ5,Q6UVJ0,FBXO15,SASS6,0,2,0.0,0.37332496
E3|Q8NCQ5|P63252,E3|Q8NCQ5,E3,Q8NCQ5,P63252,FBXO15,KCNJ2,0,2,0.0,0.77245736
E3|Q8ND25|P51825,E3|Q8ND25,E3,Q8ND25,P51825,ZNRF1,AFF1,0,2,0.0,0.080008194
E3|Q8ND25|P55317,E3|Q8ND25,E3,Q8ND25,P55317,ZNRF1,FOXA1,0,2,0.0,0.092265
E3|Q8ND25|Q92734,E3|Q8ND25,E3,Q8ND25,Q92734,ZNRF1,TFG,0,2,0.0,0.95326066
E3|Q8NEG5|Q15311,E3|Q8NEG5,E3,Q8NEG5,Q15311,ZSWIM2,RALBP1,0,2,0.0,0.14567299
E3|Q8NEG5|O15553,E3|Q8NEG5,E3,Q8NEG5,O15553,ZSWIM2,MEFV,0,2,0.0,0.10826429
E3|Q8NG27|O95628,E3|Q8NG27,E3,Q8NG27,O95628,PJA1,CNOT4,0,2,0.0,0.6676624
E3|Q8NG27|P15056,E3|Q8NG27,E3,Q8NG27,P15056,PJA1,BRAF,0,2,0.0,0.60032374
E3|Q8NG27|P40305,E3|Q8NG27,E3,Q8NG27,P40305,PJA1,IFI27,0,2,0.0,0.4181326
E3|Q8NG27|Q9BT92,E3|Q8NG27,E3,Q8NG27,Q9BT92,PJA1,TCHP,0,2,0.0,0.85367686
E3|Q8NG27|Q9NV92,E3|Q8NG27,E3,Q8NG27,Q9NV92,PJA1,NDFIP2,0,2,0.0,0.20587455
E3|Q8NG27|O96017,E3|Q8NG27,E3,Q8NG27,O96017,PJA1,CHEK2,0,2,0.0,0.81600356
E3|Q8NG27|P47989,E3|Q8NG27,E3,Q8NG27,P47989,PJA1,XDH,0,2,0.0,0.5314624
E3|Q8NG27|Q8NFD5,E3|Q8NG27,E3,Q8NG27,Q8NFD5,PJA1,ARID1B,0,2,0.0,0.5411461
E3|Q8NG27|Q9HBA0,E3|Q8NG27,E3,Q8NG27,Q9HBA0,PJA1,TRPV4,0,2,0.0,0.16096705
E3|Q8NG27|P56817,E3|Q8NG27,E3,Q8NG27,P56817,PJA1,BACE1,0,2,0.0,0.23596302
E3|Q8NG27|O00308,E3|Q8NG27,E3,Q8NG27,O00308,PJA1,WWP2,0,2,0.0,0.702499
E3|Q8NG27|Q9UBN4,E3|Q8NG27,E3,Q8NG27,Q9UBN4,PJA1,TRPC4,0,2,0.0,0.63794875
E3|Q8NG27|P13051,E3|Q8NG27,E3,Q8NG27,P13051,PJA1,UNG,0,2,0.0,0.73901904
E3|Q8TEB7|Q86T82,E3|Q8TEB7,E3,Q8TEB7,Q86T82,RNF128,USP37,0,2,0.0,0.141093
E3|Q8TEB7|O60934,E3|Q8TEB7,E3,Q8TEB7,O60934,RNF128,NBN,0,2,0.0,0.16326189
E3|Q8TEB7|Q00059,E3|Q8TEB7,E3,Q8TEB7,Q00059,RNF128,TFAM,0,2,0.0,0.7762829
E3|Q8TEB7|C9JYI4,E3|Q8TEB7,E3,Q8TEB7,C9JYI4,RNF128,KPNA1,0,2,0.0,0.19642664
E3|Q8TEB7|Q16342,E3|Q8TEB7,E3,Q8TEB7,Q16342,RNF128,PDCD2,0,2,0.0,0.4151686
E3|Q8WXH4|O95630,E3|Q8WXH4,E3,Q8WXH4,O95630,ASB11,STAMBP,0,2,0.0,0.94370574
E3|Q8WXH4|P03956,E3|Q8WXH4,E3,Q8WXH4,P03956,ASB11,MMP1,0,2,0.0,0.8961739
E3|Q8WXH4|Q7Z6J0,E3|Q8WXH4,E3,Q8WXH4,Q7Z6J0,ASB11,SH3RF1,0,2,0.0,0.9391011
E3|Q8WXH4|P98170,E3|Q8WXH4,E3,Q8WXH4,P98170,ASB11,XIAP,0,2,0.0,0.7111731
E3|Q969K3|Q8N8V4,E3|Q969K3,E3,Q969K3,Q8N8V4,RNF34,ANKS4B,0,2,0.0,0.876511
E3|Q96EX2|Q53ET0,E3|Q96EX2,E3,Q96EX2,Q53ET0,RNFT2,CRTC2,0,2,0.0,0.45912412
E3|Q96EX2|P30307,E3|Q96EX2,E3,Q96EX2,P30307,RNFT2,CDC25C,0,2,0.0,0.33236772
E3|Q96GF1|Q9NRM7,E3|Q96GF1,E3,Q96GF1,Q9NRM7,RNF185,LATS2,0,2,0.0,0.42936224
E3|Q96GF1|P26927,E3|Q96GF1,E3,Q96GF1,P26927,RNF185,MST1,0,2,0.0,0.9369432
E3|Q96GF1|Q96J92,E3|Q96GF1,E3,Q96GF1,Q96J92,RNF185,WNK4,0,2,0.0,0.8443441
E3|Q96GF1|Q8WUM4,E3|Q96GF1,E3,Q96GF1,Q8WUM4,RNF185,PDCD6IP,0,2,0.0,0.87415016
E3|Q96GF1|Q16665,E3|Q96GF1,E3,Q96GF1,Q16665,RNF185,HIF1A,0,2,0.0,0.26935276
E3|Q96J02|O95388,E3|Q96J02,E3,Q96J02,O95388,ITCH,CCN4,0,2,0.0,0.65810466
E3|Q96J02|Q92918,E3|Q96J02,E3,Q96J02,Q92918,ITCH,MAP4K1,0,2,0.0,0.7775558
E3|Q96J02|Q13233,E3|Q96J02,E3,Q96J02,Q13233,ITCH,MAP3K1,0,2,0.0,0.80853534
E3|Q96J02|P31937,E3|Q96J02,E3,Q96J02,P31937,ITCH,HIBADH,0,2,0.0,0.9510004
E3|Q96J02|Q8N519,E3|Q96J02,E3,Q96J02,Q8N519,ITCH,,0,2,0.0,0.2954251
E3|Q96J02|Q30134,E3|Q96J02,E3,Q96J02,Q30134,ITCH,HLA-DRB1,0,2,0.0,0.12500964
E3|Q96J02|P55036,E3|Q96J02,E3,Q96J02,P55036,ITCH,PSMD4,0,2,0.0,0.7515749
E3|Q96J02|P03129,E3|Q96J02,E3,Q96J02,P03129,ITCH,E7,0,2,0.0,0.27153894
E3|Q96J02|P54098,E3|Q96J02,E3,Q96J02,P54098,ITCH,POLG,0,2,0.0,0.9409592
E3|Q96J02|A9UEZ6,E3|Q96J02,E3,Q96J02,A9UEZ6,ITCH,BCR/ABL fusion,0,2,0.0,0.08003937
E3|Q96J02|O00233,E3|Q96J02,E3,Q96J02,O00233,ITCH,PSMD9,0,2,0.0,0.42360175
E3|Q96J02|P19429,E3|Q96J02,E3,Q96J02,P19429,ITCH,TNNI3,0,2,0.0,0.55370593
E3|Q96J02|Q92734,E3|Q96J02,E3,Q96J02,Q92734,ITCH,TFG,0,2,0.0,0.96160764
E3|Q96LD4|O60762,E3|Q96LD4,E3,Q96LD4,O60762,TRIM47,DPM1,0,2,0.0,0.5885788
E3|Q96LD4|P26951,E3|Q96LD4,E3,Q96LD4,P26951,TRIM47,IL3RA,0,2,0.0,0.39294416
E3|Q9BR09|Q92466,E3|Q9BR09,E3,Q9BR09,Q92466,NEURL2,DDB2,0,2,0.0,0.26267302
E3|Q9BR09|Q96NT3,E3|Q9BR09,E3,Q9BR09,Q96NT3,NEURL2,GUCD1,0,2,0.0,0.25872606
E3|Q9BVG3|P0DP91,E3|Q9BVG3,E3,Q9BVG3,P0DP91,TRIM62,ERCC6,0,2,0.0,0.96616894
E3|Q9BVG3|Q9Y2Y9,E3|Q9BVG3,E3,Q9BVG3,Q9Y2Y9,TRIM62,KLF13,0,2,0.0,0.9650849
E3|Q9BXM7|O00308,E3|Q9BXM7,E3,Q9BXM7,O00308,PINK1,WWP2,0,2,0.0,0.89574385
E3|Q9BY78|P01106,E3|Q9BY78,E3,Q9BY78,P01106,RNF26,MYC,0,2,0.0,0.43569878
E3|Q9BY78|P30291,E3|Q9BY78,E3,Q9BY78,P30291,RNF26,WEE1,0,2,0.0,0.53486454
E3|Q9BY78|Q99848,E3|Q9BY78,E3,Q9BY78,Q99848,RNF26,EBNA1BP2,0,2,0.0,0.32029504
E3|Q9BY78|Q9BVN2,E3|Q9BY78,E3,Q9BY78,Q9BVN2,RNF26,RUSC1,0,2,0.0,0.8279972
E3|Q9BY78|Q9NWT6,E3|Q9BY78,E3,Q9BY78,Q9NWT6,RNF26,HIF1AN,0,2,0.0,0.50713295
E3|Q9BY78|Q9UJU2,E3|Q9BY78,E3,Q9BY78,Q9UJU2,RNF26,LEF1,0,2,0.0,0.35368747
E3|Q9BY78|Q15653,E3|Q9BY78,E3,Q9BY78,Q15653,RNF26,NFKBIB,0,2,0.0,0.5001017
E3|Q9BZY9|Q99814,E3|Q9BZY9,E3,Q9BZY9,Q99814,TRIM31,EPAS1,0,2,0.0,0.95650697
E3|Q9BZY9|P61371,E3|Q9BZY9,E3,Q9BZY9,P61371,TRIM31,ISL1,0,2,0.0,0.9338516
E3|Q9H0X6|P38398,E3|Q9H0X6,E3,Q9H0X6,P38398,RNF208,BRCA1,0,2,0.0,0.34988958
E3|Q9H0X6|P01911,E3|Q9H0X6,E3,Q9H0X6,P01911,RNF208,HLA-DRB1,0,2,0.0,0.13930012
E3|Q9H6Y7|P19237,E3|Q9H6Y7,E3,Q9H6Y7,P19237,RNF167,TNNI1,0,2,0.0,0.13295159
E3|Q9H6Y7|Q96QS3,E3|Q9H6Y7,E3,Q9H6Y7,Q96QS3,RNF167,ARX,0,2,0.0,0.38076082
E3|Q9H6Y7|Q12824,E3|Q9H6Y7,E3,Q9H6Y7,Q12824,RNF167,SMARCB1,0,2,0.0,0.21597685
E3|Q9H992|Q16777,E3|Q9H992,E3,Q9H992,Q16777,MARCHF7,H2AC20,0,2,0.0,0.92825323
E3|Q9H992|P56545,E3|Q9H992,E3,Q9H992,P56545,MARCHF7,CTBP2,0,2,0.0,0.84100395
E3|Q9H992|Q15388,E3|Q9H992,E3,Q9H992,Q15388,MARCHF7,TOMM20,0,2,0.0,0.21573186
E3|Q9HCI7|P01730,E3|Q9HCI7,E3,Q9HCI7,P01730,MSL2,CD4,0,2,0.0,0.10273359
E3|Q9HCI7|Q8ND25,E3|Q9HCI7,E3,Q9HCI7,Q8ND25,MSL2,ZNRF1,0,2,0.0,0.5560139
E3|Q9HCI7|P22681,E3|Q9HCI7,E3,Q9HCI7,P22681,MSL2,CBL,0,2,0.0,0.65182394
E3|Q9HCI7|O43734,E3|Q9HCI7,E3,Q9HCI7,O43734,MSL2,TRAF3IP2,0,2,0.0,0.8732248
E3|Q9HCI7|P37088,E3|Q9HCI7,E3,Q9HCI7,P37088,MSL2,SCNN1A,0,2,0.0,0.1348317
E3|Q9HCI7|Q15836,E3|Q9HCI7,E3,Q9HCI7,Q15836,MSL2,VAMP3,0,2,0.0,0.38500333
E3|Q9NRD1|Q13002,E3|Q9NRD1,E3,Q9NRD1,Q13002,FBXO6,GRIK2,0,2,0.0,0.6230138
E3|Q9NRD1|Q99988,E3|Q9NRD1,E3,Q9NRD1,Q99988,FBXO6,GDF15,0,2,0.0,0.58201724
E3|Q9NRD1|Q8IXI2,E3|Q9NRD1,E3,Q9NRD1,Q8IXI2,FBXO6,RHOT1,0,2,0.0,0.55645037
E3|Q9NRD1|P26927,E3|Q9NRD1,E3,Q9NRD1,P26927,FBXO6,MST1,0,2,0.0,0.52365273
E3|Q9NRD1|P15923,E3|Q9NRD1,E3,Q9NRD1,P15923,FBXO6,TCF3,0,2,0.0,0.16886494
E3|Q9NRD1|Q15361,E3|Q9NRD1,E3,Q9NRD1,Q15361,FBXO6,TTF1,0,2,0.0,0.32304323
E3|Q9NRD1|Q8N6M0,E3|Q9NRD1,E3,Q9NRD1,Q8N6M0,FBXO6,OTUD6B,0,2,0.0,0.6235644
E3|Q9NRD1|P01911,E3|Q9NRD1,E3,Q9NRD1,P01911,FBXO6,HLA-DRB1,0,2,0.0,0.16790469
E3|Q9NRD1|P01903,E3|Q9NRD1,E3,Q9NRD1,P01903,FBXO6,HLA-DRA,0,2,0.0,0.17026784
E3|Q9NRM6|O15524,E3|Q9NRM6,E3,Q9NRM6,O15524,IL17RB,SOCS1,0,2,0.0,0.8742667
E3|Q9NVR0|Q9Y657,E3|Q9NVR0,E3,Q9NVR0,Q9Y657,KLHL11,SPIN1,0,2,0.0,0.42685112
E3|Q9NVR0|P54253,E3|Q9NVR0,E3,Q9NVR0,P54253,KLHL11,ATXN1,0,2,0.0,0.3820391
E3|Q9NX47|O94992,E3|Q9NX47,E3,Q9NX47,O94992,MARCHF5,HEXIM1,0,2,0.0,0.25702217
E3|Q9NX47|P08047,E3|Q9NX47,E3,Q9NX47,P08047,MARCHF5,SP1,0,2,0.0,0.2610281
E3|Q9NX47|Q9BRJ6,E3|Q9NX47,E3,Q9NX47,Q9BRJ6,MARCHF5,C7orf50,0,2,0.0,0.9617075
E3|Q9NX47|Q9H6R0,E3|Q9NX47,E3,Q9NX47,Q9H6R0,MARCHF5,DHX33,0,2,0.0,0.21935755
E3|Q9NX47|Q14498,E3|Q9NX47,E3,Q9NX47,Q14498,MARCHF5,RBM39,0,2,0.0,0.256003
E3|Q9NX47|Q9P0W2,E3|Q9NX47,E3,Q9NX47,Q9P0W2,MARCHF5,HMG20B,0,2,0.0,0.27429757
E3|Q9NX47|Q9UDY8,E3|Q9NX47,E3,Q9NX47,Q9UDY8,MARCHF5,MALT1,0,2,0.0,0.3416415
E3|Q9NX47|P24468,E3|Q9NX47,E3,Q9NX47,P24468,MARCHF5,NR2F2,0,2,0.0,0.35666716
E3|Q9NX47|Q16204,E3|Q9NX47,E3,Q9NX47,Q16204,MARCHF5,CCDC6,0,2,0.0,0.56617916
E3|Q9NX47|Q9UPP1,E3|Q9NX47,E3,Q9NX47,Q9UPP1,MARCHF5,PHF8,0,2,0.0,0.20813401
E3|Q9NX47|Q96AJ1,E3|Q9NX47,E3,Q9NX47,Q96AJ1,MARCHF5,CLUAP1,0,2,0.0,0.31569153
E3|Q9NX47|Q92985,E3|Q9NX47,E3,Q9NX47,Q92985,MARCHF5,IRF7,0,2,0.0,0.27467784
E3|Q9NX47|Q96GD4,E3|Q9NX47,E3,Q9NX47,Q96GD4,MARCHF5,AURKB,0,2,0.0,0.4722493
E3|Q9NX47|Q969R5,E3|Q9NX47,E3,Q9NX47,Q969R5,MARCHF5,L3MBTL2,0,2,0.0,0.18764298
E3|Q9NX47|Q16342,E3|Q9NX47,E3,Q9NX47,Q16342,MARCHF5,PDCD2,0,2,0.0,0.23609585
E3|Q9NX47|Q9NYB9,E3|Q9NX47,E3,Q9NX47,Q9NYB9,MARCHF5,ABI2,0,2,0.0,0.55262816
E3|Q9NX47|Q8N5C8,E3|Q9NX47,E3,Q9NX47,Q8N5C8,MARCHF5,TAB3,0,2,0.0,0.3909792
E3|Q9NX47|Q15554,E3|Q9NX47,E3,Q9NX47,Q15554,MARCHF5,TERF2,0,2,0.0,0.21611941
E3|Q9P0N8|A9UEZ6,E3|Q9P0N8,E3,Q9P0N8,A9UEZ6,MARCHF2,BCR/ABL fusion,0,2,0.0,0.9224337
E3|Q9P0N8|Q9P1Z0,E3|Q9P0N8,E3,Q9P0N8,Q9P1Z0,MARCHF2,ZBTB4,0,2,0.0,0.14876041
E3|Q9P253|P26927,E3|Q9P253,E3,Q9P253,P26927,VPS18,MST1,0,2,0.0,0.71323353
E3|Q9P2J3|O15294,E3|Q9P2J3,E3,Q9P2J3,O15294,KLHL9,OGT,0,2,0.0,0.8435043
E3|Q9P2J3|Q16558,E3|Q9P2J3,E3,Q9P2J3,Q16558,KLHL9,KCNMB1,0,2,0.0,0.14762302
E3|Q9P2J3|Q99836,E3|Q9P2J3,E3,Q9P2J3,Q99836,KLHL9,MYD88,0,2,0.0,0.8002301
E3|Q9P2J3|P35558,E3|Q9P2J3,E3,Q9P2J3,P35558,KLHL9,PCK1,0,2,0.0,0.36026084
E3|Q9P2J3|O15392,E3|Q9P2J3,E3,Q9P2J3,O15392,KLHL9,BIRC5,0,2,0.0,0.8503124
E3|Q9P2J3|Q8TBZ2,E3|Q9P2J3,E3,Q9P2J3,Q8TBZ2,KLHL9,MYCBPAP,0,2,0.0,0.17686114
E3|Q9P2J3|P35626,E3|Q9P2J3,E3,Q9P2J3,P35626,KLHL9,ADRBK2,0,2,0.0,0.08653541
E3|Q9P2J3|Q08999,E3|Q9P2J3,E3,Q9P2J3,Q08999,KLHL9,RBL2,0,2,0.0,0.884682
E3|Q9P2N7|Q96RE7,E3|Q9P2N7,E3,Q9P2N7,Q96RE7,KLHL13,NACC1,0,2,0.0,0.80638933
E3|Q9P2N7|Q9UJQ4,E3|Q9P2N7,E3,Q9P2N7,Q9UJQ4,KLHL13,SALL4,0,2,0.0,0.88232464
E3|Q9P2N7|P42226,E3|Q9P2N7,E3,Q9P2N7,P42226,KLHL13,STAT6,0,2,0.0,0.8690795
E3|Q9P2N7|O15078,E3|Q9P2N7,E3,Q9P2N7,O15078,KLHL13,CEP290,0,2,0.0,0.7816377
E3|Q9P2N7|Q9P0P0,E3|Q9P2N7,E3,Q9P2N7,Q9P0P0,KLHL13,RNF181,0,2,0.0,0.6325839
E3|Q9P2N7|Q9UMX0,E3|Q9P2N7,E3,Q9P2N7,Q9UMX0,KLHL13,UBQLN1,0,2,0.0,0.338404
E3|Q9UH77|Q9NTG7,E3|Q9UH77,E3,Q9UH77,Q9NTG7,KLHL3,SIRT3,0,2,0.0,0.87197644
E3|Q9UH77|Q12913,E3|Q9UH77,E3,Q9UH77,Q12913,KLHL3,PTPRJ,0,2,0.0,0.1718751
E3|Q9UHC7|Q13651,E3|Q9UHC7,E3,Q9UHC7,Q13651,MKRN1,IL10RA,0,2,0.0,0.7661768
E3|Q9UHC7|Q99541,E3|Q9UHC7,E3,Q9UHC7,Q99541,MKRN1,PLIN2,0,2,0.0,0.2134904
E3|Q9UHC7|Q86WG3,E3|Q9UHC7,E3,Q9UHC7,Q86WG3,MKRN1,ATCAY,0,2,0.0,0.20007369
E3|Q9UHC7|Q9UPW8,E3|Q9UHC7,E3,Q9UHC7,Q9UPW8,MKRN1,UNC13A,0,2,0.0,0.76171994
E3|Q9UHC7|P31146,E3|Q9UHC7,E3,Q9UHC7,P31146,MKRN1,CORO1A,0,2,0.0,0.8271305
E3|Q9UHC7|Q13415,E3|Q9UHC7,E3,Q9UHC7,Q13415,MKRN1,ORC1,0,2,0.0,0.84331936
E3|Q9UHC7|Q16637,E3|Q9UHC7,E3,Q9UHC7,Q16637,MKRN1,SMN1,0,2,0.0,0.8267928
E3|Q9UHC7|P31947,E3|Q9UHC7,E3,Q9UHC7,P31947,MKRN1,SFN,0,2,0.0,0.7382529
E3|Q9UHC7|Q9Y490,E3|Q9UHC7,E3,Q9UHC7,Q9Y490,MKRN1,TLN1,0,2,0.0,0.79077417
E3|Q9UHC7|Q13257,E3|Q9UHC7,E3,Q9UHC7,Q13257,MKRN1,MAD2L1,0,2,0.0,0.85013235
E3|Q9UHC7|O95140,E3|Q9UHC7,E3,Q9UHC7,O95140,MKRN1,MFN2,0,2,0.0,0.256553
E3|Q9UHC7|O00635,E3|Q9UHC7,E3,Q9UHC7,O00635,MKRN1,TRIM38,0,2,0.0,0.8548904
E3|Q9UHC7|P35232,E3|Q9UHC7,E3,Q9UHC7,P35232,MKRN1,PHB,0,2,0.0,0.79315794
E3|Q9UHC7|O15357,E3|Q9UHC7,E3,Q9UHC7,O15357,MKRN1,INPPL1,0,2,0.0,0.39399526
E3|Q9UHC7|O75882,E3|Q9UHC7,E3,Q9UHC7,O75882,MKRN1,ATRN,0,2,0.0,0.1803149
E3|Q9UHC7|Q9NVI1,E3|Q9UHC7,E3,Q9UHC7,Q9NVI1,MKRN1,FANCI,0,2,0.0,0.90314883
E3|Q9UHC7|Q9UHN6,E3|Q9UHC7,E3,Q9UHC7,Q9UHN6,MKRN1,CEMIP2,0,2,0.0,0.19882002
E3|Q9UHC7|Q9UBF6,E3|Q9UHC7,E3,Q9UHC7,Q9UBF6,MKRN1,RNF7,0,2,0.0,0.69672996
E3|Q9UII4|Q9NZQ7,E3|Q9UII4,E3,Q9UII4,Q9NZQ7,HERC5,CD274,0,2,0.0,0.7256302
E3|Q9UK99|Q13794,E3|Q9UK99,E3,Q9UK99,Q13794,FBXO3,PMAIP1,0,2,0.0,0.5830864
E3|Q9UK99|O14763,E3|Q9UK99,E3,Q9UK99,O14763,FBXO3,TNFRSF10B,0,2,0.0,0.2542058
E3|Q9UKB1|Q2F514,E3|Q9UKB1,E3,Q9UKB1,Q2F514,FBXW11,X,0,2,0.0,0.5911251
E3|Q9UKB1|Q9Y5U5,E3|Q9UKB1,E3,Q9UKB1,Q9Y5U5,FBXW11,TNFRSF18,0,2,0.0,0.13344562
E3|Q9UKB1|P40189,E3|Q9UKB1,E3,Q9UKB1,P40189,FBXW11,IL6ST,0,2,0.0,0.6542846
E3|Q9UKB1|P03345,E3|Q9UKB1,E3,Q9UKB1,P03345,FBXW11,gag,0,2,0.0,0.43562272
E3|Q9UKB1|O14773,E3|Q9UKB1,E3,Q9UKB1,O14773,FBXW11,TPP1,0,2,0.0,0.8875073
E3|Q9UKB1|P08581,E3|Q9UKB1,E3,Q9UKB1,P08581,FBXW11,MET,0,2,0.0,0.078437895
E3|Q9UKB1|O43561,E3|Q9UKB1,E3,Q9UKB1,O43561,FBXW11,LAT,0,2,0.0,0.13990122
E3|Q9UKB1|Q8N6M0,E3|Q9UKB1,E3,Q9UKB1,Q8N6M0,FBXW11,OTUD6B,0,2,0.0,0.597146
E3|Q9UKB1|P15498,E3|Q9UKB1,E3,Q9UKB1,P15498,FBXW11,VAV1,0,2,0.0,0.65301657
E3|Q9UKB1|P25116,E3|Q9UKB1,E3,Q9UKB1,P25116,FBXW11,F2R,0,2,0.0,0.07139303
E3|Q9UKB1|P61587,E3|Q9UKB1,E3,Q9UKB1,P61587,FBXW11,RND3,0,2,0.0,0.13690317
E3|Q9UKB1|P16070,E3|Q9UKB1,E3,Q9UKB1,P16070,FBXW11,CD44,0,2,0.0,0.2347877
E3|Q9UKB1|Q01638,E3|Q9UKB1,E3,Q9UKB1,Q01638,FBXW11,IL1RL1,0,2,0.0,0.13574715
E3|Q9ULV8|Q96RR4,E3|Q9ULV8,E3,Q9ULV8,Q96RR4,CBLC,CAMKK2,0,2,0.0,0.5115425
E3|Q9ULV8|O00763,E3|Q9ULV8,E3,Q9ULV8,O00763,CBLC,ACACB,0,2,0.0,0.60204923
E3|Q9ULV8|Q12929,E3|Q9ULV8,E3,Q9ULV8,Q12929,CBLC,EPS8,0,2,0.0,0.84594655
E3|Q9UNE7|Q8N8V4,E3|Q9UNE7,E3,Q9UNE7,Q8N8V4,STUB1,ANKS4B,0,2,0.0,0.7434341
E3|Q9UNE7|P03345,E3|Q9UNE7,E3,Q9UNE7,P03345,STUB1,gag,0,2,0.0,0.33437684
E3|Q9UNE7|Q9GIY3,E3|Q9UNE7,E3,Q9UNE7,Q9GIY3,STUB1,HLA-DRB1,0,2,0.0,0.06563196
E3|Q9UNE7|P17302,E3|Q9UNE7,E3,Q9UNE7,P17302,STUB1,GJA1,0,2,0.0,0.7653045
E3|Q9UNE7|Q8IZG5,E3|Q9UNE7,E3,Q9UNE7,Q8IZG5,STUB1,SS18,0,2,0.0,0.709875
E3|Q9UNE7|P30304,E3|Q9UNE7,E3,Q9UNE7,P30304,STUB1,CDC25A,0,2,0.0,0.9054224
E3|Q9UNE7|P29965,E3|Q9UNE7,E3,Q9UNE7,P29965,STUB1,CD40LG,0,2,0.0,0.9276127
E3|Q9UNE7|Q9NRC1,E3|Q9UNE7,E3,Q9UNE7,Q9NRC1,STUB1,ST7,0,2,0.0,0.5044983
E3|Q9UNE7|Q6MZQ0,E3|Q9UNE7,E3,Q9UNE7,Q6MZQ0,STUB1,PRR5L,0,2,0.0,0.538789
E3|Q9UNE7|P55061,E3|Q9UNE7,E3,Q9UNE7,P55061,STUB1,TMBIM6,0,2,0.0,0.46527517
E3|Q9UNE7|Q05586,E3|Q9UNE7,E3,Q9UNE7,Q05586,STUB1,GRIN1,0,2,0.0,0.57020396
E3|Q9UNE7|O00238,E3|Q9UNE7,E3,Q9UNE7,O00238,STUB1,BMPR1B,0,2,0.0,0.943958
E3|Q9UNE7|P53805,E3|Q9UNE7,E3,Q9UNE7,P53805,STUB1,RCAN1,0,2,0.0,0.9025594
E3|Q9UNE7|P98155,E3|Q9UNE7,E3,Q9UNE7,P98155,STUB1,VLDLR,0,2,0.0,0.74223
E3|Q9UNE7|P78543,E3|Q9UNE7,E3,Q9UNE7,P78543,STUB1,BTG2,0,2,0.0,0.8563108
E3|Q9UNE7|P20039,E3|Q9UNE7,E3,Q9UNE7,P20039,STUB1,HLA-DRB1,0,2,0.0,0.061709866
E3|Q9UNE7|P43005,E3|Q9UNE7,E3,Q9UNE7,P43005,STUB1,SLC1A1,0,2,0.0,0.49438873
E3|Q9UNE7|Q16875,E3|Q9UNE7,E3,Q9UNE7,Q16875,STUB1,PFKFB3,0,2,0.0,0.6316963
E3|Q9UNE7|Q99541,E3|Q9UNE7,E3,Q9UNE7,Q99541,STUB1,PLIN2,0,2,0.0,0.5792299
E3|Q9UNE7|Q16625,E3|Q9UNE7,E3,Q9UNE7,Q16625,STUB1,OCLN,0,2,0.0,0.7625793
E3|Q9UNE7|P13762,E3|Q9UNE7,E3,Q9UNE7,P13762,STUB1,HLA-DRB4,0,2,0.0,0.37767848
E3|Q9UNE7|P10586,E3|Q9UNE7,E3,Q9UNE7,P10586,STUB1,PTPRF,0,2,0.0,0.622506
E3|Q9UNE7|Q02779,E3|Q9UNE7,E3,Q9UNE7,Q02779,STUB1,MAP3K10,0,2,0.0,0.5330166
E3|Q9UNE7|Q12913,E3|Q9UNE7,E3,Q9UNE7,Q12913,STUB1,PTPRJ,0,2,0.0,0.6507382
E3|Q9UNE7|P08514,E3|Q9UNE7,E3,Q9UNE7,P08514,STUB1,ITGA2B,0,2,0.0,0.62478477
E3|Q9UNE7|P60903,E3|Q9UNE7,E3,Q9UNE7,P60903,STUB1,S100A10,0,2,0.0,0.71946543
E3|Q9UNE7|Q15386,E3|Q9UNE7,E3,Q9UNE7,Q15386,STUB1,UBE3C,0,2,0.0,0.60509497
E3|Q9UNE7|P78380,E3|Q9UNE7,E3,Q9UNE7,P78380,STUB1,OLR1,0,2,0.0,0.48746184
E3|Q9UNE7|P05556,E3|Q9UNE7,E3,Q9UNE7,P05556,STUB1,ITGB1,0,2,0.0,0.7059074
E3|Q9UNE7|Q29974,E3|Q9UNE7,E3,Q9UNE7,Q29974,STUB1,HLA-DRB1,0,2,0.0,0.10504167
E3|Q9UNE7|P35626,E3|Q9UNE7,E3,Q9UNE7,P35626,STUB1,ADRBK2,0,2,0.0,0.40083554
E3|Q9UNE7|Q9Y6W8,E3|Q9UNE7,E3,Q9UNE7,Q9Y6W8,STUB1,ICOS,0,2,0.0,0.8981805
E3|Q9UNE7|O95859,E3|Q9UNE7,E3,Q9UNE7,O95859,STUB1,TSPAN12,0,2,0.0,0.3681792
E3|Q9UNE7|Q9Y5Y9,E3|Q9UNE7,E3,Q9UNE7,Q9Y5Y9,STUB1,SCN10A,0,2,0.0,0.50200087
E3|Q9UNE7|Q9ULJ7,E3|Q9UNE7,E3,Q9UNE7,Q9ULJ7,STUB1,ANKRD50,0,2,0.0,0.6567349
E3|Q9UNE7|A0A1B0GVQ0,E3|Q9UNE7,E3,Q9UNE7,A0A1B0GVQ0,STUB1,SPAAR,0,2,0.0,0.61723655
E3|Q9UNE7|P01023,E3|Q9UNE7,E3,Q9UNE7,P01023,STUB1,A2M,0,2,0.0,0.52759993
E3|Q9UNE7|Q01638,E3|Q9UNE7,E3,Q9UNE7,Q01638,STUB1,IL1RL1,0,2,0.0,0.7783147
E3|Q9UNE7|P0C209,E3|Q9UNE7,E3,Q9UNE7,P0C209,STUB1,gag,0,2,0.0,0.33655232
E3|Q9UNE7|P41595,E3|Q9UNE7,E3,Q9UNE7,P41595,STUB1,HTR2B,0,2,0.0,0.8827155
E3|Q9UNE7|O00459,E3|Q9UNE7,E3,Q9UNE7,O00459,STUB1,PIK3R2,0,2,0.0,0.47305688
E3|Q9UNE7|P40189,E3|Q9UNE7,E3,Q9UNE7,P40189,STUB1,IL6ST,0,2,0.0,0.9452494
E3|Q9UNE7|Q9BRJ6,E3|Q9UNE7,E3,Q9UNE7,Q9BRJ6,STUB1,C7orf50,0,2,0.0,0.46248293
E3|Q9Y4K3|P26006,E3|Q9Y4K3,E3,Q9Y4K3,P26006,TRAF6,ITGA3,0,2,0.0,0.39924785
E3|Q9Y4K3|A9UEZ6,E3|Q9Y4K3,E3,Q9Y4K3,A9UEZ6,TRAF6,BCR/ABL fusion,0,2,0.0,0.041851483
E3|Q9Y4K3|Q9UQK1,E3|Q9Y4K3,E3,Q9Y4K3,Q9UQK1,TRAF6,PPP1R3C,0,2,0.0,0.409436
E3|Q9Y4K3|P07333,E3|Q9Y4K3,E3,Q9Y4K3,P07333,TRAF6,CSF1R,0,2,0.0,0.311546
E3|Q9Y4K3|Q8N6M0,E3|Q9Y4K3,E3,Q9Y4K3,Q8N6M0,TRAF6,OTUD6B,0,2,0.0,0.63868034
E3|Q9Y4K3|Q9NV92,E3|Q9Y4K3,E3,Q9Y4K3,Q9NV92,TRAF6,NDFIP2,0,2,0.0,0.15250021
E3|Q9Y4K3|Q92813,E3|Q9Y4K3,E3,Q9Y4K3,Q92813,TRAF6,DIO2,0,2,0.0,0.2999548
E3|Q9Y4K3|P01130,E3|Q9Y4K3,E3,Q9Y4K3,P01130,TRAF6,LDLR,0,2,0.0,0.08355394
E3|Q9Y4K3|O95502,E3|Q9Y4K3,E3,Q9Y4K3,O95502,TRAF6,NPTXR,0,2,0.0,0.10540073
E3|Q9Y4K3|P40189,E3|Q9Y4K3,E3,Q9Y4K3,P40189,TRAF6,IL6ST,0,2,0.0,0.6380762
E3|Q9Y4K3|Q8NBJ4,E3|Q9Y4K3,E3,Q9Y4K3,Q8NBJ4,TRAF6,GOLM1,0,2,0.0,0.13863076
E3|Q9Y4K3|Q95IE3,E3|Q9Y4K3,E3,Q9Y4K3,Q95IE3,TRAF6,HLA-DRB1,0,2,0.0,0.042728048
E3|Q9Y4K3|P22455,E3|Q9Y4K3,E3,Q9Y4K3,P22455,TRAF6,FGFR4,0,2,0.0,0.15550041
E3|Q9Y4K3|Q13571,E3|Q9Y4K3,E3,Q9Y4K3,Q13571,TRAF6,LAPTM5,0,2,0.0,0.19032499
E3|Q9Y4K3|Q01151,E3|Q9Y4K3,E3,Q9Y4K3,Q01151,TRAF6,CD83,0,2,0.0,0.09957961
E3|Q9Y4K3|P29322,E3|Q9Y4K3,E3,Q9Y4K3,P29322,TRAF6,EPHA8,0,2,0.0,0.14353463
DUB|O75317|O14737,DUB|O75317,DUB,O75317,O14737,USP12,PDCD5,0,2,0.0,0.5720359
DUB|P15374|Q92819,DUB|P15374,DUB,P15374,Q92819,UCHL3,HAS2,0,2,0.0,0.90139675
DUB|P15374|Q9UL17,DUB|P15374,DUB,P15374,Q9UL17,UCHL3,TBX21,0,2,0.0,0.80198634
DUB|P15374|Q9HA47,DUB|P15374,DUB,P15374,Q9HA47,UCHL3,UCK1,0,2,0.0,0.44322956
DUB|P15374|Q14469,DUB|P15374,DUB,P15374,Q14469,UCHL3,HES1,0,2,0.0,0.9210543
DUB|P45974|Q9HA47,DUB|P45974,DUB,P45974,Q9HA47,USP5,UCK1,0,2,0.0,0.41728133
DUB|P45974|P36897,DUB|P45974,DUB,P45974,P36897,USP5,TGFBR1,0,2,0.0,0.5836676
DUB|P45974|Q96RJ0,DUB|P45974,DUB,P45974,Q96RJ0,USP5,TAAR1,0,2,0.0,0.6018156
DUB|P45974|Q8IVP5,DUB|P45974,DUB,P45974,Q8IVP5,USP5,FUNDC1,0,2,0.0,0.19407563
DUB|P51784|P04179,DUB|P51784,DUB,P51784,P04179,USP11,SOD2,0,2,0.0,0.439913
DUB|P51784|Q04771,DUB|P51784,DUB,P51784,Q04771,USP11,ACVR1,0,2,0.0,0.16840138
DUB|P51784|O15519,DUB|P51784,DUB,P51784,O15519,USP11,CFLAR,0,2,0.0,0.35356086
DUB|P51784|Q9UBS5,DUB|P51784,DUB,P51784,Q9UBS5,USP11,GABBR1,0,2,0.0,0.09437371
DUB|P51784|Q92819,DUB|P51784,DUB,P51784,Q92819,USP11,HAS2,0,2,0.0,0.91371685
DUB|P51784|P14780,DUB|P51784,DUB,P51784,P14780,USP11,MMP9,0,2,0.0,0.3495861
DUB|P51784|P18084,DUB|P51784,DUB,P51784,P18084,USP11,ITGB5,0,2,0.0,0.3199219
DUB|P51784|P33981,DUB|P51784,DUB,P51784,P33981,USP11,TTK,0,2,0.0,0.6802379
DUB|P51784|A2AIR5,DUB|P51784,DUB,P51784,A2AIR5,USP11,Grin3a,0,2,0.0,0.9542955
DUB|P51784|Q4U2R8,DUB|P51784,DUB,P51784,Q4U2R8,USP11,SLC22A6,0,2,0.0,0.09115999
DUB|P51784|Q8WTU0,DUB|P51784,DUB,P51784,Q8WTU0,USP11,DDI1,0,2,0.0,0.26618582
DUB|P51784|P10145,DUB|P51784,DUB,P51784,P10145,USP11,CXCL8,0,2,0.0,0.19567373
DUB|P51784|Q12809,DUB|P51784,DUB,P51784,Q12809,USP11,KCNH2,0,2,0.0,0.13865471
DUB|P51784|Q8IVP5,DUB|P51784,DUB,P51784,Q8IVP5,USP11,FUNDC1,0,2,0.0,0.20519832
DUB|P62068|P20226,DUB|P62068,DUB,P62068,P20226,USP46,TBP,0,2,0.0,0.1967795
DUB|P62068|P08581,DUB|P62068,DUB,P62068,P08581,USP46,MET,0,2,0.0,0.47003502
DUB|P62068|O15151,DUB|P62068,DUB,P62068,O15151,USP46,MDM4,0,2,0.0,0.3487441
DUB|P62068|Q8N4S9,DUB|P62068,DUB,P62068,Q8N4S9,USP46,MARVELD2,0,2,0.0,0.44991696
DUB|P62068|O95180,DUB|P62068,DUB,P62068,O95180,USP46,CACNA1H,0,2,0.0,0.6345405
DUB|P62068|Q9UGP5,DUB|P62068,DUB,P62068,Q9UGP5,USP46,POLL,0,2,0.0,0.30780065
DUB|P62068|Q9UPP1,DUB|P62068,DUB,P62068,Q9UPP1,USP46,PHF8,0,2,0.0,0.22623384
DUB|Q01804|Q92819,DUB|Q01804,DUB,Q01804,Q92819,OTUD4,HAS2,0,2,0.0,0.9181678
DUB|Q01804|P33981,DUB|Q01804,DUB,Q01804,P33981,OTUD4,TTK,0,2,0.0,0.5913334
DUB|Q05CD9|O60346,DUB|Q05CD9,DUB,Q05CD9,O60346,USP8,PHLPP1,0,2,0.0,0.45719728
DUB|Q05CD9|O95835,DUB|Q05CD9,DUB,Q05CD9,O95835,USP8,LATS1,0,2,0.0,0.34679857
DUB|Q14694|P08069,DUB|Q14694,DUB,Q14694,P08069,USP10,IGF1R,0,2,0.0,0.42481506
DUB|Q14694|Q96RJ0,DUB|Q14694,DUB,Q14694,Q96RJ0,USP10,TAAR1,0,2,0.0,0.67181116
DUB|Q14694|A0A291NLA3,DUB|Q14694,DUB,Q14694,A0A291NLA3,USP10,SIGIRR,0,2,0.0,0.30266777
DUB|Q14694|Q02246,DUB|Q14694,DUB,Q14694,Q02246,USP10,CNTN2,0,2,0.0,0.77813613
DUB|Q14694|Q8N4S9,DUB|Q14694,DUB,Q14694,Q8N4S9,USP10,MARVELD2,0,2,0.0,0.16887677
DUB|Q14694|P08581,DUB|Q14694,DUB,Q14694,P08581,USP10,MET,0,2,0.0,0.15490602
DUB|Q14694|P36897,DUB|Q14694,DUB,Q14694,P36897,USP10,TGFBR1,0,2,0.0,0.79937536
DUB|Q14694|O15554,DUB|Q14694,DUB,Q14694,O15554,USP10,KCNN4,0,2,0.0,0.13306402
DUB|Q14694|P36894,DUB|Q14694,DUB,Q14694,P36894,USP10,BMPR1A,0,2,0.0,0.65510285
DUB|Q14694|Q15388,DUB|Q14694,DUB,Q14694,Q15388,USP10,TOMM20,0,2,0.0,0.8368155
DUB|Q14694|P37023,DUB|Q14694,DUB,Q14694,P37023,USP10,ACVRL1,0,2,0.0,0.81104505
DUB|Q14694|Q96JA1,DUB|Q14694,DUB,Q14694,Q96JA1,USP10,LRIG1,0,2,0.0,0.15892744
DUB|Q14694|P04234,DUB|Q14694,DUB,Q14694,P04234,USP10,CD3D,0,2,0.0,0.14559177
DUB|Q14694|P26927,DUB|Q14694,DUB,Q14694,P26927,USP10,MST1,0,2,0.0,0.22207735
DUB|Q14694|O95180,DUB|Q14694,DUB,Q14694,O95180,USP10,CACNA1H,0,2,0.0,0.47694722
DUB|Q70EK8|O15105,DUB|Q70EK8,DUB,Q70EK8,O15105,USP53,SMAD7,0,2,0.0,0.8282262
DUB|Q70EL4|Q01860,DUB|Q70EL4,DUB,Q70EL4,Q01860,USP43,POU5F1,0,2,0.0,0.9498182
DUB|Q70EL4|Q9BXW9,DUB|Q70EL4,DUB,Q70EL4,Q9BXW9,USP43,FANCD2,0,2,0.0,0.947416
DUB|Q8TEY7|P43246,DUB|Q8TEY7,DUB,Q8TEY7,P43246,USP33,MSH2,0,2,0.0,0.4325814
DUB|Q8TEY7|O14773,DUB|Q8TEY7,DUB,Q8TEY7,O14773,USP33,TPP1,0,2,0.0,0.9367852
DUB|Q8TEY7|O15151,DUB|Q8TEY7,DUB,Q8TEY7,O15151,USP33,MDM4,0,2,0.0,0.5713951
DUB|Q8TEY7|Q8NHW3,DUB|Q8TEY7,DUB,Q8TEY7,Q8NHW3,USP33,MAFA,0,2,0.0,0.24472994
DUB|Q8TEY7|Q9H3R0,DUB|Q8TEY7,DUB,Q8TEY7,Q9H3R0,USP33,KDM4C,0,2,0.0,0.5003022
DUB|Q8TEY7|Q14135,DUB|Q8TEY7,DUB,Q8TEY7,Q14135,USP33,VGLL4,0,2,0.0,0.50996584
DUB|Q8TEY7|Q8IXJ9,DUB|Q8TEY7,DUB,Q8TEY7,Q8IXJ9,USP33,ASXL1,0,2,0.0,0.6013675
DUB|Q8TEY7|P36894,DUB|Q8TEY7,DUB,Q8TEY7,P36894,USP33,BMPR1A,0,2,0.0,0.9246351
DUB|Q92560|P10145,DUB|Q92560,DUB,Q92560,P10145,BAP1,CXCL8,0,2,0.0,0.23636886
DUB|Q92560|Q8IXI2,DUB|Q92560,DUB,Q92560,Q8IXI2,BAP1,RHOT1,0,2,0.0,0.18565264
DUB|Q92560|Q96JA1,DUB|Q92560,DUB,Q92560,Q96JA1,BAP1,LRIG1,0,2,0.0,0.10744476
DUB|Q92560|P26927,DUB|Q92560,DUB,Q92560,P26927,BAP1,MST1,0,2,0.0,0.17632894
DUB|Q92560|Q9ULT8,DUB|Q92560,DUB,Q92560,Q9ULT8,BAP1,HECTD1,0,2,0.0,0.87596375
DUB|Q92560|P37173,DUB|Q92560,DUB,Q92560,P37173,BAP1,TGFBR2,0,2,0.0,0.2241001
DUB|Q92560|P07550,DUB|Q92560,DUB,Q92560,P07550,BAP1,ADRB2,0,2,0.0,0.18381907
DUB|Q92560|Q03518,DUB|Q92560,DUB,Q92560,Q03518,BAP1,TAP1,0,2,0.0,0.15274191
DUB|Q92560|Q13619,DUB|Q92560,DUB,Q92560,Q13619,BAP1,CUL4A,0,2,0.0,0.89601356
DUB|Q92905|P37023,DUB|Q92905,DUB,Q92905,P37023,COPS5,ACVRL1,0,2,0.0,0.7726973
DUB|Q92905|P04179,DUB|Q92905,DUB,Q92905,P04179,COPS5,SOD2,0,2,0.0,0.56651706
DUB|Q96G74|O75581,DUB|Q96G74,DUB,Q96G74,O75581,OTUD5,LRP6,0,2,0.0,0.14145984
DUB|Q96G74|Q9Y4H2,DUB|Q96G74,DUB,Q96G74,Q9Y4H2,OTUD5,IRS2,0,2,0.0,0.66817
DUB|Q96G74|Q8IWA4,DUB|Q96G74,DUB,Q96G74,Q8IWA4,OTUD5,MFN1,0,2,0.0,0.16829298
DUB|Q96G74|P30304,DUB|Q96G74,DUB,Q96G74,P30304,OTUD5,CDC25A,0,2,0.0,0.9018307
DUB|Q96G74|Q99259,DUB|Q96G74,DUB,Q96G74,Q99259,OTUD5,GAD1,0,2,0.0,0.5915679
DUB|Q96G74|P18084,DUB|Q96G74,DUB,Q96G74,P18084,OTUD5,ITGB5,0,2,0.0,0.34435883
DUB|Q96G74|O43353,DUB|Q96G74,DUB,Q96G74,O43353,OTUD5,RIPK2,0,2,0.0,0.7397129
DUB|Q96G74|P05556,DUB|Q96G74,DUB,Q96G74,P05556,OTUD5,ITGB1,0,2,0.0,0.14690846
DUB|Q96G74|Q86TM6,DUB|Q96G74,DUB,Q96G74,Q86TM6,OTUD5,SYVN1,0,2,0.0,0.16915472
DUB|Q96G74|Q13635,DUB|Q96G74,DUB,Q96G74,Q13635,OTUD5,PTCH1,0,2,0.0,0.25923175
DUB|Q96G74|O75143,DUB|Q96G74,DUB,Q96G74,O75143,OTUD5,ATG13,0,2,0.0,0.8483189
DUB|Q9BXU7|P48764,DUB|Q9BXU7,DUB,Q9BXU7,P48764,USP26,SLC9A3,0,2,0.0,0.7141457
DUB|Q9HBJ7|Q08050,DUB|Q9HBJ7,DUB,Q9HBJ7,Q08050,USP29,FOXM1,0,2,0.0,0.91868347
DUB|Q9UHP3|P30304,DUB|Q9UHP3,DUB,Q9UHP3,P30304,USP25,CDC25A,0,2,0.0,0.891787
DUB|Q9UHP3|P42773,DUB|Q9UHP3,DUB,Q9UHP3,P42773,USP25,CDKN2C,0,2,0.0,0.7764838
DUB|Q9Y5K5|Q4U2R8,DUB|Q9Y5K5,DUB,Q9Y5K5,Q4U2R8,UCHL5,SLC22A6,0,2,0.0,0.121804506
DUB|Q9Y5K5|Q9NYV9,DUB|Q9Y5K5,DUB,Q9Y5K5,Q9NYV9,UCHL5,TAS2R13,0,2,0.0,0.22944064
DUB|Q9Y5K5|P37023,DUB|Q9Y5K5,DUB,Q9Y5K5,P37023,UCHL5,ACVRL1,0,2,0.0,0.87857115
DUB|Q9Y5K5|P36894,DUB|Q9Y5K5,DUB,Q9Y5K5,P36894,UCHL5,BMPR1A,0,2,0.0,0.6924629
DUB|Q9Y5K5|Q92819,DUB|Q9Y5K5,DUB,Q9Y5K5,Q92819,UCHL5,HAS2,0,2,0.0,0.9502684
E3|A6NLU0|P14635,E3|A6NLU0,E3,A6NLU0,P14635,RFPL4A,CCNB1,1,3,1.0,0.45169613
E3|B3SRS0|Q14653,E3|B3SRS0,E3,B3SRS0,Q14653,,IRF3,1,3,1.0,0.26934975
E3|O15304|P98170,E3|O15304,E3,O15304,P98170,SIVA1,XIAP,1,3,1.0,0.72238666
E3|O15304|Q8N726,E3|O15304,E3,O15304,Q8N726,SIVA1,CDKN2A,1,3,1.0,0.61507404
E3|O43164|O43164,E3|O43164,E3,O43164,O43164,PJA2,PJA2,1,3,1.0,0.9827449
E3|O43164|P10644,E3|O43164,E3,O43164,P10644,PJA2,PRKAR1A,1,3,1.0,0.91192913
E3|O43164|P13861,E3|O43164,E3,O43164,P13861,PJA2,PRKAR2A,1,3,1.0,0.5768394
E3|O43164|P31321,E3|O43164,E3,O43164,P31321,PJA2,PRKAR1B,1,3,1.0,0.9402356
E3|O43164|P31323,E3|O43164,E3,O43164,P31323,PJA2,PRKAR2B,1,3,1.0,0.87040174
E3|O43164|Q8IVT5,E3|O43164,E3,O43164,Q8IVT5,PJA2,KSR1,1,3,1.0,0.93185455
E3|O43164|Q9Y4C4,E3|O43164,E3,O43164,Q9Y4C4,PJA2,MFHAS1,1,3,1.0,0.89015824
E3|O43255|O14974,E3|O43255,E3,O43255,O14974,SIAH2,PPP1R12A,1,3,1.0,0.76158607
E3|O43255|O15379,E3|O43255,E3,O43255,O15379,SIAH2,HDAC3,1,3,1.0,0.8740372
E3|O43255|O43597,E3|O43255,E3,O43255,O43597,SIAH2,SPRY2,1,3,1.0,0.29066607
E3|O43255|O75376,E3|O43255,E3,O43255,O75376,SIAH2,NCOR1,1,3,1.0,0.8741195
E3|O43255|O75925,E3|O43255,E3,O43255,O75925,SIAH2,PIAS1,1,3,1.0,0.82397044
E3|O43255|O96017,E3|O43255,E3,O43255,O96017,SIAH2,CHEK2,1,3,1.0,0.80312204
E3|O43255|P04637,E3|O43255,E3,O43255,P04637,SIAH2,TP53,1,3,1.0,0.9211318
E3|O43255|P08247,E3|O43255,E3,O43255,P08247,SIAH2,SYP,1,3,1.0,0.14038624
E3|O43255|P10275,E3|O43255,E3,O43255,P10275,SIAH2,AR,1,3,1.0,0.8998832
E3|O43255|P29590,E3|O43255,E3,O43255,P29590,SIAH2,PML,1,3,1.0,0.8962653
E3|O43255|P37231,E3|O43255,E3,O43255,P37231,SIAH2,PPARG,1,3,1.0,0.88990456
E3|O43255|P37275,E3|O43255,E3,O43255,P37275,SIAH2,ZEB1,1,3,1.0,0.8366925
E3|O43255|P37840,E3|O43255,E3,O43255,P37840,SIAH2,SNCA,1,3,1.0,0.2358835
E3|O43255|P43146,E3|O43255,E3,O43255,P43146,SIAH2,DCC,1,3,1.0,0.758107
E3|O43255|P46527,E3|O43255,E3,O43255,P46527,SIAH2,CDKN1B,1,3,1.0,0.7990242
E3|O43255|P55036,E3|O43255,E3,O43255,P55036,SIAH2,PSMD4,1,3,1.0,0.7952108
E3|O43255|Q12933,E3|O43255,E3,O43255,Q12933,SIAH2,TRAF2,1,3,1.0,0.5186416
E3|O43255|Q13625,E3|O43255,E3,O43255,Q13625,SIAH2,TP53BP2,1,3,1.0,0.4585351
E3|O43255|Q16633,E3|O43255,E3,O43255,Q16633,SIAH2,POU2AF1,1,3,1.0,0.71755373
E3|O43255|Q16656,E3|O43255,E3,O43255,Q16656,SIAH2,NRF1,1,3,1.0,0.8587978
E3|O43255|Q16665,E3|O43255,E3,O43255,Q16665,SIAH2,HIF1A,1,3,1.0,0.8527277
E3|O43255|Q92630,E3|O43255,E3,O43255,Q92630,SIAH2,DYRK2,1,3,1.0,0.53801894
E3|O43255|Q92667,E3|O43255,E3,O43255,Q92667,SIAH2,AKAP1,1,3,1.0,0.26850513
E3|O43255|Q92844,E3|O43255,E3,O43255,Q92844,SIAH2,TANK,1,3,1.0,0.5373566
E3|O43255|Q96B97,E3|O43255,E3,O43255,Q96B97,SIAH2,SH3KBP1,1,3,1.0,0.22954214
E3|O43255|Q96KS0,E3|O43255,E3,O43255,Q96KS0,SIAH2,EGLN2,1,3,1.0,0.7171306
E3|O43255|Q99933,E3|O43255,E3,O43255,Q99933,SIAH2,BAG1,1,3,1.0,0.7008214
E3|O43255|Q9BQF6,E3|O43255,E3,O43255,Q9BQF6,SIAH2,SENP7,1,3,1.0,0.5612214
E3|O43255|Q9BSI4,E3|O43255,E3,O43255,Q9BSI4,SIAH2,TINF2,1,3,1.0,0.691889
E3|O43255|Q9GZT9,E3|O43255,E3,O43255,Q9GZT9,SIAH2,EGLN1,1,3,1.0,0.45960578
E3|O43255|Q9H6Z9,E3|O43255,E3,O43255,Q9H6Z9,SIAH2,EGLN3,1,3,1.0,0.6639851
E3|O43255|Q9NRM7,E3|O43255,E3,O43255,Q9NRM7,SIAH2,LATS2,1,3,1.0,0.37561128
E3|O43255|Q9NS87,E3|O43255,E3,O43255,Q9NS87,SIAH2,KIF15,1,3,1.0,0.8321122
E3|O43255|Q9P212,E3|O43255,E3,O43255,Q9P212,SIAH2,PLCE1,1,3,1.0,0.5918311
E3|O43255|Q9Y6H5,E3|O43255,E3,O43255,Q9Y6H5,SIAH2,SNCAIP,1,3,1.0,0.2164379
E3|O43791|O00330,E3|O43791,E3,O43791,O00330,SPOP,PDHX,1,3,1.0,0.2366611
E3|O43791|O15164,E3|O43791,E3,O43791,O15164,SPOP,TRIM24,1,3,1.0,0.9026477
E3|O43791|O60885,E3|O43791,E3,O43791,O60885,SPOP,BRD4,1,3,1.0,0.8531891
E3|O43791|O75367,E3|O43791,E3,O43791,O75367,SPOP,MACROH2A1,1,3,1.0,0.9285345
E3|O43791|O95835,E3|O43791,E3,O43791,O95835,SPOP,LATS1,1,3,1.0,0.730657
E3|O43791|P03372,E3|O43791,E3,O43791,P03372,SPOP,ESR1,1,3,1.0,0.87763983
E3|O43791|P05412,E3|O43791,E3,O43791,P05412,SPOP,JUN,1,3,1.0,0.8722658
E3|O43791|P06401,E3|O43791,E3,O43791,P06401,SPOP,PGR,1,3,1.0,0.8968592
E3|O43791|P08151,E3|O43791,E3,O43791,P08151,SPOP,GLI1,1,3,1.0,0.8371343
E3|O43791|P10070,E3|O43791,E3,O43791,P10070,SPOP,GLI2,1,3,1.0,0.8861398
E3|O43791|P10071,E3|O43791,E3,O43791,P10071,SPOP,GLI3,1,3,1.0,0.8791858
E3|O43791|P10275,E3|O43791,E3,O43791,P10275,SPOP,AR,1,3,1.0,0.89552957
E3|O43791|P11308,E3|O43791,E3,O43791,P11308,SPOP,ERG,1,3,1.0,0.857289
E3|O43791|P24864,E3|O43791,E3,O43791,P24864,SPOP,CCNE1,1,3,1.0,0.89347357
E3|O43791|P25440,E3|O43791,E3,O43791,P25440,SPOP,BRD2,1,3,1.0,0.7298049
E3|O43791|P35226,E3|O43791,E3,O43791,P35226,SPOP,BMI1,1,3,1.0,0.86446154
E3|O43791|P35659,E3|O43791,E3,O43791,P35659,SPOP,DEK,1,3,1.0,0.8723585
E3|O43791|P49327,E3|O43791,E3,O43791,P49327,SPOP,FASN,1,3,1.0,0.2618455
E3|O43791|P60484,E3|O43791,E3,O43791,P60484,SPOP,PTEN,1,3,1.0,0.69689506
E3|O43791|Q12809,E3|O43791,E3,O43791,Q12809,SPOP,KCNH2,1,3,1.0,0.12202628
E3|O43791|Q12834,E3|O43791,E3,O43791,Q12834,SPOP,CDC20,1,3,1.0,0.82380056
E3|O43791|Q12888,E3|O43791,E3,O43791,Q12888,SPOP,TP53BP1,1,3,1.0,0.88764703
E3|O43791|Q12906,E3|O43791,E3,O43791,Q12906,SPOP,ILF3,1,3,1.0,0.87251765
E3|O43791|Q13158,E3|O43791,E3,O43791,Q13158,SPOP,FADD,1,3,1.0,0.611879
E3|O43791|Q14444,E3|O43791,E3,O43791,Q14444,SPOP,CAPRIN1,1,3,1.0,0.8063013
E3|O43791|Q15059,E3|O43791,E3,O43791,Q15059,SPOP,BRD3,1,3,1.0,0.90454113
E3|O43791|Q16828,E3|O43791,E3,O43791,Q16828,SPOP,DUSP6,1,3,1.0,0.2806634
E3|O43791|Q16829,E3|O43791,E3,O43791,Q16829,SPOP,DUSP7,1,3,1.0,0.44541824
E3|O43791|Q27J81,E3|O43791,E3,O43791,Q27J81,SPOP,INF2,1,3,1.0,0.5134677
E3|O43791|Q49A26,E3|O43791,E3,O43791,Q49A26,SPOP,GLYR1,1,3,1.0,0.89100605
E3|O43791|Q7Z7J5,E3|O43791,E3,O43791,Q7Z7J5,SPOP,DPPA2,1,3,1.0,0.5853615
E3|O43791|Q99836,E3|O43791,E3,O43791,Q99836,SPOP,MYD88,1,3,1.0,0.7152431
E3|O43791|Q9BYW2,E3|O43791,E3,O43791,Q9BYW2,SPOP,SETD2,1,3,1.0,0.8225608
E3|O43791|Q9H2X6,E3|O43791,E3,O43791,Q9H2X6,SPOP,HIPK2,1,3,1.0,0.89068
E3|O43791|Q9H5J0,E3|O43791,E3,O43791,Q9H5J0,SPOP,ZBTB3,1,3,1.0,0.90791243
E3|O43791|Q9H9S0,E3|O43791,E3,O43791,Q9H9S0,SPOP,NANOG,1,3,1.0,0.91086483
E3|O43791|Q9HCU9,E3|O43791,E3,O43791,Q9HCU9,SPOP,BRMS1,1,3,1.0,0.874063
E3|O43791|Q9NZQ7,E3|O43791,E3,O43791,Q9NZQ7,SPOP,CD274,1,3,1.0,0.2937952
E3|O43791|Q9UBN7,E3|O43791,E3,O43791,Q9UBN7,SPOP,HDAC6,1,3,1.0,0.42792618
E3|O43791|Q9UER7,E3|O43791,E3,O43791,Q9UER7,SPOP,DAXX,1,3,1.0,0.8612747
E3|O43791|Q9Y6Q9,E3|O43791,E3,O43791,Q9Y6Q9,SPOP,NCOA3,1,3,1.0,0.9008706
E3|O60291|Q99816,E3|O60291,E3,O60291,Q99816,MGRN1,TSG101,1,3,1.0,0.9078706
E3|O75717|Q15555,E3|O75717,E3,O75717,Q15555,WDHD1,MAPRE2,1,3,1.0,0.73304987
E3|O76064|O14773,E3|O76064,E3,O76064,O14773,RNF8,TPP1,1,3,1.0,0.09521788
E3|O76064|O60934,E3|O76064,E3,O76064,O60934,RNF8,NBN,1,3,1.0,0.9459544
E3|O76064|O75164,E3|O76064,E3,O76064,O75164,RNF8,KDM4A,1,3,1.0,0.9511903
E3|O76064|O76064,E3|O76064,E3,O76064,O76064,RNF8,RNF8,1,3,1.0,0.96642125
E3|O76064|O94761,E3|O76064,E3,O76064,O94761,RNF8,RECQL4,1,3,1.0,0.9178256
E3|O76064|O96017,E3|O76064,E3,O76064,O96017,RNF8,CHEK2,1,3,1.0,0.90372163
E3|O76064|P0C0S8,E3|O76064,E3,O76064,P0C0S8,RNF8,H2AC11,1,3,1.0,0.9108619
E3|O76064|P12004,E3|O76064,E3,O76064,P12004,RNF8,PCNA,1,3,1.0,0.9473563
E3|O76064|P13010,E3|O76064,E3,O76064,P13010,RNF8,XRCC5,1,3,1.0,0.9379463
E3|O76064|P16104,E3|O76064,E3,O76064,P16104,RNF8,H2AFX,1,3,1.0,0.90682274
E3|O76064|P29590,E3|O76064,E3,O76064,P29590,RNF8,PML,1,3,1.0,0.9315466
E3|O76064|P35222,E3|O76064,E3,O76064,P35222,RNF8,CTNNB1,1,3,1.0,0.9014251
E3|O76064|P54132,E3|O76064,E3,O76064,P54132,RNF8,BLM,1,3,1.0,0.943638
E3|O76064|Q15233,E3|O76064,E3,O76064,Q15233,RNF8,NONO,1,3,1.0,0.9494966
E3|O76064|Q16777,E3|O76064,E3,O76064,Q16777,RNF8,H2AC20,1,3,1.0,0.91198575
E3|O76064|Q8IUE6,E3|O76064,E3,O76064,Q8IUE6,RNF8,H2AC21,1,3,1.0,0.77435416
E3|O76064|Q969R5,E3|O76064,E3,O76064,Q969R5,RNF8,L3MBTL2,1,3,1.0,0.94133765
E3|O76064|Q96A08,E3|O76064,E3,O76064,Q96A08,RNF8,H2BC1,1,3,1.0,0.8944056
E3|O76064|Q96FW1,E3|O76064,E3,O76064,Q96FW1,RNF8,OTUB1,1,3,1.0,0.69829166
E3|O76064|Q96QV6,E3|O76064,E3,O76064,Q96QV6,RNF8,HIST1H2AA,1,3,1.0,0.9099044
E3|O76064|Q9HCU8,E3|O76064,E3,O76064,Q9HCU8,RNF8,POLD4,1,3,1.0,0.93545705
E3|O76064|Q9NQR1,E3|O76064,E3,O76064,Q9NQR1,RNF8,KMT5A,1,3,1.0,0.76159585
E3|O92608|Q9Y5J3,E3|O92608,E3,O92608,Q9Y5J3,ORF50,HEY1,1,3,1.0,0.27784172
E3|O94972|O15105,E3|O94972,E3,O94972,O15105,TRIM37,SMAD7,1,3,1.0,0.9045238
E3|O94972|O94972,E3|O94972,E3,O94972,O94972,TRIM37,TRIM37,1,3,1.0,0.9846561
E3|O94972|Q12933,E3|O94972,E3,O94972,Q12933,TRIM37,TRAF2,1,3,1.0,0.88905966
E3|O94972|Q9Y4K3,E3|O94972,E3,O94972,Q9Y4K3,TRIM37,TRAF6,1,3,1.0,0.94951123
E3|O95071|O43313,E3|O95071,E3,O95071,O43313,UBR5,ATMIN,1,3,1.0,0.9447987
E3|O95071|O75469,E3|O95071,E3,O95071,O75469,UBR5,NR1I2,1,3,1.0,0.9426741
E3|O95071|O95071,E3|O95071,E3,O95071,O95071,UBR5,UBR5,1,3,1.0,0.96053934
E3|O95071|O95994,E3|O95071,E3,O95071,O95994,UBR5,AGR2,1,3,1.0,0.14180443
E3|O95071|P01106,E3|O95071,E3,O95071,P01106,UBR5,MYC,1,3,1.0,0.9488869
E3|O95071|P35558,E3|O95071,E3,O95071,P35558,UBR5,PCK1,1,3,1.0,0.15434863
E3|O95071|P42858,E3|O95071,E3,O95071,P42858,UBR5,HTT,1,3,1.0,0.6262503
E3|O95071|P48431,E3|O95071,E3,O95071,P48431,UBR5,SOX2,1,3,1.0,0.93295294
E3|O95071|P49715,E3|O95071,E3,O95071,P49715,UBR5,CEBPA,1,3,1.0,0.9332202
E3|O95071|P50750,E3|O95071,E3,O95071,P50750,UBR5,CDK9,1,3,1.0,0.9569842
E3|O95071|P52907,E3|O95071,E3,O95071,P52907,UBR5,CAPZA1,1,3,1.0,0.8662619
E3|O95071|P67775,E3|O95071,E3,O95071,P67775,UBR5,PPP2CA,1,3,1.0,0.8057731
E3|O95071|Q92547,E3|O95071,E3,O95071,Q92547,UBR5,TOPBP1,1,3,1.0,0.9312762
E3|O95071|Q9BPZ3,E3|O95071,E3,O95071,Q9BPZ3,UBR5,PAIP2,1,3,1.0,0.95384955
E3|O95155|O95997,E3|O95155,E3,O95155,O95997,UBE4B,PTTG1,1,3,1.0,0.5305435
E3|O95155|P04637,E3|O95155,E3,O95155,P04637,UBE4B,TP53,1,3,1.0,0.8361062
E3|O95155|P54252,E3|O95155,E3,O95155,P54252,UBE4B,ATXN3,1,3,1.0,0.51484007
E3|O95155|Q8IWX7,E3|O95155,E3,O95155,Q8IWX7,UBE4B,UNC45B,1,3,1.0,0.44735083
E3|O95155|Q99689,E3|O95155,E3,O95155,Q99689,UBE4B,FEZ1,1,3,1.0,0.70356196
E3|O95376|O95376,E3|O95376,E3,O95376,O95376,ARIH2,ARIH2,1,3,1.0,0.96576357
E3|O95376|Q15653,E3|O95376,E3,O95376,Q15653,ARIH2,NFKBIB,1,3,1.0,0.94272983
E3|O95376|Q99684,E3|O95376,E3,O95376,Q99684,ARIH2,GFI1,1,3,1.0,0.9327536
E3|O95376|Q9HC16,E3|O95376,E3,O95376,Q9HC16,ARIH2,APOBEC3G,1,3,1.0,0.56669927
E3|P06463|P41229,E3|P06463,E3,P06463,P41229,E6,KDM5C,1,3,1.0,0.2823525
E3|P19474|O14920,E3|P19474,E3,P19474,O14920,TRIM21,IKBKB,1,3,1.0,0.8630521
E3|P19474|O95863,E3|P19474,E3,P19474,O95863,TRIM21,SNAI1,1,3,1.0,0.75497615
E3|P19474|P01857,E3|P19474,E3,P19474,P01857,TRIM21,IGHG1,1,3,1.0,0.9563528
E3|P19474|P19474,E3|P19474,E3,P19474,P19474,TRIM21,TRIM21,1,3,1.0,0.9847185
E3|P19474|P34897,E3|P19474,E3,P19474,P34897,TRIM21,SHMT2,1,3,1.0,0.930938
E3|P19474|P35232,E3|P19474,E3,P19474,P35232,TRIM21,PHB,1,3,1.0,0.9624452
E3|P19474|P37198,E3|P19474,E3,P19474,P37198,TRIM21,NUP62,1,3,1.0,0.98282653
E3|P19474|P38936,E3|P19474,E3,P19474,P38936,TRIM21,CDKN1A,1,3,1.0,0.78484845
E3|P19474|P46527,E3|P19474,E3,P19474,P46527,TRIM21,CDKN1B,1,3,1.0,0.9754283
E3|P19474|P49915,E3|P19474,E3,P19474,P49915,TRIM21,GMPS,1,3,1.0,0.7077485
E3|P19474|Q02556,E3|P19474,E3,P19474,Q02556,TRIM21,IRF8,1,3,1.0,0.7124455
E3|P19474|Q04206,E3|P19474,E3,P19474,Q04206,TRIM21,RELA,1,3,1.0,0.84680265
E3|P19474|Q13107,E3|P19474,E3,P19474,Q13107,TRIM21,USP4,1,3,1.0,0.95742214
E3|P19474|Q14653,E3|P19474,E3,P19474,Q14653,TRIM21,IRF3,1,3,1.0,0.9421313
E3|P19474|Q16666,E3|P19474,E3,P19474,Q16666,TRIM21,IFI16,1,3,1.0,0.92546517
E3|P19474|Q2F514,E3|P19474,E3,P19474,Q2F514,TRIM21,X,1,3,1.0,0.2183648
E3|P19474|Q92985,E3|P19474,E3,P19474,Q92985,TRIM21,IRF7,1,3,1.0,0.91727173
E3|P19474|Q9C035,E3|P19474,E3,P19474,Q9C035,TRIM21,TRIM5,1,3,1.0,0.68997544
E3|P19474|Q9H211,E3|P19474,E3,P19474,Q9H211,TRIM21,CDT1,1,3,1.0,0.56432927
E3|P21583|Q9NVF7,E3|P21583,E3,P21583,Q9NVF7,KITLG,FBXO28,1,3,1.0,0.39904693
E3|P35869|P03372,E3|P35869,E3,P35869,P03372,AHR,ESR1,1,3,1.0,0.9457501
E3|P35869|P37231,E3|P35869,E3,P35869,P37231,AHR,PPARG,1,3,1.0,0.9563423
E3|P50876|P00533,E3|P50876,E3,P50876,P00533,RNF144A,EGFR,1,3,1.0,0.83220005
E3|P50876|P54652,E3|P50876,E3,P50876,P54652,RNF144A,HSPA2,1,3,1.0,0.97482264
E3|P50876|P78527,E3|P50876,E3,P50876,P78527,RNF144A,PRKDC,1,3,1.0,0.73683417
E3|Q00987|O14746,E3|Q00987,E3,Q00987,O14746,MDM2,TERT,1,3,1.0,0.58337647
E3|Q00987|O15055,E3|Q00987,E3,Q00987,O15055,MDM2,PER2,1,3,1.0,0.91511357
E3|Q00987|O15145,E3|Q00987,E3,Q00987,O15145,MDM2,ARPC3,1,3,1.0,0.7577216
E3|Q00987|O15151,E3|Q00987,E3,Q00987,O15151,MDM2,MDM4,1,3,1.0,0.94455713
E3|Q00987|O15273,E3|Q00987,E3,Q00987,O15273,MDM2,TCAP,1,3,1.0,0.93364894
E3|Q00987|O15350,E3|Q00987,E3,Q00987,O15350,MDM2,TP73,1,3,1.0,0.9546311
E3|Q00987|O43463,E3|Q00987,E3,Q00987,O43463,MDM2,SUV39H1,1,3,1.0,0.9268279
E3|Q00987|O43524,E3|Q00987,E3,Q00987,O43524,MDM2,FOXO3,1,3,1.0,0.90700537
E3|Q00987|O43602,E3|Q00987,E3,Q00987,O43602,MDM2,DCX,1,3,1.0,0.926469
E3|Q00987|O60381,E3|Q00987,E3,Q00987,O60381,MDM2,HBP1,1,3,1.0,0.93356127
E3|Q00987|O60936,E3|Q00987,E3,Q00987,O60936,MDM2,NOL3,1,3,1.0,0.84157115
E3|Q00987|O75417,E3|Q00987,E3,Q00987,O75417,MDM2,POLQ,1,3,1.0,0.9202071
E3|Q00987|O94916,E3|Q00987,E3,Q00987,O94916,MDM2,NFAT5,1,3,1.0,0.9321955
E3|Q00987|O94992,E3|Q00987,E3,Q00987,O94992,MDM2,HEXIM1,1,3,1.0,0.93200946
E3|Q00987|O95376,E3|Q00987,E3,Q00987,O95376,MDM2,ARIH2,1,3,1.0,0.9260532
E3|Q00987|O95863,E3|Q00987,E3,Q00987,O95863,MDM2,SNAI1,1,3,1.0,0.95236003
E3|Q00987|P00374,E3|Q00987,E3,Q00987,P00374,MDM2,DHFR,1,3,1.0,0.4761027
E3|Q00987|P04150,E3|Q00987,E3,Q00987,P04150,MDM2,NR3C1,1,3,1.0,0.94638413
E3|Q00987|P04637,E3|Q00987,E3,Q00987,P04637,MDM2,TP53,1,3,1.0,0.94842464
E3|Q00987|P06400,E3|Q00987,E3,Q00987,P06400,MDM2,RB1,1,3,1.0,0.94571954
E3|Q00987|P08069,E3|Q00987,E3,Q00987,P08069,MDM2,IGF1R,1,3,1.0,0.10149335
E3|Q00987|P10275,E3|Q00987,E3,Q00987,P10275,MDM2,AR,1,3,1.0,0.9580364
E3|Q00987|P10276,E3|Q00987,E3,Q00987,P10276,MDM2,RARA,1,3,1.0,0.9499697
E3|Q00987|P10914,E3|Q00987,E3,Q00987,P10914,MDM2,IRF1,1,3,1.0,0.95296115
E3|Q00987|P12830,E3|Q00987,E3,Q00987,P12830,MDM2,CDH1,1,3,1.0,0.77378404
E3|Q00987|P12956,E3|Q00987,E3,Q00987,P12956,MDM2,XRCC6,1,3,1.0,0.953617
E3|Q00987|P14316,E3|Q00987,E3,Q00987,P14316,MDM2,IRF2,1,3,1.0,0.9400391
E3|Q00987|P15259,E3|Q00987,E3,Q00987,P15259,MDM2,PGAM2,1,3,1.0,0.2791037
E3|Q00987|P15880,E3|Q00987,E3,Q00987,P15880,MDM2,RPS2,1,3,1.0,0.93948823
E3|Q00987|P18847,E3|Q00987,E3,Q00987,P18847,MDM2,ATF3,1,3,1.0,0.943464
E3|Q00987|P19338,E3|Q00987,E3,Q00987,P19338,MDM2,NCL,1,3,1.0,0.93066186
E3|Q00987|P24522,E3|Q00987,E3,Q00987,P24522,MDM2,GADD45A,1,3,1.0,0.9284081
E3|Q00987|P24864,E3|Q00987,E3,Q00987,P24864,MDM2,CCNE1,1,3,1.0,0.9522039
E3|Q00987|P25098,E3|Q00987,E3,Q00987,P25098,MDM2,ADRBK1,1,3,1.0,0.18324195
E3|Q00987|P27695,E3|Q00987,E3,Q00987,P27695,MDM2,APEX1,1,3,1.0,0.88432765
E3|Q00987|P32121,E3|Q00987,E3,Q00987,P32121,MDM2,ARRB2,1,3,1.0,0.32425067
E3|Q00987|P35568,E3|Q00987,E3,Q00987,P35568,MDM2,IRS1,1,3,1.0,0.30023494
E3|Q00987|P35637,E3|Q00987,E3,Q00987,P35637,MDM2,FUS,1,3,1.0,0.94087297
E3|Q00987|P38936,E3|Q00987,E3,Q00987,P38936,MDM2,CDKN1A,1,3,1.0,0.9610351
E3|Q00987|P40424,E3|Q00987,E3,Q00987,P40424,MDM2,PBX1,1,3,1.0,0.93237776
E3|Q00987|P40763,E3|Q00987,E3,Q00987,P40763,MDM2,STAT3,1,3,1.0,0.9140024
E3|Q00987|P41181,E3|Q00987,E3,Q00987,P41181,MDM2,AQP2,1,3,1.0,0.13948102
E3|Q00987|P46531,E3|Q00987,E3,Q00987,P46531,MDM2,NOTCH1,1,3,1.0,0.561431
E3|Q00987|P46695,E3|Q00987,E3,Q00987,P46695,MDM2,IER3,1,3,1.0,0.3667537
E3|Q00987|P49137,E3|Q00987,E3,Q00987,P49137,MDM2,MAPKAPK2,1,3,1.0,0.9217516
E3|Q00987|P49407,E3|Q00987,E3,Q00987,P49407,MDM2,ARRB1,1,3,1.0,0.2085142
E3|Q00987|P49757,E3|Q00987,E3,Q00987,P49757,MDM2,NUMB,1,3,1.0,0.20189558
E3|Q00987|P55036,E3|Q00987,E3,Q00987,P55036,MDM2,PSMD4,1,3,1.0,0.94491357
E3|Q00987|P61254,E3|Q00987,E3,Q00987,P61254,MDM2,RPL26,1,3,1.0,0.9390485
E3|Q00987|P62979,E3|Q00987,E3,Q00987,P62979,MDM2,RPS27A,1,3,1.0,0.7566717
E3|Q00987|P78352,E3|Q00987,E3,Q00987,P78352,MDM2,DLG4,1,3,1.0,0.121007055
E3|Q00987|P98177,E3|Q00987,E3,Q00987,P98177,MDM2,FOXO4,1,3,1.0,0.764979
E3|Q00987|Q00987,E3|Q00987,E3,Q00987,Q00987,MDM2,MDM2,1,3,1.0,0.96354264
E3|Q00987|Q01094,E3|Q00987,E3,Q00987,Q01094,MDM2,E2F1,1,3,1.0,0.9378191
E3|Q00987|Q08499,E3|Q00987,E3,Q00987,Q08499,MDM2,PDE4D,1,3,1.0,0.63268214
E3|Q00987|Q09472,E3|Q00987,E3,Q00987,Q09472,MDM2,EP300,1,3,1.0,0.94646347
E3|Q00987|Q12778,E3|Q00987,E3,Q00987,Q12778,MDM2,FOXO1,1,3,1.0,0.9416192
E3|Q00987|Q13469,E3|Q00987,E3,Q00987,Q13469,MDM2,NFATC2,1,3,1.0,0.9450234
E3|Q00987|Q13761,E3|Q00987,E3,Q00987,Q13761,MDM2,RUNX3,1,3,1.0,0.9499797
E3|Q00987|Q14191,E3|Q00987,E3,Q00987,Q14191,MDM2,WRN,1,3,1.0,0.94478965
E3|Q00987|Q15334,E3|Q00987,E3,Q00987,Q15334,MDM2,LLGL1,1,3,1.0,0.7346999
E3|Q00987|Q15361,E3|Q00987,E3,Q00987,Q15361,MDM2,TTF1,1,3,1.0,0.92122203
E3|Q00987|Q15466,E3|Q00987,E3,Q00987,Q15466,MDM2,NR0B2,1,3,1.0,0.9491283
E3|Q00987|Q15849,E3|Q00987,E3,Q00987,Q15849,MDM2,SLC14A2,1,3,1.0,0.92495626
E3|Q00987|Q16665,E3|Q00987,E3,Q00987,Q16665,MDM2,HIF1A,1,3,1.0,0.9578117
E3|Q00987|Q16778,E3|Q00987,E3,Q00987,Q16778,MDM2,H2BC21,1,3,1.0,0.9298934
E3|Q00987|Q7LG56,E3|Q00987,E3,Q00987,Q7LG56,MDM2,RRM2B,1,3,1.0,0.5520923
E3|Q00987|Q7Z6Z7,E3|Q00987,E3,Q00987,Q7Z6Z7,MDM2,HUWE1,1,3,1.0,0.8465984
E3|Q00987|Q86Z02,E3|Q00987,E3,Q00987,Q86Z02,MDM2,HIPK1,1,3,1.0,0.9421748
E3|Q00987|Q8N9B5,E3|Q00987,E3,Q00987,Q8N9B5,MDM2,JMY,1,3,1.0,0.9346291
E3|Q00987|Q92630,E3|Q00987,E3,Q00987,Q92630,MDM2,DYRK2,1,3,1.0,0.745832
E3|Q00987|Q92731,E3|Q00987,E3,Q00987,Q92731,MDM2,ESR2,1,3,1.0,0.96007377
E3|Q00987|Q92793,E3|Q00987,E3,Q00987,Q92793,MDM2,CREBBP,1,3,1.0,0.9322375
E3|Q00987|Q92831,E3|Q00987,E3,Q00987,Q92831,MDM2,KAT2B,1,3,1.0,0.95595455
E3|Q00987|Q92993,E3|Q00987,E3,Q00987,Q92993,MDM2,KAT5,1,3,1.0,0.9550839
E3|Q00987|Q96AQ6,E3|Q00987,E3,Q00987,Q96AQ6,MDM2,PBXIP1,1,3,1.0,0.9413549
E3|Q00987|Q9BVP2,E3|Q00987,E3,Q00987,Q9BVP2,MDM2,GNL3,1,3,1.0,0.936787
E3|Q00987|Q9BZS1,E3|Q00987,E3,Q00987,Q9BZS1,MDM2,FOXP3,1,3,1.0,0.9457703
E3|Q00987|Q9GZR7,E3|Q00987,E3,Q00987,Q9GZR7,MDM2,DDX24,1,3,1.0,0.93822825
E3|Q00987|Q9H2X6,E3|Q00987,E3,Q00987,Q9H2X6,MDM2,HIPK2,1,3,1.0,0.9519316
E3|Q00987|Q9UER7,E3|Q00987,E3,Q00987,Q9UER7,MDM2,DAXX,1,3,1.0,0.9508401
E3|Q00987|Q9UHR4,E3|Q00987,E3,Q00987,Q9UHR4,MDM2,BAIAP2L1,1,3,1.0,0.7990107
E3|Q00987|Q9Y2R9,E3|Q00987,E3,Q00987,Q9Y2R9,MDM2,MRPS7,1,3,1.0,0.7898147
E3|Q00987|Q9Y6B2,E3|Q00987,E3,Q00987,Q9Y6B2,MDM2,EID1,1,3,1.0,0.9442404
E3|Q12899|P37275,E3|Q12899,E3,Q12899,P37275,TRIM26,ZEB1,1,3,1.0,0.77741444
E3|Q12899|Q14653,E3|Q12899,E3,Q12899,Q14653,TRIM26,IRF3,1,3,1.0,0.7001492
E3|Q13077|Q99558,E3|Q13077,E3,Q13077,Q99558,TRAF1,MAP3K14,1,3,1.0,0.9518286
E3|Q13263|P04637,E3|Q13263,E3,Q13263,P04637,TRIM28,TP53,1,3,1.0,0.951499
E3|Q13263|P07203,E3|Q13263,E3,Q13263,P07203,TRIM28,GPX1,1,3,1.0,0.5387517
E3|Q13263|P09467,E3|Q13263,E3,Q13263,P09467,TRIM28,FBP1,1,3,1.0,0.9379593
E3|Q13263|Q13131,E3|Q13263,E3,Q13263,Q13131,TRIM28,PRKAA1,1,3,1.0,0.9400516
E3|Q13263|Q92985,E3|Q13263,E3,Q13263,Q92985,TRIM28,IRF7,1,3,1.0,0.9505619
E3|Q13356|O95863,E3|Q13356,E3,Q13356,O95863,PPIL2,SNAI1,1,3,1.0,0.7616709
E3|Q14669|P35712,E3|Q14669,E3,Q14669,P35712,TRIP12,SOX6,1,3,1.0,0.9063266
E3|Q14669|Q13564,E3|Q14669,E3,Q14669,Q13564,TRIP12,NAE1,1,3,1.0,0.37926668
E3|Q14669|Q8N6T3,E3|Q14669,E3,Q14669,Q8N6T3,TRIP12,ARFGAP1,1,3,1.0,0.34735936
E3|Q14669|Q8N726,E3|Q14669,E3,Q14669,Q8N726,TRIP12,CDKN2A,1,3,1.0,0.7027328
E3|Q14669|Q969G3,E3|Q14669,E3,Q14669,Q969G3,TRIP12,SMARCE1,1,3,1.0,0.9186041
E3|Q53G59|O94979,E3|Q53G59,E3,Q53G59,O94979,KLHL12,SEC31A,1,3,1.0,0.8890481
E3|Q53G59|P14635,E3|Q53G59,E3,Q53G59,P14635,KLHL12,CCNB1,1,3,1.0,0.97817254
E3|Q53G59|P21917,E3|Q53G59,E3,Q53G59,P21917,KLHL12,DRD4,1,3,1.0,0.29797155
E3|Q53G59|Q92945,E3|Q53G59,E3,Q53G59,Q92945,KLHL12,KHSRP,1,3,1.0,0.5207412
E3|Q53G59|Q92997,E3|Q53G59,E3,Q53G59,Q92997,KLHL12,DVL3,1,3,1.0,0.6723531
E3|Q53G59|Q9C0E8,E3|Q53G59,E3,Q53G59,Q9C0E8,KLHL12,LNPK,1,3,1.0,0.2986956
E3|Q53G59|Q9NQW1,E3|Q53G59,E3,Q53G59,Q9NQW1,KLHL12,SEC31B,1,3,1.0,0.7994636
E3|Q53G59|Q9UBV8,E3|Q53G59,E3,Q53G59,Q9UBV8,KLHL12,PEF1,1,3,1.0,0.92535555
E3|Q5GLZ8|O95835,E3|Q5GLZ8,E3,Q5GLZ8,O95835,HERC4,LATS1,1,3,1.0,0.7089838
E3|Q5U5Q3|O95786,E3|Q5U5Q3,E3,Q5U5Q3,O95786,MEX3C,DDX58,1,3,1.0,0.71657354
E3|Q5VU92|P03427,E3|Q5VU92,E3,Q5VU92,P03427,DCAF12L1,PB2,1,3,1.0,0.8524233
E3|Q5XPI4|O14641,E3|Q5XPI4,E3,Q5XPI4,O14641,RNF123,DVL2,1,3,1.0,0.7885128
E3|Q5XPI4|P19838,E3|Q5XPI4,E3,Q5XPI4,P19838,RNF123,NFKB1,1,3,1.0,0.9321305
E3|Q5XPI4|P45973,E3|Q5XPI4,E3,Q5XPI4,P45973,RNF123,CBX5,1,3,1.0,0.90728956
E3|Q5XPI4|P46527,E3|Q5XPI4,E3,Q5XPI4,P46527,RNF123,CDKN1B,1,3,1.0,0.91042966
E3|Q5XPI4|P83916,E3|Q5XPI4,E3,Q5XPI4,P83916,RNF123,CBX1,1,3,1.0,0.89283556
E3|Q5XPI4|Q16589,E3|Q5XPI4,E3,Q5XPI4,Q16589,RNF123,CCNG2,1,3,1.0,0.8547429
E3|Q6P050|P35609,E3|Q6P050,E3,Q6P050,P35609,FBXL22,ACTN2,1,3,1.0,0.42109656
E3|Q6P050|Q14315,E3|Q6P050,E3,Q6P050,Q14315,FBXL22,FLNC,1,3,1.0,0.7451022
E3|Q6P3S6|P04637,E3|Q6P3S6,E3,Q6P3S6,P04637,FBXO42,TP53,1,3,1.0,0.8420115
E3|Q6PJ21|O95863,E3|Q6PJ21,E3,Q6PJ21,O95863,SPSB3,SNAI1,1,3,1.0,0.32371438
E3|Q7Z419|O60294,E3|Q7Z419,E3,Q7Z419,O60294,RNF144B,LCMT2,1,3,1.0,0.29213765
E3|Q7Z419|P06748,E3|Q7Z419,E3,Q7Z419,P06748,RNF144B,NPM1,1,3,1.0,0.33885
E3|Q7Z419|P38936,E3|Q7Z419,E3,Q7Z419,P38936,RNF144B,CDKN1A,1,3,1.0,0.21557006
E3|Q7Z419|Q07812,E3|Q7Z419,E3,Q7Z419,Q07812,RNF144B,BAX,1,3,1.0,0.9447659
E3|Q7Z6M2|O00303,E3|Q7Z6M2,E3,Q7Z6M2,O00303,FBXO33,EIF3F,1,3,1.0,0.4751993
E3|Q7Z6M2|P67809,E3|Q7Z6M2,E3,Q7Z6M2,P67809,FBXO33,YBX1,1,3,1.0,0.4512356
E3|Q86UW9|Q86UW9,E3|Q86UW9,E3,Q86UW9,Q86UW9,DTX2,DTX2,1,3,1.0,0.977099
E3|Q86WB0|P14635,E3|Q86WB0,E3,Q86WB0,P14635,ZC3HC1,CCNB1,1,3,1.0,0.899059
E3|Q86Y01|Q13233,E3|Q86Y01,E3,Q86Y01,Q13233,DTX1,MAP3K1,1,3,1.0,0.91993713
E3|Q86Y01|Q86Y01,E3|Q86Y01,E3,Q86Y01,Q86Y01,DTX1,DTX1,1,3,1.0,0.9349275
E3|Q86YT6|O00548,E3|Q86YT6,E3,Q86YT6,O00548,MIB1,DLL1,1,3,1.0,0.30994758
E3|Q86YT6|O15078,E3|Q86YT6,E3,Q86YT6,O15078,MIB1,CEP290,1,3,1.0,0.97428244
E3|Q86YT6|P53355,E3|Q86YT6,E3,Q86YT6,P53355,MIB1,DAPK1,1,3,1.0,0.9819342
E3|Q86YT6|P54132,E3|Q86YT6,E3,Q86YT6,P54132,MIB1,BLM,1,3,1.0,0.44379294
E3|Q86YT6|P78504,E3|Q86YT6,E3,Q86YT6,P78504,MIB1,JAG1,1,3,1.0,0.11390659
E3|Q86YT6|Q15154,E3|Q86YT6,E3,Q86YT6,Q15154,MIB1,PCM1,1,3,1.0,0.9806295
E3|Q86YT6|Q16637,E3|Q86YT6,E3,Q86YT6,Q16637,MIB1,SMN1,1,3,1.0,0.9787982
E3|Q86YT6|Q86YT6,E3|Q86YT6,E3,Q86YT6,Q86YT6,MIB1,MIB1,1,3,1.0,0.9835592
E3|Q86YT6|Q9HCM4,E3|Q86YT6,E3,Q86YT6,Q9HCM4,MIB1,EPB41L5,1,3,1.0,0.9528557
E3|Q86YT6|Q9NR61,E3|Q86YT6,E3,Q86YT6,Q9NR61,MIB1,DLL4,1,3,1.0,0.2184979
E3|Q86YT6|Q9NYJ7,E3|Q86YT6,E3,Q86YT6,Q9NYJ7,MIB1,DLL3,1,3,1.0,0.30013457
E3|Q86YT6|Q9UHD2,E3|Q86YT6,E3,Q86YT6,Q9UHD2,MIB1,TBK1,1,3,1.0,0.8001628
E3|Q86YT6|Q9UNE0,E3|Q86YT6,E3,Q86YT6,Q9UNE0,MIB1,EDAR,1,3,1.0,0.20411891
E3|Q86YT6|Q9UPN4,E3|Q86YT6,E3,Q86YT6,Q9UPN4,MIB1,CEP131,1,3,1.0,0.9809461
E3|Q8N2W9|P14921,E3|Q8N2W9,E3,Q8N2W9,P14921,PIAS4,ETS1,1,3,1.0,0.94954497
E3|Q8N2W9|P25490,E3|Q8N2W9,E3,Q8N2W9,P25490,PIAS4,YY1,1,3,1.0,0.9352721
E3|Q8N6D2|P27449,E3|Q8N6D2,E3,Q8N6D2,P27449,RNF182,ATP6V0C,1,3,1.0,0.7511935
E3|Q8N6D2|Q04206,E3|Q8N6D2,E3,Q8N6D2,Q04206,RNF182,RELA,1,3,1.0,0.20155777
E3|Q8N806|Q14558,E3|Q8N806,E3,Q8N806,Q14558,UBR7,PRPSAP1,1,3,1.0,0.5658808
E3|Q8N9I9|P13010,E3|Q8N9I9,E3,Q8N9I9,P13010,DTX3,XRCC5,1,3,1.0,0.17890145
E3|Q8N9I9|Q04721,E3|Q8N9I9,E3,Q8N9I9,Q04721,DTX3,NOTCH2,1,3,1.0,0.8112504
E3|Q8N9I9|Q8N9I9,E3|Q8N9I9,E3,Q8N9I9,Q8N9I9,DTX3,DTX3,1,3,1.0,0.93854433
E3|Q8NHG8|Q8NHG8,E3|Q8NHG8,E3,Q8NHG8,Q8NHG8,ZNRF2,ZNRF2,1,3,1.0,0.96345896
E3|Q8WV44|O95999,E3|Q8WV44,E3,Q8WV44,O95999,TRIM41,BCL10,1,3,1.0,0.6424174
E3|Q8WV44|P05771,E3|Q8WV44,E3,Q8WV44,P05771,TRIM41,PRKCB,1,3,1.0,0.66657925
E3|Q8WV44|Q02156,E3|Q8WV44,E3,Q8WV44,Q02156,TRIM41,PRKCE,1,3,1.0,0.61156994
E3|Q8WV44|Q8N884,E3|Q8WV44,E3,Q8WV44,Q8N884,TRIM41,CGAS,1,3,1.0,0.4645269
E3|Q8WV44|Q9Y5A6,E3|Q8WV44,E3,Q8WV44,Q9Y5A6,TRIM41,ZSCAN21,1,3,1.0,0.34354687
E3|Q8WVD3|P13010,E3|Q8WVD3,E3,Q8WVD3,P13010,RNF138,XRCC5,1,3,1.0,0.9494265
E3|Q8WVD3|Q8WVD3,E3|Q8WVD3,E3,Q8WVD3,Q8WVD3,RNF138,RNF138,1,3,1.0,0.96794564
E3|Q8WVD3|Q99708,E3|Q8WVD3,E3,Q8WVD3,Q99708,RNF138,RBBP8,1,3,1.0,0.93335557
E3|Q8WVD3|Q9NQB0,E3|Q8WVD3,E3,Q8WVD3,Q9NQB0,RNF138,TCF7L2,1,3,1.0,0.92050683
E3|Q8WVD3|Q9UJU2,E3|Q8WVD3,E3,Q8WVD3,Q9UJU2,RNF138,LEF1,1,3,1.0,0.92228967
E3|Q8WXH5|O75553,E3|Q8WXH5,E3,Q8WXH5,O75553,SOCS4,DAB1,1,3,1.0,0.6157274
E3|Q92844|O95147,E3|Q92844,E3,Q92844,O95147,TANK,DUSP14,1,3,1.0,0.5710796
E3|Q92844|Q13114,E3|Q92844,E3,Q92844,Q13114,TANK,TRAF3,1,3,1.0,0.94517833
E3|Q92844|Q13489,E3|Q92844,E3,Q92844,Q13489,TANK,BIRC3,1,3,1.0,0.960014
E3|Q92844|Q13546,E3|Q92844,E3,Q92844,Q13546,TANK,RIPK1,1,3,1.0,0.88047373
E3|Q92844|Q13601,E3|Q92844,E3,Q92844,Q13601,TANK,KRR1,1,3,1.0,0.8434736
E3|Q92844|Q14164,E3|Q92844,E3,Q92844,Q14164,TANK,IKBKE,1,3,1.0,0.94613343
E3|Q92844|Q15759,E3|Q92844,E3,Q92844,Q15759,TANK,MAPK11,1,3,1.0,0.9007994
E3|Q92844|Q8IUC6,E3|Q92844,E3,Q92844,Q8IUC6,TANK,TICAM1,1,3,1.0,0.9605753
E3|Q92844|Q9BVC4,E3|Q92844,E3,Q92844,Q9BVC4,TANK,MLST8,1,3,1.0,0.93666065
E3|Q969U6|P49815,E3|Q969U6,E3,Q969U6,P49815,FBXW5,TSC2,1,3,1.0,0.5857031
E3|Q969U6|Q12929,E3|Q969U6,E3,Q969U6,Q12929,FBXW5,EPS8,1,3,1.0,0.71210676
E3|Q969U6|Q6UVJ0,E3|Q969U6,E3,Q969U6,Q6UVJ0,FBXW5,SASS6,1,3,1.0,0.54509157
E3|Q969U6|Q96QB1,E3|Q969U6,E3,Q969U6,Q96QB1,FBXW5,DLC1,1,3,1.0,0.8466035
E3|Q969U6|Q9Y238,E3|Q969U6,E3,Q969U6,Q9Y238,FBXW5,DLEC1,1,3,1.0,0.5934207
E3|Q96CS3|P21359,E3|Q96CS3,E3,Q96CS3,P21359,FAF2,NF1,1,3,1.0,0.95501137
E3|Q96EP1|O14965,E3|Q96EP1,E3,Q96EP1,O14965,CHFR,AURKA,1,3,1.0,0.9003332
E3|Q96EP1|P09874,E3|Q96EP1,E3,Q96EP1,P09874,CHFR,PARP1,1,3,1.0,0.93367076
E3|Q96EP1|P51532,E3|Q96EP1,E3,Q96EP1,P51532,CHFR,SMARCA4,1,3,1.0,0.9146399
E3|Q96EP1|P53350,E3|Q96EP1,E3,Q96EP1,P53350,CHFR,PLK1,1,3,1.0,0.8293579
E3|Q96EP1|Q12824,E3|Q96EP1,E3,Q96EP1,Q12824,CHFR,SMARCB1,1,3,1.0,0.9271883
E3|Q96EP1|Q13547,E3|Q96EP1,E3,Q96EP1,Q13547,CHFR,HDAC1,1,3,1.0,0.9194709
E3|Q96EP1|Q14527,E3|Q96EP1,E3,Q96EP1,Q14527,CHFR,HLTF,1,3,1.0,0.93311536
E3|Q96EP1|Q14807,E3|Q96EP1,E3,Q96EP1,Q14807,CHFR,KIF22,1,3,1.0,0.9492496
E3|Q96EP1|Q86WJ1,E3|Q96EP1,E3,Q96EP1,Q86WJ1,CHFR,CHD1L,1,3,1.0,0.9257295
E3|Q96EP1|Q96EP1,E3|Q96EP1,E3,Q96EP1,Q96EP1,CHFR,CHFR,1,3,1.0,0.9649165
E3|Q96EP1|Q96GM5,E3|Q96EP1,E3,Q96EP1,Q96GM5,CHFR,SMARCD1,1,3,1.0,0.9140249
E3|Q96EP1|Q96KB5,E3|Q96EP1,E3,Q96EP1,Q96KB5,CHFR,PBK,1,3,1.0,0.23452848
E3|Q96EQ8|O95786,E3|Q96EQ8,E3,Q96EQ8,O95786,RNF125,DDX58,1,3,1.0,0.7783282
E3|Q96EQ8|P04637,E3|Q96EQ8,E3,Q96EQ8,P04637,RNF125,TP53,1,3,1.0,0.61643577
E3|Q96EQ8|P23458,E3|Q96EQ8,E3,Q96EQ8,P23458,RNF125,JAK1,1,3,1.0,0.8245341
E3|Q96EQ8|Q7Z434,E3|Q96EQ8,E3,Q96EQ8,Q7Z434,RNF125,MAVS,1,3,1.0,0.80093396
E3|Q96EQ8|Q96EQ8,E3|Q96EQ8,E3,Q96EQ8,Q96EQ8,RNF125,RNF125,1,3,1.0,0.9749028
E3|Q96EQ8|Q96P20,E3|Q96EQ8,E3,Q96EQ8,Q96P20,RNF125,NLRP3,1,3,1.0,0.93599653
E3|Q96EQ8|Q9BYX4,E3|Q96EQ8,E3,Q96EQ8,Q9BYX4,RNF125,IFIH1,1,3,1.0,0.58892155
E3|Q96EQ8|Q9HB29,E3|Q96EQ8,E3,Q96EQ8,Q9HB29,RNF125,IL1RL2,1,3,1.0,0.69812787
E3|Q96JP5|P52597,E3|Q96JP5,E3,Q96JP5,P52597,ZFP91,HNRNPF,1,3,1.0,0.8180644
E3|Q96JP5|Q14457,E3|Q96JP5,E3,Q96JP5,Q14457,ZFP91,BECN1,1,3,1.0,0.3896891
E3|Q96JP5|Q99558,E3|Q96JP5,E3,Q96JP5,Q99558,ZFP91,MAP3K14,1,3,1.0,0.78121686
E3|Q96Q27|O75369,E3|Q96Q27,E3,Q96Q27,O75369,ASB2,FLNB,1,3,1.0,0.96696186
E3|Q96Q27|P21333,E3|Q96Q27,E3,Q96Q27,P21333,ASB2,FLNA,1,3,1.0,0.97437036
E3|Q96T88|P04637,E3|Q96T88,E3,Q96T88,P04637,UHRF1,TP53,1,3,1.0,0.94246227
E3|Q96T88|P26358,E3|Q96T88,E3,Q96T88,P26358,UHRF1,DNMT1,1,3,1.0,0.94936603
E3|Q96T88|P29590,E3|Q96T88,E3,Q96T88,P29590,UHRF1,PML,1,3,1.0,0.9363015
E3|Q96T88|P68431,E3|Q96T88,E3,Q96T88,P68431,UHRF1,H3C1,1,3,1.0,0.6506786
E3|Q96T88|Q16778,E3|Q96T88,E3,Q96T88,Q16778,UHRF1,H2BC21,1,3,1.0,0.90639424
E3|Q99496|A6NK89,E3|Q99496,E3,Q99496,A6NK89,RNF2,RASSF10,1,3,1.0,0.9436466
E3|Q99496|O75496,E3|Q99496,E3,Q99496,O75496,RNF2,GMNN,1,3,1.0,0.94349325
E3|Q99496|P0C0S5,E3|Q99496,E3,Q99496,P0C0S5,RNF2,H2AZ1,1,3,1.0,0.9045129
E3|Q99496|P0C0S8,E3|Q99496,E3,Q99496,P0C0S8,RNF2,H2AC11,1,3,1.0,0.93883973
E3|Q99496|P16104,E3|Q99496,E3,Q99496,P16104,RNF2,H2AX,1,3,1.0,0.929426
E3|Q99496|P23921,E3|Q99496,E3,Q99496,P23921,RNF2,RRM1,1,3,1.0,0.30026558
E3|Q99496|Q16777,E3|Q99496,E3,Q99496,Q16777,RNF2,H2AC20,1,3,1.0,0.9357417
E3|Q99496|Q6FI13,E3|Q99496,E3,Q99496,Q6FI13,RNF2,H2AC18,1,3,1.0,0.9333208
E3|Q99496|Q8N488,E3|Q99496,E3,Q99496,Q8N488,RNF2,RYBP,1,3,1.0,0.9607574
E3|Q99496|Q99496,E3|Q99496,E3,Q99496,Q99496,RNF2,RNF2,1,3,1.0,0.96829784
E3|Q99496|Q9C0C7,E3|Q99496,E3,Q99496,Q9C0C7,RNF2,AMBRA1,1,3,1.0,0.88118815
E3|Q99675|P00533,E3|Q99675,E3,Q99675,P00533,CGRRF1,EGFR,1,3,1.0,0.9206628
E3|Q99675|Q5T9L3,E3|Q99675,E3,Q99675,Q5T9L3,CGRRF1,WLS,1,3,1.0,0.9283945
E3|Q9BSM1|P0C0S8,E3|Q9BSM1,E3,Q9BSM1,P0C0S8,PCGF1,H2AC11,1,3,1.0,0.9244833
E3|Q9BUZ4|O14757,E3|Q9BUZ4,E3,Q9BUZ4,O14757,TRAF4,CHEK1,1,3,1.0,0.973835
E3|Q9BUZ4|P04629,E3|Q9BUZ4,E3,Q9BUZ4,P04629,TRAF4,NTRK1,1,3,1.0,0.9565462
E3|Q9BUZ4|P31749,E3|Q9BUZ4,E3,Q9BUZ4,P31749,TRAF4,AKT1,1,3,1.0,0.9710978
E3|Q9BUZ4|P35568,E3|Q9BUZ4,E3,Q9BUZ4,P35568,TRAF4,IRS1,1,3,1.0,0.843937
E3|Q9BUZ4|Q9HAU4,E3|Q9BUZ4,E3,Q9BUZ4,Q9HAU4,TRAF4,SMURF2,1,3,1.0,0.9688029
E3|Q9BV68|P00533,E3|Q9BV68,E3,Q9BV68,P00533,RNF126,EGFR,1,3,1.0,0.24376146
E3|Q9BV68|P04637,E3|Q9BV68,E3,Q9BV68,P04637,RNF126,TP53,1,3,1.0,0.8587227
E3|Q9BV68|P08581,E3|Q9BV68,E3,Q9BV68,P08581,RNF126,MET,1,3,1.0,0.11719041
E3|Q9BV68|P36888,E3|Q9BV68,E3,Q9BV68,P36888,RNF126,FLT3,1,3,1.0,0.1815733
E3|Q9BV68|P38936,E3|Q9BV68,E3,Q9BV68,P38936,RNF126,CDKN1A,1,3,1.0,0.84431857
E3|Q9BV68|P60484,E3|Q9BV68,E3,Q9BV68,P60484,RNF126,PTEN,1,3,1.0,0.68980575
E3|Q9BV68|P61073,E3|Q9BV68,E3,Q9BV68,P61073,RNF126,CXCR4,1,3,1.0,0.1319618
E3|Q9BV68|Q9GZX7,E3|Q9BV68,E3,Q9BV68,Q9GZX7,RNF126,AICDA,1,3,1.0,0.7533206
E3|Q9BWF2|Q14678,E3|Q9BWF2,E3,Q9BWF2,Q14678,TRAIP,KANK1,1,3,1.0,0.6750261
E3|Q9C040|O43521,E3|Q9C040,E3,Q9C040,O43521,TRIM2,BCL2L11,1,3,1.0,0.42173424
E3|Q9C040|P07196,E3|Q9C040,E3,Q9C040,P07196,TRIM2,NEFL,1,3,1.0,0.73167354
E3|Q9H0F6|P46937,E3|Q9H0F6,E3,Q9H0F6,P46937,SHARPIN,YAP1,1,3,1.0,0.84486467
E3|Q9H0H3|Q13541,E3|Q9H0H3,E3,Q9H0H3,Q13541,KLHL25,EIF4EBP1,1,3,1.0,0.72117275
E3|Q9H4M3|P38398,E3|Q9H4M3,E3,Q9H4M3,P38398,FBXO44,BRCA1,1,3,1.0,0.7026073
E3|Q9H4M3|Q9UPW8,E3|Q9H4M3,E3,Q9H4M3,Q9UPW8,FBXO44,UNC13A,1,3,1.0,0.66124773
E3|Q9H4P4|O60260,E3|Q9H4P4,E3,Q9H4P4,O60260,RNF41,PARK2,1,3,1.0,0.37205994
E3|Q9H4P4|P11678,E3|Q9H4P4,E3,Q9H4P4,P11678,RNF41,EPX,1,3,1.0,0.22713968
E3|Q9H4P4|P17676,E3|Q9H4P4,E3,Q9H4P4,P17676,RNF41,CEBPB,1,3,1.0,0.11564677
E3|Q9H4P4|P21860,E3|Q9H4P4,E3,Q9H4P4,P21860,RNF41,ERBB3,1,3,1.0,0.59267217
E3|Q9H4P4|P43403,E3|Q9H4P4,E3,Q9H4P4,P43403,RNF41,ZAP70,1,3,1.0,0.77311146
E3|Q9H4P4|Q14653,E3|Q9H4P4,E3,Q9H4P4,Q14653,RNF41,IRF3,1,3,1.0,0.4882686
E3|Q9H4P4|Q15303,E3|Q9H4P4,E3,Q9H4P4,Q15303,RNF41,ERBB4,1,3,1.0,0.75703216
E3|Q9H4P4|Q6NUN9,E3|Q9H4P4,E3,Q9H4P4,Q6NUN9,RNF41,ZNF746,1,3,1.0,0.1223101
E3|Q9H4P4|Q99836,E3|Q9H4P4,E3,Q9H4P4,Q99836,RNF41,MYD88,1,3,1.0,0.34334287
E3|Q9H4P4|Q9H4P4,E3|Q9H4P4,E3,Q9H4P4,Q9H4P4,RNF41,RNF41,1,3,1.0,0.8966395
E3|Q9H4P4|Q9HB71,E3|Q9H4P4,E3,Q9H4P4,Q9HB71,RNF41,CACYBP,1,3,1.0,0.63603944
E3|Q9H4P4|Q9NR09,E3|Q9H4P4,E3,Q9H4P4,Q9NR09,RNF41,BIRC6,1,3,1.0,0.24809389
E3|Q9H4P4|Q9UHD2,E3|Q9H4P4,E3,Q9H4P4,Q9UHD2,RNF41,TBK1,1,3,1.0,0.36581606
E3|Q9NSE2|O43521,E3|Q9NSE2,E3,Q9NSE2,O43521,CISH,BCL2L11,1,3,1.0,0.46873987
E3|Q9NW38|P35222,E3|Q9NW38,E3,Q9NW38,P35222,FANCL,CTNNB1,1,3,1.0,0.6921968
E3|Q9NW38|Q9BXW9,E3|Q9NW38,E3,Q9NW38,Q9BXW9,FANCL,FANCD2,1,3,1.0,0.74991524
E3|Q9NW38|Q9NVI1,E3|Q9NW38,E3,Q9NW38,Q9NVI1,FANCL,FANCI,1,3,1.0,0.43557805
E3|Q9NXI6|P58004,E3|Q9NXI6,E3,Q9NXI6,P58004,RNF186,SESN2,1,3,1.0,0.22063977
E3|Q9NXK8|P13010,E3|Q9NXK8,E3,Q9NXK8,P13010,FBXL12,XRCC5,1,3,1.0,0.89306235
E3|Q9NXK8|P30838,E3|Q9NXK8,E3,Q9NXK8,P30838,FBXL12,ALDH3A1,1,3,1.0,0.5693958
E3|Q9NXK8|P49918,E3|Q9NXK8,E3,Q9NXK8,P49918,FBXL12,CDKN1C,1,3,1.0,0.5388499
E3|Q9NXK8|Q14012,E3|Q9NXK8,E3,Q9NXK8,Q14012,FBXL12,CAMK1,1,3,1.0,0.8661217
E3|Q9NXK8|Q96RR4,E3|Q9NXK8,E3,Q9NXK8,Q96RR4,FBXL12,CAMKK2,1,3,1.0,0.6029974
E3|Q9NYG5|O75496,E3|Q9NYG5,E3,Q9NYG5,O75496,ANAPC11,GMNN,1,3,1.0,0.7648086
E3|Q9NYG5|O95997,E3|Q9NYG5,E3,Q9NYG5,O95997,ANAPC11,PTTG1,1,3,1.0,0.46912155
E3|Q9NYG5|P14635,E3|Q9NYG5,E3,Q9NYG5,P14635,ANAPC11,CCNB1,1,3,1.0,0.821423
E3|Q9NYG5|Q9NQW6,E3|Q9NYG5,E3,Q9NYG5,Q9NQW6,ANAPC11,ANLN,1,3,1.0,0.4385263
E3|Q9P0P0|P03372,E3|Q9P0P0,E3,Q9P0P0,P03372,RNF181,ESR1,1,3,1.0,0.88621384
E3|Q9P0P0|P08514,E3|Q9P0P0,E3,Q9P0P0,P08514,RNF181,ITGA2B,1,3,1.0,0.09910574
E3|Q9P0P0|Q9P0P0,E3|Q9P0P0,E3,Q9P0P0,Q9P0P0,RNF181,RNF181,1,3,1.0,0.9503841
E3|Q9UBS8|Q9UBS8,E3|Q9UBS8,E3,Q9UBS8,Q9UBS8,RNF14,RNF14,1,3,1.0,0.9702956
E3|Q9UF56|O14867,E3|Q9UF56,E3,Q9UF56,O14867,FBXL17,BACH1,1,3,1.0,0.7198074
E3|Q9UF56|Q9BX63,E3|Q9UF56,E3,Q9UF56,Q9BX63,FBXL17,BRIP1,1,3,1.0,0.82331353
E3|Q9UF56|Q9UMX1,E3|Q9UF56,E3,Q9UF56,Q9UMX1,FBXL17,SUFU,1,3,1.0,0.8055545
E3|Q9UK22|P02765,E3|Q9UK22,E3,Q9UK22,P02765,FBXO2,AHSG,1,3,1.0,0.36509857
E3|Q9UK22|P05556,E3|Q9UK22,E3,Q9UK22,P05556,FBXO2,ITGB1,1,3,1.0,0.5607492
E3|Q9UK22|P10193,E3|Q9UK22,E3,Q9UK22,P10193,FBXO2,UL9,1,3,1.0,0.099030204
E3|Q9UK22|P29033,E3|Q9UK22,E3,Q9UK22,P29033,FBXO2,GJB2,1,3,1.0,0.5187523
E3|Q9UK22|P35555,E3|Q9UK22,E3,Q9UK22,P35555,FBXO2,FBN1,1,3,1.0,0.49906844
E3|Q9UK22|P56817,E3|Q9UK22,E3,Q9UK22,P56817,FBXO2,BACE1,1,3,1.0,0.66459906
E3|Q9UK22|P78324,E3|Q9UK22,E3,Q9UK22,P78324,FBXO2,SIRPA,1,3,1.0,0.70734257
E3|Q9UK22|Q05586,E3|Q9UK22,E3,Q9UK22,Q05586,FBXO2,GRIN1,1,3,1.0,0.61663795
E3|Q9UK22|Q9UHB4,E3|Q9UK22,E3,Q9UK22,Q9UHB4,FBXO2,NDOR1,1,3,1.0,0.1699172
E3|Q9UK22|Q9UNE7,E3|Q9UK22,E3,Q9UK22,Q9UNE7,FBXO2,STUB1,1,3,1.0,0.36141336
E3|Q9UK96|P10415,E3|Q9UK96,E3,Q9UK96,P10415,FBXO10,BCL2,1,3,1.0,0.4462826
E3|Q9UK97|O43156,E3|Q9UK97,E3,Q9UK97,O43156,FBXO9,TTI1,1,3,1.0,0.22620325
E3|Q9UK97|Q9H2A3,E3|Q9UK97,E3,Q9UK97,Q9H2A3,FBXO9,NEUROG2,1,3,1.0,0.83263063
E3|Q9UK97|Q9Y4R8,E3|Q9UK97,E3,Q9UK97,Q9Y4R8,FBXO9,TELO2,1,3,1.0,0.40236878
E3|Q9UKV5|O15503,E3|Q9UKV5,E3,Q9UKV5,O15503,AMFR,INSIG1,1,3,1.0,0.9330878
E3|Q9UKV5|O95140,E3|Q9UKV5,E3,Q9UKV5,O95140,AMFR,MFN2,1,3,1.0,0.68565214
E3|Q9UKV5|P00441,E3|Q9UKV5,E3,Q9UKV5,P00441,AMFR,SOD1,1,3,1.0,0.58344156
E3|Q9UKV5|P01009,E3|Q9UKV5,E3,Q9UKV5,P01009,AMFR,SERPINA1,1,3,1.0,0.8683615
E3|Q9UKV5|P04035,E3|Q9UKV5,E3,Q9UKV5,P04035,AMFR,HMGCR,1,3,1.0,0.94155043
E3|Q9UKV5|P04114,E3|Q9UKV5,E3,Q9UKV5,P04114,AMFR,APOB,1,3,1.0,0.8840044
E3|Q9UKV5|P04234,E3|Q9UKV5,E3,Q9UKV5,P04234,AMFR,CD3D,1,3,1.0,0.9098465
E3|Q9UKV5|P08034,E3|Q9UKV5,E3,Q9UKV5,P08034,AMFR,GJB1,1,3,1.0,0.9010265
E3|Q9UKV5|P08684,E3|Q9UKV5,E3,Q9UKV5,P08684,AMFR,CYP3A4,1,3,1.0,0.93421936
E3|Q9UKV5|P11441,E3|Q9UKV5,E3,Q9UKV5,P11441,AMFR,UBL4A,1,3,1.0,0.09989986
E3|Q9UKV5|P13569,E3|Q9UKV5,E3,Q9UKV5,P13569,AMFR,CFTR,1,3,1.0,0.90478724
E3|Q9UKV5|P27701,E3|Q9UKV5,E3,Q9UKV5,P27701,AMFR,CD82,1,3,1.0,0.932199
E3|Q9UKV5|Q15011,E3|Q9UKV5,E3,Q9UKV5,Q15011,AMFR,HERPUD1,1,3,1.0,0.91844124
E3|Q9UKV5|Q8IWA4,E3|Q9UKV5,E3,Q9UKV5,Q8IWA4,AMFR,MFN1,1,3,1.0,0.7118094
E3|Q9UKV5|Q99574,E3|Q9UKV5,E3,Q9UKV5,Q99574,AMFR,SERPINI1,1,3,1.0,0.9081684
E3|Q9UM11|O00429,E3|Q9UM11,E3,Q9UM11,O00429,FZR1,DNM1L,1,3,1.0,0.24595372
E3|Q9UM11|O00716,E3|Q9UM11,E3,Q9UM11,O00716,FZR1,E2F3,1,3,1.0,0.903645
E3|Q9UM11|O14777,E3|Q9UM11,E3,Q9UM11,O14777,FZR1,NDC80,1,3,1.0,0.5576257
E3|Q9UM11|O14965,E3|Q9UM11,E3,Q9UM11,O14965,FZR1,AURKA,1,3,1.0,0.8750849
E3|Q9UM11|O43474,E3|Q9UM11,E3,Q9UM11,O43474,FZR1,KLF4,1,3,1.0,0.9130073
E3|Q9UM11|O43683,E3|Q9UM11,E3,Q9UM11,O43683,FZR1,BUB1,1,3,1.0,0.8377432
E3|Q9UM11|O60313,E3|Q9UM11,E3,Q9UM11,O60313,FZR1,OPA1,1,3,1.0,0.20683523
E3|Q9UM11|O60566,E3|Q9UM11,E3,Q9UM11,O60566,FZR1,BUB1B,1,3,1.0,0.79342186
E3|Q9UM11|O75496,E3|Q9UM11,E3,Q9UM11,O75496,FZR1,GMNN,1,3,1.0,0.88237774
E3|Q9UM11|O94782,E3|Q9UM11,E3,Q9UM11,O94782,FZR1,USP1,1,3,1.0,0.9030214
E3|Q9UM11|O95997,E3|Q9UM11,E3,Q9UM11,O95997,FZR1,PTTG1,1,3,1.0,0.752314
E3|Q9UM11|P04183,E3|Q9UM11,E3,Q9UM11,P04183,FZR1,TK1,1,3,1.0,0.56699187
E3|Q9UM11|P12757,E3|Q9UM11,E3,Q9UM11,P12757,FZR1,SKIL,1,3,1.0,0.93558264
E3|Q9UM11|P13349,E3|Q9UM11,E3,Q9UM11,P13349,FZR1,MYF5,1,3,1.0,0.8021739
E3|Q9UM11|P14635,E3|Q9UM11,E3,Q9UM11,P14635,FZR1,CCNB1,1,3,1.0,0.900718
E3|Q9UM11|P16284,E3|Q9UM11,E3,Q9UM11,P16284,FZR1,PECAM1,1,3,1.0,0.12981102
E3|Q9UM11|P20248,E3|Q9UM11,E3,Q9UM11,P20248,FZR1,CCNA2,1,3,1.0,0.8547878
E3|Q9UM11|P23760,E3|Q9UM11,E3,Q9UM11,P23760,FZR1,PAX3,1,3,1.0,0.8575562
E3|Q9UM11|P23919,E3|Q9UM11,E3,Q9UM11,P23919,FZR1,DTYMK,1,3,1.0,0.5957013
E3|Q9UM11|P26358,E3|Q9UM11,E3,Q9UM11,P26358,FZR1,DNMT1,1,3,1.0,0.8731037
E3|Q9UM11|P30304,E3|Q9UM11,E3,Q9UM11,P30304,FZR1,CDC25A,1,3,1.0,0.9015035
E3|Q9UM11|P41134,E3|Q9UM11,E3,Q9UM11,P41134,FZR1,ID1,1,3,1.0,0.8819187
E3|Q9UM11|P45983,E3|Q9UM11,E3,Q9UM11,P45983,FZR1,MAPK8,1,3,1.0,0.52435696
E3|Q9UM11|P45984,E3|Q9UM11,E3,Q9UM11,P45984,FZR1,MAPK9,1,3,1.0,0.84151214
E3|Q9UM11|P48431,E3|Q9UM11,E3,Q9UM11,P48431,FZR1,SOX2,1,3,1.0,0.91261494
E3|Q9UM11|P51955,E3|Q9UM11,E3,Q9UM11,P51955,FZR1,NEK2,1,3,1.0,0.58419186
E3|Q9UM11|P53350,E3|Q9UM11,E3,Q9UM11,P53350,FZR1,PLK1,1,3,1.0,0.7457029
E3|Q9UM11|P53779,E3|Q9UM11,E3,Q9UM11,P53779,FZR1,MAPK10,1,3,1.0,0.73758054
E3|Q9UM11|P55290,E3|Q9UM11,E3,Q9UM11,P55290,FZR1,CDH13,1,3,1.0,0.3145422
E3|Q9UM11|Q00059,E3|Q9UM11,E3,Q9UM11,Q00059,FZR1,TFAM,1,3,1.0,0.60123324
E3|Q9UM11|Q01094,E3|Q9UM11,E3,Q9UM11,Q01094,FZR1,E2F1,1,3,1.0,0.882823
E3|Q9UM11|Q01196,E3|Q9UM11,E3,Q9UM11,Q01196,FZR1,RUNX1,1,3,1.0,0.89018977
E3|Q9UM11|Q02363,E3|Q9UM11,E3,Q9UM11,Q02363,FZR1,ID2,1,3,1.0,0.85709137
E3|Q9UM11|Q08050,E3|Q9UM11,E3,Q9UM11,Q08050,FZR1,FOXM1,1,3,1.0,0.9258657
E3|Q9UM11|Q12834,E3|Q9UM11,E3,Q9UM11,Q12834,FZR1,CDC20,1,3,1.0,0.87306625
E3|Q9UM11|Q13309,E3|Q9UM11,E3,Q9UM11,Q13309,FZR1,SKP2,1,3,1.0,0.91445357
E3|Q9UM11|Q14511,E3|Q9UM11,E3,Q9UM11,Q14511,FZR1,NEDD9,1,3,1.0,0.61456156
E3|Q9UM11|Q15004,E3|Q9UM11,E3,Q9UM11,Q15004,FZR1,PCLAF,1,3,1.0,0.5681507
E3|Q9UM11|Q15468,E3|Q9UM11,E3,Q9UM11,Q15468,FZR1,STIL,1,3,1.0,0.8177528
E3|Q9UM11|Q16875,E3|Q9UM11,E3,Q9UM11,Q16875,FZR1,PFKFB3,1,3,1.0,0.20204672
E3|Q9UM11|Q5FBB7,E3|Q9UM11,E3,Q9UM11,Q5FBB7,FZR1,SGOL1,1,3,1.0,0.80626327
E3|Q9UM11|Q6UVJ0,E3|Q9UM11,E3,Q9UM11,Q6UVJ0,FZR1,SASS6,1,3,1.0,0.66282177
E3|Q9UM11|Q86WB0,E3|Q9UM11,E3,Q9UM11,Q86WB0,FZR1,ZC3HC1,1,3,1.0,0.42819023
E3|Q9UM11|Q8IWA4,E3|Q9UM11,E3,Q9UM11,Q8IWA4,FZR1,MFN1,1,3,1.0,0.0946908
E3|Q9UM11|Q8WWK9,E3|Q9UM11,E3,Q9UM11,Q8WWK9,FZR1,CKAP2,1,3,1.0,0.49050507
E3|Q9UM11|Q96BY2,E3|Q9UM11,E3,Q9UM11,Q96BY2,FZR1,MOAP1,1,3,1.0,0.31687322
E3|Q9UM11|Q96C86,E3|Q9UM11,E3,Q9UM11,Q96C86,FZR1,DCPS,1,3,1.0,0.74831975
E3|Q9UM11|Q96GD4,E3|Q9UM11,E3,Q9UM11,Q96GD4,FZR1,AURKB,1,3,1.0,0.68439436
E3|Q9UM11|Q99708,E3|Q9UM11,E3,Q9UM11,Q99708,FZR1,RBBP8,1,3,1.0,0.9024982
E3|Q9UM11|Q99741,E3|Q9UM11,E3,Q9UM11,Q99741,FZR1,CDC6,1,3,1.0,0.8772178
E3|Q9UM11|Q9BXS6,E3|Q9UM11,E3,Q9UM11,Q9BXS6,FZR1,NUSAP1,1,3,1.0,0.8354139
E3|Q9UM11|Q9HAW4,E3|Q9UM11,E3,Q9UM11,Q9HAW4,FZR1,CLSPN,1,3,1.0,0.89572567
E3|Q9UM11|Q9NQW6,E3|Q9UM11,E3,Q9UM11,Q9NQW6,FZR1,ANLN,1,3,1.0,0.74704975
E3|Q9UM11|Q9NRM7,E3|Q9UM11,E3,Q9UM11,Q9NRM7,FZR1,LATS2,1,3,1.0,0.45587683
E3|Q9UM11|Q9P2P5,E3|Q9UM11,E3,Q9UM11,Q9P2P5,FZR1,HECW2,1,3,1.0,0.8284119
E3|Q9UM11|Q9ULW0,E3|Q9UM11,E3,Q9UM11,Q9ULW0,FZR1,TPX2,1,3,1.0,0.83092695
E3|Q9UM11|Q9Y4A5,E3|Q9UM11,E3,Q9UM11,Q9Y4A5,FZR1,TRRAP,1,3,1.0,0.83056486
E3|Q9Y2M5|O15085,E3|Q9Y2M5,E3,Q9Y2M5,O15085,KLHL20,ARHGEF11,1,3,1.0,0.39741406
E3|Q9Y2M5|O75385,E3|Q9Y2M5,E3,Q9Y2M5,O75385,KLHL20,ULK1,1,3,1.0,0.39016956
E3|Q9Y2M5|P29590,E3|Q9Y2M5,E3,Q9Y2M5,P29590,KLHL20,PML,1,3,1.0,0.9178916
E3|Q9Y2M5|P53355,E3|Q9Y2M5,E3,Q9Y2M5,P53355,KLHL20,DAPK1,1,3,1.0,0.95625865
E3|Q9Y2M5|P57737,E3|Q9Y2M5,E3,Q9Y2M5,P57737,KLHL20,CORO7,1,3,1.0,0.90563196
E3|Q9Y2M5|Q14457,E3|Q9Y2M5,E3,Q9Y2M5,Q14457,KLHL20,BECN1,1,3,1.0,0.93856746
E3|Q9Y2M5|Q8NEB9,E3|Q9Y2M5,E3,Q9Y2M5,Q8NEB9,KLHL20,PIK3C3,1,3,1.0,0.8480158
E3|Q9Y4L5|P00533,E3|Q9Y4L5,E3,Q9Y4L5,P00533,RNF115,EGFR,1,3,1.0,0.96475315
E3|Q9Y4L5|P08581,E3|Q9Y4L5,E3,Q9Y4L5,P08581,RNF115,MET,1,3,1.0,0.9079512
E3|Q9Y4L5|P36888,E3|Q9Y4L5,E3,Q9Y4L5,P36888,RNF115,FLT3,1,3,1.0,0.94345355
E3|Q9Y4L5|P61073,E3|Q9Y4L5,E3,Q9Y4L5,P61073,RNF115,CXCR4,1,3,1.0,0.9463326
E3|Q9Y4L5|Q7Z434,E3|Q9Y4L5,E3,Q9Y4L5,Q7Z434,RNF115,MAVS,1,3,1.0,0.89584637
E3|Q9Y4L5|Q9Y4L5,E3|Q9Y4L5,E3,Q9Y4L5,Q9Y4L5,RNF115,RNF115,1,3,1.0,0.9735704
DUB|A6NNY8|O43521,DUB|A6NNY8,DUB,A6NNY8,O43521,USP27X,BCL2L11,1,3,1.0,0.45545518
DUB|A6NNY8|O95786,DUB|A6NNY8,DUB,A6NNY8,O95786,USP27X,DDX58,1,3,1.0,0.82231057
DUB|A6NNY8|O95863,DUB|A6NNY8,DUB,A6NNY8,O95863,USP27X,SNAI1,1,3,1.0,0.7207456
DUB|A6NNY8|P62807,DUB|A6NNY8,DUB,A6NNY8,P62807,USP27X,HIST1H2BI,1,3,1.0,0.84646606
DUB|A6NNY8|Q14469,DUB|A6NNY8,DUB,A6NNY8,Q14469,USP27X,HES1,1,3,1.0,0.7171773
DUB|O00507|Q13485,DUB|O00507,DUB,O00507,Q13485,USP9Y,SMAD4,1,3,1.0,0.56755716
DUB|O95630|P00533,DUB|O95630,DUB,O95630,P00533,STAMBP,EGFR,1,3,1.0,0.97233754
DUB|O95630|P17302,DUB|O95630,DUB,O95630,P17302,STAMBP,GJA1,1,3,1.0,0.9587911
DUB|O95630|P55085,DUB|O95630,DUB,O95630,P55085,STAMBP,F2RL1,1,3,1.0,0.923411
DUB|P09936|P04637,DUB|P09936,DUB,P09936,P04637,UCHL1,TP53,1,3,1.0,0.867679
DUB|P09936|P05231,DUB|P09936,DUB,P09936,P05231,UCHL1,IL6,1,3,1.0,0.6896957
DUB|P09936|P09936,DUB|P09936,DUB,P09936,P09936,UCHL1,UCHL1,1,3,1.0,0.9761559
DUB|P09936|P10145,DUB|P09936,DUB,P09936,P10145,UCHL1,CXCL8,1,3,1.0,0.26471865
DUB|P09936|P10636,DUB|P09936,DUB,P09936,P10636,UCHL1,MAPT,1,3,1.0,0.97703403
DUB|P09936|P19838,DUB|P09936,DUB,P09936,P19838,UCHL1,NFKB1,1,3,1.0,0.27182612
DUB|P09936|P25963,DUB|P09936,DUB,P09936,P25963,UCHL1,NFKBIA,1,3,1.0,0.43859947
DUB|P09936|P36897,DUB|P09936,DUB,P09936,P36897,UCHL1,TGFBR1,1,3,1.0,0.7479406
DUB|P09936|P37840,DUB|P09936,DUB,P09936,P37840,UCHL1,SNCA,1,3,1.0,0.8842515
DUB|P09936|P84022,DUB|P09936,DUB,P09936,P84022,UCHL1,SMAD3,1,3,1.0,0.5519583
DUB|P09936|Q15796,DUB|P09936,DUB,P09936,Q15796,UCHL1,SMAD2,1,3,1.0,0.5863014
DUB|P09936|Q16620,DUB|P09936,DUB,P09936,Q16620,UCHL1,NTRK2,1,3,1.0,0.53013253
DUB|P09936|Q16665,DUB|P09936,DUB,P09936,Q16665,UCHL1,HIF1A,1,3,1.0,0.47766623
DUB|P09936|Q92905,DUB|P09936,DUB,P09936,Q92905,UCHL1,COPS5,1,3,1.0,0.80122715
DUB|P09936|Q9GZV3,DUB|P09936,DUB,P09936,Q9GZV3,UCHL1,SLC5A7,1,3,1.0,0.9477566
DUB|P09936|Q9NPH5,DUB|P09936,DUB,P09936,Q9NPH5,UCHL1,NOX4,1,3,1.0,0.77983946
DUB|P09936|Q9UBN7,DUB|P09936,DUB,P09936,Q9UBN7,UCHL1,HDAC6,1,3,1.0,0.92292464
DUB|P54252|O14757,DUB|P54252,DUB,P54252,O14757,ATXN3,CHEK1,1,3,1.0,0.79404974
DUB|P54252|O15379,DUB|P54252,DUB,P54252,O15379,ATXN3,HDAC3,1,3,1.0,0.18984346
DUB|P54252|O43474,DUB|P54252,DUB,P54252,O43474,ATXN3,KLF4,1,3,1.0,0.22704455
DUB|P54252|O60260,DUB|P54252,DUB,P54252,O60260,ATXN3,PRKN,1,3,1.0,0.9068042
DUB|P54252|O95166,DUB|P54252,DUB,P54252,O95166,ATXN3,GABARAP,1,3,1.0,0.95664996
DUB|P54252|P04637,DUB|P54252,DUB,P54252,P04637,ATXN3,TP53,1,3,1.0,0.87771404
DUB|P54252|P55072,DUB|P54252,DUB,P54252,P55072,ATXN3,VCP,1,3,1.0,0.9034702
DUB|P54252|P78344,DUB|P54252,DUB,P54252,P78344,ATXN3,EIF4G2,1,3,1.0,0.29082483
DUB|P54252|Q07812,DUB|P54252,DUB,P54252,Q07812,ATXN3,BAX,1,3,1.0,0.81514
DUB|P54252|Q13635,DUB|P54252,DUB,P54252,Q13635,ATXN3,PTCH1,1,3,1.0,0.9613379
DUB|P54252|Q14457,DUB|P54252,DUB,P54252,Q14457,ATXN3,BECN1,1,3,1.0,0.96771675
DUB|P54252|Q15382,DUB|P54252,DUB,P54252,Q15382,ATXN3,RHEB,1,3,1.0,0.92801386
DUB|P54252|Q92934,DUB|P54252,DUB,P54252,Q92934,ATXN3,BAD,1,3,1.0,0.882494
DUB|P54252|Q9BXW4,DUB|P54252,DUB,P54252,Q9BXW4,ATXN3,MAP1LC3C,1,3,1.0,0.96189904
DUB|P54252|Q9UNE7,DUB|P54252,DUB,P54252,Q9UNE7,ATXN3,STUB1,1,3,1.0,0.88852584
DUB|Q15018|Q96P20,DUB|Q15018,DUB,Q15018,Q96P20,ABRAXAS2,NLRP3,1,3,1.0,0.97232383
DUB|Q5T2D3|P04637,DUB|Q5T2D3,DUB,Q5T2D3,P04637,OTUD3,TP53,1,3,1.0,0.71870524
DUB|Q5T2D3|P60484,DUB|Q5T2D3,DUB,Q5T2D3,P60484,OTUD3,PTEN,1,3,1.0,0.7377842
DUB|Q6P468|Q07820,DUB|Q6P468,DUB,Q6P468,Q07820,USP9X,MCL1,1,3,1.0,0.3967236
DUB|Q6P468|Q9H992,DUB|Q6P468,DUB,Q6P468,Q9H992,USP9X,MARCHF7,1,3,1.0,0.7270008
DUB|Q70EL3|P12956,DUB|Q70EL3,DUB,Q70EL3,P12956,USP50,XRCC6,1,3,1.0,0.20790197
DUB|Q70EL3|P30291,DUB|Q70EL3,DUB,Q70EL3,P30291,USP50,WEE1,1,3,1.0,0.1852026
DUB|Q70EL3|Q9ULZ3,DUB|Q70EL3,DUB,Q70EL3,Q9ULZ3,USP50,PYCARD,1,3,1.0,0.91858035
DUB|Q7L8S5|O00429,DUB|Q7L8S5,DUB,Q7L8S5,O00429,OTUD6A,DNM1L,1,3,1.0,0.40201133
DUB|Q7L8S5|O14965,DUB|Q7L8S5,DUB,Q7L8S5,O14965,OTUD6A,AURKA,1,3,1.0,0.76487887
DUB|Q86UV5|P04908,DUB|Q86UV5,DUB,Q86UV5,P04908,USP48,HIST1H2AE,1,3,1.0,0.8738936
DUB|Q86UV5|P08151,DUB|Q86UV5,DUB,Q86UV5,P08151,USP48,GLI1,1,3,1.0,0.7964955
DUB|Q86UV5|Q04206,DUB|Q86UV5,DUB,Q86UV5,Q04206,USP48,RELA,1,3,1.0,0.8307501
DUB|Q86UV5|Q12933,DUB|Q86UV5,DUB,Q86UV5,Q12933,USP48,TRAF2,1,3,1.0,0.5236383
DUB|Q86UV5|Q6FI13,DUB|Q86UV5,DUB,Q86UV5,Q6FI13,USP48,HIST2H2AA4,1,3,1.0,0.88552755
DUB|Q86UV5|Q8N6T7,DUB|Q86UV5,DUB,Q86UV5,Q8N6T7,USP48,SIRT6,1,3,1.0,0.58414257
DUB|Q93009|O14757,DUB|Q93009,DUB,Q93009,O14757,USP7,CHEK1,1,3,1.0,0.8839968
DUB|Q93009|O14773,DUB|Q93009,DUB,Q93009,O14773,USP7,TPP1,1,3,1.0,0.07266295
DUB|Q93009|O14965,DUB|Q93009,DUB,Q93009,O14965,USP7,AURKA,1,3,1.0,0.8719513
DUB|Q93009|O15151,DUB|Q93009,DUB,Q93009,O15151,USP7,MDM4,1,3,1.0,0.9101269
DUB|Q93009|O15169,DUB|Q93009,DUB,Q93009,O15169,USP7,AXIN1,1,3,1.0,0.77925265
DUB|Q93009|O15524,DUB|Q93009,DUB,Q93009,O15524,USP7,SOCS1,1,3,1.0,0.18720724
DUB|Q93009|O43524,DUB|Q93009,DUB,Q93009,O43524,USP7,FOXO3,1,3,1.0,0.8678235
DUB|Q93009|O43663,DUB|Q93009,DUB,Q93009,O43663,USP7,PRC1,1,3,1.0,0.8279033
DUB|Q93009|O43684,DUB|Q93009,DUB,Q93009,O43684,USP7,BUB3,1,3,1.0,0.92729187
DUB|Q93009|O60341,DUB|Q93009,DUB,Q93009,O60341,USP7,KDM1A,1,3,1.0,0.938986
DUB|Q93009|O75444,DUB|Q93009,DUB,Q93009,O75444,USP7,MAF,1,3,1.0,0.9564573
DUB|Q93009|P00519,DUB|Q93009,DUB,Q93009,P00519,USP7,ABL1,1,3,1.0,0.58378357
DUB|Q93009|P01106,DUB|Q93009,DUB,Q93009,P01106,USP7,MYC,1,3,1.0,0.93993145
DUB|Q93009|P04198,DUB|Q93009,DUB,Q93009,P04198,USP7,MYCN,1,3,1.0,0.956548
DUB|Q93009|P04637,DUB|Q93009,DUB,Q93009,P04637,USP7,TP53,1,3,1.0,0.929673
DUB|Q93009|P06400,DUB|Q93009,DUB,Q93009,P06400,USP7,RB1,1,3,1.0,0.93220985
DUB|Q93009|P08151,DUB|Q93009,DUB,Q93009,P08151,USP7,GLI1,1,3,1.0,0.95184714
DUB|Q93009|P10275,DUB|Q93009,DUB,Q93009,P10275,USP7,AR,1,3,1.0,0.9529373
DUB|Q93009|P10276,DUB|Q93009,DUB,Q93009,P10276,USP7,RARA,1,3,1.0,0.9438645
DUB|Q93009|P11474,DUB|Q93009,DUB,Q93009,P11474,USP7,ESRRA,1,3,1.0,0.9343056
DUB|Q93009|P12004,DUB|Q93009,DUB,Q93009,P12004,USP7,PCNA,1,3,1.0,0.94831645
DUB|Q93009|P14373,DUB|Q93009,DUB,Q93009,P14373,USP7,TRIM27,1,3,1.0,0.7969168
DUB|Q93009|P19838,DUB|Q93009,DUB,Q93009,P19838,USP7,NFKB1,1,3,1.0,0.9449324
DUB|Q93009|P23759,DUB|Q93009,DUB,Q93009,P23759,USP7,PAX7,1,3,1.0,0.95864844
DUB|Q93009|P26358,DUB|Q93009,DUB,Q93009,P26358,USP7,DNMT1,1,3,1.0,0.9172812
DUB|Q93009|P29590,DUB|Q93009,DUB,Q93009,P29590,USP7,PML,1,3,1.0,0.91679096
DUB|Q93009|P30304,DUB|Q93009,DUB,Q93009,P30304,USP7,CDC25A,1,3,1.0,0.88631433
DUB|Q93009|P35222,DUB|Q93009,DUB,Q93009,P35222,USP7,CTNNB1,1,3,1.0,0.8783141
DUB|Q93009|P35226,DUB|Q93009,DUB,Q93009,P35226,USP7,BMI1,1,3,1.0,0.9439368
DUB|Q93009|P35568,DUB|Q93009,DUB,Q93009,P35568,USP7,IRS1,1,3,1.0,0.17969348
DUB|Q93009|P37231,DUB|Q93009,DUB,Q93009,P37231,USP7,PPARG,1,3,1.0,0.9560525
DUB|Q93009|P46531,DUB|Q93009,DUB,Q93009,P46531,USP7,NOTCH1,1,3,1.0,0.42061114
DUB|Q93009|P46937,DUB|Q93009,DUB,Q93009,P46937,USP7,YAP1,1,3,1.0,0.82703215
DUB|Q93009|P48764,DUB|Q93009,DUB,Q93009,P48764,USP7,SLC9A3,1,3,1.0,0.09283493
DUB|Q93009|P51955,DUB|Q93009,DUB,Q93009,P51955,USP7,NEK2,1,3,1.0,0.5390747
DUB|Q93009|P51965,DUB|Q93009,DUB,Q93009,P51965,USP7,UBE2E1,1,3,1.0,0.88742447
DUB|Q93009|P53350,DUB|Q93009,DUB,Q93009,P53350,USP7,PLK1,1,3,1.0,0.73995626
DUB|Q93009|P60484,DUB|Q93009,DUB,Q93009,P60484,USP7,PTEN,1,3,1.0,0.6599743
DUB|Q93009|P62807,DUB|Q93009,DUB,Q93009,P62807,USP7,HIST1H2BI,1,3,1.0,0.88775665
DUB|Q93009|P98177,DUB|Q93009,DUB,Q93009,P98177,USP7,FOXO4,1,3,1.0,0.41404754
DUB|Q93009|Q00987,DUB|Q93009,DUB,Q93009,Q00987,USP7,MDM2,1,3,1.0,0.9368803
DUB|Q93009|Q01831,DUB|Q93009,DUB,Q93009,Q01831,USP7,XPC,1,3,1.0,0.93520087
DUB|Q93009|Q01860,DUB|Q93009,DUB,Q93009,Q01860,USP7,POU5F1,1,3,1.0,0.9430041
DUB|Q93009|Q03468,DUB|Q93009,DUB,Q93009,Q03468,USP7,ERCC6,1,3,1.0,0.89431256
DUB|Q93009|Q04206,DUB|Q93009,DUB,Q93009,Q04206,USP7,RELA,1,3,1.0,0.9516859
DUB|Q93009|Q07820,DUB|Q93009,DUB,Q93009,Q07820,USP7,MCL1,1,3,1.0,0.24105673
DUB|Q93009|Q12778,DUB|Q93009,DUB,Q93009,Q12778,USP7,FOXO1,1,3,1.0,0.9041125
DUB|Q93009|Q12888,DUB|Q93009,DUB,Q93009,Q12888,USP7,TP53BP1,1,3,1.0,0.9520228
DUB|Q93009|Q13127,DUB|Q93009,DUB,Q93009,Q13127,USP7,REST,1,3,1.0,0.93310857
DUB|Q93009|Q13546,DUB|Q93009,DUB,Q93009,Q13546,USP7,RIPK1,1,3,1.0,0.37188306
DUB|Q93009|Q14527,DUB|Q93009,DUB,Q93009,Q14527,USP7,HLTF,1,3,1.0,0.9317994
DUB|Q93009|Q14669,DUB|Q93009,DUB,Q93009,Q14669,USP7,TRIP12,1,3,1.0,0.935228
DUB|Q93009|Q15910,DUB|Q93009,DUB,Q93009,Q15910,USP7,EZH2,1,3,1.0,0.94116443
DUB|Q93009|Q16204,DUB|Q93009,DUB,Q93009,Q16204,USP7,CCDC6,1,3,1.0,0.62072927
DUB|Q93009|Q16526,DUB|Q93009,DUB,Q93009,Q16526,USP7,CRY1,1,3,1.0,0.94369644
DUB|Q93009|Q16656,DUB|Q93009,DUB,Q93009,Q16656,USP7,NRF1,1,3,1.0,0.9386276
DUB|Q93009|Q16665,DUB|Q93009,DUB,Q93009,Q16665,USP7,HIF1A,1,3,1.0,0.94220656
DUB|Q93009|Q16778,DUB|Q93009,DUB,Q93009,Q16778,USP7,H2BC21,1,3,1.0,0.88125944
DUB|Q93009|Q2YD98,DUB|Q93009,DUB,Q93009,Q2YD98,USP7,UVSSA,1,3,1.0,0.4894529
DUB|Q93009|Q49AN0,DUB|Q93009,DUB,Q93009,Q49AN0,USP7,CRY2,1,3,1.0,0.95305836
DUB|Q93009|Q8IXJ9,DUB|Q93009,DUB,Q93009,Q8IXJ9,USP7,ASXL1,1,3,1.0,0.88750786
DUB|Q93009|Q8IYW5,DUB|Q93009,DUB,Q93009,Q8IYW5,USP7,RNF168,1,3,1.0,0.9475492
DUB|Q93009|Q8NHW3,DUB|Q93009,DUB,Q93009,Q8NHW3,USP7,MAFA,1,3,1.0,0.9490026
DUB|Q93009|Q92993,DUB|Q93009,DUB,Q93009,Q92993,USP7,KAT5,1,3,1.0,0.9227289
DUB|Q93009|Q96C12,DUB|Q93009,DUB,Q93009,Q96C12,USP7,ARMC5,1,3,1.0,0.14350463
DUB|Q93009|Q96EP1,DUB|Q93009,DUB,Q93009,Q96EP1,USP7,CHFR,1,3,1.0,0.9310208
DUB|Q93009|Q96PU5,DUB|Q93009,DUB,Q93009,Q96PU5,USP7,NEDD4L,1,3,1.0,0.12485586
DUB|Q93009|Q96T88,DUB|Q93009,DUB,Q93009,Q96T88,USP7,UHRF1,1,3,1.0,0.8906018
DUB|Q93009|Q99496,DUB|Q93009,DUB,Q93009,Q99496,USP7,RNF2,1,3,1.0,0.9368725
DUB|Q93009|Q9BZS1,DUB|Q93009,DUB,Q93009,Q9BZS1,USP7,FOXP3,1,3,1.0,0.9422198
DUB|Q93009|Q9H8V3,DUB|Q93009,DUB,Q93009,Q9H8V3,USP7,ECT2,1,3,1.0,0.70093364
DUB|Q93009|Q9H992,DUB|Q93009,DUB,Q93009,Q9H992,USP7,MARCHF7,1,3,1.0,0.8260364
DUB|Q93009|Q9HAW4,DUB|Q93009,DUB,Q93009,Q9HAW4,USP7,CLSPN,1,3,1.0,0.8832511
DUB|Q93009|Q9NRC8,DUB|Q93009,DUB,Q93009,Q9NRC8,USP7,SIRT7,1,3,1.0,0.71963674
DUB|Q93009|Q9NS91,DUB|Q93009,DUB,Q93009,Q9NS91,USP7,RAD18,1,3,1.0,0.8888694
DUB|Q93009|Q9NSA3,DUB|Q93009,DUB,Q93009,Q9NSA3,USP7,CTNNBIP1,1,3,1.0,0.115032576
DUB|Q93009|Q9UER7,DUB|Q93009,DUB,Q93009,Q9UER7,USP7,DAXX,1,3,1.0,0.9347554
DUB|Q93009|Q9UPP1,DUB|Q93009,DUB,Q93009,Q9UPP1,USP7,PHF8,1,3,1.0,0.9494243
DUB|Q93009|Q9Y253,DUB|Q93009,DUB,Q93009,Q9Y253,USP7,POLH,1,3,1.0,0.94157207
DUB|Q93009|Q9Y4H2,DUB|Q93009,DUB,Q93009,Q9Y4H2,USP7,IRS2,1,3,1.0,0.07950273
DUB|Q93009|Q9Y6K9,DUB|Q93009,DUB,Q93009,Q9Y6K9,USP7,IKBKG,1,3,1.0,0.8652436
DUB|Q96DC9|P10070,DUB|Q96DC9,DUB,Q96DC9,P10070,OTUB2,GLI2,1,3,1.0,0.6897386
DUB|Q96DC9|Q13114,DUB|Q96DC9,DUB,Q96DC9,Q13114,OTUB2,TRAF3,1,3,1.0,0.6495084
DUB|Q96DC9|Q9Y468,DUB|Q96DC9,DUB,Q96DC9,Q9Y468,OTUB2,L3MBTL1,1,3,1.0,0.71903354
DUB|Q96DC9|Q9Y4K3,DUB|Q96DC9,DUB,Q96DC9,Q9Y4K3,OTUB2,TRAF6,1,3,1.0,0.64199233
DUB|Q96RU2|O60341,DUB|Q96RU2,DUB,Q96RU2,O60341,USP28,KDM1A,1,3,1.0,0.61591506
DUB|Q96RU2|O96017,DUB|Q96RU2,DUB,Q96RU2,O96017,USP28,CHEK2,1,3,1.0,0.62568736
DUB|Q96RU2|P01106,DUB|Q96RU2,DUB,Q96RU2,P01106,USP28,MYC,1,3,1.0,0.5976539
DUB|Q96RU2|P04637,DUB|Q96RU2,DUB,Q96RU2,P04637,USP28,TP53,1,3,1.0,0.8050799
DUB|Q96RU2|P05412,DUB|Q96RU2,DUB,Q96RU2,P05412,USP28,JUN,1,3,1.0,0.4037802
DUB|Q96RU2|P15056,DUB|Q96RU2,DUB,Q96RU2,P15056,USP28,BRAF,1,3,1.0,0.42830715
DUB|Q96RU2|P24864,DUB|Q96RU2,DUB,Q96RU2,P24864,USP28,CCNE1,1,3,1.0,0.4781858
DUB|Q96RU2|P40763,DUB|Q96RU2,DUB,Q96RU2,P40763,USP28,STAT3,1,3,1.0,0.4872286
DUB|Q96RU2|P46531,DUB|Q96RU2,DUB,Q96RU2,P46531,USP28,NOTCH1,1,3,1.0,0.6143045
DUB|Q96RU2|Q12888,DUB|Q96RU2,DUB,Q96RU2,Q12888,USP28,TP53BP1,1,3,1.0,0.46899664
DUB|Q96RU2|Q16665,DUB|Q96RU2,DUB,Q96RU2,Q16665,USP28,HIF1A,1,3,1.0,0.63617456
DUB|Q96RU2|Q969H0,DUB|Q96RU2,DUB,Q96RU2,Q969H0,USP28,FBXW7,1,3,1.0,0.553286
DUB|Q96RU2|Q9HA47,DUB|Q96RU2,DUB,Q96RU2,Q9HA47,USP28,UCK1,1,3,1.0,0.30647865
DUB|Q96RU2|Q9HAW4,DUB|Q96RU2,DUB,Q96RU2,Q9HAW4,USP28,CLSPN,1,3,1.0,0.4313719
DUB|Q96RU2|Q9HCX3,DUB|Q96RU2,DUB,Q96RU2,Q9HCX3,USP28,ZNF304,1,3,1.0,0.38478836
DUB|Q9NQC7|O14640,DUB|Q9NQC7,DUB,Q9NQC7,O14640,CYLD,DVL1,1,3,1.0,0.96420205
DUB|Q9NQC7|O15105,DUB|Q9NQC7,DUB,Q9NQC7,O15105,CYLD,SMAD7,1,3,1.0,0.79495513
DUB|Q9NQC7|O43318,DUB|Q9NQC7,DUB,Q9NQC7,O43318,CYLD,MAP3K7,1,3,1.0,0.9577461
DUB|Q9NQC7|O43353,DUB|Q9NQC7,DUB,Q9NQC7,O43353,CYLD,RIPK2,1,3,1.0,0.9348657
DUB|Q9NQC7|O95786,DUB|Q9NQC7,DUB,Q9NQC7,O95786,CYLD,DDX58,1,3,1.0,0.9766248
DUB|Q9NQC7|P04629,DUB|Q9NQC7,DUB,Q9NQC7,P04629,CYLD,NTRK1,1,3,1.0,0.93009496
DUB|Q9NQC7|P04637,DUB|Q9NQC7,DUB,Q9NQC7,P04637,CYLD,TP53,1,3,1.0,0.97207797
DUB|Q9NQC7|P06239,DUB|Q9NQC7,DUB,Q9NQC7,P06239,CYLD,LCK,1,3,1.0,0.63998145
DUB|Q9NQC7|P20749,DUB|Q9NQC7,DUB,Q9NQC7,P20749,CYLD,BCL3,1,3,1.0,0.7948286
DUB|Q9NQC7|P31749,DUB|Q9NQC7,DUB,Q9NQC7,P31749,CYLD,AKT1,1,3,1.0,0.9599013
DUB|Q9NQC7|P36897,DUB|Q9NQC7,DUB,Q9NQC7,P36897,CYLD,TGFBR1,1,3,1.0,0.6192796
DUB|Q9NQC7|P42773,DUB|Q9NQC7,DUB,Q9NQC7,P42773,CYLD,CDKN2C,1,3,1.0,0.60854036
DUB|Q9NQC7|P49116,DUB|Q9NQC7,DUB,Q9NQC7,P49116,CYLD,NR2C2,1,3,1.0,0.7032262
DUB|Q9NQC7|P53350,DUB|Q9NQC7,DUB,Q9NQC7,P53350,CYLD,PLK1,1,3,1.0,0.9731127
DUB|Q9NQC7|P59044,DUB|Q9NQC7,DUB,Q9NQC7,P59044,CYLD,NLRP6,1,3,1.0,0.93878424
DUB|Q9NQC7|P78352,DUB|Q9NQC7,DUB,Q9NQC7,P78352,CYLD,DLG4,1,3,1.0,0.5724895
DUB|Q9NQC7|Q02246,DUB|Q9NQC7,DUB,Q9NQC7,Q02246,CYLD,CNTN2,1,3,1.0,0.20419337
DUB|Q9NQC7|Q04206,DUB|Q9NQC7,DUB,Q9NQC7,Q04206,CYLD,RELA,1,3,1.0,0.5853538
DUB|Q9NQC7|Q12933,DUB|Q9NQC7,DUB,Q9NQC7,Q12933,CYLD,TRAF2,1,3,1.0,0.8636377
DUB|Q9NQC7|Q13546,DUB|Q9NQC7,DUB,Q9NQC7,Q13546,CYLD,RIPK1,1,3,1.0,0.94030136
DUB|Q9NQC7|Q14669,DUB|Q9NQC7,DUB,Q9NQC7,Q14669,CYLD,TRIP12,1,3,1.0,0.4789465
DUB|Q9NQC7|Q15154,DUB|Q9NQC7,DUB,Q9NQC7,Q15154,CYLD,PCM1,1,3,1.0,0.97619665
DUB|Q9NQC7|Q6Q0C0,DUB|Q9NQC7,DUB,Q9NQC7,Q6Q0C0,CYLD,TRAF7,1,3,1.0,0.97884446
DUB|Q9NQC7|Q8NHQ1,DUB|Q9NQC7,DUB,Q9NQC7,Q8NHQ1,CYLD,CEP70,1,3,1.0,0.9671533
DUB|Q9NQC7|Q96AX9,DUB|Q9NQC7,DUB,Q9NQC7,Q96AX9,CYLD,MIB2,1,3,1.0,0.91120785
DUB|Q9NQC7|Q9NPH5,DUB|Q9NQC7,DUB,Q9NQC7,Q9NPH5,CYLD,NOX4,1,3,1.0,0.4604539
DUB|Q9NQC7|Q9NZN5,DUB|Q9NQC7,DUB,Q9NQC7,Q9NZN5,CYLD,ARHGEF12,1,3,1.0,0.22654322
DUB|Q9NQC7|Q9UHD2,DUB|Q9NQC7,DUB,Q9NQC7,Q9UHD2,CYLD,TBK1,1,3,1.0,0.8747137
DUB|Q9NQC7|Q9Y4K3,DUB|Q9NQC7,DUB,Q9NQC7,Q9Y4K3,CYLD,TRAF6,1,3,1.0,0.92754894
DUB|Q9NQC7|Q9Y6K9,DUB|Q9NQC7,DUB,Q9NQC7,Q9Y6K9,CYLD,IKBKG,1,3,1.0,0.93039215
DUB|Q9P275|O95602,DUB|Q9P275,DUB,Q9P275,O95602,USP36,POLR1A,1,3,1.0,0.8182395
DUB|Q9P275|P01106,DUB|Q9P275,DUB,Q9P275,P01106,USP36,MYC,1,3,1.0,0.8387209
DUB|Q9P275|P04179,DUB|Q9P275,DUB,Q9P275,P04179,USP36,SOD2,1,3,1.0,0.21006984
DUB|Q9P275|Q05195,DUB|Q9P275,DUB,Q9P275,Q05195,USP36,MXD1,1,3,1.0,0.8775238
DUB|Q9P275|Q15910,DUB|Q9P275,DUB,Q9P275,Q15910,USP36,EZH2,1,3,1.0,0.82356167
DUB|Q9P275|Q16778,DUB|Q9P275,DUB,Q9P275,Q16778,USP36,HIST2H2BE,1,3,1.0,0.9172885
DUB|Q9P275|Q9H6R0,DUB|Q9P275,DUB,Q9P275,Q9H6R0,USP36,DHX33,1,3,1.0,0.6440979
DUB|Q9P275|Q9Y570,DUB|Q9P275,DUB,Q9P275,Q9Y570,USP36,PPME1,1,3,1.0,0.6824931
DUB|Q9UMW8|O43318,DUB|Q9UMW8,DUB,Q9UMW8,O43318,USP18,MAP3K7,1,3,1.0,0.7890416
DUB|Q9UMW8|O95863,DUB|Q9UMW8,DUB,Q9UMW8,O95863,USP18,SNAI1,1,3,1.0,0.9507684
DUB|Q9UMW8|P05161,DUB|Q9UMW8,DUB,Q9UMW8,P05161,USP18,ISG15,1,3,1.0,0.6237289
DUB|Q9UMW8|P46531,DUB|Q9UMW8,DUB,Q9UMW8,P46531,USP18,NOTCH1,1,3,1.0,0.70688194
DUB|Q9UMW8|P49116,DUB|Q9UMW8,DUB,Q9UMW8,P49116,USP18,NR2C2,1,3,1.0,0.96131754
DUB|Q9UMW8|P60484,DUB|Q9UMW8,DUB,Q9UMW8,P60484,USP18,PTEN,1,3,1.0,0.8838026
DUB|Q9UMW8|Q15672,DUB|Q9UMW8,DUB,Q9UMW8,Q15672,USP18,TWIST1,1,3,1.0,0.96579915
DUB|Q9UMW8|Q15750,DUB|Q9UMW8,DUB,Q9UMW8,Q15750,USP18,TAB1,1,3,1.0,0.1375544
DUB|Q9UMW8|Q9C0B1,DUB|Q9UMW8,DUB,Q9UMW8,Q9C0B1,USP18,FTO,1,3,1.0,0.34449935
DUB|Q9UMW8|Q9Y6K9,DUB|Q9UMW8,DUB,Q9UMW8,Q9Y6K9,USP18,IKBKG,1,3,1.0,0.9132499
DUB|Q9Y2K6|O43623,DUB|Q9Y2K6,DUB,Q9Y2K6,O43623,USP20,SNAI2,1,3,1.0,0.8669525
DUB|Q9Y2K6|O75385,DUB|Q9Y2K6,DUB,Q9Y2K6,O75385,USP20,ULK1,1,3,1.0,0.38803086
DUB|Q9Y2K6|O75943,DUB|Q9Y2K6,DUB,Q9Y2K6,O75943,USP20,RAD17,1,3,1.0,0.925958
DUB|Q9Y2K6|P07550,DUB|Q9Y2K6,DUB,Q9Y2K6,P07550,USP20,ADRB2,1,3,1.0,0.15217671
DUB|Q9Y2K6|P14618,DUB|Q9Y2K6,DUB,Q9Y2K6,P14618,USP20,PKM,1,3,1.0,0.9175505
DUB|Q9Y2K6|P35222,DUB|Q9Y2K6,DUB,Q9Y2K6,P35222,USP20,CTNNB1,1,3,1.0,0.97956306
DUB|Q9Y2K6|Q13501,DUB|Q9Y2K6,DUB,Q9Y2K6,Q13501,USP20,SQSTM1,1,3,1.0,0.9616397
DUB|Q9Y2K6|Q13546,DUB|Q9Y2K6,DUB,Q9Y2K6,Q13546,USP20,RIPK1,1,3,1.0,0.8548474
DUB|Q9Y2K6|Q16659,DUB|Q9Y2K6,DUB,Q9Y2K6,Q16659,USP20,MAPK6,1,3,1.0,0.92737013
DUB|Q9Y2K6|Q16665,DUB|Q9Y2K6,DUB,Q9Y2K6,Q16665,USP20,HIF1A,1,3,1.0,0.8778334
DUB|Q9Y2K6|Q86WV6,DUB|Q9Y2K6,DUB,Q9Y2K6,Q86WV6,USP20,TMEM173,1,3,1.0,0.9411748
DUB|Q9Y2K6|Q92813,DUB|Q9Y2K6,DUB,Q9Y2K6,Q92813,USP20,DIO2,1,3,1.0,0.18191592
DUB|Q9Y2K6|Q9HAW4,DUB|Q9Y2K6,DUB,Q9Y2K6,Q9HAW4,USP20,CLSPN,1,3,1.0,0.39821652
DUB|Q9Y2K6|Q9Y4K3,DUB|Q9Y2K6,DUB,Q9Y2K6,Q9Y4K3,USP20,TRAF6,1,3,1.0,0.9247501
DUB|Q9Y5T5|P01106,DUB|Q9Y5T5,DUB,Q9Y5T5,P01106,USP16,MYC,1,3,1.0,0.8349639
DUB|Q9Y5T5|P0C0S8,DUB|Q9Y5T5,DUB,Q9Y5T5,P0C0S8,USP16,HIST1H2AM,1,3,1.0,0.93130493
DUB|Q9Y5T5|P53350,DUB|Q9Y5T5,DUB,Q9Y5T5,P53350,USP16,PLK1,1,3,1.0,0.67623264
DUB|Q9Y5T5|P62979,DUB|Q9Y5T5,DUB,Q9Y5T5,P62979,USP16,RPS27A,1,3,1.0,0.4987358
DUB|Q9Y5T5|Q16777,DUB|Q9Y5T5,DUB,Q9Y5T5,Q16777,USP16,HIST2H2AC,1,3,1.0,0.9314392
DUB|Q9Y5T5|Q16778,DUB|Q9Y5T5,DUB,Q9Y5T5,Q16778,USP16,HIST2H2BE,1,3,1.0,0.913662
DUB|Q9Y5T5|Q9H9S0,DUB|Q9Y5T5,DUB,Q9Y5T5,Q9H9S0,USP16,NANOG,1,3,1.0,0.89471406
E3|A6NLU0|Q9BYM8,E3|A6NLU0,E3,A6NLU0,Q9BYM8,RFPL4A,RBCK1,0,3,0.0,0.21874794
E3|B3SRS0|Q96KG9,E3|B3SRS0,E3,B3SRS0,Q96KG9,,SCYL1,0,3,0.0,0.28554773
E3|B3SRS0|Q86VP3,E3|B3SRS0,E3,B3SRS0,Q86VP3,,PACS2,0,3,0.0,0.25645155
E3|O15304|Q15386,E3|O15304,E3,O15304,Q15386,SIVA1,UBE3C,0,3,0.0,0.32403445
E3|O15304|O43511,E3|O15304,E3,O15304,O43511,SIVA1,SLC26A4,0,3,0.0,0.21348383
E3|O43164|Q9H2A3,E3|O43164,E3,O43164,Q9H2A3,PJA2,NEUROG2,0,3,0.0,0.28632736
E3|O43164|O43395,E3|O43164,E3,O43164,O43395,PJA2,PRPF3,0,3,0.0,0.45294282
E3|O43164|Q9BVP2,E3|O43164,E3,O43164,Q9BVP2,PJA2,GNL3,0,3,0.0,0.5527725
E3|O43255|P35613,E3|O43255,E3,O43255,P35613,SIAH2,BSG,0,3,0.0,0.12339515
E3|O43255|P07333,E3|O43255,E3,O43255,P07333,SIAH2,CSF1R,0,3,0.0,0.21564677
E3|O43255|Q13794,E3|O43255,E3,O43255,Q13794,SIAH2,PMAIP1,0,3,0.0,0.12443251
E3|O43255|P22304,E3|O43255,E3,O43255,P22304,SIAH2,IDS,0,3,0.0,0.104451
E3|O43255|Q96HE7,E3|O43255,E3,O43255,Q96HE7,SIAH2,ERO1A,0,3,0.0,0.29359367
E3|O43255|Q3T906,E3|O43255,E3,O43255,Q3T906,SIAH2,GNPTAB,0,3,0.0,0.47134605
E3|O43255|P08100,E3|O43255,E3,O43255,P08100,SIAH2,RHO,0,3,0.0,0.27000478
E3|O43255|Q92851,E3|O43255,E3,O43255,Q92851,SIAH2,CASP10,0,3,0.0,0.20110543
E3|O43255|P06576,E3|O43255,E3,O43255,P06576,SIAH2,ATP5F1B,0,3,0.0,0.6215445
E3|O43255|P04179,E3|O43255,E3,O43255,P04179,SIAH2,SOD2,0,3,0.0,0.20283106
E3|O43255|P01903,E3|O43255,E3,O43255,P01903,SIAH2,HLA-DRA,0,3,0.0,0.095472336
E3|O43255|Q01959,E3|O43255,E3,O43255,Q01959,SIAH2,SLC6A3,0,3,0.0,0.105836056
E3|O43255|P01009,E3|O43255,E3,O43255,P01009,SIAH2,SERPINA1,0,3,0.0,0.19184403
E3|O43255|P20039,E3|O43255,E3,O43255,P20039,SIAH2,HLA-DRB1,0,3,0.0,0.08185655
E3|O43255|P31645,E3|O43255,E3,O43255,P31645,SIAH2,SLC6A4,0,3,0.0,0.113979
E3|O43255|P63252,E3|O43255,E3,O43255,P63252,SIAH2,KCNJ2,0,3,0.0,0.32653782
E3|O43791|P78380,E3|O43791,E3,O43791,P78380,SPOP,OLR1,0,3,0.0,0.107686594
E3|O43791|Q8IZ07,E3|O43791,E3,O43791,Q8IZ07,SPOP,ANKRD13A,0,3,0.0,0.123124555
E3|O43791|P0DMV8,E3|O43791,E3,O43791,P0DMV8,SPOP,HSPA1A,0,3,0.0,0.8238413
E3|O43791|P55036,E3|O43791,E3,O43791,P55036,SPOP,PSMD4,0,3,0.0,0.76005745
E3|O43791|P06935,E3|O43791,E3,O43791,P06935,SPOP,,0,3,0.0,0.85236484
E3|O43791|P01911,E3|O43791,E3,O43791,P01911,SPOP,HLA-DRB1,0,3,0.0,0.0983382
E3|O43791|P09467,E3|O43791,E3,O43791,P09467,SPOP,FBP1,0,3,0.0,0.56538296
E3|O43791|P23458,E3|O43791,E3,O43791,P23458,SPOP,JAK1,0,3,0.0,0.17218082
E3|O43791|Q6ZVM7,E3|O43791,E3,O43791,Q6ZVM7,SPOP,TOM1L2,0,3,0.0,0.46146715
E3|O43791|Q96D31,E3|O43791,E3,O43791,Q96D31,SPOP,ORAI1,0,3,0.0,0.098098956
E3|O43791|P42081,E3|O43791,E3,O43791,P42081,SPOP,CD86,0,3,0.0,0.19559236
E3|O43791|Q70CQ3,E3|O43791,E3,O43791,Q70CQ3,SPOP,USP30,0,3,0.0,0.10895238
E3|O43791|Q9UHN6,E3|O43791,E3,O43791,Q9UHN6,SPOP,CEMIP2,0,3,0.0,0.30161655
E3|O43791|Q8N6P7,E3|O43791,E3,O43791,Q8N6P7,SPOP,IL22RA1,0,3,0.0,0.8335033
E3|O43791|Q15011,E3|O43791,E3,O43791,Q15011,SPOP,HERPUD1,0,3,0.0,0.13783327
E3|O75717|Q8N0X7,E3|O75717,E3,O75717,Q8N0X7,WDHD1,SPART,0,3,0.0,0.70940924
E3|O76064|O76090,E3|O76064,E3,O76064,O76090,RNF8,BEST1,0,3,0.0,0.08155554
E3|O76064|Q96PH1,E3|O76064,E3,O76064,Q96PH1,RNF8,NOX5,0,3,0.0,0.11723837
E3|O76064|P78380,E3|O76064,E3,O76064,P78380,RNF8,OLR1,0,3,0.0,0.07767996
E3|O76064|Q9Y5M8,E3|O76064,E3,O76064,Q9Y5M8,RNF8,SRPRB,0,3,0.0,0.108798094
E3|O76064|Q9NWM3,E3|O76064,E3,O76064,Q9NWM3,RNF8,CUEDC1,0,3,0.0,0.2675603
E3|O76064|O60337,E3|O76064,E3,O76064,O60337,RNF8,MARCHF6,0,3,0.0,0.13292144
E3|O76064|P01903,E3|O76064,E3,O76064,P01903,RNF8,HLA-DRA,0,3,0.0,0.08097277
E3|O76064|P06576,E3|O76064,E3,O76064,P06576,RNF8,ATP5F1B,0,3,0.0,0.53789926
E3|O76064|Q13635,E3|O76064,E3,O76064,Q13635,RNF8,PTCH1,0,3,0.0,0.16058348
E3|O76064|Q96NT3,E3|O76064,E3,O76064,Q96NT3,RNF8,GUCD1,0,3,0.0,0.9344664
E3|O92608|Q6PGQ7,E3|O92608,E3,O92608,Q6PGQ7,ORF50,BORA,0,3,0.0,0.22786358
E3|O92608|P54652,E3|O92608,E3,O92608,P54652,ORF50,HSPA2,0,3,0.0,0.26434857
E3|O94972|P19429,E3|O94972,E3,O94972,P19429,TRIM37,TNNI3,0,3,0.0,0.26247734
E3|O94972|P15498,E3|O94972,E3,O94972,P15498,TRIM37,VAV1,0,3,0.0,0.22465749
E3|O95071|Q9UJA2,E3|O95071,E3,O95071,Q9UJA2,UBR5,CRLS1,0,3,0.0,0.06641025
E3|O95071|P23919,E3|O95071,E3,O95071,P23919,UBR5,DTYMK,0,3,0.0,0.52740186
E3|O95071|Q9NWM3,E3|O95071,E3,O95071,Q9NWM3,UBR5,CUEDC1,0,3,0.0,0.3781263
E3|O95155|P05026,E3|O95155,E3,O95155,P05026,UBE4B,ATP1B1,0,3,0.0,0.25180256
E3|O95155|Q15858,E3|O95155,E3,O95155,Q15858,UBE4B,SCN9A,0,3,0.0,0.21798462
E3|O95155|Q13077,E3|O95155,E3,O95155,Q13077,UBE4B,TRAF1,0,3,0.0,0.79820937
E3|O95376|P08393,E3|O95376,E3,O95376,P08393,ARIH2,ICP0,0,3,0.0,0.17268531
E3|O95376|O95140,E3|O95376,E3,O95376,O95140,ARIH2,MFN2,0,3,0.0,0.096241355
E3|O95376|Q15849,E3|O95376,E3,O95376,Q15849,ARIH2,SLC14A2,0,3,0.0,0.93146384
E3|P06463|O60936,E3|P06463,E3,P06463,O60936,E6,NOL3,0,3,0.0,0.36207315
E3|P06463|Q9NZJ0,E3|P06463,E3,P06463,Q9NZJ0,E6,DTL,0,3,0.0,0.37455076
E3|P19474|O60337,E3|P19474,E3,P19474,O60337,TRIM21,MARCHF6,0,3,0.0,0.14024583
E3|P19474|Q15388,E3|P19474,E3,P19474,Q15388,TRIM21,TOMM20,0,3,0.0,0.80803376
E3|P19474|Q8N6P7,E3|P19474,E3,P19474,Q8N6P7,TRIM21,IL22RA1,0,3,0.0,0.93938076
E3|P19474|P56750,E3|P19474,E3,P19474,P56750,TRIM21,CLDN17,0,3,0.0,0.15755916
E3|P19474|P18433,E3|P19474,E3,P19474,P18433,TRIM21,PTPRA,0,3,0.0,0.15514241
E3|P19474|P48048,E3|P19474,E3,P19474,P48048,TRIM21,KCNJ1,0,3,0.0,0.11378347
E3|P19474|O43511,E3|P19474,E3,P19474,O43511,TRIM21,SLC26A4,0,3,0.0,0.29054332
E3|P19474|Q92851,E3|P19474,E3,P19474,Q92851,TRIM21,CASP10,0,3,0.0,0.37322643
E3|P19474|Q3T906,E3|P19474,E3,P19474,Q3T906,TRIM21,GNPTAB,0,3,0.0,0.9691349
E3|P50876|P06935,E3|P50876,E3,P50876,P06935,RNF144A,,0,3,0.0,0.76268274
E3|P50876|O75444,E3|P50876,E3,P50876,O75444,RNF144A,MAF,0,3,0.0,0.84545153
E3|Q00987|Q8NHL6,E3|Q00987,E3,Q00987,Q8NHL6,MDM2,LILRB1,0,3,0.0,0.070500374
E3|Q00987|Q93070,E3|Q00987,E3,Q00987,Q93070,MDM2,ART4,0,3,0.0,0.12584357
E3|Q00987|P51170,E3|Q00987,E3,Q00987,P51170,MDM2,SCNN1G,0,3,0.0,0.07600065
E3|Q00987|Q13571,E3|Q00987,E3,Q00987,Q13571,MDM2,LAPTM5,0,3,0.0,0.09974462
E3|Q00987|P02647,E3|Q00987,E3,Q00987,P02647,MDM2,APOA1,0,3,0.0,0.0832751
E3|Q00987|P20333,E3|Q00987,E3,Q00987,P20333,MDM2,TNFRSF1B,0,3,0.0,0.5486237
E3|Q00987|P12532,E3|Q00987,E3,Q00987,P12532,MDM2,CKMT1A,0,3,0.0,0.18295203
E3|Q00987|Q6ZVM7,E3|Q00987,E3,Q00987,Q6ZVM7,MDM2,TOM1L2,0,3,0.0,0.7646946
E3|Q00987|P08581,E3|Q00987,E3,Q00987,P08581,MDM2,MET,0,3,0.0,0.075190924
E3|Q00987|Q9BSA4,E3|Q00987,E3,Q00987,Q9BSA4,MDM2,TTYH2,0,3,0.0,0.07540808
E3|Q00987|O60883,E3|Q00987,E3,Q00987,O60883,MDM2,GPR37L1,0,3,0.0,0.08344841
E3|Q00987|Q8N519,E3|Q00987,E3,Q00987,Q8N519,MDM2,,0,3,0.0,0.44424465
E3|Q00987|Q569H4,E3|Q00987,E3,Q00987,Q569H4,MDM2,PRR16,0,3,0.0,0.069627844
E3|Q00987|Q9H1D0,E3|Q00987,E3,Q00987,Q9H1D0,MDM2,TRPV6,0,3,0.0,0.08779162
E3|Q00987|P01889,E3|Q00987,E3,Q00987,P01889,MDM2,HLA-B,0,3,0.0,0.10993642
E3|Q00987|P48048,E3|Q00987,E3,Q00987,P48048,MDM2,KCNJ1,0,3,0.0,0.076642305
E3|Q00987|Q9UNK0,E3|Q00987,E3,Q00987,Q9UNK0,MDM2,STX8,0,3,0.0,0.11366769
E3|Q00987|Q9UBN4,E3|Q00987,E3,Q00987,Q9UBN4,MDM2,TRPC4,0,3,0.0,0.19521114
E3|Q00987|O15146,E3|Q00987,E3,Q00987,O15146,MDM2,MUSK,0,3,0.0,0.0859875
E3|Q00987|Q9BYM8,E3|Q00987,E3,Q00987,Q9BYM8,MDM2,RBCK1,0,3,0.0,0.33170176
E3|Q00987|Q8TB46,E3|Q00987,E3,Q00987,Q8TB46,MDM2,ANKRD50,0,3,0.0,0.08161937
E3|Q00987|O75581,E3|Q00987,E3,Q00987,O75581,MDM2,LRP6,0,3,0.0,0.0755968
E3|Q00987|Q99062,E3|Q00987,E3,Q00987,Q99062,MDM2,CSF3R,0,3,0.0,0.117239356
E3|Q00987|O60313,E3|Q00987,E3,Q00987,O60313,MDM2,OPA1,0,3,0.0,0.16805932
E3|Q00987|Q9Y6D0,E3|Q00987,E3,Q00987,Q9Y6D0,MDM2,SELENOK,0,3,0.0,0.14378488
E3|Q00987|Q9BV40,E3|Q00987,E3,Q00987,Q9BV40,MDM2,VAMP8,0,3,0.0,0.078104734
E3|Q00987|P31645,E3|Q00987,E3,Q00987,P31645,MDM2,SLC6A4,0,3,0.0,0.07955074
E3|Q00987|P16070,E3|Q00987,E3,Q00987,P16070,MDM2,CD44,0,3,0.0,0.0875556
E3|Q00987|P17302,E3|Q00987,E3,Q00987,P17302,MDM2,GJA1,0,3,0.0,0.083244376
E3|Q00987|Q70CQ3,E3|Q00987,E3,Q00987,Q70CQ3,MDM2,USP30,0,3,0.0,0.074289836
E3|Q00987|P60903,E3|Q00987,E3,Q00987,P60903,MDM2,S100A10,0,3,0.0,0.1343142
E3|Q00987|Q99759,E3|Q00987,E3,Q00987,Q99759,MDM2,MAP3K3,0,3,0.0,0.83067375
E3|Q00987|O00459,E3|Q00987,E3,Q00987,O00459,MDM2,PIK3R2,0,3,0.0,0.08274396
E3|Q00987|P01912,E3|Q00987,E3,Q00987,P01912,MDM2,HLA-DRB1,0,3,0.0,0.12570296
E3|Q00987|P08393,E3|Q00987,E3,Q00987,P08393,MDM2,ICP0,0,3,0.0,0.41362646
E3|Q00987|P29033,E3|Q00987,E3,Q00987,P29033,MDM2,GJB2,0,3,0.0,0.08651297
E3|Q00987|P00367,E3|Q00987,E3,Q00987,P00367,MDM2,GLUD1,0,3,0.0,0.20548946
E3|Q00987|O60762,E3|Q00987,E3,Q00987,O60762,MDM2,DPM1,0,3,0.0,0.11315071
E3|Q00987|P06127,E3|Q00987,E3,Q00987,P06127,MDM2,CD5,0,3,0.0,0.06974926
E3|Q00987|P0DMV8,E3|Q00987,E3,Q00987,P0DMV8,MDM2,HSPA1A,0,3,0.0,0.9344962
E3|Q00987|P04085,E3|Q00987,E3,Q00987,P04085,MDM2,PDGFA,0,3,0.0,0.07758712
E3|Q00987|O14773,E3|Q00987,E3,Q00987,O14773,MDM2,TPP1,0,3,0.0,0.092063636
E3|Q00987|P61968,E3|Q00987,E3,Q00987,P61968,MDM2,LMO4,0,3,0.0,0.93524134
E3|Q00987|P02751,E3|Q00987,E3,Q00987,P02751,MDM2,FN1,0,3,0.0,0.25603577
E3|Q00987|P05556,E3|Q00987,E3,Q00987,P05556,MDM2,ITGB1,0,3,0.0,0.078733504
E3|Q00987|P36894,E3|Q00987,E3,Q00987,P36894,MDM2,BMPR1A,0,3,0.0,0.17950493
E3|Q12899|Q96PH1,E3|Q12899,E3,Q12899,Q96PH1,TRIM26,NOX5,0,3,0.0,0.14601004
E3|Q12899|Q9NZ45,E3|Q12899,E3,Q12899,Q9NZ45,TRIM26,CISD1,0,3,0.0,0.13677162
E3|Q13077|P55036,E3|Q13077,E3,Q13077,P55036,TRAF1,PSMD4,0,3,0.0,0.94926316
E3|Q13077|P26045,E3|Q13077,E3,Q13077,P26045,TRAF1,PTPN3,0,3,0.0,0.92951244
E3|Q13263|Q8N8V4,E3|Q13263,E3,Q13263,Q8N8V4,TRIM28,ANKS4B,0,3,0.0,0.08963827
E3|Q13263|P54652,E3|Q13263,E3,Q13263,P54652,TRIM28,HSPA2,0,3,0.0,0.94330215
E3|Q13263|Q8IVT5,E3|Q13263,E3,Q13263,Q8IVT5,TRIM28,KSR1,0,3,0.0,0.677242
E3|Q13263|Q16635,E3|Q13263,E3,Q13263,Q16635,TRIM28,TAZ,0,3,0.0,0.29892367
E3|Q14669|O43303,E3|Q14669,E3,Q14669,O43303,TRIP12,CCP110,0,3,0.0,0.34223545
E3|Q14669|O76083,E3|Q14669,E3,Q14669,O76083,TRIP12,PDE9A,0,3,0.0,0.8239087
E3|Q14669|O15399,E3|Q14669,E3,Q14669,O15399,TRIP12,GRIN2D,0,3,0.0,0.091280065
E3|Q14669|P19320,E3|Q14669,E3,Q14669,P19320,TRIP12,VCAM1,0,3,0.0,0.26558587
E3|Q14669|P07197,E3|Q14669,E3,Q14669,P07197,TRIP12,NEFM,0,3,0.0,0.9113027
E3|Q14669|P56750,E3|Q14669,E3,Q14669,P56750,TRIP12,CLDN17,0,3,0.0,0.08699858
E3|Q14669|Q9NWM3,E3|Q14669,E3,Q14669,Q9NWM3,TRIP12,CUEDC1,0,3,0.0,0.42347574
E3|Q53G59|P61328,E3|Q53G59,E3,Q53G59,P61328,KLHL12,FGF12,0,3,0.0,0.7998069
E3|Q53G59|P25116,E3|Q53G59,E3,Q53G59,P25116,KLHL12,F2R,0,3,0.0,0.10098402
E3|Q53G59|P16150,E3|Q53G59,E3,Q53G59,P16150,KLHL12,SPN,0,3,0.0,0.43504512
E3|Q53G59|Q9NZ52,E3|Q53G59,E3,Q53G59,Q9NZ52,KLHL12,GGA3,0,3,0.0,0.3055017
E3|Q53G59|P00367,E3|Q53G59,E3,Q53G59,P00367,KLHL12,GLUD1,0,3,0.0,0.47243673
E3|Q53G59|O00584,E3|Q53G59,E3,Q53G59,O00584,KLHL12,RNASET2,0,3,0.0,0.22941065
E3|Q53G59|Q16611,E3|Q53G59,E3,Q53G59,Q16611,KLHL12,BAK1,0,3,0.0,0.3604553
E3|Q5GLZ8|P55211,E3|Q5GLZ8,E3,Q5GLZ8,P55211,HERC4,CASP9,0,3,0.0,0.271483
E3|Q5VU92|Q96GM5,E3|Q5VU92,E3,Q5VU92,Q96GM5,DCAF12L1,SMARCD1,0,3,0.0,0.6668972
E3|Q5VU92|Q9BYF1,E3|Q5VU92,E3,Q5VU92,Q9BYF1,DCAF12L1,ACE2,0,3,0.0,0.55410576
E3|Q5XPI4|P23025,E3|Q5XPI4,E3,Q5XPI4,P23025,RNF123,XPA,0,3,0.0,0.88225085
E3|Q5XPI4|P20963,E3|Q5XPI4,E3,Q5XPI4,P20963,RNF123,CD247,0,3,0.0,0.09776905
E3|Q5XPI4|Q99708,E3|Q5XPI4,E3,Q5XPI4,Q99708,RNF123,RBBP8,0,3,0.0,0.90352434
E3|Q5XPI4|P04439,E3|Q5XPI4,E3,Q5XPI4,P04439,RNF123,HLA-A,0,3,0.0,0.093671426
E3|Q5XPI4|P56545,E3|Q5XPI4,E3,Q5XPI4,P56545,RNF123,CTBP2,0,3,0.0,0.94003826
E3|Q6P050|Q6ZVM7,E3|Q6P050,E3,Q6P050,Q6ZVM7,FBXL22,TOM1L2,0,3,0.0,0.3796742
E3|Q6P050|P46109,E3|Q6P050,E3,Q6P050,P46109,FBXL22,CRKL,0,3,0.0,0.20637774
E3|Q6P050|Q9NWM3,E3|Q6P050,E3,Q6P050,Q9NWM3,FBXL22,CUEDC1,0,3,0.0,0.3129075
E3|Q6P3S6|Q71DI3,E3|Q6P3S6,E3,Q6P3S6,Q71DI3,FBXO42,H3C15,0,3,0.0,0.12192155
E3|Q6P3S6|Q14145,E3|Q6P3S6,E3,Q6P3S6,Q14145,FBXO42,KEAP1,0,3,0.0,0.7304479
E3|Q6PJ21|P01903,E3|Q6PJ21,E3,Q6PJ21,P01903,SPSB3,HLA-DRA,0,3,0.0,0.21182558
E3|Q7Z419|Q99607,E3|Q7Z419,E3,Q7Z419,Q99607,RNF144B,ELF4,0,3,0.0,0.118625596
E3|Q7Z419|Q05195,E3|Q7Z419,E3,Q7Z419,Q05195,RNF144B,MXD1,0,3,0.0,0.17609112
E3|Q7Z419|Q5VTR2,E3|Q7Z419,E3,Q7Z419,Q5VTR2,RNF144B,RNF20,0,3,0.0,0.23034468
E3|Q7Z6M2|P52566,E3|Q7Z6M2,E3,Q7Z6M2,P52566,FBXO33,ARHGDIB,0,3,0.0,0.4269155
E3|Q7Z6M2|P20671,E3|Q7Z6M2,E3,Q7Z6M2,P20671,FBXO33,H2AC7,0,3,0.0,0.3778228
E3|Q7Z6M2|P01732,E3|Q7Z6M2,E3,Q7Z6M2,P01732,FBXO33,CD8A,0,3,0.0,0.27770662
E3|Q7Z6M2|P50552,E3|Q7Z6M2,E3,Q7Z6M2,P50552,FBXO33,VASP,0,3,0.0,0.60289556
E3|Q86WB0|P22459,E3|Q86WB0,E3,Q86WB0,P22459,ZC3HC1,KCNA4,0,3,0.0,0.46973068
E3|Q86WB0|P07355,E3|Q86WB0,E3,Q86WB0,P07355,ZC3HC1,ANXA2,0,3,0.0,0.90269536
E3|Q86Y01|P46695,E3|Q86Y01,E3,Q86Y01,P46695,DTX1,IER3,0,3,0.0,0.43382165
E3|Q86Y01|Q8IZG5,E3|Q86Y01,E3,Q86Y01,Q8IZG5,DTX1,SS18,0,3,0.0,0.27170566
E3|Q86YT6|P05777,E3|Q86YT6,E3,Q86YT6,P05777,MIB1,M,0,3,0.0,0.18249346
E3|Q86YT6|Q96BF6,E3|Q86YT6,E3,Q86YT6,Q96BF6,MIB1,NACC2,0,3,0.0,0.42387927
E3|Q86YT6|P62487,E3|Q86YT6,E3,Q86YT6,P62487,MIB1,POLR2G,0,3,0.0,0.27346316
E3|Q86YT6|Q99759,E3|Q86YT6,E3,Q86YT6,Q99759,MIB1,MAP3K3,0,3,0.0,0.5689941
E3|Q86YT6|P41182,E3|Q86YT6,E3,Q86YT6,P41182,MIB1,BCL6,0,3,0.0,0.37012103
E3|Q86YT6|P56545,E3|Q86YT6,E3,Q86YT6,P56545,MIB1,CTBP2,0,3,0.0,0.80804276
E3|Q8N2W9|P35555,E3|Q8N2W9,E3,Q8N2W9,P35555,PIAS4,FBN1,0,3,0.0,0.100013964
E3|Q8N2W9|O00429,E3|Q8N2W9,E3,Q8N2W9,O00429,PIAS4,DNM1L,0,3,0.0,0.26546404
E3|Q8N2W9|P55290,E3|Q8N2W9,E3,Q8N2W9,P55290,PIAS4,CDH13,0,3,0.0,0.22297454
E3|Q8N806|Q9UKE5,E3|Q8N806,E3,Q8N806,Q9UKE5,UBR7,TNIK,0,3,0.0,0.44035852
E3|Q8N806|O14773,E3|Q8N806,E3,Q8N806,O14773,UBR7,TPP1,0,3,0.0,0.206074
E3|Q8N9I9|P50553,E3|Q8N9I9,E3,Q8N9I9,P50553,DTX3,ASCL1,0,3,0.0,0.11904517
E3|Q8N9I9|Q9Y2R9,E3|Q8N9I9,E3,Q8N9I9,Q9Y2R9,DTX3,MRPS7,0,3,0.0,0.30744234
E3|Q8N9I9|P53805,E3|Q8N9I9,E3,Q8N9I9,P53805,DTX3,RCAN1,0,3,0.0,0.24361251
E3|Q8N9I9|P05026,E3|Q8N9I9,E3,Q8N9I9,P05026,DTX3,ATP1B1,0,3,0.0,0.3809671
E3|Q8N9I9|Q15561,E3|Q8N9I9,E3,Q8N9I9,Q15561,DTX3,TEAD4,0,3,0.0,0.8414433
E3|Q8WV44|P55211,E3|Q8WV44,E3,Q8WV44,P55211,TRIM41,CASP9,0,3,0.0,0.38214532
E3|Q8WVD3|P01920,E3|Q8WVD3,E3,Q8WVD3,P01920,RNF138,HLA-DQB1,0,3,0.0,0.07712662
E3|Q8WVD3|Q96C92,E3|Q8WVD3,E3,Q8WVD3,Q96C92,RNF138,ENTR1,0,3,0.0,0.51318413
E3|Q8WVD3|P01023,E3|Q8WVD3,E3,Q8WVD3,P01023,RNF138,A2M,0,3,0.0,0.095077865
E3|Q8WVD3|Q9ULJ7,E3|Q8WVD3,E3,Q8WVD3,Q9ULJ7,RNF138,ANKRD50,0,3,0.0,0.17209743
E3|Q8WVD3|P36888,E3|Q8WVD3,E3,Q8WVD3,P36888,RNF138,FLT3,0,3,0.0,0.15488997
E3|Q8WVD3|Q9NR28,E3|Q8WVD3,E3,Q8WVD3,Q9NR28,RNF138,DIABLO,0,3,0.0,0.7121984
E3|Q8WVD3|Q13635,E3|Q8WVD3,E3,Q8WVD3,Q13635,RNF138,PTCH1,0,3,0.0,0.24657989
E3|Q8WXH5|Q07812,E3|Q8WXH5,E3,Q8WXH5,Q07812,SOCS4,BAX,0,3,0.0,0.42413178
E3|Q8WXH5|Q9C026,E3|Q8WXH5,E3,Q8WXH5,Q9C026,SOCS4,TRIM9,0,3,0.0,0.36888152
E3|Q92844|Q8N6T7,E3|Q92844,E3,Q92844,Q8N6T7,TANK,SIRT6,0,3,0.0,0.75288
E3|Q92844|P21359,E3|Q92844,E3,Q92844,P21359,TANK,NF1,0,3,0.0,0.7823173
E3|Q92844|Q15784,E3|Q92844,E3,Q92844,Q15784,TANK,NEUROD2,0,3,0.0,0.48929667
E3|Q92844|A0A1B0GVQ0,E3|Q92844,E3,Q92844,A0A1B0GVQ0,TANK,SPAAR,0,3,0.0,0.20191716
E3|Q92844|O14777,E3|Q92844,E3,Q92844,O14777,TANK,NDC80,0,3,0.0,0.6109531
E3|Q92844|A4F535,E3|Q92844,E3,Q92844,A4F535,TANK,P,0,3,0.0,0.06720283
E3|Q92844|P26927,E3|Q92844,E3,Q92844,P26927,TANK,MST1,0,3,0.0,0.20219514
E3|Q92844|Q9NVF7,E3|Q92844,E3,Q92844,Q9NVF7,TANK,FBXO28,0,3,0.0,0.92993844
E3|Q92844|Q15858,E3|Q92844,E3,Q92844,Q15858,TANK,SCN9A,0,3,0.0,0.27074665
E3|Q92844|P43360,E3|Q92844,E3,Q92844,P43360,TANK,MAGEA6,0,3,0.0,0.9113727
E3|Q969U6|Q9NZ63,E3|Q969U6,E3,Q969U6,Q9NZ63,FBXW5,C9orf78,0,3,0.0,0.43640652
E3|Q969U6|P42336,E3|Q969U6,E3,Q969U6,P42336,FBXW5,PIK3CA,0,3,0.0,0.1541809
E3|Q969U6|P51795,E3|Q969U6,E3,Q969U6,P51795,FBXW5,CLCN5,0,3,0.0,0.11208797
E3|Q969U6|P23760,E3|Q969U6,E3,Q969U6,P23760,FBXW5,PAX3,0,3,0.0,0.34487718
E3|Q969U6|Q8IYD8,E3|Q969U6,E3,Q969U6,Q8IYD8,FBXW5,FANCM,0,3,0.0,0.37008777
E3|Q96CS3|O43541,E3|Q96CS3,E3,Q96CS3,O43541,FAF2,SMAD6,0,3,0.0,0.47679538
E3|Q96EP1|P21802,E3|Q96EP1,E3,Q96EP1,P21802,CHFR,FGFR2,0,3,0.0,0.11317301
E3|Q96EP1|P10636,E3|Q96EP1,E3,Q96EP1,P10636,CHFR,MAPT,0,3,0.0,0.6868055
E3|Q96EP1|P16070,E3|Q96EP1,E3,Q96EP1,P16070,CHFR,CD44,0,3,0.0,0.14132087
E3|Q96EP1|P49327,E3|Q96EP1,E3,Q96EP1,P49327,CHFR,FASN,0,3,0.0,0.47337675
E3|Q96EP1|P62324,E3|Q96EP1,E3,Q96EP1,P62324,CHFR,BTG1,0,3,0.0,0.84187657
E3|Q96EP1|Q8WY41,E3|Q96EP1,E3,Q96EP1,Q8WY41,CHFR,NANOS1,0,3,0.0,0.26000378
E3|Q96EP1|P12757,E3|Q96EP1,E3,Q96EP1,P12757,CHFR,SKIL,0,3,0.0,0.92690134
E3|Q96EP1|Q9P2A4,E3|Q96EP1,E3,Q96EP1,Q9P2A4,CHFR,ABI3,0,3,0.0,0.9241509
E3|Q96EP1|O60784,E3|Q96EP1,E3,Q96EP1,O60784,CHFR,TOM1,0,3,0.0,0.15921292
E3|Q96EP1|Q9UPN3,E3|Q96EP1,E3,Q96EP1,Q9UPN3,CHFR,MACF1,0,3,0.0,0.84670836
E3|Q96EP1|O00221,E3|Q96EP1,E3,Q96EP1,O00221,CHFR,NFKBIE,0,3,0.0,0.8959921
E3|Q96EQ8|Q9H5N1,E3|Q96EQ8,E3,Q96EQ8,Q9H5N1,RNF125,RABEP2,0,3,0.0,0.85172665
E3|Q96EQ8|O76064,E3|Q96EQ8,E3,Q96EQ8,O76064,RNF125,RNF8,0,3,0.0,0.137668
E3|Q96EQ8|Q6Q0C0,E3|Q96EQ8,E3,Q96EQ8,Q6Q0C0,RNF125,TRAF7,0,3,0.0,0.8189492
E3|Q96EQ8|Q86Y01,E3|Q96EQ8,E3,Q96EQ8,Q86Y01,RNF125,DTX1,0,3,0.0,0.7685544
E3|Q96EQ8|P15918,E3|Q96EQ8,E3,Q96EQ8,P15918,RNF125,RAG1,0,3,0.0,0.401647
E3|Q96EQ8|P42574,E3|Q96EQ8,E3,Q96EQ8,P42574,RNF125,CASP3,0,3,0.0,0.6264647
E3|Q96EQ8|Q9H6E5,E3|Q96EQ8,E3,Q96EQ8,Q9H6E5,RNF125,TUT1,0,3,0.0,0.07972771
E3|Q96EQ8|Q9Y2N7,E3|Q96EQ8,E3,Q96EQ8,Q9Y2N7,RNF125,HIF3A,0,3,0.0,0.7319434
E3|Q96EQ8|Q96BF6,E3|Q96EQ8,E3,Q96EQ8,Q96BF6,RNF125,NACC2,0,3,0.0,0.09839289
E3|Q96JP5|O60294,E3|Q96JP5,E3,Q96JP5,O60294,ZFP91,LCMT2,0,3,0.0,0.20572911
E3|Q96JP5|O60858,E3|Q96JP5,E3,Q96JP5,O60858,ZFP91,TRIM13,0,3,0.0,0.14884098
E3|Q96Q27|P13761,E3|Q96Q27,E3,Q96Q27,P13761,ASB2,HLA-DRB1,0,3,0.0,0.12808433
E3|Q96Q27|O00763,E3|Q96Q27,E3,Q96Q27,O00763,ASB2,ACACB,0,3,0.0,0.9104265
E3|Q96T88|O00628,E3|Q96T88,E3,Q96T88,O00628,UHRF1,PEX7,0,3,0.0,0.8126816
E3|Q96T88|P18065,E3|Q96T88,E3,Q96T88,P18065,UHRF1,IGFBP2,0,3,0.0,0.081111446
E3|Q96T88|Q8N6T3,E3|Q96T88,E3,Q96T88,Q8N6T3,UHRF1,ARFGAP1,0,3,0.0,0.25973633
E3|Q96T88|P29317,E3|Q96T88,E3,Q96T88,P29317,UHRF1,EPHA2,0,3,0.0,0.08816391
E3|Q99496|P05777,E3|Q99496,E3,Q99496,P05777,RNF2,M,0,3,0.0,0.33684748
E3|Q99496|Q9BSA4,E3|Q99496,E3,Q99496,Q9BSA4,RNF2,TTYH2,0,3,0.0,0.07426141
E3|Q99496|Q9BV40,E3|Q99496,E3,Q99496,Q9BV40,RNF2,VAMP8,0,3,0.0,0.07377643
E3|Q99496|Q99062,E3|Q99496,E3,Q99496,Q99062,RNF2,CSF3R,0,3,0.0,0.08476598
E3|Q99496|P08034,E3|Q99496,E3,Q99496,P08034,RNF2,GJB1,0,3,0.0,0.07357068
E3|Q99675|C9JYI4,E3|Q99675,E3,Q99675,C9JYI4,CGRRF1,KPNA1,0,3,0.0,0.16492122
E3|Q9BSM1|Q8IZG5,E3|Q9BSM1,E3,Q9BSM1,Q8IZG5,PCGF1,SS18,0,3,0.0,0.947699
E3|Q9BUZ4|P02751,E3|Q9BUZ4,E3,Q9BUZ4,P02751,TRAF4,FN1,0,3,0.0,0.8823514
E3|Q9BV68|O95502,E3|Q9BV68,E3,Q9BV68,O95502,RNF126,NPTXR,0,3,0.0,0.17156889
E3|Q9BV68|P11274,E3|Q9BV68,E3,Q9BV68,P11274,RNF126,BCR,0,3,0.0,0.30367425
E3|Q9BV68|P55017,E3|Q9BV68,E3,Q9BV68,P55017,RNF126,SLC12A3,0,3,0.0,0.21726769
E3|Q9C040|Q16777,E3|Q9C040,E3,Q9C040,Q16777,TRIM2,H2AC20,0,3,0.0,0.48690432
E3|Q9C040|P06213,E3|Q9C040,E3,Q9C040,P06213,TRIM2,INSR,0,3,0.0,0.30894703
E3|Q9C040|Q15059,E3|Q9C040,E3,Q9C040,Q15059,TRIM2,BRD3,0,3,0.0,0.28806037
E3|Q9H0F6|P21589,E3|Q9H0F6,E3,Q9H0F6,P21589,SHARPIN,NT5E,0,3,0.0,0.6425342
E3|Q9H0H3|P26038,E3|Q9H0H3,E3,Q9H0H3,P26038,KLHL25,MSN,0,3,0.0,0.20360161
E3|Q9H0H3|P30307,E3|Q9H0H3,E3,Q9H0H3,P30307,KLHL25,CDC25C,0,3,0.0,0.41603127
E3|Q9H4M3|P32314,E3|Q9H4M3,E3,Q9H4M3,P32314,FBXO44,FOXN2,0,3,0.0,0.6597763
E3|Q9H4M3|P35609,E3|Q9H4M3,E3,Q9H4M3,P35609,FBXO44,ACTN2,0,3,0.0,0.574888
E3|Q9H4M3|Q05513,E3|Q9H4M3,E3,Q9H4M3,Q05513,FBXO44,PRKCZ,0,3,0.0,0.24622528
E3|Q9H4M3|Q99814,E3|Q9H4M3,E3,Q9H4M3,Q99814,FBXO44,EPAS1,0,3,0.0,0.736664
E3|Q9H4P4|Q9H1I8,E3|Q9H4P4,E3,Q9H4P4,Q9H1I8,RNF41,ASCC2,0,3,0.0,0.21126087
E3|Q9H4P4|Q29974,E3|Q9H4P4,E3,Q9H4P4,Q29974,RNF41,HLA-DRB1,0,3,0.0,0.05073919
E3|Q9H4P4|Q9BUZ4,E3|Q9H4P4,E3,Q9H4P4,Q9BUZ4,RNF41,TRAF4,0,3,0.0,0.88984054
E3|Q9H4P4|O75444,E3|Q9H4P4,E3,Q9H4P4,O75444,RNF41,MAF,0,3,0.0,0.105965674
E3|Q9H4P4|O95947,E3|Q9H4P4,E3,Q9H4P4,O95947,RNF41,TBX6,0,3,0.0,0.28906173
E3|Q9H4P4|Q13148,E3|Q9H4P4,E3,Q9H4P4,Q13148,RNF41,TARDBP,0,3,0.0,0.29359943
E3|Q9H4P4|Q9NZJ0,E3|Q9H4P4,E3,Q9H4P4,Q9NZJ0,RNF41,DTL,0,3,0.0,0.27445507
E3|Q9H4P4|O15431,E3|Q9H4P4,E3,Q9H4P4,O15431,RNF41,SLC31A1,0,3,0.0,0.7464399
E3|Q9H4P4|O15105,E3|Q9H4P4,E3,Q9H4P4,O15105,RNF41,SMAD7,0,3,0.0,0.19757333
E3|Q9H4P4|P37275,E3|Q9H4P4,E3,Q9H4P4,P37275,RNF41,ZEB1,0,3,0.0,0.09812594
E3|Q9H4P4|O14763,E3|Q9H4P4,E3,Q9H4P4,O14763,RNF41,TNFRSF10B,0,3,0.0,0.75134414
E3|Q9H4P4|Q9BYP7,E3|Q9H4P4,E3,Q9H4P4,Q9BYP7,RNF41,WNK3,0,3,0.0,0.4913706
E3|Q9H4P4|O14543,E3|Q9H4P4,E3,Q9H4P4,O14543,RNF41,SOCS3,0,3,0.0,0.6418447
E3|Q9H4P4|P35659,E3|Q9H4P4,E3,Q9H4P4,P35659,RNF41,DEK,0,3,0.0,0.097188614
E3|Q9H4P4|Q96HS1,E3|Q9H4P4,E3,Q9H4P4,Q96HS1,RNF41,PGAM5,0,3,0.0,0.31552038
E3|Q9H4P4|Q9H160,E3|Q9H4P4,E3,Q9H4P4,Q9H160,RNF41,ING2,0,3,0.0,0.088602856
E3|Q9H4P4|Q96ST3,E3|Q9H4P4,E3,Q9H4P4,Q96ST3,RNF41,SIN3A,0,3,0.0,0.08779922
E3|Q9H4P4|P31785,E3|Q9H4P4,E3,Q9H4P4,P31785,RNF41,IL2RG,0,3,0.0,0.59271723
E3|Q9H4P4|P60321,E3|Q9H4P4,E3,Q9H4P4,P60321,RNF41,NANOS2,0,3,0.0,0.14609623
E3|Q9H4P4|Q8TDM6,E3|Q9H4P4,E3,Q9H4P4,Q8TDM6,RNF41,DLG5,0,3,0.0,0.764134
E3|Q9H4P4|Q13740,E3|Q9H4P4,E3,Q9H4P4,Q13740,RNF41,ALCAM,0,3,0.0,0.45189756
E3|Q9H4P4|P35869,E3|Q9H4P4,E3,Q9H4P4,P35869,RNF41,AHR,0,3,0.0,0.13623565
E3|Q9H4P4|Q8TCG1,E3|Q9H4P4,E3,Q9H4P4,Q8TCG1,RNF41,CIP2A,0,3,0.0,0.061326403
E3|Q9H4P4|O43395,E3|Q9H4P4,E3,Q9H4P4,O43395,RNF41,PRPF3,0,3,0.0,0.08736453
E3|Q9H4P4|Q8IYM9,E3|Q9H4P4,E3,Q9H4P4,Q8IYM9,RNF41,TRIM22,0,3,0.0,0.14529148
E3|Q9H4P4|P46100,E3|Q9H4P4,E3,Q9H4P4,P46100,RNF41,ATRX,0,3,0.0,0.11200051
E3|Q9NSE2|Q9I788,E3|Q9NSE2,E3,Q9NSE2,Q9I788,CISH,exoT,0,3,0.0,0.12919343
E3|Q9NSE2|P53350,E3|Q9NSE2,E3,Q9NSE2,P53350,CISH,PLK1,0,3,0.0,0.45660448
E3|Q9NW38|P55085,E3|Q9NW38,E3,Q9NW38,P55085,FANCL,F2RL1,0,3,0.0,0.08809371
E3|Q9NXI6|P04271,E3|Q9NXI6,E3,Q9NXI6,P04271,RNF186,S100B,0,3,0.0,0.44182035
E3|Q9NXI6|O14503,E3|Q9NXI6,E3,Q9NXI6,O14503,RNF186,BHLHE40,0,3,0.0,0.12186005
E3|Q9NXK8|P19838,E3|Q9NXK8,E3,Q9NXK8,P19838,FBXL12,NFKB1,0,3,0.0,0.871614
E3|Q9NXK8|P48048,E3|Q9NXK8,E3,Q9NXK8,P48048,FBXL12,KCNJ1,0,3,0.0,0.1020809
E3|Q9NXK8|Q9BRJ7,E3|Q9NXK8,E3,Q9NXK8,Q9BRJ7,FBXL12,NUDT16L1,0,3,0.0,0.6710008
E3|Q9NXK8|O15399,E3|Q9NXK8,E3,Q9NXK8,O15399,FBXL12,GRIN2D,0,3,0.0,0.12250252
E3|Q9NXK8|Q99714,E3|Q9NXK8,E3,Q9NXK8,Q99714,FBXL12,PTPN5,0,3,0.0,0.096717015
E3|Q9NXK8|P26038,E3|Q9NXK8,E3,Q9NXK8,P26038,FBXL12,MSN,0,3,0.0,0.718489
E3|Q9NXK8|P78543,E3|Q9NXK8,E3,Q9NXK8,P78543,FBXL12,BTG2,0,3,0.0,0.7739999
E3|Q9NXK8|P41212,E3|Q9NXK8,E3,Q9NXK8,P41212,FBXL12,ETV6,0,3,0.0,0.91086465
E3|Q9NXK8|Q9Y5Y9,E3|Q9NXK8,E3,Q9NXK8,Q9Y5Y9,FBXL12,SCN10A,0,3,0.0,0.117369376
E3|Q9NXK8|Q70SY1,E3|Q9NXK8,E3,Q9NXK8,Q70SY1,FBXL12,CREB3L2,0,3,0.0,0.16321172
E3|Q9NYG5|O75882,E3|Q9NYG5,E3,Q9NYG5,O75882,ANAPC11,ATRN,0,3,0.0,0.13972157
E3|Q9P0P0|O43602,E3|Q9P0P0,E3,Q9P0P0,O43602,RNF181,DCX,0,3,0.0,0.9139065
E3|Q9P0P0|O94953,E3|Q9P0P0,E3,Q9P0P0,O94953,RNF181,KDM4B,0,3,0.0,0.9099627
E3|Q9P0P0|O75376,E3|Q9P0P0,E3,Q9P0P0,O75376,RNF181,NCOR1,0,3,0.0,0.79946446
E3|Q9P0P0|Q9Y6J0,E3|Q9P0P0,E3,Q9P0P0,Q9Y6J0,RNF181,CABIN1,0,3,0.0,0.6586023
E3|Q9P0P0|P01100,E3|Q9P0P0,E3,Q9P0P0,P01100,RNF181,FOS,0,3,0.0,0.7980665
E3|Q9P0P0|Q9H5V8,E3|Q9P0P0,E3,Q9P0P0,Q9H5V8,RNF181,CDCP1,0,3,0.0,0.14843737
E3|Q9UK22|Q7L7L0,E3|Q9UK22,E3,Q9UK22,Q7L7L0,FBXO2,H2AW,0,3,0.0,0.19307356
E3|Q9UK22|Q92466,E3|Q9UK22,E3,Q9UK22,Q92466,FBXO2,DDB2,0,3,0.0,0.15948977
E3|Q9UK22|Q9UHV7,E3|Q9UK22,E3,Q9UK22,Q9UHV7,FBXO2,MED13,0,3,0.0,0.15564191
E3|Q9UK22|P13761,E3|Q9UK22,E3,Q9UK22,P13761,FBXO2,HLA-DRB1,0,3,0.0,0.08388285
E3|Q9UK96|Q15303,E3|Q9UK96,E3,Q9UK96,Q15303,FBXO10,ERBB4,0,3,0.0,0.29828382
E3|Q9UK97|Q9NZQ7,E3|Q9UK97,E3,Q9UK97,Q9NZQ7,FBXO9,CD274,0,3,0.0,0.2763277
E3|Q9UK97|Q92466,E3|Q9UK97,E3,Q9UK97,Q92466,FBXO9,DDB2,0,3,0.0,0.86055815
E3|Q9UK97|Q8N519,E3|Q9UK97,E3,Q9UK97,Q8N519,FBXO9,,0,3,0.0,0.32885596
E3|Q9UKV5|Q9NYB9,E3|Q9UKV5,E3,Q9UKV5,Q9NYB9,AMFR,ABI2,0,3,0.0,0.10927422
E3|Q9UKV5|P19784,E3|Q9UKV5,E3,Q9UKV5,P19784,AMFR,CSNK2A2,0,3,0.0,0.07369428
E3|Q9UKV5|P35573,E3|Q9UKV5,E3,Q9UKV5,P35573,AMFR,AGL,0,3,0.0,0.079101376
E3|Q9UKV5|Q15911,E3|Q9UKV5,E3,Q9UKV5,Q15911,AMFR,ZFHX3,0,3,0.0,0.071421854
E3|Q9UKV5|Q86YC2,E3|Q9UKV5,E3,Q9UKV5,Q86YC2,AMFR,PALB2,0,3,0.0,0.07045336
E3|Q9UKV5|P04198,E3|Q9UKV5,E3,Q9UKV5,P04198,AMFR,MYCN,0,3,0.0,0.07765526
E3|Q9UKV5|O75376,E3|Q9UKV5,E3,Q9UKV5,O75376,AMFR,NCOR1,0,3,0.0,0.06748117
E3|Q9UKV5|Q9UBN7,E3|Q9UKV5,E3,Q9UKV5,Q9UBN7,AMFR,HDAC6,0,3,0.0,0.13754123
E3|Q9UKV5|Q15726,E3|Q9UKV5,E3,Q9UKV5,Q15726,AMFR,KISS1,0,3,0.0,0.8905213
E3|Q9UKV5|Q13547,E3|Q9UKV5,E3,Q9UKV5,Q13547,AMFR,HDAC1,0,3,0.0,0.0706596
E3|Q9UKV5|P0DP91,E3|Q9UKV5,E3,Q9UKV5,P0DP91,AMFR,ERCC6,0,3,0.0,0.06510634
E3|Q9UKV5|Q9BSL1,E3|Q9UKV5,E3,Q9UKV5,Q9BSL1,AMFR,UBAC1,0,3,0.0,0.17998391
E3|Q9UKV5|Q9P219,E3|Q9UKV5,E3,Q9UKV5,Q9P219,AMFR,CCDC88C,0,3,0.0,0.6269294
E3|Q9UKV5|Q96C92,E3|Q9UKV5,E3,Q9UKV5,Q96C92,AMFR,ENTR1,0,3,0.0,0.14793538
E3|Q9UKV5|O94782,E3|Q9UKV5,E3,Q9UKV5,O94782,AMFR,USP1,0,3,0.0,0.073757
E3|Q9UKV5|P11686,E3|Q9UKV5,E3,Q9UKV5,P11686,AMFR,SFTPC,0,3,0.0,0.9284163
E3|Q9UKV5|Q8NFZ0,E3|Q9UKV5,E3,Q9UKV5,Q8NFZ0,AMFR,FBXO18,0,3,0.0,0.07564883
E3|Q9UKV5|O15379,E3|Q9UKV5,E3,Q9UKV5,O15379,AMFR,HDAC3,0,3,0.0,0.07012432
E3|Q9UKV5|P62805,E3|Q9UKV5,E3,Q9UKV5,P62805,AMFR,H4C1,0,3,0.0,0.06166317
E3|Q9UKV5|P09467,E3|Q9UKV5,E3,Q9UKV5,P09467,AMFR,FBP1,0,3,0.0,0.087785035
E3|Q9UKV5|Q96FW1,E3|Q9UKV5,E3,Q9UKV5,Q96FW1,AMFR,OTUB1,0,3,0.0,0.17958914
E3|Q9UM11|Q8IZG5,E3|Q9UM11,E3,Q9UM11,Q8IZG5,FZR1,SS18,0,3,0.0,0.87214416
E3|Q9UM11|P16471,E3|Q9UM11,E3,Q9UM11,P16471,FZR1,PRLR,0,3,0.0,0.6261958
E3|Q9UM11|P04233,E3|Q9UM11,E3,Q9UM11,P04233,FZR1,CD74,0,3,0.0,0.12509269
E3|Q9UM11|O00233,E3|Q9UM11,E3,Q9UM11,O00233,FZR1,PSMD9,0,3,0.0,0.9038318
E3|Q9UM11|Q95IE3,E3|Q9UM11,E3,Q9UM11,Q95IE3,FZR1,HLA-DRB1,0,3,0.0,0.17671676
E3|Q9UM11|P29965,E3|Q9UM11,E3,Q9UM11,P29965,FZR1,CD40LG,0,3,0.0,0.10729674
E3|Q9UM11|P08678,E3|Q9UM11,E3,Q9UM11,P08678,FZR1,CYR1,0,3,0.0,0.54425955
E3|Q9UM11|P62253,E3|Q9UM11,E3,Q9UM11,P62253,FZR1,UBE2G1,0,3,0.0,0.1205647
E3|Q9UM11|P61968,E3|Q9UM11,E3,Q9UM11,P61968,FZR1,LMO4,0,3,0.0,0.910174
E3|Q9UM11|Q7L8J4,E3|Q9UM11,E3,Q9UM11,Q7L8J4,FZR1,SH3BP5L,0,3,0.0,0.8506299
E3|Q9UM11|Q13571,E3|Q9UM11,E3,Q9UM11,Q13571,FZR1,LAPTM5,0,3,0.0,0.112469204
E3|Q9UM11|P11686,E3|Q9UM11,E3,Q9UM11,P11686,FZR1,SFTPC,0,3,0.0,0.08842527
E3|Q9UM11|Q15388,E3|Q9UM11,E3,Q9UM11,Q15388,FZR1,TOMM20,0,3,0.0,0.1865721
E3|Q9UM11|O15399,E3|Q9UM11,E3,Q9UM11,O15399,FZR1,GRIN2D,0,3,0.0,0.0916903
E3|Q9UM11|Q9UNK0,E3|Q9UM11,E3,Q9UM11,Q9UNK0,FZR1,STX8,0,3,0.0,0.120102264
E3|Q9UM11|P10586,E3|Q9UM11,E3,Q9UM11,P10586,FZR1,PTPRF,0,3,0.0,0.08420992
E3|Q9UM11|O43561,E3|Q9UM11,E3,Q9UM11,O43561,FZR1,LAT,0,3,0.0,0.10288217
E3|Q9UM11|Q96LA5,E3|Q9UM11,E3,Q9UM11,Q96LA5,FZR1,FCRL2,0,3,0.0,0.09093695
E3|Q9UM11|Q30167,E3|Q9UM11,E3,Q9UM11,Q30167,FZR1,HLA-DRB1,0,3,0.0,0.08394457
E3|Q9UM11|Q8WU17,E3|Q9UM11,E3,Q9UM11,Q8WU17,FZR1,RNF139,0,3,0.0,0.088584684
E3|Q9UM11|Q15386,E3|Q9UM11,E3,Q9UM11,Q15386,FZR1,UBE3C,0,3,0.0,0.17575377
E3|Q9UM11|F5HEZ4,E3|Q9UM11,E3,Q9UM11,F5HEZ4,FZR1,ORF71,0,3,0.0,0.32836702
E3|Q9UM11|Q13873,E3|Q9UM11,E3,Q9UM11,Q13873,FZR1,BMPR2,0,3,0.0,0.10242592
E3|Q9UM11|P55085,E3|Q9UM11,E3,Q9UM11,P55085,FZR1,F2RL1,0,3,0.0,0.08307801
E3|Q9Y2M5|P54829,E3|Q9Y2M5,E3,Q9Y2M5,P54829,KLHL20,STK36,0,3,0.0,0.8432776
E3|Q9Y4L5|Q08AJ9,E3|Q9Y4L5,E3,Q9Y4L5,Q08AJ9,RNF115,HIST1H2AB,0,3,0.0,0.1119449
E3|Q9Y4L5|Q8NHL6,E3|Q9Y4L5,E3,Q9Y4L5,Q8NHL6,RNF115,LILRB1,0,3,0.0,0.8309628
DUB|A6NNY8|P08069,DUB|A6NNY8,DUB,A6NNY8,P08069,USP27X,IGF1R,0,3,0.0,0.19450502
DUB|A6NNY8|O14737,DUB|A6NNY8,DUB,A6NNY8,O14737,USP27X,PDCD5,0,3,0.0,0.38556534
DUB|A6NNY8|P36894,DUB|A6NNY8,DUB,A6NNY8,P36894,USP27X,BMPR1A,0,3,0.0,0.33148742
DUB|O00507|P98170,DUB|O00507,DUB,O00507,P98170,USP9Y,XIAP,0,3,0.0,0.571858
DUB|O00507|Q15388,DUB|O00507,DUB,O00507,Q15388,USP9Y,TOMM20,0,3,0.0,0.37708485
DUB|O95630|P49411,DUB|O95630,DUB,O95630,P49411,STAMBP,TUFM,0,3,0.0,0.723682
DUB|P09936|Q9H7L9,DUB|P09936,DUB,P09936,Q9H7L9,UCHL1,SUDS3,0,3,0.0,0.3690359
DUB|P09936|O43684,DUB|P09936,DUB,P09936,O43684,UCHL1,BUB3,0,3,0.0,0.26099214
DUB|P09936|P51965,DUB|P09936,DUB,P09936,P51965,UCHL1,UBE2E1,0,3,0.0,0.7549876
DUB|P09936|Q9H211,DUB|P09936,DUB,P09936,Q9H211,UCHL1,CDT1,0,3,0.0,0.1814116
DUB|P09936|P14780,DUB|P09936,DUB,P09936,P14780,UCHL1,MMP9,0,3,0.0,0.8017628
DUB|P09936|Q12888,DUB|P09936,DUB,P09936,Q12888,UCHL1,TP53BP1,0,3,0.0,0.22831787
DUB|P09936|Q6FI13,DUB|P09936,DUB,P09936,Q6FI13,UCHL1,HIST2H2AA4,0,3,0.0,0.22638501
DUB|P09936|Q9ULT8,DUB|P09936,DUB,P09936,Q9ULT8,UCHL1,HECTD1,0,3,0.0,0.26270816
DUB|P09936|O75461,DUB|P09936,DUB,P09936,O75461,UCHL1,E2F6,0,3,0.0,0.3154321
DUB|P54252|Q5XPI4,DUB|P54252,DUB,P54252,Q5XPI4,ATXN3,RNF123,0,3,0.0,0.3706663
DUB|P54252|Q9UHD2,DUB|P54252,DUB,P54252,Q9UHD2,ATXN3,TBK1,0,3,0.0,0.69118387
DUB|P54252|Q15154,DUB|P54252,DUB,P54252,Q15154,ATXN3,PCM1,0,3,0.0,0.9093837
DUB|P54252|A0A291NLA3,DUB|P54252,DUB,P54252,A0A291NLA3,ATXN3,SIGIRR,0,3,0.0,0.29654574
DUB|Q6P468|P61073,DUB|Q6P468,DUB,Q6P468,P61073,USP9X,CXCR4,0,3,0.0,0.14153862
DUB|Q6P468|P26927,DUB|Q6P468,DUB,Q6P468,P26927,USP9X,MST1,0,3,0.0,0.15709393
DUB|Q6P468|Q9UER7,DUB|Q6P468,DUB,Q6P468,Q9UER7,USP9X,DAXX,0,3,0.0,0.7768524
DUB|Q7L8S5|P04179,DUB|Q7L8S5,DUB,Q7L8S5,P04179,OTUD6A,SOD2,0,3,0.0,0.3472048
DUB|Q7L8S5|P04049,DUB|Q7L8S5,DUB,Q7L8S5,P04049,OTUD6A,RAF1,0,3,0.0,0.644043
DUB|Q7L8S5|Q9H6Z9,DUB|Q7L8S5,DUB,Q7L8S5,Q9H6Z9,OTUD6A,EGLN3,0,3,0.0,0.57188034
DUB|Q7L8S5|Q8WWY3,DUB|Q7L8S5,DUB,Q7L8S5,Q8WWY3,OTUD6A,PRPF31,0,3,0.0,0.5719704
DUB|Q86UV5|P21860,DUB|Q86UV5,DUB,Q86UV5,P21860,USP48,ERBB3,0,3,0.0,0.15928645
DUB|Q93009|Q05586,DUB|Q93009,DUB,Q93009,Q05586,USP7,GRIN1,0,3,0.0,0.07954837
DUB|Q93009|Q15388,DUB|Q93009,DUB,Q93009,Q15388,USP7,TOMM20,0,3,0.0,0.173547
DUB|Q93009|P42261,DUB|Q93009,DUB,Q93009,P42261,USP7,GRIA1,0,3,0.0,0.09158274
DUB|Q93009|Q9UPY5,DUB|Q93009,DUB,Q93009,Q9UPY5,USP7,SLC7A11,0,3,0.0,0.06543352
DUB|Q93009|Q9NYV9,DUB|Q93009,DUB,Q93009,Q9NYV9,USP7,TAS2R13,0,3,0.0,0.28024992
DUB|Q93009|Q9HA47,DUB|Q93009,DUB,Q93009,Q9HA47,USP7,UCK1,0,3,0.0,0.15549603
DUB|Q93009|O15554,DUB|Q93009,DUB,Q93009,O15554,USP7,KCNN4,0,3,0.0,0.06941412
DUB|Q93009|Q8IVP5,DUB|Q93009,DUB,Q93009,Q8IVP5,USP7,FUNDC1,0,3,0.0,0.09444158
DUB|Q93009|P10145,DUB|Q93009,DUB,Q93009,P10145,USP7,CXCL8,0,3,0.0,0.07248866
DUB|Q93009|P36897,DUB|Q93009,DUB,Q93009,P36897,USP7,TGFBR1,0,3,0.0,0.08233376
DUB|Q93009|Q9UKV5,DUB|Q93009,DUB,Q93009,Q9UKV5,USP7,AMFR,0,3,0.0,0.07107525
DUB|Q93009|A0A291NLA3,DUB|Q93009,DUB,Q93009,A0A291NLA3,USP7,SIGIRR,0,3,0.0,0.06637181
DUB|Q93009|A2AIR5,DUB|Q93009,DUB,Q93009,A2AIR5,USP7,Grin3a,0,3,0.0,0.8901339
DUB|Q93009|Q03518,DUB|Q93009,DUB,Q93009,Q03518,USP7,TAP1,0,3,0.0,0.06485516
DUB|Q93009|Q12809,DUB|Q93009,DUB,Q93009,Q12809,USP7,KCNH2,0,3,0.0,0.08053848
DUB|Q93009|P08069,DUB|Q93009,DUB,Q93009,P08069,USP7,IGF1R,0,3,0.0,0.08373479
DUB|Q93009|P25445,DUB|Q93009,DUB,Q93009,P25445,USP7,FAS,0,3,0.0,0.55090225
DUB|Q93009|P14780,DUB|Q93009,DUB,Q93009,P14780,USP7,MMP9,0,3,0.0,0.46281627
DUB|Q93009|Q13635,DUB|Q93009,DUB,Q93009,Q13635,USP7,PTCH1,0,3,0.0,0.11540908
DUB|Q93009|Q04771,DUB|Q93009,DUB,Q93009,Q04771,USP7,ACVR1,0,3,0.0,0.072330855
DUB|Q93009|Q9Y256,DUB|Q93009,DUB,Q93009,Q9Y256,USP7,RCE1,0,3,0.0,0.08748703
DUB|Q93009|P07550,DUB|Q93009,DUB,Q93009,P07550,USP7,ADRB2,0,3,0.0,0.08190462
DUB|Q93009|P18084,DUB|Q93009,DUB,Q93009,P18084,USP7,ITGB5,0,3,0.0,0.103337996
DUB|Q93009|O15519,DUB|Q93009,DUB,Q93009,O15519,USP7,CFLAR,0,3,0.0,0.21876991
DUB|Q93009|Q9Y570,DUB|Q93009,DUB,Q93009,Q9Y570,USP7,PPME1,0,3,0.0,0.84380674
DUB|Q93009|Q9UBS5,DUB|Q93009,DUB,Q93009,Q9UBS5,USP7,GABBR1,0,3,0.0,0.13325551
DUB|Q93009|P78344,DUB|Q93009,DUB,Q93009,P78344,USP7,EIF4G2,0,3,0.0,0.4027094
DUB|Q93009|Q9ULT8,DUB|Q93009,DUB,Q93009,Q9ULT8,USP7,HECTD1,0,3,0.0,0.91259074
DUB|Q93009|O95180,DUB|Q93009,DUB,Q93009,O95180,USP7,CACNA1H,0,3,0.0,0.08332147
DUB|Q93009|Q9H5J4,DUB|Q93009,DUB,Q93009,Q9H5J4,USP7,ELOVL6,0,3,0.0,0.1407269
DUB|Q93009|O75365,DUB|Q93009,DUB,Q93009,O75365,USP7,PTP4A3,0,3,0.0,0.83821213
DUB|Q93009|P37023,DUB|Q93009,DUB,Q93009,P37023,USP7,ACVRL1,0,3,0.0,0.0769042
DUB|Q96DC9|Q00987,DUB|Q96DC9,DUB,Q96DC9,Q00987,OTUB2,MDM2,0,3,0.0,0.64993197
DUB|Q96DC9|Q99496,DUB|Q96DC9,DUB,Q96DC9,Q99496,OTUB2,RNF2,0,3,0.0,0.6814682
DUB|Q96DC9|P08253,DUB|Q96DC9,DUB,Q96DC9,P08253,OTUB2,MMP2,0,3,0.0,0.5577063
DUB|Q96DC9|Q96J02,DUB|Q96DC9,DUB,Q96DC9,Q96J02,OTUB2,ITCH,0,3,0.0,0.60078394
DUB|Q96DC9|O15111,DUB|Q96DC9,DUB,Q96DC9,O15111,OTUB2,CHUK,0,3,0.0,0.63847077
DUB|Q96DC9|Q9P2Y5,DUB|Q96DC9,DUB,Q96DC9,Q9P2Y5,OTUB2,UVRAG,0,3,0.0,0.7308793
DUB|Q96DC9|Q9UGP5,DUB|Q96DC9,DUB,Q96DC9,Q9UGP5,OTUB2,POLL,0,3,0.0,0.46283692
DUB|Q96DC9|Q9H8V3,DUB|Q96DC9,DUB,Q96DC9,Q9H8V3,OTUB2,ECT2,0,3,0.0,0.77907324
DUB|Q96RU2|P35228,DUB|Q96RU2,DUB,Q96RU2,P35228,USP28,NOS2,0,3,0.0,0.28712943
DUB|Q96RU2|P01584,DUB|Q96RU2,DUB,Q96RU2,P01584,USP28,IL1B,0,3,0.0,0.53657
DUB|Q96RU2|Q96RJ0,DUB|Q96RU2,DUB,Q96RU2,Q96RJ0,USP28,TAAR1,0,3,0.0,0.41557157
DUB|Q96RU2|O95835,DUB|Q96RU2,DUB,Q96RU2,O95835,USP28,LATS1,0,3,0.0,0.73454803
DUB|Q96RU2|P37088,DUB|Q96RU2,DUB,Q96RU2,P37088,USP28,SCNN1A,0,3,0.0,0.16596657
DUB|Q96RU2|Q16828,DUB|Q96RU2,DUB,Q96RU2,Q16828,USP28,DUSP6,0,3,0.0,0.3817264
DUB|Q96RU2|Q12809,DUB|Q96RU2,DUB,Q96RU2,Q12809,USP28,KCNH2,0,3,0.0,0.16642803
DUB|Q96RU2|Q9H257,DUB|Q96RU2,DUB,Q96RU2,Q9H257,USP28,CARD9,0,3,0.0,0.67714894
DUB|Q9NQC7|P15407,DUB|Q9NQC7,DUB,Q9NQC7,P15407,CYLD,FOSL1,0,3,0.0,0.54329234
DUB|Q9NQC7|O14737,DUB|Q9NQC7,DUB,Q9NQC7,O14737,CYLD,PDCD5,0,3,0.0,0.20911676
DUB|Q9NQC7|O00512,DUB|Q9NQC7,DUB,Q9NQC7,O00512,CYLD,BCL9,0,3,0.0,0.3887045
DUB|Q9NQC7|P51965,DUB|Q9NQC7,DUB,Q9NQC7,P51965,CYLD,UBE2E1,0,3,0.0,0.86768997
DUB|Q9NQC7|P62807,DUB|Q9NQC7,DUB,Q9NQC7,P62807,CYLD,HIST1H2BI,0,3,0.0,0.2683549
DUB|Q9NQC7|Q16778,DUB|Q9NQC7,DUB,Q9NQC7,Q16778,CYLD,HIST2H2BE,0,3,0.0,0.2695281
DUB|Q9NQC7|P04908,DUB|Q9NQC7,DUB,Q9NQC7,P04908,CYLD,HIST1H2AE,0,3,0.0,0.19519421
DUB|Q9NQC7|Q8NAP3,DUB|Q9NQC7,DUB,Q9NQC7,Q8NAP3,CYLD,ZBTB38,0,3,0.0,0.29141554
DUB|Q9NQC7|Q99538,DUB|Q9NQC7,DUB,Q9NQC7,Q99538,CYLD,LGMN,0,3,0.0,0.28926906
DUB|Q9NQC7|P26927,DUB|Q9NQC7,DUB,Q9NQC7,P26927,CYLD,MST1,0,3,0.0,0.2174113
DUB|Q9NQC7|Q16777,DUB|Q9NQC7,DUB,Q9NQC7,Q16777,CYLD,HIST2H2AC,0,3,0.0,0.34298608
DUB|Q9NQC7|Q8IXJ9,DUB|Q9NQC7,DUB,Q9NQC7,Q8IXJ9,CYLD,ASXL1,0,3,0.0,0.72976565
DUB|Q9NQC7|O75943,DUB|Q9NQC7,DUB,Q9NQC7,O75943,CYLD,RAD17,0,3,0.0,0.87495404
DUB|Q9NQC7|P35659,DUB|Q9NQC7,DUB,Q9NQC7,P35659,CYLD,DEK,0,3,0.0,0.48173025
DUB|Q9NQC7|P30291,DUB|Q9NQC7,DUB,Q9NQC7,P30291,CYLD,WEE1,0,3,0.0,0.46227875
DUB|Q9P275|P37023,DUB|Q9P275,DUB,Q9P275,P37023,USP36,ACVRL1,0,3,0.0,0.121584825
DUB|Q9P275|P36894,DUB|Q9P275,DUB,Q9P275,P36894,USP36,BMPR1A,0,3,0.0,0.18876222
DUB|Q9P275|O75365,DUB|Q9P275,DUB,Q9P275,O75365,USP36,PTP4A3,0,3,0.0,0.74873
DUB|Q9UMW8|P21796,DUB|Q9UMW8,DUB,Q9UMW8,P21796,USP18,VDAC1,0,3,0.0,0.1388398
DUB|Q9UMW8|P07550,DUB|Q9UMW8,DUB,Q9UMW8,P07550,USP18,ADRB2,0,3,0.0,0.09624081
DUB|Q9UMW8|P17302,DUB|Q9UMW8,DUB,Q9UMW8,P17302,USP18,GJA1,0,3,0.0,0.08029548
DUB|Q9Y2K6|O60341,DUB|Q9Y2K6,DUB,Q9Y2K6,O60341,USP20,KDM1A,0,3,0.0,0.66469145
DUB|Q9Y2K6|O75461,DUB|Q9Y2K6,DUB,Q9Y2K6,O75461,USP20,E2F6,0,3,0.0,0.61240685
DUB|Q9Y2K6|Q9Y253,DUB|Q9Y2K6,DUB,Q9Y2K6,Q9Y253,USP20,POLH,0,3,0.0,0.6002664
DUB|Q9Y2K6|Q9HCX3,DUB|Q9Y2K6,DUB,Q9Y2K6,Q9HCX3,USP20,ZNF304,0,3,0.0,0.68454885
DUB|Q9Y2K6|P36897,DUB|Q9Y2K6,DUB,Q9Y2K6,P36897,USP20,TGFBR1,0,3,0.0,0.32190257
DUB|Q9Y2K6|P24864,DUB|Q9Y2K6,DUB,Q9Y2K6,P24864,USP20,CCNE1,0,3,0.0,0.5989327
DUB|Q9Y2K6|O43521,DUB|Q9Y2K6,DUB,Q9Y2K6,O43521,USP20,BCL2L11,0,3,0.0,0.8481551
DUB|Q9Y2K6|Q8IVP5,DUB|Q9Y2K6,DUB,Q9Y2K6,Q8IVP5,USP20,FUNDC1,0,3,0.0,0.49255964
DUB|Q9Y2K6|A2AIR5,DUB|Q9Y2K6,DUB,Q9Y2K6,A2AIR5,USP20,Grin3a,0,3,0.0,0.61958456
DUB|Q9Y2K6|P20226,DUB|Q9Y2K6,DUB,Q9Y2K6,P20226,USP20,TBP,0,3,0.0,0.58071524
DUB|Q9Y2K6|P04198,DUB|Q9Y2K6,DUB,Q9Y2K6,P04198,USP20,MYCN,0,3,0.0,0.7814877
DUB|Q9Y5T5|Q8TB45,DUB|Q9Y5T5,DUB,Q9Y5T5,Q8TB45,USP16,DEPTOR,0,3,0.0,0.46073067
DUB|Q9Y5T5|O14737,DUB|Q9Y5T5,DUB,Q9Y5T5,O14737,USP16,PDCD5,0,3,0.0,0.24167456
E3|O00635|O00635,E3|O00635,E3,O00635,O00635,TRIM38,TRIM38,1,4,1.0,0.7699957
E3|O00635|Q9Y4K3,E3|O00635,E3,O00635,Q9Y4K3,TRIM38,TRAF6,1,4,1.0,0.39782277
E3|O14965|P04179,E3|O14965,E3,O14965,P04179,AURKA,SOD2,1,4,1.0,0.78624886
E3|O60337|O60337,E3|O60337,E3,O60337,O60337,MARCHF6,MARCHF6,1,4,1.0,0.939761
E3|O60337|Q14534,E3|O60337,E3,O60337,Q14534,MARCHF6,SQLE,1,4,1.0,0.9072932
E3|O60337|Q92813,E3|O60337,E3,O60337,Q92813,MARCHF6,DIO2,1,4,1.0,0.8000831
E3|O60683|P50542,E3|O60683,E3,O60683,P50542,PEX10,PEX5,1,4,1.0,0.82916635
E3|O60858|O60858,E3|O60858,E3,O60858,O60858,TRIM13,TRIM13,1,4,1.0,0.9463374
E3|O60858|P04234,E3|O60858,E3,O60858,P04234,TRIM13,CD3D,1,4,1.0,0.9235848
E3|O60858|P22736,E3|O60858,E3,O60858,P22736,TRIM13,NR4A1,1,4,1.0,0.47009593
E3|O60858|P31749,E3|O60858,E3,O60858,P31749,TRIM13,AKT1,1,4,1.0,0.84733176
E3|O60858|P31751,E3|O60858,E3,O60858,P31751,TRIM13,AKT2,1,4,1.0,0.8992222
E3|O60858|P55072,E3|O60858,E3,O60858,P55072,TRIM13,VCP,1,4,1.0,0.8948625
E3|O60858|Q00987,E3|O60858,E3,O60858,Q00987,TRIM13,MDM2,1,4,1.0,0.19690397
E3|O75150|Q16623,E3|O75150,E3,O75150,Q16623,RNF40,STX1A,1,4,1.0,0.09781942
E3|O75150|Q16778,E3|O75150,E3,O75150,Q16778,RNF40,H2BC21,1,4,1.0,0.87544835
E3|O75150|Q96A08,E3|O75150,E3,O75150,Q96A08,RNF40,H2BC1,1,4,1.0,0.889965
E3|O75150|Q9UQ80,E3|O75150,E3,O75150,Q9UQ80,RNF40,PA2G4,1,4,1.0,0.6271305
E3|O75159|P00533,E3|O75159,E3,O75159,P00533,SOCS5,EGFR,1,4,1.0,0.7170357
E3|O75159|P42224,E3|O75159,E3,O75159,P42224,SOCS5,STAT1,1,4,1.0,0.38380852
E3|O75928|P42224,E3|O75928,E3,O75928,P42224,PIAS2,STAT1,1,4,1.0,0.8701652
E3|O95786|Q9NX47,E3|O95786,E3,O95786,Q9NX47,DDX58,MARCHF5,1,4,1.0,0.3703829
E3|P09874|Q8IUQ4,E3|P09874,E3,P09874,Q8IUQ4,PARP1,SIAH1,1,4,1.0,0.9644446
E3|P0C2W1|O15350,E3|P0C2W1,E3,P0C2W1,O15350,FBXO45,TP73,1,4,1.0,0.86027837
E3|P0C2W1|O43623,E3|P0C2W1,E3,P0C2W1,O43623,FBXO45,SNAI2,1,4,1.0,0.88396364
E3|P0C2W1|O60315,E3|P0C2W1,E3,P0C2W1,O60315,FBXO45,ZEB2,1,4,1.0,0.81860393
E3|P0C2W1|O95863,E3|P0C2W1,E3,P0C2W1,O95863,FBXO45,SNAI1,1,4,1.0,0.8511028
E3|P0C2W1|P37275,E3|P0C2W1,E3,P0C2W1,P37275,FBXO45,ZEB1,1,4,1.0,0.8011015
E3|P0C2W1|Q15672,E3|P0C2W1,E3,P0C2W1,Q15672,FBXO45,TWIST1,1,4,1.0,0.8251282
E3|P0C2W1|Q969H0,E3|P0C2W1,E3,P0C2W1,Q969H0,FBXO45,FBXW7,1,4,1.0,0.8347106
E3|P0C2W1|Q96IZ0,E3|P0C2W1,E3,P0C2W1,Q96IZ0,FBXO45,PAWR,1,4,1.0,0.7933126
E3|P12830|O14965,E3|P12830,E3,P12830,O14965,CDH1,AURKA,1,4,1.0,0.9679652
E3|P37231|P15941,E3|P37231,E3,P37231,P15941,PPARG,MUC1,1,4,1.0,0.4033653
E3|P37231|Q04206,E3|P37231,E3,P37231,Q04206,PPARG,RELA,1,4,1.0,0.96895736
E3|P37231|Q9BQE4,E3|P37231,E3,P37231,Q9BQE4,PPARG,SELENOS,1,4,1.0,0.1589659
E3|P37231|Q9Y6D0,E3|P37231,E3,P37231,Q9Y6D0,PPARG,SELENOK,1,4,1.0,0.07793222
E3|P46934|A8MYT4,E3|P46934,E3,P46934,A8MYT4,NEDD4,PIK3C3,1,4,1.0,0.83555573
E3|P46934|O14641,E3|P46934,E3,P46934,O14641,NEDD4,DVL2,1,4,1.0,0.9588956
E3|P46934|O14964,E3|P46934,E3,P46934,O14964,NEDD4,HGS,1,4,1.0,0.9614035
E3|P46934|O14980,E3|P46934,E3,P46934,O14980,NEDD4,XPO1,1,4,1.0,0.6184139
E3|P46934|O15399,E3|P46934,E3,P46934,O15399,NEDD4,GRIN2D,1,4,1.0,0.856006
E3|P46934|O15431,E3|P46934,E3,P46934,O15431,NEDD4,SLC31A1,1,4,1.0,0.95504725
E3|P46934|O43490,E3|P46934,E3,P46934,O43490,NEDD4,PROM1,1,4,1.0,0.87105364
E3|P46934|O43597,E3|P46934,E3,P46934,O43597,NEDD4,SPRY2,1,4,1.0,0.9554529
E3|P46934|O75113,E3|P46934,E3,P46934,O75113,NEDD4,N4BP1,1,4,1.0,0.8187123
E3|P46934|O75444,E3|P46934,E3,P46934,O75444,NEDD4,MAF,1,4,1.0,0.50324094
E3|P46934|O75473,E3|P46934,E3,P46934,O75473,NEDD4,LGR5,1,4,1.0,0.8156584
E3|P46934|O75843,E3|P46934,E3,P46934,O75843,NEDD4,AP1G2,1,4,1.0,0.9439606
E3|P46934|O95835,E3|P46934,E3,P46934,O95835,NEDD4,LATS1,1,4,1.0,0.9632028
E3|P46934|O95999,E3|P46934,E3,P46934,O95999,NEDD4,BCL10,1,4,1.0,0.74700505
E3|P46934|P00533,E3|P46934,E3,P46934,P00533,NEDD4,EGFR,1,4,1.0,0.9572106
E3|P46934|P01106,E3|P46934,E3,P46934,P01106,NEDD4,MYC,1,4,1.0,0.61976135
E3|P46934|P01111,E3|P46934,E3,P46934,P01111,NEDD4,NRAS,1,4,1.0,0.9352788
E3|P46934|P01112,E3|P46934,E3,P46934,P01112,NEDD4,HRAS,1,4,1.0,0.9469914
E3|P46934|P01116,E3|P46934,E3,P46934,P01116,NEDD4,KRAS,1,4,1.0,0.94029933
E3|P46934|P04198,E3|P46934,E3,P46934,P04198,NEDD4,MYCN,1,4,1.0,0.5104702
E3|P46934|P04629,E3|P46934,E3,P46934,P04629,NEDD4,NTRK1,1,4,1.0,0.95573384
E3|P46934|P07550,E3|P46934,E3,P46934,P07550,NEDD4,ADRB2,1,4,1.0,0.8880477
E3|P46934|P07948,E3|P46934,E3,P46934,P07948,NEDD4,LYN,1,4,1.0,0.9495813
E3|P46934|P08069,E3|P46934,E3,P46934,P08069,NEDD4,IGF1R,1,4,1.0,0.91116184
E3|P46934|P08183,E3|P46934,E3,P46934,P08183,NEDD4,ABCB1,1,4,1.0,0.9036638
E3|P46934|P10114,E3|P46934,E3,P46934,P10114,NEDD4,RAP2A,1,4,1.0,0.9290955
E3|P46934|P10275,E3|P46934,E3,P46934,P10275,NEDD4,AR,1,4,1.0,0.5516362
E3|P46934|P10523,E3|P46934,E3,P46934,P10523,NEDD4,SAG,1,4,1.0,0.71220726
E3|P46934|P11362,E3|P46934,E3,P46934,P11362,NEDD4,FGFR1,1,4,1.0,0.9446648
E3|P46934|P12931,E3|P46934,E3,P46934,P12931,NEDD4,SRC,1,4,1.0,0.9556851
E3|P46934|P17302,E3|P46934,E3,P46934,P17302,NEDD4,GJA1,1,4,1.0,0.9330873
E3|P46934|P19634,E3|P46934,E3,P46934,P19634,NEDD4,SLC9A1,1,4,1.0,0.879555
E3|P46934|P21860,E3|P46934,E3,P46934,P21860,NEDD4,ERBB3,1,4,1.0,0.94600964
E3|P46934|P23759,E3|P46934,E3,P46934,P23759,NEDD4,PAX7,1,4,1.0,0.44653565
E3|P46934|P24928,E3|P46934,E3,P46934,P24928,NEDD4,POLR2A,1,4,1.0,0.5117536
E3|P46934|P25116,E3|P46934,E3,P46934,P25116,NEDD4,F2R,1,4,1.0,0.84899515
E3|P46934|P27216,E3|P46934,E3,P46934,P27216,NEDD4,ANXA13,1,4,1.0,0.95320433
E3|P46934|P31749,E3|P46934,E3,P46934,P31749,NEDD4,AKT1,1,4,1.0,0.94785535
E3|P46934|P31751,E3|P46934,E3,P46934,P31751,NEDD4,AKT2,1,4,1.0,0.95065457
E3|P46934|P35968,E3|P46934,E3,P46934,P35968,NEDD4,KDR,1,4,1.0,0.94481885
E3|P46934|P37231,E3|P46934,E3,P46934,P37231,NEDD4,PPARG,1,4,1.0,0.54092336
E3|P46934|P37840,E3|P46934,E3,P46934,P37840,NEDD4,SNCA,1,4,1.0,0.95307976
E3|P46934|P38936,E3|P46934,E3,P46934,P38936,NEDD4,CDKN1A,1,4,1.0,0.6692188
E3|P46934|P42261,E3|P46934,E3,P46934,P42261,NEDD4,GRIA1,1,4,1.0,0.8855959
E3|P46934|P42566,E3|P46934,E3,P46934,P42566,NEDD4,EPS15,1,4,1.0,0.9608979
E3|P46934|P43005,E3|P46934,E3,P46934,P43005,NEDD4,SLC1A1,1,4,1.0,0.864552
E3|P46934|P43405,E3|P46934,E3,P46934,P43405,NEDD4,SYK,1,4,1.0,0.9505466
E3|P46934|P46531,E3|P46934,E3,P46934,P46531,NEDD4,NOTCH1,1,4,1.0,0.9449296
E3|P46934|P46934,E3|P46934,E3,P46934,P46934,NEDD4,NEDD4,1,4,1.0,0.9613745
E3|P46934|P51168,E3|P46934,E3,P46934,P51168,NEDD4,SCNN1B,1,4,1.0,0.92925376
E3|P46934|P51170,E3|P46934,E3,P46934,P51170,NEDD4,SCNN1G,1,4,1.0,0.85420054
E3|P46934|P55036,E3|P46934,E3,P46934,P55036,NEDD4,PSMD4,1,4,1.0,0.70806825
E3|P46934|P60484,E3|P46934,E3,P46934,P60484,NEDD4,PTEN,1,4,1.0,0.9387421
E3|P46934|P68431,E3|P46934,E3,P46934,P68431,NEDD4,H3C1,1,4,1.0,0.50680614
E3|P46934|P98170,E3|P46934,E3,P46934,P98170,NEDD4,XIAP,1,4,1.0,0.8127888
E3|P46934|Q00987,E3|P46934,E3,P46934,Q00987,NEDD4,MDM2,1,4,1.0,0.6834735
E3|P46934|Q01628,E3|P46934,E3,P46934,Q01628,NEDD4,IFITM3,1,4,1.0,0.9033116
E3|P46934|Q01959,E3|P46934,E3,P46934,Q01959,NEDD4,SLC6A3,1,4,1.0,0.89873046
E3|P46934|Q07912,E3|P46934,E3,P46934,Q07912,NEDD4,TNK2,1,4,1.0,0.9617848
E3|P46934|Q13501,E3|P46934,E3,P46934,Q13501,NEDD4,SQSTM1,1,4,1.0,0.95622486
E3|P46934|Q13571,E3|P46934,E3,P46934,Q13571,NEDD4,LAPTM5,1,4,1.0,0.933115
E3|P46934|Q14457,E3|P46934,E3,P46934,Q14457,NEDD4,BECN1,1,4,1.0,0.95787394
E3|P46934|Q14524,E3|P46934,E3,P46934,Q14524,NEDD4,SCN5A,1,4,1.0,0.9269524
E3|P46934|Q15012,E3|P46934,E3,P46934,Q15012,NEDD4,LAPTM4A,1,4,1.0,0.7807929
E3|P46934|Q15303,E3|P46934,E3,P46934,Q15303,NEDD4,ERBB4,1,4,1.0,0.96339214
E3|P46934|Q16655,E3|P46934,E3,P46934,Q16655,NEDD4,MLANA,1,4,1.0,0.9032497
E3|P46934|Q2F514,E3|P46934,E3,P46934,Q2F514,NEDD4,X,1,4,1.0,0.4641714
E3|P46934|Q2KJY2,E3|P46934,E3,P46934,Q2KJY2,NEDD4,KIF26B,1,4,1.0,0.9593589
E3|P46934|Q4VCS5,E3|P46934,E3,P46934,Q4VCS5,NEDD4,AMOT,1,4,1.0,0.95462114
E3|P46934|Q5MJ70,E3|P46934,E3,P46934,Q5MJ70,NEDD4,SPDYA,1,4,1.0,0.7479352
E3|P46934|Q6PJG6,E3|P46934,E3,P46934,Q6PJG6,NEDD4,BRAT1,1,4,1.0,0.69950825
E3|P46934|Q86Y01,E3|P46934,E3,P46934,Q86Y01,NEDD4,DTX1,1,4,1.0,0.7812506
E3|P46934|Q8WUM4,E3|P46934,E3,P46934,Q8WUM4,NEDD4,PDCD6IP,1,4,1.0,0.95524997
E3|P46934|Q92734,E3|P46934,E3,P46934,Q92734,NEDD4,TFG,1,4,1.0,0.9580341
E3|P46934|Q969T9,E3|P46934,E3,P46934,Q969T9,NEDD4,WBP2,1,4,1.0,0.81623715
E3|P46934|Q96BF3,E3|P46934,E3,P46934,Q96BF3,NEDD4,TMIGD2,1,4,1.0,0.8830902
E3|P46934|Q96FV9,E3|P46934,E3,P46934,Q96FV9,NEDD4,THOC1,1,4,1.0,0.5468028
E3|P46934|Q96GG9,E3|P46934,E3,P46934,Q96GG9,NEDD4,DCUN1D1,1,4,1.0,0.71627885
E3|P46934|Q96NT3,E3|P46934,E3,P46934,Q96NT3,NEDD4,GUCD1,1,4,1.0,0.64158404
E3|P46934|Q99755,E3|P46934,E3,P46934,Q99755,NEDD4,PIP5K1A,1,4,1.0,0.96040833
E3|P46934|Q99816,E3|P46934,E3,P46934,Q99816,NEDD4,TSG101,1,4,1.0,0.9432357
E3|P46934|Q9BSA4,E3|P46934,E3,P46934,Q9BSA4,NEDD4,TTYH2,1,4,1.0,0.8980728
E3|P46934|Q9BT67,E3|P46934,E3,P46934,Q9BT67,NEDD4,NDFIP1,1,4,1.0,0.9225253
E3|P46934|Q9BXB1,E3|P46934,E3,P46934,Q9BXB1,NEDD4,LGR4,1,4,1.0,0.95274866
E3|P46934|Q9H4B6,E3|P46934,E3,P46934,Q9H4B6,NEDD4,SAV1,1,4,1.0,0.7906257
E3|P46934|Q9HC16,E3|P46934,E3,P46934,Q9HC16,NEDD4,APOBEC3G,1,4,1.0,0.7389179
E3|P46934|Q9NV92,E3|P46934,E3,P46934,Q9NV92,NEDD4,NDFIP2,1,4,1.0,0.90771633
E3|P46934|Q9NYA4,E3|P46934,E3,P46934,Q9NYA4,NEDD4,MTMR4,1,4,1.0,0.9387786
E3|P46934|Q9NZ52,E3|P46934,E3,P46934,Q9NZ52,NEDD4,GGA3,1,4,1.0,0.9426426
E3|P46934|Q9UBF6,E3|P46934,E3,P46934,Q9UBF6,NEDD4,RNF7,1,4,1.0,0.74730545
E3|P46934|Q9UHD2,E3|P46934,E3,P46934,Q9UHD2,NEDD4,TBK1,1,4,1.0,0.81107783
E3|P46934|Q9UIH9,E3|P46934,E3,P46934,Q9UIH9,NEDD4,KLF15,1,4,1.0,0.3992856
E3|P46934|Q9UJM3,E3|P46934,E3,P46934,Q9UJM3,NEDD4,ERRFI1,1,4,1.0,0.957208
E3|P46934|Q9UKG1,E3|P46934,E3,P46934,Q9UKG1,NEDD4,APPL1,1,4,1.0,0.9454751
E3|P46934|Q9Y243,E3|P46934,E3,P46934,Q9Y243,NEDD4,AKT3,1,4,1.0,0.81789553
E3|P46934|Q9Y3C5,E3|P46934,E3,P46934,Q9Y3C5,NEDD4,RNF11,1,4,1.0,0.96176535
E3|P46934|Q9Y4G8,E3|P46934,E3,P46934,Q9Y4G8,NEDD4,RAPGEF2,1,4,1.0,0.9307056
E3|P46934|Q9Y4H2,E3|P46934,E3,P46934,Q9Y4H2,NEDD4,IRS2,1,4,1.0,0.75839365
E3|P46934|Q9Y5U5,E3|P46934,E3,P46934,Q9Y5U5,NEDD4,TNFRSF18,1,4,1.0,0.86169785
E3|P53804|P31749,E3|P53804,E3,P53804,P31749,TTC3,AKT1,1,4,1.0,0.9112309
E3|P53804|P31751,E3|P53804,E3,P53804,P31751,TTC3,AKT2,1,4,1.0,0.88805354
E3|P53804|Q9Y243,E3|P53804,E3,P53804,Q9Y243,TTC3,AKT3,1,4,1.0,0.6217222
E3|P54725|Q15672,E3|P54725,E3,P54725,Q15672,RAD23A,TWIST1,1,4,1.0,0.81351924
E3|P90495|P04439,E3|P90495,E3,P90495,P04439,K3,HLA-A,1,4,1.0,0.40028793
E3|P90495|P15260,E3|P90495,E3,P90495,P15260,K3,IFNGR1,1,4,1.0,0.40405086
E3|P90495|P15813,E3|P90495,E3,P90495,P15813,K3,CD1D,1,4,1.0,0.6584845
E3|P98170|O14618,E3|P98170,E3,P98170,O14618,XIAP,CCS,1,4,1.0,0.8580994
E3|P98170|O15392,E3|P98170,E3,P98170,O15392,XIAP,BIRC5,1,4,1.0,0.85183024
E3|P98170|O43236,E3|P98170,E3,P98170,O43236,XIAP,SEPTIN4,1,4,1.0,0.29497853
E3|P98170|O43318,E3|P98170,E3,P98170,O43318,XIAP,MAP3K7,1,4,1.0,0.8169561
E3|P98170|O43353,E3|P98170,E3,P98170,O43353,XIAP,RIPK2,1,4,1.0,0.72869974
E3|P98170|O95831,E3|P98170,E3,P98170,O95831,XIAP,AIFM1,1,4,1.0,0.87365955
E3|P98170|P04049,E3|P98170,E3,P98170,P04049,XIAP,RAF1,1,4,1.0,0.80851865
E3|P98170|P0DMV8,E3|P98170,E3,P98170,P0DMV8,XIAP,HSPA1A,1,4,1.0,0.91491216
E3|P98170|P37198,E3|P98170,E3,P98170,P37198,XIAP,NUP62,1,4,1.0,0.80289483
E3|P98170|P42574,E3|P98170,E3,P98170,P42574,XIAP,CASP3,1,4,1.0,0.8637108
E3|P98170|P55008,E3|P98170,E3,P98170,P55008,XIAP,AIF1,1,4,1.0,0.33533147
E3|P98170|P55210,E3|P98170,E3,P98170,P55210,XIAP,CASP7,1,4,1.0,0.8320195
E3|P98170|P55211,E3|P98170,E3,P98170,P55211,XIAP,CASP9,1,4,1.0,0.55778176
E3|P98170|P57078,E3|P98170,E3,P98170,P57078,XIAP,RIPK4,1,4,1.0,0.8799034
E3|P98170|P60484,E3|P98170,E3,P98170,P60484,XIAP,PTEN,1,4,1.0,0.8203522
E3|P98170|P98170,E3|P98170,E3,P98170,P98170,XIAP,XIAP,1,4,1.0,0.92123485
E3|P98170|Q04724,E3|P98170,E3,P98170,Q04724,XIAP,TLE1,1,4,1.0,0.75948924
E3|P98170|Q04725,E3|P98170,E3,P98170,Q04725,XIAP,TLE2,1,4,1.0,0.82793784
E3|P98170|Q04726,E3|P98170,E3,P98170,Q04726,XIAP,TLE3,1,4,1.0,0.8315222
E3|P98170|Q04727,E3|P98170,E3,P98170,Q04727,XIAP,TLE4,1,4,1.0,0.8586997
E3|P98170|Q08117,E3|P98170,E3,P98170,Q08117,XIAP,TLE5,1,4,1.0,0.34331948
E3|P98170|Q14790,E3|P98170,E3,P98170,Q14790,XIAP,CASP8,1,4,1.0,0.89562505
E3|P98170|Q6GPH4,E3|P98170,E3,P98170,Q6GPH4,XIAP,XAF1,1,4,1.0,0.87137926
E3|P98170|Q8N668,E3|P98170,E3,P98170,Q8N668,XIAP,COMMD1,1,4,1.0,0.9007375
E3|P98170|Q96HS1,E3|P98170,E3,P98170,Q96HS1,XIAP,PGAM5,1,4,1.0,0.8855252
E3|P98170|Q99759,E3|P98170,E3,P98170,Q99759,XIAP,MAP3K3,1,4,1.0,0.8597406
E3|P98170|Q9NR28,E3|P98170,E3,P98170,Q9NR28,XIAP,DIABLO,1,4,1.0,0.84705395
E3|P98170|Q9Y2U5,E3|P98170,E3,P98170,Q9Y2U5,XIAP,MAP3K2,1,4,1.0,0.71861273
E3|Q12834|O60566,E3|Q12834,E3,Q12834,O60566,CDC20,BUB1B,1,4,1.0,0.9724292
E3|Q12834|O95997,E3|Q12834,E3,Q12834,O95997,CDC20,PTTG1,1,4,1.0,0.8795668
E3|Q12834|P13762,E3|Q12834,E3,Q12834,P13762,CDC20,HLA-DRB4,1,4,1.0,0.060655914
E3|Q12834|P14635,E3|Q12834,E3,Q12834,P14635,CDC20,CCNB1,1,4,1.0,0.97174996
E3|Q12834|P20248,E3|Q12834,E3,Q12834,P20248,CDC20,CCNA2,1,4,1.0,0.95749456
E3|Q12834|P23497,E3|Q12834,E3,Q12834,P23497,CDC20,SP100,1,4,1.0,0.95073277
E3|Q12834|P38936,E3|Q12834,E3,Q12834,P38936,CDC20,CDKN1A,1,4,1.0,0.90237
E3|Q12834|P46527,E3|Q12834,E3,Q12834,P46527,CDC20,CDKN1B,1,4,1.0,0.91055477
E3|Q12834|P49454,E3|Q12834,E3,Q12834,P49454,CDC20,CENPF,1,4,1.0,0.9702707
E3|Q12834|P51955,E3|Q12834,E3,Q12834,P51955,CDC20,NEK2,1,4,1.0,0.90623415
E3|Q12834|Q01196,E3|Q12834,E3,Q12834,Q01196,CDC20,RUNX1,1,4,1.0,0.9647493
E3|Q12834|Q03164,E3|Q12834,E3,Q12834,Q03164,CDC20,KMT2A,1,4,1.0,0.9582824
E3|Q12834|Q07820,E3|Q12834,E3,Q12834,Q07820,CDC20,MCL1,1,4,1.0,0.75555027
E3|Q12834|Q15784,E3|Q12834,E3,Q12834,Q15784,CDC20,NEUROD2,1,4,1.0,0.92113256
E3|Q12834|Q9H492,E3|Q12834,E3,Q12834,Q9H492,CDC20,MAP1LC3A,1,4,1.0,0.95929503
E3|Q12834|Q9NS23,E3|Q12834,E3,Q12834,Q9NS23,CDC20,RASSF1,1,4,1.0,0.94423276
E3|Q12834|Q9UBZ9,E3|Q12834,E3,Q12834,Q9UBZ9,CDC20,REV1,1,4,1.0,0.3141454
E3|Q12834|Q9UPP1,E3|Q12834,E3,Q12834,Q9UPP1,CDC20,PHF8,1,4,1.0,0.8532811
E3|Q12834|Q9Y2T1,E3|Q12834,E3,Q12834,Q9Y2T1,CDC20,AXIN2,1,4,1.0,0.9398875
E3|Q12834|Q9Y4A5,E3|Q12834,E3,Q12834,Q9Y4A5,CDC20,TRRAP,1,4,1.0,0.96199465
E3|Q13064|P11940,E3|Q13064,E3,Q13064,P11940,MKRN3,PABPC1,1,4,1.0,0.8481306
E3|Q13114|O43318,E3|Q13114,E3,Q13114,O43318,TRAF3,MAP3K7,1,4,1.0,0.95308197
E3|Q13114|O75385,E3|Q13114,E3,Q13114,O75385,TRAF3,ULK1,1,4,1.0,0.78808296
E3|Q13114|P63279,E3|Q13114,E3,Q13114,P63279,TRAF3,UBE2I,1,4,1.0,0.9335331
E3|Q13114|Q14164,E3|Q13114,E3,Q13114,Q14164,TRAF3,IKBKE,1,4,1.0,0.86175317
E3|Q13114|Q99558,E3|Q13114,E3,Q13114,Q99558,TRAF3,MAP3K14,1,4,1.0,0.9269801
E3|Q13114|Q9UHD2,E3|Q13114,E3,Q13114,Q9UHD2,TRAF3,TBK1,1,4,1.0,0.9171747
E3|Q13489|O43353,E3|Q13489,E3,Q13489,O43353,BIRC3,RIPK2,1,4,1.0,0.5822034
E3|Q13489|O95999,E3|Q13489,E3,Q13489,O95999,BIRC3,BCL10,1,4,1.0,0.9153184
E3|Q13489|P10914,E3|Q13489,E3,Q13489,P10914,BIRC3,IRF1,1,4,1.0,0.91958594
E3|Q13489|P42574,E3|Q13489,E3,Q13489,P42574,BIRC3,CASP3,1,4,1.0,0.91222316
E3|Q13489|P55210,E3|Q13489,E3,Q13489,P55210,BIRC3,CASP7,1,4,1.0,0.8347448
E3|Q13489|P57078,E3|Q13489,E3,Q13489,P57078,BIRC3,RIPK4,1,4,1.0,0.92413396
E3|Q13489|Q12933,E3|Q13489,E3,Q13489,Q12933,BIRC3,TRAF2,1,4,1.0,0.9355233
E3|Q13489|Q13077,E3|Q13489,E3,Q13489,Q13077,BIRC3,TRAF1,1,4,1.0,0.89073783
E3|Q13489|Q13114,E3|Q13489,E3,Q13489,Q13114,BIRC3,TRAF3,1,4,1.0,0.85862243
E3|Q13489|Q13489,E3|Q13489,E3,Q13489,Q13489,BIRC3,BIRC3,1,4,1.0,0.95777005
E3|Q13489|Q13546,E3|Q13489,E3,Q13489,Q13546,BIRC3,RIPK1,1,4,1.0,0.74636745
E3|Q13489|Q13601,E3|Q13489,E3,Q13489,Q13601,BIRC3,KRR1,1,4,1.0,0.9336631
E3|Q13489|Q14164,E3|Q13489,E3,Q13489,Q14164,BIRC3,IKBKE,1,4,1.0,0.8600928
E3|Q13489|Q14790,E3|Q13489,E3,Q13489,Q14790,BIRC3,CASP8,1,4,1.0,0.9363851
E3|Q13489|Q86VP3,E3|Q13489,E3,Q13489,Q86VP3,BIRC3,PACS2,1,4,1.0,0.70650274
E3|Q13489|Q92844,E3|Q13489,E3,Q13489,Q92844,BIRC3,TANK,1,4,1.0,0.9232118
E3|Q13489|Q99558,E3|Q13489,E3,Q13489,Q99558,BIRC3,MAP3K14,1,4,1.0,0.9392011
E3|Q13489|Q9NR28,E3|Q13489,E3,Q13489,Q9NR28,BIRC3,DIABLO,1,4,1.0,0.8218342
E3|Q13489|Q9UDY8,E3|Q13489,E3,Q13489,Q9UDY8,BIRC3,MALT1,1,4,1.0,0.9267048
E3|Q13489|Q9Y4K3,E3|Q13489,E3,Q13489,Q9Y4K3,BIRC3,TRAF6,1,4,1.0,0.9197886
E3|Q13489|Q9Y572,E3|Q13489,E3,Q13489,Q9Y572,BIRC3,RIPK3,1,4,1.0,0.9041276
E3|Q13490|O43353,E3|Q13490,E3,Q13490,O43353,BIRC2,RIPK2,1,4,1.0,0.79090333
E3|Q13490|P42574,E3|Q13490,E3,Q13490,P42574,BIRC2,CASP3,1,4,1.0,0.7197328
E3|Q13490|P55060,E3|Q13490,E3,Q13490,P55060,BIRC2,CSE1L,1,4,1.0,0.8105247
E3|Q13490|P55210,E3|Q13490,E3,Q13490,P55210,BIRC2,CASP7,1,4,1.0,0.80986166
E3|Q13490|P57078,E3|Q13490,E3,Q13490,P57078,BIRC2,RIPK4,1,4,1.0,0.8100145
E3|Q13490|P63000,E3|Q13490,E3,Q13490,P63000,BIRC2,RAC1,1,4,1.0,0.681399
E3|Q13490|Q05195,E3|Q13490,E3,Q13490,Q05195,BIRC2,MXD1,1,4,1.0,0.5240629
E3|Q13490|Q12933,E3|Q13490,E3,Q13490,Q12933,BIRC2,TRAF2,1,4,1.0,0.844845
E3|Q13490|Q13077,E3|Q13490,E3,Q13490,Q13077,BIRC2,TRAF1,1,4,1.0,0.59815377
E3|Q13490|Q13114,E3|Q13490,E3,Q13490,Q13114,BIRC2,TRAF3,1,4,1.0,0.8574647
E3|Q13490|Q13490,E3|Q13490,E3,Q13490,Q13490,BIRC2,BIRC2,1,4,1.0,0.89949435
E3|Q13490|Q13546,E3|Q13490,E3,Q13490,Q13546,BIRC2,RIPK1,1,4,1.0,0.84735245
E3|Q13490|Q14164,E3|Q13490,E3,Q13490,Q14164,BIRC2,IKBKE,1,4,1.0,0.7785592
E3|Q13490|Q14790,E3|Q13490,E3,Q13490,Q14790,BIRC2,CASP8,1,4,1.0,0.80937654
E3|Q13490|Q86VP3,E3|Q13490,E3,Q13490,Q86VP3,BIRC2,PACS2,1,4,1.0,0.8540733
E3|Q13490|Q8NBP7,E3|Q13490,E3,Q13490,Q8NBP7,BIRC2,PCSK9,1,4,1.0,0.20328273
E3|Q13490|Q92844,E3|Q13490,E3,Q13490,Q92844,BIRC2,TANK,1,4,1.0,0.80345404
E3|Q13490|Q96HS1,E3|Q13490,E3,Q13490,Q96HS1,BIRC2,PGAM5,1,4,1.0,0.85408163
E3|Q13490|Q99558,E3|Q13490,E3,Q13490,Q99558,BIRC2,MAP3K14,1,4,1.0,0.73633736
E3|Q13490|Q99683,E3|Q13490,E3,Q13490,Q99683,BIRC2,MAP3K5,1,4,1.0,0.7153717
E3|Q13490|Q9NR28,E3|Q13490,E3,Q13490,Q9NR28,BIRC2,DIABLO,1,4,1.0,0.8519605
E3|Q13490|Q9Y4K3,E3|Q13490,E3,Q13490,Q9Y4K3,BIRC2,TRAF6,1,4,1.0,0.83207434
E3|Q13490|Q9Y572,E3|Q13490,E3,Q13490,Q9Y572,BIRC2,RIPK3,1,4,1.0,0.68812245
E3|Q13490|Q9Y6D9,E3|Q13490,E3,Q13490,Q9Y6D9,BIRC2,MAD1L1,1,4,1.0,0.8846219
E3|Q13490|Q9Y6K9,E3|Q13490,E3,Q13490,Q9Y6K9,BIRC2,IKBKG,1,4,1.0,0.8448032
E3|Q15386|O15169,E3|Q15386,E3,Q15386,O15169,UBE3C,AXIN1,1,4,1.0,0.8450486
E3|Q15386|O75155,E3|Q15386,E3,Q15386,O75155,UBE3C,CAND2,1,4,1.0,0.5759024
E3|Q15386|Q09666,E3|Q15386,E3,Q15386,Q09666,UBE3C,AHNAK,1,4,1.0,0.5687478
E3|Q15386|Q15386,E3|Q15386,E3,Q15386,Q15386,UBE3C,UBE3C,1,4,1.0,0.8186137
E3|Q15386|Q8NEB9,E3|Q15386,E3,Q15386,Q8NEB9,UBE3C,PIK3C3,1,4,1.0,0.4639637
E3|Q2Q1W2|Q6ZN17,E3|Q2Q1W2,E3,Q2Q1W2,Q6ZN17,TRIM71,LIN28B,1,4,1.0,0.9248541
E3|Q5TA31|P46937,E3|Q5TA31,E3,Q5TA31,P46937,RNF187,YAP1,1,4,1.0,0.86759806
E3|Q5U5R9|O75925,E3|Q5U5R9,E3,Q5U5R9,O75925,HECTD2,PIAS1,1,4,1.0,0.37882468
E3|Q5VTB9|O75182,E3|Q5VTB9,E3,Q5VTB9,O75182,RNF220,SIN3B,1,4,1.0,0.9521335
E3|Q5VTB9|Q5VTB9,E3|Q5VTB9,E3,Q5VTB9,Q5VTB9,RNF220,RNF220,1,4,1.0,0.95544726
E3|Q5VTB9|Q96ST3,E3|Q5VTB9,E3,Q5VTB9,Q96ST3,RNF220,SIN3A,1,4,1.0,0.9450489
E3|Q66K89|P04637,E3|Q66K89,E3,Q66K89,P04637,E4F1,TP53,1,4,1.0,0.9743036
E3|Q693B1|Q13547,E3|Q693B1,E3,Q693B1,Q13547,KCTD11,HDAC1,1,4,1.0,0.92470485
E3|Q6PCT2|P43699,E3|Q6PCT2,E3,Q6PCT2,P43699,FBXL19,NKX2-1,1,4,1.0,0.95145774
E3|Q6PCT2|P60953,E3|Q6PCT2,E3,Q6PCT2,P60953,FBXL19,CDC42,1,4,1.0,0.83862287
E3|Q6PCT2|P61586,E3|Q6PCT2,E3,Q6PCT2,P61586,FBXL19,RHOA,1,4,1.0,0.24877118
E3|Q6PCT2|P63000,E3|Q6PCT2,E3,Q6PCT2,P63000,FBXL19,RAC1,1,4,1.0,0.20130399
E3|Q6PCT2|Q01638,E3|Q6PCT2,E3,Q6PCT2,Q01638,FBXL19,IL1RL1,1,4,1.0,0.07232045
E3|Q6UWE0|P00519,E3|Q6UWE0,E3,Q6UWE0,P00519,LRSAM1,ABL1,1,4,1.0,0.7921677
E3|Q6UWE0|Q05086,E3|Q6UWE0,E3,Q6UWE0,Q05086,LRSAM1,UBE3A,1,4,1.0,0.39918643
E3|Q6UWE0|Q99816,E3|Q6UWE0,E3,Q6UWE0,Q99816,LRSAM1,TSG101,1,4,1.0,0.71134835
E3|Q6X9E4|Q8N6P7,E3|Q6X9E4,E3,Q6X9E4,Q8N6P7,FBXW12,IL22RA1,1,4,1.0,0.5776091
E3|Q6ZN04|O95149,E3|Q6ZN04,E3,Q6ZN04,O95149,MEX3B,SNUPN,1,4,1.0,0.33015877
E3|Q7Z6E9|P62993,E3|Q7Z6E9,E3,Q7Z6E9,P62993,RBBP6,GRB2,1,4,1.0,0.8314131
E3|Q7Z6E9|P67809,E3|Q7Z6E9,E3,Q7Z6E9,P67809,RBBP6,YBX1,1,4,1.0,0.8055208
E3|Q7Z6E9|Q8NAP3,E3|Q7Z6E9,E3,Q7Z6E9,Q8NAP3,RBBP6,ZBTB38,1,4,1.0,0.80831033
E3|Q86T96|O95388,E3|Q86T96,E3,Q86T96,O95388,RNF180,CCN4,1,4,1.0,0.2084582
E3|Q86T96|O95409,E3|Q86T96,E3,Q86T96,O95409,RNF180,ZIC2,1,4,1.0,0.85028213
E3|Q86T96|P08134,E3|Q86T96,E3,Q86T96,P08134,RNF180,RHOC,1,4,1.0,0.26212874
E3|Q86T96|Q9NYY3,E3|Q86T96,E3,Q86T96,Q9NYY3,RNF180,PLK2,1,4,1.0,0.76379305
E3|Q86TM6|O00141,E3|Q86TM6,E3,Q86TM6,O00141,SYVN1,SGK1,1,4,1.0,0.9568088
E3|Q86TM6|O00327,E3|Q86TM6,E3,Q86TM6,O00327,SYVN1,ARNTL,1,4,1.0,0.45443183
E3|Q86TM6|O15354,E3|Q86TM6,E3,Q86TM6,O15354,SYVN1,GPR37,1,4,1.0,0.9037874
E3|Q86TM6|O75460,E3|Q86TM6,E3,Q86TM6,O75460,SYVN1,ERN1,1,4,1.0,0.9128087
E3|Q86TM6|P01009,E3|Q86TM6,E3,Q86TM6,P01009,SYVN1,SERPINA1,1,4,1.0,0.89604026
E3|Q86TM6|P01848,E3|Q86TM6,E3,Q86TM6,P01848,SYVN1,TRAC,1,4,1.0,0.75328684
E3|Q86TM6|P04035,E3|Q86TM6,E3,Q86TM6,P04035,SYVN1,HMGCR,1,4,1.0,0.9095236
E3|Q86TM6|P04234,E3|Q86TM6,E3,Q86TM6,P04234,SYVN1,CD3D,1,4,1.0,0.87302613
E3|Q86TM6|P04637,E3|Q86TM6,E3,Q86TM6,P04637,SYVN1,TP53,1,4,1.0,0.95718884
E3|Q86TM6|P05067,E3|Q86TM6,E3,Q86TM6,P05067,SYVN1,APP,1,4,1.0,0.9473226
E3|Q86TM6|P10636,E3|Q86TM6,E3,Q86TM6,P10636,SYVN1,MAPT,1,4,1.0,0.94156796
E3|Q86TM6|P10909,E3|Q86TM6,E3,Q86TM6,P10909,SYVN1,CLU,1,4,1.0,0.947433
E3|Q86TM6|P22304,E3|Q86TM6,E3,Q86TM6,P22304,SYVN1,IDS,1,4,1.0,0.89815634
E3|Q86TM6|P31645,E3|Q86TM6,E3,Q86TM6,P31645,SYVN1,SLC6A4,1,4,1.0,0.8958504
E3|Q86TM6|P42858,E3|Q86TM6,E3,Q86TM6,P42858,SYVN1,HTT,1,4,1.0,0.9357648
E3|Q86TM6|P78380,E3|Q86TM6,E3,Q86TM6,P78380,SYVN1,OLR1,1,4,1.0,0.8757681
E3|Q86TM6|Q5T5C0,E3|Q86TM6,E3,Q86TM6,Q5T5C0,SYVN1,STXBP5,1,4,1.0,0.9551294
E3|Q86TM6|Q86TM6,E3|Q86TM6,E3,Q86TM6,Q86TM6,SYVN1,SYVN1,1,4,1.0,0.963157
E3|Q86TM6|Q8WXF7,E3|Q86TM6,E3,Q86TM6,Q8WXF7,SYVN1,ATL1,1,4,1.0,0.89334595
E3|Q86TM6|Q92542,E3|Q86TM6,E3,Q86TM6,Q92542,SYVN1,NCSTN,1,4,1.0,0.9591351
E3|Q86TM6|Q96AJ1,E3|Q86TM6,E3,Q86TM6,Q96AJ1,SYVN1,CLUAP1,1,4,1.0,0.7449515
E3|Q86TM6|Q96M98,E3|Q86TM6,E3,Q86TM6,Q96M98,SYVN1,PACRG,1,4,1.0,0.95061994
E3|Q86TM6|Q9UKV5,E3|Q86TM6,E3,Q86TM6,Q9UKV5,SYVN1,AMFR,1,4,1.0,0.83875537
E3|Q8IUQ4|O00472,E3|Q8IUQ4,E3,Q8IUQ4,O00472,SIAH1,ELL2,1,4,1.0,0.3957553
E3|Q8IUQ4|O75525,E3|Q8IUQ4,E3,Q8IUQ4,O75525,SIAH1,KHDRBS3,1,4,1.0,0.935402
E3|Q8IUQ4|P08247,E3|Q8IUQ4,E3,Q8IUQ4,P08247,SIAH1,SYP,1,4,1.0,0.083072804
E3|Q8IUQ4|P10242,E3|Q8IUQ4,E3,Q8IUQ4,P10242,SIAH1,MYB,1,4,1.0,0.95368236
E3|Q8IUQ4|P29590,E3|Q8IUQ4,E3,Q8IUQ4,P29590,SIAH1,PML,1,4,1.0,0.9425689
E3|Q8IUQ4|P35222,E3|Q8IUQ4,E3,Q8IUQ4,P35222,SIAH1,CTNNB1,1,4,1.0,0.9372348
E3|Q8IUQ4|P36888,E3|Q8IUQ4,E3,Q8IUQ4,P36888,SIAH1,FLT3,1,4,1.0,0.07981109
E3|Q8IUQ4|P37275,E3|Q8IUQ4,E3,Q8IUQ4,P37275,SIAH1,ZEB1,1,4,1.0,0.95979244
E3|Q8IUQ4|P37840,E3|Q8IUQ4,E3,Q8IUQ4,P37840,SIAH1,SNCA,1,4,1.0,0.43174142
E3|Q8IUQ4|P40305,E3|Q8IUQ4,E3,Q8IUQ4,P40305,SIAH1,IFI27,1,4,1.0,0.27146733
E3|Q8IUQ4|P41594,E3|Q8IUQ4,E3,Q8IUQ4,P41594,SIAH1,GRM5,1,4,1.0,0.0653525
E3|Q8IUQ4|P43146,E3|Q8IUQ4,E3,Q8IUQ4,P43146,SIAH1,DCC,1,4,1.0,0.9510514
E3|Q8IUQ4|P49675,E3|Q8IUQ4,E3,Q8IUQ4,P49675,SIAH1,STAR,1,4,1.0,0.080737926
E3|Q8IUQ4|P49757,E3|Q8IUQ4,E3,Q8IUQ4,P49757,SIAH1,NUMB,1,4,1.0,0.26617265
E3|Q8IUQ4|P51825,E3|Q8IUQ4,E3,Q8IUQ4,P51825,SIAH1,AFF1,1,4,1.0,0.95766926
E3|Q8IUQ4|P55199,E3|Q8IUQ4,E3,Q8IUQ4,P55199,SIAH1,ELL,1,4,1.0,0.9498183
E3|Q8IUQ4|P60903,E3|Q8IUQ4,E3,Q8IUQ4,P60903,SIAH1,S100A10,1,4,1.0,0.14117506
E3|Q8IUQ4|P98161,E3|Q8IUQ4,E3,Q8IUQ4,P98161,SIAH1,PKD1,1,4,1.0,0.08256774
E3|Q8IUQ4|P98170,E3|Q8IUQ4,E3,Q8IUQ4,P98170,SIAH1,XIAP,1,4,1.0,0.82731783
E3|Q8IUQ4|Q07912,E3|Q8IUQ4,E3,Q8IUQ4,Q07912,SIAH1,TNK2,1,4,1.0,0.7348331
E3|Q8IUQ4|Q13118,E3|Q8IUQ4,E3,Q8IUQ4,Q13118,SIAH1,KLF10,1,4,1.0,0.9179904
E3|Q8IUQ4|Q14807,E3|Q8IUQ4,E3,Q8IUQ4,Q14807,SIAH1,KIF22,1,4,1.0,0.9305232
E3|Q8IUQ4|Q15554,E3|Q8IUQ4,E3,Q8IUQ4,Q15554,SIAH1,TERF2,1,4,1.0,0.9127808
E3|Q8IUQ4|Q16633,E3|Q8IUQ4,E3,Q8IUQ4,Q16633,SIAH1,POU2AF1,1,4,1.0,0.93790257
E3|Q8IUQ4|Q16665,E3|Q8IUQ4,E3,Q8IUQ4,Q16665,SIAH1,HIF1A,1,4,1.0,0.9687902
E3|Q8IUQ4|Q6IE81,E3|Q8IUQ4,E3,Q8IUQ4,Q6IE81,SIAH1,JADE1,1,4,1.0,0.9240206
E3|Q8IUQ4|Q96KS0,E3|Q8IUQ4,E3,Q8IUQ4,Q96KS0,SIAH1,EGLN2,1,4,1.0,0.95491993
E3|Q8IUQ4|Q96RU7,E3|Q8IUQ4,E3,Q8IUQ4,Q96RU7,SIAH1,TRIB3,1,4,1.0,0.95713186
E3|Q8IUQ4|Q99708,E3|Q8IUQ4,E3,Q8IUQ4,Q99708,SIAH1,RBBP8,1,4,1.0,0.96200216
E3|Q8IUQ4|Q99933,E3|Q8IUQ4,E3,Q8IUQ4,Q99933,SIAH1,BAG1,1,4,1.0,0.914765
E3|Q8IUQ4|Q9GZT9,E3|Q8IUQ4,E3,Q8IUQ4,Q9GZT9,SIAH1,EGLN1,1,4,1.0,0.9499011
E3|Q8IUQ4|Q9H2X6,E3|Q8IUQ4,E3,Q8IUQ4,Q9H2X6,SIAH1,HIPK2,1,4,1.0,0.9608518
E3|Q8IUQ4|Q9H6Z9,E3|Q8IUQ4,E3,Q8IUQ4,Q9H6Z9,SIAH1,EGLN3,1,4,1.0,0.95179707
E3|Q8IUQ4|Q9HB71,E3|Q8IUQ4,E3,Q8IUQ4,Q9HB71,SIAH1,CACYBP,1,4,1.0,0.93326056
E3|Q8IUQ4|Q9NWT6,E3|Q8IUQ4,E3,Q8IUQ4,Q9NWT6,SIAH1,HIF1AN,1,4,1.0,0.95834583
E3|Q8IUQ4|Q9P212,E3|Q8IUQ4,E3,Q8IUQ4,Q9P212,SIAH1,PLCE1,1,4,1.0,0.7583278
E3|Q8IUQ4|Q9UPY8,E3|Q8IUQ4,E3,Q8IUQ4,Q9UPY8,SIAH1,MAPRE3,1,4,1.0,0.906043
E3|Q8IUQ4|Q9Y243,E3|Q8IUQ4,E3,Q8IUQ4,Q9Y243,SIAH1,AKT3,1,4,1.0,0.6045059
E3|Q8IUQ4|Q9Y6H5,E3|Q8IUQ4,E3,Q8IUQ4,Q9Y6H5,SIAH1,SNCAIP,1,4,1.0,0.91732013
E3|Q8IX12|P04637,E3|Q8IX12,E3,Q8IX12,P04637,CCAR1,TP53,1,4,1.0,0.9224715
E3|Q8N531|P04637,E3|Q8N531,E3,Q8N531,P04637,FBXL6,TP53,1,4,1.0,0.89877236
E3|Q8N5Z5|Q9BT92,E3|Q8N5Z5,E3,Q8N5Z5,Q9BT92,KCTD17,TCHP,1,4,1.0,0.88780296
E3|Q8N8N0|O95859,E3|Q8N8N0,E3,Q8N8N0,O95859,RNF152,TSPAN12,1,4,1.0,0.8912499
E3|Q8N8N0|Q15382,E3|Q8N8N0,E3,Q8N8N0,Q15382,RNF152,RHEB,1,4,1.0,0.9050261
E3|Q8N8N0|Q7L523,E3|Q8N8N0,E3,Q8N8N0,Q7L523,RNF152,RRAGA,1,4,1.0,0.8465091
E3|Q8NFZ0|P30153,E3|Q8NFZ0,E3,Q8NFZ0,P30153,FBXO18,RAD51,1,4,1.0,0.1193727
E3|Q8NFZ0|P84077,E3|Q8NFZ0,E3,Q8NFZ0,P84077,FBH1,ARF1,1,4,1.0,0.14924526
E3|Q8NFZ0|Q06609,E3|Q8NFZ0,E3,Q8NFZ0,Q06609,FBH1,RAD51,1,4,1.0,0.9353716
E3|Q8NFZ0|Q8NFZ0,E3|Q8NFZ0,E3,Q8NFZ0,Q8NFZ0,FBXO18,FBXO18,1,4,1.0,0.9644478
E3|Q8TB52|P13631,E3|Q8TB52,E3,Q8TB52,P13631,FBXO30,RARG,1,4,1.0,0.6031265
E3|Q8TDB6|P06899,E3|Q8TDB6,E3,Q8TDB6,P06899,DTX3L,H2BC11,1,4,1.0,0.7785406
E3|Q8TDB6|P62805,E3|Q8TDB6,E3,Q8TDB6,P62805,DTX3L,H4C1,1,4,1.0,0.4317615
E3|Q8TDB6|Q13501,E3|Q8TDB6,E3,Q8TDB6,Q13501,DTX3L,HIST1H2BJ,1,4,1.0,0.96731657
E3|Q8TDB6|Q8TDB6,E3|Q8TDB6,E3,Q8TDB6,Q8TDB6,DTX3L,DTX3L,1,4,1.0,0.9690222
E3|Q8TEB1|P03427,E3|Q8TEB1,E3,Q8TEB1,P03427,DCAF11,PB2,1,4,1.0,0.8582272
E3|Q8TEB1|Q13263,E3|Q8TEB1,E3,Q8TEB1,Q13263,DCAF11,TRIM28,1,4,1.0,0.9183408
E3|Q8TEB1|Q16236,E3|Q8TEB1,E3,Q8TEB1,Q16236,DCAF11,NFE2L2,1,4,1.0,0.87539905
E3|Q8TEB1|Q17RS7,E3|Q8TEB1,E3,Q8TEB1,Q17RS7,DCAF11,GEN1,1,4,1.0,0.23464397
E3|Q8WV16|Q96CV9,E3|Q8WV16,E3,Q8WV16,Q96CV9,DCAF4,OPTN,1,4,1.0,0.48840308
E3|Q8WV16|Q9NRC1,E3|Q8WV16,E3,Q8WV16,Q9NRC1,DCAF4,ST7,1,4,1.0,0.36146826
E3|Q8WZ73|P04637,E3|Q8WZ73,E3,Q8WZ73,P04637,RFFL,TP53,1,4,1.0,0.97386545
E3|Q8WZ73|P13569,E3|Q8WZ73,E3,Q8WZ73,P13569,RFFL,CFTR,1,4,1.0,0.86125094
E3|Q8WZ73|P31947,E3|Q8WZ73,E3,Q8WZ73,P31947,RFFL,SFN,1,4,1.0,0.9204843
E3|Q8WZ73|Q13546,E3|Q8WZ73,E3,Q8WZ73,Q13546,RFFL,RIPK1,1,4,1.0,0.9558037
E3|Q8WZ73|Q14790,E3|Q8WZ73,E3,Q8WZ73,Q14790,RFFL,CASP8,1,4,1.0,0.88455737
E3|Q8WZ73|Q6MZQ0,E3|Q8WZ73,E3,Q8WZ73,Q6MZQ0,RFFL,PRR5L,1,4,1.0,0.535886
E3|Q8WZ73|Q8WZ73,E3|Q8WZ73,E3,Q8WZ73,Q8WZ73,RFFL,RFFL,1,4,1.0,0.9698396
E3|Q8WZ73|Q92851,E3|Q8WZ73,E3,Q8WZ73,Q92851,RFFL,CASP10,1,4,1.0,0.59845644
E3|Q92466|P0C0S8,E3|Q92466,E3,Q92466,P0C0S8,DDB2,H2AC11,1,4,1.0,0.9341564
E3|Q92466|Q01831,E3|Q92466,E3,Q92466,Q01831,DDB2,XPC,1,4,1.0,0.9471592
E3|Q92466|Q92466,E3|Q92466,E3,Q92466,Q92466,DDB2,DDB2,1,4,1.0,0.97081053
E3|Q92466|Q96QV6,E3|Q92466,E3,Q92466,Q96QV6,DDB2,HIST1H2AA,1,4,1.0,0.93556994
E3|Q92466|Q9NZJ0,E3|Q92466,E3,Q92466,Q9NZJ0,DDB2,DTL,1,4,1.0,0.9651932
E3|Q969H0|O14965,E3|Q969H0,E3,Q969H0,O14965,FBXW7,AURKA,1,4,1.0,0.9307965
E3|Q969H0|O60315,E3|Q969H0,E3,Q969H0,O60315,FBXW7,ZEB2,1,4,1.0,0.94072175
E3|Q969H0|O95863,E3|Q969H0,E3,Q969H0,O95863,FBXW7,SNAI1,1,4,1.0,0.94833153
E3|Q969H0|O96020,E3|Q969H0,E3,Q969H0,O96020,FBXW7,CCNE2,1,4,1.0,0.9240123
E3|Q969H0|P01106,E3|Q969H0,E3,Q969H0,P01106,FBXW7,MYC,1,4,1.0,0.94085324
E3|Q969H0|P02765,E3|Q969H0,E3,Q969H0,P02765,FBXW7,AHSG,1,4,1.0,0.08155741
E3|Q969H0|P04150,E3|Q969H0,E3,Q969H0,P04150,FBXW7,NR3C1,1,4,1.0,0.9004085
E3|Q969H0|P04198,E3|Q969H0,E3,Q969H0,P04198,FBXW7,MYCN,1,4,1.0,0.9371933
E3|Q969H0|P04637,E3|Q969H0,E3,Q969H0,P04637,FBXW7,TP53,1,4,1.0,0.94732475
E3|Q969H0|P05412,E3|Q969H0,E3,Q969H0,P05412,FBXW7,JUN,1,4,1.0,0.9104438
E3|Q969H0|P06733,E3|Q969H0,E3,Q969H0,P06733,FBXW7,ENO1,1,4,1.0,0.7642014
E3|Q969H0|P10242,E3|Q969H0,E3,Q969H0,P10242,FBXW7,MYB,1,4,1.0,0.92592096
E3|Q969H0|P11388,E3|Q969H0,E3,Q969H0,P11388,FBXW7,TOP2A,1,4,1.0,0.9240746
E3|Q969H0|P15056,E3|Q969H0,E3,Q969H0,P15056,FBXW7,BRAF,1,4,1.0,0.29105613
E3|Q969H0|P17275,E3|Q969H0,E3,Q969H0,P17275,FBXW7,JUNB,1,4,1.0,0.9151446
E3|Q969H0|P17861,E3|Q969H0,E3,Q969H0,P17861,FBXW7,XBP1,1,4,1.0,0.8493083
E3|Q969H0|P17947,E3|Q969H0,E3,Q969H0,P17947,FBXW7,SPI1,1,4,1.0,0.90158635
E3|Q969H0|P21359,E3|Q969H0,E3,Q969H0,P21359,FBXW7,NF1,1,4,1.0,0.18143803
E3|Q969H0|P24864,E3|Q969H0,E3,Q969H0,P24864,FBXW7,CCNE1,1,4,1.0,0.9276187
E3|Q969H0|P35659,E3|Q969H0,E3,Q969H0,P35659,FBXW7,DEK,1,4,1.0,0.89651585
E3|Q969H0|P36956,E3|Q969H0,E3,Q969H0,P36956,FBXW7,SREBF1,1,4,1.0,0.91948533
E3|Q969H0|P42345,E3|Q969H0,E3,Q969H0,P42345,FBXW7,MTOR,1,4,1.0,0.5424658
E3|Q969H0|P46531,E3|Q969H0,E3,Q969H0,P46531,FBXW7,NOTCH1,1,4,1.0,0.7201094
E3|Q969H0|P48436,E3|Q969H0,E3,Q969H0,P48436,FBXW7,SOX9,1,4,1.0,0.9227573
E3|Q969H0|P49715,E3|Q969H0,E3,Q969H0,P49715,FBXW7,CEBPA,1,4,1.0,0.91144234
E3|Q969H0|P49716,E3|Q969H0,E3,Q969H0,P49716,FBXW7,CEBPD,1,4,1.0,0.93130225
E3|Q969H0|P49768,E3|Q969H0,E3,Q969H0,P49768,FBXW7,PSEN1,1,4,1.0,0.19308527
E3|Q969H0|P52630,E3|Q969H0,E3,Q969H0,P52630,FBXW7,STAT2,1,4,1.0,0.8981787
E3|Q969H0|P53805,E3|Q969H0,E3,Q969H0,P53805,FBXW7,RCAN1,1,4,1.0,0.8957231
E3|Q969H0|Q00613,E3|Q969H0,E3,Q969H0,Q00613,FBXW7,HSF1,1,4,1.0,0.87842727
E3|Q969H0|Q00653,E3|Q969H0,E3,Q969H0,Q00653,FBXW7,NFKB2,1,4,1.0,0.8907729
E3|Q969H0|Q06124,E3|Q969H0,E3,Q969H0,Q06124,FBXW7,PTPN11,1,4,1.0,0.6161741
E3|Q969H0|Q07820,E3|Q969H0,E3,Q969H0,Q07820,FBXW7,MCL1,1,4,1.0,0.7539906
E3|Q969H0|Q12772,E3|Q969H0,E3,Q969H0,Q12772,FBXW7,SREBF2,1,4,1.0,0.9023983
E3|Q969H0|Q13118,E3|Q969H0,E3,Q969H0,Q13118,FBXW7,KLF10,1,4,1.0,0.8437284
E3|Q969H0|Q13490,E3|Q969H0,E3,Q969H0,Q13490,FBXW7,BIRC2,1,4,1.0,0.577497
E3|Q969H0|Q13887,E3|Q969H0,E3,Q969H0,Q13887,FBXW7,KLF5,1,4,1.0,0.93134534
E3|Q969H0|Q13950,E3|Q969H0,E3,Q969H0,Q13950,FBXW7,RUNX2,1,4,1.0,0.9184279
E3|Q969H0|Q14494,E3|Q969H0,E3,Q969H0,Q14494,FBXW7,NFE2L1,1,4,1.0,0.8031093
E3|Q969H0|Q15233,E3|Q969H0,E3,Q969H0,Q15233,FBXW7,NONO,1,4,1.0,0.9300454
E3|Q969H0|Q15583,E3|Q969H0,E3,Q969H0,Q15583,FBXW7,TGIF1,1,4,1.0,0.90909386
E3|Q969H0|Q16204,E3|Q969H0,E3,Q969H0,Q16204,FBXW7,CCDC6,1,4,1.0,0.9205489
E3|Q969H0|Q16656,E3|Q969H0,E3,Q969H0,Q16656,FBXW7,NRF1,1,4,1.0,0.9406672
E3|Q969H0|Q16665,E3|Q969H0,E3,Q969H0,Q16665,FBXW7,HIF1A,1,4,1.0,0.94885427
E3|Q969H0|Q49AN0,E3|Q969H0,E3,Q969H0,Q49AN0,FBXW7,CRY2,1,4,1.0,0.9094353
E3|Q969H0|Q70SY1,E3|Q969H0,E3,Q969H0,Q70SY1,FBXW7,CREB3L2,1,4,1.0,0.122117065
E3|Q969H0|Q71F56,E3|Q969H0,E3,Q969H0,Q71F56,FBXW7,MED13L,1,4,1.0,0.9441344
E3|Q969H0|Q8WUI4,E3|Q969H0,E3,Q969H0,Q8WUI4,FBXW7,HDAC7,1,4,1.0,0.9247976
E3|Q969H0|Q96BA8,E3|Q969H0,E3,Q969H0,Q96BA8,FBXW7,CREB3L1,1,4,1.0,0.18520169
E3|Q969H0|Q96GD4,E3|Q969H0,E3,Q969H0,Q96GD4,FBXW7,AURKB,1,4,1.0,0.8318949
E3|Q969H0|Q99062,E3|Q969H0,E3,Q969H0,Q99062,FBXW7,CSF3R,1,4,1.0,0.12769239
E3|Q969H0|Q99848,E3|Q969H0,E3,Q969H0,Q99848,FBXW7,EBNA1BP2,1,4,1.0,0.9386248
E3|Q969H0|Q9H0K1,E3|Q969H0,E3,Q969H0,Q9H0K1,FBXW7,SIK2,1,4,1.0,0.6930979
E3|Q969H0|Q9H1I8,E3|Q969H0,E3,Q969H0,Q9H1I8,FBXW7,ASCC2,1,4,1.0,0.89390326
E3|Q969H0|Q9H3D4,E3|Q969H0,E3,Q969H0,Q9H3D4,FBXW7,TP63,1,4,1.0,0.8973162
E3|Q969H0|Q9NRI5,E3|Q969H0,E3,Q969H0,Q9NRI5,FBXW7,DISC1,1,4,1.0,0.88434356
E3|Q969H0|Q9UBK2,E3|Q969H0,E3,Q969H0,Q9UBK2,FBXW7,PPARGC1A,1,4,1.0,0.9396074
E3|Q969H0|Q9UHV7,E3|Q969H0,E3,Q969H0,Q9UHV7,FBXW7,MED13,1,4,1.0,0.9297291
E3|Q969H0|Q9UQ13,E3|Q969H0,E3,Q969H0,Q9UQ13,FBXW7,SHOC2,1,4,1.0,0.17989989
E3|Q969H0|Q9Y2Y9,E3|Q969H0,E3,Q969H0,Q9Y2Y9,FBXW7,KLF13,1,4,1.0,0.508751
E3|Q969H0|Q9Y5W3,E3|Q969H0,E3,Q969H0,Q9Y5W3,FBXW7,KLF2,1,4,1.0,0.12694533
E3|Q969H0|Q9Y6Q9,E3|Q969H0,E3,Q969H0,Q9Y6Q9,FBXW7,NCOA3,1,4,1.0,0.92867357
E3|Q96AX9|O00548,E3|Q96AX9,E3,Q96AX9,O00548,MIB2,DLL1,1,4,1.0,0.8249378
E3|Q96AX9|P47989,E3|Q96AX9,E3,Q96AX9,P47989,MIB2,XDH,1,4,1.0,0.7513556
E3|Q96AX9|Q9NQC7,E3|Q96AX9,E3,Q96AX9,Q9NQC7,MIB2,CYLD,1,4,1.0,0.9666795
E3|Q96AX9|Q9NR61,E3|Q96AX9,E3,Q96AX9,Q9NR61,MIB2,DLL4,1,4,1.0,0.62165016
E3|Q96AX9|Q9NYJ7,E3|Q96AX9,E3,Q96AX9,Q9NYJ7,MIB2,DLL3,1,4,1.0,0.4432685
E3|Q96AX9|Q9UHD2,E3|Q96AX9,E3,Q96AX9,Q9UHD2,MIB2,TBK1,1,4,1.0,0.8168433
E3|Q96AX9|Q9Y6K9,E3|Q96AX9,E3,Q96AX9,Q9Y6K9,MIB2,IKBKG,1,4,1.0,0.81790924
E3|Q96CA5|Q9NR28,E3|Q96CA5,E3,Q96CA5,Q9NR28,BIRC7,DIABLO,1,4,1.0,0.8163683
E3|Q96DX5|P12277,E3|Q96DX5,E3,Q96DX5,P12277,ASB9,CKB,1,4,1.0,0.80707055
E3|Q96DX5|P12532,E3|Q96DX5,E3,Q96DX5,P12532,ASB9,CKMT1A,1,4,1.0,0.8531128
E3|Q96EP0|O95786,E3|Q96EP0,E3,Q96EP0,O95786,RNF31,DDX58,1,4,1.0,0.79214704
E3|Q96EP0|P05771,E3|Q96EP0,E3,Q96EP0,P05771,RNF31,PRKCB,1,4,1.0,0.87408376
E3|Q96EP0|P17252,E3|Q96EP0,E3,Q96EP0,P17252,RNF31,PRKCA,1,4,1.0,0.7092166
E3|Q96EP0|P29466,E3|Q96EP0,E3,Q96EP0,P29466,RNF31,CASP1,1,4,1.0,0.64492255
E3|Q96EP0|P51843,E3|Q96EP0,E3,Q96EP0,P51843,RNF31,NR0B1,1,4,1.0,0.84822685
E3|Q96EP0|Q13077,E3|Q96EP0,E3,Q96EP0,Q13077,RNF31,TRAF1,1,4,1.0,0.59021026
E3|Q96EP0|Q13546,E3|Q96EP0,E3,Q96EP0,Q13546,RNF31,RIPK1,1,4,1.0,0.75876474
E3|Q96EP0|Q14258,E3|Q96EP0,E3,Q96EP0,Q14258,RNF31,TRIM25,1,4,1.0,0.71116436
E3|Q96EP0|Q9Y6K9,E3|Q96EP0,E3,Q96EP0,Q9Y6K9,RNF31,IKBKG,1,4,1.0,0.81582165
E3|Q96FA3|O15151,E3|Q96FA3,E3,Q96FA3,O15151,PELI1,MDM4,1,4,1.0,0.8947376
E3|Q96FA3|P41182,E3|Q96FA3,E3,Q96FA3,P41182,PELI1,BCL6,1,4,1.0,0.92193353
E3|Q96FA3|P51617,E3|Q96FA3,E3,Q96FA3,P51617,PELI1,IRAK1,1,4,1.0,0.90379727
E3|Q96FA3|Q13114,E3|Q96FA3,E3,Q96FA3,Q13114,PELI1,TRAF3,1,4,1.0,0.88061786
E3|Q96FA3|Q13546,E3|Q96FA3,E3,Q96FA3,Q13546,PELI1,RIPK1,1,4,1.0,0.79330224
E3|Q96FA3|Q15311,E3|Q96FA3,E3,Q96FA3,Q15311,PELI1,RALBP1,1,4,1.0,0.9331872
E3|Q96FA3|Q99558,E3|Q96FA3,E3,Q96FA3,Q99558,PELI1,MAP3K14,1,4,1.0,0.93249404
E3|Q96FA3|Q9Y572,E3|Q96FA3,E3,Q96FA3,Q9Y572,PELI1,RIPK3,1,4,1.0,0.8934562
E3|Q96M02|P04637,E3|Q96M02,E3,Q96M02,P04637,C10orf90,TP53,1,4,1.0,0.9614304
E3|Q96PU5|O00141,E3|Q96PU5,E3,Q96PU5,O00141,NEDD4L,SGK1,1,4,1.0,0.94101113
E3|Q96PU5|O00213,E3|Q96PU5,E3,Q96PU5,O00213,NEDD4L,APBB1,1,4,1.0,0.9284569
E3|Q96PU5|O14641,E3|Q96PU5,E3,Q96PU5,O14641,NEDD4L,DVL2,1,4,1.0,0.949744
E3|Q96PU5|O14964,E3|Q96PU5,E3,Q96PU5,O14964,NEDD4L,HGS,1,4,1.0,0.9493822
E3|Q96PU5|O15527,E3|Q96PU5,E3,Q96PU5,O15527,NEDD4L,OGG1,1,4,1.0,0.9133887
E3|Q96PU5|O75473,E3|Q96PU5,E3,Q96PU5,O75473,NEDD4L,LGR5,1,4,1.0,0.7036643
E3|Q96PU5|O76090,E3|Q96PU5,E3,Q96PU5,O76090,NEDD4L,BEST1,1,4,1.0,0.7463712
E3|Q96PU5|P04629,E3|Q96PU5,E3,Q96PU5,P04629,NEDD4L,NTRK1,1,4,1.0,0.93629104
E3|Q96PU5|P04637,E3|Q96PU5,E3,Q96PU5,P04637,NEDD4L,TP53,1,4,1.0,0.95263106
E3|Q96PU5|P11686,E3|Q96PU5,E3,Q96PU5,P11686,NEDD4L,SFTPC,1,4,1.0,0.7264502
E3|Q96PU5|P22001,E3|Q96PU5,E3,Q96PU5,P22001,NEDD4L,KCNA3,1,4,1.0,0.9286265
E3|Q96PU5|P31749,E3|Q96PU5,E3,Q96PU5,P31749,NEDD4L,AKT1,1,4,1.0,0.931077
E3|Q96PU5|P33527,E3|Q96PU5,E3,Q96PU5,P33527,NEDD4L,ABCC1,1,4,1.0,0.7353803
E3|Q96PU5|P35240,E3|Q96PU5,E3,Q96PU5,P35240,NEDD4L,NF2,1,4,1.0,0.94575465
E3|Q96PU5|P36897,E3|Q96PU5,E3,Q96PU5,P36897,NEDD4L,TGFBR1,1,4,1.0,0.9426001
E3|Q96PU5|P37088,E3|Q96PU5,E3,Q96PU5,P37088,NEDD4L,SCNN1A,1,4,1.0,0.9159189
E3|Q96PU5|P37173,E3|Q96PU5,E3,Q96PU5,P37173,NEDD4L,TGFBR2,1,4,1.0,0.8764956
E3|Q96PU5|P40189,E3|Q96PU5,E3,Q96PU5,P40189,NEDD4L,IL6ST,1,4,1.0,0.84463066
E3|Q96PU5|P43003,E3|Q96PU5,E3,Q96PU5,P43003,NEDD4L,SLC1A3,1,4,1.0,0.8076198
E3|Q96PU5|P49281,E3|Q96PU5,E3,Q96PU5,P49281,NEDD4L,SLC11A2,1,4,1.0,0.8858157
E3|Q96PU5|P51168,E3|Q96PU5,E3,Q96PU5,P51168,NEDD4L,SCNN1B,1,4,1.0,0.8883609
E3|Q96PU5|P51170,E3|Q96PU5,E3,Q96PU5,P51170,NEDD4L,SCNN1G,1,4,1.0,0.73763955
E3|Q96PU5|P51795,E3|Q96PU5,E3,Q96PU5,P51795,NEDD4L,CLCN5,1,4,1.0,0.7690346
E3|Q96PU5|P53805,E3|Q96PU5,E3,Q96PU5,P53805,NEDD4L,RCAN1,1,4,1.0,0.57551163
E3|Q96PU5|P62745,E3|Q96PU5,E3,Q96PU5,P62745,NEDD4L,RHOB,1,4,1.0,0.8821029
E3|Q96PU5|P84022,E3|Q96PU5,E3,Q96PU5,P84022,NEDD4L,SMAD3,1,4,1.0,0.6614537
E3|Q96PU5|Q01813,E3|Q96PU5,E3,Q96PU5,Q01813,NEDD4L,PFKP,1,4,1.0,0.8018756
E3|Q96PU5|Q01959,E3|Q96PU5,E3,Q96PU5,Q01959,NEDD4L,SLC6A3,1,4,1.0,0.80642295
E3|Q96PU5|Q07912,E3|Q96PU5,E3,Q96PU5,Q07912,NEDD4L,TNK2,1,4,1.0,0.95299023
E3|Q96PU5|Q12809,E3|Q96PU5,E3,Q96PU5,Q12809,NEDD4L,KCNH2,1,4,1.0,0.8149538
E3|Q96PU5|Q13114,E3|Q96PU5,E3,Q96PU5,Q13114,NEDD4L,TRAF3,1,4,1.0,0.91215044
E3|Q96PU5|Q14524,E3|Q96PU5,E3,Q96PU5,Q14524,NEDD4L,SCN5A,1,4,1.0,0.8771306
E3|Q96PU5|Q15796,E3|Q96PU5,E3,Q96PU5,Q15796,NEDD4L,SMAD2,1,4,1.0,0.74853706
E3|Q96PU5|Q15858,E3|Q96PU5,E3,Q96PU5,Q15858,NEDD4L,SCN9A,1,4,1.0,0.83863884
E3|Q96PU5|Q16620,E3|Q96PU5,E3,Q96PU5,Q16620,NEDD4L,NTRK2,1,4,1.0,0.9046065
E3|Q96PU5|Q16625,E3|Q96PU5,E3,Q96PU5,Q16625,NEDD4L,OCLN,1,4,1.0,0.8965523
E3|Q96PU5|Q4VCS5,E3|Q96PU5,E3,Q96PU5,Q4VCS5,NEDD4L,AMOT,1,4,1.0,0.93758094
E3|Q96PU5|Q6PJG6,E3|Q96PU5,E3,Q96PU5,Q6PJG6,NEDD4L,BRAT1,1,4,1.0,0.6960804
E3|Q96PU5|Q6UUV7,E3|Q96PU5,E3,Q96PU5,Q6UUV7,NEDD4L,CRTC3,1,4,1.0,0.7516117
E3|Q96PU5|Q8TCC7,E3|Q96PU5,E3,Q96PU5,Q8TCC7,NEDD4L,SLC22A8,1,4,1.0,0.7193159
E3|Q96PU5|Q8TDR2,E3|Q96PU5,E3,Q96PU5,Q8TDR2,NEDD4L,STK35,1,4,1.0,0.91828924
E3|Q96PU5|Q8WXF1,E3|Q96PU5,E3,Q96PU5,Q8WXF1,NEDD4L,PSPC1,1,4,1.0,0.61176753
E3|Q96PU5|Q96D31,E3|Q96PU5,E3,Q96PU5,Q96D31,NEDD4L,ORAI1,1,4,1.0,0.75483793
E3|Q96PU5|Q96PU5,E3|Q96PU5,E3,Q96PU5,Q96PU5,NEDD4L,NEDD4L,1,4,1.0,0.9532433
E3|Q96PU5|Q96QD8,E3|Q96PU5,E3,Q96PU5,Q96QD8,NEDD4L,SLC38A2,1,4,1.0,0.7871913
E3|Q96PU5|Q99250,E3|Q96PU5,E3,Q96PU5,Q99250,NEDD4L,SCN2A,1,4,1.0,0.9327211
E3|Q96PU5|Q99816,E3|Q96PU5,E3,Q96PU5,Q99816,NEDD4L,TSG101,1,4,1.0,0.93339777
E3|Q96PU5|Q9BSA4,E3|Q96PU5,E3,Q96PU5,Q9BSA4,NEDD4L,TTYH2,1,4,1.0,0.8692275
E3|Q96PU5|Q9BXB1,E3|Q96PU5,E3,Q96PU5,Q9BXB1,NEDD4L,LGR4,1,4,1.0,0.92874885
E3|Q96PU5|Q9H1D0,E3|Q96PU5,E3,Q96PU5,Q9H1D0,NEDD4L,TRPV6,1,4,1.0,0.81404984
E3|Q96PU5|Q9H3D4,E3|Q96PU5,E3,Q96PU5,Q9H3D4,NEDD4L,TP63,1,4,1.0,0.725852
E3|Q96PU5|Q9NRA0,E3|Q96PU5,E3,Q96PU5,Q9NRA0,NEDD4L,SPHK2,1,4,1.0,0.94050664
E3|Q96PU5|Q9NV92,E3|Q96PU5,E3,Q96PU5,Q9NV92,NEDD4L,NDFIP2,1,4,1.0,0.8457715
E3|Q96PU5|Q9NY46,E3|Q96PU5,E3,Q96PU5,Q9NY46,NEDD4L,SCN3A,1,4,1.0,0.8475438
E3|Q96PU5|Q9P2K8,E3|Q96PU5,E3,Q96PU5,Q9P2K8,NEDD4L,EIF2AK4,1,4,1.0,0.6889595
E3|Q96PU5|Q9UQD0,E3|Q96PU5,E3,Q96PU5,Q9UQD0,NEDD4L,SCN8A,1,4,1.0,0.9197531
E3|Q96PU5|Q9Y5Y9,E3|Q96PU5,E3,Q96PU5,Q9Y5Y9,NEDD4L,SCN10A,1,4,1.0,0.7472697
E3|Q96S21|P63244,E3|Q96S21,E3,Q96S21,P63244,RAB40C,RACK1,1,4,1.0,0.38892874
E3|Q99618|P30291,E3|Q99618,E3,Q99618,P30291,CDCA3,WEE1,1,4,1.0,0.27558872
E3|Q99618|P38936,E3|Q99618,E3,Q99618,P38936,CDCA3,CDKN1A,1,4,1.0,0.4233321
E3|Q99619|P35228,E3|Q99619,E3,Q99619,P35228,SPSB2,NOS2,1,4,1.0,0.33042365
E3|Q99619|P60321,E3|Q99619,E3,Q99619,P60321,SPSB2,NANOS2,1,4,1.0,0.33583003
E3|Q99728|P03372,E3|Q99728,E3,Q99728,P03372,BARD1,ESR1,1,4,1.0,0.89628756
E3|Q99728|P16104,E3|Q99728,E3,Q99728,P16104,BARD1,H2AX,1,4,1.0,0.92736703
E3|Q99728|P24928,E3|Q99728,E3,Q99728,P24928,BARD1,POLR2A,1,4,1.0,0.9652816
E3|Q99728|P38398,E3|Q99728,E3,Q99728,P38398,BARD1,BRCA1,1,4,1.0,0.96728545
E3|Q99728|P52434,E3|Q99728,E3,Q99728,P52434,BARD1,POLR2H,1,4,1.0,0.9655605
E3|Q9BZR9|O15524,E3|Q9BZR9,E3,Q9BZR9,O15524,TRIM8,SOCS1,1,4,1.0,0.5388048
E3|Q9BZR9|O43318,E3|Q9BZR9,E3,Q9BZR9,O43318,TRIM8,MAP3K7,1,4,1.0,0.5483299
E3|Q9BZR9|P03372,E3|Q9BZR9,E3,Q9BZR9,P03372,TRIM8,ESR1,1,4,1.0,0.7791814
E3|Q9H000|O00425,E3|Q9H000,E3,Q9H000,O00425,MKRN2,IGF2BP3,1,4,1.0,0.9032914
E3|Q9H000|P04637,E3|Q9H000,E3,Q9H000,P04637,MKRN2,TP53,1,4,1.0,0.93723714
E3|Q9H0A0|Q00987,E3|Q9H0A0,E3,Q9H0A0,Q00987,NAT10,MDM2,1,4,1.0,0.88085294
E3|Q9H469|O00308,E3|Q9H469,E3,Q9H469,O00308,FBXL15,WWP2,1,4,1.0,0.63022923
E3|Q9H469|Q9HAU4,E3|Q9H469,E3,Q9H469,Q9HAU4,FBXL15,SMURF2,1,4,1.0,0.69431
E3|Q9H469|Q9HCE7,E3|Q9H469,E3,Q9H469,Q9HCE7,FBXL15,SMURF1,1,4,1.0,0.40957338
E3|Q9HAU4|O15105,E3|Q9HAU4,E3,Q9HAU4,O15105,SMURF2,SMAD7,1,4,1.0,0.90676725
E3|Q9HAU4|O15169,E3|Q9HAU4,E3,Q9HAU4,O15169,SMURF2,AXIN1,1,4,1.0,0.9492612
E3|Q9HAU4|O95630,E3|Q9HAU4,E3,Q9HAU4,O95630,SMURF2,STAMBP,1,4,1.0,0.93239087
E3|Q9HAU4|P00533,E3|Q9HAU4,E3,Q9HAU4,P00533,SMURF2,EGFR,1,4,1.0,0.9471985
E3|Q9HAU4|P09874,E3|Q9HAU4,E3,Q9HAU4,P09874,SMURF2,PARP1,1,4,1.0,0.8146968
E3|Q9HAU4|P11388,E3|Q9HAU4,E3,Q9HAU4,P11388,SMURF2,TOP2A,1,4,1.0,0.8307242
E3|Q9HAU4|P12757,E3|Q9HAU4,E3,Q9HAU4,P12757,SMURF2,SKIL,1,4,1.0,0.8026742
E3|Q9HAU4|P16104,E3|Q9HAU4,E3,Q9HAU4,P16104,SMURF2,H2AX,1,4,1.0,0.76537687
E3|Q9HAU4|P20333,E3|Q9HAU4,E3,Q9HAU4,P20333,SMURF2,TNFRSF1B,1,4,1.0,0.9234243
E3|Q9HAU4|P35222,E3|Q9HAU4,E3,Q9HAU4,P35222,SMURF2,CTNNB1,1,4,1.0,0.9611041
E3|Q9HAU4|P36897,E3|Q9HAU4,E3,Q9HAU4,P36897,SMURF2,TGFBR1,1,4,1.0,0.94195926
E3|Q9HAU4|P37173,E3|Q9HAU4,E3,Q9HAU4,P37173,SMURF2,TGFBR2,1,4,1.0,0.86098933
E3|Q9HAU4|P41134,E3|Q9HAU4,E3,Q9HAU4,P41134,SMURF2,ID1,1,4,1.0,0.7376226
E3|Q9HAU4|P49841,E3|Q9HAU4,E3,Q9HAU4,P49841,SMURF2,GSK3B,1,4,1.0,0.95258325
E3|Q9HAU4|P61224,E3|Q9HAU4,E3,Q9HAU4,P61224,SMURF2,RAP1B,1,4,1.0,0.88411677
E3|Q9HAU4|P61586,E3|Q9HAU4,E3,Q9HAU4,P61586,SMURF2,RHOA,1,4,1.0,0.96280146
E3|Q9HAU4|P84022,E3|Q9HAU4,E3,Q9HAU4,P84022,SMURF2,SMAD3,1,4,1.0,0.8698416
E3|Q9HAU4|Q01826,E3|Q9HAU4,E3,Q9HAU4,Q01826,SMURF2,SATB1,1,4,1.0,0.73220736
E3|Q9HAU4|Q02535,E3|Q9HAU4,E3,Q9HAU4,Q02535,SMURF2,ID3,1,4,1.0,0.69221354
E3|Q9HAU4|Q13257,E3|Q9HAU4,E3,Q9HAU4,Q13257,SMURF2,MAD2L1,1,4,1.0,0.9631304
E3|Q9HAU4|Q13485,E3|Q9HAU4,E3,Q9HAU4,Q13485,SMURF2,SMAD4,1,4,1.0,0.86502755
E3|Q9HAU4|Q13887,E3|Q9HAU4,E3,Q9HAU4,Q13887,SMURF2,KLF5,1,4,1.0,0.84436125
E3|Q9HAU4|Q13950,E3|Q9HAU4,E3,Q9HAU4,Q13950,SMURF2,RUNX2,1,4,1.0,0.85435766
E3|Q9HAU4|Q15796,E3|Q9HAU4,E3,Q9HAU4,Q15796,SMURF2,SMAD2,1,4,1.0,0.90711516
E3|Q9HAU4|Q15797,E3|Q9HAU4,E3,Q9HAU4,Q15797,SMURF2,SMAD1,1,4,1.0,0.8875157
E3|Q9HAU4|Q15910,E3|Q9HAU4,E3,Q9HAU4,Q15910,SMURF2,EZH2,1,4,1.0,0.8274994
E3|Q9HAU4|Q5VTR2,E3|Q9HAU4,E3,Q9HAU4,Q5VTR2,SMURF2,RNF20,1,4,1.0,0.863108
E3|Q9HAU4|Q96EB6,E3|Q9HAU4,E3,Q9HAU4,Q96EB6,SMURF2,SIRT1,1,4,1.0,0.9559568
E3|Q9HAU4|Q96FJ0,E3|Q9HAU4,E3,Q9HAU4,Q96FJ0,SMURF2,STAMBPL1,1,4,1.0,0.88915753
E3|Q9HAU4|Q99717,E3|Q9HAU4,E3,Q9HAU4,Q99717,SMURF2,SMAD5,1,4,1.0,0.961939
E3|Q9HAU4|Q9BUZ4,E3|Q9HAU4,E3,Q9HAU4,Q9BUZ4,SMURF2,TRAF4,1,4,1.0,0.97214645
E3|Q9HAU4|Q9HCE7,E3|Q9HAU4,E3,Q9HAU4,Q9HCE7,SMURF2,SMURF1,1,4,1.0,0.95738965
E3|Q9HAU4|Q9NP71,E3|Q9HAU4,E3,Q9HAU4,Q9NP71,SMURF2,MLXIPL,1,4,1.0,0.7745456
E3|Q9HAU4|Q9Y297,E3|Q9HAU4,E3,Q9HAU4,Q9Y297,SMURF2,BTRC,1,4,1.0,0.84747314
E3|Q9HAU4|Q9Y3C5,E3|Q9HAU4,E3,Q9HAU4,Q9Y3C5,SMURF2,RNF11,1,4,1.0,0.9605184
E3|Q9HCM9|P04637,E3|Q9HCM9,E3,Q9HCM9,P04637,TRIM39,TP53,1,4,1.0,0.9641288
E3|Q9HCM9|Q96BY2,E3|Q9HCM9,E3,Q9HCM9,Q96BY2,TRIM39,MOAP1,1,4,1.0,0.84756905
E3|Q9NPC3|P14635,E3|Q9NPC3,E3,Q9NPC3,P14635,CCNB1IP1,CCNB1,1,4,1.0,0.9353691
E3|Q9NPC3|Q9NPC3,E3|Q9NPC3,E3,Q9NPC3,Q9NPC3,CCNB1IP1,CCNB1IP1,1,4,1.0,0.9179726
E3|Q9NR09|Q9NR28,E3|Q9NR09,E3,Q9NR09,Q9NR28,BIRC6,DIABLO,1,4,1.0,0.9562497
E3|Q9NS56|P04637,E3|Q9NS56,E3,Q9NS56,P04637,TOPORS,TP53,1,4,1.0,0.9383445
E3|Q9NS56|P16104,E3|Q9NS56,E3,Q9NS56,P16104,TOPORS,H2AX,1,4,1.0,0.9008908
E3|Q9NS56|Q99801,E3|Q9NS56,E3,Q9NS56,Q99801,TOPORS,NKX3-1,1,4,1.0,0.936533
E3|Q9NTX7|O15169,E3|Q9NTX7,E3,Q9NTX7,O15169,RNF146,AXIN1,1,4,1.0,0.7736896
E3|Q9NTX7|O15234,E3|Q9NTX7,E3,Q9NTX7,O15234,RNF146,CASC3,1,4,1.0,0.90920854
E3|Q9NTX7|O60239,E3|Q9NTX7,E3,Q9NTX7,O60239,RNF146,SH3BP5,1,4,1.0,0.9124338
E3|Q9NTX7|O95271,E3|Q9NTX7,E3,Q9NTX7,O95271,RNF146,TNKS,1,4,1.0,0.62872195
E3|Q9NTX7|P09874,E3|Q9NTX7,E3,Q9NTX7,P09874,RNF146,PARP1,1,4,1.0,0.9017471
E3|Q9NTX7|P12956,E3|Q9NTX7,E3,Q9NTX7,P12956,RNF146,XRCC6,1,4,1.0,0.8747101
E3|Q9NTX7|P18887,E3|Q9NTX7,E3,Q9NTX7,P18887,RNF146,XRCC1,1,4,1.0,0.87161136
E3|Q9NTX7|Q7L8J4,E3|Q9NTX7,E3,Q9NTX7,Q7L8J4,RNF146,SH3BP5L,1,4,1.0,0.80817634
E3|Q9NTX7|Q9H2G9,E3|Q9NTX7,E3,Q9NTX7,Q9H2G9,RNF146,BLZF1,1,4,1.0,0.90466523
E3|Q9NTX7|Q9H2K2,E3|Q9NTX7,E3,Q9NTX7,Q9H2K2,RNF146,TNKS2,1,4,1.0,0.89032215
E3|Q9NTX7|Q9Y2T1,E3|Q9NTX7,E3,Q9NTX7,Q9Y2T1,RNF146,AXIN2,1,4,1.0,0.8887369
E3|Q9NV58|P00441,E3|Q9NV58,E3,Q9NV58,P00441,RNF19A,SOD1,1,4,1.0,0.9433322
E3|Q9NV58|P04637,E3|Q9NV58,E3,Q9NV58,P04637,RNF19A,TP53,1,4,1.0,0.95255965
E3|Q9NV58|P41180,E3|Q9NV58,E3,Q9NV58,P41180,RNF19A,CASR,1,4,1.0,0.813017
E3|Q9NV58|Q9NV58,E3|Q9NV58,E3,Q9NV58,Q9NV58,RNF19A,RNF19A,1,4,1.0,0.9616313
E3|Q9NV58|Q9Y4K3,E3|Q9NV58,E3,Q9NV58,Q9Y4K3,RNF19A,TRAF6,1,4,1.0,0.34764448
E3|Q9NV58|Q9Y6H5,E3|Q9NV58,E3,Q9NV58,Q9Y6H5,RNF19A,SNCAIP,1,4,1.0,0.22107878
E3|Q9NXF7|Q56A73,E3|Q9NXF7,E3,Q9NXF7,Q56A73,DCAF16,SPIN4,1,4,1.0,0.86628604
E3|Q9P2E8|P01730,E3|Q9P2E8,E3,Q9P2E8,P01730,MARCHF4,CD4,1,4,1.0,0.9101224
E3|Q9P2E8|P01911,E3|Q9P2E8,E3,Q9P2E8,P01911,MARCHF4,HLA-DRB1,1,4,1.0,0.9233934
E3|Q9P2E8|Q9GIY3,E3|Q9P2E8,E3,Q9P2E8,Q9GIY3,MARCHF4,HLA-DRB1,1,4,1.0,0.7905926
E3|Q9UDY8|Q9Y6K9,E3|Q9UDY8,E3,Q9UDY8,Q9Y6K9,MALT1,IKBKG,1,4,1.0,0.9559204
E3|Q9UH90|P35568,E3|Q9UH90,E3,Q9UH90,P35568,FBXO40,IRS1,1,4,1.0,0.45317724
E3|Q9UKC9|O00459,E3|Q9UKC9,E3,Q9UKC9,O00459,FBXL2,PIK3R2,1,4,1.0,0.43409103
E3|Q9UKC9|P05067,E3|Q9UKC9,E3,Q9UKC9,P05067,FBXL2,APP,1,4,1.0,0.7032083
E3|Q9UKC9|P30279,E3|Q9UKC9,E3,Q9UKC9,P30279,FBXL2,CCND2,1,4,1.0,0.49351063
E3|Q9UKC9|P30281,E3|Q9UKC9,E3,Q9UKC9,P30281,FBXL2,CCND3,1,4,1.0,0.72064954
E3|Q9UKC9|P49585,E3|Q9UKC9,E3,Q9UKC9,P49585,FBXL2,PCYT1A,1,4,1.0,0.80654854
E3|Q9UKC9|Q08050,E3|Q9UKC9,E3,Q9UKC9,Q08050,FBXL2,FOXM1,1,4,1.0,0.64945984
E3|Q9UKC9|Q14573,E3|Q9UKC9,E3,Q9UKC9,Q14573,FBXL2,ITPR3,1,4,1.0,0.846341
E3|Q9UKC9|Q96GD4,E3|Q9UKC9,E3,Q9UKC9,Q96GD4,FBXL2,AURKB,1,4,1.0,0.6785601
E3|Q9UKC9|Q96P20,E3|Q9UKC9,E3,Q9UKC9,Q96P20,FBXL2,NLRP3,1,4,1.0,0.6399376
E3|Q9UKT7|P08678,E3|Q9UKT7,E3,Q9UKT7,P08678,FBXL3,CYR1,1,4,1.0,0.28140548
E3|Q9UKT7|Q16526,E3|Q9UKT7,E3,Q9UKT7,Q16526,FBXL3,CRY1,1,4,1.0,0.8352833
E3|Q9UKT7|Q49AN0,E3|Q9UKT7,E3,Q9UKT7,Q49AN0,FBXL3,CRY2,1,4,1.0,0.83842325
E3|Q9UPN9|P35222,E3|Q9UPN9,E3,Q9UPN9,P35222,TRIM33,CTNNB1,1,4,1.0,0.8792458
E3|Q9UPN9|Q13485,E3|Q9UPN9,E3,Q9UPN9,Q13485,TRIM33,SMAD4,1,4,1.0,0.93086976
E3|Q9UPN9|Q9H6R0,E3|Q9UPN9,E3,Q9UPN9,Q9H6R0,TRIM33,DHX33,1,4,1.0,0.7681733
E3|Q9Y252|P10275,E3|Q9Y252,E3,Q9Y252,P10275,RNF6,AR,1,4,1.0,0.9268669
E3|Q9Y252|P48059,E3|Q9Y252,E3,Q9Y252,P48059,RNF6,LIMS1,1,4,1.0,0.8797098
E3|Q9Y252|P53667,E3|Q9Y252,E3,Q9Y252,P53667,RNF6,LIMK1,1,4,1.0,0.87480444
E3|Q9Y252|P55317,E3|Q9Y252,E3,Q9Y252,P55317,RNF6,FOXA1,1,4,1.0,0.89686894
E3|Q9Y252|Q04726,E3|Q9Y252,E3,Q9Y252,Q04726,RNF6,TLE3,1,4,1.0,0.91689897
E3|Q9Y252|Q05195,E3|Q9Y252,E3,Q9Y252,Q05195,RNF6,MXD1,1,4,1.0,0.8882406
E3|Q9Y252|Q15466,E3|Q9Y252,E3,Q9Y252,Q15466,RNF6,NR0B2,1,4,1.0,0.9260315
E3|Q9Y2K7|Q16875,E3|Q9Y2K7,E3,Q9Y2K7,Q16875,KDM2A,PFKFB3,1,4,1.0,0.23513983
E3|Q9Y3C5|Q9HAU4,E3|Q9Y3C5,E3,Q9Y3C5,Q9HAU4,RNF11,SMURF2,1,4,1.0,0.9609576
E3|Q9Y3C5|Q9Y3C5,E3|Q9Y3C5,E3,Q9Y3C5,Q9Y3C5,RNF11,RNF11,1,4,1.0,0.96799266
E3|Q9Y575|P20333,E3|Q9Y575,E3,Q9Y575,P20333,ASB3,TNFRSF1B,1,4,1.0,0.54894304
E3|Q9Y577|Q07820,E3|Q9Y577,E3,Q9Y577,Q07820,TRIM17,MCL1,1,4,1.0,0.92225
E3|Q9Y577|Q14653,E3|Q9Y577,E3,Q9Y577,Q14653,TRIM17,IRF3,1,4,1.0,0.96376705
E3|Q9Y577|Q9Y577,E3|Q9Y577,E3,Q9Y577,Q9Y577,TRIM17,TRIM17,1,4,1.0,0.9637968
E3|Q9Y577|Q9Y5A6,E3|Q9Y577,E3,Q9Y577,Q9Y5A6,TRIM17,ZSCAN21,1,4,1.0,0.21740274
DUB|O75604|O14965,DUB|O75604,DUB,O75604,O14965,USP2,AURKA,1,4,1.0,0.8700865
DUB|O75604|O15151,DUB|O75604,DUB,O75604,O15151,USP2,MDM4,1,4,1.0,0.67280453
DUB|O75604|O15534,DUB|O75604,DUB,O75604,O15534,USP2,PER1,1,4,1.0,0.5271203
DUB|O75604|P08253,DUB|O75604,DUB,O75604,P08253,USP2,MMP2,1,4,1.0,0.83720756
DUB|O75604|P24385,DUB|O75604,DUB,O75604,P24385,USP2,CCND1,1,4,1.0,0.56424415
DUB|O75604|P25445,DUB|O75604,DUB,O75604,P25445,USP2,FAS,1,4,1.0,0.8423818
DUB|O75604|P37088,DUB|O75604,DUB,O75604,P37088,USP2,SCNN1A,1,4,1.0,0.703566
DUB|O75604|P49327,DUB|O75604,DUB,O75604,P49327,USP2,FASN,1,4,1.0,0.57490724
DUB|O75604|P51168,DUB|O75604,DUB,O75604,P51168,USP2,SCNN1B,1,4,1.0,0.6497449
DUB|O75604|P51170,DUB|O75604,DUB,O75604,P51170,USP2,SCNN1G,1,4,1.0,0.44658548
DUB|O75604|Q00987,DUB|O75604,DUB,O75604,Q00987,USP2,MDM2,1,4,1.0,0.62413853
DUB|O75604|Q03431,DUB|O75604,DUB,O75604,Q03431,USP2,PTH1R,1,4,1.0,0.8401309
DUB|O75604|Q12933,DUB|O75604,DUB,O75604,Q12933,USP2,TRAF2,1,4,1.0,0.67697215
DUB|O75604|Q13546,DUB|O75604,DUB,O75604,Q13546,USP2,RIPK1,1,4,1.0,0.9021624
DUB|O75604|Q16526,DUB|O75604,DUB,O75604,Q16526,USP2,CRY1,1,4,1.0,0.64065176
DUB|O75604|Q96EB6,DUB|O75604,DUB,O75604,Q96EB6,USP2,SIRT1,1,4,1.0,0.8471803
DUB|O75604|Q9H5J4,DUB|O75604,DUB,O75604,Q9H5J4,USP2,ELOVL6,1,4,1.0,0.6946468
DUB|O94966|O60337,DUB|O94966,DUB,O94966,O60337,USP19,MARCHF6,1,4,1.0,0.4412918
DUB|O94966|O75581,DUB|O94966,DUB,O94966,O75581,USP19,LRP6,1,4,1.0,0.27203012
DUB|O94966|P04150,DUB|O94966,DUB,O94966,P04150,USP19,NR3C1,1,4,1.0,0.9391446
DUB|O94966|Q01844,DUB|O94966,DUB,O94966,Q01844,USP19,EWSR1,1,4,1.0,0.9220205
DUB|O94966|Q13114,DUB|O94966,DUB,O94966,Q13114,USP19,TRAF3,1,4,1.0,0.9356029
DUB|O94966|Q13489,DUB|O94966,DUB,O94966,Q13489,USP19,BIRC3,1,4,1.0,0.75155383
DUB|O94966|Q13490,DUB|O94966,DUB,O94966,Q13490,USP19,BIRC2,1,4,1.0,0.6616262
DUB|O94966|Q13547,DUB|O94966,DUB,O94966,Q13547,USP19,HDAC1,1,4,1.0,0.6337252
DUB|O94966|Q14457,DUB|O94966,DUB,O94966,Q14457,USP19,BECN1,1,4,1.0,0.94808227
DUB|O94966|Q5XPI4,DUB|O94966,DUB,O94966,Q5XPI4,USP19,RNF123,1,4,1.0,0.7106281
DUB|O94966|Q86TM6,DUB|O94966,DUB,O94966,Q86TM6,USP19,SYVN1,1,4,1.0,0.80490476
DUB|O94966|Q8IVP5,DUB|O94966,DUB,O94966,Q8IVP5,USP19,FUNDC1,1,4,1.0,0.48723873
DUB|O94966|Q92769,DUB|O94966,DUB,O94966,Q92769,USP19,HDAC2,1,4,1.0,0.56345767
DUB|O94966|Q92828,DUB|O94966,DUB,O94966,Q92828,USP19,CORO2A,1,4,1.0,0.715524
DUB|O94966|Q9Y6Q9,DUB|O94966,DUB,O94966,Q9Y6Q9,USP19,NCOA3,1,4,1.0,0.66750443
DUB|P12956|Q07820,DUB|P12956,DUB,P12956,Q07820,XRCC6,MCL1,1,4,1.0,0.76196057
DUB|P46736|O15287,DUB|P46736,DUB,P46736,O15287,BRCC3,FANCG,1,4,1.0,0.7503033
DUB|P46736|O60674,DUB|P46736,DUB,P46736,O60674,BRCC3,JAK2,1,4,1.0,0.39821038
DUB|P46736|O95271,DUB|P46736,DUB,P46736,O95271,BRCC3,TNKS,1,4,1.0,0.9595006
DUB|P46736|P0C0S8,DUB|P46736,DUB,P46736,P0C0S8,BRCC3,HIST1H2AM,1,4,1.0,0.8218877
DUB|P46736|P16104,DUB|P46736,DUB,P46736,P16104,BRCC3,H2AFX,1,4,1.0,0.8062366
DUB|P46736|Q14980,DUB|P46736,DUB,P46736,Q14980,BRCC3,NUMA1,1,4,1.0,0.9577495
DUB|P46736|Q96P20,DUB|P46736,DUB,P46736,Q96P20,BRCC3,NLRP3,1,4,1.0,0.9596669
DUB|Q53GS9|O96017,DUB|Q53GS9,DUB,Q53GS9,O96017,USP39,CHEK2,1,4,1.0,0.9132751
DUB|Q53GS9|P37275,DUB|Q53GS9,DUB,Q53GS9,P37275,USP39,ZEB1,1,4,1.0,0.89878774
DUB|Q53GS9|P42224,DUB|Q53GS9,DUB,Q53GS9,P42224,USP39,STAT1,1,4,1.0,0.7605717
DUB|Q53GS9|Q96GD4,DUB|Q53GS9,DUB,Q53GS9,Q96GD4,USP39,AURKB,1,4,1.0,0.74772364
DUB|Q5D1E8|O43474,DUB|Q5D1E8,DUB,Q5D1E8,O43474,ZC3H12A,KLF4,1,4,1.0,0.28986013
DUB|Q5D1E8|Q12933,DUB|Q5D1E8,DUB,Q5D1E8,Q12933,ZC3H12A,TRAF2,1,4,1.0,0.5685634
DUB|Q5D1E8|Q13546,DUB|Q5D1E8,DUB,Q5D1E8,Q13546,ZC3H12A,RIPK1,1,4,1.0,0.9062948
DUB|Q5D1E8|Q9Y4K3,DUB|Q5D1E8,DUB,Q5D1E8,Q9Y4K3,ZC3H12A,TRAF6,1,4,1.0,0.55964416
DUB|Q5VVJ2|P0C0S8,DUB|Q5VVJ2,DUB,Q5VVJ2,P0C0S8,MYSM1,HIST1H2AM,1,4,1.0,0.9094555
DUB|Q5VVJ2|Q16777,DUB|Q5VVJ2,DUB,Q5VVJ2,Q16777,MYSM1,HIST2H2AC,1,4,1.0,0.8897075
DUB|Q5VVJ2|Q86WV6,DUB|Q5VVJ2,DUB,Q5VVJ2,Q86WV6,MYSM1,STING1,1,4,1.0,0.7951574
DUB|Q5VVQ6|P17661,DUB|Q5VVQ6,DUB,Q5VVQ6,P17661,YOD1,DES,1,4,1.0,0.7030497
DUB|Q5VVQ6|P55072,DUB|Q5VVQ6,DUB,Q5VVQ6,P55072,YOD1,VCP,1,4,1.0,0.5540324
DUB|Q5VVQ6|Q96J02,DUB|Q5VVQ6,DUB,Q5VVQ6,Q96J02,YOD1,ITCH,1,4,1.0,0.5062216
DUB|Q6R6M4|O43623,DUB|Q6R6M4,DUB,Q6R6M4,O43623,USP17L2,SNAI2,1,4,1.0,0.8686055
DUB|Q6R6M4|O60885,DUB|Q6R6M4,DUB,Q6R6M4,O60885,USP17L2,BRD4,1,4,1.0,0.741619
DUB|Q6R6M4|O95786,DUB|Q6R6M4,DUB,Q6R6M4,O95786,USP17L2,DDX58,1,4,1.0,0.92332876
DUB|Q6R6M4|O95863,DUB|Q6R6M4,DUB,Q6R6M4,O95863,USP17L2,SNAI1,1,4,1.0,0.834347
DUB|Q6R6M4|P16104,DUB|Q6R6M4,DUB,Q6R6M4,P16104,USP17L2,H2AFX,1,4,1.0,0.83999217
DUB|Q6R6M4|P30304,DUB|Q6R6M4,DUB,Q6R6M4,P30304,USP17L2,CDC25A,1,4,1.0,0.8168528
DUB|Q6R6M4|Q15672,DUB|Q6R6M4,DUB,Q6R6M4,Q15672,USP17L2,TWIST1,1,4,1.0,0.80713886
DUB|Q6R6M4|Q16236,DUB|Q6R6M4,DUB,Q6R6M4,Q16236,USP17L2,NFE2L2,1,4,1.0,0.82419825
DUB|Q6R6M4|Q92819,DUB|Q6R6M4,DUB,Q6R6M4,Q92819,USP17L2,HAS2,1,4,1.0,0.924428
DUB|Q6R6M4|Q99538,DUB|Q6R6M4,DUB,Q6R6M4,Q99538,USP17L2,LGMN,1,4,1.0,0.39196736
DUB|Q6R6M4|Q9BYX4,DUB|Q6R6M4,DUB,Q6R6M4,Q9BYX4,USP17L2,IFIH1,1,4,1.0,0.8852301
DUB|Q6R6M4|Q9H7L9,DUB|Q6R6M4,DUB,Q6R6M4,Q9H7L9,USP17L2,SUDS3,1,4,1.0,0.71497184
DUB|Q6R6M4|Q9Y256,DUB|Q6R6M4,DUB,Q6R6M4,Q9Y256,USP17L2,RCE1,1,4,1.0,0.20768471
DUB|Q70CQ2|O15169,DUB|Q70CQ2,DUB,Q70CQ2,O15169,USP34,AXIN1,1,4,1.0,0.76968575
DUB|Q70CQ2|Q8IYW5,DUB|Q70CQ2,DUB,Q70CQ2,Q8IYW5,USP34,RNF168,1,4,1.0,0.89432937
DUB|Q70CQ2|Q9UKV5,DUB|Q70CQ2,DUB,Q70CQ2,Q9UKV5,USP34,AMFR,1,4,1.0,0.1200423
DUB|Q70CQ2|Q9Y2T1,DUB|Q70CQ2,DUB,Q70CQ2,Q9Y2T1,USP34,AXIN2,1,4,1.0,0.8823323
DUB|Q70CQ3|O94826,DUB|Q70CQ3,DUB,Q70CQ3,O94826,USP30,TOMM70A,1,4,1.0,0.92766774
DUB|Q70CQ3|O95140,DUB|Q70CQ3,DUB,Q70CQ3,O95140,USP30,MFN2,1,4,1.0,0.9483903
DUB|Q70CQ3|P21796,DUB|Q70CQ3,DUB,Q70CQ3,P21796,USP30,VDAC1,1,4,1.0,0.9466574
DUB|Q70CQ3|Q15388,DUB|Q70CQ3,DUB,Q70CQ3,Q15388,USP30,TOMM20,1,4,1.0,0.93076634
DUB|Q70CQ3|Q8IWA4,DUB|Q70CQ3,DUB,Q70CQ3,Q8IWA4,USP30,MFN1,1,4,1.0,0.95179856
DUB|Q70CQ3|Q8IXI2,DUB|Q70CQ3,DUB,Q70CQ3,Q8IXI2,USP30,RHOT1,1,4,1.0,0.9454488
DUB|Q92995|A0A291NLA3,DUB|Q92995,DUB,Q92995,A0A291NLA3,USP13,SIGIRR,1,4,1.0,0.15287817
DUB|Q92995|O75030,DUB|Q92995,DUB,Q92995,O75030,USP13,MITF,1,4,1.0,0.91622853
DUB|Q92995|P01106,DUB|Q92995,DUB,Q92995,P01106,USP13,MYC,1,4,1.0,0.8923059
DUB|Q92995|P11441,DUB|Q92995,DUB,Q92995,P11441,USP13,UBL4A,1,4,1.0,0.52487737
DUB|Q92995|P53396,DUB|Q92995,DUB,Q92995,P53396,USP13,ACLY,1,4,1.0,0.67967105
DUB|Q92995|P60484,DUB|Q92995,DUB,Q92995,P60484,USP13,PTEN,1,4,1.0,0.66437817
DUB|Q92995|Q02218,DUB|Q92995,DUB,Q92995,Q02218,USP13,OGDH,1,4,1.0,0.30152628
DUB|Q92995|Q07820,DUB|Q92995,DUB,Q92995,Q07820,USP13,MCL1,1,4,1.0,0.73365366
DUB|Q92995|Q13309,DUB|Q92995,DUB,Q92995,Q13309,USP13,SKP2,1,4,1.0,0.8470017
DUB|Q92995|Q14457,DUB|Q92995,DUB,Q92995,Q14457,USP13,BECN1,1,4,1.0,0.6446734
DUB|Q92995|Q14694,DUB|Q92995,DUB,Q92995,Q14694,USP13,USP10,1,4,1.0,0.893116
DUB|Q92995|Q86WV6,DUB|Q92995,DUB,Q92995,Q86WV6,USP13,TMEM173,1,4,1.0,0.7944471
DUB|Q92995|Q8NEB9,DUB|Q92995,DUB,Q92995,Q8NEB9,USP13,PIK3C3,1,4,1.0,0.41444954
DUB|Q92995|Q92547,DUB|Q92995,DUB,Q92995,Q92547,USP13,TOPBP1,1,4,1.0,0.8925725
DUB|Q92995|Q96P20,DUB|Q92995,DUB,Q92995,Q96P20,USP13,NLRP3,1,4,1.0,0.54763526
DUB|Q92995|Q96RL1,DUB|Q92995,DUB,Q92995,Q96RL1,USP13,UIMC1,1,4,1.0,0.91985875
DUB|Q9H3M9|Q13887,DUB|Q9H3M9,DUB,Q9H3M9,Q13887,ATXN3L,KLF5,1,4,1.0,0.923024
DUB|Q9UPT9|O60341,DUB|Q9UPT9,DUB,Q9UPT9,O60341,USP22,KDM1A,1,4,1.0,0.9320482
DUB|Q9UPT9|O75461,DUB|Q9UPT9,DUB,Q9UPT9,O75461,USP22,E2F6,1,4,1.0,0.89025116
DUB|Q9UPT9|P00533,DUB|Q9UPT9,DUB,Q9UPT9,P00533,USP22,EGFR,1,4,1.0,0.25604168
DUB|Q9UPT9|P01106,DUB|Q9UPT9,DUB,Q9UPT9,P01106,USP22,MYC,1,4,1.0,0.91888905
DUB|Q9UPT9|P09467,DUB|Q9UPT9,DUB,Q9UPT9,P09467,USP22,FBP1,1,4,1.0,0.6338826
DUB|Q9UPT9|P0C0S8,DUB|Q9UPT9,DUB,Q9UPT9,P0C0S8,USP22,HIST1H2AM,1,4,1.0,0.9108621
DUB|Q9UPT9|P14635,DUB|Q9UPT9,DUB,Q9UPT9,P14635,USP22,CCNB1,1,4,1.0,0.94693655
DUB|Q9UPT9|P14780,DUB|Q9UPT9,DUB,Q9UPT9,P14780,USP22,MMP9,1,4,1.0,0.33346257
DUB|Q9UPT9|P35226,DUB|Q9UPT9,DUB,Q9UPT9,P35226,USP22,BMI1,1,4,1.0,0.92443144
DUB|Q9UPT9|P35354,DUB|Q9UPT9,DUB,Q9UPT9,P35354,USP22,PTGS2,1,4,1.0,0.3393407
DUB|Q9UPT9|P46937,DUB|Q9UPT9,DUB,Q9UPT9,P46937,USP22,YAP1,1,4,1.0,0.91677445
DUB|Q9UPT9|P48431,DUB|Q9UPT9,DUB,Q9UPT9,P48431,USP22,SOX2,1,4,1.0,0.9210568
DUB|Q9UPT9|P54274,DUB|Q9UPT9,DUB,Q9UPT9,P54274,USP22,TERF1,1,4,1.0,0.8652664
DUB|Q9UPT9|P62807,DUB|Q9UPT9,DUB,Q9UPT9,P62807,USP22,HIST1H2BI,1,4,1.0,0.8575211
DUB|Q9UPT9|Q13469,DUB|Q9UPT9,DUB,Q9UPT9,Q13469,USP22,NFATC2,1,4,1.0,0.9242104
DUB|Q9UPT9|Q14469,DUB|Q9UPT9,DUB,Q9UPT9,Q14469,USP22,HES1,1,4,1.0,0.8931544
DUB|Q9UPT9|Q15465,DUB|Q9UPT9,DUB,Q9UPT9,Q15465,USP22,SHH,1,4,1.0,0.07714937
DUB|Q9UPT9|Q16665,DUB|Q9UPT9,DUB,Q9UPT9,Q16665,USP22,HIF1A,1,4,1.0,0.9203502
DUB|Q9UPT9|Q16777,DUB|Q9UPT9,DUB,Q9UPT9,Q16777,USP22,HIST2H2AC,1,4,1.0,0.8967541
DUB|Q9UPT9|Q16778,DUB|Q9UPT9,DUB,Q9UPT9,Q16778,USP22,HIST2H2BE,1,4,1.0,0.8754321
DUB|Q9UPT9|Q86WV6,DUB|Q9UPT9,DUB,Q9UPT9,Q86WV6,USP22,TMEM173,1,4,1.0,0.81189823
DUB|Q9UPT9|Q92905,DUB|Q9UPT9,DUB,Q9UPT9,Q92905,USP22,COPS5,1,4,1.0,0.7930144
DUB|Q9UPT9|Q96EB6,DUB|Q9UPT9,DUB,Q9UPT9,Q96EB6,USP22,SIRT1,1,4,1.0,0.72000915
DUB|Q9UPT9|Q9NZQ7,DUB|Q9UPT9,DUB,Q9UPT9,Q9NZQ7,USP22,CD274,1,4,1.0,0.31588823
DUB|Q9UPU5|O75385,DUB|Q9UPU5,DUB,Q9UPU5,O75385,USP24,ULK1,1,4,1.0,0.30548626
DUB|Q9UPU5|P04637,DUB|Q9UPU5,DUB,Q9UPU5,P04637,USP24,TP53,1,4,1.0,0.9382755
DUB|Q9UPU5|Q92466,DUB|Q9UPU5,DUB,Q9UPU5,Q92466,USP24,DDB2,1,4,1.0,0.90667695
DUB|Q9Y5E6|P19838,DUB|Q9Y5E6,DUB,Q9Y5E6,P19838,PCDHB3,NFKB1,1,4,1.0,0.13774891
DUB|Q9Y6I4|O14757,DUB|Q9Y6I4,DUB,Q9Y6I4,O14757,USP3,CHEK1,1,4,1.0,0.88551486
DUB|Q9Y6I4|O95786,DUB|Q9Y6I4,DUB,Q9Y6I4,O95786,USP3,DDX58,1,4,1.0,0.79897213
DUB|Q9Y6I4|O95863,DUB|Q9Y6I4,DUB,Q9Y6I4,O95863,USP3,SNAI1,1,4,1.0,0.8563795
DUB|Q9Y6I4|P04198,DUB|Q9Y6I4,DUB,Q9Y6I4,P04198,USP3,MYCN,1,4,1.0,0.8478492
DUB|Q9Y6I4|P04637,DUB|Q9Y6I4,DUB,Q9Y6I4,P04637,USP3,TP53,1,4,1.0,0.91489416
DUB|Q9Y6I4|P0C0S8,DUB|Q9Y6I4,DUB,Q9Y6I4,P0C0S8,USP3,HIST1H2AM,1,4,1.0,0.8868347
DUB|Q9Y6I4|P16104,DUB|Q9Y6I4,DUB,Q9Y6I4,P16104,USP3,H2AFX,1,4,1.0,0.8499498
DUB|Q9Y6I4|P30304,DUB|Q9Y6I4,DUB,Q9Y6I4,P30304,USP3,CDC25A,1,4,1.0,0.87574536
DUB|Q9Y6I4|P62807,DUB|Q9Y6I4,DUB,Q9Y6I4,P62807,USP3,HIST1H2BI,1,4,1.0,0.8245713
DUB|Q9Y6I4|Q01860,DUB|Q9Y6I4,DUB,Q9Y6I4,Q01860,USP3,POU5F1,1,4,1.0,0.8791157
DUB|Q9Y6I4|Q13887,DUB|Q9Y6I4,DUB,Q9Y6I4,Q13887,USP3,KLF5,1,4,1.0,0.79254735
DUB|Q9Y6I4|Q15022,DUB|Q9Y6I4,DUB,Q9Y6I4,Q15022,USP3,SUZ12,1,4,1.0,0.9010459
DUB|Q9Y6I4|Q16777,DUB|Q9Y6I4,DUB,Q9Y6I4,Q16777,USP3,HIST2H2AC,1,4,1.0,0.8437366
DUB|Q9Y6I4|Q16778,DUB|Q9Y6I4,DUB,Q9Y6I4,Q16778,USP3,HIST2H2BE,1,4,1.0,0.84958124
DUB|Q9Y6I4|Q96RL1,DUB|Q9Y6I4,DUB,Q9Y6I4,Q96RL1,USP3,UIMC1,1,4,1.0,0.9104879
DUB|Q9Y6I4|Q9H9S0,DUB|Q9Y6I4,DUB,Q9Y6I4,Q9H9S0,USP3,NANOG,1,4,1.0,0.9087634
DUB|Q9Y6I4|Q9HAW4,DUB|Q9Y6I4,DUB,Q9Y6I4,Q9HAW4,USP3,CLSPN,1,4,1.0,0.76590854
E3|O00635|Q13887,E3|O00635,E3,O00635,Q13887,TRIM38,KLF5,0,4,0.0,0.23851177
E3|O00635|P00533,E3|O00635,E3,O00635,P00533,TRIM38,EGFR,0,4,0.0,0.67146724
E3|O60337|Q9P2X3,E3|O60337,E3,O60337,Q9P2X3,MARCHF6,IMPACT,0,4,0.0,0.30022573
E3|O60337|Q8TCG1,E3|O60337,E3,O60337,Q8TCG1,MARCHF6,CIP2A,0,4,0.0,0.09540948
E3|O60337|Q9NYY3,E3|O60337,E3,O60337,Q9NYY3,MARCHF6,PLK2,0,4,0.0,0.77953964
E3|O60337|P62993,E3|O60337,E3,O60337,P62993,MARCHF6,GRB2,0,4,0.0,0.8136753
E3|O60683|P49327,E3|O60683,E3,O60683,P49327,PEX10,FASN,0,4,0.0,0.574654
E3|O60858|P83916,E3|O60858,E3,O60858,P83916,TRIM13,CBX1,0,4,0.0,0.09398506
E3|O60858|Q9NS91,E3|O60858,E3,O60858,Q9NS91,TRIM13,RAD18,0,4,0.0,0.6465178
E3|O60858|P19419,E3|O60858,E3,O60858,P19419,TRIM13,ELK1,0,4,0.0,0.12533566
E3|O60858|Q9UPN4,E3|O60858,E3,O60858,Q9UPN4,TRIM13,CEP131,0,4,0.0,0.5985058
E3|O60858|Q8NEA6,E3|O60858,E3,O60858,Q8NEA6,TRIM13,GLIS3,0,4,0.0,0.4283913
E3|O60858|O95149,E3|O60858,E3,O60858,O95149,TRIM13,SNUPN,0,4,0.0,0.4669986
E3|O60858|Q9BXS6,E3|O60858,E3,O60858,Q9BXS6,TRIM13,NUSAP1,0,4,0.0,0.30989087
E3|O60858|Q15233,E3|O60858,E3,O60858,Q15233,TRIM13,NONO,0,4,0.0,0.1200215
E3|O60858|Q8TCG1,E3|O60858,E3,O60858,Q8TCG1,TRIM13,CIP2A,0,4,0.0,0.11802945
E3|O60858|P49959,E3|O60858,E3,O60858,P49959,TRIM13,MRE11,0,4,0.0,0.13291357
E3|O75150|Q9NR09,E3|O75150,E3,O75150,Q9NR09,RNF40,BIRC6,0,4,0.0,0.71653557
E3|O75150|P10911,E3|O75150,E3,O75150,P10911,RNF40,MCF2,0,4,0.0,0.10812506
E3|O75150|P61073,E3|O75150,E3,O75150,P61073,RNF40,CXCR4,0,4,0.0,0.11413656
E3|O75150|P19367,E3|O75150,E3,O75150,P19367,RNF40,HK1,0,4,0.0,0.17193072
E3|O75159|P26006,E3|O75159,E3,O75159,P26006,SOCS5,ITGA3,0,4,0.0,0.5875062
E3|O75159|P63165,E3|O75159,E3,O75159,P63165,SOCS5,SUMO1,0,4,0.0,0.5217116
E3|O75159|P41182,E3|O75159,E3,O75159,P41182,SOCS5,BCL6,0,4,0.0,0.1995088
E3|O75159|P49281,E3|O75159,E3,O75159,P49281,SOCS5,SLC11A2,0,4,0.0,0.5965943
E3|O75928|O15354,E3|O75928,E3,O75928,O15354,PIAS2,GPR37,0,4,0.0,0.064503714
E3|O75928|P61073,E3|O75928,E3,O75928,P61073,PIAS2,CXCR4,0,4,0.0,0.11283019
E3|O95786|Q01664,E3|O95786,E3,O95786,Q01664,DDX58,TFAP4,0,4,0.0,0.8716144
E3|O95786|Q9UNN5,E3|O95786,E3,O95786,Q9UNN5,DDX58,FAF1,0,4,0.0,0.91913635
E3|P0C2W1|Q9H074,E3|P0C2W1,E3,P0C2W1,Q9H074,FBXO45,PAIP1,0,4,0.0,0.811781
E3|P0C2W1|Q9I788,E3|P0C2W1,E3,P0C2W1,Q9I788,FBXO45,exoT,0,4,0.0,0.6880964
E3|P0C2W1|P49915,E3|P0C2W1,E3,P0C2W1,P49915,FBXO45,GMPS,0,4,0.0,0.7896593
E3|P12830|P51825,E3|P12830,E3,P12830,P51825,CDH1,AFF1,0,4,0.0,0.67882884
E3|P37231|P63252,E3|P37231,E3,P37231,P63252,PPARG,KCNJ2,0,4,0.0,0.48551732
E3|P46934|O95147,E3|P46934,E3,P46934,O95147,NEDD4,NEK2,0,4,0.0,0.7935761
E3|P46934|O76013,E3|P46934,E3,P46934,O76013,NEDD4,KRT36,0,4,0.0,0.82675683
E3|P46934|P06790,E3|P46934,E3,P46934,P06790,NEDD4,E2,0,4,0.0,0.48239967
E3|P46934|Q29974,E3|P46934,E3,P46934,Q29974,NEDD4,HLA-DRB1,0,4,0.0,0.13253918
E3|P46934|Q2PQ59,E3|P46934,E3,P46934,Q2PQ59,NEDD4,TOP2alpha,0,4,0.0,0.49185324
E3|P46934|Q13233,E3|P46934,E3,P46934,Q13233,NEDD4,MAP3K1,0,4,0.0,0.84157896
E3|P46934|O00763,E3|P46934,E3,P46934,O00763,NEDD4,ACACB,0,4,0.0,0.91473395
E3|P46934|Q30134,E3|P46934,E3,P46934,Q30134,NEDD4,HLA-DRB1,0,4,0.0,0.18847443
E3|P46934|Q6ZWH5,E3|P46934,E3,P46934,Q6ZWH5,NEDD4,NEK10,0,4,0.0,0.7325661
E3|P46934|Q9H9R9,E3|P46934,E3,P46934,Q9H9R9,NEDD4,DBNDD1,0,4,0.0,0.85347295
E3|P46934|P04085,E3|P46934,E3,P46934,P04085,NEDD4,PDGFA,0,4,0.0,0.88348
E3|P46934|A4F535,E3|P46934,E3,P46934,A4F535,NEDD4,P,0,4,0.0,0.5104877
E3|P46934|Q08AJ9,E3|P46934,E3,P46934,Q08AJ9,NEDD4,HIST1H2AB,0,4,0.0,0.50472987
E3|P46934|Q9Y2R9,E3|P46934,E3,P46934,Q9Y2R9,NEDD4,MRPS7,0,4,0.0,0.91282344
E3|P46934|P19429,E3|P46934,E3,P46934,P19429,NEDD4,TNNI3,0,4,0.0,0.7971187
E3|P53804|P02765,E3|P53804,E3,P53804,P02765,TTC3,AHSG,0,4,0.0,0.34053278
E3|P90495|Q30134,E3|P90495,E3,P90495,Q30134,K3,HLA-DRB1,0,4,0.0,0.17992444
E3|P90495|Q96GM5,E3|P90495,E3,P90495,Q96GM5,K3,SMARCD1,0,4,0.0,0.51337355
E3|P90495|P08133,E3|P90495,E3,P90495,P08133,K3,ANXA6,0,4,0.0,0.27913025
E3|P90495|P41595,E3|P90495,E3,P90495,P41595,K3,HTR2B,0,4,0.0,0.42739552
E3|P90495|Q9UGK3,E3|P90495,E3,P90495,Q9UGK3,K3,STAP2,0,4,0.0,0.45570755
E3|P90495|O14730,E3|P90495,E3,P90495,O14730,K3,RIOK3,0,4,0.0,0.36232156
E3|P98170|Q03135,E3|P98170,E3,P98170,Q03135,XIAP,CAV1,0,4,0.0,0.33584997
E3|P98170|P19634,E3|P98170,E3,P98170,P19634,XIAP,SLC9A1,0,4,0.0,0.116763584
E3|P98170|Q15849,E3|P98170,E3,P98170,Q15849,XIAP,SLC14A2,0,4,0.0,0.86610144
E3|P98170|P31785,E3|P98170,E3,P98170,P31785,XIAP,IL2RG,0,4,0.0,0.22408117
E3|P98170|Q8NEG5,E3|P98170,E3,P98170,Q8NEG5,XIAP,ZSWIM2,0,4,0.0,0.2294752
E3|P98170|P10523,E3|P98170,E3,P98170,P10523,XIAP,SAG,0,4,0.0,0.37282774
E3|P98170|P13760,E3|P98170,E3,P98170,P13760,XIAP,HLA-DRB1,0,4,0.0,0.068949856
E3|P98170|Q7Z4L4,E3|P98170,E3,P98170,Q7Z4L4,XIAP,TNIK,0,4,0.0,0.8286282
E3|Q12834|P15151,E3|Q12834,E3,Q12834,P15151,CDC20,PVR,0,4,0.0,0.067399815
E3|Q12834|Q13740,E3|Q12834,E3,Q12834,Q13740,CDC20,ALCAM,0,4,0.0,0.08806579
E3|Q12834|Q08AJ9,E3|Q12834,E3,Q12834,Q08AJ9,CDC20,HIST1H2AB,0,4,0.0,0.7061202
E3|Q12834|Q00059,E3|Q12834,E3,Q12834,Q00059,CDC20,TFAM,0,4,0.0,0.94935876
E3|Q13064|Q96BF3,E3|Q13064,E3,Q13064,Q96BF3,MKRN3,TMIGD2,0,4,0.0,0.13464664
E3|Q13064|Q9UQK1,E3|Q13064,E3,Q13064,Q9UQK1,MKRN3,PPP1R3C,0,4,0.0,0.34698367
E3|Q13114|P30291,E3|Q13114,E3,Q13114,P30291,TRAF3,WEE1,0,4,0.0,0.84732103
E3|Q13114|Q8IYD8,E3|Q13114,E3,Q13114,Q8IYD8,TRAF3,FANCM,0,4,0.0,0.74185747
E3|Q13114|P0C0S5,E3|Q13114,E3,Q13114,P0C0S5,TRAF3,H2AZ1,0,4,0.0,0.7697229
E3|Q13114|O00308,E3|Q13114,E3,Q13114,O00308,TRAF3,WWP2,0,4,0.0,0.9102394
E3|Q13114|Q9UBP5,E3|Q13114,E3,Q13114,Q9UBP5,TRAF3,HEY2,0,4,0.0,0.8659455
E3|Q13114|O60486,E3|Q13114,E3,Q13114,O60486,TRAF3,PLXNC1,0,4,0.0,0.7599181
E3|Q13489|Q9P2F8,E3|Q13489,E3,Q13489,Q9P2F8,BIRC3,SIPA1L2,0,4,0.0,0.9281215
E3|Q13489|Q8N519,E3|Q13489,E3,Q13489,Q8N519,BIRC3,,0,4,0.0,0.2962089
E3|Q13489|Q8ZNR3,E3|Q13489,E3,Q13489,Q8ZNR3,BIRC3,sopA,0,4,0.0,0.6322367
E3|Q13490|O60240,E3|Q13490,E3,Q13490,O60240,BIRC2,PLIN1,0,4,0.0,0.26692268
E3|Q13490|Q9Y5U5,E3|Q13490,E3,Q13490,Q9Y5U5,BIRC2,TNFRSF18,0,4,0.0,0.19674219
E3|Q13490|Q96QD8,E3|Q13490,E3,Q13490,Q96QD8,BIRC2,SLC38A2,0,4,0.0,0.15666929
E3|Q13490|Q03135,E3|Q13490,E3,Q13490,Q03135,BIRC2,CAV1,0,4,0.0,0.49990854
E3|Q13490|Q13571,E3|Q13490,E3,Q13490,Q13571,BIRC2,LAPTM5,0,4,0.0,0.37147686
E3|Q13490|Q13794,E3|Q13490,E3,Q13490,Q13794,BIRC2,PMAIP1,0,4,0.0,0.488542
E3|Q13490|P56750,E3|Q13490,E3,Q13490,P56750,BIRC2,CLDN17,0,4,0.0,0.27418473
E3|Q13490|Q8N8V4,E3|Q13490,E3,Q13490,Q8N8V4,BIRC2,ANKS4B,0,4,0.0,0.29130128
E3|Q13490|Q9NYJ7,E3|Q13490,E3,Q13490,Q9NYJ7,BIRC2,DLL3,0,4,0.0,0.2324927
E3|Q13490|Q99062,E3|Q13490,E3,Q13490,Q99062,BIRC2,CSF3R,0,4,0.0,0.3530642
E3|Q13490|P16234,E3|Q13490,E3,Q13490,P16234,BIRC2,PDGFRA,0,4,0.0,0.5291951
E3|Q13490|P36897,E3|Q13490,E3,Q13490,P36897,BIRC2,TGFBR1,0,4,0.0,0.70665437
E3|Q13490|Q92734,E3|Q13490,E3,Q13490,Q92734,BIRC2,TFG,0,4,0.0,0.83270717
E3|Q13490|O15431,E3|Q13490,E3,Q13490,O15431,BIRC2,SLC31A1,0,4,0.0,0.8734293
E3|Q13490|Q15836,E3|Q13490,E3,Q13490,Q15836,BIRC2,VAMP3,0,4,0.0,0.87382615
E3|Q15386|P03345,E3|Q15386,E3,Q15386,P03345,UBE3C,gag,0,4,0.0,0.2931596
E3|Q15386|P24385,E3|Q15386,E3,Q15386,P24385,UBE3C,CCND1,0,4,0.0,0.47293526
E3|Q15386|Q13546,E3|Q15386,E3,Q15386,Q13546,UBE3C,RIPK1,0,4,0.0,0.8285635
E3|Q15386|P54727,E3|Q15386,E3,Q15386,P54727,UBE3C,RAD23B,0,4,0.0,0.52112913
E3|Q15386|Q9UM07,E3|Q15386,E3,Q15386,Q9UM07,UBE3C,PADI4,0,4,0.0,0.40481642
E3|Q15386|P35613,E3|Q15386,E3,Q15386,P35613,UBE3C,BSG,0,4,0.0,0.46092397
E3|Q15386|P35226,E3|Q15386,E3,Q15386,P35226,UBE3C,BMI1,0,4,0.0,0.62104464
E3|Q15386|Q9P2X3,E3|Q15386,E3,Q15386,Q9P2X3,UBE3C,IMPACT,0,4,0.0,0.6050109
E3|Q15386|O95149,E3|Q15386,E3,Q15386,O95149,UBE3C,SNUPN,0,4,0.0,0.6290366
E3|Q15386|Q92844,E3|Q15386,E3,Q15386,Q92844,UBE3C,TANK,0,4,0.0,0.6022741
E3|Q2Q1W2|P62745,E3|Q2Q1W2,E3,Q2Q1W2,P62745,TRIM71,RHOB,0,4,0.0,0.10255338
E3|Q5U5R9|P35226,E3|Q5U5R9,E3,Q5U5R9,P35226,HECTD2,BMI1,0,4,0.0,0.5587629
E3|Q5U5R9|Q96QV6,E3|Q5U5R9,E3,Q5U5R9,Q96QV6,HECTD2,H2AC1,0,4,0.0,0.60369545
E3|Q5VTB9|Q12809,E3|Q5VTB9,E3,Q5VTB9,Q12809,RNF220,KCNH2,0,4,0.0,0.108703114
E3|Q5VTB9|O60294,E3|Q5VTB9,E3,Q5VTB9,O60294,RNF220,LCMT2,0,4,0.0,0.15267092
E3|Q66K89|P16284,E3|Q66K89,E3,Q66K89,P16284,E4F1,PECAM1,0,4,0.0,0.1653783
E3|Q693B1|P49918,E3|Q693B1,E3,Q693B1,P49918,KCTD11,CDKN1C,0,4,0.0,0.8985251
E3|Q693B1|Q9Y6Q9,E3|Q693B1,E3,Q693B1,Q9Y6Q9,KCTD11,NCOA3,0,4,0.0,0.92932576
E3|Q6PCT2|Q30134,E3|Q6PCT2,E3,Q6PCT2,Q30134,FBXL19,HLA-DRB1,0,4,0.0,0.3107876
E3|Q6PCT2|P29965,E3|Q6PCT2,E3,Q6PCT2,P29965,FBXL19,CD40LG,0,4,0.0,0.0816272
E3|Q6UWE0|A0A1B0GVQ0,E3|Q6UWE0,E3,Q6UWE0,A0A1B0GVQ0,LRSAM1,SPAAR,0,4,0.0,0.3481364
E3|Q6UWE0|A6MI22,E3|Q6UWE0,E3,Q6UWE0,A6MI22,LRSAM1,tat,0,4,0.0,0.3675038
E3|Q6UWE0|Q15784,E3|Q6UWE0,E3,Q6UWE0,Q15784,LRSAM1,NEUROD2,0,4,0.0,0.58270353
E3|Q6X9E4|Q9UHD9,E3|Q6X9E4,E3,Q6X9E4,Q9UHD9,FBXW12,UBQLN2,0,4,0.0,0.43267724
E3|Q6X9E4|Q30154,E3|Q6X9E4,E3,Q6X9E4,Q30154,FBXW12,HLA-DRB5,0,4,0.0,0.077423714
E3|Q7Z6E9|Q9H5V8,E3|Q7Z6E9,E3,Q7Z6E9,Q9H5V8,RBBP6,CDCP1,0,4,0.0,0.1224739
E3|Q86T96|Q6UVJ0,E3|Q86T96,E3,Q86T96,Q6UVJ0,RNF180,SASS6,0,4,0.0,0.92996675
E3|Q86TM6|P68133,E3|Q86TM6,E3,Q86TM6,P68133,SYVN1,ACTA1,0,4,0.0,0.9438078
E3|Q86TM6|P24864,E3|Q86TM6,E3,Q86TM6,P24864,SYVN1,CCNE1,0,4,0.0,0.39201096
E3|Q86TM6|Q9Y577,E3|Q86TM6,E3,Q86TM6,Q9Y577,SYVN1,TRIM17,0,4,0.0,0.9412773
E3|Q86TM6|Q13422,E3|Q86TM6,E3,Q86TM6,Q13422,SYVN1,IKZF1,0,4,0.0,0.33400527
E3|Q86TM6|Q8N726,E3|Q86TM6,E3,Q86TM6,Q8N726,SYVN1,CDKN2A,0,4,0.0,0.90585923
E3|Q86TM6|Q9P270,E3|Q86TM6,E3,Q86TM6,Q9P270,SYVN1,SLAIN2,0,4,0.0,0.9431067
E3|Q86TM6|Q8NDV7,E3|Q86TM6,E3,Q86TM6,Q8NDV7,SYVN1,TNRC6A,0,4,0.0,0.4819004
E3|Q86TM6|Q96FA3,E3|Q86TM6,E3,Q86TM6,Q96FA3,SYVN1,PELI1,0,4,0.0,0.62271667
E3|Q86TM6|P23921,E3|Q86TM6,E3,Q86TM6,P23921,SYVN1,RRM1,0,4,0.0,0.70112413
E3|Q86TM6|O60315,E3|Q86TM6,E3,Q86TM6,O60315,SYVN1,ZEB2,0,4,0.0,0.31211308
E3|Q86TM6|Q16777,E3|Q86TM6,E3,Q86TM6,Q16777,SYVN1,H2AC20,0,4,0.0,0.4482207
E3|Q86TM6|Q5VSY0,E3|Q86TM6,E3,Q86TM6,Q5VSY0,SYVN1,GKAP1,0,4,0.0,0.9570199
E3|Q86TM6|Q16656,E3|Q86TM6,E3,Q86TM6,Q16656,SYVN1,NRF1,0,4,0.0,0.29666612
E3|Q86TM6|Q9NVF7,E3|Q86TM6,E3,Q86TM6,Q9NVF7,SYVN1,FBXO28,0,4,0.0,0.52000505
E3|Q86TM6|Q13485,E3|Q86TM6,E3,Q86TM6,Q13485,SYVN1,SMAD4,0,4,0.0,0.46619663
E3|Q86TM6|Q96BN8,E3|Q86TM6,E3,Q86TM6,Q96BN8,SYVN1,OTULIN,0,4,0.0,0.78481805
E3|Q86TM6|Q8TEY7,E3|Q86TM6,E3,Q86TM6,Q8TEY7,SYVN1,USP33,0,4,0.0,0.9566144
E3|Q86TM6|Q9UIH9,E3|Q86TM6,E3,Q86TM6,Q9UIH9,SYVN1,KLF15,0,4,0.0,0.2668722
E3|Q86TM6|Q9Y5R6,E3|Q86TM6,E3,Q86TM6,Q9Y5R6,SYVN1,DMT1,0,4,0.0,0.34776148
E3|Q86TM6|Q8N2W9,E3|Q86TM6,E3,Q86TM6,Q8N2W9,SYVN1,PIAS4,0,4,0.0,0.42173222
E3|Q86TM6|Q04724,E3|Q86TM6,E3,Q86TM6,Q04724,SYVN1,TLE1,0,4,0.0,0.25685957
E3|Q86TM6|Q99878,E3|Q86TM6,E3,Q86TM6,Q99878,SYVN1,H2AC14,0,4,0.0,0.46578997
E3|Q86TM6|Q9Y5K5,E3|Q86TM6,E3,Q86TM6,Q9Y5K5,SYVN1,UCHL5,0,4,0.0,0.85200876
E3|Q86TM6|O15350,E3|Q86TM6,E3,Q86TM6,O15350,SYVN1,TP73,0,4,0.0,0.4535133
E3|Q86TM6|Q9ULJ7,E3|Q86TM6,E3,Q86TM6,Q9ULJ7,SYVN1,ANKRD50,0,4,0.0,0.81848943
E3|Q8IUQ4|Q96BF3,E3|Q8IUQ4,E3,Q8IUQ4,Q96BF3,SIAH1,TMIGD2,0,4,0.0,0.060416266
E3|Q8IUQ4|P30304,E3|Q8IUQ4,E3,Q8IUQ4,P30304,SIAH1,CDC25A,0,4,0.0,0.9506595
E3|Q8IUQ4|P35613,E3|Q8IUQ4,E3,Q8IUQ4,P35613,SIAH1,BSG,0,4,0.0,0.07695638
E3|Q8IUQ4|Q29974,E3|Q8IUQ4,E3,Q8IUQ4,Q29974,SIAH1,HLA-DRB1,0,4,0.0,0.09540172
E3|Q8IUQ4|P42336,E3|Q8IUQ4,E3,Q8IUQ4,P42336,SIAH1,PIK3CA,0,4,0.0,0.38387272
E3|Q8IUQ4|Q93070,E3|Q8IUQ4,E3,Q8IUQ4,Q93070,SIAH1,ART4,0,4,0.0,0.07241121
E3|Q8IUQ4|Q15726,E3|Q8IUQ4,E3,Q8IUQ4,Q15726,SIAH1,KISS1,0,4,0.0,0.05968774
E3|Q8IUQ4|Q13873,E3|Q8IUQ4,E3,Q8IUQ4,Q13873,SIAH1,BMPR2,0,4,0.0,0.06122824
E3|Q8IUQ4|O75473,E3|Q8IUQ4,E3,Q8IUQ4,O75473,SIAH1,LGR5,0,4,0.0,0.05272827
E3|Q8IUQ4|P10523,E3|Q8IUQ4,E3,Q8IUQ4,P10523,SIAH1,SAG,0,4,0.0,0.1712725
E3|Q8IUQ4|P21796,E3|Q8IUQ4,E3,Q8IUQ4,P21796,SIAH1,VDAC1,0,4,0.0,0.16375704
E3|Q8IUQ4|Q12809,E3|Q8IUQ4,E3,Q8IUQ4,Q12809,SIAH1,KCNH2,0,4,0.0,0.069933124
E3|Q8IUQ4|Q9Y5M8,E3|Q8IUQ4,E3,Q8IUQ4,Q9Y5M8,SIAH1,SRPRB,0,4,0.0,0.10462993
E3|Q8IUQ4|P08393,E3|Q8IUQ4,E3,Q8IUQ4,P08393,SIAH1,ICP0,0,4,0.0,0.40073448
E3|Q8IUQ4|Q8ZNR3,E3|Q8IUQ4,E3,Q8IUQ4,Q8ZNR3,SIAH1,sopA,0,4,0.0,0.7947597
E3|Q8IUQ4|Q00059,E3|Q8IUQ4,E3,Q8IUQ4,Q00059,SIAH1,TFAM,0,4,0.0,0.85443944
E3|Q8IUQ4|P10644,E3|Q8IUQ4,E3,Q8IUQ4,P10644,SIAH1,PRKAR1A,0,4,0.0,0.30481324
E3|Q8IUQ4|Q8N5C8,E3|Q8IUQ4,E3,Q8IUQ4,Q8N5C8,SIAH1,TAB3,0,4,0.0,0.93884015
E3|Q8IUQ4|P33527,E3|Q8IUQ4,E3,Q8IUQ4,P33527,SIAH1,ABCC1,0,4,0.0,0.055371415
E3|Q8IUQ4|Q9UJA2,E3|Q8IUQ4,E3,Q8IUQ4,Q9UJA2,SIAH1,CRLS1,0,4,0.0,0.070659496
E3|Q8IUQ4|Q96HE7,E3|Q8IUQ4,E3,Q8IUQ4,Q96HE7,SIAH1,ERO1A,0,4,0.0,0.20450322
E3|Q8IUQ4|O00459,E3|Q8IUQ4,E3,Q8IUQ4,O00459,SIAH1,PIK3R2,0,4,0.0,0.10415438
E3|Q8IX12|Q13564,E3|Q8IX12,E3,Q8IX12,Q13564,CCAR1,NAE1,0,4,0.0,0.63795936
E3|Q8N531|Q04725,E3|Q8N531,E3,Q8N531,Q04725,FBXL6,TLE2,0,4,0.0,0.6177363
E3|Q8N531|P98161,E3|Q8N531,E3,Q8N531,P98161,FBXL6,PKD1,0,4,0.0,0.20473638
E3|Q8N8N0|O43395,E3|Q8N8N0,E3,Q8N8N0,O43395,RNF152,PRPF3,0,4,0.0,0.12805091
E3|Q8N8N0|P35712,E3|Q8N8N0,E3,Q8N8N0,P35712,RNF152,SOX6,0,4,0.0,0.1157505
E3|Q8N8N0|Q9UBP5,E3|Q8N8N0,E3,Q8N8N0,Q9UBP5,RNF152,HEY2,0,4,0.0,0.102014706
E3|Q8N8N0|P16104,E3|Q8N8N0,E3,Q8N8N0,P16104,RNF152,H2AX,0,4,0.0,0.25558457
E3|Q8N8N0|Q8N6M0,E3|Q8N8N0,E3,Q8N8N0,Q8N6M0,RNF152,OTUD6B,0,4,0.0,0.17539565
E3|Q8NFZ0|P10193,E3|Q8NFZ0,E3,Q8NFZ0,P10193,FBXO18,UL9,0,4,0.0,0.6211268
E3|Q8NFZ0|P11021,E3|Q8NFZ0,E3,Q8NFZ0,P11021,FBXO18,HSPA5,0,4,0.0,0.4053424
E3|Q8NFZ0|Q96A32,E3|Q8NFZ0,E3,Q8NFZ0,Q96A32,FBXO18,MYLPF,0,4,0.0,0.4897311
E3|Q8NFZ0|Q5Y7A7,E3|Q8NFZ0,E3,Q8NFZ0,Q5Y7A7,FBXO18,HLA-DRB1,0,4,0.0,0.08733042
E3|Q8NFZ0|Q9P0P0,E3|Q8NFZ0,E3,Q8NFZ0,Q9P0P0,FBXO18,RNF181,0,4,0.0,0.8984875
E3|Q8TB52|P10070,E3|Q8TB52,E3,Q8TB52,P10070,FBXO30,GLI2,0,4,0.0,0.37868783
E3|Q8TB52|Q8NDV7,E3|Q8TB52,E3,Q8TB52,Q8NDV7,FBXO30,TNRC6A,0,4,0.0,0.2971474
E3|Q8TEB1|P19429,E3|Q8TEB1,E3,Q8TEB1,P19429,DCAF11,TNNI3,0,4,0.0,0.46072966
E3|Q8TEB1|P30305,E3|Q8TEB1,E3,Q8TEB1,P30305,DCAF11,CDC25B,0,4,0.0,0.8597354
E3|Q8TEB1|Q9BXC9,E3|Q8TEB1,E3,Q8TEB1,Q9BXC9,DCAF11,BBS2,0,4,0.0,0.80411774
E3|Q8TEB1|P43357,E3|Q8TEB1,E3,Q8TEB1,P43357,DCAF11,MAGEA3,0,4,0.0,0.51422614
E3|Q8TEB1|P08034,E3|Q8TEB1,E3,Q8TEB1,P08034,DCAF11,GJB1,0,4,0.0,0.104843155
E3|Q8TEB1|O00303,E3|Q8TEB1,E3,Q8TEB1,O00303,DCAF11,EIF3F,0,4,0.0,0.90913475
E3|Q8TEB1|Q16342,E3|Q8TEB1,E3,Q8TEB1,Q16342,DCAF11,PDCD2,0,4,0.0,0.68836087
E3|Q8TEB1|O15145,E3|Q8TEB1,E3,Q8TEB1,O15145,DCAF11,ARPC3,0,4,0.0,0.80838525
E3|Q8WV16|O14763,E3|Q8WV16,E3,Q8WV16,O14763,DCAF4,TNFRSF10B,0,4,0.0,0.1182695
E3|Q8WV16|O95863,E3|Q8WV16,E3,Q8WV16,O95863,DCAF4,SNAI1,0,4,0.0,0.92991513
E3|Q8WV16|P51825,E3|Q8WV16,E3,Q8WV16,P51825,DCAF4,AFF1,0,4,0.0,0.9071483
E3|Q8WV16|P04908,E3|Q8WV16,E3,Q8WV16,P04908,DCAF4,H2AC4,0,4,0.0,0.90625274
E3|Q8WZ73|Q04725,E3|Q8WZ73,E3,Q8WZ73,Q04725,RFFL,TLE2,0,4,0.0,0.67569983
E3|Q8WZ73|B3EWF7,E3|Q8WZ73,E3,Q8WZ73,B3EWF7,RFFL,EPM2A,0,4,0.0,0.8911589
E3|Q8WZ73|Q969R5,E3|Q8WZ73,E3,Q8WZ73,Q969R5,RFFL,L3MBTL2,0,4,0.0,0.70873797
E3|Q92466|P43403,E3|Q92466,E3,Q92466,P43403,DDB2,ZAP70,0,4,0.0,0.26063436
E3|Q92466|Q15388,E3|Q92466,E3,Q92466,Q15388,DDB2,TOMM20,0,4,0.0,0.45953253
E3|Q92466|O14974,E3|Q92466,E3,Q92466,O14974,DDB2,PPP1R12A,0,4,0.0,0.9345586
E3|Q92466|P35626,E3|Q92466,E3,Q92466,P35626,DDB2,ADRBK2,0,4,0.0,0.07267608
E3|Q92466|Q8TB46,E3|Q92466,E3,Q92466,Q8TB46,DDB2,ANKRD50,0,4,0.0,0.083746344
E3|Q969H0|Q8N6M0,E3|Q969H0,E3,Q969H0,Q8N6M0,FBXW7,OTUD6B,0,4,0.0,0.76236886
E3|Q969H0|Q9ULJ7,E3|Q969H0,E3,Q969H0,Q9ULJ7,FBXW7,ANKRD50,0,4,0.0,0.13157594
E3|Q969H0|P04839,E3|Q969H0,E3,Q969H0,P04839,FBXW7,CYBB,0,4,0.0,0.3963923
E3|Q969H0|Q93070,E3|Q969H0,E3,Q969H0,Q93070,FBXW7,ART4,0,4,0.0,0.09735224
E3|Q969H0|P56750,E3|Q969H0,E3,Q969H0,P56750,FBXW7,CLDN17,0,4,0.0,0.10359595
E3|Q969H0|Q9H9R9,E3|Q969H0,E3,Q969H0,Q9H9R9,FBXW7,DBNDD1,0,4,0.0,0.16716845
E3|Q969H0|P40238,E3|Q969H0,E3,Q969H0,P40238,FBXW7,MPL,0,4,0.0,0.12213638
E3|Q969H0|P15259,E3|Q969H0,E3,Q969H0,P15259,FBXW7,PGAM2,0,4,0.0,0.7556873
E3|Q969H0|P16234,E3|Q969H0,E3,Q969H0,P16234,FBXW7,PDGFRA,0,4,0.0,0.17483073
E3|Q969H0|P37173,E3|Q969H0,E3,Q969H0,P37173,FBXW7,TGFBR2,0,4,0.0,0.11340167
E3|Q969H0|P21709,E3|Q969H0,E3,Q969H0,P21709,FBXW7,EPHA1,0,4,0.0,0.09487058
E3|Q969H0|P22304,E3|Q969H0,E3,Q969H0,P22304,FBXW7,IDS,0,4,0.0,0.08042157
E3|Q969H0|Q9UJA2,E3|Q969H0,E3,Q969H0,Q9UJA2,FBXW7,CRLS1,0,4,0.0,0.093888246
E3|Q969H0|Q14558,E3|Q969H0,E3,Q969H0,Q14558,FBXW7,PRPSAP1,0,4,0.0,0.8944253
E3|Q969H0|Q8NHL6,E3|Q969H0,E3,Q969H0,Q8NHL6,FBXW7,LILRB1,0,4,0.0,0.065732226
E3|Q969H0|P15813,E3|Q969H0,E3,Q969H0,P15813,FBXW7,CD1D,0,4,0.0,0.14423198
E3|Q969H0|Q8N8V4,E3|Q969H0,E3,Q969H0,Q8N8V4,FBXW7,ANKS4B,0,4,0.0,0.099801704
E3|Q969H0|A6MI22,E3|Q969H0,E3,Q969H0,A6MI22,FBXW7,tat,0,4,0.0,0.552409
E3|Q969H0|Q9P126,E3|Q969H0,E3,Q969H0,Q9P126,FBXW7,CLEC1B,0,4,0.0,0.27667022
E3|Q969H0|Q95IE3,E3|Q969H0,E3,Q969H0,Q95IE3,FBXW7,HLA-DRB1,0,4,0.0,0.09523125
E3|Q969H0|P55017,E3|Q969H0,E3,Q969H0,P55017,FBXW7,SLC12A3,0,4,0.0,0.30757934
E3|Q969H0|P10523,E3|Q969H0,E3,Q969H0,P10523,FBXW7,SAG,0,4,0.0,0.20479912
E3|Q969H0|P54829,E3|Q969H0,E3,Q969H0,P54829,FBXW7,STK36,0,4,0.0,0.69153917
E3|Q969H0|P10644,E3|Q969H0,E3,Q969H0,P10644,FBXW7,PRKAR1A,0,4,0.0,0.3374416
E3|Q969H0|Q9Y5Y9,E3|Q969H0,E3,Q969H0,Q9Y5Y9,FBXW7,SCN10A,0,4,0.0,0.07353915
E3|Q969H0|P31937,E3|Q969H0,E3,Q969H0,P31937,FBXW7,HIBADH,0,4,0.0,0.56840414
E3|Q969H0|P04843,E3|Q969H0,E3,Q969H0,P04843,FBXW7,RPN1,0,4,0.0,0.33277994
E3|Q969H0|O60858,E3|Q969H0,E3,Q969H0,O60858,FBXW7,TRIM13,0,4,0.0,0.124819
E3|Q969H0|O60883,E3|Q969H0,E3,Q969H0,O60883,FBXW7,GPR37L1,0,4,0.0,0.07603785
E3|Q969H0|P41595,E3|Q969H0,E3,Q969H0,P41595,FBXW7,HTR2B,0,4,0.0,0.09324932
E3|Q969H0|Q9NRC1,E3|Q969H0,E3,Q969H0,Q9NRC1,FBXW7,ST7,0,4,0.0,0.5866865
E3|Q969H0|P43003,E3|Q969H0,E3,Q969H0,P43003,FBXW7,SLC1A3,0,4,0.0,0.08769994
E3|Q96AX9|P25116,E3|Q96AX9,E3,Q96AX9,P25116,MIB2,F2R,0,4,0.0,0.4896874
E3|Q96AX9|Q9NTG7,E3|Q96AX9,E3,Q96AX9,Q9NTG7,MIB2,SIRT3,0,4,0.0,0.95004225
E3|Q96AX9|O75909,E3|Q96AX9,E3,Q96AX9,O75909,MIB2,CCNK,0,4,0.0,0.66129255
E3|Q96AX9|O75525,E3|Q96AX9,E3,Q96AX9,O75525,MIB2,KHDRBS3,0,4,0.0,0.5023888
E3|Q96AX9|Q15742,E3|Q96AX9,E3,Q96AX9,Q15742,MIB2,NAB2,0,4,0.0,0.7609523
E3|Q96AX9|P60002,E3|Q96AX9,E3,Q96AX9,P60002,MIB2,ELOF1,0,4,0.0,0.69083184
E3|Q96AX9|O14763,E3|Q96AX9,E3,Q96AX9,O14763,MIB2,TNFRSF10B,0,4,0.0,0.4087617
E3|Q96AX9|P05412,E3|Q96AX9,E3,Q96AX9,P05412,MIB2,JUN,0,4,0.0,0.56969196
E3|Q96AX9|Q01826,E3|Q96AX9,E3,Q96AX9,Q01826,MIB2,SATB1,0,4,0.0,0.45342073
E3|Q96AX9|P40305,E3|Q96AX9,E3,Q96AX9,P40305,MIB2,IFI27,0,4,0.0,0.93349206
E3|Q96CA5|P53805,E3|Q96CA5,E3,Q96CA5,P53805,BIRC7,RCAN1,0,4,0.0,0.20101476
E3|Q96DX5|Q92793,E3|Q96DX5,E3,Q96DX5,Q92793,ASB9,CREBBP,0,4,0.0,0.22797237
E3|Q96DX5|P06733,E3|Q96DX5,E3,Q96DX5,P06733,ASB9,ENO1,0,4,0.0,0.7770664
E3|Q96DX5|Q9NWF9,E3|Q96DX5,E3,Q96DX5,Q9NWF9,ASB9,RNF216,0,4,0.0,0.9219853
E3|Q96EP0|Q9UNK0,E3|Q96EP0,E3,Q96EP0,Q9UNK0,RNF31,STX8,0,4,0.0,0.49740955
E3|Q96EP0|Q01826,E3|Q96EP0,E3,Q96EP0,Q01826,RNF31,SATB1,0,4,0.0,0.5465985
E3|Q96EP0|P37173,E3|Q96EP0,E3,Q96EP0,P37173,RNF31,TGFBR2,0,4,0.0,0.23325294
E3|Q96EP0|Q9ULJ7,E3|Q96EP0,E3,Q96EP0,Q9ULJ7,RNF31,ANKRD50,0,4,0.0,0.24835813
E3|Q96EP0|P54098,E3|Q96EP0,E3,Q96EP0,P54098,RNF31,POLG,0,4,0.0,0.4743402
E3|Q96FA3|Q9H992,E3|Q96FA3,E3,Q96FA3,Q9H992,PELI1,MARCHF7,0,4,0.0,0.85491455
E3|Q96FA3|P00367,E3|Q96FA3,E3,Q96FA3,P00367,PELI1,GLUD1,0,4,0.0,0.6272174
E3|Q96FA3|P12277,E3|Q96FA3,E3,Q96FA3,P12277,PELI1,CKB,0,4,0.0,0.86225045
E3|Q96FA3|Q99062,E3|Q96FA3,E3,Q96FA3,Q99062,PELI1,CSF3R,0,4,0.0,0.15622704
E3|Q96FA3|Q86XT4,E3|Q96FA3,E3,Q96FA3,Q86XT4,PELI1,TRIM50,0,4,0.0,0.8791039
E3|Q96FA3|P01130,E3|Q96FA3,E3,Q96FA3,P01130,PELI1,LDLR,0,4,0.0,0.082851656
E3|Q96FA3|P49675,E3|Q96FA3,E3,Q96FA3,P49675,PELI1,STAR,0,4,0.0,0.17677625
E3|Q96FA3|P03427,E3|Q96FA3,E3,Q96FA3,P03427,PELI1,PB2,0,4,0.0,0.8415014
E3|Q96PU5|O00482,E3|Q96PU5,E3,Q96PU5,O00482,NEDD4L,NR5A2,0,4,0.0,0.49507663
E3|Q96PU5|Q96A32,E3|Q96PU5,E3,Q96PU5,Q96A32,NEDD4L,MYLPF,0,4,0.0,0.6979623
E3|Q96PU5|P31994,E3|Q96PU5,E3,Q96PU5,P31994,NEDD4L,FCGR2B,0,4,0.0,0.72990763
E3|Q96PU5|Q86TM6,E3|Q96PU5,E3,Q96PU5,Q86TM6,NEDD4L,SYVN1,0,4,0.0,0.94168943
E3|Q96PU5|Q12981,E3|Q96PU5,E3,Q96PU5,Q12981,NEDD4L,BNIP1,0,4,0.0,0.871904
E3|Q96PU5|P23919,E3|Q96PU5,E3,Q96PU5,P23919,NEDD4L,DTYMK,0,4,0.0,0.7620149
E3|Q96PU5|P02765,E3|Q96PU5,E3,Q96PU5,P02765,NEDD4L,AHSG,0,4,0.0,0.7279296
E3|Q96PU5|Q13564,E3|Q96PU5,E3,Q96PU5,Q13564,NEDD4L,NAE1,0,4,0.0,0.9118827
E3|Q96PU5|Q96GM5,E3|Q96PU5,E3,Q96PU5,Q96GM5,NEDD4L,SMARCD1,0,4,0.0,0.52763164
E3|Q96PU5|Q9Y5A6,E3|Q96PU5,E3,Q96PU5,Q9Y5A6,NEDD4L,ZSCAN21,0,4,0.0,0.40286005
E3|Q96PU5|Q04912,E3|Q96PU5,E3,Q96PU5,Q04912,NEDD4L,MST1R,0,4,0.0,0.7812301
E3|Q96PU5|P07333,E3|Q96PU5,E3,Q96PU5,P07333,NEDD4L,CSF1R,0,4,0.0,0.93998957
E3|Q96PU5|Q9Y3Z3,E3|Q96PU5,E3,Q96PU5,Q9Y3Z3,NEDD4L,SAMHD1,0,4,0.0,0.61662096
E3|Q96PU5|P23025,E3|Q96PU5,E3,Q96PU5,P23025,NEDD4L,XPA,0,4,0.0,0.53492504
E3|Q96PU5|Q8WW12,E3|Q96PU5,E3,Q96PU5,Q8WW12,NEDD4L,PCNP,0,4,0.0,0.5792237
E3|Q96PU5|Q9NP71,E3|Q96PU5,E3,Q96PU5,Q9NP71,NEDD4L,MLXIPL,0,4,0.0,0.47227618
E3|Q96PU5|P04179,E3|Q96PU5,E3,Q96PU5,P04179,NEDD4L,SOD2,0,4,0.0,0.93444085
E3|Q96PU5|P16070,E3|Q96PU5,E3,Q96PU5,P16070,NEDD4L,CD44,0,4,0.0,0.9451013
E3|Q96PU5|Q5VTR2,E3|Q96PU5,E3,Q96PU5,Q5VTR2,NEDD4L,RNF20,0,4,0.0,0.64276016
E3|Q96PU5|Q08117,E3|Q96PU5,E3,Q96PU5,Q08117,NEDD4L,TLE5,0,4,0.0,0.58517057
E3|Q96PU5|Q9UQK1,E3|Q96PU5,E3,Q96PU5,Q9UQK1,NEDD4L,PPP1R3C,0,4,0.0,0.8026459
E3|Q96PU5|P04439,E3|Q96PU5,E3,Q96PU5,P04439,NEDD4L,HLA-A,0,4,0.0,0.8080386
E3|Q96PU5|Q7L7L0,E3|Q96PU5,E3,Q96PU5,Q7L7L0,NEDD4L,H2AW,0,4,0.0,0.6182571
E3|Q96PU5|P35548,E3|Q96PU5,E3,Q96PU5,P35548,NEDD4L,MSX2,0,4,0.0,0.7093771
E3|Q96PU5|Q9NQR1,E3|Q96PU5,E3,Q96PU5,Q9NQR1,NEDD4L,KMT5A,0,4,0.0,0.621798
E3|Q96PU5|Q8WVD3,E3|Q96PU5,E3,Q96PU5,Q8WVD3,NEDD4L,RNF138,0,4,0.0,0.5839319
E3|Q96PU5|P32314,E3|Q96PU5,E3,Q96PU5,P32314,NEDD4L,FOXN2,0,4,0.0,0.3693428
E3|Q96PU5|P30307,E3|Q96PU5,E3,Q96PU5,P30307,NEDD4L,CDC25C,0,4,0.0,0.73464084
E3|Q96PU5|P16401,E3|Q96PU5,E3,Q96PU5,P16401,NEDD4L,H1-5,0,4,0.0,0.5389355
E3|Q96PU5|P19634,E3|Q96PU5,E3,Q96PU5,P19634,NEDD4L,SLC9A1,0,4,0.0,0.77749026
E3|Q96PU5|P49116,E3|Q96PU5,E3,Q96PU5,P49116,NEDD4L,NR2C2,0,4,0.0,0.63301706
E3|Q96PU5|P0DP91,E3|Q96PU5,E3,Q96PU5,P0DP91,NEDD4L,ERCC6,0,4,0.0,0.6112588
E3|Q96PU5|Q9Y6D0,E3|Q96PU5,E3,Q96PU5,Q9Y6D0,NEDD4L,SELENOK,0,4,0.0,0.49986234
E3|Q96PU5|Q16875,E3|Q96PU5,E3,Q96PU5,Q16875,NEDD4L,PFKFB3,0,4,0.0,0.81041807
E3|Q96PU5|Q9UBZ9,E3|Q96PU5,E3,Q96PU5,Q9UBZ9,NEDD4L,REV1,0,4,0.0,0.5681024
E3|Q96PU5|P21359,E3|Q96PU5,E3,Q96PU5,P21359,NEDD4L,NF1,0,4,0.0,0.9127743
E3|Q96PU5|Q96EP1,E3|Q96PU5,E3,Q96PU5,Q96EP1,NEDD4L,CHFR,0,4,0.0,0.75343645
E3|Q96PU5|P06127,E3|Q96PU5,E3,Q96PU5,P06127,NEDD4L,CD5,0,4,0.0,0.77582014
E3|Q96PU5|Q9Y5M8,E3|Q96PU5,E3,Q96PU5,Q9Y5M8,NEDD4L,SRPRB,0,4,0.0,0.8866511
E3|Q96PU5|Q15672,E3|Q96PU5,E3,Q96PU5,Q15672,NEDD4L,TWIST1,0,4,0.0,0.5528056
E3|Q96PU5|P0C0S5,E3|Q96PU5,E3,Q96PU5,P0C0S5,NEDD4L,H2AZ1,0,4,0.0,0.7305904
E3|Q96PU5|O95502,E3|Q96PU5,E3,Q96PU5,O95502,NEDD4L,NPTXR,0,4,0.0,0.7214561
E3|Q96PU5|Q9UKL4,E3|Q96PU5,E3,Q96PU5,Q9UKL4,NEDD4L,GJD2,0,4,0.0,0.7060561
E3|Q96PU5|Q9P0M6,E3|Q96PU5,E3,Q96PU5,Q9P0M6,NEDD4L,MACROH2A2,0,4,0.0,0.6447542
E3|Q96PU5|Q15726,E3|Q96PU5,E3,Q96PU5,Q15726,NEDD4L,KISS1,0,4,0.0,0.6987013
E3|Q96PU5|Q96FA3,E3|Q96PU5,E3,Q96PU5,Q96FA3,NEDD4L,PELI1,0,4,0.0,0.7505317
E3|Q96PU5|Q08050,E3|Q96PU5,E3,Q96PU5,Q08050,NEDD4L,FOXM1,0,4,0.0,0.69464993
E3|Q96PU5|P22304,E3|Q96PU5,E3,Q96PU5,P22304,NEDD4L,IDS,0,4,0.0,0.8136889
E3|Q96PU5|O14867,E3|Q96PU5,E3,Q96PU5,O14867,NEDD4L,BACH1,0,4,0.0,0.44442487
E3|Q96PU5|Q8N519,E3|Q96PU5,E3,Q96PU5,Q8N519,NEDD4L,,0,4,0.0,0.5972026
E3|Q96PU5|P49675,E3|Q96PU5,E3,Q96PU5,P49675,NEDD4L,STAR,0,4,0.0,0.9038974
E3|Q96PU5|Q9Y253,E3|Q96PU5,E3,Q96PU5,Q9Y253,NEDD4L,POLH,0,4,0.0,0.77720535
E3|Q96PU5|Q9NQB0,E3|Q96PU5,E3,Q96PU5,Q9NQB0,NEDD4L,TCF7L2,0,4,0.0,0.38311848
E3|Q96PU5|O75525,E3|Q96PU5,E3,Q96PU5,O75525,NEDD4L,KHDRBS3,0,4,0.0,0.5271069
E3|Q96PU5|P55211,E3|Q96PU5,E3,Q96PU5,P55211,NEDD4L,CASP9,0,4,0.0,0.76643413
E3|Q96PU5|Q70CQ3,E3|Q96PU5,E3,Q96PU5,Q70CQ3,NEDD4L,USP30,0,4,0.0,0.8951144
E3|Q96PU5|Q9P055,E3|Q96PU5,E3,Q96PU5,Q9P055,NEDD4L,JKAMP,0,4,0.0,0.66773325
E3|Q96PU5|Q5MJ70,E3|Q96PU5,E3,Q96PU5,Q5MJ70,NEDD4L,SPDYA,0,4,0.0,0.7107118
E3|Q96S21|Q99878,E3|Q96S21,E3,Q96S21,Q99878,RAB40C,H2AC14,0,4,0.0,0.5749332
E3|Q99618|P13761,E3|Q99618,E3,Q99618,P13761,CDCA3,HLA-DRB1,0,4,0.0,0.062372476
E3|Q99619|Q14558,E3|Q99619,E3,Q99619,Q14558,SPSB2,PRPSAP1,0,4,0.0,0.8303655
E3|Q99619|O94953,E3|Q99619,E3,Q99619,O94953,SPSB2,KDM4B,0,4,0.0,0.64438045
E3|Q99619|Q9GIY3,E3|Q99619,E3,Q99619,Q9GIY3,SPSB2,HLA-DRB1,0,4,0.0,0.08762499
E3|Q99619|P48436,E3|Q99619,E3,Q99619,P48436,SPSB2,SOX9,0,4,0.0,0.7367388
E3|Q99728|P31785,E3|Q99728,E3,Q99728,P31785,BARD1,IL2RG,0,4,0.0,0.087959275
E3|Q99728|Q9H5V8,E3|Q99728,E3,Q99728,Q9H5V8,BARD1,CDCP1,0,4,0.0,0.09178847
E3|Q9BZR9|P10912,E3|Q9BZR9,E3,Q9BZR9,P10912,TRIM8,GHR,0,4,0.0,0.4201008
E3|Q9BZR9|P08393,E3|Q9BZR9,E3,Q9BZR9,P08393,TRIM8,ICP0,0,4,0.0,0.44156712
E3|Q9H0A0|Q9P219,E3|Q9H0A0,E3,Q9H0A0,Q9P219,NAT10,CCDC88C,0,4,0.0,0.21303757
E3|Q9H0A0|Q5T5C0,E3|Q9H0A0,E3,Q9H0A0,Q5T5C0,NAT10,STXBP5,0,4,0.0,0.5201696
E3|Q9H469|Q02535,E3|Q9H469,E3,Q9H469,Q02535,FBXL15,ID3,0,4,0.0,0.59203994
E3|Q9H469|Q8NEG5,E3|Q9H469,E3,Q9H469,Q8NEG5,FBXL15,ZSWIM2,0,4,0.0,0.3665272
E3|Q9H469|Q96BF3,E3|Q9H469,E3,Q9H469,Q96BF3,FBXL15,TMIGD2,0,4,0.0,0.14213072
E3|Q9HAU4|A8MYT4,E3|Q9HAU4,E3,Q9HAU4,A8MYT4,SMURF2,PIK3C3,0,4,0.0,0.8477772
E3|Q9HAU4|O00418,E3|Q9HAU4,E3,Q9HAU4,O00418,SMURF2,EEF2K,0,4,0.0,0.7852385
E3|Q9HAU4|O60240,E3|Q9HAU4,E3,Q9HAU4,O60240,SMURF2,PLIN1,0,4,0.0,0.8309542
E3|Q9HAU4|O00330,E3|Q9HAU4,E3,Q9HAU4,O00330,SMURF2,PDHX,0,4,0.0,0.9572151
E3|Q9HAU4|Q16875,E3|Q9HAU4,E3,Q9HAU4,Q16875,SMURF2,PFKFB3,0,4,0.0,0.8063681
E3|Q9HAU4|O76013,E3|Q9HAU4,E3,Q9HAU4,O76013,SMURF2,KRT36,0,4,0.0,0.7232676
E3|Q9HAU4|P19174,E3|Q9HAU4,E3,Q9HAU4,P19174,SMURF2,PLCG1,0,4,0.0,0.6611094
E3|Q9HAU4|Q96A32,E3|Q9HAU4,E3,Q9HAU4,Q96A32,SMURF2,MYLPF,0,4,0.0,0.7860149
E3|Q9HCM9|P03129,E3|Q9HCM9,E3,Q9HCM9,P03129,TRIM39,E7,0,4,0.0,0.48324397
E3|Q9HCM9|O76013,E3|Q9HCM9,E3,Q9HCM9,O76013,TRIM39,KRT36,0,4,0.0,0.32607996
E3|Q9NPC3|O60858,E3|Q9NPC3,E3,Q9NPC3,O60858,CCNB1IP1,TRIM13,0,4,0.0,0.22397329
E3|Q9NS56|Q9UNE0,E3|Q9NS56,E3,Q9NS56,Q9UNE0,TOPORS,EDAR,0,4,0.0,0.11846243
E3|Q9NS56|Q9NR09,E3|Q9NS56,E3,Q9NS56,Q9NR09,TOPORS,BIRC6,0,4,0.0,0.73262376
E3|Q9NTX7|O95502,E3|Q9NTX7,E3,Q9NTX7,O95502,RNF146,NPTXR,0,4,0.0,0.11708411
E3|Q9NTX7|Q96JA1,E3|Q9NTX7,E3,Q9NTX7,Q96JA1,RNF146,LRIG1,0,4,0.0,0.08238134
E3|Q9NTX7|Q15011,E3|Q9NTX7,E3,Q9NTX7,Q15011,RNF146,HERPUD1,0,4,0.0,0.13265763
E3|Q9NTX7|Q92918,E3|Q9NTX7,E3,Q9NTX7,Q92918,RNF146,MAP4K1,0,4,0.0,0.3185939
E3|Q9NV58|Q01664,E3|Q9NV58,E3,Q9NV58,Q01664,RNF19A,TFAP4,0,4,0.0,0.12009979
E3|Q9NV58|P14076,E3|Q9NV58,E3,Q9NV58,P14076,RNF19A,gag,0,4,0.0,0.13663572
E3|Q9NV58|Q5T5X7,E3|Q9NV58,E3,Q9NV58,Q5T5X7,RNF19A,BEND3,0,4,0.0,0.09876311
E3|Q9NXF7|P62253,E3|Q9NXF7,E3,Q9NXF7,P62253,DCAF16,UBE2G1,0,4,0.0,0.19014728
E3|Q9NXF7|Q86XT4,E3|Q9NXF7,E3,Q9NXF7,Q86XT4,DCAF16,TRIM50,0,4,0.0,0.73809385
E3|Q9P2E8|Q8WUM4,E3|Q9P2E8,E3,Q9P2E8,Q8WUM4,MARCHF4,PDCD6IP,0,4,0.0,0.6034373
E3|Q9P2E8|P04229,E3|Q9P2E8,E3,Q9P2E8,P04229,MARCHF4,HLA-DRB1,0,4,0.0,0.88358235
E3|Q9P2E8|Q16656,E3|Q9P2E8,E3,Q9P2E8,Q16656,MARCHF4,NRF1,0,4,0.0,0.17941512
E3|Q9P2E8|O75925,E3|Q9P2E8,E3,Q9P2E8,O75925,MARCHF4,PIAS1,0,4,0.0,0.33499336
E3|Q9P2E8|P15923,E3|Q9P2E8,E3,Q9P2E8,P15923,MARCHF4,TCF3,0,4,0.0,0.14650173
E3|Q9UDY8|P61077,E3|Q9UDY8,E3,Q9UDY8,P61077,MALT1,UBE2D3,0,4,0.0,0.75911844
E3|Q9UDY8|Q7Z2W7,E3|Q9UDY8,E3,Q9UDY8,Q7Z2W7,MALT1,TRPM8,0,4,0.0,0.11358258
E3|Q9UH90|Q9BQ15,E3|Q9UH90,E3,Q9UH90,Q9BQ15,FBXO40,NABP2,0,4,0.0,0.16039178
E3|Q9UKC9|Q8IZQ8,E3|Q9UKC9,E3,Q9UKC9,Q8IZQ8,FBXL2,MYOCD,0,4,0.0,0.28219354
E3|Q9UKC9|Q14527,E3|Q9UKC9,E3,Q9UKC9,Q14527,FBXL2,HLTF,0,4,0.0,0.6249896
E3|Q9UKC9|P35659,E3|Q9UKC9,E3,Q9UKC9,P35659,FBXL2,DEK,0,4,0.0,0.35886848
E3|Q9UKC9|P45973,E3|Q9UKC9,E3,Q9UKC9,P45973,FBXL2,CBX5,0,4,0.0,0.35773256
E3|Q9UKC9|Q03468,E3|Q9UKC9,E3,Q9UKC9,Q03468,FBXL2,ERCC6,0,4,0.0,0.7485097
E3|Q9UKC9|Q9ULW0,E3|Q9UKC9,E3,Q9UKC9,Q9ULW0,FBXL2,TPX2,0,4,0.0,0.6011196
E3|Q9UKC9|P40424,E3|Q9UKC9,E3,Q9UKC9,P40424,FBXL2,PBX1,0,4,0.0,0.4491875
E3|Q9UKC9|P33993,E3|Q9UKC9,E3,Q9UKC9,P33993,FBXL2,MCM7,0,4,0.0,0.33998924
E3|Q9UKC9|Q53EL6,E3|Q9UKC9,E3,Q9UKC9,Q53EL6,FBXL2,PDCD4,0,4,0.0,0.47688177
E3|Q9UKC9|Q99708,E3|Q9UKC9,E3,Q9UKC9,Q99708,FBXL2,RBBP8,0,4,0.0,0.44857445
E3|Q9UKC9|Q969R5,E3|Q9UKC9,E3,Q9UKC9,Q969R5,FBXL2,L3MBTL2,0,4,0.0,0.3398374
E3|Q9UKC9|Q02535,E3|Q9UKC9,E3,Q9UKC9,Q02535,FBXL2,ID3,0,4,0.0,0.3343357
E3|Q9UPN9|P23458,E3|Q9UPN9,E3,Q9UPN9,P23458,TRIM33,JAK1,0,4,0.0,0.22134696
E3|Q9UPN9|Q8N0X7,E3|Q9UPN9,E3,Q9UPN9,Q8N0X7,TRIM33,SPART,0,4,0.0,0.30417198
E3|Q9UPN9|Q14324,E3|Q9UPN9,E3,Q9UPN9,Q14324,TRIM33,MYBPC2,0,4,0.0,0.88978565
E3|Q9UPN9|Q16828,E3|Q9UPN9,E3,Q9UPN9,Q16828,TRIM33,DUSP6,0,4,0.0,0.7674236
E3|Q9Y252|P53805,E3|Q9Y252,E3,Q9Y252,P53805,RNF6,RCAN1,0,4,0.0,0.8827614
E3|Q9Y252|Q96HE7,E3|Q9Y252,E3,Q9Y252,Q96HE7,RNF6,ERO1A,0,4,0.0,0.32307938
E3|Q9Y2K7|Q9NRC1,E3|Q9Y2K7,E3,Q9Y2K7,Q9NRC1,KDM2A,ST7,0,4,0.0,0.34503484
E3|Q9Y3C5|P42336,E3|Q9Y3C5,E3,Q9Y3C5,P42336,RNF11,PIK3CA,0,4,0.0,0.87569624
E3|Q9Y577|Q9H1I8,E3|Q9Y577,E3,Q9Y577,Q9H1I8,TRIM17,ASCC2,0,4,0.0,0.4686013
E3|Q9Y577|Q9P2F8,E3|Q9Y577,E3,Q9Y577,Q9P2F8,TRIM17,SIPA1L2,0,4,0.0,0.3677266
E3|Q9Y577|Q9BQ15,E3|Q9Y577,E3,Q9Y577,Q9BQ15,TRIM17,NABP2,0,4,0.0,0.34136882
E3|Q9Y577|Q8IXI2,E3|Q9Y577,E3,Q9Y577,Q8IXI2,TRIM17,RHOT1,0,4,0.0,0.8230071
E3|Q9Y577|Q16558,E3|Q9Y577,E3,Q9Y577,Q16558,TRIM17,KCNMB1,0,4,0.0,0.33602297
DUB|O75604|O15519,DUB|O75604,DUB,O75604,O15519,USP2,CFLAR,0,4,0.0,0.569783
DUB|O75604|P42773,DUB|O75604,DUB,O75604,P42773,USP2,CDKN2C,0,4,0.0,0.59032524
DUB|O94966|Q8WWY3,DUB|O94966,DUB,O94966,Q8WWY3,USP19,PRPF31,0,4,0.0,0.761683
DUB|O94966|P51955,DUB|O94966,DUB,O94966,P51955,USP19,NEK2,0,4,0.0,0.93629783
DUB|O94966|Q08999,DUB|O94966,DUB,O94966,Q08999,USP19,RBL2,0,4,0.0,0.6153194
DUB|O94966|Q9UMS4,DUB|O94966,DUB,O94966,Q9UMS4,USP19,PRPF19,0,4,0.0,0.9436526
DUB|O94966|P42773,DUB|O94966,DUB,O94966,P42773,USP19,CDKN2C,0,4,0.0,0.6821644
DUB|O94966|Q13042,DUB|O94966,DUB,O94966,Q13042,USP19,CDC16,0,4,0.0,0.94196033
DUB|O94966|Q8NAP3,DUB|O94966,DUB,O94966,Q8NAP3,USP19,ZBTB38,0,4,0.0,0.6789729
DUB|O94966|P51587,DUB|O94966,DUB,O94966,P51587,USP19,BRCA2,0,4,0.0,0.9183745
DUB|O94966|O43663,DUB|O94966,DUB,O94966,O43663,USP19,PRC1,0,4,0.0,0.9297537
DUB|O94966|O95602,DUB|O94966,DUB,O94966,O95602,USP19,POLR1A,0,4,0.0,0.7103951
DUB|O94966|P35226,DUB|O94966,DUB,O94966,P35226,USP19,BMI1,0,4,0.0,0.76723975
DUB|O94966|P11441,DUB|O94966,DUB,O94966,P11441,USP19,UBL4A,0,4,0.0,0.6107723
DUB|O94966|P30304,DUB|O94966,DUB,O94966,P30304,USP19,CDC25A,0,4,0.0,0.74257964
DUB|O94966|Q03468,DUB|O94966,DUB,O94966,Q03468,USP19,ERCC6,0,4,0.0,0.82456553
DUB|P46736|O95180,DUB|P46736,DUB,P46736,O95180,BRCC3,CACNA1H,0,4,0.0,0.4055746
DUB|P46736|Q12809,DUB|P46736,DUB,P46736,Q12809,BRCC3,KCNH2,0,4,0.0,0.14859734
DUB|P46736|P25445,DUB|P46736,DUB,P46736,P25445,BRCC3,FAS,0,4,0.0,0.67700535
DUB|P46736|O95140,DUB|P46736,DUB,P46736,O95140,BRCC3,MFN2,0,4,0.0,0.44452518
DUB|Q53GS9|O75385,DUB|Q53GS9,DUB,Q53GS9,O75385,USP39,ULK1,0,4,0.0,0.28151202
DUB|Q53GS9|Q13546,DUB|Q53GS9,DUB,Q53GS9,Q13546,USP39,RIPK1,0,4,0.0,0.6189128
DUB|Q53GS9|Q15154,DUB|Q53GS9,DUB,Q53GS9,Q15154,USP39,PCM1,0,4,0.0,0.5646741
DUB|Q5D1E8|Q92828,DUB|Q5D1E8,DUB,Q5D1E8,Q92828,ZC3H12A,CORO2A,0,4,0.0,0.43106332
DUB|Q5VVQ6|Q08999,DUB|Q5VVQ6,DUB,Q5VVQ6,Q08999,YOD1,RBL2,0,4,0.0,0.6955056
DUB|Q5VVQ6|Q9H211,DUB|Q5VVQ6,DUB,Q5VVQ6,Q9H211,YOD1,CDT1,0,4,0.0,0.6513248
DUB|Q5VVQ6|Q96T88,DUB|Q5VVQ6,DUB,Q5VVQ6,Q96T88,YOD1,UHRF1,0,4,0.0,0.85526973
DUB|Q6R6M4|P53396,DUB|Q6R6M4,DUB,Q6R6M4,P53396,USP17L2,ACLY,0,4,0.0,0.6581803
DUB|Q6R6M4|O60493,DUB|Q6R6M4,DUB,Q6R6M4,O60493,USP17L2,SNX3,0,4,0.0,0.87271136
DUB|Q6R6M4|P37173,DUB|Q6R6M4,DUB,Q6R6M4,P37173,USP17L2,TGFBR2,0,4,0.0,0.39134264
DUB|Q6R6M4|Q16828,DUB|Q6R6M4,DUB,Q6R6M4,Q16828,USP17L2,DUSP6,0,4,0.0,0.70443445
DUB|Q6R6M4|Q9UBS5,DUB|Q6R6M4,DUB,Q6R6M4,Q9UBS5,USP17L2,GABBR1,0,4,0.0,0.3401036
DUB|Q6R6M4|O95140,DUB|Q6R6M4,DUB,Q6R6M4,O95140,USP17L2,MFN2,0,4,0.0,0.55233055
DUB|Q6R6M4|Q13635,DUB|Q6R6M4,DUB,Q6R6M4,Q13635,USP17L2,PTCH1,0,4,0.0,0.5709055
DUB|Q70CQ2|P12004,DUB|Q70CQ2,DUB,Q70CQ2,P12004,USP34,PCNA,0,4,0.0,0.8954661
DUB|Q70CQ2|Q13546,DUB|Q70CQ2,DUB,Q70CQ2,Q13546,USP34,RIPK1,0,4,0.0,0.63519245
DUB|Q70CQ2|Q05586,DUB|Q70CQ2,DUB,Q70CQ2,Q05586,USP34,GRIN1,0,4,0.0,0.55412304
DUB|Q70CQ2|P53350,DUB|Q70CQ2,DUB,Q70CQ2,P53350,USP34,PLK1,0,4,0.0,0.9155572
DUB|Q70CQ2|Q9HA47,DUB|Q70CQ2,DUB,Q70CQ2,Q9HA47,USP34,UCK1,0,4,0.0,0.46853983
DUB|Q70CQ2|Q9UMS4,DUB|Q70CQ2,DUB,Q70CQ2,Q9UMS4,USP34,PRPF19,0,4,0.0,0.770859
DUB|Q70CQ2|Q15051,DUB|Q70CQ2,DUB,Q70CQ2,Q15051,USP34,IQCB1,0,4,0.0,0.26089287
DUB|Q70CQ2|P53396,DUB|Q70CQ2,DUB,Q70CQ2,P53396,USP34,ACLY,0,4,0.0,0.66072166
DUB|Q70CQ3|Q13887,DUB|Q70CQ3,DUB,Q70CQ3,Q13887,USP30,KLF5,0,4,0.0,0.099975295
DUB|Q70CQ3|Q92905,DUB|Q70CQ3,DUB,Q70CQ3,Q92905,USP30,COPS5,0,4,0.0,0.6753542
DUB|Q70CQ3|Q92466,DUB|Q70CQ3,DUB,Q70CQ3,Q92466,USP30,DDB2,0,4,0.0,0.092044316
DUB|Q70CQ3|Q15154,DUB|Q70CQ3,DUB,Q70CQ3,Q15154,USP30,PCM1,0,4,0.0,0.8310166
DUB|Q70CQ3|Q05195,DUB|Q70CQ3,DUB,Q70CQ3,Q05195,USP30,MXD1,0,4,0.0,0.08678416
DUB|Q70CQ3|Q8WYQ5,DUB|Q70CQ3,DUB,Q70CQ3,Q8WYQ5,USP30,DGCR8,0,4,0.0,0.12236941
DUB|Q70CQ3|P16104,DUB|Q70CQ3,DUB,Q70CQ3,P16104,USP30,H2AFX,0,4,0.0,0.20410517
DUB|Q92995|Q13619,DUB|Q92995,DUB,Q92995,Q13619,USP13,CUL4A,0,4,0.0,0.79497635
DUB|Q92995|Q03431,DUB|Q92995,DUB,Q92995,Q03431,USP13,PTH1R,0,4,0.0,0.3185236
DUB|Q92995|P23771,DUB|Q92995,DUB,Q92995,P23771,USP13,GATA3,0,4,0.0,0.8632141
DUB|Q92995|Q16656,DUB|Q92995,DUB,Q92995,Q16656,USP13,NRF1,0,4,0.0,0.8674171
DUB|Q92995|Q9ULT8,DUB|Q92995,DUB,Q92995,Q9ULT8,USP13,HECTD1,0,4,0.0,0.8920852
DUB|Q92995|Q6FI13,DUB|Q92995,DUB,Q92995,Q6FI13,USP13,HIST2H2AA4,0,4,0.0,0.8835956
DUB|Q92995|P30304,DUB|Q92995,DUB,Q92995,P30304,USP13,CDC25A,0,4,0.0,0.8821245
DUB|Q92995|Q14669,DUB|Q92995,DUB,Q92995,Q14669,USP13,TRIP12,0,4,0.0,0.89567107
DUB|Q92995|Q92828,DUB|Q92995,DUB,Q92995,Q92828,USP13,CORO2A,0,4,0.0,0.84553105
DUB|Q92995|Q08999,DUB|Q92995,DUB,Q92995,Q08999,USP13,RBL2,0,4,0.0,0.8198816
DUB|Q92995|P78396,DUB|Q92995,DUB,Q92995,P78396,USP13,CCNA1,0,4,0.0,0.8209506
DUB|Q9H3M9|O95166,DUB|Q9H3M9,DUB,Q9H3M9,O95166,ATXN3L,GABARAP,0,4,0.0,0.39662004
DUB|Q9UPT9|Q02246,DUB|Q9UPT9,DUB,Q9UPT9,Q02246,USP22,CNTN2,0,4,0.0,0.08841242
DUB|Q9UPT9|O75365,DUB|Q9UPT9,DUB,Q9UPT9,O75365,USP22,PTP4A3,0,4,0.0,0.8181966
DUB|Q9UPT9|O14737,DUB|Q9UPT9,DUB,Q9UPT9,O14737,USP22,PDCD5,0,4,0.0,0.85730135
DUB|Q9UPT9|P04234,DUB|Q9UPT9,DUB,Q9UPT9,P04234,USP22,CD3D,0,4,0.0,0.07714023
DUB|Q9UPT9|P23588,DUB|Q9UPT9,DUB,Q9UPT9,P23588,USP22,EIF4B,0,4,0.0,0.7066268
DUB|Q9UPT9|Q9H4P4,DUB|Q9UPT9,DUB,Q9UPT9,Q9H4P4,USP22,RNF41,0,4,0.0,0.44696897
DUB|Q9UPU5|O14965,DUB|Q9UPU5,DUB,Q9UPU5,O14965,USP24,AURKA,0,4,0.0,0.91873044
DUB|Q9UPU5|Q8IYW5,DUB|Q9UPU5,DUB,Q9UPU5,Q8IYW5,USP24,RNF168,0,4,0.0,0.9225645
DUB|Q9UPU5|Q9NYV9,DUB|Q9UPU5,DUB,Q9UPU5,Q9NYV9,USP24,TAS2R13,0,4,0.0,0.58233005
DUB|Q9UPU5|P33981,DUB|Q9UPU5,DUB,Q9UPU5,P33981,USP24,TTK,0,4,0.0,0.25610918
DUB|Q9UPU5|O60885,DUB|Q9UPU5,DUB,Q9UPU5,O60885,USP24,BRD4,0,4,0.0,0.90502375
DUB|Q9UPU5|P04179,DUB|Q9UPU5,DUB,Q9UPU5,P04179,USP24,SOD2,0,4,0.0,0.33757323
DUB|Q9Y5E6|Q53EZ4,DUB|Q9Y5E6,DUB,Q9Y5E6,Q53EZ4,PCDHB3,CEP55,0,4,0.0,0.6854362
DUB|Q9Y5E6|Q8WTU0,DUB|Q9Y5E6,DUB,Q9Y5E6,Q8WTU0,PCDHB3,DDI1,0,4,0.0,0.12179661
DUB|Q9Y6I4|P14780,DUB|Q9Y6I4,DUB,Q9Y6I4,P14780,USP3,MMP9,0,4,0.0,0.48351738
DUB|Q9Y6I4|Q4U2R8,DUB|Q9Y6I4,DUB,Q9Y6I4,Q4U2R8,USP3,SLC22A6,0,4,0.0,0.10104766
DUB|Q9Y6I4|P37173,DUB|Q9Y6I4,DUB,Q9Y6I4,P37173,USP3,TGFBR2,0,4,0.0,0.1761793
DUB|Q9Y6I4|P51170,DUB|Q9Y6I4,DUB,Q9Y6I4,P51170,USP3,SCNN1G,0,4,0.0,0.103351645
