roc_auc,pr_auc,f1,accuracy,precision,recall,brier,epoch,train_loss,fold
0.4952897508813412,0.5795089995606408,0.7308085977482088,0.5758064516129032,0.5758064516129032,1.0,0.2745807143203601,0,0.6941478848457336,0
0.5269408143485531,0.602771140021745,0.7308085977482088,0.5758064516129032,0.5758064516129032,1.0,0.25856460314864366,1,0.6887688636779785,0
0.5698762394691718,0.6302515677456925,0.7308085977482088,0.5758064516129032,0.5758064516129032,1.0,0.24545833996553612,2,0.6712412238121033,0
0.5876894484029354,0.6413467869543702,0.7311827956989247,0.5766129032258065,0.576271186440678,1.0,0.24163904713219453,3,0.6707401275634766,0
0.5982881745854235,0.6436460538168262,0.7305327868852459,0.5758064516129032,0.5759289176090469,0.9985994397759104,0.24061926849211082,4,0.6644569039344788,0
0.6028812665750711,0.6456513620416671,0.7305327868852459,0.5758064516129032,0.5759289176090469,0.9985994397759104,0.24051526028193326,5,0.6635618805885315,0
0.6063360705498929,0.6443576948537117,0.7301587301587301,0.575,0.5754640839386602,0.9985994397759104,0.24127764370954383,6,0.6632841229438782,0
0.6100984119883696,0.6444983572379948,0.7308085977482088,0.5758064516129032,0.5758064516129032,1.0,0.24302658468476254,7,0.6584465503692627,0
0.6128848877954224,0.6467581752533847,0.7308085977482088,0.5758064516129032,0.5758064516129032,1.0,0.24448637461517989,8,0.6572600603103638,0
0.6164355476030717,0.6531713659681815,0.7308085977482088,0.5758064516129032,0.5758064516129032,1.0,0.24546381607416567,9,0.6507052183151245,0
0.6194337050409517,0.6622388847236704,0.7324088341037494,0.5798387096774194,0.578264395782644,0.9985994397759104,0.24505314211867216,10,0.6497267484664917,0
0.6231614318731294,0.6747006346299967,0.7353702744691869,0.5879032258064516,0.5834018077239113,0.9943977591036415,0.24345019160466444,11,0.6449189186096191,0
0.627751861200754,0.6868093707297342,0.7384937238493724,0.5967741935483871,0.5893155258764607,0.988795518207283,0.2406314877296838,12,0.6428062915802002,0
0.6328189070304928,0.699588845487167,0.730706961683756,0.5975806451612903,0.5943810359964882,0.9481792717086834,0.23775546398709613,13,0.634689211845398,0
0.6384464432160697,0.708348758579217,0.7321428571428571,0.6129032258064516,0.608534322820037,0.9187675070028011,0.23565456606681134,14,0.6323126554489136,0
0.6443082936596691,0.713624786781649,0.7196796338672768,0.6048387096774194,0.6083172147001934,0.8809523809523809,0.23517866103722998,15,0.6250753998756409,0
0.6511353590866004,0.7188709983165993,0.7201861547411286,0.6120967741935484,0.6159203980099502,0.8669467787114846,0.23588766303110612,16,0.6212055683135986,0
0.6595680097133909,0.725440537053911,0.7168037602820212,0.6112903225806452,0.6174089068825911,0.8543417366946778,0.23702633661962189,17,0.6179631352424622,0
0.6689778573026168,0.7335648299003628,0.7148784825133373,0.6120967741935484,0.6197327852004111,0.8445378151260504,0.2374951034431621,18,0.6123281121253967,0
0.6790214184533128,0.7430686043113642,0.7107636800962117,0.6120967741935484,0.6227608008429927,0.8277310924369747,0.23540116185950152,19,0.6105261445045471,0
0.6892673419177557,0.7548844256289209,0.7215112736136502,0.6314516129032258,0.6386192017259978,0.8291316526610645,0.23218864986198556,20,0.6000827550888062,0
0.6986558882107976,0.7696264218287157,0.7174323473882945,0.6379032258064516,0.6514285714285715,0.7983193277310925,0.22851194221401905,21,0.6012105345726013,0
0.7046522030865577,0.7790866918747131,0.7155727155727156,0.6435483870967742,0.6619047619047619,0.7787114845938375,0.22553340419666887,22,0.5933063626289368,0
0.7086302201488961,0.7826198993171218,0.7166882276843467,0.646774193548387,0.6658653846153846,0.7759103641456583,0.22366340981266108,23,0.5829153060913086,0
0.7125070560543609,0.7851469508512203,0.7087442472057857,0.6427419354838709,0.667905824039653,0.7549019607843137,0.22110511304125444,24,0.5762600302696228,0
0.7165729409634576,0.7878861302963179,0.7111407605070047,0.6508064516129032,0.6789808917197452,0.7464985994397759,0.2186503329760869,25,0.5696890354156494,0
0.7232322586829409,0.7933904483836932,0.7020408163265306,0.646774193548387,0.6825396825396826,0.7226890756302521,0.2172440302844963,26,0.5671176314353943,0
0.7303149396640785,0.7986399513619021,0.7057220708446866,0.6516129032258065,0.6870026525198939,0.7254901960784313,0.21630334830324974,27,0.5623141527175903,0
0.7374775005059058,0.8031823998919979,0.7168021680216802,0.6629032258064517,0.6942257217847769,0.7408963585434174,0.21649706419749853,28,0.5553218126296997,0
0.7428560777923336,0.805854312429523,0.7332439678284183,0.6790322580645162,0.7030848329048843,0.7661064425770309,0.21600598772761676,29,0.539621889591217,0
0.7478672077195898,0.8085495106978102,0.739450770261219,0.6862903225806452,0.7086007702182285,0.773109243697479,0.21478400288413232,30,0.5428977012634277,0
0.7512913910811473,0.8111352395774083,0.7412309728656519,0.6846774193548387,0.7026348808030113,0.7843137254901961,0.2162392226944748,31,0.5339986085891724,0
0.755173552310658,0.8160827723718441,0.74,0.6854838709677419,0.7061068702290076,0.7773109243697479,0.21456296999425456,32,0.5318134427070618,0
0.7579320701664697,0.8202293552168728,0.7345844504021448,0.6806451612903226,0.7043701799485861,0.7675070028011205,0.2124412279905204,33,0.5261569619178772,0
0.7597400176800759,0.8223939367274858,0.7358616101131071,0.6798387096774193,0.7008871989860583,0.7745098039215687,0.21406730895589746,34,0.5292322039604187,0
0.7635130097666443,0.82509628566951,0.7362784471218207,0.682258064516129,0.7051282051282052,0.7703081232492998,0.21058602180354952,35,0.5160885453224182,0
0.7684948504116476,0.8282563611373681,0.7420446851726472,0.692741935483871,0.7182175622542595,0.7675070028011205,0.20615480194548746,36,0.5092456340789795,0
0.7699433385521508,0.826956554860884,0.7462096242584048,0.6895161290322581,0.7048567870485679,0.7927170868347339,0.21082695858658287,37,0.5013800859451294,0
0.771916371111182,0.8293726360313586,0.7455149501661129,0.6911290322580645,0.7092288242730721,0.7857142857142857,0.2082032807357937,38,0.5005673170089722,0
0.7721986132856185,0.831052047543418,0.7454909819639278,0.692741935483871,0.7126436781609196,0.7815126050420168,0.207054905788608,39,0.49263736605644226,0
0.772443578191733,0.8327496219968822,0.7457627118644068,0.6975806451612904,0.7227332457293035,0.7703081232492998,0.2052136881481876,40,0.4951512813568115,0
0.772613988561204,0.8344823965324133,0.7466124661246613,0.6983870967741935,0.7230971128608924,0.7717086834733894,0.20563097505346564,41,0.4762715697288513,0
0.773426100478214,0.8366982816322608,0.7461069735951252,0.6975806451612904,0.7221494102228048,0.7717086834733894,0.20648161283518734,42,0.469739705324173,0
0.7760221959506235,0.8400762935043962,0.7418899858956276,0.7048387096774194,0.7471590909090909,0.7366946778711485,0.20209648569129474,43,0.47461965680122375,0
0.7791614744757218,0.8394601118928686,0.7463863337713534,0.6887096774193548,0.7029702970297029,0.7955182072829131,0.2112147008847829,44,0.46851521730422974,0
0.7842737855598512,0.8446279657278972,0.7561307901907357,0.7112903225806452,0.7360742705570292,0.7773109243697479,0.20251262474216497,45,0.4650953412055969,0
0.7856397311776422,0.8455782491601018,0.7537212449255751,0.7064516129032258,0.7290575916230366,0.7801120448179272,0.20382546900420076,46,0.45867088437080383,0
0.7862574687669746,0.8473683533601557,0.7549219280380176,0.7088709677419355,0.7325428194993412,0.7787114845938375,0.2035848524240744,47,0.4567856788635254,0
0.7851444760413671,0.8465049740745967,0.7504963600264726,0.6959677419354838,0.7114178168130489,0.7941176470588235,0.2091713024835025,48,0.45415958762168884,0
0.7845906423405863,0.846875112776291,0.7485069674850697,0.6943548387096774,0.7112232030264817,0.7899159663865546,0.20922064102007448,49,0.4543149769306183,0
0.7850699215047235,0.8473468004434404,0.7466666666666667,0.6935483870967742,0.712468193384224,0.7843137254901961,0.2079138386937973,50,0.44655561447143555,0
0.7893647953477969,0.849768416003342,0.7534626038781164,0.7129032258064516,0.7452054794520548,0.7619047619047619,0.19986251919113143,51,0.43642234802246094,0
0.7895565070134518,0.8449485602649769,0.7658438959306204,0.7169354838709677,0.7312101910828025,0.803921568627451,0.2050324721576457,52,0.4391478896141052,0
0.7876101010746503,0.8425523085355304,0.7652060170045781,0.7104838709677419,0.7177914110429447,0.819327731092437,0.21099410643770022,53,0.43256860971450806,0
0.7926691589183201,0.8515686468723211,0.7574047954866009,0.7225806451612903,0.7627840909090909,0.7521008403361344,0.19625853663813253,54,0.43671515583992004,0
0.7904831133974503,0.850924130556913,0.7535816618911175,0.7225806451612903,0.7712609970674487,0.7366946778711485,0.1977967643802204,55,0.4277092516422272,0
0.7912739240182765,0.8515314242829943,0.7610146862483311,0.7112903225806452,0.7270408163265306,0.7983193277310925,0.20720309679274676,56,0.4222724437713623,0
0.792860870583975,0.8529438268396923,0.7603195739014648,0.7096774193548387,0.7246192893401016,0.7997198879551821,0.2055517440027514,57,0.4277878701686859,0
0.7953051943210745,0.8536582783164678,0.7564979480164159,0.7129032258064516,0.7393048128342246,0.7745098039215687,0.19852677102832378,58,0.4167105555534363,0
0.7951587479098103,0.8504340318697516,0.7683997299122215,0.7233870967741935,0.741851368970013,0.7969187675070029,0.20030096952035945,59,0.4140714704990387,0
0.79338275234048,0.8469130995738046,0.770875083500334,0.7233870967741935,0.7369093231162197,0.8081232492997199,0.20383027585610916,60,0.4095595180988312,0
0.7978746631732541,0.8547817358780243,0.7688060731538993,0.7298387096774194,0.7578231292517007,0.7801120448179272,0.19517994486922094,61,0.40690237283706665,0
0.7979092777795529,0.8565022393128205,0.7628294036061026,0.7241935483870968,0.7554945054945055,0.7703081232492998,0.19540091061447742,62,0.4005633592605591,0
0.7955235326069592,0.8529067366965621,0.7640449438202247,0.7120967741935483,0.723404255319149,0.8095238095238095,0.20599294785584918,63,0.40568119287490845,0
0.7948498791151442,0.8510037274576141,0.7669576897246474,0.7201612903225807,0.7367741935483871,0.7997198879551821,0.20185300709011425,64,0.4023597240447998,0
0.7999275755929748,0.8573009036123818,0.7647476901208244,0.7330645161290322,0.7763347763347763,0.7535014005602241,0.1923703511227919,65,0.4035547375679016,0
0.7989477159685167,0.8563978430004001,0.771881461061337,0.7330645161290322,0.7598371777476255,0.7843137254901961,0.19765943449447052,66,0.39410144090652466,0
0.7989317399963788,0.8553420896114774,0.7674731182795699,0.7209677419354839,0.7377260981912145,0.7997198879551821,0.20119141631950968,67,0.38764798641204834,0
0.8012189666741221,0.8568677235434718,0.7713310580204779,0.7298387096774194,0.7523302263648469,0.7913165266106442,0.19831328080397087,68,0.38292860984802246,0
0.8038763033730603,0.8600657144201248,0.7671994440583739,0.7298387096774194,0.7613793103448275,0.773109243697479,0.19393343965864226,69,0.3803974688053131,0
0.805423310008414,0.8618949749977007,0.770745428973277,0.7370967741935484,0.7740112994350282,0.7675070028011205,0.19126814134298978,70,0.37895509600639343,0
0.8042836906625769,0.8595173126575004,0.7744565217391305,0.7322580645161291,0.7519788918205804,0.7983193277310925,0.19716287537412408,71,0.38161835074424744,0
0.8032319391634981,0.8578349520698578,0.7685060565275909,0.7225806451612903,0.7396373056994818,0.7997198879551821,0.19929074390350016,72,0.37401100993156433,0
0.8024597671768328,0.8572380400731682,0.767379679144385,0.7193548387096774,0.7340153452685422,0.803921568627451,0.2024391812492172,73,0.37010905146598816,0
0.8012429306323289,0.855015556243726,0.7656458055925432,0.7161290322580646,0.7296954314720813,0.8053221288515406,0.2043691826776311,74,0.3629004657268524,0
0.8020923198176608,0.8560584563215783,0.77088948787062,0.7258064516129032,0.7428571428571429,0.8011204481792717,0.20142574259163804,75,0.36282986402511597,0
0.8037378449478652,0.8594099050722629,0.7674258109040718,0.728225806451613,0.7564625850340136,0.7787114845938375,0.19644117522968432,76,0.3716045320034027,0
0.7957205695966599,0.8437230164051158,0.7724049000644745,0.7153225806451613,0.7156511350059738,0.8389355742296919,0.21539037403387382,77,0.3652803301811218,0
0.8035621092543481,0.854209992679231,0.7778519012675117,0.7314516129032258,0.7426751592356687,0.8165266106442577,0.20320389669950778,78,0.37038251757621765,0
0.807934200296088,0.8645451637382814,0.7649964714184898,0.7314516129032258,0.7709815078236131,0.7591036414565826,0.19221956093908577,79,0.3622383773326874,0
0.8134658806488374,0.8648419685669344,0.7786154900616861,0.739516129032258,0.7624161073825504,0.7955182072829131,0.19356500239196828,80,0.36930182576179504,0
0.8099245401582686,0.8593701908201795,0.7751322751322751,0.7258064516129032,0.7343358395989975,0.8207282913165266,0.2034762370192554,81,0.347139447927475,0
0.8137441288302394,0.8696847746188834,0.7727588603196665,0.7362903225806452,0.766896551724138,0.7787114845938375,0.1891584668541808,82,0.36612436175346375,0
0.8162443684698214,0.8747233340245564,0.7649226234340457,0.742741935483871,0.807153965785381,0.726890756302521,0.18413623674215016,83,0.3516480624675751,0
0.8168434674249929,0.8723206084942627,0.7745583038869258,0.742741935483871,0.7817403708987162,0.7675070028011205,0.18652987022827963,84,0.35602429509162903,0
0.8157411253474773,0.8682562816148155,0.781854569713142,0.7362903225806452,0.7464968152866241,0.8207282913165266,0.19886392676460904,85,0.3496284782886505,0
0.820336879999148,0.871423196727619,0.7864406779661017,0.7459677419354839,0.7621550591327201,0.8123249299719888,0.19221844936571997,86,0.35087257623672485,0
0.8263172189027701,0.8784564921551771,0.7807332854061826,0.7540322580645161,0.8020679468242246,0.7605042016806722,0.17929647016494024,87,0.3479423224925995,0
0.8275207421371591,0.8770095501708739,0.7824858757062146,0.7516129032258064,0.7891737891737892,0.7759103641456583,0.18140300075015148,88,0.34130966663360596,0
0.8214338967526174,0.8684737063939684,0.7838730998017185,0.7362903225806452,0.7421777221526908,0.8305322128851541,0.1984932108338269,89,0.33830541372299194,0
0.823770382677786,0.8729335948836622,0.7876344086021505,0.7451612903225806,0.7571059431524548,0.8207282913165266,0.1906932655432697,90,0.3508869707584381,0
0.8293633042570641,0.8817885397440369,0.7802755620014503,0.7556451612903226,0.8090225563909774,0.7535014005602241,0.1783754311012774,91,0.3365647494792938,0
0.8310993598960497,0.8814423478693258,0.7790697674418605,0.7548387096774194,0.8096676737160121,0.7507002801120448,0.17951982044952425,92,0.3412843942642212,0
0.825193575529071,0.8741948671937068,0.7796143250688705,0.7419354838709677,0.7669376693766937,0.7927170868347339,0.18955825006144147,93,0.3378080129623413,0
0.8185981616981394,0.8722030292510587,0.7814840027229408,0.7411290322580645,0.7602649006622516,0.803921568627451,0.19445679809227304,94,0.3347931504249573,0
0.8167342982820505,0.8737402334336446,0.7772380291464261,0.7411290322580645,0.7702888583218707,0.7843137254901961,0.19185547570326172,95,0.3344213366508484,0
0.8215963191360194,0.8730029724677921,0.7758257203092059,0.742741935483871,0.7785613540197461,0.773109243697479,0.1900625607202891,96,0.32862037420272827,0
0.8198549381729877,0.8687171132110918,0.7785515320334262,0.7435483870967742,0.7742382271468145,0.7829131652661064,0.1947850145227317,97,0.3227252960205078,0
0.8169180219616363,0.8659371051422469,0.7774687065368567,0.7419354838709677,0.7720994475138122,0.7829131652661064,0.19613790090335564,98,0.32365140318870544,0
0.8155813656260984,0.8674255803786834,0.7758501040943789,0.739516129032258,0.7689133425034388,0.7829131652661064,0.19424459442783953,99,0.31783705949783325,0
0.8166411051112461,0.8656924269769556,0.779077770130764,0.7411290322580645,0.7658998646820027,0.7927170868347339,0.1987607287204133,100,0.32204923033714294,0
0.8168967206654525,0.8636432068577824,0.7797297297297298,0.7370967741935484,0.7532637075718016,0.8081232492997199,0.20236831747917153,101,0.31654950976371765,0
0.8186940175309667,0.8697984688726015,0.7775467775467776,0.7411290322580645,0.7695473251028807,0.7857142857142857,0.19493057492003002,102,0.32121866941452026,0
0.8176156394116583,0.8690671208474041,0.7745504840940526,0.7370967741935484,0.7650273224043715,0.7843137254901961,0.19687198196608935,103,0.3123334050178528,0
0.814974278684858,0.8634451542270493,0.7758970886932972,0.7330645161290322,0.7509829619921363,0.8025210084033614,0.20421740831550553,104,0.30728086829185486,0
0.8120080731912537,0.8578423300986319,0.7747625508819539,0.7322580645161291,0.7513157894736842,0.7997198879551821,0.20614847156932875,105,0.30677852034568787,0
0.8118376628217827,0.8597164925748869,0.7692307692307693,0.7314516129032258,0.7613168724279835,0.7773109243697479,0.20227669191719222,106,0.30407679080963135,0
0.8131077526067462,0.8642466634178484,0.7666195190947667,0.7338709677419355,0.7742857142857142,0.7591036414565826,0.197229126721476,107,0.30616480112075806,0
0.8154109552566273,0.8615755667711721,0.773972602739726,0.7338709677419355,0.7573726541554959,0.7913165266106442,0.20156948080762818,108,0.31274622678756714,0
0.817993737418922,0.8645831050336519,0.7772511848341233,0.7346774193548387,0.7522935779816514,0.803921568627451,0.2024821747092529,109,0.2978917956352234,0
0.8212262091148246,0.8725586659427209,0.7708479327259986,0.7362903225806452,0.7713884992987378,0.7703081232492998,0.19578896711637886,110,0.3023984134197235,0
0.8238289612422917,0.8763847430054841,0.772823779193206,0.7411290322580645,0.7811158798283262,0.7647058823529411,0.1930658510327046,111,0.29857727885246277,0
0.8258086504563803,0.8753050535199561,0.7811400422237861,0.7491935483870967,0.785007072135785,0.7773109243697479,0.19298224553336107,112,0.29963016510009766,0
0.8219451278610304,0.871292845162927,0.7797783933518005,0.7435483870967742,0.7712328767123288,0.788515406162465,0.19736568360269632,113,0.294066846370697,0
0.814308613179112,0.8674172413670218,0.7668754349338901,0.7298387096774194,0.7621023513139695,0.7717086834733894,0.20141358219705113,114,0.2998431921005249,0
0.81612721134081,0.8682501505612688,0.7700908455625437,0.7346774193548387,0.7684797768479776,0.7717086834733894,0.19895674065446606,115,0.3027966022491455,0
0.8152298942390643,0.8617287204234056,0.7734806629834254,0.7354838709677419,0.7629427792915532,0.7843137254901961,0.20351216282664195,116,0.297345370054245,0
0.8144271016391347,0.8630590814433684,0.7742382271468145,0.7370967741935484,0.7657534246575343,0.7829131652661064,0.20287270098215718,117,0.2877906262874603,0
0.8120799650658742,0.8671060311849568,0.7702127659574468,0.7387096774193549,0.7801724137931034,0.7605042016806722,0.19924828803703695,118,0.28860679268836975,0
0.8128441490664706,0.8683504836284521,0.7731811697574893,0.7435483870967742,0.7877906976744186,0.7591036414565826,0.19839875956187233,119,0.29512327909469604,0
0.8141714860849283,0.8644673883404839,0.7719054242002782,0.7354838709677419,0.7665745856353591,0.7773109243697479,0.2032921375035447,120,0.2900668978691101,0
0.8136402850113429,0.8619688485888478,0.7737525632262474,0.7330645161290322,0.7556742323097463,0.7927170868347339,0.20824608267907127,121,0.2817416191101074,0
0.8174239277460034,0.8712057059556007,0.7746077032810271,0.7451612903225806,0.7892441860465116,0.7605042016806722,0.19736977226883226,122,0.2990938723087311,0
0.8197883716224131,0.8754457397410075,0.7685714285714286,0.7387096774193549,0.7842565597667639,0.7535014005602241,0.1943920602288038,123,0.2738116979598999,0
0.8240805828034635,0.8758754304049018,0.7797325826882477,0.7475806451612903,0.7835926449787836,0.7759103641456583,0.1949634705359856,124,0.2803463339805603,0
0.8221235262165704,0.8705088010575843,0.7788461538461539,0.7403225806451613,0.7641509433962265,0.7941176470588235,0.20104855848964753,125,0.28233081102371216,0
0.8208321351354229,0.8733097891329293,0.776140350877193,0.742741935483871,0.7777777777777778,0.7745098039215687,0.19596165808442828,126,0.2739757001399994,0
0.4603899506356691,0.5915441604217309,0.7634730538922155,0.6174334140435835,0.6174334140435835,1.0,0.24282249761900154,0,0.7462348341941833,1
0.48989823777612307,0.6228069238742626,0.7634730538922155,0.6174334140435835,0.6174334140435835,1.0,0.25279746556226446,1,0.6875043511390686,1
0.5155539008852486,0.637696713506432,0.7634730538922155,0.6174334140435835,0.6174334140435835,1.0,0.25022394542539966,2,0.6844744682312012,1
0.5307768677091089,0.6440880185557116,0.7634730538922155,0.6174334140435835,0.6174334140435835,1.0,0.2432128087250256,3,0.6807839274406433,1
0.5443865309837015,0.6526650208440656,0.7634730538922155,0.6174334140435835,0.6174334140435835,1.0,0.2379658738085479,4,0.6765279769897461,1
0.5596370756460108,0.662142700721246,0.7634730538922155,0.6174334140435835,0.6174334140435835,1.0,0.23574615079140168,5,0.6753217577934265,1
0.5713576569868454,0.6707467716052682,0.7634730538922155,0.6174334140435835,0.6174334140435835,1.0,0.23521027081822704,6,0.6724476218223572,1
0.5804280080527289,0.6792985757032999,0.7634730538922155,0.6174334140435835,0.6174334140435835,1.0,0.23566875610270144,7,0.6676694750785828,1
0.5874796613441439,0.6853057481052998,0.763854218671992,0.6182405165456013,0.6179321486268174,1.0,0.23617416028198537,8,0.663503885269165,1
0.5954882656297399,0.6923552095900699,0.7646176911544228,0.6198547215496368,0.6189320388349514,1.0,0.23627287298468325,9,0.6562484502792358,1
0.6030528667163069,0.7014203679853033,0.7659788626069451,0.6246973365617433,0.6227495908346972,0.9947712418300654,0.23482257933393524,10,0.6532633304595947,1
0.6084470919169356,0.7086505919265955,0.7670250896057348,0.632768361581921,0.6304713804713805,0.9790849673202614,0.2333779873493955,11,0.6489532589912415,1
0.6148065414632802,0.7146451273457144,0.7660239708181344,0.6376109765940274,0.6369150779896013,0.9607843137254902,0.2320157676802487,12,0.6477292776107788,1
0.6213728247979924,0.7201435386388781,0.767342582710779,0.6481033091202583,0.648331830477908,0.9398692810457516,0.2308300059413227,13,0.6392215490341187,1
0.6285403050108933,0.7246986487495222,0.7609170305676856,0.6464891041162227,0.6532333645735707,0.9111111111111111,0.23038283482028885,14,0.6367242932319641,1
0.6369074211963266,0.7296260819948633,0.7575418994413408,0.6497175141242938,0.6614634146341464,0.8862745098039215,0.22974367216708688,15,0.637683629989624,1
0.6474587021869226,0.7343984981003593,0.7540045766590389,0.6529459241323649,0.6703967446592065,0.8614379084967321,0.22911426138770255,16,0.6242873072624207,1
0.6574446374893136,0.7375396644814368,0.7491329479768786,0.6497175141242938,0.6715025906735751,0.8470588235294118,0.22848745025978356,17,0.6191439032554626,1
0.6684674995173878,0.7423094962606926,0.75,0.6561743341404358,0.6805111821086262,0.8352941176470589,0.22626030384208254,18,0.6191405057907104,1
0.6793193789470781,0.748940693401795,0.7520759193357058,0.6626311541565779,0.6883821932681867,0.8287581699346406,0.22261416338143708,19,0.6122797727584839,1
0.6916521883014809,0.7566562035561948,0.7481840193704601,0.6642453591606134,0.6967305524239008,0.807843137254902,0.2178225460705988,20,0.6083014607429504,1
0.7061581313256666,0.7700094784580822,0.7518610421836228,0.6771589991928975,0.7154663518299882,0.792156862745098,0.2127001989200122,21,0.5902266502380371,1
0.7205785830506605,0.788419476709856,0.7412587412587412,0.6715092816787732,0.7215346534653465,0.7620915032679738,0.20724872784916315,22,0.5915693044662476,1
0.7324646314221891,0.8001351841021216,0.7562062380649268,0.6908797417271993,0.7369727047146402,0.7764705882352941,0.20187072847552465,23,0.585178017616272,1
0.7419734701194121,0.8085792825094829,0.7693274670018856,0.7037933817594835,0.7409200968523002,0.8,0.19775791455346917,24,0.5845649838447571,1
0.7490885524392599,0.8139795789511377,0.7680511182108626,0.7070217917675545,0.75125,0.7856209150326797,0.19497986523619498,25,0.5713829398155212,1
0.755150161330355,0.8177033621163053,0.7672301690507152,0.7110573042776432,0.7632600258732212,0.7712418300653595,0.19292696304092155,26,0.573534369468689,1
0.7592013457985164,0.8201676529315086,0.7641325536062378,0.7070217917675545,0.7596899224806202,0.7686274509803922,0.19176697823813826,27,0.5727396607398987,1
0.762003254184937,0.8218402034342785,0.77228992944195,0.7134786117836965,0.7581863979848866,0.7869281045751634,0.19109641173760142,28,0.5620111227035522,1
0.7651030032266071,0.822918286800547,0.7772087067861716,0.7191283292978208,0.7616060225846926,0.7934640522875817,0.19078858237464083,29,0.5541965365409851,1
0.7692258900747359,0.8261159940173225,0.772609819121447,0.7158999192897498,0.7637292464878672,0.7816993464052288,0.19018690412892375,30,0.5510201454162598,1
0.7730564518353051,0.8294588342236111,0.7711313394018205,0.7158999192897498,0.7671410090556274,0.7751633986928105,0.1896658393461816,31,0.5448411107063293,1
0.7760707095777832,0.8328028305121062,0.777490297542044,0.7223567393058918,0.7695262483994878,0.7856209150326797,0.1886542951057767,32,0.545409619808197,1
0.7798268111745401,0.8365233667602404,0.780456026058632,0.7280064568200162,0.7779220779220779,0.7830065359477124,0.1877985597598723,33,0.535493791103363,1
0.7827417886986018,0.8412881978426975,0.7900912646675359,0.7401129943502824,0.788036410923277,0.792156862745098,0.18715302221318236,34,0.5337222218513489,1
0.7836628885027991,0.8430603043144503,0.7888239116309291,0.7376916868442293,0.7842377260981912,0.7934640522875817,0.18707836228137234,35,0.528436005115509,1
0.7850555693444748,0.8449400079206575,0.7895765472312704,0.7393058918482648,0.787012987012987,0.792156862745098,0.1870432153338291,36,0.5255621075630188,1
0.7846722373900334,0.8459354255494964,0.7909967845659164,0.7376916868442293,0.7784810126582279,0.803921568627451,0.1869219986399797,37,0.5201890468597412,1
0.78758997269794,0.8486785070114538,0.7797737857618097,0.7328490718321227,0.7940379403794038,0.7660130718954249,0.18818593750049828,38,0.510863721370697,1
0.7892860097625548,0.8512054945009264,0.7906675307841866,0.7393058918482648,0.7840616966580977,0.7973856209150327,0.18578701001878656,39,0.5132378935813904,1
0.7925843192410579,0.8549900562007396,0.7953816549069916,0.7425343018563357,0.7808564231738035,0.8104575163398693,0.1842125857782171,40,0.5117478370666504,1
0.7973801053473429,0.860010882758687,0.7889546351084813,0.7409200968523002,0.7936507936507936,0.7843137254901961,0.18246728153956426,41,0.50029057264328,1
0.8004191831444252,0.863676499227926,0.7810413885180241,0.735270379338176,0.7980900409276944,0.7647058823529411,0.18186211978720224,42,0.49707311391830444,1
0.8038967485728469,0.8663015465726225,0.7913950456323338,0.741727199354318,0.7893368010403121,0.7934640522875817,0.17959013763701853,43,0.4966738224029541,1
0.807137144590607,0.8695916864472001,0.7876397107166337,0.7393058918482648,0.7923280423280423,0.7830065359477124,0.17876773245989694,44,0.4903703033924103,1
0.8093213093957695,0.871971152436714,0.7750167897918065,0.7296206618240516,0.7969613259668509,0.7542483660130719,0.1792963523719775,45,0.4950609505176544,1
0.8119274151292022,0.8729882102096969,0.7976878612716763,0.7457627118644068,0.7840909090909091,0.8117647058823529,0.1772530328819135,46,0.4944668710231781,1
0.8144535451311326,0.8751624532654827,0.7945383615084526,0.744955609362389,0.7904269081500647,0.7986928104575164,0.17636666475857102,47,0.4885863661766052,1
0.8163233225779764,0.877233868138473,0.7899603698811096,0.7433414043583535,0.7983978638184246,0.7816993464052288,0.17608846366862024,48,0.4714677035808563,1
0.81749538071206,0.8783583256314875,0.7926023778071334,0.7465698143664246,0.8010680907877169,0.7843137254901961,0.1758863571052392,49,0.4750669598579407,1
0.8188577259314415,0.8793398333599067,0.7931937172774869,0.744955609362389,0.7942332896461337,0.792156862745098,0.17639096223321554,50,0.4672437012195587,1
0.8196657565979979,0.879850933738855,0.7945383615084526,0.744955609362389,0.7904269081500647,0.7986928104575164,0.17662814059791487,51,0.46174371242523193,1
0.823523896197016,0.8827289020612133,0.7854741089441829,0.7425343018563357,0.8088642659279779,0.7633986928104575,0.17380938549035535,52,0.4638781249523163,1
0.8260003860897384,0.8846327822337521,0.7870182555780934,0.7457627118644068,0.8151260504201681,0.7607843137254902,0.1720568842848207,53,0.4660710096359253,1
0.8262430710680897,0.884423666375704,0.7974025974025974,0.7481840193704601,0.792258064516129,0.8026143790849674,0.1731831023534967,54,0.45915356278419495,1
0.8281873086787458,0.8857502529968089,0.7989521938441388,0.7522195318805488,0.800524934383202,0.7973856209150327,0.17054958276072774,55,0.45688772201538086,1
0.8317310609194452,0.8884796586356093,0.7968021319120586,0.7538337368845843,0.8125,0.7816993464052288,0.16676107627860884,56,0.450257807970047,1
0.8350955572102259,0.8912807802780727,0.8107416879795396,0.7610976594027441,0.7934918648310388,0.8287581699346406,0.16784375780242103,57,0.44727399945259094,1
0.8386944651278232,0.8941786540008738,0.8150510204081632,0.7659402744148507,0.7957658779576587,0.8352941176470589,0.16573297288601418,58,0.4413587152957916,1
0.8385317558809742,0.8943903421879763,0.8121693121693122,0.7707828894269573,0.821954484605087,0.8026143790849674,0.1617684759234748,59,0.4352898895740509,1
0.8386172471801658,0.8935377588617215,0.8105610561056106,0.768361581920904,0.8186666666666667,0.8026143790849674,0.16243451082382587,60,0.43813490867614746,1
0.8370839193624002,0.8905365135091672,0.8142857142857143,0.7691686844229217,0.8090322580645162,0.8196078431372549,0.16425836841389393,61,0.44020095467567444,1
0.8380381125727365,0.890491923090486,0.8113456464379947,0.7691686844229217,0.8189081225033289,0.803921568627451,0.16257200751823384,62,0.4265536665916443,1
0.8378505832712831,0.8907759970082407,0.7944055944055944,0.7627118644067796,0.8541353383458646,0.742483660130719,0.16477336495465594,63,0.4332968592643738,1
0.8440252613000192,0.8937859353796354,0.8229915088177662,0.7812752219531881,0.8224543080939948,0.8235294117647058,0.15848798630094602,64,0.43551546335220337,1
0.8470422768263424,0.8956499605457524,0.8222506393861893,0.7756255044390638,0.804755944931164,0.8405228758169935,0.15881075948231008,65,0.4205150604248047,1
0.8472435950470202,0.8957160241637251,0.8230563002680965,0.7869249394673123,0.844566712517194,0.8026143790849674,0.1551776990172466,66,0.4233369827270508,1
0.8453379664101928,0.89345090852634,0.821236559139785,0.7853107344632768,0.8450899031811895,0.7986928104575164,0.15678337274179288,67,0.4150514602661133,1
0.8447229806127796,0.891484536563973,0.8257477243172952,0.7836965294592413,0.8214747736093143,0.8300653594771242,0.15907498016194913,68,0.40677571296691895,1
0.8467292683599459,0.8915786723732546,0.824688115561392,0.784503631961259,0.8284960422163589,0.8209150326797385,0.15636879587379549,69,0.4023391604423523,1
0.8488872342185819,0.8926241430510061,0.8128855380397533,0.7796610169491526,0.8544668587896254,0.7751633986928105,0.156033101182258,70,0.40303388237953186,1
0.8526626403022531,0.8958896413502475,0.8290086493679308,0.7925746569814366,0.8441734417344173,0.8143790849673203,0.1528074272188897,71,0.4064411520957947,1
0.8522848239155016,0.8976912911362976,0.8280254777070064,0.7820823244552058,0.8074534161490683,0.8496732026143791,0.15926083585093337,72,0.4019845128059387,1
0.8599183695981909,0.9032779470996093,0.8310502283105022,0.7909604519774012,0.8294270833333334,0.8326797385620915,0.1503521538101558,73,0.4062868356704712,1
0.8589062629271118,0.9044780169848381,0.8235294117647058,0.7917675544794189,0.8637015781922525,0.7869281045751634,0.15104168967913018,74,0.39278915524482727,1
0.85500675657042,0.90117157480904,0.8217687074829932,0.7885391444713479,0.8567375886524823,0.7895424836601307,0.15385186151015978,75,0.3961462676525116,1
0.850244063870274,0.8979608582267463,0.828363154406892,0.7909604519774012,0.8400537634408602,0.8169934640522876,0.15734527630066106,76,0.3844328224658966,1
0.8518573674195418,0.8998805963581438,0.8308921438082557,0.7949959644874899,0.8466757123473542,0.8156862745098039,0.15595245609622005,77,0.3918007016181946,1
0.8550536388957832,0.9028900956341845,0.81353591160221,0.7820823244552058,0.862371888726208,0.7699346405228759,0.1544120635113042,78,0.3948517143726349,1
0.860538870963294,0.908356618491152,0.828363154406892,0.7909604519774012,0.8400537634408602,0.8169934640522876,0.14951574372865306,79,0.392180472612381,1
0.8656462866440529,0.9119834217036562,0.8357615894039735,0.7998385794995965,0.8469798657718121,0.8248366013071895,0.1468285369303316,80,0.38914620876312256,1
0.8629574473952731,0.9095868028366334,0.8346666666666667,0.7998385794995965,0.8517006802721089,0.8183006535947712,0.1503713499574956,81,0.3872697651386261,1
0.862507928628554,0.9093511071757933,0.8331090174966352,0.7998385794995965,0.8585298196948682,0.8091503267973856,0.15048147036398768,82,0.3749743700027466,1
0.8615868288243568,0.9074935297369751,0.8376753507014028,0.8038740920096852,0.8565573770491803,0.8196078431372549,0.1497980137741548,83,0.3692221939563751,1
0.8599211273820359,0.9052106337949946,0.8336673346693386,0.7990314769975787,0.8524590163934426,0.8156862745098039,0.15093335298581825,84,0.36809173226356506,1
0.8584925953503765,0.9041776825218867,0.8255494505494505,0.7949959644874899,0.869753979739508,0.7856209150326797,0.15385920655431282,85,0.36839380860328674,1
0.858335401671217,0.903679948485075,0.8243243243243243,0.7901533494753834,0.8531468531468531,0.7973856209150327,0.15508302978165459,86,0.3645452558994293,1
0.863415239513527,0.9068659157839742,0.8316291751874574,0.8006456820016142,0.8689458689458689,0.7973856209150327,0.15087524883063594,87,0.3717598617076874,1
0.8634262706489066,0.9076404304778594,0.8344459279038718,0.7998385794995965,0.8526603001364257,0.8169934640522876,0.14887133015670329,88,0.36044150590896606,1
0.8662254212514824,0.9090598739977507,0.8332217012726055,0.7990314769975787,0.8543956043956044,0.8130718954248366,0.14890987777126782,89,0.3621356189250946,1
0.8651195499296764,0.9086080842381612,0.8248816768086545,0.7909604519774012,0.8543417366946778,0.7973856209150327,0.15287406968622064,90,0.35547396540641785,1
0.8672485590579411,0.9104720641287669,0.8342391304347826,0.8030669895076675,0.8684582743988685,0.8026143790849674,0.15080592376914634,91,0.3590218722820282,1
0.8671520366233695,0.9098604701906297,0.8425925925925926,0.807909604519774,0.8527443105756358,0.8326797385620915,0.14819448550341924,92,0.34880754351615906,1
0.8675960398223987,0.9094802015144275,0.8413429888084266,0.8054882970137207,0.8474801061007957,0.8352941176470589,0.14733292544328203,93,0.3506801426410675,1
0.8665949642866991,0.9085646028149887,0.8325487558843309,0.7990314769975787,0.8573407202216067,0.8091503267973856,0.15122422433301283,94,0.3494289517402649,1
0.8672044345164225,0.9089076409799495,0.8306010928961749,0.7998385794995965,0.8698140200286123,0.7947712418300653,0.15038936111363824,95,0.3485049605369568,1
0.8649016850059292,0.9070236772044469,0.8282416836388323,0.7958030669895076,0.8615819209039548,0.7973856209150327,0.14986907906364086,96,0.3595501780509949,1
0.8642673947216017,0.905681874956767,0.8423101881894873,0.8038740920096852,0.836340206185567,0.8483660130718954,0.14962355115247583,97,0.3459201157093048,1
0.8633931772427677,0.9056342320639157,0.8404669260700389,0.801452784503632,0.833976833976834,0.8470588235294118,0.15133288294435127,98,0.3452165722846985,1
0.8640964121232177,0.9067905344588183,0.8278190411883862,0.7941888619854721,0.8561452513966481,0.8013071895424837,0.1525253167300065,99,0.34497177600860596,1
0.864347370453104,0.907486528019154,0.8191268191268192,0.7893462469733656,0.8716814159292036,0.7725490196078432,0.15573494546685496,100,0.3339185118675232,1
0.8659689473539063,0.9085740424522893,0.8279132791327913,0.7949959644874899,0.8593530239099859,0.7986928104575164,0.15227307999870843,101,0.3439025580883026,1
0.8666170265574584,0.9081791852147452,0.8469980632666236,0.8087167070217918,0.8367346938775511,0.857516339869281,0.14830752565924527,102,0.3453768193721771,1
0.8692038278039765,0.9104499670474953,0.8401585204755614,0.804681194511703,0.8491321762349799,0.8313725490196079,0.14759460398784582,103,0.35886311531066895,1
0.8691017898017153,0.9113851089109996,0.8307273963290279,0.7990314769975787,0.8654390934844193,0.7986928104575164,0.15203611880481088,104,0.3329896032810211,1
0.868831526984915,0.9114187464234781,0.8312925170068027,0.7998385794995965,0.8666666666666667,0.7986928104575164,0.15216340926884112,105,0.3346729576587677,1
0.869492016215769,0.9113769103446607,0.839572192513369,0.8062953995157385,0.8590971272229823,0.8209150326797385,0.1492959538646905,106,0.3347892761230469,1
0.8682303301067263,0.9103492415289114,0.8374581939799332,0.8038740920096852,0.8575342465753425,0.8183006535947712,0.1494492948422708,107,0.3292914032936096,1
0.8688646203910537,0.9107807440319868,0.8356997971602435,0.8038740920096852,0.865546218487395,0.807843137254902,0.1507881334686996,108,0.3242921233177185,1
0.8700228896059127,0.911343465219038,0.8308321964529332,0.7998385794995965,0.8687589158345221,0.796078431372549,0.15255506040231537,109,0.32046374678611755,1
0.8695099418107609,0.9124961724908524,0.817234190410007,0.7877320419693301,0.8724035608308606,0.7686274509803922,0.1550483310356716,110,0.3346576988697052,1
0.8706819999448443,0.9130556051751292,0.8370860927152318,0.801452784503632,0.8483221476510067,0.8261437908496732,0.14909625911206764,111,0.3312232196331024,1
0.8702600590165743,0.9127354794622868,0.8345514950166113,0.7990314769975787,0.8486486486486486,0.8209150326797385,0.15013264465132792,112,0.32151272892951965,1
0.8694327238631037,0.9122607324709062,0.8309377138945927,0.8006456820016142,0.8721264367816092,0.7934640522875817,0.1536775419811014,113,0.328738272190094,1
0.868999751799454,0.9117033777804431,0.8279643591501028,0.7974172719935432,0.8703170028818443,0.7895424836601307,0.15406525123948606,114,0.32406389713287354,1
0.8694409972146383,0.9113514289954863,0.8325487558843309,0.7990314769975787,0.8573407202216067,0.8091503267973856,0.1521189627549538,115,0.3135063946247101,1
0.8690025095832989,0.9110164058336174,0.8384970336189849,0.8022598870056498,0.8457446808510638,0.8313725490196079,0.15070873945708482,116,0.3159109652042389,1
0.8693720526185158,0.9113860059755099,0.8370860927152318,0.801452784503632,0.8483221476510067,0.8261437908496732,0.15087913157404384,117,0.31164202094078064,1
0.8695292462976751,0.9110418371062468,0.8340080971659919,0.801452784503632,0.8619246861924686,0.807843137254902,0.15352848362810745,118,0.32339945435523987,1
0.8682992747028488,0.9097321520276928,0.8323150033944331,0.8006456820016142,0.865819209039548,0.8013071895424837,0.15535419973058007,119,0.31053298711776733,1
0.8686357243319267,0.910012383785308,0.8327736736064473,0.7990314769975787,0.856353591160221,0.8104575163398693,0.15187487357158808,120,0.32130661606788635,1
0.8702628168004192,0.9107085294284456,0.8473684210526315,0.8127522195318806,0.8529801324503311,0.8418300653594771,0.14841910298691874,121,0.3093447983264923,1
0.8715120928821598,0.9109629274828939,0.8404464871963231,0.8038740920096852,0.8443271767810027,0.8366013071895425,0.14787765840326172,122,0.3056405186653137,1
0.8726951821516229,0.9128421865804229,0.8315217391304348,0.7998385794995965,0.8656294200848657,0.8,0.1493112301515637,123,0.3084917664527893,1
0.8724800750117205,0.9129630618892617,0.8270158511371468,0.7974172719935432,0.8746355685131195,0.7843137254901961,0.15147390212390496,124,0.30331289768218994,1
0.8736107663881305,0.912217634377329,0.8394557823129252,0.8095238095238095,0.875177304964539,0.8065359477124183,0.14864445365396836,125,0.29899007081985474,1
0.8726703620970189,0.9108289920413947,0.8470744680851063,0.814366424535916,0.8619756427604871,0.8326797385620915,0.1470835884267155,126,0.2957167625427246,1
0.8683103058382284,0.9087918997828816,0.8363393453573814,0.8022598870056498,0.855191256830601,0.8183006535947712,0.15081385560063498,127,0.2989535927772522,1
0.8693196547254627,0.9094229175908068,0.826027397260274,0.7949959644874899,0.8676258992805755,0.788235294117647,0.15355907601703078,128,0.2997334897518158,1
0.8698050246821656,0.9101441137882742,0.8293677770224337,0.7974172719935432,0.8640226628895185,0.7973856209150327,0.1550429381190892,129,0.29637959599494934,1
0.8695154573784507,0.9112421310767038,0.8354600402955004,0.8022598870056498,0.8591160220994475,0.8130718954248366,0.1551158965275641,130,0.2892153859138489,1
0.861752295855051,0.9086696882577789,0.8100067613252198,0.7732041969330105,0.8389355742296919,0.7830065359477124,0.16410516401323874,131,0.29235532879829407,1
0.8678552715038195,0.9125583886555715,0.82171581769437,0.7853107344632768,0.8431911966987621,0.8013071895424837,0.15802265017333356,132,0.3137159049510956,1
0.8696147375968672,0.9131980084122594,0.8270777479892761,0.7917675544794189,0.8486932599724897,0.8065359477124183,0.1572660348475441,133,0.30219566822052,1
0.871057058547751,0.9149181614137358,0.8260869565217391,0.7933817594834544,0.85997171145686,0.7947712418300653,0.15568234694047375,134,0.3105590045452118,1
0.8707537023248118,0.9149551968760968,0.8193592365371506,0.7861178369652946,0.8561253561253561,0.7856209150326797,0.1553237402859985,135,0.2942410111427307,1
0.8727779156669699,0.9159952893268222,0.8345514950166113,0.7990314769975787,0.8486486486486486,0.8209150326797385,0.15330723080947678,136,0.2938191294670105,1
0.8725683240947575,0.9155789868646058,0.8328840970350404,0.7998385794995965,0.8595271210013908,0.807843137254902,0.15468773714765222,137,0.29381394386291504,1
0.8699291249551862,0.9140000446608592,0.8207934336525308,0.7885391444713479,0.860832137733142,0.7843137254901961,0.15820142378588922,138,0.28853970766067505,1
0.8692617412647197,0.9122972640030743,0.8261758691206544,0.7941888619854721,0.8632478632478633,0.792156862745098,0.1578932279209778,139,0.2830604314804077,1
0.8699856595240065,0.910620272243776,0.8411960132890366,0.8071025020177562,0.8554054054054054,0.8274509803921568,0.15308025181041726,140,0.278896301984787,1
0.8683654615151264,0.9104712257865336,0.8356807511737089,0.8022598870056498,0.8581267217630854,0.8143790849673203,0.15573307704994105,141,0.27950048446655273,1
0.8680345274537382,0.9102979125561981,0.8269754768392371,0.7949959644874899,0.8634423897581792,0.7934640522875817,0.15820138332667466,142,0.2794337868690491,1
0.8679710984253055,0.9098614184147981,0.8253968253968254,0.7958030669895076,0.8742690058479532,0.7816993464052288,0.15983455423595588,143,0.27024346590042114,1
0.8689528694740907,0.910897520005465,0.8252227553118574,0.7941888619854721,0.8674351585014409,0.7869281045751634,0.1571996258192079,144,0.28037914633750916,1
0.8694285871873363,0.9108765589584806,0.836241610738255,0.8030669895076675,0.8593103448275862,0.8143790849673203,0.1539027350379133,145,0.28283169865608215,1
0.8703524447753785,0.9119094570649692,0.8354600402955004,0.8022598870056498,0.8591160220994475,0.8130718954248366,0.15286074966027335,146,0.26562952995300293,1
0.87094398941011,0.9131235523382022,0.8209366391184573,0.7901533494753834,0.8675400291120815,0.7790849673202614,0.1563738953615913,147,0.27351415157318115,1
0.8727186233143045,0.9153340496146232,0.81419624217119,0.784503631961259,0.8705357142857143,0.7647058823529411,0.1570519766179873,148,0.27096885442733765,1
0.8751303052866717,0.9172827405150967,0.8345712356515868,0.8022598870056498,0.8631284916201117,0.807843137254902,0.1528545546346443,149,0.2730914056301117,1
0.874107167480213,0.9172167270417487,0.8326639892904953,0.7982243744955609,0.8532235939643347,0.8130718954248366,0.15443864415304606,150,0.268293172121048,1
0.8676043131739335,0.9141874194758892,0.8155207624234173,0.7812752219531881,0.8508522727272727,0.7830065359477124,0.1614523705135471,151,0.273245245218277,1
0.8712997435261025,0.9163909578756196,0.8206185567010309,0.7893462469733656,0.8652173913043478,0.7803921568627451,0.1591783319247423,152,0.2785836160182953,1
0.8723945837125286,0.915249815960276,0.8313090418353576,0.7982243744955609,0.8591352859135286,0.8052287581699347,0.15762029260185134,153,0.2711288332939148,1
0.8734921816827997,0.9158813801303352,0.8327691266079892,0.8006456820016142,0.8637640449438202,0.803921568627451,0.15670340872388727,154,0.2632335126399994,1
0.8693306858608422,0.9149724455538393,0.8284182305630027,0.7933817594834544,0.8500687757909215,0.807843137254902,0.15626533374587104,155,0.2677278518676758,1
0.8726869088000884,0.9172646434365879,0.8322147651006712,0.7982243744955609,0.8551724137931035,0.8104575163398693,0.15546673779796275,156,0.2669299244880676,1
0.8761313808223712,0.9175635271944947,0.8344549125168237,0.801452784503632,0.8599167822468793,0.8104575163398693,0.15536369244799433,157,0.2554490566253662,1
0.8753509279942638,0.9169982009616551,0.8294993234100135,0.7966101694915254,0.8597475455820477,0.8013071895424837,0.15511887657011514,158,0.2594328224658966,1
0.8683378836766774,0.9138195228543731,0.8194921070693205,0.7877320419693301,0.8627167630057804,0.7803921568627451,0.15956381989213467,159,0.2695014178752899,1
0.8701166542566392,0.915294994239254,0.8215994531784006,0.7893462469733656,0.8610315186246418,0.7856209150326797,0.15727540447093902,160,0.2633124589920044,1
0.8766912109428863,0.9186451766272138,0.8402130492676432,0.8062953995157385,0.8561736770691994,0.8248366013071895,0.15058994221216718,161,0.27108871936798096,1
0.8771407297096054,0.9191537794974096,0.8431502316346791,0.8087167070217918,0.853887399463807,0.8326797385620915,0.15071449237476955,162,0.25784996151924133,1
0.8746063263561401,0.9178982466522546,0.8274456521739131,0.7949959644874899,0.8613861386138614,0.796078431372549,0.15491040792655347,163,0.2646663188934326,1
0.8712307989299799,0.914902004337056,0.8138888888888889,0.7836965294592413,0.8681481481481481,0.7660130718954249,0.16110596415360803,164,0.2524852752685547,1
0.8719754005681034,0.9133346714043462,0.8333333333333334,0.8030669895076675,0.8726752503576538,0.7973856209150327,0.1564400249389367,165,0.2651795744895935,1
0.8720581340834506,0.9121977477739329,0.8431372549019608,0.8062953995157385,0.8431372549019608,0.8431372549019608,0.15183910972882994,166,0.2601478695869446,1
0.8702462700973499,0.9107351311437746,0.8451992161985631,0.8087167070217918,0.8446475195822454,0.8457516339869281,0.1516586913787637,167,0.26535388827323914,1
0.8667521579658586,0.9099321314814384,0.8307692307692308,0.7958030669895076,0.8506849315068493,0.8117647058823529,0.15756636183462577,168,0.27523475885391235,1
0.867642922147762,0.9106586426335017,0.8137931034482758,0.7820823244552058,0.8613138686131386,0.7712418300653595,0.16305472821752606,169,0.24661527574062347,1
0.8690287085298255,0.9114797945970734,0.8292682926829268,0.7966101694915254,0.8607594936708861,0.8,0.16063474883111764,170,0.26814529299736023,1
0.8711039408731145,0.9130113604814637,0.837891927951968,0.8038740920096852,0.8555858310626703,0.8209150326797385,0.15683340357258652,171,0.2551290690898895,1
0.8671299743526101,0.9120362434032541,0.832339297548045,0.7958030669895076,0.8440860215053764,0.8209150326797385,0.15825662889934058,172,0.2506878972053528,1
0.8678442403684401,0.9127642850464859,0.8325612177365983,0.7958030669895076,0.8431635388739946,0.8222222222222222,0.1564990413820227,173,0.24781262874603271,1
0.8741747331844131,0.9147774309718673,0.8404825737265416,0.807909604519774,0.8624484181568088,0.8196078431372549,0.15251708753817186,174,0.2543587386608124,1
0.8727062132870025,0.9126635528288454,0.8301369863013699,0.7998385794995965,0.8719424460431655,0.792156862745098,0.15759459561328887,175,0.24672973155975342,1
0.8713025013099474,0.9115283358795997,0.8261168384879725,0.7958030669895076,0.8710144927536232,0.7856209150326797,0.1585641261433216,176,0.2488398253917694,1
0.8704861972918563,0.911978754249738,0.8282416836388323,0.7958030669895076,0.8615819209039548,0.7973856209150327,0.1575003710735763,177,0.25187984108924866,1
0.8669893273765203,0.9111178852813715,0.8333333333333334,0.7982243744955609,0.8503401360544217,0.8169934640522876,0.1573166222728649,178,0.24021098017692566,1
0.8742285099693885,0.9166820288117528,0.8338937457969066,0.8006456820016142,0.8587257617728532,0.8104575163398693,0.15495909551234108,179,0.25219956040382385,1
0.8735197595212487,0.9150425774738018,0.8389261744966443,0.8062953995157385,0.8620689655172413,0.8169934640522876,0.15562620050210207,180,0.24146480858325958,1
0.8699925539836186,0.9110076725957779,0.8369272237196765,0.804681194511703,0.8636995827538247,0.8117647058823529,0.15798988660307048,181,0.23913709819316864,1
0.8646066021345247,0.9069859178854337,0.825938566552901,0.7941888619854721,0.8642857142857143,0.7908496732026143,0.16065907446163843,182,0.24390581250190735,1
0.8608229226993189,0.9057312651256111,0.8206521739130435,0.7869249394673123,0.8543140028288543,0.7895424836601307,0.1611871458633841,183,0.24268664419651031,1
0.870029784065525,0.9120263843285362,0.8348993288590604,0.801452784503632,0.8579310344827586,0.8130718954248366,0.15501416540968568,184,0.24961283802986145,1
0.8739279115302944,0.9146398570365879,0.8380187416331994,0.804681194511703,0.8587105624142661,0.8183006535947712,0.15536967815090957,185,0.24239957332611084,1
0.8750503295551695,0.9162815125015121,0.837491571139582,0.8054882970137207,0.8649025069637883,0.8117647058823529,0.15506077239165048,186,0.25259771943092346,1
0.8739223959626045,0.9165962042572624,0.8294679399727148,0.7982243744955609,0.8673323823109843,0.7947712418300653,0.1566109473123364,187,0.23621632158756256,1
0.8729020159399907,0.9146421355756111,0.8377104377104377,0.8054882970137207,0.8638888888888889,0.8130718954248366,0.15521988112737742,188,0.23350919783115387,1
0.8732632856236728,0.9142577773151728,0.8416169648774022,0.8071025020177562,0.853494623655914,0.8300653594771242,0.15322602392087664,189,0.23472175002098083,1
0.8742864234301316,0.9149587827016162,0.84125920964501,0.8087167070217918,0.8626373626373627,0.8209150326797385,0.15419321133071393,190,0.23981869220733643,1
0.8740134028294864,0.9157855378605935,0.8311688311688312,0.8006456820016142,0.8710601719197708,0.7947712418300653,0.15868138272443913,191,0.23471936583518982,1
0.8708557403270731,0.9153292281877234,0.8223911541119557,0.7925746569814366,0.8724340175953079,0.7777777777777778,0.1624948459402426,192,0.23510383069515228,1
0.8712197677946002,0.9162254828405774,0.8314304902619207,0.7974172719935432,0.8549723756906077,0.8091503267973856,0.15831139271780376,193,0.24165785312652588,1
0.8754033258873168,0.9185184841027436,0.8371786420566908,0.8006456820016142,0.8444148936170213,0.8300653594771242,0.15462395380013264,194,0.23049083352088928,1
0.8742753922947519,0.9182063374290911,0.8405603735823882,0.8071025020177562,0.8583106267029973,0.8235294117647058,0.15580683610514046,195,0.23302602767944336,1
0.8664350128236948,0.912824267677701,0.8256756756756757,0.7917675544794189,0.8545454545454545,0.7986928104575164,0.16184581252015312,196,0.23462620377540588,1
0.8673133669782962,0.9123889458985736,0.8312925170068027,0.7998385794995965,0.8666666666666667,0.7986928104575164,0.16179723385522388,197,0.23472128808498383,1
0.4779579420263681,0.6221226841468283,0.7787087235091178,0.6376109765940274,0.6381260096930533,0.9987357774968394,0.23416430132912824,0,0.7698760628700256,2
0.5011400577930287,0.6362660803642344,0.7793103448275862,0.6384180790960452,0.6384180790960452,1.0,0.2514316690497873,1,0.693888247013092,2
0.5352726544157486,0.663350395692025,0.7793103448275862,0.6384180790960452,0.6384180790960452,1.0,0.24772169464977983,2,0.6987076997756958,2
0.5705255553548854,0.693076840422047,0.7793103448275862,0.6384180790960452,0.6384180790960452,1.0,0.23750510189626475,3,0.6967596411705017,2
0.6044803706880982,0.7232867847800724,0.7793103448275862,0.6384180790960452,0.6384180790960452,1.0,0.2296504679440697,4,0.6873514652252197,2
0.6342291064655952,0.7458649674342427,0.7793103448275862,0.6384180790960452,0.6384180790960452,1.0,0.22636193214574069,5,0.6812857985496521,2
0.662898455842514,0.7670010338659456,0.7793103448275862,0.6384180790960452,0.6384180790960452,1.0,0.22553595575081153,6,0.6817660927772522,2
0.6869497245800976,0.7831799530949016,0.7793103448275862,0.6384180790960452,0.6384180790960452,1.0,0.22495907929306624,7,0.6786824464797974,2
0.7065042554632474,0.7940907268791082,0.7793103448275862,0.6384180790960452,0.6384180790960452,1.0,0.22444966029910818,8,0.6791458129882812,2
0.7171175162542893,0.7990719678355405,0.7793103448275862,0.6384180790960452,0.6384180790960452,1.0,0.22415961010572852,9,0.6728411912918091,2
0.7239282327975438,0.8005252501432908,0.7793103448275862,0.6384180790960452,0.6384180790960452,1.0,0.22434270508075377,10,0.6694515943527222,2
0.729004876286798,0.8028008412722235,0.7793103448275862,0.6384180790960452,0.6384180790960452,1.0,0.2244966634379828,11,0.6692894697189331,2
0.7349337411955934,0.8101494680548663,0.7793103448275862,0.6384180790960452,0.6384180790960452,1.0,0.22418548325706175,12,0.6689049005508423,2
0.7368512393895611,0.8122248151842133,0.7793103448275862,0.6384180790960452,0.6384180790960452,1.0,0.2229416128100237,13,0.6625702977180481,2
0.7359157711757269,0.8109760985993534,0.7793103448275862,0.6384180790960452,0.6384180790960452,1.0,0.22060984720454604,14,0.6604681015014648,2
0.7319622539281199,0.8067088139966789,0.7796944307540661,0.639225181598063,0.6389337641357028,1.0,0.2173530604954041,15,0.6581869721412659,2
0.7267868430558063,0.8015534371411588,0.7800296589223925,0.6408393866020985,0.640422077922078,0.9974715549936789,0.21334640841411748,16,0.6571853756904602,2
0.721916200108362,0.7968264191507878,0.7899497487437186,0.6626311541565779,0.6555462885738115,0.9936788874841972,0.20892601316044132,17,0.6559240818023682,2
0.7170032282824634,0.7929014039080109,0.7995846313603323,0.688458434221146,0.6784140969162996,0.9734513274336283,0.20512255942171523,18,0.6440988183021545,2
0.7124937917644935,0.7891018602851535,0.8004291845493562,0.6997578692493946,0.6952469711090401,0.943109987357775,0.20223957797291728,19,0.6416981220245361,2
0.7099568809824816,0.7873097487210061,0.7991169977924945,0.7062146892655368,0.7091087169441724,0.9152970922882427,0.20036941189282942,20,0.6365623474121094,2
0.7089353440491242,0.7870588815445609,0.7997762863534675,0.7110573042776432,0.7171514543630892,0.9039190897597977,0.19957929407061054,21,0.6327241063117981,2
0.7087533298717716,0.7876382773168411,0.7931623931623931,0.7070217917675545,0.7219917012448133,0.8798988621997471,0.1997822777459051,22,0.6259409189224243,2
0.7088958370959002,0.7885707456822777,0.7939110070257611,0.7158999192897498,0.7393675027262814,0.8571428571428571,0.20095046077528855,23,0.6251002550125122,2
0.708105698031425,0.7892276290589434,0.7825567502986858,0.7062146892655368,0.7417893544733862,0.8280657395701644,0.20362776224340454,24,0.6057709455490112,2
0.7070107910420806,0.7902526341339371,0.7591687041564792,0.682001614205004,0.7349112426035503,0.7850821744627055,0.20783042776711577,25,0.6085264086723328,2
0.7045754695683584,0.7897871937186884,0.7414880201765448,0.6690879741727199,0.7396226415094339,0.7433628318584071,0.21440249167970024,26,0.6023630499839783,2
0.7036922069712841,0.7907460285910949,0.7300574345883855,0.6585956416464891,0.7371134020618557,0.7231352718078382,0.2190647141106511,27,0.5951633453369141,2
0.7033789732707242,0.7926283989327255,0.7331189710610932,0.6650524616626311,0.7460732984293194,0.7206068268015171,0.2203338786905002,28,0.5891616344451904,2
0.7040731668773704,0.7954525499988573,0.7338037203335471,0.6650524616626311,0.7447916666666666,0.7231352718078382,0.2187355835311954,29,0.5961393713951111,2
0.7086954804045511,0.800794723950254,0.7444514901712111,0.6747376916868443,0.7468193384223919,0.7420986093552465,0.21460213128355796,30,0.5846403241157532,2
0.7165771175726927,0.8079071199423067,0.7526348419094855,0.6779661016949152,0.7384428223844283,0.7673830594184576,0.2097706079748211,31,0.5879964828491211,2
0.7256157440852448,0.8156075744226619,0.7586633663366337,0.6852300242130751,0.743030303030303,0.7749683944374209,0.20589699513058307,32,0.5859249830245972,2
0.7345019866353621,0.8226372142894404,0.7580543272267846,0.6908797417271993,0.7575757575757576,0.7585335018963337,0.2033087575029698,33,0.5710208415985107,2
0.744054203539823,0.8294505518521784,0.7613563659628919,0.6989507667473769,0.7707253886010362,0.7522123893805309,0.20048542208137762,34,0.5717537999153137,2
0.7549976295828066,0.8367082486749986,0.7708860759493671,0.7078288942695722,0.7718631178707225,0.7699115044247787,0.19514971203079629,35,0.5658549070358276,2
0.762887732526639,0.8409194651577672,0.7745159275452842,0.70863599677159,0.7654320987654321,0.7838179519595448,0.19142060174984793,36,0.5698177814483643,2
0.7665562353259888,0.8426245043028291,0.7806090739589807,0.7150928167877321,0.7677261613691931,0.7939317319848294,0.1900254355042401,37,0.5572685599327087,2
0.7670924011197399,0.8436892672969593,0.7741522712731925,0.7150928167877321,0.783678756476684,0.7648546144121365,0.19221216722764986,38,0.5566146969795227,2
0.7667311946902655,0.8455223163699435,0.7651268705270007,0.70863599677159,0.7882037533512064,0.7433628318584071,0.19618225752415477,39,0.5488574504852295,2
0.7699820525555355,0.8488427194785121,0.7703225806451612,0.7126715092816788,0.7865612648221344,0.7547408343868521,0.19397470684894821,40,0.5518653392791748,2
0.775544067184396,0.8531914005991597,0.7830487033523087,0.7231638418079096,0.7835443037974683,0.7825537294563844,0.1895036322843921,41,0.5424652695655823,2
0.7796161052916741,0.8568650969947267,0.7857142857142857,0.7239709443099274,0.7788819875776397,0.7926675094816688,0.18760317429257403,42,0.5357720851898193,2
0.7826468529889832,0.8597818517843913,0.7864746399499061,0.7247780468119451,0.7791563275434243,0.7939317319848294,0.1868548945918414,43,0.5293817520141602,2
0.7824831813256277,0.8608820594203332,0.7755102040816326,0.7158999192897498,0.7824967824967825,0.7686472819216182,0.1896476600858637,44,0.5285915732383728,2
0.7893376377099512,0.8658897012324102,0.7767114523352527,0.718321226795803,0.7862694300518135,0.7673830594184576,0.18590535386406473,45,0.5222776532173157,2
0.8012179429293842,0.8724179894861813,0.8062111801242235,0.7481840193704601,0.7924297924297924,0.820480404551201,0.17777468608280708,46,0.5293897390365601,2
0.8075277677442658,0.8763533162436052,0.8082191780821918,0.751412429378531,0.7963190184049079,0.820480404551201,0.17484143915812073,47,0.519956111907959,2
0.8099066507133826,0.8786521621819608,0.8055908513341804,0.7530266343825666,0.80970625798212,0.8015170670037927,0.17542561127903922,48,0.520487368106842,2
0.8110918593100958,0.8801720364304522,0.7963917525773195,0.744955609362389,0.812089356110381,0.7812895069532237,0.17583049008107288,49,0.5093446969985962,2
0.8117521898139788,0.8810954725215836,0.7982005141388174,0.7465698143664246,0.8117647058823529,0.7850821744627055,0.1753872662724148,50,0.5123184323310852,2
0.8122290951778942,0.8822002498324557,0.7979539641943734,0.744955609362389,0.8072445019404916,0.7888748419721872,0.17504933436475115,51,0.5031019449234009,2
0.8123419721871048,0.8829819706692847,0.8022886204704387,0.7489911218724778,0.8069053708439897,0.797724399494311,0.17530708411987447,52,0.5054639577865601,2
0.8115744085244717,0.8833422273690967,0.7984644913627639,0.7457627118644068,0.8082901554404145,0.7888748419721872,0.1763832802455887,53,0.49155890941619873,2
0.8130784946722052,0.8844077698600485,0.7964033397559409,0.7441485068603713,0.8093994778067886,0.7838179519595448,0.17573437660890975,54,0.4995878040790558,2
0.8149296776232617,0.8852074145825324,0.7950872656755009,0.7441485068603713,0.8134920634920635,0.7774968394437421,0.17579319401960006,55,0.4912715256214142,2
0.8208726521582084,0.8877369721406058,0.798469387755102,0.744955609362389,0.8056628056628057,0.7914032869785083,0.1720136067485966,56,0.4845838248729706,2
0.8236042757811088,0.8897858762565996,0.8020434227330779,0.7497982243744956,0.8103225806451613,0.7939317319848294,0.17128829896936656,57,0.4820200800895691,2
0.8236324950334116,0.8902455889902257,0.7958522359040829,0.7457627118644068,0.8164893617021277,0.7762326169405815,0.17259051729093905,58,0.4815389811992645,2
0.8250801426765396,0.8913173560020466,0.7997432605905006,0.7481840193704601,0.8122555410691004,0.7876106194690266,0.17235409238056526,59,0.4795183539390564,2
0.8279415748600325,0.8929187108029422,0.8068397720075997,0.7538337368845843,0.8083756345177665,0.8053097345132744,0.17151640899994153,60,0.46986791491508484,2
0.8233390148094637,0.8905967149090039,0.7942521227955585,0.7457627118644068,0.8216216216216217,0.7686472819216182,0.1746276060300898,61,0.46111342310905457,2
0.8269905860574318,0.8920533652653067,0.8043478260869565,0.7530266343825666,0.8137128072445019,0.7951959544879899,0.17142791015876757,62,0.474613219499588,2
0.832414326350009,0.895325988535163,0.8142589118198874,0.7602905569007264,0.8056930693069307,0.8230088495575221,0.1694798211523549,63,0.47087225317955017,2
0.8315846803323099,0.89534994583971,0.8094327597195666,0.7586763518966909,0.8161953727506427,0.8027812895069533,0.17000304432108757,64,0.46277955174446106,2
0.8266293796279574,0.8922719312949849,0.8005232177894048,0.7538337368845843,0.8292682926829268,0.7737041719342604,0.17235243979509451,65,0.44560661911964417,2
0.8324651210041539,0.8953448965222688,0.8046571798188874,0.7562550443906376,0.823841059602649,0.786346396965866,0.16845189558146045,66,0.45547282695770264,2
0.8384758217446271,0.8980536322616832,0.8138801261829653,0.7619047619047619,0.8123425692695214,0.8154235145385588,0.1662919100008326,67,0.4519731402397156,2
0.8390853575943652,0.8987957404710362,0.8146279949558638,0.7627118644067796,0.8125786163522013,0.8166877370417194,0.16599475088741944,68,0.4463403820991516,2
0.8323550659201733,0.8959113146413706,0.8033635187580854,0.7546408393866021,0.8225165562913908,0.7850821744627055,0.16852591608261175,69,0.44349923729896545,2
0.8336559734513274,0.8970233754574037,0.8033526756931012,0.7538337368845843,0.8197368421052632,0.7876106194690266,0.16758984648137504,70,0.4340006113052368,2
0.8381766976702185,0.8991612495686929,0.813200498132005,0.7578692493946732,0.8012269938650307,0.8255372945638433,0.1661588064540691,71,0.43121400475502014,2
0.8394663175004515,0.9000798279004142,0.8157401623985009,0.7619047619047619,0.8061728395061728,0.8255372945638433,0.16539553834202642,72,0.4335668683052063,2
0.8298830594184576,0.8933910637216504,0.8013071895424837,0.7546408393866021,0.8294993234100135,0.7749683944374209,0.17187373915385945,73,0.42621076107025146,2
0.8397118249954849,0.8992782774215154,0.8002628120893561,0.7546408393866021,0.8331053351573188,0.7699115044247787,0.16767474072518548,74,0.4317638874053955,2
0.8483948889290229,0.9039940792449407,0.8253968253968254,0.778046811945117,0.8290816326530612,0.8217446270543616,0.16095520087010126,75,0.42674610018730164,2
0.844043480223948,0.9018826789755947,0.8059895833333334,0.7594834543987087,0.8308724832214766,0.7825537294563844,0.16288271718407585,76,0.4311898648738861,2
0.8367685569803143,0.897835940671015,0.800794176042356,0.7570621468926554,0.8402777777777778,0.7648546144121365,0.16756737075461317,77,0.41961100697517395,2
0.8449662497742461,0.9032711038096408,0.8141479099678457,0.7667473769168685,0.8285340314136126,0.8002528445006322,0.16120913408555296,78,0.42220795154571533,2
0.8500824002167239,0.9058250632780791,0.8230818008877616,0.774818401937046,0.8256997455470738,0.820480404551201,0.15888014474490675,79,0.41204729676246643,2
0.8459200605020769,0.9034444713761829,0.8118939883645766,0.7651331719128329,0.8306878306878307,0.7939317319848294,0.16269783081996086,80,0.40486109256744385,2
0.8427369288423334,0.9015906701774941,0.814621409921671,0.7707828894269573,0.8421052631578947,0.7888748419721872,0.16410112755704845,81,0.4093798100948334,2
0.8488859039190898,0.904866930164133,0.8323845667299178,0.7861178369652946,0.8329113924050633,0.831858407079646,0.15772034357541684,82,0.3994866609573364,2
0.8476414348925411,0.9037205138633841,0.8214747736093143,0.7772397094430993,0.8410596026490066,0.8027812895069533,0.15892760490042473,83,0.40189409255981445,2
0.8461429925952682,0.9028550672201581,0.8100263852242744,0.7675544794188862,0.8468965517241379,0.7762326169405815,0.1630999795213556,84,0.40222054719924927,2
0.8533896965865994,0.9065329426872418,0.8220937700706487,0.7764326069410815,0.835509138381201,0.809102402022756,0.1578315496751183,85,0.3987851142883301,2
0.8556867437240383,0.9073547994951965,0.8304542546385156,0.7861178369652946,0.8406735751295337,0.820480404551201,0.15619040116493021,86,0.3875270485877991,2
0.8413316100776594,0.8988493697091091,0.8069011280690113,0.7651331719128329,0.8491620111731844,0.7686472819216182,0.16576584220276724,87,0.39939042925834656,2
0.8496083167780387,0.9030920901085691,0.817470664928292,0.7740112994350282,0.8438761776581427,0.7926675094816688,0.15737563261630658,88,0.39021503925323486,2
0.8580374074408526,0.9080339425672385,0.8357457520453115,0.7893462469733656,0.8320802005012531,0.8394437420986094,0.15166220665074612,89,0.3896571099758148,2
0.8573925975257359,0.9088020448097665,0.8344958782498415,0.7893462469733656,0.8371501272264631,0.831858407079646,0.15212151377932578,90,0.3916745185852051,2
0.8420653106375293,0.9009807150032367,0.8068556361239289,0.7635189669087974,0.8429752066115702,0.7737041719342604,0.16302877579684855,91,0.3735160827636719,2
0.8505762371320209,0.9067978495909355,0.8158415841584158,0.774818401937046,0.8535911602209945,0.7812895069532237,0.15969121365739516,92,0.38282570242881775,2
0.8600550839804948,0.913260832469498,0.8288633461047255,0.7836965294592413,0.8374193548387097,0.820480404551201,0.15294484732107294,93,0.3765750229358673,2
0.8577777903196677,0.9134166732468672,0.8325,0.7836965294592413,0.823238566131026,0.8419721871049305,0.15533809676161955,94,0.3603389263153076,2
0.8516401029438324,0.9098125417072074,0.8228571428571428,0.774818401937046,0.826530612244898,0.8192161820480405,0.15967363016063937,95,0.3665453791618347,2
0.8583195999638795,0.9117933675138445,0.8229098090849243,0.7828894269572235,0.8585164835164835,0.7901390644753477,0.15953478787051723,96,0.3630827069282532,2
0.8627867076033954,0.9135565484285566,0.8318240620957309,0.7901533494753834,0.8516556291390729,0.8128950695322377,0.15670994811237904,97,0.3660196363925934,2
0.8550884955752213,0.9083034016141565,0.8292063492063492,0.7828894269572235,0.8329081632653061,0.8255372945638433,0.1581553909491712,98,0.36372891068458557,2
0.8552295918367346,0.9076435577960288,0.824203821656051,0.7772397094430993,0.8305519897304237,0.8179519595448799,0.156687912288905,99,0.367141991853714,2
0.8636219974715551,0.9121700890262847,0.8370895041854475,0.7958030669895076,0.8530183727034121,0.8217446270543616,0.15228725039386207,100,0.3507315218448639,2
0.8559322512190718,0.9073581283481957,0.8229854689564069,0.7836965294592413,0.8616874135546335,0.7876106194690266,0.15877576017156,101,0.35950717329978943,2
0.8437641096261513,0.9019693829783715,0.8097432521395656,0.7667473769168685,0.8447802197802198,0.7774968394437421,0.1644220849573945,102,0.34705084562301636,2
0.8582744491601951,0.9097773479146791,0.8253557567917206,0.7820823244552058,0.8450331125827815,0.8065739570164349,0.1550082986494389,103,0.36220821738243103,2
0.8673920895791946,0.9145114438176051,0.8345047923322684,0.7909604519774012,0.8436692506459949,0.8255372945638433,0.15102147083324485,104,0.3519963324069977,2
0.8506467852627776,0.9069811922281925,0.8195876288659794,0.7740112994350282,0.835742444152431,0.8040455120101138,0.16083746082750947,105,0.35254594683647156,2
0.8344150713382699,0.8988863602257651,0.8222643896268185,0.7732041969330105,0.8227848101265823,0.8217446270543616,0.17051164369895633,106,0.3421432077884674,2
0.8605771401480946,0.9104058528396679,0.8323699421965318,0.7893462469733656,0.8459530026109661,0.8192161820480405,0.15506992351147045,107,0.35723111033439636,2
0.86493419270363,0.913541413084863,0.8360337005832793,0.7958030669895076,0.8577127659574468,0.8154235145385588,0.15278843918917642,108,0.33824700117111206,2
0.8450057567274697,0.9032918039621016,0.8119205298013245,0.7707828894269573,0.8525730180806675,0.7749683944374209,0.1651563943603725,109,0.34514617919921875,2
0.8345702772259346,0.8978142266855584,0.8026666666666666,0.7610976594027441,0.849083215796897,0.7610619469026548,0.17148635876827947,110,0.3392064869403839,2
0.8515977740653784,0.9074025835359181,0.8240620957309185,0.7804681194511703,0.8437086092715231,0.8053097345132744,0.15934324329353988,111,0.33872076869010925,2
0.8666640328697851,0.915467867888582,0.8375314861460957,0.7917675544794189,0.8343789209535759,0.8407079646017699,0.1505931659042782,112,0.3312324285507202,2
0.859375,0.9117644557387431,0.8325732899022801,0.7925746569814366,0.8588709677419355,0.8078381795195955,0.15557430232889893,113,0.3363052010536194,2
0.8426212299078925,0.9037120989283055,0.8034528552456839,0.7610976594027441,0.8461538461538461,0.7648546144121365,0.17005091203285,114,0.32871803641319275,2
0.8423587908614774,0.905356590520462,0.8221941992433796,0.7723970944309927,0.820125786163522,0.8242730720606827,0.16746212799210658,115,0.33968305587768555,2
0.8628516118836915,0.9166806266092153,0.830655129789864,0.7788539144471348,0.8125755743651754,0.8495575221238938,0.15671637022745835,116,0.32212358713150024,2
0.8675811585696225,0.9192176938168394,0.8288288288288288,0.7853107344632768,0.8440366972477065,0.8141592920353983,0.15163326634296195,117,0.34062275290489197,2
0.8482001760881344,0.9095890653819921,0.8021462105969148,0.7619047619047619,0.8542857142857143,0.7560050568900126,0.16767956093310402,118,0.320064514875412,2
0.8348186066461983,0.9026378486512967,0.8087572440437862,0.7602905569007264,0.8241469816272966,0.7939317319848294,0.17301424130803694,119,0.32869628071784973,2
0.8589531221780748,0.9135087820126823,0.8247291268323773,0.778046811945117,0.8316195372750642,0.8179519595448799,0.15633820234345946,120,0.31996390223503113,2
0.8642738621997472,0.9159726002987982,0.8333333333333334,0.7836965294592413,0.8200734394124847,0.8470290771175727,0.15297376377565067,121,0.3161385655403137,2
0.841661775329601,0.9036899437505086,0.8197747183979975,0.7675544794188862,0.8116480793060719,0.8280657395701644,0.16839125480324885,122,0.32925376296043396,2
0.8375191890915659,0.901347395189577,0.813847158719791,0.7699757869249395,0.8418918918918918,0.7876106194690266,0.16844025677857336,123,0.32059410214424133,2
0.8563583619288424,0.9107585396190153,0.8124585818422797,0.7715899919289749,0.8537604456824512,0.7749683944374209,0.15932773808191492,124,0.30724474787712097,2
0.8657638387213291,0.9156633231619238,0.8287937743190662,0.7869249394673123,0.8508655126498003,0.8078381795195955,0.15281359209431997,125,0.30497217178344727,2
0.8555738667148275,0.9115998911134051,0.8265497808390733,0.7764326069410815,0.8188585607940446,0.8343868520859671,0.1591139032345167,126,0.3123757839202881,2
0.8542870688098249,0.9108775345333471,0.8188265635074146,0.7732041969330105,0.8355263157894737,0.8027812895069533,0.1587570238430326,127,0.312642902135849,2
0.853344545782915,0.9099733463522583,0.8143712574850299,0.774818401937046,0.8595505617977528,0.7737041719342604,0.16290424242837764,128,0.29755648970603943,2
0.8462643353801698,0.9073671271649182,0.8053511705685619,0.7651331719128329,0.8551136363636364,0.7610619469026548,0.16853191730719091,129,0.30254489183425903,2
0.8491991376196497,0.9097923810316724,0.8120497707924034,0.768361581920904,0.842391304347826,0.7838179519595448,0.16545888563073338,130,0.30587783455848694,2
0.8553763319487088,0.9146288699905593,0.8234544295729764,0.7764326069410815,0.8303341902313625,0.8166877370417194,0.16049821444656867,131,0.2954251170158386,2
0.8620247877912228,0.9179503028380547,0.8263933376040999,0.7812752219531881,0.8376623376623377,0.8154235145385588,0.1565522792867749,132,0.2994561195373535,2
0.8579781470110168,0.9142860405091888,0.8150594451783355,0.7740112994350282,0.8533886583679114,0.7800252844500632,0.16342946876213157,133,0.30603885650634766,2
0.8494813301426765,0.910273471863581,0.8045363575717145,0.7635189669087974,0.8516949152542372,0.7623261694058154,0.16859662935748046,134,0.295602947473526,2
0.8492598090121004,0.9110788049316028,0.8213367609254498,0.7756255044390638,0.8352941176470589,0.8078381795195955,0.16309454387665787,135,0.3001926839351654,2
0.8578314068990428,0.915737201427871,0.8348909657320872,0.7861178369652946,0.8230958230958231,0.8470290771175727,0.15817605321327685,136,0.2896486818790436,2
0.8670830887664801,0.9203513264833909,0.8403256105197244,0.7941888619854721,0.8325062034739454,0.8482932996207333,0.15143083762479165,137,0.2956145107746124,2
0.8559717581722954,0.9156109315692526,0.8283870967741935,0.7853107344632768,0.8458498023715415,0.8116308470290771,0.15667360988070725,138,0.29417479038238525,2
0.841379582806574,0.9076836307891505,0.8178294573643411,0.7723970944309927,0.8361955085865258,0.8002528445006322,0.16861180695812278,139,0.2863785922527313,2
0.861104840166155,0.9169556348915208,0.8247834776815456,0.7877320419693301,0.8718309859154929,0.7825537294563844,0.1591841296546379,140,0.2982370853424072,2
0.8643387664800433,0.9186552726366506,0.8269986893840104,0.7869249394673123,0.8585034013605443,0.797724399494311,0.15648757292130466,141,0.298196017742157,2
0.8484739028354704,0.9118189610493703,0.8224181360201511,0.7723970944309927,0.8193224592220828,0.8255372945638433,0.1666629612346866,142,0.29151594638824463,2
0.8498481804226115,0.9124723704699064,0.8230088495575221,0.7740112994350282,0.8230088495575221,0.8230088495575221,0.16568669259223714,143,0.28930339217185974,2
0.8588416561314791,0.9157562330737964,0.8243681140635126,0.7812752219531881,0.8457446808510638,0.8040455120101138,0.16007479250308462,144,0.27707332372665405,2
0.8494926178435975,0.9116790113339738,0.8198433420365535,0.7772397094430993,0.8475033738191633,0.7939317319848294,0.16713243363394936,145,0.2841533422470093,2
0.8573333370959003,0.9162785007744396,0.8224543080939948,0.7804681194511703,0.8502024291497976,0.7964601769911505,0.16119087671882187,146,0.28077438473701477,2
0.8585622855336825,0.917369832602505,0.8253968253968254,0.778046811945117,0.8290816326530612,0.8217446270543616,0.15997866739094888,147,0.27543845772743225,2
0.8623549530431641,0.9194356947553245,0.8310214375788146,0.7836965294592413,0.8289308176100629,0.8331226295828066,0.15717153220316288,148,0.2753600478172302,2
0.8570835967130215,0.9174093835031802,0.8253968253968254,0.778046811945117,0.8290816326530612,0.8217446270543616,0.1617901598940618,149,0.28198954463005066,2
0.8492781515260972,0.9136926096082864,0.8187059577194107,0.7715899919289749,0.8298701298701299,0.8078381795195955,0.1683533534619702,150,0.27601948380470276,2
0.8484315739570164,0.9136005199880084,0.8180064308681672,0.7715899919289749,0.8324607329842932,0.8040455120101138,0.16739933424452738,151,0.27293360233306885,2
0.8585509978327615,0.91812634198433,0.8243681140635126,0.7812752219531881,0.8457446808510638,0.8040455120101138,0.16226920057467367,152,0.26998621225357056,2
0.8622068019685749,0.9189088153749583,0.8217757615035645,0.778046811945117,0.8430851063829787,0.8015170670037927,0.16224841561965786,153,0.2760539948940277,2
0.8551251806032147,0.9167064472506614,0.8267515923566879,0.7804681194511703,0.8331193838254172,0.820480404551201,0.16556230609662526,154,0.27004462480545044,2
0.8585171347299981,0.9178048680189258,0.8202175303902751,0.7732041969330105,0.8303108808290155,0.8103666245259166,0.16453020995533993,155,0.2660753130912781,2
0.861391265577027,0.9181407653968338,0.8241401687216093,0.7812752219531881,0.8466666666666667,0.8027812895069533,0.16368008784311233,156,0.2644776403903961,2
0.8492555761242551,0.9132853859176673,0.8171206225680934,0.7723970944309927,0.8388814913448736,0.7964601769911505,0.16996341288469893,157,0.27413132786750793,2
0.8431912588044068,0.9100825176990499,0.8168284789644013,0.7715899919289749,0.8368700265251989,0.797724399494311,0.17233913605588122,158,0.26191452145576477,2
0.8565163897417374,0.9162551781024462,0.821917808219178,0.7796610169491526,0.8490566037735849,0.7964601769911505,0.16405388477575322,159,0.2688215970993042,2
0.8588952727108543,0.917889084634138,0.82798459563543,0.7836965294592413,0.8409387222946545,0.8154235145385588,0.16172747675261662,160,0.26774299144744873,2
0.8463941439407622,0.9131394102684743,0.8222778473091364,0.7707828894269573,0.8141263940520446,0.8305941845764855,0.17568951134529123,161,0.26158782839775085,2
0.8610653332129312,0.9203606336555326,0.8263933376040999,0.7812752219531881,0.8376623376623377,0.8154235145385588,0.16335869127896552,162,0.25559401512145996,2
0.8691473270724218,0.923888407747334,0.8288874430709173,0.7877320419693301,0.853887399463807,0.8053097345132744,0.15812155843655654,163,0.25138840079307556,2
0.8614152519414846,0.9209764216103238,0.8262548262548263,0.7820823244552058,0.8414154652686763,0.8116308470290771,0.16404489273342768,164,0.25679510831832886,2
0.8529946270543616,0.9170862518223486,0.8298545224541429,0.7828894269572235,0.830379746835443,0.8293299620733249,0.1693130857547624,165,0.2540309429168701,2
0.8600804813075673,0.919795946695863,0.826530612244898,0.7804681194511703,0.833976833976834,0.8192161820480405,0.16525424226232585,166,0.2533630430698395,2
0.864880576124255,0.9208813766382372,0.8317338451695457,0.7877320419693301,0.8419689119170984,0.8217446270543616,0.1612367311666717,167,0.252055287361145,2
0.8490044247787611,0.9137412805391172,0.8250950570342205,0.7772397094430993,0.8271918678526048,0.8230088495575221,0.16948623457293777,168,0.2503744959831238,2
0.8468569396785263,0.9115528662980007,0.8243681140635126,0.7812752219531881,0.8457446808510638,0.8040455120101138,0.16833856227060062,169,0.26265808939933777,2
0.8489592739750769,0.911989096993576,0.8180628272251309,0.7756255044390638,0.8480325644504749,0.7901390644753477,0.16811199212894606,170,0.24638687074184418,2
0.8576084748058515,0.9163353887264332,0.8194536975349767,0.7812752219531881,0.8661971830985915,0.7774968394437421,0.16658558779600693,171,0.2490641176700592,2
0.8528281334657757,0.9150733447493564,0.8236842105263158,0.7836965294592413,0.8587105624142661,0.7914032869785083,0.16696637232027467,172,0.24971774220466614,2
0.8388906447534765,0.9081350203543803,0.8179519595448799,0.7675544794188862,0.8179519595448799,0.8179519595448799,0.1756549387587278,173,0.2502831220626831,2
0.8455066484558426,0.9112251975310817,0.8270096463022508,0.7828894269572235,0.8416230366492147,0.8128950695322377,0.1701855055474694,174,0.25358060002326965,2
0.8607436337366805,0.9181043933776678,0.8272251308900523,0.7869249394673123,0.8575305291723202,0.7989886219974716,0.16309822666448953,175,0.24418839812278748,2
0.8518686788874843,0.9136282293777604,0.8287937743190662,0.7869249394673123,0.8508655126498003,0.8078381795195955,0.1684523273878253,176,0.2405594289302826,2
0.8344404686653423,0.9053248505359972,0.8157061431285624,0.7651331719128329,0.817258883248731,0.8141592920353983,0.18401500514896307,177,0.23608337342739105,2
0.8396440987899585,0.9081493912725239,0.820577164366374,0.7691686844229217,0.8144458281444583,0.8268015170670038,0.1818044699639002,178,0.24159809947013855,2
0.8571992956474626,0.9149888903268271,0.8252551020408163,0.7788539144471348,0.8326898326898327,0.8179519595448799,0.16914065470100592,179,0.2338533252477646,2
0.8496054948528083,0.9124162031506804,0.814182534471438,0.7715899919289749,0.8469945355191257,0.7838179519595448,0.17420213298790233,180,0.25764724612236023,2
0.8397202907711757,0.9096488718059453,0.8214055448098001,0.7764326069410815,0.8381578947368421,0.8053097345132744,0.1769412585013898,181,0.2364969104528427,2
0.8532344906989344,0.9168024181055747,0.8239074550128535,0.7788539144471348,0.8379084967320262,0.8103666245259166,0.16718164700630395,182,0.245590940117836,2
0.8578765577027271,0.9190631742797021,0.8283870967741935,0.7853107344632768,0.8458498023715415,0.8116308470290771,0.16470742608077088,183,0.23053738474845886,2
0.8516683221961351,0.915826938585123,0.8268370607028754,0.7812752219531881,0.8359173126614987,0.8179519595448799,0.16779790823465313,184,0.2381558120250702,2
0.8458593891096261,0.9124483845173671,0.8207426376440461,0.7740112994350282,0.8313878080415046,0.8103666245259166,0.1714077982737802,185,0.2274991124868393,2
0.8496083167780387,0.9139971218724054,0.8250484183344093,0.7812752219531881,0.8430079155672823,0.8078381795195955,0.1691410894312335,186,0.23573638498783112,2
0.8462332942026368,0.9124014151491867,0.8246628131021194,0.7796610169491526,0.8381201044386423,0.8116308470290771,0.1715789543700178,187,0.2260528951883316,2
0.8476894076214556,0.9135094512063293,0.8262253341820497,0.7796610169491526,0.8320512820512821,0.820480404551201,0.1722003380827018,188,0.2304210066795349,2
0.8541459725483114,0.9162396662920977,0.8273195876288659,0.7836965294592413,0.8436268068331143,0.8116308470290771,0.16843970366811722,189,0.2230093777179718,2
0.8445627144663175,0.9109886237764182,0.8260869565217391,0.7804681194511703,0.8357050452781372,0.8166877370417194,0.17409262076447118,190,0.23429273068904877,2
0.8429344636084523,0.909824698147847,0.8211488250652742,0.7788539144471348,0.8488529014844804,0.7951959544879899,0.1744554953238147,191,0.23679134249687195,2
0.8489169450966227,0.912346258476578,0.819672131147541,0.778046811945117,0.8514986376021798,0.7901390644753477,0.16992633517545927,192,0.2250199317932129,2
0.85035612696406,0.9129879668582664,0.8303571428571429,0.7853107344632768,0.8378378378378378,0.8230088495575221,0.16780700382998034,193,0.21736586093902588,2
0.8423700785623984,0.9083939786079409,0.8290220820189275,0.7812752219531881,0.827455919395466,0.8305941845764855,0.17575199088911447,194,0.22244256734848022,2
0.838348835109265,0.9058462438884793,0.8209993674889311,0.7715899919289749,0.8215189873417722,0.820480404551201,0.18140976871223685,195,0.21617275476455688,2
0.8473916945096623,0.910031467309353,0.8264781491002571,0.7820823244552058,0.8405228758169935,0.8128950695322377,0.17438953428145032,196,0.2257707566022873,2
0.8536831768105473,0.9139893991714172,0.8292063492063492,0.7828894269572235,0.8329081632653061,0.8255372945638433,0.16973015555483442,197,0.2282579094171524,2
0.8507286210944556,0.913698994204311,0.8324808184143222,0.7885391444713479,0.8421733505821475,0.8230088495575221,0.16927500321992975,198,0.2221887707710266,2
0.5449494642827573,0.6428642382881604,0.7640897755610973,0.6182405165456013,0.6182405165456013,1.0,0.23700195635468324,0,0.7485911250114441,3
0.5722928477194067,0.6647904150074627,0.7640897755610973,0.6182405165456013,0.6182405165456013,1.0,0.24830335210251503,1,0.6820335388183594,3
0.5818300498457156,0.6790478229582754,0.7640897755610973,0.6182405165456013,0.6182405165456013,1.0,0.2491388324836193,2,0.6914301514625549,3
0.5894656075602096,0.6959901698891107,0.7640897755610973,0.6182405165456013,0.6182405165456013,1.0,0.24398079875256437,3,0.6846282482147217,3
0.5969121048360833,0.7094410904205145,0.7640897755610973,0.6182405165456013,0.6182405165456013,1.0,0.23904882973141406,4,0.6752986907958984,3
0.6076650897830083,0.7213338696274413,0.7640897755610973,0.6182405165456013,0.6182405165456013,1.0,0.23589860582546954,5,0.6732335686683655,3
0.6215838020744208,0.7313154974565647,0.7640897755610973,0.6182405165456013,0.6182405165456013,1.0,0.23467583858757082,6,0.6714478135108948,3
0.6425018906043862,0.746595196929019,0.7640897755610973,0.6182405165456013,0.6182405165456013,1.0,0.23524352382495645,7,0.6693829894065857,3
0.6648220623871848,0.761285436041387,0.7640897755610973,0.6182405165456013,0.6182405165456013,1.0,0.23686474592434334,8,0.6743787527084351,3
0.6842732075138414,0.7737487036322264,0.7640897755610973,0.6182405165456013,0.6182405165456013,1.0,0.23836426915556314,9,0.666550874710083,3
0.6985438206216639,0.7823219309029331,0.7640897755610973,0.6182405165456013,0.6182405165456013,1.0,0.23933575730393736,10,0.6655932664871216,3
0.7085460838269146,0.7910570018051639,0.7640897755610973,0.6182405165456013,0.6182405165456013,1.0,0.23899078913051938,11,0.6608867645263672,3
0.7163955420376575,0.7982504820493601,0.7640897755610973,0.6182405165456013,0.6182405165456013,1.0,0.23664443088322065,12,0.6654364466667175,3
0.7243084803956745,0.8049756665872886,0.7656171914042978,0.6214689265536724,0.620242914979757,1.0,0.23282582917594927,13,0.6589489579200745,3
0.7300824137912001,0.8092959572129068,0.7683049147442327,0.6271186440677966,0.6237785016286646,1.0,0.22747679404464327,14,0.6554296612739563,3
0.7344873840107309,0.8124588732058866,0.7719475277497477,0.6351896690879741,0.6291118421052632,0.9986945169712794,0.22039980460073547,15,0.6522257924079895,3
0.7386149735867387,0.815327489867512,0.775782452539764,0.6472962066182405,0.6390532544378699,0.9869451697127938,0.21343769694522116,16,0.6443654894828796,3
0.7422706020677968,0.8181292640223907,0.7855648535564853,0.6690879741727199,0.6553228621291448,0.9804177545691906,0.20819460429694797,17,0.6476143002510071,3
0.7454225293802681,0.8208651196837036,0.7764075067024129,0.6634382566585957,0.6587807097361238,0.9451697127937336,0.2049814458621406,18,0.6417089104652405,3
0.7477850948614201,0.823878434626518,0.7794759825327511,0.6739305891848265,0.6697936210131332,0.9321148825065274,0.2029584759495298,19,0.6345124244689941,3
0.7496177391131547,0.8260751682280973,0.7853170189098999,0.688458434221146,0.6841085271317829,0.9216710182767625,0.20106753885518672,20,0.6338214874267578,3
0.7512571829166644,0.8277356204988026,0.7853881278538812,0.6965294592413237,0.6977687626774848,0.8981723237597912,0.1986180322834389,21,0.6244885921478271,3
0.7543594301138778,0.8307097442126457,0.7833723653395784,0.7013720742534302,0.7101910828025477,0.8733681462140992,0.19605413081195888,22,0.6254122853279114,3
0.7595151220750833,0.8348609942585958,0.7795795795795796,0.7037933817594835,0.7219132369299222,0.8472584856396866,0.1940539199395764,23,0.616830050945282,3
0.7666166185505551,0.8367394630152714,0.7747858017135862,0.7029862792574657,0.7292626728110599,0.8263707571801566,0.1920234099783963,24,0.6114014387130737,3
0.7730087933804006,0.8375932349682843,0.7863247863247863,0.7175141242937854,0.7385321100917431,0.8407310704960835,0.18932828258629802,25,0.6064701080322266,3
0.7782390055144928,0.8362414380215243,0.7866666666666666,0.7158999192897498,0.7341628959276018,0.8472584856396866,0.18599159939161897,26,0.5946868062019348,3
0.7836072179687458,0.8351284222989042,0.7905282331511839,0.7215496368038741,0.738933030646992,0.8498694516971279,0.18247703861841816,27,0.6000998020172119,3
0.7893452712810294,0.8362680011868452,0.7916921197312157,0.7247780468119451,0.7439724454649828,0.8459530026109661,0.1790374059527313,28,0.5907260179519653,3
0.7950805645869098,0.8384983431098114,0.7961046865489957,0.7296206618240516,0.7457240592930444,0.8537859007832899,0.17638338230313522,29,0.5872297883033752,3
0.8012960990069498,0.8432395562243471,0.8124253285543608,0.7465698143664246,0.748898678414097,0.8877284595300261,0.17425552094458444,30,0.5799843668937683,3
0.8078014340993271,0.8486482662960881,0.8172043010752689,0.7530266343825666,0.7533039647577092,0.8929503916449086,0.17133270331941383,31,0.5749675631523132,3
0.8155901721691994,0.8559723976111986,0.8199879590608068,0.7586763518966909,0.7608938547486034,0.8890339425587467,0.1670922079001839,32,0.5775179862976074,3
0.8217146263779331,0.8622876966600808,0.8288834951456311,0.7723970944309927,0.7743764172335601,0.891644908616188,0.16402317382095835,33,0.5747590661048889,3
0.8260340363989643,0.8665659741479319,0.8294762484774665,0.7740112994350282,0.7773972602739726,0.8890339425587467,0.16202463547176035,34,0.5596602559089661,3
0.829459204345354,0.8697006824344451,0.8310893512851897,0.7772397094430993,0.782258064516129,0.8864229765013055,0.16001144234083658,35,0.5607344508171082,3
0.8323820511263587,0.8718610917593028,0.8317929759704251,0.7796610169491526,0.7876312718786465,0.881201044386423,0.15825741629860787,36,0.5518671274185181,3
0.8339110946737396,0.8713877605654814,0.8281345565749235,0.7732041969330105,0.7790563866513234,0.8838120104438643,0.15811242523919872,37,0.5437167286872864,3
0.8361715399179727,0.8735527740997948,0.8314745972738538,0.7804681194511703,0.7912735849056604,0.8759791122715405,0.15571791381825176,38,0.5550440549850464,3
0.8383629850021252,0.8756987802153686,0.8287841191066998,0.7772397094430993,0.789598108747045,0.8720626631853786,0.15456745511906375,39,0.5461807250976562,3
0.8410788313028887,0.8768782017945174,0.8302583025830258,0.7772397094430993,0.7848837209302325,0.881201044386423,0.15395637446042218,40,0.5442599058151245,3
0.8434137967200084,0.8781660265944635,0.8272058823529411,0.7723970944309927,0.7794457274826789,0.881201044386423,0.15361206149092607,41,0.5330711603164673,3
0.8449318002417765,0.8782800537432252,0.8265368228849665,0.7699757869249395,0.774230330672748,0.8864229765013055,0.15387434683427503,42,0.5382125973701477,3
0.8458757224316761,0.8790576094172058,0.8276283618581907,0.7723970944309927,0.7781609195402299,0.8838120104438643,0.15245679311031196,43,0.5234827399253845,3
0.8463808036034643,0.8793898693853794,0.8292985723153321,0.778046811945117,0.7905325443786982,0.8720626631853786,0.1509798577920977,44,0.5230341553688049,3
0.8456425018906043,0.8785424163470507,0.8308270676691729,0.7820823244552058,0.7987951807228916,0.8655352480417755,0.15077537078988124,45,0.5247282981872559,3
0.8440623982247638,0.8750126524581673,0.8332292317301686,0.784503631961259,0.7988023952095809,0.8707571801566579,0.1512718121905808,46,0.5174845457077026,3
0.8445757594157619,0.8758750413061486,0.8326073428749222,0.7828894269572235,0.7954815695600476,0.8733681462140992,0.15140739091441252,47,0.513485848903656,3
0.8493146904100818,0.8808832739858805,0.835820895522388,0.7869249394673123,0.7980997624703088,0.8772845953002611,0.1496658764157392,48,0.5119942426681519,3
0.8544510623264645,0.8880574390017433,0.8312182741116751,0.7853107344632768,0.808641975308642,0.8550913838120104,0.14795280671466438,49,0.5036493539810181,3
0.8511059345657683,0.8833904881764236,0.8350578210590384,0.7812752219531881,0.7822120866590649,0.8955613577023499,0.15358052516018203,50,0.5091274976730347,3
0.8573932291522917,0.891848233978371,0.8345864661654135,0.7869249394673123,0.8024096385542169,0.8694516971279374,0.14738303745669434,51,0.49982908368110657,3
0.8569019480125194,0.8914704107801225,0.8360450563204005,0.7885391444713479,0.8028846153846154,0.8720626631853786,0.1477732839227124,52,0.4950408935546875,3
0.8527784984461164,0.8869431266746453,0.8324125230202578,0.7796610169491526,0.7856315179606026,0.8851174934725848,0.15150959509516498,53,0.4906448423862457,3
0.854649782787496,0.8901946134854666,0.8313479623824451,0.7828894269572235,0.7997587454764777,0.8655352480417755,0.1490752824603174,54,0.48887452483177185,3
0.8547657030564312,0.8911540463371339,0.831858407079646,0.7853107344632768,0.8063725490196079,0.8590078328981723,0.14865567272633293,55,0.4852581322193146,3
0.8513681351740736,0.8856024093019453,0.8364312267657993,0.7869249394673123,0.7959905660377359,0.881201044386423,0.15115118428768534,56,0.4780932366847992,3
0.85277297843331,0.8867345074758729,0.8353162179085786,0.7877320419693301,0.802647412755716,0.8707571801566579,0.1492603324040452,57,0.4756655693054199,3
0.8575174294404362,0.8927919906480121,0.8377504848093084,0.7974172719935432,0.8297055057618438,0.8459530026109661,0.1463591626172165,58,0.4767705500125885,3
0.851359855154864,0.8848923162220987,0.8375855631611698,0.7893462469733656,0.8002378121284186,0.8785900783289817,0.1492215060419006,59,0.4694714844226837,3
0.8537624407288626,0.8871013591545414,0.8403990024937655,0.7933817594834544,0.8042959427207638,0.8798955613577023,0.148549106788672,60,0.46033889055252075,3
0.8620797200249504,0.8973544167218066,0.8411575562700965,0.8006456820016142,0.8288973384030418,0.8537859007832899,0.14491355428074515,61,0.4557245969772339,3
0.8593666337305903,0.8931911822784747,0.8418461538461538,0.7925746569814366,0.7962747380675204,0.8929503916449086,0.15055686979322896,62,0.4540957510471344,3
0.8628663218498667,0.89741382704861,0.8405977584059776,0.7933817594834544,0.8035714285714286,0.881201044386423,0.14826523088692717,63,0.4513000249862671,3
0.8660513692391766,0.9015281723940789,0.8408945686900958,0.7990314769975787,0.8235294117647058,0.8590078328981723,0.1447350622974083,64,0.4430500864982605,3
0.8646658460247627,0.8998994362177466,0.8361075544174136,0.7933817594834544,0.8203517587939698,0.8524804177545692,0.14524200394735118,65,0.4394688904285431,3
0.8491656500643081,0.8819534622677141,0.8425531914893617,0.7909604519774012,0.78839590443686,0.9046997389033943,0.1590209191429236,66,0.4433452785015106,3
0.8638792441998465,0.8994992581433272,0.8366688185926404,0.7958030669895076,0.8275862068965517,0.8459530026109661,0.1450513759742528,67,0.4444725513458252,3
0.8661866095529343,0.9053328303525505,0.8224932249322493,0.7885391444713479,0.8549295774647887,0.7924281984334204,0.14841103682289813,68,0.43313467502593994,3
0.8652509673822443,0.9004349502622624,0.8421052631578947,0.7990314769975787,0.8187422934648582,0.8668407310704961,0.14535713177551232,69,0.44609135389328003,3
0.8541336615900947,0.8858945486040455,0.8452739313666466,0.7925746569814366,0.7843575418994413,0.9164490861618799,0.15953240988762693,70,0.4228900671005249,3
0.8707834002174885,0.9054339630920218,0.8445859872611465,0.8030669895076675,0.8246268656716418,0.8655352480417755,0.14412105006666,71,0.4393734335899353,3
0.8737159070209044,0.9098658356317494,0.8395061728395061,0.8006456820016142,0.8357050452781372,0.8433420365535248,0.1410232936252801,72,0.42032140493392944,3
0.8716100221352514,0.9060528376658921,0.841502227880331,0.7990314769975787,0.8211180124223603,0.8629242819843342,0.14256996508075614,73,0.4255887269973755,3
0.8695731374096787,0.9038813762851863,0.8423707440100883,0.7982243744955609,0.8146341463414634,0.8720626631853786,0.14625036921590076,74,0.40996578335762024,3
0.8717894225514604,0.9061185934320583,0.8451242829827916,0.8038740920096852,0.825653798256538,0.8655352480417755,0.14357269387626,75,0.409275621175766,3
0.8721206233198461,0.9076640692167698,0.8463541666666666,0.8095238095238095,0.8441558441558441,0.8485639686684073,0.1411194068210168,76,0.41360166668891907,3
0.8745908290507236,0.9109241265938249,0.8370860927152318,0.801452784503632,0.8494623655913979,0.825065274151436,0.140042468412697,77,0.40841954946517944,3
0.873776627161775,0.9072318518774182,0.8463989802421925,0.8054882970137207,0.8268991282689913,0.8668407310704961,0.14142757630308755,78,0.4060695469379425,3
0.8648397264281653,0.8951826403801568,0.8471454880294659,0.7990314769975787,0.7995365005793743,0.9007832898172323,0.15261147823540944,79,0.4001552164554596,3
0.8746018690763362,0.9079723837843683,0.8461051298290057,0.8038740920096852,0.8216482164821648,0.8720626631853786,0.14257705116893885,80,0.40895092487335205,3
0.8773867155371802,0.9140481612436221,0.8364611260053619,0.8030669895076675,0.859504132231405,0.814621409921671,0.14027347607766327,81,0.39416539669036865,3
0.8736413868480174,0.9093426915158543,0.8391699092088197,0.7998385794995965,0.8337628865979382,0.8446475195822454,0.14149362549162536,82,0.4076911509037018,3
0.8662473296938048,0.9009001590884917,0.8432229856339788,0.7974172719935432,0.8083832335329342,0.881201044386423,0.14862161196103946,83,0.3899539113044739,3
0.8673044121462361,0.9024649786754532,0.8435544430538173,0.7982243744955609,0.8100961538461539,0.8798955613577023,0.1488267822839584,84,0.39167484641075134,3
0.8765835536738446,0.9112568284205744,0.8326745718050066,0.7949959644874899,0.8404255319148937,0.825065274151436,0.1399098770048495,85,0.3936114013195038,3
0.8739008274499196,0.9091001520788456,0.8410725964682799,0.8038740920096852,0.8427260812581914,0.839425587467363,0.13994631958236953,86,0.383938729763031,3
0.873365386207696,0.9061171244195184,0.8470290771175727,0.804681194511703,0.821078431372549,0.8746736292428199,0.14295871978022925,87,0.3882507383823395,3
0.8763434331167648,0.9085983577804645,0.8428303068252975,0.7974172719935432,0.8098676293622142,0.8785900783289817,0.14526515897859155,88,0.3819020390510559,3
0.8802295221324914,0.914413992925001,0.8470889315419066,0.8071025020177562,0.8306148055207027,0.8642297650130548,0.14108516098858387,89,0.38346394896507263,3
0.8812590045208906,0.9176362350421933,0.8449967298888162,0.8087167070217918,0.8466579292267365,0.8433420365535248,0.1405585797484011,90,0.3677029311656952,3
0.8819490061216942,0.9189844337383566,0.8429319371727748,0.8062953995157385,0.8451443569553806,0.8407310704960835,0.14102441326910578,91,0.3725418448448181,3
0.8815405251740184,0.9180861003935802,0.8423772609819121,0.8030669895076675,0.8337595907928389,0.8511749347258486,0.14259108720701758,92,0.3743444085121155,3
0.8776709961967111,0.9149522576634032,0.8439897698209718,0.8030669895076675,0.8270676691729323,0.8616187989556136,0.14451684762959155,93,0.36722904443740845,3
0.877797956491259,0.9165105203210109,0.8436080467229072,0.8054882970137207,0.8387096774193549,0.8485639686684073,0.14402309345406236,94,0.3677642345428467,3
0.8767877941476825,0.915204283051134,0.8431245965138799,0.8038740920096852,0.8339719029374202,0.8524804177545692,0.14535341184575143,95,0.35221096873283386,3
0.8707489001374482,0.9079774746778132,0.8406524466750314,0.7949959644874899,0.8091787439613527,0.8746736292428199,0.1502100502047931,96,0.3754091262817383,3
0.8754050309396718,0.913005478280119,0.8376288659793815,0.7966101694915254,0.8269720101781171,0.8485639686684073,0.14427508499536304,97,0.3675229847431183,3
0.8755568312918487,0.9134320287283413,0.8403141361256544,0.8030669895076675,0.84251968503937,0.8381201044386423,0.14284319527685285,98,0.3538358509540558,3
0.8760812325084595,0.9129298381796978,0.8396651641983258,0.7990314769975787,0.8284625158831004,0.8511749347258486,0.14443011146767465,99,0.3582952618598938,3
0.8782160974613461,0.9156592265145314,0.8396946564885496,0.7966101694915254,0.8188585607940446,0.8616187989556136,0.14843544026459668,100,0.3562752604484558,3
0.8790979195071733,0.9176989935838751,0.8401826484018264,0.8022598870056498,0.8396349413298566,0.8407310704960835,0.14353355827273506,101,0.353698194026947,3
0.8767988341732953,0.9171463145191825,0.8408057179987004,0.8022598870056498,0.8369987063389392,0.8446475195822454,0.14388335589057835,102,0.3486713767051697,3
0.8829895285357061,0.9198122900358655,0.8423076923076923,0.801452784503632,0.827455919395466,0.8577023498694517,0.1437483069377053,103,0.3536165952682495,3
0.8848552928642794,0.920524839768902,0.8448717948717949,0.804681194511703,0.8299748110831234,0.860313315926893,0.14459970619565907,104,0.3499043881893158,3
0.8848801329219084,0.9222731326140599,0.8406557377049181,0.8038740920096852,0.8445322793148881,0.8368146214099217,0.14155236413028463,105,0.3520338535308838,3
0.8779718368946616,0.9188728275185964,0.8372703412073491,0.7998385794995965,0.841688654353562,0.8328981723237598,0.1440562968237254,106,0.3436366617679596,3
0.8744969888330141,0.9160994213648721,0.8369070825211176,0.7974172719935432,0.833117723156533,0.8407310704960835,0.14657887269269707,107,0.3381456732749939,3
0.8785900783289817,0.9178308533276803,0.8377504848093084,0.7974172719935432,0.8297055057618438,0.8459530026109661,0.14671043842067671,108,0.3481491506099701,3
0.8760260323803952,0.9142363251183168,0.8390804597701149,0.7966101694915254,0.82125,0.8577023498694517,0.14907747218555664,109,0.3423854410648346,3
0.878170557355693,0.9156623293520536,0.8374836173001311,0.7998385794995965,0.8407894736842105,0.8342036553524804,0.1432260670617207,110,0.34004759788513184,3
0.8742085681638783,0.91260181488916,0.8403908794788274,0.8022598870056498,0.8387516254876463,0.8420365535248042,0.14328837491960975,111,0.33493831753730774,3
0.8758604319962022,0.9128540822600462,0.8463022508038586,0.8071025020177562,0.8339670468948035,0.8590078328981723,0.1438040750952782,112,0.3371570408344269,3
0.8799452414729603,0.9171270278211794,0.8411575562700965,0.8006456820016142,0.8288973384030418,0.8537859007832899,0.14764488123329308,113,0.335954487323761,3
0.8771355549544875,0.9150298961494634,0.8408370323398858,0.7974172719935432,0.8175092478421702,0.8655352480417755,0.15205821723583657,114,0.3244672119617462,3
0.8744362686921434,0.9121262760171938,0.8433734939759037,0.8006456820016142,0.8199753390875463,0.8681462140992167,0.14878120328354982,115,0.3445766270160675,3
0.871656942244106,0.9128503605764398,0.8402597402597403,0.801452784503632,0.8359173126614987,0.8446475195822454,0.1455151317286015,116,0.32451122999191284,3
0.8766470338211183,0.9153848414610447,0.8378557246856386,0.8022598870056498,0.8496644295302014,0.8263707571801566,0.1413309814549948,117,0.33802953362464905,3
0.8756893115992029,0.9119014481717322,0.839240506329114,0.7949959644874899,0.8144963144963145,0.8655352480417755,0.15037138191066068,118,0.32273682951927185,3
0.8742292682119024,0.9098739145194585,0.8403256105197244,0.7941888619854721,0.8074608904933814,0.8759791122715405,0.15353341417662525,119,0.31910067796707153,3
0.8764124332768453,0.9134092045896638,0.8456464379947229,0.8111380145278451,0.8546666666666667,0.8368146214099217,0.14150639099187082,120,0.3242831826210022,3
0.8727692248246017,0.9102413678393051,0.8400796284007963,0.8054882970137207,0.854251012145749,0.8263707571801566,0.14299540985014794,121,0.3202953338623047,3
0.8706854199901743,0.9069768851310575,0.8380829015544041,0.7982243744955609,0.8316195372750642,0.8446475195822454,0.14665304431947543,122,0.3179650902748108,3
0.8680606539007172,0.9035320269785798,0.8359923420548819,0.7925746569814366,0.8177278401997503,0.8550913838120104,0.1511362989418487,123,0.3146142363548279,3
0.8685602150596989,0.9041012888580622,0.8374193548387097,0.7966101694915254,0.8278061224489796,0.8472584856396866,0.1505469373105006,124,0.31854918599128723,3
0.8747619494477227,0.9137689841679855,0.8344459279038718,0.7998385794995965,0.8538251366120219,0.8159268929503917,0.14595881190621257,125,0.3232005536556244,3
0.8698739781076292,0.9089795679943125,0.8416938110749186,0.8038740920096852,0.8400520156046815,0.8433420365535248,0.14651721997691564,126,0.3172984719276428,3
0.8703266191577566,0.9082007988657332,0.8347934918648311,0.7869249394673123,0.8016826923076923,0.8707571801566579,0.15105542481757533,127,0.3135148882865906,3
0.8798845213320895,0.9195287489091271,0.8401048492791612,0.8030669895076675,0.843421052631579,0.8368146214099217,0.14504194871926923,128,0.30733931064605713,3
0.8824333872454585,0.922360258239393,0.8403693931398417,0.804681194511703,0.8493333333333334,0.8315926892950392,0.1445337755278822,129,0.30977386236190796,3
0.8779442368306293,0.9177712872181365,0.8389560789306174,0.7958030669895076,0.8186335403726708,0.860313315926893,0.15098243141574375,130,0.3161163926124573,3
0.8716238221672674,0.912183020333344,0.8403465346534653,0.7917675544794189,0.7988235294117647,0.8864229765013055,0.15868466308165047,131,0.2944442331790924,3
0.8775219558509375,0.9182065016670669,0.8442146089204913,0.8054882970137207,0.8361075544174136,0.8524804177545692,0.14440724214985565,132,0.3284114599227905,3
0.8855646145099056,0.9249483912421976,0.8440860215053764,0.8127522195318806,0.8698060941828255,0.8198433420365535,0.13976752793249683,133,0.315281480550766,3
0.8840162509177022,0.9217225137897226,0.844905905256327,0.8071025020177562,0.84,0.8498694516971279,0.14452736834111074,134,0.3175773024559021,3
0.8784989981176756,0.9159121398335917,0.8403256105197244,0.7941888619854721,0.8074608904933814,0.8759791122715405,0.15420535288635265,135,0.3031538426876068,3
0.8788936790333353,0.9178533047928692,0.8493324856961221,0.8087167070217918,0.8277571251548946,0.8720626631853786,0.14761413058611936,136,0.30229994654655457,3
0.8785928383353849,0.9199419961033154,0.8450331125827815,0.8111380145278451,0.8575268817204301,0.8328981723237598,0.14336647805369915,137,0.30425041913986206,3
0.8805910829713125,0.9219688727901304,0.8413978494623656,0.8095238095238095,0.8670360110803325,0.8172323759791122,0.14264014605987813,138,0.3029572367668152,3
0.8761667927069591,0.9136701166839843,0.84,0.7998385794995965,0.8303571428571429,0.8498694516971279,0.14696720316004572,139,0.30536073446273804,3
0.8658471287653388,0.9011620083213197,0.838107098381071,0.7901533494753834,0.8011904761904762,0.8785900783289817,0.1596478699876776,140,0.2994043827056885,3
0.8676135328633962,0.9065492614113371,0.8342857142857143,0.7893462469733656,0.8121137206427689,0.8577023498694517,0.1554030715595758,141,0.3191719651222229,3
0.8697856579027266,0.9154915210973482,0.8355795148247979,0.8030669895076675,0.8635097493036211,0.8093994778067886,0.14962278772077783,142,0.30427131056785583,3
0.8663163298538852,0.9126361879924799,0.8306233062330624,0.7982243744955609,0.8633802816901408,0.8002610966057441,0.151306357831883,143,0.29549694061279297,3
0.8675610927417351,0.9093421246797463,0.8418300653594771,0.804681194511703,0.8429319371727748,0.8407310704960835,0.15023537572555676,144,0.31346163153648376,3
0.8677349731451378,0.9038187486369789,0.8336472065285625,0.7861178369652946,0.8029020556227328,0.8668407310704961,0.1591164349410064,145,0.29430124163627625,3
0.8718391026667183,0.9080003603977119,0.8368253968253968,0.7925746569814366,0.8145859085290482,0.860313315926893,0.1537811228659907,146,0.29501524567604065,3
0.8785817983097721,0.9161936309768822,0.8452929558920342,0.8103309120258273,0.852589641434263,0.8381201044386423,0.1442807252503074,147,0.28919634222984314,3
0.8806186830353446,0.9194715814798963,0.8410462776659959,0.8087167070217918,0.8648275862068966,0.8185378590078329,0.14283101629788714,148,0.2817339599132538,3
0.8793435600770595,0.9187895747460997,0.8423841059602649,0.807909604519774,0.8548387096774194,0.8302872062663186,0.14511863734993255,149,0.29155272245407104,3
0.8767850341412792,0.9161254683105207,0.841833440929632,0.8022598870056498,0.8326947637292464,0.8511749347258486,0.14880500219320228,150,0.2791438400745392,3
0.8762026727902008,0.9146178554019795,0.8402291534054742,0.7974172719935432,0.8198757763975155,0.8616187989556136,0.15104768092091614,151,0.2862876057624817,3
0.878824678873255,0.9182911034969499,0.8425096030729834,0.801452784503632,0.8266331658291457,0.8590078328981723,0.14808469150640677,152,0.2791471779346466,3
0.8790813594687539,0.9219329629983406,0.8439763001974984,0.8087167070217918,0.851261620185923,0.8368146214099217,0.14588301946343218,153,0.281999409198761,3
0.8784603580280308,0.9222426924678888,0.8416938110749186,0.8038740920096852,0.8400520156046815,0.8433420365535248,0.1489635833625914,154,0.28270217776298523,3
0.8760812325084595,0.9197332910543863,0.840025493945188,0.7974172719935432,0.8206724782067247,0.860313315926893,0.15371674556713047,155,0.2747933268547058,3
0.8747978295309645,0.9183780421406572,0.839458413926499,0.7990314769975787,0.8292993630573249,0.8498694516971279,0.15204966584100335,156,0.27561742067337036,3
0.8740678078373142,0.9171744347405204,0.8408057179987004,0.8022598870056498,0.8369987063389392,0.8446475195822454,0.15070656303291238,157,0.2779842019081116,3
0.8725235842547154,0.915293838994115,0.8388780169602087,0.8006456820016142,0.8383311603650587,0.839425587467363,0.15211979003115242,158,0.2652713656425476,3
0.8712926213988816,0.913386201823676,0.8320413436692506,0.7901533494753834,0.8235294117647058,0.8407310704960835,0.1557889431821739,159,0.26516085863113403,3
0.8705446596636104,0.9127663843853019,0.8315182575272262,0.7877320419693301,0.8163522012578617,0.8472584856396866,0.15901401478846455,160,0.26567089557647705,3
0.8702603790040794,0.9147806045337118,0.8336569579288026,0.7925746569814366,0.8267008985879333,0.8407310704960835,0.15600581995597562,161,0.26936787366867065,3
0.8719605429484596,0.9176796675905157,0.8366948601171112,0.7974172719935432,0.833981841763943,0.839425587467363,0.15412959871190046,162,0.2710665166378021,3
0.875109710254528,0.9200122695102365,0.8382066276803118,0.7990314769975787,0.8344113842173351,0.8420365535248042,0.15315104433554794,163,0.2643944025039673,3
0.8782643975734024,0.9219366884084019,0.8416938110749186,0.8038740920096852,0.8400520156046815,0.8433420365535248,0.1508631826662718,164,0.25817736983299255,3
0.8809912838997787,0.924150594200525,0.84375,0.8062953995157385,0.8415584415584415,0.8459530026109661,0.14743202316427692,165,0.26608482003211975,3
0.8808450035604084,0.9234924043808375,0.8504854368932039,0.8135593220338984,0.8433889602053916,0.8577023498694517,0.14553328120876227,166,0.269050270318985,3
0.8790868794815604,0.9206553674183162,0.8496143958868895,0.8111380145278451,0.8367088607594937,0.8629242819843342,0.14729203766673693,167,0.26580965518951416,3
0.877938716817823,0.9194759372948406,0.8450704225352113,0.804681194511703,0.8291457286432161,0.8616187989556136,0.15067258089259272,168,0.26214027404785156,3
0.4413396837703874,0.5877051725951234,0.7665505226480837,0.6214689265536724,0.6214689265536724,1.0,0.24399011177831892,0,0.7061328887939453,4
0.4893777863927118,0.6125030017497701,0.7665505226480837,0.6214689265536724,0.6214689265536724,1.0,0.24516633086733414,1,0.6817709803581238,4
0.5215559493811093,0.6313000429616392,0.7665505226480837,0.6214689265536724,0.6214689265536724,1.0,0.2392323004309287,2,0.688169538974762,4
0.5439204718522416,0.6476444064529283,0.7665505226480837,0.6214689265536724,0.6214689265536724,1.0,0.23585931260334322,3,0.6804627776145935,4
0.5591947498130867,0.6581828135306975,0.7665505226480837,0.6214689265536724,0.6214689265536724,1.0,0.23419736707592398,4,0.6710021495819092,4
0.5666878963254229,0.6624923286268908,0.7665505226480837,0.6214689265536724,0.6214689265536724,1.0,0.23423805248184185,5,0.6739677786827087,4
0.5698889596544181,0.6651104093577123,0.7665505226480837,0.6214689265536724,0.6214689265536724,1.0,0.23497974859952403,6,0.6692610383033752,4
0.5732990889707308,0.6701250904397287,0.7665505226480837,0.6214689265536724,0.6214689265536724,1.0,0.23591046700200063,7,0.6669520139694214,4
0.5774651787444964,0.6751266302156282,0.7665505226480837,0.6214689265536724,0.6214689265536724,1.0,0.23635202724987606,8,0.6600124835968018,4
0.5831833411790768,0.6821522248795239,0.7665505226480837,0.6214689265536724,0.6214689265536724,1.0,0.2358105251423495,9,0.6608369946479797,4
0.5898706836873149,0.6896307105391185,0.7665505226480837,0.6214689265536724,0.6214689265536724,1.0,0.23445163879876169,10,0.6575890779495239,4
0.5976075097610278,0.69751694130165,0.7670822942643392,0.6230831315577078,0.622672064777328,0.9987012987012988,0.2322722857415106,11,0.6557009816169739,4
0.6062609032758286,0.7053529353435878,0.7700859019706923,0.632768361581921,0.630272952853598,0.9896103896103896,0.22966347898430567,12,0.6524550318717957,4
0.6148229169551132,0.7128044804238012,0.7752983912817851,0.6505246166263116,0.6456352636127917,0.9701298701298702,0.22720416196612925,13,0.645866334438324,4
0.6219726968127821,0.7184390454107321,0.7687366167023555,0.6513317191283293,0.6539162112932605,0.9324675324675324,0.2253030651101534,14,0.6415066123008728,4
0.6287957245313323,0.7235519622034332,0.7619047619047619,0.648910411622276,0.6584673604541155,0.9038961038961039,0.22446897272030605,15,0.630142331123352,4
0.6363193309888406,0.7275122526257467,0.7524972253052165,0.6400322841000807,0.6569767441860465,0.8805194805194805,0.22464339121128504,16,0.6309011578559875,4
0.644441060006092,0.7335830482399524,0.7521079258010118,0.6440677966101694,0.6630327056491576,0.8688311688311688,0.22567190215130753,17,0.6237096190452576,4
0.6521640406501814,0.7385548946252938,0.7494305239179955,0.6448748991121872,0.6673427991886409,0.8545454545454545,0.22689745196105102,18,0.6231403350830078,4
0.659759643341733,0.7441170346602479,0.7491369390103567,0.6481033091202583,0.6725206611570248,0.8454545454545455,0.2276639993027211,19,0.6101169586181641,4
0.666413756818874,0.7477148682696584,0.7511627906976744,0.6545601291364003,0.68,0.8389610389610389,0.22759740368228376,20,0.6077833771705627,4
0.6737656799490489,0.7490287755925784,0.752046783625731,0.6577885391444713,0.6840425531914893,0.8350649350649351,0.22587428710361285,21,0.6059663891792297,4
0.6822058538476449,0.7547551148730101,0.7576112412177985,0.6658595641646489,0.6897654584221748,0.8402597402597403,0.22239364204510012,22,0.6049240827560425,4
0.6913549137429735,0.7598591433951595,0.7578448786264061,0.6698950766747377,0.6964091403699674,0.8311688311688312,0.2177167355640906,23,0.5990545153617859,4
0.701846980311799,0.7672466968733522,0.7623100303951368,0.6844229217110573,0.7165714285714285,0.8142857142857143,0.21216937184021267,24,0.5913951396942139,4
0.7116689280868385,0.7748804529474186,0.765,0.6965294592413237,0.7373493975903614,0.7948051948051948,0.20714160722032568,25,0.5851808786392212,4
0.7212471963005013,0.7823008831578195,0.7738317757009345,0.7070217917675545,0.7437125748502994,0.8064935064935065,0.2023516290617782,26,0.5776495933532715,4
0.7297455210035169,0.789595558769986,0.7833537331701347,0.7142857142857143,0.7407407407407407,0.8311688311688312,0.19817519996069147,27,0.5749107003211975,4
0.7367070030183036,0.7963784835244775,0.7893175074183977,0.7134786117836965,0.726775956284153,0.8636363636363636,0.19577298337898777,28,0.5689138174057007,4
0.7415473652147425,0.8015721205347075,0.7940652818991097,0.7199354317998385,0.7311475409836066,0.8688311688311688,0.1939951028149546,29,0.5674743056297302,4
0.7443884473735219,0.8049895909762856,0.7956600361663653,0.7263922518159807,0.7424071991001124,0.8571428571428571,0.19248874376084882,30,0.5621092319488525,4
0.7464126491845042,0.8084153925027102,0.7940630797773655,0.7312348668280871,0.7579693034238488,0.8337662337662337,0.19232270696923567,31,0.557738184928894,4
0.7498629302467256,0.8128361062631251,0.7943174799258802,0.7312348668280871,0.7573616018845701,0.8350649350649351,0.19174278159760524,32,0.544429361820221,4
0.7557943122975106,0.8178369883680949,0.8058076225045372,0.7409200968523002,0.7542468856172141,0.8649350649350649,0.19088181582380376,33,0.5367465615272522,4
0.7594301221166893,0.8209810571395368,0.8031591737545565,0.738498789346247,0.7545662100456622,0.8584415584415584,0.1896623568626465,34,0.5360025763511658,4
0.7604325312214437,0.8227957713692933,0.7972636815920398,0.7368845843422115,0.7649164677804295,0.8324675324675325,0.18963827431725555,35,0.5282895565032959,4
0.7621410572370062,0.8244862314497328,0.7929736511919699,0.7336561743341404,0.7669902912621359,0.8207792207792208,0.18988881892307355,36,0.5291915535926819,4
0.7681804336388558,0.826800612656932,0.8061728395061728,0.7465698143664246,0.768235294117647,0.8480519480519481,0.18710005478996253,37,0.5249240398406982,4
0.7722122227452717,0.8293620458505401,0.8080684596577017,0.7465698143664246,0.7632794457274826,0.8584415584415584,0.18580319766891837,38,0.5227084755897522,4
0.7718633179187551,0.8317243181413687,0.799249530956848,0.7409200968523002,0.7708082026537998,0.8298701298701299,0.18635279940495408,39,0.5139171481132507,4
0.7767770608921994,0.8358792567129025,0.8064516129032258,0.7481840193704601,0.7719714964370546,0.8441558441558441,0.18458270150186154,40,0.51204913854599,4
0.7816935729515686,0.8399838550097845,0.809085328422345,0.7489911218724778,0.7671711292200233,0.8558441558441559,0.18360074561543258,41,0.5030295252799988,4
0.7782931354359925,0.8388673666997487,0.795425667090216,0.7401129943502824,0.7786069651741293,0.812987012987013,0.18524236197902375,42,0.5050764083862305,4
0.7857890510342536,0.8431798274270814,0.8091133004926109,0.7497982243744956,0.7693208430913349,0.8532467532467533,0.18168302977972456,43,0.501606285572052,4
0.788167695843602,0.844705768585363,0.8084054388133498,0.7497982243744956,0.7712264150943396,0.8493506493506493,0.1808092523050537,44,0.49765729904174805,4
0.7889485780743777,0.8448900748372433,0.8056930693069307,0.7465698143664246,0.7695035460992907,0.8454545454545455,0.18071651204214828,45,0.48820194602012634,4
0.7920444161382327,0.8467768683791015,0.8083795440542206,0.7489911218724778,0.7690504103165299,0.8519480519480519,0.18020003412172378,46,0.4846402108669281,4
0.7936809459197519,0.8476791873863033,0.8079552517091361,0.7506053268765133,0.7747318235995232,0.8441558441558441,0.17958223208070292,47,0.48778778314590454,4
0.7953867028493895,0.8483438830968959,0.8079800498753117,0.751412429378531,0.7769784172661871,0.8415584415584415,0.17910430450401088,48,0.4777691662311554,4
0.7971007670368012,0.848628737125967,0.8089330024813896,0.751412429378531,0.7743467933491687,0.8467532467532467,0.1785667935014805,49,0.4759446382522583,4
0.8017611386481323,0.8508832810730073,0.8219674109837055,0.7619047619047619,0.7677564825253664,0.8844155844155844,0.17957645020719087,50,0.4645346999168396,4
0.799916927422258,0.8508627577807328,0.811844540407156,0.7538337368845843,0.7732079905992949,0.8545454545454545,0.1789844604546882,51,0.4673958718776703,4
0.8030487636031345,0.85235247759607,0.8155339805825242,0.7546408393866021,0.765375854214123,0.8727272727272727,0.17993038753879995,52,0.4610370993614197,4
0.8019355910613907,0.851986840142657,0.8103448275862069,0.751412429378531,0.7704918032786885,0.8545454545454545,0.17956793974615362,53,0.4542936086654663,4
0.8044139229640297,0.8538319140018451,0.8171779141104294,0.7594834543987087,0.7744186046511627,0.8649350649350649,0.1789637164064204,54,0.44671183824539185,4
0.8065931935867969,0.8550719616065554,0.8207317073170731,0.7627118644067796,0.7735632183908046,0.874025974025974,0.17911563697068325,55,0.43771710991859436,4
0.8091795198405006,0.8582143971783115,0.8186846957590658,0.7619047619047619,0.7771295215869312,0.8649350649350649,0.17789346786756313,56,0.43860211968421936,4
0.8089607620524465,0.8608262927632722,0.8058191018342821,0.7522195318805488,0.7854500616522812,0.8272727272727273,0.17739389525792526,57,0.4383511543273926,4
0.8127876388004319,0.8621187514789046,0.825698988697204,0.7635189669087974,0.7618002195389681,0.9012987012987013,0.18151836302998148,58,0.44311439990997314,4
0.8103909949325727,0.8603602147225053,0.8133738601823708,0.7522195318805488,0.7645714285714286,0.8688311688311688,0.18048318233314908,59,0.428611159324646,4
0.805615706255365,0.8583257701611333,0.8032479700187383,0.7457627118644068,0.7737665463297232,0.8350649350649351,0.18110878522808027,60,0.4251725971698761,4
0.8110265001522996,0.8616202387167313,0.8207317073170731,0.7627118644067796,0.7735632183908046,0.874025974025974,0.18185124702471867,61,0.42698076367378235,4
0.8149779857668982,0.8630017748906117,0.8274626865671642,0.7667473769168685,0.7657458563535912,0.9,0.18196998015377874,62,0.4171306788921356,4
0.8117326170631076,0.8611939167970876,0.812773951158422,0.7586763518966909,0.7847642079806529,0.8428571428571429,0.1795058960923901,63,0.42991140484809875,4
0.8132916124387339,0.860688268422171,0.8144458281444583,0.7594834543987087,0.7822966507177034,0.8493506493506493,0.1790956905972142,64,0.4121265411376953,4
0.8164096031899869,0.8620117817384759,0.8248175182481752,0.7675544794188862,0.7757437070938215,0.8805194805194805,0.1800701592505485,65,0.4084579646587372,4
0.820505081272672,0.8686686616811399,0.8293269230769231,0.7707828894269573,0.7718120805369127,0.8961038961038961,0.1795740705526585,66,0.3978877067565918,4
0.819884806025531,0.8684354104682241,0.8209500609013398,0.7627118644067796,0.7729357798165137,0.8753246753246753,0.1794496700278212,67,0.4012235701084137,4
0.8221249965386426,0.8686712741322753,0.823030303030303,0.7643260694108152,0.7715909090909091,0.8818181818181818,0.1778831677255843,68,0.3968279957771301,4
0.8228283443635256,0.8685912909870285,0.8204811844540407,0.7651331719128329,0.781433607520564,0.8636363636363636,0.17541705400653268,69,0.40241798758506775,4
0.8179492149641402,0.8665694589037024,0.8040712468193384,0.751412429378531,0.7880299251870324,0.8207792207792208,0.17744451987031706,70,0.38687625527381897,4
0.8173787832636447,0.866764047672274,0.8208232445520581,0.7610976594027441,0.7687074829931972,0.8805194805194805,0.182919694180164,71,0.3971581757068634,4
0.8266261457093013,0.874852088996338,0.8266033254156769,0.7643260694108152,0.7614879649890591,0.9038961038961039,0.17905208902522654,72,0.39126265048980713,4
0.8225154376540302,0.8778718635464822,0.8167797655768044,0.7602905569007264,0.7779083431257344,0.8597402597402597,0.17562970589023913,73,0.38302457332611084,4
0.8157519452828621,0.8673760378981005,0.8136835675015271,0.7538337368845843,0.7681660899653979,0.8649350649350649,0.18438203959098493,74,0.39954429864883423,4
0.806886716694819,0.8584396932239162,0.8037151702786378,0.7441485068603713,0.7680473372781065,0.8428571428571429,0.18916371478780836,75,0.3794189989566803,4
0.8095395010107163,0.8621478823363762,0.8,0.7465698143664246,0.785,0.8155844155844156,0.1833236032817805,76,0.38457655906677246,4
0.8218176280009968,0.8749319414764978,0.81577325939618,0.7586763518966909,0.776084407971864,0.8597402597402597,0.17918023455692958,77,0.38404980301856995,4
0.8285797358292029,0.8811456364919422,0.829736211031175,0.7707828894269573,0.7706013363028953,0.8987012987012987,0.17812416603467182,78,0.3758820593357086,4
0.8278874643480187,0.8819839490860384,0.8275441803778184,0.7715899919289749,0.7795637198622273,0.8818181818181818,0.17687718696065238,79,0.38275864720344543,4
0.8204192396090051,0.8771348113438258,0.815607300188798,0.7635189669087974,0.7912087912087912,0.8415584415584415,0.18035068279482666,80,0.37453988194465637,4
0.8155068811785231,0.8713657634945234,0.8110091743119267,0.7506053268765133,0.7664739884393064,0.861038961038961,0.1886538334181117,81,0.3693307340145111,4
0.8200731038684131,0.8748738259552744,0.8106435643564357,0.7530266343825666,0.7742316784869976,0.8506493506493507,0.18338405052474693,82,0.3641951382160187,4
0.8262869326835213,0.8791394825341149,0.8185140073081608,0.7594834543987087,0.7706422018348624,0.8727272727272727,0.18116535782088736,83,0.3631576895713806,4
0.8253842106720573,0.8807698262995904,0.8207663782447466,0.7659402744148507,0.7830188679245284,0.8623376623376623,0.18041478125306162,84,0.3604273498058319,4
0.8233960069780966,0.881118204860068,0.8186335403726708,0.7643260694108152,0.7845238095238095,0.8558441558441559,0.18064040231339912,85,0.35843896865844727,4
0.8206684573422314,0.873048921007989,0.8147699757869249,0.7530266343825666,0.7630385487528345,0.874025974025974,0.18600035724911915,86,0.36645159125328064,4
0.8257386536704234,0.8784755181422245,0.8176178660049628,0.7627118644067796,0.7826603325415677,0.8558441558441559,0.17903513336009202,87,0.3620143532752991,4
0.8261595547309832,0.8825592617153257,0.8129359543436906,0.7619047619047619,0.7942998760842627,0.8324675324675325,0.1787168745036021,88,0.35256698727607727,4
0.8301691911500013,0.885111633031141,0.8159203980099502,0.7610976594027441,0.7828162291169452,0.8519480519480519,0.17804849551968274,89,0.35689055919647217,4
0.8302965691025392,0.8853257916232408,0.8165534280420013,0.7602905569007264,0.7785630153121319,0.8584415584415584,0.17910902398796444,90,0.3456677794456482,4
0.8313266690665411,0.8893469760246262,0.8118686868686869,0.7594834543987087,0.7899262899262899,0.8350649350649351,0.17709641546278487,91,0.35007524490356445,4
0.8271093512031678,0.8852642259352517,0.8124207858048162,0.7610976594027441,0.7933168316831684,0.8324675324675325,0.17910086040927845,92,0.34113800525665283,4
0.8191094619666048,0.8767485541448159,0.810777709736681,0.7506053268765133,0.7670915411355735,0.8597402597402597,0.18862126209928254,93,0.3458021581172943,4
0.8288441835350151,0.8838023876145544,0.8218844984802431,0.7635189669087974,0.7725714285714286,0.8779220779220779,0.18419688928807676,94,0.3456006348133087,4
0.8305651704372388,0.8898767874869196,0.8157248157248157,0.7578692493946732,0.7738927738927739,0.8623376623376623,0.18402167286177423,95,0.3371237814426422,4
0.8283748234707723,0.8894473993733303,0.8123425692695214,0.7594834543987087,0.7885085574572127,0.8376623376623377,0.18257461395567096,96,0.3364368975162506,4
0.8217068645640073,0.8811967207266819,0.8140394088669951,0.7562550443906376,0.7740046838407494,0.8584415584415584,0.19030529390661377,97,0.3424204885959625,4
0.8301747293218509,0.8854549014939459,0.818955042527339,0.7594834543987087,0.769406392694064,0.8753246753246753,0.18672925229514092,98,0.33741775155067444,4
0.8341871348267937,0.8896913658696894,0.8218844984802431,0.7635189669087974,0.7725714285714286,0.8779220779220779,0.18258167113658738,99,0.33312109112739563,4
0.8324370725223603,0.8895720147412676,0.8206083178150217,0.7667473769168685,0.7859690844233056,0.8584415584415584,0.1801187191743574,100,0.3242613673210144,4
0.8292775454822363,0.8849417858501321,0.8171641791044776,0.7627118644067796,0.7840095465393795,0.8532467532467533,0.18208597205659746,101,0.3230907917022705,4
0.8254451305624014,0.8809191852113474,0.8155339805825242,0.7546408393866021,0.765375854214123,0.8727272727272727,0.18958099349072224,102,0.31964415311813354,4
0.8315094287375736,0.884273480218046,0.8242351529694061,0.7635189669087974,0.7658862876254181,0.8922077922077922,0.18536431410778065,103,0.3202474117279053,4
0.8284440506188906,0.8877565440430736,0.8130489335006273,0.7594834543987087,0.7864077669902912,0.8415584415584415,0.18283697720493025,104,0.33407849073410034,4
0.8240993548029795,0.8872340681961345,0.8030788967286723,0.7522195318805488,0.7934093789607097,0.812987012987013,0.1849643114527747,105,0.32376065850257874,4
0.8223022180378257,0.8819233836284959,0.8105395232120451,0.7562550443906376,0.7839805825242718,0.8389610389610389,0.18516548337442437,106,0.32915499806404114,4
0.8232326309085372,0.8809410427461102,0.8118572292800968,0.7489911218724778,0.7599093997734995,0.8714285714285714,0.1882933777948318,107,0.31871357560157776,4
0.8220945365934705,0.88137467240922,0.8101109741060419,0.751412429378531,0.7711267605633803,0.8532467532467533,0.18730297890854397,108,0.3195034861564636,4
0.8205383103037688,0.8833547220392828,0.8084022915340547,0.7570621468926554,0.7927590511860175,0.8246753246753247,0.18744248542792433,109,0.32189443707466125,4
0.8239110569600975,0.8874873526751099,0.8048624440179143,0.7538337368845843,0.7931904161412359,0.8168831168831169,0.1880306757674901,110,0.3075367510318756,4
0.8288261844765044,0.8882186247267716,0.8171641791044776,0.7627118644067796,0.7840095465393795,0.8532467532467533,0.18785322145968344,111,0.3074512481689453,4
0.8271730401794368,0.8823336276668988,0.8202653799758746,0.7594834543987087,0.7657657657657657,0.8831168831168831,0.1904902510987729,112,0.3032320737838745,4
0.8283886689003959,0.8833969839883851,0.815136476426799,0.7594834543987087,0.7802850356294537,0.8532467532467533,0.18671462204520126,113,0.31122350692749023,4
0.8282225237449117,0.886161246367955,0.8028259473346179,0.7522195318805488,0.7941550190597204,0.8116883116883117,0.18495515563391626,114,0.30625301599502563,4
0.8316811120649072,0.8912818646494454,0.8051612903225807,0.7562550443906376,0.8,0.8103896103896104,0.18371250309693749,115,0.3007769286632538,4
0.8353501509151828,0.8928729544847995,0.8225,0.7707828894269573,0.7927710843373494,0.8545454545454545,0.1824252709168162,116,0.3002699315547943,4
0.8330933458865228,0.8890554065421008,0.8205756276791182,0.7635189669087974,0.776361529548088,0.8701298701298701,0.1866590636307948,117,0.30234819650650024,4
0.8300695040567109,0.8864891965798329,0.8165309956167814,0.7635189669087974,0.788391777509069,0.8467532467532467,0.18443879767673804,118,0.3070100247859955,4
0.8281020685071858,0.8852155111104515,0.8082901554404145,0.7610976594027441,0.8062015503875969,0.8103896103896104,0.18347453913043726,119,0.3032977283000946,4
0.8290477113504833,0.8870165265965089,0.8095545513234345,0.7619047619047619,0.8048780487804879,0.8142857142857143,0.18420497059629773,120,0.2954505383968353,4
0.8316257303464127,0.8891210078417945,0.8165829145728644,0.7643260694108152,0.7907542579075426,0.8441558441558441,0.18555775251459963,121,0.2991572320461273,4
0.8350372442056877,0.8916154666652308,0.8251833740831296,0.7691686844229217,0.7794457274826789,0.8766233766233766,0.18693359475621601,122,0.29303476214408875,4
0.8294519978954947,0.8882066014736127,0.8141702921068987,0.7586763518966909,0.7806912991656734,0.8506493506493507,0.18895875249249278,123,0.3005504310131073,4
0.82666629745521,0.8860851666086637,0.8085642317380353,0.7546408393866021,0.784841075794621,0.8337662337662337,0.18885533287954323,124,0.28856879472732544,4
0.830069504056711,0.8884468598126997,0.8148614609571788,0.7627118644067796,0.7909535452322738,0.8402597402597403,0.18608186207561128,125,0.2894057333469391,4
0.8246504029020021,0.8824593720417716,0.8108108108108109,0.7570621468926554,0.7856272838002436,0.8376623376623377,0.18875320266491463,126,0.2948598265647888,4
0.8288068008750311,0.8856612130003483,0.81411468178954,0.7619047619047619,0.7906976744186046,0.8389610389610389,0.18575628458905905,127,0.2907538115978241,4
0.8316783429789827,0.8880127603435095,0.815278647463995,0.7619047619047619,0.7871825876662636,0.8454545454545455,0.1850904276082107,128,0.28419947624206543,4
0.8329272007310388,0.8893246586586855,0.8188679245283019,0.7675544794188862,0.7939024390243903,0.8454545454545455,0.18478136474391693,129,0.2862318456172943,4
0.8331791875501897,0.8895577799128805,0.8231631382316313,0.7707828894269573,0.7906698564593302,0.8584415584415584,0.1848156427370236,130,0.28935185074806213,4
0.8342840528341593,0.8907879450579819,0.8189172370877411,0.7651331719128329,0.7861409796893668,0.8545454545454545,0.18475540349689895,131,0.2801445424556732,4
0.8333148727605018,0.8909234420422019,0.8157061431285624,0.7651331719128329,0.796044499381953,0.8363636363636363,0.18296978055928567,132,0.28540483117103577,4
0.8317891064159721,0.8896085710384938,0.8147676639083387,0.7651331719128329,0.7990012484394506,0.8311688311688312,0.183565278373102,133,0.27493274211883545,4
0.8335308614626311,0.8904383459715443,0.8178391959798995,0.7659402744148507,0.791970802919708,0.8454545454545455,0.18303588561409728,134,0.2794967293739319,4
0.8364245562539805,0.8934053510964766,0.8200734394124847,0.7627118644067796,0.7754629629629629,0.8701298701298701,0.1859326075702161,135,0.2745462954044342,4
0.8351009331819568,0.8912254722663222,0.8203853325046613,0.7667473769168685,0.7866507747318237,0.8571428571428571,0.18200177918019014,136,0.29288250207901,4
0.8232880126270319,0.8830551711514585,0.8055908513341804,0.7530266343825666,0.7885572139303483,0.8233766233766234,0.19129354658232206,137,0.27625980973243713,4
0.826572148533769,0.8875932637701405,0.8059508408796895,0.7578692493946732,0.8028350515463918,0.8090909090909091,0.18780470970417806,138,0.2892809212207794,4
0.8331473430620552,0.8941610759682611,0.8166877370417194,0.7659402744148507,0.7955665024630542,0.8389610389610389,0.1858004757705731,139,0.28265583515167236,4
0.8335751668374269,0.8889916441243599,0.8187422934648582,0.7627118644067796,0.7793427230046949,0.8623376623376623,0.1847195776631321,140,0.2787568271160126,4
0.8286489629773213,0.8823658511672131,0.8207663782447466,0.7659402744148507,0.7830188679245284,0.8623376623376623,0.18603317658273563,141,0.2822515666484833,4
0.8317309556115526,0.8869308119374989,0.8164313222079589,0.7691686844229217,0.8071065989847716,0.825974025974026,0.1816429044855035,142,0.27543386816978455,4
0.8389028881566196,0.8976114649691679,0.814526588845655,0.7691686844229217,0.8134715025906736,0.8155844155844156,0.17809456006527205,143,0.2710550129413605,4
0.8404037327278264,0.8963275198490841,0.8199871877001922,0.7732041969330105,0.809102402022756,0.8311688311688312,0.17765113153216353,144,0.2801990211009979,4
0.8310871431340514,0.8824511651725542,0.815230961298377,0.7610976594027441,0.7848557692307693,0.8480519480519481,0.18550406795036908,145,0.2746047079563141,4
0.8288691053083378,0.8793434486710678,0.8130081300813008,0.7586763518966909,0.7840772014475271,0.8441558441558441,0.1857478842957408,146,0.27729493379592896,4
0.8336527012433196,0.8866544259866243,0.8181246066708622,0.7667473769168685,0.7936507936507936,0.8441558441558441,0.1834983552902144,147,0.27248892188072205,4
0.8316811120649075,0.8874320523020516,0.8152380952380952,0.7651331719128329,0.7975155279503106,0.8337662337662337,0.18667518200108343,148,0.2707720100879669,4
0.8264281560656828,0.8858788173951245,0.8038095238095239,0.7506053268765133,0.7863354037267081,0.8220779220779221,0.19187360652316027,149,0.26023662090301514,4
0.8331764184642649,0.8904894871110828,0.8154613466334164,0.7610976594027441,0.7841726618705036,0.8493506493506493,0.18745723542068984,150,0.2711431086063385,4
0.8372442056877025,0.8920559059537603,0.823170731707317,0.7659402744148507,0.7758620689655172,0.8766233766233766,0.18440691855426752,151,0.25830313563346863,4
0.833229031096835,0.8867334422067548,0.8190240889437924,0.7635189669087974,0.7809187279151943,0.861038961038961,0.1838388073598294,152,0.2548797130584717,4
0.8221969927726858,0.8790203665039266,0.8111888111888111,0.7602905569007264,0.7945205479452054,0.8285714285714286,0.18969146660348374,153,0.2668817937374115,4
0.8212665799019743,0.8807746073124483,0.8090322580645162,0.7610976594027441,0.8038461538461539,0.8142857142857143,0.19172183886112773,154,0.25638076663017273,4
0.8339988369839115,0.8921136953607431,0.809493264913406,0.7602905569007264,0.7997465145754119,0.8194805194805195,0.18597166792300407,155,0.26691821217536926,4
0.8394774734860023,0.8952890307456467,0.8198757763975155,0.7659402744148507,0.7857142857142857,0.8571428571428571,0.18430804367829823,156,0.25111842155456543,4
0.8273405698778833,0.8827490954324564,0.8183508989460633,0.7635189669087974,0.7829181494661922,0.8571428571428571,0.19038438367816654,157,0.263803631067276,4
0.8283858998144713,0.8828725817308747,0.8170266836086404,0.7675544794188862,0.7997512437810945,0.8350649350649351,0.1861013173078441,158,0.2591377794742584,4
0.8345969595436546,0.8904428532884596,0.8154340836012862,0.768361581920904,0.8076433121019109,0.8233766233766234,0.18167866324018228,159,0.2504831850528717,4
0.8357710519757428,0.8921463903223966,0.8129032258064516,0.7659402744148507,0.8076923076923077,0.8181818181818182,0.18182869998287346,160,0.2623310387134552,4
0.8286766538365685,0.8855932589300008,0.8193224592220828,0.7675544794188862,0.7924757281553398,0.8480519480519481,0.19013688036849016,161,0.2519853711128235,4
0.8322792346246504,0.8880726683068326,0.8189172370877411,0.7651331719128329,0.7861409796893668,0.8545454545454545,0.18764460572441524,162,0.26568418741226196,4
0.8386495167945062,0.8942732808618441,0.8219005663939585,0.7715899919289749,0.7973137973137974,0.8480519480519481,0.181665354164689,163,0.2575909197330475,4
0.8402846620330631,0.8972724663081456,0.8170961659333752,0.7651331719128329,0.7917174177831913,0.8441558441558441,0.182665483753054,164,0.24671052396297455,4
0.840924320881677,0.8946242263397644,0.824572514249525,0.7764326069410815,0.8046971569839307,0.8454545454545455,0.1789090170054101,165,0.2523191273212433,4
0.8294076925206988,0.8853276328178117,0.821608040201005,0.7707828894269573,0.7956204379562044,0.8493506493506493,0.18848555248337884,166,0.2479134500026703,4
0.8318694099077895,0.8878425833414743,0.8190954773869347,0.7675544794188862,0.7931873479318735,0.8467532467532467,0.18873822769903678,167,0.24645116925239563,4
0.8442306094758121,0.900571697066104,0.8155216284987278,0.7659402744148507,0.7992518703241895,0.8324675324675325,0.18200536201107434,168,0.25098666548728943,4
0.845501619915266,0.9016969985982939,0.818976279650437,0.7659402744148507,0.7884615384615384,0.8519480519480519,0.1840237208298545,169,0.24290145933628082,4
0.84299005898153,0.8945959488935983,0.827930174563591,0.7772397094430993,0.7961630695443646,0.8623376623376623,0.18101021318776617,170,0.23865172266960144,4
0.832120012183978,0.8834631518801136,0.82625,0.7756255044390638,0.7963855421686747,0.8584415584415584,0.1859831332710935,171,0.24280644953250885,4
0.8336637775870186,0.884864537340856,0.8229299363057325,0.7756255044390638,0.8075,0.8389610389610389,0.1847996738405544,172,0.24503840506076813,4
0.8402320494004929,0.8972934571496223,0.8120678818353237,0.7586763518966909,0.7868453105968332,0.8389610389610389,0.18721563674550618,173,0.2437351644039154,4
0.8422756348129483,0.9001873080633158,0.81375,0.7594834543987087,0.7843373493975904,0.8454545454545455,0.18712215638384927,174,0.2406136393547058,4
0.841868579182012,0.8952437090405306,0.82375,0.7723970944309927,0.7939759036144578,0.8558441558441559,0.18299066145112816,175,0.2319454699754715,4
0.8344474289037189,0.88554094517505,0.827930174563591,0.7772397094430993,0.7961630695443646,0.8623376623376623,0.18734168814811936,176,0.22670789062976837,4
0.8346883393791709,0.8854503707355906,0.8250783699059561,0.774818401937046,0.7975757575757576,0.8545454545454545,0.1859464532266252,177,0.2367793619632721,4
0.8376318777171656,0.8895773953707193,0.8214511041009463,0.7715899919289749,0.7987730061349694,0.8454545454545455,0.18412074611517906,178,0.23229648172855377,4
0.8391244150305983,0.892263748755023,0.8152866242038217,0.7659402744148507,0.8,0.8311688311688312,0.18395237354977723,179,0.23354472219944,4
0.8394456289978678,0.8927921111517534,0.8167406467977172,0.7667473769168685,0.7980173482032218,0.8363636363636363,0.18404446455450418,180,0.2292068898677826,4
0.8356159831639576,0.8880256093587219,0.8161718256475048,0.7651331719128329,0.7945879458794588,0.8389610389610389,0.18774087625867047,181,0.2341894507408142,4
0.8350067842605156,0.8870568738970139,0.817546090273363,0.768361581920904,0.800747198007472,0.8350649350649351,0.18753550172882674,182,0.23033151030540466,4
0.8371251349929388,0.8902975643350277,0.818239392020266,0.768361581920904,0.7985166872682324,0.8389610389610389,0.1860615370312626,183,0.22457337379455566,4
0.8395231634037605,0.8919427617880162,0.8197130380536494,0.7667473769168685,0.7887154861944778,0.8532467532467533,0.1856510320145702,184,0.22700078785419464,4
0.8382410766206075,0.8896920454055036,0.8227927363807138,0.7715899919289749,0.7944377267230955,0.8532467532467533,0.18534831870023022,185,0.22682206332683563,4
0.8326032176778446,0.885270980552748,0.8211586901763224,0.7707828894269573,0.7970660146699267,0.8467532467532467,0.1877033181582941,186,0.2245081663131714,4
0.8331930329798134,0.8868053674719609,0.8089456869009585,0.7586763518966909,0.7962264150943397,0.8220779220779221,0.18661440285317943,187,0.22491739690303802,4
0.8380417024340265,0.8910634178013541,0.8156209987195903,0.7675544794188862,0.8042929292929293,0.8272727272727273,0.1841463880989942,188,0.2170514613389969,4
0.8389914989062112,0.8899223699075267,0.8179519595448799,0.7675544794188862,0.7967980295566502,0.8402597402597403,0.18351510036374297,189,0.22110164165496826,4
0.8350787804945587,0.8848626972426754,0.820737039350406,0.768361581920904,0.7906137184115524,0.8532467532467533,0.1872019362713775,190,0.2131546586751938,4
0.8367762301664221,0.8872704008961203,0.8227215980024969,0.7707828894269573,0.7920673076923077,0.8558441558441559,0.1861280749804936,191,0.22694166004657745,4
0.8400077534405892,0.8948010116177025,0.8143939393939394,0.7627118644067796,0.7923832923832924,0.8376623376623377,0.18574379571000785,192,0.21815980970859528,4
0.840639105031429,0.8982489743412366,0.8186462324393359,0.7707828894269573,0.8052763819095478,0.8324675324675325,0.185896976361984,193,0.2137453854084015,4
0.8405463406529504,0.89694430747859,0.8252365930599369,0.7764326069410815,0.8024539877300614,0.8493506493506493,0.18574141149798368,194,0.2146865874528885,4
0.8371611331099604,0.8896192077648302,0.8236775818639799,0.7740112994350282,0.7995110024449877,0.8493506493506493,0.1869626366942764,195,0.22405943274497986,4
0.8394885498297012,0.8909540007090317,0.8272841051314143,0.7772397094430993,0.7983091787439613,0.8584415584415584,0.18533656426676154,196,0.22115486860275269,4
0.8398748373162019,0.8910766180324031,0.8277153558052435,0.7772397094430993,0.796875,0.861038961038961,0.18483039971040816,197,0.22218865156173706,4
0.8361282640600338,0.8892407221207416,0.8179487179487179,0.7707828894269573,0.8075949367088607,0.8285714285714286,0.18604948616798664,198,0.21832828223705292,4
0.8365450114917066,0.890428975371286,0.8207426376440461,0.7740112994350282,0.8093434343434344,0.8324675324675325,0.1865931268784761,199,0.21997641026973724,4
