pair_id,group_id,enzyme_class,enz_ac,sub_ac,enz_gene,sub_gene,src,dst,edge_type,edge_label
E3|A6NLU0|P14635,E3|A6NLU0,E3,A6NLU0,P14635,RFPL4A,CCNB1,0,497,enzyme_substrate,1
E3|A6NNE9|P01730,E3|A6NNE9,E3,A6NNE9,P01730,MARCHF11,CD4,1,498,enzyme_substrate,1
E3|A8MQ27|O00548,E3|A8MQ27,E3,A8MQ27,O00548,NEURL1B,DLL1,2,499,enzyme_substrate,1
E3|A8MQ27|Q9NR61,E3|A8MQ27,E3,A8MQ27,Q9NR61,NEURL1B,DLL4,2,500,enzyme_substrate,1
E3|A8MQ27|Q9NYJ7,E3|A8MQ27,E3,A8MQ27,Q9NYJ7,NEURL1B,DLL3,2,501,enzyme_substrate,1
E3|A8MQ27|Q9UNE0,E3|A8MQ27,E3,A8MQ27,Q9UNE0,NEURL1B,EDAR,2,502,enzyme_substrate,1
E3|B3SRS0|Q14653,E3|B3SRS0,E3,B3SRS0,Q14653,,IRF3,3,503,enzyme_substrate,1
E3|O00308|O00308,E3|O00308,E3,O00308,O00308,WWP2,WWP2,4,4,enzyme_substrate,1
E3|O00308|O15105,E3|O00308,E3,O00308,O15105,WWP2,SMAD7,4,504,enzyme_substrate,1
E3|O00308|O15350,E3|O00308,E3,O00308,O15350,WWP2,TP73,4,505,enzyme_substrate,1
E3|O00308|P11161,E3|O00308,E3,O00308,P11161,WWP2,EGR2,4,506,enzyme_substrate,1
E3|O00308|P24928,E3|O00308,E3,O00308,P24928,WWP2,POLR2A,4,507,enzyme_substrate,1
E3|O00308|P49281,E3|O00308,E3,O00308,P49281,WWP2,SLC11A2,4,508,enzyme_substrate,1
E3|O00308|P60484,E3|O00308,E3,O00308,P60484,WWP2,PTEN,4,509,enzyme_substrate,1
E3|O00308|P84022,E3|O00308,E3,O00308,P84022,WWP2,SMAD3,4,510,enzyme_substrate,1
E3|O00308|Q01860,E3|O00308,E3,O00308,Q01860,WWP2,POU5F1,4,511,enzyme_substrate,1
E3|O00308|Q13950,E3|O00308,E3,O00308,Q13950,WWP2,RUNX2,4,512,enzyme_substrate,1
E3|O00308|Q8IUC6,E3|O00308,E3,O00308,Q8IUC6,WWP2,TICAM1,4,513,enzyme_substrate,1
E3|O00308|Q9H074,E3|O00308,E3,O00308,Q9H074,WWP2,PAIP1,4,514,enzyme_substrate,1
E3|O00308|Q9P2A4,E3|O00308,E3,O00308,Q9P2A4,WWP2,ABI3,4,515,enzyme_substrate,1
E3|O00308|Q9UM47,E3|O00308,E3,O00308,Q9UM47,WWP2,NOTCH3,4,516,enzyme_substrate,1
E3|O00308|Q9Y5R6,E3|O00308,E3,O00308,Q9Y5R6,WWP2,DMT1,4,517,enzyme_substrate,1
E3|O00623|P50542,E3|O00623,E3,O00623,P50542,PEX12,PEX5,5,518,enzyme_substrate,1
E3|O00635|O00635,E3|O00635,E3,O00635,O00635,TRIM38,TRIM38,6,6,enzyme_substrate,1
E3|O00635|Q9Y4K3,E3|O00635,E3,O00635,Q9Y4K3,TRIM38,TRAF6,6,407,enzyme_substrate,1
E3|O14508|O14543,E3|O14508,E3,O14508,O14543,SOCS2,SOCS3,7,9,enzyme_substrate,1
E3|O14508|O15524,E3|O14508,E3,O14508,O15524,SOCS2,SOCS1,7,16,enzyme_substrate,1
E3|O14508|P10912,E3|O14508,E3,O14508,P10912,SOCS2,GHR,7,519,enzyme_substrate,1
E3|O14512|O75553,E3|O14512,E3,O14512,O75553,SOCS7,DAB1,8,520,enzyme_substrate,1
E3|O14543|O60674,E3|O14543,E3,O14543,O60674,SOCS3,JAK2,9,521,enzyme_substrate,1
E3|O14543|P35568,E3|O14543,E3,O14543,P35568,SOCS3,IRS1,9,522,enzyme_substrate,1
E3|O14543|P40189,E3|O14543,E3,O14543,P40189,SOCS3,IL6ST,9,523,enzyme_substrate,1
E3|O14543|Q9Y286,E3|O14543,E3,O14543,Q9Y286,SOCS3,SIGLEC7,9,524,enzyme_substrate,1
E3|O14543|Q9Y4H2,E3|O14543,E3,O14543,Q9Y4H2,SOCS3,IRS2,9,525,enzyme_substrate,1
E3|O14544|P10721,E3|O14544,E3,O14544,P10721,SOCS6,KIT,10,526,enzyme_substrate,1
E3|O14965|P04179,E3|O14965,E3,O14965,P04179,AURKA,SOD2,11,527,enzyme_substrate,1
E3|O15151|P04637,E3|O15151,E3,O15151,P04637,MDM4,TP53,12,528,enzyme_substrate,1
E3|O15151|P38936,E3|O15151,E3,O15151,P38936,MDM4,CDKN1A,12,529,enzyme_substrate,1
E3|O15151|Q00987,E3|O15151,E3,O15151,Q00987,MDM4,MDM2,12,94,enzyme_substrate,1
E3|O15164|P04637,E3|O15164,E3,O15164,P04637,TRIM24,TP53,13,528,enzyme_substrate,1
E3|O15164|Q13114,E3|O15164,E3,O15164,Q13114,TRIM24,TRAF3,13,105,enzyme_substrate,1
E3|O15304|P98170,E3|O15304,E3,O15304,P98170,SIVA1,XIAP,14,93,enzyme_substrate,1
E3|O15304|Q8N726,E3|O15304,E3,O15304,Q8N726,SIVA1,CDKN2A,14,530,enzyme_substrate,1
E3|O15344|P51668,E3|O15344,E3,O15344,P51668,MID1,UBE2D1,15,531,enzyme_substrate,1
E3|O15344|P54829,E3|O15344,E3,O15344,P54829,MID1,STK36,15,532,enzyme_substrate,1
E3|O15344|P62714,E3|O15344,E3,O15344,P62714,MID1,PPP2CB,15,533,enzyme_substrate,1
E3|O15344|P67775,E3|O15344,E3,O15344,P67775,MID1,PPP2CA,15,534,enzyme_substrate,1
E3|O15344|P78318,E3|O15344,E3,O15344,P78318,MID1,IGBP1,15,535,enzyme_substrate,1
E3|O15344|Q14653,E3|O15344,E3,O15344,Q14653,MID1,IRF3,15,503,enzyme_substrate,1
E3|O15344|Q9NRP7,E3|O15344,E3,O15344,Q9NRP7,MID1,PPP2R4,15,536,enzyme_substrate,1
E3|O15524|O60674,E3|O15524,E3,O15524,O60674,SOCS1,JAK2,16,521,enzyme_substrate,1
E3|O15524|P07948,E3|O15524,E3,O15524,P07948,SOCS1,LYN,16,537,enzyme_substrate,1
E3|O15524|P15498,E3|O15524,E3,O15524,P15498,SOCS1,VAV1,16,538,enzyme_substrate,1
E3|O15524|P23458,E3|O15524,E3,O15524,P23458,SOCS1,JAK1,16,539,enzyme_substrate,1
E3|O15524|P35568,E3|O15524,E3,O15524,P35568,SOCS1,IRS1,16,522,enzyme_substrate,1
E3|O15524|Q04206,E3|O15524,E3,O15524,Q04206,SOCS1,RELA,16,540,enzyme_substrate,1
E3|O15524|Q9Y4H2,E3|O15524,E3,O15524,Q9Y4H2,SOCS1,IRS2,16,525,enzyme_substrate,1
E3|O43164|O43164,E3|O43164,E3,O43164,O43164,PJA2,PJA2,17,17,enzyme_substrate,1
E3|O43164|P10644,E3|O43164,E3,O43164,P10644,PJA2,PRKAR1A,17,541,enzyme_substrate,1
E3|O43164|P13861,E3|O43164,E3,O43164,P13861,PJA2,PRKAR2A,17,542,enzyme_substrate,1
E3|O43164|P31321,E3|O43164,E3,O43164,P31321,PJA2,PRKAR1B,17,543,enzyme_substrate,1
E3|O43164|P31323,E3|O43164,E3,O43164,P31323,PJA2,PRKAR2B,17,544,enzyme_substrate,1
E3|O43164|Q8IVT5,E3|O43164,E3,O43164,Q8IVT5,PJA2,KSR1,17,545,enzyme_substrate,1
E3|O43164|Q9Y4C4,E3|O43164,E3,O43164,Q9Y4C4,PJA2,MFHAS1,17,546,enzyme_substrate,1
E3|O43255|O14974,E3|O43255,E3,O43255,O14974,SIAH2,PPP1R12A,18,547,enzyme_substrate,1
E3|O43255|O15379,E3|O43255,E3,O43255,O15379,SIAH2,HDAC3,18,548,enzyme_substrate,1
E3|O43255|O43597,E3|O43255,E3,O43255,O43597,SIAH2,SPRY2,18,549,enzyme_substrate,1
E3|O43255|O75376,E3|O43255,E3,O43255,O75376,SIAH2,NCOR1,18,550,enzyme_substrate,1
E3|O43255|O75925,E3|O43255,E3,O43255,O75925,SIAH2,PIAS1,18,551,enzyme_substrate,1
E3|O43255|O96017,E3|O43255,E3,O43255,O96017,SIAH2,CHEK2,18,552,enzyme_substrate,1
E3|O43255|P04637,E3|O43255,E3,O43255,P04637,SIAH2,TP53,18,528,enzyme_substrate,1
E3|O43255|P08247,E3|O43255,E3,O43255,P08247,SIAH2,SYP,18,553,enzyme_substrate,1
E3|O43255|P10275,E3|O43255,E3,O43255,P10275,SIAH2,AR,18,554,enzyme_substrate,1
E3|O43255|P29590,E3|O43255,E3,O43255,P29590,SIAH2,PML,18,71,enzyme_substrate,1
E3|O43255|P37231,E3|O43255,E3,O43255,P37231,SIAH2,PPARG,18,75,enzyme_substrate,1
E3|O43255|P37275,E3|O43255,E3,O43255,P37275,SIAH2,ZEB1,18,555,enzyme_substrate,1
E3|O43255|P37840,E3|O43255,E3,O43255,P37840,SIAH2,SNCA,18,556,enzyme_substrate,1
E3|O43255|P43146,E3|O43255,E3,O43255,P43146,SIAH2,DCC,18,557,enzyme_substrate,1
E3|O43255|P46527,E3|O43255,E3,O43255,P46527,SIAH2,CDKN1B,18,558,enzyme_substrate,1
E3|O43255|P55036,E3|O43255,E3,O43255,P55036,SIAH2,PSMD4,18,559,enzyme_substrate,1
E3|O43255|Q12933,E3|O43255,E3,O43255,Q12933,SIAH2,TRAF2,18,101,enzyme_substrate,1
E3|O43255|Q13625,E3|O43255,E3,O43255,Q13625,SIAH2,TP53BP2,18,560,enzyme_substrate,1
E3|O43255|Q16633,E3|O43255,E3,O43255,Q16633,SIAH2,POU2AF1,18,561,enzyme_substrate,1
E3|O43255|Q16656,E3|O43255,E3,O43255,Q16656,SIAH2,NRF1,18,562,enzyme_substrate,1
E3|O43255|Q16665,E3|O43255,E3,O43255,Q16665,SIAH2,HIF1A,18,563,enzyme_substrate,1
E3|O43255|Q92630,E3|O43255,E3,O43255,Q92630,SIAH2,DYRK2,18,245,enzyme_substrate,1
E3|O43255|Q92667,E3|O43255,E3,O43255,Q92667,SIAH2,AKAP1,18,564,enzyme_substrate,1
E3|O43255|Q92844,E3|O43255,E3,O43255,Q92844,SIAH2,TANK,18,246,enzyme_substrate,1
E3|O43255|Q96B97,E3|O43255,E3,O43255,Q96B97,SIAH2,SH3KBP1,18,565,enzyme_substrate,1
E3|O43255|Q96KS0,E3|O43255,E3,O43255,Q96KS0,SIAH2,EGLN2,18,566,enzyme_substrate,1
E3|O43255|Q99933,E3|O43255,E3,O43255,Q99933,SIAH2,BAG1,18,567,enzyme_substrate,1
E3|O43255|Q9BQF6,E3|O43255,E3,O43255,Q9BQF6,SIAH2,SENP7,18,568,enzyme_substrate,1
E3|O43255|Q9BSI4,E3|O43255,E3,O43255,Q9BSI4,SIAH2,TINF2,18,569,enzyme_substrate,1
E3|O43255|Q9GZT9,E3|O43255,E3,O43255,Q9GZT9,SIAH2,EGLN1,18,570,enzyme_substrate,1
E3|O43255|Q9H6Z9,E3|O43255,E3,O43255,Q9H6Z9,SIAH2,EGLN3,18,571,enzyme_substrate,1
E3|O43255|Q9NRM7,E3|O43255,E3,O43255,Q9NRM7,SIAH2,LATS2,18,572,enzyme_substrate,1
E3|O43255|Q9NS87,E3|O43255,E3,O43255,Q9NS87,SIAH2,KIF15,18,573,enzyme_substrate,1
E3|O43255|Q9P212,E3|O43255,E3,O43255,Q9P212,SIAH2,PLCE1,18,574,enzyme_substrate,1
E3|O43255|Q9Y6H5,E3|O43255,E3,O43255,Q9Y6H5,SIAH2,SNCAIP,18,575,enzyme_substrate,1
E3|O43567|O43567,E3|O43567,E3,O43567,O43567,RNF13,RNF13,19,19,enzyme_substrate,1
E3|O43567|O95295,E3|O43567,E3,O43567,O95295,RNF13,SNAPIN,19,576,enzyme_substrate,1
E3|O43663|P04908,E3|O43663,E3,O43663,P04908,PRC1,H2AC4,20,577,enzyme_substrate,1
E3|O43663|P0C0S5,E3|O43663,E3,O43663,P0C0S5,PRC1,H2AZ1,20,578,enzyme_substrate,1
E3|O43663|P16104,E3|O43663,E3,O43663,P16104,PRC1,H2AX,20,579,enzyme_substrate,1
E3|O43663|Q6FI13,E3|O43663,E3,O43663,Q6FI13,PRC1,H2AC18,20,580,enzyme_substrate,1
E3|O43663|Q96KK5,E3|O43663,E3,O43663,Q96KK5,PRC1,H2AC12,20,581,enzyme_substrate,1
E3|O43663|Q96QV6,E3|O43663,E3,O43663,Q96QV6,PRC1,H2AC1,20,582,enzyme_substrate,1
E3|O43663|Q99496,E3|O43663,E3,O43663,Q99496,PRC1,RNF2,20,284,enzyme_substrate,1
E3|O43734|Q9Y4K3,E3|O43734,E3,O43734,Q9Y4K3,TRAF3IP2,TRAF6,21,407,enzyme_substrate,1
E3|O43791|O00330,E3|O43791,E3,O43791,O00330,SPOP,PDHX,22,583,enzyme_substrate,1
E3|O43791|O15164,E3|O43791,E3,O43791,O15164,SPOP,TRIM24,22,13,enzyme_substrate,1
E3|O43791|O60885,E3|O43791,E3,O43791,O60885,SPOP,BRD4,22,584,enzyme_substrate,1
E3|O43791|O75367,E3|O43791,E3,O43791,O75367,SPOP,MACROH2A1,22,585,enzyme_substrate,1
E3|O43791|O95835,E3|O43791,E3,O43791,O95835,SPOP,LATS1,22,52,enzyme_substrate,1
E3|O43791|P03372,E3|O43791,E3,O43791,P03372,SPOP,ESR1,22,586,enzyme_substrate,1
E3|O43791|P05412,E3|O43791,E3,O43791,P05412,SPOP,JUN,22,587,enzyme_substrate,1
E3|O43791|P06401,E3|O43791,E3,O43791,P06401,SPOP,PGR,22,588,enzyme_substrate,1
E3|O43791|P08151,E3|O43791,E3,O43791,P08151,SPOP,GLI1,22,589,enzyme_substrate,1
E3|O43791|P10070,E3|O43791,E3,O43791,P10070,SPOP,GLI2,22,590,enzyme_substrate,1
E3|O43791|P10071,E3|O43791,E3,O43791,P10071,SPOP,GLI3,22,591,enzyme_substrate,1
E3|O43791|P10275,E3|O43791,E3,O43791,P10275,SPOP,AR,22,554,enzyme_substrate,1
E3|O43791|P11308,E3|O43791,E3,O43791,P11308,SPOP,ERG,22,592,enzyme_substrate,1
E3|O43791|P24864,E3|O43791,E3,O43791,P24864,SPOP,CCNE1,22,593,enzyme_substrate,1
E3|O43791|P25440,E3|O43791,E3,O43791,P25440,SPOP,BRD2,22,594,enzyme_substrate,1
E3|O43791|P35226,E3|O43791,E3,O43791,P35226,SPOP,BMI1,22,72,enzyme_substrate,1
E3|O43791|P35659,E3|O43791,E3,O43791,P35659,SPOP,DEK,22,595,enzyme_substrate,1
E3|O43791|P49327,E3|O43791,E3,O43791,P49327,SPOP,FASN,22,596,enzyme_substrate,1
E3|O43791|P60484,E3|O43791,E3,O43791,P60484,SPOP,PTEN,22,509,enzyme_substrate,1
E3|O43791|Q12809,E3|O43791,E3,O43791,Q12809,SPOP,KCNH2,22,597,enzyme_substrate,1
E3|O43791|Q12834,E3|O43791,E3,O43791,Q12834,SPOP,CDC20,22,99,enzyme_substrate,1
E3|O43791|Q12888,E3|O43791,E3,O43791,Q12888,SPOP,TP53BP1,22,598,enzyme_substrate,1
E3|O43791|Q12906,E3|O43791,E3,O43791,Q12906,SPOP,ILF3,22,599,enzyme_substrate,1
E3|O43791|Q13158,E3|O43791,E3,O43791,Q13158,SPOP,FADD,22,600,enzyme_substrate,1
E3|O43791|Q14444,E3|O43791,E3,O43791,Q14444,SPOP,CAPRIN1,22,601,enzyme_substrate,1
E3|O43791|Q15059,E3|O43791,E3,O43791,Q15059,SPOP,BRD3,22,602,enzyme_substrate,1
E3|O43791|Q16828,E3|O43791,E3,O43791,Q16828,SPOP,DUSP6,22,603,enzyme_substrate,1
E3|O43791|Q16829,E3|O43791,E3,O43791,Q16829,SPOP,DUSP7,22,604,enzyme_substrate,1
E3|O43791|Q27J81,E3|O43791,E3,O43791,Q27J81,SPOP,INF2,22,605,enzyme_substrate,1
E3|O43791|Q49A26,E3|O43791,E3,O43791,Q49A26,SPOP,GLYR1,22,606,enzyme_substrate,1
E3|O43791|Q7Z7J5,E3|O43791,E3,O43791,Q7Z7J5,SPOP,DPPA2,22,607,enzyme_substrate,1
E3|O43791|Q99836,E3|O43791,E3,O43791,Q99836,SPOP,MYD88,22,608,enzyme_substrate,1
E3|O43791|Q9BYW2,E3|O43791,E3,O43791,Q9BYW2,SPOP,SETD2,22,609,enzyme_substrate,1
E3|O43791|Q9H2X6,E3|O43791,E3,O43791,Q9H2X6,SPOP,HIPK2,22,610,enzyme_substrate,1
E3|O43791|Q9H5J0,E3|O43791,E3,O43791,Q9H5J0,SPOP,ZBTB3,22,611,enzyme_substrate,1
E3|O43791|Q9H9S0,E3|O43791,E3,O43791,Q9H9S0,SPOP,NANOG,22,612,enzyme_substrate,1
E3|O43791|Q9HCU9,E3|O43791,E3,O43791,Q9HCU9,SPOP,BRMS1,22,613,enzyme_substrate,1
E3|O43791|Q9NZQ7,E3|O43791,E3,O43791,Q9NZQ7,SPOP,CD274,22,614,enzyme_substrate,1
E3|O43791|Q9UBN7,E3|O43791,E3,O43791,Q9UBN7,SPOP,HDAC6,22,365,enzyme_substrate,1
E3|O43791|Q9UER7,E3|O43791,E3,O43791,Q9UER7,SPOP,DAXX,22,615,enzyme_substrate,1
E3|O43791|Q9Y6Q9,E3|O43791,E3,O43791,Q9Y6Q9,SPOP,NCOA3,22,616,enzyme_substrate,1
E3|O60260|O00429,E3|O60260,E3,O60260,O00429,PARK2,DNM1L,23,617,enzyme_substrate,1
E3|O60260|O15354,E3|O60260,E3,O60260,O15354,PARK2,GPR37,23,618,enzyme_substrate,1
E3|O60260|O43175,E3|O60260,E3,O60260,O43175,PRKN,PHGDH,23,619,enzyme_substrate,1
E3|O60260|O43236,E3|O60260,E3,O60260,O43236,PRKN,SEPTIN4,23,620,enzyme_substrate,1
E3|O60260|O60260,E3|O60260,E3,O60260,O60260,PARK2,PARK2,23,23,enzyme_substrate,1
E3|O60260|O60883,E3|O60260,E3,O60260,O60883,PRKN,GPR37L1,23,621,enzyme_substrate,1
E3|O60260|O95140,E3|O60260,E3,O60260,O95140,PRKN,MFN2,23,622,enzyme_substrate,1
E3|O60260|O95147,E3|O60260,E3,O60260,O95147,PARK2,NEK2,23,623,enzyme_substrate,1
E3|O60260|O96020,E3|O60260,E3,O60260,O96020,PRKN,CCNE2,23,624,enzyme_substrate,1
E3|O60260|P07437,E3|O60260,E3,O60260,P07437,PARK2,TUBB,23,625,enzyme_substrate,1
E3|O60260|P08247,E3|O60260,E3,O60260,P08247,PRKN,SYP,23,553,enzyme_substrate,1
E3|O60260|P09936,E3|O60260,E3,O60260,P09936,PRKN,UCHL1,23,58,enzyme_substrate,1
E3|O60260|P10415,E3|O60260,E3,O60260,P10415,PRKN,BCL2,23,626,enzyme_substrate,1
E3|O60260|P14635,E3|O60260,E3,O60260,P14635,PRKN,CCNB1,23,497,enzyme_substrate,1
E3|O60260|P19174,E3|O60260,E3,O60260,P19174,PRKN,PLCG1,23,627,enzyme_substrate,1
E3|O60260|P19367,E3|O60260,E3,O60260,P19367,PRKN,HK1,23,628,enzyme_substrate,1
E3|O60260|P21796,E3|O60260,E3,O60260,P21796,PRKN,VDAC1,23,629,enzyme_substrate,1
E3|O60260|P21860,E3|O60260,E3,O60260,P21860,PRKN,ERBB3,23,630,enzyme_substrate,1
E3|O60260|P24864,E3|O60260,E3,O60260,P24864,PARK2,CCNE1,23,593,enzyme_substrate,1
E3|O60260|P37840,E3|O60260,E3,O60260,P37840,PARK2,SNCA,23,556,enzyme_substrate,1
E3|O60260|P42566,E3|O60260,E3,O60260,P42566,PARK2,EPS15,23,631,enzyme_substrate,1
E3|O60260|P46527,E3|O60260,E3,O60260,P46527,PARK2,HSD17B10,23,558,enzyme_substrate,1
E3|O60260|P46937,E3|O60260,E3,O60260,P46937,PRKN,YAP1,23,632,enzyme_substrate,1
E3|O60260|P49792,E3|O60260,E3,O60260,P49792,PARK2,RANBP2,23,633,enzyme_substrate,1
E3|O60260|P51955,E3|O60260,E3,O60260,P51955,PRKN,NEK2,23,634,enzyme_substrate,1
E3|O60260|P53667,E3|O60260,E3,O60260,P53667,PARK2,LIMK1,23,635,enzyme_substrate,1
E3|O60260|P54252,E3|O60260,E3,O60260,P54252,PRKN,ATXN3,23,429,enzyme_substrate,1
E3|O60260|P54829,E3|O60260,E3,O60260,P54829,PRKN,PTPN5,23,532,enzyme_substrate,1
E3|O60260|P55036,E3|O60260,E3,O60260,P55036,PARK2,PSMD4,23,559,enzyme_substrate,1
E3|O60260|P68363,E3|O60260,E3,O60260,P68363,PRKN,TUBA1B,23,636,enzyme_substrate,1
E3|O60260|Q07812,E3|O60260,E3,O60260,Q07812,PRKN,BAX,23,637,enzyme_substrate,1
E3|O60260|Q07817,E3|O60260,E3,O60260,Q07817,PRKN,BCL2L1,23,638,enzyme_substrate,1
E3|O60260|Q13148,E3|O60260,E3,O60260,Q13148,PRKN,TARDBP,23,639,enzyme_substrate,1
E3|O60260|Q13155,E3|O60260,E3,O60260,Q13155,PARK2,AIMP2,23,640,enzyme_substrate,1
E3|O60260|Q13501,E3|O60260,E3,O60260,Q13501,PRKN,SQSTM1,23,114,enzyme_substrate,1
E3|O60260|Q14190,E3|O60260,E3,O60260,Q14190,PARK2,SIM2,23,641,enzyme_substrate,1
E3|O60260|Q15303,E3|O60260,E3,O60260,Q15303,PRKN,ERBB4,23,642,enzyme_substrate,1
E3|O60260|Q15388,E3|O60260,E3,O60260,Q15388,PRKN,TOMM20,23,643,enzyme_substrate,1
E3|O60260|Q16342,E3|O60260,E3,O60260,Q16342,PRKN,PDCD2,23,644,enzyme_substrate,1
E3|O60260|Q16665,E3|O60260,E3,O60260,Q16665,PRKN,HIF1A,23,563,enzyme_substrate,1
E3|O60260|Q6NUN9,E3|O60260,E3,O60260,Q6NUN9,PARK2,ZNF746,23,645,enzyme_substrate,1
E3|O60260|Q70CQ3,E3|O60260,E3,O60260,Q70CQ3,PRKN,USP30,23,452,enzyme_substrate,1
E3|O60260|Q8IWA4,E3|O60260,E3,O60260,Q8IWA4,PARK2,MFN1,23,646,enzyme_substrate,1
E3|O60260|Q8IXI1,E3|O60260,E3,O60260,Q8IXI1,PRKN,RHOT2,23,647,enzyme_substrate,1
E3|O60260|Q8IXI2,E3|O60260,E3,O60260,Q8IXI2,PRKN,RHOT1,23,648,enzyme_substrate,1
E3|O60260|Q92844,E3|O60260,E3,O60260,Q92844,PRKN,TANK,23,246,enzyme_substrate,1
E3|O60260|Q96AE4,E3|O60260,E3,O60260,Q96AE4,PRKN,FUBP1,23,649,enzyme_substrate,1
E3|O60260|Q96P20,E3|O60260,E3,O60260,Q96P20,PRKN,NLRP3,23,650,enzyme_substrate,1
E3|O60260|Q96QK1,E3|O60260,E3,O60260,Q96QK1,PRKN,VPS35,23,651,enzyme_substrate,1
E3|O60260|Q99497,E3|O60260,E3,O60260,Q99497,PARK2,PARK7,23,652,enzyme_substrate,1
E3|O60260|Q99648,E3|O60260,E3,O60260,Q99648,PRKN,CDCrel-1,23,653,enzyme_substrate,1
E3|O60260|Q99714,E3|O60260,E3,O60260,Q99714,PARK2,PTPN5,23,654,enzyme_substrate,1
E3|O60260|Q99719,E3|O60260,E3,O60260,Q99719,PARK2,PRKN,23,655,enzyme_substrate,1
E3|O60260|Q99962,E3|O60260,E3,O60260,Q99962,PRKN,SH3GL2,23,656,enzyme_substrate,1
E3|O60260|Q99963,E3|O60260,E3,O60260,Q99963,PRKN,SH3GL3,23,657,enzyme_substrate,1
E3|O60260|Q9BT88,E3|O60260,E3,O60260,Q9BT88,PRKN,SYT11,23,658,enzyme_substrate,1
E3|O60260|Q9BXM7,E3|O60260,E3,O60260,Q9BXM7,PARK2,PINK1,23,297,enzyme_substrate,1
E3|O60260|Q9NRD5,E3|O60260,E3,O60260,Q9NRD5,PARK2,PICK1,23,659,enzyme_substrate,1
E3|O60260|Q9NX09,E3|O60260,E3,O60260,Q9NX09,PRKN,DDIT4,23,660,enzyme_substrate,1
E3|O60260|Q9NZ45,E3|O60260,E3,O60260,Q9NZ45,PRKN,CISD1,23,661,enzyme_substrate,1
E3|O60260|Q9UNE7,E3|O60260,E3,O60260,Q9UNE7,PRKN,STUB1,23,393,enzyme_substrate,1
E3|O60260|Q9UNN5,E3|O60260,E3,O60260,Q9UNN5,PRKN,FAF1,23,662,enzyme_substrate,1
E3|O60260|Q9Y4K3,E3|O60260,E3,O60260,Q9Y4K3,PRKN,TRAF6,23,407,enzyme_substrate,1
E3|O60260|Q9Y6H5,E3|O60260,E3,O60260,Q9Y6H5,PARK2,SNCAIP,23,575,enzyme_substrate,1
E3|O60260|Q9Y6K9,E3|O60260,E3,O60260,Q9Y6K9,PARK2,IKBKG,23,663,enzyme_substrate,1
E3|O60291|Q99816,E3|O60291,E3,O60291,Q99816,MGRN1,TSG101,24,664,enzyme_substrate,1
E3|O60337|O60337,E3|O60337,E3,O60337,O60337,MARCHF6,MARCHF6,25,25,enzyme_substrate,1
E3|O60337|Q14534,E3|O60337,E3,O60337,Q14534,MARCHF6,SQLE,25,665,enzyme_substrate,1
E3|O60337|Q92813,E3|O60337,E3,O60337,Q92813,MARCHF6,DIO2,25,666,enzyme_substrate,1
E3|O60683|P50542,E3|O60683,E3,O60683,P50542,PEX10,PEX5,26,518,enzyme_substrate,1
E3|O60784|Q15742,E3|O60784,E3,O60784,Q15742,TOM1,NAB2,27,667,enzyme_substrate,1
E3|O60784|Q99741,E3|O60784,E3,O60784,Q99741,TOM1,CDC6,27,668,enzyme_substrate,1
E3|O60858|O60858,E3|O60858,E3,O60858,O60858,TRIM13,TRIM13,28,28,enzyme_substrate,1
E3|O60858|P04234,E3|O60858,E3,O60858,P04234,TRIM13,CD3D,28,669,enzyme_substrate,1
E3|O60858|P22736,E3|O60858,E3,O60858,P22736,TRIM13,NR4A1,28,670,enzyme_substrate,1
E3|O60858|P31749,E3|O60858,E3,O60858,P31749,TRIM13,AKT1,28,671,enzyme_substrate,1
E3|O60858|P31751,E3|O60858,E3,O60858,P31751,TRIM13,AKT2,28,672,enzyme_substrate,1
E3|O60858|P55072,E3|O60858,E3,O60858,P55072,TRIM13,VCP,28,673,enzyme_substrate,1
E3|O60858|Q00987,E3|O60858,E3,O60858,Q00987,TRIM13,MDM2,28,94,enzyme_substrate,1
E3|O60907|P35222,E3|O60907,E3,O60907,P35222,TBL1X,CTNNB1,29,674,enzyme_substrate,1
E3|O75150|Q16623,E3|O75150,E3,O75150,Q16623,RNF40,STX1A,30,675,enzyme_substrate,1
E3|O75150|Q16778,E3|O75150,E3,O75150,Q16778,RNF40,H2BC21,30,676,enzyme_substrate,1
E3|O75150|Q96A08,E3|O75150,E3,O75150,Q96A08,RNF40,H2BC1,30,677,enzyme_substrate,1
E3|O75150|Q9UQ80,E3|O75150,E3,O75150,Q9UQ80,RNF40,PA2G4,30,678,enzyme_substrate,1
E3|O75159|P00533,E3|O75159,E3,O75159,P00533,SOCS5,EGFR,31,679,enzyme_substrate,1
E3|O75159|P42224,E3|O75159,E3,O75159,P42224,SOCS5,STAT1,31,680,enzyme_substrate,1
E3|O75382|P04637,E3|O75382,E3,O75382,P04637,TRIM3,TP53,32,528,enzyme_substrate,1
E3|O75382|Q14457,E3|O75382,E3,O75382,Q14457,TRIM3,BECN1,32,681,enzyme_substrate,1
E3|O75382|Q5VSY0,E3|O75382,E3,O75382,Q5VSY0,TRIM3,GKAP1,32,682,enzyme_substrate,1
E3|O75592|P49815,E3|O75592,E3,O75592,P49815,MYCBP2,TSC2,33,683,enzyme_substrate,1
E3|O75592|Q9BZQ4,E3|O75592,E3,O75592,Q9BZQ4,MYCBP2,NMNAT2,33,684,enzyme_substrate,1
E3|O75717|Q15555,E3|O75717,E3,O75717,Q15555,WDHD1,MAPRE2,34,685,enzyme_substrate,1
E3|O75928|P42224,E3|O75928,E3,O75928,P42224,PIAS2,STAT1,35,680,enzyme_substrate,1
E3|O76050|O76083,E3|O76050,E3,O76050,O76083,NEURL1,PDE9A,36,686,enzyme_substrate,1
E3|O76064|O14773,E3|O76064,E3,O76064,O14773,RNF8,TPP1,37,687,enzyme_substrate,1
E3|O76064|O60934,E3|O76064,E3,O76064,O60934,RNF8,NBN,37,688,enzyme_substrate,1
E3|O76064|O75164,E3|O76064,E3,O76064,O75164,RNF8,KDM4A,37,689,enzyme_substrate,1
E3|O76064|O76064,E3|O76064,E3,O76064,O76064,RNF8,RNF8,37,37,enzyme_substrate,1
E3|O76064|O94761,E3|O76064,E3,O76064,O94761,RNF8,RECQL4,37,690,enzyme_substrate,1
E3|O76064|O96017,E3|O76064,E3,O76064,O96017,RNF8,CHEK2,37,552,enzyme_substrate,1
E3|O76064|P0C0S8,E3|O76064,E3,O76064,P0C0S8,RNF8,H2AC11,37,691,enzyme_substrate,1
E3|O76064|P12004,E3|O76064,E3,O76064,P12004,RNF8,PCNA,37,692,enzyme_substrate,1
E3|O76064|P13010,E3|O76064,E3,O76064,P13010,RNF8,XRCC5,37,693,enzyme_substrate,1
E3|O76064|P16104,E3|O76064,E3,O76064,P16104,RNF8,H2AFX,37,579,enzyme_substrate,1
E3|O76064|P29590,E3|O76064,E3,O76064,P29590,RNF8,PML,37,71,enzyme_substrate,1
E3|O76064|P35222,E3|O76064,E3,O76064,P35222,RNF8,CTNNB1,37,674,enzyme_substrate,1
E3|O76064|P54132,E3|O76064,E3,O76064,P54132,RNF8,BLM,37,694,enzyme_substrate,1
E3|O76064|Q15233,E3|O76064,E3,O76064,Q15233,RNF8,NONO,37,695,enzyme_substrate,1
E3|O76064|Q16777,E3|O76064,E3,O76064,Q16777,RNF8,H2AC20,37,696,enzyme_substrate,1
E3|O76064|Q8IUE6,E3|O76064,E3,O76064,Q8IUE6,RNF8,H2AC21,37,697,enzyme_substrate,1
E3|O76064|Q969R5,E3|O76064,E3,O76064,Q969R5,RNF8,L3MBTL2,37,698,enzyme_substrate,1
E3|O76064|Q96A08,E3|O76064,E3,O76064,Q96A08,RNF8,H2BC1,37,677,enzyme_substrate,1
E3|O76064|Q96FW1,E3|O76064,E3,O76064,Q96FW1,RNF8,OTUB1,37,472,enzyme_substrate,1
E3|O76064|Q96QV6,E3|O76064,E3,O76064,Q96QV6,RNF8,HIST1H2AA,37,582,enzyme_substrate,1
E3|O76064|Q9HCU8,E3|O76064,E3,O76064,Q9HCU8,RNF8,POLD4,37,699,enzyme_substrate,1
E3|O76064|Q9NQR1,E3|O76064,E3,O76064,Q9NQR1,RNF8,KMT5A,37,700,enzyme_substrate,1
E3|O92608|Q9Y5J3,E3|O92608,E3,O92608,Q9Y5J3,ORF50,HEY1,38,701,enzyme_substrate,1
E3|O94844|O76074,E3|O94844,E3,O94844,O76074,RHOBTB1,PDE5A,39,702,enzyme_substrate,1
E3|O94889|O14965,E3|O94889,E3,O94889,O14965,KLHL18,AURKA,40,11,enzyme_substrate,1
E3|O94952|P08183,E3|O94952,E3,O94952,P08183,FBXO21,ABCB1,41,703,enzyme_substrate,1
E3|O94952|P24468,E3|O94952,E3,O94952,P24468,FBXO21,NR2F2,41,704,enzyme_substrate,1
E3|O94952|Q9Y6B2,E3|O94952,E3,O94952,Q9Y6B2,FBXO21,EID1,41,705,enzyme_substrate,1
E3|O94955|P24864,E3|O94955,E3,O94955,P24864,RHOBTB3,CCNE1,42,593,enzyme_substrate,1
E3|O94972|O15105,E3|O94972,E3,O94972,O15105,TRIM37,SMAD7,43,504,enzyme_substrate,1
E3|O94972|O94972,E3|O94972,E3,O94972,O94972,TRIM37,TRIM37,43,43,enzyme_substrate,1
E3|O94972|Q12933,E3|O94972,E3,O94972,Q12933,TRIM37,TRAF2,43,101,enzyme_substrate,1
E3|O94972|Q9Y4K3,E3|O94972,E3,O94972,Q9Y4K3,TRIM37,TRAF6,43,407,enzyme_substrate,1
E3|O95071|O43313,E3|O95071,E3,O95071,O43313,UBR5,ATMIN,44,706,enzyme_substrate,1
E3|O95071|O75469,E3|O95071,E3,O95071,O75469,UBR5,NR1I2,44,707,enzyme_substrate,1
E3|O95071|O95071,E3|O95071,E3,O95071,O95071,UBR5,UBR5,44,44,enzyme_substrate,1
E3|O95071|O95994,E3|O95071,E3,O95071,O95994,UBR5,AGR2,44,708,enzyme_substrate,1
E3|O95071|P01106,E3|O95071,E3,O95071,P01106,UBR5,MYC,44,709,enzyme_substrate,1
E3|O95071|P35558,E3|O95071,E3,O95071,P35558,UBR5,PCK1,44,710,enzyme_substrate,1
E3|O95071|P42858,E3|O95071,E3,O95071,P42858,UBR5,HTT,44,711,enzyme_substrate,1
E3|O95071|P48431,E3|O95071,E3,O95071,P48431,UBR5,SOX2,44,712,enzyme_substrate,1
E3|O95071|P49715,E3|O95071,E3,O95071,P49715,UBR5,CEBPA,44,713,enzyme_substrate,1
E3|O95071|P50750,E3|O95071,E3,O95071,P50750,UBR5,CDK9,44,714,enzyme_substrate,1
E3|O95071|P52907,E3|O95071,E3,O95071,P52907,UBR5,CAPZA1,44,715,enzyme_substrate,1
E3|O95071|P67775,E3|O95071,E3,O95071,P67775,UBR5,PPP2CA,44,534,enzyme_substrate,1
E3|O95071|Q92547,E3|O95071,E3,O95071,Q92547,UBR5,TOPBP1,44,716,enzyme_substrate,1
E3|O95071|Q9BPZ3,E3|O95071,E3,O95071,Q9BPZ3,UBR5,PAIP2,44,717,enzyme_substrate,1
E3|O95155|O95997,E3|O95155,E3,O95155,O95997,UBE4B,PTTG1,45,718,enzyme_substrate,1
E3|O95155|P04637,E3|O95155,E3,O95155,P04637,UBE4B,TP53,45,528,enzyme_substrate,1
E3|O95155|P54252,E3|O95155,E3,O95155,P54252,UBE4B,ATXN3,45,429,enzyme_substrate,1
E3|O95155|Q8IWX7,E3|O95155,E3,O95155,Q8IWX7,UBE4B,UNC45B,45,719,enzyme_substrate,1
E3|O95155|Q99689,E3|O95155,E3,O95155,Q99689,UBE4B,FEZ1,45,720,enzyme_substrate,1
E3|O95198|O95502,E3|O95198,E3,O95198,O95502,KLHL2,NPTXR,46,721,enzyme_substrate,1
E3|O95198|Q14155,E3|O95198,E3,O95198,Q14155,KLHL2,ARHGEF7,46,722,enzyme_substrate,1
E3|O95198|Q96J92,E3|O95198,E3,O95198,Q96J92,KLHL2,WNK4,46,723,enzyme_substrate,1
E3|O95198|Q9BYP7,E3|O95198,E3,O95198,Q9BYP7,KLHL2,WNK3,46,724,enzyme_substrate,1
E3|O95198|Q9H4A3,E3|O95198,E3,O95198,Q9H4A3,KLHL2,WNK1,46,725,enzyme_substrate,1
E3|O95376|O95376,E3|O95376,E3,O95376,O95376,ARIH2,ARIH2,47,47,enzyme_substrate,1
E3|O95376|Q15653,E3|O95376,E3,O95376,Q15653,ARIH2,NFKBIB,47,726,enzyme_substrate,1
E3|O95376|Q99684,E3|O95376,E3,O95376,Q99684,ARIH2,GFI1,47,727,enzyme_substrate,1
E3|O95376|Q9HC16,E3|O95376,E3,O95376,Q9HC16,ARIH2,APOBEC3G,47,728,enzyme_substrate,1
E3|O95628|O95628,E3|O95628,E3,O95628,O95628,CNOT4,CNOT4,48,48,enzyme_substrate,1
E3|O95628|P41229,E3|O95628,E3,O95628,P41229,CNOT4,KDM5C,48,729,enzyme_substrate,1
E3|O95628|P46937,E3|O95628,E3,O95628,P46937,CNOT4,YAP1,48,632,enzyme_substrate,1
E3|O95628|Q96T37,E3|O95628,E3,O95628,Q96T37,CNOT4,RBM15,48,730,enzyme_substrate,1
E3|O95630|Q96P20,E3|O95630,E3,O95630,Q96P20,STAMBP,NLRP3,49,650,enzyme_substrate,1
E3|O95714|P23025,E3|O95714,E3,O95714,P23025,HERC2,XPA,50,731,enzyme_substrate,1
E3|O95714|P38398,E3|O95714,E3,O95714,P38398,HERC2,BRCA1,50,76,enzyme_substrate,1
E3|O95714|P63165,E3|O95714,E3,O95714,P63165,HERC2,SUMO1,50,732,enzyme_substrate,1
E3|O95714|Q96JN8,E3|O95714,E3,O95714,Q96JN8,HERC2,NEURL4,50,733,enzyme_substrate,1
E3|O95714|Q9Y2K6,E3|O95714,E3,O95714,Q9Y2K6,HERC2,USP20,50,491,enzyme_substrate,1
E3|O95786|Q9NX47,E3|O95786,E3,O95786,Q9NX47,DDX58,MARCHF5,51,349,enzyme_substrate,1
E3|O95835|Q14457,E3|O95835,E3,O95835,Q14457,LATS1,BECN1,52,681,enzyme_substrate,1
E3|P00748|Q16665,E3|P00748,E3,P00748,Q16665,F12,HIF1A,53,563,enzyme_substrate,1
E3|P03126|O43166,E3|P03126,E3,P03126,O43166,E6,SIPA1L1,54,734,enzyme_substrate,1
E3|P03126|P04637,E3|P03126,E3,P03126,P04637,E6,TP53,54,528,enzyme_substrate,1
E3|P03126|P41229,E3|P03126,E3,P03126,P41229,E6,KDM5C,54,729,enzyme_substrate,1
E3|P03126|Q12959,E3|P03126,E3,P03126,Q12959,E6,DLG1,54,735,enzyme_substrate,1
E3|P06463|P41229,E3|P06463,E3,P06463,P41229,E6,KDM5C,55,729,enzyme_substrate,1
E3|P08393|O76064,E3|P08393,E3,P08393,O76064,ICP0,RNF8,56,37,enzyme_substrate,1
E3|P08393|P04637,E3|P08393,E3,P08393,P04637,ICP0,TP53,56,528,enzyme_substrate,1
E3|P08393|P07199,E3|P08393,E3,P08393,P07199,ICP0,CENPB,56,736,enzyme_substrate,1
E3|P08393|P08393,E3|P08393,E3,P08393,P08393,ICP0,ICP0,56,56,enzyme_substrate,1
E3|P08393|P23497,E3|P08393,E3,P08393,P23497,ICP0,SP100,56,737,enzyme_substrate,1
E3|P08393|P29590,E3|P08393,E3,P08393,P29590,ICP0,PML,56,71,enzyme_substrate,1
E3|P08393|P41212,E3|P08393,E3,P08393,P41212,ICP0,ETV6,56,738,enzyme_substrate,1
E3|P08393|P46100,E3|P08393,E3,P08393,P46100,ICP0,ATRX,56,739,enzyme_substrate,1
E3|P08393|P49450,E3|P08393,E3,P08393,P49450,ICP0,CENPA,56,740,enzyme_substrate,1
E3|P08393|P78527,E3|P08393,E3,P08393,P78527,ICP0,PRKDC,56,741,enzyme_substrate,1
E3|P08393|Q03188,E3|P08393,E3,P08393,Q03188,ICP0,CENPC,56,742,enzyme_substrate,1
E3|P08393|Q14149,E3|P08393,E3,P08393,Q14149,ICP0,MORC3,56,743,enzyme_substrate,1
E3|P08393|Q16666,E3|P08393,E3,P08393,Q16666,ICP0,IFI16,56,744,enzyme_substrate,1
E3|P08393|Q5T5X7,E3|P08393,E3,P08393,Q5T5X7,ICP0,BEND3,56,745,enzyme_substrate,1
E3|P08393|Q8IYW5,E3|P08393,E3,P08393,Q8IYW5,ICP0,RNF168,56,199,enzyme_substrate,1
E3|P08393|Q8NAP3,E3|P08393,E3,P08393,Q8NAP3,ICP0,ZBTB38,56,746,enzyme_substrate,1
E3|P08393|Q93009,E3|P08393,E3,P08393,Q93009,ICP0,USP7,56,468,enzyme_substrate,1
E3|P08393|Q96BF6,E3|P08393,E3,P08393,Q96BF6,ICP0,NACC2,56,747,enzyme_substrate,1
E3|P08393|Q96DT7,E3|P08393,E3,P08393,Q96DT7,ICP0,ZBTB10,56,748,enzyme_substrate,1
E3|P08393|Q96RE7,E3|P08393,E3,P08393,Q96RE7,ICP0,NACC1,56,749,enzyme_substrate,1
E3|P08393|Q99856,E3|P08393,E3,P08393,Q99856,ICP0,ARID3A,56,750,enzyme_substrate,1
E3|P08393|Q9P1Z0,E3|P08393,E3,P08393,Q9P1Z0,ICP0,ZBTB4,56,751,enzyme_substrate,1
E3|P08393|Q9UIS9,E3|P08393,E3,P08393,Q9UIS9,ICP0,MBD1,56,752,enzyme_substrate,1
E3|P09874|Q8IUQ4,E3|P09874,E3,P09874,Q8IUQ4,PARP1,SIAH1,57,191,enzyme_substrate,1
E3|P09936|P11021,E3|P09936,E3,P09936,P11021,UCHL1,HSPA5,58,753,enzyme_substrate,1
E3|P09936|Q14247,E3|P09936,E3,P09936,Q14247,UCHL1,CTTN,58,754,enzyme_substrate,1
E3|P09936|Q16637,E3|P09936,E3,P09936,Q16637,UCHL1,SMN1,58,755,enzyme_substrate,1
E3|P0C2W1|O15350,E3|P0C2W1,E3,P0C2W1,O15350,FBXO45,TP73,59,505,enzyme_substrate,1
E3|P0C2W1|O43623,E3|P0C2W1,E3,P0C2W1,O43623,FBXO45,SNAI2,59,756,enzyme_substrate,1
E3|P0C2W1|O60315,E3|P0C2W1,E3,P0C2W1,O60315,FBXO45,ZEB2,59,757,enzyme_substrate,1
E3|P0C2W1|O95863,E3|P0C2W1,E3,P0C2W1,O95863,FBXO45,SNAI1,59,758,enzyme_substrate,1
E3|P0C2W1|P37275,E3|P0C2W1,E3,P0C2W1,P37275,FBXO45,ZEB1,59,555,enzyme_substrate,1
E3|P0C2W1|Q15672,E3|P0C2W1,E3,P0C2W1,Q15672,FBXO45,TWIST1,59,759,enzyme_substrate,1
E3|P0C2W1|Q969H0,E3|P0C2W1,E3,P0C2W1,Q969H0,FBXO45,FBXW7,59,247,enzyme_substrate,1
E3|P0C2W1|Q96IZ0,E3|P0C2W1,E3,P0C2W1,Q96IZ0,FBXO45,PAWR,59,760,enzyme_substrate,1
E3|P0CI25|P54132,E3|P0CI25,E3,P0CI25,P54132,TRIM49,BLM,60,694,enzyme_substrate,1
E3|P10523|P05412,E3|P10523,E3,P10523,P05412,SAG,JUN,61,587,enzyme_substrate,1
E3|P10523|P21359,E3|P10523,E3,P10523,P21359,SAG,NF1,61,761,enzyme_substrate,1
E3|P10523|P25963,E3|P10523,E3,P10523,P25963,SAG,NFKBIA,61,762,enzyme_substrate,1
E3|P10523|P46527,E3|P10523,E3,P10523,P46527,SAG,CDKN1B,61,558,enzyme_substrate,1
E3|P10523|P49427,E3|P10523,E3,P10523,P49427,SAG,CDC34,61,81,enzyme_substrate,1
E3|P10523|Q13794,E3|P10523,E3,P10523,Q13794,SAG,PMAIP1,61,763,enzyme_substrate,1
E3|P10523|Q16665,E3|P10523,E3,P10523,Q16665,SAG,HIF1A,61,563,enzyme_substrate,1
E3|P10523|Q8TB45,E3|P10523,E3,P10523,Q8TB45,SAG,DEPTOR,61,764,enzyme_substrate,1
E3|P11441|Q9Y4K3,E3|P11441,E3,P11441,Q9Y4K3,UBL4A,TRAF6,62,407,enzyme_substrate,1
E3|P12830|O14965,E3|P12830,E3,P12830,O14965,CDH1,AURKA,63,11,enzyme_substrate,1
E3|P14373|O00750,E3|P14373,E3,P14373,O00750,TRIM27,PIK3C2B,64,765,enzyme_substrate,1
E3|P14373|P38936,E3|P14373,E3,P14373,P38936,TRIM27,CDKN1A,64,529,enzyme_substrate,1
E3|P14373|P60484,E3|P14373,E3,P14373,P60484,TRIM27,PTEN,64,509,enzyme_substrate,1
E3|P14373|Q15561,E3|P14373,E3,P14373,Q15561,TRIM27,TEAD4,64,766,enzyme_substrate,1
E3|P14373|Q9UHD2,E3|P14373,E3,P14373,Q9UHD2,TRIM27,TBK1,64,767,enzyme_substrate,1
E3|P14373|Q9Y6X2,E3|P14373,E3,P14373,Q9Y6X2,TRIM27,PIAS3,64,768,enzyme_substrate,1
E3|P15918|C9JYI4,E3|P15918,E3,P15918,C9JYI4,RAG1,KPNA1,65,769,enzyme_substrate,1
E3|P15918|P15918,E3|P15918,E3,P15918,P15918,RAG1,RAG1,65,65,enzyme_substrate,1
E3|P15918|P52292,E3|P15918,E3,P15918,P52292,RAG1,KPNA2,65,770,enzyme_substrate,1
E3|P15918|P52294,E3|P15918,E3,P15918,P52294,RAG1,KPNA1,65,771,enzyme_substrate,1
E3|P15918|Q16695,E3|P15918,E3,P15918,Q16695,RAG1,H3-4,65,772,enzyme_substrate,1
E3|P19474|O14920,E3|P19474,E3,P19474,O14920,TRIM21,IKBKB,66,773,enzyme_substrate,1
E3|P19474|O95863,E3|P19474,E3,P19474,O95863,TRIM21,SNAI1,66,758,enzyme_substrate,1
E3|P19474|P01857,E3|P19474,E3,P19474,P01857,TRIM21,IGHG1,66,774,enzyme_substrate,1
E3|P19474|P19474,E3|P19474,E3,P19474,P19474,TRIM21,TRIM21,66,66,enzyme_substrate,1
E3|P19474|P34897,E3|P19474,E3,P19474,P34897,TRIM21,SHMT2,66,775,enzyme_substrate,1
E3|P19474|P35232,E3|P19474,E3,P19474,P35232,TRIM21,PHB,66,776,enzyme_substrate,1
E3|P19474|P37198,E3|P19474,E3,P19474,P37198,TRIM21,NUP62,66,777,enzyme_substrate,1
E3|P19474|P38936,E3|P19474,E3,P19474,P38936,TRIM21,CDKN1A,66,529,enzyme_substrate,1
E3|P19474|P46527,E3|P19474,E3,P19474,P46527,TRIM21,CDKN1B,66,558,enzyme_substrate,1
E3|P19474|P49915,E3|P19474,E3,P19474,P49915,TRIM21,GMPS,66,778,enzyme_substrate,1
E3|P19474|Q02556,E3|P19474,E3,P19474,Q02556,TRIM21,IRF8,66,779,enzyme_substrate,1
E3|P19474|Q04206,E3|P19474,E3,P19474,Q04206,TRIM21,RELA,66,540,enzyme_substrate,1
E3|P19474|Q13107,E3|P19474,E3,P19474,Q13107,TRIM21,USP4,66,435,enzyme_substrate,1
E3|P19474|Q14653,E3|P19474,E3,P19474,Q14653,TRIM21,IRF3,66,503,enzyme_substrate,1
E3|P19474|Q16666,E3|P19474,E3,P19474,Q16666,TRIM21,IFI16,66,744,enzyme_substrate,1
E3|P19474|Q2F514,E3|P19474,E3,P19474,Q2F514,TRIM21,X,66,780,enzyme_substrate,1
E3|P19474|Q92985,E3|P19474,E3,P19474,Q92985,TRIM21,IRF7,66,781,enzyme_substrate,1
E3|P19474|Q9C035,E3|P19474,E3,P19474,Q9C035,TRIM21,TRIM5,66,306,enzyme_substrate,1
E3|P19474|Q9H211,E3|P19474,E3,P19474,Q9H211,TRIM21,CDT1,66,782,enzyme_substrate,1
E3|P21580|P21580,E3|P21580,E3,P21580,P21580,TNFAIP3,TNFAIP3,67,67,enzyme_substrate,1
E3|P21580|Q13546,E3|P21580,E3,P21580,Q13546,TNFAIP3,RIPK1,67,783,enzyme_substrate,1
E3|P21580|Q9H4P4,E3|P21580,E3,P21580,Q9H4P4,TNFAIP3,RNF41,67,323,enzyme_substrate,1
E3|P21580|Q9NR96,E3|P21580,E3,P21580,Q9NR96,TNFAIP3,TLR9,67,784,enzyme_substrate,1
E3|P21583|Q9NVF7,E3|P21583,E3,P21583,Q9NVF7,KITLG,FBXO28,68,342,enzyme_substrate,1
E3|P22681|O14964,E3|P22681,E3,P22681,O14964,CBL,HGS,69,785,enzyme_substrate,1
E3|P22681|O43521,E3|P22681,E3,P22681,O43521,CBL,BCL2L11,69,786,enzyme_substrate,1
E3|P22681|O43597,E3|P22681,E3,P22681,O43597,CBL,SPRY2,69,549,enzyme_substrate,1
E3|P22681|O94875,E3|P22681,E3,P22681,O94875,CBL,SORBS2,69,787,enzyme_substrate,1
E3|P22681|O95644,E3|P22681,E3,P22681,O95644,CBL,NFATC1,69,788,enzyme_substrate,1
E3|P22681|P00519,E3|P22681,E3,P22681,P00519,CBL,ABL1,69,789,enzyme_substrate,1
E3|P22681|P00533,E3|P22681,E3,P22681,P00533,CBL,EGFR,69,679,enzyme_substrate,1
E3|P22681|P04085,E3|P22681,E3,P22681,P04085,CBL,PDGFA,69,790,enzyme_substrate,1
E3|P22681|P04271,E3|P22681,E3,P22681,P04271,CBL,S100B,69,791,enzyme_substrate,1
E3|P22681|P04626,E3|P22681,E3,P22681,P04626,CBL,ERBB2,69,792,enzyme_substrate,1
E3|P22681|P06127,E3|P22681,E3,P22681,P06127,CBL,CD5,69,793,enzyme_substrate,1
E3|P22681|P06239,E3|P22681,E3,P22681,P06239,CBL,LCK,69,794,enzyme_substrate,1
E3|P22681|P06241,E3|P22681,E3,P22681,P06241,CBL,FYN,69,795,enzyme_substrate,1
E3|P22681|P07333,E3|P22681,E3,P22681,P07333,CBL,CSF1R,69,796,enzyme_substrate,1
E3|P22681|P07947,E3|P22681,E3,P22681,P07947,CBL,YES1,69,797,enzyme_substrate,1
E3|P22681|P07948,E3|P22681,E3,P22681,P07948,CBL,LYN,69,537,enzyme_substrate,1
E3|P22681|P08069,E3|P22681,E3,P22681,P08069,CBL,IGF1R,69,798,enzyme_substrate,1
E3|P22681|P08138,E3|P22681,E3,P22681,P08138,CBL,NGFR,69,799,enzyme_substrate,1
E3|P22681|P08581,E3|P22681,E3,P22681,P08581,CBL,MET,69,800,enzyme_substrate,1
E3|P22681|P08648,E3|P22681,E3,P22681,P08648,CBL,ITGA5,69,801,enzyme_substrate,1
E3|P22681|P09619,E3|P22681,E3,P22681,P09619,CBL,PDGFRB,69,802,enzyme_substrate,1
E3|P22681|P09769,E3|P22681,E3,P22681,P09769,CBL,FGR,69,803,enzyme_substrate,1
E3|P22681|P10721,E3|P22681,E3,P22681,P10721,CBL,KIT,69,526,enzyme_substrate,1
E3|P22681|P11274,E3|P22681,E3,P22681,P11274,CBL,BCR,69,804,enzyme_substrate,1
E3|P22681|P11362,E3|P22681,E3,P22681,P11362,CBL,FGFR1,69,805,enzyme_substrate,1
E3|P22681|P12318,E3|P22681,E3,P22681,P12318,CBL,FCGR2A,69,806,enzyme_substrate,1
E3|P22681|P12931,E3|P22681,E3,P22681,P12931,CBL,SRC,69,807,enzyme_substrate,1
E3|P22681|P13569,E3|P22681,E3,P22681,P13569,CBL,CFTR,69,808,enzyme_substrate,1
E3|P22681|P15498,E3|P22681,E3,P22681,P15498,CBL,VAV1,69,538,enzyme_substrate,1
E3|P22681|P16234,E3|P22681,E3,P22681,P16234,CBL,PDGFRA,69,809,enzyme_substrate,1
E3|P22681|P17948,E3|P22681,E3,P22681,P17948,CBL,FLT1,69,810,enzyme_substrate,1
E3|P22681|P19174,E3|P22681,E3,P22681,P19174,CBL,PLCG1,69,627,enzyme_substrate,1
E3|P22681|P21802,E3|P22681,E3,P22681,P21802,CBL,FGFR2,69,811,enzyme_substrate,1
E3|P22681|P22455,E3|P22681,E3,P22681,P22455,CBL,FGFR4,69,812,enzyme_substrate,1
E3|P22681|P22607,E3|P22681,E3,P22681,P22607,CBL,FGFR3,69,813,enzyme_substrate,1
E3|P22681|P27986,E3|P22681,E3,P22681,P27986,CBL,PIK3R1,69,814,enzyme_substrate,1
E3|P22681|P29317,E3|P22681,E3,P22681,P29317,CBL,EPHA2,69,815,enzyme_substrate,1
E3|P22681|P29322,E3|P22681,E3,P22681,P29322,CBL,EPHA8,69,816,enzyme_substrate,1
E3|P22681|P31785,E3|P22681,E3,P22681,P31785,CBL,IL2RG,69,817,enzyme_substrate,1
E3|P22681|P35222,E3|P22681,E3,P22681,P35222,CBL,CTNNB1,69,674,enzyme_substrate,1
E3|P22681|P35968,E3|P22681,E3,P22681,P35968,CBL,KDR,69,818,enzyme_substrate,1
E3|P22681|P40189,E3|P22681,E3,P22681,P40189,CBL,IL6ST,69,523,enzyme_substrate,1
E3|P22681|P40238,E3|P22681,E3,P22681,P40238,CBL,MPL,69,819,enzyme_substrate,1
E3|P22681|P42229,E3|P22681,E3,P22681,P42229,CBL,STAT5A,69,820,enzyme_substrate,1
E3|P22681|P42345,E3|P22681,E3,P22681,P42345,CBL,MTOR,69,821,enzyme_substrate,1
E3|P22681|P43403,E3|P22681,E3,P22681,P43403,CBL,ZAP70,69,822,enzyme_substrate,1
E3|P22681|P43405,E3|P22681,E3,P22681,P43405,CBL,SYK,69,823,enzyme_substrate,1
E3|P22681|P46109,E3|P22681,E3,P22681,P46109,CBL,CRKL,69,824,enzyme_substrate,1
E3|P22681|P48736,E3|P22681,E3,P22681,P48736,CBL,PIK3CG,69,825,enzyme_substrate,1
E3|P22681|P51692,E3|P22681,E3,P22681,P51692,CBL,STAT5B,69,826,enzyme_substrate,1
E3|P22681|P54762,E3|P22681,E3,P22681,P54762,CBL,EPHB1,69,827,enzyme_substrate,1
E3|P22681|P55085,E3|P22681,E3,P22681,P55085,CBL,F2RL1,69,828,enzyme_substrate,1
E3|P22681|Q02556,E3|P22681,E3,P22681,Q02556,CBL,IRF8,69,779,enzyme_substrate,1
E3|P22681|Q02763,E3|P22681,E3,P22681,Q02763,CBL,TEK,69,829,enzyme_substrate,1
E3|P22681|Q04912,E3|P22681,E3,P22681,Q04912,CBL,MST1R,69,830,enzyme_substrate,1
E3|P22681|Q14155,E3|P22681,E3,P22681,Q14155,CBL,ARHGEF7,69,722,enzyme_substrate,1
E3|P22681|Q7Z698,E3|P22681,E3,P22681,Q7Z698,CBL,SPRED2,69,831,enzyme_substrate,1
E3|P22681|Q8TBZ2,E3|P22681,E3,P22681,Q8TBZ2,CBL,MYCBPAP,69,832,enzyme_substrate,1
E3|P22681|Q8WU20,E3|P22681,E3,P22681,Q8WU20,CBL,FRS2,69,833,enzyme_substrate,1
E3|P22681|Q96B97,E3|P22681,E3,P22681,Q96B97,CBL,SH3KBP1,69,565,enzyme_substrate,1
E3|P22681|Q96JA1,E3|P22681,E3,P22681,Q96JA1,CBL,LRIG1,69,834,enzyme_substrate,1
E3|P22681|Q96P20,E3|P22681,E3,P22681,Q96P20,CBL,NLRP3,69,650,enzyme_substrate,1
E3|P22681|Q9UGK3,E3|P22681,E3,P22681,Q9UGK3,CBL,STAP2,69,835,enzyme_substrate,1
E3|P22681|Q9UM73,E3|P22681,E3,P22681,Q9UM73,CBL,ALK,69,836,enzyme_substrate,1
E3|P29372|P04554,E3|P29372,E3,P29372,P04554,MPG,PRM2,70,837,enzyme_substrate,1
E3|P29372|P51668,E3|P29372,E3,P29372,P51668,MPG,UBE2D1,70,531,enzyme_substrate,1
E3|P29372|P62714,E3|P29372,E3,P29372,P62714,MPG,PPP2CB,70,533,enzyme_substrate,1
E3|P29372|P67775,E3|P29372,E3,P29372,P67775,MPG,PPP2CA,70,534,enzyme_substrate,1
E3|P29372|P78318,E3|P29372,E3,P29372,P78318,MPG,IGBP1,70,535,enzyme_substrate,1
E3|P29372|Q15257,E3|P29372,E3,P29372,Q15257,MPG,PTPA,70,122,enzyme_substrate,1
E3|P29372|Q9NRP7,E3|P29372,E3,P29372,Q9NRP7,MPG,STK36,70,536,enzyme_substrate,1
E3|P29372|Q9P0W2,E3|P29372,E3,P29372,Q9P0W2,MPG,HMG20B,70,838,enzyme_substrate,1
E3|P29590|P68431,E3|P29590,E3,P29590,P68431,PML,H3C12,71,839,enzyme_substrate,1
E3|P35226|O75496,E3|P35226,E3,P35226,O75496,BMI1,GMNN,72,840,enzyme_substrate,1
E3|P35226|P04908,E3|P35226,E3,P35226,P04908,BMI1,H2AC4,72,577,enzyme_substrate,1
E3|P35226|P0C0S5,E3|P35226,E3,P35226,P0C0S5,BMI1,H2AFZ,72,578,enzyme_substrate,1
E3|P35226|P0C0S8,E3|P35226,E3,P35226,P0C0S8,BMI1,HIST1H2AM,72,691,enzyme_substrate,1
E3|P35226|P16104,E3|P35226,E3,P35226,P16104,BMI1,H2AFX,72,579,enzyme_substrate,1
E3|P35226|P20671,E3|P35226,E3,P35226,P20671,BMI1,H2AC7,72,841,enzyme_substrate,1
E3|P35226|P23921,E3|P35226,E3,P35226,P23921,BMI1,RRM1,72,842,enzyme_substrate,1
E3|P35226|Q16777,E3|P35226,E3,P35226,Q16777,BMI1,H2AC20,72,696,enzyme_substrate,1
E3|P35226|Q6FI13,E3|P35226,E3,P35226,Q6FI13,BMI1,H2AC18,72,580,enzyme_substrate,1
E3|P35226|Q7L7L0,E3|P35226,E3,P35226,Q7L7L0,BMI1,HIST3H2A,72,843,enzyme_substrate,1
E3|P35226|Q8IUE6,E3|P35226,E3,P35226,Q8IUE6,BMI1,HIST2H2AB,72,697,enzyme_substrate,1
E3|P35226|Q93077,E3|P35226,E3,P35226,Q93077,BMI1,HIST1H2AC,72,844,enzyme_substrate,1
E3|P35226|Q96KK5,E3|P35226,E3,P35226,Q96KK5,BMI1,HIST1H2AH,72,581,enzyme_substrate,1
E3|P35226|Q96QV6,E3|P35226,E3,P35226,Q96QV6,BMI1,HIST1H2AA,72,582,enzyme_substrate,1
E3|P35226|Q99496,E3|P35226,E3,P35226,Q99496,BMI1,RNF2,72,284,enzyme_substrate,1
E3|P35226|Q99878,E3|P35226,E3,P35226,Q99878,BMI1,HIST1H2AJ,72,845,enzyme_substrate,1
E3|P35869|P03372,E3|P35869,E3,P35869,P03372,AHR,ESR1,73,586,enzyme_substrate,1
E3|P35869|P37231,E3|P35869,E3,P35869,P37231,AHR,PPARG,73,75,enzyme_substrate,1
E3|P36406|P04637,E3|P36406,E3,P36406,P04637,TRIM23,TP53,74,528,enzyme_substrate,1
E3|P36406|P36406,E3|P36406,E3,P36406,P36406,TRIM23,TRIM23,74,74,enzyme_substrate,1
E3|P36406|Q9Y4K3,E3|P36406,E3,P36406,Q9Y4K3,TRIM23,TRAF6,74,407,enzyme_substrate,1
E3|P36406|Q9Y6K9,E3|P36406,E3,P36406,Q9Y6K9,TRIM23,IKBKG,74,663,enzyme_substrate,1
E3|P37231|P15941,E3|P37231,E3,P37231,P15941,PPARG,MUC1,75,846,enzyme_substrate,1
E3|P37231|Q04206,E3|P37231,E3,P37231,Q04206,PPARG,RELA,75,540,enzyme_substrate,1
E3|P37231|Q9BQE4,E3|P37231,E3,P37231,Q9BQE4,PPARG,SELENOS,75,847,enzyme_substrate,1
E3|P37231|Q9Y6D0,E3|P37231,E3,P37231,Q9Y6D0,PPARG,SELENOK,75,848,enzyme_substrate,1
E3|P38398|O14818,E3|P38398,E3,P38398,O14818,BRCA1,PSMA7,76,849,enzyme_substrate,1
E3|P38398|P03372,E3|P38398,E3,P38398,P03372,BRCA1,ESR1,76,586,enzyme_substrate,1
E3|P38398|P04908,E3|P38398,E3,P38398,P04908,BRCA1,H2AC4,76,577,enzyme_substrate,1
E3|P38398|P06401,E3|P38398,E3,P38398,P06401,BRCA1,PGR,76,588,enzyme_substrate,1
E3|P38398|P06748,E3|P38398,E3,P38398,P06748,BRCA1,NPM1,76,850,enzyme_substrate,1
E3|P38398|P0C0S8,E3|P38398,E3,P38398,P0C0S8,BRCA1,H2AC11,76,691,enzyme_substrate,1
E3|P38398|P0DP91,E3|P38398,E3,P38398,P0DP91,BRCA1,ERCC6,76,851,enzyme_substrate,1
E3|P38398|P11388,E3|P38398,E3,P38398,P11388,BRCA1,TOP2A,76,852,enzyme_substrate,1
E3|P38398|P14635,E3|P38398,E3,P38398,P14635,BRCA1,CCNB1,76,497,enzyme_substrate,1
E3|P38398|P14859,E3|P38398,E3,P38398,P14859,BRCA1,POU2F1,76,853,enzyme_substrate,1
E3|P38398|P16104,E3|P38398,E3,P38398,P16104,BRCA1,H2AFX,76,579,enzyme_substrate,1
E3|P38398|P23258,E3|P38398,E3,P38398,P23258,BRCA1,TUBG1,76,854,enzyme_substrate,1
E3|P38398|P24928,E3|P38398,E3,P38398,P24928,BRCA1,POLR2A,76,507,enzyme_substrate,1
E3|P38398|P30307,E3|P38398,E3,P38398,P30307,BRCA1,CDC25C,76,855,enzyme_substrate,1
E3|P38398|P31749,E3|P38398,E3,P38398,P31749,BRCA1,AKT1,76,671,enzyme_substrate,1
E3|P38398|P35240,E3|P38398,E3,P38398,P35240,BRCA1,NF2,76,856,enzyme_substrate,1
E3|P38398|P38398,E3|P38398,E3,P38398,P38398,BRCA1,BRCA1,76,76,enzyme_substrate,1
E3|P38398|P52434,E3|P38398,E3,P38398,P52434,BRCA1,POLR2H,76,857,enzyme_substrate,1
E3|P38398|Q13133,E3|P38398,E3,P38398,Q13133,BRCA1,NR1H3,76,858,enzyme_substrate,1
E3|P38398|Q16777,E3|P38398,E3,P38398,Q16777,BRCA1,H2AC20,76,696,enzyme_substrate,1
E3|P38398|Q2PQ59,E3|P38398,E3,P38398,Q2PQ59,BRCA1,TOP2alpha,76,859,enzyme_substrate,1
E3|P38398|Q86WV6,E3|P38398,E3,P38398,Q86WV6,BRCA1,HIST1H2AB,76,860,enzyme_substrate,1
E3|P38398|Q96A08,E3|P38398,E3,P38398,Q96A08,BRCA1,H2BC1,76,677,enzyme_substrate,1
E3|P38398|Q96QV6,E3|P38398,E3,P38398,Q96QV6,BRCA1,H2AC1,76,582,enzyme_substrate,1
E3|P38398|Q99708,E3|P38398,E3,P38398,Q99708,BRCA1,RBBP8,76,861,enzyme_substrate,1
E3|P38398|Q99728,E3|P38398,E3,P38398,Q99728,BRCA1,BARD1,76,288,enzyme_substrate,1
E3|P38398|Q9BXW9,E3|P38398,E3,P38398,Q9BXW9,BRCA1,FANCD2,76,862,enzyme_substrate,1
E3|P38398|Q9HAW4,E3|P38398,E3,P38398,Q9HAW4,BRCA1,CLSPN,76,863,enzyme_substrate,1
E3|P40337|O14503,E3|P40337,E3,P40337,O14503,VHL,BHLHE40,77,864,enzyme_substrate,1
E3|P40337|O14641,E3|P40337,E3,P40337,O14641,VHL,DVL2,77,865,enzyme_substrate,1
E3|P40337|O14965,E3|P40337,E3,P40337,O14965,VHL,AURKA,77,11,enzyme_substrate,1
E3|P40337|P02751,E3|P40337,E3,P40337,P02751,VHL,FN1,77,866,enzyme_substrate,1
E3|P40337|P07550,E3|P40337,E3,P40337,P07550,VHL,ADRB2,77,867,enzyme_substrate,1
E3|P40337|P10909,E3|P40337,E3,P40337,P10909,VHL,CLU,77,868,enzyme_substrate,1
E3|P40337|P36897,E3|P40337,E3,P40337,P36897,VHL,TGFBR1,77,869,enzyme_substrate,1
E3|P40337|P37231,E3|P40337,E3,P40337,P37231,VHL,PPARG,77,75,enzyme_substrate,1
E3|P40337|P41743,E3|P40337,E3,P40337,P41743,VHL,PRKCI,77,870,enzyme_substrate,1
E3|P40337|P48200,E3|P40337,E3,P40337,P48200,VHL,IREB2,77,871,enzyme_substrate,1
E3|P40337|P62487,E3|P40337,E3,P40337,P62487,VHL,POLR2G,77,872,enzyme_substrate,1
E3|P40337|Q13309,E3|P40337,E3,P40337,Q13309,VHL,SKP2,77,110,enzyme_substrate,1
E3|P40337|Q14103,E3|P40337,E3,P40337,Q14103,VHL,HNRNPD,77,873,enzyme_substrate,1
E3|P40337|Q16665,E3|P40337,E3,P40337,Q16665,VHL,HIF1A,77,563,enzyme_substrate,1
E3|P40337|Q8N122,E3|P40337,E3,P40337,Q8N122,VHL,RPTOR,77,874,enzyme_substrate,1
E3|P40337|Q8TEY7,E3|P40337,E3,P40337,Q8TEY7,VHL,USP33,77,463,enzyme_substrate,1
E3|P40337|Q99814,E3|P40337,E3,P40337,Q99814,VHL,EPAS1,77,875,enzyme_substrate,1
E3|P40337|Q9GZQ8,E3|P40337,E3,P40337,Q9GZQ8,VHL,MAP1LC3B,77,876,enzyme_substrate,1
E3|P40337|Q9NWT6,E3|P40337,E3,P40337,Q9NWT6,VHL,HIF1AN,77,877,enzyme_substrate,1
E3|P40337|Q9Y2K6,E3|P40337,E3,P40337,Q9Y2K6,VHL,USP20,77,491,enzyme_substrate,1
E3|P40337|Q9Y2N7,E3|P40337,E3,P40337,Q9Y2N7,VHL,HIF3A,77,878,enzyme_substrate,1
E3|P41002|O43303,E3|P41002,E3,P41002,O43303,CCNF,CCP110,78,879,enzyme_substrate,1
E3|P41002|P31350,E3|P41002,E3,P41002,P31350,CCNF,RRM2,78,880,enzyme_substrate,1
E3|P41002|Q99741,E3|P41002,E3,P41002,Q99741,CCNF,CDC6,78,668,enzyme_substrate,1
E3|P46934|A8MYT4,E3|P46934,E3,P46934,A8MYT4,NEDD4,PIK3C3,79,881,enzyme_substrate,1
E3|P46934|O14641,E3|P46934,E3,P46934,O14641,NEDD4,DVL2,79,865,enzyme_substrate,1
E3|P46934|O14964,E3|P46934,E3,P46934,O14964,NEDD4,HGS,79,785,enzyme_substrate,1
E3|P46934|O14980,E3|P46934,E3,P46934,O14980,NEDD4,XPO1,79,882,enzyme_substrate,1
E3|P46934|O15399,E3|P46934,E3,P46934,O15399,NEDD4,GRIN2D,79,883,enzyme_substrate,1
E3|P46934|O15431,E3|P46934,E3,P46934,O15431,NEDD4,SLC31A1,79,884,enzyme_substrate,1
E3|P46934|O43490,E3|P46934,E3,P46934,O43490,NEDD4,PROM1,79,885,enzyme_substrate,1
E3|P46934|O43597,E3|P46934,E3,P46934,O43597,NEDD4,SPRY2,79,549,enzyme_substrate,1
E3|P46934|O75113,E3|P46934,E3,P46934,O75113,NEDD4,N4BP1,79,886,enzyme_substrate,1
E3|P46934|O75444,E3|P46934,E3,P46934,O75444,NEDD4,MAF,79,887,enzyme_substrate,1
E3|P46934|O75473,E3|P46934,E3,P46934,O75473,NEDD4,LGR5,79,888,enzyme_substrate,1
E3|P46934|O75843,E3|P46934,E3,P46934,O75843,NEDD4,AP1G2,79,889,enzyme_substrate,1
E3|P46934|O95835,E3|P46934,E3,P46934,O95835,NEDD4,LATS1,79,52,enzyme_substrate,1
E3|P46934|O95999,E3|P46934,E3,P46934,O95999,NEDD4,BCL10,79,890,enzyme_substrate,1
E3|P46934|P00533,E3|P46934,E3,P46934,P00533,NEDD4,EGFR,79,679,enzyme_substrate,1
E3|P46934|P01106,E3|P46934,E3,P46934,P01106,NEDD4,MYC,79,709,enzyme_substrate,1
E3|P46934|P01111,E3|P46934,E3,P46934,P01111,NEDD4,NRAS,79,891,enzyme_substrate,1
E3|P46934|P01112,E3|P46934,E3,P46934,P01112,NEDD4,HRAS,79,892,enzyme_substrate,1
E3|P46934|P01116,E3|P46934,E3,P46934,P01116,NEDD4,KRAS,79,893,enzyme_substrate,1
E3|P46934|P04198,E3|P46934,E3,P46934,P04198,NEDD4,MYCN,79,894,enzyme_substrate,1
E3|P46934|P04629,E3|P46934,E3,P46934,P04629,NEDD4,NTRK1,79,895,enzyme_substrate,1
E3|P46934|P07550,E3|P46934,E3,P46934,P07550,NEDD4,ADRB2,79,867,enzyme_substrate,1
E3|P46934|P07948,E3|P46934,E3,P46934,P07948,NEDD4,LYN,79,537,enzyme_substrate,1
E3|P46934|P08069,E3|P46934,E3,P46934,P08069,NEDD4,IGF1R,79,798,enzyme_substrate,1
E3|P46934|P08183,E3|P46934,E3,P46934,P08183,NEDD4,ABCB1,79,703,enzyme_substrate,1
E3|P46934|P10114,E3|P46934,E3,P46934,P10114,NEDD4,RAP2A,79,896,enzyme_substrate,1
E3|P46934|P10275,E3|P46934,E3,P46934,P10275,NEDD4,AR,79,554,enzyme_substrate,1
E3|P46934|P10523,E3|P46934,E3,P46934,P10523,NEDD4,SAG,79,61,enzyme_substrate,1
E3|P46934|P11362,E3|P46934,E3,P46934,P11362,NEDD4,FGFR1,79,805,enzyme_substrate,1
E3|P46934|P12931,E3|P46934,E3,P46934,P12931,NEDD4,SRC,79,807,enzyme_substrate,1
E3|P46934|P17302,E3|P46934,E3,P46934,P17302,NEDD4,GJA1,79,897,enzyme_substrate,1
E3|P46934|P19634,E3|P46934,E3,P46934,P19634,NEDD4,SLC9A1,79,898,enzyme_substrate,1
E3|P46934|P21860,E3|P46934,E3,P46934,P21860,NEDD4,ERBB3,79,630,enzyme_substrate,1
E3|P46934|P23759,E3|P46934,E3,P46934,P23759,NEDD4,PAX7,79,899,enzyme_substrate,1
E3|P46934|P24928,E3|P46934,E3,P46934,P24928,NEDD4,POLR2A,79,507,enzyme_substrate,1
E3|P46934|P25116,E3|P46934,E3,P46934,P25116,NEDD4,F2R,79,900,enzyme_substrate,1
E3|P46934|P27216,E3|P46934,E3,P46934,P27216,NEDD4,ANXA13,79,901,enzyme_substrate,1
E3|P46934|P31749,E3|P46934,E3,P46934,P31749,NEDD4,AKT1,79,671,enzyme_substrate,1
E3|P46934|P31751,E3|P46934,E3,P46934,P31751,NEDD4,AKT2,79,672,enzyme_substrate,1
E3|P46934|P35968,E3|P46934,E3,P46934,P35968,NEDD4,KDR,79,818,enzyme_substrate,1
E3|P46934|P37231,E3|P46934,E3,P46934,P37231,NEDD4,PPARG,79,75,enzyme_substrate,1
E3|P46934|P37840,E3|P46934,E3,P46934,P37840,NEDD4,SNCA,79,556,enzyme_substrate,1
E3|P46934|P38936,E3|P46934,E3,P46934,P38936,NEDD4,CDKN1A,79,529,enzyme_substrate,1
E3|P46934|P42261,E3|P46934,E3,P46934,P42261,NEDD4,GRIA1,79,902,enzyme_substrate,1
E3|P46934|P42566,E3|P46934,E3,P46934,P42566,NEDD4,EPS15,79,631,enzyme_substrate,1
E3|P46934|P43005,E3|P46934,E3,P46934,P43005,NEDD4,SLC1A1,79,903,enzyme_substrate,1
E3|P46934|P43405,E3|P46934,E3,P46934,P43405,NEDD4,SYK,79,823,enzyme_substrate,1
E3|P46934|P46531,E3|P46934,E3,P46934,P46531,NEDD4,NOTCH1,79,904,enzyme_substrate,1
E3|P46934|P46934,E3|P46934,E3,P46934,P46934,NEDD4,NEDD4,79,79,enzyme_substrate,1
E3|P46934|P51168,E3|P46934,E3,P46934,P51168,NEDD4,SCNN1B,79,905,enzyme_substrate,1
E3|P46934|P51170,E3|P46934,E3,P46934,P51170,NEDD4,SCNN1G,79,906,enzyme_substrate,1
E3|P46934|P55036,E3|P46934,E3,P46934,P55036,NEDD4,PSMD4,79,559,enzyme_substrate,1
E3|P46934|P60484,E3|P46934,E3,P46934,P60484,NEDD4,PTEN,79,509,enzyme_substrate,1
E3|P46934|P68431,E3|P46934,E3,P46934,P68431,NEDD4,H3C1,79,839,enzyme_substrate,1
E3|P46934|P98170,E3|P46934,E3,P46934,P98170,NEDD4,XIAP,79,93,enzyme_substrate,1
E3|P46934|Q00987,E3|P46934,E3,P46934,Q00987,NEDD4,MDM2,79,94,enzyme_substrate,1
E3|P46934|Q01628,E3|P46934,E3,P46934,Q01628,NEDD4,IFITM3,79,907,enzyme_substrate,1
E3|P46934|Q01959,E3|P46934,E3,P46934,Q01959,NEDD4,SLC6A3,79,908,enzyme_substrate,1
E3|P46934|Q07912,E3|P46934,E3,P46934,Q07912,NEDD4,TNK2,79,909,enzyme_substrate,1
E3|P46934|Q13501,E3|P46934,E3,P46934,Q13501,NEDD4,SQSTM1,79,114,enzyme_substrate,1
E3|P46934|Q13571,E3|P46934,E3,P46934,Q13571,NEDD4,LAPTM5,79,910,enzyme_substrate,1
E3|P46934|Q14457,E3|P46934,E3,P46934,Q14457,NEDD4,BECN1,79,681,enzyme_substrate,1
E3|P46934|Q14524,E3|P46934,E3,P46934,Q14524,NEDD4,SCN5A,79,911,enzyme_substrate,1
E3|P46934|Q15012,E3|P46934,E3,P46934,Q15012,NEDD4,LAPTM4A,79,912,enzyme_substrate,1
E3|P46934|Q15303,E3|P46934,E3,P46934,Q15303,NEDD4,ERBB4,79,642,enzyme_substrate,1
E3|P46934|Q16655,E3|P46934,E3,P46934,Q16655,NEDD4,MLANA,79,913,enzyme_substrate,1
E3|P46934|Q2F514,E3|P46934,E3,P46934,Q2F514,NEDD4,X,79,780,enzyme_substrate,1
E3|P46934|Q2KJY2,E3|P46934,E3,P46934,Q2KJY2,NEDD4,KIF26B,79,914,enzyme_substrate,1
E3|P46934|Q4VCS5,E3|P46934,E3,P46934,Q4VCS5,NEDD4,AMOT,79,915,enzyme_substrate,1
E3|P46934|Q5MJ70,E3|P46934,E3,P46934,Q5MJ70,NEDD4,SPDYA,79,916,enzyme_substrate,1
E3|P46934|Q6PJG6,E3|P46934,E3,P46934,Q6PJG6,NEDD4,BRAT1,79,917,enzyme_substrate,1
E3|P46934|Q86Y01,E3|P46934,E3,P46934,Q86Y01,NEDD4,DTX1,79,186,enzyme_substrate,1
E3|P46934|Q8WUM4,E3|P46934,E3,P46934,Q8WUM4,NEDD4,PDCD6IP,79,918,enzyme_substrate,1
E3|P46934|Q92734,E3|P46934,E3,P46934,Q92734,NEDD4,TFG,79,919,enzyme_substrate,1
E3|P46934|Q969T9,E3|P46934,E3,P46934,Q969T9,NEDD4,WBP2,79,920,enzyme_substrate,1
E3|P46934|Q96BF3,E3|P46934,E3,P46934,Q96BF3,NEDD4,TMIGD2,79,921,enzyme_substrate,1
E3|P46934|Q96FV9,E3|P46934,E3,P46934,Q96FV9,NEDD4,THOC1,79,922,enzyme_substrate,1
E3|P46934|Q96GG9,E3|P46934,E3,P46934,Q96GG9,NEDD4,DCUN1D1,79,923,enzyme_substrate,1
E3|P46934|Q96NT3,E3|P46934,E3,P46934,Q96NT3,NEDD4,GUCD1,79,924,enzyme_substrate,1
E3|P46934|Q99755,E3|P46934,E3,P46934,Q99755,NEDD4,PIP5K1A,79,925,enzyme_substrate,1
E3|P46934|Q99816,E3|P46934,E3,P46934,Q99816,NEDD4,TSG101,79,664,enzyme_substrate,1
E3|P46934|Q9BSA4,E3|P46934,E3,P46934,Q9BSA4,NEDD4,TTYH2,79,926,enzyme_substrate,1
E3|P46934|Q9BT67,E3|P46934,E3,P46934,Q9BT67,NEDD4,NDFIP1,79,927,enzyme_substrate,1
E3|P46934|Q9BXB1,E3|P46934,E3,P46934,Q9BXB1,NEDD4,LGR4,79,928,enzyme_substrate,1
E3|P46934|Q9H4B6,E3|P46934,E3,P46934,Q9H4B6,NEDD4,SAV1,79,929,enzyme_substrate,1
E3|P46934|Q9HC16,E3|P46934,E3,P46934,Q9HC16,NEDD4,APOBEC3G,79,728,enzyme_substrate,1
E3|P46934|Q9NV92,E3|P46934,E3,P46934,Q9NV92,NEDD4,NDFIP2,79,930,enzyme_substrate,1
E3|P46934|Q9NYA4,E3|P46934,E3,P46934,Q9NYA4,NEDD4,MTMR4,79,931,enzyme_substrate,1
E3|P46934|Q9NZ52,E3|P46934,E3,P46934,Q9NZ52,NEDD4,GGA3,79,932,enzyme_substrate,1
E3|P46934|Q9UBF6,E3|P46934,E3,P46934,Q9UBF6,NEDD4,RNF7,79,933,enzyme_substrate,1
E3|P46934|Q9UHD2,E3|P46934,E3,P46934,Q9UHD2,NEDD4,TBK1,79,767,enzyme_substrate,1
E3|P46934|Q9UIH9,E3|P46934,E3,P46934,Q9UIH9,NEDD4,KLF15,79,934,enzyme_substrate,1
E3|P46934|Q9UJM3,E3|P46934,E3,P46934,Q9UJM3,NEDD4,ERRFI1,79,935,enzyme_substrate,1
E3|P46934|Q9UKG1,E3|P46934,E3,P46934,Q9UKG1,NEDD4,APPL1,79,936,enzyme_substrate,1
E3|P46934|Q9Y243,E3|P46934,E3,P46934,Q9Y243,NEDD4,AKT3,79,937,enzyme_substrate,1
E3|P46934|Q9Y3C5,E3|P46934,E3,P46934,Q9Y3C5,NEDD4,RNF11,79,404,enzyme_substrate,1
E3|P46934|Q9Y4G8,E3|P46934,E3,P46934,Q9Y4G8,NEDD4,RAPGEF2,79,938,enzyme_substrate,1
E3|P46934|Q9Y4H2,E3|P46934,E3,P46934,Q9Y4H2,NEDD4,IRS2,79,525,enzyme_substrate,1
E3|P46934|Q9Y5U5,E3|P46934,E3,P46934,Q9Y5U5,NEDD4,TNFRSF18,79,939,enzyme_substrate,1
E3|P48742|P53667,E3|P48742,E3,P48742,P53667,LHX1,LIMK1,80,635,enzyme_substrate,1
E3|P49427|P10244,E3|P49427,E3,P49427,P10244,CDC34,MYBL2,81,940,enzyme_substrate,1
E3|P49427|P25963,E3|P49427,E3,P49427,P25963,CDC34,NFKBIA,81,762,enzyme_substrate,1
E3|P49427|P35222,E3|P49427,E3,P49427,P35222,CDC34,CTNNB1,81,674,enzyme_substrate,1
E3|P49427|P46527,E3|P49427,E3,P49427,P46527,CDC34,CDKN1B,81,558,enzyme_substrate,1
E3|P49427|Q03060,E3|P49427,E3,P49427,Q03060,CDC34,CREM,81,941,enzyme_substrate,1
E3|P49427|Q9Y297,E3|P49427,E3,P49427,Q9Y297,CDC34,BTRC,81,399,enzyme_substrate,1
E3|P50876|P00533,E3|P50876,E3,P50876,P00533,RNF144A,EGFR,82,679,enzyme_substrate,1
E3|P50876|P54652,E3|P50876,E3,P50876,P54652,RNF144A,HSPA2,82,942,enzyme_substrate,1
E3|P50876|P78527,E3|P50876,E3,P50876,P78527,RNF144A,PRKDC,82,741,enzyme_substrate,1
E3|P51617|Q96FA3,E3|P51617,E3,P51617,Q96FA3,IRAK1,PELI1,83,265,enzyme_substrate,1
E3|P53804|P31749,E3|P53804,E3,P53804,P31749,TTC3,AKT1,84,671,enzyme_substrate,1
E3|P53804|P31751,E3|P53804,E3,P53804,P31751,TTC3,AKT2,84,672,enzyme_substrate,1
E3|P53804|Q9Y243,E3|P53804,E3,P53804,Q9Y243,TTC3,AKT3,84,937,enzyme_substrate,1
E3|P54725|Q15672,E3|P54725,E3,P54725,Q15672,RAD23A,TWIST1,85,759,enzyme_substrate,1
E3|P62253|O60337,E3|P62253,E3,P62253,O60337,UBE2G1,MARCHF6,86,25,enzyme_substrate,1
E3|P62877|P03372,E3|P62877,E3,P62877,P03372,RBX1,ESR1,87,586,enzyme_substrate,1
E3|P62877|P23443,E3|P62877,E3,P62877,P23443,RBX1,RPS6KB1,87,943,enzyme_substrate,1
E3|P62877|P24928,E3|P62877,E3,P62877,P24928,RBX1,POLR2A,87,507,enzyme_substrate,1
E3|P62877|Q16236,E3|P62877,E3,P62877,Q16236,RBX1,NFE2L2,87,944,enzyme_substrate,1
E3|P62877|Q9UMX1,E3|P62877,E3,P62877,Q9UMX1,RBX1,SUFU,87,945,enzyme_substrate,1
E3|P63244|Q16665,E3|P63244,E3,P63244,Q16665,RACK1,HIF1A,88,563,enzyme_substrate,1
E3|P63244|Q9P126,E3|P63244,E3,P63244,Q9P126,RACK1,CLEC1B,88,946,enzyme_substrate,1
E3|P69720|Q8IUX4,E3|P69720,E3,P69720,Q8IUX4,vif,APOBEC3F,89,947,enzyme_substrate,1
E3|P69720|Q9HC16,E3|P69720,E3,P69720,Q9HC16,vif,APOBEC3G,89,728,enzyme_substrate,1
E3|P69720|Q9NRW3,E3|P69720,E3,P69720,Q9NRW3,vif,APOBEC3C,89,948,enzyme_substrate,1
E3|P78317|P08047,E3|P78317,E3,P78317,P08047,RNF4,SP1,90,949,enzyme_substrate,1
E3|P78317|P09874,E3|P78317,E3,P78317,P09874,RNF4,PARP1,90,57,enzyme_substrate,1
E3|P78317|P29590,E3|P78317,E3,P78317,P29590,RNF4,PML,90,71,enzyme_substrate,1
E3|P78317|P43268,E3|P78317,E3,P78317,P43268,RNF4,ETV4,90,950,enzyme_substrate,1
E3|P78317|P54253,E3|P78317,E3,P78317,P54253,RNF4,ATXN1,90,951,enzyme_substrate,1
E3|P78317|P61956,E3|P78317,E3,P78317,P61956,RNF4,SUMO2,90,952,enzyme_substrate,1
E3|P78317|P78317,E3|P78317,E3,P78317,P78317,RNF4,RNF4,90,90,enzyme_substrate,1
E3|P78317|Q6NUN9,E3|P78317,E3,P78317,Q6NUN9,RNF4,ZNF746,90,645,enzyme_substrate,1
E3|P78317|Q8N907,E3|P78317,E3,P78317,Q8N907,RNF4,DAND5,90,953,enzyme_substrate,1
E3|P78317|Q92674,E3|P78317,E3,P78317,Q92674,RNF4,CENPI,90,954,enzyme_substrate,1
E3|P78317|Q99708,E3|P78317,E3,P78317,Q99708,RNF4,RBBP8,90,861,enzyme_substrate,1
E3|P78317|Q99814,E3|P78317,E3,P78317,Q99814,RNF4,EPAS1,90,875,enzyme_substrate,1
E3|P90489|P01889,E3|P90489,E3,P90489,P01889,K5,HLA-B,91,955,enzyme_substrate,1
E3|P90489|P05362,E3|P90489,E3,P90489,P05362,K5,ICAM1,91,956,enzyme_substrate,1
E3|P90489|P15260,E3|P90489,E3,P90489,P15260,K5,IFNGR1,91,957,enzyme_substrate,1
E3|P90489|P15813,E3|P90489,E3,P90489,P15813,K5,CD1D,91,958,enzyme_substrate,1
E3|P90489|P16284,E3|P90489,E3,P90489,P16284,K5,PECAM1,91,959,enzyme_substrate,1
E3|P90489|P42081,E3|P90489,E3,P90489,P42081,K5,CD86,91,960,enzyme_substrate,1
E3|P90489|Q10589,E3|P90489,E3,P90489,Q10589,K5,BST2,91,961,enzyme_substrate,1
E3|P90489|Q13740,E3|P90489,E3,P90489,Q13740,K5,ALCAM,91,962,enzyme_substrate,1
E3|P90495|P04439,E3|P90495,E3,P90495,P04439,K3,HLA-A,92,963,enzyme_substrate,1
E3|P90495|P15260,E3|P90495,E3,P90495,P15260,K3,IFNGR1,92,957,enzyme_substrate,1
E3|P90495|P15813,E3|P90495,E3,P90495,P15813,K3,CD1D,92,958,enzyme_substrate,1
E3|P98170|O14618,E3|P98170,E3,P98170,O14618,XIAP,CCS,93,964,enzyme_substrate,1
E3|P98170|O15392,E3|P98170,E3,P98170,O15392,XIAP,BIRC5,93,965,enzyme_substrate,1
E3|P98170|O43236,E3|P98170,E3,P98170,O43236,XIAP,SEPTIN4,93,620,enzyme_substrate,1
E3|P98170|O43318,E3|P98170,E3,P98170,O43318,XIAP,MAP3K7,93,966,enzyme_substrate,1
E3|P98170|O43353,E3|P98170,E3,P98170,O43353,XIAP,RIPK2,93,967,enzyme_substrate,1
E3|P98170|O95831,E3|P98170,E3,P98170,O95831,XIAP,AIFM1,93,968,enzyme_substrate,1
E3|P98170|P04049,E3|P98170,E3,P98170,P04049,XIAP,RAF1,93,969,enzyme_substrate,1
E3|P98170|P0DMV8,E3|P98170,E3,P98170,P0DMV8,XIAP,HSPA1A,93,970,enzyme_substrate,1
E3|P98170|P37198,E3|P98170,E3,P98170,P37198,XIAP,NUP62,93,777,enzyme_substrate,1
E3|P98170|P42574,E3|P98170,E3,P98170,P42574,XIAP,CASP3,93,971,enzyme_substrate,1
E3|P98170|P55008,E3|P98170,E3,P98170,P55008,XIAP,AIF1,93,972,enzyme_substrate,1
E3|P98170|P55210,E3|P98170,E3,P98170,P55210,XIAP,CASP7,93,973,enzyme_substrate,1
E3|P98170|P55211,E3|P98170,E3,P98170,P55211,XIAP,CASP9,93,974,enzyme_substrate,1
E3|P98170|P57078,E3|P98170,E3,P98170,P57078,XIAP,RIPK4,93,975,enzyme_substrate,1
E3|P98170|P60484,E3|P98170,E3,P98170,P60484,XIAP,PTEN,93,509,enzyme_substrate,1
E3|P98170|P98170,E3|P98170,E3,P98170,P98170,XIAP,XIAP,93,93,enzyme_substrate,1
E3|P98170|Q04724,E3|P98170,E3,P98170,Q04724,XIAP,TLE1,93,976,enzyme_substrate,1
E3|P98170|Q04725,E3|P98170,E3,P98170,Q04725,XIAP,TLE2,93,977,enzyme_substrate,1
E3|P98170|Q04726,E3|P98170,E3,P98170,Q04726,XIAP,TLE3,93,978,enzyme_substrate,1
E3|P98170|Q04727,E3|P98170,E3,P98170,Q04727,XIAP,TLE4,93,979,enzyme_substrate,1
E3|P98170|Q08117,E3|P98170,E3,P98170,Q08117,XIAP,TLE5,93,980,enzyme_substrate,1
E3|P98170|Q14790,E3|P98170,E3,P98170,Q14790,XIAP,CASP8,93,981,enzyme_substrate,1
E3|P98170|Q6GPH4,E3|P98170,E3,P98170,Q6GPH4,XIAP,XAF1,93,982,enzyme_substrate,1
E3|P98170|Q8N668,E3|P98170,E3,P98170,Q8N668,XIAP,COMMD1,93,983,enzyme_substrate,1
E3|P98170|Q96HS1,E3|P98170,E3,P98170,Q96HS1,XIAP,PGAM5,93,984,enzyme_substrate,1
E3|P98170|Q99759,E3|P98170,E3,P98170,Q99759,XIAP,MAP3K3,93,985,enzyme_substrate,1
E3|P98170|Q9NR28,E3|P98170,E3,P98170,Q9NR28,XIAP,DIABLO,93,986,enzyme_substrate,1
E3|P98170|Q9Y2U5,E3|P98170,E3,P98170,Q9Y2U5,XIAP,MAP3K2,93,987,enzyme_substrate,1
E3|Q00987|O14746,E3|Q00987,E3,Q00987,O14746,MDM2,TERT,94,988,enzyme_substrate,1
E3|Q00987|O15055,E3|Q00987,E3,Q00987,O15055,MDM2,PER2,94,989,enzyme_substrate,1
E3|Q00987|O15145,E3|Q00987,E3,Q00987,O15145,MDM2,ARPC3,94,990,enzyme_substrate,1
E3|Q00987|O15151,E3|Q00987,E3,Q00987,O15151,MDM2,MDM4,94,12,enzyme_substrate,1
E3|Q00987|O15273,E3|Q00987,E3,Q00987,O15273,MDM2,TCAP,94,991,enzyme_substrate,1
E3|Q00987|O15350,E3|Q00987,E3,Q00987,O15350,MDM2,TP73,94,505,enzyme_substrate,1
E3|Q00987|O43463,E3|Q00987,E3,Q00987,O43463,MDM2,SUV39H1,94,992,enzyme_substrate,1
E3|Q00987|O43524,E3|Q00987,E3,Q00987,O43524,MDM2,FOXO3,94,993,enzyme_substrate,1
E3|Q00987|O43602,E3|Q00987,E3,Q00987,O43602,MDM2,DCX,94,994,enzyme_substrate,1
E3|Q00987|O60381,E3|Q00987,E3,Q00987,O60381,MDM2,HBP1,94,995,enzyme_substrate,1
E3|Q00987|O60936,E3|Q00987,E3,Q00987,O60936,MDM2,NOL3,94,996,enzyme_substrate,1
E3|Q00987|O75417,E3|Q00987,E3,Q00987,O75417,MDM2,POLQ,94,997,enzyme_substrate,1
E3|Q00987|O94916,E3|Q00987,E3,Q00987,O94916,MDM2,NFAT5,94,998,enzyme_substrate,1
E3|Q00987|O94992,E3|Q00987,E3,Q00987,O94992,MDM2,HEXIM1,94,999,enzyme_substrate,1
E3|Q00987|O95376,E3|Q00987,E3,Q00987,O95376,MDM2,ARIH2,94,47,enzyme_substrate,1
E3|Q00987|O95863,E3|Q00987,E3,Q00987,O95863,MDM2,SNAI1,94,758,enzyme_substrate,1
E3|Q00987|P00374,E3|Q00987,E3,Q00987,P00374,MDM2,DHFR,94,1000,enzyme_substrate,1
E3|Q00987|P04150,E3|Q00987,E3,Q00987,P04150,MDM2,NR3C1,94,1001,enzyme_substrate,1
E3|Q00987|P04637,E3|Q00987,E3,Q00987,P04637,MDM2,TP53,94,528,enzyme_substrate,1
E3|Q00987|P06400,E3|Q00987,E3,Q00987,P06400,MDM2,RB1,94,1002,enzyme_substrate,1
E3|Q00987|P08069,E3|Q00987,E3,Q00987,P08069,MDM2,IGF1R,94,798,enzyme_substrate,1
E3|Q00987|P10275,E3|Q00987,E3,Q00987,P10275,MDM2,AR,94,554,enzyme_substrate,1
E3|Q00987|P10276,E3|Q00987,E3,Q00987,P10276,MDM2,RARA,94,1003,enzyme_substrate,1
E3|Q00987|P10914,E3|Q00987,E3,Q00987,P10914,MDM2,IRF1,94,1004,enzyme_substrate,1
E3|Q00987|P12830,E3|Q00987,E3,Q00987,P12830,MDM2,CDH1,94,63,enzyme_substrate,1
E3|Q00987|P12956,E3|Q00987,E3,Q00987,P12956,MDM2,XRCC6,94,422,enzyme_substrate,1
E3|Q00987|P14316,E3|Q00987,E3,Q00987,P14316,MDM2,IRF2,94,1005,enzyme_substrate,1
E3|Q00987|P15259,E3|Q00987,E3,Q00987,P15259,MDM2,PGAM2,94,1006,enzyme_substrate,1
E3|Q00987|P15880,E3|Q00987,E3,Q00987,P15880,MDM2,RPS2,94,1007,enzyme_substrate,1
E3|Q00987|P18847,E3|Q00987,E3,Q00987,P18847,MDM2,ATF3,94,1008,enzyme_substrate,1
E3|Q00987|P19338,E3|Q00987,E3,Q00987,P19338,MDM2,NCL,94,1009,enzyme_substrate,1
E3|Q00987|P24522,E3|Q00987,E3,Q00987,P24522,MDM2,GADD45A,94,1010,enzyme_substrate,1
E3|Q00987|P24864,E3|Q00987,E3,Q00987,P24864,MDM2,CCNE1,94,593,enzyme_substrate,1
E3|Q00987|P25098,E3|Q00987,E3,Q00987,P25098,MDM2,ADRBK1,94,1011,enzyme_substrate,1
E3|Q00987|P27695,E3|Q00987,E3,Q00987,P27695,MDM2,APEX1,94,1012,enzyme_substrate,1
E3|Q00987|P32121,E3|Q00987,E3,Q00987,P32121,MDM2,ARRB2,94,1013,enzyme_substrate,1
E3|Q00987|P35568,E3|Q00987,E3,Q00987,P35568,MDM2,IRS1,94,522,enzyme_substrate,1
E3|Q00987|P35637,E3|Q00987,E3,Q00987,P35637,MDM2,FUS,94,1014,enzyme_substrate,1
E3|Q00987|P38936,E3|Q00987,E3,Q00987,P38936,MDM2,CDKN1A,94,529,enzyme_substrate,1
E3|Q00987|P40424,E3|Q00987,E3,Q00987,P40424,MDM2,PBX1,94,1015,enzyme_substrate,1
E3|Q00987|P40763,E3|Q00987,E3,Q00987,P40763,MDM2,STAT3,94,1016,enzyme_substrate,1
E3|Q00987|P41181,E3|Q00987,E3,Q00987,P41181,MDM2,AQP2,94,1017,enzyme_substrate,1
E3|Q00987|P46531,E3|Q00987,E3,Q00987,P46531,MDM2,NOTCH1,94,904,enzyme_substrate,1
E3|Q00987|P46695,E3|Q00987,E3,Q00987,P46695,MDM2,IER3,94,1018,enzyme_substrate,1
E3|Q00987|P49137,E3|Q00987,E3,Q00987,P49137,MDM2,MAPKAPK2,94,1019,enzyme_substrate,1
E3|Q00987|P49407,E3|Q00987,E3,Q00987,P49407,MDM2,ARRB1,94,1020,enzyme_substrate,1
E3|Q00987|P49757,E3|Q00987,E3,Q00987,P49757,MDM2,NUMB,94,1021,enzyme_substrate,1
E3|Q00987|P55036,E3|Q00987,E3,Q00987,P55036,MDM2,PSMD4,94,559,enzyme_substrate,1
E3|Q00987|P61254,E3|Q00987,E3,Q00987,P61254,MDM2,RPL26,94,1022,enzyme_substrate,1
E3|Q00987|P62979,E3|Q00987,E3,Q00987,P62979,MDM2,RPS27A,94,1023,enzyme_substrate,1
E3|Q00987|P78352,E3|Q00987,E3,Q00987,P78352,MDM2,DLG4,94,1024,enzyme_substrate,1
E3|Q00987|P98177,E3|Q00987,E3,Q00987,P98177,MDM2,FOXO4,94,1025,enzyme_substrate,1
E3|Q00987|Q00987,E3|Q00987,E3,Q00987,Q00987,MDM2,MDM2,94,94,enzyme_substrate,1
E3|Q00987|Q01094,E3|Q00987,E3,Q00987,Q01094,MDM2,E2F1,94,1026,enzyme_substrate,1
E3|Q00987|Q08499,E3|Q00987,E3,Q00987,Q08499,MDM2,PDE4D,94,1027,enzyme_substrate,1
E3|Q00987|Q09472,E3|Q00987,E3,Q00987,Q09472,MDM2,EP300,94,98,enzyme_substrate,1
E3|Q00987|Q12778,E3|Q00987,E3,Q00987,Q12778,MDM2,FOXO1,94,1028,enzyme_substrate,1
E3|Q00987|Q13469,E3|Q00987,E3,Q00987,Q13469,MDM2,NFATC2,94,1029,enzyme_substrate,1
E3|Q00987|Q13761,E3|Q00987,E3,Q00987,Q13761,MDM2,RUNX3,94,1030,enzyme_substrate,1
E3|Q00987|Q14191,E3|Q00987,E3,Q00987,Q14191,MDM2,WRN,94,1031,enzyme_substrate,1
E3|Q00987|Q15334,E3|Q00987,E3,Q00987,Q15334,MDM2,LLGL1,94,1032,enzyme_substrate,1
E3|Q00987|Q15361,E3|Q00987,E3,Q00987,Q15361,MDM2,TTF1,94,1033,enzyme_substrate,1
E3|Q00987|Q15466,E3|Q00987,E3,Q00987,Q15466,MDM2,NR0B2,94,1034,enzyme_substrate,1
E3|Q00987|Q15849,E3|Q00987,E3,Q00987,Q15849,MDM2,SLC14A2,94,1035,enzyme_substrate,1
E3|Q00987|Q16665,E3|Q00987,E3,Q00987,Q16665,MDM2,HIF1A,94,563,enzyme_substrate,1
E3|Q00987|Q16778,E3|Q00987,E3,Q00987,Q16778,MDM2,H2BC21,94,676,enzyme_substrate,1
E3|Q00987|Q7LG56,E3|Q00987,E3,Q00987,Q7LG56,MDM2,RRM2B,94,1036,enzyme_substrate,1
E3|Q00987|Q7Z6Z7,E3|Q00987,E3,Q00987,Q7Z6Z7,MDM2,HUWE1,94,176,enzyme_substrate,1
E3|Q00987|Q86Z02,E3|Q00987,E3,Q00987,Q86Z02,MDM2,HIPK1,94,1037,enzyme_substrate,1
E3|Q00987|Q8N9B5,E3|Q00987,E3,Q00987,Q8N9B5,MDM2,JMY,94,1038,enzyme_substrate,1
E3|Q00987|Q92630,E3|Q00987,E3,Q00987,Q92630,MDM2,DYRK2,94,245,enzyme_substrate,1
E3|Q00987|Q92731,E3|Q00987,E3,Q00987,Q92731,MDM2,ESR2,94,1039,enzyme_substrate,1
E3|Q00987|Q92793,E3|Q00987,E3,Q00987,Q92793,MDM2,CREBBP,94,1040,enzyme_substrate,1
E3|Q00987|Q92831,E3|Q00987,E3,Q00987,Q92831,MDM2,KAT2B,94,1041,enzyme_substrate,1
E3|Q00987|Q92993,E3|Q00987,E3,Q00987,Q92993,MDM2,KAT5,94,1042,enzyme_substrate,1
E3|Q00987|Q96AQ6,E3|Q00987,E3,Q00987,Q96AQ6,MDM2,PBXIP1,94,1043,enzyme_substrate,1
E3|Q00987|Q9BVP2,E3|Q00987,E3,Q00987,Q9BVP2,MDM2,GNL3,94,1044,enzyme_substrate,1
E3|Q00987|Q9BZS1,E3|Q00987,E3,Q00987,Q9BZS1,MDM2,FOXP3,94,1045,enzyme_substrate,1
E3|Q00987|Q9GZR7,E3|Q00987,E3,Q00987,Q9GZR7,MDM2,DDX24,94,1046,enzyme_substrate,1
E3|Q00987|Q9H2X6,E3|Q00987,E3,Q00987,Q9H2X6,MDM2,HIPK2,94,610,enzyme_substrate,1
E3|Q00987|Q9UER7,E3|Q00987,E3,Q00987,Q9UER7,MDM2,DAXX,94,615,enzyme_substrate,1
E3|Q00987|Q9UHR4,E3|Q00987,E3,Q00987,Q9UHR4,MDM2,BAIAP2L1,94,1047,enzyme_substrate,1
E3|Q00987|Q9Y2R9,E3|Q00987,E3,Q00987,Q9Y2R9,MDM2,MRPS7,94,1048,enzyme_substrate,1
E3|Q00987|Q9Y6B2,E3|Q00987,E3,Q00987,Q9Y6B2,MDM2,EID1,94,705,enzyme_substrate,1
E3|Q05086|O00327,E3|Q05086,E3,Q05086,O00327,UBE3A,ARNTL,95,1049,enzyme_substrate,1
E3|Q05086|O15145,E3|Q05086,E3,Q05086,O15145,UBE3A,ARPC3,95,990,enzyme_substrate,1
E3|Q05086|O43166,E3|Q05086,E3,Q05086,O43166,UBE3A,SIPA1L1,95,734,enzyme_substrate,1
E3|Q05086|P03372,E3|Q05086,E3,Q05086,P03372,UBE3A,ESR1,95,586,enzyme_substrate,1
E3|Q05086|P04083,E3|Q05086,E3,Q05086,P04083,UBE3A,ANXA1,95,1050,enzyme_substrate,1
E3|Q05086|P04271,E3|Q05086,E3,Q05086,P04271,UBE3A,S100B,95,791,enzyme_substrate,1
E3|Q05086|P04637,E3|Q05086,E3,Q05086,P04637,UBE3A,TP53,95,528,enzyme_substrate,1
E3|Q05086|P06400,E3|Q05086,E3,Q05086,P06400,UBE3A,RB1,95,1002,enzyme_substrate,1
E3|Q05086|P06733,E3|Q05086,E3,Q05086,P06733,UBE3A,ENO1,95,1051,enzyme_substrate,1
E3|Q05086|P26045,E3|Q05086,E3,Q05086,P26045,UBE3A,PTPN3,95,1052,enzyme_substrate,1
E3|Q05086|P29590,E3|Q05086,E3,Q05086,P29590,UBE3A,PML,95,71,enzyme_substrate,1
E3|Q05086|P33993,E3|Q05086,E3,Q05086,P33993,UBE3A,MCM7,95,1053,enzyme_substrate,1
E3|Q05086|P37840,E3|Q05086,E3,Q05086,P37840,UBE3A,SNCA,95,556,enzyme_substrate,1
E3|Q05086|P46527,E3|Q05086,E3,Q05086,P46527,UBE3A,CDKN1B,95,558,enzyme_substrate,1
E3|Q05086|P49715,E3|Q05086,E3,Q05086,P49715,UBE3A,CEBPA,95,713,enzyme_substrate,1
E3|Q05086|P49815,E3|Q05086,E3,Q05086,P49815,UBE3A,TSC2,95,683,enzyme_substrate,1
E3|Q05086|P51451,E3|Q05086,E3,Q05086,P51451,UBE3A,BLK,95,1054,enzyme_substrate,1
E3|Q05086|P54725,E3|Q05086,E3,Q05086,P54725,UBE3A,RAD23A,95,85,enzyme_substrate,1
E3|Q05086|P54727,E3|Q05086,E3,Q05086,P54727,UBE3A,RAD23B,95,1055,enzyme_substrate,1
E3|Q05086|P54821,E3|Q05086,E3,Q05086,P54821,UBE3A,PRRX1,95,1056,enzyme_substrate,1
E3|Q05086|P55036,E3|Q05086,E3,Q05086,P55036,UBE3A,PSMD4,95,559,enzyme_substrate,1
E3|Q05086|P78352,E3|Q05086,E3,Q05086,P78352,UBE3A,DLG4,95,1024,enzyme_substrate,1
E3|Q05086|Q05086,E3|Q05086,E3,Q05086,Q05086,UBE3A,UBE3A,95,95,enzyme_substrate,1
E3|Q05086|Q06830,E3|Q05086,E3,Q05086,Q06830,UBE3A,PRDX1,95,1057,enzyme_substrate,1
E3|Q05086|Q12959,E3|Q05086,E3,Q05086,Q12959,UBE3A,DLG1,95,735,enzyme_substrate,1
E3|Q05086|Q14160,E3|Q05086,E3,Q05086,Q14160,UBE3A,SCRIB,95,1058,enzyme_substrate,1
E3|Q05086|Q15257,E3|Q05086,E3,Q05086,Q15257,UBE3A,PTPA,95,122,enzyme_substrate,1
E3|Q05086|Q15334,E3|Q05086,E3,Q05086,Q15334,UBE3A,LLGL1,95,1032,enzyme_substrate,1
E3|Q05086|Q16611,E3|Q05086,E3,Q05086,Q16611,UBE3A,BAK1,95,1059,enzyme_substrate,1
E3|Q05086|Q8IXH7,E3|Q05086,E3,Q05086,Q8IXH7,UBE3A,NELFCD,95,1060,enzyme_substrate,1
E3|Q05086|Q8WTU0,E3|Q05086,E3,Q05086,Q8WTU0,UBE3A,DDI1,95,1061,enzyme_substrate,1
E3|Q05086|Q9HD26,E3|Q05086,E3,Q05086,Q9HD26,UBE3A,GOPC,95,1062,enzyme_substrate,1
E3|Q05086|Q9Y5K5,E3|Q05086,E3,Q05086,Q9Y5K5,UBE3A,UCHL5,95,494,enzyme_substrate,1
E3|Q05086|Q9Y6Q9,E3|Q05086,E3,Q05086,Q9Y6Q9,UBE3A,NCOA3,95,616,enzyme_substrate,1
E3|Q06587|P0C0S8,E3|Q06587,E3,Q06587,P0C0S8,RING1,H2AC11,96,691,enzyme_substrate,1
E3|Q06587|Q9H4L7,E3|Q06587,E3,Q06587,Q9H4L7,RING1,SMARCAD1,96,1063,enzyme_substrate,1
E3|Q07869|P10415,E3|Q07869,E3,Q07869,P10415,PPARA,BCL2,97,626,enzyme_substrate,1
E3|Q09472|P04637,E3|Q09472,E3,Q09472,P04637,EP300,TP53,98,528,enzyme_substrate,1
E3|Q09472|Q01094,E3|Q09472,E3,Q09472,Q01094,EP300,E2F1,98,1026,enzyme_substrate,1
E3|Q12834|O60566,E3|Q12834,E3,Q12834,O60566,CDC20,BUB1B,99,1064,enzyme_substrate,1
E3|Q12834|O95997,E3|Q12834,E3,Q12834,O95997,CDC20,PTTG1,99,718,enzyme_substrate,1
E3|Q12834|P13762,E3|Q12834,E3,Q12834,P13762,CDC20,HLA-DRB4,99,1065,enzyme_substrate,1
E3|Q12834|P14635,E3|Q12834,E3,Q12834,P14635,CDC20,CCNB1,99,497,enzyme_substrate,1
E3|Q12834|P20248,E3|Q12834,E3,Q12834,P20248,CDC20,CCNA2,99,1066,enzyme_substrate,1
E3|Q12834|P23497,E3|Q12834,E3,Q12834,P23497,CDC20,SP100,99,737,enzyme_substrate,1
E3|Q12834|P38936,E3|Q12834,E3,Q12834,P38936,CDC20,CDKN1A,99,529,enzyme_substrate,1
E3|Q12834|P46527,E3|Q12834,E3,Q12834,P46527,CDC20,CDKN1B,99,558,enzyme_substrate,1
E3|Q12834|P49454,E3|Q12834,E3,Q12834,P49454,CDC20,CENPF,99,1067,enzyme_substrate,1
E3|Q12834|P51955,E3|Q12834,E3,Q12834,P51955,CDC20,NEK2,99,634,enzyme_substrate,1
E3|Q12834|Q01196,E3|Q12834,E3,Q12834,Q01196,CDC20,RUNX1,99,1068,enzyme_substrate,1
E3|Q12834|Q03164,E3|Q12834,E3,Q12834,Q03164,CDC20,KMT2A,99,1069,enzyme_substrate,1
E3|Q12834|Q07820,E3|Q12834,E3,Q12834,Q07820,CDC20,MCL1,99,1070,enzyme_substrate,1
E3|Q12834|Q15784,E3|Q12834,E3,Q12834,Q15784,CDC20,NEUROD2,99,1071,enzyme_substrate,1
E3|Q12834|Q9H492,E3|Q12834,E3,Q12834,Q9H492,CDC20,MAP1LC3A,99,1072,enzyme_substrate,1
E3|Q12834|Q9NS23,E3|Q12834,E3,Q12834,Q9NS23,CDC20,RASSF1,99,1073,enzyme_substrate,1
E3|Q12834|Q9UBZ9,E3|Q12834,E3,Q12834,Q9UBZ9,CDC20,REV1,99,1074,enzyme_substrate,1
E3|Q12834|Q9UPP1,E3|Q12834,E3,Q12834,Q9UPP1,CDC20,PHF8,99,1075,enzyme_substrate,1
E3|Q12834|Q9Y2T1,E3|Q12834,E3,Q12834,Q9Y2T1,CDC20,AXIN2,99,1076,enzyme_substrate,1
E3|Q12834|Q9Y4A5,E3|Q12834,E3,Q12834,Q9Y4A5,CDC20,TRRAP,99,1077,enzyme_substrate,1
E3|Q12899|P37275,E3|Q12899,E3,Q12899,P37275,TRIM26,ZEB1,100,555,enzyme_substrate,1
E3|Q12899|Q14653,E3|Q12899,E3,Q12899,Q14653,TRIM26,IRF3,100,503,enzyme_substrate,1
E3|Q12933|O95147,E3|Q12933,E3,Q12933,O95147,TRAF2,DUSP14,101,623,enzyme_substrate,1
E3|Q12933|P00966,E3|Q12933,E3,Q12933,P00966,TRAF2,ASS1,101,1078,enzyme_substrate,1
E3|Q12933|Q12933,E3|Q12933,E3,Q12933,Q12933,TRAF2,TRAF2,101,101,enzyme_substrate,1
E3|Q12933|Q13105,E3|Q12933,E3,Q12933,Q13105,TRAF2,ZBTB17,101,1079,enzyme_substrate,1
E3|Q12933|Q13489,E3|Q12933,E3,Q12933,Q13489,TRAF2,BIRC3,101,112,enzyme_substrate,1
E3|Q12933|Q13546,E3|Q12933,E3,Q12933,Q13546,TRAF2,RIPK1,101,783,enzyme_substrate,1
E3|Q12933|Q13601,E3|Q12933,E3,Q12933,Q13601,TRAF2,KRR1,101,1080,enzyme_substrate,1
E3|Q12933|Q13627,E3|Q12933,E3,Q12933,Q13627,TRAF2,DYRK1A,101,1081,enzyme_substrate,1
E3|Q12933|Q14164,E3|Q12933,E3,Q12933,Q14164,TRAF2,IKBKE,101,1082,enzyme_substrate,1
E3|Q12933|Q15759,E3|Q12933,E3,Q12933,Q15759,TRAF2,MAPK11,101,1083,enzyme_substrate,1
E3|Q12933|Q8IUC6,E3|Q12933,E3,Q12933,Q8IUC6,TRAF2,TICAM1,101,513,enzyme_substrate,1
E3|Q12933|Q96BY2,E3|Q12933,E3,Q12933,Q96BY2,TRAF2,MOAP1,101,1084,enzyme_substrate,1
E3|Q12933|Q99558,E3|Q12933,E3,Q12933,Q99558,TRAF2,MAP3K14,101,1085,enzyme_substrate,1
E3|Q13049|P01106,E3|Q13049,E3,Q13049,P01106,TRIM32,MYC,102,709,enzyme_substrate,1
E3|Q13049|P04198,E3|Q13049,E3,Q13049,P04198,TRIM32,MYCN,102,894,enzyme_substrate,1
E3|Q13049|P17661,E3|Q13049,E3,Q13049,P17661,TRIM32,DES,102,1086,enzyme_substrate,1
E3|Q13049|P68133,E3|Q13049,E3,Q13049,P68133,TRIM32,ACTA1,102,1087,enzyme_substrate,1
E3|Q13049|P98170,E3|Q13049,E3,Q13049,P98170,TRIM32,XIAP,102,93,enzyme_substrate,1
E3|Q13049|Q05513,E3|Q13049,E3,Q13049,Q05513,TRIM32,PRKCZ,102,1088,enzyme_substrate,1
E3|Q13049|Q12933,E3|Q13049,E3,Q13049,Q12933,TRIM32,TRAF2,102,101,enzyme_substrate,1
E3|Q13049|Q13049,E3|Q13049,E3,Q13049,Q13049,TRIM32,TRIM32,102,102,enzyme_substrate,1
E3|Q13049|Q13501,E3|Q13049,E3,Q13049,Q13501,TRIM32,SQSTM1,102,114,enzyme_substrate,1
E3|Q13049|Q86WV6,E3|Q13049,E3,Q13049,Q86WV6,TRIM32,STING1,102,860,enzyme_substrate,1
E3|Q13049|Q8N2W9,E3|Q13049,E3,Q13049,Q8N2W9,TRIM32,PIAS4,102,202,enzyme_substrate,1
E3|Q13049|Q96BN8,E3|Q13049,E3,Q13049,Q96BN8,TRIM32,OTULIN,102,469,enzyme_substrate,1
E3|Q13049|Q96EV8,E3|Q13049,E3,Q13049,Q96EV8,TRIM32,DTNBP1,102,1089,enzyme_substrate,1
E3|Q13049|Q9BXC9,E3|Q13049,E3,Q13049,Q9BXC9,TRIM32,BBS2,102,1090,enzyme_substrate,1
E3|Q13049|Q9H9R9,E3|Q13049,E3,Q13049,Q9H9R9,TRIM32,DBNDD1,102,1091,enzyme_substrate,1
E3|Q13049|Q9NYB9,E3|Q13049,E3,Q13049,Q9NYB9,TRIM32,ABI2,102,1092,enzyme_substrate,1
E3|Q13049|Q9UHD2,E3|Q13049,E3,Q13049,Q9UHD2,TRIM32,TBK1,102,767,enzyme_substrate,1
E3|Q13049|Q9Y6X2,E3|Q13049,E3,Q13049,Q9Y6X2,TRIM32,PIAS3,102,768,enzyme_substrate,1
E3|Q13064|P11940,E3|Q13064,E3,Q13064,P11940,MKRN3,PABPC1,103,1093,enzyme_substrate,1
E3|Q13077|Q99558,E3|Q13077,E3,Q13077,Q99558,TRAF1,MAP3K14,104,1085,enzyme_substrate,1
E3|Q13114|O43318,E3|Q13114,E3,Q13114,O43318,TRAF3,MAP3K7,105,966,enzyme_substrate,1
E3|Q13114|O75385,E3|Q13114,E3,Q13114,O75385,TRAF3,ULK1,105,1094,enzyme_substrate,1
E3|Q13114|P63279,E3|Q13114,E3,Q13114,P63279,TRAF3,UBE2I,105,1095,enzyme_substrate,1
E3|Q13114|Q14164,E3|Q13114,E3,Q13114,Q14164,TRAF3,IKBKE,105,1082,enzyme_substrate,1
E3|Q13114|Q99558,E3|Q13114,E3,Q13114,Q99558,TRAF3,MAP3K14,105,1085,enzyme_substrate,1
E3|Q13114|Q9UHD2,E3|Q13114,E3,Q13114,Q9UHD2,TRAF3,TBK1,105,767,enzyme_substrate,1
E3|Q13191|O00459,E3|Q13191,E3,Q13191,O00459,CBLB,PIK3R2,106,1096,enzyme_substrate,1
E3|Q13191|P00533,E3|Q13191,E3,Q13191,P00533,CBLB,EGFR,106,679,enzyme_substrate,1
E3|Q13191|P12931,E3|Q13191,E3,Q13191,P12931,CBLB,SRC,106,807,enzyme_substrate,1
E3|Q13191|P16234,E3|Q13191,E3,Q13191,P16234,CBLB,PDGFRA,106,809,enzyme_substrate,1
E3|Q13191|P19174,E3|Q13191,E3,Q13191,P19174,CBLB,PLCG1,106,627,enzyme_substrate,1
E3|Q13191|P20963,E3|Q13191,E3,Q13191,P20963,CBLB,CD247,106,1097,enzyme_substrate,1
E3|Q13191|P27986,E3|Q13191,E3,Q13191,P27986,CBLB,PIK3R1,106,814,enzyme_substrate,1
E3|Q13191|P35568,E3|Q13191,E3,Q13191,P35568,CBLB,IRS1,106,522,enzyme_substrate,1
E3|Q13191|P43405,E3|Q13191,E3,Q13191,P43405,CBLB,SYK,106,823,enzyme_substrate,1
E3|Q13191|Q13191,E3|Q13191,E3,Q13191,Q13191,CBLB,CBLB,106,106,enzyme_substrate,1
E3|Q13191|Q96B97,E3|Q13191,E3,Q13191,Q96B97,CBLB,SH3KBP1,106,565,enzyme_substrate,1
E3|Q13191|Q96P20,E3|Q13191,E3,Q13191,Q96P20,CBLB,NLRP3,106,650,enzyme_substrate,1
E3|Q13191|Q9I788,E3|Q13191,E3,Q13191,Q9I788,CBLB,exoT,106,1098,enzyme_substrate,1
E3|Q13216|P0DP91,E3|Q13216,E3,Q13216,P0DP91,ERCC8,ERCC6,107,851,enzyme_substrate,1
E3|Q13216|Q03468,E3|Q13216,E3,Q13216,Q03468,ERCC8,ERCC6,107,1099,enzyme_substrate,1
E3|Q13233|P05412,E3|Q13233,E3,Q13233,P05412,MAP3K1,JUN,108,587,enzyme_substrate,1
E3|Q13233|P15408,E3|Q13233,E3,Q13233,P15408,MAP3K1,FOSL2,108,1100,enzyme_substrate,1
E3|Q13233|P27361,E3|Q13233,E3,Q13233,P27361,MAP3K1,MAPK3,108,1101,enzyme_substrate,1
E3|Q13233|P28482,E3|Q13233,E3,Q13233,P28482,MAP3K1,MAPK1,108,1102,enzyme_substrate,1
E3|Q13233|Q86Y01,E3|Q13233,E3,Q13233,Q86Y01,MAP3K1,DTX1,108,186,enzyme_substrate,1
E3|Q13263|P04637,E3|Q13263,E3,Q13263,P04637,TRIM28,TP53,109,528,enzyme_substrate,1
E3|Q13263|P07203,E3|Q13263,E3,Q13263,P07203,TRIM28,GPX1,109,1103,enzyme_substrate,1
E3|Q13263|P09467,E3|Q13263,E3,Q13263,P09467,TRIM28,FBP1,109,1104,enzyme_substrate,1
E3|Q13263|Q13131,E3|Q13263,E3,Q13263,Q13131,TRIM28,PRKAA1,109,1105,enzyme_substrate,1
E3|Q13263|Q92985,E3|Q13263,E3,Q13263,Q92985,TRIM28,IRF7,109,781,enzyme_substrate,1
E3|Q13309|A9UEZ6,E3|Q13309,E3,Q13309,A9UEZ6,SKP2,BCR/ABL fusion,110,1106,enzyme_substrate,1
E3|Q13309|O00221,E3|Q13309,E3,Q13309,O00221,SKP2,NFKBIE,110,1107,enzyme_substrate,1
E3|Q13309|O00233,E3|Q13309,E3,Q13309,O00233,SKP2,PSMD9,110,1108,enzyme_substrate,1
E3|Q13309|O00399,E3|Q13309,E3,Q13309,O00399,SKP2,DCTN6,110,1109,enzyme_substrate,1
E3|Q13309|O15553,E3|Q13309,E3,Q13309,O15553,SKP2,MEFV,110,1110,enzyme_substrate,1
E3|Q13309|O43524,E3|Q13309,E3,Q13309,O43524,SKP2,FOXO3,110,993,enzyme_substrate,1
E3|Q13309|O60934,E3|Q13309,E3,Q13309,O60934,SKP2,NBN,110,688,enzyme_substrate,1
E3|Q13309|P01106,E3|Q13309,E3,Q13309,P01106,SKP2,MYC,110,709,enzyme_substrate,1
E3|Q13309|P03129,E3|Q13309,E3,Q13309,P03129,SKP2,E7,110,1111,enzyme_substrate,1
E3|Q13309|P03372,E3|Q13309,E3,Q13309,P03372,SKP2,ESR1,110,586,enzyme_substrate,1
E3|Q13309|P04637,E3|Q13309,E3,Q13309,P04637,SKP2,TP53,110,528,enzyme_substrate,1
E3|Q13309|P05362,E3|Q13309,E3,Q13309,P05362,SKP2,ICAM1,110,956,enzyme_substrate,1
E3|Q13309|P06400,E3|Q13309,E3,Q13309,P06400,SKP2,RB1,110,1002,enzyme_substrate,1
E3|Q13309|P06790,E3|Q13309,E3,Q13309,P06790,SKP2,E2,110,1112,enzyme_substrate,1
E3|Q13309|P10244,E3|Q13309,E3,Q13309,P10244,SKP2,MYBL2,110,940,enzyme_substrate,1
E3|Q13309|P12830,E3|Q13309,E3,Q13309,P12830,SKP2,CDH1,110,63,enzyme_substrate,1
E3|Q13309|P15923,E3|Q13309,E3,Q13309,P15923,SKP2,TCF3,110,1113,enzyme_substrate,1
E3|Q13309|P17542,E3|Q13309,E3,Q13309,P17542,SKP2,TAL1,110,1114,enzyme_substrate,1
E3|Q13309|P20248,E3|Q13309,E3,Q13309,P20248,SKP2,CCNA2,110,1066,enzyme_substrate,1
E3|Q13309|P24385,E3|Q13309,E3,Q13309,P24385,SKP2,CCND1,110,1115,enzyme_substrate,1
E3|Q13309|P24864,E3|Q13309,E3,Q13309,P24864,SKP2,CCNE1,110,593,enzyme_substrate,1
E3|Q13309|P25963,E3|Q13309,E3,Q13309,P25963,SKP2,NFKBIA,110,762,enzyme_substrate,1
E3|Q13309|P28562,E3|Q13309,E3,Q13309,P28562,SKP2,DUSP1,110,1116,enzyme_substrate,1
E3|Q13309|P31749,E3|Q13309,E3,Q13309,P31749,SKP2,AKT1,110,671,enzyme_substrate,1
E3|Q13309|P31751,E3|Q13309,E3,Q13309,P31751,SKP2,AKT2,110,672,enzyme_substrate,1
E3|Q13309|P35222,E3|Q13309,E3,Q13309,P35222,SKP2,CTNNB1,110,674,enzyme_substrate,1
E3|Q13309|P35232,E3|Q13309,E3,Q13309,P35232,SKP2,PHB,110,776,enzyme_substrate,1
E3|Q13309|P36639,E3|Q13309,E3,Q13309,P36639,SKP2,NUDT1,110,1117,enzyme_substrate,1
E3|Q13309|P38398,E3|Q13309,E3,Q13309,P38398,SKP2,BRCA1,110,76,enzyme_substrate,1
E3|Q13309|P38936,E3|Q13309,E3,Q13309,P38936,SKP2,CDKN1A,110,529,enzyme_substrate,1
E3|Q13309|P46527,E3|Q13309,E3,Q13309,P46527,SKP2,CDKN1B,110,558,enzyme_substrate,1
E3|Q13309|P46937,E3|Q13309,E3,Q13309,P46937,SKP2,YAP1,110,632,enzyme_substrate,1
E3|Q13309|P49336,E3|Q13309,E3,Q13309,P49336,SKP2,CDK8,110,1118,enzyme_substrate,1
E3|Q13309|P49715,E3|Q13309,E3,Q13309,P49715,SKP2,CEBPA,110,713,enzyme_substrate,1
E3|Q13309|P49918,E3|Q13309,E3,Q13309,P49918,SKP2,CDKN1C,110,1119,enzyme_substrate,1
E3|Q13309|P50616,E3|Q13309,E3,Q13309,P50616,SKP2,TOB1,110,1120,enzyme_substrate,1
E3|Q13309|P50750,E3|Q13309,E3,Q13309,P50750,SKP2,CDK9,110,714,enzyme_substrate,1
E3|Q13309|P51587,E3|Q13309,E3,Q13309,P51587,SKP2,BRCA2,110,1121,enzyme_substrate,1
E3|Q13309|P52333,E3|Q13309,E3,Q13309,P52333,SKP2,JAK3,110,1122,enzyme_substrate,1
E3|Q13309|P55895,E3|Q13309,E3,Q13309,P55895,SKP2,RAG2,110,1123,enzyme_substrate,1
E3|Q13309|P61587,E3|Q13309,E3,Q13309,P61587,SKP2,RND3,110,1124,enzyme_substrate,1
E3|Q13309|P78543,E3|Q13309,E3,Q13309,P78543,SKP2,BTG2,110,1125,enzyme_substrate,1
E3|Q13309|P98174,E3|Q13309,E3,Q13309,P98174,SKP2,FGD1,110,1126,enzyme_substrate,1
E3|Q13309|Q01094,E3|Q13309,E3,Q13309,Q01094,SKP2,E2F1,110,1026,enzyme_substrate,1
E3|Q13309|Q03164,E3|Q13309,E3,Q13309,Q03164,SKP2,KMT2A,110,1069,enzyme_substrate,1
E3|Q13309|Q08999,E3|Q13309,E3,Q13309,Q08999,SKP2,RBL2,110,1127,enzyme_substrate,1
E3|Q13309|Q12778,E3|Q13309,E3,Q13309,Q12778,SKP2,FOXO1,110,1028,enzyme_substrate,1
E3|Q13309|Q13309,E3|Q13309,E3,Q13309,Q13309,SKP2,SKP2,110,110,enzyme_substrate,1
E3|Q13309|Q13415,E3|Q13309,E3,Q13309,Q13415,SKP2,ORC1,110,1128,enzyme_substrate,1
E3|Q13309|Q13485,E3|Q13309,E3,Q13309,Q13485,SKP2,SMAD4,110,1129,enzyme_substrate,1
E3|Q13309|Q15672,E3|Q13309,E3,Q13309,Q15672,SKP2,TWIST1,110,759,enzyme_substrate,1
E3|Q13309|Q15831,E3|Q13309,E3,Q13309,Q15831,SKP2,STK11,110,1130,enzyme_substrate,1
E3|Q13309|Q53EL6,E3|Q13309,E3,Q13309,Q53EL6,SKP2,PDCD4,110,1131,enzyme_substrate,1
E3|Q13309|Q5MJ70,E3|Q13309,E3,Q13309,Q5MJ70,SKP2,SPDYA,110,916,enzyme_substrate,1
E3|Q13309|Q6PGQ7,E3|Q13309,E3,Q13309,Q6PGQ7,SKP2,BORA,110,1132,enzyme_substrate,1
E3|Q13309|Q7L523,E3|Q13309,E3,Q13309,Q7L523,SKP2,RRAGA,110,1133,enzyme_substrate,1
E3|Q13309|Q86X55,E3|Q13309,E3,Q13309,Q86X55,SKP2,CARM1,110,1134,enzyme_substrate,1
E3|Q13309|Q8WWM9,E3|Q13309,E3,Q13309,Q8WWM9,SKP2,CYGB,110,1135,enzyme_substrate,1
E3|Q13309|Q96FS4,E3|Q13309,E3,Q13309,Q96FS4,SKP2,SIPA1,110,1136,enzyme_substrate,1
E3|Q13309|Q99607,E3|Q13309,E3,Q13309,Q99607,SKP2,ELF4,110,1137,enzyme_substrate,1
E3|Q13309|Q99801,E3|Q13309,E3,Q13309,Q99801,SKP2,NKX3-1,110,1138,enzyme_substrate,1
E3|Q13309|Q9BYF1,E3|Q13309,E3,Q13309,Q9BYF1,SKP2,ACE2,110,1139,enzyme_substrate,1
E3|Q13309|Q9H211,E3|Q13309,E3,Q13309,Q9H211,SKP2,CDT1,110,782,enzyme_substrate,1
E3|Q13309|Q9HCS4,E3|Q13309,E3,Q13309,Q9HCS4,SKP2,TCF7L1,110,1140,enzyme_substrate,1
E3|Q13309|Q9NS23,E3|Q13309,E3,Q13309,Q9NS23,SKP2,RASSF1,110,1073,enzyme_substrate,1
E3|Q13309|Q9NTG7,E3|Q13309,E3,Q13309,Q9NTG7,SKP2,SIRT3,110,1141,enzyme_substrate,1
E3|Q13309|Q9NXR8,E3|Q13309,E3,Q13309,Q9NXR8,SKP2,ING3,110,1142,enzyme_substrate,1
E3|Q13309|Q9UMW8,E3|Q13309,E3,Q13309,Q9UMW8,SKP2,USP18,110,488,enzyme_substrate,1
E3|Q13309|Q9Y297,E3|Q13309,E3,Q13309,Q9Y297,SKP2,BTRC,110,399,enzyme_substrate,1
E3|Q13356|O95863,E3|Q13356,E3,Q13356,O95863,PPIL2,SNAI1,111,758,enzyme_substrate,1
E3|Q13489|O43353,E3|Q13489,E3,Q13489,O43353,BIRC3,RIPK2,112,967,enzyme_substrate,1
E3|Q13489|O95999,E3|Q13489,E3,Q13489,O95999,BIRC3,BCL10,112,890,enzyme_substrate,1
E3|Q13489|P10914,E3|Q13489,E3,Q13489,P10914,BIRC3,IRF1,112,1004,enzyme_substrate,1
E3|Q13489|P42574,E3|Q13489,E3,Q13489,P42574,BIRC3,CASP3,112,971,enzyme_substrate,1
E3|Q13489|P55210,E3|Q13489,E3,Q13489,P55210,BIRC3,CASP7,112,973,enzyme_substrate,1
E3|Q13489|P57078,E3|Q13489,E3,Q13489,P57078,BIRC3,RIPK4,112,975,enzyme_substrate,1
E3|Q13489|Q12933,E3|Q13489,E3,Q13489,Q12933,BIRC3,TRAF2,112,101,enzyme_substrate,1
E3|Q13489|Q13077,E3|Q13489,E3,Q13489,Q13077,BIRC3,TRAF1,112,104,enzyme_substrate,1
E3|Q13489|Q13114,E3|Q13489,E3,Q13489,Q13114,BIRC3,TRAF3,112,105,enzyme_substrate,1
E3|Q13489|Q13489,E3|Q13489,E3,Q13489,Q13489,BIRC3,BIRC3,112,112,enzyme_substrate,1
E3|Q13489|Q13546,E3|Q13489,E3,Q13489,Q13546,BIRC3,RIPK1,112,783,enzyme_substrate,1
E3|Q13489|Q13601,E3|Q13489,E3,Q13489,Q13601,BIRC3,KRR1,112,1080,enzyme_substrate,1
E3|Q13489|Q14164,E3|Q13489,E3,Q13489,Q14164,BIRC3,IKBKE,112,1082,enzyme_substrate,1
E3|Q13489|Q14790,E3|Q13489,E3,Q13489,Q14790,BIRC3,CASP8,112,981,enzyme_substrate,1
E3|Q13489|Q86VP3,E3|Q13489,E3,Q13489,Q86VP3,BIRC3,PACS2,112,1143,enzyme_substrate,1
E3|Q13489|Q92844,E3|Q13489,E3,Q13489,Q92844,BIRC3,TANK,112,246,enzyme_substrate,1
E3|Q13489|Q99558,E3|Q13489,E3,Q13489,Q99558,BIRC3,MAP3K14,112,1085,enzyme_substrate,1
E3|Q13489|Q9NR28,E3|Q13489,E3,Q13489,Q9NR28,BIRC3,DIABLO,112,986,enzyme_substrate,1
E3|Q13489|Q9UDY8,E3|Q13489,E3,Q13489,Q9UDY8,BIRC3,MALT1,112,367,enzyme_substrate,1
E3|Q13489|Q9Y4K3,E3|Q13489,E3,Q13489,Q9Y4K3,BIRC3,TRAF6,112,407,enzyme_substrate,1
E3|Q13489|Q9Y572,E3|Q13489,E3,Q13489,Q9Y572,BIRC3,RIPK3,112,1144,enzyme_substrate,1
E3|Q13490|O43353,E3|Q13490,E3,Q13490,O43353,BIRC2,RIPK2,113,967,enzyme_substrate,1
E3|Q13490|P42574,E3|Q13490,E3,Q13490,P42574,BIRC2,CASP3,113,971,enzyme_substrate,1
E3|Q13490|P55060,E3|Q13490,E3,Q13490,P55060,BIRC2,CSE1L,113,1145,enzyme_substrate,1
E3|Q13490|P55210,E3|Q13490,E3,Q13490,P55210,BIRC2,CASP7,113,973,enzyme_substrate,1
E3|Q13490|P57078,E3|Q13490,E3,Q13490,P57078,BIRC2,RIPK4,113,975,enzyme_substrate,1
E3|Q13490|P63000,E3|Q13490,E3,Q13490,P63000,BIRC2,RAC1,113,1146,enzyme_substrate,1
E3|Q13490|Q05195,E3|Q13490,E3,Q13490,Q05195,BIRC2,MXD1,113,1147,enzyme_substrate,1
E3|Q13490|Q12933,E3|Q13490,E3,Q13490,Q12933,BIRC2,TRAF2,113,101,enzyme_substrate,1
E3|Q13490|Q13077,E3|Q13490,E3,Q13490,Q13077,BIRC2,TRAF1,113,104,enzyme_substrate,1
E3|Q13490|Q13114,E3|Q13490,E3,Q13490,Q13114,BIRC2,TRAF3,113,105,enzyme_substrate,1
E3|Q13490|Q13490,E3|Q13490,E3,Q13490,Q13490,BIRC2,BIRC2,113,113,enzyme_substrate,1
E3|Q13490|Q13546,E3|Q13490,E3,Q13490,Q13546,BIRC2,RIPK1,113,783,enzyme_substrate,1
E3|Q13490|Q14164,E3|Q13490,E3,Q13490,Q14164,BIRC2,IKBKE,113,1082,enzyme_substrate,1
E3|Q13490|Q14790,E3|Q13490,E3,Q13490,Q14790,BIRC2,CASP8,113,981,enzyme_substrate,1
E3|Q13490|Q86VP3,E3|Q13490,E3,Q13490,Q86VP3,BIRC2,PACS2,113,1143,enzyme_substrate,1
E3|Q13490|Q8NBP7,E3|Q13490,E3,Q13490,Q8NBP7,BIRC2,PCSK9,113,1148,enzyme_substrate,1
E3|Q13490|Q92844,E3|Q13490,E3,Q13490,Q92844,BIRC2,TANK,113,246,enzyme_substrate,1
E3|Q13490|Q96HS1,E3|Q13490,E3,Q13490,Q96HS1,BIRC2,PGAM5,113,984,enzyme_substrate,1
E3|Q13490|Q99558,E3|Q13490,E3,Q13490,Q99558,BIRC2,MAP3K14,113,1085,enzyme_substrate,1
E3|Q13490|Q99683,E3|Q13490,E3,Q13490,Q99683,BIRC2,MAP3K5,113,1149,enzyme_substrate,1
E3|Q13490|Q9NR28,E3|Q13490,E3,Q13490,Q9NR28,BIRC2,DIABLO,113,986,enzyme_substrate,1
E3|Q13490|Q9Y4K3,E3|Q13490,E3,Q13490,Q9Y4K3,BIRC2,TRAF6,113,407,enzyme_substrate,1
E3|Q13490|Q9Y572,E3|Q13490,E3,Q13490,Q9Y572,BIRC2,RIPK3,113,1144,enzyme_substrate,1
E3|Q13490|Q9Y6D9,E3|Q13490,E3,Q13490,Q9Y6D9,BIRC2,MAD1L1,113,1150,enzyme_substrate,1
E3|Q13490|Q9Y6K9,E3|Q13490,E3,Q13490,Q9Y6K9,BIRC2,IKBKG,113,663,enzyme_substrate,1
E3|Q13501|P00338,E3|Q13501,E3,Q13501,P00338,SQSTM1,LDHA,114,1151,enzyme_substrate,1
E3|Q13829|P61586,E3|Q13829,E3,Q13829,P61586,TNFAIP1,RHOA,115,1152,enzyme_substrate,1
E3|Q13829|P67870,E3|Q13829,E3,Q13829,P67870,TNFAIP1,CSNK2B,115,1153,enzyme_substrate,1
E3|Q14139|Q14139,E3|Q14139,E3,Q14139,Q14139,UBE4A,UBE4A,116,116,enzyme_substrate,1
E3|Q14145|O14920,E3|Q14145,E3,Q14145,O14920,KEAP1,IKBKB,117,773,enzyme_substrate,1
E3|Q14145|P25205,E3|Q14145,E3,Q14145,P25205,KEAP1,MCM3,117,1154,enzyme_substrate,1
E3|Q14145|P48436,E3|Q14145,E3,Q14145,P48436,KEAP1,SOX9,117,1155,enzyme_substrate,1
E3|Q14145|Q13501,E3|Q14145,E3,Q14145,Q13501,KEAP1,SQSTM1,117,114,enzyme_substrate,1
E3|Q14145|Q16236,E3|Q14145,E3,Q14145,Q16236,KEAP1,NFE2L2,117,944,enzyme_substrate,1
E3|Q14145|Q86YC2,E3|Q14145,E3,Q14145,Q86YC2,KEAP1,PALB2,117,1156,enzyme_substrate,1
E3|Q14145|Q96HS1,E3|Q14145,E3,Q14145,Q96HS1,KEAP1,PGAM5,117,984,enzyme_substrate,1
E3|Q14145|Q9GZT9,E3|Q14145,E3,Q14145,Q9GZT9,KEAP1,EGLN1,117,570,enzyme_substrate,1
E3|Q14258|O95786,E3|Q14258,E3,Q14258,O95786,TRIM25,DDX58,118,51,enzyme_substrate,1
E3|Q14258|P03372,E3|Q14258,E3,Q14258,P03372,TRIM25,ESR1,118,586,enzyme_substrate,1
E3|Q14258|P31947,E3|Q14258,E3,Q14258,P31947,TRIM25,SFN,118,1157,enzyme_substrate,1
E3|Q14258|P60484,E3|Q14258,E3,Q14258,P60484,TRIM25,PTEN,118,509,enzyme_substrate,1
E3|Q14258|Q12933,E3|Q14258,E3,Q14258,Q12933,TRIM25,TRAF2,118,101,enzyme_substrate,1
E3|Q14258|Q13330,E3|Q14258,E3,Q14258,Q13330,TRIM25,MTA1,118,1158,enzyme_substrate,1
E3|Q14258|Q13887,E3|Q14258,E3,Q14258,Q13887,TRIM25,KLF5,118,1159,enzyme_substrate,1
E3|Q14258|Q14145,E3|Q14258,E3,Q14258,Q14145,TRIM25,KEAP1,118,117,enzyme_substrate,1
E3|Q14258|Q14258,E3|Q14258,E3,Q14258,Q14258,TRIM25,TRIM25,118,118,enzyme_substrate,1
E3|Q14258|Q15911,E3|Q14258,E3,Q14258,Q15911,TRIM25,ZFHX3,118,1160,enzyme_substrate,1
E3|Q14258|Q7Z434,E3|Q14258,E3,Q14258,Q7Z434,TRIM25,MAVS,118,1161,enzyme_substrate,1
E3|Q14258|Q96RK0,E3|Q14258,E3,Q14258,Q96RK0,TRIM25,CIC,118,1162,enzyme_substrate,1
E3|Q14258|Q9UKV5,E3|Q14258,E3,Q14258,Q9UKV5,TRIM25,AMFR,118,388,enzyme_substrate,1
E3|Q14258|Q9Y572,E3|Q14258,E3,Q14258,Q9Y572,TRIM25,RIPK3,118,1144,enzyme_substrate,1
E3|Q14527|P12004,E3|Q14527,E3,Q14527,P12004,HLTF,PCNA,119,692,enzyme_substrate,1
E3|Q14669|P35712,E3|Q14669,E3,Q14669,P35712,TRIP12,SOX6,120,1163,enzyme_substrate,1
E3|Q14669|Q13564,E3|Q14669,E3,Q14669,Q13564,TRIP12,NAE1,120,1164,enzyme_substrate,1
E3|Q14669|Q8N6T3,E3|Q14669,E3,Q14669,Q8N6T3,TRIP12,ARFGAP1,120,1165,enzyme_substrate,1
E3|Q14669|Q8N726,E3|Q14669,E3,Q14669,Q8N726,TRIP12,CDKN2A,120,530,enzyme_substrate,1
E3|Q14669|Q969G3,E3|Q14669,E3,Q14669,Q969G3,TRIP12,SMARCE1,120,1166,enzyme_substrate,1
E3|Q149N8|P12004,E3|Q149N8,E3,Q149N8,P12004,SHPRH,PCNA,121,692,enzyme_substrate,1
E3|Q15257|P35226,E3|Q15257,E3,Q15257,P35226,PTPA,BMI1,122,72,enzyme_substrate,1
E3|Q15386|O15169,E3|Q15386,E3,Q15386,O15169,UBE3C,AXIN1,123,1167,enzyme_substrate,1
E3|Q15386|O75155,E3|Q15386,E3,Q15386,O75155,UBE3C,CAND2,123,1168,enzyme_substrate,1
E3|Q15386|Q09666,E3|Q15386,E3,Q15386,Q09666,UBE3C,AHNAK,123,1169,enzyme_substrate,1
E3|Q15386|Q15386,E3|Q15386,E3,Q15386,Q15386,UBE3C,UBE3C,123,123,enzyme_substrate,1
E3|Q15386|Q8NEB9,E3|Q15386,E3,Q15386,Q8NEB9,UBE3C,PIK3C3,123,1170,enzyme_substrate,1
E3|Q15751|P04049,E3|Q15751,E3,Q15751,P04049,HERC1,RAF1,124,969,enzyme_substrate,1
E3|Q15751|P48436,E3|Q15751,E3,Q15751,P48436,HERC1,SOX9,124,1155,enzyme_substrate,1
E3|Q15751|P49815,E3|Q15751,E3,Q15751,P49815,HERC1,TSC2,124,683,enzyme_substrate,1
E3|Q16531|O00482,E3|Q16531,E3,Q16531,O00482,DDB1,NR5A2,125,1171,enzyme_substrate,1
E3|Q16531|O15350,E3|Q16531,E3,Q16531,O15350,DDB1,TP73,125,505,enzyme_substrate,1
E3|Q16531|O75909,E3|Q16531,E3,Q16531,O75909,DDB1,CCNK,125,1172,enzyme_substrate,1
E3|Q16531|Q92905,E3|Q16531,E3,Q16531,Q92905,DDB1,COPS5,125,465,enzyme_substrate,1
E3|Q2Q1W2|Q6ZN17,E3|Q2Q1W2,E3,Q2Q1W2,Q6ZN17,TRIM71,LIN28B,126,1173,enzyme_substrate,1
E3|Q53G59|O94979,E3|Q53G59,E3,Q53G59,O94979,KLHL12,SEC31A,127,1174,enzyme_substrate,1
E3|Q53G59|P14635,E3|Q53G59,E3,Q53G59,P14635,KLHL12,CCNB1,127,497,enzyme_substrate,1
E3|Q53G59|P21917,E3|Q53G59,E3,Q53G59,P21917,KLHL12,DRD4,127,1175,enzyme_substrate,1
E3|Q53G59|Q92945,E3|Q53G59,E3,Q53G59,Q92945,KLHL12,KHSRP,127,1176,enzyme_substrate,1
E3|Q53G59|Q92997,E3|Q53G59,E3,Q53G59,Q92997,KLHL12,DVL3,127,1177,enzyme_substrate,1
E3|Q53G59|Q9C0E8,E3|Q53G59,E3,Q53G59,Q9C0E8,KLHL12,LNPK,127,1178,enzyme_substrate,1
E3|Q53G59|Q9NQW1,E3|Q53G59,E3,Q53G59,Q9NQW1,KLHL12,SEC31B,127,1179,enzyme_substrate,1
E3|Q53G59|Q9UBV8,E3|Q53G59,E3,Q53G59,Q9UBV8,KLHL12,PEF1,127,1180,enzyme_substrate,1
E3|Q53GT1|O75140,E3|Q53GT1,E3,Q53GT1,O75140,KLHL22,DEPDC5,128,1181,enzyme_substrate,1
E3|Q53GT1|P53350,E3|Q53GT1,E3,Q53GT1,P53350,KLHL22,PLK1,128,1182,enzyme_substrate,1
E3|Q5GLZ8|O95835,E3|Q5GLZ8,E3,Q5GLZ8,O95835,HERC4,LATS1,129,52,enzyme_substrate,1
E3|Q5T0T0|P00441,E3|Q5T0T0,E3,Q5T0T0,P00441,MARCHF8,SOD1,130,1183,enzyme_substrate,1
E3|Q5T0T0|P01023,E3|Q5T0T0,E3,Q5T0T0,P01023,MARCHF8,A2M,130,1184,enzyme_substrate,1
E3|Q5T0T0|P01903,E3|Q5T0T0,E3,Q5T0T0,P01903,MARCHF8,HLA-DRA,130,1185,enzyme_substrate,1
E3|Q5T0T0|P01911,E3|Q5T0T0,E3,Q5T0T0,P01911,MARCHF8,HLA-DRB1,130,1186,enzyme_substrate,1
E3|Q5T0T0|P01912,E3|Q5T0T0,E3,Q5T0T0,P01912,MARCHF8,HLA-DRB1,130,1187,enzyme_substrate,1
E3|Q5T0T0|P02786,E3|Q5T0T0,E3,Q5T0T0,P02786,MARCHF8,TFRC,130,1188,enzyme_substrate,1
E3|Q5T0T0|P04229,E3|Q5T0T0,E3,Q5T0T0,P04229,MARCHF8,HLA-DRB1,130,1189,enzyme_substrate,1
E3|Q5T0T0|P04233,E3|Q5T0T0,E3,Q5T0T0,P04233,MARCHF8,CD74,130,1190,enzyme_substrate,1
E3|Q5T0T0|P08195,E3|Q5T0T0,E3,Q5T0T0,P08195,MARCHF8,SLC3A2,130,1191,enzyme_substrate,1
E3|Q5T0T0|P08684,E3|Q5T0T0,E3,Q5T0T0,P08684,MARCHF8,CYP3A4,130,1192,enzyme_substrate,1
E3|Q5T0T0|P12830,E3|Q5T0T0,E3,Q5T0T0,P12830,MARCHF8,CDH1,130,63,enzyme_substrate,1
E3|Q5T0T0|P13760,E3|Q5T0T0,E3,Q5T0T0,P13760,MARCHF8,HLA-DRB1,130,1193,enzyme_substrate,1
E3|Q5T0T0|P13761,E3|Q5T0T0,E3,Q5T0T0,P13761,MARCHF8,HLA-DRB1,130,1194,enzyme_substrate,1
E3|Q5T0T0|P13762,E3|Q5T0T0,E3,Q5T0T0,P13762,MARCHF8,HLA-DRB4,130,1065,enzyme_substrate,1
E3|Q5T0T0|P20039,E3|Q5T0T0,E3,Q5T0T0,P20039,MARCHF8,HLA-DRB1,130,1195,enzyme_substrate,1
E3|Q5T0T0|P33076,E3|Q5T0T0,E3,Q5T0T0,P33076,MARCHF8,CIITA,130,1196,enzyme_substrate,1
E3|Q5T0T0|P42081,E3|Q5T0T0,E3,Q5T0T0,P42081,MARCHF8,CD86,130,960,enzyme_substrate,1
E3|Q5T0T0|P49327,E3|Q5T0T0,E3,Q5T0T0,P49327,MARCHF8,FASN,130,596,enzyme_substrate,1
E3|Q5T0T0|P54252,E3|Q5T0T0,E3,Q5T0T0,P54252,MARCHF8,ATXN3,130,429,enzyme_substrate,1
E3|Q5T0T0|P79483,E3|Q5T0T0,E3,Q5T0T0,P79483,MARCHF8,HLA-DRB3,130,1197,enzyme_substrate,1
E3|Q5T0T0|Q29974,E3|Q5T0T0,E3,Q5T0T0,Q29974,MARCHF8,HLA-DRB1,130,1198,enzyme_substrate,1
E3|Q5T0T0|Q30134,E3|Q5T0T0,E3,Q5T0T0,Q30134,MARCHF8,HLA-DRB1,130,1199,enzyme_substrate,1
E3|Q5T0T0|Q30154,E3|Q5T0T0,E3,Q5T0T0,Q30154,MARCHF8,HLA-DRB5,130,1200,enzyme_substrate,1
E3|Q5T0T0|Q30167,E3|Q5T0T0,E3,Q5T0T0,Q30167,MARCHF8,HLA-DRB1,130,1201,enzyme_substrate,1
E3|Q5T0T0|Q5Y7A7,E3|Q5T0T0,E3,Q5T0T0,Q5Y7A7,MARCHF8,HLA-DRB1,130,1202,enzyme_substrate,1
E3|Q5T0T0|Q7Z434,E3|Q5T0T0,E3,Q5T0T0,Q7Z434,MARCHF8,MAVS,130,1161,enzyme_substrate,1
E3|Q5T0T0|Q95IE3,E3|Q5T0T0,E3,Q5T0T0,Q95IE3,MARCHF8,HLA-DRB1,130,1203,enzyme_substrate,1
E3|Q5T0T0|Q9GIY3,E3|Q5T0T0,E3,Q5T0T0,Q9GIY3,MARCHF8,HLA-DRB1,130,1204,enzyme_substrate,1
E3|Q5T0T0|Q9NPH3,E3|Q5T0T0,E3,Q5T0T0,Q9NPH3,MARCHF8,IL1RAP,130,1205,enzyme_substrate,1
E3|Q5T0T0|Q9NZQ7,E3|Q5T0T0,E3,Q5T0T0,Q9NZQ7,MARCHF8,CD274,130,614,enzyme_substrate,1
E3|Q5T0T0|Q9TQE0,E3|Q5T0T0,E3,Q5T0T0,Q9TQE0,MARCHF8,HLA-DRB1,130,1206,enzyme_substrate,1
E3|Q5T447|P04049,E3|Q5T447,E3,Q5T447,P04049,HECTD3,RAF1,131,969,enzyme_substrate,1
E3|Q5T447|P55211,E3|Q5T447,E3,Q5T447,P55211,HECTD3,CASP9,131,974,enzyme_substrate,1
E3|Q5T447|Q14790,E3|Q5T447,E3,Q5T447,Q14790,HECTD3,CASP8,131,981,enzyme_substrate,1
E3|Q5T447|Q9H2D6,E3|Q5T447,E3,Q5T447,Q9H2D6,HECTD3,TRIOBP,131,1207,enzyme_substrate,1
E3|Q5T447|Q9UDY8,E3|Q5T447,E3,Q5T447,Q9UDY8,HECTD3,MALT1,131,367,enzyme_substrate,1
E3|Q5T447|Q9UNK0,E3|Q5T447,E3,Q5T447,Q9UNK0,HECTD3,STX8,131,1208,enzyme_substrate,1
E3|Q5T4S7|Q15678,E3|Q5T4S7,E3,Q5T4S7,Q15678,UBR4,PTPN14,132,1209,enzyme_substrate,1
E3|Q5T4S7|Q9NQA5,E3|Q5T4S7,E3,Q5T4S7,Q9NQA5,UBR4,TRPV5,132,1210,enzyme_substrate,1
E3|Q5T6F0|P43357,E3|Q5T6F0,E3,Q5T6F0,P43357,DCAF12,MAGEA3,133,1211,enzyme_substrate,1
E3|Q5T6F0|P43360,E3|Q5T6F0,E3,Q5T6F0,P43360,DCAF12,MAGEA6,133,1212,enzyme_substrate,1
E3|Q5TA31|P46937,E3|Q5TA31,E3,Q5TA31,P46937,RNF187,YAP1,134,632,enzyme_substrate,1
E3|Q5TAQ9|Q15773,E3|Q5TAQ9,E3,Q5TAQ9,Q15773,DCAF8,MLF2,135,1213,enzyme_substrate,1
E3|Q5TC82|Q9Y6W8,E3|Q5TC82,E3,Q5TC82,Q9Y6W8,RC3H1,ICOS,136,1214,enzyme_substrate,1
E3|Q5U5Q3|O95786,E3|Q5U5Q3,E3,Q5U5Q3,O95786,MEX3C,DDX58,137,51,enzyme_substrate,1
E3|Q5U5R9|O75925,E3|Q5U5R9,E3,Q5U5R9,O75925,HECTD2,PIAS1,138,551,enzyme_substrate,1
E3|Q5VTB9|O75182,E3|Q5VTB9,E3,Q5VTB9,O75182,RNF220,SIN3B,139,1215,enzyme_substrate,1
E3|Q5VTB9|Q5VTB9,E3|Q5VTB9,E3,Q5VTB9,Q5VTB9,RNF220,RNF220,139,139,enzyme_substrate,1
E3|Q5VTB9|Q96ST3,E3|Q5VTB9,E3,Q5VTB9,Q96ST3,RNF220,SIN3A,139,1216,enzyme_substrate,1
E3|Q5VTR2|P62807,E3|Q5VTR2,E3,Q5VTR2,P62807,RNF20,H2BC4,140,1217,enzyme_substrate,1
E3|Q5VTR2|Q16778,E3|Q5VTR2,E3,Q5VTR2,Q16778,RNF20,H2BC21,140,676,enzyme_substrate,1
E3|Q5VTR2|Q96A08,E3|Q5VTR2,E3,Q5VTR2,Q96A08,RNF20,HIST1H2BA,140,677,enzyme_substrate,1
E3|Q5VTR2|Q9UQ80,E3|Q5VTR2,E3,Q5VTR2,Q9UQ80,RNF20,PA2G4,140,678,enzyme_substrate,1
E3|Q5VU92|P03427,E3|Q5VU92,E3,Q5VU92,P03427,DCAF12L1,PB2,141,1218,enzyme_substrate,1
E3|Q5XPI4|O14641,E3|Q5XPI4,E3,Q5XPI4,O14641,RNF123,DVL2,142,865,enzyme_substrate,1
E3|Q5XPI4|P19838,E3|Q5XPI4,E3,Q5XPI4,P19838,RNF123,NFKB1,142,1219,enzyme_substrate,1
E3|Q5XPI4|P45973,E3|Q5XPI4,E3,Q5XPI4,P45973,RNF123,CBX5,142,1220,enzyme_substrate,1
E3|Q5XPI4|P46527,E3|Q5XPI4,E3,Q5XPI4,P46527,RNF123,CDKN1B,142,558,enzyme_substrate,1
E3|Q5XPI4|P83916,E3|Q5XPI4,E3,Q5XPI4,P83916,RNF123,CBX1,142,1221,enzyme_substrate,1
E3|Q5XPI4|Q16589,E3|Q5XPI4,E3,Q5XPI4,Q16589,RNF123,CCNG2,142,1222,enzyme_substrate,1
E3|Q5XUX0|O95863,E3|Q5XUX0,E3,Q5XUX0,O95863,FBXO31,SNAI1,143,758,enzyme_substrate,1
E3|Q5XUX0|P24385,E3|Q5XUX0,E3,Q5XUX0,P24385,FBXO31,CCND1,143,1115,enzyme_substrate,1
E3|Q5XUX0|P30279,E3|Q5XUX0,E3,Q5XUX0,P30279,FBXO31,CCND2,143,1223,enzyme_substrate,1
E3|Q5XUX0|P52564,E3|Q5XUX0,E3,Q5XUX0,P52564,FBXO31,MAP2K6,143,1224,enzyme_substrate,1
E3|Q5XUX0|Q00987,E3|Q5XUX0,E3,Q5XUX0,Q00987,FBXO31,MDM2,143,94,enzyme_substrate,1
E3|Q5XUX0|Q9H211,E3|Q5XUX0,E3,Q5XUX0,Q9H211,FBXO31,CDT1,143,782,enzyme_substrate,1
E3|Q5XUX0|Q9NPB6,E3|Q5XUX0,E3,Q5XUX0,Q9NPB6,FBXO31,PARD6A,143,1225,enzyme_substrate,1
E3|Q5XX13|P45973,E3|Q5XX13,E3,Q5XX13,P45973,FBXW10,CBX5,144,1220,enzyme_substrate,1
E3|Q63HN8|P00367,E3|Q63HN8,E3,Q63HN8,P00367,RNF213,GLUD1,145,1226,enzyme_substrate,1
E3|Q66K64|Q14498,E3|Q66K64,E3,Q66K64,Q14498,DCAF15,RBM39,146,1227,enzyme_substrate,1
E3|Q66K89|P04637,E3|Q66K89,E3,Q66K89,P04637,E4F1,TP53,147,528,enzyme_substrate,1
E3|Q68DV7|Q13467,E3|Q68DV7,E3,Q68DV7,Q13467,RNF43,FZD5,148,1228,enzyme_substrate,1
E3|Q68DV7|Q68DV7,E3|Q68DV7,E3,Q68DV7,Q68DV7,RNF43,RNF43,148,148,enzyme_substrate,1
E3|Q68DV7|Q9ULX6,E3|Q68DV7,E3,Q68DV7,Q9ULX6,RNF43,AKAP8L,148,1229,enzyme_substrate,1
E3|Q693B1|Q13547,E3|Q693B1,E3,Q693B1,Q13547,KCTD11,HDAC1,149,1230,enzyme_substrate,1
E3|Q6JEL2|P14635,E3|Q6JEL2,E3,Q6JEL2,P14635,KLHL10,CCNB1,150,497,enzyme_substrate,1
E3|Q6P050|P35609,E3|Q6P050,E3,Q6P050,P35609,FBXL22,ACTN2,151,1231,enzyme_substrate,1
E3|Q6P050|Q14315,E3|Q6P050,E3,Q6P050,Q14315,FBXL22,FLNC,151,1232,enzyme_substrate,1
E3|Q6P3S6|P04637,E3|Q6P3S6,E3,Q6P3S6,P04637,FBXO42,TP53,152,528,enzyme_substrate,1
E3|Q6PCD5|P04637,E3|Q6PCD5,E3,Q6PCD5,P04637,RFWD3,TP53,153,528,enzyme_substrate,1
E3|Q6PCD5|Q06609,E3|Q6PCD5,E3,Q6PCD5,Q06609,RFWD3,RAD51,153,1233,enzyme_substrate,1
E3|Q6PCT2|P43699,E3|Q6PCT2,E3,Q6PCT2,P43699,FBXL19,NKX2-1,154,1234,enzyme_substrate,1
E3|Q6PCT2|P60953,E3|Q6PCT2,E3,Q6PCT2,P60953,FBXL19,CDC42,154,1235,enzyme_substrate,1
E3|Q6PCT2|P61586,E3|Q6PCT2,E3,Q6PCT2,P61586,FBXL19,RHOA,154,1152,enzyme_substrate,1
E3|Q6PCT2|P63000,E3|Q6PCT2,E3,Q6PCT2,P63000,FBXL19,RAC1,154,1146,enzyme_substrate,1
E3|Q6PCT2|Q01638,E3|Q6PCT2,E3,Q6PCT2,Q01638,FBXL19,IL1RL1,154,1236,enzyme_substrate,1
E3|Q6PJ21|O95863,E3|Q6PJ21,E3,Q6PJ21,O95863,SPSB3,SNAI1,155,758,enzyme_substrate,1
E3|Q6PJ69|P07355,E3|Q6PJ69,E3,Q6PJ69,P07355,TRIM65,ANXA2,156,1237,enzyme_substrate,1
E3|Q6PJ69|P19320,E3|Q6PJ69,E3,Q6PJ69,P19320,TRIM65,VCAM1,156,1238,enzyme_substrate,1
E3|Q6PJ69|Q8NDV7,E3|Q6PJ69,E3,Q6PJ69,Q8NDV7,TRIM65,TNRC6A,156,1239,enzyme_substrate,1
E3|Q6PJ69|Q9NRY4,E3|Q6PJ69,E3,Q6PJ69,Q9NRY4,TRIM65,ARHGAP35,156,1240,enzyme_substrate,1
E3|Q6Q0C0|O43474,E3|Q6Q0C0,E3,Q6Q0C0,O43474,TRAF7,KLF4,157,1241,enzyme_substrate,1
E3|Q6Q0C0|P04637,E3|Q6Q0C0,E3,Q6Q0C0,P04637,TRAF7,TP53,157,528,enzyme_substrate,1
E3|Q6Q0C0|Q6Q0C0,E3|Q6Q0C0,E3,Q6Q0C0,Q6Q0C0,TRAF7,TRAF7,157,157,enzyme_substrate,1
E3|Q6R327|O00141,E3|Q6R327,E3,Q6R327,O00141,RICTOR,SGK1,158,1242,enzyme_substrate,1
E3|Q6TDP4|Q13002,E3|Q6TDP4,E3,Q6TDP4,Q13002,KLHL17,GRIK2,159,1243,enzyme_substrate,1
E3|Q6UWE0|P00519,E3|Q6UWE0,E3,Q6UWE0,P00519,LRSAM1,ABL1,160,789,enzyme_substrate,1
E3|Q6UWE0|Q05086,E3|Q6UWE0,E3,Q6UWE0,Q05086,LRSAM1,UBE3A,160,95,enzyme_substrate,1
E3|Q6UWE0|Q99816,E3|Q6UWE0,E3,Q6UWE0,Q99816,LRSAM1,TSG101,160,664,enzyme_substrate,1
E3|Q6VVB1|B3EWF7,E3|Q6VVB1,E3,Q6VVB1,B3EWF7,NHLRC1,EPM2A,161,1244,enzyme_substrate,1
E3|Q6VVB1|O14641,E3|Q6VVB1,E3,Q6VVB1,O14641,NHLRC1,DVL2,161,865,enzyme_substrate,1
E3|Q6VVB1|O95278,E3|Q6VVB1,E3,Q6VVB1,O95278,NHLRC1,EPM2A,161,1245,enzyme_substrate,1
E3|Q6VVB1|P35573,E3|Q6VVB1,E3,Q6VVB1,P35573,NHLRC1,AGL,161,1246,enzyme_substrate,1
E3|Q6VVB1|Q9UQK1,E3|Q6VVB1,E3,Q6VVB1,Q9UQK1,NHLRC1,PPP1R3C,161,1247,enzyme_substrate,1
E3|Q6X9E4|Q8N6P7,E3|Q6X9E4,E3,Q6X9E4,Q8N6P7,FBXW12,IL22RA1,162,1248,enzyme_substrate,1
E3|Q6ZMZ0|Q9NWZ5,E3|Q6ZMZ0,E3,Q6ZMZ0,Q9NWZ5,RNF19B,UCKL1,163,1249,enzyme_substrate,1
E3|Q6ZN04|O95149,E3|Q6ZN04,E3,Q6ZN04,O95149,MEX3B,SNUPN,164,1250,enzyme_substrate,1
E3|Q6ZNA4|O15105,E3|Q6ZNA4,E3,Q6ZNA4,O15105,RNF111,SMAD7,165,504,enzyme_substrate,1
E3|Q6ZNA4|P12755,E3|Q6ZNA4,E3,Q6ZNA4,P12755,RNF111,SKI,165,1251,enzyme_substrate,1
E3|Q6ZNA4|P12757,E3|Q6ZNA4,E3,Q6ZNA4,P12757,RNF111,SKIL,165,1252,enzyme_substrate,1
E3|Q6ZNA4|P29590,E3|Q6ZNA4,E3,Q6ZNA4,P29590,RNF111,PML,165,71,enzyme_substrate,1
E3|Q6ZNA4|P61956,E3|Q6ZNA4,E3,Q6ZNA4,P61956,RNF111,SUMO2,165,952,enzyme_substrate,1
E3|Q6ZNA4|P84022,E3|Q6ZNA4,E3,Q6ZNA4,P84022,RNF111,SMAD3,165,510,enzyme_substrate,1
E3|Q6ZNA4|Q15796,E3|Q6ZNA4,E3,Q6ZNA4,Q15796,RNF111,SMAD2,165,1253,enzyme_substrate,1
E3|Q6ZNA4|Q16236,E3|Q6ZNA4,E3,Q6ZNA4,Q16236,RNF111,NFE2L2,165,944,enzyme_substrate,1
E3|Q6ZW49|P12004,E3|Q6ZW49,E3,Q6ZW49,P12004,PAXIP1,PCNA,166,692,enzyme_substrate,1
E3|Q75N03|P07355,E3|Q75N03,E3,Q75N03,P07355,CBLL1,ANXA2,167,1237,enzyme_substrate,1
E3|Q75N03|P12830,E3|Q75N03,E3,Q75N03,P12830,CBLL1,CDH1,167,63,enzyme_substrate,1
E3|Q75N03|Q14247,E3|Q75N03,E3,Q75N03,Q14247,CBLL1,CTTN,167,754,enzyme_substrate,1
E3|Q75N03|Q93070,E3|Q75N03,E3,Q75N03,Q93070,CBLL1,ART4,167,1254,enzyme_substrate,1
E3|Q76N89|O14640,E3|Q76N89,E3,Q76N89,O14640,HECW1,DVL1,168,1255,enzyme_substrate,1
E3|Q76N89|Q13485,E3|Q76N89,E3,Q76N89,Q13485,HECW1,SMAD4,168,1129,enzyme_substrate,1
E3|Q76N89|Q15361,E3|Q76N89,E3,Q76N89,Q15361,HECW1,TTF1,168,1033,enzyme_substrate,1
E3|Q7L5Y6|O00763,E3|Q7L5Y6,E3,Q7L5Y6,O00763,DET1,ACACB,169,1256,enzyme_substrate,1
E3|Q7L5Y6|P04637,E3|Q7L5Y6,E3,Q7L5Y6,P04637,DET1,TP53,169,528,enzyme_substrate,1
E3|Q7L5Y6|P05412,E3|Q7L5Y6,E3,Q7L5Y6,P05412,DET1,JUN,169,587,enzyme_substrate,1
E3|Q7L5Y6|Q12778,E3|Q7L5Y6,E3,Q7L5Y6,Q12778,DET1,FOXO1,169,1028,enzyme_substrate,1
E3|Q7L5Y6|Q13085,E3|Q7L5Y6,E3,Q7L5Y6,Q13085,DET1,ACACA,169,1257,enzyme_substrate,1
E3|Q7L5Y6|Q13330,E3|Q7L5Y6,E3,Q7L5Y6,Q13330,DET1,MTA1,169,1158,enzyme_substrate,1
E3|Q7L5Y6|Q53ET0,E3|Q7L5Y6,E3,Q7L5Y6,Q53ET0,DET1,CRTC2,169,1258,enzyme_substrate,1
E3|Q7Z419|O60294,E3|Q7Z419,E3,Q7Z419,O60294,RNF144B,LCMT2,170,1259,enzyme_substrate,1
E3|Q7Z419|P06748,E3|Q7Z419,E3,Q7Z419,P06748,RNF144B,NPM1,170,850,enzyme_substrate,1
E3|Q7Z419|P38936,E3|Q7Z419,E3,Q7Z419,P38936,RNF144B,CDKN1A,170,529,enzyme_substrate,1
E3|Q7Z419|Q07812,E3|Q7Z419,E3,Q7Z419,Q07812,RNF144B,BAX,170,637,enzyme_substrate,1
E3|Q7Z4K8|Q07869,E3|Q7Z4K8,E3,Q7Z4K8,Q07869,TRIM46,PPARA,171,97,enzyme_substrate,1
E3|Q7Z569|Q7Z569,E3|Q7Z569,E3,Q7Z569,Q7Z569,BRAP,BRAP,172,172,enzyme_substrate,1
E3|Q7Z569|Q9UNH5,E3|Q7Z569,E3,Q7Z569,Q9UNH5,BRAP,CDC14A,172,1260,enzyme_substrate,1
E3|Q7Z569|Q9Y4E8,E3|Q7Z569,E3,Q7Z569,Q9Y4E8,BRAP,USP15,172,492,enzyme_substrate,1
E3|Q7Z6E9|P62993,E3|Q7Z6E9,E3,Q7Z6E9,P62993,RBBP6,GRB2,173,1261,enzyme_substrate,1
E3|Q7Z6E9|P67809,E3|Q7Z6E9,E3,Q7Z6E9,P67809,RBBP6,YBX1,173,1262,enzyme_substrate,1
E3|Q7Z6E9|Q8NAP3,E3|Q7Z6E9,E3,Q7Z6E9,Q8NAP3,RBBP6,ZBTB38,173,746,enzyme_substrate,1
E3|Q7Z6J0|O14964,E3|Q7Z6J0,E3,Q7Z6J0,O14964,SH3RF1,HGS,174,785,enzyme_substrate,1
E3|Q7Z6J0|P48048,E3|Q7Z6J0,E3,Q7Z6J0,P48048,SH3RF1,KCNJ1,174,1263,enzyme_substrate,1
E3|Q7Z6J0|P63252,E3|Q7Z6J0,E3,Q7Z6J0,P63252,SH3RF1,KCNJ2,174,1264,enzyme_substrate,1
E3|Q7Z6J0|Q15011,E3|Q7Z6J0,E3,Q7Z6J0,Q15011,SH3RF1,HERPUD1,174,1265,enzyme_substrate,1
E3|Q7Z6J0|Q7Z6J0,E3|Q7Z6J0,E3,Q7Z6J0,Q7Z6J0,SH3RF1,SH3RF1,174,174,enzyme_substrate,1
E3|Q7Z6J0|Q8WUM4,E3|Q7Z6J0,E3,Q7Z6J0,Q8WUM4,SH3RF1,PDCD6IP,174,918,enzyme_substrate,1
E3|Q7Z6J0|Q9UBP5,E3|Q7Z6J0,E3,Q7Z6J0,Q9UBP5,SH3RF1,HEY2,174,1266,enzyme_substrate,1
E3|Q7Z6M2|O00303,E3|Q7Z6M2,E3,Q7Z6M2,O00303,FBXO33,EIF3F,175,1267,enzyme_substrate,1
E3|Q7Z6M2|P67809,E3|Q7Z6M2,E3,Q7Z6M2,P67809,FBXO33,YBX1,175,1262,enzyme_substrate,1
E3|Q7Z6Z7|O14757,E3|Q7Z6Z7,E3,Q7Z6Z7,O14757,HUWE1,CHEK1,176,1268,enzyme_substrate,1
E3|Q7Z6Z7|O15294,E3|Q7Z6Z7,E3,Q7Z6Z7,O15294,HUWE1,OGT,176,1269,enzyme_substrate,1
E3|Q7Z6Z7|O75928,E3|Q7Z6Z7,E3,Q7Z6Z7,O75928,HUWE1,PIAS2,176,35,enzyme_substrate,1
E3|Q7Z6Z7|P01106,E3|Q7Z6Z7,E3,Q7Z6Z7,P01106,HUWE1,MYC,176,709,enzyme_substrate,1
E3|Q7Z6Z7|P04198,E3|Q7Z6Z7,E3,Q7Z6Z7,P04198,HUWE1,MYCN,176,894,enzyme_substrate,1
E3|Q7Z6Z7|P04637,E3|Q7Z6Z7,E3,Q7Z6Z7,P04637,HUWE1,TP53,176,528,enzyme_substrate,1
E3|Q7Z6Z7|P06746,E3|Q7Z6Z7,E3,Q7Z6Z7,P06746,HUWE1,POLB,176,1270,enzyme_substrate,1
E3|Q7Z6Z7|P12004,E3|Q7Z6Z7,E3,Q7Z6Z7,P12004,HUWE1,PCNA,176,692,enzyme_substrate,1
E3|Q7Z6Z7|P15172,E3|Q7Z6Z7,E3,Q7Z6Z7,P15172,HUWE1,MYOD1,176,1271,enzyme_substrate,1
E3|Q7Z6Z7|P16401,E3|Q7Z6Z7,E3,Q7Z6Z7,P16401,HUWE1,H1-5,176,1272,enzyme_substrate,1
E3|Q7Z6Z7|P20393,E3|Q7Z6Z7,E3,Q7Z6Z7,P20393,HUWE1,NR1D1,176,1273,enzyme_substrate,1
E3|Q7Z6Z7|P33778,E3|Q7Z6Z7,E3,Q7Z6Z7,P33778,HUWE1,H2BC3,176,1274,enzyme_substrate,1
E3|Q7Z6Z7|P37173,E3|Q7Z6Z7,E3,Q7Z6Z7,P37173,HUWE1,TGFBR2,176,1275,enzyme_substrate,1
E3|Q7Z6Z7|P38398,E3|Q7Z6Z7,E3,Q7Z6Z7,P38398,HUWE1,BRCA1,176,76,enzyme_substrate,1
E3|Q7Z6Z7|P50553,E3|Q7Z6Z7,E3,Q7Z6Z7,P50553,HUWE1,ASCL1,176,1276,enzyme_substrate,1
E3|Q7Z6Z7|P52789,E3|Q7Z6Z7,E3,Q7Z6Z7,P52789,HUWE1,HK2,176,1277,enzyme_substrate,1
E3|Q7Z6Z7|P62805,E3|Q7Z6Z7,E3,Q7Z6Z7,P62805,HUWE1,H4C1,176,1278,enzyme_substrate,1
E3|Q7Z6Z7|Q02539,E3|Q7Z6Z7,E3,Q7Z6Z7,Q02539,HUWE1,H1-1,176,1279,enzyme_substrate,1
E3|Q7Z6Z7|Q07820,E3|Q7Z6Z7,E3,Q7Z6Z7,Q07820,HUWE1,MCL1,176,1070,enzyme_substrate,1
E3|Q7Z6Z7|Q07869,E3|Q7Z6Z7,E3,Q7Z6Z7,Q07869,HUWE1,PPARA,176,97,enzyme_substrate,1
E3|Q7Z6Z7|Q13105,E3|Q7Z6Z7,E3,Q7Z6Z7,Q13105,HUWE1,ZBTB17,176,1079,enzyme_substrate,1
E3|Q7Z6Z7|Q13115,E3|Q7Z6Z7,E3,Q7Z6Z7,Q13115,HUWE1,DUSP4,176,1280,enzyme_substrate,1
E3|Q7Z6Z7|Q16777,E3|Q7Z6Z7,E3,Q7Z6Z7,Q16777,HUWE1,H2AC20,176,696,enzyme_substrate,1
E3|Q7Z6Z7|Q71DI3,E3|Q7Z6Z7,E3,Q7Z6Z7,Q71DI3,HUWE1,H3C15,176,1281,enzyme_substrate,1
E3|Q7Z6Z7|Q7Z6Z7,E3|Q7Z6Z7,E3,Q7Z6Z7,Q7Z6Z7,HUWE1,HUWE1,176,176,enzyme_substrate,1
E3|Q7Z6Z7|Q8IUE6,E3|Q7Z6Z7,E3,Q7Z6Z7,Q8IUE6,HUWE1,H2AC21,176,697,enzyme_substrate,1
E3|Q7Z6Z7|Q8IZG5,E3|Q7Z6Z7,E3,Q7Z6Z7,Q8IZG5,HUWE1,SS18,176,1282,enzyme_substrate,1
E3|Q7Z6Z7|Q92769,E3|Q7Z6Z7,E3,Q7Z6Z7,Q92769,HUWE1,HDAC2,176,1283,enzyme_substrate,1
E3|Q7Z6Z7|Q92858,E3|Q7Z6Z7,E3,Q7Z6Z7,Q92858,HUWE1,ATOH1,176,1284,enzyme_substrate,1
E3|Q7Z6Z7|Q96A08,E3|Q7Z6Z7,E3,Q7Z6Z7,Q96A08,HUWE1,H2BC1,176,677,enzyme_substrate,1
E3|Q7Z6Z7|Q99741,E3|Q7Z6Z7,E3,Q7Z6Z7,Q99741,HUWE1,CDC6,176,668,enzyme_substrate,1
E3|Q7Z6Z7|Q9UGP5,E3|Q7Z6Z7,E3,Q7Z6Z7,Q9UGP5,HUWE1,POLL,176,1285,enzyme_substrate,1
E3|Q7Z6Z7|Q9UIF7,E3|Q7Z6Z7,E3,Q7Z6Z7,Q9UIF7,HUWE1,MUTYH,176,1286,enzyme_substrate,1
E3|Q7Z6Z7|Q9UQ80,E3|Q7Z6Z7,E3,Q7Z6Z7,Q9UQ80,HUWE1,PA2G4,176,678,enzyme_substrate,1
E3|Q7Z6Z7|Q9Y4C1,E3|Q7Z6Z7,E3,Q7Z6Z7,Q9Y4C1,HUWE1,KDM3A,176,1287,enzyme_substrate,1
E3|Q7Z6Z7|Q9Y4P8,E3|Q7Z6Z7,E3,Q7Z6Z7,Q9Y4P8,HUWE1,WIPI2,176,1288,enzyme_substrate,1
E3|Q86T96|O95388,E3|Q86T96,E3,Q86T96,O95388,RNF180,CCN4,177,1289,enzyme_substrate,1
E3|Q86T96|O95409,E3|Q86T96,E3,Q86T96,O95409,RNF180,ZIC2,177,1290,enzyme_substrate,1
E3|Q86T96|P08134,E3|Q86T96,E3,Q86T96,P08134,RNF180,RHOC,177,1291,enzyme_substrate,1
E3|Q86T96|Q9NYY3,E3|Q86T96,E3,Q86T96,Q9NYY3,RNF180,PLK2,177,1292,enzyme_substrate,1
E3|Q86TM6|O00141,E3|Q86TM6,E3,Q86TM6,O00141,SYVN1,SGK1,178,1242,enzyme_substrate,1
E3|Q86TM6|O00327,E3|Q86TM6,E3,Q86TM6,O00327,SYVN1,ARNTL,178,1049,enzyme_substrate,1
E3|Q86TM6|O15354,E3|Q86TM6,E3,Q86TM6,O15354,SYVN1,GPR37,178,618,enzyme_substrate,1
E3|Q86TM6|O75460,E3|Q86TM6,E3,Q86TM6,O75460,SYVN1,ERN1,178,1293,enzyme_substrate,1
E3|Q86TM6|P01009,E3|Q86TM6,E3,Q86TM6,P01009,SYVN1,SERPINA1,178,1294,enzyme_substrate,1
E3|Q86TM6|P01848,E3|Q86TM6,E3,Q86TM6,P01848,SYVN1,TRAC,178,1295,enzyme_substrate,1
E3|Q86TM6|P04035,E3|Q86TM6,E3,Q86TM6,P04035,SYVN1,HMGCR,178,1296,enzyme_substrate,1
E3|Q86TM6|P04234,E3|Q86TM6,E3,Q86TM6,P04234,SYVN1,CD3D,178,669,enzyme_substrate,1
E3|Q86TM6|P04637,E3|Q86TM6,E3,Q86TM6,P04637,SYVN1,TP53,178,528,enzyme_substrate,1
E3|Q86TM6|P05067,E3|Q86TM6,E3,Q86TM6,P05067,SYVN1,APP,178,1297,enzyme_substrate,1
E3|Q86TM6|P10636,E3|Q86TM6,E3,Q86TM6,P10636,SYVN1,MAPT,178,1298,enzyme_substrate,1
E3|Q86TM6|P10909,E3|Q86TM6,E3,Q86TM6,P10909,SYVN1,CLU,178,868,enzyme_substrate,1
E3|Q86TM6|P22304,E3|Q86TM6,E3,Q86TM6,P22304,SYVN1,IDS,178,1299,enzyme_substrate,1
E3|Q86TM6|P31645,E3|Q86TM6,E3,Q86TM6,P31645,SYVN1,SLC6A4,178,1300,enzyme_substrate,1
E3|Q86TM6|P42858,E3|Q86TM6,E3,Q86TM6,P42858,SYVN1,HTT,178,711,enzyme_substrate,1
E3|Q86TM6|P78380,E3|Q86TM6,E3,Q86TM6,P78380,SYVN1,OLR1,178,1301,enzyme_substrate,1
E3|Q86TM6|Q5T5C0,E3|Q86TM6,E3,Q86TM6,Q5T5C0,SYVN1,STXBP5,178,1302,enzyme_substrate,1
E3|Q86TM6|Q86TM6,E3|Q86TM6,E3,Q86TM6,Q86TM6,SYVN1,SYVN1,178,178,enzyme_substrate,1
E3|Q86TM6|Q8WXF7,E3|Q86TM6,E3,Q86TM6,Q8WXF7,SYVN1,ATL1,178,1303,enzyme_substrate,1
E3|Q86TM6|Q92542,E3|Q86TM6,E3,Q86TM6,Q92542,SYVN1,NCSTN,178,1304,enzyme_substrate,1
E3|Q86TM6|Q96AJ1,E3|Q86TM6,E3,Q86TM6,Q96AJ1,SYVN1,CLUAP1,178,1305,enzyme_substrate,1
E3|Q86TM6|Q96M98,E3|Q86TM6,E3,Q86TM6,Q96M98,SYVN1,PACRG,178,1306,enzyme_substrate,1
E3|Q86TM6|Q9UKV5,E3|Q86TM6,E3,Q86TM6,Q9UKV5,SYVN1,AMFR,178,388,enzyme_substrate,1
E3|Q86UW9|Q86UW9,E3|Q86UW9,E3,Q86UW9,Q86UW9,DTX2,DTX2,179,179,enzyme_substrate,1
E3|Q86WB0|P14635,E3|Q86WB0,E3,Q86WB0,P14635,ZC3HC1,CCNB1,180,497,enzyme_substrate,1
E3|Q86WC4|P08754,E3|Q86WC4,E3,Q86WC4,P08754,OSTM1,GNAI3,181,1307,enzyme_substrate,1
E3|Q86WT6|P04637,E3|Q86WT6,E3,Q86WT6,P04637,TRIM69,TP53,182,528,enzyme_substrate,1
E3|Q86XK2|O75626,E3|Q86XK2,E3,Q86XK2,O75626,FBXO11,PRDM1,183,1308,enzyme_substrate,1
E3|Q86XK2|O95863,E3|Q86XK2,E3,Q86XK2,O95863,FBXO11,SNAI1,183,758,enzyme_substrate,1
E3|Q86XK2|P04637,E3|Q86XK2,E3,Q86XK2,P04637,FBXO11,TP53,183,528,enzyme_substrate,1
E3|Q86XK2|P41182,E3|Q86XK2,E3,Q86XK2,P41182,FBXO11,BCL6,183,1309,enzyme_substrate,1
E3|Q86XK2|Q9NZJ0,E3|Q86XK2,E3,Q86XK2,Q9NZJ0,FBXO11,DTL,183,354,enzyme_substrate,1
E3|Q86XS8|Q15836,E3|Q86XS8,E3,Q86XS8,Q15836,RNF130,VAMP3,184,1310,enzyme_substrate,1
E3|Q86XT4|Q86XT4,E3|Q86XT4,E3,Q86XT4,Q86XT4,TRIM50,TRIM50,185,185,enzyme_substrate,1
E3|Q86Y01|Q13233,E3|Q86Y01,E3,Q86Y01,Q13233,DTX1,MAP3K1,186,108,enzyme_substrate,1
E3|Q86Y01|Q86Y01,E3|Q86Y01,E3,Q86Y01,Q86Y01,DTX1,DTX1,186,186,enzyme_substrate,1
E3|Q86Y13|P04908,E3|Q86Y13,E3,Q86Y13,P04908,DZIP3,H2AC4,187,577,enzyme_substrate,1
E3|Q86Y13|P54253,E3|Q86Y13,E3,Q86Y13,P54253,DZIP3,ATXN1,187,951,enzyme_substrate,1
E3|Q86Y13|Q08AJ9,E3|Q86Y13,E3,Q86Y13,Q08AJ9,DZIP3,HIST1H2AB,187,1311,enzyme_substrate,1
E3|Q86YJ5|O60486,E3|Q86YJ5,E3,Q86YJ5,O60486,MARCHF9,PLXNC1,188,1312,enzyme_substrate,1
E3|Q86YJ5|P01730,E3|Q86YJ5,E3,Q86YJ5,P01730,MARCHF9,CD4,188,498,enzyme_substrate,1
E3|Q86YJ5|P01880,E3|Q86YJ5,E3,Q86YJ5,P01880,MARCHF9,IGHD,188,1313,enzyme_substrate,1
E3|Q86YJ5|P01909,E3|Q86YJ5,E3,Q86YJ5,P01909,MARCHF9,HLA-DQA1,188,1314,enzyme_substrate,1
E3|Q86YJ5|P01920,E3|Q86YJ5,E3,Q86YJ5,P01920,MARCHF9,HLA-DQB1,188,1315,enzyme_substrate,1
E3|Q86YJ5|P05362,E3|Q86YJ5,E3,Q86YJ5,P05362,MARCHF9,ICAM1,188,956,enzyme_substrate,1
E3|Q86YJ5|P10586,E3|Q86YJ5,E3,Q86YJ5,P10586,MARCHF9,PTPRF,188,1316,enzyme_substrate,1
E3|Q86YJ5|P15151,E3|Q86YJ5,E3,Q86YJ5,P15151,MARCHF9,PVR,188,1317,enzyme_substrate,1
E3|Q86YJ5|P18433,E3|Q86YJ5,E3,Q86YJ5,P18433,MARCHF9,PTPRA,188,1318,enzyme_substrate,1
E3|Q86YJ5|P31994,E3|Q86YJ5,E3,Q86YJ5,P31994,MARCHF9,FCGR2B,188,1319,enzyme_substrate,1
E3|Q86YJ5|Q12913,E3|Q86YJ5,E3,Q86YJ5,Q12913,MARCHF9,PTPRJ,188,1320,enzyme_substrate,1
E3|Q86YJ5|Q13291,E3|Q86YJ5,E3,Q86YJ5,Q13291,MARCHF9,SLAMF1,188,1321,enzyme_substrate,1
E3|Q86YJ5|Q6BAA4,E3|Q86YJ5,E3,Q86YJ5,Q6BAA4,MARCHF9,FCRLB,188,1322,enzyme_substrate,1
E3|Q86YJ5|Q8NHL6,E3|Q86YJ5,E3,Q86YJ5,Q8NHL6,MARCHF9,LILRB1,188,1323,enzyme_substrate,1
E3|Q86YJ5|Q96LA5,E3|Q86YJ5,E3,Q86YJ5,Q96LA5,MARCHF9,FCRL2,188,1324,enzyme_substrate,1
E3|Q86YJ5|Q9BV40,E3|Q86YJ5,E3,Q86YJ5,Q9BV40,MARCHF9,VAMP8,188,1325,enzyme_substrate,1
E3|Q86YJ5|Q9UHN6,E3|Q86YJ5,E3,Q86YJ5,Q9UHN6,MARCHF9,CEMIP2,188,1326,enzyme_substrate,1
E3|Q86YT6|O00548,E3|Q86YT6,E3,Q86YT6,O00548,MIB1,DLL1,189,499,enzyme_substrate,1
E3|Q86YT6|O15078,E3|Q86YT6,E3,Q86YT6,O15078,MIB1,CEP290,189,1327,enzyme_substrate,1
E3|Q86YT6|P53355,E3|Q86YT6,E3,Q86YT6,P53355,MIB1,DAPK1,189,1328,enzyme_substrate,1
E3|Q86YT6|P54132,E3|Q86YT6,E3,Q86YT6,P54132,MIB1,BLM,189,694,enzyme_substrate,1
E3|Q86YT6|P78504,E3|Q86YT6,E3,Q86YT6,P78504,MIB1,JAG1,189,1329,enzyme_substrate,1
E3|Q86YT6|Q15154,E3|Q86YT6,E3,Q86YT6,Q15154,MIB1,PCM1,189,1330,enzyme_substrate,1
E3|Q86YT6|Q16637,E3|Q86YT6,E3,Q86YT6,Q16637,MIB1,SMN1,189,755,enzyme_substrate,1
E3|Q86YT6|Q86YT6,E3|Q86YT6,E3,Q86YT6,Q86YT6,MIB1,MIB1,189,189,enzyme_substrate,1
E3|Q86YT6|Q9HCM4,E3|Q86YT6,E3,Q86YT6,Q9HCM4,MIB1,EPB41L5,189,1331,enzyme_substrate,1
E3|Q86YT6|Q9NR61,E3|Q86YT6,E3,Q86YT6,Q9NR61,MIB1,DLL4,189,500,enzyme_substrate,1
E3|Q86YT6|Q9NYJ7,E3|Q86YT6,E3,Q86YT6,Q9NYJ7,MIB1,DLL3,189,501,enzyme_substrate,1
E3|Q86YT6|Q9UHD2,E3|Q86YT6,E3,Q86YT6,Q9UHD2,MIB1,TBK1,189,767,enzyme_substrate,1
E3|Q86YT6|Q9UNE0,E3|Q86YT6,E3,Q86YT6,Q9UNE0,MIB1,EDAR,189,502,enzyme_substrate,1
E3|Q86YT6|Q9UPN4,E3|Q86YT6,E3,Q86YT6,Q9UPN4,MIB1,CEP131,189,1332,enzyme_substrate,1
E3|Q8IUD6|O95786,E3|Q8IUD6,E3,Q8IUD6,O95786,RNF135,DDX58,190,51,enzyme_substrate,1
E3|Q8IUQ4|O00472,E3|Q8IUQ4,E3,Q8IUQ4,O00472,SIAH1,ELL2,191,1333,enzyme_substrate,1
E3|Q8IUQ4|O75525,E3|Q8IUQ4,E3,Q8IUQ4,O75525,SIAH1,KHDRBS3,191,1334,enzyme_substrate,1
E3|Q8IUQ4|P08247,E3|Q8IUQ4,E3,Q8IUQ4,P08247,SIAH1,SYP,191,553,enzyme_substrate,1
E3|Q8IUQ4|P10242,E3|Q8IUQ4,E3,Q8IUQ4,P10242,SIAH1,MYB,191,1335,enzyme_substrate,1
E3|Q8IUQ4|P29590,E3|Q8IUQ4,E3,Q8IUQ4,P29590,SIAH1,PML,191,71,enzyme_substrate,1
E3|Q8IUQ4|P35222,E3|Q8IUQ4,E3,Q8IUQ4,P35222,SIAH1,CTNNB1,191,674,enzyme_substrate,1
E3|Q8IUQ4|P36888,E3|Q8IUQ4,E3,Q8IUQ4,P36888,SIAH1,FLT3,191,1336,enzyme_substrate,1
E3|Q8IUQ4|P37275,E3|Q8IUQ4,E3,Q8IUQ4,P37275,SIAH1,ZEB1,191,555,enzyme_substrate,1
E3|Q8IUQ4|P37840,E3|Q8IUQ4,E3,Q8IUQ4,P37840,SIAH1,SNCA,191,556,enzyme_substrate,1
E3|Q8IUQ4|P40305,E3|Q8IUQ4,E3,Q8IUQ4,P40305,SIAH1,IFI27,191,1337,enzyme_substrate,1
E3|Q8IUQ4|P41594,E3|Q8IUQ4,E3,Q8IUQ4,P41594,SIAH1,GRM5,191,1338,enzyme_substrate,1
E3|Q8IUQ4|P43146,E3|Q8IUQ4,E3,Q8IUQ4,P43146,SIAH1,DCC,191,557,enzyme_substrate,1
E3|Q8IUQ4|P49675,E3|Q8IUQ4,E3,Q8IUQ4,P49675,SIAH1,STAR,191,1339,enzyme_substrate,1
E3|Q8IUQ4|P49757,E3|Q8IUQ4,E3,Q8IUQ4,P49757,SIAH1,NUMB,191,1021,enzyme_substrate,1
E3|Q8IUQ4|P51825,E3|Q8IUQ4,E3,Q8IUQ4,P51825,SIAH1,AFF1,191,1340,enzyme_substrate,1
E3|Q8IUQ4|P55199,E3|Q8IUQ4,E3,Q8IUQ4,P55199,SIAH1,ELL,191,1341,enzyme_substrate,1
E3|Q8IUQ4|P60903,E3|Q8IUQ4,E3,Q8IUQ4,P60903,SIAH1,S100A10,191,1342,enzyme_substrate,1
E3|Q8IUQ4|P98161,E3|Q8IUQ4,E3,Q8IUQ4,P98161,SIAH1,PKD1,191,1343,enzyme_substrate,1
E3|Q8IUQ4|P98170,E3|Q8IUQ4,E3,Q8IUQ4,P98170,SIAH1,XIAP,191,93,enzyme_substrate,1
E3|Q8IUQ4|Q07912,E3|Q8IUQ4,E3,Q8IUQ4,Q07912,SIAH1,TNK2,191,909,enzyme_substrate,1
E3|Q8IUQ4|Q13118,E3|Q8IUQ4,E3,Q8IUQ4,Q13118,SIAH1,KLF10,191,1344,enzyme_substrate,1
E3|Q8IUQ4|Q14807,E3|Q8IUQ4,E3,Q8IUQ4,Q14807,SIAH1,KIF22,191,1345,enzyme_substrate,1
E3|Q8IUQ4|Q15554,E3|Q8IUQ4,E3,Q8IUQ4,Q15554,SIAH1,TERF2,191,1346,enzyme_substrate,1
E3|Q8IUQ4|Q16633,E3|Q8IUQ4,E3,Q8IUQ4,Q16633,SIAH1,POU2AF1,191,561,enzyme_substrate,1
E3|Q8IUQ4|Q16665,E3|Q8IUQ4,E3,Q8IUQ4,Q16665,SIAH1,HIF1A,191,563,enzyme_substrate,1
E3|Q8IUQ4|Q6IE81,E3|Q8IUQ4,E3,Q8IUQ4,Q6IE81,SIAH1,JADE1,191,1347,enzyme_substrate,1
E3|Q8IUQ4|Q96KS0,E3|Q8IUQ4,E3,Q8IUQ4,Q96KS0,SIAH1,EGLN2,191,566,enzyme_substrate,1
E3|Q8IUQ4|Q96RU7,E3|Q8IUQ4,E3,Q8IUQ4,Q96RU7,SIAH1,TRIB3,191,280,enzyme_substrate,1
E3|Q8IUQ4|Q99708,E3|Q8IUQ4,E3,Q8IUQ4,Q99708,SIAH1,RBBP8,191,861,enzyme_substrate,1
E3|Q8IUQ4|Q99933,E3|Q8IUQ4,E3,Q8IUQ4,Q99933,SIAH1,BAG1,191,567,enzyme_substrate,1
E3|Q8IUQ4|Q9GZT9,E3|Q8IUQ4,E3,Q8IUQ4,Q9GZT9,SIAH1,EGLN1,191,570,enzyme_substrate,1
E3|Q8IUQ4|Q9H2X6,E3|Q8IUQ4,E3,Q8IUQ4,Q9H2X6,SIAH1,HIPK2,191,610,enzyme_substrate,1
E3|Q8IUQ4|Q9H6Z9,E3|Q8IUQ4,E3,Q8IUQ4,Q9H6Z9,SIAH1,EGLN3,191,571,enzyme_substrate,1
E3|Q8IUQ4|Q9HB71,E3|Q8IUQ4,E3,Q8IUQ4,Q9HB71,SIAH1,CACYBP,191,1348,enzyme_substrate,1
E3|Q8IUQ4|Q9NWT6,E3|Q8IUQ4,E3,Q8IUQ4,Q9NWT6,SIAH1,HIF1AN,191,877,enzyme_substrate,1
E3|Q8IUQ4|Q9P212,E3|Q8IUQ4,E3,Q8IUQ4,Q9P212,SIAH1,PLCE1,191,574,enzyme_substrate,1
E3|Q8IUQ4|Q9UPY8,E3|Q8IUQ4,E3,Q8IUQ4,Q9UPY8,SIAH1,MAPRE3,191,1349,enzyme_substrate,1
E3|Q8IUQ4|Q9Y243,E3|Q8IUQ4,E3,Q8IUQ4,Q9Y243,SIAH1,AKT3,191,937,enzyme_substrate,1
E3|Q8IUQ4|Q9Y6H5,E3|Q8IUQ4,E3,Q8IUQ4,Q9Y6H5,SIAH1,SNCAIP,191,575,enzyme_substrate,1
E3|Q8IWR1|O75367,E3|Q8IWR1,E3,Q8IWR1,O75367,TRIM59,MACROH2A1,192,585,enzyme_substrate,1
E3|Q8IWR1|P04637,E3|Q8IWR1,E3,Q8IWR1,P04637,TRIM59,TP53,192,528,enzyme_substrate,1
E3|Q8IWR1|P35813,E3|Q8IWR1,E3,Q8IWR1,P35813,TRIM59,PPM1A,192,1350,enzyme_substrate,1
E3|Q8IWR1|P60484,E3|Q8IWR1,E3,Q8IWR1,P60484,TRIM59,PTEN,192,509,enzyme_substrate,1
E3|Q8IWV7|P08100,E3|Q8IWV7,E3,Q8IWV7,P08100,UBR1,RHO,193,1351,enzyme_substrate,1
E3|Q8IWV8|P0C0S8,E3|Q8IWV8,E3,Q8IWV8,P0C0S8,UBR2,H2AC11,194,691,enzyme_substrate,1
E3|Q8IWV8|Q16777,E3|Q8IWV8,E3,Q8IWV8,Q16777,UBR2,H2AC20,194,696,enzyme_substrate,1
E3|Q8IX12|P04637,E3|Q8IX12,E3,Q8IX12,P04637,CCAR1,TP53,195,528,enzyme_substrate,1
E3|Q8IXQ5|Q9H6E5,E3|Q8IXQ5,E3,Q8IXQ5,Q9H6E5,KLHL7,TUT1,196,1352,enzyme_substrate,1
E3|Q8IYM9|P19838,E3|Q8IYM9,E3,Q8IYM9,P19838,TRIM22,NFKB1,197,1219,enzyme_substrate,1
E3|Q8IYM9|Q14653,E3|Q8IYM9,E3,Q8IYM9,Q14653,TRIM22,IRF3,197,503,enzyme_substrate,1
E3|Q8IYM9|Q8IYM9,E3|Q8IYM9,E3,Q8IYM9,Q8IYM9,TRIM22,TRIM22,197,197,enzyme_substrate,1
E3|Q8IYU2|P10276,E3|Q8IYU2,E3,Q8IYU2,P10276,HACE1,RARA,198,1003,enzyme_substrate,1
E3|Q8IYU2|P10826,E3|Q8IYU2,E3,Q8IYU2,P10826,HACE1,RARB,198,1353,enzyme_substrate,1
E3|Q8IYU2|P24385,E3|Q8IYU2,E3,Q8IYU2,P24385,HACE1,CCND1,198,1115,enzyme_substrate,1
E3|Q8IYU2|P63000,E3|Q8IYU2,E3,Q8IYU2,P63000,HACE1,RAC1,198,1146,enzyme_substrate,1
E3|Q8IYU2|Q8NBJ4,E3|Q8IYU2,E3,Q8IYU2,Q8NBJ4,HACE1,GOLM1,198,1354,enzyme_substrate,1
E3|Q8IYU2|Q96CV9,E3|Q8IYU2,E3,Q8IYU2,Q96CV9,HACE1,OPTN,198,1355,enzyme_substrate,1
E3|Q8IYU2|Q9Y657,E3|Q8IYU2,E3,Q8IYU2,Q9Y657,HACE1,SPIN1,198,1356,enzyme_substrate,1
E3|Q8IYW5|O75164,E3|Q8IYW5,E3,Q8IYW5,O75164,RNF168,KDM4A,199,689,enzyme_substrate,1
E3|Q8IYW5|O75367,E3|Q8IYW5,E3,Q8IYW5,O75367,RNF168,MACROH2A1,199,585,enzyme_substrate,1
E3|Q8IYW5|P08134,E3|Q8IYW5,E3,Q8IYW5,P08134,RNF168,RHOC,199,1291,enzyme_substrate,1
E3|Q8IYW5|P0C0S5,E3|Q8IYW5,E3,Q8IYW5,P0C0S5,RNF168,H2AZ1,199,578,enzyme_substrate,1
E3|Q8IYW5|P0C0S8,E3|Q8IYW5,E3,Q8IYW5,P0C0S8,RNF168,H2AC11,199,691,enzyme_substrate,1
E3|Q8IYW5|P16104,E3|Q8IYW5,E3,Q8IYW5,P16104,RNF168,H2AX,199,579,enzyme_substrate,1
E3|Q8IYW5|Q16777,E3|Q8IYW5,E3,Q8IYW5,Q16777,RNF168,H2AC20,199,696,enzyme_substrate,1
E3|Q8IYW5|Q6FI13,E3|Q8IYW5,E3,Q8IYW5,Q6FI13,RNF168,H2AC18,199,580,enzyme_substrate,1
E3|Q8IYW5|Q8IYW5,E3|Q8IYW5,E3,Q8IYW5,Q8IYW5,RNF168,RNF168,199,199,enzyme_substrate,1
E3|Q8IYW5|Q9P0M6,E3|Q8IYW5,E3,Q8IYW5,Q9P0M6,RNF168,MACROH2A2,199,1357,enzyme_substrate,1
E3|Q8N1E6|O43623,E3|Q8N1E6,E3,Q8N1E6,O43623,FBXL14,SNAI2,200,756,enzyme_substrate,1
E3|Q8N1E6|O95863,E3|Q8N1E6,E3,Q8N1E6,O95863,FBXL14,SNAI1,200,758,enzyme_substrate,1
E3|Q8N1E6|Q15672,E3|Q8N1E6,E3,Q8N1E6,Q15672,FBXL14,TWIST1,200,759,enzyme_substrate,1
E3|Q8N1E6|Q16828,E3|Q8N1E6,E3,Q8N1E6,Q16828,FBXL14,DUSP6,200,603,enzyme_substrate,1
E3|Q8N1E6|Q9H5V8,E3|Q8N1E6,E3,Q8N1E6,Q9H5V8,FBXL14,CDCP1,200,1358,enzyme_substrate,1
E3|Q8N2H9|O43353,E3|Q8N2H9,E3,Q8N2H9,O43353,PELI3,RIPK2,201,967,enzyme_substrate,1
E3|Q8N2H9|P51617,E3|Q8N2H9,E3,Q8N2H9,P51617,PELI3,IRAK1,201,83,enzyme_substrate,1
E3|Q8N2H9|Q9Y4K3,E3|Q8N2H9,E3,Q8N2H9,Q9Y4K3,PELI3,TRAF6,201,407,enzyme_substrate,1
E3|Q8N2W9|P14921,E3|Q8N2W9,E3,Q8N2W9,P14921,PIAS4,ETS1,202,1359,enzyme_substrate,1
E3|Q8N2W9|P25490,E3|Q8N2W9,E3,Q8N2W9,P25490,PIAS4,YY1,202,1360,enzyme_substrate,1
E3|Q8N3Y1|P18065,E3|Q8N3Y1,E3,Q8N3Y1,P18065,FBXW8,IGFBP2,203,1361,enzyme_substrate,1
E3|Q8N3Y1|P24385,E3|Q8N3Y1,E3,Q8N3Y1,P24385,FBXW8,CCND1,203,1115,enzyme_substrate,1
E3|Q8N3Y1|P35568,E3|Q8N3Y1,E3,Q8N3Y1,P35568,FBXW8,IRS1,203,522,enzyme_substrate,1
E3|Q8N3Y1|Q8IZP1,E3|Q8N3Y1,E3,Q8N3Y1,Q8IZP1,FBXW8,TBC1D3,203,1362,enzyme_substrate,1
E3|Q8N3Y1|Q92918,E3|Q8N3Y1,E3,Q8N3Y1,Q92918,FBXW8,MAP4K1,203,1363,enzyme_substrate,1
E3|Q8N3Y1|Q9BQQ3,E3|Q8N3Y1,E3,Q8N3Y1,Q9BQQ3,FBXW8,GORASP1,203,1364,enzyme_substrate,1
E3|Q8N448|P49757,E3|Q8N448,E3,Q8N448,P49757,LNX2,NUMB,204,1021,enzyme_substrate,1
E3|Q8N448|Q9UKL4,E3|Q8N448,E3,Q8N448,Q9UKL4,LNX2,GJD2,204,1365,enzyme_substrate,1
E3|Q8N531|P04637,E3|Q8N531,E3,Q8N531,P04637,FBXL6,TP53,205,528,enzyme_substrate,1
E3|Q8N5Z5|Q9BT92,E3|Q8N5Z5,E3,Q8N5Z5,Q9BT92,KCTD17,TCHP,206,1366,enzyme_substrate,1
E3|Q8N6D2|P27449,E3|Q8N6D2,E3,Q8N6D2,P27449,RNF182,ATP6V0C,207,1367,enzyme_substrate,1
E3|Q8N6D2|Q04206,E3|Q8N6D2,E3,Q8N6D2,Q04206,RNF182,RELA,207,540,enzyme_substrate,1
E3|Q8N806|Q14558,E3|Q8N806,E3,Q8N806,Q14558,UBR7,PRPSAP1,208,1368,enzyme_substrate,1
E3|Q8N8N0|O95859,E3|Q8N8N0,E3,Q8N8N0,O95859,RNF152,TSPAN12,209,1369,enzyme_substrate,1
E3|Q8N8N0|Q15382,E3|Q8N8N0,E3,Q8N8N0,Q15382,RNF152,RHEB,209,1370,enzyme_substrate,1
E3|Q8N8N0|Q7L523,E3|Q8N8N0,E3,Q8N8N0,Q7L523,RNF152,RRAGA,209,1133,enzyme_substrate,1
E3|Q8N9I9|P13010,E3|Q8N9I9,E3,Q8N9I9,P13010,DTX3,XRCC5,210,693,enzyme_substrate,1
E3|Q8N9I9|Q04721,E3|Q8N9I9,E3,Q8N9I9,Q04721,DTX3,NOTCH2,210,1371,enzyme_substrate,1
E3|Q8N9I9|Q8N9I9,E3|Q8N9I9,E3,Q8N9I9,Q8N9I9,DTX3,DTX3,210,210,enzyme_substrate,1
E3|Q8NC42|P15056,E3|Q8NC42,E3,Q8NC42,P15056,RNF149,BRAF,211,1372,enzyme_substrate,1
E3|Q8NCQ5|P08183,E3|Q8NCQ5,E3,Q8NCQ5,P08183,FBXO15,ABCB1,212,703,enzyme_substrate,1
E3|Q8NCQ5|Q9UJA2,E3|Q8NCQ5,E3,Q8NCQ5,Q9UJA2,FBXO15,CRLS1,212,1373,enzyme_substrate,1
E3|Q8ND25|P00533,E3|Q8ND25,E3,Q8ND25,P00533,ZNRF1,EGFR,213,679,enzyme_substrate,1
E3|Q8ND25|P15104,E3|Q8ND25,E3,Q8ND25,P15104,ZNRF1,GLUL,213,1374,enzyme_substrate,1
E3|Q8ND25|P31749,E3|Q8ND25,E3,Q8ND25,P31749,ZNRF1,AKT1,213,671,enzyme_substrate,1
E3|Q8ND25|Q03135,E3|Q8ND25,E3,Q8ND25,Q03135,ZNRF1,CAV1,213,1375,enzyme_substrate,1
E3|Q8ND25|Q8ND25,E3|Q8ND25,E3,Q8ND25,Q8ND25,ZNRF1,ZNRF1,213,213,enzyme_substrate,1
E3|Q8NEG5|Q8NEG5,E3|Q8NEG5,E3,Q8NEG5,Q8NEG5,ZSWIM2,ZSWIM2,214,214,enzyme_substrate,1
E3|Q8NEZ5|O14867,E3|Q8NEZ5,E3,Q8NEZ5,O14867,FBXO22,BACH1,215,1376,enzyme_substrate,1
E3|Q8NEZ5|O43474,E3|Q8NEZ5,E3,Q8NEZ5,O43474,FBXO22,KLF4,215,1241,enzyme_substrate,1
E3|Q8NEZ5|O60346,E3|Q8NEZ5,E3,Q8NEZ5,O60346,FBXO22,PHLPP1,215,1377,enzyme_substrate,1
E3|Q8NEZ5|O75164,E3|Q8NEZ5,E3,Q8NEZ5,O75164,FBXO22,KDM4A,215,689,enzyme_substrate,1
E3|Q8NEZ5|O94953,E3|Q8NEZ5,E3,Q8NEZ5,O94953,FBXO22,KDM4B,215,1378,enzyme_substrate,1
E3|Q8NEZ5|O95817,E3|Q8NEZ5,E3,Q8NEZ5,O95817,FBXO22,BAG3,215,1379,enzyme_substrate,1
E3|Q8NEZ5|O95863,E3|Q8NEZ5,E3,Q8NEZ5,O95863,FBXO22,SNAI1,215,758,enzyme_substrate,1
E3|Q8NEZ5|P04637,E3|Q8NEZ5,E3,Q8NEZ5,P04637,FBXO22,TP53,215,528,enzyme_substrate,1
E3|Q8NEZ5|P35613,E3|Q8NEZ5,E3,Q8NEZ5,P35613,FBXO22,BSG,215,1380,enzyme_substrate,1
E3|Q8NEZ5|P38936,E3|Q8NEZ5,E3,Q8NEZ5,P38936,FBXO22,CDKN1A,215,529,enzyme_substrate,1
E3|Q8NEZ5|P60484,E3|Q8NEZ5,E3,Q8NEZ5,P60484,FBXO22,PTEN,215,509,enzyme_substrate,1
E3|Q8NEZ5|Q00987,E3|Q8NEZ5,E3,Q8NEZ5,Q00987,FBXO22,MDM2,215,94,enzyme_substrate,1
E3|Q8NEZ5|Q15831,E3|Q8NEZ5,E3,Q8NEZ5,Q15831,FBXO22,STK11,215,1130,enzyme_substrate,1
E3|Q8NFD5|Q8NFD5,E3|Q8NFD5,E3,Q8NFD5,Q8NFD5,ARID1B,ARID1B,216,216,enzyme_substrate,1
E3|Q8NFZ0|P30153,E3|Q8NFZ0,E3,Q8NFZ0,P30153,FBXO18,RAD51,217,1381,enzyme_substrate,1
E3|Q8NFZ0|P84077,E3|Q8NFZ0,E3,Q8NFZ0,P84077,FBH1,ARF1,217,1382,enzyme_substrate,1
E3|Q8NFZ0|Q06609,E3|Q8NFZ0,E3,Q8NFZ0,Q06609,FBH1,RAD51,217,1233,enzyme_substrate,1
E3|Q8NFZ0|Q8NFZ0,E3|Q8NFZ0,E3,Q8NFZ0,Q8NFZ0,FBXO18,FBXO18,217,217,enzyme_substrate,1
E3|Q8NG06|O14576,E3|Q8NG06,E3,Q8NG06,O14576,TRIM58,DYNC1I1,218,1383,enzyme_substrate,1
E3|Q8NG06|O43237,E3|Q8NG06,E3,Q8NG06,O43237,TRIM58,DYNC1LI2,218,1384,enzyme_substrate,1
E3|Q8NG27|P32519,E3|Q8NG27,E3,Q8NG27,P32519,PJA1,ELF1,219,1385,enzyme_substrate,1
E3|Q8NG27|P84022,E3|Q8NG27,E3,Q8NG27,P84022,PJA1,SMAD3,219,510,enzyme_substrate,1
E3|Q8NG27|Q13148,E3|Q8NG27,E3,Q8NG27,Q13148,PJA1,TARDBP,219,639,enzyme_substrate,1
E3|Q8NG27|Q15022,E3|Q8NG27,E3,Q8NG27,Q15022,PJA1,SUZ12,219,1386,enzyme_substrate,1
E3|Q8NG27|Q15910,E3|Q8NG27,E3,Q8NG27,Q15910,PJA1,EZH2,219,1387,enzyme_substrate,1
E3|Q8NG27|Q6PJQ5,E3|Q8NG27,E3,Q8NG27,Q6PJQ5,PJA1,FOXR2,219,1388,enzyme_substrate,1
E3|Q8NG27|Q9Y5V3,E3|Q8NG27,E3,Q8NG27,Q9Y5V3,PJA1,MAGED1,219,1389,enzyme_substrate,1
E3|Q8NHG8|Q8NHG8,E3|Q8NHG8,E3,Q8NHG8,Q8NHG8,ZNRF2,ZNRF2,220,220,enzyme_substrate,1
E3|Q8NHM5|P01100,E3|Q8NHM5,E3,Q8NHM5,P01100,KDM2B,FOS,221,1390,enzyme_substrate,1
E3|Q8NHM5|Q16777,E3|Q8NHM5,E3,Q8NHM5,Q16777,KDM2B,H2AC20,221,696,enzyme_substrate,1
E3|Q8NHY2|O00399,E3|Q8NHY2,E3,Q8NHY2,O00399,COP1,DCTN6,222,1109,enzyme_substrate,1
E3|Q8NHY2|O00763,E3|Q8NHY2,E3,Q8NHY2,O00763,COP1,ACACB,222,1256,enzyme_substrate,1
E3|Q8NHY2|P03956,E3|Q8NHY2,E3,Q8NHY2,P03956,COP1,MMP1,222,1391,enzyme_substrate,1
E3|Q8NHY2|P04637,E3|Q8NHY2,E3,Q8NHY2,P04637,COP1,TP53,222,528,enzyme_substrate,1
E3|Q8NHY2|P05412,E3|Q8NHY2,E3,Q8NHY2,P05412,COP1,JUN,222,587,enzyme_substrate,1
E3|Q8NHY2|P14635,E3|Q8NHY2,E3,Q8NHY2,P14635,RFWD2,CDKN1B,222,497,enzyme_substrate,1
E3|Q8NHY2|P21589,E3|Q8NHY2,E3,Q8NHY2,P21589,COP1,NT5E,222,1392,enzyme_substrate,1
E3|Q8NHY2|P31947,E3|Q8NHY2,E3,Q8NHY2,P31947,COP1,SFN,222,1157,enzyme_substrate,1
E3|Q8NHY2|P35222,E3|Q8NHY2,E3,Q8NHY2,P35222,COP1,CTNNB1,222,674,enzyme_substrate,1
E3|Q8NHY2|P40763,E3|Q8NHY2,E3,Q8NHY2,P40763,COP1,STAT3,222,1016,enzyme_substrate,1
E3|Q8NHY2|P41161,E3|Q8NHY2,E3,Q8NHY2,P41161,COP1,ETV5,222,1393,enzyme_substrate,1
E3|Q8NHY2|P43268,E3|Q8NHY2,E3,Q8NHY2,P43268,COP1,ETV4,222,950,enzyme_substrate,1
E3|Q8NHY2|P46527,E3|Q8NHY2,E3,Q8NHY2,P46527,COP1,CDKN1B,222,558,enzyme_substrate,1
E3|Q8NHY2|P48431,E3|Q8NHY2,E3,Q8NHY2,P48431,COP1,SOX2,222,712,enzyme_substrate,1
E3|Q8NHY2|P50549,E3|Q8NHY2,E3,Q8NHY2,P50549,COP1,ETV1,222,1394,enzyme_substrate,1
E3|Q8NHY2|P50991,E3|Q8NHY2,E3,Q8NHY2,P50991,COP1,CCT4,222,1395,enzyme_substrate,1
E3|Q8NHY2|P98177,E3|Q8NHY2,E3,Q8NHY2,P98177,COP1,FOXO4,222,1025,enzyme_substrate,1
E3|Q8NHY2|Q13085,E3|Q8NHY2,E3,Q8NHY2,Q13085,COP1,ACACA,222,1257,enzyme_substrate,1
E3|Q8NHY2|Q13330,E3|Q8NHY2,E3,Q8NHY2,Q13330,COP1,MTA1,222,1158,enzyme_substrate,1
E3|Q8NHY2|Q53ET0,E3|Q8NHY2,E3,Q8NHY2,Q53ET0,COP1,CRTC2,222,1258,enzyme_substrate,1
E3|Q8NHY2|Q6UUV9,E3|Q8NHY2,E3,Q8NHY2,Q6UUV9,COP1,CRTC1,222,1396,enzyme_substrate,1
E3|Q8NHY2|Q8NHY2,E3|Q8NHY2,E3,Q8NHY2,Q8NHY2,COP1,COP1,222,222,enzyme_substrate,1
E3|Q8NHY2|Q96EB6,E3|Q8NHY2,E3,Q8NHY2,Q96EB6,COP1,SIRT1,222,1397,enzyme_substrate,1
E3|Q8NI29|P13473,E3|Q8NI29,E3,Q8NI29,P13473,FBXO27,LAMP2,223,1398,enzyme_substrate,1
E3|Q8TB52|P13631,E3|Q8TB52,E3,Q8TB52,P13631,FBXO30,RARG,224,1399,enzyme_substrate,1
E3|Q8TBB1|O60828,E3|Q8TBB1,E3,Q8TBB1,O60828,LNX1,PQBP1,225,1400,enzyme_substrate,1
E3|Q8TBB1|O76021,E3|Q8TBB1,E3,Q8TBB1,O76021,LNX1,RSL1D1,225,1401,enzyme_substrate,1
E3|Q8TBB1|P01732,E3|Q8TBB1,E3,Q8TBB1,P01732,LNX1,CD8A,225,1402,enzyme_substrate,1
E3|Q8TBB1|P12931,E3|Q8TBB1,E3,Q8TBB1,P12931,LNX1,SRC,225,807,enzyme_substrate,1
E3|Q8TBB1|P22459,E3|Q8TBB1,E3,Q8TBB1,P22459,LNX1,KCNA4,225,1403,enzyme_substrate,1
E3|Q8TBB1|P41595,E3|Q8TBB1,E3,Q8TBB1,P41595,LNX1,HTR2B,225,1404,enzyme_substrate,1
E3|Q8TBB1|P48546,E3|Q8TBB1,E3,Q8TBB1,P48546,LNX1,GIPR,225,1405,enzyme_substrate,1
E3|Q8TBB1|P49757,E3|Q8TBB1,E3,Q8TBB1,P49757,LNX1,NUMB,225,1021,enzyme_substrate,1
E3|Q8TBB1|P56750,E3|Q8TBB1,E3,Q8TBB1,P56750,LNX1,CLDN17,225,1406,enzyme_substrate,1
E3|Q8TBB1|Q05586,E3|Q8TBB1,E3,Q8TBB1,Q05586,LNX1,GRIN1,225,1407,enzyme_substrate,1
E3|Q8TBB1|Q96BR9,E3|Q8TBB1,E3,Q8TBB1,Q96BR9,LNX1,ZBTB8A,225,1408,enzyme_substrate,1
E3|Q8TBB1|Q96KB5,E3|Q8TBB1,E3,Q8TBB1,Q96KB5,LNX1,PBK,225,1409,enzyme_substrate,1
E3|Q8TBB1|Q9UKL4,E3|Q8TBB1,E3,Q8TBB1,Q9UKL4,LNX1,GJD2,225,1365,enzyme_substrate,1
E3|Q8TBB1|Q9UMX1,E3|Q8TBB1,E3,Q8TBB1,Q9UMX1,LNX1,SUFU,225,945,enzyme_substrate,1
E3|Q8TCJ0|O96004,E3|Q8TCJ0,E3,Q8TCJ0,O96004,FBXO25,HAND1,226,1410,enzyme_substrate,1
E3|Q8TCJ0|P19419,E3|Q8TCJ0,E3,Q8TCJ0,P19419,FBXO25,ELK1,226,1411,enzyme_substrate,1
E3|Q8TCJ0|P52952,E3|Q8TCJ0,E3,Q8TCJ0,P52952,FBXO25,NKX2-5,226,1412,enzyme_substrate,1
E3|Q8TCJ0|P61371,E3|Q8TCJ0,E3,Q8TCJ0,P61371,FBXO25,ISL1,226,1413,enzyme_substrate,1
E3|Q8TCQ1|P01730,E3|Q8TCQ1,E3,Q8TCQ1,P01730,MARCHF1,CD4,227,498,enzyme_substrate,1
E3|Q8TCQ1|P01903,E3|Q8TCQ1,E3,Q8TCQ1,P01903,MARCHF1,HLA-DRA,227,1185,enzyme_substrate,1
E3|Q8TCQ1|P01911,E3|Q8TCQ1,E3,Q8TCQ1,P01911,MARCHF1,HLA-DRB1,227,1186,enzyme_substrate,1
E3|Q8TCQ1|P01912,E3|Q8TCQ1,E3,Q8TCQ1,P01912,MARCHF1,HLA-DRB1,227,1187,enzyme_substrate,1
E3|Q8TCQ1|P02786,E3|Q8TCQ1,E3,Q8TCQ1,P02786,MARCHF1,TFRC,227,1188,enzyme_substrate,1
E3|Q8TCQ1|P04229,E3|Q8TCQ1,E3,Q8TCQ1,P04229,MARCHF1,HLA-DRB1,227,1189,enzyme_substrate,1
E3|Q8TCQ1|P13760,E3|Q8TCQ1,E3,Q8TCQ1,P13760,MARCHF1,HLA-DRB1,227,1193,enzyme_substrate,1
E3|Q8TCQ1|P13761,E3|Q8TCQ1,E3,Q8TCQ1,P13761,MARCHF1,HLA-DRB1,227,1194,enzyme_substrate,1
E3|Q8TCQ1|P13762,E3|Q8TCQ1,E3,Q8TCQ1,P13762,MARCHF1,HLA-DRB4,227,1065,enzyme_substrate,1
E3|Q8TCQ1|P20039,E3|Q8TCQ1,E3,Q8TCQ1,P20039,MARCHF1,HLA-DRB1,227,1195,enzyme_substrate,1
E3|Q8TCQ1|P33076,E3|Q8TCQ1,E3,Q8TCQ1,P33076,MARCHF1,CIITA,227,1196,enzyme_substrate,1
E3|Q8TCQ1|P42081,E3|Q8TCQ1,E3,Q8TCQ1,P42081,MARCHF1,CD86,227,960,enzyme_substrate,1
E3|Q8TCQ1|P49327,E3|Q8TCQ1,E3,Q8TCQ1,P49327,MARCHF1,FASN,227,596,enzyme_substrate,1
E3|Q8TCQ1|P79483,E3|Q8TCQ1,E3,Q8TCQ1,P79483,MARCHF1,HLA-DRB3,227,1197,enzyme_substrate,1
E3|Q8TCQ1|Q29974,E3|Q8TCQ1,E3,Q8TCQ1,Q29974,MARCHF1,HLA-DRB1,227,1198,enzyme_substrate,1
E3|Q8TCQ1|Q30134,E3|Q8TCQ1,E3,Q8TCQ1,Q30134,MARCHF1,HLA-DRB1,227,1199,enzyme_substrate,1
E3|Q8TCQ1|Q30154,E3|Q8TCQ1,E3,Q8TCQ1,Q30154,MARCHF1,HLA-DRB5,227,1200,enzyme_substrate,1
E3|Q8TCQ1|Q30167,E3|Q8TCQ1,E3,Q8TCQ1,Q30167,MARCHF1,HLA-DRB1,227,1201,enzyme_substrate,1
E3|Q8TCQ1|Q5Y7A7,E3|Q8TCQ1,E3,Q8TCQ1,Q5Y7A7,MARCHF1,HLA-DRB1,227,1202,enzyme_substrate,1
E3|Q8TCQ1|Q95IE3,E3|Q8TCQ1,E3,Q8TCQ1,Q95IE3,MARCHF1,HLA-DRB1,227,1203,enzyme_substrate,1
E3|Q8TCQ1|Q9GIY3,E3|Q8TCQ1,E3,Q8TCQ1,Q9GIY3,MARCHF1,HLA-DRB1,227,1204,enzyme_substrate,1
E3|Q8TCQ1|Q9TQE0,E3|Q8TCQ1,E3,Q8TCQ1,Q9TQE0,MARCHF1,HLA-DRB1,227,1206,enzyme_substrate,1
E3|Q8TDB6|P06899,E3|Q8TDB6,E3,Q8TDB6,P06899,DTX3L,H2BC11,228,1414,enzyme_substrate,1
E3|Q8TDB6|P62805,E3|Q8TDB6,E3,Q8TDB6,P62805,DTX3L,H4C1,228,1278,enzyme_substrate,1
E3|Q8TDB6|Q13501,E3|Q8TDB6,E3,Q8TDB6,Q13501,DTX3L,HIST1H2BJ,228,114,enzyme_substrate,1
E3|Q8TDB6|Q8TDB6,E3|Q8TDB6,E3,Q8TDB6,Q8TDB6,DTX3L,DTX3L,228,228,enzyme_substrate,1
E3|Q8TE67|O43623,E3|Q8TE67,E3,Q8TE67,O43623,EPS8L3,SNAI2,229,756,enzyme_substrate,1
E3|Q8TEB1|P03427,E3|Q8TEB1,E3,Q8TEB1,P03427,DCAF11,PB2,230,1218,enzyme_substrate,1
E3|Q8TEB1|Q13263,E3|Q8TEB1,E3,Q8TEB1,Q13263,DCAF11,TRIM28,230,109,enzyme_substrate,1
E3|Q8TEB1|Q16236,E3|Q8TEB1,E3,Q8TEB1,Q16236,DCAF11,NFE2L2,230,944,enzyme_substrate,1
E3|Q8TEB1|Q17RS7,E3|Q8TEB1,E3,Q8TEB1,Q17RS7,DCAF11,GEN1,230,1415,enzyme_substrate,1
E3|Q8TEB7|O15511,E3|Q8TEB7,E3,Q8TEB7,O15511,RNF128,ARPC5,231,1416,enzyme_substrate,1
E3|Q8TEB7|P04637,E3|Q8TEB7,E3,Q8TEB7,P04637,RNF128,TP53,231,528,enzyme_substrate,1
E3|Q8TEB7|P16070,E3|Q8TEB7,E3,Q8TEB7,P16070,RNF128,CD44,231,1417,enzyme_substrate,1
E3|Q8TEB7|P29965,E3|Q8TEB7,E3,Q8TEB7,P29965,RNF128,CD40LG,231,1418,enzyme_substrate,1
E3|Q8TEB7|P31146,E3|Q8TEB7,E3,Q8TEB7,P31146,RNF128,CORO1A,231,1419,enzyme_substrate,1
E3|Q8TEB7|P52565,E3|Q8TEB7,E3,Q8TEB7,P52565,RNF128,ARHGDIA,231,1420,enzyme_substrate,1
E3|Q8TEB7|P52566,E3|Q8TEB7,E3,Q8TEB7,P52566,RNF128,ARHGDIB,231,1421,enzyme_substrate,1
E3|Q8TEB7|Q01151,E3|Q8TEB7,E3,Q8TEB7,Q01151,RNF128,CD83,231,1422,enzyme_substrate,1
E3|Q8TEL6|P01106,E3|Q8TEL6,E3,Q8TEL6,P01106,TRPC4AP,MYC,232,709,enzyme_substrate,1
E3|Q8TEL6|P19838,E3|Q8TEL6,E3,Q8TEL6,P19838,TRPC4AP,NFKB1,232,1219,enzyme_substrate,1
E3|Q8WU17|O15503,E3|Q8WU17,E3,Q8WU17,O15503,RNF139,INSIG1,233,1423,enzyme_substrate,1
E3|Q8WU17|Q8WU17,E3|Q8WU17,E3,Q8WU17,Q8WU17,RNF139,RNF139,233,233,enzyme_substrate,1
E3|Q8WV16|Q96CV9,E3|Q8WV16,E3,Q8WV16,Q96CV9,DCAF4,OPTN,234,1355,enzyme_substrate,1
E3|Q8WV16|Q9NRC1,E3|Q8WV16,E3,Q8WV16,Q9NRC1,DCAF4,ST7,234,1424,enzyme_substrate,1
E3|Q8WV44|O95999,E3|Q8WV44,E3,Q8WV44,O95999,TRIM41,BCL10,235,890,enzyme_substrate,1
E3|Q8WV44|P05771,E3|Q8WV44,E3,Q8WV44,P05771,TRIM41,PRKCB,235,1425,enzyme_substrate,1
E3|Q8WV44|Q02156,E3|Q8WV44,E3,Q8WV44,Q02156,TRIM41,PRKCE,235,1426,enzyme_substrate,1
E3|Q8WV44|Q8N884,E3|Q8WV44,E3,Q8WV44,Q8N884,TRIM41,CGAS,235,1427,enzyme_substrate,1
E3|Q8WV44|Q9Y5A6,E3|Q8WV44,E3,Q8WV44,Q9Y5A6,TRIM41,ZSCAN21,235,1428,enzyme_substrate,1
E3|Q8WVD3|P13010,E3|Q8WVD3,E3,Q8WVD3,P13010,RNF138,XRCC5,236,693,enzyme_substrate,1
E3|Q8WVD3|Q8WVD3,E3|Q8WVD3,E3,Q8WVD3,Q8WVD3,RNF138,RNF138,236,236,enzyme_substrate,1
E3|Q8WVD3|Q99708,E3|Q8WVD3,E3,Q8WVD3,Q99708,RNF138,RBBP8,236,861,enzyme_substrate,1
E3|Q8WVD3|Q9NQB0,E3|Q8WVD3,E3,Q8WVD3,Q9NQB0,RNF138,TCF7L2,236,1429,enzyme_substrate,1
E3|Q8WVD3|Q9UJU2,E3|Q8WVD3,E3,Q8WVD3,Q9UJU2,RNF138,LEF1,236,1430,enzyme_substrate,1
E3|Q8WXG1|P51617,E3|Q8WXG1,E3,Q8WXG1,P51617,RSAD2,IRAK1,237,83,enzyme_substrate,1
E3|Q8WXH4|P04843,E3|Q8WXH4,E3,Q8WXH4,P04843,ASB11,RPN1,238,1431,enzyme_substrate,1
E3|Q8WXH4|Q13323,E3|Q8WXH4,E3,Q8WXH4,Q13323,ASB11,BIK,238,1432,enzyme_substrate,1
E3|Q8WXH5|O75553,E3|Q8WXH5,E3,Q8WXH5,O75553,SOCS4,DAB1,239,520,enzyme_substrate,1
E3|Q8WY64|P01130,E3|Q8WY64,E3,Q8WY64,P01130,MYLIP,LDLR,240,1433,enzyme_substrate,1
E3|Q8WY64|P98155,E3|Q8WY64,E3,Q8WY64,P98155,MYLIP,VLDLR,240,1434,enzyme_substrate,1
E3|Q8WY64|Q14114,E3|Q8WY64,E3,Q8WY64,Q14114,MYLIP,LRP8,240,1435,enzyme_substrate,1
E3|Q8WY64|Q8WY64,E3|Q8WY64,E3,Q8WY64,Q8WY64,MYLIP,MYLIP,240,240,enzyme_substrate,1
E3|Q8WZ19|P61586,E3|Q8WZ19,E3,Q8WZ19,P61586,KCTD13,RHOA,241,1152,enzyme_substrate,1
E3|Q8WZ60|P24941,E3|Q8WZ60,E3,Q8WZ60,P24941,KLHL6,CDK2,242,1436,enzyme_substrate,1
E3|Q8WZ60|Q9HBD1,E3|Q8WZ60,E3,Q8WZ60,Q9HBD1,KLHL6,RC3H2,242,1437,enzyme_substrate,1
E3|Q8WZ73|P04637,E3|Q8WZ73,E3,Q8WZ73,P04637,RFFL,TP53,243,528,enzyme_substrate,1
E3|Q8WZ73|P13569,E3|Q8WZ73,E3,Q8WZ73,P13569,RFFL,CFTR,243,808,enzyme_substrate,1
E3|Q8WZ73|P31947,E3|Q8WZ73,E3,Q8WZ73,P31947,RFFL,SFN,243,1157,enzyme_substrate,1
E3|Q8WZ73|Q13546,E3|Q8WZ73,E3,Q8WZ73,Q13546,RFFL,RIPK1,243,783,enzyme_substrate,1
E3|Q8WZ73|Q14790,E3|Q8WZ73,E3,Q8WZ73,Q14790,RFFL,CASP8,243,981,enzyme_substrate,1
E3|Q8WZ73|Q6MZQ0,E3|Q8WZ73,E3,Q8WZ73,Q6MZQ0,RFFL,PRR5L,243,1438,enzyme_substrate,1
E3|Q8WZ73|Q8WZ73,E3|Q8WZ73,E3,Q8WZ73,Q8WZ73,RFFL,RFFL,243,243,enzyme_substrate,1
E3|Q8WZ73|Q92851,E3|Q8WZ73,E3,Q8WZ73,Q92851,RFFL,CASP10,243,1439,enzyme_substrate,1
E3|Q92466|P0C0S8,E3|Q92466,E3,Q92466,P0C0S8,DDB2,H2AC11,244,691,enzyme_substrate,1
E3|Q92466|Q01831,E3|Q92466,E3,Q92466,Q01831,DDB2,XPC,244,1440,enzyme_substrate,1
E3|Q92466|Q92466,E3|Q92466,E3,Q92466,Q92466,DDB2,DDB2,244,244,enzyme_substrate,1
E3|Q92466|Q96QV6,E3|Q92466,E3,Q92466,Q96QV6,DDB2,HIST1H2AA,244,582,enzyme_substrate,1
E3|Q92466|Q9NZJ0,E3|Q92466,E3,Q92466,Q9NZJ0,DDB2,DTL,244,354,enzyme_substrate,1
E3|Q92630|O14746,E3|Q92630,E3,Q92630,O14746,DYRK2,TERT,245,988,enzyme_substrate,1
E3|Q92844|O95147,E3|Q92844,E3,Q92844,O95147,TANK,DUSP14,246,623,enzyme_substrate,1
E3|Q92844|Q13114,E3|Q92844,E3,Q92844,Q13114,TANK,TRAF3,246,105,enzyme_substrate,1
E3|Q92844|Q13489,E3|Q92844,E3,Q92844,Q13489,TANK,BIRC3,246,112,enzyme_substrate,1
E3|Q92844|Q13546,E3|Q92844,E3,Q92844,Q13546,TANK,RIPK1,246,783,enzyme_substrate,1
E3|Q92844|Q13601,E3|Q92844,E3,Q92844,Q13601,TANK,KRR1,246,1080,enzyme_substrate,1
E3|Q92844|Q14164,E3|Q92844,E3,Q92844,Q14164,TANK,IKBKE,246,1082,enzyme_substrate,1
E3|Q92844|Q15759,E3|Q92844,E3,Q92844,Q15759,TANK,MAPK11,246,1083,enzyme_substrate,1
E3|Q92844|Q8IUC6,E3|Q92844,E3,Q92844,Q8IUC6,TANK,TICAM1,246,513,enzyme_substrate,1
E3|Q92844|Q9BVC4,E3|Q92844,E3,Q92844,Q9BVC4,TANK,MLST8,246,1441,enzyme_substrate,1
E3|Q969H0|O14965,E3|Q969H0,E3,Q969H0,O14965,FBXW7,AURKA,247,11,enzyme_substrate,1
E3|Q969H0|O60315,E3|Q969H0,E3,Q969H0,O60315,FBXW7,ZEB2,247,757,enzyme_substrate,1
E3|Q969H0|O95863,E3|Q969H0,E3,Q969H0,O95863,FBXW7,SNAI1,247,758,enzyme_substrate,1
E3|Q969H0|O96020,E3|Q969H0,E3,Q969H0,O96020,FBXW7,CCNE2,247,624,enzyme_substrate,1
E3|Q969H0|P01106,E3|Q969H0,E3,Q969H0,P01106,FBXW7,MYC,247,709,enzyme_substrate,1
E3|Q969H0|P02765,E3|Q969H0,E3,Q969H0,P02765,FBXW7,AHSG,247,1442,enzyme_substrate,1
E3|Q969H0|P04150,E3|Q969H0,E3,Q969H0,P04150,FBXW7,NR3C1,247,1001,enzyme_substrate,1
E3|Q969H0|P04198,E3|Q969H0,E3,Q969H0,P04198,FBXW7,MYCN,247,894,enzyme_substrate,1
E3|Q969H0|P04637,E3|Q969H0,E3,Q969H0,P04637,FBXW7,TP53,247,528,enzyme_substrate,1
E3|Q969H0|P05412,E3|Q969H0,E3,Q969H0,P05412,FBXW7,JUN,247,587,enzyme_substrate,1
E3|Q969H0|P06733,E3|Q969H0,E3,Q969H0,P06733,FBXW7,ENO1,247,1051,enzyme_substrate,1
E3|Q969H0|P10242,E3|Q969H0,E3,Q969H0,P10242,FBXW7,MYB,247,1335,enzyme_substrate,1
E3|Q969H0|P11388,E3|Q969H0,E3,Q969H0,P11388,FBXW7,TOP2A,247,852,enzyme_substrate,1
E3|Q969H0|P15056,E3|Q969H0,E3,Q969H0,P15056,FBXW7,BRAF,247,1372,enzyme_substrate,1
E3|Q969H0|P17275,E3|Q969H0,E3,Q969H0,P17275,FBXW7,JUNB,247,1443,enzyme_substrate,1
E3|Q969H0|P17861,E3|Q969H0,E3,Q969H0,P17861,FBXW7,XBP1,247,1444,enzyme_substrate,1
E3|Q969H0|P17947,E3|Q969H0,E3,Q969H0,P17947,FBXW7,SPI1,247,1445,enzyme_substrate,1
E3|Q969H0|P21359,E3|Q969H0,E3,Q969H0,P21359,FBXW7,NF1,247,761,enzyme_substrate,1
E3|Q969H0|P24864,E3|Q969H0,E3,Q969H0,P24864,FBXW7,CCNE1,247,593,enzyme_substrate,1
E3|Q969H0|P35659,E3|Q969H0,E3,Q969H0,P35659,FBXW7,DEK,247,595,enzyme_substrate,1
E3|Q969H0|P36956,E3|Q969H0,E3,Q969H0,P36956,FBXW7,SREBF1,247,1446,enzyme_substrate,1
E3|Q969H0|P42345,E3|Q969H0,E3,Q969H0,P42345,FBXW7,MTOR,247,821,enzyme_substrate,1
E3|Q969H0|P46531,E3|Q969H0,E3,Q969H0,P46531,FBXW7,NOTCH1,247,904,enzyme_substrate,1
E3|Q969H0|P48436,E3|Q969H0,E3,Q969H0,P48436,FBXW7,SOX9,247,1155,enzyme_substrate,1
E3|Q969H0|P49715,E3|Q969H0,E3,Q969H0,P49715,FBXW7,CEBPA,247,713,enzyme_substrate,1
E3|Q969H0|P49716,E3|Q969H0,E3,Q969H0,P49716,FBXW7,CEBPD,247,1447,enzyme_substrate,1
E3|Q969H0|P49768,E3|Q969H0,E3,Q969H0,P49768,FBXW7,PSEN1,247,1448,enzyme_substrate,1
E3|Q969H0|P52630,E3|Q969H0,E3,Q969H0,P52630,FBXW7,STAT2,247,1449,enzyme_substrate,1
E3|Q969H0|P53805,E3|Q969H0,E3,Q969H0,P53805,FBXW7,RCAN1,247,1450,enzyme_substrate,1
E3|Q969H0|Q00613,E3|Q969H0,E3,Q969H0,Q00613,FBXW7,HSF1,247,1451,enzyme_substrate,1
E3|Q969H0|Q00653,E3|Q969H0,E3,Q969H0,Q00653,FBXW7,NFKB2,247,1452,enzyme_substrate,1
E3|Q969H0|Q06124,E3|Q969H0,E3,Q969H0,Q06124,FBXW7,PTPN11,247,1453,enzyme_substrate,1
E3|Q969H0|Q07820,E3|Q969H0,E3,Q969H0,Q07820,FBXW7,MCL1,247,1070,enzyme_substrate,1
E3|Q969H0|Q12772,E3|Q969H0,E3,Q969H0,Q12772,FBXW7,SREBF2,247,1454,enzyme_substrate,1
E3|Q969H0|Q13118,E3|Q969H0,E3,Q969H0,Q13118,FBXW7,KLF10,247,1344,enzyme_substrate,1
E3|Q969H0|Q13490,E3|Q969H0,E3,Q969H0,Q13490,FBXW7,BIRC2,247,113,enzyme_substrate,1
E3|Q969H0|Q13887,E3|Q969H0,E3,Q969H0,Q13887,FBXW7,KLF5,247,1159,enzyme_substrate,1
E3|Q969H0|Q13950,E3|Q969H0,E3,Q969H0,Q13950,FBXW7,RUNX2,247,512,enzyme_substrate,1
E3|Q969H0|Q14494,E3|Q969H0,E3,Q969H0,Q14494,FBXW7,NFE2L1,247,1455,enzyme_substrate,1
E3|Q969H0|Q15233,E3|Q969H0,E3,Q969H0,Q15233,FBXW7,NONO,247,695,enzyme_substrate,1
E3|Q969H0|Q15583,E3|Q969H0,E3,Q969H0,Q15583,FBXW7,TGIF1,247,1456,enzyme_substrate,1
E3|Q969H0|Q16204,E3|Q969H0,E3,Q969H0,Q16204,FBXW7,CCDC6,247,1457,enzyme_substrate,1
E3|Q969H0|Q16656,E3|Q969H0,E3,Q969H0,Q16656,FBXW7,NRF1,247,562,enzyme_substrate,1
E3|Q969H0|Q16665,E3|Q969H0,E3,Q969H0,Q16665,FBXW7,HIF1A,247,563,enzyme_substrate,1
E3|Q969H0|Q49AN0,E3|Q969H0,E3,Q969H0,Q49AN0,FBXW7,CRY2,247,1458,enzyme_substrate,1
E3|Q969H0|Q70SY1,E3|Q969H0,E3,Q969H0,Q70SY1,FBXW7,CREB3L2,247,1459,enzyme_substrate,1
E3|Q969H0|Q71F56,E3|Q969H0,E3,Q969H0,Q71F56,FBXW7,MED13L,247,1460,enzyme_substrate,1
E3|Q969H0|Q8WUI4,E3|Q969H0,E3,Q969H0,Q8WUI4,FBXW7,HDAC7,247,1461,enzyme_substrate,1
E3|Q969H0|Q96BA8,E3|Q969H0,E3,Q969H0,Q96BA8,FBXW7,CREB3L1,247,1462,enzyme_substrate,1
E3|Q969H0|Q96GD4,E3|Q969H0,E3,Q969H0,Q96GD4,FBXW7,AURKB,247,1463,enzyme_substrate,1
E3|Q969H0|Q99062,E3|Q969H0,E3,Q969H0,Q99062,FBXW7,CSF3R,247,1464,enzyme_substrate,1
E3|Q969H0|Q99848,E3|Q969H0,E3,Q969H0,Q99848,FBXW7,EBNA1BP2,247,1465,enzyme_substrate,1
E3|Q969H0|Q9H0K1,E3|Q969H0,E3,Q969H0,Q9H0K1,FBXW7,SIK2,247,1466,enzyme_substrate,1
E3|Q969H0|Q9H1I8,E3|Q969H0,E3,Q969H0,Q9H1I8,FBXW7,ASCC2,247,1467,enzyme_substrate,1
E3|Q969H0|Q9H3D4,E3|Q969H0,E3,Q969H0,Q9H3D4,FBXW7,TP63,247,1468,enzyme_substrate,1
E3|Q969H0|Q9NRI5,E3|Q969H0,E3,Q969H0,Q9NRI5,FBXW7,DISC1,247,1469,enzyme_substrate,1
E3|Q969H0|Q9UBK2,E3|Q969H0,E3,Q969H0,Q9UBK2,FBXW7,PPARGC1A,247,1470,enzyme_substrate,1
E3|Q969H0|Q9UHV7,E3|Q969H0,E3,Q969H0,Q9UHV7,FBXW7,MED13,247,1471,enzyme_substrate,1
E3|Q969H0|Q9UQ13,E3|Q969H0,E3,Q969H0,Q9UQ13,FBXW7,SHOC2,247,1472,enzyme_substrate,1
E3|Q969H0|Q9Y2Y9,E3|Q969H0,E3,Q969H0,Q9Y2Y9,FBXW7,KLF13,247,1473,enzyme_substrate,1
E3|Q969H0|Q9Y5W3,E3|Q969H0,E3,Q969H0,Q9Y5W3,FBXW7,KLF2,247,1474,enzyme_substrate,1
E3|Q969H0|Q9Y6Q9,E3|Q969H0,E3,Q969H0,Q9Y6Q9,FBXW7,NCOA3,247,616,enzyme_substrate,1
E3|Q969K3|P04637,E3|Q969K3,E3,Q969K3,P04637,RNF34,TP53,248,528,enzyme_substrate,1
E3|Q969K3|Q13546,E3|Q969K3,E3,Q969K3,Q13546,RNF34,RIPK1,248,783,enzyme_substrate,1
E3|Q969K3|Q14790,E3|Q969K3,E3,Q969K3,Q14790,RNF34,CASP8,248,981,enzyme_substrate,1
E3|Q969K3|Q92851,E3|Q969K3,E3,Q969K3,Q92851,RNF34,CASP10,248,1439,enzyme_substrate,1
E3|Q969K3|Q9UBK2,E3|Q969K3,E3,Q969K3,Q9UBK2,RNF34,PPARGC1A,248,1470,enzyme_substrate,1
E3|Q969K3|Q9Y239,E3|Q969K3,E3,Q969K3,Q9Y239,RNF34,NOD1,248,1475,enzyme_substrate,1
E3|Q969P5|O00303,E3|Q969P5,E3,Q969P5,O00303,FBXO32,EIF3F,249,1267,enzyme_substrate,1
E3|Q969P5|O43474,E3|Q969P5,E3,Q969P5,O43474,FBXO32,KLF4,249,1241,enzyme_substrate,1
E3|Q969P5|P01106,E3|Q969P5,E3,Q969P5,P01106,FBXO32,MYC,249,709,enzyme_substrate,1
E3|Q969P5|P15172,E3|Q969P5,E3,Q969P5,P15172,FBXO32,MYOD1,249,1271,enzyme_substrate,1
E3|Q969P5|P15173,E3|Q969P5,E3,Q969P5,P15173,FBXO32,MYOG,249,1476,enzyme_substrate,1
E3|Q969P5|P19429,E3|Q969P5,E3,Q969P5,P19429,FBXO32,TNNI3,249,1477,enzyme_substrate,1
E3|Q969P5|P28562,E3|Q969P5,E3,Q969P5,P28562,FBXO32,DUSP1,249,1116,enzyme_substrate,1
E3|Q969P5|Q12778,E3|Q969P5,E3,Q969P5,Q12778,FBXO32,FOXO1,249,1028,enzyme_substrate,1
E3|Q969P5|Q13535,E3|Q969P5,E3,Q969P5,Q13535,FBXO32,ATR,249,1478,enzyme_substrate,1
E3|Q969P5|Q14896,E3|Q969P5,E3,Q969P5,Q14896,FBXO32,MYBPC3,249,1479,enzyme_substrate,1
E3|Q969P5|Q16558,E3|Q969P5,E3,Q969P5,Q16558,FBXO32,KCNMB1,249,1480,enzyme_substrate,1
E3|Q969P5|Q9UBF9,E3|Q969P5,E3,Q969P5,Q9UBF9,FBXO32,MYOT,249,1481,enzyme_substrate,1
E3|Q969P5|Q9Y6J0,E3|Q969P5,E3,Q969P5,Q9Y6J0,FBXO32,CABIN1,249,1482,enzyme_substrate,1
E3|Q969Q1|P05976,E3|Q969Q1,E3,Q969Q1,P05976,TRIM63,MYL1,250,1483,enzyme_substrate,1
E3|Q969Q1|P06576,E3|Q969Q1,E3,Q969Q1,P06576,TRIM63,ATP5F1B,250,1484,enzyme_substrate,1
E3|Q969Q1|P06732,E3|Q969Q1,E3,Q969Q1,P06732,TRIM63,CKM,250,1485,enzyme_substrate,1
E3|Q969Q1|P10827,E3|Q969Q1,E3,Q969Q1,P10827,TRIM63,THRA,250,1486,enzyme_substrate,1
E3|Q969Q1|P10916,E3|Q969Q1,E3,Q969Q1,P10916,TRIM63,MYL2,250,1487,enzyme_substrate,1
E3|Q969Q1|P19237,E3|Q969Q1,E3,Q969Q1,P19237,TRIM63,TNNI1,250,1488,enzyme_substrate,1
E3|Q969Q1|P19429,E3|Q969Q1,E3,Q969Q1,P19429,TRIM63,TNNI3,250,1477,enzyme_substrate,1
E3|Q969Q1|P25963,E3|Q969Q1,E3,Q969Q1,P25963,TRIM63,NFKBIA,250,762,enzyme_substrate,1
E3|Q969Q1|P31937,E3|Q969Q1,E3,Q969Q1,P31937,TRIM63,HIBADH,250,1489,enzyme_substrate,1
E3|Q969Q1|P55036,E3|Q969Q1,E3,Q969Q1,P55036,TRIM63,PSMD4,250,559,enzyme_substrate,1
E3|Q969Q1|P63316,E3|Q969Q1,E3,Q969Q1,P63316,TRIM63,TNNC1,250,1490,enzyme_substrate,1
E3|Q969Q1|P68133,E3|Q969Q1,E3,Q969Q1,P68133,TRIM63,ACTA1,250,1087,enzyme_substrate,1
E3|Q969Q1|Q14324,E3|Q969Q1,E3,Q969Q1,Q14324,TRIM63,MYBPC2,250,1491,enzyme_substrate,1
E3|Q969Q1|Q14896,E3|Q969Q1,E3,Q969Q1,Q14896,TRIM63,MYBPC3,250,1479,enzyme_substrate,1
E3|Q969Q1|Q96A32,E3|Q969Q1,E3,Q969Q1,Q96A32,TRIM63,MYLPF,250,1492,enzyme_substrate,1
E3|Q969Q1|Q9Y692,E3|Q969Q1,E3,Q969Q1,Q9Y692,TRIM63,GMEB1,250,1493,enzyme_substrate,1
E3|Q969U6|P49815,E3|Q969U6,E3,Q969U6,P49815,FBXW5,TSC2,251,683,enzyme_substrate,1
E3|Q969U6|Q12929,E3|Q969U6,E3,Q969U6,Q12929,FBXW5,EPS8,251,1494,enzyme_substrate,1
E3|Q969U6|Q6UVJ0,E3|Q969U6,E3,Q969U6,Q6UVJ0,FBXW5,SASS6,251,1495,enzyme_substrate,1
E3|Q969U6|Q96QB1,E3|Q969U6,E3,Q969U6,Q96QB1,FBXW5,DLC1,251,1496,enzyme_substrate,1
E3|Q969U6|Q9Y238,E3|Q969U6,E3,Q969U6,Q9Y238,FBXW5,DLEC1,251,1497,enzyme_substrate,1
E3|Q969V5|O00429,E3|Q969V5,E3,Q969V5,O00429,MUL1,DNM1L,252,617,enzyme_substrate,1
E3|Q969V5|O15350,E3|Q969V5,E3,Q969V5,O15350,MUL1,TP73,252,505,enzyme_substrate,1
E3|Q969V5|O75385,E3|Q969V5,E3,Q969V5,O75385,MUL1,ULK1,252,1094,enzyme_substrate,1
E3|Q969V5|P04637,E3|Q969V5,E3,Q969V5,P04637,MUL1,TP53,252,528,enzyme_substrate,1
E3|Q969V5|P11021,E3|Q969V5,E3,Q969V5,P11021,MUL1,HSPA5,252,753,enzyme_substrate,1
E3|Q969V5|P31749,E3|Q969V5,E3,Q969V5,P31749,MUL1,AKT1,252,671,enzyme_substrate,1
E3|Q969V5|Q969V5,E3|Q969V5,E3,Q969V5,Q969V5,MUL1,MUL1,252,252,enzyme_substrate,1
E3|Q96A61|P35813,E3|Q96A61,E3,Q96A61,P35813,TRIM52,PPM1A,253,1350,enzyme_substrate,1
E3|Q96A61|Q06124,E3|Q96A61,E3,Q96A61,Q06124,TRIM52,PTPN11,253,1453,enzyme_substrate,1
E3|Q96A61|Q12933,E3|Q96A61,E3,Q96A61,Q12933,TRIM52,TRAF2,253,101,enzyme_substrate,1
E3|Q96AX9|O00548,E3|Q96AX9,E3,Q96AX9,O00548,MIB2,DLL1,254,499,enzyme_substrate,1
E3|Q96AX9|P47989,E3|Q96AX9,E3,Q96AX9,P47989,MIB2,XDH,254,1498,enzyme_substrate,1
E3|Q96AX9|Q9NQC7,E3|Q96AX9,E3,Q96AX9,Q9NQC7,MIB2,CYLD,254,482,enzyme_substrate,1
E3|Q96AX9|Q9NR61,E3|Q96AX9,E3,Q96AX9,Q9NR61,MIB2,DLL4,254,500,enzyme_substrate,1
E3|Q96AX9|Q9NYJ7,E3|Q96AX9,E3,Q96AX9,Q9NYJ7,MIB2,DLL3,254,501,enzyme_substrate,1
E3|Q96AX9|Q9UHD2,E3|Q96AX9,E3,Q96AX9,Q9UHD2,MIB2,TBK1,254,767,enzyme_substrate,1
E3|Q96AX9|Q9Y6K9,E3|Q96AX9,E3,Q96AX9,Q9Y6K9,MIB2,IKBKG,254,663,enzyme_substrate,1
E3|Q96BH1|Q969F2,E3|Q96BH1,E3,Q96BH1,Q969F2,RNF25,NKD2,255,1499,enzyme_substrate,1
E3|Q96CA5|Q9NR28,E3|Q96CA5,E3,Q96CA5,Q9NR28,BIRC7,DIABLO,256,986,enzyme_substrate,1
E3|Q96CS3|P21359,E3|Q96CS3,E3,Q96CS3,P21359,FAF2,NF1,257,761,enzyme_substrate,1
E3|Q96D59|O14763,E3|Q96D59,E3,Q96D59,O14763,RNF183,TNFRSF10B,258,1500,enzyme_substrate,1
E3|Q96D59|P05026,E3|Q96D59,E3,Q96D59,P05026,RNF183,ATP1B1,258,1501,enzyme_substrate,1
E3|Q96D59|Q07817,E3|Q96D59,E3,Q96D59,Q07817,RNF183,BCL2L1,258,638,enzyme_substrate,1
E3|Q96DX5|P12277,E3|Q96DX5,E3,Q96DX5,P12277,ASB9,CKB,259,1502,enzyme_substrate,1
E3|Q96DX5|P12532,E3|Q96DX5,E3,Q96DX5,P12532,ASB9,CKMT1A,259,1503,enzyme_substrate,1
E3|Q96EP0|O95786,E3|Q96EP0,E3,Q96EP0,O95786,RNF31,DDX58,260,51,enzyme_substrate,1
E3|Q96EP0|P05771,E3|Q96EP0,E3,Q96EP0,P05771,RNF31,PRKCB,260,1425,enzyme_substrate,1
E3|Q96EP0|P17252,E3|Q96EP0,E3,Q96EP0,P17252,RNF31,PRKCA,260,1504,enzyme_substrate,1
E3|Q96EP0|P29466,E3|Q96EP0,E3,Q96EP0,P29466,RNF31,CASP1,260,1505,enzyme_substrate,1
E3|Q96EP0|P51843,E3|Q96EP0,E3,Q96EP0,P51843,RNF31,NR0B1,260,1506,enzyme_substrate,1
E3|Q96EP0|Q13077,E3|Q96EP0,E3,Q96EP0,Q13077,RNF31,TRAF1,260,104,enzyme_substrate,1
E3|Q96EP0|Q13546,E3|Q96EP0,E3,Q96EP0,Q13546,RNF31,RIPK1,260,783,enzyme_substrate,1
E3|Q96EP0|Q14258,E3|Q96EP0,E3,Q96EP0,Q14258,RNF31,TRIM25,260,118,enzyme_substrate,1
E3|Q96EP0|Q9Y6K9,E3|Q96EP0,E3,Q96EP0,Q9Y6K9,RNF31,IKBKG,260,663,enzyme_substrate,1
E3|Q96EP1|O14965,E3|Q96EP1,E3,Q96EP1,O14965,CHFR,AURKA,261,11,enzyme_substrate,1
E3|Q96EP1|P09874,E3|Q96EP1,E3,Q96EP1,P09874,CHFR,PARP1,261,57,enzyme_substrate,1
E3|Q96EP1|P51532,E3|Q96EP1,E3,Q96EP1,P51532,CHFR,SMARCA4,261,1507,enzyme_substrate,1
E3|Q96EP1|P53350,E3|Q96EP1,E3,Q96EP1,P53350,CHFR,PLK1,261,1182,enzyme_substrate,1
E3|Q96EP1|Q12824,E3|Q96EP1,E3,Q96EP1,Q12824,CHFR,SMARCB1,261,1508,enzyme_substrate,1
E3|Q96EP1|Q13547,E3|Q96EP1,E3,Q96EP1,Q13547,CHFR,HDAC1,261,1230,enzyme_substrate,1
E3|Q96EP1|Q14527,E3|Q96EP1,E3,Q96EP1,Q14527,CHFR,HLTF,261,119,enzyme_substrate,1
E3|Q96EP1|Q14807,E3|Q96EP1,E3,Q96EP1,Q14807,CHFR,KIF22,261,1345,enzyme_substrate,1
E3|Q96EP1|Q86WJ1,E3|Q96EP1,E3,Q96EP1,Q86WJ1,CHFR,CHD1L,261,1509,enzyme_substrate,1
E3|Q96EP1|Q96EP1,E3|Q96EP1,E3,Q96EP1,Q96EP1,CHFR,CHFR,261,261,enzyme_substrate,1
E3|Q96EP1|Q96GM5,E3|Q96EP1,E3,Q96EP1,Q96GM5,CHFR,SMARCD1,261,1510,enzyme_substrate,1
E3|Q96EP1|Q96KB5,E3|Q96EP1,E3,Q96EP1,Q96KB5,CHFR,PBK,261,1409,enzyme_substrate,1
E3|Q96EQ8|O95786,E3|Q96EQ8,E3,Q96EQ8,O95786,RNF125,DDX58,262,51,enzyme_substrate,1
E3|Q96EQ8|P04637,E3|Q96EQ8,E3,Q96EQ8,P04637,RNF125,TP53,262,528,enzyme_substrate,1
E3|Q96EQ8|P23458,E3|Q96EQ8,E3,Q96EQ8,P23458,RNF125,JAK1,262,539,enzyme_substrate,1
E3|Q96EQ8|Q7Z434,E3|Q96EQ8,E3,Q96EQ8,Q7Z434,RNF125,MAVS,262,1161,enzyme_substrate,1
E3|Q96EQ8|Q96EQ8,E3|Q96EQ8,E3,Q96EQ8,Q96EQ8,RNF125,RNF125,262,262,enzyme_substrate,1
E3|Q96EQ8|Q96P20,E3|Q96EQ8,E3,Q96EQ8,Q96P20,RNF125,NLRP3,262,650,enzyme_substrate,1
E3|Q96EQ8|Q9BYX4,E3|Q96EQ8,E3,Q96EQ8,Q9BYX4,RNF125,IFIH1,262,1511,enzyme_substrate,1
E3|Q96EQ8|Q9HB29,E3|Q96EQ8,E3,Q96EQ8,Q9HB29,RNF125,IL1RL2,262,1512,enzyme_substrate,1
E3|Q96EX2|P26951,E3|Q96EX2,E3,Q96EX2,P26951,RNFT2,IL3RA,263,1513,enzyme_substrate,1
E3|Q96F44|O15169,E3|Q96F44,E3,Q96F44,O15169,TRIM11,AXIN1,264,1167,enzyme_substrate,1
E3|Q96F44|O60346,E3|Q96F44,E3,Q96F44,O60346,TRIM11,PHLPP1,264,1377,enzyme_substrate,1
E3|Q96F44|P03372,E3|Q96F44,E3,Q96F44,P03372,TRIM11,ESR1,264,586,enzyme_substrate,1
E3|Q96F44|P0CJ68,E3|Q96F44,E3,Q96F44,P0CJ68,TRIM11,MTRNR2L1,264,1514,enzyme_substrate,1
E3|Q96F44|P26367,E3|Q96F44,E3,Q96F44,P26367,TRIM11,PAX6,264,1515,enzyme_substrate,1
E3|Q96F44|P31645,E3|Q96F44,E3,Q96F44,P31645,TRIM11,SLC6A4,264,1300,enzyme_substrate,1
E3|Q96F44|P42858,E3|Q96F44,E3,Q96F44,P42858,TRIM11,HTT,264,711,enzyme_substrate,1
E3|Q96F44|Q16828,E3|Q96F44,E3,Q96F44,Q16828,TRIM11,DUSP6,264,603,enzyme_substrate,1
E3|Q96F44|Q96QS3,E3|Q96F44,E3,Q96F44,Q96QS3,TRIM11,ARX,264,1516,enzyme_substrate,1
E3|Q96F44|Q96RN5,E3|Q96F44,E3,Q96F44,Q96RN5,TRIM11,MED15,264,1517,enzyme_substrate,1
E3|Q96F44|Q9P219,E3|Q96F44,E3,Q96F44,Q9P219,TRIM11,CCDC88C,264,1518,enzyme_substrate,1
E3|Q96FA3|O15151,E3|Q96FA3,E3,Q96FA3,O15151,PELI1,MDM4,265,12,enzyme_substrate,1
E3|Q96FA3|P41182,E3|Q96FA3,E3,Q96FA3,P41182,PELI1,BCL6,265,1309,enzyme_substrate,1
E3|Q96FA3|P51617,E3|Q96FA3,E3,Q96FA3,P51617,PELI1,IRAK1,265,83,enzyme_substrate,1
E3|Q96FA3|Q13114,E3|Q96FA3,E3,Q96FA3,Q13114,PELI1,TRAF3,265,105,enzyme_substrate,1
E3|Q96FA3|Q13546,E3|Q96FA3,E3,Q96FA3,Q13546,PELI1,RIPK1,265,783,enzyme_substrate,1
E3|Q96FA3|Q15311,E3|Q96FA3,E3,Q96FA3,Q15311,PELI1,RALBP1,265,1519,enzyme_substrate,1
E3|Q96FA3|Q99558,E3|Q96FA3,E3,Q96FA3,Q99558,PELI1,MAP3K14,265,1085,enzyme_substrate,1
E3|Q96FA3|Q9Y572,E3|Q96FA3,E3,Q96FA3,Q9Y572,PELI1,RIPK3,265,1144,enzyme_substrate,1
E3|Q96GF1|O14641,E3|Q96GF1,E3,Q96GF1,O14641,RNF185,DVL2,266,865,enzyme_substrate,1
E3|Q96GF1|O75915,E3|Q96GF1,E3,Q96GF1,O75915,RNF185,ARL6IP5,266,1520,enzyme_substrate,1
E3|Q96GF1|P13569,E3|Q96GF1,E3,Q96GF1,P13569,RNF185,CFTR,266,808,enzyme_substrate,1
E3|Q96GF1|Q12981,E3|Q96GF1,E3,Q96GF1,Q12981,RNF185,BNIP1,266,1521,enzyme_substrate,1
E3|Q96GF1|Q9BRJ7,E3|Q96GF1,E3,Q96GF1,Q9BRJ7,RNF185,NUDT16L1,266,1522,enzyme_substrate,1
E3|Q96J02|F5HEZ4,E3|Q96J02,E3,Q96J02,F5HEZ4,ITCH,ORF71,267,1523,enzyme_substrate,1
E3|Q96J02|O14641,E3|Q96J02,E3,Q96J02,O14641,ITCH,DVL2,267,865,enzyme_substrate,1
E3|Q96J02|O14964,E3|Q96J02,E3,Q96J02,O14964,ITCH,HGS,267,785,enzyme_substrate,1
E3|Q96J02|O15105,E3|Q96J02,E3,Q96J02,O15105,ITCH,SMAD7,267,504,enzyme_substrate,1
E3|Q96J02|O15350,E3|Q96J02,E3,Q96J02,O15350,ITCH,TP73,267,505,enzyme_substrate,1
E3|Q96J02|O15357,E3|Q96J02,E3,Q96J02,O15357,ITCH,INPPL1,267,1524,enzyme_substrate,1
E3|Q96J02|O15519,E3|Q96J02,E3,Q96J02,O15519,ITCH,CFLAR,267,1525,enzyme_substrate,1
E3|Q96J02|O43294,E3|Q96J02,E3,Q96J02,O43294,ITCH,TGFB1I1,267,1526,enzyme_substrate,1
E3|Q96J02|O43318,E3|Q96J02,E3,Q96J02,O43318,ITCH,MAP3K7,267,966,enzyme_substrate,1
E3|Q96J02|O43353,E3|Q96J02,E3,Q96J02,O43353,ITCH,RIPK2,267,967,enzyme_substrate,1
E3|Q96J02|O60240,E3|Q96J02,E3,Q96J02,O60240,ITCH,PLIN1,267,1527,enzyme_substrate,1
E3|Q96J02|O75581,E3|Q96J02,E3,Q96J02,O75581,ITCH,LRP6,267,1528,enzyme_substrate,1
E3|Q96J02|O95835,E3|Q96J02,E3,Q96J02,O95835,ITCH,LATS1,267,52,enzyme_substrate,1
E3|Q96J02|O95999,E3|Q96J02,E3,Q96J02,O95999,ITCH,BCL10,267,890,enzyme_substrate,1
E3|Q96J02|P00533,E3|Q96J02,E3,Q96J02,P00533,ITCH,EGFR,267,679,enzyme_substrate,1
E3|Q96J02|P05412,E3|Q96J02,E3,Q96J02,P05412,ITCH,JUN,267,587,enzyme_substrate,1
E3|Q96J02|P05777,E3|Q96J02,E3,Q96J02,P05777,ITCH,M,267,1529,enzyme_substrate,1
E3|Q96J02|P06241,E3|Q96J02,E3,Q96J02,P06241,ITCH,FYN,267,795,enzyme_substrate,1
E3|Q96J02|P08151,E3|Q96J02,E3,Q96J02,P08151,ITCH,GLI1,267,589,enzyme_substrate,1
E3|Q96J02|P15056,E3|Q96J02,E3,Q96J02,P15056,ITCH,BRAF,267,1372,enzyme_substrate,1
E3|Q96J02|P16403,E3|Q96J02,E3,Q96J02,P16403,ITCH,H1-2,267,1530,enzyme_substrate,1
E3|Q96J02|P17275,E3|Q96J02,E3,Q96J02,P17275,ITCH,JUNB,267,1443,enzyme_substrate,1
E3|Q96J02|P17844,E3|Q96J02,E3,Q96J02,P17844,ITCH,DDX5,267,1531,enzyme_substrate,1
E3|Q96J02|P19174,E3|Q96J02,E3,Q96J02,P19174,ITCH,PLCG1,267,627,enzyme_substrate,1
E3|Q96J02|P20963,E3|Q96J02,E3,Q96J02,P20963,ITCH,CD247,267,1097,enzyme_substrate,1
E3|Q96J02|P21860,E3|Q96J02,E3,Q96J02,P21860,ITCH,ERBB3,267,630,enzyme_substrate,1
E3|Q96J02|P22681,E3|Q96J02,E3,Q96J02,P22681,ITCH,CBL,267,69,enzyme_substrate,1
E3|Q96J02|P45985,E3|Q96J02,E3,Q96J02,P45985,ITCH,MAP2K4,267,1532,enzyme_substrate,1
E3|Q96J02|P46531,E3|Q96J02,E3,Q96J02,P46531,ITCH,NOTCH1,267,904,enzyme_substrate,1
E3|Q96J02|P46937,E3|Q96J02,E3,Q96J02,P46937,ITCH,YAP1,267,632,enzyme_substrate,1
E3|Q96J02|P55957,E3|Q96J02,E3,Q96J02,P55957,ITCH,BID,267,1533,enzyme_substrate,1
E3|Q96J02|P61073,E3|Q96J02,E3,Q96J02,P61073,ITCH,CXCR4,267,1534,enzyme_substrate,1
E3|Q96J02|Q01860,E3|Q96J02,E3,Q96J02,Q01860,ITCH,POU5F1,267,511,enzyme_substrate,1
E3|Q96J02|Q12778,E3|Q96J02,E3,Q96J02,Q12778,ITCH,FOXO1,267,1028,enzyme_substrate,1
E3|Q96J02|Q13118,E3|Q96J02,E3,Q96J02,Q13118,ITCH,KLF10,267,1344,enzyme_substrate,1
E3|Q96J02|Q13490,E3|Q96J02,E3,Q96J02,Q13490,ITCH,BIRC2,267,113,enzyme_substrate,1
E3|Q96J02|Q13546,E3|Q96J02,E3,Q96J02,Q13546,ITCH,RIPK1,267,783,enzyme_substrate,1
E3|Q96J02|Q13571,E3|Q96J02,E3,Q96J02,Q13571,ITCH,LAPTM5,267,910,enzyme_substrate,1
E3|Q96J02|Q13635,E3|Q96J02,E3,Q96J02,Q13635,ITCH,PTCH1,267,1535,enzyme_substrate,1
E3|Q96J02|Q14511,E3|Q96J02,E3,Q96J02,Q14511,ITCH,NEDD9,267,1536,enzyme_substrate,1
E3|Q96J02|Q15303,E3|Q96J02,E3,Q96J02,Q15303,ITCH,ERBB4,267,642,enzyme_substrate,1
E3|Q96J02|Q15583,E3|Q96J02,E3,Q96J02,Q15583,ITCH,TGIF1,267,1456,enzyme_substrate,1
E3|Q96J02|Q15750,E3|Q96J02,E3,Q96J02,Q15750,ITCH,TAB1,267,1537,enzyme_substrate,1
E3|Q96J02|Q15796,E3|Q96J02,E3,Q96J02,Q15796,ITCH,SMAD2,267,1253,enzyme_substrate,1
E3|Q96J02|Q15811,E3|Q96J02,E3,Q96J02,Q15811,ITCH,ITSN1,267,1538,enzyme_substrate,1
E3|Q96J02|Q16621,E3|Q96J02,E3,Q96J02,Q16621,ITCH,NFE2,267,1539,enzyme_substrate,1
E3|Q96J02|Q16625,E3|Q96J02,E3,Q96J02,Q16625,ITCH,OCLN,267,1540,enzyme_substrate,1
E3|Q96J02|Q16630,E3|Q96J02,E3,Q96J02,Q16630,ITCH,CPSF6,267,1541,enzyme_substrate,1
E3|Q96J02|Q16655,E3|Q96J02,E3,Q96J02,Q16655,ITCH,MLANA,267,913,enzyme_substrate,1
E3|Q96J02|Q3T906,E3|Q96J02,E3,Q96J02,Q3T906,ITCH,GNPTAB,267,1542,enzyme_substrate,1
E3|Q96J02|Q4VCS5,E3|Q96J02,E3,Q96J02,Q4VCS5,ITCH,AMOT,267,915,enzyme_substrate,1
E3|Q96J02|Q6PJG6,E3|Q96J02,E3,Q96J02,Q6PJG6,ITCH,BRAT1,267,917,enzyme_substrate,1
E3|Q96J02|Q7Z434,E3|Q96J02,E3,Q96J02,Q7Z434,ITCH,MAVS,267,1161,enzyme_substrate,1
E3|Q96J02|Q86Y01,E3|Q96J02,E3,Q96J02,Q86Y01,ITCH,DTX1,267,186,enzyme_substrate,1
E3|Q96J02|Q8NEA6,E3|Q96J02,E3,Q96J02,Q8NEA6,ITCH,GLIS3,267,1543,enzyme_substrate,1
E3|Q96J02|Q8WWW0,E3|Q96J02,E3,Q96J02,Q8WWW0,ITCH,RASSF5,267,1544,enzyme_substrate,1
E3|Q96J02|Q96J02,E3|Q96J02,E3,Q96J02,Q96J02,ITCH,ITCH,267,267,enzyme_substrate,1
E3|Q96J02|Q99541,E3|Q96J02,E3,Q96J02,Q99541,ITCH,PLIN2,267,1545,enzyme_substrate,1
E3|Q96J02|Q99962,E3|Q96J02,E3,Q96J02,Q99962,ITCH,SH3GL2,267,656,enzyme_substrate,1
E3|Q96J02|Q9BTU6,E3|Q96J02,E3,Q96J02,Q9BTU6,ITCH,PI4K2A,267,1546,enzyme_substrate,1
E3|Q96J02|Q9H3D4,E3|Q96J02,E3,Q96J02,Q9H3D4,ITCH,TP63,267,1468,enzyme_substrate,1
E3|Q96J02|Q9H3M7,E3|Q96J02,E3,Q96J02,Q9H3M7,ITCH,TXNIP,267,1547,enzyme_substrate,1
E3|Q96J02|Q9HBA0,E3|Q96J02,E3,Q96J02,Q9HBA0,ITCH,TRPV4,267,1548,enzyme_substrate,1
E3|Q96J02|Q9UBN4,E3|Q96J02,E3,Q96J02,Q9UBN4,ITCH,TRPC4,267,1549,enzyme_substrate,1
E3|Q96J02|Q9UM47,E3|Q96J02,E3,Q96J02,Q9UM47,ITCH,NOTCH3,267,516,enzyme_substrate,1
E3|Q96J02|Q9UMX1,E3|Q96J02,E3,Q96J02,Q9UMX1,ITCH,SUFU,267,945,enzyme_substrate,1
E3|Q96J02|Q9Y371,E3|Q96J02,E3,Q96J02,Q9Y371,ITCH,SH3GLB1,267,1550,enzyme_substrate,1
E3|Q96J02|Q9Y5X1,E3|Q96J02,E3,Q96J02,Q9Y5X1,ITCH,SNX9,267,1551,enzyme_substrate,1
E3|Q96JP5|P52597,E3|Q96JP5,E3,Q96JP5,P52597,ZFP91,HNRNPF,268,1552,enzyme_substrate,1
E3|Q96JP5|Q14457,E3|Q96JP5,E3,Q96JP5,Q14457,ZFP91,BECN1,268,681,enzyme_substrate,1
E3|Q96JP5|Q99558,E3|Q96JP5,E3,Q96JP5,Q99558,ZFP91,MAP3K14,268,1085,enzyme_substrate,1
E3|Q96JY6|P42224,E3|Q96JY6,E3,Q96JY6,P42224,PDLIM2,STAT1,269,680,enzyme_substrate,1
E3|Q96JY6|Q04206,E3|Q96JY6,E3,Q96JY6,Q04206,PDLIM2,RELA,269,540,enzyme_substrate,1
E3|Q96K19|Q14643,E3|Q96K19,E3,Q96K19,Q14643,RNF170,ITPR1,270,1553,enzyme_substrate,1
E3|Q96LD4|P04637,E3|Q96LD4,E3,Q96LD4,P04637,TRIM47,TP53,271,528,enzyme_substrate,1
E3|Q96LD4|Q12906,E3|Q96LD4,E3,Q96LD4,Q12906,TRIM47,ILF3,271,599,enzyme_substrate,1
E3|Q96LD4|Q13485,E3|Q96LD4,E3,Q96LD4,Q13485,TRIM47,SMAD4,271,1129,enzyme_substrate,1
E3|Q96M02|P04637,E3|Q96M02,E3,Q96M02,P04637,C10orf90,TP53,272,528,enzyme_substrate,1
E3|Q96M94|Q15173,E3|Q96M94,E3,Q96M94,Q15173,KLHL15,PPP2R5B,273,1554,enzyme_substrate,1
E3|Q96M94|Q99708,E3|Q96M94,E3,Q96M94,Q99708,KLHL15,RBBP8,273,861,enzyme_substrate,1
E3|Q96ME1|Q9UJT9,E3|Q96ME1,E3,Q96ME1,Q9UJT9,FBXL18,FBXL7,274,374,enzyme_substrate,1
E3|Q96MT1|P04035,E3|Q96MT1,E3,Q96MT1,P04035,RNF145,HMGCR,275,1296,enzyme_substrate,1
E3|Q96PM5|O14579,E3|Q96PM5,E3,Q96PM5,O14579,RCHY1,COPE,276,1555,enzyme_substrate,1
E3|Q96PM5|O15350,E3|Q96PM5,E3,Q96PM5,O15350,RCHY1,TP73,276,505,enzyme_substrate,1
E3|Q96PM5|O75417,E3|Q96PM5,E3,Q96PM5,O75417,RCHY1,POLQ,276,997,enzyme_substrate,1
E3|Q96PM5|O96017,E3|Q96PM5,E3,Q96PM5,O96017,RCHY1,CHEK2,276,552,enzyme_substrate,1
E3|Q96PM5|P04637,E3|Q96PM5,E3,Q96PM5,P04637,RCHY1,TP53,276,528,enzyme_substrate,1
E3|Q96PM5|P46527,E3|Q96PM5,E3,Q96PM5,P46527,RCHY1,CDKN1B,276,558,enzyme_substrate,1
E3|Q96PM5|P49458,E3|Q96PM5,E3,Q96PM5,P49458,RCHY1,SRP9,276,1556,enzyme_substrate,1
E3|Q96PM5|Q13547,E3|Q96PM5,E3,Q96PM5,Q13547,RCHY1,HDAC1,276,1230,enzyme_substrate,1
E3|Q96PM5|Q15717,E3|Q96PM5,E3,Q96PM5,Q15717,RCHY1,ELAVL1,276,1557,enzyme_substrate,1
E3|Q96PM5|Q5T7V8,E3|Q96PM5,E3,Q96PM5,Q5T7V8,RCHY1,GORAB,276,1558,enzyme_substrate,1
E3|Q96PM5|Q96J02,E3|Q96PM5,E3,Q96PM5,Q96J02,RCHY1,ITCH,276,267,enzyme_substrate,1
E3|Q96PM5|Q9H3D4,E3|Q96PM5,E3,Q96PM5,Q9H3D4,RCHY1,TP63,276,1468,enzyme_substrate,1
E3|Q96PM5|Q9Y253,E3|Q96PM5,E3,Q96PM5,Q9Y253,RCHY1,POLH,276,1559,enzyme_substrate,1
E3|Q96PM5|Q9Y5M8,E3|Q96PM5,E3,Q96PM5,Q9Y5M8,RCHY1,SRPRB,276,1560,enzyme_substrate,1
E3|Q96PU4|P24385,E3|Q96PU4,E3,Q96PU4,P24385,UHRF2,CCND1,277,1115,enzyme_substrate,1
E3|Q96PU4|P24864,E3|Q96PU4,E3,Q96PU4,P24864,UHRF2,CCNE1,277,593,enzyme_substrate,1
E3|Q96PU4|P38936,E3|Q96PU4,E3,Q96PU4,P38936,UHRF2,CDKN1A,277,529,enzyme_substrate,1
E3|Q96PU4|Q71DI3,E3|Q96PU4,E3,Q96PU4,Q71DI3,UHRF2,H3C14,277,1281,enzyme_substrate,1
E3|Q96PU4|Q8WW12,E3|Q96PU4,E3,Q96PU4,Q8WW12,UHRF2,PCNP,277,1561,enzyme_substrate,1
E3|Q96PU5|O00141,E3|Q96PU5,E3,Q96PU5,O00141,NEDD4L,SGK1,278,1242,enzyme_substrate,1
E3|Q96PU5|O00213,E3|Q96PU5,E3,Q96PU5,O00213,NEDD4L,APBB1,278,1562,enzyme_substrate,1
E3|Q96PU5|O14641,E3|Q96PU5,E3,Q96PU5,O14641,NEDD4L,DVL2,278,865,enzyme_substrate,1
E3|Q96PU5|O14964,E3|Q96PU5,E3,Q96PU5,O14964,NEDD4L,HGS,278,785,enzyme_substrate,1
E3|Q96PU5|O15527,E3|Q96PU5,E3,Q96PU5,O15527,NEDD4L,OGG1,278,1563,enzyme_substrate,1
E3|Q96PU5|O75473,E3|Q96PU5,E3,Q96PU5,O75473,NEDD4L,LGR5,278,888,enzyme_substrate,1
E3|Q96PU5|O76090,E3|Q96PU5,E3,Q96PU5,O76090,NEDD4L,BEST1,278,1564,enzyme_substrate,1
E3|Q96PU5|P04629,E3|Q96PU5,E3,Q96PU5,P04629,NEDD4L,NTRK1,278,895,enzyme_substrate,1
E3|Q96PU5|P04637,E3|Q96PU5,E3,Q96PU5,P04637,NEDD4L,TP53,278,528,enzyme_substrate,1
E3|Q96PU5|P11686,E3|Q96PU5,E3,Q96PU5,P11686,NEDD4L,SFTPC,278,1565,enzyme_substrate,1
E3|Q96PU5|P22001,E3|Q96PU5,E3,Q96PU5,P22001,NEDD4L,KCNA3,278,1566,enzyme_substrate,1
E3|Q96PU5|P31749,E3|Q96PU5,E3,Q96PU5,P31749,NEDD4L,AKT1,278,671,enzyme_substrate,1
E3|Q96PU5|P33527,E3|Q96PU5,E3,Q96PU5,P33527,NEDD4L,ABCC1,278,1567,enzyme_substrate,1
E3|Q96PU5|P35240,E3|Q96PU5,E3,Q96PU5,P35240,NEDD4L,NF2,278,856,enzyme_substrate,1
E3|Q96PU5|P36897,E3|Q96PU5,E3,Q96PU5,P36897,NEDD4L,TGFBR1,278,869,enzyme_substrate,1
E3|Q96PU5|P37088,E3|Q96PU5,E3,Q96PU5,P37088,NEDD4L,SCNN1A,278,1568,enzyme_substrate,1
E3|Q96PU5|P37173,E3|Q96PU5,E3,Q96PU5,P37173,NEDD4L,TGFBR2,278,1275,enzyme_substrate,1
E3|Q96PU5|P40189,E3|Q96PU5,E3,Q96PU5,P40189,NEDD4L,IL6ST,278,523,enzyme_substrate,1
E3|Q96PU5|P43003,E3|Q96PU5,E3,Q96PU5,P43003,NEDD4L,SLC1A3,278,1569,enzyme_substrate,1
E3|Q96PU5|P49281,E3|Q96PU5,E3,Q96PU5,P49281,NEDD4L,SLC11A2,278,508,enzyme_substrate,1
E3|Q96PU5|P51168,E3|Q96PU5,E3,Q96PU5,P51168,NEDD4L,SCNN1B,278,905,enzyme_substrate,1
E3|Q96PU5|P51170,E3|Q96PU5,E3,Q96PU5,P51170,NEDD4L,SCNN1G,278,906,enzyme_substrate,1
E3|Q96PU5|P51795,E3|Q96PU5,E3,Q96PU5,P51795,NEDD4L,CLCN5,278,1570,enzyme_substrate,1
E3|Q96PU5|P53805,E3|Q96PU5,E3,Q96PU5,P53805,NEDD4L,RCAN1,278,1450,enzyme_substrate,1
E3|Q96PU5|P62745,E3|Q96PU5,E3,Q96PU5,P62745,NEDD4L,RHOB,278,1571,enzyme_substrate,1
E3|Q96PU5|P84022,E3|Q96PU5,E3,Q96PU5,P84022,NEDD4L,SMAD3,278,510,enzyme_substrate,1
E3|Q96PU5|Q01813,E3|Q96PU5,E3,Q96PU5,Q01813,NEDD4L,PFKP,278,1572,enzyme_substrate,1
E3|Q96PU5|Q01959,E3|Q96PU5,E3,Q96PU5,Q01959,NEDD4L,SLC6A3,278,908,enzyme_substrate,1
E3|Q96PU5|Q07912,E3|Q96PU5,E3,Q96PU5,Q07912,NEDD4L,TNK2,278,909,enzyme_substrate,1
E3|Q96PU5|Q12809,E3|Q96PU5,E3,Q96PU5,Q12809,NEDD4L,KCNH2,278,597,enzyme_substrate,1
E3|Q96PU5|Q13114,E3|Q96PU5,E3,Q96PU5,Q13114,NEDD4L,TRAF3,278,105,enzyme_substrate,1
E3|Q96PU5|Q14524,E3|Q96PU5,E3,Q96PU5,Q14524,NEDD4L,SCN5A,278,911,enzyme_substrate,1
E3|Q96PU5|Q15796,E3|Q96PU5,E3,Q96PU5,Q15796,NEDD4L,SMAD2,278,1253,enzyme_substrate,1
E3|Q96PU5|Q15858,E3|Q96PU5,E3,Q96PU5,Q15858,NEDD4L,SCN9A,278,1573,enzyme_substrate,1
E3|Q96PU5|Q16620,E3|Q96PU5,E3,Q96PU5,Q16620,NEDD4L,NTRK2,278,1574,enzyme_substrate,1
E3|Q96PU5|Q16625,E3|Q96PU5,E3,Q96PU5,Q16625,NEDD4L,OCLN,278,1540,enzyme_substrate,1
E3|Q96PU5|Q4VCS5,E3|Q96PU5,E3,Q96PU5,Q4VCS5,NEDD4L,AMOT,278,915,enzyme_substrate,1
E3|Q96PU5|Q6PJG6,E3|Q96PU5,E3,Q96PU5,Q6PJG6,NEDD4L,BRAT1,278,917,enzyme_substrate,1
E3|Q96PU5|Q6UUV7,E3|Q96PU5,E3,Q96PU5,Q6UUV7,NEDD4L,CRTC3,278,1575,enzyme_substrate,1
E3|Q96PU5|Q8TCC7,E3|Q96PU5,E3,Q96PU5,Q8TCC7,NEDD4L,SLC22A8,278,1576,enzyme_substrate,1
E3|Q96PU5|Q8TDR2,E3|Q96PU5,E3,Q96PU5,Q8TDR2,NEDD4L,STK35,278,1577,enzyme_substrate,1
E3|Q96PU5|Q8WXF1,E3|Q96PU5,E3,Q96PU5,Q8WXF1,NEDD4L,PSPC1,278,1578,enzyme_substrate,1
E3|Q96PU5|Q96D31,E3|Q96PU5,E3,Q96PU5,Q96D31,NEDD4L,ORAI1,278,1579,enzyme_substrate,1
E3|Q96PU5|Q96PU5,E3|Q96PU5,E3,Q96PU5,Q96PU5,NEDD4L,NEDD4L,278,278,enzyme_substrate,1
E3|Q96PU5|Q96QD8,E3|Q96PU5,E3,Q96PU5,Q96QD8,NEDD4L,SLC38A2,278,1580,enzyme_substrate,1
E3|Q96PU5|Q99250,E3|Q96PU5,E3,Q96PU5,Q99250,NEDD4L,SCN2A,278,1581,enzyme_substrate,1
E3|Q96PU5|Q99816,E3|Q96PU5,E3,Q96PU5,Q99816,NEDD4L,TSG101,278,664,enzyme_substrate,1
E3|Q96PU5|Q9BSA4,E3|Q96PU5,E3,Q96PU5,Q9BSA4,NEDD4L,TTYH2,278,926,enzyme_substrate,1
E3|Q96PU5|Q9BXB1,E3|Q96PU5,E3,Q96PU5,Q9BXB1,NEDD4L,LGR4,278,928,enzyme_substrate,1
E3|Q96PU5|Q9H1D0,E3|Q96PU5,E3,Q96PU5,Q9H1D0,NEDD4L,TRPV6,278,1582,enzyme_substrate,1
E3|Q96PU5|Q9H3D4,E3|Q96PU5,E3,Q96PU5,Q9H3D4,NEDD4L,TP63,278,1468,enzyme_substrate,1
E3|Q96PU5|Q9NRA0,E3|Q96PU5,E3,Q96PU5,Q9NRA0,NEDD4L,SPHK2,278,1583,enzyme_substrate,1
E3|Q96PU5|Q9NV92,E3|Q96PU5,E3,Q96PU5,Q9NV92,NEDD4L,NDFIP2,278,930,enzyme_substrate,1
E3|Q96PU5|Q9NY46,E3|Q96PU5,E3,Q96PU5,Q9NY46,NEDD4L,SCN3A,278,1584,enzyme_substrate,1
E3|Q96PU5|Q9P2K8,E3|Q96PU5,E3,Q96PU5,Q9P2K8,NEDD4L,EIF2AK4,278,1585,enzyme_substrate,1
E3|Q96PU5|Q9UQD0,E3|Q96PU5,E3,Q96PU5,Q9UQD0,NEDD4L,SCN8A,278,1586,enzyme_substrate,1
E3|Q96PU5|Q9Y5Y9,E3|Q96PU5,E3,Q96PU5,Q9Y5Y9,NEDD4L,SCN10A,278,1587,enzyme_substrate,1
E3|Q96Q27|O75369,E3|Q96Q27,E3,Q96Q27,O75369,ASB2,FLNB,279,1588,enzyme_substrate,1
E3|Q96Q27|P21333,E3|Q96Q27,E3,Q96Q27,P21333,ASB2,FLNA,279,1589,enzyme_substrate,1
E3|Q96RU7|Q07869,E3|Q96RU7,E3,Q96RU7,Q07869,TRIB3,PPARA,280,97,enzyme_substrate,1
E3|Q96S21|P63244,E3|Q96S21,E3,Q96S21,P63244,RAB40C,RACK1,281,88,enzyme_substrate,1
E3|Q96SW2|P10636,E3|Q96SW2,E3,Q96SW2,P10636,CRBN,MAPT,282,1298,enzyme_substrate,1
E3|Q96SW2|Q13422,E3|Q96SW2,E3,Q96SW2,Q13422,CRBN,IKZF1,282,1590,enzyme_substrate,1
E3|Q96SW2|Q96SW2,E3|Q96SW2,E3,Q96SW2,Q96SW2,CRBN,CRBN,282,282,enzyme_substrate,1
E3|Q96SW2|Q9H3D4,E3|Q96SW2,E3,Q96SW2,Q9H3D4,CRBN,TP63,282,1468,enzyme_substrate,1
E3|Q96SW2|Q9UJQ4,E3|Q96SW2,E3,Q96SW2,Q9UJQ4,CRBN,SALL4,282,1591,enzyme_substrate,1
E3|Q96SW2|Q9UKT9,E3|Q96SW2,E3,Q96SW2,Q9UKT9,CRBN,IKZF3,282,1592,enzyme_substrate,1
E3|Q96T88|P04637,E3|Q96T88,E3,Q96T88,P04637,UHRF1,TP53,283,528,enzyme_substrate,1
E3|Q96T88|P26358,E3|Q96T88,E3,Q96T88,P26358,UHRF1,DNMT1,283,1593,enzyme_substrate,1
E3|Q96T88|P29590,E3|Q96T88,E3,Q96T88,P29590,UHRF1,PML,283,71,enzyme_substrate,1
E3|Q96T88|P68431,E3|Q96T88,E3,Q96T88,P68431,UHRF1,H3C1,283,839,enzyme_substrate,1
E3|Q96T88|Q16778,E3|Q96T88,E3,Q96T88,Q16778,UHRF1,H2BC21,283,676,enzyme_substrate,1
E3|Q99496|A6NK89,E3|Q99496,E3,Q99496,A6NK89,RNF2,RASSF10,284,1594,enzyme_substrate,1
E3|Q99496|O75496,E3|Q99496,E3,Q99496,O75496,RNF2,GMNN,284,840,enzyme_substrate,1
E3|Q99496|P0C0S5,E3|Q99496,E3,Q99496,P0C0S5,RNF2,H2AZ1,284,578,enzyme_substrate,1
E3|Q99496|P0C0S8,E3|Q99496,E3,Q99496,P0C0S8,RNF2,H2AC11,284,691,enzyme_substrate,1
E3|Q99496|P16104,E3|Q99496,E3,Q99496,P16104,RNF2,H2AX,284,579,enzyme_substrate,1
E3|Q99496|P23921,E3|Q99496,E3,Q99496,P23921,RNF2,RRM1,284,842,enzyme_substrate,1
E3|Q99496|Q16777,E3|Q99496,E3,Q99496,Q16777,RNF2,H2AC20,284,696,enzyme_substrate,1
E3|Q99496|Q6FI13,E3|Q99496,E3,Q99496,Q6FI13,RNF2,H2AC18,284,580,enzyme_substrate,1
E3|Q99496|Q8N488,E3|Q99496,E3,Q99496,Q8N488,RNF2,RYBP,284,1595,enzyme_substrate,1
E3|Q99496|Q99496,E3|Q99496,E3,Q99496,Q99496,RNF2,RNF2,284,284,enzyme_substrate,1
E3|Q99496|Q9C0C7,E3|Q99496,E3,Q99496,Q9C0C7,RNF2,AMBRA1,284,309,enzyme_substrate,1
E3|Q99618|P30291,E3|Q99618,E3,Q99618,P30291,CDCA3,WEE1,285,1596,enzyme_substrate,1
E3|Q99618|P38936,E3|Q99618,E3,Q99618,P38936,CDCA3,CDKN1A,285,529,enzyme_substrate,1
E3|Q99619|P35228,E3|Q99619,E3,Q99619,P35228,SPSB2,NOS2,286,1597,enzyme_substrate,1
E3|Q99619|P60321,E3|Q99619,E3,Q99619,P60321,SPSB2,NANOS2,286,1598,enzyme_substrate,1
E3|Q99675|P00533,E3|Q99675,E3,Q99675,P00533,CGRRF1,EGFR,287,679,enzyme_substrate,1
E3|Q99675|Q5T9L3,E3|Q99675,E3,Q99675,Q5T9L3,CGRRF1,WLS,287,1599,enzyme_substrate,1
E3|Q99728|P03372,E3|Q99728,E3,Q99728,P03372,BARD1,ESR1,288,586,enzyme_substrate,1
E3|Q99728|P16104,E3|Q99728,E3,Q99728,P16104,BARD1,H2AX,288,579,enzyme_substrate,1
E3|Q99728|P24928,E3|Q99728,E3,Q99728,P24928,BARD1,POLR2A,288,507,enzyme_substrate,1
E3|Q99728|P38398,E3|Q99728,E3,Q99728,P38398,BARD1,BRCA1,288,76,enzyme_substrate,1
E3|Q99728|P52434,E3|Q99728,E3,Q99728,P52434,BARD1,POLR2H,288,857,enzyme_substrate,1
E3|Q99942|O43511,E3|Q99942,E3,Q99942,O43511,RNF5,SLC26A4,289,1600,enzyme_substrate,1
E3|Q99942|P13569,E3|Q99942,E3,Q99942,P13569,RNF5,CFTR,289,808,enzyme_substrate,1
E3|Q99942|P49023,E3|Q99942,E3,Q99942,P49023,RNF5,PXN,289,1601,enzyme_substrate,1
E3|Q99942|P68036,E3|Q99942,E3,Q99942,P68036,RNF5,UBE2L3,289,1602,enzyme_substrate,1
E3|Q99942|Q12770,E3|Q99942,E3,Q99942,Q12770,RNF5,SCAP,289,1603,enzyme_substrate,1
E3|Q99942|Q14653,E3|Q99942,E3,Q99942,Q14653,RNF5,IRF3,289,503,enzyme_substrate,1
E3|Q99942|Q7Z434,E3|Q99942,E3,Q99942,Q7Z434,RNF5,MAVS,289,1161,enzyme_substrate,1
E3|Q99942|Q86WV6,E3|Q99942,E3,Q99942,Q86WV6,RNF5,STING1,289,860,enzyme_substrate,1
E3|Q99942|Q8ZNR3,E3|Q99942,E3,Q99942,Q8ZNR3,RNF5,sopA,289,1604,enzyme_substrate,1
E3|Q99942|Q9P055,E3|Q99942,E3,Q99942,Q9P055,RNF5,JKAMP,289,1605,enzyme_substrate,1
E3|Q9BR09|P35222,E3|Q9BR09,E3,Q9BR09,P35222,NEURL2,CTNNB1,290,674,enzyme_substrate,1
E3|Q9BRZ2|O00422,E3|Q9BRZ2,E3,Q9BRZ2,O00422,TRIM56,SAP18,291,1606,enzyme_substrate,1
E3|Q9BRZ2|P08670,E3|Q9BRZ2,E3,Q9BRZ2,P08670,TRIM56,VIM,291,1607,enzyme_substrate,1
E3|Q9BRZ2|Q86WV6,E3|Q9BRZ2,E3,Q9BRZ2,Q86WV6,TRIM56,STING1,291,860,enzyme_substrate,1
E3|Q9BSM1|P0C0S8,E3|Q9BSM1,E3,Q9BSM1,P0C0S8,PCGF1,H2AC11,292,691,enzyme_substrate,1
E3|Q9BUZ4|O14757,E3|Q9BUZ4,E3,Q9BUZ4,O14757,TRAF4,CHEK1,293,1268,enzyme_substrate,1
E3|Q9BUZ4|P04629,E3|Q9BUZ4,E3,Q9BUZ4,P04629,TRAF4,NTRK1,293,895,enzyme_substrate,1
E3|Q9BUZ4|P31749,E3|Q9BUZ4,E3,Q9BUZ4,P31749,TRAF4,AKT1,293,671,enzyme_substrate,1
E3|Q9BUZ4|P35568,E3|Q9BUZ4,E3,Q9BUZ4,P35568,TRAF4,IRS1,293,522,enzyme_substrate,1
E3|Q9BUZ4|Q9HAU4,E3|Q9BUZ4,E3,Q9BUZ4,Q9HAU4,TRAF4,SMURF2,293,327,enzyme_substrate,1
E3|Q9BV68|P00533,E3|Q9BV68,E3,Q9BV68,P00533,RNF126,EGFR,294,679,enzyme_substrate,1
E3|Q9BV68|P04637,E3|Q9BV68,E3,Q9BV68,P04637,RNF126,TP53,294,528,enzyme_substrate,1
E3|Q9BV68|P08581,E3|Q9BV68,E3,Q9BV68,P08581,RNF126,MET,294,800,enzyme_substrate,1
E3|Q9BV68|P36888,E3|Q9BV68,E3,Q9BV68,P36888,RNF126,FLT3,294,1336,enzyme_substrate,1
E3|Q9BV68|P38936,E3|Q9BV68,E3,Q9BV68,P38936,RNF126,CDKN1A,294,529,enzyme_substrate,1
E3|Q9BV68|P60484,E3|Q9BV68,E3,Q9BV68,P60484,RNF126,PTEN,294,509,enzyme_substrate,1
E3|Q9BV68|P61073,E3|Q9BV68,E3,Q9BV68,P61073,RNF126,CXCR4,294,1534,enzyme_substrate,1
E3|Q9BV68|Q9GZX7,E3|Q9BV68,E3,Q9BV68,Q9GZX7,RNF126,AICDA,294,1608,enzyme_substrate,1
E3|Q9BVG3|Q9BVG3,E3|Q9BVG3,E3,Q9BVG3,Q9BVG3,TRIM62,TRIM62,295,295,enzyme_substrate,1
E3|Q9BVG3|Q9H257,E3|Q9BVG3,E3,Q9BVG3,Q9H257,TRIM62,CARD9,295,1609,enzyme_substrate,1
E3|Q9BWF2|Q14678,E3|Q9BWF2,E3,Q9BWF2,Q14678,TRAIP,KANK1,296,1610,enzyme_substrate,1
E3|Q9BXM7|P21796,E3|Q9BXM7,E3,Q9BXM7,P21796,PINK1,VDAC1,297,629,enzyme_substrate,1
E3|Q9BY78|P09936,E3|Q9BY78,E3,Q9BY78,P09936,RNF26,TMEM173,298,58,enzyme_substrate,1
E3|Q9BY78|Q13501,E3|Q9BY78,E3,Q9BY78,Q13501,RNF26,SQSTM1,298,114,enzyme_substrate,1
E3|Q9BY78|Q14653,E3|Q9BY78,E3,Q9BY78,Q14653,RNF26,IRF3,298,503,enzyme_substrate,1
E3|Q9BY78|Q86WV6,E3|Q9BY78,E3,Q9BY78,Q86WV6,RNF26,STING1,298,860,enzyme_substrate,1
E3|Q9BYM8|O14867,E3|Q9BYM8,E3,Q9BYM8,O14867,RBCK1,BACH1,299,1376,enzyme_substrate,1
E3|Q9BYM8|O75469,E3|Q9BYM8,E3,Q9BYM8,O75469,RBCK1,NR1I2,299,707,enzyme_substrate,1
E3|Q9BYM8|P17252,E3|Q9BYM8,E3,Q9BYM8,P17252,RBCK1,PRKCA,299,1504,enzyme_substrate,1
E3|Q9BYM8|P48200,E3|Q9BYM8,E3,Q9BYM8,P48200,RBCK1,IREB2,299,871,enzyme_substrate,1
E3|Q9BYM8|Q13546,E3|Q9BYM8,E3,Q9BYM8,Q13546,RBCK1,RIPK1,299,783,enzyme_substrate,1
E3|Q9BYM8|Q14258,E3|Q9BYM8,E3,Q9BYM8,Q14258,RBCK1,TRIM25,299,118,enzyme_substrate,1
E3|Q9BYM8|Q14653,E3|Q9BYM8,E3,Q9BYM8,Q14653,RBCK1,IRF3,299,503,enzyme_substrate,1
E3|Q9BYM8|Q8N5C8,E3|Q9BYM8,E3,Q9BYM8,Q8N5C8,RBCK1,TAB3,299,1611,enzyme_substrate,1
E3|Q9BYM8|Q9BYM8,E3|Q9BYM8,E3,Q9BYM8,Q9BYM8,RBCK1,RBCK1,299,299,enzyme_substrate,1
E3|Q9BYM8|Q9NYJ8,E3|Q9BYM8,E3,Q9BYM8,Q9NYJ8,RBCK1,TAB2,299,1612,enzyme_substrate,1
E3|Q9BYM8|Q9Y6K9,E3|Q9BYM8,E3,Q9BYM8,Q9Y6K9,RBCK1,IKBKG,299,663,enzyme_substrate,1
E3|Q9BZR9|O15524,E3|Q9BZR9,E3,Q9BZR9,O15524,TRIM8,SOCS1,300,16,enzyme_substrate,1
E3|Q9BZR9|O43318,E3|Q9BZR9,E3,Q9BZR9,O43318,TRIM8,MAP3K7,300,966,enzyme_substrate,1
E3|Q9BZR9|P03372,E3|Q9BZR9,E3,Q9BZR9,P03372,TRIM8,ESR1,300,586,enzyme_substrate,1
E3|Q9BZY9|O43318,E3|Q9BZY9,E3,Q9BZY9,O43318,TRIM31,MAP3K7,301,966,enzyme_substrate,1
E3|Q9BZY9|Q96P20,E3|Q9BZY9,E3,Q9BZY9,Q96P20,TRIM31,NLRP3,301,650,enzyme_substrate,1
E3|Q9BZY9|Q9BZY9,E3|Q9BZY9,E3,Q9BZY9,Q9BZY9,TRIM31,TRIM31,301,301,enzyme_substrate,1
E3|Q9BZY9|Q9NQ88,E3|Q9BZY9,E3,Q9BZY9,Q9NQ88,TRIM31,TIGAR,301,1613,enzyme_substrate,1
E3|Q9C019|P02647,E3|Q9C019,E3,Q9C019,P02647,TRIM15,APOA1,302,1614,enzyme_substrate,1
E3|Q9C026|P50552,E3|Q9C026,E3,Q9C026,P50552,TRIM9,VASP,303,1615,enzyme_substrate,1
E3|Q9C026|Q9C026,E3|Q9C026,E3,Q9C026,Q9C026,TRIM9,TRIM9,303,303,enzyme_substrate,1
E3|Q9C029|Q04206,E3|Q9C029,E3,Q9C029,Q04206,TRIM7,RELA,304,540,enzyme_substrate,1
E3|Q9C029|Q9HCU9,E3|Q9C029,E3,Q9C029,Q9HCU9,TRIM7,BRMS1,304,613,enzyme_substrate,1
E3|Q9C030|P78543,E3|Q9C030,E3,Q9C030,P78543,TRIM6,BTG2,305,1125,enzyme_substrate,1
E3|Q9C035|Q9C035,E3|Q9C035,E3,Q9C035,Q9C035,TRIM5,TRIM5,306,306,enzyme_substrate,1
E3|Q9C037|O95786,E3|Q9C037,E3,Q9C037,O95786,TRIM4,DDX58,307,51,enzyme_substrate,1
E3|Q9C037|Q7Z2W7,E3|Q9C037,E3,Q9C037,Q7Z2W7,TRIM4,TRPM8,307,1616,enzyme_substrate,1
E3|Q9C040|O43521,E3|Q9C040,E3,Q9C040,O43521,TRIM2,BCL2L11,308,786,enzyme_substrate,1
E3|Q9C040|P07196,E3|Q9C040,E3,Q9C040,P07196,TRIM2,NEFL,308,1617,enzyme_substrate,1
E3|Q9C0C7|Q14457,E3|Q9C0C7,E3,Q9C0C7,Q14457,AMBRA1,BECN1,309,681,enzyme_substrate,1
E3|Q9C0C9|O94992,E3|Q9C0C9,E3,Q9C0C9,O94992,UBE2O,HEXIM1,310,999,enzyme_substrate,1
E3|Q9C0C9|P50539,E3|Q9C0C9,E3,Q9C0C9,P50539,UBE2O,MXI1,310,1618,enzyme_substrate,1
E3|Q9H000|O00425,E3|Q9H000,E3,Q9H000,O00425,MKRN2,IGF2BP3,311,1619,enzyme_substrate,1
E3|Q9H000|P04637,E3|Q9H000,E3,Q9H000,P04637,MKRN2,TP53,311,528,enzyme_substrate,1
E3|Q9H0A0|Q00987,E3|Q9H0A0,E3,Q9H0A0,Q00987,NAT10,MDM2,312,94,enzyme_substrate,1
E3|Q9H0F5|P04637,E3|Q9H0F5,E3,Q9H0F5,P04637,RNF38,TP53,313,528,enzyme_substrate,1
E3|Q9H0F5|P29350,E3|Q9H0F5,E3,Q9H0F5,P29350,RNF38,PTPN6,313,1620,enzyme_substrate,1
E3|Q9H0F5|Q01196,E3|Q9H0F5,E3,Q9H0F5,Q01196,RNF38,RUNX1,313,1068,enzyme_substrate,1
E3|Q9H0F5|Q86U70,E3|Q9H0F5,E3,Q9H0F5,Q86U70,RNF38,LDB1,313,1621,enzyme_substrate,1
E3|Q9H0F6|P46937,E3|Q9H0F6,E3,Q9H0F6,P46937,SHARPIN,YAP1,314,632,enzyme_substrate,1
E3|Q9H0H3|Q13541,E3|Q9H0H3,E3,Q9H0H3,Q13541,KLHL25,EIF4EBP1,315,1622,enzyme_substrate,1
E3|Q9H0M0|O14641,E3|Q9H0M0,E3,Q9H0M0,O14641,WWP1,DVL2,316,865,enzyme_substrate,1
E3|Q9H0M0|O14681,E3|Q9H0M0,E3,Q9H0M0,O14681,WWP1,EI24,316,1623,enzyme_substrate,1
E3|Q9H0M0|O15105,E3|Q9H0M0,E3,Q9H0M0,O15105,WWP1,SMAD7,316,504,enzyme_substrate,1
E3|Q9H0M0|O43541,E3|Q9H0M0,E3,Q9H0M0,O43541,WWP1,SMAD6,316,1624,enzyme_substrate,1
E3|Q9H0M0|O95835,E3|Q9H0M0,E3,Q9H0M0,O95835,WWP1,LATS1,316,52,enzyme_substrate,1
E3|Q9H0M0|P00533,E3|Q9H0M0,E3,Q9H0M0,P00533,WWP1,EGFR,316,679,enzyme_substrate,1
E3|Q9H0M0|P03345,E3|Q9H0M0,E3,Q9H0M0,P03345,WWP1,gag,316,1625,enzyme_substrate,1
E3|Q9H0M0|P04637,E3|Q9H0M0,E3,Q9H0M0,P04637,WWP1,TP53,316,528,enzyme_substrate,1
E3|Q9H0M0|P0C209,E3|Q9H0M0,E3,Q9H0M0,P0C209,WWP1,gag,316,1626,enzyme_substrate,1
E3|Q9H0M0|P14076,E3|Q9H0M0,E3,Q9H0M0,P14076,WWP1,gag,316,1627,enzyme_substrate,1
E3|Q9H0M0|P14077,E3|Q9H0M0,E3,Q9H0M0,P14077,WWP1,gag,316,1628,enzyme_substrate,1
E3|Q9H0M0|P15941,E3|Q9H0M0,E3,Q9H0M0,P15941,WWP1,MUC1,316,846,enzyme_substrate,1
E3|Q9H0M0|P36897,E3|Q9H0M0,E3,Q9H0M0,P36897,WWP1,TGFBR1,316,869,enzyme_substrate,1
E3|Q9H0M0|P37173,E3|Q9H0M0,E3,Q9H0M0,P37173,WWP1,TGFBR2,316,1275,enzyme_substrate,1
E3|Q9H0M0|P42566,E3|Q9H0M0,E3,Q9H0M0,P42566,WWP1,EPS15,316,631,enzyme_substrate,1
E3|Q9H0M0|P46527,E3|Q9H0M0,E3,Q9H0M0,P46527,WWP1,CDKN1B,316,558,enzyme_substrate,1
E3|Q9H0M0|P60484,E3|Q9H0M0,E3,Q9H0M0,P60484,WWP1,PTEN,316,509,enzyme_substrate,1
E3|Q9H0M0|P61073,E3|Q9H0M0,E3,Q9H0M0,P61073,WWP1,CXCR4,316,1534,enzyme_substrate,1
E3|Q9H0M0|Q13485,E3|Q9H0M0,E3,Q9H0M0,Q13485,WWP1,SMAD4,316,1129,enzyme_substrate,1
E3|Q9H0M0|Q13887,E3|Q9H0M0,E3,Q9H0M0,Q13887,WWP1,KLF5,316,1159,enzyme_substrate,1
E3|Q9H0M0|Q13950,E3|Q9H0M0,E3,Q9H0M0,Q13950,WWP1,RUNX2,316,512,enzyme_substrate,1
E3|Q9H0M0|Q15303,E3|Q9H0M0,E3,Q9H0M0,Q15303,WWP1,ERBB4,316,642,enzyme_substrate,1
E3|Q9H0M0|Q15796,E3|Q9H0M0,E3,Q9H0M0,Q15796,WWP1,SMAD2,316,1253,enzyme_substrate,1
E3|Q9H0M0|Q8N0X7,E3|Q9H0M0,E3,Q9H0M0,Q8N0X7,WWP1,SPART,316,1629,enzyme_substrate,1
E3|Q9H0M0|Q9H0M0,E3|Q9H0M0,E3,Q9H0M0,Q9H0M0,WWP1,WWP1,316,316,enzyme_substrate,1
E3|Q9H0M0|Q9H3D4,E3|Q9H0M0,E3,Q9H0M0,Q9H3D4,WWP1,TP63,316,1468,enzyme_substrate,1
E3|Q9H0M0|Q9Y2J4,E3|Q9H0M0,E3,Q9H0M0,Q9Y2J4,WWP1,AMOTL2,316,1630,enzyme_substrate,1
E3|Q9H0M0|Q9Y3C5,E3|Q9H0M0,E3,Q9H0M0,Q9Y3C5,WWP1,RNF11,316,404,enzyme_substrate,1
E3|Q9H0M0|Q9Y4K3,E3|Q9H0M0,E3,Q9H0M0,Q9Y4K3,WWP1,TRAF6,316,407,enzyme_substrate,1
E3|Q9H0M0|Q9Y5W3,E3|Q9H0M0,E3,Q9H0M0,Q9Y5W3,WWP1,KLF2,316,1474,enzyme_substrate,1
E3|Q9H0X6|P08670,E3|Q9H0X6,E3,Q9H0X6,P08670,RNF208,VIM,317,1607,enzyme_substrate,1
E3|Q9H2C0|P14136,E3|Q9H2C0,E3,Q9H2C0,P14136,GAN,GFAP,318,1631,enzyme_substrate,1
E3|Q9H2C0|P46821,E3|Q9H2C0,E3,Q9H2C0,P46821,GAN,MAP1B,318,1632,enzyme_substrate,1
E3|Q9H2C0|Q15465,E3|Q9H2C0,E3,Q9H2C0,Q15465,GAN,SHH,318,1633,enzyme_substrate,1
E3|Q9H2C0|Q66K74,E3|Q9H2C0,E3,Q9H2C0,Q66K74,GAN,MAP1S,318,1634,enzyme_substrate,1
E3|Q9H2C0|Q676U5,E3|Q9H2C0,E3,Q9H2C0,Q676U5,GAN,ATG16L1,318,1635,enzyme_substrate,1
E3|Q9H2C0|Q99426,E3|Q9H2C0,E3,Q9H2C0,Q99426,GAN,TBCB,318,1636,enzyme_substrate,1
E3|Q9H2S5|O00571,E3|Q9H2S5,E3,Q9H2S5,O00571,RNF39,DDX3X,319,1637,enzyme_substrate,1
E3|Q9H3F6|P62745,E3|Q9H3F6,E3,Q9H3F6,P62745,KCTD10,RHOB,320,1571,enzyme_substrate,1
E3|Q9H3F6|Q8IUC6,E3|Q9H3F6,E3,Q9H3F6,Q8IUC6,KCTD10,TICAM1,320,513,enzyme_substrate,1
E3|Q9H3F6|Q8IW35,E3|Q9H3F6,E3,Q9H3F6,Q8IW35,KCTD10,CEP97,320,1638,enzyme_substrate,1
E3|Q9H469|O00308,E3|Q9H469,E3,Q9H469,O00308,FBXL15,WWP2,321,4,enzyme_substrate,1
E3|Q9H469|Q9HAU4,E3|Q9H469,E3,Q9H469,Q9HAU4,FBXL15,SMURF2,321,327,enzyme_substrate,1
E3|Q9H469|Q9HCE7,E3|Q9H469,E3,Q9H469,Q9HCE7,FBXL15,SMURF1,321,328,enzyme_substrate,1
E3|Q9H4M3|P38398,E3|Q9H4M3,E3,Q9H4M3,P38398,FBXO44,BRCA1,322,76,enzyme_substrate,1
E3|Q9H4M3|Q9UPW8,E3|Q9H4M3,E3,Q9H4M3,Q9UPW8,FBXO44,UNC13A,322,1639,enzyme_substrate,1
E3|Q9H4P4|O60260,E3|Q9H4P4,E3,Q9H4P4,O60260,RNF41,PARK2,323,23,enzyme_substrate,1
E3|Q9H4P4|P11678,E3|Q9H4P4,E3,Q9H4P4,P11678,RNF41,EPX,323,1640,enzyme_substrate,1
E3|Q9H4P4|P17676,E3|Q9H4P4,E3,Q9H4P4,P17676,RNF41,CEBPB,323,1641,enzyme_substrate,1
E3|Q9H4P4|P21860,E3|Q9H4P4,E3,Q9H4P4,P21860,RNF41,ERBB3,323,630,enzyme_substrate,1
E3|Q9H4P4|P43403,E3|Q9H4P4,E3,Q9H4P4,P43403,RNF41,ZAP70,323,822,enzyme_substrate,1
E3|Q9H4P4|Q14653,E3|Q9H4P4,E3,Q9H4P4,Q14653,RNF41,IRF3,323,503,enzyme_substrate,1
E3|Q9H4P4|Q15303,E3|Q9H4P4,E3,Q9H4P4,Q15303,RNF41,ERBB4,323,642,enzyme_substrate,1
E3|Q9H4P4|Q6NUN9,E3|Q9H4P4,E3,Q9H4P4,Q6NUN9,RNF41,ZNF746,323,645,enzyme_substrate,1
E3|Q9H4P4|Q99836,E3|Q9H4P4,E3,Q9H4P4,Q99836,RNF41,MYD88,323,608,enzyme_substrate,1
E3|Q9H4P4|Q9H4P4,E3|Q9H4P4,E3,Q9H4P4,Q9H4P4,RNF41,RNF41,323,323,enzyme_substrate,1
E3|Q9H4P4|Q9HB71,E3|Q9H4P4,E3,Q9H4P4,Q9HB71,RNF41,CACYBP,323,1348,enzyme_substrate,1
E3|Q9H4P4|Q9NR09,E3|Q9H4P4,E3,Q9H4P4,Q9NR09,RNF41,BIRC6,323,333,enzyme_substrate,1
E3|Q9H4P4|Q9UHD2,E3|Q9H4P4,E3,Q9H4P4,Q9UHD2,RNF41,TBK1,323,767,enzyme_substrate,1
E3|Q9H6Y7|Q8WTX7,E3|Q9H6Y7,E3,Q9H6Y7,Q8WTX7,RNF167,CASTOR1,324,1642,enzyme_substrate,1
E3|Q9H6Y7|Q96BI1,E3|Q9H6Y7,E3,Q9H6Y7,Q96BI1,RNF167,SLC22A18,324,1643,enzyme_substrate,1
E3|Q9H765|Q13123,E3|Q9H765,E3,Q9H765,Q13123,ASB8,IK,325,1644,enzyme_substrate,1
E3|Q9H992|P10636,E3|Q9H992,E3,Q9H992,P10636,MARCHF7,MAPT,326,1298,enzyme_substrate,1
E3|Q9H992|Q00987,E3|Q9H992,E3,Q9H992,Q00987,MARCHF7,MDM2,326,94,enzyme_substrate,1
E3|Q9H992|Q9H992,E3|Q9H992,E3,Q9H992,Q9H992,MARCHF7,MARCHF7,326,326,enzyme_substrate,1
E3|Q9HAU4|O15105,E3|Q9HAU4,E3,Q9HAU4,O15105,SMURF2,SMAD7,327,504,enzyme_substrate,1
E3|Q9HAU4|O15169,E3|Q9HAU4,E3,Q9HAU4,O15169,SMURF2,AXIN1,327,1167,enzyme_substrate,1
E3|Q9HAU4|O95630,E3|Q9HAU4,E3,Q9HAU4,O95630,SMURF2,STAMBP,327,49,enzyme_substrate,1
E3|Q9HAU4|P00533,E3|Q9HAU4,E3,Q9HAU4,P00533,SMURF2,EGFR,327,679,enzyme_substrate,1
E3|Q9HAU4|P09874,E3|Q9HAU4,E3,Q9HAU4,P09874,SMURF2,PARP1,327,57,enzyme_substrate,1
E3|Q9HAU4|P11388,E3|Q9HAU4,E3,Q9HAU4,P11388,SMURF2,TOP2A,327,852,enzyme_substrate,1
E3|Q9HAU4|P12757,E3|Q9HAU4,E3,Q9HAU4,P12757,SMURF2,SKIL,327,1252,enzyme_substrate,1
E3|Q9HAU4|P16104,E3|Q9HAU4,E3,Q9HAU4,P16104,SMURF2,H2AX,327,579,enzyme_substrate,1
E3|Q9HAU4|P20333,E3|Q9HAU4,E3,Q9HAU4,P20333,SMURF2,TNFRSF1B,327,1645,enzyme_substrate,1
E3|Q9HAU4|P35222,E3|Q9HAU4,E3,Q9HAU4,P35222,SMURF2,CTNNB1,327,674,enzyme_substrate,1
E3|Q9HAU4|P36897,E3|Q9HAU4,E3,Q9HAU4,P36897,SMURF2,TGFBR1,327,869,enzyme_substrate,1
E3|Q9HAU4|P37173,E3|Q9HAU4,E3,Q9HAU4,P37173,SMURF2,TGFBR2,327,1275,enzyme_substrate,1
E3|Q9HAU4|P41134,E3|Q9HAU4,E3,Q9HAU4,P41134,SMURF2,ID1,327,1646,enzyme_substrate,1
E3|Q9HAU4|P49841,E3|Q9HAU4,E3,Q9HAU4,P49841,SMURF2,GSK3B,327,1647,enzyme_substrate,1
E3|Q9HAU4|P61224,E3|Q9HAU4,E3,Q9HAU4,P61224,SMURF2,RAP1B,327,1648,enzyme_substrate,1
E3|Q9HAU4|P61586,E3|Q9HAU4,E3,Q9HAU4,P61586,SMURF2,RHOA,327,1152,enzyme_substrate,1
E3|Q9HAU4|P84022,E3|Q9HAU4,E3,Q9HAU4,P84022,SMURF2,SMAD3,327,510,enzyme_substrate,1
E3|Q9HAU4|Q01826,E3|Q9HAU4,E3,Q9HAU4,Q01826,SMURF2,SATB1,327,1649,enzyme_substrate,1
E3|Q9HAU4|Q02535,E3|Q9HAU4,E3,Q9HAU4,Q02535,SMURF2,ID3,327,1650,enzyme_substrate,1
E3|Q9HAU4|Q13257,E3|Q9HAU4,E3,Q9HAU4,Q13257,SMURF2,MAD2L1,327,1651,enzyme_substrate,1
E3|Q9HAU4|Q13485,E3|Q9HAU4,E3,Q9HAU4,Q13485,SMURF2,SMAD4,327,1129,enzyme_substrate,1
E3|Q9HAU4|Q13887,E3|Q9HAU4,E3,Q9HAU4,Q13887,SMURF2,KLF5,327,1159,enzyme_substrate,1
E3|Q9HAU4|Q13950,E3|Q9HAU4,E3,Q9HAU4,Q13950,SMURF2,RUNX2,327,512,enzyme_substrate,1
E3|Q9HAU4|Q15796,E3|Q9HAU4,E3,Q9HAU4,Q15796,SMURF2,SMAD2,327,1253,enzyme_substrate,1
E3|Q9HAU4|Q15797,E3|Q9HAU4,E3,Q9HAU4,Q15797,SMURF2,SMAD1,327,1652,enzyme_substrate,1
E3|Q9HAU4|Q15910,E3|Q9HAU4,E3,Q9HAU4,Q15910,SMURF2,EZH2,327,1387,enzyme_substrate,1
E3|Q9HAU4|Q5VTR2,E3|Q9HAU4,E3,Q9HAU4,Q5VTR2,SMURF2,RNF20,327,140,enzyme_substrate,1
E3|Q9HAU4|Q96EB6,E3|Q9HAU4,E3,Q9HAU4,Q96EB6,SMURF2,SIRT1,327,1397,enzyme_substrate,1
E3|Q9HAU4|Q96FJ0,E3|Q9HAU4,E3,Q9HAU4,Q96FJ0,SMURF2,STAMBPL1,327,1653,enzyme_substrate,1
E3|Q9HAU4|Q99717,E3|Q9HAU4,E3,Q9HAU4,Q99717,SMURF2,SMAD5,327,1654,enzyme_substrate,1
E3|Q9HAU4|Q9BUZ4,E3|Q9HAU4,E3,Q9HAU4,Q9BUZ4,SMURF2,TRAF4,327,293,enzyme_substrate,1
E3|Q9HAU4|Q9HCE7,E3|Q9HAU4,E3,Q9HAU4,Q9HCE7,SMURF2,SMURF1,327,328,enzyme_substrate,1
E3|Q9HAU4|Q9NP71,E3|Q9HAU4,E3,Q9HAU4,Q9NP71,SMURF2,MLXIPL,327,1655,enzyme_substrate,1
E3|Q9HAU4|Q9Y297,E3|Q9HAU4,E3,Q9HAU4,Q9Y297,SMURF2,BTRC,327,399,enzyme_substrate,1
E3|Q9HAU4|Q9Y3C5,E3|Q9HAU4,E3,Q9HAU4,Q9Y3C5,SMURF2,RNF11,327,404,enzyme_substrate,1
E3|Q9HCE7|A6NI79,E3|Q9HCE7,E3,Q9HCE7,A6NI79,SMURF1,CCDC69,328,1656,enzyme_substrate,1
E3|Q9HCE7|O00238,E3|Q9HCE7,E3,Q9HCE7,O00238,SMURF1,BMPR1B,328,1657,enzyme_substrate,1
E3|Q9HCE7|O00291,E3|Q9HCE7,E3,Q9HCE7,O00291,SMURF1,HIP1,328,1658,enzyme_substrate,1
E3|Q9HCE7|O14730,E3|Q9HCE7,E3,Q9HCE7,O14730,SMURF1,RIOK3,328,1659,enzyme_substrate,1
E3|Q9HCE7|O15105,E3|Q9HCE7,E3,Q9HCE7,O15105,SMURF1,SMAD7,328,504,enzyme_substrate,1
E3|Q9HCE7|O15169,E3|Q9HCE7,E3,Q9HCE7,O15169,SMURF1,AXIN1,328,1167,enzyme_substrate,1
E3|Q9HCE7|O43541,E3|Q9HCE7,E3,Q9HCE7,O43541,SMURF1,SMAD6,328,1624,enzyme_substrate,1
E3|Q9HCE7|O60784,E3|Q9HCE7,E3,Q9HCE7,O60784,SMURF1,TOM1,328,27,enzyme_substrate,1
E3|Q9HCE7|O76013,E3|Q9HCE7,E3,Q9HCE7,O76013,SMURF1,KRT36,328,1660,enzyme_substrate,1
E3|Q9HCE7|O76080,E3|Q9HCE7,E3,Q9HCE7,O76080,SMURF1,ZFAND5,328,1661,enzyme_substrate,1
E3|Q9HCE7|O95947,E3|Q9HCE7,E3,Q9HCE7,O95947,SMURF1,TBX6,328,1662,enzyme_substrate,1
E3|Q9HCE7|P04626,E3|Q9HCE7,E3,Q9HCE7,P04626,SMURF1,ERBB2,328,792,enzyme_substrate,1
E3|Q9HCE7|P05129,E3|Q9HCE7,E3,Q9HCE7,P05129,SMURF1,PRKCG,328,1663,enzyme_substrate,1
E3|Q9HCE7|P06239,E3|Q9HCE7,E3,Q9HCE7,P06239,SMURF1,LCK,328,794,enzyme_substrate,1
E3|Q9HCE7|P07332,E3|Q9HCE7,E3,Q9HCE7,P07332,SMURF1,FES,328,1664,enzyme_substrate,1
E3|Q9HCE7|P08133,E3|Q9HCE7,E3,Q9HCE7,P08133,SMURF1,ANXA6,328,1665,enzyme_substrate,1
E3|Q9HCE7|P09769,E3|Q9HCE7,E3,Q9HCE7,P09769,SMURF1,FGR,328,803,enzyme_substrate,1
E3|Q9HCE7|P16234,E3|Q9HCE7,E3,Q9HCE7,P16234,SMURF1,PDGFRA,328,809,enzyme_substrate,1
E3|Q9HCE7|P17252,E3|Q9HCE7,E3,Q9HCE7,P17252,SMURF1,PRKCA,328,1504,enzyme_substrate,1
E3|Q9HCE7|P19784,E3|Q9HCE7,E3,Q9HCE7,P19784,SMURF1,CSNK2A2,328,1666,enzyme_substrate,1
E3|Q9HCE7|P21709,E3|Q9HCE7,E3,Q9HCE7,P21709,SMURF1,EPHA1,328,1667,enzyme_substrate,1
E3|Q9HCE7|P26038,E3|Q9HCE7,E3,Q9HCE7,P26038,SMURF1,MSN,328,1668,enzyme_substrate,1
E3|Q9HCE7|P35626,E3|Q9HCE7,E3,Q9HCE7,P35626,SMURF1,ADRBK2,328,1669,enzyme_substrate,1
E3|Q9HCE7|P36894,E3|Q9HCE7,E3,Q9HCE7,P36894,SMURF1,BMPR1A,328,1670,enzyme_substrate,1
E3|Q9HCE7|P36897,E3|Q9HCE7,E3,Q9HCE7,P36897,SMURF1,TGFBR1,328,869,enzyme_substrate,1
E3|Q9HCE7|P37173,E3|Q9HCE7,E3,Q9HCE7,P37173,SMURF1,TGFBR2,328,1275,enzyme_substrate,1
E3|Q9HCE7|P37231,E3|Q9HCE7,E3,Q9HCE7,P37231,SMURF1,PPARG,328,75,enzyme_substrate,1
E3|Q9HCE7|P41743,E3|Q9HCE7,E3,Q9HCE7,P41743,SMURF1,PRKCI,328,870,enzyme_substrate,1
E3|Q9HCE7|P42679,E3|Q9HCE7,E3,Q9HCE7,P42679,SMURF1,MATK,328,1671,enzyme_substrate,1
E3|Q9HCE7|P45974,E3|Q9HCE7,E3,Q9HCE7,P45974,SMURF1,USP5,328,426,enzyme_substrate,1
E3|Q9HCE7|P48730,E3|Q9HCE7,E3,Q9HCE7,P48730,SMURF1,CSNK1D,328,1672,enzyme_substrate,1
E3|Q9HCE7|P51668,E3|Q9HCE7,E3,Q9HCE7,P51668,SMURF1,UBE2D1,328,531,enzyme_substrate,1
E3|Q9HCE7|P51955,E3|Q9HCE7,E3,Q9HCE7,P51955,SMURF1,NEK2,328,634,enzyme_substrate,1
E3|Q9HCE7|P54252,E3|Q9HCE7,E3,Q9HCE7,P54252,SMURF1,ATXN3,328,429,enzyme_substrate,1
E3|Q9HCE7|P54725,E3|Q9HCE7,E3,Q9HCE7,P54725,SMURF1,RAD23A,328,85,enzyme_substrate,1
E3|Q9HCE7|P55036,E3|Q9HCE7,E3,Q9HCE7,P55036,SMURF1,PSMD4,328,559,enzyme_substrate,1
E3|Q9HCE7|P60002,E3|Q9HCE7,E3,Q9HCE7,P60002,SMURF1,ELOF1,328,1673,enzyme_substrate,1
E3|Q9HCE7|P60484,E3|Q9HCE7,E3,Q9HCE7,P60484,SMURF1,PTEN,328,509,enzyme_substrate,1
E3|Q9HCE7|P61077,E3|Q9HCE7,E3,Q9HCE7,P61077,SMURF1,UBE2D3,328,1674,enzyme_substrate,1
E3|Q9HCE7|P61086,E3|Q9HCE7,E3,Q9HCE7,P61086,SMURF1,UBE2K,328,1675,enzyme_substrate,1
E3|Q9HCE7|P61328,E3|Q9HCE7,E3,Q9HCE7,P61328,SMURF1,FGF12,328,1676,enzyme_substrate,1
E3|Q9HCE7|P61586,E3|Q9HCE7,E3,Q9HCE7,P61586,SMURF1,RHOA,328,1152,enzyme_substrate,1
E3|Q9HCE7|P62253,E3|Q9HCE7,E3,Q9HCE7,P62253,SMURF1,UBE2G1,328,86,enzyme_substrate,1
E3|Q9HCE7|P63000,E3|Q9HCE7,E3,Q9HCE7,P63000,SMURF1,RAC1,328,1146,enzyme_substrate,1
E3|Q9HCE7|P67936,E3|Q9HCE7,E3,Q9HCE7,P67936,SMURF1,TPM4,328,1677,enzyme_substrate,1
E3|Q9HCE7|P80192,E3|Q9HCE7,E3,Q9HCE7,P80192,SMURF1,MAP3K9,328,1678,enzyme_substrate,1
E3|Q9HCE7|Q00688,E3|Q9HCE7,E3,Q9HCE7,Q00688,SMURF1,FKBP3,328,1679,enzyme_substrate,1
E3|Q9HCE7|Q02779,E3|Q9HCE7,E3,Q9HCE7,Q02779,SMURF1,MAP3K10,328,1680,enzyme_substrate,1
E3|Q9HCE7|Q04771,E3|Q9HCE7,E3,Q9HCE7,Q04771,SMURF1,ACVR1,328,1681,enzyme_substrate,1
E3|Q9HCE7|Q06187,E3|Q9HCE7,E3,Q9HCE7,Q06187,SMURF1,BTK,328,1682,enzyme_substrate,1
E3|Q9HCE7|Q08881,E3|Q9HCE7,E3,Q9HCE7,Q08881,SMURF1,ITK,328,1683,enzyme_substrate,1
E3|Q9HCE7|Q13404,E3|Q9HCE7,E3,Q9HCE7,Q13404,SMURF1,UBE2V1,328,1684,enzyme_substrate,1
E3|Q9HCE7|Q13492,E3|Q9HCE7,E3,Q9HCE7,Q13492,SMURF1,PICALM,328,1685,enzyme_substrate,1
E3|Q9HCE7|Q13873,E3|Q9HCE7,E3,Q9HCE7,Q13873,SMURF1,BMPR2,328,1686,enzyme_substrate,1
E3|Q9HCE7|Q13950,E3|Q9HCE7,E3,Q9HCE7,Q13950,SMURF1,RUNX2,328,512,enzyme_substrate,1
E3|Q9HCE7|Q14247,E3|Q9HCE7,E3,Q9HCE7,Q14247,SMURF1,CTTN,328,754,enzyme_substrate,1
E3|Q9HCE7|Q15642,E3|Q9HCE7,E3,Q9HCE7,Q15642,SMURF1,TRIP10,328,1687,enzyme_substrate,1
E3|Q9HCE7|Q15726,E3|Q9HCE7,E3,Q9HCE7,Q15726,SMURF1,KISS1,328,1688,enzyme_substrate,1
E3|Q9HCE7|Q15750,E3|Q9HCE7,E3,Q9HCE7,Q15750,SMURF1,TAB1,328,1537,enzyme_substrate,1
E3|Q9HCE7|Q15797,E3|Q9HCE7,E3,Q9HCE7,Q15797,SMURF1,SMAD1,328,1652,enzyme_substrate,1
E3|Q9HCE7|Q16186,E3|Q9HCE7,E3,Q9HCE7,Q16186,SMURF1,ADRM1,328,1689,enzyme_substrate,1
E3|Q9HCE7|Q569H4,E3|Q9HCE7,E3,Q9HCE7,Q569H4,SMURF1,PRR16,328,1690,enzyme_substrate,1
E3|Q9HCE7|Q5BJF6,E3|Q9HCE7,E3,Q9HCE7,Q5BJF6,SMURF1,ODF2,328,1691,enzyme_substrate,1
E3|Q9HCE7|Q6ZTN6,E3|Q9HCE7,E3,Q9HCE7,Q6ZTN6,SMURF1,ANKRD13D,328,1692,enzyme_substrate,1
E3|Q9HCE7|Q6ZVM7,E3|Q9HCE7,E3,Q9HCE7,Q6ZVM7,SMURF1,TOM1L2,328,1693,enzyme_substrate,1
E3|Q9HCE7|Q7KZI7,E3|Q9HCE7,E3,Q9HCE7,Q7KZI7,SMURF1,MARK2,328,1694,enzyme_substrate,1
E3|Q9HCE7|Q7Z434,E3|Q9HCE7,E3,Q9HCE7,Q7Z434,SMURF1,MAVS,328,1161,enzyme_substrate,1
E3|Q9HCE7|Q7Z4L4,E3|Q9HCE7,E3,Q9HCE7,Q7Z4L4,SMURF1,TNIK,328,1695,enzyme_substrate,1
E3|Q9HCE7|Q8IZ07,E3|Q9HCE7,E3,Q9HCE7,Q8IZ07,SMURF1,ANKRD13A,328,1696,enzyme_substrate,1
E3|Q9HCE7|Q8N0X7,E3|Q9HCE7,E3,Q9HCE7,Q8N0X7,SMURF1,SPART,328,1629,enzyme_substrate,1
E3|Q9HCE7|Q8N519,E3|Q9HCE7,E3,Q9HCE7,Q8N519,SMURF1,,328,1697,enzyme_substrate,1
E3|Q9HCE7|Q8N6M0,E3|Q9HCE7,E3,Q9HCE7,Q8N6M0,SMURF1,OTUD6B,328,1698,enzyme_substrate,1
E3|Q9HCE7|Q8N8V4,E3|Q9HCE7,E3,Q9HCE7,Q8N8V4,SMURF1,ANKS4B,328,1699,enzyme_substrate,1
E3|Q9HCE7|Q8NFZ5,E3|Q9HCE7,E3,Q9HCE7,Q8NFZ5,SMURF1,TNIP2,328,1700,enzyme_substrate,1
E3|Q9HCE7|Q8TB46,E3|Q9HCE7,E3,Q9HCE7,Q8TB46,SMURF1,ANKRD50,328,1701,enzyme_substrate,1
E3|Q9HCE7|Q92519,E3|Q9HCE7,E3,Q9HCE7,Q92519,SMURF1,TRIB2,328,1702,enzyme_substrate,1
E3|Q9HCE7|Q96C92,E3|Q9HCE7,E3,Q9HCE7,Q96C92,SMURF1,ENTR1,328,1703,enzyme_substrate,1
E3|Q9HCE7|Q96CS3,E3|Q9HCE7,E3,Q9HCE7,Q96CS3,SMURF1,FAF2,328,257,enzyme_substrate,1
E3|Q9HCE7|Q96KG9,E3|Q9HCE7,E3,Q9HCE7,Q96KG9,SMURF1,SCYL1,328,1704,enzyme_substrate,1
E3|Q9HCE7|Q99717,E3|Q9HCE7,E3,Q9HCE7,Q99717,SMURF1,SMAD5,328,1654,enzyme_substrate,1
E3|Q9HCE7|Q99988,E3|Q9HCE7,E3,Q9HCE7,Q99988,SMURF1,GDF15,328,1705,enzyme_substrate,1
E3|Q9HCE7|Q9BRJ6,E3|Q9HCE7,E3,Q9HCE7,Q9BRJ6,SMURF1,C7orf50,328,1706,enzyme_substrate,1
E3|Q9HCE7|Q9BSL1,E3|Q9HCE7,E3,Q9HCE7,Q9BSL1,SMURF1,UBAC1,328,1707,enzyme_substrate,1
E3|Q9HCE7|Q9BUZ4,E3|Q9HCE7,E3,Q9HCE7,Q9BUZ4,SMURF1,TRAF4,328,293,enzyme_substrate,1
E3|Q9HCE7|Q9BYM8,E3|Q9HCE7,E3,Q9HCE7,Q9BYM8,SMURF1,RBCK1,328,299,enzyme_substrate,1
E3|Q9HCE7|Q9BZV1,E3|Q9HCE7,E3,Q9HCE7,Q9BZV1,SMURF1,UBXN6,328,1708,enzyme_substrate,1
E3|Q9HCE7|Q9H160,E3|Q9HCE7,E3,Q9HCE7,Q9H160,SMURF1,ING2,328,1709,enzyme_substrate,1
E3|Q9HCE7|Q9H1I8,E3|Q9HCE7,E3,Q9HCE7,Q9H1I8,SMURF1,ASCC2,328,1467,enzyme_substrate,1
E3|Q9HCE7|Q9H2K8,E3|Q9HCE7,E3,Q9HCE7,Q9H2K8,SMURF1,TAOK3,328,1710,enzyme_substrate,1
E3|Q9HCE7|Q9H5N1,E3|Q9HCE7,E3,Q9HCE7,Q9H5N1,SMURF1,RABEP2,328,1711,enzyme_substrate,1
E3|Q9HCE7|Q9H6K1,E3|Q9HCE7,E3,Q9HCE7,Q9H6K1,SMURF1,C6orf106,328,1712,enzyme_substrate,1
E3|Q9HCE7|Q9H8M7,E3|Q9HCE7,E3,Q9HCE7,Q9H8M7,SMURF1,FAM188A,328,1713,enzyme_substrate,1
E3|Q9HCE7|Q9NSB8,E3|Q9HCE7,E3,Q9HCE7,Q9NSB8,SMURF1,HOMER2,328,1714,enzyme_substrate,1
E3|Q9HCE7|Q9NWM3,E3|Q9HCE7,E3,Q9HCE7,Q9NWM3,SMURF1,CUEDC1,328,1715,enzyme_substrate,1
E3|Q9HCE7|Q9NZ63,E3|Q9HCE7,E3,Q9HCE7,Q9NZ63,SMURF1,C9orf78,328,1716,enzyme_substrate,1
E3|Q9HCE7|Q9P1Z2,E3|Q9HCE7,E3,Q9HCE7,Q9P1Z2,SMURF1,CALCOCO1,328,1717,enzyme_substrate,1
E3|Q9HCE7|Q9P270,E3|Q9HCE7,E3,Q9HCE7,Q9P270,SMURF1,SLAIN2,328,1718,enzyme_substrate,1
E3|Q9HCE7|Q9P2X3,E3|Q9HCE7,E3,Q9HCE7,Q9P2X3,SMURF1,IMPACT,328,1719,enzyme_substrate,1
E3|Q9HCE7|Q9P2Y5,E3|Q9HCE7,E3,Q9HCE7,Q9P2Y5,SMURF1,UVRAG,328,1720,enzyme_substrate,1
E3|Q9HCE7|Q9UHD2,E3|Q9HCE7,E3,Q9HCE7,Q9UHD2,SMURF1,TBK1,328,767,enzyme_substrate,1
E3|Q9HCE7|Q9UHD9,E3|Q9HCE7,E3,Q9HCE7,Q9UHD9,SMURF1,UBQLN2,328,1721,enzyme_substrate,1
E3|Q9HCE7|Q9UKE5,E3|Q9HCE7,E3,Q9HCE7,Q9UKE5,SMURF1,TNIK,328,1722,enzyme_substrate,1
E3|Q9HCE7|Q9ULJ7,E3|Q9HCE7,E3,Q9HCE7,Q9ULJ7,SMURF1,ANKRD50,328,1723,enzyme_substrate,1
E3|Q9HCE7|Q9UM07,E3|Q9HCE7,E3,Q9HCE7,Q9UM07,SMURF1,PADI4,328,1724,enzyme_substrate,1
E3|Q9HCE7|Q9UMX0,E3|Q9HCE7,E3,Q9HCE7,Q9UMX0,SMURF1,UBQLN1,328,1725,enzyme_substrate,1
E3|Q9HCE7|Q9Y261,E3|Q9HCE7,E3,Q9HCE7,Q9Y261,SMURF1,FOXA2,328,1726,enzyme_substrate,1
E3|Q9HCE7|Q9Y2U5,E3|Q9HCE7,E3,Q9HCE7,Q9Y2U5,SMURF1,MAP3K2,328,987,enzyme_substrate,1
E3|Q9HCE7|Q9Y490,E3|Q9HCE7,E3,Q9HCE7,Q9Y490,SMURF1,TLN1,328,1727,enzyme_substrate,1
E3|Q9HCE7|Q9Y4K4,E3|Q9HCE7,E3,Q9HCE7,Q9Y4K4,SMURF1,MAP4K5,328,1728,enzyme_substrate,1
E3|Q9HCE7|Q9Y508,E3|Q9HCE7,E3,Q9HCE7,Q9Y508,SMURF1,RNF114,328,1729,enzyme_substrate,1
E3|Q9HCE7|Q9Y5W3,E3|Q9HCE7,E3,Q9HCE7,Q9Y5W3,SMURF1,KLF2,328,1474,enzyme_substrate,1
E3|Q9HCE7|Q9Y6I3,E3|Q9HCE7,E3,Q9HCE7,Q9Y6I3,SMURF1,EPN1,328,1730,enzyme_substrate,1
E3|Q9HCI7|P04637,E3|Q9HCI7,E3,Q9HCI7,P04637,MSL2,TP53,329,528,enzyme_substrate,1
E3|Q9HCI7|P62807,E3|Q9HCI7,E3,Q9HCI7,P62807,MSL2,H2BC4,329,1217,enzyme_substrate,1
E3|Q9HCI7|Q16778,E3|Q9HCI7,E3,Q9HCI7,Q16778,MSL2,H2BC21,329,676,enzyme_substrate,1
E3|Q9HCM9|P04637,E3|Q9HCM9,E3,Q9HCM9,P04637,TRIM39,TP53,330,528,enzyme_substrate,1
E3|Q9HCM9|Q96BY2,E3|Q9HCM9,E3,Q9HCM9,Q96BY2,TRIM39,MOAP1,330,1084,enzyme_substrate,1
E3|Q9NPC3|P14635,E3|Q9NPC3,E3,Q9NPC3,P14635,CCNB1IP1,CCNB1,331,497,enzyme_substrate,1
E3|Q9NPC3|Q9NPC3,E3|Q9NPC3,E3,Q9NPC3,Q9NPC3,CCNB1IP1,CCNB1IP1,331,331,enzyme_substrate,1
E3|Q9NQ86|Q14653,E3|Q9NQ86,E3,Q9NQ86,Q14653,TRIM36,IRF3,332,503,enzyme_substrate,1
E3|Q9NR09|Q9NR28,E3|Q9NR09,E3,Q9NR09,Q9NR28,BIRC6,DIABLO,333,986,enzyme_substrate,1
E3|Q9NRD0|P01106,E3|Q9NRD0,E3,Q9NRD0,P01106,FBXO8,MYC,334,709,enzyme_substrate,1
E3|Q9NRD0|P09211,E3|Q9NRD0,E3,Q9NRD0,P09211,FBXO8,GSTP1,334,1731,enzyme_substrate,1
E3|Q9NRD0|P62330,E3|Q9NRD0,E3,Q9NRD0,P62330,FBXO8,ARF6,334,1732,enzyme_substrate,1
E3|Q9NRD1|O00584,E3|Q9NRD1,E3,Q9NRD1,O00584,FBXO6,RNASET2,335,1733,enzyme_substrate,1
E3|Q9NRD1|O14757,E3|Q9NRD1,E3,Q9NRD1,O14757,FBXO6,CHEK1,335,1268,enzyme_substrate,1
E3|Q9NRD1|O75882,E3|Q9NRD1,E3,Q9NRD1,O75882,FBXO6,ATRN,335,1734,enzyme_substrate,1
E3|Q9NRD1|P02786,E3|Q9NRD1,E3,Q9NRD1,P02786,FBXO6,TFRC,335,1188,enzyme_substrate,1
E3|Q9NRD1|Q14653,E3|Q9NRD1,E3,Q9NRD1,Q14653,FBXO6,IRF3,335,503,enzyme_substrate,1
E3|Q9NRD1|Q96HE7,E3|Q9NRD1,E3,Q9NRD1,Q96HE7,FBXO6,ERO1A,335,1735,enzyme_substrate,1
E3|Q9NRD1|Q9BRS2,E3|Q9NRD1,E3,Q9NRD1,Q9BRS2,FBXO6,RIOK1,335,1736,enzyme_substrate,1
E3|Q9NRM6|O00628,E3|Q9NRM6,E3,Q9NRM6,O00628,IL17RB,PEX7,336,1737,enzyme_substrate,1
E3|Q9NS56|P04637,E3|Q9NS56,E3,Q9NS56,P04637,TOPORS,TP53,337,528,enzyme_substrate,1
E3|Q9NS56|P16104,E3|Q9NS56,E3,Q9NS56,P16104,TOPORS,H2AX,337,579,enzyme_substrate,1
E3|Q9NS56|Q99801,E3|Q9NS56,E3,Q9NS56,Q99801,TOPORS,NKX3-1,337,1138,enzyme_substrate,1
E3|Q9NS91|P04637,E3|Q9NS91,E3,Q9NS91,P04637,RAD18,TP53,338,528,enzyme_substrate,1
E3|Q9NS91|P12004,E3|Q9NS91,E3,Q9NS91,P12004,RAD18,PCNA,338,692,enzyme_substrate,1
E3|Q9NS91|P35250,E3|Q9NS91,E3,Q9NS91,P35250,RAD18,RFC2,338,1738,enzyme_substrate,1
E3|Q9NS91|Q12888,E3|Q9NS91,E3,Q9NS91,Q12888,RAD18,TP53BP1,338,598,enzyme_substrate,1
E3|Q9NS91|Q9BXW9,E3|Q9NS91,E3,Q9NS91,Q9BXW9,RAD18,FANCD2,338,862,enzyme_substrate,1
E3|Q9NS91|Q9NS91,E3|Q9NS91,E3,Q9NS91,Q9NS91,RAD18,RAD18,338,338,enzyme_substrate,1
E3|Q9NSE2|O43521,E3|Q9NSE2,E3,Q9NSE2,O43521,CISH,BCL2L11,339,786,enzyme_substrate,1
E3|Q9NTX7|O15169,E3|Q9NTX7,E3,Q9NTX7,O15169,RNF146,AXIN1,340,1167,enzyme_substrate,1
E3|Q9NTX7|O15234,E3|Q9NTX7,E3,Q9NTX7,O15234,RNF146,CASC3,340,1739,enzyme_substrate,1
E3|Q9NTX7|O60239,E3|Q9NTX7,E3,Q9NTX7,O60239,RNF146,SH3BP5,340,1740,enzyme_substrate,1
E3|Q9NTX7|O95271,E3|Q9NTX7,E3,Q9NTX7,O95271,RNF146,TNKS,340,1741,enzyme_substrate,1
E3|Q9NTX7|P09874,E3|Q9NTX7,E3,Q9NTX7,P09874,RNF146,PARP1,340,57,enzyme_substrate,1
E3|Q9NTX7|P12956,E3|Q9NTX7,E3,Q9NTX7,P12956,RNF146,XRCC6,340,422,enzyme_substrate,1
E3|Q9NTX7|P18887,E3|Q9NTX7,E3,Q9NTX7,P18887,RNF146,XRCC1,340,1742,enzyme_substrate,1
E3|Q9NTX7|Q7L8J4,E3|Q9NTX7,E3,Q9NTX7,Q7L8J4,RNF146,SH3BP5L,340,1743,enzyme_substrate,1
E3|Q9NTX7|Q9H2G9,E3|Q9NTX7,E3,Q9NTX7,Q9H2G9,RNF146,BLZF1,340,1744,enzyme_substrate,1
E3|Q9NTX7|Q9H2K2,E3|Q9NTX7,E3,Q9NTX7,Q9H2K2,RNF146,TNKS2,340,1745,enzyme_substrate,1
E3|Q9NTX7|Q9Y2T1,E3|Q9NTX7,E3,Q9NTX7,Q9Y2T1,RNF146,AXIN2,340,1076,enzyme_substrate,1
E3|Q9NV58|P00441,E3|Q9NV58,E3,Q9NV58,P00441,RNF19A,SOD1,341,1183,enzyme_substrate,1
E3|Q9NV58|P04637,E3|Q9NV58,E3,Q9NV58,P04637,RNF19A,TP53,341,528,enzyme_substrate,1
E3|Q9NV58|P41180,E3|Q9NV58,E3,Q9NV58,P41180,RNF19A,CASR,341,1746,enzyme_substrate,1
E3|Q9NV58|Q9NV58,E3|Q9NV58,E3,Q9NV58,Q9NV58,RNF19A,RNF19A,341,341,enzyme_substrate,1
E3|Q9NV58|Q9Y4K3,E3|Q9NV58,E3,Q9NV58,Q9Y4K3,RNF19A,TRAF6,341,407,enzyme_substrate,1
E3|Q9NV58|Q9Y6H5,E3|Q9NV58,E3,Q9NV58,Q9Y6H5,RNF19A,SNCAIP,341,575,enzyme_substrate,1
E3|Q9NVF7|Q9NVF7,E3|Q9NVF7,E3,Q9NVF7,Q9NVF7,FBXO28,FBXO28,342,342,enzyme_substrate,1
E3|Q9NVR0|P14635,E3|Q9NVR0,E3,Q9NVR0,P14635,KLHL11,CCNB1,343,497,enzyme_substrate,1
E3|Q9NVW2|O43679,E3|Q9NVW2,E3,Q9NVW2,O43679,RLIM,LDB2,344,1747,enzyme_substrate,1
E3|Q9NVW2|P04637,E3|Q9NVW2,E3,Q9NVW2,P04637,RLIM,TP53,344,528,enzyme_substrate,1
E3|Q9NVW2|P16949,E3|Q9NVW2,E3,Q9NVW2,P16949,RLIM,STMN1,344,1748,enzyme_substrate,1
E3|Q9NVW2|P25791,E3|Q9NVW2,E3,Q9NVW2,P25791,RLIM,LMO2,344,1749,enzyme_substrate,1
E3|Q9NVW2|P50458,E3|Q9NVW2,E3,Q9NVW2,P50458,RLIM,LHX2,344,1750,enzyme_substrate,1
E3|Q9NVW2|P53667,E3|Q9NVW2,E3,Q9NVW2,P53667,RLIM,LIMK1,344,635,enzyme_substrate,1
E3|Q9NVW2|P54274,E3|Q9NVW2,E3,Q9NVW2,P54274,RLIM,TERF1,344,1751,enzyme_substrate,1
E3|Q9NVW2|P61968,E3|Q9NVW2,E3,Q9NVW2,P61968,RLIM,LMO4,344,1752,enzyme_substrate,1
E3|Q9NVW2|Q00987,E3|Q9NVW2,E3,Q9NVW2,Q00987,RLIM,MDM2,344,94,enzyme_substrate,1
E3|Q9NVW2|Q86U70,E3|Q9NVW2,E3,Q9NVW2,Q86U70,RLIM,LDB1,344,1621,enzyme_substrate,1
E3|Q9NVW2|Q92769,E3|Q9NVW2,E3,Q9NVW2,Q92769,RLIM,HDAC2,344,1283,enzyme_substrate,1
E3|Q9NVW2|Q92994,E3|Q9NVW2,E3,Q9NVW2,Q92994,RLIM,BRF1,344,1753,enzyme_substrate,1
E3|Q9NVW2|Q96MM3,E3|Q9NVW2,E3,Q9NVW2,Q96MM3,RLIM,ZFP42,344,1754,enzyme_substrate,1
E3|Q9NVW2|Q9NVW2,E3|Q9NVW2,E3,Q9NVW2,Q9NVW2,RLIM,RLIM,344,344,enzyme_substrate,1
E3|Q9NVW2|Q9UBR4,E3|Q9NVW2,E3,Q9NVW2,Q9UBR4,RLIM,LHX3,344,1755,enzyme_substrate,1
E3|Q9NW38|P35222,E3|Q9NW38,E3,Q9NW38,P35222,FANCL,CTNNB1,345,674,enzyme_substrate,1
E3|Q9NW38|Q9BXW9,E3|Q9NW38,E3,Q9NW38,Q9BXW9,FANCL,FANCD2,345,862,enzyme_substrate,1
E3|Q9NW38|Q9NVI1,E3|Q9NW38,E3,Q9NW38,Q9NVI1,FANCL,FANCI,345,1756,enzyme_substrate,1
E3|Q9NWF9|O00206,E3|Q9NWF9,E3,Q9NWF9,O00206,RNF216,TLR4,346,1757,enzyme_substrate,1
E3|Q9NWF9|Q13114,E3|Q9NWF9,E3,Q9NWF9,Q13114,RNF216,TRAF3,346,105,enzyme_substrate,1
E3|Q9NWF9|Q13546,E3|Q9NWF9,E3,Q9NWF9,Q13546,RNF216,RIPK1,346,783,enzyme_substrate,1
E3|Q9NWF9|Q9NR96,E3|Q9NWF9,E3,Q9NWF9,Q9NR96,RNF216,TLR9,346,784,enzyme_substrate,1
E3|Q9NWF9|Q9NR97,E3|Q9NWF9,E3,Q9NWF9,Q9NR97,RNF216,TLR8,346,1758,enzyme_substrate,1
E3|Q9NWF9|Q9NWF9,E3|Q9NWF9,E3,Q9NWF9,Q9NWF9,RNF216,RNF216,346,346,enzyme_substrate,1
E3|Q9NWN3|P15172,E3|Q9NWN3,E3,Q9NWN3,P15172,FBXO34,MYOD1,347,1271,enzyme_substrate,1
E3|Q9NWZ3|Q96FA3,E3|Q9NWZ3,E3,Q9NWZ3,Q96FA3,IRAK4,PELI1,348,265,enzyme_substrate,1
E3|Q9NX47|O00220,E3|Q9NX47,E3,Q9NX47,O00220,MARCHF5,TNFRSF10A,349,1759,enzyme_substrate,1
E3|Q9NX47|O00429,E3|Q9NX47,E3,Q9NX47,O00429,MARCHF5,DNM1L,349,617,enzyme_substrate,1
E3|Q9NX47|O95140,E3|Q9NX47,E3,Q9NX47,O95140,MARCHF5,MFN2,349,622,enzyme_substrate,1
E3|Q9NX47|P00441,E3|Q9NX47,E3,Q9NX47,P00441,MARCHF5,SOD1,349,1183,enzyme_substrate,1
E3|Q9NX47|P33076,E3|Q9NX47,E3,Q9NX47,P33076,MARCHF5,CIITA,349,1196,enzyme_substrate,1
E3|Q9NX47|P46821,E3|Q9NX47,E3,Q9NX47,P46821,MARCHF5,MAP1B,349,1632,enzyme_substrate,1
E3|Q9NX47|P46939,E3|Q9NX47,E3,Q9NX47,P46939,MARCHF5,UTRN,349,1760,enzyme_substrate,1
E3|Q9NX47|P54252,E3|Q9NX47,E3,Q9NX47,P54252,MARCHF5,ATXN3,349,429,enzyme_substrate,1
E3|Q9NX47|Q07820,E3|Q9NX47,E3,Q9NX47,Q07820,MARCHF5,MCL1,349,1070,enzyme_substrate,1
E3|Q9NX47|Q7Z434,E3|Q9NX47,E3,Q9NX47,Q7Z434,MARCHF5,MAVS,349,1161,enzyme_substrate,1
E3|Q9NX47|Q8IWA4,E3|Q9NX47,E3,Q9NX47,Q8IWA4,MARCHF5,MFN1,349,646,enzyme_substrate,1
E3|Q9NX47|Q92844,E3|Q9NX47,E3,Q9NX47,Q92844,MARCHF5,TANK,349,246,enzyme_substrate,1
E3|Q9NX47|Q9NX47,E3|Q9NX47,E3,Q9NX47,Q9NX47,MARCHF5,MARCHF5,349,349,enzyme_substrate,1
E3|Q9NX47|Q9Y3D6,E3|Q9NX47,E3,Q9NX47,Q9Y3D6,MARCHF5,FIS1,349,1761,enzyme_substrate,1
E3|Q9NXF7|Q56A73,E3|Q9NXF7,E3,Q9NXF7,Q56A73,DCAF16,SPIN4,350,1762,enzyme_substrate,1
E3|Q9NXI6|P58004,E3|Q9NXI6,E3,Q9NXI6,P58004,RNF186,SESN2,351,1763,enzyme_substrate,1
E3|Q9NXK8|P13010,E3|Q9NXK8,E3,Q9NXK8,P13010,FBXL12,XRCC5,352,693,enzyme_substrate,1
E3|Q9NXK8|P30838,E3|Q9NXK8,E3,Q9NXK8,P30838,FBXL12,ALDH3A1,352,1764,enzyme_substrate,1
E3|Q9NXK8|P49918,E3|Q9NXK8,E3,Q9NXK8,P49918,FBXL12,CDKN1C,352,1119,enzyme_substrate,1
E3|Q9NXK8|Q14012,E3|Q9NXK8,E3,Q9NXK8,Q14012,FBXL12,CAMK1,352,1765,enzyme_substrate,1
E3|Q9NXK8|Q96RR4,E3|Q9NXK8,E3,Q9NXK8,Q96RR4,FBXL12,CAMKK2,352,1766,enzyme_substrate,1
E3|Q9NYG5|O75496,E3|Q9NYG5,E3,Q9NYG5,O75496,ANAPC11,GMNN,353,840,enzyme_substrate,1
E3|Q9NYG5|O95997,E3|Q9NYG5,E3,Q9NYG5,O95997,ANAPC11,PTTG1,353,718,enzyme_substrate,1
E3|Q9NYG5|P14635,E3|Q9NYG5,E3,Q9NYG5,P14635,ANAPC11,CCNB1,353,497,enzyme_substrate,1
E3|Q9NYG5|Q9NQW6,E3|Q9NYG5,E3,Q9NYG5,Q9NQW6,ANAPC11,ANLN,353,1767,enzyme_substrate,1
E3|Q9NZJ0|A4F535,E3|Q9NZJ0,E3,Q9NZJ0,A4F535,DTL,P,354,1768,enzyme_substrate,1
E3|Q9NZJ0|O14757,E3|Q9NZJ0,E3,Q9NZJ0,O14757,DTL,CHEK1,354,1268,enzyme_substrate,1
E3|Q9NZJ0|P04637,E3|Q9NZJ0,E3,Q9NZJ0,P04637,DTL,TP53,354,528,enzyme_substrate,1
E3|Q9NZJ0|P12004,E3|Q9NZJ0,E3,Q9NZJ0,P12004,DTL,PCNA,354,692,enzyme_substrate,1
E3|Q9NZJ0|P28715,E3|Q9NZJ0,E3,Q9NZJ0,P28715,DTL,ERCC5,354,1769,enzyme_substrate,1
E3|Q9NZJ0|P38936,E3|Q9NZJ0,E3,Q9NZJ0,P38936,DTL,CDKN1A,354,529,enzyme_substrate,1
E3|Q9NZJ0|Q13569,E3|Q9NZJ0,E3,Q9NZJ0,Q13569,DTL,TDG,354,1770,enzyme_substrate,1
E3|Q9NZJ0|Q16526,E3|Q9NZJ0,E3,Q9NZJ0,Q16526,DTL,CRY1,354,1771,enzyme_substrate,1
E3|Q9NZJ0|Q53EL6,E3|Q9NZJ0,E3,Q9NZJ0,Q53EL6,DTL,PDCD4,354,1131,enzyme_substrate,1
E3|Q9NZJ0|Q6IQ49,E3|Q9NZJ0,E3,Q9NZJ0,Q6IQ49,DTL,SDE2,354,1772,enzyme_substrate,1
E3|Q9NZJ0|Q8NFZ0,E3|Q9NZJ0,E3,Q9NZJ0,Q8NFZ0,DTL,FBH1,354,217,enzyme_substrate,1
E3|Q9NZJ0|Q92830,E3|Q9NZJ0,E3,Q9NZJ0,Q92830,DTL,KAT2A,354,1773,enzyme_substrate,1
E3|Q9NZJ0|Q99741,E3|Q9NZJ0,E3,Q9NZJ0,Q99741,DTL,CDC6,354,668,enzyme_substrate,1
E3|Q9NZJ0|Q9H211,E3|Q9NZJ0,E3,Q9NZJ0,Q9H211,DTL,CDT1,354,782,enzyme_substrate,1
E3|Q9NZJ0|Q9HCU8,E3|Q9NZJ0,E3,Q9NZJ0,Q9HCU8,DTL,POLD4,354,699,enzyme_substrate,1
E3|Q9NZJ0|Q9NQR1,E3|Q9NZJ0,E3,Q9NZJ0,Q9NQR1,DTL,KMT5A,354,700,enzyme_substrate,1
E3|Q9NZJ0|Q9Y253,E3|Q9NZJ0,E3,Q9NZJ0,Q9Y253,DTL,POLH,354,1559,enzyme_substrate,1
E3|Q9NZS9|P01135,E3|Q9NZS9,E3,Q9NZS9,P01135,BFAR,TGFA,355,1774,enzyme_substrate,1
E3|Q9NZS9|P55061,E3|Q9NZS9,E3,Q9NZS9,P55061,BFAR,TMBIM6,355,1775,enzyme_substrate,1
E3|Q9P0N8|P02786,E3|Q9P0N8,E3,Q9P0N8,P02786,MARCHF2,TFRC,356,1188,enzyme_substrate,1
E3|Q9P0N8|P13569,E3|Q9P0N8,E3,Q9P0N8,P13569,MARCHF2,CFTR,356,808,enzyme_substrate,1
E3|Q9P0N8|P42081,E3|Q9P0N8,E3,Q9P0N8,P42081,MARCHF2,CD86,356,960,enzyme_substrate,1
E3|Q9P0N8|Q12959,E3|Q9P0N8,E3,Q9P0N8,Q12959,MARCHF2,DLG1,356,735,enzyme_substrate,1
E3|Q9P0N8|Q9Y282,E3|Q9P0N8,E3,Q9P0N8,Q9Y282,MARCHF2,ERGIC3,356,1776,enzyme_substrate,1
E3|Q9P0P0|P03372,E3|Q9P0P0,E3,Q9P0P0,P03372,RNF181,ESR1,357,586,enzyme_substrate,1
E3|Q9P0P0|P08514,E3|Q9P0P0,E3,Q9P0P0,P08514,RNF181,ITGA2B,357,1777,enzyme_substrate,1
E3|Q9P0P0|Q9P0P0,E3|Q9P0P0,E3,Q9P0P0,Q9P0P0,RNF181,RNF181,357,357,enzyme_substrate,1
E3|Q9P253|Q9NYY3,E3|Q9P253,E3,Q9P253,Q9NYY3,VPS18,PLK2,358,1292,enzyme_substrate,1
E3|Q9P253|Q9NZ52,E3|Q9P253,E3,Q9P253,Q9NZ52,VPS18,GGA3,358,932,enzyme_substrate,1
E3|Q9P2E8|P01730,E3|Q9P2E8,E3,Q9P2E8,P01730,MARCHF4,CD4,359,498,enzyme_substrate,1
E3|Q9P2E8|P01911,E3|Q9P2E8,E3,Q9P2E8,P01911,MARCHF4,HLA-DRB1,359,1186,enzyme_substrate,1
E3|Q9P2E8|Q9GIY3,E3|Q9P2E8,E3,Q9P2E8,Q9GIY3,MARCHF4,HLA-DRB1,359,1204,enzyme_substrate,1
E3|Q9P2G9|Q13702,E3|Q9P2G9,E3,Q9P2G9,Q13702,KLHL8,RAPSN,360,1778,enzyme_substrate,1
E3|Q9P2J3|P14635,E3|Q9P2J3,E3,Q9P2J3,P14635,KLHL9,CCNB1,361,497,enzyme_substrate,1
E3|Q9P2J3|P17676,E3|Q9P2J3,E3,Q9P2J3,P17676,KLHL9,CEBPB,361,1641,enzyme_substrate,1
E3|Q9P2J3|Q6PGQ7,E3|Q9P2J3,E3,Q9P2J3,Q6PGQ7,KLHL9,BORA,361,1132,enzyme_substrate,1
E3|Q9P2J3|Q96GD4,E3|Q9P2J3,E3,Q9P2J3,Q96GD4,KLHL9,AURKB,361,1463,enzyme_substrate,1
E3|Q9P2K6|Q16537,E3|Q9P2K6,E3,Q9P2K6,Q16537,KLHL42,PPP2R5E,362,1779,enzyme_substrate,1
E3|Q9P2N7|P14635,E3|Q9P2N7,E3,Q9P2N7,P14635,KLHL13,CCNB1,363,497,enzyme_substrate,1
E3|Q9P2N7|Q6PGQ7,E3|Q9P2N7,E3,Q9P2N7,Q6PGQ7,KLHL13,BORA,363,1132,enzyme_substrate,1
E3|Q9P2N7|Q96GD4,E3|Q9P2N7,E3,Q9P2N7,Q96GD4,KLHL13,AURKB,363,1463,enzyme_substrate,1
E3|Q9P2P5|O15350,E3|Q9P2P5,E3,Q9P2P5,O15350,HECW2,TP73,364,505,enzyme_substrate,1
E3|Q9P2P5|P12004,E3|Q9P2P5,E3,Q9P2P5,P12004,HECW2,PCNA,364,692,enzyme_substrate,1
E3|Q9P2P5|P20700,E3|Q9P2P5,E3,Q9P2P5,P20700,HECW2,LMNB1,364,1780,enzyme_substrate,1
E3|Q9UBN7|O14757,E3|Q9UBN7,E3,Q9UBN7,O14757,HDAC6,CHEK1,365,1268,enzyme_substrate,1
E3|Q9UBN7|P08151,E3|Q9UBN7,E3,Q9UBN7,P08151,HDAC6,GLI1,365,589,enzyme_substrate,1
E3|Q9UBS8|Q9UBS8,E3|Q9UBS8,E3,Q9UBS8,Q9UBS8,RNF14,RNF14,366,366,enzyme_substrate,1
E3|Q9UDY8|Q9Y6K9,E3|Q9UDY8,E3,Q9UDY8,Q9Y6K9,MALT1,IKBKG,367,663,enzyme_substrate,1
E3|Q9UF56|O14867,E3|Q9UF56,E3,Q9UF56,O14867,FBXL17,BACH1,368,1376,enzyme_substrate,1
E3|Q9UF56|Q9BX63,E3|Q9UF56,E3,Q9UF56,Q9BX63,FBXL17,BRIP1,368,1781,enzyme_substrate,1
E3|Q9UF56|Q9UMX1,E3|Q9UF56,E3,Q9UF56,Q9UMX1,FBXL17,SUFU,368,945,enzyme_substrate,1
E3|Q9UH77|Q96J92,E3|Q9UH77,E3,Q9UH77,Q96J92,KLHL3,WNK4,369,723,enzyme_substrate,1
E3|Q9UH77|Q9H4A3,E3|Q9UH77,E3,Q9UH77,Q9H4A3,KLHL3,WNK1,369,725,enzyme_substrate,1
E3|Q9UH90|P35568,E3|Q9UH90,E3,Q9UH90,P35568,FBXO40,IRS1,370,522,enzyme_substrate,1
E3|Q9UHC7|O14746,E3|Q9UHC7,E3,Q9UHC7,O14746,MKRN1,TERT,371,988,enzyme_substrate,1
E3|Q9UHC7|O95259,E3|Q9UHC7,E3,Q9UHC7,O95259,MKRN1,KCNH1,371,1782,enzyme_substrate,1
E3|Q9UHC7|P04637,E3|Q9UHC7,E3,Q9UHC7,P04637,MKRN1,TP53,371,528,enzyme_substrate,1
E3|Q9UHC7|P06935,E3|Q9UHC7,E3,Q9UHC7,P06935,MKRN1,,371,1783,enzyme_substrate,1
E3|Q9UHC7|P11940,E3|Q9UHC7,E3,Q9UHC7,P11940,MKRN1,PABPC1,371,1093,enzyme_substrate,1
E3|Q9UHC7|P38936,E3|Q9UHC7,E3,Q9UHC7,P38936,MKRN1,CDKN1A,371,529,enzyme_substrate,1
E3|Q9UHC7|P46783,E3|Q9UHC7,E3,Q9UHC7,P46783,MKRN1,RPS10,371,1784,enzyme_substrate,1
E3|Q9UHC7|P54098,E3|Q9UHC7,E3,Q9UHC7,P54098,MKRN1,POLG,371,1785,enzyme_substrate,1
E3|Q9UHC7|Q7Z7B0,E3|Q9UHC7,E3,Q9UHC7,Q7Z7B0,MKRN1,FILIP1,371,1786,enzyme_substrate,1
E3|Q9UHC7|Q8N726,E3|Q9UHC7,E3,Q9UHC7,Q8N726,MKRN1,CDKN2A,371,530,enzyme_substrate,1
E3|Q9UII4|P22392,E3|Q9UII4,E3,Q9UII4,P22392,HERC5,NME2,372,1787,enzyme_substrate,1
E3|Q9UII4|Q13363,E3|Q9UII4,E3,Q9UII4,Q13363,HERC5,CTBP1,372,1788,enzyme_substrate,1
E3|Q9UJP4|Q5UEC6,E3|Q9UJP4,E3,Q9UJP4,Q5UEC6,KLHL21,EB1,373,1789,enzyme_substrate,1
E3|Q9UJP4|Q96GD4,E3|Q9UJP4,E3,Q9UJP4,Q96GD4,KLHL21,AURKB,373,1463,enzyme_substrate,1
E3|Q9UJT9|O14965,E3|Q9UJT9,E3,Q9UJT9,O14965,FBXL7,AURKA,374,11,enzyme_substrate,1
E3|Q9UJT9|O15392,E3|Q9UJT9,E3,Q9UJT9,O15392,FBXL7,BIRC5,374,965,enzyme_substrate,1
E3|Q9UJT9|O95863,E3|Q9UJT9,E3,Q9UJT9,O95863,FBXL7,SNAI1,374,758,enzyme_substrate,1
E3|Q9UJT9|P12931,E3|Q9UJT9,E3,Q9UJT9,P12931,FBXL7,SRC,374,807,enzyme_substrate,1
E3|Q9UJX6|O95997,E3|Q9UJX6,E3,Q9UJX6,O95997,ANAPC2,PTTG1,375,718,enzyme_substrate,1
E3|Q9UK22|P02765,E3|Q9UK22,E3,Q9UK22,P02765,FBXO2,AHSG,376,1442,enzyme_substrate,1
E3|Q9UK22|P05556,E3|Q9UK22,E3,Q9UK22,P05556,FBXO2,ITGB1,376,1790,enzyme_substrate,1
E3|Q9UK22|P10193,E3|Q9UK22,E3,Q9UK22,P10193,FBXO2,UL9,376,1791,enzyme_substrate,1
E3|Q9UK22|P29033,E3|Q9UK22,E3,Q9UK22,P29033,FBXO2,GJB2,376,1792,enzyme_substrate,1
E3|Q9UK22|P35555,E3|Q9UK22,E3,Q9UK22,P35555,FBXO2,FBN1,376,1793,enzyme_substrate,1
E3|Q9UK22|P56817,E3|Q9UK22,E3,Q9UK22,P56817,FBXO2,BACE1,376,1794,enzyme_substrate,1
E3|Q9UK22|P78324,E3|Q9UK22,E3,Q9UK22,P78324,FBXO2,SIRPA,376,1795,enzyme_substrate,1
E3|Q9UK22|Q05586,E3|Q9UK22,E3,Q9UK22,Q05586,FBXO2,GRIN1,376,1407,enzyme_substrate,1
E3|Q9UK22|Q9UHB4,E3|Q9UK22,E3,Q9UK22,Q9UHB4,FBXO2,NDOR1,376,1796,enzyme_substrate,1
E3|Q9UK22|Q9UNE7,E3|Q9UK22,E3,Q9UK22,Q9UNE7,FBXO2,STUB1,376,393,enzyme_substrate,1
E3|Q9UK96|P10415,E3|Q9UK96,E3,Q9UK96,P10415,FBXO10,BCL2,377,626,enzyme_substrate,1
E3|Q9UK97|O43156,E3|Q9UK97,E3,Q9UK97,O43156,FBXO9,TTI1,378,1797,enzyme_substrate,1
E3|Q9UK97|Q9H2A3,E3|Q9UK97,E3,Q9UK97,Q9H2A3,FBXO9,NEUROG2,378,1798,enzyme_substrate,1
E3|Q9UK97|Q9Y4R8,E3|Q9UK97,E3,Q9UK97,Q9Y4R8,FBXO9,TELO2,378,1799,enzyme_substrate,1
E3|Q9UK99|Q09472,E3|Q9UK99,E3,Q9UK99,Q09472,FBXO3,EP300,379,98,enzyme_substrate,1
E3|Q9UK99|Q9H2X6,E3|Q9UK99,E3,Q9UK99,Q9H2X6,FBXO3,HIPK2,379,610,enzyme_substrate,1
E3|Q9UK99|Q9HCE7,E3|Q9UK99,E3,Q9UK99,Q9HCE7,FBXO3,SMURF1,379,328,enzyme_substrate,1
E3|Q9UK99|Q9NXK8,E3|Q9UK99,E3,Q9UK99,Q9NXK8,FBXO3,FBXL12,379,352,enzyme_substrate,1
E3|Q9UKA1|O95863,E3|Q9UKA1,E3,Q9UKA1,O95863,FBXL5,SNAI1,380,758,enzyme_substrate,1
E3|Q9UKA1|P00519,E3|Q9UKA1,E3,Q9UKA1,P00519,FBXL5,ABL1,380,789,enzyme_substrate,1
E3|Q9UKA1|P37840,E3|Q9UKA1,E3,Q9UKA1,P37840,FBXL5,SNCA,380,556,enzyme_substrate,1
E3|Q9UKA1|P48200,E3|Q9UKA1,E3,Q9UKA1,P48200,FBXL5,IREB2,380,871,enzyme_substrate,1
E3|Q9UKA1|Q14203,E3|Q9UKA1,E3,Q9UKA1,Q14203,FBXL5,DCTN1,380,1800,enzyme_substrate,1
E3|Q9UKA1|Q9BQ15,E3|Q9UKA1,E3,Q9UKA1,Q9BQ15,FBXL5,NABP2,380,1801,enzyme_substrate,1
E3|Q9UKA2|O75164,E3|Q9UKA2,E3,Q9UKA2,O75164,FBXL4,KDM4A,381,689,enzyme_substrate,1
E3|Q9UKB1|O00444,E3|Q9UKB1,E3,Q9UKB1,O00444,FBXW11,PLK4,382,1802,enzyme_substrate,1
E3|Q9UKB1|O14503,E3|Q9UKB1,E3,Q9UKB1,O14503,FBXW11,BHLHE40,382,864,enzyme_substrate,1
E3|Q9UKB1|O14920,E3|Q9UKB1,E3,Q9UKB1,O14920,FBXW11,IKBKB,382,773,enzyme_substrate,1
E3|Q9UKB1|O15055,E3|Q9UKB1,E3,Q9UKB1,O15055,FBXW11,PER2,382,989,enzyme_substrate,1
E3|Q9UKB1|O15111,E3|Q9UKB1,E3,Q9UKB1,O15111,FBXW11,CHUK,382,1803,enzyme_substrate,1
E3|Q9UKB1|O15534,E3|Q9UKB1,E3,Q9UKB1,O15534,FBXW11,PER1,382,1804,enzyme_substrate,1
E3|Q9UKB1|O60343,E3|Q9UKB1,E3,Q9UKB1,O60343,FBXW11,TBC1D4,382,1805,enzyme_substrate,1
E3|Q9UKB1|P16471,E3|Q9UKB1,E3,Q9UKB1,P16471,FBXW11,PRLR,382,1806,enzyme_substrate,1
E3|Q9UKB1|P17181,E3|Q9UKB1,E3,Q9UKB1,P17181,FBXW11,IFNAR1,382,1807,enzyme_substrate,1
E3|Q9UKB1|P19838,E3|Q9UKB1,E3,Q9UKB1,P19838,FBXW11,NFKB1,382,1219,enzyme_substrate,1
E3|Q9UKB1|P25963,E3|Q9UKB1,E3,Q9UKB1,P25963,FBXW11,NFKBIA,382,762,enzyme_substrate,1
E3|Q9UKB1|P30291,E3|Q9UKB1,E3,Q9UKB1,P30291,FBXW11,WEE1,382,1596,enzyme_substrate,1
E3|Q9UKB1|P30304,E3|Q9UKB1,E3,Q9UKB1,P30304,FBXW11,CDC25A,382,1808,enzyme_substrate,1
E3|Q9UKB1|P30305,E3|Q9UKB1,E3,Q9UKB1,P30305,FBXW11,CDC25B,382,1809,enzyme_substrate,1
E3|Q9UKB1|P35222,E3|Q9UKB1,E3,Q9UKB1,P35222,FBXW11,CTNNB1,382,674,enzyme_substrate,1
E3|Q9UKB1|P46937,E3|Q9UKB1,E3,Q9UKB1,P46937,FBXW11,YAP1,382,632,enzyme_substrate,1
E3|Q9UKB1|P53805,E3|Q9UKB1,E3,Q9UKB1,P53805,FBXW11,RCAN1,382,1450,enzyme_substrate,1
E3|Q9UKB1|Q12959,E3|Q9UKB1,E3,Q9UKB1,Q12959,FBXW11,DLG1,382,735,enzyme_substrate,1
E3|Q9UKB1|Q13127,E3|Q9UKB1,E3,Q9UKB1,Q13127,FBXW11,REST,382,1810,enzyme_substrate,1
E3|Q9UKB1|Q53EL6,E3|Q9UKB1,E3,Q9UKB1,Q53EL6,FBXW11,PDCD4,382,1131,enzyme_substrate,1
E3|Q9UKB1|Q76N32,E3|Q9UKB1,E3,Q9UKB1,Q76N32,FBXW11,CEP68,382,1811,enzyme_substrate,1
E3|Q9UKB1|Q8IYD8,E3|Q9UKB1,E3,Q9UKB1,Q8IYD8,FBXW11,FANCM,382,1812,enzyme_substrate,1
E3|Q9UKB1|Q8TB45,E3|Q9UKB1,E3,Q9UKB1,Q8TB45,FBXW11,DEPTOR,382,764,enzyme_substrate,1
E3|Q9UKB1|Q9HAW4,E3|Q9UKB1,E3,Q9UKB1,Q9HAW4,FBXW11,CLSPN,382,863,enzyme_substrate,1
E3|Q9UKB1|Q9NX09,E3|Q9UKB1,E3,Q9UKB1,Q9NX09,FBXW11,DDIT4,382,660,enzyme_substrate,1
E3|Q9UKB1|Q9P2F8,E3|Q9UKB1,E3,Q9UKB1,Q9P2F8,FBXW11,SIPA1L2,382,1813,enzyme_substrate,1
E3|Q9UKB1|Q9UKB1,E3|Q9UKB1,E3,Q9UKB1,Q9UKB1,FBXW11,FBXW11,382,382,enzyme_substrate,1
E3|Q9UKB1|Q9UKT4,E3|Q9UKB1,E3,Q9UKB1,Q9UKT4,FBXW11,FBXO5,382,1814,enzyme_substrate,1
E3|Q9UKB1|Q9Y297,E3|Q9UKB1,E3,Q9UKB1,Q9Y297,FBXW11,BTRC,382,399,enzyme_substrate,1
E3|Q9UKC9|O00459,E3|Q9UKC9,E3,Q9UKC9,O00459,FBXL2,PIK3R2,383,1096,enzyme_substrate,1
E3|Q9UKC9|P05067,E3|Q9UKC9,E3,Q9UKC9,P05067,FBXL2,APP,383,1297,enzyme_substrate,1
E3|Q9UKC9|P30279,E3|Q9UKC9,E3,Q9UKC9,P30279,FBXL2,CCND2,383,1223,enzyme_substrate,1
E3|Q9UKC9|P30281,E3|Q9UKC9,E3,Q9UKC9,P30281,FBXL2,CCND3,383,1815,enzyme_substrate,1
E3|Q9UKC9|P49585,E3|Q9UKC9,E3,Q9UKC9,P49585,FBXL2,PCYT1A,383,1816,enzyme_substrate,1
E3|Q9UKC9|Q08050,E3|Q9UKC9,E3,Q9UKC9,Q08050,FBXL2,FOXM1,383,1817,enzyme_substrate,1
E3|Q9UKC9|Q14573,E3|Q9UKC9,E3,Q9UKC9,Q14573,FBXL2,ITPR3,383,1818,enzyme_substrate,1
E3|Q9UKC9|Q96GD4,E3|Q9UKC9,E3,Q9UKC9,Q96GD4,FBXL2,AURKB,383,1463,enzyme_substrate,1
E3|Q9UKC9|Q96P20,E3|Q9UKC9,E3,Q9UKC9,Q96P20,FBXL2,NLRP3,383,650,enzyme_substrate,1
E3|Q9UKT5|P05362,E3|Q9UKT5,E3,Q9UKT5,P05362,FBXO4,ICAM1,384,956,enzyme_substrate,1
E3|Q9UKT5|P24385,E3|Q9UKT5,E3,Q9UKT5,P24385,FBXO4,CCND1,384,1115,enzyme_substrate,1
E3|Q9UKT5|P51114,E3|Q9UKT5,E3,Q9UKT5,P51114,FBXO4,FXR1,384,1819,enzyme_substrate,1
E3|Q9UKT5|P54274,E3|Q9UKT5,E3,Q9UKT5,P54274,FBXO4,TERF1,384,1751,enzyme_substrate,1
E3|Q9UKT5|Q07820,E3|Q9UKT5,E3,Q9UKT5,Q07820,FBXO4,MCL1,384,1070,enzyme_substrate,1
E3|Q9UKT6|Q16526,E3|Q9UKT6,E3,Q9UKT6,Q16526,FBXL21P,CRY1,385,1771,enzyme_substrate,1
E3|Q9UKT6|Q49AN0,E3|Q9UKT6,E3,Q9UKT6,Q49AN0,FBXL21P,CRY2,385,1458,enzyme_substrate,1
E3|Q9UKT7|P08678,E3|Q9UKT7,E3,Q9UKT7,P08678,FBXL3,CYR1,386,1820,enzyme_substrate,1
E3|Q9UKT7|Q16526,E3|Q9UKT7,E3,Q9UKT7,Q16526,FBXL3,CRY1,386,1771,enzyme_substrate,1
E3|Q9UKT7|Q49AN0,E3|Q9UKT7,E3,Q9UKT7,Q49AN0,FBXL3,CRY2,386,1458,enzyme_substrate,1
E3|Q9UKT8|O96020,E3|Q9UKT8,E3,Q9UKT8,O96020,FBXW2,CCNE2,387,624,enzyme_substrate,1
E3|Q9UKT8|P24864,E3|Q9UKT8,E3,Q9UKT8,P24864,FBXW2,CCNE1,387,593,enzyme_substrate,1
E3|Q9UKT8|P35548,E3|Q9UKT8,E3,Q9UKT8,P35548,FBXW2,MSX2,387,1821,enzyme_substrate,1
E3|Q9UKT8|Q9NP62,E3|Q9UKT8,E3,Q9UKT8,Q9NP62,FBXW2,GCM1,387,1822,enzyme_substrate,1
E3|Q9UKV5|O15503,E3|Q9UKV5,E3,Q9UKV5,O15503,AMFR,INSIG1,388,1423,enzyme_substrate,1
E3|Q9UKV5|O95140,E3|Q9UKV5,E3,Q9UKV5,O95140,AMFR,MFN2,388,622,enzyme_substrate,1
E3|Q9UKV5|P00441,E3|Q9UKV5,E3,Q9UKV5,P00441,AMFR,SOD1,388,1183,enzyme_substrate,1
E3|Q9UKV5|P01009,E3|Q9UKV5,E3,Q9UKV5,P01009,AMFR,SERPINA1,388,1294,enzyme_substrate,1
E3|Q9UKV5|P04035,E3|Q9UKV5,E3,Q9UKV5,P04035,AMFR,HMGCR,388,1296,enzyme_substrate,1
E3|Q9UKV5|P04114,E3|Q9UKV5,E3,Q9UKV5,P04114,AMFR,APOB,388,1823,enzyme_substrate,1
E3|Q9UKV5|P04234,E3|Q9UKV5,E3,Q9UKV5,P04234,AMFR,CD3D,388,669,enzyme_substrate,1
E3|Q9UKV5|P08034,E3|Q9UKV5,E3,Q9UKV5,P08034,AMFR,GJB1,388,1824,enzyme_substrate,1
E3|Q9UKV5|P08684,E3|Q9UKV5,E3,Q9UKV5,P08684,AMFR,CYP3A4,388,1192,enzyme_substrate,1
E3|Q9UKV5|P11441,E3|Q9UKV5,E3,Q9UKV5,P11441,AMFR,UBL4A,388,62,enzyme_substrate,1
E3|Q9UKV5|P13569,E3|Q9UKV5,E3,Q9UKV5,P13569,AMFR,CFTR,388,808,enzyme_substrate,1
E3|Q9UKV5|P27701,E3|Q9UKV5,E3,Q9UKV5,P27701,AMFR,CD82,388,1825,enzyme_substrate,1
E3|Q9UKV5|Q15011,E3|Q9UKV5,E3,Q9UKV5,Q15011,AMFR,HERPUD1,388,1265,enzyme_substrate,1
E3|Q9UKV5|Q8IWA4,E3|Q9UKV5,E3,Q9UKV5,Q8IWA4,AMFR,MFN1,388,646,enzyme_substrate,1
E3|Q9UKV5|Q99574,E3|Q9UKV5,E3,Q9UKV5,Q99574,AMFR,SERPINI1,388,1826,enzyme_substrate,1
E3|Q9ULT8|O60331,E3|Q9ULT8,E3,Q9ULT8,O60331,HECTD1,PIP5K1C,389,1827,enzyme_substrate,1
E3|Q9ULT8|O95863,E3|Q9ULT8,E3,Q9ULT8,O95863,HECTD1,SNAI1,389,758,enzyme_substrate,1
E3|Q9ULT8|Q9UPN3,E3|Q9ULT8,E3,Q9ULT8,Q9UPN3,HECTD1,MACF1,389,1828,enzyme_substrate,1
E3|Q9ULV8|P00533,E3|Q9ULV8,E3,Q9ULV8,P00533,CBLC,EGFR,390,679,enzyme_substrate,1
E3|Q9ULV8|P12931,E3|Q9ULV8,E3,Q9ULV8,P12931,CBLC,SRC,390,807,enzyme_substrate,1
E3|Q9UM11|O00429,E3|Q9UM11,E3,Q9UM11,O00429,FZR1,DNM1L,391,617,enzyme_substrate,1
E3|Q9UM11|O00716,E3|Q9UM11,E3,Q9UM11,O00716,FZR1,E2F3,391,1829,enzyme_substrate,1
E3|Q9UM11|O14777,E3|Q9UM11,E3,Q9UM11,O14777,FZR1,NDC80,391,1830,enzyme_substrate,1
E3|Q9UM11|O14965,E3|Q9UM11,E3,Q9UM11,O14965,FZR1,AURKA,391,11,enzyme_substrate,1
E3|Q9UM11|O43474,E3|Q9UM11,E3,Q9UM11,O43474,FZR1,KLF4,391,1241,enzyme_substrate,1
E3|Q9UM11|O43683,E3|Q9UM11,E3,Q9UM11,O43683,FZR1,BUB1,391,1831,enzyme_substrate,1
E3|Q9UM11|O60313,E3|Q9UM11,E3,Q9UM11,O60313,FZR1,OPA1,391,1832,enzyme_substrate,1
E3|Q9UM11|O60566,E3|Q9UM11,E3,Q9UM11,O60566,FZR1,BUB1B,391,1064,enzyme_substrate,1
E3|Q9UM11|O75496,E3|Q9UM11,E3,Q9UM11,O75496,FZR1,GMNN,391,840,enzyme_substrate,1
E3|Q9UM11|O94782,E3|Q9UM11,E3,Q9UM11,O94782,FZR1,USP1,391,420,enzyme_substrate,1
E3|Q9UM11|O95997,E3|Q9UM11,E3,Q9UM11,O95997,FZR1,PTTG1,391,718,enzyme_substrate,1
E3|Q9UM11|P04183,E3|Q9UM11,E3,Q9UM11,P04183,FZR1,TK1,391,1833,enzyme_substrate,1
E3|Q9UM11|P12757,E3|Q9UM11,E3,Q9UM11,P12757,FZR1,SKIL,391,1252,enzyme_substrate,1
E3|Q9UM11|P13349,E3|Q9UM11,E3,Q9UM11,P13349,FZR1,MYF5,391,1834,enzyme_substrate,1
E3|Q9UM11|P14635,E3|Q9UM11,E3,Q9UM11,P14635,FZR1,CCNB1,391,497,enzyme_substrate,1
E3|Q9UM11|P16284,E3|Q9UM11,E3,Q9UM11,P16284,FZR1,PECAM1,391,959,enzyme_substrate,1
E3|Q9UM11|P20248,E3|Q9UM11,E3,Q9UM11,P20248,FZR1,CCNA2,391,1066,enzyme_substrate,1
E3|Q9UM11|P23760,E3|Q9UM11,E3,Q9UM11,P23760,FZR1,PAX3,391,1835,enzyme_substrate,1
E3|Q9UM11|P23919,E3|Q9UM11,E3,Q9UM11,P23919,FZR1,DTYMK,391,1836,enzyme_substrate,1
E3|Q9UM11|P26358,E3|Q9UM11,E3,Q9UM11,P26358,FZR1,DNMT1,391,1593,enzyme_substrate,1
E3|Q9UM11|P30304,E3|Q9UM11,E3,Q9UM11,P30304,FZR1,CDC25A,391,1808,enzyme_substrate,1
E3|Q9UM11|P41134,E3|Q9UM11,E3,Q9UM11,P41134,FZR1,ID1,391,1646,enzyme_substrate,1
E3|Q9UM11|P45983,E3|Q9UM11,E3,Q9UM11,P45983,FZR1,MAPK8,391,1837,enzyme_substrate,1
E3|Q9UM11|P45984,E3|Q9UM11,E3,Q9UM11,P45984,FZR1,MAPK9,391,1838,enzyme_substrate,1
E3|Q9UM11|P48431,E3|Q9UM11,E3,Q9UM11,P48431,FZR1,SOX2,391,712,enzyme_substrate,1
E3|Q9UM11|P51955,E3|Q9UM11,E3,Q9UM11,P51955,FZR1,NEK2,391,634,enzyme_substrate,1
E3|Q9UM11|P53350,E3|Q9UM11,E3,Q9UM11,P53350,FZR1,PLK1,391,1182,enzyme_substrate,1
E3|Q9UM11|P53779,E3|Q9UM11,E3,Q9UM11,P53779,FZR1,MAPK10,391,1839,enzyme_substrate,1
E3|Q9UM11|P55290,E3|Q9UM11,E3,Q9UM11,P55290,FZR1,CDH13,391,1840,enzyme_substrate,1
E3|Q9UM11|Q00059,E3|Q9UM11,E3,Q9UM11,Q00059,FZR1,TFAM,391,1841,enzyme_substrate,1
E3|Q9UM11|Q01094,E3|Q9UM11,E3,Q9UM11,Q01094,FZR1,E2F1,391,1026,enzyme_substrate,1
E3|Q9UM11|Q01196,E3|Q9UM11,E3,Q9UM11,Q01196,FZR1,RUNX1,391,1068,enzyme_substrate,1
E3|Q9UM11|Q02363,E3|Q9UM11,E3,Q9UM11,Q02363,FZR1,ID2,391,1842,enzyme_substrate,1
E3|Q9UM11|Q08050,E3|Q9UM11,E3,Q9UM11,Q08050,FZR1,FOXM1,391,1817,enzyme_substrate,1
E3|Q9UM11|Q12834,E3|Q9UM11,E3,Q9UM11,Q12834,FZR1,CDC20,391,99,enzyme_substrate,1
E3|Q9UM11|Q13309,E3|Q9UM11,E3,Q9UM11,Q13309,FZR1,SKP2,391,110,enzyme_substrate,1
E3|Q9UM11|Q14511,E3|Q9UM11,E3,Q9UM11,Q14511,FZR1,NEDD9,391,1536,enzyme_substrate,1
E3|Q9UM11|Q15004,E3|Q9UM11,E3,Q9UM11,Q15004,FZR1,PCLAF,391,1843,enzyme_substrate,1
E3|Q9UM11|Q15468,E3|Q9UM11,E3,Q9UM11,Q15468,FZR1,STIL,391,1844,enzyme_substrate,1
E3|Q9UM11|Q16875,E3|Q9UM11,E3,Q9UM11,Q16875,FZR1,PFKFB3,391,1845,enzyme_substrate,1
E3|Q9UM11|Q5FBB7,E3|Q9UM11,E3,Q9UM11,Q5FBB7,FZR1,SGOL1,391,1846,enzyme_substrate,1
E3|Q9UM11|Q6UVJ0,E3|Q9UM11,E3,Q9UM11,Q6UVJ0,FZR1,SASS6,391,1495,enzyme_substrate,1
E3|Q9UM11|Q86WB0,E3|Q9UM11,E3,Q9UM11,Q86WB0,FZR1,ZC3HC1,391,180,enzyme_substrate,1
E3|Q9UM11|Q8IWA4,E3|Q9UM11,E3,Q9UM11,Q8IWA4,FZR1,MFN1,391,646,enzyme_substrate,1
E3|Q9UM11|Q8WWK9,E3|Q9UM11,E3,Q9UM11,Q8WWK9,FZR1,CKAP2,391,1847,enzyme_substrate,1
E3|Q9UM11|Q96BY2,E3|Q9UM11,E3,Q9UM11,Q96BY2,FZR1,MOAP1,391,1084,enzyme_substrate,1
E3|Q9UM11|Q96C86,E3|Q9UM11,E3,Q9UM11,Q96C86,FZR1,DCPS,391,1848,enzyme_substrate,1
E3|Q9UM11|Q96GD4,E3|Q9UM11,E3,Q9UM11,Q96GD4,FZR1,AURKB,391,1463,enzyme_substrate,1
E3|Q9UM11|Q99708,E3|Q9UM11,E3,Q9UM11,Q99708,FZR1,RBBP8,391,861,enzyme_substrate,1
E3|Q9UM11|Q99741,E3|Q9UM11,E3,Q9UM11,Q99741,FZR1,CDC6,391,668,enzyme_substrate,1
E3|Q9UM11|Q9BXS6,E3|Q9UM11,E3,Q9UM11,Q9BXS6,FZR1,NUSAP1,391,1849,enzyme_substrate,1
E3|Q9UM11|Q9HAW4,E3|Q9UM11,E3,Q9UM11,Q9HAW4,FZR1,CLSPN,391,863,enzyme_substrate,1
E3|Q9UM11|Q9NQW6,E3|Q9UM11,E3,Q9UM11,Q9NQW6,FZR1,ANLN,391,1767,enzyme_substrate,1
E3|Q9UM11|Q9NRM7,E3|Q9UM11,E3,Q9UM11,Q9NRM7,FZR1,LATS2,391,572,enzyme_substrate,1
E3|Q9UM11|Q9P2P5,E3|Q9UM11,E3,Q9UM11,Q9P2P5,FZR1,HECW2,391,364,enzyme_substrate,1
E3|Q9UM11|Q9ULW0,E3|Q9UM11,E3,Q9UM11,Q9ULW0,FZR1,TPX2,391,1850,enzyme_substrate,1
E3|Q9UM11|Q9Y4A5,E3|Q9UM11,E3,Q9UM11,Q9Y4A5,FZR1,TRRAP,391,1077,enzyme_substrate,1
E3|Q9UMS4|O43395,E3|Q9UMS4,E3,Q9UMS4,O43395,PRPF19,PRPF3,392,1851,enzyme_substrate,1
E3|Q9UMS4|P15927,E3|Q9UMS4,E3,Q9UMS4,P15927,PRPF19,RPA2,392,1852,enzyme_substrate,1
E3|Q9UMS4|P27694,E3|Q9UMS4,E3,Q9UMS4,P27694,PRPF19,RPA1,392,1853,enzyme_substrate,1
E3|Q9UMS4|P67809,E3|Q9UMS4,E3,Q9UMS4,P67809,PRPF19,YBX1,392,1262,enzyme_substrate,1
E3|Q9UNE7|A6MI22,E3|Q9UNE7,E3,Q9UNE7,A6MI22,STUB1,tat,393,1854,enzyme_substrate,1
E3|Q9UNE7|O00141,E3|Q9UNE7,E3,Q9UNE7,O00141,STUB1,SGK1,393,1242,enzyme_substrate,1
E3|Q9UNE7|O00327,E3|Q9UNE7,E3,Q9UNE7,O00327,STUB1,ARNTL,393,1049,enzyme_substrate,1
E3|Q9UNE7|O15079,E3|Q9UNE7,E3,Q9UNE7,O15079,STUB1,SNPH,393,1855,enzyme_substrate,1
E3|Q9UNE7|O60762,E3|Q9UNE7,E3,Q9UNE7,O60762,STUB1,DPM1,393,1856,enzyme_substrate,1
E3|Q9UNE7|O75460,E3|Q9UNE7,E3,Q9UNE7,O75460,STUB1,ERN1,393,1293,enzyme_substrate,1
E3|Q9UNE7|P00441,E3|Q9UNE7,E3,Q9UNE7,P00441,STUB1,SOD1,393,1183,enzyme_substrate,1
E3|Q9UNE7|P00558,E3|Q9UNE7,E3,Q9UNE7,P00558,STUB1,PGK1,393,1857,enzyme_substrate,1
E3|Q9UNE7|P01106,E3|Q9UNE7,E3,Q9UNE7,P01106,STUB1,MYC,393,709,enzyme_substrate,1
E3|Q9UNE7|P03372,E3|Q9UNE7,E3,Q9UNE7,P03372,STUB1,ESR1,393,586,enzyme_substrate,1
E3|Q9UNE7|P04049,E3|Q9UNE7,E3,Q9UNE7,P04049,STUB1,RAF1,393,969,enzyme_substrate,1
E3|Q9UNE7|P04150,E3|Q9UNE7,E3,Q9UNE7,P04150,STUB1,NR3C1,393,1001,enzyme_substrate,1
E3|Q9UNE7|P04626,E3|Q9UNE7,E3,Q9UNE7,P04626,STUB1,ERBB2,393,792,enzyme_substrate,1
E3|Q9UNE7|P04637,E3|Q9UNE7,E3,Q9UNE7,P04637,STUB1,TP53,393,528,enzyme_substrate,1
E3|Q9UNE7|P04839,E3|Q9UNE7,E3,Q9UNE7,P04839,STUB1,CYBB,393,1858,enzyme_substrate,1
E3|Q9UNE7|P06213,E3|Q9UNE7,E3,Q9UNE7,P06213,STUB1,INSR,393,1859,enzyme_substrate,1
E3|Q9UNE7|P06746,E3|Q9UNE7,E3,Q9UNE7,P06746,STUB1,POLB,393,1270,enzyme_substrate,1
E3|Q9UNE7|P06748,E3|Q9UNE7,E3,Q9UNE7,P06748,STUB1,NPM1,393,850,enzyme_substrate,1
E3|Q9UNE7|P07197,E3|Q9UNE7,E3,Q9UNE7,P07197,STUB1,NEFM,393,1860,enzyme_substrate,1
E3|Q9UNE7|P07900,E3|Q9UNE7,E3,Q9UNE7,P07900,STUB1,HSP90AA1,393,1861,enzyme_substrate,1
E3|Q9UNE7|P08684,E3|Q9UNE7,E3,Q9UNE7,P08684,STUB1,CYP3A4,393,1192,enzyme_substrate,1
E3|Q9UNE7|P10275,E3|Q9UNE7,E3,Q9UNE7,P10275,STUB1,AR,393,554,enzyme_substrate,1
E3|Q9UNE7|P10636,E3|Q9UNE7,E3,Q9UNE7,P10636,STUB1,MAPT,393,1298,enzyme_substrate,1
E3|Q9UNE7|P10911,E3|Q9UNE7,E3,Q9UNE7,P10911,STUB1,MCF2,393,1862,enzyme_substrate,1
E3|Q9UNE7|P10914,E3|Q9UNE7,E3,Q9UNE7,P10914,STUB1,IRF1,393,1004,enzyme_substrate,1
E3|Q9UNE7|P11142,E3|Q9UNE7,E3,Q9UNE7,P11142,STUB1,HSPA8,393,1863,enzyme_substrate,1
E3|Q9UNE7|P12931,E3|Q9UNE7,E3,Q9UNE7,P12931,STUB1,SRC,393,807,enzyme_substrate,1
E3|Q9UNE7|P13569,E3|Q9UNE7,E3,Q9UNE7,P13569,STUB1,CFTR,393,808,enzyme_substrate,1
E3|Q9UNE7|P15559,E3|Q9UNE7,E3,Q9UNE7,P15559,STUB1,NQO1,393,1864,enzyme_substrate,1
E3|Q9UNE7|P17542,E3|Q9UNE7,E3,Q9UNE7,P17542,STUB1,TAL1,393,1114,enzyme_substrate,1
E3|Q9UNE7|P17612,E3|Q9UNE7,E3,Q9UNE7,P17612,STUB1,PRKACA,393,1865,enzyme_substrate,1
E3|Q9UNE7|P22694,E3|Q9UNE7,E3,Q9UNE7,P22694,STUB1,PRKACB,393,1866,enzyme_substrate,1
E3|Q9UNE7|P25815,E3|Q9UNE7,E3,Q9UNE7,P25815,STUB1,S100P,393,1867,enzyme_substrate,1
E3|Q9UNE7|P29034,E3|Q9UNE7,E3,Q9UNE7,P29034,STUB1,S100A2,393,1868,enzyme_substrate,1
E3|Q9UNE7|P29317,E3|Q9UNE7,E3,Q9UNE7,P29317,STUB1,EPHA2,393,815,enzyme_substrate,1
E3|Q9UNE7|P29474,E3|Q9UNE7,E3,Q9UNE7,P29474,STUB1,NOS3,393,1869,enzyme_substrate,1
E3|Q9UNE7|P29475,E3|Q9UNE7,E3,Q9UNE7,P29475,STUB1,NOS1,393,1870,enzyme_substrate,1
E3|Q9UNE7|P31645,E3|Q9UNE7,E3,Q9UNE7,P31645,STUB1,SLC6A4,393,1300,enzyme_substrate,1
E3|Q9UNE7|P31749,E3|Q9UNE7,E3,Q9UNE7,P31749,STUB1,AKT1,393,671,enzyme_substrate,1
E3|Q9UNE7|P33402,E3|Q9UNE7,E3,Q9UNE7,P33402,STUB1,GUCY1A2,393,1871,enzyme_substrate,1
E3|Q9UNE7|P34932,E3|Q9UNE7,E3,Q9UNE7,P34932,STUB1,HSPA4,393,1872,enzyme_substrate,1
E3|Q9UNE7|P35228,E3|Q9UNE7,E3,Q9UNE7,P35228,STUB1,NOS2,393,1597,enzyme_substrate,1
E3|Q9UNE7|P35869,E3|Q9UNE7,E3,Q9UNE7,P35869,STUB1,AHR,393,73,enzyme_substrate,1
E3|Q9UNE7|P37840,E3|Q9UNE7,E3,Q9UNE7,P37840,STUB1,SNCA,393,556,enzyme_substrate,1
E3|Q9UNE7|P43694,E3|Q9UNE7,E3,Q9UNE7,P43694,STUB1,GATA4,393,1873,enzyme_substrate,1
E3|Q9UNE7|P46937,E3|Q9UNE7,E3,Q9UNE7,P46937,STUB1,YAP1,393,632,enzyme_substrate,1
E3|Q9UNE7|P53355,E3|Q9UNE7,E3,Q9UNE7,P53355,STUB1,DAPK1,393,1328,enzyme_substrate,1
E3|Q9UNE7|P54252,E3|Q9UNE7,E3,Q9UNE7,P54252,STUB1,ATXN3,393,429,enzyme_substrate,1
E3|Q9UNE7|P54253,E3|Q9UNE7,E3,Q9UNE7,P54253,STUB1,ATXN1,393,951,enzyme_substrate,1
E3|Q9UNE7|P55017,E3|Q9UNE7,E3,Q9UNE7,P55017,STUB1,SLC12A3,393,1874,enzyme_substrate,1
E3|Q9UNE7|P55036,E3|Q9UNE7,E3,Q9UNE7,P55036,STUB1,PSMD4,393,559,enzyme_substrate,1
E3|Q9UNE7|P56545,E3|Q9UNE7,E3,Q9UNE7,P56545,STUB1,CTBP2,393,1875,enzyme_substrate,1
E3|Q9UNE7|P56817,E3|Q9UNE7,E3,Q9UNE7,P56817,STUB1,BACE1,393,1794,enzyme_substrate,1
E3|Q9UNE7|P60321,E3|Q9UNE7,E3,Q9UNE7,P60321,STUB1,NANOS2,393,1598,enzyme_substrate,1
E3|Q9UNE7|P60484,E3|Q9UNE7,E3,Q9UNE7,P60484,STUB1,PTEN,393,509,enzyme_substrate,1
E3|Q9UNE7|P63241,E3|Q9UNE7,E3,Q9UNE7,P63241,STUB1,EIF5A,393,1876,enzyme_substrate,1
E3|Q9UNE7|P80370,E3|Q9UNE7,E3,Q9UNE7,P80370,STUB1,DLK1,393,1877,enzyme_substrate,1
E3|Q9UNE7|P84022,E3|Q9UNE7,E3,Q9UNE7,P84022,STUB1,SMAD3,393,510,enzyme_substrate,1
E3|Q9UNE7|Q00613,E3|Q9UNE7,E3,Q9UNE7,Q00613,STUB1,HSF1,393,1451,enzyme_substrate,1
E3|Q9UNE7|Q01196,E3|Q9UNE7,E3,Q9UNE7,Q01196,STUB1,RUNX1,393,1068,enzyme_substrate,1
E3|Q9UNE7|Q03060,E3|Q9UNE7,E3,Q9UNE7,Q03060,STUB1,CREM,393,941,enzyme_substrate,1
E3|Q9UNE7|Q04912,E3|Q9UNE7,E3,Q9UNE7,Q04912,STUB1,MST1R,393,830,enzyme_substrate,1
E3|Q9UNE7|Q05513,E3|Q9UNE7,E3,Q9UNE7,Q05513,STUB1,PRKCZ,393,1088,enzyme_substrate,1
E3|Q9UNE7|Q12778,E3|Q9UNE7,E3,Q9UNE7,Q12778,STUB1,FOXO1,393,1028,enzyme_substrate,1
E3|Q9UNE7|Q12852,E3|Q9UNE7,E3,Q9UNE7,Q12852,STUB1,MAP3K12,393,1878,enzyme_substrate,1
E3|Q9UNE7|Q12933,E3|Q9UNE7,E3,Q9UNE7,Q12933,STUB1,TRAF2,393,101,enzyme_substrate,1
E3|Q9UNE7|Q13043,E3|Q9UNE7,E3,Q9UNE7,Q13043,STUB1,STK4,393,1879,enzyme_substrate,1
E3|Q9UNE7|Q13114,E3|Q9UNE7,E3,Q9UNE7,Q13114,STUB1,TRAF3,393,105,enzyme_substrate,1
E3|Q9UNE7|Q13485,E3|Q9UNE7,E3,Q9UNE7,Q13485,STUB1,SMAD4,393,1129,enzyme_substrate,1
E3|Q9UNE7|Q13950,E3|Q9UNE7,E3,Q9UNE7,Q13950,STUB1,RUNX2,393,512,enzyme_substrate,1
E3|Q9UNE7|Q15797,E3|Q9UNE7,E3,Q9UNE7,Q15797,STUB1,SMAD1,393,1652,enzyme_substrate,1
E3|Q9UNE7|Q15831,E3|Q9UNE7,E3,Q9UNE7,Q15831,STUB1,STK11,393,1130,enzyme_substrate,1
E3|Q9UNE7|Q16584,E3|Q9UNE7,E3,Q9UNE7,Q16584,STUB1,MAP3K11,393,1880,enzyme_substrate,1
E3|Q9UNE7|Q16665,E3|Q9UNE7,E3,Q9UNE7,Q16665,STUB1,HIF1A,393,563,enzyme_substrate,1
E3|Q9UNE7|Q5S007,E3|Q9UNE7,E3,Q9UNE7,Q5S007,STUB1,LRRK2,393,1881,enzyme_substrate,1
E3|Q9UNE7|Q6ZWH5,E3|Q9UNE7,E3,Q9UNE7,Q6ZWH5,STUB1,NEK10,393,1882,enzyme_substrate,1
E3|Q9UNE7|Q7Z434,E3|Q9UNE7,E3,Q9UNE7,Q7Z434,STUB1,MAVS,393,1161,enzyme_substrate,1
E3|Q9UNE7|Q86WG3,E3|Q9UNE7,E3,Q9UNE7,Q86WG3,STUB1,ATCAY,393,1883,enzyme_substrate,1
E3|Q9UNE7|Q8IZQ8,E3|Q9UNE7,E3,Q9UNE7,Q8IZQ8,STUB1,MYOCD,393,1884,enzyme_substrate,1
E3|Q9UNE7|Q8N6T7,E3|Q9UNE7,E3,Q9UNE7,Q8N6T7,STUB1,SIRT6,393,1885,enzyme_substrate,1
E3|Q9UNE7|Q8TCG1,E3|Q9UNE7,E3,Q9UNE7,Q8TCG1,STUB1,CIP2A,393,1886,enzyme_substrate,1
E3|Q9UNE7|Q8WY41,E3|Q9UNE7,E3,Q9UNE7,Q8WY41,STUB1,NANOS1,393,1887,enzyme_substrate,1
E3|Q9UNE7|Q92731,E3|Q9UNE7,E3,Q9UNE7,Q92731,STUB1,ESR2,393,1039,enzyme_substrate,1
E3|Q9UNE7|Q96PH1,E3|Q9UNE7,E3,Q9UNE7,Q96PH1,STUB1,NOX5,393,1888,enzyme_substrate,1
E3|Q9UNE7|Q99683,E3|Q9UNE7,E3,Q9UNE7,Q99683,STUB1,MAP3K5,393,1149,enzyme_substrate,1
E3|Q9UNE7|Q99933,E3|Q9UNE7,E3,Q9UNE7,Q99933,STUB1,BAG1,393,567,enzyme_substrate,1
E3|Q9UNE7|Q9BZS1,E3|Q9UNE7,E3,Q9UNE7,Q9BZS1,STUB1,FOXP3,393,1045,enzyme_substrate,1
E3|Q9UNE7|Q9NPJ1,E3|Q9UNE7,E3,Q9UNE7,Q9NPJ1,STUB1,MKKS,393,1889,enzyme_substrate,1
E3|Q9UNE7|Q9UM73,E3|Q9UNE7,E3,Q9UNE7,Q9UM73,STUB1,ALK,393,836,enzyme_substrate,1
E3|Q9UNE7|Q9UNE7,E3|Q9UNE7,E3,Q9UNE7,Q9UNE7,STUB1,STUB1,393,393,enzyme_substrate,1
E3|Q9UNE7|Q9UPR3,E3|Q9UNE7,E3,Q9UNE7,Q9UPR3,STUB1,SMG5,393,1890,enzyme_substrate,1
E3|Q9UNE7|Q9Y2U5,E3|Q9UNE7,E3,Q9UNE7,Q9Y2U5,STUB1,MAP3K2,393,987,enzyme_substrate,1
E3|Q9UNE7|Q9Y4K3,E3|Q9UNE7,E3,Q9UNE7,Q9Y4K3,STUB1,TRAF6,393,407,enzyme_substrate,1
E3|Q9UNE7|Q9Y697,E3|Q9UNE7,E3,Q9UNE7,Q9Y697,STUB1,NFS1,393,1891,enzyme_substrate,1
E3|Q9UNE7|Q9Y6Q9,E3|Q9UNE7,E3,Q9UNE7,Q9Y6Q9,STUB1,NCOA3,393,616,enzyme_substrate,1
E3|Q9UNL4|Q04206,E3|Q9UNL4,E3,Q9UNL4,Q04206,ING4,RELA,394,540,enzyme_substrate,1
E3|Q9UPN9|P35222,E3|Q9UPN9,E3,Q9UPN9,P35222,TRIM33,CTNNB1,395,674,enzyme_substrate,1
E3|Q9UPN9|Q13485,E3|Q9UPN9,E3,Q9UPN9,Q13485,TRIM33,SMAD4,395,1129,enzyme_substrate,1
E3|Q9UPN9|Q9H6R0,E3|Q9UPN9,E3,Q9UPN9,Q9H6R0,TRIM33,DHX33,395,1892,enzyme_substrate,1
E3|Q9UPQ4|Q13114,E3|Q9UPQ4,E3,Q9UPQ4,Q13114,TRIM35,TRAF3,396,105,enzyme_substrate,1
E3|Q9UPQ7|O15146,E3|Q9UPQ7,E3,Q9UPQ7,O15146,PDZRN3,MUSK,397,1893,enzyme_substrate,1
E3|Q9Y252|P10275,E3|Q9Y252,E3,Q9Y252,P10275,RNF6,AR,398,554,enzyme_substrate,1
E3|Q9Y252|P48059,E3|Q9Y252,E3,Q9Y252,P48059,RNF6,LIMS1,398,1894,enzyme_substrate,1
E3|Q9Y252|P53667,E3|Q9Y252,E3,Q9Y252,P53667,RNF6,LIMK1,398,635,enzyme_substrate,1
E3|Q9Y252|P55317,E3|Q9Y252,E3,Q9Y252,P55317,RNF6,FOXA1,398,1895,enzyme_substrate,1
E3|Q9Y252|Q04726,E3|Q9Y252,E3,Q9Y252,Q04726,RNF6,TLE3,398,978,enzyme_substrate,1
E3|Q9Y252|Q05195,E3|Q9Y252,E3,Q9Y252,Q05195,RNF6,MXD1,398,1147,enzyme_substrate,1
E3|Q9Y252|Q15466,E3|Q9Y252,E3,Q9Y252,Q15466,RNF6,NR0B2,398,1034,enzyme_substrate,1
E3|Q9Y297|A0A1B0GVQ0,E3|Q9Y297,E3,Q9Y297,A0A1B0GVQ0,BTRC,SPAAR,399,1896,enzyme_substrate,1
E3|Q9Y297|O00221,E3|Q9Y297,E3,Q9Y297,O00221,BTRC,NFKBIE,399,1107,enzyme_substrate,1
E3|Q9Y297|O00418,E3|Q9Y297,E3,Q9Y297,O00418,BTRC,EEF2K,399,1897,enzyme_substrate,1
E3|Q9Y297|O00444,E3|Q9Y297,E3,Q9Y297,O00444,BTRC,PLK4,399,1802,enzyme_substrate,1
E3|Q9Y297|O14503,E3|Q9Y297,E3,Q9Y297,O14503,BTRC,BHLHE40,399,864,enzyme_substrate,1
E3|Q9Y297|O15055,E3|Q9Y297,E3,Q9Y297,O15055,BTRC,PER2,399,989,enzyme_substrate,1
E3|Q9Y297|O15111,E3|Q9Y297,E3,Q9Y297,O15111,BTRC,CHUK,399,1803,enzyme_substrate,1
E3|Q9Y297|O15534,E3|Q9Y297,E3,Q9Y297,O15534,BTRC,PER1,399,1804,enzyme_substrate,1
E3|Q9Y297|O43521,E3|Q9Y297,E3,Q9Y297,O43521,BTRC,BCL2L11,399,786,enzyme_substrate,1
E3|Q9Y297|O43524,E3|Q9Y297,E3,Q9Y297,O43524,BTRC,FOXO3,399,993,enzyme_substrate,1
E3|Q9Y297|O43734,E3|Q9Y297,E3,Q9Y297,O43734,BTRC,TRAF3IP2,399,21,enzyme_substrate,1
E3|Q9Y297|O60346,E3|Q9Y297,E3,Q9Y297,O60346,BTRC,PHLPP1,399,1377,enzyme_substrate,1
E3|Q9Y297|O75365,E3|Q9Y297,E3,Q9Y297,O75365,BTRC,PTP4A3,399,1898,enzyme_substrate,1
E3|Q9Y297|O95863,E3|Q9Y297,E3,Q9Y297,O95863,BTRC,SNAI1,399,758,enzyme_substrate,1
E3|Q9Y297|O95997,E3|Q9Y297,E3,Q9Y297,O95997,BTRC,PTTG1,399,718,enzyme_substrate,1
E3|Q9Y297|O95999,E3|Q9Y297,E3,Q9Y297,O95999,BTRC,BCL10,399,890,enzyme_substrate,1
E3|Q9Y297|P01106,E3|Q9Y297,E3,Q9Y297,P01106,BTRC,MYC,399,709,enzyme_substrate,1
E3|Q9Y297|P01112,E3|Q9Y297,E3,Q9Y297,P01112,BTRC,HRAS,399,892,enzyme_substrate,1
E3|Q9Y297|P01730,E3|Q9Y297,E3,Q9Y297,P01730,BTRC,CD4,399,498,enzyme_substrate,1
E3|Q9Y297|P02751,E3|Q9Y297,E3,Q9Y297,P02751,BTRC,FN1,399,866,enzyme_substrate,1
E3|Q9Y297|P02786,E3|Q9Y297,E3,Q9Y297,P02786,BTRC,TFRC,399,1188,enzyme_substrate,1
E3|Q9Y297|P04637,E3|Q9Y297,E3,Q9Y297,P04637,BTRC,TP53,399,528,enzyme_substrate,1
E3|Q9Y297|P06493,E3|Q9Y297,E3,Q9Y297,P06493,BTRC,CDK1,399,1899,enzyme_substrate,1
E3|Q9Y297|P08047,E3|Q9Y297,E3,Q9Y297,P08047,BTRC,SP1,399,949,enzyme_substrate,1
E3|Q9Y297|P10070,E3|Q9Y297,E3,Q9Y297,P10070,BTRC,GLI2,399,590,enzyme_substrate,1
E3|Q9Y297|P10071,E3|Q9Y297,E3,Q9Y297,P10071,BTRC,GLI3,399,591,enzyme_substrate,1
E3|Q9Y297|P10912,E3|Q9Y297,E3,Q9Y297,P10912,BTRC,GHR,399,519,enzyme_substrate,1
E3|Q9Y297|P12830,E3|Q9Y297,E3,Q9Y297,P12830,BTRC,CDH1,399,63,enzyme_substrate,1
E3|Q9Y297|P15260,E3|Q9Y297,E3,Q9Y297,P15260,BTRC,IFNGR1,399,957,enzyme_substrate,1
E3|Q9Y297|P16471,E3|Q9Y297,E3,Q9Y297,P16471,BTRC,PRLR,399,1806,enzyme_substrate,1
E3|Q9Y297|P17181,E3|Q9Y297,E3,Q9Y297,P17181,BTRC,IFNAR1,399,1807,enzyme_substrate,1
E3|Q9Y297|P18848,E3|Q9Y297,E3,Q9Y297,P18848,BTRC,ATF4,399,1900,enzyme_substrate,1
E3|Q9Y297|P18887,E3|Q9Y297,E3,Q9Y297,P18887,BTRC,XRCC1,399,1742,enzyme_substrate,1
E3|Q9Y297|P19235,E3|Q9Y297,E3,Q9Y297,P19235,BTRC,EPOR,399,1901,enzyme_substrate,1
E3|Q9Y297|P19838,E3|Q9Y297,E3,Q9Y297,P19838,BTRC,NFKB1,399,1219,enzyme_substrate,1
E3|Q9Y297|P24385,E3|Q9Y297,E3,Q9Y297,P24385,BTRC,CCND1,399,1115,enzyme_substrate,1
E3|Q9Y297|P24864,E3|Q9Y297,E3,Q9Y297,P24864,BTRC,CCNE1,399,593,enzyme_substrate,1
E3|Q9Y297|P25963,E3|Q9Y297,E3,Q9Y297,P25963,BTRC,NFKBIA,399,762,enzyme_substrate,1
E3|Q9Y297|P30291,E3|Q9Y297,E3,Q9Y297,P30291,BTRC,WEE1,399,1596,enzyme_substrate,1
E3|Q9Y297|P30304,E3|Q9Y297,E3,Q9Y297,P30304,BTRC,CDC25A,399,1808,enzyme_substrate,1
E3|Q9Y297|P30305,E3|Q9Y297,E3,Q9Y297,P30305,BTRC,CDC25B,399,1809,enzyme_substrate,1
E3|Q9Y297|P32314,E3|Q9Y297,E3,Q9Y297,P32314,BTRC,FOXN2,399,1902,enzyme_substrate,1
E3|Q9Y297|P35222,E3|Q9Y297,E3,Q9Y297,P35222,BTRC,CTNNB1,399,674,enzyme_substrate,1
E3|Q9Y297|P35226,E3|Q9Y297,E3,Q9Y297,P35226,BTRC,BMI1,399,72,enzyme_substrate,1
E3|Q9Y297|P35968,E3|Q9Y297,E3,Q9Y297,P35968,BTRC,KDR,399,818,enzyme_substrate,1
E3|Q9Y297|P42224,E3|Q9Y297,E3,Q9Y297,P42224,BTRC,STAT1,399,680,enzyme_substrate,1
E3|Q9Y297|P42574,E3|Q9Y297,E3,Q9Y297,P42574,BTRC,CASP3,399,971,enzyme_substrate,1
E3|Q9Y297|P46937,E3|Q9Y297,E3,Q9Y297,P46937,BTRC,YAP1,399,632,enzyme_substrate,1
E3|Q9Y297|P49841,E3|Q9Y297,E3,Q9Y297,P49841,BTRC,GSK3B,399,1647,enzyme_substrate,1
E3|Q9Y297|P50539,E3|Q9Y297,E3,Q9Y297,P50539,BTRC,MXI1,399,1618,enzyme_substrate,1
E3|Q9Y297|P50579,E3|Q9Y297,E3,Q9Y297,P50579,BTRC,METAP2,399,1903,enzyme_substrate,1
E3|Q9Y297|P51617,E3|Q9Y297,E3,Q9Y297,P51617,BTRC,IRAK1,399,83,enzyme_substrate,1
E3|Q9Y297|P53805,E3|Q9Y297,E3,Q9Y297,P53805,BTRC,RCAN1,399,1450,enzyme_substrate,1
E3|Q9Y297|P54274,E3|Q9Y297,E3,Q9Y297,P54274,BTRC,TERF1,399,1751,enzyme_substrate,1
E3|Q9Y297|P55036,E3|Q9Y297,E3,Q9Y297,P55036,BTRC,PSMD4,399,559,enzyme_substrate,1
E3|Q9Y297|P62324,E3|Q9Y297,E3,Q9Y297,P62324,BTRC,BTG1,399,1904,enzyme_substrate,1
E3|Q9Y297|P78543,E3|Q9Y297,E3,Q9Y297,P78543,BTRC,BTG2,399,1125,enzyme_substrate,1
E3|Q9Y297|P78545,E3|Q9Y297,E3,Q9Y297,P78545,BTRC,ELF3,399,1905,enzyme_substrate,1
E3|Q9Y297|P84022,E3|Q9Y297,E3,Q9Y297,P84022,BTRC,SMAD3,399,510,enzyme_substrate,1
E3|Q9Y297|P98174,E3|Q9Y297,E3,Q9Y297,P98174,BTRC,FGD1,399,1126,enzyme_substrate,1
E3|Q9Y297|Q00613,E3|Q9Y297,E3,Q9Y297,Q00613,BTRC,HSF1,399,1451,enzyme_substrate,1
E3|Q9Y297|Q00653,E3|Q9Y297,E3,Q9Y297,Q00653,BTRC,NFKB2,399,1452,enzyme_substrate,1
E3|Q9Y297|Q00987,E3|Q9Y297,E3,Q9Y297,Q00987,BTRC,MDM2,399,94,enzyme_substrate,1
E3|Q9Y297|Q01664,E3|Q9Y297,E3,Q9Y297,Q01664,BTRC,TFAP4,399,1906,enzyme_substrate,1
E3|Q9Y297|Q07820,E3|Q9Y297,E3,Q9Y297,Q07820,BTRC,MCL1,399,1070,enzyme_substrate,1
E3|Q9Y297|Q10589,E3|Q9Y297,E3,Q9Y297,Q10589,BTRC,BST2,399,961,enzyme_substrate,1
E3|Q9Y297|Q12959,E3|Q9Y297,E3,Q9Y297,Q12959,BTRC,DLG1,399,735,enzyme_substrate,1
E3|Q9Y297|Q13009,E3|Q9Y297,E3,Q9Y297,Q13009,BTRC,TIAM1,399,1907,enzyme_substrate,1
E3|Q9Y297|Q13127,E3|Q9Y297,E3,Q9Y297,Q13127,BTRC,REST,399,1810,enzyme_substrate,1
E3|Q9Y297|Q13485,E3|Q9Y297,E3,Q9Y297,Q13485,BTRC,SMAD4,399,1129,enzyme_substrate,1
E3|Q9Y297|Q13563,E3|Q9Y297,E3,Q9Y297,Q13563,BTRC,PKD2,399,1908,enzyme_substrate,1
E3|Q9Y297|Q13651,E3|Q9Y297,E3,Q9Y297,Q13651,BTRC,IL10RA,399,1909,enzyme_substrate,1
E3|Q9Y297|Q14103,E3|Q9Y297,E3,Q9Y297,Q14103,BTRC,HNRNPD,399,873,enzyme_substrate,1
E3|Q9Y297|Q14247,E3|Q9Y297,E3,Q9Y297,Q14247,BTRC,CTTN,399,754,enzyme_substrate,1
E3|Q9Y297|Q14494,E3|Q9Y297,E3,Q9Y297,Q14494,BTRC,NFE2L1,399,1455,enzyme_substrate,1
E3|Q9Y297|Q15653,E3|Q9Y297,E3,Q9Y297,Q15653,BTRC,NFKBIB,399,726,enzyme_substrate,1
E3|Q9Y297|Q15672,E3|Q9Y297,E3,Q9Y297,Q15672,BTRC,TWIST1,399,759,enzyme_substrate,1
E3|Q9Y297|Q15717,E3|Q9Y297,E3,Q9Y297,Q15717,BTRC,ELAVL1,399,1557,enzyme_substrate,1
E3|Q9Y297|Q16236,E3|Q9Y297,E3,Q9Y297,Q16236,BTRC,NFE2L2,399,944,enzyme_substrate,1
E3|Q9Y297|Q16635,E3|Q9Y297,E3,Q9Y297,Q16635,BTRC,TAZ,399,1910,enzyme_substrate,1
E3|Q9Y297|Q16656,E3|Q9Y297,E3,Q9Y297,Q16656,BTRC,NRF1,399,562,enzyme_substrate,1
E3|Q9Y297|Q16875,E3|Q9Y297,E3,Q9Y297,Q16875,BTRC,PFKFB3,399,1845,enzyme_substrate,1
E3|Q9Y297|Q53EL6,E3|Q9Y297,E3,Q9Y297,Q53EL6,BTRC,PDCD4,399,1131,enzyme_substrate,1
E3|Q9Y297|Q5JSP0,E3|Q9Y297,E3,Q9Y297,Q5JSP0,BTRC,FGD3,399,1911,enzyme_substrate,1
E3|Q9Y297|Q6PGQ7,E3|Q9Y297,E3,Q9Y297,Q6PGQ7,BTRC,BORA,399,1132,enzyme_substrate,1
E3|Q9Y297|Q76N32,E3|Q9Y297,E3,Q9Y297,Q76N32,BTRC,CEP68,399,1811,enzyme_substrate,1
E3|Q9Y297|Q86T82,E3|Q9Y297,E3,Q9Y297,Q86T82,BTRC,USP37,399,459,enzyme_substrate,1
E3|Q9Y297|Q8IYD8,E3|Q9Y297,E3,Q9Y297,Q8IYD8,BTRC,FANCM,399,1812,enzyme_substrate,1
E3|Q9Y297|Q8N668,E3|Q9Y297,E3,Q9Y297,Q8N668,BTRC,COMMD1,399,983,enzyme_substrate,1
E3|Q9Y297|Q8N907,E3|Q9Y297,E3,Q9Y297,Q8N907,BTRC,DAND5,399,953,enzyme_substrate,1
E3|Q9Y297|Q8NF37,E3|Q9Y297,E3,Q9Y297,Q8NF37,BTRC,LPCAT1,399,1912,enzyme_substrate,1
E3|Q9Y297|Q8TB45,E3|Q9Y297,E3,Q9Y297,Q8TB45,BTRC,DEPTOR,399,764,enzyme_substrate,1
E3|Q9Y297|Q8TDM6,E3|Q9Y297,E3,Q9Y297,Q8TDM6,BTRC,DLG5,399,1913,enzyme_substrate,1
E3|Q9Y297|Q92519,E3|Q9Y297,E3,Q9Y297,Q92519,BTRC,TRIB2,399,1702,enzyme_substrate,1
E3|Q9Y297|Q92538,E3|Q9Y297,E3,Q9Y297,Q92538,BTRC,GBF1,399,1914,enzyme_substrate,1
E3|Q9Y297|Q92539,E3|Q9Y297,E3,Q9Y297,Q92539,BTRC,LPIN2,399,1915,enzyme_substrate,1
E3|Q9Y297|Q96K76,E3|Q9Y297,E3,Q9Y297,Q96K76,BTRC,USP47,399,475,enzyme_substrate,1
E3|Q9Y297|Q96T88,E3|Q9Y297,E3,Q9Y297,Q96T88,BTRC,UHRF1,399,283,enzyme_substrate,1
E3|Q9Y297|Q9BZB8,E3|Q9Y297,E3,Q9Y297,Q9BZB8,BTRC,CPEB1,399,1916,enzyme_substrate,1
E3|Q9Y297|Q9GZV5,E3|Q9Y297,E3,Q9Y297,Q9GZV5,BTRC,WWTR1,399,1917,enzyme_substrate,1
E3|Q9Y297|Q9HAW4,E3|Q9Y297,E3,Q9Y297,Q9HAW4,BTRC,CLSPN,399,863,enzyme_substrate,1
E3|Q9Y297|Q9NS23,E3|Q9Y297,E3,Q9Y297,Q9NS23,BTRC,RASSF1,399,1073,enzyme_substrate,1
E3|Q9Y297|Q9NS37,E3|Q9Y297,E3,Q9Y297,Q9NS37,BTRC,CREBZF,399,1918,enzyme_substrate,1
E3|Q9Y297|Q9NX09,E3|Q9Y297,E3,Q9Y297,Q9NX09,BTRC,DDIT4,399,660,enzyme_substrate,1
E3|Q9Y297|Q9NYP9,E3|Q9Y297,E3,Q9Y297,Q9NYP9,BTRC,MIS18A,399,1919,enzyme_substrate,1
E3|Q9Y297|Q9P0N9,E3|Q9Y297,E3,Q9Y297,Q9P0N9,BTRC,TBC1D7,399,1920,enzyme_substrate,1
E3|Q9Y297|Q9UKB1,E3|Q9Y297,E3,Q9Y297,Q9UKB1,BTRC,FBXW11,399,382,enzyme_substrate,1
E3|Q9Y297|Q9UKT4,E3|Q9Y297,E3,Q9Y297,Q9UKT4,BTRC,FBXO5,399,1814,enzyme_substrate,1
E3|Q9Y297|Q9ULT6,E3|Q9Y297,E3,Q9Y297,Q9ULT6,BTRC,ZNRF3,399,1921,enzyme_substrate,1
E3|Q9Y297|Q9UM11,E3|Q9Y297,E3,Q9Y297,Q9UM11,BTRC,FZR1,399,391,enzyme_substrate,1
E3|Q9Y2E6|Q9UHD2,E3|Q9Y2E6,E3,Q9Y2E6,Q9UHD2,DTX4,TBK1,400,767,enzyme_substrate,1
E3|Q9Y2K7|Q16875,E3|Q9Y2K7,E3,Q9Y2K7,Q16875,KDM2A,PFKFB3,401,1845,enzyme_substrate,1
E3|Q9Y2M5|O15085,E3|Q9Y2M5,E3,Q9Y2M5,O15085,KLHL20,ARHGEF11,402,1922,enzyme_substrate,1
E3|Q9Y2M5|O75385,E3|Q9Y2M5,E3,Q9Y2M5,O75385,KLHL20,ULK1,402,1094,enzyme_substrate,1
E3|Q9Y2M5|P29590,E3|Q9Y2M5,E3,Q9Y2M5,P29590,KLHL20,PML,402,71,enzyme_substrate,1
E3|Q9Y2M5|P53355,E3|Q9Y2M5,E3,Q9Y2M5,P53355,KLHL20,DAPK1,402,1328,enzyme_substrate,1
E3|Q9Y2M5|P57737,E3|Q9Y2M5,E3,Q9Y2M5,P57737,KLHL20,CORO7,402,1923,enzyme_substrate,1
E3|Q9Y2M5|Q14457,E3|Q9Y2M5,E3,Q9Y2M5,Q14457,KLHL20,BECN1,402,681,enzyme_substrate,1
E3|Q9Y2M5|Q8NEB9,E3|Q9Y2M5,E3,Q9Y2M5,Q8NEB9,KLHL20,PIK3C3,402,1170,enzyme_substrate,1
E3|Q9Y314|P19235,E3|Q9Y314,E3,Q9Y314,P19235,NOSIP,EPOR,403,1901,enzyme_substrate,1
E3|Q9Y314|P67775,E3|Q9Y314,E3,Q9Y314,P67775,NOSIP,PPP2CA,403,534,enzyme_substrate,1
E3|Q9Y3C5|Q9HAU4,E3|Q9Y3C5,E3,Q9Y3C5,Q9HAU4,RNF11,SMURF2,404,327,enzyme_substrate,1
E3|Q9Y3C5|Q9Y3C5,E3|Q9Y3C5,E3,Q9Y3C5,Q9Y3C5,RNF11,RNF11,404,404,enzyme_substrate,1
E3|Q9Y3I1|P16150,E3|Q9Y3I1,E3,Q9Y3I1,P16150,FBXO7,SPN,405,1924,enzyme_substrate,1
E3|Q9Y3I1|Q12933,E3|Q9Y3I1,E3,Q9Y3I1,Q12933,FBXO7,TRAF2,405,101,enzyme_substrate,1
E3|Q9Y3I1|Q13490,E3|Q9Y3I1,E3,Q9Y3I1,Q13490,FBXO7,BIRC2,405,113,enzyme_substrate,1
E3|Q9Y3I1|Q15398,E3|Q9Y3I1,E3,Q9Y3I1,Q15398,FBXO7,DLGAP5,405,1925,enzyme_substrate,1
E3|Q9Y3I1|Q96SW2,E3|Q9Y3I1,E3,Q9Y3I1,Q96SW2,FBXO7,CRBN,405,282,enzyme_substrate,1
E3|Q9Y4B6|O14746,E3|Q9Y4B6,E3,Q9Y4B6,O14746,DCAF1,TERT,406,988,enzyme_substrate,1
E3|Q9Y4B6|O75449,E3|Q9Y4B6,E3,Q9Y4B6,O75449,DCAF1,KATNA1,406,1926,enzyme_substrate,1
E3|Q9Y4B6|O95835,E3|Q9Y4B6,E3,Q9Y4B6,O95835,DCAF1,LATS1,406,52,enzyme_substrate,1
E3|Q9Y4B6|P13051,E3|Q9Y4B6,E3,Q9Y4B6,P13051,DCAF1,UNG,406,1927,enzyme_substrate,1
E3|Q9Y4B6|P30153,E3|Q9Y4B6,E3,Q9Y4B6,P30153,DCAF1,PPP2R1A,406,1381,enzyme_substrate,1
E3|Q9Y4B6|P35240,E3|Q9Y4B6,E3,Q9Y4B6,P35240,VPRBP,NF2,406,856,enzyme_substrate,1
E3|Q9Y4B6|Q7L590,E3|Q9Y4B6,E3,Q9Y4B6,Q7L590,DCAF1,MCM10,406,1928,enzyme_substrate,1
E3|Q9Y4B6|Q8IXI2,E3|Q9Y4B6,E3,Q9Y4B6,Q8IXI2,VPRBP,PPP2R1A,406,648,enzyme_substrate,1
E3|Q9Y4B6|Q9NRM7,E3|Q9Y4B6,E3,Q9Y4B6,Q9NRM7,DCAF1,LATS2,406,572,enzyme_substrate,1
E3|Q9Y4B6|Q9Y3Z3,E3|Q9Y4B6,E3,Q9Y4B6,Q9Y3Z3,DCAF1,SAMHD1,406,1929,enzyme_substrate,1
E3|Q9Y4K3|O43318,E3|Q9Y4K3,E3,Q9Y4K3,O43318,TRAF6,MAP3K7,407,966,enzyme_substrate,1
E3|Q9Y4K3|O43353,E3|Q9Y4K3,E3,Q9Y4K3,O43353,TRAF6,RIPK2,407,967,enzyme_substrate,1
E3|Q9Y4K3|O43561,E3|Q9Y4K3,E3,Q9Y4K3,O43561,TRAF6,LAT,407,1930,enzyme_substrate,1
E3|Q9Y4K3|P04629,E3|Q9Y4K3,E3,Q9Y4K3,P04629,TRAF6,NTRK1,407,895,enzyme_substrate,1
E3|Q9Y4K3|P08138,E3|Q9Y4K3,E3,Q9Y4K3,P08138,TRAF6,NGFR,407,799,enzyme_substrate,1
E3|Q9Y4K3|P26927,E3|Q9Y4K3,E3,Q9Y4K3,P26927,TRAF6,MST1,407,1931,enzyme_substrate,1
E3|Q9Y4K3|P31749,E3|Q9Y4K3,E3,Q9Y4K3,P31749,TRAF6,AKT1,407,671,enzyme_substrate,1
E3|Q9Y4K3|P31751,E3|Q9Y4K3,E3,Q9Y4K3,P31751,TRAF6,AKT2,407,672,enzyme_substrate,1
E3|Q9Y4K3|P34932,E3|Q9Y4K3,E3,Q9Y4K3,P34932,TRAF6,HSPA4,407,1872,enzyme_substrate,1
E3|Q9Y4K3|P35222,E3|Q9Y4K3,E3,Q9Y4K3,P35222,TRAF6,CTNNB1,407,674,enzyme_substrate,1
E3|Q9Y4K3|P36897,E3|Q9Y4K3,E3,Q9Y4K3,P36897,TRAF6,TGFBR1,407,869,enzyme_substrate,1
E3|Q9Y4K3|P37840,E3|Q9Y4K3,E3,Q9Y4K3,P37840,TRAF6,SNCA,407,556,enzyme_substrate,1
E3|Q9Y4K3|P42226,E3|Q9Y4K3,E3,Q9Y4K3,P42226,TRAF6,STAT6,407,1932,enzyme_substrate,1
E3|Q9Y4K3|P42336,E3|Q9Y4K3,E3,Q9Y4K3,P42336,TRAF6,PIK3CA,407,1933,enzyme_substrate,1
E3|Q9Y4K3|P42345,E3|Q9Y4K3,E3,Q9Y4K3,P42345,TRAF6,MTOR,407,821,enzyme_substrate,1
E3|Q9Y4K3|P49116,E3|Q9Y4K3,E3,Q9Y4K3,P49116,TRAF6,NR2C2,407,1934,enzyme_substrate,1
E3|Q9Y4K3|P49768,E3|Q9Y4K3,E3,Q9Y4K3,P49768,TRAF6,PSEN1,407,1448,enzyme_substrate,1
E3|Q9Y4K3|P51530,E3|Q9Y4K3,E3,Q9Y4K3,P51530,TRAF6,DNA2,407,1935,enzyme_substrate,1
E3|Q9Y4K3|P51617,E3|Q9Y4K3,E3,Q9Y4K3,P51617,TRAF6,IRAK1,407,83,enzyme_substrate,1
E3|Q9Y4K3|P52789,E3|Q9Y4K3,E3,Q9Y4K3,P52789,TRAF6,HK2,407,1277,enzyme_substrate,1
E3|Q9Y4K3|Q08380,E3|Q9Y4K3,E3,Q9Y4K3,Q08380,TRAF6,LGALS3BP,407,1936,enzyme_substrate,1
E3|Q9Y4K3|Q13352,E3|Q9Y4K3,E3,Q9Y4K3,Q13352,TRAF6,ITGB3BP,407,1937,enzyme_substrate,1
E3|Q9Y4K3|Q13568,E3|Q9Y4K3,E3,Q9Y4K3,Q13568,TRAF6,IRF5,407,1938,enzyme_substrate,1
E3|Q9Y4K3|Q14192,E3|Q9Y4K3,E3,Q9Y4K3,Q14192,TRAF6,FHL2,407,1939,enzyme_substrate,1
E3|Q9Y4K3|Q14457,E3|Q9Y4K3,E3,Q9Y4K3,Q14457,TRAF6,BECN1,407,681,enzyme_substrate,1
E3|Q9Y4K3|Q16584,E3|Q9Y4K3,E3,Q9Y4K3,Q16584,TRAF6,MAP3K11,407,1880,enzyme_substrate,1
E3|Q9Y4K3|Q8IUC6,E3|Q9Y4K3,E3,Q9Y4K3,Q8IUC6,TRAF6,TICAM1,407,513,enzyme_substrate,1
E3|Q9Y4K3|Q92985,E3|Q9Y4K3,E3,Q9Y4K3,Q92985,TRAF6,IRF7,407,781,enzyme_substrate,1
E3|Q9Y4K3|Q99497,E3|Q9Y4K3,E3,Q9Y4K3,Q99497,TRAF6,PARK7,407,652,enzyme_substrate,1
E3|Q9Y4K3|Q99538,E3|Q9Y4K3,E3,Q9Y4K3,Q99538,TRAF6,LGMN,407,1940,enzyme_substrate,1
E3|Q9Y4K3|Q9BQ95,E3|Q9Y4K3,E3,Q9Y4K3,Q9BQ95,TRAF6,ECSIT,407,1941,enzyme_substrate,1
E3|Q9Y4K3|Q9BVN2,E3|Q9Y4K3,E3,Q9Y4K3,Q9BVN2,TRAF6,RUSC1,407,1942,enzyme_substrate,1
E3|Q9Y4K3|Q9BXM7,E3|Q9Y4K3,E3,Q9Y4K3,Q9BXM7,TRAF6,PINK1,407,297,enzyme_substrate,1
E3|Q9Y4K3|Q9GZQ8,E3|Q9Y4K3,E3,Q9Y4K3,Q9GZQ8,TRAF6,MAP1LC3B,407,876,enzyme_substrate,1
E3|Q9Y4K3|Q9UDY8,E3|Q9Y4K3,E3,Q9Y4K3,Q9UDY8,TRAF6,MALT1,407,367,enzyme_substrate,1
E3|Q9Y4K3|Q9Y4K3,E3|Q9Y4K3,E3,Q9Y4K3,Q9Y4K3,TRAF6,TRAF6,407,407,enzyme_substrate,1
E3|Q9Y4K3|Q9Y6K9,E3|Q9Y4K3,E3,Q9Y4K3,Q9Y6K9,TRAF6,IKBKG,407,663,enzyme_substrate,1
E3|Q9Y4L5|P00533,E3|Q9Y4L5,E3,Q9Y4L5,P00533,RNF115,EGFR,408,679,enzyme_substrate,1
E3|Q9Y4L5|P08581,E3|Q9Y4L5,E3,Q9Y4L5,P08581,RNF115,MET,408,800,enzyme_substrate,1
E3|Q9Y4L5|P36888,E3|Q9Y4L5,E3,Q9Y4L5,P36888,RNF115,FLT3,408,1336,enzyme_substrate,1
E3|Q9Y4L5|P61073,E3|Q9Y4L5,E3,Q9Y4L5,P61073,RNF115,CXCR4,408,1534,enzyme_substrate,1
E3|Q9Y4L5|Q7Z434,E3|Q9Y4L5,E3,Q9Y4L5,Q7Z434,RNF115,MAVS,408,1161,enzyme_substrate,1
E3|Q9Y4L5|Q9Y4L5,E3|Q9Y4L5,E3,Q9Y4L5,Q9Y4L5,RNF115,RNF115,408,408,enzyme_substrate,1
E3|Q9Y4X5|O60573,E3|Q9Y4X5,E3,Q9Y4X5,O60573,ARIH1,EIF4E2,409,1943,enzyme_substrate,1
E3|Q9Y4X5|Q14190,E3|Q9Y4X5,E3,Q9Y4X5,Q14190,ARIH1,SIM2,409,641,enzyme_substrate,1
E3|Q9Y574|Q02363,E3|Q9Y574,E3,Q9Y574,Q02363,ASB4,ID2,410,1842,enzyme_substrate,1
E3|Q9Y575|P20333,E3|Q9Y575,E3,Q9Y575,P20333,ASB3,TNFRSF1B,411,1645,enzyme_substrate,1
E3|Q9Y577|Q07820,E3|Q9Y577,E3,Q9Y577,Q07820,TRIM17,MCL1,412,1070,enzyme_substrate,1
E3|Q9Y577|Q14653,E3|Q9Y577,E3,Q9Y577,Q14653,TRIM17,IRF3,412,503,enzyme_substrate,1
E3|Q9Y577|Q9Y577,E3|Q9Y577,E3,Q9Y577,Q9Y577,TRIM17,TRIM17,412,412,enzyme_substrate,1
E3|Q9Y577|Q9Y5A6,E3|Q9Y577,E3,Q9Y577,Q9Y5A6,TRIM17,ZSCAN21,412,1428,enzyme_substrate,1
E3|Q9Y6I7|Q92813,E3|Q9Y6I7,E3,Q9Y6I7,Q92813,WSB1,DIO2,413,666,enzyme_substrate,1
E3|Q9Y6I7|Q9H2X6,E3|Q9Y6I7,E3,Q9Y6I7,Q9H2X6,WSB1,HIPK2,413,610,enzyme_substrate,1
DUB|A6NNY8|O43521,DUB|A6NNY8,DUB,A6NNY8,O43521,USP27X,BCL2L11,414,786,enzyme_substrate,1
DUB|A6NNY8|O95786,DUB|A6NNY8,DUB,A6NNY8,O95786,USP27X,DDX58,414,51,enzyme_substrate,1
DUB|A6NNY8|O95863,DUB|A6NNY8,DUB,A6NNY8,O95863,USP27X,SNAI1,414,758,enzyme_substrate,1
DUB|A6NNY8|P62807,DUB|A6NNY8,DUB,A6NNY8,P62807,USP27X,HIST1H2BI,414,1217,enzyme_substrate,1
DUB|A6NNY8|Q14469,DUB|A6NNY8,DUB,A6NNY8,Q14469,USP27X,HES1,414,1944,enzyme_substrate,1
DUB|O00487|O95863,DUB|O00487,DUB,O00487,O95863,PSMD14,SNAI1,415,758,enzyme_substrate,1
DUB|O00487|P01584,DUB|O00487,DUB,O00487,P01584,PSMD14,IL1B,415,1945,enzyme_substrate,1
DUB|O00487|P04626,DUB|O00487,DUB,O00487,P04626,PSMD14,ERBB2,415,792,enzyme_substrate,1
DUB|O00487|P62993,DUB|O00487,DUB,O00487,P62993,PSMD14,GRB2,415,1261,enzyme_substrate,1
DUB|O00487|Q01860,DUB|O00487,DUB,O00487,Q01860,PSMD14,POU5F1,415,511,enzyme_substrate,1
DUB|O00487|Q04771,DUB|O00487,DUB,O00487,Q04771,PSMD14,ACVR1,415,1681,enzyme_substrate,1
DUB|O00507|Q13485,DUB|O00507,DUB,O00507,Q13485,USP9Y,SMAD4,416,1129,enzyme_substrate,1
DUB|O15372|O95863,DUB|O15372,DUB,O15372,O95863,EIF3H,SNAI1,417,758,enzyme_substrate,1
DUB|O75317|O60346,DUB|O75317,DUB,O75317,O60346,USP12,PHLPP1,418,1377,enzyme_substrate,1
DUB|O75317|P0C0S8,DUB|O75317,DUB,O75317,P0C0S8,USP12,HIST1H2AM,418,691,enzyme_substrate,1
DUB|O75317|P10275,DUB|O75317,DUB,O75317,P10275,USP12,AR,418,554,enzyme_substrate,1
DUB|O75317|P62807,DUB|O75317,DUB,O75317,P62807,USP12,HIST1H2BI,418,1217,enzyme_substrate,1
DUB|O75317|Q00987,DUB|O75317,DUB,O75317,Q00987,USP12,MDM2,418,94,enzyme_substrate,1
DUB|O75317|Q16777,DUB|O75317,DUB,O75317,Q16777,USP12,HIST2H2AC,418,696,enzyme_substrate,1
DUB|O75317|Q16778,DUB|O75317,DUB,O75317,Q16778,USP12,HIST2H2BE,418,676,enzyme_substrate,1
DUB|O75317|Q6ZVD8,DUB|O75317,DUB,O75317,Q6ZVD8,USP12,PHLPP2,418,1946,enzyme_substrate,1
DUB|O75604|O14965,DUB|O75604,DUB,O75604,O14965,USP2,AURKA,419,11,enzyme_substrate,1
DUB|O75604|O15151,DUB|O75604,DUB,O75604,O15151,USP2,MDM4,419,12,enzyme_substrate,1
DUB|O75604|O15534,DUB|O75604,DUB,O75604,O15534,USP2,PER1,419,1804,enzyme_substrate,1
DUB|O75604|P08253,DUB|O75604,DUB,O75604,P08253,USP2,MMP2,419,1947,enzyme_substrate,1
DUB|O75604|P24385,DUB|O75604,DUB,O75604,P24385,USP2,CCND1,419,1115,enzyme_substrate,1
DUB|O75604|P25445,DUB|O75604,DUB,O75604,P25445,USP2,FAS,419,1948,enzyme_substrate,1
DUB|O75604|P37088,DUB|O75604,DUB,O75604,P37088,USP2,SCNN1A,419,1568,enzyme_substrate,1
DUB|O75604|P49327,DUB|O75604,DUB,O75604,P49327,USP2,FASN,419,596,enzyme_substrate,1
DUB|O75604|P51168,DUB|O75604,DUB,O75604,P51168,USP2,SCNN1B,419,905,enzyme_substrate,1
DUB|O75604|P51170,DUB|O75604,DUB,O75604,P51170,USP2,SCNN1G,419,906,enzyme_substrate,1
DUB|O75604|Q00987,DUB|O75604,DUB,O75604,Q00987,USP2,MDM2,419,94,enzyme_substrate,1
DUB|O75604|Q03431,DUB|O75604,DUB,O75604,Q03431,USP2,PTH1R,419,1949,enzyme_substrate,1
DUB|O75604|Q12933,DUB|O75604,DUB,O75604,Q12933,USP2,TRAF2,419,101,enzyme_substrate,1
DUB|O75604|Q13546,DUB|O75604,DUB,O75604,Q13546,USP2,RIPK1,419,783,enzyme_substrate,1
DUB|O75604|Q16526,DUB|O75604,DUB,O75604,Q16526,USP2,CRY1,419,1771,enzyme_substrate,1
DUB|O75604|Q96EB6,DUB|O75604,DUB,O75604,Q96EB6,USP2,SIRT1,419,1397,enzyme_substrate,1
DUB|O75604|Q9H5J4,DUB|O75604,DUB,O75604,Q9H5J4,USP2,ELOVL6,419,1950,enzyme_substrate,1
DUB|O94782|O60346,DUB|O94782,DUB,O94782,O60346,USP1,PHLPP1,420,1377,enzyme_substrate,1
DUB|O94782|O75385,DUB|O94782,DUB,O94782,O75385,USP1,ULK1,420,1094,enzyme_substrate,1
DUB|O94782|O95863,DUB|O94782,DUB,O94782,O95863,USP1,SNAI1,420,758,enzyme_substrate,1
DUB|O94782|P03372,DUB|O94782,DUB,O94782,P03372,USP1,ESR1,420,586,enzyme_substrate,1
DUB|O94782|P10914,DUB|O94782,DUB,O94782,P10914,USP1,IRF1,420,1004,enzyme_substrate,1
DUB|O94782|P12004,DUB|O94782,DUB,O94782,P12004,USP1,PCNA,420,692,enzyme_substrate,1
DUB|O94782|P41134,DUB|O94782,DUB,O94782,P41134,USP1,ID1,420,1646,enzyme_substrate,1
DUB|O94782|P62249,DUB|O94782,DUB,O94782,P62249,USP1,RPS16,420,1951,enzyme_substrate,1
DUB|O94782|Q02363,DUB|O94782,DUB,O94782,Q02363,USP1,ID2,420,1842,enzyme_substrate,1
DUB|O94782|Q02535,DUB|O94782,DUB,O94782,Q02535,USP1,ID3,420,1650,enzyme_substrate,1
DUB|O94782|Q16635,DUB|O94782,DUB,O94782,Q16635,USP1,TAZ,420,1910,enzyme_substrate,1
DUB|O94782|Q9BXW9,DUB|O94782,DUB,O94782,Q9BXW9,USP1,FANCD2,420,862,enzyme_substrate,1
DUB|O94782|Q9BZK7,DUB|O94782,DUB,O94782,Q9BZK7,USP1,TBL1XR1,420,1952,enzyme_substrate,1
DUB|O94782|Q9NVI1,DUB|O94782,DUB,O94782,Q9NVI1,USP1,FANCI,420,1756,enzyme_substrate,1
DUB|O94966|O60337,DUB|O94966,DUB,O94966,O60337,USP19,MARCHF6,421,25,enzyme_substrate,1
DUB|O94966|O75581,DUB|O94966,DUB,O94966,O75581,USP19,LRP6,421,1528,enzyme_substrate,1
DUB|O94966|P04150,DUB|O94966,DUB,O94966,P04150,USP19,NR3C1,421,1001,enzyme_substrate,1
DUB|O94966|Q01844,DUB|O94966,DUB,O94966,Q01844,USP19,EWSR1,421,1953,enzyme_substrate,1
DUB|O94966|Q13114,DUB|O94966,DUB,O94966,Q13114,USP19,TRAF3,421,105,enzyme_substrate,1
DUB|O94966|Q13489,DUB|O94966,DUB,O94966,Q13489,USP19,BIRC3,421,112,enzyme_substrate,1
DUB|O94966|Q13490,DUB|O94966,DUB,O94966,Q13490,USP19,BIRC2,421,113,enzyme_substrate,1
DUB|O94966|Q13547,DUB|O94966,DUB,O94966,Q13547,USP19,HDAC1,421,1230,enzyme_substrate,1
DUB|O94966|Q14457,DUB|O94966,DUB,O94966,Q14457,USP19,BECN1,421,681,enzyme_substrate,1
DUB|O94966|Q5XPI4,DUB|O94966,DUB,O94966,Q5XPI4,USP19,RNF123,421,142,enzyme_substrate,1
DUB|O94966|Q86TM6,DUB|O94966,DUB,O94966,Q86TM6,USP19,SYVN1,421,178,enzyme_substrate,1
DUB|O94966|Q8IVP5,DUB|O94966,DUB,O94966,Q8IVP5,USP19,FUNDC1,421,1954,enzyme_substrate,1
DUB|O94966|Q92769,DUB|O94966,DUB,O94966,Q92769,USP19,HDAC2,421,1283,enzyme_substrate,1
DUB|O94966|Q92828,DUB|O94966,DUB,O94966,Q92828,USP19,CORO2A,421,1955,enzyme_substrate,1
DUB|O94966|Q9Y6Q9,DUB|O94966,DUB,O94966,Q9Y6Q9,USP19,NCOA3,421,616,enzyme_substrate,1
DUB|O95630|P00533,DUB|O95630,DUB,O95630,P00533,STAMBP,EGFR,49,679,enzyme_substrate,1
DUB|O95630|P17302,DUB|O95630,DUB,O95630,P17302,STAMBP,GJA1,49,897,enzyme_substrate,1
DUB|O95630|P55085,DUB|O95630,DUB,O95630,P55085,STAMBP,F2RL1,49,828,enzyme_substrate,1
DUB|P09936|P04637,DUB|P09936,DUB,P09936,P04637,UCHL1,TP53,58,528,enzyme_substrate,1
DUB|P09936|P05231,DUB|P09936,DUB,P09936,P05231,UCHL1,IL6,58,1956,enzyme_substrate,1
DUB|P09936|P09936,DUB|P09936,DUB,P09936,P09936,UCHL1,UCHL1,58,58,enzyme_substrate,1
DUB|P09936|P10145,DUB|P09936,DUB,P09936,P10145,UCHL1,CXCL8,58,1957,enzyme_substrate,1
DUB|P09936|P10636,DUB|P09936,DUB,P09936,P10636,UCHL1,MAPT,58,1298,enzyme_substrate,1
DUB|P09936|P19838,DUB|P09936,DUB,P09936,P19838,UCHL1,NFKB1,58,1219,enzyme_substrate,1
DUB|P09936|P25963,DUB|P09936,DUB,P09936,P25963,UCHL1,NFKBIA,58,762,enzyme_substrate,1
DUB|P09936|P36897,DUB|P09936,DUB,P09936,P36897,UCHL1,TGFBR1,58,869,enzyme_substrate,1
DUB|P09936|P37840,DUB|P09936,DUB,P09936,P37840,UCHL1,SNCA,58,556,enzyme_substrate,1
DUB|P09936|P84022,DUB|P09936,DUB,P09936,P84022,UCHL1,SMAD3,58,510,enzyme_substrate,1
DUB|P09936|Q15796,DUB|P09936,DUB,P09936,Q15796,UCHL1,SMAD2,58,1253,enzyme_substrate,1
DUB|P09936|Q16620,DUB|P09936,DUB,P09936,Q16620,UCHL1,NTRK2,58,1574,enzyme_substrate,1
DUB|P09936|Q16665,DUB|P09936,DUB,P09936,Q16665,UCHL1,HIF1A,58,563,enzyme_substrate,1
DUB|P09936|Q92905,DUB|P09936,DUB,P09936,Q92905,UCHL1,COPS5,58,465,enzyme_substrate,1
DUB|P09936|Q9GZV3,DUB|P09936,DUB,P09936,Q9GZV3,UCHL1,SLC5A7,58,1958,enzyme_substrate,1
DUB|P09936|Q9NPH5,DUB|P09936,DUB,P09936,Q9NPH5,UCHL1,NOX4,58,1959,enzyme_substrate,1
DUB|P09936|Q9UBN7,DUB|P09936,DUB,P09936,Q9UBN7,UCHL1,HDAC6,58,365,enzyme_substrate,1
DUB|P12956|Q07820,DUB|P12956,DUB,P12956,Q07820,XRCC6,MCL1,422,1070,enzyme_substrate,1
DUB|P15374|O15315,DUB|P15374,DUB,P15374,O15315,UCHL3,RAD51B,423,1960,enzyme_substrate,1
DUB|P15374|Q06609,DUB|P15374,DUB,P15374,Q06609,UCHL3,RAD51,423,1233,enzyme_substrate,1
DUB|P15374|Q08050,DUB|P15374,DUB,P15374,Q08050,UCHL3,FOXM1,423,1817,enzyme_substrate,1
DUB|P15374|Q15797,DUB|P15374,DUB,P15374,Q15797,UCHL3,SMAD1,423,1652,enzyme_substrate,1
DUB|P21580|O43353,DUB|P21580,DUB,P21580,O43353,TNFAIP3,RIPK2,67,967,enzyme_substrate,1
DUB|P21580|P04637,DUB|P21580,DUB,P21580,P04637,TNFAIP3,TP53,67,528,enzyme_substrate,1
DUB|P21580|P19838,DUB|P21580,DUB,P21580,P19838,TNFAIP3,NFKB1,67,1219,enzyme_substrate,1
DUB|P21580|Q12933,DUB|P21580,DUB,P21580,Q12933,TNFAIP3,TRAF2,67,101,enzyme_substrate,1
DUB|P21580|Q13137,DUB|P21580,DUB,P21580,Q13137,TNFAIP3,CALCOCO2,67,1961,enzyme_substrate,1
DUB|P21580|Q13546,DUB|P21580,DUB,P21580,Q13546,TNFAIP3,RIPK1,67,783,enzyme_substrate,1
DUB|P21580|Q14457,DUB|P21580,DUB,P21580,Q14457,TNFAIP3,BECN1,67,681,enzyme_substrate,1
DUB|P21580|Q14790,DUB|P21580,DUB,P21580,Q14790,TNFAIP3,CASP8,67,981,enzyme_substrate,1
DUB|P21580|Q16625,DUB|P21580,DUB,P21580,Q16625,TNFAIP3,OCLN,67,1540,enzyme_substrate,1
DUB|P21580|Q92985,DUB|P21580,DUB,P21580,Q92985,TNFAIP3,IRF7,67,781,enzyme_substrate,1
DUB|P21580|Q99683,DUB|P21580,DUB,P21580,Q99683,TNFAIP3,MAP3K5,67,1149,enzyme_substrate,1
DUB|P21580|Q9Y4K3,DUB|P21580,DUB,P21580,Q9Y4K3,TNFAIP3,TRAF6,67,407,enzyme_substrate,1
DUB|P21580|Q9Y572,DUB|P21580,DUB,P21580,Q9Y572,TNFAIP3,RIPK3,67,1144,enzyme_substrate,1
DUB|P21580|Q9Y6K9,DUB|P21580,DUB,P21580,Q9Y6K9,TNFAIP3,IKBKG,67,663,enzyme_substrate,1
DUB|P35125|A2AIR5,DUB|P35125,DUB,P35125,A2AIR5,USP6,Grin3a,424,1962,enzyme_substrate,1
DUB|P35125|P05412,DUB|P35125,DUB,P35125,P05412,USP6,JUN,424,587,enzyme_substrate,1
DUB|P35125|P14780,DUB|P35125,DUB,P35125,P14780,USP6,MMP9,424,1963,enzyme_substrate,1
DUB|P35125|Q05586,DUB|P35125,DUB,P35125,Q05586,USP6,GRIN1,424,1407,enzyme_substrate,1
DUB|P40818|O15519,DUB|P40818,DUB,P40818,O15519,USP8,CFLAR,425,1525,enzyme_substrate,1
DUB|P40818|O15554,DUB|P40818,DUB,P40818,O15554,USP8,KCNN4,425,1964,enzyme_substrate,1
DUB|P40818|O60260,DUB|P40818,DUB,P40818,O60260,USP8,PRKN,425,23,enzyme_substrate,1
DUB|P40818|O94979,DUB|P40818,DUB,P40818,O94979,USP8,SEC31A,425,1174,enzyme_substrate,1
DUB|P40818|P00533,DUB|P40818,DUB,P40818,P00533,USP8,EGFR,425,679,enzyme_substrate,1
DUB|P40818|P01130,DUB|P40818,DUB,P40818,P01130,USP8,LDLR,425,1433,enzyme_substrate,1
DUB|P40818|P04626,DUB|P40818,DUB,P40818,P04626,USP8,ERBB2,425,792,enzyme_substrate,1
DUB|P40818|P04629,DUB|P40818,DUB,P40818,P04629,USP8,NTRK1,425,895,enzyme_substrate,1
DUB|P40818|P08581,DUB|P40818,DUB,P40818,P08581,USP8,MET,425,800,enzyme_substrate,1
DUB|P40818|P17302,DUB|P40818,DUB,P40818,P17302,USP8,GJA1,425,897,enzyme_substrate,1
DUB|P40818|P21860,DUB|P40818,DUB,P40818,P21860,USP8,ERBB3,425,630,enzyme_substrate,1
DUB|P40818|P29466,DUB|P40818,DUB,P40818,P29466,USP8,CASP1,425,1505,enzyme_substrate,1
DUB|P40818|P37088,DUB|P40818,DUB,P40818,P37088,USP8,SCNN1A,425,1568,enzyme_substrate,1
DUB|P40818|P37840,DUB|P40818,DUB,P40818,P37840,USP8,SNCA,425,556,enzyme_substrate,1
DUB|P40818|P42261,DUB|P40818,DUB,P40818,P42261,USP8,GRIA1,425,902,enzyme_substrate,1
DUB|P40818|P42566,DUB|P40818,DUB,P40818,P42566,USP8,EPS15,425,631,enzyme_substrate,1
DUB|P40818|P48431,DUB|P40818,DUB,P40818,P48431,USP8,SOX2,425,712,enzyme_substrate,1
DUB|P40818|P55085,DUB|P40818,DUB,P40818,P55085,USP8,F2RL1,425,828,enzyme_substrate,1
DUB|P40818|P56817,DUB|P40818,DUB,P40818,P56817,USP8,BACE1,425,1794,enzyme_substrate,1
DUB|P40818|Q02241,DUB|P40818,DUB,P40818,Q02241,USP8,KIF23,425,1965,enzyme_substrate,1
DUB|P40818|Q16620,DUB|P40818,DUB,P40818,Q16620,USP8,NTRK2,425,1574,enzyme_substrate,1
DUB|P40818|Q16665,DUB|P40818,DUB,P40818,Q16665,USP8,HIF1A,425,563,enzyme_substrate,1
DUB|P40818|Q4U2R8,DUB|P40818,DUB,P40818,Q4U2R8,USP8,SLC22A6,425,1966,enzyme_substrate,1
DUB|P40818|Q6FHJ7,DUB|P40818,DUB,P40818,Q6FHJ7,USP8,SFRP4,425,1967,enzyme_substrate,1
DUB|P40818|Q7LBR1,DUB|P40818,DUB,P40818,Q7LBR1,USP8,CHMP1B,425,1968,enzyme_substrate,1
DUB|P40818|Q8NEM0,DUB|P40818,DUB,P40818,Q8NEM0,USP8,MCPH1,425,1969,enzyme_substrate,1
DUB|P40818|Q92783,DUB|P40818,DUB,P40818,Q92783,USP8,STAM,425,1970,enzyme_substrate,1
DUB|P40818|Q96J02,DUB|P40818,DUB,P40818,Q96J02,USP8,ITCH,425,267,enzyme_substrate,1
DUB|P40818|Q96JA1,DUB|P40818,DUB,P40818,Q96JA1,USP8,LRIG1,425,834,enzyme_substrate,1
DUB|P40818|Q99835,DUB|P40818,DUB,P40818,Q99835,USP8,SMO,425,1971,enzyme_substrate,1
DUB|P40818|Q9BYB0,DUB|P40818,DUB,P40818,Q9BYB0,USP8,SHANK3,425,1972,enzyme_substrate,1
DUB|P40818|Q9H4P4,DUB|P40818,DUB,P40818,Q9H4P4,USP8,RNF41,425,323,enzyme_substrate,1
DUB|P40818|Q9HCE0,DUB|P40818,DUB,P40818,Q9HCE0,USP8,EPG5,425,1973,enzyme_substrate,1
DUB|P40818|Q9NR09,DUB|P40818,DUB,P40818,Q9NR09,USP8,BIRC6,425,333,enzyme_substrate,1
DUB|P45974|O43623,DUB|P45974,DUB,P45974,O43623,USP5,SNAI2,426,756,enzyme_substrate,1
DUB|P45974|O75444,DUB|P45974,DUB,P45974,O75444,USP5,MAF,426,887,enzyme_substrate,1
DUB|P45974|O95180,DUB|P45974,DUB,P45974,O95180,USP5,CACNA1H,426,1974,enzyme_substrate,1
DUB|P45974|P04637,DUB|P45974,DUB,P45974,P04637,USP5,TP53,426,528,enzyme_substrate,1
DUB|P45974|P19544,DUB|P45974,DUB,P45974,P19544,USP5,WT1,426,1975,enzyme_substrate,1
DUB|P45974|P35222,DUB|P45974,DUB,P45974,P35222,USP5,CTNNB1,426,674,enzyme_substrate,1
DUB|P45974|P49411,DUB|P45974,DUB,P45974,P49411,USP5,TUFM,426,1976,enzyme_substrate,1
DUB|P45974|Q08050,DUB|P45974,DUB,P45974,Q08050,USP5,FOXM1,426,1817,enzyme_substrate,1
DUB|P45974|Q86WV6,DUB|P45974,DUB,P45974,Q86WV6,USP5,TMEM173,426,860,enzyme_substrate,1
DUB|P45974|Q92769,DUB|P45974,DUB,P45974,Q92769,USP5,HDAC2,426,1283,enzyme_substrate,1
DUB|P45974|Q9Y4K3,DUB|P45974,DUB,P45974,Q9Y4K3,USP5,TRAF6,426,407,enzyme_substrate,1
DUB|P45974|Q9Y5Q3,DUB|P45974,DUB,P45974,Q9Y5Q3,USP5,MAFB,426,1977,enzyme_substrate,1
DUB|P46736|O15287,DUB|P46736,DUB,P46736,O15287,BRCC3,FANCG,427,1978,enzyme_substrate,1
DUB|P46736|O60674,DUB|P46736,DUB,P46736,O60674,BRCC3,JAK2,427,521,enzyme_substrate,1
DUB|P46736|O95271,DUB|P46736,DUB,P46736,O95271,BRCC3,TNKS,427,1741,enzyme_substrate,1
DUB|P46736|P0C0S8,DUB|P46736,DUB,P46736,P0C0S8,BRCC3,HIST1H2AM,427,691,enzyme_substrate,1
DUB|P46736|P16104,DUB|P46736,DUB,P46736,P16104,BRCC3,H2AFX,427,579,enzyme_substrate,1
DUB|P46736|Q14980,DUB|P46736,DUB,P46736,Q14980,BRCC3,NUMA1,427,1979,enzyme_substrate,1
DUB|P46736|Q96P20,DUB|P46736,DUB,P46736,Q96P20,BRCC3,NLRP3,427,650,enzyme_substrate,1
DUB|P51784|O00425,DUB|P51784,DUB,P51784,O00425,USP11,IGF2BP3,428,1619,enzyme_substrate,1
DUB|P51784|O14497,DUB|P51784,DUB,P51784,O14497,USP11,ARID1A,428,1980,enzyme_substrate,1
DUB|P51784|O14920,DUB|P51784,DUB,P51784,O14920,USP11,IKBKB,428,773,enzyme_substrate,1
DUB|P51784|O15111,DUB|P51784,DUB,P51784,O15111,USP11,CHUK,428,1803,enzyme_substrate,1
DUB|P51784|O43663,DUB|P51784,DUB,P51784,O43663,USP11,PRC1,428,20,enzyme_substrate,1
DUB|P51784|O95863,DUB|P51784,DUB,P51784,O95863,USP11,SNAI1,428,758,enzyme_substrate,1
DUB|P51784|P04637,DUB|P51784,DUB,P51784,P04637,USP11,TP53,428,528,enzyme_substrate,1
DUB|P51784|P16104,DUB|P51784,DUB,P51784,P16104,USP11,H2AFX,428,579,enzyme_substrate,1
DUB|P51784|P25963,DUB|P51784,DUB,P51784,P25963,USP11,NFKBIA,428,762,enzyme_substrate,1
DUB|P51784|P29590,DUB|P51784,DUB,P51784,P29590,USP11,PML,428,71,enzyme_substrate,1
DUB|P51784|P35226,DUB|P51784,DUB,P51784,P35226,USP11,BMI1,428,72,enzyme_substrate,1
DUB|P51784|P36897,DUB|P51784,DUB,P51784,P36897,USP11,TGFBR1,428,869,enzyme_substrate,1
DUB|P51784|P37173,DUB|P51784,DUB,P51784,P37173,USP11,TGFBR2,428,1275,enzyme_substrate,1
DUB|P51784|P38936,DUB|P51784,DUB,P51784,P38936,USP11,CDKN1A,428,529,enzyme_substrate,1
DUB|P51784|P51587,DUB|P51784,DUB,P51784,P51587,USP11,BRCA2,428,1121,enzyme_substrate,1
DUB|P51784|P62136,DUB|P51784,DUB,P51784,P62136,USP11,PPP1CA,428,1981,enzyme_substrate,1
DUB|P51784|P78406,DUB|P51784,DUB,P51784,P78406,USP11,RAE1,428,1982,enzyme_substrate,1
DUB|P51784|P98170,DUB|P51784,DUB,P51784,P98170,USP11,XIAP,428,93,enzyme_substrate,1
DUB|P51784|Q01094,DUB|P51784,DUB,P51784,Q01094,USP11,E2F1,428,1026,enzyme_substrate,1
DUB|P51784|Q01831,DUB|P51784,DUB,P51784,Q01831,USP11,XPC,428,1440,enzyme_substrate,1
DUB|P51784|Q14135,DUB|P51784,DUB,P51784,Q14135,USP11,VGLL4,428,1983,enzyme_substrate,1
DUB|P51784|Q15233,DUB|P51784,DUB,P51784,Q15233,USP11,NONO,428,695,enzyme_substrate,1
DUB|P51784|Q16236,DUB|P51784,DUB,P51784,Q16236,USP11,NFE2L2,428,944,enzyme_substrate,1
DUB|P51784|Q86YC2,DUB|P51784,DUB,P51784,Q86YC2,USP11,PALB2,428,1156,enzyme_substrate,1
DUB|P51784|Q92633,DUB|P51784,DUB,P51784,Q92633,USP11,LPAR1,428,1984,enzyme_substrate,1
DUB|P51784|Q96S59,DUB|P51784,DUB,P51784,Q96S59,USP11,RANBP9,428,1985,enzyme_substrate,1
DUB|P51784|Q9H040,DUB|P51784,DUB,P51784,Q9H040,USP11,SPRTN,428,1986,enzyme_substrate,1
DUB|P54252|O14757,DUB|P54252,DUB,P54252,O14757,ATXN3,CHEK1,429,1268,enzyme_substrate,1
DUB|P54252|O15379,DUB|P54252,DUB,P54252,O15379,ATXN3,HDAC3,429,548,enzyme_substrate,1
DUB|P54252|O43474,DUB|P54252,DUB,P54252,O43474,ATXN3,KLF4,429,1241,enzyme_substrate,1
DUB|P54252|O60260,DUB|P54252,DUB,P54252,O60260,ATXN3,PRKN,429,23,enzyme_substrate,1
DUB|P54252|O95166,DUB|P54252,DUB,P54252,O95166,ATXN3,GABARAP,429,1987,enzyme_substrate,1
DUB|P54252|P04637,DUB|P54252,DUB,P54252,P04637,ATXN3,TP53,429,528,enzyme_substrate,1
DUB|P54252|P55072,DUB|P54252,DUB,P54252,P55072,ATXN3,VCP,429,673,enzyme_substrate,1
DUB|P54252|P78344,DUB|P54252,DUB,P54252,P78344,ATXN3,EIF4G2,429,1988,enzyme_substrate,1
DUB|P54252|Q07812,DUB|P54252,DUB,P54252,Q07812,ATXN3,BAX,429,637,enzyme_substrate,1
DUB|P54252|Q13635,DUB|P54252,DUB,P54252,Q13635,ATXN3,PTCH1,429,1535,enzyme_substrate,1
DUB|P54252|Q14457,DUB|P54252,DUB,P54252,Q14457,ATXN3,BECN1,429,681,enzyme_substrate,1
DUB|P54252|Q15382,DUB|P54252,DUB,P54252,Q15382,ATXN3,RHEB,429,1370,enzyme_substrate,1
DUB|P54252|Q92934,DUB|P54252,DUB,P54252,Q92934,ATXN3,BAD,429,1989,enzyme_substrate,1
DUB|P54252|Q9BXW4,DUB|P54252,DUB,P54252,Q9BXW4,ATXN3,MAP1LC3C,429,1990,enzyme_substrate,1
DUB|P54252|Q9UNE7,DUB|P54252,DUB,P54252,Q9UNE7,ATXN3,STUB1,429,393,enzyme_substrate,1
DUB|P54578|O14641,DUB|P54578,DUB,P54578,O14641,USP14,DVL2,430,865,enzyme_substrate,1
DUB|P54578|O14920,DUB|P54578,DUB,P54578,O14920,USP14,IKBKB,430,773,enzyme_substrate,1
DUB|P54578|O95786,DUB|P54578,DUB,P54578,O95786,USP14,DDX58,430,51,enzyme_substrate,1
DUB|P54578|P08670,DUB|P54578,DUB,P54578,P08670,USP14,VIM,430,1607,enzyme_substrate,1
DUB|P54578|P10275,DUB|P54578,DUB,P54578,P10275,USP14,AR,430,554,enzyme_substrate,1
DUB|P54578|P12956,DUB|P54578,DUB,P54578,P12956,USP14,XRCC6,430,422,enzyme_substrate,1
DUB|P54578|P14635,DUB|P54578,DUB,P54578,P14635,USP14,CCNB1,430,497,enzyme_substrate,1
DUB|P54578|P25963,DUB|P54578,DUB,P54578,P25963,USP14,NFKBIA,430,762,enzyme_substrate,1
DUB|P54578|P35222,DUB|P54578,DUB,P54578,P35222,USP14,CTNNB1,430,674,enzyme_substrate,1
DUB|P54578|P61073,DUB|P54578,DUB,P54578,P61073,USP14,CXCR4,430,1534,enzyme_substrate,1
DUB|P54578|Q14457,DUB|P54578,DUB,P54578,Q14457,USP14,BECN1,430,681,enzyme_substrate,1
DUB|P54578|Q86WI3,DUB|P54578,DUB,P54578,Q86WI3,USP14,NLRC5,430,1991,enzyme_substrate,1
DUB|P54578|Q96GD4,DUB|P54578,DUB,P54578,Q96GD4,USP14,AURKB,430,1463,enzyme_substrate,1
DUB|P54578|Q96RJ0,DUB|P54578,DUB,P54578,Q96RJ0,USP14,TAAR1,430,1992,enzyme_substrate,1
DUB|P54578|Q9H5J4,DUB|P54578,DUB,P54578,Q9H5J4,USP14,ELOVL6,430,1950,enzyme_substrate,1
DUB|P54578|Q9NYJ8,DUB|P54578,DUB,P54578,Q9NYJ8,USP14,TAB2,430,1612,enzyme_substrate,1
DUB|P54578|Q9UBS5,DUB|P54578,DUB,P54578,Q9UBS5,USP14,GABBR1,430,1993,enzyme_substrate,1
DUB|P54578|Q9UPN3,DUB|P54578,DUB,P54578,Q9UPN3,USP14,MACF1,430,1828,enzyme_substrate,1
DUB|P62068|O60346,DUB|P62068,DUB,P62068,O60346,USP46,PHLPP1,431,1377,enzyme_substrate,1
DUB|P62068|P06733,DUB|P62068,DUB,P62068,P06733,USP46,ENO1,431,1051,enzyme_substrate,1
DUB|P62068|P10275,DUB|P62068,DUB,P62068,P10275,USP46,AR,431,554,enzyme_substrate,1
DUB|P62068|P26927,DUB|P62068,DUB,P62068,P26927,USP46,MST1,431,1931,enzyme_substrate,1
DUB|P62068|P42261,DUB|P62068,DUB,P62068,P42261,USP46,GRIA1,431,902,enzyme_substrate,1
DUB|P62068|Q16777,DUB|P62068,DUB,P62068,Q16777,USP46,HIST2H2AC,431,696,enzyme_substrate,1
DUB|P62068|Q16778,DUB|P62068,DUB,P62068,Q16778,USP46,HIST2H2BE,431,676,enzyme_substrate,1
DUB|P62068|Q99259,DUB|P62068,DUB,P62068,Q99259,USP46,GAD1,431,1994,enzyme_substrate,1
DUB|Q01804|Q01831,DUB|Q01804,DUB,Q01804,Q01831,OTUD4,XPC,432,1440,enzyme_substrate,1
DUB|Q01804|Q7Z434,DUB|Q01804,DUB,Q01804,Q7Z434,OTUD4,MAVS,432,1161,enzyme_substrate,1
DUB|Q05CD9|Q9H4P4,DUB|Q05CD9,DUB,Q05CD9,Q9H4P4,USP8,RNF41,433,323,enzyme_substrate,1
DUB|Q0WX57|O95760,DUB|Q0WX57,DUB,Q0WX57,O95760,USP17L30,IL33,434,1995,enzyme_substrate,1
DUB|Q0WX57|P51449,DUB|Q0WX57,DUB,Q0WX57,P51449,USP17L30,RORC,434,1996,enzyme_substrate,1
DUB|Q0WX57|Q92769,DUB|Q0WX57,DUB,Q0WX57,Q92769,USP17L30,HDAC2,434,1283,enzyme_substrate,1
DUB|Q0WX57|Q9H7L9,DUB|Q0WX57,DUB,Q0WX57,Q9H7L9,USP17L30,SUDS3,434,1997,enzyme_substrate,1
DUB|Q0WX57|Q9Y256,DUB|Q0WX57,DUB,Q0WX57,Q9Y256,USP17L30,RCE1,434,1998,enzyme_substrate,1
DUB|Q13107|O15530,DUB|Q13107,DUB,Q13107,O15530,USP4,PDPK1,435,1999,enzyme_substrate,1
DUB|Q13107|O43318,DUB|Q13107,DUB,Q13107,O43318,USP4,MAP3K7,435,966,enzyme_substrate,1
DUB|Q13107|O43395,DUB|Q13107,DUB,Q13107,O43395,USP4,PRPF3,435,1851,enzyme_substrate,1
DUB|Q13107|O75365,DUB|Q13107,DUB,Q13107,O75365,USP4,PTP4A3,435,1898,enzyme_substrate,1
DUB|Q13107|O95786,DUB|Q13107,DUB,Q13107,O95786,USP4,DDX58,435,51,enzyme_substrate,1
DUB|Q13107|P04637,DUB|Q13107,DUB,Q13107,P04637,USP4,TP53,435,528,enzyme_substrate,1
DUB|Q13107|P06400,DUB|Q13107,DUB,Q13107,P06400,USP4,RB1,435,1002,enzyme_substrate,1
DUB|Q13107|P15884,DUB|Q13107,DUB,Q13107,P15884,USP4,TCF4,435,2000,enzyme_substrate,1
DUB|Q13107|P19474,DUB|Q13107,DUB,Q13107,P19474,USP4,TRIM21,435,66,enzyme_substrate,1
DUB|Q13107|P28749,DUB|Q13107,DUB,Q13107,P28749,USP4,RBL1,435,2001,enzyme_substrate,1
DUB|Q13107|P29274,DUB|Q13107,DUB,Q13107,P29274,USP4,ADORA2A,435,2002,enzyme_substrate,1
DUB|Q13107|P35222,DUB|Q13107,DUB,Q13107,P35222,USP4,CTNNB1,435,674,enzyme_substrate,1
DUB|Q13107|P36897,DUB|Q13107,DUB,Q13107,P36897,USP4,TGFBR1,435,869,enzyme_substrate,1
DUB|Q13107|P49116,DUB|Q13107,DUB,Q13107,P49116,USP4,NR2C2,435,1934,enzyme_substrate,1
DUB|Q13107|P51449,DUB|Q13107,DUB,Q13107,P51449,USP4,RORC,435,1996,enzyme_substrate,1
DUB|Q13107|P62937,DUB|Q13107,DUB,Q13107,P62937,USP4,PPIA,435,2003,enzyme_substrate,1
DUB|Q13107|Q02556,DUB|Q13107,DUB,Q13107,Q02556,USP4,IRF8,435,779,enzyme_substrate,1
DUB|Q13107|Q08999,DUB|Q13107,DUB,Q13107,Q08999,USP4,RBL2,435,1127,enzyme_substrate,1
DUB|Q13107|Q12933,DUB|Q13107,DUB,Q13107,Q12933,USP4,TRAF2,435,101,enzyme_substrate,1
DUB|Q13107|Q13107,DUB|Q13107,DUB,Q13107,Q13107,USP4,USP4,435,435,enzyme_substrate,1
DUB|Q13107|Q13485,DUB|Q13107,DUB,Q13107,Q13485,USP4,SMAD4,435,1129,enzyme_substrate,1
DUB|Q13107|Q13546,DUB|Q13107,DUB,Q13107,Q13546,USP4,RIPK1,435,783,enzyme_substrate,1
DUB|Q13107|Q15287,DUB|Q13107,DUB,Q13107,Q15287,USP4,RNPS1,435,2004,enzyme_substrate,1
DUB|Q13107|Q15306,DUB|Q13107,DUB,Q13107,Q15306,USP4,IRF4,435,2005,enzyme_substrate,1
DUB|Q13107|Q15382,DUB|Q13107,DUB,Q13107,Q15382,USP4,RHEB,435,1370,enzyme_substrate,1
DUB|Q13107|Q15672,DUB|Q13107,DUB,Q13107,Q15672,USP4,TWIST1,435,759,enzyme_substrate,1
DUB|Q13107|Q7Z6Z7,DUB|Q13107,DUB,Q13107,Q7Z6Z7,USP4,HUWE1,435,176,enzyme_substrate,1
DUB|Q13107|Q8WWY3,DUB|Q13107,DUB,Q13107,Q8WWY3,USP4,PRPF31,435,2006,enzyme_substrate,1
DUB|Q13107|Q92769,DUB|Q13107,DUB,Q13107,Q92769,USP4,HDAC2,435,1283,enzyme_substrate,1
DUB|Q13107|Q92819,DUB|Q13107,DUB,Q13107,Q92819,USP4,HAS2,435,2007,enzyme_substrate,1
DUB|Q13107|Q9Y4K3,DUB|Q13107,DUB,Q13107,Q9Y4K3,USP4,TRAF6,435,407,enzyme_substrate,1
DUB|Q14694|O43474,DUB|Q14694,DUB,Q14694,O43474,USP10,KLF4,436,1241,enzyme_substrate,1
DUB|Q14694|O43623,DUB|Q14694,DUB,Q14694,O43623,USP10,SNAI2,436,756,enzyme_substrate,1
DUB|Q14694|O60493,DUB|Q14694,DUB,Q14694,O60493,USP10,SNX3,436,2008,enzyme_substrate,1
DUB|Q14694|P04049,DUB|Q14694,DUB,Q14694,P04049,USP10,RAF1,436,969,enzyme_substrate,1
DUB|Q14694|P04637,DUB|Q14694,DUB,Q14694,P04637,USP10,TP53,436,528,enzyme_substrate,1
DUB|Q14694|P05556,DUB|Q14694,DUB,Q14694,P05556,USP10,ITGB1,436,1790,enzyme_substrate,1
DUB|Q14694|P0C0S5,DUB|Q14694,DUB,Q14694,P0C0S5,USP10,H2AFZ,436,578,enzyme_substrate,1
DUB|Q14694|P13569,DUB|Q14694,DUB,Q14694,P13569,USP10,CFTR,436,808,enzyme_substrate,1
DUB|Q14694|P15880,DUB|Q14694,DUB,Q14694,P15880,USP10,RPS2,436,1007,enzyme_substrate,1
DUB|Q14694|P18084,DUB|Q14694,DUB,Q14694,P18084,USP10,ITGB5,436,2009,enzyme_substrate,1
DUB|Q14694|P20226,DUB|Q14694,DUB,Q14694,P20226,USP10,TBP,436,2010,enzyme_substrate,1
DUB|Q14694|P23396,DUB|Q14694,DUB,Q14694,P23396,USP10,RPS3,436,2011,enzyme_substrate,1
DUB|Q14694|P24385,DUB|Q14694,DUB,Q14694,P24385,USP10,CCND1,436,1115,enzyme_substrate,1
DUB|Q14694|P36888,DUB|Q14694,DUB,Q14694,P36888,USP10,FLT3,436,1336,enzyme_substrate,1
DUB|Q14694|P37198,DUB|Q14694,DUB,Q14694,P37198,USP10,NUP62,436,777,enzyme_substrate,1
DUB|Q14694|P42771,DUB|Q14694,DUB,Q14694,P42771,USP10,CDKN2A,436,2012,enzyme_substrate,1
DUB|Q14694|P43246,DUB|Q14694,DUB,Q14694,P43246,USP10,MSH2,436,2013,enzyme_substrate,1
DUB|Q14694|P43405,DUB|Q14694,DUB,Q14694,P43405,USP10,SYK,436,823,enzyme_substrate,1
DUB|Q14694|P48764,DUB|Q14694,DUB,Q14694,P48764,USP10,SLC9A3,436,2014,enzyme_substrate,1
DUB|Q14694|P54646,DUB|Q14694,DUB,Q14694,P54646,USP10,PRKAA2,436,2015,enzyme_substrate,1
DUB|Q14694|P60484,DUB|Q14694,DUB,Q14694,P60484,USP10,PTEN,436,509,enzyme_substrate,1
DUB|Q14694|P62807,DUB|Q14694,DUB,Q14694,P62807,USP10,HIST1H2BI,436,1217,enzyme_substrate,1
DUB|Q14694|Q03518,DUB|Q14694,DUB,Q14694,Q03518,USP10,TAP1,436,2016,enzyme_substrate,1
DUB|Q14694|Q13131,DUB|Q14694,DUB,Q14694,Q13131,USP10,PRKAA1,436,1105,enzyme_substrate,1
DUB|Q14694|Q13309,DUB|Q14694,DUB,Q14694,Q13309,USP10,SKP2,436,110,enzyme_substrate,1
DUB|Q14694|Q13485,DUB|Q14694,DUB,Q14694,Q13485,USP10,SMAD4,436,1129,enzyme_substrate,1
DUB|Q14694|Q14457,DUB|Q14694,DUB,Q14694,Q14457,USP10,BECN1,436,681,enzyme_substrate,1
DUB|Q14694|Q8N6T7,DUB|Q14694,DUB,Q14694,Q8N6T7,USP10,SIRT6,436,1885,enzyme_substrate,1
DUB|Q14694|Q8WX94,DUB|Q14694,DUB,Q14694,Q8WX94,USP10,NLRP7,436,2017,enzyme_substrate,1
DUB|Q14694|Q96DH6,DUB|Q14694,DUB,Q14694,Q96DH6,USP10,MSI2,436,2018,enzyme_substrate,1
DUB|Q14694|Q9GZQ8,DUB|Q14694,DUB,Q14694,Q9GZQ8,USP10,MAP1LC3B,436,876,enzyme_substrate,1
DUB|Q14694|Q9UL17,DUB|Q14694,DUB,Q14694,Q9UL17,USP10,TBX21,436,2019,enzyme_substrate,1
DUB|Q14694|Q9Y4K3,DUB|Q14694,DUB,Q14694,Q9Y4K3,USP10,TRAF6,436,407,enzyme_substrate,1
DUB|Q14694|Q9Y6K9,DUB|Q14694,DUB,Q14694,Q9Y6K9,USP10,IKBKG,436,663,enzyme_substrate,1
DUB|Q15018|Q96P20,DUB|Q15018,DUB,Q15018,Q96P20,ABRAXAS2,NLRP3,437,650,enzyme_substrate,1
DUB|Q15040|O15524,DUB|Q15040,DUB,Q15040,O15524,JOSD1,SOCS1,438,16,enzyme_substrate,1
DUB|Q15040|Q07820,DUB|Q15040,DUB,Q15040,Q07820,JOSD1,MCL1,438,1070,enzyme_substrate,1
DUB|Q4G0A6|Q08050,DUB|Q4G0A6,DUB,Q4G0A6,Q08050,MINDY4,FOXM1,439,1817,enzyme_substrate,1
DUB|Q504Q3|Q99708,DUB|Q504Q3,DUB,Q504Q3,Q99708,PAN2,RBBP8,440,861,enzyme_substrate,1
DUB|Q504Q3|Q9Y294,DUB|Q504Q3,DUB,Q504Q3,Q9Y294,PAN2,ASF1A,440,2020,enzyme_substrate,1
DUB|Q53GS9|O96017,DUB|Q53GS9,DUB,Q53GS9,O96017,USP39,CHEK2,441,552,enzyme_substrate,1
DUB|Q53GS9|P37275,DUB|Q53GS9,DUB,Q53GS9,P37275,USP39,ZEB1,441,555,enzyme_substrate,1
DUB|Q53GS9|P42224,DUB|Q53GS9,DUB,Q53GS9,P42224,USP39,STAT1,441,680,enzyme_substrate,1
DUB|Q53GS9|Q96GD4,DUB|Q53GS9,DUB,Q53GS9,Q96GD4,USP39,AURKB,441,1463,enzyme_substrate,1
DUB|Q5D1E8|O43474,DUB|Q5D1E8,DUB,Q5D1E8,O43474,ZC3H12A,KLF4,442,1241,enzyme_substrate,1
DUB|Q5D1E8|Q12933,DUB|Q5D1E8,DUB,Q5D1E8,Q12933,ZC3H12A,TRAF2,442,101,enzyme_substrate,1
DUB|Q5D1E8|Q13546,DUB|Q5D1E8,DUB,Q5D1E8,Q13546,ZC3H12A,RIPK1,442,783,enzyme_substrate,1
DUB|Q5D1E8|Q9Y4K3,DUB|Q5D1E8,DUB,Q5D1E8,Q9Y4K3,ZC3H12A,TRAF6,442,407,enzyme_substrate,1
DUB|Q5T2D3|P04637,DUB|Q5T2D3,DUB,Q5T2D3,P04637,OTUD3,TP53,443,528,enzyme_substrate,1
DUB|Q5T2D3|P60484,DUB|Q5T2D3,DUB,Q5T2D3,P60484,OTUD3,PTEN,443,509,enzyme_substrate,1
DUB|Q5VV17|O15105,DUB|Q5VV17,DUB,Q5VV17,O15105,OTUD1,SMAD7,444,504,enzyme_substrate,1
DUB|Q5VV17|P04637,DUB|Q5VV17,DUB,Q5VV17,P04637,OTUD1,TP53,444,528,enzyme_substrate,1
DUB|Q5VV17|P46937,DUB|Q5VV17,DUB,Q5VV17,P46937,OTUD1,YAP1,444,632,enzyme_substrate,1
DUB|Q5VV17|Q07820,DUB|Q5VV17,DUB,Q5VV17,Q07820,OTUD1,MCL1,444,1070,enzyme_substrate,1
DUB|Q5VV17|Q14653,DUB|Q5VV17,DUB,Q5VV17,Q14653,OTUD1,IRF3,444,503,enzyme_substrate,1
DUB|Q5VV17|Q9HCE7,DUB|Q5VV17,DUB,Q5VV17,Q9HCE7,OTUD1,SMURF1,444,328,enzyme_substrate,1
DUB|Q5VVJ2|P0C0S8,DUB|Q5VVJ2,DUB,Q5VVJ2,P0C0S8,MYSM1,HIST1H2AM,445,691,enzyme_substrate,1
DUB|Q5VVJ2|Q16777,DUB|Q5VVJ2,DUB,Q5VVJ2,Q16777,MYSM1,HIST2H2AC,445,696,enzyme_substrate,1
DUB|Q5VVJ2|Q86WV6,DUB|Q5VVJ2,DUB,Q5VVJ2,Q86WV6,MYSM1,STING1,445,860,enzyme_substrate,1
DUB|Q5VVQ6|P17661,DUB|Q5VVQ6,DUB,Q5VVQ6,P17661,YOD1,DES,446,1086,enzyme_substrate,1
DUB|Q5VVQ6|P55072,DUB|Q5VVQ6,DUB,Q5VVQ6,P55072,YOD1,VCP,446,673,enzyme_substrate,1
DUB|Q5VVQ6|Q96J02,DUB|Q5VVQ6,DUB,Q5VVQ6,Q96J02,YOD1,ITCH,446,267,enzyme_substrate,1
DUB|Q6GQQ9|O60341,DUB|Q6GQQ9,DUB,Q6GQQ9,O60341,OTUD7B,KDM1A,447,2021,enzyme_substrate,1
DUB|Q6GQQ9|P00533,DUB|Q6GQQ9,DUB,Q6GQQ9,P00533,OTUD7B,EGFR,447,679,enzyme_substrate,1
DUB|Q6GQQ9|P08069,DUB|Q6GQQ9,DUB,Q6GQQ9,P08069,OTUD7B,IGF1R,447,798,enzyme_substrate,1
DUB|Q6GQQ9|P35222,DUB|Q6GQQ9,DUB,Q6GQQ9,P35222,OTUD7B,CTNNB1,447,674,enzyme_substrate,1
DUB|Q6GQQ9|P43403,DUB|Q6GQQ9,DUB,Q6GQQ9,P43403,OTUD7B,ZAP70,447,822,enzyme_substrate,1
DUB|Q6GQQ9|P48431,DUB|Q6GQQ9,DUB,Q6GQQ9,P48431,OTUD7B,SOX2,447,712,enzyme_substrate,1
DUB|Q6GQQ9|Q13042,DUB|Q6GQQ9,DUB,Q6GQQ9,Q13042,OTUD7B,CDC16,447,2022,enzyme_substrate,1
DUB|Q6GQQ9|Q13114,DUB|Q6GQQ9,DUB,Q6GQQ9,Q13114,OTUD7B,TRAF3,447,105,enzyme_substrate,1
DUB|Q6GQQ9|Q13546,DUB|Q6GQQ9,DUB,Q6GQQ9,Q13546,OTUD7B,RIPK1,447,783,enzyme_substrate,1
DUB|Q6GQQ9|Q9Y4K3,DUB|Q6GQQ9,DUB,Q6GQQ9,Q9Y4K3,OTUD7B,TRAF6,447,407,enzyme_substrate,1
DUB|Q6P468|Q07820,DUB|Q6P468,DUB,Q6P468,Q07820,USP9X,MCL1,448,1070,enzyme_substrate,1
DUB|Q6P468|Q9H992,DUB|Q6P468,DUB,Q6P468,Q9H992,USP9X,MARCHF7,448,326,enzyme_substrate,1
DUB|Q6R6M4|O43623,DUB|Q6R6M4,DUB,Q6R6M4,O43623,USP17L2,SNAI2,449,756,enzyme_substrate,1
DUB|Q6R6M4|O60885,DUB|Q6R6M4,DUB,Q6R6M4,O60885,USP17L2,BRD4,449,584,enzyme_substrate,1
DUB|Q6R6M4|O95786,DUB|Q6R6M4,DUB,Q6R6M4,O95786,USP17L2,DDX58,449,51,enzyme_substrate,1
DUB|Q6R6M4|O95863,DUB|Q6R6M4,DUB,Q6R6M4,O95863,USP17L2,SNAI1,449,758,enzyme_substrate,1
DUB|Q6R6M4|P16104,DUB|Q6R6M4,DUB,Q6R6M4,P16104,USP17L2,H2AFX,449,579,enzyme_substrate,1
DUB|Q6R6M4|P30304,DUB|Q6R6M4,DUB,Q6R6M4,P30304,USP17L2,CDC25A,449,1808,enzyme_substrate,1
DUB|Q6R6M4|Q15672,DUB|Q6R6M4,DUB,Q6R6M4,Q15672,USP17L2,TWIST1,449,759,enzyme_substrate,1
DUB|Q6R6M4|Q16236,DUB|Q6R6M4,DUB,Q6R6M4,Q16236,USP17L2,NFE2L2,449,944,enzyme_substrate,1
DUB|Q6R6M4|Q92819,DUB|Q6R6M4,DUB,Q6R6M4,Q92819,USP17L2,HAS2,449,2007,enzyme_substrate,1
DUB|Q6R6M4|Q99538,DUB|Q6R6M4,DUB,Q6R6M4,Q99538,USP17L2,LGMN,449,1940,enzyme_substrate,1
DUB|Q6R6M4|Q9BYX4,DUB|Q6R6M4,DUB,Q6R6M4,Q9BYX4,USP17L2,IFIH1,449,1511,enzyme_substrate,1
DUB|Q6R6M4|Q9H7L9,DUB|Q6R6M4,DUB,Q6R6M4,Q9H7L9,USP17L2,SUDS3,449,1997,enzyme_substrate,1
DUB|Q6R6M4|Q9Y256,DUB|Q6R6M4,DUB,Q6R6M4,Q9Y256,USP17L2,RCE1,449,1998,enzyme_substrate,1
DUB|Q70CQ1|P04637,DUB|Q70CQ1,DUB,Q70CQ1,P04637,USP49,TP53,450,528,enzyme_substrate,1
DUB|Q70CQ1|P28562,DUB|Q70CQ1,DUB,Q70CQ1,P28562,USP49,DUSP1,450,1116,enzyme_substrate,1
DUB|Q70CQ1|P60484,DUB|Q70CQ1,DUB,Q70CQ1,P60484,USP49,PTEN,450,509,enzyme_substrate,1
DUB|Q70CQ1|P62807,DUB|Q70CQ1,DUB,Q70CQ1,P62807,USP49,HIST1H2BI,450,1217,enzyme_substrate,1
DUB|Q70CQ1|Q02790,DUB|Q70CQ1,DUB,Q70CQ1,Q02790,USP49,FKBP4,450,2023,enzyme_substrate,1
DUB|Q70CQ1|Q13451,DUB|Q70CQ1,DUB,Q70CQ1,Q13451,USP49,FKBP5,450,2024,enzyme_substrate,1
DUB|Q70CQ1|Q16778,DUB|Q70CQ1,DUB,Q70CQ1,Q16778,USP49,HIST2H2BE,450,676,enzyme_substrate,1
DUB|Q70CQ1|Q86WV6,DUB|Q70CQ1,DUB,Q70CQ1,Q86WV6,USP49,STING1,450,860,enzyme_substrate,1
DUB|Q70CQ1|Q9HC16,DUB|Q70CQ1,DUB,Q70CQ1,Q9HC16,USP49,APOBEC3G,450,728,enzyme_substrate,1
DUB|Q70CQ2|O15169,DUB|Q70CQ2,DUB,Q70CQ2,O15169,USP34,AXIN1,451,1167,enzyme_substrate,1
DUB|Q70CQ2|Q8IYW5,DUB|Q70CQ2,DUB,Q70CQ2,Q8IYW5,USP34,RNF168,451,199,enzyme_substrate,1
DUB|Q70CQ2|Q9UKV5,DUB|Q70CQ2,DUB,Q70CQ2,Q9UKV5,USP34,AMFR,451,388,enzyme_substrate,1
DUB|Q70CQ2|Q9Y2T1,DUB|Q70CQ2,DUB,Q70CQ2,Q9Y2T1,USP34,AXIN2,451,1076,enzyme_substrate,1
DUB|Q70CQ3|O94826,DUB|Q70CQ3,DUB,Q70CQ3,O94826,USP30,TOMM70A,452,2025,enzyme_substrate,1
DUB|Q70CQ3|O95140,DUB|Q70CQ3,DUB,Q70CQ3,O95140,USP30,MFN2,452,622,enzyme_substrate,1
DUB|Q70CQ3|P21796,DUB|Q70CQ3,DUB,Q70CQ3,P21796,USP30,VDAC1,452,629,enzyme_substrate,1
DUB|Q70CQ3|Q15388,DUB|Q70CQ3,DUB,Q70CQ3,Q15388,USP30,TOMM20,452,643,enzyme_substrate,1
DUB|Q70CQ3|Q8IWA4,DUB|Q70CQ3,DUB,Q70CQ3,Q8IWA4,USP30,MFN1,452,646,enzyme_substrate,1
DUB|Q70CQ3|Q8IXI2,DUB|Q70CQ3,DUB,Q70CQ3,Q8IXI2,USP30,RHOT1,452,648,enzyme_substrate,1
DUB|Q70EK8|P25963,DUB|Q70EK8,DUB,Q70EK8,P25963,USP53,NFKBIA,453,762,enzyme_substrate,1
DUB|Q70EK9|P37275,DUB|Q70EK9,DUB,Q70EK9,P37275,USP51,ZEB1,454,555,enzyme_substrate,1
DUB|Q70EK9|P62807,DUB|Q70EK9,DUB,Q70EK9,P62807,USP51,HIST1H2BI,454,1217,enzyme_substrate,1
DUB|Q70EK9|Q16777,DUB|Q70EK9,DUB,Q70EK9,Q16777,USP51,HIST2H2AC,454,696,enzyme_substrate,1
DUB|Q70EK9|Q8WYQ5,DUB|Q70EK9,DUB,Q70EK9,Q8WYQ5,USP51,DGCR8,454,2026,enzyme_substrate,1
DUB|Q70EL2|P07992,DUB|Q70EL2,DUB,Q70EL2,P07992,USP45,ERCC1,455,2027,enzyme_substrate,1
DUB|Q70EL3|P12956,DUB|Q70EL3,DUB,Q70EL3,P12956,USP50,XRCC6,456,422,enzyme_substrate,1
DUB|Q70EL3|P30291,DUB|Q70EL3,DUB,Q70EL3,P30291,USP50,WEE1,456,1596,enzyme_substrate,1
DUB|Q70EL3|Q9ULZ3,DUB|Q70EL3,DUB,Q70EL3,Q9ULZ3,USP50,PYCARD,456,2028,enzyme_substrate,1
DUB|Q70EL4|P37275,DUB|Q70EL4,DUB,Q70EL4,P37275,USP43,ZEB1,457,555,enzyme_substrate,1
DUB|Q7L8S5|O00429,DUB|Q7L8S5,DUB,Q7L8S5,O00429,OTUD6A,DNM1L,458,617,enzyme_substrate,1
DUB|Q7L8S5|O14965,DUB|Q7L8S5,DUB,Q7L8S5,O14965,OTUD6A,AURKA,458,11,enzyme_substrate,1
DUB|Q86T82|O95863,DUB|Q86T82,DUB,Q86T82,O95863,USP37,SNAI1,459,758,enzyme_substrate,1
DUB|Q86T82|P01106,DUB|Q86T82,DUB,Q86T82,P01106,USP37,MYC,459,709,enzyme_substrate,1
DUB|Q86T82|P0C0S8,DUB|Q86T82,DUB,Q86T82,P0C0S8,USP37,HIST1H2AM,459,691,enzyme_substrate,1
DUB|Q86T82|P20248,DUB|Q86T82,DUB,Q86T82,P20248,USP37,CCNA2,459,1066,enzyme_substrate,1
DUB|Q86T82|P40305,DUB|Q86T82,DUB,Q86T82,P40305,USP37,IFI27,459,1337,enzyme_substrate,1
DUB|Q86T82|P46527,DUB|Q86T82,DUB,Q86T82,P46527,USP37,CDKN1B,459,558,enzyme_substrate,1
DUB|Q86T82|P78396,DUB|Q86T82,DUB,Q86T82,P78396,USP37,CCNA1,459,2029,enzyme_substrate,1
DUB|Q86T82|Q05516,DUB|Q86T82,DUB,Q86T82,Q05516,USP37,ZBTB16,459,2030,enzyme_substrate,1
DUB|Q86T82|Q99814,DUB|Q86T82,DUB,Q86T82,Q99814,USP37,EPAS1,459,875,enzyme_substrate,1
DUB|Q86T82|Q9H211,DUB|Q86T82,DUB,Q86T82,Q9H211,USP37,CDT1,459,782,enzyme_substrate,1
DUB|Q86UV5|P04908,DUB|Q86UV5,DUB,Q86UV5,P04908,USP48,HIST1H2AE,460,577,enzyme_substrate,1
DUB|Q86UV5|P08151,DUB|Q86UV5,DUB,Q86UV5,P08151,USP48,GLI1,460,589,enzyme_substrate,1
DUB|Q86UV5|Q04206,DUB|Q86UV5,DUB,Q86UV5,Q04206,USP48,RELA,460,540,enzyme_substrate,1
DUB|Q86UV5|Q12933,DUB|Q86UV5,DUB,Q86UV5,Q12933,USP48,TRAF2,460,101,enzyme_substrate,1
DUB|Q86UV5|Q6FI13,DUB|Q86UV5,DUB,Q86UV5,Q6FI13,USP48,HIST2H2AA4,460,580,enzyme_substrate,1
DUB|Q86UV5|Q8N6T7,DUB|Q86UV5,DUB,Q86UV5,Q8N6T7,USP48,SIRT6,460,1885,enzyme_substrate,1
DUB|Q8N5J2|P46937,DUB|Q8N5J2,DUB,Q8N5J2,P46937,MINDY1,YAP1,461,632,enzyme_substrate,1
DUB|Q8NB14|O60341,DUB|Q8NB14,DUB,Q8NB14,O60341,USP38,KDM1A,462,2021,enzyme_substrate,1
DUB|Q8NB14|P01106,DUB|Q8NB14,DUB,Q8NB14,P01106,USP38,MYC,462,709,enzyme_substrate,1
DUB|Q8NB14|Q9UHD2,DUB|Q8NB14,DUB,Q8NB14,Q9UHD2,USP38,TBK1,462,767,enzyme_substrate,1
DUB|Q8TEY7|O43303,DUB|Q8TEY7,DUB,Q8TEY7,O43303,USP33,CCP110,463,879,enzyme_substrate,1
DUB|Q8TEY7|O60260,DUB|Q8TEY7,DUB,Q8TEY7,O60260,USP33,PRKN,463,23,enzyme_substrate,1
DUB|Q8TEY7|P01106,DUB|Q8TEY7,DUB,Q8TEY7,P01106,USP33,MYC,463,709,enzyme_substrate,1
DUB|Q8TEY7|P07550,DUB|Q8TEY7,DUB,Q8TEY7,P07550,USP33,ADRB2,463,867,enzyme_substrate,1
DUB|Q8TEY7|P11234,DUB|Q8TEY7,DUB,Q8TEY7,P11234,USP33,RALB,463,2031,enzyme_substrate,1
DUB|Q8TEY7|P28562,DUB|Q8TEY7,DUB,Q8TEY7,P28562,USP33,DUSP1,463,1116,enzyme_substrate,1
DUB|Q8TEY7|P32121,DUB|Q8TEY7,DUB,Q8TEY7,P32121,USP33,ARRB2,463,1013,enzyme_substrate,1
DUB|Q8TEY7|P35813,DUB|Q8TEY7,DUB,Q8TEY7,P35813,USP33,PPM1A,463,1350,enzyme_substrate,1
DUB|Q8TEY7|P49407,DUB|Q8TEY7,DUB,Q8TEY7,P49407,USP33,ARRB1,463,1020,enzyme_substrate,1
DUB|Q8TEY7|Q92813,DUB|Q8TEY7,DUB,Q8TEY7,Q92813,USP33,DIO2,463,666,enzyme_substrate,1
DUB|Q8TEY7|Q9Y6N7,DUB|Q8TEY7,DUB,Q8TEY7,Q9Y6N7,USP33,ROBO1,463,2032,enzyme_substrate,1
DUB|Q92560|O15294,DUB|Q92560,DUB,Q92560,O15294,BAP1,OGT,464,1269,enzyme_substrate,1
DUB|Q92560|P0C0S8,DUB|Q92560,DUB,Q92560,P0C0S8,BAP1,HIST1H2AM,464,691,enzyme_substrate,1
DUB|Q92560|P16104,DUB|Q92560,DUB,Q92560,P16104,BAP1,H2AFX,464,579,enzyme_substrate,1
DUB|Q92560|P25490,DUB|Q92560,DUB,Q92560,P25490,BAP1,YY1,464,1360,enzyme_substrate,1
DUB|Q92560|P27348,DUB|Q92560,DUB,Q92560,P27348,BAP1,YWHAQ,464,2033,enzyme_substrate,1
DUB|Q92560|P38398,DUB|Q92560,DUB,Q92560,P38398,BAP1,BRCA1,464,76,enzyme_substrate,1
DUB|Q92560|P46531,DUB|Q92560,DUB,Q92560,P46531,BAP1,NOTCH1,464,904,enzyme_substrate,1
DUB|Q92560|P51610,DUB|Q92560,DUB,Q92560,P51610,BAP1,HCFC1,464,2034,enzyme_substrate,1
DUB|Q92560|P60484,DUB|Q92560,DUB,Q92560,P60484,BAP1,PTEN,464,509,enzyme_substrate,1
DUB|Q92560|Q01167,DUB|Q92560,DUB,Q92560,Q01167,BAP1,FOXK2,464,2035,enzyme_substrate,1
DUB|Q92560|Q13887,DUB|Q92560,DUB,Q92560,Q13887,BAP1,KLF5,464,1159,enzyme_substrate,1
DUB|Q92560|Q15831,DUB|Q92560,DUB,Q92560,Q15831,BAP1,STK11,464,1130,enzyme_substrate,1
DUB|Q92560|Q16777,DUB|Q92560,DUB,Q92560,Q16777,BAP1,HIST2H2AC,464,696,enzyme_substrate,1
DUB|Q92560|Q6FI13,DUB|Q92560,DUB,Q92560,Q6FI13,BAP1,HIST2H2AA4,464,580,enzyme_substrate,1
DUB|Q92560|Q96CW5,DUB|Q92560,DUB,Q92560,Q96CW5,BAP1,TUBGCP3,464,2036,enzyme_substrate,1
DUB|Q92905|O43623,DUB|Q92905,DUB,Q92905,O43623,COPS5,SNAI2,465,756,enzyme_substrate,1
DUB|Q92905|O95863,DUB|Q92905,DUB,Q92905,O95863,COPS5,SNAI1,465,758,enzyme_substrate,1
DUB|Q92905|Q13619,DUB|Q92905,DUB,Q92905,Q13619,COPS5,CUL4A,465,2037,enzyme_substrate,1
DUB|Q92905|Q9NZQ7,DUB|Q92905,DUB,Q92905,Q9NZQ7,COPS5,CD274,465,614,enzyme_substrate,1
DUB|Q92995|A0A291NLA3,DUB|Q92995,DUB,Q92995,A0A291NLA3,USP13,SIGIRR,466,2038,enzyme_substrate,1
DUB|Q92995|O75030,DUB|Q92995,DUB,Q92995,O75030,USP13,MITF,466,2039,enzyme_substrate,1
DUB|Q92995|P01106,DUB|Q92995,DUB,Q92995,P01106,USP13,MYC,466,709,enzyme_substrate,1
DUB|Q92995|P11441,DUB|Q92995,DUB,Q92995,P11441,USP13,UBL4A,466,62,enzyme_substrate,1
DUB|Q92995|P53396,DUB|Q92995,DUB,Q92995,P53396,USP13,ACLY,466,2040,enzyme_substrate,1
DUB|Q92995|P60484,DUB|Q92995,DUB,Q92995,P60484,USP13,PTEN,466,509,enzyme_substrate,1
DUB|Q92995|Q02218,DUB|Q92995,DUB,Q92995,Q02218,USP13,OGDH,466,2041,enzyme_substrate,1
DUB|Q92995|Q07820,DUB|Q92995,DUB,Q92995,Q07820,USP13,MCL1,466,1070,enzyme_substrate,1
DUB|Q92995|Q13309,DUB|Q92995,DUB,Q92995,Q13309,USP13,SKP2,466,110,enzyme_substrate,1
DUB|Q92995|Q14457,DUB|Q92995,DUB,Q92995,Q14457,USP13,BECN1,466,681,enzyme_substrate,1
DUB|Q92995|Q14694,DUB|Q92995,DUB,Q92995,Q14694,USP13,USP10,466,436,enzyme_substrate,1
DUB|Q92995|Q86WV6,DUB|Q92995,DUB,Q92995,Q86WV6,USP13,TMEM173,466,860,enzyme_substrate,1
DUB|Q92995|Q8NEB9,DUB|Q92995,DUB,Q92995,Q8NEB9,USP13,PIK3C3,466,1170,enzyme_substrate,1
DUB|Q92995|Q92547,DUB|Q92995,DUB,Q92995,Q92547,USP13,TOPBP1,466,716,enzyme_substrate,1
DUB|Q92995|Q96P20,DUB|Q92995,DUB,Q92995,Q96P20,USP13,NLRP3,466,650,enzyme_substrate,1
DUB|Q92995|Q96RL1,DUB|Q92995,DUB,Q92995,Q96RL1,USP13,UIMC1,466,2042,enzyme_substrate,1
DUB|Q93008|A5PKW4,DUB|Q93008,DUB,Q93008,A5PKW4,USP9X,PSD,467,2043,enzyme_substrate,1
DUB|Q93008|O00327,DUB|Q93008,DUB,Q93008,O00327,USP9X,ARNTL,467,1049,enzyme_substrate,1
DUB|Q93008|O00512,DUB|Q93008,DUB,Q93008,O00512,USP9X,BCL9,467,2044,enzyme_substrate,1
DUB|Q93008|O14641,DUB|Q93008,DUB,Q93008,O14641,USP9X,DVL2,467,865,enzyme_substrate,1
DUB|Q93008|O14684,DUB|Q93008,DUB,Q93008,O14684,USP9X,PTGES,467,2045,enzyme_substrate,1
DUB|Q93008|O43524,DUB|Q93008,DUB,Q93008,O43524,USP9X,FOXO3,467,993,enzyme_substrate,1
DUB|Q93008|O60285,DUB|Q93008,DUB,Q93008,O60285,USP9X,NUAK1,467,2046,enzyme_substrate,1
DUB|Q93008|O95835,DUB|Q93008,DUB,Q93008,O95835,USP9X,LATS1,467,52,enzyme_substrate,1
DUB|Q93008|O95999,DUB|Q93008,DUB,Q93008,O95999,USP9X,BCL10,467,890,enzyme_substrate,1
DUB|Q93008|P04626,DUB|Q93008,DUB,Q93008,P04626,USP9X,ERBB2,467,792,enzyme_substrate,1
DUB|Q93008|P04637,DUB|Q93008,DUB,Q93008,P04637,USP9X,TP53,467,528,enzyme_substrate,1
DUB|Q93008|P11308,DUB|Q93008,DUB,Q93008,P11308,USP9X,ERG,467,592,enzyme_substrate,1
DUB|Q93008|P12830,DUB|Q93008,DUB,Q93008,P12830,USP9X,CDH1,467,63,enzyme_substrate,1
DUB|Q93008|P14921,DUB|Q93008,DUB,Q93008,P14921,USP9X,ETS1,467,1359,enzyme_substrate,1
DUB|Q93008|P16949,DUB|Q93008,DUB,Q93008,P16949,USP9X,STMN1,467,1748,enzyme_substrate,1
DUB|Q93008|P23588,DUB|Q93008,DUB,Q93008,P23588,USP9X,EIF4B,467,2047,enzyme_substrate,1
DUB|Q93008|P33981,DUB|Q93008,DUB,Q93008,P33981,USP9X,TTK,467,2048,enzyme_substrate,1
DUB|Q93008|P35222,DUB|Q93008,DUB,Q93008,P35222,USP9X,CTNNB1,467,674,enzyme_substrate,1
DUB|Q93008|P37840,DUB|Q93008,DUB,Q93008,P37840,USP9X,SNCA,467,556,enzyme_substrate,1
DUB|Q93008|P38398,DUB|Q93008,DUB,Q93008,P38398,USP9X,BRCA1,467,76,enzyme_substrate,1
DUB|Q93008|P42345,DUB|Q93008,DUB,Q93008,P42345,USP9X,MTOR,467,821,enzyme_substrate,1
DUB|Q93008|P42566,DUB|Q93008,DUB,Q93008,P42566,USP9X,EPS15,467,631,enzyme_substrate,1
DUB|Q93008|P43403,DUB|Q93008,DUB,Q93008,P43403,USP9X,ZAP70,467,822,enzyme_substrate,1
DUB|Q93008|P46937,DUB|Q93008,DUB,Q93008,P46937,USP9X,YAP1,467,632,enzyme_substrate,1
DUB|Q93008|P47895,DUB|Q93008,DUB,Q93008,P47895,USP9X,ALDH1A3,467,2049,enzyme_substrate,1
DUB|Q93008|P48431,DUB|Q93008,DUB,Q93008,P48431,USP9X,SOX2,467,712,enzyme_substrate,1
DUB|Q93008|P50542,DUB|Q93008,DUB,Q93008,P50542,USP9X,PEX5,467,518,enzyme_substrate,1
DUB|Q93008|P60842,DUB|Q93008,DUB,Q93008,P60842,USP9X,EIF4A1,467,2050,enzyme_substrate,1
DUB|Q93008|Q07820,DUB|Q93008,DUB,Q93008,Q07820,USP9X,MCL1,467,1070,enzyme_substrate,1
DUB|Q93008|Q12809,DUB|Q93008,DUB,Q93008,Q12809,USP9X,KCNH2,467,597,enzyme_substrate,1
DUB|Q93008|Q13485,DUB|Q93008,DUB,Q93008,Q13485,USP9X,SMAD4,467,1129,enzyme_substrate,1
DUB|Q93008|Q14457,DUB|Q93008,DUB,Q93008,Q14457,USP9X,BECN1,467,681,enzyme_substrate,1
DUB|Q93008|Q15051,DUB|Q93008,DUB,Q93008,Q15051,USP9X,IQCB1,467,2051,enzyme_substrate,1
DUB|Q93008|Q15154,DUB|Q93008,DUB,Q93008,Q15154,USP9X,PCM1,467,1330,enzyme_substrate,1
DUB|Q93008|Q15797,DUB|Q93008,DUB,Q93008,Q15797,USP9X,SMAD1,467,1652,enzyme_substrate,1
DUB|Q93008|Q53EZ4,DUB|Q93008,DUB,Q93008,Q53EZ4,USP9X,CEP55,467,2052,enzyme_substrate,1
DUB|Q93008|Q6R327,DUB|Q93008,DUB,Q93008,Q6R327,USP9X,RICTOR,467,158,enzyme_substrate,1
DUB|Q93008|Q86YR5,DUB|Q93008,DUB,Q93008,Q86YR5,USP9X,GPSM1,467,2053,enzyme_substrate,1
DUB|Q93008|Q86YT6,DUB|Q93008,DUB,Q93008,Q86YT6,USP9X,MIB1,467,189,enzyme_substrate,1
DUB|Q93008|Q8NAP3,DUB|Q93008,DUB,Q93008,Q8NAP3,USP9X,ZBTB38,467,746,enzyme_substrate,1
DUB|Q93008|Q8WTU0,DUB|Q93008,DUB,Q93008,Q8WTU0,USP9X,DDI1,467,1061,enzyme_substrate,1
DUB|Q93008|Q969H0,DUB|Q93008,DUB,Q93008,Q969H0,USP9X,FBXW7,467,247,enzyme_substrate,1
DUB|Q93008|Q96J02,DUB|Q93008,DUB,Q93008,Q96J02,USP9X,ITCH,467,267,enzyme_substrate,1
DUB|Q93008|Q96L34,DUB|Q93008,DUB,Q93008,Q96L34,USP9X,MARK4,467,2054,enzyme_substrate,1
DUB|Q93008|Q96RU7,DUB|Q93008,DUB,Q93008,Q96RU7,USP9X,TRIB3,467,280,enzyme_substrate,1
DUB|Q93008|Q99683,DUB|Q93008,DUB,Q93008,Q99683,USP9X,MAP3K5,467,1149,enzyme_substrate,1
DUB|Q93008|Q9H3R0,DUB|Q93008,DUB,Q93008,Q9H3R0,USP9X,KDM4C,467,2055,enzyme_substrate,1
DUB|Q93008|Q9H6Z9,DUB|Q93008,DUB,Q93008,Q9H6Z9,USP9X,EGLN3,467,571,enzyme_substrate,1
DUB|Q93008|Q9H992,DUB|Q93008,DUB,Q93008,Q9H992,USP9X,MARCHF7,467,326,enzyme_substrate,1
DUB|Q93008|Q9HCE7,DUB|Q93008,DUB,Q93008,Q9HCE7,USP9X,SMURF1,467,328,enzyme_substrate,1
DUB|Q93008|Q9NRM7,DUB|Q93008,DUB,Q93008,Q9NRM7,USP9X,LATS2,467,572,enzyme_substrate,1
DUB|Q93008|Q9NYV9,DUB|Q93008,DUB,Q93008,Q9NYV9,USP9X,TAS2R13,467,2056,enzyme_substrate,1
DUB|Q93008|Q9NZQ7,DUB|Q93008,DUB,Q93008,Q9NZQ7,USP9X,CD274,467,614,enzyme_substrate,1
DUB|Q93008|Q9UPN4,DUB|Q93008,DUB,Q93008,Q9UPN4,USP9X,CEP131,467,1332,enzyme_substrate,1
DUB|Q93008|Q9Y2J4,DUB|Q93008,DUB,Q93008,Q9Y2J4,USP9X,AMOTL2,467,1630,enzyme_substrate,1
DUB|Q93008|Q9Y4H2,DUB|Q93008,DUB,Q93008,Q9Y4H2,USP9X,IRS2,467,525,enzyme_substrate,1
DUB|Q93008|Q9Y4L5,DUB|Q93008,DUB,Q93008,Q9Y4L5,USP9X,RNF115,467,408,enzyme_substrate,1
DUB|Q93009|O14757,DUB|Q93009,DUB,Q93009,O14757,USP7,CHEK1,468,1268,enzyme_substrate,1
DUB|Q93009|O14773,DUB|Q93009,DUB,Q93009,O14773,USP7,TPP1,468,687,enzyme_substrate,1
DUB|Q93009|O14965,DUB|Q93009,DUB,Q93009,O14965,USP7,AURKA,468,11,enzyme_substrate,1
DUB|Q93009|O15151,DUB|Q93009,DUB,Q93009,O15151,USP7,MDM4,468,12,enzyme_substrate,1
DUB|Q93009|O15169,DUB|Q93009,DUB,Q93009,O15169,USP7,AXIN1,468,1167,enzyme_substrate,1
DUB|Q93009|O15524,DUB|Q93009,DUB,Q93009,O15524,USP7,SOCS1,468,16,enzyme_substrate,1
DUB|Q93009|O43524,DUB|Q93009,DUB,Q93009,O43524,USP7,FOXO3,468,993,enzyme_substrate,1
DUB|Q93009|O43663,DUB|Q93009,DUB,Q93009,O43663,USP7,PRC1,468,20,enzyme_substrate,1
DUB|Q93009|O43684,DUB|Q93009,DUB,Q93009,O43684,USP7,BUB3,468,2057,enzyme_substrate,1
DUB|Q93009|O60341,DUB|Q93009,DUB,Q93009,O60341,USP7,KDM1A,468,2021,enzyme_substrate,1
DUB|Q93009|O75444,DUB|Q93009,DUB,Q93009,O75444,USP7,MAF,468,887,enzyme_substrate,1
DUB|Q93009|P00519,DUB|Q93009,DUB,Q93009,P00519,USP7,ABL1,468,789,enzyme_substrate,1
DUB|Q93009|P01106,DUB|Q93009,DUB,Q93009,P01106,USP7,MYC,468,709,enzyme_substrate,1
DUB|Q93009|P04198,DUB|Q93009,DUB,Q93009,P04198,USP7,MYCN,468,894,enzyme_substrate,1
DUB|Q93009|P04637,DUB|Q93009,DUB,Q93009,P04637,USP7,TP53,468,528,enzyme_substrate,1
DUB|Q93009|P06400,DUB|Q93009,DUB,Q93009,P06400,USP7,RB1,468,1002,enzyme_substrate,1
DUB|Q93009|P08151,DUB|Q93009,DUB,Q93009,P08151,USP7,GLI1,468,589,enzyme_substrate,1
DUB|Q93009|P10275,DUB|Q93009,DUB,Q93009,P10275,USP7,AR,468,554,enzyme_substrate,1
DUB|Q93009|P10276,DUB|Q93009,DUB,Q93009,P10276,USP7,RARA,468,1003,enzyme_substrate,1
DUB|Q93009|P11474,DUB|Q93009,DUB,Q93009,P11474,USP7,ESRRA,468,2058,enzyme_substrate,1
DUB|Q93009|P12004,DUB|Q93009,DUB,Q93009,P12004,USP7,PCNA,468,692,enzyme_substrate,1
DUB|Q93009|P14373,DUB|Q93009,DUB,Q93009,P14373,USP7,TRIM27,468,64,enzyme_substrate,1
DUB|Q93009|P19838,DUB|Q93009,DUB,Q93009,P19838,USP7,NFKB1,468,1219,enzyme_substrate,1
DUB|Q93009|P23759,DUB|Q93009,DUB,Q93009,P23759,USP7,PAX7,468,899,enzyme_substrate,1
DUB|Q93009|P26358,DUB|Q93009,DUB,Q93009,P26358,USP7,DNMT1,468,1593,enzyme_substrate,1
DUB|Q93009|P29590,DUB|Q93009,DUB,Q93009,P29590,USP7,PML,468,71,enzyme_substrate,1
DUB|Q93009|P30304,DUB|Q93009,DUB,Q93009,P30304,USP7,CDC25A,468,1808,enzyme_substrate,1
DUB|Q93009|P35222,DUB|Q93009,DUB,Q93009,P35222,USP7,CTNNB1,468,674,enzyme_substrate,1
DUB|Q93009|P35226,DUB|Q93009,DUB,Q93009,P35226,USP7,BMI1,468,72,enzyme_substrate,1
DUB|Q93009|P35568,DUB|Q93009,DUB,Q93009,P35568,USP7,IRS1,468,522,enzyme_substrate,1
DUB|Q93009|P37231,DUB|Q93009,DUB,Q93009,P37231,USP7,PPARG,468,75,enzyme_substrate,1
DUB|Q93009|P46531,DUB|Q93009,DUB,Q93009,P46531,USP7,NOTCH1,468,904,enzyme_substrate,1
DUB|Q93009|P46937,DUB|Q93009,DUB,Q93009,P46937,USP7,YAP1,468,632,enzyme_substrate,1
DUB|Q93009|P48764,DUB|Q93009,DUB,Q93009,P48764,USP7,SLC9A3,468,2014,enzyme_substrate,1
DUB|Q93009|P51955,DUB|Q93009,DUB,Q93009,P51955,USP7,NEK2,468,634,enzyme_substrate,1
DUB|Q93009|P51965,DUB|Q93009,DUB,Q93009,P51965,USP7,UBE2E1,468,2059,enzyme_substrate,1
DUB|Q93009|P53350,DUB|Q93009,DUB,Q93009,P53350,USP7,PLK1,468,1182,enzyme_substrate,1
DUB|Q93009|P60484,DUB|Q93009,DUB,Q93009,P60484,USP7,PTEN,468,509,enzyme_substrate,1
DUB|Q93009|P62807,DUB|Q93009,DUB,Q93009,P62807,USP7,HIST1H2BI,468,1217,enzyme_substrate,1
DUB|Q93009|P98177,DUB|Q93009,DUB,Q93009,P98177,USP7,FOXO4,468,1025,enzyme_substrate,1
DUB|Q93009|Q00987,DUB|Q93009,DUB,Q93009,Q00987,USP7,MDM2,468,94,enzyme_substrate,1
DUB|Q93009|Q01831,DUB|Q93009,DUB,Q93009,Q01831,USP7,XPC,468,1440,enzyme_substrate,1
DUB|Q93009|Q01860,DUB|Q93009,DUB,Q93009,Q01860,USP7,POU5F1,468,511,enzyme_substrate,1
DUB|Q93009|Q03468,DUB|Q93009,DUB,Q93009,Q03468,USP7,ERCC6,468,1099,enzyme_substrate,1
DUB|Q93009|Q04206,DUB|Q93009,DUB,Q93009,Q04206,USP7,RELA,468,540,enzyme_substrate,1
DUB|Q93009|Q07820,DUB|Q93009,DUB,Q93009,Q07820,USP7,MCL1,468,1070,enzyme_substrate,1
DUB|Q93009|Q12778,DUB|Q93009,DUB,Q93009,Q12778,USP7,FOXO1,468,1028,enzyme_substrate,1
DUB|Q93009|Q12888,DUB|Q93009,DUB,Q93009,Q12888,USP7,TP53BP1,468,598,enzyme_substrate,1
DUB|Q93009|Q13127,DUB|Q93009,DUB,Q93009,Q13127,USP7,REST,468,1810,enzyme_substrate,1
DUB|Q93009|Q13546,DUB|Q93009,DUB,Q93009,Q13546,USP7,RIPK1,468,783,enzyme_substrate,1
DUB|Q93009|Q14527,DUB|Q93009,DUB,Q93009,Q14527,USP7,HLTF,468,119,enzyme_substrate,1
DUB|Q93009|Q14669,DUB|Q93009,DUB,Q93009,Q14669,USP7,TRIP12,468,120,enzyme_substrate,1
DUB|Q93009|Q15910,DUB|Q93009,DUB,Q93009,Q15910,USP7,EZH2,468,1387,enzyme_substrate,1
DUB|Q93009|Q16204,DUB|Q93009,DUB,Q93009,Q16204,USP7,CCDC6,468,1457,enzyme_substrate,1
DUB|Q93009|Q16526,DUB|Q93009,DUB,Q93009,Q16526,USP7,CRY1,468,1771,enzyme_substrate,1
DUB|Q93009|Q16656,DUB|Q93009,DUB,Q93009,Q16656,USP7,NRF1,468,562,enzyme_substrate,1
DUB|Q93009|Q16665,DUB|Q93009,DUB,Q93009,Q16665,USP7,HIF1A,468,563,enzyme_substrate,1
DUB|Q93009|Q16778,DUB|Q93009,DUB,Q93009,Q16778,USP7,H2BC21,468,676,enzyme_substrate,1
DUB|Q93009|Q2YD98,DUB|Q93009,DUB,Q93009,Q2YD98,USP7,UVSSA,468,2060,enzyme_substrate,1
DUB|Q93009|Q49AN0,DUB|Q93009,DUB,Q93009,Q49AN0,USP7,CRY2,468,1458,enzyme_substrate,1
DUB|Q93009|Q8IXJ9,DUB|Q93009,DUB,Q93009,Q8IXJ9,USP7,ASXL1,468,2061,enzyme_substrate,1
DUB|Q93009|Q8IYW5,DUB|Q93009,DUB,Q93009,Q8IYW5,USP7,RNF168,468,199,enzyme_substrate,1
DUB|Q93009|Q8NHW3,DUB|Q93009,DUB,Q93009,Q8NHW3,USP7,MAFA,468,2062,enzyme_substrate,1
DUB|Q93009|Q92993,DUB|Q93009,DUB,Q93009,Q92993,USP7,KAT5,468,1042,enzyme_substrate,1
DUB|Q93009|Q96C12,DUB|Q93009,DUB,Q93009,Q96C12,USP7,ARMC5,468,2063,enzyme_substrate,1
DUB|Q93009|Q96EP1,DUB|Q93009,DUB,Q93009,Q96EP1,USP7,CHFR,468,261,enzyme_substrate,1
DUB|Q93009|Q96PU5,DUB|Q93009,DUB,Q93009,Q96PU5,USP7,NEDD4L,468,278,enzyme_substrate,1
DUB|Q93009|Q96T88,DUB|Q93009,DUB,Q93009,Q96T88,USP7,UHRF1,468,283,enzyme_substrate,1
DUB|Q93009|Q99496,DUB|Q93009,DUB,Q93009,Q99496,USP7,RNF2,468,284,enzyme_substrate,1
DUB|Q93009|Q9BZS1,DUB|Q93009,DUB,Q93009,Q9BZS1,USP7,FOXP3,468,1045,enzyme_substrate,1
DUB|Q93009|Q9H8V3,DUB|Q93009,DUB,Q93009,Q9H8V3,USP7,ECT2,468,2064,enzyme_substrate,1
DUB|Q93009|Q9H992,DUB|Q93009,DUB,Q93009,Q9H992,USP7,MARCHF7,468,326,enzyme_substrate,1
DUB|Q93009|Q9HAW4,DUB|Q93009,DUB,Q93009,Q9HAW4,USP7,CLSPN,468,863,enzyme_substrate,1
DUB|Q93009|Q9NRC8,DUB|Q93009,DUB,Q93009,Q9NRC8,USP7,SIRT7,468,2065,enzyme_substrate,1
DUB|Q93009|Q9NS91,DUB|Q93009,DUB,Q93009,Q9NS91,USP7,RAD18,468,338,enzyme_substrate,1
DUB|Q93009|Q9NSA3,DUB|Q93009,DUB,Q93009,Q9NSA3,USP7,CTNNBIP1,468,2066,enzyme_substrate,1
DUB|Q93009|Q9UER7,DUB|Q93009,DUB,Q93009,Q9UER7,USP7,DAXX,468,615,enzyme_substrate,1
DUB|Q93009|Q9UPP1,DUB|Q93009,DUB,Q93009,Q9UPP1,USP7,PHF8,468,1075,enzyme_substrate,1
DUB|Q93009|Q9Y253,DUB|Q93009,DUB,Q93009,Q9Y253,USP7,POLH,468,1559,enzyme_substrate,1
DUB|Q93009|Q9Y4H2,DUB|Q93009,DUB,Q93009,Q9Y4H2,USP7,IRS2,468,525,enzyme_substrate,1
DUB|Q93009|Q9Y6K9,DUB|Q93009,DUB,Q93009,Q9Y6K9,USP7,IKBKG,468,663,enzyme_substrate,1
DUB|Q96BN8|O75143,DUB|Q96BN8,DUB,Q96BN8,O75143,OTULIN,ATG13,469,2067,enzyme_substrate,1
DUB|Q96BN8|P37023,DUB|Q96BN8,DUB,Q96BN8,P37023,OTULIN,ACVRL1,469,2068,enzyme_substrate,1
DUB|Q96BN8|Q9Y6K9,DUB|Q96BN8,DUB,Q96BN8,Q9Y6K9,OTULIN,IKBKG,469,663,enzyme_substrate,1
DUB|Q96DC9|P10070,DUB|Q96DC9,DUB,Q96DC9,P10070,OTUB2,GLI2,470,590,enzyme_substrate,1
DUB|Q96DC9|Q13114,DUB|Q96DC9,DUB,Q96DC9,Q13114,OTUB2,TRAF3,470,105,enzyme_substrate,1
DUB|Q96DC9|Q9Y468,DUB|Q96DC9,DUB,Q96DC9,Q9Y468,OTUB2,L3MBTL1,470,2069,enzyme_substrate,1
DUB|Q96DC9|Q9Y4K3,DUB|Q96DC9,DUB,Q96DC9,Q9Y4K3,OTUB2,TRAF6,470,407,enzyme_substrate,1
DUB|Q96DX7|Q16665,DUB|Q96DX7,DUB,Q96DX7,Q16665,TRIM44,HIF1A,471,563,enzyme_substrate,1
DUB|Q96DX7|Q9Y577,DUB|Q96DX7,DUB,Q96DX7,Q9Y577,TRIM44,TRIM17,471,412,enzyme_substrate,1
DUB|Q96F44|Q16828,DUB|Q96F44,DUB,Q96F44,Q16828,TRIM11,DUSP6,264,603,enzyme_substrate,1
DUB|Q96FW1|O95863,DUB|Q96FW1,DUB,Q96FW1,O95863,OTUB1,SNAI1,472,758,enzyme_substrate,1
DUB|Q96FW1|P03372,DUB|Q96FW1,DUB,Q96FW1,P03372,OTUB1,ESR1,472,586,enzyme_substrate,1
DUB|Q96FW1|P04637,DUB|Q96FW1,DUB,Q96FW1,P04637,OTUB1,TP53,472,528,enzyme_substrate,1
DUB|Q96FW1|P10636,DUB|Q96FW1,DUB,Q96FW1,P10636,OTUB1,MAPT,472,1298,enzyme_substrate,1
DUB|Q96FW1|P22736,DUB|Q96FW1,DUB,Q96FW1,P22736,OTUB1,NR4A1,472,670,enzyme_substrate,1
DUB|Q96FW1|P27694,DUB|Q96FW1,DUB,Q96FW1,P27694,OTUB1,RPA1,472,1853,enzyme_substrate,1
DUB|Q96FW1|P43246,DUB|Q96FW1,DUB,Q96FW1,P43246,OTUB1,MSH2,472,2013,enzyme_substrate,1
DUB|Q96FW1|P51965,DUB|Q96FW1,DUB,Q96FW1,P51965,OTUB1,UBE2E1,472,2059,enzyme_substrate,1
DUB|Q96FW1|P61088,DUB|Q96FW1,DUB,Q96FW1,P61088,OTUB1,UBE2N,472,2070,enzyme_substrate,1
DUB|Q96FW1|P84022,DUB|Q96FW1,DUB,Q96FW1,P84022,OTUB1,SMAD3,472,510,enzyme_substrate,1
DUB|Q96FW1|Q08050,DUB|Q96FW1,DUB,Q96FW1,Q08050,OTUB1,FOXM1,472,1817,enzyme_substrate,1
DUB|Q96FW1|Q13114,DUB|Q96FW1,DUB,Q96FW1,Q13114,OTUB1,TRAF3,472,105,enzyme_substrate,1
DUB|Q96FW1|Q13490,DUB|Q96FW1,DUB,Q96FW1,Q13490,OTUB1,BIRC2,472,113,enzyme_substrate,1
DUB|Q96FW1|Q15796,DUB|Q96FW1,DUB,Q96FW1,Q15796,OTUB1,SMAD2,472,1253,enzyme_substrate,1
DUB|Q96FW1|Q8TB45,DUB|Q96FW1,DUB,Q96FW1,Q8TB45,OTUB1,DEPTOR,472,764,enzyme_substrate,1
DUB|Q96FW1|Q9NZQ7,DUB|Q96FW1,DUB,Q96FW1,Q9NZQ7,OTUB1,CD274,472,614,enzyme_substrate,1
DUB|Q96FW1|Q9UPY5,DUB|Q96FW1,DUB,Q96FW1,Q9UPY5,OTUB1,SLC7A11,472,2071,enzyme_substrate,1
DUB|Q96FW1|Q9Y4K3,DUB|Q96FW1,DUB,Q96FW1,Q9Y4K3,OTUB1,TRAF6,472,407,enzyme_substrate,1
DUB|Q96G74|O00463,DUB|Q96G74,DUB,Q96G74,O00463,OTUD5,TRAF5,473,2072,enzyme_substrate,1
DUB|Q96G74|O14737,DUB|Q96G74,DUB,Q96G74,O14737,OTUD5,PDCD5,473,2073,enzyme_substrate,1
DUB|Q96G74|O95071,DUB|Q96G74,DUB,Q96G74,O95071,OTUD5,UBR5,473,44,enzyme_substrate,1
DUB|Q96G74|P04637,DUB|Q96G74,DUB,Q96G74,P04637,OTUD5,TP53,473,528,enzyme_substrate,1
DUB|Q96G74|P13010,DUB|Q96G74,DUB,Q96G74,P13010,OTUD5,XRCC5,473,693,enzyme_substrate,1
DUB|Q96G74|Q12933,DUB|Q96G74,DUB,Q96G74,Q12933,OTUD5,TRAF2,473,101,enzyme_substrate,1
DUB|Q96G74|Q13114,DUB|Q96G74,DUB,Q96G74,Q13114,OTUD5,TRAF3,473,105,enzyme_substrate,1
DUB|Q96G74|Q14258,DUB|Q96G74,DUB,Q96G74,Q14258,OTUD5,TRIM25,473,118,enzyme_substrate,1
DUB|Q96G74|Q9Y4K3,DUB|Q96G74,DUB,Q96G74,Q9Y4K3,OTUD5,TRAF6,473,407,enzyme_substrate,1
DUB|Q96JH7|Q9H040,DUB|Q96JH7,DUB,Q96JH7,Q9H040,VCPIP1,SPRTN,474,1986,enzyme_substrate,1
DUB|Q96JH7|Q9NY99,DUB|Q96JH7,DUB,Q96JH7,Q9NY99,VCPIP1,SNTG2,474,2074,enzyme_substrate,1
DUB|Q96K76|O95863,DUB|Q96K76,DUB,Q96K76,O95863,USP47,SNAI1,475,758,enzyme_substrate,1
DUB|Q96K76|P06746,DUB|Q96K76,DUB,Q96K76,P06746,USP47,POLB,475,1270,enzyme_substrate,1
DUB|Q96K76|P12830,DUB|Q96K76,DUB,Q96K76,P12830,USP47,CDH1,475,63,enzyme_substrate,1
DUB|Q96K76|P35222,DUB|Q96K76,DUB,Q96K76,P35222,USP47,CTNNB1,475,674,enzyme_substrate,1
DUB|Q96K76|Q9UGP5,DUB|Q96K76,DUB,Q96K76,Q9UGP5,USP47,POLL,475,1285,enzyme_substrate,1
DUB|Q96RU2|O60341,DUB|Q96RU2,DUB,Q96RU2,O60341,USP28,KDM1A,476,2021,enzyme_substrate,1
DUB|Q96RU2|O96017,DUB|Q96RU2,DUB,Q96RU2,O96017,USP28,CHEK2,476,552,enzyme_substrate,1
DUB|Q96RU2|P01106,DUB|Q96RU2,DUB,Q96RU2,P01106,USP28,MYC,476,709,enzyme_substrate,1
DUB|Q96RU2|P04637,DUB|Q96RU2,DUB,Q96RU2,P04637,USP28,TP53,476,528,enzyme_substrate,1
DUB|Q96RU2|P05412,DUB|Q96RU2,DUB,Q96RU2,P05412,USP28,JUN,476,587,enzyme_substrate,1
DUB|Q96RU2|P15056,DUB|Q96RU2,DUB,Q96RU2,P15056,USP28,BRAF,476,1372,enzyme_substrate,1
DUB|Q96RU2|P24864,DUB|Q96RU2,DUB,Q96RU2,P24864,USP28,CCNE1,476,593,enzyme_substrate,1
DUB|Q96RU2|P40763,DUB|Q96RU2,DUB,Q96RU2,P40763,USP28,STAT3,476,1016,enzyme_substrate,1
DUB|Q96RU2|P46531,DUB|Q96RU2,DUB,Q96RU2,P46531,USP28,NOTCH1,476,904,enzyme_substrate,1
DUB|Q96RU2|Q12888,DUB|Q96RU2,DUB,Q96RU2,Q12888,USP28,TP53BP1,476,598,enzyme_substrate,1
DUB|Q96RU2|Q16665,DUB|Q96RU2,DUB,Q96RU2,Q16665,USP28,HIF1A,476,563,enzyme_substrate,1
DUB|Q96RU2|Q969H0,DUB|Q96RU2,DUB,Q96RU2,Q969H0,USP28,FBXW7,476,247,enzyme_substrate,1
DUB|Q96RU2|Q9HA47,DUB|Q96RU2,DUB,Q96RU2,Q9HA47,USP28,UCK1,476,2075,enzyme_substrate,1
DUB|Q96RU2|Q9HAW4,DUB|Q96RU2,DUB,Q96RU2,Q9HAW4,USP28,CLSPN,476,863,enzyme_substrate,1
DUB|Q96RU2|Q9HCX3,DUB|Q96RU2,DUB,Q96RU2,Q9HCX3,USP28,ZNF304,476,2076,enzyme_substrate,1
DUB|Q9BXU7|O15105,DUB|Q9BXU7,DUB,Q9BXU7,O15105,USP26,SMAD7,477,504,enzyme_substrate,1
DUB|Q9BXU7|O43663,DUB|Q9BXU7,DUB,Q9BXU7,O43663,USP26,PRC1,477,20,enzyme_substrate,1
DUB|Q9BXU7|O95863,DUB|Q9BXU7,DUB,Q9BXU7,O95863,USP26,SNAI1,477,758,enzyme_substrate,1
DUB|Q9BXU7|P0C0S8,DUB|Q9BXU7,DUB,Q9BXU7,P0C0S8,USP26,HIST1H2AM,477,691,enzyme_substrate,1
DUB|Q9BXU7|P10275,DUB|Q9BXU7,DUB,Q9BXU7,P10275,USP26,AR,477,554,enzyme_substrate,1
DUB|Q9BXU7|Q00987,DUB|Q9BXU7,DUB,Q9BXU7,Q00987,USP26,MDM2,477,94,enzyme_substrate,1
DUB|Q9C040|O95863,DUB|Q9C040,DUB,Q9C040,O95863,TRIM2,SNAI1,308,758,enzyme_substrate,1
DUB|Q9H0E7|O15169,DUB|Q9H0E7,DUB,Q9H0E7,O15169,USP44,AXIN1,478,1167,enzyme_substrate,1
DUB|Q9H0E7|P09467,DUB|Q9H0E7,DUB,Q9H0E7,P09467,USP44,FBP1,478,1104,enzyme_substrate,1
DUB|Q9H0E7|P0C0S8,DUB|Q9H0E7,DUB,Q9H0E7,P0C0S8,USP44,HIST1H2AM,478,691,enzyme_substrate,1
DUB|Q9H0E7|Q01860,DUB|Q9H0E7,DUB,Q9H0E7,Q01860,USP44,POU5F1,478,511,enzyme_substrate,1
DUB|Q9H0E7|Q12834,DUB|Q9H0E7,DUB,Q9H0E7,Q12834,USP44,CDC20,478,99,enzyme_substrate,1
DUB|Q9H0E7|Q13257,DUB|Q9H0E7,DUB,Q9H0E7,Q13257,USP44,MAD2L1,478,1651,enzyme_substrate,1
DUB|Q9H0E7|Q15910,DUB|Q9H0E7,DUB,Q9H0E7,Q15910,USP44,EZH2,478,1387,enzyme_substrate,1
DUB|Q9H0E7|Q16777,DUB|Q9H0E7,DUB,Q9H0E7,Q16777,USP44,HIST2H2AC,478,696,enzyme_substrate,1
DUB|Q9H0E7|Q16778,DUB|Q9H0E7,DUB,Q9H0E7,Q16778,USP44,HIST2H2BE,478,676,enzyme_substrate,1
DUB|Q9H0E7|Q86WV6,DUB|Q9H0E7,DUB,Q9H0E7,Q86WV6,USP44,STING1,478,860,enzyme_substrate,1
DUB|Q9H0E7|Q9BZS1,DUB|Q9H0E7,DUB,Q9H0E7,Q9BZS1,USP44,FOXP3,478,1045,enzyme_substrate,1
DUB|Q9H3M9|Q13887,DUB|Q9H3M9,DUB,Q9H3M9,Q13887,ATXN3L,KLF5,479,1159,enzyme_substrate,1
DUB|Q9H9J4|P04637,DUB|Q9H9J4,DUB,Q9H9J4,P04637,USP42,TP53,480,528,enzyme_substrate,1
DUB|Q9H9J4|P14780,DUB|Q9H9J4,DUB,Q9H9J4,P14780,USP42,MMP9,480,1963,enzyme_substrate,1
DUB|Q9H9J4|P62807,DUB|Q9H9J4,DUB,Q9H9J4,P62807,USP42,HIST1H2BI,480,1217,enzyme_substrate,1
DUB|Q9HBJ7|P04637,DUB|Q9HBJ7,DUB,Q9HBJ7,P04637,USP29,TP53,481,528,enzyme_substrate,1
DUB|Q9HBJ7|Q16777,DUB|Q9HBJ7,DUB,Q9HBJ7,Q16777,USP29,HIST2H2AC,481,696,enzyme_substrate,1
DUB|Q9HBJ7|Q8N884,DUB|Q9HBJ7,DUB,Q9HBJ7,Q8N884,USP29,CGAS,481,1427,enzyme_substrate,1
DUB|Q9HBJ7|Q9HAW4,DUB|Q9HBJ7,DUB,Q9HBJ7,Q9HAW4,USP29,CLSPN,481,863,enzyme_substrate,1
DUB|Q9NQC7|O14640,DUB|Q9NQC7,DUB,Q9NQC7,O14640,CYLD,DVL1,482,1255,enzyme_substrate,1
DUB|Q9NQC7|O15105,DUB|Q9NQC7,DUB,Q9NQC7,O15105,CYLD,SMAD7,482,504,enzyme_substrate,1
DUB|Q9NQC7|O43318,DUB|Q9NQC7,DUB,Q9NQC7,O43318,CYLD,MAP3K7,482,966,enzyme_substrate,1
DUB|Q9NQC7|O43353,DUB|Q9NQC7,DUB,Q9NQC7,O43353,CYLD,RIPK2,482,967,enzyme_substrate,1
DUB|Q9NQC7|O95786,DUB|Q9NQC7,DUB,Q9NQC7,O95786,CYLD,DDX58,482,51,enzyme_substrate,1
DUB|Q9NQC7|P04629,DUB|Q9NQC7,DUB,Q9NQC7,P04629,CYLD,NTRK1,482,895,enzyme_substrate,1
DUB|Q9NQC7|P04637,DUB|Q9NQC7,DUB,Q9NQC7,P04637,CYLD,TP53,482,528,enzyme_substrate,1
DUB|Q9NQC7|P06239,DUB|Q9NQC7,DUB,Q9NQC7,P06239,CYLD,LCK,482,794,enzyme_substrate,1
DUB|Q9NQC7|P20749,DUB|Q9NQC7,DUB,Q9NQC7,P20749,CYLD,BCL3,482,2077,enzyme_substrate,1
DUB|Q9NQC7|P31749,DUB|Q9NQC7,DUB,Q9NQC7,P31749,CYLD,AKT1,482,671,enzyme_substrate,1
DUB|Q9NQC7|P36897,DUB|Q9NQC7,DUB,Q9NQC7,P36897,CYLD,TGFBR1,482,869,enzyme_substrate,1
DUB|Q9NQC7|P42773,DUB|Q9NQC7,DUB,Q9NQC7,P42773,CYLD,CDKN2C,482,2078,enzyme_substrate,1
DUB|Q9NQC7|P49116,DUB|Q9NQC7,DUB,Q9NQC7,P49116,CYLD,NR2C2,482,1934,enzyme_substrate,1
DUB|Q9NQC7|P53350,DUB|Q9NQC7,DUB,Q9NQC7,P53350,CYLD,PLK1,482,1182,enzyme_substrate,1
DUB|Q9NQC7|P59044,DUB|Q9NQC7,DUB,Q9NQC7,P59044,CYLD,NLRP6,482,2079,enzyme_substrate,1
DUB|Q9NQC7|P78352,DUB|Q9NQC7,DUB,Q9NQC7,P78352,CYLD,DLG4,482,1024,enzyme_substrate,1
DUB|Q9NQC7|Q02246,DUB|Q9NQC7,DUB,Q9NQC7,Q02246,CYLD,CNTN2,482,2080,enzyme_substrate,1
DUB|Q9NQC7|Q04206,DUB|Q9NQC7,DUB,Q9NQC7,Q04206,CYLD,RELA,482,540,enzyme_substrate,1
DUB|Q9NQC7|Q12933,DUB|Q9NQC7,DUB,Q9NQC7,Q12933,CYLD,TRAF2,482,101,enzyme_substrate,1
DUB|Q9NQC7|Q13546,DUB|Q9NQC7,DUB,Q9NQC7,Q13546,CYLD,RIPK1,482,783,enzyme_substrate,1
DUB|Q9NQC7|Q14669,DUB|Q9NQC7,DUB,Q9NQC7,Q14669,CYLD,TRIP12,482,120,enzyme_substrate,1
DUB|Q9NQC7|Q15154,DUB|Q9NQC7,DUB,Q9NQC7,Q15154,CYLD,PCM1,482,1330,enzyme_substrate,1
DUB|Q9NQC7|Q6Q0C0,DUB|Q9NQC7,DUB,Q9NQC7,Q6Q0C0,CYLD,TRAF7,482,157,enzyme_substrate,1
DUB|Q9NQC7|Q8NHQ1,DUB|Q9NQC7,DUB,Q9NQC7,Q8NHQ1,CYLD,CEP70,482,2081,enzyme_substrate,1
DUB|Q9NQC7|Q96AX9,DUB|Q9NQC7,DUB,Q9NQC7,Q96AX9,CYLD,MIB2,482,254,enzyme_substrate,1
DUB|Q9NQC7|Q9NPH5,DUB|Q9NQC7,DUB,Q9NQC7,Q9NPH5,CYLD,NOX4,482,1959,enzyme_substrate,1
DUB|Q9NQC7|Q9NZN5,DUB|Q9NQC7,DUB,Q9NQC7,Q9NZN5,CYLD,ARHGEF12,482,2082,enzyme_substrate,1
DUB|Q9NQC7|Q9UHD2,DUB|Q9NQC7,DUB,Q9NQC7,Q9UHD2,CYLD,TBK1,482,767,enzyme_substrate,1
DUB|Q9NQC7|Q9Y4K3,DUB|Q9NQC7,DUB,Q9NQC7,Q9Y4K3,CYLD,TRAF6,482,407,enzyme_substrate,1
DUB|Q9NQC7|Q9Y6K9,DUB|Q9NQC7,DUB,Q9NQC7,Q9Y6K9,CYLD,IKBKG,482,663,enzyme_substrate,1
DUB|Q9P275|O95602,DUB|Q9P275,DUB,Q9P275,O95602,USP36,POLR1A,483,2083,enzyme_substrate,1
DUB|Q9P275|P01106,DUB|Q9P275,DUB,Q9P275,P01106,USP36,MYC,483,709,enzyme_substrate,1
DUB|Q9P275|P04179,DUB|Q9P275,DUB,Q9P275,P04179,USP36,SOD2,483,527,enzyme_substrate,1
DUB|Q9P275|Q05195,DUB|Q9P275,DUB,Q9P275,Q05195,USP36,MXD1,483,1147,enzyme_substrate,1
DUB|Q9P275|Q15910,DUB|Q9P275,DUB,Q9P275,Q15910,USP36,EZH2,483,1387,enzyme_substrate,1
DUB|Q9P275|Q16778,DUB|Q9P275,DUB,Q9P275,Q16778,USP36,HIST2H2BE,483,676,enzyme_substrate,1
DUB|Q9P275|Q9H6R0,DUB|Q9P275,DUB,Q9P275,Q9H6R0,USP36,DHX33,483,1892,enzyme_substrate,1
DUB|Q9P275|Q9Y570,DUB|Q9P275,DUB,Q9P275,Q9Y570,USP36,PPME1,483,2084,enzyme_substrate,1
DUB|Q9P2H5|P03372,DUB|Q9P2H5,DUB,Q9P2H5,P03372,USP35,ESR1,484,586,enzyme_substrate,1
DUB|Q9P2H5|P21796,DUB|Q9P2H5,DUB,Q9P2H5,P21796,USP35,VDAC1,484,629,enzyme_substrate,1
DUB|Q9P2H5|Q8NFZ5,DUB|Q9P2H5,DUB,Q9P2H5,Q8NFZ5,USP35,TNIP2,484,1700,enzyme_substrate,1
DUB|Q9P2H5|Q96GD4,DUB|Q9P2H5,DUB,Q9P2H5,Q96GD4,USP35,AURKB,484,1463,enzyme_substrate,1
DUB|Q9UGI0|Q15910,DUB|Q9UGI0,DUB,Q9UGI0,Q15910,ZRANB1,EZH2,485,1387,enzyme_substrate,1
DUB|Q9UGI0|Q8NEB9,DUB|Q9UGI0,DUB,Q9UGI0,Q8NEB9,ZRANB1,PIK3C3,485,1170,enzyme_substrate,1
DUB|Q9UGI0|Q9P2Y5,DUB|Q9UGI0,DUB,Q9UGI0,Q9P2Y5,ZRANB1,UVRAG,485,1720,enzyme_substrate,1
DUB|Q9UGI0|Q9ULT8,DUB|Q9UGI0,DUB,Q9UGI0,Q9ULT8,ZRANB1,HECTD1,485,389,enzyme_substrate,1
DUB|Q9UHP3|O00463,DUB|Q9UHP3,DUB,Q9UHP3,O00463,USP25,TRAF5,486,2072,enzyme_substrate,1
DUB|Q9UHP3|O95271,DUB|Q9UHP3,DUB,Q9UHP3,O95271,USP25,TNKS,486,1741,enzyme_substrate,1
DUB|Q9UHP3|P04234,DUB|Q9UHP3,DUB,Q9UHP3,P04234,USP25,CD3D,486,669,enzyme_substrate,1
DUB|Q9UHP3|P05067,DUB|Q9UHP3,DUB,Q9UHP3,P05067,USP25,APP,486,1297,enzyme_substrate,1
DUB|Q9UHP3|P46531,DUB|Q9UHP3,DUB,Q9UHP3,P46531,USP25,NOTCH1,486,904,enzyme_substrate,1
DUB|Q9UHP3|P50991,DUB|Q9UHP3,DUB,Q9UHP3,P50991,USP25,CCT4,486,1395,enzyme_substrate,1
DUB|Q9UHP3|Q13114,DUB|Q9UHP3,DUB,Q9UHP3,Q13114,USP25,TRAF3,486,105,enzyme_substrate,1
DUB|Q9UHP3|Q8N4S9,DUB|Q9UHP3,DUB,Q9UHP3,Q8N4S9,USP25,MARVELD2,486,2085,enzyme_substrate,1
DUB|Q9UHP3|Q9Y4K3,DUB|Q9UHP3,DUB,Q9UHP3,Q9Y4K3,USP25,TRAF6,486,407,enzyme_substrate,1
DUB|Q9UK80|O95760,DUB|Q9UK80,DUB,Q9UK80,O95760,USP21,IL33,487,1995,enzyme_substrate,1
DUB|Q9UK80|O95786,DUB|Q9UK80,DUB,Q9UK80,O95786,USP21,DDX58,487,51,enzyme_substrate,1
DUB|Q9UK80|P0C0S8,DUB|Q9UK80,DUB,Q9UK80,P0C0S8,USP21,HIST1H2AM,487,691,enzyme_substrate,1
DUB|Q9UK80|P15407,DUB|Q9UK80,DUB,Q9UK80,P15407,USP21,FOSL1,487,2086,enzyme_substrate,1
DUB|Q9UK80|P23771,DUB|Q9UK80,DUB,Q9UK80,P23771,USP21,GATA3,487,2087,enzyme_substrate,1
DUB|Q9UK80|P36507,DUB|Q9UK80,DUB,Q9UK80,P36507,USP21,MAP2K2,487,2088,enzyme_substrate,1
DUB|Q9UK80|P51587,DUB|Q9UK80,DUB,Q9UK80,P51587,USP21,BRCA2,487,1121,enzyme_substrate,1
DUB|Q9UK80|Q08050,DUB|Q9UK80,DUB,Q9UK80,Q08050,USP21,FOXM1,487,1817,enzyme_substrate,1
DUB|Q9UK80|Q13546,DUB|Q9UK80,DUB,Q9UK80,Q13546,USP21,RIPK1,487,783,enzyme_substrate,1
DUB|Q9UK80|Q15910,DUB|Q9UK80,DUB,Q9UK80,Q15910,USP21,EZH2,487,1387,enzyme_substrate,1
DUB|Q9UK80|Q16777,DUB|Q9UK80,DUB,Q9UK80,Q16777,USP21,HIST2H2AC,487,696,enzyme_substrate,1
DUB|Q9UK80|Q86WV6,DUB|Q9UK80,DUB,Q9UK80,Q86WV6,USP21,TMEM173,487,860,enzyme_substrate,1
DUB|Q9UK80|Q9BZS1,DUB|Q9UK80,DUB,Q9UK80,Q9BZS1,USP21,FOXP3,487,1045,enzyme_substrate,1
DUB|Q9UK80|Q9H9S0,DUB|Q9UK80,DUB,Q9UK80,Q9H9S0,USP21,NANOG,487,612,enzyme_substrate,1
DUB|Q9UK80|Q9UIF9,DUB|Q9UK80,DUB,Q9UK80,Q9UIF9,USP21,BAZ2A,487,2089,enzyme_substrate,1
DUB|Q9UMW8|O43318,DUB|Q9UMW8,DUB,Q9UMW8,O43318,USP18,MAP3K7,488,966,enzyme_substrate,1
DUB|Q9UMW8|O95863,DUB|Q9UMW8,DUB,Q9UMW8,O95863,USP18,SNAI1,488,758,enzyme_substrate,1
DUB|Q9UMW8|P05161,DUB|Q9UMW8,DUB,Q9UMW8,P05161,USP18,ISG15,488,2090,enzyme_substrate,1
DUB|Q9UMW8|P46531,DUB|Q9UMW8,DUB,Q9UMW8,P46531,USP18,NOTCH1,488,904,enzyme_substrate,1
DUB|Q9UMW8|P49116,DUB|Q9UMW8,DUB,Q9UMW8,P49116,USP18,NR2C2,488,1934,enzyme_substrate,1
DUB|Q9UMW8|P60484,DUB|Q9UMW8,DUB,Q9UMW8,P60484,USP18,PTEN,488,509,enzyme_substrate,1
DUB|Q9UMW8|Q15672,DUB|Q9UMW8,DUB,Q9UMW8,Q15672,USP18,TWIST1,488,759,enzyme_substrate,1
DUB|Q9UMW8|Q15750,DUB|Q9UMW8,DUB,Q9UMW8,Q15750,USP18,TAB1,488,1537,enzyme_substrate,1
DUB|Q9UMW8|Q9C0B1,DUB|Q9UMW8,DUB,Q9UMW8,Q9C0B1,USP18,FTO,488,2091,enzyme_substrate,1
DUB|Q9UMW8|Q9Y6K9,DUB|Q9UMW8,DUB,Q9UMW8,Q9Y6K9,USP18,IKBKG,488,663,enzyme_substrate,1
DUB|Q9UPT9|O60341,DUB|Q9UPT9,DUB,Q9UPT9,O60341,USP22,KDM1A,489,2021,enzyme_substrate,1
DUB|Q9UPT9|O75461,DUB|Q9UPT9,DUB,Q9UPT9,O75461,USP22,E2F6,489,2092,enzyme_substrate,1
DUB|Q9UPT9|P00533,DUB|Q9UPT9,DUB,Q9UPT9,P00533,USP22,EGFR,489,679,enzyme_substrate,1
DUB|Q9UPT9|P01106,DUB|Q9UPT9,DUB,Q9UPT9,P01106,USP22,MYC,489,709,enzyme_substrate,1
DUB|Q9UPT9|P09467,DUB|Q9UPT9,DUB,Q9UPT9,P09467,USP22,FBP1,489,1104,enzyme_substrate,1
DUB|Q9UPT9|P0C0S8,DUB|Q9UPT9,DUB,Q9UPT9,P0C0S8,USP22,HIST1H2AM,489,691,enzyme_substrate,1
DUB|Q9UPT9|P14635,DUB|Q9UPT9,DUB,Q9UPT9,P14635,USP22,CCNB1,489,497,enzyme_substrate,1
DUB|Q9UPT9|P14780,DUB|Q9UPT9,DUB,Q9UPT9,P14780,USP22,MMP9,489,1963,enzyme_substrate,1
DUB|Q9UPT9|P35226,DUB|Q9UPT9,DUB,Q9UPT9,P35226,USP22,BMI1,489,72,enzyme_substrate,1
DUB|Q9UPT9|P35354,DUB|Q9UPT9,DUB,Q9UPT9,P35354,USP22,PTGS2,489,2093,enzyme_substrate,1
DUB|Q9UPT9|P46937,DUB|Q9UPT9,DUB,Q9UPT9,P46937,USP22,YAP1,489,632,enzyme_substrate,1
DUB|Q9UPT9|P48431,DUB|Q9UPT9,DUB,Q9UPT9,P48431,USP22,SOX2,489,712,enzyme_substrate,1
DUB|Q9UPT9|P54274,DUB|Q9UPT9,DUB,Q9UPT9,P54274,USP22,TERF1,489,1751,enzyme_substrate,1
DUB|Q9UPT9|P62807,DUB|Q9UPT9,DUB,Q9UPT9,P62807,USP22,HIST1H2BI,489,1217,enzyme_substrate,1
DUB|Q9UPT9|Q13469,DUB|Q9UPT9,DUB,Q9UPT9,Q13469,USP22,NFATC2,489,1029,enzyme_substrate,1
DUB|Q9UPT9|Q14469,DUB|Q9UPT9,DUB,Q9UPT9,Q14469,USP22,HES1,489,1944,enzyme_substrate,1
DUB|Q9UPT9|Q15465,DUB|Q9UPT9,DUB,Q9UPT9,Q15465,USP22,SHH,489,1633,enzyme_substrate,1
DUB|Q9UPT9|Q16665,DUB|Q9UPT9,DUB,Q9UPT9,Q16665,USP22,HIF1A,489,563,enzyme_substrate,1
DUB|Q9UPT9|Q16777,DUB|Q9UPT9,DUB,Q9UPT9,Q16777,USP22,HIST2H2AC,489,696,enzyme_substrate,1
DUB|Q9UPT9|Q16778,DUB|Q9UPT9,DUB,Q9UPT9,Q16778,USP22,HIST2H2BE,489,676,enzyme_substrate,1
DUB|Q9UPT9|Q86WV6,DUB|Q9UPT9,DUB,Q9UPT9,Q86WV6,USP22,TMEM173,489,860,enzyme_substrate,1
DUB|Q9UPT9|Q92905,DUB|Q9UPT9,DUB,Q9UPT9,Q92905,USP22,COPS5,489,465,enzyme_substrate,1
DUB|Q9UPT9|Q96EB6,DUB|Q9UPT9,DUB,Q9UPT9,Q96EB6,USP22,SIRT1,489,1397,enzyme_substrate,1
DUB|Q9UPT9|Q9NZQ7,DUB|Q9UPT9,DUB,Q9UPT9,Q9NZQ7,USP22,CD274,489,614,enzyme_substrate,1
DUB|Q9UPU5|O75385,DUB|Q9UPU5,DUB,Q9UPU5,O75385,USP24,ULK1,490,1094,enzyme_substrate,1
DUB|Q9UPU5|P04637,DUB|Q9UPU5,DUB,Q9UPU5,P04637,USP24,TP53,490,528,enzyme_substrate,1
DUB|Q9UPU5|Q92466,DUB|Q9UPU5,DUB,Q9UPU5,Q92466,USP24,DDB2,490,244,enzyme_substrate,1
DUB|Q9Y2K6|O43623,DUB|Q9Y2K6,DUB,Q9Y2K6,O43623,USP20,SNAI2,491,756,enzyme_substrate,1
DUB|Q9Y2K6|O75385,DUB|Q9Y2K6,DUB,Q9Y2K6,O75385,USP20,ULK1,491,1094,enzyme_substrate,1
DUB|Q9Y2K6|O75943,DUB|Q9Y2K6,DUB,Q9Y2K6,O75943,USP20,RAD17,491,2094,enzyme_substrate,1
DUB|Q9Y2K6|P07550,DUB|Q9Y2K6,DUB,Q9Y2K6,P07550,USP20,ADRB2,491,867,enzyme_substrate,1
DUB|Q9Y2K6|P14618,DUB|Q9Y2K6,DUB,Q9Y2K6,P14618,USP20,PKM,491,2095,enzyme_substrate,1
DUB|Q9Y2K6|P35222,DUB|Q9Y2K6,DUB,Q9Y2K6,P35222,USP20,CTNNB1,491,674,enzyme_substrate,1
DUB|Q9Y2K6|Q13501,DUB|Q9Y2K6,DUB,Q9Y2K6,Q13501,USP20,SQSTM1,491,114,enzyme_substrate,1
DUB|Q9Y2K6|Q13546,DUB|Q9Y2K6,DUB,Q9Y2K6,Q13546,USP20,RIPK1,491,783,enzyme_substrate,1
DUB|Q9Y2K6|Q16659,DUB|Q9Y2K6,DUB,Q9Y2K6,Q16659,USP20,MAPK6,491,2096,enzyme_substrate,1
DUB|Q9Y2K6|Q16665,DUB|Q9Y2K6,DUB,Q9Y2K6,Q16665,USP20,HIF1A,491,563,enzyme_substrate,1
DUB|Q9Y2K6|Q86WV6,DUB|Q9Y2K6,DUB,Q9Y2K6,Q86WV6,USP20,TMEM173,491,860,enzyme_substrate,1
DUB|Q9Y2K6|Q92813,DUB|Q9Y2K6,DUB,Q9Y2K6,Q92813,USP20,DIO2,491,666,enzyme_substrate,1
DUB|Q9Y2K6|Q9HAW4,DUB|Q9Y2K6,DUB,Q9Y2K6,Q9HAW4,USP20,CLSPN,491,863,enzyme_substrate,1
DUB|Q9Y2K6|Q9Y4K3,DUB|Q9Y2K6,DUB,Q9Y2K6,Q9Y4K3,USP20,TRAF6,491,407,enzyme_substrate,1
DUB|Q9Y4E8|O15111,DUB|Q9Y4E8,DUB,Q9Y4E8,O15111,USP15,CHUK,492,1803,enzyme_substrate,1
DUB|Q9Y4E8|O43541,DUB|Q9Y4E8,DUB,Q9Y4E8,O43541,USP15,SMAD6,492,1624,enzyme_substrate,1
DUB|Q9Y4E8|O95140,DUB|Q9Y4E8,DUB,Q9Y4E8,O95140,USP15,MFN2,492,622,enzyme_substrate,1
DUB|Q9Y4E8|O95786,DUB|Q9Y4E8,DUB,Q9Y4E8,O95786,USP15,DDX58,492,51,enzyme_substrate,1
DUB|Q9Y4E8|P21796,DUB|Q9Y4E8,DUB,Q9Y4E8,P21796,USP15,VDAC1,492,629,enzyme_substrate,1
DUB|Q9Y4E8|P25054,DUB|Q9Y4E8,DUB,Q9Y4E8,P25054,USP15,APC,492,2097,enzyme_substrate,1
DUB|Q9Y4E8|P25963,DUB|Q9Y4E8,DUB,Q9Y4E8,P25963,USP15,NFKBIA,492,762,enzyme_substrate,1
DUB|Q9Y4E8|P35222,DUB|Q9Y4E8,DUB,Q9Y4E8,P35222,USP15,CTNNB1,492,674,enzyme_substrate,1
DUB|Q9Y4E8|P35659,DUB|Q9Y4E8,DUB,Q9Y4E8,P35659,USP15,DEK,492,595,enzyme_substrate,1
DUB|Q9Y4E8|P36894,DUB|Q9Y4E8,DUB,Q9Y4E8,P36894,USP15,BMPR1A,492,1670,enzyme_substrate,1
DUB|Q9Y4E8|P36897,DUB|Q9Y4E8,DUB,Q9Y4E8,P36897,USP15,TGFBR1,492,869,enzyme_substrate,1
DUB|Q9Y4E8|P42574,DUB|Q9Y4E8,DUB,Q9Y4E8,P42574,USP15,CASP3,492,971,enzyme_substrate,1
DUB|Q9Y4E8|P51449,DUB|Q9Y4E8,DUB,Q9Y4E8,P51449,USP15,RORC,492,1996,enzyme_substrate,1
DUB|Q9Y4E8|P55212,DUB|Q9Y4E8,DUB,Q9Y4E8,P55212,USP15,CASP6,492,2098,enzyme_substrate,1
DUB|Q9Y4E8|P60842,DUB|Q9Y4E8,DUB,Q9Y4E8,P60842,USP15,EIF4A1,492,2050,enzyme_substrate,1
DUB|Q9Y4E8|P62807,DUB|Q9Y4E8,DUB,Q9Y4E8,P62807,USP15,HIST1H2BI,492,1217,enzyme_substrate,1
DUB|Q9Y4E8|P62877,DUB|Q9Y4E8,DUB,Q9Y4E8,P62877,USP15,RBX1,492,87,enzyme_substrate,1
DUB|Q9Y4E8|P84022,DUB|Q9Y4E8,DUB,Q9Y4E8,P84022,USP15,SMAD3,492,510,enzyme_substrate,1
DUB|Q9Y4E8|Q00987,DUB|Q9Y4E8,DUB,Q9Y4E8,Q00987,USP15,MDM2,492,94,enzyme_substrate,1
DUB|Q9Y4E8|Q04206,DUB|Q9Y4E8,DUB,Q9Y4E8,Q04206,USP15,RELA,492,540,enzyme_substrate,1
DUB|Q9Y4E8|Q13127,DUB|Q9Y4E8,DUB,Q9Y4E8,Q13127,USP15,REST,492,1810,enzyme_substrate,1
DUB|Q9Y4E8|Q13451,DUB|Q9Y4E8,DUB,Q9Y4E8,Q13451,USP15,FKBP5,492,2024,enzyme_substrate,1
DUB|Q9Y4E8|Q13501,DUB|Q9Y4E8,DUB,Q9Y4E8,Q13501,USP15,SQSTM1,492,114,enzyme_substrate,1
DUB|Q9Y4E8|Q14145,DUB|Q9Y4E8,DUB,Q9Y4E8,Q14145,USP15,KEAP1,492,117,enzyme_substrate,1
DUB|Q9Y4E8|Q14258,DUB|Q9Y4E8,DUB,Q9Y4E8,Q14258,USP15,TRIM25,492,118,enzyme_substrate,1
DUB|Q9Y4E8|Q14494,DUB|Q9Y4E8,DUB,Q9Y4E8,Q14494,USP15,NFE2L1,492,1455,enzyme_substrate,1
DUB|Q9Y4E8|Q15020,DUB|Q9Y4E8,DUB,Q9Y4E8,Q15020,USP15,SART3,492,2099,enzyme_substrate,1
DUB|Q9Y4E8|Q15796,DUB|Q9Y4E8,DUB,Q9Y4E8,Q15796,USP15,SMAD2,492,1253,enzyme_substrate,1
DUB|Q9Y4E8|Q15797,DUB|Q9Y4E8,DUB,Q9Y4E8,Q15797,USP15,SMAD1,492,1652,enzyme_substrate,1
DUB|Q9Y4E8|Q16656,DUB|Q9Y4E8,DUB,Q9Y4E8,Q16656,USP15,NRF1,492,562,enzyme_substrate,1
DUB|Q9Y4E8|Q16778,DUB|Q9Y4E8,DUB,Q9Y4E8,Q16778,USP15,HIST2H2BE,492,676,enzyme_substrate,1
DUB|Q9Y4E8|Q6N021,DUB|Q9Y4E8,DUB,Q9Y4E8,Q6N021,USP15,TET2,492,2100,enzyme_substrate,1
DUB|Q9Y4E8|Q7Z569,DUB|Q9Y4E8,DUB,Q9Y4E8,Q7Z569,USP15,BRAP,492,172,enzyme_substrate,1
DUB|Q9Y4E8|Q8WWY3,DUB|Q9Y4E8,DUB,Q9Y4E8,Q8WWY3,USP15,PRPF31,492,2006,enzyme_substrate,1
DUB|Q9Y4E8|Q9H257,DUB|Q9Y4E8,DUB,Q9Y4E8,Q9H257,USP15,CARD9,492,1609,enzyme_substrate,1
DUB|Q9Y4E8|Q9HAU4,DUB|Q9Y4E8,DUB,Q9Y4E8,Q9HAU4,USP15,SMURF2,492,327,enzyme_substrate,1
DUB|Q9Y4E8|Q9NVV4,DUB|Q9Y4E8,DUB,Q9Y4E8,Q9NVV4,USP15,MTPAP,492,2101,enzyme_substrate,1
DUB|Q9Y4E8|Q9UHD2,DUB|Q9Y4E8,DUB,Q9Y4E8,Q9UHD2,USP15,TBK1,492,767,enzyme_substrate,1
DUB|Q9Y5E6|P19838,DUB|Q9Y5E6,DUB,Q9Y5E6,P19838,PCDHB3,NFKB1,493,1219,enzyme_substrate,1
DUB|Q9Y5K5|P25963,DUB|Q9Y5K5,DUB,Q9Y5K5,P25963,UCHL5,NFKBIA,494,762,enzyme_substrate,1
DUB|Q9Y5K5|P35228,DUB|Q9Y5K5,DUB,Q9Y5K5,P35228,UCHL5,NOS2,494,1597,enzyme_substrate,1
DUB|Q9Y5K5|P36897,DUB|Q9Y5K5,DUB,Q9Y5K5,P36897,UCHL5,TGFBR1,494,869,enzyme_substrate,1
DUB|Q9Y5K5|Q01094,DUB|Q9Y5K5,DUB,Q9Y5K5,Q01094,UCHL5,E2F1,494,1026,enzyme_substrate,1
DUB|Q9Y5K5|Q6P4R8,DUB|Q9Y5K5,DUB,Q9Y5K5,Q6P4R8,UCHL5,NFRKB,494,2102,enzyme_substrate,1
DUB|Q9Y5K5|Q99835,DUB|Q9Y5K5,DUB,Q9Y5K5,Q99835,UCHL5,SMO,494,1971,enzyme_substrate,1
DUB|Q9Y5K5|Q9UMS4,DUB|Q9Y5K5,DUB,Q9Y5K5,Q9UMS4,UCHL5,PRPF19,494,392,enzyme_substrate,1
DUB|Q9Y5T5|P01106,DUB|Q9Y5T5,DUB,Q9Y5T5,P01106,USP16,MYC,495,709,enzyme_substrate,1
DUB|Q9Y5T5|P0C0S8,DUB|Q9Y5T5,DUB,Q9Y5T5,P0C0S8,USP16,HIST1H2AM,495,691,enzyme_substrate,1
DUB|Q9Y5T5|P53350,DUB|Q9Y5T5,DUB,Q9Y5T5,P53350,USP16,PLK1,495,1182,enzyme_substrate,1
DUB|Q9Y5T5|P62979,DUB|Q9Y5T5,DUB,Q9Y5T5,P62979,USP16,RPS27A,495,1023,enzyme_substrate,1
DUB|Q9Y5T5|Q16777,DUB|Q9Y5T5,DUB,Q9Y5T5,Q16777,USP16,HIST2H2AC,495,696,enzyme_substrate,1
DUB|Q9Y5T5|Q16778,DUB|Q9Y5T5,DUB,Q9Y5T5,Q16778,USP16,HIST2H2BE,495,676,enzyme_substrate,1
DUB|Q9Y5T5|Q9H9S0,DUB|Q9Y5T5,DUB,Q9Y5T5,Q9H9S0,USP16,NANOG,495,612,enzyme_substrate,1
DUB|Q9Y6I4|O14757,DUB|Q9Y6I4,DUB,Q9Y6I4,O14757,USP3,CHEK1,496,1268,enzyme_substrate,1
DUB|Q9Y6I4|O95786,DUB|Q9Y6I4,DUB,Q9Y6I4,O95786,USP3,DDX58,496,51,enzyme_substrate,1
DUB|Q9Y6I4|O95863,DUB|Q9Y6I4,DUB,Q9Y6I4,O95863,USP3,SNAI1,496,758,enzyme_substrate,1
DUB|Q9Y6I4|P04198,DUB|Q9Y6I4,DUB,Q9Y6I4,P04198,USP3,MYCN,496,894,enzyme_substrate,1
DUB|Q9Y6I4|P04637,DUB|Q9Y6I4,DUB,Q9Y6I4,P04637,USP3,TP53,496,528,enzyme_substrate,1
DUB|Q9Y6I4|P0C0S8,DUB|Q9Y6I4,DUB,Q9Y6I4,P0C0S8,USP3,HIST1H2AM,496,691,enzyme_substrate,1
DUB|Q9Y6I4|P16104,DUB|Q9Y6I4,DUB,Q9Y6I4,P16104,USP3,H2AFX,496,579,enzyme_substrate,1
DUB|Q9Y6I4|P30304,DUB|Q9Y6I4,DUB,Q9Y6I4,P30304,USP3,CDC25A,496,1808,enzyme_substrate,1
DUB|Q9Y6I4|P62807,DUB|Q9Y6I4,DUB,Q9Y6I4,P62807,USP3,HIST1H2BI,496,1217,enzyme_substrate,1
DUB|Q9Y6I4|Q01860,DUB|Q9Y6I4,DUB,Q9Y6I4,Q01860,USP3,POU5F1,496,511,enzyme_substrate,1
DUB|Q9Y6I4|Q13887,DUB|Q9Y6I4,DUB,Q9Y6I4,Q13887,USP3,KLF5,496,1159,enzyme_substrate,1
DUB|Q9Y6I4|Q15022,DUB|Q9Y6I4,DUB,Q9Y6I4,Q15022,USP3,SUZ12,496,1386,enzyme_substrate,1
DUB|Q9Y6I4|Q16777,DUB|Q9Y6I4,DUB,Q9Y6I4,Q16777,USP3,HIST2H2AC,496,696,enzyme_substrate,1
DUB|Q9Y6I4|Q16778,DUB|Q9Y6I4,DUB,Q9Y6I4,Q16778,USP3,HIST2H2BE,496,676,enzyme_substrate,1
DUB|Q9Y6I4|Q96RL1,DUB|Q9Y6I4,DUB,Q9Y6I4,Q96RL1,USP3,UIMC1,496,2042,enzyme_substrate,1
DUB|Q9Y6I4|Q9H9S0,DUB|Q9Y6I4,DUB,Q9Y6I4,Q9H9S0,USP3,NANOG,496,612,enzyme_substrate,1
DUB|Q9Y6I4|Q9HAW4,DUB|Q9Y6I4,DUB,Q9Y6I4,Q9HAW4,USP3,CLSPN,496,863,enzyme_substrate,1
E3|A6NLU0|Q9BYM8,E3|A6NLU0,E3,A6NLU0,Q9BYM8,RFPL4A,RBCK1,0,299,enzyme_substrate,0
E3|A8MQ27|P05026,E3|A8MQ27,E3,A8MQ27,P05026,NEURL1B,ATP1B1,2,1501,enzyme_substrate,0
E3|A8MQ27|O15354,E3|A8MQ27,E3,A8MQ27,O15354,NEURL1B,GPR37,2,618,enzyme_substrate,0
E3|A8MQ27|O00763,E3|A8MQ27,E3,A8MQ27,O00763,NEURL1B,ACACB,2,1256,enzyme_substrate,0
E3|A8MQ27|P43699,E3|A8MQ27,E3,A8MQ27,P43699,NEURL1B,NKX2-1,2,1234,enzyme_substrate,0
E3|B3SRS0|Q96KG9,E3|B3SRS0,E3,B3SRS0,Q96KG9,,SCYL1,3,1704,enzyme_substrate,0
E3|B3SRS0|Q86VP3,E3|B3SRS0,E3,B3SRS0,Q86VP3,,PACS2,3,1143,enzyme_substrate,0
E3|O00308|Q04771,E3|O00308,E3,O00308,Q04771,WWP2,ACVR1,4,1681,enzyme_substrate,0
E3|O00308|Q8NBP7,E3|O00308,E3,O00308,Q8NBP7,WWP2,PCSK9,4,1148,enzyme_substrate,0
E3|O00308|Q16537,E3|O00308,E3,O00308,Q16537,WWP2,PPP2R5E,4,1779,enzyme_substrate,0
E3|O00308|P78380,E3|O00308,E3,O00308,P78380,WWP2,OLR1,4,1301,enzyme_substrate,0
E3|O00308|Q96HE7,E3|O00308,E3,O00308,Q96HE7,WWP2,ERO1A,4,1735,enzyme_substrate,0
E3|O00308|P56750,E3|O00308,E3,O00308,P56750,WWP2,CLDN17,4,1406,enzyme_substrate,0
E3|O00308|Q12959,E3|O00308,E3,O00308,Q12959,WWP2,DLG1,4,735,enzyme_substrate,0
E3|O00308|P49757,E3|O00308,E3,O00308,P49757,WWP2,NUMB,4,1021,enzyme_substrate,0
E3|O00308|O95502,E3|O00308,E3,O00308,O95502,WWP2,NPTXR,4,721,enzyme_substrate,0
E3|O00308|Q01813,E3|O00308,E3,O00308,Q01813,WWP2,PFKP,4,1572,enzyme_substrate,0
E3|O00308|Q16620,E3|O00308,E3,O00308,Q16620,WWP2,NTRK2,4,1574,enzyme_substrate,0
E3|O00308|Q96BN8,E3|O00308,E3,O00308,Q96BN8,WWP2,OTULIN,4,469,enzyme_substrate,0
E3|O00308|O00418,E3|O00308,E3,O00308,O00418,WWP2,EEF2K,4,1897,enzyme_substrate,0
E3|O00623|Q01094,E3|O00623,E3,O00623,Q01094,PEX12,E2F1,5,1026,enzyme_substrate,0
E3|O00623|O15111,E3|O00623,E3,O00623,O15111,PEX12,CHUK,5,1803,enzyme_substrate,0
E3|O00635|Q13887,E3|O00635,E3,O00635,Q13887,TRIM38,KLF5,6,1159,enzyme_substrate,0
E3|O00635|P00533,E3|O00635,E3,O00635,P00533,TRIM38,EGFR,6,679,enzyme_substrate,0
E3|O14508|P41182,E3|O14508,E3,O14508,P41182,SOCS2,BCL6,7,1309,enzyme_substrate,0
E3|O14508|Q70SY1,E3|O14508,E3,O14508,Q70SY1,SOCS2,CREB3L2,7,1459,enzyme_substrate,0
E3|O14508|P61587,E3|O14508,E3,O14508,P61587,SOCS2,RND3,7,1124,enzyme_substrate,0
E3|O14543|Q9P055,E3|O14543,E3,O14543,Q9P055,SOCS3,JKAMP,9,1605,enzyme_substrate,0
E3|O14543|P55895,E3|O14543,E3,O14543,P55895,SOCS3,RAG2,9,1123,enzyme_substrate,0
E3|O14543|Q99717,E3|O14543,E3,O14543,Q99717,SOCS3,SMAD5,9,1654,enzyme_substrate,0
E3|O14543|P33993,E3|O14543,E3,O14543,P33993,SOCS3,MCM7,9,1053,enzyme_substrate,0
E3|O14543|Q7Z698,E3|O14543,E3,O14543,Q7Z698,SOCS3,SPRED2,9,831,enzyme_substrate,0
E3|O14543|Q13535,E3|O14543,E3,O14543,Q13535,SOCS3,ATR,9,1478,enzyme_substrate,0
E3|O14543|Q8IZ07,E3|O14543,E3,O14543,Q8IZ07,SOCS3,ANKRD13A,9,1696,enzyme_substrate,0
E3|O14544|Q96FJ0,E3|O14544,E3,O14544,Q96FJ0,SOCS6,STAMBPL1,10,1653,enzyme_substrate,0
E3|O15151|Q96EQ8,E3|O15151,E3,O15151,Q96EQ8,MDM4,RNF125,12,262,enzyme_substrate,0
E3|O15151|Q8NEB9,E3|O15151,E3,O15151,Q8NEB9,MDM4,PIK3C3,12,1170,enzyme_substrate,0
E3|O15151|O60486,E3|O15151,E3,O15151,O60486,MDM4,PLXNC1,12,1312,enzyme_substrate,0
E3|O15151|Q16589,E3|O15151,E3,O15151,Q16589,MDM4,CCNG2,12,1222,enzyme_substrate,0
E3|O15304|Q15386,E3|O15304,E3,O15304,Q15386,SIVA1,UBE3C,14,123,enzyme_substrate,0
E3|O15304|O43511,E3|O15304,E3,O15304,O43511,SIVA1,SLC26A4,14,1600,enzyme_substrate,0
E3|O15344|Q96KB5,E3|O15344,E3,O15344,Q96KB5,MID1,PBK,15,1409,enzyme_substrate,0
E3|O15344|Q8WXF7,E3|O15344,E3,O15344,Q8WXF7,MID1,ATL1,15,1303,enzyme_substrate,0
E3|O15344|Q9NV92,E3|O15344,E3,O15344,Q9NV92,MID1,NDFIP2,15,930,enzyme_substrate,0
E3|O15344|O75473,E3|O15344,E3,O15344,O75473,MID1,LGR5,15,888,enzyme_substrate,0
E3|O15344|P06127,E3|O15344,E3,O15344,P06127,MID1,CD5,15,793,enzyme_substrate,0
E3|O15344|P42336,E3|O15344,E3,O15344,P42336,MID1,PIK3CA,15,1933,enzyme_substrate,0
E3|O15344|P80192,E3|O15344,E3,O15344,P80192,MID1,MAP3K9,15,1678,enzyme_substrate,0
E3|O15344|P46109,E3|O15344,E3,O15344,P46109,MID1,CRKL,15,824,enzyme_substrate,0
E3|O15524|P10523,E3|O15524,E3,O15524,P10523,SOCS1,SAG,16,61,enzyme_substrate,0
E3|O15524|P0C209,E3|O15524,E3,O15524,P0C209,SOCS1,gag,16,1626,enzyme_substrate,0
E3|O15524|Q8N907,E3|O15524,E3,O15524,Q8N907,SOCS1,DAND5,16,953,enzyme_substrate,0
E3|O15524|P55211,E3|O15524,E3,O15524,P55211,SOCS1,CASP9,16,974,enzyme_substrate,0
E3|O43164|Q9H2A3,E3|O43164,E3,O43164,Q9H2A3,PJA2,NEUROG2,17,1798,enzyme_substrate,0
E3|O43164|O43395,E3|O43164,E3,O43164,O43395,PJA2,PRPF3,17,1851,enzyme_substrate,0
E3|O43164|Q9BVP2,E3|O43164,E3,O43164,Q9BVP2,PJA2,GNL3,17,1044,enzyme_substrate,0
E3|O43255|P35613,E3|O43255,E3,O43255,P35613,SIAH2,BSG,18,1380,enzyme_substrate,0
E3|O43255|P07333,E3|O43255,E3,O43255,P07333,SIAH2,CSF1R,18,796,enzyme_substrate,0
E3|O43255|Q13794,E3|O43255,E3,O43255,Q13794,SIAH2,PMAIP1,18,763,enzyme_substrate,0
E3|O43255|P22304,E3|O43255,E3,O43255,P22304,SIAH2,IDS,18,1299,enzyme_substrate,0
E3|O43255|Q96HE7,E3|O43255,E3,O43255,Q96HE7,SIAH2,ERO1A,18,1735,enzyme_substrate,0
E3|O43255|Q3T906,E3|O43255,E3,O43255,Q3T906,SIAH2,GNPTAB,18,1542,enzyme_substrate,0
E3|O43255|P08100,E3|O43255,E3,O43255,P08100,SIAH2,RHO,18,1351,enzyme_substrate,0
E3|O43255|Q92851,E3|O43255,E3,O43255,Q92851,SIAH2,CASP10,18,1439,enzyme_substrate,0
E3|O43255|P06576,E3|O43255,E3,O43255,P06576,SIAH2,ATP5F1B,18,1484,enzyme_substrate,0
E3|O43255|P04179,E3|O43255,E3,O43255,P04179,SIAH2,SOD2,18,527,enzyme_substrate,0
E3|O43255|P01903,E3|O43255,E3,O43255,P01903,SIAH2,HLA-DRA,18,1185,enzyme_substrate,0
E3|O43255|Q01959,E3|O43255,E3,O43255,Q01959,SIAH2,SLC6A3,18,908,enzyme_substrate,0
E3|O43255|P01009,E3|O43255,E3,O43255,P01009,SIAH2,SERPINA1,18,1294,enzyme_substrate,0
E3|O43255|P20039,E3|O43255,E3,O43255,P20039,SIAH2,HLA-DRB1,18,1195,enzyme_substrate,0
E3|O43255|P31645,E3|O43255,E3,O43255,P31645,SIAH2,SLC6A4,18,1300,enzyme_substrate,0
E3|O43255|P63252,E3|O43255,E3,O43255,P63252,SIAH2,KCNJ2,18,1264,enzyme_substrate,0
E3|O43663|Q5UEC6,E3|O43663,E3,O43663,Q5UEC6,PRC1,EB1,20,1789,enzyme_substrate,0
E3|O43663|Q9BSA4,E3|O43663,E3,O43663,Q9BSA4,PRC1,TTYH2,20,926,enzyme_substrate,0
E3|O43663|P35613,E3|O43663,E3,O43663,P35613,PRC1,BSG,20,1380,enzyme_substrate,0
E3|O43734|P27986,E3|O43734,E3,O43734,P27986,TRAF3IP2,PIK3R1,21,814,enzyme_substrate,0
E3|O43734|Q13563,E3|O43734,E3,O43734,Q13563,TRAF3IP2,PKD2,21,1908,enzyme_substrate,0
E3|O43791|P78380,E3|O43791,E3,O43791,P78380,SPOP,OLR1,22,1301,enzyme_substrate,0
E3|O43791|Q8IZ07,E3|O43791,E3,O43791,Q8IZ07,SPOP,ANKRD13A,22,1696,enzyme_substrate,0
E3|O43791|P0DMV8,E3|O43791,E3,O43791,P0DMV8,SPOP,HSPA1A,22,970,enzyme_substrate,0
E3|O43791|P55036,E3|O43791,E3,O43791,P55036,SPOP,PSMD4,22,559,enzyme_substrate,0
E3|O43791|P06935,E3|O43791,E3,O43791,P06935,SPOP,,22,1783,enzyme_substrate,0
E3|O43791|P01911,E3|O43791,E3,O43791,P01911,SPOP,HLA-DRB1,22,1186,enzyme_substrate,0
E3|O43791|P09467,E3|O43791,E3,O43791,P09467,SPOP,FBP1,22,1104,enzyme_substrate,0
E3|O43791|P23458,E3|O43791,E3,O43791,P23458,SPOP,JAK1,22,539,enzyme_substrate,0
E3|O43791|Q6ZVM7,E3|O43791,E3,O43791,Q6ZVM7,SPOP,TOM1L2,22,1693,enzyme_substrate,0
E3|O43791|Q96D31,E3|O43791,E3,O43791,Q96D31,SPOP,ORAI1,22,1579,enzyme_substrate,0
E3|O43791|P42081,E3|O43791,E3,O43791,P42081,SPOP,CD86,22,960,enzyme_substrate,0
E3|O43791|Q70CQ3,E3|O43791,E3,O43791,Q70CQ3,SPOP,USP30,22,452,enzyme_substrate,0
E3|O43791|Q9UHN6,E3|O43791,E3,O43791,Q9UHN6,SPOP,CEMIP2,22,1326,enzyme_substrate,0
E3|O43791|Q8N6P7,E3|O43791,E3,O43791,Q8N6P7,SPOP,IL22RA1,22,1248,enzyme_substrate,0
E3|O43791|Q15011,E3|O43791,E3,O43791,Q15011,SPOP,HERPUD1,22,1265,enzyme_substrate,0
E3|O60260|Q8NEG5,E3|O60260,E3,O60260,Q8NEG5,PARK2,ZSWIM2,23,214,enzyme_substrate,0
E3|O60260|O00418,E3|O60260,E3,O60260,O00418,PARK2,EEF2K,23,1897,enzyme_substrate,0
E3|O60260|P04085,E3|O60260,E3,O60260,P04085,PARK2,PDGFA,23,790,enzyme_substrate,0
E3|O60260|P80192,E3|O60260,E3,O60260,P80192,PARK2,MAP3K9,23,1678,enzyme_substrate,0
E3|O60260|Q569H4,E3|O60260,E3,O60260,Q569H4,PARK2,PRR16,23,1690,enzyme_substrate,0
E3|O60260|P05777,E3|O60260,E3,O60260,P05777,PARK2,M,23,1529,enzyme_substrate,0
E3|O60260|Q92918,E3|O60260,E3,O60260,Q92918,PARK2,MAP4K1,23,1363,enzyme_substrate,0
E3|O60260|Q14324,E3|O60260,E3,O60260,Q14324,PARK2,MYBPC2,23,1491,enzyme_substrate,0
E3|O60260|Q15726,E3|O60260,E3,O60260,Q15726,PARK2,KISS1,23,1688,enzyme_substrate,0
E3|O60260|P14076,E3|O60260,E3,O60260,P14076,PARK2,gag,23,1627,enzyme_substrate,0
E3|O60260|P43360,E3|O60260,E3,O60260,P43360,PARK2,MAGEA6,23,1212,enzyme_substrate,0
E3|O60337|Q9P2X3,E3|O60337,E3,O60337,Q9P2X3,MARCHF6,IMPACT,25,1719,enzyme_substrate,0
E3|O60337|Q8TCG1,E3|O60337,E3,O60337,Q8TCG1,MARCHF6,CIP2A,25,1886,enzyme_substrate,0
E3|O60337|Q9NYY3,E3|O60337,E3,O60337,Q9NYY3,MARCHF6,PLK2,25,1292,enzyme_substrate,0
E3|O60337|P62993,E3|O60337,E3,O60337,P62993,MARCHF6,GRB2,25,1261,enzyme_substrate,0
E3|O60683|P49327,E3|O60683,E3,O60683,P49327,PEX10,FASN,26,596,enzyme_substrate,0
E3|O60784|P49450,E3|O60784,E3,O60784,P49450,TOM1,CENPA,27,740,enzyme_substrate,0
E3|O60784|Q9Y657,E3|O60784,E3,O60784,Q9Y657,TOM1,SPIN1,27,1356,enzyme_substrate,0
E3|O60858|P83916,E3|O60858,E3,O60858,P83916,TRIM13,CBX1,28,1221,enzyme_substrate,0
E3|O60858|Q9NS91,E3|O60858,E3,O60858,Q9NS91,TRIM13,RAD18,28,338,enzyme_substrate,0
E3|O60858|P19419,E3|O60858,E3,O60858,P19419,TRIM13,ELK1,28,1411,enzyme_substrate,0
E3|O60858|Q9UPN4,E3|O60858,E3,O60858,Q9UPN4,TRIM13,CEP131,28,1332,enzyme_substrate,0
E3|O60858|Q8NEA6,E3|O60858,E3,O60858,Q8NEA6,TRIM13,GLIS3,28,1543,enzyme_substrate,0
E3|O60858|O95149,E3|O60858,E3,O60858,O95149,TRIM13,SNUPN,28,1250,enzyme_substrate,0
E3|O60858|Q9BXS6,E3|O60858,E3,O60858,Q9BXS6,TRIM13,NUSAP1,28,1849,enzyme_substrate,0
E3|O60858|Q15233,E3|O60858,E3,O60858,Q15233,TRIM13,NONO,28,695,enzyme_substrate,0
E3|O60858|Q8TCG1,E3|O60858,E3,O60858,Q8TCG1,TRIM13,CIP2A,28,1886,enzyme_substrate,0
E3|O60858|P49959,E3|O60858,E3,O60858,P49959,TRIM13,MRE11,28,2103,enzyme_substrate,0
E3|O75150|Q9NR09,E3|O75150,E3,O75150,Q9NR09,RNF40,BIRC6,30,333,enzyme_substrate,0
E3|O75150|P10911,E3|O75150,E3,O75150,P10911,RNF40,MCF2,30,1862,enzyme_substrate,0
E3|O75150|P61073,E3|O75150,E3,O75150,P61073,RNF40,CXCR4,30,1534,enzyme_substrate,0
E3|O75150|P19367,E3|O75150,E3,O75150,P19367,RNF40,HK1,30,628,enzyme_substrate,0
E3|O75159|P26006,E3|O75159,E3,O75159,P26006,SOCS5,ITGA3,31,2104,enzyme_substrate,0
E3|O75159|P63165,E3|O75159,E3,O75159,P63165,SOCS5,SUMO1,31,732,enzyme_substrate,0
E3|O75159|P41182,E3|O75159,E3,O75159,P41182,SOCS5,BCL6,31,1309,enzyme_substrate,0
E3|O75159|P49281,E3|O75159,E3,O75159,P49281,SOCS5,SLC11A2,31,508,enzyme_substrate,0
E3|O75382|Q9UKV5,E3|O75382,E3,O75382,Q9UKV5,TRIM3,AMFR,32,388,enzyme_substrate,0
E3|O75592|P46109,E3|O75592,E3,O75592,P46109,MYCBP2,CRKL,33,824,enzyme_substrate,0
E3|O75717|Q8N0X7,E3|O75717,E3,O75717,Q8N0X7,WDHD1,SPART,34,1629,enzyme_substrate,0
E3|O75928|O15354,E3|O75928,E3,O75928,O15354,PIAS2,GPR37,35,618,enzyme_substrate,0
E3|O75928|P61073,E3|O75928,E3,O75928,P61073,PIAS2,CXCR4,35,1534,enzyme_substrate,0
E3|O76050|Q92851,E3|O76050,E3,O76050,Q92851,NEURL1,CASP10,36,1439,enzyme_substrate,0
E3|O76064|O76090,E3|O76064,E3,O76064,O76090,RNF8,BEST1,37,1564,enzyme_substrate,0
E3|O76064|Q96PH1,E3|O76064,E3,O76064,Q96PH1,RNF8,NOX5,37,1888,enzyme_substrate,0
E3|O76064|P78380,E3|O76064,E3,O76064,P78380,RNF8,OLR1,37,1301,enzyme_substrate,0
E3|O76064|Q9Y5M8,E3|O76064,E3,O76064,Q9Y5M8,RNF8,SRPRB,37,1560,enzyme_substrate,0
E3|O76064|Q9NWM3,E3|O76064,E3,O76064,Q9NWM3,RNF8,CUEDC1,37,1715,enzyme_substrate,0
E3|O76064|O60337,E3|O76064,E3,O76064,O60337,RNF8,MARCHF6,37,25,enzyme_substrate,0
E3|O76064|P01903,E3|O76064,E3,O76064,P01903,RNF8,HLA-DRA,37,1185,enzyme_substrate,0
E3|O76064|P06576,E3|O76064,E3,O76064,P06576,RNF8,ATP5F1B,37,1484,enzyme_substrate,0
E3|O76064|Q13635,E3|O76064,E3,O76064,Q13635,RNF8,PTCH1,37,1535,enzyme_substrate,0
E3|O76064|Q96NT3,E3|O76064,E3,O76064,Q96NT3,RNF8,GUCD1,37,924,enzyme_substrate,0
E3|O92608|Q6PGQ7,E3|O92608,E3,O92608,Q6PGQ7,ORF50,BORA,38,1132,enzyme_substrate,0
E3|O92608|P54652,E3|O92608,E3,O92608,P54652,ORF50,HSPA2,38,942,enzyme_substrate,0
E3|O94844|Q96FV9,E3|O94844,E3,O94844,Q96FV9,RHOBTB1,THOC1,39,922,enzyme_substrate,0
E3|O94844|P19320,E3|O94844,E3,O94844,P19320,RHOBTB1,VCAM1,39,1238,enzyme_substrate,0
E3|O94889|Q9Y5M8,E3|O94889,E3,O94889,Q9Y5M8,KLHL18,SRPRB,40,1560,enzyme_substrate,0
E3|O94889|Q86U70,E3|O94889,E3,O94889,Q86U70,KLHL18,LDB1,40,1621,enzyme_substrate,0
E3|O94952|Q96AE4,E3|O94952,E3,O94952,Q96AE4,FBXO21,FUBP1,41,649,enzyme_substrate,0
E3|O94952|Q05086,E3|O94952,E3,O94952,Q05086,FBXO21,UBE3A,41,95,enzyme_substrate,0
E3|O94952|P43146,E3|O94952,E3,O94952,P43146,FBXO21,DCC,41,557,enzyme_substrate,0
E3|O94952|P30838,E3|O94952,E3,O94952,P30838,FBXO21,ALDH3A1,41,1764,enzyme_substrate,0
E3|O94952|P17302,E3|O94952,E3,O94952,P17302,FBXO21,GJA1,41,897,enzyme_substrate,0
E3|O94952|Q7Z2W7,E3|O94952,E3,O94952,Q7Z2W7,FBXO21,TRPM8,41,1616,enzyme_substrate,0
E3|O94955|P37275,E3|O94955,E3,O94955,P37275,RHOBTB3,ZEB1,42,555,enzyme_substrate,0
E3|O94955|Q6NUN9,E3|O94955,E3,O94955,Q6NUN9,RHOBTB3,ZNF746,42,645,enzyme_substrate,0
E3|O94972|P19429,E3|O94972,E3,O94972,P19429,TRIM37,TNNI3,43,1477,enzyme_substrate,0
E3|O94972|P15498,E3|O94972,E3,O94972,P15498,TRIM37,VAV1,43,538,enzyme_substrate,0
E3|O95071|Q9UJA2,E3|O95071,E3,O95071,Q9UJA2,UBR5,CRLS1,44,1373,enzyme_substrate,0
E3|O95071|P23919,E3|O95071,E3,O95071,P23919,UBR5,DTYMK,44,1836,enzyme_substrate,0
E3|O95071|Q9NWM3,E3|O95071,E3,O95071,Q9NWM3,UBR5,CUEDC1,44,1715,enzyme_substrate,0
E3|O95155|P05026,E3|O95155,E3,O95155,P05026,UBE4B,ATP1B1,45,1501,enzyme_substrate,0
E3|O95155|Q15858,E3|O95155,E3,O95155,Q15858,UBE4B,SCN9A,45,1573,enzyme_substrate,0
E3|O95155|Q13077,E3|O95155,E3,O95155,Q13077,UBE4B,TRAF1,45,104,enzyme_substrate,0
E3|O95198|O14543,E3|O95198,E3,O95198,O14543,KLHL2,SOCS3,46,9,enzyme_substrate,0
E3|O95198|P12755,E3|O95198,E3,O95198,P12755,KLHL2,SKI,46,1251,enzyme_substrate,0
E3|O95198|O14867,E3|O95198,E3,O95198,O14867,KLHL2,BACH1,46,1376,enzyme_substrate,0
E3|O95198|P24864,E3|O95198,E3,O95198,P24864,KLHL2,CCNE1,46,593,enzyme_substrate,0
E3|O95198|P37275,E3|O95198,E3,O95198,P37275,KLHL2,ZEB1,46,555,enzyme_substrate,0
E3|O95198|O00308,E3|O95198,E3,O95198,O00308,KLHL2,WWP2,46,4,enzyme_substrate,0
E3|O95376|P08393,E3|O95376,E3,O95376,P08393,ARIH2,ICP0,47,56,enzyme_substrate,0
E3|O95376|O95140,E3|O95376,E3,O95376,O95140,ARIH2,MFN2,47,622,enzyme_substrate,0
E3|O95376|Q15849,E3|O95376,E3,O95376,Q15849,ARIH2,SLC14A2,47,1035,enzyme_substrate,0
E3|O95628|P31994,E3|O95628,E3,O95628,P31994,CNOT4,FCGR2B,48,1319,enzyme_substrate,0
E3|O95714|Q13467,E3|O95714,E3,O95714,Q13467,HERC2,FZD5,50,1228,enzyme_substrate,0
E3|O95786|Q01664,E3|O95786,E3,O95786,Q01664,DDX58,TFAP4,51,1906,enzyme_substrate,0
E3|O95786|Q9UNN5,E3|O95786,E3,O95786,Q9UNN5,DDX58,FAF1,51,662,enzyme_substrate,0
E3|O95835|O75444,E3|O95835,E3,O95835,O75444,LATS1,MAF,52,887,enzyme_substrate,0
E3|P03126|Q8ND25,E3|P03126,E3,P03126,Q8ND25,E6,ZNRF1,54,213,enzyme_substrate,0
E3|P03126|P14077,E3|P03126,E3,P03126,P14077,E6,gag,54,1628,enzyme_substrate,0
E3|P03126|P50579,E3|P03126,E3,P03126,P50579,E6,METAP2,54,1903,enzyme_substrate,0
E3|P03126|Q96BR9,E3|P03126,E3,P03126,Q96BR9,E6,ZBTB8A,54,1408,enzyme_substrate,0
E3|P03126|P35558,E3|P03126,E3,P03126,P35558,E6,PCK1,54,710,enzyme_substrate,0
E3|P03126|Q14164,E3|P03126,E3,P03126,Q14164,E6,IKBKE,54,1082,enzyme_substrate,0
E3|P03126|P07333,E3|P03126,E3,P03126,P07333,E6,CSF1R,54,796,enzyme_substrate,0
E3|P03126|P29474,E3|P03126,E3,P03126,P29474,E6,NOS3,54,1869,enzyme_substrate,0
E3|P06463|O60936,E3|P06463,E3,P06463,O60936,E6,NOL3,55,996,enzyme_substrate,0
E3|P06463|Q9NZJ0,E3|P06463,E3,P06463,Q9NZJ0,E6,DTL,55,354,enzyme_substrate,0
E3|P08393|Q9BYX4,E3|P08393,E3,P08393,Q9BYX4,ICP0,IFIH1,56,1511,enzyme_substrate,0
E3|P08393|O75460,E3|P08393,E3,P08393,O75460,ICP0,ERN1,56,1293,enzyme_substrate,0
E3|P08393|Q9HB71,E3|P08393,E3,P08393,Q9HB71,ICP0,CACYBP,56,1348,enzyme_substrate,0
E3|P08393|Q8WZ73,E3|P08393,E3,P08393,Q8WZ73,ICP0,RFFL,56,243,enzyme_substrate,0
E3|P08393|Q92674,E3|P08393,E3,P08393,Q92674,ICP0,CENPI,56,954,enzyme_substrate,0
E3|P08393|P23258,E3|P08393,E3,P08393,P23258,ICP0,TUBG1,56,854,enzyme_substrate,0
E3|P08393|P04035,E3|P08393,E3,P08393,P04035,ICP0,HMGCR,56,1296,enzyme_substrate,0
E3|P08393|O75417,E3|P08393,E3,P08393,O75417,ICP0,POLQ,56,997,enzyme_substrate,0
E3|P08393|P98174,E3|P08393,E3,P08393,P98174,ICP0,FGD1,56,1126,enzyme_substrate,0
E3|P08393|Q7Z6J0,E3|P08393,E3,P08393,Q7Z6J0,ICP0,SH3RF1,56,174,enzyme_substrate,0
E3|P08393|Q9Y4E8,E3|P08393,E3,P08393,Q9Y4E8,ICP0,USP15,56,492,enzyme_substrate,0
E3|P08393|P62979,E3|P08393,E3,P08393,P62979,ICP0,RPS27A,56,1023,enzyme_substrate,0
E3|P08393|Q6Q0C0,E3|P08393,E3,P08393,Q6Q0C0,ICP0,TRAF7,56,157,enzyme_substrate,0
E3|P08393|P05129,E3|P08393,E3,P08393,P05129,ICP0,PRKCG,56,1663,enzyme_substrate,0
E3|P08393|Q16537,E3|P08393,E3,P08393,Q16537,ICP0,PPP2R5E,56,1779,enzyme_substrate,0
E3|P08393|P41182,E3|P08393,E3,P08393,P41182,ICP0,BCL6,56,1309,enzyme_substrate,0
E3|P08393|O00716,E3|P08393,E3,P08393,O00716,ICP0,E2F3,56,1829,enzyme_substrate,0
E3|P08393|Q9Y490,E3|P08393,E3,P08393,Q9Y490,ICP0,TLN1,56,1727,enzyme_substrate,0
E3|P08393|P12757,E3|P08393,E3,P08393,P12757,ICP0,SKIL,56,1252,enzyme_substrate,0
E3|P08393|Q9Y253,E3|P08393,E3,P08393,Q9Y253,ICP0,POLH,56,1559,enzyme_substrate,0
E3|P08393|P06748,E3|P08393,E3,P08393,P06748,ICP0,NPM1,56,850,enzyme_substrate,0
E3|P08393|Q02535,E3|P08393,E3,P08393,Q02535,ICP0,ID3,56,1650,enzyme_substrate,0
E3|P08393|Q99988,E3|P08393,E3,P08393,Q99988,ICP0,GDF15,56,1705,enzyme_substrate,0
E3|P08393|Q8N6P7,E3|P08393,E3,P08393,Q8N6P7,ICP0,IL22RA1,56,1248,enzyme_substrate,0
E3|P08393|P10275,E3|P08393,E3,P08393,P10275,ICP0,AR,56,554,enzyme_substrate,0
E3|P08393|Q9NQA5,E3|P08393,E3,P08393,Q9NQA5,ICP0,TRPV5,56,1210,enzyme_substrate,0
E3|P08393|Q9NS87,E3|P08393,E3,P08393,Q9NS87,ICP0,KIF15,56,573,enzyme_substrate,0
E3|P08393|P35226,E3|P08393,E3,P08393,P35226,ICP0,BMI1,56,72,enzyme_substrate,0
E3|P08393|Q06187,E3|P08393,E3,P08393,Q06187,ICP0,BTK,56,1682,enzyme_substrate,0
E3|P08393|Q9H8M7,E3|P08393,E3,P08393,Q9H8M7,ICP0,FAM188A,56,1713,enzyme_substrate,0
E3|P08393|Q16828,E3|P08393,E3,P08393,Q16828,ICP0,DUSP6,56,603,enzyme_substrate,0
E3|P08393|P42261,E3|P08393,E3,P08393,P42261,ICP0,GRIA1,56,902,enzyme_substrate,0
E3|P08393|Q30167,E3|P08393,E3,P08393,Q30167,ICP0,HLA-DRB1,56,1201,enzyme_substrate,0
E3|P08393|Q14790,E3|P08393,E3,P08393,Q14790,ICP0,CASP8,56,981,enzyme_substrate,0
E3|P08393|P09874,E3|P08393,E3,P08393,P09874,ICP0,PARP1,56,57,enzyme_substrate,0
E3|P08393|Q9UJT9,E3|P08393,E3,P08393,Q9UJT9,ICP0,FBXL7,56,374,enzyme_substrate,0
E3|P08393|O15534,E3|P08393,E3,P08393,O15534,ICP0,PER1,56,1804,enzyme_substrate,0
E3|P08393|Q16620,E3|P08393,E3,P08393,Q16620,ICP0,NTRK2,56,1574,enzyme_substrate,0
E3|P08393|Q53EL6,E3|P08393,E3,P08393,Q53EL6,ICP0,PDCD4,56,1131,enzyme_substrate,0
E3|P08393|Q569H4,E3|P08393,E3,P08393,Q569H4,ICP0,PRR16,56,1690,enzyme_substrate,0
E3|P08393|P20963,E3|P08393,E3,P08393,P20963,ICP0,CD247,56,1097,enzyme_substrate,0
E3|P08393|Q9BRS2,E3|P08393,E3,P08393,Q9BRS2,ICP0,RIOK1,56,1736,enzyme_substrate,0
E3|P08393|O95994,E3|P08393,E3,P08393,O95994,ICP0,AGR2,56,708,enzyme_substrate,0
E3|P08393|O75915,E3|P08393,E3,P08393,O75915,ICP0,ARL6IP5,56,1520,enzyme_substrate,0
E3|P08393|Q8WUI4,E3|P08393,E3,P08393,Q8WUI4,ICP0,HDAC7,56,1461,enzyme_substrate,0
E3|P08393|O95859,E3|P08393,E3,P08393,O95859,ICP0,TSPAN12,56,1369,enzyme_substrate,0
E3|P09936|Q6ZWH5,E3|P09936,E3,P09936,Q6ZWH5,UCHL1,NEK10,58,1882,enzyme_substrate,0
E3|P0C2W1|Q9H074,E3|P0C2W1,E3,P0C2W1,Q9H074,FBXO45,PAIP1,59,514,enzyme_substrate,0
E3|P0C2W1|Q9I788,E3|P0C2W1,E3,P0C2W1,Q9I788,FBXO45,exoT,59,1098,enzyme_substrate,0
E3|P0C2W1|P49915,E3|P0C2W1,E3,P0C2W1,P49915,FBXO45,GMPS,59,778,enzyme_substrate,0
E3|P0CI25|P61224,E3|P0CI25,E3,P0CI25,P61224,TRIM49,RAP1B,60,1648,enzyme_substrate,0
E3|P0CI25|O43561,E3|P0CI25,E3,P0CI25,O43561,TRIM49,LAT,60,1930,enzyme_substrate,0
E3|P10523|Q16589,E3|P10523,E3,P10523,Q16589,SAG,CCNG2,61,1222,enzyme_substrate,0
E3|P10523|Q8IUE6,E3|P10523,E3,P10523,Q8IUE6,SAG,H2AC21,61,697,enzyme_substrate,0
E3|P10523|Q9H5N1,E3|P10523,E3,P10523,Q9H5N1,SAG,RABEP2,61,1711,enzyme_substrate,0
E3|P10523|Q99836,E3|P10523,E3,P10523,Q99836,SAG,MYD88,61,608,enzyme_substrate,0
E3|P10523|Q8NFZ5,E3|P10523,E3,P10523,Q8NFZ5,SAG,TNIP2,61,1700,enzyme_substrate,0
E3|P10523|P55895,E3|P10523,E3,P10523,P55895,SAG,RAG2,61,1123,enzyme_substrate,0
E3|P10523|P10275,E3|P10523,E3,P10523,P10275,SAG,AR,61,554,enzyme_substrate,0
E3|P10523|P11441,E3|P10523,E3,P10523,P11441,SAG,UBL4A,61,62,enzyme_substrate,0
E3|P10523|Q8NEB9,E3|P10523,E3,P10523,Q8NEB9,SAG,PIK3C3,61,1170,enzyme_substrate,0
E3|P10523|Q96BF6,E3|P10523,E3,P10523,Q96BF6,SAG,NACC2,61,747,enzyme_substrate,0
E3|P10523|Q9UIH9,E3|P10523,E3,P10523,Q9UIH9,SAG,KLF15,61,934,enzyme_substrate,0
E3|P10523|P00558,E3|P10523,E3,P10523,P00558,SAG,PGK1,61,1857,enzyme_substrate,0
E3|P11441|Q13794,E3|P11441,E3,P11441,Q13794,UBL4A,PMAIP1,62,763,enzyme_substrate,0
E3|P12830|P51825,E3|P12830,E3,P12830,P51825,CDH1,AFF1,63,1340,enzyme_substrate,0
E3|P14373|Q9TQE0,E3|P14373,E3,P14373,Q9TQE0,TRIM27,HLA-DRB1,64,1206,enzyme_substrate,0
E3|P15918|P61254,E3|P15918,E3,P15918,P61254,RAG1,RPL26,65,1022,enzyme_substrate,0
E3|P15918|P51795,E3|P15918,E3,P15918,P51795,RAG1,CLCN5,65,1570,enzyme_substrate,0
E3|P15918|O43318,E3|P15918,E3,P15918,O43318,RAG1,MAP3K7,65,966,enzyme_substrate,0
E3|P15918|Q08499,E3|P15918,E3,P15918,Q08499,RAG1,PDE4D,65,1027,enzyme_substrate,0
E3|P19474|O60337,E3|P19474,E3,P19474,O60337,TRIM21,MARCHF6,66,25,enzyme_substrate,0
E3|P19474|Q15388,E3|P19474,E3,P19474,Q15388,TRIM21,TOMM20,66,643,enzyme_substrate,0
E3|P19474|Q8N6P7,E3|P19474,E3,P19474,Q8N6P7,TRIM21,IL22RA1,66,1248,enzyme_substrate,0
E3|P19474|P56750,E3|P19474,E3,P19474,P56750,TRIM21,CLDN17,66,1406,enzyme_substrate,0
E3|P19474|P18433,E3|P19474,E3,P19474,P18433,TRIM21,PTPRA,66,1318,enzyme_substrate,0
E3|P19474|P48048,E3|P19474,E3,P19474,P48048,TRIM21,KCNJ1,66,1263,enzyme_substrate,0
E3|P19474|O43511,E3|P19474,E3,P19474,O43511,TRIM21,SLC26A4,66,1600,enzyme_substrate,0
E3|P19474|Q92851,E3|P19474,E3,P19474,Q92851,TRIM21,CASP10,66,1439,enzyme_substrate,0
E3|P19474|Q3T906,E3|P19474,E3,P19474,Q3T906,TRIM21,GNPTAB,66,1542,enzyme_substrate,0
E3|P21580|P03956,E3|P21580,E3,P21580,P03956,TNFAIP3,MMP1,67,1391,enzyme_substrate,0
E3|P21580|P41180,E3|P21580,E3,P21580,P41180,TNFAIP3,CASR,67,1746,enzyme_substrate,0
E3|P21580|Q99714,E3|P21580,E3,P21580,Q99714,TNFAIP3,PTPN5,67,654,enzyme_substrate,0
E3|P22681|Q08999,E3|P22681,E3,P22681,Q08999,CBL,RBL2,69,1127,enzyme_substrate,0
E3|P22681|Q9NQB0,E3|P22681,E3,P22681,Q9NQB0,CBL,TCF7L2,69,1429,enzyme_substrate,0
E3|P22681|Q15742,E3|P22681,E3,P22681,Q15742,CBL,NAB2,69,667,enzyme_substrate,0
E3|P22681|O00308,E3|P22681,E3,P22681,O00308,CBL,WWP2,69,4,enzyme_substrate,0
E3|P22681|P37275,E3|P22681,E3,P22681,P37275,CBL,ZEB1,69,555,enzyme_substrate,0
E3|P22681|Q7L8J4,E3|P22681,E3,P22681,Q7L8J4,CBL,SH3BP5L,69,1743,enzyme_substrate,0
E3|P22681|O60381,E3|P22681,E3,P22681,O60381,CBL,HBP1,69,995,enzyme_substrate,0
E3|P22681|Q12888,E3|P22681,E3,P22681,Q12888,CBL,TP53BP1,69,598,enzyme_substrate,0
E3|P22681|P17947,E3|P22681,E3,P22681,P17947,CBL,SPI1,69,1445,enzyme_substrate,0
E3|P22681|P62487,E3|P22681,E3,P22681,P62487,CBL,POLR2G,69,872,enzyme_substrate,0
E3|P22681|P50458,E3|P22681,E3,P22681,P50458,CBL,LHX2,69,1750,enzyme_substrate,0
E3|P22681|Q9H9R9,E3|P22681,E3,P22681,Q9H9R9,CBL,DBNDD1,69,1091,enzyme_substrate,0
E3|P22681|Q14190,E3|P22681,E3,P22681,Q14190,CBL,SIM2,69,641,enzyme_substrate,0
E3|P22681|P02751,E3|P22681,E3,P22681,P02751,CBL,FN1,69,866,enzyme_substrate,0
E3|P22681|P43694,E3|P22681,E3,P22681,P43694,CBL,GATA4,69,1873,enzyme_substrate,0
E3|P22681|P31937,E3|P22681,E3,P22681,P31937,CBL,HIBADH,69,1489,enzyme_substrate,0
E3|P22681|P15173,E3|P22681,E3,P22681,P15173,CBL,MYOG,69,1476,enzyme_substrate,0
E3|P22681|Q15386,E3|P22681,E3,P22681,Q15386,CBL,UBE3C,69,123,enzyme_substrate,0
E3|P22681|P61968,E3|P22681,E3,P22681,P61968,CBL,LMO4,69,1752,enzyme_substrate,0
E3|P22681|P19237,E3|P22681,E3,P22681,P19237,CBL,TNNI1,69,1488,enzyme_substrate,0
E3|P22681|Q9NXR8,E3|P22681,E3,P22681,Q9NXR8,CBL,ING3,69,1142,enzyme_substrate,0
E3|P22681|Q86U70,E3|P22681,E3,P22681,Q86U70,CBL,LDB1,69,1621,enzyme_substrate,0
E3|P22681|P15923,E3|P22681,E3,P22681,P15923,CBL,TCF3,69,1113,enzyme_substrate,0
E3|P22681|P12004,E3|P22681,E3,P22681,P12004,CBL,PCNA,69,692,enzyme_substrate,0
E3|P22681|O00330,E3|P22681,E3,P22681,O00330,CBL,PDHX,69,583,enzyme_substrate,0
E3|P22681|P08678,E3|P22681,E3,P22681,P08678,CBL,CYR1,69,1820,enzyme_substrate,0
E3|P22681|P54725,E3|P22681,E3,P22681,P54725,CBL,RAD23A,69,85,enzyme_substrate,0
E3|P22681|P20700,E3|P22681,E3,P22681,P20700,CBL,LMNB1,69,1780,enzyme_substrate,0
E3|P22681|P12755,E3|P22681,E3,P22681,P12755,CBL,SKI,69,1251,enzyme_substrate,0
E3|P22681|P10244,E3|P22681,E3,P22681,P10244,CBL,MYBL2,69,940,enzyme_substrate,0
E3|P22681|P10193,E3|P22681,E3,P22681,P10193,CBL,UL9,69,1791,enzyme_substrate,0
E3|P22681|O75417,E3|P22681,E3,P22681,O75417,CBL,POLQ,69,997,enzyme_substrate,0
E3|P22681|Q9NS37,E3|P22681,E3,P22681,Q9NS37,CBL,CREBZF,69,1918,enzyme_substrate,0
E3|P22681|O76021,E3|P22681,E3,P22681,O76021,CBL,RSL1D1,69,1401,enzyme_substrate,0
E3|P22681|Q99814,E3|P22681,E3,P22681,Q99814,CBL,EPAS1,69,875,enzyme_substrate,0
E3|P22681|P49450,E3|P22681,E3,P22681,P49450,CBL,CENPA,69,740,enzyme_substrate,0
E3|P22681|O60885,E3|P22681,E3,P22681,O60885,CBL,BRD4,69,584,enzyme_substrate,0
E3|P29372|P26006,E3|P29372,E3,P29372,P26006,MPG,ITGA3,70,2104,enzyme_substrate,0
E3|P29372|Q14114,E3|P29372,E3,P29372,Q14114,MPG,LRP8,70,1435,enzyme_substrate,0
E3|P35226|Q9NPH3,E3|P35226,E3,P35226,Q9NPH3,BMI1,IL1RAP,72,1205,enzyme_substrate,0
E3|P35226|Q92918,E3|P35226,E3,P35226,Q92918,BMI1,MAP4K1,72,1363,enzyme_substrate,0
E3|P35226|P08195,E3|P35226,E3,P35226,P08195,BMI1,SLC3A2,72,1191,enzyme_substrate,0
E3|P35226|P20039,E3|P35226,E3,P35226,P20039,BMI1,HLA-DRB1,72,1195,enzyme_substrate,0
E3|P35226|Q7Z434,E3|P35226,E3,P35226,Q7Z434,BMI1,MAVS,72,1161,enzyme_substrate,0
E3|P35226|Q13794,E3|P35226,E3,P35226,Q13794,BMI1,PMAIP1,72,763,enzyme_substrate,0
E3|P35226|Q9Y286,E3|P35226,E3,P35226,Q9Y286,BMI1,SIGLEC7,72,524,enzyme_substrate,0
E3|P36406|Q15910,E3|P36406,E3,P36406,Q15910,TRIM23,EZH2,74,1387,enzyme_substrate,0
E3|P36406|P19237,E3|P36406,E3,P36406,P19237,TRIM23,TNNI1,74,1488,enzyme_substrate,0
E3|P36406|O00308,E3|P36406,E3,P36406,O00308,TRIM23,WWP2,74,4,enzyme_substrate,0
E3|P37231|P63252,E3|P37231,E3,P37231,P63252,PPARG,KCNJ2,75,1264,enzyme_substrate,0
E3|P38398|O75365,E3|P38398,E3,P38398,O75365,BRCA1,PTP4A3,76,1898,enzyme_substrate,0
E3|P38398|Q9ULT6,E3|P38398,E3,P38398,Q9ULT6,BRCA1,ZNRF3,76,1921,enzyme_substrate,0
E3|P38398|O75460,E3|P38398,E3,P38398,O75460,BRCA1,ERN1,76,1293,enzyme_substrate,0
E3|P38398|Q14558,E3|P38398,E3,P38398,Q14558,BRCA1,PRPSAP1,76,1368,enzyme_substrate,0
E3|P38398|P07333,E3|P38398,E3,P38398,P07333,BRCA1,CSF1R,76,796,enzyme_substrate,0
E3|P38398|P16070,E3|P38398,E3,P38398,P16070,BRCA1,CD44,76,1417,enzyme_substrate,0
E3|P38398|P42081,E3|P38398,E3,P38398,P42081,BRCA1,CD86,76,960,enzyme_substrate,0
E3|P38398|Q9HB29,E3|P38398,E3,P38398,Q9HB29,BRCA1,IL1RL2,76,1512,enzyme_substrate,0
E3|P38398|P40189,E3|P38398,E3,P38398,P40189,BRCA1,IL6ST,76,523,enzyme_substrate,0
E3|P38398|Q12981,E3|P38398,E3,P38398,Q12981,BRCA1,BNIP1,76,1521,enzyme_substrate,0
E3|P38398|P15813,E3|P38398,E3,P38398,P15813,BRCA1,CD1D,76,958,enzyme_substrate,0
E3|P38398|Q15726,E3|P38398,E3,P38398,Q15726,BRCA1,KISS1,76,1688,enzyme_substrate,0
E3|P38398|O95994,E3|P38398,E3,P38398,O95994,BRCA1,AGR2,76,708,enzyme_substrate,0
E3|P38398|P55085,E3|P38398,E3,P38398,P55085,BRCA1,F2RL1,76,828,enzyme_substrate,0
E3|P38398|P19174,E3|P38398,E3,P38398,P19174,BRCA1,PLCG1,76,627,enzyme_substrate,0
E3|P38398|P37173,E3|P38398,E3,P38398,P37173,BRCA1,TGFBR2,76,1275,enzyme_substrate,0
E3|P38398|P42261,E3|P38398,E3,P38398,P42261,BRCA1,GRIA1,76,902,enzyme_substrate,0
E3|P40337|P03956,E3|P40337,E3,P40337,P03956,VHL,MMP1,77,1391,enzyme_substrate,0
E3|P40337|P02765,E3|P40337,E3,P40337,P02765,VHL,AHSG,77,1442,enzyme_substrate,0
E3|P40337|P05976,E3|P40337,E3,P40337,P05976,VHL,MYL1,77,1483,enzyme_substrate,0
E3|P40337|Q9P2F8,E3|P40337,E3,P40337,Q9P2F8,VHL,SIPA1L2,77,1813,enzyme_substrate,0
E3|P41002|Q99759,E3|P41002,E3,P41002,Q99759,CCNF,MAP3K3,78,985,enzyme_substrate,0
E3|P41002|O15503,E3|P41002,E3,P41002,O15503,CCNF,INSIG1,78,1423,enzyme_substrate,0
E3|P41002|Q8WU17,E3|P41002,E3,P41002,Q8WU17,CCNF,RNF139,78,233,enzyme_substrate,0
E3|P46934|O95147,E3|P46934,E3,P46934,O95147,NEDD4,NEK2,79,623,enzyme_substrate,0
E3|P46934|O76013,E3|P46934,E3,P46934,O76013,NEDD4,KRT36,79,1660,enzyme_substrate,0
E3|P46934|P06790,E3|P46934,E3,P46934,P06790,NEDD4,E2,79,1112,enzyme_substrate,0
E3|P46934|Q29974,E3|P46934,E3,P46934,Q29974,NEDD4,HLA-DRB1,79,1198,enzyme_substrate,0
E3|P46934|Q2PQ59,E3|P46934,E3,P46934,Q2PQ59,NEDD4,TOP2alpha,79,859,enzyme_substrate,0
E3|P46934|Q13233,E3|P46934,E3,P46934,Q13233,NEDD4,MAP3K1,79,108,enzyme_substrate,0
E3|P46934|O00763,E3|P46934,E3,P46934,O00763,NEDD4,ACACB,79,1256,enzyme_substrate,0
E3|P46934|Q30134,E3|P46934,E3,P46934,Q30134,NEDD4,HLA-DRB1,79,1199,enzyme_substrate,0
E3|P46934|Q6ZWH5,E3|P46934,E3,P46934,Q6ZWH5,NEDD4,NEK10,79,1882,enzyme_substrate,0
E3|P46934|Q9H9R9,E3|P46934,E3,P46934,Q9H9R9,NEDD4,DBNDD1,79,1091,enzyme_substrate,0
E3|P46934|P04085,E3|P46934,E3,P46934,P04085,NEDD4,PDGFA,79,790,enzyme_substrate,0
E3|P46934|A4F535,E3|P46934,E3,P46934,A4F535,NEDD4,P,79,1768,enzyme_substrate,0
E3|P46934|Q08AJ9,E3|P46934,E3,P46934,Q08AJ9,NEDD4,HIST1H2AB,79,1311,enzyme_substrate,0
E3|P46934|Q9Y2R9,E3|P46934,E3,P46934,Q9Y2R9,NEDD4,MRPS7,79,1048,enzyme_substrate,0
E3|P46934|P19429,E3|P46934,E3,P46934,P19429,NEDD4,TNNI3,79,1477,enzyme_substrate,0
E3|P49427|P18065,E3|P49427,E3,P49427,P18065,CDC34,IGFBP2,81,1361,enzyme_substrate,0
E3|P49427|O60883,E3|P49427,E3,P49427,O60883,CDC34,GPR37L1,81,621,enzyme_substrate,0
E3|P50876|P06935,E3|P50876,E3,P50876,P06935,RNF144A,,82,1783,enzyme_substrate,0
E3|P50876|O75444,E3|P50876,E3,P50876,O75444,RNF144A,MAF,82,887,enzyme_substrate,0
E3|P53804|P02765,E3|P53804,E3,P53804,P02765,TTC3,AHSG,84,1442,enzyme_substrate,0
E3|P62253|Q92542,E3|P62253,E3,P62253,Q92542,UBE2G1,NCSTN,86,1304,enzyme_substrate,0
E3|P62253|O43313,E3|P62253,E3,P62253,O43313,UBE2G1,ATMIN,86,706,enzyme_substrate,0
E3|P62877|P16471,E3|P62877,E3,P62877,P16471,RBX1,PRLR,87,1806,enzyme_substrate,0
E3|P62877|Q99759,E3|P62877,E3,P62877,Q99759,RBX1,MAP3K3,87,985,enzyme_substrate,0
E3|P62877|Q7Z434,E3|P62877,E3,P62877,Q7Z434,RBX1,MAVS,87,1161,enzyme_substrate,0
E3|P69720|P24941,E3|P69720,E3,P69720,P24941,vif,CDK2,89,1436,enzyme_substrate,0
E3|P69720|Q15173,E3|P69720,E3,P69720,Q15173,vif,PPP2R5B,89,1554,enzyme_substrate,0
E3|P69720|Q9BSA4,E3|P69720,E3,P69720,Q9BSA4,vif,TTYH2,89,926,enzyme_substrate,0
E3|P69720|P40189,E3|P69720,E3,P69720,P40189,vif,IL6ST,89,523,enzyme_substrate,0
E3|P69720|Q9BUZ4,E3|P69720,E3,P69720,Q9BUZ4,vif,TRAF4,89,293,enzyme_substrate,0
E3|P69720|P16284,E3|P69720,E3,P69720,P16284,vif,PECAM1,89,959,enzyme_substrate,0
E3|P78317|P01857,E3|P78317,E3,P78317,P01857,RNF4,IGHG1,90,774,enzyme_substrate,0
E3|P78317|Q96PH1,E3|P78317,E3,P78317,Q96PH1,RNF4,NOX5,90,1888,enzyme_substrate,0
E3|P78317|P55017,E3|P78317,E3,P78317,P55017,RNF4,SLC12A3,90,1874,enzyme_substrate,0
E3|P78317|P43003,E3|P78317,E3,P78317,P43003,RNF4,SLC1A3,90,1569,enzyme_substrate,0
E3|P78317|O00330,E3|P78317,E3,P78317,O00330,RNF4,PDHX,90,583,enzyme_substrate,0
E3|P90489|P22681,E3|P90489,E3,P90489,P22681,K5,CBL,91,69,enzyme_substrate,0
E3|P90489|Q5JSP0,E3|P90489,E3,P90489,Q5JSP0,K5,FGD3,91,1911,enzyme_substrate,0
E3|P90489|Q15784,E3|P90489,E3,P90489,Q15784,K5,NEUROD2,91,1071,enzyme_substrate,0
E3|P90489|Q6PGQ7,E3|P90489,E3,P90489,Q6PGQ7,K5,BORA,91,1132,enzyme_substrate,0
E3|P90489|Q71DI3,E3|P90489,E3,P90489,Q71DI3,K5,H3C15,91,1281,enzyme_substrate,0
E3|P90489|P38936,E3|P90489,E3,P90489,P38936,K5,CDKN1A,91,529,enzyme_substrate,0
E3|P90489|Q9H492,E3|P90489,E3,P90489,Q9H492,K5,MAP1LC3A,91,1072,enzyme_substrate,0
E3|P90489|Q12824,E3|P90489,E3,P90489,Q12824,K5,SMARCB1,91,1508,enzyme_substrate,0
E3|P90489|Q8NEG5,E3|P90489,E3,P90489,Q8NEG5,K5,ZSWIM2,91,214,enzyme_substrate,0
E3|P90489|Q96PH1,E3|P90489,E3,P90489,Q96PH1,K5,NOX5,91,1888,enzyme_substrate,0
E3|P90489|Q99801,E3|P90489,E3,P90489,Q99801,K5,NKX3-1,91,1138,enzyme_substrate,0
E3|P90489|P08393,E3|P90489,E3,P90489,P08393,K5,ICP0,91,56,enzyme_substrate,0
E3|P90489|Q9Y508,E3|P90489,E3,P90489,Q9Y508,K5,RNF114,91,1729,enzyme_substrate,0
E3|P90489|Q9P1Z2,E3|P90489,E3,P90489,Q9P1Z2,K5,CALCOCO1,91,1717,enzyme_substrate,0
E3|P90489|Q9P126,E3|P90489,E3,P90489,Q9P126,K5,CLEC1B,91,946,enzyme_substrate,0
E3|P90489|P62330,E3|P90489,E3,P90489,P62330,K5,ARF6,91,1732,enzyme_substrate,0
E3|P90495|Q30134,E3|P90495,E3,P90495,Q30134,K3,HLA-DRB1,92,1199,enzyme_substrate,0
E3|P90495|Q96GM5,E3|P90495,E3,P90495,Q96GM5,K3,SMARCD1,92,1510,enzyme_substrate,0
E3|P90495|P08133,E3|P90495,E3,P90495,P08133,K3,ANXA6,92,1665,enzyme_substrate,0
E3|P90495|P41595,E3|P90495,E3,P90495,P41595,K3,HTR2B,92,1404,enzyme_substrate,0
E3|P90495|Q9UGK3,E3|P90495,E3,P90495,Q9UGK3,K3,STAP2,92,835,enzyme_substrate,0
E3|P90495|O14730,E3|P90495,E3,P90495,O14730,K3,RIOK3,92,1659,enzyme_substrate,0
E3|P98170|Q03135,E3|P98170,E3,P98170,Q03135,XIAP,CAV1,93,1375,enzyme_substrate,0
E3|P98170|P19634,E3|P98170,E3,P98170,P19634,XIAP,SLC9A1,93,898,enzyme_substrate,0
E3|P98170|Q15849,E3|P98170,E3,P98170,Q15849,XIAP,SLC14A2,93,1035,enzyme_substrate,0
E3|P98170|P31785,E3|P98170,E3,P98170,P31785,XIAP,IL2RG,93,817,enzyme_substrate,0
E3|P98170|Q8NEG5,E3|P98170,E3,P98170,Q8NEG5,XIAP,ZSWIM2,93,214,enzyme_substrate,0
E3|P98170|P10523,E3|P98170,E3,P98170,P10523,XIAP,SAG,93,61,enzyme_substrate,0
E3|P98170|P13760,E3|P98170,E3,P98170,P13760,XIAP,HLA-DRB1,93,1193,enzyme_substrate,0
E3|P98170|Q7Z4L4,E3|P98170,E3,P98170,Q7Z4L4,XIAP,TNIK,93,1695,enzyme_substrate,0
E3|Q00987|Q8NHL6,E3|Q00987,E3,Q00987,Q8NHL6,MDM2,LILRB1,94,1323,enzyme_substrate,0
E3|Q00987|Q93070,E3|Q00987,E3,Q00987,Q93070,MDM2,ART4,94,1254,enzyme_substrate,0
E3|Q00987|P51170,E3|Q00987,E3,Q00987,P51170,MDM2,SCNN1G,94,906,enzyme_substrate,0
E3|Q00987|Q13571,E3|Q00987,E3,Q00987,Q13571,MDM2,LAPTM5,94,910,enzyme_substrate,0
E3|Q00987|P02647,E3|Q00987,E3,Q00987,P02647,MDM2,APOA1,94,1614,enzyme_substrate,0
E3|Q00987|P20333,E3|Q00987,E3,Q00987,P20333,MDM2,TNFRSF1B,94,1645,enzyme_substrate,0
E3|Q00987|P12532,E3|Q00987,E3,Q00987,P12532,MDM2,CKMT1A,94,1503,enzyme_substrate,0
E3|Q00987|Q6ZVM7,E3|Q00987,E3,Q00987,Q6ZVM7,MDM2,TOM1L2,94,1693,enzyme_substrate,0
E3|Q00987|P08581,E3|Q00987,E3,Q00987,P08581,MDM2,MET,94,800,enzyme_substrate,0
E3|Q00987|Q9BSA4,E3|Q00987,E3,Q00987,Q9BSA4,MDM2,TTYH2,94,926,enzyme_substrate,0
E3|Q00987|O60883,E3|Q00987,E3,Q00987,O60883,MDM2,GPR37L1,94,621,enzyme_substrate,0
E3|Q00987|Q8N519,E3|Q00987,E3,Q00987,Q8N519,MDM2,,94,1697,enzyme_substrate,0
E3|Q00987|Q569H4,E3|Q00987,E3,Q00987,Q569H4,MDM2,PRR16,94,1690,enzyme_substrate,0
E3|Q00987|Q9H1D0,E3|Q00987,E3,Q00987,Q9H1D0,MDM2,TRPV6,94,1582,enzyme_substrate,0
E3|Q00987|P01889,E3|Q00987,E3,Q00987,P01889,MDM2,HLA-B,94,955,enzyme_substrate,0
E3|Q00987|P48048,E3|Q00987,E3,Q00987,P48048,MDM2,KCNJ1,94,1263,enzyme_substrate,0
E3|Q00987|Q9UNK0,E3|Q00987,E3,Q00987,Q9UNK0,MDM2,STX8,94,1208,enzyme_substrate,0
E3|Q00987|Q9UBN4,E3|Q00987,E3,Q00987,Q9UBN4,MDM2,TRPC4,94,1549,enzyme_substrate,0
E3|Q00987|O15146,E3|Q00987,E3,Q00987,O15146,MDM2,MUSK,94,1893,enzyme_substrate,0
E3|Q00987|Q9BYM8,E3|Q00987,E3,Q00987,Q9BYM8,MDM2,RBCK1,94,299,enzyme_substrate,0
E3|Q00987|Q8TB46,E3|Q00987,E3,Q00987,Q8TB46,MDM2,ANKRD50,94,1701,enzyme_substrate,0
E3|Q00987|O75581,E3|Q00987,E3,Q00987,O75581,MDM2,LRP6,94,1528,enzyme_substrate,0
E3|Q00987|Q99062,E3|Q00987,E3,Q00987,Q99062,MDM2,CSF3R,94,1464,enzyme_substrate,0
E3|Q00987|O60313,E3|Q00987,E3,Q00987,O60313,MDM2,OPA1,94,1832,enzyme_substrate,0
E3|Q00987|Q9Y6D0,E3|Q00987,E3,Q00987,Q9Y6D0,MDM2,SELENOK,94,848,enzyme_substrate,0
E3|Q00987|Q9BV40,E3|Q00987,E3,Q00987,Q9BV40,MDM2,VAMP8,94,1325,enzyme_substrate,0
E3|Q00987|P31645,E3|Q00987,E3,Q00987,P31645,MDM2,SLC6A4,94,1300,enzyme_substrate,0
E3|Q00987|P16070,E3|Q00987,E3,Q00987,P16070,MDM2,CD44,94,1417,enzyme_substrate,0
E3|Q00987|P17302,E3|Q00987,E3,Q00987,P17302,MDM2,GJA1,94,897,enzyme_substrate,0
E3|Q00987|Q70CQ3,E3|Q00987,E3,Q00987,Q70CQ3,MDM2,USP30,94,452,enzyme_substrate,0
E3|Q00987|P60903,E3|Q00987,E3,Q00987,P60903,MDM2,S100A10,94,1342,enzyme_substrate,0
E3|Q00987|Q99759,E3|Q00987,E3,Q00987,Q99759,MDM2,MAP3K3,94,985,enzyme_substrate,0
E3|Q00987|O00459,E3|Q00987,E3,Q00987,O00459,MDM2,PIK3R2,94,1096,enzyme_substrate,0
E3|Q00987|P01912,E3|Q00987,E3,Q00987,P01912,MDM2,HLA-DRB1,94,1187,enzyme_substrate,0
E3|Q00987|P08393,E3|Q00987,E3,Q00987,P08393,MDM2,ICP0,94,56,enzyme_substrate,0
E3|Q00987|P29033,E3|Q00987,E3,Q00987,P29033,MDM2,GJB2,94,1792,enzyme_substrate,0
E3|Q00987|P00367,E3|Q00987,E3,Q00987,P00367,MDM2,GLUD1,94,1226,enzyme_substrate,0
E3|Q00987|O60762,E3|Q00987,E3,Q00987,O60762,MDM2,DPM1,94,1856,enzyme_substrate,0
E3|Q00987|P06127,E3|Q00987,E3,Q00987,P06127,MDM2,CD5,94,793,enzyme_substrate,0
E3|Q00987|P0DMV8,E3|Q00987,E3,Q00987,P0DMV8,MDM2,HSPA1A,94,970,enzyme_substrate,0
E3|Q00987|P04085,E3|Q00987,E3,Q00987,P04085,MDM2,PDGFA,94,790,enzyme_substrate,0
E3|Q00987|O14773,E3|Q00987,E3,Q00987,O14773,MDM2,TPP1,94,687,enzyme_substrate,0
E3|Q00987|P61968,E3|Q00987,E3,Q00987,P61968,MDM2,LMO4,94,1752,enzyme_substrate,0
E3|Q00987|P02751,E3|Q00987,E3,Q00987,P02751,MDM2,FN1,94,866,enzyme_substrate,0
E3|Q00987|P05556,E3|Q00987,E3,Q00987,P05556,MDM2,ITGB1,94,1790,enzyme_substrate,0
E3|Q00987|P36894,E3|Q00987,E3,Q00987,P36894,MDM2,BMPR1A,94,1670,enzyme_substrate,0
E3|Q05086|Q96EQ8,E3|Q05086,E3,Q05086,Q96EQ8,UBE3A,RNF125,95,262,enzyme_substrate,0
E3|Q05086|Q00059,E3|Q05086,E3,Q05086,Q00059,UBE3A,TFAM,95,1841,enzyme_substrate,0
E3|Q05086|Q8IXI2,E3|Q05086,E3,Q05086,Q8IXI2,UBE3A,RHOT1,95,648,enzyme_substrate,0
E3|Q05086|O60858,E3|Q05086,E3,Q05086,O60858,UBE3A,TRIM13,95,28,enzyme_substrate,0
E3|Q05086|P80192,E3|Q05086,E3,Q05086,P80192,UBE3A,MAP3K9,95,1678,enzyme_substrate,0
E3|Q05086|O76074,E3|Q05086,E3,Q05086,O76074,UBE3A,PDE5A,95,702,enzyme_substrate,0
E3|Q05086|P29475,E3|Q05086,E3,Q05086,P29475,UBE3A,NOS1,95,1870,enzyme_substrate,0
E3|Q05086|P49675,E3|Q05086,E3,Q05086,P49675,UBE3A,STAR,95,1339,enzyme_substrate,0
E3|Q05086|P08678,E3|Q05086,E3,Q05086,P08678,UBE3A,CYR1,95,1820,enzyme_substrate,0
E3|Q05086|P15813,E3|Q05086,E3,Q05086,P15813,UBE3A,CD1D,95,958,enzyme_substrate,0
E3|Q05086|P01023,E3|Q05086,E3,Q05086,P01023,UBE3A,A2M,95,1184,enzyme_substrate,0
E3|Q05086|P02765,E3|Q05086,E3,Q05086,P02765,UBE3A,AHSG,95,1442,enzyme_substrate,0
E3|Q05086|P41180,E3|Q05086,E3,Q05086,P41180,UBE3A,CASR,95,1746,enzyme_substrate,0
E3|Q05086|Q15849,E3|Q05086,E3,Q05086,Q15849,UBE3A,SLC14A2,95,1035,enzyme_substrate,0
E3|Q05086|P15260,E3|Q05086,E3,Q05086,P15260,UBE3A,IFNGR1,95,957,enzyme_substrate,0
E3|Q05086|Q9BYM8,E3|Q05086,E3,Q05086,Q9BYM8,UBE3A,RBCK1,95,299,enzyme_substrate,0
E3|Q05086|P46695,E3|Q05086,E3,Q05086,P46695,UBE3A,IER3,95,1018,enzyme_substrate,0
E3|Q05086|O43734,E3|Q05086,E3,Q05086,O43734,UBE3A,TRAF3IP2,95,21,enzyme_substrate,0
E3|Q06587|Q9Y5Y9,E3|Q06587,E3,Q06587,Q9Y5Y9,RING1,SCN10A,96,1587,enzyme_substrate,0
E3|Q07869|Q93070,E3|Q07869,E3,Q07869,Q93070,PPARA,ART4,97,1254,enzyme_substrate,0
E3|Q09472|P23919,E3|Q09472,E3,Q09472,P23919,EP300,DTYMK,98,1836,enzyme_substrate,0
E3|Q09472|P19235,E3|Q09472,E3,Q09472,P19235,EP300,EPOR,98,1901,enzyme_substrate,0
E3|Q09472|Q8NBJ4,E3|Q09472,E3,Q09472,Q8NBJ4,EP300,GOLM1,98,1354,enzyme_substrate,0
E3|Q12834|P15151,E3|Q12834,E3,Q12834,P15151,CDC20,PVR,99,1317,enzyme_substrate,0
E3|Q12834|Q13740,E3|Q12834,E3,Q12834,Q13740,CDC20,ALCAM,99,962,enzyme_substrate,0
E3|Q12834|Q08AJ9,E3|Q12834,E3,Q12834,Q08AJ9,CDC20,HIST1H2AB,99,1311,enzyme_substrate,0
E3|Q12834|Q00059,E3|Q12834,E3,Q12834,Q00059,CDC20,TFAM,99,1841,enzyme_substrate,0
E3|Q12899|Q96PH1,E3|Q12899,E3,Q12899,Q96PH1,TRIM26,NOX5,100,1888,enzyme_substrate,0
E3|Q12899|Q9NZ45,E3|Q12899,E3,Q12899,Q9NZ45,TRIM26,CISD1,100,661,enzyme_substrate,0
E3|Q12933|P33993,E3|Q12933,E3,Q12933,P33993,TRAF2,MCM7,101,1053,enzyme_substrate,0
E3|Q12933|P08195,E3|Q12933,E3,Q12933,P08195,TRAF2,SLC3A2,101,1191,enzyme_substrate,0
E3|Q12933|P04554,E3|Q12933,E3,Q12933,P04554,TRAF2,PRM2,101,837,enzyme_substrate,0
E3|Q12933|Q17RS7,E3|Q12933,E3,Q12933,Q17RS7,TRAF2,GEN1,101,1415,enzyme_substrate,0
E3|Q12933|Q9NS37,E3|Q12933,E3,Q12933,Q9NS37,TRAF2,CREBZF,101,1918,enzyme_substrate,0
E3|Q12933|Q9UJA2,E3|Q12933,E3,Q12933,Q9UJA2,TRAF2,CRLS1,101,1373,enzyme_substrate,0
E3|Q12933|Q86WB0,E3|Q12933,E3,Q12933,Q86WB0,TRAF2,ZC3HC1,101,180,enzyme_substrate,0
E3|Q12933|Q9HB29,E3|Q12933,E3,Q12933,Q9HB29,TRAF2,IL1RL2,101,1512,enzyme_substrate,0
E3|Q12933|A6MI22,E3|Q12933,E3,Q12933,A6MI22,TRAF2,tat,101,1854,enzyme_substrate,0
E3|Q12933|Q96RK0,E3|Q12933,E3,Q12933,Q96RK0,TRAF2,CIC,101,1162,enzyme_substrate,0
E3|Q12933|P55895,E3|Q12933,E3,Q12933,P55895,TRAF2,RAG2,101,1123,enzyme_substrate,0
E3|Q13049|P04085,E3|Q13049,E3,Q13049,P04085,TRIM32,PDGFA,102,790,enzyme_substrate,0
E3|Q13049|Q9I788,E3|Q13049,E3,Q13049,Q9I788,TRIM32,exoT,102,1098,enzyme_substrate,0
E3|Q13049|O43561,E3|Q13049,E3,Q13049,O43561,TRIM32,LAT,102,1930,enzyme_substrate,0
E3|Q13064|Q96BF3,E3|Q13064,E3,Q13064,Q96BF3,MKRN3,TMIGD2,103,921,enzyme_substrate,0
E3|Q13064|Q9UQK1,E3|Q13064,E3,Q13064,Q9UQK1,MKRN3,PPP1R3C,103,1247,enzyme_substrate,0
E3|Q13077|P55036,E3|Q13077,E3,Q13077,P55036,TRAF1,PSMD4,104,559,enzyme_substrate,0
E3|Q13077|P26045,E3|Q13077,E3,Q13077,P26045,TRAF1,PTPN3,104,1052,enzyme_substrate,0
E3|Q13114|P30291,E3|Q13114,E3,Q13114,P30291,TRAF3,WEE1,105,1596,enzyme_substrate,0
E3|Q13114|Q8IYD8,E3|Q13114,E3,Q13114,Q8IYD8,TRAF3,FANCM,105,1812,enzyme_substrate,0
E3|Q13114|P0C0S5,E3|Q13114,E3,Q13114,P0C0S5,TRAF3,H2AZ1,105,578,enzyme_substrate,0
E3|Q13114|O00308,E3|Q13114,E3,Q13114,O00308,TRAF3,WWP2,105,4,enzyme_substrate,0
E3|Q13114|Q9UBP5,E3|Q13114,E3,Q13114,Q9UBP5,TRAF3,HEY2,105,1266,enzyme_substrate,0
E3|Q13114|O60486,E3|Q13114,E3,Q13114,O60486,TRAF3,PLXNC1,105,1312,enzyme_substrate,0
E3|Q13191|P13051,E3|Q13191,E3,Q13191,P13051,CBLB,UNG,106,1927,enzyme_substrate,0
E3|Q13191|O43734,E3|Q13191,E3,Q13191,O43734,CBLB,TRAF3IP2,106,21,enzyme_substrate,0
E3|Q13191|Q15672,E3|Q13191,E3,Q13191,Q15672,CBLB,TWIST1,106,759,enzyme_substrate,0
E3|Q13191|P43005,E3|Q13191,E3,Q13191,P43005,CBLB,SLC1A1,106,903,enzyme_substrate,0
E3|Q13191|P01857,E3|Q13191,E3,Q13191,P01857,CBLB,IGHG1,106,774,enzyme_substrate,0
E3|Q13191|O43679,E3|Q13191,E3,Q13191,O43679,CBLB,LDB2,106,1747,enzyme_substrate,0
E3|Q13191|Q16778,E3|Q13191,E3,Q13191,Q16778,CBLB,H2BC21,106,676,enzyme_substrate,0
E3|Q13191|Q6ZTN6,E3|Q13191,E3,Q13191,Q6ZTN6,CBLB,ANKRD13D,106,1692,enzyme_substrate,0
E3|Q13191|Q02539,E3|Q13191,E3,Q13191,Q02539,CBLB,H1-1,106,1279,enzyme_substrate,0
E3|Q13191|P04839,E3|Q13191,E3,Q13191,P04839,CBLB,CYBB,106,1858,enzyme_substrate,0
E3|Q13191|Q9UIF7,E3|Q13191,E3,Q13191,Q9UIF7,CBLB,MUTYH,106,1286,enzyme_substrate,0
E3|Q13191|Q9BSA4,E3|Q13191,E3,Q13191,Q9BSA4,CBLB,TTYH2,106,926,enzyme_substrate,0
E3|Q13191|Q8IZG5,E3|Q13191,E3,Q13191,Q8IZG5,CBLB,SS18,106,1282,enzyme_substrate,0
E3|Q13191|O15146,E3|Q13191,E3,Q13191,O15146,CBLB,MUSK,106,1893,enzyme_substrate,0
E3|Q13216|P62324,E3|Q13216,E3,Q13216,P62324,ERCC8,BTG1,107,1904,enzyme_substrate,0
E3|Q13216|P60321,E3|Q13216,E3,Q13216,P60321,ERCC8,NANOS2,107,1598,enzyme_substrate,0
E3|Q13233|P67870,E3|Q13233,E3,Q13233,P67870,MAP3K1,CSNK2B,108,1153,enzyme_substrate,0
E3|Q13233|Q9Y577,E3|Q13233,E3,Q13233,Q9Y577,MAP3K1,TRIM17,108,412,enzyme_substrate,0
E3|Q13233|O75473,E3|Q13233,E3,Q13233,O75473,MAP3K1,LGR5,108,888,enzyme_substrate,0
E3|Q13233|Q9Y2R9,E3|Q13233,E3,Q13233,Q9Y2R9,MAP3K1,MRPS7,108,1048,enzyme_substrate,0
E3|Q13233|Q05086,E3|Q13233,E3,Q13233,Q05086,MAP3K1,UBE3A,108,95,enzyme_substrate,0
E3|Q13233|P49427,E3|Q13233,E3,Q13233,P49427,MAP3K1,CDC34,108,81,enzyme_substrate,0
E3|Q13233|Q16630,E3|Q13233,E3,Q13233,Q16630,MAP3K1,CPSF6,108,1541,enzyme_substrate,0
E3|Q13233|O60260,E3|Q13233,E3,Q13233,O60260,MAP3K1,PARK2,108,23,enzyme_substrate,0
E3|Q13233|P01909,E3|Q13233,E3,Q13233,P01909,MAP3K1,HLA-DQA1,108,1314,enzyme_substrate,0
E3|Q13233|Q86U70,E3|Q13233,E3,Q13233,Q86U70,MAP3K1,LDB1,108,1621,enzyme_substrate,0
E3|Q13263|Q8N8V4,E3|Q13263,E3,Q13263,Q8N8V4,TRIM28,ANKS4B,109,1699,enzyme_substrate,0
E3|Q13263|P54652,E3|Q13263,E3,Q13263,P54652,TRIM28,HSPA2,109,942,enzyme_substrate,0
E3|Q13263|Q8IVT5,E3|Q13263,E3,Q13263,Q8IVT5,TRIM28,KSR1,109,545,enzyme_substrate,0
E3|Q13263|Q16635,E3|Q13263,E3,Q13263,Q16635,TRIM28,TAZ,109,1910,enzyme_substrate,0
E3|Q13309|P46109,E3|Q13309,E3,Q13309,P46109,SKP2,CRKL,110,824,enzyme_substrate,0
E3|Q13309|O00330,E3|Q13309,E3,Q13309,O00330,SKP2,PDHX,110,583,enzyme_substrate,0
E3|Q13309|P46695,E3|Q13309,E3,Q13309,P46695,SKP2,IER3,110,1018,enzyme_substrate,0
E3|Q13309|P31645,E3|Q13309,E3,Q13309,P31645,SKP2,SLC6A4,110,1300,enzyme_substrate,0
E3|Q13309|O60883,E3|Q13309,E3,Q13309,O60883,SKP2,GPR37L1,110,621,enzyme_substrate,0
E3|Q13309|P22455,E3|Q13309,E3,Q13309,P22455,SKP2,FGFR4,110,812,enzyme_substrate,0
E3|Q13309|P29034,E3|Q13309,E3,Q13309,P29034,SKP2,S100A2,110,1868,enzyme_substrate,0
E3|Q13309|P15260,E3|Q13309,E3,Q13309,P15260,SKP2,IFNGR1,110,957,enzyme_substrate,0
E3|Q13309|Q92813,E3|Q13309,E3,Q13309,Q92813,SKP2,DIO2,110,666,enzyme_substrate,0
E3|Q13309|P41595,E3|Q13309,E3,Q13309,P41595,SKP2,HTR2B,110,1404,enzyme_substrate,0
E3|Q13309|A6MI22,E3|Q13309,E3,Q13309,A6MI22,SKP2,tat,110,1854,enzyme_substrate,0
E3|Q13309|Q15726,E3|Q13309,E3,Q13309,Q15726,SKP2,KISS1,110,1688,enzyme_substrate,0
E3|Q13309|P15498,E3|Q13309,E3,Q13309,P15498,SKP2,VAV1,110,538,enzyme_substrate,0
E3|Q13309|Q9Y6W8,E3|Q13309,E3,Q13309,Q9Y6W8,SKP2,ICOS,110,1214,enzyme_substrate,0
E3|Q13309|Q9UJA2,E3|Q13309,E3,Q13309,Q9UJA2,SKP2,CRLS1,110,1373,enzyme_substrate,0
E3|Q13309|P51795,E3|Q13309,E3,Q13309,P51795,SKP2,CLCN5,110,1570,enzyme_substrate,0
E3|Q13309|Q9UBN4,E3|Q13309,E3,Q13309,Q9UBN4,SKP2,TRPC4,110,1549,enzyme_substrate,0
E3|Q13309|O14543,E3|Q13309,E3,Q13309,O14543,SKP2,SOCS3,110,9,enzyme_substrate,0
E3|Q13309|P35555,E3|Q13309,E3,Q13309,P35555,SKP2,FBN1,110,1793,enzyme_substrate,0
E3|Q13309|Q13873,E3|Q13309,E3,Q13309,Q13873,SKP2,BMPR2,110,1686,enzyme_substrate,0
E3|Q13309|P02765,E3|Q13309,E3,Q13309,P02765,SKP2,AHSG,110,1442,enzyme_substrate,0
E3|Q13309|Q13077,E3|Q13309,E3,Q13309,Q13077,SKP2,TRAF1,110,104,enzyme_substrate,0
E3|Q13309|Q8TB45,E3|Q13309,E3,Q13309,Q8TB45,SKP2,DEPTOR,110,764,enzyme_substrate,0
E3|Q13309|Q99759,E3|Q13309,E3,Q13309,Q99759,SKP2,MAP3K3,110,985,enzyme_substrate,0
E3|Q13309|P14076,E3|Q13309,E3,Q13309,P14076,SKP2,gag,110,1627,enzyme_substrate,0
E3|Q13309|Q03135,E3|Q13309,E3,Q13309,Q03135,SKP2,CAV1,110,1375,enzyme_substrate,0
E3|Q13309|Q9I788,E3|Q13309,E3,Q13309,Q9I788,SKP2,exoT,110,1098,enzyme_substrate,0
E3|Q13309|Q15858,E3|Q13309,E3,Q13309,Q15858,SKP2,SCN9A,110,1573,enzyme_substrate,0
E3|Q13309|P43146,E3|Q13309,E3,Q13309,P43146,SKP2,DCC,110,557,enzyme_substrate,0
E3|Q13309|P11686,E3|Q13309,E3,Q13309,P11686,SKP2,SFTPC,110,1565,enzyme_substrate,0
E3|Q13309|Q70CQ3,E3|Q13309,E3,Q13309,Q70CQ3,SKP2,USP30,110,452,enzyme_substrate,0
E3|Q13309|O76013,E3|Q13309,E3,Q13309,O76013,SKP2,KRT36,110,1660,enzyme_substrate,0
E3|Q13309|Q8IZG5,E3|Q13309,E3,Q13309,Q8IZG5,SKP2,SS18,110,1282,enzyme_substrate,0
E3|Q13309|Q8N907,E3|Q13309,E3,Q13309,Q8N907,SKP2,DAND5,110,953,enzyme_substrate,0
E3|Q13309|Q9Y282,E3|Q13309,E3,Q13309,Q9Y282,SKP2,ERGIC3,110,1776,enzyme_substrate,0
E3|Q13309|Q9Y5M8,E3|Q13309,E3,Q13309,Q9Y5M8,SKP2,SRPRB,110,1560,enzyme_substrate,0
E3|Q13309|P05777,E3|Q13309,E3,Q13309,P05777,SKP2,M,110,1529,enzyme_substrate,0
E3|Q13309|Q9NQA5,E3|Q13309,E3,Q13309,Q9NQA5,SKP2,TRPV5,110,1210,enzyme_substrate,0
E3|Q13309|Q9BT67,E3|Q13309,E3,Q13309,Q9BT67,SKP2,NDFIP1,110,927,enzyme_substrate,0
E3|Q13309|O75581,E3|Q13309,E3,Q13309,O75581,SKP2,LRP6,110,1528,enzyme_substrate,0
E3|Q13309|F5HEZ4,E3|Q13309,E3,Q13309,F5HEZ4,SKP2,ORF71,110,1523,enzyme_substrate,0
E3|Q13309|Q96JA1,E3|Q13309,E3,Q13309,Q96JA1,SKP2,LRIG1,110,834,enzyme_substrate,0
E3|Q13309|Q15388,E3|Q13309,E3,Q13309,Q15388,SKP2,TOMM20,110,643,enzyme_substrate,0
E3|Q13489|Q9P2F8,E3|Q13489,E3,Q13489,Q9P2F8,BIRC3,SIPA1L2,112,1813,enzyme_substrate,0
E3|Q13489|Q8N519,E3|Q13489,E3,Q13489,Q8N519,BIRC3,,112,1697,enzyme_substrate,0
E3|Q13489|Q8ZNR3,E3|Q13489,E3,Q13489,Q8ZNR3,BIRC3,sopA,112,1604,enzyme_substrate,0
E3|Q13490|O60240,E3|Q13490,E3,Q13490,O60240,BIRC2,PLIN1,113,1527,enzyme_substrate,0
E3|Q13490|Q9Y5U5,E3|Q13490,E3,Q13490,Q9Y5U5,BIRC2,TNFRSF18,113,939,enzyme_substrate,0
E3|Q13490|Q96QD8,E3|Q13490,E3,Q13490,Q96QD8,BIRC2,SLC38A2,113,1580,enzyme_substrate,0
E3|Q13490|Q03135,E3|Q13490,E3,Q13490,Q03135,BIRC2,CAV1,113,1375,enzyme_substrate,0
E3|Q13490|Q13571,E3|Q13490,E3,Q13490,Q13571,BIRC2,LAPTM5,113,910,enzyme_substrate,0
E3|Q13490|Q13794,E3|Q13490,E3,Q13490,Q13794,BIRC2,PMAIP1,113,763,enzyme_substrate,0
E3|Q13490|P56750,E3|Q13490,E3,Q13490,P56750,BIRC2,CLDN17,113,1406,enzyme_substrate,0
E3|Q13490|Q8N8V4,E3|Q13490,E3,Q13490,Q8N8V4,BIRC2,ANKS4B,113,1699,enzyme_substrate,0
E3|Q13490|Q9NYJ7,E3|Q13490,E3,Q13490,Q9NYJ7,BIRC2,DLL3,113,501,enzyme_substrate,0
E3|Q13490|Q99062,E3|Q13490,E3,Q13490,Q99062,BIRC2,CSF3R,113,1464,enzyme_substrate,0
E3|Q13490|P16234,E3|Q13490,E3,Q13490,P16234,BIRC2,PDGFRA,113,809,enzyme_substrate,0
E3|Q13490|P36897,E3|Q13490,E3,Q13490,P36897,BIRC2,TGFBR1,113,869,enzyme_substrate,0
E3|Q13490|Q92734,E3|Q13490,E3,Q13490,Q92734,BIRC2,TFG,113,919,enzyme_substrate,0
E3|Q13490|O15431,E3|Q13490,E3,Q13490,O15431,BIRC2,SLC31A1,113,884,enzyme_substrate,0
E3|Q13490|Q15836,E3|Q13490,E3,Q13490,Q15836,BIRC2,VAMP3,113,1310,enzyme_substrate,0
E3|Q13829|P78504,E3|Q13829,E3,Q13829,P78504,TNFAIP1,JAG1,115,1329,enzyme_substrate,0
E3|Q13829|Q8N8V4,E3|Q13829,E3,Q13829,Q8N8V4,TNFAIP1,ANKS4B,115,1699,enzyme_substrate,0
E3|Q14145|P31994,E3|Q14145,E3,Q14145,P31994,KEAP1,FCGR2B,117,1319,enzyme_substrate,0
E3|Q14145|Q12913,E3|Q14145,E3,Q14145,Q12913,KEAP1,PTPRJ,117,1320,enzyme_substrate,0
E3|Q14145|Q9HBA0,E3|Q14145,E3,Q14145,Q9HBA0,KEAP1,TRPV4,117,1548,enzyme_substrate,0
E3|Q14145|O43175,E3|Q14145,E3,Q14145,O43175,KEAP1,PHGDH,117,619,enzyme_substrate,0
E3|Q14145|Q9P055,E3|Q14145,E3,Q14145,Q9P055,KEAP1,JKAMP,117,1605,enzyme_substrate,0
E3|Q14258|Q13233,E3|Q14258,E3,Q14258,Q13233,TRIM25,MAP3K1,118,108,enzyme_substrate,0
E3|Q14258|P01912,E3|Q14258,E3,Q14258,P01912,TRIM25,HLA-DRB1,118,1187,enzyme_substrate,0
E3|Q14258|P43003,E3|Q14258,E3,Q14258,P43003,TRIM25,SLC1A3,118,1569,enzyme_substrate,0
E3|Q14258|O15503,E3|Q14258,E3,Q14258,O15503,TRIM25,INSIG1,118,1423,enzyme_substrate,0
E3|Q14258|Q96JA1,E3|Q14258,E3,Q14258,Q96JA1,TRIM25,LRIG1,118,834,enzyme_substrate,0
E3|Q14258|O15354,E3|Q14258,E3,Q14258,O15354,TRIM25,GPR37,118,618,enzyme_substrate,0
E3|Q14258|Q13794,E3|Q14258,E3,Q14258,Q13794,TRIM25,PMAIP1,118,763,enzyme_substrate,0
E3|Q14527|P36897,E3|Q14527,E3,Q14527,P36897,HLTF,TGFBR1,119,869,enzyme_substrate,0
E3|Q14669|O43303,E3|Q14669,E3,Q14669,O43303,TRIP12,CCP110,120,879,enzyme_substrate,0
E3|Q14669|O76083,E3|Q14669,E3,Q14669,O76083,TRIP12,PDE9A,120,686,enzyme_substrate,0
E3|Q14669|O15399,E3|Q14669,E3,Q14669,O15399,TRIP12,GRIN2D,120,883,enzyme_substrate,0
E3|Q14669|P19320,E3|Q14669,E3,Q14669,P19320,TRIP12,VCAM1,120,1238,enzyme_substrate,0
E3|Q14669|P07197,E3|Q14669,E3,Q14669,P07197,TRIP12,NEFM,120,1860,enzyme_substrate,0
E3|Q14669|P56750,E3|Q14669,E3,Q14669,P56750,TRIP12,CLDN17,120,1406,enzyme_substrate,0
E3|Q14669|Q9NWM3,E3|Q14669,E3,Q14669,Q9NWM3,TRIP12,CUEDC1,120,1715,enzyme_substrate,0
E3|Q149N8|P31323,E3|Q149N8,E3,Q149N8,P31323,SHPRH,PRKAR2B,121,544,enzyme_substrate,0
E3|Q149N8|P23258,E3|Q149N8,E3,Q149N8,P23258,SHPRH,TUBG1,121,854,enzyme_substrate,0
E3|Q15386|P03345,E3|Q15386,E3,Q15386,P03345,UBE3C,gag,123,1625,enzyme_substrate,0
E3|Q15386|P24385,E3|Q15386,E3,Q15386,P24385,UBE3C,CCND1,123,1115,enzyme_substrate,0
E3|Q15386|Q13546,E3|Q15386,E3,Q15386,Q13546,UBE3C,RIPK1,123,783,enzyme_substrate,0
E3|Q15386|P54727,E3|Q15386,E3,Q15386,P54727,UBE3C,RAD23B,123,1055,enzyme_substrate,0
E3|Q15386|Q9UM07,E3|Q15386,E3,Q15386,Q9UM07,UBE3C,PADI4,123,1724,enzyme_substrate,0
E3|Q15386|P35613,E3|Q15386,E3,Q15386,P35613,UBE3C,BSG,123,1380,enzyme_substrate,0
E3|Q15386|P35226,E3|Q15386,E3,Q15386,P35226,UBE3C,BMI1,123,72,enzyme_substrate,0
E3|Q15386|Q9P2X3,E3|Q15386,E3,Q15386,Q9P2X3,UBE3C,IMPACT,123,1719,enzyme_substrate,0
E3|Q15386|O95149,E3|Q15386,E3,Q15386,O95149,UBE3C,SNUPN,123,1250,enzyme_substrate,0
E3|Q15386|Q92844,E3|Q15386,E3,Q15386,Q92844,UBE3C,TANK,123,246,enzyme_substrate,0
E3|Q15751|P32519,E3|Q15751,E3,Q15751,P32519,HERC1,ELF1,124,1385,enzyme_substrate,0
E3|Q15751|Q92918,E3|Q15751,E3,Q15751,Q92918,HERC1,MAP4K1,124,1363,enzyme_substrate,0
E3|Q16531|Q14534,E3|Q16531,E3,Q16531,Q14534,DDB1,SQLE,125,665,enzyme_substrate,0
E3|Q2Q1W2|P62745,E3|Q2Q1W2,E3,Q2Q1W2,P62745,TRIM71,RHOB,126,1571,enzyme_substrate,0
E3|Q53G59|P61328,E3|Q53G59,E3,Q53G59,P61328,KLHL12,FGF12,127,1676,enzyme_substrate,0
E3|Q53G59|P25116,E3|Q53G59,E3,Q53G59,P25116,KLHL12,F2R,127,900,enzyme_substrate,0
E3|Q53G59|P16150,E3|Q53G59,E3,Q53G59,P16150,KLHL12,SPN,127,1924,enzyme_substrate,0
E3|Q53G59|Q9NZ52,E3|Q53G59,E3,Q53G59,Q9NZ52,KLHL12,GGA3,127,932,enzyme_substrate,0
E3|Q53G59|P00367,E3|Q53G59,E3,Q53G59,P00367,KLHL12,GLUD1,127,1226,enzyme_substrate,0
E3|Q53G59|O00584,E3|Q53G59,E3,Q53G59,O00584,KLHL12,RNASET2,127,1733,enzyme_substrate,0
E3|Q53G59|Q16611,E3|Q53G59,E3,Q53G59,Q16611,KLHL12,BAK1,127,1059,enzyme_substrate,0
E3|Q53GT1|P43005,E3|Q53GT1,E3,Q53GT1,P43005,KLHL22,SLC1A1,128,903,enzyme_substrate,0
E3|Q5GLZ8|P55211,E3|Q5GLZ8,E3,Q5GLZ8,P55211,HERC4,CASP9,129,974,enzyme_substrate,0
E3|Q5T0T0|Q9NXR8,E3|Q5T0T0,E3,Q5T0T0,Q9NXR8,MARCHF8,ING3,130,1142,enzyme_substrate,0
E3|Q5T0T0|Q8NEA6,E3|Q5T0T0,E3,Q5T0T0,Q8NEA6,MARCHF8,GLIS3,130,1543,enzyme_substrate,0
E3|Q5T0T0|P49715,E3|Q5T0T0,E3,Q5T0T0,P49715,MARCHF8,CEBPA,130,713,enzyme_substrate,0
E3|Q5T0T0|O60381,E3|Q5T0T0,E3,Q5T0T0,O60381,MARCHF8,HBP1,130,995,enzyme_substrate,0
E3|Q5T0T0|Q969G3,E3|Q5T0T0,E3,Q5T0T0,Q969G3,MARCHF8,SMARCE1,130,1166,enzyme_substrate,0
E3|Q5T0T0|P12757,E3|Q5T0T0,E3,Q5T0T0,P12757,MARCHF8,SKIL,130,1252,enzyme_substrate,0
E3|Q5T0T0|Q13077,E3|Q5T0T0,E3,Q5T0T0,Q13077,MARCHF8,TRAF1,130,104,enzyme_substrate,0
E3|Q5T0T0|P05777,E3|Q5T0T0,E3,Q5T0T0,P05777,MARCHF8,M,130,1529,enzyme_substrate,0
E3|Q5T0T0|Q8NEG5,E3|Q5T0T0,E3,Q5T0T0,Q8NEG5,MARCHF8,ZSWIM2,130,214,enzyme_substrate,0
E3|Q5T0T0|Q9BSI4,E3|Q5T0T0,E3,Q5T0T0,Q9BSI4,MARCHF8,TINF2,130,569,enzyme_substrate,0
E3|Q5T0T0|P61328,E3|Q5T0T0,E3,Q5T0T0,P61328,MARCHF8,FGF12,130,1676,enzyme_substrate,0
E3|Q5T0T0|P25791,E3|Q5T0T0,E3,Q5T0T0,P25791,MARCHF8,LMO2,130,1749,enzyme_substrate,0
E3|Q5T0T0|Q8WW12,E3|Q5T0T0,E3,Q5T0T0,Q8WW12,MARCHF8,PCNP,130,1561,enzyme_substrate,0
E3|Q5T0T0|Q9UBZ9,E3|Q5T0T0,E3,Q5T0T0,Q9UBZ9,MARCHF8,REV1,130,1074,enzyme_substrate,0
E3|Q5T0T0|Q01826,E3|Q5T0T0,E3,Q5T0T0,Q01826,MARCHF8,SATB1,130,1649,enzyme_substrate,0
E3|Q5T0T0|Q8IZQ8,E3|Q5T0T0,E3,Q5T0T0,Q8IZQ8,MARCHF8,MYOCD,130,1884,enzyme_substrate,0
E3|Q5T447|Q70CQ3,E3|Q5T447,E3,Q5T447,Q70CQ3,HECTD3,USP30,131,452,enzyme_substrate,0
E3|Q5T447|Q13077,E3|Q5T447,E3,Q5T447,Q13077,HECTD3,TRAF1,131,104,enzyme_substrate,0
E3|Q5T447|Q15742,E3|Q5T447,E3,Q5T447,Q15742,HECTD3,NAB2,131,667,enzyme_substrate,0
E3|Q5T447|Q9UIH9,E3|Q5T447,E3,Q5T447,Q9UIH9,HECTD3,KLF15,131,934,enzyme_substrate,0
E3|Q5T447|P16070,E3|Q5T447,E3,Q5T447,P16070,HECTD3,CD44,131,1417,enzyme_substrate,0
E3|Q5T447|P10912,E3|Q5T447,E3,Q5T447,P10912,HECTD3,GHR,131,519,enzyme_substrate,0
E3|Q5T6F0|Q9NXK8,E3|Q5T6F0,E3,Q5T6F0,Q9NXK8,DCAF12,FBXL12,133,352,enzyme_substrate,0
E3|Q5TAQ9|Q13873,E3|Q5TAQ9,E3,Q5TAQ9,Q13873,DCAF8,BMPR2,135,1686,enzyme_substrate,0
E3|Q5TC82|Q5VSY0,E3|Q5TC82,E3,Q5TC82,Q5VSY0,RC3H1,GKAP1,136,682,enzyme_substrate,0
E3|Q5U5R9|P35226,E3|Q5U5R9,E3,Q5U5R9,P35226,HECTD2,BMI1,138,72,enzyme_substrate,0
E3|Q5U5R9|Q96QV6,E3|Q5U5R9,E3,Q5U5R9,Q96QV6,HECTD2,H2AC1,138,582,enzyme_substrate,0
E3|Q5VTB9|Q12809,E3|Q5VTB9,E3,Q5VTB9,Q12809,RNF220,KCNH2,139,597,enzyme_substrate,0
E3|Q5VTB9|O60294,E3|Q5VTB9,E3,Q5VTB9,O60294,RNF220,LCMT2,139,1259,enzyme_substrate,0
E3|Q5VTR2|Q9NYJ8,E3|Q5VTR2,E3,Q5VTR2,Q9NYJ8,RNF20,TAB2,140,1612,enzyme_substrate,0
E3|Q5VTR2|F5HEZ4,E3|Q5VTR2,E3,Q5VTR2,F5HEZ4,RNF20,ORF71,140,1523,enzyme_substrate,0
E3|Q5VU92|Q96GM5,E3|Q5VU92,E3,Q5VU92,Q96GM5,DCAF12L1,SMARCD1,141,1510,enzyme_substrate,0
E3|Q5VU92|Q9BYF1,E3|Q5VU92,E3,Q5VU92,Q9BYF1,DCAF12L1,ACE2,141,1139,enzyme_substrate,0
E3|Q5XPI4|P23025,E3|Q5XPI4,E3,Q5XPI4,P23025,RNF123,XPA,142,731,enzyme_substrate,0
E3|Q5XPI4|P20963,E3|Q5XPI4,E3,Q5XPI4,P20963,RNF123,CD247,142,1097,enzyme_substrate,0
E3|Q5XPI4|Q99708,E3|Q5XPI4,E3,Q5XPI4,Q99708,RNF123,RBBP8,142,861,enzyme_substrate,0
E3|Q5XPI4|P04439,E3|Q5XPI4,E3,Q5XPI4,P04439,RNF123,HLA-A,142,963,enzyme_substrate,0
E3|Q5XPI4|P56545,E3|Q5XPI4,E3,Q5XPI4,P56545,RNF123,CTBP2,142,1875,enzyme_substrate,0
E3|Q5XUX0|Q9NRC1,E3|Q5XUX0,E3,Q5XUX0,Q9NRC1,FBXO31,ST7,143,1424,enzyme_substrate,0
E3|Q5XUX0|P28715,E3|Q5XUX0,E3,Q5XUX0,P28715,FBXO31,ERCC5,143,1769,enzyme_substrate,0
E3|Q5XUX0|Q2F514,E3|Q5XUX0,E3,Q5XUX0,Q2F514,FBXO31,X,143,780,enzyme_substrate,0
E3|Q5XUX0|Q9NZ52,E3|Q5XUX0,E3,Q5XUX0,Q9NZ52,FBXO31,GGA3,143,932,enzyme_substrate,0
E3|Q5XUX0|Q8IYD8,E3|Q5XUX0,E3,Q5XUX0,Q8IYD8,FBXO31,FANCM,143,1812,enzyme_substrate,0
E3|Q5XUX0|Q15012,E3|Q5XUX0,E3,Q5XUX0,Q15012,FBXO31,LAPTM4A,143,912,enzyme_substrate,0
E3|Q5XX13|P01009,E3|Q5XX13,E3,Q5XX13,P01009,FBXW10,SERPINA1,144,1294,enzyme_substrate,0
E3|Q5XX13|P10114,E3|Q5XX13,E3,Q5XX13,P10114,FBXW10,RAP2A,144,896,enzyme_substrate,0
E3|Q66K64|O94782,E3|Q66K64,E3,Q66K64,O94782,DCAF15,USP1,146,420,enzyme_substrate,0
E3|Q66K64|P01100,E3|Q66K64,E3,Q66K64,P01100,DCAF15,FOS,146,1390,enzyme_substrate,0
E3|Q66K89|P16284,E3|Q66K89,E3,Q66K89,P16284,E4F1,PECAM1,147,959,enzyme_substrate,0
E3|Q693B1|P49918,E3|Q693B1,E3,Q693B1,P49918,KCTD11,CDKN1C,149,1119,enzyme_substrate,0
E3|Q693B1|Q9Y6Q9,E3|Q693B1,E3,Q693B1,Q9Y6Q9,KCTD11,NCOA3,149,616,enzyme_substrate,0
E3|Q6P050|Q6ZVM7,E3|Q6P050,E3,Q6P050,Q6ZVM7,FBXL22,TOM1L2,151,1693,enzyme_substrate,0
E3|Q6P050|P46109,E3|Q6P050,E3,Q6P050,P46109,FBXL22,CRKL,151,824,enzyme_substrate,0
E3|Q6P050|Q9NWM3,E3|Q6P050,E3,Q6P050,Q9NWM3,FBXL22,CUEDC1,151,1715,enzyme_substrate,0
E3|Q6P3S6|Q71DI3,E3|Q6P3S6,E3,Q6P3S6,Q71DI3,FBXO42,H3C15,152,1281,enzyme_substrate,0
E3|Q6P3S6|Q14145,E3|Q6P3S6,E3,Q6P3S6,Q14145,FBXO42,KEAP1,152,117,enzyme_substrate,0
E3|Q6PCD5|P43360,E3|Q6PCD5,E3,Q6PCD5,P43360,RFWD3,MAGEA6,153,1212,enzyme_substrate,0
E3|Q6PCT2|Q30134,E3|Q6PCT2,E3,Q6PCT2,Q30134,FBXL19,HLA-DRB1,154,1199,enzyme_substrate,0
E3|Q6PCT2|P29965,E3|Q6PCT2,E3,Q6PCT2,P29965,FBXL19,CD40LG,154,1418,enzyme_substrate,0
E3|Q6PJ21|P01903,E3|Q6PJ21,E3,Q6PJ21,P01903,SPSB3,HLA-DRA,155,1185,enzyme_substrate,0
E3|Q6PJ69|P31645,E3|Q6PJ69,E3,Q6PJ69,P31645,TRIM65,SLC6A4,156,1300,enzyme_substrate,0
E3|Q6Q0C0|P60903,E3|Q6Q0C0,E3,Q6Q0C0,P60903,TRAF7,S100A10,157,1342,enzyme_substrate,0
E3|Q6R327|O75928,E3|Q6R327,E3,Q6R327,O75928,RICTOR,PIAS2,158,35,enzyme_substrate,0
E3|Q6R327|Q15173,E3|Q6R327,E3,Q6R327,Q15173,RICTOR,PPP2R5B,158,1554,enzyme_substrate,0
E3|Q6TDP4|O43164,E3|Q6TDP4,E3,Q6TDP4,O43164,KLHL17,PJA2,159,17,enzyme_substrate,0
E3|Q6TDP4|P04085,E3|Q6TDP4,E3,Q6TDP4,P04085,KLHL17,PDGFA,159,790,enzyme_substrate,0
E3|Q6UWE0|A0A1B0GVQ0,E3|Q6UWE0,E3,Q6UWE0,A0A1B0GVQ0,LRSAM1,SPAAR,160,1896,enzyme_substrate,0
E3|Q6UWE0|A6MI22,E3|Q6UWE0,E3,Q6UWE0,A6MI22,LRSAM1,tat,160,1854,enzyme_substrate,0
E3|Q6UWE0|Q15784,E3|Q6UWE0,E3,Q6UWE0,Q15784,LRSAM1,NEUROD2,160,1071,enzyme_substrate,0
E3|Q6VVB1|P68133,E3|Q6VVB1,E3,Q6VVB1,P68133,NHLRC1,ACTA1,161,1087,enzyme_substrate,0
E3|Q6VVB1|Q9NV92,E3|Q6VVB1,E3,Q6VVB1,Q9NV92,NHLRC1,NDFIP2,161,930,enzyme_substrate,0
E3|Q6VVB1|O60343,E3|Q6VVB1,E3,Q6VVB1,O60343,NHLRC1,TBC1D4,161,1805,enzyme_substrate,0
E3|Q6VVB1|Q9Y6W8,E3|Q6VVB1,E3,Q6VVB1,Q9Y6W8,NHLRC1,ICOS,161,1214,enzyme_substrate,0
E3|Q6X9E4|Q9UHD9,E3|Q6X9E4,E3,Q6X9E4,Q9UHD9,FBXW12,UBQLN2,162,1721,enzyme_substrate,0
E3|Q6X9E4|Q30154,E3|Q6X9E4,E3,Q6X9E4,Q30154,FBXW12,HLA-DRB5,162,1200,enzyme_substrate,0
E3|Q6ZNA4|Q16558,E3|Q6ZNA4,E3,Q6ZNA4,Q16558,RNF111,KCNMB1,165,1480,enzyme_substrate,0
E3|Q6ZNA4|P36888,E3|Q6ZNA4,E3,Q6ZNA4,P36888,RNF111,FLT3,165,1336,enzyme_substrate,0
E3|Q6ZNA4|Q16875,E3|Q6ZNA4,E3,Q6ZNA4,Q16875,RNF111,PFKFB3,165,1845,enzyme_substrate,0
E3|Q6ZNA4|Q8IZ07,E3|Q6ZNA4,E3,Q6ZNA4,Q8IZ07,RNF111,ANKRD13A,165,1696,enzyme_substrate,0
E3|Q6ZW49|Q96NT3,E3|Q6ZW49,E3,Q6ZW49,Q96NT3,PAXIP1,GUCD1,166,924,enzyme_substrate,0
E3|Q75N03|P08034,E3|Q75N03,E3,Q75N03,P08034,CBLL1,GJB1,167,1824,enzyme_substrate,0
E3|Q76N89|Q92858,E3|Q76N89,E3,Q76N89,Q92858,HECW1,ATOH1,168,1284,enzyme_substrate,0
E3|Q76N89|P19419,E3|Q76N89,E3,Q76N89,P19419,HECW1,ELK1,168,1411,enzyme_substrate,0
E3|Q76N89|P49959,E3|Q76N89,E3,Q76N89,P49959,HECW1,MRE11,168,2103,enzyme_substrate,0
E3|Q76N89|P61371,E3|Q76N89,E3,Q76N89,P61371,HECW1,ISL1,168,1413,enzyme_substrate,0
E3|Q76N89|Q96LA5,E3|Q76N89,E3,Q76N89,Q96LA5,HECW1,FCRL2,168,1324,enzyme_substrate,0
E3|Q7L5Y6|P10721,E3|Q7L5Y6,E3,Q7L5Y6,P10721,DET1,KIT,169,526,enzyme_substrate,0
E3|Q7L5Y6|Q99714,E3|Q7L5Y6,E3,Q7L5Y6,Q99714,DET1,PTPN5,169,654,enzyme_substrate,0
E3|Q7L5Y6|P23258,E3|Q7L5Y6,E3,Q7L5Y6,P23258,DET1,TUBG1,169,854,enzyme_substrate,0
E3|Q7L5Y6|Q92851,E3|Q7L5Y6,E3,Q7L5Y6,Q92851,DET1,CASP10,169,1439,enzyme_substrate,0
E3|Q7L5Y6|P63316,E3|Q7L5Y6,E3,Q7L5Y6,P63316,DET1,TNNC1,169,1490,enzyme_substrate,0
E3|Q7L5Y6|O15399,E3|Q7L5Y6,E3,Q7L5Y6,O15399,DET1,GRIN2D,169,883,enzyme_substrate,0
E3|Q7L5Y6|Q9NS87,E3|Q7L5Y6,E3,Q7L5Y6,Q9NS87,DET1,KIF15,169,573,enzyme_substrate,0
E3|Q7L5Y6|A6NI79,E3|Q7L5Y6,E3,Q7L5Y6,A6NI79,DET1,CCDC69,169,1656,enzyme_substrate,0
E3|Q7L5Y6|P36888,E3|Q7L5Y6,E3,Q7L5Y6,P36888,DET1,FLT3,169,1336,enzyme_substrate,0
E3|Q7Z419|Q99607,E3|Q7Z419,E3,Q7Z419,Q99607,RNF144B,ELF4,170,1137,enzyme_substrate,0
E3|Q7Z419|Q05195,E3|Q7Z419,E3,Q7Z419,Q05195,RNF144B,MXD1,170,1147,enzyme_substrate,0
E3|Q7Z419|Q5VTR2,E3|Q7Z419,E3,Q7Z419,Q5VTR2,RNF144B,RNF20,170,140,enzyme_substrate,0
E3|Q7Z4K8|P06935,E3|Q7Z4K8,E3,Q7Z4K8,P06935,TRIM46,,171,1783,enzyme_substrate,0
E3|Q7Z569|Q9UGP5,E3|Q7Z569,E3,Q7Z569,Q9UGP5,BRAP,POLL,172,1285,enzyme_substrate,0
E3|Q7Z569|P19429,E3|Q7Z569,E3,Q7Z569,P19429,BRAP,TNNI3,172,1477,enzyme_substrate,0
E3|Q7Z6E9|Q9H5V8,E3|Q7Z6E9,E3,Q7Z6E9,Q9H5V8,RBBP6,CDCP1,173,1358,enzyme_substrate,0
E3|Q7Z6J0|Q92994,E3|Q7Z6J0,E3,Q7Z6J0,Q92994,SH3RF1,BRF1,174,1753,enzyme_substrate,0
E3|Q7Z6J0|Q95IE3,E3|Q7Z6J0,E3,Q7Z6J0,Q95IE3,SH3RF1,HLA-DRB1,174,1203,enzyme_substrate,0
E3|Q7Z6J0|P15259,E3|Q7Z6J0,E3,Q7Z6J0,P15259,SH3RF1,PGAM2,174,1006,enzyme_substrate,0
E3|Q7Z6J0|Q8N907,E3|Q7Z6J0,E3,Q7Z6J0,Q8N907,SH3RF1,DAND5,174,953,enzyme_substrate,0
E3|Q7Z6M2|P52566,E3|Q7Z6M2,E3,Q7Z6M2,P52566,FBXO33,ARHGDIB,175,1421,enzyme_substrate,0
E3|Q7Z6M2|P20671,E3|Q7Z6M2,E3,Q7Z6M2,P20671,FBXO33,H2AC7,175,841,enzyme_substrate,0
E3|Q7Z6M2|P01732,E3|Q7Z6M2,E3,Q7Z6M2,P01732,FBXO33,CD8A,175,1402,enzyme_substrate,0
E3|Q7Z6M2|P50552,E3|Q7Z6M2,E3,Q7Z6M2,P50552,FBXO33,VASP,175,1615,enzyme_substrate,0
E3|Q7Z6Z7|P08648,E3|Q7Z6Z7,E3,Q7Z6Z7,P08648,HUWE1,ITGA5,176,801,enzyme_substrate,0
E3|Q7Z6Z7|P23919,E3|Q7Z6Z7,E3,Q7Z6Z7,P23919,HUWE1,DTYMK,176,1836,enzyme_substrate,0
E3|Q7Z6Z7|P10912,E3|Q7Z6Z7,E3,Q7Z6Z7,P10912,HUWE1,GHR,176,519,enzyme_substrate,0
E3|Q7Z6Z7|Q13635,E3|Q7Z6Z7,E3,Q7Z6Z7,Q13635,HUWE1,PTCH1,176,1535,enzyme_substrate,0
E3|Q7Z6Z7|Q86TM6,E3|Q7Z6Z7,E3,Q7Z6Z7,Q86TM6,HUWE1,SYVN1,176,178,enzyme_substrate,0
E3|Q7Z6Z7|P03956,E3|Q7Z6Z7,E3,Q7Z6Z7,P03956,HUWE1,MMP1,176,1391,enzyme_substrate,0
E3|Q7Z6Z7|O75581,E3|Q7Z6Z7,E3,Q7Z6Z7,O75581,HUWE1,LRP6,176,1528,enzyme_substrate,0
E3|Q7Z6Z7|Q13002,E3|Q7Z6Z7,E3,Q7Z6Z7,Q13002,HUWE1,GRIK2,176,1243,enzyme_substrate,0
E3|Q7Z6Z7|P01848,E3|Q7Z6Z7,E3,Q7Z6Z7,P01848,HUWE1,TRAC,176,1295,enzyme_substrate,0
E3|Q7Z6Z7|O76090,E3|Q7Z6Z7,E3,Q7Z6Z7,O76090,HUWE1,BEST1,176,1564,enzyme_substrate,0
E3|Q7Z6Z7|P19235,E3|Q7Z6Z7,E3,Q7Z6Z7,P19235,HUWE1,EPOR,176,1901,enzyme_substrate,0
E3|Q7Z6Z7|P18065,E3|Q7Z6Z7,E3,Q7Z6Z7,P18065,HUWE1,IGFBP2,176,1361,enzyme_substrate,0
E3|Q7Z6Z7|P11686,E3|Q7Z6Z7,E3,Q7Z6Z7,P11686,HUWE1,SFTPC,176,1565,enzyme_substrate,0
E3|Q7Z6Z7|Q15465,E3|Q7Z6Z7,E3,Q7Z6Z7,Q15465,HUWE1,SHH,176,1633,enzyme_substrate,0
E3|Q7Z6Z7|O60858,E3|Q7Z6Z7,E3,Q7Z6Z7,O60858,HUWE1,TRIM13,176,28,enzyme_substrate,0
E3|Q86T96|Q6UVJ0,E3|Q86T96,E3,Q86T96,Q6UVJ0,RNF180,SASS6,177,1495,enzyme_substrate,0
E3|Q86TM6|P68133,E3|Q86TM6,E3,Q86TM6,P68133,SYVN1,ACTA1,178,1087,enzyme_substrate,0
E3|Q86TM6|P24864,E3|Q86TM6,E3,Q86TM6,P24864,SYVN1,CCNE1,178,593,enzyme_substrate,0
E3|Q86TM6|Q9Y577,E3|Q86TM6,E3,Q86TM6,Q9Y577,SYVN1,TRIM17,178,412,enzyme_substrate,0
E3|Q86TM6|Q13422,E3|Q86TM6,E3,Q86TM6,Q13422,SYVN1,IKZF1,178,1590,enzyme_substrate,0
E3|Q86TM6|Q8N726,E3|Q86TM6,E3,Q86TM6,Q8N726,SYVN1,CDKN2A,178,530,enzyme_substrate,0
E3|Q86TM6|Q9P270,E3|Q86TM6,E3,Q86TM6,Q9P270,SYVN1,SLAIN2,178,1718,enzyme_substrate,0
E3|Q86TM6|Q8NDV7,E3|Q86TM6,E3,Q86TM6,Q8NDV7,SYVN1,TNRC6A,178,1239,enzyme_substrate,0
E3|Q86TM6|Q96FA3,E3|Q86TM6,E3,Q86TM6,Q96FA3,SYVN1,PELI1,178,265,enzyme_substrate,0
E3|Q86TM6|P23921,E3|Q86TM6,E3,Q86TM6,P23921,SYVN1,RRM1,178,842,enzyme_substrate,0
E3|Q86TM6|O60315,E3|Q86TM6,E3,Q86TM6,O60315,SYVN1,ZEB2,178,757,enzyme_substrate,0
E3|Q86TM6|Q16777,E3|Q86TM6,E3,Q86TM6,Q16777,SYVN1,H2AC20,178,696,enzyme_substrate,0
E3|Q86TM6|Q5VSY0,E3|Q86TM6,E3,Q86TM6,Q5VSY0,SYVN1,GKAP1,178,682,enzyme_substrate,0
E3|Q86TM6|Q16656,E3|Q86TM6,E3,Q86TM6,Q16656,SYVN1,NRF1,178,562,enzyme_substrate,0
E3|Q86TM6|Q9NVF7,E3|Q86TM6,E3,Q86TM6,Q9NVF7,SYVN1,FBXO28,178,342,enzyme_substrate,0
E3|Q86TM6|Q13485,E3|Q86TM6,E3,Q86TM6,Q13485,SYVN1,SMAD4,178,1129,enzyme_substrate,0
E3|Q86TM6|Q96BN8,E3|Q86TM6,E3,Q86TM6,Q96BN8,SYVN1,OTULIN,178,469,enzyme_substrate,0
E3|Q86TM6|Q8TEY7,E3|Q86TM6,E3,Q86TM6,Q8TEY7,SYVN1,USP33,178,463,enzyme_substrate,0
E3|Q86TM6|Q9UIH9,E3|Q86TM6,E3,Q86TM6,Q9UIH9,SYVN1,KLF15,178,934,enzyme_substrate,0
E3|Q86TM6|Q9Y5R6,E3|Q86TM6,E3,Q86TM6,Q9Y5R6,SYVN1,DMT1,178,517,enzyme_substrate,0
E3|Q86TM6|Q8N2W9,E3|Q86TM6,E3,Q86TM6,Q8N2W9,SYVN1,PIAS4,178,202,enzyme_substrate,0
E3|Q86TM6|Q04724,E3|Q86TM6,E3,Q86TM6,Q04724,SYVN1,TLE1,178,976,enzyme_substrate,0
E3|Q86TM6|Q99878,E3|Q86TM6,E3,Q86TM6,Q99878,SYVN1,H2AC14,178,845,enzyme_substrate,0
E3|Q86TM6|Q9Y5K5,E3|Q86TM6,E3,Q86TM6,Q9Y5K5,SYVN1,UCHL5,178,494,enzyme_substrate,0
E3|Q86TM6|O15350,E3|Q86TM6,E3,Q86TM6,O15350,SYVN1,TP73,178,505,enzyme_substrate,0
E3|Q86TM6|Q9ULJ7,E3|Q86TM6,E3,Q86TM6,Q9ULJ7,SYVN1,ANKRD50,178,1723,enzyme_substrate,0
E3|Q86WB0|P22459,E3|Q86WB0,E3,Q86WB0,P22459,ZC3HC1,KCNA4,180,1403,enzyme_substrate,0
E3|Q86WB0|P07355,E3|Q86WB0,E3,Q86WB0,P07355,ZC3HC1,ANXA2,180,1237,enzyme_substrate,0
E3|Q86WC4|Q9Y4K4,E3|Q86WC4,E3,Q86WC4,Q9Y4K4,OSTM1,MAP4K5,181,1728,enzyme_substrate,0
E3|Q86WC4|Q9NR28,E3|Q86WC4,E3,Q86WC4,Q9NR28,OSTM1,DIABLO,181,986,enzyme_substrate,0
E3|Q86XK2|Q8N519,E3|Q86XK2,E3,Q86XK2,Q8N519,FBXO11,,183,1697,enzyme_substrate,0
E3|Q86XK2|Q8N907,E3|Q86XK2,E3,Q86XK2,Q8N907,FBXO11,DAND5,183,953,enzyme_substrate,0
E3|Q86XK2|P04179,E3|Q86XK2,E3,Q86XK2,P04179,FBXO11,SOD2,183,527,enzyme_substrate,0
E3|Q86XK2|P18065,E3|Q86XK2,E3,Q86XK2,P18065,FBXO11,IGFBP2,183,1361,enzyme_substrate,0
E3|Q86XK2|P17302,E3|Q86XK2,E3,Q86XK2,P17302,FBXO11,GJA1,183,897,enzyme_substrate,0
E3|Q86XK2|Q9Y2J4,E3|Q86XK2,E3,Q86XK2,Q9Y2J4,FBXO11,AMOTL2,183,1630,enzyme_substrate,0
E3|Q86XT4|Q9Y253,E3|Q86XT4,E3,Q86XT4,Q9Y253,TRIM50,POLH,185,1559,enzyme_substrate,0
E3|Q86XT4|Q96T88,E3|Q86XT4,E3,Q86XT4,Q96T88,TRIM50,UHRF1,185,283,enzyme_substrate,0
E3|Q86Y01|P46695,E3|Q86Y01,E3,Q86Y01,P46695,DTX1,IER3,186,1018,enzyme_substrate,0
E3|Q86Y01|Q8IZG5,E3|Q86Y01,E3,Q86Y01,Q8IZG5,DTX1,SS18,186,1282,enzyme_substrate,0
E3|Q86Y13|P55211,E3|Q86Y13,E3,Q86Y13,P55211,DZIP3,CASP9,187,974,enzyme_substrate,0
E3|Q86YJ5|P00367,E3|Q86YJ5,E3,Q86YJ5,P00367,MARCHF9,GLUD1,188,1226,enzyme_substrate,0
E3|Q86YJ5|Q9H5N1,E3|Q86YJ5,E3,Q86YJ5,Q9H5N1,MARCHF9,RABEP2,188,1711,enzyme_substrate,0
E3|Q86YJ5|Q14653,E3|Q86YJ5,E3,Q86YJ5,Q14653,MARCHF9,IRF3,188,503,enzyme_substrate,0
E3|Q86YJ5|Q9UQ80,E3|Q86YJ5,E3,Q86YJ5,Q9UQ80,MARCHF9,PA2G4,188,678,enzyme_substrate,0
E3|Q86YJ5|Q9BQF6,E3|Q86YJ5,E3,Q86YJ5,Q9BQF6,MARCHF9,SENP7,188,568,enzyme_substrate,0
E3|Q86YJ5|Q9UM11,E3|Q86YJ5,E3,Q86YJ5,Q9UM11,MARCHF9,FZR1,188,391,enzyme_substrate,0
E3|Q86YJ5|P02751,E3|Q86YJ5,E3,Q86YJ5,P02751,MARCHF9,FN1,188,866,enzyme_substrate,0
E3|Q86YJ5|Q16633,E3|Q86YJ5,E3,Q86YJ5,Q16633,MARCHF9,POU2AF1,188,561,enzyme_substrate,0
E3|Q86YJ5|Q13191,E3|Q86YJ5,E3,Q86YJ5,Q13191,MARCHF9,CBLB,188,106,enzyme_substrate,0
E3|Q86YJ5|P62805,E3|Q86YJ5,E3,Q86YJ5,P62805,MARCHF9,H4C1,188,1278,enzyme_substrate,0
E3|Q86YJ5|Q15173,E3|Q86YJ5,E3,Q86YJ5,Q15173,MARCHF9,PPP2R5B,188,1554,enzyme_substrate,0
E3|Q86YJ5|P32314,E3|Q86YJ5,E3,Q86YJ5,P32314,MARCHF9,FOXN2,188,1902,enzyme_substrate,0
E3|Q86YJ5|P23258,E3|Q86YJ5,E3,Q86YJ5,P23258,MARCHF9,TUBG1,188,854,enzyme_substrate,0
E3|Q86YJ5|Q96RR4,E3|Q86YJ5,E3,Q86YJ5,Q96RR4,MARCHF9,CAMKK2,188,1766,enzyme_substrate,0
E3|Q86YJ5|Q8NEA6,E3|Q86YJ5,E3,Q86YJ5,Q8NEA6,MARCHF9,GLIS3,188,1543,enzyme_substrate,0
E3|Q86YJ5|Q14164,E3|Q86YJ5,E3,Q86YJ5,Q14164,MARCHF9,IKBKE,188,1082,enzyme_substrate,0
E3|Q86YJ5|Q9Y508,E3|Q86YJ5,E3,Q86YJ5,Q9Y508,MARCHF9,RNF114,188,1729,enzyme_substrate,0
E3|Q86YJ5|Q9Y2R9,E3|Q86YJ5,E3,Q86YJ5,Q9Y2R9,MARCHF9,MRPS7,188,1048,enzyme_substrate,0
E3|Q86YJ5|Q8IYD8,E3|Q86YJ5,E3,Q86YJ5,Q8IYD8,MARCHF9,FANCM,188,1812,enzyme_substrate,0
E3|Q86YJ5|Q99856,E3|Q86YJ5,E3,Q86YJ5,Q99856,MARCHF9,ARID3A,188,750,enzyme_substrate,0
E3|Q86YT6|P05777,E3|Q86YT6,E3,Q86YT6,P05777,MIB1,M,189,1529,enzyme_substrate,0
E3|Q86YT6|Q96BF6,E3|Q86YT6,E3,Q86YT6,Q96BF6,MIB1,NACC2,189,747,enzyme_substrate,0
E3|Q86YT6|P62487,E3|Q86YT6,E3,Q86YT6,P62487,MIB1,POLR2G,189,872,enzyme_substrate,0
E3|Q86YT6|Q99759,E3|Q86YT6,E3,Q86YT6,Q99759,MIB1,MAP3K3,189,985,enzyme_substrate,0
E3|Q86YT6|P41182,E3|Q86YT6,E3,Q86YT6,P41182,MIB1,BCL6,189,1309,enzyme_substrate,0
E3|Q86YT6|P56545,E3|Q86YT6,E3,Q86YT6,P56545,MIB1,CTBP2,189,1875,enzyme_substrate,0
E3|Q8IUD6|Q9UHV7,E3|Q8IUD6,E3,Q8IUD6,Q9UHV7,RNF135,MED13,190,1471,enzyme_substrate,0
E3|Q8IUQ4|Q96BF3,E3|Q8IUQ4,E3,Q8IUQ4,Q96BF3,SIAH1,TMIGD2,191,921,enzyme_substrate,0
E3|Q8IUQ4|P30304,E3|Q8IUQ4,E3,Q8IUQ4,P30304,SIAH1,CDC25A,191,1808,enzyme_substrate,0
E3|Q8IUQ4|P35613,E3|Q8IUQ4,E3,Q8IUQ4,P35613,SIAH1,BSG,191,1380,enzyme_substrate,0
E3|Q8IUQ4|Q29974,E3|Q8IUQ4,E3,Q8IUQ4,Q29974,SIAH1,HLA-DRB1,191,1198,enzyme_substrate,0
E3|Q8IUQ4|P42336,E3|Q8IUQ4,E3,Q8IUQ4,P42336,SIAH1,PIK3CA,191,1933,enzyme_substrate,0
E3|Q8IUQ4|Q93070,E3|Q8IUQ4,E3,Q8IUQ4,Q93070,SIAH1,ART4,191,1254,enzyme_substrate,0
E3|Q8IUQ4|Q15726,E3|Q8IUQ4,E3,Q8IUQ4,Q15726,SIAH1,KISS1,191,1688,enzyme_substrate,0
E3|Q8IUQ4|Q13873,E3|Q8IUQ4,E3,Q8IUQ4,Q13873,SIAH1,BMPR2,191,1686,enzyme_substrate,0
E3|Q8IUQ4|O75473,E3|Q8IUQ4,E3,Q8IUQ4,O75473,SIAH1,LGR5,191,888,enzyme_substrate,0
E3|Q8IUQ4|P10523,E3|Q8IUQ4,E3,Q8IUQ4,P10523,SIAH1,SAG,191,61,enzyme_substrate,0
E3|Q8IUQ4|P21796,E3|Q8IUQ4,E3,Q8IUQ4,P21796,SIAH1,VDAC1,191,629,enzyme_substrate,0
E3|Q8IUQ4|Q12809,E3|Q8IUQ4,E3,Q8IUQ4,Q12809,SIAH1,KCNH2,191,597,enzyme_substrate,0
E3|Q8IUQ4|Q9Y5M8,E3|Q8IUQ4,E3,Q8IUQ4,Q9Y5M8,SIAH1,SRPRB,191,1560,enzyme_substrate,0
E3|Q8IUQ4|P08393,E3|Q8IUQ4,E3,Q8IUQ4,P08393,SIAH1,ICP0,191,56,enzyme_substrate,0
E3|Q8IUQ4|Q8ZNR3,E3|Q8IUQ4,E3,Q8IUQ4,Q8ZNR3,SIAH1,sopA,191,1604,enzyme_substrate,0
E3|Q8IUQ4|Q00059,E3|Q8IUQ4,E3,Q8IUQ4,Q00059,SIAH1,TFAM,191,1841,enzyme_substrate,0
E3|Q8IUQ4|P10644,E3|Q8IUQ4,E3,Q8IUQ4,P10644,SIAH1,PRKAR1A,191,541,enzyme_substrate,0
E3|Q8IUQ4|Q8N5C8,E3|Q8IUQ4,E3,Q8IUQ4,Q8N5C8,SIAH1,TAB3,191,1611,enzyme_substrate,0
E3|Q8IUQ4|P33527,E3|Q8IUQ4,E3,Q8IUQ4,P33527,SIAH1,ABCC1,191,1567,enzyme_substrate,0
E3|Q8IUQ4|Q9UJA2,E3|Q8IUQ4,E3,Q8IUQ4,Q9UJA2,SIAH1,CRLS1,191,1373,enzyme_substrate,0
E3|Q8IUQ4|Q96HE7,E3|Q8IUQ4,E3,Q8IUQ4,Q96HE7,SIAH1,ERO1A,191,1735,enzyme_substrate,0
E3|Q8IUQ4|O00459,E3|Q8IUQ4,E3,Q8IUQ4,O00459,SIAH1,PIK3R2,191,1096,enzyme_substrate,0
E3|Q8IWR1|Q9NXR8,E3|Q8IWR1,E3,Q8IWR1,Q9NXR8,TRIM59,ING3,192,1142,enzyme_substrate,0
E3|Q8IWR1|P50579,E3|Q8IWR1,E3,Q8IWR1,P50579,TRIM59,METAP2,192,1903,enzyme_substrate,0
E3|Q8IWR1|P09467,E3|Q8IWR1,E3,Q8IWR1,P09467,TRIM59,FBP1,192,1104,enzyme_substrate,0
E3|Q8IWR1|Q9UIS9,E3|Q8IWR1,E3,Q8IWR1,Q9UIS9,TRIM59,MBD1,192,752,enzyme_substrate,0
E3|Q8IWR1|P58004,E3|Q8IWR1,E3,Q8IWR1,P58004,TRIM59,SESN2,192,1763,enzyme_substrate,0
E3|Q8IWV7|P35250,E3|Q8IWV7,E3,Q8IWV7,P35250,UBR1,RFC2,193,1738,enzyme_substrate,0
E3|Q8IWV7|P54098,E3|Q8IWV7,E3,Q8IWV7,P54098,UBR1,POLG,193,1785,enzyme_substrate,0
E3|Q8IWV8|A9UEZ6,E3|Q8IWV8,E3,Q8IWV8,A9UEZ6,UBR2,BCR/ABL fusion,194,1106,enzyme_substrate,0
E3|Q8IWV8|P03427,E3|Q8IWV8,E3,Q8IWV8,P03427,UBR2,PB2,194,1218,enzyme_substrate,0
E3|Q8IX12|Q13564,E3|Q8IX12,E3,Q8IX12,Q13564,CCAR1,NAE1,195,1164,enzyme_substrate,0
E3|Q8IYM9|O95994,E3|Q8IYM9,E3,Q8IYM9,O95994,TRIM22,AGR2,197,708,enzyme_substrate,0
E3|Q8IYU2|P14859,E3|Q8IYU2,E3,Q8IYU2,P14859,HACE1,POU2F1,198,853,enzyme_substrate,0
E3|Q8IYU2|O00418,E3|Q8IYU2,E3,Q8IYU2,O00418,HACE1,EEF2K,198,1897,enzyme_substrate,0
E3|Q8IYU2|Q8TB46,E3|Q8IYU2,E3,Q8IYU2,Q8TB46,HACE1,ANKRD50,198,1701,enzyme_substrate,0
E3|Q8IYU2|O94782,E3|Q8IYU2,E3,Q8IYU2,O94782,HACE1,USP1,198,420,enzyme_substrate,0
E3|Q8IYU2|O75525,E3|Q8IYU2,E3,Q8IYU2,O75525,HACE1,KHDRBS3,198,1334,enzyme_substrate,0
E3|Q8IYW5|Q96JN8,E3|Q8IYW5,E3,Q8IYW5,Q96JN8,RNF168,NEURL4,199,733,enzyme_substrate,0
E3|Q8IYW5|Q9NRD5,E3|Q8IYW5,E3,Q8IYW5,Q9NRD5,RNF168,PICK1,199,659,enzyme_substrate,0
E3|Q8IYW5|A6MI22,E3|Q8IYW5,E3,Q8IYW5,A6MI22,RNF168,tat,199,1854,enzyme_substrate,0
E3|Q8IYW5|O95295,E3|Q8IYW5,E3,Q8IYW5,O95295,RNF168,SNAPIN,199,576,enzyme_substrate,0
E3|Q8IYW5|Q9P2A4,E3|Q8IYW5,E3,Q8IYW5,Q9P2A4,RNF168,ABI3,199,515,enzyme_substrate,0
E3|Q8IYW5|P07355,E3|Q8IYW5,E3,Q8IYW5,P07355,RNF168,ANXA2,199,1237,enzyme_substrate,0
E3|Q8IYW5|P49327,E3|Q8IYW5,E3,Q8IYW5,P49327,RNF168,FASN,199,596,enzyme_substrate,0
E3|Q8IYW5|Q92813,E3|Q8IYW5,E3,Q8IYW5,Q92813,RNF168,DIO2,199,666,enzyme_substrate,0
E3|Q8IYW5|Q9Y2T1,E3|Q8IYW5,E3,Q8IYW5,Q9Y2T1,RNF168,AXIN2,199,1076,enzyme_substrate,0
E3|Q8IYW5|Q5UEC6,E3|Q8IYW5,E3,Q8IYW5,Q5UEC6,RNF168,EB1,199,1789,enzyme_substrate,0
E3|Q8IYW5|P48200,E3|Q8IYW5,E3,Q8IYW5,P48200,RNF168,IREB2,199,871,enzyme_substrate,0
E3|Q8N1E6|Q9HAW4,E3|Q8N1E6,E3,Q8N1E6,Q9HAW4,FBXL14,CLSPN,200,863,enzyme_substrate,0
E3|Q8N1E6|Q9UIS9,E3|Q8N1E6,E3,Q8N1E6,Q9UIS9,FBXL14,MBD1,200,752,enzyme_substrate,0
E3|Q8N1E6|P98161,E3|Q8N1E6,E3,Q8N1E6,P98161,FBXL14,PKD1,200,1343,enzyme_substrate,0
E3|Q8N1E6|Q5Y7A7,E3|Q8N1E6,E3,Q8N1E6,Q5Y7A7,FBXL14,HLA-DRB1,200,1202,enzyme_substrate,0
E3|Q8N1E6|Q15386,E3|Q8N1E6,E3,Q8N1E6,Q15386,FBXL14,UBE3C,200,123,enzyme_substrate,0
E3|Q8N2H9|Q99683,E3|Q8N2H9,E3,Q8N2H9,Q99683,PELI3,MAP3K5,201,1149,enzyme_substrate,0
E3|Q8N2H9|P60321,E3|Q8N2H9,E3,Q8N2H9,P60321,PELI3,NANOS2,201,1598,enzyme_substrate,0
E3|Q8N2H9|P30307,E3|Q8N2H9,E3,Q8N2H9,P30307,PELI3,CDC25C,201,855,enzyme_substrate,0
E3|Q8N2H9|Q9NVW2,E3|Q8N2H9,E3,Q8N2H9,Q9NVW2,PELI3,RLIM,201,344,enzyme_substrate,0
E3|Q8N2H9|Q9GZX7,E3|Q8N2H9,E3,Q8N2H9,Q9GZX7,PELI3,AICDA,201,1608,enzyme_substrate,0
E3|Q8N2H9|O00716,E3|Q8N2H9,E3,Q8N2H9,O00716,PELI3,E2F3,201,1829,enzyme_substrate,0
E3|Q8N2W9|P35555,E3|Q8N2W9,E3,Q8N2W9,P35555,PIAS4,FBN1,202,1793,enzyme_substrate,0
E3|Q8N2W9|O00429,E3|Q8N2W9,E3,Q8N2W9,O00429,PIAS4,DNM1L,202,617,enzyme_substrate,0
E3|Q8N2W9|P55290,E3|Q8N2W9,E3,Q8N2W9,P55290,PIAS4,CDH13,202,1840,enzyme_substrate,0
E3|Q8N3Y1|Q99759,E3|Q8N3Y1,E3,Q8N3Y1,Q99759,FBXW8,MAP3K3,203,985,enzyme_substrate,0
E3|Q8N3Y1|Q92674,E3|Q8N3Y1,E3,Q8N3Y1,Q92674,FBXW8,CENPI,203,954,enzyme_substrate,0
E3|Q8N3Y1|Q9Y5M8,E3|Q8N3Y1,E3,Q8N3Y1,Q9Y5M8,FBXW8,SRPRB,203,1560,enzyme_substrate,0
E3|Q8N3Y1|Q9BXB1,E3|Q8N3Y1,E3,Q8N3Y1,Q9BXB1,FBXW8,LGR4,203,928,enzyme_substrate,0
E3|Q8N3Y1|P29033,E3|Q8N3Y1,E3,Q8N3Y1,P29033,FBXW8,GJB2,203,1792,enzyme_substrate,0
E3|Q8N448|Q15554,E3|Q8N448,E3,Q8N448,Q15554,LNX2,TERF2,204,1346,enzyme_substrate,0
E3|Q8N448|P05412,E3|Q8N448,E3,Q8N448,P05412,LNX2,JUN,204,587,enzyme_substrate,0
E3|Q8N448|Q9NRD5,E3|Q8N448,E3,Q8N448,Q9NRD5,LNX2,PICK1,204,659,enzyme_substrate,0
E3|Q8N531|Q04725,E3|Q8N531,E3,Q8N531,Q04725,FBXL6,TLE2,205,977,enzyme_substrate,0
E3|Q8N531|P98161,E3|Q8N531,E3,Q8N531,P98161,FBXL6,PKD1,205,1343,enzyme_substrate,0
E3|Q8N806|Q9UKE5,E3|Q8N806,E3,Q8N806,Q9UKE5,UBR7,TNIK,208,1722,enzyme_substrate,0
E3|Q8N806|O14773,E3|Q8N806,E3,Q8N806,O14773,UBR7,TPP1,208,687,enzyme_substrate,0
E3|Q8N8N0|O43395,E3|Q8N8N0,E3,Q8N8N0,O43395,RNF152,PRPF3,209,1851,enzyme_substrate,0
E3|Q8N8N0|P35712,E3|Q8N8N0,E3,Q8N8N0,P35712,RNF152,SOX6,209,1163,enzyme_substrate,0
E3|Q8N8N0|Q9UBP5,E3|Q8N8N0,E3,Q8N8N0,Q9UBP5,RNF152,HEY2,209,1266,enzyme_substrate,0
E3|Q8N8N0|P16104,E3|Q8N8N0,E3,Q8N8N0,P16104,RNF152,H2AX,209,579,enzyme_substrate,0
E3|Q8N8N0|Q8N6M0,E3|Q8N8N0,E3,Q8N8N0,Q8N6M0,RNF152,OTUD6B,209,1698,enzyme_substrate,0
E3|Q8N9I9|P50553,E3|Q8N9I9,E3,Q8N9I9,P50553,DTX3,ASCL1,210,1276,enzyme_substrate,0
E3|Q8N9I9|Q9Y2R9,E3|Q8N9I9,E3,Q8N9I9,Q9Y2R9,DTX3,MRPS7,210,1048,enzyme_substrate,0
E3|Q8N9I9|P53805,E3|Q8N9I9,E3,Q8N9I9,P53805,DTX3,RCAN1,210,1450,enzyme_substrate,0
E3|Q8N9I9|P05026,E3|Q8N9I9,E3,Q8N9I9,P05026,DTX3,ATP1B1,210,1501,enzyme_substrate,0
E3|Q8N9I9|Q15561,E3|Q8N9I9,E3,Q8N9I9,Q15561,DTX3,TEAD4,210,766,enzyme_substrate,0
E3|Q8NC42|Q6UUV9,E3|Q8NC42,E3,Q8NC42,Q6UUV9,RNF149,CRTC1,211,1396,enzyme_substrate,0
E3|Q8NCQ5|P04554,E3|Q8NCQ5,E3,Q8NCQ5,P04554,FBXO15,PRM2,212,837,enzyme_substrate,0
E3|Q8NCQ5|P26045,E3|Q8NCQ5,E3,Q8NCQ5,P26045,FBXO15,PTPN3,212,1052,enzyme_substrate,0
E3|Q8NCQ5|Q6UVJ0,E3|Q8NCQ5,E3,Q8NCQ5,Q6UVJ0,FBXO15,SASS6,212,1495,enzyme_substrate,0
E3|Q8NCQ5|P63252,E3|Q8NCQ5,E3,Q8NCQ5,P63252,FBXO15,KCNJ2,212,1264,enzyme_substrate,0
E3|Q8ND25|P51825,E3|Q8ND25,E3,Q8ND25,P51825,ZNRF1,AFF1,213,1340,enzyme_substrate,0
E3|Q8ND25|P55317,E3|Q8ND25,E3,Q8ND25,P55317,ZNRF1,FOXA1,213,1895,enzyme_substrate,0
E3|Q8ND25|Q92734,E3|Q8ND25,E3,Q8ND25,Q92734,ZNRF1,TFG,213,919,enzyme_substrate,0
E3|Q8NEG5|Q15311,E3|Q8NEG5,E3,Q8NEG5,Q15311,ZSWIM2,RALBP1,214,1519,enzyme_substrate,0
E3|Q8NEG5|O15553,E3|Q8NEG5,E3,Q8NEG5,O15553,ZSWIM2,MEFV,214,1110,enzyme_substrate,0
E3|Q8NEZ5|Q9NY46,E3|Q8NEZ5,E3,Q8NEZ5,Q9NY46,FBXO22,SCN3A,215,1584,enzyme_substrate,0
E3|Q8NEZ5|P61968,E3|Q8NEZ5,E3,Q8NEZ5,P61968,FBXO22,LMO4,215,1752,enzyme_substrate,0
E3|Q8NEZ5|P23919,E3|Q8NEZ5,E3,Q8NEZ5,P23919,FBXO22,DTYMK,215,1836,enzyme_substrate,0
E3|Q8NEZ5|Q9H1D0,E3|Q8NEZ5,E3,Q8NEZ5,Q9H1D0,FBXO22,TRPV6,215,1582,enzyme_substrate,0
E3|Q8NFD5|O00459,E3|Q8NFD5,E3,Q8NFD5,O00459,ARID1B,PIK3R2,216,1096,enzyme_substrate,0
E3|Q8NFD5|P13761,E3|Q8NFD5,E3,Q8NFD5,P13761,ARID1B,HLA-DRB1,216,1194,enzyme_substrate,0
E3|Q8NFZ0|P10193,E3|Q8NFZ0,E3,Q8NFZ0,P10193,FBXO18,UL9,217,1791,enzyme_substrate,0
E3|Q8NFZ0|P11021,E3|Q8NFZ0,E3,Q8NFZ0,P11021,FBXO18,HSPA5,217,753,enzyme_substrate,0
E3|Q8NFZ0|Q96A32,E3|Q8NFZ0,E3,Q8NFZ0,Q96A32,FBXO18,MYLPF,217,1492,enzyme_substrate,0
E3|Q8NFZ0|Q5Y7A7,E3|Q8NFZ0,E3,Q8NFZ0,Q5Y7A7,FBXO18,HLA-DRB1,217,1202,enzyme_substrate,0
E3|Q8NFZ0|Q9P0P0,E3|Q8NFZ0,E3,Q8NFZ0,Q9P0P0,FBXO18,RNF181,217,357,enzyme_substrate,0
E3|Q8NG06|Q9H5J0,E3|Q8NG06,E3,Q8NG06,Q9H5J0,TRIM58,ZBTB3,218,611,enzyme_substrate,0
E3|Q8NG06|P60321,E3|Q8NG06,E3,Q8NG06,P60321,TRIM58,NANOS2,218,1598,enzyme_substrate,0
E3|Q8NG06|Q01628,E3|Q8NG06,E3,Q8NG06,Q01628,TRIM58,IFITM3,218,907,enzyme_substrate,0
E3|Q8NG06|A8MYT4,E3|Q8NG06,E3,Q8NG06,A8MYT4,TRIM58,PIK3C3,218,881,enzyme_substrate,0
E3|Q8NG27|O95628,E3|Q8NG27,E3,Q8NG27,O95628,PJA1,CNOT4,219,48,enzyme_substrate,0
E3|Q8NG27|P15056,E3|Q8NG27,E3,Q8NG27,P15056,PJA1,BRAF,219,1372,enzyme_substrate,0
E3|Q8NG27|P40305,E3|Q8NG27,E3,Q8NG27,P40305,PJA1,IFI27,219,1337,enzyme_substrate,0
E3|Q8NG27|Q9BT92,E3|Q8NG27,E3,Q8NG27,Q9BT92,PJA1,TCHP,219,1366,enzyme_substrate,0
E3|Q8NG27|Q9NV92,E3|Q8NG27,E3,Q8NG27,Q9NV92,PJA1,NDFIP2,219,930,enzyme_substrate,0
E3|Q8NG27|O96017,E3|Q8NG27,E3,Q8NG27,O96017,PJA1,CHEK2,219,552,enzyme_substrate,0
E3|Q8NG27|P47989,E3|Q8NG27,E3,Q8NG27,P47989,PJA1,XDH,219,1498,enzyme_substrate,0
E3|Q8NG27|Q8NFD5,E3|Q8NG27,E3,Q8NG27,Q8NFD5,PJA1,ARID1B,219,216,enzyme_substrate,0
E3|Q8NG27|Q9HBA0,E3|Q8NG27,E3,Q8NG27,Q9HBA0,PJA1,TRPV4,219,1548,enzyme_substrate,0
E3|Q8NG27|P56817,E3|Q8NG27,E3,Q8NG27,P56817,PJA1,BACE1,219,1794,enzyme_substrate,0
E3|Q8NG27|O00308,E3|Q8NG27,E3,Q8NG27,O00308,PJA1,WWP2,219,4,enzyme_substrate,0
E3|Q8NG27|Q9UBN4,E3|Q8NG27,E3,Q8NG27,Q9UBN4,PJA1,TRPC4,219,1549,enzyme_substrate,0
E3|Q8NG27|P13051,E3|Q8NG27,E3,Q8NG27,P13051,PJA1,UNG,219,1927,enzyme_substrate,0
E3|Q8NHM5|Q04912,E3|Q8NHM5,E3,Q8NHM5,Q04912,KDM2B,MST1R,221,830,enzyme_substrate,0
E3|Q8NHM5|Q15386,E3|Q8NHM5,E3,Q8NHM5,Q15386,KDM2B,UBE3C,221,123,enzyme_substrate,0
E3|Q8NHM5|P52333,E3|Q8NHM5,E3,Q8NHM5,P52333,KDM2B,JAK3,221,1122,enzyme_substrate,0
E3|Q8NHY2|Q8N907,E3|Q8NHY2,E3,Q8NHY2,Q8N907,COP1,DAND5,222,953,enzyme_substrate,0
E3|Q8NHY2|Q15465,E3|Q8NHY2,E3,Q8NHY2,Q15465,COP1,SHH,222,1633,enzyme_substrate,0
E3|Q8NHY2|Q9UNE0,E3|Q8NHY2,E3,Q8NHY2,Q9UNE0,COP1,EDAR,222,502,enzyme_substrate,0
E3|Q8NHY2|Q9P055,E3|Q8NHY2,E3,Q8NHY2,Q9P055,COP1,JKAMP,222,1605,enzyme_substrate,0
E3|Q8NHY2|O60858,E3|Q8NHY2,E3,Q8NHY2,O60858,COP1,TRIM13,222,28,enzyme_substrate,0
E3|Q8NHY2|Q9H4P4,E3|Q8NHY2,E3,Q8NHY2,Q9H4P4,COP1,RNF41,222,323,enzyme_substrate,0
E3|Q8NHY2|Q8NHL6,E3|Q8NHY2,E3,Q8NHY2,Q8NHL6,COP1,LILRB1,222,1323,enzyme_substrate,0
E3|Q8NHY2|Q9Y6W8,E3|Q8NHY2,E3,Q8NHY2,Q9Y6W8,COP1,ICOS,222,1214,enzyme_substrate,0
E3|Q8NHY2|Q8N8V4,E3|Q8NHY2,E3,Q8NHY2,Q8N8V4,COP1,ANKS4B,222,1699,enzyme_substrate,0
E3|Q8NHY2|Q9NZ52,E3|Q8NHY2,E3,Q8NHY2,Q9NZ52,COP1,GGA3,222,932,enzyme_substrate,0
E3|Q8NHY2|Q969V5,E3|Q8NHY2,E3,Q8NHY2,Q969V5,COP1,MUL1,222,252,enzyme_substrate,0
E3|Q8NHY2|O43521,E3|Q8NHY2,E3,Q8NHY2,O43521,COP1,BCL2L11,222,786,enzyme_substrate,0
E3|Q8NHY2|P02765,E3|Q8NHY2,E3,Q8NHY2,P02765,COP1,AHSG,222,1442,enzyme_substrate,0
E3|Q8NHY2|P01880,E3|Q8NHY2,E3,Q8NHY2,P01880,COP1,IGHD,222,1313,enzyme_substrate,0
E3|Q8NI29|Q8N907,E3|Q8NI29,E3,Q8NI29,Q8N907,FBXO27,DAND5,223,953,enzyme_substrate,0
E3|Q8NI29|Q9Y2K6,E3|Q8NI29,E3,Q8NI29,Q9Y2K6,FBXO27,USP20,223,491,enzyme_substrate,0
E3|Q8TB52|P10070,E3|Q8TB52,E3,Q8TB52,P10070,FBXO30,GLI2,224,590,enzyme_substrate,0
E3|Q8TB52|Q8NDV7,E3|Q8TB52,E3,Q8TB52,Q8NDV7,FBXO30,TNRC6A,224,1239,enzyme_substrate,0
E3|Q8TBB1|P19634,E3|Q8TBB1,E3,Q8TBB1,P19634,LNX1,SLC9A1,225,898,enzyme_substrate,0
E3|Q8TBB1|P29034,E3|Q8TBB1,E3,Q8TBB1,P29034,LNX1,S100A2,225,1868,enzyme_substrate,0
E3|Q8TBB1|O00548,E3|Q8TBB1,E3,Q8TBB1,O00548,LNX1,DLL1,225,499,enzyme_substrate,0
E3|Q8TBB1|Q9Y3Z3,E3|Q8TBB1,E3,Q8TBB1,Q9Y3Z3,LNX1,SAMHD1,225,1929,enzyme_substrate,0
E3|Q8TBB1|Q12888,E3|Q8TBB1,E3,Q8TBB1,Q12888,LNX1,TP53BP1,225,598,enzyme_substrate,0
E3|Q8TBB1|Q8N6M0,E3|Q8TBB1,E3,Q8TBB1,Q8N6M0,LNX1,OTUD6B,225,1698,enzyme_substrate,0
E3|Q8TBB1|P16401,E3|Q8TBB1,E3,Q8TBB1,P16401,LNX1,H1-5,225,1272,enzyme_substrate,0
E3|Q8TBB1|Q02539,E3|Q8TBB1,E3,Q8TBB1,Q02539,LNX1,H1-1,225,1279,enzyme_substrate,0
E3|Q8TBB1|P04629,E3|Q8TBB1,E3,Q8TBB1,P04629,LNX1,NTRK1,225,895,enzyme_substrate,0
E3|Q8TBB1|Q96BI1,E3|Q8TBB1,E3,Q8TBB1,Q96BI1,LNX1,SLC22A18,225,1643,enzyme_substrate,0
E3|Q8TBB1|P08195,E3|Q8TBB1,E3,Q8TBB1,P08195,LNX1,SLC3A2,225,1191,enzyme_substrate,0
E3|Q8TBB1|P13051,E3|Q8TBB1,E3,Q8TBB1,P13051,LNX1,UNG,225,1927,enzyme_substrate,0
E3|Q8TBB1|P20700,E3|Q8TBB1,E3,Q8TBB1,P20700,LNX1,LMNB1,225,1780,enzyme_substrate,0
E3|Q8TBB1|Q08AJ9,E3|Q8TBB1,E3,Q8TBB1,Q08AJ9,LNX1,HIST1H2AB,225,1311,enzyme_substrate,0
E3|Q8TCJ0|P60321,E3|Q8TCJ0,E3,Q8TCJ0,P60321,FBXO25,NANOS2,226,1598,enzyme_substrate,0
E3|Q8TCJ0|P05976,E3|Q8TCJ0,E3,Q8TCJ0,P05976,FBXO25,MYL1,226,1483,enzyme_substrate,0
E3|Q8TCJ0|Q13873,E3|Q8TCJ0,E3,Q8TCJ0,Q13873,FBXO25,BMPR2,226,1686,enzyme_substrate,0
E3|Q8TCJ0|O15273,E3|Q8TCJ0,E3,Q8TCJ0,O15273,FBXO25,TCAP,226,991,enzyme_substrate,0
E3|Q8TCQ1|Q9HAW4,E3|Q8TCQ1,E3,Q8TCQ1,Q9HAW4,MARCHF1,CLSPN,227,863,enzyme_substrate,0
E3|Q8TCQ1|Q93077,E3|Q8TCQ1,E3,Q8TCQ1,Q93077,MARCHF1,H2AC6,227,844,enzyme_substrate,0
E3|Q8TCQ1|Q9HCS4,E3|Q8TCQ1,E3,Q8TCQ1,Q9HCS4,MARCHF1,TCF7L1,227,1140,enzyme_substrate,0
E3|Q8TCQ1|Q99714,E3|Q8TCQ1,E3,Q8TCQ1,Q99714,MARCHF1,PTPN5,227,654,enzyme_substrate,0
E3|Q8TCQ1|P62487,E3|Q8TCQ1,E3,Q8TCQ1,P62487,MARCHF1,POLR2G,227,872,enzyme_substrate,0
E3|Q8TCQ1|P25440,E3|Q8TCQ1,E3,Q8TCQ1,P25440,MARCHF1,BRD2,227,594,enzyme_substrate,0
E3|Q8TCQ1|P25490,E3|Q8TCQ1,E3,Q8TCQ1,P25490,MARCHF1,YY1,227,1360,enzyme_substrate,0
E3|Q8TCQ1|Q96NT3,E3|Q8TCQ1,E3,Q8TCQ1,Q96NT3,MARCHF1,GUCD1,227,924,enzyme_substrate,0
E3|Q8TCQ1|P26927,E3|Q8TCQ1,E3,Q8TCQ1,P26927,MARCHF1,MST1,227,1931,enzyme_substrate,0
E3|Q8TCQ1|P33993,E3|Q8TCQ1,E3,Q8TCQ1,P33993,MARCHF1,MCM7,227,1053,enzyme_substrate,0
E3|Q8TCQ1|Q92918,E3|Q8TCQ1,E3,Q8TCQ1,Q92918,MARCHF1,MAP4K1,227,1363,enzyme_substrate,0
E3|Q8TE67|P48048,E3|Q8TE67,E3,Q8TE67,P48048,EPS8L3,KCNJ1,229,1263,enzyme_substrate,0
E3|Q8TEB1|P19429,E3|Q8TEB1,E3,Q8TEB1,P19429,DCAF11,TNNI3,230,1477,enzyme_substrate,0
E3|Q8TEB1|P30305,E3|Q8TEB1,E3,Q8TEB1,P30305,DCAF11,CDC25B,230,1809,enzyme_substrate,0
E3|Q8TEB1|Q9BXC9,E3|Q8TEB1,E3,Q8TEB1,Q9BXC9,DCAF11,BBS2,230,1090,enzyme_substrate,0
E3|Q8TEB1|P43357,E3|Q8TEB1,E3,Q8TEB1,P43357,DCAF11,MAGEA3,230,1211,enzyme_substrate,0
E3|Q8TEB1|P08034,E3|Q8TEB1,E3,Q8TEB1,P08034,DCAF11,GJB1,230,1824,enzyme_substrate,0
E3|Q8TEB1|O00303,E3|Q8TEB1,E3,Q8TEB1,O00303,DCAF11,EIF3F,230,1267,enzyme_substrate,0
E3|Q8TEB1|Q16342,E3|Q8TEB1,E3,Q8TEB1,Q16342,DCAF11,PDCD2,230,644,enzyme_substrate,0
E3|Q8TEB1|O15145,E3|Q8TEB1,E3,Q8TEB1,O15145,DCAF11,ARPC3,230,990,enzyme_substrate,0
E3|Q8TEB7|Q86T82,E3|Q8TEB7,E3,Q8TEB7,Q86T82,RNF128,USP37,231,459,enzyme_substrate,0
E3|Q8TEB7|O60934,E3|Q8TEB7,E3,Q8TEB7,O60934,RNF128,NBN,231,688,enzyme_substrate,0
E3|Q8TEB7|Q00059,E3|Q8TEB7,E3,Q8TEB7,Q00059,RNF128,TFAM,231,1841,enzyme_substrate,0
E3|Q8TEB7|C9JYI4,E3|Q8TEB7,E3,Q8TEB7,C9JYI4,RNF128,KPNA1,231,769,enzyme_substrate,0
E3|Q8TEB7|Q16342,E3|Q8TEB7,E3,Q8TEB7,Q16342,RNF128,PDCD2,231,644,enzyme_substrate,0
E3|Q8TEL6|P01732,E3|Q8TEL6,E3,Q8TEL6,P01732,TRPC4AP,CD8A,232,1402,enzyme_substrate,0
E3|Q8TEL6|Q9HAW4,E3|Q8TEL6,E3,Q8TEL6,Q9HAW4,TRPC4AP,CLSPN,232,863,enzyme_substrate,0
E3|Q8TEL6|P04908,E3|Q8TEL6,E3,Q8TEL6,P04908,TRPC4AP,H2AC4,232,577,enzyme_substrate,0
E3|Q8TEL6|Q15726,E3|Q8TEL6,E3,Q8TEL6,Q15726,TRPC4AP,KISS1,232,1688,enzyme_substrate,0
E3|Q8WU17|P17844,E3|Q8WU17,E3,Q8WU17,P17844,RNF139,DDX5,233,1531,enzyme_substrate,0
E3|Q8WU17|P30838,E3|Q8WU17,E3,Q8WU17,P30838,RNF139,ALDH3A1,233,1764,enzyme_substrate,0
E3|Q8WU17|P43268,E3|Q8WU17,E3,Q8WU17,P43268,RNF139,ETV4,233,950,enzyme_substrate,0
E3|Q8WV16|O14763,E3|Q8WV16,E3,Q8WV16,O14763,DCAF4,TNFRSF10B,234,1500,enzyme_substrate,0
E3|Q8WV16|O95863,E3|Q8WV16,E3,Q8WV16,O95863,DCAF4,SNAI1,234,758,enzyme_substrate,0
E3|Q8WV16|P51825,E3|Q8WV16,E3,Q8WV16,P51825,DCAF4,AFF1,234,1340,enzyme_substrate,0
E3|Q8WV16|P04908,E3|Q8WV16,E3,Q8WV16,P04908,DCAF4,H2AC4,234,577,enzyme_substrate,0
E3|Q8WV44|P55211,E3|Q8WV44,E3,Q8WV44,P55211,TRIM41,CASP9,235,974,enzyme_substrate,0
E3|Q8WVD3|P01920,E3|Q8WVD3,E3,Q8WVD3,P01920,RNF138,HLA-DQB1,236,1315,enzyme_substrate,0
E3|Q8WVD3|Q96C92,E3|Q8WVD3,E3,Q8WVD3,Q96C92,RNF138,ENTR1,236,1703,enzyme_substrate,0
E3|Q8WVD3|P01023,E3|Q8WVD3,E3,Q8WVD3,P01023,RNF138,A2M,236,1184,enzyme_substrate,0
E3|Q8WVD3|Q9ULJ7,E3|Q8WVD3,E3,Q8WVD3,Q9ULJ7,RNF138,ANKRD50,236,1723,enzyme_substrate,0
E3|Q8WVD3|P36888,E3|Q8WVD3,E3,Q8WVD3,P36888,RNF138,FLT3,236,1336,enzyme_substrate,0
E3|Q8WVD3|Q9NR28,E3|Q8WVD3,E3,Q8WVD3,Q9NR28,RNF138,DIABLO,236,986,enzyme_substrate,0
E3|Q8WVD3|Q13635,E3|Q8WVD3,E3,Q8WVD3,Q13635,RNF138,PTCH1,236,1535,enzyme_substrate,0
E3|Q8WXH4|O95630,E3|Q8WXH4,E3,Q8WXH4,O95630,ASB11,STAMBP,238,49,enzyme_substrate,0
E3|Q8WXH4|P03956,E3|Q8WXH4,E3,Q8WXH4,P03956,ASB11,MMP1,238,1391,enzyme_substrate,0
E3|Q8WXH4|Q7Z6J0,E3|Q8WXH4,E3,Q8WXH4,Q7Z6J0,ASB11,SH3RF1,238,174,enzyme_substrate,0
E3|Q8WXH4|P98170,E3|Q8WXH4,E3,Q8WXH4,P98170,ASB11,XIAP,238,93,enzyme_substrate,0
E3|Q8WXH5|Q07812,E3|Q8WXH5,E3,Q8WXH5,Q07812,SOCS4,BAX,239,637,enzyme_substrate,0
E3|Q8WXH5|Q9C026,E3|Q8WXH5,E3,Q8WXH5,Q9C026,SOCS4,TRIM9,239,303,enzyme_substrate,0
E3|Q8WY64|Q9H8M7,E3|Q8WY64,E3,Q8WY64,Q9H8M7,MYLIP,FAM188A,240,1713,enzyme_substrate,0
E3|Q8WY64|Q9UBR4,E3|Q8WY64,E3,Q8WY64,Q9UBR4,MYLIP,LHX3,240,1755,enzyme_substrate,0
E3|Q8WY64|Q9UHV7,E3|Q8WY64,E3,Q8WY64,Q9UHV7,MYLIP,MED13,240,1471,enzyme_substrate,0
E3|Q8WY64|Q9H4L7,E3|Q8WY64,E3,Q8WY64,Q9H4L7,MYLIP,SMARCAD1,240,1063,enzyme_substrate,0
E3|Q8WZ19|P08138,E3|Q8WZ19,E3,Q8WZ19,P08138,KCTD13,NGFR,241,799,enzyme_substrate,0
E3|Q8WZ60|Q13873,E3|Q8WZ60,E3,Q8WZ60,Q13873,KLHL6,BMPR2,242,1686,enzyme_substrate,0
E3|Q8WZ60|P56817,E3|Q8WZ60,E3,Q8WZ60,P56817,KLHL6,BACE1,242,1794,enzyme_substrate,0
E3|Q8WZ60|Q96RU7,E3|Q8WZ60,E3,Q8WZ60,Q96RU7,KLHL6,TRIB3,242,280,enzyme_substrate,0
E3|Q8WZ60|Q8WY41,E3|Q8WZ60,E3,Q8WZ60,Q8WY41,KLHL6,NANOS1,242,1887,enzyme_substrate,0
E3|Q8WZ73|Q04725,E3|Q8WZ73,E3,Q8WZ73,Q04725,RFFL,TLE2,243,977,enzyme_substrate,0
E3|Q8WZ73|B3EWF7,E3|Q8WZ73,E3,Q8WZ73,B3EWF7,RFFL,EPM2A,243,1244,enzyme_substrate,0
E3|Q8WZ73|Q969R5,E3|Q8WZ73,E3,Q8WZ73,Q969R5,RFFL,L3MBTL2,243,698,enzyme_substrate,0
E3|Q92466|P43403,E3|Q92466,E3,Q92466,P43403,DDB2,ZAP70,244,822,enzyme_substrate,0
E3|Q92466|Q15388,E3|Q92466,E3,Q92466,Q15388,DDB2,TOMM20,244,643,enzyme_substrate,0
E3|Q92466|O14974,E3|Q92466,E3,Q92466,O14974,DDB2,PPP1R12A,244,547,enzyme_substrate,0
E3|Q92466|P35626,E3|Q92466,E3,Q92466,P35626,DDB2,ADRBK2,244,1669,enzyme_substrate,0
E3|Q92466|Q8TB46,E3|Q92466,E3,Q92466,Q8TB46,DDB2,ANKRD50,244,1701,enzyme_substrate,0
E3|Q92844|Q8N6T7,E3|Q92844,E3,Q92844,Q8N6T7,TANK,SIRT6,246,1885,enzyme_substrate,0
E3|Q92844|P21359,E3|Q92844,E3,Q92844,P21359,TANK,NF1,246,761,enzyme_substrate,0
E3|Q92844|Q15784,E3|Q92844,E3,Q92844,Q15784,TANK,NEUROD2,246,1071,enzyme_substrate,0
E3|Q92844|A0A1B0GVQ0,E3|Q92844,E3,Q92844,A0A1B0GVQ0,TANK,SPAAR,246,1896,enzyme_substrate,0
E3|Q92844|O14777,E3|Q92844,E3,Q92844,O14777,TANK,NDC80,246,1830,enzyme_substrate,0
E3|Q92844|A4F535,E3|Q92844,E3,Q92844,A4F535,TANK,P,246,1768,enzyme_substrate,0
E3|Q92844|P26927,E3|Q92844,E3,Q92844,P26927,TANK,MST1,246,1931,enzyme_substrate,0
E3|Q92844|Q9NVF7,E3|Q92844,E3,Q92844,Q9NVF7,TANK,FBXO28,246,342,enzyme_substrate,0
E3|Q92844|Q15858,E3|Q92844,E3,Q92844,Q15858,TANK,SCN9A,246,1573,enzyme_substrate,0
E3|Q92844|P43360,E3|Q92844,E3,Q92844,P43360,TANK,MAGEA6,246,1212,enzyme_substrate,0
E3|Q969H0|Q8N6M0,E3|Q969H0,E3,Q969H0,Q8N6M0,FBXW7,OTUD6B,247,1698,enzyme_substrate,0
E3|Q969H0|Q9ULJ7,E3|Q969H0,E3,Q969H0,Q9ULJ7,FBXW7,ANKRD50,247,1723,enzyme_substrate,0
E3|Q969H0|P04839,E3|Q969H0,E3,Q969H0,P04839,FBXW7,CYBB,247,1858,enzyme_substrate,0
E3|Q969H0|Q93070,E3|Q969H0,E3,Q969H0,Q93070,FBXW7,ART4,247,1254,enzyme_substrate,0
E3|Q969H0|P56750,E3|Q969H0,E3,Q969H0,P56750,FBXW7,CLDN17,247,1406,enzyme_substrate,0
E3|Q969H0|Q9H9R9,E3|Q969H0,E3,Q969H0,Q9H9R9,FBXW7,DBNDD1,247,1091,enzyme_substrate,0
E3|Q969H0|P40238,E3|Q969H0,E3,Q969H0,P40238,FBXW7,MPL,247,819,enzyme_substrate,0
E3|Q969H0|P15259,E3|Q969H0,E3,Q969H0,P15259,FBXW7,PGAM2,247,1006,enzyme_substrate,0
E3|Q969H0|P16234,E3|Q969H0,E3,Q969H0,P16234,FBXW7,PDGFRA,247,809,enzyme_substrate,0
E3|Q969H0|P37173,E3|Q969H0,E3,Q969H0,P37173,FBXW7,TGFBR2,247,1275,enzyme_substrate,0
E3|Q969H0|P21709,E3|Q969H0,E3,Q969H0,P21709,FBXW7,EPHA1,247,1667,enzyme_substrate,0
E3|Q969H0|P22304,E3|Q969H0,E3,Q969H0,P22304,FBXW7,IDS,247,1299,enzyme_substrate,0
E3|Q969H0|Q9UJA2,E3|Q969H0,E3,Q969H0,Q9UJA2,FBXW7,CRLS1,247,1373,enzyme_substrate,0
E3|Q969H0|Q14558,E3|Q969H0,E3,Q969H0,Q14558,FBXW7,PRPSAP1,247,1368,enzyme_substrate,0
E3|Q969H0|Q8NHL6,E3|Q969H0,E3,Q969H0,Q8NHL6,FBXW7,LILRB1,247,1323,enzyme_substrate,0
E3|Q969H0|P15813,E3|Q969H0,E3,Q969H0,P15813,FBXW7,CD1D,247,958,enzyme_substrate,0
E3|Q969H0|Q8N8V4,E3|Q969H0,E3,Q969H0,Q8N8V4,FBXW7,ANKS4B,247,1699,enzyme_substrate,0
E3|Q969H0|A6MI22,E3|Q969H0,E3,Q969H0,A6MI22,FBXW7,tat,247,1854,enzyme_substrate,0
E3|Q969H0|Q9P126,E3|Q969H0,E3,Q969H0,Q9P126,FBXW7,CLEC1B,247,946,enzyme_substrate,0
E3|Q969H0|Q95IE3,E3|Q969H0,E3,Q969H0,Q95IE3,FBXW7,HLA-DRB1,247,1203,enzyme_substrate,0
E3|Q969H0|P55017,E3|Q969H0,E3,Q969H0,P55017,FBXW7,SLC12A3,247,1874,enzyme_substrate,0
E3|Q969H0|P10523,E3|Q969H0,E3,Q969H0,P10523,FBXW7,SAG,247,61,enzyme_substrate,0
E3|Q969H0|P54829,E3|Q969H0,E3,Q969H0,P54829,FBXW7,STK36,247,532,enzyme_substrate,0
E3|Q969H0|P10644,E3|Q969H0,E3,Q969H0,P10644,FBXW7,PRKAR1A,247,541,enzyme_substrate,0
E3|Q969H0|Q9Y5Y9,E3|Q969H0,E3,Q969H0,Q9Y5Y9,FBXW7,SCN10A,247,1587,enzyme_substrate,0
E3|Q969H0|P31937,E3|Q969H0,E3,Q969H0,P31937,FBXW7,HIBADH,247,1489,enzyme_substrate,0
E3|Q969H0|P04843,E3|Q969H0,E3,Q969H0,P04843,FBXW7,RPN1,247,1431,enzyme_substrate,0
E3|Q969H0|O60858,E3|Q969H0,E3,Q969H0,O60858,FBXW7,TRIM13,247,28,enzyme_substrate,0
E3|Q969H0|O60883,E3|Q969H0,E3,Q969H0,O60883,FBXW7,GPR37L1,247,621,enzyme_substrate,0
E3|Q969H0|P41595,E3|Q969H0,E3,Q969H0,P41595,FBXW7,HTR2B,247,1404,enzyme_substrate,0
E3|Q969H0|Q9NRC1,E3|Q969H0,E3,Q969H0,Q9NRC1,FBXW7,ST7,247,1424,enzyme_substrate,0
E3|Q969H0|P43003,E3|Q969H0,E3,Q969H0,P43003,FBXW7,SLC1A3,247,1569,enzyme_substrate,0
E3|Q969K3|Q8N8V4,E3|Q969K3,E3,Q969K3,Q8N8V4,RNF34,ANKS4B,248,1699,enzyme_substrate,0
E3|Q969P5|P29322,E3|Q969P5,E3,Q969P5,P29322,FBXO32,EPHA8,249,816,enzyme_substrate,0
E3|Q969P5|Q96BF3,E3|Q969P5,E3,Q969P5,Q96BF3,FBXO32,TMIGD2,249,921,enzyme_substrate,0
E3|Q969P5|Q9P0P0,E3|Q969P5,E3,Q969P5,Q9P0P0,FBXO32,RNF181,249,357,enzyme_substrate,0
E3|Q969P5|Q93070,E3|Q969P5,E3,Q969P5,Q93070,FBXO32,ART4,249,1254,enzyme_substrate,0
E3|Q969P5|P78380,E3|Q969P5,E3,Q969P5,P78380,FBXO32,OLR1,249,1301,enzyme_substrate,0
E3|Q969P5|Q9Y3D6,E3|Q969P5,E3,Q969P5,Q9Y3D6,FBXO32,FIS1,249,1761,enzyme_substrate,0
E3|Q969P5|Q16875,E3|Q969P5,E3,Q969P5,Q16875,FBXO32,PFKFB3,249,1845,enzyme_substrate,0
E3|Q969Q1|P20963,E3|Q969Q1,E3,Q969Q1,P20963,TRIM63,CD247,250,1097,enzyme_substrate,0
E3|Q969Q1|Q04912,E3|Q969Q1,E3,Q969Q1,Q04912,TRIM63,MST1R,250,830,enzyme_substrate,0
E3|Q969Q1|P41594,E3|Q969Q1,E3,Q969Q1,P41594,TRIM63,GRM5,250,1338,enzyme_substrate,0
E3|Q969Q1|Q9TQE0,E3|Q969Q1,E3,Q969Q1,Q9TQE0,TRIM63,HLA-DRB1,250,1206,enzyme_substrate,0
E3|Q969Q1|Q8NEG5,E3|Q969Q1,E3,Q969Q1,Q8NEG5,TRIM63,ZSWIM2,250,214,enzyme_substrate,0
E3|Q969Q1|P05777,E3|Q969Q1,E3,Q969Q1,P05777,TRIM63,M,250,1529,enzyme_substrate,0
E3|Q969Q1|P61073,E3|Q969Q1,E3,Q969Q1,P61073,TRIM63,CXCR4,250,1534,enzyme_substrate,0
E3|Q969Q1|Q7L8J4,E3|Q969Q1,E3,Q969Q1,Q7L8J4,TRIM63,SH3BP5L,250,1743,enzyme_substrate,0
E3|Q969Q1|P43005,E3|Q969Q1,E3,Q969Q1,P43005,TRIM63,SLC1A1,250,903,enzyme_substrate,0
E3|Q969U6|Q9NZ63,E3|Q969U6,E3,Q969U6,Q9NZ63,FBXW5,C9orf78,251,1716,enzyme_substrate,0
E3|Q969U6|P42336,E3|Q969U6,E3,Q969U6,P42336,FBXW5,PIK3CA,251,1933,enzyme_substrate,0
E3|Q969U6|P51795,E3|Q969U6,E3,Q969U6,P51795,FBXW5,CLCN5,251,1570,enzyme_substrate,0
E3|Q969U6|P23760,E3|Q969U6,E3,Q969U6,P23760,FBXW5,PAX3,251,1835,enzyme_substrate,0
E3|Q969U6|Q8IYD8,E3|Q969U6,E3,Q969U6,Q8IYD8,FBXW5,FANCM,251,1812,enzyme_substrate,0
E3|Q969V5|O75928,E3|Q969V5,E3,Q969V5,O75928,MUL1,PIAS2,252,35,enzyme_substrate,0
E3|Q969V5|Q6NUN9,E3|Q969V5,E3,Q969V5,Q6NUN9,MUL1,ZNF746,252,645,enzyme_substrate,0
E3|Q969V5|Q96A32,E3|Q969V5,E3,Q969V5,Q96A32,MUL1,MYLPF,252,1492,enzyme_substrate,0
E3|Q969V5|P20248,E3|Q969V5,E3,Q969V5,P20248,MUL1,CCNA2,252,1066,enzyme_substrate,0
E3|Q969V5|Q08AJ9,E3|Q969V5,E3,Q969V5,Q08AJ9,MUL1,HIST1H2AB,252,1311,enzyme_substrate,0
E3|Q969V5|Q8WTU0,E3|Q969V5,E3,Q969V5,Q8WTU0,MUL1,DDI1,252,1061,enzyme_substrate,0
E3|Q969V5|Q96RE7,E3|Q969V5,E3,Q969V5,Q96RE7,MUL1,NACC1,252,749,enzyme_substrate,0
E3|Q969V5|Q05086,E3|Q969V5,E3,Q969V5,Q05086,MUL1,UBE3A,252,95,enzyme_substrate,0
E3|Q96A61|P51451,E3|Q96A61,E3,Q96A61,P51451,TRIM52,BLK,253,1054,enzyme_substrate,0
E3|Q96A61|Q12913,E3|Q96A61,E3,Q96A61,Q12913,TRIM52,PTPRJ,253,1320,enzyme_substrate,0
E3|Q96A61|Q96BF3,E3|Q96A61,E3,Q96A61,Q96BF3,TRIM52,TMIGD2,253,921,enzyme_substrate,0
E3|Q96A61|P35613,E3|Q96A61,E3,Q96A61,P35613,TRIM52,BSG,253,1380,enzyme_substrate,0
E3|Q96AX9|P25116,E3|Q96AX9,E3,Q96AX9,P25116,MIB2,F2R,254,900,enzyme_substrate,0
E3|Q96AX9|Q9NTG7,E3|Q96AX9,E3,Q96AX9,Q9NTG7,MIB2,SIRT3,254,1141,enzyme_substrate,0
E3|Q96AX9|O75909,E3|Q96AX9,E3,Q96AX9,O75909,MIB2,CCNK,254,1172,enzyme_substrate,0
E3|Q96AX9|O75525,E3|Q96AX9,E3,Q96AX9,O75525,MIB2,KHDRBS3,254,1334,enzyme_substrate,0
E3|Q96AX9|Q15742,E3|Q96AX9,E3,Q96AX9,Q15742,MIB2,NAB2,254,667,enzyme_substrate,0
E3|Q96AX9|P60002,E3|Q96AX9,E3,Q96AX9,P60002,MIB2,ELOF1,254,1673,enzyme_substrate,0
E3|Q96AX9|O14763,E3|Q96AX9,E3,Q96AX9,O14763,MIB2,TNFRSF10B,254,1500,enzyme_substrate,0
E3|Q96AX9|P05412,E3|Q96AX9,E3,Q96AX9,P05412,MIB2,JUN,254,587,enzyme_substrate,0
E3|Q96AX9|Q01826,E3|Q96AX9,E3,Q96AX9,Q01826,MIB2,SATB1,254,1649,enzyme_substrate,0
E3|Q96AX9|P40305,E3|Q96AX9,E3,Q96AX9,P40305,MIB2,IFI27,254,1337,enzyme_substrate,0
E3|Q96CA5|P53805,E3|Q96CA5,E3,Q96CA5,P53805,BIRC7,RCAN1,256,1450,enzyme_substrate,0
E3|Q96CS3|O43541,E3|Q96CS3,E3,Q96CS3,O43541,FAF2,SMAD6,257,1624,enzyme_substrate,0
E3|Q96D59|P14859,E3|Q96D59,E3,Q96D59,P14859,RNF183,POU2F1,258,853,enzyme_substrate,0
E3|Q96D59|Q13547,E3|Q96D59,E3,Q96D59,Q13547,RNF183,HDAC1,258,1230,enzyme_substrate,0
E3|Q96D59|O95628,E3|Q96D59,E3,Q96D59,O95628,RNF183,CNOT4,258,48,enzyme_substrate,0
E3|Q96DX5|Q92793,E3|Q96DX5,E3,Q96DX5,Q92793,ASB9,CREBBP,259,1040,enzyme_substrate,0
E3|Q96DX5|P06733,E3|Q96DX5,E3,Q96DX5,P06733,ASB9,ENO1,259,1051,enzyme_substrate,0
E3|Q96DX5|Q9NWF9,E3|Q96DX5,E3,Q96DX5,Q9NWF9,ASB9,RNF216,259,346,enzyme_substrate,0
E3|Q96EP0|Q9UNK0,E3|Q96EP0,E3,Q96EP0,Q9UNK0,RNF31,STX8,260,1208,enzyme_substrate,0
E3|Q96EP0|Q01826,E3|Q96EP0,E3,Q96EP0,Q01826,RNF31,SATB1,260,1649,enzyme_substrate,0
E3|Q96EP0|P37173,E3|Q96EP0,E3,Q96EP0,P37173,RNF31,TGFBR2,260,1275,enzyme_substrate,0
E3|Q96EP0|Q9ULJ7,E3|Q96EP0,E3,Q96EP0,Q9ULJ7,RNF31,ANKRD50,260,1723,enzyme_substrate,0
E3|Q96EP0|P54098,E3|Q96EP0,E3,Q96EP0,P54098,RNF31,POLG,260,1785,enzyme_substrate,0
E3|Q96EP1|P21802,E3|Q96EP1,E3,Q96EP1,P21802,CHFR,FGFR2,261,811,enzyme_substrate,0
E3|Q96EP1|P10636,E3|Q96EP1,E3,Q96EP1,P10636,CHFR,MAPT,261,1298,enzyme_substrate,0
E3|Q96EP1|P16070,E3|Q96EP1,E3,Q96EP1,P16070,CHFR,CD44,261,1417,enzyme_substrate,0
E3|Q96EP1|P49327,E3|Q96EP1,E3,Q96EP1,P49327,CHFR,FASN,261,596,enzyme_substrate,0
E3|Q96EP1|P62324,E3|Q96EP1,E3,Q96EP1,P62324,CHFR,BTG1,261,1904,enzyme_substrate,0
E3|Q96EP1|Q8WY41,E3|Q96EP1,E3,Q96EP1,Q8WY41,CHFR,NANOS1,261,1887,enzyme_substrate,0
E3|Q96EP1|P12757,E3|Q96EP1,E3,Q96EP1,P12757,CHFR,SKIL,261,1252,enzyme_substrate,0
E3|Q96EP1|Q9P2A4,E3|Q96EP1,E3,Q96EP1,Q9P2A4,CHFR,ABI3,261,515,enzyme_substrate,0
E3|Q96EP1|O60784,E3|Q96EP1,E3,Q96EP1,O60784,CHFR,TOM1,261,27,enzyme_substrate,0
E3|Q96EP1|Q9UPN3,E3|Q96EP1,E3,Q96EP1,Q9UPN3,CHFR,MACF1,261,1828,enzyme_substrate,0
E3|Q96EP1|O00221,E3|Q96EP1,E3,Q96EP1,O00221,CHFR,NFKBIE,261,1107,enzyme_substrate,0
E3|Q96EQ8|Q9H5N1,E3|Q96EQ8,E3,Q96EQ8,Q9H5N1,RNF125,RABEP2,262,1711,enzyme_substrate,0
E3|Q96EQ8|O76064,E3|Q96EQ8,E3,Q96EQ8,O76064,RNF125,RNF8,262,37,enzyme_substrate,0
E3|Q96EQ8|Q6Q0C0,E3|Q96EQ8,E3,Q96EQ8,Q6Q0C0,RNF125,TRAF7,262,157,enzyme_substrate,0
E3|Q96EQ8|Q86Y01,E3|Q96EQ8,E3,Q96EQ8,Q86Y01,RNF125,DTX1,262,186,enzyme_substrate,0
E3|Q96EQ8|P15918,E3|Q96EQ8,E3,Q96EQ8,P15918,RNF125,RAG1,262,65,enzyme_substrate,0
E3|Q96EQ8|P42574,E3|Q96EQ8,E3,Q96EQ8,P42574,RNF125,CASP3,262,971,enzyme_substrate,0
E3|Q96EQ8|Q9H6E5,E3|Q96EQ8,E3,Q96EQ8,Q9H6E5,RNF125,TUT1,262,1352,enzyme_substrate,0
E3|Q96EQ8|Q9Y2N7,E3|Q96EQ8,E3,Q96EQ8,Q9Y2N7,RNF125,HIF3A,262,878,enzyme_substrate,0
E3|Q96EQ8|Q96BF6,E3|Q96EQ8,E3,Q96EQ8,Q96BF6,RNF125,NACC2,262,747,enzyme_substrate,0
E3|Q96EX2|Q53ET0,E3|Q96EX2,E3,Q96EX2,Q53ET0,RNFT2,CRTC2,263,1258,enzyme_substrate,0
E3|Q96EX2|P30307,E3|Q96EX2,E3,Q96EX2,P30307,RNFT2,CDC25C,263,855,enzyme_substrate,0
E3|Q96F44|P0C209,E3|Q96F44,E3,Q96F44,P0C209,TRIM11,gag,264,1626,enzyme_substrate,0
E3|Q96F44|P02647,E3|Q96F44,E3,Q96F44,P02647,TRIM11,APOA1,264,1614,enzyme_substrate,0
E3|Q96F44|Q2F514,E3|Q96F44,E3,Q96F44,Q2F514,TRIM11,X,264,780,enzyme_substrate,0
E3|Q96F44|Q9UNK0,E3|Q96F44,E3,Q96F44,Q9UNK0,TRIM11,STX8,264,1208,enzyme_substrate,0
E3|Q96FA3|Q9H992,E3|Q96FA3,E3,Q96FA3,Q9H992,PELI1,MARCHF7,265,326,enzyme_substrate,0
E3|Q96FA3|P00367,E3|Q96FA3,E3,Q96FA3,P00367,PELI1,GLUD1,265,1226,enzyme_substrate,0
E3|Q96FA3|P12277,E3|Q96FA3,E3,Q96FA3,P12277,PELI1,CKB,265,1502,enzyme_substrate,0
E3|Q96FA3|Q99062,E3|Q96FA3,E3,Q96FA3,Q99062,PELI1,CSF3R,265,1464,enzyme_substrate,0
E3|Q96FA3|Q86XT4,E3|Q96FA3,E3,Q96FA3,Q86XT4,PELI1,TRIM50,265,185,enzyme_substrate,0
E3|Q96FA3|P01130,E3|Q96FA3,E3,Q96FA3,P01130,PELI1,LDLR,265,1433,enzyme_substrate,0
E3|Q96FA3|P49675,E3|Q96FA3,E3,Q96FA3,P49675,PELI1,STAR,265,1339,enzyme_substrate,0
E3|Q96FA3|P03427,E3|Q96FA3,E3,Q96FA3,P03427,PELI1,PB2,265,1218,enzyme_substrate,0
E3|Q96GF1|Q9NRM7,E3|Q96GF1,E3,Q96GF1,Q9NRM7,RNF185,LATS2,266,572,enzyme_substrate,0
E3|Q96GF1|P26927,E3|Q96GF1,E3,Q96GF1,P26927,RNF185,MST1,266,1931,enzyme_substrate,0
E3|Q96GF1|Q96J92,E3|Q96GF1,E3,Q96GF1,Q96J92,RNF185,WNK4,266,723,enzyme_substrate,0
E3|Q96GF1|Q8WUM4,E3|Q96GF1,E3,Q96GF1,Q8WUM4,RNF185,PDCD6IP,266,918,enzyme_substrate,0
E3|Q96GF1|Q16665,E3|Q96GF1,E3,Q96GF1,Q16665,RNF185,HIF1A,266,563,enzyme_substrate,0
E3|Q96J02|O95388,E3|Q96J02,E3,Q96J02,O95388,ITCH,CCN4,267,1289,enzyme_substrate,0
E3|Q96J02|Q92918,E3|Q96J02,E3,Q96J02,Q92918,ITCH,MAP4K1,267,1363,enzyme_substrate,0
E3|Q96J02|Q13233,E3|Q96J02,E3,Q96J02,Q13233,ITCH,MAP3K1,267,108,enzyme_substrate,0
E3|Q96J02|P31937,E3|Q96J02,E3,Q96J02,P31937,ITCH,HIBADH,267,1489,enzyme_substrate,0
E3|Q96J02|Q8N519,E3|Q96J02,E3,Q96J02,Q8N519,ITCH,,267,1697,enzyme_substrate,0
E3|Q96J02|Q30134,E3|Q96J02,E3,Q96J02,Q30134,ITCH,HLA-DRB1,267,1199,enzyme_substrate,0
E3|Q96J02|P55036,E3|Q96J02,E3,Q96J02,P55036,ITCH,PSMD4,267,559,enzyme_substrate,0
E3|Q96J02|P03129,E3|Q96J02,E3,Q96J02,P03129,ITCH,E7,267,1111,enzyme_substrate,0
E3|Q96J02|P54098,E3|Q96J02,E3,Q96J02,P54098,ITCH,POLG,267,1785,enzyme_substrate,0
E3|Q96J02|A9UEZ6,E3|Q96J02,E3,Q96J02,A9UEZ6,ITCH,BCR/ABL fusion,267,1106,enzyme_substrate,0
E3|Q96J02|O00233,E3|Q96J02,E3,Q96J02,O00233,ITCH,PSMD9,267,1108,enzyme_substrate,0
E3|Q96J02|P19429,E3|Q96J02,E3,Q96J02,P19429,ITCH,TNNI3,267,1477,enzyme_substrate,0
E3|Q96J02|Q92734,E3|Q96J02,E3,Q96J02,Q92734,ITCH,TFG,267,919,enzyme_substrate,0
E3|Q96JP5|O60294,E3|Q96JP5,E3,Q96JP5,O60294,ZFP91,LCMT2,268,1259,enzyme_substrate,0
E3|Q96JP5|O60858,E3|Q96JP5,E3,Q96JP5,O60858,ZFP91,TRIM13,268,28,enzyme_substrate,0
E3|Q96K19|O14618,E3|Q96K19,E3,Q96K19,O14618,RNF170,CCS,270,964,enzyme_substrate,0
E3|Q96K19|Q92769,E3|Q96K19,E3,Q96K19,Q92769,RNF170,HDAC2,270,1283,enzyme_substrate,0
E3|Q96LD4|O60762,E3|Q96LD4,E3,Q96LD4,O60762,TRIM47,DPM1,271,1856,enzyme_substrate,0
E3|Q96LD4|P26951,E3|Q96LD4,E3,Q96LD4,P26951,TRIM47,IL3RA,271,1513,enzyme_substrate,0
E3|Q96M94|O60486,E3|Q96M94,E3,Q96M94,O60486,KLHL15,PLXNC1,273,1312,enzyme_substrate,0
E3|Q96M94|P84077,E3|Q96M94,E3,Q96M94,P84077,KLHL15,ARF1,273,1382,enzyme_substrate,0
E3|Q96M94|Q9UJA2,E3|Q96M94,E3,Q96M94,Q9UJA2,KLHL15,CRLS1,273,1373,enzyme_substrate,0
E3|Q96ME1|O43175,E3|Q96ME1,E3,Q96ME1,O43175,FBXL18,PHGDH,274,619,enzyme_substrate,0
E3|Q96ME1|Q9Y5X1,E3|Q96ME1,E3,Q96ME1,Q9Y5X1,FBXL18,SNX9,274,1551,enzyme_substrate,0
E3|Q96MT1|Q9NS23,E3|Q96MT1,E3,Q96MT1,Q9NS23,RNF145,RASSF1,275,1073,enzyme_substrate,0
E3|Q96PM5|A9UEZ6,E3|Q96PM5,E3,Q96PM5,A9UEZ6,RCHY1,BCR/ABL fusion,276,1106,enzyme_substrate,0
E3|Q96PM5|P01023,E3|Q96PM5,E3,Q96PM5,P01023,RCHY1,A2M,276,1184,enzyme_substrate,0
E3|Q96PM5|Q9UM73,E3|Q96PM5,E3,Q96PM5,Q9UM73,RCHY1,ALK,276,836,enzyme_substrate,0
E3|Q96PM5|Q02779,E3|Q96PM5,E3,Q96PM5,Q02779,RCHY1,MAP3K10,276,1680,enzyme_substrate,0
E3|Q96PU4|P04035,E3|Q96PU4,E3,Q96PU4,P04035,UHRF2,HMGCR,277,1296,enzyme_substrate,0
E3|Q96PU4|O60573,E3|Q96PU4,E3,Q96PU4,O60573,UHRF2,EIF4E2,277,1943,enzyme_substrate,0
E3|Q96PU4|Q96J92,E3|Q96PU4,E3,Q96PU4,Q96J92,UHRF2,WNK4,277,723,enzyme_substrate,0
E3|Q96PU4|Q9UKL4,E3|Q96PU4,E3,Q96PU4,Q9UKL4,UHRF2,GJD2,277,1365,enzyme_substrate,0
E3|Q96PU4|Q9Y2K6,E3|Q96PU4,E3,Q96PU4,Q9Y2K6,UHRF2,USP20,277,491,enzyme_substrate,0
E3|Q96PU5|O00482,E3|Q96PU5,E3,Q96PU5,O00482,NEDD4L,NR5A2,278,1171,enzyme_substrate,0
E3|Q96PU5|Q96A32,E3|Q96PU5,E3,Q96PU5,Q96A32,NEDD4L,MYLPF,278,1492,enzyme_substrate,0
E3|Q96PU5|P31994,E3|Q96PU5,E3,Q96PU5,P31994,NEDD4L,FCGR2B,278,1319,enzyme_substrate,0
E3|Q96PU5|Q86TM6,E3|Q96PU5,E3,Q96PU5,Q86TM6,NEDD4L,SYVN1,278,178,enzyme_substrate,0
E3|Q96PU5|Q12981,E3|Q96PU5,E3,Q96PU5,Q12981,NEDD4L,BNIP1,278,1521,enzyme_substrate,0
E3|Q96PU5|P23919,E3|Q96PU5,E3,Q96PU5,P23919,NEDD4L,DTYMK,278,1836,enzyme_substrate,0
E3|Q96PU5|P02765,E3|Q96PU5,E3,Q96PU5,P02765,NEDD4L,AHSG,278,1442,enzyme_substrate,0
E3|Q96PU5|Q13564,E3|Q96PU5,E3,Q96PU5,Q13564,NEDD4L,NAE1,278,1164,enzyme_substrate,0
E3|Q96PU5|Q96GM5,E3|Q96PU5,E3,Q96PU5,Q96GM5,NEDD4L,SMARCD1,278,1510,enzyme_substrate,0
E3|Q96PU5|Q9Y5A6,E3|Q96PU5,E3,Q96PU5,Q9Y5A6,NEDD4L,ZSCAN21,278,1428,enzyme_substrate,0
E3|Q96PU5|Q04912,E3|Q96PU5,E3,Q96PU5,Q04912,NEDD4L,MST1R,278,830,enzyme_substrate,0
E3|Q96PU5|P07333,E3|Q96PU5,E3,Q96PU5,P07333,NEDD4L,CSF1R,278,796,enzyme_substrate,0
E3|Q96PU5|Q9Y3Z3,E3|Q96PU5,E3,Q96PU5,Q9Y3Z3,NEDD4L,SAMHD1,278,1929,enzyme_substrate,0
E3|Q96PU5|P23025,E3|Q96PU5,E3,Q96PU5,P23025,NEDD4L,XPA,278,731,enzyme_substrate,0
E3|Q96PU5|Q8WW12,E3|Q96PU5,E3,Q96PU5,Q8WW12,NEDD4L,PCNP,278,1561,enzyme_substrate,0
E3|Q96PU5|Q9NP71,E3|Q96PU5,E3,Q96PU5,Q9NP71,NEDD4L,MLXIPL,278,1655,enzyme_substrate,0
E3|Q96PU5|P04179,E3|Q96PU5,E3,Q96PU5,P04179,NEDD4L,SOD2,278,527,enzyme_substrate,0
E3|Q96PU5|P16070,E3|Q96PU5,E3,Q96PU5,P16070,NEDD4L,CD44,278,1417,enzyme_substrate,0
E3|Q96PU5|Q5VTR2,E3|Q96PU5,E3,Q96PU5,Q5VTR2,NEDD4L,RNF20,278,140,enzyme_substrate,0
E3|Q96PU5|Q08117,E3|Q96PU5,E3,Q96PU5,Q08117,NEDD4L,TLE5,278,980,enzyme_substrate,0
E3|Q96PU5|Q9UQK1,E3|Q96PU5,E3,Q96PU5,Q9UQK1,NEDD4L,PPP1R3C,278,1247,enzyme_substrate,0
E3|Q96PU5|P04439,E3|Q96PU5,E3,Q96PU5,P04439,NEDD4L,HLA-A,278,963,enzyme_substrate,0
E3|Q96PU5|Q7L7L0,E3|Q96PU5,E3,Q96PU5,Q7L7L0,NEDD4L,H2AW,278,843,enzyme_substrate,0
E3|Q96PU5|P35548,E3|Q96PU5,E3,Q96PU5,P35548,NEDD4L,MSX2,278,1821,enzyme_substrate,0
E3|Q96PU5|Q9NQR1,E3|Q96PU5,E3,Q96PU5,Q9NQR1,NEDD4L,KMT5A,278,700,enzyme_substrate,0
E3|Q96PU5|Q8WVD3,E3|Q96PU5,E3,Q96PU5,Q8WVD3,NEDD4L,RNF138,278,236,enzyme_substrate,0
E3|Q96PU5|P32314,E3|Q96PU5,E3,Q96PU5,P32314,NEDD4L,FOXN2,278,1902,enzyme_substrate,0
E3|Q96PU5|P30307,E3|Q96PU5,E3,Q96PU5,P30307,NEDD4L,CDC25C,278,855,enzyme_substrate,0
E3|Q96PU5|P16401,E3|Q96PU5,E3,Q96PU5,P16401,NEDD4L,H1-5,278,1272,enzyme_substrate,0
E3|Q96PU5|P19634,E3|Q96PU5,E3,Q96PU5,P19634,NEDD4L,SLC9A1,278,898,enzyme_substrate,0
E3|Q96PU5|P49116,E3|Q96PU5,E3,Q96PU5,P49116,NEDD4L,NR2C2,278,1934,enzyme_substrate,0
E3|Q96PU5|P0DP91,E3|Q96PU5,E3,Q96PU5,P0DP91,NEDD4L,ERCC6,278,851,enzyme_substrate,0
E3|Q96PU5|Q9Y6D0,E3|Q96PU5,E3,Q96PU5,Q9Y6D0,NEDD4L,SELENOK,278,848,enzyme_substrate,0
E3|Q96PU5|Q16875,E3|Q96PU5,E3,Q96PU5,Q16875,NEDD4L,PFKFB3,278,1845,enzyme_substrate,0
E3|Q96PU5|Q9UBZ9,E3|Q96PU5,E3,Q96PU5,Q9UBZ9,NEDD4L,REV1,278,1074,enzyme_substrate,0
E3|Q96PU5|P21359,E3|Q96PU5,E3,Q96PU5,P21359,NEDD4L,NF1,278,761,enzyme_substrate,0
E3|Q96PU5|Q96EP1,E3|Q96PU5,E3,Q96PU5,Q96EP1,NEDD4L,CHFR,278,261,enzyme_substrate,0
E3|Q96PU5|P06127,E3|Q96PU5,E3,Q96PU5,P06127,NEDD4L,CD5,278,793,enzyme_substrate,0
E3|Q96PU5|Q9Y5M8,E3|Q96PU5,E3,Q96PU5,Q9Y5M8,NEDD4L,SRPRB,278,1560,enzyme_substrate,0
E3|Q96PU5|Q15672,E3|Q96PU5,E3,Q96PU5,Q15672,NEDD4L,TWIST1,278,759,enzyme_substrate,0
E3|Q96PU5|P0C0S5,E3|Q96PU5,E3,Q96PU5,P0C0S5,NEDD4L,H2AZ1,278,578,enzyme_substrate,0
E3|Q96PU5|O95502,E3|Q96PU5,E3,Q96PU5,O95502,NEDD4L,NPTXR,278,721,enzyme_substrate,0
E3|Q96PU5|Q9UKL4,E3|Q96PU5,E3,Q96PU5,Q9UKL4,NEDD4L,GJD2,278,1365,enzyme_substrate,0
E3|Q96PU5|Q9P0M6,E3|Q96PU5,E3,Q96PU5,Q9P0M6,NEDD4L,MACROH2A2,278,1357,enzyme_substrate,0
E3|Q96PU5|Q15726,E3|Q96PU5,E3,Q96PU5,Q15726,NEDD4L,KISS1,278,1688,enzyme_substrate,0
E3|Q96PU5|Q96FA3,E3|Q96PU5,E3,Q96PU5,Q96FA3,NEDD4L,PELI1,278,265,enzyme_substrate,0
E3|Q96PU5|Q08050,E3|Q96PU5,E3,Q96PU5,Q08050,NEDD4L,FOXM1,278,1817,enzyme_substrate,0
E3|Q96PU5|P22304,E3|Q96PU5,E3,Q96PU5,P22304,NEDD4L,IDS,278,1299,enzyme_substrate,0
E3|Q96PU5|O14867,E3|Q96PU5,E3,Q96PU5,O14867,NEDD4L,BACH1,278,1376,enzyme_substrate,0
E3|Q96PU5|Q8N519,E3|Q96PU5,E3,Q96PU5,Q8N519,NEDD4L,,278,1697,enzyme_substrate,0
E3|Q96PU5|P49675,E3|Q96PU5,E3,Q96PU5,P49675,NEDD4L,STAR,278,1339,enzyme_substrate,0
E3|Q96PU5|Q9Y253,E3|Q96PU5,E3,Q96PU5,Q9Y253,NEDD4L,POLH,278,1559,enzyme_substrate,0
E3|Q96PU5|Q9NQB0,E3|Q96PU5,E3,Q96PU5,Q9NQB0,NEDD4L,TCF7L2,278,1429,enzyme_substrate,0
E3|Q96PU5|O75525,E3|Q96PU5,E3,Q96PU5,O75525,NEDD4L,KHDRBS3,278,1334,enzyme_substrate,0
E3|Q96PU5|P55211,E3|Q96PU5,E3,Q96PU5,P55211,NEDD4L,CASP9,278,974,enzyme_substrate,0
E3|Q96PU5|Q70CQ3,E3|Q96PU5,E3,Q96PU5,Q70CQ3,NEDD4L,USP30,278,452,enzyme_substrate,0
E3|Q96PU5|Q9P055,E3|Q96PU5,E3,Q96PU5,Q9P055,NEDD4L,JKAMP,278,1605,enzyme_substrate,0
E3|Q96PU5|Q5MJ70,E3|Q96PU5,E3,Q96PU5,Q5MJ70,NEDD4L,SPDYA,278,916,enzyme_substrate,0
E3|Q96Q27|P13761,E3|Q96Q27,E3,Q96Q27,P13761,ASB2,HLA-DRB1,279,1194,enzyme_substrate,0
E3|Q96Q27|O00763,E3|Q96Q27,E3,Q96Q27,O00763,ASB2,ACACB,279,1256,enzyme_substrate,0
E3|Q96RU7|Q9NWF9,E3|Q96RU7,E3,Q96RU7,Q9NWF9,TRIB3,RNF216,280,346,enzyme_substrate,0
E3|Q96S21|Q99878,E3|Q96S21,E3,Q96S21,Q99878,RAB40C,H2AC14,281,845,enzyme_substrate,0
E3|Q96SW2|P11686,E3|Q96SW2,E3,Q96SW2,P11686,CRBN,SFTPC,282,1565,enzyme_substrate,0
E3|Q96T88|O00628,E3|Q96T88,E3,Q96T88,O00628,UHRF1,PEX7,283,1737,enzyme_substrate,0
E3|Q96T88|P18065,E3|Q96T88,E3,Q96T88,P18065,UHRF1,IGFBP2,283,1361,enzyme_substrate,0
E3|Q96T88|Q8N6T3,E3|Q96T88,E3,Q96T88,Q8N6T3,UHRF1,ARFGAP1,283,1165,enzyme_substrate,0
E3|Q96T88|P29317,E3|Q96T88,E3,Q96T88,P29317,UHRF1,EPHA2,283,815,enzyme_substrate,0
E3|Q99496|P05777,E3|Q99496,E3,Q99496,P05777,RNF2,M,284,1529,enzyme_substrate,0
E3|Q99496|Q9BSA4,E3|Q99496,E3,Q99496,Q9BSA4,RNF2,TTYH2,284,926,enzyme_substrate,0
E3|Q99496|Q9BV40,E3|Q99496,E3,Q99496,Q9BV40,RNF2,VAMP8,284,1325,enzyme_substrate,0
E3|Q99496|Q99062,E3|Q99496,E3,Q99496,Q99062,RNF2,CSF3R,284,1464,enzyme_substrate,0
E3|Q99496|P08034,E3|Q99496,E3,Q99496,P08034,RNF2,GJB1,284,1824,enzyme_substrate,0
E3|Q99618|P13761,E3|Q99618,E3,Q99618,P13761,CDCA3,HLA-DRB1,285,1194,enzyme_substrate,0
E3|Q99619|Q14558,E3|Q99619,E3,Q99619,Q14558,SPSB2,PRPSAP1,286,1368,enzyme_substrate,0
E3|Q99619|O94953,E3|Q99619,E3,Q99619,O94953,SPSB2,KDM4B,286,1378,enzyme_substrate,0
E3|Q99619|Q9GIY3,E3|Q99619,E3,Q99619,Q9GIY3,SPSB2,HLA-DRB1,286,1204,enzyme_substrate,0
E3|Q99619|P48436,E3|Q99619,E3,Q99619,P48436,SPSB2,SOX9,286,1155,enzyme_substrate,0
E3|Q99675|C9JYI4,E3|Q99675,E3,Q99675,C9JYI4,CGRRF1,KPNA1,287,769,enzyme_substrate,0
E3|Q99728|P31785,E3|Q99728,E3,Q99728,P31785,BARD1,IL2RG,288,817,enzyme_substrate,0
E3|Q99728|Q9H5V8,E3|Q99728,E3,Q99728,Q9H5V8,BARD1,CDCP1,288,1358,enzyme_substrate,0
E3|Q99942|Q8IYW5,E3|Q99942,E3,Q99942,Q8IYW5,RNF5,RNF168,289,199,enzyme_substrate,0
E3|Q99942|Q8IUE6,E3|Q99942,E3,Q99942,Q8IUE6,RNF5,H2AC21,289,697,enzyme_substrate,0
E3|Q99942|Q04725,E3|Q99942,E3,Q99942,Q04725,RNF5,TLE2,289,977,enzyme_substrate,0
E3|Q9BR09|Q92466,E3|Q9BR09,E3,Q9BR09,Q92466,NEURL2,DDB2,290,244,enzyme_substrate,0
E3|Q9BR09|Q96NT3,E3|Q9BR09,E3,Q9BR09,Q96NT3,NEURL2,GUCD1,290,924,enzyme_substrate,0
E3|Q9BRZ2|P60002,E3|Q9BRZ2,E3,Q9BRZ2,P60002,TRIM56,ELOF1,291,1673,enzyme_substrate,0
E3|Q9BRZ2|P26358,E3|Q9BRZ2,E3,Q9BRZ2,P26358,TRIM56,DNMT1,291,1593,enzyme_substrate,0
E3|Q9BSM1|Q8IZG5,E3|Q9BSM1,E3,Q9BSM1,Q8IZG5,PCGF1,SS18,292,1282,enzyme_substrate,0
E3|Q9BUZ4|P02751,E3|Q9BUZ4,E3,Q9BUZ4,P02751,TRAF4,FN1,293,866,enzyme_substrate,0
E3|Q9BV68|O95502,E3|Q9BV68,E3,Q9BV68,O95502,RNF126,NPTXR,294,721,enzyme_substrate,0
E3|Q9BV68|P11274,E3|Q9BV68,E3,Q9BV68,P11274,RNF126,BCR,294,804,enzyme_substrate,0
E3|Q9BV68|P55017,E3|Q9BV68,E3,Q9BV68,P55017,RNF126,SLC12A3,294,1874,enzyme_substrate,0
E3|Q9BVG3|P0DP91,E3|Q9BVG3,E3,Q9BVG3,P0DP91,TRIM62,ERCC6,295,851,enzyme_substrate,0
E3|Q9BVG3|Q9Y2Y9,E3|Q9BVG3,E3,Q9BVG3,Q9Y2Y9,TRIM62,KLF13,295,1473,enzyme_substrate,0
E3|Q9BXM7|O00308,E3|Q9BXM7,E3,Q9BXM7,O00308,PINK1,WWP2,297,4,enzyme_substrate,0
E3|Q9BY78|P01106,E3|Q9BY78,E3,Q9BY78,P01106,RNF26,MYC,298,709,enzyme_substrate,0
E3|Q9BY78|P30291,E3|Q9BY78,E3,Q9BY78,P30291,RNF26,WEE1,298,1596,enzyme_substrate,0
E3|Q9BY78|Q99848,E3|Q9BY78,E3,Q9BY78,Q99848,RNF26,EBNA1BP2,298,1465,enzyme_substrate,0
E3|Q9BY78|Q9BVN2,E3|Q9BY78,E3,Q9BY78,Q9BVN2,RNF26,RUSC1,298,1942,enzyme_substrate,0
E3|Q9BY78|Q9NWT6,E3|Q9BY78,E3,Q9BY78,Q9NWT6,RNF26,HIF1AN,298,877,enzyme_substrate,0
E3|Q9BY78|Q9UJU2,E3|Q9BY78,E3,Q9BY78,Q9UJU2,RNF26,LEF1,298,1430,enzyme_substrate,0
E3|Q9BY78|Q15653,E3|Q9BY78,E3,Q9BY78,Q15653,RNF26,NFKBIB,298,726,enzyme_substrate,0
E3|Q9BYM8|Q15797,E3|Q9BYM8,E3,Q9BYM8,Q15797,RBCK1,SMAD1,299,1652,enzyme_substrate,0
E3|Q9BYM8|O43353,E3|Q9BYM8,E3,Q9BYM8,O43353,RBCK1,RIPK2,299,967,enzyme_substrate,0
E3|Q9BYM8|Q13490,E3|Q9BYM8,E3,Q9BYM8,Q13490,RBCK1,BIRC2,299,113,enzyme_substrate,0
E3|Q9BYM8|Q99426,E3|Q9BYM8,E3,Q9BYM8,Q99426,RBCK1,TBCB,299,1636,enzyme_substrate,0
E3|Q9BYM8|Q13535,E3|Q9BYM8,E3,Q9BYM8,Q13535,RBCK1,ATR,299,1478,enzyme_substrate,0
E3|Q9BYM8|O95863,E3|Q9BYM8,E3,Q9BYM8,O95863,RBCK1,SNAI1,299,758,enzyme_substrate,0
E3|Q9BYM8|P20393,E3|Q9BYM8,E3,Q9BYM8,P20393,RBCK1,NR1D1,299,1273,enzyme_substrate,0
E3|Q9BYM8|O15399,E3|Q9BYM8,E3,Q9BYM8,O15399,RBCK1,GRIN2D,299,883,enzyme_substrate,0
E3|Q9BYM8|Q16623,E3|Q9BYM8,E3,Q9BYM8,Q16623,RBCK1,STX1A,299,675,enzyme_substrate,0
E3|Q9BYM8|P21589,E3|Q9BYM8,E3,Q9BYM8,P21589,RBCK1,NT5E,299,1392,enzyme_substrate,0
E3|Q9BYM8|P10911,E3|Q9BYM8,E3,Q9BYM8,P10911,RBCK1,MCF2,299,1862,enzyme_substrate,0
E3|Q9BYM8|Q14643,E3|Q9BYM8,E3,Q9BYM8,Q14643,RBCK1,ITPR1,299,1553,enzyme_substrate,0
E3|Q9BYM8|Q13131,E3|Q9BYM8,E3,Q9BYM8,Q13131,RBCK1,PRKAA1,299,1105,enzyme_substrate,0
E3|Q9BYM8|P42229,E3|Q9BYM8,E3,Q9BYM8,P42229,RBCK1,STAT5A,299,820,enzyme_substrate,0
E3|Q9BYM8|O75928,E3|Q9BYM8,E3,Q9BYM8,O75928,RBCK1,PIAS2,299,35,enzyme_substrate,0
E3|Q9BYM8|P42566,E3|Q9BYM8,E3,Q9BYM8,P42566,RBCK1,EPS15,299,631,enzyme_substrate,0
E3|Q9BYM8|P37275,E3|Q9BYM8,E3,Q9BYM8,P37275,RBCK1,ZEB1,299,555,enzyme_substrate,0
E3|Q9BYM8|O14980,E3|Q9BYM8,E3,Q9BYM8,O14980,RBCK1,XPO1,299,882,enzyme_substrate,0
E3|Q9BYM8|P52564,E3|Q9BYM8,E3,Q9BYM8,P52564,RBCK1,MAP2K6,299,1224,enzyme_substrate,0
E3|Q9BYM8|Q8N488,E3|Q9BYM8,E3,Q9BYM8,Q8N488,RBCK1,RYBP,299,1595,enzyme_substrate,0
E3|Q9BYM8|Q86UW9,E3|Q9BYM8,E3,Q9BYM8,Q86UW9,RBCK1,DTX2,299,179,enzyme_substrate,0
E3|Q9BZR9|P10912,E3|Q9BZR9,E3,Q9BZR9,P10912,TRIM8,GHR,300,519,enzyme_substrate,0
E3|Q9BZR9|P08393,E3|Q9BZR9,E3,Q9BZR9,P08393,TRIM8,ICP0,300,56,enzyme_substrate,0
E3|Q9BZY9|Q99814,E3|Q9BZY9,E3,Q9BZY9,Q99814,TRIM31,EPAS1,301,875,enzyme_substrate,0
E3|Q9BZY9|P61371,E3|Q9BZY9,E3,Q9BZY9,P61371,TRIM31,ISL1,301,1413,enzyme_substrate,0
E3|Q9C019|O00584,E3|Q9C019,E3,Q9C019,O00584,TRIM15,RNASET2,302,1733,enzyme_substrate,0
E3|Q9C026|P01730,E3|Q9C026,E3,Q9C026,P01730,TRIM9,CD4,303,498,enzyme_substrate,0
E3|Q9C026|Q9Y657,E3|Q9C026,E3,Q9C026,Q9Y657,TRIM9,SPIN1,303,1356,enzyme_substrate,0
E3|Q9C029|P04234,E3|Q9C029,E3,Q9C029,P04234,TRIM7,CD3D,304,669,enzyme_substrate,0
E3|Q9C029|P01912,E3|Q9C029,E3,Q9C029,P01912,TRIM7,HLA-DRB1,304,1187,enzyme_substrate,0
E3|Q9C037|Q7Z434,E3|Q9C037,E3,Q9C037,Q7Z434,TRIM4,MAVS,307,1161,enzyme_substrate,0
E3|Q9C040|Q16777,E3|Q9C040,E3,Q9C040,Q16777,TRIM2,H2AC20,308,696,enzyme_substrate,0
E3|Q9C040|P06213,E3|Q9C040,E3,Q9C040,P06213,TRIM2,INSR,308,1859,enzyme_substrate,0
E3|Q9C040|Q15059,E3|Q9C040,E3,Q9C040,Q15059,TRIM2,BRD3,308,602,enzyme_substrate,0
E3|Q9C0C7|Q14324,E3|Q9C0C7,E3,Q9C0C7,Q14324,AMBRA1,MYBPC2,309,1491,enzyme_substrate,0
E3|Q9C0C9|P21796,E3|Q9C0C9,E3,Q9C0C9,P21796,UBE2O,VDAC1,310,629,enzyme_substrate,0
E3|Q9H0A0|Q9P219,E3|Q9H0A0,E3,Q9H0A0,Q9P219,NAT10,CCDC88C,312,1518,enzyme_substrate,0
E3|Q9H0A0|Q5T5C0,E3|Q9H0A0,E3,Q9H0A0,Q5T5C0,NAT10,STXBP5,312,1302,enzyme_substrate,0
E3|Q9H0F5|Q9C0E8,E3|Q9H0F5,E3,Q9H0F5,Q9C0E8,RNF38,LNPK,313,1178,enzyme_substrate,0
E3|Q9H0F5|P08247,E3|Q9H0F5,E3,Q9H0F5,P08247,RNF38,SYP,313,553,enzyme_substrate,0
E3|Q9H0F6|P21589,E3|Q9H0F6,E3,Q9H0F6,P21589,SHARPIN,NT5E,314,1392,enzyme_substrate,0
E3|Q9H0H3|P26038,E3|Q9H0H3,E3,Q9H0H3,P26038,KLHL25,MSN,315,1668,enzyme_substrate,0
E3|Q9H0H3|P30307,E3|Q9H0H3,E3,Q9H0H3,P30307,KLHL25,CDC25C,315,855,enzyme_substrate,0
E3|Q9H0M0|P26927,E3|Q9H0M0,E3,Q9H0M0,P26927,WWP1,MST1,316,1931,enzyme_substrate,0
E3|Q9H0M0|P08678,E3|Q9H0M0,E3,Q9H0M0,P08678,WWP1,CYR1,316,1820,enzyme_substrate,0
E3|Q9H0M0|Q9UQK1,E3|Q9H0M0,E3,Q9H0M0,Q9UQK1,WWP1,PPP1R3C,316,1247,enzyme_substrate,0
E3|Q9H0M0|Q99648,E3|Q9H0M0,E3,Q9H0M0,Q99648,WWP1,CDCrel-1,316,653,enzyme_substrate,0
E3|Q9H0M0|O76013,E3|Q9H0M0,E3,Q9H0M0,O76013,WWP1,KRT36,316,1660,enzyme_substrate,0
E3|Q9H0X6|P38398,E3|Q9H0X6,E3,Q9H0X6,P38398,RNF208,BRCA1,317,76,enzyme_substrate,0
E3|Q9H0X6|P01911,E3|Q9H0X6,E3,Q9H0X6,P01911,RNF208,HLA-DRB1,317,1186,enzyme_substrate,0
E3|Q9H2C0|P46695,E3|Q9H2C0,E3,Q9H2C0,P46695,GAN,IER3,318,1018,enzyme_substrate,0
E3|Q9H2C0|Q9HCS4,E3|Q9H2C0,E3,Q9H2C0,Q9HCS4,GAN,TCF7L1,318,1140,enzyme_substrate,0
E3|Q9H2C0|P10523,E3|Q9H2C0,E3,Q9H2C0,P10523,GAN,SAG,318,61,enzyme_substrate,0
E3|Q9H2C0|O75581,E3|Q9H2C0,E3,Q9H2C0,O75581,GAN,LRP6,318,1528,enzyme_substrate,0
E3|Q9H2S5|Q6MZQ0,E3|Q9H2S5,E3,Q9H2S5,Q6MZQ0,RNF39,PRR5L,319,1438,enzyme_substrate,0
E3|Q9H2S5|P35555,E3|Q9H2S5,E3,Q9H2S5,P35555,RNF39,FBN1,319,1793,enzyme_substrate,0
E3|Q9H3F6|Q8WUM4,E3|Q9H3F6,E3,Q9H3F6,Q8WUM4,KCTD10,PDCD6IP,320,918,enzyme_substrate,0
E3|Q9H3F6|Q8N0X7,E3|Q9H3F6,E3,Q9H3F6,Q8N0X7,KCTD10,SPART,320,1629,enzyme_substrate,0
E3|Q9H3F6|Q99963,E3|Q9H3F6,E3,Q9H3F6,Q99963,KCTD10,SH3GL3,320,657,enzyme_substrate,0
E3|Q9H469|Q02535,E3|Q9H469,E3,Q9H469,Q02535,FBXL15,ID3,321,1650,enzyme_substrate,0
E3|Q9H469|Q8NEG5,E3|Q9H469,E3,Q9H469,Q8NEG5,FBXL15,ZSWIM2,321,214,enzyme_substrate,0
E3|Q9H469|Q96BF3,E3|Q9H469,E3,Q9H469,Q96BF3,FBXL15,TMIGD2,321,921,enzyme_substrate,0
E3|Q9H4M3|P32314,E3|Q9H4M3,E3,Q9H4M3,P32314,FBXO44,FOXN2,322,1902,enzyme_substrate,0
E3|Q9H4M3|P35609,E3|Q9H4M3,E3,Q9H4M3,P35609,FBXO44,ACTN2,322,1231,enzyme_substrate,0
E3|Q9H4M3|Q05513,E3|Q9H4M3,E3,Q9H4M3,Q05513,FBXO44,PRKCZ,322,1088,enzyme_substrate,0
E3|Q9H4M3|Q99814,E3|Q9H4M3,E3,Q9H4M3,Q99814,FBXO44,EPAS1,322,875,enzyme_substrate,0
E3|Q9H4P4|Q9H1I8,E3|Q9H4P4,E3,Q9H4P4,Q9H1I8,RNF41,ASCC2,323,1467,enzyme_substrate,0
E3|Q9H4P4|Q29974,E3|Q9H4P4,E3,Q9H4P4,Q29974,RNF41,HLA-DRB1,323,1198,enzyme_substrate,0
E3|Q9H4P4|Q9BUZ4,E3|Q9H4P4,E3,Q9H4P4,Q9BUZ4,RNF41,TRAF4,323,293,enzyme_substrate,0
E3|Q9H4P4|O75444,E3|Q9H4P4,E3,Q9H4P4,O75444,RNF41,MAF,323,887,enzyme_substrate,0
E3|Q9H4P4|O95947,E3|Q9H4P4,E3,Q9H4P4,O95947,RNF41,TBX6,323,1662,enzyme_substrate,0
E3|Q9H4P4|Q13148,E3|Q9H4P4,E3,Q9H4P4,Q13148,RNF41,TARDBP,323,639,enzyme_substrate,0
E3|Q9H4P4|Q9NZJ0,E3|Q9H4P4,E3,Q9H4P4,Q9NZJ0,RNF41,DTL,323,354,enzyme_substrate,0
E3|Q9H4P4|O15431,E3|Q9H4P4,E3,Q9H4P4,O15431,RNF41,SLC31A1,323,884,enzyme_substrate,0
E3|Q9H4P4|O15105,E3|Q9H4P4,E3,Q9H4P4,O15105,RNF41,SMAD7,323,504,enzyme_substrate,0
E3|Q9H4P4|P37275,E3|Q9H4P4,E3,Q9H4P4,P37275,RNF41,ZEB1,323,555,enzyme_substrate,0
E3|Q9H4P4|O14763,E3|Q9H4P4,E3,Q9H4P4,O14763,RNF41,TNFRSF10B,323,1500,enzyme_substrate,0
E3|Q9H4P4|Q9BYP7,E3|Q9H4P4,E3,Q9H4P4,Q9BYP7,RNF41,WNK3,323,724,enzyme_substrate,0
E3|Q9H4P4|O14543,E3|Q9H4P4,E3,Q9H4P4,O14543,RNF41,SOCS3,323,9,enzyme_substrate,0
E3|Q9H4P4|P35659,E3|Q9H4P4,E3,Q9H4P4,P35659,RNF41,DEK,323,595,enzyme_substrate,0
E3|Q9H4P4|Q96HS1,E3|Q9H4P4,E3,Q9H4P4,Q96HS1,RNF41,PGAM5,323,984,enzyme_substrate,0
E3|Q9H4P4|Q9H160,E3|Q9H4P4,E3,Q9H4P4,Q9H160,RNF41,ING2,323,1709,enzyme_substrate,0
E3|Q9H4P4|Q96ST3,E3|Q9H4P4,E3,Q9H4P4,Q96ST3,RNF41,SIN3A,323,1216,enzyme_substrate,0
E3|Q9H4P4|P31785,E3|Q9H4P4,E3,Q9H4P4,P31785,RNF41,IL2RG,323,817,enzyme_substrate,0
E3|Q9H4P4|P60321,E3|Q9H4P4,E3,Q9H4P4,P60321,RNF41,NANOS2,323,1598,enzyme_substrate,0
E3|Q9H4P4|Q8TDM6,E3|Q9H4P4,E3,Q9H4P4,Q8TDM6,RNF41,DLG5,323,1913,enzyme_substrate,0
E3|Q9H4P4|Q13740,E3|Q9H4P4,E3,Q9H4P4,Q13740,RNF41,ALCAM,323,962,enzyme_substrate,0
E3|Q9H4P4|P35869,E3|Q9H4P4,E3,Q9H4P4,P35869,RNF41,AHR,323,73,enzyme_substrate,0
E3|Q9H4P4|Q8TCG1,E3|Q9H4P4,E3,Q9H4P4,Q8TCG1,RNF41,CIP2A,323,1886,enzyme_substrate,0
E3|Q9H4P4|O43395,E3|Q9H4P4,E3,Q9H4P4,O43395,RNF41,PRPF3,323,1851,enzyme_substrate,0
E3|Q9H4P4|Q8IYM9,E3|Q9H4P4,E3,Q9H4P4,Q8IYM9,RNF41,TRIM22,323,197,enzyme_substrate,0
E3|Q9H4P4|P46100,E3|Q9H4P4,E3,Q9H4P4,P46100,RNF41,ATRX,323,739,enzyme_substrate,0
E3|Q9H6Y7|P19237,E3|Q9H6Y7,E3,Q9H6Y7,P19237,RNF167,TNNI1,324,1488,enzyme_substrate,0
E3|Q9H6Y7|Q96QS3,E3|Q9H6Y7,E3,Q9H6Y7,Q96QS3,RNF167,ARX,324,1516,enzyme_substrate,0
E3|Q9H6Y7|Q12824,E3|Q9H6Y7,E3,Q9H6Y7,Q12824,RNF167,SMARCB1,324,1508,enzyme_substrate,0
E3|Q9H765|P01912,E3|Q9H765,E3,Q9H765,P01912,ASB8,HLA-DRB1,325,1187,enzyme_substrate,0
E3|Q9H765|Q14149,E3|Q9H765,E3,Q9H765,Q14149,ASB8,MORC3,325,743,enzyme_substrate,0
E3|Q9H992|Q16777,E3|Q9H992,E3,Q9H992,Q16777,MARCHF7,H2AC20,326,696,enzyme_substrate,0
E3|Q9H992|P56545,E3|Q9H992,E3,Q9H992,P56545,MARCHF7,CTBP2,326,1875,enzyme_substrate,0
E3|Q9H992|Q15388,E3|Q9H992,E3,Q9H992,Q15388,MARCHF7,TOMM20,326,643,enzyme_substrate,0
E3|Q9HAU4|A8MYT4,E3|Q9HAU4,E3,Q9HAU4,A8MYT4,SMURF2,PIK3C3,327,881,enzyme_substrate,0
E3|Q9HAU4|O00418,E3|Q9HAU4,E3,Q9HAU4,O00418,SMURF2,EEF2K,327,1897,enzyme_substrate,0
E3|Q9HAU4|O60240,E3|Q9HAU4,E3,Q9HAU4,O60240,SMURF2,PLIN1,327,1527,enzyme_substrate,0
E3|Q9HAU4|O00330,E3|Q9HAU4,E3,Q9HAU4,O00330,SMURF2,PDHX,327,583,enzyme_substrate,0
E3|Q9HAU4|Q16875,E3|Q9HAU4,E3,Q9HAU4,Q16875,SMURF2,PFKFB3,327,1845,enzyme_substrate,0
E3|Q9HAU4|O76013,E3|Q9HAU4,E3,Q9HAU4,O76013,SMURF2,KRT36,327,1660,enzyme_substrate,0
E3|Q9HAU4|P19174,E3|Q9HAU4,E3,Q9HAU4,P19174,SMURF2,PLCG1,327,627,enzyme_substrate,0
E3|Q9HAU4|Q96A32,E3|Q9HAU4,E3,Q9HAU4,Q96A32,SMURF2,MYLPF,327,1492,enzyme_substrate,0
E3|Q9HCE7|Q14149,E3|Q9HCE7,E3,Q9HCE7,Q14149,SMURF1,MORC3,328,743,enzyme_substrate,0
E3|Q9HCE7|P62807,E3|Q9HCE7,E3,Q9HCE7,P62807,SMURF1,H2BC4,328,1217,enzyme_substrate,0
E3|Q9HCE7|P43357,E3|Q9HCE7,E3,Q9HCE7,P43357,SMURF1,MAGEA3,328,1211,enzyme_substrate,0
E3|Q9HCE7|O75469,E3|Q9HCE7,E3,Q9HCE7,O75469,SMURF1,NR1I2,328,707,enzyme_substrate,0
E3|Q9HCE7|P15259,E3|Q9HCE7,E3,Q9HCE7,P15259,SMURF1,PGAM2,328,1006,enzyme_substrate,0
E3|Q9HCE7|P17542,E3|Q9HCE7,E3,Q9HCE7,P17542,SMURF1,TAL1,328,1114,enzyme_substrate,0
E3|Q9HCE7|P20700,E3|Q9HCE7,E3,Q9HCE7,P20700,SMURF1,LMNB1,328,1780,enzyme_substrate,0
E3|Q9HCE7|P35555,E3|Q9HCE7,E3,Q9HCE7,P35555,SMURF1,FBN1,328,1793,enzyme_substrate,0
E3|Q9HCE7|Q15361,E3|Q9HCE7,E3,Q9HCE7,Q15361,SMURF1,TTF1,328,1033,enzyme_substrate,0
E3|Q9HCE7|Q96ST3,E3|Q9HCE7,E3,Q9HCE7,Q96ST3,SMURF1,SIN3A,328,1216,enzyme_substrate,0
E3|Q9HCE7|P16401,E3|Q9HCE7,E3,Q9HCE7,P16401,SMURF1,H1-5,328,1272,enzyme_substrate,0
E3|Q9HCE7|A6MI22,E3|Q9HCE7,E3,Q9HCE7,A6MI22,SMURF1,tat,328,1854,enzyme_substrate,0
E3|Q9HCE7|P48436,E3|Q9HCE7,E3,Q9HCE7,P48436,SMURF1,SOX9,328,1155,enzyme_substrate,0
E3|Q9HCE7|P23025,E3|Q9HCE7,E3,Q9HCE7,P23025,SMURF1,XPA,328,731,enzyme_substrate,0
E3|Q9HCE7|P61968,E3|Q9HCE7,E3,Q9HCE7,P61968,SMURF1,LMO4,328,1752,enzyme_substrate,0
E3|Q9HCE7|P02751,E3|Q9HCE7,E3,Q9HCE7,P02751,SMURF1,FN1,328,866,enzyme_substrate,0
E3|Q9HCE7|Q9NVW2,E3|Q9HCE7,E3,Q9HCE7,Q9NVW2,SMURF1,RLIM,328,344,enzyme_substrate,0
E3|Q9HCE7|Q8NFD5,E3|Q9HCE7,E3,Q9HCE7,Q8NFD5,SMURF1,ARID1B,328,216,enzyme_substrate,0
E3|Q9HCE7|Q9I788,E3|Q9HCE7,E3,Q9HCE7,Q9I788,SMURF1,exoT,328,1098,enzyme_substrate,0
E3|Q9HCE7|Q9H2A3,E3|Q9HCE7,E3,Q9HCE7,Q9H2A3,SMURF1,NEUROG2,328,1798,enzyme_substrate,0
E3|Q9HCE7|Q7L8J4,E3|Q9HCE7,E3,Q9HCE7,Q7L8J4,SMURF1,SH3BP5L,328,1743,enzyme_substrate,0
E3|Q9HCE7|P49715,E3|Q9HCE7,E3,Q9HCE7,P49715,SMURF1,CEBPA,328,713,enzyme_substrate,0
E3|Q9HCE7|O15151,E3|Q9HCE7,E3,Q9HCE7,O15151,SMURF1,MDM4,328,12,enzyme_substrate,0
E3|Q9HCE7|Q96A32,E3|Q9HCE7,E3,Q9HCE7,Q96A32,SMURF1,MYLPF,328,1492,enzyme_substrate,0
E3|Q9HCE7|P45973,E3|Q9HCE7,E3,Q9HCE7,P45973,SMURF1,CBX5,328,1220,enzyme_substrate,0
E3|Q9HCE7|Q5VSY0,E3|Q9HCE7,E3,Q9HCE7,Q5VSY0,SMURF1,GKAP1,328,682,enzyme_substrate,0
E3|Q9HCE7|Q9GIY3,E3|Q9HCE7,E3,Q9HCE7,Q9GIY3,SMURF1,HLA-DRB1,328,1204,enzyme_substrate,0
E3|Q9HCE7|O60934,E3|Q9HCE7,E3,Q9HCE7,O60934,SMURF1,NBN,328,688,enzyme_substrate,0
E3|Q9HCE7|Q96GM5,E3|Q9HCE7,E3,Q9HCE7,Q96GM5,SMURF1,SMARCD1,328,1510,enzyme_substrate,0
E3|Q9HCE7|P50458,E3|Q9HCE7,E3,Q9HCE7,P50458,SMURF1,LHX2,328,1750,enzyme_substrate,0
E3|Q9HCE7|P35659,E3|Q9HCE7,E3,Q9HCE7,P35659,SMURF1,DEK,328,595,enzyme_substrate,0
E3|Q9HCE7|Q12888,E3|Q9HCE7,E3,Q9HCE7,Q12888,SMURF1,TP53BP1,328,598,enzyme_substrate,0
E3|Q9HCE7|O94953,E3|Q9HCE7,E3,Q9HCE7,O94953,SMURF1,KDM4B,328,1378,enzyme_substrate,0
E3|Q9HCE7|P05412,E3|Q9HCE7,E3,Q9HCE7,P05412,SMURF1,JUN,328,587,enzyme_substrate,0
E3|Q9HCE7|P83916,E3|Q9HCE7,E3,Q9HCE7,P83916,SMURF1,CBX1,328,1221,enzyme_substrate,0
E3|Q9HCE7|Q08050,E3|Q9HCE7,E3,Q9HCE7,Q08050,SMURF1,FOXM1,328,1817,enzyme_substrate,0
E3|Q9HCE7|O75417,E3|Q9HCE7,E3,Q9HCE7,O75417,SMURF1,POLQ,328,997,enzyme_substrate,0
E3|Q9HCE7|Q30134,E3|Q9HCE7,E3,Q9HCE7,Q30134,SMURF1,HLA-DRB1,328,1199,enzyme_substrate,0
E3|Q9HCE7|Q13569,E3|Q9HCE7,E3,Q9HCE7,Q13569,SMURF1,TDG,328,1770,enzyme_substrate,0
E3|Q9HCE7|Q16778,E3|Q9HCE7,E3,Q9HCE7,Q16778,SMURF1,H2BC21,328,676,enzyme_substrate,0
E3|Q9HCE7|Q9NTG7,E3|Q9HCE7,E3,Q9HCE7,Q9NTG7,SMURF1,SIRT3,328,1141,enzyme_substrate,0
E3|Q9HCE7|O43679,E3|Q9HCE7,E3,Q9HCE7,O43679,SMURF1,LDB2,328,1747,enzyme_substrate,0
E3|Q9HCE7|P55211,E3|Q9HCE7,E3,Q9HCE7,P55211,SMURF1,CASP9,328,974,enzyme_substrate,0
E3|Q9HCE7|Q13627,E3|Q9HCE7,E3,Q9HCE7,Q13627,SMURF1,DYRK1A,328,1081,enzyme_substrate,0
E3|Q9HCE7|Q86U70,E3|Q9HCE7,E3,Q9HCE7,Q86U70,SMURF1,LDB1,328,1621,enzyme_substrate,0
E3|Q9HCE7|P07199,E3|Q9HCE7,E3,Q9HCE7,P07199,SMURF1,CENPB,328,736,enzyme_substrate,0
E3|Q9HCE7|Q8IYD8,E3|Q9HCE7,E3,Q9HCE7,Q8IYD8,SMURF1,FANCM,328,1812,enzyme_substrate,0
E3|Q9HCE7|P10244,E3|Q9HCE7,E3,Q9HCE7,P10244,SMURF1,MYBL2,328,940,enzyme_substrate,0
E3|Q9HCE7|P11161,E3|Q9HCE7,E3,Q9HCE7,P11161,SMURF1,EGR2,328,506,enzyme_substrate,0
E3|Q9HCE7|P06935,E3|Q9HCE7,E3,Q9HCE7,P06935,SMURF1,,328,1783,enzyme_substrate,0
E3|Q9HCE7|P43268,E3|Q9HCE7,E3,Q9HCE7,P43268,SMURF1,ETV4,328,950,enzyme_substrate,0
E3|Q9HCE7|Q92851,E3|Q9HCE7,E3,Q9HCE7,Q92851,SMURF1,CASP10,328,1439,enzyme_substrate,0
E3|Q9HCE7|Q9UBP5,E3|Q9HCE7,E3,Q9HCE7,Q9UBP5,SMURF1,HEY2,328,1266,enzyme_substrate,0
E3|Q9HCE7|P15498,E3|Q9HCE7,E3,Q9HCE7,P15498,SMURF1,VAV1,328,538,enzyme_substrate,0
E3|Q9HCE7|P26927,E3|Q9HCE7,E3,Q9HCE7,P26927,SMURF1,MST1,328,1931,enzyme_substrate,0
E3|Q9HCE7|Q7Z7J5,E3|Q9HCE7,E3,Q9HCE7,Q7Z7J5,SMURF1,DPPA2,328,607,enzyme_substrate,0
E3|Q9HCE7|P28562,E3|Q9HCE7,E3,Q9HCE7,P28562,SMURF1,DUSP1,328,1116,enzyme_substrate,0
E3|Q9HCE7|Q15554,E3|Q9HCE7,E3,Q9HCE7,Q15554,SMURF1,TERF2,328,1346,enzyme_substrate,0
E3|Q9HCE7|Q5MJ70,E3|Q9HCE7,E3,Q9HCE7,Q5MJ70,SMURF1,SPDYA,328,916,enzyme_substrate,0
E3|Q9HCE7|P01912,E3|Q9HCE7,E3,Q9HCE7,P01912,SMURF1,HLA-DRB1,328,1187,enzyme_substrate,0
E3|Q9HCE7|Q9NXR8,E3|Q9HCE7,E3,Q9HCE7,Q9NXR8,SMURF1,ING3,328,1142,enzyme_substrate,0
E3|Q9HCE7|P62805,E3|Q9HCE7,E3,Q9HCE7,P62805,SMURF1,H4C1,328,1278,enzyme_substrate,0
E3|Q9HCE7|Q9H4P4,E3|Q9HCE7,E3,Q9HCE7,Q9H4P4,SMURF1,RNF41,328,323,enzyme_substrate,0
E3|Q9HCE7|P60903,E3|Q9HCE7,E3,Q9HCE7,P60903,SMURF1,S100A10,328,1342,enzyme_substrate,0
E3|Q9HCE7|P51530,E3|Q9HCE7,E3,Q9HCE7,P51530,SMURF1,DNA2,328,1935,enzyme_substrate,0
E3|Q9HCE7|O60381,E3|Q9HCE7,E3,Q9HCE7,O60381,SMURF1,HBP1,328,995,enzyme_substrate,0
E3|Q9HCE7|P02647,E3|Q9HCE7,E3,Q9HCE7,P02647,SMURF1,APOA1,328,1614,enzyme_substrate,0
E3|Q9HCE7|Q92858,E3|Q9HCE7,E3,Q9HCE7,Q92858,SMURF1,ATOH1,328,1284,enzyme_substrate,0
E3|Q9HCE7|Q13535,E3|Q9HCE7,E3,Q9HCE7,Q13535,SMURF1,ATR,328,1478,enzyme_substrate,0
E3|Q9HCE7|Q71DI3,E3|Q9HCE7,E3,Q9HCE7,Q71DI3,SMURF1,H3C15,328,1281,enzyme_substrate,0
E3|Q9HCE7|Q01664,E3|Q9HCE7,E3,Q9HCE7,Q01664,SMURF1,TFAP4,328,1906,enzyme_substrate,0
E3|Q9HCI7|P01730,E3|Q9HCI7,E3,Q9HCI7,P01730,MSL2,CD4,329,498,enzyme_substrate,0
E3|Q9HCI7|Q8ND25,E3|Q9HCI7,E3,Q9HCI7,Q8ND25,MSL2,ZNRF1,329,213,enzyme_substrate,0
E3|Q9HCI7|P22681,E3|Q9HCI7,E3,Q9HCI7,P22681,MSL2,CBL,329,69,enzyme_substrate,0
E3|Q9HCI7|O43734,E3|Q9HCI7,E3,Q9HCI7,O43734,MSL2,TRAF3IP2,329,21,enzyme_substrate,0
E3|Q9HCI7|P37088,E3|Q9HCI7,E3,Q9HCI7,P37088,MSL2,SCNN1A,329,1568,enzyme_substrate,0
E3|Q9HCI7|Q15836,E3|Q9HCI7,E3,Q9HCI7,Q15836,MSL2,VAMP3,329,1310,enzyme_substrate,0
E3|Q9HCM9|P03129,E3|Q9HCM9,E3,Q9HCM9,P03129,TRIM39,E7,330,1111,enzyme_substrate,0
E3|Q9HCM9|O76013,E3|Q9HCM9,E3,Q9HCM9,O76013,TRIM39,KRT36,330,1660,enzyme_substrate,0
E3|Q9NPC3|O60858,E3|Q9NPC3,E3,Q9NPC3,O60858,CCNB1IP1,TRIM13,331,28,enzyme_substrate,0
E3|Q9NRD0|P51114,E3|Q9NRD0,E3,Q9NRD0,P51114,FBXO8,FXR1,334,1819,enzyme_substrate,0
E3|Q9NRD0|P15056,E3|Q9NRD0,E3,Q9NRD0,P15056,FBXO8,BRAF,334,1372,enzyme_substrate,0
E3|Q9NRD0|P26006,E3|Q9NRD0,E3,Q9NRD0,P26006,FBXO8,ITGA3,334,2104,enzyme_substrate,0
E3|Q9NRD0|P11308,E3|Q9NRD0,E3,Q9NRD0,P11308,FBXO8,ERG,334,592,enzyme_substrate,0
E3|Q9NRD0|O00291,E3|Q9NRD0,E3,Q9NRD0,O00291,FBXO8,HIP1,334,1658,enzyme_substrate,0
E3|Q9NRD0|Q5T9L3,E3|Q9NRD0,E3,Q9NRD0,Q5T9L3,FBXO8,WLS,334,1599,enzyme_substrate,0
E3|Q9NRD1|Q13002,E3|Q9NRD1,E3,Q9NRD1,Q13002,FBXO6,GRIK2,335,1243,enzyme_substrate,0
E3|Q9NRD1|Q99988,E3|Q9NRD1,E3,Q9NRD1,Q99988,FBXO6,GDF15,335,1705,enzyme_substrate,0
E3|Q9NRD1|Q8IXI2,E3|Q9NRD1,E3,Q9NRD1,Q8IXI2,FBXO6,RHOT1,335,648,enzyme_substrate,0
E3|Q9NRD1|P26927,E3|Q9NRD1,E3,Q9NRD1,P26927,FBXO6,MST1,335,1931,enzyme_substrate,0
E3|Q9NRD1|P15923,E3|Q9NRD1,E3,Q9NRD1,P15923,FBXO6,TCF3,335,1113,enzyme_substrate,0
E3|Q9NRD1|Q15361,E3|Q9NRD1,E3,Q9NRD1,Q15361,FBXO6,TTF1,335,1033,enzyme_substrate,0
E3|Q9NRD1|Q8N6M0,E3|Q9NRD1,E3,Q9NRD1,Q8N6M0,FBXO6,OTUD6B,335,1698,enzyme_substrate,0
E3|Q9NRD1|P01911,E3|Q9NRD1,E3,Q9NRD1,P01911,FBXO6,HLA-DRB1,335,1186,enzyme_substrate,0
E3|Q9NRD1|P01903,E3|Q9NRD1,E3,Q9NRD1,P01903,FBXO6,HLA-DRA,335,1185,enzyme_substrate,0
E3|Q9NRM6|O15524,E3|Q9NRM6,E3,Q9NRM6,O15524,IL17RB,SOCS1,336,16,enzyme_substrate,0
E3|Q9NS56|Q9UNE0,E3|Q9NS56,E3,Q9NS56,Q9UNE0,TOPORS,EDAR,337,502,enzyme_substrate,0
E3|Q9NS56|Q9NR09,E3|Q9NS56,E3,Q9NS56,Q9NR09,TOPORS,BIRC6,337,333,enzyme_substrate,0
E3|Q9NS91|P29322,E3|Q9NS91,E3,Q9NS91,P29322,RAD18,EPHA8,338,816,enzyme_substrate,0
E3|Q9NS91|P12318,E3|Q9NS91,E3,Q9NS91,P12318,RAD18,FCGR2A,338,806,enzyme_substrate,0
E3|Q9NS91|Q14114,E3|Q9NS91,E3,Q9NS91,Q14114,RAD18,LRP8,338,1435,enzyme_substrate,0
E3|Q9NSE2|Q9I788,E3|Q9NSE2,E3,Q9NSE2,Q9I788,CISH,exoT,339,1098,enzyme_substrate,0
E3|Q9NSE2|P53350,E3|Q9NSE2,E3,Q9NSE2,P53350,CISH,PLK1,339,1182,enzyme_substrate,0
E3|Q9NTX7|O95502,E3|Q9NTX7,E3,Q9NTX7,O95502,RNF146,NPTXR,340,721,enzyme_substrate,0
E3|Q9NTX7|Q96JA1,E3|Q9NTX7,E3,Q9NTX7,Q96JA1,RNF146,LRIG1,340,834,enzyme_substrate,0
E3|Q9NTX7|Q15011,E3|Q9NTX7,E3,Q9NTX7,Q15011,RNF146,HERPUD1,340,1265,enzyme_substrate,0
E3|Q9NTX7|Q92918,E3|Q9NTX7,E3,Q9NTX7,Q92918,RNF146,MAP4K1,340,1363,enzyme_substrate,0
E3|Q9NV58|Q01664,E3|Q9NV58,E3,Q9NV58,Q01664,RNF19A,TFAP4,341,1906,enzyme_substrate,0
E3|Q9NV58|P14076,E3|Q9NV58,E3,Q9NV58,P14076,RNF19A,gag,341,1627,enzyme_substrate,0
E3|Q9NV58|Q5T5X7,E3|Q9NV58,E3,Q9NV58,Q5T5X7,RNF19A,BEND3,341,745,enzyme_substrate,0
E3|Q9NVF7|Q13702,E3|Q9NVF7,E3,Q9NVF7,Q13702,FBXO28,RAPSN,342,1778,enzyme_substrate,0
E3|Q9NVR0|Q9Y657,E3|Q9NVR0,E3,Q9NVR0,Q9Y657,KLHL11,SPIN1,343,1356,enzyme_substrate,0
E3|Q9NVR0|P54253,E3|Q9NVR0,E3,Q9NVR0,P54253,KLHL11,ATXN1,343,951,enzyme_substrate,0
E3|Q9NVW2|P35626,E3|Q9NVW2,E3,Q9NVW2,P35626,RLIM,ADRBK2,344,1669,enzyme_substrate,0
E3|Q9NVW2|P23258,E3|Q9NVW2,E3,Q9NVW2,P23258,RLIM,TUBG1,344,854,enzyme_substrate,0
E3|Q9NVW2|Q8NHG8,E3|Q9NVW2,E3,Q9NVW2,Q8NHG8,RLIM,ZNRF2,344,220,enzyme_substrate,0
E3|Q9NVW2|O43156,E3|Q9NVW2,E3,Q9NVW2,O43156,RLIM,TTI1,344,1797,enzyme_substrate,0
E3|Q9NVW2|Q99962,E3|Q9NVW2,E3,Q9NVW2,Q99962,RLIM,SH3GL2,344,656,enzyme_substrate,0
E3|Q9NVW2|Q9BZY9,E3|Q9NVW2,E3,Q9NVW2,Q9BZY9,RLIM,TRIM31,344,301,enzyme_substrate,0
E3|Q9NVW2|P11686,E3|Q9NVW2,E3,Q9NVW2,P11686,RLIM,SFTPC,344,1565,enzyme_substrate,0
E3|Q9NVW2|P51170,E3|Q9NVW2,E3,Q9NVW2,P51170,RLIM,SCNN1G,344,906,enzyme_substrate,0
E3|Q9NVW2|P15260,E3|Q9NVW2,E3,Q9NVW2,P15260,RLIM,IFNGR1,344,957,enzyme_substrate,0
E3|Q9NVW2|Q13564,E3|Q9NVW2,E3,Q9NVW2,Q13564,RLIM,NAE1,344,1164,enzyme_substrate,0
E3|Q9NW38|P55085,E3|Q9NW38,E3,Q9NW38,P55085,FANCL,F2RL1,345,828,enzyme_substrate,0
E3|Q9NWF9|Q8IUE6,E3|Q9NWF9,E3,Q9NWF9,Q8IUE6,RNF216,H2AC21,346,697,enzyme_substrate,0
E3|Q9NWF9|Q7L7L0,E3|Q9NWF9,E3,Q9NWF9,Q7L7L0,RNF216,H2AW,346,843,enzyme_substrate,0
E3|Q9NWF9|P13569,E3|Q9NWF9,E3,Q9NWF9,P13569,RNF216,CFTR,346,808,enzyme_substrate,0
E3|Q9NWF9|Q03164,E3|Q9NWF9,E3,Q9NWF9,Q03164,RNF216,KMT2A,346,1069,enzyme_substrate,0
E3|Q9NWN3|P35613,E3|Q9NWN3,E3,Q9NWN3,P35613,FBXO34,BSG,347,1380,enzyme_substrate,0
E3|Q9NWN3|Q8NDV7,E3|Q9NWN3,E3,Q9NWN3,Q8NDV7,FBXO34,TNRC6A,347,1239,enzyme_substrate,0
E3|Q9NWZ3|P20700,E3|Q9NWZ3,E3,Q9NWZ3,P20700,IRAK4,LMNB1,348,1780,enzyme_substrate,0
E3|Q9NWZ3|P08678,E3|Q9NWZ3,E3,Q9NWZ3,P08678,IRAK4,CYR1,348,1820,enzyme_substrate,0
E3|Q9NX47|O94992,E3|Q9NX47,E3,Q9NX47,O94992,MARCHF5,HEXIM1,349,999,enzyme_substrate,0
E3|Q9NX47|P08047,E3|Q9NX47,E3,Q9NX47,P08047,MARCHF5,SP1,349,949,enzyme_substrate,0
E3|Q9NX47|Q9BRJ6,E3|Q9NX47,E3,Q9NX47,Q9BRJ6,MARCHF5,C7orf50,349,1706,enzyme_substrate,0
E3|Q9NX47|Q9H6R0,E3|Q9NX47,E3,Q9NX47,Q9H6R0,MARCHF5,DHX33,349,1892,enzyme_substrate,0
E3|Q9NX47|Q14498,E3|Q9NX47,E3,Q9NX47,Q14498,MARCHF5,RBM39,349,1227,enzyme_substrate,0
E3|Q9NX47|Q9P0W2,E3|Q9NX47,E3,Q9NX47,Q9P0W2,MARCHF5,HMG20B,349,838,enzyme_substrate,0
E3|Q9NX47|Q9UDY8,E3|Q9NX47,E3,Q9NX47,Q9UDY8,MARCHF5,MALT1,349,367,enzyme_substrate,0
E3|Q9NX47|P24468,E3|Q9NX47,E3,Q9NX47,P24468,MARCHF5,NR2F2,349,704,enzyme_substrate,0
E3|Q9NX47|Q16204,E3|Q9NX47,E3,Q9NX47,Q16204,MARCHF5,CCDC6,349,1457,enzyme_substrate,0
E3|Q9NX47|Q9UPP1,E3|Q9NX47,E3,Q9NX47,Q9UPP1,MARCHF5,PHF8,349,1075,enzyme_substrate,0
E3|Q9NX47|Q96AJ1,E3|Q9NX47,E3,Q9NX47,Q96AJ1,MARCHF5,CLUAP1,349,1305,enzyme_substrate,0
E3|Q9NX47|Q92985,E3|Q9NX47,E3,Q9NX47,Q92985,MARCHF5,IRF7,349,781,enzyme_substrate,0
E3|Q9NX47|Q96GD4,E3|Q9NX47,E3,Q9NX47,Q96GD4,MARCHF5,AURKB,349,1463,enzyme_substrate,0
E3|Q9NX47|Q969R5,E3|Q9NX47,E3,Q9NX47,Q969R5,MARCHF5,L3MBTL2,349,698,enzyme_substrate,0
E3|Q9NX47|Q16342,E3|Q9NX47,E3,Q9NX47,Q16342,MARCHF5,PDCD2,349,644,enzyme_substrate,0
E3|Q9NX47|Q9NYB9,E3|Q9NX47,E3,Q9NX47,Q9NYB9,MARCHF5,ABI2,349,1092,enzyme_substrate,0
E3|Q9NX47|Q8N5C8,E3|Q9NX47,E3,Q9NX47,Q8N5C8,MARCHF5,TAB3,349,1611,enzyme_substrate,0
E3|Q9NX47|Q15554,E3|Q9NX47,E3,Q9NX47,Q15554,MARCHF5,TERF2,349,1346,enzyme_substrate,0
E3|Q9NXF7|P62253,E3|Q9NXF7,E3,Q9NXF7,P62253,DCAF16,UBE2G1,350,86,enzyme_substrate,0
E3|Q9NXF7|Q86XT4,E3|Q9NXF7,E3,Q9NXF7,Q86XT4,DCAF16,TRIM50,350,185,enzyme_substrate,0
E3|Q9NXI6|P04271,E3|Q9NXI6,E3,Q9NXI6,P04271,RNF186,S100B,351,791,enzyme_substrate,0
E3|Q9NXI6|O14503,E3|Q9NXI6,E3,Q9NXI6,O14503,RNF186,BHLHE40,351,864,enzyme_substrate,0
E3|Q9NXK8|P19838,E3|Q9NXK8,E3,Q9NXK8,P19838,FBXL12,NFKB1,352,1219,enzyme_substrate,0
E3|Q9NXK8|P48048,E3|Q9NXK8,E3,Q9NXK8,P48048,FBXL12,KCNJ1,352,1263,enzyme_substrate,0
E3|Q9NXK8|Q9BRJ7,E3|Q9NXK8,E3,Q9NXK8,Q9BRJ7,FBXL12,NUDT16L1,352,1522,enzyme_substrate,0
E3|Q9NXK8|O15399,E3|Q9NXK8,E3,Q9NXK8,O15399,FBXL12,GRIN2D,352,883,enzyme_substrate,0
E3|Q9NXK8|Q99714,E3|Q9NXK8,E3,Q9NXK8,Q99714,FBXL12,PTPN5,352,654,enzyme_substrate,0
E3|Q9NXK8|P26038,E3|Q9NXK8,E3,Q9NXK8,P26038,FBXL12,MSN,352,1668,enzyme_substrate,0
E3|Q9NXK8|P78543,E3|Q9NXK8,E3,Q9NXK8,P78543,FBXL12,BTG2,352,1125,enzyme_substrate,0
E3|Q9NXK8|P41212,E3|Q9NXK8,E3,Q9NXK8,P41212,FBXL12,ETV6,352,738,enzyme_substrate,0
E3|Q9NXK8|Q9Y5Y9,E3|Q9NXK8,E3,Q9NXK8,Q9Y5Y9,FBXL12,SCN10A,352,1587,enzyme_substrate,0
E3|Q9NXK8|Q70SY1,E3|Q9NXK8,E3,Q9NXK8,Q70SY1,FBXL12,CREB3L2,352,1459,enzyme_substrate,0
E3|Q9NYG5|O75882,E3|Q9NYG5,E3,Q9NYG5,O75882,ANAPC11,ATRN,353,1734,enzyme_substrate,0
E3|Q9NZS9|Q5MJ70,E3|Q9NZS9,E3,Q9NZS9,Q5MJ70,BFAR,SPDYA,355,916,enzyme_substrate,0
E3|Q9NZS9|O75113,E3|Q9NZS9,E3,Q9NZS9,O75113,BFAR,N4BP1,355,886,enzyme_substrate,0
E3|Q9NZS9|Q9BSI4,E3|Q9NZS9,E3,Q9NZS9,Q9BSI4,BFAR,TINF2,355,569,enzyme_substrate,0
E3|Q9NZS9|Q96KK5,E3|Q9NZS9,E3,Q9NZS9,Q96KK5,BFAR,H2AC12,355,581,enzyme_substrate,0
E3|Q9P0N8|A9UEZ6,E3|Q9P0N8,E3,Q9P0N8,A9UEZ6,MARCHF2,BCR/ABL fusion,356,1106,enzyme_substrate,0
E3|Q9P0N8|Q9P1Z0,E3|Q9P0N8,E3,Q9P0N8,Q9P1Z0,MARCHF2,ZBTB4,356,751,enzyme_substrate,0
E3|Q9P0P0|O43602,E3|Q9P0P0,E3,Q9P0P0,O43602,RNF181,DCX,357,994,enzyme_substrate,0
E3|Q9P0P0|O94953,E3|Q9P0P0,E3,Q9P0P0,O94953,RNF181,KDM4B,357,1378,enzyme_substrate,0
E3|Q9P0P0|O75376,E3|Q9P0P0,E3,Q9P0P0,O75376,RNF181,NCOR1,357,550,enzyme_substrate,0
E3|Q9P0P0|Q9Y6J0,E3|Q9P0P0,E3,Q9P0P0,Q9Y6J0,RNF181,CABIN1,357,1482,enzyme_substrate,0
E3|Q9P0P0|P01100,E3|Q9P0P0,E3,Q9P0P0,P01100,RNF181,FOS,357,1390,enzyme_substrate,0
E3|Q9P0P0|Q9H5V8,E3|Q9P0P0,E3,Q9P0P0,Q9H5V8,RNF181,CDCP1,357,1358,enzyme_substrate,0
E3|Q9P253|P26927,E3|Q9P253,E3,Q9P253,P26927,VPS18,MST1,358,1931,enzyme_substrate,0
E3|Q9P2E8|Q8WUM4,E3|Q9P2E8,E3,Q9P2E8,Q8WUM4,MARCHF4,PDCD6IP,359,918,enzyme_substrate,0
E3|Q9P2E8|P04229,E3|Q9P2E8,E3,Q9P2E8,P04229,MARCHF4,HLA-DRB1,359,1189,enzyme_substrate,0
E3|Q9P2E8|Q16656,E3|Q9P2E8,E3,Q9P2E8,Q16656,MARCHF4,NRF1,359,562,enzyme_substrate,0
E3|Q9P2E8|O75925,E3|Q9P2E8,E3,Q9P2E8,O75925,MARCHF4,PIAS1,359,551,enzyme_substrate,0
E3|Q9P2E8|P15923,E3|Q9P2E8,E3,Q9P2E8,P15923,MARCHF4,TCF3,359,1113,enzyme_substrate,0
E3|Q9P2G9|O00429,E3|Q9P2G9,E3,Q9P2G9,O00429,KLHL8,DNM1L,360,617,enzyme_substrate,0
E3|Q9P2G9|P28715,E3|Q9P2G9,E3,Q9P2G9,P28715,KLHL8,ERCC5,360,1769,enzyme_substrate,0
E3|Q9P2J3|O15294,E3|Q9P2J3,E3,Q9P2J3,O15294,KLHL9,OGT,361,1269,enzyme_substrate,0
E3|Q9P2J3|Q16558,E3|Q9P2J3,E3,Q9P2J3,Q16558,KLHL9,KCNMB1,361,1480,enzyme_substrate,0
E3|Q9P2J3|Q99836,E3|Q9P2J3,E3,Q9P2J3,Q99836,KLHL9,MYD88,361,608,enzyme_substrate,0
E3|Q9P2J3|P35558,E3|Q9P2J3,E3,Q9P2J3,P35558,KLHL9,PCK1,361,710,enzyme_substrate,0
E3|Q9P2J3|O15392,E3|Q9P2J3,E3,Q9P2J3,O15392,KLHL9,BIRC5,361,965,enzyme_substrate,0
E3|Q9P2J3|Q8TBZ2,E3|Q9P2J3,E3,Q9P2J3,Q8TBZ2,KLHL9,MYCBPAP,361,832,enzyme_substrate,0
E3|Q9P2J3|P35626,E3|Q9P2J3,E3,Q9P2J3,P35626,KLHL9,ADRBK2,361,1669,enzyme_substrate,0
E3|Q9P2J3|Q08999,E3|Q9P2J3,E3,Q9P2J3,Q08999,KLHL9,RBL2,361,1127,enzyme_substrate,0
E3|Q9P2K6|O60240,E3|Q9P2K6,E3,Q9P2K6,O60240,KLHL42,PLIN1,362,1527,enzyme_substrate,0
E3|Q9P2N7|Q96RE7,E3|Q9P2N7,E3,Q9P2N7,Q96RE7,KLHL13,NACC1,363,749,enzyme_substrate,0
E3|Q9P2N7|Q9UJQ4,E3|Q9P2N7,E3,Q9P2N7,Q9UJQ4,KLHL13,SALL4,363,1591,enzyme_substrate,0
E3|Q9P2N7|P42226,E3|Q9P2N7,E3,Q9P2N7,P42226,KLHL13,STAT6,363,1932,enzyme_substrate,0
E3|Q9P2N7|O15078,E3|Q9P2N7,E3,Q9P2N7,O15078,KLHL13,CEP290,363,1327,enzyme_substrate,0
E3|Q9P2N7|Q9P0P0,E3|Q9P2N7,E3,Q9P2N7,Q9P0P0,KLHL13,RNF181,363,357,enzyme_substrate,0
E3|Q9P2N7|Q9UMX0,E3|Q9P2N7,E3,Q9P2N7,Q9UMX0,KLHL13,UBQLN1,363,1725,enzyme_substrate,0
E3|Q9P2P5|Q6ZTN6,E3|Q9P2P5,E3,Q9P2P5,Q6ZTN6,HECW2,ANKRD13D,364,1692,enzyme_substrate,0
E3|Q9P2P5|P60903,E3|Q9P2P5,E3,Q9P2P5,P60903,HECW2,S100A10,364,1342,enzyme_substrate,0
E3|Q9P2P5|Q86WB0,E3|Q9P2P5,E3,Q9P2P5,Q86WB0,HECW2,ZC3HC1,364,180,enzyme_substrate,0
E3|Q9UBN7|Q01638,E3|Q9UBN7,E3,Q9UBN7,Q01638,HDAC6,IL1RL1,365,1236,enzyme_substrate,0
E3|Q9UDY8|P61077,E3|Q9UDY8,E3,Q9UDY8,P61077,MALT1,UBE2D3,367,1674,enzyme_substrate,0
E3|Q9UDY8|Q7Z2W7,E3|Q9UDY8,E3,Q9UDY8,Q7Z2W7,MALT1,TRPM8,367,1616,enzyme_substrate,0
E3|Q9UH77|Q9NTG7,E3|Q9UH77,E3,Q9UH77,Q9NTG7,KLHL3,SIRT3,369,1141,enzyme_substrate,0
E3|Q9UH77|Q12913,E3|Q9UH77,E3,Q9UH77,Q12913,KLHL3,PTPRJ,369,1320,enzyme_substrate,0
E3|Q9UH90|Q9BQ15,E3|Q9UH90,E3,Q9UH90,Q9BQ15,FBXO40,NABP2,370,1801,enzyme_substrate,0
E3|Q9UHC7|Q13651,E3|Q9UHC7,E3,Q9UHC7,Q13651,MKRN1,IL10RA,371,1909,enzyme_substrate,0
E3|Q9UHC7|Q99541,E3|Q9UHC7,E3,Q9UHC7,Q99541,MKRN1,PLIN2,371,1545,enzyme_substrate,0
E3|Q9UHC7|Q86WG3,E3|Q9UHC7,E3,Q9UHC7,Q86WG3,MKRN1,ATCAY,371,1883,enzyme_substrate,0
E3|Q9UHC7|Q9UPW8,E3|Q9UHC7,E3,Q9UHC7,Q9UPW8,MKRN1,UNC13A,371,1639,enzyme_substrate,0
E3|Q9UHC7|P31146,E3|Q9UHC7,E3,Q9UHC7,P31146,MKRN1,CORO1A,371,1419,enzyme_substrate,0
E3|Q9UHC7|Q13415,E3|Q9UHC7,E3,Q9UHC7,Q13415,MKRN1,ORC1,371,1128,enzyme_substrate,0
E3|Q9UHC7|Q16637,E3|Q9UHC7,E3,Q9UHC7,Q16637,MKRN1,SMN1,371,755,enzyme_substrate,0
E3|Q9UHC7|P31947,E3|Q9UHC7,E3,Q9UHC7,P31947,MKRN1,SFN,371,1157,enzyme_substrate,0
E3|Q9UHC7|Q9Y490,E3|Q9UHC7,E3,Q9UHC7,Q9Y490,MKRN1,TLN1,371,1727,enzyme_substrate,0
E3|Q9UHC7|Q13257,E3|Q9UHC7,E3,Q9UHC7,Q13257,MKRN1,MAD2L1,371,1651,enzyme_substrate,0
E3|Q9UHC7|O95140,E3|Q9UHC7,E3,Q9UHC7,O95140,MKRN1,MFN2,371,622,enzyme_substrate,0
E3|Q9UHC7|O00635,E3|Q9UHC7,E3,Q9UHC7,O00635,MKRN1,TRIM38,371,6,enzyme_substrate,0
E3|Q9UHC7|P35232,E3|Q9UHC7,E3,Q9UHC7,P35232,MKRN1,PHB,371,776,enzyme_substrate,0
E3|Q9UHC7|O15357,E3|Q9UHC7,E3,Q9UHC7,O15357,MKRN1,INPPL1,371,1524,enzyme_substrate,0
E3|Q9UHC7|O75882,E3|Q9UHC7,E3,Q9UHC7,O75882,MKRN1,ATRN,371,1734,enzyme_substrate,0
E3|Q9UHC7|Q9NVI1,E3|Q9UHC7,E3,Q9UHC7,Q9NVI1,MKRN1,FANCI,371,1756,enzyme_substrate,0
E3|Q9UHC7|Q9UHN6,E3|Q9UHC7,E3,Q9UHC7,Q9UHN6,MKRN1,CEMIP2,371,1326,enzyme_substrate,0
E3|Q9UHC7|Q9UBF6,E3|Q9UHC7,E3,Q9UHC7,Q9UBF6,MKRN1,RNF7,371,933,enzyme_substrate,0
E3|Q9UII4|Q9NZQ7,E3|Q9UII4,E3,Q9UII4,Q9NZQ7,HERC5,CD274,372,614,enzyme_substrate,0
E3|Q9UJP4|Q96QD8,E3|Q9UJP4,E3,Q9UJP4,Q96QD8,KLHL21,SLC38A2,373,1580,enzyme_substrate,0
E3|Q9UJT9|P01903,E3|Q9UJT9,E3,Q9UJT9,P01903,FBXL7,HLA-DRA,374,1185,enzyme_substrate,0
E3|Q9UJT9|O75473,E3|Q9UJT9,E3,Q9UJT9,O75473,FBXL7,LGR5,374,888,enzyme_substrate,0
E3|Q9UJT9|Q9UM47,E3|Q9UJT9,E3,Q9UJT9,Q9UM47,FBXL7,NOTCH3,374,516,enzyme_substrate,0
E3|Q9UJX6|O43175,E3|Q9UJX6,E3,Q9UJX6,O43175,ANAPC2,PHGDH,375,619,enzyme_substrate,0
E3|Q9UJX6|Q9UBZ9,E3|Q9UJX6,E3,Q9UJX6,Q9UBZ9,ANAPC2,REV1,375,1074,enzyme_substrate,0
E3|Q9UK22|Q7L7L0,E3|Q9UK22,E3,Q9UK22,Q7L7L0,FBXO2,H2AW,376,843,enzyme_substrate,0
E3|Q9UK22|Q92466,E3|Q9UK22,E3,Q9UK22,Q92466,FBXO2,DDB2,376,244,enzyme_substrate,0
E3|Q9UK22|Q9UHV7,E3|Q9UK22,E3,Q9UK22,Q9UHV7,FBXO2,MED13,376,1471,enzyme_substrate,0
E3|Q9UK22|P13761,E3|Q9UK22,E3,Q9UK22,P13761,FBXO2,HLA-DRB1,376,1194,enzyme_substrate,0
E3|Q9UK96|Q15303,E3|Q9UK96,E3,Q9UK96,Q15303,FBXO10,ERBB4,377,642,enzyme_substrate,0
E3|Q9UK97|Q9NZQ7,E3|Q9UK97,E3,Q9UK97,Q9NZQ7,FBXO9,CD274,378,614,enzyme_substrate,0
E3|Q9UK97|Q92466,E3|Q9UK97,E3,Q9UK97,Q92466,FBXO9,DDB2,378,244,enzyme_substrate,0
E3|Q9UK97|Q8N519,E3|Q9UK97,E3,Q9UK97,Q8N519,FBXO9,,378,1697,enzyme_substrate,0
E3|Q9UK99|Q13794,E3|Q9UK99,E3,Q9UK99,Q13794,FBXO3,PMAIP1,379,763,enzyme_substrate,0
E3|Q9UK99|O14763,E3|Q9UK99,E3,Q9UK99,O14763,FBXO3,TNFRSF10B,379,1500,enzyme_substrate,0
E3|Q9UKA1|P06576,E3|Q9UKA1,E3,Q9UKA1,P06576,FBXL5,ATP5F1B,380,1484,enzyme_substrate,0
E3|Q9UKA1|P08648,E3|Q9UKA1,E3,Q9UKA1,P08648,FBXL5,ITGA5,380,801,enzyme_substrate,0
E3|Q9UKA1|P98155,E3|Q9UKA1,E3,Q9UKA1,P98155,FBXL5,VLDLR,380,1434,enzyme_substrate,0
E3|Q9UKA1|Q9GIY3,E3|Q9UKA1,E3,Q9UKA1,Q9GIY3,FBXL5,HLA-DRB1,380,1204,enzyme_substrate,0
E3|Q9UKA1|Q01151,E3|Q9UKA1,E3,Q9UKA1,Q01151,FBXL5,CD83,380,1422,enzyme_substrate,0
E3|Q9UKB1|Q2F514,E3|Q9UKB1,E3,Q9UKB1,Q2F514,FBXW11,X,382,780,enzyme_substrate,0
E3|Q9UKB1|Q9Y5U5,E3|Q9UKB1,E3,Q9UKB1,Q9Y5U5,FBXW11,TNFRSF18,382,939,enzyme_substrate,0
E3|Q9UKB1|P40189,E3|Q9UKB1,E3,Q9UKB1,P40189,FBXW11,IL6ST,382,523,enzyme_substrate,0
E3|Q9UKB1|P03345,E3|Q9UKB1,E3,Q9UKB1,P03345,FBXW11,gag,382,1625,enzyme_substrate,0
E3|Q9UKB1|O14773,E3|Q9UKB1,E3,Q9UKB1,O14773,FBXW11,TPP1,382,687,enzyme_substrate,0
E3|Q9UKB1|P08581,E3|Q9UKB1,E3,Q9UKB1,P08581,FBXW11,MET,382,800,enzyme_substrate,0
E3|Q9UKB1|O43561,E3|Q9UKB1,E3,Q9UKB1,O43561,FBXW11,LAT,382,1930,enzyme_substrate,0
E3|Q9UKB1|Q8N6M0,E3|Q9UKB1,E3,Q9UKB1,Q8N6M0,FBXW11,OTUD6B,382,1698,enzyme_substrate,0
E3|Q9UKB1|P15498,E3|Q9UKB1,E3,Q9UKB1,P15498,FBXW11,VAV1,382,538,enzyme_substrate,0
E3|Q9UKB1|P25116,E3|Q9UKB1,E3,Q9UKB1,P25116,FBXW11,F2R,382,900,enzyme_substrate,0
E3|Q9UKB1|P61587,E3|Q9UKB1,E3,Q9UKB1,P61587,FBXW11,RND3,382,1124,enzyme_substrate,0
E3|Q9UKB1|P16070,E3|Q9UKB1,E3,Q9UKB1,P16070,FBXW11,CD44,382,1417,enzyme_substrate,0
E3|Q9UKB1|Q01638,E3|Q9UKB1,E3,Q9UKB1,Q01638,FBXW11,IL1RL1,382,1236,enzyme_substrate,0
E3|Q9UKC9|Q8IZQ8,E3|Q9UKC9,E3,Q9UKC9,Q8IZQ8,FBXL2,MYOCD,383,1884,enzyme_substrate,0
E3|Q9UKC9|Q14527,E3|Q9UKC9,E3,Q9UKC9,Q14527,FBXL2,HLTF,383,119,enzyme_substrate,0
E3|Q9UKC9|P35659,E3|Q9UKC9,E3,Q9UKC9,P35659,FBXL2,DEK,383,595,enzyme_substrate,0
E3|Q9UKC9|P45973,E3|Q9UKC9,E3,Q9UKC9,P45973,FBXL2,CBX5,383,1220,enzyme_substrate,0
E3|Q9UKC9|Q03468,E3|Q9UKC9,E3,Q9UKC9,Q03468,FBXL2,ERCC6,383,1099,enzyme_substrate,0
E3|Q9UKC9|Q9ULW0,E3|Q9UKC9,E3,Q9UKC9,Q9ULW0,FBXL2,TPX2,383,1850,enzyme_substrate,0
E3|Q9UKC9|P40424,E3|Q9UKC9,E3,Q9UKC9,P40424,FBXL2,PBX1,383,1015,enzyme_substrate,0
E3|Q9UKC9|P33993,E3|Q9UKC9,E3,Q9UKC9,P33993,FBXL2,MCM7,383,1053,enzyme_substrate,0
E3|Q9UKC9|Q53EL6,E3|Q9UKC9,E3,Q9UKC9,Q53EL6,FBXL2,PDCD4,383,1131,enzyme_substrate,0
E3|Q9UKC9|Q99708,E3|Q9UKC9,E3,Q9UKC9,Q99708,FBXL2,RBBP8,383,861,enzyme_substrate,0
E3|Q9UKC9|Q969R5,E3|Q9UKC9,E3,Q9UKC9,Q969R5,FBXL2,L3MBTL2,383,698,enzyme_substrate,0
E3|Q9UKC9|Q02535,E3|Q9UKC9,E3,Q9UKC9,Q02535,FBXL2,ID3,383,1650,enzyme_substrate,0
E3|Q9UKT5|Q71F56,E3|Q9UKT5,E3,Q9UKT5,Q71F56,FBXO4,MED13L,384,1460,enzyme_substrate,0
E3|Q9UKT5|O14543,E3|Q9UKT5,E3,Q9UKT5,O14543,FBXO4,SOCS3,384,9,enzyme_substrate,0
E3|Q9UKT5|P49281,E3|Q9UKT5,E3,Q9UKT5,P49281,FBXO4,SLC11A2,384,508,enzyme_substrate,0
E3|Q9UKT5|P29475,E3|Q9UKT5,E3,Q9UKT5,P29475,FBXO4,NOS1,384,1870,enzyme_substrate,0
E3|Q9UKT8|P26038,E3|Q9UKT8,E3,Q9UKT8,P26038,FBXW2,MSN,387,1668,enzyme_substrate,0
E3|Q9UKT8|Q99816,E3|Q9UKT8,E3,Q9UKT8,Q99816,FBXW2,TSG101,387,664,enzyme_substrate,0
E3|Q9UKT8|O15511,E3|Q9UKT8,E3,Q9UKT8,O15511,FBXW2,ARPC5,387,1416,enzyme_substrate,0
E3|Q9UKT8|Q9Y4L5,E3|Q9UKT8,E3,Q9UKT8,Q9Y4L5,FBXW2,RNF115,387,408,enzyme_substrate,0
E3|Q9UKT8|Q9NR61,E3|Q9UKT8,E3,Q9UKT8,Q9NR61,FBXW2,DLL4,387,500,enzyme_substrate,0
E3|Q9UKT8|Q92985,E3|Q9UKT8,E3,Q9UKT8,Q92985,FBXW2,IRF7,387,781,enzyme_substrate,0
E3|Q9UKT8|Q9NQR1,E3|Q9UKT8,E3,Q9UKT8,Q9NQR1,FBXW2,KMT5A,387,700,enzyme_substrate,0
E3|Q9UKT8|P43694,E3|Q9UKT8,E3,Q9UKT8,P43694,FBXW2,GATA4,387,1873,enzyme_substrate,0
E3|Q9UKV5|Q9NYB9,E3|Q9UKV5,E3,Q9UKV5,Q9NYB9,AMFR,ABI2,388,1092,enzyme_substrate,0
E3|Q9UKV5|P19784,E3|Q9UKV5,E3,Q9UKV5,P19784,AMFR,CSNK2A2,388,1666,enzyme_substrate,0
E3|Q9UKV5|P35573,E3|Q9UKV5,E3,Q9UKV5,P35573,AMFR,AGL,388,1246,enzyme_substrate,0
E3|Q9UKV5|Q15911,E3|Q9UKV5,E3,Q9UKV5,Q15911,AMFR,ZFHX3,388,1160,enzyme_substrate,0
E3|Q9UKV5|Q86YC2,E3|Q9UKV5,E3,Q9UKV5,Q86YC2,AMFR,PALB2,388,1156,enzyme_substrate,0
E3|Q9UKV5|P04198,E3|Q9UKV5,E3,Q9UKV5,P04198,AMFR,MYCN,388,894,enzyme_substrate,0
E3|Q9UKV5|O75376,E3|Q9UKV5,E3,Q9UKV5,O75376,AMFR,NCOR1,388,550,enzyme_substrate,0
E3|Q9UKV5|Q9UBN7,E3|Q9UKV5,E3,Q9UKV5,Q9UBN7,AMFR,HDAC6,388,365,enzyme_substrate,0
E3|Q9UKV5|Q15726,E3|Q9UKV5,E3,Q9UKV5,Q15726,AMFR,KISS1,388,1688,enzyme_substrate,0
E3|Q9UKV5|Q13547,E3|Q9UKV5,E3,Q9UKV5,Q13547,AMFR,HDAC1,388,1230,enzyme_substrate,0
E3|Q9UKV5|P0DP91,E3|Q9UKV5,E3,Q9UKV5,P0DP91,AMFR,ERCC6,388,851,enzyme_substrate,0
E3|Q9UKV5|Q9BSL1,E3|Q9UKV5,E3,Q9UKV5,Q9BSL1,AMFR,UBAC1,388,1707,enzyme_substrate,0
E3|Q9UKV5|Q9P219,E3|Q9UKV5,E3,Q9UKV5,Q9P219,AMFR,CCDC88C,388,1518,enzyme_substrate,0
E3|Q9UKV5|Q96C92,E3|Q9UKV5,E3,Q9UKV5,Q96C92,AMFR,ENTR1,388,1703,enzyme_substrate,0
E3|Q9UKV5|O94782,E3|Q9UKV5,E3,Q9UKV5,O94782,AMFR,USP1,388,420,enzyme_substrate,0
E3|Q9UKV5|P11686,E3|Q9UKV5,E3,Q9UKV5,P11686,AMFR,SFTPC,388,1565,enzyme_substrate,0
E3|Q9UKV5|Q8NFZ0,E3|Q9UKV5,E3,Q9UKV5,Q8NFZ0,AMFR,FBXO18,388,217,enzyme_substrate,0
E3|Q9UKV5|O15379,E3|Q9UKV5,E3,Q9UKV5,O15379,AMFR,HDAC3,388,548,enzyme_substrate,0
E3|Q9UKV5|P62805,E3|Q9UKV5,E3,Q9UKV5,P62805,AMFR,H4C1,388,1278,enzyme_substrate,0
E3|Q9UKV5|P09467,E3|Q9UKV5,E3,Q9UKV5,P09467,AMFR,FBP1,388,1104,enzyme_substrate,0
E3|Q9UKV5|Q96FW1,E3|Q9UKV5,E3,Q9UKV5,Q96FW1,AMFR,OTUB1,388,472,enzyme_substrate,0
E3|Q9ULT8|Q07869,E3|Q9ULT8,E3,Q9ULT8,Q07869,HECTD1,PPARA,389,97,enzyme_substrate,0
E3|Q9ULT8|P43403,E3|Q9ULT8,E3,Q9ULT8,P43403,HECTD1,ZAP70,389,822,enzyme_substrate,0
E3|Q9ULT8|Q13761,E3|Q9ULT8,E3,Q9ULT8,Q13761,HECTD1,RUNX3,389,1030,enzyme_substrate,0
E3|Q9ULT8|Q16589,E3|Q9ULT8,E3,Q9ULT8,Q16589,HECTD1,CCNG2,389,1222,enzyme_substrate,0
E3|Q9ULT8|P07332,E3|Q9ULT8,E3,Q9ULT8,P07332,HECTD1,FES,389,1664,enzyme_substrate,0
E3|Q9ULT8|P21860,E3|Q9ULT8,E3,Q9ULT8,P21860,HECTD1,ERBB3,389,630,enzyme_substrate,0
E3|Q9ULV8|Q96RR4,E3|Q9ULV8,E3,Q9ULV8,Q96RR4,CBLC,CAMKK2,390,1766,enzyme_substrate,0
E3|Q9ULV8|O00763,E3|Q9ULV8,E3,Q9ULV8,O00763,CBLC,ACACB,390,1256,enzyme_substrate,0
E3|Q9ULV8|Q12929,E3|Q9ULV8,E3,Q9ULV8,Q12929,CBLC,EPS8,390,1494,enzyme_substrate,0
E3|Q9UM11|Q8IZG5,E3|Q9UM11,E3,Q9UM11,Q8IZG5,FZR1,SS18,391,1282,enzyme_substrate,0
E3|Q9UM11|P16471,E3|Q9UM11,E3,Q9UM11,P16471,FZR1,PRLR,391,1806,enzyme_substrate,0
E3|Q9UM11|P04233,E3|Q9UM11,E3,Q9UM11,P04233,FZR1,CD74,391,1190,enzyme_substrate,0
E3|Q9UM11|O00233,E3|Q9UM11,E3,Q9UM11,O00233,FZR1,PSMD9,391,1108,enzyme_substrate,0
E3|Q9UM11|Q95IE3,E3|Q9UM11,E3,Q9UM11,Q95IE3,FZR1,HLA-DRB1,391,1203,enzyme_substrate,0
E3|Q9UM11|P29965,E3|Q9UM11,E3,Q9UM11,P29965,FZR1,CD40LG,391,1418,enzyme_substrate,0
E3|Q9UM11|P08678,E3|Q9UM11,E3,Q9UM11,P08678,FZR1,CYR1,391,1820,enzyme_substrate,0
E3|Q9UM11|P62253,E3|Q9UM11,E3,Q9UM11,P62253,FZR1,UBE2G1,391,86,enzyme_substrate,0
E3|Q9UM11|P61968,E3|Q9UM11,E3,Q9UM11,P61968,FZR1,LMO4,391,1752,enzyme_substrate,0
E3|Q9UM11|Q7L8J4,E3|Q9UM11,E3,Q9UM11,Q7L8J4,FZR1,SH3BP5L,391,1743,enzyme_substrate,0
E3|Q9UM11|Q13571,E3|Q9UM11,E3,Q9UM11,Q13571,FZR1,LAPTM5,391,910,enzyme_substrate,0
E3|Q9UM11|P11686,E3|Q9UM11,E3,Q9UM11,P11686,FZR1,SFTPC,391,1565,enzyme_substrate,0
E3|Q9UM11|Q15388,E3|Q9UM11,E3,Q9UM11,Q15388,FZR1,TOMM20,391,643,enzyme_substrate,0
E3|Q9UM11|O15399,E3|Q9UM11,E3,Q9UM11,O15399,FZR1,GRIN2D,391,883,enzyme_substrate,0
E3|Q9UM11|Q9UNK0,E3|Q9UM11,E3,Q9UM11,Q9UNK0,FZR1,STX8,391,1208,enzyme_substrate,0
E3|Q9UM11|P10586,E3|Q9UM11,E3,Q9UM11,P10586,FZR1,PTPRF,391,1316,enzyme_substrate,0
E3|Q9UM11|O43561,E3|Q9UM11,E3,Q9UM11,O43561,FZR1,LAT,391,1930,enzyme_substrate,0
E3|Q9UM11|Q96LA5,E3|Q9UM11,E3,Q9UM11,Q96LA5,FZR1,FCRL2,391,1324,enzyme_substrate,0
E3|Q9UM11|Q30167,E3|Q9UM11,E3,Q9UM11,Q30167,FZR1,HLA-DRB1,391,1201,enzyme_substrate,0
E3|Q9UM11|Q8WU17,E3|Q9UM11,E3,Q9UM11,Q8WU17,FZR1,RNF139,391,233,enzyme_substrate,0
E3|Q9UM11|Q15386,E3|Q9UM11,E3,Q9UM11,Q15386,FZR1,UBE3C,391,123,enzyme_substrate,0
E3|Q9UM11|F5HEZ4,E3|Q9UM11,E3,Q9UM11,F5HEZ4,FZR1,ORF71,391,1523,enzyme_substrate,0
E3|Q9UM11|Q13873,E3|Q9UM11,E3,Q9UM11,Q13873,FZR1,BMPR2,391,1686,enzyme_substrate,0
E3|Q9UM11|P55085,E3|Q9UM11,E3,Q9UM11,P55085,FZR1,F2RL1,391,828,enzyme_substrate,0
E3|Q9UMS4|P19174,E3|Q9UMS4,E3,Q9UMS4,P19174,PRPF19,PLCG1,392,627,enzyme_substrate,0
E3|Q9UMS4|P05777,E3|Q9UMS4,E3,Q9UMS4,P05777,PRPF19,M,392,1529,enzyme_substrate,0
E3|Q9UMS4|O15519,E3|Q9UMS4,E3,Q9UMS4,O15519,PRPF19,CFLAR,392,1525,enzyme_substrate,0
E3|Q9UNE7|Q8N8V4,E3|Q9UNE7,E3,Q9UNE7,Q8N8V4,STUB1,ANKS4B,393,1699,enzyme_substrate,0
E3|Q9UNE7|P03345,E3|Q9UNE7,E3,Q9UNE7,P03345,STUB1,gag,393,1625,enzyme_substrate,0
E3|Q9UNE7|Q9GIY3,E3|Q9UNE7,E3,Q9UNE7,Q9GIY3,STUB1,HLA-DRB1,393,1204,enzyme_substrate,0
E3|Q9UNE7|P17302,E3|Q9UNE7,E3,Q9UNE7,P17302,STUB1,GJA1,393,897,enzyme_substrate,0
E3|Q9UNE7|Q8IZG5,E3|Q9UNE7,E3,Q9UNE7,Q8IZG5,STUB1,SS18,393,1282,enzyme_substrate,0
E3|Q9UNE7|P30304,E3|Q9UNE7,E3,Q9UNE7,P30304,STUB1,CDC25A,393,1808,enzyme_substrate,0
E3|Q9UNE7|P29965,E3|Q9UNE7,E3,Q9UNE7,P29965,STUB1,CD40LG,393,1418,enzyme_substrate,0
E3|Q9UNE7|Q9NRC1,E3|Q9UNE7,E3,Q9UNE7,Q9NRC1,STUB1,ST7,393,1424,enzyme_substrate,0
E3|Q9UNE7|Q6MZQ0,E3|Q9UNE7,E3,Q9UNE7,Q6MZQ0,STUB1,PRR5L,393,1438,enzyme_substrate,0
E3|Q9UNE7|P55061,E3|Q9UNE7,E3,Q9UNE7,P55061,STUB1,TMBIM6,393,1775,enzyme_substrate,0
E3|Q9UNE7|Q05586,E3|Q9UNE7,E3,Q9UNE7,Q05586,STUB1,GRIN1,393,1407,enzyme_substrate,0
E3|Q9UNE7|O00238,E3|Q9UNE7,E3,Q9UNE7,O00238,STUB1,BMPR1B,393,1657,enzyme_substrate,0
E3|Q9UNE7|P53805,E3|Q9UNE7,E3,Q9UNE7,P53805,STUB1,RCAN1,393,1450,enzyme_substrate,0
E3|Q9UNE7|P98155,E3|Q9UNE7,E3,Q9UNE7,P98155,STUB1,VLDLR,393,1434,enzyme_substrate,0
E3|Q9UNE7|P78543,E3|Q9UNE7,E3,Q9UNE7,P78543,STUB1,BTG2,393,1125,enzyme_substrate,0
E3|Q9UNE7|P20039,E3|Q9UNE7,E3,Q9UNE7,P20039,STUB1,HLA-DRB1,393,1195,enzyme_substrate,0
E3|Q9UNE7|P43005,E3|Q9UNE7,E3,Q9UNE7,P43005,STUB1,SLC1A1,393,903,enzyme_substrate,0
E3|Q9UNE7|Q16875,E3|Q9UNE7,E3,Q9UNE7,Q16875,STUB1,PFKFB3,393,1845,enzyme_substrate,0
E3|Q9UNE7|Q99541,E3|Q9UNE7,E3,Q9UNE7,Q99541,STUB1,PLIN2,393,1545,enzyme_substrate,0
E3|Q9UNE7|Q16625,E3|Q9UNE7,E3,Q9UNE7,Q16625,STUB1,OCLN,393,1540,enzyme_substrate,0
E3|Q9UNE7|P13762,E3|Q9UNE7,E3,Q9UNE7,P13762,STUB1,HLA-DRB4,393,1065,enzyme_substrate,0
E3|Q9UNE7|P10586,E3|Q9UNE7,E3,Q9UNE7,P10586,STUB1,PTPRF,393,1316,enzyme_substrate,0
E3|Q9UNE7|Q02779,E3|Q9UNE7,E3,Q9UNE7,Q02779,STUB1,MAP3K10,393,1680,enzyme_substrate,0
E3|Q9UNE7|Q12913,E3|Q9UNE7,E3,Q9UNE7,Q12913,STUB1,PTPRJ,393,1320,enzyme_substrate,0
E3|Q9UNE7|P08514,E3|Q9UNE7,E3,Q9UNE7,P08514,STUB1,ITGA2B,393,1777,enzyme_substrate,0
E3|Q9UNE7|P60903,E3|Q9UNE7,E3,Q9UNE7,P60903,STUB1,S100A10,393,1342,enzyme_substrate,0
E3|Q9UNE7|Q15386,E3|Q9UNE7,E3,Q9UNE7,Q15386,STUB1,UBE3C,393,123,enzyme_substrate,0
E3|Q9UNE7|P78380,E3|Q9UNE7,E3,Q9UNE7,P78380,STUB1,OLR1,393,1301,enzyme_substrate,0
E3|Q9UNE7|P05556,E3|Q9UNE7,E3,Q9UNE7,P05556,STUB1,ITGB1,393,1790,enzyme_substrate,0
E3|Q9UNE7|Q29974,E3|Q9UNE7,E3,Q9UNE7,Q29974,STUB1,HLA-DRB1,393,1198,enzyme_substrate,0
E3|Q9UNE7|P35626,E3|Q9UNE7,E3,Q9UNE7,P35626,STUB1,ADRBK2,393,1669,enzyme_substrate,0
E3|Q9UNE7|Q9Y6W8,E3|Q9UNE7,E3,Q9UNE7,Q9Y6W8,STUB1,ICOS,393,1214,enzyme_substrate,0
E3|Q9UNE7|O95859,E3|Q9UNE7,E3,Q9UNE7,O95859,STUB1,TSPAN12,393,1369,enzyme_substrate,0
E3|Q9UNE7|Q9Y5Y9,E3|Q9UNE7,E3,Q9UNE7,Q9Y5Y9,STUB1,SCN10A,393,1587,enzyme_substrate,0
E3|Q9UNE7|Q9ULJ7,E3|Q9UNE7,E3,Q9UNE7,Q9ULJ7,STUB1,ANKRD50,393,1723,enzyme_substrate,0
E3|Q9UNE7|A0A1B0GVQ0,E3|Q9UNE7,E3,Q9UNE7,A0A1B0GVQ0,STUB1,SPAAR,393,1896,enzyme_substrate,0
E3|Q9UNE7|P01023,E3|Q9UNE7,E3,Q9UNE7,P01023,STUB1,A2M,393,1184,enzyme_substrate,0
E3|Q9UNE7|Q01638,E3|Q9UNE7,E3,Q9UNE7,Q01638,STUB1,IL1RL1,393,1236,enzyme_substrate,0
E3|Q9UNE7|P0C209,E3|Q9UNE7,E3,Q9UNE7,P0C209,STUB1,gag,393,1626,enzyme_substrate,0
E3|Q9UNE7|P41595,E3|Q9UNE7,E3,Q9UNE7,P41595,STUB1,HTR2B,393,1404,enzyme_substrate,0
E3|Q9UNE7|O00459,E3|Q9UNE7,E3,Q9UNE7,O00459,STUB1,PIK3R2,393,1096,enzyme_substrate,0
E3|Q9UNE7|P40189,E3|Q9UNE7,E3,Q9UNE7,P40189,STUB1,IL6ST,393,523,enzyme_substrate,0
E3|Q9UNE7|Q9BRJ6,E3|Q9UNE7,E3,Q9UNE7,Q9BRJ6,STUB1,C7orf50,393,1706,enzyme_substrate,0
E3|Q9UNL4|A9UEZ6,E3|Q9UNL4,E3,Q9UNL4,A9UEZ6,ING4,BCR/ABL fusion,394,1106,enzyme_substrate,0
E3|Q9UPN9|P23458,E3|Q9UPN9,E3,Q9UPN9,P23458,TRIM33,JAK1,395,539,enzyme_substrate,0
E3|Q9UPN9|Q8N0X7,E3|Q9UPN9,E3,Q9UPN9,Q8N0X7,TRIM33,SPART,395,1629,enzyme_substrate,0
E3|Q9UPN9|Q14324,E3|Q9UPN9,E3,Q9UPN9,Q14324,TRIM33,MYBPC2,395,1491,enzyme_substrate,0
E3|Q9UPN9|Q16828,E3|Q9UPN9,E3,Q9UPN9,Q16828,TRIM33,DUSP6,395,603,enzyme_substrate,0
E3|Q9UPQ4|Q30154,E3|Q9UPQ4,E3,Q9UPQ4,Q30154,TRIM35,HLA-DRB5,396,1200,enzyme_substrate,0
E3|Q9UPQ7|P61587,E3|Q9UPQ7,E3,Q9UPQ7,P61587,PDZRN3,RND3,397,1124,enzyme_substrate,0
E3|Q9UPQ7|Q13740,E3|Q9UPQ7,E3,Q9UPQ7,Q13740,PDZRN3,ALCAM,397,962,enzyme_substrate,0
E3|Q9Y252|P53805,E3|Q9Y252,E3,Q9Y252,P53805,RNF6,RCAN1,398,1450,enzyme_substrate,0
E3|Q9Y252|Q96HE7,E3|Q9Y252,E3,Q9Y252,Q96HE7,RNF6,ERO1A,398,1735,enzyme_substrate,0
E3|Q9Y297|Q13571,E3|Q9Y297,E3,Q9Y297,Q13571,BTRC,LAPTM5,399,910,enzyme_substrate,0
E3|Q9Y297|Q8IZP1,E3|Q9Y297,E3,Q9Y297,Q8IZP1,BTRC,TBC1D3,399,1362,enzyme_substrate,0
E3|Q9Y297|Q9Y3D6,E3|Q9Y297,E3,Q9Y297,Q9Y3D6,BTRC,FIS1,399,1761,enzyme_substrate,0
E3|Q9Y297|Q9Y5Y9,E3|Q9Y297,E3,Q9Y297,Q9Y5Y9,BTRC,SCN10A,399,1587,enzyme_substrate,0
E3|Q9Y297|P06576,E3|Q9Y297,E3,Q9Y297,P06576,BTRC,ATP5F1B,399,1484,enzyme_substrate,0
E3|Q9Y297|O75882,E3|Q9Y297,E3,Q9Y297,O75882,BTRC,ATRN,399,1734,enzyme_substrate,0
E3|Q9Y297|Q15465,E3|Q9Y297,E3,Q9Y297,Q15465,BTRC,SHH,399,1633,enzyme_substrate,0
E3|Q9Y297|P79483,E3|Q9Y297,E3,Q9Y297,P79483,BTRC,HLA-DRB3,399,1197,enzyme_substrate,0
E3|Q9Y297|O43490,E3|Q9Y297,E3,Q9Y297,O43490,BTRC,PROM1,399,885,enzyme_substrate,0
E3|Q9Y297|O95140,E3|Q9Y297,E3,Q9Y297,O95140,BTRC,MFN2,399,622,enzyme_substrate,0
E3|Q9Y297|P54098,E3|Q9Y297,E3,Q9Y297,P54098,BTRC,POLG,399,1785,enzyme_substrate,0
E3|Q9Y297|O60294,E3|Q9Y297,E3,Q9Y297,O60294,BTRC,LCMT2,399,1259,enzyme_substrate,0
E3|Q9Y297|Q14896,E3|Q9Y297,E3,Q9Y297,Q14896,BTRC,MYBPC3,399,1479,enzyme_substrate,0
E3|Q9Y297|Q7Z434,E3|Q9Y297,E3,Q9Y297,Q7Z434,BTRC,MAVS,399,1161,enzyme_substrate,0
E3|Q9Y297|Q9NV92,E3|Q9Y297,E3,Q9Y297,Q9NV92,BTRC,NDFIP2,399,930,enzyme_substrate,0
E3|Q9Y297|P08393,E3|Q9Y297,E3,Q9Y297,P08393,BTRC,ICP0,399,56,enzyme_substrate,0
E3|Q9Y297|Q9HBA0,E3|Q9Y297,E3,Q9Y297,Q9HBA0,BTRC,TRPV4,399,1548,enzyme_substrate,0
E3|Q9Y297|Q16611,E3|Q9Y297,E3,Q9Y297,Q16611,BTRC,BAK1,399,1059,enzyme_substrate,0
E3|Q9Y297|P01023,E3|Q9Y297,E3,Q9Y297,P01023,BTRC,A2M,399,1184,enzyme_substrate,0
E3|Q9Y297|Q15386,E3|Q9Y297,E3,Q9Y297,Q15386,BTRC,UBE3C,399,123,enzyme_substrate,0
E3|Q9Y297|Q9UQK1,E3|Q9Y297,E3,Q9Y297,Q9UQK1,BTRC,PPP1R3C,399,1247,enzyme_substrate,0
E3|Q9Y297|O76074,E3|Q9Y297,E3,Q9Y297,O76074,BTRC,PDE5A,399,702,enzyme_substrate,0
E3|Q9Y297|O14543,E3|Q9Y297,E3,Q9Y297,O14543,BTRC,SOCS3,399,9,enzyme_substrate,0
E3|Q9Y297|P62253,E3|Q9Y297,E3,Q9Y297,P62253,BTRC,UBE2G1,399,86,enzyme_substrate,0
E3|Q9Y297|P01848,E3|Q9Y297,E3,Q9Y297,P01848,BTRC,TRAC,399,1295,enzyme_substrate,0
E3|Q9Y297|P10586,E3|Q9Y297,E3,Q9Y297,P10586,BTRC,PTPRF,399,1316,enzyme_substrate,0
E3|Q9Y297|O60762,E3|Q9Y297,E3,Q9Y297,O60762,BTRC,DPM1,399,1856,enzyme_substrate,0
E3|Q9Y297|Q14324,E3|Q9Y297,E3,Q9Y297,Q14324,BTRC,MYBPC2,399,1491,enzyme_substrate,0
E3|Q9Y297|Q9H9R9,E3|Q9Y297,E3,Q9Y297,Q9H9R9,BTRC,DBNDD1,399,1091,enzyme_substrate,0
E3|Q9Y297|Q9UKV5,E3|Q9Y297,E3,Q9Y297,Q9UKV5,BTRC,AMFR,399,388,enzyme_substrate,0
E3|Q9Y297|O60858,E3|Q9Y297,E3,Q9Y297,O60858,BTRC,TRIM13,399,28,enzyme_substrate,0
E3|Q9Y297|O95147,E3|Q9Y297,E3,Q9Y297,O95147,BTRC,NEK2,399,623,enzyme_substrate,0
E3|Q9Y297|P25116,E3|Q9Y297,E3,Q9Y297,P25116,BTRC,F2R,399,900,enzyme_substrate,0
E3|Q9Y297|P29034,E3|Q9Y297,E3,Q9Y297,P29034,BTRC,S100A2,399,1868,enzyme_substrate,0
E3|Q9Y297|P19429,E3|Q9Y297,E3,Q9Y297,P19429,BTRC,TNNI3,399,1477,enzyme_substrate,0
E3|Q9Y297|O95994,E3|Q9Y297,E3,Q9Y297,O95994,BTRC,AGR2,399,708,enzyme_substrate,0
E3|Q9Y297|Q99538,E3|Q9Y297,E3,Q9Y297,Q99538,BTRC,LGMN,399,1940,enzyme_substrate,0
E3|Q9Y297|P04085,E3|Q9Y297,E3,Q9Y297,P04085,BTRC,PDGFA,399,790,enzyme_substrate,0
E3|Q9Y297|Q13794,E3|Q9Y297,E3,Q9Y297,Q13794,BTRC,PMAIP1,399,763,enzyme_substrate,0
E3|Q9Y297|Q9BV40,E3|Q9Y297,E3,Q9Y297,Q9BV40,BTRC,VAMP8,399,1325,enzyme_substrate,0
E3|Q9Y297|P03345,E3|Q9Y297,E3,Q9Y297,P03345,BTRC,gag,399,1625,enzyme_substrate,0
E3|Q9Y297|Q8NHL6,E3|Q9Y297,E3,Q9Y297,Q8NHL6,BTRC,LILRB1,399,1323,enzyme_substrate,0
E3|Q9Y297|Q9HB29,E3|Q9Y297,E3,Q9Y297,Q9HB29,BTRC,IL1RL2,399,1512,enzyme_substrate,0
E3|Q9Y297|Q92813,E3|Q9Y297,E3,Q9Y297,Q92813,BTRC,DIO2,399,666,enzyme_substrate,0
E3|Q9Y297|Q03135,E3|Q9Y297,E3,Q9Y297,Q03135,BTRC,CAV1,399,1375,enzyme_substrate,0
E3|Q9Y297|Q9BYM8,E3|Q9Y297,E3,Q9Y297,Q9BYM8,BTRC,RBCK1,399,299,enzyme_substrate,0
E3|Q9Y297|Q9UNE0,E3|Q9Y297,E3,Q9Y297,Q9UNE0,BTRC,EDAR,399,502,enzyme_substrate,0
E3|Q9Y297|O75473,E3|Q9Y297,E3,Q9Y297,O75473,BTRC,LGR5,399,888,enzyme_substrate,0
E3|Q9Y297|Q9UKL4,E3|Q9Y297,E3,Q9Y297,Q9UKL4,BTRC,GJD2,399,1365,enzyme_substrate,0
E3|Q9Y297|Q12913,E3|Q9Y297,E3,Q9Y297,Q12913,BTRC,PTPRJ,399,1320,enzyme_substrate,0
E3|Q9Y297|P05777,E3|Q9Y297,E3,Q9Y297,P05777,BTRC,M,399,1529,enzyme_substrate,0
E3|Q9Y2K7|Q9NRC1,E3|Q9Y2K7,E3,Q9Y2K7,Q9NRC1,KDM2A,ST7,401,1424,enzyme_substrate,0
E3|Q9Y2M5|P54829,E3|Q9Y2M5,E3,Q9Y2M5,P54829,KLHL20,STK36,402,532,enzyme_substrate,0
E3|Q9Y314|Q13233,E3|Q9Y314,E3,Q9Y314,Q13233,NOSIP,MAP3K1,403,108,enzyme_substrate,0
E3|Q9Y314|Q9HBA0,E3|Q9Y314,E3,Q9Y314,Q9HBA0,NOSIP,TRPV4,403,1548,enzyme_substrate,0
E3|Q9Y3C5|P42336,E3|Q9Y3C5,E3,Q9Y3C5,P42336,RNF11,PIK3CA,404,1933,enzyme_substrate,0
E3|Q9Y3I1|Q04912,E3|Q9Y3I1,E3,Q9Y3I1,Q04912,FBXO7,MST1R,405,830,enzyme_substrate,0
E3|Q9Y4B6|P29475,E3|Q9Y4B6,E3,Q9Y4B6,P29475,DCAF1,NOS1,406,1870,enzyme_substrate,0
E3|Q9Y4B6|P05026,E3|Q9Y4B6,E3,Q9Y4B6,P05026,DCAF1,ATP1B1,406,1501,enzyme_substrate,0
E3|Q9Y4B6|Q92851,E3|Q9Y4B6,E3,Q9Y4B6,Q92851,DCAF1,CASP10,406,1439,enzyme_substrate,0
E3|Q9Y4B6|Q9NZ45,E3|Q9Y4B6,E3,Q9Y4B6,Q9NZ45,DCAF1,CISD1,406,661,enzyme_substrate,0
E3|Q9Y4B6|Q7Z2W7,E3|Q9Y4B6,E3,Q9Y4B6,Q7Z2W7,DCAF1,TRPM8,406,1616,enzyme_substrate,0
E3|Q9Y4B6|O76074,E3|Q9Y4B6,E3,Q9Y4B6,O76074,DCAF1,PDE5A,406,702,enzyme_substrate,0
E3|Q9Y4B6|P03129,E3|Q9Y4B6,E3,Q9Y4B6,P03129,DCAF1,E7,406,1111,enzyme_substrate,0
E3|Q9Y4K3|P26006,E3|Q9Y4K3,E3,Q9Y4K3,P26006,TRAF6,ITGA3,407,2104,enzyme_substrate,0
E3|Q9Y4K3|A9UEZ6,E3|Q9Y4K3,E3,Q9Y4K3,A9UEZ6,TRAF6,BCR/ABL fusion,407,1106,enzyme_substrate,0
E3|Q9Y4K3|Q9UQK1,E3|Q9Y4K3,E3,Q9Y4K3,Q9UQK1,TRAF6,PPP1R3C,407,1247,enzyme_substrate,0
E3|Q9Y4K3|P07333,E3|Q9Y4K3,E3,Q9Y4K3,P07333,TRAF6,CSF1R,407,796,enzyme_substrate,0
E3|Q9Y4K3|Q8N6M0,E3|Q9Y4K3,E3,Q9Y4K3,Q8N6M0,TRAF6,OTUD6B,407,1698,enzyme_substrate,0
E3|Q9Y4K3|Q9NV92,E3|Q9Y4K3,E3,Q9Y4K3,Q9NV92,TRAF6,NDFIP2,407,930,enzyme_substrate,0
E3|Q9Y4K3|Q92813,E3|Q9Y4K3,E3,Q9Y4K3,Q92813,TRAF6,DIO2,407,666,enzyme_substrate,0
E3|Q9Y4K3|P01130,E3|Q9Y4K3,E3,Q9Y4K3,P01130,TRAF6,LDLR,407,1433,enzyme_substrate,0
E3|Q9Y4K3|O95502,E3|Q9Y4K3,E3,Q9Y4K3,O95502,TRAF6,NPTXR,407,721,enzyme_substrate,0
E3|Q9Y4K3|P40189,E3|Q9Y4K3,E3,Q9Y4K3,P40189,TRAF6,IL6ST,407,523,enzyme_substrate,0
E3|Q9Y4K3|Q8NBJ4,E3|Q9Y4K3,E3,Q9Y4K3,Q8NBJ4,TRAF6,GOLM1,407,1354,enzyme_substrate,0
E3|Q9Y4K3|Q95IE3,E3|Q9Y4K3,E3,Q9Y4K3,Q95IE3,TRAF6,HLA-DRB1,407,1203,enzyme_substrate,0
E3|Q9Y4K3|P22455,E3|Q9Y4K3,E3,Q9Y4K3,P22455,TRAF6,FGFR4,407,812,enzyme_substrate,0
E3|Q9Y4K3|Q13571,E3|Q9Y4K3,E3,Q9Y4K3,Q13571,TRAF6,LAPTM5,407,910,enzyme_substrate,0
E3|Q9Y4K3|Q01151,E3|Q9Y4K3,E3,Q9Y4K3,Q01151,TRAF6,CD83,407,1422,enzyme_substrate,0
E3|Q9Y4K3|P29322,E3|Q9Y4K3,E3,Q9Y4K3,P29322,TRAF6,EPHA8,407,816,enzyme_substrate,0
E3|Q9Y4L5|Q08AJ9,E3|Q9Y4L5,E3,Q9Y4L5,Q08AJ9,RNF115,HIST1H2AB,408,1311,enzyme_substrate,0
E3|Q9Y4L5|Q8NHL6,E3|Q9Y4L5,E3,Q9Y4L5,Q8NHL6,RNF115,LILRB1,408,1323,enzyme_substrate,0
E3|Q9Y4X5|Q15836,E3|Q9Y4X5,E3,Q9Y4X5,Q15836,ARIH1,VAMP3,409,1310,enzyme_substrate,0
E3|Q9Y4X5|P46109,E3|Q9Y4X5,E3,Q9Y4X5,P46109,ARIH1,CRKL,409,824,enzyme_substrate,0
E3|Q9Y577|Q9H1I8,E3|Q9Y577,E3,Q9Y577,Q9H1I8,TRIM17,ASCC2,412,1467,enzyme_substrate,0
E3|Q9Y577|Q9P2F8,E3|Q9Y577,E3,Q9Y577,Q9P2F8,TRIM17,SIPA1L2,412,1813,enzyme_substrate,0
E3|Q9Y577|Q9BQ15,E3|Q9Y577,E3,Q9Y577,Q9BQ15,TRIM17,NABP2,412,1801,enzyme_substrate,0
E3|Q9Y577|Q8IXI2,E3|Q9Y577,E3,Q9Y577,Q8IXI2,TRIM17,RHOT1,412,648,enzyme_substrate,0
E3|Q9Y577|Q16558,E3|Q9Y577,E3,Q9Y577,Q16558,TRIM17,KCNMB1,412,1480,enzyme_substrate,0
E3|Q9Y6I7|P79483,E3|Q9Y6I7,E3,Q9Y6I7,P79483,WSB1,HLA-DRB3,413,1197,enzyme_substrate,0
E3|Q9Y6I7|P17302,E3|Q9Y6I7,E3,Q9Y6I7,P17302,WSB1,GJA1,413,897,enzyme_substrate,0
E3|Q9Y6I7|Q9Y286,E3|Q9Y6I7,E3,Q9Y6I7,Q9Y286,WSB1,SIGLEC7,413,524,enzyme_substrate,0
E3|Q9Y6I7|Q15173,E3|Q9Y6I7,E3,Q9Y6I7,Q15173,WSB1,PPP2R5B,413,1554,enzyme_substrate,0
DUB|A6NNY8|P08069,DUB|A6NNY8,DUB,A6NNY8,P08069,USP27X,IGF1R,414,798,enzyme_substrate,0
DUB|A6NNY8|O14737,DUB|A6NNY8,DUB,A6NNY8,O14737,USP27X,PDCD5,414,2073,enzyme_substrate,0
DUB|A6NNY8|P36894,DUB|A6NNY8,DUB,A6NNY8,P36894,USP27X,BMPR1A,414,1670,enzyme_substrate,0
DUB|O00487|Q96P20,DUB|O00487,DUB,O00487,Q96P20,PSMD14,NLRP3,415,650,enzyme_substrate,0
DUB|O00487|O15287,DUB|O00487,DUB,O00487,O15287,PSMD14,FANCG,415,1978,enzyme_substrate,0
DUB|O00487|P43246,DUB|O00487,DUB,O00487,P43246,PSMD14,MSH2,415,2013,enzyme_substrate,0
DUB|O00487|Q14694,DUB|O00487,DUB,O00487,Q14694,PSMD14,USP10,415,436,enzyme_substrate,0
DUB|O00487|O43395,DUB|O00487,DUB,O00487,O43395,PSMD14,PRPF3,415,1851,enzyme_substrate,0
DUB|O00487|P05412,DUB|O00487,DUB,O00487,P05412,PSMD14,JUN,415,587,enzyme_substrate,0
DUB|O00487|O14497,DUB|O00487,DUB,O00487,O14497,PSMD14,ARID1A,415,1980,enzyme_substrate,0
DUB|O00487|Q9NZN5,DUB|O00487,DUB,O00487,Q9NZN5,PSMD14,ARHGEF12,415,2082,enzyme_substrate,0
DUB|O00487|O15111,DUB|O00487,DUB,O00487,O15111,PSMD14,CHUK,415,1803,enzyme_substrate,0
DUB|O00487|O95786,DUB|O00487,DUB,O00487,O95786,PSMD14,DDX58,415,51,enzyme_substrate,0
DUB|O00487|P60484,DUB|O00487,DUB,O00487,P60484,PSMD14,PTEN,415,509,enzyme_substrate,0
DUB|O00507|P98170,DUB|O00507,DUB,O00507,P98170,USP9Y,XIAP,416,93,enzyme_substrate,0
DUB|O00507|Q15388,DUB|O00507,DUB,O00507,Q15388,USP9Y,TOMM20,416,643,enzyme_substrate,0
DUB|O75317|O14737,DUB|O75317,DUB,O75317,O14737,USP12,PDCD5,418,2073,enzyme_substrate,0
DUB|O75604|O15519,DUB|O75604,DUB,O75604,O15519,USP2,CFLAR,419,1525,enzyme_substrate,0
DUB|O75604|P42773,DUB|O75604,DUB,O75604,P42773,USP2,CDKN2C,419,2078,enzyme_substrate,0
DUB|O94782|O14640,DUB|O94782,DUB,O94782,O14640,USP1,DVL1,420,1255,enzyme_substrate,0
DUB|O94782|O43353,DUB|O94782,DUB,O94782,O43353,USP1,RIPK2,420,967,enzyme_substrate,0
DUB|O94782|Q15465,DUB|O94782,DUB,O94782,Q15465,USP1,SHH,420,1633,enzyme_substrate,0
DUB|O94782|P42773,DUB|O94782,DUB,O94782,P42773,USP1,CDKN2C,420,2078,enzyme_substrate,0
DUB|O94782|Q86YR5,DUB|O94782,DUB,O94782,Q86YR5,USP1,GPSM1,420,2053,enzyme_substrate,0
DUB|O94782|Q8N4S9,DUB|O94782,DUB,O94782,Q8N4S9,USP1,MARVELD2,420,2085,enzyme_substrate,0
DUB|O94782|Q9Y577,DUB|O94782,DUB,O94782,Q9Y577,USP1,TRIM17,420,412,enzyme_substrate,0
DUB|O94966|Q8WWY3,DUB|O94966,DUB,O94966,Q8WWY3,USP19,PRPF31,421,2006,enzyme_substrate,0
DUB|O94966|P51955,DUB|O94966,DUB,O94966,P51955,USP19,NEK2,421,634,enzyme_substrate,0
DUB|O94966|Q08999,DUB|O94966,DUB,O94966,Q08999,USP19,RBL2,421,1127,enzyme_substrate,0
DUB|O94966|Q9UMS4,DUB|O94966,DUB,O94966,Q9UMS4,USP19,PRPF19,421,392,enzyme_substrate,0
DUB|O94966|P42773,DUB|O94966,DUB,O94966,P42773,USP19,CDKN2C,421,2078,enzyme_substrate,0
DUB|O94966|Q13042,DUB|O94966,DUB,O94966,Q13042,USP19,CDC16,421,2022,enzyme_substrate,0
DUB|O94966|Q8NAP3,DUB|O94966,DUB,O94966,Q8NAP3,USP19,ZBTB38,421,746,enzyme_substrate,0
DUB|O94966|P51587,DUB|O94966,DUB,O94966,P51587,USP19,BRCA2,421,1121,enzyme_substrate,0
DUB|O94966|O43663,DUB|O94966,DUB,O94966,O43663,USP19,PRC1,421,20,enzyme_substrate,0
DUB|O94966|O95602,DUB|O94966,DUB,O94966,O95602,USP19,POLR1A,421,2083,enzyme_substrate,0
DUB|O94966|P35226,DUB|O94966,DUB,O94966,P35226,USP19,BMI1,421,72,enzyme_substrate,0
DUB|O94966|P11441,DUB|O94966,DUB,O94966,P11441,USP19,UBL4A,421,62,enzyme_substrate,0
DUB|O94966|P30304,DUB|O94966,DUB,O94966,P30304,USP19,CDC25A,421,1808,enzyme_substrate,0
DUB|O94966|Q03468,DUB|O94966,DUB,O94966,Q03468,USP19,ERCC6,421,1099,enzyme_substrate,0
DUB|O95630|P49411,DUB|O95630,DUB,O95630,P49411,STAMBP,TUFM,49,1976,enzyme_substrate,0
DUB|P09936|Q9H7L9,DUB|P09936,DUB,P09936,Q9H7L9,UCHL1,SUDS3,58,1997,enzyme_substrate,0
DUB|P09936|O43684,DUB|P09936,DUB,P09936,O43684,UCHL1,BUB3,58,2057,enzyme_substrate,0
DUB|P09936|P51965,DUB|P09936,DUB,P09936,P51965,UCHL1,UBE2E1,58,2059,enzyme_substrate,0
DUB|P09936|Q9H211,DUB|P09936,DUB,P09936,Q9H211,UCHL1,CDT1,58,782,enzyme_substrate,0
DUB|P09936|P14780,DUB|P09936,DUB,P09936,P14780,UCHL1,MMP9,58,1963,enzyme_substrate,0
DUB|P09936|Q12888,DUB|P09936,DUB,P09936,Q12888,UCHL1,TP53BP1,58,598,enzyme_substrate,0
DUB|P09936|Q6FI13,DUB|P09936,DUB,P09936,Q6FI13,UCHL1,HIST2H2AA4,58,580,enzyme_substrate,0
DUB|P09936|Q9ULT8,DUB|P09936,DUB,P09936,Q9ULT8,UCHL1,HECTD1,58,389,enzyme_substrate,0
DUB|P09936|O75461,DUB|P09936,DUB,P09936,O75461,UCHL1,E2F6,58,2092,enzyme_substrate,0
DUB|P15374|Q92819,DUB|P15374,DUB,P15374,Q92819,UCHL3,HAS2,423,2007,enzyme_substrate,0
DUB|P15374|Q9UL17,DUB|P15374,DUB,P15374,Q9UL17,UCHL3,TBX21,423,2019,enzyme_substrate,0
DUB|P15374|Q9HA47,DUB|P15374,DUB,P15374,Q9HA47,UCHL3,UCK1,423,2075,enzyme_substrate,0
DUB|P15374|Q14469,DUB|P15374,DUB,P15374,Q14469,UCHL3,HES1,423,1944,enzyme_substrate,0
DUB|P21580|Q99835,DUB|P21580,DUB,P21580,Q99835,TNFAIP3,SMO,67,1971,enzyme_substrate,0
DUB|P21580|Q04771,DUB|P21580,DUB,P21580,Q04771,TNFAIP3,ACVR1,67,1681,enzyme_substrate,0
DUB|P21580|P33981,DUB|P21580,DUB,P21580,P33981,TNFAIP3,TTK,67,2048,enzyme_substrate,0
DUB|P21580|Q13619,DUB|P21580,DUB,P21580,Q13619,TNFAIP3,CUL4A,67,2037,enzyme_substrate,0
DUB|P21580|O60337,DUB|P21580,DUB,P21580,O60337,TNFAIP3,MARCHF6,67,25,enzyme_substrate,0
DUB|P21580|O95140,DUB|P21580,DUB,P21580,O95140,TNFAIP3,MFN2,67,622,enzyme_substrate,0
DUB|P35125|P27694,DUB|P35125,DUB,P35125,P27694,USP6,RPA1,424,1853,enzyme_substrate,0
DUB|P35125|O43684,DUB|P35125,DUB,P35125,O43684,USP6,BUB3,424,2057,enzyme_substrate,0
DUB|P45974|Q9HA47,DUB|P45974,DUB,P45974,Q9HA47,USP5,UCK1,426,2075,enzyme_substrate,0
DUB|P45974|P36897,DUB|P45974,DUB,P45974,P36897,USP5,TGFBR1,426,869,enzyme_substrate,0
DUB|P45974|Q96RJ0,DUB|P45974,DUB,P45974,Q96RJ0,USP5,TAAR1,426,1992,enzyme_substrate,0
DUB|P45974|Q8IVP5,DUB|P45974,DUB,P45974,Q8IVP5,USP5,FUNDC1,426,1954,enzyme_substrate,0
DUB|P46736|O95180,DUB|P46736,DUB,P46736,O95180,BRCC3,CACNA1H,427,1974,enzyme_substrate,0
DUB|P46736|Q12809,DUB|P46736,DUB,P46736,Q12809,BRCC3,KCNH2,427,597,enzyme_substrate,0
DUB|P46736|P25445,DUB|P46736,DUB,P46736,P25445,BRCC3,FAS,427,1948,enzyme_substrate,0
DUB|P46736|O95140,DUB|P46736,DUB,P46736,O95140,BRCC3,MFN2,427,622,enzyme_substrate,0
DUB|P51784|P04179,DUB|P51784,DUB,P51784,P04179,USP11,SOD2,428,527,enzyme_substrate,0
DUB|P51784|Q04771,DUB|P51784,DUB,P51784,Q04771,USP11,ACVR1,428,1681,enzyme_substrate,0
DUB|P51784|O15519,DUB|P51784,DUB,P51784,O15519,USP11,CFLAR,428,1525,enzyme_substrate,0
DUB|P51784|Q9UBS5,DUB|P51784,DUB,P51784,Q9UBS5,USP11,GABBR1,428,1993,enzyme_substrate,0
DUB|P51784|Q92819,DUB|P51784,DUB,P51784,Q92819,USP11,HAS2,428,2007,enzyme_substrate,0
DUB|P51784|P14780,DUB|P51784,DUB,P51784,P14780,USP11,MMP9,428,1963,enzyme_substrate,0
DUB|P51784|P18084,DUB|P51784,DUB,P51784,P18084,USP11,ITGB5,428,2009,enzyme_substrate,0
DUB|P51784|P33981,DUB|P51784,DUB,P51784,P33981,USP11,TTK,428,2048,enzyme_substrate,0
DUB|P51784|A2AIR5,DUB|P51784,DUB,P51784,A2AIR5,USP11,Grin3a,428,1962,enzyme_substrate,0
DUB|P51784|Q4U2R8,DUB|P51784,DUB,P51784,Q4U2R8,USP11,SLC22A6,428,1966,enzyme_substrate,0
DUB|P51784|Q8WTU0,DUB|P51784,DUB,P51784,Q8WTU0,USP11,DDI1,428,1061,enzyme_substrate,0
DUB|P51784|P10145,DUB|P51784,DUB,P51784,P10145,USP11,CXCL8,428,1957,enzyme_substrate,0
DUB|P51784|Q12809,DUB|P51784,DUB,P51784,Q12809,USP11,KCNH2,428,597,enzyme_substrate,0
DUB|P51784|Q8IVP5,DUB|P51784,DUB,P51784,Q8IVP5,USP11,FUNDC1,428,1954,enzyme_substrate,0
DUB|P54252|Q5XPI4,DUB|P54252,DUB,P54252,Q5XPI4,ATXN3,RNF123,429,142,enzyme_substrate,0
DUB|P54252|Q9UHD2,DUB|P54252,DUB,P54252,Q9UHD2,ATXN3,TBK1,429,767,enzyme_substrate,0
DUB|P54252|Q15154,DUB|P54252,DUB,P54252,Q15154,ATXN3,PCM1,429,1330,enzyme_substrate,0
DUB|P54252|A0A291NLA3,DUB|P54252,DUB,P54252,A0A291NLA3,ATXN3,SIGIRR,429,2038,enzyme_substrate,0
DUB|P54578|Q05516,DUB|P54578,DUB,P54578,Q05516,USP14,ZBTB16,430,2030,enzyme_substrate,0
DUB|P54578|Q9HA47,DUB|P54578,DUB,P54578,Q9HA47,USP14,UCK1,430,2075,enzyme_substrate,0
DUB|P54578|P04908,DUB|P54578,DUB,P54578,P04908,USP14,HIST1H2AE,430,577,enzyme_substrate,0
DUB|P54578|Q9ULT8,DUB|P54578,DUB,P54578,Q9ULT8,USP14,HECTD1,430,389,enzyme_substrate,0
DUB|P54578|P23759,DUB|P54578,DUB,P54578,P23759,USP14,PAX7,430,899,enzyme_substrate,0
DUB|P54578|Q92828,DUB|P54578,DUB,P54578,Q92828,USP14,CORO2A,430,1955,enzyme_substrate,0
DUB|P54578|A0A291NLA3,DUB|P54578,DUB,P54578,A0A291NLA3,USP14,SIGIRR,430,2038,enzyme_substrate,0
DUB|P54578|Q8WYQ5,DUB|P54578,DUB,P54578,Q8WYQ5,USP14,DGCR8,430,2026,enzyme_substrate,0
DUB|P62068|P20226,DUB|P62068,DUB,P62068,P20226,USP46,TBP,431,2010,enzyme_substrate,0
DUB|P62068|P08581,DUB|P62068,DUB,P62068,P08581,USP46,MET,431,800,enzyme_substrate,0
DUB|P62068|O15151,DUB|P62068,DUB,P62068,O15151,USP46,MDM4,431,12,enzyme_substrate,0
DUB|P62068|Q8N4S9,DUB|P62068,DUB,P62068,Q8N4S9,USP46,MARVELD2,431,2085,enzyme_substrate,0
DUB|P62068|O95180,DUB|P62068,DUB,P62068,O95180,USP46,CACNA1H,431,1974,enzyme_substrate,0
DUB|P62068|Q9UGP5,DUB|P62068,DUB,P62068,Q9UGP5,USP46,POLL,431,1285,enzyme_substrate,0
DUB|P62068|Q9UPP1,DUB|P62068,DUB,P62068,Q9UPP1,USP46,PHF8,431,1075,enzyme_substrate,0
DUB|Q01804|Q92819,DUB|Q01804,DUB,Q01804,Q92819,OTUD4,HAS2,432,2007,enzyme_substrate,0
DUB|Q01804|P33981,DUB|Q01804,DUB,Q01804,P33981,OTUD4,TTK,432,2048,enzyme_substrate,0
DUB|Q05CD9|O60346,DUB|Q05CD9,DUB,Q05CD9,O60346,USP8,PHLPP1,433,1377,enzyme_substrate,0
DUB|Q05CD9|O95835,DUB|Q05CD9,DUB,Q05CD9,O95835,USP8,LATS1,433,52,enzyme_substrate,0
DUB|Q0WX57|Q9UBS5,DUB|Q0WX57,DUB,Q0WX57,Q9UBS5,USP17L30,GABBR1,434,1993,enzyme_substrate,0
DUB|Q13107|O15519,DUB|Q13107,DUB,Q13107,O15519,USP4,CFLAR,435,1525,enzyme_substrate,0
DUB|Q13107|P04234,DUB|Q13107,DUB,Q13107,P04234,USP4,CD3D,435,669,enzyme_substrate,0
DUB|Q13107|Q96RJ0,DUB|Q13107,DUB,Q13107,Q96RJ0,USP4,TAAR1,435,1992,enzyme_substrate,0
DUB|Q13107|O43521,DUB|Q13107,DUB,Q13107,O43521,USP4,BCL2L11,435,786,enzyme_substrate,0
DUB|Q13107|Q04771,DUB|Q13107,DUB,Q13107,Q04771,USP4,ACVR1,435,1681,enzyme_substrate,0
DUB|Q13107|Q16625,DUB|Q13107,DUB,Q13107,Q16625,USP4,OCLN,435,1540,enzyme_substrate,0
DUB|Q13107|Q9Y570,DUB|Q13107,DUB,Q13107,Q9Y570,USP4,PPME1,435,2084,enzyme_substrate,0
DUB|Q13107|P36894,DUB|Q13107,DUB,Q13107,P36894,USP4,BMPR1A,435,1670,enzyme_substrate,0
DUB|Q13107|O95180,DUB|Q13107,DUB,Q13107,O95180,USP4,CACNA1H,435,1974,enzyme_substrate,0
DUB|Q13107|P04179,DUB|Q13107,DUB,Q13107,P04179,USP4,SOD2,435,527,enzyme_substrate,0
DUB|Q13107|O14737,DUB|Q13107,DUB,Q13107,O14737,USP4,PDCD5,435,2073,enzyme_substrate,0
DUB|Q14694|P08069,DUB|Q14694,DUB,Q14694,P08069,USP10,IGF1R,436,798,enzyme_substrate,0
DUB|Q14694|Q96RJ0,DUB|Q14694,DUB,Q14694,Q96RJ0,USP10,TAAR1,436,1992,enzyme_substrate,0
DUB|Q14694|A0A291NLA3,DUB|Q14694,DUB,Q14694,A0A291NLA3,USP10,SIGIRR,436,2038,enzyme_substrate,0
DUB|Q14694|Q02246,DUB|Q14694,DUB,Q14694,Q02246,USP10,CNTN2,436,2080,enzyme_substrate,0
DUB|Q14694|Q8N4S9,DUB|Q14694,DUB,Q14694,Q8N4S9,USP10,MARVELD2,436,2085,enzyme_substrate,0
DUB|Q14694|P08581,DUB|Q14694,DUB,Q14694,P08581,USP10,MET,436,800,enzyme_substrate,0
DUB|Q14694|P36897,DUB|Q14694,DUB,Q14694,P36897,USP10,TGFBR1,436,869,enzyme_substrate,0
DUB|Q14694|O15554,DUB|Q14694,DUB,Q14694,O15554,USP10,KCNN4,436,1964,enzyme_substrate,0
DUB|Q14694|P36894,DUB|Q14694,DUB,Q14694,P36894,USP10,BMPR1A,436,1670,enzyme_substrate,0
DUB|Q14694|Q15388,DUB|Q14694,DUB,Q14694,Q15388,USP10,TOMM20,436,643,enzyme_substrate,0
DUB|Q14694|P37023,DUB|Q14694,DUB,Q14694,P37023,USP10,ACVRL1,436,2068,enzyme_substrate,0
DUB|Q14694|Q96JA1,DUB|Q14694,DUB,Q14694,Q96JA1,USP10,LRIG1,436,834,enzyme_substrate,0
DUB|Q14694|P04234,DUB|Q14694,DUB,Q14694,P04234,USP10,CD3D,436,669,enzyme_substrate,0
DUB|Q14694|P26927,DUB|Q14694,DUB,Q14694,P26927,USP10,MST1,436,1931,enzyme_substrate,0
DUB|Q14694|O95180,DUB|Q14694,DUB,Q14694,O95180,USP10,CACNA1H,436,1974,enzyme_substrate,0
DUB|Q15040|Q14469,DUB|Q15040,DUB,Q15040,Q14469,JOSD1,HES1,438,1944,enzyme_substrate,0
DUB|Q15040|Q13619,DUB|Q15040,DUB,Q15040,Q13619,JOSD1,CUL4A,438,2037,enzyme_substrate,0
DUB|Q15040|P20226,DUB|Q15040,DUB,Q15040,P20226,JOSD1,TBP,438,2010,enzyme_substrate,0
DUB|Q4G0A6|P15407,DUB|Q4G0A6,DUB,Q4G0A6,P15407,MINDY4,FOSL1,439,2086,enzyme_substrate,0
DUB|Q4G0A6|P06239,DUB|Q4G0A6,DUB,Q4G0A6,P06239,MINDY4,LCK,439,794,enzyme_substrate,0
DUB|Q504Q3|A2AIR5,DUB|Q504Q3,DUB,Q504Q3,A2AIR5,PAN2,Grin3a,440,1962,enzyme_substrate,0
DUB|Q53GS9|O75385,DUB|Q53GS9,DUB,Q53GS9,O75385,USP39,ULK1,441,1094,enzyme_substrate,0
DUB|Q53GS9|Q13546,DUB|Q53GS9,DUB,Q53GS9,Q13546,USP39,RIPK1,441,783,enzyme_substrate,0
DUB|Q53GS9|Q15154,DUB|Q53GS9,DUB,Q53GS9,Q15154,USP39,PCM1,441,1330,enzyme_substrate,0
DUB|Q5D1E8|Q92828,DUB|Q5D1E8,DUB,Q5D1E8,Q92828,ZC3H12A,CORO2A,442,1955,enzyme_substrate,0
DUB|Q5VV17|P35228,DUB|Q5VV17,DUB,Q5VV17,P35228,OTUD1,NOS2,444,1597,enzyme_substrate,0
DUB|Q5VV17|P04150,DUB|Q5VV17,DUB,Q5VV17,P04150,OTUD1,NR3C1,444,1001,enzyme_substrate,0
DUB|Q5VV17|Q02556,DUB|Q5VV17,DUB,Q5VV17,Q02556,OTUD1,IRF8,444,779,enzyme_substrate,0
DUB|Q5VV17|P41134,DUB|Q5VV17,DUB,Q5VV17,P41134,OTUD1,ID1,444,1646,enzyme_substrate,0
DUB|Q5VV17|Q9HAU4,DUB|Q5VV17,DUB,Q5VV17,Q9HAU4,OTUD1,SMURF2,444,327,enzyme_substrate,0
DUB|Q5VV17|O43623,DUB|Q5VV17,DUB,Q5VV17,O43623,OTUD1,SNAI2,444,756,enzyme_substrate,0
DUB|Q5VV17|Q05516,DUB|Q5VV17,DUB,Q5VV17,Q05516,OTUD1,ZBTB16,444,2030,enzyme_substrate,0
DUB|Q5VV17|P40763,DUB|Q5VV17,DUB,Q5VV17,P40763,OTUD1,STAT3,444,1016,enzyme_substrate,0
DUB|Q5VV17|P08581,DUB|Q5VV17,DUB,Q5VV17,P08581,OTUD1,MET,444,800,enzyme_substrate,0
DUB|Q5VV17|P37173,DUB|Q5VV17,DUB,Q5VV17,P37173,OTUD1,TGFBR2,444,1275,enzyme_substrate,0
DUB|Q5VV17|Q14790,DUB|Q5VV17,DUB,Q5VV17,Q14790,OTUD1,CASP8,444,981,enzyme_substrate,0
DUB|Q5VV17|Q13042,DUB|Q5VV17,DUB,Q5VV17,Q13042,OTUD1,CDC16,444,2022,enzyme_substrate,0
DUB|Q5VVQ6|Q08999,DUB|Q5VVQ6,DUB,Q5VVQ6,Q08999,YOD1,RBL2,446,1127,enzyme_substrate,0
DUB|Q5VVQ6|Q9H211,DUB|Q5VVQ6,DUB,Q5VVQ6,Q9H211,YOD1,CDT1,446,782,enzyme_substrate,0
DUB|Q5VVQ6|Q96T88,DUB|Q5VVQ6,DUB,Q5VVQ6,Q96T88,YOD1,UHRF1,446,283,enzyme_substrate,0
DUB|Q6GQQ9|Q15388,DUB|Q6GQQ9,DUB,Q6GQQ9,Q15388,OTUD7B,TOMM20,447,643,enzyme_substrate,0
DUB|Q6GQQ9|P04629,DUB|Q6GQQ9,DUB,Q6GQQ9,P04629,OTUD7B,NTRK1,447,895,enzyme_substrate,0
DUB|Q6GQQ9|Q8TB45,DUB|Q6GQQ9,DUB,Q6GQQ9,Q8TB45,OTUD7B,DEPTOR,447,764,enzyme_substrate,0
DUB|Q6P468|P61073,DUB|Q6P468,DUB,Q6P468,P61073,USP9X,CXCR4,448,1534,enzyme_substrate,0
DUB|Q6P468|P26927,DUB|Q6P468,DUB,Q6P468,P26927,USP9X,MST1,448,1931,enzyme_substrate,0
DUB|Q6P468|Q9UER7,DUB|Q6P468,DUB,Q6P468,Q9UER7,USP9X,DAXX,448,615,enzyme_substrate,0
DUB|Q6R6M4|P53396,DUB|Q6R6M4,DUB,Q6R6M4,P53396,USP17L2,ACLY,449,2040,enzyme_substrate,0
DUB|Q6R6M4|O60493,DUB|Q6R6M4,DUB,Q6R6M4,O60493,USP17L2,SNX3,449,2008,enzyme_substrate,0
DUB|Q6R6M4|P37173,DUB|Q6R6M4,DUB,Q6R6M4,P37173,USP17L2,TGFBR2,449,1275,enzyme_substrate,0
DUB|Q6R6M4|Q16828,DUB|Q6R6M4,DUB,Q6R6M4,Q16828,USP17L2,DUSP6,449,603,enzyme_substrate,0
DUB|Q6R6M4|Q9UBS5,DUB|Q6R6M4,DUB,Q6R6M4,Q9UBS5,USP17L2,GABBR1,449,1993,enzyme_substrate,0
DUB|Q6R6M4|O95140,DUB|Q6R6M4,DUB,Q6R6M4,O95140,USP17L2,MFN2,449,622,enzyme_substrate,0
DUB|Q6R6M4|Q13635,DUB|Q6R6M4,DUB,Q6R6M4,Q13635,USP17L2,PTCH1,449,1535,enzyme_substrate,0
DUB|Q70CQ1|Q03518,DUB|Q70CQ1,DUB,Q70CQ1,Q03518,USP49,TAP1,450,2016,enzyme_substrate,0
DUB|Q70CQ1|P36894,DUB|Q70CQ1,DUB,Q70CQ1,P36894,USP49,BMPR1A,450,1670,enzyme_substrate,0
DUB|Q70CQ1|O14737,DUB|Q70CQ1,DUB,Q70CQ1,O14737,USP49,PDCD5,450,2073,enzyme_substrate,0
DUB|Q70CQ2|P12004,DUB|Q70CQ2,DUB,Q70CQ2,P12004,USP34,PCNA,451,692,enzyme_substrate,0
DUB|Q70CQ2|Q13546,DUB|Q70CQ2,DUB,Q70CQ2,Q13546,USP34,RIPK1,451,783,enzyme_substrate,0
DUB|Q70CQ2|Q05586,DUB|Q70CQ2,DUB,Q70CQ2,Q05586,USP34,GRIN1,451,1407,enzyme_substrate,0
DUB|Q70CQ2|P53350,DUB|Q70CQ2,DUB,Q70CQ2,P53350,USP34,PLK1,451,1182,enzyme_substrate,0
DUB|Q70CQ2|Q9HA47,DUB|Q70CQ2,DUB,Q70CQ2,Q9HA47,USP34,UCK1,451,2075,enzyme_substrate,0
DUB|Q70CQ2|Q9UMS4,DUB|Q70CQ2,DUB,Q70CQ2,Q9UMS4,USP34,PRPF19,451,392,enzyme_substrate,0
DUB|Q70CQ2|Q15051,DUB|Q70CQ2,DUB,Q70CQ2,Q15051,USP34,IQCB1,451,2051,enzyme_substrate,0
DUB|Q70CQ2|P53396,DUB|Q70CQ2,DUB,Q70CQ2,P53396,USP34,ACLY,451,2040,enzyme_substrate,0
DUB|Q70CQ3|Q13887,DUB|Q70CQ3,DUB,Q70CQ3,Q13887,USP30,KLF5,452,1159,enzyme_substrate,0
DUB|Q70CQ3|Q92905,DUB|Q70CQ3,DUB,Q70CQ3,Q92905,USP30,COPS5,452,465,enzyme_substrate,0
DUB|Q70CQ3|Q92466,DUB|Q70CQ3,DUB,Q70CQ3,Q92466,USP30,DDB2,452,244,enzyme_substrate,0
DUB|Q70CQ3|Q15154,DUB|Q70CQ3,DUB,Q70CQ3,Q15154,USP30,PCM1,452,1330,enzyme_substrate,0
DUB|Q70CQ3|Q05195,DUB|Q70CQ3,DUB,Q70CQ3,Q05195,USP30,MXD1,452,1147,enzyme_substrate,0
DUB|Q70CQ3|Q8WYQ5,DUB|Q70CQ3,DUB,Q70CQ3,Q8WYQ5,USP30,DGCR8,452,2026,enzyme_substrate,0
DUB|Q70CQ3|P16104,DUB|Q70CQ3,DUB,Q70CQ3,P16104,USP30,H2AFX,452,579,enzyme_substrate,0
DUB|Q70EK8|O15105,DUB|Q70EK8,DUB,Q70EK8,O15105,USP53,SMAD7,453,504,enzyme_substrate,0
DUB|Q70EK9|Q99683,DUB|Q70EK9,DUB,Q70EK9,Q99683,USP51,MAP3K5,454,1149,enzyme_substrate,0
DUB|Q70EK9|Q9NR09,DUB|Q70EK9,DUB,Q70EK9,Q9NR09,USP51,BIRC6,454,333,enzyme_substrate,0
DUB|Q70EK9|Q16828,DUB|Q70EK9,DUB,Q70EK9,Q16828,USP51,DUSP6,454,603,enzyme_substrate,0
DUB|Q70EK9|Q96JA1,DUB|Q70EK9,DUB,Q70EK9,Q96JA1,USP51,LRIG1,454,834,enzyme_substrate,0
DUB|Q70EL4|Q01860,DUB|Q70EL4,DUB,Q70EL4,Q01860,USP43,POU5F1,457,511,enzyme_substrate,0
DUB|Q70EL4|Q9BXW9,DUB|Q70EL4,DUB,Q70EL4,Q9BXW9,USP43,FANCD2,457,862,enzyme_substrate,0
DUB|Q7L8S5|P04179,DUB|Q7L8S5,DUB,Q7L8S5,P04179,OTUD6A,SOD2,458,527,enzyme_substrate,0
DUB|Q7L8S5|P04049,DUB|Q7L8S5,DUB,Q7L8S5,P04049,OTUD6A,RAF1,458,969,enzyme_substrate,0
DUB|Q7L8S5|Q9H6Z9,DUB|Q7L8S5,DUB,Q7L8S5,Q9H6Z9,OTUD6A,EGLN3,458,571,enzyme_substrate,0
DUB|Q7L8S5|Q8WWY3,DUB|Q7L8S5,DUB,Q7L8S5,Q8WWY3,OTUD6A,PRPF31,458,2006,enzyme_substrate,0
DUB|Q86T82|Q99538,DUB|Q86T82,DUB,Q86T82,Q99538,USP37,LGMN,459,1940,enzyme_substrate,0
DUB|Q86T82|Q9UHD2,DUB|Q86T82,DUB,Q86T82,Q9UHD2,USP37,TBK1,459,767,enzyme_substrate,0
DUB|Q86T82|Q96CW5,DUB|Q86T82,DUB,Q86T82,Q96CW5,USP37,TUBGCP3,459,2036,enzyme_substrate,0
DUB|Q86T82|Q86WI3,DUB|Q86T82,DUB,Q86T82,Q86WI3,USP37,NLRC5,459,1991,enzyme_substrate,0
DUB|Q86T82|P47895,DUB|Q86T82,DUB,Q86T82,P47895,USP37,ALDH1A3,459,2049,enzyme_substrate,0
DUB|Q86T82|Q13114,DUB|Q86T82,DUB,Q86T82,Q13114,USP37,TRAF3,459,105,enzyme_substrate,0
DUB|Q86T82|Q8IXI2,DUB|Q86T82,DUB,Q86T82,Q8IXI2,USP37,RHOT1,459,648,enzyme_substrate,0
DUB|Q86UV5|P21860,DUB|Q86UV5,DUB,Q86UV5,P21860,USP48,ERBB3,460,630,enzyme_substrate,0
DUB|Q8N5J2|O14737,DUB|Q8N5J2,DUB,Q8N5J2,O14737,MINDY1,PDCD5,461,2073,enzyme_substrate,0
DUB|Q8N5J2|P23759,DUB|Q8N5J2,DUB,Q8N5J2,P23759,MINDY1,PAX7,461,899,enzyme_substrate,0
DUB|Q8NB14|Q96JA1,DUB|Q8NB14,DUB,Q8NB14,Q96JA1,USP38,LRIG1,462,834,enzyme_substrate,0
DUB|Q8TEY7|P43246,DUB|Q8TEY7,DUB,Q8TEY7,P43246,USP33,MSH2,463,2013,enzyme_substrate,0
DUB|Q8TEY7|O14773,DUB|Q8TEY7,DUB,Q8TEY7,O14773,USP33,TPP1,463,687,enzyme_substrate,0
DUB|Q8TEY7|O15151,DUB|Q8TEY7,DUB,Q8TEY7,O15151,USP33,MDM4,463,12,enzyme_substrate,0
DUB|Q8TEY7|Q8NHW3,DUB|Q8TEY7,DUB,Q8TEY7,Q8NHW3,USP33,MAFA,463,2062,enzyme_substrate,0
DUB|Q8TEY7|Q9H3R0,DUB|Q8TEY7,DUB,Q8TEY7,Q9H3R0,USP33,KDM4C,463,2055,enzyme_substrate,0
DUB|Q8TEY7|Q14135,DUB|Q8TEY7,DUB,Q8TEY7,Q14135,USP33,VGLL4,463,1983,enzyme_substrate,0
DUB|Q8TEY7|Q8IXJ9,DUB|Q8TEY7,DUB,Q8TEY7,Q8IXJ9,USP33,ASXL1,463,2061,enzyme_substrate,0
DUB|Q8TEY7|P36894,DUB|Q8TEY7,DUB,Q8TEY7,P36894,USP33,BMPR1A,463,1670,enzyme_substrate,0
DUB|Q92560|P10145,DUB|Q92560,DUB,Q92560,P10145,BAP1,CXCL8,464,1957,enzyme_substrate,0
DUB|Q92560|Q8IXI2,DUB|Q92560,DUB,Q92560,Q8IXI2,BAP1,RHOT1,464,648,enzyme_substrate,0
DUB|Q92560|Q96JA1,DUB|Q92560,DUB,Q92560,Q96JA1,BAP1,LRIG1,464,834,enzyme_substrate,0
DUB|Q92560|P26927,DUB|Q92560,DUB,Q92560,P26927,BAP1,MST1,464,1931,enzyme_substrate,0
DUB|Q92560|Q9ULT8,DUB|Q92560,DUB,Q92560,Q9ULT8,BAP1,HECTD1,464,389,enzyme_substrate,0
DUB|Q92560|P37173,DUB|Q92560,DUB,Q92560,P37173,BAP1,TGFBR2,464,1275,enzyme_substrate,0
DUB|Q92560|P07550,DUB|Q92560,DUB,Q92560,P07550,BAP1,ADRB2,464,867,enzyme_substrate,0
DUB|Q92560|Q03518,DUB|Q92560,DUB,Q92560,Q03518,BAP1,TAP1,464,2016,enzyme_substrate,0
DUB|Q92560|Q13619,DUB|Q92560,DUB,Q92560,Q13619,BAP1,CUL4A,464,2037,enzyme_substrate,0
DUB|Q92905|P37023,DUB|Q92905,DUB,Q92905,P37023,COPS5,ACVRL1,465,2068,enzyme_substrate,0
DUB|Q92905|P04179,DUB|Q92905,DUB,Q92905,P04179,COPS5,SOD2,465,527,enzyme_substrate,0
DUB|Q92995|Q13619,DUB|Q92995,DUB,Q92995,Q13619,USP13,CUL4A,466,2037,enzyme_substrate,0
DUB|Q92995|Q03431,DUB|Q92995,DUB,Q92995,Q03431,USP13,PTH1R,466,1949,enzyme_substrate,0
DUB|Q92995|P23771,DUB|Q92995,DUB,Q92995,P23771,USP13,GATA3,466,2087,enzyme_substrate,0
DUB|Q92995|Q16656,DUB|Q92995,DUB,Q92995,Q16656,USP13,NRF1,466,562,enzyme_substrate,0
DUB|Q92995|Q9ULT8,DUB|Q92995,DUB,Q92995,Q9ULT8,USP13,HECTD1,466,389,enzyme_substrate,0
DUB|Q92995|Q6FI13,DUB|Q92995,DUB,Q92995,Q6FI13,USP13,HIST2H2AA4,466,580,enzyme_substrate,0
DUB|Q92995|P30304,DUB|Q92995,DUB,Q92995,P30304,USP13,CDC25A,466,1808,enzyme_substrate,0
DUB|Q92995|Q14669,DUB|Q92995,DUB,Q92995,Q14669,USP13,TRIP12,466,120,enzyme_substrate,0
DUB|Q92995|Q92828,DUB|Q92995,DUB,Q92995,Q92828,USP13,CORO2A,466,1955,enzyme_substrate,0
DUB|Q92995|Q08999,DUB|Q92995,DUB,Q92995,Q08999,USP13,RBL2,466,1127,enzyme_substrate,0
DUB|Q92995|P78396,DUB|Q92995,DUB,Q92995,P78396,USP13,CCNA1,466,2029,enzyme_substrate,0
DUB|Q93008|P20226,DUB|Q93008,DUB,Q93008,P20226,USP9X,TBP,467,2010,enzyme_substrate,0
DUB|Q93008|P04198,DUB|Q93008,DUB,Q93008,P04198,USP9X,MYCN,467,894,enzyme_substrate,0
DUB|Q93008|Q8IVP5,DUB|Q93008,DUB,Q93008,Q8IVP5,USP9X,FUNDC1,467,1954,enzyme_substrate,0
DUB|Q93008|P42261,DUB|Q93008,DUB,Q93008,P42261,USP9X,GRIA1,467,902,enzyme_substrate,0
DUB|Q93008|Q9UBS5,DUB|Q93008,DUB,Q93008,Q9UBS5,USP9X,GABBR1,467,1993,enzyme_substrate,0
DUB|Q93008|Q86TM6,DUB|Q93008,DUB,Q93008,Q86TM6,USP9X,SYVN1,467,178,enzyme_substrate,0
DUB|Q93008|P04908,DUB|Q93008,DUB,Q93008,P04908,USP9X,HIST1H2AE,467,577,enzyme_substrate,0
DUB|Q93008|P37173,DUB|Q93008,DUB,Q93008,P37173,USP9X,TGFBR2,467,1275,enzyme_substrate,0
DUB|Q93008|O75444,DUB|Q93008,DUB,Q93008,O75444,USP9X,MAF,467,887,enzyme_substrate,0
DUB|Q93008|Q9H4P4,DUB|Q93008,DUB,Q93008,Q9H4P4,USP9X,RNF41,467,323,enzyme_substrate,0
DUB|Q93008|P40305,DUB|Q93008,DUB,Q93008,P40305,USP9X,IFI27,467,1337,enzyme_substrate,0
DUB|Q93008|P04234,DUB|Q93008,DUB,Q93008,P04234,USP9X,CD3D,467,669,enzyme_substrate,0
DUB|Q93008|Q9H040,DUB|Q93008,DUB,Q93008,Q9H040,USP9X,SPRTN,467,1986,enzyme_substrate,0
DUB|Q93008|P78344,DUB|Q93008,DUB,Q93008,P78344,USP9X,EIF4G2,467,1988,enzyme_substrate,0
DUB|Q93008|P37275,DUB|Q93008,DUB,Q93008,P37275,USP9X,ZEB1,467,555,enzyme_substrate,0
DUB|Q93008|Q9UL17,DUB|Q93008,DUB,Q93008,Q9UL17,USP9X,TBX21,467,2019,enzyme_substrate,0
DUB|Q93008|Q02218,DUB|Q93008,DUB,Q93008,Q02218,USP9X,OGDH,467,2041,enzyme_substrate,0
DUB|Q93008|Q16777,DUB|Q93008,DUB,Q93008,Q16777,USP9X,HIST2H2AC,467,696,enzyme_substrate,0
DUB|Q93008|Q9UGP5,DUB|Q93008,DUB,Q93008,Q9UGP5,USP9X,POLL,467,1285,enzyme_substrate,0
DUB|Q93008|Q86YC2,DUB|Q93008,DUB,Q93008,Q86YC2,USP9X,PALB2,467,1156,enzyme_substrate,0
DUB|Q93008|Q9Y253,DUB|Q93008,DUB,Q93008,Q9Y253,USP9X,POLH,467,1559,enzyme_substrate,0
DUB|Q93008|P26358,DUB|Q93008,DUB,Q93008,P26358,USP9X,DNMT1,467,1593,enzyme_substrate,0
DUB|Q93008|Q9HCX3,DUB|Q93008,DUB,Q93008,Q9HCX3,USP9X,ZNF304,467,2076,enzyme_substrate,0
DUB|Q93008|Q04771,DUB|Q93008,DUB,Q93008,Q04771,USP9X,ACVR1,467,1681,enzyme_substrate,0
DUB|Q93008|P51170,DUB|Q93008,DUB,Q93008,P51170,USP9X,SCNN1G,467,906,enzyme_substrate,0
DUB|Q93008|Q05516,DUB|Q93008,DUB,Q93008,Q05516,USP9X,ZBTB16,467,2030,enzyme_substrate,0
DUB|Q93008|P09467,DUB|Q93008,DUB,Q93008,P09467,USP9X,FBP1,467,1104,enzyme_substrate,0
DUB|Q93008|Q02246,DUB|Q93008,DUB,Q93008,Q02246,USP9X,CNTN2,467,2080,enzyme_substrate,0
DUB|Q93008|Q14669,DUB|Q93008,DUB,Q93008,Q14669,USP9X,TRIP12,467,120,enzyme_substrate,0
DUB|Q93008|Q15233,DUB|Q93008,DUB,Q93008,Q15233,USP9X,NONO,467,695,enzyme_substrate,0
DUB|Q93008|P55085,DUB|Q93008,DUB,Q93008,P55085,USP9X,F2RL1,467,828,enzyme_substrate,0
DUB|Q93008|Q9Y294,DUB|Q93008,DUB,Q93008,Q9Y294,USP9X,ASF1A,467,2020,enzyme_substrate,0
DUB|Q93008|Q6FI13,DUB|Q93008,DUB,Q93008,Q6FI13,USP9X,HIST2H2AA4,467,580,enzyme_substrate,0
DUB|Q93008|P24864,DUB|Q93008,DUB,Q93008,P24864,USP9X,CCNE1,467,593,enzyme_substrate,0
DUB|Q93008|Q9UKV5,DUB|Q93008,DUB,Q93008,Q9UKV5,USP9X,AMFR,467,388,enzyme_substrate,0
DUB|Q93008|P29274,DUB|Q93008,DUB,Q93008,P29274,USP9X,ADORA2A,467,2002,enzyme_substrate,0
DUB|Q93008|P16104,DUB|Q93008,DUB,Q93008,P16104,USP9X,H2AFX,467,579,enzyme_substrate,0
DUB|Q93008|Q15388,DUB|Q93008,DUB,Q93008,Q15388,USP9X,TOMM20,467,643,enzyme_substrate,0
DUB|Q93008|Q8N4S9,DUB|Q93008,DUB,Q93008,Q8N4S9,USP9X,MARVELD2,467,2085,enzyme_substrate,0
DUB|Q93008|Q99708,DUB|Q93008,DUB,Q93008,Q99708,USP9X,RBBP8,467,861,enzyme_substrate,0
DUB|Q93009|Q05586,DUB|Q93009,DUB,Q93009,Q05586,USP7,GRIN1,468,1407,enzyme_substrate,0
DUB|Q93009|Q15388,DUB|Q93009,DUB,Q93009,Q15388,USP7,TOMM20,468,643,enzyme_substrate,0
DUB|Q93009|P42261,DUB|Q93009,DUB,Q93009,P42261,USP7,GRIA1,468,902,enzyme_substrate,0
DUB|Q93009|Q9UPY5,DUB|Q93009,DUB,Q93009,Q9UPY5,USP7,SLC7A11,468,2071,enzyme_substrate,0
DUB|Q93009|Q9NYV9,DUB|Q93009,DUB,Q93009,Q9NYV9,USP7,TAS2R13,468,2056,enzyme_substrate,0
DUB|Q93009|Q9HA47,DUB|Q93009,DUB,Q93009,Q9HA47,USP7,UCK1,468,2075,enzyme_substrate,0
DUB|Q93009|O15554,DUB|Q93009,DUB,Q93009,O15554,USP7,KCNN4,468,1964,enzyme_substrate,0
DUB|Q93009|Q8IVP5,DUB|Q93009,DUB,Q93009,Q8IVP5,USP7,FUNDC1,468,1954,enzyme_substrate,0
DUB|Q93009|P10145,DUB|Q93009,DUB,Q93009,P10145,USP7,CXCL8,468,1957,enzyme_substrate,0
DUB|Q93009|P36897,DUB|Q93009,DUB,Q93009,P36897,USP7,TGFBR1,468,869,enzyme_substrate,0
DUB|Q93009|Q9UKV5,DUB|Q93009,DUB,Q93009,Q9UKV5,USP7,AMFR,468,388,enzyme_substrate,0
DUB|Q93009|A0A291NLA3,DUB|Q93009,DUB,Q93009,A0A291NLA3,USP7,SIGIRR,468,2038,enzyme_substrate,0
DUB|Q93009|A2AIR5,DUB|Q93009,DUB,Q93009,A2AIR5,USP7,Grin3a,468,1962,enzyme_substrate,0
DUB|Q93009|Q03518,DUB|Q93009,DUB,Q93009,Q03518,USP7,TAP1,468,2016,enzyme_substrate,0
DUB|Q93009|Q12809,DUB|Q93009,DUB,Q93009,Q12809,USP7,KCNH2,468,597,enzyme_substrate,0
DUB|Q93009|P08069,DUB|Q93009,DUB,Q93009,P08069,USP7,IGF1R,468,798,enzyme_substrate,0
DUB|Q93009|P25445,DUB|Q93009,DUB,Q93009,P25445,USP7,FAS,468,1948,enzyme_substrate,0
DUB|Q93009|P14780,DUB|Q93009,DUB,Q93009,P14780,USP7,MMP9,468,1963,enzyme_substrate,0
DUB|Q93009|Q13635,DUB|Q93009,DUB,Q93009,Q13635,USP7,PTCH1,468,1535,enzyme_substrate,0
DUB|Q93009|Q04771,DUB|Q93009,DUB,Q93009,Q04771,USP7,ACVR1,468,1681,enzyme_substrate,0
DUB|Q93009|Q9Y256,DUB|Q93009,DUB,Q93009,Q9Y256,USP7,RCE1,468,1998,enzyme_substrate,0
DUB|Q93009|P07550,DUB|Q93009,DUB,Q93009,P07550,USP7,ADRB2,468,867,enzyme_substrate,0
DUB|Q93009|P18084,DUB|Q93009,DUB,Q93009,P18084,USP7,ITGB5,468,2009,enzyme_substrate,0
DUB|Q93009|O15519,DUB|Q93009,DUB,Q93009,O15519,USP7,CFLAR,468,1525,enzyme_substrate,0
DUB|Q93009|Q9Y570,DUB|Q93009,DUB,Q93009,Q9Y570,USP7,PPME1,468,2084,enzyme_substrate,0
DUB|Q93009|Q9UBS5,DUB|Q93009,DUB,Q93009,Q9UBS5,USP7,GABBR1,468,1993,enzyme_substrate,0
DUB|Q93009|P78344,DUB|Q93009,DUB,Q93009,P78344,USP7,EIF4G2,468,1988,enzyme_substrate,0
DUB|Q93009|Q9ULT8,DUB|Q93009,DUB,Q93009,Q9ULT8,USP7,HECTD1,468,389,enzyme_substrate,0
DUB|Q93009|O95180,DUB|Q93009,DUB,Q93009,O95180,USP7,CACNA1H,468,1974,enzyme_substrate,0
DUB|Q93009|Q9H5J4,DUB|Q93009,DUB,Q93009,Q9H5J4,USP7,ELOVL6,468,1950,enzyme_substrate,0
DUB|Q93009|O75365,DUB|Q93009,DUB,Q93009,O75365,USP7,PTP4A3,468,1898,enzyme_substrate,0
DUB|Q93009|P37023,DUB|Q93009,DUB,Q93009,P37023,USP7,ACVRL1,468,2068,enzyme_substrate,0
DUB|Q96BN8|Q9UIF9,DUB|Q96BN8,DUB,Q96BN8,Q9UIF9,OTULIN,BAZ2A,469,2089,enzyme_substrate,0
DUB|Q96DC9|Q00987,DUB|Q96DC9,DUB,Q96DC9,Q00987,OTUB2,MDM2,470,94,enzyme_substrate,0
DUB|Q96DC9|Q99496,DUB|Q96DC9,DUB,Q96DC9,Q99496,OTUB2,RNF2,470,284,enzyme_substrate,0
DUB|Q96DC9|P08253,DUB|Q96DC9,DUB,Q96DC9,P08253,OTUB2,MMP2,470,1947,enzyme_substrate,0
DUB|Q96DC9|Q96J02,DUB|Q96DC9,DUB,Q96DC9,Q96J02,OTUB2,ITCH,470,267,enzyme_substrate,0
DUB|Q96DC9|O15111,DUB|Q96DC9,DUB,Q96DC9,O15111,OTUB2,CHUK,470,1803,enzyme_substrate,0
DUB|Q96DC9|Q9P2Y5,DUB|Q96DC9,DUB,Q96DC9,Q9P2Y5,OTUB2,UVRAG,470,1720,enzyme_substrate,0
DUB|Q96DC9|Q9UGP5,DUB|Q96DC9,DUB,Q96DC9,Q9UGP5,OTUB2,POLL,470,1285,enzyme_substrate,0
DUB|Q96DC9|Q9H8V3,DUB|Q96DC9,DUB,Q96DC9,Q9H8V3,OTUB2,ECT2,470,2064,enzyme_substrate,0
DUB|Q96DX7|Q9H6R0,DUB|Q96DX7,DUB,Q96DX7,Q9H6R0,TRIM44,DHX33,471,1892,enzyme_substrate,0
DUB|Q96DX7|O43623,DUB|Q96DX7,DUB,Q96DX7,O43623,TRIM44,SNAI2,471,756,enzyme_substrate,0
DUB|Q96DX7|Q92633,DUB|Q96DX7,DUB,Q96DX7,Q92633,TRIM44,LPAR1,471,1984,enzyme_substrate,0
DUB|Q96DX7|P25054,DUB|Q96DX7,DUB,Q96DX7,P25054,TRIM44,APC,471,2097,enzyme_substrate,0
DUB|Q96F44|P05231,DUB|Q96F44,DUB,Q96F44,P05231,TRIM11,IL6,264,1956,enzyme_substrate,0
DUB|Q96FW1|P04198,DUB|Q96FW1,DUB,Q96FW1,P04198,OTUB1,MYCN,472,894,enzyme_substrate,0
DUB|Q96FW1|P08581,DUB|Q96FW1,DUB,Q96FW1,P08581,OTUB1,MET,472,800,enzyme_substrate,0
DUB|Q96FW1|P35354,DUB|Q96FW1,DUB,Q96FW1,P35354,OTUB1,PTGS2,472,2093,enzyme_substrate,0
DUB|Q96FW1|P23771,DUB|Q96FW1,DUB,Q96FW1,P23771,OTUB1,GATA3,472,2087,enzyme_substrate,0
DUB|Q96FW1|P0C0S8,DUB|Q96FW1,DUB,Q96FW1,P0C0S8,OTUB1,HIST1H2AM,472,691,enzyme_substrate,0
DUB|Q96FW1|Q9BZK7,DUB|Q96FW1,DUB,Q96FW1,Q9BZK7,OTUB1,TBL1XR1,472,1952,enzyme_substrate,0
DUB|Q96FW1|Q03518,DUB|Q96FW1,DUB,Q96FW1,Q03518,OTUB1,TAP1,472,2016,enzyme_substrate,0
DUB|Q96FW1|P62807,DUB|Q96FW1,DUB,Q96FW1,P62807,OTUB1,HIST1H2BI,472,1217,enzyme_substrate,0
DUB|Q96FW1|Q13887,DUB|Q96FW1,DUB,Q96FW1,Q13887,OTUB1,KLF5,472,1159,enzyme_substrate,0
DUB|Q96FW1|Q86TM6,DUB|Q96FW1,DUB,Q96FW1,Q86TM6,OTUB1,SYVN1,472,178,enzyme_substrate,0
DUB|Q96FW1|P0C0S5,DUB|Q96FW1,DUB,Q96FW1,P0C0S5,OTUB1,H2AFZ,472,578,enzyme_substrate,0
DUB|Q96G74|O75581,DUB|Q96G74,DUB,Q96G74,O75581,OTUD5,LRP6,473,1528,enzyme_substrate,0
DUB|Q96G74|Q9Y4H2,DUB|Q96G74,DUB,Q96G74,Q9Y4H2,OTUD5,IRS2,473,525,enzyme_substrate,0
DUB|Q96G74|Q8IWA4,DUB|Q96G74,DUB,Q96G74,Q8IWA4,OTUD5,MFN1,473,646,enzyme_substrate,0
DUB|Q96G74|P30304,DUB|Q96G74,DUB,Q96G74,P30304,OTUD5,CDC25A,473,1808,enzyme_substrate,0
DUB|Q96G74|Q99259,DUB|Q96G74,DUB,Q96G74,Q99259,OTUD5,GAD1,473,1994,enzyme_substrate,0
DUB|Q96G74|P18084,DUB|Q96G74,DUB,Q96G74,P18084,OTUD5,ITGB5,473,2009,enzyme_substrate,0
DUB|Q96G74|O43353,DUB|Q96G74,DUB,Q96G74,O43353,OTUD5,RIPK2,473,967,enzyme_substrate,0
DUB|Q96G74|P05556,DUB|Q96G74,DUB,Q96G74,P05556,OTUD5,ITGB1,473,1790,enzyme_substrate,0
DUB|Q96G74|Q86TM6,DUB|Q96G74,DUB,Q96G74,Q86TM6,OTUD5,SYVN1,473,178,enzyme_substrate,0
DUB|Q96G74|Q13635,DUB|Q96G74,DUB,Q96G74,Q13635,OTUD5,PTCH1,473,1535,enzyme_substrate,0
DUB|Q96G74|O75143,DUB|Q96G74,DUB,Q96G74,O75143,OTUD5,ATG13,473,2067,enzyme_substrate,0
DUB|Q96K76|Q8NAP3,DUB|Q96K76,DUB,Q96K76,Q8NAP3,USP47,ZBTB38,475,746,enzyme_substrate,0
DUB|Q96K76|P04179,DUB|Q96K76,DUB,Q96K76,P04179,USP47,SOD2,475,527,enzyme_substrate,0
DUB|Q96K76|P37023,DUB|Q96K76,DUB,Q96K76,P37023,USP47,ACVRL1,475,2068,enzyme_substrate,0
DUB|Q96K76|P23759,DUB|Q96K76,DUB,Q96K76,P23759,USP47,PAX7,475,899,enzyme_substrate,0
DUB|Q96RU2|P35228,DUB|Q96RU2,DUB,Q96RU2,P35228,USP28,NOS2,476,1597,enzyme_substrate,0
DUB|Q96RU2|P01584,DUB|Q96RU2,DUB,Q96RU2,P01584,USP28,IL1B,476,1945,enzyme_substrate,0
DUB|Q96RU2|Q96RJ0,DUB|Q96RU2,DUB,Q96RU2,Q96RJ0,USP28,TAAR1,476,1992,enzyme_substrate,0
DUB|Q96RU2|O95835,DUB|Q96RU2,DUB,Q96RU2,O95835,USP28,LATS1,476,52,enzyme_substrate,0
DUB|Q96RU2|P37088,DUB|Q96RU2,DUB,Q96RU2,P37088,USP28,SCNN1A,476,1568,enzyme_substrate,0
DUB|Q96RU2|Q16828,DUB|Q96RU2,DUB,Q96RU2,Q16828,USP28,DUSP6,476,603,enzyme_substrate,0
DUB|Q96RU2|Q12809,DUB|Q96RU2,DUB,Q96RU2,Q12809,USP28,KCNH2,476,597,enzyme_substrate,0
DUB|Q96RU2|Q9H257,DUB|Q96RU2,DUB,Q96RU2,Q9H257,USP28,CARD9,476,1609,enzyme_substrate,0
DUB|Q9BXU7|P48764,DUB|Q9BXU7,DUB,Q9BXU7,P48764,USP26,SLC9A3,477,2014,enzyme_substrate,0
DUB|Q9C040|Q8NAP3,DUB|Q9C040,DUB,Q9C040,Q8NAP3,TRIM2,ZBTB38,308,746,enzyme_substrate,0
DUB|Q9C040|P28562,DUB|Q9C040,DUB,Q9C040,P28562,TRIM2,DUSP1,308,1116,enzyme_substrate,0
DUB|Q9H0E7|Q9Y256,DUB|Q9H0E7,DUB,Q9H0E7,Q9Y256,USP44,RCE1,478,1998,enzyme_substrate,0
DUB|Q9H0E7|P05556,DUB|Q9H0E7,DUB,Q9H0E7,P05556,USP44,ITGB1,478,1790,enzyme_substrate,0
DUB|Q9H0E7|Q9H5J4,DUB|Q9H0E7,DUB,Q9H0E7,Q9H5J4,USP44,ELOVL6,478,1950,enzyme_substrate,0
DUB|Q9H3M9|O95166,DUB|Q9H3M9,DUB,Q9H3M9,O95166,ATXN3L,GABARAP,479,1987,enzyme_substrate,0
DUB|Q9H9J4|Q16204,DUB|Q9H9J4,DUB,Q9H9J4,Q16204,USP42,CCDC6,480,1457,enzyme_substrate,0
DUB|Q9H9J4|O15151,DUB|Q9H9J4,DUB,Q9H9J4,O15151,USP42,MDM4,480,12,enzyme_substrate,0
DUB|Q9H9J4|P30304,DUB|Q9H9J4,DUB,Q9H9J4,P30304,USP42,CDC25A,480,1808,enzyme_substrate,0
DUB|Q9H9J4|P23771,DUB|Q9H9J4,DUB,Q9H9J4,P23771,USP42,GATA3,480,2087,enzyme_substrate,0
DUB|Q9H9J4|Q9P2Y5,DUB|Q9H9J4,DUB,Q9H9J4,Q9P2Y5,USP42,UVRAG,480,1720,enzyme_substrate,0
DUB|Q9H9J4|Q12888,DUB|Q9H9J4,DUB,Q9H9J4,Q12888,USP42,TP53BP1,480,598,enzyme_substrate,0
DUB|Q9HBJ7|Q08050,DUB|Q9HBJ7,DUB,Q9HBJ7,Q08050,USP29,FOXM1,481,1817,enzyme_substrate,0
DUB|Q9NQC7|P15407,DUB|Q9NQC7,DUB,Q9NQC7,P15407,CYLD,FOSL1,482,2086,enzyme_substrate,0
DUB|Q9NQC7|O14737,DUB|Q9NQC7,DUB,Q9NQC7,O14737,CYLD,PDCD5,482,2073,enzyme_substrate,0
DUB|Q9NQC7|O00512,DUB|Q9NQC7,DUB,Q9NQC7,O00512,CYLD,BCL9,482,2044,enzyme_substrate,0
DUB|Q9NQC7|P51965,DUB|Q9NQC7,DUB,Q9NQC7,P51965,CYLD,UBE2E1,482,2059,enzyme_substrate,0
DUB|Q9NQC7|P62807,DUB|Q9NQC7,DUB,Q9NQC7,P62807,CYLD,HIST1H2BI,482,1217,enzyme_substrate,0
DUB|Q9NQC7|Q16778,DUB|Q9NQC7,DUB,Q9NQC7,Q16778,CYLD,HIST2H2BE,482,676,enzyme_substrate,0
DUB|Q9NQC7|P04908,DUB|Q9NQC7,DUB,Q9NQC7,P04908,CYLD,HIST1H2AE,482,577,enzyme_substrate,0
DUB|Q9NQC7|Q8NAP3,DUB|Q9NQC7,DUB,Q9NQC7,Q8NAP3,CYLD,ZBTB38,482,746,enzyme_substrate,0
DUB|Q9NQC7|Q99538,DUB|Q9NQC7,DUB,Q9NQC7,Q99538,CYLD,LGMN,482,1940,enzyme_substrate,0
DUB|Q9NQC7|P26927,DUB|Q9NQC7,DUB,Q9NQC7,P26927,CYLD,MST1,482,1931,enzyme_substrate,0
DUB|Q9NQC7|Q16777,DUB|Q9NQC7,DUB,Q9NQC7,Q16777,CYLD,HIST2H2AC,482,696,enzyme_substrate,0
DUB|Q9NQC7|Q8IXJ9,DUB|Q9NQC7,DUB,Q9NQC7,Q8IXJ9,CYLD,ASXL1,482,2061,enzyme_substrate,0
DUB|Q9NQC7|O75943,DUB|Q9NQC7,DUB,Q9NQC7,O75943,CYLD,RAD17,482,2094,enzyme_substrate,0
DUB|Q9NQC7|P35659,DUB|Q9NQC7,DUB,Q9NQC7,P35659,CYLD,DEK,482,595,enzyme_substrate,0
DUB|Q9NQC7|P30291,DUB|Q9NQC7,DUB,Q9NQC7,P30291,CYLD,WEE1,482,1596,enzyme_substrate,0
DUB|Q9P275|P37023,DUB|Q9P275,DUB,Q9P275,P37023,USP36,ACVRL1,483,2068,enzyme_substrate,0
DUB|Q9P275|P36894,DUB|Q9P275,DUB,Q9P275,P36894,USP36,BMPR1A,483,1670,enzyme_substrate,0
DUB|Q9P275|O75365,DUB|Q9P275,DUB,Q9P275,O75365,USP36,PTP4A3,483,1898,enzyme_substrate,0
DUB|Q9P2H5|Q9Y256,DUB|Q9P2H5,DUB,Q9P2H5,Q9Y256,USP35,RCE1,484,1998,enzyme_substrate,0
DUB|Q9P2H5|P12004,DUB|Q9P2H5,DUB,Q9P2H5,P12004,USP35,PCNA,484,692,enzyme_substrate,0
DUB|Q9P2H5|Q8WYQ5,DUB|Q9P2H5,DUB,Q9P2H5,Q8WYQ5,USP35,DGCR8,484,2026,enzyme_substrate,0
DUB|Q9UGI0|P55085,DUB|Q9UGI0,DUB,Q9UGI0,P55085,ZRANB1,F2RL1,485,828,enzyme_substrate,0
DUB|Q9UHP3|P30304,DUB|Q9UHP3,DUB,Q9UHP3,P30304,USP25,CDC25A,486,1808,enzyme_substrate,0
DUB|Q9UHP3|P42773,DUB|Q9UHP3,DUB,Q9UHP3,P42773,USP25,CDKN2C,486,2078,enzyme_substrate,0
DUB|Q9UK80|O15554,DUB|Q9UK80,DUB,Q9UK80,O15554,USP21,KCNN4,487,1964,enzyme_substrate,0
DUB|Q9UK80|O14737,DUB|Q9UK80,DUB,Q9UK80,O14737,USP21,PDCD5,487,2073,enzyme_substrate,0
DUB|Q9UK80|Q8IVP5,DUB|Q9UK80,DUB,Q9UK80,Q8IVP5,USP21,FUNDC1,487,1954,enzyme_substrate,0
DUB|Q9UK80|A0A291NLA3,DUB|Q9UK80,DUB,Q9UK80,A0A291NLA3,USP21,SIGIRR,487,2038,enzyme_substrate,0
DUB|Q9UMW8|P21796,DUB|Q9UMW8,DUB,Q9UMW8,P21796,USP18,VDAC1,488,629,enzyme_substrate,0
DUB|Q9UMW8|P07550,DUB|Q9UMW8,DUB,Q9UMW8,P07550,USP18,ADRB2,488,867,enzyme_substrate,0
DUB|Q9UMW8|P17302,DUB|Q9UMW8,DUB,Q9UMW8,P17302,USP18,GJA1,488,897,enzyme_substrate,0
DUB|Q9UPT9|Q02246,DUB|Q9UPT9,DUB,Q9UPT9,Q02246,USP22,CNTN2,489,2080,enzyme_substrate,0
DUB|Q9UPT9|O75365,DUB|Q9UPT9,DUB,Q9UPT9,O75365,USP22,PTP4A3,489,1898,enzyme_substrate,0
DUB|Q9UPT9|O14737,DUB|Q9UPT9,DUB,Q9UPT9,O14737,USP22,PDCD5,489,2073,enzyme_substrate,0
DUB|Q9UPT9|P04234,DUB|Q9UPT9,DUB,Q9UPT9,P04234,USP22,CD3D,489,669,enzyme_substrate,0
DUB|Q9UPT9|P23588,DUB|Q9UPT9,DUB,Q9UPT9,P23588,USP22,EIF4B,489,2047,enzyme_substrate,0
DUB|Q9UPT9|Q9H4P4,DUB|Q9UPT9,DUB,Q9UPT9,Q9H4P4,USP22,RNF41,489,323,enzyme_substrate,0
DUB|Q9UPU5|O14965,DUB|Q9UPU5,DUB,Q9UPU5,O14965,USP24,AURKA,490,11,enzyme_substrate,0
DUB|Q9UPU5|Q8IYW5,DUB|Q9UPU5,DUB,Q9UPU5,Q8IYW5,USP24,RNF168,490,199,enzyme_substrate,0
DUB|Q9UPU5|Q9NYV9,DUB|Q9UPU5,DUB,Q9UPU5,Q9NYV9,USP24,TAS2R13,490,2056,enzyme_substrate,0
DUB|Q9UPU5|P33981,DUB|Q9UPU5,DUB,Q9UPU5,P33981,USP24,TTK,490,2048,enzyme_substrate,0
DUB|Q9UPU5|O60885,DUB|Q9UPU5,DUB,Q9UPU5,O60885,USP24,BRD4,490,584,enzyme_substrate,0
DUB|Q9UPU5|P04179,DUB|Q9UPU5,DUB,Q9UPU5,P04179,USP24,SOD2,490,527,enzyme_substrate,0
DUB|Q9Y2K6|O60341,DUB|Q9Y2K6,DUB,Q9Y2K6,O60341,USP20,KDM1A,491,2021,enzyme_substrate,0
DUB|Q9Y2K6|O75461,DUB|Q9Y2K6,DUB,Q9Y2K6,O75461,USP20,E2F6,491,2092,enzyme_substrate,0
DUB|Q9Y2K6|Q9Y253,DUB|Q9Y2K6,DUB,Q9Y2K6,Q9Y253,USP20,POLH,491,1559,enzyme_substrate,0
DUB|Q9Y2K6|Q9HCX3,DUB|Q9Y2K6,DUB,Q9Y2K6,Q9HCX3,USP20,ZNF304,491,2076,enzyme_substrate,0
DUB|Q9Y2K6|P36897,DUB|Q9Y2K6,DUB,Q9Y2K6,P36897,USP20,TGFBR1,491,869,enzyme_substrate,0
DUB|Q9Y2K6|P24864,DUB|Q9Y2K6,DUB,Q9Y2K6,P24864,USP20,CCNE1,491,593,enzyme_substrate,0
DUB|Q9Y2K6|O43521,DUB|Q9Y2K6,DUB,Q9Y2K6,O43521,USP20,BCL2L11,491,786,enzyme_substrate,0
DUB|Q9Y2K6|Q8IVP5,DUB|Q9Y2K6,DUB,Q9Y2K6,Q8IVP5,USP20,FUNDC1,491,1954,enzyme_substrate,0
DUB|Q9Y2K6|A2AIR5,DUB|Q9Y2K6,DUB,Q9Y2K6,A2AIR5,USP20,Grin3a,491,1962,enzyme_substrate,0
DUB|Q9Y2K6|P20226,DUB|Q9Y2K6,DUB,Q9Y2K6,P20226,USP20,TBP,491,2010,enzyme_substrate,0
DUB|Q9Y2K6|P04198,DUB|Q9Y2K6,DUB,Q9Y2K6,P04198,USP20,MYCN,491,894,enzyme_substrate,0
DUB|Q9Y4E8|Q16625,DUB|Q9Y4E8,DUB,Q9Y4E8,Q16625,USP15,OCLN,492,1540,enzyme_substrate,0
DUB|Q9Y4E8|Q9UKV5,DUB|Q9Y4E8,DUB,Q9Y4E8,Q9UKV5,USP15,AMFR,492,388,enzyme_substrate,0
DUB|Q9Y4E8|P01130,DUB|Q9Y4E8,DUB,Q9Y4E8,P01130,USP15,LDLR,492,1433,enzyme_substrate,0
DUB|Q9Y4E8|O75365,DUB|Q9Y4E8,DUB,Q9Y4E8,O75365,USP15,PTP4A3,492,1898,enzyme_substrate,0
DUB|Q9Y5E6|Q53EZ4,DUB|Q9Y5E6,DUB,Q9Y5E6,Q53EZ4,PCDHB3,CEP55,493,2052,enzyme_substrate,0
DUB|Q9Y5E6|Q8WTU0,DUB|Q9Y5E6,DUB,Q9Y5E6,Q8WTU0,PCDHB3,DDI1,493,1061,enzyme_substrate,0
DUB|Q9Y5K5|Q4U2R8,DUB|Q9Y5K5,DUB,Q9Y5K5,Q4U2R8,UCHL5,SLC22A6,494,1966,enzyme_substrate,0
DUB|Q9Y5K5|Q9NYV9,DUB|Q9Y5K5,DUB,Q9Y5K5,Q9NYV9,UCHL5,TAS2R13,494,2056,enzyme_substrate,0
DUB|Q9Y5K5|P37023,DUB|Q9Y5K5,DUB,Q9Y5K5,P37023,UCHL5,ACVRL1,494,2068,enzyme_substrate,0
DUB|Q9Y5K5|P36894,DUB|Q9Y5K5,DUB,Q9Y5K5,P36894,UCHL5,BMPR1A,494,1670,enzyme_substrate,0
DUB|Q9Y5K5|Q92819,DUB|Q9Y5K5,DUB,Q9Y5K5,Q92819,UCHL5,HAS2,494,2007,enzyme_substrate,0
DUB|Q9Y5T5|Q8TB45,DUB|Q9Y5T5,DUB,Q9Y5T5,Q8TB45,USP16,DEPTOR,495,764,enzyme_substrate,0
DUB|Q9Y5T5|O14737,DUB|Q9Y5T5,DUB,Q9Y5T5,O14737,USP16,PDCD5,495,2073,enzyme_substrate,0
DUB|Q9Y6I4|P14780,DUB|Q9Y6I4,DUB,Q9Y6I4,P14780,USP3,MMP9,496,1963,enzyme_substrate,0
DUB|Q9Y6I4|Q4U2R8,DUB|Q9Y6I4,DUB,Q9Y6I4,Q4U2R8,USP3,SLC22A6,496,1966,enzyme_substrate,0
DUB|Q9Y6I4|P37173,DUB|Q9Y6I4,DUB,Q9Y6I4,P37173,USP3,TGFBR2,496,1275,enzyme_substrate,0
DUB|Q9Y6I4|P51170,DUB|Q9Y6I4,DUB,Q9Y6I4,P51170,USP3,SCNN1G,496,906,enzyme_substrate,0
