pair_id,group_id,enzyme_class,enz_ac,sub_ac,enz_gene,sub_gene,enzyme_type,label,source,pmid,enz_gene_norm,sub_gene_norm,gene_pair_key,ppi_physical_flag,enz_compartments,sub_compartments,shared_compartments,has_enz_loc,has_sub_loc,coloc_flag,scrna_has_both_genes_crc,scrna_has_both_genes_lihc,scrna_coexpr_crc,scrna_coexpr_lihc,scrna_coexpr_flag,scrna_max_min_expr,scrna_best_cancer,scrna_best_celltype
DUB|A6NNY8|P08069,DUB|A6NNY8,DUB,A6NNY8,P08069,USP27X,IGF1R,USP,0,neg2x_initial_degree_matched,,USP27X,IGF1R,IGF1R|USP27X,False,cytoplasm;nucleus,membrane;plasma_membrane,,True,True,False,True,True,False,False,False,0.04382,CRC,CRC|CRC_GSE166555_expression_Celltype_majorlineage|Myofibroblasts
DUB|A6NNY8|O14737,DUB|A6NNY8,DUB,A6NNY8,O14737,USP27X,PDCD5,USP,0,neg2x_initial_degree_matched,,USP27X,PDCD5,PDCD5|USP27X,False,cytoplasm;nucleus,,,True,False,False,True,True,False,False,False,0.04382,CRC,CRC|CRC_GSE166555_expression_Celltype_majorlineage|Myofibroblasts
DUB|A6NNY8|P36894,DUB|A6NNY8,DUB,A6NNY8,P36894,USP27X,BMPR1A,USP,0,neg2x_initial_degree_matched,,USP27X,BMPR1A,BMPR1A|USP27X,False,cytoplasm;nucleus,membrane;plasma_membrane,,True,True,False,True,True,False,False,False,0.04382,CRC,CRC|CRC_GSE166555_expression_Celltype_majorlineage|Myofibroblasts
DUB|O00487|Q96P20,DUB|O00487,DUB,O00487,Q96P20,PSMD14,NLRP3,JAMM,0,neg2x_initial_degree_matched,,PSMD14,NLRP3,NLRP3|PSMD14,False,,cytoplasm;cytoskeleton;endoplasmic_reticulum;extracellular;golgi;membrane;mitochondrion;nucleus;vesicle,,False,True,False,True,True,False,False,False,0.43739,LIHC,LIHC|LIHC_GSE140228_Smartseq2_expression_Celltype_majorlineage|ILC
DUB|O00487|O15287,DUB|O00487,DUB,O00487,O15287,PSMD14,FANCG,JAMM,0,neg2x_initial_degree_matched,,PSMD14,FANCG,FANCG|PSMD14,False,,cytoplasm;nucleus,,False,True,False,True,True,False,False,False,0.57251,CRC,CRC|CRC_GSE108989_expression_Celltype_majorlineage|Tprolif
DUB|O00487|P43246,DUB|O00487,DUB,O00487,P43246,PSMD14,MSH2,JAMM,0,neg2x_initial_degree_matched,,PSMD14,MSH2,MSH2|PSMD14,False,,nucleus,,False,True,False,True,True,False,False,False,0.72927,LIHC,LIHC|LIHC_GSE98638_expression_Celltype_majorlineage|Tprolif
DUB|O00487|Q14694,DUB|O00487,DUB,O00487,Q14694,PSMD14,USP10,JAMM,0,neg2x_initial_degree_matched,,PSMD14,USP10,PSMD14|USP10,False,,cytoplasm;endosome;nucleus,,False,True,False,True,True,False,False,False,0.73084,LIHC,LIHC|LIHC_GSE98638_expression_Celltype_majorlineage|Tprolif
DUB|O00487|O43395,DUB|O00487,DUB,O00487,O43395,PSMD14,PRPF3,JAMM,0,neg2x_initial_degree_matched,,PSMD14,PRPF3,PRPF3|PSMD14,False,,nucleus,,False,True,False,True,True,False,False,False,0.4366,LIHC,LIHC|LIHC_GSE98638_expression_Celltype_majorlineage|Tprolif
DUB|O00487|P05412,DUB|O00487,DUB,O00487,P05412,PSMD14,JUN,JAMM,0,neg2x_initial_degree_matched,,PSMD14,JUN,JUN|PSMD14,False,,nucleus,,False,True,False,True,True,False,False,False,1.0985,CRC,CRC|CRC_GSE108989_expression_Celltype_majorlineage|Tprolif
DUB|O00487|O14497,DUB|O00487,DUB,O00487,O14497,PSMD14,ARID1A,JAMM,0,neg2x_initial_degree_matched,,PSMD14,ARID1A,ARID1A|PSMD14,False,,nucleus,,False,True,False,True,True,False,False,False,0.65849,CRC,CRC|CRC_GSE166555_expression_Celltype_majorlineage|Tprolif
DUB|O00487|Q9NZN5,DUB|O00487,DUB,O00487,Q9NZN5,PSMD14,ARHGEF12,JAMM,0,neg2x_initial_degree_matched,,PSMD14,ARHGEF12,ARHGEF12|PSMD14,False,,cytoplasm;membrane,,False,True,False,True,True,False,False,False,0.3897,CRC,CRC|CRC_GSE166555_expression_Celltype_majorlineage|Malignant
DUB|O00487|O15111,DUB|O00487,DUB,O00487,O15111,PSMD14,CHUK,JAMM,0,neg2x_initial_degree_matched,,PSMD14,CHUK,CHUK|PSMD14,False,,cytoplasm;nucleus,,False,True,False,True,True,False,False,False,0.24025,LIHC,LIHC|LIHC_GSE98638_expression_Celltype_majorlineage|Tprolif
DUB|O00487|O95786,DUB|O00487,DUB,O00487,O95786,PSMD14,DDX58,JAMM,0,neg2x_initial_degree_matched,,PSMD14,DDX58,DDX58|PSMD14,False,,cell_junction;cytoplasm;cytoskeleton;membrane,,False,True,False,True,True,False,False,False,0.41919,LIHC,LIHC|LIHC_GSE98638_expression_Celltype_majorlineage|CD8Tex
DUB|O00487|P60484,DUB|O00487,DUB,O00487,P60484,PSMD14,PTEN,JAMM,0,neg2x_initial_degree_matched,,PSMD14,PTEN,PSMD14|PTEN,False,,cytoplasm;extracellular;nucleus,,False,True,False,True,True,False,False,False,0.58247,LIHC,LIHC|LIHC_GSE98638_expression_Celltype_majorlineage|Tprolif
DUB|O00507|P98170,DUB|O00507,DUB,O00507,P98170,USP9Y,XIAP,USP,0,neg2x_initial_degree_matched,,USP9Y,XIAP,USP9Y|XIAP,False,,cytoplasm;nucleus,,False,True,False,True,True,False,False,False,0.32957,LIHC,LIHC|LIHC_GSE98638_expression_Celltype_majorlineage|CD8Tex
DUB|O00507|Q15388,DUB|O00507,DUB,O00507,Q15388,USP9Y,TOMM20,USP,0,neg2x_initial_degree_matched,,USP9Y,TOMM20,TOMM20|USP9Y,False,,membrane;mitochondrion,,False,True,False,True,True,False,False,False,0.43636,LIHC,LIHC|LIHC_GSE179795_expression_Celltype_majorlineage|ILC
DUB|O75317|O14737,DUB|O75317,DUB,O75317,O14737,USP12,PDCD5,USP,0,neg2x_initial_degree_matched,,USP12,PDCD5,PDCD5|USP12,False,cytoplasm;membrane;nucleus;plasma_membrane,,,True,False,False,True,True,False,False,False,0.39271,CRC,CRC|CRC_GSE166555_expression_Celltype_majorlineage|Malignant
DUB|O75604|O15519,DUB|O75604,DUB,O75604,O15519,USP2,CFLAR,USP,0,neg2x_initial_degree_matched,,USP2,CFLAR,CFLAR|USP2,False,cytoplasm;membrane;nucleus;plasma_membrane,,,True,False,False,True,True,False,False,False,0.29705,CRC,CRC|CRC_GSE166555_expression_Celltype_majorlineage|Myofibroblasts
DUB|O75604|P42773,DUB|O75604,DUB,O75604,P42773,USP2,CDKN2C,USP,0,neg2x_initial_degree_matched,,USP2,CDKN2C,CDKN2C|USP2,False,cytoplasm;membrane;nucleus;plasma_membrane,,,True,False,False,True,True,False,False,False,0.29705,CRC,CRC|CRC_GSE166555_expression_Celltype_majorlineage|Myofibroblasts
DUB|O94782|O14640,DUB|O94782,DUB,O94782,O14640,USP1,DVL1,USP,0,neg2x_initial_degree_matched,,USP1,DVL1,DVL1|USP1,False,nucleus,cytoplasm;membrane;plasma_membrane;vesicle,,True,True,False,True,True,False,False,False,0.25825,CRC,CRC|CRC_GSE166555_expression_Celltype_majorlineage|Malignant
DUB|O94782|O43353,DUB|O94782,DUB,O94782,O43353,USP1,RIPK2,USP,0,neg2x_initial_degree_matched,,USP1,RIPK2,RIPK2|USP1,False,nucleus,cytoplasm;endoplasmic_reticulum;membrane;plasma_membrane,,True,True,False,True,True,False,False,False,0.42609,LIHC,LIHC|LIHC_GSE140228_Smartseq2_expression_Celltype_majorlineage|ILC
DUB|O94782|Q15465,DUB|O94782,DUB,O94782,Q15465,USP1,SHH,USP,0,neg2x_initial_degree_matched,,USP1,SHH,SHH|USP1,False,nucleus,endoplasmic_reticulum;extracellular;golgi;membrane;plasma_membrane,,True,True,False,True,True,False,False,False,0.09957,LIHC,LIHC|LIHC_GSE166635_expression_Celltype_majorlineage|Malignant
DUB|O94782|P42773,DUB|O94782,DUB,O94782,P42773,USP1,CDKN2C,USP,0,neg2x_initial_degree_matched,,USP1,CDKN2C,CDKN2C|USP1,False,nucleus,,,True,False,False,True,True,False,False,False,0.50074,LIHC,LIHC|LIHC_GSE166635_expression_Celltype_majorlineage|Tprolif
DUB|O94782|Q86YR5,DUB|O94782,DUB,O94782,Q86YR5,USP1,GPSM1,USP,0,neg2x_initial_degree_matched,,USP1,GPSM1,GPSM1|USP1,False,nucleus,cytoplasm;endoplasmic_reticulum;golgi;membrane;plasma_membrane,,True,True,False,True,True,False,False,False,0.10602,CRC,CRC|CRC_GSE166555_expression_Celltype_majorlineage|Fibroblasts
DUB|O94782|Q8N4S9,DUB|O94782,DUB,O94782,Q8N4S9,USP1,MARVELD2,USP,0,neg2x_initial_degree_matched,,USP1,MARVELD2,MARVELD2|USP1,False,nucleus,cell_junction;membrane;plasma_membrane,,True,True,False,True,True,False,False,False,0.18066,CRC,CRC|CRC_GSE166555_expression_Celltype_majorlineage|Malignant
DUB|O94782|Q9Y577,DUB|O94782,DUB,O94782,Q9Y577,USP1,TRIM17,USP,0,neg2x_initial_degree_matched,,USP1,TRIM17,TRIM17|USP1,False,nucleus,cytoplasm;lysosome,,True,True,False,True,True,False,False,False,0.02472,LIHC,LIHC|LIHC_GSE98638_expression_Celltype_majorlineage|CD8T
DUB|O94966|Q8WWY3,DUB|O94966,DUB,O94966,Q8WWY3,USP19,PRPF31,USP,0,neg2x_initial_degree_matched,,USP19,PRPF31,PRPF31|USP19,False,endoplasmic_reticulum;membrane;mitochondrion,nucleus,,True,True,False,True,True,False,False,False,0.22608,LIHC,LIHC|LIHC_GSE98638_expression_Celltype_majorlineage|Tprolif
DUB|O94966|P51955,DUB|O94966,DUB,O94966,P51955,USP19,NEK2,USP,0,neg2x_initial_degree_matched,,USP19,NEK2,NEK2|USP19,False,endoplasmic_reticulum;membrane;mitochondrion,cytoplasm;cytoskeleton;nucleus,,True,True,False,True,True,False,False,False,0.22608,LIHC,LIHC|LIHC_GSE98638_expression_Celltype_majorlineage|Tprolif
DUB|O94966|Q08999,DUB|O94966,DUB,O94966,Q08999,USP19,RBL2,USP,0,neg2x_initial_degree_matched,,USP19,RBL2,RBL2|USP19,False,endoplasmic_reticulum;membrane;mitochondrion,nucleus,,True,True,False,True,True,False,False,False,0.22608,LIHC,LIHC|LIHC_GSE98638_expression_Celltype_majorlineage|Tprolif
DUB|O94966|Q9UMS4,DUB|O94966,DUB,O94966,Q9UMS4,USP19,PRPF19,USP,0,neg2x_initial_degree_matched,,USP19,PRPF19,PRPF19|USP19,False,endoplasmic_reticulum;membrane;mitochondrion,cytoplasm;cytoskeleton;nucleus,,True,True,False,True,True,False,False,False,0.0877,CRC,CRC|CRC_GSE139555_expression_Celltype_majorlineage|Myofibroblasts
DUB|O94966|P42773,DUB|O94966,DUB,O94966,P42773,USP19,CDKN2C,USP,0,neg2x_initial_degree_matched,,USP19,CDKN2C,CDKN2C|USP19,False,endoplasmic_reticulum;membrane;mitochondrion,,,True,False,False,True,True,False,False,False,0.22608,LIHC,LIHC|LIHC_GSE98638_expression_Celltype_majorlineage|Tprolif
DUB|O94966|Q13042,DUB|O94966,DUB,O94966,Q13042,USP19,CDC16,USP,0,neg2x_initial_degree_matched,,USP19,CDC16,CDC16|USP19,False,endoplasmic_reticulum;membrane;mitochondrion,cytoplasm;cytoskeleton,,True,True,False,True,True,False,False,False,0.22608,LIHC,LIHC|LIHC_GSE98638_expression_Celltype_majorlineage|Tprolif
DUB|O94966|Q8NAP3,DUB|O94966,DUB,O94966,Q8NAP3,USP19,ZBTB38,USP,0,neg2x_initial_degree_matched,,USP19,ZBTB38,USP19|ZBTB38,False,endoplasmic_reticulum;membrane;mitochondrion,nucleus,,True,True,False,True,True,False,False,False,0.22608,LIHC,LIHC|LIHC_GSE98638_expression_Celltype_majorlineage|Tprolif
DUB|O94966|P51587,DUB|O94966,DUB,O94966,P51587,USP19,BRCA2,USP,0,neg2x_initial_degree_matched,,USP19,BRCA2,BRCA2|USP19,False,endoplasmic_reticulum;membrane;mitochondrion,cytoplasm;cytoskeleton;nucleus,,True,True,False,True,True,False,False,False,0.22608,LIHC,LIHC|LIHC_GSE98638_expression_Celltype_majorlineage|Tprolif
DUB|O94966|O43663,DUB|O94966,DUB,O94966,O43663,USP19,PRC1,USP,0,neg2x_initial_degree_matched,,USP19,PRC1,PRC1|USP19,False,endoplasmic_reticulum;membrane;mitochondrion,cytoplasm;cytoskeleton;nucleus,,True,True,False,True,True,False,False,False,0.22608,LIHC,LIHC|LIHC_GSE98638_expression_Celltype_majorlineage|Tprolif
DUB|O94966|O95602,DUB|O94966,DUB,O94966,O95602,USP19,POLR1A,USP,0,neg2x_initial_degree_matched,,USP19,POLR1A,POLR1A|USP19,False,endoplasmic_reticulum;membrane;mitochondrion,nucleus,,True,True,False,True,True,False,False,False,0.13123,LIHC,LIHC|LIHC_GSE98638_expression_Celltype_majorlineage|CD8Tex
DUB|O94966|P35226,DUB|O94966,DUB,O94966,P35226,USP19,BMI1,USP,0,neg2x_initial_degree_matched,,USP19,BMI1,BMI1|USP19,False,endoplasmic_reticulum;membrane;mitochondrion,cytoplasm;nucleus,,True,True,False,True,True,False,False,False,0.19877,LIHC,LIHC|LIHC_GSE98638_expression_Celltype_majorlineage|CD8T
DUB|O94966|P11441,DUB|O94966,DUB,O94966,P11441,USP19,UBL4A,USP,0,neg2x_initial_degree_matched,,USP19,UBL4A,UBL4A|USP19,False,endoplasmic_reticulum;membrane;mitochondrion,cytoplasm;nucleus,,True,True,False,True,True,False,False,False,0.22608,LIHC,LIHC|LIHC_GSE98638_expression_Celltype_majorlineage|Tprolif
DUB|O94966|P30304,DUB|O94966,DUB,O94966,P30304,USP19,CDC25A,USP,0,neg2x_initial_degree_matched,,USP19,CDC25A,CDC25A|USP19,False,endoplasmic_reticulum;membrane;mitochondrion,,,True,False,False,True,True,False,False,False,0.06921,CRC,CRC|CRC_GSE166555_expression_Celltype_majorlineage|Tprolif
DUB|O94966|Q03468,DUB|O94966,DUB,O94966,Q03468,USP19,ERCC6,USP,0,neg2x_initial_degree_matched,,USP19,ERCC6,ERCC6|USP19,False,endoplasmic_reticulum;membrane;mitochondrion,nucleus,,True,True,False,True,True,False,False,False,0.12354,LIHC,LIHC|LIHC_GSE98638_expression_Celltype_majorlineage|CD8Tex
DUB|O95630|P49411,DUB|O95630,DUB,O95630,P49411,STAMBP,TUFM,Other,0,neg2x_initial_degree_matched,,STAMBP,TUFM,STAMBP|TUFM,False,cytoplasm;endosome;membrane;nucleus,mitochondrion,,True,True,False,True,True,False,False,False,0.39631,LIHC,LIHC|LIHC_GSE98638_expression_Celltype_majorlineage|Tprolif
DUB|P09936|Q9H7L9,DUB|P09936,DUB,P09936,Q9H7L9,UCHL1,SUDS3,UCH,0,neg2x_initial_degree_matched,,UCHL1,SUDS3,SUDS3|UCHL1,False,cytoplasm;endoplasmic_reticulum;membrane;mitochondrion,nucleus,,True,True,False,True,True,False,False,False,0.21163,LIHC,LIHC|LIHC_GSE166635_expression_Celltype_majorlineage|Malignant
DUB|P09936|O43684,DUB|P09936,DUB,P09936,O43684,UCHL1,BUB3,UCH,0,neg2x_initial_degree_matched,,UCHL1,BUB3,BUB3|UCHL1,False,cytoplasm;endoplasmic_reticulum;membrane;mitochondrion,nucleus,,True,True,False,True,True,False,False,False,0.25331,LIHC,LIHC|LIHC_GSE166635_expression_Celltype_majorlineage|Malignant
DUB|P09936|P51965,DUB|P09936,DUB,P09936,P51965,UCHL1,UBE2E1,UCH,0,neg2x_initial_degree_matched,,UCHL1,UBE2E1,UBE2E1|UCHL1,False,cytoplasm;endoplasmic_reticulum;membrane;mitochondrion,nucleus,,True,True,False,True,True,False,False,False,0.22759,LIHC,LIHC|LIHC_GSE166635_expression_Celltype_majorlineage|Malignant
DUB|P09936|Q9H211,DUB|P09936,DUB,P09936,Q9H211,UCHL1,CDT1,UCH,0,neg2x_initial_degree_matched,,UCHL1,CDT1,CDT1|UCHL1,False,cytoplasm;endoplasmic_reticulum;membrane;mitochondrion,nucleus,,True,True,False,True,True,False,False,False,0.09467,CRC,CRC|CRC_GSE139555_expression_Celltype_majorlineage|Tprolif
DUB|P09936|P14780,DUB|P09936,DUB,P09936,P14780,UCHL1,MMP9,UCH,0,neg2x_initial_degree_matched,,UCHL1,MMP9,MMP9|UCHL1,False,cytoplasm;endoplasmic_reticulum;membrane;mitochondrion,extracellular,,True,True,False,True,True,False,False,False,0.07455,LIHC,LIHC|LIHC_GSE166635_expression_Celltype_majorlineage|Epithelial
DUB|P09936|Q12888,DUB|P09936,DUB,P09936,Q12888,UCHL1,TP53BP1,UCH,0,neg2x_initial_degree_matched,,UCHL1,TP53BP1,TP53BP1|UCHL1,False,cytoplasm;endoplasmic_reticulum;membrane;mitochondrion,nucleus,,True,True,False,True,True,False,False,False,0.13633,LIHC,LIHC|LIHC_GSE146115_expression_Celltype_majorlineage|Malignant
DUB|P09936|Q6FI13,DUB|P09936,DUB,P09936,Q6FI13,UCHL1,HIST2H2AA4,UCH,0,neg2x_initial_degree_matched,,UCHL1,HIST2H2AA4,HIST2H2AA4|UCHL1,False,cytoplasm;endoplasmic_reticulum;membrane;mitochondrion,nucleus,,True,True,False,True,True,False,False,False,0.07484,LIHC,LIHC|LIHC_GSE146409_expression_Celltype_majorlineage|Fibroblasts
DUB|P09936|Q9ULT8,DUB|P09936,DUB,P09936,Q9ULT8,UCHL1,HECTD1,UCH,0,neg2x_initial_degree_matched,,UCHL1,HECTD1,HECTD1|UCHL1,False,cytoplasm;endoplasmic_reticulum;membrane;mitochondrion,,,True,False,False,True,True,False,False,False,0.25331,LIHC,LIHC|LIHC_GSE166635_expression_Celltype_majorlineage|Malignant
DUB|P09936|O75461,DUB|P09936,DUB,P09936,O75461,UCHL1,E2F6,UCH,0,neg2x_initial_degree_matched,,UCHL1,E2F6,E2F6|UCHL1,False,cytoplasm;endoplasmic_reticulum;membrane;mitochondrion,nucleus,,True,True,False,True,True,False,False,False,0.11819,LIHC,LIHC|LIHC_GSE166635_expression_Celltype_majorlineage|Malignant
DUB|P15374|Q92819,DUB|P15374,DUB,P15374,Q92819,UCHL3,HAS2,UCH,0,neg2x_initial_degree_matched,,UCHL3,HAS2,HAS2|UCHL3,False,cytoplasm,endoplasmic_reticulum;golgi;lysosome;membrane;plasma_membrane;vesicle,,True,True,False,True,True,False,False,False,0.13973,CRC,CRC|CRC_GSE166555_expression_Celltype_majorlineage|Fibroblasts
DUB|P15374|Q9UL17,DUB|P15374,DUB,P15374,Q9UL17,UCHL3,TBX21,UCH,0,neg2x_initial_degree_matched,,UCHL3,TBX21,TBX21|UCHL3,False,cytoplasm,nucleus,,True,True,False,True,True,False,False,False,0.19888,CRC,CRC|CRC_GSE146771_Smartseq2_expression_Celltype_majorlineage|NK
DUB|P15374|Q9HA47,DUB|P15374,DUB,P15374,Q9HA47,UCHL3,UCK1,UCH,0,neg2x_initial_degree_matched,,UCHL3,UCK1,UCHL3|UCK1,False,cytoplasm,,,True,False,False,True,True,False,False,False,0.19099,CRC,CRC|CRC_GSE108989_expression_Celltype_majorlineage|Tprolif
DUB|P15374|Q14469,DUB|P15374,DUB,P15374,Q14469,UCHL3,HES1,UCH,0,neg2x_initial_degree_matched,,UCHL3,HES1,HES1|UCHL3,False,cytoplasm,nucleus,,True,True,False,True,True,False,False,False,0.48939,CRC,CRC|CRC_GSE146771_Smartseq2_expression_Celltype_majorlineage|Endothelial
DUB|P21580|Q99835,DUB|P21580,DUB,P21580,Q99835,TNFAIP3,SMO,OTU,0,neg2x_initial_degree_matched,,TNFAIP3,SMO,SMO|TNFAIP3,False,cytoplasm;lysosome;nucleus,membrane;plasma_membrane,,True,True,False,True,True,False,False,False,0.15565,LIHC,LIHC|LIHC_GSE146115_expression_Celltype_majorlineage|Malignant
DUB|P21580|Q04771,DUB|P21580,DUB,P21580,Q04771,TNFAIP3,ACVR1,OTU,0,neg2x_initial_degree_matched,,TNFAIP3,ACVR1,ACVR1|TNFAIP3,False,cytoplasm;lysosome;nucleus,membrane,,True,True,False,True,True,False,False,False,0.28238,CRC,CRC|CRC_GSE166555_expression_Celltype_majorlineage|Fibroblasts
DUB|P21580|P33981,DUB|P21580,DUB,P21580,P33981,TNFAIP3,TTK,OTU,0,neg2x_initial_degree_matched,,TNFAIP3,TTK,TNFAIP3|TTK,False,cytoplasm;lysosome;nucleus,,,True,False,False,True,True,False,False,False,0.52158,LIHC,LIHC|LIHC_GSE140228_Smartseq2_expression_Celltype_majorlineage|Tprolif
DUB|P21580|Q13619,DUB|P21580,DUB,P21580,Q13619,TNFAIP3,CUL4A,OTU,0,neg2x_initial_degree_matched,,TNFAIP3,CUL4A,CUL4A|TNFAIP3,False,cytoplasm;lysosome;nucleus,,,True,False,False,True,True,False,False,False,0.50006,LIHC,LIHC|LIHC_GSE98638_expression_Celltype_majorlineage|CD8T
DUB|P21580|O60337,DUB|P21580,DUB,P21580,O60337,TNFAIP3,MARCHF6,OTU,0,neg2x_initial_degree_matched,,TNFAIP3,MARCHF6,MARCHF6|TNFAIP3,False,cytoplasm;lysosome;nucleus,endoplasmic_reticulum;membrane,,True,True,False,False,False,False,False,False,0.0,CRC,NA
DUB|P21580|O95140,DUB|P21580,DUB,P21580,O95140,TNFAIP3,MFN2,OTU,0,neg2x_initial_degree_matched,,TNFAIP3,MFN2,MFN2|TNFAIP3,False,cytoplasm;lysosome;nucleus,membrane;mitochondrion,,True,True,False,True,True,False,False,False,0.28496,LIHC,LIHC|LIHC_GSE98638_expression_Celltype_majorlineage|Tprolif
DUB|P35125|P27694,DUB|P35125,DUB,P35125,P27694,USP6,RPA1,USP,0,neg2x_initial_degree_matched,,USP6,RPA1,RPA1|USP6,False,cytoplasm;cytoskeleton;endosome;membrane;plasma_membrane,nucleus,,True,True,False,True,True,False,False,False,0.03051,LIHC,LIHC|LIHC_GSE140228_Smartseq2_expression_Celltype_majorlineage|B
DUB|P35125|O43684,DUB|P35125,DUB,P35125,O43684,USP6,BUB3,USP,0,neg2x_initial_degree_matched,,USP6,BUB3,BUB3|USP6,False,cytoplasm;cytoskeleton;endosome;membrane;plasma_membrane,nucleus,,True,True,False,True,True,False,False,False,0.03051,LIHC,LIHC|LIHC_GSE140228_Smartseq2_expression_Celltype_majorlineage|B
DUB|P45974|Q9HA47,DUB|P45974,DUB,P45974,Q9HA47,USP5,UCK1,USP,0,neg2x_initial_degree_matched,,USP5,UCK1,UCK1|USP5,False,cytoplasm;nucleus,,,True,False,False,True,True,False,False,False,0.19099,CRC,CRC|CRC_GSE108989_expression_Celltype_majorlineage|Tprolif
DUB|P45974|P36897,DUB|P45974,DUB,P45974,P36897,USP5,TGFBR1,USP,0,neg2x_initial_degree_matched,,USP5,TGFBR1,TGFBR1|USP5,False,cytoplasm;nucleus,cell_junction;membrane;plasma_membrane,,True,True,False,True,True,False,False,False,0.26846,LIHC,LIHC|LIHC_GSE98638_expression_Celltype_majorlineage|Treg
DUB|P45974|Q96RJ0,DUB|P45974,DUB,P45974,Q96RJ0,USP5,TAAR1,USP,0,neg2x_initial_degree_matched,,USP5,TAAR1,TAAR1|USP5,False,cytoplasm;nucleus,endoplasmic_reticulum;membrane;plasma_membrane,,True,True,False,False,False,False,False,False,0.0,CRC,NA
DUB|P45974|Q8IVP5,DUB|P45974,DUB,P45974,Q8IVP5,USP5,FUNDC1,USP,0,neg2x_initial_degree_matched,,USP5,FUNDC1,FUNDC1|USP5,False,cytoplasm;nucleus,membrane;mitochondrion,,True,True,False,True,True,False,False,False,0.1329,CRC,CRC|CRC_GSE166555_expression_Celltype_majorlineage|Fibroblasts
DUB|P46736|O95180,DUB|P46736,DUB,P46736,O95180,BRCC3,CACNA1H,JAMM,0,neg2x_initial_degree_matched,,BRCC3,CACNA1H,BRCC3|CACNA1H,False,cytoplasm;cytoskeleton;nucleus,membrane;plasma_membrane,,True,True,False,True,True,False,False,False,0.14321,LIHC,LIHC|LIHC_GSE140228_Smartseq2_expression_Celltype_majorlineage|Mast
DUB|P46736|Q12809,DUB|P46736,DUB,P46736,Q12809,BRCC3,KCNH2,JAMM,0,neg2x_initial_degree_matched,,BRCC3,KCNH2,BRCC3|KCNH2,False,cytoplasm;cytoskeleton;nucleus,membrane;plasma_membrane,,True,True,False,True,True,False,False,False,0.11628,CRC,CRC|CRC_GSE146771_Smartseq2_expression_Celltype_majorlineage|Mast
DUB|P46736|P25445,DUB|P46736,DUB,P46736,P25445,BRCC3,FAS,JAMM,0,neg2x_initial_degree_matched,,BRCC3,FAS,BRCC3|FAS,False,cytoplasm;cytoskeleton;nucleus,extracellular;membrane;plasma_membrane,,True,True,False,True,True,False,False,False,0.34497,LIHC,LIHC|LIHC_GSE140228_Smartseq2_expression_Celltype_majorlineage|Tprolif
DUB|P46736|O95140,DUB|P46736,DUB,P46736,O95140,BRCC3,MFN2,JAMM,0,neg2x_initial_degree_matched,,BRCC3,MFN2,BRCC3|MFN2,False,cytoplasm;cytoskeleton;nucleus,membrane;mitochondrion,,True,True,False,True,True,False,False,False,0.28496,LIHC,LIHC|LIHC_GSE98638_expression_Celltype_majorlineage|Tprolif
DUB|P51784|P04179,DUB|P51784,DUB,P51784,P04179,USP11,SOD2,USP,0,neg2x_initial_degree_matched,,USP11,SOD2,SOD2|USP11,False,cytoplasm;nucleus,mitochondrion,,True,True,False,True,True,False,False,False,0.58156,LIHC,LIHC|LIHC_GSE140228_Smartseq2_expression_Celltype_majorlineage|Tprolif
DUB|P51784|Q04771,DUB|P51784,DUB,P51784,Q04771,USP11,ACVR1,USP,0,neg2x_initial_degree_matched,,USP11,ACVR1,ACVR1|USP11,False,cytoplasm;nucleus,membrane,,True,True,False,True,True,False,False,False,0.24659,CRC,CRC|CRC_GSE166555_expression_Celltype_majorlineage|Fibroblasts
DUB|P51784|O15519,DUB|P51784,DUB,P51784,O15519,USP11,CFLAR,USP,0,neg2x_initial_degree_matched,,USP11,CFLAR,CFLAR|USP11,False,cytoplasm;nucleus,,,True,False,False,True,True,False,False,False,0.68331,LIHC,LIHC|LIHC_GSE98638_expression_Celltype_majorlineage|CD8Tex
DUB|P51784|Q9UBS5,DUB|P51784,DUB,P51784,Q9UBS5,USP11,GABBR1,USP,0,neg2x_initial_degree_matched,,USP11,GABBR1,GABBR1|USP11,False,cytoplasm;nucleus,extracellular;membrane;plasma_membrane,,True,True,False,True,True,False,False,False,0.27311,LIHC,LIHC|LIHC_GSE140228_Smartseq2_expression_Celltype_majorlineage|DC
DUB|P51784|Q92819,DUB|P51784,DUB,P51784,Q92819,USP11,HAS2,USP,0,neg2x_initial_degree_matched,,USP11,HAS2,HAS2|USP11,False,cytoplasm;nucleus,endoplasmic_reticulum;golgi;lysosome;membrane;plasma_membrane;vesicle,,True,True,False,True,True,False,False,False,0.24659,CRC,CRC|CRC_GSE166555_expression_Celltype_majorlineage|Fibroblasts
DUB|P51784|P14780,DUB|P51784,DUB,P51784,P14780,USP11,MMP9,USP,0,neg2x_initial_degree_matched,,USP11,MMP9,MMP9|USP11,False,cytoplasm;nucleus,extracellular,,True,True,False,True,True,False,False,False,0.21487,LIHC,LIHC|LIHC_GSE166635_expression_Celltype_majorlineage|Fibroblasts
DUB|P51784|P18084,DUB|P51784,DUB,P51784,P18084,USP11,ITGB5,USP,0,neg2x_initial_degree_matched,,USP11,ITGB5,ITGB5|USP11,False,cytoplasm;nucleus,membrane;plasma_membrane,,True,True,False,True,True,False,False,False,0.37359,CRC,CRC|CRC_GSE146771_Smartseq2_expression_Celltype_majorlineage|Fibroblasts
DUB|P51784|P33981,DUB|P51784,DUB,P51784,P33981,USP11,TTK,USP,0,neg2x_initial_degree_matched,,USP11,TTK,TTK|USP11,False,cytoplasm;nucleus,,,True,False,False,True,True,False,False,False,0.52158,LIHC,LIHC|LIHC_GSE140228_Smartseq2_expression_Celltype_majorlineage|Tprolif
DUB|P51784|A2AIR5,DUB|P51784,DUB,P51784,A2AIR5,USP11,Grin3a,USP,0,neg2x_initial_degree_matched,,USP11,GRIN3A,GRIN3A|USP11,False,cytoplasm;nucleus,,,True,False,False,True,True,False,False,False,0.01319,LIHC,LIHC|LIHC_GSE140228_Smartseq2_expression_Celltype_majorlineage|Mono/Macro
DUB|P51784|Q4U2R8,DUB|P51784,DUB,P51784,Q4U2R8,USP11,SLC22A6,USP,0,neg2x_initial_degree_matched,,USP11,SLC22A6,SLC22A6|USP11,False,cytoplasm;nucleus,membrane;plasma_membrane,,True,True,False,True,True,False,False,False,0.01863,LIHC,LIHC|LIHC_GSE146115_expression_Celltype_majorlineage|Malignant
DUB|P51784|Q8WTU0,DUB|P51784,DUB,P51784,Q8WTU0,USP11,DDI1,USP,0,neg2x_initial_degree_matched,,USP11,DDI1,DDI1|USP11,False,cytoplasm;nucleus,,,True,False,False,True,True,False,False,False,0.00847,LIHC,LIHC|LIHC_GSE140228_Smartseq2_expression_Celltype_majorlineage|NK
DUB|P51784|P10145,DUB|P51784,DUB,P51784,P10145,USP11,CXCL8,USP,0,neg2x_initial_degree_matched,,USP11,CXCL8,CXCL8|USP11,False,cytoplasm;nucleus,extracellular,,True,True,False,True,True,False,False,False,0.32091,CRC,CRC|CRC_GSE146771_Smartseq2_expression_Celltype_majorlineage|Fibroblasts
DUB|P51784|Q12809,DUB|P51784,DUB,P51784,Q12809,USP11,KCNH2,USP,0,neg2x_initial_degree_matched,,USP11,KCNH2,KCNH2|USP11,False,cytoplasm;nucleus,membrane;plasma_membrane,,True,True,False,True,True,False,False,False,0.16525,CRC,CRC|CRC_GSE166555_expression_Celltype_majorlineage|Mast
DUB|P51784|Q8IVP5,DUB|P51784,DUB,P51784,Q8IVP5,USP11,FUNDC1,USP,0,neg2x_initial_degree_matched,,USP11,FUNDC1,FUNDC1|USP11,False,cytoplasm;nucleus,membrane;mitochondrion,,True,True,False,True,True,False,False,False,0.16449,CRC,CRC|CRC_EMTAB8107_expression_Celltype_majorlineage|Enteric glial
DUB|P54252|Q5XPI4,DUB|P54252,DUB,P54252,Q5XPI4,ATXN3,RNF123,Josephin,0,neg2x_initial_degree_matched,,ATXN3,RNF123,ATXN3|RNF123,False,lysosome;membrane;nucleus,cytoplasm,,True,True,False,True,True,False,False,False,0.18668,LIHC,LIHC|LIHC_GSE98638_expression_Celltype_majorlineage|Tprolif
DUB|P54252|Q9UHD2,DUB|P54252,DUB,P54252,Q9UHD2,ATXN3,TBK1,Josephin,0,neg2x_initial_degree_matched,,ATXN3,TBK1,ATXN3|TBK1,False,lysosome;membrane;nucleus,cytoplasm,,True,True,False,True,True,False,False,False,0.3491,CRC,CRC|CRC_GSE146771_Smartseq2_expression_Celltype_majorlineage|Endothelial
DUB|P54252|Q15154,DUB|P54252,DUB,P54252,Q15154,ATXN3,PCM1,Josephin,0,neg2x_initial_degree_matched,,ATXN3,PCM1,ATXN3|PCM1,False,lysosome;membrane;nucleus,cytoplasm;cytoskeleton,,True,True,False,True,True,False,False,False,0.57826,CRC,CRC|CRC_GSE146771_Smartseq2_expression_Celltype_majorlineage|Endothelial
DUB|P54252|A0A291NLA3,DUB|P54252,DUB,P54252,A0A291NLA3,ATXN3,SIGIRR,Josephin,0,neg2x_initial_degree_matched,,ATXN3,SIGIRR,ATXN3|SIGIRR,False,lysosome;membrane;nucleus,,,True,False,False,True,True,False,False,False,0.57312,CRC,CRC|CRC_GSE146771_Smartseq2_expression_Celltype_majorlineage|Endothelial
DUB|P54578|Q05516,DUB|P54578,DUB,P54578,Q05516,USP14,ZBTB16,USP,0,neg2x_initial_degree_matched,,USP14,ZBTB16,USP14|ZBTB16,False,cytoplasm;membrane;plasma_membrane,nucleus,,True,True,False,True,True,False,False,False,0.40497,CRC,CRC|CRC_GSE166555_expression_Celltype_majorlineage|Myofibroblasts
DUB|P54578|Q9HA47,DUB|P54578,DUB,P54578,Q9HA47,USP14,UCK1,USP,0,neg2x_initial_degree_matched,,USP14,UCK1,UCK1|USP14,False,cytoplasm;membrane;plasma_membrane,,,True,False,False,True,True,False,False,False,0.19099,CRC,CRC|CRC_GSE108989_expression_Celltype_majorlineage|Tprolif
DUB|P54578|P04908,DUB|P54578,DUB,P54578,P04908,USP14,HIST1H2AE,USP,0,neg2x_initial_degree_matched,,USP14,HIST1H2AE,HIST1H2AE|USP14,False,cytoplasm;membrane;plasma_membrane,nucleus,,True,True,False,True,True,False,False,False,0.19021,CRC,CRC|CRC_GSE146771_Smartseq2_expression_Celltype_majorlineage|Plasma
DUB|P54578|Q9ULT8,DUB|P54578,DUB,P54578,Q9ULT8,USP14,HECTD1,USP,0,neg2x_initial_degree_matched,,USP14,HECTD1,HECTD1|USP14,False,cytoplasm;membrane;plasma_membrane,,,True,False,False,True,True,False,False,False,0.43391,CRC,CRC|CRC_GSE108989_expression_Celltype_majorlineage|Tprolif
DUB|P54578|P23759,DUB|P54578,DUB,P54578,P23759,USP14,PAX7,USP,0,neg2x_initial_degree_matched,,USP14,PAX7,PAX7|USP14,False,cytoplasm;membrane;plasma_membrane,nucleus,,True,True,False,True,True,False,False,False,0.01086,LIHC,LIHC|LIHC_GSE140228_Smartseq2_expression_Celltype_majorlineage|Mast
DUB|P54578|Q92828,DUB|P54578,DUB,P54578,Q92828,USP14,CORO2A,USP,0,neg2x_initial_degree_matched,,USP14,CORO2A,CORO2A|USP14,False,cytoplasm;membrane;plasma_membrane,,,True,False,False,True,True,False,False,False,0.36906,LIHC,LIHC|LIHC_GSE146115_expression_Celltype_majorlineage|Tprolif
DUB|P54578|A0A291NLA3,DUB|P54578,DUB,P54578,A0A291NLA3,USP14,SIGIRR,USP,0,neg2x_initial_degree_matched,,USP14,SIGIRR,SIGIRR|USP14,False,cytoplasm;membrane;plasma_membrane,,,True,False,False,True,True,False,False,False,0.48281,LIHC,LIHC|LIHC_GSE98638_expression_Celltype_majorlineage|Tprolif
DUB|P54578|Q8WYQ5,DUB|P54578,DUB,P54578,Q8WYQ5,USP14,DGCR8,USP,0,neg2x_initial_degree_matched,,USP14,DGCR8,DGCR8|USP14,False,cytoplasm;membrane;plasma_membrane,nucleus,,True,True,False,True,True,False,False,False,0.16282,LIHC,LIHC|LIHC_GSE146115_expression_Celltype_majorlineage|Tprolif
DUB|P62068|P20226,DUB|P62068,DUB,P62068,P20226,USP46,TBP,USP,0,neg2x_initial_degree_matched,,USP46,TBP,TBP|USP46,False,cytoplasm,nucleus,,True,True,False,True,True,False,False,False,0.11691,LIHC,LIHC|LIHC_GSE179795_expression_Celltype_majorlineage|Mono/Macro
DUB|P62068|P08581,DUB|P62068,DUB,P62068,P08581,USP46,MET,USP,0,neg2x_initial_degree_matched,,USP46,MET,MET|USP46,False,cytoplasm,extracellular;membrane,,True,True,False,True,True,False,False,False,0.12307,CRC,CRC|CRC_GSE166555_expression_Celltype_majorlineage|Endothelial
DUB|P62068|O15151,DUB|P62068,DUB,P62068,O15151,USP46,MDM4,USP,0,neg2x_initial_degree_matched,,USP46,MDM4,MDM4|USP46,False,cytoplasm,nucleus,,True,True,False,True,True,False,False,False,0.20793,LIHC,LIHC|LIHC_GSE179795_expression_Celltype_majorlineage|ILC
DUB|P62068|Q8N4S9,DUB|P62068,DUB,P62068,Q8N4S9,USP46,MARVELD2,USP,0,neg2x_initial_degree_matched,,USP46,MARVELD2,MARVELD2|USP46,False,cytoplasm,cell_junction;membrane;plasma_membrane,,True,True,False,True,True,False,False,False,0.11788,CRC,CRC|CRC_GSE166555_expression_Celltype_majorlineage|Malignant
DUB|P62068|O95180,DUB|P62068,DUB,P62068,O95180,USP46,CACNA1H,USP,0,neg2x_initial_degree_matched,,USP46,CACNA1H,CACNA1H|USP46,False,cytoplasm,membrane;plasma_membrane,,True,True,False,True,True,False,False,False,0.1227,CRC,CRC|CRC_GSE166555_expression_Celltype_majorlineage|Myofibroblasts
DUB|P62068|Q9UGP5,DUB|P62068,DUB,P62068,Q9UGP5,USP46,POLL,USP,0,neg2x_initial_degree_matched,,USP46,POLL,POLL|USP46,False,cytoplasm,nucleus,,True,True,False,True,True,False,False,False,0.10491,CRC,CRC|CRC_GSE166555_expression_Celltype_majorlineage|Malignant
DUB|P62068|Q9UPP1,DUB|P62068,DUB,P62068,Q9UPP1,USP46,PHF8,USP,0,neg2x_initial_degree_matched,,USP46,PHF8,PHF8|USP46,False,cytoplasm,nucleus,,True,True,False,True,True,False,False,False,0.11244,CRC,CRC|CRC_GSE166555_expression_Celltype_majorlineage|Endothelial
DUB|Q01804|Q92819,DUB|Q01804,DUB,Q01804,Q92819,OTUD4,HAS2,OTU,0,neg2x_initial_degree_matched,,OTUD4,HAS2,HAS2|OTUD4,False,cytoplasm;nucleus,endoplasmic_reticulum;golgi;lysosome;membrane;plasma_membrane;vesicle,,True,True,False,True,True,False,False,False,0.1052,CRC,CRC|CRC_GSE146771_Smartseq2_expression_Celltype_majorlineage|Fibroblasts
DUB|Q01804|P33981,DUB|Q01804,DUB,Q01804,P33981,OTUD4,TTK,OTU,0,neg2x_initial_degree_matched,,OTUD4,TTK,OTUD4|TTK,False,cytoplasm;nucleus,,,True,False,False,True,True,False,False,False,0.30015,LIHC,LIHC|LIHC_GSE146115_expression_Celltype_majorlineage|Tprolif
DUB|Q05CD9|O60346,DUB|Q05CD9,DUB,Q05CD9,O60346,USP8,PHLPP1,USP,0,neg2x_initial_degree_matched,,USP8,PHLPP1,PHLPP1|USP8,False,,cytoplasm;membrane;nucleus;plasma_membrane,,False,True,False,True,True,False,False,False,0.16018,LIHC,LIHC|LIHC_GSE140228_Smartseq2_expression_Celltype_majorlineage|DC
DUB|Q05CD9|O95835,DUB|Q05CD9,DUB,Q05CD9,O95835,USP8,LATS1,USP,0,neg2x_initial_degree_matched,,USP8,LATS1,LATS1|USP8,False,,cytoplasm;cytoskeleton,,False,True,False,True,True,False,False,False,0.4384,LIHC,LIHC|LIHC_GSE98638_expression_Celltype_majorlineage|CD8Tex
DUB|Q0WX57|Q9UBS5,DUB|Q0WX57,DUB,Q0WX57,Q9UBS5,USP17L30,GABBR1,USP,0,neg2x_initial_degree_matched,,USP17L30,GABBR1,GABBR1|USP17L30,False,endoplasmic_reticulum;nucleus,extracellular;membrane;plasma_membrane,,True,True,False,False,False,False,False,False,0.0,CRC,NA
DUB|Q13107|O15519,DUB|Q13107,DUB,Q13107,O15519,USP4,CFLAR,USP,0,neg2x_initial_degree_matched,,USP4,CFLAR,CFLAR|USP4,False,cytoplasm;nucleus,,,True,False,False,True,True,False,False,False,0.65393,LIHC,LIHC|LIHC_GSE98638_expression_Celltype_majorlineage|CD8Tex
DUB|Q13107|P04234,DUB|Q13107,DUB,Q13107,P04234,USP4,CD3D,USP,0,neg2x_initial_degree_matched,,USP4,CD3D,CD3D|USP4,False,cytoplasm;nucleus,membrane;plasma_membrane,,True,True,False,True,True,False,False,False,0.65393,LIHC,LIHC|LIHC_GSE98638_expression_Celltype_majorlineage|CD8Tex
DUB|Q13107|Q96RJ0,DUB|Q13107,DUB,Q13107,Q96RJ0,USP4,TAAR1,USP,0,neg2x_initial_degree_matched,,USP4,TAAR1,TAAR1|USP4,False,cytoplasm;nucleus,endoplasmic_reticulum;membrane;plasma_membrane,,True,True,False,False,False,False,False,False,0.0,CRC,NA
DUB|Q13107|O43521,DUB|Q13107,DUB,Q13107,O43521,USP4,BCL2L11,USP,0,neg2x_initial_degree_matched,,USP4,BCL2L11,BCL2L11|USP4,False,cytoplasm;nucleus,membrane;mitochondrion,,True,True,False,True,True,False,False,False,0.59019,LIHC,LIHC|LIHC_GSE98638_expression_Celltype_majorlineage|CD8Tex
DUB|Q13107|Q04771,DUB|Q13107,DUB,Q13107,Q04771,USP4,ACVR1,USP,0,neg2x_initial_degree_matched,,USP4,ACVR1,ACVR1|USP4,False,cytoplasm;nucleus,membrane,,True,True,False,True,True,False,False,False,0.16523,CRC,CRC|CRC_GSE146771_Smartseq2_expression_Celltype_majorlineage|Fibroblasts
DUB|Q13107|Q16625,DUB|Q13107,DUB,Q13107,Q16625,USP4,OCLN,USP,0,neg2x_initial_degree_matched,,USP4,OCLN,OCLN|USP4,False,cytoplasm;nucleus,cell_junction;membrane;plasma_membrane,,True,True,False,True,True,False,False,False,0.22197,CRC,CRC|CRC_GSE139555_expression_Celltype_majorlineage|Myofibroblasts
DUB|Q13107|Q9Y570,DUB|Q13107,DUB,Q13107,Q9Y570,USP4,PPME1,USP,0,neg2x_initial_degree_matched,,USP4,PPME1,PPME1|USP4,False,cytoplasm;nucleus,,,True,False,False,True,True,False,False,False,0.30484,LIHC,LIHC|LIHC_GSE98638_expression_Celltype_majorlineage|Tprolif
DUB|Q13107|P36894,DUB|Q13107,DUB,Q13107,P36894,USP4,BMPR1A,USP,0,neg2x_initial_degree_matched,,USP4,BMPR1A,BMPR1A|USP4,False,cytoplasm;nucleus,membrane;plasma_membrane,,True,True,False,True,True,False,False,False,0.12174,LIHC,LIHC|LIHC_GSE140228_Smartseq2_expression_Celltype_majorlineage|Mast
DUB|Q13107|O95180,DUB|Q13107,DUB,Q13107,O95180,USP4,CACNA1H,USP,0,neg2x_initial_degree_matched,,USP4,CACNA1H,CACNA1H|USP4,False,cytoplasm;nucleus,membrane;plasma_membrane,,True,True,False,True,True,False,False,False,0.18528,LIHC,LIHC|LIHC_GSE140228_Smartseq2_expression_Celltype_majorlineage|Mast
DUB|Q13107|P04179,DUB|Q13107,DUB,Q13107,P04179,USP4,SOD2,USP,0,neg2x_initial_degree_matched,,USP4,SOD2,SOD2|USP4,False,cytoplasm;nucleus,mitochondrion,,True,True,False,True,True,False,False,False,0.60124,LIHC,LIHC|LIHC_GSE140228_Smartseq2_expression_Celltype_majorlineage|Mono/Macro
DUB|Q13107|O14737,DUB|Q13107,DUB,Q13107,O14737,USP4,PDCD5,USP,0,neg2x_initial_degree_matched,,USP4,PDCD5,PDCD5|USP4,False,cytoplasm;nucleus,,,True,False,False,True,True,False,False,False,0.45724,CRC,CRC|CRC_GSE146771_Smartseq2_expression_Celltype_majorlineage|Tprolif
DUB|Q14694|P08069,DUB|Q14694,DUB,Q14694,P08069,USP10,IGF1R,USP,0,neg2x_initial_degree_matched,,USP10,IGF1R,IGF1R|USP10,False,cytoplasm;endosome;nucleus,membrane;plasma_membrane,,True,True,False,True,True,False,False,False,0.26457,CRC,CRC|CRC_GSE166555_expression_Celltype_majorlineage|Malignant
DUB|Q14694|Q96RJ0,DUB|Q14694,DUB,Q14694,Q96RJ0,USP10,TAAR1,USP,0,neg2x_initial_degree_matched,,USP10,TAAR1,TAAR1|USP10,False,cytoplasm;endosome;nucleus,endoplasmic_reticulum;membrane;plasma_membrane,,True,True,False,False,False,False,False,False,0.0,CRC,NA
DUB|Q14694|A0A291NLA3,DUB|Q14694,DUB,Q14694,A0A291NLA3,USP10,SIGIRR,USP,0,neg2x_initial_degree_matched,,USP10,SIGIRR,SIGIRR|USP10,False,cytoplasm;endosome;nucleus,,,True,False,False,True,True,False,False,False,0.51613,LIHC,LIHC|LIHC_GSE98638_expression_Celltype_majorlineage|CD4Tconv
DUB|Q14694|Q02246,DUB|Q14694,DUB,Q14694,Q02246,USP10,CNTN2,USP,0,neg2x_initial_degree_matched,,USP10,CNTN2,CNTN2|USP10,False,cytoplasm;endosome;nucleus,membrane;plasma_membrane,,True,True,False,True,True,False,False,False,0.05258,CRC,CRC|CRC_EMTAB8107_expression_Celltype_majorlineage|Enteric glial
DUB|Q14694|Q8N4S9,DUB|Q14694,DUB,Q14694,Q8N4S9,USP10,MARVELD2,USP,0,neg2x_initial_degree_matched,,USP10,MARVELD2,MARVELD2|USP10,False,cytoplasm;endosome;nucleus,cell_junction;membrane;plasma_membrane,,True,True,False,True,True,False,False,False,0.1965,LIHC,LIHC|LIHC_GSE146409_expression_Celltype_majorlineage|Epithelial
DUB|Q14694|P08581,DUB|Q14694,DUB,Q14694,P08581,USP10,MET,USP,0,neg2x_initial_degree_matched,,USP10,MET,MET|USP10,False,cytoplasm;endosome;nucleus,extracellular;membrane,,True,True,False,True,True,False,False,False,0.27691,CRC,CRC|CRC_GSE166555_expression_Celltype_majorlineage|Malignant
DUB|Q14694|P36897,DUB|Q14694,DUB,Q14694,P36897,USP10,TGFBR1,USP,0,neg2x_initial_degree_matched,,USP10,TGFBR1,TGFBR1|USP10,False,cytoplasm;endosome;nucleus,cell_junction;membrane;plasma_membrane,,True,True,False,True,True,False,False,False,0.36462,LIHC,LIHC|LIHC_GSE140228_Smartseq2_expression_Celltype_majorlineage|ILC
DUB|Q14694|O15554,DUB|Q14694,DUB,Q14694,O15554,USP10,KCNN4,USP,0,neg2x_initial_degree_matched,,USP10,KCNN4,KCNN4|USP10,False,cytoplasm;endosome;nucleus,membrane;plasma_membrane,,True,True,False,True,True,False,False,False,0.4908,CRC,CRC|CRC_GSE108989_expression_Celltype_majorlineage|Treg
DUB|Q14694|P36894,DUB|Q14694,DUB,Q14694,P36894,USP10,BMPR1A,USP,0,neg2x_initial_degree_matched,,USP10,BMPR1A,BMPR1A|USP10,False,cytoplasm;endosome;nucleus,membrane;plasma_membrane,,True,True,False,True,True,False,False,False,0.12462,LIHC,LIHC|LIHC_GSE166635_expression_Celltype_majorlineage|Fibroblasts
DUB|Q14694|Q15388,DUB|Q14694,DUB,Q14694,Q15388,USP10,TOMM20,USP,0,neg2x_initial_degree_matched,,USP10,TOMM20,TOMM20|USP10,False,cytoplasm;endosome;nucleus,membrane;mitochondrion,,True,True,False,True,True,False,False,False,0.48484,LIHC,LIHC|LIHC_GSE140228_Smartseq2_expression_Celltype_majorlineage|Tprolif
DUB|Q14694|P37023,DUB|Q14694,DUB,Q14694,P37023,USP10,ACVRL1,USP,0,neg2x_initial_degree_matched,,USP10,ACVRL1,ACVRL1|USP10,False,cytoplasm;endosome;nucleus,membrane;plasma_membrane,,True,True,False,True,True,False,False,False,0.25344,CRC,CRC|CRC_GSE146771_Smartseq2_expression_Celltype_majorlineage|Endothelial
DUB|Q14694|Q96JA1,DUB|Q14694,DUB,Q14694,Q96JA1,USP10,LRIG1,USP,0,neg2x_initial_degree_matched,,USP10,LRIG1,LRIG1|USP10,False,cytoplasm;endosome;nucleus,membrane;plasma_membrane,,True,True,False,True,True,False,False,False,0.3326,LIHC,LIHC|LIHC_GSE98638_expression_Celltype_majorlineage|Others
DUB|Q14694|P04234,DUB|Q14694,DUB,Q14694,P04234,USP10,CD3D,USP,0,neg2x_initial_degree_matched,,USP10,CD3D,CD3D|USP10,False,cytoplasm;endosome;nucleus,membrane;plasma_membrane,,True,True,False,True,True,False,False,False,0.73084,LIHC,LIHC|LIHC_GSE98638_expression_Celltype_majorlineage|Tprolif
DUB|Q14694|P26927,DUB|Q14694,DUB,Q14694,P26927,USP10,MST1,USP,0,neg2x_initial_degree_matched,,USP10,MST1,MST1|USP10,False,cytoplasm;endosome;nucleus,extracellular,,True,True,False,True,True,False,False,False,0.22345,LIHC,LIHC|LIHC_GSE146115_expression_Celltype_majorlineage|Malignant
DUB|Q14694|O95180,DUB|Q14694,DUB,Q14694,O95180,USP10,CACNA1H,USP,0,neg2x_initial_degree_matched,,USP10,CACNA1H,CACNA1H|USP10,False,cytoplasm;endosome;nucleus,membrane;plasma_membrane,,True,True,False,True,True,False,False,False,0.20451,CRC,CRC|CRC_GSE166555_expression_Celltype_majorlineage|Myofibroblasts
DUB|Q15040|Q14469,DUB|Q15040,DUB,Q15040,Q14469,JOSD1,HES1,Josephin,0,neg2x_initial_degree_matched,,JOSD1,HES1,HES1|JOSD1,False,cytoplasm;cytoskeleton;membrane;plasma_membrane,nucleus,,True,True,False,True,True,False,False,False,0.47098,CRC,CRC|CRC_GSE166555_expression_Celltype_majorlineage|Mono/Macro
DUB|Q15040|Q13619,DUB|Q15040,DUB,Q15040,Q13619,JOSD1,CUL4A,Josephin,0,neg2x_initial_degree_matched,,JOSD1,CUL4A,CUL4A|JOSD1,False,cytoplasm;cytoskeleton;membrane;plasma_membrane,,,True,False,False,True,True,False,False,False,0.27918,CRC,CRC|CRC_GSE166555_expression_Celltype_majorlineage|Endothelial
DUB|Q15040|P20226,DUB|Q15040,DUB,Q15040,P20226,JOSD1,TBP,Josephin,0,neg2x_initial_degree_matched,,JOSD1,TBP,JOSD1|TBP,False,cytoplasm;cytoskeleton;membrane;plasma_membrane,nucleus,,True,True,False,True,True,False,False,False,0.15911,LIHC,LIHC|LIHC_GSE98638_expression_Celltype_majorlineage|Tprolif
DUB|Q4G0A6|P15407,DUB|Q4G0A6,DUB,Q4G0A6,P15407,MINDY4,FOSL1,MINDY,0,neg2x_initial_degree_matched,,MINDY4,FOSL1,FOSL1|MINDY4,False,,nucleus,,False,True,False,True,True,False,False,False,0.00899,CRC,CRC|CRC_GSE166555_expression_Celltype_majorlineage|Fibroblasts
DUB|Q4G0A6|P06239,DUB|Q4G0A6,DUB,Q4G0A6,P06239,MINDY4,LCK,MINDY,0,neg2x_initial_degree_matched,,MINDY4,LCK,LCK|MINDY4,False,,cytoplasm;membrane;plasma_membrane,,False,True,False,True,True,False,False,False,0.03555,LIHC,LIHC|LIHC_GSE98638_expression_Celltype_majorlineage|Tprolif
DUB|Q504Q3|A2AIR5,DUB|Q504Q3,DUB,Q504Q3,A2AIR5,PAN2,Grin3a,USP,0,neg2x_initial_degree_matched,,PAN2,GRIN3A,GRIN3A|PAN2,False,cytoplasm;nucleus,,,True,False,False,True,True,False,False,False,0.01319,LIHC,LIHC|LIHC_GSE140228_Smartseq2_expression_Celltype_majorlineage|Mono/Macro
DUB|Q53GS9|O75385,DUB|Q53GS9,DUB,Q53GS9,O75385,USP39,ULK1,USP,0,neg2x_initial_degree_matched,,USP39,ULK1,ULK1|USP39,False,nucleus,cytoplasm;membrane,,True,True,False,True,True,False,False,False,0.15595,LIHC,LIHC|LIHC_GSE140228_Smartseq2_expression_Celltype_majorlineage|Mono/Macro
DUB|Q53GS9|Q13546,DUB|Q53GS9,DUB,Q53GS9,Q13546,USP39,RIPK1,USP,0,neg2x_initial_degree_matched,,USP39,RIPK1,RIPK1|USP39,False,nucleus,cytoplasm;membrane;plasma_membrane,,True,True,False,True,True,False,False,False,0.29199,LIHC,LIHC|LIHC_GSE98638_expression_Celltype_majorlineage|Tprolif
DUB|Q53GS9|Q15154,DUB|Q53GS9,DUB,Q53GS9,Q15154,USP39,PCM1,USP,0,neg2x_initial_degree_matched,,USP39,PCM1,PCM1|USP39,False,nucleus,cytoplasm;cytoskeleton,,True,True,False,True,True,False,False,False,0.72782,LIHC,LIHC|LIHC_GSE98638_expression_Celltype_majorlineage|Tprolif
DUB|Q5D1E8|Q92828,DUB|Q5D1E8,DUB,Q5D1E8,Q92828,ZC3H12A,CORO2A,Other,0,neg2x_initial_degree_matched,,ZC3H12A,CORO2A,CORO2A|ZC3H12A,False,cytoplasm;endoplasmic_reticulum;membrane;nucleus,,,True,False,False,True,True,False,False,False,0.25459,CRC,CRC|CRC_GSE166555_expression_Celltype_majorlineage|Epithelial
DUB|Q5VV17|P35228,DUB|Q5VV17,DUB,Q5VV17,P35228,OTUD1,NOS2,OTU,0,neg2x_initial_degree_matched,,OTUD1,NOS2,NOS2|OTUD1,False,,cytoplasm,,False,True,False,True,True,False,False,False,0.06124,CRC,CRC|CRC_GSE166555_expression_Celltype_majorlineage|Epithelial
DUB|Q5VV17|P04150,DUB|Q5VV17,DUB,Q5VV17,P04150,OTUD1,NR3C1,OTU,0,neg2x_initial_degree_matched,,OTUD1,NR3C1,NR3C1|OTUD1,False,,cytoplasm;cytoskeleton;mitochondrion;nucleus,,False,True,False,True,True,False,False,False,0.47543,LIHC,LIHC|LIHC_GSE166635_expression_Celltype_majorlineage|Tprolif
DUB|Q5VV17|Q02556,DUB|Q5VV17,DUB,Q5VV17,Q02556,OTUD1,IRF8,OTU,0,neg2x_initial_degree_matched,,OTUD1,IRF8,IRF8|OTUD1,False,,cytoplasm;nucleus,,False,True,False,True,True,False,False,False,0.69968,CRC,CRC|CRC_GSE166555_expression_Celltype_majorlineage|Mono/Macro
DUB|Q5VV17|P41134,DUB|Q5VV17,DUB,Q5VV17,P41134,OTUD1,ID1,OTU,0,neg2x_initial_degree_matched,,OTUD1,ID1,ID1|OTUD1,False,,cytoplasm;nucleus,,False,True,False,True,True,False,False,False,0.23151,LIHC,LIHC|LIHC_GSE166635_expression_Celltype_majorlineage|Fibroblasts
DUB|Q5VV17|Q9HAU4,DUB|Q5VV17,DUB,Q5VV17,Q9HAU4,OTUD1,SMURF2,OTU,0,neg2x_initial_degree_matched,,OTUD1,SMURF2,OTUD1|SMURF2,False,,cytoplasm;membrane;nucleus;plasma_membrane,,False,True,False,True,True,False,False,False,0.23934,CRC,CRC|CRC_GSE166555_expression_Celltype_majorlineage|Mono/Macro
DUB|Q5VV17|O43623,DUB|Q5VV17,DUB,Q5VV17,O43623,OTUD1,SNAI2,OTU,0,neg2x_initial_degree_matched,,OTUD1,SNAI2,OTUD1|SNAI2,False,,cytoplasm;nucleus,,False,True,False,True,True,False,False,False,0.23151,LIHC,LIHC|LIHC_GSE166635_expression_Celltype_majorlineage|Fibroblasts
DUB|Q5VV17|Q05516,DUB|Q5VV17,DUB,Q5VV17,Q05516,OTUD1,ZBTB16,OTU,0,neg2x_initial_degree_matched,,OTUD1,ZBTB16,OTUD1|ZBTB16,False,,nucleus,,False,True,False,True,True,False,False,False,0.29542,LIHC,LIHC|LIHC_GSE140228_Smartseq2_expression_Celltype_majorlineage|DC
DUB|Q5VV17|P40763,DUB|Q5VV17,DUB,Q5VV17,P40763,OTUD1,STAT3,OTU,0,neg2x_initial_degree_matched,,OTUD1,STAT3,OTUD1|STAT3,False,,cytoplasm;nucleus,,False,True,False,True,True,False,False,False,0.67457,CRC,CRC|CRC_GSE166555_expression_Celltype_majorlineage|Mono/Macro
DUB|Q5VV17|P08581,DUB|Q5VV17,DUB,Q5VV17,P08581,OTUD1,MET,OTU,0,neg2x_initial_degree_matched,,OTUD1,MET,MET|OTUD1,False,,extracellular;membrane,,False,True,False,True,True,False,False,False,0.21607,CRC,CRC|CRC_GSE166555_expression_Celltype_majorlineage|Malignant
DUB|Q5VV17|P37173,DUB|Q5VV17,DUB,Q5VV17,P37173,OTUD1,TGFBR2,OTU,0,neg2x_initial_degree_matched,,OTUD1,TGFBR2,OTUD1|TGFBR2,False,,extracellular;membrane;plasma_membrane,,False,True,False,True,True,False,False,False,0.55267,CRC,CRC|CRC_GSE166555_expression_Celltype_majorlineage|Mono/Macro
DUB|Q5VV17|Q14790,DUB|Q5VV17,DUB,Q5VV17,Q14790,OTUD1,CASP8,OTU,0,neg2x_initial_degree_matched,,OTUD1,CASP8,CASP8|OTUD1,False,,cytoplasm;nucleus,,False,True,False,True,True,False,False,False,0.29542,LIHC,LIHC|LIHC_GSE140228_Smartseq2_expression_Celltype_majorlineage|DC
DUB|Q5VV17|Q13042,DUB|Q5VV17,DUB,Q5VV17,Q13042,OTUD1,CDC16,OTU,0,neg2x_initial_degree_matched,,OTUD1,CDC16,CDC16|OTUD1,False,,cytoplasm;cytoskeleton,,False,True,False,True,True,False,False,False,0.19314,CRC,CRC|CRC_GSE166555_expression_Celltype_majorlineage|Malignant
DUB|Q5VVQ6|Q08999,DUB|Q5VVQ6,DUB,Q5VVQ6,Q08999,YOD1,RBL2,OTU,0,neg2x_initial_degree_matched,,YOD1,RBL2,RBL2|YOD1,False,cytoplasm,nucleus,,True,True,False,True,True,False,False,False,0.13137,CRC,CRC|CRC_GSE166555_expression_Celltype_majorlineage|Malignant
DUB|Q5VVQ6|Q9H211,DUB|Q5VVQ6,DUB,Q5VVQ6,Q9H211,YOD1,CDT1,OTU,0,neg2x_initial_degree_matched,,YOD1,CDT1,CDT1|YOD1,False,cytoplasm,nucleus,,True,True,False,True,True,False,False,False,0.13137,CRC,CRC|CRC_GSE166555_expression_Celltype_majorlineage|Malignant
DUB|Q5VVQ6|Q96T88,DUB|Q5VVQ6,DUB,Q5VVQ6,Q96T88,YOD1,UHRF1,OTU,0,neg2x_initial_degree_matched,,YOD1,UHRF1,UHRF1|YOD1,False,cytoplasm,nucleus,,True,True,False,True,True,False,False,False,0.06286,LIHC,LIHC|LIHC_GSE140228_Smartseq2_expression_Celltype_majorlineage|Tprolif
DUB|Q6GQQ9|Q15388,DUB|Q6GQQ9,DUB,Q6GQQ9,Q15388,OTUD7B,TOMM20,OTU,0,neg2x_initial_degree_matched,,OTUD7B,TOMM20,OTUD7B|TOMM20,False,cytoplasm;nucleus,membrane;mitochondrion,,True,True,False,True,True,False,False,False,0.28763,CRC,CRC|CRC_EMTAB8107_expression_Celltype_majorlineage|Enteric glial
DUB|Q6GQQ9|P04629,DUB|Q6GQQ9,DUB,Q6GQQ9,P04629,OTUD7B,NTRK1,OTU,0,neg2x_initial_degree_matched,,OTUD7B,NTRK1,NTRK1|OTUD7B,False,cytoplasm;nucleus,endosome;membrane;plasma_membrane,,True,True,False,True,True,False,False,False,0.08454,LIHC,LIHC|LIHC_GSE98638_expression_Celltype_majorlineage|Treg
DUB|Q6GQQ9|Q8TB45,DUB|Q6GQQ9,DUB,Q6GQQ9,Q8TB45,OTUD7B,DEPTOR,OTU,0,neg2x_initial_degree_matched,,OTUD7B,DEPTOR,DEPTOR|OTUD7B,False,cytoplasm;nucleus,lysosome;membrane,,True,True,False,True,True,False,False,False,0.17878,CRC,CRC|CRC_GSE139555_expression_Celltype_majorlineage|Myofibroblasts
DUB|Q6P468|P61073,DUB|Q6P468,DUB,Q6P468,P61073,USP9X,CXCR4,USP,0,neg2x_initial_degree_matched,,USP9X,CXCR4,CXCR4|USP9X,False,,cell_junction;endosome;lysosome;membrane;plasma_membrane,,False,True,False,True,True,False,False,False,0.68024,CRC,CRC|CRC_GSE108989_expression_Celltype_majorlineage|Tprolif
DUB|Q6P468|P26927,DUB|Q6P468,DUB,Q6P468,P26927,USP9X,MST1,USP,0,neg2x_initial_degree_matched,,USP9X,MST1,MST1|USP9X,False,,extracellular,,False,True,False,True,True,False,False,False,0.55415,LIHC,LIHC|LIHC_GSE146115_expression_Celltype_majorlineage|Malignant
DUB|Q6P468|Q9UER7,DUB|Q6P468,DUB,Q6P468,Q9UER7,USP9X,DAXX,USP,0,neg2x_initial_degree_matched,,USP9X,DAXX,DAXX|USP9X,False,,cytoplasm;nucleus,,False,True,False,True,True,False,False,False,0.61518,LIHC,LIHC|LIHC_GSE98638_expression_Celltype_majorlineage|Tprolif
DUB|Q6R6M4|P53396,DUB|Q6R6M4,DUB,Q6R6M4,P53396,USP17L2,ACLY,USP,0,neg2x_initial_degree_matched,,USP17L2,ACLY,ACLY|USP17L2,False,endoplasmic_reticulum;nucleus,cytoplasm,,True,True,False,True,False,False,False,False,0.0092,CRC,CRC|CRC_GSE146771_Smartseq2_expression_Celltype_majorlineage|Malignant
DUB|Q6R6M4|O60493,DUB|Q6R6M4,DUB,Q6R6M4,O60493,USP17L2,SNX3,USP,0,neg2x_initial_degree_matched,,USP17L2,SNX3,SNX3|USP17L2,False,endoplasmic_reticulum;nucleus,cytoplasm;endosome;vesicle,,True,True,False,True,False,False,False,False,0.0092,CRC,CRC|CRC_GSE146771_Smartseq2_expression_Celltype_majorlineage|Malignant
DUB|Q6R6M4|P37173,DUB|Q6R6M4,DUB,Q6R6M4,P37173,USP17L2,TGFBR2,USP,0,neg2x_initial_degree_matched,,USP17L2,TGFBR2,TGFBR2|USP17L2,False,endoplasmic_reticulum;nucleus,extracellular;membrane;plasma_membrane,,True,True,False,True,False,False,False,False,0.0092,CRC,CRC|CRC_GSE146771_Smartseq2_expression_Celltype_majorlineage|Malignant
DUB|Q6R6M4|Q16828,DUB|Q6R6M4,DUB,Q6R6M4,Q16828,USP17L2,DUSP6,USP,0,neg2x_initial_degree_matched,,USP17L2,DUSP6,DUSP6|USP17L2,False,endoplasmic_reticulum;nucleus,cytoplasm,,True,True,False,True,False,False,False,False,0.0092,CRC,CRC|CRC_GSE146771_Smartseq2_expression_Celltype_majorlineage|Malignant
DUB|Q6R6M4|Q9UBS5,DUB|Q6R6M4,DUB,Q6R6M4,Q9UBS5,USP17L2,GABBR1,USP,0,neg2x_initial_degree_matched,,USP17L2,GABBR1,GABBR1|USP17L2,False,endoplasmic_reticulum;nucleus,extracellular;membrane;plasma_membrane,,True,True,False,True,False,False,False,False,0.0092,CRC,CRC|CRC_GSE146771_Smartseq2_expression_Celltype_majorlineage|Malignant
DUB|Q6R6M4|O95140,DUB|Q6R6M4,DUB,Q6R6M4,O95140,USP17L2,MFN2,USP,0,neg2x_initial_degree_matched,,USP17L2,MFN2,MFN2|USP17L2,False,endoplasmic_reticulum;nucleus,membrane;mitochondrion,,True,True,False,True,False,False,False,False,0.0092,CRC,CRC|CRC_GSE146771_Smartseq2_expression_Celltype_majorlineage|Malignant
DUB|Q6R6M4|Q13635,DUB|Q6R6M4,DUB,Q6R6M4,Q13635,USP17L2,PTCH1,USP,0,neg2x_initial_degree_matched,,USP17L2,PTCH1,PTCH1|USP17L2,False,endoplasmic_reticulum;nucleus,membrane;plasma_membrane,,True,True,False,True,False,False,False,False,0.0092,CRC,CRC|CRC_GSE146771_Smartseq2_expression_Celltype_majorlineage|Malignant
DUB|Q70CQ1|Q03518,DUB|Q70CQ1,DUB,Q70CQ1,Q03518,USP49,TAP1,USP,0,neg2x_initial_degree_matched,,USP49,TAP1,TAP1|USP49,False,cytoplasm;nucleus,endoplasmic_reticulum;membrane,,True,True,False,True,True,False,False,False,0.3043,LIHC,LIHC|LIHC_GSE146115_expression_Celltype_majorlineage|CD8T
DUB|Q70CQ1|P36894,DUB|Q70CQ1,DUB,Q70CQ1,P36894,USP49,BMPR1A,USP,0,neg2x_initial_degree_matched,,USP49,BMPR1A,BMPR1A|USP49,False,cytoplasm;nucleus,membrane;plasma_membrane,,True,True,False,True,True,False,False,False,0.05134,CRC,CRC|CRC_GSE166555_expression_Celltype_majorlineage|Malignant
DUB|Q70CQ1|O14737,DUB|Q70CQ1,DUB,Q70CQ1,O14737,USP49,PDCD5,USP,0,neg2x_initial_degree_matched,,USP49,PDCD5,PDCD5|USP49,False,cytoplasm;nucleus,,,True,False,False,True,True,False,False,False,0.33196,LIHC,LIHC|LIHC_GSE146115_expression_Celltype_majorlineage|Malignant
DUB|Q70CQ2|P12004,DUB|Q70CQ2,DUB,Q70CQ2,P12004,USP34,PCNA,USP,0,neg2x_initial_degree_matched,,USP34,PCNA,PCNA|USP34,False,,nucleus,,False,True,False,True,True,False,False,False,0.56513,CRC,CRC|CRC_GSE139555_expression_Celltype_majorlineage|Tprolif
DUB|Q70CQ2|Q13546,DUB|Q70CQ2,DUB,Q70CQ2,Q13546,USP34,RIPK1,USP,0,neg2x_initial_degree_matched,,USP34,RIPK1,RIPK1|USP34,False,,cytoplasm;membrane;plasma_membrane,,False,True,False,True,True,False,False,False,0.29199,LIHC,LIHC|LIHC_GSE98638_expression_Celltype_majorlineage|Tprolif
DUB|Q70CQ2|Q05586,DUB|Q70CQ2,DUB,Q70CQ2,Q05586,USP34,GRIN1,USP,0,neg2x_initial_degree_matched,,USP34,GRIN1,GRIN1|USP34,False,,endoplasmic_reticulum;membrane;plasma_membrane,,False,True,False,True,True,False,False,False,0.05253,LIHC,LIHC|LIHC_GSE140228_10X_expression_Celltype_majorlineage|ILC
DUB|Q70CQ2|P53350,DUB|Q70CQ2,DUB,Q70CQ2,P53350,USP34,PLK1,USP,0,neg2x_initial_degree_matched,,USP34,PLK1,PLK1|USP34,False,,cytoplasm;cytoskeleton;nucleus,,False,True,False,True,True,False,False,False,0.47284,LIHC,LIHC|LIHC_GSE98638_expression_Celltype_majorlineage|Tprolif
DUB|Q70CQ2|Q9HA47,DUB|Q70CQ2,DUB,Q70CQ2,Q9HA47,USP34,UCK1,USP,0,neg2x_initial_degree_matched,,USP34,UCK1,UCK1|USP34,False,,,,False,False,False,True,True,False,False,False,0.19099,CRC,CRC|CRC_GSE108989_expression_Celltype_majorlineage|Tprolif
DUB|Q70CQ2|Q9UMS4,DUB|Q70CQ2,DUB,Q70CQ2,Q9UMS4,USP34,PRPF19,USP,0,neg2x_initial_degree_matched,,USP34,PRPF19,PRPF19|USP34,False,,cytoplasm;cytoskeleton;nucleus,,False,True,False,True,True,False,False,False,0.284,LIHC,LIHC|LIHC_GSE140228_10X_expression_Celltype_majorlineage|Tprolif
DUB|Q70CQ2|Q15051,DUB|Q70CQ2,DUB,Q70CQ2,Q15051,USP34,IQCB1,USP,0,neg2x_initial_degree_matched,,USP34,IQCB1,IQCB1|USP34,False,,cytoplasm;cytoskeleton,,False,True,False,True,True,False,False,False,0.38311,CRC,CRC|CRC_GSE146771_Smartseq2_expression_Celltype_majorlineage|Tprolif
DUB|Q70CQ2|P53396,DUB|Q70CQ2,DUB,Q70CQ2,P53396,USP34,ACLY,USP,0,neg2x_initial_degree_matched,,USP34,ACLY,ACLY|USP34,False,,cytoplasm,,False,True,False,True,True,False,False,False,0.52589,LIHC,LIHC|LIHC_GSE98638_expression_Celltype_majorlineage|Treg
DUB|Q70CQ3|Q13887,DUB|Q70CQ3,DUB,Q70CQ3,Q13887,USP30,KLF5,USP,0,neg2x_initial_degree_matched,,USP30,KLF5,KLF5|USP30,False,membrane;mitochondrion,nucleus,,True,True,False,True,True,False,False,False,0.07947,CRC,CRC|CRC_GSE139555_expression_Celltype_majorlineage|Myofibroblasts
DUB|Q70CQ3|Q92905,DUB|Q70CQ3,DUB,Q70CQ3,Q92905,USP30,COPS5,USP,0,neg2x_initial_degree_matched,,USP30,COPS5,COPS5|USP30,False,membrane;mitochondrion,cytoplasm;nucleus;vesicle,,True,True,False,True,True,False,False,False,0.14957,CRC,CRC|CRC_GSE146771_Smartseq2_expression_Celltype_majorlineage|Tprolif
DUB|Q70CQ3|Q92466,DUB|Q70CQ3,DUB,Q70CQ3,Q92466,USP30,DDB2,USP,0,neg2x_initial_degree_matched,,USP30,DDB2,DDB2|USP30,False,membrane;mitochondrion,nucleus,,True,True,False,True,True,False,False,False,0.14957,CRC,CRC|CRC_GSE146771_Smartseq2_expression_Celltype_majorlineage|Tprolif
DUB|Q70CQ3|Q15154,DUB|Q70CQ3,DUB,Q70CQ3,Q15154,USP30,PCM1,USP,0,neg2x_initial_degree_matched,,USP30,PCM1,PCM1|USP30,False,membrane;mitochondrion,cytoplasm;cytoskeleton,,True,True,False,True,True,False,False,False,0.14957,CRC,CRC|CRC_GSE146771_Smartseq2_expression_Celltype_majorlineage|Tprolif
DUB|Q70CQ3|Q05195,DUB|Q70CQ3,DUB,Q70CQ3,Q05195,USP30,MXD1,USP,0,neg2x_initial_degree_matched,,USP30,MXD1,MXD1|USP30,False,membrane;mitochondrion,nucleus,,True,True,False,True,True,False,False,False,0.14957,CRC,CRC|CRC_GSE146771_Smartseq2_expression_Celltype_majorlineage|Tprolif
DUB|Q70CQ3|Q8WYQ5,DUB|Q70CQ3,DUB,Q70CQ3,Q8WYQ5,USP30,DGCR8,USP,0,neg2x_initial_degree_matched,,USP30,DGCR8,DGCR8|USP30,False,membrane;mitochondrion,nucleus,,True,True,False,True,True,False,False,False,0.12337,LIHC,LIHC|LIHC_GSE98638_expression_Celltype_majorlineage|Treg
DUB|Q70CQ3|P16104,DUB|Q70CQ3,DUB,Q70CQ3,P16104,USP30,H2AFX,USP,0,neg2x_initial_degree_matched,,USP30,H2AFX,H2AFX|USP30,False,membrane;mitochondrion,nucleus,,True,True,False,True,True,False,False,False,0.14957,CRC,CRC|CRC_GSE146771_Smartseq2_expression_Celltype_majorlineage|Tprolif
DUB|Q70EK8|O15105,DUB|Q70EK8,DUB,Q70EK8,O15105,USP53,SMAD7,USP,0,neg2x_initial_degree_matched,,USP53,SMAD7,SMAD7|USP53,False,cell_junction,cytoplasm;nucleus,,True,True,False,True,True,False,False,False,0.26488,CRC,CRC|CRC_GSE166555_expression_Celltype_majorlineage|Mast
DUB|Q70EK9|Q99683,DUB|Q70EK9,DUB,Q70EK9,Q99683,USP51,MAP3K5,USP,0,neg2x_initial_degree_matched,,USP51,MAP3K5,MAP3K5|USP51,False,nucleus,cytoplasm;endoplasmic_reticulum,,True,True,False,True,True,False,False,False,0.06878,CRC,CRC|CRC_GSE166555_expression_Celltype_majorlineage|Fibroblasts
DUB|Q70EK9|Q9NR09,DUB|Q70EK9,DUB,Q70EK9,Q9NR09,USP51,BIRC6,USP,0,neg2x_initial_degree_matched,,USP51,BIRC6,BIRC6|USP51,False,nucleus,cytoplasm;cytoskeleton;endosome;golgi;membrane,,True,True,False,True,True,False,False,False,0.06878,CRC,CRC|CRC_GSE166555_expression_Celltype_majorlineage|Fibroblasts
DUB|Q70EK9|Q16828,DUB|Q70EK9,DUB,Q70EK9,Q16828,USP51,DUSP6,USP,0,neg2x_initial_degree_matched,,USP51,DUSP6,DUSP6|USP51,False,nucleus,cytoplasm,,True,True,False,True,True,False,False,False,0.06878,CRC,CRC|CRC_GSE166555_expression_Celltype_majorlineage|Fibroblasts
DUB|Q70EK9|Q96JA1,DUB|Q70EK9,DUB,Q70EK9,Q96JA1,USP51,LRIG1,USP,0,neg2x_initial_degree_matched,,USP51,LRIG1,LRIG1|USP51,False,nucleus,membrane;plasma_membrane,,True,True,False,True,True,False,False,False,0.06878,CRC,CRC|CRC_GSE166555_expression_Celltype_majorlineage|Fibroblasts
DUB|Q70EL4|Q01860,DUB|Q70EL4,DUB,Q70EL4,Q01860,USP43,POU5F1,USP,0,neg2x_initial_degree_matched,,USP43,POU5F1,POU5F1|USP43,False,,cytoplasm;nucleus,,False,True,False,True,True,False,False,False,0.04672,CRC,CRC|CRC_GSE166555_expression_Celltype_majorlineage|Epithelial
DUB|Q70EL4|Q9BXW9,DUB|Q70EL4,DUB,Q70EL4,Q9BXW9,USP43,FANCD2,USP,0,neg2x_initial_degree_matched,,USP43,FANCD2,FANCD2|USP43,False,,cytoplasm;nucleus,,False,True,False,True,True,False,False,False,0.07507,CRC,CRC|CRC_GSE166555_expression_Celltype_majorlineage|Malignant
DUB|Q7L8S5|P04179,DUB|Q7L8S5,DUB,Q7L8S5,P04179,OTUD6A,SOD2,OTU,0,neg2x_initial_degree_matched,,OTUD6A,SOD2,OTUD6A|SOD2,False,,mitochondrion,,False,True,False,True,True,False,False,False,0.06504,LIHC,LIHC|LIHC_GSE146115_expression_Celltype_majorlineage|Mono/Macro
DUB|Q7L8S5|P04049,DUB|Q7L8S5,DUB,Q7L8S5,P04049,OTUD6A,RAF1,OTU,0,neg2x_initial_degree_matched,,OTUD6A,RAF1,OTUD6A|RAF1,False,,cytoplasm;membrane;mitochondrion;nucleus;plasma_membrane,,False,True,False,True,True,False,False,False,0.06504,LIHC,LIHC|LIHC_GSE146115_expression_Celltype_majorlineage|Mono/Macro
DUB|Q7L8S5|Q9H6Z9,DUB|Q7L8S5,DUB,Q7L8S5,Q9H6Z9,OTUD6A,EGLN3,OTU,0,neg2x_initial_degree_matched,,OTUD6A,EGLN3,EGLN3|OTUD6A,False,,cytoplasm;nucleus,,False,True,False,True,True,False,False,False,0.06504,LIHC,LIHC|LIHC_GSE146115_expression_Celltype_majorlineage|Mono/Macro
DUB|Q7L8S5|Q8WWY3,DUB|Q7L8S5,DUB,Q7L8S5,Q8WWY3,OTUD6A,PRPF31,OTU,0,neg2x_initial_degree_matched,,OTUD6A,PRPF31,OTUD6A|PRPF31,False,,nucleus,,False,True,False,True,True,False,False,False,0.06504,LIHC,LIHC|LIHC_GSE146115_expression_Celltype_majorlineage|Mono/Macro
DUB|Q86T82|Q99538,DUB|Q86T82,DUB,Q86T82,Q99538,USP37,LGMN,USP,0,neg2x_initial_degree_matched,,USP37,LGMN,LGMN|USP37,False,nucleus,lysosome,,True,True,False,True,True,False,False,False,0.26138,LIHC,LIHC|LIHC_GSE140228_Smartseq2_expression_Celltype_majorlineage|Tprolif
DUB|Q86T82|Q9UHD2,DUB|Q86T82,DUB,Q86T82,Q9UHD2,USP37,TBK1,USP,0,neg2x_initial_degree_matched,,USP37,TBK1,TBK1|USP37,False,nucleus,cytoplasm,,True,True,False,True,True,False,False,False,0.46201,CRC,CRC|CRC_GSE108989_expression_Celltype_majorlineage|Tprolif
DUB|Q86T82|Q96CW5,DUB|Q86T82,DUB,Q86T82,Q96CW5,USP37,TUBGCP3,USP,0,neg2x_initial_degree_matched,,USP37,TUBGCP3,TUBGCP3|USP37,False,nucleus,cytoplasm;cytoskeleton,,True,True,False,True,True,False,False,False,0.36827,LIHC,LIHC|LIHC_GSE98638_expression_Celltype_majorlineage|Tprolif
DUB|Q86T82|Q86WI3,DUB|Q86T82,DUB,Q86T82,Q86WI3,USP37,NLRC5,USP,0,neg2x_initial_degree_matched,,USP37,NLRC5,NLRC5|USP37,False,nucleus,cytoplasm,,True,True,False,True,True,False,False,False,0.46201,CRC,CRC|CRC_GSE108989_expression_Celltype_majorlineage|Tprolif
DUB|Q86T82|P47895,DUB|Q86T82,DUB,Q86T82,P47895,USP37,ALDH1A3,USP,0,neg2x_initial_degree_matched,,USP37,ALDH1A3,ALDH1A3|USP37,False,nucleus,cytoplasm,,True,True,False,True,True,False,False,False,0.10497,CRC,CRC|CRC_GSE166555_expression_Celltype_majorlineage|Endothelial
DUB|Q86T82|Q13114,DUB|Q86T82,DUB,Q86T82,Q13114,USP37,TRAF3,USP,0,neg2x_initial_degree_matched,,USP37,TRAF3,TRAF3|USP37,False,nucleus,cytoplasm;endosome;mitochondrion,,True,True,False,True,True,False,False,False,0.27601,CRC,CRC|CRC_GSE108989_expression_Celltype_majorlineage|Tprolif
DUB|Q86T82|Q8IXI2,DUB|Q86T82,DUB,Q86T82,Q8IXI2,USP37,RHOT1,USP,0,neg2x_initial_degree_matched,,USP37,RHOT1,RHOT1|USP37,False,nucleus,membrane;mitochondrion,,True,True,False,True,True,False,False,False,0.24271,CRC,CRC|CRC_GSE108989_expression_Celltype_majorlineage|Tprolif
DUB|Q86UV5|P21860,DUB|Q86UV5,DUB,Q86UV5,P21860,USP48,ERBB3,USP,0,neg2x_initial_degree_matched,,USP48,ERBB3,ERBB3|USP48,False,cytoplasm;nucleus,extracellular;membrane;plasma_membrane,,True,True,False,True,True,False,False,False,0.29215,LIHC,LIHC|LIHC_GSE146115_expression_Celltype_majorlineage|Malignant
DUB|Q8N5J2|O14737,DUB|Q8N5J2,DUB,Q8N5J2,O14737,MINDY1,PDCD5,MINDY,0,neg2x_initial_degree_matched,,MINDY1,PDCD5,MINDY1|PDCD5,False,,,,False,False,False,True,True,False,False,False,0.2011,LIHC,LIHC|LIHC_GSE146115_expression_Celltype_majorlineage|Malignant
DUB|Q8N5J2|P23759,DUB|Q8N5J2,DUB,Q8N5J2,P23759,MINDY1,PAX7,MINDY,0,neg2x_initial_degree_matched,,MINDY1,PAX7,MINDY1|PAX7,False,,nucleus,,False,True,False,True,True,False,False,False,0.00159,CRC,CRC|CRC_GSE166555_expression_Celltype_majorlineage|Malignant
DUB|Q8NB14|Q96JA1,DUB|Q8NB14,DUB,Q8NB14,Q96JA1,USP38,LRIG1,USP,0,neg2x_initial_degree_matched,,USP38,LRIG1,LRIG1|USP38,False,cytoplasm;nucleus,membrane;plasma_membrane,,True,True,False,True,True,False,False,False,0.24922,LIHC,LIHC|LIHC_GSE98638_expression_Celltype_majorlineage|CD4Tconv
DUB|Q8TEY7|P43246,DUB|Q8TEY7,DUB,Q8TEY7,P43246,USP33,MSH2,USP,0,neg2x_initial_degree_matched,,USP33,MSH2,MSH2|USP33,False,cytoplasm;cytoskeleton;golgi,nucleus,,True,True,False,True,True,False,False,False,0.62481,LIHC,LIHC|LIHC_GSE98638_expression_Celltype_majorlineage|Tprolif
DUB|Q8TEY7|O14773,DUB|Q8TEY7,DUB,Q8TEY7,O14773,USP33,TPP1,USP,0,neg2x_initial_degree_matched,,USP33,TPP1,TPP1|USP33,False,cytoplasm;cytoskeleton;golgi,lysosome,,True,True,False,True,True,False,False,False,0.63094,LIHC,LIHC|LIHC_GSE98638_expression_Celltype_majorlineage|CD8T
DUB|Q8TEY7|O15151,DUB|Q8TEY7,DUB,Q8TEY7,O15151,USP33,MDM4,USP,0,neg2x_initial_degree_matched,,USP33,MDM4,MDM4|USP33,False,cytoplasm;cytoskeleton;golgi,nucleus,,True,True,False,True,True,False,False,False,0.63094,LIHC,LIHC|LIHC_GSE98638_expression_Celltype_majorlineage|CD8T
DUB|Q8TEY7|Q8NHW3,DUB|Q8TEY7,DUB,Q8TEY7,Q8NHW3,USP33,MAFA,USP,0,neg2x_initial_degree_matched,,USP33,MAFA,MAFA|USP33,False,cytoplasm;cytoskeleton;golgi,nucleus,,True,True,False,True,True,False,False,False,0.0676,LIHC,LIHC|LIHC_GSE166635_expression_Celltype_majorlineage|Epithelial
DUB|Q8TEY7|Q9H3R0,DUB|Q8TEY7,DUB,Q8TEY7,Q9H3R0,USP33,KDM4C,USP,0,neg2x_initial_degree_matched,,USP33,KDM4C,KDM4C|USP33,False,cytoplasm;cytoskeleton;golgi,nucleus,,True,True,False,True,True,False,False,False,0.45775,LIHC,LIHC|LIHC_GSE98638_expression_Celltype_majorlineage|CD4Tconv
DUB|Q8TEY7|Q14135,DUB|Q8TEY7,DUB,Q8TEY7,Q14135,USP33,VGLL4,USP,0,neg2x_initial_degree_matched,,USP33,VGLL4,USP33|VGLL4,False,cytoplasm;cytoskeleton;golgi,nucleus,,True,True,False,True,True,False,False,False,0.39637,CRC,CRC|CRC_GSE146771_Smartseq2_expression_Celltype_majorlineage|Endothelial
DUB|Q8TEY7|Q8IXJ9,DUB|Q8TEY7,DUB,Q8TEY7,Q8IXJ9,USP33,ASXL1,USP,0,neg2x_initial_degree_matched,,USP33,ASXL1,ASXL1|USP33,False,cytoplasm;cytoskeleton;golgi,nucleus,,True,True,False,True,True,False,False,False,0.42643,LIHC,LIHC|LIHC_GSE146115_expression_Celltype_majorlineage|Tprolif
DUB|Q8TEY7|P36894,DUB|Q8TEY7,DUB,Q8TEY7,P36894,USP33,BMPR1A,USP,0,neg2x_initial_degree_matched,,USP33,BMPR1A,BMPR1A|USP33,False,cytoplasm;cytoskeleton;golgi,membrane;plasma_membrane,,True,True,False,True,True,False,False,False,0.12462,LIHC,LIHC|LIHC_GSE166635_expression_Celltype_majorlineage|Fibroblasts
DUB|Q92560|P10145,DUB|Q92560,DUB,Q92560,P10145,BAP1,CXCL8,UCH,0,neg2x_initial_degree_matched,,BAP1,CXCL8,BAP1|CXCL8,False,cytoplasm;nucleus,extracellular,,True,True,False,True,True,False,False,False,0.18505,CRC,CRC|CRC_GSE146771_Smartseq2_expression_Celltype_majorlineage|Mast
DUB|Q92560|Q8IXI2,DUB|Q92560,DUB,Q92560,Q8IXI2,BAP1,RHOT1,UCH,0,neg2x_initial_degree_matched,,BAP1,RHOT1,BAP1|RHOT1,False,cytoplasm;nucleus,membrane;mitochondrion,,True,True,False,True,True,False,False,False,0.19845,LIHC,LIHC|LIHC_GSE146115_expression_Celltype_majorlineage|Tprolif
DUB|Q92560|Q96JA1,DUB|Q92560,DUB,Q92560,Q96JA1,BAP1,LRIG1,UCH,0,neg2x_initial_degree_matched,,BAP1,LRIG1,BAP1|LRIG1,False,cytoplasm;nucleus,membrane;plasma_membrane,,True,True,False,True,True,False,False,False,0.15735,LIHC,LIHC|LIHC_GSE98638_expression_Celltype_majorlineage|Tprolif
DUB|Q92560|P26927,DUB|Q92560,DUB,Q92560,P26927,BAP1,MST1,UCH,0,neg2x_initial_degree_matched,,BAP1,MST1,BAP1|MST1,False,cytoplasm;nucleus,extracellular,,True,True,False,True,True,False,False,False,0.2426,LIHC,LIHC|LIHC_GSE146115_expression_Celltype_majorlineage|Malignant
DUB|Q92560|Q9ULT8,DUB|Q92560,DUB,Q92560,Q9ULT8,BAP1,HECTD1,UCH,0,neg2x_initial_degree_matched,,BAP1,HECTD1,BAP1|HECTD1,False,cytoplasm;nucleus,,,True,False,False,True,True,False,False,False,0.28565,LIHC,LIHC|LIHC_GSE146115_expression_Celltype_majorlineage|Tprolif
DUB|Q92560|P37173,DUB|Q92560,DUB,Q92560,P37173,BAP1,TGFBR2,UCH,0,neg2x_initial_degree_matched,,BAP1,TGFBR2,BAP1|TGFBR2,False,cytoplasm;nucleus,extracellular;membrane;plasma_membrane,,True,True,False,True,True,False,False,False,0.19912,CRC,CRC|CRC_GSE166555_expression_Celltype_majorlineage|Endothelial
DUB|Q92560|P07550,DUB|Q92560,DUB,Q92560,P07550,BAP1,ADRB2,UCH,0,neg2x_initial_degree_matched,,BAP1,ADRB2,ADRB2|BAP1,False,cytoplasm;nucleus,endosome;golgi;membrane;plasma_membrane,,True,True,False,True,True,False,False,False,0.19292,LIHC,LIHC|LIHC_GSE140228_Smartseq2_expression_Celltype_majorlineage|Tprolif
DUB|Q92560|Q03518,DUB|Q92560,DUB,Q92560,Q03518,BAP1,TAP1,UCH,0,neg2x_initial_degree_matched,,BAP1,TAP1,BAP1|TAP1,False,cytoplasm;nucleus,endoplasmic_reticulum;membrane,,True,True,False,True,True,False,False,False,0.29576,LIHC,LIHC|LIHC_GSE146115_expression_Celltype_majorlineage|Tprolif
DUB|Q92560|Q13619,DUB|Q92560,DUB,Q92560,Q13619,BAP1,CUL4A,UCH,0,neg2x_initial_degree_matched,,BAP1,CUL4A,BAP1|CUL4A,False,cytoplasm;nucleus,,,True,False,False,True,True,False,False,False,0.19912,CRC,CRC|CRC_GSE166555_expression_Celltype_majorlineage|Endothelial
DUB|Q92905|P37023,DUB|Q92905,DUB,Q92905,P37023,COPS5,ACVRL1,JAMM,0,neg2x_initial_degree_matched,,COPS5,ACVRL1,ACVRL1|COPS5,False,cytoplasm;nucleus;vesicle,membrane;plasma_membrane,,True,True,False,True,True,False,False,False,0.41565,CRC,CRC|CRC_GSE146771_Smartseq2_expression_Celltype_majorlineage|Endothelial
DUB|Q92905|P04179,DUB|Q92905,DUB,Q92905,P04179,COPS5,SOD2,JAMM,0,neg2x_initial_degree_matched,,COPS5,SOD2,COPS5|SOD2,False,cytoplasm;nucleus;vesicle,mitochondrion,,True,True,False,True,True,False,False,False,0.77232,LIHC,LIHC|LIHC_GSE166635_expression_Celltype_majorlineage|Malignant
DUB|Q92995|Q13619,DUB|Q92995,DUB,Q92995,Q13619,USP13,CUL4A,USP,0,neg2x_initial_degree_matched,,USP13,CUL4A,CUL4A|USP13,False,cytoplasm,,,True,False,False,True,True,False,False,False,0.16428,LIHC,LIHC|LIHC_GSE140228_Smartseq2_expression_Celltype_majorlineage|ILC
DUB|Q92995|Q03431,DUB|Q92995,DUB,Q92995,Q03431,USP13,PTH1R,USP,0,neg2x_initial_degree_matched,,USP13,PTH1R,PTH1R|USP13,False,cytoplasm,membrane;plasma_membrane,,True,True,False,True,True,False,False,False,0.15033,CRC,CRC|CRC_GSE166555_expression_Celltype_majorlineage|Myofibroblasts
DUB|Q92995|P23771,DUB|Q92995,DUB,Q92995,P23771,USP13,GATA3,USP,0,neg2x_initial_degree_matched,,USP13,GATA3,GATA3|USP13,False,cytoplasm,nucleus,,True,True,False,True,True,False,False,False,0.07402,CRC,CRC|CRC_GSE166555_expression_Celltype_majorlineage|Tprolif
DUB|Q92995|Q16656,DUB|Q92995,DUB,Q92995,Q16656,USP13,NRF1,USP,0,neg2x_initial_degree_matched,,USP13,NRF1,NRF1|USP13,False,cytoplasm,nucleus,,True,True,False,True,True,False,False,False,0.07515,CRC,CRC|CRC_GSE166555_expression_Celltype_majorlineage|Endothelial
DUB|Q92995|Q9ULT8,DUB|Q92995,DUB,Q92995,Q9ULT8,USP13,HECTD1,USP,0,neg2x_initial_degree_matched,,USP13,HECTD1,HECTD1|USP13,False,cytoplasm,,,True,False,False,True,True,False,False,False,0.17848,LIHC,LIHC|LIHC_GSE146409_expression_Celltype_majorlineage|Endothelial
DUB|Q92995|Q6FI13,DUB|Q92995,DUB,Q92995,Q6FI13,USP13,HIST2H2AA4,USP,0,neg2x_initial_degree_matched,,USP13,HIST2H2AA4,HIST2H2AA4|USP13,False,cytoplasm,nucleus,,True,True,False,True,True,False,False,False,0.09283,LIHC,LIHC|LIHC_GSE146409_expression_Celltype_majorlineage|Endothelial
DUB|Q92995|P30304,DUB|Q92995,DUB,Q92995,P30304,USP13,CDC25A,USP,0,neg2x_initial_degree_matched,,USP13,CDC25A,CDC25A|USP13,False,cytoplasm,,,True,False,False,True,True,False,False,False,0.07402,CRC,CRC|CRC_GSE166555_expression_Celltype_majorlineage|Tprolif
DUB|Q92995|Q14669,DUB|Q92995,DUB,Q92995,Q14669,USP13,TRIP12,USP,0,neg2x_initial_degree_matched,,USP13,TRIP12,TRIP12|USP13,False,cytoplasm,nucleus,,True,True,False,True,True,False,False,False,0.17848,LIHC,LIHC|LIHC_GSE146409_expression_Celltype_majorlineage|Endothelial
DUB|Q92995|Q92828,DUB|Q92995,DUB,Q92995,Q92828,USP13,CORO2A,USP,0,neg2x_initial_degree_matched,,USP13,CORO2A,CORO2A|USP13,False,cytoplasm,,,True,False,False,True,True,False,False,False,0.15199,LIHC,LIHC|LIHC_GSE146115_expression_Celltype_majorlineage|Malignant
DUB|Q92995|Q08999,DUB|Q92995,DUB,Q92995,Q08999,USP13,RBL2,USP,0,neg2x_initial_degree_matched,,USP13,RBL2,RBL2|USP13,False,cytoplasm,nucleus,,True,True,False,True,True,False,False,False,0.17848,LIHC,LIHC|LIHC_GSE146409_expression_Celltype_majorlineage|Endothelial
DUB|Q92995|P78396,DUB|Q92995,DUB,Q92995,P78396,USP13,CCNA1,USP,0,neg2x_initial_degree_matched,,USP13,CCNA1,CCNA1|USP13,False,cytoplasm,nucleus,,True,True,False,True,True,False,False,False,0.02242,LIHC,LIHC|LIHC_GSE166635_expression_Celltype_majorlineage|Mast
DUB|Q93008|P20226,DUB|Q93008,DUB,Q93008,P20226,USP9X,TBP,USP,0,neg2x_initial_degree_matched,,USP9X,TBP,TBP|USP9X,False,cytoplasm;cytoskeleton,nucleus,,True,True,False,True,True,False,False,False,0.17687,CRC,CRC|CRC_GSE139555_expression_Celltype_majorlineage|Tprolif
DUB|Q93008|P04198,DUB|Q93008,DUB,Q93008,P04198,USP9X,MYCN,USP,0,neg2x_initial_degree_matched,,USP9X,MYCN,MYCN|USP9X,False,cytoplasm;cytoskeleton,nucleus,,True,True,False,True,True,False,False,False,0.06032,CRC,CRC|CRC_GSE166555_expression_Celltype_majorlineage|Endothelial
DUB|Q93008|Q8IVP5,DUB|Q93008,DUB,Q93008,Q8IVP5,USP9X,FUNDC1,USP,0,neg2x_initial_degree_matched,,USP9X,FUNDC1,FUNDC1|USP9X,False,cytoplasm;cytoskeleton,membrane;mitochondrion,,True,True,False,True,True,False,False,False,0.25899,LIHC,LIHC|LIHC_GSE166635_expression_Celltype_majorlineage|Malignant
DUB|Q93008|P42261,DUB|Q93008,DUB,Q93008,P42261,USP9X,GRIA1,USP,0,neg2x_initial_degree_matched,,USP9X,GRIA1,GRIA1|USP9X,False,cytoplasm;cytoskeleton,endoplasmic_reticulum;endosome;membrane;plasma_membrane,,True,True,False,True,True,False,False,False,0.0941,CRC,CRC|CRC_GSE146771_Smartseq2_expression_Celltype_majorlineage|Malignant
DUB|Q93008|Q9UBS5,DUB|Q93008,DUB,Q93008,Q9UBS5,USP9X,GABBR1,USP,0,neg2x_initial_degree_matched,,USP9X,GABBR1,GABBR1|USP9X,False,cytoplasm;cytoskeleton,extracellular;membrane;plasma_membrane,,True,True,False,True,True,False,False,False,0.36094,LIHC,LIHC|LIHC_GSE140228_Smartseq2_expression_Celltype_majorlineage|Mono/Macro
DUB|Q93008|Q86TM6,DUB|Q93008,DUB,Q93008,Q86TM6,USP9X,SYVN1,USP,0,neg2x_initial_degree_matched,,USP9X,SYVN1,SYVN1|USP9X,False,cytoplasm;cytoskeleton,endoplasmic_reticulum;membrane,,True,True,False,True,True,False,False,False,0.58754,LIHC,LIHC|LIHC_GSE140228_Smartseq2_expression_Celltype_majorlineage|DC
DUB|Q93008|P04908,DUB|Q93008,DUB,Q93008,P04908,USP9X,HIST1H2AE,USP,0,neg2x_initial_degree_matched,,USP9X,HIST1H2AE,HIST1H2AE|USP9X,False,cytoplasm;cytoskeleton,nucleus,,True,True,False,True,True,False,False,False,0.19017,CRC,CRC|CRC_GSE146771_Smartseq2_expression_Celltype_majorlineage|Malignant
DUB|Q93008|P37173,DUB|Q93008,DUB,Q93008,P37173,USP9X,TGFBR2,USP,0,neg2x_initial_degree_matched,,USP9X,TGFBR2,TGFBR2|USP9X,False,cytoplasm;cytoskeleton,extracellular;membrane;plasma_membrane,,True,True,False,True,True,False,False,False,0.55267,CRC,CRC|CRC_GSE166555_expression_Celltype_majorlineage|Mono/Macro
DUB|Q93008|O75444,DUB|Q93008,DUB,Q93008,O75444,USP9X,MAF,USP,0,neg2x_initial_degree_matched,,USP9X,MAF,MAF|USP9X,False,cytoplasm;cytoskeleton,nucleus,,True,True,False,True,True,False,False,False,0.65745,CRC,CRC|CRC_GSE108989_expression_Celltype_majorlineage|Treg
DUB|Q93008|Q9H4P4,DUB|Q93008,DUB,Q93008,Q9H4P4,USP9X,RNF41,USP,0,neg2x_initial_degree_matched,,USP9X,RNF41,RNF41|USP9X,False,cytoplasm;cytoskeleton,,,True,False,False,True,True,False,False,False,0.55415,LIHC,LIHC|LIHC_GSE146115_expression_Celltype_majorlineage|Malignant
DUB|Q93008|P40305,DUB|Q93008,DUB,Q93008,P40305,USP9X,IFI27,USP,0,neg2x_initial_degree_matched,,USP9X,IFI27,IFI27|USP9X,False,cytoplasm;cytoskeleton,endoplasmic_reticulum;membrane;mitochondrion;nucleus,,True,True,False,True,True,False,False,False,0.51916,CRC,CRC|CRC_GSE166555_expression_Celltype_majorlineage|Endothelial
DUB|Q93008|P04234,DUB|Q93008,DUB,Q93008,P04234,USP9X,CD3D,USP,0,neg2x_initial_degree_matched,,USP9X,CD3D,CD3D|USP9X,False,cytoplasm;cytoskeleton,membrane;plasma_membrane,,True,True,False,True,True,False,False,False,0.68024,CRC,CRC|CRC_GSE108989_expression_Celltype_majorlineage|Tprolif
DUB|Q93008|Q9H040,DUB|Q93008,DUB,Q93008,Q9H040,USP9X,SPRTN,USP,0,neg2x_initial_degree_matched,,USP9X,SPRTN,SPRTN|USP9X,False,cytoplasm;cytoskeleton,nucleus,,True,True,False,True,True,False,False,False,0.1903,LIHC,LIHC|LIHC_GSE98638_expression_Celltype_majorlineage|Tprolif
DUB|Q93008|P78344,DUB|Q93008,DUB,Q93008,P78344,USP9X,EIF4G2,USP,0,neg2x_initial_degree_matched,,USP9X,EIF4G2,EIF4G2|USP9X,False,cytoplasm;cytoskeleton,,,True,False,False,True,True,False,False,False,0.68024,CRC,CRC|CRC_GSE108989_expression_Celltype_majorlineage|Tprolif
DUB|Q93008|P37275,DUB|Q93008,DUB,Q93008,P37275,USP9X,ZEB1,USP,0,neg2x_initial_degree_matched,,USP9X,ZEB1,USP9X|ZEB1,False,cytoplasm;cytoskeleton,nucleus,,True,True,False,True,True,False,False,False,0.53239,CRC,CRC|CRC_GSE108989_expression_Celltype_majorlineage|Treg
DUB|Q93008|Q9UL17,DUB|Q93008,DUB,Q93008,Q9UL17,USP9X,TBX21,USP,0,neg2x_initial_degree_matched,,USP9X,TBX21,TBX21|USP9X,False,cytoplasm;cytoskeleton,nucleus,,True,True,False,True,True,False,False,False,0.39507,LIHC,LIHC|LIHC_GSE140228_Smartseq2_expression_Celltype_majorlineage|NK
DUB|Q93008|Q02218,DUB|Q93008,DUB,Q93008,Q02218,USP9X,OGDH,USP,0,neg2x_initial_degree_matched,,USP9X,OGDH,OGDH|USP9X,False,cytoplasm;cytoskeleton,mitochondrion;nucleus,,True,True,False,True,True,False,False,False,0.63645,CRC,CRC|CRC_GSE108989_expression_Celltype_majorlineage|Treg
DUB|Q93008|Q16777,DUB|Q93008,DUB,Q93008,Q16777,USP9X,HIST2H2AC,USP,0,neg2x_initial_degree_matched,,USP9X,HIST2H2AC,HIST2H2AC|USP9X,False,cytoplasm;cytoskeleton,nucleus,,True,True,False,True,True,False,False,False,0.49634,LIHC,LIHC|LIHC_GSE146115_expression_Celltype_majorlineage|Tprolif
DUB|Q93008|Q9UGP5,DUB|Q93008,DUB,Q93008,Q9UGP5,USP9X,POLL,USP,0,neg2x_initial_degree_matched,,USP9X,POLL,POLL|USP9X,False,cytoplasm;cytoskeleton,nucleus,,True,True,False,True,True,False,False,False,0.17884,LIHC,LIHC|LIHC_GSE98638_expression_Celltype_majorlineage|Tprolif
DUB|Q93008|Q86YC2,DUB|Q93008,DUB,Q93008,Q86YC2,USP9X,PALB2,USP,0,neg2x_initial_degree_matched,,USP9X,PALB2,PALB2|USP9X,False,cytoplasm;cytoskeleton,nucleus,,True,True,False,True,True,False,False,False,0.18369,LIHC,LIHC|LIHC_GSE179795_expression_Celltype_majorlineage|Mono/Macro
DUB|Q93008|Q9Y253,DUB|Q93008,DUB,Q93008,Q9Y253,USP9X,POLH,USP,0,neg2x_initial_degree_matched,,USP9X,POLH,POLH|USP9X,False,cytoplasm;cytoskeleton,nucleus,,True,True,False,True,True,False,False,False,0.50457,LIHC,LIHC|LIHC_GSE146115_expression_Celltype_majorlineage|Malignant
DUB|Q93008|P26358,DUB|Q93008,DUB,Q93008,P26358,USP9X,DNMT1,USP,0,neg2x_initial_degree_matched,,USP9X,DNMT1,DNMT1|USP9X,False,cytoplasm;cytoskeleton,nucleus,,True,True,False,True,True,False,False,False,0.68024,CRC,CRC|CRC_GSE108989_expression_Celltype_majorlineage|Tprolif
DUB|Q93008|Q9HCX3,DUB|Q93008,DUB,Q93008,Q9HCX3,USP9X,ZNF304,USP,0,neg2x_initial_degree_matched,,USP9X,ZNF304,USP9X|ZNF304,False,cytoplasm;cytoskeleton,nucleus,,True,True,False,True,True,False,False,False,0.08365,LIHC,LIHC|LIHC_GSE98638_expression_Celltype_majorlineage|CD8Tex
DUB|Q93008|Q04771,DUB|Q93008,DUB,Q93008,Q04771,USP9X,ACVR1,USP,0,neg2x_initial_degree_matched,,USP9X,ACVR1,ACVR1|USP9X,False,cytoplasm;cytoskeleton,membrane,,True,True,False,True,True,False,False,False,0.28238,CRC,CRC|CRC_GSE166555_expression_Celltype_majorlineage|Fibroblasts
DUB|Q93008|P51170,DUB|Q93008,DUB,Q93008,P51170,USP9X,SCNN1G,USP,0,neg2x_initial_degree_matched,,USP9X,SCNN1G,SCNN1G|USP9X,False,cytoplasm;cytoskeleton,membrane;plasma_membrane,,True,True,False,True,True,False,False,False,0.10819,CRC,CRC|CRC_GSE166555_expression_Celltype_majorlineage|Epithelial
DUB|Q93008|Q05516,DUB|Q93008,DUB,Q93008,Q05516,USP9X,ZBTB16,USP,0,neg2x_initial_degree_matched,,USP9X,ZBTB16,USP9X|ZBTB16,False,cytoplasm;cytoskeleton,nucleus,,True,True,False,True,True,False,False,False,0.51546,LIHC,LIHC|LIHC_GSE140228_Smartseq2_expression_Celltype_majorlineage|Mono/Macro
DUB|Q93008|P09467,DUB|Q93008,DUB,Q93008,P09467,USP9X,FBP1,USP,0,neg2x_initial_degree_matched,,USP9X,FBP1,FBP1|USP9X,False,cytoplasm;cytoskeleton,,,True,False,False,True,True,False,False,False,0.55311,CRC,CRC|CRC_GSE166555_expression_Celltype_majorlineage|Mono/Macro
DUB|Q93008|Q02246,DUB|Q93008,DUB,Q93008,Q02246,USP9X,CNTN2,USP,0,neg2x_initial_degree_matched,,USP9X,CNTN2,CNTN2|USP9X,False,cytoplasm;cytoskeleton,membrane;plasma_membrane,,True,True,False,True,True,False,False,False,0.05258,CRC,CRC|CRC_EMTAB8107_expression_Celltype_majorlineage|Enteric glial
DUB|Q93008|Q14669,DUB|Q93008,DUB,Q93008,Q14669,USP9X,TRIP12,USP,0,neg2x_initial_degree_matched,,USP9X,TRIP12,TRIP12|USP9X,False,cytoplasm;cytoskeleton,nucleus,,True,True,False,True,True,False,False,False,0.58275,LIHC,LIHC|LIHC_GSE140228_Smartseq2_expression_Celltype_majorlineage|ILC
DUB|Q93008|Q15233,DUB|Q93008,DUB,Q93008,Q15233,USP9X,NONO,USP,0,neg2x_initial_degree_matched,,USP9X,NONO,NONO|USP9X,False,cytoplasm;cytoskeleton,nucleus,,True,True,False,True,True,False,False,False,0.68024,CRC,CRC|CRC_GSE108989_expression_Celltype_majorlineage|Tprolif
DUB|Q93008|P55085,DUB|Q93008,DUB,Q93008,P55085,USP9X,F2RL1,USP,0,neg2x_initial_degree_matched,,USP9X,F2RL1,F2RL1|USP9X,False,cytoplasm;cytoskeleton,membrane;plasma_membrane,,True,True,False,True,True,False,False,False,0.36842,CRC,CRC|CRC_GSE166555_expression_Celltype_majorlineage|Epithelial
DUB|Q93008|Q9Y294,DUB|Q93008,DUB,Q93008,Q9Y294,USP9X,ASF1A,USP,0,neg2x_initial_degree_matched,,USP9X,ASF1A,ASF1A|USP9X,False,cytoplasm;cytoskeleton,nucleus,,True,True,False,True,True,False,False,False,0.57099,LIHC,LIHC|LIHC_GSE98638_expression_Celltype_majorlineage|Tprolif
DUB|Q93008|Q6FI13,DUB|Q93008,DUB,Q93008,Q6FI13,USP9X,HIST2H2AA4,USP,0,neg2x_initial_degree_matched,,USP9X,HIST2H2AA4,HIST2H2AA4|USP9X,False,cytoplasm;cytoskeleton,nucleus,,True,True,False,True,True,False,False,False,0.38955,LIHC,LIHC|LIHC_GSE146409_expression_Celltype_majorlineage|Epithelial
DUB|Q93008|P24864,DUB|Q93008,DUB,Q93008,P24864,USP9X,CCNE1,USP,0,neg2x_initial_degree_matched,,USP9X,CCNE1,CCNE1|USP9X,False,cytoplasm;cytoskeleton,nucleus,,True,True,False,True,True,False,False,False,0.10918,LIHC,LIHC|LIHC_GSE98638_expression_Celltype_majorlineage|Tprolif
DUB|Q93008|Q9UKV5,DUB|Q93008,DUB,Q93008,Q9UKV5,USP9X,AMFR,USP,0,neg2x_initial_degree_matched,,USP9X,AMFR,AMFR|USP9X,False,cytoplasm;cytoskeleton,endoplasmic_reticulum;membrane,,True,True,False,True,True,False,False,False,0.29075,LIHC,LIHC|LIHC_GSE140228_Smartseq2_expression_Celltype_majorlineage|B
DUB|Q93008|P29274,DUB|Q93008,DUB,Q93008,P29274,USP9X,ADORA2A,USP,0,neg2x_initial_degree_matched,,USP9X,ADORA2A,ADORA2A|USP9X,False,cytoplasm;cytoskeleton,membrane;plasma_membrane,,True,True,False,True,True,False,False,False,0.58179,LIHC,LIHC|LIHC_GSE98638_expression_Celltype_majorlineage|Treg
DUB|Q93008|P16104,DUB|Q93008,DUB,Q93008,P16104,USP9X,H2AFX,USP,0,neg2x_initial_degree_matched,,USP9X,H2AFX,H2AFX|USP9X,False,cytoplasm;cytoskeleton,nucleus,,True,True,False,True,True,False,False,False,0.4723,LIHC,LIHC|LIHC_GSE146115_expression_Celltype_majorlineage|Tprolif
DUB|Q93008|Q15388,DUB|Q93008,DUB,Q93008,Q15388,USP9X,TOMM20,USP,0,neg2x_initial_degree_matched,,USP9X,TOMM20,TOMM20|USP9X,False,cytoplasm;cytoskeleton,membrane;mitochondrion,,True,True,False,True,True,False,False,False,0.55311,CRC,CRC|CRC_GSE166555_expression_Celltype_majorlineage|Mono/Macro
DUB|Q93008|Q8N4S9,DUB|Q93008,DUB,Q93008,Q8N4S9,USP9X,MARVELD2,USP,0,neg2x_initial_degree_matched,,USP9X,MARVELD2,MARVELD2|USP9X,False,cytoplasm;cytoskeleton,cell_junction;membrane;plasma_membrane,,True,True,False,True,True,False,False,False,0.2011,LIHC,LIHC|LIHC_GSE146409_expression_Celltype_majorlineage|Epithelial
DUB|Q93008|Q99708,DUB|Q93008,DUB,Q93008,Q99708,USP9X,RBBP8,USP,0,neg2x_initial_degree_matched,,USP9X,RBBP8,RBBP8|USP9X,False,cytoplasm;cytoskeleton,nucleus,,True,True,False,True,True,False,False,False,0.59924,CRC,CRC|CRC_GSE108989_expression_Celltype_majorlineage|Tprolif
DUB|Q93009|Q05586,DUB|Q93009,DUB,Q93009,Q05586,USP7,GRIN1,USP,0,neg2x_initial_degree_matched,,USP7,GRIN1,GRIN1|USP7,False,cytoplasm;nucleus,endoplasmic_reticulum;membrane;plasma_membrane,,True,True,False,True,True,False,False,False,0.05253,LIHC,LIHC|LIHC_GSE140228_10X_expression_Celltype_majorlineage|ILC
DUB|Q93009|Q15388,DUB|Q93009,DUB,Q93009,Q15388,USP7,TOMM20,USP,0,neg2x_initial_degree_matched,,USP7,TOMM20,TOMM20|USP7,False,cytoplasm;nucleus,membrane;mitochondrion,,True,True,False,True,True,False,False,False,0.59255,CRC,CRC|CRC_GSE166555_expression_Celltype_majorlineage|Malignant
DUB|Q93009|P42261,DUB|Q93009,DUB,Q93009,P42261,USP7,GRIA1,USP,0,neg2x_initial_degree_matched,,USP7,GRIA1,GRIA1|USP7,False,cytoplasm;nucleus,endoplasmic_reticulum;endosome;membrane;plasma_membrane,,True,True,False,True,True,False,False,False,0.0941,CRC,CRC|CRC_GSE146771_Smartseq2_expression_Celltype_majorlineage|Malignant
DUB|Q93009|Q9UPY5,DUB|Q93009,DUB,Q93009,Q9UPY5,USP7,SLC7A11,USP,0,neg2x_initial_degree_matched,,USP7,SLC7A11,SLC7A11|USP7,False,cytoplasm;nucleus,membrane;plasma_membrane,,True,True,False,True,True,False,False,False,0.2557,LIHC,LIHC|LIHC_GSE146115_expression_Celltype_majorlineage|Malignant
DUB|Q93009|Q9NYV9,DUB|Q93009,DUB,Q93009,Q9NYV9,USP7,TAS2R13,USP,0,neg2x_initial_degree_matched,,USP7,TAS2R13,TAS2R13|USP7,False,cytoplasm;nucleus,membrane,,True,True,False,True,True,False,False,False,0.00509,LIHC,LIHC|LIHC_GSE146115_expression_Celltype_majorlineage|Mono/Macro
DUB|Q93009|Q9HA47,DUB|Q93009,DUB,Q93009,Q9HA47,USP7,UCK1,USP,0,neg2x_initial_degree_matched,,USP7,UCK1,UCK1|USP7,False,cytoplasm;nucleus,,,True,False,False,True,True,False,False,False,0.19099,CRC,CRC|CRC_GSE108989_expression_Celltype_majorlineage|Tprolif
DUB|Q93009|O15554,DUB|Q93009,DUB,Q93009,O15554,USP7,KCNN4,USP,0,neg2x_initial_degree_matched,,USP7,KCNN4,KCNN4|USP7,False,cytoplasm;nucleus,membrane;plasma_membrane,,True,True,False,True,True,False,False,False,0.29065,CRC,CRC|CRC_GSE108989_expression_Celltype_majorlineage|Tprolif
DUB|Q93009|Q8IVP5,DUB|Q93009,DUB,Q93009,Q8IVP5,USP7,FUNDC1,USP,0,neg2x_initial_degree_matched,,USP7,FUNDC1,FUNDC1|USP7,False,cytoplasm;nucleus,membrane;mitochondrion,,True,True,False,True,True,False,False,False,0.17121,LIHC,LIHC|LIHC_GSE166635_expression_Celltype_majorlineage|Malignant
DUB|Q93009|P10145,DUB|Q93009,DUB,Q93009,P10145,USP7,CXCL8,USP,0,neg2x_initial_degree_matched,,USP7,CXCL8,CXCL8|USP7,False,cytoplasm;nucleus,extracellular,,True,True,False,True,True,False,False,False,0.39601,CRC,CRC|CRC_GSE146771_Smartseq2_expression_Celltype_majorlineage|Endothelial
DUB|Q93009|P36897,DUB|Q93009,DUB,Q93009,P36897,USP7,TGFBR1,USP,0,neg2x_initial_degree_matched,,USP7,TGFBR1,TGFBR1|USP7,False,cytoplasm;nucleus,cell_junction;membrane;plasma_membrane,,True,True,False,True,True,False,False,False,0.38429,CRC,CRC|CRC_GSE166555_expression_Celltype_majorlineage|Mono/Macro
DUB|Q93009|Q9UKV5,DUB|Q93009,DUB,Q93009,Q9UKV5,USP7,AMFR,USP,0,neg2x_initial_degree_matched,,USP7,AMFR,AMFR|USP7,False,cytoplasm;nucleus,endoplasmic_reticulum;membrane,,True,True,False,True,True,False,False,False,0.36108,CRC,CRC|CRC_GSE146771_Smartseq2_expression_Celltype_majorlineage|B
DUB|Q93009|A0A291NLA3,DUB|Q93009,DUB,Q93009,A0A291NLA3,USP7,SIGIRR,USP,0,neg2x_initial_degree_matched,,USP7,SIGIRR,SIGIRR|USP7,False,cytoplasm;nucleus,,,True,False,False,True,True,False,False,False,0.5539,CRC,CRC|CRC_GSE166555_expression_Celltype_majorlineage|Malignant
DUB|Q93009|A2AIR5,DUB|Q93009,DUB,Q93009,A2AIR5,USP7,Grin3a,USP,0,neg2x_initial_degree_matched,,USP7,GRIN3A,GRIN3A|USP7,False,cytoplasm;nucleus,,,True,False,False,True,True,False,False,False,0.01319,LIHC,LIHC|LIHC_GSE140228_Smartseq2_expression_Celltype_majorlineage|Mono/Macro
DUB|Q93009|Q03518,DUB|Q93009,DUB,Q93009,Q03518,USP7,TAP1,USP,0,neg2x_initial_degree_matched,,USP7,TAP1,TAP1|USP7,False,cytoplasm;nucleus,endoplasmic_reticulum;membrane,,True,True,False,True,True,False,False,False,0.7746,LIHC,LIHC|LIHC_GSE146115_expression_Celltype_majorlineage|Tprolif
DUB|Q93009|Q12809,DUB|Q93009,DUB,Q93009,Q12809,USP7,KCNH2,USP,0,neg2x_initial_degree_matched,,USP7,KCNH2,KCNH2|USP7,False,cytoplasm;nucleus,membrane;plasma_membrane,,True,True,False,True,True,False,False,False,0.16525,CRC,CRC|CRC_GSE166555_expression_Celltype_majorlineage|Mast
DUB|Q93009|P08069,DUB|Q93009,DUB,Q93009,P08069,USP7,IGF1R,USP,0,neg2x_initial_degree_matched,,USP7,IGF1R,IGF1R|USP7,False,cytoplasm;nucleus,membrane;plasma_membrane,,True,True,False,True,True,False,False,False,0.37099,CRC,CRC|CRC_GSE166555_expression_Celltype_majorlineage|Endothelial
DUB|Q93009|P25445,DUB|Q93009,DUB,Q93009,P25445,USP7,FAS,USP,0,neg2x_initial_degree_matched,,USP7,FAS,FAS|USP7,False,cytoplasm;nucleus,extracellular;membrane;plasma_membrane,,True,True,False,True,True,False,False,False,0.43273,CRC,CRC|CRC_GSE166555_expression_Celltype_majorlineage|Tprolif
DUB|Q93009|P14780,DUB|Q93009,DUB,Q93009,P14780,USP7,MMP9,USP,0,neg2x_initial_degree_matched,,USP7,MMP9,MMP9|USP7,False,cytoplasm;nucleus,extracellular,,True,True,False,True,True,False,False,False,0.39066,LIHC,LIHC|LIHC_GSE146115_expression_Celltype_majorlineage|Mono/Macro
DUB|Q93009|Q13635,DUB|Q93009,DUB,Q93009,Q13635,USP7,PTCH1,USP,0,neg2x_initial_degree_matched,,USP7,PTCH1,PTCH1|USP7,False,cytoplasm;nucleus,membrane;plasma_membrane,,True,True,False,True,True,False,False,False,0.28872,CRC,CRC|CRC_GSE166555_expression_Celltype_majorlineage|Fibroblasts
DUB|Q93009|Q04771,DUB|Q93009,DUB,Q93009,Q04771,USP7,ACVR1,USP,0,neg2x_initial_degree_matched,,USP7,ACVR1,ACVR1|USP7,False,cytoplasm;nucleus,membrane,,True,True,False,True,True,False,False,False,0.28238,CRC,CRC|CRC_GSE166555_expression_Celltype_majorlineage|Fibroblasts
DUB|Q93009|Q9Y256,DUB|Q93009,DUB,Q93009,Q9Y256,USP7,RCE1,USP,0,neg2x_initial_degree_matched,,USP7,RCE1,RCE1|USP7,False,cytoplasm;nucleus,endoplasmic_reticulum;membrane,,True,True,False,True,True,False,False,False,0.18433,LIHC,LIHC|LIHC_GSE98638_expression_Celltype_majorlineage|Tprolif
DUB|Q93009|P07550,DUB|Q93009,DUB,Q93009,P07550,USP7,ADRB2,USP,0,neg2x_initial_degree_matched,,USP7,ADRB2,ADRB2|USP7,False,cytoplasm;nucleus,endosome;golgi;membrane;plasma_membrane,,True,True,False,True,True,False,False,False,0.43731,CRC,CRC|CRC_GSE146771_Smartseq2_expression_Celltype_majorlineage|Mast
DUB|Q93009|P18084,DUB|Q93009,DUB,Q93009,P18084,USP7,ITGB5,USP,0,neg2x_initial_degree_matched,,USP7,ITGB5,ITGB5|USP7,False,cytoplasm;nucleus,membrane;plasma_membrane,,True,True,False,True,True,False,False,False,0.37359,CRC,CRC|CRC_GSE146771_Smartseq2_expression_Celltype_majorlineage|Fibroblasts
DUB|Q93009|O15519,DUB|Q93009,DUB,Q93009,O15519,USP7,CFLAR,USP,0,neg2x_initial_degree_matched,,USP7,CFLAR,CFLAR|USP7,False,cytoplasm;nucleus,,,True,False,False,True,True,False,False,False,0.7746,LIHC,LIHC|LIHC_GSE146115_expression_Celltype_majorlineage|Tprolif
DUB|Q93009|Q9Y570,DUB|Q93009,DUB,Q93009,Q9Y570,USP7,PPME1,USP,0,neg2x_initial_degree_matched,,USP7,PPME1,PPME1|USP7,False,cytoplasm;nucleus,,,True,False,False,True,True,False,False,False,0.25902,CRC,CRC|CRC_GSE146771_Smartseq2_expression_Celltype_majorlineage|Fibroblasts
DUB|Q93009|Q9UBS5,DUB|Q93009,DUB,Q93009,Q9UBS5,USP7,GABBR1,USP,0,neg2x_initial_degree_matched,,USP7,GABBR1,GABBR1|USP7,False,cytoplasm;nucleus,extracellular;membrane;plasma_membrane,,True,True,False,True,True,False,False,False,0.31766,LIHC,LIHC|LIHC_GSE140228_Smartseq2_expression_Celltype_majorlineage|Mono/Macro
DUB|Q93009|P78344,DUB|Q93009,DUB,Q93009,P78344,USP7,EIF4G2,USP,0,neg2x_initial_degree_matched,,USP7,EIF4G2,EIF4G2|USP7,False,cytoplasm;nucleus,,,True,False,False,True,True,False,False,False,0.7746,LIHC,LIHC|LIHC_GSE146115_expression_Celltype_majorlineage|Tprolif
DUB|Q93009|Q9ULT8,DUB|Q93009,DUB,Q93009,Q9ULT8,USP7,HECTD1,USP,0,neg2x_initial_degree_matched,,USP7,HECTD1,HECTD1|USP7,False,cytoplasm;nucleus,,,True,False,False,True,True,False,False,False,0.47799,CRC,CRC|CRC_GSE166555_expression_Celltype_majorlineage|Malignant
DUB|Q93009|O95180,DUB|Q93009,DUB,Q93009,O95180,USP7,CACNA1H,USP,0,neg2x_initial_degree_matched,,USP7,CACNA1H,CACNA1H|USP7,False,cytoplasm;nucleus,membrane;plasma_membrane,,True,True,False,True,True,False,False,False,0.36733,CRC,CRC|CRC_GSE166555_expression_Celltype_majorlineage|Myofibroblasts
DUB|Q93009|Q9H5J4,DUB|Q93009,DUB,Q93009,Q9H5J4,USP7,ELOVL6,USP,0,neg2x_initial_degree_matched,,USP7,ELOVL6,ELOVL6|USP7,False,cytoplasm;nucleus,endoplasmic_reticulum;membrane,,True,True,False,True,True,False,False,False,0.27371,LIHC,LIHC|LIHC_GSE140228_Smartseq2_expression_Celltype_majorlineage|Mast
DUB|Q93009|O75365,DUB|Q93009,DUB,Q93009,O75365,USP7,PTP4A3,USP,0,neg2x_initial_degree_matched,,USP7,PTP4A3,PTP4A3|USP7,False,cytoplasm;nucleus,endosome;membrane;plasma_membrane,,True,True,False,True,True,False,False,False,0.45234,CRC,CRC|CRC_GSE146771_Smartseq2_expression_Celltype_majorlineage|Endothelial
DUB|Q93009|P37023,DUB|Q93009,DUB,Q93009,P37023,USP7,ACVRL1,USP,0,neg2x_initial_degree_matched,,USP7,ACVRL1,ACVRL1|USP7,False,cytoplasm;nucleus,membrane;plasma_membrane,,True,True,False,True,True,False,False,False,0.42082,CRC,CRC|CRC_GSE166555_expression_Celltype_majorlineage|Endothelial
DUB|Q96BN8|Q9UIF9,DUB|Q96BN8,DUB,Q96BN8,Q9UIF9,OTULIN,BAZ2A,Other,0,neg2x_initial_degree_matched,,OTULIN,BAZ2A,BAZ2A|OTULIN,False,cytoplasm,nucleus,,True,True,False,True,True,False,False,False,0.34723,LIHC,LIHC|LIHC_GSE179795_expression_Celltype_majorlineage|NK
DUB|Q96DC9|Q00987,DUB|Q96DC9,DUB,Q96DC9,Q00987,OTUB2,MDM2,OTU,0,neg2x_initial_degree_matched,,OTUB2,MDM2,MDM2|OTUB2,False,,cytoplasm;nucleus,,False,True,False,True,True,False,False,False,0.06438,CRC,CRC|CRC_GSE108989_expression_Celltype_majorlineage|CD8Tex
DUB|Q96DC9|Q99496,DUB|Q96DC9,DUB,Q96DC9,Q99496,OTUB2,RNF2,OTU,0,neg2x_initial_degree_matched,,OTUB2,RNF2,OTUB2|RNF2,False,,cytoplasm;nucleus,,False,True,False,True,True,False,False,False,0.06438,CRC,CRC|CRC_GSE108989_expression_Celltype_majorlineage|CD8Tex
DUB|Q96DC9|P08253,DUB|Q96DC9,DUB,Q96DC9,P08253,OTUB2,MMP2,OTU,0,neg2x_initial_degree_matched,,OTUB2,MMP2,MMP2|OTUB2,False,,cytoplasm;extracellular;membrane;mitochondrion;nucleus,,False,True,False,True,True,False,False,False,0.03,CRC,CRC|CRC_EMTAB8107_expression_Celltype_majorlineage|Malignant
DUB|Q96DC9|Q96J02,DUB|Q96DC9,DUB,Q96DC9,Q96J02,OTUB2,ITCH,OTU,0,neg2x_initial_degree_matched,,OTUB2,ITCH,ITCH|OTUB2,False,,cytoplasm;endosome;membrane;nucleus;plasma_membrane,,False,True,False,True,True,False,False,False,0.06438,CRC,CRC|CRC_GSE108989_expression_Celltype_majorlineage|CD8Tex
DUB|Q96DC9|O15111,DUB|Q96DC9,DUB,Q96DC9,O15111,OTUB2,CHUK,OTU,0,neg2x_initial_degree_matched,,OTUB2,CHUK,CHUK|OTUB2,False,,cytoplasm;nucleus,,False,True,False,True,True,False,False,False,0.06438,CRC,CRC|CRC_GSE108989_expression_Celltype_majorlineage|CD8Tex
DUB|Q96DC9|Q9P2Y5,DUB|Q96DC9,DUB,Q96DC9,Q9P2Y5,OTUB2,UVRAG,OTU,0,neg2x_initial_degree_matched,,OTUB2,UVRAG,OTUB2|UVRAG,False,,cytoplasm;endoplasmic_reticulum;endosome;golgi;lysosome;nucleus;vesicle,,False,True,False,True,True,False,False,False,0.06438,CRC,CRC|CRC_GSE108989_expression_Celltype_majorlineage|CD8Tex
DUB|Q96DC9|Q9UGP5,DUB|Q96DC9,DUB,Q96DC9,Q9UGP5,OTUB2,POLL,OTU,0,neg2x_initial_degree_matched,,OTUB2,POLL,OTUB2|POLL,False,,nucleus,,False,True,False,True,True,False,False,False,0.06438,CRC,CRC|CRC_GSE108989_expression_Celltype_majorlineage|CD8Tex
DUB|Q96DC9|Q9H8V3,DUB|Q96DC9,DUB,Q96DC9,Q9H8V3,OTUB2,ECT2,OTU,0,neg2x_initial_degree_matched,,OTUB2,ECT2,ECT2|OTUB2,False,,cell_junction;cytoplasm;cytoskeleton;nucleus,,False,True,False,True,True,False,False,False,0.06039,CRC,CRC|CRC_GSE108989_expression_Celltype_majorlineage|CD8Tex
DUB|Q96DX7|Q9H6R0,DUB|Q96DX7,DUB,Q96DX7,Q9H6R0,TRIM44,DHX33,Other,0,neg2x_initial_degree_matched,,TRIM44,DHX33,DHX33|TRIM44,False,,cytoplasm;nucleus,,False,True,False,True,True,False,False,False,0.19591,LIHC,LIHC|LIHC_GSE146115_expression_Celltype_majorlineage|Tprolif
DUB|Q96DX7|O43623,DUB|Q96DX7,DUB,Q96DX7,O43623,TRIM44,SNAI2,Other,0,neg2x_initial_degree_matched,,TRIM44,SNAI2,SNAI2|TRIM44,False,,cytoplasm;nucleus,,False,True,False,True,True,False,False,False,0.48258,CRC,CRC|CRC_GSE166555_expression_Celltype_majorlineage|Fibroblasts
DUB|Q96DX7|Q92633,DUB|Q96DX7,DUB,Q96DX7,Q92633,TRIM44,LPAR1,Other,0,neg2x_initial_degree_matched,,TRIM44,LPAR1,LPAR1|TRIM44,False,,endosome;membrane;plasma_membrane,,False,True,False,True,True,False,False,False,0.37401,CRC,CRC|CRC_GSE166555_expression_Celltype_majorlineage|Fibroblasts
DUB|Q96DX7|P25054,DUB|Q96DX7,DUB,Q96DX7,P25054,TRIM44,APC,Other,0,neg2x_initial_degree_matched,,TRIM44,APC,APC|TRIM44,False,,cell_junction;cytoplasm;cytoskeleton;membrane;plasma_membrane,,False,True,False,True,True,False,False,False,0.36323,LIHC,LIHC|LIHC_GSE140228_Smartseq2_expression_Celltype_majorlineage|Mono/Macro
DUB|Q96F44|P05231,DUB|Q96F44,DUB,Q96F44,P05231,TRIM11,IL6,Other,0,neg2x_initial_degree_matched,,TRIM11,IL6,IL6|TRIM11,False,cytoplasm;nucleus,extracellular,,True,True,False,True,True,False,False,False,0.08514,CRC,CRC|CRC_GSE146771_Smartseq2_expression_Celltype_majorlineage|Endothelial
DUB|Q96FW1|P04198,DUB|Q96FW1,DUB,Q96FW1,P04198,OTUB1,MYCN,OTU,0,neg2x_initial_degree_matched,,OTUB1,MYCN,MYCN|OTUB1,False,cytoplasm,nucleus,,True,True,False,True,True,False,False,False,0.02193,LIHC,LIHC|LIHC_GSE166635_expression_Celltype_majorlineage|Malignant
DUB|Q96FW1|P08581,DUB|Q96FW1,DUB,Q96FW1,P08581,OTUB1,MET,OTU,0,neg2x_initial_degree_matched,,OTUB1,MET,MET|OTUB1,False,cytoplasm,extracellular;membrane,,True,True,False,True,True,False,False,False,0.30079,LIHC,LIHC|LIHC_GSE146115_expression_Celltype_majorlineage|Malignant
DUB|Q96FW1|P35354,DUB|Q96FW1,DUB,Q96FW1,P35354,OTUB1,PTGS2,OTU,0,neg2x_initial_degree_matched,,OTUB1,PTGS2,OTUB1|PTGS2,False,cytoplasm,endoplasmic_reticulum;membrane;nucleus,,True,True,False,True,True,False,False,False,0.48447,CRC,CRC|CRC_GSE146771_Smartseq2_expression_Celltype_majorlineage|Mast
DUB|Q96FW1|P23771,DUB|Q96FW1,DUB,Q96FW1,P23771,OTUB1,GATA3,OTU,0,neg2x_initial_degree_matched,,OTUB1,GATA3,GATA3|OTUB1,False,cytoplasm,nucleus,,True,True,False,True,True,False,False,False,0.71358,LIHC,LIHC|LIHC_GSE98638_expression_Celltype_majorlineage|Treg
DUB|Q96FW1|P0C0S8,DUB|Q96FW1,DUB,Q96FW1,P0C0S8,OTUB1,HIST1H2AM,OTU,0,neg2x_initial_degree_matched,,OTUB1,HIST1H2AM,HIST1H2AM|OTUB1,False,cytoplasm,nucleus,,True,True,False,True,True,False,False,False,0.46576,CRC,CRC|CRC_GSE139555_expression_Celltype_majorlineage|Tprolif
DUB|Q96FW1|Q9BZK7,DUB|Q96FW1,DUB,Q96FW1,Q9BZK7,OTUB1,TBL1XR1,OTU,0,neg2x_initial_degree_matched,,OTUB1,TBL1XR1,OTUB1|TBL1XR1,False,cytoplasm,nucleus,,True,True,False,True,True,False,False,False,0.71643,CRC,CRC|CRC_GSE108989_expression_Celltype_majorlineage|CD8Tex
DUB|Q96FW1|Q03518,DUB|Q96FW1,DUB,Q96FW1,Q03518,OTUB1,TAP1,OTU,0,neg2x_initial_degree_matched,,OTUB1,TAP1,OTUB1|TAP1,False,cytoplasm,endoplasmic_reticulum;membrane,,True,True,False,True,True,False,False,False,0.71643,CRC,CRC|CRC_GSE108989_expression_Celltype_majorlineage|CD8Tex
DUB|Q96FW1|P62807,DUB|Q96FW1,DUB,Q96FW1,P62807,OTUB1,HIST1H2BI,OTU,0,neg2x_initial_degree_matched,,OTUB1,HIST1H2BI,HIST1H2BI|OTUB1,False,cytoplasm,nucleus,,True,True,False,True,True,False,False,False,0.06205,CRC,CRC|CRC_GSE146771_Smartseq2_expression_Celltype_majorlineage|Malignant
DUB|Q96FW1|Q13887,DUB|Q96FW1,DUB,Q96FW1,Q13887,OTUB1,KLF5,OTU,0,neg2x_initial_degree_matched,,OTUB1,KLF5,KLF5|OTUB1,False,cytoplasm,nucleus,,True,True,False,True,True,False,False,False,0.34487,CRC,CRC|CRC_EMTAB8107_expression_Celltype_majorlineage|Malignant
DUB|Q96FW1|Q86TM6,DUB|Q96FW1,DUB,Q96FW1,Q86TM6,OTUB1,SYVN1,OTU,0,neg2x_initial_degree_matched,,OTUB1,SYVN1,OTUB1|SYVN1,False,cytoplasm,endoplasmic_reticulum;membrane,,True,True,False,True,True,False,False,False,0.57694,LIHC,LIHC|LIHC_GSE140228_Smartseq2_expression_Celltype_majorlineage|Tprolif
DUB|Q96FW1|P0C0S5,DUB|Q96FW1,DUB,Q96FW1,P0C0S5,OTUB1,H2AFZ,OTU,0,neg2x_initial_degree_matched,,OTUB1,H2AFZ,H2AFZ|OTUB1,False,cytoplasm,nucleus,,True,True,False,True,True,False,False,False,0.71643,CRC,CRC|CRC_GSE108989_expression_Celltype_majorlineage|CD8Tex
DUB|Q96G74|O75581,DUB|Q96G74,DUB,Q96G74,O75581,OTUD5,LRP6,OTU,0,neg2x_initial_degree_matched,,OTUD5,LRP6,LRP6|OTUD5,False,nucleus,endoplasmic_reticulum;membrane;plasma_membrane,,True,True,False,True,True,False,False,False,0.2099,CRC,CRC|CRC_GSE166555_expression_Celltype_majorlineage|Endothelial
DUB|Q96G74|Q9Y4H2,DUB|Q96G74,DUB,Q96G74,Q9Y4H2,OTUD5,IRS2,OTU,0,neg2x_initial_degree_matched,,OTUD5,IRS2,IRS2|OTUD5,False,nucleus,cytoplasm,,True,True,False,True,True,False,False,False,0.30226,LIHC,LIHC|LIHC_GSE140228_Smartseq2_expression_Celltype_majorlineage|Mast
DUB|Q96G74|Q8IWA4,DUB|Q96G74,DUB,Q96G74,Q8IWA4,OTUD5,MFN1,OTU,0,neg2x_initial_degree_matched,,OTUD5,MFN1,MFN1|OTUD5,False,nucleus,cytoplasm;membrane;mitochondrion,,True,True,False,True,True,False,False,False,0.2394,LIHC,LIHC|LIHC_GSE140228_Smartseq2_expression_Celltype_majorlineage|ILC
DUB|Q96G74|P30304,DUB|Q96G74,DUB,Q96G74,P30304,OTUD5,CDC25A,OTU,0,neg2x_initial_degree_matched,,OTUD5,CDC25A,CDC25A|OTUD5,False,nucleus,,,True,False,False,True,True,False,False,False,0.15265,CRC,CRC|CRC_GSE166555_expression_Celltype_majorlineage|Tprolif
DUB|Q96G74|Q99259,DUB|Q96G74,DUB,Q96G74,Q99259,OTUD5,GAD1,OTU,0,neg2x_initial_degree_matched,,OTUD5,GAD1,GAD1|OTUD5,False,nucleus,,,True,False,False,True,True,False,False,False,0.03724,CRC,CRC|CRC_GSE146771_Smartseq2_expression_Celltype_majorlineage|Malignant
DUB|Q96G74|P18084,DUB|Q96G74,DUB,Q96G74,P18084,OTUD5,ITGB5,OTU,0,neg2x_initial_degree_matched,,OTUD5,ITGB5,ITGB5|OTUD5,False,nucleus,membrane;plasma_membrane,,True,True,False,True,True,False,False,False,0.30283,LIHC,LIHC|LIHC_GSE146115_expression_Celltype_majorlineage|Malignant
DUB|Q96G74|O43353,DUB|Q96G74,DUB,Q96G74,O43353,OTUD5,RIPK2,OTU,0,neg2x_initial_degree_matched,,OTUD5,RIPK2,OTUD5|RIPK2,False,nucleus,cytoplasm;endoplasmic_reticulum;membrane;plasma_membrane,,True,True,False,True,True,False,False,False,0.35381,LIHC,LIHC|LIHC_GSE140228_Smartseq2_expression_Celltype_majorlineage|Mast
DUB|Q96G74|P05556,DUB|Q96G74,DUB,Q96G74,P05556,OTUD5,ITGB1,OTU,0,neg2x_initial_degree_matched,,OTUD5,ITGB1,ITGB1|OTUD5,False,nucleus,cell_junction;endosome;membrane;plasma_membrane,,True,True,False,True,True,False,False,False,0.58317,LIHC,LIHC|LIHC_GSE98638_expression_Celltype_majorlineage|Treg
DUB|Q96G74|Q86TM6,DUB|Q96G74,DUB,Q96G74,Q86TM6,OTUD5,SYVN1,OTU,0,neg2x_initial_degree_matched,,OTUD5,SYVN1,OTUD5|SYVN1,False,nucleus,endoplasmic_reticulum;membrane,,True,True,False,True,True,False,False,False,0.35915,LIHC,LIHC|LIHC_GSE140228_Smartseq2_expression_Celltype_majorlineage|Mast
DUB|Q96G74|Q13635,DUB|Q96G74,DUB,Q96G74,Q13635,OTUD5,PTCH1,OTU,0,neg2x_initial_degree_matched,,OTUD5,PTCH1,OTUD5|PTCH1,False,nucleus,membrane;plasma_membrane,,True,True,False,True,True,False,False,False,0.20473,LIHC,LIHC|LIHC_GSE98638_expression_Celltype_majorlineage|CD8T
DUB|Q96G74|O75143,DUB|Q96G74,DUB,Q96G74,O75143,OTUD5,ATG13,OTU,0,neg2x_initial_degree_matched,,OTUD5,ATG13,ATG13|OTUD5,False,nucleus,cytoplasm;membrane,,True,True,False,True,True,False,False,False,0.48453,LIHC,LIHC|LIHC_GSE98638_expression_Celltype_majorlineage|Treg
DUB|Q96K76|Q8NAP3,DUB|Q96K76,DUB,Q96K76,Q8NAP3,USP47,ZBTB38,USP,0,neg2x_initial_degree_matched,,USP47,ZBTB38,USP47|ZBTB38,False,cytoplasm,nucleus,,True,True,False,True,True,False,False,False,0.67916,CRC,CRC|CRC_GSE108989_expression_Celltype_majorlineage|Treg
DUB|Q96K76|P04179,DUB|Q96K76,DUB,Q96K76,P04179,USP47,SOD2,USP,0,neg2x_initial_degree_matched,,USP47,SOD2,SOD2|USP47,False,cytoplasm,mitochondrion,,True,True,False,True,True,False,False,False,0.73312,LIHC,LIHC|LIHC_GSE179795_expression_Celltype_majorlineage|Mono/Macro
DUB|Q96K76|P37023,DUB|Q96K76,DUB,Q96K76,P37023,USP47,ACVRL1,USP,0,neg2x_initial_degree_matched,,USP47,ACVRL1,ACVRL1|USP47,False,cytoplasm,membrane;plasma_membrane,,True,True,False,True,True,False,False,False,0.40686,CRC,CRC|CRC_GSE166555_expression_Celltype_majorlineage|Endothelial
DUB|Q96K76|P23759,DUB|Q96K76,DUB,Q96K76,P23759,USP47,PAX7,USP,0,neg2x_initial_degree_matched,,USP47,PAX7,PAX7|USP47,False,cytoplasm,nucleus,,True,True,False,True,True,False,False,False,0.01086,LIHC,LIHC|LIHC_GSE140228_Smartseq2_expression_Celltype_majorlineage|Mast
DUB|Q96RU2|P35228,DUB|Q96RU2,DUB,Q96RU2,P35228,USP28,NOS2,USP,0,neg2x_initial_degree_matched,,USP28,NOS2,NOS2|USP28,False,nucleus,cytoplasm,,True,True,False,True,True,False,False,False,0.05344,CRC,CRC|CRC_GSE166555_expression_Celltype_majorlineage|Epithelial
DUB|Q96RU2|P01584,DUB|Q96RU2,DUB,Q96RU2,P01584,USP28,IL1B,USP,0,neg2x_initial_degree_matched,,USP28,IL1B,IL1B|USP28,False,nucleus,cytoplasm;extracellular;lysosome,,True,True,False,True,True,False,False,False,0.21288,LIHC,LIHC|LIHC_GSE140228_Smartseq2_expression_Celltype_majorlineage|Tprolif
DUB|Q96RU2|Q96RJ0,DUB|Q96RU2,DUB,Q96RU2,Q96RJ0,USP28,TAAR1,USP,0,neg2x_initial_degree_matched,,USP28,TAAR1,TAAR1|USP28,False,nucleus,endoplasmic_reticulum;membrane;plasma_membrane,,True,True,False,False,False,False,False,False,0.0,CRC,NA
DUB|Q96RU2|O95835,DUB|Q96RU2,DUB,Q96RU2,O95835,USP28,LATS1,USP,0,neg2x_initial_degree_matched,,USP28,LATS1,LATS1|USP28,False,nucleus,cytoplasm;cytoskeleton,,True,True,False,True,True,False,False,False,0.41432,LIHC,LIHC|LIHC_GSE98638_expression_Celltype_majorlineage|CD8T
DUB|Q96RU2|P37088,DUB|Q96RU2,DUB,Q96RU2,P37088,USP28,SCNN1A,USP,0,neg2x_initial_degree_matched,,USP28,SCNN1A,SCNN1A|USP28,False,nucleus,cytoplasm;cytoskeleton;membrane;plasma_membrane;vesicle,,True,True,False,True,True,False,False,False,0.15172,CRC,CRC|CRC_GSE166555_expression_Celltype_majorlineage|Malignant
DUB|Q96RU2|Q16828,DUB|Q96RU2,DUB,Q96RU2,Q16828,USP28,DUSP6,USP,0,neg2x_initial_degree_matched,,USP28,DUSP6,DUSP6|USP28,False,nucleus,cytoplasm,,True,True,False,True,True,False,False,False,0.343,LIHC,LIHC|LIHC_GSE140228_Smartseq2_expression_Celltype_majorlineage|NK
DUB|Q96RU2|Q12809,DUB|Q96RU2,DUB,Q96RU2,Q12809,USP28,KCNH2,USP,0,neg2x_initial_degree_matched,,USP28,KCNH2,KCNH2|USP28,False,nucleus,membrane;plasma_membrane,,True,True,False,True,True,False,False,False,0.04709,LIHC,LIHC|LIHC_GSE146409_expression_Celltype_majorlineage|Malignant
DUB|Q96RU2|Q9H257,DUB|Q96RU2,DUB,Q96RU2,Q9H257,USP28,CARD9,USP,0,neg2x_initial_degree_matched,,USP28,CARD9,CARD9|USP28,False,nucleus,cytoplasm,,True,True,False,True,True,False,False,False,0.09052,LIHC,LIHC|LIHC_GSE140228_Smartseq2_expression_Celltype_majorlineage|DC
DUB|Q9BXU7|P48764,DUB|Q9BXU7,DUB,Q9BXU7,P48764,USP26,SLC9A3,USP,0,neg2x_initial_degree_matched,,USP26,SLC9A3,SLC9A3|USP26,False,cytoplasm;cytoskeleton;nucleus,endosome;membrane;plasma_membrane,,True,True,False,True,False,False,False,False,0.00091,CRC,CRC|CRC_GSE108989_expression_Celltype_majorlineage|Treg
DUB|Q9C040|Q8NAP3,DUB|Q9C040,DUB,Q9C040,Q8NAP3,TRIM2,ZBTB38,Other,0,neg2x_initial_degree_matched,,TRIM2,ZBTB38,TRIM2|ZBTB38,False,cytoplasm,nucleus,,True,True,False,True,True,False,False,False,0.60627,CRC,CRC|CRC_GSE166555_expression_Celltype_majorlineage|Malignant
DUB|Q9C040|P28562,DUB|Q9C040,DUB,Q9C040,P28562,TRIM2,DUSP1,Other,0,neg2x_initial_degree_matched,,TRIM2,DUSP1,DUSP1|TRIM2,False,cytoplasm,nucleus,,True,True,False,True,True,False,False,False,0.6721,CRC,CRC|CRC_GSE166555_expression_Celltype_majorlineage|Malignant
DUB|Q9H0E7|Q9Y256,DUB|Q9H0E7,DUB,Q9H0E7,Q9Y256,USP44,RCE1,USP,0,neg2x_initial_degree_matched,,USP44,RCE1,RCE1|USP44,False,cytoplasm;nucleus,endoplasmic_reticulum;membrane,,True,True,False,True,True,False,False,False,0.0416,CRC,CRC|CRC_EMTAB8107_expression_Celltype_majorlineage|Enteric glial
DUB|Q9H0E7|P05556,DUB|Q9H0E7,DUB,Q9H0E7,P05556,USP44,ITGB1,USP,0,neg2x_initial_degree_matched,,USP44,ITGB1,ITGB1|USP44,False,cytoplasm;nucleus,cell_junction;endosome;membrane;plasma_membrane,,True,True,False,True,True,False,False,False,0.12095,LIHC,LIHC|LIHC_GSE146409_expression_Celltype_majorlineage|Hepatocytes
DUB|Q9H0E7|Q9H5J4,DUB|Q9H0E7,DUB,Q9H0E7,Q9H5J4,USP44,ELOVL6,USP,0,neg2x_initial_degree_matched,,USP44,ELOVL6,ELOVL6|USP44,False,cytoplasm;nucleus,endoplasmic_reticulum;membrane,,True,True,False,True,True,False,False,False,0.12095,LIHC,LIHC|LIHC_GSE146409_expression_Celltype_majorlineage|Hepatocytes
DUB|Q9H3M9|O95166,DUB|Q9H3M9,DUB,Q9H3M9,O95166,ATXN3L,GABARAP,Josephin,0,neg2x_initial_degree_matched,,ATXN3L,GABARAP,ATXN3L|GABARAP,False,nucleus,cytoplasm;cytoskeleton;golgi;membrane;vesicle,,True,True,False,True,True,False,False,False,0.00063,CRC,CRC|CRC_GSE108989_expression_Celltype_majorlineage|CD8T
DUB|Q9H9J4|Q16204,DUB|Q9H9J4,DUB,Q9H9J4,Q16204,USP42,CCDC6,USP,0,neg2x_initial_degree_matched,,USP42,CCDC6,CCDC6|USP42,False,,cytoplasm;cytoskeleton,,False,True,False,True,True,False,False,False,0.2428,CRC,CRC|CRC_GSE166555_expression_Celltype_majorlineage|Tprolif
DUB|Q9H9J4|O15151,DUB|Q9H9J4,DUB,Q9H9J4,O15151,USP42,MDM4,USP,0,neg2x_initial_degree_matched,,USP42,MDM4,MDM4|USP42,False,,nucleus,,False,True,False,True,True,False,False,False,0.2428,CRC,CRC|CRC_GSE166555_expression_Celltype_majorlineage|Tprolif
DUB|Q9H9J4|P30304,DUB|Q9H9J4,DUB,Q9H9J4,P30304,USP42,CDC25A,USP,0,neg2x_initial_degree_matched,,USP42,CDC25A,CDC25A|USP42,False,,,,False,False,False,True,True,False,False,False,0.15265,CRC,CRC|CRC_GSE166555_expression_Celltype_majorlineage|Tprolif
DUB|Q9H9J4|P23771,DUB|Q9H9J4,DUB,Q9H9J4,P23771,USP42,GATA3,USP,0,neg2x_initial_degree_matched,,USP42,GATA3,GATA3|USP42,False,,nucleus,,False,True,False,True,True,False,False,False,0.2428,CRC,CRC|CRC_GSE166555_expression_Celltype_majorlineage|Tprolif
DUB|Q9H9J4|Q9P2Y5,DUB|Q9H9J4,DUB,Q9H9J4,Q9P2Y5,USP42,UVRAG,USP,0,neg2x_initial_degree_matched,,USP42,UVRAG,USP42|UVRAG,False,,cytoplasm;endoplasmic_reticulum;endosome;golgi;lysosome;nucleus;vesicle,,False,True,False,True,True,False,False,False,0.23859,LIHC,LIHC|LIHC_GSE98638_expression_Celltype_majorlineage|CD8Tex
DUB|Q9H9J4|Q12888,DUB|Q9H9J4,DUB,Q9H9J4,Q12888,USP42,TP53BP1,USP,0,neg2x_initial_degree_matched,,USP42,TP53BP1,TP53BP1|USP42,False,,nucleus,,False,True,False,True,True,False,False,False,0.22573,CRC,CRC|CRC_GSE166555_expression_Celltype_majorlineage|Tprolif
DUB|Q9HBJ7|Q08050,DUB|Q9HBJ7,DUB,Q9HBJ7,Q08050,USP29,FOXM1,USP,0,neg2x_initial_degree_matched,,USP29,FOXM1,FOXM1|USP29,False,cytoplasm,nucleus,,True,True,False,True,True,False,False,False,0.04044,CRC,CRC|CRC_GSE146771_Smartseq2_expression_Celltype_majorlineage|Malignant
DUB|Q9NQC7|P15407,DUB|Q9NQC7,DUB,Q9NQC7,P15407,CYLD,FOSL1,USP,0,neg2x_initial_degree_matched,,CYLD,FOSL1,CYLD|FOSL1,False,cytoplasm;cytoskeleton;membrane;plasma_membrane,nucleus,,True,True,False,True,True,False,False,False,0.22041,CRC,CRC|CRC_GSE146771_Smartseq2_expression_Celltype_majorlineage|Mast
DUB|Q9NQC7|O14737,DUB|Q9NQC7,DUB,Q9NQC7,O14737,CYLD,PDCD5,USP,0,neg2x_initial_degree_matched,,CYLD,PDCD5,CYLD|PDCD5,False,cytoplasm;cytoskeleton;membrane;plasma_membrane,,,True,False,False,True,True,False,False,False,0.50099,CRC,CRC|CRC_GSE146771_Smartseq2_expression_Celltype_majorlineage|Tprolif
DUB|Q9NQC7|O00512,DUB|Q9NQC7,DUB,Q9NQC7,O00512,CYLD,BCL9,USP,0,neg2x_initial_degree_matched,,CYLD,BCL9,BCL9|CYLD,False,cytoplasm;cytoskeleton;membrane;plasma_membrane,nucleus,,True,True,False,True,True,False,False,False,0.09751,LIHC,LIHC|LIHC_GSE98638_expression_Celltype_majorlineage|CD4Tconv
DUB|Q9NQC7|P51965,DUB|Q9NQC7,DUB,Q9NQC7,P51965,CYLD,UBE2E1,USP,0,neg2x_initial_degree_matched,,CYLD,UBE2E1,CYLD|UBE2E1,False,cytoplasm;cytoskeleton;membrane;plasma_membrane,nucleus,,True,True,False,True,True,False,False,False,0.31147,LIHC,LIHC|LIHC_GSE140228_10X_expression_Celltype_majorlineage|DC
DUB|Q9NQC7|P62807,DUB|Q9NQC7,DUB,Q9NQC7,P62807,CYLD,HIST1H2BI,USP,0,neg2x_initial_degree_matched,,CYLD,HIST1H2BI,CYLD|HIST1H2BI,False,cytoplasm;cytoskeleton;membrane;plasma_membrane,nucleus,,True,True,False,True,True,False,False,False,0.06851,CRC,CRC|CRC_GSE166555_expression_Celltype_majorlineage|Epithelial
DUB|Q9NQC7|Q16778,DUB|Q9NQC7,DUB,Q9NQC7,Q16778,CYLD,HIST2H2BE,USP,0,neg2x_initial_degree_matched,,CYLD,HIST2H2BE,CYLD|HIST2H2BE,False,cytoplasm;cytoskeleton;membrane;plasma_membrane,nucleus,,True,True,False,True,True,False,False,False,0.31787,CRC,CRC|CRC_GSE146771_Smartseq2_expression_Celltype_majorlineage|Plasma
DUB|Q9NQC7|P04908,DUB|Q9NQC7,DUB,Q9NQC7,P04908,CYLD,HIST1H2AE,USP,0,neg2x_initial_degree_matched,,CYLD,HIST1H2AE,CYLD|HIST1H2AE,False,cytoplasm;cytoskeleton;membrane;plasma_membrane,nucleus,,True,True,False,True,True,False,False,False,0.31787,CRC,CRC|CRC_GSE146771_Smartseq2_expression_Celltype_majorlineage|Plasma
DUB|Q9NQC7|Q8NAP3,DUB|Q9NQC7,DUB,Q9NQC7,Q8NAP3,CYLD,ZBTB38,USP,0,neg2x_initial_degree_matched,,CYLD,ZBTB38,CYLD|ZBTB38,False,cytoplasm;cytoskeleton;membrane;plasma_membrane,nucleus,,True,True,False,True,True,False,False,False,0.90099,LIHC,LIHC|LIHC_GSE98638_expression_Celltype_majorlineage|CD8Tex
DUB|Q9NQC7|Q99538,DUB|Q9NQC7,DUB,Q9NQC7,Q99538,CYLD,LGMN,USP,0,neg2x_initial_degree_matched,,CYLD,LGMN,CYLD|LGMN,False,cytoplasm;cytoskeleton;membrane;plasma_membrane,lysosome,,True,True,False,True,True,False,False,False,0.61996,LIHC,LIHC|LIHC_GSE140228_Smartseq2_expression_Celltype_majorlineage|ILC
DUB|Q9NQC7|P26927,DUB|Q9NQC7,DUB,Q9NQC7,P26927,CYLD,MST1,USP,0,neg2x_initial_degree_matched,,CYLD,MST1,CYLD|MST1,False,cytoplasm;cytoskeleton;membrane;plasma_membrane,extracellular,,True,True,False,True,True,False,False,False,0.25126,LIHC,LIHC|LIHC_GSE146115_expression_Celltype_majorlineage|Malignant
DUB|Q9NQC7|Q16777,DUB|Q9NQC7,DUB,Q9NQC7,Q16777,CYLD,HIST2H2AC,USP,0,neg2x_initial_degree_matched,,CYLD,HIST2H2AC,CYLD|HIST2H2AC,False,cytoplasm;cytoskeleton;membrane;plasma_membrane,nucleus,,True,True,False,True,True,False,False,False,0.5492,LIHC,LIHC|LIHC_GSE146115_expression_Celltype_majorlineage|Tprolif
DUB|Q9NQC7|Q8IXJ9,DUB|Q9NQC7,DUB,Q9NQC7,Q8IXJ9,CYLD,ASXL1,USP,0,neg2x_initial_degree_matched,,CYLD,ASXL1,ASXL1|CYLD,False,cytoplasm;cytoskeleton;membrane;plasma_membrane,nucleus,,True,True,False,True,True,False,False,False,0.5492,LIHC,LIHC|LIHC_GSE146115_expression_Celltype_majorlineage|Tprolif
DUB|Q9NQC7|O75943,DUB|Q9NQC7,DUB,Q9NQC7,O75943,CYLD,RAD17,USP,0,neg2x_initial_degree_matched,,CYLD,RAD17,CYLD|RAD17,False,cytoplasm;cytoskeleton;membrane;plasma_membrane,nucleus,,True,True,False,True,True,False,False,False,0.33628,LIHC,LIHC|LIHC_GSE98638_expression_Celltype_majorlineage|Tprolif
DUB|Q9NQC7|P35659,DUB|Q9NQC7,DUB,Q9NQC7,P35659,CYLD,DEK,USP,0,neg2x_initial_degree_matched,,CYLD,DEK,CYLD|DEK,False,cytoplasm;cytoskeleton;membrane;plasma_membrane,nucleus,,True,True,False,True,True,False,False,False,0.85281,CRC,CRC|CRC_GSE108989_expression_Celltype_majorlineage|Tprolif
DUB|Q9NQC7|O15519,DUB|Q9NQC7,DUB,Q9NQC7,O15519,CYLD,CFLAR,USP,0,neg2x_initial_degree_matched,,CYLD,CFLAR,CFLAR|CYLD,False,cytoplasm;cytoskeleton;membrane;plasma_membrane,,,True,False,False,True,True,False,True,True,1.07332,LIHC,LIHC|LIHC_GSE98638_expression_Celltype_majorlineage|CD4Tconv
DUB|Q9NQC7|P30291,DUB|Q9NQC7,DUB,Q9NQC7,P30291,CYLD,WEE1,USP,0,neg2x_initial_degree_matched,,CYLD,WEE1,CYLD|WEE1,False,cytoplasm;cytoskeleton;membrane;plasma_membrane,nucleus,,True,True,False,True,True,False,False,False,0.32475,LIHC,LIHC|LIHC_GSE140228_Smartseq2_expression_Celltype_majorlineage|B
DUB|Q9P275|P37023,DUB|Q9P275,DUB,Q9P275,P37023,USP36,ACVRL1,USP,0,neg2x_initial_degree_matched,,USP36,ACVRL1,ACVRL1|USP36,False,cytoplasm;nucleus,membrane;plasma_membrane,,True,True,False,True,True,False,False,False,0.23931,CRC,CRC|CRC_GSE146771_Smartseq2_expression_Celltype_majorlineage|Endothelial
DUB|Q9P275|P36894,DUB|Q9P275,DUB,Q9P275,P36894,USP36,BMPR1A,USP,0,neg2x_initial_degree_matched,,USP36,BMPR1A,BMPR1A|USP36,False,cytoplasm;nucleus,membrane;plasma_membrane,,True,True,False,True,True,False,False,False,0.12174,LIHC,LIHC|LIHC_GSE140228_Smartseq2_expression_Celltype_majorlineage|Mast
DUB|Q9P275|O75365,DUB|Q9P275,DUB,Q9P275,O75365,USP36,PTP4A3,USP,0,neg2x_initial_degree_matched,,USP36,PTP4A3,PTP4A3|USP36,False,cytoplasm;nucleus,endosome;membrane;plasma_membrane,,True,True,False,True,True,False,False,False,0.35684,CRC,CRC|CRC_GSE146771_Smartseq2_expression_Celltype_majorlineage|Treg
DUB|Q9P2H5|Q9Y256,DUB|Q9P2H5,DUB,Q9P2H5,Q9Y256,USP35,RCE1,USP,0,neg2x_initial_degree_matched,,USP35,RCE1,RCE1|USP35,False,cytoplasm;mitochondrion,endoplasmic_reticulum;membrane,,True,True,False,True,True,False,False,False,0.09514,LIHC,LIHC|LIHC_GSE179795_expression_Celltype_majorlineage|ILC
DUB|Q9P2H5|P12004,DUB|Q9P2H5,DUB,Q9P2H5,P12004,USP35,PCNA,USP,0,neg2x_initial_degree_matched,,USP35,PCNA,PCNA|USP35,False,cytoplasm;mitochondrion,nucleus,,True,True,False,True,True,False,False,False,0.1203,LIHC,LIHC|LIHC_GSE179795_expression_Celltype_majorlineage|NK
DUB|Q9P2H5|Q8WYQ5,DUB|Q9P2H5,DUB,Q9P2H5,Q8WYQ5,USP35,DGCR8,USP,0,neg2x_initial_degree_matched,,USP35,DGCR8,DGCR8|USP35,False,cytoplasm;mitochondrion,nucleus,,True,True,False,True,True,False,False,False,0.08036,LIHC,LIHC|LIHC_GSE179795_expression_Celltype_majorlineage|Mono/Macro
DUB|Q9UGI0|P55085,DUB|Q9UGI0,DUB,Q9UGI0,P55085,ZRANB1,F2RL1,OTU,0,neg2x_initial_degree_matched,,ZRANB1,F2RL1,F2RL1|ZRANB1,False,cytoplasm;nucleus,membrane;plasma_membrane,,True,True,False,True,True,False,False,False,0.20439,CRC,CRC|CRC_GSE166555_expression_Celltype_majorlineage|Malignant
DUB|Q9UHP3|P30304,DUB|Q9UHP3,DUB,Q9UHP3,P30304,USP25,CDC25A,USP,0,neg2x_initial_degree_matched,,USP25,CDC25A,CDC25A|USP25,False,cytoplasm;nucleus,,,True,False,False,True,True,False,False,False,0.15265,CRC,CRC|CRC_GSE166555_expression_Celltype_majorlineage|Tprolif
DUB|Q9UHP3|P42773,DUB|Q9UHP3,DUB,Q9UHP3,P42773,USP25,CDKN2C,USP,0,neg2x_initial_degree_matched,,USP25,CDKN2C,CDKN2C|USP25,False,cytoplasm;nucleus,,,True,False,False,True,True,False,False,False,0.21773,CRC,CRC|CRC_GSE166555_expression_Celltype_majorlineage|Tprolif
DUB|Q9UK80|O15554,DUB|Q9UK80,DUB,Q9UK80,O15554,USP21,KCNN4,USP,0,neg2x_initial_degree_matched,,USP21,KCNN4,KCNN4|USP21,False,cytoplasm;nucleus,membrane;plasma_membrane,,True,True,False,True,True,False,False,False,0.16248,LIHC,LIHC|LIHC_GSE98638_expression_Celltype_majorlineage|Tprolif
DUB|Q9UK80|O14737,DUB|Q9UK80,DUB,Q9UK80,O14737,USP21,PDCD5,USP,0,neg2x_initial_degree_matched,,USP21,PDCD5,PDCD5|USP21,False,cytoplasm;nucleus,,,True,False,False,True,True,False,False,False,0.25633,LIHC,LIHC|LIHC_GSE146409_expression_Celltype_majorlineage|Hepatocytes
DUB|Q9UK80|Q8IVP5,DUB|Q9UK80,DUB,Q9UK80,Q8IVP5,USP21,FUNDC1,USP,0,neg2x_initial_degree_matched,,USP21,FUNDC1,FUNDC1|USP21,False,cytoplasm;nucleus,membrane;mitochondrion,,True,True,False,True,True,False,False,False,0.10084,CRC,CRC|CRC_GSE146771_Smartseq2_expression_Celltype_majorlineage|Fibroblasts
DUB|Q9UK80|A0A291NLA3,DUB|Q9UK80,DUB,Q9UK80,A0A291NLA3,USP21,SIGIRR,USP,0,neg2x_initial_degree_matched,,USP21,SIGIRR,SIGIRR|USP21,False,cytoplasm;nucleus,,,True,False,False,True,True,False,False,False,0.31322,LIHC,LIHC|LIHC_GSE146409_expression_Celltype_majorlineage|Hepatocytes
DUB|Q9UMW8|P21796,DUB|Q9UMW8,DUB,Q9UMW8,P21796,USP18,VDAC1,USP,0,neg2x_initial_degree_matched,,USP18,VDAC1,USP18|VDAC1,False,cytoplasm;nucleus,endoplasmic_reticulum;membrane;mitochondrion;plasma_membrane,,True,True,False,True,True,False,False,False,0.31864,CRC,CRC|CRC_GSE108989_expression_Celltype_majorlineage|Tprolif
DUB|Q9UMW8|P07550,DUB|Q9UMW8,DUB,Q9UMW8,P07550,USP18,ADRB2,USP,0,neg2x_initial_degree_matched,,USP18,ADRB2,ADRB2|USP18,False,cytoplasm;nucleus,endosome;golgi;membrane;plasma_membrane,,True,True,False,True,True,False,False,False,0.18207,CRC,CRC|CRC_GSE108989_expression_Celltype_majorlineage|CD8Tex
DUB|Q9UMW8|P17302,DUB|Q9UMW8,DUB,Q9UMW8,P17302,USP18,GJA1,USP,0,neg2x_initial_degree_matched,,USP18,GJA1,GJA1|USP18,False,cytoplasm;nucleus,cell_junction;endoplasmic_reticulum;membrane;plasma_membrane,,True,True,False,True,True,False,False,False,0.05751,CRC,CRC|CRC_GSE146771_Smartseq2_expression_Celltype_majorlineage|Fibroblasts
DUB|Q9UPT9|Q02246,DUB|Q9UPT9,DUB,Q9UPT9,Q02246,USP22,CNTN2,USP,0,neg2x_initial_degree_matched,,USP22,CNTN2,CNTN2|USP22,False,cytoplasm;nucleus,membrane;plasma_membrane,,True,True,False,True,True,False,False,False,0.05258,CRC,CRC|CRC_EMTAB8107_expression_Celltype_majorlineage|Enteric glial
DUB|Q9UPT9|O75365,DUB|Q9UPT9,DUB,Q9UPT9,O75365,USP22,PTP4A3,USP,0,neg2x_initial_degree_matched,,USP22,PTP4A3,PTP4A3|USP22,False,cytoplasm;nucleus,endosome;membrane;plasma_membrane,,True,True,False,True,True,False,False,False,0.46729,LIHC,LIHC|LIHC_GSE166635_expression_Celltype_majorlineage|Endothelial
DUB|Q9UPT9|O14737,DUB|Q9UPT9,DUB,Q9UPT9,O14737,USP22,PDCD5,USP,0,neg2x_initial_degree_matched,,USP22,PDCD5,PDCD5|USP22,False,cytoplasm;nucleus,,,True,False,False,True,True,False,False,False,0.56072,CRC,CRC|CRC_GSE166555_expression_Celltype_majorlineage|Endothelial
DUB|Q9UPT9|P04234,DUB|Q9UPT9,DUB,Q9UPT9,P04234,USP22,CD3D,USP,0,neg2x_initial_degree_matched,,USP22,CD3D,CD3D|USP22,False,cytoplasm;nucleus,membrane;plasma_membrane,,True,True,False,True,True,False,False,False,0.42313,LIHC,LIHC|LIHC_GSE98638_expression_Celltype_majorlineage|Tprolif
DUB|Q9UPT9|P23588,DUB|Q9UPT9,DUB,Q9UPT9,P23588,USP22,EIF4B,USP,0,neg2x_initial_degree_matched,,USP22,EIF4B,EIF4B|USP22,False,cytoplasm;nucleus,,,True,False,False,True,True,False,False,False,0.56072,CRC,CRC|CRC_GSE166555_expression_Celltype_majorlineage|Endothelial
DUB|Q9UPT9|Q9H4P4,DUB|Q9UPT9,DUB,Q9UPT9,Q9H4P4,USP22,RNF41,USP,0,neg2x_initial_degree_matched,,USP22,RNF41,RNF41|USP22,False,cytoplasm;nucleus,,,True,False,False,True,True,False,False,False,0.3002,LIHC,LIHC|LIHC_GSE98638_expression_Celltype_majorlineage|Tprolif
DUB|Q9UPU5|O14965,DUB|Q9UPU5,DUB,Q9UPU5,O14965,USP24,AURKA,USP,0,neg2x_initial_degree_matched,,USP24,AURKA,AURKA|USP24,False,,cytoplasm;cytoskeleton;membrane;plasma_membrane,,False,True,False,True,True,False,False,False,0.45739,LIHC,LIHC|LIHC_GSE146115_expression_Celltype_majorlineage|Tprolif
DUB|Q9UPU5|Q8IYW5,DUB|Q9UPU5,DUB,Q9UPU5,Q8IYW5,USP24,RNF168,USP,0,neg2x_initial_degree_matched,,USP24,RNF168,RNF168|USP24,False,,nucleus,,False,True,False,True,True,False,False,False,0.45739,LIHC,LIHC|LIHC_GSE146115_expression_Celltype_majorlineage|Tprolif
DUB|Q9UPU5|Q9NYV9,DUB|Q9UPU5,DUB,Q9UPU5,Q9NYV9,USP24,TAS2R13,USP,0,neg2x_initial_degree_matched,,USP24,TAS2R13,TAS2R13|USP24,False,,membrane,,False,True,False,True,True,False,False,False,0.00509,LIHC,LIHC|LIHC_GSE146115_expression_Celltype_majorlineage|Mono/Macro
DUB|Q9UPU5|P33981,DUB|Q9UPU5,DUB,Q9UPU5,P33981,USP24,TTK,USP,0,neg2x_initial_degree_matched,,USP24,TTK,TTK|USP24,False,,,,False,False,False,True,True,False,False,False,0.38742,LIHC,LIHC|LIHC_GSE146115_expression_Celltype_majorlineage|Tprolif
DUB|Q9UPU5|O60885,DUB|Q9UPU5,DUB,Q9UPU5,O60885,USP24,BRD4,USP,0,neg2x_initial_degree_matched,,USP24,BRD4,BRD4|USP24,False,,nucleus,,False,True,False,True,True,False,False,False,0.45739,LIHC,LIHC|LIHC_GSE146115_expression_Celltype_majorlineage|Tprolif
DUB|Q9UPU5|P04179,DUB|Q9UPU5,DUB,Q9UPU5,P04179,USP24,SOD2,USP,0,neg2x_initial_degree_matched,,USP24,SOD2,SOD2|USP24,False,,mitochondrion,,False,True,False,True,True,False,False,False,0.37347,LIHC,LIHC|LIHC_GSE140228_Smartseq2_expression_Celltype_majorlineage|CD4Tconv
DUB|Q9Y2K6|O60341,DUB|Q9Y2K6,DUB,Q9Y2K6,O60341,USP20,KDM1A,USP,0,neg2x_initial_degree_matched,,USP20,KDM1A,KDM1A|USP20,False,cytoplasm;cytoskeleton;endoplasmic_reticulum,nucleus,,True,True,False,True,True,False,False,False,0.21582,CRC,CRC|CRC_GSE139555_expression_Celltype_majorlineage|Myofibroblasts
DUB|Q9Y2K6|O75461,DUB|Q9Y2K6,DUB,Q9Y2K6,O75461,USP20,E2F6,USP,0,neg2x_initial_degree_matched,,USP20,E2F6,E2F6|USP20,False,cytoplasm;cytoskeleton;endoplasmic_reticulum,nucleus,,True,True,False,True,True,False,False,False,0.12399,CRC,CRC|CRC_GSE146771_Smartseq2_expression_Celltype_majorlineage|Tprolif
DUB|Q9Y2K6|Q9Y253,DUB|Q9Y2K6,DUB,Q9Y2K6,Q9Y253,USP20,POLH,USP,0,neg2x_initial_degree_matched,,USP20,POLH,POLH|USP20,False,cytoplasm;cytoskeleton;endoplasmic_reticulum,nucleus,,True,True,False,True,True,False,False,False,0.2853,LIHC,LIHC|LIHC_GSE98638_expression_Celltype_majorlineage|Tprolif
DUB|Q9Y2K6|Q9HCX3,DUB|Q9Y2K6,DUB,Q9Y2K6,Q9HCX3,USP20,ZNF304,USP,0,neg2x_initial_degree_matched,,USP20,ZNF304,USP20|ZNF304,False,cytoplasm;cytoskeleton;endoplasmic_reticulum,nucleus,,True,True,False,True,True,False,False,False,0.08365,LIHC,LIHC|LIHC_GSE98638_expression_Celltype_majorlineage|CD8Tex
DUB|Q9Y2K6|P36897,DUB|Q9Y2K6,DUB,Q9Y2K6,P36897,USP20,TGFBR1,USP,0,neg2x_initial_degree_matched,,USP20,TGFBR1,TGFBR1|USP20,False,cytoplasm;cytoskeleton;endoplasmic_reticulum,cell_junction;membrane;plasma_membrane,,True,True,False,True,True,False,False,False,0.32236,LIHC,LIHC|LIHC_GSE98638_expression_Celltype_majorlineage|Treg
DUB|Q9Y2K6|P24864,DUB|Q9Y2K6,DUB,Q9Y2K6,P24864,USP20,CCNE1,USP,0,neg2x_initial_degree_matched,,USP20,CCNE1,CCNE1|USP20,False,cytoplasm;cytoskeleton;endoplasmic_reticulum,nucleus,,True,True,False,True,True,False,False,False,0.10918,LIHC,LIHC|LIHC_GSE98638_expression_Celltype_majorlineage|Tprolif
DUB|Q9Y2K6|O43521,DUB|Q9Y2K6,DUB,Q9Y2K6,O43521,USP20,BCL2L11,USP,0,neg2x_initial_degree_matched,,USP20,BCL2L11,BCL2L11|USP20,False,cytoplasm;cytoskeleton;endoplasmic_reticulum,membrane;mitochondrion,,True,True,False,True,True,False,False,False,0.41516,LIHC,LIHC|LIHC_GSE98638_expression_Celltype_majorlineage|CD8Tex
DUB|Q9Y2K6|Q8IVP5,DUB|Q9Y2K6,DUB,Q9Y2K6,Q8IVP5,USP20,FUNDC1,USP,0,neg2x_initial_degree_matched,,USP20,FUNDC1,FUNDC1|USP20,False,cytoplasm;cytoskeleton;endoplasmic_reticulum,membrane;mitochondrion,,True,True,False,True,True,False,False,False,0.11943,CRC,CRC|CRC_GSE166555_expression_Celltype_majorlineage|Tprolif
DUB|Q9Y2K6|A2AIR5,DUB|Q9Y2K6,DUB,Q9Y2K6,A2AIR5,USP20,Grin3a,USP,0,neg2x_initial_degree_matched,,USP20,GRIN3A,GRIN3A|USP20,False,cytoplasm;cytoskeleton;endoplasmic_reticulum,,,True,False,False,True,True,False,False,False,0.01319,LIHC,LIHC|LIHC_GSE140228_Smartseq2_expression_Celltype_majorlineage|Mono/Macro
DUB|Q9Y2K6|P20226,DUB|Q9Y2K6,DUB,Q9Y2K6,P20226,USP20,TBP,USP,0,neg2x_initial_degree_matched,,USP20,TBP,TBP|USP20,False,cytoplasm;cytoskeleton;endoplasmic_reticulum,nucleus,,True,True,False,True,True,False,False,False,0.16125,LIHC,LIHC|LIHC_GSE98638_expression_Celltype_majorlineage|CD8T
DUB|Q9Y2K6|P04198,DUB|Q9Y2K6,DUB,Q9Y2K6,P04198,USP20,MYCN,USP,0,neg2x_initial_degree_matched,,USP20,MYCN,MYCN|USP20,False,cytoplasm;cytoskeleton;endoplasmic_reticulum,nucleus,,True,True,False,True,True,False,False,False,0.05507,CRC,CRC|CRC_GSE166555_expression_Celltype_majorlineage|Endothelial
DUB|Q9Y4E8|P61073,DUB|Q9Y4E8,DUB,Q9Y4E8,P61073,USP15,CXCR4,USP,0,neg2x_initial_degree_matched,,USP15,CXCR4,CXCR4|USP15,False,cytoplasm;mitochondrion;nucleus,cell_junction;endosome;lysosome;membrane;plasma_membrane,,True,True,False,True,True,True,False,True,1.55954,LIHC,LIHC|LIHC_GSE179795_expression_Celltype_majorlineage|ILC
DUB|Q9Y4E8|Q16625,DUB|Q9Y4E8,DUB,Q9Y4E8,Q16625,USP15,OCLN,USP,0,neg2x_initial_degree_matched,,USP15,OCLN,OCLN|USP15,False,cytoplasm;mitochondrion;nucleus,cell_junction;membrane;plasma_membrane,,True,True,False,True,True,False,False,False,0.22197,CRC,CRC|CRC_GSE139555_expression_Celltype_majorlineage|Myofibroblasts
DUB|Q9Y4E8|Q9UKV5,DUB|Q9Y4E8,DUB,Q9Y4E8,Q9UKV5,USP15,AMFR,USP,0,neg2x_initial_degree_matched,,USP15,AMFR,AMFR|USP15,False,cytoplasm;mitochondrion;nucleus,endoplasmic_reticulum;membrane,,True,True,False,True,True,False,False,False,0.36108,CRC,CRC|CRC_GSE146771_Smartseq2_expression_Celltype_majorlineage|B
DUB|Q9Y4E8|P01130,DUB|Q9Y4E8,DUB,Q9Y4E8,P01130,USP15,LDLR,USP,0,neg2x_initial_degree_matched,,USP15,LDLR,LDLR|USP15,False,cytoplasm;mitochondrion;nucleus,endosome;golgi;lysosome;membrane;plasma_membrane,,True,True,False,True,True,False,False,False,0.52909,LIHC,LIHC|LIHC_GSE146115_expression_Celltype_majorlineage|Tprolif
DUB|Q9Y4E8|O75365,DUB|Q9Y4E8,DUB,Q9Y4E8,O75365,USP15,PTP4A3,USP,0,neg2x_initial_degree_matched,,USP15,PTP4A3,PTP4A3|USP15,False,cytoplasm;mitochondrion;nucleus,endosome;membrane;plasma_membrane,,True,True,False,True,True,False,False,False,0.46089,CRC,CRC|CRC_GSE146771_Smartseq2_expression_Celltype_majorlineage|Fibroblasts
DUB|Q9Y5E6|Q53EZ4,DUB|Q9Y5E6,DUB,Q9Y5E6,Q53EZ4,PCDHB3,CEP55,Other,0,neg2x_initial_degree_matched,,PCDHB3,CEP55,CEP55|PCDHB3,False,membrane;plasma_membrane,cytoplasm;cytoskeleton,,True,True,False,True,True,False,False,False,0.01898,CRC,CRC|CRC_GSE166555_expression_Celltype_majorlineage|Endothelial
DUB|Q9Y5E6|Q8WTU0,DUB|Q9Y5E6,DUB,Q9Y5E6,Q8WTU0,PCDHB3,DDI1,Other,0,neg2x_initial_degree_matched,,PCDHB3,DDI1,DDI1|PCDHB3,False,membrane;plasma_membrane,,,True,False,False,True,True,False,False,False,0.00123,LIHC,LIHC|LIHC_GSE140228_Smartseq2_expression_Celltype_majorlineage|NK
DUB|Q9Y5K5|Q4U2R8,DUB|Q9Y5K5,DUB,Q9Y5K5,Q4U2R8,UCHL5,SLC22A6,UCH,0,neg2x_initial_degree_matched,,UCHL5,SLC22A6,SLC22A6|UCHL5,False,cytoplasm;nucleus;proteasome,membrane;plasma_membrane,,True,True,False,True,True,False,False,False,0.01863,LIHC,LIHC|LIHC_GSE146115_expression_Celltype_majorlineage|Malignant
DUB|Q9Y5K5|Q9NYV9,DUB|Q9Y5K5,DUB,Q9Y5K5,Q9NYV9,UCHL5,TAS2R13,UCH,0,neg2x_initial_degree_matched,,UCHL5,TAS2R13,TAS2R13|UCHL5,False,cytoplasm;nucleus;proteasome,membrane,,True,True,False,True,True,False,False,False,0.00509,LIHC,LIHC|LIHC_GSE146115_expression_Celltype_majorlineage|Mono/Macro
DUB|Q9Y5K5|P37023,DUB|Q9Y5K5,DUB,Q9Y5K5,P37023,UCHL5,ACVRL1,UCH,0,neg2x_initial_degree_matched,,UCHL5,ACVRL1,ACVRL1|UCHL5,False,cytoplasm;nucleus;proteasome,membrane;plasma_membrane,,True,True,False,True,True,False,False,False,0.18689,CRC,CRC|CRC_GSE166555_expression_Celltype_majorlineage|Endothelial
DUB|Q9Y5K5|P36894,DUB|Q9Y5K5,DUB,Q9Y5K5,P36894,UCHL5,BMPR1A,UCH,0,neg2x_initial_degree_matched,,UCHL5,BMPR1A,BMPR1A|UCHL5,False,cytoplasm;nucleus;proteasome,membrane;plasma_membrane,,True,True,False,True,True,False,False,False,0.12462,LIHC,LIHC|LIHC_GSE166635_expression_Celltype_majorlineage|Fibroblasts
DUB|Q9Y5K5|Q92819,DUB|Q9Y5K5,DUB,Q9Y5K5,Q92819,UCHL5,HAS2,UCH,0,neg2x_initial_degree_matched,,UCHL5,HAS2,HAS2|UCHL5,False,cytoplasm;nucleus;proteasome,endoplasmic_reticulum;golgi;lysosome;membrane;plasma_membrane;vesicle,,True,True,False,True,True,False,False,False,0.17133,CRC,CRC|CRC_GSE166555_expression_Celltype_majorlineage|Fibroblasts
DUB|Q9Y5T5|Q8TB45,DUB|Q9Y5T5,DUB,Q9Y5T5,Q8TB45,USP16,DEPTOR,USP,0,neg2x_initial_degree_matched,,USP16,DEPTOR,DEPTOR|USP16,False,cytoplasm;nucleus,lysosome;membrane,,True,True,False,True,True,False,False,False,0.36081,LIHC,LIHC|LIHC_GSE140228_Smartseq2_expression_Celltype_majorlineage|DC
DUB|Q9Y5T5|O14737,DUB|Q9Y5T5,DUB,Q9Y5T5,O14737,USP16,PDCD5,USP,0,neg2x_initial_degree_matched,,USP16,PDCD5,PDCD5|USP16,False,cytoplasm;nucleus,,,True,False,False,True,True,False,False,False,0.621,CRC,CRC|CRC_GSE166555_expression_Celltype_majorlineage|Tprolif
DUB|Q9Y6I4|P14780,DUB|Q9Y6I4,DUB,Q9Y6I4,P14780,USP3,MMP9,USP,0,neg2x_initial_degree_matched,,USP3,MMP9,MMP9|USP3,False,cytoplasm;nucleus,extracellular,,True,True,False,True,True,False,False,False,0.3051,CRC,CRC|CRC_GSE166555_expression_Celltype_majorlineage|Mono/Macro
DUB|Q9Y6I4|Q4U2R8,DUB|Q9Y6I4,DUB,Q9Y6I4,Q4U2R8,USP3,SLC22A6,USP,0,neg2x_initial_degree_matched,,USP3,SLC22A6,SLC22A6|USP3,False,cytoplasm;nucleus,membrane;plasma_membrane,,True,True,False,True,True,False,False,False,0.01863,LIHC,LIHC|LIHC_GSE146115_expression_Celltype_majorlineage|Malignant
DUB|Q9Y6I4|P37173,DUB|Q9Y6I4,DUB,Q9Y6I4,P37173,USP3,TGFBR2,USP,0,neg2x_initial_degree_matched,,USP3,TGFBR2,TGFBR2|USP3,False,cytoplasm;nucleus,extracellular;membrane;plasma_membrane,,True,True,False,True,True,False,False,False,0.54131,LIHC,LIHC|LIHC_GSE98638_expression_Celltype_majorlineage|CD4Tconv
DUB|Q9Y6I4|P51170,DUB|Q9Y6I4,DUB,Q9Y6I4,P51170,USP3,SCNN1G,USP,0,neg2x_initial_degree_matched,,USP3,SCNN1G,SCNN1G|USP3,False,cytoplasm;nucleus,membrane;plasma_membrane,,True,True,False,True,True,False,False,False,0.10819,CRC,CRC|CRC_GSE166555_expression_Celltype_majorlineage|Epithelial
