pair_id,group_id,enzyme_class,enz_ac,sub_ac,enz_gene,sub_gene,enzyme_type,label,source,pmid,enz_gene_norm,sub_gene_norm,gene_pair_key,ppi_physical_flag,enz_compartments,sub_compartments,shared_compartments,has_enz_loc,has_sub_loc,coloc_flag,scrna_has_both_genes_crc,scrna_has_both_genes_lihc,scrna_coexpr_crc,scrna_coexpr_lihc,scrna_coexpr_flag,scrna_max_min_expr,scrna_best_cancer,scrna_best_celltype
E3|A6NLU0|Q9BYM8,E3|A6NLU0,E3,A6NLU0,Q9BYM8,RFPL4A,RBCK1,RING,0,neg2x_initial_degree_matched,,RFPL4A,RBCK1,RBCK1|RFPL4A,False,cytoplasm;nucleus,,,True,False,False,True,True,False,False,False,0.28371,LIHC,LIHC|LIHC_GSE140228_Smartseq2_expression_Celltype_majorlineage|ILC
E3|A8MQ27|P05026,E3|A8MQ27,E3,A8MQ27,P05026,NEURL1B,ATP1B1,RING,0,neg2x_initial_degree_matched,,NEURL1B,ATP1B1,ATP1B1|NEURL1B,False,cytoplasm,membrane;plasma_membrane,,True,True,False,True,True,False,False,False,0.24418,CRC,CRC|CRC_GSE166555_expression_Celltype_majorlineage|Epithelial
E3|A8MQ27|O15354,E3|A8MQ27,E3,A8MQ27,O15354,NEURL1B,GPR37,RING,0,neg2x_initial_degree_matched,,NEURL1B,GPR37,GPR37|NEURL1B,False,cytoplasm,endoplasmic_reticulum;membrane;plasma_membrane,,True,True,False,True,True,False,False,False,0.02749,LIHC,LIHC|LIHC_GSE146115_expression_Celltype_majorlineage|Malignant
E3|A8MQ27|O00763,E3|A8MQ27,E3,A8MQ27,O00763,NEURL1B,ACACB,RING,0,neg2x_initial_degree_matched,,NEURL1B,ACACB,ACACB|NEURL1B,False,cytoplasm,mitochondrion,,True,True,False,True,True,False,False,False,0.22795,CRC,CRC|CRC_GSE166555_expression_Celltype_majorlineage|Endothelial
E3|A8MQ27|P43699,E3|A8MQ27,E3,A8MQ27,P43699,NEURL1B,NKX2-1,RING,0,neg2x_initial_degree_matched,,NEURL1B,NKX2-1,NEURL1B|NKX2-1,False,cytoplasm,nucleus,,True,True,False,True,False,False,False,False,0.00256,CRC,CRC|CRC_EMTAB8107_expression_Celltype_majorlineage|Malignant
E3|B3SRS0|Q96KG9,E3|B3SRS0,E3,B3SRS0,Q96KG9,,SCYL1,Other,0,neg2x_initial_degree_matched,,,SCYL1,,False,,cytoplasm;cytoskeleton;endoplasmic_reticulum;golgi;nucleus,,False,True,False,False,False,False,False,False,0.0,CRC,NA
E3|B3SRS0|Q86VP3,E3|B3SRS0,E3,B3SRS0,Q86VP3,,PACS2,Other,0,neg2x_initial_degree_matched,,,PACS2,,False,,endoplasmic_reticulum;mitochondrion,,False,True,False,False,False,False,False,False,0.0,CRC,NA
E3|O00308|Q04771,E3|O00308,E3,O00308,Q04771,WWP2,ACVR1,HECT,0,neg2x_initial_degree_matched,,WWP2,ACVR1,ACVR1|WWP2,False,nucleus,membrane,,True,True,False,True,True,False,False,False,0.16523,CRC,CRC|CRC_GSE146771_Smartseq2_expression_Celltype_majorlineage|Fibroblasts
E3|O00308|Q8NBP7,E3|O00308,E3,O00308,Q8NBP7,WWP2,PCSK9,HECT,0,neg2x_initial_degree_matched,,WWP2,PCSK9,PCSK9|WWP2,False,nucleus,cytoplasm;endoplasmic_reticulum;endosome;extracellular;golgi;lysosome;plasma_membrane,,True,True,False,True,True,False,False,False,0.19885,CRC,CRC|CRC_GSE139555_expression_Celltype_majorlineage|Myofibroblasts
E3|O00308|Q16537,E3|O00308,E3,O00308,Q16537,WWP2,PPP2R5E,HECT,0,neg2x_initial_degree_matched,,WWP2,PPP2R5E,PPP2R5E|WWP2,False,nucleus,cytoplasm,,True,True,False,True,True,False,False,False,0.31299,LIHC,LIHC|LIHC_GSE98638_expression_Celltype_majorlineage|Tprolif
E3|O00308|P78380,E3|O00308,E3,O00308,P78380,WWP2,OLR1,HECT,0,neg2x_initial_degree_matched,,WWP2,OLR1,OLR1|WWP2,False,nucleus,extracellular;membrane;plasma_membrane,,True,True,False,True,True,False,False,False,0.41968,CRC,CRC|CRC_GSE146771_Smartseq2_expression_Celltype_majorlineage|Mono/Macro
E3|O00308|Q96HE7,E3|O00308,E3,O00308,Q96HE7,WWP2,ERO1A,HECT,0,neg2x_initial_degree_matched,,WWP2,ERO1A,ERO1A|WWP2,False,nucleus,endoplasmic_reticulum;extracellular;golgi;membrane,,True,True,False,True,True,False,False,False,0.24701,CRC,CRC|CRC_GSE146771_Smartseq2_expression_Celltype_majorlineage|Tprolif
E3|O00308|P56750,E3|O00308,E3,O00308,P56750,WWP2,CLDN17,HECT,0,neg2x_initial_degree_matched,,WWP2,CLDN17,CLDN17|WWP2,False,nucleus,cell_junction;membrane;plasma_membrane,,True,True,False,False,False,False,False,False,0.0,CRC,NA
E3|O00308|Q12959,E3|O00308,E3,O00308,Q12959,WWP2,DLG1,HECT,0,neg2x_initial_degree_matched,,WWP2,DLG1,DLG1|WWP2,False,nucleus,cell_junction;cytoplasm;endoplasmic_reticulum;membrane;plasma_membrane,,True,True,False,True,True,False,False,False,0.22393,CRC,CRC|CRC_GSE146771_Smartseq2_expression_Celltype_majorlineage|Endothelial
E3|O00308|P49757,E3|O00308,E3,O00308,P49757,WWP2,NUMB,HECT,0,neg2x_initial_degree_matched,,WWP2,NUMB,NUMB|WWP2,False,nucleus,cytoplasm;endosome;membrane;plasma_membrane,,True,True,False,True,True,False,False,False,0.43317,LIHC,LIHC|LIHC_GSE98638_expression_Celltype_majorlineage|Tprolif
E3|O00308|O95502,E3|O00308,E3,O00308,O95502,WWP2,NPTXR,HECT,0,neg2x_initial_degree_matched,,WWP2,NPTXR,NPTXR|WWP2,False,nucleus,membrane,,True,True,False,True,True,False,False,False,0.13536,LIHC,LIHC|LIHC_GSE146115_expression_Celltype_majorlineage|Malignant
E3|O00308|Q01813,E3|O00308,E3,O00308,Q01813,WWP2,PFKP,HECT,0,neg2x_initial_degree_matched,,WWP2,PFKP,PFKP|WWP2,False,nucleus,cytoplasm,,True,True,False,True,True,False,False,False,0.44413,LIHC,LIHC|LIHC_GSE98638_expression_Celltype_majorlineage|Tprolif
E3|O00308|Q16620,E3|O00308,E3,O00308,Q16620,WWP2,NTRK2,HECT,0,neg2x_initial_degree_matched,,WWP2,NTRK2,NTRK2|WWP2,False,nucleus,cytoplasm;endosome;membrane;plasma_membrane,,True,True,False,True,True,False,False,False,0.17453,LIHC,LIHC|LIHC_GSE140228_Smartseq2_expression_Celltype_majorlineage|Mast
E3|O00308|Q96BN8,E3|O00308,E3,O00308,Q96BN8,WWP2,OTULIN,HECT,0,neg2x_initial_degree_matched,,WWP2,OTULIN,OTULIN|WWP2,False,nucleus,cytoplasm,,True,True,False,True,True,False,False,False,0.23936,CRC,CRC|CRC_GSE146771_Smartseq2_expression_Celltype_majorlineage|CD8Tex
E3|O00308|O00418,E3|O00308,E3,O00308,O00418,WWP2,EEF2K,HECT,0,neg2x_initial_degree_matched,,WWP2,EEF2K,EEF2K|WWP2,False,nucleus,,,True,False,False,True,True,False,False,False,0.16561,CRC,CRC|CRC_GSE108989_expression_Celltype_majorlineage|Treg
E3|O00623|Q01094,E3|O00623,E3,O00623,Q01094,PEX12,E2F1,RING,0,neg2x_initial_degree_matched,,PEX12,E2F1,E2F1|PEX12,False,membrane;peroxisome,nucleus,,True,True,False,True,True,False,False,False,0.0592,LIHC,LIHC|LIHC_GSE140228_Smartseq2_expression_Celltype_majorlineage|Tprolif
E3|O00623|O15111,E3|O00623,E3,O00623,O15111,PEX12,CHUK,RING,0,neg2x_initial_degree_matched,,PEX12,CHUK,CHUK|PEX12,False,membrane;peroxisome,cytoplasm;nucleus,,True,True,False,True,True,False,False,False,0.0592,LIHC,LIHC|LIHC_GSE140228_Smartseq2_expression_Celltype_majorlineage|Tprolif
E3|O00635|Q13887,E3|O00635,E3,O00635,Q13887,TRIM38,KLF5,RING,0,neg2x_initial_degree_matched,,TRIM38,KLF5,KLF5|TRIM38,False,cytoplasm,nucleus,,True,True,False,True,True,False,False,False,0.39414,CRC,CRC|CRC_GSE166555_expression_Celltype_majorlineage|Malignant
E3|O00635|P00533,E3|O00635,E3,O00635,P00533,TRIM38,EGFR,RING,0,neg2x_initial_degree_matched,,TRIM38,EGFR,EGFR|TRIM38,False,cytoplasm,endoplasmic_reticulum;endosome;extracellular;golgi;membrane;nucleus;plasma_membrane,,True,True,False,True,True,False,False,False,0.32864,CRC,CRC|CRC_GSE166555_expression_Celltype_majorlineage|Epithelial
E3|O14508|P41182,E3|O14508,E3,O14508,P41182,SOCS2,BCL6,Other,0,neg2x_initial_degree_matched,,SOCS2,BCL6,BCL6|SOCS2,False,cytoplasm,nucleus,,True,True,False,True,True,False,False,False,0.24966,LIHC,LIHC|LIHC_GSE140228_Smartseq2_expression_Celltype_majorlineage|Mast
E3|O14508|Q70SY1,E3|O14508,E3,O14508,Q70SY1,SOCS2,CREB3L2,Other,0,neg2x_initial_degree_matched,,SOCS2,CREB3L2,CREB3L2|SOCS2,False,cytoplasm,endoplasmic_reticulum;golgi;membrane;nucleus,,True,True,False,True,True,False,False,False,0.32353,CRC,CRC|CRC_EMTAB8107_expression_Celltype_majorlineage|Enteric glial
E3|O14508|P61587,E3|O14508,E3,O14508,P61587,SOCS2,RND3,Other,0,neg2x_initial_degree_matched,,SOCS2,RND3,RND3|SOCS2,False,cytoplasm,golgi;membrane,,True,True,False,True,True,False,False,False,0.34926,LIHC,LIHC|LIHC_GSE166635_expression_Celltype_majorlineage|Endothelial
E3|O14543|Q03060,E3|O14543,E3,O14543,Q03060,SOCS3,CREM,SOCS_VHL_BC-box,0,neg2x_initial_degree_matched,,SOCS3,CREM,CREM|SOCS3,False,,cytoplasm;nucleus,,False,True,False,True,True,True,False,True,1.03225,CRC,CRC|CRC_GSE166555_expression_Celltype_majorlineage|DC
E3|O14543|Q9P055,E3|O14543,E3,O14543,Q9P055,SOCS3,JKAMP,SOCS_VHL_BC-box,0,neg2x_initial_degree_matched,,SOCS3,JKAMP,JKAMP|SOCS3,False,,endoplasmic_reticulum;membrane,,False,True,False,True,True,False,False,False,0.51593,CRC,CRC|CRC_GSE146771_Smartseq2_expression_Celltype_majorlineage|Fibroblasts
E3|O14543|P55895,E3|O14543,E3,O14543,P55895,SOCS3,RAG2,SOCS_VHL_BC-box,0,neg2x_initial_degree_matched,,SOCS3,RAG2,RAG2|SOCS3,False,,nucleus,,False,True,False,True,True,False,False,False,0.0032,LIHC,LIHC|LIHC_GSE140228_Smartseq2_expression_Celltype_majorlineage|Mono/Macro
E3|O14543|Q99717,E3|O14543,E3,O14543,Q99717,SOCS3,SMAD5,SOCS_VHL_BC-box,0,neg2x_initial_degree_matched,,SOCS3,SMAD5,SMAD5|SOCS3,False,,cytoplasm;mitochondrion;nucleus,,False,True,False,True,True,False,False,False,0.49911,LIHC,LIHC|LIHC_GSE166635_expression_Celltype_majorlineage|Endothelial
E3|O14543|P35555,E3|O14543,E3,O14543,P35555,SOCS3,FBN1,SOCS_VHL_BC-box,0,neg2x_initial_degree_matched,,SOCS3,FBN1,FBN1|SOCS3,False,,extracellular,,False,True,False,True,True,True,False,True,1.03751,CRC,CRC|CRC_GSE166555_expression_Celltype_majorlineage|Fibroblasts
E3|O14543|P33993,E3|O14543,E3,O14543,P33993,SOCS3,MCM7,SOCS_VHL_BC-box,0,neg2x_initial_degree_matched,,SOCS3,MCM7,MCM7|SOCS3,False,,nucleus,,False,True,False,True,True,False,False,False,0.52548,CRC,CRC|CRC_GSE166555_expression_Celltype_majorlineage|Tprolif
E3|O14543|Q7Z698,E3|O14543,E3,O14543,Q7Z698,SOCS3,SPRED2,SOCS_VHL_BC-box,0,neg2x_initial_degree_matched,,SOCS3,SPRED2,SOCS3|SPRED2,False,,cytoplasm;membrane;plasma_membrane;vesicle,,False,True,False,True,True,False,False,False,0.24195,LIHC,LIHC|LIHC_GSE179795_expression_Celltype_majorlineage|Mono/Macro
E3|O14543|Q13535,E3|O14543,E3,O14543,Q13535,SOCS3,ATR,SOCS_VHL_BC-box,0,neg2x_initial_degree_matched,,SOCS3,ATR,ATR|SOCS3,False,,nucleus,,False,True,False,True,True,False,False,False,0.35152,LIHC,LIHC|LIHC_GSE140228_Smartseq2_expression_Celltype_majorlineage|DC
E3|O14543|Q8IZ07,E3|O14543,E3,O14543,Q8IZ07,SOCS3,ANKRD13A,SOCS_VHL_BC-box,0,neg2x_initial_degree_matched,,SOCS3,ANKRD13A,ANKRD13A|SOCS3,False,,endosome;membrane;plasma_membrane,,False,True,False,True,True,False,False,False,0.40163,CRC,CRC|CRC_GSE166555_expression_Celltype_majorlineage|B
E3|O14544|Q96FJ0,E3|O14544,E3,O14544,Q96FJ0,SOCS6,STAMBPL1,SOCS_VHL_BC-box,0,neg2x_initial_degree_matched,,SOCS6,STAMBPL1,SOCS6|STAMBPL1,False,,,,False,False,False,True,True,False,False,False,0.09506,LIHC,LIHC|LIHC_GSE140228_Smartseq2_expression_Celltype_majorlineage|Mast
E3|O15151|Q96EQ8,E3|O15151,E3,O15151,Q96EQ8,MDM4,RNF125,RING,0,neg2x_initial_degree_matched,,MDM4,RNF125,MDM4|RNF125,False,nucleus,golgi;membrane;plasma_membrane,,True,True,False,True,True,False,False,False,0.71154,LIHC,LIHC|LIHC_GSE140228_Smartseq2_expression_Celltype_majorlineage|NK
E3|O15151|Q8NEB9,E3|O15151,E3,O15151,Q8NEB9,MDM4,PIK3C3,RING,0,neg2x_initial_degree_matched,,MDM4,PIK3C3,MDM4|PIK3C3,False,nucleus,cytoplasm;endosome;vesicle,,True,True,False,True,True,False,False,False,0.33232,LIHC,LIHC|LIHC_GSE98638_expression_Celltype_majorlineage|Treg
E3|O15151|O60486,E3|O15151,E3,O15151,O60486,MDM4,PLXNC1,RING,0,neg2x_initial_degree_matched,,MDM4,PLXNC1,MDM4|PLXNC1,False,nucleus,membrane,,True,True,False,True,True,False,False,False,0.53846,CRC,CRC|CRC_GSE166555_expression_Celltype_majorlineage|DC
E3|O15151|Q16589,E3|O15151,E3,O15151,Q16589,MDM4,CCNG2,RING,0,neg2x_initial_degree_matched,,MDM4,CCNG2,CCNG2|MDM4,False,nucleus,cytoplasm,,True,True,False,True,True,False,False,False,0.30772,LIHC,LIHC|LIHC_GSE98638_expression_Celltype_majorlineage|Treg
E3|O15304|Q15386,E3|O15304,E3,O15304,Q15386,SIVA1,UBE3C,Other,0,neg2x_initial_degree_matched,,SIVA1,UBE3C,SIVA1|UBE3C,False,cytoplasm;nucleus,,,True,False,False,True,True,False,False,False,0.26487,CRC,CRC|CRC_GSE166555_expression_Celltype_majorlineage|Endothelial
E3|O15304|O43511,E3|O15304,E3,O15304,O43511,SIVA1,SLC26A4,Other,0,neg2x_initial_degree_matched,,SIVA1,SLC26A4,SIVA1|SLC26A4,False,cytoplasm;nucleus,membrane;plasma_membrane,,True,True,False,True,True,False,False,False,0.17179,LIHC,LIHC|LIHC_GSE146115_expression_Celltype_majorlineage|CD8T
E3|O15344|Q96KB5,E3|O15344,E3,O15344,Q96KB5,MID1,PBK,RING,0,neg2x_initial_degree_matched,,MID1,PBK,MID1|PBK,False,cytoplasm;cytoskeleton,,,True,False,False,True,True,False,False,False,0.10182,CRC,CRC|CRC_GSE166555_expression_Celltype_majorlineage|Malignant
E3|O15344|Q8WXF7,E3|O15344,E3,O15344,Q8WXF7,MID1,ATL1,RING,0,neg2x_initial_degree_matched,,MID1,ATL1,ATL1|MID1,False,cytoplasm;cytoskeleton,endoplasmic_reticulum;golgi;membrane,,True,True,False,True,True,False,False,False,0.09521,CRC,CRC|CRC_GSE166555_expression_Celltype_majorlineage|Fibroblasts
E3|O15344|Q9NV92,E3|O15344,E3,O15344,Q9NV92,MID1,NDFIP2,RING,0,neg2x_initial_degree_matched,,MID1,NDFIP2,MID1|NDFIP2,False,cytoplasm;cytoskeleton,endosome;golgi;membrane,,True,True,False,True,True,False,False,False,0.341,CRC,CRC|CRC_GSE139555_expression_Celltype_majorlineage|Myofibroblasts
E3|O15344|O75473,E3|O15344,E3,O15344,O75473,MID1,LGR5,RING,0,neg2x_initial_degree_matched,,MID1,LGR5,LGR5|MID1,False,cytoplasm;cytoskeleton,golgi;membrane;plasma_membrane,,True,True,False,True,True,False,False,False,0.341,CRC,CRC|CRC_GSE139555_expression_Celltype_majorlineage|Myofibroblasts
E3|O15344|P06127,E3|O15344,E3,O15344,P06127,MID1,CD5,RING,0,neg2x_initial_degree_matched,,MID1,CD5,CD5|MID1,False,cytoplasm;cytoskeleton,membrane;plasma_membrane,,True,True,False,True,True,False,False,False,0.07456,CRC,CRC|CRC_GSE139555_expression_Celltype_majorlineage|Myofibroblasts
E3|O15344|P42336,E3|O15344,E3,O15344,P42336,MID1,PIK3CA,RING,0,neg2x_initial_degree_matched,,MID1,PIK3CA,MID1|PIK3CA,False,cytoplasm;cytoskeleton,,,True,False,False,True,True,False,False,False,0.25431,CRC,CRC|CRC_GSE166555_expression_Celltype_majorlineage|Endothelial
E3|O15344|P80192,E3|O15344,E3,O15344,P80192,MID1,MAP3K9,RING,0,neg2x_initial_degree_matched,,MID1,MAP3K9,MAP3K9|MID1,False,cytoplasm;cytoskeleton,,,True,False,False,True,True,False,False,False,0.08134,LIHC,LIHC|LIHC_GSE146115_expression_Celltype_majorlineage|Malignant
E3|O15344|P46109,E3|O15344,E3,O15344,P46109,MID1,CRKL,RING,0,neg2x_initial_degree_matched,,MID1,CRKL,CRKL|MID1,False,cytoplasm;cytoskeleton,,,True,False,False,True,True,False,False,False,0.18781,CRC,CRC|CRC_GSE139555_expression_Celltype_majorlineage|Myofibroblasts
E3|O15524|P10523,E3|O15524,E3,O15524,P10523,SOCS1,SAG,SOCS_VHL_BC-box,0,neg2x_initial_degree_matched,,SOCS1,SAG,SAG|SOCS1,False,cytoplasm;nucleus;vesicle,membrane,,True,True,False,True,True,False,False,False,0.0283,CRC,CRC|CRC_GSE146771_Smartseq2_expression_Celltype_majorlineage|Mast
E3|O15524|P0C209,E3|O15524,E3,O15524,P0C209,SOCS1,gag,SOCS_VHL_BC-box,0,neg2x_initial_degree_matched,,SOCS1,GAG,GAG|SOCS1,False,cytoplasm;nucleus;vesicle,,,True,False,False,False,False,False,False,False,0.0,CRC,NA
E3|O15524|Q8N907,E3|O15524,E3,O15524,Q8N907,SOCS1,DAND5,SOCS_VHL_BC-box,0,neg2x_initial_degree_matched,,SOCS1,DAND5,DAND5|SOCS1,False,cytoplasm;nucleus;vesicle,extracellular;mitochondrion,,True,True,False,True,True,False,False,False,0.01682,CRC,CRC|CRC_GSE166555_expression_Celltype_majorlineage|Endothelial
E3|O15524|P55211,E3|O15524,E3,O15524,P55211,SOCS1,CASP9,SOCS_VHL_BC-box,0,neg2x_initial_degree_matched,,SOCS1,CASP9,CASP9|SOCS1,False,cytoplasm;nucleus;vesicle,,,True,False,False,True,True,False,False,False,0.16516,LIHC,LIHC|LIHC_GSE179795_expression_Celltype_majorlineage|ILC
E3|O43164|Q9H2A3,E3|O43164,E3,O43164,Q9H2A3,PJA2,NEUROG2,RING,0,neg2x_initial_degree_matched,,PJA2,NEUROG2,NEUROG2|PJA2,False,cytoplasm;cytoskeleton;endoplasmic_reticulum;golgi;membrane;plasma_membrane,nucleus,,True,True,False,True,False,False,False,False,0.0027,CRC,CRC|CRC_GSE166555_expression_Celltype_majorlineage|Malignant
E3|O43164|O43395,E3|O43164,E3,O43164,O43395,PJA2,PRPF3,RING,0,neg2x_initial_degree_matched,,PJA2,PRPF3,PJA2|PRPF3,False,cytoplasm;cytoskeleton;endoplasmic_reticulum;golgi;membrane;plasma_membrane,nucleus,,True,True,False,True,True,False,False,False,0.4366,LIHC,LIHC|LIHC_GSE98638_expression_Celltype_majorlineage|Tprolif
E3|O43164|Q9BVP2,E3|O43164,E3,O43164,Q9BVP2,PJA2,GNL3,RING,0,neg2x_initial_degree_matched,,PJA2,GNL3,GNL3|PJA2,False,cytoplasm;cytoskeleton;endoplasmic_reticulum;golgi;membrane;plasma_membrane,nucleus,,True,True,False,True,True,False,False,False,0.59306,LIHC,LIHC|LIHC_GSE146115_expression_Celltype_majorlineage|B
E3|O43255|P35613,E3|O43255,E3,O43255,P35613,SIAH2,BSG,RING,0,neg2x_initial_degree_matched,,SIAH2,BSG,BSG|SIAH2,False,cytoplasm;nucleus,endoplasmic_reticulum;endosome;membrane;plasma_membrane,,True,True,False,True,True,False,False,False,0.39277,LIHC,LIHC|LIHC_GSE179795_expression_Celltype_majorlineage|ILC
E3|O43255|P07333,E3|O43255,E3,O43255,P07333,SIAH2,CSF1R,RING,0,neg2x_initial_degree_matched,,SIAH2,CSF1R,CSF1R|SIAH2,False,cytoplasm;nucleus,membrane;plasma_membrane,,True,True,False,True,True,False,False,False,0.3237,CRC,CRC|CRC_GSE166555_expression_Celltype_majorlineage|DC
E3|O43255|Q13794,E3|O43255,E3,O43255,Q13794,SIAH2,PMAIP1,RING,0,neg2x_initial_degree_matched,,SIAH2,PMAIP1,PMAIP1|SIAH2,False,cytoplasm;nucleus,mitochondrion,,True,True,False,True,True,False,False,False,0.37187,CRC,CRC|CRC_GSE166555_expression_Celltype_majorlineage|Tprolif
E3|O43255|P22304,E3|O43255,E3,O43255,P22304,SIAH2,IDS,RING,0,neg2x_initial_degree_matched,,SIAH2,IDS,IDS|SIAH2,False,cytoplasm;nucleus,lysosome,,True,True,False,True,True,False,False,False,0.39277,LIHC,LIHC|LIHC_GSE179795_expression_Celltype_majorlineage|ILC
E3|O43255|Q96HE7,E3|O43255,E3,O43255,Q96HE7,SIAH2,ERO1A,RING,0,neg2x_initial_degree_matched,,SIAH2,ERO1A,ERO1A|SIAH2,False,cytoplasm;nucleus,endoplasmic_reticulum;extracellular;golgi;membrane,,True,True,False,True,True,False,False,False,0.37187,CRC,CRC|CRC_GSE166555_expression_Celltype_majorlineage|Tprolif
E3|O43255|Q3T906,E3|O43255,E3,O43255,Q3T906,SIAH2,GNPTAB,RING,0,neg2x_initial_degree_matched,,SIAH2,GNPTAB,GNPTAB|SIAH2,False,cytoplasm;nucleus,golgi;membrane,,True,True,False,True,True,False,False,False,0.37187,CRC,CRC|CRC_GSE166555_expression_Celltype_majorlineage|Tprolif
E3|O43255|P08100,E3|O43255,E3,O43255,P08100,SIAH2,RHO,RING,0,neg2x_initial_degree_matched,,SIAH2,RHO,RHO|SIAH2,False,cytoplasm;nucleus,membrane,,True,True,False,True,True,False,False,False,0.00205,CRC,CRC|CRC_GSE108989_expression_Celltype_majorlineage|CD4Tconv
E3|O43255|Q92851,E3|O43255,E3,O43255,Q92851,SIAH2,CASP10,RING,0,neg2x_initial_degree_matched,,SIAH2,CASP10,CASP10|SIAH2,False,cytoplasm;nucleus,,,True,False,False,True,True,False,False,False,0.20298,CRC,CRC|CRC_GSE146771_Smartseq2_expression_Celltype_majorlineage|Plasma
E3|O43255|P06576,E3|O43255,E3,O43255,P06576,SIAH2,ATP5F1B,RING,0,neg2x_initial_degree_matched,,SIAH2,ATP5F1B,ATP5F1B|SIAH2,False,cytoplasm;nucleus,membrane;mitochondrion,,True,True,False,True,True,False,False,False,0.39277,LIHC,LIHC|LIHC_GSE179795_expression_Celltype_majorlineage|ILC
E3|O43255|P04179,E3|O43255,E3,O43255,P04179,SIAH2,SOD2,RING,0,neg2x_initial_degree_matched,,SIAH2,SOD2,SIAH2|SOD2,False,cytoplasm;nucleus,mitochondrion,,True,True,False,True,True,False,False,False,0.38745,LIHC,LIHC|LIHC_GSE179795_expression_Celltype_majorlineage|ILC
E3|O43255|P01903,E3|O43255,E3,O43255,P01903,SIAH2,HLA-DRA,RING,0,neg2x_initial_degree_matched,,SIAH2,HLA-DRA,HLA-DRA|SIAH2,False,cytoplasm;nucleus,endoplasmic_reticulum;endosome;lysosome;membrane;plasma_membrane,,True,True,False,True,True,False,False,False,0.37187,CRC,CRC|CRC_GSE166555_expression_Celltype_majorlineage|Tprolif
E3|O43255|Q01959,E3|O43255,E3,O43255,Q01959,SIAH2,SLC6A3,RING,0,neg2x_initial_degree_matched,,SIAH2,SLC6A3,SIAH2|SLC6A3,False,cytoplasm;nucleus,membrane;plasma_membrane,,True,True,False,True,True,False,False,False,0.03611,LIHC,LIHC|LIHC_GSE140228_Smartseq2_expression_Celltype_majorlineage|Mast
E3|O43255|P01009,E3|O43255,E3,O43255,P01009,SIAH2,SERPINA1,RING,0,neg2x_initial_degree_matched,,SIAH2,SERPINA1,SERPINA1|SIAH2,False,cytoplasm;nucleus,endoplasmic_reticulum;extracellular,,True,True,False,True,True,False,False,False,0.3237,CRC,CRC|CRC_GSE166555_expression_Celltype_majorlineage|DC
E3|O43255|P20039,E3|O43255,E3,O43255,P20039,SIAH2,HLA-DRB1,RING,0,neg2x_initial_degree_matched,,SIAH2,HLA-DRB1,HLA-DRB1|SIAH2,False,cytoplasm;nucleus,,,True,False,False,True,True,False,False,False,0.37187,CRC,CRC|CRC_GSE166555_expression_Celltype_majorlineage|Tprolif
E3|O43255|P31645,E3|O43255,E3,O43255,P31645,SIAH2,SLC6A4,RING,0,neg2x_initial_degree_matched,,SIAH2,SLC6A4,SIAH2|SLC6A4,False,cytoplasm;nucleus,cell_junction;endosome;membrane;plasma_membrane,,True,True,False,True,True,False,False,False,0.20066,LIHC,LIHC|LIHC_GSE146115_expression_Celltype_majorlineage|Malignant
E3|O43255|P63252,E3|O43255,E3,O43255,P63252,SIAH2,KCNJ2,RING,0,neg2x_initial_degree_matched,,SIAH2,KCNJ2,KCNJ2|SIAH2,False,cytoplasm;nucleus,membrane;plasma_membrane,,True,True,False,True,True,False,False,False,0.13866,CRC,CRC|CRC_GSE166555_expression_Celltype_majorlineage|Mono/Macro
E3|O43663|Q5UEC6,E3|O43663,E3,O43663,Q5UEC6,PRC1,EB1,RING,0,neg2x_initial_degree_matched,,PRC1,EB1,EB1|PRC1,False,cytoplasm;cytoskeleton;nucleus,,,True,False,False,False,False,False,False,False,0.0,CRC,NA
E3|O43663|Q9BSA4,E3|O43663,E3,O43663,Q9BSA4,PRC1,TTYH2,RING,0,neg2x_initial_degree_matched,,PRC1,TTYH2,PRC1|TTYH2,False,cytoplasm;cytoskeleton;nucleus,membrane;plasma_membrane,,True,True,False,True,True,False,False,False,0.09794,LIHC,LIHC|LIHC_GSE140228_Smartseq2_expression_Celltype_majorlineage|DC
E3|O43663|P35613,E3|O43663,E3,O43663,P35613,PRC1,BSG,RING,0,neg2x_initial_degree_matched,,PRC1,BSG,BSG|PRC1,False,cytoplasm;cytoskeleton;nucleus,endoplasmic_reticulum;endosome;membrane;plasma_membrane,,True,True,False,True,True,False,False,False,0.83605,LIHC,LIHC|LIHC_GSE140228_Smartseq2_expression_Celltype_majorlineage|Tprolif
E3|O43734|P27986,E3|O43734,E3,O43734,P27986,TRAF3IP2,PIK3R1,UBOX,0,neg2x_initial_degree_matched,,TRAF3IP2,PIK3R1,PIK3R1|TRAF3IP2,False,,,,False,False,False,True,True,False,False,False,0.51986,LIHC,LIHC|LIHC_GSE146115_expression_Celltype_majorlineage|CD8T
E3|O43734|Q13563,E3|O43734,E3,O43734,Q13563,TRAF3IP2,PKD2,UBOX,0,neg2x_initial_degree_matched,,TRAF3IP2,PKD2,PKD2|TRAF3IP2,False,,cytoplasm;endoplasmic_reticulum;extracellular;golgi;membrane;plasma_membrane;vesicle,,False,True,False,True,True,False,False,False,0.16568,CRC,CRC|CRC_GSE166555_expression_Celltype_majorlineage|Endothelial
E3|O43791|P78380,E3|O43791,E3,O43791,P78380,SPOP,OLR1,Other,0,neg2x_initial_degree_matched,,SPOP,OLR1,OLR1|SPOP,False,cytoplasm;nucleus,extracellular;membrane;plasma_membrane,,True,True,False,True,True,False,False,False,0.42033,LIHC,LIHC|LIHC_GSE140228_Smartseq2_expression_Celltype_majorlineage|DC
E3|O43791|Q8IZ07,E3|O43791,E3,O43791,Q8IZ07,SPOP,ANKRD13A,Other,0,neg2x_initial_degree_matched,,SPOP,ANKRD13A,ANKRD13A|SPOP,False,cytoplasm;nucleus,endosome;membrane;plasma_membrane,,True,True,False,True,True,False,False,False,0.38373,LIHC,LIHC|LIHC_GSE146115_expression_Celltype_majorlineage|Tprolif
E3|O43791|P08107,E3|O43791,E3,O43791,P08107,SPOP,HSPA1A,Other,0,neg2x_initial_degree_matched,,SPOP,HSPA1A,HSPA1A|SPOP,False,cytoplasm;nucleus,,,True,False,False,True,True,False,False,False,0.57938,LIHC,LIHC|LIHC_GSE140228_Smartseq2_expression_Celltype_majorlineage|ILC
E3|O43791|P55036,E3|O43791,E3,O43791,P55036,SPOP,PSMD4,Other,0,neg2x_initial_degree_matched,,SPOP,PSMD4,PSMD4|SPOP,False,cytoplasm;nucleus,,,True,False,False,True,True,False,False,False,0.57938,LIHC,LIHC|LIHC_GSE140228_Smartseq2_expression_Celltype_majorlineage|ILC
E3|O43791|P06935,E3|O43791,E3,O43791,P06935,SPOP,,Other,0,neg2x_initial_degree_matched,,SPOP,,,False,cytoplasm;nucleus,,,True,False,False,False,False,False,False,False,0.0,CRC,NA
E3|O43791|P01911,E3|O43791,E3,O43791,P01911,SPOP,HLA-DRB1,Other,0,neg2x_initial_degree_matched,,SPOP,HLA-DRB1,HLA-DRB1|SPOP,False,cytoplasm;nucleus,endoplasmic_reticulum;endosome;lysosome;membrane;plasma_membrane,,True,True,False,True,True,False,False,False,0.57938,LIHC,LIHC|LIHC_GSE140228_Smartseq2_expression_Celltype_majorlineage|ILC
E3|O43791|P09467,E3|O43791,E3,O43791,P09467,SPOP,FBP1,Other,0,neg2x_initial_degree_matched,,SPOP,FBP1,FBP1|SPOP,False,cytoplasm;nucleus,,,True,False,False,True,True,False,False,False,0.4676,LIHC,LIHC|LIHC_GSE140228_Smartseq2_expression_Celltype_majorlineage|DC
E3|O43791|P23458,E3|O43791,E3,O43791,P23458,SPOP,JAK1,Other,0,neg2x_initial_degree_matched,,SPOP,JAK1,JAK1|SPOP,False,cytoplasm;nucleus,membrane,,True,True,False,True,True,False,False,False,0.57938,LIHC,LIHC|LIHC_GSE140228_Smartseq2_expression_Celltype_majorlineage|ILC
E3|O43791|Q6ZVM7,E3|O43791,E3,O43791,Q6ZVM7,SPOP,TOM1L2,Other,0,neg2x_initial_degree_matched,,SPOP,TOM1L2,SPOP|TOM1L2,False,cytoplasm;nucleus,,,True,False,False,True,True,False,False,False,0.18864,CRC,CRC|CRC_EMTAB8107_expression_Celltype_majorlineage|Enteric glial
E3|O43791|Q96D31,E3|O43791,E3,O43791,Q96D31,SPOP,ORAI1,Other,0,neg2x_initial_degree_matched,,SPOP,ORAI1,ORAI1|SPOP,False,cytoplasm;nucleus,endoplasmic_reticulum;membrane;plasma_membrane,,True,True,False,True,True,False,False,False,0.54007,CRC,CRC|CRC_GSE166555_expression_Celltype_majorlineage|Endothelial
E3|O43791|P42081,E3|O43791,E3,O43791,P42081,SPOP,CD86,Other,0,neg2x_initial_degree_matched,,SPOP,CD86,CD86|SPOP,False,cytoplasm;nucleus,membrane;plasma_membrane,,True,True,False,True,True,False,False,False,0.57938,LIHC,LIHC|LIHC_GSE140228_Smartseq2_expression_Celltype_majorlineage|ILC
E3|O43791|Q70CQ3,E3|O43791,E3,O43791,Q70CQ3,SPOP,USP30,Other,0,neg2x_initial_degree_matched,,SPOP,USP30,SPOP|USP30,False,cytoplasm;nucleus,membrane;mitochondrion,,True,True,False,True,True,False,False,False,0.14957,CRC,CRC|CRC_GSE146771_Smartseq2_expression_Celltype_majorlineage|Tprolif
E3|O43791|Q9UHN6,E3|O43791,E3,O43791,Q9UHN6,SPOP,CEMIP2,Other,0,neg2x_initial_degree_matched,,SPOP,CEMIP2,CEMIP2|SPOP,False,cytoplasm;nucleus,membrane;plasma_membrane,,True,True,False,True,True,False,False,False,0.54007,CRC,CRC|CRC_GSE166555_expression_Celltype_majorlineage|Endothelial
E3|O43791|Q8N6P7,E3|O43791,E3,O43791,Q8N6P7,SPOP,IL22RA1,Other,0,neg2x_initial_degree_matched,,SPOP,IL22RA1,IL22RA1|SPOP,False,cytoplasm;nucleus,membrane;plasma_membrane,,True,True,False,True,True,False,False,False,0.16707,CRC,CRC|CRC_GSE166555_expression_Celltype_majorlineage|Epithelial
E3|O43791|Q15011,E3|O43791,E3,O43791,Q15011,SPOP,HERPUD1,Other,0,neg2x_initial_degree_matched,,SPOP,HERPUD1,HERPUD1|SPOP,False,cytoplasm;nucleus,endoplasmic_reticulum;membrane,,True,True,False,True,True,False,False,False,0.57938,LIHC,LIHC|LIHC_GSE140228_Smartseq2_expression_Celltype_majorlineage|ILC
E3|O60260|Q8NEG5,E3|O60260,E3,O60260,Q8NEG5,PARK2,ZSWIM2,RING,0,neg2x_initial_degree_matched,,PARK2,ZSWIM2,PARK2|ZSWIM2,False,cytoplasm;endoplasmic_reticulum;membrane;mitochondrion;nucleus,,,True,False,False,True,True,False,False,False,0.00223,LIHC,LIHC|LIHC_GSE140228_Smartseq2_expression_Celltype_majorlineage|Mono/Macro
E3|O60260|O00418,E3|O60260,E3,O60260,O00418,PARK2,EEF2K,RING,0,neg2x_initial_degree_matched,,PARK2,EEF2K,EEF2K|PARK2,False,cytoplasm;endoplasmic_reticulum;membrane;mitochondrion;nucleus,,,True,False,False,True,True,False,False,False,0.04593,CRC,CRC|CRC_GSE146771_Smartseq2_expression_Celltype_majorlineage|Mast
E3|O60260|P04085,E3|O60260,E3,O60260,P04085,PARK2,PDGFA,RING,0,neg2x_initial_degree_matched,,PARK2,PDGFA,PARK2|PDGFA,False,cytoplasm;endoplasmic_reticulum;membrane;mitochondrion;nucleus,extracellular,,True,True,False,True,True,False,False,False,0.06943,CRC,CRC|CRC_GSE146771_Smartseq2_expression_Celltype_majorlineage|Fibroblasts
E3|O60260|P80192,E3|O60260,E3,O60260,P80192,PARK2,MAP3K9,RING,0,neg2x_initial_degree_matched,,PARK2,MAP3K9,MAP3K9|PARK2,False,cytoplasm;endoplasmic_reticulum;membrane;mitochondrion;nucleus,,,True,False,False,True,True,False,False,False,0.05073,CRC,CRC|CRC_GSE139555_expression_Celltype_majorlineage|Myofibroblasts
E3|O60260|Q569H4,E3|O60260,E3,O60260,Q569H4,PARK2,PRR16,RING,0,neg2x_initial_degree_matched,,PARK2,PRR16,PARK2|PRR16,False,cytoplasm;endoplasmic_reticulum;membrane;mitochondrion;nucleus,,,True,False,False,True,True,False,False,False,0.06943,CRC,CRC|CRC_GSE146771_Smartseq2_expression_Celltype_majorlineage|Fibroblasts
E3|O60260|P05777,E3|O60260,E3,O60260,P05777,PARK2,M,RING,0,neg2x_initial_degree_matched,,PARK2,M,M|PARK2,False,cytoplasm;endoplasmic_reticulum;membrane;mitochondrion;nucleus,,,True,False,False,False,False,False,False,False,0.0,CRC,NA
E3|O60260|Q92918,E3|O60260,E3,O60260,Q92918,PARK2,MAP4K1,RING,0,neg2x_initial_degree_matched,,PARK2,MAP4K1,MAP4K1|PARK2,False,cytoplasm;endoplasmic_reticulum;membrane;mitochondrion;nucleus,,,True,False,False,True,True,False,False,False,0.04593,CRC,CRC|CRC_GSE146771_Smartseq2_expression_Celltype_majorlineage|Mast
E3|O60260|Q14324,E3|O60260,E3,O60260,Q14324,PARK2,MYBPC2,RING,0,neg2x_initial_degree_matched,,PARK2,MYBPC2,MYBPC2|PARK2,False,cytoplasm;endoplasmic_reticulum;membrane;mitochondrion;nucleus,,,True,False,False,True,True,False,False,False,0.01454,LIHC,LIHC|LIHC_GSE140228_Smartseq2_expression_Celltype_majorlineage|B
E3|O60260|Q15726,E3|O60260,E3,O60260,Q15726,PARK2,KISS1,RING,0,neg2x_initial_degree_matched,,PARK2,KISS1,KISS1|PARK2,False,cytoplasm;endoplasmic_reticulum;membrane;mitochondrion;nucleus,extracellular,,True,True,False,True,True,False,False,False,0.01065,LIHC,LIHC|LIHC_GSE166635_expression_Celltype_majorlineage|Malignant
E3|O60260|P14076,E3|O60260,E3,O60260,P14076,PARK2,gag,RING,0,neg2x_initial_degree_matched,,PARK2,GAG,GAG|PARK2,False,cytoplasm;endoplasmic_reticulum;membrane;mitochondrion;nucleus,,,True,False,False,False,False,False,False,False,0.0,CRC,NA
E3|O60260|P43360,E3|O60260,E3,O60260,P43360,PARK2,MAGEA6,RING,0,neg2x_initial_degree_matched,,PARK2,MAGEA6,MAGEA6|PARK2,False,cytoplasm;endoplasmic_reticulum;membrane;mitochondrion;nucleus,,,True,False,False,True,True,False,False,False,0.00389,CRC,CRC|CRC_EMTAB8107_expression_Celltype_majorlineage|Mast
E3|O60337|Q9P2X3,E3|O60337,E3,O60337,Q9P2X3,MARCHF6,IMPACT,RING,0,neg2x_initial_degree_matched,,MARCHF6,IMPACT,IMPACT|MARCHF6,False,endoplasmic_reticulum;membrane,cytoplasm,,True,True,False,False,False,False,False,False,0.0,CRC,NA
E3|O60337|Q8TCG1,E3|O60337,E3,O60337,Q8TCG1,MARCHF6,CIP2A,RING,0,neg2x_initial_degree_matched,,MARCHF6,CIP2A,CIP2A|MARCHF6,False,endoplasmic_reticulum;membrane,cytoplasm;nucleus,,True,True,False,False,False,False,False,False,0.0,CRC,NA
E3|O60337|Q9NYY3,E3|O60337,E3,O60337,Q9NYY3,MARCHF6,PLK2,RING,0,neg2x_initial_degree_matched,,MARCHF6,PLK2,MARCHF6|PLK2,False,endoplasmic_reticulum;membrane,cytoplasm;cytoskeleton,,True,True,False,False,False,False,False,False,0.0,CRC,NA
E3|O60337|P62993,E3|O60337,E3,O60337,P62993,MARCHF6,GRB2,RING,0,neg2x_initial_degree_matched,,MARCHF6,GRB2,GRB2|MARCHF6,False,endoplasmic_reticulum;membrane,cytoplasm;endosome;golgi;nucleus,,True,True,False,False,False,False,False,False,0.0,CRC,NA
E3|O60683|P49327,E3|O60683,E3,O60683,P49327,PEX10,FASN,RING,0,neg2x_initial_degree_matched,,PEX10,FASN,FASN|PEX10,False,membrane;peroxisome,cytoplasm,,True,True,False,True,True,False,False,False,0.10103,CRC,CRC|CRC_GSE139555_expression_Celltype_majorlineage|Myofibroblasts
E3|O60784|P49450,E3|O60784,E3,O60784,P49450,TOM1,CENPA,Other,0,neg2x_initial_degree_matched,,TOM1,CENPA,CENPA|TOM1,False,cytoplasm;endosome;membrane,nucleus,,True,True,False,True,True,False,False,False,0.21916,LIHC,LIHC|LIHC_GSE98638_expression_Celltype_majorlineage|Tprolif
E3|O60784|Q9Y657,E3|O60784,E3,O60784,Q9Y657,TOM1,SPIN1,Other,0,neg2x_initial_degree_matched,,TOM1,SPIN1,SPIN1|TOM1,False,cytoplasm;endosome;membrane,nucleus,,True,True,False,True,True,False,False,False,0.29578,CRC,CRC|CRC_GSE146771_Smartseq2_expression_Celltype_majorlineage|Fibroblasts
E3|O60858|P83916,E3|O60858,E3,O60858,P83916,TRIM13,CBX1,RING,0,neg2x_initial_degree_matched,,TRIM13,CBX1,CBX1|TRIM13,False,endoplasmic_reticulum;membrane,nucleus,,True,True,False,True,True,False,False,False,0.25162,LIHC,LIHC|LIHC_GSE98638_expression_Celltype_majorlineage|Tprolif
E3|O60858|Q9NS91,E3|O60858,E3,O60858,Q9NS91,TRIM13,RAD18,RING,0,neg2x_initial_degree_matched,,TRIM13,RAD18,RAD18|TRIM13,False,endoplasmic_reticulum;membrane,cytoplasm;cytoskeleton;nucleus,,True,True,False,True,True,False,False,False,0.39851,CRC,CRC|CRC_GSE108989_expression_Celltype_majorlineage|Tprolif
E3|O60858|P19419,E3|O60858,E3,O60858,P19419,TRIM13,ELK1,RING,0,neg2x_initial_degree_matched,,TRIM13,ELK1,ELK1|TRIM13,False,endoplasmic_reticulum;membrane,nucleus,,True,True,False,True,True,False,False,False,0.22271,CRC,CRC|CRC_GSE108989_expression_Celltype_majorlineage|Tprolif
E3|O60858|Q9UPN4,E3|O60858,E3,O60858,Q9UPN4,TRIM13,CEP131,RING,0,neg2x_initial_degree_matched,,TRIM13,CEP131,CEP131|TRIM13,False,endoplasmic_reticulum;membrane,cytoplasm;cytoskeleton;golgi;vesicle,,True,True,False,True,True,False,False,False,0.0666,LIHC,LIHC|LIHC_GSE140228_Smartseq2_expression_Celltype_majorlineage|Tprolif
E3|O60858|Q8NEA6,E3|O60858,E3,O60858,Q8NEA6,TRIM13,GLIS3,RING,0,neg2x_initial_degree_matched,,TRIM13,GLIS3,GLIS3|TRIM13,False,endoplasmic_reticulum;membrane,nucleus,,True,True,False,True,True,False,False,False,0.17291,LIHC,LIHC|LIHC_GSE166635_expression_Celltype_majorlineage|Endothelial
E3|O60858|O95149,E3|O60858,E3,O60858,O95149,TRIM13,SNUPN,RING,0,neg2x_initial_degree_matched,,TRIM13,SNUPN,SNUPN|TRIM13,False,endoplasmic_reticulum;membrane,cytoplasm;nucleus,,True,True,False,True,True,False,False,False,0.24588,LIHC,LIHC|LIHC_GSE140228_Smartseq2_expression_Celltype_majorlineage|Tprolif
E3|O60858|Q9BXS6,E3|O60858,E3,O60858,Q9BXS6,TRIM13,NUSAP1,RING,0,neg2x_initial_degree_matched,,TRIM13,NUSAP1,NUSAP1|TRIM13,False,endoplasmic_reticulum;membrane,cytoplasm;cytoskeleton;nucleus,,True,True,False,True,True,False,False,False,0.45846,LIHC,LIHC|LIHC_GSE98638_expression_Celltype_majorlineage|Tprolif
E3|O60858|Q15233,E3|O60858,E3,O60858,Q15233,TRIM13,NONO,RING,0,neg2x_initial_degree_matched,,TRIM13,NONO,NONO|TRIM13,False,endoplasmic_reticulum;membrane,nucleus,,True,True,False,True,True,False,False,False,0.45846,LIHC,LIHC|LIHC_GSE98638_expression_Celltype_majorlineage|Tprolif
E3|O60858|Q8TCG1,E3|O60858,E3,O60858,Q8TCG1,TRIM13,CIP2A,RING,0,neg2x_initial_degree_matched,,TRIM13,CIP2A,CIP2A|TRIM13,False,endoplasmic_reticulum;membrane,cytoplasm;nucleus,,True,True,False,True,True,False,False,False,0.45846,LIHC,LIHC|LIHC_GSE98638_expression_Celltype_majorlineage|Tprolif
E3|O60858|P49959,E3|O60858,E3,O60858,P49959,TRIM13,MRE11,RING,0,neg2x_initial_degree_matched,,TRIM13,MRE11,MRE11|TRIM13,False,endoplasmic_reticulum;membrane,nucleus,,True,True,False,True,True,False,False,False,0.45846,LIHC,LIHC|LIHC_GSE98638_expression_Celltype_majorlineage|Tprolif
E3|O75150|Q9NR09,E3|O75150,E3,O75150,Q9NR09,RNF40,BIRC6,RING,0,neg2x_initial_degree_matched,,RNF40,BIRC6,BIRC6|RNF40,False,nucleus,cytoplasm;cytoskeleton;endosome;golgi;membrane,,True,True,False,True,True,False,False,False,0.36931,LIHC,LIHC|LIHC_GSE98638_expression_Celltype_majorlineage|Tprolif
E3|O75150|P10911,E3|O75150,E3,O75150,P10911,RNF40,MCF2,RING,0,neg2x_initial_degree_matched,,RNF40,MCF2,MCF2|RNF40,False,nucleus,cytoplasm;membrane;plasma_membrane,,True,True,False,True,True,False,False,False,0.01244,CRC,CRC|CRC_GSE146771_Smartseq2_expression_Celltype_majorlineage|Endothelial
E3|O75150|P61073,E3|O75150,E3,O75150,P61073,RNF40,CXCR4,RING,0,neg2x_initial_degree_matched,,RNF40,CXCR4,CXCR4|RNF40,False,nucleus,cell_junction;endosome;lysosome;membrane;plasma_membrane,,True,True,False,True,True,False,False,False,0.36931,LIHC,LIHC|LIHC_GSE98638_expression_Celltype_majorlineage|Tprolif
E3|O75150|P19367,E3|O75150,E3,O75150,P19367,RNF40,HK1,RING,0,neg2x_initial_degree_matched,,RNF40,HK1,HK1|RNF40,False,nucleus,cytoplasm;membrane;mitochondrion,,True,True,False,True,True,False,False,False,0.36931,LIHC,LIHC|LIHC_GSE98638_expression_Celltype_majorlineage|Tprolif
E3|O75159|P26006,E3|O75159,E3,O75159,P26006,SOCS5,ITGA3,SOCS_VHL_BC-box,0,neg2x_initial_degree_matched,,SOCS5,ITGA3,ITGA3|SOCS5,False,,membrane;plasma_membrane,,False,True,False,True,True,False,False,False,0.21066,CRC,CRC|CRC_GSE166555_expression_Celltype_majorlineage|Myofibroblasts
E3|O75159|P63165,E3|O75159,E3,O75159,P63165,SOCS5,SUMO1,SOCS_VHL_BC-box,0,neg2x_initial_degree_matched,,SOCS5,SUMO1,SOCS5|SUMO1,False,,cytoplasm;membrane;nucleus;plasma_membrane,,False,True,False,True,True,False,False,False,0.29323,CRC,CRC|CRC_GSE166555_expression_Celltype_majorlineage|Endothelial
E3|O75159|P41182,E3|O75159,E3,O75159,P41182,SOCS5,BCL6,SOCS_VHL_BC-box,0,neg2x_initial_degree_matched,,SOCS5,BCL6,BCL6|SOCS5,False,,nucleus,,False,True,False,True,True,False,False,False,0.25281,CRC,CRC|CRC_GSE166555_expression_Celltype_majorlineage|Myofibroblasts
E3|O75159|P49281,E3|O75159,E3,O75159,P49281,SOCS5,SLC11A2,SOCS_VHL_BC-box,0,neg2x_initial_degree_matched,,SOCS5,SLC11A2,SLC11A2|SOCS5,False,,endosome;extracellular;golgi;lysosome;membrane;mitochondrion;plasma_membrane;vesicle,,False,True,False,True,True,False,False,False,0.17317,CRC,CRC|CRC_GSE146771_Smartseq2_expression_Celltype_majorlineage|Fibroblasts
E3|O75382|Q9UKV5,E3|O75382,E3,O75382,Q9UKV5,TRIM3,AMFR,RING,0,neg2x_initial_degree_matched,,TRIM3,AMFR,AMFR|TRIM3,False,cytoplasm;endosome;golgi,endoplasmic_reticulum;membrane,,True,True,False,True,True,False,False,False,0.10232,CRC,CRC|CRC_GSE146771_Smartseq2_expression_Celltype_majorlineage|Fibroblasts
E3|O75592|Q5Y7A7,E3|O75592,E3,O75592,Q5Y7A7,MYCBP2,HLA-DRB1,RING,0,neg2x_initial_degree_matched,,MYCBP2,HLA-DRB1,HLA-DRB1|MYCBP2,False,cytoplasm;cytoskeleton;nucleus,,,True,False,False,True,True,True,False,True,1.09527,CRC,CRC|CRC_GSE166555_expression_Celltype_majorlineage|B
E3|O75592|P46109,E3|O75592,E3,O75592,P46109,MYCBP2,CRKL,RING,0,neg2x_initial_degree_matched,,MYCBP2,CRKL,CRKL|MYCBP2,False,cytoplasm;cytoskeleton;nucleus,,,True,False,False,True,True,False,False,False,0.52382,LIHC,LIHC|LIHC_GSE98638_expression_Celltype_majorlineage|Tprolif
E3|O75717|Q8N0X7,E3|O75717,E3,O75717,Q8N0X7,WDHD1,SPART,DWD,0,neg2x_initial_degree_matched,,WDHD1,SPART,SPART|WDHD1,False,nucleus,cytoplasm,,True,True,False,True,True,False,False,False,0.09868,CRC,CRC|CRC_GSE166555_expression_Celltype_majorlineage|Tprolif
E3|O75928|O15354,E3|O75928,E3,O75928,O15354,PIAS2,GPR37,RING,0,neg2x_initial_degree_matched,,PIAS2,GPR37,GPR37|PIAS2,False,nucleus,endoplasmic_reticulum;membrane;plasma_membrane,,True,True,False,True,True,False,False,False,0.05535,LIHC,LIHC|LIHC_GSE146115_expression_Celltype_majorlineage|Malignant
E3|O75928|P61073,E3|O75928,E3,O75928,P61073,PIAS2,CXCR4,RING,0,neg2x_initial_degree_matched,,PIAS2,CXCR4,CXCR4|PIAS2,False,nucleus,cell_junction;endosome;lysosome;membrane;plasma_membrane,,True,True,False,True,True,False,False,False,0.39157,LIHC,LIHC|LIHC_GSE146115_expression_Celltype_majorlineage|Tprolif
E3|O76050|Q92851,E3|O76050,E3,O76050,Q92851,NEURL1,CASP10,RING,0,neg2x_initial_degree_matched,,NEURL1,CASP10,CASP10|NEURL1,False,cytoplasm;membrane;plasma_membrane,,,True,False,False,True,True,False,False,False,0.10571,CRC,CRC|CRC_EMTAB8107_expression_Celltype_majorlineage|Epithelial
E3|O76064|O76090,E3|O76064,E3,O76064,O76090,RNF8,BEST1,RING,0,neg2x_initial_degree_matched,,RNF8,BEST1,BEST1|RNF8,False,cytoplasm;nucleus,membrane;plasma_membrane,,True,True,False,True,True,False,False,False,0.14791,LIHC,LIHC|LIHC_GSE140228_Smartseq2_expression_Celltype_majorlineage|Tprolif
E3|O76064|Q96PH1,E3|O76064,E3,O76064,Q96PH1,RNF8,NOX5,RING,0,neg2x_initial_degree_matched,,RNF8,NOX5,NOX5|RNF8,False,cytoplasm;nucleus,endoplasmic_reticulum;membrane;plasma_membrane,,True,True,False,True,True,False,False,False,0.0121,CRC,CRC|CRC_GSE146771_Smartseq2_expression_Celltype_majorlineage|Malignant
E3|O76064|P78380,E3|O76064,E3,O76064,P78380,RNF8,OLR1,RING,0,neg2x_initial_degree_matched,,RNF8,OLR1,OLR1|RNF8,False,cytoplasm;nucleus,extracellular;membrane;plasma_membrane,,True,True,False,True,True,False,False,False,0.12424,CRC,CRC|CRC_GSE166555_expression_Celltype_majorlineage|DC
E3|O76064|Q9Y5M8,E3|O76064,E3,O76064,Q9Y5M8,RNF8,SRPRB,RING,0,neg2x_initial_degree_matched,,RNF8,SRPRB,RNF8|SRPRB,False,cytoplasm;nucleus,endoplasmic_reticulum;membrane,,True,True,False,True,True,False,False,False,0.25499,LIHC,LIHC|LIHC_GSE146115_expression_Celltype_majorlineage|Tprolif
E3|O76064|Q9NWM3,E3|O76064,E3,O76064,Q9NWM3,RNF8,CUEDC1,RING,0,neg2x_initial_degree_matched,,RNF8,CUEDC1,CUEDC1|RNF8,False,cytoplasm;nucleus,,,True,False,False,True,True,False,False,False,0.14961,CRC,CRC|CRC_GSE166555_expression_Celltype_majorlineage|Myofibroblasts
E3|O76064|O60337,E3|O76064,E3,O76064,O60337,RNF8,MARCHF6,RING,0,neg2x_initial_degree_matched,,RNF8,MARCHF6,MARCHF6|RNF8,False,cytoplasm;nucleus,endoplasmic_reticulum;membrane,,True,True,False,False,False,False,False,False,0.0,CRC,NA
E3|O76064|P01903,E3|O76064,E3,O76064,P01903,RNF8,HLA-DRA,RING,0,neg2x_initial_degree_matched,,RNF8,HLA-DRA,HLA-DRA|RNF8,False,cytoplasm;nucleus,endoplasmic_reticulum;endosome;lysosome;membrane;plasma_membrane,,True,True,False,True,True,False,False,False,0.25499,LIHC,LIHC|LIHC_GSE146115_expression_Celltype_majorlineage|Tprolif
E3|O76064|P06576,E3|O76064,E3,O76064,P06576,RNF8,ATP5F1B,RING,0,neg2x_initial_degree_matched,,RNF8,ATP5F1B,ATP5F1B|RNF8,False,cytoplasm;nucleus,membrane;mitochondrion,,True,True,False,True,True,False,False,False,0.25499,LIHC,LIHC|LIHC_GSE146115_expression_Celltype_majorlineage|Tprolif
E3|O76064|Q13635,E3|O76064,E3,O76064,Q13635,RNF8,PTCH1,RING,0,neg2x_initial_degree_matched,,RNF8,PTCH1,PTCH1|RNF8,False,cytoplasm;nucleus,membrane;plasma_membrane,,True,True,False,True,True,False,False,False,0.18196,CRC,CRC|CRC_GSE166555_expression_Celltype_majorlineage|Fibroblasts
E3|O76064|Q96NT3,E3|O76064,E3,O76064,Q96NT3,RNF8,GUCD1,RING,0,neg2x_initial_degree_matched,,RNF8,GUCD1,GUCD1|RNF8,False,cytoplasm;nucleus,,,True,False,False,True,True,False,False,False,0.23207,CRC,CRC|CRC_GSE166555_expression_Celltype_majorlineage|Tprolif
E3|O92608|Q6PGQ7,E3|O92608,E3,O92608,Q6PGQ7,ORF50,BORA,Other,0,neg2x_initial_degree_matched,,ORF50,BORA,BORA|ORF50,False,,,,False,False,False,False,False,False,False,False,0.0,CRC,NA
E3|O92608|P54652,E3|O92608,E3,O92608,P54652,ORF50,HSPA2,Other,0,neg2x_initial_degree_matched,,ORF50,HSPA2,HSPA2|ORF50,False,,cytoplasm;cytoskeleton,,False,True,False,False,False,False,False,False,0.0,CRC,NA
E3|O94844|Q96FV9,E3|O94844,E3,O94844,Q96FV9,RHOBTB1,THOC1,BTB_OTHER,0,neg2x_initial_degree_matched,,RHOBTB1,THOC1,RHOBTB1|THOC1,False,,cytoplasm;nucleus,,False,True,False,True,True,False,False,False,0.12128,CRC,CRC|CRC_GSE166555_expression_Celltype_majorlineage|Endothelial
E3|O94844|P19320,E3|O94844,E3,O94844,P19320,RHOBTB1,VCAM1,BTB_OTHER,0,neg2x_initial_degree_matched,,RHOBTB1,VCAM1,RHOBTB1|VCAM1,False,,extracellular;membrane;plasma_membrane,,False,True,False,True,True,False,False,False,0.17817,CRC,CRC|CRC_GSE166555_expression_Celltype_majorlineage|Endothelial
E3|O94889|Q9Y5M8,E3|O94889,E3,O94889,Q9Y5M8,KLHL18,SRPRB,BTB_3,0,neg2x_initial_degree_matched,,KLHL18,SRPRB,KLHL18|SRPRB,False,,endoplasmic_reticulum;membrane,,False,True,False,True,True,False,False,False,0.2163,CRC,CRC|CRC_GSE146771_Smartseq2_expression_Celltype_majorlineage|B
E3|O94889|Q86U70,E3|O94889,E3,O94889,Q86U70,KLHL18,LDB1,BTB_3,0,neg2x_initial_degree_matched,,KLHL18,LDB1,KLHL18|LDB1,False,,nucleus,,False,True,False,True,True,False,False,False,0.15024,CRC,CRC|CRC_GSE166555_expression_Celltype_majorlineage|Tprolif
E3|O94952|Q96AE4,E3|O94952,E3,O94952,Q96AE4,FBXO21,FUBP1,F-box,0,neg2x_initial_degree_matched,,FBXO21,FUBP1,FBXO21|FUBP1,False,,nucleus,,False,True,False,True,True,False,False,False,0.36677,CRC,CRC|CRC_GSE108989_expression_Celltype_majorlineage|Tprolif
E3|O94952|Q05086,E3|O94952,E3,O94952,Q05086,FBXO21,UBE3A,F-box,0,neg2x_initial_degree_matched,,FBXO21,UBE3A,FBXO21|UBE3A,False,,cytoplasm;nucleus,,False,True,False,True,True,False,False,False,0.40741,CRC,CRC|CRC_GSE166555_expression_Celltype_majorlineage|Endothelial
E3|O94952|P43146,E3|O94952,E3,O94952,P43146,FBXO21,DCC,F-box,0,neg2x_initial_degree_matched,,FBXO21,DCC,DCC|FBXO21,False,,membrane,,False,True,False,True,True,False,False,False,0.07575,CRC,CRC|CRC_GSE146771_Smartseq2_expression_Celltype_majorlineage|Plasma
E3|O94952|P30838,E3|O94952,E3,O94952,P30838,FBXO21,ALDH3A1,F-box,0,neg2x_initial_degree_matched,,FBXO21,ALDH3A1,ALDH3A1|FBXO21,False,,cytoplasm,,False,True,False,True,True,False,False,False,0.10373,LIHC,LIHC|LIHC_GSE166635_expression_Celltype_majorlineage|Malignant
E3|O94952|P17302,E3|O94952,E3,O94952,P17302,FBXO21,GJA1,F-box,0,neg2x_initial_degree_matched,,FBXO21,GJA1,FBXO21|GJA1,False,,cell_junction;endoplasmic_reticulum;membrane;plasma_membrane,,False,True,False,True,True,False,False,False,0.40741,CRC,CRC|CRC_GSE166555_expression_Celltype_majorlineage|Endothelial
E3|O94952|Q7Z2W7,E3|O94952,E3,O94952,Q7Z2W7,FBXO21,TRPM8,F-box,0,neg2x_initial_degree_matched,,FBXO21,TRPM8,FBXO21|TRPM8,False,,endoplasmic_reticulum;membrane;plasma_membrane,,False,True,False,True,True,False,False,False,0.15784,LIHC,LIHC|LIHC_GSE146115_expression_Celltype_majorlineage|Malignant
E3|O94955|P37275,E3|O94955,E3,O94955,P37275,RHOBTB3,ZEB1,Other,0,neg2x_initial_degree_matched,,RHOBTB3,ZEB1,RHOBTB3|ZEB1,False,golgi,nucleus,,True,True,False,True,True,False,False,False,0.49314,CRC,CRC|CRC_GSE146771_Smartseq2_expression_Celltype_majorlineage|Fibroblasts
E3|O94955|Q6NUN9,E3|O94955,E3,O94955,Q6NUN9,RHOBTB3,ZNF746,Other,0,neg2x_initial_degree_matched,,RHOBTB3,ZNF746,RHOBTB3|ZNF746,False,golgi,cytoplasm;nucleus,,True,True,False,True,True,False,False,False,0.17933,LIHC,LIHC|LIHC_GSE179795_expression_Celltype_majorlineage|Mono/Macro
E3|O94972|P19429,E3|O94972,E3,O94972,P19429,TRIM37,TNNI3,RING,0,neg2x_initial_degree_matched,,TRIM37,TNNI3,TNNI3|TRIM37,False,cytoplasm;membrane;nucleus;peroxisome,,,True,False,False,True,True,False,False,False,0.07392,LIHC,LIHC|LIHC_GSE166635_expression_Celltype_majorlineage|Malignant
E3|O94972|P15498,E3|O94972,E3,O94972,P15498,TRIM37,VAV1,RING,0,neg2x_initial_degree_matched,,TRIM37,VAV1,TRIM37|VAV1,False,cytoplasm;membrane;nucleus;peroxisome,,,True,False,False,True,True,False,False,False,0.26062,LIHC,LIHC|LIHC_GSE98638_expression_Celltype_majorlineage|Tprolif
E3|O95071|Q9UJA2,E3|O95071,E3,O95071,Q9UJA2,UBR5,CRLS1,HECT,0,neg2x_initial_degree_matched,,UBR5,CRLS1,CRLS1|UBR5,False,cytoplasm;nucleus,membrane;mitochondrion,,True,True,False,True,True,False,False,False,0.37509,LIHC,LIHC|LIHC_GSE146115_expression_Celltype_majorlineage|Malignant
E3|O95071|P23919,E3|O95071,E3,O95071,P23919,UBR5,DTYMK,HECT,0,neg2x_initial_degree_matched,,UBR5,DTYMK,DTYMK|UBR5,False,cytoplasm;nucleus,,,True,False,False,True,True,False,False,False,0.5724,LIHC,LIHC|LIHC_GSE146115_expression_Celltype_majorlineage|Tprolif
E3|O95071|Q9NWM3,E3|O95071,E3,O95071,Q9NWM3,UBR5,CUEDC1,HECT,0,neg2x_initial_degree_matched,,UBR5,CUEDC1,CUEDC1|UBR5,False,cytoplasm;nucleus,,,True,False,False,True,True,False,False,False,0.16218,LIHC,LIHC|LIHC_GSE146115_expression_Celltype_majorlineage|Mono/Macro
E3|O95155|P05026,E3|O95155,E3,O95155,P05026,UBE4B,ATP1B1,UBOX,0,neg2x_initial_degree_matched,,UBE4B,ATP1B1,ATP1B1|UBE4B,False,cytoplasm;nucleus,membrane;plasma_membrane,,True,True,False,True,True,False,False,False,0.19928,LIHC,LIHC|LIHC_GSE146115_expression_Celltype_majorlineage|Malignant
E3|O95155|Q15858,E3|O95155,E3,O95155,Q15858,UBE4B,SCN9A,UBOX,0,neg2x_initial_degree_matched,,UBE4B,SCN9A,SCN9A|UBE4B,False,cytoplasm;nucleus,membrane;plasma_membrane,,True,True,False,True,True,False,False,False,0.13297,CRC,CRC|CRC_GSE166555_expression_Celltype_majorlineage|Malignant
E3|O95155|Q13077,E3|O95155,E3,O95155,Q13077,UBE4B,TRAF1,UBOX,0,neg2x_initial_degree_matched,,UBE4B,TRAF1,TRAF1|UBE4B,False,cytoplasm;nucleus,,,True,False,False,True,True,False,False,False,0.16769,LIHC,LIHC|LIHC_GSE146115_expression_Celltype_majorlineage|Tprolif
E3|O95198|O14543,E3|O95198,E3,O95198,O14543,KLHL2,SOCS3,Other,0,neg2x_initial_degree_matched,,KLHL2,SOCS3,KLHL2|SOCS3,False,cytoplasm;cytoskeleton,,,True,False,False,True,True,False,False,False,0.2309,LIHC,LIHC|LIHC_GSE98638_expression_Celltype_majorlineage|Treg
E3|O95198|P12755,E3|O95198,E3,O95198,P12755,KLHL2,SKI,Other,0,neg2x_initial_degree_matched,,KLHL2,SKI,KLHL2|SKI,False,cytoplasm;cytoskeleton,nucleus,,True,True,False,True,True,False,False,False,0.19173,CRC,CRC|CRC_GSE166555_expression_Celltype_majorlineage|Mono/Macro
E3|O95198|O14867,E3|O95198,E3,O95198,O14867,KLHL2,BACH1,Other,0,neg2x_initial_degree_matched,,KLHL2,BACH1,BACH1|KLHL2,False,cytoplasm;cytoskeleton,nucleus,,True,True,False,True,True,False,False,False,0.2309,LIHC,LIHC|LIHC_GSE98638_expression_Celltype_majorlineage|Treg
E3|O95198|P24864,E3|O95198,E3,O95198,P24864,KLHL2,CCNE1,Other,0,neg2x_initial_degree_matched,,KLHL2,CCNE1,CCNE1|KLHL2,False,cytoplasm;cytoskeleton,nucleus,,True,True,False,True,True,False,False,False,0.10651,LIHC,LIHC|LIHC_GSE98638_expression_Celltype_majorlineage|Tprolif
E3|O95198|P37275,E3|O95198,E3,O95198,P37275,KLHL2,ZEB1,Other,0,neg2x_initial_degree_matched,,KLHL2,ZEB1,KLHL2|ZEB1,False,cytoplasm;cytoskeleton,nucleus,,True,True,False,True,True,False,False,False,0.2309,LIHC,LIHC|LIHC_GSE98638_expression_Celltype_majorlineage|Treg
E3|O95198|O00308,E3|O95198,E3,O95198,O00308,KLHL2,WWP2,Other,0,neg2x_initial_degree_matched,,KLHL2,WWP2,KLHL2|WWP2,False,cytoplasm;cytoskeleton,nucleus,,True,True,False,True,True,False,False,False,0.2309,LIHC,LIHC|LIHC_GSE98638_expression_Celltype_majorlineage|Treg
E3|O95376|P08393,E3|O95376,E3,O95376,P08393,ARIH2,ICP0,RING,0,neg2x_initial_degree_matched,,ARIH2,ICP0,ARIH2|ICP0,False,cytoplasm;nucleus,,,True,False,False,False,False,False,False,False,0.0,CRC,NA
E3|O95376|O95140,E3|O95376,E3,O95376,O95140,ARIH2,MFN2,RING,0,neg2x_initial_degree_matched,,ARIH2,MFN2,ARIH2|MFN2,False,cytoplasm;nucleus,membrane;mitochondrion,,True,True,False,True,True,False,False,False,0.28496,LIHC,LIHC|LIHC_GSE98638_expression_Celltype_majorlineage|Tprolif
E3|O95376|Q15849,E3|O95376,E3,O95376,Q15849,ARIH2,SLC14A2,RING,0,neg2x_initial_degree_matched,,ARIH2,SLC14A2,ARIH2|SLC14A2,False,cytoplasm;nucleus,membrane;plasma_membrane,,True,True,False,True,True,False,False,False,0.20331,LIHC,LIHC|LIHC_GSE146115_expression_Celltype_majorlineage|Malignant
E3|O95628|P31994,E3|O95628,E3,O95628,P31994,CNOT4,FCGR2B,RING,0,neg2x_initial_degree_matched,,CNOT4,FCGR2B,CNOT4|FCGR2B,False,cytoplasm;nucleus,membrane;plasma_membrane,,True,True,False,True,True,False,False,False,0.38788,LIHC,LIHC|LIHC_GSE179795_expression_Celltype_majorlineage|Mono/Macro
E3|O95714|Q13467,E3|O95714,E3,O95714,Q13467,HERC2,FZD5,HECT,0,neg2x_initial_degree_matched,,HERC2,FZD5,FZD5|HERC2,False,cytoplasm;cytoskeleton;nucleus,golgi;membrane;plasma_membrane,,True,True,False,True,True,False,False,False,0.40551,CRC,CRC|CRC_GSE166555_expression_Celltype_majorlineage|Malignant
E3|O95786|Q01664,E3|O95786,E3,O95786,Q01664,DDX58,TFAP4,Other,0,neg2x_initial_degree_matched,,DDX58,TFAP4,DDX58|TFAP4,False,cell_junction;cytoplasm;cytoskeleton;membrane,nucleus,,True,True,False,True,True,False,False,False,0.07493,CRC,CRC|CRC_GSE166555_expression_Celltype_majorlineage|Malignant
E3|O95786|Q9UNN5,E3|O95786,E3,O95786,Q9UNN5,DDX58,FAF1,Other,0,neg2x_initial_degree_matched,,DDX58,FAF1,DDX58|FAF1,False,cell_junction;cytoplasm;cytoskeleton;membrane,nucleus,,True,True,False,True,True,False,False,False,0.26571,LIHC,LIHC|LIHC_GSE98638_expression_Celltype_majorlineage|Tprolif
E3|O95835|O75444,E3|O95835,E3,O95835,O75444,LATS1,MAF,Other,0,neg2x_initial_degree_matched,,LATS1,MAF,LATS1|MAF,False,cytoplasm;cytoskeleton,nucleus,,True,True,False,True,True,False,False,False,0.4384,LIHC,LIHC|LIHC_GSE98638_expression_Celltype_majorlineage|CD8Tex
E3|P03126|Q8ND25,E3|P03126,E3,P03126,Q8ND25,E6,ZNRF1,Other,0,neg2x_initial_degree_matched,,E6,ZNRF1,E6|ZNRF1,False,,cytoplasm;endosome;lysosome;membrane;vesicle,,False,True,False,False,False,False,False,False,0.0,CRC,NA
E3|P03126|P14077,E3|P03126,E3,P03126,P14077,E6,gag,Other,0,neg2x_initial_degree_matched,,E6,GAG,E6|GAG,False,,,,False,False,False,False,False,False,False,False,0.0,CRC,NA
E3|P03126|P50579,E3|P03126,E3,P03126,P50579,E6,METAP2,Other,0,neg2x_initial_degree_matched,,E6,METAP2,E6|METAP2,False,,cytoplasm,,False,True,False,False,False,False,False,False,0.0,CRC,NA
E3|P03126|Q96BR9,E3|P03126,E3,P03126,Q96BR9,E6,ZBTB8A,Other,0,neg2x_initial_degree_matched,,E6,ZBTB8A,E6|ZBTB8A,False,,nucleus,,False,True,False,False,False,False,False,False,0.0,CRC,NA
E3|P03126|P35558,E3|P03126,E3,P03126,P35558,E6,PCK1,Other,0,neg2x_initial_degree_matched,,E6,PCK1,E6|PCK1,False,,cytoplasm;endoplasmic_reticulum,,False,True,False,False,False,False,False,False,0.0,CRC,NA
E3|P03126|Q14164,E3|P03126,E3,P03126,Q14164,E6,IKBKE,Other,0,neg2x_initial_degree_matched,,E6,IKBKE,E6|IKBKE,False,,cytoplasm;nucleus,,False,True,False,False,False,False,False,False,0.0,CRC,NA
E3|P03126|P07333,E3|P03126,E3,P03126,P07333,E6,CSF1R,Other,0,neg2x_initial_degree_matched,,E6,CSF1R,CSF1R|E6,False,,membrane;plasma_membrane,,False,True,False,False,False,False,False,False,0.0,CRC,NA
E3|P03126|P29474,E3|P03126,E3,P03126,P29474,E6,NOS3,Other,0,neg2x_initial_degree_matched,,E6,NOS3,E6|NOS3,False,,cytoplasm;cytoskeleton;golgi;membrane;plasma_membrane,,False,True,False,False,False,False,False,False,0.0,CRC,NA
E3|P03243#Q6VGT3|Q8IZP1,E3|P03243#Q6VGT3,E3,P03243#Q6VGT3,Q8IZP1,E4,TBC1D3,Other,0,neg2x_initial_degree_matched,,E4,TBC1D3,E4|TBC1D3,False,,membrane;plasma_membrane,,False,True,False,False,False,False,False,False,0.0,CRC,NA
E3|P03243#Q6VGT3|Q9P126,E3|P03243#Q6VGT3,E3,P03243#Q6VGT3,Q9P126,E4,CLEC1B,Other,0,neg2x_initial_degree_matched,,E4,CLEC1B,CLEC1B|E4,False,,membrane,,False,True,False,False,False,False,False,False,0.0,CRC,NA
E3|P03243#Q6VGT3|Q92734,E3|P03243#Q6VGT3,E3,P03243#Q6VGT3,Q92734,E4,TFG,Other,0,neg2x_initial_degree_matched,,E4,TFG,E4|TFG,False,,endoplasmic_reticulum,,False,True,False,False,False,False,False,False,0.0,CRC,NA
E3|P03243#Q6VGT3|O14974,E3|P03243#Q6VGT3,E3,P03243#Q6VGT3,O14974,E4,PPP1R12A,Other,0,neg2x_initial_degree_matched,,E4,PPP1R12A,E4|PPP1R12A,False,,cytoplasm;cytoskeleton,,False,True,False,False,False,False,False,False,0.0,CRC,NA
E3|P03243#Q6VGT3|P21917,E3|P03243#Q6VGT3,E3,P03243#Q6VGT3,P21917,E4,DRD4,Other,0,neg2x_initial_degree_matched,,E4,DRD4,DRD4|E4,False,,membrane;plasma_membrane,,False,True,False,False,False,False,False,False,0.0,CRC,NA
E3|P03243#Q6VGT3|Q9UBV8,E3|P03243#Q6VGT3,E3,P03243#Q6VGT3,Q9UBV8,E4,PEF1,Other,0,neg2x_initial_degree_matched,,E4,PEF1,E4|PEF1,False,,cytoplasm;endoplasmic_reticulum;membrane;vesicle,,False,True,False,False,False,False,False,False,0.0,CRC,NA
E3|P03243#Q6VGT3|P16234,E3|P03243#Q6VGT3,E3,P03243#Q6VGT3,P16234,E4,PDGFRA,Other,0,neg2x_initial_degree_matched,,E4,PDGFRA,E4|PDGFRA,False,,golgi;membrane;plasma_membrane,,False,True,False,False,False,False,False,False,0.0,CRC,NA
E3|P03243#Q6VGT3|P21796,E3|P03243#Q6VGT3,E3,P03243#Q6VGT3,P21796,E4,VDAC1,Other,0,neg2x_initial_degree_matched,,E4,VDAC1,E4|VDAC1,False,,endoplasmic_reticulum;membrane;mitochondrion;plasma_membrane,,False,True,False,False,False,False,False,False,0.0,CRC,NA
E3|P06463|O60936,E3|P06463,E3,P06463,O60936,E6,NOL3,Other,0,neg2x_initial_degree_matched,,E6,NOL3,E6|NOL3,False,,cytoplasm;membrane;mitochondrion;nucleus,,False,True,False,False,False,False,False,False,0.0,CRC,NA
E3|P06463|Q9NZJ0,E3|P06463,E3,P06463,Q9NZJ0,E6,DTL,Other,0,neg2x_initial_degree_matched,,E6,DTL,DTL|E6,False,,cytoplasm;cytoskeleton;membrane;nucleus,,False,True,False,False,False,False,False,False,0.0,CRC,NA
E3|P08393|Q9BYX4,E3|P08393,E3,P08393,Q9BYX4,ICP0,IFIH1,RING,0,neg2x_initial_degree_matched,,ICP0,IFIH1,ICP0|IFIH1,False,,cytoplasm;mitochondrion;nucleus,,False,True,False,False,False,False,False,False,0.0,CRC,NA
E3|P08393|O75460,E3|P08393,E3,P08393,O75460,ICP0,ERN1,RING,0,neg2x_initial_degree_matched,,ICP0,ERN1,ERN1|ICP0,False,,endoplasmic_reticulum;membrane,,False,True,False,False,False,False,False,False,0.0,CRC,NA
E3|P08393|Q9HB71,E3|P08393,E3,P08393,Q9HB71,ICP0,CACYBP,RING,0,neg2x_initial_degree_matched,,ICP0,CACYBP,CACYBP|ICP0,False,,cytoplasm;nucleus,,False,True,False,False,False,False,False,False,0.0,CRC,NA
E3|P08393|Q8WZ73,E3|P08393,E3,P08393,Q8WZ73,ICP0,RFFL,RING,0,neg2x_initial_degree_matched,,ICP0,RFFL,ICP0|RFFL,False,,cytoplasm;endosome;membrane;plasma_membrane,,False,True,False,False,False,False,False,False,0.0,CRC,NA
E3|P08393|Q92674,E3|P08393,E3,P08393,Q92674,ICP0,CENPI,RING,0,neg2x_initial_degree_matched,,ICP0,CENPI,CENPI|ICP0,False,,nucleus,,False,True,False,False,False,False,False,False,0.0,CRC,NA
E3|P08393|P23258,E3|P08393,E3,P08393,P23258,ICP0,TUBG1,RING,0,neg2x_initial_degree_matched,,ICP0,TUBG1,ICP0|TUBG1,False,,cytoplasm;cytoskeleton,,False,True,False,False,False,False,False,False,0.0,CRC,NA
E3|P08393|P04035,E3|P08393,E3,P08393,P04035,ICP0,HMGCR,RING,0,neg2x_initial_degree_matched,,ICP0,HMGCR,HMGCR|ICP0,False,,endoplasmic_reticulum;membrane;peroxisome,,False,True,False,False,False,False,False,False,0.0,CRC,NA
E3|P08393|O75417,E3|P08393,E3,P08393,O75417,ICP0,POLQ,RING,0,neg2x_initial_degree_matched,,ICP0,POLQ,ICP0|POLQ,False,,nucleus,,False,True,False,False,False,False,False,False,0.0,CRC,NA
E3|P08393|P98174,E3|P08393,E3,P08393,P98174,ICP0,FGD1,RING,0,neg2x_initial_degree_matched,,ICP0,FGD1,FGD1|ICP0,False,,cytoplasm;cytoskeleton;membrane,,False,True,False,False,False,False,False,False,0.0,CRC,NA
E3|P08393|Q7Z6J0,E3|P08393,E3,P08393,Q7Z6J0,ICP0,SH3RF1,RING,0,neg2x_initial_degree_matched,,ICP0,SH3RF1,ICP0|SH3RF1,False,,cytoplasm;golgi,,False,True,False,False,False,False,False,False,0.0,CRC,NA
E3|P08393|Q9Y4E8,E3|P08393,E3,P08393,Q9Y4E8,ICP0,USP15,RING,0,neg2x_initial_degree_matched,,ICP0,USP15,ICP0|USP15,False,,cytoplasm;mitochondrion;nucleus,,False,True,False,False,False,False,False,False,0.0,CRC,NA
E3|P08393|P62979,E3|P08393,E3,P08393,P62979,ICP0,RPS27A,RING,0,neg2x_initial_degree_matched,,ICP0,RPS27A,ICP0|RPS27A,False,,cytoplasm;nucleus,,False,True,False,False,False,False,False,False,0.0,CRC,NA
E3|P08393|Q6Q0C0,E3|P08393,E3,P08393,Q6Q0C0,ICP0,TRAF7,RING,0,neg2x_initial_degree_matched,,ICP0,TRAF7,ICP0|TRAF7,False,,cytoplasm;nucleus;vesicle,,False,True,False,False,False,False,False,False,0.0,CRC,NA
E3|P08393|P05129,E3|P08393,E3,P08393,P05129,ICP0,PRKCG,RING,0,neg2x_initial_degree_matched,,ICP0,PRKCG,ICP0|PRKCG,False,,cytoplasm;membrane;plasma_membrane,,False,True,False,False,False,False,False,False,0.0,CRC,NA
E3|P08393|Q16537,E3|P08393,E3,P08393,Q16537,ICP0,PPP2R5E,RING,0,neg2x_initial_degree_matched,,ICP0,PPP2R5E,ICP0|PPP2R5E,False,,cytoplasm,,False,True,False,False,False,False,False,False,0.0,CRC,NA
E3|P08393|P41182,E3|P08393,E3,P08393,P41182,ICP0,BCL6,RING,0,neg2x_initial_degree_matched,,ICP0,BCL6,BCL6|ICP0,False,,nucleus,,False,True,False,False,False,False,False,False,0.0,CRC,NA
E3|P08393|O00716,E3|P08393,E3,P08393,O00716,ICP0,E2F3,RING,0,neg2x_initial_degree_matched,,ICP0,E2F3,E2F3|ICP0,False,,nucleus,,False,True,False,False,False,False,False,False,0.0,CRC,NA
E3|P08393|Q9Y490,E3|P08393,E3,P08393,Q9Y490,ICP0,TLN1,RING,0,neg2x_initial_degree_matched,,ICP0,TLN1,ICP0|TLN1,False,,cell_junction;cytoplasm;cytoskeleton;membrane;plasma_membrane,,False,True,False,False,False,False,False,False,0.0,CRC,NA
E3|P08393|P12757,E3|P08393,E3,P08393,P12757,ICP0,SKIL,RING,0,neg2x_initial_degree_matched,,ICP0,SKIL,ICP0|SKIL,False,,,,False,False,False,False,False,False,False,False,0.0,CRC,NA
E3|P08393|Q9Y253,E3|P08393,E3,P08393,Q9Y253,ICP0,POLH,RING,0,neg2x_initial_degree_matched,,ICP0,POLH,ICP0|POLH,False,,nucleus,,False,True,False,False,False,False,False,False,0.0,CRC,NA
E3|P08393|P06748,E3|P08393,E3,P08393,P06748,ICP0,NPM1,RING,0,neg2x_initial_degree_matched,,ICP0,NPM1,ICP0|NPM1,False,,cytoplasm;cytoskeleton;nucleus,,False,True,False,False,False,False,False,False,0.0,CRC,NA
E3|P08393|Q02535,E3|P08393,E3,P08393,Q02535,ICP0,ID3,RING,0,neg2x_initial_degree_matched,,ICP0,ID3,ICP0|ID3,False,,nucleus,,False,True,False,False,False,False,False,False,0.0,CRC,NA
E3|P08393|Q99988,E3|P08393,E3,P08393,Q99988,ICP0,GDF15,RING,0,neg2x_initial_degree_matched,,ICP0,GDF15,GDF15|ICP0,False,,extracellular,,False,True,False,False,False,False,False,False,0.0,CRC,NA
E3|P08393|Q8N6P7,E3|P08393,E3,P08393,Q8N6P7,ICP0,IL22RA1,RING,0,neg2x_initial_degree_matched,,ICP0,IL22RA1,ICP0|IL22RA1,False,,membrane;plasma_membrane,,False,True,False,False,False,False,False,False,0.0,CRC,NA
E3|P08393|P10275,E3|P08393,E3,P08393,P10275,ICP0,AR,RING,0,neg2x_initial_degree_matched,,ICP0,AR,AR|ICP0,False,,cytoplasm;nucleus,,False,True,False,False,False,False,False,False,0.0,CRC,NA
E3|P08393|Q9NQA5,E3|P08393,E3,P08393,Q9NQA5,ICP0,TRPV5,RING,0,neg2x_initial_degree_matched,,ICP0,TRPV5,ICP0|TRPV5,False,,membrane;plasma_membrane,,False,True,False,False,False,False,False,False,0.0,CRC,NA
E3|P08393|Q9NS87,E3|P08393,E3,P08393,Q9NS87,ICP0,KIF15,RING,0,neg2x_initial_degree_matched,,ICP0,KIF15,ICP0|KIF15,False,,cytoplasm;cytoskeleton,,False,True,False,False,False,False,False,False,0.0,CRC,NA
E3|P08393|P35226,E3|P08393,E3,P08393,P35226,ICP0,BMI1,RING,0,neg2x_initial_degree_matched,,ICP0,BMI1,BMI1|ICP0,False,,cytoplasm;nucleus,,False,True,False,False,False,False,False,False,0.0,CRC,NA
E3|P08393|Q06187,E3|P08393,E3,P08393,Q06187,ICP0,BTK,RING,0,neg2x_initial_degree_matched,,ICP0,BTK,BTK|ICP0,False,,cytoplasm;membrane;nucleus;plasma_membrane,,False,True,False,False,False,False,False,False,0.0,CRC,NA
E3|P08393|Q9H8M7,E3|P08393,E3,P08393,Q9H8M7,ICP0,FAM188A,RING,0,neg2x_initial_degree_matched,,ICP0,FAM188A,FAM188A|ICP0,False,,nucleus,,False,True,False,False,False,False,False,False,0.0,CRC,NA
E3|P08393|Q16828,E3|P08393,E3,P08393,Q16828,ICP0,DUSP6,RING,0,neg2x_initial_degree_matched,,ICP0,DUSP6,DUSP6|ICP0,False,,cytoplasm,,False,True,False,False,False,False,False,False,0.0,CRC,NA
E3|P08393|P42261,E3|P08393,E3,P08393,P42261,ICP0,GRIA1,RING,0,neg2x_initial_degree_matched,,ICP0,GRIA1,GRIA1|ICP0,False,,endoplasmic_reticulum;endosome;membrane;plasma_membrane,,False,True,False,False,False,False,False,False,0.0,CRC,NA
E3|P08393|Q30167,E3|P08393,E3,P08393,Q30167,ICP0,HLA-DRB1,RING,0,neg2x_initial_degree_matched,,ICP0,HLA-DRB1,HLA-DRB1|ICP0,False,,,,False,False,False,False,False,False,False,False,0.0,CRC,NA
E3|P08393|Q14790,E3|P08393,E3,P08393,Q14790,ICP0,CASP8,RING,0,neg2x_initial_degree_matched,,ICP0,CASP8,CASP8|ICP0,False,,cytoplasm;nucleus,,False,True,False,False,False,False,False,False,0.0,CRC,NA
E3|P08393|P09874,E3|P08393,E3,P08393,P09874,ICP0,PARP1,RING,0,neg2x_initial_degree_matched,,ICP0,PARP1,ICP0|PARP1,False,,cytoplasm;nucleus,,False,True,False,False,False,False,False,False,0.0,CRC,NA
E3|P08393|Q9UJT9,E3|P08393,E3,P08393,Q9UJT9,ICP0,FBXL7,RING,0,neg2x_initial_degree_matched,,ICP0,FBXL7,FBXL7|ICP0,False,,cytoplasm;cytoskeleton,,False,True,False,False,False,False,False,False,0.0,CRC,NA
E3|P08393|O15534,E3|P08393,E3,P08393,O15534,ICP0,PER1,RING,0,neg2x_initial_degree_matched,,ICP0,PER1,ICP0|PER1,False,,cytoplasm;nucleus,,False,True,False,False,False,False,False,False,0.0,CRC,NA
E3|P08393|Q16620,E3|P08393,E3,P08393,Q16620,ICP0,NTRK2,RING,0,neg2x_initial_degree_matched,,ICP0,NTRK2,ICP0|NTRK2,False,,cytoplasm;endosome;membrane;plasma_membrane,,False,True,False,False,False,False,False,False,0.0,CRC,NA
E3|P08393|Q53EL6,E3|P08393,E3,P08393,Q53EL6,ICP0,PDCD4,RING,0,neg2x_initial_degree_matched,,ICP0,PDCD4,ICP0|PDCD4,False,,cytoplasm;nucleus,,False,True,False,False,False,False,False,False,0.0,CRC,NA
E3|P08393|Q569H4,E3|P08393,E3,P08393,Q569H4,ICP0,PRR16,RING,0,neg2x_initial_degree_matched,,ICP0,PRR16,ICP0|PRR16,False,,,,False,False,False,False,False,False,False,False,0.0,CRC,NA
E3|P08393|P20963,E3|P08393,E3,P08393,P20963,ICP0,CD247,RING,0,neg2x_initial_degree_matched,,ICP0,CD247,CD247|ICP0,False,,membrane;plasma_membrane,,False,True,False,False,False,False,False,False,0.0,CRC,NA
E3|P08393|Q9BRS2,E3|P08393,E3,P08393,Q9BRS2,ICP0,RIOK1,RING,0,neg2x_initial_degree_matched,,ICP0,RIOK1,ICP0|RIOK1,False,,cytoplasm,,False,True,False,False,False,False,False,False,0.0,CRC,NA
E3|P08393|O95994,E3|P08393,E3,P08393,O95994,ICP0,AGR2,RING,0,neg2x_initial_degree_matched,,ICP0,AGR2,AGR2|ICP0,False,,endoplasmic_reticulum;extracellular,,False,True,False,False,False,False,False,False,0.0,CRC,NA
E3|P08393|O75915,E3|P08393,E3,P08393,O75915,ICP0,ARL6IP5,RING,0,neg2x_initial_degree_matched,,ICP0,ARL6IP5,ARL6IP5|ICP0,False,,cytoplasm;cytoskeleton;endoplasmic_reticulum;membrane;plasma_membrane,,False,True,False,False,False,False,False,False,0.0,CRC,NA
E3|P08393|Q8WUI4,E3|P08393,E3,P08393,Q8WUI4,ICP0,HDAC7,RING,0,neg2x_initial_degree_matched,,ICP0,HDAC7,HDAC7|ICP0,False,,cytoplasm;nucleus,,False,True,False,False,False,False,False,False,0.0,CRC,NA
E3|P08393|O95859,E3|P08393,E3,P08393,O95859,ICP0,TSPAN12,RING,0,neg2x_initial_degree_matched,,ICP0,TSPAN12,ICP0|TSPAN12,False,,membrane;plasma_membrane,,False,True,False,False,False,False,False,False,0.0,CRC,NA
E3|P09936|Q6ZWH5,E3|P09936,E3,P09936,Q6ZWH5,UCHL1,NEK10,SINGLE_OTHER,0,neg2x_initial_degree_matched,,UCHL1,NEK10,NEK10|UCHL1,False,cytoplasm;endoplasmic_reticulum;membrane;mitochondrion,,,True,False,False,True,True,False,False,False,0.05792,LIHC,LIHC|LIHC_GSE146115_expression_Celltype_majorlineage|Tprolif
E3|P0C2W1|Q9H074,E3|P0C2W1,E3,P0C2W1,Q9H074,FBXO45,PAIP1,F-box,0,neg2x_initial_degree_matched,,FBXO45,PAIP1,FBXO45|PAIP1,False,extracellular;membrane;nucleus;plasma_membrane,cytoplasm,,True,True,False,True,True,False,False,False,0.14094,LIHC,LIHC|LIHC_GSE166635_expression_Celltype_majorlineage|Tprolif
E3|P0C2W1|Q9I788,E3|P0C2W1,E3,P0C2W1,Q9I788,FBXO45,exoT,F-box,0,neg2x_initial_degree_matched,,FBXO45,EXOT,EXOT|FBXO45,False,extracellular;membrane;nucleus;plasma_membrane,,,True,False,False,False,False,False,False,False,0.0,CRC,NA
E3|P0C2W1|P49915,E3|P0C2W1,E3,P0C2W1,P49915,FBXO45,GMPS,F-box,0,neg2x_initial_degree_matched,,FBXO45,GMPS,FBXO45|GMPS,False,extracellular;membrane;nucleus;plasma_membrane,cytoplasm,,True,True,False,True,True,False,False,False,0.23547,CRC,CRC|CRC_GSE166555_expression_Celltype_majorlineage|Tprolif
E3|P0CI25|P61224,E3|P0CI25,E3,P0CI25,P61224,TRIM49,RAP1B,RING,0,neg2x_initial_degree_matched,,TRIM49,RAP1B,RAP1B|TRIM49,False,,cell_junction;cytoplasm;membrane;plasma_membrane,,False,True,False,True,True,False,False,False,0.00169,LIHC,LIHC|LIHC_GSE140228_Smartseq2_expression_Celltype_majorlineage|DC
E3|P0CI25|O43561,E3|P0CI25,E3,P0CI25,O43561,TRIM49,LAT,RING,0,neg2x_initial_degree_matched,,TRIM49,LAT,LAT|TRIM49,False,,membrane;plasma_membrane,,False,True,False,True,True,False,False,False,0.00169,LIHC,LIHC|LIHC_GSE140228_Smartseq2_expression_Celltype_majorlineage|DC
E3|P10523|Q16589,E3|P10523,E3,P10523,Q16589,SAG,CCNG2,Other,0,neg2x_initial_degree_matched,,SAG,CCNG2,CCNG2|SAG,False,membrane,cytoplasm,,True,True,False,True,True,False,False,False,0.0283,CRC,CRC|CRC_GSE146771_Smartseq2_expression_Celltype_majorlineage|Mast
E3|P10523|Q8IUE6,E3|P10523,E3,P10523,Q8IUE6,SAG,H2AC21,Other,0,neg2x_initial_degree_matched,,SAG,H2AC21,H2AC21|SAG,False,membrane,nucleus,,True,True,False,False,False,False,False,False,0.0,CRC,NA
E3|P10523|Q9H5N1,E3|P10523,E3,P10523,Q9H5N1,SAG,RABEP2,Other,0,neg2x_initial_degree_matched,,SAG,RABEP2,RABEP2|SAG,False,membrane,cytoplasm;cytoskeleton;endosome,,True,True,False,True,True,False,False,False,0.0283,CRC,CRC|CRC_GSE146771_Smartseq2_expression_Celltype_majorlineage|Mast
E3|P10523|Q99836,E3|P10523,E3,P10523,Q99836,SAG,MYD88,Other,0,neg2x_initial_degree_matched,,SAG,MYD88,MYD88|SAG,False,membrane,cytoplasm;nucleus,,True,True,False,True,True,False,False,False,0.0283,CRC,CRC|CRC_GSE146771_Smartseq2_expression_Celltype_majorlineage|Mast
E3|P10523|Q8NFZ5,E3|P10523,E3,P10523,Q8NFZ5,SAG,TNIP2,Other,0,neg2x_initial_degree_matched,,SAG,TNIP2,SAG|TNIP2,False,membrane,cytoplasm;nucleus,,True,True,False,True,True,False,False,False,0.0283,CRC,CRC|CRC_GSE146771_Smartseq2_expression_Celltype_majorlineage|Mast
E3|P10523|P55895,E3|P10523,E3,P10523,P55895,SAG,RAG2,Other,0,neg2x_initial_degree_matched,,SAG,RAG2,RAG2|SAG,False,membrane,nucleus,,True,True,False,True,True,False,False,False,0.0032,LIHC,LIHC|LIHC_GSE140228_Smartseq2_expression_Celltype_majorlineage|Mono/Macro
E3|P10523|P10275,E3|P10523,E3,P10523,P10275,SAG,AR,Other,0,neg2x_initial_degree_matched,,SAG,AR,AR|SAG,False,membrane,cytoplasm;nucleus,,True,True,False,True,True,False,False,False,0.01549,CRC,CRC|CRC_GSE146771_Smartseq2_expression_Celltype_majorlineage|Endothelial
E3|P10523|P11441,E3|P10523,E3,P10523,P11441,SAG,UBL4A,Other,0,neg2x_initial_degree_matched,,SAG,UBL4A,SAG|UBL4A,False,membrane,cytoplasm;nucleus,,True,True,False,True,True,False,False,False,0.0283,CRC,CRC|CRC_GSE146771_Smartseq2_expression_Celltype_majorlineage|Mast
E3|P10523|Q8NEB9,E3|P10523,E3,P10523,Q8NEB9,SAG,PIK3C3,Other,0,neg2x_initial_degree_matched,,SAG,PIK3C3,PIK3C3|SAG,False,membrane,cytoplasm;endosome;vesicle,,True,True,False,True,True,False,False,False,0.0283,CRC,CRC|CRC_GSE146771_Smartseq2_expression_Celltype_majorlineage|Mast
E3|P10523|Q96BF6,E3|P10523,E3,P10523,Q96BF6,SAG,NACC2,Other,0,neg2x_initial_degree_matched,,SAG,NACC2,NACC2|SAG,False,membrane,nucleus,,True,True,False,True,True,False,False,False,0.02132,CRC,CRC|CRC_GSE146771_Smartseq2_expression_Celltype_majorlineage|Mono/Macro
E3|P10523|Q9UIH9,E3|P10523,E3,P10523,Q9UIH9,SAG,KLF15,Other,0,neg2x_initial_degree_matched,,SAG,KLF15,KLF15|SAG,False,membrane,nucleus,,True,True,False,True,True,False,False,False,0.0043,LIHC,LIHC|LIHC_GSE166635_expression_Celltype_majorlineage|Tprolif
E3|P10523|P00558,E3|P10523,E3,P10523,P00558,SAG,PGK1,Other,0,neg2x_initial_degree_matched,,SAG,PGK1,PGK1|SAG,False,membrane,cytoplasm;mitochondrion,,True,True,False,True,True,False,False,False,0.0283,CRC,CRC|CRC_GSE146771_Smartseq2_expression_Celltype_majorlineage|Mast
E3|P11441|Q13794,E3|P11441,E3,P11441,Q13794,UBL4A,PMAIP1,Other,0,neg2x_initial_degree_matched,,UBL4A,PMAIP1,PMAIP1|UBL4A,False,cytoplasm;nucleus,mitochondrion,,True,True,False,True,True,False,False,False,0.37952,LIHC,LIHC|LIHC_GSE98638_expression_Celltype_majorlineage|Tprolif
E3|P12830|P51825,E3|P12830,E3,P12830,P51825,CDH1,AFF1,Other,0,neg2x_initial_degree_matched,,CDH1,AFF1,AFF1|CDH1,False,cell_junction;cytoplasm;cytoskeleton;endosome;golgi;membrane;plasma_membrane,nucleus,,True,True,False,True,True,False,False,False,0.33498,CRC,CRC|CRC_GSE166555_expression_Celltype_majorlineage|Epithelial
E3|P14373|Q9TQE0,E3|P14373,E3,P14373,Q9TQE0,TRIM27,HLA-DRB1,RING,0,neg2x_initial_degree_matched,,TRIM27,HLA-DRB1,HLA-DRB1|TRIM27,False,cytoplasm;endosome;mitochondrion;nucleus,,,True,False,False,True,True,False,False,False,0.42486,LIHC,LIHC|LIHC_GSE98638_expression_Celltype_majorlineage|CD8T
E3|P15918|P61254,E3|P15918,E3,P15918,P61254,RAG1,RPL26,RING,0,neg2x_initial_degree_matched,,RAG1,RPL26,RAG1|RPL26,False,nucleus,cytoplasm,,True,True,False,True,True,False,False,False,0.012,LIHC,LIHC|LIHC_GSE166635_expression_Celltype_majorlineage|Endothelial
E3|P15918|P51795,E3|P15918,E3,P15918,P51795,RAG1,CLCN5,RING,0,neg2x_initial_degree_matched,,RAG1,CLCN5,CLCN5|RAG1,False,nucleus,endosome;golgi;membrane;plasma_membrane,,True,True,False,True,True,False,False,False,0.012,LIHC,LIHC|LIHC_GSE166635_expression_Celltype_majorlineage|Endothelial
E3|P15918|O43318,E3|P15918,E3,P15918,O43318,RAG1,MAP3K7,RING,0,neg2x_initial_degree_matched,,RAG1,MAP3K7,MAP3K7|RAG1,False,nucleus,cytoplasm;membrane;plasma_membrane,,True,True,False,True,True,False,False,False,0.012,LIHC,LIHC|LIHC_GSE166635_expression_Celltype_majorlineage|Endothelial
E3|P15918|Q08499,E3|P15918,E3,P15918,Q08499,RAG1,PDE4D,RING,0,neg2x_initial_degree_matched,,RAG1,PDE4D,PDE4D|RAG1,False,nucleus,cytoplasm;cytoskeleton;membrane;plasma_membrane,,True,True,False,True,True,False,False,False,0.012,LIHC,LIHC|LIHC_GSE166635_expression_Celltype_majorlineage|Endothelial
E3|P19474|O60337,E3|P19474,E3,P19474,O60337,TRIM21,MARCHF6,RING,0,neg2x_initial_degree_matched,,TRIM21,MARCHF6,MARCHF6|TRIM21,False,cytoplasm;nucleus;vesicle,endoplasmic_reticulum;membrane,,True,True,False,False,False,False,False,False,0.0,CRC,NA
E3|P19474|Q15388,E3|P19474,E3,P19474,Q15388,TRIM21,TOMM20,RING,0,neg2x_initial_degree_matched,,TRIM21,TOMM20,TOMM20|TRIM21,False,cytoplasm;nucleus;vesicle,membrane;mitochondrion,,True,True,False,True,True,False,False,False,0.39557,LIHC,LIHC|LIHC_GSE98638_expression_Celltype_majorlineage|CD4Tconv
E3|P19474|Q8N6P7,E3|P19474,E3,P19474,Q8N6P7,TRIM21,IL22RA1,RING,0,neg2x_initial_degree_matched,,TRIM21,IL22RA1,IL22RA1|TRIM21,False,cytoplasm;nucleus;vesicle,membrane;plasma_membrane,,True,True,False,True,True,False,False,False,0.07888,CRC,CRC|CRC_GSE166555_expression_Celltype_majorlineage|Epithelial
E3|P19474|P56750,E3|P19474,E3,P19474,P56750,TRIM21,CLDN17,RING,0,neg2x_initial_degree_matched,,TRIM21,CLDN17,CLDN17|TRIM21,False,cytoplasm;nucleus;vesicle,cell_junction;membrane;plasma_membrane,,True,True,False,False,False,False,False,False,0.0,CRC,NA
E3|P19474|P18433,E3|P19474,E3,P19474,P18433,TRIM21,PTPRA,RING,0,neg2x_initial_degree_matched,,TRIM21,PTPRA,PTPRA|TRIM21,False,cytoplasm;nucleus;vesicle,cell_junction;membrane;plasma_membrane,,True,True,False,True,True,False,False,False,0.55098,LIHC,LIHC|LIHC_GSE98638_expression_Celltype_majorlineage|Tprolif
E3|P19474|P48048,E3|P19474,E3,P19474,P48048,TRIM21,KCNJ1,RING,0,neg2x_initial_degree_matched,,TRIM21,KCNJ1,KCNJ1|TRIM21,False,cytoplasm;nucleus;vesicle,membrane;plasma_membrane,,True,True,False,True,True,False,False,False,0.01088,LIHC,LIHC|LIHC_GSE140228_Smartseq2_expression_Celltype_majorlineage|Mono/Macro
E3|P19474|O43511,E3|P19474,E3,P19474,O43511,TRIM21,SLC26A4,RING,0,neg2x_initial_degree_matched,,TRIM21,SLC26A4,SLC26A4|TRIM21,False,cytoplasm;nucleus;vesicle,membrane;plasma_membrane,,True,True,False,True,True,False,False,False,0.08922,LIHC,LIHC|LIHC_GSE146115_expression_Celltype_majorlineage|CD8T
E3|P19474|Q92851,E3|P19474,E3,P19474,Q92851,TRIM21,CASP10,RING,0,neg2x_initial_degree_matched,,TRIM21,CASP10,CASP10|TRIM21,False,cytoplasm;nucleus;vesicle,,,True,False,False,True,True,False,False,False,0.21683,LIHC,LIHC|LIHC_GSE140228_Smartseq2_expression_Celltype_majorlineage|NK
E3|P19474|Q3T906,E3|P19474,E3,P19474,Q3T906,TRIM21,GNPTAB,RING,0,neg2x_initial_degree_matched,,TRIM21,GNPTAB,GNPTAB|TRIM21,False,cytoplasm;nucleus;vesicle,golgi;membrane,,True,True,False,True,True,False,False,False,0.52803,LIHC,LIHC|LIHC_GSE98638_expression_Celltype_majorlineage|CD8Tex
E3|P21580|P03956,E3|P21580,E3,P21580,P03956,TNFAIP3,MMP1,HECT,0,neg2x_initial_degree_matched,,TNFAIP3,MMP1,MMP1|TNFAIP3,False,cytoplasm;lysosome;nucleus,extracellular,,True,True,False,True,True,False,False,False,0.23282,CRC,CRC|CRC_EMTAB8107_expression_Celltype_majorlineage|Mono/Macro
E3|P21580|P41180,E3|P21580,E3,P21580,P41180,TNFAIP3,CASR,HECT,0,neg2x_initial_degree_matched,,TNFAIP3,CASR,CASR|TNFAIP3,False,cytoplasm;lysosome;nucleus,membrane;plasma_membrane,,True,True,False,True,True,False,False,False,0.00972,CRC,CRC|CRC_GSE146771_Smartseq2_expression_Celltype_majorlineage|CD8T
E3|P21580|Q99714,E3|P21580,E3,P21580,Q99714,TNFAIP3,PTPN5,HECT,0,neg2x_initial_degree_matched,,TNFAIP3,PTPN5,PTPN5|TNFAIP3,False,cytoplasm;lysosome;nucleus,mitochondrion,,True,True,False,True,True,False,False,False,0.08337,LIHC,LIHC|LIHC_GSE166635_expression_Celltype_majorlineage|Endothelial
E3|P22681|Q08999,E3|P22681,E3,P22681,Q08999,CBL,RBL2,RING,0,neg2x_initial_degree_matched,,CBL,RBL2,CBL|RBL2,False,cytoplasm;golgi;membrane;plasma_membrane,nucleus,,True,True,False,True,True,False,False,False,0.3038,LIHC,LIHC|LIHC_GSE140228_Smartseq2_expression_Celltype_majorlineage|Mono/Macro
E3|P22681|Q9NQB0,E3|P22681,E3,P22681,Q9NQB0,CBL,TCF7L2,RING,0,neg2x_initial_degree_matched,,CBL,TCF7L2,CBL|TCF7L2,False,cytoplasm;golgi;membrane;plasma_membrane,nucleus,,True,True,False,True,True,False,False,False,0.33629,LIHC,LIHC|LIHC_GSE140228_Smartseq2_expression_Celltype_majorlineage|Mono/Macro
E3|P22681|Q15742,E3|P22681,E3,P22681,Q15742,CBL,NAB2,RING,0,neg2x_initial_degree_matched,,CBL,NAB2,CBL|NAB2,False,cytoplasm;golgi;membrane;plasma_membrane,nucleus,,True,True,False,True,True,False,False,False,0.11442,LIHC,LIHC|LIHC_GSE140228_Smartseq2_expression_Celltype_majorlineage|Mono/Macro
E3|P22681|O00308,E3|P22681,E3,P22681,O00308,CBL,WWP2,RING,0,neg2x_initial_degree_matched,,CBL,WWP2,CBL|WWP2,False,cytoplasm;golgi;membrane;plasma_membrane,nucleus,,True,True,False,True,True,False,False,False,0.39603,LIHC,LIHC|LIHC_GSE140228_Smartseq2_expression_Celltype_majorlineage|ILC
E3|P22681|P37275,E3|P22681,E3,P22681,P37275,CBL,ZEB1,RING,0,neg2x_initial_degree_matched,,CBL,ZEB1,CBL|ZEB1,False,cytoplasm;golgi;membrane;plasma_membrane,nucleus,,True,True,False,True,True,False,False,False,0.4804,LIHC,LIHC|LIHC_GSE140228_Smartseq2_expression_Celltype_majorlineage|ILC
E3|P22681|Q7L8J4,E3|P22681,E3,P22681,Q7L8J4,CBL,SH3BP5L,RING,0,neg2x_initial_degree_matched,,CBL,SH3BP5L,CBL|SH3BP5L,False,cytoplasm;golgi;membrane;plasma_membrane,,,True,False,False,True,True,False,False,False,0.07347,CRC,CRC|CRC_GSE166555_expression_Celltype_majorlineage|Tprolif
E3|P22681|O60381,E3|P22681,E3,P22681,O60381,CBL,HBP1,RING,0,neg2x_initial_degree_matched,,CBL,HBP1,CBL|HBP1,False,cytoplasm;golgi;membrane;plasma_membrane,nucleus,,True,True,False,True,True,False,False,False,0.31664,LIHC,LIHC|LIHC_GSE140228_Smartseq2_expression_Celltype_majorlineage|DC
E3|P22681|Q12888,E3|P22681,E3,P22681,Q12888,CBL,TP53BP1,RING,0,neg2x_initial_degree_matched,,CBL,TP53BP1,CBL|TP53BP1,False,cytoplasm;golgi;membrane;plasma_membrane,nucleus,,True,True,False,True,True,False,False,False,0.28003,LIHC,LIHC|LIHC_GSE146115_expression_Celltype_majorlineage|Tprolif
E3|P22681|P17947,E3|P22681,E3,P22681,P17947,CBL,SPI1,RING,0,neg2x_initial_degree_matched,,CBL,SPI1,CBL|SPI1,False,cytoplasm;golgi;membrane;plasma_membrane,nucleus,,True,True,False,True,True,False,False,False,0.38742,LIHC,LIHC|LIHC_GSE179795_expression_Celltype_majorlineage|Mono/Macro
E3|P22681|P62487,E3|P22681,E3,P22681,P62487,CBL,POLR2G,RING,0,neg2x_initial_degree_matched,,CBL,POLR2G,CBL|POLR2G,False,cytoplasm;golgi;membrane;plasma_membrane,nucleus,,True,True,False,True,True,False,False,False,0.5751,LIHC,LIHC|LIHC_GSE140228_Smartseq2_expression_Celltype_majorlineage|ILC
E3|P22681|P50458,E3|P22681,E3,P22681,P50458,CBL,LHX2,RING,0,neg2x_initial_degree_matched,,CBL,LHX2,CBL|LHX2,False,cytoplasm;golgi;membrane;plasma_membrane,nucleus,,True,True,False,True,True,False,False,False,0.05679,LIHC,LIHC|LIHC_GSE146409_expression_Celltype_majorlineage|Fibroblasts
E3|P22681|Q9H9R9,E3|P22681,E3,P22681,Q9H9R9,CBL,DBNDD1,RING,0,neg2x_initial_degree_matched,,CBL,DBNDD1,CBL|DBNDD1,False,cytoplasm;golgi;membrane;plasma_membrane,,,True,False,False,True,True,False,False,False,0.06612,LIHC,LIHC|LIHC_GSE140228_Smartseq2_expression_Celltype_majorlineage|B
E3|P22681|Q14190,E3|P22681,E3,P22681,Q14190,CBL,SIM2,RING,0,neg2x_initial_degree_matched,,CBL,SIM2,CBL|SIM2,False,cytoplasm;golgi;membrane;plasma_membrane,nucleus,,True,True,False,True,True,False,False,False,0.04403,CRC,CRC|CRC_GSE166555_expression_Celltype_majorlineage|Malignant
E3|P22681|P02751,E3|P22681,E3,P22681,P02751,CBL,FN1,RING,0,neg2x_initial_degree_matched,,CBL,FN1,CBL|FN1,False,cytoplasm;golgi;membrane;plasma_membrane,extracellular,,True,True,False,True,True,False,False,False,0.33629,LIHC,LIHC|LIHC_GSE140228_Smartseq2_expression_Celltype_majorlineage|Mono/Macro
E3|P22681|P43694,E3|P22681,E3,P22681,P43694,CBL,GATA4,RING,0,neg2x_initial_degree_matched,,CBL,GATA4,CBL|GATA4,False,cytoplasm;golgi;membrane;plasma_membrane,nucleus,,True,True,False,True,True,False,False,False,0.06544,LIHC,LIHC|LIHC_GSE146409_expression_Celltype_majorlineage|Endothelial
E3|P22681|P31937,E3|P22681,E3,P22681,P31937,CBL,HIBADH,RING,0,neg2x_initial_degree_matched,,CBL,HIBADH,CBL|HIBADH,False,cytoplasm;golgi;membrane;plasma_membrane,mitochondrion,,True,True,False,True,True,False,False,False,0.23632,LIHC,LIHC|LIHC_GSE98638_expression_Celltype_majorlineage|Tprolif
E3|P22681|P15173,E3|P22681,E3,P22681,P15173,CBL,MYOG,RING,0,neg2x_initial_degree_matched,,CBL,MYOG,CBL|MYOG,False,cytoplasm;golgi;membrane;plasma_membrane,nucleus,,True,True,False,True,True,False,False,False,0.00075,LIHC,LIHC|LIHC_GSE98638_expression_Celltype_majorlineage|CD8Tex
E3|P22681|Q15386,E3|P22681,E3,P22681,Q15386,CBL,UBE3C,RING,0,neg2x_initial_degree_matched,,CBL,UBE3C,CBL|UBE3C,False,cytoplasm;golgi;membrane;plasma_membrane,,,True,False,False,True,True,False,False,False,0.21466,LIHC,LIHC|LIHC_GSE98638_expression_Celltype_majorlineage|CD8Tex
E3|P22681|P61968,E3|P22681,E3,P22681,P61968,CBL,LMO4,RING,0,neg2x_initial_degree_matched,,CBL,LMO4,CBL|LMO4,False,cytoplasm;golgi;membrane;plasma_membrane,,,True,False,False,True,True,False,False,False,0.28617,LIHC,LIHC|LIHC_GSE146115_expression_Celltype_majorlineage|Tprolif
E3|P22681|P19237,E3|P22681,E3,P22681,P19237,CBL,TNNI1,RING,0,neg2x_initial_degree_matched,,CBL,TNNI1,CBL|TNNI1,False,cytoplasm;golgi;membrane;plasma_membrane,,,True,False,False,True,True,False,False,False,0.02032,CRC,CRC|CRC_GSE146771_Smartseq2_expression_Celltype_majorlineage|Malignant
E3|P22681|Q9NXR8,E3|P22681,E3,P22681,Q9NXR8,CBL,ING3,RING,0,neg2x_initial_degree_matched,,CBL,ING3,CBL|ING3,False,cytoplasm;golgi;membrane;plasma_membrane,nucleus,,True,True,False,True,True,False,False,False,0.28833,LIHC,LIHC|LIHC_GSE140228_Smartseq2_expression_Celltype_majorlineage|Tprolif
E3|P22681|Q86U70,E3|P22681,E3,P22681,Q86U70,CBL,LDB1,RING,0,neg2x_initial_degree_matched,,CBL,LDB1,CBL|LDB1,False,cytoplasm;golgi;membrane;plasma_membrane,nucleus,,True,True,False,True,True,False,False,False,0.21751,LIHC,LIHC|LIHC_GSE98638_expression_Celltype_majorlineage|Treg
E3|P22681|P15923,E3|P22681,E3,P22681,P15923,CBL,TCF3,RING,0,neg2x_initial_degree_matched,,CBL,TCF3,CBL|TCF3,False,cytoplasm;golgi;membrane;plasma_membrane,nucleus,,True,True,False,True,True,False,False,False,0.22425,CRC,CRC|CRC_GSE139555_expression_Celltype_majorlineage|Tprolif
E3|P22681|P12004,E3|P22681,E3,P22681,P12004,CBL,PCNA,RING,0,neg2x_initial_degree_matched,,CBL,PCNA,CBL|PCNA,False,cytoplasm;golgi;membrane;plasma_membrane,nucleus,,True,True,False,True,True,False,False,False,0.28833,LIHC,LIHC|LIHC_GSE140228_Smartseq2_expression_Celltype_majorlineage|Tprolif
E3|P22681|O00330,E3|P22681,E3,P22681,O00330,CBL,PDHX,RING,0,neg2x_initial_degree_matched,,CBL,PDHX,CBL|PDHX,False,cytoplasm;golgi;membrane;plasma_membrane,mitochondrion,,True,True,False,True,True,False,False,False,0.28833,LIHC,LIHC|LIHC_GSE140228_Smartseq2_expression_Celltype_majorlineage|Tprolif
E3|P22681|P08678,E3|P22681,E3,P22681,P08678,CBL,CYR1,RING,0,neg2x_initial_degree_matched,,CBL,CYR1,CBL|CYR1,False,cytoplasm;golgi;membrane;plasma_membrane,,,True,False,False,False,False,False,False,False,0.0,CRC,NA
E3|P22681|P54725,E3|P22681,E3,P22681,P54725,CBL,RAD23A,RING,0,neg2x_initial_degree_matched,,CBL,RAD23A,CBL|RAD23A,False,cytoplasm;golgi;membrane;plasma_membrane,nucleus,,True,True,False,True,True,False,False,False,0.40567,LIHC,LIHC|LIHC_GSE140228_Smartseq2_expression_Celltype_majorlineage|ILC
E3|P22681|P20700,E3|P22681,E3,P22681,P20700,CBL,LMNB1,RING,0,neg2x_initial_degree_matched,,CBL,LMNB1,CBL|LMNB1,False,cytoplasm;golgi;membrane;plasma_membrane,nucleus,,True,True,False,True,True,False,False,False,0.28627,LIHC,LIHC|LIHC_GSE140228_Smartseq2_expression_Celltype_majorlineage|Tprolif
E3|P22681|P12755,E3|P22681,E3,P22681,P12755,CBL,SKI,RING,0,neg2x_initial_degree_matched,,CBL,SKI,CBL|SKI,False,cytoplasm;golgi;membrane;plasma_membrane,nucleus,,True,True,False,True,True,False,False,False,0.34846,LIHC,LIHC|LIHC_GSE179795_expression_Celltype_majorlineage|Mono/Macro
E3|P22681|P10244,E3|P22681,E3,P22681,P10244,CBL,MYBL2,RING,0,neg2x_initial_degree_matched,,CBL,MYBL2,CBL|MYBL2,False,cytoplasm;golgi;membrane;plasma_membrane,nucleus,,True,True,False,True,True,False,False,False,0.28833,LIHC,LIHC|LIHC_GSE140228_Smartseq2_expression_Celltype_majorlineage|Tprolif
E3|P22681|P10193,E3|P22681,E3,P22681,P10193,CBL,UL9,RING,0,neg2x_initial_degree_matched,,CBL,UL9,CBL|UL9,False,cytoplasm;golgi;membrane;plasma_membrane,,,True,False,False,False,False,False,False,False,0.0,CRC,NA
E3|P22681|O75417,E3|P22681,E3,P22681,O75417,CBL,POLQ,RING,0,neg2x_initial_degree_matched,,CBL,POLQ,CBL|POLQ,False,cytoplasm;golgi;membrane;plasma_membrane,nucleus,,True,True,False,True,True,False,False,False,0.28833,LIHC,LIHC|LIHC_GSE140228_Smartseq2_expression_Celltype_majorlineage|Tprolif
E3|P22681|Q9NS37,E3|P22681,E3,P22681,Q9NS37,CBL,CREBZF,RING,0,neg2x_initial_degree_matched,,CBL,CREBZF,CBL|CREBZF,False,cytoplasm;golgi;membrane;plasma_membrane,nucleus,,True,True,False,True,True,False,False,False,0.28437,LIHC,LIHC|LIHC_GSE98638_expression_Celltype_majorlineage|CD8Tex
E3|P22681|O76021,E3|P22681,E3,P22681,O76021,CBL,RSL1D1,RING,0,neg2x_initial_degree_matched,,CBL,RSL1D1,CBL|RSL1D1,False,cytoplasm;golgi;membrane;plasma_membrane,nucleus,,True,True,False,True,True,False,False,False,0.60613,LIHC,LIHC|LIHC_GSE140228_Smartseq2_expression_Celltype_majorlineage|ILC
E3|P22681|Q99814,E3|P22681,E3,P22681,Q99814,CBL,EPAS1,RING,0,neg2x_initial_degree_matched,,CBL,EPAS1,CBL|EPAS1,False,cytoplasm;golgi;membrane;plasma_membrane,nucleus,,True,True,False,True,True,False,False,False,0.30082,LIHC,LIHC|LIHC_GSE179795_expression_Celltype_majorlineage|Mono/Macro
E3|P22681|P49450,E3|P22681,E3,P22681,P49450,CBL,CENPA,RING,0,neg2x_initial_degree_matched,,CBL,CENPA,CBL|CENPA,False,cytoplasm;golgi;membrane;plasma_membrane,nucleus,,True,True,False,True,True,False,False,False,0.24334,LIHC,LIHC|LIHC_GSE166635_expression_Celltype_majorlineage|Tprolif
E3|P22681|O60885,E3|P22681,E3,P22681,O60885,CBL,BRD4,RING,0,neg2x_initial_degree_matched,,CBL,BRD4,BRD4|CBL,False,cytoplasm;golgi;membrane;plasma_membrane,nucleus,,True,True,False,True,True,False,False,False,0.31949,LIHC,LIHC|LIHC_GSE140228_Smartseq2_expression_Celltype_majorlineage|Mono/Macro
E3|P29372|P26006,E3|P29372,E3,P29372,P26006,MPG,ITGA3,Other,0,neg2x_initial_degree_matched,,MPG,ITGA3,ITGA3|MPG,False,cytoplasm;mitochondrion;nucleus,membrane;plasma_membrane,,True,True,False,True,True,False,False,False,0.35574,CRC,CRC|CRC_EMTAB8107_expression_Celltype_majorlineage|Malignant
E3|P29372|Q14114,E3|P29372,E3,P29372,Q14114,MPG,LRP8,Other,0,neg2x_initial_degree_matched,,MPG,LRP8,LRP8|MPG,False,cytoplasm;mitochondrion;nucleus,extracellular;membrane;plasma_membrane,,True,True,False,True,True,False,False,False,0.10162,CRC,CRC|CRC_GSE108989_expression_Celltype_majorlineage|Tprolif
E3|P35226#Q99496|Q9HCU8,E3|P35226#Q99496,E3,P35226#Q99496,Q9HCU8,BMI1#RNF2,POLD4,Other,0,neg2x_initial_degree_matched,,BMI1#RNF2,POLD4,BMI1#RNF2|POLD4,False,,nucleus,,False,True,False,False,False,False,False,False,0.0,CRC,NA
E3|P35226#Q99496|P61587,E3|P35226#Q99496,E3,P35226#Q99496,P61587,BMI1#RNF2,RND3,Other,0,neg2x_initial_degree_matched,,BMI1#RNF2,RND3,BMI1#RNF2|RND3,False,,golgi;membrane,,False,True,False,False,False,False,False,False,0.0,CRC,NA
E3|P35226#Q99496|O43395,E3|P35226#Q99496,E3,P35226#Q99496,O43395,BMI1#RNF2,PRPF3,Other,0,neg2x_initial_degree_matched,,BMI1#RNF2,PRPF3,BMI1#RNF2|PRPF3,False,,nucleus,,False,True,False,False,False,False,False,False,0.0,CRC,NA
E3|P35226#Q99496|Q8TCG1,E3|P35226#Q99496,E3,P35226#Q99496,Q8TCG1,BMI1#RNF2,CIP2A,Other,0,neg2x_initial_degree_matched,,BMI1#RNF2,CIP2A,BMI1#RNF2|CIP2A,False,,cytoplasm;nucleus,,False,True,False,False,False,False,False,False,0.0,CRC,NA
E3|P35226#Q99496|Q8WUM4,E3|P35226#Q99496,E3,P35226#Q99496,Q8WUM4,BMI1#RNF2,PDCD6IP,Other,0,neg2x_initial_degree_matched,,BMI1#RNF2,PDCD6IP,BMI1#RNF2|PDCD6IP,False,,cell_junction;cytoplasm;cytoskeleton;extracellular,,False,True,False,False,False,False,False,False,0.0,CRC,NA
E3|P35226#Q99496|Q16342,E3|P35226#Q99496,E3,P35226#Q99496,Q16342,BMI1#RNF2,PDCD2,Other,0,neg2x_initial_degree_matched,,BMI1#RNF2,PDCD2,BMI1#RNF2|PDCD2,False,,nucleus,,False,True,False,False,False,False,False,False,0.0,CRC,NA
E3|P35226#Q99496|Q92844,E3|P35226#Q99496,E3,P35226#Q99496,Q92844,BMI1#RNF2,TANK,Other,0,neg2x_initial_degree_matched,,BMI1#RNF2,TANK,BMI1#RNF2|TANK,False,,cytoplasm,,False,True,False,False,False,False,False,False,0.0,CRC,NA
E3|P35226#Q99496|Q9Y6D0,E3|P35226#Q99496,E3,P35226#Q99496,Q9Y6D0,BMI1#RNF2,SELENOK,Other,0,neg2x_initial_degree_matched,,BMI1#RNF2,SELENOK,BMI1#RNF2|SELENOK,False,,endoplasmic_reticulum;membrane;plasma_membrane,,False,True,False,False,False,False,False,False,0.0,CRC,NA
E3|P35226#Q99496|Q9UM11,E3|P35226#Q99496,E3,P35226#Q99496,Q9UM11,BMI1#RNF2,FZR1,Other,0,neg2x_initial_degree_matched,,BMI1#RNF2,FZR1,BMI1#RNF2|FZR1,False,,cytoplasm;nucleus,,False,True,False,False,False,False,False,False,0.0,CRC,NA
E3|P35226#Q99496|P10071,E3|P35226#Q99496,E3,P35226#Q99496,P10071,BMI1#RNF2,GLI3,Other,0,neg2x_initial_degree_matched,,BMI1#RNF2,GLI3,BMI1#RNF2|GLI3,False,,cytoplasm;nucleus,,False,True,False,False,False,False,False,False,0.0,CRC,NA
E3|P35226#Q99496|Q9GZQ8,E3|P35226#Q99496,E3,P35226#Q99496,Q9GZQ8,BMI1#RNF2,MAP1LC3B,Other,0,neg2x_initial_degree_matched,,BMI1#RNF2,MAP1LC3B,BMI1#RNF2|MAP1LC3B,False,,cytoplasm;cytoskeleton;membrane;mitochondrion;vesicle,,False,True,False,False,False,False,False,False,0.0,CRC,NA
E3|P35226#Q99496|P35573,E3|P35226#Q99496,E3,P35226#Q99496,P35573,BMI1#RNF2,AGL,Other,0,neg2x_initial_degree_matched,,BMI1#RNF2,AGL,AGL|BMI1#RNF2,False,,cytoplasm;nucleus,,False,True,False,False,False,False,False,False,0.0,CRC,NA
E3|P35226#Q99496|Q13625,E3|P35226#Q99496,E3,P35226#Q99496,Q13625,BMI1#RNF2,TP53BP2,Other,0,neg2x_initial_degree_matched,,BMI1#RNF2,TP53BP2,BMI1#RNF2|TP53BP2,False,,cytoplasm;nucleus,,False,True,False,False,False,False,False,False,0.0,CRC,NA
E3|P35226#Q99496|P08047,E3|P35226#Q99496,E3,P35226#Q99496,P08047,BMI1#RNF2,SP1,Other,0,neg2x_initial_degree_matched,,BMI1#RNF2,SP1,BMI1#RNF2|SP1,False,,cytoplasm;nucleus,,False,True,False,False,False,False,False,False,0.0,CRC,NA
E3|P35226#Q99496|Q9UMX0,E3|P35226#Q99496,E3,P35226#Q99496,Q9UMX0,BMI1#RNF2,UBQLN1,Other,0,neg2x_initial_degree_matched,,BMI1#RNF2,UBQLN1,BMI1#RNF2|UBQLN1,False,,cytoplasm;endoplasmic_reticulum;membrane;nucleus;plasma_membrane;vesicle,,False,True,False,False,False,False,False,False,0.0,CRC,NA
E3|P35226#Q99496|Q9BXM7,E3|P35226#Q99496,E3,P35226#Q99496,Q9BXM7,BMI1#RNF2,PINK1,Other,0,neg2x_initial_degree_matched,,BMI1#RNF2,PINK1,BMI1#RNF2|PINK1,False,,cytoplasm;membrane;mitochondrion,,False,True,False,False,False,False,False,False,0.0,CRC,NA
E3|P35226#Q99496|P50539,E3|P35226#Q99496,E3,P35226#Q99496,P50539,BMI1#RNF2,MXI1,Other,0,neg2x_initial_degree_matched,,BMI1#RNF2,MXI1,BMI1#RNF2|MXI1,False,,nucleus,,False,True,False,False,False,False,False,False,0.0,CRC,NA
E3|P35226#Q99496|Q05086,E3|P35226#Q99496,E3,P35226#Q99496,Q05086,BMI1#RNF2,UBE3A,Other,0,neg2x_initial_degree_matched,,BMI1#RNF2,UBE3A,BMI1#RNF2|UBE3A,False,,cytoplasm;nucleus,,False,True,False,False,False,False,False,False,0.0,CRC,NA
E3|P35226#Q99496|P51843,E3|P35226#Q99496,E3,P35226#Q99496,P51843,BMI1#RNF2,NR0B1,Other,0,neg2x_initial_degree_matched,,BMI1#RNF2,NR0B1,BMI1#RNF2|NR0B1,False,,cytoplasm;nucleus,,False,True,False,False,False,False,False,False,0.0,CRC,NA
E3|P35226#Q99496|P10193,E3|P35226#Q99496,E3,P35226#Q99496,P10193,BMI1#RNF2,UL9,Other,0,neg2x_initial_degree_matched,,BMI1#RNF2,UL9,BMI1#RNF2|UL9,False,,,,False,False,False,False,False,False,False,False,0.0,CRC,NA
E3|P35226#Q99496|Q86T82,E3|P35226#Q99496,E3,P35226#Q99496,Q86T82,BMI1#RNF2,USP37,Other,0,neg2x_initial_degree_matched,,BMI1#RNF2,USP37,BMI1#RNF2|USP37,False,,nucleus,,False,True,False,False,False,False,False,False,0.0,CRC,NA
E3|P35226#Q99496|O14964,E3|P35226#Q99496,E3,P35226#Q99496,O14964,BMI1#RNF2,HGS,Other,0,neg2x_initial_degree_matched,,BMI1#RNF2,HGS,BMI1#RNF2|HGS,False,,cytoplasm;endosome;membrane,,False,True,False,False,False,False,False,False,0.0,CRC,NA
E3|P35226#Q99496|Q07820,E3|P35226#Q99496,E3,P35226#Q99496,Q07820,BMI1#RNF2,MCL1,Other,0,neg2x_initial_degree_matched,,BMI1#RNF2,MCL1,BMI1#RNF2|MCL1,False,,cytoplasm;membrane;mitochondrion;nucleus,,False,True,False,False,False,False,False,False,0.0,CRC,NA
E3|P35226#Q99496|Q9H2D6,E3|P35226#Q99496,E3,P35226#Q99496,Q9H2D6,BMI1#RNF2,TRIOBP,Other,0,neg2x_initial_degree_matched,,BMI1#RNF2,TRIOBP,BMI1#RNF2|TRIOBP,False,,cytoplasm;cytoskeleton;nucleus,,False,True,False,False,False,False,False,False,0.0,CRC,NA
E3|P35226#Q99496|Q9BPZ3,E3|P35226#Q99496,E3,P35226#Q99496,Q9BPZ3,BMI1#RNF2,PAIP2,Other,0,neg2x_initial_degree_matched,,BMI1#RNF2,PAIP2,BMI1#RNF2|PAIP2,False,,cytoplasm,,False,True,False,False,False,False,False,False,0.0,CRC,NA
E3|P35226#Q99496|P27361,E3|P35226#Q99496,E3,P35226#Q99496,P27361,BMI1#RNF2,MAPK3,Other,0,neg2x_initial_degree_matched,,BMI1#RNF2,MAPK3,BMI1#RNF2|MAPK3,False,,cell_junction;cytoplasm;membrane;nucleus,,False,True,False,False,False,False,False,False,0.0,CRC,NA
E3|P35226#Q99496|Q9NRD5,E3|P35226#Q99496,E3,P35226#Q99496,Q9NRD5,BMI1#RNF2,PICK1,Other,0,neg2x_initial_degree_matched,,BMI1#RNF2,PICK1,BMI1#RNF2|PICK1,False,,cytoplasm;cytoskeleton;membrane,,False,True,False,False,False,False,False,False,0.0,CRC,NA
E3|P35226#Q99496|Q5MJ70,E3|P35226#Q99496,E3,P35226#Q99496,Q5MJ70,BMI1#RNF2,SPDYA,Other,0,neg2x_initial_degree_matched,,BMI1#RNF2,SPDYA,BMI1#RNF2|SPDYA,False,,nucleus,,False,True,False,False,False,False,False,False,0.0,CRC,NA
E3|P35226|Q9NPH3,E3|P35226,E3,P35226,Q9NPH3,BMI1,IL1RAP,RING,0,neg2x_initial_degree_matched,,BMI1,IL1RAP,BMI1|IL1RAP,False,cytoplasm;nucleus,extracellular;membrane;plasma_membrane,,True,True,False,True,True,False,False,False,0.14684,CRC,CRC|CRC_GSE146771_Smartseq2_expression_Celltype_majorlineage|Fibroblasts
E3|P35226|Q92918,E3|P35226,E3,P35226,Q92918,BMI1,MAP4K1,RING,0,neg2x_initial_degree_matched,,BMI1,MAP4K1,BMI1|MAP4K1,False,cytoplasm;nucleus,,,True,False,False,True,True,False,False,False,0.20029,CRC,CRC|CRC_GSE146771_Smartseq2_expression_Celltype_majorlineage|Plasma
E3|P35226|P08195,E3|P35226,E3,P35226,P08195,BMI1,SLC3A2,RING,0,neg2x_initial_degree_matched,,BMI1,SLC3A2,BMI1|SLC3A2,False,cytoplasm;nucleus,cell_junction;lysosome;membrane;plasma_membrane,,True,True,False,True,True,False,False,False,0.25946,LIHC,LIHC|LIHC_GSE140228_Smartseq2_expression_Celltype_majorlineage|Mast
E3|P35226|P20039,E3|P35226,E3,P35226,P20039,BMI1,HLA-DRB1,RING,0,neg2x_initial_degree_matched,,BMI1,HLA-DRB1,BMI1|HLA-DRB1,False,cytoplasm;nucleus,,,True,False,False,True,True,False,False,False,0.25946,LIHC,LIHC|LIHC_GSE140228_Smartseq2_expression_Celltype_majorlineage|Mast
E3|P35226|Q7Z434,E3|P35226,E3,P35226,Q7Z434,BMI1,MAVS,RING,0,neg2x_initial_degree_matched,,BMI1,MAVS,BMI1|MAVS,False,cytoplasm;nucleus,membrane;mitochondrion;peroxisome,,True,True,False,True,True,False,False,False,0.21098,CRC,CRC|CRC_GSE166555_expression_Celltype_majorlineage|Fibroblasts
E3|P35226|Q13794,E3|P35226,E3,P35226,Q13794,BMI1,PMAIP1,RING,0,neg2x_initial_degree_matched,,BMI1,PMAIP1,BMI1|PMAIP1,False,cytoplasm;nucleus,mitochondrion,,True,True,False,True,True,False,False,False,0.25946,LIHC,LIHC|LIHC_GSE140228_Smartseq2_expression_Celltype_majorlineage|Mast
E3|P35226|Q9Y286,E3|P35226,E3,P35226,Q9Y286,BMI1,SIGLEC7,RING,0,neg2x_initial_degree_matched,,BMI1,SIGLEC7,BMI1|SIGLEC7,False,cytoplasm;nucleus,membrane,,True,True,False,True,True,False,False,False,0.21685,LIHC,LIHC|LIHC_GSE140228_Smartseq2_expression_Celltype_majorlineage|Mast
E3|P36406|Q15910,E3|P36406,E3,P36406,Q15910,TRIM23,EZH2,RING,0,neg2x_initial_degree_matched,,TRIM23,EZH2,EZH2|TRIM23,False,cytoplasm;golgi;lysosome;membrane,nucleus,,True,True,False,True,True,False,False,False,0.14814,LIHC,LIHC|LIHC_GSE98638_expression_Celltype_majorlineage|Treg
E3|P36406|P19237,E3|P36406,E3,P36406,P19237,TRIM23,TNNI1,RING,0,neg2x_initial_degree_matched,,TRIM23,TNNI1,TNNI1|TRIM23,False,cytoplasm;golgi;lysosome;membrane,,,True,False,False,True,True,False,False,False,0.01752,CRC,CRC|CRC_GSE146771_Smartseq2_expression_Celltype_majorlineage|Malignant
E3|P36406|O00308,E3|P36406,E3,P36406,O00308,TRIM23,WWP2,RING,0,neg2x_initial_degree_matched,,TRIM23,WWP2,TRIM23|WWP2,False,cytoplasm;golgi;lysosome;membrane,nucleus,,True,True,False,True,True,False,False,False,0.14814,LIHC,LIHC|LIHC_GSE98638_expression_Celltype_majorlineage|Treg
E3|P37231|P63252,E3|P37231,E3,P37231,P63252,PPARG,KCNJ2,RING,0,neg2x_initial_degree_matched,,PPARG,KCNJ2,KCNJ2|PPARG,False,cytoplasm;nucleus,membrane;plasma_membrane,,True,True,False,True,True,False,False,False,0.16648,CRC,CRC|CRC_GSE166555_expression_Celltype_majorlineage|Endothelial
E3|P38398|O75365,E3|P38398,E3,P38398,O75365,BRCA1,PTP4A3,RING,0,neg2x_initial_degree_matched,,BRCA1,PTP4A3,BRCA1|PTP4A3,False,cytoplasm;nucleus,endosome;membrane;plasma_membrane,,True,True,False,True,True,False,False,False,0.14623,CRC,CRC|CRC_GSE139555_expression_Celltype_majorlineage|Myofibroblasts
E3|P38398|Q9ULT6,E3|P38398,E3,P38398,Q9ULT6,BRCA1,ZNRF3,RING,0,neg2x_initial_degree_matched,,BRCA1,ZNRF3,BRCA1|ZNRF3,False,cytoplasm;nucleus,membrane;plasma_membrane,,True,True,False,True,True,False,False,False,0.15226,CRC,CRC|CRC_GSE139555_expression_Celltype_majorlineage|Myofibroblasts
E3|P38398|O75460,E3|P38398,E3,P38398,O75460,BRCA1,ERN1,RING,0,neg2x_initial_degree_matched,,BRCA1,ERN1,BRCA1|ERN1,False,cytoplasm;nucleus,endoplasmic_reticulum;membrane,,True,True,False,True,True,False,False,False,0.23193,CRC,CRC|CRC_GSE146771_Smartseq2_expression_Celltype_majorlineage|Tprolif
E3|P38398|Q14558,E3|P38398,E3,P38398,Q14558,BRCA1,PRPSAP1,RING,0,neg2x_initial_degree_matched,,BRCA1,PRPSAP1,BRCA1|PRPSAP1,False,cytoplasm;nucleus,,,True,False,False,True,True,False,False,False,0.48611,CRC,CRC|CRC_GSE108989_expression_Celltype_majorlineage|Tprolif
E3|P38398|P07333,E3|P38398,E3,P38398,P07333,BRCA1,CSF1R,RING,0,neg2x_initial_degree_matched,,BRCA1,CSF1R,BRCA1|CSF1R,False,cytoplasm;nucleus,membrane;plasma_membrane,,True,True,False,True,True,False,False,False,0.25647,LIHC,LIHC|LIHC_GSE166635_expression_Celltype_majorlineage|Tprolif
E3|P38398|P16070,E3|P38398,E3,P38398,P16070,BRCA1,CD44,RING,0,neg2x_initial_degree_matched,,BRCA1,CD44,BRCA1|CD44,False,cytoplasm;nucleus,cytoskeleton;extracellular;membrane;plasma_membrane,,True,True,False,True,True,False,False,False,0.58796,LIHC,LIHC|LIHC_GSE146115_expression_Celltype_majorlineage|Tprolif
E3|P38398|P42081,E3|P38398,E3,P38398,P42081,BRCA1,CD86,RING,0,neg2x_initial_degree_matched,,BRCA1,CD86,BRCA1|CD86,False,cytoplasm;nucleus,membrane;plasma_membrane,,True,True,False,True,True,False,False,False,0.29472,LIHC,LIHC|LIHC_GSE140228_Smartseq2_expression_Celltype_majorlineage|Tprolif
E3|P38398|Q9HB29,E3|P38398,E3,P38398,Q9HB29,BRCA1,IL1RL2,RING,0,neg2x_initial_degree_matched,,BRCA1,IL1RL2,BRCA1|IL1RL2,False,cytoplasm;nucleus,membrane,,True,True,False,True,True,False,False,False,0.03247,CRC,CRC|CRC_GSE166555_expression_Celltype_majorlineage|Mono/Macro
E3|P38398|P40189,E3|P38398,E3,P38398,P40189,BRCA1,IL6ST,RING,0,neg2x_initial_degree_matched,,BRCA1,IL6ST,BRCA1|IL6ST,False,cytoplasm;nucleus,extracellular;membrane;plasma_membrane,,True,True,False,True,True,False,False,False,0.65105,LIHC,LIHC|LIHC_GSE146115_expression_Celltype_majorlineage|Tprolif
E3|P38398|Q12981,E3|P38398,E3,P38398,Q12981,BRCA1,BNIP1,RING,0,neg2x_initial_degree_matched,,BRCA1,BNIP1,BNIP1|BRCA1,False,cytoplasm;nucleus,endoplasmic_reticulum;membrane;mitochondrion,,True,True,False,True,True,False,False,False,0.191,CRC,CRC|CRC_GSE146771_Smartseq2_expression_Celltype_majorlineage|Tprolif
E3|P38398|P15813,E3|P38398,E3,P38398,P15813,BRCA1,CD1D,RING,0,neg2x_initial_degree_matched,,BRCA1,CD1D,BRCA1|CD1D,False,cytoplasm;nucleus,endoplasmic_reticulum;endosome;lysosome;membrane;plasma_membrane,,True,True,False,True,True,False,False,False,0.12494,LIHC,LIHC|LIHC_GSE166635_expression_Celltype_majorlineage|Tprolif
E3|P38398|Q15726,E3|P38398,E3,P38398,Q15726,BRCA1,KISS1,RING,0,neg2x_initial_degree_matched,,BRCA1,KISS1,BRCA1|KISS1,False,cytoplasm;nucleus,extracellular,,True,True,False,True,True,False,False,False,0.0462,CRC,CRC|CRC_EMTAB8107_expression_Celltype_majorlineage|Malignant
E3|P38398|O95994,E3|P38398,E3,P38398,O95994,BRCA1,AGR2,RING,0,neg2x_initial_degree_matched,,BRCA1,AGR2,AGR2|BRCA1,False,cytoplasm;nucleus,endoplasmic_reticulum;extracellular,,True,True,False,True,True,False,False,False,0.15226,CRC,CRC|CRC_GSE139555_expression_Celltype_majorlineage|Myofibroblasts
E3|P38398|P55085,E3|P38398,E3,P38398,P55085,BRCA1,F2RL1,RING,0,neg2x_initial_degree_matched,,BRCA1,F2RL1,BRCA1|F2RL1,False,cytoplasm;nucleus,membrane;plasma_membrane,,True,True,False,True,True,False,False,False,0.15226,CRC,CRC|CRC_GSE139555_expression_Celltype_majorlineage|Myofibroblasts
E3|P38398|P19174,E3|P38398,E3,P38398,P19174,BRCA1,PLCG1,RING,0,neg2x_initial_degree_matched,,BRCA1,PLCG1,BRCA1|PLCG1,False,cytoplasm;nucleus,,,True,False,False,True,True,False,False,False,0.18924,LIHC,LIHC|LIHC_GSE98638_expression_Celltype_majorlineage|Tprolif
E3|P38398|P37173,E3|P38398,E3,P38398,P37173,BRCA1,TGFBR2,RING,0,neg2x_initial_degree_matched,,BRCA1,TGFBR2,BRCA1|TGFBR2,False,cytoplasm;nucleus,extracellular;membrane;plasma_membrane,,True,True,False,True,True,False,False,False,0.33853,LIHC,LIHC|LIHC_GSE98638_expression_Celltype_majorlineage|Tprolif
E3|P38398|P42261,E3|P38398,E3,P38398,P42261,BRCA1,GRIA1,RING,0,neg2x_initial_degree_matched,,BRCA1,GRIA1,BRCA1|GRIA1,False,cytoplasm;nucleus,endoplasmic_reticulum;endosome;membrane;plasma_membrane,,True,True,False,True,True,False,False,False,0.07668,CRC,CRC|CRC_GSE146771_Smartseq2_expression_Celltype_majorlineage|Endothelial
E3|P40337|P03956,E3|P40337,E3,P40337,P03956,VHL,MMP1,SOCS_VHL_BC-box,0,neg2x_initial_degree_matched,,VHL,MMP1,MMP1|VHL,False,cytoplasm;endoplasmic_reticulum;membrane;nucleus;plasma_membrane,extracellular,,True,True,False,True,True,False,False,False,0.15926,CRC,CRC|CRC_GSE166555_expression_Celltype_majorlineage|Fibroblasts
E3|P40337|P02765,E3|P40337,E3,P40337,P02765,VHL,AHSG,SOCS_VHL_BC-box,0,neg2x_initial_degree_matched,,VHL,AHSG,AHSG|VHL,False,cytoplasm;endoplasmic_reticulum;membrane;nucleus;plasma_membrane,extracellular,,True,True,False,True,True,False,False,False,0.57879,LIHC,LIHC|LIHC_GSE146115_expression_Celltype_majorlineage|Malignant
E3|P40337|P05976,E3|P40337,E3,P40337,P05976,VHL,MYL1,SOCS_VHL_BC-box,0,neg2x_initial_degree_matched,,VHL,MYL1,MYL1|VHL,False,cytoplasm;endoplasmic_reticulum;membrane;nucleus;plasma_membrane,,,True,False,False,True,False,False,False,False,0.00117,CRC,CRC|CRC_GSE108989_expression_Celltype_majorlineage|CD4Tconv
E3|P40337|Q9P2F8,E3|P40337,E3,P40337,Q9P2F8,VHL,SIPA1L2,SOCS_VHL_BC-box,0,neg2x_initial_degree_matched,,VHL,SIPA1L2,SIPA1L2|VHL,False,cytoplasm;endoplasmic_reticulum;membrane;nucleus;plasma_membrane,,,True,False,False,True,True,False,False,False,0.24332,LIHC,LIHC|LIHC_GSE179795_expression_Celltype_majorlineage|Mono/Macro
E3|P41002|Q99759,E3|P41002,E3,P41002,Q99759,CCNF,MAP3K3,F-box,0,neg2x_initial_degree_matched,,CCNF,MAP3K3,CCNF|MAP3K3,False,cytoplasm;cytoskeleton;nucleus,,,True,False,False,True,True,False,False,False,0.24739,LIHC,LIHC|LIHC_GSE146115_expression_Celltype_majorlineage|Tprolif
E3|P41002|O15503,E3|P41002,E3,P41002,O15503,CCNF,INSIG1,F-box,0,neg2x_initial_degree_matched,,CCNF,INSIG1,CCNF|INSIG1,False,cytoplasm;cytoskeleton;nucleus,endoplasmic_reticulum;membrane,,True,True,False,True,True,False,False,False,0.48318,CRC,CRC|CRC_GSE108989_expression_Celltype_majorlineage|Tprolif
E3|P41002|Q8WU17,E3|P41002,E3,P41002,Q8WU17,CCNF,RNF139,F-box,0,neg2x_initial_degree_matched,,CCNF,RNF139,CCNF|RNF139,False,cytoplasm;cytoskeleton;nucleus,endoplasmic_reticulum;membrane,,True,True,False,True,True,False,False,False,0.35118,LIHC,LIHC|LIHC_GSE140228_Smartseq2_expression_Celltype_majorlineage|Tprolif
E3|P46934|O95147,E3|P46934,E3,P46934,O95147,NEDD4,NEK2,HECT,0,neg2x_initial_degree_matched,,NEDD4,NEK2,NEDD4|NEK2,False,cytoplasm;membrane;nucleus;plasma_membrane,,,True,False,False,True,True,False,False,False,0.19438,CRC,CRC|CRC_GSE146771_Smartseq2_expression_Celltype_majorlineage|Tprolif
E3|P46934|O76013,E3|P46934,E3,P46934,O76013,NEDD4,KRT36,HECT,0,neg2x_initial_degree_matched,,NEDD4,KRT36,KRT36|NEDD4,False,cytoplasm;membrane;nucleus;plasma_membrane,,,True,False,False,True,True,False,False,False,0.00894,LIHC,LIHC|LIHC_GSE98638_expression_Celltype_majorlineage|CD8Tex
E3|P46934|P06790,E3|P46934,E3,P46934,P06790,NEDD4,E2,HECT,0,neg2x_initial_degree_matched,,NEDD4,E2,E2|NEDD4,False,cytoplasm;membrane;nucleus;plasma_membrane,,,True,False,False,False,False,False,False,False,0.0,CRC,NA
E3|P46934|Q29974,E3|P46934,E3,P46934,Q29974,NEDD4,HLA-DRB1,HECT,0,neg2x_initial_degree_matched,,NEDD4,HLA-DRB1,HLA-DRB1|NEDD4,False,cytoplasm;membrane;nucleus;plasma_membrane,,,True,False,False,True,True,False,False,False,0.84455,CRC,CRC|CRC_GSE146771_Smartseq2_expression_Celltype_majorlineage|Mono/Macro
E3|P46934|Q2PQ59,E3|P46934,E3,P46934,Q2PQ59,NEDD4,TOP2alpha,HECT,0,neg2x_initial_degree_matched,,NEDD4,TOP2ALPHA,NEDD4|TOP2ALPHA,False,cytoplasm;membrane;nucleus;plasma_membrane,,,True,False,False,False,False,False,False,False,0.0,CRC,NA
E3|P46934|Q13233,E3|P46934,E3,P46934,Q13233,NEDD4,MAP3K1,HECT,0,neg2x_initial_degree_matched,,NEDD4,MAP3K1,MAP3K1|NEDD4,False,cytoplasm;membrane;nucleus;plasma_membrane,,,True,False,False,True,True,False,False,False,0.26637,CRC,CRC|CRC_GSE146771_Smartseq2_expression_Celltype_majorlineage|Mono/Macro
E3|P46934|O00763,E3|P46934,E3,P46934,O00763,NEDD4,ACACB,HECT,0,neg2x_initial_degree_matched,,NEDD4,ACACB,ACACB|NEDD4,False,cytoplasm;membrane;nucleus;plasma_membrane,mitochondrion,,True,True,False,True,True,False,False,False,0.30173,LIHC,LIHC|LIHC_GSE146115_expression_Celltype_majorlineage|Malignant
E3|P46934|Q30134,E3|P46934,E3,P46934,Q30134,NEDD4,HLA-DRB1,HECT,0,neg2x_initial_degree_matched,,NEDD4,HLA-DRB1,HLA-DRB1|NEDD4,False,cytoplasm;membrane;nucleus;plasma_membrane,,,True,False,False,True,True,False,False,False,0.84455,CRC,CRC|CRC_GSE146771_Smartseq2_expression_Celltype_majorlineage|Mono/Macro
E3|P46934|Q6ZWH5,E3|P46934,E3,P46934,Q6ZWH5,NEDD4,NEK10,HECT,0,neg2x_initial_degree_matched,,NEDD4,NEK10,NEDD4|NEK10,False,cytoplasm;membrane;nucleus;plasma_membrane,,,True,False,False,True,True,False,False,False,0.07068,LIHC,LIHC|LIHC_GSE98638_expression_Celltype_majorlineage|Treg
E3|P46934|Q9H9R9,E3|P46934,E3,P46934,Q9H9R9,NEDD4,DBNDD1,HECT,0,neg2x_initial_degree_matched,,NEDD4,DBNDD1,DBNDD1|NEDD4,False,cytoplasm;membrane;nucleus;plasma_membrane,,,True,False,False,True,True,False,False,False,0.12222,LIHC,LIHC|LIHC_GSE146115_expression_Celltype_majorlineage|Malignant
E3|P46934|P04085,E3|P46934,E3,P46934,P04085,NEDD4,PDGFA,HECT,0,neg2x_initial_degree_matched,,NEDD4,PDGFA,NEDD4|PDGFA,False,cytoplasm;membrane;nucleus;plasma_membrane,extracellular,,True,True,False,True,True,False,False,False,0.59704,CRC,CRC|CRC_GSE146771_Smartseq2_expression_Celltype_majorlineage|Fibroblasts
E3|P46934|A4F535,E3|P46934,E3,P46934,A4F535,NEDD4,P,HECT,0,neg2x_initial_degree_matched,,NEDD4,P,NEDD4|P,False,cytoplasm;membrane;nucleus;plasma_membrane,,,True,False,False,False,False,False,False,False,0.0,CRC,NA
E3|P46934|Q08AJ9,E3|P46934,E3,P46934,Q08AJ9,NEDD4,HIST1H2AB,HECT,0,neg2x_initial_degree_matched,,NEDD4,HIST1H2AB,HIST1H2AB|NEDD4,False,cytoplasm;membrane;nucleus;plasma_membrane,,,True,False,False,True,True,False,False,False,0.0738,CRC,CRC|CRC_GSE146771_Smartseq2_expression_Celltype_majorlineage|Malignant
E3|P46934|Q9Y2R9,E3|P46934,E3,P46934,Q9Y2R9,NEDD4,MRPS7,HECT,0,neg2x_initial_degree_matched,,NEDD4,MRPS7,MRPS7|NEDD4,False,cytoplasm;membrane;nucleus;plasma_membrane,mitochondrion,,True,True,False,True,True,False,False,False,0.5659,CRC,CRC|CRC_GSE146771_Smartseq2_expression_Celltype_majorlineage|Fibroblasts
E3|P46934|P19429,E3|P46934,E3,P46934,P19429,NEDD4,TNNI3,HECT,0,neg2x_initial_degree_matched,,NEDD4,TNNI3,NEDD4|TNNI3,False,cytoplasm;membrane;nucleus;plasma_membrane,,,True,False,False,True,True,False,False,False,0.08792,LIHC,LIHC|LIHC_GSE166635_expression_Celltype_majorlineage|Malignant
E3|P49427|P18065,E3|P49427,E3,P49427,P18065,CDC34,IGFBP2,Other,0,neg2x_initial_degree_matched,,CDC34,IGFBP2,CDC34|IGFBP2,False,cytoplasm;nucleus,extracellular,,True,True,False,True,True,False,False,False,0.26954,CRC,CRC|CRC_GSE166555_expression_Celltype_majorlineage|Malignant
E3|P49427|O60883,E3|P49427,E3,P49427,O60883,CDC34,GPR37L1,Other,0,neg2x_initial_degree_matched,,CDC34,GPR37L1,CDC34|GPR37L1,False,cytoplasm;nucleus,membrane;plasma_membrane,,True,True,False,True,True,False,False,False,0.04813,CRC,CRC|CRC_EMTAB8107_expression_Celltype_majorlineage|Enteric glial
E3|P50876|P06935,E3|P50876,E3,P50876,P06935,RNF144A,,SINGLE_OTHER,0,neg2x_initial_degree_matched,,RNF144A,,,False,cytoplasm;endoplasmic_reticulum;endosome;membrane;plasma_membrane;vesicle,,,True,False,False,False,False,False,False,False,0.0,CRC,NA
E3|P50876|O75444,E3|P50876,E3,P50876,O75444,RNF144A,MAF,SINGLE_OTHER,0,neg2x_initial_degree_matched,,RNF144A,MAF,MAF|RNF144A,False,cytoplasm;endoplasmic_reticulum;endosome;membrane;plasma_membrane;vesicle,nucleus,,True,True,False,True,True,False,False,False,0.17867,LIHC,LIHC|LIHC_GSE140228_Smartseq2_expression_Celltype_majorlineage|Mast
E3|P53804|P02765,E3|P53804,E3,P53804,P02765,TTC3,AHSG,RING,0,neg2x_initial_degree_matched,,TTC3,AHSG,AHSG|TTC3,False,cytoplasm;golgi;nucleus,extracellular,,True,True,False,True,True,False,False,False,0.86866,LIHC,LIHC|LIHC_GSE146115_expression_Celltype_majorlineage|Malignant
E3|P62253|Q92542,E3|P62253,E3,P62253,Q92542,UBE2G1,NCSTN,Other,0,neg2x_initial_degree_matched,,UBE2G1,NCSTN,NCSTN|UBE2G1,False,,cytoplasm;membrane;vesicle,,False,True,False,True,True,False,False,False,0.49778,LIHC,LIHC|LIHC_GSE98638_expression_Celltype_majorlineage|CD8Tex
E3|P62253|O43313,E3|P62253,E3,P62253,O43313,UBE2G1,ATMIN,Other,0,neg2x_initial_degree_matched,,UBE2G1,ATMIN,ATMIN|UBE2G1,False,,nucleus,,False,True,False,True,True,False,False,False,0.258,LIHC,LIHC|LIHC_GSE146115_expression_Celltype_majorlineage|Tprolif
E3|P62877|P16471,E3|P62877,E3,P62877,P16471,RBX1,PRLR,RING,0,neg2x_initial_degree_matched,,RBX1,PRLR,PRLR|RBX1,False,cytoplasm;nucleus,extracellular;membrane,,True,True,False,True,True,False,False,False,0.41373,LIHC,LIHC|LIHC_GSE146115_expression_Celltype_majorlineage|Malignant
E3|P62877|P05026,E3|P62877,E3,P62877,P05026,RBX1,ATP1B1,RING,0,neg2x_initial_degree_matched,,RBX1,ATP1B1,ATP1B1|RBX1,False,cytoplasm;nucleus,membrane;plasma_membrane,,True,True,False,True,True,False,True,True,1.00917,LIHC,LIHC|LIHC_GSE166635_expression_Celltype_majorlineage|Malignant
E3|P62877|Q99759,E3|P62877,E3,P62877,Q99759,RBX1,MAP3K3,RING,0,neg2x_initial_degree_matched,,RBX1,MAP3K3,MAP3K3|RBX1,False,cytoplasm;nucleus,,,True,False,False,True,True,False,False,False,0.39836,CRC,CRC|CRC_GSE166555_expression_Celltype_majorlineage|Endothelial
E3|P62877|Q7Z434,E3|P62877,E3,P62877,Q7Z434,RBX1,MAVS,RING,0,neg2x_initial_degree_matched,,RBX1,MAVS,MAVS|RBX1,False,cytoplasm;nucleus,membrane;mitochondrion;peroxisome,,True,True,False,True,True,False,False,False,0.63204,LIHC,LIHC|LIHC_GSE146115_expression_Celltype_majorlineage|Tprolif
E3|P69720|P24941,E3|P69720,E3,P69720,P24941,vif,CDK2,Other,0,neg2x_initial_degree_matched,,VIF,CDK2,CDK2|VIF,False,,cytoplasm;cytoskeleton;endosome;nucleus,,False,True,False,False,False,False,False,False,0.0,CRC,NA
E3|P69720|Q15173,E3|P69720,E3,P69720,Q15173,vif,PPP2R5B,Other,0,neg2x_initial_degree_matched,,VIF,PPP2R5B,PPP2R5B|VIF,False,,cytoplasm,,False,True,False,False,False,False,False,False,0.0,CRC,NA
E3|P69720|Q9BSA4,E3|P69720,E3,P69720,Q9BSA4,vif,TTYH2,Other,0,neg2x_initial_degree_matched,,VIF,TTYH2,TTYH2|VIF,False,,membrane;plasma_membrane,,False,True,False,False,False,False,False,False,0.0,CRC,NA
E3|P69720|P40189,E3|P69720,E3,P69720,P40189,vif,IL6ST,Other,0,neg2x_initial_degree_matched,,VIF,IL6ST,IL6ST|VIF,False,,extracellular;membrane;plasma_membrane,,False,True,False,False,False,False,False,False,0.0,CRC,NA
E3|P69720|Q9BUZ4,E3|P69720,E3,P69720,Q9BUZ4,vif,TRAF4,Other,0,neg2x_initial_degree_matched,,VIF,TRAF4,TRAF4|VIF,False,,cell_junction;cytoplasm;cytoskeleton;membrane;nucleus;plasma_membrane,,False,True,False,False,False,False,False,False,0.0,CRC,NA
E3|P69720|P16284,E3|P69720,E3,P69720,P16284,vif,PECAM1,Other,0,neg2x_initial_degree_matched,,VIF,PECAM1,PECAM1|VIF,False,,cell_junction;membrane;plasma_membrane,,False,True,False,False,False,False,False,False,0.0,CRC,NA
E3|P78317|P01857,E3|P78317,E3,P78317,P01857,RNF4,IGHG1,RING,0,neg2x_initial_degree_matched,,RNF4,IGHG1,IGHG1|RNF4,False,cytoplasm;nucleus,extracellular;membrane;plasma_membrane,,True,True,False,True,True,False,False,False,0.71046,LIHC,LIHC|LIHC_GSE140228_Smartseq2_expression_Celltype_majorlineage|Tprolif
E3|P78317|Q96PH1,E3|P78317,E3,P78317,Q96PH1,RNF4,NOX5,RING,0,neg2x_initial_degree_matched,,RNF4,NOX5,NOX5|RNF4,False,cytoplasm;nucleus,endoplasmic_reticulum;membrane;plasma_membrane,,True,True,False,True,True,False,False,False,0.0121,CRC,CRC|CRC_GSE146771_Smartseq2_expression_Celltype_majorlineage|Malignant
E3|P78317|P55017,E3|P78317,E3,P78317,P55017,RNF4,SLC12A3,RING,0,neg2x_initial_degree_matched,,RNF4,SLC12A3,RNF4|SLC12A3,False,cytoplasm;nucleus,membrane;plasma_membrane,,True,True,False,True,True,False,False,False,0.12772,LIHC,LIHC|LIHC_GSE140228_10X_expression_Celltype_majorlineage|ILC
E3|P78317|P43003,E3|P78317,E3,P78317,P43003,RNF4,SLC1A3,RING,0,neg2x_initial_degree_matched,,RNF4,SLC1A3,RNF4|SLC1A3,False,cytoplasm;nucleus,membrane;plasma_membrane,,True,True,False,True,True,False,False,False,0.31024,LIHC,LIHC|LIHC_GSE140228_Smartseq2_expression_Celltype_majorlineage|DC
E3|P78317|O00330,E3|P78317,E3,P78317,O00330,RNF4,PDHX,RING,0,neg2x_initial_degree_matched,,RNF4,PDHX,PDHX|RNF4,False,cytoplasm;nucleus,mitochondrion,,True,True,False,True,True,False,False,False,0.33565,LIHC,LIHC|LIHC_GSE140228_Smartseq2_expression_Celltype_majorlineage|Tprolif
E3|P90489|P22681,E3|P90489,E3,P90489,P22681,K5,CBL,Other,0,neg2x_initial_degree_matched,,K5,CBL,CBL|K5,False,,cytoplasm;golgi;membrane;plasma_membrane,,False,True,False,False,False,False,False,False,0.0,CRC,NA
E3|P90489|Q5JSP0,E3|P90489,E3,P90489,Q5JSP0,K5,FGD3,Other,0,neg2x_initial_degree_matched,,K5,FGD3,FGD3|K5,False,,cytoplasm;cytoskeleton,,False,True,False,False,False,False,False,False,0.0,CRC,NA
E3|P90489|Q15784,E3|P90489,E3,P90489,Q15784,K5,NEUROD2,Other,0,neg2x_initial_degree_matched,,K5,NEUROD2,K5|NEUROD2,False,,nucleus,,False,True,False,False,False,False,False,False,0.0,CRC,NA
E3|P90489|Q6PGQ7,E3|P90489,E3,P90489,Q6PGQ7,K5,BORA,Other,0,neg2x_initial_degree_matched,,K5,BORA,BORA|K5,False,,,,False,False,False,False,False,False,False,False,0.0,CRC,NA
E3|P90489|Q71DI3,E3|P90489,E3,P90489,Q71DI3,K5,H3C15,Other,0,neg2x_initial_degree_matched,,K5,H3C15,H3C15|K5,False,,nucleus,,False,True,False,False,False,False,False,False,0.0,CRC,NA
E3|P90489|P38936,E3|P90489,E3,P90489,P38936,K5,CDKN1A,Other,0,neg2x_initial_degree_matched,,K5,CDKN1A,CDKN1A|K5,False,,cytoplasm;nucleus,,False,True,False,False,False,False,False,False,0.0,CRC,NA
E3|P90489|Q9H492,E3|P90489,E3,P90489,Q9H492,K5,MAP1LC3A,Other,0,neg2x_initial_degree_matched,,K5,MAP1LC3A,K5|MAP1LC3A,False,,cytoplasm;cytoskeleton;membrane;vesicle,,False,True,False,False,False,False,False,False,0.0,CRC,NA
E3|P90489|Q12824,E3|P90489,E3,P90489,Q12824,K5,SMARCB1,Other,0,neg2x_initial_degree_matched,,K5,SMARCB1,K5|SMARCB1,False,,nucleus,,False,True,False,False,False,False,False,False,0.0,CRC,NA
E3|P90489|Q8NEG5,E3|P90489,E3,P90489,Q8NEG5,K5,ZSWIM2,Other,0,neg2x_initial_degree_matched,,K5,ZSWIM2,K5|ZSWIM2,False,,,,False,False,False,False,False,False,False,False,0.0,CRC,NA
E3|P90489|Q96PH1,E3|P90489,E3,P90489,Q96PH1,K5,NOX5,Other,0,neg2x_initial_degree_matched,,K5,NOX5,K5|NOX5,False,,endoplasmic_reticulum;membrane;plasma_membrane,,False,True,False,False,False,False,False,False,0.0,CRC,NA
E3|P90489|Q99801,E3|P90489,E3,P90489,Q99801,K5,NKX3-1,Other,0,neg2x_initial_degree_matched,,K5,NKX3-1,K5|NKX3-1,False,,nucleus,,False,True,False,False,False,False,False,False,0.0,CRC,NA
E3|P90489|P08393,E3|P90489,E3,P90489,P08393,K5,ICP0,Other,0,neg2x_initial_degree_matched,,K5,ICP0,ICP0|K5,False,,,,False,False,False,False,False,False,False,False,0.0,CRC,NA
E3|P90489|Q9Y508,E3|P90489,E3,P90489,Q9Y508,K5,RNF114,Other,0,neg2x_initial_degree_matched,,K5,RNF114,K5|RNF114,False,,cytoplasm;nucleus,,False,True,False,False,False,False,False,False,0.0,CRC,NA
E3|P90489|Q9P1Z2,E3|P90489,E3,P90489,Q9P1Z2,K5,CALCOCO1,Other,0,neg2x_initial_degree_matched,,K5,CALCOCO1,CALCOCO1|K5,False,,cytoplasm;nucleus,,False,True,False,False,False,False,False,False,0.0,CRC,NA
E3|P90489|Q9P126,E3|P90489,E3,P90489,Q9P126,K5,CLEC1B,Other,0,neg2x_initial_degree_matched,,K5,CLEC1B,CLEC1B|K5,False,,membrane,,False,True,False,False,False,False,False,False,0.0,CRC,NA
E3|P90489|P62330,E3|P90489,E3,P90489,P62330,K5,ARF6,Other,0,neg2x_initial_degree_matched,,K5,ARF6,ARF6|K5,False,,cytoplasm;endosome;golgi;membrane;plasma_membrane,,False,True,False,False,False,False,False,False,0.0,CRC,NA
E3|P90495|Q30134,E3|P90495,E3,P90495,Q30134,K3,HLA-DRB1,Other,0,neg2x_initial_degree_matched,,K3,HLA-DRB1,HLA-DRB1|K3,False,,,,False,False,False,False,False,False,False,False,0.0,CRC,NA
E3|P90495|Q96GM5,E3|P90495,E3,P90495,Q96GM5,K3,SMARCD1,Other,0,neg2x_initial_degree_matched,,K3,SMARCD1,K3|SMARCD1,False,,nucleus,,False,True,False,False,False,False,False,False,0.0,CRC,NA
E3|P90495|P08133,E3|P90495,E3,P90495,P08133,K3,ANXA6,Other,0,neg2x_initial_degree_matched,,K3,ANXA6,ANXA6|K3,False,,cytoplasm,,False,True,False,False,False,False,False,False,0.0,CRC,NA
E3|P90495|P41595,E3|P90495,E3,P90495,P41595,K3,HTR2B,Other,0,neg2x_initial_degree_matched,,K3,HTR2B,HTR2B|K3,False,,membrane;plasma_membrane,,False,True,False,False,False,False,False,False,0.0,CRC,NA
E3|P90495|Q9UGK3,E3|P90495,E3,P90495,Q9UGK3,K3,STAP2,Other,0,neg2x_initial_degree_matched,,K3,STAP2,K3|STAP2,False,,cytoplasm,,False,True,False,False,False,False,False,False,0.0,CRC,NA
E3|P90495|O14730,E3|P90495,E3,P90495,O14730,K3,RIOK3,Other,0,neg2x_initial_degree_matched,,K3,RIOK3,K3|RIOK3,False,,cytoplasm,,False,True,False,False,False,False,False,False,0.0,CRC,NA
E3|P98170|Q03135,E3|P98170,E3,P98170,Q03135,XIAP,CAV1,RING,0,neg2x_initial_degree_matched,,XIAP,CAV1,CAV1|XIAP,False,cytoplasm;nucleus,golgi;membrane;plasma_membrane,,True,True,False,True,True,False,False,False,0.50185,CRC,CRC|CRC_GSE166555_expression_Celltype_majorlineage|Endothelial
E3|P98170|P19634,E3|P98170,E3,P98170,P19634,XIAP,SLC9A1,RING,0,neg2x_initial_degree_matched,,XIAP,SLC9A1,SLC9A1|XIAP,False,cytoplasm;nucleus,membrane;plasma_membrane,,True,True,False,True,True,False,False,False,0.25481,LIHC,LIHC|LIHC_GSE179795_expression_Celltype_majorlineage|Mono/Macro
E3|P98170|Q15849,E3|P98170,E3,P98170,Q15849,XIAP,SLC14A2,RING,0,neg2x_initial_degree_matched,,XIAP,SLC14A2,SLC14A2|XIAP,False,cytoplasm;nucleus,membrane;plasma_membrane,,True,True,False,True,True,False,False,False,0.20331,LIHC,LIHC|LIHC_GSE146115_expression_Celltype_majorlineage|Malignant
E3|P98170|P31785,E3|P98170,E3,P98170,P31785,XIAP,IL2RG,RING,0,neg2x_initial_degree_matched,,XIAP,IL2RG,IL2RG|XIAP,False,cytoplasm;nucleus,membrane;plasma_membrane,,True,True,False,True,True,False,False,False,0.78927,LIHC,LIHC|LIHC_GSE146115_expression_Celltype_majorlineage|B
E3|P98170|Q8NEG5,E3|P98170,E3,P98170,Q8NEG5,XIAP,ZSWIM2,RING,0,neg2x_initial_degree_matched,,XIAP,ZSWIM2,XIAP|ZSWIM2,False,cytoplasm;nucleus,,,True,False,False,True,True,False,False,False,0.00248,CRC,CRC|CRC_GSE108989_expression_Celltype_majorlineage|CD8Tex
E3|P98170|P10523,E3|P98170,E3,P98170,P10523,XIAP,SAG,RING,0,neg2x_initial_degree_matched,,XIAP,SAG,SAG|XIAP,False,cytoplasm;nucleus,membrane,,True,True,False,True,True,False,False,False,0.0283,CRC,CRC|CRC_GSE146771_Smartseq2_expression_Celltype_majorlineage|Mast
E3|P98170|P13760,E3|P98170,E3,P98170,P13760,XIAP,HLA-DRB1,RING,0,neg2x_initial_degree_matched,,XIAP,HLA-DRB1,HLA-DRB1|XIAP,False,cytoplasm;nucleus,,,True,False,False,True,True,False,False,False,0.75211,LIHC,LIHC|LIHC_GSE146115_expression_Celltype_majorlineage|Mono/Macro
E3|P98170|Q7Z4L4,E3|P98170,E3,P98170,Q7Z4L4,XIAP,TNIK,RING,0,neg2x_initial_degree_matched,,XIAP,TNIK,TNIK|XIAP,False,cytoplasm;nucleus,,,True,False,False,True,True,False,False,False,0.334,CRC,CRC|CRC_GSE146771_Smartseq2_expression_Celltype_majorlineage|Mast
E3|Q00987|Q8NHL6,E3|Q00987,E3,Q00987,Q8NHL6,MDM2,LILRB1,RING,0,neg2x_initial_degree_matched,,MDM2,LILRB1,LILRB1|MDM2,False,cytoplasm;nucleus,extracellular;membrane;plasma_membrane,,True,True,False,True,True,False,False,False,0.51286,LIHC,LIHC|LIHC_GSE140228_Smartseq2_expression_Celltype_majorlineage|Mono/Macro
E3|Q00987|Q93070,E3|Q00987,E3,Q00987,Q93070,MDM2,ART4,RING,0,neg2x_initial_degree_matched,,MDM2,ART4,ART4|MDM2,False,cytoplasm;nucleus,membrane;plasma_membrane,,True,True,False,True,True,False,False,False,0.11135,LIHC,LIHC|LIHC_GSE146409_expression_Celltype_majorlineage|Hepatocytes
E3|Q00987|P51170,E3|Q00987,E3,Q00987,P51170,MDM2,SCNN1G,RING,0,neg2x_initial_degree_matched,,MDM2,SCNN1G,MDM2|SCNN1G,False,cytoplasm;nucleus,membrane;plasma_membrane,,True,True,False,True,True,False,False,False,0.10819,CRC,CRC|CRC_GSE166555_expression_Celltype_majorlineage|Epithelial
E3|Q00987|Q13571,E3|Q00987,E3,Q00987,Q13571,MDM2,LAPTM5,RING,0,neg2x_initial_degree_matched,,MDM2,LAPTM5,LAPTM5|MDM2,False,cytoplasm;nucleus,lysosome;membrane,,True,True,False,True,True,False,False,False,0.69514,CRC,CRC|CRC_GSE108989_expression_Celltype_majorlineage|Tprolif
E3|Q00987|P02647,E3|Q00987,E3,Q00987,P02647,MDM2,APOA1,RING,0,neg2x_initial_degree_matched,,MDM2,APOA1,APOA1|MDM2,False,cytoplasm;nucleus,extracellular,,True,True,False,True,True,False,False,False,0.35705,LIHC,LIHC|LIHC_GSE146115_expression_Celltype_majorlineage|Malignant
E3|Q00987|P20333,E3|Q00987,E3,Q00987,P20333,MDM2,TNFRSF1B,RING,0,neg2x_initial_degree_matched,,MDM2,TNFRSF1B,MDM2|TNFRSF1B,False,cytoplasm;nucleus,extracellular;membrane;plasma_membrane,,True,True,False,True,True,False,False,False,0.69514,CRC,CRC|CRC_GSE108989_expression_Celltype_majorlineage|Tprolif
E3|Q00987|P12532,E3|Q00987,E3,Q00987,P12532,MDM2,CKMT1A,RING,0,neg2x_initial_degree_matched,,MDM2,CKMT1A,CKMT1A|MDM2,False,cytoplasm;nucleus,membrane;mitochondrion,,True,True,False,True,True,False,False,False,0.18762,CRC,CRC|CRC_GSE146771_Smartseq2_expression_Celltype_majorlineage|Malignant
E3|Q00987|Q6ZVM7,E3|Q00987,E3,Q00987,Q6ZVM7,MDM2,TOM1L2,RING,0,neg2x_initial_degree_matched,,MDM2,TOM1L2,MDM2|TOM1L2,False,cytoplasm;nucleus,,,True,False,False,True,True,False,False,False,0.15657,CRC,CRC|CRC_GSE166555_expression_Celltype_majorlineage|Epithelial
E3|Q00987|P08581,E3|Q00987,E3,Q00987,P08581,MDM2,MET,RING,0,neg2x_initial_degree_matched,,MDM2,MET,MDM2|MET,False,cytoplasm;nucleus,extracellular;membrane,,True,True,False,True,True,False,False,False,0.35705,LIHC,LIHC|LIHC_GSE146115_expression_Celltype_majorlineage|Malignant
E3|Q00987|Q9BSA4,E3|Q00987,E3,Q00987,Q9BSA4,MDM2,TTYH2,RING,0,neg2x_initial_degree_matched,,MDM2,TTYH2,MDM2|TTYH2,False,cytoplasm;nucleus,membrane;plasma_membrane,,True,True,False,True,True,False,False,False,0.37267,LIHC,LIHC|LIHC_GSE140228_Smartseq2_expression_Celltype_majorlineage|DC
E3|Q00987|O60883,E3|Q00987,E3,Q00987,O60883,MDM2,GPR37L1,RING,0,neg2x_initial_degree_matched,,MDM2,GPR37L1,GPR37L1|MDM2,False,cytoplasm;nucleus,membrane;plasma_membrane,,True,True,False,True,True,False,False,False,0.07627,CRC,CRC|CRC_EMTAB8107_expression_Celltype_majorlineage|Enteric glial
E3|Q00987|Q8N519,E3|Q00987,E3,Q00987,Q8N519,MDM2,,RING,0,neg2x_initial_degree_matched,,MDM2,,,False,cytoplasm;nucleus,,,True,False,False,False,False,False,False,False,0.0,CRC,NA
E3|Q00987|Q569H4,E3|Q00987,E3,Q00987,Q569H4,MDM2,PRR16,RING,0,neg2x_initial_degree_matched,,MDM2,PRR16,MDM2|PRR16,False,cytoplasm;nucleus,,,True,False,False,True,True,False,False,False,0.29751,CRC,CRC|CRC_GSE146771_Smartseq2_expression_Celltype_majorlineage|Fibroblasts
E3|Q00987|Q9H1D0,E3|Q00987,E3,Q00987,Q9H1D0,MDM2,TRPV6,RING,0,neg2x_initial_degree_matched,,MDM2,TRPV6,MDM2|TRPV6,False,cytoplasm;nucleus,membrane;plasma_membrane,,True,True,False,True,True,False,False,False,0.04751,LIHC,LIHC|LIHC_GSE146409_expression_Celltype_majorlineage|Epithelial
E3|Q00987|P01889,E3|Q00987,E3,Q00987,P01889,MDM2,HLA-B,RING,0,neg2x_initial_degree_matched,,MDM2,HLA-B,HLA-B|MDM2,False,cytoplasm;nucleus,endoplasmic_reticulum;membrane;plasma_membrane,,True,True,False,True,True,False,False,False,0.69514,CRC,CRC|CRC_GSE108989_expression_Celltype_majorlineage|Tprolif
E3|Q00987|P48048,E3|Q00987,E3,Q00987,P48048,MDM2,KCNJ1,RING,0,neg2x_initial_degree_matched,,MDM2,KCNJ1,KCNJ1|MDM2,False,cytoplasm;nucleus,membrane;plasma_membrane,,True,True,False,True,True,False,False,False,0.01088,LIHC,LIHC|LIHC_GSE140228_Smartseq2_expression_Celltype_majorlineage|Mono/Macro
E3|Q00987|Q9UNK0,E3|Q00987,E3,Q00987,Q9UNK0,MDM2,STX8,RING,0,neg2x_initial_degree_matched,,MDM2,STX8,MDM2|STX8,False,cytoplasm;nucleus,endosome;membrane;plasma_membrane,,True,True,False,True,True,False,False,False,0.4103,CRC,CRC|CRC_GSE146771_Smartseq2_expression_Celltype_majorlineage|CD8T
E3|Q00987|Q9UBN4,E3|Q00987,E3,Q00987,Q9UBN4,MDM2,TRPC4,RING,0,neg2x_initial_degree_matched,,MDM2,TRPC4,MDM2|TRPC4,False,cytoplasm;nucleus,membrane;plasma_membrane,,True,True,False,True,True,False,False,False,0.18141,CRC,CRC|CRC_GSE146771_Smartseq2_expression_Celltype_majorlineage|Fibroblasts
E3|Q00987|O15146,E3|Q00987,E3,Q00987,O15146,MDM2,MUSK,RING,0,neg2x_initial_degree_matched,,MDM2,MUSK,MDM2|MUSK,False,cytoplasm;nucleus,membrane;plasma_membrane,,True,True,False,True,True,False,False,False,0.06903,CRC,CRC|CRC_GSE166555_expression_Celltype_majorlineage|Fibroblasts
E3|Q00987|Q9BYM8,E3|Q00987,E3,Q00987,Q9BYM8,MDM2,RBCK1,RING,0,neg2x_initial_degree_matched,,MDM2,RBCK1,MDM2|RBCK1,False,cytoplasm;nucleus,,,True,False,False,True,True,False,False,False,0.65704,LIHC,LIHC|LIHC_GSE98638_expression_Celltype_majorlineage|Tprolif
E3|Q00987|Q8TB46,E3|Q00987,E3,Q00987,Q8TB46,MDM2,ANKRD50,RING,0,neg2x_initial_degree_matched,,MDM2,ANKRD50,ANKRD50|MDM2,False,cytoplasm;nucleus,,,True,False,False,True,True,False,False,False,0.2388,CRC,CRC|CRC_GSE166555_expression_Celltype_majorlineage|Endothelial
E3|Q00987|O75581,E3|Q00987,E3,Q00987,O75581,MDM2,LRP6,RING,0,neg2x_initial_degree_matched,,MDM2,LRP6,LRP6|MDM2,False,cytoplasm;nucleus,endoplasmic_reticulum;membrane;plasma_membrane,,True,True,False,True,True,False,False,False,0.26178,CRC,CRC|CRC_GSE139555_expression_Celltype_majorlineage|Myofibroblasts
E3|Q00987|Q99062,E3|Q00987,E3,Q00987,Q99062,MDM2,CSF3R,RING,0,neg2x_initial_degree_matched,,MDM2,CSF3R,CSF3R|MDM2,False,cytoplasm;nucleus,extracellular;membrane;plasma_membrane,,True,True,False,True,True,False,False,False,0.51286,LIHC,LIHC|LIHC_GSE140228_Smartseq2_expression_Celltype_majorlineage|Mono/Macro
E3|Q00987|O60313,E3|Q00987,E3,Q00987,O60313,MDM2,OPA1,RING,0,neg2x_initial_degree_matched,,MDM2,OPA1,MDM2|OPA1,False,cytoplasm;nucleus,endoplasmic_reticulum;membrane;mitochondrion,,True,True,False,True,True,False,False,False,0.49386,LIHC,LIHC|LIHC_GSE98638_expression_Celltype_majorlineage|Tprolif
E3|Q00987|Q9Y6D0,E3|Q00987,E3,Q00987,Q9Y6D0,MDM2,SELENOK,RING,0,neg2x_initial_degree_matched,,MDM2,SELENOK,MDM2|SELENOK,False,cytoplasm;nucleus,endoplasmic_reticulum;membrane;plasma_membrane,,True,True,False,True,True,False,False,False,0.33628,CRC,CRC|CRC_GSE166555_expression_Celltype_majorlineage|Tprolif
E3|Q00987|Q9BV40,E3|Q00987,E3,Q00987,Q9BV40,MDM2,VAMP8,RING,0,neg2x_initial_degree_matched,,MDM2,VAMP8,MDM2|VAMP8,False,cytoplasm;nucleus,endosome;golgi;lysosome;membrane;plasma_membrane,,True,True,False,True,True,False,False,False,0.65987,LIHC,LIHC|LIHC_GSE140228_Smartseq2_expression_Celltype_majorlineage|Mast
E3|Q00987|P31645,E3|Q00987,E3,Q00987,P31645,MDM2,SLC6A4,RING,0,neg2x_initial_degree_matched,,MDM2,SLC6A4,MDM2|SLC6A4,False,cytoplasm;nucleus,cell_junction;endosome;membrane;plasma_membrane,,True,True,False,True,True,False,False,False,0.21301,LIHC,LIHC|LIHC_GSE146115_expression_Celltype_majorlineage|Mono/Macro
E3|Q00987|P16070,E3|Q00987,E3,Q00987,P16070,MDM2,CD44,RING,0,neg2x_initial_degree_matched,,MDM2,CD44,CD44|MDM2,False,cytoplasm;nucleus,cytoskeleton;extracellular;membrane;plasma_membrane,,True,True,False,True,True,False,False,False,0.69514,CRC,CRC|CRC_GSE108989_expression_Celltype_majorlineage|Tprolif
E3|Q00987|P17302,E3|Q00987,E3,Q00987,P17302,MDM2,GJA1,RING,0,neg2x_initial_degree_matched,,MDM2,GJA1,GJA1|MDM2,False,cytoplasm;nucleus,cell_junction;endoplasmic_reticulum;membrane;plasma_membrane,,True,True,False,True,True,False,False,False,0.34264,CRC,CRC|CRC_GSE146771_Smartseq2_expression_Celltype_majorlineage|Endothelial
E3|Q00987|Q70CQ3,E3|Q00987,E3,Q00987,Q70CQ3,MDM2,USP30,RING,0,neg2x_initial_degree_matched,,MDM2,USP30,MDM2|USP30,False,cytoplasm;nucleus,membrane;mitochondrion,,True,True,False,True,True,False,False,False,0.14957,CRC,CRC|CRC_GSE146771_Smartseq2_expression_Celltype_majorlineage|Tprolif
E3|Q00987|P60903,E3|Q00987,E3,Q00987,P60903,MDM2,S100A10,RING,0,neg2x_initial_degree_matched,,MDM2,S100A10,MDM2|S100A10,False,cytoplasm;nucleus,,,True,False,False,True,True,False,False,False,0.69514,CRC,CRC|CRC_GSE108989_expression_Celltype_majorlineage|Tprolif
E3|Q00987|Q99759,E3|Q00987,E3,Q00987,Q99759,MDM2,MAP3K3,RING,0,neg2x_initial_degree_matched,,MDM2,MAP3K3,MAP3K3|MDM2,False,cytoplasm;nucleus,,,True,False,False,True,True,False,False,False,0.51286,LIHC,LIHC|LIHC_GSE140228_Smartseq2_expression_Celltype_majorlineage|Mono/Macro
E3|Q00987|O00459,E3|Q00987,E3,Q00987,O00459,MDM2,PIK3R2,RING,0,neg2x_initial_degree_matched,,MDM2,PIK3R2,MDM2|PIK3R2,False,cytoplasm;nucleus,,,True,False,False,True,True,False,False,False,0.30356,LIHC,LIHC|LIHC_GSE146115_expression_Celltype_majorlineage|Malignant
E3|Q00987|P01912,E3|Q00987,E3,Q00987,P01912,MDM2,HLA-DRB1,RING,0,neg2x_initial_degree_matched,,MDM2,HLA-DRB1,HLA-DRB1|MDM2,False,cytoplasm;nucleus,,,True,False,False,True,True,False,False,False,0.69514,CRC,CRC|CRC_GSE108989_expression_Celltype_majorlineage|Tprolif
E3|Q00987|P08393,E3|Q00987,E3,Q00987,P08393,MDM2,ICP0,RING,0,neg2x_initial_degree_matched,,MDM2,ICP0,ICP0|MDM2,False,cytoplasm;nucleus,,,True,False,False,False,False,False,False,False,0.0,CRC,NA
E3|Q00987|P29033,E3|Q00987,E3,Q00987,P29033,MDM2,GJB2,RING,0,neg2x_initial_degree_matched,,MDM2,GJB2,GJB2|MDM2,False,cytoplasm;nucleus,cell_junction;membrane;plasma_membrane,,True,True,False,True,True,False,False,False,0.15916,CRC,CRC|CRC_GSE166555_expression_Celltype_majorlineage|Fibroblasts
E3|Q00987|P00367,E3|Q00987,E3,Q00987,P00367,MDM2,GLUD1,RING,0,neg2x_initial_degree_matched,,MDM2,GLUD1,GLUD1|MDM2,False,cytoplasm;nucleus,endoplasmic_reticulum;mitochondrion,,True,True,False,True,True,False,False,False,0.62063,CRC,CRC|CRC_GSE108989_expression_Celltype_majorlineage|Tprolif
E3|Q00987|O60762,E3|Q00987,E3,Q00987,O60762,MDM2,DPM1,RING,0,neg2x_initial_degree_matched,,MDM2,DPM1,DPM1|MDM2,False,cytoplasm;nucleus,endoplasmic_reticulum,,True,True,False,True,True,False,False,False,0.63562,CRC,CRC|CRC_GSE108989_expression_Celltype_majorlineage|Tprolif
E3|Q00987|P06127,E3|Q00987,E3,Q00987,P06127,MDM2,CD5,RING,0,neg2x_initial_degree_matched,,MDM2,CD5,CD5|MDM2,False,cytoplasm;nucleus,membrane;plasma_membrane,,True,True,False,True,True,False,False,False,0.69514,CRC,CRC|CRC_GSE108989_expression_Celltype_majorlineage|Tprolif
E3|Q00987|P08107,E3|Q00987,E3,Q00987,P08107,MDM2,HSPA1A,RING,0,neg2x_initial_degree_matched,,MDM2,HSPA1A,HSPA1A|MDM2,False,cytoplasm;nucleus,,,True,False,False,True,True,False,False,False,0.69514,CRC,CRC|CRC_GSE108989_expression_Celltype_majorlineage|Tprolif
E3|Q00987|P04085,E3|Q00987,E3,Q00987,P04085,MDM2,PDGFA,RING,0,neg2x_initial_degree_matched,,MDM2,PDGFA,MDM2|PDGFA,False,cytoplasm;nucleus,extracellular,,True,True,False,True,True,False,False,False,0.48582,CRC,CRC|CRC_GSE146771_Smartseq2_expression_Celltype_majorlineage|Fibroblasts
E3|Q00987|O14773,E3|Q00987,E3,Q00987,O14773,MDM2,TPP1,RING,0,neg2x_initial_degree_matched,,MDM2,TPP1,MDM2|TPP1,False,cytoplasm;nucleus,lysosome,,True,True,False,True,True,False,False,False,0.69356,CRC,CRC|CRC_GSE108989_expression_Celltype_majorlineage|Tprolif
E3|Q00987|P61968,E3|Q00987,E3,Q00987,P61968,MDM2,LMO4,RING,0,neg2x_initial_degree_matched,,MDM2,LMO4,LMO4|MDM2,False,cytoplasm;nucleus,,,True,False,False,True,True,False,False,False,0.40538,LIHC,LIHC|LIHC_GSE146115_expression_Celltype_majorlineage|B
E3|Q00987|P02751,E3|Q00987,E3,Q00987,P02751,MDM2,FN1,RING,0,neg2x_initial_degree_matched,,MDM2,FN1,FN1|MDM2,False,cytoplasm;nucleus,extracellular,,True,True,False,True,True,False,False,False,0.51286,LIHC,LIHC|LIHC_GSE140228_Smartseq2_expression_Celltype_majorlineage|Mono/Macro
E3|Q00987|P05556,E3|Q00987,E3,Q00987,P05556,MDM2,ITGB1,RING,0,neg2x_initial_degree_matched,,MDM2,ITGB1,ITGB1|MDM2,False,cytoplasm;nucleus,cell_junction;endosome;membrane;plasma_membrane,,True,True,False,True,True,False,False,False,0.69514,CRC,CRC|CRC_GSE108989_expression_Celltype_majorlineage|Tprolif
E3|Q00987|P36894,E3|Q00987,E3,Q00987,P36894,MDM2,BMPR1A,RING,0,neg2x_initial_degree_matched,,MDM2,BMPR1A,BMPR1A|MDM2,False,cytoplasm;nucleus,membrane;plasma_membrane,,True,True,False,True,True,False,False,False,0.12462,LIHC,LIHC|LIHC_GSE166635_expression_Celltype_majorlineage|Fibroblasts
E3|Q05086|Q96EQ8,E3|Q05086,E3,Q05086,Q96EQ8,UBE3A,RNF125,SINGLE_OTHER,0,neg2x_initial_degree_matched,,UBE3A,RNF125,RNF125|UBE3A,False,cytoplasm;nucleus,golgi;membrane;plasma_membrane,,True,True,False,True,True,False,False,False,0.4703,LIHC,LIHC|LIHC_GSE179795_expression_Celltype_majorlineage|ILC
E3|Q05086|Q00059,E3|Q05086,E3,Q05086,Q00059,UBE3A,TFAM,SINGLE_OTHER,0,neg2x_initial_degree_matched,,UBE3A,TFAM,TFAM|UBE3A,False,cytoplasm;nucleus,mitochondrion,,True,True,False,True,True,False,False,False,0.45662,CRC,CRC|CRC_GSE166555_expression_Celltype_majorlineage|Tprolif
E3|Q05086|Q8IXI2,E3|Q05086,E3,Q05086,Q8IXI2,UBE3A,RHOT1,SINGLE_OTHER,0,neg2x_initial_degree_matched,,UBE3A,RHOT1,RHOT1|UBE3A,False,cytoplasm;nucleus,membrane;mitochondrion,,True,True,False,True,True,False,False,False,0.25443,LIHC,LIHC|LIHC_GSE140228_Smartseq2_expression_Celltype_majorlineage|DC
E3|Q05086|O60858,E3|Q05086,E3,Q05086,O60858,UBE3A,TRIM13,SINGLE_OTHER,0,neg2x_initial_degree_matched,,UBE3A,TRIM13,TRIM13|UBE3A,False,cytoplasm;nucleus,endoplasmic_reticulum;membrane,,True,True,False,True,True,False,False,False,0.42265,LIHC,LIHC|LIHC_GSE98638_expression_Celltype_majorlineage|Tprolif
E3|Q05086|P80192,E3|Q05086,E3,Q05086,P80192,UBE3A,MAP3K9,SINGLE_OTHER,0,neg2x_initial_degree_matched,,UBE3A,MAP3K9,MAP3K9|UBE3A,False,cytoplasm;nucleus,,,True,False,False,True,True,False,False,False,0.34874,LIHC,LIHC|LIHC_GSE146115_expression_Celltype_majorlineage|Malignant
E3|Q05086|O76074,E3|Q05086,E3,Q05086,O76074,UBE3A,PDE5A,SINGLE_OTHER,0,neg2x_initial_degree_matched,,UBE3A,PDE5A,PDE5A|UBE3A,False,cytoplasm;nucleus,,,True,False,False,True,True,False,False,False,0.4895,CRC,CRC|CRC_GSE166555_expression_Celltype_majorlineage|Myofibroblasts
E3|Q05086|P29475,E3|Q05086,E3,Q05086,P29475,UBE3A,NOS1,SINGLE_OTHER,0,neg2x_initial_degree_matched,,UBE3A,NOS1,NOS1|UBE3A,False,cytoplasm;nucleus,membrane;plasma_membrane,,True,True,False,True,True,False,False,False,0.12419,LIHC,LIHC|LIHC_GSE146115_expression_Celltype_majorlineage|B
E3|Q05086|P49675,E3|Q05086,E3,Q05086,P49675,UBE3A,STAR,SINGLE_OTHER,0,neg2x_initial_degree_matched,,UBE3A,STAR,STAR|UBE3A,False,cytoplasm;nucleus,mitochondrion,,True,True,False,True,True,False,False,False,0.12666,LIHC,LIHC|LIHC_GSE146115_expression_Celltype_majorlineage|Mono/Macro
E3|Q05086|P08678,E3|Q05086,E3,Q05086,P08678,UBE3A,CYR1,SINGLE_OTHER,0,neg2x_initial_degree_matched,,UBE3A,CYR1,CYR1|UBE3A,False,cytoplasm;nucleus,,,True,False,False,False,False,False,False,False,0.0,CRC,NA
E3|Q05086|P15813,E3|Q05086,E3,Q05086,P15813,UBE3A,CD1D,SINGLE_OTHER,0,neg2x_initial_degree_matched,,UBE3A,CD1D,CD1D|UBE3A,False,cytoplasm;nucleus,endoplasmic_reticulum;endosome;lysosome;membrane;plasma_membrane,,True,True,False,True,True,False,False,False,0.36994,CRC,CRC|CRC_GSE166555_expression_Celltype_majorlineage|DC
E3|Q05086|P01023,E3|Q05086,E3,Q05086,P01023,UBE3A,A2M,SINGLE_OTHER,0,neg2x_initial_degree_matched,,UBE3A,A2M,A2M|UBE3A,False,cytoplasm;nucleus,extracellular,,True,True,False,True,True,False,False,False,0.74274,LIHC,LIHC|LIHC_GSE179795_expression_Celltype_majorlineage|Mono/Macro
E3|Q05086|P02765,E3|Q05086,E3,Q05086,P02765,UBE3A,AHSG,SINGLE_OTHER,0,neg2x_initial_degree_matched,,UBE3A,AHSG,AHSG|UBE3A,False,cytoplasm;nucleus,extracellular,,True,True,False,True,True,False,False,False,0.53979,LIHC,LIHC|LIHC_GSE146115_expression_Celltype_majorlineage|Malignant
E3|Q05086|P41180,E3|Q05086,E3,Q05086,P41180,UBE3A,CASR,SINGLE_OTHER,0,neg2x_initial_degree_matched,,UBE3A,CASR,CASR|UBE3A,False,cytoplasm;nucleus,membrane;plasma_membrane,,True,True,False,True,True,False,False,False,0.00972,CRC,CRC|CRC_GSE146771_Smartseq2_expression_Celltype_majorlineage|CD8T
E3|Q05086|Q15849,E3|Q05086,E3,Q05086,Q15849,UBE3A,SLC14A2,SINGLE_OTHER,0,neg2x_initial_degree_matched,,UBE3A,SLC14A2,SLC14A2|UBE3A,False,cytoplasm;nucleus,membrane;plasma_membrane,,True,True,False,True,True,False,False,False,0.20331,LIHC,LIHC|LIHC_GSE146115_expression_Celltype_majorlineage|Malignant
E3|Q05086|P15260,E3|Q05086,E3,Q05086,P15260,UBE3A,IFNGR1,SINGLE_OTHER,0,neg2x_initial_degree_matched,,UBE3A,IFNGR1,IFNGR1|UBE3A,False,cytoplasm;nucleus,membrane;plasma_membrane,,True,True,False,True,True,False,False,False,0.4703,LIHC,LIHC|LIHC_GSE179795_expression_Celltype_majorlineage|ILC
E3|Q05086|Q9BYM8,E3|Q05086,E3,Q05086,Q9BYM8,UBE3A,RBCK1,SINGLE_OTHER,0,neg2x_initial_degree_matched,,UBE3A,RBCK1,RBCK1|UBE3A,False,cytoplasm;nucleus,,,True,False,False,True,True,False,False,False,0.42265,LIHC,LIHC|LIHC_GSE98638_expression_Celltype_majorlineage|Tprolif
E3|Q05086|P46695,E3|Q05086,E3,Q05086,P46695,UBE3A,IER3,SINGLE_OTHER,0,neg2x_initial_degree_matched,,UBE3A,IER3,IER3|UBE3A,False,cytoplasm;nucleus,membrane,,True,True,False,True,True,False,False,False,0.49064,LIHC,LIHC|LIHC_GSE179795_expression_Celltype_majorlineage|Mono/Macro
E3|Q05086|O43734,E3|Q05086,E3,Q05086,O43734,UBE3A,TRAF3IP2,SINGLE_OTHER,0,neg2x_initial_degree_matched,,UBE3A,TRAF3IP2,TRAF3IP2|UBE3A,False,cytoplasm;nucleus,,,True,False,False,True,True,False,False,False,0.53979,LIHC,LIHC|LIHC_GSE146115_expression_Celltype_majorlineage|Malignant
E3|Q06587|Q9Y5Y9,E3|Q06587,E3,Q06587,Q9Y5Y9,RING1,SCN10A,RING,0,neg2x_initial_degree_matched,,RING1,SCN10A,RING1|SCN10A,False,nucleus,membrane;plasma_membrane,,True,True,False,True,True,False,False,False,0.00572,LIHC,LIHC|LIHC_GSE140228_Smartseq2_expression_Celltype_majorlineage|DC
E3|Q07869|Q93070,E3|Q07869,E3,Q07869,Q93070,PPARA,ART4,RING,0,neg2x_initial_degree_matched,,PPARA,ART4,ART4|PPARA,False,nucleus,membrane;plasma_membrane,,True,True,False,True,True,False,False,False,0.22251,LIHC,LIHC|LIHC_GSE146409_expression_Celltype_majorlineage|Endothelial
E3|Q09472|P23919,E3|Q09472,E3,Q09472,P23919,EP300,DTYMK,HECT,0,neg2x_initial_degree_matched,,EP300,DTYMK,DTYMK|EP300,False,cytoplasm;nucleus,,,True,False,False,True,True,False,False,False,0.62059,LIHC,LIHC|LIHC_GSE146115_expression_Celltype_majorlineage|Tprolif
E3|Q09472|P19235,E3|Q09472,E3,Q09472,P19235,EP300,EPOR,HECT,0,neg2x_initial_degree_matched,,EP300,EPOR,EP300|EPOR,False,cytoplasm;nucleus,extracellular;membrane;plasma_membrane,,True,True,False,True,True,False,False,False,0.1491,LIHC,LIHC|LIHC_GSE140228_Smartseq2_expression_Celltype_majorlineage|Tprolif
E3|Q09472|Q8NBJ4,E3|Q09472,E3,Q09472,Q8NBJ4,EP300,GOLM1,HECT,0,neg2x_initial_degree_matched,,EP300,GOLM1,EP300|GOLM1,False,cytoplasm;nucleus,golgi;membrane;plasma_membrane,,True,True,False,True,True,False,False,False,0.3627,CRC,CRC|CRC_GSE166555_expression_Celltype_majorlineage|Endothelial
E3|Q12834|P15151,E3|Q12834,E3,Q12834,P15151,CDC20,PVR,CDC20,0,neg2x_initial_degree_matched,,CDC20,PVR,CDC20|PVR,False,cytoplasm;cytoskeleton;nucleus,extracellular;membrane;plasma_membrane,,True,True,False,True,True,False,False,False,0.11365,LIHC,LIHC|LIHC_GSE146115_expression_Celltype_majorlineage|Tprolif
E3|Q12834|Q13740,E3|Q12834,E3,Q12834,Q13740,CDC20,ALCAM,CDC20,0,neg2x_initial_degree_matched,,CDC20,ALCAM,ALCAM|CDC20,False,cytoplasm;cytoskeleton;nucleus,extracellular;membrane;plasma_membrane,,True,True,False,True,True,False,False,False,0.39252,LIHC,LIHC|LIHC_GSE166635_expression_Celltype_majorlineage|Tprolif
E3|Q12834|Q08AJ9,E3|Q12834,E3,Q12834,Q08AJ9,CDC20,HIST1H2AB,CDC20,0,neg2x_initial_degree_matched,,CDC20,HIST1H2AB,CDC20|HIST1H2AB,False,cytoplasm;cytoskeleton;nucleus,,,True,False,False,True,True,False,False,False,0.2099,CRC,CRC|CRC_GSE139555_expression_Celltype_majorlineage|Tprolif
E3|Q12834|Q00059,E3|Q12834,E3,Q12834,Q00059,CDC20,TFAM,CDC20,0,neg2x_initial_degree_matched,,CDC20,TFAM,CDC20|TFAM,False,cytoplasm;cytoskeleton;nucleus,mitochondrion,,True,True,False,True,True,False,False,False,0.39658,CRC,CRC|CRC_GSE166555_expression_Celltype_majorlineage|Tprolif
E3|Q12899|Q96PH1,E3|Q12899,E3,Q12899,Q96PH1,TRIM26,NOX5,RING,0,neg2x_initial_degree_matched,,TRIM26,NOX5,NOX5|TRIM26,False,cytoplasm;nucleus,endoplasmic_reticulum;membrane;plasma_membrane,,True,True,False,True,True,False,False,False,0.0121,CRC,CRC|CRC_GSE146771_Smartseq2_expression_Celltype_majorlineage|Malignant
E3|Q12899|Q9NZ45,E3|Q12899,E3,Q12899,Q9NZ45,TRIM26,CISD1,RING,0,neg2x_initial_degree_matched,,TRIM26,CISD1,CISD1|TRIM26,False,cytoplasm;nucleus,membrane;mitochondrion,,True,True,False,True,True,False,False,False,0.27005,CRC,CRC|CRC_GSE146771_Smartseq2_expression_Celltype_majorlineage|Tprolif
E3|Q12933|P33993,E3|Q12933,E3,Q12933,P33993,TRAF2,MCM7,RING,0,neg2x_initial_degree_matched,,TRAF2,MCM7,MCM7|TRAF2,False,cytoplasm,nucleus,,True,True,False,True,True,False,False,False,0.42874,CRC,CRC|CRC_GSE108989_expression_Celltype_majorlineage|Tprolif
E3|Q12933|P08195,E3|Q12933,E3,Q12933,P08195,TRAF2,SLC3A2,RING,0,neg2x_initial_degree_matched,,TRAF2,SLC3A2,SLC3A2|TRAF2,False,cytoplasm,cell_junction;lysosome;membrane;plasma_membrane,,True,True,False,True,True,False,False,False,0.42874,CRC,CRC|CRC_GSE108989_expression_Celltype_majorlineage|Tprolif
E3|Q12933|P04554,E3|Q12933,E3,Q12933,P04554,TRAF2,PRM2,RING,0,neg2x_initial_degree_matched,,TRAF2,PRM2,PRM2|TRAF2,False,cytoplasm,nucleus,,True,True,False,False,False,False,False,False,0.0,CRC,NA
E3|Q12933|Q17RS7,E3|Q12933,E3,Q12933,Q17RS7,TRAF2,GEN1,RING,0,neg2x_initial_degree_matched,,TRAF2,GEN1,GEN1|TRAF2,False,cytoplasm,nucleus,,True,True,False,True,True,False,False,False,0.3061,LIHC,LIHC|LIHC_GSE98638_expression_Celltype_majorlineage|Tprolif
E3|Q12933|Q9NS37,E3|Q12933,E3,Q12933,Q9NS37,TRAF2,CREBZF,RING,0,neg2x_initial_degree_matched,,TRAF2,CREBZF,CREBZF|TRAF2,False,cytoplasm,nucleus,,True,True,False,True,True,False,False,False,0.31305,LIHC,LIHC|LIHC_GSE98638_expression_Celltype_majorlineage|Tprolif
E3|Q12933|Q9UJA2,E3|Q12933,E3,Q12933,Q9UJA2,TRAF2,CRLS1,RING,0,neg2x_initial_degree_matched,,TRAF2,CRLS1,CRLS1|TRAF2,False,cytoplasm,membrane;mitochondrion,,True,True,False,True,True,False,False,False,0.14462,CRC,CRC|CRC_GSE146771_Smartseq2_expression_Celltype_majorlineage|Tprolif
E3|Q12933|Q86WB0,E3|Q12933,E3,Q12933,Q86WB0,TRAF2,ZC3HC1,RING,0,neg2x_initial_degree_matched,,TRAF2,ZC3HC1,TRAF2|ZC3HC1,False,cytoplasm,nucleus,,True,True,False,True,True,False,False,False,0.15362,LIHC,LIHC|LIHC_GSE98638_expression_Celltype_majorlineage|Tprolif
E3|Q12933|Q9HB29,E3|Q12933,E3,Q12933,Q9HB29,TRAF2,IL1RL2,RING,0,neg2x_initial_degree_matched,,TRAF2,IL1RL2,IL1RL2|TRAF2,False,cytoplasm,membrane,,True,True,False,True,True,False,False,False,0.05279,CRC,CRC|CRC_GSE166555_expression_Celltype_majorlineage|DC
E3|Q12933|A6MI22,E3|Q12933,E3,Q12933,A6MI22,TRAF2,tat,RING,0,neg2x_initial_degree_matched,,TRAF2,TAT,TAT|TRAF2,False,cytoplasm,,,True,False,False,True,True,False,False,False,0.13398,LIHC,LIHC|LIHC_GSE140228_Smartseq2_expression_Celltype_majorlineage|NK
E3|Q12933|Q96RK0,E3|Q12933,E3,Q12933,Q96RK0,TRAF2,CIC,RING,0,neg2x_initial_degree_matched,,TRAF2,CIC,CIC|TRAF2,False,cytoplasm,nucleus,,True,True,False,True,True,False,False,False,0.1499,CRC,CRC|CRC_GSE166555_expression_Celltype_majorlineage|Tprolif
E3|Q12933|P55895,E3|Q12933,E3,Q12933,P55895,TRAF2,RAG2,RING,0,neg2x_initial_degree_matched,,TRAF2,RAG2,RAG2|TRAF2,False,cytoplasm,nucleus,,True,True,False,True,True,False,False,False,0.0032,LIHC,LIHC|LIHC_GSE140228_Smartseq2_expression_Celltype_majorlineage|Mono/Macro
E3|Q13049|P04085,E3|Q13049,E3,Q13049,P04085,TRIM32,PDGFA,RING,0,neg2x_initial_degree_matched,,TRIM32,PDGFA,PDGFA|TRIM32,False,cytoplasm;endoplasmic_reticulum;mitochondrion;nucleus,extracellular,,True,True,False,True,True,False,False,False,0.12202,LIHC,LIHC|LIHC_GSE98638_expression_Celltype_majorlineage|Treg
E3|Q13049|Q9I788,E3|Q13049,E3,Q13049,Q9I788,TRIM32,exoT,RING,0,neg2x_initial_degree_matched,,TRIM32,EXOT,EXOT|TRIM32,False,cytoplasm;endoplasmic_reticulum;mitochondrion;nucleus,,,True,False,False,False,False,False,False,False,0.0,CRC,NA
E3|Q13049|O43561,E3|Q13049,E3,Q13049,O43561,TRIM32,LAT,RING,0,neg2x_initial_degree_matched,,TRIM32,LAT,LAT|TRIM32,False,cytoplasm;endoplasmic_reticulum;mitochondrion;nucleus,membrane;plasma_membrane,,True,True,False,True,True,False,False,False,0.12955,LIHC,LIHC|LIHC_GSE98638_expression_Celltype_majorlineage|Tprolif
E3|Q13064|Q96BF3,E3|Q13064,E3,Q13064,Q96BF3,MKRN3,TMIGD2,RING,0,neg2x_initial_degree_matched,,MKRN3,TMIGD2,MKRN3|TMIGD2,False,nucleus,membrane;plasma_membrane,,True,True,False,True,True,False,False,False,0.03796,LIHC,LIHC|LIHC_GSE98638_expression_Celltype_majorlineage|CD4Tconv
E3|Q13064|Q9UQK1,E3|Q13064,E3,Q13064,Q9UQK1,MKRN3,PPP1R3C,RING,0,neg2x_initial_degree_matched,,MKRN3,PPP1R3C,MKRN3|PPP1R3C,False,nucleus,,,True,False,False,True,True,False,False,False,0.01403,LIHC,LIHC|LIHC_GSE166635_expression_Celltype_majorlineage|Malignant
E3|Q13077|P55036,E3|Q13077,E3,Q13077,P55036,TRAF1,PSMD4,Other,0,neg2x_initial_degree_matched,,TRAF1,PSMD4,PSMD4|TRAF1,False,,,,False,False,False,True,True,False,False,False,0.72861,LIHC,LIHC|LIHC_GSE98638_expression_Celltype_majorlineage|Treg
E3|Q13077|P26045,E3|Q13077,E3,Q13077,P26045,TRAF1,PTPN3,Other,0,neg2x_initial_degree_matched,,TRAF1,PTPN3,PTPN3|TRAF1,False,,cytoplasm;cytoskeleton;membrane;plasma_membrane,,False,True,False,True,True,False,False,False,0.12824,CRC,CRC|CRC_GSE146771_Smartseq2_expression_Celltype_majorlineage|Mast
E3|Q13114|P30291,E3|Q13114,E3,Q13114,P30291,TRAF3,WEE1,RING,0,neg2x_initial_degree_matched,,TRAF3,WEE1,TRAF3|WEE1,False,cytoplasm;endosome;mitochondrion,nucleus,,True,True,False,True,True,False,False,False,0.30997,LIHC,LIHC|LIHC_GSE140228_Smartseq2_expression_Celltype_majorlineage|B
E3|Q13114|Q8IYD8,E3|Q13114,E3,Q13114,Q8IYD8,TRAF3,FANCM,RING,0,neg2x_initial_degree_matched,,TRAF3,FANCM,FANCM|TRAF3,False,cytoplasm;endosome;mitochondrion,nucleus,,True,True,False,True,True,False,False,False,0.24711,LIHC,LIHC|LIHC_GSE98638_expression_Celltype_majorlineage|Tprolif
E3|Q13114|P0C0S5,E3|Q13114,E3,Q13114,P0C0S5,TRAF3,H2AZ1,RING,0,neg2x_initial_degree_matched,,TRAF3,H2AZ1,H2AZ1|TRAF3,False,cytoplasm;endosome;mitochondrion,nucleus,,True,True,False,False,False,False,False,False,0.0,CRC,NA
E3|Q13114|O00308,E3|Q13114,E3,Q13114,O00308,TRAF3,WWP2,RING,0,neg2x_initial_degree_matched,,TRAF3,WWP2,TRAF3|WWP2,False,cytoplasm;endosome;mitochondrion,nucleus,,True,True,False,True,True,False,False,False,0.42774,LIHC,LIHC|LIHC_GSE98638_expression_Celltype_majorlineage|Treg
E3|Q13114|Q9UBP5,E3|Q13114,E3,Q13114,Q9UBP5,TRAF3,HEY2,RING,0,neg2x_initial_degree_matched,,TRAF3,HEY2,HEY2|TRAF3,False,cytoplasm;endosome;mitochondrion,nucleus,,True,True,False,True,True,False,False,False,0.08087,CRC,CRC|CRC_GSE146771_Smartseq2_expression_Celltype_majorlineage|Fibroblasts
E3|Q13114|O60486,E3|Q13114,E3,Q13114,O60486,TRAF3,PLXNC1,RING,0,neg2x_initial_degree_matched,,TRAF3,PLXNC1,PLXNC1|TRAF3,False,cytoplasm;endosome;mitochondrion,membrane,,True,True,False,True,True,False,False,False,0.25022,CRC,CRC|CRC_GSE166555_expression_Celltype_majorlineage|Mono/Macro
E3|Q13191|P13051,E3|Q13191,E3,Q13191,P13051,CBLB,UNG,RING,0,neg2x_initial_degree_matched,,CBLB,UNG,CBLB|UNG,False,cytoplasm,mitochondrion;nucleus,,True,True,False,True,True,False,False,False,0.58841,LIHC,LIHC|LIHC_GSE98638_expression_Celltype_majorlineage|Tprolif
E3|Q13191|O43734,E3|Q13191,E3,Q13191,O43734,CBLB,TRAF3IP2,RING,0,neg2x_initial_degree_matched,,CBLB,TRAF3IP2,CBLB|TRAF3IP2,False,cytoplasm,,,True,False,False,True,True,False,False,False,0.51986,LIHC,LIHC|LIHC_GSE146115_expression_Celltype_majorlineage|CD8T
E3|Q13191|Q15672,E3|Q13191,E3,Q13191,Q15672,CBLB,TWIST1,RING,0,neg2x_initial_degree_matched,,CBLB,TWIST1,CBLB|TWIST1,False,cytoplasm,nucleus,,True,True,False,True,True,False,False,False,0.18608,LIHC,LIHC|LIHC_GSE166635_expression_Celltype_majorlineage|Fibroblasts
E3|Q13191|P43005,E3|Q13191,E3,Q13191,P43005,CBLB,SLC1A1,RING,0,neg2x_initial_degree_matched,,CBLB,SLC1A1,CBLB|SLC1A1,False,cytoplasm,endosome;membrane;plasma_membrane,,True,True,False,True,True,False,False,False,0.1531,CRC,CRC|CRC_GSE166555_expression_Celltype_majorlineage|Epithelial
E3|Q13191|P01857,E3|Q13191,E3,Q13191,P01857,CBLB,IGHG1,RING,0,neg2x_initial_degree_matched,,CBLB,IGHG1,CBLB|IGHG1,False,cytoplasm,extracellular;membrane;plasma_membrane,,True,True,False,True,True,False,False,False,0.74469,LIHC,LIHC|LIHC_GSE140228_Smartseq2_expression_Celltype_majorlineage|Tprolif
E3|Q13191|O43679,E3|Q13191,E3,Q13191,O43679,CBLB,LDB2,RING,0,neg2x_initial_degree_matched,,CBLB,LDB2,CBLB|LDB2,False,cytoplasm,nucleus,,True,True,False,True,True,False,False,False,0.5275,CRC,CRC|CRC_GSE146771_Smartseq2_expression_Celltype_majorlineage|Endothelial
E3|Q13191|Q16778,E3|Q13191,E3,Q13191,Q16778,CBLB,H2BC21,RING,0,neg2x_initial_degree_matched,,CBLB,H2BC21,CBLB|H2BC21,False,cytoplasm,nucleus,,True,True,False,False,False,False,False,False,0.0,CRC,NA
E3|Q13191|Q6ZTN6,E3|Q13191,E3,Q13191,Q6ZTN6,CBLB,ANKRD13D,RING,0,neg2x_initial_degree_matched,,CBLB,ANKRD13D,ANKRD13D|CBLB,False,cytoplasm,endosome;membrane;plasma_membrane,,True,True,False,True,True,False,False,False,0.29974,LIHC,LIHC|LIHC_GSE166635_expression_Celltype_majorlineage|CD8T
E3|Q13191|Q02539,E3|Q13191,E3,Q13191,Q02539,CBLB,H1-1,RING,0,neg2x_initial_degree_matched,,CBLB,H1-1,CBLB|H1-1,False,cytoplasm,nucleus,,True,True,False,False,False,False,False,False,0.0,CRC,NA
E3|Q13191|P04839,E3|Q13191,E3,Q13191,P04839,CBLB,CYBB,RING,0,neg2x_initial_degree_matched,,CBLB,CYBB,CBLB|CYBB,False,cytoplasm,endoplasmic_reticulum;membrane;plasma_membrane,,True,True,False,True,True,False,False,False,0.385,LIHC,LIHC|LIHC_GSE140228_Smartseq2_expression_Celltype_majorlineage|B
E3|Q13191|Q9UIF7,E3|Q13191,E3,Q13191,Q9UIF7,CBLB,MUTYH,RING,0,neg2x_initial_degree_matched,,CBLB,MUTYH,CBLB|MUTYH,False,cytoplasm,mitochondrion;nucleus,,True,True,False,True,True,False,False,False,0.26977,CRC,CRC|CRC_GSE146771_Smartseq2_expression_Celltype_majorlineage|Endothelial
E3|Q13191|Q9BSA4,E3|Q13191,E3,Q13191,Q9BSA4,CBLB,TTYH2,RING,0,neg2x_initial_degree_matched,,CBLB,TTYH2,CBLB|TTYH2,False,cytoplasm,membrane;plasma_membrane,,True,True,False,True,True,False,False,False,0.2378,LIHC,LIHC|LIHC_GSE140228_Smartseq2_expression_Celltype_majorlineage|DC
E3|Q13191|Q8IZG5,E3|Q13191,E3,Q13191,Q8IZG5,CBLB,SS18,RING,0,neg2x_initial_degree_matched,,CBLB,SS18,CBLB|SS18,False,cytoplasm,,,True,False,False,True,True,False,False,False,0.66872,LIHC,LIHC|LIHC_GSE98638_expression_Celltype_majorlineage|Tprolif
E3|Q13191|O15146,E3|Q13191,E3,Q13191,O15146,CBLB,MUSK,RING,0,neg2x_initial_degree_matched,,CBLB,MUSK,CBLB|MUSK,False,cytoplasm,membrane;plasma_membrane,,True,True,False,True,True,False,False,False,0.06903,CRC,CRC|CRC_GSE166555_expression_Celltype_majorlineage|Fibroblasts
E3|Q13216|P62324,E3|Q13216,E3,Q13216,P62324,ERCC8,BTG1,DWD,0,neg2x_initial_degree_matched,,ERCC8,BTG1,BTG1|ERCC8,False,nucleus,,,True,False,False,True,True,False,False,False,0.14435,LIHC,LIHC|LIHC_GSE98638_expression_Celltype_majorlineage|Tprolif
E3|Q13216|P60321,E3|Q13216,E3,Q13216,P60321,ERCC8,NANOS2,DWD,0,neg2x_initial_degree_matched,,ERCC8,NANOS2,ERCC8|NANOS2,False,nucleus,cytoplasm,,True,True,False,False,False,False,False,False,0.0,CRC,NA
E3|Q13233|P67870,E3|Q13233,E3,Q13233,P67870,MAP3K1,CSNK2B,RING,0,neg2x_initial_degree_matched,,MAP3K1,CSNK2B,CSNK2B|MAP3K1,False,,nucleus,,False,True,False,True,True,False,False,False,0.52271,LIHC,LIHC|LIHC_GSE140228_Smartseq2_expression_Celltype_majorlineage|ILC
E3|Q13233|Q9Y577,E3|Q13233,E3,Q13233,Q9Y577,MAP3K1,TRIM17,RING,0,neg2x_initial_degree_matched,,MAP3K1,TRIM17,MAP3K1|TRIM17,False,,cytoplasm;lysosome,,False,True,False,True,True,False,False,False,0.02472,LIHC,LIHC|LIHC_GSE98638_expression_Celltype_majorlineage|CD8T
E3|Q13233|O75473,E3|Q13233,E3,Q13233,O75473,MAP3K1,LGR5,RING,0,neg2x_initial_degree_matched,,MAP3K1,LGR5,LGR5|MAP3K1,False,,golgi;membrane;plasma_membrane,,False,True,False,True,True,False,False,False,0.1088,CRC,CRC|CRC_GSE166555_expression_Celltype_majorlineage|Malignant
E3|Q13233|Q9Y2R9,E3|Q13233,E3,Q13233,Q9Y2R9,MAP3K1,MRPS7,RING,0,neg2x_initial_degree_matched,,MAP3K1,MRPS7,MAP3K1|MRPS7,False,,mitochondrion,,False,True,False,True,True,False,False,False,0.3765,LIHC,LIHC|LIHC_GSE98638_expression_Celltype_majorlineage|Treg
E3|Q13233|Q05086,E3|Q13233,E3,Q13233,Q05086,MAP3K1,UBE3A,RING,0,neg2x_initial_degree_matched,,MAP3K1,UBE3A,MAP3K1|UBE3A,False,,cytoplasm;nucleus,,False,True,False,True,True,False,False,False,0.4333,CRC,CRC|CRC_GSE166555_expression_Celltype_majorlineage|DC
E3|Q13233|P49427,E3|Q13233,E3,Q13233,P49427,MAP3K1,CDC34,RING,0,neg2x_initial_degree_matched,,MAP3K1,CDC34,CDC34|MAP3K1,False,,cytoplasm;nucleus,,False,True,False,True,True,False,False,False,0.21298,CRC,CRC|CRC_GSE166555_expression_Celltype_majorlineage|Tprolif
E3|Q13233|Q16630,E3|Q13233,E3,Q13233,Q16630,MAP3K1,CPSF6,RING,0,neg2x_initial_degree_matched,,MAP3K1,CPSF6,CPSF6|MAP3K1,False,,cytoplasm;nucleus,,False,True,False,True,True,False,False,False,0.43619,LIHC,LIHC|LIHC_GSE98638_expression_Celltype_majorlineage|CD4Tconv
E3|Q13233|O60260,E3|Q13233,E3,Q13233,O60260,MAP3K1,PARK2,RING,0,neg2x_initial_degree_matched,,MAP3K1,PARK2,MAP3K1|PARK2,False,,cytoplasm;endoplasmic_reticulum;membrane;mitochondrion;nucleus,,False,True,False,True,True,False,False,False,0.05878,CRC,CRC|CRC_GSE139555_expression_Celltype_majorlineage|Myofibroblasts
E3|Q13233|P01909,E3|Q13233,E3,Q13233,P01909,MAP3K1,HLA-DQA1,RING,0,neg2x_initial_degree_matched,,MAP3K1,HLA-DQA1,HLA-DQA1|MAP3K1,False,,endoplasmic_reticulum;endosome;golgi;lysosome;membrane;plasma_membrane,,False,True,False,True,True,False,False,False,0.67164,LIHC,LIHC|LIHC_GSE140228_Smartseq2_expression_Celltype_majorlineage|B
E3|Q13233|Q86U70,E3|Q13233,E3,Q13233,Q86U70,MAP3K1,LDB1,RING,0,neg2x_initial_degree_matched,,MAP3K1,LDB1,LDB1|MAP3K1,False,,nucleus,,False,True,False,True,True,False,False,False,0.21751,LIHC,LIHC|LIHC_GSE98638_expression_Celltype_majorlineage|Treg
E3|Q13263|Q8N8V4,E3|Q13263,E3,Q13263,Q8N8V4,TRIM28,ANKS4B,RING,0,neg2x_initial_degree_matched,,TRIM28,ANKS4B,ANKS4B|TRIM28,False,nucleus,endoplasmic_reticulum,,True,True,False,True,True,False,False,False,0.31934,CRC,CRC|CRC_GSE166555_expression_Celltype_majorlineage|Epithelial
E3|Q13263|P54652,E3|Q13263,E3,Q13263,P54652,TRIM28,HSPA2,RING,0,neg2x_initial_degree_matched,,TRIM28,HSPA2,HSPA2|TRIM28,False,nucleus,cytoplasm;cytoskeleton,,True,True,False,True,True,False,False,False,0.44999,CRC,CRC|CRC_GSE166555_expression_Celltype_majorlineage|Myofibroblasts
E3|Q13263|Q8IVT5,E3|Q13263,E3,Q13263,Q8IVT5,TRIM28,KSR1,RING,0,neg2x_initial_degree_matched,,TRIM28,KSR1,KSR1|TRIM28,False,nucleus,cytoplasm;endoplasmic_reticulum;membrane;plasma_membrane,,True,True,False,True,True,False,False,False,0.19369,LIHC,LIHC|LIHC_GSE140228_Smartseq2_expression_Celltype_majorlineage|Mono/Macro
E3|Q13263|Q16635,E3|Q13263,E3,Q13263,Q16635,TRIM28,TAZ,RING,0,neg2x_initial_degree_matched,,TRIM28,TAZ,TAZ|TRIM28,False,nucleus,cytoplasm;membrane;mitochondrion,,True,True,False,True,True,False,False,False,0.29155,LIHC,LIHC|LIHC_GSE98638_expression_Celltype_majorlineage|Tprolif
E3|Q13309|P46109,E3|Q13309,E3,Q13309,P46109,SKP2,CRKL,F-box,0,neg2x_initial_degree_matched,,SKP2,CRKL,CRKL|SKP2,False,cytoplasm;nucleus,,,True,False,False,True,True,False,False,False,0.34726,LIHC,LIHC|LIHC_GSE98638_expression_Celltype_majorlineage|Tprolif
E3|Q13309|O00330,E3|Q13309,E3,Q13309,O00330,SKP2,PDHX,F-box,0,neg2x_initial_degree_matched,,SKP2,PDHX,PDHX|SKP2,False,cytoplasm;nucleus,mitochondrion,,True,True,False,True,True,False,False,False,0.31628,LIHC,LIHC|LIHC_GSE98638_expression_Celltype_majorlineage|Tprolif
E3|Q13309|P46695,E3|Q13309,E3,Q13309,P46695,SKP2,IER3,F-box,0,neg2x_initial_degree_matched,,SKP2,IER3,IER3|SKP2,False,cytoplasm;nucleus,membrane,,True,True,False,True,True,False,False,False,0.19807,CRC,CRC|CRC_GSE139555_expression_Celltype_majorlineage|Myofibroblasts
E3|Q13309|P31645,E3|Q13309,E3,Q13309,P31645,SKP2,SLC6A4,F-box,0,neg2x_initial_degree_matched,,SKP2,SLC6A4,SKP2|SLC6A4,False,cytoplasm;nucleus,cell_junction;endosome;membrane;plasma_membrane,,True,True,False,True,True,False,False,False,0.10865,LIHC,LIHC|LIHC_GSE146115_expression_Celltype_majorlineage|Malignant
E3|Q13309|O60883,E3|Q13309,E3,Q13309,O60883,SKP2,GPR37L1,F-box,0,neg2x_initial_degree_matched,,SKP2,GPR37L1,GPR37L1|SKP2,False,cytoplasm;nucleus,membrane;plasma_membrane,,True,True,False,True,True,False,False,False,0.03449,LIHC,LIHC|LIHC_GSE140228_Smartseq2_expression_Celltype_majorlineage|Mono/Macro
E3|Q13309|P22455,E3|Q13309,E3,Q13309,P22455,SKP2,FGFR4,F-box,0,neg2x_initial_degree_matched,,SKP2,FGFR4,FGFR4|SKP2,False,cytoplasm;nucleus,endoplasmic_reticulum;endosome;extracellular;membrane;plasma_membrane,,True,True,False,True,True,False,False,False,0.11299,CRC,CRC|CRC_GSE139555_expression_Celltype_majorlineage|Myofibroblasts
E3|Q13309|P29034,E3|Q13309,E3,Q13309,P29034,SKP2,S100A2,F-box,0,neg2x_initial_degree_matched,,SKP2,S100A2,S100A2|SKP2,False,cytoplasm;nucleus,,,True,False,False,True,True,False,False,False,0.04881,CRC,CRC|CRC_EMTAB8107_expression_Celltype_majorlineage|Malignant
E3|Q13309|P15260,E3|Q13309,E3,Q13309,P15260,SKP2,IFNGR1,F-box,0,neg2x_initial_degree_matched,,SKP2,IFNGR1,IFNGR1|SKP2,False,cytoplasm;nucleus,membrane;plasma_membrane,,True,True,False,True,True,False,False,False,0.2697,LIHC,LIHC|LIHC_GSE98638_expression_Celltype_majorlineage|Tprolif
E3|Q13309|Q92813,E3|Q13309,E3,Q13309,Q92813,SKP2,DIO2,F-box,0,neg2x_initial_degree_matched,,SKP2,DIO2,DIO2|SKP2,False,cytoplasm;nucleus,endoplasmic_reticulum;membrane,,True,True,False,True,True,False,False,False,0.05049,CRC,CRC|CRC_GSE146771_Smartseq2_expression_Celltype_majorlineage|Fibroblasts
E3|Q13309|P41595,E3|Q13309,E3,Q13309,P41595,SKP2,HTR2B,F-box,0,neg2x_initial_degree_matched,,SKP2,HTR2B,HTR2B|SKP2,False,cytoplasm;nucleus,membrane;plasma_membrane,,True,True,False,True,True,False,False,False,0.03165,LIHC,LIHC|LIHC_GSE166635_expression_Celltype_majorlineage|Malignant
E3|Q13309|A6MI22,E3|Q13309,E3,Q13309,A6MI22,SKP2,tat,F-box,0,neg2x_initial_degree_matched,,SKP2,TAT,SKP2|TAT,False,cytoplasm;nucleus,,,True,False,False,True,True,False,False,False,0.10865,LIHC,LIHC|LIHC_GSE146115_expression_Celltype_majorlineage|Malignant
E3|Q13309|Q15726,E3|Q13309,E3,Q13309,Q15726,SKP2,KISS1,F-box,0,neg2x_initial_degree_matched,,SKP2,KISS1,KISS1|SKP2,False,cytoplasm;nucleus,extracellular,,True,True,False,True,True,False,False,False,0.0462,CRC,CRC|CRC_EMTAB8107_expression_Celltype_majorlineage|Malignant
E3|Q13309|P15498,E3|Q13309,E3,Q13309,P15498,SKP2,VAV1,F-box,0,neg2x_initial_degree_matched,,SKP2,VAV1,SKP2|VAV1,False,cytoplasm;nucleus,,,True,False,False,True,True,False,False,False,0.2626,CRC,CRC|CRC_GSE108989_expression_Celltype_majorlineage|Tprolif
E3|Q13309|Q9Y6W8,E3|Q13309,E3,Q13309,Q9Y6W8,SKP2,ICOS,F-box,0,neg2x_initial_degree_matched,,SKP2,ICOS,ICOS|SKP2,False,cytoplasm;nucleus,extracellular;membrane;plasma_membrane,,True,True,False,True,True,False,False,False,0.34726,LIHC,LIHC|LIHC_GSE98638_expression_Celltype_majorlineage|Tprolif
E3|Q13309|Q9UJA2,E3|Q13309,E3,Q13309,Q9UJA2,SKP2,CRLS1,F-box,0,neg2x_initial_degree_matched,,SKP2,CRLS1,CRLS1|SKP2,False,cytoplasm;nucleus,membrane;mitochondrion,,True,True,False,True,True,False,False,False,0.14462,CRC,CRC|CRC_GSE146771_Smartseq2_expression_Celltype_majorlineage|Tprolif
E3|Q13309|P51795,E3|Q13309,E3,Q13309,P51795,SKP2,CLCN5,F-box,0,neg2x_initial_degree_matched,,SKP2,CLCN5,CLCN5|SKP2,False,cytoplasm;nucleus,endosome;golgi;membrane;plasma_membrane,,True,True,False,True,True,False,False,False,0.1527,CRC,CRC|CRC_GSE139555_expression_Celltype_majorlineage|Myofibroblasts
E3|Q13309|Q9UBN4,E3|Q13309,E3,Q13309,Q9UBN4,SKP2,TRPC4,F-box,0,neg2x_initial_degree_matched,,SKP2,TRPC4,SKP2|TRPC4,False,cytoplasm;nucleus,membrane;plasma_membrane,,True,True,False,True,True,False,False,False,0.05049,CRC,CRC|CRC_GSE146771_Smartseq2_expression_Celltype_majorlineage|Fibroblasts
E3|Q13309|O14543,E3|Q13309,E3,Q13309,O14543,SKP2,SOCS3,F-box,0,neg2x_initial_degree_matched,,SKP2,SOCS3,SKP2|SOCS3,False,cytoplasm;nucleus,,,True,False,False,True,True,False,False,False,0.2626,CRC,CRC|CRC_GSE108989_expression_Celltype_majorlineage|Tprolif
E3|Q13309|P35555,E3|Q13309,E3,Q13309,P35555,SKP2,FBN1,F-box,0,neg2x_initial_degree_matched,,SKP2,FBN1,FBN1|SKP2,False,cytoplasm;nucleus,extracellular,,True,True,False,True,True,False,False,False,0.07427,LIHC,LIHC|LIHC_GSE146115_expression_Celltype_majorlineage|Tprolif
E3|Q13309|Q13873,E3|Q13309,E3,Q13309,Q13873,SKP2,BMPR2,F-box,0,neg2x_initial_degree_matched,,SKP2,BMPR2,BMPR2|SKP2,False,cytoplasm;nucleus,membrane;plasma_membrane,,True,True,False,True,True,False,False,False,0.10872,LIHC,LIHC|LIHC_GSE98638_expression_Celltype_majorlineage|CD8T
E3|Q13309|P02765,E3|Q13309,E3,Q13309,P02765,SKP2,AHSG,F-box,0,neg2x_initial_degree_matched,,SKP2,AHSG,AHSG|SKP2,False,cytoplasm;nucleus,extracellular,,True,True,False,True,True,False,False,False,0.11264,LIHC,LIHC|LIHC_GSE146115_expression_Celltype_majorlineage|Tprolif
E3|Q13309|Q13077,E3|Q13309,E3,Q13309,Q13077,SKP2,TRAF1,F-box,0,neg2x_initial_degree_matched,,SKP2,TRAF1,SKP2|TRAF1,False,cytoplasm;nucleus,,,True,False,False,True,True,False,False,False,0.34726,LIHC,LIHC|LIHC_GSE98638_expression_Celltype_majorlineage|Tprolif
E3|Q13309|Q8TB45,E3|Q13309,E3,Q13309,Q8TB45,SKP2,DEPTOR,F-box,0,neg2x_initial_degree_matched,,SKP2,DEPTOR,DEPTOR|SKP2,False,cytoplasm;nucleus,lysosome;membrane,,True,True,False,True,True,False,False,False,0.19807,CRC,CRC|CRC_GSE139555_expression_Celltype_majorlineage|Myofibroblasts
E3|Q13309|Q99759,E3|Q13309,E3,Q13309,Q99759,SKP2,MAP3K3,F-box,0,neg2x_initial_degree_matched,,SKP2,MAP3K3,MAP3K3|SKP2,False,cytoplasm;nucleus,,,True,False,False,True,True,False,False,False,0.19101,LIHC,LIHC|LIHC_GSE140228_Smartseq2_expression_Celltype_majorlineage|Tprolif
E3|Q13309|P14076,E3|Q13309,E3,Q13309,P14076,SKP2,gag,F-box,0,neg2x_initial_degree_matched,,SKP2,GAG,GAG|SKP2,False,cytoplasm;nucleus,,,True,False,False,False,False,False,False,False,0.0,CRC,NA
E3|Q13309|Q03135,E3|Q13309,E3,Q13309,Q03135,SKP2,CAV1,F-box,0,neg2x_initial_degree_matched,,SKP2,CAV1,CAV1|SKP2,False,cytoplasm;nucleus,golgi;membrane;plasma_membrane,,True,True,False,True,True,False,False,False,0.11619,LIHC,LIHC|LIHC_GSE140228_Smartseq2_expression_Celltype_majorlineage|Tprolif
E3|Q13309|Q9I788,E3|Q13309,E3,Q13309,Q9I788,SKP2,exoT,F-box,0,neg2x_initial_degree_matched,,SKP2,EXOT,EXOT|SKP2,False,cytoplasm;nucleus,,,True,False,False,False,False,False,False,False,0.0,CRC,NA
E3|Q13309|Q15858,E3|Q13309,E3,Q13309,Q15858,SKP2,SCN9A,F-box,0,neg2x_initial_degree_matched,,SKP2,SCN9A,SCN9A|SKP2,False,cytoplasm;nucleus,membrane;plasma_membrane,,True,True,False,True,True,False,False,False,0.10865,LIHC,LIHC|LIHC_GSE146115_expression_Celltype_majorlineage|Malignant
E3|Q13309|P43146,E3|Q13309,E3,Q13309,P43146,SKP2,DCC,F-box,0,neg2x_initial_degree_matched,,SKP2,DCC,DCC|SKP2,False,cytoplasm;nucleus,membrane,,True,True,False,True,True,False,False,False,0.05709,CRC,CRC|CRC_GSE146771_Smartseq2_expression_Celltype_majorlineage|Plasma
E3|Q13309|P11686,E3|Q13309,E3,Q13309,P11686,SKP2,SFTPC,F-box,0,neg2x_initial_degree_matched,,SKP2,SFTPC,SFTPC|SKP2,False,cytoplasm;nucleus,extracellular,,True,True,False,True,True,False,False,False,0.0017,LIHC,LIHC|LIHC_GSE98638_expression_Celltype_majorlineage|Treg
E3|Q13309|Q70CQ3,E3|Q13309,E3,Q13309,Q70CQ3,SKP2,USP30,F-box,0,neg2x_initial_degree_matched,,SKP2,USP30,SKP2|USP30,False,cytoplasm;nucleus,membrane;mitochondrion,,True,True,False,True,True,False,False,False,0.14957,CRC,CRC|CRC_GSE146771_Smartseq2_expression_Celltype_majorlineage|Tprolif
E3|Q13309|O76013,E3|Q13309,E3,Q13309,O76013,SKP2,KRT36,F-box,0,neg2x_initial_degree_matched,,SKP2,KRT36,KRT36|SKP2,False,cytoplasm;nucleus,,,True,False,False,True,True,False,False,False,0.00894,LIHC,LIHC|LIHC_GSE98638_expression_Celltype_majorlineage|CD8Tex
E3|Q13309|Q8IZG5,E3|Q13309,E3,Q13309,Q8IZG5,SKP2,SS18,F-box,0,neg2x_initial_degree_matched,,SKP2,SS18,SKP2|SS18,False,cytoplasm;nucleus,,,True,False,False,True,True,False,False,False,0.34726,LIHC,LIHC|LIHC_GSE98638_expression_Celltype_majorlineage|Tprolif
E3|Q13309|Q8N907,E3|Q13309,E3,Q13309,Q8N907,SKP2,DAND5,F-box,0,neg2x_initial_degree_matched,,SKP2,DAND5,DAND5|SKP2,False,cytoplasm;nucleus,extracellular;mitochondrion,,True,True,False,True,True,False,False,False,0.01682,CRC,CRC|CRC_GSE166555_expression_Celltype_majorlineage|Endothelial
E3|Q13309|Q9Y282,E3|Q13309,E3,Q13309,Q9Y282,SKP2,ERGIC3,F-box,0,neg2x_initial_degree_matched,,SKP2,ERGIC3,ERGIC3|SKP2,False,cytoplasm;nucleus,endoplasmic_reticulum;golgi;membrane,,True,True,False,True,True,False,False,False,0.34726,LIHC,LIHC|LIHC_GSE98638_expression_Celltype_majorlineage|Tprolif
E3|Q13309|Q9Y5M8,E3|Q13309,E3,Q13309,Q9Y5M8,SKP2,SRPRB,F-box,0,neg2x_initial_degree_matched,,SKP2,SRPRB,SKP2|SRPRB,False,cytoplasm;nucleus,endoplasmic_reticulum;membrane,,True,True,False,True,True,False,False,False,0.34726,LIHC,LIHC|LIHC_GSE98638_expression_Celltype_majorlineage|Tprolif
E3|Q13309|P05777,E3|Q13309,E3,Q13309,P05777,SKP2,M,F-box,0,neg2x_initial_degree_matched,,SKP2,M,M|SKP2,False,cytoplasm;nucleus,,,True,False,False,False,False,False,False,False,0.0,CRC,NA
E3|Q13309|Q9NQA5,E3|Q13309,E3,Q13309,Q9NQA5,SKP2,TRPV5,F-box,0,neg2x_initial_degree_matched,,SKP2,TRPV5,SKP2|TRPV5,False,cytoplasm;nucleus,membrane;plasma_membrane,,True,True,False,True,True,False,False,False,0.00404,CRC,CRC|CRC_GSE108989_expression_Celltype_majorlineage|Tprolif
E3|Q13309|Q9BT67,E3|Q13309,E3,Q13309,Q9BT67,SKP2,NDFIP1,F-box,0,neg2x_initial_degree_matched,,SKP2,NDFIP1,NDFIP1|SKP2,False,cytoplasm;nucleus,endosome;extracellular;golgi;membrane,,True,True,False,True,True,False,False,False,0.34726,LIHC,LIHC|LIHC_GSE98638_expression_Celltype_majorlineage|Tprolif
E3|Q13309|O75581,E3|Q13309,E3,Q13309,O75581,SKP2,LRP6,F-box,0,neg2x_initial_degree_matched,,SKP2,LRP6,LRP6|SKP2,False,cytoplasm;nucleus,endoplasmic_reticulum;membrane;plasma_membrane,,True,True,False,True,True,False,False,False,0.19807,CRC,CRC|CRC_GSE139555_expression_Celltype_majorlineage|Myofibroblasts
E3|Q13309|F5HEZ4,E3|Q13309,E3,Q13309,F5HEZ4,SKP2,ORF71,F-box,0,neg2x_initial_degree_matched,,SKP2,ORF71,ORF71|SKP2,False,cytoplasm;nucleus,,,True,False,False,False,False,False,False,False,0.0,CRC,NA
E3|Q13309|Q96JA1,E3|Q13309,E3,Q13309,Q96JA1,SKP2,LRIG1,F-box,0,neg2x_initial_degree_matched,,SKP2,LRIG1,LRIG1|SKP2,False,cytoplasm;nucleus,membrane;plasma_membrane,,True,True,False,True,True,False,False,False,0.19807,CRC,CRC|CRC_GSE139555_expression_Celltype_majorlineage|Myofibroblasts
E3|Q13309|Q15388,E3|Q13309,E3,Q13309,Q15388,SKP2,TOMM20,F-box,0,neg2x_initial_degree_matched,,SKP2,TOMM20,SKP2|TOMM20,False,cytoplasm;nucleus,membrane;mitochondrion,,True,True,False,True,True,False,False,False,0.34726,LIHC,LIHC|LIHC_GSE98638_expression_Celltype_majorlineage|Tprolif
E3|Q13489|Q9P2F8,E3|Q13489,E3,Q13489,Q9P2F8,BIRC3,SIPA1L2,RING,0,neg2x_initial_degree_matched,,BIRC3,SIPA1L2,BIRC3|SIPA1L2,False,cytoplasm;nucleus,,,True,False,False,True,True,False,False,False,0.43769,CRC,CRC|CRC_EMTAB8107_expression_Celltype_majorlineage|Enteric glial
E3|Q13489|Q8N519,E3|Q13489,E3,Q13489,Q8N519,BIRC3,,RING,0,neg2x_initial_degree_matched,,BIRC3,,,False,cytoplasm;nucleus,,,True,False,False,False,False,False,False,False,0.0,CRC,NA
E3|Q13489|Q8ZNR3,E3|Q13489,E3,Q13489,Q8ZNR3,BIRC3,sopA,RING,0,neg2x_initial_degree_matched,,BIRC3,SOPA,BIRC3|SOPA,False,cytoplasm;nucleus,,,True,False,False,False,False,False,False,False,0.0,CRC,NA
E3|Q13490|O60240,E3|Q13490,E3,Q13490,O60240,BIRC2,PLIN1,RING,0,neg2x_initial_degree_matched,,BIRC2,PLIN1,BIRC2|PLIN1,False,cytoplasm;nucleus,endoplasmic_reticulum,,True,True,False,True,True,False,False,False,0.08428,LIHC,LIHC|LIHC_GSE146409_expression_Celltype_majorlineage|Hepatocytes
E3|Q13490|Q9Y5U5,E3|Q13490,E3,Q13490,Q9Y5U5,BIRC2,TNFRSF18,RING,0,neg2x_initial_degree_matched,,BIRC2,TNFRSF18,BIRC2|TNFRSF18,False,cytoplasm;nucleus,extracellular;membrane;plasma_membrane,,True,True,False,True,True,False,False,False,0.53518,CRC,CRC|CRC_GSE108989_expression_Celltype_majorlineage|Tprolif
E3|Q13490|Q96QD8,E3|Q13490,E3,Q13490,Q96QD8,BIRC2,SLC38A2,RING,0,neg2x_initial_degree_matched,,BIRC2,SLC38A2,BIRC2|SLC38A2,False,cytoplasm;nucleus,golgi;membrane;plasma_membrane,,True,True,False,True,True,False,False,False,0.59458,CRC,CRC|CRC_GSE108989_expression_Celltype_majorlineage|CD8Tex
E3|Q13490|Q03135,E3|Q13490,E3,Q13490,Q03135,BIRC2,CAV1,RING,0,neg2x_initial_degree_matched,,BIRC2,CAV1,BIRC2|CAV1,False,cytoplasm;nucleus,golgi;membrane;plasma_membrane,,True,True,False,True,True,False,False,False,0.37099,LIHC,LIHC|LIHC_GSE166635_expression_Celltype_majorlineage|Endothelial
E3|Q13490|Q13571,E3|Q13490,E3,Q13490,Q13571,BIRC2,LAPTM5,RING,0,neg2x_initial_degree_matched,,BIRC2,LAPTM5,BIRC2|LAPTM5,False,cytoplasm;nucleus,lysosome;membrane,,True,True,False,True,True,False,False,False,0.59458,CRC,CRC|CRC_GSE108989_expression_Celltype_majorlineage|CD8Tex
E3|Q13490|Q13794,E3|Q13490,E3,Q13490,Q13794,BIRC2,PMAIP1,RING,0,neg2x_initial_degree_matched,,BIRC2,PMAIP1,BIRC2|PMAIP1,False,cytoplasm;nucleus,mitochondrion,,True,True,False,True,True,False,False,False,0.53518,CRC,CRC|CRC_GSE108989_expression_Celltype_majorlineage|Tprolif
E3|Q13490|P56750,E3|Q13490,E3,Q13490,P56750,BIRC2,CLDN17,RING,0,neg2x_initial_degree_matched,,BIRC2,CLDN17,BIRC2|CLDN17,False,cytoplasm;nucleus,cell_junction;membrane;plasma_membrane,,True,True,False,False,False,False,False,False,0.0,CRC,NA
E3|Q13490|Q8N8V4,E3|Q13490,E3,Q13490,Q8N8V4,BIRC2,ANKS4B,RING,0,neg2x_initial_degree_matched,,BIRC2,ANKS4B,ANKS4B|BIRC2,False,cytoplasm;nucleus,endoplasmic_reticulum,,True,True,False,True,True,False,False,False,0.27993,CRC,CRC|CRC_GSE166555_expression_Celltype_majorlineage|Epithelial
E3|Q13490|Q9NYJ7,E3|Q13490,E3,Q13490,Q9NYJ7,BIRC2,DLL3,RING,0,neg2x_initial_degree_matched,,BIRC2,DLL3,BIRC2|DLL3,False,cytoplasm;nucleus,membrane,,True,True,False,True,True,False,False,False,0.02514,LIHC,LIHC|LIHC_GSE166635_expression_Celltype_majorlineage|Malignant
E3|Q13490|Q99062,E3|Q13490,E3,Q13490,Q99062,BIRC2,CSF3R,RING,0,neg2x_initial_degree_matched,,BIRC2,CSF3R,BIRC2|CSF3R,False,cytoplasm;nucleus,extracellular;membrane;plasma_membrane,,True,True,False,True,True,False,False,False,0.34739,LIHC,LIHC|LIHC_GSE140228_Smartseq2_expression_Celltype_majorlineage|DC
E3|Q13490|P16234,E3|Q13490,E3,Q13490,P16234,BIRC2,PDGFRA,RING,0,neg2x_initial_degree_matched,,BIRC2,PDGFRA,BIRC2|PDGFRA,False,cytoplasm;nucleus,golgi;membrane;plasma_membrane,,True,True,False,True,True,False,False,False,0.46719,LIHC,LIHC|LIHC_GSE98638_expression_Celltype_majorlineage|Tprolif
E3|Q13490|P36897,E3|Q13490,E3,Q13490,P36897,BIRC2,TGFBR1,RING,0,neg2x_initial_degree_matched,,BIRC2,TGFBR1,BIRC2|TGFBR1,False,cytoplasm;nucleus,cell_junction;membrane;plasma_membrane,,True,True,False,True,True,False,False,False,0.3511,CRC,CRC|CRC_GSE166555_expression_Celltype_majorlineage|Mono/Macro
E3|Q13490|Q92734,E3|Q13490,E3,Q13490,Q92734,BIRC2,TFG,RING,0,neg2x_initial_degree_matched,,BIRC2,TFG,BIRC2|TFG,False,cytoplasm;nucleus,endoplasmic_reticulum,,True,True,False,True,True,False,False,False,0.48621,CRC,CRC|CRC_GSE108989_expression_Celltype_majorlineage|Tprolif
E3|Q13490|O15431,E3|Q13490,E3,Q13490,O15431,BIRC2,SLC31A1,RING,0,neg2x_initial_degree_matched,,BIRC2,SLC31A1,BIRC2|SLC31A1,False,cytoplasm;nucleus,endosome;extracellular;membrane;plasma_membrane,,True,True,False,True,True,False,False,False,0.3511,CRC,CRC|CRC_GSE166555_expression_Celltype_majorlineage|Mono/Macro
E3|Q13490|Q15836,E3|Q13490,E3,Q13490,Q15836,BIRC2,VAMP3,RING,0,neg2x_initial_degree_matched,,BIRC2,VAMP3,BIRC2|VAMP3,False,cytoplasm;nucleus,endosome;membrane,,True,True,False,True,True,False,False,False,0.3511,CRC,CRC|CRC_GSE166555_expression_Celltype_majorlineage|Mono/Macro
E3|Q13829|P78504,E3|Q13829,E3,Q13829,P78504,TNFAIP1,JAG1,BTB_OTHER,0,neg2x_initial_degree_matched,,TNFAIP1,JAG1,JAG1|TNFAIP1,False,cytoplasm;endosome;nucleus,membrane;plasma_membrane,,True,True,False,True,True,False,False,False,0.43011,CRC,CRC|CRC_EMTAB8107_expression_Celltype_majorlineage|Endothelial
E3|Q13829|Q8N8V4,E3|Q13829,E3,Q13829,Q8N8V4,TNFAIP1,ANKS4B,BTB_OTHER,0,neg2x_initial_degree_matched,,TNFAIP1,ANKS4B,ANKS4B|TNFAIP1,False,cytoplasm;endosome;nucleus,endoplasmic_reticulum,,True,True,False,True,True,False,False,False,0.10732,CRC,CRC|CRC_GSE166555_expression_Celltype_majorlineage|Malignant
E3|Q14145|P31994,E3|Q14145,E3,Q14145,P31994,KEAP1,FCGR2B,BTB_3,0,neg2x_initial_degree_matched,,KEAP1,FCGR2B,FCGR2B|KEAP1,False,cytoplasm;nucleus,membrane;plasma_membrane,,True,True,False,True,True,False,False,False,0.1696,LIHC,LIHC|LIHC_GSE140228_Smartseq2_expression_Celltype_majorlineage|Tprolif
E3|Q14145|Q12913,E3|Q14145,E3,Q14145,Q12913,KEAP1,PTPRJ,BTB_3,0,neg2x_initial_degree_matched,,KEAP1,PTPRJ,KEAP1|PTPRJ,False,cytoplasm;nucleus,cell_junction;extracellular;membrane;plasma_membrane,,True,True,False,True,True,False,False,False,0.46349,LIHC,LIHC|LIHC_GSE98638_expression_Celltype_majorlineage|Tprolif
E3|Q14145|Q9HBA0,E3|Q14145,E3,Q14145,Q9HBA0,KEAP1,TRPV4,BTB_3,0,neg2x_initial_degree_matched,,KEAP1,TRPV4,KEAP1|TRPV4,False,cytoplasm;nucleus,cell_junction;endoplasmic_reticulum;membrane;plasma_membrane,,True,True,False,True,True,False,False,False,0.08385,LIHC,LIHC|LIHC_GSE166635_expression_Celltype_majorlineage|Malignant
E3|Q14145|O43175,E3|Q14145,E3,Q14145,O43175,KEAP1,PHGDH,BTB_3,0,neg2x_initial_degree_matched,,KEAP1,PHGDH,KEAP1|PHGDH,False,cytoplasm;nucleus,,,True,False,False,True,True,False,False,False,0.27354,CRC,CRC|CRC_GSE108989_expression_Celltype_majorlineage|Tprolif
E3|Q14145|Q9P055,E3|Q14145,E3,Q14145,Q9P055,KEAP1,JKAMP,BTB_3,0,neg2x_initial_degree_matched,,KEAP1,JKAMP,JKAMP|KEAP1,False,cytoplasm;nucleus,endoplasmic_reticulum;membrane,,True,True,False,True,True,False,False,False,0.43243,LIHC,LIHC|LIHC_GSE98638_expression_Celltype_majorlineage|Tprolif
E3|Q14258|Q13233,E3|Q14258,E3,Q14258,Q13233,TRIM25,MAP3K1,RING,0,neg2x_initial_degree_matched,,TRIM25,MAP3K1,MAP3K1|TRIM25,False,cytoplasm;nucleus,,,True,False,False,True,True,False,False,False,0.36979,CRC,CRC|CRC_GSE166555_expression_Celltype_majorlineage|Mono/Macro
E3|Q14258|P01912,E3|Q14258,E3,Q14258,P01912,TRIM25,HLA-DRB1,RING,0,neg2x_initial_degree_matched,,TRIM25,HLA-DRB1,HLA-DRB1|TRIM25,False,cytoplasm;nucleus,,,True,False,False,True,True,False,False,False,0.36979,CRC,CRC|CRC_GSE166555_expression_Celltype_majorlineage|Mono/Macro
E3|Q14258|P43003,E3|Q14258,E3,Q14258,P43003,TRIM25,SLC1A3,RING,0,neg2x_initial_degree_matched,,TRIM25,SLC1A3,SLC1A3|TRIM25,False,cytoplasm;nucleus,membrane;plasma_membrane,,True,True,False,True,True,False,False,False,0.36258,LIHC,LIHC|LIHC_GSE179795_expression_Celltype_majorlineage|Mono/Macro
E3|Q14258|O15503,E3|Q14258,E3,Q14258,O15503,TRIM25,INSIG1,RING,0,neg2x_initial_degree_matched,,TRIM25,INSIG1,INSIG1|TRIM25,False,cytoplasm;nucleus,endoplasmic_reticulum;membrane,,True,True,False,True,True,False,False,False,0.36979,CRC,CRC|CRC_GSE166555_expression_Celltype_majorlineage|Mono/Macro
E3|Q14258|Q96JA1,E3|Q14258,E3,Q14258,Q96JA1,TRIM25,LRIG1,RING,0,neg2x_initial_degree_matched,,TRIM25,LRIG1,LRIG1|TRIM25,False,cytoplasm;nucleus,membrane;plasma_membrane,,True,True,False,True,True,False,False,False,0.23658,CRC,CRC|CRC_GSE166555_expression_Celltype_majorlineage|Malignant
E3|Q14258|O15354,E3|Q14258,E3,Q14258,O15354,TRIM25,GPR37,RING,0,neg2x_initial_degree_matched,,TRIM25,GPR37,GPR37|TRIM25,False,cytoplasm;nucleus,endoplasmic_reticulum;membrane;plasma_membrane,,True,True,False,True,True,False,False,False,0.05535,LIHC,LIHC|LIHC_GSE146115_expression_Celltype_majorlineage|Malignant
E3|Q14258|Q13794,E3|Q14258,E3,Q14258,Q13794,TRIM25,PMAIP1,RING,0,neg2x_initial_degree_matched,,TRIM25,PMAIP1,PMAIP1|TRIM25,False,cytoplasm;nucleus,mitochondrion,,True,True,False,True,True,False,False,False,0.36979,CRC,CRC|CRC_GSE166555_expression_Celltype_majorlineage|Mono/Macro
E3|Q14527|P36897,E3|Q14527,E3,Q14527,P36897,HLTF,TGFBR1,RING,0,neg2x_initial_degree_matched,,HLTF,TGFBR1,HLTF|TGFBR1,False,cytoplasm;nucleus,cell_junction;membrane;plasma_membrane,,True,True,False,True,True,False,False,False,0.24278,LIHC,LIHC|LIHC_GSE98638_expression_Celltype_majorlineage|CD8T
E3|Q14669|O43303,E3|Q14669,E3,Q14669,O43303,TRIP12,CCP110,SINGLE_OTHER,0,neg2x_initial_degree_matched,,TRIP12,CCP110,CCP110|TRIP12,False,nucleus,cytoplasm;cytoskeleton,,True,True,False,True,True,False,False,False,0.42911,LIHC,LIHC|LIHC_GSE98638_expression_Celltype_majorlineage|Tprolif
E3|Q14669|O76083,E3|Q14669,E3,Q14669,O76083,TRIP12,PDE9A,SINGLE_OTHER,0,neg2x_initial_degree_matched,,TRIP12,PDE9A,PDE9A|TRIP12,False,nucleus,cytoplasm;endoplasmic_reticulum;golgi;membrane;plasma_membrane,,True,True,False,True,True,False,False,False,0.39551,CRC,CRC|CRC_GSE166555_expression_Celltype_majorlineage|Epithelial
E3|Q14669|O15399,E3|Q14669,E3,Q14669,O15399,TRIP12,GRIN2D,SINGLE_OTHER,0,neg2x_initial_degree_matched,,TRIP12,GRIN2D,GRIN2D|TRIP12,False,nucleus,membrane;plasma_membrane,,True,True,False,True,True,False,False,False,0.05712,CRC,CRC|CRC_GSE166555_expression_Celltype_majorlineage|Malignant
E3|Q14669|P19320,E3|Q14669,E3,Q14669,P19320,TRIP12,VCAM1,SINGLE_OTHER,0,neg2x_initial_degree_matched,,TRIP12,VCAM1,TRIP12|VCAM1,False,nucleus,extracellular;membrane;plasma_membrane,,True,True,False,True,True,False,False,False,0.4566,LIHC,LIHC|LIHC_GSE98638_expression_Celltype_majorlineage|CD8Tex
E3|Q14669|P07197,E3|Q14669,E3,Q14669,P07197,TRIP12,NEFM,SINGLE_OTHER,0,neg2x_initial_degree_matched,,TRIP12,NEFM,NEFM|TRIP12,False,nucleus,cytoplasm;cytoskeleton,,True,True,False,True,True,False,False,False,0.04286,CRC,CRC|CRC_GSE166555_expression_Celltype_majorlineage|Myofibroblasts
E3|Q14669|P56750,E3|Q14669,E3,Q14669,P56750,TRIP12,CLDN17,SINGLE_OTHER,0,neg2x_initial_degree_matched,,TRIP12,CLDN17,CLDN17|TRIP12,False,nucleus,cell_junction;membrane;plasma_membrane,,True,True,False,False,False,False,False,False,0.0,CRC,NA
E3|Q14669|Q9NWM3,E3|Q14669,E3,Q14669,Q9NWM3,TRIP12,CUEDC1,SINGLE_OTHER,0,neg2x_initial_degree_matched,,TRIP12,CUEDC1,CUEDC1|TRIP12,False,nucleus,,,True,False,False,True,True,False,False,False,0.16218,LIHC,LIHC|LIHC_GSE146115_expression_Celltype_majorlineage|Mono/Macro
E3|Q149N8|P31323,E3|Q149N8,E3,Q149N8,P31323,SHPRH,PRKAR2B,RING,0,neg2x_initial_degree_matched,,SHPRH,PRKAR2B,PRKAR2B|SHPRH,False,,cytoplasm;membrane;plasma_membrane,,False,True,False,True,True,False,False,False,0.27212,LIHC,LIHC|LIHC_GSE140228_Smartseq2_expression_Celltype_majorlineage|ILC
E3|Q149N8|P23258,E3|Q149N8,E3,Q149N8,P23258,SHPRH,TUBG1,RING,0,neg2x_initial_degree_matched,,SHPRH,TUBG1,SHPRH|TUBG1,False,,cytoplasm;cytoskeleton,,False,True,False,True,True,False,False,False,0.35315,CRC,CRC|CRC_GSE108989_expression_Celltype_majorlineage|Tprolif
E3|Q15386|P03345,E3|Q15386,E3,Q15386,P03345,UBE3C,gag,SINGLE_OTHER,0,neg2x_initial_degree_matched,,UBE3C,GAG,GAG|UBE3C,False,,,,False,False,False,False,False,False,False,False,0.0,CRC,NA
E3|Q15386|P24385,E3|Q15386,E3,Q15386,P24385,UBE3C,CCND1,SINGLE_OTHER,0,neg2x_initial_degree_matched,,UBE3C,CCND1,CCND1|UBE3C,False,,cytoplasm;membrane;nucleus,,False,True,False,True,True,False,False,False,0.26487,CRC,CRC|CRC_GSE166555_expression_Celltype_majorlineage|Endothelial
E3|Q15386|Q13546,E3|Q15386,E3,Q15386,Q13546,UBE3C,RIPK1,SINGLE_OTHER,0,neg2x_initial_degree_matched,,UBE3C,RIPK1,RIPK1|UBE3C,False,,cytoplasm;membrane;plasma_membrane,,False,True,False,True,True,False,False,False,0.21466,LIHC,LIHC|LIHC_GSE98638_expression_Celltype_majorlineage|CD8Tex
E3|Q15386|P54727,E3|Q15386,E3,Q15386,P54727,UBE3C,RAD23B,SINGLE_OTHER,0,neg2x_initial_degree_matched,,UBE3C,RAD23B,RAD23B|UBE3C,False,,cytoplasm;nucleus,,False,True,False,True,True,False,False,False,0.22897,LIHC,LIHC|LIHC_GSE146409_expression_Celltype_majorlineage|Malignant
E3|Q15386|Q9UM07,E3|Q15386,E3,Q15386,Q9UM07,UBE3C,PADI4,SINGLE_OTHER,0,neg2x_initial_degree_matched,,UBE3C,PADI4,PADI4|UBE3C,False,,cytoplasm;nucleus,,False,True,False,True,True,False,False,False,0.11333,LIHC,LIHC|LIHC_GSE140228_Smartseq2_expression_Celltype_majorlineage|Mono/Macro
E3|Q15386|P35613,E3|Q15386,E3,Q15386,P35613,UBE3C,BSG,SINGLE_OTHER,0,neg2x_initial_degree_matched,,UBE3C,BSG,BSG|UBE3C,False,,endoplasmic_reticulum;endosome;membrane;plasma_membrane,,False,True,False,True,True,False,False,False,0.26487,CRC,CRC|CRC_GSE166555_expression_Celltype_majorlineage|Endothelial
E3|Q15386|P35226,E3|Q15386,E3,Q15386,P35226,UBE3C,BMI1,SINGLE_OTHER,0,neg2x_initial_degree_matched,,UBE3C,BMI1,BMI1|UBE3C,False,,cytoplasm;nucleus,,False,True,False,True,True,False,False,False,0.16304,LIHC,LIHC|LIHC_GSE98638_expression_Celltype_majorlineage|CD4Tconv
E3|Q15386|Q9P2X3,E3|Q15386,E3,Q15386,Q9P2X3,UBE3C,IMPACT,SINGLE_OTHER,0,neg2x_initial_degree_matched,,UBE3C,IMPACT,IMPACT|UBE3C,False,,cytoplasm,,False,True,False,True,True,False,False,False,0.17657,LIHC,LIHC|LIHC_GSE140228_Smartseq2_expression_Celltype_majorlineage|DC
E3|Q15386|O95149,E3|Q15386,E3,Q15386,O95149,UBE3C,SNUPN,SINGLE_OTHER,0,neg2x_initial_degree_matched,,UBE3C,SNUPN,SNUPN|UBE3C,False,,cytoplasm;nucleus,,False,True,False,True,True,False,False,False,0.18564,LIHC,LIHC|LIHC_GSE98638_expression_Celltype_majorlineage|Tprolif
E3|Q15386|Q92844,E3|Q15386,E3,Q15386,Q92844,UBE3C,TANK,SINGLE_OTHER,0,neg2x_initial_degree_matched,,UBE3C,TANK,TANK|UBE3C,False,,cytoplasm,,False,True,False,True,True,False,False,False,0.26487,CRC,CRC|CRC_GSE166555_expression_Celltype_majorlineage|Endothelial
E3|Q15751|P32519,E3|Q15751,E3,Q15751,P32519,HERC1,ELF1,HECT,0,neg2x_initial_degree_matched,,HERC1,ELF1,ELF1|HERC1,False,cytoplasm;cytoskeleton;golgi;membrane,nucleus,,True,True,False,True,True,False,False,False,0.90524,CRC,CRC|CRC_GSE108989_expression_Celltype_majorlineage|CD8Tex
E3|Q15751|Q92918,E3|Q15751,E3,Q15751,Q92918,HERC1,MAP4K1,HECT,0,neg2x_initial_degree_matched,,HERC1,MAP4K1,HERC1|MAP4K1,False,cytoplasm;cytoskeleton;golgi;membrane,,,True,False,False,True,True,False,False,False,0.90524,CRC,CRC|CRC_GSE108989_expression_Celltype_majorlineage|CD8Tex
E3|Q16531|Q14534,E3|Q16531,E3,Q16531,Q14534,DDB1,SQLE,Other,0,neg2x_initial_degree_matched,,DDB1,SQLE,DDB1|SQLE,False,cytoplasm;nucleus;vesicle,endoplasmic_reticulum;membrane,,True,True,False,True,True,False,False,False,0.40788,LIHC,LIHC|LIHC_GSE146115_expression_Celltype_majorlineage|Malignant
E3|Q2Q1W2|P62745,E3|Q2Q1W2,E3,Q2Q1W2,P62745,TRIM71,RHOB,RING,0,neg2x_initial_degree_matched,,TRIM71,RHOB,RHOB|TRIM71,False,cytoplasm,endosome;membrane;nucleus;plasma_membrane,,True,True,False,True,True,False,False,False,0.10566,LIHC,LIHC|LIHC_GSE166635_expression_Celltype_majorlineage|Malignant
E3|Q53G59|P61328,E3|Q53G59,E3,Q53G59,P61328,KLHL12,FGF12,BTB_3,0,neg2x_initial_degree_matched,,KLHL12,FGF12,FGF12|KLHL12,False,cytoplasm;vesicle,nucleus,,True,True,False,True,True,False,False,False,0.0924,CRC,CRC|CRC_GSE146771_Smartseq2_expression_Celltype_majorlineage|Endothelial
E3|Q53G59|P25116,E3|Q53G59,E3,Q53G59,P25116,KLHL12,F2R,BTB_3,0,neg2x_initial_degree_matched,,KLHL12,F2R,F2R|KLHL12,False,cytoplasm;vesicle,membrane;plasma_membrane,,True,True,False,True,True,False,False,False,0.34586,LIHC,LIHC|LIHC_GSE98638_expression_Celltype_majorlineage|Tprolif
E3|Q53G59|P16150,E3|Q53G59,E3,Q53G59,P16150,KLHL12,SPN,BTB_3,0,neg2x_initial_degree_matched,,KLHL12,SPN,KLHL12|SPN,False,cytoplasm;vesicle,membrane;nucleus,,True,True,False,True,True,False,False,False,0.34586,LIHC,LIHC|LIHC_GSE98638_expression_Celltype_majorlineage|Tprolif
E3|Q53G59|Q9NZ52,E3|Q53G59,E3,Q53G59,Q9NZ52,KLHL12,GGA3,BTB_3,0,neg2x_initial_degree_matched,,KLHL12,GGA3,GGA3|KLHL12,False,cytoplasm;vesicle,endosome;golgi;membrane,,True,True,False,True,True,False,False,False,0.26058,CRC,CRC|CRC_GSE108989_expression_Celltype_majorlineage|Tprolif
E3|Q53G59|P00367,E3|Q53G59,E3,Q53G59,P00367,KLHL12,GLUD1,BTB_3,0,neg2x_initial_degree_matched,,KLHL12,GLUD1,GLUD1|KLHL12,False,cytoplasm;vesicle,endoplasmic_reticulum;mitochondrion,,True,True,False,True,True,False,False,False,0.34586,LIHC,LIHC|LIHC_GSE98638_expression_Celltype_majorlineage|Tprolif
E3|Q53G59|O00584,E3|Q53G59,E3,Q53G59,O00584,KLHL12,RNASET2,BTB_3,0,neg2x_initial_degree_matched,,KLHL12,RNASET2,KLHL12|RNASET2,False,cytoplasm;vesicle,endoplasmic_reticulum;extracellular;lysosome;mitochondrion,,True,True,False,True,True,False,False,False,0.34586,LIHC,LIHC|LIHC_GSE98638_expression_Celltype_majorlineage|Tprolif
E3|Q53G59|Q16611,E3|Q53G59,E3,Q53G59,Q16611,KLHL12,BAK1,BTB_3,0,neg2x_initial_degree_matched,,KLHL12,BAK1,BAK1|KLHL12,False,cytoplasm;vesicle,membrane;mitochondrion,,True,True,False,True,True,False,False,False,0.34586,LIHC,LIHC|LIHC_GSE98638_expression_Celltype_majorlineage|Tprolif
E3|Q53GT1|P43005,E3|Q53GT1,E3,Q53GT1,P43005,KLHL22,SLC1A1,BTB_3,0,neg2x_initial_degree_matched,,KLHL22,SLC1A1,KLHL22|SLC1A1,False,cytoplasm;cytoskeleton;lysosome;nucleus,endosome;membrane;plasma_membrane,,True,True,False,True,True,False,False,False,0.04962,CRC,CRC|CRC_GSE108989_expression_Celltype_majorlineage|Treg
E3|Q5GLZ8|P55211,E3|Q5GLZ8,E3,Q5GLZ8,P55211,HERC4,CASP9,HECT,0,neg2x_initial_degree_matched,,HERC4,CASP9,CASP9|HERC4,False,cytoplasm,,,True,False,False,True,True,False,False,False,0.228,LIHC,LIHC|LIHC_GSE140228_Smartseq2_expression_Celltype_majorlineage|DC
E3|Q5T0T0|Q9NXR8,E3|Q5T0T0,E3,Q5T0T0,Q9NXR8,MARCHF8,ING3,RING,0,neg2x_initial_degree_matched,,MARCHF8,ING3,ING3|MARCHF8,False,cytoplasm;endoplasmic_reticulum;endosome;golgi;lysosome;membrane;vesicle,nucleus,,True,True,False,False,False,False,False,False,0.0,CRC,NA
E3|Q5T0T0|Q8NEA6,E3|Q5T0T0,E3,Q5T0T0,Q8NEA6,MARCHF8,GLIS3,RING,0,neg2x_initial_degree_matched,,MARCHF8,GLIS3,GLIS3|MARCHF8,False,cytoplasm;endoplasmic_reticulum;endosome;golgi;lysosome;membrane;vesicle,nucleus,,True,True,False,False,False,False,False,False,0.0,CRC,NA
E3|Q5T0T0|P49715,E3|Q5T0T0,E3,Q5T0T0,P49715,MARCHF8,CEBPA,RING,0,neg2x_initial_degree_matched,,MARCHF8,CEBPA,CEBPA|MARCHF8,False,cytoplasm;endoplasmic_reticulum;endosome;golgi;lysosome;membrane;vesicle,nucleus,,True,True,False,False,False,False,False,False,0.0,CRC,NA
E3|Q5T0T0|O60381,E3|Q5T0T0,E3,Q5T0T0,O60381,MARCHF8,HBP1,RING,0,neg2x_initial_degree_matched,,MARCHF8,HBP1,HBP1|MARCHF8,False,cytoplasm;endoplasmic_reticulum;endosome;golgi;lysosome;membrane;vesicle,nucleus,,True,True,False,False,False,False,False,False,0.0,CRC,NA
E3|Q5T0T0|Q969G3,E3|Q5T0T0,E3,Q5T0T0,Q969G3,MARCHF8,SMARCE1,RING,0,neg2x_initial_degree_matched,,MARCHF8,SMARCE1,MARCHF8|SMARCE1,False,cytoplasm;endoplasmic_reticulum;endosome;golgi;lysosome;membrane;vesicle,nucleus,,True,True,False,False,False,False,False,False,0.0,CRC,NA
E3|Q5T0T0|P12757,E3|Q5T0T0,E3,Q5T0T0,P12757,MARCHF8,SKIL,RING,0,neg2x_initial_degree_matched,,MARCHF8,SKIL,MARCHF8|SKIL,False,cytoplasm;endoplasmic_reticulum;endosome;golgi;lysosome;membrane;vesicle,,,True,False,False,False,False,False,False,False,0.0,CRC,NA
E3|Q5T0T0|Q13077,E3|Q5T0T0,E3,Q5T0T0,Q13077,MARCHF8,TRAF1,RING,0,neg2x_initial_degree_matched,,MARCHF8,TRAF1,MARCHF8|TRAF1,False,cytoplasm;endoplasmic_reticulum;endosome;golgi;lysosome;membrane;vesicle,,,True,False,False,False,False,False,False,False,0.0,CRC,NA
E3|Q5T0T0|P05777,E3|Q5T0T0,E3,Q5T0T0,P05777,MARCHF8,M,RING,0,neg2x_initial_degree_matched,,MARCHF8,M,M|MARCHF8,False,cytoplasm;endoplasmic_reticulum;endosome;golgi;lysosome;membrane;vesicle,,,True,False,False,False,False,False,False,False,0.0,CRC,NA
E3|Q5T0T0|Q8NEG5,E3|Q5T0T0,E3,Q5T0T0,Q8NEG5,MARCHF8,ZSWIM2,RING,0,neg2x_initial_degree_matched,,MARCHF8,ZSWIM2,MARCHF8|ZSWIM2,False,cytoplasm;endoplasmic_reticulum;endosome;golgi;lysosome;membrane;vesicle,,,True,False,False,False,False,False,False,False,0.0,CRC,NA
E3|Q5T0T0|Q9BSI4,E3|Q5T0T0,E3,Q5T0T0,Q9BSI4,MARCHF8,TINF2,RING,0,neg2x_initial_degree_matched,,MARCHF8,TINF2,MARCHF8|TINF2,False,cytoplasm;endoplasmic_reticulum;endosome;golgi;lysosome;membrane;vesicle,nucleus,,True,True,False,False,False,False,False,False,0.0,CRC,NA
E3|Q5T0T0|P61328,E3|Q5T0T0,E3,Q5T0T0,P61328,MARCHF8,FGF12,RING,0,neg2x_initial_degree_matched,,MARCHF8,FGF12,FGF12|MARCHF8,False,cytoplasm;endoplasmic_reticulum;endosome;golgi;lysosome;membrane;vesicle,nucleus,,True,True,False,False,False,False,False,False,0.0,CRC,NA
E3|Q5T0T0|P25791,E3|Q5T0T0,E3,Q5T0T0,P25791,MARCHF8,LMO2,RING,0,neg2x_initial_degree_matched,,MARCHF8,LMO2,LMO2|MARCHF8,False,cytoplasm;endoplasmic_reticulum;endosome;golgi;lysosome;membrane;vesicle,nucleus,,True,True,False,False,False,False,False,False,0.0,CRC,NA
E3|Q5T0T0|Q8WW12,E3|Q5T0T0,E3,Q5T0T0,Q8WW12,MARCHF8,PCNP,RING,0,neg2x_initial_degree_matched,,MARCHF8,PCNP,MARCHF8|PCNP,False,cytoplasm;endoplasmic_reticulum;endosome;golgi;lysosome;membrane;vesicle,nucleus,,True,True,False,False,False,False,False,False,0.0,CRC,NA
E3|Q5T0T0|Q9UBZ9,E3|Q5T0T0,E3,Q5T0T0,Q9UBZ9,MARCHF8,REV1,RING,0,neg2x_initial_degree_matched,,MARCHF8,REV1,MARCHF8|REV1,False,cytoplasm;endoplasmic_reticulum;endosome;golgi;lysosome;membrane;vesicle,nucleus,,True,True,False,False,False,False,False,False,0.0,CRC,NA
E3|Q5T0T0|Q01826,E3|Q5T0T0,E3,Q5T0T0,Q01826,MARCHF8,SATB1,RING,0,neg2x_initial_degree_matched,,MARCHF8,SATB1,MARCHF8|SATB1,False,cytoplasm;endoplasmic_reticulum;endosome;golgi;lysosome;membrane;vesicle,nucleus,,True,True,False,False,False,False,False,False,0.0,CRC,NA
E3|Q5T0T0|Q8IZQ8,E3|Q5T0T0,E3,Q5T0T0,Q8IZQ8,MARCHF8,MYOCD,RING,0,neg2x_initial_degree_matched,,MARCHF8,MYOCD,MARCHF8|MYOCD,False,cytoplasm;endoplasmic_reticulum;endosome;golgi;lysosome;membrane;vesicle,nucleus,,True,True,False,False,False,False,False,False,0.0,CRC,NA
E3|Q5T447|Q70CQ3,E3|Q5T447,E3,Q5T447,Q70CQ3,HECTD3,USP30,HECT,0,neg2x_initial_degree_matched,,HECTD3,USP30,HECTD3|USP30,False,cytoplasm,membrane;mitochondrion,,True,True,False,True,True,False,False,False,0.12337,LIHC,LIHC|LIHC_GSE98638_expression_Celltype_majorlineage|Treg
E3|Q5T447|Q13077,E3|Q5T447,E3,Q5T447,Q13077,HECTD3,TRAF1,HECT,0,neg2x_initial_degree_matched,,HECTD3,TRAF1,HECTD3|TRAF1,False,cytoplasm,,,True,False,False,True,True,False,False,False,0.30244,LIHC,LIHC|LIHC_GSE98638_expression_Celltype_majorlineage|CD8T
E3|Q5T447|Q15742,E3|Q5T447,E3,Q5T447,Q15742,HECTD3,NAB2,HECT,0,neg2x_initial_degree_matched,,HECTD3,NAB2,HECTD3|NAB2,False,cytoplasm,nucleus,,True,True,False,True,True,False,False,False,0.11442,LIHC,LIHC|LIHC_GSE140228_Smartseq2_expression_Celltype_majorlineage|Mono/Macro
E3|Q5T447|Q9UIH9,E3|Q5T447,E3,Q5T447,Q9UIH9,HECTD3,KLF15,HECT,0,neg2x_initial_degree_matched,,HECTD3,KLF15,HECTD3|KLF15,False,cytoplasm,nucleus,,True,True,False,True,True,False,False,False,0.14924,LIHC,LIHC|LIHC_GSE146115_expression_Celltype_majorlineage|Malignant
E3|Q5T447|P16070,E3|Q5T447,E3,Q5T447,P16070,HECTD3,CD44,HECT,0,neg2x_initial_degree_matched,,HECTD3,CD44,CD44|HECTD3,False,cytoplasm,cytoskeleton;extracellular;membrane;plasma_membrane,,True,True,False,True,True,False,False,False,0.30244,LIHC,LIHC|LIHC_GSE98638_expression_Celltype_majorlineage|CD8T
E3|Q5T447|P10912,E3|Q5T447,E3,Q5T447,P10912,HECTD3,GHR,HECT,0,neg2x_initial_degree_matched,,HECTD3,GHR,GHR|HECTD3,False,cytoplasm,extracellular;membrane;plasma_membrane,,True,True,False,True,True,False,False,False,0.14924,LIHC,LIHC|LIHC_GSE146115_expression_Celltype_majorlineage|Malignant
E3|Q5T6F0|Q9NXK8,E3|Q5T6F0,E3,Q5T6F0,Q9NXK8,DCAF12,FBXL12,DWD,0,neg2x_initial_degree_matched,,DCAF12,FBXL12,DCAF12|FBXL12,False,cytoplasm;cytoskeleton;nucleus,,,True,False,False,True,True,False,False,False,0.1986,CRC,CRC|CRC_GSE146771_Smartseq2_expression_Celltype_majorlineage|Tprolif
E3|Q5TAQ9|Q13873,E3|Q5TAQ9,E3,Q5TAQ9,Q13873,DCAF8,BMPR2,DWD,0,neg2x_initial_degree_matched,,DCAF8,BMPR2,BMPR2|DCAF8,False,cytoplasm;nucleus,membrane;plasma_membrane,,True,True,False,True,True,False,False,False,0.28186,LIHC,LIHC|LIHC_GSE146115_expression_Celltype_majorlineage|Malignant
E3|Q5TC82|Q5VSY0,E3|Q5TC82,E3,Q5TC82,Q5VSY0,RC3H1,GKAP1,RING,0,neg2x_initial_degree_matched,,RC3H1,GKAP1,GKAP1|RC3H1,False,cytoplasm,golgi,,True,True,False,True,True,False,False,False,0.13376,CRC,CRC|CRC_GSE166555_expression_Celltype_majorlineage|B
E3|Q5U5R9|P35226,E3|Q5U5R9,E3,Q5U5R9,P35226,HECTD2,BMI1,HECT,0,neg2x_initial_degree_matched,,HECTD2,BMI1,BMI1|HECTD2,False,,cytoplasm;nucleus,,False,True,False,True,True,False,False,False,0.14109,CRC,CRC|CRC_GSE108989_expression_Celltype_majorlineage|Tprolif
E3|Q5U5R9|Q96QV6,E3|Q5U5R9,E3,Q5U5R9,Q96QV6,HECTD2,H2AC1,HECT,0,neg2x_initial_degree_matched,,HECTD2,H2AC1,H2AC1|HECTD2,False,,nucleus,,False,True,False,False,False,False,False,False,0.0,CRC,NA
E3|Q5VTB9|Q12809,E3|Q5VTB9,E3,Q5VTB9,Q12809,RNF220,KCNH2,RING,0,neg2x_initial_degree_matched,,RNF220,KCNH2,KCNH2|RNF220,False,cytoplasm;nucleus,membrane;plasma_membrane,,True,True,False,True,True,False,False,False,0.08044,CRC,CRC|CRC_GSE166555_expression_Celltype_majorlineage|Mast
E3|Q5VTB9|O60294,E3|Q5VTB9,E3,Q5VTB9,O60294,RNF220,LCMT2,RING,0,neg2x_initial_degree_matched,,RNF220,LCMT2,LCMT2|RNF220,False,cytoplasm;nucleus,,,True,False,False,True,True,False,False,False,0.07631,CRC,CRC|CRC_GSE139555_expression_Celltype_majorlineage|Myofibroblasts
E3|Q5VTR2|Q9NYJ8,E3|Q5VTR2,E3,Q5VTR2,Q9NYJ8,RNF20,TAB2,RING,0,neg2x_initial_degree_matched,,RNF20,TAB2,RNF20|TAB2,False,nucleus,cytoplasm;endosome;lysosome;membrane,,True,True,False,True,True,False,False,False,0.29353,LIHC,LIHC|LIHC_GSE98638_expression_Celltype_majorlineage|CD4Tconv
E3|Q5VTR2|F5HEZ4,E3|Q5VTR2,E3,Q5VTR2,F5HEZ4,RNF20,ORF71,RING,0,neg2x_initial_degree_matched,,RNF20,ORF71,ORF71|RNF20,False,nucleus,,,True,False,False,False,False,False,False,False,0.0,CRC,NA
E3|Q5VU92|Q96GM5,E3|Q5VU92,E3,Q5VU92,Q96GM5,DCAF12L1,SMARCD1,Other,0,neg2x_initial_degree_matched,,DCAF12L1,SMARCD1,DCAF12L1|SMARCD1,False,,nucleus,,False,True,False,False,True,False,False,False,0.00901,LIHC,LIHC|LIHC_GSE166635_expression_Celltype_majorlineage|Malignant
E3|Q5VU92|Q9BYF1,E3|Q5VU92,E3,Q5VU92,Q9BYF1,DCAF12L1,ACE2,Other,0,neg2x_initial_degree_matched,,DCAF12L1,ACE2,ACE2|DCAF12L1,False,,cytoplasm;extracellular;membrane;plasma_membrane,,False,True,False,False,True,False,False,False,0.00716,LIHC,LIHC|LIHC_GSE166635_expression_Celltype_majorlineage|Malignant
E3|Q5XPI4|P23025,E3|Q5XPI4,E3,Q5XPI4,P23025,RNF123,XPA,RING,0,neg2x_initial_degree_matched,,RNF123,XPA,RNF123|XPA,False,cytoplasm,nucleus,,True,True,False,True,True,False,False,False,0.16234,LIHC,LIHC|LIHC_GSE98638_expression_Celltype_majorlineage|CD8T
E3|Q5XPI4|P20963,E3|Q5XPI4,E3,Q5XPI4,P20963,RNF123,CD247,RING,0,neg2x_initial_degree_matched,,RNF123,CD247,CD247|RNF123,False,cytoplasm,membrane;plasma_membrane,,True,True,False,True,True,False,False,False,0.23063,LIHC,LIHC|LIHC_GSE98638_expression_Celltype_majorlineage|Tprolif
E3|Q5XPI4|Q99708,E3|Q5XPI4,E3,Q5XPI4,Q99708,RNF123,RBBP8,RING,0,neg2x_initial_degree_matched,,RNF123,RBBP8,RBBP8|RNF123,False,cytoplasm,nucleus,,True,True,False,True,True,False,False,False,0.23063,LIHC,LIHC|LIHC_GSE98638_expression_Celltype_majorlineage|Tprolif
E3|Q5XPI4|P04439,E3|Q5XPI4,E3,Q5XPI4,P04439,RNF123,HLA-A,RING,0,neg2x_initial_degree_matched,,RNF123,HLA-A,HLA-A|RNF123,False,cytoplasm,endoplasmic_reticulum;membrane;plasma_membrane,,True,True,False,True,True,False,False,False,0.23063,LIHC,LIHC|LIHC_GSE98638_expression_Celltype_majorlineage|Tprolif
E3|Q5XPI4|P56545,E3|Q5XPI4,E3,Q5XPI4,P56545,RNF123,CTBP2,RING,0,neg2x_initial_degree_matched,,RNF123,CTBP2,CTBP2|RNF123,False,cytoplasm,nucleus,,True,True,False,True,True,False,False,False,0.13848,LIHC,LIHC|LIHC_GSE140228_Smartseq2_expression_Celltype_majorlineage|Tprolif
E3|Q5XUX0|Q9NRC1,E3|Q5XUX0,E3,Q5XUX0,Q9NRC1,FBXO31,ST7,F-box,0,neg2x_initial_degree_matched,,FBXO31,ST7,FBXO31|ST7,False,cytoplasm;cytoskeleton,membrane,,True,True,False,True,True,False,False,False,0.1599,CRC,CRC|CRC_GSE146771_Smartseq2_expression_Celltype_majorlineage|Endothelial
E3|Q5XUX0|P28715,E3|Q5XUX0,E3,Q5XUX0,P28715,FBXO31,ERCC5,F-box,0,neg2x_initial_degree_matched,,FBXO31,ERCC5,ERCC5|FBXO31,False,cytoplasm;cytoskeleton,nucleus,,True,True,False,True,True,False,False,False,0.25492,CRC,CRC|CRC_GSE146771_Smartseq2_expression_Celltype_majorlineage|Endothelial
E3|Q5XUX0|Q2F514,E3|Q5XUX0,E3,Q5XUX0,Q2F514,FBXO31,X,F-box,0,neg2x_initial_degree_matched,,FBXO31,X,FBXO31|X,False,cytoplasm;cytoskeleton,,,True,False,False,False,False,False,False,False,0.0,CRC,NA
E3|Q5XUX0|Q9NZ52,E3|Q5XUX0,E3,Q5XUX0,Q9NZ52,FBXO31,GGA3,F-box,0,neg2x_initial_degree_matched,,FBXO31,GGA3,FBXO31|GGA3,False,cytoplasm;cytoskeleton,endosome;golgi;membrane,,True,True,False,True,True,False,False,False,0.12683,LIHC,LIHC|LIHC_GSE146115_expression_Celltype_majorlineage|Tprolif
E3|Q5XUX0|Q8IYD8,E3|Q5XUX0,E3,Q5XUX0,Q8IYD8,FBXO31,FANCM,F-box,0,neg2x_initial_degree_matched,,FBXO31,FANCM,FANCM|FBXO31,False,cytoplasm;cytoskeleton,nucleus,,True,True,False,True,True,False,False,False,0.14189,LIHC,LIHC|LIHC_GSE146115_expression_Celltype_majorlineage|Tprolif
E3|Q5XUX0|Q15012,E3|Q5XUX0,E3,Q5XUX0,Q15012,FBXO31,LAPTM4A,F-box,0,neg2x_initial_degree_matched,,FBXO31,LAPTM4A,FBXO31|LAPTM4A,False,cytoplasm;cytoskeleton,membrane,,True,True,False,True,True,False,False,False,0.42475,LIHC,LIHC|LIHC_GSE146115_expression_Celltype_majorlineage|Malignant
E3|Q5XX13|P01009,E3|Q5XX13,E3,Q5XX13,P01009,FBXW10,SERPINA1,F-box,0,neg2x_initial_degree_matched,,FBXW10,SERPINA1,FBXW10|SERPINA1,False,,endoplasmic_reticulum;extracellular,,False,True,False,True,True,False,False,False,0.01099,LIHC,LIHC|LIHC_GSE146115_expression_Celltype_majorlineage|B
E3|Q5XX13|P10114,E3|Q5XX13,E3,Q5XX13,P10114,FBXW10,RAP2A,F-box,0,neg2x_initial_degree_matched,,FBXW10,RAP2A,FBXW10|RAP2A,False,,cytoplasm;endosome;golgi;lysosome;membrane;plasma_membrane,,False,True,False,True,True,False,False,False,0.01099,LIHC,LIHC|LIHC_GSE146115_expression_Celltype_majorlineage|B
E3|Q66K64|O94782,E3|Q66K64,E3,Q66K64,O94782,DCAF15,USP1,Other,0,neg2x_initial_degree_matched,,DCAF15,USP1,DCAF15|USP1,False,,nucleus,,False,True,False,True,True,False,False,False,0.19246,CRC,CRC|CRC_GSE166555_expression_Celltype_majorlineage|Tprolif
E3|Q66K64|P01100,E3|Q66K64,E3,Q66K64,P01100,DCAF15,FOS,Other,0,neg2x_initial_degree_matched,,DCAF15,FOS,DCAF15|FOS,False,,cytoplasm;endoplasmic_reticulum;nucleus,,False,True,False,True,True,False,False,False,0.19246,CRC,CRC|CRC_GSE166555_expression_Celltype_majorlineage|Tprolif
E3|Q66K89|P16284,E3|Q66K89,E3,Q66K89,P16284,E4F1,PECAM1,HECT,0,neg2x_initial_degree_matched,,E4F1,PECAM1,E4F1|PECAM1,False,cytoplasm;cytoskeleton;nucleus,cell_junction;membrane;plasma_membrane,,True,True,False,True,True,False,False,False,0.19635,LIHC,LIHC|LIHC_GSE98638_expression_Celltype_majorlineage|CD8Tex
E3|Q693B1|P49918,E3|Q693B1,E3,Q693B1,P49918,KCTD11,CDKN1C,BTB_OTHER,0,neg2x_initial_degree_matched,,KCTD11,CDKN1C,CDKN1C|KCTD11,False,,nucleus,,False,True,False,True,True,False,False,False,0.12012,CRC,CRC|CRC_GSE166555_expression_Celltype_majorlineage|Fibroblasts
E3|Q693B1|Q9Y6Q9,E3|Q693B1,E3,Q693B1,Q9Y6Q9,KCTD11,NCOA3,BTB_OTHER,0,neg2x_initial_degree_matched,,KCTD11,NCOA3,KCTD11|NCOA3,False,,cytoplasm;nucleus,,False,True,False,True,True,False,False,False,0.12012,CRC,CRC|CRC_GSE166555_expression_Celltype_majorlineage|Fibroblasts
E3|Q6P050|Q6ZVM7,E3|Q6P050,E3,Q6P050,Q6ZVM7,FBXL22,TOM1L2,F-box,0,neg2x_initial_degree_matched,,FBXL22,TOM1L2,FBXL22|TOM1L2,False,cytoplasm,,,True,False,False,True,True,False,False,False,0.05808,CRC,CRC|CRC_GSE166555_expression_Celltype_majorlineage|Myofibroblasts
E3|Q6P050|P46109,E3|Q6P050,E3,Q6P050,P46109,FBXL22,CRKL,F-box,0,neg2x_initial_degree_matched,,FBXL22,CRKL,CRKL|FBXL22,False,cytoplasm,,,True,False,False,True,True,False,False,False,0.08732,LIHC,LIHC|LIHC_GSE179795_expression_Celltype_majorlineage|ILC
E3|Q6P050|Q9NWM3,E3|Q6P050,E3,Q6P050,Q9NWM3,FBXL22,CUEDC1,F-box,0,neg2x_initial_degree_matched,,FBXL22,CUEDC1,CUEDC1|FBXL22,False,cytoplasm,,,True,False,False,True,True,False,False,False,0.05808,CRC,CRC|CRC_GSE166555_expression_Celltype_majorlineage|Myofibroblasts
E3|Q6P3S6|Q71DI3,E3|Q6P3S6,E3,Q6P3S6,Q71DI3,FBXO42,H3C15,F-box,0,neg2x_initial_degree_matched,,FBXO42,H3C15,FBXO42|H3C15,False,,nucleus,,False,True,False,False,False,False,False,False,0.0,CRC,NA
E3|Q6P3S6|Q14145,E3|Q6P3S6,E3,Q6P3S6,Q14145,FBXO42,KEAP1,F-box,0,neg2x_initial_degree_matched,,FBXO42,KEAP1,FBXO42|KEAP1,False,,cytoplasm;nucleus,,False,True,False,True,True,False,False,False,0.3437,LIHC,LIHC|LIHC_GSE98638_expression_Celltype_majorlineage|Tprolif
E3|Q6PCD5|P43360,E3|Q6PCD5,E3,Q6PCD5,P43360,RFWD3,MAGEA6,RING,0,neg2x_initial_degree_matched,,RFWD3,MAGEA6,MAGEA6|RFWD3,False,cytoplasm;nucleus,,,True,False,False,True,True,False,False,False,0.01425,CRC,CRC|CRC_GSE166555_expression_Celltype_majorlineage|Malignant
E3|Q6PCT2|Q30134,E3|Q6PCT2,E3,Q6PCT2,Q30134,FBXL19,HLA-DRB1,F-box,0,neg2x_initial_degree_matched,,FBXL19,HLA-DRB1,FBXL19|HLA-DRB1,False,cytoplasm;nucleus,,,True,False,False,True,True,False,False,False,0.07991,CRC,CRC|CRC_GSE166555_expression_Celltype_majorlineage|Malignant
E3|Q6PCT2|P29965,E3|Q6PCT2,E3,Q6PCT2,P29965,FBXL19,CD40LG,F-box,0,neg2x_initial_degree_matched,,FBXL19,CD40LG,CD40LG|FBXL19,False,cytoplasm;nucleus,cytoskeleton;extracellular;membrane;plasma_membrane,,True,True,False,True,True,False,False,False,0.03107,CRC,CRC|CRC_GSE166555_expression_Celltype_majorlineage|Tprolif
E3|Q6PJ21|P01903,E3|Q6PJ21,E3,Q6PJ21,P01903,SPSB3,HLA-DRA,SOCS_VHL_BC-box,0,neg2x_initial_degree_matched,,SPSB3,HLA-DRA,HLA-DRA|SPSB3,False,nucleus,endoplasmic_reticulum;endosome;lysosome;membrane;plasma_membrane,,True,True,False,True,True,False,False,False,0.73495,LIHC,LIHC|LIHC_GSE98638_expression_Celltype_majorlineage|CD8T
E3|Q6PJ69|P31645,E3|Q6PJ69,E3,Q6PJ69,P31645,TRIM65,SLC6A4,RING,0,neg2x_initial_degree_matched,,TRIM65,SLC6A4,SLC6A4|TRIM65,False,cytoplasm,cell_junction;endosome;membrane;plasma_membrane,,True,True,False,True,True,False,False,False,0.21301,LIHC,LIHC|LIHC_GSE146115_expression_Celltype_majorlineage|Mono/Macro
E3|Q6Q0C0|P60903,E3|Q6Q0C0,E3,Q6Q0C0,P60903,TRAF7,S100A10,DWD,0,neg2x_initial_degree_matched,,TRAF7,S100A10,S100A10|TRAF7,False,cytoplasm;nucleus;vesicle,,,True,False,False,True,True,False,False,False,0.32726,CRC,CRC|CRC_GSE166555_expression_Celltype_majorlineage|Malignant
E3|Q6R327|O75928,E3|Q6R327,E3,Q6R327,O75928,RICTOR,PIAS2,RING,0,neg2x_initial_degree_matched,,RICTOR,PIAS2,PIAS2|RICTOR,False,endoplasmic_reticulum;lysosome;membrane;plasma_membrane,nucleus,,True,True,False,True,True,False,False,False,0.28259,LIHC,LIHC|LIHC_GSE166635_expression_Celltype_majorlineage|Endothelial
E3|Q6R327|Q15173,E3|Q6R327,E3,Q6R327,Q15173,RICTOR,PPP2R5B,RING,0,neg2x_initial_degree_matched,,RICTOR,PPP2R5B,PPP2R5B|RICTOR,False,endoplasmic_reticulum;lysosome;membrane;plasma_membrane,cytoplasm,,True,True,False,True,True,False,False,False,0.19631,CRC,CRC|CRC_GSE166555_expression_Celltype_majorlineage|Endothelial
E3|Q6TDP4|O43164,E3|Q6TDP4,E3,Q6TDP4,O43164,KLHL17,PJA2,BTB_3,0,neg2x_initial_degree_matched,,KLHL17,PJA2,KLHL17|PJA2,False,,cytoplasm;cytoskeleton;endoplasmic_reticulum;golgi;membrane;plasma_membrane,,False,True,False,True,True,False,False,False,0.05796,LIHC,LIHC|LIHC_GSE146115_expression_Celltype_majorlineage|B
E3|Q6TDP4|P04085,E3|Q6TDP4,E3,Q6TDP4,P04085,KLHL17,PDGFA,BTB_3,0,neg2x_initial_degree_matched,,KLHL17,PDGFA,KLHL17|PDGFA,False,,extracellular,,False,True,False,True,True,False,False,False,0.03938,CRC,CRC|CRC_GSE166555_expression_Celltype_majorlineage|Myofibroblasts
E3|Q6UWE0|A0A1B0GVQ0,E3|Q6UWE0,E3,Q6UWE0,A0A1B0GVQ0,LRSAM1,SPAAR,RING,0,neg2x_initial_degree_matched,,LRSAM1,SPAAR,LRSAM1|SPAAR,False,cytoplasm,endosome;lysosome;membrane,,True,True,False,True,False,False,False,False,0.01151,CRC,CRC|CRC_GSE166555_expression_Celltype_majorlineage|Endothelial
E3|Q6UWE0|A6MI22,E3|Q6UWE0,E3,Q6UWE0,A6MI22,LRSAM1,tat,RING,0,neg2x_initial_degree_matched,,LRSAM1,TAT,LRSAM1|TAT,False,cytoplasm,,,True,False,False,True,True,False,False,False,0.08497,LIHC,LIHC|LIHC_GSE140228_Smartseq2_expression_Celltype_majorlineage|NK
E3|Q6UWE0|Q15784,E3|Q6UWE0,E3,Q6UWE0,Q15784,LRSAM1,NEUROD2,RING,0,neg2x_initial_degree_matched,,LRSAM1,NEUROD2,LRSAM1|NEUROD2,False,cytoplasm,nucleus,,True,True,False,True,True,False,False,False,0.09492,LIHC,LIHC|LIHC_GSE146409_expression_Celltype_majorlineage|Malignant
E3|Q6VVB1|P68133,E3|Q6VVB1,E3,Q6VVB1,P68133,NHLRC1,ACTA1,RING,0,neg2x_initial_degree_matched,,NHLRC1,ACTA1,ACTA1|NHLRC1,False,endoplasmic_reticulum;nucleus,cytoplasm;cytoskeleton,,True,True,False,True,True,False,False,False,0.00867,LIHC,LIHC|LIHC_GSE98638_expression_Celltype_majorlineage|Tprolif
E3|Q6VVB1|Q9NV92,E3|Q6VVB1,E3,Q6VVB1,Q9NV92,NHLRC1,NDFIP2,RING,0,neg2x_initial_degree_matched,,NHLRC1,NDFIP2,NDFIP2|NHLRC1,False,endoplasmic_reticulum;nucleus,endosome;golgi;membrane,,True,True,False,True,True,False,False,False,0.04168,CRC,CRC|CRC_GSE146771_Smartseq2_expression_Celltype_majorlineage|Endothelial
E3|Q6VVB1|O60343,E3|Q6VVB1,E3,Q6VVB1,O60343,NHLRC1,TBC1D4,RING,0,neg2x_initial_degree_matched,,NHLRC1,TBC1D4,NHLRC1|TBC1D4,False,endoplasmic_reticulum;nucleus,cytoplasm,,True,True,False,True,True,False,False,False,0.04168,CRC,CRC|CRC_GSE146771_Smartseq2_expression_Celltype_majorlineage|Endothelial
E3|Q6VVB1|Q9Y6W8,E3|Q6VVB1,E3,Q6VVB1,Q9Y6W8,NHLRC1,ICOS,RING,0,neg2x_initial_degree_matched,,NHLRC1,ICOS,ICOS|NHLRC1,False,endoplasmic_reticulum;nucleus,extracellular;membrane;plasma_membrane,,True,True,False,True,True,False,False,False,0.01414,CRC,CRC|CRC_GSE146771_Smartseq2_expression_Celltype_majorlineage|Mono/Macro
E3|Q6X9E4|Q9UHD9,E3|Q6X9E4,E3,Q6X9E4,Q9UHD9,FBXW12,UBQLN2,F-box,0,neg2x_initial_degree_matched,,FBXW12,UBQLN2,FBXW12|UBQLN2,False,,cytoplasm;cytoskeleton;membrane;nucleus;vesicle,,False,True,False,True,True,False,False,False,0.00277,CRC,CRC|CRC_GSE108989_expression_Celltype_majorlineage|CD8Tex
E3|Q6X9E4|Q30154,E3|Q6X9E4,E3,Q6X9E4,Q30154,FBXW12,HLA-DRB5,F-box,0,neg2x_initial_degree_matched,,FBXW12,HLA-DRB5,FBXW12|HLA-DRB5,False,,endoplasmic_reticulum;endosome;golgi;lysosome;membrane;plasma_membrane,,False,True,False,True,True,False,False,False,0.00277,CRC,CRC|CRC_GSE108989_expression_Celltype_majorlineage|CD8Tex
E3|Q6ZNA4|Q16558,E3|Q6ZNA4,E3,Q6ZNA4,Q16558,RNF111,KCNMB1,RING,0,neg2x_initial_degree_matched,,RNF111,KCNMB1,KCNMB1|RNF111,False,cytoplasm;nucleus,membrane,,True,True,False,True,True,False,False,False,0.24359,LIHC,LIHC|LIHC_GSE140228_Smartseq2_expression_Celltype_majorlineage|DC
E3|Q6ZNA4|P36888,E3|Q6ZNA4,E3,Q6ZNA4,P36888,RNF111,FLT3,RING,0,neg2x_initial_degree_matched,,RNF111,FLT3,FLT3|RNF111,False,cytoplasm;nucleus,endoplasmic_reticulum;membrane;plasma_membrane,,True,True,False,True,True,False,False,False,0.24359,LIHC,LIHC|LIHC_GSE140228_Smartseq2_expression_Celltype_majorlineage|DC
E3|Q6ZNA4|Q16875,E3|Q6ZNA4,E3,Q6ZNA4,Q16875,RNF111,PFKFB3,RING,0,neg2x_initial_degree_matched,,RNF111,PFKFB3,PFKFB3|RNF111,False,cytoplasm;nucleus,,,True,False,False,True,True,False,False,False,0.26994,LIHC,LIHC|LIHC_GSE98638_expression_Celltype_majorlineage|Treg
E3|Q6ZNA4|Q8IZ07,E3|Q6ZNA4,E3,Q6ZNA4,Q8IZ07,RNF111,ANKRD13A,RING,0,neg2x_initial_degree_matched,,RNF111,ANKRD13A,ANKRD13A|RNF111,False,cytoplasm;nucleus,endosome;membrane;plasma_membrane,,True,True,False,True,True,False,False,False,0.33789,LIHC,LIHC|LIHC_GSE146115_expression_Celltype_majorlineage|Tprolif
E3|Q6ZW49|Q96NT3,E3|Q6ZW49,E3,Q6ZW49,Q96NT3,PAXIP1,GUCD1,Other,0,neg2x_initial_degree_matched,,PAXIP1,GUCD1,GUCD1|PAXIP1,False,nucleus,,,True,False,False,True,True,False,False,False,0.1578,LIHC,LIHC|LIHC_GSE146115_expression_Celltype_majorlineage|Tprolif
E3|Q75N03|P08034,E3|Q75N03,E3,Q75N03,P08034,CBLL1,GJB1,RING,0,neg2x_initial_degree_matched,,CBLL1,GJB1,CBLL1|GJB1,False,cytoplasm;nucleus,cell_junction;membrane;plasma_membrane,,True,True,False,True,True,False,False,False,0.14204,CRC,CRC|CRC_GSE146771_Smartseq2_expression_Celltype_majorlineage|Malignant
E3|Q76N89|Q92858,E3|Q76N89,E3,Q76N89,Q92858,HECW1,ATOH1,HECT,0,neg2x_initial_degree_matched,,HECW1,ATOH1,ATOH1|HECW1,False,cytoplasm,nucleus,,True,True,False,True,False,False,False,False,0.00456,CRC,CRC|CRC_GSE166555_expression_Celltype_majorlineage|Fibroblasts
E3|Q76N89|P19419,E3|Q76N89,E3,Q76N89,P19419,HECW1,ELK1,HECT,0,neg2x_initial_degree_matched,,HECW1,ELK1,ELK1|HECW1,False,cytoplasm,nucleus,,True,True,False,True,True,False,False,False,0.0259,LIHC,LIHC|LIHC_GSE166635_expression_Celltype_majorlineage|Malignant
E3|Q76N89|P49959,E3|Q76N89,E3,Q76N89,P49959,HECW1,MRE11,HECT,0,neg2x_initial_degree_matched,,HECW1,MRE11,HECW1|MRE11,False,cytoplasm,nucleus,,True,True,False,True,True,False,False,False,0.02036,CRC,CRC|CRC_GSE166555_expression_Celltype_majorlineage|Fibroblasts
E3|Q76N89|P61371,E3|Q76N89,E3,Q76N89,P61371,HECW1,ISL1,HECT,0,neg2x_initial_degree_matched,,HECW1,ISL1,HECW1|ISL1,False,cytoplasm,nucleus,,True,True,False,True,True,False,False,False,0.02036,CRC,CRC|CRC_GSE166555_expression_Celltype_majorlineage|Fibroblasts
E3|Q76N89|Q96LA5,E3|Q76N89,E3,Q76N89,Q96LA5,HECW1,FCRL2,HECT,0,neg2x_initial_degree_matched,,HECW1,FCRL2,FCRL2|HECW1,False,cytoplasm,membrane;plasma_membrane,,True,True,False,True,True,False,False,False,0.00512,CRC,CRC|CRC_GSE166555_expression_Celltype_majorlineage|Fibroblasts
E3|Q7L5Y6#Q8NHY2|Q13601,E3|Q7L5Y6#Q8NHY2,E3,Q7L5Y6#Q8NHY2,Q13601,DET1#COP1,KRR1,Other,0,neg2x_initial_degree_matched,,DET1#COP1,KRR1,DET1#COP1|KRR1,False,,cytoplasm;nucleus,,False,True,False,False,False,False,False,False,0.0,CRC,NA
E3|Q7L5Y6#Q8NHY2|Q9Y5W3,E3|Q7L5Y6#Q8NHY2,E3,Q7L5Y6#Q8NHY2,Q9Y5W3,DET1#COP1,KLF2,Other,0,neg2x_initial_degree_matched,,DET1#COP1,KLF2,DET1#COP1|KLF2,False,,nucleus,,False,True,False,False,False,False,False,False,0.0,CRC,NA
E3|Q7L5Y6#Q8NHY2|O43353,E3|Q7L5Y6#Q8NHY2,E3,Q7L5Y6#Q8NHY2,O43353,DET1#COP1,RIPK2,Other,0,neg2x_initial_degree_matched,,DET1#COP1,RIPK2,DET1#COP1|RIPK2,False,,cytoplasm;endoplasmic_reticulum;membrane;plasma_membrane,,False,True,False,False,False,False,False,False,0.0,CRC,NA
E3|Q7L5Y6#Q8NHY2|O00291,E3|Q7L5Y6#Q8NHY2,E3,Q7L5Y6#Q8NHY2,O00291,DET1#COP1,HIP1,Other,0,neg2x_initial_degree_matched,,DET1#COP1,HIP1,DET1#COP1|HIP1,False,,cytoplasm;membrane;nucleus;vesicle,,False,True,False,False,False,False,False,False,0.0,CRC,NA
E3|Q7L5Y6#Q8NHY2|O60294,E3|Q7L5Y6#Q8NHY2,E3,Q7L5Y6#Q8NHY2,O60294,DET1#COP1,LCMT2,Other,0,neg2x_initial_degree_matched,,DET1#COP1,LCMT2,DET1#COP1|LCMT2,False,,,,False,False,False,False,False,False,False,False,0.0,CRC,NA
E3|Q7L5Y6#Q8NHY2|Q13740,E3|Q7L5Y6#Q8NHY2,E3,Q7L5Y6#Q8NHY2,Q13740,DET1#COP1,ALCAM,Other,0,neg2x_initial_degree_matched,,DET1#COP1,ALCAM,ALCAM|DET1#COP1,False,,extracellular;membrane;plasma_membrane,,False,True,False,False,False,False,False,False,0.0,CRC,NA
E3|Q7L5Y6#Q8NHY2|P06790,E3|Q7L5Y6#Q8NHY2,E3,Q7L5Y6#Q8NHY2,P06790,DET1#COP1,E2,Other,0,neg2x_initial_degree_matched,,DET1#COP1,E2,DET1#COP1|E2,False,,,,False,False,False,False,False,False,False,False,0.0,CRC,NA
E3|Q7L5Y6#Q8NHY2|Q16637,E3|Q7L5Y6#Q8NHY2,E3,Q7L5Y6#Q8NHY2,Q16637,DET1#COP1,SMN1,Other,0,neg2x_initial_degree_matched,,DET1#COP1,SMN1,DET1#COP1|SMN1,False,,cytoplasm;cytoskeleton;nucleus,,False,True,False,False,False,False,False,False,0.0,CRC,NA
E3|Q7L5Y6#Q8NHY2|O15085,E3|Q7L5Y6#Q8NHY2,E3,Q7L5Y6#Q8NHY2,O15085,DET1#COP1,ARHGEF11,Other,0,neg2x_initial_degree_matched,,DET1#COP1,ARHGEF11,ARHGEF11|DET1#COP1,False,,cytoplasm;membrane,,False,True,False,False,False,False,False,False,0.0,CRC,NA
E3|Q7L5Y6#Q8NHY2|Q9UM07,E3|Q7L5Y6#Q8NHY2,E3,Q7L5Y6#Q8NHY2,Q9UM07,DET1#COP1,PADI4,Other,0,neg2x_initial_degree_matched,,DET1#COP1,PADI4,DET1#COP1|PADI4,False,,cytoplasm;nucleus,,False,True,False,False,False,False,False,False,0.0,CRC,NA
E3|Q7L5Y6#Q8NHY2|P16234,E3|Q7L5Y6#Q8NHY2,E3,Q7L5Y6#Q8NHY2,P16234,DET1#COP1,PDGFRA,Other,0,neg2x_initial_degree_matched,,DET1#COP1,PDGFRA,DET1#COP1|PDGFRA,False,,golgi;membrane;plasma_membrane,,False,True,False,False,False,False,False,False,0.0,CRC,NA
E3|Q7L5Y6#Q8NHY2|Q9P212,E3|Q7L5Y6#Q8NHY2,E3,Q7L5Y6#Q8NHY2,Q9P212,DET1#COP1,PLCE1,Other,0,neg2x_initial_degree_matched,,DET1#COP1,PLCE1,DET1#COP1|PLCE1,False,,cytoplasm;golgi;membrane;plasma_membrane,,False,True,False,False,False,False,False,False,0.0,CRC,NA
E3|Q7L5Y6#Q8NHY2|Q9UKT9,E3|Q7L5Y6#Q8NHY2,E3,Q7L5Y6#Q8NHY2,Q9UKT9,DET1#COP1,IKZF3,Other,0,neg2x_initial_degree_matched,,DET1#COP1,IKZF3,DET1#COP1|IKZF3,False,,cytoplasm;nucleus,,False,True,False,False,False,False,False,False,0.0,CRC,NA
E3|Q7L5Y6#Q8NHY2|Q9ULT6,E3|Q7L5Y6#Q8NHY2,E3,Q7L5Y6#Q8NHY2,Q9ULT6,DET1#COP1,ZNRF3,Other,0,neg2x_initial_degree_matched,,DET1#COP1,ZNRF3,DET1#COP1|ZNRF3,False,,membrane;plasma_membrane,,False,True,False,False,False,False,False,False,0.0,CRC,NA
E3|Q7L5Y6|P10721,E3|Q7L5Y6,E3,Q7L5Y6,P10721,DET1,KIT,Other,0,neg2x_initial_degree_matched,,DET1,KIT,DET1|KIT,False,nucleus,cytoplasm;membrane;plasma_membrane,,True,True,False,True,True,False,False,False,0.03544,CRC,CRC|CRC_GSE146771_Smartseq2_expression_Celltype_majorlineage|Mono/Macro
E3|Q7L5Y6|Q99714,E3|Q7L5Y6,E3,Q7L5Y6,Q99714,DET1,PTPN5,Other,0,neg2x_initial_degree_matched,,DET1,PTPN5,DET1|PTPN5,False,nucleus,mitochondrion,,True,True,False,True,True,False,False,False,0.0263,CRC,CRC|CRC_GSE166555_expression_Celltype_majorlineage|Endothelial
E3|Q7L5Y6|P23258,E3|Q7L5Y6,E3,Q7L5Y6,P23258,DET1,TUBG1,Other,0,neg2x_initial_degree_matched,,DET1,TUBG1,DET1|TUBG1,False,nucleus,cytoplasm;cytoskeleton,,True,True,False,True,True,False,False,False,0.06651,CRC,CRC|CRC_GSE146771_Smartseq2_expression_Celltype_majorlineage|Fibroblasts
E3|Q7L5Y6|Q92851,E3|Q7L5Y6,E3,Q7L5Y6,Q92851,DET1,CASP10,Other,0,neg2x_initial_degree_matched,,DET1,CASP10,CASP10|DET1,False,nucleus,,,True,False,False,True,True,False,False,False,0.04829,LIHC,LIHC|LIHC_GSE98638_expression_Celltype_majorlineage|CD4Tconv
E3|Q7L5Y6|P63316,E3|Q7L5Y6,E3,Q7L5Y6,P63316,DET1,TNNC1,Other,0,neg2x_initial_degree_matched,,DET1,TNNC1,DET1|TNNC1,False,nucleus,,,True,False,False,True,True,False,False,False,0.03038,CRC,CRC|CRC_GSE166555_expression_Celltype_majorlineage|Myofibroblasts
E3|Q7L5Y6|O15399,E3|Q7L5Y6,E3,Q7L5Y6,O15399,DET1,GRIN2D,Other,0,neg2x_initial_degree_matched,,DET1,GRIN2D,DET1|GRIN2D,False,nucleus,membrane;plasma_membrane,,True,True,False,True,True,False,False,False,0.03144,CRC,CRC|CRC_GSE166555_expression_Celltype_majorlineage|Malignant
E3|Q7L5Y6|Q9NS87,E3|Q7L5Y6,E3,Q7L5Y6,Q9NS87,DET1,KIF15,Other,0,neg2x_initial_degree_matched,,DET1,KIF15,DET1|KIF15,False,nucleus,cytoplasm;cytoskeleton,,True,True,False,True,True,False,False,False,0.04955,CRC,CRC|CRC_GSE139555_expression_Celltype_majorlineage|Tprolif
E3|Q7L5Y6|A6NI79,E3|Q7L5Y6,E3,Q7L5Y6,A6NI79,DET1,CCDC69,Other,0,neg2x_initial_degree_matched,,DET1,CCDC69,CCDC69|DET1,False,nucleus,cytoplasm;cytoskeleton,,True,True,False,True,True,False,False,False,0.04955,CRC,CRC|CRC_GSE139555_expression_Celltype_majorlineage|Tprolif
E3|Q7L5Y6|P36888,E3|Q7L5Y6,E3,Q7L5Y6,P36888,DET1,FLT3,Other,0,neg2x_initial_degree_matched,,DET1,FLT3,DET1|FLT3,False,nucleus,endoplasmic_reticulum;membrane;plasma_membrane,,True,True,False,True,True,False,False,False,0.03472,LIHC,LIHC|LIHC_GSE140228_Smartseq2_expression_Celltype_majorlineage|Tprolif
E3|Q7Z419|Q99607,E3|Q7Z419,E3,Q7Z419,Q99607,RNF144B,ELF4,RING,0,neg2x_initial_degree_matched,,RNF144B,ELF4,ELF4|RNF144B,False,cytoplasm;membrane;mitochondrion,nucleus,,True,True,False,True,True,False,False,False,0.16944,LIHC,LIHC|LIHC_GSE140228_Smartseq2_expression_Celltype_majorlineage|Tprolif
E3|Q7Z419|Q05195,E3|Q7Z419,E3,Q7Z419,Q05195,RNF144B,MXD1,RING,0,neg2x_initial_degree_matched,,RNF144B,MXD1,MXD1|RNF144B,False,cytoplasm;membrane;mitochondrion,nucleus,,True,True,False,True,True,False,False,False,0.85595,LIHC,LIHC|LIHC_GSE140228_Smartseq2_expression_Celltype_majorlineage|DC
E3|Q7Z419|Q5VTR2,E3|Q7Z419,E3,Q7Z419,Q5VTR2,RNF144B,RNF20,RING,0,neg2x_initial_degree_matched,,RNF144B,RNF20,RNF144B|RNF20,False,cytoplasm;membrane;mitochondrion,nucleus,,True,True,False,True,True,False,False,False,0.24684,LIHC,LIHC|LIHC_GSE140228_Smartseq2_expression_Celltype_majorlineage|ILC
E3|Q7Z4K8|P06935,E3|Q7Z4K8,E3,Q7Z4K8,P06935,TRIM46,,RING,0,neg2x_initial_degree_matched,,TRIM46,,,False,cytoplasm;cytoskeleton,,,True,False,False,False,False,False,False,False,0.0,CRC,NA
E3|Q7Z569|Q9UGP5,E3|Q7Z569,E3,Q7Z569,Q9UGP5,BRAP,POLL,RING,0,neg2x_initial_degree_matched,,BRAP,POLL,BRAP|POLL,False,cytoplasm,nucleus,,True,True,False,True,True,False,False,False,0.17884,LIHC,LIHC|LIHC_GSE98638_expression_Celltype_majorlineage|Tprolif
E3|Q7Z569|P19429,E3|Q7Z569,E3,Q7Z569,P19429,BRAP,TNNI3,RING,0,neg2x_initial_degree_matched,,BRAP,TNNI3,BRAP|TNNI3,False,cytoplasm,,,True,False,False,True,True,False,False,False,0.07014,CRC,CRC|CRC_EMTAB8107_expression_Celltype_majorlineage|Malignant
E3|Q7Z6E9|Q9H5V8,E3|Q7Z6E9,E3,Q7Z6E9,Q9H5V8,RBBP6,CDCP1,RING,0,neg2x_initial_degree_matched,,RBBP6,CDCP1,CDCP1|RBBP6,False,cytoplasm;cytoskeleton;nucleus,extracellular;membrane;plasma_membrane,,True,True,False,True,True,False,False,False,0.33077,CRC,CRC|CRC_GSE166555_expression_Celltype_majorlineage|Malignant
E3|Q7Z6J0|Q92994,E3|Q7Z6J0,E3,Q7Z6J0,Q92994,SH3RF1,BRF1,RING,0,neg2x_initial_degree_matched,,SH3RF1,BRF1,BRF1|SH3RF1,False,cytoplasm;golgi,nucleus,,True,True,False,True,True,False,False,False,0.12408,LIHC,LIHC|LIHC_GSE140228_Smartseq2_expression_Celltype_majorlineage|ILC
E3|Q7Z6J0|Q95IE3,E3|Q7Z6J0,E3,Q7Z6J0,Q95IE3,SH3RF1,HLA-DRB1,RING,0,neg2x_initial_degree_matched,,SH3RF1,HLA-DRB1,HLA-DRB1|SH3RF1,False,cytoplasm;golgi,,,True,False,False,True,True,False,False,False,0.27496,LIHC,LIHC|LIHC_GSE146409_expression_Celltype_majorlineage|Epithelial
E3|Q7Z6J0|P15259,E3|Q7Z6J0,E3,Q7Z6J0,P15259,SH3RF1,PGAM2,RING,0,neg2x_initial_degree_matched,,SH3RF1,PGAM2,PGAM2|SH3RF1,False,cytoplasm;golgi,,,True,False,False,True,True,False,False,False,0.14598,LIHC,LIHC|LIHC_GSE166635_expression_Celltype_majorlineage|Malignant
E3|Q7Z6J0|Q8N907,E3|Q7Z6J0,E3,Q7Z6J0,Q8N907,SH3RF1,DAND5,RING,0,neg2x_initial_degree_matched,,SH3RF1,DAND5,DAND5|SH3RF1,False,cytoplasm;golgi,extracellular;mitochondrion,,True,True,False,True,True,False,False,False,0.01682,CRC,CRC|CRC_GSE166555_expression_Celltype_majorlineage|Endothelial
E3|Q7Z6M2|P52566,E3|Q7Z6M2,E3,Q7Z6M2,P52566,FBXO33,ARHGDIB,F-box,0,neg2x_initial_degree_matched,,FBXO33,ARHGDIB,ARHGDIB|FBXO33,False,,cytoplasm,,False,True,False,True,True,False,False,False,0.30271,CRC,CRC|CRC_GSE166555_expression_Celltype_majorlineage|CD8T
E3|Q7Z6M2|P20671,E3|Q7Z6M2,E3,Q7Z6M2,P20671,FBXO33,H2AC7,F-box,0,neg2x_initial_degree_matched,,FBXO33,H2AC7,FBXO33|H2AC7,False,,nucleus,,False,True,False,False,False,False,False,False,0.0,CRC,NA
E3|Q7Z6M2|P01732,E3|Q7Z6M2,E3,Q7Z6M2,P01732,FBXO33,CD8A,F-box,0,neg2x_initial_degree_matched,,FBXO33,CD8A,CD8A|FBXO33,False,,extracellular;membrane;plasma_membrane,,False,True,False,True,True,False,False,False,0.30271,CRC,CRC|CRC_GSE166555_expression_Celltype_majorlineage|CD8T
E3|Q7Z6M2|P50552,E3|Q7Z6M2,E3,Q7Z6M2,P50552,FBXO33,VASP,F-box,0,neg2x_initial_degree_matched,,FBXO33,VASP,FBXO33|VASP,False,,cell_junction;cytoplasm;cytoskeleton;membrane;plasma_membrane,,False,True,False,True,True,False,False,False,0.30271,CRC,CRC|CRC_GSE166555_expression_Celltype_majorlineage|CD8T
E3|Q7Z6Z7|P08648,E3|Q7Z6Z7,E3,Q7Z6Z7,P08648,HUWE1,ITGA5,HECT,0,neg2x_initial_degree_matched,,HUWE1,ITGA5,HUWE1|ITGA5,False,cytoplasm;mitochondrion;nucleus,cell_junction;membrane;plasma_membrane,,True,True,False,True,True,False,False,False,0.53925,CRC,CRC|CRC_GSE166555_expression_Celltype_majorlineage|Endothelial
E3|Q7Z6Z7|P23919,E3|Q7Z6Z7,E3,Q7Z6Z7,P23919,HUWE1,DTYMK,HECT,0,neg2x_initial_degree_matched,,HUWE1,DTYMK,DTYMK|HUWE1,False,cytoplasm;mitochondrion;nucleus,,,True,False,False,True,True,False,False,False,0.83616,LIHC,LIHC|LIHC_GSE146115_expression_Celltype_majorlineage|Tprolif
E3|Q7Z6Z7|P10912,E3|Q7Z6Z7,E3,Q7Z6Z7,P10912,HUWE1,GHR,HECT,0,neg2x_initial_degree_matched,,HUWE1,GHR,GHR|HUWE1,False,cytoplasm;mitochondrion;nucleus,extracellular;membrane;plasma_membrane,,True,True,False,True,True,False,False,False,0.16715,LIHC,LIHC|LIHC_GSE146115_expression_Celltype_majorlineage|Malignant
E3|Q7Z6Z7|Q13635,E3|Q7Z6Z7,E3,Q7Z6Z7,Q13635,HUWE1,PTCH1,HECT,0,neg2x_initial_degree_matched,,HUWE1,PTCH1,HUWE1|PTCH1,False,cytoplasm;mitochondrion;nucleus,membrane;plasma_membrane,,True,True,False,True,True,False,False,False,0.378,CRC,CRC|CRC_GSE166555_expression_Celltype_majorlineage|Fibroblasts
E3|Q7Z6Z7|Q86TM6,E3|Q7Z6Z7,E3,Q7Z6Z7,Q86TM6,HUWE1,SYVN1,HECT,0,neg2x_initial_degree_matched,,HUWE1,SYVN1,HUWE1|SYVN1,False,cytoplasm;mitochondrion;nucleus,endoplasmic_reticulum;membrane,,True,True,False,True,True,False,False,False,0.59856,LIHC,LIHC|LIHC_GSE140228_Smartseq2_expression_Celltype_majorlineage|Tprolif
E3|Q7Z6Z7|P03956,E3|Q7Z6Z7,E3,Q7Z6Z7,P03956,HUWE1,MMP1,HECT,0,neg2x_initial_degree_matched,,HUWE1,MMP1,HUWE1|MMP1,False,cytoplasm;mitochondrion;nucleus,extracellular,,True,True,False,True,True,False,False,False,0.23112,CRC,CRC|CRC_GSE166555_expression_Celltype_majorlineage|Fibroblasts
E3|Q7Z6Z7|O75581,E3|Q7Z6Z7,E3,Q7Z6Z7,O75581,HUWE1,LRP6,HECT,0,neg2x_initial_degree_matched,,HUWE1,LRP6,HUWE1|LRP6,False,cytoplasm;mitochondrion;nucleus,endoplasmic_reticulum;membrane;plasma_membrane,,True,True,False,True,True,False,False,False,0.30627,CRC,CRC|CRC_GSE139555_expression_Celltype_majorlineage|Myofibroblasts
E3|Q7Z6Z7|Q13002,E3|Q7Z6Z7,E3,Q7Z6Z7,Q13002,HUWE1,GRIK2,HECT,0,neg2x_initial_degree_matched,,HUWE1,GRIK2,GRIK2|HUWE1,False,cytoplasm;mitochondrion;nucleus,membrane;plasma_membrane,,True,True,False,True,True,False,False,False,0.0553,CRC,CRC|CRC_EMTAB8107_expression_Celltype_majorlineage|Enteric glial
E3|Q7Z6Z7|P01848,E3|Q7Z6Z7,E3,Q7Z6Z7,P01848,HUWE1,TRAC,HECT,0,neg2x_initial_degree_matched,,HUWE1,TRAC,HUWE1|TRAC,False,cytoplasm;mitochondrion;nucleus,membrane;plasma_membrane,,True,True,False,True,True,False,False,False,0.73765,LIHC,LIHC|LIHC_GSE140228_Smartseq2_expression_Celltype_majorlineage|Tprolif
E3|Q7Z6Z7|O76090,E3|Q7Z6Z7,E3,Q7Z6Z7,O76090,HUWE1,BEST1,HECT,0,neg2x_initial_degree_matched,,HUWE1,BEST1,BEST1|HUWE1,False,cytoplasm;mitochondrion;nucleus,membrane;plasma_membrane,,True,True,False,True,True,False,False,False,0.73765,LIHC,LIHC|LIHC_GSE140228_Smartseq2_expression_Celltype_majorlineage|Tprolif
E3|Q7Z6Z7|P19235,E3|Q7Z6Z7,E3,Q7Z6Z7,P19235,HUWE1,EPOR,HECT,0,neg2x_initial_degree_matched,,HUWE1,EPOR,EPOR|HUWE1,False,cytoplasm;mitochondrion;nucleus,extracellular;membrane;plasma_membrane,,True,True,False,True,True,False,False,False,0.1491,LIHC,LIHC|LIHC_GSE140228_Smartseq2_expression_Celltype_majorlineage|Tprolif
E3|Q7Z6Z7|P18065,E3|Q7Z6Z7,E3,Q7Z6Z7,P18065,HUWE1,IGFBP2,HECT,0,neg2x_initial_degree_matched,,HUWE1,IGFBP2,HUWE1|IGFBP2,False,cytoplasm;mitochondrion;nucleus,extracellular,,True,True,False,True,True,False,False,False,0.53925,CRC,CRC|CRC_GSE166555_expression_Celltype_majorlineage|Endothelial
E3|Q7Z6Z7|P11686,E3|Q7Z6Z7,E3,Q7Z6Z7,P11686,HUWE1,SFTPC,HECT,0,neg2x_initial_degree_matched,,HUWE1,SFTPC,HUWE1|SFTPC,False,cytoplasm;mitochondrion;nucleus,extracellular,,True,True,False,True,True,False,False,False,0.0017,LIHC,LIHC|LIHC_GSE98638_expression_Celltype_majorlineage|Treg
E3|Q7Z6Z7|Q15465,E3|Q7Z6Z7,E3,Q7Z6Z7,Q15465,HUWE1,SHH,HECT,0,neg2x_initial_degree_matched,,HUWE1,SHH,HUWE1|SHH,False,cytoplasm;mitochondrion;nucleus,endoplasmic_reticulum;extracellular;golgi;membrane;plasma_membrane,,True,True,False,True,True,False,False,False,0.09957,LIHC,LIHC|LIHC_GSE166635_expression_Celltype_majorlineage|Malignant
E3|Q7Z6Z7|O60858,E3|Q7Z6Z7,E3,Q7Z6Z7,O60858,HUWE1,TRIM13,HECT,0,neg2x_initial_degree_matched,,HUWE1,TRIM13,HUWE1|TRIM13,False,cytoplasm;mitochondrion;nucleus,endoplasmic_reticulum;membrane,,True,True,False,True,True,False,False,False,0.45846,LIHC,LIHC|LIHC_GSE98638_expression_Celltype_majorlineage|Tprolif
E3|Q86T96|Q6UVJ0,E3|Q86T96,E3,Q86T96,Q6UVJ0,RNF180,SASS6,RING,0,neg2x_initial_degree_matched,,RNF180,SASS6,RNF180|SASS6,False,endoplasmic_reticulum;membrane;nucleus,cytoplasm;cytoskeleton,,True,True,False,True,True,False,False,False,0.0729,CRC,CRC|CRC_GSE146771_Smartseq2_expression_Celltype_majorlineage|Tprolif
E3|Q86TM6|P68133,E3|Q86TM6,E3,Q86TM6,P68133,SYVN1,ACTA1,RING,0,neg2x_initial_degree_matched,,SYVN1,ACTA1,ACTA1|SYVN1,False,endoplasmic_reticulum;membrane,cytoplasm;cytoskeleton,,True,True,False,True,True,False,False,False,0.02112,LIHC,LIHC|LIHC_GSE98638_expression_Celltype_majorlineage|CD8Tex
E3|Q86TM6|P24864,E3|Q86TM6,E3,Q86TM6,P24864,SYVN1,CCNE1,RING,0,neg2x_initial_degree_matched,,SYVN1,CCNE1,CCNE1|SYVN1,False,endoplasmic_reticulum;membrane,nucleus,,True,True,False,True,True,False,False,False,0.10918,LIHC,LIHC|LIHC_GSE98638_expression_Celltype_majorlineage|Tprolif
E3|Q86TM6|Q9Y577,E3|Q86TM6,E3,Q86TM6,Q9Y577,SYVN1,TRIM17,RING,0,neg2x_initial_degree_matched,,SYVN1,TRIM17,SYVN1|TRIM17,False,endoplasmic_reticulum;membrane,cytoplasm;lysosome,,True,True,False,True,True,False,False,False,0.02472,LIHC,LIHC|LIHC_GSE98638_expression_Celltype_majorlineage|CD8T
E3|Q86TM6|Q13422,E3|Q86TM6,E3,Q86TM6,Q13422,SYVN1,IKZF1,RING,0,neg2x_initial_degree_matched,,SYVN1,IKZF1,IKZF1|SYVN1,False,endoplasmic_reticulum;membrane,cytoplasm;nucleus,,True,True,False,True,True,False,False,False,0.71488,LIHC,LIHC|LIHC_GSE140228_Smartseq2_expression_Celltype_majorlineage|B
E3|Q86TM6|Q8N726,E3|Q86TM6,E3,Q86TM6,Q8N726,SYVN1,CDKN2A,RING,0,neg2x_initial_degree_matched,,SYVN1,CDKN2A,CDKN2A|SYVN1,False,endoplasmic_reticulum;membrane,mitochondrion;nucleus,,True,True,False,True,True,False,False,False,0.30335,CRC,CRC|CRC_GSE146771_Smartseq2_expression_Celltype_majorlineage|Tprolif
E3|Q86TM6|Q9P270,E3|Q86TM6,E3,Q86TM6,Q9P270,SYVN1,SLAIN2,RING,0,neg2x_initial_degree_matched,,SYVN1,SLAIN2,SLAIN2|SYVN1,False,endoplasmic_reticulum;membrane,cytoplasm;cytoskeleton,,True,True,False,True,True,False,False,False,0.30013,LIHC,LIHC|LIHC_GSE98638_expression_Celltype_majorlineage|Treg
E3|Q86TM6|Q8NDV7,E3|Q86TM6,E3,Q86TM6,Q8NDV7,SYVN1,TNRC6A,RING,0,neg2x_initial_degree_matched,,SYVN1,TNRC6A,SYVN1|TNRC6A,False,endoplasmic_reticulum;membrane,cytoplasm,,True,True,False,True,True,False,False,False,0.30549,LIHC,LIHC|LIHC_GSE146115_expression_Celltype_majorlineage|B
E3|Q86TM6|Q96FA3,E3|Q86TM6,E3,Q86TM6,Q96FA3,SYVN1,PELI1,RING,0,neg2x_initial_degree_matched,,SYVN1,PELI1,PELI1|SYVN1,False,endoplasmic_reticulum;membrane,nucleus,,True,True,False,True,True,False,False,False,0.88164,CRC,CRC|CRC_GSE146771_Smartseq2_expression_Celltype_majorlineage|Plasma
E3|Q86TM6|P23921,E3|Q86TM6,E3,Q86TM6,P23921,SYVN1,RRM1,RING,0,neg2x_initial_degree_matched,,SYVN1,RRM1,RRM1|SYVN1,False,endoplasmic_reticulum;membrane,cytoplasm,,True,True,False,True,True,False,False,False,0.59856,LIHC,LIHC|LIHC_GSE140228_Smartseq2_expression_Celltype_majorlineage|Tprolif
E3|Q86TM6|O60315,E3|Q86TM6,E3,Q86TM6,O60315,SYVN1,ZEB2,RING,0,neg2x_initial_degree_matched,,SYVN1,ZEB2,SYVN1|ZEB2,False,endoplasmic_reticulum;membrane,nucleus,,True,True,False,True,True,False,False,False,0.67433,LIHC,LIHC|LIHC_GSE140228_Smartseq2_expression_Celltype_majorlineage|B
E3|Q86TM6|Q16777,E3|Q86TM6,E3,Q86TM6,Q16777,SYVN1,H2AC20,RING,0,neg2x_initial_degree_matched,,SYVN1,H2AC20,H2AC20|SYVN1,False,endoplasmic_reticulum;membrane,nucleus,,True,True,False,False,False,False,False,False,0.0,CRC,NA
E3|Q86TM6|Q5VSY0,E3|Q86TM6,E3,Q86TM6,Q5VSY0,SYVN1,GKAP1,RING,0,neg2x_initial_degree_matched,,SYVN1,GKAP1,GKAP1|SYVN1,False,endoplasmic_reticulum;membrane,golgi,,True,True,False,True,True,False,False,False,0.1123,LIHC,LIHC|LIHC_GSE166635_expression_Celltype_majorlineage|B
E3|Q86TM6|Q16656,E3|Q86TM6,E3,Q86TM6,Q16656,SYVN1,NRF1,RING,0,neg2x_initial_degree_matched,,SYVN1,NRF1,NRF1|SYVN1,False,endoplasmic_reticulum;membrane,nucleus,,True,True,False,True,True,False,False,False,0.26318,LIHC,LIHC|LIHC_GSE140228_Smartseq2_expression_Celltype_majorlineage|Tprolif
E3|Q86TM6|Q9NVF7,E3|Q86TM6,E3,Q86TM6,Q9NVF7,SYVN1,FBXO28,RING,0,neg2x_initial_degree_matched,,SYVN1,FBXO28,FBXO28|SYVN1,False,endoplasmic_reticulum;membrane,nucleus,,True,True,False,True,True,False,False,False,0.27263,LIHC,LIHC|LIHC_GSE140228_Smartseq2_expression_Celltype_majorlineage|Tprolif
E3|Q86TM6|Q13485,E3|Q86TM6,E3,Q86TM6,Q13485,SYVN1,SMAD4,RING,0,neg2x_initial_degree_matched,,SYVN1,SMAD4,SMAD4|SYVN1,False,endoplasmic_reticulum;membrane,cytoplasm;nucleus,,True,True,False,True,True,False,False,False,0.2915,LIHC,LIHC|LIHC_GSE98638_expression_Celltype_majorlineage|CD4Tconv
E3|Q86TM6|Q96BN8,E3|Q86TM6,E3,Q86TM6,Q96BN8,SYVN1,OTULIN,RING,0,neg2x_initial_degree_matched,,SYVN1,OTULIN,OTULIN|SYVN1,False,endoplasmic_reticulum;membrane,cytoplasm,,True,True,False,True,True,False,False,False,0.21623,LIHC,LIHC|LIHC_GSE140228_Smartseq2_expression_Celltype_majorlineage|Tprolif
E3|Q86TM6|Q8TEY7,E3|Q86TM6,E3,Q86TM6,Q8TEY7,SYVN1,USP33,RING,0,neg2x_initial_degree_matched,,SYVN1,USP33,SYVN1|USP33,False,endoplasmic_reticulum;membrane,cytoplasm;cytoskeleton;golgi,,True,True,False,True,True,False,False,False,0.51346,LIHC,LIHC|LIHC_GSE140228_Smartseq2_expression_Celltype_majorlineage|NK
E3|Q86TM6|Q9UIH9,E3|Q86TM6,E3,Q86TM6,Q9UIH9,SYVN1,KLF15,RING,0,neg2x_initial_degree_matched,,SYVN1,KLF15,KLF15|SYVN1,False,endoplasmic_reticulum;membrane,nucleus,,True,True,False,True,True,False,False,False,0.21803,LIHC,LIHC|LIHC_GSE146409_expression_Celltype_majorlineage|Hepatocytes
E3|Q86TM6|Q9Y5R6,E3|Q86TM6,E3,Q86TM6,Q9Y5R6,SYVN1,DMT1,RING,0,neg2x_initial_degree_matched,,SYVN1,DMT1,DMT1|SYVN1,False,endoplasmic_reticulum;membrane,nucleus,,True,True,False,False,False,False,False,False,0.0,CRC,NA
E3|Q86TM6|Q8N2W9,E3|Q86TM6,E3,Q86TM6,Q8N2W9,SYVN1,PIAS4,RING,0,neg2x_initial_degree_matched,,SYVN1,PIAS4,PIAS4|SYVN1,False,endoplasmic_reticulum;membrane,nucleus,,True,True,False,True,True,False,False,False,0.20413,LIHC,LIHC|LIHC_GSE98638_expression_Celltype_majorlineage|Tprolif
E3|Q86TM6|Q04724,E3|Q86TM6,E3,Q86TM6,Q04724,SYVN1,TLE1,RING,0,neg2x_initial_degree_matched,,SYVN1,TLE1,SYVN1|TLE1,False,endoplasmic_reticulum;membrane,nucleus,,True,True,False,True,True,False,False,False,0.36337,LIHC,LIHC|LIHC_GSE140228_Smartseq2_expression_Celltype_majorlineage|B
E3|Q86TM6|Q99878,E3|Q86TM6,E3,Q86TM6,Q99878,SYVN1,H2AC14,RING,0,neg2x_initial_degree_matched,,SYVN1,H2AC14,H2AC14|SYVN1,False,endoplasmic_reticulum;membrane,nucleus,,True,True,False,False,False,False,False,False,0.0,CRC,NA
E3|Q86TM6|Q9Y5K5,E3|Q86TM6,E3,Q86TM6,Q9Y5K5,SYVN1,UCHL5,RING,0,neg2x_initial_degree_matched,,SYVN1,UCHL5,SYVN1|UCHL5,False,endoplasmic_reticulum;membrane,cytoplasm;nucleus;proteasome,,True,True,False,True,True,False,False,False,0.59856,LIHC,LIHC|LIHC_GSE140228_Smartseq2_expression_Celltype_majorlineage|Tprolif
E3|Q86TM6|O15350,E3|Q86TM6,E3,Q86TM6,O15350,SYVN1,TP73,RING,0,neg2x_initial_degree_matched,,SYVN1,TP73,SYVN1|TP73,False,endoplasmic_reticulum;membrane,cytoplasm;nucleus,,True,True,False,True,True,False,False,False,0.21639,CRC,CRC|CRC_GSE108989_expression_Celltype_majorlineage|Tprolif
E3|Q86TM6|Q9ULJ7,E3|Q86TM6,E3,Q86TM6,Q9ULJ7,SYVN1,ANKRD50,RING,0,neg2x_initial_degree_matched,,SYVN1,ANKRD50,ANKRD50|SYVN1,False,endoplasmic_reticulum;membrane,endosome,,True,True,False,True,True,False,False,False,0.12507,LIHC,LIHC|LIHC_GSE140228_Smartseq2_expression_Celltype_majorlineage|Mast
E3|Q86WB0|P22459,E3|Q86WB0,E3,Q86WB0,P22459,ZC3HC1,KCNA4,F-box,0,neg2x_initial_degree_matched,,ZC3HC1,KCNA4,KCNA4|ZC3HC1,False,nucleus,membrane;plasma_membrane,,True,True,False,True,True,False,False,False,0.0009,CRC,CRC|CRC_GSE108989_expression_Celltype_majorlineage|CD8Tex
E3|Q86WB0|P07355,E3|Q86WB0,E3,Q86WB0,P07355,ZC3HC1,ANXA2,F-box,0,neg2x_initial_degree_matched,,ZC3HC1,ANXA2,ANXA2|ZC3HC1,False,nucleus,cytoplasm;extracellular;golgi;membrane;plasma_membrane,,True,True,False,True,True,False,False,False,0.15362,LIHC,LIHC|LIHC_GSE98638_expression_Celltype_majorlineage|Tprolif
E3|Q86WC4|Q9Y4K4,E3|Q86WC4,E3,Q86WC4,Q9Y4K4,OSTM1,MAP4K5,RING,0,neg2x_initial_degree_matched,,OSTM1,MAP4K5,MAP4K5|OSTM1,False,lysosome;membrane,cytoplasm,,True,True,False,True,True,False,False,False,0.36326,CRC,CRC|CRC_GSE166555_expression_Celltype_majorlineage|Endothelial
E3|Q86WC4|Q9NR28,E3|Q86WC4,E3,Q86WC4,Q9NR28,OSTM1,DIABLO,RING,0,neg2x_initial_degree_matched,,OSTM1,DIABLO,DIABLO|OSTM1,False,lysosome;membrane,cytoplasm;mitochondrion,,True,True,False,True,True,False,False,False,0.34451,CRC,CRC|CRC_GSE108989_expression_Celltype_majorlineage|CD8Tex
E3|Q86XK2|Q8N519,E3|Q86XK2,E3,Q86XK2,Q8N519,FBXO11,,F-box,0,neg2x_initial_degree_matched,,FBXO11,,,False,nucleus,,,True,False,False,False,False,False,False,False,0.0,CRC,NA
E3|Q86XK2|Q8N907,E3|Q86XK2,E3,Q86XK2,Q8N907,FBXO11,DAND5,F-box,0,neg2x_initial_degree_matched,,FBXO11,DAND5,DAND5|FBXO11,False,nucleus,extracellular;mitochondrion,,True,True,False,True,True,False,False,False,0.01682,CRC,CRC|CRC_GSE166555_expression_Celltype_majorlineage|Endothelial
E3|Q86XK2|P04179,E3|Q86XK2,E3,Q86XK2,P04179,FBXO11,SOD2,F-box,0,neg2x_initial_degree_matched,,FBXO11,SOD2,FBXO11|SOD2,False,nucleus,mitochondrion,,True,True,False,True,True,False,False,False,0.3775,LIHC,LIHC|LIHC_GSE140228_Smartseq2_expression_Celltype_majorlineage|ILC
E3|Q86XK2|P18065,E3|Q86XK2,E3,Q86XK2,P18065,FBXO11,IGFBP2,F-box,0,neg2x_initial_degree_matched,,FBXO11,IGFBP2,FBXO11|IGFBP2,False,nucleus,extracellular,,True,True,False,True,True,False,False,False,0.25038,CRC,CRC|CRC_GSE146771_Smartseq2_expression_Celltype_majorlineage|Fibroblasts
E3|Q86XK2|P17302,E3|Q86XK2,E3,Q86XK2,P17302,FBXO11,GJA1,F-box,0,neg2x_initial_degree_matched,,FBXO11,GJA1,FBXO11|GJA1,False,nucleus,cell_junction;endoplasmic_reticulum;membrane;plasma_membrane,,True,True,False,True,True,False,False,False,0.2898,CRC,CRC|CRC_GSE146771_Smartseq2_expression_Celltype_majorlineage|Endothelial
E3|Q86XK2|Q9Y2J4,E3|Q86XK2,E3,Q86XK2,Q9Y2J4,FBXO11,AMOTL2,F-box,0,neg2x_initial_degree_matched,,FBXO11,AMOTL2,AMOTL2|FBXO11,False,nucleus,cell_junction;cytoplasm;endosome,,True,True,False,True,True,False,False,False,0.17677,CRC,CRC|CRC_GSE166555_expression_Celltype_majorlineage|Endothelial
E3|Q86XT4|Q9Y253,E3|Q86XT4,E3,Q86XT4,Q9Y253,TRIM50,POLH,RING,0,neg2x_initial_degree_matched,,TRIM50,POLH,POLH|TRIM50,False,cytoplasm,nucleus,,True,True,False,True,True,False,False,False,0.03258,LIHC,LIHC|LIHC_GSE146115_expression_Celltype_majorlineage|Malignant
E3|Q86XT4|Q96T88,E3|Q86XT4,E3,Q86XT4,Q96T88,TRIM50,UHRF1,RING,0,neg2x_initial_degree_matched,,TRIM50,UHRF1,TRIM50|UHRF1,False,cytoplasm,nucleus,,True,True,False,True,True,False,False,False,0.00199,LIHC,LIHC|LIHC_GSE166635_expression_Celltype_majorlineage|Mono/Macro
E3|Q86Y01|P46695,E3|Q86Y01,E3,Q86Y01,P46695,DTX1,IER3,RING,0,neg2x_initial_degree_matched,,DTX1,IER3,DTX1|IER3,False,cytoplasm;nucleus,membrane,,True,True,False,True,True,False,False,False,0.08491,CRC,CRC|CRC_GSE166555_expression_Celltype_majorlineage|B
E3|Q86Y01|Q8IZG5,E3|Q86Y01,E3,Q86Y01,Q8IZG5,DTX1,SS18,RING,0,neg2x_initial_degree_matched,,DTX1,SS18,DTX1|SS18,False,cytoplasm;nucleus,,,True,False,False,True,True,False,False,False,0.11217,CRC,CRC|CRC_GSE139555_expression_Celltype_majorlineage|Tprolif
E3|Q86Y13|P55211,E3|Q86Y13,E3,Q86Y13,P55211,DZIP3,CASP9,RING,0,neg2x_initial_degree_matched,,DZIP3,CASP9,CASP9|DZIP3,False,cytoplasm,,,True,False,False,True,True,False,False,False,0.14731,LIHC,LIHC|LIHC_GSE98638_expression_Celltype_majorlineage|Tprolif
E3|Q86YJ5|P00367,E3|Q86YJ5,E3,Q86YJ5,P00367,MARCHF9,GLUD1,RING,0,neg2x_initial_degree_matched,,MARCHF9,GLUD1,GLUD1|MARCHF9,False,golgi;lysosome;membrane,endoplasmic_reticulum;mitochondrion,,True,True,False,False,False,False,False,False,0.0,CRC,NA
E3|Q86YJ5|Q9H5N1,E3|Q86YJ5,E3,Q86YJ5,Q9H5N1,MARCHF9,RABEP2,RING,0,neg2x_initial_degree_matched,,MARCHF9,RABEP2,MARCHF9|RABEP2,False,golgi;lysosome;membrane,cytoplasm;cytoskeleton;endosome,,True,True,False,False,False,False,False,False,0.0,CRC,NA
E3|Q86YJ5|Q14653,E3|Q86YJ5,E3,Q86YJ5,Q14653,MARCHF9,IRF3,RING,0,neg2x_initial_degree_matched,,MARCHF9,IRF3,IRF3|MARCHF9,False,golgi;lysosome;membrane,cytoplasm;mitochondrion;nucleus,,True,True,False,False,False,False,False,False,0.0,CRC,NA
E3|Q86YJ5|Q9UQ80,E3|Q86YJ5,E3,Q86YJ5,Q9UQ80,MARCHF9,PA2G4,RING,0,neg2x_initial_degree_matched,,MARCHF9,PA2G4,MARCHF9|PA2G4,False,golgi;lysosome;membrane,cytoplasm;nucleus,,True,True,False,False,False,False,False,False,0.0,CRC,NA
E3|Q86YJ5|Q9BQF6,E3|Q86YJ5,E3,Q86YJ5,Q9BQF6,MARCHF9,SENP7,RING,0,neg2x_initial_degree_matched,,MARCHF9,SENP7,MARCHF9|SENP7,False,golgi;lysosome;membrane,cytoplasm,,True,True,False,False,False,False,False,False,0.0,CRC,NA
E3|Q86YJ5|Q9UM11,E3|Q86YJ5,E3,Q86YJ5,Q9UM11,MARCHF9,FZR1,RING,0,neg2x_initial_degree_matched,,MARCHF9,FZR1,FZR1|MARCHF9,False,golgi;lysosome;membrane,cytoplasm;nucleus,,True,True,False,False,False,False,False,False,0.0,CRC,NA
E3|Q86YJ5|P02751,E3|Q86YJ5,E3,Q86YJ5,P02751,MARCHF9,FN1,RING,0,neg2x_initial_degree_matched,,MARCHF9,FN1,FN1|MARCHF9,False,golgi;lysosome;membrane,extracellular,,True,True,False,False,False,False,False,False,0.0,CRC,NA
E3|Q86YJ5|Q16633,E3|Q86YJ5,E3,Q86YJ5,Q16633,MARCHF9,POU2AF1,RING,0,neg2x_initial_degree_matched,,MARCHF9,POU2AF1,MARCHF9|POU2AF1,False,golgi;lysosome;membrane,nucleus,,True,True,False,False,False,False,False,False,0.0,CRC,NA
E3|Q86YJ5|Q13191,E3|Q86YJ5,E3,Q86YJ5,Q13191,MARCHF9,CBLB,RING,0,neg2x_initial_degree_matched,,MARCHF9,CBLB,CBLB|MARCHF9,False,golgi;lysosome;membrane,cytoplasm,,True,True,False,False,False,False,False,False,0.0,CRC,NA
E3|Q86YJ5|P62805,E3|Q86YJ5,E3,Q86YJ5,P62805,MARCHF9,H4C1,RING,0,neg2x_initial_degree_matched,,MARCHF9,H4C1,H4C1|MARCHF9,False,golgi;lysosome;membrane,nucleus,,True,True,False,False,False,False,False,False,0.0,CRC,NA
E3|Q86YJ5|Q15173,E3|Q86YJ5,E3,Q86YJ5,Q15173,MARCHF9,PPP2R5B,RING,0,neg2x_initial_degree_matched,,MARCHF9,PPP2R5B,MARCHF9|PPP2R5B,False,golgi;lysosome;membrane,cytoplasm,,True,True,False,False,False,False,False,False,0.0,CRC,NA
E3|Q86YJ5|P32314,E3|Q86YJ5,E3,Q86YJ5,P32314,MARCHF9,FOXN2,RING,0,neg2x_initial_degree_matched,,MARCHF9,FOXN2,FOXN2|MARCHF9,False,golgi;lysosome;membrane,nucleus,,True,True,False,False,False,False,False,False,0.0,CRC,NA
E3|Q86YJ5|P23258,E3|Q86YJ5,E3,Q86YJ5,P23258,MARCHF9,TUBG1,RING,0,neg2x_initial_degree_matched,,MARCHF9,TUBG1,MARCHF9|TUBG1,False,golgi;lysosome;membrane,cytoplasm;cytoskeleton,,True,True,False,False,False,False,False,False,0.0,CRC,NA
E3|Q86YJ5|Q96RR4,E3|Q86YJ5,E3,Q86YJ5,Q96RR4,MARCHF9,CAMKK2,RING,0,neg2x_initial_degree_matched,,MARCHF9,CAMKK2,CAMKK2|MARCHF9,False,golgi;lysosome;membrane,cytoplasm;nucleus,,True,True,False,False,False,False,False,False,0.0,CRC,NA
E3|Q86YJ5|Q8NEA6,E3|Q86YJ5,E3,Q86YJ5,Q8NEA6,MARCHF9,GLIS3,RING,0,neg2x_initial_degree_matched,,MARCHF9,GLIS3,GLIS3|MARCHF9,False,golgi;lysosome;membrane,nucleus,,True,True,False,False,False,False,False,False,0.0,CRC,NA
E3|Q86YJ5|Q14164,E3|Q86YJ5,E3,Q86YJ5,Q14164,MARCHF9,IKBKE,RING,0,neg2x_initial_degree_matched,,MARCHF9,IKBKE,IKBKE|MARCHF9,False,golgi;lysosome;membrane,cytoplasm;nucleus,,True,True,False,False,False,False,False,False,0.0,CRC,NA
E3|Q86YJ5|Q9Y508,E3|Q86YJ5,E3,Q86YJ5,Q9Y508,MARCHF9,RNF114,RING,0,neg2x_initial_degree_matched,,MARCHF9,RNF114,MARCHF9|RNF114,False,golgi;lysosome;membrane,cytoplasm;nucleus,,True,True,False,False,False,False,False,False,0.0,CRC,NA
E3|Q86YJ5|Q9Y2R9,E3|Q86YJ5,E3,Q86YJ5,Q9Y2R9,MARCHF9,MRPS7,RING,0,neg2x_initial_degree_matched,,MARCHF9,MRPS7,MARCHF9|MRPS7,False,golgi;lysosome;membrane,mitochondrion,,True,True,False,False,False,False,False,False,0.0,CRC,NA
E3|Q86YJ5|Q8IYD8,E3|Q86YJ5,E3,Q86YJ5,Q8IYD8,MARCHF9,FANCM,RING,0,neg2x_initial_degree_matched,,MARCHF9,FANCM,FANCM|MARCHF9,False,golgi;lysosome;membrane,nucleus,,True,True,False,False,False,False,False,False,0.0,CRC,NA
E3|Q86YJ5|Q99856,E3|Q86YJ5,E3,Q86YJ5,Q99856,MARCHF9,ARID3A,RING,0,neg2x_initial_degree_matched,,MARCHF9,ARID3A,ARID3A|MARCHF9,False,golgi;lysosome;membrane,cytoplasm;nucleus,,True,True,False,False,False,False,False,False,0.0,CRC,NA
E3|Q86YT6|P05777,E3|Q86YT6,E3,Q86YT6,P05777,MIB1,M,RING,0,neg2x_initial_degree_matched,,MIB1,M,M|MIB1,False,cytoplasm;cytoskeleton;membrane;mitochondrion;plasma_membrane,,,True,False,False,False,False,False,False,False,0.0,CRC,NA
E3|Q86YT6|Q96BF6,E3|Q86YT6,E3,Q86YT6,Q96BF6,MIB1,NACC2,RING,0,neg2x_initial_degree_matched,,MIB1,NACC2,MIB1|NACC2,False,cytoplasm;cytoskeleton;membrane;mitochondrion;plasma_membrane,nucleus,,True,True,False,True,True,False,False,False,0.23125,CRC,CRC|CRC_GSE166555_expression_Celltype_majorlineage|Myofibroblasts
E3|Q86YT6|P62487,E3|Q86YT6,E3,Q86YT6,P62487,MIB1,POLR2G,RING,0,neg2x_initial_degree_matched,,MIB1,POLR2G,MIB1|POLR2G,False,cytoplasm;cytoskeleton;membrane;mitochondrion;plasma_membrane,nucleus,,True,True,False,True,True,False,False,False,0.44728,CRC,CRC|CRC_GSE166555_expression_Celltype_majorlineage|Endothelial
E3|Q86YT6|Q99759,E3|Q86YT6,E3,Q86YT6,Q99759,MIB1,MAP3K3,RING,0,neg2x_initial_degree_matched,,MIB1,MAP3K3,MAP3K3|MIB1,False,cytoplasm;cytoskeleton;membrane;mitochondrion;plasma_membrane,,,True,False,False,True,True,False,False,False,0.39836,CRC,CRC|CRC_GSE166555_expression_Celltype_majorlineage|Endothelial
E3|Q86YT6|P41182,E3|Q86YT6,E3,Q86YT6,P41182,MIB1,BCL6,RING,0,neg2x_initial_degree_matched,,MIB1,BCL6,BCL6|MIB1,False,cytoplasm;cytoskeleton;membrane;mitochondrion;plasma_membrane,nucleus,,True,True,False,True,True,False,False,False,0.35848,CRC,CRC|CRC_GSE166555_expression_Celltype_majorlineage|Myofibroblasts
E3|Q86YT6|P56545,E3|Q86YT6,E3,Q86YT6,P56545,MIB1,CTBP2,RING,0,neg2x_initial_degree_matched,,MIB1,CTBP2,CTBP2|MIB1,False,cytoplasm;cytoskeleton;membrane;mitochondrion;plasma_membrane,nucleus,,True,True,False,True,True,False,False,False,0.5438,CRC,CRC|CRC_GSE166555_expression_Celltype_majorlineage|Endothelial
E3|Q8IUD6|Q9UHV7,E3|Q8IUD6,E3,Q8IUD6,Q9UHV7,RNF135,MED13,RING,0,neg2x_initial_degree_matched,,RNF135,MED13,MED13|RNF135,False,cytoplasm,nucleus,,True,True,False,True,True,False,False,False,0.31962,LIHC,LIHC|LIHC_GSE140228_Smartseq2_expression_Celltype_majorlineage|Mono/Macro
E3|Q8IUQ4|Q96BF3,E3|Q8IUQ4,E3,Q8IUQ4,Q96BF3,SIAH1,TMIGD2,RING,0,neg2x_initial_degree_matched,,SIAH1,TMIGD2,SIAH1|TMIGD2,False,cytoplasm;nucleus,membrane;plasma_membrane,,True,True,False,True,True,False,False,False,0.10712,LIHC,LIHC|LIHC_GSE98638_expression_Celltype_majorlineage|Others
E3|Q8IUQ4|P30304,E3|Q8IUQ4,E3,Q8IUQ4,P30304,SIAH1,CDC25A,RING,0,neg2x_initial_degree_matched,,SIAH1,CDC25A,CDC25A|SIAH1,False,cytoplasm;nucleus,,,True,False,False,True,True,False,False,False,0.05658,LIHC,LIHC|LIHC_GSE98638_expression_Celltype_majorlineage|Tprolif
E3|Q8IUQ4|P35613,E3|Q8IUQ4,E3,Q8IUQ4,P35613,SIAH1,BSG,RING,0,neg2x_initial_degree_matched,,SIAH1,BSG,BSG|SIAH1,False,cytoplasm;nucleus,endoplasmic_reticulum;endosome;membrane;plasma_membrane,,True,True,False,True,True,False,False,False,0.20879,CRC,CRC|CRC_GSE146771_Smartseq2_expression_Celltype_majorlineage|Endothelial
E3|Q8IUQ4|Q29974,E3|Q8IUQ4,E3,Q8IUQ4,Q29974,SIAH1,HLA-DRB1,RING,0,neg2x_initial_degree_matched,,SIAH1,HLA-DRB1,HLA-DRB1|SIAH1,False,cytoplasm;nucleus,,,True,False,False,True,True,False,False,False,0.37308,LIHC,LIHC|LIHC_GSE179795_expression_Celltype_majorlineage|Mono/Macro
E3|Q8IUQ4|P42336,E3|Q8IUQ4,E3,Q8IUQ4,P42336,SIAH1,PIK3CA,RING,0,neg2x_initial_degree_matched,,SIAH1,PIK3CA,PIK3CA|SIAH1,False,cytoplasm;nucleus,,,True,False,False,True,True,False,False,False,0.22877,LIHC,LIHC|LIHC_GSE179795_expression_Celltype_majorlineage|Mono/Macro
E3|Q8IUQ4|Q93070,E3|Q8IUQ4,E3,Q8IUQ4,Q93070,SIAH1,ART4,RING,0,neg2x_initial_degree_matched,,SIAH1,ART4,ART4|SIAH1,False,cytoplasm;nucleus,membrane;plasma_membrane,,True,True,False,True,True,False,False,False,0.09994,LIHC,LIHC|LIHC_GSE146409_expression_Celltype_majorlineage|Endothelial
E3|Q8IUQ4|Q15726,E3|Q8IUQ4,E3,Q8IUQ4,Q15726,SIAH1,KISS1,RING,0,neg2x_initial_degree_matched,,SIAH1,KISS1,KISS1|SIAH1,False,cytoplasm;nucleus,extracellular,,True,True,False,True,True,False,False,False,0.0462,CRC,CRC|CRC_EMTAB8107_expression_Celltype_majorlineage|Malignant
E3|Q8IUQ4|Q13873,E3|Q8IUQ4,E3,Q8IUQ4,Q13873,SIAH1,BMPR2,RING,0,neg2x_initial_degree_matched,,SIAH1,BMPR2,BMPR2|SIAH1,False,cytoplasm;nucleus,membrane;plasma_membrane,,True,True,False,True,True,False,False,False,0.20879,CRC,CRC|CRC_GSE146771_Smartseq2_expression_Celltype_majorlineage|Endothelial
E3|Q8IUQ4|O75473,E3|Q8IUQ4,E3,Q8IUQ4,O75473,SIAH1,LGR5,RING,0,neg2x_initial_degree_matched,,SIAH1,LGR5,LGR5|SIAH1,False,cytoplasm;nucleus,golgi;membrane;plasma_membrane,,True,True,False,True,True,False,False,False,0.13478,CRC,CRC|CRC_GSE139555_expression_Celltype_majorlineage|Myofibroblasts
E3|Q8IUQ4|P10523,E3|Q8IUQ4,E3,Q8IUQ4,P10523,SIAH1,SAG,RING,0,neg2x_initial_degree_matched,,SIAH1,SAG,SAG|SIAH1,False,cytoplasm;nucleus,membrane,,True,True,False,True,True,False,False,False,0.0283,CRC,CRC|CRC_GSE146771_Smartseq2_expression_Celltype_majorlineage|Mast
E3|Q8IUQ4|P21796,E3|Q8IUQ4,E3,Q8IUQ4,P21796,SIAH1,VDAC1,RING,0,neg2x_initial_degree_matched,,SIAH1,VDAC1,SIAH1|VDAC1,False,cytoplasm;nucleus,endoplasmic_reticulum;membrane;mitochondrion;plasma_membrane,,True,True,False,True,True,False,False,False,0.37308,LIHC,LIHC|LIHC_GSE179795_expression_Celltype_majorlineage|Mono/Macro
E3|Q8IUQ4|Q12809,E3|Q8IUQ4,E3,Q8IUQ4,Q12809,SIAH1,KCNH2,RING,0,neg2x_initial_degree_matched,,SIAH1,KCNH2,KCNH2|SIAH1,False,cytoplasm;nucleus,membrane;plasma_membrane,,True,True,False,True,True,False,False,False,0.16874,LIHC,LIHC|LIHC_GSE166635_expression_Celltype_majorlineage|Mast
E3|Q8IUQ4|Q9Y5M8,E3|Q8IUQ4,E3,Q8IUQ4,Q9Y5M8,SIAH1,SRPRB,RING,0,neg2x_initial_degree_matched,,SIAH1,SRPRB,SIAH1|SRPRB,False,cytoplasm;nucleus,endoplasmic_reticulum;membrane,,True,True,False,True,True,False,False,False,0.20879,CRC,CRC|CRC_GSE146771_Smartseq2_expression_Celltype_majorlineage|Endothelial
E3|Q8IUQ4|P08393,E3|Q8IUQ4,E3,Q8IUQ4,P08393,SIAH1,ICP0,RING,0,neg2x_initial_degree_matched,,SIAH1,ICP0,ICP0|SIAH1,False,cytoplasm;nucleus,,,True,False,False,False,False,False,False,False,0.0,CRC,NA
E3|Q8IUQ4|Q8ZNR3,E3|Q8IUQ4,E3,Q8IUQ4,Q8ZNR3,SIAH1,sopA,RING,0,neg2x_initial_degree_matched,,SIAH1,SOPA,SIAH1|SOPA,False,cytoplasm;nucleus,,,True,False,False,False,False,False,False,False,0.0,CRC,NA
E3|Q8IUQ4|Q00059,E3|Q8IUQ4,E3,Q8IUQ4,Q00059,SIAH1,TFAM,RING,0,neg2x_initial_degree_matched,,SIAH1,TFAM,SIAH1|TFAM,False,cytoplasm;nucleus,mitochondrion,,True,True,False,True,True,False,False,False,0.17374,LIHC,LIHC|LIHC_GSE166635_expression_Celltype_majorlineage|Mono/Macro
E3|Q8IUQ4|P10644,E3|Q8IUQ4,E3,Q8IUQ4,P10644,SIAH1,PRKAR1A,RING,0,neg2x_initial_degree_matched,,SIAH1,PRKAR1A,PRKAR1A|SIAH1,False,cytoplasm;nucleus,membrane;plasma_membrane,,True,True,False,True,True,False,False,False,0.32887,LIHC,LIHC|LIHC_GSE179795_expression_Celltype_majorlineage|Mono/Macro
E3|Q8IUQ4|Q8N5C8,E3|Q8IUQ4,E3,Q8IUQ4,Q8N5C8,SIAH1,TAB3,RING,0,neg2x_initial_degree_matched,,SIAH1,TAB3,SIAH1|TAB3,False,cytoplasm;nucleus,,,True,False,False,True,True,False,False,False,0.14024,LIHC,LIHC|LIHC_GSE140228_Smartseq2_expression_Celltype_majorlineage|ILC
E3|Q8IUQ4|P33527,E3|Q8IUQ4,E3,Q8IUQ4,P33527,SIAH1,ABCC1,RING,0,neg2x_initial_degree_matched,,SIAH1,ABCC1,ABCC1|SIAH1,False,cytoplasm;nucleus,membrane;plasma_membrane,,True,True,False,True,True,False,False,False,0.15466,LIHC,LIHC|LIHC_GSE140228_Smartseq2_expression_Celltype_majorlineage|DC
E3|Q8IUQ4|Q9UJA2,E3|Q8IUQ4,E3,Q8IUQ4,Q9UJA2,SIAH1,CRLS1,RING,0,neg2x_initial_degree_matched,,SIAH1,CRLS1,CRLS1|SIAH1,False,cytoplasm;nucleus,membrane;mitochondrion,,True,True,False,True,True,False,False,False,0.15224,CRC,CRC|CRC_GSE146771_Smartseq2_expression_Celltype_majorlineage|Fibroblasts
E3|Q8IUQ4|Q96HE7,E3|Q8IUQ4,E3,Q8IUQ4,Q96HE7,SIAH1,ERO1A,RING,0,neg2x_initial_degree_matched,,SIAH1,ERO1A,ERO1A|SIAH1,False,cytoplasm;nucleus,endoplasmic_reticulum;extracellular;golgi;membrane,,True,True,False,True,True,False,False,False,0.31637,LIHC,LIHC|LIHC_GSE179795_expression_Celltype_majorlineage|Mono/Macro
E3|Q8IUQ4|O00459,E3|Q8IUQ4,E3,Q8IUQ4,O00459,SIAH1,PIK3R2,RING,0,neg2x_initial_degree_matched,,SIAH1,PIK3R2,PIK3R2|SIAH1,False,cytoplasm;nucleus,,,True,False,False,True,True,False,False,False,0.11066,LIHC,LIHC|LIHC_GSE146409_expression_Celltype_majorlineage|Epithelial
E3|Q8IWR1|Q9NXR8,E3|Q8IWR1,E3,Q8IWR1,Q9NXR8,TRIM59,ING3,RING,0,neg2x_initial_degree_matched,,TRIM59,ING3,ING3|TRIM59,False,endoplasmic_reticulum;membrane,nucleus,,True,True,False,True,True,False,False,False,0.45268,LIHC,LIHC|LIHC_GSE140228_Smartseq2_expression_Celltype_majorlineage|Tprolif
E3|Q8IWR1|P50579,E3|Q8IWR1,E3,Q8IWR1,P50579,TRIM59,METAP2,RING,0,neg2x_initial_degree_matched,,TRIM59,METAP2,METAP2|TRIM59,False,endoplasmic_reticulum;membrane,cytoplasm,,True,True,False,True,True,False,False,False,0.51794,LIHC,LIHC|LIHC_GSE140228_Smartseq2_expression_Celltype_majorlineage|Tprolif
E3|Q8IWR1|P09467,E3|Q8IWR1,E3,Q8IWR1,P09467,TRIM59,FBP1,RING,0,neg2x_initial_degree_matched,,TRIM59,FBP1,FBP1|TRIM59,False,endoplasmic_reticulum;membrane,,,True,False,False,True,True,False,False,False,0.13736,LIHC,LIHC|LIHC_GSE140228_Smartseq2_expression_Celltype_majorlineage|Mast
E3|Q8IWR1|Q9UIS9,E3|Q8IWR1,E3,Q8IWR1,Q9UIS9,TRIM59,MBD1,RING,0,neg2x_initial_degree_matched,,TRIM59,MBD1,MBD1|TRIM59,False,endoplasmic_reticulum;membrane,nucleus,,True,True,False,True,True,False,False,False,0.38094,CRC,CRC|CRC_GSE108989_expression_Celltype_majorlineage|Tprolif
E3|Q8IWR1|P58004,E3|Q8IWR1,E3,Q8IWR1,P58004,TRIM59,SESN2,RING,0,neg2x_initial_degree_matched,,TRIM59,SESN2,SESN2|TRIM59,False,endoplasmic_reticulum;membrane,cytoplasm,,True,True,False,True,True,False,False,False,0.22795,CRC,CRC|CRC_GSE108989_expression_Celltype_majorlineage|CD8T
E3|Q8IWV7|P35250,E3|Q8IWV7,E3,Q8IWV7,P35250,UBR1,RFC2,UBOX,0,neg2x_initial_degree_matched,,UBR1,RFC2,RFC2|UBR1,False,cytoplasm,nucleus,,True,True,False,True,True,False,False,False,0.36152,LIHC,LIHC|LIHC_GSE98638_expression_Celltype_majorlineage|Tprolif
E3|Q8IWV7|P54098,E3|Q8IWV7,E3,Q8IWV7,P54098,UBR1,POLG,UBOX,0,neg2x_initial_degree_matched,,UBR1,POLG,POLG|UBR1,False,cytoplasm,mitochondrion,,True,True,False,True,True,False,False,False,0.45763,LIHC,LIHC|LIHC_GSE98638_expression_Celltype_majorlineage|CD8Tex
E3|Q8IWV8|A9UEZ6,E3|Q8IWV8,E3,Q8IWV8,A9UEZ6,UBR2,BCR/ABL fusion,UBOX,0,neg2x_initial_degree_matched,,UBR2,BCR/ABL FUSION,BCR/ABL FUSION|UBR2,False,nucleus,,,True,False,False,False,False,False,False,False,0.0,CRC,NA
E3|Q8IWV8|P03427,E3|Q8IWV8,E3,Q8IWV8,P03427,UBR2,PB2,UBOX,0,neg2x_initial_degree_matched,,UBR2,PB2,PB2|UBR2,False,nucleus,,,True,False,False,False,False,False,False,False,0.0,CRC,NA
E3|Q8IX12|Q13564,E3|Q8IX12,E3,Q8IX12,Q13564,CCAR1,NAE1,Other,0,neg2x_initial_degree_matched,,CCAR1,NAE1,CCAR1|NAE1,False,cytoplasm,membrane;plasma_membrane,,True,True,False,True,True,False,False,False,0.51475,CRC,CRC|CRC_GSE108989_expression_Celltype_majorlineage|Tprolif
E3|Q8IYM9|O95994,E3|Q8IYM9,E3,Q8IYM9,O95994,TRIM22,AGR2,RING,0,neg2x_initial_degree_matched,,TRIM22,AGR2,AGR2|TRIM22,False,cytoplasm;nucleus,endoplasmic_reticulum;extracellular,,True,True,False,True,True,False,False,False,0.2749,CRC,CRC|CRC_EMTAB8107_expression_Celltype_majorlineage|Mono/Macro
E3|Q8IYM9|P01911,E3|Q8IYM9,E3,Q8IYM9,P01911,TRIM22,HLA-DRB1,RING,0,neg2x_initial_degree_matched,,TRIM22,HLA-DRB1,HLA-DRB1|TRIM22,False,cytoplasm;nucleus,endoplasmic_reticulum;endosome;lysosome;membrane;plasma_membrane,,True,True,False,True,True,True,True,True,1.63568,LIHC,LIHC|LIHC_GSE98638_expression_Celltype_majorlineage|CD8Tex
E3|Q8IYU2|P14859,E3|Q8IYU2,E3,Q8IYU2,P14859,HACE1,POU2F1,HECT,0,neg2x_initial_degree_matched,,HACE1,POU2F1,HACE1|POU2F1,False,cytoplasm;endoplasmic_reticulum;golgi;membrane,nucleus,,True,True,False,True,True,False,False,False,0.18236,CRC,CRC|CRC_GSE108989_expression_Celltype_majorlineage|Tprolif
E3|Q8IYU2|O00418,E3|Q8IYU2,E3,Q8IYU2,O00418,HACE1,EEF2K,HECT,0,neg2x_initial_degree_matched,,HACE1,EEF2K,EEF2K|HACE1,False,cytoplasm;endoplasmic_reticulum;golgi;membrane,,,True,False,False,True,True,False,False,False,0.15098,CRC,CRC|CRC_GSE108989_expression_Celltype_majorlineage|Tprolif
E3|Q8IYU2|Q8TB46,E3|Q8IYU2,E3,Q8IYU2,Q8TB46,HACE1,ANKRD50,HECT,0,neg2x_initial_degree_matched,,HACE1,ANKRD50,ANKRD50|HACE1,False,cytoplasm;endoplasmic_reticulum;golgi;membrane,,,True,False,False,True,True,False,False,False,0.11082,CRC,CRC|CRC_GSE166555_expression_Celltype_majorlineage|Endothelial
E3|Q8IYU2|O94782,E3|Q8IYU2,E3,Q8IYU2,O94782,HACE1,USP1,HECT,0,neg2x_initial_degree_matched,,HACE1,USP1,HACE1|USP1,False,cytoplasm;endoplasmic_reticulum;golgi;membrane,nucleus,,True,True,False,True,True,False,False,False,0.18236,CRC,CRC|CRC_GSE108989_expression_Celltype_majorlineage|Tprolif
E3|Q8IYU2|O75525,E3|Q8IYU2,E3,Q8IYU2,O75525,HACE1,KHDRBS3,HECT,0,neg2x_initial_degree_matched,,HACE1,KHDRBS3,HACE1|KHDRBS3,False,cytoplasm;endoplasmic_reticulum;golgi;membrane,nucleus,,True,True,False,True,True,False,False,False,0.10531,CRC,CRC|CRC_GSE146771_Smartseq2_expression_Celltype_majorlineage|Fibroblasts
E3|Q8IYW5|Q96JN8,E3|Q8IYW5,E3,Q8IYW5,Q96JN8,RNF168,NEURL4,RING,0,neg2x_initial_degree_matched,,RNF168,NEURL4,NEURL4|RNF168,False,nucleus,cytoplasm;cytoskeleton,,True,True,False,True,True,False,False,False,0.72974,CRC,CRC|CRC_GSE108989_expression_Celltype_majorlineage|Tprolif
E3|Q8IYW5|Q9NRD5,E3|Q8IYW5,E3,Q8IYW5,Q9NRD5,RNF168,PICK1,RING,0,neg2x_initial_degree_matched,,RNF168,PICK1,PICK1|RNF168,False,nucleus,cytoplasm;cytoskeleton;membrane,,True,True,False,True,True,False,False,False,0.1745,CRC,CRC|CRC_GSE166555_expression_Celltype_majorlineage|Malignant
E3|Q8IYW5|A6MI22,E3|Q8IYW5,E3,Q8IYW5,A6MI22,RNF168,tat,RING,0,neg2x_initial_degree_matched,,RNF168,TAT,RNF168|TAT,False,nucleus,,,True,False,False,True,True,False,False,False,0.19902,LIHC,LIHC|LIHC_GSE146115_expression_Celltype_majorlineage|Malignant
E3|Q8IYW5|O95295,E3|Q8IYW5,E3,Q8IYW5,O95295,RNF168,SNAPIN,RING,0,neg2x_initial_degree_matched,,RNF168,SNAPIN,RNF168|SNAPIN,False,nucleus,cytoplasm;golgi;lysosome;membrane;vesicle,,True,True,False,True,True,False,False,False,0.36477,LIHC,LIHC|LIHC_GSE98638_expression_Celltype_majorlineage|Tprolif
E3|Q8IYW5|Q9P2A4,E3|Q8IYW5,E3,Q8IYW5,Q9P2A4,RNF168,ABI3,RING,0,neg2x_initial_degree_matched,,RNF168,ABI3,ABI3|RNF168,False,nucleus,cytoplasm,,True,True,False,True,True,False,False,False,0.73184,CRC,CRC|CRC_GSE108989_expression_Celltype_majorlineage|Tprolif
E3|Q8IYW5|P07355,E3|Q8IYW5,E3,Q8IYW5,P07355,RNF168,ANXA2,RING,0,neg2x_initial_degree_matched,,RNF168,ANXA2,ANXA2|RNF168,False,nucleus,cytoplasm;extracellular;golgi;membrane;plasma_membrane,,True,True,False,True,True,False,False,False,0.73184,CRC,CRC|CRC_GSE108989_expression_Celltype_majorlineage|Tprolif
E3|Q8IYW5|P49327,E3|Q8IYW5,E3,Q8IYW5,P49327,RNF168,FASN,RING,0,neg2x_initial_degree_matched,,RNF168,FASN,FASN|RNF168,False,nucleus,cytoplasm,,True,True,False,True,True,False,False,False,0.30051,CRC,CRC|CRC_GSE166555_expression_Celltype_majorlineage|Malignant
E3|Q8IYW5|Q92813,E3|Q8IYW5,E3,Q8IYW5,Q92813,RNF168,DIO2,RING,0,neg2x_initial_degree_matched,,RNF168,DIO2,DIO2|RNF168,False,nucleus,endoplasmic_reticulum;membrane,,True,True,False,True,True,False,False,False,0.20977,CRC,CRC|CRC_GSE166555_expression_Celltype_majorlineage|Fibroblasts
E3|Q8IYW5|Q9Y2T1,E3|Q8IYW5,E3,Q8IYW5,Q9Y2T1,RNF168,AXIN2,RING,0,neg2x_initial_degree_matched,,RNF168,AXIN2,AXIN2|RNF168,False,nucleus,cytoplasm,,True,True,False,True,True,False,False,False,0.13081,LIHC,LIHC|LIHC_GSE146409_expression_Celltype_majorlineage|Malignant
E3|Q8IYW5|Q5UEC6,E3|Q8IYW5,E3,Q8IYW5,Q5UEC6,RNF168,EB1,RING,0,neg2x_initial_degree_matched,,RNF168,EB1,EB1|RNF168,False,nucleus,,,True,False,False,False,False,False,False,False,0.0,CRC,NA
E3|Q8IYW5|P48200,E3|Q8IYW5,E3,Q8IYW5,P48200,RNF168,IREB2,RING,0,neg2x_initial_degree_matched,,RNF168,IREB2,IREB2|RNF168,False,nucleus,cytoplasm,,True,True,False,True,True,False,False,False,0.33123,LIHC,LIHC|LIHC_GSE98638_expression_Celltype_majorlineage|CD8Tex
E3|Q8N1E6|Q9HAW4,E3|Q8N1E6,E3,Q8N1E6,Q9HAW4,FBXL14,CLSPN,F-box,0,neg2x_initial_degree_matched,,FBXL14,CLSPN,CLSPN|FBXL14,False,cytoplasm,nucleus,,True,True,False,True,True,False,False,False,0.04535,LIHC,LIHC|LIHC_GSE179795_expression_Celltype_majorlineage|Mono/Macro
E3|Q8N1E6|Q9UIS9,E3|Q8N1E6,E3,Q8N1E6,Q9UIS9,FBXL14,MBD1,F-box,0,neg2x_initial_degree_matched,,FBXL14,MBD1,FBXL14|MBD1,False,cytoplasm,nucleus,,True,True,False,True,True,False,False,False,0.07833,CRC,CRC|CRC_GSE146771_Smartseq2_expression_Celltype_majorlineage|Plasma
E3|Q8N1E6|P98161,E3|Q8N1E6,E3,Q8N1E6,P98161,FBXL14,PKD1,F-box,0,neg2x_initial_degree_matched,,FBXL14,PKD1,FBXL14|PKD1,False,cytoplasm,endoplasmic_reticulum;extracellular;golgi;membrane;plasma_membrane;vesicle,,True,True,False,True,True,False,False,False,0.06197,CRC,CRC|CRC_GSE146771_Smartseq2_expression_Celltype_majorlineage|Endothelial
E3|Q8N1E6|Q5Y7A7,E3|Q8N1E6,E3,Q8N1E6,Q5Y7A7,FBXL14,HLA-DRB1,F-box,0,neg2x_initial_degree_matched,,FBXL14,HLA-DRB1,FBXL14|HLA-DRB1,False,cytoplasm,,,True,False,False,True,True,False,False,False,0.07833,CRC,CRC|CRC_GSE146771_Smartseq2_expression_Celltype_majorlineage|Plasma
E3|Q8N1E6|Q15386,E3|Q8N1E6,E3,Q8N1E6,Q15386,FBXL14,UBE3C,F-box,0,neg2x_initial_degree_matched,,FBXL14,UBE3C,FBXL14|UBE3C,False,cytoplasm,,,True,False,False,True,True,False,False,False,0.06197,CRC,CRC|CRC_GSE146771_Smartseq2_expression_Celltype_majorlineage|Endothelial
E3|Q8N2H9|Q99683,E3|Q8N2H9,E3,Q8N2H9,Q99683,PELI3,MAP3K5,RING,0,neg2x_initial_degree_matched,,PELI3,MAP3K5,MAP3K5|PELI3,False,,cytoplasm;endoplasmic_reticulum,,False,True,False,True,True,False,False,False,0.05883,LIHC,LIHC|LIHC_GSE146115_expression_Celltype_majorlineage|Malignant
E3|Q8N2H9|P60321,E3|Q8N2H9,E3,Q8N2H9,P60321,PELI3,NANOS2,RING,0,neg2x_initial_degree_matched,,PELI3,NANOS2,NANOS2|PELI3,False,,cytoplasm,,False,True,False,False,False,False,False,False,0.0,CRC,NA
E3|Q8N2H9|P30307,E3|Q8N2H9,E3,Q8N2H9,P30307,PELI3,CDC25C,RING,0,neg2x_initial_degree_matched,,PELI3,CDC25C,CDC25C|PELI3,False,,nucleus,,False,True,False,True,True,False,False,False,0.02195,LIHC,LIHC|LIHC_GSE140228_Smartseq2_expression_Celltype_majorlineage|Tprolif
E3|Q8N2H9|Q9NVW2,E3|Q8N2H9,E3,Q8N2H9,Q9NVW2,PELI3,RLIM,RING,0,neg2x_initial_degree_matched,,PELI3,RLIM,PELI3|RLIM,False,,nucleus,,False,True,False,True,True,False,False,False,0.05883,LIHC,LIHC|LIHC_GSE146115_expression_Celltype_majorlineage|Malignant
E3|Q8N2H9|Q9GZX7,E3|Q8N2H9,E3,Q8N2H9,Q9GZX7,PELI3,AICDA,RING,0,neg2x_initial_degree_matched,,PELI3,AICDA,AICDA|PELI3,False,,cytoplasm;nucleus,,False,True,False,True,True,False,False,False,0.05883,LIHC,LIHC|LIHC_GSE146115_expression_Celltype_majorlineage|Malignant
E3|Q8N2H9|O00716,E3|Q8N2H9,E3,Q8N2H9,O00716,PELI3,E2F3,RING,0,neg2x_initial_degree_matched,,PELI3,E2F3,E2F3|PELI3,False,,nucleus,,False,True,False,True,True,False,False,False,0.05883,LIHC,LIHC|LIHC_GSE146115_expression_Celltype_majorlineage|Malignant
E3|Q8N2W9|P35555,E3|Q8N2W9,E3,Q8N2W9,P35555,PIAS4,FBN1,RING,0,neg2x_initial_degree_matched,,PIAS4,FBN1,FBN1|PIAS4,False,nucleus,extracellular,,True,True,False,True,True,False,False,False,0.1324,CRC,CRC|CRC_GSE166555_expression_Celltype_majorlineage|Endothelial
E3|Q8N2W9|O00429,E3|Q8N2W9,E3,Q8N2W9,O00429,PIAS4,DNM1L,RING,0,neg2x_initial_degree_matched,,PIAS4,DNM1L,DNM1L|PIAS4,False,nucleus,cytoplasm;endoplasmic_reticulum;golgi;membrane;mitochondrion;peroxisome;vesicle,,True,True,False,True,True,False,False,False,0.20413,LIHC,LIHC|LIHC_GSE98638_expression_Celltype_majorlineage|Tprolif
E3|Q8N2W9|P55290,E3|Q8N2W9,E3,Q8N2W9,P55290,PIAS4,CDH13,RING,0,neg2x_initial_degree_matched,,PIAS4,CDH13,CDH13|PIAS4,False,nucleus,cytoplasm;membrane;plasma_membrane,,True,True,False,True,True,False,False,False,0.1324,CRC,CRC|CRC_GSE166555_expression_Celltype_majorlineage|Endothelial
E3|Q8N3Y1|Q99759,E3|Q8N3Y1,E3,Q8N3Y1,Q99759,FBXW8,MAP3K3,F-box,0,neg2x_initial_degree_matched,,FBXW8,MAP3K3,FBXW8|MAP3K3,False,cytoplasm;golgi,,,True,False,False,True,True,False,False,False,0.07928,LIHC,LIHC|LIHC_GSE98638_expression_Celltype_majorlineage|CD8Tex
E3|Q8N3Y1|Q92674,E3|Q8N3Y1,E3,Q8N3Y1,Q92674,FBXW8,CENPI,F-box,0,neg2x_initial_degree_matched,,FBXW8,CENPI,CENPI|FBXW8,False,cytoplasm;golgi,nucleus,,True,True,False,True,True,False,False,False,0.05984,LIHC,LIHC|LIHC_GSE98638_expression_Celltype_majorlineage|Tprolif
E3|Q8N3Y1|Q9Y5M8,E3|Q8N3Y1,E3,Q8N3Y1,Q9Y5M8,FBXW8,SRPRB,F-box,0,neg2x_initial_degree_matched,,FBXW8,SRPRB,FBXW8|SRPRB,False,cytoplasm;golgi,endoplasmic_reticulum;membrane,,True,True,False,True,True,False,False,False,0.13639,CRC,CRC|CRC_GSE139555_expression_Celltype_majorlineage|Myofibroblasts
E3|Q8N3Y1|Q9BXB1,E3|Q8N3Y1,E3,Q8N3Y1,Q9BXB1,FBXW8,LGR4,F-box,0,neg2x_initial_degree_matched,,FBXW8,LGR4,FBXW8|LGR4,False,cytoplasm;golgi,membrane;plasma_membrane,,True,True,False,True,True,False,False,False,0.10255,CRC,CRC|CRC_GSE166555_expression_Celltype_majorlineage|Malignant
E3|Q8N3Y1|P29033,E3|Q8N3Y1,E3,Q8N3Y1,P29033,FBXW8,GJB2,F-box,0,neg2x_initial_degree_matched,,FBXW8,GJB2,FBXW8|GJB2,False,cytoplasm;golgi,cell_junction;membrane;plasma_membrane,,True,True,False,True,True,False,False,False,0.10255,CRC,CRC|CRC_GSE166555_expression_Celltype_majorlineage|Malignant
E3|Q8N448|Q15554,E3|Q8N448,E3,Q8N448,Q15554,LNX2,TERF2,RING,0,neg2x_initial_degree_matched,,LNX2,TERF2,LNX2|TERF2,False,,nucleus,,False,True,False,True,True,False,False,False,0.08199,LIHC,LIHC|LIHC_GSE146115_expression_Celltype_majorlineage|Malignant
E3|Q8N448|P05412,E3|Q8N448,E3,Q8N448,P05412,LNX2,JUN,RING,0,neg2x_initial_degree_matched,,LNX2,JUN,JUN|LNX2,False,,nucleus,,False,True,False,True,True,False,False,False,0.23811,CRC,CRC|CRC_GSE139555_expression_Celltype_majorlineage|Myofibroblasts
E3|Q8N448|Q9NRD5,E3|Q8N448,E3,Q8N448,Q9NRD5,LNX2,PICK1,RING,0,neg2x_initial_degree_matched,,LNX2,PICK1,LNX2|PICK1,False,,cytoplasm;cytoskeleton;membrane,,False,True,False,True,True,False,False,False,0.1745,CRC,CRC|CRC_GSE166555_expression_Celltype_majorlineage|Malignant
E3|Q8N531|Q04725,E3|Q8N531,E3,Q8N531,Q04725,FBXL6,TLE2,F-box,0,neg2x_initial_degree_matched,,FBXL6,TLE2,FBXL6|TLE2,False,,nucleus,,False,True,False,True,True,False,False,False,0.12277,CRC,CRC|CRC_GSE139555_expression_Celltype_majorlineage|Myofibroblasts
E3|Q8N531|P98161,E3|Q8N531,E3,Q8N531,P98161,FBXL6,PKD1,F-box,0,neg2x_initial_degree_matched,,FBXL6,PKD1,FBXL6|PKD1,False,,endoplasmic_reticulum;extracellular;golgi;membrane;plasma_membrane;vesicle,,False,True,False,True,True,False,False,False,0.10689,CRC,CRC|CRC_GSE166555_expression_Celltype_majorlineage|Malignant
E3|Q8N806|Q9UKE5,E3|Q8N806,E3,Q8N806,Q9UKE5,UBR7,TNIK,UBOX,0,neg2x_initial_degree_matched,,UBR7,TNIK,TNIK|UBR7,False,,cytoplasm;cytoskeleton;endosome;nucleus,,False,True,False,True,True,False,False,False,0.24529,LIHC,LIHC|LIHC_GSE98638_expression_Celltype_majorlineage|CD8T
E3|Q8N806|O14773,E3|Q8N806,E3,Q8N806,O14773,UBR7,TPP1,UBOX,0,neg2x_initial_degree_matched,,UBR7,TPP1,TPP1|UBR7,False,,lysosome,,False,True,False,True,True,False,False,False,0.70707,LIHC,LIHC|LIHC_GSE98638_expression_Celltype_majorlineage|Tprolif
E3|Q8N8N0|O43395,E3|Q8N8N0,E3,Q8N8N0,O43395,RNF152,PRPF3,RING,0,neg2x_initial_degree_matched,,RNF152,PRPF3,PRPF3|RNF152,False,lysosome;membrane,nucleus,,True,True,False,True,True,False,False,False,0.17659,CRC,CRC|CRC_GSE166555_expression_Celltype_majorlineage|Epithelial
E3|Q8N8N0|P35712,E3|Q8N8N0,E3,Q8N8N0,P35712,RNF152,SOX6,RING,0,neg2x_initial_degree_matched,,RNF152,SOX6,RNF152|SOX6,False,lysosome;membrane,cytoplasm;nucleus,,True,True,False,True,True,False,False,False,0.23431,CRC,CRC|CRC_GSE146771_Smartseq2_expression_Celltype_majorlineage|Fibroblasts
E3|Q8N8N0|Q9UBP5,E3|Q8N8N0,E3,Q8N8N0,Q9UBP5,RNF152,HEY2,RING,0,neg2x_initial_degree_matched,,RNF152,HEY2,HEY2|RNF152,False,lysosome;membrane,nucleus,,True,True,False,True,True,False,False,False,0.31875,LIHC,LIHC|LIHC_GSE166635_expression_Celltype_majorlineage|Fibroblasts
E3|Q8N8N0|P16104,E3|Q8N8N0,E3,Q8N8N0,P16104,RNF152,H2AX,RING,0,neg2x_initial_degree_matched,,RNF152,H2AX,H2AX|RNF152,False,lysosome;membrane,nucleus,,True,True,False,False,False,False,False,False,0.0,CRC,NA
E3|Q8N8N0|Q8N6M0,E3|Q8N8N0,E3,Q8N8N0,Q8N6M0,RNF152,OTUD6B,RING,0,neg2x_initial_degree_matched,,RNF152,OTUD6B,OTUD6B|RNF152,False,lysosome;membrane,,,True,False,False,True,True,False,False,False,0.15099,CRC,CRC|CRC_GSE166555_expression_Celltype_majorlineage|Endothelial
E3|Q8N9I9|P50553,E3|Q8N9I9,E3,Q8N9I9,P50553,DTX3,ASCL1,RING,0,neg2x_initial_degree_matched,,DTX3,ASCL1,ASCL1|DTX3,False,cytoplasm,nucleus,,True,True,False,True,True,False,False,False,0.0113,LIHC,LIHC|LIHC_GSE146115_expression_Celltype_majorlineage|Malignant
E3|Q8N9I9|Q9Y2R9,E3|Q8N9I9,E3,Q8N9I9,Q9Y2R9,DTX3,MRPS7,RING,0,neg2x_initial_degree_matched,,DTX3,MRPS7,DTX3|MRPS7,False,cytoplasm,mitochondrion,,True,True,False,True,True,False,False,False,0.26524,LIHC,LIHC|LIHC_GSE166635_expression_Celltype_majorlineage|Fibroblasts
E3|Q8N9I9|P53805,E3|Q8N9I9,E3,Q8N9I9,P53805,DTX3,RCAN1,RING,0,neg2x_initial_degree_matched,,DTX3,RCAN1,DTX3|RCAN1,False,cytoplasm,,,True,False,False,True,True,False,False,False,0.14104,LIHC,LIHC|LIHC_GSE166635_expression_Celltype_majorlineage|Fibroblasts
E3|Q8N9I9|P05026,E3|Q8N9I9,E3,Q8N9I9,P05026,DTX3,ATP1B1,RING,0,neg2x_initial_degree_matched,,DTX3,ATP1B1,ATP1B1|DTX3,False,cytoplasm,membrane;plasma_membrane,,True,True,False,True,True,False,False,False,0.24178,LIHC,LIHC|LIHC_GSE166635_expression_Celltype_majorlineage|Fibroblasts
E3|Q8N9I9|Q15561,E3|Q8N9I9,E3,Q8N9I9,Q15561,DTX3,TEAD4,RING,0,neg2x_initial_degree_matched,,DTX3,TEAD4,DTX3|TEAD4,False,cytoplasm,nucleus,,True,True,False,True,True,False,False,False,0.08558,CRC,CRC|CRC_GSE146771_Smartseq2_expression_Celltype_majorlineage|Fibroblasts
E3|Q8NC42|Q6UUV9,E3|Q8NC42,E3,Q8NC42,Q6UUV9,RNF149,CRTC1,RING,0,neg2x_initial_degree_matched,,RNF149,CRTC1,CRTC1|RNF149,False,membrane,cytoplasm;nucleus,,True,True,False,True,True,False,False,False,0.23881,LIHC,LIHC|LIHC_GSE179795_expression_Celltype_majorlineage|Mono/Macro
E3|Q8NCQ5|P04554,E3|Q8NCQ5,E3,Q8NCQ5,P04554,FBXO15,PRM2,F-box,0,neg2x_initial_degree_matched,,FBXO15,PRM2,FBXO15|PRM2,False,,nucleus,,False,True,False,False,False,False,False,False,0.0,CRC,NA
E3|Q8NCQ5|P26045,E3|Q8NCQ5,E3,Q8NCQ5,P26045,FBXO15,PTPN3,F-box,0,neg2x_initial_degree_matched,,FBXO15,PTPN3,FBXO15|PTPN3,False,,cytoplasm;cytoskeleton;membrane;plasma_membrane,,False,True,False,True,True,False,False,False,0.1825,CRC,CRC|CRC_GSE146771_Smartseq2_expression_Celltype_majorlineage|Endothelial
E3|Q8NCQ5|Q6UVJ0,E3|Q8NCQ5,E3,Q8NCQ5,Q6UVJ0,FBXO15,SASS6,F-box,0,neg2x_initial_degree_matched,,FBXO15,SASS6,FBXO15|SASS6,False,,cytoplasm;cytoskeleton,,False,True,False,True,True,False,False,False,0.08503,CRC,CRC|CRC_GSE146771_Smartseq2_expression_Celltype_majorlineage|Tprolif
E3|Q8NCQ5|P63252,E3|Q8NCQ5,E3,Q8NCQ5,P63252,FBXO15,KCNJ2,F-box,0,neg2x_initial_degree_matched,,FBXO15,KCNJ2,FBXO15|KCNJ2,False,,membrane;plasma_membrane,,False,True,False,True,True,False,False,False,0.12162,CRC,CRC|CRC_GSE146771_Smartseq2_expression_Celltype_majorlineage|Endothelial
E3|Q8ND25|P51825,E3|Q8ND25,E3,Q8ND25,P51825,ZNRF1,AFF1,RING,0,neg2x_initial_degree_matched,,ZNRF1,AFF1,AFF1|ZNRF1,False,cytoplasm;endosome;lysosome;membrane;vesicle,nucleus,,True,True,False,True,True,False,False,False,0.24373,CRC,CRC|CRC_GSE108989_expression_Celltype_majorlineage|Treg
E3|Q8ND25|P55317,E3|Q8ND25,E3,Q8ND25,P55317,ZNRF1,FOXA1,RING,0,neg2x_initial_degree_matched,,ZNRF1,FOXA1,FOXA1|ZNRF1,False,cytoplasm;endosome;lysosome;membrane;vesicle,nucleus,,True,True,False,True,True,False,False,False,0.12832,LIHC,LIHC|LIHC_GSE146409_expression_Celltype_majorlineage|Epithelial
E3|Q8ND25|Q92734,E3|Q8ND25,E3,Q8ND25,Q92734,ZNRF1,TFG,RING,0,neg2x_initial_degree_matched,,ZNRF1,TFG,TFG|ZNRF1,False,cytoplasm;endosome;lysosome;membrane;vesicle,endoplasmic_reticulum,,True,True,False,True,True,False,False,False,0.32481,CRC,CRC|CRC_GSE166555_expression_Celltype_majorlineage|Tprolif
E3|Q8NEG5|Q15311,E3|Q8NEG5,E3,Q8NEG5,Q15311,ZSWIM2,RALBP1,RING,0,neg2x_initial_degree_matched,,ZSWIM2,RALBP1,RALBP1|ZSWIM2,False,,cytoplasm;cytoskeleton;membrane;mitochondrion;nucleus;plasma_membrane,,False,True,False,True,True,False,False,False,0.00248,CRC,CRC|CRC_GSE108989_expression_Celltype_majorlineage|CD8Tex
E3|Q8NEG5|O15553,E3|Q8NEG5,E3,Q8NEG5,O15553,ZSWIM2,MEFV,RING,0,neg2x_initial_degree_matched,,ZSWIM2,MEFV,MEFV|ZSWIM2,False,,cytoplasm;cytoskeleton;nucleus;vesicle,,False,True,False,True,True,False,False,False,0.00248,CRC,CRC|CRC_GSE108989_expression_Celltype_majorlineage|CD8Tex
E3|Q8NEZ5|Q9NY46,E3|Q8NEZ5,E3,Q8NEZ5,Q9NY46,FBXO22,SCN3A,F-box,0,neg2x_initial_degree_matched,,FBXO22,SCN3A,FBXO22|SCN3A,False,cytoplasm;nucleus,membrane;plasma_membrane,,True,True,False,True,True,False,False,False,0.12755,LIHC,LIHC|LIHC_GSE140228_Smartseq2_expression_Celltype_majorlineage|B
E3|Q8NEZ5|P61968,E3|Q8NEZ5,E3,Q8NEZ5,P61968,FBXO22,LMO4,F-box,0,neg2x_initial_degree_matched,,FBXO22,LMO4,FBXO22|LMO4,False,cytoplasm;nucleus,,,True,False,False,True,True,False,False,False,0.36326,LIHC,LIHC|LIHC_GSE166635_expression_Celltype_majorlineage|Malignant
E3|Q8NEZ5|P23919,E3|Q8NEZ5,E3,Q8NEZ5,P23919,FBXO22,DTYMK,F-box,0,neg2x_initial_degree_matched,,FBXO22,DTYMK,DTYMK|FBXO22,False,cytoplasm;nucleus,,,True,False,False,True,True,False,False,False,0.31331,LIHC,LIHC|LIHC_GSE98638_expression_Celltype_majorlineage|Tprolif
E3|Q8NEZ5|Q9H1D0,E3|Q8NEZ5,E3,Q8NEZ5,Q9H1D0,FBXO22,TRPV6,F-box,0,neg2x_initial_degree_matched,,FBXO22,TRPV6,FBXO22|TRPV6,False,cytoplasm;nucleus,membrane;plasma_membrane,,True,True,False,True,True,False,False,False,0.04751,LIHC,LIHC|LIHC_GSE146409_expression_Celltype_majorlineage|Epithelial
E3|Q8NFD5|O00459,E3|Q8NFD5,E3,Q8NFD5,O00459,ARID1B,PIK3R2,Other,0,neg2x_initial_degree_matched,,ARID1B,PIK3R2,ARID1B|PIK3R2,False,nucleus,,,True,False,False,True,True,False,False,False,0.21804,LIHC,LIHC|LIHC_GSE98638_expression_Celltype_majorlineage|Treg
E3|Q8NFD5|P13761,E3|Q8NFD5,E3,Q8NFD5,P13761,ARID1B,HLA-DRB1,Other,0,neg2x_initial_degree_matched,,ARID1B,HLA-DRB1,ARID1B|HLA-DRB1,False,nucleus,,,True,False,False,True,True,False,False,False,0.89594,LIHC,LIHC|LIHC_GSE179795_expression_Celltype_majorlineage|Mono/Macro
E3|Q8NFZ0|P10193,E3|Q8NFZ0,E3,Q8NFZ0,P10193,FBXO18,UL9,F-box,0,neg2x_initial_degree_matched,,FBXO18,UL9,FBXO18|UL9,False,nucleus,,,True,False,False,False,False,False,False,False,0.0,CRC,NA
E3|Q8NFZ0|P11021,E3|Q8NFZ0,E3,Q8NFZ0,P11021,FBXO18,HSPA5,F-box,0,neg2x_initial_degree_matched,,FBXO18,HSPA5,FBXO18|HSPA5,False,nucleus,cytoplasm;endoplasmic_reticulum;plasma_membrane,,True,True,False,True,True,False,False,False,0.33172,LIHC,LIHC|LIHC_GSE140228_Smartseq2_expression_Celltype_majorlineage|Plasma
E3|Q8NFZ0|Q96A32,E3|Q8NFZ0,E3,Q8NFZ0,Q96A32,FBXO18,MYLPF,F-box,0,neg2x_initial_degree_matched,,FBXO18,MYLPF,FBXO18|MYLPF,False,nucleus,,,True,False,False,True,True,False,False,False,0.06344,LIHC,LIHC|LIHC_GSE140228_10X_expression_Celltype_majorlineage|ILC
E3|Q8NFZ0|Q5Y7A7,E3|Q8NFZ0,E3,Q8NFZ0,Q5Y7A7,FBXO18,HLA-DRB1,F-box,0,neg2x_initial_degree_matched,,FBXO18,HLA-DRB1,FBXO18|HLA-DRB1,False,nucleus,,,True,False,False,True,True,False,False,False,0.33172,LIHC,LIHC|LIHC_GSE140228_Smartseq2_expression_Celltype_majorlineage|Plasma
E3|Q8NFZ0|Q9P0P0,E3|Q8NFZ0,E3,Q8NFZ0,Q9P0P0,FBXO18,RNF181,F-box,0,neg2x_initial_degree_matched,,FBXO18,RNF181,FBXO18|RNF181,False,nucleus,,,True,False,False,True,True,False,False,False,0.30677,CRC,CRC|CRC_GSE146771_Smartseq2_expression_Celltype_majorlineage|Plasma
E3|Q8NG06|Q9H5J0,E3|Q8NG06,E3,Q8NG06,Q9H5J0,TRIM58,ZBTB3,RING,0,neg2x_initial_degree_matched,,TRIM58,ZBTB3,TRIM58|ZBTB3,False,,nucleus,,False,True,False,True,True,False,False,False,0.03466,LIHC,LIHC|LIHC_GSE146115_expression_Celltype_majorlineage|Mono/Macro
E3|Q8NG06|P60321,E3|Q8NG06,E3,Q8NG06,P60321,TRIM58,NANOS2,RING,0,neg2x_initial_degree_matched,,TRIM58,NANOS2,NANOS2|TRIM58,False,,cytoplasm,,False,True,False,False,False,False,False,False,0.0,CRC,NA
E3|Q8NG06|Q01628,E3|Q8NG06,E3,Q8NG06,Q01628,TRIM58,IFITM3,RING,0,neg2x_initial_degree_matched,,TRIM58,IFITM3,IFITM3|TRIM58,False,,cytoplasm;endosome;lysosome;membrane;plasma_membrane,,False,True,False,True,True,False,False,False,0.6791,LIHC,LIHC|LIHC_GSE146115_expression_Celltype_majorlineage|Mono/Macro
E3|Q8NG06|A8MYT4,E3|Q8NG06,E3,Q8NG06,A8MYT4,TRIM58,PIK3C3,RING,0,neg2x_initial_degree_matched,,TRIM58,PIK3C3,PIK3C3|TRIM58,False,,,,False,False,False,True,True,False,False,False,0.14914,LIHC,LIHC|LIHC_GSE146115_expression_Celltype_majorlineage|B
E3|Q8NG27|O95628,E3|Q8NG27,E3,Q8NG27,O95628,PJA1,CNOT4,RING,0,neg2x_initial_degree_matched,,PJA1,CNOT4,CNOT4|PJA1,False,,cytoplasm;nucleus,,False,True,False,True,True,False,False,False,0.19884,LIHC,LIHC|LIHC_GSE98638_expression_Celltype_majorlineage|CD8T
E3|Q8NG27|P15056,E3|Q8NG27,E3,Q8NG27,P15056,PJA1,BRAF,RING,0,neg2x_initial_degree_matched,,PJA1,BRAF,BRAF|PJA1,False,,cytoplasm;membrane;nucleus;plasma_membrane,,False,True,False,True,True,False,False,False,0.1528,LIHC,LIHC|LIHC_GSE98638_expression_Celltype_majorlineage|CD8T
E3|Q8NG27|P40305,E3|Q8NG27,E3,Q8NG27,P40305,PJA1,IFI27,RING,0,neg2x_initial_degree_matched,,PJA1,IFI27,IFI27|PJA1,False,,endoplasmic_reticulum;membrane;mitochondrion;nucleus,,False,True,False,True,True,False,False,False,0.18779,CRC,CRC|CRC_GSE146771_Smartseq2_expression_Celltype_majorlineage|Fibroblasts
E3|Q8NG27|Q9BT92,E3|Q8NG27,E3,Q8NG27,Q9BT92,PJA1,TCHP,RING,0,neg2x_initial_degree_matched,,PJA1,TCHP,PJA1|TCHP,False,,cell_junction;cytoplasm;cytoskeleton;membrane;mitochondrion;plasma_membrane,,False,True,False,True,True,False,False,False,0.19884,LIHC,LIHC|LIHC_GSE98638_expression_Celltype_majorlineage|CD8T
E3|Q8NG27|Q9NV92,E3|Q8NG27,E3,Q8NG27,Q9NV92,PJA1,NDFIP2,RING,0,neg2x_initial_degree_matched,,PJA1,NDFIP2,NDFIP2|PJA1,False,,endosome;golgi;membrane,,False,True,False,True,True,False,False,False,0.18706,CRC,CRC|CRC_GSE146771_Smartseq2_expression_Celltype_majorlineage|Fibroblasts
E3|Q8NG27|O96017,E3|Q8NG27,E3,Q8NG27,O96017,PJA1,CHEK2,RING,0,neg2x_initial_degree_matched,,PJA1,CHEK2,CHEK2|PJA1,False,,nucleus,,False,True,False,True,True,False,False,False,0.14107,LIHC,LIHC|LIHC_GSE98638_expression_Celltype_majorlineage|Tprolif
E3|Q8NG27|P47989,E3|Q8NG27,E3,Q8NG27,P47989,PJA1,XDH,RING,0,neg2x_initial_degree_matched,,PJA1,XDH,PJA1|XDH,False,,cytoplasm;extracellular;peroxisome,,False,True,False,True,True,False,False,False,0.05386,CRC,CRC|CRC_GSE166555_expression_Celltype_majorlineage|Malignant
E3|Q8NG27|Q8NFD5,E3|Q8NG27,E3,Q8NG27,Q8NFD5,PJA1,ARID1B,RING,0,neg2x_initial_degree_matched,,PJA1,ARID1B,ARID1B|PJA1,False,,nucleus,,False,True,False,True,True,False,False,False,0.19884,LIHC,LIHC|LIHC_GSE98638_expression_Celltype_majorlineage|CD8T
E3|Q8NG27|Q9HBA0,E3|Q8NG27,E3,Q8NG27,Q9HBA0,PJA1,TRPV4,RING,0,neg2x_initial_degree_matched,,PJA1,TRPV4,PJA1|TRPV4,False,,cell_junction;endoplasmic_reticulum;membrane;plasma_membrane,,False,True,False,True,True,False,False,False,0.08385,LIHC,LIHC|LIHC_GSE166635_expression_Celltype_majorlineage|Malignant
E3|Q8NG27|P56817,E3|Q8NG27,E3,Q8NG27,P56817,PJA1,BACE1,RING,0,neg2x_initial_degree_matched,,PJA1,BACE1,BACE1|PJA1,False,,cytoplasm;endoplasmic_reticulum;endosome;golgi;lysosome;membrane;plasma_membrane;vesicle,,False,True,False,True,True,False,False,False,0.13522,CRC,CRC|CRC_GSE146771_Smartseq2_expression_Celltype_majorlineage|Fibroblasts
E3|Q8NG27|O00308,E3|Q8NG27,E3,Q8NG27,O00308,PJA1,WWP2,RING,0,neg2x_initial_degree_matched,,PJA1,WWP2,PJA1|WWP2,False,,nucleus,,False,True,False,True,True,False,False,False,0.19884,LIHC,LIHC|LIHC_GSE98638_expression_Celltype_majorlineage|CD8T
E3|Q8NG27|Q9UBN4,E3|Q8NG27,E3,Q8NG27,Q9UBN4,PJA1,TRPC4,RING,0,neg2x_initial_degree_matched,,PJA1,TRPC4,PJA1|TRPC4,False,,membrane;plasma_membrane,,False,True,False,True,True,False,False,False,0.18141,CRC,CRC|CRC_GSE146771_Smartseq2_expression_Celltype_majorlineage|Fibroblasts
E3|Q8NG27|P13051,E3|Q8NG27,E3,Q8NG27,P13051,PJA1,UNG,RING,0,neg2x_initial_degree_matched,,PJA1,UNG,PJA1|UNG,False,,mitochondrion;nucleus,,False,True,False,True,True,False,False,False,0.19871,LIHC,LIHC|LIHC_GSE98638_expression_Celltype_majorlineage|CD8T
E3|Q8NHM5|Q04912,E3|Q8NHM5,E3,Q8NHM5,Q04912,KDM2B,MST1R,SINGLE_OTHER,0,neg2x_initial_degree_matched,,KDM2B,MST1R,KDM2B|MST1R,False,nucleus,membrane,,True,True,False,True,True,False,False,False,0.08691,CRC,CRC|CRC_GSE146771_Smartseq2_expression_Celltype_majorlineage|Endothelial
E3|Q8NHM5|Q15386,E3|Q8NHM5,E3,Q8NHM5,Q15386,KDM2B,UBE3C,SINGLE_OTHER,0,neg2x_initial_degree_matched,,KDM2B,UBE3C,KDM2B|UBE3C,False,nucleus,,,True,False,False,True,True,False,False,False,0.21466,LIHC,LIHC|LIHC_GSE98638_expression_Celltype_majorlineage|CD8Tex
E3|Q8NHM5|P52333,E3|Q8NHM5,E3,Q8NHM5,P52333,KDM2B,JAK3,SINGLE_OTHER,0,neg2x_initial_degree_matched,,KDM2B,JAK3,JAK3|KDM2B,False,nucleus,cytoplasm;membrane,,True,True,False,True,True,False,False,False,0.32054,LIHC,LIHC|LIHC_GSE98638_expression_Celltype_majorlineage|Treg
E3|Q8NHY2|Q8N907,E3|Q8NHY2,E3,Q8NHY2,Q8N907,COP1,DAND5,Other,0,neg2x_initial_degree_matched,,COP1,DAND5,COP1|DAND5,False,cytoplasm;nucleus,extracellular;mitochondrion,,True,True,False,True,True,False,False,False,0.01682,CRC,CRC|CRC_GSE166555_expression_Celltype_majorlineage|Endothelial
E3|Q8NHY2|Q15465,E3|Q8NHY2,E3,Q8NHY2,Q15465,COP1,SHH,Other,0,neg2x_initial_degree_matched,,COP1,SHH,COP1|SHH,False,cytoplasm;nucleus,endoplasmic_reticulum;extracellular;golgi;membrane;plasma_membrane,,True,True,False,True,True,False,False,False,0.03324,LIHC,LIHC|LIHC_GSE146115_expression_Celltype_majorlineage|Malignant
E3|Q8NHY2|Q9UNE0,E3|Q8NHY2,E3,Q8NHY2,Q9UNE0,COP1,EDAR,Other,0,neg2x_initial_degree_matched,,COP1,EDAR,COP1|EDAR,False,cytoplasm;nucleus,membrane,,True,True,False,True,True,False,False,False,0.04113,CRC,CRC|CRC_GSE108989_expression_Celltype_majorlineage|CD4Tconv
E3|Q8NHY2|Q9P055,E3|Q8NHY2,E3,Q8NHY2,Q9P055,COP1,JKAMP,Other,0,neg2x_initial_degree_matched,,COP1,JKAMP,COP1|JKAMP,False,cytoplasm;nucleus,endoplasmic_reticulum;membrane,,True,True,False,True,True,False,False,False,0.22872,LIHC,LIHC|LIHC_GSE98638_expression_Celltype_majorlineage|Tprolif
E3|Q8NHY2|O60858,E3|Q8NHY2,E3,Q8NHY2,O60858,COP1,TRIM13,Other,0,neg2x_initial_degree_matched,,COP1,TRIM13,COP1|TRIM13,False,cytoplasm;nucleus,endoplasmic_reticulum;membrane,,True,True,False,True,True,False,False,False,0.22872,LIHC,LIHC|LIHC_GSE98638_expression_Celltype_majorlineage|Tprolif
E3|Q8NHY2|Q9H4P4,E3|Q8NHY2,E3,Q8NHY2,Q9H4P4,COP1,RNF41,Other,0,neg2x_initial_degree_matched,,COP1,RNF41,COP1|RNF41,False,cytoplasm;nucleus,,,True,False,False,True,True,False,False,False,0.22872,LIHC,LIHC|LIHC_GSE98638_expression_Celltype_majorlineage|Tprolif
E3|Q8NHY2|Q8NHL6,E3|Q8NHY2,E3,Q8NHY2,Q8NHL6,COP1,LILRB1,Other,0,neg2x_initial_degree_matched,,COP1,LILRB1,COP1|LILRB1,False,cytoplasm;nucleus,extracellular;membrane;plasma_membrane,,True,True,False,True,True,False,False,False,0.20936,CRC,CRC|CRC_GSE166555_expression_Celltype_majorlineage|Mono/Macro
E3|Q8NHY2|Q9Y6W8,E3|Q8NHY2,E3,Q8NHY2,Q9Y6W8,COP1,ICOS,Other,0,neg2x_initial_degree_matched,,COP1,ICOS,COP1|ICOS,False,cytoplasm;nucleus,extracellular;membrane;plasma_membrane,,True,True,False,True,True,False,False,False,0.22872,LIHC,LIHC|LIHC_GSE98638_expression_Celltype_majorlineage|Tprolif
E3|Q8NHY2|Q8N8V4,E3|Q8NHY2,E3,Q8NHY2,Q8N8V4,COP1,ANKS4B,Other,0,neg2x_initial_degree_matched,,COP1,ANKS4B,ANKS4B|COP1,False,cytoplasm;nucleus,endoplasmic_reticulum,,True,True,False,True,True,False,False,False,0.16917,CRC,CRC|CRC_GSE166555_expression_Celltype_majorlineage|Malignant
E3|Q8NHY2|Q9NZ52,E3|Q8NHY2,E3,Q8NHY2,Q9NZ52,COP1,GGA3,Other,0,neg2x_initial_degree_matched,,COP1,GGA3,COP1|GGA3,False,cytoplasm;nucleus,endosome;golgi;membrane,,True,True,False,True,True,False,False,False,0.22821,CRC,CRC|CRC_GSE108989_expression_Celltype_majorlineage|Tprolif
E3|Q8NHY2|Q969V5,E3|Q8NHY2,E3,Q8NHY2,Q969V5,COP1,MUL1,Other,0,neg2x_initial_degree_matched,,COP1,MUL1,COP1|MUL1,False,cytoplasm;nucleus,membrane;mitochondrion;peroxisome,,True,True,False,True,True,False,False,False,0.21366,CRC,CRC|CRC_GSE108989_expression_Celltype_majorlineage|Tprolif
E3|Q8NHY2|O43521,E3|Q8NHY2,E3,Q8NHY2,O43521,COP1,BCL2L11,Other,0,neg2x_initial_degree_matched,,COP1,BCL2L11,BCL2L11|COP1,False,cytoplasm;nucleus,membrane;mitochondrion,,True,True,False,True,True,False,False,False,0.45106,LIHC,LIHC|LIHC_GSE179795_expression_Celltype_majorlineage|Mono/Macro
E3|Q8NHY2|P02765,E3|Q8NHY2,E3,Q8NHY2,P02765,COP1,AHSG,Other,0,neg2x_initial_degree_matched,,COP1,AHSG,AHSG|COP1,False,cytoplasm;nucleus,extracellular,,True,True,False,True,True,False,False,False,0.18878,LIHC,LIHC|LIHC_GSE146115_expression_Celltype_majorlineage|Malignant
E3|Q8NHY2|P01880,E3|Q8NHY2,E3,Q8NHY2,P01880,COP1,IGHD,Other,0,neg2x_initial_degree_matched,,COP1,IGHD,COP1|IGHD,False,cytoplasm;nucleus,extracellular;membrane;plasma_membrane,,True,True,False,True,True,False,False,False,0.10167,CRC,CRC|CRC_GSE166555_expression_Celltype_majorlineage|B
E3|Q8NI29|Q8N907,E3|Q8NI29,E3,Q8NI29,Q8N907,FBXO27,DAND5,F-box,0,neg2x_initial_degree_matched,,FBXO27,DAND5,DAND5|FBXO27,False,,extracellular;mitochondrion,,False,True,False,True,True,False,False,False,0.01018,LIHC,LIHC|LIHC_GSE146115_expression_Celltype_majorlineage|B
E3|Q8NI29|Q9Y2K6,E3|Q8NI29,E3,Q8NI29,Q9Y2K6,FBXO27,USP20,F-box,0,neg2x_initial_degree_matched,,FBXO27,USP20,FBXO27|USP20,False,,cytoplasm;cytoskeleton;endoplasmic_reticulum,,False,True,False,True,True,False,False,False,0.1474,LIHC,LIHC|LIHC_GSE140228_Smartseq2_expression_Celltype_majorlineage|ILC
E3|Q8TB52|P10070,E3|Q8TB52,E3,Q8TB52,P10070,FBXO30,GLI2,F-box,0,neg2x_initial_degree_matched,,FBXO30,GLI2,FBXO30|GLI2,False,,cytoplasm;nucleus,,False,True,False,True,True,False,False,False,0.12732,CRC,CRC|CRC_GSE166555_expression_Celltype_majorlineage|Fibroblasts
E3|Q8TB52|Q8NDV7,E3|Q8TB52,E3,Q8TB52,Q8NDV7,FBXO30,TNRC6A,F-box,0,neg2x_initial_degree_matched,,FBXO30,TNRC6A,FBXO30|TNRC6A,False,,cytoplasm,,False,True,False,True,True,False,False,False,0.20046,LIHC,LIHC|LIHC_GSE179795_expression_Celltype_majorlineage|Mono/Macro
E3|Q8TBB1|P19634,E3|Q8TBB1,E3,Q8TBB1,P19634,LNX1,SLC9A1,RING,0,neg2x_initial_degree_matched,,LNX1,SLC9A1,LNX1|SLC9A1,False,cytoplasm,membrane;plasma_membrane,,True,True,False,True,True,False,False,False,0.11051,CRC,CRC|CRC_GSE166555_expression_Celltype_majorlineage|Epithelial
E3|Q8TBB1|P29034,E3|Q8TBB1,E3,Q8TBB1,P29034,LNX1,S100A2,RING,0,neg2x_initial_degree_matched,,LNX1,S100A2,LNX1|S100A2,False,cytoplasm,,,True,False,False,True,True,False,False,False,0.05935,CRC,CRC|CRC_GSE166555_expression_Celltype_majorlineage|Malignant
E3|Q8TBB1|O00548,E3|Q8TBB1,E3,Q8TBB1,O00548,LNX1,DLL1,RING,0,neg2x_initial_degree_matched,,LNX1,DLL1,DLL1|LNX1,False,cytoplasm,cell_junction;membrane;plasma_membrane,,True,True,False,True,True,False,False,False,0.1186,CRC,CRC|CRC_GSE166555_expression_Celltype_majorlineage|Endothelial
E3|Q8TBB1|Q9Y3Z3,E3|Q8TBB1,E3,Q8TBB1,Q9Y3Z3,LNX1,SAMHD1,RING,0,neg2x_initial_degree_matched,,LNX1,SAMHD1,LNX1|SAMHD1,False,cytoplasm,nucleus,,True,True,False,True,True,False,False,False,0.1186,CRC,CRC|CRC_GSE166555_expression_Celltype_majorlineage|Endothelial
E3|Q8TBB1|Q12888,E3|Q8TBB1,E3,Q8TBB1,Q12888,LNX1,TP53BP1,RING,0,neg2x_initial_degree_matched,,LNX1,TP53BP1,LNX1|TP53BP1,False,cytoplasm,nucleus,,True,True,False,True,True,False,False,False,0.1186,CRC,CRC|CRC_GSE166555_expression_Celltype_majorlineage|Endothelial
E3|Q8TBB1|Q8N6M0,E3|Q8TBB1,E3,Q8TBB1,Q8N6M0,LNX1,OTUD6B,RING,0,neg2x_initial_degree_matched,,LNX1,OTUD6B,LNX1|OTUD6B,False,cytoplasm,,,True,False,False,True,True,False,False,False,0.1186,CRC,CRC|CRC_GSE166555_expression_Celltype_majorlineage|Endothelial
E3|Q8TBB1|P16401,E3|Q8TBB1,E3,Q8TBB1,P16401,LNX1,H1-5,RING,0,neg2x_initial_degree_matched,,LNX1,H1-5,H1-5|LNX1,False,cytoplasm,nucleus,,True,True,False,False,False,False,False,False,0.0,CRC,NA
E3|Q8TBB1|Q02539,E3|Q8TBB1,E3,Q8TBB1,Q02539,LNX1,H1-1,RING,0,neg2x_initial_degree_matched,,LNX1,H1-1,H1-1|LNX1,False,cytoplasm,nucleus,,True,True,False,False,False,False,False,False,0.0,CRC,NA
E3|Q8TBB1|P04629,E3|Q8TBB1,E3,Q8TBB1,P04629,LNX1,NTRK1,RING,0,neg2x_initial_degree_matched,,LNX1,NTRK1,LNX1|NTRK1,False,cytoplasm,endosome;membrane;plasma_membrane,,True,True,False,True,True,False,False,False,0.07124,LIHC,LIHC|LIHC_GSE140228_Smartseq2_expression_Celltype_majorlineage|Mast
E3|Q8TBB1|Q96BI1,E3|Q8TBB1,E3,Q8TBB1,Q96BI1,LNX1,SLC22A18,RING,0,neg2x_initial_degree_matched,,LNX1,SLC22A18,LNX1|SLC22A18,False,cytoplasm,membrane;plasma_membrane,,True,True,False,True,True,False,False,False,0.11663,CRC,CRC|CRC_GSE139555_expression_Celltype_majorlineage|Myofibroblasts
E3|Q8TBB1|P08195,E3|Q8TBB1,E3,Q8TBB1,P08195,LNX1,SLC3A2,RING,0,neg2x_initial_degree_matched,,LNX1,SLC3A2,LNX1|SLC3A2,False,cytoplasm,cell_junction;lysosome;membrane;plasma_membrane,,True,True,False,True,True,False,False,False,0.1186,CRC,CRC|CRC_GSE166555_expression_Celltype_majorlineage|Endothelial
E3|Q8TBB1|P13051,E3|Q8TBB1,E3,Q8TBB1,P13051,LNX1,UNG,RING,0,neg2x_initial_degree_matched,,LNX1,UNG,LNX1|UNG,False,cytoplasm,mitochondrion;nucleus,,True,True,False,True,True,False,False,False,0.1186,CRC,CRC|CRC_GSE166555_expression_Celltype_majorlineage|Endothelial
E3|Q8TBB1|P20700,E3|Q8TBB1,E3,Q8TBB1,P20700,LNX1,LMNB1,RING,0,neg2x_initial_degree_matched,,LNX1,LMNB1,LMNB1|LNX1,False,cytoplasm,nucleus,,True,True,False,True,True,False,False,False,0.11663,CRC,CRC|CRC_GSE139555_expression_Celltype_majorlineage|Myofibroblasts
E3|Q8TBB1|Q08AJ9,E3|Q8TBB1,E3,Q8TBB1,Q08AJ9,LNX1,HIST1H2AB,RING,0,neg2x_initial_degree_matched,,LNX1,HIST1H2AB,HIST1H2AB|LNX1,False,cytoplasm,,,True,False,False,True,True,False,False,False,0.0738,CRC,CRC|CRC_GSE146771_Smartseq2_expression_Celltype_majorlineage|Malignant
E3|Q8TCJ0|P60321,E3|Q8TCJ0,E3,Q8TCJ0,P60321,FBXO25,NANOS2,F-box,0,neg2x_initial_degree_matched,,FBXO25,NANOS2,FBXO25|NANOS2,False,nucleus,cytoplasm,,True,True,False,False,False,False,False,False,0.0,CRC,NA
E3|Q8TCJ0|P05976,E3|Q8TCJ0,E3,Q8TCJ0,P05976,FBXO25,MYL1,F-box,0,neg2x_initial_degree_matched,,FBXO25,MYL1,FBXO25|MYL1,False,nucleus,,,True,False,False,True,False,False,False,False,0.00117,CRC,CRC|CRC_GSE108989_expression_Celltype_majorlineage|CD4Tconv
E3|Q8TCJ0|Q13873,E3|Q8TCJ0,E3,Q8TCJ0,Q13873,FBXO25,BMPR2,F-box,0,neg2x_initial_degree_matched,,FBXO25,BMPR2,BMPR2|FBXO25,False,nucleus,membrane;plasma_membrane,,True,True,False,True,True,False,False,False,0.17534,CRC,CRC|CRC_EMTAB8107_expression_Celltype_majorlineage|Endothelial
E3|Q8TCJ0|O15273,E3|Q8TCJ0,E3,Q8TCJ0,O15273,FBXO25,TCAP,F-box,0,neg2x_initial_degree_matched,,FBXO25,TCAP,FBXO25|TCAP,False,nucleus,cytoplasm,,True,True,False,True,True,False,False,False,0.01945,CRC,CRC|CRC_GSE166555_expression_Celltype_majorlineage|Endothelial
E3|Q8TCQ1|Q9HAW4,E3|Q8TCQ1,E3,Q8TCQ1,Q9HAW4,MARCHF1,CLSPN,RING,0,neg2x_initial_degree_matched,,MARCHF1,CLSPN,CLSPN|MARCHF1,False,cytoplasm;endosome;golgi;lysosome;membrane;plasma_membrane;vesicle,nucleus,,True,True,False,False,False,False,False,False,0.0,CRC,NA
E3|Q8TCQ1|Q93077,E3|Q8TCQ1,E3,Q8TCQ1,Q93077,MARCHF1,H2AC6,RING,0,neg2x_initial_degree_matched,,MARCHF1,H2AC6,H2AC6|MARCHF1,False,cytoplasm;endosome;golgi;lysosome;membrane;plasma_membrane;vesicle,nucleus,,True,True,False,False,False,False,False,False,0.0,CRC,NA
E3|Q8TCQ1|Q9HCS4,E3|Q8TCQ1,E3,Q8TCQ1,Q9HCS4,MARCHF1,TCF7L1,RING,0,neg2x_initial_degree_matched,,MARCHF1,TCF7L1,MARCHF1|TCF7L1,False,cytoplasm;endosome;golgi;lysosome;membrane;plasma_membrane;vesicle,nucleus,,True,True,False,False,False,False,False,False,0.0,CRC,NA
E3|Q8TCQ1|Q99714,E3|Q8TCQ1,E3,Q8TCQ1,Q99714,MARCHF1,PTPN5,RING,0,neg2x_initial_degree_matched,,MARCHF1,PTPN5,MARCHF1|PTPN5,False,cytoplasm;endosome;golgi;lysosome;membrane;plasma_membrane;vesicle,mitochondrion,,True,True,False,False,False,False,False,False,0.0,CRC,NA
E3|Q8TCQ1|P62487,E3|Q8TCQ1,E3,Q8TCQ1,P62487,MARCHF1,POLR2G,RING,0,neg2x_initial_degree_matched,,MARCHF1,POLR2G,MARCHF1|POLR2G,False,cytoplasm;endosome;golgi;lysosome;membrane;plasma_membrane;vesicle,nucleus,,True,True,False,False,False,False,False,False,0.0,CRC,NA
E3|Q8TCQ1|P25440,E3|Q8TCQ1,E3,Q8TCQ1,P25440,MARCHF1,BRD2,RING,0,neg2x_initial_degree_matched,,MARCHF1,BRD2,BRD2|MARCHF1,False,cytoplasm;endosome;golgi;lysosome;membrane;plasma_membrane;vesicle,nucleus,,True,True,False,False,False,False,False,False,0.0,CRC,NA
E3|Q8TCQ1|P25490,E3|Q8TCQ1,E3,Q8TCQ1,P25490,MARCHF1,YY1,RING,0,neg2x_initial_degree_matched,,MARCHF1,YY1,MARCHF1|YY1,False,cytoplasm;endosome;golgi;lysosome;membrane;plasma_membrane;vesicle,nucleus,,True,True,False,False,False,False,False,False,0.0,CRC,NA
E3|Q8TCQ1|Q96NT3,E3|Q8TCQ1,E3,Q8TCQ1,Q96NT3,MARCHF1,GUCD1,RING,0,neg2x_initial_degree_matched,,MARCHF1,GUCD1,GUCD1|MARCHF1,False,cytoplasm;endosome;golgi;lysosome;membrane;plasma_membrane;vesicle,,,True,False,False,False,False,False,False,False,0.0,CRC,NA
E3|Q8TCQ1|P26927,E3|Q8TCQ1,E3,Q8TCQ1,P26927,MARCHF1,MST1,RING,0,neg2x_initial_degree_matched,,MARCHF1,MST1,MARCHF1|MST1,False,cytoplasm;endosome;golgi;lysosome;membrane;plasma_membrane;vesicle,extracellular,,True,True,False,False,False,False,False,False,0.0,CRC,NA
E3|Q8TCQ1|P33993,E3|Q8TCQ1,E3,Q8TCQ1,P33993,MARCHF1,MCM7,RING,0,neg2x_initial_degree_matched,,MARCHF1,MCM7,MARCHF1|MCM7,False,cytoplasm;endosome;golgi;lysosome;membrane;plasma_membrane;vesicle,nucleus,,True,True,False,False,False,False,False,False,0.0,CRC,NA
E3|Q8TCQ1|Q92918,E3|Q8TCQ1,E3,Q8TCQ1,Q92918,MARCHF1,MAP4K1,RING,0,neg2x_initial_degree_matched,,MARCHF1,MAP4K1,MAP4K1|MARCHF1,False,cytoplasm;endosome;golgi;lysosome;membrane;plasma_membrane;vesicle,,,True,False,False,False,False,False,False,False,0.0,CRC,NA
E3|Q8TE67|P48048,E3|Q8TE67,E3,Q8TE67,P48048,EPS8L3,KCNJ1,Other,0,neg2x_initial_degree_matched,,EPS8L3,KCNJ1,EPS8L3|KCNJ1,False,cytoplasm,membrane;plasma_membrane,,True,True,False,True,True,False,False,False,0.00368,LIHC,LIHC|LIHC_GSE166635_expression_Celltype_majorlineage|B
E3|Q8TEB1|P19429,E3|Q8TEB1,E3,Q8TEB1,P19429,DCAF11,TNNI3,DWD,0,neg2x_initial_degree_matched,,DCAF11,TNNI3,DCAF11|TNNI3,False,,,,False,False,False,True,True,False,False,False,0.12567,CRC,CRC|CRC_EMTAB8107_expression_Celltype_majorlineage|Malignant
E3|Q8TEB1|P30305,E3|Q8TEB1,E3,Q8TEB1,P30305,DCAF11,CDC25B,DWD,0,neg2x_initial_degree_matched,,DCAF11,CDC25B,CDC25B|DCAF11,False,,cytoplasm;cytoskeleton,,False,True,False,True,True,False,False,False,0.55145,CRC,CRC|CRC_GSE108989_expression_Celltype_majorlineage|Tprolif
E3|Q8TEB1|Q9BXC9,E3|Q8TEB1,E3,Q8TEB1,Q9BXC9,DCAF11,BBS2,DWD,0,neg2x_initial_degree_matched,,DCAF11,BBS2,BBS2|DCAF11,False,,cytoplasm;cytoskeleton;membrane,,False,True,False,True,True,False,False,False,0.3646,LIHC,LIHC|LIHC_GSE98638_expression_Celltype_majorlineage|CD8T
E3|Q8TEB1|P43357,E3|Q8TEB1,E3,Q8TEB1,P43357,DCAF11,MAGEA3,DWD,0,neg2x_initial_degree_matched,,DCAF11,MAGEA3,DCAF11|MAGEA3,False,,,,False,False,False,True,True,False,False,False,0.009,LIHC,LIHC|LIHC_GSE98638_expression_Celltype_majorlineage|CD8Tex
E3|Q8TEB1|P08034,E3|Q8TEB1,E3,Q8TEB1,P08034,DCAF11,GJB1,DWD,0,neg2x_initial_degree_matched,,DCAF11,GJB1,DCAF11|GJB1,False,,cell_junction;membrane;plasma_membrane,,False,True,False,True,True,False,False,False,0.38215,LIHC,LIHC|LIHC_GSE146409_expression_Celltype_majorlineage|Hepatocytes
E3|Q8TEB1|O00303,E3|Q8TEB1,E3,Q8TEB1,O00303,DCAF11,EIF3F,DWD,0,neg2x_initial_degree_matched,,DCAF11,EIF3F,DCAF11|EIF3F,False,,cytoplasm,,False,True,False,True,True,False,False,False,0.56505,LIHC,LIHC|LIHC_GSE98638_expression_Celltype_majorlineage|Tprolif
E3|Q8TEB1|Q16342,E3|Q8TEB1,E3,Q8TEB1,Q16342,DCAF11,PDCD2,DWD,0,neg2x_initial_degree_matched,,DCAF11,PDCD2,DCAF11|PDCD2,False,,nucleus,,False,True,False,True,True,False,False,False,0.36287,LIHC,LIHC|LIHC_GSE98638_expression_Celltype_majorlineage|Tprolif
E3|Q8TEB1|O15145,E3|Q8TEB1,E3,Q8TEB1,O15145,DCAF11,ARPC3,DWD,0,neg2x_initial_degree_matched,,DCAF11,ARPC3,ARPC3|DCAF11,False,,cytoplasm;cytoskeleton;nucleus,,False,True,False,True,True,False,False,False,0.69627,LIHC,LIHC|LIHC_GSE98638_expression_Celltype_majorlineage|Tprolif
E3|Q8TEB7|Q86T82,E3|Q8TEB7,E3,Q8TEB7,Q86T82,RNF128,USP37,RING,0,neg2x_initial_degree_matched,,RNF128,USP37,RNF128|USP37,False,cytoplasm;cytoskeleton;endoplasmic_reticulum;endosome;golgi;membrane,nucleus,,True,True,False,True,True,False,False,False,0.12029,CRC,CRC|CRC_GSE166555_expression_Celltype_majorlineage|Malignant
E3|Q8TEB7|O60934,E3|Q8TEB7,E3,Q8TEB7,O60934,RNF128,NBN,RING,0,neg2x_initial_degree_matched,,RNF128,NBN,NBN|RNF128,False,cytoplasm;cytoskeleton;endoplasmic_reticulum;endosome;golgi;membrane,nucleus,,True,True,False,True,True,False,False,False,0.35466,LIHC,LIHC|LIHC_GSE166635_expression_Celltype_majorlineage|Malignant
E3|Q8TEB7|Q00059,E3|Q8TEB7,E3,Q8TEB7,Q00059,RNF128,TFAM,RING,0,neg2x_initial_degree_matched,,RNF128,TFAM,RNF128|TFAM,False,cytoplasm;cytoskeleton;endoplasmic_reticulum;endosome;golgi;membrane,mitochondrion,,True,True,False,True,True,False,False,False,0.32599,LIHC,LIHC|LIHC_GSE166635_expression_Celltype_majorlineage|Malignant
E3|Q8TEB7|C9JYI4,E3|Q8TEB7,E3,Q8TEB7,C9JYI4,RNF128,KPNA1,RING,0,neg2x_initial_degree_matched,,RNF128,KPNA1,KPNA1|RNF128,False,cytoplasm;cytoskeleton;endoplasmic_reticulum;endosome;golgi;membrane,,,True,False,False,True,True,False,False,False,0.27067,LIHC,LIHC|LIHC_GSE146115_expression_Celltype_majorlineage|Malignant
E3|Q8TEB7|Q16342,E3|Q8TEB7,E3,Q8TEB7,Q16342,RNF128,PDCD2,RING,0,neg2x_initial_degree_matched,,RNF128,PDCD2,PDCD2|RNF128,False,cytoplasm;cytoskeleton;endoplasmic_reticulum;endosome;golgi;membrane,nucleus,,True,True,False,True,True,False,False,False,0.21879,CRC,CRC|CRC_EMTAB8107_expression_Celltype_majorlineage|Malignant
E3|Q8TEL6|P01732,E3|Q8TEL6,E3,Q8TEL6,P01732,TRPC4AP,CD8A,RING,0,neg2x_initial_degree_matched,,TRPC4AP,CD8A,CD8A|TRPC4AP,False,cytoplasm,extracellular;membrane;plasma_membrane,,True,True,False,True,True,False,False,False,0.73874,LIHC,LIHC|LIHC_GSE98638_expression_Celltype_majorlineage|Tprolif
E3|Q8TEL6|Q9HAW4,E3|Q8TEL6,E3,Q8TEL6,Q9HAW4,TRPC4AP,CLSPN,RING,0,neg2x_initial_degree_matched,,TRPC4AP,CLSPN,CLSPN|TRPC4AP,False,cytoplasm,nucleus,,True,True,False,True,True,False,False,False,0.68378,LIHC,LIHC|LIHC_GSE98638_expression_Celltype_majorlineage|Tprolif
E3|Q8TEL6|P04908,E3|Q8TEL6,E3,Q8TEL6,P04908,TRPC4AP,H2AC4,RING,0,neg2x_initial_degree_matched,,TRPC4AP,H2AC4,H2AC4|TRPC4AP,False,cytoplasm,nucleus,,True,True,False,False,False,False,False,False,0.0,CRC,NA
E3|Q8TEL6|Q15726,E3|Q8TEL6,E3,Q8TEL6,Q15726,TRPC4AP,KISS1,RING,0,neg2x_initial_degree_matched,,TRPC4AP,KISS1,KISS1|TRPC4AP,False,cytoplasm,extracellular,,True,True,False,True,True,False,False,False,0.0462,CRC,CRC|CRC_EMTAB8107_expression_Celltype_majorlineage|Malignant
E3|Q8WU17|P17844,E3|Q8WU17,E3,Q8WU17,P17844,RNF139,DDX5,RING,0,neg2x_initial_degree_matched,,RNF139,DDX5,DDX5|RNF139,False,endoplasmic_reticulum;membrane,cytoplasm;nucleus,,True,True,False,True,True,False,False,False,0.62577,CRC,CRC|CRC_GSE166555_expression_Celltype_majorlineage|CD8T
E3|Q8WU17|P30838,E3|Q8WU17,E3,Q8WU17,P30838,RNF139,ALDH3A1,RING,0,neg2x_initial_degree_matched,,RNF139,ALDH3A1,ALDH3A1|RNF139,False,endoplasmic_reticulum;membrane,cytoplasm,,True,True,False,True,True,False,False,False,0.10373,LIHC,LIHC|LIHC_GSE166635_expression_Celltype_majorlineage|Malignant
E3|Q8WU17|P43268,E3|Q8WU17,E3,Q8WU17,P43268,RNF139,ETV4,RING,0,neg2x_initial_degree_matched,,RNF139,ETV4,ETV4|RNF139,False,endoplasmic_reticulum;membrane,nucleus,,True,True,False,True,True,False,False,False,0.15117,LIHC,LIHC|LIHC_GSE166635_expression_Celltype_majorlineage|Malignant
E3|Q8WV16|O14763,E3|Q8WV16,E3,Q8WV16,O14763,DCAF4,TNFRSF10B,DWD,0,neg2x_initial_degree_matched,,DCAF4,TNFRSF10B,DCAF4|TNFRSF10B,False,,membrane,,False,True,False,True,True,False,False,False,0.18637,LIHC,LIHC|LIHC_GSE179795_expression_Celltype_majorlineage|Mono/Macro
E3|Q8WV16|O95863,E3|Q8WV16,E3,Q8WV16,O95863,DCAF4,SNAI1,DWD,0,neg2x_initial_degree_matched,,DCAF4,SNAI1,DCAF4|SNAI1,False,,cytoplasm;nucleus,,False,True,False,True,True,False,False,False,0.08194,CRC,CRC|CRC_GSE139555_expression_Celltype_majorlineage|Myofibroblasts
E3|Q8WV16|P51825,E3|Q8WV16,E3,Q8WV16,P51825,DCAF4,AFF1,DWD,0,neg2x_initial_degree_matched,,DCAF4,AFF1,AFF1|DCAF4,False,,nucleus,,False,True,False,True,True,False,False,False,0.18637,LIHC,LIHC|LIHC_GSE179795_expression_Celltype_majorlineage|Mono/Macro
E3|Q8WV16|P04908,E3|Q8WV16,E3,Q8WV16,P04908,DCAF4,H2AC4,DWD,0,neg2x_initial_degree_matched,,DCAF4,H2AC4,DCAF4|H2AC4,False,,nucleus,,False,True,False,False,False,False,False,False,0.0,CRC,NA
E3|Q8WV44|P55211,E3|Q8WV44,E3,Q8WV44,P55211,TRIM41,CASP9,RING,0,neg2x_initial_degree_matched,,TRIM41,CASP9,CASP9|TRIM41,False,cytoplasm;nucleus,,,True,False,False,True,True,False,False,False,0.10179,LIHC,LIHC|LIHC_GSE98638_expression_Celltype_majorlineage|Others
E3|Q8WVD3|P01920,E3|Q8WVD3,E3,Q8WVD3,P01920,RNF138,HLA-DQB1,RING,0,neg2x_initial_degree_matched,,RNF138,HLA-DQB1,HLA-DQB1|RNF138,False,nucleus,endoplasmic_reticulum;endosome;golgi;lysosome;membrane;plasma_membrane,,True,True,False,True,True,False,False,False,0.56946,LIHC,LIHC|LIHC_GSE140228_Smartseq2_expression_Celltype_majorlineage|Tprolif
E3|Q8WVD3|Q96C92,E3|Q8WVD3,E3,Q8WVD3,Q96C92,RNF138,ENTR1,RING,0,neg2x_initial_degree_matched,,RNF138,ENTR1,ENTR1|RNF138,False,nucleus,cytoplasm;cytoskeleton;endosome,,True,True,False,True,True,False,False,False,0.19617,CRC,CRC|CRC_GSE166555_expression_Celltype_majorlineage|Endothelial
E3|Q8WVD3|P01023,E3|Q8WVD3,E3,Q8WVD3,P01023,RNF138,A2M,RING,0,neg2x_initial_degree_matched,,RNF138,A2M,A2M|RNF138,False,nucleus,extracellular,,True,True,False,True,True,False,False,False,0.44427,CRC,CRC|CRC_GSE108989_expression_Celltype_majorlineage|CD8T
E3|Q8WVD3|Q9ULJ7,E3|Q8WVD3,E3,Q8WVD3,Q9ULJ7,RNF138,ANKRD50,RING,0,neg2x_initial_degree_matched,,RNF138,ANKRD50,ANKRD50|RNF138,False,nucleus,endosome,,True,True,False,True,True,False,False,False,0.21101,CRC,CRC|CRC_GSE166555_expression_Celltype_majorlineage|Endothelial
E3|Q8WVD3|P36888,E3|Q8WVD3,E3,Q8WVD3,P36888,RNF138,FLT3,RING,0,neg2x_initial_degree_matched,,RNF138,FLT3,FLT3|RNF138,False,nucleus,endoplasmic_reticulum;membrane;plasma_membrane,,True,True,False,True,True,False,False,False,0.36031,LIHC,LIHC|LIHC_GSE140228_Smartseq2_expression_Celltype_majorlineage|ILC
E3|Q8WVD3|Q9NR28,E3|Q8WVD3,E3,Q8WVD3,Q9NR28,RNF138,DIABLO,RING,0,neg2x_initial_degree_matched,,RNF138,DIABLO,DIABLO|RNF138,False,nucleus,cytoplasm;mitochondrion,,True,True,False,True,True,False,False,False,0.52532,CRC,CRC|CRC_GSE146771_Smartseq2_expression_Celltype_majorlineage|Tprolif
E3|Q8WVD3|Q13635,E3|Q8WVD3,E3,Q8WVD3,Q13635,RNF138,PTCH1,RING,0,neg2x_initial_degree_matched,,RNF138,PTCH1,PTCH1|RNF138,False,nucleus,membrane;plasma_membrane,,True,True,False,True,True,False,False,False,0.21227,CRC,CRC|CRC_GSE146771_Smartseq2_expression_Celltype_majorlineage|CD8T
E3|Q8WXH4|O95630,E3|Q8WXH4,E3,Q8WXH4,O95630,ASB11,STAMBP,SOCS_VHL_BC-box,0,neg2x_initial_degree_matched,,ASB11,STAMBP,ASB11|STAMBP,False,endoplasmic_reticulum,cytoplasm;endosome;membrane;nucleus,,True,True,False,True,True,False,False,False,0.08137,LIHC,LIHC|LIHC_GSE146115_expression_Celltype_majorlineage|CD8T
E3|Q8WXH4|P03956,E3|Q8WXH4,E3,Q8WXH4,P03956,ASB11,MMP1,SOCS_VHL_BC-box,0,neg2x_initial_degree_matched,,ASB11,MMP1,ASB11|MMP1,False,endoplasmic_reticulum,extracellular,,True,True,False,True,True,False,False,False,0.00253,CRC,CRC|CRC_EMTAB8107_expression_Celltype_majorlineage|Endothelial
E3|Q8WXH4|Q7Z6J0,E3|Q8WXH4,E3,Q8WXH4,Q7Z6J0,ASB11,SH3RF1,SOCS_VHL_BC-box,0,neg2x_initial_degree_matched,,ASB11,SH3RF1,ASB11|SH3RF1,False,endoplasmic_reticulum,cytoplasm;golgi,,True,True,False,True,True,False,False,False,0.04904,LIHC,LIHC|LIHC_GSE146115_expression_Celltype_majorlineage|Malignant
E3|Q8WXH4|P98170,E3|Q8WXH4,E3,Q8WXH4,P98170,ASB11,XIAP,SOCS_VHL_BC-box,0,neg2x_initial_degree_matched,,ASB11,XIAP,ASB11|XIAP,False,endoplasmic_reticulum,cytoplasm;nucleus,,True,True,False,True,True,False,False,False,0.08137,LIHC,LIHC|LIHC_GSE146115_expression_Celltype_majorlineage|CD8T
E3|Q8WXH5|Q07812,E3|Q8WXH5,E3,Q8WXH5,Q07812,SOCS4,BAX,SOCS_VHL_BC-box,0,neg2x_initial_degree_matched,,SOCS4,BAX,BAX|SOCS4,False,,cytoplasm;membrane;mitochondrion;nucleus,,False,True,False,True,True,False,False,False,0.36902,CRC,CRC|CRC_GSE166555_expression_Celltype_majorlineage|Tprolif
E3|Q8WXH5|Q9C026,E3|Q8WXH5,E3,Q8WXH5,Q9C026,SOCS4,TRIM9,SOCS_VHL_BC-box,0,neg2x_initial_degree_matched,,SOCS4,TRIM9,SOCS4|TRIM9,False,,cytoplasm;cytoskeleton;vesicle,,False,True,False,True,True,False,False,False,0.06616,CRC,CRC|CRC_EMTAB8107_expression_Celltype_majorlineage|Enteric glial
E3|Q8WY64|Q9H8M7,E3|Q8WY64,E3,Q8WY64,Q9H8M7,MYLIP,FAM188A,RING,0,neg2x_initial_degree_matched,,MYLIP,FAM188A,FAM188A|MYLIP,False,cytoplasm;membrane;plasma_membrane,nucleus,,True,True,False,True,True,False,False,False,0.13673,LIHC,LIHC|LIHC_GSE166635_expression_Celltype_majorlineage|Endothelial
E3|Q8WY64|Q9UBR4,E3|Q8WY64,E3,Q8WY64,Q9UBR4,MYLIP,LHX3,RING,0,neg2x_initial_degree_matched,,MYLIP,LHX3,LHX3|MYLIP,False,cytoplasm;membrane;plasma_membrane,nucleus,,True,True,False,True,False,False,False,False,0.00039,CRC,CRC|CRC_GSE108989_expression_Celltype_majorlineage|CD8T
E3|Q8WY64|Q9UHV7,E3|Q8WY64,E3,Q8WY64,Q9UHV7,MYLIP,MED13,RING,0,neg2x_initial_degree_matched,,MYLIP,MED13,MED13|MYLIP,False,cytoplasm;membrane;plasma_membrane,nucleus,,True,True,False,True,True,False,False,False,0.52772,CRC,CRC|CRC_GSE166555_expression_Celltype_majorlineage|Endothelial
E3|Q8WY64|Q9H4L7,E3|Q8WY64,E3,Q8WY64,Q9H4L7,MYLIP,SMARCAD1,RING,0,neg2x_initial_degree_matched,,MYLIP,SMARCAD1,MYLIP|SMARCAD1,False,cytoplasm;membrane;plasma_membrane,nucleus,,True,True,False,True,True,False,False,False,0.31817,LIHC,LIHC|LIHC_GSE140228_Smartseq2_expression_Celltype_majorlineage|Mast
E3|Q8WZ19|P08138,E3|Q8WZ19,E3,Q8WZ19,P08138,KCTD13,NGFR,BTB_OTHER,0,neg2x_initial_degree_matched,,KCTD13,NGFR,KCTD13|NGFR,False,nucleus,cytoplasm;membrane;plasma_membrane,,True,True,False,True,True,False,False,False,0.06785,CRC,CRC|CRC_GSE146771_Smartseq2_expression_Celltype_majorlineage|Fibroblasts
E3|Q8WZ60|Q13873,E3|Q8WZ60,E3,Q8WZ60,Q13873,KLHL6,BMPR2,BTB_3,0,neg2x_initial_degree_matched,,KLHL6,BMPR2,BMPR2|KLHL6,False,,membrane;plasma_membrane,,False,True,False,True,True,False,False,False,0.2358,CRC,CRC|CRC_GSE166555_expression_Celltype_majorlineage|Mono/Macro
E3|Q8WZ60|P56817,E3|Q8WZ60,E3,Q8WZ60,P56817,KLHL6,BACE1,BTB_3,0,neg2x_initial_degree_matched,,KLHL6,BACE1,BACE1|KLHL6,False,,cytoplasm;endoplasmic_reticulum;endosome;golgi;lysosome;membrane;plasma_membrane;vesicle,,False,True,False,True,True,False,False,False,0.16943,LIHC,LIHC|LIHC_GSE146115_expression_Celltype_majorlineage|Mono/Macro
E3|Q8WZ60|Q96RU7,E3|Q8WZ60,E3,Q8WZ60,Q96RU7,KLHL6,TRIB3,BTB_3,0,neg2x_initial_degree_matched,,KLHL6,TRIB3,KLHL6|TRIB3,False,,nucleus,,False,True,False,True,True,False,False,False,0.14962,CRC,CRC|CRC_GSE108989_expression_Celltype_majorlineage|Tprolif
E3|Q8WZ60|Q8WY41,E3|Q8WZ60,E3,Q8WZ60,Q8WY41,KLHL6,NANOS1,BTB_3,0,neg2x_initial_degree_matched,,KLHL6,NANOS1,KLHL6|NANOS1,False,,cytoplasm,,False,True,False,True,True,False,False,False,0.06207,LIHC,LIHC|LIHC_GSE146115_expression_Celltype_majorlineage|Mono/Macro
E3|Q8WZ73|Q04725,E3|Q8WZ73,E3,Q8WZ73,Q04725,RFFL,TLE2,RING,0,neg2x_initial_degree_matched,,RFFL,TLE2,RFFL|TLE2,False,cytoplasm;endosome;membrane;plasma_membrane,nucleus,,True,True,False,True,True,False,False,False,0.07996,CRC,CRC|CRC_GSE146771_Smartseq2_expression_Celltype_majorlineage|Malignant
E3|Q8WZ73|B3EWF7,E3|Q8WZ73,E3,Q8WZ73,B3EWF7,RFFL,EPM2A,RING,0,neg2x_initial_degree_matched,,RFFL,EPM2A,EPM2A|RFFL,False,cytoplasm;endosome;membrane;plasma_membrane,nucleus,,True,True,False,True,True,False,False,False,0.04789,LIHC,LIHC|LIHC_GSE179795_expression_Celltype_majorlineage|Mono/Macro
E3|Q8WZ73|Q969R5,E3|Q8WZ73,E3,Q8WZ73,Q969R5,RFFL,L3MBTL2,RING,0,neg2x_initial_degree_matched,,RFFL,L3MBTL2,L3MBTL2|RFFL,False,cytoplasm;endosome;membrane;plasma_membrane,nucleus,,True,True,False,True,True,False,False,False,0.34764,CRC,CRC|CRC_GSE108989_expression_Celltype_majorlineage|Tprolif
E3|Q92466|P43403,E3|Q92466,E3,Q92466,P43403,DDB2,ZAP70,DWD,0,neg2x_initial_degree_matched,,DDB2,ZAP70,DDB2|ZAP70,False,nucleus,cytoplasm;cytoskeleton;membrane;plasma_membrane,,True,True,False,True,True,False,False,False,0.77541,LIHC,LIHC|LIHC_GSE98638_expression_Celltype_majorlineage|Tprolif
E3|Q92466|Q15388,E3|Q92466,E3,Q92466,Q15388,DDB2,TOMM20,DWD,0,neg2x_initial_degree_matched,,DDB2,TOMM20,DDB2|TOMM20,False,nucleus,membrane;mitochondrion,,True,True,False,True,True,False,False,False,0.47122,LIHC,LIHC|LIHC_GSE140228_Smartseq2_expression_Celltype_majorlineage|Tprolif
E3|Q92466|O14974,E3|Q92466,E3,Q92466,O14974,DDB2,PPP1R12A,DWD,0,neg2x_initial_degree_matched,,DDB2,PPP1R12A,DDB2|PPP1R12A,False,nucleus,cytoplasm;cytoskeleton,,True,True,False,True,True,False,False,False,0.77541,LIHC,LIHC|LIHC_GSE98638_expression_Celltype_majorlineage|Tprolif
E3|Q92466|P35626,E3|Q92466,E3,Q92466,P35626,DDB2,ADRBK2,DWD,0,neg2x_initial_degree_matched,,DDB2,ADRBK2,ADRBK2|DDB2,False,nucleus,,,True,False,False,True,True,False,False,False,0.19639,LIHC,LIHC|LIHC_GSE166635_expression_Celltype_majorlineage|Tprolif
E3|Q92466|Q8TB46,E3|Q92466,E3,Q92466,Q8TB46,DDB2,ANKRD50,DWD,0,neg2x_initial_degree_matched,,DDB2,ANKRD50,ANKRD50|DDB2,False,nucleus,,,True,False,False,True,True,False,False,False,0.18043,CRC,CRC|CRC_GSE166555_expression_Celltype_majorlineage|Endothelial
E3|Q92844|Q8N6T7,E3|Q92844,E3,Q92844,Q8N6T7,TANK,SIRT6,Other,0,neg2x_initial_degree_matched,,TANK,SIRT6,SIRT6|TANK,False,cytoplasm,endoplasmic_reticulum;nucleus,,True,True,False,True,True,False,False,False,0.29796,CRC,CRC|CRC_GSE146771_Smartseq2_expression_Celltype_majorlineage|Endothelial
E3|Q92844|P21359,E3|Q92844,E3,Q92844,P21359,TANK,NF1,Other,0,neg2x_initial_degree_matched,,TANK,NF1,NF1|TANK,False,cytoplasm,membrane;nucleus;plasma_membrane,,True,True,False,True,True,False,False,False,0.35882,LIHC,LIHC|LIHC_GSE140228_Smartseq2_expression_Celltype_majorlineage|DC
E3|Q92844|Q15784,E3|Q92844,E3,Q92844,Q15784,TANK,NEUROD2,Other,0,neg2x_initial_degree_matched,,TANK,NEUROD2,NEUROD2|TANK,False,cytoplasm,nucleus,,True,True,False,True,True,False,False,False,0.13043,LIHC,LIHC|LIHC_GSE146409_expression_Celltype_majorlineage|Mono/Macro
E3|Q92844|A0A1B0GVQ0,E3|Q92844,E3,Q92844,A0A1B0GVQ0,TANK,SPAAR,Other,0,neg2x_initial_degree_matched,,TANK,SPAAR,SPAAR|TANK,False,cytoplasm,endosome;lysosome;membrane,,True,True,False,True,False,False,False,False,0.01151,CRC,CRC|CRC_GSE166555_expression_Celltype_majorlineage|Endothelial
E3|Q92844|O14777,E3|Q92844,E3,Q92844,O14777,TANK,NDC80,Other,0,neg2x_initial_degree_matched,,TANK,NDC80,NDC80|TANK,False,cytoplasm,nucleus,,True,True,False,True,True,False,False,False,0.92178,CRC,CRC|CRC_GSE108989_expression_Celltype_majorlineage|Tprolif
E3|Q92844|A4F535,E3|Q92844,E3,Q92844,A4F535,TANK,P,Other,0,neg2x_initial_degree_matched,,TANK,P,P|TANK,False,cytoplasm,,,True,False,False,False,False,False,False,False,0.0,CRC,NA
E3|Q92844|P26927,E3|Q92844,E3,Q92844,P26927,TANK,MST1,Other,0,neg2x_initial_degree_matched,,TANK,MST1,MST1|TANK,False,cytoplasm,extracellular,,True,True,False,True,True,False,False,False,0.3481,LIHC,LIHC|LIHC_GSE166635_expression_Celltype_majorlineage|Malignant
E3|Q92844|Q9NVF7,E3|Q92844,E3,Q92844,Q9NVF7,TANK,FBXO28,Other,0,neg2x_initial_degree_matched,,TANK,FBXO28,FBXO28|TANK,False,cytoplasm,nucleus,,True,True,False,True,True,False,False,False,0.27263,LIHC,LIHC|LIHC_GSE140228_Smartseq2_expression_Celltype_majorlineage|Tprolif
E3|Q92844|Q15858,E3|Q92844,E3,Q92844,Q15858,TANK,SCN9A,Other,0,neg2x_initial_degree_matched,,TANK,SCN9A,SCN9A|TANK,False,cytoplasm,membrane;plasma_membrane,,True,True,False,True,True,False,False,False,0.23457,LIHC,LIHC|LIHC_GSE140228_10X_expression_Celltype_majorlineage|ILC
E3|Q92844|P43360,E3|Q92844,E3,Q92844,P43360,TANK,MAGEA6,Other,0,neg2x_initial_degree_matched,,TANK,MAGEA6,MAGEA6|TANK,False,cytoplasm,,,True,False,False,True,True,False,False,False,0.01425,CRC,CRC|CRC_GSE166555_expression_Celltype_majorlineage|Malignant
E3|Q969H0|Q8N6M0,E3|Q969H0,E3,Q969H0,Q8N6M0,FBXW7,OTUD6B,F-box,0,neg2x_initial_degree_matched,,FBXW7,OTUD6B,FBXW7|OTUD6B,False,cytoplasm;nucleus,,,True,False,False,True,True,False,False,False,0.19452,LIHC,LIHC|LIHC_GSE146115_expression_Celltype_majorlineage|Mono/Macro
E3|Q969H0|Q9ULJ7,E3|Q969H0,E3,Q969H0,Q9ULJ7,FBXW7,ANKRD50,F-box,0,neg2x_initial_degree_matched,,FBXW7,ANKRD50,ANKRD50|FBXW7,False,cytoplasm;nucleus,endosome,,True,True,False,True,True,False,False,False,0.34563,CRC,CRC|CRC_GSE166555_expression_Celltype_majorlineage|Endothelial
E3|Q969H0|P04839,E3|Q969H0,E3,Q969H0,P04839,FBXW7,CYBB,F-box,0,neg2x_initial_degree_matched,,FBXW7,CYBB,CYBB|FBXW7,False,cytoplasm;nucleus,endoplasmic_reticulum;membrane;plasma_membrane,,True,True,False,True,True,False,False,False,0.34214,CRC,CRC|CRC_GSE166555_expression_Celltype_majorlineage|DC
E3|Q969H0|Q93070,E3|Q969H0,E3,Q969H0,Q93070,FBXW7,ART4,F-box,0,neg2x_initial_degree_matched,,FBXW7,ART4,ART4|FBXW7,False,cytoplasm;nucleus,membrane;plasma_membrane,,True,True,False,True,True,False,False,False,0.14388,LIHC,LIHC|LIHC_GSE146409_expression_Celltype_majorlineage|Endothelial
E3|Q969H0|P56750,E3|Q969H0,E3,Q969H0,P56750,FBXW7,CLDN17,F-box,0,neg2x_initial_degree_matched,,FBXW7,CLDN17,CLDN17|FBXW7,False,cytoplasm;nucleus,cell_junction;membrane;plasma_membrane,,True,True,False,False,False,False,False,False,0.0,CRC,NA
E3|Q969H0|Q9H9R9,E3|Q969H0,E3,Q969H0,Q9H9R9,FBXW7,DBNDD1,F-box,0,neg2x_initial_degree_matched,,FBXW7,DBNDD1,DBNDD1|FBXW7,False,cytoplasm;nucleus,,,True,False,False,True,True,False,False,False,0.12222,LIHC,LIHC|LIHC_GSE146115_expression_Celltype_majorlineage|Malignant
E3|Q969H0|P40238,E3|Q969H0,E3,Q969H0,P40238,FBXW7,MPL,F-box,0,neg2x_initial_degree_matched,,FBXW7,MPL,FBXW7|MPL,False,cytoplasm;nucleus,golgi;membrane;plasma_membrane,,True,True,False,True,True,False,False,False,0.00731,LIHC,LIHC|LIHC_GSE146115_expression_Celltype_majorlineage|Mono/Macro
E3|Q969H0|P15259,E3|Q969H0,E3,Q969H0,P15259,FBXW7,PGAM2,F-box,0,neg2x_initial_degree_matched,,FBXW7,PGAM2,FBXW7|PGAM2,False,cytoplasm;nucleus,,,True,False,False,True,True,False,False,False,0.1182,CRC,CRC|CRC_GSE166555_expression_Celltype_majorlineage|Myofibroblasts
E3|Q969H0|P16234,E3|Q969H0,E3,Q969H0,P16234,FBXW7,PDGFRA,F-box,0,neg2x_initial_degree_matched,,FBXW7,PDGFRA,FBXW7|PDGFRA,False,cytoplasm;nucleus,golgi;membrane;plasma_membrane,,True,True,False,True,True,False,False,False,0.28003,CRC,CRC|CRC_GSE166555_expression_Celltype_majorlineage|Fibroblasts
E3|Q969H0|P37173,E3|Q969H0,E3,Q969H0,P37173,FBXW7,TGFBR2,F-box,0,neg2x_initial_degree_matched,,FBXW7,TGFBR2,FBXW7|TGFBR2,False,cytoplasm;nucleus,extracellular;membrane;plasma_membrane,,True,True,False,True,True,False,False,False,0.37638,CRC,CRC|CRC_GSE166555_expression_Celltype_majorlineage|Tprolif
E3|Q969H0|P21709,E3|Q969H0,E3,Q969H0,P21709,FBXW7,EPHA1,F-box,0,neg2x_initial_degree_matched,,FBXW7,EPHA1,EPHA1|FBXW7,False,cytoplasm;nucleus,membrane;plasma_membrane,,True,True,False,True,True,False,False,False,0.25544,LIHC,LIHC|LIHC_GSE140228_Smartseq2_expression_Celltype_majorlineage|ILC
E3|Q969H0|P22304,E3|Q969H0,E3,Q969H0,P22304,FBXW7,IDS,F-box,0,neg2x_initial_degree_matched,,FBXW7,IDS,FBXW7|IDS,False,cytoplasm;nucleus,lysosome,,True,True,False,True,True,False,False,False,0.55339,LIHC,LIHC|LIHC_GSE146115_expression_Celltype_majorlineage|B
E3|Q969H0|Q9UJA2,E3|Q969H0,E3,Q969H0,Q9UJA2,FBXW7,CRLS1,F-box,0,neg2x_initial_degree_matched,,FBXW7,CRLS1,CRLS1|FBXW7,False,cytoplasm;nucleus,membrane;mitochondrion,,True,True,False,True,True,False,False,False,0.26884,CRC,CRC|CRC_GSE166555_expression_Celltype_majorlineage|Malignant
E3|Q969H0|Q14558,E3|Q969H0,E3,Q969H0,Q14558,FBXW7,PRPSAP1,F-box,0,neg2x_initial_degree_matched,,FBXW7,PRPSAP1,FBXW7|PRPSAP1,False,cytoplasm;nucleus,,,True,False,False,True,True,False,False,False,0.37182,CRC,CRC|CRC_GSE166555_expression_Celltype_majorlineage|Tprolif
E3|Q969H0|Q8NHL6,E3|Q969H0,E3,Q969H0,Q8NHL6,FBXW7,LILRB1,F-box,0,neg2x_initial_degree_matched,,FBXW7,LILRB1,FBXW7|LILRB1,False,cytoplasm;nucleus,extracellular;membrane;plasma_membrane,,True,True,False,True,True,False,False,False,0.35845,LIHC,LIHC|LIHC_GSE146115_expression_Celltype_majorlineage|B
E3|Q969H0|P15813,E3|Q969H0,E3,Q969H0,P15813,FBXW7,CD1D,F-box,0,neg2x_initial_degree_matched,,FBXW7,CD1D,CD1D|FBXW7,False,cytoplasm;nucleus,endoplasmic_reticulum;endosome;lysosome;membrane;plasma_membrane,,True,True,False,True,True,False,False,False,0.34214,CRC,CRC|CRC_GSE166555_expression_Celltype_majorlineage|DC
E3|Q969H0|Q8N8V4,E3|Q969H0,E3,Q969H0,Q8N8V4,FBXW7,ANKS4B,F-box,0,neg2x_initial_degree_matched,,FBXW7,ANKS4B,ANKS4B|FBXW7,False,cytoplasm;nucleus,endoplasmic_reticulum,,True,True,False,True,True,False,False,False,0.26884,CRC,CRC|CRC_GSE166555_expression_Celltype_majorlineage|Malignant
E3|Q969H0|A6MI22,E3|Q969H0,E3,Q969H0,A6MI22,FBXW7,tat,F-box,0,neg2x_initial_degree_matched,,FBXW7,TAT,FBXW7|TAT,False,cytoplasm;nucleus,,,True,False,False,True,True,False,False,False,0.19165,LIHC,LIHC|LIHC_GSE146115_expression_Celltype_majorlineage|Malignant
E3|Q969H0|Q9P126,E3|Q969H0,E3,Q969H0,Q9P126,FBXW7,CLEC1B,F-box,0,neg2x_initial_degree_matched,,FBXW7,CLEC1B,CLEC1B|FBXW7,False,cytoplasm;nucleus,membrane,,True,True,False,True,True,False,False,False,0.19329,LIHC,LIHC|LIHC_GSE140228_Smartseq2_expression_Celltype_majorlineage|Mono/Macro
E3|Q969H0|Q95IE3,E3|Q969H0,E3,Q969H0,Q95IE3,FBXW7,HLA-DRB1,F-box,0,neg2x_initial_degree_matched,,FBXW7,HLA-DRB1,FBXW7|HLA-DRB1,False,cytoplasm;nucleus,,,True,False,False,True,True,False,False,False,0.48041,LIHC,LIHC|LIHC_GSE146115_expression_Celltype_majorlineage|Tprolif
E3|Q969H0|P55017,E3|Q969H0,E3,Q969H0,P55017,FBXW7,SLC12A3,F-box,0,neg2x_initial_degree_matched,,FBXW7,SLC12A3,FBXW7|SLC12A3,False,cytoplasm;nucleus,membrane;plasma_membrane,,True,True,False,True,True,False,False,False,0.14388,LIHC,LIHC|LIHC_GSE146409_expression_Celltype_majorlineage|Endothelial
E3|Q969H0|P10523,E3|Q969H0,E3,Q969H0,P10523,FBXW7,SAG,F-box,0,neg2x_initial_degree_matched,,FBXW7,SAG,FBXW7|SAG,False,cytoplasm;nucleus,membrane,,True,True,False,True,True,False,False,False,0.0283,CRC,CRC|CRC_GSE146771_Smartseq2_expression_Celltype_majorlineage|Mast
E3|Q969H0|P54829,E3|Q969H0,E3,Q969H0,P54829,FBXW7,STK36,F-box,0,neg2x_initial_degree_matched,,FBXW7,STK36,FBXW7|STK36,False,cytoplasm;nucleus,endoplasmic_reticulum;membrane,,True,True,False,True,True,False,False,False,0.137,CRC,CRC|CRC_GSE146771_Smartseq2_expression_Celltype_majorlineage|Endothelial
E3|Q969H0|P10644,E3|Q969H0,E3,Q969H0,P10644,FBXW7,PRKAR1A,F-box,0,neg2x_initial_degree_matched,,FBXW7,PRKAR1A,FBXW7|PRKAR1A,False,cytoplasm;nucleus,membrane;plasma_membrane,,True,True,False,True,True,False,False,False,0.48041,LIHC,LIHC|LIHC_GSE146115_expression_Celltype_majorlineage|Tprolif
E3|Q969H0|Q9Y5Y9,E3|Q969H0,E3,Q969H0,Q9Y5Y9,FBXW7,SCN10A,F-box,0,neg2x_initial_degree_matched,,FBXW7,SCN10A,FBXW7|SCN10A,False,cytoplasm;nucleus,membrane;plasma_membrane,,True,True,False,True,True,False,False,False,0.00572,LIHC,LIHC|LIHC_GSE140228_Smartseq2_expression_Celltype_majorlineage|DC
E3|Q969H0|P31937,E3|Q969H0,E3,Q969H0,P31937,FBXW7,HIBADH,F-box,0,neg2x_initial_degree_matched,,FBXW7,HIBADH,FBXW7|HIBADH,False,cytoplasm;nucleus,mitochondrion,,True,True,False,True,True,False,False,False,0.23036,CRC,CRC|CRC_GSE146771_Smartseq2_expression_Celltype_majorlineage|Fibroblasts
E3|Q969H0|P04843,E3|Q969H0,E3,Q969H0,P04843,FBXW7,RPN1,F-box,0,neg2x_initial_degree_matched,,FBXW7,RPN1,FBXW7|RPN1,False,cytoplasm;nucleus,endoplasmic_reticulum;membrane,,True,True,False,True,True,False,False,False,0.54443,CRC,CRC|CRC_GSE166555_expression_Celltype_majorlineage|Plasma
E3|Q969H0|O60858,E3|Q969H0,E3,Q969H0,O60858,FBXW7,TRIM13,F-box,0,neg2x_initial_degree_matched,,FBXW7,TRIM13,FBXW7|TRIM13,False,cytoplasm;nucleus,endoplasmic_reticulum;membrane,,True,True,False,True,True,False,False,False,0.25544,LIHC,LIHC|LIHC_GSE140228_Smartseq2_expression_Celltype_majorlineage|ILC
E3|Q969H0|O60883,E3|Q969H0,E3,Q969H0,O60883,FBXW7,GPR37L1,F-box,0,neg2x_initial_degree_matched,,FBXW7,GPR37L1,FBXW7|GPR37L1,False,cytoplasm;nucleus,membrane;plasma_membrane,,True,True,False,True,True,False,False,False,0.07627,CRC,CRC|CRC_EMTAB8107_expression_Celltype_majorlineage|Enteric glial
E3|Q969H0|P41595,E3|Q969H0,E3,Q969H0,P41595,FBXW7,HTR2B,F-box,0,neg2x_initial_degree_matched,,FBXW7,HTR2B,FBXW7|HTR2B,False,cytoplasm;nucleus,membrane;plasma_membrane,,True,True,False,True,True,False,False,False,0.05813,LIHC,LIHC|LIHC_GSE146409_expression_Celltype_majorlineage|Fibroblasts
E3|Q969H0|Q9NRC1,E3|Q969H0,E3,Q969H0,Q9NRC1,FBXW7,ST7,F-box,0,neg2x_initial_degree_matched,,FBXW7,ST7,FBXW7|ST7,False,cytoplasm;nucleus,membrane,,True,True,False,True,True,False,False,False,0.25544,LIHC,LIHC|LIHC_GSE140228_Smartseq2_expression_Celltype_majorlineage|ILC
E3|Q969H0|P43003,E3|Q969H0,E3,Q969H0,P43003,FBXW7,SLC1A3,F-box,0,neg2x_initial_degree_matched,,FBXW7,SLC1A3,FBXW7|SLC1A3,False,cytoplasm;nucleus,membrane;plasma_membrane,,True,True,False,True,True,False,False,False,0.22528,CRC,CRC|CRC_GSE166555_expression_Celltype_majorlineage|Mono/Macro
E3|Q969K3|Q8N8V4,E3|Q969K3,E3,Q969K3,Q8N8V4,RNF34,ANKS4B,RING,0,neg2x_initial_degree_matched,,RNF34,ANKS4B,ANKS4B|RNF34,False,cytoplasm;membrane;nucleus;plasma_membrane,endoplasmic_reticulum,,True,True,False,True,True,False,False,False,0.10703,CRC,CRC|CRC_EMTAB8107_expression_Celltype_majorlineage|Malignant
E3|Q969P5|P29322,E3|Q969P5,E3,Q969P5,P29322,FBXO32,EPHA8,F-box,0,neg2x_initial_degree_matched,,FBXO32,EPHA8,EPHA8|FBXO32,False,cytoplasm;nucleus,endosome;membrane;plasma_membrane,,True,True,False,True,True,False,False,False,0.00262,LIHC,LIHC|LIHC_GSE98638_expression_Celltype_majorlineage|CD8Tex
E3|Q969P5|Q96BF3,E3|Q969P5,E3,Q969P5,Q96BF3,FBXO32,TMIGD2,F-box,0,neg2x_initial_degree_matched,,FBXO32,TMIGD2,FBXO32|TMIGD2,False,cytoplasm;nucleus,membrane;plasma_membrane,,True,True,False,True,True,False,False,False,0.24338,CRC,CRC|CRC_GSE108989_expression_Celltype_majorlineage|CD8T
E3|Q969P5|Q9P0P0,E3|Q969P5,E3,Q969P5,Q9P0P0,FBXO32,RNF181,F-box,0,neg2x_initial_degree_matched,,FBXO32,RNF181,FBXO32|RNF181,False,cytoplasm;nucleus,,,True,False,False,True,True,False,False,False,0.54254,CRC,CRC|CRC_GSE146771_Smartseq2_expression_Celltype_majorlineage|Fibroblasts
E3|Q969P5|Q93070,E3|Q969P5,E3,Q969P5,Q93070,FBXO32,ART4,F-box,0,neg2x_initial_degree_matched,,FBXO32,ART4,ART4|FBXO32,False,cytoplasm;nucleus,membrane;plasma_membrane,,True,True,False,True,True,False,False,False,0.10507,LIHC,LIHC|LIHC_GSE146409_expression_Celltype_majorlineage|Fibroblasts
E3|Q969P5|P78380,E3|Q969P5,E3,Q969P5,P78380,FBXO32,OLR1,F-box,0,neg2x_initial_degree_matched,,FBXO32,OLR1,FBXO32|OLR1,False,cytoplasm;nucleus,extracellular;membrane;plasma_membrane,,True,True,False,True,True,False,False,False,0.04132,CRC,CRC|CRC_GSE166555_expression_Celltype_majorlineage|Mono/Macro
E3|Q969P5|Q9Y3D6,E3|Q969P5,E3,Q969P5,Q9Y3D6,FBXO32,FIS1,F-box,0,neg2x_initial_degree_matched,,FBXO32,FIS1,FBXO32|FIS1,False,cytoplasm;nucleus,membrane;mitochondrion;peroxisome,,True,True,False,True,True,False,False,False,0.99491,CRC,CRC|CRC_GSE166555_expression_Celltype_majorlineage|Myofibroblasts
E3|Q969P5|Q16875,E3|Q969P5,E3,Q969P5,Q16875,FBXO32,PFKFB3,F-box,0,neg2x_initial_degree_matched,,FBXO32,PFKFB3,FBXO32|PFKFB3,False,cytoplasm;nucleus,,,True,False,False,True,True,False,False,False,0.31828,LIHC,LIHC|LIHC_GSE140228_Smartseq2_expression_Celltype_majorlineage|CD4Tconv
E3|Q969Q1|P20963,E3|Q969Q1,E3,Q969Q1,P20963,TRIM63,CD247,RING,0,neg2x_initial_degree_matched,,TRIM63,CD247,CD247|TRIM63,False,cytoplasm;nucleus,membrane;plasma_membrane,,True,True,False,True,True,False,False,False,0.09375,LIHC,LIHC|LIHC_GSE140228_Smartseq2_expression_Celltype_majorlineage|Mast
E3|Q969Q1|Q04912,E3|Q969Q1,E3,Q969Q1,Q04912,TRIM63,MST1R,RING,0,neg2x_initial_degree_matched,,TRIM63,MST1R,MST1R|TRIM63,False,cytoplasm;nucleus,membrane,,True,True,False,True,True,False,False,False,0.02047,CRC,CRC|CRC_EMTAB8107_expression_Celltype_majorlineage|Mast
E3|Q969Q1|P41594,E3|Q969Q1,E3,Q969Q1,P41594,TRIM63,GRM5,RING,0,neg2x_initial_degree_matched,,TRIM63,GRM5,GRM5|TRIM63,False,cytoplasm;nucleus,membrane;plasma_membrane,,True,True,False,True,True,False,False,False,0.00179,LIHC,LIHC|LIHC_GSE140228_Smartseq2_expression_Celltype_majorlineage|CD4Tconv
E3|Q969Q1|Q9TQE0,E3|Q969Q1,E3,Q969Q1,Q9TQE0,TRIM63,HLA-DRB1,RING,0,neg2x_initial_degree_matched,,TRIM63,HLA-DRB1,HLA-DRB1|TRIM63,False,cytoplasm;nucleus,,,True,False,False,True,True,False,False,False,0.13344,LIHC,LIHC|LIHC_GSE166635_expression_Celltype_majorlineage|Mast
E3|Q969Q1|Q8NEG5,E3|Q969Q1,E3,Q969Q1,Q8NEG5,TRIM63,ZSWIM2,RING,0,neg2x_initial_degree_matched,,TRIM63,ZSWIM2,TRIM63|ZSWIM2,False,cytoplasm;nucleus,,,True,False,False,True,True,False,False,False,0.00058,CRC,CRC|CRC_GSE108989_expression_Celltype_majorlineage|Treg
E3|Q969Q1|P05777,E3|Q969Q1,E3,Q969Q1,P05777,TRIM63,M,RING,0,neg2x_initial_degree_matched,,TRIM63,M,M|TRIM63,False,cytoplasm;nucleus,,,True,False,False,False,False,False,False,False,0.0,CRC,NA
E3|Q969Q1|P61073,E3|Q969Q1,E3,Q969Q1,P61073,TRIM63,CXCR4,RING,0,neg2x_initial_degree_matched,,TRIM63,CXCR4,CXCR4|TRIM63,False,cytoplasm;nucleus,cell_junction;endosome;lysosome;membrane;plasma_membrane,,True,True,False,True,True,False,False,False,0.16406,LIHC,LIHC|LIHC_GSE166635_expression_Celltype_majorlineage|Mast
E3|Q969Q1|Q7L8J4,E3|Q969Q1,E3,Q969Q1,Q7L8J4,TRIM63,SH3BP5L,RING,0,neg2x_initial_degree_matched,,TRIM63,SH3BP5L,SH3BP5L|TRIM63,False,cytoplasm;nucleus,,,True,False,False,True,True,False,False,False,0.02848,LIHC,LIHC|LIHC_GSE166635_expression_Celltype_majorlineage|Mast
E3|Q969Q1|P43005,E3|Q969Q1,E3,Q969Q1,P43005,TRIM63,SLC1A1,RING,0,neg2x_initial_degree_matched,,TRIM63,SLC1A1,SLC1A1|TRIM63,False,cytoplasm;nucleus,endosome;membrane;plasma_membrane,,True,True,False,True,True,False,False,False,0.00317,CRC,CRC|CRC_EMTAB8107_expression_Celltype_majorlineage|Malignant
E3|Q969U6|Q9NZ63,E3|Q969U6,E3,Q969U6,Q9NZ63,FBXW5,C9orf78,F-box,0,neg2x_initial_degree_matched,,FBXW5,C9ORF78,C9ORF78|FBXW5,False,cytoplasm,cytoskeleton;nucleus,,True,True,False,True,True,False,False,False,0.77892,LIHC,LIHC|LIHC_GSE98638_expression_Celltype_majorlineage|Tprolif
E3|Q969U6|P42336,E3|Q969U6,E3,Q969U6,P42336,FBXW5,PIK3CA,F-box,0,neg2x_initial_degree_matched,,FBXW5,PIK3CA,FBXW5|PIK3CA,False,cytoplasm,,,True,False,False,True,True,False,False,False,0.38762,CRC,CRC|CRC_GSE166555_expression_Celltype_majorlineage|Endothelial
E3|Q969U6|P05412,E3|Q969U6,E3,Q969U6,P05412,FBXW5,JUN,F-box,0,neg2x_initial_degree_matched,,FBXW5,JUN,FBXW5|JUN,False,cytoplasm,nucleus,,True,True,False,True,True,True,False,True,1.0546,CRC,CRC|CRC_GSE166555_expression_Celltype_majorlineage|Epithelial
E3|Q969U6|P51795,E3|Q969U6,E3,Q969U6,P51795,FBXW5,CLCN5,F-box,0,neg2x_initial_degree_matched,,FBXW5,CLCN5,CLCN5|FBXW5,False,cytoplasm,endosome;golgi;membrane;plasma_membrane,,True,True,False,True,True,False,False,False,0.25437,LIHC,LIHC|LIHC_GSE140228_10X_expression_Celltype_majorlineage|ILC
E3|Q969U6|P23760,E3|Q969U6,E3,Q969U6,P23760,FBXW5,PAX3,F-box,0,neg2x_initial_degree_matched,,FBXW5,PAX3,FBXW5|PAX3,False,cytoplasm,nucleus,,True,True,False,True,True,False,False,False,0.00268,LIHC,LIHC|LIHC_GSE140228_Smartseq2_expression_Celltype_majorlineage|Tprolif
E3|Q969U6|Q8IYD8,E3|Q969U6,E3,Q969U6,Q8IYD8,FBXW5,FANCM,F-box,0,neg2x_initial_degree_matched,,FBXW5,FANCM,FANCM|FBXW5,False,cytoplasm,nucleus,,True,True,False,True,True,False,False,False,0.25964,LIHC,LIHC|LIHC_GSE140228_Smartseq2_expression_Celltype_majorlineage|Tprolif
E3|Q969V5|O75928,E3|Q969V5,E3,Q969V5,O75928,MUL1,PIAS2,RING,0,neg2x_initial_degree_matched,,MUL1,PIAS2,MUL1|PIAS2,False,membrane;mitochondrion;peroxisome,nucleus,,True,True,False,True,True,False,False,False,0.16999,LIHC,LIHC|LIHC_GSE140228_Smartseq2_expression_Celltype_majorlineage|Tprolif
E3|Q969V5|Q6NUN9,E3|Q969V5,E3,Q969V5,Q6NUN9,MUL1,ZNF746,RING,0,neg2x_initial_degree_matched,,MUL1,ZNF746,MUL1|ZNF746,False,membrane;mitochondrion;peroxisome,cytoplasm;nucleus,,True,True,False,True,True,False,False,False,0.07313,LIHC,LIHC|LIHC_GSE146115_expression_Celltype_majorlineage|Malignant
E3|Q969V5|Q96A32,E3|Q969V5,E3,Q969V5,Q96A32,MUL1,MYLPF,RING,0,neg2x_initial_degree_matched,,MUL1,MYLPF,MUL1|MYLPF,False,membrane;mitochondrion;peroxisome,,,True,False,False,True,True,False,False,False,0.04349,LIHC,LIHC|LIHC_GSE140228_10X_expression_Celltype_majorlineage|DC
E3|Q969V5|P20248,E3|Q969V5,E3,Q969V5,P20248,MUL1,CCNA2,RING,0,neg2x_initial_degree_matched,,MUL1,CCNA2,CCNA2|MUL1,False,membrane;mitochondrion;peroxisome,cytoplasm;nucleus,,True,True,False,True,True,False,False,False,0.27175,LIHC,LIHC|LIHC_GSE140228_Smartseq2_expression_Celltype_majorlineage|Tprolif
E3|Q969V5|Q08AJ9,E3|Q969V5,E3,Q969V5,Q08AJ9,MUL1,HIST1H2AB,RING,0,neg2x_initial_degree_matched,,MUL1,HIST1H2AB,HIST1H2AB|MUL1,False,membrane;mitochondrion;peroxisome,,,True,False,False,True,True,False,False,False,0.09314,CRC,CRC|CRC_GSE139555_expression_Celltype_majorlineage|Tprolif
E3|Q969V5|Q8WTU0,E3|Q969V5,E3,Q969V5,Q8WTU0,MUL1,DDI1,RING,0,neg2x_initial_degree_matched,,MUL1,DDI1,DDI1|MUL1,False,membrane;mitochondrion;peroxisome,,,True,False,False,True,True,False,False,False,0.00847,LIHC,LIHC|LIHC_GSE140228_Smartseq2_expression_Celltype_majorlineage|NK
E3|Q969V5|Q96RE7,E3|Q969V5,E3,Q969V5,Q96RE7,MUL1,NACC1,RING,0,neg2x_initial_degree_matched,,MUL1,NACC1,MUL1|NACC1,False,membrane;mitochondrion;peroxisome,cytoplasm;nucleus,,True,True,False,True,True,False,False,False,0.14373,LIHC,LIHC|LIHC_GSE146115_expression_Celltype_majorlineage|Tprolif
E3|Q969V5|Q05086,E3|Q969V5,E3,Q969V5,Q05086,MUL1,UBE3A,RING,0,neg2x_initial_degree_matched,,MUL1,UBE3A,MUL1|UBE3A,False,membrane;mitochondrion;peroxisome,cytoplasm;nucleus,,True,True,False,True,True,False,False,False,0.27175,LIHC,LIHC|LIHC_GSE140228_Smartseq2_expression_Celltype_majorlineage|Tprolif
E3|Q96A61|P51451,E3|Q96A61,E3,Q96A61,P51451,TRIM52,BLK,RING,0,neg2x_initial_degree_matched,,TRIM52,BLK,BLK|TRIM52,False,cytoplasm;nucleus,membrane;plasma_membrane,,True,True,False,True,True,False,False,False,0.17359,LIHC,LIHC|LIHC_GSE140228_Smartseq2_expression_Celltype_majorlineage|B
E3|Q96A61|Q12913,E3|Q96A61,E3,Q96A61,Q12913,TRIM52,PTPRJ,RING,0,neg2x_initial_degree_matched,,TRIM52,PTPRJ,PTPRJ|TRIM52,False,cytoplasm;nucleus,cell_junction;extracellular;membrane;plasma_membrane,,True,True,False,True,True,False,False,False,0.26103,LIHC,LIHC|LIHC_GSE98638_expression_Celltype_majorlineage|CD4Tconv
E3|Q96A61|Q96BF3,E3|Q96A61,E3,Q96A61,Q96BF3,TRIM52,TMIGD2,RING,0,neg2x_initial_degree_matched,,TRIM52,TMIGD2,TMIGD2|TRIM52,False,cytoplasm;nucleus,membrane;plasma_membrane,,True,True,False,True,True,False,False,False,0.20735,LIHC,LIHC|LIHC_GSE140228_Smartseq2_expression_Celltype_majorlineage|Mast
E3|Q96A61|P35613,E3|Q96A61,E3,Q96A61,P35613,TRIM52,BSG,RING,0,neg2x_initial_degree_matched,,TRIM52,BSG,BSG|TRIM52,False,cytoplasm;nucleus,endoplasmic_reticulum;endosome;membrane;plasma_membrane,,True,True,False,True,True,False,False,False,0.26103,LIHC,LIHC|LIHC_GSE98638_expression_Celltype_majorlineage|CD4Tconv
E3|Q96AX9|P25116,E3|Q96AX9,E3,Q96AX9,P25116,MIB2,F2R,RING,0,neg2x_initial_degree_matched,,MIB2,F2R,F2R|MIB2,False,cytoplasm;endosome,membrane;plasma_membrane,,True,True,False,True,True,False,False,False,0.23241,LIHC,LIHC|LIHC_GSE140228_10X_expression_Celltype_majorlineage|NK
E3|Q96AX9|Q9NTG7,E3|Q96AX9,E3,Q96AX9,Q9NTG7,MIB2,SIRT3,RING,0,neg2x_initial_degree_matched,,MIB2,SIRT3,MIB2|SIRT3,False,cytoplasm;endosome,mitochondrion,,True,True,False,True,True,False,False,False,0.12592,LIHC,LIHC|LIHC_GSE98638_expression_Celltype_majorlineage|CD8T
E3|Q96AX9|O75909,E3|Q96AX9,E3,Q96AX9,O75909,MIB2,CCNK,RING,0,neg2x_initial_degree_matched,,MIB2,CCNK,CCNK|MIB2,False,cytoplasm;endosome,nucleus,,True,True,False,True,True,False,False,False,0.20085,LIHC,LIHC|LIHC_GSE140228_10X_expression_Celltype_majorlineage|ILC
E3|Q96AX9|O75525,E3|Q96AX9,E3,Q96AX9,O75525,MIB2,KHDRBS3,RING,0,neg2x_initial_degree_matched,,MIB2,KHDRBS3,KHDRBS3|MIB2,False,cytoplasm;endosome,nucleus,,True,True,False,True,True,False,False,False,0.13028,CRC,CRC|CRC_GSE166555_expression_Celltype_majorlineage|Fibroblasts
E3|Q96AX9|Q15742,E3|Q96AX9,E3,Q96AX9,Q15742,MIB2,NAB2,RING,0,neg2x_initial_degree_matched,,MIB2,NAB2,MIB2|NAB2,False,cytoplasm;endosome,nucleus,,True,True,False,True,True,False,False,False,0.10912,CRC,CRC|CRC_GSE166555_expression_Celltype_majorlineage|Myofibroblasts
E3|Q96AX9|P60002,E3|Q96AX9,E3,Q96AX9,P60002,MIB2,ELOF1,RING,0,neg2x_initial_degree_matched,,MIB2,ELOF1,ELOF1|MIB2,False,cytoplasm;endosome,nucleus,,True,True,False,True,True,False,False,False,0.26203,CRC,CRC|CRC_EMTAB8107_expression_Celltype_majorlineage|Malignant
E3|Q96AX9|O14763,E3|Q96AX9,E3,Q96AX9,O14763,MIB2,TNFRSF10B,RING,0,neg2x_initial_degree_matched,,MIB2,TNFRSF10B,MIB2|TNFRSF10B,False,cytoplasm;endosome,membrane,,True,True,False,True,True,False,False,False,0.25294,CRC,CRC|CRC_GSE166555_expression_Celltype_majorlineage|Malignant
E3|Q96AX9|P05412,E3|Q96AX9,E3,Q96AX9,P05412,MIB2,JUN,RING,0,neg2x_initial_degree_matched,,MIB2,JUN,JUN|MIB2,False,cytoplasm;endosome,nucleus,,True,True,False,True,True,False,False,False,0.36734,CRC,CRC|CRC_GSE166555_expression_Celltype_majorlineage|Malignant
E3|Q96AX9|Q01826,E3|Q96AX9,E3,Q96AX9,Q01826,MIB2,SATB1,RING,0,neg2x_initial_degree_matched,,MIB2,SATB1,MIB2|SATB1,False,cytoplasm;endosome,nucleus,,True,True,False,True,True,False,False,False,0.22464,CRC,CRC|CRC_GSE166555_expression_Celltype_majorlineage|Malignant
E3|Q96AX9|P40305,E3|Q96AX9,E3,Q96AX9,P40305,MIB2,IFI27,RING,0,neg2x_initial_degree_matched,,MIB2,IFI27,IFI27|MIB2,False,cytoplasm;endosome,endoplasmic_reticulum;membrane;mitochondrion;nucleus,,True,True,False,True,True,False,False,False,0.36734,CRC,CRC|CRC_GSE166555_expression_Celltype_majorlineage|Malignant
E3|Q96CA5|P53805,E3|Q96CA5,E3,Q96CA5,P53805,BIRC7,RCAN1,RING,0,neg2x_initial_degree_matched,,BIRC7,RCAN1,BIRC7|RCAN1,False,cytoplasm;golgi;nucleus,,,True,False,False,True,True,False,False,False,0.03619,LIHC,LIHC|LIHC_GSE166635_expression_Celltype_majorlineage|DC
E3|Q96CS3|O43541,E3|Q96CS3,E3,Q96CS3,O43541,FAF2,SMAD6,Other,0,neg2x_initial_degree_matched,,FAF2,SMAD6,FAF2|SMAD6,False,cytoplasm;endoplasmic_reticulum,nucleus,,True,True,False,True,True,False,False,False,0.22112,CRC,CRC|CRC_GSE166555_expression_Celltype_majorlineage|Endothelial
E3|Q96D59|P14859,E3|Q96D59,E3,Q96D59,P14859,RNF183,POU2F1,RING,0,neg2x_initial_degree_matched,,RNF183,POU2F1,POU2F1|RNF183,False,endoplasmic_reticulum;golgi;lysosome;membrane,nucleus,,True,True,False,True,True,False,False,False,0.05533,LIHC,LIHC|LIHC_GSE166635_expression_Celltype_majorlineage|Epithelial
E3|Q96D59|Q13547,E3|Q96D59,E3,Q96D59,Q13547,RNF183,HDAC1,RING,0,neg2x_initial_degree_matched,,RNF183,HDAC1,HDAC1|RNF183,False,endoplasmic_reticulum;golgi;lysosome;membrane,nucleus,,True,True,False,True,True,False,False,False,0.05533,LIHC,LIHC|LIHC_GSE166635_expression_Celltype_majorlineage|Epithelial
E3|Q96D59|O95628,E3|Q96D59,E3,Q96D59,O95628,RNF183,CNOT4,RING,0,neg2x_initial_degree_matched,,RNF183,CNOT4,CNOT4|RNF183,False,endoplasmic_reticulum;golgi;lysosome;membrane,cytoplasm;nucleus,,True,True,False,True,True,False,False,False,0.05533,LIHC,LIHC|LIHC_GSE166635_expression_Celltype_majorlineage|Epithelial
E3|Q96DX5|Q92793,E3|Q96DX5,E3,Q96DX5,Q92793,ASB9,CREBBP,SOCS_VHL_BC-box,0,neg2x_initial_degree_matched,,ASB9,CREBBP,ASB9|CREBBP,False,mitochondrion,cytoplasm;nucleus,,True,True,False,True,True,False,False,False,0.18309,CRC,CRC|CRC_GSE146771_Smartseq2_expression_Celltype_majorlineage|Endothelial
E3|Q96DX5|P06733,E3|Q96DX5,E3,Q96DX5,P06733,ASB9,ENO1,SOCS_VHL_BC-box,0,neg2x_initial_degree_matched,,ASB9,ENO1,ASB9|ENO1,False,mitochondrion,cytoplasm;membrane;nucleus;plasma_membrane,,True,True,False,True,True,False,False,False,0.18309,CRC,CRC|CRC_GSE146771_Smartseq2_expression_Celltype_majorlineage|Endothelial
E3|Q96DX5|Q9NWF9,E3|Q96DX5,E3,Q96DX5,Q9NWF9,ASB9,RNF216,SOCS_VHL_BC-box,0,neg2x_initial_degree_matched,,ASB9,RNF216,ASB9|RNF216,False,mitochondrion,cytoplasm;vesicle,,True,True,False,True,True,False,False,False,0.18309,CRC,CRC|CRC_GSE146771_Smartseq2_expression_Celltype_majorlineage|Endothelial
E3|Q96EP0|Q9UNK0,E3|Q96EP0,E3,Q96EP0,Q9UNK0,RNF31,STX8,RING,0,neg2x_initial_degree_matched,,RNF31,STX8,RNF31|STX8,False,cytoplasm,endosome;membrane;plasma_membrane,,True,True,False,True,True,False,False,False,0.30368,LIHC,LIHC|LIHC_GSE98638_expression_Celltype_majorlineage|Tprolif
E3|Q96EP0|Q01826,E3|Q96EP0,E3,Q96EP0,Q01826,RNF31,SATB1,RING,0,neg2x_initial_degree_matched,,RNF31,SATB1,RNF31|SATB1,False,cytoplasm,nucleus,,True,True,False,True,True,False,False,False,0.6526,CRC,CRC|CRC_GSE108989_expression_Celltype_majorlineage|CD4Tconv
E3|Q96EP0|P37173,E3|Q96EP0,E3,Q96EP0,P37173,RNF31,TGFBR2,RING,0,neg2x_initial_degree_matched,,RNF31,TGFBR2,RNF31|TGFBR2,False,cytoplasm,extracellular;membrane;plasma_membrane,,True,True,False,True,True,False,False,False,0.54131,LIHC,LIHC|LIHC_GSE98638_expression_Celltype_majorlineage|CD4Tconv
E3|Q96EP0|Q9ULJ7,E3|Q96EP0,E3,Q96EP0,Q9ULJ7,RNF31,ANKRD50,RING,0,neg2x_initial_degree_matched,,RNF31,ANKRD50,ANKRD50|RNF31,False,cytoplasm,endosome,,True,True,False,True,True,False,False,False,0.0964,CRC,CRC|CRC_GSE146771_Smartseq2_expression_Celltype_majorlineage|Fibroblasts
E3|Q96EP0|P54098,E3|Q96EP0,E3,Q96EP0,P54098,RNF31,POLG,RING,0,neg2x_initial_degree_matched,,RNF31,POLG,POLG|RNF31,False,cytoplasm,mitochondrion,,True,True,False,True,True,False,False,False,0.60058,LIHC,LIHC|LIHC_GSE98638_expression_Celltype_majorlineage|Tprolif
E3|Q96EP1|P21802,E3|Q96EP1,E3,Q96EP1,P21802,CHFR,FGFR2,RING,0,neg2x_initial_degree_matched,,CHFR,FGFR2,CHFR|FGFR2,False,nucleus,cytoplasm;extracellular;golgi;membrane;plasma_membrane;vesicle,,True,True,False,True,True,False,False,False,0.11685,LIHC,LIHC|LIHC_GSE146115_expression_Celltype_majorlineage|CD8T
E3|Q96EP1|P10636,E3|Q96EP1,E3,Q96EP1,P10636,CHFR,MAPT,RING,0,neg2x_initial_degree_matched,,CHFR,MAPT,CHFR|MAPT,False,nucleus,cytoplasm;cytoskeleton;extracellular;membrane;plasma_membrane,,True,True,False,True,True,False,False,False,0.04075,CRC,CRC|CRC_EMTAB8107_expression_Celltype_majorlineage|Enteric glial
E3|Q96EP1|P16070,E3|Q96EP1,E3,Q96EP1,P16070,CHFR,CD44,RING,0,neg2x_initial_degree_matched,,CHFR,CD44,CD44|CHFR,False,nucleus,cytoskeleton;extracellular;membrane;plasma_membrane,,True,True,False,True,True,False,False,False,0.44996,LIHC,LIHC|LIHC_GSE98638_expression_Celltype_majorlineage|CD8Tex
E3|Q96EP1|P49327,E3|Q96EP1,E3,Q96EP1,P49327,CHFR,FASN,RING,0,neg2x_initial_degree_matched,,CHFR,FASN,CHFR|FASN,False,nucleus,cytoplasm,,True,True,False,True,True,False,False,False,0.12752,LIHC,LIHC|LIHC_GSE146115_expression_Celltype_majorlineage|Tprolif
E3|Q96EP1|P62324,E3|Q96EP1,E3,Q96EP1,P62324,CHFR,BTG1,RING,0,neg2x_initial_degree_matched,,CHFR,BTG1,BTG1|CHFR,False,nucleus,,,True,False,False,True,True,False,False,False,0.44996,LIHC,LIHC|LIHC_GSE98638_expression_Celltype_majorlineage|CD8Tex
E3|Q96EP1|Q8WY41,E3|Q96EP1,E3,Q96EP1,Q8WY41,CHFR,NANOS1,RING,0,neg2x_initial_degree_matched,,CHFR,NANOS1,CHFR|NANOS1,False,nucleus,cytoplasm,,True,True,False,True,True,False,False,False,0.07426,LIHC,LIHC|LIHC_GSE146115_expression_Celltype_majorlineage|Malignant
E3|Q96EP1|P12757,E3|Q96EP1,E3,Q96EP1,P12757,CHFR,SKIL,RING,0,neg2x_initial_degree_matched,,CHFR,SKIL,CHFR|SKIL,False,nucleus,,,True,False,False,True,True,False,False,False,0.39105,LIHC,LIHC|LIHC_GSE98638_expression_Celltype_majorlineage|CD8Tex
E3|Q96EP1|Q9P2A4,E3|Q96EP1,E3,Q96EP1,Q9P2A4,CHFR,ABI3,RING,0,neg2x_initial_degree_matched,,CHFR,ABI3,ABI3|CHFR,False,nucleus,cytoplasm,,True,True,False,True,True,False,False,False,0.44996,LIHC,LIHC|LIHC_GSE98638_expression_Celltype_majorlineage|CD8Tex
E3|Q96EP1|O60784,E3|Q96EP1,E3,Q96EP1,O60784,CHFR,TOM1,RING,0,neg2x_initial_degree_matched,,CHFR,TOM1,CHFR|TOM1,False,nucleus,cytoplasm;endosome;membrane,,True,True,False,True,True,False,False,False,0.31788,LIHC,LIHC|LIHC_GSE98638_expression_Celltype_majorlineage|Treg
E3|Q96EP1|Q9UPN3,E3|Q96EP1,E3,Q96EP1,Q9UPN3,CHFR,MACF1,RING,0,neg2x_initial_degree_matched,,CHFR,MACF1,CHFR|MACF1,False,nucleus,cytoplasm;cytoskeleton;golgi;membrane;plasma_membrane,,True,True,False,True,True,False,False,False,0.44996,LIHC,LIHC|LIHC_GSE98638_expression_Celltype_majorlineage|CD8Tex
E3|Q96EP1|O00221,E3|Q96EP1,E3,Q96EP1,O00221,CHFR,NFKBIE,RING,0,neg2x_initial_degree_matched,,CHFR,NFKBIE,CHFR|NFKBIE,False,nucleus,cytoplasm,,True,True,False,True,True,False,False,False,0.19772,LIHC,LIHC|LIHC_GSE140228_Smartseq2_expression_Celltype_majorlineage|Mono/Macro
E3|Q96EQ8|Q9H5N1,E3|Q96EQ8,E3,Q96EQ8,Q9H5N1,RNF125,RABEP2,RING,0,neg2x_initial_degree_matched,,RNF125,RABEP2,RABEP2|RNF125,False,golgi;membrane;plasma_membrane,cytoplasm;cytoskeleton;endosome,,True,True,False,True,True,False,False,False,0.20344,CRC,CRC|CRC_GSE146771_Smartseq2_expression_Celltype_majorlineage|Endothelial
E3|Q96EQ8|O76064,E3|Q96EQ8,E3,Q96EQ8,O76064,RNF125,RNF8,RING,0,neg2x_initial_degree_matched,,RNF125,RNF8,RNF125|RNF8,False,golgi;membrane;plasma_membrane,cytoplasm;nucleus,,True,True,False,True,True,False,False,False,0.24917,CRC,CRC|CRC_GSE166555_expression_Celltype_majorlineage|Tprolif
E3|Q96EQ8|Q6Q0C0,E3|Q96EQ8,E3,Q96EQ8,Q6Q0C0,RNF125,TRAF7,RING,0,neg2x_initial_degree_matched,,RNF125,TRAF7,RNF125|TRAF7,False,golgi;membrane;plasma_membrane,cytoplasm;nucleus;vesicle,,True,True,False,True,True,False,False,False,0.24032,CRC,CRC|CRC_GSE166555_expression_Celltype_majorlineage|Endothelial
E3|Q96EQ8|Q86Y01,E3|Q96EQ8,E3,Q96EQ8,Q86Y01,RNF125,DTX1,RING,0,neg2x_initial_degree_matched,,RNF125,DTX1,DTX1|RNF125,False,golgi;membrane;plasma_membrane,cytoplasm;nucleus,,True,True,False,True,True,False,False,False,0.11217,CRC,CRC|CRC_GSE139555_expression_Celltype_majorlineage|Tprolif
E3|Q96EQ8|P15918,E3|Q96EQ8,E3,Q96EQ8,P15918,RNF125,RAG1,RING,0,neg2x_initial_degree_matched,,RNF125,RAG1,RAG1|RNF125,False,golgi;membrane;plasma_membrane,nucleus,,True,True,False,True,True,False,False,False,0.012,LIHC,LIHC|LIHC_GSE166635_expression_Celltype_majorlineage|Endothelial
E3|Q96EQ8|P42574,E3|Q96EQ8,E3,Q96EQ8,P42574,RNF125,CASP3,RING,0,neg2x_initial_degree_matched,,RNF125,CASP3,CASP3|RNF125,False,golgi;membrane;plasma_membrane,cytoplasm,,True,True,False,True,True,False,False,False,0.56023,CRC,CRC|CRC_GSE108989_expression_Celltype_majorlineage|CD8Tex
E3|Q96EQ8|Q9H6E5,E3|Q96EQ8,E3,Q96EQ8,Q9H6E5,RNF125,TUT1,RING,0,neg2x_initial_degree_matched,,RNF125,TUT1,RNF125|TUT1,False,golgi;membrane;plasma_membrane,nucleus,,True,True,False,True,True,False,False,False,0.18805,LIHC,LIHC|LIHC_GSE98638_expression_Celltype_majorlineage|Tprolif
E3|Q96EQ8|Q9Y2N7,E3|Q96EQ8,E3,Q96EQ8,Q9Y2N7,RNF125,HIF3A,RING,0,neg2x_initial_degree_matched,,RNF125,HIF3A,HIF3A|RNF125,False,golgi;membrane;plasma_membrane,cytoplasm;mitochondrion;nucleus,,True,True,False,True,True,False,False,False,0.25653,CRC,CRC|CRC_GSE166555_expression_Celltype_majorlineage|Endothelial
E3|Q96EQ8|Q96BF6,E3|Q96EQ8,E3,Q96EQ8,Q96BF6,RNF125,NACC2,RING,0,neg2x_initial_degree_matched,,RNF125,NACC2,NACC2|RNF125,False,golgi;membrane;plasma_membrane,nucleus,,True,True,False,True,True,False,False,False,0.22025,CRC,CRC|CRC_GSE166555_expression_Celltype_majorlineage|Endothelial
E3|Q96EX2|Q53ET0,E3|Q96EX2,E3,Q96EX2,Q53ET0,RNFT2,CRTC2,RING,0,neg2x_initial_degree_matched,,RNFT2,CRTC2,CRTC2|RNFT2,False,membrane,cytoplasm;nucleus,,True,True,False,True,True,False,False,False,0.06403,LIHC,LIHC|LIHC_GSE146409_expression_Celltype_majorlineage|Endothelial
E3|Q96EX2|P30307,E3|Q96EX2,E3,Q96EX2,P30307,RNFT2,CDC25C,RING,0,neg2x_initial_degree_matched,,RNFT2,CDC25C,CDC25C|RNFT2,False,membrane,nucleus,,True,True,False,True,True,False,False,False,0.06294,LIHC,LIHC|LIHC_GSE146115_expression_Celltype_majorlineage|Tprolif
E3|Q96F44|P0C209,E3|Q96F44,E3,Q96F44,P0C209,TRIM11,gag,RING,0,neg2x_initial_degree_matched,,TRIM11,GAG,GAG|TRIM11,False,cytoplasm;nucleus,,,True,False,False,False,False,False,False,False,0.0,CRC,NA
E3|Q96F44|P02647,E3|Q96F44,E3,Q96F44,P02647,TRIM11,APOA1,RING,0,neg2x_initial_degree_matched,,TRIM11,APOA1,APOA1|TRIM11,False,cytoplasm;nucleus,extracellular,,True,True,False,True,True,False,False,False,0.09061,LIHC,LIHC|LIHC_GSE146115_expression_Celltype_majorlineage|CD8T
E3|Q96F44|Q2F514,E3|Q96F44,E3,Q96F44,Q2F514,TRIM11,X,RING,0,neg2x_initial_degree_matched,,TRIM11,X,TRIM11|X,False,cytoplasm;nucleus,,,True,False,False,False,False,False,False,False,0.0,CRC,NA
E3|Q96F44|Q9UNK0,E3|Q96F44,E3,Q96F44,Q9UNK0,TRIM11,STX8,RING,0,neg2x_initial_degree_matched,,TRIM11,STX8,STX8|TRIM11,False,cytoplasm;nucleus,endosome;membrane;plasma_membrane,,True,True,False,True,True,False,False,False,0.23145,LIHC,LIHC|LIHC_GSE98638_expression_Celltype_majorlineage|CD8T
E3|Q96FA3|Q9H992,E3|Q96FA3,E3,Q96FA3,Q9H992,PELI1,MARCHF7,RING,0,neg2x_initial_degree_matched,,PELI1,MARCHF7,MARCHF7|PELI1,False,nucleus,cytoplasm,,True,True,False,False,False,False,False,False,0.0,CRC,NA
E3|Q96FA3|O60343,E3|Q96FA3,E3,Q96FA3,O60343,PELI1,TBC1D4,RING,0,neg2x_initial_degree_matched,,PELI1,TBC1D4,PELI1|TBC1D4,False,nucleus,cytoplasm,,True,True,False,True,True,True,False,True,1.05251,CRC,CRC|CRC_GSE108989_expression_Celltype_majorlineage|Treg
E3|Q96FA3|P00367,E3|Q96FA3,E3,Q96FA3,P00367,PELI1,GLUD1,RING,0,neg2x_initial_degree_matched,,PELI1,GLUD1,GLUD1|PELI1,False,nucleus,endoplasmic_reticulum;mitochondrion,,True,True,False,True,True,False,False,False,0.6305,CRC,CRC|CRC_GSE108989_expression_Celltype_majorlineage|Treg
E3|Q96FA3|P12277,E3|Q96FA3,E3,Q96FA3,P12277,PELI1,CKB,RING,0,neg2x_initial_degree_matched,,PELI1,CKB,CKB|PELI1,False,nucleus,cytoplasm;membrane;mitochondrion;plasma_membrane,,True,True,False,True,True,False,False,False,0.33892,CRC,CRC|CRC_GSE146771_Smartseq2_expression_Celltype_majorlineage|Fibroblasts
E3|Q96FA3|Q99062,E3|Q96FA3,E3,Q96FA3,Q99062,PELI1,CSF3R,RING,0,neg2x_initial_degree_matched,,PELI1,CSF3R,CSF3R|PELI1,False,nucleus,extracellular;membrane;plasma_membrane,,True,True,False,True,True,False,False,False,0.62641,LIHC,LIHC|LIHC_GSE140228_Smartseq2_expression_Celltype_majorlineage|Mono/Macro
E3|Q96FA3|Q86XT4,E3|Q96FA3,E3,Q96FA3,Q86XT4,PELI1,TRIM50,RING,0,neg2x_initial_degree_matched,,PELI1,TRIM50,PELI1|TRIM50,False,nucleus,cytoplasm,,True,True,False,True,True,False,False,False,0.03258,LIHC,LIHC|LIHC_GSE146115_expression_Celltype_majorlineage|Malignant
E3|Q96FA3|P01130,E3|Q96FA3,E3,Q96FA3,P01130,PELI1,LDLR,RING,0,neg2x_initial_degree_matched,,PELI1,LDLR,LDLR|PELI1,False,nucleus,endosome;golgi;lysosome;membrane;plasma_membrane,,True,True,False,True,True,False,False,False,0.4731,CRC,CRC|CRC_GSE108989_expression_Celltype_majorlineage|Tprolif
E3|Q96FA3|P49675,E3|Q96FA3,E3,Q96FA3,P49675,PELI1,STAR,RING,0,neg2x_initial_degree_matched,,PELI1,STAR,PELI1|STAR,False,nucleus,mitochondrion,,True,True,False,True,True,False,False,False,0.12666,LIHC,LIHC|LIHC_GSE146115_expression_Celltype_majorlineage|Mono/Macro
E3|Q96FA3|P03427,E3|Q96FA3,E3,Q96FA3,P03427,PELI1,PB2,RING,0,neg2x_initial_degree_matched,,PELI1,PB2,PB2|PELI1,False,nucleus,,,True,False,False,False,False,False,False,False,0.0,CRC,NA
E3|Q96GF1|Q9NRM7,E3|Q96GF1,E3,Q96GF1,Q9NRM7,RNF185,LATS2,RING,0,neg2x_initial_degree_matched,,RNF185,LATS2,LATS2|RNF185,False,endoplasmic_reticulum;membrane;mitochondrion,cytoplasm;cytoskeleton;nucleus,,True,True,False,True,True,False,False,False,0.09618,LIHC,LIHC|LIHC_GSE179795_expression_Celltype_majorlineage|Mono/Macro
E3|Q96GF1|P26927,E3|Q96GF1,E3,Q96GF1,P26927,RNF185,MST1,RING,0,neg2x_initial_degree_matched,,RNF185,MST1,MST1|RNF185,False,endoplasmic_reticulum;membrane;mitochondrion,extracellular,,True,True,False,True,True,False,False,False,0.1073,LIHC,LIHC|LIHC_GSE146115_expression_Celltype_majorlineage|Malignant
E3|Q96GF1|Q96J92,E3|Q96GF1,E3,Q96GF1,Q96J92,RNF185,WNK4,RING,0,neg2x_initial_degree_matched,,RNF185,WNK4,RNF185|WNK4,False,endoplasmic_reticulum;membrane;mitochondrion,cell_junction;cytoplasm,,True,True,False,True,True,False,False,False,0.07196,CRC,CRC|CRC_GSE166555_expression_Celltype_majorlineage|Epithelial
E3|Q96GF1|Q8WUM4,E3|Q96GF1,E3,Q96GF1,Q8WUM4,RNF185,PDCD6IP,RING,0,neg2x_initial_degree_matched,,RNF185,PDCD6IP,PDCD6IP|RNF185,False,endoplasmic_reticulum;membrane;mitochondrion,cell_junction;cytoplasm;cytoskeleton;extracellular,,True,True,False,True,True,False,False,False,0.20709,LIHC,LIHC|LIHC_GSE98638_expression_Celltype_majorlineage|Tprolif
E3|Q96GF1|Q16665,E3|Q96GF1,E3,Q96GF1,Q16665,RNF185,HIF1A,RING,0,neg2x_initial_degree_matched,,RNF185,HIF1A,HIF1A|RNF185,False,endoplasmic_reticulum;membrane;mitochondrion,cytoplasm;nucleus,,True,True,False,True,True,False,False,False,0.20709,LIHC,LIHC|LIHC_GSE98638_expression_Celltype_majorlineage|Tprolif
E3|Q96J02|O95388,E3|Q96J02,E3,Q96J02,O95388,ITCH,CCN4,HECT,0,neg2x_initial_degree_matched,,ITCH,CCN4,CCN4|ITCH,False,cytoplasm;endosome;membrane;nucleus;plasma_membrane,extracellular,,True,True,False,False,False,False,False,False,0.0,CRC,NA
E3|Q96J02|Q92918,E3|Q96J02,E3,Q96J02,Q92918,ITCH,MAP4K1,HECT,0,neg2x_initial_degree_matched,,ITCH,MAP4K1,ITCH|MAP4K1,False,cytoplasm;endosome;membrane;nucleus;plasma_membrane,,,True,False,False,True,True,False,False,False,0.50191,CRC,CRC|CRC_GSE146771_Smartseq2_expression_Celltype_majorlineage|CD8T
E3|Q96J02|Q13233,E3|Q96J02,E3,Q96J02,Q13233,ITCH,MAP3K1,HECT,0,neg2x_initial_degree_matched,,ITCH,MAP3K1,ITCH|MAP3K1,False,cytoplasm;endosome;membrane;nucleus;plasma_membrane,,,True,False,False,True,True,False,False,False,0.3956,LIHC,LIHC|LIHC_GSE140228_Smartseq2_expression_Celltype_majorlineage|ILC
E3|Q96J02|P31937,E3|Q96J02,E3,Q96J02,P31937,ITCH,HIBADH,HECT,0,neg2x_initial_degree_matched,,ITCH,HIBADH,HIBADH|ITCH,False,cytoplasm;endosome;membrane;nucleus;plasma_membrane,mitochondrion,,True,True,False,True,True,False,False,False,0.2696,CRC,CRC|CRC_GSE108989_expression_Celltype_majorlineage|Tprolif
E3|Q96J02|Q8N519,E3|Q96J02,E3,Q96J02,Q8N519,ITCH,,HECT,0,neg2x_initial_degree_matched,,ITCH,,,False,cytoplasm;endosome;membrane;nucleus;plasma_membrane,,,True,False,False,False,False,False,False,False,0.0,CRC,NA
E3|Q96J02|Q30134,E3|Q96J02,E3,Q96J02,Q30134,ITCH,HLA-DRB1,HECT,0,neg2x_initial_degree_matched,,ITCH,HLA-DRB1,HLA-DRB1|ITCH,False,cytoplasm;endosome;membrane;nucleus;plasma_membrane,,,True,False,False,True,True,False,False,False,0.54258,LIHC,LIHC|LIHC_GSE140228_Smartseq2_expression_Celltype_majorlineage|NK
E3|Q96J02|P55036,E3|Q96J02,E3,Q96J02,P55036,ITCH,PSMD4,HECT,0,neg2x_initial_degree_matched,,ITCH,PSMD4,ITCH|PSMD4,False,cytoplasm;endosome;membrane;nucleus;plasma_membrane,,,True,False,False,True,True,False,False,False,0.54258,LIHC,LIHC|LIHC_GSE140228_Smartseq2_expression_Celltype_majorlineage|NK
E3|Q96J02|P03129,E3|Q96J02,E3,Q96J02,P03129,ITCH,E7,HECT,0,neg2x_initial_degree_matched,,ITCH,E7,E7|ITCH,False,cytoplasm;endosome;membrane;nucleus;plasma_membrane,,,True,False,False,False,False,False,False,False,0.0,CRC,NA
E3|Q96J02|P54098,E3|Q96J02,E3,Q96J02,P54098,ITCH,POLG,HECT,0,neg2x_initial_degree_matched,,ITCH,POLG,ITCH|POLG,False,cytoplasm;endosome;membrane;nucleus;plasma_membrane,mitochondrion,,True,True,False,True,True,False,False,False,0.46184,LIHC,LIHC|LIHC_GSE98638_expression_Celltype_majorlineage|CD8Tex
E3|Q96J02|A9UEZ6,E3|Q96J02,E3,Q96J02,A9UEZ6,ITCH,BCR/ABL fusion,HECT,0,neg2x_initial_degree_matched,,ITCH,BCR/ABL FUSION,BCR/ABL FUSION|ITCH,False,cytoplasm;endosome;membrane;nucleus;plasma_membrane,,,True,False,False,False,False,False,False,False,0.0,CRC,NA
E3|Q96J02|O00233,E3|Q96J02,E3,Q96J02,O00233,ITCH,PSMD9,HECT,0,neg2x_initial_degree_matched,,ITCH,PSMD9,ITCH|PSMD9,False,cytoplasm;endosome;membrane;nucleus;plasma_membrane,,,True,False,False,True,True,False,False,False,0.4671,CRC,CRC|CRC_GSE146771_Smartseq2_expression_Celltype_majorlineage|CD8T
E3|Q96J02|P19429,E3|Q96J02,E3,Q96J02,P19429,ITCH,TNNI3,HECT,0,neg2x_initial_degree_matched,,ITCH,TNNI3,ITCH|TNNI3,False,cytoplasm;endosome;membrane;nucleus;plasma_membrane,,,True,False,False,True,True,False,False,False,0.10663,CRC,CRC|CRC_EMTAB8107_expression_Celltype_majorlineage|Malignant
E3|Q96J02|Q92734,E3|Q96J02,E3,Q96J02,Q92734,ITCH,TFG,HECT,0,neg2x_initial_degree_matched,,ITCH,TFG,ITCH|TFG,False,cytoplasm;endosome;membrane;nucleus;plasma_membrane,endoplasmic_reticulum,,True,True,False,True,True,False,False,False,0.41729,LIHC,LIHC|LIHC_GSE140228_Smartseq2_expression_Celltype_majorlineage|Tprolif
E3|Q96JP5|O60294,E3|Q96JP5,E3,Q96JP5,O60294,ZFP91,LCMT2,HECT,0,neg2x_initial_degree_matched,,ZFP91,LCMT2,LCMT2|ZFP91,False,nucleus,,,True,False,False,True,True,False,False,False,0.07362,CRC,CRC|CRC_GSE139555_expression_Celltype_majorlineage|Myofibroblasts
E3|Q96JP5|O60858,E3|Q96JP5,E3,Q96JP5,O60858,ZFP91,TRIM13,HECT,0,neg2x_initial_degree_matched,,ZFP91,TRIM13,TRIM13|ZFP91,False,nucleus,endoplasmic_reticulum;membrane,,True,True,False,True,True,False,False,False,0.34792,CRC,CRC|CRC_GSE108989_expression_Celltype_majorlineage|Tprolif
E3|Q96K19|O14618,E3|Q96K19,E3,Q96K19,O14618,RNF170,CCS,RING,0,neg2x_initial_degree_matched,,RNF170,CCS,CCS|RNF170,False,endoplasmic_reticulum;membrane,cytoplasm,,True,True,False,True,True,False,False,False,0.21956,LIHC,LIHC|LIHC_GSE146115_expression_Celltype_majorlineage|Malignant
E3|Q96K19|Q92769,E3|Q96K19,E3,Q96K19,Q92769,RNF170,HDAC2,RING,0,neg2x_initial_degree_matched,,RNF170,HDAC2,HDAC2|RNF170,False,endoplasmic_reticulum;membrane,cytoplasm;nucleus,,True,True,False,True,True,False,False,False,0.20362,LIHC,LIHC|LIHC_GSE140228_Smartseq2_expression_Celltype_majorlineage|ILC
E3|Q96LD4|O60762,E3|Q96LD4,E3,Q96LD4,O60762,TRIM47,DPM1,RING,0,neg2x_initial_degree_matched,,TRIM47,DPM1,DPM1|TRIM47,False,cytoplasm;nucleus,endoplasmic_reticulum,,True,True,False,True,True,False,False,False,0.34239,CRC,CRC|CRC_GSE166555_expression_Celltype_majorlineage|Endothelial
E3|Q96LD4|P26951,E3|Q96LD4,E3,Q96LD4,P26951,TRIM47,IL3RA,RING,0,neg2x_initial_degree_matched,,TRIM47,IL3RA,IL3RA|TRIM47,False,cytoplasm;nucleus,membrane;plasma_membrane,,True,True,False,True,True,False,False,False,0.47712,CRC,CRC|CRC_GSE166555_expression_Celltype_majorlineage|Endothelial
E3|Q96M94|O60486,E3|Q96M94,E3,Q96M94,O60486,KLHL15,PLXNC1,SINGLE_OTHER,0,neg2x_initial_degree_matched,,KLHL15,PLXNC1,KLHL15|PLXNC1,False,nucleus,membrane,,True,True,False,True,True,False,False,False,0.28386,CRC,CRC|CRC_GSE166555_expression_Celltype_majorlineage|Mono/Macro
E3|Q96M94|P84077,E3|Q96M94,E3,Q96M94,P84077,KLHL15,ARF1,SINGLE_OTHER,0,neg2x_initial_degree_matched,,KLHL15,ARF1,ARF1|KLHL15,False,nucleus,cytoplasm;golgi;membrane,,True,True,False,True,True,False,False,False,0.28386,CRC,CRC|CRC_GSE166555_expression_Celltype_majorlineage|Mono/Macro
E3|Q96M94|Q9UJA2,E3|Q96M94,E3,Q96M94,Q9UJA2,KLHL15,CRLS1,SINGLE_OTHER,0,neg2x_initial_degree_matched,,KLHL15,CRLS1,CRLS1|KLHL15,False,nucleus,membrane;mitochondrion,,True,True,False,True,True,False,False,False,0.15101,CRC,CRC|CRC_GSE166555_expression_Celltype_majorlineage|Mono/Macro
E3|Q96ME1|O43175,E3|Q96ME1,E3,Q96ME1,O43175,FBXL18,PHGDH,F-box,0,neg2x_initial_degree_matched,,FBXL18,PHGDH,FBXL18|PHGDH,False,,,,False,False,False,True,True,False,False,False,0.23517,LIHC,LIHC|LIHC_GSE146115_expression_Celltype_majorlineage|Malignant
E3|Q96ME1|Q9Y5X1,E3|Q96ME1,E3,Q96ME1,Q9Y5X1,FBXL18,SNX9,F-box,0,neg2x_initial_degree_matched,,FBXL18,SNX9,FBXL18|SNX9,False,,cytoplasm;cytoskeleton;golgi;membrane;plasma_membrane;vesicle,,False,True,False,True,True,False,False,False,0.37261,LIHC,LIHC|LIHC_GSE146115_expression_Celltype_majorlineage|Mono/Macro
E3|Q96MT1|Q9NS23,E3|Q96MT1,E3,Q96MT1,Q9NS23,RNF145,RASSF1,RING,0,neg2x_initial_degree_matched,,RNF145,RASSF1,RASSF1|RNF145,False,endoplasmic_reticulum;membrane,cytoplasm;cytoskeleton;nucleus,,True,True,False,True,True,False,False,False,0.37084,LIHC,LIHC|LIHC_GSE140228_10X_expression_Celltype_majorlineage|NK
E3|Q96PM5|A9UEZ6,E3|Q96PM5,E3,Q96PM5,A9UEZ6,RCHY1,BCR/ABL fusion,RING,0,neg2x_initial_degree_matched,,RCHY1,BCR/ABL FUSION,BCR/ABL FUSION|RCHY1,False,cytoplasm;nucleus,,,True,False,False,False,False,False,False,False,0.0,CRC,NA
E3|Q96PM5|P01023,E3|Q96PM5,E3,Q96PM5,P01023,RCHY1,A2M,RING,0,neg2x_initial_degree_matched,,RCHY1,A2M,A2M|RCHY1,False,cytoplasm;nucleus,extracellular,,True,True,False,True,True,False,False,False,0.24597,CRC,CRC|CRC_GSE146771_Smartseq2_expression_Celltype_majorlineage|CD8Tex
E3|Q96PM5|Q9UM73,E3|Q96PM5,E3,Q96PM5,Q9UM73,RCHY1,ALK,RING,0,neg2x_initial_degree_matched,,RCHY1,ALK,ALK|RCHY1,False,cytoplasm;nucleus,membrane;plasma_membrane,,True,True,False,True,True,False,False,False,0.0348,LIHC,LIHC|LIHC_GSE140228_Smartseq2_expression_Celltype_majorlineage|Mono/Macro
E3|Q96PM5|Q02779,E3|Q96PM5,E3,Q96PM5,Q02779,RCHY1,MAP3K10,RING,0,neg2x_initial_degree_matched,,RCHY1,MAP3K10,MAP3K10|RCHY1,False,cytoplasm;nucleus,,,True,False,False,True,True,False,False,False,0.1055,CRC,CRC|CRC_GSE146771_Smartseq2_expression_Celltype_majorlineage|Endothelial
E3|Q96PU4|P04035,E3|Q96PU4,E3,Q96PU4,P04035,UHRF2,HMGCR,RING,0,neg2x_initial_degree_matched,,UHRF2,HMGCR,HMGCR|UHRF2,False,nucleus,endoplasmic_reticulum;membrane;peroxisome,,True,True,False,True,True,False,False,False,0.22865,CRC,CRC|CRC_GSE146771_Smartseq2_expression_Celltype_majorlineage|CD8Tex
E3|Q96PU4|O60573,E3|Q96PU4,E3,Q96PU4,O60573,UHRF2,EIF4E2,RING,0,neg2x_initial_degree_matched,,UHRF2,EIF4E2,EIF4E2|UHRF2,False,nucleus,cytoplasm,,True,True,False,True,True,False,False,False,0.37954,CRC,CRC|CRC_GSE108989_expression_Celltype_majorlineage|Treg
E3|Q96PU4|Q96J92,E3|Q96PU4,E3,Q96PU4,Q96J92,UHRF2,WNK4,RING,0,neg2x_initial_degree_matched,,UHRF2,WNK4,UHRF2|WNK4,False,nucleus,cell_junction;cytoplasm,,True,True,False,True,True,False,False,False,0.20407,CRC,CRC|CRC_GSE166555_expression_Celltype_majorlineage|Malignant
E3|Q96PU4|Q9UKL4,E3|Q96PU4,E3,Q96PU4,Q9UKL4,UHRF2,GJD2,RING,0,neg2x_initial_degree_matched,,UHRF2,GJD2,GJD2|UHRF2,False,nucleus,cell_junction;membrane;plasma_membrane,,True,True,False,True,True,False,False,False,0.00041,LIHC,LIHC|LIHC_GSE140228_Smartseq2_expression_Celltype_majorlineage|NK
E3|Q96PU4|Q9Y2K6,E3|Q96PU4,E3,Q96PU4,Q9Y2K6,UHRF2,USP20,RING,0,neg2x_initial_degree_matched,,UHRF2,USP20,UHRF2|USP20,False,nucleus,cytoplasm;cytoskeleton;endoplasmic_reticulum,,True,True,False,True,True,False,False,False,0.37954,CRC,CRC|CRC_GSE108989_expression_Celltype_majorlineage|Treg
E3|Q96PU5|O00482,E3|Q96PU5,E3,Q96PU5,O00482,NEDD4L,NR5A2,HECT,0,neg2x_initial_degree_matched,,NEDD4L,NR5A2,NEDD4L|NR5A2,False,cytoplasm;endosome;golgi,nucleus,,True,True,False,True,True,False,False,False,0.24825,CRC,CRC|CRC_GSE166555_expression_Celltype_majorlineage|Epithelial
E3|Q96PU5|Q96A32,E3|Q96PU5,E3,Q96PU5,Q96A32,NEDD4L,MYLPF,HECT,0,neg2x_initial_degree_matched,,NEDD4L,MYLPF,MYLPF|NEDD4L,False,cytoplasm;endosome;golgi,,,True,False,False,True,True,False,False,False,0.02691,CRC,CRC|CRC_EMTAB8107_expression_Celltype_majorlineage|Malignant
E3|Q96PU5|P31994,E3|Q96PU5,E3,Q96PU5,P31994,NEDD4L,FCGR2B,HECT,0,neg2x_initial_degree_matched,,NEDD4L,FCGR2B,FCGR2B|NEDD4L,False,cytoplasm;endosome;golgi,membrane;plasma_membrane,,True,True,False,True,True,False,False,False,0.16004,LIHC,LIHC|LIHC_GSE146115_expression_Celltype_majorlineage|Mono/Macro
E3|Q96PU5|Q86TM6,E3|Q96PU5,E3,Q96PU5,Q86TM6,NEDD4L,SYVN1,HECT,0,neg2x_initial_degree_matched,,NEDD4L,SYVN1,NEDD4L|SYVN1,False,cytoplasm;endosome;golgi,endoplasmic_reticulum;membrane,,True,True,False,True,True,False,False,False,0.27775,LIHC,LIHC|LIHC_GSE146115_expression_Celltype_majorlineage|Malignant
E3|Q96PU5|Q12981,E3|Q96PU5,E3,Q96PU5,Q12981,NEDD4L,BNIP1,HECT,0,neg2x_initial_degree_matched,,NEDD4L,BNIP1,BNIP1|NEDD4L,False,cytoplasm;endosome;golgi,endoplasmic_reticulum;membrane;mitochondrion,,True,True,False,True,True,False,False,False,0.08004,LIHC,LIHC|LIHC_GSE166635_expression_Celltype_majorlineage|Malignant
E3|Q96PU5|P23919,E3|Q96PU5,E3,Q96PU5,P23919,NEDD4L,DTYMK,HECT,0,neg2x_initial_degree_matched,,NEDD4L,DTYMK,DTYMK|NEDD4L,False,cytoplasm;endosome;golgi,,,True,False,False,True,True,False,False,False,0.23033,CRC,CRC|CRC_GSE166555_expression_Celltype_majorlineage|Malignant
E3|Q96PU5|P02765,E3|Q96PU5,E3,Q96PU5,P02765,NEDD4L,AHSG,HECT,0,neg2x_initial_degree_matched,,NEDD4L,AHSG,AHSG|NEDD4L,False,cytoplasm;endosome;golgi,extracellular,,True,True,False,True,True,False,False,False,0.36951,LIHC,LIHC|LIHC_GSE146115_expression_Celltype_majorlineage|Malignant
E3|Q96PU5|Q13564,E3|Q96PU5,E3,Q96PU5,Q13564,NEDD4L,NAE1,HECT,0,neg2x_initial_degree_matched,,NEDD4L,NAE1,NAE1|NEDD4L,False,cytoplasm;endosome;golgi,membrane;plasma_membrane,,True,True,False,True,True,False,False,False,0.28289,CRC,CRC|CRC_GSE166555_expression_Celltype_majorlineage|Malignant
E3|Q96PU5|Q96GM5,E3|Q96PU5,E3,Q96PU5,Q96GM5,NEDD4L,SMARCD1,HECT,0,neg2x_initial_degree_matched,,NEDD4L,SMARCD1,NEDD4L|SMARCD1,False,cytoplasm;endosome;golgi,nucleus,,True,True,False,True,True,False,False,False,0.24237,CRC,CRC|CRC_GSE166555_expression_Celltype_majorlineage|Malignant
E3|Q96PU5|Q9Y5A6,E3|Q96PU5,E3,Q96PU5,Q9Y5A6,NEDD4L,ZSCAN21,HECT,0,neg2x_initial_degree_matched,,NEDD4L,ZSCAN21,NEDD4L|ZSCAN21,False,cytoplasm;endosome;golgi,nucleus,,True,True,False,True,True,False,False,False,0.05902,CRC,CRC|CRC_GSE166555_expression_Celltype_majorlineage|Endothelial
E3|Q96PU5|Q04912,E3|Q96PU5,E3,Q96PU5,Q04912,NEDD4L,MST1R,HECT,0,neg2x_initial_degree_matched,,NEDD4L,MST1R,MST1R|NEDD4L,False,cytoplasm;endosome;golgi,membrane,,True,True,False,True,True,False,False,False,0.32432,CRC,CRC|CRC_GSE166555_expression_Celltype_majorlineage|Epithelial
E3|Q96PU5|P07333,E3|Q96PU5,E3,Q96PU5,P07333,NEDD4L,CSF1R,HECT,0,neg2x_initial_degree_matched,,NEDD4L,CSF1R,CSF1R|NEDD4L,False,cytoplasm;endosome;golgi,membrane;plasma_membrane,,True,True,False,True,True,False,False,False,0.16477,LIHC,LIHC|LIHC_GSE146115_expression_Celltype_majorlineage|Mono/Macro
E3|Q96PU5|Q9Y3Z3,E3|Q96PU5,E3,Q96PU5,Q9Y3Z3,NEDD4L,SAMHD1,HECT,0,neg2x_initial_degree_matched,,NEDD4L,SAMHD1,NEDD4L|SAMHD1,False,cytoplasm;endosome;golgi,nucleus,,True,True,False,True,True,False,False,False,0.16477,LIHC,LIHC|LIHC_GSE146115_expression_Celltype_majorlineage|Mono/Macro
E3|Q96PU5|P23025,E3|Q96PU5,E3,Q96PU5,P23025,NEDD4L,XPA,HECT,0,neg2x_initial_degree_matched,,NEDD4L,XPA,NEDD4L|XPA,False,cytoplasm;endosome;golgi,nucleus,,True,True,False,True,True,False,False,False,0.19487,CRC,CRC|CRC_GSE166555_expression_Celltype_majorlineage|Malignant
E3|Q96PU5|Q8WW12,E3|Q96PU5,E3,Q96PU5,Q8WW12,NEDD4L,PCNP,HECT,0,neg2x_initial_degree_matched,,NEDD4L,PCNP,NEDD4L|PCNP,False,cytoplasm;endosome;golgi,nucleus,,True,True,False,True,True,False,False,False,0.35982,CRC,CRC|CRC_GSE166555_expression_Celltype_majorlineage|Malignant
E3|Q96PU5|Q9NP71,E3|Q96PU5,E3,Q96PU5,Q9NP71,NEDD4L,MLXIPL,HECT,0,neg2x_initial_degree_matched,,NEDD4L,MLXIPL,MLXIPL|NEDD4L,False,cytoplasm;endosome;golgi,nucleus,,True,True,False,True,True,False,False,False,0.36951,LIHC,LIHC|LIHC_GSE146115_expression_Celltype_majorlineage|Malignant
E3|Q96PU5|P04179,E3|Q96PU5,E3,Q96PU5,P04179,NEDD4L,SOD2,HECT,0,neg2x_initial_degree_matched,,NEDD4L,SOD2,NEDD4L|SOD2,False,cytoplasm;endosome;golgi,mitochondrion,,True,True,False,True,True,False,False,False,0.36951,LIHC,LIHC|LIHC_GSE146115_expression_Celltype_majorlineage|Malignant
E3|Q96PU5|P16070,E3|Q96PU5,E3,Q96PU5,P16070,NEDD4L,CD44,HECT,0,neg2x_initial_degree_matched,,NEDD4L,CD44,CD44|NEDD4L,False,cytoplasm;endosome;golgi,cytoskeleton;extracellular;membrane;plasma_membrane,,True,True,False,True,True,False,False,False,0.55685,CRC,CRC|CRC_GSE166555_expression_Celltype_majorlineage|Malignant
E3|Q96PU5|Q5VTR2,E3|Q96PU5,E3,Q96PU5,Q5VTR2,NEDD4L,RNF20,HECT,0,neg2x_initial_degree_matched,,NEDD4L,RNF20,NEDD4L|RNF20,False,cytoplasm;endosome;golgi,nucleus,,True,True,False,True,True,False,False,False,0.2112,LIHC,LIHC|LIHC_GSE146115_expression_Celltype_majorlineage|Malignant
E3|Q96PU5|Q08117,E3|Q96PU5,E3,Q96PU5,Q08117,NEDD4L,TLE5,HECT,0,neg2x_initial_degree_matched,,NEDD4L,TLE5,NEDD4L|TLE5,False,cytoplasm;endosome;golgi,nucleus,,True,True,False,False,True,False,False,False,0.09434,LIHC,LIHC|LIHC_GSE179795_expression_Celltype_majorlineage|Mono/Macro
E3|Q96PU5|Q9UQK1,E3|Q96PU5,E3,Q96PU5,Q9UQK1,NEDD4L,PPP1R3C,HECT,0,neg2x_initial_degree_matched,,NEDD4L,PPP1R3C,NEDD4L|PPP1R3C,False,cytoplasm;endosome;golgi,,,True,False,False,True,True,False,False,False,0.18176,LIHC,LIHC|LIHC_GSE146115_expression_Celltype_majorlineage|Malignant
E3|Q96PU5|P04439,E3|Q96PU5,E3,Q96PU5,P04439,NEDD4L,HLA-A,HECT,0,neg2x_initial_degree_matched,,NEDD4L,HLA-A,HLA-A|NEDD4L,False,cytoplasm;endosome;golgi,endoplasmic_reticulum;membrane;plasma_membrane,,True,True,False,True,True,False,False,False,0.55685,CRC,CRC|CRC_GSE166555_expression_Celltype_majorlineage|Malignant
E3|Q96PU5|Q7L7L0,E3|Q96PU5,E3,Q96PU5,Q7L7L0,NEDD4L,H2AW,HECT,0,neg2x_initial_degree_matched,,NEDD4L,H2AW,H2AW|NEDD4L,False,cytoplasm;endosome;golgi,nucleus,,True,True,False,False,False,False,False,False,0.0,CRC,NA
E3|Q96PU5|P35548,E3|Q96PU5,E3,Q96PU5,P35548,NEDD4L,MSX2,HECT,0,neg2x_initial_degree_matched,,NEDD4L,MSX2,MSX2|NEDD4L,False,cytoplasm;endosome;golgi,nucleus,,True,True,False,True,True,False,False,False,0.06255,CRC,CRC|CRC_EMTAB8107_expression_Celltype_majorlineage|Malignant
E3|Q96PU5|Q9NQR1,E3|Q96PU5,E3,Q96PU5,Q9NQR1,NEDD4L,KMT5A,HECT,0,neg2x_initial_degree_matched,,NEDD4L,KMT5A,KMT5A|NEDD4L,False,cytoplasm;endosome;golgi,nucleus,,True,True,False,True,True,False,False,False,0.25069,CRC,CRC|CRC_GSE166555_expression_Celltype_majorlineage|Malignant
E3|Q96PU5|Q8WVD3,E3|Q96PU5,E3,Q96PU5,Q8WVD3,NEDD4L,RNF138,HECT,0,neg2x_initial_degree_matched,,NEDD4L,RNF138,NEDD4L|RNF138,False,cytoplasm;endosome;golgi,nucleus,,True,True,False,True,True,False,False,False,0.22485,CRC,CRC|CRC_GSE139555_expression_Celltype_majorlineage|Myofibroblasts
E3|Q96PU5|P32314,E3|Q96PU5,E3,Q96PU5,P32314,NEDD4L,FOXN2,HECT,0,neg2x_initial_degree_matched,,NEDD4L,FOXN2,FOXN2|NEDD4L,False,cytoplasm;endosome;golgi,nucleus,,True,True,False,True,True,False,False,False,0.29024,LIHC,LIHC|LIHC_GSE146115_expression_Celltype_majorlineage|Malignant
E3|Q96PU5|P30307,E3|Q96PU5,E3,Q96PU5,P30307,NEDD4L,CDC25C,HECT,0,neg2x_initial_degree_matched,,NEDD4L,CDC25C,CDC25C|NEDD4L,False,cytoplasm;endosome;golgi,nucleus,,True,True,False,True,True,False,False,False,0.06543,LIHC,LIHC|LIHC_GSE166635_expression_Celltype_majorlineage|Tprolif
E3|Q96PU5|P16401,E3|Q96PU5,E3,Q96PU5,P16401,NEDD4L,H1-5,HECT,0,neg2x_initial_degree_matched,,NEDD4L,H1-5,H1-5|NEDD4L,False,cytoplasm;endosome;golgi,nucleus,,True,True,False,False,False,False,False,False,0.0,CRC,NA
E3|Q96PU5|P19634,E3|Q96PU5,E3,Q96PU5,P19634,NEDD4L,SLC9A1,HECT,0,neg2x_initial_degree_matched,,NEDD4L,SLC9A1,NEDD4L|SLC9A1,False,cytoplasm;endosome;golgi,membrane;plasma_membrane,,True,True,False,True,True,False,False,False,0.13312,CRC,CRC|CRC_EMTAB8107_expression_Celltype_majorlineage|Epithelial
E3|Q96PU5|P49116,E3|Q96PU5,E3,Q96PU5,P49116,NEDD4L,NR2C2,HECT,0,neg2x_initial_degree_matched,,NEDD4L,NR2C2,NEDD4L|NR2C2,False,cytoplasm;endosome;golgi,nucleus,,True,True,False,True,True,False,False,False,0.12663,CRC,CRC|CRC_GSE146771_Smartseq2_expression_Celltype_majorlineage|Endothelial
E3|Q96PU5|P0DP91,E3|Q96PU5,E3,Q96PU5,P0DP91,NEDD4L,ERCC6,HECT,0,neg2x_initial_degree_matched,,NEDD4L,ERCC6,ERCC6|NEDD4L,False,cytoplasm;endosome;golgi,nucleus,,True,True,False,True,True,False,False,False,0.10193,LIHC,LIHC|LIHC_GSE146115_expression_Celltype_majorlineage|Malignant
E3|Q96PU5|Q9Y6D0,E3|Q96PU5,E3,Q96PU5,Q9Y6D0,NEDD4L,SELENOK,HECT,0,neg2x_initial_degree_matched,,NEDD4L,SELENOK,NEDD4L|SELENOK,False,cytoplasm;endosome;golgi,endoplasmic_reticulum;membrane;plasma_membrane,,True,True,False,True,True,False,False,False,0.55685,CRC,CRC|CRC_GSE166555_expression_Celltype_majorlineage|Malignant
E3|Q96PU5|Q16875,E3|Q96PU5,E3,Q96PU5,Q16875,NEDD4L,PFKFB3,HECT,0,neg2x_initial_degree_matched,,NEDD4L,PFKFB3,NEDD4L|PFKFB3,False,cytoplasm;endosome;golgi,,,True,False,False,True,True,False,False,False,0.19004,LIHC,LIHC|LIHC_GSE146409_expression_Celltype_majorlineage|Epithelial
E3|Q96PU5|Q9UBZ9,E3|Q96PU5,E3,Q96PU5,Q9UBZ9,NEDD4L,REV1,HECT,0,neg2x_initial_degree_matched,,NEDD4L,REV1,NEDD4L|REV1,False,cytoplasm;endosome;golgi,nucleus,,True,True,False,True,True,False,False,False,0.31452,CRC,CRC|CRC_GSE166555_expression_Celltype_majorlineage|Malignant
E3|Q96PU5|P21359,E3|Q96PU5,E3,Q96PU5,P21359,NEDD4L,NF1,HECT,0,neg2x_initial_degree_matched,,NEDD4L,NF1,NEDD4L|NF1,False,cytoplasm;endosome;golgi,membrane;nucleus;plasma_membrane,,True,True,False,True,True,False,False,False,0.22862,LIHC,LIHC|LIHC_GSE146115_expression_Celltype_majorlineage|Malignant
E3|Q96PU5|Q96EP1,E3|Q96PU5,E3,Q96PU5,Q96EP1,NEDD4L,CHFR,HECT,0,neg2x_initial_degree_matched,,NEDD4L,CHFR,CHFR|NEDD4L,False,cytoplasm;endosome;golgi,nucleus,,True,True,False,True,True,False,False,False,0.16132,CRC,CRC|CRC_GSE146771_Smartseq2_expression_Celltype_majorlineage|Endothelial
E3|Q96PU5|P06127,E3|Q96PU5,E3,Q96PU5,P06127,NEDD4L,CD5,HECT,0,neg2x_initial_degree_matched,,NEDD4L,CD5,CD5|NEDD4L,False,cytoplasm;endosome;golgi,membrane;plasma_membrane,,True,True,False,True,True,False,False,False,0.08534,LIHC,LIHC|LIHC_GSE179795_expression_Celltype_majorlineage|Mono/Macro
E3|Q96PU5|Q9Y5M8,E3|Q96PU5,E3,Q96PU5,Q9Y5M8,NEDD4L,SRPRB,HECT,0,neg2x_initial_degree_matched,,NEDD4L,SRPRB,NEDD4L|SRPRB,False,cytoplasm;endosome;golgi,endoplasmic_reticulum;membrane,,True,True,False,True,True,False,False,False,0.25821,LIHC,LIHC|LIHC_GSE146115_expression_Celltype_majorlineage|Malignant
E3|Q96PU5|Q15672,E3|Q96PU5,E3,Q96PU5,Q15672,NEDD4L,TWIST1,HECT,0,neg2x_initial_degree_matched,,NEDD4L,TWIST1,NEDD4L|TWIST1,False,cytoplasm;endosome;golgi,nucleus,,True,True,False,True,True,False,False,False,0.04216,CRC,CRC|CRC_GSE166555_expression_Celltype_majorlineage|Fibroblasts
E3|Q96PU5|P0C0S5,E3|Q96PU5,E3,Q96PU5,P0C0S5,NEDD4L,H2AZ1,HECT,0,neg2x_initial_degree_matched,,NEDD4L,H2AZ1,H2AZ1|NEDD4L,False,cytoplasm;endosome;golgi,nucleus,,True,True,False,False,False,False,False,False,0.0,CRC,NA
E3|Q96PU5|O95502,E3|Q96PU5,E3,Q96PU5,O95502,NEDD4L,NPTXR,HECT,0,neg2x_initial_degree_matched,,NEDD4L,NPTXR,NEDD4L|NPTXR,False,cytoplasm;endosome;golgi,membrane,,True,True,False,True,True,False,False,False,0.14022,LIHC,LIHC|LIHC_GSE146115_expression_Celltype_majorlineage|Malignant
E3|Q96PU5|Q9UKL4,E3|Q96PU5,E3,Q96PU5,Q9UKL4,NEDD4L,GJD2,HECT,0,neg2x_initial_degree_matched,,NEDD4L,GJD2,GJD2|NEDD4L,False,cytoplasm;endosome;golgi,cell_junction;membrane;plasma_membrane,,True,True,False,True,True,False,False,False,0.00041,LIHC,LIHC|LIHC_GSE140228_Smartseq2_expression_Celltype_majorlineage|NK
E3|Q96PU5|Q9P0M6,E3|Q96PU5,E3,Q96PU5,Q9P0M6,NEDD4L,MACROH2A2,HECT,0,neg2x_initial_degree_matched,,NEDD4L,MACROH2A2,MACROH2A2|NEDD4L,False,cytoplasm;endosome;golgi,nucleus,,True,True,False,False,False,False,False,False,0.0,CRC,NA
E3|Q96PU5|Q15726,E3|Q96PU5,E3,Q96PU5,Q15726,NEDD4L,KISS1,HECT,0,neg2x_initial_degree_matched,,NEDD4L,KISS1,KISS1|NEDD4L,False,cytoplasm;endosome;golgi,extracellular,,True,True,False,True,True,False,False,False,0.0462,CRC,CRC|CRC_EMTAB8107_expression_Celltype_majorlineage|Malignant
E3|Q96PU5|Q96FA3,E3|Q96PU5,E3,Q96PU5,Q96FA3,NEDD4L,PELI1,HECT,0,neg2x_initial_degree_matched,,NEDD4L,PELI1,NEDD4L|PELI1,False,cytoplasm;endosome;golgi,nucleus,,True,True,False,True,True,False,False,False,0.26316,CRC,CRC|CRC_GSE166555_expression_Celltype_majorlineage|Epithelial
E3|Q96PU5|Q08050,E3|Q96PU5,E3,Q96PU5,Q08050,NEDD4L,FOXM1,HECT,0,neg2x_initial_degree_matched,,NEDD4L,FOXM1,FOXM1|NEDD4L,False,cytoplasm;endosome;golgi,nucleus,,True,True,False,True,True,False,False,False,0.10537,CRC,CRC|CRC_GSE166555_expression_Celltype_majorlineage|Malignant
E3|Q96PU5|P22304,E3|Q96PU5,E3,Q96PU5,P22304,NEDD4L,IDS,HECT,0,neg2x_initial_degree_matched,,NEDD4L,IDS,IDS|NEDD4L,False,cytoplasm;endosome;golgi,lysosome,,True,True,False,True,True,False,False,False,0.36951,LIHC,LIHC|LIHC_GSE146115_expression_Celltype_majorlineage|Malignant
E3|Q96PU5|O14867,E3|Q96PU5,E3,Q96PU5,O14867,NEDD4L,BACH1,HECT,0,neg2x_initial_degree_matched,,NEDD4L,BACH1,BACH1|NEDD4L,False,cytoplasm;endosome;golgi,nucleus,,True,True,False,True,True,False,False,False,0.26919,LIHC,LIHC|LIHC_GSE146115_expression_Celltype_majorlineage|Malignant
E3|Q96PU5|Q8N519,E3|Q96PU5,E3,Q96PU5,Q8N519,NEDD4L,,HECT,0,neg2x_initial_degree_matched,,NEDD4L,,,False,cytoplasm;endosome;golgi,,,True,False,False,False,False,False,False,False,0.0,CRC,NA
E3|Q96PU5|P49675,E3|Q96PU5,E3,Q96PU5,P49675,NEDD4L,STAR,HECT,0,neg2x_initial_degree_matched,,NEDD4L,STAR,NEDD4L|STAR,False,cytoplasm;endosome;golgi,mitochondrion,,True,True,False,True,True,False,False,False,0.12666,LIHC,LIHC|LIHC_GSE146115_expression_Celltype_majorlineage|Mono/Macro
E3|Q96PU5|Q9Y253,E3|Q96PU5,E3,Q96PU5,Q9Y253,NEDD4L,POLH,HECT,0,neg2x_initial_degree_matched,,NEDD4L,POLH,NEDD4L|POLH,False,cytoplasm;endosome;golgi,nucleus,,True,True,False,True,True,False,False,False,0.36951,LIHC,LIHC|LIHC_GSE146115_expression_Celltype_majorlineage|Malignant
E3|Q96PU5|Q9NQB0,E3|Q96PU5,E3,Q96PU5,Q9NQB0,NEDD4L,TCF7L2,HECT,0,neg2x_initial_degree_matched,,NEDD4L,TCF7L2,NEDD4L|TCF7L2,False,cytoplasm;endosome;golgi,nucleus,,True,True,False,True,True,False,False,False,0.55685,CRC,CRC|CRC_GSE166555_expression_Celltype_majorlineage|Malignant
E3|Q96PU5|O75525,E3|Q96PU5,E3,Q96PU5,O75525,NEDD4L,KHDRBS3,HECT,0,neg2x_initial_degree_matched,,NEDD4L,KHDRBS3,KHDRBS3|NEDD4L,False,cytoplasm;endosome;golgi,nucleus,,True,True,False,True,True,False,False,False,0.11629,CRC,CRC|CRC_EMTAB8107_expression_Celltype_majorlineage|Enteric glial
E3|Q96PU5|P55211,E3|Q96PU5,E3,Q96PU5,P55211,NEDD4L,CASP9,HECT,0,neg2x_initial_degree_matched,,NEDD4L,CASP9,CASP9|NEDD4L,False,cytoplasm;endosome;golgi,,,True,False,False,True,True,False,False,False,0.10104,CRC,CRC|CRC_GSE146771_Smartseq2_expression_Celltype_majorlineage|Endothelial
E3|Q96PU5|Q70CQ3,E3|Q96PU5,E3,Q96PU5,Q70CQ3,NEDD4L,USP30,HECT,0,neg2x_initial_degree_matched,,NEDD4L,USP30,NEDD4L|USP30,False,cytoplasm;endosome;golgi,membrane;mitochondrion,,True,True,False,True,True,False,False,False,0.07947,CRC,CRC|CRC_GSE139555_expression_Celltype_majorlineage|Myofibroblasts
E3|Q96PU5|Q9P055,E3|Q96PU5,E3,Q96PU5,Q9P055,NEDD4L,JKAMP,HECT,0,neg2x_initial_degree_matched,,NEDD4L,JKAMP,JKAMP|NEDD4L,False,cytoplasm;endosome;golgi,endoplasmic_reticulum;membrane,,True,True,False,True,True,False,False,False,0.22485,CRC,CRC|CRC_GSE139555_expression_Celltype_majorlineage|Myofibroblasts
E3|Q96PU5|Q5MJ70,E3|Q96PU5,E3,Q96PU5,Q5MJ70,NEDD4L,SPDYA,HECT,0,neg2x_initial_degree_matched,,NEDD4L,SPDYA,NEDD4L|SPDYA,False,cytoplasm;endosome;golgi,nucleus,,True,True,False,True,True,False,False,False,0.07907,CRC,CRC|CRC_GSE146771_Smartseq2_expression_Celltype_majorlineage|Mast
E3|Q96Q27|P13761,E3|Q96Q27,E3,Q96Q27,P13761,ASB2,HLA-DRB1,SOCS_VHL_BC-box,0,neg2x_initial_degree_matched,,ASB2,HLA-DRB1,ASB2|HLA-DRB1,False,cytoplasm;cytoskeleton,,,True,False,False,True,True,False,False,False,0.72564,LIHC,LIHC|LIHC_GSE140228_Smartseq2_expression_Celltype_majorlineage|ILC
E3|Q96Q27|O00763,E3|Q96Q27,E3,Q96Q27,O00763,ASB2,ACACB,SOCS_VHL_BC-box,0,neg2x_initial_degree_matched,,ASB2,ACACB,ACACB|ASB2,False,cytoplasm;cytoskeleton,mitochondrion,,True,True,False,True,True,False,False,False,0.10854,CRC,CRC|CRC_GSE166555_expression_Celltype_majorlineage|Myofibroblasts
E3|Q96RU7|Q9NWF9,E3|Q96RU7,E3,Q96RU7,Q9NWF9,TRIB3,RNF216,Other,0,neg2x_initial_degree_matched,,TRIB3,RNF216,RNF216|TRIB3,False,nucleus,cytoplasm;vesicle,,True,True,False,True,True,False,False,False,0.2531,LIHC,LIHC|LIHC_GSE146115_expression_Celltype_majorlineage|Malignant
E3|Q96S21|Q99878,E3|Q96S21,E3,Q96S21,Q99878,RAB40C,H2AC14,SOCS_VHL_BC-box,0,neg2x_initial_degree_matched,,RAB40C,H2AC14,H2AC14|RAB40C,False,cytoplasm;cytoskeleton;golgi;membrane;plasma_membrane,nucleus,,True,True,False,False,False,False,False,False,0.0,CRC,NA
E3|Q96SW2|P11686,E3|Q96SW2,E3,Q96SW2,P11686,CRBN,SFTPC,SINGLE_OTHER,0,neg2x_initial_degree_matched,,CRBN,SFTPC,CRBN|SFTPC,False,cytoplasm;membrane;nucleus,extracellular,,True,True,False,True,True,False,False,False,0.0017,LIHC,LIHC|LIHC_GSE98638_expression_Celltype_majorlineage|Treg
E3|Q96T88|O00628,E3|Q96T88,E3,Q96T88,O00628,UHRF1,PEX7,RING,0,neg2x_initial_degree_matched,,UHRF1,PEX7,PEX7|UHRF1,False,nucleus,cytoplasm;peroxisome,,True,True,False,True,True,False,False,False,0.06847,CRC,CRC|CRC_EMTAB8107_expression_Celltype_majorlineage|Malignant
E3|Q96T88|P18065,E3|Q96T88,E3,Q96T88,P18065,UHRF1,IGFBP2,RING,0,neg2x_initial_degree_matched,,UHRF1,IGFBP2,IGFBP2|UHRF1,False,nucleus,extracellular,,True,True,False,True,True,False,False,False,0.09433,CRC,CRC|CRC_GSE166555_expression_Celltype_majorlineage|Tprolif
E3|Q96T88|Q8N6T3,E3|Q96T88,E3,Q96T88,Q8N6T3,UHRF1,ARFGAP1,RING,0,neg2x_initial_degree_matched,,UHRF1,ARFGAP1,ARFGAP1|UHRF1,False,nucleus,cytoplasm;golgi,,True,True,False,True,True,False,False,False,0.12998,LIHC,LIHC|LIHC_GSE140228_Smartseq2_expression_Celltype_majorlineage|Tprolif
E3|Q96T88|P29317,E3|Q96T88,E3,Q96T88,P29317,UHRF1,EPHA2,RING,0,neg2x_initial_degree_matched,,UHRF1,EPHA2,EPHA2|UHRF1,False,nucleus,cell_junction;cytoplasm;membrane;plasma_membrane,,True,True,False,True,True,False,False,False,0.0742,LIHC,LIHC|LIHC_GSE140228_10X_expression_Celltype_majorlineage|ILC
E3|Q99496|P05777,E3|Q99496,E3,Q99496,P05777,RNF2,M,RING,0,neg2x_initial_degree_matched,,RNF2,M,M|RNF2,False,cytoplasm;nucleus,,,True,False,False,False,False,False,False,False,0.0,CRC,NA
E3|Q99496|Q9BSA4,E3|Q99496,E3,Q99496,Q9BSA4,RNF2,TTYH2,RING,0,neg2x_initial_degree_matched,,RNF2,TTYH2,RNF2|TTYH2,False,cytoplasm;nucleus,membrane;plasma_membrane,,True,True,False,True,True,False,False,False,0.20492,LIHC,LIHC|LIHC_GSE140228_Smartseq2_expression_Celltype_majorlineage|DC
E3|Q99496|Q9BV40,E3|Q99496,E3,Q99496,Q9BV40,RNF2,VAMP8,RING,0,neg2x_initial_degree_matched,,RNF2,VAMP8,RNF2|VAMP8,False,cytoplasm;nucleus,endosome;golgi;lysosome;membrane;plasma_membrane,,True,True,False,True,True,False,False,False,0.20492,LIHC,LIHC|LIHC_GSE140228_Smartseq2_expression_Celltype_majorlineage|DC
E3|Q99496|Q99062,E3|Q99496,E3,Q99496,Q99062,RNF2,CSF3R,RING,0,neg2x_initial_degree_matched,,RNF2,CSF3R,CSF3R|RNF2,False,cytoplasm;nucleus,extracellular;membrane;plasma_membrane,,True,True,False,True,True,False,False,False,0.20492,LIHC,LIHC|LIHC_GSE140228_Smartseq2_expression_Celltype_majorlineage|DC
E3|Q99496|P08034,E3|Q99496,E3,Q99496,P08034,RNF2,GJB1,RING,0,neg2x_initial_degree_matched,,RNF2,GJB1,GJB1|RNF2,False,cytoplasm;nucleus,cell_junction;membrane;plasma_membrane,,True,True,False,True,True,False,False,False,0.13026,LIHC,LIHC|LIHC_GSE166635_expression_Celltype_majorlineage|Malignant
E3|Q99618|P13761,E3|Q99618,E3,Q99618,P13761,CDCA3,HLA-DRB1,F-box,0,neg2x_initial_degree_matched,,CDCA3,HLA-DRB1,CDCA3|HLA-DRB1,False,cytoplasm,,,True,False,False,True,True,False,False,False,0.70126,LIHC,LIHC|LIHC_GSE140228_Smartseq2_expression_Celltype_majorlineage|Tprolif
E3|Q99619|Q14558,E3|Q99619,E3,Q99619,Q14558,SPSB2,PRPSAP1,SOCS_VHL_BC-box,0,neg2x_initial_degree_matched,,SPSB2,PRPSAP1,PRPSAP1|SPSB2,False,cytoplasm,,,True,False,False,True,True,False,False,False,0.15516,LIHC,LIHC|LIHC_GSE98638_expression_Celltype_majorlineage|CD8T
E3|Q99619|O94953,E3|Q99619,E3,Q99619,O94953,SPSB2,KDM4B,SOCS_VHL_BC-box,0,neg2x_initial_degree_matched,,SPSB2,KDM4B,KDM4B|SPSB2,False,cytoplasm,nucleus,,True,True,False,True,True,False,False,False,0.10203,CRC,CRC|CRC_GSE166555_expression_Celltype_majorlineage|Epithelial
E3|Q99619|Q9GIY3,E3|Q99619,E3,Q99619,Q9GIY3,SPSB2,HLA-DRB1,SOCS_VHL_BC-box,0,neg2x_initial_degree_matched,,SPSB2,HLA-DRB1,HLA-DRB1|SPSB2,False,cytoplasm,,,True,False,False,True,True,False,False,False,0.15516,LIHC,LIHC|LIHC_GSE98638_expression_Celltype_majorlineage|CD8T
E3|Q99619|P48436,E3|Q99619,E3,Q99619,P48436,SPSB2,SOX9,SOCS_VHL_BC-box,0,neg2x_initial_degree_matched,,SPSB2,SOX9,SOX9|SPSB2,False,cytoplasm,nucleus,,True,True,False,True,True,False,False,False,0.10203,CRC,CRC|CRC_GSE166555_expression_Celltype_majorlineage|Epithelial
E3|Q99675|C9JYI4,E3|Q99675,E3,Q99675,C9JYI4,CGRRF1,KPNA1,Other,0,neg2x_initial_degree_matched,,CGRRF1,KPNA1,CGRRF1|KPNA1,False,endoplasmic_reticulum;nucleus,,,True,False,False,True,True,False,False,False,0.2017,CRC,CRC|CRC_GSE146771_Smartseq2_expression_Celltype_majorlineage|Treg
E3|Q99728|P31785,E3|Q99728,E3,Q99728,P31785,BARD1,IL2RG,RING,0,neg2x_initial_degree_matched,,BARD1,IL2RG,BARD1|IL2RG,False,cytoplasm;nucleus,membrane;plasma_membrane,,True,True,False,True,True,False,False,False,0.57043,CRC,CRC|CRC_GSE108989_expression_Celltype_majorlineage|Tprolif
E3|Q99728|Q9H5V8,E3|Q99728,E3,Q99728,Q9H5V8,BARD1,CDCP1,RING,0,neg2x_initial_degree_matched,,BARD1,CDCP1,BARD1|CDCP1,False,cytoplasm;nucleus,extracellular;membrane;plasma_membrane,,True,True,False,True,True,False,False,False,0.11621,LIHC,LIHC|LIHC_GSE166635_expression_Celltype_majorlineage|Tprolif
E3|Q99942|Q8IYW5,E3|Q99942,E3,Q99942,Q8IYW5,RNF5,RNF168,RING,0,neg2x_initial_degree_matched,,RNF5,RNF168,RNF168|RNF5,False,cytoplasm;endoplasmic_reticulum;membrane;mitochondrion;plasma_membrane,nucleus,,True,True,False,True,True,False,False,False,0.44064,LIHC,LIHC|LIHC_GSE140228_Smartseq2_expression_Celltype_majorlineage|Tprolif
E3|Q99942|Q8IUE6,E3|Q99942,E3,Q99942,Q8IUE6,RNF5,H2AC21,RING,0,neg2x_initial_degree_matched,,RNF5,H2AC21,H2AC21|RNF5,False,cytoplasm;endoplasmic_reticulum;membrane;mitochondrion;plasma_membrane,nucleus,,True,True,False,False,False,False,False,False,0.0,CRC,NA
E3|Q99942|Q04725,E3|Q99942,E3,Q99942,Q04725,RNF5,TLE2,RING,0,neg2x_initial_degree_matched,,RNF5,TLE2,RNF5|TLE2,False,cytoplasm;endoplasmic_reticulum;membrane;mitochondrion;plasma_membrane,nucleus,,True,True,False,True,True,False,False,False,0.14433,LIHC,LIHC|LIHC_GSE146409_expression_Celltype_majorlineage|Malignant
E3|Q9BR09|Q92466,E3|Q9BR09,E3,Q9BR09,Q92466,NEURL2,DDB2,SOCS_VHL_BC-box,0,neg2x_initial_degree_matched,,NEURL2,DDB2,DDB2|NEURL2,False,cytoplasm,nucleus,,True,True,False,True,True,False,False,False,0.05692,LIHC,LIHC|LIHC_GSE166635_expression_Celltype_majorlineage|Malignant
E3|Q9BR09|Q96NT3,E3|Q9BR09,E3,Q9BR09,Q96NT3,NEURL2,GUCD1,SOCS_VHL_BC-box,0,neg2x_initial_degree_matched,,NEURL2,GUCD1,GUCD1|NEURL2,False,cytoplasm,,,True,False,False,True,True,False,False,False,0.05692,LIHC,LIHC|LIHC_GSE166635_expression_Celltype_majorlineage|Malignant
E3|Q9BRZ2|P60002,E3|Q9BRZ2,E3,Q9BRZ2,P60002,TRIM56,ELOF1,RING,0,neg2x_initial_degree_matched,,TRIM56,ELOF1,ELOF1|TRIM56,False,cytoplasm,nucleus,,True,True,False,True,True,False,False,False,0.324,CRC,CRC|CRC_EMTAB8107_expression_Celltype_majorlineage|Fibroblasts
E3|Q9BRZ2|P26358,E3|Q9BRZ2,E3,Q9BRZ2,P26358,TRIM56,DNMT1,RING,0,neg2x_initial_degree_matched,,TRIM56,DNMT1,DNMT1|TRIM56,False,cytoplasm,nucleus,,True,True,False,True,True,False,False,False,0.44534,CRC,CRC|CRC_GSE166555_expression_Celltype_majorlineage|Endothelial
E3|Q9BSM1|Q8IZG5,E3|Q9BSM1,E3,Q9BSM1,Q8IZG5,PCGF1,SS18,RING,0,neg2x_initial_degree_matched,,PCGF1,SS18,PCGF1|SS18,False,nucleus,,,True,False,False,True,True,False,False,False,0.16513,CRC,CRC|CRC_GSE146771_Smartseq2_expression_Celltype_majorlineage|Fibroblasts
E3|Q9BUZ4|P02751,E3|Q9BUZ4,E3,Q9BUZ4,P02751,TRAF4,FN1,RING,0,neg2x_initial_degree_matched,,TRAF4,FN1,FN1|TRAF4,False,cell_junction;cytoplasm;cytoskeleton;membrane;nucleus;plasma_membrane,extracellular,,True,True,False,True,True,False,False,False,0.2514,LIHC,LIHC|LIHC_GSE166635_expression_Celltype_majorlineage|Malignant
E3|Q9BV68|O95502,E3|Q9BV68,E3,Q9BV68,O95502,RNF126,NPTXR,RING,0,neg2x_initial_degree_matched,,RNF126,NPTXR,NPTXR|RNF126,False,cytoplasm;nucleus,membrane,,True,True,False,True,True,False,False,False,0.09658,LIHC,LIHC|LIHC_GSE146115_expression_Celltype_majorlineage|Tprolif
E3|Q9BV68|P11274,E3|Q9BV68,E3,Q9BV68,P11274,RNF126,BCR,RING,0,neg2x_initial_degree_matched,,RNF126,BCR,BCR|RNF126,False,cytoplasm;nucleus,,,True,False,False,True,True,False,False,False,0.19734,CRC,CRC|CRC_GSE166555_expression_Celltype_majorlineage|Endothelial
E3|Q9BV68|P55017,E3|Q9BV68,E3,Q9BV68,P55017,RNF126,SLC12A3,RING,0,neg2x_initial_degree_matched,,RNF126,SLC12A3,RNF126|SLC12A3,False,cytoplasm;nucleus,membrane;plasma_membrane,,True,True,False,True,True,False,False,False,0.20188,LIHC,LIHC|LIHC_GSE146409_expression_Celltype_majorlineage|Malignant
E3|Q9BVG3|P0DP91,E3|Q9BVG3,E3,Q9BVG3,P0DP91,TRIM62,ERCC6,RING,0,neg2x_initial_degree_matched,,TRIM62,ERCC6,ERCC6|TRIM62,False,cytoplasm,nucleus,,True,True,False,True,True,False,False,False,0.07475,LIHC,LIHC|LIHC_GSE98638_expression_Celltype_majorlineage|CD8T
E3|Q9BVG3|Q9Y2Y9,E3|Q9BVG3,E3,Q9BVG3,Q9Y2Y9,TRIM62,KLF13,RING,0,neg2x_initial_degree_matched,,TRIM62,KLF13,KLF13|TRIM62,False,cytoplasm,nucleus,,True,True,False,True,True,False,False,False,0.07475,LIHC,LIHC|LIHC_GSE98638_expression_Celltype_majorlineage|CD8T
E3|Q9BXM7|O00308,E3|Q9BXM7,E3,Q9BXM7,O00308,PINK1,WWP2,Other,0,neg2x_initial_degree_matched,,PINK1,WWP2,PINK1|WWP2,False,cytoplasm;membrane;mitochondrion,nucleus,,True,True,False,True,True,False,False,False,0.22393,CRC,CRC|CRC_GSE146771_Smartseq2_expression_Celltype_majorlineage|Endothelial
E3|Q9BY78|P01106,E3|Q9BY78,E3,Q9BY78,P01106,RNF26,MYC,RING,0,neg2x_initial_degree_matched,,RNF26,MYC,MYC|RNF26,False,endoplasmic_reticulum;membrane,cytoplasm;nucleus,,True,True,False,True,True,False,False,False,0.18515,LIHC,LIHC|LIHC_GSE140228_Smartseq2_expression_Celltype_majorlineage|Tprolif
E3|Q9BY78|P30291,E3|Q9BY78,E3,Q9BY78,P30291,RNF26,WEE1,RING,0,neg2x_initial_degree_matched,,RNF26,WEE1,RNF26|WEE1,False,endoplasmic_reticulum;membrane,nucleus,,True,True,False,True,True,False,False,False,0.26588,CRC,CRC|CRC_GSE108989_expression_Celltype_majorlineage|Tprolif
E3|Q9BY78|Q99848,E3|Q9BY78,E3,Q9BY78,Q99848,RNF26,EBNA1BP2,RING,0,neg2x_initial_degree_matched,,RNF26,EBNA1BP2,EBNA1BP2|RNF26,False,endoplasmic_reticulum;membrane,nucleus,,True,True,False,True,True,False,False,False,0.43902,LIHC,LIHC|LIHC_GSE140228_Smartseq2_expression_Celltype_majorlineage|Tprolif
E3|Q9BY78|Q9BVN2,E3|Q9BY78,E3,Q9BY78,Q9BVN2,RNF26,RUSC1,RING,0,neg2x_initial_degree_matched,,RNF26,RUSC1,RNF26|RUSC1,False,endoplasmic_reticulum;membrane,cytoplasm;cytoskeleton;endosome;golgi;nucleus;vesicle,,True,True,False,True,True,False,False,False,0.25042,CRC,CRC|CRC_GSE108989_expression_Celltype_majorlineage|Tprolif
E3|Q9BY78|Q9NWT6,E3|Q9BY78,E3,Q9BY78,Q9NWT6,RNF26,HIF1AN,RING,0,neg2x_initial_degree_matched,,RNF26,HIF1AN,HIF1AN|RNF26,False,endoplasmic_reticulum;membrane,cytoplasm;nucleus,,True,True,False,True,True,False,False,False,0.43902,LIHC,LIHC|LIHC_GSE140228_Smartseq2_expression_Celltype_majorlineage|Tprolif
E3|Q9BY78|Q9UJU2,E3|Q9BY78,E3,Q9BY78,Q9UJU2,RNF26,LEF1,RING,0,neg2x_initial_degree_matched,,RNF26,LEF1,LEF1|RNF26,False,endoplasmic_reticulum;membrane,nucleus,,True,True,False,True,True,False,False,False,0.21695,LIHC,LIHC|LIHC_GSE98638_expression_Celltype_majorlineage|Tprolif
E3|Q9BY78|Q15653,E3|Q9BY78,E3,Q9BY78,Q15653,RNF26,NFKBIB,RING,0,neg2x_initial_degree_matched,,RNF26,NFKBIB,NFKBIB|RNF26,False,endoplasmic_reticulum;membrane,cytoplasm;nucleus,,True,True,False,True,True,False,False,False,0.27346,LIHC,LIHC|LIHC_GSE146115_expression_Celltype_majorlineage|Malignant
E3|Q9BYM8|Q15797,E3|Q9BYM8,E3,Q9BYM8,Q15797,RBCK1,SMAD1,RING,0,neg2x_initial_degree_matched,,RBCK1,SMAD1,RBCK1|SMAD1,False,,cytoplasm;membrane;nucleus,,False,True,False,True,True,False,False,False,0.36938,CRC,CRC|CRC_GSE146771_Smartseq2_expression_Celltype_majorlineage|Endothelial
E3|Q9BYM8|O43353,E3|Q9BYM8,E3,Q9BYM8,O43353,RBCK1,RIPK2,RING,0,neg2x_initial_degree_matched,,RBCK1,RIPK2,RBCK1|RIPK2,False,,cytoplasm;endoplasmic_reticulum;membrane;plasma_membrane,,False,True,False,True,True,False,False,False,0.36644,LIHC,LIHC|LIHC_GSE140228_10X_expression_Celltype_majorlineage|DC
E3|Q9BYM8|Q13490,E3|Q9BYM8,E3,Q9BYM8,Q13490,RBCK1,BIRC2,RING,0,neg2x_initial_degree_matched,,RBCK1,BIRC2,BIRC2|RBCK1,False,,cytoplasm;nucleus,,False,True,False,True,True,False,False,False,0.59458,CRC,CRC|CRC_GSE108989_expression_Celltype_majorlineage|CD8Tex
E3|Q9BYM8|Q99426,E3|Q9BYM8,E3,Q9BYM8,Q99426,RBCK1,TBCB,RING,0,neg2x_initial_degree_matched,,RBCK1,TBCB,RBCK1|TBCB,False,,cytoplasm;cytoskeleton,,False,True,False,True,True,False,False,False,0.70957,LIHC,LIHC|LIHC_GSE98638_expression_Celltype_majorlineage|CD8Tex
E3|Q9BYM8|Q13535,E3|Q9BYM8,E3,Q9BYM8,Q13535,RBCK1,ATR,RING,0,neg2x_initial_degree_matched,,RBCK1,ATR,ATR|RBCK1,False,,nucleus,,False,True,False,True,True,False,False,False,0.38627,LIHC,LIHC|LIHC_GSE98638_expression_Celltype_majorlineage|CD8T
E3|Q9BYM8|O95863,E3|Q9BYM8,E3,Q9BYM8,O95863,RBCK1,SNAI1,RING,0,neg2x_initial_degree_matched,,RBCK1,SNAI1,RBCK1|SNAI1,False,,cytoplasm;nucleus,,False,True,False,True,True,False,False,False,0.36938,CRC,CRC|CRC_GSE146771_Smartseq2_expression_Celltype_majorlineage|Endothelial
E3|Q9BYM8|P20393,E3|Q9BYM8,E3,Q9BYM8,P20393,RBCK1,NR1D1,RING,0,neg2x_initial_degree_matched,,RBCK1,NR1D1,NR1D1|RBCK1,False,,cytoplasm;nucleus,,False,True,False,True,True,False,False,False,0.17832,LIHC,LIHC|LIHC_GSE98638_expression_Celltype_majorlineage|CD8T
E3|Q9BYM8|O15399,E3|Q9BYM8,E3,Q9BYM8,O15399,RBCK1,GRIN2D,RING,0,neg2x_initial_degree_matched,,RBCK1,GRIN2D,GRIN2D|RBCK1,False,,membrane;plasma_membrane,,False,True,False,True,True,False,False,False,0.05712,CRC,CRC|CRC_GSE166555_expression_Celltype_majorlineage|Malignant
E3|Q9BYM8|Q16623,E3|Q9BYM8,E3,Q9BYM8,Q16623,RBCK1,STX1A,RING,0,neg2x_initial_degree_matched,,RBCK1,STX1A,RBCK1|STX1A,False,,cytoplasm;extracellular;membrane;plasma_membrane;vesicle,,False,True,False,True,True,False,False,False,0.16202,CRC,CRC|CRC_GSE108989_expression_Celltype_majorlineage|Treg
E3|Q9BYM8|P21589,E3|Q9BYM8,E3,Q9BYM8,P21589,RBCK1,NT5E,RING,0,neg2x_initial_degree_matched,,RBCK1,NT5E,NT5E|RBCK1,False,,membrane;plasma_membrane,,False,True,False,True,True,False,False,False,0.28919,CRC,CRC|CRC_GSE146771_Smartseq2_expression_Celltype_majorlineage|Endothelial
E3|Q9BYM8|P10911,E3|Q9BYM8,E3,Q9BYM8,P10911,RBCK1,MCF2,RING,0,neg2x_initial_degree_matched,,RBCK1,MCF2,MCF2|RBCK1,False,,cytoplasm;membrane;plasma_membrane,,False,True,False,True,True,False,False,False,0.01244,CRC,CRC|CRC_GSE146771_Smartseq2_expression_Celltype_majorlineage|Endothelial
E3|Q9BYM8|Q14643,E3|Q9BYM8,E3,Q9BYM8,Q14643,RBCK1,ITPR1,RING,0,neg2x_initial_degree_matched,,RBCK1,ITPR1,ITPR1|RBCK1,False,,cytoplasm;endoplasmic_reticulum;membrane;mitochondrion;vesicle,,False,True,False,True,True,False,False,False,0.46893,CRC,CRC|CRC_GSE108989_expression_Celltype_majorlineage|CD8Tex
E3|Q9BYM8|Q13131,E3|Q9BYM8,E3,Q9BYM8,Q13131,RBCK1,PRKAA1,RING,0,neg2x_initial_degree_matched,,RBCK1,PRKAA1,PRKAA1|RBCK1,False,,cytoplasm;nucleus,,False,True,False,True,True,False,False,False,0.52668,LIHC,LIHC|LIHC_GSE98638_expression_Celltype_majorlineage|CD8T
E3|Q9BYM8|P42229,E3|Q9BYM8,E3,Q9BYM8,P42229,RBCK1,STAT5A,RING,0,neg2x_initial_degree_matched,,RBCK1,STAT5A,RBCK1|STAT5A,False,,cytoplasm;nucleus,,False,True,False,True,True,False,False,False,0.51571,CRC,CRC|CRC_GSE108989_expression_Celltype_majorlineage|Tprolif
E3|Q9BYM8|O75928,E3|Q9BYM8,E3,Q9BYM8,O75928,RBCK1,PIAS2,RING,0,neg2x_initial_degree_matched,,RBCK1,PIAS2,PIAS2|RBCK1,False,,nucleus,,False,True,False,True,True,False,False,False,0.39488,LIHC,LIHC|LIHC_GSE146115_expression_Celltype_majorlineage|Malignant
E3|Q9BYM8|P42566,E3|Q9BYM8,E3,Q9BYM8,P42566,RBCK1,EPS15,RING,0,neg2x_initial_degree_matched,,RBCK1,EPS15,EPS15|RBCK1,False,,cytoplasm;endosome;membrane;plasma_membrane,,False,True,False,True,True,False,False,False,0.72909,LIHC,LIHC|LIHC_GSE98638_expression_Celltype_majorlineage|CD8Tex
E3|Q9BYM8|P37275,E3|Q9BYM8,E3,Q9BYM8,P37275,RBCK1,ZEB1,RING,0,neg2x_initial_degree_matched,,RBCK1,ZEB1,RBCK1|ZEB1,False,,nucleus,,False,True,False,True,True,False,False,False,0.50305,CRC,CRC|CRC_GSE108989_expression_Celltype_majorlineage|Tprolif
E3|Q9BYM8|O14980,E3|Q9BYM8,E3,Q9BYM8,O14980,RBCK1,XPO1,RING,0,neg2x_initial_degree_matched,,RBCK1,XPO1,RBCK1|XPO1,False,,cytoplasm;nucleus,,False,True,False,True,True,False,False,False,0.65704,LIHC,LIHC|LIHC_GSE98638_expression_Celltype_majorlineage|Tprolif
E3|Q9BYM8|P52564,E3|Q9BYM8,E3,Q9BYM8,P52564,RBCK1,MAP2K6,RING,0,neg2x_initial_degree_matched,,RBCK1,MAP2K6,MAP2K6|RBCK1,False,,cytoplasm;cytoskeleton;nucleus,,False,True,False,True,True,False,False,False,0.3212,LIHC,LIHC|LIHC_GSE140228_10X_expression_Celltype_majorlineage|ILC
E3|Q9BYM8|Q8N488,E3|Q9BYM8,E3,Q9BYM8,Q8N488,RBCK1,RYBP,RING,0,neg2x_initial_degree_matched,,RBCK1,RYBP,RBCK1|RYBP,False,,cytoplasm;nucleus,,False,True,False,True,True,False,False,False,0.32696,CRC,CRC|CRC_GSE166555_expression_Celltype_majorlineage|Malignant
E3|Q9BYM8|Q86UW9,E3|Q9BYM8,E3,Q9BYM8,Q86UW9,RBCK1,DTX2,RING,0,neg2x_initial_degree_matched,,RBCK1,DTX2,DTX2|RBCK1,False,,cytoplasm;nucleus,,False,True,False,True,True,False,False,False,0.24849,CRC,CRC|CRC_GSE166555_expression_Celltype_majorlineage|Malignant
E3|Q9BZR9|P10912,E3|Q9BZR9,E3,Q9BZR9,P10912,TRIM8,GHR,RING,0,neg2x_initial_degree_matched,,TRIM8,GHR,GHR|TRIM8,False,cytoplasm;nucleus,extracellular;membrane;plasma_membrane,,True,True,False,True,True,False,False,False,0.17007,LIHC,LIHC|LIHC_GSE146409_expression_Celltype_majorlineage|Hepatocytes
E3|Q9BZR9|P08393,E3|Q9BZR9,E3,Q9BZR9,P08393,TRIM8,ICP0,RING,0,neg2x_initial_degree_matched,,TRIM8,ICP0,ICP0|TRIM8,False,cytoplasm;nucleus,,,True,False,False,False,False,False,False,False,0.0,CRC,NA
E3|Q9BZY9|Q99814,E3|Q9BZY9,E3,Q9BZY9,Q99814,TRIM31,EPAS1,RING,0,neg2x_initial_degree_matched,,TRIM31,EPAS1,EPAS1|TRIM31,False,cytoplasm;mitochondrion,nucleus,,True,True,False,True,True,False,False,False,0.37568,CRC,CRC|CRC_GSE166555_expression_Celltype_majorlineage|Epithelial
E3|Q9BZY9|P61371,E3|Q9BZY9,E3,Q9BZY9,P61371,TRIM31,ISL1,RING,0,neg2x_initial_degree_matched,,TRIM31,ISL1,ISL1|TRIM31,False,cytoplasm;mitochondrion,nucleus,,True,True,False,True,True,False,False,False,0.02555,CRC,CRC|CRC_EMTAB8107_expression_Celltype_majorlineage|Malignant
E3|Q9C019|O00584,E3|Q9C019,E3,Q9C019,O00584,TRIM15,RNASET2,RING,0,neg2x_initial_degree_matched,,TRIM15,RNASET2,RNASET2|TRIM15,False,cell_junction;cytoplasm;nucleus,endoplasmic_reticulum;extracellular;lysosome;mitochondrion,,True,True,False,True,True,False,False,False,0.24825,LIHC,LIHC|LIHC_GSE166635_expression_Celltype_majorlineage|Malignant
E3|Q9C026|P01730,E3|Q9C026,E3,Q9C026,P01730,TRIM9,CD4,RING,0,neg2x_initial_degree_matched,,TRIM9,CD4,CD4|TRIM9,False,cytoplasm;cytoskeleton;vesicle,endoplasmic_reticulum;membrane;plasma_membrane,,True,True,False,True,True,False,False,False,0.03369,LIHC,LIHC|LIHC_GSE166635_expression_Celltype_majorlineage|Malignant
E3|Q9C026|Q9Y657,E3|Q9C026,E3,Q9C026,Q9Y657,TRIM9,SPIN1,RING,0,neg2x_initial_degree_matched,,TRIM9,SPIN1,SPIN1|TRIM9,False,cytoplasm;cytoskeleton;vesicle,nucleus,,True,True,False,True,True,False,False,False,0.10596,CRC,CRC|CRC_EMTAB8107_expression_Celltype_majorlineage|Enteric glial
E3|Q9C029|P04234,E3|Q9C029,E3,Q9C029,P04234,TRIM7,CD3D,RING,0,neg2x_initial_degree_matched,,TRIM7,CD3D,CD3D|TRIM7,False,cytoplasm;golgi;nucleus,membrane;plasma_membrane,,True,True,False,True,True,False,False,False,0.0438,LIHC,LIHC|LIHC_GSE166635_expression_Celltype_majorlineage|Malignant
E3|Q9C029|P01912,E3|Q9C029,E3,Q9C029,P01912,TRIM7,HLA-DRB1,RING,0,neg2x_initial_degree_matched,,TRIM7,HLA-DRB1,HLA-DRB1|TRIM7,False,cytoplasm;golgi;nucleus,,,True,False,False,True,True,False,False,False,0.08452,CRC,CRC|CRC_EMTAB8107_expression_Celltype_majorlineage|Malignant
E3|Q9C037|Q7Z434,E3|Q9C037,E3,Q9C037,Q7Z434,TRIM4,MAVS,RING,0,neg2x_initial_degree_matched,,TRIM4,MAVS,MAVS|TRIM4,False,cytoplasm,membrane;mitochondrion;peroxisome,,True,True,False,True,True,False,False,False,0.34566,LIHC,LIHC|LIHC_GSE98638_expression_Celltype_majorlineage|CD4Tconv
E3|Q9C040|Q16777,E3|Q9C040,E3,Q9C040,Q16777,TRIM2,H2AC20,RING,0,neg2x_initial_degree_matched,,TRIM2,H2AC20,H2AC20|TRIM2,False,cytoplasm,nucleus,,True,True,False,False,False,False,False,False,0.0,CRC,NA
E3|Q9C040|P06213,E3|Q9C040,E3,Q9C040,P06213,TRIM2,INSR,RING,0,neg2x_initial_degree_matched,,TRIM2,INSR,INSR|TRIM2,False,cytoplasm,endosome;lysosome;membrane;plasma_membrane,,True,True,False,True,True,False,False,False,0.58883,CRC,CRC|CRC_GSE166555_expression_Celltype_majorlineage|Malignant
E3|Q9C040|Q15059,E3|Q9C040,E3,Q9C040,Q15059,TRIM2,BRD3,RING,0,neg2x_initial_degree_matched,,TRIM2,BRD3,BRD3|TRIM2,False,cytoplasm,nucleus,,True,True,False,True,True,False,False,False,0.34248,CRC,CRC|CRC_GSE166555_expression_Celltype_majorlineage|Malignant
E3|Q9C0C7|Q14324,E3|Q9C0C7,E3,Q9C0C7,Q14324,AMBRA1,MYBPC2,DWD,0,neg2x_initial_degree_matched,,AMBRA1,MYBPC2,AMBRA1|MYBPC2,False,cell_junction;cytoplasm;cytoskeleton;endoplasmic_reticulum;mitochondrion;nucleus;vesicle,,,True,False,False,True,True,False,False,False,0.01454,LIHC,LIHC|LIHC_GSE140228_Smartseq2_expression_Celltype_majorlineage|B
E3|Q9C0C9|P21796,E3|Q9C0C9,E3,Q9C0C9,P21796,UBE2O,VDAC1,Other,0,neg2x_initial_degree_matched,,UBE2O,VDAC1,UBE2O|VDAC1,False,cytoplasm;nucleus,endoplasmic_reticulum;membrane;mitochondrion;plasma_membrane,,True,True,False,True,True,False,False,False,0.15511,LIHC,LIHC|LIHC_GSE146115_expression_Celltype_majorlineage|B
E3|Q9H0A0|Q9P219,E3|Q9H0A0,E3,Q9H0A0,Q9P219,NAT10,CCDC88C,Other,0,neg2x_initial_degree_matched,,NAT10,CCDC88C,CCDC88C|NAT10,False,nucleus,cell_junction;cytoplasm,,True,True,False,True,True,False,False,False,0.31035,LIHC,LIHC|LIHC_GSE98638_expression_Celltype_majorlineage|Tprolif
E3|Q9H0A0|Q5T5C0,E3|Q9H0A0,E3,Q9H0A0,Q5T5C0,NAT10,STXBP5,Other,0,neg2x_initial_degree_matched,,NAT10,STXBP5,NAT10|STXBP5,False,nucleus,cytoplasm;membrane;plasma_membrane;vesicle,,True,True,False,True,True,False,False,False,0.1622,CRC,CRC|CRC_GSE166555_expression_Celltype_majorlineage|Malignant
E3|Q9H0F5|Q9C0E8,E3|Q9H0F5,E3,Q9H0F5,Q9C0E8,RNF38,LNPK,RING,0,neg2x_initial_degree_matched,,RNF38,LNPK,LNPK|RNF38,False,nucleus,cytoplasm;endoplasmic_reticulum;membrane,,True,True,False,True,True,False,False,False,0.21806,CRC,CRC|CRC_GSE166555_expression_Celltype_majorlineage|Myofibroblasts
E3|Q9H0F5|P08247,E3|Q9H0F5,E3,Q9H0F5,P08247,RNF38,SYP,RING,0,neg2x_initial_degree_matched,,RNF38,SYP,RNF38|SYP,False,nucleus,cytoplasm;membrane;vesicle,,True,True,False,True,True,False,False,False,0.10291,CRC,CRC|CRC_EMTAB8107_expression_Celltype_majorlineage|Enteric glial
E3|Q9H0F6|P21589,E3|Q9H0F6,E3,Q9H0F6,P21589,SHARPIN,NT5E,Other,0,neg2x_initial_degree_matched,,SHARPIN,NT5E,NT5E|SHARPIN,False,cytoplasm,membrane;plasma_membrane,,True,True,False,True,True,False,False,False,0.26351,LIHC,LIHC|LIHC_GSE140228_Smartseq2_expression_Celltype_majorlineage|B
E3|Q9H0H3|P26038,E3|Q9H0H3,E3,Q9H0H3,P26038,KLHL25,MSN,BTB_3,0,neg2x_initial_degree_matched,,KLHL25,MSN,KLHL25|MSN,False,,cytoplasm;cytoskeleton;membrane;plasma_membrane,,False,True,False,True,True,False,False,False,0.20766,LIHC,LIHC|LIHC_GSE179795_expression_Celltype_majorlineage|CD8T
E3|Q9H0H3|P30307,E3|Q9H0H3,E3,Q9H0H3,P30307,KLHL25,CDC25C,BTB_3,0,neg2x_initial_degree_matched,,KLHL25,CDC25C,CDC25C|KLHL25,False,,nucleus,,False,True,False,True,True,False,False,False,0.06626,LIHC,LIHC|LIHC_GSE140228_Smartseq2_expression_Celltype_majorlineage|Tprolif
E3|Q9H0M0#O00308|P07199,E3|Q9H0M0#O00308,E3,Q9H0M0#O00308,P07199,WWP1#WWP2,CENPB,HECT,0,neg2x_initial_degree_matched,,WWP1#WWP2,CENPB,CENPB|WWP1#WWP2,False,,nucleus,,False,True,False,False,False,False,False,False,0.0,CRC,NA
E3|Q9H0M0#O00308|Q08881,E3|Q9H0M0#O00308,E3,Q9H0M0#O00308,Q08881,WWP1#WWP2,ITK,HECT,0,neg2x_initial_degree_matched,,WWP1#WWP2,ITK,ITK|WWP1#WWP2,False,,cytoplasm;membrane;nucleus;plasma_membrane,,False,True,False,False,False,False,False,False,0.0,CRC,NA
E3|Q9H0M0|P26927,E3|Q9H0M0,E3,Q9H0M0,P26927,WWP1,MST1,HECT,0,neg2x_initial_degree_matched,,WWP1,MST1,MST1|WWP1,False,cell_junction;cytoplasm;membrane;nucleus;plasma_membrane,extracellular,,True,True,False,True,True,False,False,False,0.42245,LIHC,LIHC|LIHC_GSE166635_expression_Celltype_majorlineage|Malignant
E3|Q9H0M0|P08678,E3|Q9H0M0,E3,Q9H0M0,P08678,WWP1,CYR1,HECT,0,neg2x_initial_degree_matched,,WWP1,CYR1,CYR1|WWP1,False,cell_junction;cytoplasm;membrane;nucleus;plasma_membrane,,,True,False,False,False,False,False,False,False,0.0,CRC,NA
E3|Q9H0M0|Q9UQK1,E3|Q9H0M0,E3,Q9H0M0,Q9UQK1,WWP1,PPP1R3C,HECT,0,neg2x_initial_degree_matched,,WWP1,PPP1R3C,PPP1R3C|WWP1,False,cell_junction;cytoplasm;membrane;nucleus;plasma_membrane,,,True,False,False,True,True,False,False,False,0.18176,LIHC,LIHC|LIHC_GSE146115_expression_Celltype_majorlineage|Malignant
E3|Q9H0M0|Q99648,E3|Q9H0M0,E3,Q9H0M0,Q99648,WWP1,CDCrel-1,HECT,0,neg2x_initial_degree_matched,,WWP1,CDCREL-1,CDCREL-1|WWP1,False,cell_junction;cytoplasm;membrane;nucleus;plasma_membrane,,,True,False,False,False,False,False,False,False,0.0,CRC,NA
E3|Q9H0M0|O76013,E3|Q9H0M0,E3,Q9H0M0,O76013,WWP1,KRT36,HECT,0,neg2x_initial_degree_matched,,WWP1,KRT36,KRT36|WWP1,False,cell_junction;cytoplasm;membrane;nucleus;plasma_membrane,,,True,False,False,True,True,False,False,False,0.00894,LIHC,LIHC|LIHC_GSE98638_expression_Celltype_majorlineage|CD8Tex
E3|Q9H0X6|P38398,E3|Q9H0X6,E3,Q9H0X6,P38398,RNF208,BRCA1,RING,0,neg2x_initial_degree_matched,,RNF208,BRCA1,BRCA1|RNF208,False,,cytoplasm;nucleus,,False,True,False,True,True,False,False,False,0.04424,CRC,CRC|CRC_GSE166555_expression_Celltype_majorlineage|Malignant
E3|Q9H0X6|P01911,E3|Q9H0X6,E3,Q9H0X6,P01911,RNF208,HLA-DRB1,RING,0,neg2x_initial_degree_matched,,RNF208,HLA-DRB1,HLA-DRB1|RNF208,False,,endoplasmic_reticulum;endosome;lysosome;membrane;plasma_membrane,,False,True,False,True,True,False,False,False,0.04424,CRC,CRC|CRC_GSE166555_expression_Celltype_majorlineage|Malignant
E3|Q9H2C0|P46695,E3|Q9H2C0,E3,Q9H2C0,P46695,GAN,IER3,BTB_3,0,neg2x_initial_degree_matched,,GAN,IER3,GAN|IER3,False,cytoplasm;cytoskeleton,membrane,,True,True,False,True,True,False,False,False,0.24171,CRC,CRC|CRC_GSE166555_expression_Celltype_majorlineage|Malignant
E3|Q9H2C0|Q9HCS4,E3|Q9H2C0,E3,Q9H2C0,Q9HCS4,GAN,TCF7L1,BTB_3,0,neg2x_initial_degree_matched,,GAN,TCF7L1,GAN|TCF7L1,False,cytoplasm;cytoskeleton,nucleus,,True,True,False,True,True,False,False,False,0.19242,CRC,CRC|CRC_GSE166555_expression_Celltype_majorlineage|Endothelial
E3|Q9H2C0|P10523,E3|Q9H2C0,E3,Q9H2C0,P10523,GAN,SAG,BTB_3,0,neg2x_initial_degree_matched,,GAN,SAG,GAN|SAG,False,cytoplasm;cytoskeleton,membrane,,True,True,False,True,True,False,False,False,0.01921,CRC,CRC|CRC_GSE146771_Smartseq2_expression_Celltype_majorlineage|Endothelial
E3|Q9H2C0|O75581,E3|Q9H2C0,E3,Q9H2C0,O75581,GAN,LRP6,BTB_3,0,neg2x_initial_degree_matched,,GAN,LRP6,GAN|LRP6,False,cytoplasm;cytoskeleton,endoplasmic_reticulum;membrane;plasma_membrane,,True,True,False,True,True,False,False,False,0.19242,CRC,CRC|CRC_GSE166555_expression_Celltype_majorlineage|Endothelial
E3|Q9H2S5|Q6MZQ0,E3|Q9H2S5,E3,Q9H2S5,Q6MZQ0,RNF39,PRR5L,RING,0,neg2x_initial_degree_matched,,RNF39,PRR5L,PRR5L|RNF39,False,cytoplasm,,,True,False,False,True,True,False,False,False,0.06722,CRC,CRC|CRC_GSE108989_expression_Celltype_majorlineage|CD8T
E3|Q9H2S5|P35555,E3|Q9H2S5,E3,Q9H2S5,P35555,RNF39,FBN1,RING,0,neg2x_initial_degree_matched,,RNF39,FBN1,FBN1|RNF39,False,cytoplasm,extracellular,,True,True,False,True,True,False,False,False,0.03055,LIHC,LIHC|LIHC_GSE140228_Smartseq2_expression_Celltype_majorlineage|Mast
E3|Q9H3F6|Q8WUM4,E3|Q9H3F6,E3,Q9H3F6,Q8WUM4,KCTD10,PDCD6IP,SINGLE_OTHER,0,neg2x_initial_degree_matched,,KCTD10,PDCD6IP,KCTD10|PDCD6IP,False,nucleus,cell_junction;cytoplasm;cytoskeleton;extracellular,,True,True,False,True,True,False,False,False,0.41523,CRC,CRC|CRC_GSE146771_Smartseq2_expression_Celltype_majorlineage|Endothelial
E3|Q9H3F6|Q8N0X7,E3|Q9H3F6,E3,Q9H3F6,Q8N0X7,KCTD10,SPART,SINGLE_OTHER,0,neg2x_initial_degree_matched,,KCTD10,SPART,KCTD10|SPART,False,nucleus,cytoplasm,,True,True,False,True,True,False,False,False,0.34108,CRC,CRC|CRC_GSE166555_expression_Celltype_majorlineage|Myofibroblasts
E3|Q9H3F6|Q99963,E3|Q9H3F6,E3,Q9H3F6,Q99963,KCTD10,SH3GL3,SINGLE_OTHER,0,neg2x_initial_degree_matched,,KCTD10,SH3GL3,KCTD10|SH3GL3,False,nucleus,cytoplasm;endosome;membrane,,True,True,False,True,True,False,False,False,0.01709,LIHC,LIHC|LIHC_GSE146115_expression_Celltype_majorlineage|Malignant
E3|Q9H469|Q02535,E3|Q9H469,E3,Q9H469,Q02535,FBXL15,ID3,F-box,0,neg2x_initial_degree_matched,,FBXL15,ID3,FBXL15|ID3,False,cytoplasm,nucleus,,True,True,False,True,True,False,False,False,0.32079,CRC,CRC|CRC_GSE166555_expression_Celltype_majorlineage|Epithelial
E3|Q9H469|Q8NEG5,E3|Q9H469,E3,Q9H469,Q8NEG5,FBXL15,ZSWIM2,F-box,0,neg2x_initial_degree_matched,,FBXL15,ZSWIM2,FBXL15|ZSWIM2,False,cytoplasm,,,True,False,False,True,True,False,False,False,0.00248,CRC,CRC|CRC_GSE108989_expression_Celltype_majorlineage|CD8Tex
E3|Q9H469|Q96BF3,E3|Q9H469,E3,Q9H469,Q96BF3,FBXL15,TMIGD2,F-box,0,neg2x_initial_degree_matched,,FBXL15,TMIGD2,FBXL15|TMIGD2,False,cytoplasm,membrane;plasma_membrane,,True,True,False,True,True,False,False,False,0.21769,CRC,CRC|CRC_GSE166555_expression_Celltype_majorlineage|Tprolif
E3|Q9H4M3|P32314,E3|Q9H4M3,E3,Q9H4M3,P32314,FBXO44,FOXN2,F-box,0,neg2x_initial_degree_matched,,FBXO44,FOXN2,FBXO44|FOXN2,False,,nucleus,,False,True,False,True,True,False,False,False,0.3575,LIHC,LIHC|LIHC_GSE98638_expression_Celltype_majorlineage|CD8Tex
E3|Q9H4M3|P35609,E3|Q9H4M3,E3,Q9H4M3,P35609,FBXO44,ACTN2,F-box,0,neg2x_initial_degree_matched,,FBXO44,ACTN2,ACTN2|FBXO44,False,,cytoplasm,,False,True,False,True,True,False,False,False,0.0229,CRC,CRC|CRC_GSE139555_expression_Celltype_majorlineage|Tprolif
E3|Q9H4M3|Q05513,E3|Q9H4M3,E3,Q9H4M3,Q05513,FBXO44,PRKCZ,F-box,0,neg2x_initial_degree_matched,,FBXO44,PRKCZ,FBXO44|PRKCZ,False,,cell_junction;cytoplasm;endosome;membrane,,False,True,False,True,True,False,False,False,0.11695,LIHC,LIHC|LIHC_GSE98638_expression_Celltype_majorlineage|Treg
E3|Q9H4M3|Q99814,E3|Q9H4M3,E3,Q9H4M3,Q99814,FBXO44,EPAS1,F-box,0,neg2x_initial_degree_matched,,FBXO44,EPAS1,EPAS1|FBXO44,False,,nucleus,,False,True,False,True,True,False,False,False,0.14964,CRC,CRC|CRC_GSE139555_expression_Celltype_majorlineage|NK
E3|Q9H4P4|Q9H1I8,E3|Q9H4P4,E3,Q9H4P4,Q9H1I8,RNF41,ASCC2,RING,0,neg2x_initial_degree_matched,,RNF41,ASCC2,ASCC2|RNF41,False,,nucleus,,False,True,False,True,True,False,False,False,0.3169,LIHC,LIHC|LIHC_GSE140228_Smartseq2_expression_Celltype_majorlineage|B
E3|Q9H4P4|Q29974,E3|Q9H4P4,E3,Q9H4P4,Q29974,RNF41,HLA-DRB1,RING,0,neg2x_initial_degree_matched,,RNF41,HLA-DRB1,HLA-DRB1|RNF41,False,,,,False,False,False,True,True,False,False,False,0.5582,LIHC,LIHC|LIHC_GSE146115_expression_Celltype_majorlineage|Mono/Macro
E3|Q9H4P4|Q9BUZ4,E3|Q9H4P4,E3,Q9H4P4,Q9BUZ4,RNF41,TRAF4,RING,0,neg2x_initial_degree_matched,,RNF41,TRAF4,RNF41|TRAF4,False,,cell_junction;cytoplasm;cytoskeleton;membrane;nucleus;plasma_membrane,,False,True,False,True,True,False,False,False,0.17611,CRC,CRC|CRC_GSE146771_Smartseq2_expression_Celltype_majorlineage|B
E3|Q9H4P4|O75444,E3|Q9H4P4,E3,Q9H4P4,O75444,RNF41,MAF,RING,0,neg2x_initial_degree_matched,,RNF41,MAF,MAF|RNF41,False,,nucleus,,False,True,False,True,True,False,False,False,0.5582,LIHC,LIHC|LIHC_GSE146115_expression_Celltype_majorlineage|Mono/Macro
E3|Q9H4P4|O95947,E3|Q9H4P4,E3,Q9H4P4,O95947,RNF41,TBX6,RING,0,neg2x_initial_degree_matched,,RNF41,TBX6,RNF41|TBX6,False,,nucleus,,False,True,False,True,True,False,False,False,0.03538,CRC,CRC|CRC_EMTAB8107_expression_Celltype_majorlineage|Malignant
E3|Q9H4P4|Q13148,E3|Q9H4P4,E3,Q9H4P4,Q13148,RNF41,TARDBP,RING,0,neg2x_initial_degree_matched,,RNF41,TARDBP,RNF41|TARDBP,False,,cytoplasm;mitochondrion;nucleus,,False,True,False,True,True,False,False,False,0.42823,LIHC,LIHC|LIHC_GSE146115_expression_Celltype_majorlineage|Malignant
E3|Q9H4P4|Q9NZJ0,E3|Q9H4P4,E3,Q9H4P4,Q9NZJ0,RNF41,DTL,RING,0,neg2x_initial_degree_matched,,RNF41,DTL,DTL|RNF41,False,,cytoplasm;cytoskeleton;membrane;nucleus,,False,True,False,True,True,False,False,False,0.3002,LIHC,LIHC|LIHC_GSE98638_expression_Celltype_majorlineage|Tprolif
E3|Q9H4P4|O15431,E3|Q9H4P4,E3,Q9H4P4,O15431,RNF41,SLC31A1,RING,0,neg2x_initial_degree_matched,,RNF41,SLC31A1,RNF41|SLC31A1,False,,endosome;extracellular;membrane;plasma_membrane,,False,True,False,True,True,False,False,False,0.57138,LIHC,LIHC|LIHC_GSE146115_expression_Celltype_majorlineage|Malignant
E3|Q9H4P4|O15105,E3|Q9H4P4,E3,Q9H4P4,O15105,RNF41,SMAD7,RING,0,neg2x_initial_degree_matched,,RNF41,SMAD7,RNF41|SMAD7,False,,cytoplasm;nucleus,,False,True,False,True,True,False,False,False,0.1959,CRC,CRC|CRC_GSE166555_expression_Celltype_majorlineage|Endothelial
E3|Q9H4P4|P37275,E3|Q9H4P4,E3,Q9H4P4,P37275,RNF41,ZEB1,RING,0,neg2x_initial_degree_matched,,RNF41,ZEB1,RNF41|ZEB1,False,,nucleus,,False,True,False,True,True,False,False,False,0.42066,LIHC,LIHC|LIHC_GSE146115_expression_Celltype_majorlineage|Tprolif
E3|Q9H4P4|O14763,E3|Q9H4P4,E3,Q9H4P4,O14763,RNF41,TNFRSF10B,RING,0,neg2x_initial_degree_matched,,RNF41,TNFRSF10B,RNF41|TNFRSF10B,False,,membrane,,False,True,False,True,True,False,False,False,0.20935,LIHC,LIHC|LIHC_GSE98638_expression_Celltype_majorlineage|CD4Tconv
E3|Q9H4P4|Q9BYP7,E3|Q9H4P4,E3,Q9H4P4,Q9BYP7,RNF41,WNK3,RING,0,neg2x_initial_degree_matched,,RNF41,WNK3,RNF41|WNK3,False,,cytoplasm,,False,True,False,True,True,False,False,False,0.1715,LIHC,LIHC|LIHC_GSE140228_Smartseq2_expression_Celltype_majorlineage|Mast
E3|Q9H4P4|O14543,E3|Q9H4P4,E3,Q9H4P4,O14543,RNF41,SOCS3,RING,0,neg2x_initial_degree_matched,,RNF41,SOCS3,RNF41|SOCS3,False,,,,False,False,False,True,True,False,False,False,0.25238,LIHC,LIHC|LIHC_GSE98638_expression_Celltype_majorlineage|Treg
E3|Q9H4P4|P35659,E3|Q9H4P4,E3,Q9H4P4,P35659,RNF41,DEK,RING,0,neg2x_initial_degree_matched,,RNF41,DEK,DEK|RNF41,False,,nucleus,,False,True,False,True,True,False,False,False,0.6516,LIHC,LIHC|LIHC_GSE146115_expression_Celltype_majorlineage|Malignant
E3|Q9H4P4|Q96HS1,E3|Q9H4P4,E3,Q9H4P4,Q96HS1,RNF41,PGAM5,RING,0,neg2x_initial_degree_matched,,RNF41,PGAM5,PGAM5|RNF41,False,,cytoplasm;membrane;mitochondrion;nucleus,,False,True,False,True,True,False,False,False,0.1888,LIHC,LIHC|LIHC_GSE98638_expression_Celltype_majorlineage|Tprolif
E3|Q9H4P4|Q9H160,E3|Q9H4P4,E3,Q9H4P4,Q9H160,RNF41,ING2,RING,0,neg2x_initial_degree_matched,,RNF41,ING2,ING2|RNF41,False,,nucleus,,False,True,False,True,True,False,False,False,0.20348,LIHC,LIHC|LIHC_GSE146115_expression_Celltype_majorlineage|Tprolif
E3|Q9H4P4|Q96ST3,E3|Q9H4P4,E3,Q9H4P4,Q96ST3,RNF41,SIN3A,RING,0,neg2x_initial_degree_matched,,RNF41,SIN3A,RNF41|SIN3A,False,,nucleus,,False,True,False,True,True,False,False,False,0.33573,LIHC,LIHC|LIHC_GSE146115_expression_Celltype_majorlineage|Tprolif
E3|Q9H4P4|P31785,E3|Q9H4P4,E3,Q9H4P4,P31785,RNF41,IL2RG,RING,0,neg2x_initial_degree_matched,,RNF41,IL2RG,IL2RG|RNF41,False,,membrane;plasma_membrane,,False,True,False,True,True,False,False,False,0.6181,LIHC,LIHC|LIHC_GSE146115_expression_Celltype_majorlineage|B
E3|Q9H4P4|P60321,E3|Q9H4P4,E3,Q9H4P4,P60321,RNF41,NANOS2,RING,0,neg2x_initial_degree_matched,,RNF41,NANOS2,NANOS2|RNF41,False,,cytoplasm,,False,True,False,False,False,False,False,False,0.0,CRC,NA
E3|Q9H4P4|Q8TDM6,E3|Q9H4P4,E3,Q9H4P4,Q8TDM6,RNF41,DLG5,RING,0,neg2x_initial_degree_matched,,RNF41,DLG5,DLG5|RNF41,False,,cell_junction;cytoplasm;cytoskeleton;membrane;plasma_membrane,,False,True,False,True,True,False,False,False,0.16916,CRC,CRC|CRC_GSE166555_expression_Celltype_majorlineage|Myofibroblasts
E3|Q9H4P4|Q13740,E3|Q9H4P4,E3,Q9H4P4,Q13740,RNF41,ALCAM,RING,0,neg2x_initial_degree_matched,,RNF41,ALCAM,ALCAM|RNF41,False,,extracellular;membrane;plasma_membrane,,False,True,False,True,True,False,False,False,0.64428,LIHC,LIHC|LIHC_GSE146115_expression_Celltype_majorlineage|Malignant
E3|Q9H4P4|P35869,E3|Q9H4P4,E3,Q9H4P4,P35869,RNF41,AHR,RING,0,neg2x_initial_degree_matched,,RNF41,AHR,AHR|RNF41,False,,cytoplasm;nucleus,,False,True,False,True,True,False,False,False,0.42202,LIHC,LIHC|LIHC_GSE146115_expression_Celltype_majorlineage|Mono/Macro
E3|Q9H4P4|Q8TCG1,E3|Q9H4P4,E3,Q9H4P4,Q8TCG1,RNF41,CIP2A,RING,0,neg2x_initial_degree_matched,,RNF41,CIP2A,CIP2A|RNF41,False,,cytoplasm;nucleus,,False,True,False,True,True,False,False,False,0.39042,LIHC,LIHC|LIHC_GSE146115_expression_Celltype_majorlineage|Tprolif
E3|Q9H4P4|O43395,E3|Q9H4P4,E3,Q9H4P4,O43395,RNF41,PRPF3,RING,0,neg2x_initial_degree_matched,,RNF41,PRPF3,PRPF3|RNF41,False,,nucleus,,False,True,False,True,True,False,False,False,0.3002,LIHC,LIHC|LIHC_GSE98638_expression_Celltype_majorlineage|Tprolif
E3|Q9H4P4|Q8IYM9,E3|Q9H4P4,E3,Q9H4P4,Q8IYM9,RNF41,TRIM22,RING,0,neg2x_initial_degree_matched,,RNF41,TRIM22,RNF41|TRIM22,False,,cytoplasm;nucleus,,False,True,False,True,True,False,False,False,0.36683,LIHC,LIHC|LIHC_GSE146115_expression_Celltype_majorlineage|CD8T
E3|Q9H4P4|P46100,E3|Q9H4P4,E3,Q9H4P4,P46100,RNF41,ATRX,RING,0,neg2x_initial_degree_matched,,RNF41,ATRX,ATRX|RNF41,False,,nucleus,,False,True,False,True,True,False,False,False,0.6516,LIHC,LIHC|LIHC_GSE146115_expression_Celltype_majorlineage|Malignant
E3|Q9H6Y7|P19237,E3|Q9H6Y7,E3,Q9H6Y7,P19237,RNF167,TNNI1,RING,0,neg2x_initial_degree_matched,,RNF167,TNNI1,RNF167|TNNI1,False,cytoplasm;endosome;lysosome;membrane;plasma_membrane,,,True,False,False,True,True,False,False,False,0.02077,CRC,CRC|CRC_GSE146771_Smartseq2_expression_Celltype_majorlineage|Malignant
E3|Q9H6Y7|Q96QS3,E3|Q9H6Y7,E3,Q9H6Y7,Q96QS3,RNF167,ARX,RING,0,neg2x_initial_degree_matched,,RNF167,ARX,ARX|RNF167,False,cytoplasm;endosome;lysosome;membrane;plasma_membrane,nucleus,,True,True,False,True,True,False,False,False,0.01467,LIHC,LIHC|LIHC_GSE98638_expression_Celltype_majorlineage|Treg
E3|Q9H6Y7|Q12824,E3|Q9H6Y7,E3,Q9H6Y7,Q12824,RNF167,SMARCB1,RING,0,neg2x_initial_degree_matched,,RNF167,SMARCB1,RNF167|SMARCB1,False,cytoplasm;endosome;lysosome;membrane;plasma_membrane,nucleus,,True,True,False,True,True,False,False,False,0.60942,LIHC,LIHC|LIHC_GSE98638_expression_Celltype_majorlineage|Tprolif
E3|Q9H765|P01912,E3|Q9H765,E3,Q9H765,P01912,ASB8,HLA-DRB1,SOCS_VHL_BC-box,0,neg2x_initial_degree_matched,,ASB8,HLA-DRB1,ASB8|HLA-DRB1,False,cytoplasm,,,True,False,False,True,True,False,False,False,0.42649,LIHC,LIHC|LIHC_GSE98638_expression_Celltype_majorlineage|Tprolif
E3|Q9H765|Q14149,E3|Q9H765,E3,Q9H765,Q14149,ASB8,MORC3,SOCS_VHL_BC-box,0,neg2x_initial_degree_matched,,ASB8,MORC3,ASB8|MORC3,False,cytoplasm,nucleus,,True,True,False,True,True,False,False,False,0.42649,LIHC,LIHC|LIHC_GSE98638_expression_Celltype_majorlineage|Tprolif
E3|Q9H992|Q16777,E3|Q9H992,E3,Q9H992,Q16777,MARCHF7,H2AC20,RING,0,neg2x_initial_degree_matched,,MARCHF7,H2AC20,H2AC20|MARCHF7,False,cytoplasm,nucleus,,True,True,False,False,False,False,False,False,0.0,CRC,NA
E3|Q9H992|P56545,E3|Q9H992,E3,Q9H992,P56545,MARCHF7,CTBP2,RING,0,neg2x_initial_degree_matched,,MARCHF7,CTBP2,CTBP2|MARCHF7,False,cytoplasm,nucleus,,True,True,False,False,False,False,False,False,0.0,CRC,NA
E3|Q9H992|Q15388,E3|Q9H992,E3,Q9H992,Q15388,MARCHF7,TOMM20,RING,0,neg2x_initial_degree_matched,,MARCHF7,TOMM20,MARCHF7|TOMM20,False,cytoplasm,membrane;mitochondrion,,True,True,False,False,False,False,False,False,0.0,CRC,NA
E3|Q9HAU4|A8MYT4,E3|Q9HAU4,E3,Q9HAU4,A8MYT4,SMURF2,PIK3C3,HECT,0,neg2x_initial_degree_matched,,SMURF2,PIK3C3,PIK3C3|SMURF2,False,cytoplasm;membrane;nucleus;plasma_membrane,,,True,False,False,True,True,False,False,False,0.21662,CRC,CRC|CRC_GSE166555_expression_Celltype_majorlineage|Endothelial
E3|Q9HAU4|O00418,E3|Q9HAU4,E3,Q9HAU4,O00418,SMURF2,EEF2K,HECT,0,neg2x_initial_degree_matched,,SMURF2,EEF2K,EEF2K|SMURF2,False,cytoplasm;membrane;nucleus;plasma_membrane,,,True,False,False,True,True,False,False,False,0.27896,CRC,CRC|CRC_GSE166555_expression_Celltype_majorlineage|Endothelial
E3|Q9HAU4|O60240,E3|Q9HAU4,E3,Q9HAU4,O60240,SMURF2,PLIN1,HECT,0,neg2x_initial_degree_matched,,SMURF2,PLIN1,PLIN1|SMURF2,False,cytoplasm;membrane;nucleus;plasma_membrane,endoplasmic_reticulum,,True,True,False,True,True,False,False,False,0.02741,LIHC,LIHC|LIHC_GSE146115_expression_Celltype_majorlineage|Malignant
E3|Q9HAU4|O00330,E3|Q9HAU4,E3,Q9HAU4,O00330,SMURF2,PDHX,HECT,0,neg2x_initial_degree_matched,,SMURF2,PDHX,PDHX|SMURF2,False,cytoplasm;membrane;nucleus;plasma_membrane,mitochondrion,,True,True,False,True,True,False,False,False,0.21624,CRC,CRC|CRC_GSE146771_Smartseq2_expression_Celltype_majorlineage|Fibroblasts
E3|Q9HAU4|Q16875,E3|Q9HAU4,E3,Q9HAU4,Q16875,SMURF2,PFKFB3,HECT,0,neg2x_initial_degree_matched,,SMURF2,PFKFB3,PFKFB3|SMURF2,False,cytoplasm;membrane;nucleus;plasma_membrane,,,True,False,False,True,True,False,False,False,0.22004,CRC,CRC|CRC_GSE146771_Smartseq2_expression_Celltype_majorlineage|Fibroblasts
E3|Q9HAU4|O76013,E3|Q9HAU4,E3,Q9HAU4,O76013,SMURF2,KRT36,HECT,0,neg2x_initial_degree_matched,,SMURF2,KRT36,KRT36|SMURF2,False,cytoplasm;membrane;nucleus;plasma_membrane,,,True,False,False,True,True,False,False,False,0.00894,LIHC,LIHC|LIHC_GSE98638_expression_Celltype_majorlineage|CD8Tex
E3|Q9HAU4|P19174,E3|Q9HAU4,E3,Q9HAU4,P19174,SMURF2,PLCG1,HECT,0,neg2x_initial_degree_matched,,SMURF2,PLCG1,PLCG1|SMURF2,False,cytoplasm;membrane;nucleus;plasma_membrane,,,True,False,False,True,True,False,False,False,0.21958,LIHC,LIHC|LIHC_GSE166635_expression_Celltype_majorlineage|Endothelial
E3|Q9HAU4|Q96A32,E3|Q9HAU4,E3,Q9HAU4,Q96A32,SMURF2,MYLPF,HECT,0,neg2x_initial_degree_matched,,SMURF2,MYLPF,MYLPF|SMURF2,False,cytoplasm;membrane;nucleus;plasma_membrane,,,True,False,False,True,True,False,False,False,0.06624,LIHC,LIHC|LIHC_GSE166635_expression_Celltype_majorlineage|Mast
E3|Q9HCE7|Q14149,E3|Q9HCE7,E3,Q9HCE7,Q14149,SMURF1,MORC3,HECT,0,neg2x_initial_degree_matched,,SMURF1,MORC3,MORC3|SMURF1,False,cytoplasm;membrane;plasma_membrane,nucleus,,True,True,False,True,True,False,False,False,0.16762,CRC,CRC|CRC_GSE166555_expression_Celltype_majorlineage|Myofibroblasts
E3|Q9HCE7|P62807,E3|Q9HCE7,E3,Q9HCE7,P62807,SMURF1,H2BC4,HECT,0,neg2x_initial_degree_matched,,SMURF1,H2BC4,H2BC4|SMURF1,False,cytoplasm;membrane;plasma_membrane,nucleus,,True,True,False,False,False,False,False,False,0.0,CRC,NA
E3|Q9HCE7|P43357,E3|Q9HCE7,E3,Q9HCE7,P43357,SMURF1,MAGEA3,HECT,0,neg2x_initial_degree_matched,,SMURF1,MAGEA3,MAGEA3|SMURF1,False,cytoplasm;membrane;plasma_membrane,,,True,False,False,True,True,False,False,False,0.009,LIHC,LIHC|LIHC_GSE98638_expression_Celltype_majorlineage|CD8Tex
E3|Q9HCE7|O75469,E3|Q9HCE7,E3,Q9HCE7,O75469,SMURF1,NR1I2,HECT,0,neg2x_initial_degree_matched,,SMURF1,NR1I2,NR1I2|SMURF1,False,cytoplasm;membrane;plasma_membrane,nucleus,,True,True,False,True,True,False,False,False,0.15359,CRC,CRC|CRC_GSE166555_expression_Celltype_majorlineage|Epithelial
E3|Q9HCE7|P15259,E3|Q9HCE7,E3,Q9HCE7,P15259,SMURF1,PGAM2,HECT,0,neg2x_initial_degree_matched,,SMURF1,PGAM2,PGAM2|SMURF1,False,cytoplasm;membrane;plasma_membrane,,,True,False,False,True,True,False,False,False,0.1182,CRC,CRC|CRC_GSE166555_expression_Celltype_majorlineage|Myofibroblasts
E3|Q9HCE7|P17542,E3|Q9HCE7,E3,Q9HCE7,P17542,SMURF1,TAL1,HECT,0,neg2x_initial_degree_matched,,SMURF1,TAL1,SMURF1|TAL1,False,cytoplasm;membrane;plasma_membrane,nucleus,,True,True,False,True,True,False,False,False,0.11929,CRC,CRC|CRC_GSE166555_expression_Celltype_majorlineage|Endothelial
E3|Q9HCE7|P20700,E3|Q9HCE7,E3,Q9HCE7,P20700,SMURF1,LMNB1,HECT,0,neg2x_initial_degree_matched,,SMURF1,LMNB1,LMNB1|SMURF1,False,cytoplasm;membrane;plasma_membrane,nucleus,,True,True,False,True,True,False,False,False,0.16335,CRC,CRC|CRC_GSE166555_expression_Celltype_majorlineage|Malignant
E3|Q9HCE7|P35555,E3|Q9HCE7,E3,Q9HCE7,P35555,SMURF1,FBN1,HECT,0,neg2x_initial_degree_matched,,SMURF1,FBN1,FBN1|SMURF1,False,cytoplasm;membrane;plasma_membrane,extracellular,,True,True,False,True,True,False,False,False,0.16762,CRC,CRC|CRC_GSE166555_expression_Celltype_majorlineage|Myofibroblasts
E3|Q9HCE7|Q15361,E3|Q9HCE7,E3,Q9HCE7,Q15361,SMURF1,TTF1,HECT,0,neg2x_initial_degree_matched,,SMURF1,TTF1,SMURF1|TTF1,False,cytoplasm;membrane;plasma_membrane,nucleus,,True,True,False,True,True,False,False,False,0.11404,CRC,CRC|CRC_GSE146771_Smartseq2_expression_Celltype_majorlineage|Endothelial
E3|Q9HCE7|Q96ST3,E3|Q9HCE7,E3,Q9HCE7,Q96ST3,SMURF1,SIN3A,HECT,0,neg2x_initial_degree_matched,,SMURF1,SIN3A,SIN3A|SMURF1,False,cytoplasm;membrane;plasma_membrane,nucleus,,True,True,False,True,True,False,False,False,0.16762,CRC,CRC|CRC_GSE166555_expression_Celltype_majorlineage|Myofibroblasts
E3|Q9HCE7|P16401,E3|Q9HCE7,E3,Q9HCE7,P16401,SMURF1,H1-5,HECT,0,neg2x_initial_degree_matched,,SMURF1,H1-5,H1-5|SMURF1,False,cytoplasm;membrane;plasma_membrane,nucleus,,True,True,False,False,False,False,False,False,0.0,CRC,NA
E3|Q9HCE7|A6MI22,E3|Q9HCE7,E3,Q9HCE7,A6MI22,SMURF1,tat,HECT,0,neg2x_initial_degree_matched,,SMURF1,TAT,SMURF1|TAT,False,cytoplasm;membrane;plasma_membrane,,,True,False,False,True,True,False,False,False,0.10995,LIHC,LIHC|LIHC_GSE146115_expression_Celltype_majorlineage|Malignant
E3|Q9HCE7|P48436,E3|Q9HCE7,E3,Q9HCE7,P48436,SMURF1,SOX9,HECT,0,neg2x_initial_degree_matched,,SMURF1,SOX9,SMURF1|SOX9,False,cytoplasm;membrane;plasma_membrane,nucleus,,True,True,False,True,True,False,False,False,0.16335,CRC,CRC|CRC_GSE166555_expression_Celltype_majorlineage|Malignant
E3|Q9HCE7|P23025,E3|Q9HCE7,E3,Q9HCE7,P23025,SMURF1,XPA,HECT,0,neg2x_initial_degree_matched,,SMURF1,XPA,SMURF1|XPA,False,cytoplasm;membrane;plasma_membrane,nucleus,,True,True,False,True,True,False,False,False,0.16762,CRC,CRC|CRC_GSE166555_expression_Celltype_majorlineage|Myofibroblasts
E3|Q9HCE7|P61968,E3|Q9HCE7,E3,Q9HCE7,P61968,SMURF1,LMO4,HECT,0,neg2x_initial_degree_matched,,SMURF1,LMO4,LMO4|SMURF1,False,cytoplasm;membrane;plasma_membrane,,,True,False,False,True,True,False,False,False,0.16762,CRC,CRC|CRC_GSE166555_expression_Celltype_majorlineage|Myofibroblasts
E3|Q9HCE7|P02751,E3|Q9HCE7,E3,Q9HCE7,P02751,SMURF1,FN1,HECT,0,neg2x_initial_degree_matched,,SMURF1,FN1,FN1|SMURF1,False,cytoplasm;membrane;plasma_membrane,extracellular,,True,True,False,True,True,False,False,False,0.16762,CRC,CRC|CRC_GSE166555_expression_Celltype_majorlineage|Myofibroblasts
E3|Q9HCE7|Q9NVW2,E3|Q9HCE7,E3,Q9HCE7,Q9NVW2,SMURF1,RLIM,HECT,0,neg2x_initial_degree_matched,,SMURF1,RLIM,RLIM|SMURF1,False,cytoplasm;membrane;plasma_membrane,nucleus,,True,True,False,True,True,False,False,False,0.16762,CRC,CRC|CRC_GSE166555_expression_Celltype_majorlineage|Myofibroblasts
E3|Q9HCE7|Q8NFD5,E3|Q9HCE7,E3,Q9HCE7,Q8NFD5,SMURF1,ARID1B,HECT,0,neg2x_initial_degree_matched,,SMURF1,ARID1B,ARID1B|SMURF1,False,cytoplasm;membrane;plasma_membrane,nucleus,,True,True,False,True,True,False,False,False,0.16762,CRC,CRC|CRC_GSE166555_expression_Celltype_majorlineage|Myofibroblasts
E3|Q9HCE7|Q9I788,E3|Q9HCE7,E3,Q9HCE7,Q9I788,SMURF1,exoT,HECT,0,neg2x_initial_degree_matched,,SMURF1,EXOT,EXOT|SMURF1,False,cytoplasm;membrane;plasma_membrane,,,True,False,False,False,False,False,False,False,0.0,CRC,NA
E3|Q9HCE7|Q9H2A3,E3|Q9HCE7,E3,Q9HCE7,Q9H2A3,SMURF1,NEUROG2,HECT,0,neg2x_initial_degree_matched,,SMURF1,NEUROG2,NEUROG2|SMURF1,False,cytoplasm;membrane;plasma_membrane,nucleus,,True,True,False,True,False,False,False,False,0.0027,CRC,CRC|CRC_GSE166555_expression_Celltype_majorlineage|Malignant
E3|Q9HCE7|Q7L8J4,E3|Q9HCE7,E3,Q9HCE7,Q7L8J4,SMURF1,SH3BP5L,HECT,0,neg2x_initial_degree_matched,,SMURF1,SH3BP5L,SH3BP5L|SMURF1,False,cytoplasm;membrane;plasma_membrane,,,True,False,False,True,True,False,False,False,0.08452,CRC,CRC|CRC_GSE166555_expression_Celltype_majorlineage|Endothelial
E3|Q9HCE7|P49715,E3|Q9HCE7,E3,Q9HCE7,P49715,SMURF1,CEBPA,HECT,0,neg2x_initial_degree_matched,,SMURF1,CEBPA,CEBPA|SMURF1,False,cytoplasm;membrane;plasma_membrane,nucleus,,True,True,False,True,True,False,False,False,0.16335,CRC,CRC|CRC_GSE166555_expression_Celltype_majorlineage|Malignant
E3|Q9HCE7|O15151,E3|Q9HCE7,E3,Q9HCE7,O15151,SMURF1,MDM4,HECT,0,neg2x_initial_degree_matched,,SMURF1,MDM4,MDM4|SMURF1,False,cytoplasm;membrane;plasma_membrane,nucleus,,True,True,False,True,True,False,False,False,0.16762,CRC,CRC|CRC_GSE166555_expression_Celltype_majorlineage|Myofibroblasts
E3|Q9HCE7|Q96A32,E3|Q9HCE7,E3,Q9HCE7,Q96A32,SMURF1,MYLPF,HECT,0,neg2x_initial_degree_matched,,SMURF1,MYLPF,MYLPF|SMURF1,False,cytoplasm;membrane;plasma_membrane,,,True,False,False,True,True,False,False,False,0.02691,CRC,CRC|CRC_EMTAB8107_expression_Celltype_majorlineage|Malignant
E3|Q9HCE7|P45973,E3|Q9HCE7,E3,Q9HCE7,P45973,SMURF1,CBX5,HECT,0,neg2x_initial_degree_matched,,SMURF1,CBX5,CBX5|SMURF1,False,cytoplasm;membrane;plasma_membrane,nucleus,,True,True,False,True,True,False,False,False,0.16762,CRC,CRC|CRC_GSE166555_expression_Celltype_majorlineage|Myofibroblasts
E3|Q9HCE7|Q5VSY0,E3|Q9HCE7,E3,Q9HCE7,Q5VSY0,SMURF1,GKAP1,HECT,0,neg2x_initial_degree_matched,,SMURF1,GKAP1,GKAP1|SMURF1,False,cytoplasm;membrane;plasma_membrane,golgi,,True,True,False,True,True,False,False,False,0.11929,CRC,CRC|CRC_GSE166555_expression_Celltype_majorlineage|Endothelial
E3|Q9HCE7|Q9GIY3,E3|Q9HCE7,E3,Q9HCE7,Q9GIY3,SMURF1,HLA-DRB1,HECT,0,neg2x_initial_degree_matched,,SMURF1,HLA-DRB1,HLA-DRB1|SMURF1,False,cytoplasm;membrane;plasma_membrane,,,True,False,False,True,True,False,False,False,0.11929,CRC,CRC|CRC_GSE166555_expression_Celltype_majorlineage|Endothelial
E3|Q9HCE7|O60934,E3|Q9HCE7,E3,Q9HCE7,O60934,SMURF1,NBN,HECT,0,neg2x_initial_degree_matched,,SMURF1,NBN,NBN|SMURF1,False,cytoplasm;membrane;plasma_membrane,nucleus,,True,True,False,True,True,False,False,False,0.16762,CRC,CRC|CRC_GSE166555_expression_Celltype_majorlineage|Myofibroblasts
E3|Q9HCE7|Q96GM5,E3|Q9HCE7,E3,Q9HCE7,Q96GM5,SMURF1,SMARCD1,HECT,0,neg2x_initial_degree_matched,,SMURF1,SMARCD1,SMARCD1|SMURF1,False,cytoplasm;membrane;plasma_membrane,nucleus,,True,True,False,True,True,False,False,False,0.16762,CRC,CRC|CRC_GSE166555_expression_Celltype_majorlineage|Myofibroblasts
E3|Q9HCE7|P50458,E3|Q9HCE7,E3,Q9HCE7,P50458,SMURF1,LHX2,HECT,0,neg2x_initial_degree_matched,,SMURF1,LHX2,LHX2|SMURF1,False,cytoplasm;membrane;plasma_membrane,nucleus,,True,True,False,True,True,False,False,False,0.05679,LIHC,LIHC|LIHC_GSE146409_expression_Celltype_majorlineage|Fibroblasts
E3|Q9HCE7|P35659,E3|Q9HCE7,E3,Q9HCE7,P35659,SMURF1,DEK,HECT,0,neg2x_initial_degree_matched,,SMURF1,DEK,DEK|SMURF1,False,cytoplasm;membrane;plasma_membrane,nucleus,,True,True,False,True,True,False,False,False,0.16762,CRC,CRC|CRC_GSE166555_expression_Celltype_majorlineage|Myofibroblasts
E3|Q9HCE7|Q12888,E3|Q9HCE7,E3,Q9HCE7,Q12888,SMURF1,TP53BP1,HECT,0,neg2x_initial_degree_matched,,SMURF1,TP53BP1,SMURF1|TP53BP1,False,cytoplasm;membrane;plasma_membrane,nucleus,,True,True,False,True,True,False,False,False,0.16762,CRC,CRC|CRC_GSE166555_expression_Celltype_majorlineage|Myofibroblasts
E3|Q9HCE7|O94953,E3|Q9HCE7,E3,Q9HCE7,O94953,SMURF1,KDM4B,HECT,0,neg2x_initial_degree_matched,,SMURF1,KDM4B,KDM4B|SMURF1,False,cytoplasm;membrane;plasma_membrane,nucleus,,True,True,False,True,True,False,False,False,0.16335,CRC,CRC|CRC_GSE166555_expression_Celltype_majorlineage|Malignant
E3|Q9HCE7|P05412,E3|Q9HCE7,E3,Q9HCE7,P05412,SMURF1,JUN,HECT,0,neg2x_initial_degree_matched,,SMURF1,JUN,JUN|SMURF1,False,cytoplasm;membrane;plasma_membrane,nucleus,,True,True,False,True,True,False,False,False,0.16762,CRC,CRC|CRC_GSE166555_expression_Celltype_majorlineage|Myofibroblasts
E3|Q9HCE7|P83916,E3|Q9HCE7,E3,Q9HCE7,P83916,SMURF1,CBX1,HECT,0,neg2x_initial_degree_matched,,SMURF1,CBX1,CBX1|SMURF1,False,cytoplasm;membrane;plasma_membrane,nucleus,,True,True,False,True,True,False,False,False,0.16762,CRC,CRC|CRC_GSE166555_expression_Celltype_majorlineage|Myofibroblasts
E3|Q9HCE7|Q08050,E3|Q9HCE7,E3,Q9HCE7,Q08050,SMURF1,FOXM1,HECT,0,neg2x_initial_degree_matched,,SMURF1,FOXM1,FOXM1|SMURF1,False,cytoplasm;membrane;plasma_membrane,nucleus,,True,True,False,True,True,False,False,False,0.10537,CRC,CRC|CRC_GSE166555_expression_Celltype_majorlineage|Malignant
E3|Q9HCE7|O75417,E3|Q9HCE7,E3,Q9HCE7,O75417,SMURF1,POLQ,HECT,0,neg2x_initial_degree_matched,,SMURF1,POLQ,POLQ|SMURF1,False,cytoplasm;membrane;plasma_membrane,nucleus,,True,True,False,True,True,False,False,False,0.09935,CRC,CRC|CRC_GSE166555_expression_Celltype_majorlineage|Malignant
E3|Q9HCE7|Q30134,E3|Q9HCE7,E3,Q9HCE7,Q30134,SMURF1,HLA-DRB1,HECT,0,neg2x_initial_degree_matched,,SMURF1,HLA-DRB1,HLA-DRB1|SMURF1,False,cytoplasm;membrane;plasma_membrane,,,True,False,False,True,True,False,False,False,0.11929,CRC,CRC|CRC_GSE166555_expression_Celltype_majorlineage|Endothelial
E3|Q9HCE7|Q13569,E3|Q9HCE7,E3,Q9HCE7,Q13569,SMURF1,TDG,HECT,0,neg2x_initial_degree_matched,,SMURF1,TDG,SMURF1|TDG,False,cytoplasm;membrane;plasma_membrane,nucleus,,True,True,False,True,True,False,False,False,0.16762,CRC,CRC|CRC_GSE166555_expression_Celltype_majorlineage|Myofibroblasts
E3|Q9HCE7|Q16778,E3|Q9HCE7,E3,Q9HCE7,Q16778,SMURF1,H2BC21,HECT,0,neg2x_initial_degree_matched,,SMURF1,H2BC21,H2BC21|SMURF1,False,cytoplasm;membrane;plasma_membrane,nucleus,,True,True,False,False,False,False,False,False,0.0,CRC,NA
E3|Q9HCE7|Q9NTG7,E3|Q9HCE7,E3,Q9HCE7,Q9NTG7,SMURF1,SIRT3,HECT,0,neg2x_initial_degree_matched,,SMURF1,SIRT3,SIRT3|SMURF1,False,cytoplasm;membrane;plasma_membrane,mitochondrion,,True,True,False,True,True,False,False,False,0.10797,LIHC,LIHC|LIHC_GSE146115_expression_Celltype_majorlineage|Malignant
E3|Q9HCE7|O43679,E3|Q9HCE7,E3,Q9HCE7,O43679,SMURF1,LDB2,HECT,0,neg2x_initial_degree_matched,,SMURF1,LDB2,LDB2|SMURF1,False,cytoplasm;membrane;plasma_membrane,nucleus,,True,True,False,True,True,False,False,False,0.11929,CRC,CRC|CRC_GSE166555_expression_Celltype_majorlineage|Endothelial
E3|Q9HCE7|P55211,E3|Q9HCE7,E3,Q9HCE7,P55211,SMURF1,CASP9,HECT,0,neg2x_initial_degree_matched,,SMURF1,CASP9,CASP9|SMURF1,False,cytoplasm;membrane;plasma_membrane,,,True,False,False,True,True,False,False,False,0.11179,LIHC,LIHC|LIHC_GSE140228_Smartseq2_expression_Celltype_majorlineage|DC
E3|Q9HCE7|Q13627,E3|Q9HCE7,E3,Q9HCE7,Q13627,SMURF1,DYRK1A,HECT,0,neg2x_initial_degree_matched,,SMURF1,DYRK1A,DYRK1A|SMURF1,False,cytoplasm;membrane;plasma_membrane,nucleus,,True,True,False,True,True,False,False,False,0.16762,CRC,CRC|CRC_GSE166555_expression_Celltype_majorlineage|Myofibroblasts
E3|Q9HCE7|Q86U70,E3|Q9HCE7,E3,Q9HCE7,Q86U70,SMURF1,LDB1,HECT,0,neg2x_initial_degree_matched,,SMURF1,LDB1,LDB1|SMURF1,False,cytoplasm;membrane;plasma_membrane,nucleus,,True,True,False,True,True,False,False,False,0.107,CRC,CRC|CRC_GSE166555_expression_Celltype_majorlineage|Fibroblasts
E3|Q9HCE7|P07199,E3|Q9HCE7,E3,Q9HCE7,P07199,SMURF1,CENPB,HECT,0,neg2x_initial_degree_matched,,SMURF1,CENPB,CENPB|SMURF1,False,cytoplasm;membrane;plasma_membrane,nucleus,,True,True,False,True,True,False,False,False,0.16762,CRC,CRC|CRC_GSE166555_expression_Celltype_majorlineage|Myofibroblasts
E3|Q9HCE7|Q8IYD8,E3|Q9HCE7,E3,Q9HCE7,Q8IYD8,SMURF1,FANCM,HECT,0,neg2x_initial_degree_matched,,SMURF1,FANCM,FANCM|SMURF1,False,cytoplasm;membrane;plasma_membrane,nucleus,,True,True,False,True,True,False,False,False,0.09203,LIHC,LIHC|LIHC_GSE140228_Smartseq2_expression_Celltype_majorlineage|Mast
E3|Q9HCE7|P10244,E3|Q9HCE7,E3,Q9HCE7,P10244,SMURF1,MYBL2,HECT,0,neg2x_initial_degree_matched,,SMURF1,MYBL2,MYBL2|SMURF1,False,cytoplasm;membrane;plasma_membrane,nucleus,,True,True,False,True,True,False,False,False,0.1001,CRC,CRC|CRC_GSE166555_expression_Celltype_majorlineage|Malignant
E3|Q9HCE7|P11161,E3|Q9HCE7,E3,Q9HCE7,P11161,SMURF1,EGR2,HECT,0,neg2x_initial_degree_matched,,SMURF1,EGR2,EGR2|SMURF1,False,cytoplasm;membrane;plasma_membrane,nucleus,,True,True,False,True,True,False,False,False,0.11179,LIHC,LIHC|LIHC_GSE140228_Smartseq2_expression_Celltype_majorlineage|DC
E3|Q9HCE7|P06935,E3|Q9HCE7,E3,Q9HCE7,P06935,SMURF1,,HECT,0,neg2x_initial_degree_matched,,SMURF1,,,False,cytoplasm;membrane;plasma_membrane,,,True,False,False,False,False,False,False,False,0.0,CRC,NA
E3|Q9HCE7|P43268,E3|Q9HCE7,E3,Q9HCE7,P43268,SMURF1,ETV4,HECT,0,neg2x_initial_degree_matched,,SMURF1,ETV4,ETV4|SMURF1,False,cytoplasm;membrane;plasma_membrane,nucleus,,True,True,False,True,True,False,False,False,0.16227,CRC,CRC|CRC_GSE166555_expression_Celltype_majorlineage|Malignant
E3|Q9HCE7|Q92851,E3|Q9HCE7,E3,Q9HCE7,Q92851,SMURF1,CASP10,HECT,0,neg2x_initial_degree_matched,,SMURF1,CASP10,CASP10|SMURF1,False,cytoplasm;membrane;plasma_membrane,,,True,False,False,True,True,False,False,False,0.11404,CRC,CRC|CRC_GSE146771_Smartseq2_expression_Celltype_majorlineage|Endothelial
E3|Q9HCE7|Q9UBP5,E3|Q9HCE7,E3,Q9HCE7,Q9UBP5,SMURF1,HEY2,HECT,0,neg2x_initial_degree_matched,,SMURF1,HEY2,HEY2|SMURF1,False,cytoplasm;membrane;plasma_membrane,nucleus,,True,True,False,True,True,False,False,False,0.16762,CRC,CRC|CRC_GSE166555_expression_Celltype_majorlineage|Myofibroblasts
E3|Q9HCE7|P15498,E3|Q9HCE7,E3,Q9HCE7,P15498,SMURF1,VAV1,HECT,0,neg2x_initial_degree_matched,,SMURF1,VAV1,SMURF1|VAV1,False,cytoplasm;membrane;plasma_membrane,,,True,False,False,True,True,False,False,False,0.11179,LIHC,LIHC|LIHC_GSE140228_Smartseq2_expression_Celltype_majorlineage|DC
E3|Q9HCE7|P26927,E3|Q9HCE7,E3,Q9HCE7,P26927,SMURF1,MST1,HECT,0,neg2x_initial_degree_matched,,SMURF1,MST1,MST1|SMURF1,False,cytoplasm;membrane;plasma_membrane,extracellular,,True,True,False,True,True,False,False,False,0.10995,LIHC,LIHC|LIHC_GSE146115_expression_Celltype_majorlineage|Malignant
E3|Q9HCE7|Q7Z7J5,E3|Q9HCE7,E3,Q9HCE7,Q7Z7J5,SMURF1,DPPA2,HECT,0,neg2x_initial_degree_matched,,SMURF1,DPPA2,DPPA2|SMURF1,False,cytoplasm;membrane;plasma_membrane,nucleus,,True,True,False,True,True,False,False,False,0.00186,LIHC,LIHC|LIHC_GSE140228_Smartseq2_expression_Celltype_majorlineage|CD4Tconv
E3|Q9HCE7|P28562,E3|Q9HCE7,E3,Q9HCE7,P28562,SMURF1,DUSP1,HECT,0,neg2x_initial_degree_matched,,SMURF1,DUSP1,DUSP1|SMURF1,False,cytoplasm;membrane;plasma_membrane,nucleus,,True,True,False,True,True,False,False,False,0.16762,CRC,CRC|CRC_GSE166555_expression_Celltype_majorlineage|Myofibroblasts
E3|Q9HCE7|Q15554,E3|Q9HCE7,E3,Q9HCE7,Q15554,SMURF1,TERF2,HECT,0,neg2x_initial_degree_matched,,SMURF1,TERF2,SMURF1|TERF2,False,cytoplasm;membrane;plasma_membrane,nucleus,,True,True,False,True,True,False,False,False,0.11404,CRC,CRC|CRC_GSE146771_Smartseq2_expression_Celltype_majorlineage|Endothelial
E3|Q9HCE7|Q5MJ70,E3|Q9HCE7,E3,Q9HCE7,Q5MJ70,SMURF1,SPDYA,HECT,0,neg2x_initial_degree_matched,,SMURF1,SPDYA,SMURF1|SPDYA,False,cytoplasm;membrane;plasma_membrane,nucleus,,True,True,False,True,True,False,False,False,0.11179,LIHC,LIHC|LIHC_GSE140228_Smartseq2_expression_Celltype_majorlineage|DC
E3|Q9HCE7|P01912,E3|Q9HCE7,E3,Q9HCE7,P01912,SMURF1,HLA-DRB1,HECT,0,neg2x_initial_degree_matched,,SMURF1,HLA-DRB1,HLA-DRB1|SMURF1,False,cytoplasm;membrane;plasma_membrane,,,True,False,False,True,True,False,False,False,0.11929,CRC,CRC|CRC_GSE166555_expression_Celltype_majorlineage|Endothelial
E3|Q9HCE7|Q9NXR8,E3|Q9HCE7,E3,Q9HCE7,Q9NXR8,SMURF1,ING3,HECT,0,neg2x_initial_degree_matched,,SMURF1,ING3,ING3|SMURF1,False,cytoplasm;membrane;plasma_membrane,nucleus,,True,True,False,True,True,False,False,False,0.11929,CRC,CRC|CRC_GSE166555_expression_Celltype_majorlineage|Endothelial
E3|Q9HCE7|P62805,E3|Q9HCE7,E3,Q9HCE7,P62805,SMURF1,H4C1,HECT,0,neg2x_initial_degree_matched,,SMURF1,H4C1,H4C1|SMURF1,False,cytoplasm;membrane;plasma_membrane,nucleus,,True,True,False,False,False,False,False,False,0.0,CRC,NA
E3|Q9HCE7|Q9H4P4,E3|Q9HCE7,E3,Q9HCE7,Q9H4P4,SMURF1,RNF41,HECT,0,neg2x_initial_degree_matched,,SMURF1,RNF41,RNF41|SMURF1,False,cytoplasm;membrane;plasma_membrane,,,True,False,False,True,True,False,False,False,0.16762,CRC,CRC|CRC_GSE166555_expression_Celltype_majorlineage|Myofibroblasts
E3|Q9HCE7|P60903,E3|Q9HCE7,E3,Q9HCE7,P60903,SMURF1,S100A10,HECT,0,neg2x_initial_degree_matched,,SMURF1,S100A10,S100A10|SMURF1,False,cytoplasm;membrane;plasma_membrane,,,True,False,False,True,True,False,False,False,0.16762,CRC,CRC|CRC_GSE166555_expression_Celltype_majorlineage|Myofibroblasts
E3|Q9HCE7|P51530,E3|Q9HCE7,E3,Q9HCE7,P51530,SMURF1,DNA2,HECT,0,neg2x_initial_degree_matched,,SMURF1,DNA2,DNA2|SMURF1,False,cytoplasm;membrane;plasma_membrane,mitochondrion;nucleus,,True,True,False,True,True,False,False,False,0.06714,CRC,CRC|CRC_GSE108989_expression_Celltype_majorlineage|Tprolif
E3|Q9HCE7|O60381,E3|Q9HCE7,E3,Q9HCE7,O60381,SMURF1,HBP1,HECT,0,neg2x_initial_degree_matched,,SMURF1,HBP1,HBP1|SMURF1,False,cytoplasm;membrane;plasma_membrane,nucleus,,True,True,False,True,True,False,False,False,0.16762,CRC,CRC|CRC_GSE166555_expression_Celltype_majorlineage|Myofibroblasts
E3|Q9HCE7|P02647,E3|Q9HCE7,E3,Q9HCE7,P02647,SMURF1,APOA1,HECT,0,neg2x_initial_degree_matched,,SMURF1,APOA1,APOA1|SMURF1,False,cytoplasm;membrane;plasma_membrane,extracellular,,True,True,False,True,True,False,False,False,0.10995,LIHC,LIHC|LIHC_GSE146115_expression_Celltype_majorlineage|Malignant
E3|Q9HCE7|Q92858,E3|Q9HCE7,E3,Q9HCE7,Q92858,SMURF1,ATOH1,HECT,0,neg2x_initial_degree_matched,,SMURF1,ATOH1,ATOH1|SMURF1,False,cytoplasm;membrane;plasma_membrane,nucleus,,True,True,False,True,False,False,False,False,0.16335,CRC,CRC|CRC_GSE166555_expression_Celltype_majorlineage|Malignant
E3|Q9HCE7|Q13535,E3|Q9HCE7,E3,Q9HCE7,Q13535,SMURF1,ATR,HECT,0,neg2x_initial_degree_matched,,SMURF1,ATR,ATR|SMURF1,False,cytoplasm;membrane;plasma_membrane,nucleus,,True,True,False,True,True,False,False,False,0.1587,CRC,CRC|CRC_GSE166555_expression_Celltype_majorlineage|Malignant
E3|Q9HCE7|Q71DI3,E3|Q9HCE7,E3,Q9HCE7,Q71DI3,SMURF1,H3C15,HECT,0,neg2x_initial_degree_matched,,SMURF1,H3C15,H3C15|SMURF1,False,cytoplasm;membrane;plasma_membrane,nucleus,,True,True,False,False,False,False,False,False,0.0,CRC,NA
E3|Q9HCE7|Q01664,E3|Q9HCE7,E3,Q9HCE7,Q01664,SMURF1,TFAP4,HECT,0,neg2x_initial_degree_matched,,SMURF1,TFAP4,SMURF1|TFAP4,False,cytoplasm;membrane;plasma_membrane,nucleus,,True,True,False,True,True,False,False,False,0.10765,CRC,CRC|CRC_GSE139555_expression_Celltype_majorlineage|Myofibroblasts
E3|Q9HCI7|P01730,E3|Q9HCI7,E3,Q9HCI7,P01730,MSL2,CD4,RING,0,neg2x_initial_degree_matched,,MSL2,CD4,CD4|MSL2,False,nucleus,endoplasmic_reticulum;membrane;plasma_membrane,,True,True,False,True,True,False,False,False,0.29778,LIHC,LIHC|LIHC_GSE179795_expression_Celltype_majorlineage|Mono/Macro
E3|Q9HCI7|Q8ND25,E3|Q9HCI7,E3,Q9HCI7,Q8ND25,MSL2,ZNRF1,RING,0,neg2x_initial_degree_matched,,MSL2,ZNRF1,MSL2|ZNRF1,False,nucleus,cytoplasm;endosome;lysosome;membrane;vesicle,,True,True,False,True,True,False,False,False,0.2207,CRC,CRC|CRC_GSE108989_expression_Celltype_majorlineage|Treg
E3|Q9HCI7|P22681,E3|Q9HCI7,E3,Q9HCI7,P22681,MSL2,CBL,RING,0,neg2x_initial_degree_matched,,MSL2,CBL,CBL|MSL2,False,nucleus,cytoplasm;golgi;membrane;plasma_membrane,,True,True,False,True,True,False,False,False,0.38742,LIHC,LIHC|LIHC_GSE179795_expression_Celltype_majorlineage|Mono/Macro
E3|Q9HCI7|O43734,E3|Q9HCI7,E3,Q9HCI7,O43734,MSL2,TRAF3IP2,RING,0,neg2x_initial_degree_matched,,MSL2,TRAF3IP2,MSL2|TRAF3IP2,False,nucleus,,,True,False,False,True,True,False,False,False,0.27946,LIHC,LIHC|LIHC_GSE146115_expression_Celltype_majorlineage|CD8T
E3|Q9HCI7|P37088,E3|Q9HCI7,E3,Q9HCI7,P37088,MSL2,SCNN1A,RING,0,neg2x_initial_degree_matched,,MSL2,SCNN1A,MSL2|SCNN1A,False,nucleus,cytoplasm;cytoskeleton;membrane;plasma_membrane;vesicle,,True,True,False,True,True,False,False,False,0.15848,CRC,CRC|CRC_GSE166555_expression_Celltype_majorlineage|Malignant
E3|Q9HCI7|Q15836,E3|Q9HCI7,E3,Q9HCI7,Q15836,MSL2,VAMP3,RING,0,neg2x_initial_degree_matched,,MSL2,VAMP3,MSL2|VAMP3,False,nucleus,endosome;membrane,,True,True,False,True,True,False,False,False,0.22445,CRC,CRC|CRC_GSE166555_expression_Celltype_majorlineage|DC
E3|Q9HCM9|P03129,E3|Q9HCM9,E3,Q9HCM9,P03129,TRIM39,E7,RING,0,neg2x_initial_degree_matched,,TRIM39,E7,E7|TRIM39,False,cytoplasm;mitochondrion;nucleus,,,True,False,False,False,False,False,False,False,0.0,CRC,NA
E3|Q9HCM9|O76013,E3|Q9HCM9,E3,Q9HCM9,O76013,TRIM39,KRT36,RING,0,neg2x_initial_degree_matched,,TRIM39,KRT36,KRT36|TRIM39,False,cytoplasm;mitochondrion;nucleus,,,True,False,False,True,True,False,False,False,0.00894,LIHC,LIHC|LIHC_GSE98638_expression_Celltype_majorlineage|CD8Tex
E3|Q9NPC3|O60858,E3|Q9NPC3,E3,Q9NPC3,O60858,CCNB1IP1,TRIM13,RING,0,neg2x_initial_degree_matched,,CCNB1IP1,TRIM13,CCNB1IP1|TRIM13,False,nucleus,endoplasmic_reticulum;membrane,,True,True,False,True,True,False,False,False,0.22381,CRC,CRC|CRC_GSE139555_expression_Celltype_majorlineage|Myofibroblasts
E3|Q9NRD0|P51114,E3|Q9NRD0,E3,Q9NRD0,P51114,FBXO8,FXR1,F-box,0,neg2x_initial_degree_matched,,FBXO8,FXR1,FBXO8|FXR1,False,,cytoplasm;nucleus,,False,True,False,True,True,False,False,False,0.25857,CRC,CRC|CRC_GSE108989_expression_Celltype_majorlineage|Tprolif
E3|Q9NRD0|P15056,E3|Q9NRD0,E3,Q9NRD0,P15056,FBXO8,BRAF,F-box,0,neg2x_initial_degree_matched,,FBXO8,BRAF,BRAF|FBXO8,False,,cytoplasm;membrane;nucleus;plasma_membrane,,False,True,False,True,True,False,False,False,0.18579,CRC,CRC|CRC_GSE146771_Smartseq2_expression_Celltype_majorlineage|Tprolif
E3|Q9NRD0|P26006,E3|Q9NRD0,E3,Q9NRD0,P26006,FBXO8,ITGA3,F-box,0,neg2x_initial_degree_matched,,FBXO8,ITGA3,FBXO8|ITGA3,False,,membrane;plasma_membrane,,False,True,False,True,True,False,False,False,0.17322,CRC,CRC|CRC_GSE166555_expression_Celltype_majorlineage|Myofibroblasts
E3|Q9NRD0|P11308,E3|Q9NRD0,E3,Q9NRD0,P11308,FBXO8,ERG,F-box,0,neg2x_initial_degree_matched,,FBXO8,ERG,ERG|FBXO8,False,,cytoplasm;nucleus,,False,True,False,True,True,False,False,False,0.22761,CRC,CRC|CRC_GSE146771_Smartseq2_expression_Celltype_majorlineage|Endothelial
E3|Q9NRD0|O00291,E3|Q9NRD0,E3,Q9NRD0,O00291,FBXO8,HIP1,F-box,0,neg2x_initial_degree_matched,,FBXO8,HIP1,FBXO8|HIP1,False,,cytoplasm;membrane;nucleus;vesicle,,False,True,False,True,True,False,False,False,0.17322,CRC,CRC|CRC_GSE166555_expression_Celltype_majorlineage|Myofibroblasts
E3|Q9NRD0|Q5T9L3,E3|Q9NRD0,E3,Q9NRD0,Q5T9L3,FBXO8,WLS,F-box,0,neg2x_initial_degree_matched,,FBXO8,WLS,FBXO8|WLS,False,,cytoplasm;endoplasmic_reticulum;endosome;golgi;membrane;plasma_membrane;vesicle,,False,True,False,True,True,False,False,False,0.25524,CRC,CRC|CRC_GSE146771_Smartseq2_expression_Celltype_majorlineage|Fibroblasts
E3|Q9NRD1|Q13002,E3|Q9NRD1,E3,Q9NRD1,Q13002,FBXO6,GRIK2,F-box,0,neg2x_initial_degree_matched,,FBXO6,GRIK2,FBXO6|GRIK2,False,cytoplasm,membrane;plasma_membrane,,True,True,False,True,True,False,False,False,0.04166,CRC,CRC|CRC_EMTAB8107_expression_Celltype_majorlineage|Enteric glial
E3|Q9NRD1|Q99988,E3|Q9NRD1,E3,Q9NRD1,Q99988,FBXO6,GDF15,F-box,0,neg2x_initial_degree_matched,,FBXO6,GDF15,FBXO6|GDF15,False,cytoplasm,extracellular,,True,True,False,True,True,False,False,False,0.10051,LIHC,LIHC|LIHC_GSE166635_expression_Celltype_majorlineage|Tprolif
E3|Q9NRD1|Q8IXI2,E3|Q9NRD1,E3,Q9NRD1,Q8IXI2,FBXO6,RHOT1,F-box,0,neg2x_initial_degree_matched,,FBXO6,RHOT1,FBXO6|RHOT1,False,cytoplasm,membrane;mitochondrion,,True,True,False,True,True,False,False,False,0.24271,CRC,CRC|CRC_GSE108989_expression_Celltype_majorlineage|Tprolif
E3|Q9NRD1|P26927,E3|Q9NRD1,E3,Q9NRD1,P26927,FBXO6,MST1,F-box,0,neg2x_initial_degree_matched,,FBXO6,MST1,FBXO6|MST1,False,cytoplasm,extracellular,,True,True,False,True,True,False,False,False,0.18993,LIHC,LIHC|LIHC_GSE146115_expression_Celltype_majorlineage|Malignant
E3|Q9NRD1|P15923,E3|Q9NRD1,E3,Q9NRD1,P15923,FBXO6,TCF3,F-box,0,neg2x_initial_degree_matched,,FBXO6,TCF3,FBXO6|TCF3,False,cytoplasm,nucleus,,True,True,False,True,True,False,False,False,0.1966,LIHC,LIHC|LIHC_GSE146115_expression_Celltype_majorlineage|Tprolif
E3|Q9NRD1|Q15361,E3|Q9NRD1,E3,Q9NRD1,Q15361,FBXO6,TTF1,F-box,0,neg2x_initial_degree_matched,,FBXO6,TTF1,FBXO6|TTF1,False,cytoplasm,nucleus,,True,True,False,True,True,False,False,False,0.29852,CRC,CRC|CRC_GSE108989_expression_Celltype_majorlineage|Tprolif
E3|Q9NRD1|Q8N6M0,E3|Q9NRD1,E3,Q9NRD1,Q8N6M0,FBXO6,OTUD6B,F-box,0,neg2x_initial_degree_matched,,FBXO6,OTUD6B,FBXO6|OTUD6B,False,cytoplasm,,,True,False,False,True,True,False,False,False,0.226,LIHC,LIHC|LIHC_GSE146115_expression_Celltype_majorlineage|Mono/Macro
E3|Q9NRD1|P01911,E3|Q9NRD1,E3,Q9NRD1,P01911,FBXO6,HLA-DRB1,F-box,0,neg2x_initial_degree_matched,,FBXO6,HLA-DRB1,FBXO6|HLA-DRB1,False,cytoplasm,endoplasmic_reticulum;endosome;lysosome;membrane;plasma_membrane,,True,True,False,True,True,False,False,False,0.31746,LIHC,LIHC|LIHC_GSE98638_expression_Celltype_majorlineage|Tprolif
E3|Q9NRD1|P01903,E3|Q9NRD1,E3,Q9NRD1,P01903,FBXO6,HLA-DRA,F-box,0,neg2x_initial_degree_matched,,FBXO6,HLA-DRA,FBXO6|HLA-DRA,False,cytoplasm,endoplasmic_reticulum;endosome;lysosome;membrane;plasma_membrane,,True,True,False,True,True,False,False,False,0.31746,LIHC,LIHC|LIHC_GSE98638_expression_Celltype_majorlineage|Tprolif
E3|Q9NRM6|O15524,E3|Q9NRM6,E3,Q9NRM6,O15524,IL17RB,SOCS1,Other,0,neg2x_initial_degree_matched,,IL17RB,SOCS1,IL17RB|SOCS1,False,extracellular;membrane;plasma_membrane,cytoplasm;nucleus;vesicle,,True,True,False,True,True,False,False,False,0.41466,LIHC,LIHC|LIHC_GSE179795_expression_Celltype_majorlineage|ILC
E3|Q9NS56|Q9UNE0,E3|Q9NS56,E3,Q9NS56,Q9UNE0,TOPORS,EDAR,RING,0,neg2x_initial_degree_matched,,TOPORS,EDAR,EDAR|TOPORS,False,nucleus,membrane,,True,True,False,True,True,False,False,False,0.09799,CRC,CRC|CRC_GSE139555_expression_Celltype_majorlineage|Myofibroblasts
E3|Q9NS56|Q9NR09,E3|Q9NS56,E3,Q9NS56,Q9NR09,TOPORS,BIRC6,RING,0,neg2x_initial_degree_matched,,TOPORS,BIRC6,BIRC6|TOPORS,False,nucleus,cytoplasm;cytoskeleton;endosome;golgi;membrane,,True,True,False,True,True,False,False,False,0.52726,CRC,CRC|CRC_GSE166555_expression_Celltype_majorlineage|Tprolif
E3|Q9NS91|P29322,E3|Q9NS91,E3,Q9NS91,P29322,RAD18,EPHA8,RING,0,neg2x_initial_degree_matched,,RAD18,EPHA8,EPHA8|RAD18,False,cytoplasm;cytoskeleton;nucleus,endosome;membrane;plasma_membrane,,True,True,False,True,True,False,False,False,0.00262,LIHC,LIHC|LIHC_GSE98638_expression_Celltype_majorlineage|CD8Tex
E3|Q9NS91|P12318,E3|Q9NS91,E3,Q9NS91,P12318,RAD18,FCGR2A,RING,0,neg2x_initial_degree_matched,,RAD18,FCGR2A,FCGR2A|RAD18,False,cytoplasm;cytoskeleton;nucleus,membrane;plasma_membrane,,True,True,False,True,True,False,False,False,0.20555,LIHC,LIHC|LIHC_GSE140228_Smartseq2_expression_Celltype_majorlineage|Tprolif
E3|Q9NS91|Q14114,E3|Q9NS91,E3,Q9NS91,Q14114,RAD18,LRP8,RING,0,neg2x_initial_degree_matched,,RAD18,LRP8,LRP8|RAD18,False,cytoplasm;cytoskeleton;nucleus,extracellular;membrane;plasma_membrane,,True,True,False,True,True,False,False,False,0.10162,CRC,CRC|CRC_GSE108989_expression_Celltype_majorlineage|Tprolif
E3|Q9NSE2|Q9I788,E3|Q9NSE2,E3,Q9NSE2,Q9I788,CISH,exoT,SOCS_VHL_BC-box,0,neg2x_initial_degree_matched,,CISH,EXOT,CISH|EXOT,False,,,,False,False,False,False,False,False,False,False,0.0,CRC,NA
E3|Q9NSE2|P53350,E3|Q9NSE2,E3,Q9NSE2,P53350,CISH,PLK1,SOCS_VHL_BC-box,0,neg2x_initial_degree_matched,,CISH,PLK1,CISH|PLK1,False,,cytoplasm;cytoskeleton;nucleus,,False,True,False,True,True,False,False,False,0.50703,LIHC,LIHC|LIHC_GSE98638_expression_Celltype_majorlineage|Tprolif
E3|Q9NTX7|O95502,E3|Q9NTX7,E3,Q9NTX7,O95502,RNF146,NPTXR,RING,0,neg2x_initial_degree_matched,,RNF146,NPTXR,NPTXR|RNF146,False,cytoplasm;nucleus,membrane,,True,True,False,True,True,False,False,False,0.08084,LIHC,LIHC|LIHC_GSE146115_expression_Celltype_majorlineage|Malignant
E3|Q9NTX7|Q96JA1,E3|Q9NTX7,E3,Q9NTX7,Q96JA1,RNF146,LRIG1,RING,0,neg2x_initial_degree_matched,,RNF146,LRIG1,LRIG1|RNF146,False,cytoplasm;nucleus,membrane;plasma_membrane,,True,True,False,True,True,False,False,False,0.21764,CRC,CRC|CRC_GSE166555_expression_Celltype_majorlineage|Myofibroblasts
E3|Q9NTX7|Q15011,E3|Q9NTX7,E3,Q9NTX7,Q15011,RNF146,HERPUD1,RING,0,neg2x_initial_degree_matched,,RNF146,HERPUD1,HERPUD1|RNF146,False,cytoplasm;nucleus,endoplasmic_reticulum;membrane,,True,True,False,True,True,False,False,False,0.35226,CRC,CRC|CRC_EMTAB8107_expression_Celltype_majorlineage|Fibroblasts
E3|Q9NTX7|Q92918,E3|Q9NTX7,E3,Q9NTX7,Q92918,RNF146,MAP4K1,RING,0,neg2x_initial_degree_matched,,RNF146,MAP4K1,MAP4K1|RNF146,False,cytoplasm;nucleus,,,True,False,False,True,True,False,False,False,0.18006,LIHC,LIHC|LIHC_GSE98638_expression_Celltype_majorlineage|CD8T
E3|Q9NV58|Q01664,E3|Q9NV58,E3,Q9NV58,Q01664,RNF19A,TFAP4,RING,0,neg2x_initial_degree_matched,,RNF19A,TFAP4,RNF19A|TFAP4,False,cytoplasm;cytoskeleton;membrane,nucleus,,True,True,False,True,True,False,False,False,0.10765,CRC,CRC|CRC_GSE139555_expression_Celltype_majorlineage|Myofibroblasts
E3|Q9NV58|P14076,E3|Q9NV58,E3,Q9NV58,P14076,RNF19A,gag,RING,0,neg2x_initial_degree_matched,,RNF19A,GAG,GAG|RNF19A,False,cytoplasm;cytoskeleton;membrane,,,True,False,False,False,False,False,False,False,0.0,CRC,NA
E3|Q9NV58|Q5T5X7,E3|Q9NV58,E3,Q9NV58,Q5T5X7,RNF19A,BEND3,RING,0,neg2x_initial_degree_matched,,RNF19A,BEND3,BEND3|RNF19A,False,cytoplasm;cytoskeleton;membrane,nucleus,,True,True,False,True,True,False,False,False,0.03856,CRC,CRC|CRC_GSE166555_expression_Celltype_majorlineage|Malignant
E3|Q9NV58|P26358,E3|Q9NV58,E3,Q9NV58,P26358,RNF19A,DNMT1,RING,0,neg2x_initial_degree_matched,,RNF19A,DNMT1,DNMT1|RNF19A,False,cytoplasm;cytoskeleton;membrane,nucleus,,True,True,False,True,True,True,False,True,1.09937,CRC,CRC|CRC_GSE108989_expression_Celltype_majorlineage|Tprolif
E3|Q9NV58|Q15233,E3|Q9NV58,E3,Q9NV58,Q15233,RNF19A,NONO,RING,0,neg2x_initial_degree_matched,,RNF19A,NONO,NONO|RNF19A,False,cytoplasm;cytoskeleton;membrane,nucleus,,True,True,False,True,True,True,True,True,1.09937,CRC,CRC|CRC_GSE108989_expression_Celltype_majorlineage|Tprolif
E3|Q9NVF7|Q13702,E3|Q9NVF7,E3,Q9NVF7,Q13702,FBXO28,RAPSN,F-box,0,neg2x_initial_degree_matched,,FBXO28,RAPSN,FBXO28|RAPSN,False,nucleus,cytoplasm;cytoskeleton;membrane;plasma_membrane,,True,True,False,True,True,False,False,False,0.01633,CRC,CRC|CRC_EMTAB8107_expression_Celltype_majorlineage|Enteric glial
E3|Q9NVR0|Q9Y657,E3|Q9NVR0,E3,Q9NVR0,Q9Y657,KLHL11,SPIN1,BTB_3,0,neg2x_initial_degree_matched,,KLHL11,SPIN1,KLHL11|SPIN1,False,,nucleus,,False,True,False,True,True,False,False,False,0.10574,CRC,CRC|CRC_GSE139555_expression_Celltype_majorlineage|Tprolif
E3|Q9NVR0|P54253,E3|Q9NVR0,E3,Q9NVR0,P54253,KLHL11,ATXN1,BTB_3,0,neg2x_initial_degree_matched,,KLHL11,ATXN1,ATXN1|KLHL11,False,,cytoplasm;nucleus,,False,True,False,True,True,False,False,False,0.17431,LIHC,LIHC|LIHC_GSE179795_expression_Celltype_majorlineage|ILC
E3|Q9NVW2|P35626,E3|Q9NVW2,E3,Q9NVW2,P35626,RLIM,ADRBK2,RING,0,neg2x_initial_degree_matched,,RLIM,ADRBK2,ADRBK2|RLIM,False,nucleus,,,True,False,False,True,True,False,False,False,0.20478,CRC,CRC|CRC_GSE139555_expression_Celltype_majorlineage|Mono/Macro
E3|Q9NVW2|P23258,E3|Q9NVW2,E3,Q9NVW2,P23258,RLIM,TUBG1,RING,0,neg2x_initial_degree_matched,,RLIM,TUBG1,RLIM|TUBG1,False,nucleus,cytoplasm;cytoskeleton,,True,True,False,True,True,False,False,False,0.33964,LIHC,LIHC|LIHC_GSE98638_expression_Celltype_majorlineage|Tprolif
E3|Q9NVW2|Q8NHG8,E3|Q9NVW2,E3,Q9NVW2,Q8NHG8,RLIM,ZNRF2,RING,0,neg2x_initial_degree_matched,,RLIM,ZNRF2,RLIM|ZNRF2,False,nucleus,cytoplasm;endosome;lysosome;membrane;plasma_membrane,,True,True,False,True,True,False,False,False,0.19026,LIHC,LIHC|LIHC_GSE166635_expression_Celltype_majorlineage|Tprolif
E3|Q9NVW2|O43156,E3|Q9NVW2,E3,Q9NVW2,O43156,RLIM,TTI1,RING,0,neg2x_initial_degree_matched,,RLIM,TTI1,RLIM|TTI1,False,nucleus,cytoplasm,,True,True,False,True,True,False,False,False,0.25882,CRC,CRC|CRC_GSE108989_expression_Celltype_majorlineage|Tprolif
E3|Q9NVW2|Q99962,E3|Q9NVW2,E3,Q9NVW2,Q99962,RLIM,SH3GL2,RING,0,neg2x_initial_degree_matched,,RLIM,SH3GL2,RLIM|SH3GL2,False,nucleus,cytoplasm;endosome;membrane,,True,True,False,True,True,False,False,False,0.00256,CRC,CRC|CRC_GSE166555_expression_Celltype_majorlineage|Myofibroblasts
E3|Q9NVW2|Q9BZY9,E3|Q9NVW2,E3,Q9NVW2,Q9BZY9,RLIM,TRIM31,RING,0,neg2x_initial_degree_matched,,RLIM,TRIM31,RLIM|TRIM31,False,nucleus,cytoplasm;mitochondrion,,True,True,False,True,True,False,False,False,0.28574,CRC,CRC|CRC_GSE139555_expression_Celltype_majorlineage|Myofibroblasts
E3|Q9NVW2|P11686,E3|Q9NVW2,E3,Q9NVW2,P11686,RLIM,SFTPC,RING,0,neg2x_initial_degree_matched,,RLIM,SFTPC,RLIM|SFTPC,False,nucleus,extracellular,,True,True,False,True,True,False,False,False,0.0017,LIHC,LIHC|LIHC_GSE98638_expression_Celltype_majorlineage|Treg
E3|Q9NVW2|P51170,E3|Q9NVW2,E3,Q9NVW2,P51170,RLIM,SCNN1G,RING,0,neg2x_initial_degree_matched,,RLIM,SCNN1G,RLIM|SCNN1G,False,nucleus,membrane;plasma_membrane,,True,True,False,True,True,False,False,False,0.10773,CRC,CRC|CRC_GSE166555_expression_Celltype_majorlineage|Epithelial
E3|Q9NVW2|P15260,E3|Q9NVW2,E3,Q9NVW2,P15260,RLIM,IFNGR1,RING,0,neg2x_initial_degree_matched,,RLIM,IFNGR1,IFNGR1|RLIM,False,nucleus,membrane;plasma_membrane,,True,True,False,True,True,False,False,False,0.45749,LIHC,LIHC|LIHC_GSE140228_Smartseq2_expression_Celltype_majorlineage|DC
E3|Q9NVW2|Q13564,E3|Q9NVW2,E3,Q9NVW2,Q13564,RLIM,NAE1,RING,0,neg2x_initial_degree_matched,,RLIM,NAE1,NAE1|RLIM,False,nucleus,membrane;plasma_membrane,,True,True,False,True,True,False,False,False,0.35898,LIHC,LIHC|LIHC_GSE98638_expression_Celltype_majorlineage|CD4Tconv
E3|Q9NW38|P55085,E3|Q9NW38,E3,Q9NW38,P55085,FANCL,F2RL1,RING,0,neg2x_initial_degree_matched,,FANCL,F2RL1,F2RL1|FANCL,False,cytoplasm;nucleus,membrane;plasma_membrane,,True,True,False,True,True,False,False,False,0.16397,CRC,CRC|CRC_GSE139555_expression_Celltype_majorlineage|Myofibroblasts
E3|Q9NWF9|Q8IUE6,E3|Q9NWF9,E3,Q9NWF9,Q8IUE6,RNF216,H2AC21,RING,0,neg2x_initial_degree_matched,,RNF216,H2AC21,H2AC21|RNF216,False,cytoplasm;vesicle,nucleus,,True,True,False,False,False,False,False,False,0.0,CRC,NA
E3|Q9NWF9|Q7L7L0,E3|Q9NWF9,E3,Q9NWF9,Q7L7L0,RNF216,H2AW,RING,0,neg2x_initial_degree_matched,,RNF216,H2AW,H2AW|RNF216,False,cytoplasm;vesicle,nucleus,,True,True,False,False,False,False,False,False,0.0,CRC,NA
E3|Q9NWF9|P13569,E3|Q9NWF9,E3,Q9NWF9,P13569,RNF216,CFTR,RING,0,neg2x_initial_degree_matched,,RNF216,CFTR,CFTR|RNF216,False,cytoplasm;vesicle,endoplasmic_reticulum;endosome;membrane;nucleus;plasma_membrane,,True,True,False,True,True,False,False,False,0.23793,CRC,CRC|CRC_GSE146771_Smartseq2_expression_Celltype_majorlineage|B
E3|Q9NWF9|Q03164,E3|Q9NWF9,E3,Q9NWF9,Q03164,RNF216,KMT2A,RING,0,neg2x_initial_degree_matched,,RNF216,KMT2A,KMT2A|RNF216,False,cytoplasm;vesicle,nucleus,,True,True,False,True,True,False,False,False,0.63588,LIHC,LIHC|LIHC_GSE98638_expression_Celltype_majorlineage|CD4Tconv
E3|Q9NWN3|P35613,E3|Q9NWN3,E3,Q9NWN3,P35613,FBXO34,BSG,F-box,0,neg2x_initial_degree_matched,,FBXO34,BSG,BSG|FBXO34,False,,endoplasmic_reticulum;endosome;membrane;plasma_membrane,,False,True,False,True,True,False,False,False,0.43422,LIHC,LIHC|LIHC_GSE179795_expression_Celltype_majorlineage|ILC
E3|Q9NWN3|Q8NDV7,E3|Q9NWN3,E3,Q9NWN3,Q8NDV7,FBXO34,TNRC6A,F-box,0,neg2x_initial_degree_matched,,FBXO34,TNRC6A,FBXO34|TNRC6A,False,,cytoplasm,,False,True,False,True,True,False,False,False,0.30779,LIHC,LIHC|LIHC_GSE179795_expression_Celltype_majorlineage|Mono/Macro
E3|Q9NWZ3|P20700,E3|Q9NWZ3,E3,Q9NWZ3,P20700,IRAK4,LMNB1,SINGLE_OTHER,0,neg2x_initial_degree_matched,,IRAK4,LMNB1,IRAK4|LMNB1,False,cytoplasm,nucleus,,True,True,False,True,True,False,False,False,0.34157,LIHC,LIHC|LIHC_GSE98638_expression_Celltype_majorlineage|Tprolif
E3|Q9NWZ3|P08678,E3|Q9NWZ3,E3,Q9NWZ3,P08678,IRAK4,CYR1,SINGLE_OTHER,0,neg2x_initial_degree_matched,,IRAK4,CYR1,CYR1|IRAK4,False,cytoplasm,,,True,False,False,False,False,False,False,False,0.0,CRC,NA
E3|Q9NX47|O94992,E3|Q9NX47,E3,Q9NX47,O94992,MARCHF5,HEXIM1,RING,0,neg2x_initial_degree_matched,,MARCHF5,HEXIM1,HEXIM1|MARCHF5,False,endoplasmic_reticulum;membrane;mitochondrion;peroxisome,cytoplasm;nucleus,,True,True,False,False,False,False,False,False,0.0,CRC,NA
E3|Q9NX47|P08047,E3|Q9NX47,E3,Q9NX47,P08047,MARCHF5,SP1,RING,0,neg2x_initial_degree_matched,,MARCHF5,SP1,MARCHF5|SP1,False,endoplasmic_reticulum;membrane;mitochondrion;peroxisome,cytoplasm;nucleus,,True,True,False,False,False,False,False,False,0.0,CRC,NA
E3|Q9NX47|Q9BRJ6,E3|Q9NX47,E3,Q9NX47,Q9BRJ6,MARCHF5,C7orf50,RING,0,neg2x_initial_degree_matched,,MARCHF5,C7ORF50,C7ORF50|MARCHF5,False,endoplasmic_reticulum;membrane;mitochondrion;peroxisome,extracellular,,True,True,False,False,False,False,False,False,0.0,CRC,NA
E3|Q9NX47|Q9H6R0,E3|Q9NX47,E3,Q9NX47,Q9H6R0,MARCHF5,DHX33,RING,0,neg2x_initial_degree_matched,,MARCHF5,DHX33,DHX33|MARCHF5,False,endoplasmic_reticulum;membrane;mitochondrion;peroxisome,cytoplasm;nucleus,,True,True,False,False,False,False,False,False,0.0,CRC,NA
E3|Q9NX47|Q14498,E3|Q9NX47,E3,Q9NX47,Q14498,MARCHF5,RBM39,RING,0,neg2x_initial_degree_matched,,MARCHF5,RBM39,MARCHF5|RBM39,False,endoplasmic_reticulum;membrane;mitochondrion;peroxisome,nucleus,,True,True,False,False,False,False,False,False,0.0,CRC,NA
E3|Q9NX47|Q9P0W2,E3|Q9NX47,E3,Q9NX47,Q9P0W2,MARCHF5,HMG20B,RING,0,neg2x_initial_degree_matched,,MARCHF5,HMG20B,HMG20B|MARCHF5,False,endoplasmic_reticulum;membrane;mitochondrion;peroxisome,nucleus,,True,True,False,False,False,False,False,False,0.0,CRC,NA
E3|Q9NX47|Q9UDY8,E3|Q9NX47,E3,Q9NX47,Q9UDY8,MARCHF5,MALT1,RING,0,neg2x_initial_degree_matched,,MARCHF5,MALT1,MALT1|MARCHF5,False,endoplasmic_reticulum;membrane;mitochondrion;peroxisome,cytoplasm;nucleus,,True,True,False,False,False,False,False,False,0.0,CRC,NA
E3|Q9NX47|P24468,E3|Q9NX47,E3,Q9NX47,P24468,MARCHF5,NR2F2,RING,0,neg2x_initial_degree_matched,,MARCHF5,NR2F2,MARCHF5|NR2F2,False,endoplasmic_reticulum;membrane;mitochondrion;peroxisome,nucleus,,True,True,False,False,False,False,False,False,0.0,CRC,NA
E3|Q9NX47|Q16204,E3|Q9NX47,E3,Q9NX47,Q16204,MARCHF5,CCDC6,RING,0,neg2x_initial_degree_matched,,MARCHF5,CCDC6,CCDC6|MARCHF5,False,endoplasmic_reticulum;membrane;mitochondrion;peroxisome,cytoplasm;cytoskeleton,,True,True,False,False,False,False,False,False,0.0,CRC,NA
E3|Q9NX47|Q9UPP1,E3|Q9NX47,E3,Q9NX47,Q9UPP1,MARCHF5,PHF8,RING,0,neg2x_initial_degree_matched,,MARCHF5,PHF8,MARCHF5|PHF8,False,endoplasmic_reticulum;membrane;mitochondrion;peroxisome,nucleus,,True,True,False,False,False,False,False,False,0.0,CRC,NA
E3|Q9NX47|Q96AJ1,E3|Q9NX47,E3,Q9NX47,Q96AJ1,MARCHF5,CLUAP1,RING,0,neg2x_initial_degree_matched,,MARCHF5,CLUAP1,CLUAP1|MARCHF5,False,endoplasmic_reticulum;membrane;mitochondrion;peroxisome,nucleus,,True,True,False,False,False,False,False,False,0.0,CRC,NA
E3|Q9NX47|Q92985,E3|Q9NX47,E3,Q9NX47,Q92985,MARCHF5,IRF7,RING,0,neg2x_initial_degree_matched,,MARCHF5,IRF7,IRF7|MARCHF5,False,endoplasmic_reticulum;membrane;mitochondrion;peroxisome,cytoplasm;nucleus,,True,True,False,False,False,False,False,False,0.0,CRC,NA
E3|Q9NX47|Q96GD4,E3|Q9NX47,E3,Q9NX47,Q96GD4,MARCHF5,AURKB,RING,0,neg2x_initial_degree_matched,,MARCHF5,AURKB,AURKB|MARCHF5,False,endoplasmic_reticulum;membrane;mitochondrion;peroxisome,cytoplasm;cytoskeleton;nucleus,,True,True,False,False,False,False,False,False,0.0,CRC,NA
E3|Q9NX47|Q969R5,E3|Q9NX47,E3,Q9NX47,Q969R5,MARCHF5,L3MBTL2,RING,0,neg2x_initial_degree_matched,,MARCHF5,L3MBTL2,L3MBTL2|MARCHF5,False,endoplasmic_reticulum;membrane;mitochondrion;peroxisome,nucleus,,True,True,False,False,False,False,False,False,0.0,CRC,NA
E3|Q9NX47|Q16342,E3|Q9NX47,E3,Q9NX47,Q16342,MARCHF5,PDCD2,RING,0,neg2x_initial_degree_matched,,MARCHF5,PDCD2,MARCHF5|PDCD2,False,endoplasmic_reticulum;membrane;mitochondrion;peroxisome,nucleus,,True,True,False,False,False,False,False,False,0.0,CRC,NA
E3|Q9NX47|Q9NYB9,E3|Q9NX47,E3,Q9NX47,Q9NYB9,MARCHF5,ABI2,RING,0,neg2x_initial_degree_matched,,MARCHF5,ABI2,ABI2|MARCHF5,False,endoplasmic_reticulum;membrane;mitochondrion;peroxisome,cell_junction;cytoplasm;cytoskeleton;nucleus,,True,True,False,False,False,False,False,False,0.0,CRC,NA
E3|Q9NX47|Q8N5C8,E3|Q9NX47,E3,Q9NX47,Q8N5C8,MARCHF5,TAB3,RING,0,neg2x_initial_degree_matched,,MARCHF5,TAB3,MARCHF5|TAB3,False,endoplasmic_reticulum;membrane;mitochondrion;peroxisome,,,True,False,False,False,False,False,False,False,0.0,CRC,NA
E3|Q9NX47|Q15554,E3|Q9NX47,E3,Q9NX47,Q15554,MARCHF5,TERF2,RING,0,neg2x_initial_degree_matched,,MARCHF5,TERF2,MARCHF5|TERF2,False,endoplasmic_reticulum;membrane;mitochondrion;peroxisome,nucleus,,True,True,False,False,False,False,False,False,0.0,CRC,NA
E3|Q9NXF7|P62253,E3|Q9NXF7,E3,Q9NXF7,P62253,DCAF16,UBE2G1,Other,0,neg2x_initial_degree_matched,,DCAF16,UBE2G1,DCAF16|UBE2G1,False,nucleus,,,True,False,False,True,True,False,False,False,0.34717,LIHC,LIHC|LIHC_GSE146115_expression_Celltype_majorlineage|Tprolif
E3|Q9NXF7|Q86XT4,E3|Q9NXF7,E3,Q9NXF7,Q86XT4,DCAF16,TRIM50,Other,0,neg2x_initial_degree_matched,,DCAF16,TRIM50,DCAF16|TRIM50,False,nucleus,cytoplasm,,True,True,False,True,True,False,False,False,0.03258,LIHC,LIHC|LIHC_GSE146115_expression_Celltype_majorlineage|Malignant
E3|Q9NXI6|P04271,E3|Q9NXI6,E3,Q9NXI6,P04271,RNF186,S100B,RING,0,neg2x_initial_degree_matched,,RNF186,S100B,RNF186|S100B,False,endoplasmic_reticulum;membrane,cytoplasm;extracellular;nucleus,,True,True,False,True,True,False,False,False,0.01415,CRC,CRC|CRC_EMTAB8107_expression_Celltype_majorlineage|B
E3|Q9NXI6|O14503,E3|Q9NXI6,E3,Q9NXI6,O14503,RNF186,BHLHE40,RING,0,neg2x_initial_degree_matched,,RNF186,BHLHE40,BHLHE40|RNF186,False,endoplasmic_reticulum;membrane,cytoplasm;nucleus,,True,True,False,True,True,False,False,False,0.23195,CRC,CRC|CRC_GSE166555_expression_Celltype_majorlineage|Epithelial
E3|Q9NXK8|P19838,E3|Q9NXK8,E3,Q9NXK8,P19838,FBXL12,NFKB1,F-box,0,neg2x_initial_degree_matched,,FBXL12,NFKB1,FBXL12|NFKB1,False,,cytoplasm;nucleus,,False,True,False,True,True,False,False,False,0.28234,CRC,CRC|CRC_GSE146771_Smartseq2_expression_Celltype_majorlineage|Fibroblasts
E3|Q9NXK8|P48048,E3|Q9NXK8,E3,Q9NXK8,P48048,FBXL12,KCNJ1,F-box,0,neg2x_initial_degree_matched,,FBXL12,KCNJ1,FBXL12|KCNJ1,False,,membrane;plasma_membrane,,False,True,False,True,True,False,False,False,0.01088,LIHC,LIHC|LIHC_GSE140228_Smartseq2_expression_Celltype_majorlineage|Mono/Macro
E3|Q9NXK8|Q9BRJ7,E3|Q9NXK8,E3,Q9NXK8,Q9BRJ7,FBXL12,NUDT16L1,F-box,0,neg2x_initial_degree_matched,,FBXL12,NUDT16L1,FBXL12|NUDT16L1,False,,nucleus,,False,True,False,True,True,False,False,False,0.1986,CRC,CRC|CRC_GSE146771_Smartseq2_expression_Celltype_majorlineage|Tprolif
E3|Q9NXK8|O15399,E3|Q9NXK8,E3,Q9NXK8,O15399,FBXL12,GRIN2D,F-box,0,neg2x_initial_degree_matched,,FBXL12,GRIN2D,FBXL12|GRIN2D,False,,membrane;plasma_membrane,,False,True,False,True,True,False,False,False,0.05712,CRC,CRC|CRC_GSE166555_expression_Celltype_majorlineage|Malignant
E3|Q9NXK8|Q99714,E3|Q9NXK8,E3,Q9NXK8,Q99714,FBXL12,PTPN5,F-box,0,neg2x_initial_degree_matched,,FBXL12,PTPN5,FBXL12|PTPN5,False,,mitochondrion,,False,True,False,True,True,False,False,False,0.07093,LIHC,LIHC|LIHC_GSE166635_expression_Celltype_majorlineage|Endothelial
E3|Q9NXK8|P26038,E3|Q9NXK8,E3,Q9NXK8,P26038,FBXL12,MSN,F-box,0,neg2x_initial_degree_matched,,FBXL12,MSN,FBXL12|MSN,False,,cytoplasm;cytoskeleton;membrane;plasma_membrane,,False,True,False,True,True,False,False,False,0.28234,CRC,CRC|CRC_GSE146771_Smartseq2_expression_Celltype_majorlineage|Fibroblasts
E3|Q9NXK8|P78543,E3|Q9NXK8,E3,Q9NXK8,P78543,FBXL12,BTG2,F-box,0,neg2x_initial_degree_matched,,FBXL12,BTG2,BTG2|FBXL12,False,,,,False,False,False,True,True,False,False,False,0.28234,CRC,CRC|CRC_GSE146771_Smartseq2_expression_Celltype_majorlineage|Fibroblasts
E3|Q9NXK8|P41212,E3|Q9NXK8,E3,Q9NXK8,P41212,FBXL12,ETV6,F-box,0,neg2x_initial_degree_matched,,FBXL12,ETV6,ETV6|FBXL12,False,,nucleus,,False,True,False,True,True,False,False,False,0.22415,CRC,CRC|CRC_GSE146771_Smartseq2_expression_Celltype_majorlineage|Mast
E3|Q9NXK8|Q9Y5Y9,E3|Q9NXK8,E3,Q9NXK8,Q9Y5Y9,FBXL12,SCN10A,F-box,0,neg2x_initial_degree_matched,,FBXL12,SCN10A,FBXL12|SCN10A,False,,membrane;plasma_membrane,,False,True,False,True,True,False,False,False,0.00572,LIHC,LIHC|LIHC_GSE140228_Smartseq2_expression_Celltype_majorlineage|DC
E3|Q9NXK8|Q70SY1,E3|Q9NXK8,E3,Q9NXK8,Q70SY1,FBXL12,CREB3L2,F-box,0,neg2x_initial_degree_matched,,FBXL12,CREB3L2,CREB3L2|FBXL12,False,,endoplasmic_reticulum;golgi;membrane;nucleus,,False,True,False,True,True,False,False,False,0.28234,CRC,CRC|CRC_GSE146771_Smartseq2_expression_Celltype_majorlineage|Fibroblasts
E3|Q9NYG5|O75882,E3|Q9NYG5,E3,Q9NYG5,O75882,ANAPC11,ATRN,Other,0,neg2x_initial_degree_matched,,ANAPC11,ATRN,ANAPC11|ATRN,False,cytoplasm;nucleus,extracellular;membrane;plasma_membrane,,True,True,False,True,True,False,False,False,0.43712,LIHC,LIHC|LIHC_GSE146115_expression_Celltype_majorlineage|Malignant
E3|Q9NYG5|P04839,E3|Q9NYG5,E3,Q9NYG5,P04839,ANAPC11,CYBB,Other,0,neg2x_initial_degree_matched,,ANAPC11,CYBB,ANAPC11|CYBB,False,cytoplasm;nucleus,endoplasmic_reticulum;membrane;plasma_membrane,,True,True,False,True,True,False,True,True,1.09229,LIHC,LIHC|LIHC_GSE166635_expression_Celltype_majorlineage|Tprolif
E3|Q9NZS9|Q5MJ70,E3|Q9NZS9,E3,Q9NZS9,Q5MJ70,BFAR,SPDYA,RING,0,neg2x_initial_degree_matched,,BFAR,SPDYA,BFAR|SPDYA,False,endoplasmic_reticulum;membrane,nucleus,,True,True,False,True,True,False,False,False,0.32301,LIHC,LIHC|LIHC_GSE98638_expression_Celltype_majorlineage|Tprolif
E3|Q9NZS9|O75113,E3|Q9NZS9,E3,Q9NZS9,O75113,BFAR,N4BP1,RING,0,neg2x_initial_degree_matched,,BFAR,N4BP1,BFAR|N4BP1,False,endoplasmic_reticulum;membrane,cytoplasm;nucleus,,True,True,False,True,True,False,False,False,0.28102,LIHC,LIHC|LIHC_GSE98638_expression_Celltype_majorlineage|Treg
E3|Q9NZS9|Q9BSI4,E3|Q9NZS9,E3,Q9NZS9,Q9BSI4,BFAR,TINF2,RING,0,neg2x_initial_degree_matched,,BFAR,TINF2,BFAR|TINF2,False,endoplasmic_reticulum;membrane,nucleus,,True,True,False,True,True,False,False,False,0.40374,LIHC,LIHC|LIHC_GSE98638_expression_Celltype_majorlineage|Tprolif
E3|Q9NZS9|Q96KK5,E3|Q9NZS9,E3,Q9NZS9,Q96KK5,BFAR,H2AC12,RING,0,neg2x_initial_degree_matched,,BFAR,H2AC12,BFAR|H2AC12,False,endoplasmic_reticulum;membrane,nucleus,,True,True,False,False,False,False,False,False,0.0,CRC,NA
E3|Q9P0N8|A9UEZ6,E3|Q9P0N8,E3,Q9P0N8,A9UEZ6,MARCHF2,BCR/ABL fusion,RING,0,neg2x_initial_degree_matched,,MARCHF2,BCR/ABL FUSION,BCR/ABL FUSION|MARCHF2,False,cytoplasm;endoplasmic_reticulum;endosome;golgi;lysosome;membrane;plasma_membrane,,,True,False,False,False,False,False,False,False,0.0,CRC,NA
E3|Q9P0N8|Q9P1Z0,E3|Q9P0N8,E3,Q9P0N8,Q9P1Z0,MARCHF2,ZBTB4,RING,0,neg2x_initial_degree_matched,,MARCHF2,ZBTB4,MARCHF2|ZBTB4,False,cytoplasm;endoplasmic_reticulum;endosome;golgi;lysosome;membrane;plasma_membrane,nucleus,,True,True,False,False,False,False,False,False,0.0,CRC,NA
E3|Q9P0P0|O43602,E3|Q9P0P0,E3,Q9P0P0,O43602,RNF181,DCX,RING,0,neg2x_initial_degree_matched,,RNF181,DCX,DCX|RNF181,False,,cytoplasm,,False,True,False,True,True,False,False,False,0.01199,CRC,CRC|CRC_GSE166555_expression_Celltype_majorlineage|Fibroblasts
E3|Q9P0P0|O94953,E3|Q9P0P0,E3,Q9P0P0,O94953,RNF181,KDM4B,RING,0,neg2x_initial_degree_matched,,RNF181,KDM4B,KDM4B|RNF181,False,,nucleus,,False,True,False,True,True,False,False,False,0.27333,LIHC,LIHC|LIHC_GSE179795_expression_Celltype_majorlineage|Mono/Macro
E3|Q9P0P0|O75376,E3|Q9P0P0,E3,Q9P0P0,O75376,RNF181,NCOR1,RING,0,neg2x_initial_degree_matched,,RNF181,NCOR1,NCOR1|RNF181,False,,nucleus,,False,True,False,True,True,False,False,False,0.60845,LIHC,LIHC|LIHC_GSE146115_expression_Celltype_majorlineage|Tprolif
E3|Q9P0P0|Q9Y6J0,E3|Q9P0P0,E3,Q9P0P0,Q9Y6J0,RNF181,CABIN1,RING,0,neg2x_initial_degree_matched,,RNF181,CABIN1,CABIN1|RNF181,False,,nucleus,,False,True,False,True,True,False,False,False,0.39587,CRC,CRC|CRC_GSE166555_expression_Celltype_majorlineage|Myofibroblasts
E3|Q9P0P0|P01100,E3|Q9P0P0,E3,Q9P0P0,P01100,RNF181,FOS,RING,0,neg2x_initial_degree_matched,,RNF181,FOS,FOS|RNF181,False,,cytoplasm;endoplasmic_reticulum;nucleus,,False,True,False,True,True,False,False,False,0.97725,LIHC,LIHC|LIHC_GSE166635_expression_Celltype_majorlineage|Malignant
E3|Q9P0P0|Q9H5V8,E3|Q9P0P0,E3,Q9P0P0,Q9H5V8,RNF181,CDCP1,RING,0,neg2x_initial_degree_matched,,RNF181,CDCP1,CDCP1|RNF181,False,,extracellular;membrane;plasma_membrane,,False,True,False,True,True,False,False,False,0.30912,CRC,CRC|CRC_GSE166555_expression_Celltype_majorlineage|Epithelial
E3|Q9P253|P26927,E3|Q9P253,E3,Q9P253,P26927,VPS18,MST1,RING,0,neg2x_initial_degree_matched,,VPS18,MST1,MST1|VPS18,False,cytoplasm;endosome;lysosome;membrane;vesicle,extracellular,,True,True,False,True,True,False,False,False,0.11907,LIHC,LIHC|LIHC_GSE146115_expression_Celltype_majorlineage|Malignant
E3|Q9P2E8|Q8WUM4,E3|Q9P2E8,E3,Q9P2E8,Q8WUM4,MARCHF4,PDCD6IP,RING,0,neg2x_initial_degree_matched,,MARCHF4,PDCD6IP,MARCHF4|PDCD6IP,False,golgi;membrane,cell_junction;cytoplasm;cytoskeleton;extracellular,,True,True,False,False,False,False,False,False,0.0,CRC,NA
E3|Q9P2E8|P04229,E3|Q9P2E8,E3,Q9P2E8,P04229,MARCHF4,HLA-DRB1,RING,0,neg2x_initial_degree_matched,,MARCHF4,HLA-DRB1,HLA-DRB1|MARCHF4,False,golgi;membrane,,,True,False,False,False,False,False,False,False,0.0,CRC,NA
E3|Q9P2E8|Q16656,E3|Q9P2E8,E3,Q9P2E8,Q16656,MARCHF4,NRF1,RING,0,neg2x_initial_degree_matched,,MARCHF4,NRF1,MARCHF4|NRF1,False,golgi;membrane,nucleus,,True,True,False,False,False,False,False,False,0.0,CRC,NA
E3|Q9P2E8|O75925,E3|Q9P2E8,E3,Q9P2E8,O75925,MARCHF4,PIAS1,RING,0,neg2x_initial_degree_matched,,MARCHF4,PIAS1,MARCHF4|PIAS1,False,golgi;membrane,cytoplasm;cytoskeleton;nucleus,,True,True,False,False,False,False,False,False,0.0,CRC,NA
E3|Q9P2E8|P15923,E3|Q9P2E8,E3,Q9P2E8,P15923,MARCHF4,TCF3,RING,0,neg2x_initial_degree_matched,,MARCHF4,TCF3,MARCHF4|TCF3,False,golgi;membrane,nucleus,,True,True,False,False,False,False,False,False,0.0,CRC,NA
E3|Q9P2G9|O00429,E3|Q9P2G9,E3,Q9P2G9,O00429,KLHL8,DNM1L,BTB_3,0,neg2x_initial_degree_matched,,KLHL8,DNM1L,DNM1L|KLHL8,False,,cytoplasm;endoplasmic_reticulum;golgi;membrane;mitochondrion;peroxisome;vesicle,,False,True,False,True,True,False,False,False,0.29056,LIHC,LIHC|LIHC_GSE146115_expression_Celltype_majorlineage|Mono/Macro
E3|Q9P2G9|P28715,E3|Q9P2G9,E3,Q9P2G9,P28715,KLHL8,ERCC5,BTB_3,0,neg2x_initial_degree_matched,,KLHL8,ERCC5,ERCC5|KLHL8,False,,nucleus,,False,True,False,True,True,False,False,False,0.19162,LIHC,LIHC|LIHC_GSE140228_Smartseq2_expression_Celltype_majorlineage|DC
E3|Q9P2J3#Q9P2N7|Q9I788,E3|Q9P2J3#Q9P2N7,E3,Q9P2J3#Q9P2N7,Q9I788,KLHL9#KLHL13,exoT,Other,0,neg2x_initial_degree_matched,,KLHL9#KLHL13,EXOT,EXOT|KLHL9#KLHL13,False,,,,False,False,False,False,False,False,False,False,0.0,CRC,NA
E3|Q9P2J3#Q9P2N7|Q12913,E3|Q9P2J3#Q9P2N7,E3,Q9P2J3#Q9P2N7,Q12913,KLHL9#KLHL13,PTPRJ,Other,0,neg2x_initial_degree_matched,,KLHL9#KLHL13,PTPRJ,KLHL9#KLHL13|PTPRJ,False,,cell_junction;extracellular;membrane;plasma_membrane,,False,True,False,False,False,False,False,False,0.0,CRC,NA
E3|Q9P2J3|O15294,E3|Q9P2J3,E3,Q9P2J3,O15294,KLHL9,OGT,BTB_3,0,neg2x_initial_degree_matched,,KLHL9,OGT,KLHL9|OGT,False,,cytoplasm;membrane;mitochondrion;nucleus;plasma_membrane,,False,True,False,True,True,False,False,False,0.32903,LIHC,LIHC|LIHC_GSE98638_expression_Celltype_majorlineage|CD4Tconv
E3|Q9P2J3|Q16558,E3|Q9P2J3,E3,Q9P2J3,Q16558,KLHL9,KCNMB1,BTB_3,0,neg2x_initial_degree_matched,,KLHL9,KCNMB1,KCNMB1|KLHL9,False,,membrane,,False,True,False,True,True,False,False,False,0.20692,CRC,CRC|CRC_GSE166555_expression_Celltype_majorlineage|Myofibroblasts
E3|Q9P2J3|Q99836,E3|Q9P2J3,E3,Q9P2J3,Q99836,KLHL9,MYD88,BTB_3,0,neg2x_initial_degree_matched,,KLHL9,MYD88,KLHL9|MYD88,False,,cytoplasm;nucleus,,False,True,False,True,True,False,False,False,0.32903,LIHC,LIHC|LIHC_GSE98638_expression_Celltype_majorlineage|CD4Tconv
E3|Q9P2J3|P35558,E3|Q9P2J3,E3,Q9P2J3,P35558,KLHL9,PCK1,BTB_3,0,neg2x_initial_degree_matched,,KLHL9,PCK1,KLHL9|PCK1,False,,cytoplasm;endoplasmic_reticulum,,False,True,False,True,True,False,False,False,0.26027,CRC,CRC|CRC_GSE166555_expression_Celltype_majorlineage|Malignant
E3|Q9P2J3|O15392,E3|Q9P2J3,E3,Q9P2J3,O15392,KLHL9,BIRC5,BTB_3,0,neg2x_initial_degree_matched,,KLHL9,BIRC5,BIRC5|KLHL9,False,,cytoplasm;cytoskeleton;nucleus,,False,True,False,True,True,False,False,False,0.21852,CRC,CRC|CRC_GSE108989_expression_Celltype_majorlineage|Tprolif
E3|Q9P2J3|Q8TBZ2,E3|Q9P2J3,E3,Q9P2J3,Q8TBZ2,KLHL9,MYCBPAP,BTB_3,0,neg2x_initial_degree_matched,,KLHL9,MYCBPAP,KLHL9|MYCBPAP,False,,cytoplasm;membrane,,False,True,False,True,True,False,False,False,0.10088,CRC,CRC|CRC_GSE146771_Smartseq2_expression_Celltype_majorlineage|CD4Tconv
E3|Q9P2J3|P35626,E3|Q9P2J3,E3,Q9P2J3,P35626,KLHL9,ADRBK2,BTB_3,0,neg2x_initial_degree_matched,,KLHL9,ADRBK2,ADRBK2|KLHL9,False,,,,False,False,False,True,True,False,False,False,0.13177,LIHC,LIHC|LIHC_GSE166635_expression_Celltype_majorlineage|Mono/Macro
E3|Q9P2J3|Q08999,E3|Q9P2J3,E3,Q9P2J3,Q08999,KLHL9,RBL2,BTB_3,0,neg2x_initial_degree_matched,,KLHL9,RBL2,KLHL9|RBL2,False,,nucleus,,False,True,False,True,True,False,False,False,0.32903,LIHC,LIHC|LIHC_GSE98638_expression_Celltype_majorlineage|CD4Tconv
E3|Q9P2K6|O60240,E3|Q9P2K6,E3,Q9P2K6,O60240,KLHL42,PLIN1,BTB_3,0,neg2x_initial_degree_matched,,KLHL42,PLIN1,KLHL42|PLIN1,False,cytoplasm;cytoskeleton,endoplasmic_reticulum,,True,True,False,True,True,False,False,False,0.03671,LIHC,LIHC|LIHC_GSE146409_expression_Celltype_majorlineage|Hepatocytes
E3|Q9P2N7|Q96RE7,E3|Q9P2N7,E3,Q9P2N7,Q96RE7,KLHL13,NACC1,BTB_3,0,neg2x_initial_degree_matched,,KLHL13,NACC1,KLHL13|NACC1,False,,cytoplasm;nucleus,,False,True,False,True,True,False,False,False,0.07478,CRC,CRC|CRC_GSE139555_expression_Celltype_majorlineage|Myofibroblasts
E3|Q9P2N7|Q9UJQ4,E3|Q9P2N7,E3,Q9P2N7,Q9UJQ4,KLHL13,SALL4,BTB_3,0,neg2x_initial_degree_matched,,KLHL13,SALL4,KLHL13|SALL4,False,,cytoplasm;nucleus,,False,True,False,True,True,False,False,False,0.0611,CRC,CRC|CRC_GSE166555_expression_Celltype_majorlineage|Fibroblasts
E3|Q9P2N7|P42226,E3|Q9P2N7,E3,Q9P2N7,P42226,KLHL13,STAT6,BTB_3,0,neg2x_initial_degree_matched,,KLHL13,STAT6,KLHL13|STAT6,False,,cytoplasm;nucleus,,False,True,False,True,True,False,False,False,0.08554,CRC,CRC|CRC_GSE166555_expression_Celltype_majorlineage|Myofibroblasts
E3|Q9P2N7|O15078,E3|Q9P2N7,E3,Q9P2N7,O15078,KLHL13,CEP290,BTB_3,0,neg2x_initial_degree_matched,,KLHL13,CEP290,CEP290|KLHL13,False,,cytoplasm;cytoskeleton;nucleus;vesicle,,False,True,False,True,True,False,False,False,0.08554,CRC,CRC|CRC_GSE166555_expression_Celltype_majorlineage|Myofibroblasts
E3|Q9P2N7|Q9P0P0,E3|Q9P2N7,E3,Q9P2N7,Q9P0P0,KLHL13,RNF181,BTB_3,0,neg2x_initial_degree_matched,,KLHL13,RNF181,KLHL13|RNF181,False,,,,False,False,False,True,True,False,False,False,0.08554,CRC,CRC|CRC_GSE166555_expression_Celltype_majorlineage|Myofibroblasts
E3|Q9P2N7|Q9UMX0,E3|Q9P2N7,E3,Q9P2N7,Q9UMX0,KLHL13,UBQLN1,BTB_3,0,neg2x_initial_degree_matched,,KLHL13,UBQLN1,KLHL13|UBQLN1,False,,cytoplasm;endoplasmic_reticulum;membrane;nucleus;plasma_membrane;vesicle,,False,True,False,True,True,False,False,False,0.08554,CRC,CRC|CRC_GSE166555_expression_Celltype_majorlineage|Myofibroblasts
E3|Q9P2P5|Q6ZTN6,E3|Q9P2P5,E3,Q9P2P5,Q6ZTN6,HECW2,ANKRD13D,HECT,0,neg2x_initial_degree_matched,,HECW2,ANKRD13D,ANKRD13D|HECW2,False,cytoplasm;cytoskeleton,endosome;membrane;plasma_membrane,,True,True,False,True,True,False,False,False,0.13764,LIHC,LIHC|LIHC_GSE166635_expression_Celltype_majorlineage|Endothelial
E3|Q9P2P5|P60903,E3|Q9P2P5,E3,Q9P2P5,P60903,HECW2,S100A10,HECT,0,neg2x_initial_degree_matched,,HECW2,S100A10,HECW2|S100A10,False,cytoplasm;cytoskeleton,,,True,False,False,True,True,False,False,False,0.42044,CRC,CRC|CRC_GSE166555_expression_Celltype_majorlineage|Endothelial
E3|Q9P2P5|Q86WB0,E3|Q9P2P5,E3,Q9P2P5,Q86WB0,HECW2,ZC3HC1,HECT,0,neg2x_initial_degree_matched,,HECW2,ZC3HC1,HECW2|ZC3HC1,False,cytoplasm;cytoskeleton,nucleus,,True,True,False,True,True,False,False,False,0.10165,CRC,CRC|CRC_GSE146771_Smartseq2_expression_Celltype_majorlineage|Endothelial
E3|Q9UBN7|Q01638,E3|Q9UBN7,E3,Q9UBN7,Q01638,HDAC6,IL1RL1,Other,0,neg2x_initial_degree_matched,,HDAC6,IL1RL1,HDAC6|IL1RL1,False,cytoplasm;cytoskeleton;nucleus,extracellular;membrane;plasma_membrane,,True,True,False,True,True,False,False,False,0.17845,CRC,CRC|CRC_GSE146771_Smartseq2_expression_Celltype_majorlineage|Mast
E3|Q9UDY8|P61077,E3|Q9UDY8,E3,Q9UDY8,P61077,MALT1,UBE2D3,HECT,0,neg2x_initial_degree_matched,,MALT1,UBE2D3,MALT1|UBE2D3,False,cytoplasm;nucleus,endosome;membrane;plasma_membrane,,True,True,False,True,True,False,False,False,0.98606,CRC,CRC|CRC_GSE166555_expression_Celltype_majorlineage|DC
E3|Q9UDY8|Q7Z2W7,E3|Q9UDY8,E3,Q9UDY8,Q7Z2W7,MALT1,TRPM8,HECT,0,neg2x_initial_degree_matched,,MALT1,TRPM8,MALT1|TRPM8,False,cytoplasm;nucleus,endoplasmic_reticulum;membrane;plasma_membrane,,True,True,False,True,True,False,False,False,0.11667,LIHC,LIHC|LIHC_GSE146115_expression_Celltype_majorlineage|Malignant
E3|Q9UH77|Q9NTG7,E3|Q9UH77,E3,Q9UH77,Q9NTG7,KLHL3,SIRT3,BTB_3,0,neg2x_initial_degree_matched,,KLHL3,SIRT3,KLHL3|SIRT3,False,cytoplasm;cytoskeleton,mitochondrion,,True,True,False,True,True,False,False,False,0.08881,CRC,CRC|CRC_GSE146771_Smartseq2_expression_Celltype_majorlineage|Endothelial
E3|Q9UH77|Q12913,E3|Q9UH77,E3,Q9UH77,Q12913,KLHL3,PTPRJ,BTB_3,0,neg2x_initial_degree_matched,,KLHL3,PTPRJ,KLHL3|PTPRJ,False,cytoplasm;cytoskeleton,cell_junction;extracellular;membrane;plasma_membrane,,True,True,False,True,True,False,False,False,0.10674,CRC,CRC|CRC_EMTAB8107_expression_Celltype_majorlineage|Enteric glial
E3|Q9UH90|Q9BQ15,E3|Q9UH90,E3,Q9UH90,Q9BQ15,FBXO40,NABP2,F-box,0,neg2x_initial_degree_matched,,FBXO40,NABP2,FBXO40|NABP2,False,cytoplasm,nucleus,,True,True,False,True,True,False,False,False,0.02927,LIHC,LIHC|LIHC_GSE140228_Smartseq2_expression_Celltype_majorlineage|Mast
E3|Q9UHC7|Q13651,E3|Q9UHC7,E3,Q9UHC7,Q13651,MKRN1,IL10RA,RING,0,neg2x_initial_degree_matched,,MKRN1,IL10RA,IL10RA|MKRN1,False,,cytoplasm;membrane;plasma_membrane,,False,True,False,True,True,False,False,False,0.40549,CRC,CRC|CRC_GSE108989_expression_Celltype_majorlineage|Treg
E3|Q9UHC7|Q99541,E3|Q9UHC7,E3,Q9UHC7,Q99541,MKRN1,PLIN2,RING,0,neg2x_initial_degree_matched,,MKRN1,PLIN2,MKRN1|PLIN2,False,,membrane,,False,True,False,True,True,False,False,False,0.40549,CRC,CRC|CRC_GSE108989_expression_Celltype_majorlineage|Treg
E3|Q9UHC7|Q86WG3,E3|Q9UHC7,E3,Q9UHC7,Q86WG3,MKRN1,ATCAY,RING,0,neg2x_initial_degree_matched,,MKRN1,ATCAY,ATCAY|MKRN1,False,,cytoplasm;mitochondrion,,False,True,False,True,True,False,False,False,0.20883,LIHC,LIHC|LIHC_GSE146115_expression_Celltype_majorlineage|Malignant
E3|Q9UHC7|Q9UPW8,E3|Q9UHC7,E3,Q9UHC7,Q9UPW8,MKRN1,UNC13A,RING,0,neg2x_initial_degree_matched,,MKRN1,UNC13A,MKRN1|UNC13A,False,,cytoplasm;membrane;plasma_membrane,,False,True,False,True,True,False,False,False,0.04255,LIHC,LIHC|LIHC_GSE146115_expression_Celltype_majorlineage|Malignant
E3|Q9UHC7|P31146,E3|Q9UHC7,E3,Q9UHC7,P31146,MKRN1,CORO1A,RING,0,neg2x_initial_degree_matched,,MKRN1,CORO1A,CORO1A|MKRN1,False,,cytoplasm;cytoskeleton;membrane;vesicle,,False,True,False,True,True,False,False,False,0.40549,CRC,CRC|CRC_GSE108989_expression_Celltype_majorlineage|Treg
E3|Q9UHC7|Q13415,E3|Q9UHC7,E3,Q9UHC7,Q13415,MKRN1,ORC1,RING,0,neg2x_initial_degree_matched,,MKRN1,ORC1,MKRN1|ORC1,False,,nucleus,,False,True,False,True,True,False,False,False,0.29982,LIHC,LIHC|LIHC_GSE98638_expression_Celltype_majorlineage|Tprolif
E3|Q9UHC7|Q16637,E3|Q9UHC7,E3,Q9UHC7,Q16637,MKRN1,SMN1,RING,0,neg2x_initial_degree_matched,,MKRN1,SMN1,MKRN1|SMN1,False,,cytoplasm;cytoskeleton;nucleus,,False,True,False,True,True,False,False,False,0.29181,CRC,CRC|CRC_GSE146771_Smartseq2_expression_Celltype_majorlineage|B
E3|Q9UHC7|P31947,E3|Q9UHC7,E3,Q9UHC7,P31947,MKRN1,SFN,RING,0,neg2x_initial_degree_matched,,MKRN1,SFN,MKRN1|SFN,False,,cytoplasm;extracellular;nucleus,,False,True,False,True,True,False,False,False,0.57309,CRC,CRC|CRC_GSE166555_expression_Celltype_majorlineage|Epithelial
E3|Q9UHC7|Q9Y490,E3|Q9UHC7,E3,Q9UHC7,Q9Y490,MKRN1,TLN1,RING,0,neg2x_initial_degree_matched,,MKRN1,TLN1,MKRN1|TLN1,False,,cell_junction;cytoplasm;cytoskeleton;membrane;plasma_membrane,,False,True,False,True,True,False,False,False,0.40798,CRC,CRC|CRC_GSE166555_expression_Celltype_majorlineage|Malignant
E3|Q9UHC7|Q13257,E3|Q9UHC7,E3,Q9UHC7,Q13257,MKRN1,MAD2L1,RING,0,neg2x_initial_degree_matched,,MKRN1,MAD2L1,MAD2L1|MKRN1,False,,cytoplasm;cytoskeleton;nucleus,,False,True,False,True,True,False,False,False,0.29982,LIHC,LIHC|LIHC_GSE98638_expression_Celltype_majorlineage|Tprolif
E3|Q9UHC7|O95140,E3|Q9UHC7,E3,Q9UHC7,O95140,MKRN1,MFN2,RING,0,neg2x_initial_degree_matched,,MKRN1,MFN2,MFN2|MKRN1,False,,membrane;mitochondrion,,False,True,False,True,True,False,False,False,0.28496,LIHC,LIHC|LIHC_GSE98638_expression_Celltype_majorlineage|Tprolif
E3|Q9UHC7|O00635,E3|Q9UHC7,E3,Q9UHC7,O00635,MKRN1,TRIM38,RING,0,neg2x_initial_degree_matched,,MKRN1,TRIM38,MKRN1|TRIM38,False,,cytoplasm,,False,True,False,True,True,False,False,False,0.40549,CRC,CRC|CRC_GSE108989_expression_Celltype_majorlineage|Treg
E3|Q9UHC7|P35232,E3|Q9UHC7,E3,Q9UHC7,P35232,MKRN1,PHB,RING,0,neg2x_initial_degree_matched,,MKRN1,PHB,MKRN1|PHB,False,,cytoplasm;membrane;mitochondrion;nucleus;plasma_membrane,,False,True,False,True,True,False,False,False,0.45004,CRC,CRC|CRC_GSE139555_expression_Celltype_majorlineage|Myofibroblasts
E3|Q9UHC7|O15357,E3|Q9UHC7,E3,Q9UHC7,O15357,MKRN1,INPPL1,RING,0,neg2x_initial_degree_matched,,MKRN1,INPPL1,INPPL1|MKRN1,False,,cytoplasm;cytoskeleton;membrane;nucleus;plasma_membrane,,False,True,False,True,True,False,False,False,0.30464,LIHC,LIHC|LIHC_GSE140228_Smartseq2_expression_Celltype_majorlineage|Mono/Macro
E3|Q9UHC7|O75882,E3|Q9UHC7,E3,Q9UHC7,O75882,MKRN1,ATRN,RING,0,neg2x_initial_degree_matched,,MKRN1,ATRN,ATRN|MKRN1,False,,extracellular;membrane;plasma_membrane,,False,True,False,True,True,False,False,False,0.20883,LIHC,LIHC|LIHC_GSE146115_expression_Celltype_majorlineage|Malignant
E3|Q9UHC7|Q9NVI1,E3|Q9UHC7,E3,Q9UHC7,Q9NVI1,MKRN1,FANCI,RING,0,neg2x_initial_degree_matched,,MKRN1,FANCI,FANCI|MKRN1,False,,cytoplasm;nucleus,,False,True,False,True,True,False,False,False,0.29982,LIHC,LIHC|LIHC_GSE98638_expression_Celltype_majorlineage|Tprolif
E3|Q9UHC7|Q9UHN6,E3|Q9UHC7,E3,Q9UHC7,Q9UHN6,MKRN1,CEMIP2,RING,0,neg2x_initial_degree_matched,,MKRN1,CEMIP2,CEMIP2|MKRN1,False,,membrane;plasma_membrane,,False,True,False,True,True,False,False,False,0.57309,CRC,CRC|CRC_GSE166555_expression_Celltype_majorlineage|Epithelial
E3|Q9UHC7|Q9UBF6,E3|Q9UHC7,E3,Q9UHC7,Q9UBF6,MKRN1,RNF7,RING,0,neg2x_initial_degree_matched,,MKRN1,RNF7,MKRN1|RNF7,False,,cytoplasm;nucleus,,False,True,False,True,True,False,False,False,0.57309,CRC,CRC|CRC_GSE166555_expression_Celltype_majorlineage|Epithelial
E3|Q9UII4|Q9NZQ7,E3|Q9UII4,E3,Q9UII4,Q9NZQ7,HERC5,CD274,HECT,0,neg2x_initial_degree_matched,,HERC5,CD274,CD274|HERC5,False,cytoplasm,endosome;extracellular;membrane;nucleus;plasma_membrane,,True,True,False,True,True,False,False,False,0.25036,CRC,CRC|CRC_GSE108989_expression_Celltype_majorlineage|Treg
E3|Q9UJP4|Q96QD8,E3|Q9UJP4,E3,Q9UJP4,Q96QD8,KLHL21,SLC38A2,BTB_3,0,neg2x_initial_degree_matched,,KLHL21,SLC38A2,KLHL21|SLC38A2,False,cytoplasm;cytoskeleton,golgi;membrane;plasma_membrane,,True,True,False,True,True,False,False,False,0.27352,LIHC,LIHC|LIHC_GSE179795_expression_Celltype_majorlineage|Mono/Macro
E3|Q9UJT9|P01903,E3|Q9UJT9,E3,Q9UJT9,P01903,FBXL7,HLA-DRA,F-box,0,neg2x_initial_degree_matched,,FBXL7,HLA-DRA,FBXL7|HLA-DRA,False,cytoplasm;cytoskeleton,endoplasmic_reticulum;endosome;lysosome;membrane;plasma_membrane,,True,True,False,True,True,False,False,False,0.2142,CRC,CRC|CRC_GSE166555_expression_Celltype_majorlineage|Endothelial
E3|Q9UJT9|O75473,E3|Q9UJT9,E3,Q9UJT9,O75473,FBXL7,LGR5,F-box,0,neg2x_initial_degree_matched,,FBXL7,LGR5,FBXL7|LGR5,False,cytoplasm;cytoskeleton,golgi;membrane;plasma_membrane,,True,True,False,True,True,False,False,False,0.02108,LIHC,LIHC|LIHC_GSE146115_expression_Celltype_majorlineage|Malignant
E3|Q9UJT9|Q9UM47,E3|Q9UJT9,E3,Q9UJT9,Q9UM47,FBXL7,NOTCH3,F-box,0,neg2x_initial_degree_matched,,FBXL7,NOTCH3,FBXL7|NOTCH3,False,cytoplasm;cytoskeleton,membrane;nucleus;plasma_membrane,,True,True,False,True,True,False,False,False,0.1473,CRC,CRC|CRC_GSE166555_expression_Celltype_majorlineage|Fibroblasts
E3|Q9UJX6|O43175,E3|Q9UJX6,E3,Q9UJX6,O43175,ANAPC2,PHGDH,Other,0,neg2x_initial_degree_matched,,ANAPC2,PHGDH,ANAPC2|PHGDH,False,,,,False,False,False,True,True,False,False,False,0.11909,CRC,CRC|CRC_GSE139555_expression_Celltype_majorlineage|Tprolif
E3|Q9UJX6|Q9UBZ9,E3|Q9UJX6,E3,Q9UJX6,Q9UBZ9,ANAPC2,REV1,Other,0,neg2x_initial_degree_matched,,ANAPC2,REV1,ANAPC2|REV1,False,,nucleus,,False,True,False,True,True,False,False,False,0.11909,CRC,CRC|CRC_GSE139555_expression_Celltype_majorlineage|Tprolif
E3|Q9UK22|Q7L7L0,E3|Q9UK22,E3,Q9UK22,Q7L7L0,FBXO2,H2AW,Other,0,neg2x_initial_degree_matched,,FBXO2,H2AW,FBXO2|H2AW,False,cytoplasm;membrane,nucleus,,True,True,False,False,False,False,False,False,0.0,CRC,NA
E3|Q9UK22|Q92466,E3|Q9UK22,E3,Q9UK22,Q92466,FBXO2,DDB2,Other,0,neg2x_initial_degree_matched,,FBXO2,DDB2,DDB2|FBXO2,False,cytoplasm;membrane,nucleus,,True,True,False,True,True,False,False,False,0.13658,CRC,CRC|CRC_GSE139555_expression_Celltype_majorlineage|NK
E3|Q9UK22|Q9UHV7,E3|Q9UK22,E3,Q9UK22,Q9UHV7,FBXO2,MED13,Other,0,neg2x_initial_degree_matched,,FBXO2,MED13,FBXO2|MED13,False,cytoplasm;membrane,nucleus,,True,True,False,True,True,False,False,False,0.18985,LIHC,LIHC|LIHC_GSE146115_expression_Celltype_majorlineage|Malignant
E3|Q9UK22|P13761,E3|Q9UK22,E3,Q9UK22,P13761,FBXO2,HLA-DRB1,Other,0,neg2x_initial_degree_matched,,FBXO2,HLA-DRB1,FBXO2|HLA-DRB1,False,cytoplasm;membrane,,,True,False,False,True,True,False,False,False,0.11821,CRC,CRC|CRC_GSE166555_expression_Celltype_majorlineage|CD8T
E3|Q9UK96|Q15303,E3|Q9UK96,E3,Q9UK96,Q15303,FBXO10,ERBB4,F-box,0,neg2x_initial_degree_matched,,FBXO10,ERBB4,ERBB4|FBXO10,False,cytoplasm,membrane;mitochondrion;nucleus;plasma_membrane,,True,True,False,True,True,False,False,False,0.01525,CRC,CRC|CRC_GSE166555_expression_Celltype_majorlineage|Myofibroblasts
E3|Q9UK97|Q9NZQ7,E3|Q9UK97,E3,Q9UK97,Q9NZQ7,FBXO9,CD274,F-box,0,neg2x_initial_degree_matched,,FBXO9,CD274,CD274|FBXO9,False,cytoplasm,endosome;extracellular;membrane;nucleus;plasma_membrane,,True,True,False,True,True,False,False,False,0.2383,CRC,CRC|CRC_GSE146771_Smartseq2_expression_Celltype_majorlineage|Treg
E3|Q9UK97|Q92466,E3|Q9UK97,E3,Q9UK97,Q92466,FBXO9,DDB2,F-box,0,neg2x_initial_degree_matched,,FBXO9,DDB2,DDB2|FBXO9,False,cytoplasm,nucleus,,True,True,False,True,True,False,False,False,0.28339,CRC,CRC|CRC_GSE146771_Smartseq2_expression_Celltype_majorlineage|CD8T
E3|Q9UK97|Q8N519,E3|Q9UK97,E3,Q9UK97,Q8N519,FBXO9,,F-box,0,neg2x_initial_degree_matched,,FBXO9,,,False,cytoplasm,,,True,False,False,False,False,False,False,False,0.0,CRC,NA
E3|Q9UK99|Q13794,E3|Q9UK99,E3,Q9UK99,Q13794,FBXO3,PMAIP1,F-box,0,neg2x_initial_degree_matched,,FBXO3,PMAIP1,FBXO3|PMAIP1,False,nucleus,mitochondrion,,True,True,False,True,True,False,False,False,0.26165,CRC,CRC|CRC_GSE108989_expression_Celltype_majorlineage|CD4Tconv
E3|Q9UK99|O14763,E3|Q9UK99,E3,Q9UK99,O14763,FBXO3,TNFRSF10B,F-box,0,neg2x_initial_degree_matched,,FBXO3,TNFRSF10B,FBXO3|TNFRSF10B,False,nucleus,membrane,,True,True,False,True,True,False,False,False,0.20935,LIHC,LIHC|LIHC_GSE98638_expression_Celltype_majorlineage|CD4Tconv
E3|Q9UKA1|P06576,E3|Q9UKA1,E3,Q9UKA1,P06576,FBXL5,ATP5F1B,F-box,0,neg2x_initial_degree_matched,,FBXL5,ATP5F1B,ATP5F1B|FBXL5,False,cytoplasm;nucleus,membrane;mitochondrion,,True,True,False,True,True,False,False,False,0.70511,LIHC,LIHC|LIHC_GSE98638_expression_Celltype_majorlineage|CD8Tex
E3|Q9UKA1|P08648,E3|Q9UKA1,E3,Q9UKA1,P08648,FBXL5,ITGA5,F-box,0,neg2x_initial_degree_matched,,FBXL5,ITGA5,FBXL5|ITGA5,False,cytoplasm;nucleus,cell_junction;membrane;plasma_membrane,,True,True,False,True,True,False,False,False,0.42996,CRC,CRC|CRC_GSE146771_Smartseq2_expression_Celltype_majorlineage|Fibroblasts
E3|Q9UKA1|P98155,E3|Q9UKA1,E3,Q9UKA1,P98155,FBXL5,VLDLR,F-box,0,neg2x_initial_degree_matched,,FBXL5,VLDLR,FBXL5|VLDLR,False,cytoplasm;nucleus,membrane;plasma_membrane,,True,True,False,True,True,False,False,False,0.10203,CRC,CRC|CRC_GSE166555_expression_Celltype_majorlineage|Myofibroblasts
E3|Q9UKA1|Q9GIY3,E3|Q9UKA1,E3,Q9UKA1,Q9GIY3,FBXL5,HLA-DRB1,F-box,0,neg2x_initial_degree_matched,,FBXL5,HLA-DRB1,FBXL5|HLA-DRB1,False,cytoplasm;nucleus,,,True,False,False,True,True,False,False,False,0.70511,LIHC,LIHC|LIHC_GSE98638_expression_Celltype_majorlineage|CD8Tex
E3|Q9UKA1|Q01151,E3|Q9UKA1,E3,Q9UKA1,Q01151,FBXL5,CD83,F-box,0,neg2x_initial_degree_matched,,FBXL5,CD83,CD83|FBXL5,False,cytoplasm;nucleus,membrane,,True,True,False,True,True,False,False,False,0.56785,LIHC,LIHC|LIHC_GSE140228_Smartseq2_expression_Celltype_majorlineage|Mono/Macro
E3|Q9UKB1|Q2F514,E3|Q9UKB1,E3,Q9UKB1,Q2F514,FBXW11,X,F-box,0,neg2x_initial_degree_matched,,FBXW11,X,FBXW11|X,False,cytoplasm;nucleus,,,True,False,False,False,False,False,False,False,0.0,CRC,NA
E3|Q9UKB1|Q9Y5U5,E3|Q9UKB1,E3,Q9UKB1,Q9Y5U5,FBXW11,TNFRSF18,F-box,0,neg2x_initial_degree_matched,,FBXW11,TNFRSF18,FBXW11|TNFRSF18,False,cytoplasm;nucleus,extracellular;membrane;plasma_membrane,,True,True,False,True,True,False,False,False,0.38035,LIHC,LIHC|LIHC_GSE98638_expression_Celltype_majorlineage|Treg
E3|Q9UKB1|P40189,E3|Q9UKB1,E3,Q9UKB1,P40189,FBXW11,IL6ST,F-box,0,neg2x_initial_degree_matched,,FBXW11,IL6ST,FBXW11|IL6ST,False,cytoplasm;nucleus,extracellular;membrane;plasma_membrane,,True,True,False,True,True,False,False,False,0.38035,LIHC,LIHC|LIHC_GSE98638_expression_Celltype_majorlineage|Treg
E3|Q9UKB1|P03345,E3|Q9UKB1,E3,Q9UKB1,P03345,FBXW11,gag,F-box,0,neg2x_initial_degree_matched,,FBXW11,GAG,FBXW11|GAG,False,cytoplasm;nucleus,,,True,False,False,False,False,False,False,False,0.0,CRC,NA
E3|Q9UKB1|O14773,E3|Q9UKB1,E3,Q9UKB1,O14773,FBXW11,TPP1,F-box,0,neg2x_initial_degree_matched,,FBXW11,TPP1,FBXW11|TPP1,False,cytoplasm;nucleus,lysosome,,True,True,False,True,True,False,False,False,0.40571,CRC,CRC|CRC_GSE146771_Smartseq2_expression_Celltype_majorlineage|B
E3|Q9UKB1|P08581,E3|Q9UKB1,E3,Q9UKB1,P08581,FBXW11,MET,F-box,0,neg2x_initial_degree_matched,,FBXW11,MET,FBXW11|MET,False,cytoplasm;nucleus,extracellular;membrane,,True,True,False,True,True,False,False,False,0.29806,CRC,CRC|CRC_GSE166555_expression_Celltype_majorlineage|Endothelial
E3|Q9UKB1|O43561,E3|Q9UKB1,E3,Q9UKB1,O43561,FBXW11,LAT,F-box,0,neg2x_initial_degree_matched,,FBXW11,LAT,FBXW11|LAT,False,cytoplasm;nucleus,membrane;plasma_membrane,,True,True,False,True,True,False,False,False,0.38035,LIHC,LIHC|LIHC_GSE98638_expression_Celltype_majorlineage|Treg
E3|Q9UKB1|Q8N6M0,E3|Q9UKB1,E3,Q9UKB1,Q8N6M0,FBXW11,OTUD6B,F-box,0,neg2x_initial_degree_matched,,FBXW11,OTUD6B,FBXW11|OTUD6B,False,cytoplasm;nucleus,,,True,False,False,True,True,False,False,False,0.20736,CRC,CRC|CRC_GSE139555_expression_Celltype_majorlineage|Myofibroblasts
E3|Q9UKB1|P15498,E3|Q9UKB1,E3,Q9UKB1,P15498,FBXW11,VAV1,F-box,0,neg2x_initial_degree_matched,,FBXW11,VAV1,FBXW11|VAV1,False,cytoplasm;nucleus,,,True,False,False,True,True,False,False,False,0.26334,CRC,CRC|CRC_GSE108989_expression_Celltype_majorlineage|Tprolif
E3|Q9UKB1|P25116,E3|Q9UKB1,E3,Q9UKB1,P25116,FBXW11,F2R,F-box,0,neg2x_initial_degree_matched,,FBXW11,F2R,F2R|FBXW11,False,cytoplasm;nucleus,membrane;plasma_membrane,,True,True,False,True,True,False,False,False,0.32375,LIHC,LIHC|LIHC_GSE98638_expression_Celltype_majorlineage|CD8Tex
E3|Q9UKB1|P61587,E3|Q9UKB1,E3,Q9UKB1,P61587,FBXW11,RND3,F-box,0,neg2x_initial_degree_matched,,FBXW11,RND3,FBXW11|RND3,False,cytoplasm;nucleus,golgi;membrane,,True,True,False,True,True,False,False,False,0.30373,CRC,CRC|CRC_GSE166555_expression_Celltype_majorlineage|Myofibroblasts
E3|Q9UKB1|P16070,E3|Q9UKB1,E3,Q9UKB1,P16070,FBXW11,CD44,F-box,0,neg2x_initial_degree_matched,,FBXW11,CD44,CD44|FBXW11,False,cytoplasm;nucleus,cytoskeleton;extracellular;membrane;plasma_membrane,,True,True,False,True,True,False,False,False,0.40571,CRC,CRC|CRC_GSE146771_Smartseq2_expression_Celltype_majorlineage|B
E3|Q9UKB1|Q01638,E3|Q9UKB1,E3,Q9UKB1,Q01638,FBXW11,IL1RL1,F-box,0,neg2x_initial_degree_matched,,FBXW11,IL1RL1,FBXW11|IL1RL1,False,cytoplasm;nucleus,extracellular;membrane;plasma_membrane,,True,True,False,True,True,False,False,False,0.26196,CRC,CRC|CRC_GSE146771_Smartseq2_expression_Celltype_majorlineage|Mast
E3|Q9UKC9|Q8IZQ8,E3|Q9UKC9,E3,Q9UKC9,Q8IZQ8,FBXL2,MYOCD,F-box,0,neg2x_initial_degree_matched,,FBXL2,MYOCD,FBXL2|MYOCD,False,membrane,nucleus,,True,True,False,True,True,False,False,False,0.06384,CRC,CRC|CRC_GSE146771_Smartseq2_expression_Celltype_majorlineage|Fibroblasts
E3|Q9UKC9|Q14527,E3|Q9UKC9,E3,Q9UKC9,Q14527,FBXL2,HLTF,F-box,0,neg2x_initial_degree_matched,,FBXL2,HLTF,FBXL2|HLTF,False,membrane,cytoplasm;nucleus,,True,True,False,True,True,False,False,False,0.10886,CRC,CRC|CRC_GSE146771_Smartseq2_expression_Celltype_majorlineage|Endothelial
E3|Q9UKC9|P35659,E3|Q9UKC9,E3,Q9UKC9,P35659,FBXL2,DEK,F-box,0,neg2x_initial_degree_matched,,FBXL2,DEK,DEK|FBXL2,False,membrane,nucleus,,True,True,False,True,True,False,False,False,0.10886,CRC,CRC|CRC_GSE146771_Smartseq2_expression_Celltype_majorlineage|Endothelial
E3|Q9UKC9|P45973,E3|Q9UKC9,E3,Q9UKC9,P45973,FBXL2,CBX5,F-box,0,neg2x_initial_degree_matched,,FBXL2,CBX5,CBX5|FBXL2,False,membrane,nucleus,,True,True,False,True,True,False,False,False,0.10886,CRC,CRC|CRC_GSE146771_Smartseq2_expression_Celltype_majorlineage|Endothelial
E3|Q9UKC9|Q03468,E3|Q9UKC9,E3,Q9UKC9,Q03468,FBXL2,ERCC6,F-box,0,neg2x_initial_degree_matched,,FBXL2,ERCC6,ERCC6|FBXL2,False,membrane,nucleus,,True,True,False,True,True,False,False,False,0.09721,CRC,CRC|CRC_GSE146771_Smartseq2_expression_Celltype_majorlineage|Endothelial
E3|Q9UKC9|Q9ULW0,E3|Q9UKC9,E3,Q9UKC9,Q9ULW0,FBXL2,TPX2,F-box,0,neg2x_initial_degree_matched,,FBXL2,TPX2,FBXL2|TPX2,False,membrane,cytoplasm;cytoskeleton;nucleus,,True,True,False,True,True,False,False,False,0.05746,CRC,CRC|CRC_GSE146771_Smartseq2_expression_Celltype_majorlineage|Malignant
E3|Q9UKC9|P40424,E3|Q9UKC9,E3,Q9UKC9,P40424,FBXL2,PBX1,F-box,0,neg2x_initial_degree_matched,,FBXL2,PBX1,FBXL2|PBX1,False,membrane,nucleus,,True,True,False,True,True,False,False,False,0.10886,CRC,CRC|CRC_GSE146771_Smartseq2_expression_Celltype_majorlineage|Endothelial
E3|Q9UKC9|P33993,E3|Q9UKC9,E3,Q9UKC9,P33993,FBXL2,MCM7,F-box,0,neg2x_initial_degree_matched,,FBXL2,MCM7,FBXL2|MCM7,False,membrane,nucleus,,True,True,False,True,True,False,False,False,0.10886,CRC,CRC|CRC_GSE146771_Smartseq2_expression_Celltype_majorlineage|Endothelial
E3|Q9UKC9|Q53EL6,E3|Q9UKC9,E3,Q9UKC9,Q53EL6,FBXL2,PDCD4,F-box,0,neg2x_initial_degree_matched,,FBXL2,PDCD4,FBXL2|PDCD4,False,membrane,cytoplasm;nucleus,,True,True,False,True,True,False,False,False,0.10886,CRC,CRC|CRC_GSE146771_Smartseq2_expression_Celltype_majorlineage|Endothelial
E3|Q9UKC9|Q99708,E3|Q9UKC9,E3,Q9UKC9,Q99708,FBXL2,RBBP8,F-box,0,neg2x_initial_degree_matched,,FBXL2,RBBP8,FBXL2|RBBP8,False,membrane,nucleus,,True,True,False,True,True,False,False,False,0.10886,CRC,CRC|CRC_GSE146771_Smartseq2_expression_Celltype_majorlineage|Endothelial
E3|Q9UKC9|Q969R5,E3|Q9UKC9,E3,Q9UKC9,Q969R5,FBXL2,L3MBTL2,F-box,0,neg2x_initial_degree_matched,,FBXL2,L3MBTL2,FBXL2|L3MBTL2,False,membrane,nucleus,,True,True,False,True,True,False,False,False,0.08612,CRC,CRC|CRC_GSE146771_Smartseq2_expression_Celltype_majorlineage|Fibroblasts
E3|Q9UKC9|Q02535,E3|Q9UKC9,E3,Q9UKC9,Q02535,FBXL2,ID3,F-box,0,neg2x_initial_degree_matched,,FBXL2,ID3,FBXL2|ID3,False,membrane,nucleus,,True,True,False,True,True,False,False,False,0.10886,CRC,CRC|CRC_GSE146771_Smartseq2_expression_Celltype_majorlineage|Endothelial
E3|Q9UKT5|Q71F56,E3|Q9UKT5,E3,Q9UKT5,Q71F56,FBXO4,MED13L,F-box,0,neg2x_initial_degree_matched,,FBXO4,MED13L,FBXO4|MED13L,False,cytoplasm,nucleus,,True,True,False,True,True,False,False,False,0.25867,LIHC,LIHC|LIHC_GSE140228_Smartseq2_expression_Celltype_majorlineage|Tprolif
E3|Q9UKT5|O14543,E3|Q9UKT5,E3,Q9UKT5,O14543,FBXO4,SOCS3,F-box,0,neg2x_initial_degree_matched,,FBXO4,SOCS3,FBXO4|SOCS3,False,cytoplasm,,,True,False,False,True,True,False,False,False,0.20667,CRC,CRC|CRC_GSE108989_expression_Celltype_majorlineage|Tprolif
E3|Q9UKT5|P49281,E3|Q9UKT5,E3,Q9UKT5,P49281,FBXO4,SLC11A2,F-box,0,neg2x_initial_degree_matched,,FBXO4,SLC11A2,FBXO4|SLC11A2,False,cytoplasm,endosome;extracellular;golgi;lysosome;membrane;mitochondrion;plasma_membrane;vesicle,,True,True,False,True,True,False,False,False,0.20667,CRC,CRC|CRC_GSE108989_expression_Celltype_majorlineage|Tprolif
E3|Q9UKT5|P29475,E3|Q9UKT5,E3,Q9UKT5,P29475,FBXO4,NOS1,F-box,0,neg2x_initial_degree_matched,,FBXO4,NOS1,FBXO4|NOS1,False,cytoplasm,membrane;plasma_membrane,,True,True,False,True,True,False,False,False,0.06153,LIHC,LIHC|LIHC_GSE146115_expression_Celltype_majorlineage|Malignant
E3|Q9UKT8|P26038,E3|Q9UKT8,E3,Q9UKT8,P26038,FBXW2,MSN,F-box,0,neg2x_initial_degree_matched,,FBXW2,MSN,FBXW2|MSN,False,,cytoplasm;cytoskeleton;membrane;plasma_membrane,,False,True,False,True,True,False,False,False,0.4298,LIHC,LIHC|LIHC_GSE98638_expression_Celltype_majorlineage|Tprolif
E3|Q9UKT8|Q99816,E3|Q9UKT8,E3,Q9UKT8,Q99816,FBXW2,TSG101,F-box,0,neg2x_initial_degree_matched,,FBXW2,TSG101,FBXW2|TSG101,False,,cytoplasm;cytoskeleton;endosome;membrane;nucleus,,False,True,False,True,True,False,False,False,0.4298,LIHC,LIHC|LIHC_GSE98638_expression_Celltype_majorlineage|Tprolif
E3|Q9UKT8|O15511,E3|Q9UKT8,E3,Q9UKT8,O15511,FBXW2,ARPC5,F-box,0,neg2x_initial_degree_matched,,FBXW2,ARPC5,ARPC5|FBXW2,False,,cytoplasm;cytoskeleton;nucleus,,False,True,False,True,True,False,False,False,0.4298,LIHC,LIHC|LIHC_GSE98638_expression_Celltype_majorlineage|Tprolif
E3|Q9UKT8|Q9Y4L5,E3|Q9UKT8,E3,Q9UKT8,Q9Y4L5,FBXW2,RNF115,F-box,0,neg2x_initial_degree_matched,,FBXW2,RNF115,FBXW2|RNF115,False,,cytoplasm;endoplasmic_reticulum;golgi;nucleus,,False,True,False,True,True,False,False,False,0.34695,CRC,CRC|CRC_GSE108989_expression_Celltype_majorlineage|Tprolif
E3|Q9UKT8|Q9NR61,E3|Q9UKT8,E3,Q9UKT8,Q9NR61,FBXW2,DLL4,F-box,0,neg2x_initial_degree_matched,,FBXW2,DLL4,DLL4|FBXW2,False,,membrane;plasma_membrane,,False,True,False,True,True,False,False,False,0.19131,CRC,CRC|CRC_GSE146771_Smartseq2_expression_Celltype_majorlineage|Endothelial
E3|Q9UKT8|Q92985,E3|Q9UKT8,E3,Q9UKT8,Q92985,FBXW2,IRF7,F-box,0,neg2x_initial_degree_matched,,FBXW2,IRF7,FBXW2|IRF7,False,,cytoplasm;nucleus,,False,True,False,True,True,False,False,False,0.4219,CRC,CRC|CRC_GSE108989_expression_Celltype_majorlineage|Tprolif
E3|Q9UKT8|Q9NQR1,E3|Q9UKT8,E3,Q9UKT8,Q9NQR1,FBXW2,KMT5A,F-box,0,neg2x_initial_degree_matched,,FBXW2,KMT5A,FBXW2|KMT5A,False,,nucleus,,False,True,False,True,True,False,False,False,0.14586,LIHC,LIHC|LIHC_GSE166635_expression_Celltype_majorlineage|Fibroblasts
E3|Q9UKT8|P43694,E3|Q9UKT8,E3,Q9UKT8,P43694,FBXW2,GATA4,F-box,0,neg2x_initial_degree_matched,,FBXW2,GATA4,FBXW2|GATA4,False,,nucleus,,False,True,False,True,True,False,False,False,0.13284,LIHC,LIHC|LIHC_GSE146409_expression_Celltype_majorlineage|Endothelial
E3|Q9UKV5|Q9NYB9,E3|Q9UKV5,E3,Q9UKV5,Q9NYB9,AMFR,ABI2,RING,0,neg2x_initial_degree_matched,,AMFR,ABI2,ABI2|AMFR,False,endoplasmic_reticulum;membrane,cell_junction;cytoplasm;cytoskeleton;nucleus,,True,True,False,True,True,False,False,False,0.1905,CRC,CRC|CRC_GSE146771_Smartseq2_expression_Celltype_majorlineage|Tprolif
E3|Q9UKV5|P19784,E3|Q9UKV5,E3,Q9UKV5,P19784,AMFR,CSNK2A2,RING,0,neg2x_initial_degree_matched,,AMFR,CSNK2A2,AMFR|CSNK2A2,False,endoplasmic_reticulum;membrane,cytoplasm;nucleus,,True,True,False,True,True,False,False,False,0.19701,CRC,CRC|CRC_GSE166555_expression_Celltype_majorlineage|Endothelial
E3|Q9UKV5|P35573,E3|Q9UKV5,E3,Q9UKV5,P35573,AMFR,AGL,RING,0,neg2x_initial_degree_matched,,AMFR,AGL,AGL|AMFR,False,endoplasmic_reticulum;membrane,cytoplasm;nucleus,,True,True,False,True,True,False,False,False,0.20488,LIHC,LIHC|LIHC_GSE140228_Smartseq2_expression_Celltype_majorlineage|B
E3|Q9UKV5|Q15911,E3|Q9UKV5,E3,Q9UKV5,Q15911,AMFR,ZFHX3,RING,0,neg2x_initial_degree_matched,,AMFR,ZFHX3,AMFR|ZFHX3,False,endoplasmic_reticulum;membrane,cytoplasm;nucleus,,True,True,False,True,True,False,False,False,0.24511,CRC,CRC|CRC_GSE166555_expression_Celltype_majorlineage|Endothelial
E3|Q9UKV5|Q86YC2,E3|Q9UKV5,E3,Q9UKV5,Q86YC2,AMFR,PALB2,RING,0,neg2x_initial_degree_matched,,AMFR,PALB2,AMFR|PALB2,False,endoplasmic_reticulum;membrane,nucleus,,True,True,False,True,True,False,False,False,0.13651,CRC,CRC|CRC_GSE108989_expression_Celltype_majorlineage|Tprolif
E3|Q9UKV5|P04198,E3|Q9UKV5,E3,Q9UKV5,P04198,AMFR,MYCN,RING,0,neg2x_initial_degree_matched,,AMFR,MYCN,AMFR|MYCN,False,endoplasmic_reticulum;membrane,nucleus,,True,True,False,True,True,False,False,False,0.06032,CRC,CRC|CRC_GSE166555_expression_Celltype_majorlineage|Endothelial
E3|Q9UKV5|O75376,E3|Q9UKV5,E3,Q9UKV5,O75376,AMFR,NCOR1,RING,0,neg2x_initial_degree_matched,,AMFR,NCOR1,AMFR|NCOR1,False,endoplasmic_reticulum;membrane,nucleus,,True,True,False,True,True,False,False,False,0.36108,CRC,CRC|CRC_GSE146771_Smartseq2_expression_Celltype_majorlineage|B
E3|Q9UKV5|Q9UBN7,E3|Q9UKV5,E3,Q9UKV5,Q9UBN7,AMFR,HDAC6,RING,0,neg2x_initial_degree_matched,,AMFR,HDAC6,AMFR|HDAC6,False,endoplasmic_reticulum;membrane,cytoplasm;cytoskeleton;nucleus,,True,True,False,True,True,False,False,False,0.1905,CRC,CRC|CRC_GSE146771_Smartseq2_expression_Celltype_majorlineage|Tprolif
E3|Q9UKV5|Q15726,E3|Q9UKV5,E3,Q9UKV5,Q15726,AMFR,KISS1,RING,0,neg2x_initial_degree_matched,,AMFR,KISS1,AMFR|KISS1,False,endoplasmic_reticulum;membrane,extracellular,,True,True,False,True,True,False,False,False,0.0462,CRC,CRC|CRC_EMTAB8107_expression_Celltype_majorlineage|Malignant
E3|Q9UKV5|Q13547,E3|Q9UKV5,E3,Q9UKV5,Q13547,AMFR,HDAC1,RING,0,neg2x_initial_degree_matched,,AMFR,HDAC1,AMFR|HDAC1,False,endoplasmic_reticulum;membrane,nucleus,,True,True,False,True,True,False,False,False,0.36108,CRC,CRC|CRC_GSE146771_Smartseq2_expression_Celltype_majorlineage|B
E3|Q9UKV5|P0DP91,E3|Q9UKV5,E3,Q9UKV5,P0DP91,AMFR,ERCC6,RING,0,neg2x_initial_degree_matched,,AMFR,ERCC6,AMFR|ERCC6,False,endoplasmic_reticulum;membrane,nucleus,,True,True,False,True,True,False,False,False,0.1117,LIHC,LIHC|LIHC_GSE140228_Smartseq2_expression_Celltype_majorlineage|B
E3|Q9UKV5|Q9BSL1,E3|Q9UKV5,E3,Q9UKV5,Q9BSL1,AMFR,UBAC1,RING,0,neg2x_initial_degree_matched,,AMFR,UBAC1,AMFR|UBAC1,False,endoplasmic_reticulum;membrane,cytoplasm,,True,True,False,True,True,False,False,False,0.23463,CRC,CRC|CRC_GSE166555_expression_Celltype_majorlineage|Endothelial
E3|Q9UKV5|Q9P219,E3|Q9UKV5,E3,Q9UKV5,Q9P219,AMFR,CCDC88C,RING,0,neg2x_initial_degree_matched,,AMFR,CCDC88C,AMFR|CCDC88C,False,endoplasmic_reticulum;membrane,cell_junction;cytoplasm,,True,True,False,True,True,False,False,False,0.29075,LIHC,LIHC|LIHC_GSE140228_Smartseq2_expression_Celltype_majorlineage|B
E3|Q9UKV5|Q96C92,E3|Q9UKV5,E3,Q9UKV5,Q96C92,AMFR,ENTR1,RING,0,neg2x_initial_degree_matched,,AMFR,ENTR1,AMFR|ENTR1,False,endoplasmic_reticulum;membrane,cytoplasm;cytoskeleton;endosome,,True,True,False,True,True,False,False,False,0.19617,CRC,CRC|CRC_GSE166555_expression_Celltype_majorlineage|Endothelial
E3|Q9UKV5|O94782,E3|Q9UKV5,E3,Q9UKV5,O94782,AMFR,USP1,RING,0,neg2x_initial_degree_matched,,AMFR,USP1,AMFR|USP1,False,endoplasmic_reticulum;membrane,nucleus,,True,True,False,True,True,False,False,False,0.29075,LIHC,LIHC|LIHC_GSE140228_Smartseq2_expression_Celltype_majorlineage|B
E3|Q9UKV5|P11686,E3|Q9UKV5,E3,Q9UKV5,P11686,AMFR,SFTPC,RING,0,neg2x_initial_degree_matched,,AMFR,SFTPC,AMFR|SFTPC,False,endoplasmic_reticulum;membrane,extracellular,,True,True,False,True,True,False,False,False,0.0017,LIHC,LIHC|LIHC_GSE98638_expression_Celltype_majorlineage|Treg
E3|Q9UKV5|Q8NFZ0,E3|Q9UKV5,E3,Q9UKV5,Q8NFZ0,AMFR,FBXO18,RING,0,neg2x_initial_degree_matched,,AMFR,FBXO18,AMFR|FBXO18,False,endoplasmic_reticulum;membrane,nucleus,,True,True,False,True,True,False,False,False,0.16961,CRC,CRC|CRC_GSE146771_Smartseq2_expression_Celltype_majorlineage|Mono/Macro
E3|Q9UKV5|O15379,E3|Q9UKV5,E3,Q9UKV5,O15379,AMFR,HDAC3,RING,0,neg2x_initial_degree_matched,,AMFR,HDAC3,AMFR|HDAC3,False,endoplasmic_reticulum;membrane,cytoplasm;nucleus,,True,True,False,True,True,False,False,False,0.3127,CRC,CRC|CRC_GSE146771_Smartseq2_expression_Celltype_majorlineage|B
E3|Q9UKV5|P62805,E3|Q9UKV5,E3,Q9UKV5,P62805,AMFR,H4C1,RING,0,neg2x_initial_degree_matched,,AMFR,H4C1,AMFR|H4C1,False,endoplasmic_reticulum;membrane,nucleus,,True,True,False,False,False,False,False,False,0.0,CRC,NA
E3|Q9UKV5|P09467,E3|Q9UKV5,E3,Q9UKV5,P09467,AMFR,FBP1,RING,0,neg2x_initial_degree_matched,,AMFR,FBP1,AMFR|FBP1,False,endoplasmic_reticulum;membrane,,,True,False,False,True,True,False,False,False,0.20427,LIHC,LIHC|LIHC_GSE140228_Smartseq2_expression_Celltype_majorlineage|ILC
E3|Q9UKV5|Q96FW1,E3|Q9UKV5,E3,Q9UKV5,Q96FW1,AMFR,OTUB1,RING,0,neg2x_initial_degree_matched,,AMFR,OTUB1,AMFR|OTUB1,False,endoplasmic_reticulum;membrane,cytoplasm,,True,True,False,True,True,False,False,False,0.36108,CRC,CRC|CRC_GSE146771_Smartseq2_expression_Celltype_majorlineage|B
E3|Q9ULH1#Q12888|O60784,E3|Q9ULH1#Q12888,E3,Q9ULH1#Q12888,O60784,ASAP1#TP53BP1,TOM1,Other,0,neg2x_initial_degree_matched,,ASAP1#TP53BP1,TOM1,ASAP1#TP53BP1|TOM1,False,,cytoplasm;endosome;membrane,,False,True,False,False,False,False,False,False,0.0,CRC,NA
E3|Q9ULH1#Q12888|Q96SW2,E3|Q9ULH1#Q12888,E3,Q9ULH1#Q12888,Q96SW2,ASAP1#TP53BP1,CRBN,Other,0,neg2x_initial_degree_matched,,ASAP1#TP53BP1,CRBN,ASAP1#TP53BP1|CRBN,False,,cytoplasm;membrane;nucleus,,False,True,False,False,False,False,False,False,0.0,CRC,NA
E3|Q9ULT8|Q07869,E3|Q9ULT8,E3,Q9ULT8,Q07869,HECTD1,PPARA,HECT,0,neg2x_initial_degree_matched,,HECTD1,PPARA,HECTD1|PPARA,False,,nucleus,,False,True,False,True,True,False,False,False,0.47848,LIHC,LIHC|LIHC_GSE146115_expression_Celltype_majorlineage|Malignant
E3|Q9ULT8|P43403,E3|Q9ULT8,E3,Q9ULT8,P43403,HECTD1,ZAP70,HECT,0,neg2x_initial_degree_matched,,HECTD1,ZAP70,HECTD1|ZAP70,False,,cytoplasm;cytoskeleton;membrane;plasma_membrane,,False,True,False,True,True,False,False,False,0.45785,LIHC,LIHC|LIHC_GSE98638_expression_Celltype_majorlineage|CD8Tex
E3|Q9ULT8|Q13761,E3|Q9ULT8,E3,Q9ULT8,Q13761,HECTD1,RUNX3,HECT,0,neg2x_initial_degree_matched,,HECTD1,RUNX3,HECTD1|RUNX3,False,,cytoplasm;nucleus,,False,True,False,True,True,False,False,False,0.45785,LIHC,LIHC|LIHC_GSE98638_expression_Celltype_majorlineage|CD8Tex
E3|Q9ULT8|Q16589,E3|Q9ULT8,E3,Q9ULT8,Q16589,HECTD1,CCNG2,HECT,0,neg2x_initial_degree_matched,,HECTD1,CCNG2,CCNG2|HECTD1,False,,cytoplasm,,False,True,False,True,True,False,False,False,0.30772,LIHC,LIHC|LIHC_GSE98638_expression_Celltype_majorlineage|Treg
E3|Q9ULT8|P07332,E3|Q9ULT8,E3,Q9ULT8,P07332,HECTD1,FES,HECT,0,neg2x_initial_degree_matched,,HECTD1,FES,FES|HECTD1,False,,cell_junction;cytoplasm;cytoskeleton;golgi;membrane;plasma_membrane;vesicle,,False,True,False,True,True,False,False,False,0.45992,LIHC,LIHC|LIHC_GSE179795_expression_Celltype_majorlineage|ILC
E3|Q9ULT8|P21860,E3|Q9ULT8,E3,Q9ULT8,P21860,HECTD1,ERBB3,HECT,0,neg2x_initial_degree_matched,,HECTD1,ERBB3,ERBB3|HECTD1,False,,extracellular;membrane;plasma_membrane,,False,True,False,True,True,False,False,False,0.47848,LIHC,LIHC|LIHC_GSE146115_expression_Celltype_majorlineage|Malignant
E3|Q9ULV8|Q96RR4,E3|Q9ULV8,E3,Q9ULV8,Q96RR4,CBLC,CAMKK2,RING,0,neg2x_initial_degree_matched,,CBLC,CAMKK2,CAMKK2|CBLC,False,,cytoplasm;nucleus,,False,True,False,True,True,False,False,False,0.12736,CRC,CRC|CRC_GSE139555_expression_Celltype_majorlineage|Myofibroblasts
E3|Q9ULV8|O00763,E3|Q9ULV8,E3,Q9ULV8,O00763,CBLC,ACACB,RING,0,neg2x_initial_degree_matched,,CBLC,ACACB,ACACB|CBLC,False,,mitochondrion,,False,True,False,True,True,False,False,False,0.10023,CRC,CRC|CRC_GSE166555_expression_Celltype_majorlineage|Epithelial
E3|Q9ULV8|Q12929,E3|Q9ULV8,E3,Q9ULV8,Q12929,CBLC,EPS8,RING,0,neg2x_initial_degree_matched,,CBLC,EPS8,CBLC|EPS8,False,,cytoplasm;membrane,,False,True,False,True,True,False,False,False,0.38576,CRC,CRC|CRC_GSE166555_expression_Celltype_majorlineage|Epithelial
E3|Q9UM11|Q8IZG5,E3|Q9UM11,E3,Q9UM11,Q8IZG5,FZR1,SS18,CDC20,0,neg2x_initial_degree_matched,,FZR1,SS18,FZR1|SS18,False,cytoplasm;nucleus,,,True,False,False,True,True,False,False,False,0.1911,LIHC,LIHC|LIHC_GSE98638_expression_Celltype_majorlineage|Tprolif
E3|Q9UM11|P16471,E3|Q9UM11,E3,Q9UM11,P16471,FZR1,PRLR,CDC20,0,neg2x_initial_degree_matched,,FZR1,PRLR,FZR1|PRLR,False,cytoplasm;nucleus,extracellular;membrane,,True,True,False,True,True,False,False,False,0.06349,CRC,CRC|CRC_GSE146771_Smartseq2_expression_Celltype_majorlineage|Malignant
E3|Q9UM11|P04233,E3|Q9UM11,E3,Q9UM11,P04233,FZR1,CD74,CDC20,0,neg2x_initial_degree_matched,,FZR1,CD74,CD74|FZR1,False,cytoplasm;nucleus,endoplasmic_reticulum;endosome;extracellular;golgi;lysosome;membrane;plasma_membrane,,True,True,False,True,True,False,False,False,0.1911,LIHC,LIHC|LIHC_GSE98638_expression_Celltype_majorlineage|Tprolif
E3|Q9UM11|O00233,E3|Q9UM11,E3,Q9UM11,O00233,FZR1,PSMD9,CDC20,0,neg2x_initial_degree_matched,,FZR1,PSMD9,FZR1|PSMD9,False,cytoplasm;nucleus,,,True,False,False,True,True,False,False,False,0.1911,LIHC,LIHC|LIHC_GSE98638_expression_Celltype_majorlineage|Tprolif
E3|Q9UM11|Q95IE3,E3|Q9UM11,E3,Q9UM11,Q95IE3,FZR1,HLA-DRB1,CDC20,0,neg2x_initial_degree_matched,,FZR1,HLA-DRB1,FZR1|HLA-DRB1,False,cytoplasm;nucleus,,,True,False,False,True,True,False,False,False,0.1911,LIHC,LIHC|LIHC_GSE98638_expression_Celltype_majorlineage|Tprolif
E3|Q9UM11|P29965,E3|Q9UM11,E3,Q9UM11,P29965,FZR1,CD40LG,CDC20,0,neg2x_initial_degree_matched,,FZR1,CD40LG,CD40LG|FZR1,False,cytoplasm;nucleus,cytoskeleton;extracellular;membrane;plasma_membrane,,True,True,False,True,True,False,False,False,0.1911,LIHC,LIHC|LIHC_GSE98638_expression_Celltype_majorlineage|Tprolif
E3|Q9UM11|P08678,E3|Q9UM11,E3,Q9UM11,P08678,FZR1,CYR1,CDC20,0,neg2x_initial_degree_matched,,FZR1,CYR1,CYR1|FZR1,False,cytoplasm;nucleus,,,True,False,False,False,False,False,False,False,0.0,CRC,NA
E3|Q9UM11|P62253,E3|Q9UM11,E3,Q9UM11,P62253,FZR1,UBE2G1,CDC20,0,neg2x_initial_degree_matched,,FZR1,UBE2G1,FZR1|UBE2G1,False,cytoplasm;nucleus,,,True,False,False,True,True,False,False,False,0.1911,LIHC,LIHC|LIHC_GSE98638_expression_Celltype_majorlineage|Tprolif
E3|Q9UM11|P61968,E3|Q9UM11,E3,Q9UM11,P61968,FZR1,LMO4,CDC20,0,neg2x_initial_degree_matched,,FZR1,LMO4,FZR1|LMO4,False,cytoplasm;nucleus,,,True,False,False,True,True,False,False,False,0.17835,CRC,CRC|CRC_GSE166555_expression_Celltype_majorlineage|Tprolif
E3|Q9UM11|Q7L8J4,E3|Q9UM11,E3,Q9UM11,Q7L8J4,FZR1,SH3BP5L,CDC20,0,neg2x_initial_degree_matched,,FZR1,SH3BP5L,FZR1|SH3BP5L,False,cytoplasm;nucleus,,,True,False,False,True,True,False,False,False,0.08452,CRC,CRC|CRC_GSE166555_expression_Celltype_majorlineage|Endothelial
E3|Q9UM11|Q13571,E3|Q9UM11,E3,Q9UM11,Q13571,FZR1,LAPTM5,CDC20,0,neg2x_initial_degree_matched,,FZR1,LAPTM5,FZR1|LAPTM5,False,cytoplasm;nucleus,lysosome;membrane,,True,True,False,True,True,False,False,False,0.1911,LIHC,LIHC|LIHC_GSE98638_expression_Celltype_majorlineage|Tprolif
E3|Q9UM11|P11686,E3|Q9UM11,E3,Q9UM11,P11686,FZR1,SFTPC,CDC20,0,neg2x_initial_degree_matched,,FZR1,SFTPC,FZR1|SFTPC,False,cytoplasm;nucleus,extracellular,,True,True,False,True,True,False,False,False,0.0017,LIHC,LIHC|LIHC_GSE98638_expression_Celltype_majorlineage|Treg
E3|Q9UM11|Q15388,E3|Q9UM11,E3,Q9UM11,Q15388,FZR1,TOMM20,CDC20,0,neg2x_initial_degree_matched,,FZR1,TOMM20,FZR1|TOMM20,False,cytoplasm;nucleus,membrane;mitochondrion,,True,True,False,True,True,False,False,False,0.1911,LIHC,LIHC|LIHC_GSE98638_expression_Celltype_majorlineage|Tprolif
E3|Q9UM11|O15399,E3|Q9UM11,E3,Q9UM11,O15399,FZR1,GRIN2D,CDC20,0,neg2x_initial_degree_matched,,FZR1,GRIN2D,FZR1|GRIN2D,False,cytoplasm;nucleus,membrane;plasma_membrane,,True,True,False,True,True,False,False,False,0.05712,CRC,CRC|CRC_GSE166555_expression_Celltype_majorlineage|Malignant
E3|Q9UM11|Q9UNK0,E3|Q9UM11,E3,Q9UM11,Q9UNK0,FZR1,STX8,CDC20,0,neg2x_initial_degree_matched,,FZR1,STX8,FZR1|STX8,False,cytoplasm;nucleus,endosome;membrane;plasma_membrane,,True,True,False,True,True,False,False,False,0.1911,LIHC,LIHC|LIHC_GSE98638_expression_Celltype_majorlineage|Tprolif
E3|Q9UM11|P10586,E3|Q9UM11,E3,Q9UM11,P10586,FZR1,PTPRF,CDC20,0,neg2x_initial_degree_matched,,FZR1,PTPRF,FZR1|PTPRF,False,cytoplasm;nucleus,membrane,,True,True,False,True,True,False,False,False,0.15826,CRC,CRC|CRC_GSE166555_expression_Celltype_majorlineage|Malignant
E3|Q9UM11|O43561,E3|Q9UM11,E3,Q9UM11,O43561,FZR1,LAT,CDC20,0,neg2x_initial_degree_matched,,FZR1,LAT,FZR1|LAT,False,cytoplasm;nucleus,membrane;plasma_membrane,,True,True,False,True,True,False,False,False,0.1911,LIHC,LIHC|LIHC_GSE98638_expression_Celltype_majorlineage|Tprolif
E3|Q9UM11|Q96LA5,E3|Q9UM11,E3,Q9UM11,Q96LA5,FZR1,FCRL2,CDC20,0,neg2x_initial_degree_matched,,FZR1,FCRL2,FCRL2|FZR1,False,cytoplasm;nucleus,membrane;plasma_membrane,,True,True,False,True,True,False,False,False,0.07009,CRC,CRC|CRC_GSE146771_Smartseq2_expression_Celltype_majorlineage|Tprolif
E3|Q9UM11|Q30167,E3|Q9UM11,E3,Q9UM11,Q30167,FZR1,HLA-DRB1,CDC20,0,neg2x_initial_degree_matched,,FZR1,HLA-DRB1,FZR1|HLA-DRB1,False,cytoplasm;nucleus,,,True,False,False,True,True,False,False,False,0.1911,LIHC,LIHC|LIHC_GSE98638_expression_Celltype_majorlineage|Tprolif
E3|Q9UM11|Q8WU17,E3|Q9UM11,E3,Q9UM11,Q8WU17,FZR1,RNF139,CDC20,0,neg2x_initial_degree_matched,,FZR1,RNF139,FZR1|RNF139,False,cytoplasm;nucleus,endoplasmic_reticulum;membrane,,True,True,False,True,True,False,False,False,0.1911,LIHC,LIHC|LIHC_GSE98638_expression_Celltype_majorlineage|Tprolif
E3|Q9UM11|Q15386,E3|Q9UM11,E3,Q9UM11,Q15386,FZR1,UBE3C,CDC20,0,neg2x_initial_degree_matched,,FZR1,UBE3C,FZR1|UBE3C,False,cytoplasm;nucleus,,,True,False,False,True,True,False,False,False,0.18564,LIHC,LIHC|LIHC_GSE98638_expression_Celltype_majorlineage|Tprolif
E3|Q9UM11|F5HEZ4,E3|Q9UM11,E3,Q9UM11,F5HEZ4,FZR1,ORF71,CDC20,0,neg2x_initial_degree_matched,,FZR1,ORF71,FZR1|ORF71,False,cytoplasm;nucleus,,,True,False,False,False,False,False,False,False,0.0,CRC,NA
E3|Q9UM11|Q13873,E3|Q9UM11,E3,Q9UM11,Q13873,FZR1,BMPR2,CDC20,0,neg2x_initial_degree_matched,,FZR1,BMPR2,BMPR2|FZR1,False,cytoplasm;nucleus,membrane;plasma_membrane,,True,True,False,True,True,False,False,False,0.15826,CRC,CRC|CRC_GSE166555_expression_Celltype_majorlineage|Malignant
E3|Q9UM11|P55085,E3|Q9UM11,E3,Q9UM11,P55085,FZR1,F2RL1,CDC20,0,neg2x_initial_degree_matched,,FZR1,F2RL1,F2RL1|FZR1,False,cytoplasm;nucleus,membrane;plasma_membrane,,True,True,False,True,True,False,False,False,0.15826,CRC,CRC|CRC_GSE166555_expression_Celltype_majorlineage|Malignant
E3|Q9UMS4|P19174,E3|Q9UMS4,E3,Q9UMS4,P19174,PRPF19,PLCG1,DWD,0,neg2x_initial_degree_matched,,PRPF19,PLCG1,PLCG1|PRPF19,False,cytoplasm;cytoskeleton;nucleus,,,True,False,False,True,True,False,False,False,0.15849,CRC,CRC|CRC_EMTAB8107_expression_Celltype_majorlineage|Endothelial
E3|Q9UMS4|P05777,E3|Q9UMS4,E3,Q9UMS4,P05777,PRPF19,M,DWD,0,neg2x_initial_degree_matched,,PRPF19,M,M|PRPF19,False,cytoplasm;cytoskeleton;nucleus,,,True,False,False,False,False,False,False,False,0.0,CRC,NA
E3|Q9UMS4|O15519,E3|Q9UMS4,E3,Q9UMS4,O15519,PRPF19,CFLAR,DWD,0,neg2x_initial_degree_matched,,PRPF19,CFLAR,CFLAR|PRPF19,False,cytoplasm;cytoskeleton;nucleus,,,True,False,False,True,True,False,False,False,0.284,LIHC,LIHC|LIHC_GSE140228_10X_expression_Celltype_majorlineage|Tprolif
E3|Q9UNE7|Q8N8V4,E3|Q9UNE7,E3,Q9UNE7,Q8N8V4,STUB1,ANKS4B,UBOX,0,neg2x_initial_degree_matched,,STUB1,ANKS4B,ANKS4B|STUB1,False,cytoplasm;mitochondrion;nucleus,endoplasmic_reticulum,,True,True,False,True,True,False,False,False,0.32256,CRC,CRC|CRC_GSE166555_expression_Celltype_majorlineage|Epithelial
E3|Q9UNE7|P03345,E3|Q9UNE7,E3,Q9UNE7,P03345,STUB1,gag,UBOX,0,neg2x_initial_degree_matched,,STUB1,GAG,GAG|STUB1,False,cytoplasm;mitochondrion;nucleus,,,True,False,False,False,False,False,False,False,0.0,CRC,NA
E3|Q9UNE7|Q9GIY3,E3|Q9UNE7,E3,Q9UNE7,Q9GIY3,STUB1,HLA-DRB1,UBOX,0,neg2x_initial_degree_matched,,STUB1,HLA-DRB1,HLA-DRB1|STUB1,False,cytoplasm;mitochondrion;nucleus,,,True,False,False,True,True,False,False,False,0.59078,CRC,CRC|CRC_GSE166555_expression_Celltype_majorlineage|Tprolif
E3|Q9UNE7|P17302,E3|Q9UNE7,E3,Q9UNE7,P17302,STUB1,GJA1,UBOX,0,neg2x_initial_degree_matched,,STUB1,GJA1,GJA1|STUB1,False,cytoplasm;mitochondrion;nucleus,cell_junction;endoplasmic_reticulum;membrane;plasma_membrane,,True,True,False,True,True,False,False,False,0.49455,CRC,CRC|CRC_GSE166555_expression_Celltype_majorlineage|Endothelial
E3|Q9UNE7|Q8IZG5,E3|Q9UNE7,E3,Q9UNE7,Q8IZG5,STUB1,SS18,UBOX,0,neg2x_initial_degree_matched,,STUB1,SS18,SS18|STUB1,False,cytoplasm;mitochondrion;nucleus,,,True,False,False,True,True,False,False,False,0.36103,LIHC,LIHC|LIHC_GSE98638_expression_Celltype_majorlineage|Tprolif
E3|Q9UNE7|P30304,E3|Q9UNE7,E3,Q9UNE7,P30304,STUB1,CDC25A,UBOX,0,neg2x_initial_degree_matched,,STUB1,CDC25A,CDC25A|STUB1,False,cytoplasm;mitochondrion;nucleus,,,True,False,False,True,True,False,False,False,0.15265,CRC,CRC|CRC_GSE166555_expression_Celltype_majorlineage|Tprolif
E3|Q9UNE7|P29965,E3|Q9UNE7,E3,Q9UNE7,P29965,STUB1,CD40LG,UBOX,0,neg2x_initial_degree_matched,,STUB1,CD40LG,CD40LG|STUB1,False,cytoplasm;mitochondrion;nucleus,cytoskeleton;extracellular;membrane;plasma_membrane,,True,True,False,True,True,False,False,False,0.36322,CRC,CRC|CRC_GSE166555_expression_Celltype_majorlineage|CD4Tconv
E3|Q9UNE7|Q9NRC1,E3|Q9UNE7,E3,Q9UNE7,Q9NRC1,STUB1,ST7,UBOX,0,neg2x_initial_degree_matched,,STUB1,ST7,ST7|STUB1,False,cytoplasm;mitochondrion;nucleus,membrane,,True,True,False,True,True,False,False,False,0.24342,CRC,CRC|CRC_GSE146771_Smartseq2_expression_Celltype_majorlineage|Fibroblasts
E3|Q9UNE7|Q6MZQ0,E3|Q9UNE7,E3,Q9UNE7,Q6MZQ0,STUB1,PRR5L,UBOX,0,neg2x_initial_degree_matched,,STUB1,PRR5L,PRR5L|STUB1,False,cytoplasm;mitochondrion;nucleus,,,True,False,False,True,True,False,False,False,0.37115,CRC,CRC|CRC_GSE166555_expression_Celltype_majorlineage|Epithelial
E3|Q9UNE7|P55061,E3|Q9UNE7,E3,Q9UNE7,P55061,STUB1,TMBIM6,UBOX,0,neg2x_initial_degree_matched,,STUB1,TMBIM6,STUB1|TMBIM6,False,cytoplasm;mitochondrion;nucleus,endoplasmic_reticulum;membrane,,True,True,False,True,True,False,False,False,0.72719,CRC,CRC|CRC_GSE166555_expression_Celltype_majorlineage|Myofibroblasts
E3|Q9UNE7|Q05586,E3|Q9UNE7,E3,Q9UNE7,Q05586,STUB1,GRIN1,UBOX,0,neg2x_initial_degree_matched,,STUB1,GRIN1,GRIN1|STUB1,False,cytoplasm;mitochondrion;nucleus,endoplasmic_reticulum;membrane;plasma_membrane,,True,True,False,True,True,False,False,False,0.05253,LIHC,LIHC|LIHC_GSE140228_10X_expression_Celltype_majorlineage|ILC
E3|Q9UNE7|O00238,E3|Q9UNE7,E3,Q9UNE7,O00238,STUB1,BMPR1B,UBOX,0,neg2x_initial_degree_matched,,STUB1,BMPR1B,BMPR1B|STUB1,False,cytoplasm;mitochondrion;nucleus,membrane;plasma_membrane,,True,True,False,True,True,False,False,False,0.02685,CRC,CRC|CRC_GSE166555_expression_Celltype_majorlineage|Fibroblasts
E3|Q9UNE7|P53805,E3|Q9UNE7,E3,Q9UNE7,P53805,STUB1,RCAN1,UBOX,0,neg2x_initial_degree_matched,,STUB1,RCAN1,RCAN1|STUB1,False,cytoplasm;mitochondrion;nucleus,,,True,False,False,True,True,False,False,False,0.49079,CRC,CRC|CRC_EMTAB8107_expression_Celltype_majorlineage|Enteric glial
E3|Q9UNE7|P98155,E3|Q9UNE7,E3,Q9UNE7,P98155,STUB1,VLDLR,UBOX,0,neg2x_initial_degree_matched,,STUB1,VLDLR,STUB1|VLDLR,False,cytoplasm;mitochondrion;nucleus,membrane;plasma_membrane,,True,True,False,True,True,False,False,False,0.10203,CRC,CRC|CRC_GSE166555_expression_Celltype_majorlineage|Myofibroblasts
E3|Q9UNE7|P78543,E3|Q9UNE7,E3,Q9UNE7,P78543,STUB1,BTG2,UBOX,0,neg2x_initial_degree_matched,,STUB1,BTG2,BTG2|STUB1,False,cytoplasm;mitochondrion;nucleus,,,True,False,False,True,True,False,False,False,0.72719,CRC,CRC|CRC_GSE166555_expression_Celltype_majorlineage|Myofibroblasts
E3|Q9UNE7|P20039,E3|Q9UNE7,E3,Q9UNE7,P20039,STUB1,HLA-DRB1,UBOX,0,neg2x_initial_degree_matched,,STUB1,HLA-DRB1,HLA-DRB1|STUB1,False,cytoplasm;mitochondrion;nucleus,,,True,False,False,True,True,False,False,False,0.59078,CRC,CRC|CRC_GSE166555_expression_Celltype_majorlineage|Tprolif
E3|Q9UNE7|P43005,E3|Q9UNE7,E3,Q9UNE7,P43005,STUB1,SLC1A1,UBOX,0,neg2x_initial_degree_matched,,STUB1,SLC1A1,SLC1A1|STUB1,False,cytoplasm;mitochondrion;nucleus,endosome;membrane;plasma_membrane,,True,True,False,True,True,False,False,False,0.2176,CRC,CRC|CRC_GSE166555_expression_Celltype_majorlineage|Epithelial
E3|Q9UNE7|Q16875,E3|Q9UNE7,E3,Q9UNE7,Q16875,STUB1,PFKFB3,UBOX,0,neg2x_initial_degree_matched,,STUB1,PFKFB3,PFKFB3|STUB1,False,cytoplasm;mitochondrion;nucleus,,,True,False,False,True,True,False,False,False,0.3859,LIHC,LIHC|LIHC_GSE166635_expression_Celltype_majorlineage|DC
E3|Q9UNE7|Q99541,E3|Q9UNE7,E3,Q9UNE7,Q99541,STUB1,PLIN2,UBOX,0,neg2x_initial_degree_matched,,STUB1,PLIN2,PLIN2|STUB1,False,cytoplasm;mitochondrion;nucleus,membrane,,True,True,False,True,True,False,False,False,0.52409,LIHC,LIHC|LIHC_GSE166635_expression_Celltype_majorlineage|Tprolif
E3|Q9UNE7|Q16625,E3|Q9UNE7,E3,Q9UNE7,Q16625,STUB1,OCLN,UBOX,0,neg2x_initial_degree_matched,,STUB1,OCLN,OCLN|STUB1,False,cytoplasm;mitochondrion;nucleus,cell_junction;membrane;plasma_membrane,,True,True,False,True,True,False,False,False,0.30268,LIHC,LIHC|LIHC_GSE166635_expression_Celltype_majorlineage|Malignant
E3|Q9UNE7|P13762,E3|Q9UNE7,E3,Q9UNE7,P13762,STUB1,HLA-DRB4,UBOX,0,neg2x_initial_degree_matched,,STUB1,HLA-DRB4,HLA-DRB4|STUB1,False,cytoplasm;mitochondrion;nucleus,endoplasmic_reticulum;endosome;golgi;lysosome;membrane;plasma_membrane,,True,True,False,True,False,False,False,False,0.15954,CRC,CRC|CRC_GSE139555_expression_Celltype_majorlineage|Mast
E3|Q9UNE7|P10586,E3|Q9UNE7,E3,Q9UNE7,P10586,STUB1,PTPRF,UBOX,0,neg2x_initial_degree_matched,,STUB1,PTPRF,PTPRF|STUB1,False,cytoplasm;mitochondrion;nucleus,membrane,,True,True,False,True,True,False,False,False,0.47903,CRC,CRC|CRC_GSE166555_expression_Celltype_majorlineage|Malignant
E3|Q9UNE7|Q02779,E3|Q9UNE7,E3,Q9UNE7,Q02779,STUB1,MAP3K10,UBOX,0,neg2x_initial_degree_matched,,STUB1,MAP3K10,MAP3K10|STUB1,False,cytoplasm;mitochondrion;nucleus,,,True,False,False,True,True,False,False,False,0.1055,CRC,CRC|CRC_GSE146771_Smartseq2_expression_Celltype_majorlineage|Endothelial
E3|Q9UNE7|Q12913,E3|Q9UNE7,E3,Q9UNE7,Q12913,STUB1,PTPRJ,UBOX,0,neg2x_initial_degree_matched,,STUB1,PTPRJ,PTPRJ|STUB1,False,cytoplasm;mitochondrion;nucleus,cell_junction;extracellular;membrane;plasma_membrane,,True,True,False,True,True,False,False,False,0.39588,CRC,CRC|CRC_GSE166555_expression_Celltype_majorlineage|Mono/Macro
E3|Q9UNE7|P08514,E3|Q9UNE7,E3,Q9UNE7,P08514,STUB1,ITGA2B,UBOX,0,neg2x_initial_degree_matched,,STUB1,ITGA2B,ITGA2B|STUB1,False,cytoplasm;mitochondrion;nucleus,membrane,,True,True,False,True,True,False,False,False,0.18501,CRC,CRC|CRC_GSE166555_expression_Celltype_majorlineage|Mast
E3|Q9UNE7|P60903,E3|Q9UNE7,E3,Q9UNE7,P60903,STUB1,S100A10,UBOX,0,neg2x_initial_degree_matched,,STUB1,S100A10,S100A10|STUB1,False,cytoplasm;mitochondrion;nucleus,,,True,False,False,True,True,False,False,False,0.59078,CRC,CRC|CRC_GSE166555_expression_Celltype_majorlineage|Tprolif
E3|Q9UNE7|Q15386,E3|Q9UNE7,E3,Q9UNE7,Q15386,STUB1,UBE3C,UBOX,0,neg2x_initial_degree_matched,,STUB1,UBE3C,STUB1|UBE3C,False,cytoplasm;mitochondrion;nucleus,,,True,False,False,True,True,False,False,False,0.26487,CRC,CRC|CRC_GSE166555_expression_Celltype_majorlineage|Endothelial
E3|Q9UNE7|P78380,E3|Q9UNE7,E3,Q9UNE7,P78380,STUB1,OLR1,UBOX,0,neg2x_initial_degree_matched,,STUB1,OLR1,OLR1|STUB1,False,cytoplasm;mitochondrion;nucleus,extracellular;membrane;plasma_membrane,,True,True,False,True,True,False,False,False,0.39588,CRC,CRC|CRC_GSE166555_expression_Celltype_majorlineage|Mono/Macro
E3|Q9UNE7|P05556,E3|Q9UNE7,E3,Q9UNE7,P05556,STUB1,ITGB1,UBOX,0,neg2x_initial_degree_matched,,STUB1,ITGB1,ITGB1|STUB1,False,cytoplasm;mitochondrion;nucleus,cell_junction;endosome;membrane;plasma_membrane,,True,True,False,True,True,False,False,False,0.72719,CRC,CRC|CRC_GSE166555_expression_Celltype_majorlineage|Myofibroblasts
E3|Q9UNE7|Q29974,E3|Q9UNE7,E3,Q9UNE7,Q29974,STUB1,HLA-DRB1,UBOX,0,neg2x_initial_degree_matched,,STUB1,HLA-DRB1,HLA-DRB1|STUB1,False,cytoplasm;mitochondrion;nucleus,,,True,False,False,True,True,False,False,False,0.59078,CRC,CRC|CRC_GSE166555_expression_Celltype_majorlineage|Tprolif
E3|Q9UNE7|P35626,E3|Q9UNE7,E3,Q9UNE7,P35626,STUB1,ADRBK2,UBOX,0,neg2x_initial_degree_matched,,STUB1,ADRBK2,ADRBK2|STUB1,False,cytoplasm;mitochondrion;nucleus,,,True,False,False,True,True,False,False,False,0.39494,LIHC,LIHC|LIHC_GSE166635_expression_Celltype_majorlineage|Mono/Macro
E3|Q9UNE7|Q9Y6W8,E3|Q9UNE7,E3,Q9UNE7,Q9Y6W8,STUB1,ICOS,UBOX,0,neg2x_initial_degree_matched,,STUB1,ICOS,ICOS|STUB1,False,cytoplasm;mitochondrion;nucleus,extracellular;membrane;plasma_membrane,,True,True,False,True,True,False,False,False,0.59078,CRC,CRC|CRC_GSE166555_expression_Celltype_majorlineage|Tprolif
E3|Q9UNE7|O95859,E3|Q9UNE7,E3,Q9UNE7,O95859,STUB1,TSPAN12,UBOX,0,neg2x_initial_degree_matched,,STUB1,TSPAN12,STUB1|TSPAN12,False,cytoplasm;mitochondrion;nucleus,membrane;plasma_membrane,,True,True,False,True,True,False,False,False,0.49455,CRC,CRC|CRC_GSE166555_expression_Celltype_majorlineage|Endothelial
E3|Q9UNE7|Q9Y5Y9,E3|Q9UNE7,E3,Q9UNE7,Q9Y5Y9,STUB1,SCN10A,UBOX,0,neg2x_initial_degree_matched,,STUB1,SCN10A,SCN10A|STUB1,False,cytoplasm;mitochondrion;nucleus,membrane;plasma_membrane,,True,True,False,True,True,False,False,False,0.00572,LIHC,LIHC|LIHC_GSE140228_Smartseq2_expression_Celltype_majorlineage|DC
E3|Q9UNE7|Q9ULJ7,E3|Q9UNE7,E3,Q9UNE7,Q9ULJ7,STUB1,ANKRD50,UBOX,0,neg2x_initial_degree_matched,,STUB1,ANKRD50,ANKRD50|STUB1,False,cytoplasm;mitochondrion;nucleus,endosome,,True,True,False,True,True,False,False,False,0.36423,CRC,CRC|CRC_GSE166555_expression_Celltype_majorlineage|Endothelial
E3|Q9UNE7|A0A1B0GVQ0,E3|Q9UNE7,E3,Q9UNE7,A0A1B0GVQ0,STUB1,SPAAR,UBOX,0,neg2x_initial_degree_matched,,STUB1,SPAAR,SPAAR|STUB1,False,cytoplasm;mitochondrion;nucleus,endosome;lysosome;membrane,,True,True,False,True,False,False,False,False,0.01151,CRC,CRC|CRC_GSE166555_expression_Celltype_majorlineage|Endothelial
E3|Q9UNE7|P01023,E3|Q9UNE7,E3,Q9UNE7,P01023,STUB1,A2M,UBOX,0,neg2x_initial_degree_matched,,STUB1,A2M,A2M|STUB1,False,cytoplasm;mitochondrion;nucleus,extracellular,,True,True,False,True,True,False,False,False,0.72719,CRC,CRC|CRC_GSE166555_expression_Celltype_majorlineage|Myofibroblasts
E3|Q9UNE7|Q01638,E3|Q9UNE7,E3,Q9UNE7,Q01638,STUB1,IL1RL1,UBOX,0,neg2x_initial_degree_matched,,STUB1,IL1RL1,IL1RL1|STUB1,False,cytoplasm;mitochondrion;nucleus,extracellular;membrane;plasma_membrane,,True,True,False,True,True,False,False,False,0.41236,CRC,CRC|CRC_GSE166555_expression_Celltype_majorlineage|Mast
E3|Q9UNE7|P0C209,E3|Q9UNE7,E3,Q9UNE7,P0C209,STUB1,gag,UBOX,0,neg2x_initial_degree_matched,,STUB1,GAG,GAG|STUB1,False,cytoplasm;mitochondrion;nucleus,,,True,False,False,False,False,False,False,False,0.0,CRC,NA
E3|Q9UNE7|P41595,E3|Q9UNE7,E3,Q9UNE7,P41595,STUB1,HTR2B,UBOX,0,neg2x_initial_degree_matched,,STUB1,HTR2B,HTR2B|STUB1,False,cytoplasm;mitochondrion;nucleus,membrane;plasma_membrane,,True,True,False,True,True,False,False,False,0.07852,LIHC,LIHC|LIHC_GSE146409_expression_Celltype_majorlineage|Fibroblasts
E3|Q9UNE7|O00459,E3|Q9UNE7,E3,Q9UNE7,O00459,STUB1,PIK3R2,UBOX,0,neg2x_initial_degree_matched,,STUB1,PIK3R2,PIK3R2|STUB1,False,cytoplasm;mitochondrion;nucleus,,,True,False,False,True,True,False,False,False,0.28893,LIHC,LIHC|LIHC_GSE98638_expression_Celltype_majorlineage|Tprolif
E3|Q9UNE7|P40189,E3|Q9UNE7,E3,Q9UNE7,P40189,STUB1,IL6ST,UBOX,0,neg2x_initial_degree_matched,,STUB1,IL6ST,IL6ST|STUB1,False,cytoplasm;mitochondrion;nucleus,extracellular;membrane;plasma_membrane,,True,True,False,True,True,False,False,False,0.72719,CRC,CRC|CRC_GSE166555_expression_Celltype_majorlineage|Myofibroblasts
E3|Q9UNE7|Q9BRJ6,E3|Q9UNE7,E3,Q9UNE7,Q9BRJ6,STUB1,C7orf50,UBOX,0,neg2x_initial_degree_matched,,STUB1,C7ORF50,C7ORF50|STUB1,False,cytoplasm;mitochondrion;nucleus,extracellular,,True,True,False,True,True,False,False,False,0.45852,CRC,CRC|CRC_GSE166555_expression_Celltype_majorlineage|Myofibroblasts
E3|Q9UNL4|A9UEZ6,E3|Q9UNL4,E3,Q9UNL4,A9UEZ6,ING4,BCR/ABL fusion,Other,0,neg2x_initial_degree_matched,,ING4,BCR/ABL FUSION,BCR/ABL FUSION|ING4,False,nucleus,,,True,False,False,False,False,False,False,False,0.0,CRC,NA
E3|Q9UPN9|P23458,E3|Q9UPN9,E3,Q9UPN9,P23458,TRIM33,JAK1,RING,0,neg2x_initial_degree_matched,,TRIM33,JAK1,JAK1|TRIM33,False,nucleus,membrane,,True,True,False,True,True,False,False,False,0.42306,LIHC,LIHC|LIHC_GSE98638_expression_Celltype_majorlineage|Others
E3|Q9UPN9|Q8N0X7,E3|Q9UPN9,E3,Q9UPN9,Q8N0X7,TRIM33,SPART,RING,0,neg2x_initial_degree_matched,,TRIM33,SPART,SPART|TRIM33,False,nucleus,cytoplasm,,True,True,False,True,True,False,False,False,0.28656,CRC,CRC|CRC_GSE166555_expression_Celltype_majorlineage|Myofibroblasts
E3|Q9UPN9|Q14324,E3|Q9UPN9,E3,Q9UPN9,Q14324,TRIM33,MYBPC2,RING,0,neg2x_initial_degree_matched,,TRIM33,MYBPC2,MYBPC2|TRIM33,False,nucleus,,,True,False,False,True,True,False,False,False,0.01454,LIHC,LIHC|LIHC_GSE140228_Smartseq2_expression_Celltype_majorlineage|B
E3|Q9UPN9|Q16828,E3|Q9UPN9,E3,Q9UPN9,Q16828,TRIM33,DUSP6,RING,0,neg2x_initial_degree_matched,,TRIM33,DUSP6,DUSP6|TRIM33,False,nucleus,cytoplasm,,True,True,False,True,True,False,False,False,0.3117,LIHC,LIHC|LIHC_GSE140228_Smartseq2_expression_Celltype_majorlineage|Mono/Macro
E3|Q9UPQ4|Q30154,E3|Q9UPQ4,E3,Q9UPQ4,Q30154,TRIM35,HLA-DRB5,RING,0,neg2x_initial_degree_matched,,TRIM35,HLA-DRB5,HLA-DRB5|TRIM35,False,cytoplasm;nucleus,endoplasmic_reticulum;endosome;golgi;lysosome;membrane;plasma_membrane,,True,True,False,True,True,False,False,False,0.19794,LIHC,LIHC|LIHC_GSE98638_expression_Celltype_majorlineage|CD8Tex
E3|Q9UPQ7|P61587,E3|Q9UPQ7,E3,Q9UPQ7,P61587,PDZRN3,RND3,RING,0,neg2x_initial_degree_matched,,PDZRN3,RND3,PDZRN3|RND3,False,cytoplasm,golgi;membrane,,True,True,False,True,True,False,False,False,0.32024,CRC,CRC|CRC_GSE166555_expression_Celltype_majorlineage|Fibroblasts
E3|Q9UPQ7|Q13740,E3|Q9UPQ7,E3,Q9UPQ7,Q13740,PDZRN3,ALCAM,RING,0,neg2x_initial_degree_matched,,PDZRN3,ALCAM,ALCAM|PDZRN3,False,cytoplasm,extracellular;membrane;plasma_membrane,,True,True,False,True,True,False,False,False,0.30057,CRC,CRC|CRC_GSE166555_expression_Celltype_majorlineage|Myofibroblasts
E3|Q9Y252|P53805,E3|Q9Y252,E3,Q9Y252,P53805,RNF6,RCAN1,RING,0,neg2x_initial_degree_matched,,RNF6,RCAN1,RCAN1|RNF6,False,cytoplasm;nucleus,,,True,False,False,True,True,False,False,False,0.22312,CRC,CRC|CRC_GSE146771_Smartseq2_expression_Celltype_majorlineage|Endothelial
E3|Q9Y252|Q96HE7,E3|Q9Y252,E3,Q9Y252,Q96HE7,RNF6,ERO1A,RING,0,neg2x_initial_degree_matched,,RNF6,ERO1A,ERO1A|RNF6,False,cytoplasm;nucleus,endoplasmic_reticulum;extracellular;golgi;membrane,,True,True,False,True,True,False,False,False,0.24701,CRC,CRC|CRC_GSE146771_Smartseq2_expression_Celltype_majorlineage|Tprolif
E3|Q9Y297|Q13571,E3|Q9Y297,E3,Q9Y297,Q13571,BTRC,LAPTM5,F-box,0,neg2x_initial_degree_matched,,BTRC,LAPTM5,BTRC|LAPTM5,False,cytoplasm;nucleus,lysosome;membrane,,True,True,False,True,True,False,False,False,0.1541,LIHC,LIHC|LIHC_GSE179795_expression_Celltype_majorlineage|Mono/Macro
E3|Q9Y297|Q8IZP1,E3|Q9Y297,E3,Q9Y297,Q8IZP1,BTRC,TBC1D3,F-box,0,neg2x_initial_degree_matched,,BTRC,TBC1D3,BTRC|TBC1D3,False,cytoplasm;nucleus,membrane;plasma_membrane,,True,True,False,False,True,False,False,False,0.0006,LIHC,LIHC|LIHC_GSE140228_Smartseq2_expression_Celltype_majorlineage|Mono/Macro
E3|Q9Y297|Q9Y3D6,E3|Q9Y297,E3,Q9Y297,Q9Y3D6,BTRC,FIS1,F-box,0,neg2x_initial_degree_matched,,BTRC,FIS1,BTRC|FIS1,False,cytoplasm;nucleus,membrane;mitochondrion;peroxisome,,True,True,False,True,True,False,False,False,0.1541,LIHC,LIHC|LIHC_GSE179795_expression_Celltype_majorlineage|Mono/Macro
E3|Q9Y297|Q9Y5Y9,E3|Q9Y297,E3,Q9Y297,Q9Y5Y9,BTRC,SCN10A,F-box,0,neg2x_initial_degree_matched,,BTRC,SCN10A,BTRC|SCN10A,False,cytoplasm;nucleus,membrane;plasma_membrane,,True,True,False,True,True,False,False,False,0.00572,LIHC,LIHC|LIHC_GSE140228_Smartseq2_expression_Celltype_majorlineage|DC
E3|Q9Y297|P06576,E3|Q9Y297,E3,Q9Y297,P06576,BTRC,ATP5F1B,F-box,0,neg2x_initial_degree_matched,,BTRC,ATP5F1B,ATP5F1B|BTRC,False,cytoplasm;nucleus,membrane;mitochondrion,,True,True,False,True,True,False,False,False,0.1541,LIHC,LIHC|LIHC_GSE179795_expression_Celltype_majorlineage|Mono/Macro
E3|Q9Y297|O75882,E3|Q9Y297,E3,Q9Y297,O75882,BTRC,ATRN,F-box,0,neg2x_initial_degree_matched,,BTRC,ATRN,ATRN|BTRC,False,cytoplasm;nucleus,extracellular;membrane;plasma_membrane,,True,True,False,True,True,False,False,False,0.13958,LIHC,LIHC|LIHC_GSE98638_expression_Celltype_majorlineage|Treg
E3|Q9Y297|Q15465,E3|Q9Y297,E3,Q9Y297,Q15465,BTRC,SHH,F-box,0,neg2x_initial_degree_matched,,BTRC,SHH,BTRC|SHH,False,cytoplasm;nucleus,endoplasmic_reticulum;extracellular;golgi;membrane;plasma_membrane,,True,True,False,True,True,False,False,False,0.03707,LIHC,LIHC|LIHC_GSE166635_expression_Celltype_majorlineage|Malignant
E3|Q9Y297|P79483,E3|Q9Y297,E3,Q9Y297,P79483,BTRC,HLA-DRB3,F-box,0,neg2x_initial_degree_matched,,BTRC,HLA-DRB3,BTRC|HLA-DRB3,False,cytoplasm;nucleus,endoplasmic_reticulum;endosome;lysosome;membrane;plasma_membrane,,True,True,False,True,False,False,False,False,0.10179,CRC,CRC|CRC_GSE139555_expression_Celltype_majorlineage|Mast
E3|Q9Y297|O43490,E3|Q9Y297,E3,Q9Y297,O43490,BTRC,PROM1,F-box,0,neg2x_initial_degree_matched,,BTRC,PROM1,BTRC|PROM1,False,cytoplasm;nucleus,endoplasmic_reticulum;extracellular;golgi;membrane;plasma_membrane,,True,True,False,True,True,False,False,False,0.0872,LIHC,LIHC|LIHC_GSE140228_Smartseq2_expression_Celltype_majorlineage|NK
E3|Q9Y297|O95140,E3|Q9Y297,E3,Q9Y297,O95140,BTRC,MFN2,F-box,0,neg2x_initial_degree_matched,,BTRC,MFN2,BTRC|MFN2,False,cytoplasm;nucleus,membrane;mitochondrion,,True,True,False,True,True,False,False,False,0.13958,LIHC,LIHC|LIHC_GSE98638_expression_Celltype_majorlineage|Treg
E3|Q9Y297|P54098,E3|Q9Y297,E3,Q9Y297,P54098,BTRC,POLG,F-box,0,neg2x_initial_degree_matched,,BTRC,POLG,BTRC|POLG,False,cytoplasm;nucleus,mitochondrion,,True,True,False,True,True,False,False,False,0.1541,LIHC,LIHC|LIHC_GSE179795_expression_Celltype_majorlineage|Mono/Macro
E3|Q9Y297|O60294,E3|Q9Y297,E3,Q9Y297,O60294,BTRC,LCMT2,F-box,0,neg2x_initial_degree_matched,,BTRC,LCMT2,BTRC|LCMT2,False,cytoplasm;nucleus,,,True,False,False,True,True,False,False,False,0.07149,LIHC,LIHC|LIHC_GSE140228_Smartseq2_expression_Celltype_majorlineage|Tprolif
E3|Q9Y297|Q14896,E3|Q9Y297,E3,Q9Y297,Q14896,BTRC,MYBPC3,F-box,0,neg2x_initial_degree_matched,,BTRC,MYBPC3,BTRC|MYBPC3,False,cytoplasm;nucleus,,,True,False,False,True,True,False,False,False,0.0513,LIHC,LIHC|LIHC_GSE140228_Smartseq2_expression_Celltype_majorlineage|Mono/Macro
E3|Q9Y297|Q7Z434,E3|Q9Y297,E3,Q9Y297,Q7Z434,BTRC,MAVS,F-box,0,neg2x_initial_degree_matched,,BTRC,MAVS,BTRC|MAVS,False,cytoplasm;nucleus,membrane;mitochondrion;peroxisome,,True,True,False,True,True,False,False,False,0.13958,LIHC,LIHC|LIHC_GSE98638_expression_Celltype_majorlineage|Treg
E3|Q9Y297|Q9NV92,E3|Q9Y297,E3,Q9Y297,Q9NV92,BTRC,NDFIP2,F-box,0,neg2x_initial_degree_matched,,BTRC,NDFIP2,BTRC|NDFIP2,False,cytoplasm;nucleus,endosome;golgi;membrane,,True,True,False,True,True,False,False,False,0.13958,LIHC,LIHC|LIHC_GSE98638_expression_Celltype_majorlineage|Treg
E3|Q9Y297|P08393,E3|Q9Y297,E3,Q9Y297,P08393,BTRC,ICP0,F-box,0,neg2x_initial_degree_matched,,BTRC,ICP0,BTRC|ICP0,False,cytoplasm;nucleus,,,True,False,False,False,False,False,False,False,0.0,CRC,NA
E3|Q9Y297|Q9HBA0,E3|Q9Y297,E3,Q9Y297,Q9HBA0,BTRC,TRPV4,F-box,0,neg2x_initial_degree_matched,,BTRC,TRPV4,BTRC|TRPV4,False,cytoplasm;nucleus,cell_junction;endoplasmic_reticulum;membrane;plasma_membrane,,True,True,False,True,True,False,False,False,0.0459,LIHC,LIHC|LIHC_GSE146115_expression_Celltype_majorlineage|Mono/Macro
E3|Q9Y297|Q16611,E3|Q9Y297,E3,Q9Y297,Q16611,BTRC,BAK1,F-box,0,neg2x_initial_degree_matched,,BTRC,BAK1,BAK1|BTRC,False,cytoplasm;nucleus,membrane;mitochondrion,,True,True,False,True,True,False,False,False,0.15222,LIHC,LIHC|LIHC_GSE179795_expression_Celltype_majorlineage|Mono/Macro
E3|Q9Y297|P01023,E3|Q9Y297,E3,Q9Y297,P01023,BTRC,A2M,F-box,0,neg2x_initial_degree_matched,,BTRC,A2M,A2M|BTRC,False,cytoplasm;nucleus,extracellular,,True,True,False,True,True,False,False,False,0.1541,LIHC,LIHC|LIHC_GSE179795_expression_Celltype_majorlineage|Mono/Macro
E3|Q9Y297|Q15386,E3|Q9Y297,E3,Q9Y297,Q15386,BTRC,UBE3C,F-box,0,neg2x_initial_degree_matched,,BTRC,UBE3C,BTRC|UBE3C,False,cytoplasm;nucleus,,,True,False,False,True,True,False,False,False,0.14671,LIHC,LIHC|LIHC_GSE179795_expression_Celltype_majorlineage|Mono/Macro
E3|Q9Y297|Q9UQK1,E3|Q9Y297,E3,Q9Y297,Q9UQK1,BTRC,PPP1R3C,F-box,0,neg2x_initial_degree_matched,,BTRC,PPP1R3C,BTRC|PPP1R3C,False,cytoplasm;nucleus,,,True,False,False,True,True,False,False,False,0.08213,CRC,CRC|CRC_GSE166555_expression_Celltype_majorlineage|Fibroblasts
E3|Q9Y297|O76074,E3|Q9Y297,E3,Q9Y297,O76074,BTRC,PDE5A,F-box,0,neg2x_initial_degree_matched,,BTRC,PDE5A,BTRC|PDE5A,False,cytoplasm;nucleus,,,True,False,False,True,True,False,False,False,0.12244,LIHC,LIHC|LIHC_GSE98638_expression_Celltype_majorlineage|CD8Tex
E3|Q9Y297|O14543,E3|Q9Y297,E3,Q9Y297,O14543,BTRC,SOCS3,F-box,0,neg2x_initial_degree_matched,,BTRC,SOCS3,BTRC|SOCS3,False,cytoplasm;nucleus,,,True,False,False,True,True,False,False,False,0.1541,LIHC,LIHC|LIHC_GSE179795_expression_Celltype_majorlineage|Mono/Macro
E3|Q9Y297|P62253,E3|Q9Y297,E3,Q9Y297,P62253,BTRC,UBE2G1,F-box,0,neg2x_initial_degree_matched,,BTRC,UBE2G1,BTRC|UBE2G1,False,cytoplasm;nucleus,,,True,False,False,True,True,False,False,False,0.13968,LIHC,LIHC|LIHC_GSE179795_expression_Celltype_majorlineage|Mono/Macro
E3|Q9Y297|P01848,E3|Q9Y297,E3,Q9Y297,P01848,BTRC,TRAC,F-box,0,neg2x_initial_degree_matched,,BTRC,TRAC,BTRC|TRAC,False,cytoplasm;nucleus,membrane;plasma_membrane,,True,True,False,True,True,False,False,False,0.0979,LIHC,LIHC|LIHC_GSE140228_Smartseq2_expression_Celltype_majorlineage|Tprolif
E3|Q9Y297|P10586,E3|Q9Y297,E3,Q9Y297,P10586,BTRC,PTPRF,F-box,0,neg2x_initial_degree_matched,,BTRC,PTPRF,BTRC|PTPRF,False,cytoplasm;nucleus,membrane,,True,True,False,True,True,False,False,False,0.08769,CRC,CRC|CRC_GSE166555_expression_Celltype_majorlineage|Fibroblasts
E3|Q9Y297|O60762,E3|Q9Y297,E3,Q9Y297,O60762,BTRC,DPM1,F-box,0,neg2x_initial_degree_matched,,BTRC,DPM1,BTRC|DPM1,False,cytoplasm;nucleus,endoplasmic_reticulum,,True,True,False,True,True,False,False,False,0.13958,LIHC,LIHC|LIHC_GSE98638_expression_Celltype_majorlineage|Treg
E3|Q9Y297|Q14324,E3|Q9Y297,E3,Q9Y297,Q14324,BTRC,MYBPC2,F-box,0,neg2x_initial_degree_matched,,BTRC,MYBPC2,BTRC|MYBPC2,False,cytoplasm;nucleus,,,True,False,False,True,True,False,False,False,0.01454,LIHC,LIHC|LIHC_GSE140228_Smartseq2_expression_Celltype_majorlineage|B
E3|Q9Y297|Q9H9R9,E3|Q9Y297,E3,Q9Y297,Q9H9R9,BTRC,DBNDD1,F-box,0,neg2x_initial_degree_matched,,BTRC,DBNDD1,BTRC|DBNDD1,False,cytoplasm;nucleus,,,True,False,False,True,True,False,False,False,0.07894,LIHC,LIHC|LIHC_GSE146115_expression_Celltype_majorlineage|Malignant
E3|Q9Y297|Q9UKV5,E3|Q9Y297,E3,Q9Y297,Q9UKV5,BTRC,AMFR,F-box,0,neg2x_initial_degree_matched,,BTRC,AMFR,AMFR|BTRC,False,cytoplasm;nucleus,endoplasmic_reticulum;membrane,,True,True,False,True,True,False,False,False,0.13736,LIHC,LIHC|LIHC_GSE98638_expression_Celltype_majorlineage|Treg
E3|Q9Y297|O60858,E3|Q9Y297,E3,Q9Y297,O60858,BTRC,TRIM13,F-box,0,neg2x_initial_degree_matched,,BTRC,TRIM13,BTRC|TRIM13,False,cytoplasm;nucleus,endoplasmic_reticulum;membrane,,True,True,False,True,True,False,False,False,0.13958,LIHC,LIHC|LIHC_GSE98638_expression_Celltype_majorlineage|Treg
E3|Q9Y297|O95147,E3|Q9Y297,E3,Q9Y297,O95147,BTRC,NEK2,F-box,0,neg2x_initial_degree_matched,,BTRC,NEK2,BTRC|NEK2,False,cytoplasm;nucleus,,,True,False,False,True,True,False,False,False,0.11019,LIHC,LIHC|LIHC_GSE98638_expression_Celltype_majorlineage|Tprolif
E3|Q9Y297|P25116,E3|Q9Y297,E3,Q9Y297,P25116,BTRC,F2R,F-box,0,neg2x_initial_degree_matched,,BTRC,F2R,BTRC|F2R,False,cytoplasm;nucleus,membrane;plasma_membrane,,True,True,False,True,True,False,False,False,0.14557,LIHC,LIHC|LIHC_GSE179795_expression_Celltype_majorlineage|Mono/Macro
E3|Q9Y297|P29034,E3|Q9Y297,E3,Q9Y297,P29034,BTRC,S100A2,F-box,0,neg2x_initial_degree_matched,,BTRC,S100A2,BTRC|S100A2,False,cytoplasm;nucleus,,,True,False,False,True,True,False,False,False,0.05935,CRC,CRC|CRC_GSE166555_expression_Celltype_majorlineage|Malignant
E3|Q9Y297|P19429,E3|Q9Y297,E3,Q9Y297,P19429,BTRC,TNNI3,F-box,0,neg2x_initial_degree_matched,,BTRC,TNNI3,BTRC|TNNI3,False,cytoplasm;nucleus,,,True,False,False,True,True,False,False,False,0.03707,LIHC,LIHC|LIHC_GSE166635_expression_Celltype_majorlineage|Malignant
E3|Q9Y297|O95994,E3|Q9Y297,E3,Q9Y297,O95994,BTRC,AGR2,F-box,0,neg2x_initial_degree_matched,,BTRC,AGR2,AGR2|BTRC,False,cytoplasm;nucleus,endoplasmic_reticulum;extracellular,,True,True,False,True,True,False,False,False,0.08274,CRC,CRC|CRC_GSE166555_expression_Celltype_majorlineage|Fibroblasts
E3|Q9Y297|Q99538,E3|Q9Y297,E3,Q9Y297,Q99538,BTRC,LGMN,F-box,0,neg2x_initial_degree_matched,,BTRC,LGMN,BTRC|LGMN,False,cytoplasm;nucleus,lysosome,,True,True,False,True,True,False,False,False,0.1541,LIHC,LIHC|LIHC_GSE179795_expression_Celltype_majorlineage|Mono/Macro
E3|Q9Y297|P04085,E3|Q9Y297,E3,Q9Y297,P04085,BTRC,PDGFA,F-box,0,neg2x_initial_degree_matched,,BTRC,PDGFA,BTRC|PDGFA,False,cytoplasm;nucleus,extracellular,,True,True,False,True,True,False,False,False,0.1238,LIHC,LIHC|LIHC_GSE98638_expression_Celltype_majorlineage|Treg
E3|Q9Y297|Q13794,E3|Q9Y297,E3,Q9Y297,Q13794,BTRC,PMAIP1,F-box,0,neg2x_initial_degree_matched,,BTRC,PMAIP1,BTRC|PMAIP1,False,cytoplasm;nucleus,mitochondrion,,True,True,False,True,True,False,False,False,0.1541,LIHC,LIHC|LIHC_GSE179795_expression_Celltype_majorlineage|Mono/Macro
E3|Q9Y297|Q9BV40,E3|Q9Y297,E3,Q9Y297,Q9BV40,BTRC,VAMP8,F-box,0,neg2x_initial_degree_matched,,BTRC,VAMP8,BTRC|VAMP8,False,cytoplasm;nucleus,endosome;golgi;lysosome;membrane;plasma_membrane,,True,True,False,True,True,False,False,False,0.1541,LIHC,LIHC|LIHC_GSE179795_expression_Celltype_majorlineage|Mono/Macro
E3|Q9Y297|P03345,E3|Q9Y297,E3,Q9Y297,P03345,BTRC,gag,F-box,0,neg2x_initial_degree_matched,,BTRC,GAG,BTRC|GAG,False,cytoplasm;nucleus,,,True,False,False,False,False,False,False,False,0.0,CRC,NA
E3|Q9Y297|Q8NHL6,E3|Q9Y297,E3,Q9Y297,Q8NHL6,BTRC,LILRB1,F-box,0,neg2x_initial_degree_matched,,BTRC,LILRB1,BTRC|LILRB1,False,cytoplasm;nucleus,extracellular;membrane;plasma_membrane,,True,True,False,True,True,False,False,False,0.10644,LIHC,LIHC|LIHC_GSE98638_expression_Celltype_majorlineage|CD8T
E3|Q9Y297|Q9HB29,E3|Q9Y297,E3,Q9Y297,Q9HB29,BTRC,IL1RL2,F-box,0,neg2x_initial_degree_matched,,BTRC,IL1RL2,BTRC|IL1RL2,False,cytoplasm;nucleus,membrane,,True,True,False,True,True,False,False,False,0.0476,LIHC,LIHC|LIHC_GSE140228_Smartseq2_expression_Celltype_majorlineage|DC
E3|Q9Y297|Q92813,E3|Q9Y297,E3,Q9Y297,Q92813,BTRC,DIO2,F-box,0,neg2x_initial_degree_matched,,BTRC,DIO2,BTRC|DIO2,False,cytoplasm;nucleus,endoplasmic_reticulum;membrane,,True,True,False,True,True,False,False,False,0.08769,CRC,CRC|CRC_GSE166555_expression_Celltype_majorlineage|Fibroblasts
E3|Q9Y297|Q03135,E3|Q9Y297,E3,Q9Y297,Q03135,BTRC,CAV1,F-box,0,neg2x_initial_degree_matched,,BTRC,CAV1,BTRC|CAV1,False,cytoplasm;nucleus,golgi;membrane;plasma_membrane,,True,True,False,True,True,False,False,False,0.1541,LIHC,LIHC|LIHC_GSE179795_expression_Celltype_majorlineage|Mono/Macro
E3|Q9Y297|Q9BYM8,E3|Q9Y297,E3,Q9Y297,Q9BYM8,BTRC,RBCK1,F-box,0,neg2x_initial_degree_matched,,BTRC,RBCK1,BTRC|RBCK1,False,cytoplasm;nucleus,,,True,False,False,True,True,False,False,False,0.13958,LIHC,LIHC|LIHC_GSE98638_expression_Celltype_majorlineage|Treg
E3|Q9Y297|Q9UNE0,E3|Q9Y297,E3,Q9Y297,Q9UNE0,BTRC,EDAR,F-box,0,neg2x_initial_degree_matched,,BTRC,EDAR,BTRC|EDAR,False,cytoplasm;nucleus,membrane,,True,True,False,True,True,False,False,False,0.05886,CRC,CRC|CRC_GSE139555_expression_Celltype_majorlineage|Myofibroblasts
E3|Q9Y297|O75473,E3|Q9Y297,E3,Q9Y297,O75473,BTRC,LGR5,F-box,0,neg2x_initial_degree_matched,,BTRC,LGR5,BTRC|LGR5,False,cytoplasm;nucleus,golgi;membrane;plasma_membrane,,True,True,False,True,True,False,False,False,0.0672,CRC,CRC|CRC_GSE166555_expression_Celltype_majorlineage|Malignant
E3|Q9Y297|Q9UKL4,E3|Q9Y297,E3,Q9Y297,Q9UKL4,BTRC,GJD2,F-box,0,neg2x_initial_degree_matched,,BTRC,GJD2,BTRC|GJD2,False,cytoplasm;nucleus,cell_junction;membrane;plasma_membrane,,True,True,False,True,True,False,False,False,0.00041,LIHC,LIHC|LIHC_GSE140228_Smartseq2_expression_Celltype_majorlineage|NK
E3|Q9Y297|Q12913,E3|Q9Y297,E3,Q9Y297,Q12913,BTRC,PTPRJ,F-box,0,neg2x_initial_degree_matched,,BTRC,PTPRJ,BTRC|PTPRJ,False,cytoplasm;nucleus,cell_junction;extracellular;membrane;plasma_membrane,,True,True,False,True,True,False,False,False,0.13958,LIHC,LIHC|LIHC_GSE98638_expression_Celltype_majorlineage|Treg
E3|Q9Y297|P05777,E3|Q9Y297,E3,Q9Y297,P05777,BTRC,M,F-box,0,neg2x_initial_degree_matched,,BTRC,M,BTRC|M,False,cytoplasm;nucleus,,,True,False,False,False,False,False,False,False,0.0,CRC,NA
E3|Q9Y2K7|Q9NRC1,E3|Q9Y2K7,E3,Q9Y2K7,Q9NRC1,KDM2A,ST7,F-box,0,neg2x_initial_degree_matched,,KDM2A,ST7,KDM2A|ST7,False,nucleus,membrane,,True,True,False,True,True,False,False,False,0.32911,LIHC,LIHC|LIHC_GSE140228_Smartseq2_expression_Celltype_majorlineage|Mast
E3|Q9Y2M5|P54829,E3|Q9Y2M5,E3,Q9Y2M5,P54829,KLHL20,STK36,BTB_3,0,neg2x_initial_degree_matched,,KLHL20,STK36,KLHL20|STK36,False,cytoplasm;golgi;nucleus,endoplasmic_reticulum;membrane,,True,True,False,True,True,False,False,False,0.13465,CRC,CRC|CRC_GSE146771_Smartseq2_expression_Celltype_majorlineage|Endothelial
E3|Q9Y314|Q13233,E3|Q9Y314,E3,Q9Y314,Q13233,NOSIP,MAP3K1,UBOX,0,neg2x_initial_degree_matched,,NOSIP,MAP3K1,MAP3K1|NOSIP,False,cytoplasm;nucleus,,,True,False,False,True,True,False,False,False,0.43619,LIHC,LIHC|LIHC_GSE98638_expression_Celltype_majorlineage|CD4Tconv
E3|Q9Y314|Q9HBA0,E3|Q9Y314,E3,Q9Y314,Q9HBA0,NOSIP,TRPV4,UBOX,0,neg2x_initial_degree_matched,,NOSIP,TRPV4,NOSIP|TRPV4,False,cytoplasm;nucleus,cell_junction;endoplasmic_reticulum;membrane;plasma_membrane,,True,True,False,True,True,False,False,False,0.08385,LIHC,LIHC|LIHC_GSE166635_expression_Celltype_majorlineage|Malignant
E3|Q9Y3C5|P42336,E3|Q9Y3C5,E3,Q9Y3C5,P42336,RNF11,PIK3CA,RING,0,neg2x_initial_degree_matched,,RNF11,PIK3CA,PIK3CA|RNF11,False,cytoplasm;endosome;nucleus,,,True,False,False,True,True,False,False,False,0.38762,CRC,CRC|CRC_GSE166555_expression_Celltype_majorlineage|Endothelial
E3|Q9Y3I1|Q04912,E3|Q9Y3I1,E3,Q9Y3I1,Q04912,FBXO7,MST1R,F-box,0,neg2x_initial_degree_matched,,FBXO7,MST1R,FBXO7|MST1R,False,cytoplasm;mitochondrion;nucleus,membrane,,True,True,False,True,True,False,False,False,0.23264,CRC,CRC|CRC_GSE166555_expression_Celltype_majorlineage|Malignant
E3|Q9Y4B6|P29475,E3|Q9Y4B6,E3,Q9Y4B6,P29475,DCAF1,NOS1,Other,0,neg2x_initial_degree_matched,,DCAF1,NOS1,DCAF1|NOS1,False,cytoplasm;cytoskeleton;nucleus;vesicle,membrane;plasma_membrane,,True,True,False,True,True,False,False,False,0.0129,LIHC,LIHC|LIHC_GSE146409_expression_Celltype_majorlineage|Endothelial
E3|Q9Y4B6|P05026,E3|Q9Y4B6,E3,Q9Y4B6,P05026,DCAF1,ATP1B1,Other,0,neg2x_initial_degree_matched,,DCAF1,ATP1B1,ATP1B1|DCAF1,False,cytoplasm;cytoskeleton;nucleus;vesicle,membrane;plasma_membrane,,True,True,False,True,True,False,False,False,0.07892,CRC,CRC|CRC_GSE166555_expression_Celltype_majorlineage|Tprolif
E3|Q9Y4B6|Q92851,E3|Q9Y4B6,E3,Q9Y4B6,Q92851,DCAF1,CASP10,Other,0,neg2x_initial_degree_matched,,DCAF1,CASP10,CASP10|DCAF1,False,cytoplasm;cytoskeleton;nucleus;vesicle,,,True,False,False,True,True,False,False,False,0.06862,LIHC,LIHC|LIHC_GSE179795_expression_Celltype_majorlineage|NK
E3|Q9Y4B6|Q9NZ45,E3|Q9Y4B6,E3,Q9Y4B6,Q9NZ45,DCAF1,CISD1,Other,0,neg2x_initial_degree_matched,,DCAF1,CISD1,CISD1|DCAF1,False,cytoplasm;cytoskeleton;nucleus;vesicle,membrane;mitochondrion,,True,True,False,True,True,False,False,False,0.07892,CRC,CRC|CRC_GSE166555_expression_Celltype_majorlineage|Tprolif
E3|Q9Y4B6|Q7Z2W7,E3|Q9Y4B6,E3,Q9Y4B6,Q7Z2W7,DCAF1,TRPM8,Other,0,neg2x_initial_degree_matched,,DCAF1,TRPM8,DCAF1|TRPM8,False,cytoplasm;cytoskeleton;nucleus;vesicle,endoplasmic_reticulum;membrane;plasma_membrane,,True,True,False,True,True,False,False,False,0.03222,LIHC,LIHC|LIHC_GSE146409_expression_Celltype_majorlineage|Epithelial
E3|Q9Y4B6|O76074,E3|Q9Y4B6,E3,Q9Y4B6,O76074,DCAF1,PDE5A,Other,0,neg2x_initial_degree_matched,,DCAF1,PDE5A,DCAF1|PDE5A,False,cytoplasm;cytoskeleton;nucleus;vesicle,,,True,False,False,True,True,False,False,False,0.05574,CRC,CRC|CRC_GSE166555_expression_Celltype_majorlineage|Malignant
E3|Q9Y4B6|P03129,E3|Q9Y4B6,E3,Q9Y4B6,P03129,DCAF1,E7,Other,0,neg2x_initial_degree_matched,,DCAF1,E7,DCAF1|E7,False,cytoplasm;cytoskeleton;nucleus;vesicle,,,True,False,False,False,False,False,False,False,0.0,CRC,NA
E3|Q9Y4K3|P26006,E3|Q9Y4K3,E3,Q9Y4K3,P26006,TRAF6,ITGA3,RING,0,neg2x_initial_degree_matched,,TRAF6,ITGA3,ITGA3|TRAF6,False,cytoplasm;nucleus,membrane;plasma_membrane,,True,True,False,True,True,False,False,False,0.11894,CRC,CRC|CRC_GSE146771_Smartseq2_expression_Celltype_majorlineage|Fibroblasts
E3|Q9Y4K3|A9UEZ6,E3|Q9Y4K3,E3,Q9Y4K3,A9UEZ6,TRAF6,BCR/ABL fusion,RING,0,neg2x_initial_degree_matched,,TRAF6,BCR/ABL FUSION,BCR/ABL FUSION|TRAF6,False,cytoplasm;nucleus,,,True,False,False,False,False,False,False,False,0.0,CRC,NA
E3|Q9Y4K3|Q9UQK1,E3|Q9Y4K3,E3,Q9Y4K3,Q9UQK1,TRAF6,PPP1R3C,RING,0,neg2x_initial_degree_matched,,TRAF6,PPP1R3C,PPP1R3C|TRAF6,False,cytoplasm;nucleus,,,True,False,False,True,True,False,False,False,0.0871,CRC,CRC|CRC_GSE146771_Smartseq2_expression_Celltype_majorlineage|Fibroblasts
E3|Q9Y4K3|P07333,E3|Q9Y4K3,E3,Q9Y4K3,P07333,TRAF6,CSF1R,RING,0,neg2x_initial_degree_matched,,TRAF6,CSF1R,CSF1R|TRAF6,False,cytoplasm;nucleus,membrane;plasma_membrane,,True,True,False,True,True,False,False,False,0.13599,LIHC,LIHC|LIHC_GSE140228_Smartseq2_expression_Celltype_majorlineage|Tprolif
E3|Q9Y4K3|Q8N6M0,E3|Q9Y4K3,E3,Q9Y4K3,Q8N6M0,TRAF6,OTUD6B,RING,0,neg2x_initial_degree_matched,,TRAF6,OTUD6B,OTUD6B|TRAF6,False,cytoplasm;nucleus,,,True,False,False,True,True,False,False,False,0.22919,CRC,CRC|CRC_GSE139555_expression_Celltype_majorlineage|Myofibroblasts
E3|Q9Y4K3|Q9NV92,E3|Q9Y4K3,E3,Q9Y4K3,Q9NV92,TRAF6,NDFIP2,RING,0,neg2x_initial_degree_matched,,TRAF6,NDFIP2,NDFIP2|TRAF6,False,cytoplasm;nucleus,endosome;golgi;membrane,,True,True,False,True,True,False,False,False,0.22919,CRC,CRC|CRC_GSE139555_expression_Celltype_majorlineage|Myofibroblasts
E3|Q9Y4K3|Q92813,E3|Q9Y4K3,E3,Q9Y4K3,Q92813,TRAF6,DIO2,RING,0,neg2x_initial_degree_matched,,TRAF6,DIO2,DIO2|TRAF6,False,cytoplasm;nucleus,endoplasmic_reticulum;membrane,,True,True,False,True,True,False,False,False,0.08808,CRC,CRC|CRC_GSE146771_Smartseq2_expression_Celltype_majorlineage|Fibroblasts
E3|Q9Y4K3|P01130,E3|Q9Y4K3,E3,Q9Y4K3,P01130,TRAF6,LDLR,RING,0,neg2x_initial_degree_matched,,TRAF6,LDLR,LDLR|TRAF6,False,cytoplasm;nucleus,endosome;golgi;lysosome;membrane;plasma_membrane,,True,True,False,True,True,False,False,False,0.22919,CRC,CRC|CRC_GSE139555_expression_Celltype_majorlineage|Myofibroblasts
E3|Q9Y4K3|O95502,E3|Q9Y4K3,E3,Q9Y4K3,O95502,TRAF6,NPTXR,RING,0,neg2x_initial_degree_matched,,TRAF6,NPTXR,NPTXR|TRAF6,False,cytoplasm;nucleus,membrane,,True,True,False,True,True,False,False,False,0.07189,LIHC,LIHC|LIHC_GSE146115_expression_Celltype_majorlineage|B
E3|Q9Y4K3|P40189,E3|Q9Y4K3,E3,Q9Y4K3,P40189,TRAF6,IL6ST,RING,0,neg2x_initial_degree_matched,,TRAF6,IL6ST,IL6ST|TRAF6,False,cytoplasm;nucleus,extracellular;membrane;plasma_membrane,,True,True,False,True,True,False,False,False,0.22023,LIHC,LIHC|LIHC_GSE98638_expression_Celltype_majorlineage|CD8Tex
E3|Q9Y4K3|Q8NBJ4,E3|Q9Y4K3,E3,Q9Y4K3,Q8NBJ4,TRAF6,GOLM1,RING,0,neg2x_initial_degree_matched,,TRAF6,GOLM1,GOLM1|TRAF6,False,cytoplasm;nucleus,golgi;membrane;plasma_membrane,,True,True,False,True,True,False,False,False,0.22318,CRC,CRC|CRC_GSE139555_expression_Celltype_majorlineage|Myofibroblasts
E3|Q9Y4K3|Q95IE3,E3|Q9Y4K3,E3,Q9Y4K3,Q95IE3,TRAF6,HLA-DRB1,RING,0,neg2x_initial_degree_matched,,TRAF6,HLA-DRB1,HLA-DRB1|TRAF6,False,cytoplasm;nucleus,,,True,False,False,True,True,False,False,False,0.25013,LIHC,LIHC|LIHC_GSE98638_expression_Celltype_majorlineage|CD8T
E3|Q9Y4K3|P22455,E3|Q9Y4K3,E3,Q9Y4K3,P22455,TRAF6,FGFR4,RING,0,neg2x_initial_degree_matched,,TRAF6,FGFR4,FGFR4|TRAF6,False,cytoplasm;nucleus,endoplasmic_reticulum;endosome;extracellular;membrane;plasma_membrane,,True,True,False,True,True,False,False,False,0.11299,CRC,CRC|CRC_GSE139555_expression_Celltype_majorlineage|Myofibroblasts
E3|Q9Y4K3|Q13571,E3|Q9Y4K3,E3,Q9Y4K3,Q13571,TRAF6,LAPTM5,RING,0,neg2x_initial_degree_matched,,TRAF6,LAPTM5,LAPTM5|TRAF6,False,cytoplasm;nucleus,lysosome;membrane,,True,True,False,True,True,False,False,False,0.25013,LIHC,LIHC|LIHC_GSE98638_expression_Celltype_majorlineage|CD8T
E3|Q9Y4K3|Q01151,E3|Q9Y4K3,E3,Q9Y4K3,Q01151,TRAF6,CD83,RING,0,neg2x_initial_degree_matched,,TRAF6,CD83,CD83|TRAF6,False,cytoplasm;nucleus,membrane,,True,True,False,True,True,False,False,False,0.18127,CRC,CRC|CRC_GSE108989_expression_Celltype_majorlineage|CD8T
E3|Q9Y4K3|P29322,E3|Q9Y4K3,E3,Q9Y4K3,P29322,TRAF6,EPHA8,RING,0,neg2x_initial_degree_matched,,TRAF6,EPHA8,EPHA8|TRAF6,False,cytoplasm;nucleus,endosome;membrane;plasma_membrane,,True,True,False,True,True,False,False,False,0.00262,LIHC,LIHC|LIHC_GSE98638_expression_Celltype_majorlineage|CD8Tex
E3|Q9Y4L5|Q08AJ9,E3|Q9Y4L5,E3,Q9Y4L5,Q08AJ9,RNF115,HIST1H2AB,RING,0,neg2x_initial_degree_matched,,RNF115,HIST1H2AB,HIST1H2AB|RNF115,False,cytoplasm;endoplasmic_reticulum;golgi;nucleus,,,True,False,False,True,True,False,False,False,0.2099,CRC,CRC|CRC_GSE139555_expression_Celltype_majorlineage|Tprolif
E3|Q9Y4L5|Q8NHL6,E3|Q9Y4L5,E3,Q9Y4L5,Q8NHL6,RNF115,LILRB1,RING,0,neg2x_initial_degree_matched,,RNF115,LILRB1,LILRB1|RNF115,False,cytoplasm;endoplasmic_reticulum;golgi;nucleus,extracellular;membrane;plasma_membrane,,True,True,False,True,True,False,False,False,0.32331,CRC,CRC|CRC_GSE166555_expression_Celltype_majorlineage|DC
E3|Q9Y4X5|Q15836,E3|Q9Y4X5,E3,Q9Y4X5,Q15836,ARIH1,VAMP3,RING,0,neg2x_initial_degree_matched,,ARIH1,VAMP3,ARIH1|VAMP3,False,cytoplasm;nucleus,endosome;membrane,,True,True,False,True,True,False,False,False,0.58096,CRC,CRC|CRC_GSE166555_expression_Celltype_majorlineage|Endothelial
E3|Q9Y4X5|P46109,E3|Q9Y4X5,E3,Q9Y4X5,P46109,ARIH1,CRKL,RING,0,neg2x_initial_degree_matched,,ARIH1,CRKL,ARIH1|CRKL,False,cytoplasm;nucleus,,,True,False,False,True,True,False,False,False,0.24906,LIHC,LIHC|LIHC_GSE140228_Smartseq2_expression_Celltype_majorlineage|Mast
E3|Q9Y577|Q9H1I8,E3|Q9Y577,E3,Q9Y577,Q9H1I8,TRIM17,ASCC2,RING,0,neg2x_initial_degree_matched,,TRIM17,ASCC2,ASCC2|TRIM17,False,cytoplasm;lysosome,nucleus,,True,True,False,True,True,False,False,False,0.02472,LIHC,LIHC|LIHC_GSE98638_expression_Celltype_majorlineage|CD8T
E3|Q9Y577|Q9P2F8,E3|Q9Y577,E3,Q9Y577,Q9P2F8,TRIM17,SIPA1L2,RING,0,neg2x_initial_degree_matched,,TRIM17,SIPA1L2,SIPA1L2|TRIM17,False,cytoplasm;lysosome,,,True,False,False,True,True,False,False,False,0.02106,LIHC,LIHC|LIHC_GSE98638_expression_Celltype_majorlineage|CD8T
E3|Q9Y577|Q9BQ15,E3|Q9Y577,E3,Q9Y577,Q9BQ15,TRIM17,NABP2,RING,0,neg2x_initial_degree_matched,,TRIM17,NABP2,NABP2|TRIM17,False,cytoplasm;lysosome,nucleus,,True,True,False,True,True,False,False,False,0.02472,LIHC,LIHC|LIHC_GSE98638_expression_Celltype_majorlineage|CD8T
E3|Q9Y577|Q8IXI2,E3|Q9Y577,E3,Q9Y577,Q8IXI2,TRIM17,RHOT1,RING,0,neg2x_initial_degree_matched,,TRIM17,RHOT1,RHOT1|TRIM17,False,cytoplasm;lysosome,membrane;mitochondrion,,True,True,False,True,True,False,False,False,0.02472,LIHC,LIHC|LIHC_GSE98638_expression_Celltype_majorlineage|CD8T
E3|Q9Y577|Q16558,E3|Q9Y577,E3,Q9Y577,Q16558,TRIM17,KCNMB1,RING,0,neg2x_initial_degree_matched,,TRIM17,KCNMB1,KCNMB1|TRIM17,False,cytoplasm;lysosome,membrane,,True,True,False,True,True,False,False,False,0.01224,LIHC,LIHC|LIHC_GSE140228_Smartseq2_expression_Celltype_majorlineage|Mono/Macro
E3|Q9Y6I7|P79483,E3|Q9Y6I7,E3,Q9Y6I7,P79483,WSB1,HLA-DRB3,DWD,0,neg2x_initial_degree_matched,,WSB1,HLA-DRB3,HLA-DRB3|WSB1,False,,endoplasmic_reticulum;endosome;lysosome;membrane;plasma_membrane,,False,True,False,True,False,False,False,False,0.4496,CRC,CRC|CRC_GSE139555_expression_Celltype_majorlineage|Mono/Macro
E3|Q9Y6I7|P17302,E3|Q9Y6I7,E3,Q9Y6I7,P17302,WSB1,GJA1,DWD,0,neg2x_initial_degree_matched,,WSB1,GJA1,GJA1|WSB1,False,,cell_junction;endoplasmic_reticulum;membrane;plasma_membrane,,False,True,False,True,True,False,False,False,0.917,CRC,CRC|CRC_GSE166555_expression_Celltype_majorlineage|Endothelial
E3|Q9Y6I7|Q9Y286,E3|Q9Y6I7,E3,Q9Y6I7,Q9Y286,WSB1,SIGLEC7,DWD,0,neg2x_initial_degree_matched,,WSB1,SIGLEC7,SIGLEC7|WSB1,False,,membrane,,False,True,False,True,True,False,False,False,0.27152,CRC,CRC|CRC_GSE166555_expression_Celltype_majorlineage|Mono/Macro
E3|Q9Y6I7|Q15173,E3|Q9Y6I7,E3,Q9Y6I7,Q15173,WSB1,PPP2R5B,DWD,0,neg2x_initial_degree_matched,,WSB1,PPP2R5B,PPP2R5B|WSB1,False,,cytoplasm,,False,True,False,True,True,False,False,False,0.19631,CRC,CRC|CRC_GSE166555_expression_Celltype_majorlineage|Endothelial
