epoch,train_loss,roc_auc,pr_auc,f1,accuracy,precision,recall,brier,fold,model_name,loss_name,model_clean
0,0.5914848828927065,0.7004491665874952,0.75984960125595,0.6882758620689655,0.635483870967742,0.66005291005291,0.7190201729106628,0.2211838789995289,0,neural_pair_scorer_resmlp_bce,bce,BCE
1,0.4196493358184129,0.7382377468832799,0.792575415978512,0.7017024426350851,0.675,0.7214611872146118,0.6829971181556196,0.2219800364287623,0,neural_pair_scorer_resmlp_bce,bce,BCE
2,0.2997674510265008,0.7332024363724652,0.7905289759578877,0.6708760852407262,0.6637096774193548,0.7417102966841187,0.6123919308357348,0.2441589716886663,0,neural_pair_scorer_resmlp_bce,bce,BCE
3,0.2270148048798243,0.7240211757502824,0.7872373550228711,0.7107093184979137,0.6645161290322581,0.6868279569892473,0.7363112391930836,0.2784702771130995,0,neural_pair_scorer_resmlp_bce,bce,BCE
4,0.1701873145424402,0.7235461464568094,0.7798222738930434,0.6980448950036205,0.6637096774193548,0.7016011644832606,0.6945244956772334,0.2803446863456846,0,neural_pair_scorer_resmlp_bce,bce,BCE
5,0.1072568060495914,0.718397356725887,0.7723638613537518,0.7013177159590044,0.6709677419354839,0.7127976190476191,0.6902017291066282,0.2926360480316768,0,neural_pair_scorer_resmlp_bce,bce,BCE
6,0.1104078694031788,0.7224694133916035,0.7636851806207774,0.707533234859675,0.6806451612903226,0.7257575757575757,0.6902017291066282,0.2881042895054529,0,neural_pair_scorer_resmlp_bce,bce,BCE
7,0.0556573495985223,0.7266971741035141,0.7679648470010545,0.6955223880597015,0.6709677419354839,0.7213622291021672,0.6714697406340058,0.2949899698386706,0,neural_pair_scorer_resmlp_bce,bce,BCE
8,0.0248450817038806,0.7195321489269615,0.76781983910765,0.6801498127340824,0.6556451612903226,0.7082683307332294,0.654178674351585,0.3155630142623384,0,neural_pair_scorer_resmlp_bce,bce,BCE
9,0.0206176755376733,0.7096792496648404,0.7611740021356338,0.7044649184975195,0.6637096774193548,0.6931659693165969,0.7161383285302594,0.3183311858227893,0,neural_pair_scorer_resmlp_bce,bce,BCE
10,0.0246146567619572,0.7221395319378028,0.7641427382398112,0.714183891660727,0.6766129032258065,0.7066290550070522,0.7219020172910663,0.3014329753201433,0,neural_pair_scorer_resmlp_bce,bce,BCE
11,0.0239312344421752,0.7130110523482281,0.7588708875359408,0.7050461975835111,0.6653225806451613,0.6956521739130435,0.7146974063400576,0.3093114455926017,0,neural_pair_scorer_resmlp_bce,bce,BCE
12,0.0137068647204731,0.7159945002164022,0.7609298236237549,0.7072808320950966,0.682258064516129,0.7300613496932515,0.6858789625360231,0.3038038971015587,0,neural_pair_scorer_resmlp_bce,bce,BCE
13,0.0096520074129773,0.7140033357612608,0.756774057289971,0.7050254916241806,0.6733870967741935,0.7128129602356407,0.6974063400576369,0.3115756565536813,0,neural_pair_scorer_resmlp_bce,bce,BCE
0,0.5966885502521808,0.6942664904074299,0.7982077881844936,0.7104042412193505,0.6472962066182405,0.7475592747559274,0.6767676767676768,0.2202254573936552,1,neural_pair_scorer_resmlp_bce,bce,BCE
1,0.4247433184049068,0.7308911260253541,0.8336278202345052,0.7074175824175825,0.6561743341404358,0.7756024096385542,0.6502525252525253,0.2260492978857666,1,neural_pair_scorer_resmlp_bce,bce,BCE
2,0.306031313080054,0.7371195173208597,0.8370686807759231,0.7348586810228802,0.682001614205004,0.7867435158501441,0.6893939393939394,0.250003118155268,1,neural_pair_scorer_resmlp_bce,bce,BCE
3,0.2173300484816233,0.7254847129008202,0.8267694769736549,0.7305151915455746,0.6707021791767555,0.7659279778393352,0.6982323232323232,0.2741342099428581,1,neural_pair_scorer_resmlp_bce,bce,BCE
4,0.1733125687027588,0.7459748491627687,0.8381350997269963,0.7563352826510721,0.6973365617433414,0.7791164658634538,0.7348484848484849,0.2527664159843646,1,neural_pair_scorer_resmlp_bce,bce,BCE
5,0.1346807670898926,0.7578610489684315,0.845541038952143,0.7818520820385333,0.7167070217917676,0.769889840881273,0.7941919191919192,0.2496606095325018,1,neural_pair_scorer_resmlp_bce,bce,BCE
6,0.1088275546446824,0.7493813978713307,0.8429370862662887,0.7720588235294118,0.6997578692493946,0.75,0.7954545454545454,0.2703636582915641,1,neural_pair_scorer_resmlp_bce,bce,BCE
7,0.089949120218173,0.7607916412446614,0.8540575096332125,0.7526595744680851,0.6997578692493946,0.7949438202247191,0.7146464646464646,0.2686964321759774,1,neural_pair_scorer_resmlp_bce,bce,BCE
8,0.0785488629570374,0.7603848891600569,0.856870256538914,0.7578125,0.6997578692493946,0.782258064516129,0.7348484848484849,0.2715235481976739,1,neural_pair_scorer_resmlp_bce,bce,BCE
9,0.0573247648918857,0.7472982057713601,0.8368465688982443,0.7544672402382528,0.7005649717514124,0.7927677329624478,0.7196969696969697,0.2783189352144433,1,neural_pair_scorer_resmlp_bce,bce,BCE
10,0.0731476661390983,0.7409469414502972,0.8381531682531482,0.7584059775840598,0.6868442292171105,0.7481572481572482,0.7689393939393939,0.2847295735302887,1,neural_pair_scorer_resmlp_bce,bce,BCE
11,0.0614341083818521,0.7604018371635821,0.8525661640333866,0.7514990006662225,0.6989507667473769,0.7954866008462623,0.7121212121212122,0.2785130880811041,1,neural_pair_scorer_resmlp_bce,bce,BCE
12,0.045029263322552,0.7445837005400764,0.8442447922529143,0.758576874205845,0.6933010492332526,0.7634271099744245,0.7537878787878788,0.2861567431998079,1,neural_pair_scorer_resmlp_bce,bce,BCE
13,0.0556573528223312,0.7409780127900933,0.8368603015103144,0.7617260787992496,0.6924939467312349,0.7546468401486989,0.7689393939393939,0.2848471052904845,1,neural_pair_scorer_resmlp_bce,bce,BCE
14,0.0331492816121914,0.7529687252841615,0.8462846440825733,0.7525773195876289,0.6900726392251816,0.7684210526315789,0.7373737373737373,0.2837973502072564,1,neural_pair_scorer_resmlp_bce,bce,BCE
15,0.0101102387759452,0.7513473662802521,0.8458839836813073,0.7580853816300129,0.6981436642453591,0.7771883289124668,0.73989898989899,0.2858513215964652,1,neural_pair_scorer_resmlp_bce,bce,BCE
16,0.0062067302388664,0.7482783653085666,0.8451021731285612,0.7478827361563518,0.6876513317191283,0.7725437415881561,0.7247474747474747,0.2925571033630022,1,neural_pair_scorer_resmlp_bce,bce,BCE
17,0.0049658794305287,0.7510860845592389,0.8447213267564857,0.7622107969151671,0.7013720742534302,0.7761780104712042,0.7487373737373737,0.2835687964660383,1,neural_pair_scorer_resmlp_bce,bce,BCE
18,0.003516042443852,0.750042370008813,0.8483126764500375,0.7559055118110236,0.6997578692493946,0.7868852459016393,0.7272727272727273,0.2886958730764535,1,neural_pair_scorer_resmlp_bce,bce,BCE
19,0.0030841610583966,0.7495734752446163,0.847629603883814,0.7635658914728682,0.7046004842615012,0.7817460317460317,0.7462121212121212,0.2849349370178635,1,neural_pair_scorer_resmlp_bce,bce,BCE
20,0.0027863008861179,0.7513275936094728,0.8490971825874816,0.7624595469255664,0.7037933817594835,0.7822045152722443,0.7436868686868687,0.2848336016908272,1,neural_pair_scorer_resmlp_bce,bce,BCE
0,0.6101678426449115,0.7612130987617368,0.8453814078401867,0.7635179153094462,0.7070217917675545,0.7670157068062827,0.7600518806744487,0.1907288738019146,2,neural_pair_scorer_resmlp_bce,bce,BCE
1,0.4368016834442432,0.7517348986220582,0.8410070660127477,0.728421052631579,0.6876513317191283,0.7935779816513762,0.6731517509727627,0.2161932373932559,2,neural_pair_scorer_resmlp_bce,bce,BCE
2,0.3078521490097046,0.7596818983005753,0.8477788206005937,0.7237410071942446,0.6900726392251816,0.8126009693053312,0.6523994811932555,0.2448651408580812,2,neural_pair_scorer_resmlp_bce,bce,BCE
3,0.2103681973157785,0.7858647333355504,0.8700125025898937,0.7775603392041748,0.7247780468119451,0.7821522309711286,0.7730220492866408,0.2264289703901326,2,neural_pair_scorer_resmlp_bce,bce,BCE
4,0.1751109487735308,0.7854296229782611,0.8689877200814595,0.7665982203969883,0.7247780468119451,0.8115942028985508,0.7263294422827496,0.2403306873525782,2,neural_pair_scorer_resmlp_bce,bce,BCE
5,0.1331375021582994,0.7681817929872404,0.8596682155427353,0.7629000653167864,0.7070217917675545,0.7684210526315789,0.7574578469520103,0.2524927001739321,2,neural_pair_scorer_resmlp_bce,bce,BCE
6,0.1122873450318972,0.7620611482479187,0.8541606672209562,0.7388008270158511,0.6941081517352704,0.788235294117647,0.695201037613489,0.2723694410208574,2,neural_pair_scorer_resmlp_bce,bce,BCE
7,0.0861817568731613,0.7729832496369462,0.8593256799633469,0.7520435967302452,0.7062146892655368,0.7919655667144907,0.7159533073929961,0.2722344665864115,2,neural_pair_scorer_resmlp_bce,bce,BCE
8,0.0760598743382172,0.7815940004655958,0.8704370324951005,0.7531943510423672,0.7037933817594835,0.7821229050279329,0.7263294422827496,0.2641418746050721,2,neural_pair_scorer_resmlp_bce,bce,BCE
9,0.0764101256544773,0.7565793120267827,0.852950546942564,0.7339699863574352,0.6852300242130751,0.7741007194244605,0.6977950713359273,0.2836445730818347,2,neural_pair_scorer_resmlp_bce,bce,BCE
10,0.0576205813349821,0.782202323544736,0.8633846662169558,0.7622895622895622,0.7150928167877321,0.7927170868347339,0.7341115434500648,0.2596241632711387,2,neural_pair_scorer_resmlp_bce,bce,BCE
11,0.051515156092743,0.7682261354440343,0.8511401064916336,0.7558216899534265,0.7037933817594835,0.7759562841530054,0.7367055771725033,0.2687149360151565,2,neural_pair_scorer_resmlp_bce,bce,BCE
12,0.0444423259498599,0.7843446184885875,0.8638214532736771,0.7695287282117496,0.711864406779661,0.7660668380462725,0.7730220492866408,0.2640265630918516,2,neural_pair_scorer_resmlp_bce,bce,BCE
13,0.0387822512823801,0.7638473178356446,0.851203305908597,0.7471341874578556,0.6973365617433414,0.7780898876404494,0.7185473411154345,0.2794583201994113,2,neural_pair_scorer_resmlp_bce,bce,BCE
14,0.0257385828090497,0.7645761969691931,0.85529993756181,0.7635887360838245,0.70863599677159,0.7711640211640212,0.7561608300907912,0.2746374670474935,2,neural_pair_scorer_resmlp_bce,bce,BCE
15,0.0151668280148162,0.7745213786069817,0.8586330927277286,0.7654320987654321,0.70863599677159,0.7669270833333334,0.7639429312581063,0.2738546648643036,2,neural_pair_scorer_resmlp_bce,bce,BCE
16,0.01101489777629,0.7700691188045274,0.8539908248082309,0.7575150300601202,0.7070217917675545,0.78099173553719,0.7354085603112841,0.2792930850165659,2,neural_pair_scorer_resmlp_bce,bce,BCE
17,0.009261515809414,0.7698737348542796,0.8576082133094063,0.7603414313854235,0.705407586763519,0.7699468085106383,0.7509727626459144,0.2798537166278822,2,neural_pair_scorer_resmlp_bce,bce,BCE
18,0.006883639745259,0.7852564102564102,0.8647889110731449,0.7730542838456508,0.7199354317998385,0.7796833773087071,0.7665369649805448,0.2679645325116393,2,neural_pair_scorer_resmlp_bce,bce,BCE
19,0.0060694591009404,0.7793519349939584,0.8618252742655305,0.76184122748499,0.711864406779661,0.7843406593406593,0.7405966277561609,0.2726321167802153,2,neural_pair_scorer_resmlp_bce,bce,BCE
20,0.0041918450912747,0.7747320052767523,0.8587236301169847,0.7608409986859396,0.7062146892655368,0.7709720372836218,0.7509727626459144,0.2782402992332224,2,neural_pair_scorer_resmlp_bce,bce,BCE
0,0.5947751372288435,0.718768346482228,0.8087938278764117,0.7666078777189889,0.6795803066989508,0.7086956521739131,0.8348271446862996,0.2070840940476742,3,neural_pair_scorer_resmlp_bce,bce,BCE
1,0.4163276423246432,0.7411028297614187,0.8375748853597136,0.7496774193548387,0.6868442292171105,0.7555266579973993,0.7439180537772087,0.2176261871776608,3,neural_pair_scorer_resmlp_bce,bce,BCE
2,0.310168105440262,0.7551873368036723,0.8335953848886233,0.714183891660727,0.6763518966908797,0.8054662379421221,0.6414852752880922,0.2313673652799821,3,neural_pair_scorer_resmlp_bce,bce,BCE
3,0.2329906549973365,0.7468255343893452,0.8378386739777077,0.727147766323024,0.6795803066989508,0.7848664688427299,0.677336747759283,0.252170218219454,3,neural_pair_scorer_resmlp_bce,bce,BCE
4,0.1708043615023295,0.7252542647708403,0.8130970945759181,0.7098121085594989,0.6634382566585957,0.7774390243902439,0.6530089628681178,0.2992976830974587,3,neural_pair_scorer_resmlp_bce,bce,BCE
5,0.1256190952964318,0.7409155209142908,0.826854574489258,0.7411371237458194,0.6876513317191283,0.7759103641456583,0.7093469910371318,0.2692864537122285,3,neural_pair_scorer_resmlp_bce,bce,BCE
6,0.1169772942860921,0.7367220392621708,0.8136042767326054,0.7480417754569191,0.688458434221146,0.762982689747004,0.7336747759282971,0.268730039643254,3,neural_pair_scorer_resmlp_bce,bce,BCE
7,0.0852485866978382,0.7515963186822402,0.828714638231755,0.7419786096256684,0.688458434221146,0.7762237762237763,0.7106274007682458,0.2772885301642872,3,neural_pair_scorer_resmlp_bce,bce,BCE
8,0.0816864744783976,0.7517333057495428,0.8324076703952168,0.759235668789809,0.6949152542372882,0.7553865652724968,0.7631241997439181,0.273730621875678,3,neural_pair_scorer_resmlp_bce,bce,BCE
9,0.0490400959045077,0.7516214795721531,0.8323739988201785,0.7468269873079493,0.6941081517352704,0.7807262569832403,0.7157490396927016,0.278070320691437,3,neural_pair_scorer_resmlp_bce,bce,BCE
10,0.0252953113104479,0.7507045049175561,0.8280052141004767,0.7611650485436893,0.7021791767554479,0.7696335078534031,0.7528809218950064,0.2814866494670026,3,neural_pair_scorer_resmlp_bce,bce,BCE
11,0.0130672499459857,0.7429074246990479,0.8255322090227407,0.7467191601049868,0.688458434221146,0.765814266487214,0.7285531370038413,0.295097614453578,3,neural_pair_scorer_resmlp_bce,bce,BCE
12,0.0119092869452941,0.7564146291005261,0.8314318763264069,0.7567567567567568,0.7021791767554479,0.779891304347826,0.734955185659411,0.2818343711756677,3,neural_pair_scorer_resmlp_bce,bce,BCE
13,0.0155688750927742,0.7556304480315797,0.8343678394019307,0.7592954990215264,0.7021791767554479,0.773936170212766,0.7451984635083226,0.2842677662673731,3,neural_pair_scorer_resmlp_bce,bce,BCE
14,0.00787378297462,0.746105653372398,0.8308114433938851,0.739853626081171,0.6844229217110573,0.7700831024930748,0.7119078104993598,0.3007062461096159,3,neural_pair_scorer_resmlp_bce,bce,BCE
15,0.0057628816247392,0.7504333264373857,0.8331698507782443,0.7428949107732981,0.6860371267150929,0.76775956284153,0.7195902688860435,0.2957916302041046,3,neural_pair_scorer_resmlp_bce,bce,BCE
0,0.6052023615592566,0.7146557634465676,0.8144036311168815,0.7360594795539034,0.6561743341404358,0.7021276595744681,0.7734375,0.209718421074986,4,neural_pair_scorer_resmlp_bce,bce,BCE
1,0.4312595534018981,0.7461213950813872,0.8303902487256716,0.744429882044561,0.6852300242130751,0.7493403693931399,0.7395833333333334,0.21973550088443,4,neural_pair_scorer_resmlp_bce,bce,BCE
2,0.3147726330237511,0.7454523841118188,0.8216719613003154,0.7267833109017496,0.672316384180791,0.7520891364902507,0.703125,0.2318739518334802,4,neural_pair_scorer_resmlp_bce,bce,BCE
3,0.2358579914539288,0.7476308165251238,0.827248924133321,0.759075907590759,0.705407586763519,0.7697456492637216,0.7486979166666666,0.2387341471262206,4,neural_pair_scorer_resmlp_bce,bce,BCE
4,0.1777581595457517,0.7649905453821656,0.8330945523971662,0.7823899371069183,0.7207425343018563,0.7566909975669099,0.8098958333333334,0.2403311994640382,4,neural_pair_scorer_resmlp_bce,bce,BCE
5,0.1239834200495328,0.7549332647735315,0.8280652321722727,0.7531270572745227,0.6973365617433414,0.7616511318242344,0.7447916666666666,0.262609974219842,4,neural_pair_scorer_resmlp_bce,bce,BCE
6,0.1183740830001158,0.7505916047416843,0.8271932458539091,0.7376373626373627,0.6916868442292171,0.7805232558139535,0.69921875,0.2693949225889108,4,neural_pair_scorer_resmlp_bce,bce,BCE
7,0.0919745724934798,0.7589238322717622,0.8320940584970742,0.7443105756358769,0.6916868442292171,0.7658402203856749,0.7239583333333334,0.2745720808930639,4,neural_pair_scorer_resmlp_bce,bce,BCE
8,0.0720267493086747,0.7755523487261147,0.8423475661769279,0.7641950567802271,0.7150928167877321,0.7846364883401921,0.7447916666666666,0.2538219624092819,4,neural_pair_scorer_resmlp_bce,bce,BCE
9,0.0769069827137849,0.7623849964614295,0.829425288382015,0.7776365946632783,0.7175141242937854,0.7593052109181141,0.796875,0.2567858505915055,4,neural_pair_scorer_resmlp_bce,bce,BCE
10,0.0631322230761631,0.7418004688605804,0.8191608804497967,0.7672253258845437,0.6973365617433414,0.7330960854092526,0.8046875,0.2754788447512644,4,neural_pair_scorer_resmlp_bce,bce,BCE
11,0.0636274391450943,0.7714719347133758,0.8310281550174969,0.7804878048780488,0.7239709443099274,0.769620253164557,0.7916666666666666,0.2529415753651951,4,neural_pair_scorer_resmlp_bce,bce,BCE
12,0.0456582237608157,0.7802174562101911,0.8472393216088443,0.766042780748663,0.7175141242937854,0.7870879120879121,0.74609375,0.2636549611026305,4,neural_pair_scorer_resmlp_bce,bce,BCE
13,0.0525000257274279,0.7606336805555556,0.836073848819209,0.7765293383270911,0.7110573042776432,0.7458033573141487,0.8098958333333334,0.2659553773380805,4,neural_pair_scorer_resmlp_bce,bce,BCE
14,0.0420926205622844,0.7712148354564756,0.8439979684678129,0.7635632953784327,0.7150928167877321,0.7862068965517242,0.7421875,0.2694961064082626,4,neural_pair_scorer_resmlp_bce,bce,BCE
15,0.0347462767878404,0.7759352331033262,0.8420969555527815,0.7794404684450228,0.7263922518159807,0.7789336801040312,0.7799479166666666,0.2562167225923809,4,neural_pair_scorer_resmlp_bce,bce,BCE
16,0.021817806117141,0.7718327030254777,0.8442463469674616,0.7818877551020408,0.7239709443099274,0.76625,0.7981770833333334,0.2568509514724711,4,neural_pair_scorer_resmlp_bce,bce,BCE
17,0.044939048621111,0.7706785208775656,0.8485041502326381,0.7667103538663171,0.7126715092816788,0.7717678100263852,0.76171875,0.2629272974037194,4,neural_pair_scorer_resmlp_bce,bce,BCE
18,0.0294676681693929,0.7813633448336872,0.8476353759528983,0.7940797940797941,0.741727199354318,0.7849872773536896,0.8033854166666666,0.2429552852558758,4,neural_pair_scorer_resmlp_bce,bce,BCE
19,0.0284759778744326,0.765912508846426,0.8342505607307888,0.7726988102692548,0.7070217917675545,0.744270205066345,0.8033854166666666,0.2714285199802667,4,neural_pair_scorer_resmlp_bce,bce,BCE
20,0.0281204168195239,0.7659456829440906,0.837339674212012,0.7703225806451612,0.7126715092816788,0.7634271099744245,0.77734375,0.2703227814647563,4,neural_pair_scorer_resmlp_bce,bce,BCE
21,0.0360400155783654,0.790378405874027,0.8624274206090865,0.7870722433460076,0.7288135593220338,0.7666666666666667,0.80859375,0.2507101747516304,4,neural_pair_scorer_resmlp_bce,bce,BCE
22,0.0256089342232698,0.7775110027423922,0.8493919587435675,0.7682291666666666,0.7126715092816788,0.7682291666666666,0.7682291666666666,0.2655804542762671,4,neural_pair_scorer_resmlp_bce,bce,BCE
23,0.0240287558975605,0.78324597487615,0.8550980265888997,0.7830487033523087,0.7231638418079096,0.7613776137761378,0.8059895833333334,0.25743333885381,4,neural_pair_scorer_resmlp_bce,bce,BCE
24,0.0234772153198719,0.7895310841295118,0.8593702994756339,0.7746113989637305,0.7191283292978208,0.770618556701031,0.7786458333333334,0.2579514021816861,4,neural_pair_scorer_resmlp_bce,bce,BCE
25,0.0226605960335104,0.7705112681351733,0.8443789366305169,0.7561136814276272,0.7021791767554479,0.7677852348993288,0.7447916666666666,0.2760582191980801,4,neural_pair_scorer_resmlp_bce,bce,BCE
26,0.0252286102503347,0.7662013999469215,0.8319040671968004,0.7816236626809314,0.7199354317998385,0.756394640682095,0.80859375,0.2640525381700067,4,neural_pair_scorer_resmlp_bce,bce,BCE
27,0.0096171132873934,0.7790314822186837,0.8414464255106601,0.7784200385356455,0.7215496368038741,0.7680608365019012,0.7890625,0.2594415186654664,4,neural_pair_scorer_resmlp_bce,bce,BCE
28,0.004368341089083,0.7777916003184714,0.8398727737958874,0.7844387755102041,0.7271993543179984,0.76875,0.80078125,0.2585283641956906,4,neural_pair_scorer_resmlp_bce,bce,BCE
29,0.0044333173703844,0.7737111863057324,0.8357764835031535,0.7787042976266838,0.7215496368038741,0.7673830594184576,0.7903645833333334,0.2630897871687314,4,neural_pair_scorer_resmlp_bce,bce,BCE
30,0.0023647038107857,0.7746649416135882,0.8379649266888863,0.7811104020421187,0.7231638418079096,0.7659574468085106,0.796875,0.2649761763393356,4,neural_pair_scorer_resmlp_bce,bce,BCE
31,0.0018580052121064,0.7766222133757962,0.8405883813403616,0.7782051282051282,0.7207425343018563,0.7664141414141414,0.7903645833333334,0.2651385643363427,4,neural_pair_scorer_resmlp_bce,bce,BCE
32,0.0013765803738258,0.7767258824309979,0.8403848059308976,0.7799871712636305,0.7231638418079096,0.7686472819216182,0.7916666666666666,0.265134171355038,4,neural_pair_scorer_resmlp_bce,bce,BCE
33,0.0010053821729693,0.7757831851556971,0.8400642745286397,0.7813299232736572,0.7239709443099274,0.7675879396984925,0.7955729166666666,0.2666489937857664,4,neural_pair_scorer_resmlp_bce,bce,BCE
0,0.4569139129076248,0.7045265013564724,0.7693567110414782,0.618693134822167,0.6282258064516129,0.7262135922330097,0.5389048991354467,0.2279687735109862,0,neural_pair_scorer_resmlp_weighted_bce,weighted_bce,Weighted BCE
1,0.3170849153628716,0.7234537796497451,0.7733633001099702,0.6965966690803765,0.6620967741935484,0.7001455604075691,0.6930835734870316,0.2438091578580626,0,neural_pair_scorer_resmlp_weighted_bce,weighted_bce,Weighted BCE
2,0.2215882879801285,0.6934160939924628,0.7548347518950485,0.6122792262405383,0.6282258064516129,0.7353535353535353,0.5244956772334294,0.3016917254594763,0,neural_pair_scorer_resmlp_weighted_bce,weighted_bce,Weighted BCE
3,0.1796232379781894,0.7322101529594325,0.7654657675124557,0.6963746223564955,0.6758064516129032,0.7317460317460317,0.6642651296829971,0.2672622860216512,0,neural_pair_scorer_resmlp_weighted_bce,weighted_bce,Weighted BCE
4,0.1281067620103176,0.7164075117965608,0.76107755015429,0.695457930007446,0.6701612903225806,0.7195685670261941,0.6729106628242075,0.2871477892189604,0,neural_pair_scorer_resmlp_weighted_bce,weighted_bce,Weighted BCE
5,0.10221967788843,0.7174077123644848,0.7695159439659811,0.6849112426035503,0.6564516129032258,0.7036474164133738,0.6671469740634006,0.2954520568753098,0,neural_pair_scorer_resmlp_weighted_bce,weighted_bce,Weighted BCE
6,0.0834980271756649,0.6896528063675037,0.7307397132387787,0.6431372549019608,0.6330645161290323,0.7056798623063684,0.590778097982709,0.3217531480591431,0,neural_pair_scorer_resmlp_weighted_bce,weighted_bce,Weighted BCE
7,0.0576900337369014,0.7226792179962209,0.7637299695491644,0.7029850746268657,0.6790322580645162,0.7291021671826625,0.6786743515850144,0.2962814203495872,0,neural_pair_scorer_resmlp_weighted_bce,weighted_bce,Weighted BCE
8,0.0263089684244149,0.722407395678289,0.7633307399987772,0.7033457249070632,0.6782258064516129,0.7265745007680492,0.6815561959654178,0.3049272672600618,0,neural_pair_scorer_resmlp_weighted_bce,weighted_bce,Weighted BCE
9,0.0232375590727688,0.7156303110914062,0.7597452266646425,0.6926536731634183,0.6693548387096774,0.721875,0.6657060518731989,0.3097434611203573,0,neural_pair_scorer_resmlp_weighted_bce,weighted_bce,Weighted BCE
10,0.0170781256105655,0.7092358889909323,0.7534869284916549,0.6845637583892618,0.6588709677419354,0.7094281298299846,0.6613832853025937,0.3244302144535415,0,neural_pair_scorer_resmlp_weighted_bce,weighted_bce,Weighted BCE
11,0.0271353003425666,0.7138225607245781,0.7531242145782626,0.6953937592867756,0.6693548387096774,0.7177914110429447,0.6743515850144092,0.3089158680780758,0,neural_pair_scorer_resmlp_weighted_bce,weighted_bce,Weighted BCE
12,0.0153063215578022,0.7098402318142951,0.7535446119954111,0.686838124054463,0.6661290322580645,0.7229299363057324,0.654178674351585,0.3178106544167411,0,neural_pair_scorer_resmlp_weighted_bce,weighted_bce,Weighted BCE
13,0.0094896186596881,0.7138436731376213,0.7577189246154148,0.680786686838124,0.6596774193548387,0.7165605095541401,0.6484149855907781,0.3196546872067096,0,neural_pair_scorer_resmlp_weighted_bce,weighted_bce,Weighted BCE
0,0.4828280164645268,0.702878900865478,0.8187601170816173,0.7031354236157439,0.6408393866020985,0.7454031117397454,0.6654040404040404,0.2173957763895071,1,neural_pair_scorer_resmlp_weighted_bce,weighted_bce,Weighted BCE
1,0.3365154335132012,0.7235498158316951,0.8287094590930494,0.7532467532467533,0.6779661016949152,0.7381818181818182,0.7689393939393939,0.2239467197586849,1,neural_pair_scorer_resmlp_weighted_bce,weighted_bce,Weighted BCE
2,0.2463425340560766,0.7299081418208935,0.8262156677225378,0.6666666666666666,0.6368038740920097,0.8064516129032258,0.5681818181818182,0.2862818916409338,1,neural_pair_scorer_resmlp_weighted_bce,weighted_bce,Weighted BCE
3,0.206786478177095,0.7607393849004588,0.8537530053230279,0.7293286219081272,0.6908797417271993,0.8282504012841091,0.6515151515151515,0.2586439369653041,1,neural_pair_scorer_resmlp_weighted_bce,weighted_bce,Weighted BCE
4,0.1453542126676975,0.7407675750796556,0.8389635542085561,0.7096774193548387,0.6731234866828087,0.8208955223880597,0.625,0.279208589549265,1,neural_pair_scorer_resmlp_weighted_bce,weighted_bce,Weighted BCE
5,0.1112950621889187,0.7537695184507266,0.8442715120093888,0.7558441558441559,0.6965294592413237,0.7780748663101604,0.7348484848484849,0.2601909355297314,1,neural_pair_scorer_resmlp_weighted_bce,weighted_bce,Weighted BCE
6,0.0908842746837016,0.7432716426005017,0.8401622527780538,0.7158774373259053,0.6707021791767555,0.7981366459627329,0.648989898989899,0.2919088271882787,1,neural_pair_scorer_resmlp_weighted_bce,weighted_bce,Weighted BCE
7,0.0737180420412467,0.763719408853637,0.8590806595616726,0.7687420584498094,0.7062146892655368,0.7736572890025576,0.7638888888888888,0.2674327662044566,1,neural_pair_scorer_resmlp_weighted_bce,weighted_bce,Weighted BCE
8,0.0763075509323523,0.7592013535805482,0.8459778198739387,0.7556742323097463,0.7046004842615012,0.8016997167138811,0.7146464646464646,0.2626533090808057,1,neural_pair_scorer_resmlp_weighted_bce,weighted_bce,Weighted BCE
9,0.0678216343602308,0.7396306465098411,0.8311007348987232,0.7350543478260869,0.6852300242130751,0.7955882352941176,0.6830808080808081,0.2874189236399538,1,neural_pair_scorer_resmlp_weighted_bce,weighted_bce,Weighted BCE
10,0.0537077789553082,0.7471146023998372,0.8457399576993692,0.7387508394895903,0.6860371267150929,0.7890961262553802,0.6944444444444444,0.2865728314018805,1,neural_pair_scorer_resmlp_weighted_bce,weighted_bce,Weighted BCE
11,0.0442121860881646,0.7343781777506609,0.8309335474361402,0.7405441274054413,0.6844229217110573,0.7804195804195804,0.7045454545454546,0.2936071740745748,1,neural_pair_scorer_resmlp_weighted_bce,weighted_bce,Weighted BCE
12,0.0515355017895882,0.7521354484441732,0.8536419427235219,0.754863813229572,0.6949152542372882,0.776,0.7348484848484849,0.2835368547801045,1,neural_pair_scorer_resmlp_weighted_bce,weighted_bce,Weighted BCE
13,0.0251745586999906,0.7640131742480736,0.8597010683447466,0.7637997432605905,0.7029862792574657,0.7767624020887729,0.7512626262626263,0.2711516932890078,1,neural_pair_scorer_resmlp_weighted_bce,weighted_bce,Weighted BCE
14,0.0102181202457405,0.7611644973222155,0.8577569640674699,0.7647058823529411,0.7029862792574657,0.7746113989637305,0.7550505050505051,0.2795830882757539,1,neural_pair_scorer_resmlp_weighted_bce,weighted_bce,Weighted BCE
15,0.0061816938030414,0.7646656723837932,0.8600664964844071,0.7635903919089759,0.6981436642453591,0.7645569620253164,0.7626262626262627,0.284200336129453,1,neural_pair_scorer_resmlp_weighted_bce,weighted_bce,Weighted BCE
16,0.0032577432068184,0.7672926129301968,0.8619254466782106,0.7646679561573179,0.705407586763519,0.7812911725955204,0.7487373737373737,0.2804845362880851,1,neural_pair_scorer_resmlp_weighted_bce,weighted_bce,Weighted BCE
17,0.0059053760412961,0.7647800714075882,0.8587300860162479,0.7655748233782916,0.705407586763519,0.7790849673202614,0.7525252525252525,0.280153466434649,1,neural_pair_scorer_resmlp_weighted_bce,weighted_bce,Weighted BCE
18,0.0071179198014597,0.7656246469165933,0.8625278107885862,0.7525286581254215,0.7037933817594835,0.8075253256150506,0.7045454545454546,0.2831624436939756,1,neural_pair_scorer_resmlp_weighted_bce,weighted_bce,Weighted BCE
19,0.0094486642405032,0.7621517185275575,0.8583741687825865,0.7569310122501612,0.6957223567393059,0.7733860342555995,0.7411616161616161,0.2866903323410933,1,neural_pair_scorer_resmlp_weighted_bce,weighted_bce,Weighted BCE
20,0.0058338991217076,0.7606998395589,0.8579569537373621,0.7619663648124192,0.7029862792574657,0.7811671087533156,0.7436868686868687,0.2819131854888522,1,neural_pair_scorer_resmlp_weighted_bce,weighted_bce,Weighted BCE
21,0.0089022196226347,0.7602902628070413,0.8559692896575866,0.763825634352635,0.7070217917675545,0.7879194630872484,0.7411616161616161,0.2813903658998714,1,neural_pair_scorer_resmlp_weighted_bce,weighted_bce,Weighted BCE
22,0.0141296393860382,0.7539601834903848,0.8463890288422634,0.747209455022981,0.6892655367231638,0.7783857729138167,0.7184343434343434,0.2882095442039782,1,neural_pair_scorer_resmlp_weighted_bce,weighted_bce,Weighted BCE
23,0.0088410308623375,0.7567636657401758,0.8415064205613438,0.7601572739187418,0.7046004842615012,0.7901907356948229,0.7323232323232324,0.2843532261165708,1,neural_pair_scorer_resmlp_weighted_bce,weighted_bce,Weighted BCE
24,0.0040893406153489,0.7629539240277496,0.8502661892544708,0.7607282184655396,0.7029862792574657,0.7841823056300268,0.7386363636363636,0.2793921743366165,1,neural_pair_scorer_resmlp_weighted_bce,weighted_bce,Weighted BCE
25,0.0033409832611094,0.7665115924344112,0.8529699809212758,0.7573333333333333,0.7062146892655368,0.8022598870056498,0.7171717171717171,0.2798224891256832,1,neural_pair_scorer_resmlp_weighted_bce,weighted_bce,Weighted BCE
26,0.0024622710047062,0.7614116557069577,0.8470885806644961,0.7639871382636656,0.7037933817594835,0.7785058977719528,0.75,0.2807992290983137,1,neural_pair_scorer_resmlp_weighted_bce,weighted_bce,Weighted BCE
27,0.0018481421605265,0.7637660158633313,0.8505305127366216,0.7623436471362739,0.70863599677159,0.796423658872077,0.7310606060606061,0.2788751314984263,1,neural_pair_scorer_resmlp_weighted_bce,weighted_bce,Weighted BCE
28,0.0015631343106715,0.7611023546426231,0.8486791834828147,0.7597911227154047,0.7029862792574657,0.7864864864864864,0.7348484848484849,0.2824171540445284,1,neural_pair_scorer_resmlp_weighted_bce,weighted_bce,Weighted BCE
29,0.002153518732461,0.7601038347682643,0.8470963210227858,0.7602339181286549,0.7021791767554479,0.7831325301204819,0.7386363636363636,0.2819755472202657,1,neural_pair_scorer_resmlp_weighted_bce,weighted_bce,Weighted BCE
30,0.0015844994564898,0.7603453438184982,0.8484226802079777,0.7620286085825748,0.7046004842615012,0.7855227882037533,0.73989898989899,0.2831276805062167,1,neural_pair_scorer_resmlp_weighted_bce,weighted_bce,Weighted BCE
0,0.4873837461838355,0.7636463910782978,0.8454845082780071,0.6959706959706959,0.6650524616626311,0.7996632996632996,0.6160830090791181,0.2029393758913788,2,neural_pair_scorer_resmlp_weighted_bce,weighted_bce,Weighted BCE
1,0.3538397764548277,0.784734000687308,0.8652373172699241,0.7324561403508771,0.7046004842615012,0.8391959798994975,0.6498054474708171,0.2058532748868043,2,neural_pair_scorer_resmlp_weighted_bce,weighted_bce,Weighted BCE
2,0.2446913306529705,0.7661267972552019,0.8543306279427836,0.7055261165783497,0.6860371267150929,0.8472727272727273,0.6044098573281452,0.2501936895280519,2,neural_pair_scorer_resmlp_weighted_bce,weighted_bce,Weighted BCE
3,0.1888219565153122,0.7835783254071191,0.8596085926813326,0.7520775623268698,0.7110573042776432,0.8068350668647846,0.7042801556420234,0.2306642544568614,2,neural_pair_scorer_resmlp_weighted_bce,weighted_bce,Weighted BCE
4,0.1543353326045549,0.7798868158790337,0.8590123138233388,0.7652992602555481,0.718321226795803,0.7946927374301676,0.7380025940337225,0.2325748377574988,2,neural_pair_scorer_resmlp_weighted_bce,weighted_bce,Weighted BCE
5,0.117075579575239,0.7627983415921159,0.8442616477988798,0.7491502379333786,0.7021791767554479,0.7871428571428571,0.7146562905317769,0.2583114925252862,2,neural_pair_scorer_resmlp_weighted_bce,weighted_bce,Weighted BCE
6,0.0847398355030096,0.7759985366989258,0.8602795643797494,0.7609561752988048,0.7094430992736077,0.7795918367346939,0.7431906614785992,0.2575143030207737,2,neural_pair_scorer_resmlp_weighted_bce,weighted_bce,Weighted BCE
7,0.0545698553084945,0.7791454654295122,0.8635627942521125,0.7594594594594595,0.7126715092816788,0.7926657263751763,0.728923476005188,0.258332264369692,2,neural_pair_scorer_resmlp_weighted_bce,weighted_bce,Weighted BCE
8,0.0244348517810113,0.7800156861440908,0.864398379062197,0.7709720372836218,0.7223567393058918,0.7920656634746922,0.7509727626459144,0.2578747388449857,2,neural_pair_scorer_resmlp_weighted_bce,weighted_bce,Weighted BCE
9,0.0187819694550946,0.7615290387663929,0.8518423092640224,0.7537557152188112,0.6957223567393059,0.7592105263157894,0.748378728923476,0.2811694370294981,2,neural_pair_scorer_resmlp_weighted_bce,weighted_bce,Weighted BCE
10,0.0278285339307517,0.7724109548039508,0.8579618600645861,0.7653668208856577,0.7134786117836965,0.7803234501347709,0.7509727626459144,0.2685393438417158,2,neural_pair_scorer_resmlp_weighted_bce,weighted_bce,Weighted BCE
11,0.0275881103753374,0.7688607868568957,0.8554046418978214,0.7574123989218329,0.7094430992736077,0.788218793828892,0.728923476005188,0.2753626861781731,2,neural_pair_scorer_resmlp_weighted_bce,weighted_bce,Weighted BCE
12,0.0185173555420568,0.7586814216191649,0.8478458166729348,0.7527027027027027,0.7046004842615012,0.7856135401974612,0.7224383916990921,0.2817077711817001,2,neural_pair_scorer_resmlp_weighted_bce,weighted_bce,Weighted BCE
13,0.0095409725058393,0.7678880242109815,0.8541492410143752,0.7583892617449665,0.7094430992736077,0.7858136300417247,0.7328145265888456,0.2752572694677125,2,neural_pair_scorer_resmlp_weighted_bce,weighted_bce,Weighted BCE
0,0.4805467961690364,0.7266520919882136,0.8112224234560759,0.7256874580818243,0.6698950766747377,0.7619718309859155,0.6927016645326505,0.2107747722674571,3,neural_pair_scorer_resmlp_weighted_bce,weighted_bce,Weighted BCE
1,0.3405383924643199,0.7372839658035549,0.8263878723846821,0.7244201909959073,0.6739305891848265,0.7751824817518248,0.6798975672215108,0.2292378783380995,3,neural_pair_scorer_resmlp_weighted_bce,weighted_bce,Weighted BCE
2,0.2415745900227473,0.7326543620596145,0.8111726608253554,0.7129824561403508,0.6698950766747377,0.7888198757763976,0.6504481434058899,0.2525819005276444,3,neural_pair_scorer_resmlp_weighted_bce,weighted_bce,Weighted BCE
3,0.1893041279071416,0.7295791421813932,0.8165261740214007,0.7209775967413442,0.6682808716707022,0.7673410404624278,0.6798975672215108,0.2746149274367398,3,neural_pair_scorer_resmlp_weighted_bce,weighted_bce,Weighted BCE
4,0.1378794946731665,0.7138563816403782,0.813277070681755,0.7068607068607069,0.6585956416464891,0.770392749244713,0.6530089628681178,0.2933473685054609,3,neural_pair_scorer_resmlp_weighted_bce,weighted_bce,Weighted BCE
5,0.1142868424455324,0.746982091037691,0.8256851581802833,0.7375690607734806,0.6933010492332526,0.800599700149925,0.6837387964148528,0.2751735178235353,3,neural_pair_scorer_resmlp_weighted_bce,weighted_bce,Weighted BCE
6,0.0934868896236786,0.757028275248953,0.8334039537154234,0.7631754503002002,0.7134786117836965,0.7966573816155988,0.7323943661971831,0.2599577664204799,3,neural_pair_scorer_resmlp_weighted_bce,weighted_bce,Weighted BCE
7,0.0791405114607933,0.7682975582754168,0.841880303778612,0.7740292807129217,0.7134786117836965,0.769620253164557,0.7784891165172856,0.2546152579829758,3,neural_pair_scorer_resmlp_weighted_bce,weighted_bce,Weighted BCE
8,0.0553717826708005,0.7214647551845411,0.8081138266467328,0.7341606792945787,0.6715092816787732,0.7493333333333333,0.7195902688860435,0.3043897671558468,3,neural_pair_scorer_resmlp_weighted_bce,weighted_bce,Weighted BCE
9,0.0591728318339357,0.7426278592555732,0.8254629282132234,0.7435387673956262,0.6876513317191283,0.7706043956043956,0.7183098591549296,0.2819885393580505,3,neural_pair_scorer_resmlp_weighted_bce,weighted_bce,Weighted BCE
10,0.056746732777892,0.7331044624236088,0.8151670434771514,0.7395626242544732,0.6828087167070218,0.7664835164835165,0.7144686299615877,0.2898136844003865,3,neural_pair_scorer_resmlp_weighted_bce,weighted_bce,Weighted BCE
11,0.0497368226209894,0.7210398157104597,0.8102894874889146,0.7266710787557908,0.6666666666666666,0.7520547945205479,0.7029449423815621,0.3047120058971628,3,neural_pair_scorer_resmlp_weighted_bce,weighted_bce,Weighted BCE
12,0.0372566942316599,0.7359783951825283,0.826160712077146,0.7469570787956438,0.6811945117029863,0.7474358974358974,0.7464788732394366,0.2986364915869745,3,neural_pair_scorer_resmlp_weighted_bce,weighted_bce,Weighted BCE
13,0.0205617262056479,0.7443401975968554,0.8277835279810275,0.753968253968254,0.6997578692493946,0.7797537619699042,0.7298335467349552,0.2849242995346992,3,neural_pair_scorer_resmlp_weighted_bce,weighted_bce,Weighted BCE
14,0.007729509125989,0.7419317413013213,0.824726668876872,0.7346666666666667,0.678773204196933,0.7663421418636995,0.70550576184379,0.2983145746161865,3,neural_pair_scorer_resmlp_weighted_bce,weighted_bce,Weighted BCE
15,0.0060339789712228,0.7433491380997378,0.8262347451176084,0.7412771560236998,0.6828087167070218,0.7628726287262872,0.7208706786171575,0.2973769439238076,3,neural_pair_scorer_resmlp_weighted_bce,weighted_bce,Weighted BCE
16,0.0044060088544845,0.74473158921772,0.8267778412808982,0.7396176664469347,0.6811945117029863,0.7622282608695652,0.7183098591549296,0.3018881354958693,3,neural_pair_scorer_resmlp_weighted_bce,weighted_bce,Weighted BCE
17,0.0045270395930856,0.7407240185855106,0.8223519740206511,0.7393302692055155,0.6795803066989508,0.7587601078167115,0.7208706786171575,0.3010800067663238,3,neural_pair_scorer_resmlp_weighted_bce,weighted_bce,Weighted BCE
18,0.0039973469079436,0.7414676626651533,0.8231995790506756,0.747209455022981,0.6892655367231638,0.7668463611859838,0.7285531370038413,0.2973105256461651,3,neural_pair_scorer_resmlp_weighted_bce,weighted_bce,Weighted BCE
19,0.0037457384064626,0.7438509580707747,0.8241095836284728,0.7477003942181341,0.6900726392251816,0.7678812415654521,0.7285531370038413,0.29574813584832,3,neural_pair_scorer_resmlp_weighted_bce,weighted_bce,Weighted BCE
0,0.4798453610676985,0.6988317188605804,0.8096313395070246,0.6935153583617747,0.6376109765940274,0.7288378766140603,0.6614583333333334,0.21870633799795,4,neural_pair_scorer_resmlp_weighted_bce,weighted_bce,Weighted BCE
1,0.3293997859343504,0.7288432192144374,0.8176028050346809,0.755359394703657,0.6868442292171105,0.7322738386308069,0.7799479166666666,0.2254464537983686,4,neural_pair_scorer_resmlp_weighted_bce,weighted_bce,Weighted BCE
2,0.2338462345875226,0.757866407908705,0.8418791311745959,0.7511551155115511,0.6957223567393059,0.7617135207496654,0.7408854166666666,0.2268832285072005,4,neural_pair_scorer_resmlp_weighted_bce,weighted_bce,Weighted BCE
3,0.1892601129336235,0.7710323779193206,0.8490054163798811,0.752,0.6997578692493946,0.7704918032786885,0.734375,0.2386174006774405,4,neural_pair_scorer_resmlp_weighted_bce,weighted_bce,Weighted BCE
4,0.130899799366792,0.7544688274062279,0.83477702065647,0.7555555555555555,0.6981436642453591,0.7585301837270341,0.7526041666666666,0.255770743802938,4,neural_pair_scorer_resmlp_weighted_bce,weighted_bce,Weighted BCE
5,0.1013165946381214,0.7590952317763623,0.8384533190535347,0.7625160462130937,0.7013720742534302,0.7518987341772152,0.7734375,0.2681226956112844,4,neural_pair_scorer_resmlp_weighted_bce,weighted_bce,Weighted BCE
6,0.092056800921758,0.7654176618895967,0.8326214979036742,0.7726692209450831,0.7126715092816788,0.7581453634085213,0.7877604166666666,0.249248797743938,4,neural_pair_scorer_resmlp_weighted_bce,weighted_bce,Weighted BCE
7,0.0693717125612191,0.7619592622080679,0.8341477759499383,0.7781269641734758,0.7150928167877321,0.7521263669501823,0.8059895833333334,0.2602440210250136,4,neural_pair_scorer_resmlp_weighted_bce,weighted_bce,Weighted BCE
8,0.0563435305196505,0.7683812146142959,0.8331020928143908,0.7639710716633794,0.7102502017756255,0.7715803452855245,0.7565104166666666,0.2596842018754286,4,neural_pair_scorer_resmlp_weighted_bce,weighted_bce,Weighted BCE
9,0.0402670951607899,0.776648476203114,0.8410505962957195,0.7719298245614035,0.7167070217917676,0.7704280155642024,0.7734375,0.2598059825851306,4,neural_pair_scorer_resmlp_weighted_bce,weighted_bce,Weighted BCE
10,0.0170058303226072,0.7751445837756546,0.8383845323329893,0.7542315504400813,0.7070217917675545,0.7856135401974612,0.7252604166666666,0.2683287876563347,4,neural_pair_scorer_resmlp_weighted_bce,weighted_bce,Weighted BCE
11,0.0133035641987449,0.7736807767162067,0.8350760059607405,0.7736943907156673,0.7167070217917676,0.7662835249042146,0.78125,0.2665622119118987,4,neural_pair_scorer_resmlp_weighted_bce,weighted_bce,Weighted BCE
12,0.0117212727737541,0.7716046311040339,0.8379666035174544,0.7778493238892467,0.7215496368038741,0.7694267515923567,0.7864583333333334,0.2627680729455972,4,neural_pair_scorer_resmlp_weighted_bce,weighted_bce,Weighted BCE
13,0.0179240993337514,0.7695948336871904,0.8331162292711174,0.7602108036890646,0.7062146892655368,0.7693333333333333,0.7513020833333334,0.2810038432015365,4,neural_pair_scorer_resmlp_weighted_bce,weighted_bce,Weighted BCE
14,0.0144211257097478,0.7652656139419676,0.8293789759768524,0.7620286085825748,0.7046004842615012,0.7610389610389611,0.7630208333333334,0.2775559984892479,4,neural_pair_scorer_resmlp_weighted_bce,weighted_bce,Weighted BCE
15,0.0055351994322756,0.7711844258669497,0.8310320019514497,0.7700258397932817,0.7126715092816788,0.764102564102564,0.7760416666666666,0.2685056957242732,4,neural_pair_scorer_resmlp_weighted_bce,weighted_bce,Weighted BCE
0,0.0732774281731018,0.7050226430629889,0.7485382678806926,0.6605222734254992,0.6435483870967742,0.7072368421052632,0.6195965417867435,0.2211731395885926,0,neural_pair_scorer_resmlp_focal,focal,Focal
1,0.0524486371148855,0.7374618657039407,0.7935989882704946,0.6973977695167286,0.6717741935483871,0.7204301075268817,0.6757925072046109,0.2059153251728324,0,neural_pair_scorer_resmlp_focal,focal,Focal
2,0.0376092931016897,0.7268871858209034,0.7684164059605425,0.711340206185567,0.6838709677419355,0.7274096385542169,0.6959654178674352,0.2136962763954239,0,neural_pair_scorer_resmlp_focal,focal,Focal
3,0.0282978337640181,0.7382324687800192,0.7752789176027609,0.6870696250956388,0.6701612903225806,0.732463295269168,0.6469740634005764,0.2170838270472881,0,neural_pair_scorer_resmlp_focal,focal,Focal
4,0.0232726552117711,0.7128896559732294,0.7679396575945852,0.666156202143951,0.6483870967741936,0.7107843137254902,0.6268011527377522,0.2396708980188009,0,neural_pair_scorer_resmlp_focal,focal,Focal
5,0.0168262810852283,0.6953808679313003,0.7471500350885403,0.6681715575620768,0.6443548387096775,0.6992125984251969,0.6397694524495677,0.2555393659576266,0,neural_pair_scorer_resmlp_focal,focal,Focal
6,0.0135478067498367,0.7281776820681721,0.7797343730062004,0.692020879940343,0.6669354838709678,0.7171561051004637,0.6685878962536023,0.2367007112285937,0,neural_pair_scorer_resmlp_focal,focal,Focal
7,0.007161533483901,0.7310093844675977,0.778176900986081,0.7035398230088495,0.6758064516129032,0.7205438066465257,0.6873198847262247,0.2426628914355313,0,neural_pair_scorer_resmlp_focal,focal,Focal
8,0.0037159321647591,0.7336405189431126,0.7818916248774184,0.7084870848708487,0.6814516129032258,0.7261724659606656,0.69164265129683,0.2524501755457677,0,neural_pair_scorer_resmlp_focal,focal,Focal
9,0.0027683010318865,0.7343768143479958,0.7702852478664572,0.721216509775525,0.6895161290322581,0.7248908296943232,0.7175792507204611,0.2550771767208918,0,neural_pair_scorer_resmlp_focal,focal,Focal
10,0.004508928494313,0.7136180342232216,0.7528061708081699,0.7030567685589519,0.6709677419354839,0.7102941176470589,0.6959654178674352,0.265330394168683,0,neural_pair_scorer_resmlp_focal,focal,Focal
11,0.0036828248337723,0.7335428740327876,0.7699143325694541,0.7168983174835406,0.6879032258064516,0.7280832095096582,0.7060518731988472,0.2485895822606886,0,neural_pair_scorer_resmlp_focal,focal,Focal
12,0.0019260132088302,0.7278557177692624,0.7714920876751976,0.7002253944402704,0.6782258064516129,0.7315541601255887,0.6714697406340058,0.2602906227624828,0,neural_pair_scorer_resmlp_focal,focal,Focal
13,0.0009804169542174,0.7291145453969661,0.7711258915796183,0.6913767019667171,0.6709677419354839,0.7277070063694268,0.6585014409221902,0.2662832228662861,0,neural_pair_scorer_resmlp_focal,focal,Focal
0,0.0751343235755578,0.6445212753937586,0.7856269521540515,0.6414035087719299,0.5875706214689266,0.721958925750395,0.577020202020202,0.2351255924460807,1,neural_pair_scorer_resmlp_focal,focal,Focal
1,0.0522275108557481,0.7310097620500305,0.8447812593940988,0.7439180537772087,0.6771589991928975,0.7545454545454545,0.7335858585858586,0.2036512298950012,1,neural_pair_scorer_resmlp_focal,focal,Focal
2,0.039191371259781,0.7708093236616727,0.8575079747171572,0.7436074637180373,0.7005649717514124,0.8213740458015267,0.6792929292929293,0.1964657810892504,1,neural_pair_scorer_resmlp_focal,focal,Focal
3,0.0297767911583949,0.7677417350236142,0.8495891818382053,0.6965466568699485,0.6666666666666666,0.8330404217926186,0.5984848484848485,0.218455680746977,1,neural_pair_scorer_resmlp_focal,focal,Focal
4,0.0219696116848633,0.7679564097349332,0.8450492412934865,0.7597840755735492,0.7126715092816788,0.8159420289855073,0.7108585858585859,0.2026257164495968,1,neural_pair_scorer_resmlp_focal,focal,Focal
5,0.0184356830297754,0.7706200709556414,0.8570298829517224,0.7456926257753274,0.7021791767554479,0.8209408194233687,0.6830808080808081,0.2095968850398535,1,neural_pair_scorer_resmlp_focal,focal,Focal
6,0.0139667382941414,0.76362054549974,0.8544916482066551,0.733983286908078,0.6916868442292171,0.8183229813664596,0.6654040404040404,0.2278160085364877,1,neural_pair_scorer_resmlp_focal,focal,Focal
7,0.0113538020254614,0.7533444060289696,0.8405405894048789,0.7531436135009927,0.6989507667473769,0.7913769123783032,0.7184343434343434,0.2222976037913594,1,neural_pair_scorer_resmlp_focal,focal,Focal
8,0.0076461920025161,0.771173705737464,0.8560389814110633,0.7489711934156379,0.7046004842615012,0.8198198198198198,0.6893939393939394,0.2213961863516804,1,neural_pair_scorer_resmlp_focal,focal,Focal
9,0.0042556688332786,0.7627787946579894,0.8512614687284138,0.7446236559139785,0.6933010492332526,0.7959770114942529,0.6994949494949495,0.2368255868583858,1,neural_pair_scorer_resmlp_focal,focal,Focal
10,0.002522495983449,0.7756846993424175,0.8600429943999761,0.7777777777777778,0.7223567393058918,0.7962962962962963,0.76010101010101,0.2244571133019988,1,neural_pair_scorer_resmlp_focal,focal,Focal
11,0.0019842916890644,0.771343185772716,0.8597079988963733,0.7697241821680565,0.7102502017756255,0.7822685788787483,0.7575757575757576,0.2326565472782264,1,neural_pair_scorer_resmlp_focal,focal,Focal
12,0.0023696877096648,0.758496599100626,0.8533721372979903,0.7593307593307593,0.6981436642453591,0.7742782152230971,0.7449494949494949,0.2453348526006706,1,neural_pair_scorer_resmlp_focal,focal,Focal
13,0.0015138683479446,0.769269880008135,0.8569408521415081,0.7670157068062827,0.7126715092816788,0.7961956521739131,0.73989898989899,0.2384753539219073,1,neural_pair_scorer_resmlp_focal,focal,Focal
14,0.0034151223588149,0.7546465776331549,0.843774164823939,0.7566137566137566,0.7029862792574657,0.7944444444444444,0.7222222222222222,0.2481641760333574,1,neural_pair_scorer_resmlp_focal,focal,Focal
15,0.0045938692742194,0.755392289788263,0.8461767249224801,0.7595772787318362,0.7062146892655368,0.796398891966759,0.726010101010101,0.2405549801498708,1,neural_pair_scorer_resmlp_focal,focal,Focal
16,0.0021836937715609,0.762346620568097,0.8507250820718777,0.7586657946370177,0.7021791767554479,0.7869742198100407,0.7323232323232324,0.2428562843329522,1,neural_pair_scorer_resmlp_focal,focal,Focal
17,0.000953531533014,0.7673604049442976,0.8540103406320059,0.7624090006618134,0.7102502017756255,0.8011126564673157,0.7272727272727273,0.2418145375053612,1,neural_pair_scorer_resmlp_focal,focal,Focal
18,0.0006153316601576,0.7684366031681468,0.8557570376788103,0.7629000653167864,0.7070217917675545,0.790257104194858,0.7373737373737373,0.2421708237895872,1,neural_pair_scorer_resmlp_focal,focal,Focal
19,0.0005863441558456,0.7711030890561092,0.8595894629201534,0.7629139072847683,0.7110573042776432,0.8022284122562674,0.7272727272727273,0.2453055475148106,1,neural_pair_scorer_resmlp_focal,focal,Focal
20,0.000468104559658,0.7697359501050778,0.8594194567047608,0.7605263157894737,0.7062146892655368,0.7939560439560439,0.7297979797979798,0.2478281812198546,1,neural_pair_scorer_resmlp_focal,focal,Focal
21,0.0004348239665724,0.7694902040539624,0.8594249831933307,0.762532981530343,0.7094430992736077,0.7983425414364641,0.7297979797979798,0.247114831898975,1,neural_pair_scorer_resmlp_focal,focal,Focal
22,0.0004452433815272,0.7709562063588908,0.8599855193547894,0.7597103357472021,0.705407586763519,0.7936726272352133,0.7285353535353535,0.2467096240901225,1,neural_pair_scorer_resmlp_focal,focal,Focal
0,0.0766416058326378,0.7490771226179787,0.8375146103681476,0.6309813463098135,0.632768361581921,0.841991341991342,0.5045395590142672,0.2213417811942798,2,neural_pair_scorer_resmlp_focal,focal,Focal
1,0.0527765097526403,0.746247519593823,0.8364193333477321,0.6853352984524687,0.655367231638418,0.7935153583617748,0.603112840466926,0.2099396174182426,2,neural_pair_scorer_resmlp_focal,focal,Focal
2,0.0395752178648343,0.7439832828937887,0.841386019619514,0.7163120567375887,0.6771589991928975,0.7902973395931142,0.6549935149156939,0.2086234305823858,2,neural_pair_scorer_resmlp_focal,focal,Focal
3,0.0289598237723112,0.7630228252796346,0.8475712743334624,0.745945945945946,0.6965294592413237,0.7785613540197461,0.7159533073929961,0.2026040519900512,2,neural_pair_scorer_resmlp_focal,focal,Focal
4,0.0204124908464459,0.7767551298679704,0.8568030920993632,0.7427385892116183,0.6997578692493946,0.7955555555555556,0.6964980544747081,0.2041453014534461,2,neural_pair_scorer_resmlp_focal,focal,Focal
5,0.0184230944380546,0.7926463578214551,0.8695695060836199,0.7713717693836978,0.7215496368038741,0.7886178861788617,0.754863813229572,0.1943077267032779,2,neural_pair_scorer_resmlp_focal,focal,Focal
6,0.0143627539778558,0.7660630549735608,0.8569485915441437,0.7515151515151515,0.7021791767554479,0.7815126050420168,0.7237354085603113,0.2196815908622544,2,neural_pair_scorer_resmlp_focal,focal,Focal
7,0.0142358254330853,0.7766027026727416,0.8629656696309025,0.7544338335607094,0.7094430992736077,0.7956834532374101,0.7172503242542153,0.2148148887351398,2,neural_pair_scorer_resmlp_focal,focal,Focal
8,0.0105145407649569,0.7634856496724202,0.8485043426201709,0.7426981919332406,0.7013720742534302,0.800599700149925,0.6926070038910506,0.2222116704832169,2,neural_pair_scorer_resmlp_focal,focal,Focal
9,0.0085240359752415,0.772941678583702,0.8543334858091274,0.7375,0.6949152542372882,0.7937219730941704,0.688715953307393,0.2290408702892801,2,neural_pair_scorer_resmlp_focal,focal,Focal
10,0.0067221972948083,0.7764558182846121,0.8542820851641939,0.7525844245348036,0.7102502017756255,0.8029411764705883,0.708171206225681,0.2285355422735915,2,neural_pair_scorer_resmlp_focal,focal,Focal
11,0.0040937777913103,0.7861917589544047,0.8640345681620616,0.768921634293369,0.7215496368038741,0.7950138504155124,0.7444876783398184,0.2198935031061846,2,neural_pair_scorer_resmlp_focal,focal,Focal
12,0.0017762795905582,0.7873197201990977,0.8643964938116229,0.7667342799188641,0.7215496368038741,0.8008474576271186,0.7354085603112841,0.2280359374204407,2,neural_pair_scorer_resmlp_focal,focal,Focal
13,0.0018510349678436,0.7847450863015064,0.8627655803613694,0.7696476964769647,0.7255851493139629,0.8056737588652483,0.7367055771725033,0.2265340520579309,2,neural_pair_scorer_resmlp_focal,focal,Focal
14,0.0013101776928987,0.7884310530224927,0.863822289761018,0.7648261758691206,0.7215496368038741,0.8060344827586207,0.7276264591439688,0.2327049548078947,2,neural_pair_scorer_resmlp_focal,focal,Focal
15,0.0011896460670798,0.7821759952110147,0.8608690141902269,0.7588075880758808,0.7126715092816788,0.7943262411347518,0.7263294422827496,0.2381775877070592,2,neural_pair_scorer_resmlp_focal,focal,Focal
16,0.0007244614914667,0.7900744953274137,0.8660379078430092,0.7751834556370913,0.7280064568200162,0.7980769230769231,0.7535667963683528,0.2292298576458389,2,neural_pair_scorer_resmlp_focal,focal,Focal
17,0.0004645077168765,0.7901798086622989,0.8663624702463251,0.7790463398253862,0.7344632768361582,0.807799442896936,0.7522697795071336,0.2302997588087623,2,neural_pair_scorer_resmlp_focal,focal,Focal
0,0.0748164418798226,0.7098138653277345,0.8105039856193115,0.7309644670050761,0.6577885391444713,0.7245283018867924,0.737516005121639,0.2135590306144266,3,neural_pair_scorer_resmlp_focal,focal,Focal
1,0.052564064757182,0.7565348422412203,0.8397452883198815,0.6817155756207675,0.6585956416464891,0.8266423357664233,0.5800256081946222,0.2078865921042959,3,neural_pair_scorer_resmlp_focal,focal,Focal
2,0.0379509080487948,0.6878595910516694,0.7901014187221175,0.641566265060241,0.615819209039548,0.7787934186471663,0.5454545454545454,0.2389909899367629,3,neural_pair_scorer_resmlp_focal,focal,Focal
3,0.0298240398749327,0.7594115706545744,0.8408420813616131,0.7306629834254144,0.6852300242130751,0.7931034482758621,0.677336747759283,0.2043744136188618,3,neural_pair_scorer_resmlp_focal,focal,Focal
4,0.0216745367416968,0.7696464615401819,0.8474210913798064,0.7537414965986394,0.7078288942695722,0.8040638606676342,0.7093469910371318,0.2024116117024791,3,neural_pair_scorer_resmlp_focal,focal,Focal
5,0.0171560499673852,0.7273062751259443,0.8306574078435371,0.7197324414715719,0.6618240516545602,0.7535014005602241,0.6888604353393086,0.2317016474582785,3,neural_pair_scorer_resmlp_focal,focal,Focal
6,0.0153624304594137,0.7278737929761978,0.8185304819390337,0.7278820375335121,0.672316384180791,0.7637130801687764,0.6952624839948783,0.2346375116695457,3,neural_pair_scorer_resmlp_focal,focal,Focal
7,0.0129139301343224,0.7304346124384257,0.8184483770001847,0.7456535737282679,0.6811945117029863,0.75,0.7413572343149808,0.236100725656082,3,neural_pair_scorer_resmlp_focal,focal,Focal
8,0.0098616916280335,0.7552712064367147,0.8342461226031956,0.7550886408404465,0.6989507667473769,0.7749326145552561,0.736235595390525,0.2280090990245245,3,neural_pair_scorer_resmlp_focal,focal,Focal
9,0.0082893542682704,0.7648938490011127,0.8460622660187946,0.7575150300601202,0.7070217917675545,0.7918994413407822,0.7259923175416133,0.2224874896065746,3,neural_pair_scorer_resmlp_focal,focal,Focal
10,0.0047504823141468,0.7787630906518906,0.8531165796699677,0.7601328903654485,0.70863599677159,0.7900552486187845,0.7323943661971831,0.2213856434219352,3,neural_pair_scorer_resmlp_focal,focal,Focal
11,0.0018711567763836,0.768886043533931,0.8468305932171789,0.7620286085825748,0.7046004842615012,0.774108322324967,0.7503201024327785,0.2327835745460955,3,neural_pair_scorer_resmlp_focal,focal,Focal
12,0.0014591930599775,0.7646799814368546,0.8452648058025154,0.7655440414507773,0.7078288942695722,0.7745740498034076,0.7567221510883483,0.2396951599726968,3,neural_pair_scorer_resmlp_focal,focal,Focal
13,0.0017145667113184,0.7656263104630162,0.8434254680463771,0.7684279191128506,0.7134786117836965,0.7832446808510638,0.7541613316261203,0.2398213902453805,3,neural_pair_scorer_resmlp_focal,focal,Focal
14,0.0012020794215809,0.7686288433259342,0.8455190809657569,0.7695287282117496,0.711864406779661,0.7760416666666666,0.7631241997439181,0.2343431497653891,3,neural_pair_scorer_resmlp_focal,focal,Focal
15,0.0011615978709857,0.7721849157669318,0.8471484309037673,0.7717250324254216,0.7158999192897498,0.7818659658344284,0.7618437900128041,0.2362519354913888,3,neural_pair_scorer_resmlp_focal,focal,Focal
16,0.0008443779124018,0.7685254041118486,0.8471211039181514,0.7621550591327201,0.7078288942695722,0.7827260458839406,0.7426376440460948,0.2414084513503473,3,neural_pair_scorer_resmlp_focal,focal,Focal
17,0.0004646795608165,0.7649805142885899,0.8446220987065752,0.7651268705270007,0.70863599677159,0.7777777777777778,0.7528809218950064,0.2449018750626608,3,neural_pair_scorer_resmlp_focal,focal,Focal
18,0.0003532407455891,0.76773702956125,0.8476603902516948,0.7699287103046014,0.7134786117836965,0.7795275590551181,0.7605633802816901,0.2441493187125031,3,neural_pair_scorer_resmlp_focal,focal,Focal
19,0.0003584352017265,0.7613825070310709,0.8420226737557905,0.7615937295885042,0.705407586763519,0.7773333333333333,0.7464788732394366,0.2510854140216595,3,neural_pair_scorer_resmlp_focal,focal,Focal
20,0.0002725232808211,0.7646618096830287,0.8445356386691645,0.7606001304631441,0.7037933817594835,0.7752659574468085,0.7464788732394366,0.249024174705805,3,neural_pair_scorer_resmlp_focal,focal,Focal
21,0.0003167787935802,0.764801592404766,0.844559698447255,0.7632093933463796,0.7070217917675545,0.7779255319148937,0.7490396927016645,0.2491000357402405,3,neural_pair_scorer_resmlp_focal,focal,Focal
22,0.0002613373682181,0.7652349188421517,0.8449643427196945,0.763825634352635,0.7070217917675545,0.7764550264550265,0.7516005121638925,0.2481568369840567,3,neural_pair_scorer_resmlp_focal,focal,Focal
0,0.074318263775263,0.6898719479830149,0.8006690133149361,0.6738197424892703,0.6319612590799032,0.7476190476190476,0.61328125,0.2249082616756177,4,neural_pair_scorer_resmlp_focal,focal,Focal
1,0.0518935837615758,0.7205607528308562,0.8134229028350111,0.699859747545582,0.6545601291364003,0.7583586626139818,0.6497395833333334,0.2118538277902637,4,neural_pair_scorer_resmlp_focal,focal,Focal
2,0.0398710518597792,0.7176939578910121,0.7994461323984254,0.6646971935007385,0.6335754640839386,0.7679180887372014,0.5859375,0.2178556856864849,4,neural_pair_scorer_resmlp_focal,focal,Focal
3,0.0304805094806047,0.7468208156404812,0.8195867698073722,0.6938775510204082,0.6610169491525424,0.7880794701986755,0.6197916666666666,0.2131186132828073,4,neural_pair_scorer_resmlp_focal,focal,Focal
4,0.022624009145567,0.7441558297947628,0.8251803906909483,0.726149622512011,0.6779661016949152,0.7677793904208998,0.6888020833333334,0.2147435565240227,4,neural_pair_scorer_resmlp_focal,focal,Focal
5,0.0167116917765293,0.7745433032554847,0.8459251465034201,0.7607119314436388,0.7070217917675545,0.7703604806408545,0.7513020833333334,0.203721800188789,4,neural_pair_scorer_resmlp_focal,focal,Focal
6,0.0168695648750051,0.7591366993984432,0.8316719575920959,0.7245762711864406,0.6852300242130751,0.7916666666666666,0.66796875,0.2131964063992812,4,neural_pair_scorer_resmlp_focal,focal,Focal
7,0.0124183766639385,0.7455104387827318,0.8186387166518394,0.7584415584415585,0.6997578692493946,0.7564766839378239,0.7604166666666666,0.2177313046299161,4,neural_pair_scorer_resmlp_focal,focal,Focal
8,0.0117148292513611,0.7588270744869072,0.8240430963534855,0.7695338148391333,0.7167070217917676,0.776158940397351,0.7630208333333334,0.210025500540181,4,neural_pair_scorer_resmlp_focal,focal,Focal
9,0.0087338377936528,0.7697994072894551,0.8420386815446232,0.7752736638763683,0.718321226795803,0.7668789808917198,0.7838541666666666,0.2177587622048685,4,neural_pair_scorer_resmlp_focal,focal,Focal
10,0.0072428944807213,0.7653983103326256,0.8404938714812729,0.7503355704697987,0.6997578692493946,0.7742382271468145,0.7278645833333334,0.2254031248290945,4,neural_pair_scorer_resmlp_focal,focal,Focal
11,0.0045494189879928,0.7748501636588818,0.8486672863369145,0.7753807106598984,0.7142857142857143,0.7561881188118812,0.7955729166666666,0.2215008496279344,4,neural_pair_scorer_resmlp_focal,focal,Focal
12,0.002254607869336,0.7741023642073602,0.847549854468809,0.7676508344030809,0.7078288942695722,0.7569620253164557,0.7786458333333334,0.2302409491474045,4,neural_pair_scorer_resmlp_focal,focal,Focal
13,0.0015727155923974,0.7758287995399858,0.848259661897359,0.7791371538956857,0.7231638418079096,0.7707006369426752,0.7877604166666666,0.2265993806630876,4,neural_pair_scorer_resmlp_focal,focal,Focal
14,0.0011600217496892,0.7750353857041756,0.8475523409113248,0.7648208469055374,0.70863599677159,0.7653194263363755,0.7643229166666666,0.2338934228451609,4,neural_pair_scorer_resmlp_focal,focal,Focal
15,0.0007502127452589,0.7750657952937013,0.8467547322372844,0.7710526315789473,0.7191283292978208,0.7792553191489362,0.7630208333333334,0.2349057889280995,4,neural_pair_scorer_resmlp_focal,focal,Focal
16,0.0011039198074379,0.7773852176220807,0.8488771624709892,0.7717678100263852,0.7207425343018563,0.7820855614973262,0.76171875,0.2354459236599436,4,neural_pair_scorer_resmlp_focal,focal,Focal
17,0.0013435823525352,0.7730007077140835,0.8444058924140769,0.785175879396985,0.7239709443099274,0.758495145631068,0.8138020833333334,0.2343922093252619,4,neural_pair_scorer_resmlp_focal,focal,Focal
18,0.0022755480141569,0.7643671487968862,0.8350973556941925,0.7612137203166227,0.7078288942695722,0.7713903743315508,0.7513020833333334,0.238056057380337,4,neural_pair_scorer_resmlp_focal,focal,Focal
19,0.0018269822832782,0.770769749646143,0.8408718955742993,0.7779910428662828,0.7199354317998385,0.7647798742138365,0.7916666666666666,0.2327212070716369,4,neural_pair_scorer_resmlp_focal,focal,Focal
20,0.0011500653414166,0.7689037066525124,0.8432267892308958,0.7662337662337663,0.7094430992736077,0.7642487046632125,0.7682291666666666,0.2422513836042285,4,neural_pair_scorer_resmlp_focal,focal,Focal
21,0.0015783315912136,0.7739904016277424,0.847320584607423,0.7744845360824743,0.7175141242937854,0.7665816326530612,0.7825520833333334,0.2390316555636003,4,neural_pair_scorer_resmlp_focal,focal,Focal
22,0.0005966385179841,0.7735536093418258,0.8482276234991071,0.7673363577446533,0.7102502017756255,0.7638709677419355,0.7708333333333334,0.2411278305747935,4,neural_pair_scorer_resmlp_focal,focal,Focal
23,0.0006326900469363,0.7754832360226468,0.8488034326376503,0.7680311890838206,0.711864406779661,0.7665369649805448,0.76953125,0.2419811193924018,4,neural_pair_scorer_resmlp_focal,focal,Focal
24,0.0003542466070846,0.7742475008846428,0.8490370399794146,0.7671232876712328,0.711864406779661,0.7686274509803922,0.765625,0.2435766834384548,4,neural_pair_scorer_resmlp_focal,focal,Focal
25,0.000354071418023,0.7702375818294409,0.8465887328407276,0.7590282337491793,0.7037933817594835,0.7655629139072848,0.7526041666666666,0.250446272458339,4,neural_pair_scorer_resmlp_focal,focal,Focal
26,0.000296325067141,0.7704020700636943,0.8471297226668598,0.7569352708058125,0.7029862792574657,0.7680965147453083,0.74609375,0.2506203499147251,4,neural_pair_scorer_resmlp_focal,focal,Focal
27,0.0002181237191857,0.773270247257608,0.8492246670712852,0.7649350649350649,0.7078288942695722,0.7629533678756477,0.7669270833333334,0.2473226075986327,4,neural_pair_scorer_resmlp_focal,focal,Focal
28,0.0001726097097371,0.7741977397381458,0.8497816240835316,0.7671232876712328,0.711864406779661,0.7686274509803922,0.765625,0.247437919460367,4,neural_pair_scorer_resmlp_focal,focal,Focal
29,0.000200520423114,0.7739959306440198,0.8495289215419389,0.7663185378590078,0.7110573042776432,0.768324607329843,0.7643229166666666,0.2479210900156627,4,neural_pair_scorer_resmlp_focal,focal,Focal
30,0.0001729953516517,0.7742087977707007,0.8496859826152748,0.7682291666666666,0.7126715092816788,0.7682291666666666,0.7682291666666666,0.2474375560598694,4,neural_pair_scorer_resmlp_focal,focal,Focal
31,0.0002482528051097,0.7753961540162775,0.8503198954272294,0.7744458930899609,0.7207425343018563,0.7754569190600522,0.7734375,0.2467005747373527,4,neural_pair_scorer_resmlp_focal,focal,Focal
32,0.0010447277422244,0.7747506413658882,0.8498581368430713,0.7709279688513953,0.7150928167877321,0.7684346701164295,0.7734375,0.2457529188818507,4,neural_pair_scorer_resmlp_focal,focal,Focal
33,0.0003718247446671,0.7776671974522293,0.8508564362890874,0.7682291666666666,0.7126715092816788,0.7682291666666666,0.7682291666666666,0.2435975816471612,4,neural_pair_scorer_resmlp_focal,focal,Focal
34,0.000197765354292,0.7764162575194622,0.8502019833378027,0.7696301103179753,0.7134786117836965,0.7671410090556274,0.7721354166666666,0.2446099594554618,4,neural_pair_scorer_resmlp_focal,focal,Focal
35,0.0001515084243062,0.776384465675867,0.8501762804171415,0.7659016393442623,0.711864406779661,0.7714663143989432,0.7604166666666666,0.2457237804431739,4,neural_pair_scorer_resmlp_focal,focal,Focal
36,0.0001311201627359,0.7783168568648264,0.8512176930990825,0.7754569190600522,0.7223567393058918,0.7774869109947644,0.7734375,0.2433964454394291,4,neural_pair_scorer_resmlp_focal,focal,Focal
37,0.0002609983355982,0.7757610690905874,0.8495183779141192,0.7739018087855297,0.7175141242937854,0.767948717948718,0.7799479166666666,0.2452859341747209,4,neural_pair_scorer_resmlp_focal,focal,Focal
38,0.0002507133397044,0.7731582846779901,0.8483603091615624,0.7731958762886598,0.7158999192897498,0.7653061224489796,0.78125,0.2485198579562515,4,neural_pair_scorer_resmlp_focal,focal,Focal
39,0.000202247425827,0.7778538017515924,0.8524878373924853,0.7732819524727039,0.7150928167877321,0.7629911280101395,0.7838541666666666,0.2479883520047605,4,neural_pair_scorer_resmlp_focal,focal,Focal
40,0.0001750804992927,0.7778247744161358,0.8524829249242499,0.773109243697479,0.7167070217917676,0.7676508344030809,0.7786458333333334,0.2493116489835971,4,neural_pair_scorer_resmlp_focal,focal,Focal
41,0.0001333449630552,0.778174484695683,0.8521317254793204,0.7756948933419522,0.7199354317998385,0.7702182284980744,0.78125,0.2479596457542006,4,neural_pair_scorer_resmlp_focal,focal,Focal
42,0.0001827428497493,0.7782588021939136,0.8521397718681366,0.773523685918235,0.718321226795803,0.7710219922380336,0.7760416666666666,0.2475816978200208,4,neural_pair_scorer_resmlp_focal,focal,Focal
43,0.0001085828970621,0.7793950150389243,0.8535352890927472,0.7750642673521851,0.7175141242937854,0.7652284263959391,0.78515625,0.2457910616176355,4,neural_pair_scorer_resmlp_focal,focal,Focal
44,0.0001296189466943,0.7773769240976645,0.8525294341580223,0.7721110393802453,0.7150928167877321,0.765685019206146,0.7786458333333334,0.2480683191232099,4,neural_pair_scorer_resmlp_focal,focal,Focal
45,9.4022106553054e-05,0.7794973018400566,0.8533510932664865,0.7784275503573749,0.7247780468119451,0.7769130998702983,0.7799479166666666,0.247016407151584,4,neural_pair_scorer_resmlp_focal,focal,Focal
46,0.000139635523446,0.7811601534854917,0.8538208711552491,0.7797927461139896,0.7255851493139629,0.7757731958762887,0.7838541666666666,0.2451892805672144,4,neural_pair_scorer_resmlp_focal,focal,Focal
47,8.558380816863904e-05,0.7802506303078558,0.853420976368815,0.7774172615184944,0.7231638418079096,0.7749029754204398,0.7799479166666666,0.2467551796389031,4,neural_pair_scorer_resmlp_focal,focal,Focal
48,0.000102442965155,0.77970463995046,0.853029261531105,0.7766990291262136,0.7215496368038741,0.7722007722007722,0.78125,0.2476911659367453,4,neural_pair_scorer_resmlp_focal,focal,Focal
49,0.0001301500339463,0.7796341449929228,0.853589935773099,0.7804878048780488,0.7239709443099274,0.769620253164557,0.7916666666666666,0.2490653387981647,4,neural_pair_scorer_resmlp_focal,focal,Focal
50,0.00020611126108,0.7767590565286624,0.8490922413397074,0.7730870712401056,0.7223567393058918,0.7834224598930482,0.7630208333333334,0.2466566381190444,4,neural_pair_scorer_resmlp_focal,focal,Focal
51,0.0010775297585333,0.7656913481953291,0.8415930708676528,0.752542372881356,0.705407586763519,0.785007072135785,0.72265625,0.2600888944686338,4,neural_pair_scorer_resmlp_focal,focal,Focal
52,0.0017055582387771,0.7705278551840056,0.8456401885410427,0.7732293697205977,0.718321226795803,0.7717250324254216,0.7747395833333334,0.2463097251985503,4,neural_pair_scorer_resmlp_focal,focal,Focal
53,0.0008619649264311,0.7802216029723992,0.8525616783634756,0.7909967845659164,0.7376916868442293,0.7814485387547649,0.80078125,0.2325731461081049,4,neural_pair_scorer_resmlp_focal,focal,Focal
54,0.0001799691302109,0.7804593506723283,0.8524766008717584,0.7831168831168831,0.7304277643260694,0.7810880829015544,0.78515625,0.2348146248287915,4,neural_pair_scorer_resmlp_focal,focal,Focal
55,0.0001698029164822,0.7779878803963198,0.8518110442470169,0.7842377260981912,0.7304277643260694,0.7782051282051282,0.7903645833333334,0.2368907151253793,4,neural_pair_scorer_resmlp_focal,focal,Focal
56,0.0001312549061017,0.777674108722576,0.8521648876277488,0.7791530944625407,0.7263922518159807,0.7796610169491526,0.7786458333333334,0.240430656126357,4,neural_pair_scorer_resmlp_focal,focal,Focal
57,0.0001441701285026,0.7778468904812457,0.8522913004161365,0.7799479166666666,0.7271993543179984,0.7799479166666666,0.7799479166666666,0.2403702296047219,4,neural_pair_scorer_resmlp_focal,focal,Focal
58,0.0001407123861029,0.7776989892958246,0.8521866538027928,0.7799479166666666,0.7271993543179984,0.7799479166666666,0.7799479166666666,0.2406468903617256,4,neural_pair_scorer_resmlp_focal,focal,Focal
0,0.0728203512919254,0.6742249105361497,0.7438754645079916,0.5478180129990715,0.6072580645161291,0.7702349869451697,0.4250720461095101,0.2344734531622462,0,neural_pair_scorer_v2_focal,focal,V2 Focal
1,0.0569423704575269,0.7274994457991576,0.7784903610055576,0.7079136690647482,0.6725806451612903,0.7068965517241379,0.7089337175792507,0.2086480162123263,0,neural_pair_scorer_v2_focal,focal,V2 Focal
2,0.0415233006844153,0.7217120055736771,0.7951429646328634,0.6794773251345119,0.6637096774193548,0.728171334431631,0.6368876080691642,0.2193513271858184,0,neural_pair_scorer_v2_focal,focal,V2 Focal
3,0.0335019995004702,0.6957437375304811,0.7523191006584297,0.6535742340926944,0.6443548387096775,0.7184801381692574,0.5994236311239193,0.2358702122336354,0,neural_pair_scorer_v2_focal,focal,V2 Focal
4,0.0261930933174414,0.7141300102395203,0.7605427431680416,0.6846153846153846,0.6693548387096774,0.7343234323432343,0.6412103746397695,0.2323311296488518,0,neural_pair_scorer_v2_focal,focal,V2 Focal
5,0.021795290044676,0.7303826097053763,0.7684536875055044,0.6988847583643123,0.6733870967741935,0.7219662058371735,0.6772334293948127,0.2343834649135203,0,neural_pair_scorer_v2_focal,focal,V2 Focal
6,0.0173783973575784,0.6872354350740518,0.7394416464703518,0.6595744680851063,0.6387096774193548,0.6977491961414791,0.6253602305475504,0.273872867794773,0,neural_pair_scorer_v2_focal,focal,V2 Focal
7,0.0128943496503126,0.7129503541607287,0.7623382229684161,0.6824925816023739,0.6548387096774193,0.7033639143730887,0.6628242074927954,0.267084755079196,0,neural_pair_scorer_v2_focal,focal,V2 Focal
8,0.0123217355770369,0.7154152283835281,0.7525374635758005,0.686046511627907,0.6516129032258065,0.6920821114369502,0.6801152737752162,0.2649786743543706,0,neural_pair_scorer_v2_focal,focal,V2 Focal
9,0.0087599434221211,0.7306649882298297,0.7622893748610942,0.7062314540059347,0.6806451612903226,0.72782874617737,0.6858789625360231,0.2572029970516915,0,neural_pair_scorer_v2_focal,focal,V2 Focal
10,0.0049043601402678,0.7208727871552079,0.764943304167379,0.6984363365599404,0.6733870967741935,0.7226502311248074,0.6757925072046109,0.2761833974692928,0,neural_pair_scorer_v2_focal,focal,V2 Focal
11,0.0043959886369964,0.7255729381089612,0.7706301403598204,0.693293142426526,0.6717741935483871,0.7266982622432859,0.6628242074927954,0.2716116004361395,0,neural_pair_scorer_v2_focal,focal,V2 Focal
12,0.0030926530665825,0.7317667922855244,0.7725759518006305,0.7094890510948905,0.6790322580645162,0.7189349112426036,0.7002881844380403,0.2746405722311803,0,neural_pair_scorer_v2_focal,focal,V2 Focal
13,0.0029622731239308,0.7242547318195733,0.7729950226781699,0.7057971014492753,0.6725806451612903,0.7099125364431487,0.7017291066282421,0.2851825868931302,0,neural_pair_scorer_v2_focal,focal,V2 Focal
14,0.0037193568184589,0.7228336025165997,0.7737111915183059,0.6921921921921922,0.6693548387096774,0.7225705329153606,0.6642651296829971,0.2868025556348733,0,neural_pair_scorer_v2_focal,focal,V2 Focal
15,0.0019439418750922,0.7234590577530058,0.7750295280245761,0.695457930007446,0.6701612903225806,0.7195685670261941,0.6729106628242075,0.2845002318170742,0,neural_pair_scorer_v2_focal,focal,V2 Focal
16,0.0012864572423635,0.7278662739757842,0.7769102646624386,0.702903946388682,0.6782258064516129,0.7272727272727273,0.6801152737752162,0.284585470963357,0,neural_pair_scorer_v2_focal,focal,V2 Focal
17,0.0007038463779444,0.7278821082855665,0.7748155808079427,0.6955201214882308,0.6766129032258065,0.7351524879614767,0.659942363112392,0.2923620910029392,0,neural_pair_scorer_v2_focal,focal,V2 Focal
0,0.0740222164835685,0.6739910288568007,0.8026666626202814,0.6505681818181818,0.6029055690072639,0.7435064935064936,0.5782828282828283,0.2282871289380582,1,neural_pair_scorer_v2_focal,focal,V2 Focal
1,0.0571921481153903,0.7312724561046708,0.8269705958557703,0.669150521609538,0.6416464891041163,0.8163636363636364,0.5669191919191919,0.2195334744233948,1,neural_pair_scorer_v2_focal,focal,V2 Focal
2,0.0439743709105711,0.7328655684360382,0.8399632570372578,0.6929133858267716,0.6537530266343826,0.8,0.6111111111111112,0.2110943823652906,1,neural_pair_scorer_v2_focal,focal,V2 Focal
3,0.0338991967817911,0.7499011366461033,0.8456676190234181,0.7476882430647291,0.6916868442292171,0.7839335180055401,0.7146464646464646,0.2119249868997216,1,neural_pair_scorer_v2_focal,focal,V2 Focal
4,0.027429358412822,0.7236910491944049,0.8358900648484047,0.7515605493133583,0.678773204196933,0.7432098765432099,0.76010101010101,0.228635294432814,1,neural_pair_scorer_v2_focal,focal,V2 Focal
5,0.0232876852536812,0.7463053352315099,0.839342018516285,0.7411444141689373,0.6933010492332526,0.8047337278106509,0.6868686868686869,0.2281299901773225,1,neural_pair_scorer_v2_focal,focal,V2 Focal
6,0.0176363198850781,0.7458759858088717,0.8417102076162948,0.7337837837837838,0.682001614205004,0.7892441860465116,0.6856060606060606,0.2423330041032929,1,neural_pair_scorer_v2_focal,focal,V2 Focal
7,0.0144161534949372,0.7555787178270399,0.8480948320963968,0.7516778523489933,0.7013720742534302,0.8022922636103151,0.7070707070707071,0.2282076395767419,1,neural_pair_scorer_v2_focal,focal,V2 Focal
8,0.0124997727405757,0.7331875805030167,0.830753811161729,0.7528809218950064,0.688458434221146,0.7636363636363637,0.7424242424242424,0.2494804260348545,1,neural_pair_scorer_v2_focal,focal,V2 Focal
9,0.0127026228210291,0.7230936320701422,0.830268761083896,0.7405966277561609,0.6771589991928975,0.7613333333333333,0.7209595959595959,0.2591111156709867,1,neural_pair_scorer_v2_focal,focal,V2 Focal
10,0.0105600109359679,0.7491780218290285,0.8475566071847183,0.7522697795071336,0.6916868442292171,0.7733333333333333,0.7323232323232324,0.2440841268691468,1,neural_pair_scorer_v2_focal,focal,V2 Focal
11,0.0094842074367289,0.7263660090841297,0.8333274545223345,0.7323568575233023,0.6755447941888619,0.7746478873239436,0.6944444444444444,0.2566612308269221,1,neural_pair_scorer_v2_focal,focal,V2 Focal
12,0.0093206696343632,0.7335576119133166,0.8336255920472269,0.7422133863485753,0.6860371267150929,0.7810320781032078,0.7070707070707071,0.2519385378002226,1,neural_pair_scorer_v2_focal,focal,V2 Focal
13,0.0117115975381472,0.7495311052358032,0.8420578743505748,0.7287899860917941,0.6852300242130751,0.8111455108359134,0.6616161616161617,0.2596482794835398,1,neural_pair_scorer_v2_focal,focal,V2 Focal
14,0.004638672988408,0.7507118161480577,0.8488262640235149,0.7431984074319841,0.6876513317191283,0.7832167832167832,0.7070707070707071,0.2606044327549219,1,neural_pair_scorer_v2_focal,focal,V2 Focal
15,0.002078672848606,0.7455130160667074,0.8449431500824269,0.7328859060402685,0.678773204196933,0.7822349570200573,0.6893939393939394,0.2748862422584274,1,neural_pair_scorer_v2_focal,focal,V2 Focal
16,0.002442059095931,0.7406432897204709,0.8436110948982156,0.7441860465116279,0.6892655367231638,0.7854137447405329,0.7070707070707071,0.2748884580579717,1,neural_pair_scorer_v2_focal,focal,V2 Focal
17,0.0025158632092942,0.7417350236142183,0.8396837671088595,0.7379169503063309,0.6892655367231638,0.8005908419497785,0.6843434343434344,0.2746074102308479,1,neural_pair_scorer_v2_focal,focal,V2 Focal
18,0.0021103423249979,0.752960251282399,0.8465301724855183,0.7538155275381553,0.7005649717514124,0.7944055944055944,0.7171717171717171,0.2659118062006684,1,neural_pair_scorer_v2_focal,focal,V2 Focal
19,0.002811911949464,0.7445385058640093,0.8459744164497172,0.7347498286497601,0.6876513317191283,0.8035982008995503,0.6767676767676768,0.2784757762255008,1,neural_pair_scorer_v2_focal,focal,V2 Focal
20,0.0039241789013314,0.7423225544030914,0.8367342051020477,0.7279005524861878,0.682001614205004,0.8033536585365854,0.6654040404040404,0.2733461631311492,1,neural_pair_scorer_v2_focal,focal,V2 Focal
21,0.0020013556588823,0.7433973402933134,0.842616094591462,0.755700325732899,0.6973365617433414,0.7806191117092867,0.7323232323232324,0.2633893692661954,1,neural_pair_scorer_v2_focal,focal,V2 Focal
22,0.0011991271290193,0.7514603529704201,0.849046607320167,0.7547918043621943,0.7005649717514124,0.7919556171983356,0.7209595959595959,0.2682888834233102,1,neural_pair_scorer_v2_focal,focal,V2 Focal
23,0.0008225476280457,0.7510620748875783,0.8508393772566023,0.7531270572745227,0.6973365617433414,0.7867950481430537,0.7222222222222222,0.2721858884633841,1,neural_pair_scorer_v2_focal,focal,V2 Focal
24,0.0005987263517827,0.7504886674349761,0.8492390852582054,0.7552631578947369,0.6997578692493946,0.7884615384615384,0.7247474747474747,0.2718267859431814,1,neural_pair_scorer_v2_focal,focal,V2 Focal
25,0.0004010123180379,0.74981498429485,0.8498408083548958,0.7514754098360655,0.6941081517352704,0.781718963165075,0.7234848484848485,0.2750081451109254,1,neural_pair_scorer_v2_focal,focal,V2 Focal
26,0.0004713494478122,0.7489619347840824,0.8474475307330781,0.7537361923326835,0.6941081517352704,0.7764390896921017,0.7323232323232324,0.2754266967535556,1,neural_pair_scorer_v2_focal,focal,V2 Focal
27,0.0003434966625392,0.7497697896187827,0.848675934375497,0.7583979328165374,0.6981436642453591,0.7764550264550265,0.7411616161616161,0.2757357029379851,1,neural_pair_scorer_v2_focal,focal,V2 Focal
28,0.0003683517058491,0.7507075791471765,0.8504901958719009,0.7471798274717982,0.6924939467312349,0.7874125874125875,0.7108585858585859,0.2779481922381878,1,neural_pair_scorer_v2_focal,focal,V2 Focal
29,0.0010362927882502,0.7497062346055634,0.8476844060266222,0.7478491065519524,0.6924939467312349,0.7858136300417247,0.7133838383838383,0.2807043874317191,1,neural_pair_scorer_v2_focal,focal,V2 Focal
30,0.0005245757402008,0.7508120918355817,0.8493285553429467,0.7516512549537648,0.6965294592413237,0.7880886426592798,0.7184343434343434,0.2779990990486177,1,neural_pair_scorer_v2_focal,focal,V2 Focal
31,0.0004122902181011,0.7487190134002214,0.8484725949865375,0.7613563659628919,0.6989507667473769,0.7717250324254216,0.7512626262626263,0.2756878350886447,1,neural_pair_scorer_v2_focal,focal,V2 Focal
32,0.0003251311010946,0.7488899057691003,0.8482050730301445,0.7536041939711664,0.6965294592413237,0.7833787465940054,0.726010101010101,0.2768677070900338,1,neural_pair_scorer_v2_focal,focal,V2 Focal
33,0.0002984362483216,0.7485283483605631,0.8489218519096042,0.7561929595827901,0.6981436642453591,0.7816711590296496,0.7323232323232324,0.2769598411859388,1,neural_pair_scorer_v2_focal,focal,V2 Focal
34,0.000217259894224,0.7487048900639505,0.8496078704201817,0.755700325732899,0.6973365617433414,0.7806191117092867,0.7323232323232324,0.2780476377670706,1,neural_pair_scorer_v2_focal,focal,V2 Focal
35,0.0003800196891927,0.7482769529749395,0.8488637839170496,0.7498358502954695,0.6924939467312349,0.7811217510259918,0.7209595959595959,0.2804895442957255,1,neural_pair_scorer_v2_focal,focal,V2 Focal
36,0.0002029986374346,0.7503389600705036,0.8507487883836717,0.7580327868852459,0.7021791767554479,0.7885402455661664,0.7297979797979798,0.2770895960563468,1,neural_pair_scorer_v2_focal,focal,V2 Focal
37,0.0002379928829936,0.7503008270625721,0.8508994801732959,0.758800521512386,0.7013720742534302,0.784366576819407,0.7348484848484849,0.2763732736700708,1,neural_pair_scorer_v2_focal,focal,V2 Focal
38,0.0003429032088976,0.7504886674349761,0.8510217194231026,0.7596091205211727,0.7021791767554479,0.784656796769852,0.7361111111111112,0.2771849385859254,1,neural_pair_scorer_v2_focal,focal,V2 Focal
39,0.0002421372166328,0.7505804691207376,0.849552874894127,0.7543160690571049,0.7013720742534302,0.7955182072829131,0.7171717171717171,0.2767597816315715,1,neural_pair_scorer_v2_focal,focal,V2 Focal
40,0.0003315276294765,0.7481922129573136,0.849623044194452,0.752,0.6997578692493946,0.7966101694915254,0.7121212121212122,0.2800774788644449,1,neural_pair_scorer_v2_focal,focal,V2 Focal
41,0.0004312593753592,0.7510295912141549,0.8512644163882299,0.7569352708058125,0.7029862792574657,0.7936288088642659,0.7234848484848485,0.2780965478243917,1,neural_pair_scorer_v2_focal,focal,V2 Focal
42,0.0001965774316396,0.751759767699365,0.8516693230571578,0.7575757575757576,0.7029862792574657,0.7920110192837465,0.726010101010101,0.2775967964074918,1,neural_pair_scorer_v2_focal,focal,V2 Focal
43,0.0001966087401785,0.7516849140171289,0.851425735181815,0.759344262295082,0.7037933817594835,0.7899045020463847,0.7310606060606061,0.2779410097869661,1,neural_pair_scorer_v2_focal,focal,V2 Focal
44,0.0002016592754024,0.750930727860258,0.8507885577635759,0.7592954990215264,0.7021791767554479,0.7854251012145749,0.7348484848484849,0.2779901312587748,1,neural_pair_scorer_v2_focal,focal,V2 Focal
45,0.0001965900952573,0.7519758547443111,0.8519689704556935,0.7597103357472021,0.705407586763519,0.7936726272352133,0.7285353535353535,0.2768304532631743,1,neural_pair_scorer_v2_focal,focal,V2 Focal
46,0.0002161912985824,0.7505832937879917,0.8503761178488243,0.7537754432042022,0.6973365617433414,0.7852257181942545,0.7247474747474747,0.2783526240012604,1,neural_pair_scorer_v2_focal,focal,V2 Focal
47,0.0001797172314512,0.7505268004429079,0.8503544217436392,0.7524883875248839,0.6989507667473769,0.793006993006993,0.7159090909090909,0.2793850471749382,1,neural_pair_scorer_v2_focal,focal,V2 Focal
48,0.000248851032106,0.7511383409034416,0.8497982561256845,0.7562254259501966,0.6997578692493946,0.7861035422343324,0.7285353535353535,0.2789214680021495,1,neural_pair_scorer_v2_focal,focal,V2 Focal
49,0.0002276454889653,0.7523713081598988,0.8512843929296248,0.7550620509470934,0.6973365617433414,0.7821380243572396,0.7297979797979798,0.2781358567019831,1,neural_pair_scorer_v2_focal,focal,V2 Focal
50,0.000146881837398,0.7524659345129143,0.851408472665176,0.756544502617801,0.6997578692493946,0.7853260869565217,0.7297979797979798,0.2783605972877511,1,neural_pair_scorer_v2_focal,focal,V2 Focal
51,0.0001729152719492,0.7524376878403723,0.8512173554708744,0.7566862361382909,0.6989507667473769,0.7827260458839406,0.7323232323232324,0.2781190119501847,1,neural_pair_scorer_v2_focal,focal,V2 Focal
52,0.0001494224500978,0.7527215668994193,0.8514259644114641,0.7573577501635056,0.7005649717514124,0.7856173677069199,0.7310606060606061,0.2777173580869237,1,neural_pair_scorer_v2_focal,focal,V2 Focal
53,9.276659184018707e-05,0.7524828825164395,0.8511702953275347,0.7581699346405228,0.7013720742534302,0.7859078590785907,0.7323232323232324,0.2779279318653847,1,neural_pair_scorer_v2_focal,focal,V2 Focal
54,0.0001828328228769,0.7521834677874946,0.8509400358406474,0.7576747224036577,0.7005649717514124,0.7848443843031123,0.7323232323232324,0.2789074614055263,1,neural_pair_scorer_v2_focal,focal,V2 Focal
55,9.644388417375291e-05,0.7529659006169073,0.8517428011251161,0.7554098360655738,0.6989507667473769,0.7858117326057299,0.7272727272727273,0.2781211505277672,1,neural_pair_scorer_v2_focal,focal,V2 Focal
56,0.0001121385398968,0.7527596999073509,0.8514972080282813,0.7568627450980392,0.6997578692493946,0.7845528455284553,0.7310606060606061,0.2787323736004254,1,neural_pair_scorer_v2_focal,focal,V2 Focal
57,0.0001690456526305,0.7520761304318352,0.8507846268124581,0.7581699346405228,0.7013720742534302,0.7859078590785907,0.7323232323232324,0.2797901923588031,1,neural_pair_scorer_v2_focal,focal,V2 Focal
58,0.0001458610295463,0.7518784037240414,0.8505298954655702,0.7560497056899934,0.6989507667473769,0.7842605156037992,0.7297979797979798,0.2803483980546062,1,neural_pair_scorer_v2_focal,focal,V2 Focal
59,0.0001588661504147,0.7516001739995029,0.8503119118160914,0.7570399476096922,0.7005649717514124,0.7863945578231293,0.7297979797979798,0.2807040684387658,1,neural_pair_scorer_v2_focal,focal,V2 Focal
60,0.0001554372268005,0.7514914243102162,0.8504237725770729,0.7570399476096922,0.7005649717514124,0.7863945578231293,0.7297979797979798,0.2802208057845003,1,neural_pair_scorer_v2_focal,focal,V2 Focal
0,0.0749123128942954,0.744310308512643,0.8329292476035637,0.638801261829653,0.6303470540758677,0.8148893360160966,0.5252918287937743,0.2217948057750649,2,neural_pair_scorer_v2_focal,focal,V2 Focal
1,0.0573638208592549,0.7598883678650217,0.8497941995705505,0.7063953488372093,0.6739305891848265,0.8033057851239669,0.6303501945525292,0.1980437804879339,2,neural_pair_scorer_v2_focal,focal,V2 Focal
2,0.0433558529863754,0.7615124103450952,0.8472735084156353,0.6738794435857806,0.6594027441485069,0.8336520076481836,0.5654993514915694,0.2131564189341687,2,neural_pair_scorer_v2_focal,focal,V2 Focal
3,0.0336452693415757,0.7567123393971643,0.8389033807026228,0.7030213706705969,0.6747376916868443,0.8139931740614335,0.6186770428015564,0.2148549853677361,2,neural_pair_scorer_v2_focal,focal,V2 Focal
4,0.0262911213466372,0.7739282982473643,0.8557787228003926,0.7255474452554744,0.6965294592413237,0.8297161936560935,0.6446173800259404,0.220662478298478,2,neural_pair_scorer_v2_focal,focal,V2 Focal
5,0.019916940981952,0.7532286851352998,0.8439892502947915,0.7275300778485492,0.6892655367231638,0.8006230529595015,0.6666666666666666,0.2337417409170616,2,neural_pair_scorer_v2_focal,focal,V2 Focal
6,0.0173970795212647,0.7748761182613323,0.8584245084014146,0.7586666666666667,0.7078288942695722,0.7805212620027435,0.7380025940337225,0.2258829972409951,2,neural_pair_scorer_v2_focal,focal,V2 Focal
7,0.016323579260363,0.7598163113727316,0.8363217129436404,0.7371349095966621,0.6949152542372882,0.7946026986506747,0.6874189364461738,0.2307889260780128,2,neural_pair_scorer_v2_focal,focal,V2 Focal
8,0.0110376032714087,0.7680612369328322,0.8488805186817243,0.7363253856942497,0.6965294592413237,0.8015267175572519,0.6809338521400778,0.2487369064662348,2,neural_pair_scorer_v2_focal,focal,V2 Focal
9,0.0120541457779323,0.7649364794306428,0.8530044997521553,0.743893928820656,0.7037933817594835,0.8051359516616314,0.6913099870298314,0.2503428968574534,2,neural_pair_scorer_v2_focal,focal,V2 Focal
10,0.0088285534606816,0.7782406021705632,0.8651077305499815,0.761049723756906,0.7207425343018563,0.8138847858197932,0.7146562905317769,0.2340531269654991,2,neural_pair_scorer_v2_focal,focal,V2 Focal
11,0.0109011560487441,0.7765195605662533,0.8587783479663909,0.7457865168539326,0.7078288942695722,0.8131699846860643,0.688715953307393,0.2317120335076407,2,neural_pair_scorer_v2_focal,focal,V2 Focal
12,0.0081110769846978,0.7696603367809592,0.8530545803960223,0.7413554633471646,0.6981436642453591,0.794074074074074,0.695201037613489,0.2540351172763525,2,neural_pair_scorer_v2_focal,focal,V2 Focal
13,0.0076430446396653,0.7592176882060151,0.8438908088694947,0.7386286490156144,0.6892655367231638,0.7749287749287749,0.7055771725032426,0.249462363517089,2,neural_pair_scorer_v2_focal,focal,V2 Focal
14,0.0099947978175269,0.773429445608434,0.8517992018077075,0.7480809490579204,0.70863599677159,0.8096676737160121,0.695201037613489,0.227954218763568,2,neural_pair_scorer_v2_focal,focal,V2 Focal
15,0.0088240357521825,0.7571502211580032,0.8415331026317134,0.7515070328198259,0.7005649717514124,0.7770083102493075,0.7276264591439688,0.2491467864360101,2,neural_pair_scorer_v2_focal,focal,V2 Focal
16,0.006018343166663,0.7665563648053921,0.8506019405775056,0.7594433399602386,0.7070217917675545,0.7764227642276422,0.7431906614785992,0.248213210229075,2,neural_pair_scorer_v2_focal,focal,V2 Focal
17,0.0025942465962054,0.7738257563160287,0.8563879576744804,0.7567567567567568,0.7094430992736077,0.7898448519040903,0.7263294422827496,0.2533116721328201,2,neural_pair_scorer_v2_focal,focal,V2 Focal
18,0.001127651919654,0.7774008668950303,0.8559302839450725,0.7562797012898846,0.7102502017756255,0.7934472934472935,0.7224383916990921,0.254218244864374,2,neural_pair_scorer_v2_focal,focal,V2 Focal
19,0.0010983241889521,0.7763726761781236,0.8554594228187926,0.7554054054054054,0.7078288942695722,0.7884344146685472,0.7250324254215305,0.2621255806828768,2,neural_pair_scorer_v2_focal,focal,V2 Focal
20,0.0014393102791449,0.7644944405644795,0.8461961633097843,0.7439945092656143,0.6989507667473769,0.7900874635568513,0.7029831387808041,0.2726125927126771,2,neural_pair_scorer_v2_focal,focal,V2 Focal
21,0.0012162685299513,0.7763588191603756,0.8555799362664986,0.7622895622895622,0.7150928167877321,0.7927170868347339,0.7341115434500648,0.2583637254396402,2,neural_pair_scorer_v2_focal,focal,V2 Focal
22,0.0017970854822077,0.772905650337557,0.8535885535047048,0.7463917525773196,0.7021791767554479,0.793859649122807,0.7042801556420234,0.2686144950795866,2,neural_pair_scorer_v2_focal,focal,V2 Focal
23,0.0014945433877307,0.7769629851341914,0.8560010329992596,0.7605070046697798,0.7102502017756255,0.782967032967033,0.7392996108949417,0.2594589627479238,2,neural_pair_scorer_v2_focal,focal,V2 Focal
24,0.0006163580116826,0.7826984047801169,0.8616161312897714,0.7632978723404256,0.7126715092816788,0.7830832196452933,0.7444876783398184,0.2580323833702272,2,neural_pair_scorer_v2_focal,focal,V2 Focal
25,0.0005132419751951,0.7765334175840012,0.8572994010488422,0.7624831309041835,0.7158999192897498,0.7946554149085795,0.7328145265888456,0.2616985504636273,2,neural_pair_scorer_v2_focal,focal,V2 Focal
0,0.0743025900461734,0.7157518353471364,0.8166718547864058,0.6550151975683891,0.6335754640839386,0.805607476635514,0.5518565941101152,0.2267638573726087,3,neural_pair_scorer_v2_focal,focal,V2 Focal
1,0.0570869959699801,0.7487405576771466,0.8278539351653478,0.7097242380261248,0.6771589991928975,0.8190954773869347,0.6261203585147247,0.2061370388406881,3,neural_pair_scorer_v2_focal,focal,V2 Focal
2,0.0440945404653365,0.7230540847306945,0.8139332795577547,0.6977745872218234,0.6602098466505246,0.7941176470588235,0.6222791293213829,0.2144646485724132,3,neural_pair_scorer_v2_focal,focal,V2 Focal
3,0.034177662900243,0.719210059882918,0.8076929375496138,0.6976744186046512,0.6537530266343826,0.7758620689655172,0.6338028169014085,0.223813954434125,3,neural_pair_scorer_v2_focal,focal,V2 Focal
4,0.0291840148230011,0.7427690398045279,0.8345506903770522,0.7074047447879224,0.6715092816787732,0.8065573770491803,0.6299615877080665,0.2283787486030871,3,neural_pair_scorer_v2_focal,focal,V2 Focal
5,0.023390754388693,0.729934190294606,0.8258890845644148,0.6974063400576369,0.6610169491525424,0.7973640856672158,0.6197183098591549,0.2506182415641487,3,neural_pair_scorer_v2_focal,focal,V2 Focal
6,0.0166571618129427,0.7417066911193242,0.8294561227090345,0.7285318559556787,0.6836158192090396,0.7933634992458521,0.6734955185659411,0.2345055154504356,3,neural_pair_scorer_v2_focal,focal,V2 Focal
7,0.0142629084726556,0.7423706590475765,0.8262301037328763,0.7374914324880055,0.6908797417271993,0.7935103244837758,0.6888604353393086,0.2388713922773231,3,neural_pair_scorer_v2_focal,focal,V2 Focal
8,0.0148684018864654,0.7292240940681803,0.8139688525994829,0.7460106382978723,0.6916868442292171,0.7759336099585062,0.7183098591549296,0.238165003574147,3,neural_pair_scorer_v2_focal,focal,V2 Focal
9,0.0117134191215229,0.7163361271239985,0.8088458052875687,0.7161512027491409,0.6666666666666666,0.7729970326409495,0.6670934699103713,0.2742246572341406,3,neural_pair_scorer_v2_focal,focal,V2 Focal
10,0.0132064486089616,0.7247091121560646,0.80558053628218,0.7450462351387054,0.688458434221146,0.7694406548431105,0.7221510883482715,0.25212111055025,3,neural_pair_scorer_v2_focal,focal,V2 Focal
11,0.0064380953136162,0.723778159229294,0.8096280321062652,0.736,0.6803874092009685,0.7677329624478443,0.706786171574904,0.2737061315640558,3,neural_pair_scorer_v2_focal,focal,V2 Focal
12,0.0035713324577022,0.7329786579740452,0.8164546161653198,0.7581274382314694,0.6997578692493946,0.7701453104359313,0.7464788732394366,0.2668977568883369,3,neural_pair_scorer_v2_focal,focal,V2 Focal
13,0.0034068225694891,0.7400656419661279,0.8247965942782768,0.7519788918205804,0.6965294592413237,0.7755102040816326,0.7298335467349552,0.2677417929864642,3,neural_pair_scorer_v2_focal,focal,V2 Focal
14,0.0032652603366818,0.7545806797913324,0.8353205115839719,0.7679158448389217,0.7150928167877321,0.7891891891891892,0.7477592829705506,0.2503008631074452,3,neural_pair_scorer_v2_focal,focal,V2 Focal
15,0.0023058613714499,0.7341919719987252,0.8195128656239874,0.735475051264525,0.6876513317191283,0.7888563049853372,0.6888604353393086,0.2805813361276725,3,neural_pair_scorer_v2_focal,focal,V2 Focal
16,0.0023393445295275,0.742369261220359,0.8238503803903315,0.762278978388998,0.7070217917675545,0.7801608579088471,0.7451984635083226,0.2668110432615211,3,neural_pair_scorer_v2_focal,focal,V2 Focal
17,0.0027549701730887,0.7348181985921085,0.8191983093670469,0.7417218543046358,0.6852300242130751,0.7681755829903978,0.7170294494238156,0.2818220994023847,3,neural_pair_scorer_v2_focal,focal,V2 Focal
18,0.0058072066943471,0.7444520237742454,0.8279405992056359,0.7470355731225297,0.6900726392251816,0.7693351424694709,0.7259923175416133,0.2566887459275954,3,neural_pair_scorer_v2_focal,focal,V2 Focal
19,0.0029378427888075,0.7563377486035706,0.8383938963386318,0.7503373819163293,0.7013720742534302,0.7931526390870185,0.7119078104993598,0.2558802457814576,3,neural_pair_scorer_v2_focal,focal,V2 Focal
20,0.0021719465029234,0.7554207739489738,0.8376005439823249,0.7501683501683502,0.7005649717514124,0.7911931818181818,0.7131882202304738,0.2628299081774771,3,neural_pair_scorer_v2_focal,focal,V2 Focal
21,0.0011552862277499,0.7536063942208232,0.835057288145094,0.7752736638763683,0.718321226795803,0.7797927461139896,0.7708066581306018,0.257395003188245,3,neural_pair_scorer_v2_focal,focal,V2 Focal
22,0.0009438028166,0.7594171619634441,0.8377387985662473,0.7619047619047619,0.7094430992736077,0.7879616963064295,0.737516005121639,0.2626183269617104,3,neural_pair_scorer_v2_focal,focal,V2 Focal
23,0.0007941903789357,0.7607996130814262,0.8390421038124649,0.760898282694848,0.7078288942695722,0.7858117326057299,0.737516005121639,0.2654385395079401,3,neural_pair_scorer_v2_focal,focal,V2 Focal
24,0.0018767264952587,0.7439879451380774,0.827137396519837,0.752449379490529,0.6941081517352704,0.768,0.737516005121639,0.2773594819583144,3,neural_pair_scorer_v2_focal,focal,V2 Focal
25,0.0021773256504764,0.7374754681323352,0.8313409526191355,0.7381745502998002,0.6828087167070218,0.7694444444444445,0.7093469910371318,0.2850664159508069,3,neural_pair_scorer_v2_focal,focal,V2 Focal
26,0.0057142394541118,0.732461461903617,0.8179921122360264,0.7341944255608429,0.6844229217110573,0.782608695652174,0.6914212548015365,0.2660945639552659,3,neural_pair_scorer_v2_focal,focal,V2 Focal
27,0.0026186155103063,0.7409504665947252,0.8252033025964157,0.7556142668428005,0.7013720742534302,0.7803547066848567,0.7323943661971831,0.2659304194323122,3,neural_pair_scorer_v2_focal,focal,V2 Focal
28,0.0013958058463266,0.7401578985624745,0.8289956233280146,0.7360544217687075,0.6868442292171105,0.7851959361393324,0.6927016645326505,0.2806855025915978,3,neural_pair_scorer_v2_focal,focal,V2 Focal
29,0.0011678347201758,0.7426432353549643,0.8334957262283237,0.7381275440976933,0.688458434221146,0.784992784992785,0.6965428937259923,0.2838437574731698,3,neural_pair_scorer_v2_focal,focal,V2 Focal
30,0.0019441785875525,0.7438509580707748,0.8314464214566221,0.7561136814276272,0.7021791767554479,0.7814207650273224,0.7323943661971831,0.2688709828699585,3,neural_pair_scorer_v2_focal,focal,V2 Focal
31,0.0007419762336305,0.7455227594227533,0.8298884285041517,0.7621550591327201,0.7078288942695722,0.7827260458839406,0.7426376440460948,0.271257264757998,3,neural_pair_scorer_v2_focal,focal,V2 Focal
32,0.000410446866646,0.7465459689458706,0.8308791032729,0.7601572739187418,0.7046004842615012,0.7785234899328859,0.7426376440460948,0.2717114267080749,3,neural_pair_scorer_v2_focal,focal,V2 Focal
33,0.00053079627161,0.7448587914945008,0.8293780948965679,0.7545931758530183,0.6981436642453591,0.7738896366083445,0.736235595390525,0.2756780179111573,3,neural_pair_scorer_v2_focal,focal,V2 Focal
34,0.0002988233342106,0.7453340527484078,0.8294862365800576,0.7498341074983411,0.6957223567393059,0.778236914600551,0.7234314980793854,0.2785244221184647,3,neural_pair_scorer_v2_focal,focal,V2 Focal
35,0.0005298317731873,0.7469806932104737,0.8297506903265786,0.7514831905075807,0.6957223567393059,0.7744565217391305,0.7298335467349552,0.2795026457783793,3,neural_pair_scorer_v2_focal,focal,V2 Focal
36,0.0003518324957463,0.7437153688306897,0.8274256124906572,0.7527868852459016,0.6957223567393059,0.771505376344086,0.734955185659411,0.2816098228326235,3,neural_pair_scorer_v2_focal,focal,V2 Focal
37,0.0002171471004168,0.7458792053631835,0.8291099106522206,0.7552631578947369,0.6997578692493946,0.7767253044654939,0.734955185659411,0.2812727222858565,3,neural_pair_scorer_v2_focal,focal,V2 Focal
38,0.0001473090775013,0.746270596984048,0.8288325672129334,0.7544437129690585,0.6989507667473769,0.7764227642276422,0.7336747759282971,0.280499644220363,3,neural_pair_scorer_v2_focal,focal,V2 Focal
0,0.07389364276941,0.7141139198513801,0.8210904962953238,0.6853046594982078,0.645682001614205,0.7623604465709729,0.6223958333333334,0.2202613516807437,4,neural_pair_scorer_v2_focal,focal,V2 Focal
1,0.0570846528579027,0.7545531449044586,0.838505556744976,0.7417840375586855,0.6892655367231638,0.7648686030428768,0.7200520833333334,0.1945802620505453,4,neural_pair_scorer_v2_focal,focal,V2 Focal
2,0.0443204579731592,0.7328324044585987,0.819064385978273,0.6965811965811965,0.6561743341404358,0.7688679245283019,0.63671875,0.2101057426301059,4,neural_pair_scorer_v2_focal,focal,V2 Focal
3,0.0339618541586857,0.7566735226468506,0.8328478497232336,0.7311977715877437,0.688458434221146,0.7859281437125748,0.68359375,0.2072385138416619,4,neural_pair_scorer_v2_focal,focal,V2 Focal
4,0.0270830991033178,0.7453694488676575,0.8322640052977839,0.7102272727272727,0.6707021791767555,0.78125,0.6510416666666666,0.2198534454183183,4,neural_pair_scorer_v2_focal,focal,V2 Focal
5,0.022084759763227,0.7461296886058033,0.8224127644870962,0.7376171352074966,0.6836158192090396,0.7589531680440771,0.7174479166666666,0.2216585275817307,4,neural_pair_scorer_v2_focal,focal,V2 Focal
6,0.0185130628733298,0.7412669187898089,0.8176911885549123,0.7326599326599327,0.6795803066989508,0.7587168758716876,0.7083333333333334,0.2289010680131066,4,neural_pair_scorer_v2_focal,focal,V2 Focal
7,0.0164402124877923,0.7482445373319178,0.8203814518457241,0.7256140350877193,0.6844229217110573,0.786910197869102,0.6731770833333334,0.232487216741123,4,neural_pair_scorer_v2_focal,focal,V2 Focal
8,0.0114762290643575,0.7782339216206652,0.8467575447800788,0.7765472312703583,0.7231638418079096,0.7770534550195567,0.7760416666666666,0.2263262219828161,4,neural_pair_scorer_v2_focal,focal,V2 Focal
9,0.0056908026558514,0.7672878516454352,0.8366974009840165,0.7581699346405228,0.7013720742534302,0.7611548556430446,0.7552083333333334,0.2404566970767084,4,neural_pair_scorer_v2_focal,focal,V2 Focal
10,0.0046337998549764,0.7639165339702759,0.8272600476888907,0.7516869095816464,0.7029862792574657,0.7801120448179272,0.7252604166666666,0.2550808424638623,4,neural_pair_scorer_v2_focal,focal,V2 Focal
11,0.0059237754933583,0.7635626769285209,0.8371386340701538,0.7598137059214903,0.70863599677159,0.7768707482993197,0.7434895833333334,0.2459588859326059,4,neural_pair_scorer_v2_focal,focal,V2 Focal
12,0.0058875893487427,0.7636649637296533,0.8347990093401154,0.7321178120617111,0.6916868442292171,0.7933130699088146,0.6796875,0.2569755190513469,4,neural_pair_scorer_v2_focal,focal,V2 Focal
13,0.0046805273950434,0.770230670559094,0.8402558312475458,0.7474332648870636,0.7021791767554479,0.7878787878787878,0.7109375,0.2552669370323495,4,neural_pair_scorer_v2_focal,focal,V2 Focal
14,0.0029469463871254,0.7705085036270347,0.8406382555752856,0.7569397427217333,0.7102502017756255,0.7884344146685472,0.7278645833333334,0.2541464234794384,4,neural_pair_scorer_v2_focal,focal,V2 Focal
15,0.0023392290048575,0.770471182767162,0.8412391401158751,0.7589466576637407,0.711864406779661,0.788218793828892,0.7317708333333334,0.2532701858060913,4,neural_pair_scorer_v2_focal,focal,V2 Focal
16,0.0015433774606208,0.767846282289455,0.8398706082576255,0.7594086021505376,0.7110573042776432,0.7847222222222222,0.7356770833333334,0.2589989775233032,4,neural_pair_scorer_v2_focal,focal,V2 Focal
17,0.0013573211087928,0.7710296134111818,0.840586748327128,0.7590847913862718,0.7110573042776432,0.7855153203342619,0.734375,0.2553623007386267,4,neural_pair_scorer_v2_focal,focal,V2 Focal
18,0.0017540217884696,0.7679292175336164,0.8401670271568344,0.7645502645502645,0.7126715092816788,0.7768817204301075,0.7526041666666666,0.2575333166758732,4,neural_pair_scorer_v2_focal,focal,V2 Focal
19,0.0013449028069422,0.7659221846249114,0.8384600623107928,0.7737789203084833,0.7158999192897498,0.7639593908629442,0.7838541666666666,0.2549362071131524,4,neural_pair_scorer_v2_focal,focal,V2 Focal
20,0.001114240184483,0.7689866418966738,0.8407539372532334,0.7563249001331558,0.7046004842615012,0.773841961852861,0.7395833333333334,0.2639467216354559,4,neural_pair_scorer_v2_focal,focal,V2 Focal
21,0.0007881547974718,0.7697454993807502,0.8410950945952017,0.7705456936226167,0.718321226795803,0.7782204515272244,0.7630208333333334,0.2586334891860641,4,neural_pair_scorer_v2_focal,focal,V2 Focal
22,0.0008846622173829,0.7708153640304317,0.8418827739819643,0.7701375245579568,0.7167070217917676,0.7747035573122529,0.765625,0.2563458506618247,4,neural_pair_scorer_v2_focal,focal,V2 Focal
23,0.0005958954616522,0.7694358744692145,0.841075367175381,0.7731421121251629,0.7191283292978208,0.7741514360313316,0.7721354166666666,0.2574802206530679,4,neural_pair_scorer_v2_focal,focal,V2 Focal
0,0.1389995924173257,0.6699443687916311,0.715746704154054,0.601957585644372,0.6064516129032258,0.693609022556391,0.531700288184438,0.2319356268627986,0,neural_pair_scorer_resmlp_hybrid_focal_ranking,hybrid_focal_ranking,Hybrid Focal
1,0.0906628100917889,0.7079044874433924,0.7504639631260273,0.670817120622568,0.6588709677419354,0.7292724196277496,0.6210374639769453,0.2231343404403434,0,neural_pair_scorer_resmlp_hybrid_focal_ranking,hybrid_focal_ranking,Hybrid Focal
2,0.0742983560149486,0.7022146921282368,0.7483659702535471,0.6696428571428571,0.6419354838709678,0.6923076923076923,0.6484149855907781,0.2203556721206871,0,neural_pair_scorer_resmlp_hybrid_focal_ranking,hybrid_focal_ranking,Hybrid Focal
3,0.0604180977321588,0.7125888040873631,0.7686868353081566,0.6921944035346097,0.6629032258064517,0.7078313253012049,0.6772334293948127,0.2139583140821428,0,neural_pair_scorer_resmlp_hybrid_focal_ranking,hybrid_focal_ranking,Hybrid Focal
4,0.0528307016461323,0.717975108465022,0.7816849151330597,0.646677471636953,0.6483870967741936,0.7388888888888889,0.5749279538904899,0.2152619852768366,0,neural_pair_scorer_resmlp_hybrid_focal_ranking,hybrid_focal_ranking,Hybrid Focal
5,0.0449190898201404,0.725129577435053,0.7719755290068979,0.6629834254143646,0.6556451612903226,0.7329842931937173,0.6051873198847262,0.2147363292919683,0,neural_pair_scorer_resmlp_hybrid_focal_ranking,hybrid_focal_ranking,Hybrid Focal
6,0.0372192324736179,0.737886753016436,0.7871169190146237,0.6909090909090909,0.6846774193548387,0.7653239929947461,0.6296829971181557,0.2103593567575343,0,neural_pair_scorer_resmlp_hybrid_focal_ranking,hybrid_focal_ranking,Hybrid Focal
7,0.0321959274797103,0.7256494706062431,0.7809728956650086,0.6738296239447429,0.657258064516129,0.7208538587848933,0.6325648414985591,0.2173101436297218,0,neural_pair_scorer_resmlp_hybrid_focal_ranking,hybrid_focal_ranking,Hybrid Focal
8,0.0280411607370926,0.7391878054702262,0.776239407072612,0.6994047619047619,0.6741935483870968,0.7230769230769231,0.6772334293948127,0.209384169572122,0,neural_pair_scorer_resmlp_hybrid_focal_ranking,hybrid_focal_ranking,Hybrid Focal
9,0.0215388824208042,0.7192101846280521,0.7706140468029552,0.7065609228550829,0.6717741935483871,0.7070707070707071,0.7060518731988472,0.2257393456077027,0,neural_pair_scorer_resmlp_hybrid_focal_ranking,hybrid_focal_ranking,Hybrid Focal
10,0.0181734892420279,0.7328356081958387,0.766224037404936,0.6986301369863014,0.6806451612903226,0.7403225806451613,0.6613832853025937,0.2242930646756619,0,neural_pair_scorer_resmlp_hybrid_focal_ranking,hybrid_focal_ranking,Hybrid Focal
11,0.0160654724503938,0.7288163325627303,0.7720150415799207,0.6899696048632219,0.6709677419354839,0.729903536977492,0.654178674351585,0.2295239548554943,0,neural_pair_scorer_resmlp_hybrid_focal_ranking,hybrid_focal_ranking,Hybrid Focal
12,0.0116095551026937,0.7484244861766476,0.7918245061909944,0.7250361794500724,0.6935483870967742,0.7281976744186046,0.7219020172910663,0.2223084198534618,0,neural_pair_scorer_resmlp_hybrid_focal_ranking,hybrid_focal_ranking,Hybrid Focal
13,0.0086547968228562,0.7386916637637099,0.7825937947931263,0.7158196134574087,0.6798387096774193,0.7112375533428165,0.7204610951008645,0.2353010107970048,0,neural_pair_scorer_resmlp_hybrid_focal_ranking,hybrid_focal_ranking,Hybrid Focal
14,0.006419839289708,0.7396390832990257,0.7825796627129653,0.7365591397849462,0.6838709677419355,0.690176322418136,0.7896253602305475,0.2437785075326245,0,neural_pair_scorer_resmlp_hybrid_focal_ranking,hybrid_focal_ranking,Hybrid Focal
15,0.0041657499252603,0.7439829622826741,0.7894000214902233,0.718887262079063,0.6903225806451613,0.7306547619047619,0.707492795389049,0.2401410135934547,0,neural_pair_scorer_resmlp_hybrid_focal_ranking,hybrid_focal_ranking,Hybrid Focal
16,0.00215219193174,0.7418215789973717,0.7846370344302697,0.7214076246334311,0.6935483870967742,0.7343283582089553,0.7089337175792507,0.2471011836535003,0,neural_pair_scorer_resmlp_hybrid_focal_ranking,hybrid_focal_ranking,Hybrid Focal
17,0.0018222124968022,0.7384040071359956,0.7878352746326712,0.7106227106227107,0.6814516129032258,0.7228017883755589,0.6988472622478387,0.2560594049069791,0,neural_pair_scorer_resmlp_hybrid_focal_ranking,hybrid_focal_ranking,Hybrid Focal
18,0.0021793947955115,0.7311848814010198,0.7733378240348323,0.7049924357034796,0.6854838709677419,0.7420382165605095,0.6714697406340058,0.260680839403556,0,neural_pair_scorer_resmlp_hybrid_focal_ranking,hybrid_focal_ranking,Hybrid Focal
19,0.0025593446006473,0.7273674932176373,0.7710231135364016,0.6978146194423511,0.6766129032258065,0.731437598736177,0.6671469740634006,0.2640413686859844,0,neural_pair_scorer_resmlp_hybrid_focal_ranking,hybrid_focal_ranking,Hybrid Focal
20,0.0022285207930671,0.7427320518098617,0.7842069627638849,0.7006079027355623,0.682258064516129,0.7411575562700965,0.6642651296829971,0.2554553194901658,0,neural_pair_scorer_resmlp_hybrid_focal_ranking,hybrid_focal_ranking,Hybrid Focal
21,0.0006246242906528,0.7375463153561137,0.7804145466849897,0.7037861915367484,0.6782258064516129,0.7258805513016845,0.6829971181556196,0.2571280133664577,0,neural_pair_scorer_resmlp_hybrid_focal_ranking,hybrid_focal_ranking,Hybrid Focal
22,0.0006301651118496,0.7449884409538589,0.7867568811881,0.7097253155159614,0.6846774193548387,0.7320061255742726,0.6887608069164265,0.2538514912056971,0,neural_pair_scorer_resmlp_hybrid_focal_ranking,hybrid_focal_ranking,Hybrid Focal
23,0.0004864720950792,0.7425816258669284,0.7855711787689219,0.7146034099332839,0.6895161290322581,0.7358778625954199,0.6945244956772334,0.2562734522126114,0,neural_pair_scorer_resmlp_hybrid_focal_ranking,hybrid_focal_ranking,Hybrid Focal
24,0.0003448393319372,0.7403252367229313,0.7843434076451894,0.7129008202833707,0.6895161290322581,0.7387944358578052,0.6887608069164265,0.2597014241605673,0,neural_pair_scorer_resmlp_hybrid_focal_ranking,hybrid_focal_ranking,Hybrid Focal
25,0.0003157683673541,0.7416078158153087,0.7857170293723976,0.7122676579925651,0.6879032258064516,0.7357910906298003,0.6902017291066282,0.2596347771900927,0,neural_pair_scorer_resmlp_hybrid_focal_ranking,hybrid_focal_ranking,Hybrid Focal
26,0.0003020704901316,0.7420379812310647,0.7851179918921808,0.7149253731343284,0.6919354838709677,0.7414860681114551,0.6902017291066282,0.2598522163711451,0,neural_pair_scorer_resmlp_hybrid_focal_ranking,hybrid_focal_ranking,Hybrid Focal
27,0.0003853490899275,0.7407474849837962,0.783031750482867,0.7162859248341931,0.6895161290322581,0.7330316742081447,0.7002881844380403,0.2601729383194659,0,neural_pair_scorer_resmlp_hybrid_focal_ranking,hybrid_focal_ranking,Hybrid Focal
0,0.1416786989340415,0.6362930196822815,0.7618525016611816,0.6415094339622641,0.585956416464891,0.7183098591549296,0.5795454545454546,0.2362688201530924,1,neural_pair_scorer_resmlp_hybrid_focal_ranking,hybrid_focal_ranking,Hybrid Focal
1,0.0933552942214868,0.6896679321175965,0.8018018587480613,0.6085603112840466,0.5940274414850686,0.7931034482758621,0.4936868686868687,0.2323664547837215,1,neural_pair_scorer_resmlp_hybrid_focal_ranking,hybrid_focal_ranking,Hybrid Focal
2,0.0770873427391052,0.7304871986080039,0.8233919663611503,0.6128,0.609362389023406,0.8362445414847162,0.4835858585858585,0.2268109911540405,1,neural_pair_scorer_resmlp_hybrid_focal_ranking,hybrid_focal_ranking,Hybrid Focal
3,0.0655408746156937,0.7457008564391114,0.833421672122391,0.7004279600570613,0.6610169491525424,0.8049180327868852,0.6199494949494949,0.2099790198906325,1,neural_pair_scorer_resmlp_hybrid_focal_ranking,hybrid_focal_ranking,Hybrid Focal
4,0.0542828188492701,0.7736396402503785,0.8612979994399345,0.7616511318242344,0.7110573042776432,0.8056338028169014,0.7222222222222222,0.1919109064514667,1,neural_pair_scorer_resmlp_hybrid_focal_ranking,hybrid_focal_ranking,Hybrid Focal
5,0.0441761232243898,0.733102840485391,0.8281563436826792,0.6865021770682148,0.6513317191283293,0.8071672354948806,0.5972222222222222,0.2130072146451389,1,neural_pair_scorer_resmlp_hybrid_focal_ranking,hybrid_focal_ranking,Hybrid Focal
6,0.0375000262298645,0.7452008903351184,0.8404574597717391,0.7259056732740943,0.6763518966908797,0.7913561847988078,0.6704545454545454,0.2036361835298435,1,neural_pair_scorer_resmlp_hybrid_focal_ranking,hybrid_focal_ranking,Hybrid Focal
7,0.0304236065309781,0.7515931123313673,0.8378978443971045,0.6808823529411765,0.6497175141242938,0.8151408450704225,0.5845959595959596,0.2176653543432608,1,neural_pair_scorer_resmlp_hybrid_focal_ranking,hybrid_focal_ranking,Hybrid Focal
8,0.02795560638874,0.7446303075497707,0.8451279017535329,0.7464239271781534,0.6852300242130751,0.7694369973190348,0.7247474747474747,0.2041211751768895,1,neural_pair_scorer_resmlp_hybrid_focal_ranking,hybrid_focal_ranking,Hybrid Focal
9,0.0264603071249066,0.7267642871669717,0.8262481541852953,0.6983676366217175,0.6569814366424536,0.7974068071312804,0.6212121212121212,0.2268106010272677,1,neural_pair_scorer_resmlp_hybrid_focal_ranking,hybrid_focal_ranking,Hybrid Focal
10,0.0226547697511238,0.7429326825299981,0.8437592759520041,0.7402597402597403,0.6771589991928975,0.7620320855614974,0.7196969696969697,0.211839571572714,1,neural_pair_scorer_resmlp_hybrid_focal_ranking,hybrid_focal_ranking,Hybrid Focal
11,0.01382059778254,0.7514179829616071,0.8496652403910345,0.7422950819672132,0.6828087167070218,0.772169167803547,0.7146464646464646,0.2150061193628374,1,neural_pair_scorer_resmlp_hybrid_focal_ranking,hybrid_focal_ranking,Hybrid Focal
12,0.0093595998552747,0.7547991096648814,0.85181267091609,0.7445544554455445,0.6876513317191283,0.7800829875518672,0.7121212121212122,0.2225610974286039,1,neural_pair_scorer_resmlp_hybrid_focal_ranking,hybrid_focal_ranking,Hybrid Focal
13,0.0060926344579993,0.759499355975866,0.854112076018025,0.7495016611295681,0.6957223567393059,0.791023842917251,0.7121212121212122,0.2265048625801753,1,neural_pair_scorer_resmlp_hybrid_focal_ranking,hybrid_focal_ranking,Hybrid Focal
14,0.0043078225989563,0.7574768942218607,0.850107347098293,0.7403389830508474,0.6908797417271993,0.7994143484626647,0.6893939393939394,0.2366585147110139,1,neural_pair_scorer_resmlp_hybrid_focal_ranking,hybrid_focal_ranking,Hybrid Focal
15,0.0033306553392694,0.7595360766501706,0.8533617296929454,0.7480314960629921,0.6900726392251816,0.7786885245901639,0.7196969696969697,0.2365002980525825,1,neural_pair_scorer_resmlp_hybrid_focal_ranking,hybrid_focal_ranking,Hybrid Focal
16,0.0032216723238189,0.763719408853637,0.8561623563146836,0.7427019687712152,0.6941081517352704,0.8032305433186491,0.6906565656565656,0.2420229048922098,1,neural_pair_scorer_resmlp_hybrid_focal_ranking,hybrid_focal_ranking,Hybrid Focal
17,0.0020172525412188,0.7609455856100151,0.8545198880606834,0.7419354838709677,0.6900726392251816,0.7931034482758621,0.696969696969697,0.2448163150249872,1,neural_pair_scorer_resmlp_hybrid_focal_ranking,hybrid_focal_ranking,Hybrid Focal
18,0.0018582953847586,0.7625951912864664,0.8567614146547246,0.7491638795986622,0.6973365617433414,0.7965860597439545,0.7070707070707071,0.2434144766309729,1,neural_pair_scorer_resmlp_hybrid_focal_ranking,hybrid_focal_ranking,Hybrid Focal
19,0.0015452755107663,0.762185614534608,0.8559461588322791,0.7443105756358769,0.6916868442292171,0.792022792022792,0.702020202020202,0.2454549950520748,1,neural_pair_scorer_resmlp_hybrid_focal_ranking,hybrid_focal_ranking,Hybrid Focal
0,0.1479348158225035,0.7138248694668928,0.8209695066311935,0.6810966810966811,0.6432606941081518,0.767479674796748,0.6121919584954605,0.2256839712129074,2,neural_pair_scorer_resmlp_hybrid_focal_ranking,hybrid_focal_ranking,Hybrid Focal
1,0.0929549930569453,0.7309299721751084,0.8297443729424465,0.6651270207852193,0.648910411622276,0.8181818181818182,0.5603112840466926,0.2196344830353631,2,neural_pair_scorer_resmlp_hybrid_focal_ranking,hybrid_focal_ranking,Hybrid Focal
2,0.0823713882038226,0.7322159034221292,0.8288950621600198,0.7000726216412491,0.6666666666666666,0.7953795379537953,0.6251621271076524,0.2106887637139597,2,neural_pair_scorer_resmlp_hybrid_focal_ranking,hybrid_focal_ranking,Hybrid Focal
3,0.0640961153384966,0.7543815890119392,0.8462326944723244,0.6997776130467013,0.6731234866828087,0.8166089965397924,0.6121919584954605,0.2045580251095886,2,neural_pair_scorer_resmlp_hybrid_focal_ranking,hybrid_focal_ranking,Hybrid Focal
4,0.0536881705316213,0.7715448911946966,0.8530335042099324,0.7307692307692307,0.6949152542372882,0.8104265402843602,0.6653696498054474,0.1940932600192098,2,neural_pair_scorer_resmlp_hybrid_focal_ranking,hybrid_focal_ranking,Hybrid Focal
5,0.0436655282496641,0.7729804782333964,0.8557882731103899,0.7325162220620043,0.7005649717514124,0.8246753246753247,0.6588845654993515,0.1941806991321762,2,neural_pair_scorer_resmlp_hybrid_focal_ranking,hybrid_focal_ranking,Hybrid Focal
6,0.0371827061455219,0.7796761892092631,0.8590837063161757,0.7462277091906722,0.7013720742534302,0.7918486171761281,0.7055771725032426,0.1882313480946225,2,neural_pair_scorer_resmlp_hybrid_focal_ranking,hybrid_focal_ranking,Hybrid Focal
7,0.0341093024859825,0.7900495526954671,0.8652624280203387,0.754325259515571,0.7134786117836965,0.8086053412462908,0.7068741893644618,0.1840231835693063,2,neural_pair_scorer_resmlp_hybrid_focal_ranking,hybrid_focal_ranking,Hybrid Focal
8,0.0244907137866203,0.7829021029410135,0.8634891065286515,0.7326164874551971,0.6989507667473769,0.8189102564102564,0.6627756160830091,0.1968268805165437,2,neural_pair_scorer_resmlp_hybrid_focal_ranking,hybrid_focal_ranking,Hybrid Focal
9,0.0236408083150402,0.7764752181094594,0.860558618582211,0.7539195637355146,0.70863599677159,0.7945402298850575,0.7172503242542153,0.1941696046362181,2,neural_pair_scorer_resmlp_hybrid_focal_ranking,hybrid_focal_ranking,Hybrid Focal
10,0.0267655965513907,0.7820429678406332,0.8621736262533652,0.7609427609427609,0.7134786117836965,0.7913165266106442,0.7328145265888456,0.1895281716441823,2,neural_pair_scorer_resmlp_hybrid_focal_ranking,hybrid_focal_ranking,Hybrid Focal
11,0.0161194456980014,0.7877631447670358,0.8684042012672107,0.7625418060200669,0.7134786117836965,0.787292817679558,0.7392996108949417,0.1966560385322533,2,neural_pair_scorer_resmlp_hybrid_focal_ranking,hybrid_focal_ranking,Hybrid Focal
12,0.0096932381618385,0.7910638863946258,0.8670013458888972,0.7592847317744154,0.7175141242937854,0.808199121522694,0.7159533073929961,0.2060619552708039,2,neural_pair_scorer_resmlp_hybrid_focal_ranking,hybrid_focal_ranking,Hybrid Focal
13,0.0104045678670398,0.7719827729555356,0.8559240249133578,0.7460857726344452,0.6989507667473769,0.7851002865329513,0.7107652399481194,0.2194815582721211,2,neural_pair_scorer_resmlp_hybrid_focal_ranking,hybrid_focal_ranking,Hybrid Focal
14,0.0068464725911139,0.7884255102153935,0.8648951890539965,0.7670299727520435,0.7239709443099274,0.8077474892395983,0.7302204928664072,0.2105374271861604,2,neural_pair_scorer_resmlp_hybrid_focal_ranking,hybrid_focal_ranking,Hybrid Focal
15,0.0033972133518172,0.7857427915793673,0.864803404342594,0.7598662207357859,0.7102502017756255,0.7845303867403315,0.7367055771725033,0.2199762288929581,2,neural_pair_scorer_resmlp_hybrid_focal_ranking,hybrid_focal_ranking,Hybrid Focal
16,0.0023734969466041,0.786851352999213,0.8650136010081995,0.7613333333333333,0.7110573042776432,0.7832647462277091,0.7405966277561609,0.2264684796274399,2,neural_pair_scorer_resmlp_hybrid_focal_ranking,hybrid_focal_ranking,Hybrid Focal
17,0.0021691696557144,0.7793602492046071,0.8635214113354036,0.7592219986586184,0.7102502017756255,0.7861111111111111,0.7341115434500648,0.2310332400011885,2,neural_pair_scorer_resmlp_hybrid_focal_ranking,hybrid_focal_ranking,Hybrid Focal
18,0.001831548571294,0.7845178312104382,0.8647518298669048,0.7634408602150538,0.7158999192897498,0.7921896792189679,0.7367055771725033,0.2305997410595905,2,neural_pair_scorer_resmlp_hybrid_focal_ranking,hybrid_focal_ranking,Hybrid Focal
19,0.0015940184746749,0.7879211147693638,0.8683568869037757,0.7649028801071668,0.7167070217917676,0.7908587257617729,0.7405966277561609,0.2278408686168252,2,neural_pair_scorer_resmlp_hybrid_focal_ranking,hybrid_focal_ranking,Hybrid Focal
20,0.0008625545940445,0.7888051925016906,0.8680378188687434,0.7682119205298014,0.7175141242937854,0.7848443843031123,0.7522697795071336,0.2274502321384104,2,neural_pair_scorer_resmlp_hybrid_focal_ranking,hybrid_focal_ranking,Hybrid Focal
21,0.0007528153663047,0.7844042036649042,0.8651870304828254,0.7651363938789089,0.7150928167877321,0.7855191256830601,0.7457846952010376,0.233418025736534,2,neural_pair_scorer_resmlp_hybrid_focal_ranking,hybrid_focal_ranking,Hybrid Focal
22,0.0007456814385547,0.7846231445453236,0.864590108414874,0.7657295850066934,0.7175141242937854,0.7911479944674965,0.74189364461738,0.2353273221245531,2,neural_pair_scorer_resmlp_hybrid_focal_ranking,hybrid_focal_ranking,Hybrid Focal
23,0.0010361940602216,0.7792078220093784,0.8617480503310303,0.7597840755735492,0.7126715092816788,0.7918424753867792,0.7302204928664072,0.2391231095014655,2,neural_pair_scorer_resmlp_hybrid_focal_ranking,hybrid_focal_ranking,Hybrid Focal
24,0.0010300810640612,0.780163956233995,0.8624158182147983,0.7610146862483311,0.7110573042776432,0.7840440165061898,0.7392996108949417,0.2396990920272717,2,neural_pair_scorer_resmlp_hybrid_focal_ranking,hybrid_focal_ranking,Hybrid Focal
25,0.0005491377301857,0.7826720764463956,0.8643560432039692,0.7626666666666667,0.7126715092816788,0.7846364883401921,0.74189364461738,0.2381835330332429,2,neural_pair_scorer_resmlp_hybrid_focal_ranking,hybrid_focal_ranking,Hybrid Focal
26,0.0006405887388376,0.7814360304632677,0.8619844334047507,0.7622237106496986,0.7134786117836965,0.7880886426592798,0.7380025940337225,0.2395800749590584,2,neural_pair_scorer_resmlp_hybrid_focal_ranking,hybrid_focal_ranking,Hybrid Focal
0,0.1404301239511905,0.7055560836236154,0.7920313939890741,0.5975708502024292,0.5988700564971752,0.8127753303964758,0.4724711907810499,0.2364500621606251,3,neural_pair_scorer_resmlp_hybrid_focal_ranking,hybrid_focal_ranking,Hybrid Focal
1,0.0888351685343644,0.7157853832003533,0.8081851174457744,0.6943450250536864,0.655367231638418,0.7873376623376623,0.6209987195902689,0.2180735260929943,3,neural_pair_scorer_resmlp_hybrid_focal_ranking,hybrid_focal_ranking,Hybrid Focal
2,0.0737137608230114,0.759948336306046,0.8351873409183689,0.7227722772277227,0.6836158192090396,0.8072669826224329,0.6542893725992317,0.2045696873450517,3,neural_pair_scorer_resmlp_hybrid_focal_ranking,hybrid_focal_ranking,Hybrid Focal
3,0.0583675648921575,0.7234762285503413,0.815668916208413,0.681383370125092,0.6505246166263116,0.801038062283737,0.5928297055057619,0.2174713069464197,3,neural_pair_scorer_resmlp_hybrid_focal_ranking,hybrid_focal_ranking,Hybrid Focal
4,0.0519288683739992,0.7392465152167471,0.8227351461468523,0.7233748271092669,0.6771589991928975,0.7864661654135339,0.6696542893725992,0.2038873113335729,3,neural_pair_scorer_resmlp_hybrid_focal_ranking,hybrid_focal_ranking,Hybrid Focal
5,0.0431002134887071,0.7453298592667558,0.8247429490860062,0.7150837988826816,0.6707021791767555,0.7864823348694316,0.6555697823303457,0.2044761955268124,3,neural_pair_scorer_resmlp_hybrid_focal_ranking,hybrid_focal_ranking,Hybrid Focal
6,0.0367977653080836,0.7439488059759909,0.8228565113958104,0.7463284379172229,0.6933010492332526,0.7796373779637378,0.7157490396927016,0.2027512879706297,3,neural_pair_scorer_resmlp_hybrid_focal_ranking,hybrid_focal_ranking,Hybrid Focal
7,0.0291468593745659,0.7491710884600977,0.8334217484454378,0.7528164347249834,0.6989507667473769,0.7802197802197802,0.7272727272727273,0.2056252080751995,3,neural_pair_scorer_resmlp_hybrid_focal_ranking,hybrid_focal_ranking,Hybrid Focal
8,0.0304603320427047,0.7549077713601977,0.835791018474642,0.7357584076870282,0.6892655367231638,0.7928994082840237,0.6862996158770807,0.2055819594360134,3,neural_pair_scorer_resmlp_hybrid_focal_ranking,hybrid_focal_ranking,Hybrid Focal
9,0.0249006683723284,0.7621513120006262,0.8431528264786341,0.7489823609226595,0.7013720742534302,0.7965367965367965,0.706786171574904,0.2028399116171938,3,neural_pair_scorer_resmlp_hybrid_focal_ranking,hybrid_focal_ranking,Hybrid Focal
10,0.0175792284500904,0.7629788257133112,0.839641441703795,0.7607687210072896,0.70863599677159,0.7884615384615384,0.734955185659411,0.2093056053493168,3,neural_pair_scorer_resmlp_hybrid_focal_ranking,hybrid_focal_ranking,Hybrid Focal
11,0.0151511335220092,0.7640607439795581,0.8406232663467499,0.7629139072847683,0.7110573042776432,0.7901234567901234,0.737516005121639,0.2077187281530554,3,neural_pair_scorer_resmlp_hybrid_focal_ranking,hybrid_focal_ranking,Hybrid Focal
12,0.0117181887229283,0.7593752271469227,0.8374144247287819,0.7386286490156144,0.6892655367231638,0.7861271676300579,0.6965428937259923,0.220757568093435,3,neural_pair_scorer_resmlp_hybrid_focal_ranking,hybrid_focal_ranking,Hybrid Focal
13,0.0101953919570988,0.7311614825914597,0.8153865678772494,0.7224913494809688,0.6763518966908797,0.786144578313253,0.6683738796414853,0.2393166013478413,3,neural_pair_scorer_resmlp_hybrid_focal_ranking,hybrid_focal_ranking,Hybrid Focal
14,0.0099821694625111,0.7195762906138699,0.8067104661454723,0.7212449255751014,0.6674737691686844,0.7647058823529411,0.6824583866837388,0.2467072038779345,3,neural_pair_scorer_resmlp_hybrid_focal_ranking,hybrid_focal_ranking,Hybrid Focal
15,0.0120128127746284,0.7575217082566857,0.8395562304576926,0.7660668380462725,0.7062146892655368,0.7690322580645161,0.7631241997439181,0.2165704272034068,3,neural_pair_scorer_resmlp_hybrid_focal_ranking,hybrid_focal_ranking,Hybrid Focal
16,0.0050152530117581,0.7612203590738555,0.8440072736650109,0.7628865979381443,0.7029862792574657,0.767833981841764,0.7580025608194623,0.2203320228121599,3,neural_pair_scorer_resmlp_hybrid_focal_ranking,hybrid_focal_ranking,Hybrid Focal
17,0.0028897155500136,0.7636497827776505,0.8441723136840111,0.7538860103626943,0.6933010492332526,0.762778505897772,0.7451984635083226,0.2241482029746674,3,neural_pair_scorer_resmlp_hybrid_focal_ranking,hybrid_focal_ranking,Hybrid Focal
18,0.0020015730256907,0.7628669995359214,0.8435908640703758,0.7669464170432537,0.70863599677159,0.7734375,0.7605633802816901,0.2289447398045583,3,neural_pair_scorer_resmlp_hybrid_focal_ranking,hybrid_focal_ranking,Hybrid Focal
19,0.001576348595942,0.7644633182181617,0.845843174537093,0.7610389610389611,0.7029862792574657,0.7720685111989459,0.7503201024327785,0.2333431947839803,3,neural_pair_scorer_resmlp_hybrid_focal_ranking,hybrid_focal_ranking,Hybrid Focal
20,0.001444743532771,0.7597750057310917,0.8416243414551883,0.7627666451195863,0.7037933817594835,0.7702349869451697,0.7554417413572343,0.2386800394212326,3,neural_pair_scorer_resmlp_hybrid_focal_ranking,hybrid_focal_ranking,Hybrid Focal
21,0.0011527186322312,0.7635966653433902,0.8452724598741199,0.7699228791773779,0.7110573042776432,0.7729032258064517,0.7669654289372599,0.2391045645900846,3,neural_pair_scorer_resmlp_hybrid_focal_ranking,hybrid_focal_ranking,Hybrid Focal
22,0.0010409907337863,0.7640495613618192,0.8445452180951556,0.76171875,0.7046004842615012,0.7748344370860927,0.7490396927016645,0.2400166415647302,3,neural_pair_scorer_resmlp_hybrid_focal_ranking,hybrid_focal_ranking,Hybrid Focal
23,0.0010036092295568,0.7599958624314365,0.8423909034345285,0.7625806451612903,0.7029862792574657,0.7685305591677504,0.7567221510883483,0.2447254090564895,3,neural_pair_scorer_resmlp_hybrid_focal_ranking,hybrid_focal_ranking,Hybrid Focal
24,0.0005811056721424,0.7595038272509212,0.8410035990150608,0.758485639686684,0.7013720742534302,0.7736351531291611,0.7439180537772087,0.2471852332901177,3,neural_pair_scorer_resmlp_hybrid_focal_ranking,hybrid_focal_ranking,Hybrid Focal
25,0.000619934834107,0.755567545806798,0.8375469436656775,0.7594278283485045,0.7013720742534302,0.7714663143989432,0.7477592829705506,0.250982900856639,3,neural_pair_scorer_resmlp_hybrid_focal_ranking,hybrid_focal_ranking,Hybrid Focal
26,0.0004824903948107,0.7614551940463743,0.8422986660009378,0.7653522947640594,0.7070217917675545,0.7728459530026109,0.7580025608194623,0.2478320353212912,3,neural_pair_scorer_resmlp_hybrid_focal_ranking,hybrid_focal_ranking,Hybrid Focal
27,0.0005512633566141,0.7631940911047868,0.8435716749321696,0.7657365347177157,0.70863599677159,0.7763157894736842,0.7554417413572343,0.2469333356817674,3,neural_pair_scorer_resmlp_hybrid_focal_ranking,hybrid_focal_ranking,Hybrid Focal
28,0.0004930012441129,0.7637364480651275,0.8442391615492247,0.7612231620039037,0.7037933817594835,0.7738095238095238,0.7490396927016645,0.2481192420820613,3,neural_pair_scorer_resmlp_hybrid_focal_ranking,hybrid_focal_ranking,Hybrid Focal
29,0.0004334424781681,0.762999793121572,0.8442347392859346,0.7539267015706806,0.6965294592413237,0.7710843373493976,0.737516005121639,0.2496299015944116,3,neural_pair_scorer_resmlp_hybrid_focal_ranking,hybrid_focal_ranking,Hybrid Focal
30,0.0004117461624749,0.7620995923935834,0.8434225539059689,0.7552083333333334,0.6965294592413237,0.7682119205298014,0.7426376440460948,0.2508949004309398,3,neural_pair_scorer_resmlp_hybrid_focal_ranking,hybrid_focal_ranking,Hybrid Focal
31,0.000275754718948,0.7643766529306846,0.8451777622121963,0.7604166666666666,0.7029862792574657,0.7735099337748345,0.7477592829705506,0.2500231026752653,3,neural_pair_scorer_resmlp_hybrid_focal_ranking,hybrid_focal_ranking,Hybrid Focal
32,0.0002324235824627,0.7643235354964243,0.8448166804248969,0.7626459143968871,0.7046004842615012,0.7726675427069645,0.7528809218950064,0.2501043721839595,3,neural_pair_scorer_resmlp_hybrid_focal_ranking,hybrid_focal_ranking,Hybrid Focal
33,0.0003483995189106,0.7626545297988806,0.8433309982180177,0.7634478289047311,0.705407586763519,0.7729658792650919,0.7541613316261203,0.2511035223900921,3,neural_pair_scorer_resmlp_hybrid_focal_ranking,hybrid_focal_ranking,Hybrid Focal
34,0.0002645197324827,0.7624490491979268,0.8430738871665101,0.7647440051847051,0.7070217917675545,0.7742782152230971,0.7554417413572343,0.2512019504783114,3,neural_pair_scorer_resmlp_hybrid_focal_ranking,hybrid_focal_ranking,Hybrid Focal
0,0.1399655664960543,0.6366855759023354,0.7477943581012119,0.6680161943319838,0.6029055690072639,0.6932773109243697,0.64453125,0.2337628146414627,4,neural_pair_scorer_resmlp_hybrid_focal_ranking,hybrid_focal_ranking,Hybrid Focal
1,0.0948443093743079,0.6886223903043169,0.7902626896905474,0.6296296296296297,0.612590799031477,0.7727272727272727,0.53125,0.2310712756711195,4,neural_pair_scorer_resmlp_hybrid_focal_ranking,hybrid_focal_ranking,Hybrid Focal
2,0.0726793182966036,0.7194743011323426,0.8080970313360949,0.6108854589764419,0.6133979015334947,0.8120950323974082,0.4895833333333333,0.2290352302960147,4,neural_pair_scorer_resmlp_hybrid_focal_ranking,hybrid_focal_ranking,Hybrid Focal
3,0.0613367603375361,0.7221973416489738,0.8167068177180399,0.6970128022759602,0.6561743341404358,0.768025078369906,0.6380208333333334,0.2114773538383824,4,neural_pair_scorer_resmlp_hybrid_focal_ranking,hybrid_focal_ranking,Hybrid Focal
4,0.0529339202703573,0.7445013933121019,0.8305741853734546,0.707492795389049,0.672316384180791,0.7919354838709678,0.6393229166666666,0.2050237922763996,4,neural_pair_scorer_resmlp_hybrid_focal_ranking,hybrid_focal_ranking,Hybrid Focal
5,0.0467584221982038,0.7487946744515215,0.8351245473487453,0.7422544495715228,0.6844229217110573,0.7516688918558078,0.7330729166666666,0.1985218646297852,4,neural_pair_scorer_resmlp_hybrid_focal_ranking,hybrid_focal_ranking,Hybrid Focal
6,0.0418074262352326,0.7537597310686482,0.8309206676441316,0.7377162629757785,0.6941081517352704,0.7872968980797637,0.6940104166666666,0.1983841009381796,4,neural_pair_scorer_resmlp_hybrid_focal_ranking,hybrid_focal_ranking,Hybrid Focal
7,0.0327752762211438,0.7589763579263977,0.8411298136469797,0.749498997995992,0.6973365617433414,0.7695473251028807,0.73046875,0.1968689308295146,4,neural_pair_scorer_resmlp_hybrid_focal_ranking,hybrid_focal_ranking,Hybrid Focal
8,0.0263605678501801,0.7570218506723283,0.8373242217476574,0.7188612099644128,0.6811945117029863,0.792778649921507,0.6575520833333334,0.2085516509504372,4,neural_pair_scorer_resmlp_hybrid_focal_ranking,hybrid_focal_ranking,Hybrid Focal
9,0.0241220967891888,0.7616855759023354,0.8394416002330758,0.7441860465116279,0.6981436642453591,0.7838616714697406,0.7083333333333334,0.2020796820551033,4,neural_pair_scorer_resmlp_hybrid_focal_ranking,hybrid_focal_ranking,Hybrid Focal
10,0.0193105115053745,0.7566818161712667,0.828764893524195,0.7592219986586184,0.7102502017756255,0.7828492392807745,0.7369791666666666,0.202824505665225,4,neural_pair_scorer_resmlp_hybrid_focal_ranking,hybrid_focal_ranking,Hybrid Focal
11,0.0144725276802021,0.76025908970276,0.8350019462449015,0.7374076561450638,0.6844229217110573,0.7614424410540915,0.71484375,0.2146559469697829,4,neural_pair_scorer_resmlp_hybrid_focal_ranking,hybrid_focal_ranking,Hybrid Focal
12,0.009957992997116,0.7629683076786978,0.8381791259597012,0.7491548343475322,0.7005649717514124,0.7791842475386779,0.7213541666666666,0.2156482384668666,4,neural_pair_scorer_resmlp_hybrid_focal_ranking,hybrid_focal_ranking,Hybrid Focal
13,0.0064111019138437,0.7743829617834395,0.840721960348806,0.7755367599219258,0.7215496368038741,0.7750325097529259,0.7760416666666666,0.2095158511010302,4,neural_pair_scorer_resmlp_hybrid_focal_ranking,hybrid_focal_ranking,Hybrid Focal
14,0.0035575506313202,0.7716875663481955,0.8432754008204079,0.7650130548302873,0.7094430992736077,0.7670157068062827,0.7630208333333334,0.2168316176665493,4,neural_pair_scorer_resmlp_hybrid_focal_ranking,hybrid_focal_ranking,Hybrid Focal
15,0.002214138315489,0.7757209837225761,0.8462885502146942,0.7677165354330708,0.7142857142857143,0.7738095238095238,0.76171875,0.2172328272155697,4,neural_pair_scorer_resmlp_hybrid_focal_ranking,hybrid_focal_ranking,Hybrid Focal
16,0.0018162427698441,0.7735757254069355,0.8437088080021597,0.7762148337595908,0.7175141242937854,0.7625628140703518,0.7903645833333334,0.2210896871353031,4,neural_pair_scorer_resmlp_hybrid_focal_ranking,hybrid_focal_ranking,Hybrid Focal
17,0.0019772642945799,0.7689354984961075,0.8432603657959266,0.7708066581306018,0.7110573042776432,0.7581863979848866,0.7838541666666666,0.2298411330732623,4,neural_pair_scorer_resmlp_hybrid_focal_ranking,hybrid_focal_ranking,Hybrid Focal
18,0.0014358410131908,0.7741562721160651,0.8454309797536039,0.7645502645502645,0.7126715092816788,0.7768817204301075,0.7526041666666666,0.2264269907183453,4,neural_pair_scorer_resmlp_hybrid_focal_ranking,hybrid_focal_ranking,Hybrid Focal
19,0.0012412886967351,0.7673859916843595,0.8436661671473689,0.7623376623376623,0.7046004842615012,0.7603626943005182,0.7643229166666666,0.2341567446430393,4,neural_pair_scorer_resmlp_hybrid_focal_ranking,hybrid_focal_ranking,Hybrid Focal
20,0.0009127541867574,0.775961495930644,0.8486891523630592,0.7663430420711974,0.70863599677159,0.7619047619047619,0.7708333333333334,0.2297530097017928,4,neural_pair_scorer_resmlp_hybrid_focal_ranking,hybrid_focal_ranking,Hybrid Focal
21,0.0011305559765344,0.7717898531493277,0.8479154855886606,0.7753807106598984,0.7142857142857143,0.7561881188118812,0.7955729166666666,0.23474078916747,4,neural_pair_scorer_resmlp_hybrid_focal_ranking,hybrid_focal_ranking,Hybrid Focal
22,0.0030529898537609,0.7643367392073602,0.8438617832783725,0.7751741608613046,0.7134786117836965,0.7546239210850801,0.796875,0.2374645441901353,4,neural_pair_scorer_resmlp_hybrid_focal_ranking,hybrid_focal_ranking,Hybrid Focal
23,0.0013015974568238,0.7652006480007076,0.8399223848651901,0.7705128205128206,0.7110573042776432,0.7588383838383839,0.7825520833333334,0.2364620303843243,4,neural_pair_scorer_resmlp_hybrid_focal_ranking,hybrid_focal_ranking,Hybrid Focal
24,0.0010441833329446,0.770443537685775,0.8469201712304182,0.760898282694848,0.7078288942695722,0.7721179624664879,0.75,0.2379316485332286,4,neural_pair_scorer_resmlp_hybrid_focal_ranking,hybrid_focal_ranking,Hybrid Focal
25,0.0008624405685949,0.7709024460368011,0.8462674968340584,0.772225827384815,0.7167070217917676,0.7697283311772316,0.7747395833333334,0.2368235775166014,4,neural_pair_scorer_resmlp_hybrid_focal_ranking,hybrid_focal_ranking,Hybrid Focal
26,0.0008861593251379,0.7689617613234252,0.8458810076687437,0.7652399481193255,0.7078288942695722,0.7622739018087855,0.7682291666666666,0.2399809135643876,4,neural_pair_scorer_resmlp_hybrid_focal_ranking,hybrid_focal_ranking,Hybrid Focal
27,0.0006297837942092,0.7713433850849257,0.8477031614984776,0.7740693196405648,0.7158999192897498,0.7632911392405063,0.78515625,0.2377990092242889,4,neural_pair_scorer_resmlp_hybrid_focal_ranking,hybrid_focal_ranking,Hybrid Focal
28,0.0004455022277304,0.7725666799363058,0.8466087028939104,0.7674267100977199,0.711864406779661,0.7679269882659713,0.7669270833333334,0.2368003602544435,4,neural_pair_scorer_resmlp_hybrid_focal_ranking,hybrid_focal_ranking,Hybrid Focal
29,0.0003537507918036,0.7711014906227883,0.8461740891690412,0.7706302794022092,0.7150928167877321,0.7691309987029832,0.7721354166666666,0.2398604606635169,4,neural_pair_scorer_resmlp_hybrid_focal_ranking,hybrid_focal_ranking,Hybrid Focal
30,0.0004710878766229,0.7716737438075019,0.8458102268735868,0.7728155339805826,0.7167070217917676,0.7683397683397684,0.77734375,0.2387189291610727,4,neural_pair_scorer_resmlp_hybrid_focal_ranking,hybrid_focal_ranking,Hybrid Focal
31,0.0003714569708487,0.7722003826079263,0.8458447225501935,0.7752736638763683,0.718321226795803,0.7668789808917198,0.7838541666666666,0.2381062439135402,4,neural_pair_scorer_resmlp_hybrid_focal_ranking,hybrid_focal_ranking,Hybrid Focal
32,0.0003235893438194,0.7717594435598019,0.8458107248144194,0.7694300518134715,0.7126715092816788,0.7654639175257731,0.7734375,0.2394755762906326,4,neural_pair_scorer_resmlp_hybrid_focal_ranking,hybrid_focal_ranking,Hybrid Focal
33,0.0002608143950988,0.7711319002123143,0.8460444751825182,0.7741935483870968,0.7175141242937854,0.7672634271099744,0.78125,0.2399853457340539,4,neural_pair_scorer_resmlp_hybrid_focal_ranking,hybrid_focal_ranking,Hybrid Focal
34,0.0002416161381309,0.7725998540339702,0.8470044214903266,0.7736943907156673,0.7167070217917676,0.7662835249042146,0.78125,0.2393644671758007,4,neural_pair_scorer_resmlp_hybrid_focal_ranking,hybrid_focal_ranking,Hybrid Focal
35,0.0002261134669914,0.773212192586695,0.8469108580416738,0.7717250324254216,0.7158999192897498,0.7687338501291989,0.7747395833333334,0.239169961052931,4,neural_pair_scorer_resmlp_hybrid_focal_ranking,hybrid_focal_ranking,Hybrid Focal
