roc_auc,pr_auc,f1,accuracy,precision,recall,brier,epoch,train_loss,fold
0.5145301466594243,0.5880592134434108,0.7308085977482088,0.5758064516129032,0.5758064516129032,1.0,0.2800498686241011,0,0.7055232524871826,0
0.5379522531446039,0.6102467592898965,0.7308085977482088,0.5758064516129032,0.5758064516129032,1.0,0.28083793472605784,1,0.6773338913917542,0
0.5697431063680225,0.6268344562578152,0.7308085977482088,0.5758064516129032,0.5758064516129032,1.0,0.2663841093558051,2,0.6881285905838013,0
0.5953339510709227,0.6398439727945366,0.7308085977482088,0.5758064516129032,0.5758064516129032,1.0,0.2522479524449243,3,0.6745090484619141,0
0.6099626162251973,0.6560345627799178,0.7308085977482088,0.5758064516129032,0.5758064516129032,1.0,0.24434453278930807,4,0.6677519083023071,0
0.6206092703240992,0.668142717521168,0.7301587301587301,0.575,0.5754640839386602,0.9985994397759104,0.24122581531916465,5,0.6637358665466309,0
0.6292123313203608,0.6783779804338004,0.7301587301587301,0.575,0.5754640839386602,0.9985994397759104,0.24031456059149586,6,0.6675535440444946,0
0.6326484966610217,0.6818347588141274,0.7301587301587301,0.575,0.5754640839386602,0.9985994397759104,0.24065081310039552,7,0.6638835072517395,0
0.6326804486052977,0.6830870297914317,0.7301587301587301,0.575,0.5754640839386602,0.9985994397759104,0.242459614568331,8,0.6642066240310669,0
0.6316926009947705,0.6830465504589998,0.7308085977482088,0.5758064516129032,0.5758064516129032,1.0,0.2454028007455298,9,0.6589219570159912,0
0.633122450501113,0.6851969102360673,0.7311827956989247,0.5766129032258065,0.576271186440678,1.0,0.24819780349506834,10,0.6556200385093689,0
0.6368608279813827,0.6892310396608903,0.7319323423885187,0.5782258064516129,0.5772029102667745,1.0,0.2489550221166004,11,0.6469276547431946,0
0.6415444504798117,0.6935553272480248,0.7328872876994339,0.5814516129032258,0.5793327908868999,0.9971988795518207,0.24723034699541616,12,0.6477898359298706,0
0.6459937587202182,0.6966220365493885,0.7365145228215768,0.5903225806451613,0.5848434925864909,0.9943977591036415,0.2428854649678614,13,0.6466403603553772,0
0.650279313246211,0.6992623518591101,0.7366737739872068,0.6016129032258064,0.5946643717728055,0.9677871148459384,0.23770505568406214,14,0.6404956579208374,0
0.6549962190199273,0.7045024400263802,0.7460055096418733,0.6282258064516129,0.6148955495004541,0.9481792717086834,0.23284984820859733,15,0.635909378528595,0
0.6585189208763353,0.7093684627451549,0.7321016166281755,0.6258064516129033,0.6227897838899804,0.8879551820728291,0.2299343770664956,16,0.6314494609832764,0
0.6612321734777562,0.7132819243814785,0.7177371832645846,0.6137096774193549,0.6195320447609359,0.8529411764705882,0.22951384578016068,17,0.6260687112808228,0
0.6648347551948537,0.718044323504607,0.7107142857142857,0.6080645161290322,0.6180124223602484,0.8361344537815126,0.23113037107437087,18,0.625746488571167,0
0.6688447242014677,0.7226834750459995,0.7105263157894737,0.6096774193548387,0.6200417536534447,0.8319327731092437,0.2337410318505856,19,0.6166817545890808,0
0.6749768348404002,0.7295292036823784,0.717208182912154,0.6209677419354839,0.6286919831223629,0.834733893557423,0.23624747458850076,20,0.6123603582382202,0
0.6825547709578128,0.7390962767088887,0.7163814180929096,0.6258064516129033,0.6355748373101953,0.8207282913165266,0.23747302775659496,21,0.6075316071510315,0
0.6906412755216156,0.7529638982323097,0.7116104868913857,0.6274193548387097,0.6418918918918919,0.7983193277310925,0.23722259666433534,22,0.5992810130119324,0
0.6986505628867518,0.7677844542241512,0.7017318794098781,0.625,0.6473372781065089,0.7661064425770309,0.2346694643730451,23,0.6002369523048401,0
0.7039945255668807,0.7751084982124165,0.700587084148728,0.6298387096774194,0.6556776556776557,0.7521008403361344,0.23094410640843438,24,0.5917689204216003,0
0.70679564601506,0.775012030324323,0.7017082785808147,0.6338709677419355,0.6608910891089109,0.7478991596638656,0.2273812248442152,25,0.5873857140541077,0
0.7112076769871447,0.7762448029449511,0.7013843111404087,0.6346774193548387,0.6625155666251556,0.7450980392156863,0.22450145176927616,26,0.5833704471588135,0
0.7170495574655718,0.7798335157430862,0.7068852459016394,0.6395161290322581,0.6646115906288532,0.7549019607843137,0.22215519943397238,27,0.5751046538352966,0
0.7244810471717205,0.7846614356037354,0.7193675889328063,0.6564516129032258,0.6791044776119403,0.7647058823529411,0.2196330117618615,28,0.5725111961364746,0
0.7318646089614553,0.7905510335243241,0.7341269841269841,0.6758064516129032,0.6954887218045113,0.7773109243697479,0.2171153142675938,29,0.5720959901809692,0
0.7390205131482251,0.797132329399493,0.7408880053015242,0.6846774193548387,0.7031446540880503,0.7829131652661064,0.21487435517082373,30,0.5572428703308105,0
0.7455746557178005,0.8045135967469873,0.7406914893617021,0.6854838709677419,0.7050632911392405,0.7801120448179272,0.21311859758619803,31,0.5576621294021606,0
0.7506763161538379,0.8110261148186112,0.7426666666666667,0.6887096774193548,0.7086513994910941,0.7801120448179272,0.21224525021498442,32,0.5555710792541504,0
0.7541990180102459,0.8156512893158541,0.7434695244474213,0.6911290322580645,0.7124518613607189,0.7773109243697479,0.21174447769198404,33,0.5484749674797058,0
0.7573808991277119,0.8193245117106257,0.7404426559356136,0.6879032258064516,0.7104247104247104,0.773109243697479,0.2115971356974627,34,0.5403710603713989,0
0.7604615990883046,0.8212568411096268,0.7415881561238223,0.6903225806451613,0.7137305699481865,0.7717086834733894,0.2114942956132047,35,0.5300602316856384,0
0.763057694560714,0.8225396127012852,0.7379032258064516,0.6854838709677419,0.7093023255813954,0.7689075630252101,0.21133552361610544,36,0.5345978140830994,0
0.7649641605691707,0.8238316937466542,0.7383367139959433,0.6879032258064516,0.7137254901960784,0.7647058823529411,0.21009886783926646,37,0.5201476812362671,0
0.7669744703965236,0.8255027763092975,0.738399462004035,0.6862903225806452,0.7102199223803364,0.7689075630252101,0.21041907500077003,38,0.5221184492111206,0
0.7679250407387289,0.8270884990365367,0.7364864864864865,0.6854838709677419,0.7114882506527415,0.7633053221288515,0.20978263465044603,39,0.5185055136680603,0
0.769418794133623,0.8290754002617795,0.7347767253044655,0.6838709677419355,0.7107329842931938,0.7605042016806722,0.2093583284647624,40,0.5150103569030762,0
0.7711655004207006,0.8311442402453906,0.7405368203716449,0.6959677419354838,0.7280108254397835,0.7535014005602241,0.2051451366110576,41,0.5045258402824402,0
0.7724568915018479,0.8332410064687857,0.7448091091761554,0.692741935483871,0.7137355584082157,0.7787114845938375,0.20768477790727036,42,0.4998242259025574,0
0.7750370110021196,0.8361526768191186,0.7471798274717982,0.692741935483871,0.7099621689785625,0.788515406162465,0.2083398613255651,43,0.4976615607738495,0
0.7779845778615628,0.838743575684948,0.7465753424657534,0.7016129032258065,0.7305630026809652,0.7633053221288515,0.20196394905239826,44,0.49526482820510864,0
0.7810679404841783,0.8410108983348105,0.7493112947658402,0.7064516129032258,0.7371273712737128,0.7619047619047619,0.20059554448909275,45,0.48521313071250916,0
0.7811424950208219,0.8401156492551555,0.7513368983957219,0.7,0.7186700767263428,0.7871148459383753,0.20752799185539408,46,0.4786720275878906,0
0.7814753277736951,0.8413220406583106,0.7516425755584757,0.6951612903225807,0.7079207920792079,0.8011204481792717,0.2111793594365209,47,0.49034443497657776,0
0.7837439158172774,0.8455809664023003,0.75564681724846,0.7120967741935483,0.7389558232931727,0.773109243697479,0.20269938174990101,48,0.4763554036617279,0
0.7857489003205845,0.8470292879666784,0.7605244996549344,0.7201612903225807,0.7496598639455783,0.7717086834733894,0.2016227459555263,49,0.4721747040748596,0
0.7861003717076184,0.8461587126675689,0.759075907590759,0.7056451612903226,0.717852684144819,0.8053221288515406,0.2105292219735473,50,0.4717055857181549,0
0.7870309720846513,0.8470668666241505,0.7624161073825504,0.714516129032258,0.7319587628865979,0.7955182072829131,0.20757217454196206,51,0.46011289954185486,0
0.7867127839729047,0.8473507934079227,0.7575971731448763,0.7233870967741935,0.7646219686162625,0.7507002801120448,0.20008285994834138,52,0.4594276249408722,0
0.7874636546633862,0.8475337327937412,0.7636849132176236,0.714516129032258,0.7295918367346939,0.8011204481792717,0.20873603381685202,53,0.4617529809474945,0
0.785485296780309,0.8424919854572666,0.7603305785123967,0.6959677419354838,0.6961583236321304,0.8375350140056023,0.22122796118878382,54,0.4507046639919281,0
0.7890745651872917,0.8495116313683282,0.7636849132176236,0.714516129032258,0.7295918367346939,0.8011204481792717,0.20684421649854084,55,0.4541574716567993,0
0.7909783685337254,0.8515434709820733,0.7639366827253957,0.7233870967741935,0.7510148849797023,0.7773109243697479,0.198963606186311,56,0.44379928708076477,0
0.7894606511806244,0.8451365102891861,0.7615894039735099,0.7096774193548387,0.7223618090452262,0.8053221288515406,0.20614683776725412,57,0.4506218731403351,0
0.786421222481388,0.8395251693198216,0.7663185378590078,0.7112903225806452,0.71760391198044,0.8221288515406162,0.21245358175796655,58,0.4325987994670868,0
0.7943306600206623,0.8505080377159866,0.7588075880758808,0.7129032258064516,0.7349081364829396,0.7843137254901961,0.20058347166385246,59,0.43609756231307983,0
0.7980663748389089,0.8565157338728928,0.7658438959306204,0.7169354838709677,0.7312101910828025,0.803921568627451,0.20202609420037937,60,0.435596227645874,0
0.7979332417377597,0.8553389175657748,0.7663185378590078,0.7112903225806452,0.71760391198044,0.8221288515406162,0.20364016634717136,61,0.43649083375930786,0
0.7979225910896679,0.8524777500283937,0.7667342799188641,0.7217741935483871,0.7411764705882353,0.7941176470588235,0.19590983962577915,62,0.4356604814529419,0
0.7963063552417164,0.8477074046748829,0.7741505662891406,0.7266129032258064,0.7382465057179162,0.8137254901960784,0.20103060430653363,63,0.4210693836212158,0
0.7965007295693943,0.8495183954184509,0.7679892400806994,0.7217741935483871,0.7386804657179818,0.7997198879551821,0.200487732094435,64,0.4162442982196808,0
0.7978214099327945,0.8535790490472043,0.759493670886076,0.7241935483870968,0.7627118644067796,0.7563025210084033,0.19473060036064196,65,0.4142608344554901,0
0.795882991980062,0.8532090023245748,0.7635869565217391,0.7193548387096774,0.741424802110818,0.7871148459383753,0.2010509095077387,66,0.41745641827583313,0
0.7947566859443398,0.850784935290464,0.7647448641484427,0.7137096774193549,0.7257861635220125,0.8081232492997199,0.20627085095269035,67,0.4003681242465973,0
0.797046575284106,0.8511440564909224,0.7682926829268293,0.7241935483870968,0.7440944881889764,0.7941176470588235,0.1999459045053395,68,0.4048141539096832,0
0.7994829110351365,0.8528178896992298,0.7668754349338901,0.7298387096774194,0.7621023513139695,0.7717086834733894,0.19808858948752173,69,0.405225545167923,0
0.7976110596329786,0.8495538341487432,0.7708049113233287,0.7290322580645161,0.7513297872340425,0.7913165266106442,0.20391960249209037,70,0.3984202742576599,0
0.7993817298782631,0.8547671406098921,0.7699594046008119,0.7258064516129032,0.7447643979057592,0.7969187675070029,0.2055808102336546,71,0.39263108372688293,0
0.7978240725948174,0.8566657845940012,0.7640891218872871,0.7096774193548387,0.7179802955665024,0.8165266106442577,0.21285929677859897,72,0.39097848534584045,0
0.798377906295598,0.8563532016168764,0.7672530446549392,0.7225806451612903,0.7421465968586387,0.7941176470588235,0.2061930649536305,73,0.39366447925567627,0
0.7973860646920365,0.850527176567498,0.7689133425034388,0.7290322580645161,0.7554054054054054,0.7829131652661064,0.2050187919463321,74,0.3927721679210663,0
0.7954569660563846,0.8467775894447735,0.7662162162162162,0.7209677419354839,0.7402088772845953,0.7941176470588235,0.20742471390870823,75,0.38621312379837036,0
0.7989370653204249,0.8535659217179372,0.7638326585695007,0.717741935483871,0.7369791666666666,0.7927170868347339,0.20261469067519358,76,0.38953354954719543,0
0.7994908990212053,0.8535568418446198,0.7666009204470743,0.7137096774193549,0.7224287484510533,0.8165266106442577,0.2068501763055539,77,0.37567344307899475,0
0.8026168642361888,0.8568307123796178,0.7750497677504977,0.7266129032258064,0.7364438839848676,0.8179271708683473,0.20280109290224002,78,0.3762719929218292,0
0.8041359129203011,0.8564435181721535,0.7771739130434783,0.7354838709677419,0.7546174142480211,0.8011204481792717,0.19918240498152123,79,0.36591190099716187,0
0.8002737216559628,0.8497874478750707,0.777404169468729,0.7330645161290322,0.7477360931435963,0.8095238095238095,0.2046795327679011,80,0.36723849177360535,0
0.8039508579097039,0.85646979643683,0.7800941492938803,0.7362903225806452,0.7503234152652005,0.8123249299719888,0.20154810683961757,81,0.37071582674980164,0
0.8044461130459788,0.8574507021543584,0.7754830113257828,0.728225806451613,0.7395171537484116,0.8151260504201681,0.2025197641718816,82,0.3629152178764343,0
0.8045672641680246,0.8579206230672356,0.7727272727272727,0.7258064516129032,0.7391304347826086,0.8095238095238095,0.20308441254828272,83,0.35957780480384827,0
0.8108578031973246,0.8606604512076591,0.7764705882352941,0.739516129032258,0.7674418604651163,0.7857142857142857,0.19531489234446067,84,0.36642885208129883,0
0.8126497747387929,0.8607378929009514,0.7702037947997189,0.7362903225806452,0.7729196050775741,0.7675070028011205,0.19407097106602966,85,0.3506024479866028,0
0.8060170836395394,0.8553952427718741,0.7791861240827218,0.7330645161290322,0.7439490445859872,0.8179271708683473,0.20541985658823647,86,0.3610841929912567,0
0.8052102970465752,0.8597386686442644,0.7731204258150366,0.725,0.7363751584283904,0.8137254901960784,0.20571229542011363,87,0.34724974632263184,0
0.8095477734820165,0.8600458860088723,0.7785326086956522,0.7370967741935484,0.7559366754617414,0.8025210084033614,0.19855530018496037,88,0.34944555163383484,0
0.8134033080912972,0.8543494843272372,0.7809139784946236,0.7370967741935484,0.7506459948320413,0.8137254901960784,0.1979687317502096,89,0.3509567677974701,0
0.8170085524704178,0.8550809851115402,0.7796610169491526,0.7379032258064516,0.7555847568988173,0.8053221288515406,0.1920789100511648,90,0.3443206548690796,0
0.8113610463196685,0.8503974921011055,0.776,0.7290322580645161,0.7404580152671756,0.8151260504201681,0.20169006897393102,91,0.34442102909088135,0
0.8127429679095973,0.8603707650499278,0.7723855092276145,0.7314516129032258,0.7543391188251002,0.7913165266106442,0.1933995049903439,92,0.3528907299041748,0
0.8102587042421532,0.8607823515225361,0.7727272727272727,0.7338709677419355,0.7601626016260162,0.7857142857142857,0.19671924828622278,93,0.34237590432167053,0
0.8042677146904389,0.8521998999241676,0.7740641711229946,0.7274193548387097,0.7404092071611253,0.8109243697478992,0.2063660386882887,94,0.34501686692237854,0
0.8047230298963692,0.8491029380602721,0.7736351531291611,0.7258064516129032,0.7373096446700508,0.8137254901960784,0.2085886178181697,95,0.33997592329978943,0
0.8142234079943764,0.8666385922447407,0.7733142037302726,0.7451612903225806,0.7926470588235294,0.7549019607843137,0.1901059768605953,96,0.3432936668395996,0
0.8083841901779724,0.8622887460774813,0.775593220338983,0.7330645161290322,0.7516425755584757,0.8011204481792717,0.2040810474475547,97,0.34641915559768677,0
0.8010219296844213,0.8458789108070521,0.7757496740547588,0.7225806451612903,0.725609756097561,0.8333333333333334,0.216296075718437,98,0.3243940770626068,0
0.8074895357382498,0.8582751693078321,0.7798227675528289,0.739516129032258,0.7596281540504648,0.8011204481792717,0.2002798693548892,99,0.3413703739643097,0
0.8114888540967718,0.8630542639113562,0.7775467775467776,0.7411290322580645,0.7695473251028807,0.7857142857142857,0.1957385476615603,100,0.3287332355976105,0
0.8065789053263892,0.8519609725865421,0.7786666666666666,0.7322580645161291,0.7430025445292621,0.8179271708683473,0.20731726596048008,101,0.33095964789390564,0
0.8111932986122206,0.8620208157334945,0.7805536799459825,0.7379032258064516,0.7535853976531942,0.8095238095238095,0.2017097115036266,102,0.3327791392803192,0
0.8132222470737345,0.8685807974257576,0.7733516483516484,0.7338709677419355,0.7587601078167115,0.788515406162465,0.19734238155924705,103,0.3253982365131378,0
0.814652096580077,0.8689002171533817,0.7725381414701803,0.7354838709677419,0.7651098901098901,0.7801120448179272,0.1951374944974535,104,0.3212445378303528,0
0.8097954010501539,0.8579614782274148,0.7802569303583502,0.7379032258064516,0.7542483660130719,0.8081232492997199,0.20156069885988037,105,0.31359800696372986,0
0.8115500953233004,0.8585572736810927,0.7804214819850442,0.739516129032258,0.7582562747688243,0.803921568627451,0.20178765995730077,106,0.31866854429244995,0
0.8143938183638475,0.8628460872863354,0.7768707482993197,0.7354838709677419,0.7552910052910053,0.7997198879551821,0.20122459324241015,107,0.318332701921463,0
0.8121491942784718,0.8659070013724501,0.7755662319835278,0.7362903225806452,0.7604306864064603,0.7913165266106442,0.20189817062861803,108,0.305901437997818,0
0.8120480131215985,0.8664016046650155,0.7728531855955678,0.7354838709677419,0.7643835616438356,0.7815126050420168,0.2000020344966559,109,0.3135465085506439,0
0.8068118882534002,0.8510797724249919,0.7782258064516129,0.7338709677419355,0.748062015503876,0.8109243697478992,0.20896192458728027,110,0.31288281083106995,0
0.8073244506928247,0.8514760616661792,0.7787491593813046,0.7346774193548387,0.7490297542043984,0.8109243697478992,0.20760753368693918,111,0.31207507848739624,0
0.8106021876431181,0.8612010326597777,0.7761607761607762,0.739516129032258,0.7681755829903978,0.7843137254901961,0.20246931572160265,112,0.30559754371643066,0
0.8097261718375562,0.8563438005952334,0.7795918367346939,0.7387096774193549,0.7579365079365079,0.8025210084033614,0.2053314146246853,113,0.30619585514068604,0
0.8046444813666911,0.8431206129410642,0.7792553191489362,0.7322580645161291,0.7417721518987341,0.8207282913165266,0.21319222832131957,114,0.2973540127277374,0
0.8025822496298901,0.8413313590998462,0.7725150100066711,0.725,0.7375796178343949,0.8109243697478992,0.21353823890512874,115,0.3034188747406006,0
0.7978080966226795,0.8413425164750945,0.776,0.7290322580645161,0.7404580152671756,0.8151260504201681,0.215558615968401,116,0.2972221076488495,0
0.7984710994664025,0.8481577343934643,0.773841961852861,0.7322580645161291,0.753315649867374,0.7955182072829131,0.2119301834369469,117,0.30260029435157776,0
0.8014213289878689,0.8517799094273862,0.7709041468388851,0.728225806451613,0.7490092470277411,0.7941176470588235,0.21259384188824798,118,0.30209800601005554,0
0.802401188612327,0.8520691378578036,0.7723304231027536,0.7266129032258064,0.7419354838709677,0.8053221288515406,0.2155651526781247,119,0.29921114444732666,0
0.8071953115847099,0.8587099558965655,0.7756756756756756,0.7322580645161291,0.7493472584856397,0.803921568627451,0.2126762334109103,120,0.2946460545063019,0
0.8091004462621552,0.8653788406171572,0.7710344827586207,0.7322580645161291,0.7595108695652174,0.7829131652661064,0.2051959385447332,121,0.29294994473457336,0
0.8072312575220202,0.861546958234152,0.7716428084526245,0.7298387096774194,0.751660026560425,0.7927170868347339,0.20970236691717464,122,0.3046879470348358,0
0.8017714690438913,0.845206076774468,0.7791861240827218,0.7330645161290322,0.7439490445859872,0.8179271708683473,0.2153064747362034,123,0.29120591282844543,0
0.8034582654354518,0.8479721418089944,0.773841961852861,0.7322580645161291,0.753315649867374,0.7955182072829131,0.20968705641577803,124,0.2944309711456299,0
0.8047816084608748,0.8563741155843279,0.7668754349338901,0.7298387096774194,0.7621023513139695,0.7717086834733894,0.20722135308013231,125,0.29962119460105896,0
0.8013068345208807,0.8492920589958897,0.7741935483870968,0.7233870967741935,0.7304347826086957,0.8235294117647058,0.2192258465157139,126,0.28906819224357605,0
0.8051570438061156,0.8488942602650176,0.7769688947716744,0.728225806451613,0.7365119196988708,0.8221288515406162,0.2167008657894501,127,0.2919810116291046,0
0.8111932986122206,0.8602065455152563,0.7693379790940766,0.7330645161290322,0.7656033287101248,0.773109243697479,0.20474809023265364,128,0.2885816991329193,0
0.8131370418889989,0.8667525124290347,0.7664756446991404,0.7370967741935484,0.7844574780058651,0.7492997198879552,0.20117648051293058,129,0.2930404841899872,0
0.8079794655504786,0.8591447048004326,0.7691275167785235,0.7225806451612903,0.7384020618556701,0.8025210084033614,0.21561957826464778,130,0.2920389771461487,0
0.8027979252537516,0.8417442685189684,0.7765472312703583,0.7233870967741935,0.7259439707673568,0.834733893557423,0.2240074057355618,131,0.2872190773487091,0
0.8088434993769371,0.8560543502015087,0.7759784075573549,0.7322580645161291,0.7486979166666666,0.8053221288515406,0.21282189098466237,132,0.28567031025886536,0
0.8139118765376873,0.8703824102508243,0.7604832977967306,0.728225806451613,0.772005772005772,0.7492997198879552,0.20162136736478012,133,0.2820780277252197,0
0.8126843893450915,0.868082585765267,0.7656903765690377,0.7290322580645161,0.7625,0.7689075630252101,0.2047821667037025,134,0.2801686227321625,0
0.806605531946619,0.8567014146353675,0.7722772277227723,0.7217741935483871,0.7303370786516854,0.819327731092437,0.2216397931838007,135,0.28175458312034607,0
0.8102121076567509,0.86276574166068,0.7707774798927614,0.7241935483870968,0.7390745501285347,0.8053221288515406,0.2148153063829899,136,0.27916136384010315,0
0.8132941389483551,0.8719494498287855,0.7652548456568558,0.7362903225806452,0.7849779086892489,0.7464985994397759,0.20006479581736952,137,0.27082979679107666,0
0.8153896539604435,0.8711462457831062,0.773876404494382,0.7403225806451613,0.776056338028169,0.7717086834733894,0.2018825799539625,138,0.2786608040332794,0
0.8127323172615053,0.8641550435666268,0.772972972972973,0.7290322580645161,0.7467362924281984,0.8011204481792717,0.21311435743336773,139,0.26982203125953674,0
0.8098699555867974,0.8580409915339638,0.7770360480640854,0.7306451612903225,0.7423469387755102,0.8151260504201681,0.2184294207969028,140,0.265234112739563,0
0.81109478011737,0.8621379443616429,0.7748976807639836,0.7338709677419355,0.7553191489361702,0.7955182072829131,0.21215069663109754,141,0.27195069193840027,0
0.8107885739847269,0.8633369882380969,0.772318339100346,0.7346774193548387,0.7633378932968536,0.7815126050420168,0.20886246161257396,142,0.25973331928253174,0
0.8081685145541107,0.8568417211085877,0.7755102040816326,0.7338709677419355,0.753968253968254,0.7983193277310925,0.2147342676176731,143,0.27196648716926575,0
0.8058333599599536,0.8513058139800108,0.7709041468388851,0.728225806451613,0.7490092470277411,0.7941176470588235,0.217875049297102,144,0.2664833962917328,0
0.8053034902173797,0.8519215692945417,0.7712152070604209,0.728225806451613,0.7483530961791831,0.7955182072829131,0.2171943496496564,145,0.2560480535030365,0
0.8053753820920002,0.8563135191988814,0.7665078284547311,0.7233870967741935,0.7456953642384105,0.788515406162465,0.2158209068603324,146,0.25137051939964294,0
0.8055431297994483,0.8591862507107961,0.7628865979381443,0.7217741935483871,0.7489878542510121,0.7773109243697479,0.21390673033336677,147,0.24952319264411926,0
0.8053660627749198,0.8584363793520025,0.7653478854024557,0.7225806451612903,0.7460106382978723,0.7857142857142857,0.21649575057835369,148,0.2585987448692322,0
0.8048348617013344,0.8603205115403181,0.7649456521739131,0.7209677419354839,0.7427440633245382,0.788515406162465,0.21839361167315513,149,0.25937673449516296,0
0.8025622796647176,0.8553830475562851,0.7696440564137005,0.7233870967741935,0.7393548387096774,0.8025210084033614,0.2232710383081584,150,0.2524380087852478,0
0.7982594178355752,0.848041155236885,0.7695364238410596,0.7193548387096774,0.7298994974874372,0.8137254901960784,0.22793438367095062,151,0.24863150715827942,0
0.7959042932762459,0.8530196908237022,0.7596153846153846,0.717741935483871,0.7452830188679245,0.7745098039215687,0.22493514010367127,152,0.24976079165935516,0
0.7949949941953968,0.8499098061720598,0.761049723756906,0.7209677419354839,0.7506811989100818,0.7717086834733894,0.2242201134642949,153,0.253862589597702,0
0.7943253346966163,0.8431800538361741,0.7712152070604209,0.728225806451613,0.7483530961791831,0.7955182072829131,0.22676038562059642,154,0.2573717534542084,0
0.7957791481611656,0.8437480370035322,0.7697501688048616,0.725,0.7431551499348109,0.7983193277310925,0.22751489535744684,155,0.24898722767829895,0
0.7996692973767454,0.8584666770445435,0.7632850241545893,0.7233870967741935,0.7523809523809524,0.7745098039215687,0.2193636628958993,156,0.2578371465206146,0
0.7972063350054851,0.8607280981259319,0.7574291637871459,0.7169354838709677,0.747612551159618,0.7675070028011205,0.22097294769463957,157,0.2530544102191925,0
0.8030482154839121,0.8624647722389804,0.7673130193905817,0.7290322580645161,0.7589041095890411,0.7759103641456583,0.2172085975455495,158,0.26904335618019104,0
0.7989184266862639,0.850314108989279,0.7654986522911051,0.7193548387096774,0.7376623376623377,0.7955182072829131,0.22670360282225804,159,0.2418520748615265,0
0.8015584560820526,0.8565664657830188,0.7657221838286109,0.7266129032258064,0.7557980900409277,0.7759103641456583,0.22202350451998978,160,0.2637172341346741,0
0.8011683760956855,0.8601400948993474,0.7629733520336606,0.7274193548387097,0.7640449438202247,0.7619047619047619,0.21687674070990012,161,0.25676336884498596,0
0.7956327017499014,0.855717083385054,0.7629281396910679,0.7153225806451613,0.7329032258064516,0.7955182072829131,0.2297702113138906,162,0.250411719083786,0
0.797057225932198,0.851408181844426,0.7654485049833887,0.7153225806451613,0.7281921618204804,0.8067226890756303,0.2296023182767289,163,0.26905637979507446,0
0.7981143027553226,0.8433385760083917,0.7728813559322034,0.7298387096774194,0.7490144546649146,0.7983193277310925,0.22342992768791534,164,0.2401983141899109,0
0.8037618089060719,0.8580441434372241,0.7639484978540773,0.7338709677419355,0.7807017543859649,0.7478991596638656,0.21169995692851795,165,0.25379496812820435,0
0.8031706979369695,0.8572765680496749,0.7648290300069783,0.728225806451613,0.7621696801112656,0.7675070028011205,0.21464634800978244,166,0.2643986940383911,0
0.799649327411573,0.8457059775750178,0.7731543624161074,0.7274193548387097,0.7422680412371134,0.8067226890756303,0.22233627840935416,167,0.2357591986656189,0
0.7962131620709121,0.8378697258773036,0.7813525935653316,0.7314516129032258,0.7354758961681088,0.8333333333333334,0.22885523371017003,168,0.24408671259880066,0
0.8039322192755429,0.858192540559074,0.7742799732083054,0.728225806451613,0.7419768934531451,0.8095238095238095,0.2231031441288593,169,0.25209856033325195,0
0.8080859720313981,0.8658533000267072,0.7734428473648186,0.7330645161290322,0.7563587684069611,0.7913165266106442,0.2183672104525176,170,0.2480611354112625,0
0.8081019480035361,0.8653503209227174,0.7738831615120275,0.7346774193548387,0.7597840755735492,0.788515406162465,0.218661505792739,171,0.2444925457239151,0
0.8061289154445048,0.8624320880389571,0.7729138166894665,0.7322580645161291,0.7553475935828877,0.7913165266106442,0.2190921388119294,172,0.25280556082725525,0
0.5095391743195168,0.6267803362980964,0.7634730538922155,0.6174334140435835,0.6174334140435835,1.0,0.2370482778824191,0,0.8067949414253235,1
0.4949160254819227,0.6194588216256811,0.7634730538922155,0.6174334140435835,0.6174334140435835,1.0,0.2621649478192083,1,0.7045751810073853,1
0.5059237196988501,0.6245964382865639,0.7634730538922155,0.6174334140435835,0.6174334140435835,1.0,0.26933273335355495,2,0.6962342858314514,1
0.5374589779653071,0.6386341304580813,0.7634730538922155,0.6174334140435835,0.6174334140435835,1.0,0.2639330063506936,3,0.6925846934318542,1
0.5577204158738038,0.6501999754016071,0.7634730538922155,0.6174334140435835,0.6174334140435835,1.0,0.25436281280937184,4,0.6889636516571045,1
0.5688025702545434,0.6599456994741417,0.7634730538922155,0.6174334140435835,0.6174334140435835,1.0,0.2452817855602168,5,0.6743384599685669,1
0.5781156062987783,0.6679776423618065,0.7634730538922155,0.6174334140435835,0.6174334140435835,1.0,0.23889449804076965,6,0.6716973781585693,1
0.5880587959515733,0.6768147472406207,0.7634730538922155,0.6174334140435835,0.6174334140435835,1.0,0.23550767057391558,7,0.6646175384521484,1
0.5966699760072806,0.6864339833046931,0.7634730538922155,0.6174334140435835,0.6174334140435835,1.0,0.2337725341901527,8,0.6682382822036743,1
0.6040732467389206,0.6969039650954736,0.7634730538922155,0.6174334140435835,0.6174334140435835,1.0,0.23329414384974342,9,0.6629920601844788,1
0.6102892915253302,0.705760227037809,0.7634730538922155,0.6174334140435835,0.6174334140435835,1.0,0.2336073692325585,10,0.6619089245796204,1
0.6157717658089958,0.7129931584747171,0.7634730538922155,0.6174334140435835,0.6174334140435835,1.0,0.23469795163305318,11,0.6596465706825256,1
0.6210184495739224,0.7193067944355267,0.7634730538922155,0.6174334140435835,0.6174334140435835,1.0,0.23521517257616825,12,0.6584553122520447,1
0.6270124927608175,0.7259484731725266,0.765,0.6206618240516546,0.6194331983805668,1.0,0.23449329344258682,13,0.6602193117141724,1
0.6337718209646728,0.7321997412057513,0.7665330661322646,0.6238902340597255,0.6214459788789602,1.0,0.23229666708090915,14,0.6522452235221863,1
0.6409255122583492,0.7377939293968803,0.766750629722922,0.6263115415657788,0.6237704918032787,0.9947712418300654,0.22902862669453158,15,0.6512508392333984,1
0.6488637930559004,0.7430090970969405,0.7693888032871083,0.6376109765940274,0.6336717428087987,0.9790849673202614,0.22551693735383135,16,0.6462451219558716,1
0.6577038691707344,0.7488743605531641,0.7713382507903056,0.6497175141242938,0.646072374227714,0.9568627450980393,0.2219753207982079,17,0.6413484215736389,1
0.6666721822343564,0.7545270019026457,0.7668112798264642,0.6529459241323649,0.6552363299351252,0.9241830065359478,0.219036558539542,18,0.6339030265808105,1
0.6769669893273766,0.7606798366731365,0.7659103486441616,0.6585956416464891,0.6641074856046065,0.9045751633986928,0.21670294481190538,19,0.6333687901496887,1
0.685276192052067,0.7653095310142185,0.7637795275590551,0.6610169491525424,0.6702862783810464,0.8875816993464052,0.21533122972862376,20,0.6274197101593018,1
0.6922533851796697,0.7692848169417765,0.7651386530843237,0.6650524616626311,0.6746506986027944,0.8836601307189542,0.2148703269461505,21,0.6240890622138977,1
0.6976724304349026,0.7723930959603815,0.7701083856246435,0.6747376916868443,0.6831983805668016,0.8823529411764706,0.21476408838307856,22,0.6148687601089478,1
0.7031714514216376,0.7764417910334575,0.7722543352601156,0.682001614205004,0.6922279792746114,0.873202614379085,0.21354089439713325,23,0.6071181297302246,1
0.7108463638620005,0.7835591763566626,0.7697756788665879,0.6852300242130751,0.7018299246501615,0.8522875816993464,0.2111546620138906,24,0.6018213629722595,1
0.7203717492622929,0.7946287817728612,0.7684906794948888,0.6892655367231638,0.7115812917594655,0.8352941176470589,0.20766603792975616,25,0.59999018907547,1
0.7300350238548302,0.803884918013182,0.7635009310986964,0.6924939467312349,0.7269503546099291,0.803921568627451,0.20406333226755755,26,0.5891044735908508,1
0.7394859490913102,0.8089236185698688,0.7638446849140674,0.7005649717514124,0.7444168734491315,0.7843137254901961,0.2001502246248115,27,0.5888910293579102,1
0.7482860373403931,0.8140624569183489,0.7638446849140674,0.7005649717514124,0.7444168734491315,0.7843137254901961,0.19646219926569322,28,0.5844427347183228,1
0.7551639502495794,0.8184190678799791,0.7793190416141236,0.7175141242937854,0.7527405602923264,0.807843137254902,0.19342955728736766,29,0.5796167254447937,1
0.7593144149361573,0.822907552730967,0.7809165097300691,0.718321226795803,0.751207729468599,0.8130718954248366,0.19186243499684413,30,0.5707480311393738,1
0.7620694409972146,0.8271876918961519,0.7830423940149626,0.7191283292978208,0.7485101311084624,0.8209150326797385,0.1911368242324893,31,0.5672568082809448,1
0.7649265050605334,0.8304825647150024,0.7803030303030303,0.7191283292978208,0.7545787545787546,0.807843137254902,0.190385424293514,32,0.5632752776145935,1
0.7676318910123825,0.832559044084082,0.7784200385356455,0.7215496368038741,0.7651515151515151,0.792156862745098,0.19049205099736718,33,0.5610705018043518,1
0.7690521496925071,0.8332595496741622,0.7677293428757319,0.711864406779661,0.7642487046632125,0.7712418300653595,0.19100259406121298,34,0.5581178069114685,1
0.7700435729847495,0.8341996166036207,0.7870311506675143,0.7296206618240516,0.7660891089108911,0.8091503267973856,0.19030676805660124,35,0.552947461605072,1
0.7700394363089821,0.8341303342782866,0.7995049504950495,0.738498789346247,0.7591069330199764,0.8444444444444444,0.19023427492677014,36,0.5473475456237793,1
0.7727834312346599,0.8350091827403223,0.7972379158819837,0.7393058918482648,0.7669082125603864,0.8300653594771242,0.1888170036735564,37,0.5443915128707886,1
0.7769918093819806,0.8372423064518049,0.7830618892508143,0.7312348668280871,0.7805194805194805,0.7856209150326797,0.18861244094897087,38,0.5408629775047302,1
0.7796503130084664,0.8386324516954486,0.7878395860284605,0.735270379338176,0.7797695262483995,0.796078431372549,0.1870361871556595,39,0.5387648344039917,1
0.7803700945919858,0.8387127139794133,0.7987460815047022,0.7409200968523002,0.7674698795180723,0.8326797385620915,0.18562977448319198,40,0.5292861461639404,1
0.7821268029011886,0.8393037125829578,0.7969735182849937,0.7401129943502824,0.7697929354445798,0.8261437908496732,0.1854582009517777,41,0.5242467522621155,1
0.7841096494856732,0.8415443162107196,0.7920665387076136,0.7376916868442293,0.7756892230576441,0.8091503267973856,0.1860042508485867,42,0.5275691151618958,1
0.7851327872921321,0.8431827054123066,0.7895765472312704,0.7393058918482648,0.787012987012987,0.792156862745098,0.18806726726278208,43,0.5198299884796143,1
0.7864482501861504,0.8447608191224549,0.7874427730542839,0.7376916868442293,0.7879581151832461,0.7869281045751634,0.18803715549089625,44,0.5177360773086548,1
0.788351121039133,0.8459371477571163,0.7878787878787878,0.7344632768361582,0.77735368956743,0.7986928104575164,0.18654471252459293,45,0.5075734257698059,1
0.7909958357463942,0.8478194337020475,0.7855763039278815,0.7312348668280871,0.7741116751269036,0.7973856209150327,0.1846818192066743,46,0.508759081363678,1
0.7943355119825708,0.8507263302073627,0.7884244372990353,0.7344632768361582,0.7759493670886076,0.8013071895424837,0.1823654126822843,47,0.5109753012657166,1
0.7977854995725435,0.8545247932397443,0.7748344370860927,0.7255851493139629,0.785234899328859,0.7647058823529411,0.18069633267097993,48,0.512086808681488,1
0.7999944844323101,0.8551096999091778,0.7953667953667953,0.7433414043583535,0.7832699619771863,0.807843137254902,0.17848545995593845,49,0.5073736906051636,1
0.8004550343344088,0.8550032284992204,0.8010236724248241,0.7489911218724778,0.7844611528822055,0.8183006535947712,0.17799553770133558,50,0.4976283311843872,1
0.7991561181434599,0.8548586131428662,0.8012698412698412,0.7473769168684423,0.7790123456790123,0.8248366013071895,0.17926290871549458,51,0.4924282431602478,1
0.8007087504481399,0.8569337131497128,0.8005066497783407,0.7457627118644068,0.7764127764127764,0.8261437908496732,0.179285792364047,52,0.4919990599155426,1
0.8054631697967514,0.8614136682467566,0.7905449770190414,0.7425343018563357,0.7941952506596306,0.7869281045751634,0.1776268350650938,53,0.48754453659057617,1
0.8076032100603955,0.8633796692252649,0.7924034053700065,0.7441485068603713,0.7939632545931758,0.7908496732026143,0.17618348708350484,54,0.48290276527404785,1
0.8086208322991645,0.8646334844085841,0.7908196721311476,0.7425343018563357,0.7934210526315789,0.788235294117647,0.1759201004507679,55,0.48581185936927795,1
0.8107139902374452,0.8659003966690889,0.7979604843849586,0.7441485068603713,0.7786069651741293,0.8183006535947712,0.17543835776824046,56,0.48749372363090515,1
0.8107057168859105,0.8664957173783668,0.8030207677784771,0.7473769168684423,0.7742718446601942,0.8339869281045752,0.17692863117428442,57,0.4715850353240967,1
0.8150823198477704,0.8699103349572324,0.8012987012987013,0.7530266343825666,0.7961290322580645,0.8065359477124183,0.17411132866577092,58,0.4692595601081848,1
0.8194010093488873,0.8731426594554024,0.7984189723320159,0.7530266343825666,0.8047808764940239,0.792156862745098,0.1713951662890239,59,0.460706889629364,1
0.8213397313918535,0.8742158195406255,0.8051612903225807,0.7562550443906376,0.7949044585987262,0.8156862745098039,0.17082873332888074,60,0.4678898751735687,1
0.8247952345495161,0.875341104518762,0.8046272493573264,0.7546408393866021,0.7914032869785083,0.8183006535947712,0.16896809959298775,61,0.46372973918914795,1
0.8282148865171948,0.8769910498982108,0.8058936579115952,0.7554479418886199,0.7902010050251256,0.8222222222222222,0.16695920739003456,62,0.4460034668445587,1
0.8312098397727588,0.8794032465917276,0.8084824387011266,0.7667473769168685,0.8198924731182796,0.7973856209150327,0.16398020534067187,63,0.4512731432914734,1
0.8358374010645044,0.8831275402172856,0.8153846153846154,0.7675544794188862,0.8,0.8313725490196079,0.16212465585662705,64,0.44578808546066284,1
0.8371404539312209,0.884450343217695,0.8154340836012862,0.768361581920904,0.8025316455696202,0.8287581699346406,0.16161427044708584,65,0.4347458481788635,1
0.8400843881856541,0.8873270804289675,0.8198675496688742,0.7804681194511703,0.8308724832214766,0.8091503267973856,0.1584949227948908,66,0.44622302055358887,1
0.8415680758942113,0.8893873635876328,0.8101604278074866,0.7707828894269573,0.8290013679890561,0.792156862745098,0.1582861235018561,67,0.44056543707847595,1
0.8433137530680346,0.8905200014209547,0.8196303377947738,0.7715899919289749,0.7997512437810945,0.8405228758169935,0.1589238562030822,68,0.43295934796333313,1
0.8414853423788643,0.8889863010782577,0.8225,0.7707828894269573,0.7880239520958083,0.8601307189542484,0.16247162380228708,69,0.4326793849468231,1
0.8459722566945203,0.8948111124326391,0.8188976377952756,0.7772397094430993,0.8221343873517787,0.8156862745098039,0.15657527331132048,70,0.4250448942184448,1
0.8470643390971017,0.895612113393401,0.8203125,0.7772397094430993,0.8171206225680934,0.8235294117647058,0.1561822460419588,71,0.42996349930763245,1
0.8411544083174761,0.8887121493159027,0.8265822784810126,0.7788539144471348,0.8012269938650307,0.85359477124183,0.16271799522845118,72,0.42169415950775146,1
0.8481481481481482,0.8948022562703551,0.8252740167633784,0.7812752219531881,0.8142493638676844,0.8366013071895425,0.1559248547627697,73,0.42002519965171814,1
0.8465238134635007,0.8951528481905322,0.8197368421052632,0.7788539144471348,0.8251655629139073,0.8143790849673203,0.15617967589962972,74,0.41520658135414124,1
0.853680262541022,0.9003681663465442,0.8220451527224436,0.7836965294592413,0.835357624831309,0.8091503267973856,0.15198311344330923,75,0.41875603795051575,1
0.8513333884890102,0.8974524973041815,0.8336520076481836,0.7893462469733656,0.8134328358208955,0.8549019607843137,0.15644749966809424,76,0.40585628151893616,1
0.857943796365241,0.9032005590398754,0.8346153846153846,0.7917675544794189,0.8188679245283019,0.8509803921568627,0.15117212445797865,77,0.4161320626735687,1
0.8528446540360166,0.9006436682283245,0.82088565763384,0.7812752219531881,0.8302139037433155,0.8117647058823529,0.15348998789631044,78,0.4031868875026703,1
0.855853396210805,0.9028764436715556,0.8266315095583389,0.7877320419693301,0.8337765957446809,0.8196078431372549,0.15199050715643597,79,0.41501227021217346,1
0.8583684950773558,0.9040918152317596,0.8325907065563335,0.7877320419693301,0.8114143920595533,0.8549019607843137,0.15192517474885567,80,0.40494227409362793,1
0.8563470395190425,0.9025735157850157,0.8336520076481836,0.7893462469733656,0.8134328358208955,0.8549019607843137,0.1540717967567434,81,0.4020920395851135,1
0.8590965500124099,0.9056492061013394,0.8286479250334672,0.7933817594834544,0.8491083676268861,0.8091503267973856,0.1501612905148081,82,0.4001365900039673,1
0.8558727006977194,0.90355049565275,0.8273092369477911,0.7917675544794189,0.8477366255144033,0.807843137254902,0.15336542222498428,83,0.3902990221977234,1
0.8606822757232289,0.9072129924944831,0.8365508365508365,0.7949959644874899,0.8238276299112801,0.8496732026143791,0.14985631980068903,84,0.4032735228538513,1
0.8600341965196767,0.9063524841386926,0.835820895522388,0.7869249394673123,0.797153024911032,0.8784313725490196,0.15481756816714257,85,0.38102278113365173,1
0.863158765615951,0.9097318720132885,0.8321451717433571,0.7909604519774012,0.8251928020565553,0.8392156862745098,0.1489068843547016,86,0.3968072831630707,1
0.8632938970243513,0.9101719713984265,0.8330006653359947,0.7974172719935432,0.8482384823848238,0.8183006535947712,0.14888221294588388,87,0.3872089982032776,1
0.8614820330382505,0.9076600901356623,0.8349900596421471,0.7990314769975787,0.8467741935483871,0.8235294117647058,0.15010261326001154,88,0.3777429759502411,1
0.8629519318275833,0.9074055394296818,0.8354098360655737,0.7974172719935432,0.8381578947368421,0.8326797385620915,0.14877736891713872,89,0.3721219003200531,1
0.8632332257797635,0.9066033278101775,0.8353936239427456,0.7958030669895076,0.8316062176165803,0.8392156862745098,0.1486892690259858,90,0.3768114745616913,1
0.864259121370067,0.9075337689919802,0.83399209486166,0.7966101694915254,0.8406374501992032,0.8274509803921568,0.14773740199979732,91,0.37761038541793823,1
0.8649265050605333,0.9095234278026103,0.8259109311740891,0.7917675544794189,0.8535564853556485,0.8,0.14903679759212068,92,0.37639883160591125,1
0.8675174429828191,0.9114445290069484,0.8330006653359947,0.7974172719935432,0.8482384823848238,0.8183006535947712,0.14654249092040142,93,0.37406328320503235,1
0.8688508314718293,0.9108247930011889,0.8396349413298566,0.801452784503632,0.8374512353706112,0.8418300653594771,0.14521523399562228,94,0.3705303966999054,1
0.8698105402498552,0.9117997087933323,0.8433889602053916,0.8030669895076675,0.8284993694829761,0.8588235294117647,0.14473274748973738,95,0.3685479164123535,1
0.8693003502385482,0.9113832727400837,0.8337765957446809,0.7982243744955609,0.8484438430311232,0.8196078431372549,0.14540126901256192,96,0.37162163853645325,1
0.8680869253467913,0.9103080328514104,0.8314304902619207,0.7974172719935432,0.8549723756906077,0.8091503267973856,0.1469787570188321,97,0.3730327785015106,1
0.8709370949504979,0.911554187118647,0.8438107582631238,0.8054882970137207,0.8367609254498715,0.8509803921568627,0.14396990905365986,98,0.36529964208602905,1
0.8708447091916935,0.9110830829120975,0.8442466624284806,0.8022598870056498,0.8217821782178217,0.8679738562091504,0.1455932583456363,99,0.3534320592880249,1
0.8703896748572847,0.910262151244048,0.851421188630491,0.814366424535916,0.8416347381864623,0.8614379084967321,0.14382118527123866,100,0.36150720715522766,1
0.8693885993215852,0.9095510804808622,0.8309764309764309,0.7974172719935432,0.8569444444444444,0.8065359477124183,0.14615557966622608,101,0.35638856887817383,1
0.8686274509803922,0.9092682118101835,0.8311864406779661,0.7990314769975787,0.8633802816901408,0.8013071895424837,0.14668357086935324,102,0.36129453778266907,1
0.8686053887096329,0.909543025327425,0.8421052631578947,0.8038740920096852,0.8372093023255814,0.8470588235294118,0.14474520252192122,103,0.3596183955669403,1
0.870640633187171,0.911986916000181,0.8461538461538461,0.8062953995157385,0.8301886792452831,0.8627450980392157,0.14510573882285333,104,0.35352960228919983,1
0.870604781997187,0.913155945668565,0.84375,0.8062953995157385,0.8404669260700389,0.8470588235294118,0.14588800127041704,105,0.3518485426902771,1
0.870986735059706,0.9138510718562524,0.8297297297297297,0.7966101694915254,0.8587412587412587,0.8026143790849674,0.148467764435725,106,0.34528180956840515,1
0.8718843937012216,0.9125717018391115,0.8337801608579088,0.7998385794995965,0.8555708390646493,0.8130718954248366,0.14745268667528802,107,0.3406743109226227,1
0.8758197512478971,0.913522658044643,0.8432786885245902,0.8071025020177562,0.8460526315789474,0.8405228758169935,0.142049393817854,108,0.3401496410369873,1
0.874385703648548,0.9112629952405991,0.8462037637897469,0.8087167070217918,0.8402061855670103,0.8522875816993464,0.14289607888246572,109,0.34242841601371765,1
0.8745318661923278,0.909367617494011,0.8402130492676432,0.8062953995157385,0.8561736770691994,0.8248366013071895,0.14197221907462565,110,0.3451555073261261,1
0.8717685667797357,0.905064123919181,0.8377104377104377,0.8054882970137207,0.8638888888888889,0.8130718954248366,0.14496227123820127,111,0.32472631335258484,1
0.8726207219878106,0.9057664522088571,0.8496388706500329,0.8151735270379338,0.8535620052770448,0.8457516339869281,0.14223639914027136,112,0.33748650550842285,1
0.8731502164860319,0.9081508663840545,0.8504854368932039,0.8135593220338984,0.8423076923076923,0.8588235294117647,0.14166228106550569,113,0.33321234583854675,1
0.8739678993960452,0.9110773502323487,0.8460526315789474,0.8111380145278451,0.8516556291390729,0.8405228758169935,0.14188461106489478,114,0.33617377281188965,1
0.8770221450042746,0.914392143726377,0.8457974851091992,0.8119451170298628,0.8565683646112601,0.8352941176470589,0.14155883712877437,115,0.33363255858421326,1
0.8760252061443424,0.9139308098571025,0.8383635144198525,0.8054882970137207,0.8608815426997245,0.8169934640522876,0.14472794845273268,116,0.32930511236190796,1
0.8755632773503212,0.9141102650444283,0.8396540252827678,0.8054882970137207,0.8550135501355014,0.8248366013071895,0.14418604488754197,117,0.32464599609375,1
0.8747359421968506,0.9153171118204317,0.8493150684931506,0.8135593220338984,0.84765625,0.8509803921568627,0.14433497373907345,118,0.31788089871406555,1
0.8720084939742422,0.9150621317873864,0.8346354166666666,0.7949959644874899,0.8313878080415046,0.8379084967320262,0.14817574449777288,119,0.32626909017562866,1
0.8766774220236618,0.9151576543375965,0.8451268357810414,0.8127522195318806,0.8635743519781719,0.8274509803921568,0.144686306490014,120,0.32554927468299866,1
0.8746311464107444,0.9103228778436689,0.843501326259947,0.8095238095238095,0.8559892328398385,0.8313725490196079,0.14524355942304581,121,0.31473448872566223,1
0.8729033948319133,0.907864029480808,0.8450889914304548,0.8103309120258273,0.8523936170212766,0.8379084967320262,0.14469929159801515,122,0.32255104184150696,1
0.8688122224980006,0.9054861687092071,0.8287441235728676,0.7941888619854721,0.8522099447513812,0.8065359477124183,0.14882418139575412,123,0.3167639672756195,1
0.8744684371638952,0.908735205144481,0.8406186953597848,0.8087167070217918,0.8656509695290858,0.8169934640522876,0.14595564758037433,124,0.32206305861473083,1
0.875488817186509,0.9110238596776524,0.84,0.8062953995157385,0.8571428571428571,0.8235294117647058,0.14505024899892846,125,0.30894362926483154,1
0.8745925374369156,0.9104395792939053,0.8465608465608465,0.8127522195318806,0.856760374832664,0.8366013071895425,0.144968159819418,126,0.31202659010887146,1
0.8718126913212542,0.908746492577905,0.8391793514228988,0.8038740920096852,0.8498659517426274,0.8287581699346406,0.14700332678010516,127,0.30413818359375,1
0.8737458977965307,0.909240377641677,0.8406961178045516,0.807909604519774,0.8614540466392319,0.8209150326797385,0.1470775646148026,128,0.3070962131023407,1
0.8743167590524257,0.9098913323157218,0.8402684563758389,0.807909604519774,0.863448275862069,0.8183006535947712,0.14756002501778462,129,0.30445295572280884,1
0.8756377375141335,0.9129130230435141,0.8397565922920892,0.8087167070217918,0.8697478991596639,0.8117647058823529,0.14711881649929215,130,0.30093130469322205,1
0.8719036981881361,0.9137447666295047,0.8392156862745098,0.801452784503632,0.8392156862745098,0.8392156862745098,0.14879532624878528,131,0.3011832535266876,1
0.8760651940100935,0.9157266943684748,0.8371467025572006,0.804681194511703,0.8626907073509015,0.8130718954248366,0.14686397348445324,132,0.3113832473754883,1
0.8767270621328701,0.9148584074416968,0.8303693570451436,0.7998385794995965,0.8708751793400287,0.7934640522875817,0.14911211977220856,133,0.29819929599761963,1
0.8753164556962024,0.9129190459254541,0.8352387357094821,0.8022598870056498,0.8601108033240997,0.8117647058823529,0.14757384851622468,134,0.3049655854701996,1
0.8734480571412813,0.9121549161527117,0.8383233532934131,0.8038740920096852,0.8536585365853658,0.8235294117647058,0.14693156859263545,135,0.30458658933639526,1
0.8703979482088193,0.9119551223069584,0.8326745718050066,0.7949959644874899,0.8393094289508632,0.8261437908496732,0.14976530408707783,136,0.2921297550201416,1
0.8755288050522599,0.9141276924522019,0.835781041388518,0.801452784503632,0.8540245566166439,0.8183006535947712,0.14710043738262973,137,0.2996768653392792,1
0.8748352224152671,0.9127279369318047,0.830006882312457,0.8006456820016142,0.876453488372093,0.788235294117647,0.1515044313303432,138,0.2934114634990692,1
0.8738727558533961,0.9124423383465652,0.8272539573296628,0.7974172719935432,0.873546511627907,0.7856209150326797,0.1529220958369021,139,0.2934878170490265,1
0.8740134028294864,0.9119390663880922,0.8390113560454242,0.8054882970137207,0.8579234972677595,0.8209150326797385,0.15038511053435702,140,0.2840255796909332,1
0.8727089710708476,0.9114774463311314,0.8312037659717552,0.7974172719935432,0.8559556786703602,0.807843137254902,0.15190979939103422,141,0.2927977442741394,1
0.8728082512892641,0.9104447777500881,0.8271604938271605,0.7966101694915254,0.8701298701298701,0.788235294117647,0.1544360160737455,142,0.28935039043426514,1
0.8737265933096163,0.9091766708639029,0.8279643591501028,0.7974172719935432,0.8703170028818443,0.7895424836601307,0.1533661280940689,143,0.28995248675346375,1
0.8753867791842476,0.9110235065917394,0.84125920964501,0.8087167070217918,0.8626373626373627,0.8209150326797385,0.15002019426881075,144,0.287267804145813,1
0.8743388213231846,0.9123325874907966,0.8460013218770654,0.8119451170298628,0.8556149732620321,0.8366013071895425,0.1496455846511071,145,0.2767082750797272,1
0.875739775516395,0.9130234678182956,0.8427339084273391,0.8087167070217918,0.8557951482479784,0.8300653594771242,0.14897616556056537,146,0.28432950377464294,1
0.8769614737596867,0.913758439745663,0.8385800401875418,0.8054882970137207,0.8598901098901099,0.8183006535947712,0.1495701795938766,147,0.28707852959632874,1
0.8767187887813352,0.913935087914204,0.8309572301425662,0.7990314769975787,0.864406779661017,0.8,0.1513256249551401,148,0.2734737992286682,1
0.8748021290091283,0.9136754077756426,0.8351498637602179,0.804681194511703,0.871977240398293,0.8013071895424837,0.15149134663727307,149,0.2787945568561554,1
0.8735280328727835,0.9134895516528937,0.8377104377104377,0.8054882970137207,0.8638888888888889,0.8130718954248366,0.15042522475075934,150,0.27232930064201355,1
0.8732881056782769,0.9131954779614785,0.8371786420566908,0.8006456820016142,0.8444148936170213,0.8300653594771242,0.15032403914569673,151,0.2669433653354645,1
0.8732550122721382,0.9126352142616356,0.8405797101449275,0.804681194511703,0.8472775564409031,0.8339869281045752,0.15028391947744257,152,0.27525344491004944,1
0.8748434957668018,0.9153714528600303,0.8359008707300737,0.8022598870056498,0.8571428571428571,0.8156862745098039,0.15243749797140874,153,0.26922908425331116,1
0.8746366619784341,0.9152287420870411,0.8329952670723462,0.8006456820016142,0.8627450980392157,0.8052287581699347,0.1540480224332156,154,0.26273560523986816,1
0.874162323157111,0.9150692700660294,0.8361204013377926,0.8022598870056498,0.8561643835616438,0.8169934640522876,0.15422399954825716,155,0.2621370851993561,1
0.8747469733322302,0.915847730268939,0.8365577051367579,0.8022598870056498,0.8542234332425068,0.8196078431372549,0.15370590658300906,156,0.2686144709587097,1
0.8760045227655058,0.9169221625711605,0.8345813478556842,0.8038740920096852,0.8707386363636364,0.8013071895424837,0.15426311640712917,157,0.26999181509017944,1
0.8747359421968506,0.9151636788958395,0.8352542372881356,0.8038740920096852,0.8676056338028169,0.8052287581699347,0.15439522075360318,158,0.26212939620018005,1
0.8732164032983095,0.9131620928543915,0.8327736736064473,0.7990314769975787,0.856353591160221,0.8104575163398693,0.15450469981933274,159,0.26052215695381165,1
0.8722511789525936,0.9116504695384162,0.8328840970350404,0.7998385794995965,0.8595271210013908,0.807843137254902,0.1552128081370904,160,0.25355517864227295,1
0.8705772041587381,0.9105667269287825,0.8333333333333334,0.801452784503632,0.8649789029535865,0.803921568627451,0.15790625224810537,161,0.256247878074646,1
0.8739665205041229,0.9127284118640083,0.8342318059299192,0.801452784503632,0.8609179415855355,0.8091503267973856,0.1554678129444448,162,0.25768157839775085,1
0.8716251620198008,0.9099365691213699,0.8428005284015853,0.807909604519774,0.8518024032042724,0.8339869281045752,0.15439153334780126,163,0.24950484931468964,1
0.8693003502385483,0.9098650258019367,0.8301886792452831,0.7966101694915254,0.8567454798331016,0.8052287581699347,0.15904569527188997,164,0.26373913884162903,1
0.8632332257797635,0.9064532324132948,0.8216216216216217,0.7869249394673123,0.8503496503496504,0.7947712418300653,0.16433160061750912,165,0.25195276737213135,1
0.8715162295579274,0.9109175464349657,0.8218430034129692,0.7893462469733656,0.86,0.7869281045751634,0.15954272859999452,166,0.2605157494544983,1
0.8723008190618019,0.9128439917069553,0.8323232323232324,0.7990314769975787,0.8583333333333333,0.807843137254902,0.15692488393200163,167,0.2549950182437897,1
0.8727255177739168,0.9145138521017464,0.8286099865047234,0.7949959644874899,0.8563458856345886,0.8026143790849674,0.15780805071064513,168,0.2604532837867737,1
0.8645183530514878,0.9082116304813205,0.825354012137559,0.7909604519774012,0.8523676880222841,0.8,0.163130646847018,169,0.25585150718688965,1
0.8691155787209398,0.9088144957125046,0.8271186440677966,0.7941888619854721,0.8591549295774648,0.7973856209150327,0.15886347002681525,170,0.2622881531715393,1
0.8696974711122143,0.909820287644078,0.8299866131191432,0.7949959644874899,0.850480109739369,0.8104575163398693,0.1571588712082199,171,0.24700838327407837,1
0.8721050164088138,0.9122291436615744,0.8296296296296296,0.7958030669895076,0.8555555555555555,0.8052287581699347,0.1559690349514533,172,0.24647320806980133,1
0.8717768401312704,0.9126071176723833,0.8292682926829268,0.7966101694915254,0.8607594936708861,0.8,0.1556662297232553,173,0.24636399745941162,1
0.8716996221836133,0.9124513171732739,0.8331090174966352,0.7998385794995965,0.8585298196948682,0.8091503267973856,0.15450517784008544,174,0.2556045353412628,1
0.870582719726428,0.9106048423391466,0.8337801608579088,0.7998385794995965,0.8555708390646493,0.8130718954248366,0.15480846056434275,175,0.24871748685836792,1
0.8692148589393562,0.909066988707956,0.8325423728813559,0.8006456820016142,0.8647887323943662,0.8026143790849674,0.15684276266015187,176,0.2516179084777832,1
0.8702462700973498,0.9097677836173317,0.8354773188896412,0.8038740920096852,0.8665730337078652,0.8065359477124183,0.1579670953682863,177,0.24417628347873688,1
0.8707564601086568,0.9097112964729162,0.8273527420446851,0.7941888619854721,0.8581460674157303,0.7986928104575164,0.1587554281606168,178,0.24402469396591187,1
0.8738369046634125,0.9108163716358868,0.8329925017041582,0.8022598870056498,0.8703703703703703,0.7986928104575164,0.15731750220825846,179,0.24365298449993134,1
0.8720029784065526,0.9076880051130388,0.8380187416331994,0.804681194511703,0.8587105624142661,0.8183006535947712,0.15554978563405417,180,0.23540234565734863,1
0.870778522379416,0.9070507388439908,0.8324396782841823,0.7982243744955609,0.8541953232462174,0.8117647058823529,0.15620223485758017,181,0.23853500187397003,1
0.871255618984584,0.9085095980229289,0.8309764309764309,0.7974172719935432,0.8569444444444444,0.8065359477124183,0.15778844117783522,182,0.2394104152917862,1
0.870999145087008,0.9103020610807466,0.8332217012726055,0.7990314769975787,0.8543956043956044,0.8130718954248366,0.15856496603541784,183,0.2336954027414322,1
0.870265574584264,0.9108662261401596,0.8341044282881692,0.7974172719935432,0.8435828877005348,0.8248366013071895,0.1581557795853898,184,0.24036747217178345,1
0.8703731281542153,0.9123406174632833,0.8280936454849498,0.7925746569814366,0.8479452054794521,0.8091503267973856,0.16048471548609886,185,0.23881202936172485,1
0.8689115027164172,0.9118426219960779,0.8256756756756757,0.7917675544794189,0.8545454545454545,0.7986928104575164,0.1634322486093817,186,0.2316940277814865,1
0.8702628168004192,0.9111241519772963,0.8271186440677966,0.7941888619854721,0.8591549295774648,0.7973856209150327,0.16301421085086673,187,0.23716464638710022,1
0.8694134193761893,0.909158951231404,0.8306666666666667,0.7949959644874899,0.8476190476190476,0.8143790849673203,0.16016527436122305,188,0.23403768241405487,1
0.8700035851189983,0.9093826457537486,0.8297587131367292,0.7949959644874899,0.8514442916093535,0.8091503267973856,0.161854496038287,189,0.24271374940872192,1
0.8656518022117426,0.9075437337271897,0.8298865910607072,0.7941888619854721,0.8474114441416893,0.8130718954248366,0.165804301824149,190,0.2310187965631485,1
0.8703400347480764,0.9092885924158854,0.8340026773761714,0.7998385794995965,0.8545953360768176,0.8143790849673203,0.15944073550446372,191,0.22587920725345612,1
0.8681338076721548,0.9066402401967972,0.8344459279038718,0.7998385794995965,0.8526603001364257,0.8169934640522876,0.15799455360866602,192,0.2316126972436905,1
0.46815880666425863,0.6238498860518941,0.7793103448275862,0.6384180790960452,0.6384180790960452,1.0,0.23408391645503845,0,0.8375333547592163,2
0.4695627144663175,0.6170785419982955,0.7793103448275862,0.6384180790960452,0.6384180790960452,1.0,0.25242204522173106,1,0.7139987945556641,2
0.4905183312262958,0.6239579398358901,0.7793103448275862,0.6384180790960452,0.6384180790960452,1.0,0.25988113054894735,2,0.6936997175216675,2
0.5205718349286617,0.6407752249441052,0.7793103448275862,0.6384180790960452,0.6384180790960452,1.0,0.25614777718051024,3,0.7015302777290344,2
0.5542232932996207,0.671397434626253,0.7793103448275862,0.6384180790960452,0.6384180790960452,1.0,0.24887491464114428,4,0.6998838186264038,2
0.5774308063933538,0.6976849789072664,0.7793103448275862,0.6384180790960452,0.6384180790960452,1.0,0.240895899339309,5,0.6920948028564453,2
0.5930981352718079,0.719516399308594,0.7793103448275862,0.6384180790960452,0.6384180790960452,1.0,0.2343358037431073,6,0.6868559122085571,2
0.6038962321654325,0.7366033549315533,0.7793103448275862,0.6384180790960452,0.6384180790960452,1.0,0.23010961500389399,7,0.6816726326942444,2
0.6146096713021492,0.7476557307864818,0.7793103448275862,0.6384180790960452,0.6384180790960452,1.0,0.22814198859481807,8,0.6833080053329468,2
0.625440220335922,0.755274989744122,0.7793103448275862,0.6384180790960452,0.6384180790960452,1.0,0.2273354896627547,9,0.6792166829109192,2
0.636891592920354,0.7605863277649895,0.7793103448275862,0.6384180790960452,0.6384180790960452,1.0,0.2270565343208279,10,0.6784377098083496,2
0.6490710222141954,0.7651491119688284,0.7793103448275862,0.6384180790960452,0.6384180790960452,1.0,0.22719475382125062,11,0.6759000420570374,2
0.661136163536211,0.7703810435692027,0.7793103448275862,0.6384180790960452,0.6384180790960452,1.0,0.22779548778501563,12,0.6800904870033264,2
0.6708534630666426,0.7743308933627329,0.7793103448275862,0.6384180790960452,0.6384180790960452,1.0,0.22867768859111914,13,0.6721068620681763,2
0.6788888951598337,0.7766825689543795,0.7793103448275862,0.6384180790960452,0.6384180790960452,1.0,0.22942768807515287,14,0.6695247292518616,2
0.685936653422431,0.7774730759655497,0.7793103448275862,0.6384180790960452,0.6384180790960452,1.0,0.22959300975920008,15,0.6714564561843872,2
0.6909371049304678,0.7770584759915314,0.7793103448275862,0.6384180790960452,0.6384180790960452,1.0,0.22896267212556556,16,0.6648061871528625,2
0.6946930874119559,0.7762589103120897,0.7793103448275862,0.6384180790960452,0.6384180790960452,1.0,0.22715112939380355,17,0.6629052758216858,2
0.6977943832400216,0.7760121926131822,0.7793103448275862,0.6384180790960452,0.6384180790960452,1.0,0.22418016295486415,18,0.6631094813346863,2
0.700240992414665,0.7759275807877148,0.7793103448275862,0.6384180790960452,0.6384180790960452,1.0,0.22041787968842316,19,0.6582170128822327,2
0.7025182860754922,0.7764282274797567,0.7804154302670623,0.6416464891041163,0.6409423233143785,0.9974715549936789,0.21646910736090796,20,0.6553096175193787,2
0.7040929203539823,0.7765628270885119,0.7868197703444832,0.655367231638418,0.6501650165016502,0.9962073324905183,0.21256987384612314,21,0.651681125164032,2
0.7054587321654325,0.77801876050495,0.7920691408235893,0.6698950766747377,0.6624149659863946,0.9848293299620733,0.209051219412011,22,0.647864580154419,2
0.7066721600144482,0.7793093749810942,0.7948051948051948,0.6811945117029863,0.6746031746031746,0.9671302149178256,0.2062725709665736,23,0.6493802070617676,2
0.7077162723496477,0.7809336535581707,0.7934147636749868,0.6860371267150929,0.6840659340659341,0.9443742098609356,0.20416901413774138,24,0.6390810608863831,2
0.7075018060321474,0.781218425504004,0.7952329360780065,0.6949152542372882,0.6957345971563981,0.9279393173198482,0.2025427024479099,25,0.6351993680000305,2
0.70800269776052,0.7834454502326441,0.7915975677169707,0.6957223567393059,0.7033398821218074,0.9051833122629582,0.20117029843621043,26,0.6298527717590332,2
0.7077783547047137,0.7841597155462587,0.7868106878908471,0.6973365617433414,0.7148760330578512,0.8748419721871049,0.20019493715936398,27,0.6204971075057983,2
0.7077416696767203,0.7846207383421693,0.7773232028053769,0.6924939467312349,0.7228260869565217,0.8407079646017699,0.20033539795939437,28,0.618323028087616,2
0.7085289868159652,0.7869000338253757,0.7757793764988009,0.6981436642453591,0.7377423033067275,0.8179519595448799,0.20182188396809195,29,0.6087405681610107,2
0.7106736499909698,0.7899972746833539,0.7680981595092025,0.6949152542372882,0.7461263408820024,0.7914032869785083,0.20434480362069252,30,0.6080346703529358,2
0.714931935163446,0.7952704392387888,0.7570268582136165,0.6860371267150929,0.7481481481481481,0.7661188369152971,0.2055372259098277,31,0.597495973110199,2
0.7209821428571428,0.8021220310735984,0.7614906832298136,0.6900726392251816,0.7484737484737485,0.7749683944374209,0.20355865601937578,32,0.5934593081474304,2
0.7286972864366987,0.8111273280327664,0.7762836185819071,0.7046004842615012,0.7514792899408284,0.8027812895069533,0.20057824182631565,33,0.5829215049743652,2
0.7371348428752031,0.8209112987693388,0.7821363910681955,0.70863599677159,0.7482678983833718,0.8192161820480405,0.19829538849289052,34,0.5808444023132324,2
0.743216091746433,0.8282493329808881,0.7765567765567766,0.7046004842615012,0.7508854781582054,0.8040455120101138,0.19775663646293998,35,0.5772832632064819,2
0.7464076891818674,0.8318586653565644,0.7654784240150094,0.6973365617433414,0.7574257425742574,0.7737041719342604,0.19831700177855896,36,0.5751397013664246,2
0.7515887439046416,0.8353703836807781,0.7634749524413443,0.6989507667473769,0.7659033078880407,0.7610619469026548,0.19771597283920173,37,0.5591521859169006,2
0.760810795557161,0.8423868283716884,0.7619047619047619,0.6973365617433414,0.7653061224489796,0.7585335018963337,0.19449696441727518,38,0.5585159063339233,2
0.7700667103124434,0.8488036944678575,0.7694235588972431,0.7029862792574657,0.7627329192546584,0.7762326169405815,0.18936707982120202,39,0.5616620182991028,2
0.7796104614412137,0.8552569386300476,0.8,0.7336561743341404,0.7683352735739232,0.8343868520859671,0.18429008237664143,40,0.555147111415863,2
0.7826750722412859,0.8567086852728554,0.7935523868567886,0.7312348668280871,0.7785888077858881,0.809102402022756,0.18294274998119595,41,0.5539423823356628,2
0.7837332942026367,0.8572354346211812,0.7823867262284621,0.7247780468119451,0.7899484536082474,0.7749683944374209,0.18430463594106278,42,0.5439839363098145,2
0.785948505508398,0.858743665754153,0.7852135117909497,0.7280064568200162,0.7917737789203085,0.7787610619469026,0.1832568350982617,43,0.5460417866706848,2
0.7891965414484379,0.8616020862519009,0.7906976744186046,0.7312348668280871,0.78625,0.7951959544879899,0.18067235464913187,44,0.5446711778640747,2
0.7911859987357776,0.8632228422383603,0.7920298879202988,0.7304277643260694,0.7803680981595092,0.8040455120101138,0.179325280092544,45,0.5393221974372864,2
0.7920607955571609,0.8644396582517131,0.7886792452830189,0.7288135593220338,0.7847309136420526,0.7926675094816688,0.18022062040370512,46,0.53762286901474,2
0.7946710763951597,0.866574475557857,0.7896399241945673,0.7312348668280871,0.7891414141414141,0.7901390644753477,0.17907290147970484,47,0.5347204208374023,2
0.7981279348022395,0.8687942646643199,0.7982456140350878,0.7401129943502824,0.7913043478260869,0.8053097345132744,0.17669099171736488,48,0.5324722528457642,2
0.8007918322196135,0.8708950110573734,0.8062305295950156,0.7489911218724778,0.7948402948402948,0.8179519595448799,0.17493449062688618,49,0.5265262722969055,2
0.8022676991150444,0.8726054677955275,0.8047411104179664,0.7473769168684423,0.7943349753694581,0.8154235145385588,0.17472818385118974,50,0.5239439010620117,2
0.8041217039913311,0.8746743513534105,0.8010043942247332,0.7441485068603713,0.7955112219451371,0.8065739570164349,0.1750110500864125,51,0.5160925984382629,2
0.8059615992414665,0.8767894588407616,0.7994955863808323,0.7433414043583535,0.7974842767295598,0.8015170670037927,0.17506978565048237,52,0.5163940191268921,2
0.809415635723316,0.8796133914979389,0.8030207677784771,0.7473769168684423,0.7994987468671679,0.8065739570164349,0.17299601392077016,53,0.5156596302986145,2
0.8118961080007224,0.8813701095669195,0.810979413599501,0.7554479418886199,0.8004926108374384,0.8217446270543616,0.17068135462779285,54,0.5045369863510132,2
0.8135215369333574,0.8827057532412912,0.8090452261306532,0.7546408393866021,0.8039950062421972,0.8141592920353983,0.17035536415434252,55,0.5081007480621338,2
0.815299349828427,0.8842343002117532,0.8033099936346276,0.7506053268765133,0.808974358974359,0.797724399494311,0.17129506169409012,56,0.4969644248485565,2
0.8173367798446812,0.885843890726389,0.8040583386176284,0.7506053268765133,0.806615776081425,0.8015170670037927,0.16980853214358874,57,0.49356043338775635,2
0.8199047318042261,0.8876784307204313,0.8080553807426054,0.7538337368845843,0.8045112781954887,0.8116308470290771,0.16857036295066827,58,0.49330052733421326,2
0.8228564655950875,0.8894673743228525,0.8115216030056356,0.7570621468926554,0.8039702233250621,0.8192161820480405,0.16705781969846528,59,0.48242655396461487,2
0.8259492956474626,0.8919581344133289,0.8146766169154229,0.7594834543987087,0.8017135862913096,0.8280657395701644,0.16573309465240096,60,0.480758935213089,2
0.8273800117392089,0.8936975288552077,0.8071748878923767,0.7570621468926554,0.8181818181818182,0.7964601769911505,0.1670359544920538,61,0.48495039343833923,2
0.8298322647643128,0.8956690341312592,0.8063694267515924,0.7546408393866021,0.8125802310654685,0.8002528445006322,0.1653627764991975,62,0.47880133986473083,2
0.8328206835831679,0.8976368103024214,0.8212083847102343,0.7659402744148507,0.8014440433212996,0.8419721871049305,0.16341299802797013,63,0.47360464930534363,2
0.8308933086508941,0.8970512374648751,0.8118686868686869,0.7594834543987087,0.8108448928121059,0.8128950695322377,0.16490095967877733,64,0.4666132628917694,2
0.8324044496117031,0.8976647516738593,0.81411468178954,0.7619047619047619,0.8115577889447236,0.8166877370417194,0.16395254860761505,65,0.4664749801158905,2
0.8359812398410692,0.8995419210335144,0.8268638324091189,0.7732041969330105,0.8064903846153846,0.8482932996207333,0.16241842817710375,66,0.4581289291381836,2
0.8322450108361928,0.8968898643558323,0.8184693232131562,0.768361581920904,0.8189873417721519,0.8179519595448799,0.16468515421193086,67,0.45987099409103394,2
0.8303345674553008,0.8958292852955003,0.8079385403329066,0.7578692493946732,0.8184176394293126,0.797724399494311,0.1672351060272575,68,0.458045095205307,2
0.8393534404912408,0.9013270797405781,0.8302122347066168,0.7804681194511703,0.8199753390875463,0.8407079646017699,0.16077000615616333,69,0.4538043737411499,2
0.8420286256095358,0.9029882066260972,0.8241965973534972,0.774818401937046,0.821608040201005,0.8268015170670038,0.1586842352040577,70,0.4417217969894409,2
0.8436822737944736,0.9038735802317742,0.822477650063857,0.7756255044390638,0.8309677419354838,0.8141592920353983,0.1584884992008218,71,0.43683815002441406,2
0.8452117572692793,0.9049614622076941,0.8248081841432225,0.7788539144471348,0.8344113842173351,0.8154235145385588,0.15813234378285826,72,0.44072720408439636,2
0.8444018647281922,0.9042875115236353,0.8254172015404364,0.7804681194511703,0.8383311603650587,0.8128950695322377,0.15894194504882905,73,0.43259286880493164,2
0.8434678074769731,0.903899201923337,0.8217252396166134,0.774818401937046,0.8307493540051679,0.8128950695322377,0.15942726136988075,74,0.4189099371433258,2
0.8437302465233881,0.9029671024683553,0.8213367609254498,0.7756255044390638,0.8352941176470589,0.8078381795195955,0.15952846285609348,75,0.4356216490268707,2
0.8492188910962615,0.9062165262016605,0.8380592312539382,0.7925746569814366,0.835427135678392,0.8407079646017699,0.1566350229350891,76,0.43170204758644104,2
0.8387946992956474,0.8989659238484613,0.8094924192485168,0.7667473769168685,0.8457300275482094,0.7762326169405815,0.16423196400583895,77,0.42655685544013977,2
0.8452597299981941,0.9037778046202581,0.820480404551201,0.7707828894269573,0.820480404551201,0.820480404551201,0.15827660415419925,78,0.4187360405921936,2
0.8478446135091204,0.9052963595657672,0.8283723875870804,0.7812752219531881,0.8299492385786802,0.8268015170670038,0.15658622431825958,79,0.4117465019226074,2
0.8466481172114864,0.9040923578968983,0.8279430789133247,0.7853107344632768,0.847682119205298,0.809102402022756,0.15657889186452031,80,0.4093320965766907,2
0.8483130530973452,0.9053215267071247,0.8278102664067576,0.7861178369652946,0.8516042780748663,0.8053097345132744,0.15557468990311812,81,0.40874695777893066,2
0.8525826259707422,0.9089825440379858,0.8354591836734694,0.7917675544794189,0.842985842985843,0.8280657395701644,0.15345097758301282,82,0.4018644094467163,2
0.8540302736138703,0.9104370120621307,0.8332276474318326,0.7877320419693301,0.8358778625954199,0.8305941845764855,0.15376350784153342,83,0.3994844853878021,2
0.8429274087953765,0.903587811835116,0.8233009708737864,0.7796610169491526,0.843501326259947,0.8040455120101138,0.1595936678920682,84,0.3979196548461914,2
0.8453189904280296,0.9043838414186014,0.8239895697522817,0.7820823244552058,0.8506056527590848,0.7989886219974716,0.15887867925347962,85,0.39362776279449463,2
0.8524782147372223,0.908204541666716,0.8346055979643766,0.7901533494753834,0.8399487836107554,0.8293299620733249,0.15401999587723791,86,0.3926016688346863,2
0.8393082896875563,0.90038168512138,0.8184775536759922,0.774818401937046,0.8431635388739946,0.7951959544879899,0.16208095083960875,87,0.38825657963752747,2
0.847799462705436,0.9040992258173913,0.8268733850129198,0.7836965294592413,0.845442536327609,0.809102402022756,0.15634271365269634,88,0.39769065380096436,2
0.8534771762687376,0.9078146815953878,0.8375634517766497,0.7933817594834544,0.8407643312101911,0.8343868520859671,0.15361444253668197,89,0.38571667671203613,2
0.8493317681054724,0.9057603725695482,0.8350253807106599,0.7901533494753834,0.8382165605095542,0.831858407079646,0.15657217736889248,90,0.38830217719078064,2
0.839116398771898,0.9004058479600097,0.8194622279129321,0.7723970944309927,0.8300907911802854,0.809102402022756,0.1630178312577001,91,0.37774917483329773,2
0.8522073099151164,0.9075289972631803,0.832258064516129,0.7901533494753834,0.849802371541502,0.8154235145385588,0.15630476716135114,92,0.3763245642185211,2
0.859637439046415,0.9125338567819332,0.8363866077068857,0.7909604519774012,0.8358585858585859,0.8369152970922883,0.1528092626156345,93,0.370294451713562,2
0.8449916471013184,0.9035025056374754,0.8232258064516129,0.7788539144471348,0.8405797101449275,0.8065739570164349,0.15963808129665513,94,0.39007440209388733,2
0.8421612560953584,0.901749968514994,0.8257234726688103,0.7812752219531881,0.8403141361256544,0.8116308470290771,0.16206174791523018,95,0.37409868836402893,2
0.8548627415567998,0.9092067566982464,0.8383005707038681,0.7941888619854721,0.8409669211195929,0.8356510745891277,0.15474590869121102,96,0.3720800280570984,2
0.8594822331587503,0.9123389705038323,0.8409232688708671,0.7941888619854721,0.8300492610837439,0.8520859671302149,0.15363152608182565,97,0.370804101228714,2
0.8504563053097346,0.9070813507528956,0.8314028314028314,0.7885391444713479,0.8466579292267365,0.8166877370417194,0.15689952384821354,98,0.378463476896286,2
0.8384504244175546,0.901219235107237,0.8237523689197725,0.774818401937046,0.8232323232323232,0.8242730720606827,0.1647029240528942,99,0.3634951114654541,2
0.8512676088134369,0.9097680414752305,0.8274582560296846,0.774818401937046,0.8099273607748184,0.8457648546144121,0.15829559640594276,100,0.37916770577430725,2
0.8586582309915118,0.9133565480446868,0.835,0.7869249394673123,0.8257107540173053,0.8445006321112516,0.15405223916871455,101,0.3634783625602722,2
0.8526249548491964,0.9084139283904271,0.8243774574049804,0.7836965294592413,0.85578231292517,0.7951959544879899,0.15793911367392047,102,0.3623599410057068,2
0.851645746794293,0.9085449508794222,0.8282168517308949,0.7877320419693301,0.8567567567567568,0.8015170670037927,0.15828736546300198,103,0.36736980080604553,2
0.847158885678165,0.907482840805758,0.8282323547782636,0.778046811945117,0.8185185185185185,0.8381795195954488,0.16131045027719446,104,0.35335323214530945,2
0.8492922611522485,0.9086055810543447,0.8252184769038702,0.7740112994350282,0.815043156596794,0.8356510745891277,0.16048602323592648,105,0.35390979051589966,2
0.8570313910962616,0.9113792193843935,0.8345138441725692,0.7925746569814366,0.8503937007874016,0.8192161820480405,0.1555452274862537,106,0.34880828857421875,2
0.8562708822467041,0.9090891463291114,0.8283485045513654,0.7869249394673123,0.8527443105756358,0.8053097345132744,0.15729574126374707,107,0.35587000846862793,2
0.8542532057070615,0.9076466493145677,0.8257234726688103,0.7812752219531881,0.8403141361256544,0.8116308470290771,0.15794229166841156,108,0.35484954714775085,2
0.8535590121004154,0.9094916359932871,0.8389513108614233,0.7917675544794189,0.8286066584463625,0.8495575221238938,0.1579257399561878,109,0.34284234046936035,2
0.8447376738305941,0.9057801324377567,0.8308641975308642,0.7788539144471348,0.8118214716525934,0.8508217446270544,0.162870916584511,110,0.34438347816467285,2
0.8496901526097165,0.9087782190439436,0.8313176320814768,0.7861178369652946,0.8371794871794872,0.8255372945638433,0.15938430112106747,111,0.3423365354537964,2
0.8545128228282464,0.9103734681862404,0.828921885087153,0.7861178369652946,0.8469656992084432,0.8116308470290771,0.15916148088288049,112,0.3372931480407715,2
0.8613785669134912,0.9135816461381256,0.8319594166138237,0.7861178369652946,0.8346055979643766,0.8293299620733249,0.1566432896294276,113,0.33743876218795776,2
0.8582434079826621,0.9119979199609516,0.8312182741116751,0.7853107344632768,0.8343949044585988,0.8280657395701644,0.1589425809010135,114,0.34013301134109497,2
0.8476583664439228,0.9073355381026798,0.8269230769230769,0.7820823244552058,0.8387516254876463,0.8154235145385588,0.1643545641837491,115,0.3319995701313019,2
0.8485246974896153,0.9097981321756795,0.8272785213511791,0.7812752219531881,0.8341902313624678,0.820480404551201,0.16332508401307122,116,0.3259289562702179,2
0.8585114908795377,0.9161575302037726,0.8310387984981227,0.7820823244552058,0.8228004956629492,0.8394437420986094,0.15923126180483113,117,0.3272538483142853,2
0.8651289055445187,0.9195430424914418,0.8367088607594937,0.7917675544794189,0.8377693282636248,0.8356510745891277,0.15569496567142635,118,0.3336489200592041,2
0.856062059779664,0.9124099390041547,0.8166776968894772,0.7764326069410815,0.8569444444444444,0.7800252844500632,0.16309320235262392,119,0.3348500728607178,2
0.8527011468304135,0.910329566087827,0.8155981493721084,0.774818401937046,0.8545706371191135,0.7800252844500632,0.1636915760122017,120,0.33554747700691223,2
0.8637560389199929,0.9177049483935049,0.8339575530586767,0.7853107344632768,0.8236744759556104,0.8445006321112516,0.15635933353805445,121,0.3289335370063782,2
0.8600833032327975,0.9162253939329206,0.8288177339901478,0.7756255044390638,0.8079231692677071,0.8508217446270544,0.1599325066744921,122,0.3278942108154297,2
0.857235980675456,0.9141517894766386,0.8341772151898734,0.7885391444713479,0.835234474017744,0.8331226295828066,0.15809345183282236,123,0.32554516196250916,2
0.859417328878454,0.9147725408294871,0.828921885087153,0.7861178369652946,0.8469656992084432,0.8116308470290771,0.15687394270111402,124,0.3212384283542633,2
0.8557601137800254,0.9113025125973574,0.8300907911802854,0.7885391444713479,0.8521970705725699,0.809102402022756,0.1598828271013967,125,0.3188641667366028,2
0.8550884955752213,0.9106556793224243,0.8301158301158301,0.7869249394673123,0.8453473132372215,0.8154235145385588,0.15992528250390406,126,0.31550362706184387,2
0.8559632923966047,0.9119981121555815,0.8368253968253968,0.7925746569814366,0.8405612244897959,0.8331226295828066,0.158600603011576,127,0.313585102558136,2
0.8463320615856962,0.9073055401526962,0.8264462809917356,0.7796610169491526,0.8312020460358056,0.8217446270543616,0.16356534412726634,128,0.31714147329330444,2
0.8510559644211667,0.9098533062699248,0.8322903629536921,0.7836965294592413,0.8240396530359355,0.8407079646017699,0.16120295192616954,129,0.3226044774055481,2
0.8608960176991152,0.915122059129589,0.8417721518987342,0.7982243744955609,0.8428390367553865,0.8407079646017699,0.15574917056472726,130,0.31136414408683777,2
0.8443341385226657,0.9067140872071583,0.822538860103627,0.7788539144471348,0.8432934926958832,0.8027812895069533,0.16758233635988926,131,0.3180774450302124,2
0.8490495755824454,0.9098253404818104,0.8284098051539912,0.7796610169491526,0.82375,0.8331226295828066,0.16490967987828534,132,0.31284964084625244,2
0.8547018918186744,0.9141571930101922,0.8318695106649937,0.7836965294592413,0.825653798256538,0.8381795195954488,0.16224152193581276,133,0.30246469378471375,2
0.8563329646017699,0.9159537034987248,0.8230668414154653,0.7820823244552058,0.854421768707483,0.7939317319848294,0.16238678097073686,134,0.30315664410591125,2
0.8629955300704352,0.9189771938688461,0.8299935358758889,0.7877320419693301,0.8492063492063492,0.8116308470290771,0.1583713417530812,135,0.309573769569397,2
0.8534912858948889,0.911894125894138,0.8323773103887827,0.7877320419693301,0.8393316195372751,0.8255372945638433,0.1630837915564966,136,0.31134888529777527,2
0.847127844500632,0.907613601236833,0.8268864933417882,0.7796610169491526,0.8295165394402035,0.8242730720606827,0.16651980788311838,137,0.2992343604564667,2
0.8420568448618386,0.9050765541460121,0.8140442132639792,0.7691686844229217,0.8380187416331994,0.7914032869785083,0.1704508027780294,138,0.3025990426540375,2
0.8567562533863103,0.9144621421915402,0.8292682926829268,0.7853107344632768,0.8422425032594524,0.8166877370417194,0.15876875913956592,139,0.30033034086227417,2
0.86084240111974,0.9171139047641824,0.8379244074311338,0.7958030669895076,0.8493506493506493,0.8268015170670038,0.15525094185445426,140,0.2969639301300049,2
0.8551308244536754,0.9138462108117037,0.8292682926829268,0.7853107344632768,0.8422425032594524,0.8166877370417194,0.15854900825136983,141,0.29828381538391113,2
0.8556020859671302,0.9137407538406899,0.8292682926829268,0.7853107344632768,0.8422425032594524,0.8166877370417194,0.15911267574425952,142,0.29869261384010315,2
0.8578031876467401,0.9150277179415008,0.8280746941403735,0.784503631961259,0.8438320209973753,0.8128950695322377,0.1587211606731055,143,0.29341819882392883,2
0.8586554090662815,0.9158101959310282,0.8314028314028314,0.7885391444713479,0.8466579292267365,0.8166877370417194,0.1593522327447913,144,0.2971373498439789,2
0.8570610213111793,0.9155501912246904,0.8315041962556488,0.7893462469733656,0.8496042216358839,0.8141592920353983,0.16079133738454174,145,0.2927589416503906,2
0.8629080503882969,0.919913292871525,0.8351507376523413,0.7925746569814366,0.84765625,0.8230088495575221,0.15766496882475448,146,0.28350016474723816,2
0.8608057160917464,0.9189603566451268,0.8280337443218689,0.7861178369652946,0.8506666666666667,0.8065739570164349,0.16022315698380732,147,0.2883315682411194,2
0.8574687895069533,0.9165997353543369,0.8332268370607029,0.7893462469733656,0.8423772609819121,0.8242730720606827,0.16258752582214148,148,0.2850188910961151,2
0.8510898275239299,0.9123754915202094,0.8323773103887827,0.7877320419693301,0.8393316195372751,0.8255372945638433,0.16693634558184292,149,0.27672111988067627,2
0.8450226882788513,0.9090001410890471,0.8152031454783748,0.7723970944309927,0.8462585034013606,0.786346396965866,0.17137926617263358,150,0.2857310175895691,2
0.8508499638793571,0.9124339469501423,0.8236824983734548,0.7812752219531881,0.8485254691689008,0.8002528445006322,0.1664901406359231,151,0.2773117423057556,2
0.8488605065920174,0.9119368146085167,0.8232224396607958,0.7812752219531881,0.8504043126684636,0.797724399494311,0.1673790301512072,152,0.2715895473957062,2
0.8536747110348564,0.9144432130178461,0.8342857142857143,0.7893462469733656,0.8380102040816326,0.8305941845764855,0.16346944212141945,153,0.2727977931499481,2
0.8568917057973633,0.9162023812066723,0.8421052631578947,0.7990314769975787,0.8447837150127226,0.8394437420986094,0.16166530113948988,154,0.27196598052978516,2
0.8532175591475529,0.9145278587020917,0.82798459563543,0.7836965294592413,0.8409387222946545,0.8154235145385588,0.16520620162787417,155,0.27431851625442505,2
0.8460639786888207,0.9107323731336721,0.8151534944480732,0.7715899919289749,0.8432432432432433,0.7888748419721872,0.17098664363120605,156,0.26946404576301575,2
0.8579301742821022,0.9172638320473016,0.8306503541532517,0.7877320419693301,0.8464566929133859,0.8154235145385588,0.16169359609533696,157,0.2744772732257843,2
0.8617200198663535,0.9186200017869284,0.8352201257861636,0.7885391444713479,0.8310387984981227,0.8394437420986094,0.15920641276194022,158,0.2697431445121765,2
0.8557601137800253,0.9153984098569806,0.8296107211231653,0.784503631961259,0.8376288659793815,0.8217446270543616,0.16248918687838435,159,0.26929134130477905,2
0.8593721780747698,0.9179837643238886,0.8351368555060471,0.7909604519774012,0.841025641025641,0.8293299620733249,0.1608732468764001,160,0.26602572202682495,2
0.8577326395159834,0.9177782964181278,0.8320413436692506,0.7901533494753834,0.8507265521796565,0.8141592920353983,0.16322665412035425,161,0.2649456262588501,2
0.8518658569622539,0.9149441548508743,0.8311855670103093,0.7885391444713479,0.8475689881734559,0.8154235145385588,0.1676943355396048,162,0.2546865940093994,2
0.8532147372223224,0.9158646702125975,0.8315182575272262,0.7877320419693301,0.8428571428571429,0.820480404551201,0.16674275098941524,163,0.2619064450263977,2
0.8513550884955753,0.9151905182587803,0.8305519897304237,0.7869249394673123,0.8435462842242504,0.8179519595448799,0.16830266983254036,164,0.2601126432418823,2
0.8480223947986274,0.9138679425223992,0.8180039138943248,0.774818401937046,0.8450134770889488,0.7926675094816688,0.17076195311720724,165,0.2616472542285919,2
0.8462925546324724,0.913046132299707,0.8260309278350515,0.7820823244552058,0.8423127463863338,0.8103666245259166,0.17079287070996269,166,0.25337082147598267,2
0.8544309869965685,0.9174808059499222,0.8329048843187661,0.7901533494753834,0.8470588235294118,0.8192161820480405,0.16619272769790755,167,0.26545479893684387,2
0.859050478598519,0.9200966827777477,0.832901554404145,0.7917675544794189,0.8539176626826029,0.8128950695322377,0.16442794130772515,168,0.2648698687553406,2
0.8625299124074408,0.9216732285493479,0.8327953518398967,0.7909604519774012,0.8509234828496042,0.8154235145385588,0.16160652617462487,169,0.2526668310165405,2
0.8633539145746794,0.9214519427939962,0.8440826549780839,0.7990314769975787,0.8362282878411911,0.8520859671302149,0.1592400407287179,170,0.2584879696369171,2
0.8468117888748421,0.9128466727839912,0.8253164556962025,0.7772397094430993,0.826362484157161,0.8242730720606827,0.16894198888728118,171,0.26530468463897705,2
0.8538327388477513,0.9176189178758983,0.8248366013071895,0.7836965294592413,0.8538565629228687,0.797724399494311,0.16499063437264813,172,0.26119840145111084,2
0.8629560231172115,0.922186369077478,0.8362687540769732,0.7974172719935432,0.8638814016172507,0.8103666245259166,0.15812349990168398,173,0.24710415303707123,2
0.8617679925952682,0.920904488260295,0.8405253283302064,0.7941888619854721,0.8316831683168316,0.8495575221238938,0.1596769690112661,174,0.2516016364097595,2
0.8609411685027992,0.9200308623655307,0.8407643312101911,0.7982243744955609,0.8472400513478819,0.8343868520859671,0.15852079319049106,175,0.26964089274406433,2
0.8495236590211307,0.9128670637111447,0.8226763348714569,0.7828894269572235,0.859504132231405,0.7888748419721872,0.1682785462458874,176,0.24518796801567078,2
0.8583308876648004,0.9170215214604267,0.8377504848093084,0.7974172719935432,0.8571428571428571,0.8192161820480405,0.1594048574867331,177,0.26052889227867126,2
0.8601990021672385,0.9176036770938454,0.8452454940957116,0.7990314769975787,0.8312958435207825,0.8596713021491783,0.15928300738208226,178,0.24898110330104828,2
0.8480774223406177,0.9114048666292842,0.8346951602765557,0.7877320419693301,0.83,0.8394437420986094,0.1668895862362879,179,0.2641756236553192,2
0.8357329104208053,0.9067813763345363,0.8112449799196787,0.7723970944309927,0.8620199146514936,0.7661188369152971,0.17699394091121531,180,0.25731977820396423,2
0.8551082490518331,0.9173454104015812,0.8156123822341858,0.7788539144471348,0.8719424460431655,0.7661188369152971,0.16772417394600728,181,0.25812214612960815,2
0.8684615992414665,0.9243264976673,0.8447837150127226,0.8030669895076675,0.8501920614596671,0.8394437420986094,0.15497355463700627,182,0.2521789073944092,2
0.8630632562759617,0.9212683251643594,0.8446662507797879,0.7990314769975787,0.833743842364532,0.8558786346396966,0.1592572585860212,183,0.26024478673934937,2
0.8362182815604118,0.9067369155447561,0.8205445544554455,0.7659402744148507,0.8036363636363636,0.8381795195954488,0.1775448148725538,184,0.25946667790412903,2
0.8337998916380713,0.9058646870036652,0.8208092485549133,0.774818401937046,0.8342036553524804,0.8078381795195955,0.17528402982198074,185,0.25700512528419495,2
0.8602159337186202,0.9211340786459832,0.8318122555410691,0.7917675544794189,0.8586810228802153,0.8065739570164349,0.16013864663730318,186,0.24803456664085388,2
0.8660079352537475,0.9243933093335934,0.8353619474695708,0.7925746569814366,0.8467532467532467,0.8242730720606827,0.1589824727429814,187,0.24870596826076508,2
0.8568775961712118,0.9187843404079817,0.8353619474695708,0.7925746569814366,0.8467532467532467,0.8242730720606827,0.16234232100971033,188,0.24148085713386536,2
0.8447941123351995,0.9115088944961927,0.8249522597071929,0.778046811945117,0.8307692307692308,0.8192161820480405,0.1708490999245793,189,0.2484075278043747,2
0.8505903467581724,0.9151043013142417,0.8321451717433571,0.7909604519774012,0.8537234042553191,0.8116308470290771,0.16791253303781922,190,0.24360661208629608,2
0.8574955977966409,0.9186749743985388,0.8321451717433571,0.7909604519774012,0.8537234042553191,0.8116308470290771,0.16566732710769155,191,0.2299060970544815,2
0.8588021491782554,0.918843597061543,0.8379244074311338,0.7958030669895076,0.8493506493506493,0.8268015170670038,0.1654007533511171,192,0.23344182968139648,2
0.852033761513455,0.915021377094573,0.8327044025157233,0.7853107344632768,0.8285356695869838,0.8369152970922883,0.17058418269188363,193,0.2379504293203354,2
0.8461232391186564,0.9123707140589417,0.8216355441081777,0.7764326069410815,0.8372703412073491,0.8065739570164349,0.17439476413319477,194,0.24389399588108063,2
0.8571118159653244,0.9187673574992268,0.8360337005832793,0.7958030669895076,0.8577127659574468,0.8154235145385588,0.16188112703028298,195,0.2513120174407959,2
0.861514019324544,0.9204005649815516,0.839458413926499,0.7990314769975787,0.8565789473684211,0.8230088495575221,0.15697075469617808,196,0.22895315289497375,2
0.859228259888026,0.9193782370183418,0.8386683738796414,0.7966101694915254,0.8495460440985733,0.8280657395701644,0.159224283544676,197,0.2322041541337967,2
0.8497494130395522,0.9143517506951648,0.8253968253968254,0.778046811945117,0.8290816326530612,0.8217446270543616,0.1698418668425438,198,0.2209249585866928,2
0.8479320931912588,0.9136108517823369,0.8241269841269842,0.7764326069410815,0.8278061224489796,0.820480404551201,0.17270126219076834,199,0.2295551598072052,2
0.4543149940107861,0.5740747666938617,0.7640897755610973,0.6182405165456013,0.6182405165456013,1.0,0.24935491908604132,0,0.7014153599739075,3
0.5162895577917741,0.6284119490840168,0.7640897755610973,0.6182405165456013,0.6182405165456013,1.0,0.2447116780623127,1,0.6819128394126892,3
0.5808640476045904,0.6776259323207514,0.7640897755610973,0.6182405165456013,0.6182405165456013,1.0,0.23737861586567902,2,0.6869643926620483,3
0.6287929387996181,0.7139766495790327,0.7640897755610973,0.6182405165456013,0.6182405165456013,1.0,0.23243580619437992,3,0.6788363456726074,3
0.6531306752631667,0.7334549232754803,0.763854218671992,0.6182405165456013,0.618431689571544,0.9986945169712794,0.23042164927542494,4,0.677335262298584,3
0.6801732180018658,0.7532036057608882,0.7644710578842315,0.6190476190476191,0.6187399030694669,1.0,0.22871611551119567,5,0.6695582270622253,3
0.7007766658018646,0.770724322339104,0.7644710578842315,0.6190476190476191,0.6187399030694669,1.0,0.22644812152935462,6,0.6744810342788696,3
0.7161223014037392,0.7838425679157449,0.7640897755610973,0.6182405165456013,0.6182405165456013,1.0,0.22475023631325997,7,0.66560298204422,3
0.7262653249355538,0.7941032923553125,0.7640897755610973,0.6182405165456013,0.6182405165456013,1.0,0.22393122471937463,8,0.6626065373420715,3
0.7325664195540934,0.8012549497201303,0.7640897755610973,0.6182405165456013,0.6182405165456013,1.0,0.22346821211050713,9,0.6616325974464417,3
0.738754353910101,0.8074192579236965,0.7644710578842315,0.6190476190476191,0.6187399030694669,1.0,0.22214078722522723,10,0.6604340076446533,3
0.7443875269790626,0.8141128098591109,0.7671507260891337,0.6246973365617433,0.6222583265637693,1.0,0.21885448883078462,11,0.655228853225708,3
0.748991217659625,0.819459452553873,0.7760284408329101,0.6440677966101694,0.6350789692435578,0.9973890339425587,0.21322664666344457,12,0.6522449851036072,3
0.7516435838131146,0.8227660185720322,0.7884816753926701,0.6739305891848265,0.6582167832167832,0.9830287206266318,0.20665851695488308,13,0.652850866317749,3
0.7520575847735966,0.8235360330029552,0.7973495306460519,0.7037933817594835,0.6909090909090909,0.9425587467362925,0.20086060112844234,14,0.6460868120193481,3
0.7511495426669389,0.8218658724765707,0.7945205479452054,0.7094430992736077,0.7058823529411765,0.9086161879895561,0.1978577128788439,15,0.6457139849662781,3
0.7488642573650771,0.8181825270346514,0.7873831775700935,0.7062146892655368,0.7124735729386892,0.8798955613577023,0.1968197215130738,16,0.6407772898674011,3
0.7470812932286004,0.8148518788459971,0.7818930041152263,0.7005649717514124,0.7112299465240641,0.8681462140992167,0.19718930462020798,17,0.6309653520584106,3
0.7472110135295514,0.8147731945364558,0.7830245068738793,0.7070217917675545,0.7221609702315325,0.8550913838120104,0.1973392185298185,18,0.6224550604820251,3
0.7494383386969458,0.8184577696906192,0.7670559311616472,0.6941081517352704,0.7247386759581882,0.814621409921671,0.19689074983732793,19,0.6183006763458252,3
0.7531615873348825,0.8217355510446037,0.7575757575757576,0.6900726392251816,0.7334963325183375,0.783289817232376,0.19707820033419132,20,0.6202816963195801,3
0.7580923387742259,0.8249095804814139,0.7542262678803641,0.6949152542372882,0.7512953367875648,0.7571801566579635,0.19799268173980153,21,0.6109225153923035,3
0.7646238939274339,0.8283398281001345,0.757496740547588,0.6997578692493946,0.7565104166666666,0.758485639686684,0.19508787497461,22,0.6084720492362976,3
0.7713831496089072,0.8300692415030684,0.7805186590765338,0.7199354317998385,0.7570552147239263,0.8054830287206266,0.18907703483134106,23,0.6036660075187683,3
0.777778084445156,0.8295196479087885,0.7921036397285626,0.7280064568200162,0.7508771929824561,0.8381201044386423,0.18489897556798088,24,0.5966775417327881,3
0.7842861795439365,0.83188468337133,0.8007312614259597,0.7360774818401937,0.7508571428571429,0.8577023498694517,0.18154680099388204,25,0.5941382646560669,3
0.7913076358337151,0.8364479065618015,0.8012383900928792,0.7409200968523002,0.7620730270906949,0.8446475195822454,0.17775065379725202,26,0.5843494534492493,3
0.7985333325973316,0.8418139260064575,0.8076685219542362,0.7489911218724778,0.7673325499412456,0.8524804177545692,0.17466036416875408,27,0.5840889811515808,3
0.8036559044816984,0.8457906590903306,0.8138686131386861,0.7530266343825666,0.7619589977220956,0.8733681462140992,0.17304959993504246,28,0.5821691751480103,3
0.8076165136703117,0.8483375674781322,0.8148148148148148,0.7497982243744956,0.751101321585903,0.8903394255874674,0.17294041469300833,29,0.5715156197547913,3
0.8109312813605727,0.8516987030245275,0.8170212765957446,0.7570621468926554,0.764505119453925,0.8772845953002611,0.1699505504923528,30,0.572731077671051,3
0.813310406880144,0.8547636123400124,0.8126550868486352,0.7562550443906376,0.7742316784869976,0.8550913838120104,0.16806272111538287,31,0.5669704675674438,3
0.8156122522204252,0.8568685967204144,0.8144009931719429,0.7586763518966909,0.7763313609467456,0.856396866840731,0.16720898745124488,32,0.5574039220809937,3
0.8175718567667077,0.8582933001614595,0.8163514338010982,0.7570621468926554,0.7663230240549829,0.8733681462140992,0.1671603402140305,33,0.5625088214874268,3
0.82015798276652,0.8618065498601978,0.8137676705593117,0.7554479418886199,0.7688734030197445,0.8642297650130548,0.1658420342133023,34,0.5543349981307983,3
0.8225371082860913,0.8654024628101428,0.812221514958625,0.7619047619047619,0.7925465838509317,0.8328981723237598,0.16533486629425634,35,0.5512168407440186,3
0.8265860376796075,0.8701314901806613,0.8127795527156549,0.7635189669087974,0.7959949937421777,0.8302872062663186,0.16413800212456017,36,0.5461916923522949,3
0.8300774457796741,0.8725311292372867,0.8184049079754602,0.7610976594027441,0.7719907407407407,0.8707571801566579,0.16317470020083447,37,0.5473294854164124,3
0.8311786883345569,0.8729411277903097,0.8213851761846902,0.7627118644067796,0.7681818181818182,0.8825065274151436,0.16433583963334936,38,0.5400781631469727,3
0.8339304147185622,0.8761026676050533,0.8210262828535669,0.7691686844229217,0.7884615384615384,0.856396866840731,0.1607510935200811,39,0.5391170382499695,3
0.8347252965626879,0.8769144538925141,0.8125399872040947,0.7635189669087974,0.7967377666248432,0.8289817232375979,0.16087593773082454,40,0.5291980504989624,3
0.8354622182723465,0.876230668360793,0.8230912476722533,0.7699757869249395,0.7846153846153846,0.8655352480417755,0.15953330578271463,41,0.5366258025169373,3
0.8314022488532173,0.8713672802441752,0.8287092882991556,0.7707828894269573,0.7701793721973094,0.8968668407310705,0.16373274951700828,42,0.5221126079559326,3
0.8338310544880464,0.8736116414529795,0.8273736128236745,0.7740112994350282,0.7838785046728972,0.8759791122715405,0.15955837836993825,43,0.5245828032493591,3
0.8357878990279257,0.8766330149003236,0.815806246016571,0.7667473769168685,0.797011207970112,0.835509138381201,0.15883162805441337,44,0.505311131477356,3
0.8362929801997141,0.8759343085883208,0.8247036805988771,0.7732041969330105,0.7897252090800478,0.8629242819843342,0.15807860960312153,45,0.5086556673049927,3
0.8328843722917436,0.8700498134073547,0.8320194057004245,0.7764326069410815,0.7768969422423556,0.8955613577023499,0.16087844940349705,46,0.5053907632827759,3
0.8370851020374367,0.8747880701619343,0.8332307692307692,0.7812752219531881,0.7881257275902211,0.8838120104438643,0.15815481741457293,47,0.5023658275604248,3
0.8444681191660364,0.883843704107362,0.8208092485549133,0.774818401937046,0.8078381795195955,0.8342036553524804,0.15589335854645978,48,0.4981551170349121,3
0.8458288023228213,0.8851058717109169,0.8248081841432225,0.7788539144471348,0.8082706766917294,0.8420365535248042,0.15473007844776973,49,0.4978815019130707,3
0.8423567142675771,0.8802233600454366,0.8369230769230769,0.7861178369652946,0.7916181606519208,0.8877284595300261,0.156875777342838,50,0.4912799298763275,3
0.8423981143636253,0.880084272445776,0.835875533862111,0.7828894269572235,0.7846506300114547,0.8942558746736292,0.15884696277380783,51,0.47979792952537537,3
0.8490304097505506,0.8874657869336193,0.8343789209535759,0.7869249394673123,0.8031400966183575,0.8681462140992167,0.15280776194290777,52,0.48425227403640747,3
0.8528474986061967,0.8927540532532998,0.8216145833333334,0.7788539144471348,0.8194805194805195,0.8237597911227154,0.15178615447221758,53,0.47918546199798584,3
0.8515061354942344,0.8891722818874825,0.8342785129174544,0.7877320419693301,0.8063337393422655,0.8642297650130548,0.15071432612019384,54,0.48246434330940247,3
0.8463421635138193,0.8821888696955127,0.8369829683698297,0.7836965294592413,0.7835990888382688,0.8981723237597912,0.15767498947654,55,0.4691663682460785,3
0.8506822735828747,0.8860587510805551,0.8380716934487021,0.7885391444713479,0.795774647887324,0.8851174934725848,0.1516271644351032,56,0.4801173806190491,3
0.8562892265910058,0.8935169779673418,0.8273145108338805,0.7877320419693301,0.8322324966974901,0.8224543080939948,0.14897217517823483,57,0.45706769824028015,3
0.8582764312013204,0.8940196675371767,0.8312703583061889,0.7909604519774012,0.8296488946684005,0.8328981723237598,0.14773157159365313,58,0.4668654203414917,3
0.8486522888733102,0.8808676685040757,0.8412600370599135,0.7925746569814366,0.798358733880422,0.8890339425587467,0.15292584244665494,59,0.45786479115486145,3
0.8447247997615352,0.875906685306167,0.8394607843137255,0.7885391444713479,0.7909930715935335,0.8942558746736292,0.15647069516605674,60,0.4592919945716858,3
0.8536175403926937,0.8856905786753446,0.8437697659709045,0.8006456820016142,0.8184049079754602,0.8707571801566579,0.14806482674069935,61,0.46313226222991943,3
0.8562257464437317,0.8898758432330666,0.8316062176165803,0.7901533494753834,0.8251928020565553,0.8381201044386423,0.1479028442609833,62,0.4444878399372101,3
0.855265264215413,0.8880876532236287,0.8359923420548819,0.7925746569814366,0.8177278401997503,0.8550913838120104,0.14781890661761882,63,0.4467673897743225,3
0.8509182541303495,0.8819299296358025,0.8448275862068966,0.7966101694915254,0.7995337995337995,0.8955613577023499,0.15236944061088098,64,0.4415017068386078,3
0.8511528546746228,0.8822793641972331,0.8422344996930632,0.7925746569814366,0.7949015063731171,0.8955613577023499,0.15312720876038516,65,0.44177183508872986,3
0.8596950744925728,0.8923180290714143,0.8406349206349206,0.7974172719935432,0.8182941903584673,0.8642297650130548,0.1460915378573336,66,0.4452238380908966,3
0.8612185980271474,0.8947554551488809,0.8396651641983258,0.7990314769975787,0.8284625158831004,0.8511749347258486,0.14486681940276144,67,0.43149104714393616,3
0.8577271899270806,0.8913117876405922,0.8418399495904222,0.7974172719935432,0.8136419001218027,0.8720626631853786,0.1467878546349506,68,0.43258437514305115,3
0.8570289083070672,0.8905614022519246,0.8426966292134831,0.7966101694915254,0.8074162679425837,0.881201044386423,0.1480930094172928,69,0.43040212988853455,3
0.8578983103240799,0.8915514962209136,0.8374689826302729,0.7885391444713479,0.7978723404255319,0.881201044386423,0.1492117298310057,70,0.42040011286735535,3
0.861996919832854,0.8965324765013117,0.8325963360707518,0.7861178369652946,0.806609547123623,0.860313315926893,0.14700769873379507,71,0.4121309518814087,3
0.8627973216897864,0.8985591948981833,0.8335467349551856,0.7901533494753834,0.8178391959798995,0.8498694516971279,0.14669712253011144,72,0.4126036763191223,3
0.8580363106442407,0.893184885045099,0.835427135678392,0.7885391444713479,0.8050847457627118,0.8681462140992167,0.15041137000399732,73,0.4095582664012909,3
0.8540508613979986,0.8888136694228033,0.8397515527950311,0.7917675544794189,0.8009478672985783,0.8825065274151436,0.15373962067956093,74,0.4027421474456787,3
0.8595211940891703,0.8944762704230265,0.8355387523629489,0.7893462469733656,0.807551766138855,0.8655352480417755,0.14860085945452578,75,0.4047093391418457,3
0.8635646034698801,0.8976106703363178,0.8433734939759037,0.8006456820016142,0.8199753390875463,0.8681462140992167,0.1456366121470355,76,0.39177602529525757,3
0.8609398373804227,0.8933855283680658,0.8431494110353379,0.7958030669895076,0.8028335301062574,0.8877284595300261,0.15049002648000348,77,0.39335939288139343,3
0.8582101910476432,0.8898735917570072,0.8406862745098039,0.7901533494753834,0.792147806004619,0.8955613577023499,0.1561502332356007,78,0.39016300439834595,3
0.868176574169652,0.9012764241782042,0.8468809073724007,0.8038740920096852,0.8185140073081608,0.8772845953002611,0.1440465143927326,79,0.39066195487976074,3
0.8747619494477227,0.9101462952390609,0.8457446808510638,0.8127522195318806,0.8617886178861789,0.8302872062663186,0.13993270815225295,80,0.3886614739894867,3
0.873365386207696,0.9064621787811243,0.845360824742268,0.8062953995157385,0.8346055979643766,0.856396866840731,0.14198008071122334,81,0.40269753336906433,3
0.8627669616193511,0.8955017834686019,0.8421052631578947,0.7917675544794189,0.7926267281105991,0.8981723237597912,0.1558900759639783,82,0.37540608644485474,3
0.8700023184053787,0.9007798728224112,0.8428303068252975,0.7974172719935432,0.8098676293622142,0.8785900783289817,0.14693129156068926,83,0.38802728056907654,3
0.8729486252408105,0.9043262638898971,0.8490066225165563,0.8159806295399515,0.8615591397849462,0.8368146214099217,0.1390638330291022,84,0.3832400441169739,3
0.875485071125365,0.9063117380315974,0.8449967298888162,0.8087167070217918,0.8466579292267365,0.8433420365535248,0.13884340429889316,85,0.38576000928878784,3
0.8693247368333894,0.9005796388287216,0.8430884184308842,0.7966101694915254,0.805952380952381,0.8838120104438643,0.15002322136664525,86,0.37872377038002014,3
0.867020131486705,0.8979994863096121,0.8440024860161591,0.7974172719935432,0.8054567022538552,0.8864229765013055,0.1506612250766191,87,0.38211503624916077,3
0.8701361787159347,0.9007438735795276,0.8461538461538461,0.8095238095238095,0.8450520833333334,0.8472584856396866,0.14076624951793953,88,0.3755838871002197,3
0.8690432161802617,0.9007586086176631,0.8405029781601588,0.8054882970137207,0.8523489932885906,0.8289817232375979,0.1409927937824107,89,0.36882689595222473,3
0.8734537064125988,0.9034760905619307,0.8453214513049013,0.8038740920096852,0.8248447204968944,0.8668407310704961,0.14219724604542985,90,0.37412047386169434,3
0.8688251756744074,0.8990113843346719,0.8436724565756824,0.7966101694915254,0.8037825059101655,0.8877284595300261,0.14973377262289858,91,0.36517930030822754,3
0.8680054537726527,0.8983090226882531,0.84625,0.801452784503632,0.8117505995203836,0.8838120104438643,0.14770038349751677,92,0.37347206473350525,3
0.8686098951749568,0.9003133760694618,0.8476736775015934,0.8071025020177562,0.8281444582814446,0.8681462140992167,0.14369008707131337,93,0.36358872056007385,3
0.8689466159561491,0.9014479499929745,0.8432642487046632,0.804681194511703,0.8367609254498715,0.8498694516971279,0.14332277799104512,94,0.3499138355255127,3
0.8686347352325857,0.9008473655554169,0.8425096030729834,0.801452784503632,0.8266331658291457,0.8590078328981723,0.14578491567628998,95,0.35180309414863586,3
0.8658167686949034,0.8972718200945299,0.8413192283758556,0.7941888619854721,0.8038049940546967,0.8825065274151436,0.1522980046630598,96,0.34766870737075806,3
0.8709752206625121,0.902403009143103,0.8445006321112516,0.801452784503632,0.8186274509803921,0.8720626631853786,0.1483269822318483,97,0.3531353771686554,3
0.874416948647321,0.9063276618563375,0.8435462842242504,0.8062953995157385,0.8424479166666666,0.8446475195822454,0.14178944271537774,98,0.35194849967956543,3
0.8746129091019492,0.907176625610156,0.844559585492228,0.8062953995157385,0.8380462724935732,0.8511749347258486,0.14165990465184666,99,0.3443199098110199,3
0.8752256305234629,0.9078412144203374,0.8442211055276382,0.7998385794995965,0.8135593220338984,0.8772845953002611,0.14719573349130388,100,0.3485759198665619,3
0.876820914224521,0.9095806732337222,0.8456712672521958,0.801452784503632,0.8140096618357487,0.8798955613577023,0.1490028957880059,101,0.3483419716358185,3
0.8779883969330808,0.9114154196020974,0.844106463878327,0.801452784503632,0.8201970443349754,0.8694516971279374,0.1477099356337271,102,0.34751400351524353,3
0.8777206763119692,0.9115596304119262,0.8365508365508365,0.7949959644874899,0.8248730964467005,0.8485639686684073,0.1446374739482089,103,0.3417136073112488,3
0.8714223416998326,0.9051463862439457,0.8479087452471483,0.8062953995157385,0.8238916256157636,0.8733681462140992,0.1478440336441664,104,0.34405308961868286,3
0.8709200205344476,0.9033423203724211,0.8447517284726587,0.8006456820016142,0.8145454545454546,0.8772845953002611,0.15086948278099857,105,0.33944806456565857,3
0.8744528287305627,0.908203415135133,0.839458413926499,0.7990314769975787,0.8292993630573249,0.8498694516971279,0.14699345324542926,106,0.3347543776035309,3
0.8736496668672271,0.9086111906653622,0.8369351669941061,0.7990314769975787,0.8396846254927727,0.8342036553524804,0.14488920913414696,107,0.33724409341812134,3
0.8728547850231013,0.9070151138901956,0.8383773341918866,0.7974172719935432,0.8271918678526048,0.8498694516971279,0.14805063151877787,108,0.332241415977478,3
0.8690073360970196,0.9027811595038959,0.8397515527950311,0.7917675544794189,0.8009478672985783,0.8825065274151436,0.15595974328428494,109,0.33594438433647156,3
0.869537257326437,0.9034149103723658,0.8411801632140615,0.7958030669895076,0.8101571946795647,0.8746736292428199,0.1543359683347682,110,0.32383471727371216,3
0.8692653966957203,0.9056689376969268,0.8397645519947678,0.8022598870056498,0.8414154652686763,0.8381201044386423,0.1476507874483249,111,0.32336804270744324,3
0.8722365435887811,0.9078844272118289,0.8381079280479681,0.8038740920096852,0.85578231292517,0.8211488250652742,0.1447356459241203,112,0.3209855258464813,3
0.8719646829580645,0.9068232592578916,0.8371794871794872,0.7949959644874899,0.8224181360201511,0.8524804177545692,0.14985007152613003,113,0.32809948921203613,3
0.8683697746178771,0.9037983338521935,0.8397720075997467,0.7958030669895076,0.8154981549815498,0.8655352480417755,0.15394872961464726,114,0.3222140371799469,3
0.8699678183253385,0.9052270483134897,0.8412397216951296,0.7974172719935432,0.8159509202453987,0.8681462140992167,0.1507320769740406,115,0.3187542259693146,3
0.8732577459579707,0.9085744348758356,0.841025641025641,0.7998385794995965,0.8261964735516373,0.856396866840731,0.14677674552151912,116,0.31812557578086853,3
0.8719964230317014,0.9073127610954363,0.840025493945188,0.7974172719935432,0.8206724782067247,0.860313315926893,0.14911809920310304,117,0.3222305178642273,3
0.8691894965196318,0.9045594974730926,0.8422375864236329,0.7974172719935432,0.8121212121212121,0.8746736292428199,0.15287705314950784,118,0.3080126643180847,3
0.8704011393306432,0.9059692392181515,0.8431001890359168,0.7990314769975787,0.8148599269183922,0.8733681462140992,0.15278822728122807,119,0.3162679076194763,3
0.8739587875843873,0.9103762404135773,0.838501291989664,0.7982243744955609,0.829923273657289,0.8472584856396866,0.1481349960915479,120,0.3140408992767334,3
0.8756699915543804,0.9122931910673453,0.8418998048145738,0.8038740920096852,0.8391699092088197,0.8446475195822454,0.14724875739575252,121,0.303781658411026,3
0.8752891106707368,0.9108164411105684,0.8399487836107554,0.7982243744955609,0.8241206030150754,0.856396866840731,0.15099864108829117,122,0.299614816904068,3
0.87093934057927,0.9068093076880825,0.8386292834890966,0.7909604519774012,0.8021454112038141,0.8785900783289817,0.15877568194348932,123,0.3062382936477661,3
0.8738373473026456,0.9084594397107553,0.8465945257797581,0.8054882970137207,0.8260869565217391,0.8681462140992167,0.1518527095862962,124,0.3063523471355438,3
0.8772100751273744,0.9112215936146786,0.8450520833333334,0.807909604519774,0.8428571428571429,0.8472584856396866,0.14720806711656567,125,0.29948458075523376,3
0.8791310395840118,0.9132363839248842,0.8430728824688115,0.8071025020177562,0.8480845442536328,0.8381201044386423,0.14506380608395397,126,0.298444002866745,3
0.8770334347175686,0.9115614178598543,0.8435286542176432,0.8038740920096852,0.832274459974587,0.8550913838120104,0.14649850355823804,127,0.29518648982048035,3
0.8739974276740322,0.9083215213327168,0.8469706433479075,0.8022598870056498,0.8119760479041916,0.8851174934725848,0.15174423609000814,128,0.29836300015449524,3
0.8759763522651374,0.9107735924956144,0.8457142857142858,0.8038740920096852,0.823238566131026,0.8694516971279374,0.1502771134365214,129,0.3065182864665985,3
0.8773535954603415,0.9128657286740072,0.8406557377049181,0.8038740920096852,0.8445322793148881,0.8368146214099217,0.14724620829576526,130,0.28776711225509644,3
0.8741437080134026,0.9110869815839229,0.8423127463863338,0.8062953995157385,0.8478835978835979,0.8368146214099217,0.14794450875661114,131,0.3004361391067505,3
0.867878493478105,0.906568556748022,0.8434946574481458,0.7990314769975787,0.8133333333333334,0.8759791122715405,0.15393046567934063,132,0.2912077009677887,3
0.8688444957192301,0.9053446945845544,0.843418590143481,0.7974172719935432,0.8076463560334528,0.8825065274151436,0.1558571167380126,133,0.2911128103733063,3
0.8728603050359077,0.9089792243480656,0.8431876606683805,0.8030669895076675,0.830379746835443,0.856396866840731,0.15156049520187834,134,0.285196453332901,3
0.8745025088458205,0.9098971999824068,0.8419672131147541,0.8054882970137207,0.8458498023715415,0.8381201044386423,0.14862093630800546,135,0.29619884490966797,3
0.8753194707411721,0.9092740743032655,0.846553966189857,0.8095238095238095,0.8432642487046632,0.8498694516971279,0.14757190470308518,136,0.2910071015357971,3
0.8760039523291694,0.9093396893851666,0.8488298545224542,0.8071025020177562,0.8233128834355828,0.8759791122715405,0.15215635221504814,137,0.2800704836845398,3
0.8759487522011051,0.9103141822310603,0.8493324856961221,0.8087167070217918,0.8277571251548946,0.8720626631853786,0.1505165739207366,138,0.28724685311317444,3
0.8755402712534293,0.910311464932967,0.8471502590673575,0.8095238095238095,0.8406169665809768,0.8537859007832899,0.1469511241280514,139,0.28295016288757324,3
0.8727747448374079,0.9088556759103914,0.85,0.8111380145278451,0.8350125944584383,0.8655352480417755,0.1485495555761135,140,0.2837715744972229,3
0.873404026297341,0.9112309845272755,0.846696600384862,0.8071025020177562,0.832282471626734,0.8616187989556136,0.15098301698325445,141,0.28176891803741455,3
0.8703155791321435,0.9095521511577306,0.8350253807106599,0.7901533494753834,0.8123456790123457,0.8590078328981723,0.1567518276686575,142,0.2711630165576935,3
0.8691287763787612,0.9082036743657165,0.8486005089058524,0.807909604519774,0.8275434243176178,0.8707571801566579,0.1536297291462696,143,0.2774408757686615,3
0.8689410959433426,0.9090061959755578,0.8503225806451613,0.8127522195318806,0.8405612244897959,0.860313315926893,0.1509804054757276,144,0.26568660140037537,3
0.8722738036752244,0.9115495826367246,0.8451069345430978,0.8071025020177562,0.8391248391248392,0.8511749347258486,0.15053902641669487,145,0.275084525346756,3
0.8698022179411457,0.9084779353196526,0.8339719029374202,0.7901533494753834,0.81625,0.8524804177545692,0.15629433536709122,146,0.27777934074401855,3
0.8719743429804758,0.9090987446825576,0.8419689119170984,0.8030669895076675,0.8354755784061697,0.8485639686684073,0.1510153457721485,147,0.28265970945358276,3
0.8716569422441061,0.9076570630769878,0.8491909385113269,0.8119451170298628,0.8421052631578947,0.856396866840731,0.14854780347522684,148,0.2677190601825714,3
0.8745356289226592,0.9094078291547605,0.8522072936660269,0.8135593220338984,0.835633626097867,0.8694516971279374,0.1475564282395171,149,0.27770712971687317,3
0.8756285914583323,0.9102901629053147,0.8479495268138801,0.8054882970137207,0.8205128205128205,0.8772845953002611,0.15147490187503793,150,0.2645103931427002,3
0.8740001876804353,0.9099905685335596,0.8489847715736041,0.807909604519774,0.825925925925926,0.8733681462140992,0.15136522766116625,151,0.2764292359352112,3
0.8756506715095578,0.9118531764167987,0.8442408376963351,0.807909604519774,0.8464566929133859,0.8420365535248042,0.14558966487030306,152,0.2698621153831482,3
0.8768650743269726,0.9132762188868666,0.8411338167435728,0.8054882970137207,0.8495339547270306,0.8328981723237598,0.1463611945959297,153,0.2612617313861847,3
0.876641513808312,0.913214598713339,0.8495460440985733,0.8127522195318806,0.8440721649484536,0.8550913838120104,0.1472351549529039,154,0.27742230892181396,3
0.8771079548904555,0.9149630340876119,0.8422391857506362,0.7998385794995965,0.8213399503722084,0.8642297650130548,0.1544979999197199,155,0.267874151468277,3
0.8770058346535364,0.9154407610521127,0.8425748884639898,0.8006456820016142,0.8231631382316313,0.8629242819843342,0.15417050203936486,156,0.2645255923271179,3
0.8764234733024581,0.9151184877867353,0.84765625,0.8111380145278451,0.8454545454545455,0.8498694516971279,0.1482118849675922,157,0.25698021054267883,3
0.8742403082375151,0.9131486299089049,0.8462549277266754,0.8111380145278451,0.8518518518518519,0.8407310704960835,0.14940426840757137,158,0.26712435483932495,3
0.8729707052920362,0.9117970133133182,0.8471502590673575,0.8095238095238095,0.8406169665809768,0.8537859007832899,0.1529129364531604,159,0.2601664960384369,3
0.8725705043635701,0.9109725328222049,0.8431122448979592,0.801452784503632,0.8241895261845387,0.8629242819843342,0.15471583710684578,160,0.2636147439479828,3
0.8738318272898393,0.9118680356629512,0.8468930172966047,0.8071025020177562,0.8314465408805032,0.8629242819843342,0.15240908032999737,161,0.2572885751724243,3
0.8732329059003416,0.9117813989489993,0.8446163765312702,0.8054882970137207,0.8343949044585988,0.8550913838120104,0.15201344376967435,162,0.2567428648471832,3
0.8716210621608642,0.9114257085766326,0.8420373952288845,0.8022598870056498,0.8318471337579618,0.8524804177545692,0.15511756263461396,163,0.25971949100494385,3
0.8677239331195249,0.9067669766686566,0.8438107582631238,0.8054882970137207,0.8378378378378378,0.8498694516971279,0.15414496547105494,164,0.25162312388420105,3
0.8647596862424722,0.9026368801662901,0.8452151573538856,0.8054882970137207,0.831858407079646,0.8590078328981723,0.1545059574273627,165,0.253343790769577,3
0.8725925844147959,0.9099722441363853,0.8501291989664083,0.8127522195318806,0.8414322250639387,0.8590078328981723,0.15031329889079703,166,0.2663176357746124,3
0.8764179532896517,0.9139753244698596,0.8471502590673575,0.8095238095238095,0.8406169665809768,0.8537859007832899,0.1493552729595211,167,0.2485574632883072,3
0.8751400703249631,0.9129859706205005,0.8470437017994858,0.807909604519774,0.8341772151898734,0.860313315926893,0.15011158738737101,168,0.25438886880874634,3
0.8719481229196452,0.909779099832007,0.8558673469387755,0.8175948345439871,0.8366583541147132,0.8759791122715405,0.14947814103230112,169,0.24473626911640167,3
0.8697635778515006,0.9082611880317581,0.8510362694300518,0.814366424535916,0.8444730077120822,0.8577023498694517,0.1502787145192173,170,0.24992907047271729,3
0.8730728255289552,0.9114057896188361,0.848761408083442,0.8127522195318806,0.84765625,0.8498694516971279,0.14966892896436243,171,0.234991192817688,3
0.8708289403231415,0.9090568621373151,0.8461538461538461,0.8030669895076675,0.8182926829268292,0.8759791122715405,0.15491015362699728,172,0.24427495896816254,3
0.8730921455737779,0.9110873738348916,0.8410386320455985,0.7974172719935432,0.8167281672816729,0.8668407310704961,0.1541891497503763,173,0.24162854254245758,3
0.8744749087817882,0.9121946169424487,0.8519480519480519,0.8159806295399515,0.8475452196382429,0.856396866840731,0.15030789915899972,174,0.23656783998012543,3
0.8743534685000469,0.912084129194695,0.8459016393442623,0.8103309120258273,0.849802371541502,0.8420365535248042,0.15146324141290393,175,0.24466437101364136,3
0.8747578094381179,0.9117632756570573,0.8443579766536965,0.8062953995157385,0.8389175257731959,0.8498694516971279,0.15285900548268605,176,0.23590973019599915,3
0.8716514222312997,0.9080686546904873,0.8441308531109686,0.8038740920096852,0.8297604035308953,0.8590078328981723,0.1560759061663572,177,0.2351839542388916,3
0.8700023184053788,0.9056544586598579,0.8480610298792117,0.8071025020177562,0.8265179677819083,0.8707571801566579,0.15542901180826132,178,0.23232825100421906,3
0.8714692618086874,0.9066121437786212,0.8459099556119214,0.8038740920096852,0.8224414303329223,0.8707571801566579,0.15564036843075799,179,0.23066259920597076,3
0.8748295696046016,0.9100263127137411,0.8447284345047923,0.8038740920096852,0.8272841051314143,0.8629242819843342,0.1563760524419215,180,0.22777527570724487,3
0.8763130730463293,0.9117148861593455,0.8490322580645161,0.8111380145278451,0.8392857142857143,0.8590078328981723,0.15444030742535986,181,0.23187075555324554,3
0.8726367445172474,0.9084655244224231,0.8520634920634921,0.8119451170298628,0.8294190358467244,0.8759791122715405,0.15445784967510112,182,0.23928627371788025,3
0.869407537025486,0.9063961822755198,0.8527918781725888,0.8127522195318806,0.8296296296296296,0.8772845953002611,0.1563089586768584,183,0.2254243642091751,3
0.8693219768269862,0.9081074522897412,0.8383705650459922,0.801452784503632,0.843915343915344,0.8328981723237598,0.1572830920195315,184,0.25479671359062195,3
0.8762026727902008,0.9145910875856619,0.8425249169435216,0.8087167070217918,0.857916102841678,0.8276762402088773,0.15189049751034034,185,0.23165251314640045,3
0.8716376221992836,0.9112597222613193,0.8387507966857871,0.7958030669895076,0.8194271481942715,0.8590078328981723,0.16019053954513426,186,0.2355215847492218,3
0.8713919816293973,0.9102941978159675,0.8441640378548896,0.8006456820016142,0.8168498168498168,0.8733681462140992,0.15906900673493582,187,0.2456524819135666,3
0.8720405831341529,0.9107750204228788,0.8466019417475729,0.8087167070217918,0.8395378690629012,0.8537859007832899,0.15288456608087125,188,0.24769729375839233,3
0.8712677813412526,0.9103789270016973,0.8376408217362492,0.8022598870056498,0.8506056527590848,0.825065274151436,0.15450905192731387,189,0.2302122414112091,3
0.8748916697486738,0.9126512708716061,0.8492429229756419,0.8151735270379338,0.8565737051792829,0.8420365535248042,0.15073115594299974,190,0.22544541954994202,3
0.8695289773072273,0.9065161619439643,0.8437900128040973,0.8030669895076675,0.8278894472361809,0.860313315926893,0.15683192585447522,191,0.22145520150661469,3
0.48562844405061895,0.606286266956972,0.7665505226480837,0.6214689265536724,0.6214689265536724,1.0,0.24278501963240942,0,0.7152239680290222,4
0.5319483288566444,0.6310040575857625,0.7665505226480837,0.6214689265536724,0.6214689265536724,1.0,0.24199764929839346,1,0.6852419376373291,4
0.5697089690693102,0.658927552736251,0.7665505226480837,0.6214689265536724,0.6214689265536724,1.0,0.23757983529746934,2,0.6809665560722351,4
0.5967712458117576,0.6855513223024929,0.7665505226480837,0.6214689265536724,0.6214689265536724,1.0,0.23403813292975006,3,0.67243891954422,4
0.6090396810013015,0.6977606761696411,0.7665505226480837,0.6214689265536724,0.6214689265536724,1.0,0.2323099636746348,4,0.6711710095405579,4
0.6155373411236951,0.7043680590402706,0.7665505226480837,0.6214689265536724,0.6214689265536724,1.0,0.2312348658528405,5,0.6699971556663513,4
0.6151247473209094,0.7070734668190073,0.7665505226480837,0.6214689265536724,0.6214689265536724,1.0,0.23083170821616322,6,0.6698024272918701,4
0.6139118876858749,0.7073028719390183,0.7665505226480837,0.6214689265536724,0.6214689265536724,1.0,0.23086190456366348,7,0.6656156182289124,4
0.6135242156564118,0.7080944214347974,0.7673143996013951,0.6230831315577078,0.6224737267582862,1.0,0.23057837492989244,8,0.6619091629981995,4
0.6153725805111733,0.7098136043298038,0.7664670658682635,0.6222760290556901,0.6223662884927067,0.9974025974025974,0.22939144979700485,9,0.6599858403205872,4
0.6185417993520339,0.712398967099906,0.7736040609137056,0.6400322841000807,0.635,0.9896103896103896,0.2269573532628183,10,0.6546521186828613,4
0.6238196771245812,0.7160332972393423,0.7795726941115164,0.6585956416464891,0.6510008703220191,0.9714285714285714,0.22373848897527868,11,0.6472311019897461,4
0.6301193476033561,0.7197267693880157,0.7685683530678149,0.6529459241323649,0.65625,0.9272727272727272,0.22154984953581708,12,0.6450089812278748,4
0.6370226788137237,0.7226841692842674,0.7639579878385848,0.655367231638418,0.6650625601539942,0.8974025974025974,0.22039573102805915,13,0.6374366283416748,4
0.6448647301525767,0.7258643079782717,0.7624929814710837,0.6585956416464891,0.6716122650840751,0.8818181818181818,0.22010744480704855,14,0.627213180065155,4
0.6558400022152687,0.734411785787072,0.7664603263927968,0.6650524616626311,0.676266137040715,0.8844155844155844,0.21991963245971693,15,0.6297203898429871,4
0.6647176916899732,0.7381525241700204,0.7609811751283514,0.6618240516545602,0.6785350966429298,0.8662337662337662,0.21988255126621054,16,0.617555558681488,4
0.6731426356159831,0.7405002880609515,0.7549361207897793,0.6594027441485069,0.6827731092436975,0.8441558441558441,0.21959405242255384,17,0.6100249886512756,4
0.6812477501176861,0.7472785713383564,0.7554507955215085,0.6650524616626311,0.6914778856526429,0.8324675324675325,0.21906269812461046,18,0.6109930276870728,4
0.6872995874061971,0.7528728036379577,0.7566265060240964,0.6739305891848265,0.7056179775280899,0.8155844155844156,0.21826485254473435,19,0.5994719862937927,4
0.695054412538421,0.758999487786495,0.7549019607843137,0.6771589991928975,0.7146171693735499,0.8,0.21664892121724694,20,0.5882628560066223,4
0.7032370614460167,0.7654023814471158,0.7630128597672995,0.6876513317191283,0.7219003476245655,0.8090909090909091,0.21327755544658927,21,0.5877995491027832,4
0.7115332428765265,0.7718575088542124,0.7722289890377588,0.6981436642453591,0.7270642201834863,0.8233766233766234,0.2092082571384452,22,0.5837854146957397,4
0.7190070057873894,0.7776086212368897,0.7792048929663609,0.70863599677159,0.7364161849710983,0.8272727272727273,0.20527239498633226,23,0.5845249891281128,4
0.7265056904715754,0.7847948527323044,0.778119237861094,0.70863599677159,0.7386231038506418,0.8220779220779221,0.20175565678391486,24,0.5722615718841553,4
0.7333702544789965,0.7918029761384544,0.7737135771853689,0.705407586763519,0.7402135231316725,0.8103896103896104,0.1988699956149858,25,0.5667177438735962,4
0.7388087392351783,0.7979876891286164,0.7769516728624535,0.7094430992736077,0.7428909952606635,0.8142857142857143,0.1965942774231074,26,0.5624285936355591,4
0.742865450114917,0.8024907050962562,0.7834158415841584,0.7175141242937854,0.74822695035461,0.8220779220779221,0.1952213984200219,27,0.5490636825561523,4
0.7462880403178911,0.8056578074992997,0.7866419294990723,0.7215496368038741,0.7508854781582054,0.825974025974026,0.1943673218400257,28,0.5523250699043274,4
0.749281422202531,0.8089292122773607,0.7866419294990723,0.7215496368038741,0.7508854781582054,0.825974025974026,0.19387717108456556,29,0.5378172397613525,4
0.7522609586575472,0.8128150609022591,0.7858032378580324,0.7223567393058918,0.7547846889952153,0.8194805194805195,0.1931956123958655,30,0.5385379195213318,4
0.7546479107246697,0.8161892049226116,0.7810126582278482,0.7207425343018563,0.7617283950617284,0.8012987012987013,0.19304656137829984,31,0.5356826782226562,4
0.7586686234873868,0.8187095296175652,0.7897371714643304,0.7288135593220338,0.7620772946859904,0.8194805194805195,0.19088918759598308,32,0.5335063934326172,4
0.7639298867443857,0.8217406179907587,0.805402087170043,0.7441485068603713,0.7636786961583236,0.8519480519480519,0.18875206935437366,33,0.5264835953712463,4
0.7674798548998975,0.8242537048486819,0.7975077881619937,0.7376916868442293,0.7664670658682635,0.8311688311688312,0.1874815823822817,34,0.5182517170906067,4
0.772514053111068,0.82630445816414,0.8076213890596189,0.7473769168684423,0.7666277712952159,0.8532467532467533,0.18592686091701585,35,0.5161253213882446,4
0.7758092653615042,0.8280711197170605,0.8058968058968059,0.744955609362389,0.7645687645687645,0.8519480519480519,0.18467894224613016,36,0.5064001083374023,4
0.7790352504638218,0.8319744295383883,0.8054354539839407,0.7457627118644068,0.767962308598351,0.8467532467532467,0.1837267514612387,37,0.5042386054992676,4
0.7795696840472959,0.8333550711515731,0.8042394014962594,0.7465698143664246,0.7733812949640287,0.8376623376623377,0.1834457809020954,38,0.5025641322135925,4
0.7816354221471493,0.8342708687068814,0.8086153846153846,0.7489911218724778,0.7684210526315789,0.8532467532467533,0.18283679201669478,39,0.49095162749290466,4
0.779170935674134,0.8335958112151992,0.7984981226533167,0.7401129943502824,0.7705314009661836,0.8285714285714286,0.18529157273026464,40,0.49362418055534363,4
0.7785700440284661,0.8338237880151069,0.7922159447583177,0.7328490718321227,0.7667071688942891,0.8194805194805195,0.1876454728201662,41,0.48749449849128723,4
0.7795475313598982,0.8350665124922808,0.7906683480453972,0.7320419693301049,0.7683823529411765,0.8142857142857143,0.18811437593881666,42,0.4854313135147095,4
0.7833854844515825,0.8379382483971188,0.7934508816120907,0.735270379338176,0.7701711491442543,0.8181818181818182,0.1865571475704609,43,0.4757334887981415,4
0.7925096225735885,0.8420258911603459,0.8223961468994582,0.7619047619047619,0.7665544332210998,0.887012987012987,0.18330728036908062,44,0.47338616847991943,4
0.7944285991194308,0.8451662749293151,0.8067754077791719,0.751412429378531,0.7803398058252428,0.8350649350649351,0.18050665548726263,45,0.4659964442253113,4
0.7981087143134051,0.8490840139702293,0.8017789072426937,0.7481840193704601,0.7848258706467661,0.8194805194805195,0.17984543513396095,46,0.4641083776950836,4
0.8006645806219368,0.8493216399818037,0.8213851761846902,0.7627118644067796,0.771689497716895,0.8779220779220779,0.1798966119519824,47,0.4629795253276825,4
0.8011048652839698,0.8510784211516441,0.8134747348721147,0.7586763518966909,0.7827130852340937,0.8467532467532467,0.17869363449324036,48,0.46056243777275085,4
0.7995790989394401,0.8508038389117049,0.8017845761631612,0.7489911218724778,0.7872340425531915,0.8168831168831169,0.18057388661219068,49,0.4541981816291809,4
0.8023218785478915,0.8508450543302524,0.823672971323978,0.7667473769168685,0.7767548906789413,0.8766233766233766,0.17978922328696717,50,0.45452094078063965,4
0.8018829784288206,0.8496649144519237,0.8209500609013398,0.7627118644067796,0.7729357798165137,0.8753246753246753,0.18105009564279237,51,0.4457066059112549,4
0.8032093705867693,0.8519787175962907,0.8123425692695214,0.7594834543987087,0.7885085574572127,0.8376623376623377,0.178909040155215,52,0.4393058717250824,4
0.811749231578656,0.8573579906600877,0.8221680876979294,0.7643260694108152,0.7740825688073395,0.8766233766233766,0.1768120022125163,53,0.43286916613578796,4
0.8121175200066457,0.8575338312549913,0.8226097414311485,0.7619047619047619,0.7659574468085106,0.8883116883116883,0.1797536812762168,54,0.43264517188072205,4
0.8123861213413452,0.8584317191435695,0.8183532369578881,0.7667473769168685,0.7929354445797807,0.8454545454545455,0.1757619338752268,55,0.4251549541950226,4
0.8105474482873205,0.8557473060457286,0.8069275176395125,0.7570621468926554,0.7972116603295311,0.8168831168831169,0.17729903246082648,56,0.4248630106449127,4
0.8147647661506936,0.8582448457696132,0.8213627992633518,0.7651331719128329,0.7788125727590222,0.8688311688311688,0.17614928400154997,57,0.4157368540763855,4
0.8162129980893307,0.859773927882222,0.8205445544554455,0.7659402744148507,0.7836879432624113,0.861038961038961,0.17442705228052777,58,0.42022988200187683,4
0.8172569434829563,0.8628638170588703,0.8150510204081632,0.7659402744148507,0.8007518796992481,0.8298701298701299,0.17332052676786103,59,0.42020562291145325,4
0.8234347741810428,0.8698697731423001,0.8257904525728457,0.7732041969330105,0.7900355871886121,0.8649350649350649,0.16989566748483972,60,0.41522419452667236,4
0.8221969927726857,0.8687211312063329,0.8261659600242277,0.768361581920904,0.7741203178206584,0.8857142857142857,0.17590373392700562,61,0.40578320622444153,4
0.8203057070860909,0.8653226769180411,0.8223039215686274,0.7659402744148507,0.7784222737819025,0.8714285714285714,0.17648296524905505,62,0.40815189480781555,4
0.8175338520754298,0.8631150927956872,0.8087012156110045,0.7586763518966909,0.7969735182849937,0.8207792207792208,0.17278420803973127,63,0.4050203263759613,4
0.8251792983136266,0.8699204958080192,0.821831869510665,0.7707828894269573,0.7949029126213593,0.8506493506493507,0.17008671267079356,64,0.40363189578056335,4
0.824529947664276,0.8709310189229038,0.8198142414860681,0.7651331719128329,0.7834319526627219,0.8597402597402597,0.17432053150862054,65,0.3992622494697571,4
0.8218203970869217,0.8692178286263748,0.8139825218476904,0.7594834543987087,0.7836538461538461,0.8467532467532467,0.177660426568088,66,0.3875877261161804,4
0.8257968044748429,0.8728204344777774,0.8228571428571428,0.774818401937046,0.8049689440993789,0.8415584415584415,0.17216426919071037,67,0.38421133160591125,4
0.8350012460886662,0.8791460104586708,0.8361858190709046,0.7836965294592413,0.789838337182448,0.8883116883116883,0.16848582072387314,68,0.38880911469459534,4
0.8329064325866031,0.8779071801966151,0.8354114713216958,0.7869249394673123,0.8033573141486811,0.8701298701298701,0.1667603327970467,69,0.39322587847709656,4
0.8239304405615706,0.8709905063500674,0.8201530612244898,0.7723970944309927,0.8057644110275689,0.8350649350649351,0.17293831082547692,70,0.3855079412460327,4
0.8225597430288261,0.8688014981511212,0.8161209068010076,0.7643260694108152,0.7921760391198044,0.8415584415584415,0.17467966378604435,71,0.38296759128570557,4
0.8277351646221582,0.8713045609475649,0.8290598290598291,0.7740112994350282,0.782258064516129,0.8818181818181818,0.17330743716014668,72,0.37669673562049866,4
0.8306648575305291,0.8743085908460353,0.8327137546468402,0.7820823244552058,0.7962085308056872,0.8727272727272727,0.16716254793241048,73,0.37564709782600403,4
0.82724503641348,0.8730061238267852,0.8270967741935484,0.7836965294592413,0.8217948717948718,0.8324675324675325,0.1670255909173643,74,0.36767932772636414,4
0.8279885359842715,0.8726833210096322,0.8313329121920404,0.784503631961259,0.8093480934809348,0.8545454545454545,0.1691821597861481,75,0.3780372440814972,4
0.8222191454600837,0.8688260538048846,0.8184653774173425,0.7651331719128329,0.787515006002401,0.8519480519480519,0.17839700540542222,76,0.35567983984947205,4
0.8303616426217706,0.8742247549001881,0.8290220820189275,0.7812752219531881,0.8061349693251534,0.8532467532467533,0.16981586055195833,77,0.36676833033561707,4
0.8319247916262842,0.8766555885310121,0.824967824967825,0.7804681194511703,0.8176020408163265,0.8324675324675325,0.16817873411744957,78,0.3685625195503235,4
0.8328787417273558,0.8780074460119822,0.8260869565217391,0.7804681194511703,0.8136020151133502,0.8389610389610389,0.16833714716626874,79,0.3646980822086334,4
0.8346744939495472,0.8803329577227366,0.8322065150583897,0.7796610169491526,0.7899649941656943,0.8792207792207792,0.1724056704698578,80,0.36506977677345276,4
0.8358901226705064,0.8821064111560438,0.8309772587584512,0.778046811945117,0.7887981330221704,0.8779220779220779,0.1719633990806922,81,0.3566252291202545,4
0.8321283194417523,0.8800744345946114,0.8210116731517509,0.7772397094430993,0.8199481865284974,0.8220779220779221,0.16860862108793379,82,0.35848042368888855,4
0.8320964749536177,0.8786582062756694,0.8236048749198204,0.778046811945117,0.8136882129277566,0.8337662337662337,0.16846800226737907,83,0.35883828997612,4
0.8344945033644393,0.8809519628834777,0.832,0.7796610169491526,0.7906432748538011,0.8779220779220779,0.17234801856644028,84,0.34709182381629944,4
0.8333730235649213,0.8822131951327881,0.8271057631412286,0.7796610169491526,0.8071693448702101,0.8480519480519481,0.17004411580065806,85,0.34871628880500793,4
0.8329881206213829,0.8826161820631233,0.8220937700706487,0.7764326069410815,0.8132147395171537,0.8311688311688312,0.1691489360176434,86,0.34363967180252075,4
0.8349846315731178,0.880924739233938,0.8309419837804117,0.7812752219531881,0.7995198079231692,0.8649350649350649,0.1699346914260393,87,0.35057976841926575,4
0.8347852573865366,0.8782708007993437,0.8311847759361571,0.778046811945117,0.7881257275902211,0.8792207792207792,0.17202190103485637,88,0.3371122181415558,4
0.8299144352449257,0.8751708412958465,0.8265107212475633,0.784503631961259,0.8270481144343304,0.825974025974026,0.16854407968904533,89,0.3494260311126709,4
0.8321380112424889,0.8771377304747574,0.8260309278350515,0.7820823244552058,0.819693094629156,0.8324675324675325,0.16901554222294635,90,0.3370427191257477,4
0.8353376900285217,0.8799774753297445,0.8306148055207027,0.7820823244552058,0.8033980582524272,0.8597402597402597,0.17057525105381094,91,0.34305351972579956,4
0.8368828399745244,0.8812447105678305,0.836341008089608,0.7877320419693301,0.8028673835125448,0.8727272727272727,0.17016256179013148,92,0.33722153306007385,4
0.8388281228366515,0.8846777272563999,0.8343868520859671,0.7885391444713479,0.812807881773399,0.8571428571428571,0.16655274147634735,93,0.34090784192085266,4
0.8349126353390746,0.8821786141128474,0.8342930262316058,0.7909604519774012,0.8221941992433796,0.8467532467532467,0.16873150903902545,94,0.338075190782547,4
0.8309002298341317,0.8797126497987586,0.8274111675126904,0.7804681194511703,0.8089330024813896,0.8467532467532467,0.17345457044215,95,0.33723944425582886,4
0.8335530141500291,0.8828179961260341,0.8329145728643216,0.7853107344632768,0.8065693430656934,0.861038961038961,0.1726903387976476,96,0.3335578143596649,4
0.8413092238252153,0.8902948189224369,0.838871473354232,0.7925746569814366,0.8109090909090909,0.8688311688311688,0.1667700619114507,97,0.3376387059688568,4
0.8429762135519066,0.8934271950731781,0.8333333333333334,0.7901533494753834,0.8227848101265823,0.8441558441558441,0.1647716239230647,98,0.3312404155731201,4
0.8360382687674799,0.8855998160431127,0.8301404853128991,0.7853107344632768,0.8165829145728644,0.8441558441558441,0.16978109699447155,99,0.3269534409046173,4
0.8323290781712958,0.8817550362544843,0.8258642765685019,0.7804681194511703,0.8143939393939394,0.8376623376623377,0.17316078757831518,100,0.3162318170070648,4
0.8343394345526542,0.8826516542425431,0.8306709265175719,0.7861178369652946,0.8176100628930818,0.8441558441558441,0.17165087752172664,101,0.3090563714504242,4
0.8375044997646278,0.8858470230251985,0.8347160178685387,0.7909604519774012,0.820577164366374,0.8493506493506493,0.17017369126495172,102,0.3122284412384033,4
0.8369479134937556,0.88629250982069,0.8331226295828066,0.7869249394673123,0.8115763546798029,0.8558441558441559,0.1710430037751492,103,0.3164771795272827,4
0.8321020131254673,0.883287443211511,0.8244846970643348,0.7732041969330105,0.7942238267148014,0.8571428571428571,0.1767048590274515,104,0.31767889857292175,4
0.8390441115387811,0.887067510528138,0.8303293971410814,0.7796610169491526,0.7961859356376639,0.8675324675324675,0.17146476007764472,105,0.3171103000640869,4
0.8393404037327277,0.8869599979574085,0.8278950735764555,0.7828894269572235,0.8158890290037831,0.8402597402597403,0.16795352749833353,106,0.31219103932380676,4
0.8350663196078975,0.8844443171694216,0.8243589743589743,0.7788539144471348,0.8139240506329114,0.8350649350649351,0.17254561036760035,107,0.3175070881843567,4
0.8310622213607288,0.8827424313532983,0.821969696969697,0.7723970944309927,0.7997542997542998,0.8454545454545455,0.17937923329504601,108,0.3036990165710449,4
0.8418505801235012,0.8903277656815507,0.8295454545454546,0.7820823244552058,0.8071253071253072,0.8532467532467533,0.17091839557711194,109,0.31319257616996765,4
0.8407858665854402,0.8916328002276377,0.8302130406714009,0.7877320419693301,0.8254172015404364,0.8350649350649351,0.16866849627773053,110,0.3103911280632019,4
0.8405754160551602,0.8906769749292138,0.8325849903784477,0.7893462469733656,0.8225602027883396,0.8428571428571429,0.1695338570862158,111,0.2987762987613678,4
0.8396228504970509,0.8892877302582128,0.825951341235184,0.774818401937046,0.7947178871548619,0.8597402597402597,0.17531197695900358,112,0.3003042936325073,4
0.8430163652978151,0.8921486260968431,0.8366179275270185,0.7925746569814366,0.8194271481942715,0.8545454545454545,0.16873139247944546,113,0.3120926320552826,4
0.8432725057458532,0.8933275843096984,0.8347160178685387,0.7909604519774012,0.820577164366374,0.8493506493506493,0.16824579866648975,114,0.2967788875102997,4
0.8407429457536066,0.8902585206378281,0.8277202072538861,0.7853107344632768,0.8255813953488372,0.8298701298701299,0.17042654756751588,115,0.3115731179714203,4
0.8335585523218787,0.8841023469000746,0.8170809432759719,0.768361581920904,0.8022528160200251,0.8324675324675325,0.17897569105711567,116,0.29447677731513977,4
0.837648492232714,0.8861392019830132,0.8305732484076433,0.7853107344632768,0.815,0.8467532467532467,0.17413848117744773,117,0.30012816190719604,4
0.8405698778833107,0.8886890854346774,0.8288401253918495,0.7796610169491526,0.8012121212121213,0.8584415584415584,0.174469272639707,118,0.28376317024230957,4
0.8414476781214522,0.8907448482211109,0.8341836734693877,0.7901533494753834,0.8195488721804511,0.8493506493506493,0.1729124588215131,119,0.2936811149120331,4
0.8402182039708692,0.8905074044892013,0.8274534958306606,0.7828894269572235,0.8174904942965779,0.8376623376623377,0.17386096058869618,120,0.28848618268966675,4
0.8362501038407222,0.8877592193300334,0.8206419131529263,0.7699757869249395,0.796092796092796,0.8467532467532467,0.1807400243304489,121,0.280435174703598,4
0.8415169052695706,0.8909413034479837,0.8267170762444864,0.778046811945117,0.802937576499388,0.8519480519480519,0.17597796856597384,122,0.30659589171409607,4
0.8421316423448619,0.8918407181142947,0.8289308176100629,0.7804681194511703,0.8036585365853659,0.8558441558441559,0.17502063313518895,123,0.2824399173259735,4
0.8404341926729987,0.8900211054919982,0.8268864933417882,0.7796610169491526,0.8079306071871127,0.8467532467532467,0.17485911868298112,124,0.28524598479270935,4
0.8391991803505663,0.8894092360278051,0.8217252396166134,0.774818401937046,0.8088050314465409,0.8350649350649351,0.17555605007921785,125,0.27095744013786316,4
0.8366848503309058,0.8876208228329253,0.8231552162849872,0.7756255044390638,0.8067331670822943,0.8402597402597403,0.1787337755866855,126,0.2826789617538452,4
0.8394927034585882,0.8892690062707967,0.8257575757575758,0.7772397094430993,0.8034398034398035,0.8493506493506493,0.17657655781154147,127,0.2763628661632538,4
0.8398166865117824,0.8888210802601836,0.8284829721362229,0.7764326069410815,0.7917159763313609,0.8688311688311688,0.17879652850955324,128,0.28107309341430664,4
0.8391576440616952,0.8892647792481352,0.8271446862996159,0.7820823244552058,0.8156565656565656,0.8389610389610389,0.17449644886036694,129,0.2946668863296509,4
0.8362528729266469,0.886985004996456,0.8222506393861893,0.7756255044390638,0.809823677581864,0.8350649350649351,0.1784427461003753,130,0.2737090289592743,4
0.827527483177803,0.8819613009039611,0.8139240506329114,0.7627118644067796,0.7938271604938272,0.8350649350649351,0.18993332672855723,131,0.27628597617149353,4
0.8343532799822778,0.8866686985540085,0.821882951653944,0.7740112994350282,0.8054862842892768,0.8389610389610389,0.17998181412680098,132,0.2897213101387024,4
0.8380832387228976,0.8904319597298656,0.8275862068965517,0.7820823244552058,0.8140703517587939,0.8415584415584415,0.17736405153662285,133,0.27261340618133545,4
